frame_ms,focused,elapsed,CPU Main Thread Frame Time,CPU Render Thread Frame Time,CPU Total Frame Time,PlayerLoop,WaitForTargetFPS,Gfx.WaitForPresentOnGfxThread,Gfx.WaitForGfxCommandsFromMainThread
16.6639,1.0000,407.9214,1.2580,0.2549,16.6669,16.6464,15.1522,0.0008,-1.0000
16.6695,1.0000,407.9379,1.2084,0.2669,16.6554,16.6694,15.3547,0.0010,-1.0000
16.6668,1.0000,407.9548,1.1160,0.2835,16.6863,16.6569,15.5019,0.0009,-1.0000
16.6644,1.0000,407.9712,1.3553,0.3431,16.6643,16.6515,15.2127,0.0012,-1.0000
16.6690,1.0000,407.9881,1.4933,0.2552,16.6538,16.6706,15.6320,0.0007,-1.0000
16.6671,1.0000,408.0047,1.3138,0.2530,16.6758,16.6600,15.2700,0.0012,-1.0000
16.6643,1.0000,408.0212,1.1538,0.2691,16.6656,16.6492,15.4082,0.0013,-1.0000
16.6698,1.0000,408.0379,1.4375,0.2490,16.6592,16.6729,15.4382,0.0007,-1.0000
16.6662,1.0000,408.0547,1.0377,0.2849,16.6763,16.6570,15.4314,0.0012,-1.0000
16.6669,1.0000,408.0714,1.3889,0.2971,16.6675,16.6579,15.4357,0.0009,-1.0000
16.6671,1.0000,408.0880,1.2396,0.2628,16.6560,16.6615,15.2799,0.0012,-1.0000
16.6660,1.0000,408.1049,1.2337,0.2790,16.6799,16.6535,15.3161,0.0013,-1.0000
16.6669,1.0000,408.1213,1.2244,0.2648,16.6660,16.6567,15.1857,0.0014,-1.0000
16.6681,1.0000,408.1379,1.2212,0.3146,16.6675,16.6627,15.4421,0.0012,-1.0000
16.6642,1.0000,408.1547,1.3802,0.2987,16.6697,16.6491,15.4418,0.0010,-1.0000
16.6666,1.0000,408.1713,1.3362,0.2648,16.6633,16.6590,15.3290,0.0012,-1.0000
16.6687,1.0000,408.1881,1.4694,0.2663,16.6642,16.6668,15.3411,0.0008,-1.0000
16.6654,1.0000,408.2047,1.2193,0.2609,16.6721,16.6501,15.2142,0.0013,-1.0000
16.6643,1.0000,408.2214,1.2062,0.2649,16.6585,16.6563,15.4261,0.0013,-1.0000
16.6700,1.0000,408.2379,1.3286,0.3545,16.6656,16.6664,15.5337,0.0008,-1.0000
16.6654,1.0000,408.2546,1.3243,0.2461,16.6763,16.6545,15.3134,0.0015,-1.0000
16.6677,1.0000,408.2714,1.4345,0.2691,16.6583,16.6492,15.3969,0.0011,-1.0000
16.6682,1.0000,408.2880,1.2291,0.2272,16.6632,16.6642,15.3365,0.0012,-1.0000
16.6646,1.0000,408.3047,1.1320,0.2922,16.6741,16.6523,15.3599,0.0010,-1.0000
16.6649,1.0000,408.3213,1.3397,0.2420,16.6745,16.6485,15.3219,0.0011,-1.0000
16.6707,1.0000,408.3380,1.2510,0.2835,16.6577,16.6778,15.4953,0.0012,-1.0000
16.6657,1.0000,408.3547,1.3264,0.2674,16.6725,16.6529,15.3522,0.0011,-1.0000
16.6660,1.0000,408.3713,1.2913,0.2611,16.6614,16.6526,15.3588,0.0013,-1.0000
16.6693,1.0000,408.3882,1.3254,0.2328,16.6546,16.6740,15.4084,0.0011,-1.0000
16.6664,1.0000,408.4048,1.1811,0.2695,16.6867,16.6512,14.9272,0.0012,-1.0000
16.6657,1.0000,408.4214,1.2993,0.2566,16.6633,16.6479,15.0680,0.0012,-1.0000
16.6690,1.0000,408.4381,1.2925,0.2905,16.6599,16.6668,15.2870,0.0010,-1.0000
16.6635,1.0000,408.4547,1.2644,0.3404,16.6848,16.6398,15.0657,0.0011,-1.0000
16.6645,1.0000,408.4713,1.7230,0.3096,16.6639,16.6470,15.3595,0.0012,-1.0000
16.6702,1.0000,408.4880,1.5789,0.2875,16.6579,16.6723,15.6233,0.0009,-1.0000
16.6669,1.0000,408.5048,1.3791,0.3060,16.6811,16.6635,15.4068,0.0011,-1.0000
16.6636,1.0000,408.5213,1.5733,0.2952,16.6512,16.6411,15.2210,0.0011,-1.0000
16.6672,1.0000,408.5379,1.2864,0.2604,16.6536,16.6646,15.4858,0.0008,-1.0000
16.6678,1.0000,408.5547,1.0478,0.3306,16.6802,16.6662,15.4905,0.0009,-1.0000
16.6656,1.0000,408.5714,1.2553,0.2896,16.6736,16.6453,15.3928,0.0011,-1.0000
16.6685,1.0000,408.5880,1.4192,0.2482,16.6484,16.6680,15.3557,0.0010,-1.0000
16.6684,1.0000,408.6048,1.1779,0.2870,16.6716,16.6621,15.4316,0.0011,-1.0000
16.6621,1.0000,408.6212,1.1747,0.2480,16.6768,16.6387,15.2334,0.0013,-1.0000
16.6710,1.0000,408.6379,1.2514,0.2496,16.6539,16.6775,15.7234,0.0010,-1.0000
16.6676,1.0000,408.6547,1.3111,0.3053,16.6767,16.6575,15.2962,0.0011,-1.0000
16.6665,1.0000,408.6714,1.2294,0.2778,16.6723,16.6569,15.3077,0.0011,-1.0000
16.6658,1.0000,408.6880,1.4040,0.2117,16.6451,16.6556,15.3137,0.0011,-1.0000
16.6673,1.0000,408.7047,0.9530,0.3234,16.6855,16.6596,15.3968,0.0012,-1.0000
16.6655,1.0000,408.7213,1.3600,0.2512,16.6666,16.6546,15.2570,0.0010,-1.0000
16.6670,1.0000,408.7379,1.3478,0.2835,16.6656,16.6611,15.4209,0.0008,-1.0000
16.6670,1.0000,408.7546,1.3407,0.2886,16.6640,16.6589,15.4093,0.0014,-1.0000
16.6644,1.0000,408.7713,1.2611,0.2674,16.6683,16.6512,15.4756,0.0011,-1.0000
16.6675,1.0000,408.7880,1.3964,0.2585,16.6624,16.6636,15.3863,0.0008,-1.0000
16.6677,1.0000,408.8047,1.2390,0.2662,16.6691,16.6649,15.4037,0.0010,-1.0000
16.6676,1.0000,408.8214,1.2483,0.2423,16.6666,16.6565,15.3556,0.0011,-1.0000
16.6648,1.0000,408.8379,1.1744,0.3418,16.6577,16.6563,15.3843,0.0014,-1.0000
16.6670,1.0000,408.8546,1.2767,0.2610,16.6708,16.6620,15.5278,0.0008,-1.0000
16.6672,1.0000,408.8713,1.2599,0.2574,16.6723,16.6589,15.4408,0.0009,-1.0000
16.6666,1.0000,408.8879,1.2996,0.2597,16.6644,16.6563,15.4206,0.0015,-1.0000
16.6680,1.0000,408.9047,1.2703,0.2710,16.6629,16.6668,15.5358,0.0011,-1.0000
16.6675,1.0000,408.9213,1.1332,0.2702,16.6696,16.6603,15.4011,0.0011,-1.0000
16.6630,1.0000,408.9378,1.2173,0.2514,16.6660,16.6450,15.3486,0.0011,-1.0000
16.6708,1.0000,408.9548,1.2345,0.2818,16.6635,16.6762,15.7394,0.0009,-1.0000
16.6640,1.0000,408.9714,1.1299,0.2696,16.6741,16.6495,15.1088,0.0013,-1.0000
16.6695,1.0000,408.9881,1.2580,0.2389,16.6687,16.6664,15.3908,0.0011,-1.0000
16.6677,1.0000,409.0047,1.2953,0.2673,16.6517,16.6628,15.3061,0.0012,-1.0000
16.6653,1.0000,409.0213,0.9356,0.2752,16.6829,16.6516,15.3539,0.0011,-1.0000
16.6648,1.0000,409.0379,1.5394,0.2804,16.6579,16.6535,15.3757,0.0012,-1.0000
16.6692,1.0000,409.0547,1.2742,0.2635,16.6743,16.6683,15.5003,0.0007,-1.0000
16.6661,1.0000,409.0714,1.3552,0.2719,16.6730,16.6546,15.3369,0.0010,-1.0000
16.6639,1.0000,409.0879,1.2966,0.2752,16.6599,16.6455,15.3241,0.0013,-1.0000
16.6670,1.0000,409.1046,1.2764,0.2477,16.6621,16.6611,15.5997,0.0009,-1.0000
16.6698,1.0000,409.1215,1.1672,0.3256,16.6769,16.6706,15.4981,0.0012,-1.0000
16.6631,1.0000,409.1378,1.3164,0.2918,16.6635,16.6445,15.2914,0.0014,-1.0000
16.6676,1.0000,409.1546,1.3202,0.2661,16.6529,16.6635,15.6795,0.0012,-1.0000
16.6692,1.0000,409.1714,1.0604,0.2594,16.6674,16.6754,15.5569,0.0008,-1.0000
16.6635,1.0000,409.1880,1.1712,0.2980,16.6794,16.6402,15.2353,0.0011,-1.0000
16.6680,1.0000,409.2047,1.3517,0.2570,16.6513,16.6625,15.5771,0.0009,-1.0000
16.6688,1.0000,409.2213,0.9827,0.2807,16.6684,16.6710,15.4333,0.0010,-1.0000
16.6645,1.0000,409.2379,1.1175,0.3049,16.6853,16.6496,15.4333,0.0012,-1.0000
16.6701,1.0000,409.2547,1.4040,0.2470,16.6480,16.6693,15.4784,0.0010,-1.0000
16.6657,1.0000,409.2713,1.0845,0.2966,16.6693,16.6539,15.3590,0.0010,-1.0000
16.6657,1.0000,409.2880,1.2366,0.2890,16.6788,16.6556,15.3728,0.0012,-1.0000
16.6658,1.0000,409.3047,1.2152,0.2472,16.6582,16.6523,15.3940,0.0013,-1.0000
16.6715,1.0000,409.3215,1.1894,0.2571,16.6770,16.6755,15.2885,0.0008,-1.0000
16.6639,1.0000,409.3379,1.2938,0.3310,16.6639,16.6469,15.0674,0.0012,-1.0000
16.6631,1.0000,409.3546,1.2815,0.3236,16.6647,16.6448,15.4408,0.0010,-1.0000
16.6697,1.0000,409.3713,1.2570,0.3278,16.6595,16.6719,15.7096,0.0008,-1.0000
16.6679,1.0000,409.3880,1.3858,0.2929,16.6865,16.6635,15.4176,0.0011,-1.0000
16.6660,1.0000,409.4048,1.5782,0.2865,16.6564,16.6617,15.3826,0.0012,-1.0000
16.6661,1.0000,409.4214,1.2031,0.2340,16.6509,16.6498,15.2673,0.0014,-1.0000
16.6671,1.0000,409.4379,0.9614,0.3136,16.6782,16.6595,15.3001,0.0013,-1.0000
16.6634,1.0000,409.4546,1.2446,0.2923,16.6715,16.6463,15.4830,0.0011,-1.0000
16.6709,1.0000,409.4714,1.2779,0.2575,16.6714,16.6746,15.6805,0.0010,-1.0000
16.6660,1.0000,409.4881,1.3809,0.2790,16.6587,16.6544,15.2404,0.0011,-1.0000
16.6639,1.0000,409.5046,1.3579,0.2599,16.6681,16.6501,15.2792,0.0012,-1.0000
16.6684,1.0000,409.5213,1.1620,0.2375,16.6529,16.6663,15.6084,0.0010,-1.0000
16.6664,1.0000,409.5379,0.9930,0.2842,16.6832,16.6607,15.5201,0.0012,-1.0000
16.6647,1.0000,409.5546,1.4129,0.2788,16.6622,16.6494,15.4453,0.0011,-1.0000
16.6691,1.0000,409.5714,1.3699,0.2574,16.6567,16.6700,15.6310,0.0011,-1.0000
16.6691,1.0000,409.5880,1.0570,0.2450,16.6722,16.6668,15.3207,0.0011,-1.0000
16.6661,1.0000,409.6049,1.1395,0.2642,16.6687,16.6607,15.3587,0.0011,-1.0000
16.6668,1.0000,409.6213,1.2031,0.2447,16.6550,16.6507,14.7145,0.0015,-1.0000
16.6667,1.0000,409.6379,1.0378,0.3070,16.6757,16.6595,15.3804,0.0013,-1.0000
16.6640,1.0000,409.6547,1.3445,0.3127,16.6741,16.6477,15.4901,0.0009,-1.0000
16.6705,1.0000,409.6714,1.3008,0.4347,16.6722,16.6737,15.4886,0.0012,-1.0000
16.6661,1.0000,409.6880,1.9346,0.2587,16.6612,16.6522,15.3732,0.0011,-1.0000
16.6650,1.0000,409.7047,1.2777,0.2604,16.6678,16.6574,15.4033,0.0011,-1.0000
16.6665,1.0000,409.7213,1.1567,0.2498,16.6556,16.6521,15.3215,0.0014,-1.0000
16.6663,1.0000,409.7379,1.1837,0.2696,16.6829,16.6610,15.5747,0.0009,-1.0000
16.6682,1.0000,409.7547,1.2778,0.2496,16.6618,16.6665,15.4150,0.0009,-1.0000
16.6672,1.0000,409.7714,1.2531,0.3023,16.6665,16.6551,15.2589,0.0012,-1.0000
16.6667,1.0000,409.7880,1.3292,0.2623,16.6591,16.6564,15.2288,0.0013,-1.0000
16.6648,1.0000,409.8047,1.0853,0.2803,16.6681,16.6533,15.3001,0.0013,-1.0000
16.6690,1.0000,409.8214,1.2506,0.3189,16.6751,16.6669,15.4909,0.0009,-1.0000
16.6658,1.0000,409.8379,1.3950,0.2856,16.6635,16.6535,15.1832,0.0012,-1.0000
16.6643,1.0000,409.8546,1.4260,0.3156,16.6650,16.6509,15.5423,0.0012,-1.0000
16.6687,1.0000,409.8714,1.3521,0.2707,16.6605,16.6714,15.7386,0.0008,-1.0000
16.6672,1.0000,409.8880,1.1749,0.3285,16.6762,16.6564,15.3216,0.0010,-1.0000
16.6660,1.0000,409.9047,1.4691,0.2804,16.6612,16.6555,15.4359,0.0011,-1.0000
16.6675,1.0000,409.9213,1.1073,0.2574,16.6570,16.6660,15.3966,0.0011,-1.0000
16.6678,1.0000,409.9379,0.9321,0.2542,16.6784,16.6617,15.2291,0.0012,-1.0000
16.6671,1.0000,409.9547,1.3334,0.2840,16.6650,16.6710,15.3798,0.0008,-1.0000
16.6668,1.0000,409.9714,1.2186,0.2704,16.6622,16.6430,15.0736,0.0013,-1.0000
16.6680,1.0000,409.9881,1.2682,0.2795,16.6732,16.6620,15.2427,0.0013,-1.0000
16.6631,1.0000,410.0046,1.4313,0.2466,16.6707,16.6457,15.3248,0.0012,-1.0000
16.6689,1.0000,410.0214,1.2902,0.3433,16.6807,16.6699,15.4182,0.0009,-1.0000
16.6687,1.0000,410.0380,1.5680,0.2841,16.6516,16.6620,15.3367,0.0012,-1.0000
16.6616,1.0000,410.0546,1.4176,0.3012,16.6715,16.6379,15.2230,0.0010,-1.0000
16.6685,1.0000,410.0714,1.3198,0.3224,16.6544,16.6653,15.5843,0.0010,-1.0000
16.6691,1.0000,410.0881,1.2505,0.2720,16.6786,16.6688,15.3736,0.0013,-1.0000
16.6660,1.0000,410.1047,1.3240,0.2674,16.6735,16.6568,15.2899,0.0013,-1.0000
16.6667,1.0000,410.1214,1.4140,0.2371,16.6450,16.6566,15.3765,0.0012,-1.0000
16.6650,1.0000,410.1379,1.0800,0.2777,16.6713,16.6505,15.3321,0.0012,-1.0000
16.6663,1.0000,410.1547,1.2938,0.3012,16.6770,16.6586,15.5219,0.0013,-1.0000
16.6663,1.0000,410.1714,1.3655,0.2895,16.6666,16.6571,15.4376,0.0009,-1.0000
16.6683,1.0000,410.1880,1.2789,0.2662,16.6654,16.6665,15.4010,0.0010,-1.0000
16.6650,1.0000,410.2046,1.3171,0.3098,16.6587,16.6492,15.3855,0.0012,-1.0000
16.6662,1.0000,410.2213,1.1355,0.2634,16.6663,16.6593,15.5670,0.0008,-1.0000
16.6691,1.0000,410.2380,1.2183,0.2856,16.6650,16.6707,15.5166,0.0011,-1.0000
16.6640,1.0000,410.2546,1.2646,0.2571,16.6744,16.6460,15.4558,0.0009,-1.0000
16.6682,1.0000,410.2713,1.2624,0.2638,16.6560,16.6688,15.7709,0.0008,-1.0000
16.6677,1.0000,410.2880,1.0916,0.2841,16.6651,16.6637,15.4634,0.0012,-1.0000
16.6672,1.0000,410.3047,1.1529,0.2531,16.6793,16.6597,15.3867,0.0011,-1.0000
16.6684,1.0000,410.3214,1.1892,0.2183,16.6514,16.6606,15.4288,0.0011,-1.0000
16.6666,1.0000,410.3380,0.8972,0.2587,16.6743,16.6616,15.0713,0.0010,-1.0000
16.6657,1.0000,410.3547,1.1990,0.3018,16.6716,16.6497,15.4707,0.0011,-1.0000
16.6669,1.0000,410.3714,1.2715,0.2590,16.6691,16.6599,15.4324,0.0011,-1.0000
16.6669,1.0000,410.3880,1.2304,0.3208,16.6698,16.6599,15.3967,0.0016,-1.0000
16.6660,1.0000,410.4048,1.5893,0.2821,16.6714,16.6508,15.2846,0.0011,-1.0000
16.6652,1.0000,410.4215,1.1779,0.3109,16.6595,16.6516,15.2601,0.0010,-1.0000
16.6693,1.0000,410.4380,1.2266,0.2743,16.6689,16.6675,14.8872,0.0013,-1.0000
16.6652,1.0000,410.4547,1.2617,0.3038,16.6707,16.6566,15.4986,0.0012,-1.0000
16.6655,1.0000,410.4713,1.3651,0.2949,16.6596,16.6495,15.3037,0.0013,-1.0000
16.6693,1.0000,410.4882,1.3908,0.2800,16.6588,16.6702,15.5497,0.0007,-1.0000
16.6666,1.0000,410.5047,1.7788,0.2693,16.6757,16.6569,15.2409,0.0013,-1.0000
16.6635,1.0000,410.5212,1.1568,0.2957,16.6655,16.6442,15.3436,0.0012,-1.0000
16.6689,1.0000,410.5380,1.3447,0.2594,16.6571,16.6798,15.6908,0.0010,-1.0000
16.6669,1.0000,410.5547,1.1196,0.2618,16.6787,16.6515,15.3609,0.0011,-1.0000
16.6645,1.0000,410.5713,1.4147,0.2529,16.6665,16.6459,15.4164,0.0011,-1.0000
16.6723,1.0000,410.5882,1.2994,0.2863,16.6507,16.6452,15.6001,0.0011,-1.0000
16.6647,1.0000,410.6049,0.9882,0.2801,16.6875,16.6529,15.1261,0.0014,-1.0000
16.6668,1.0000,410.6214,1.2892,0.2703,16.6602,16.6574,14.9826,0.0010,-1.0000
16.6669,1.0000,410.6380,1.2284,0.2287,16.6871,16.6571,15.3397,0.0011,-1.0000
16.6716,1.0000,410.6549,1.0438,0.2692,16.6541,16.6754,15.4311,0.0015,-1.0000
16.6592,1.0000,410.6714,1.5252,0.3018,16.6636,16.6248,15.0381,0.0011,-1.0000
16.6649,1.0000,410.6880,1.6735,0.2929,16.6666,16.6830,15.4709,0.0012,-1.0000
16.6708,1.0000,410.7047,1.3161,0.3095,16.6660,16.6436,15.6398,0.0009,-1.0000
16.6655,1.0000,410.7213,1.2422,0.3040,16.6882,16.6566,15.2670,0.0010,-1.0000
16.6643,1.0000,410.7379,1.5856,0.2586,16.6353,16.6476,15.4634,0.0009,-1.0000
16.6696,1.0000,410.7547,1.2110,0.2448,16.6893,16.6756,15.6477,0.0008,-1.0000
16.6651,1.0000,410.7713,1.0025,0.2550,16.6502,16.6512,15.4232,0.0010,-1.0000
16.6666,1.0000,410.7880,1.3888,0.2644,16.6637,16.6581,15.5213,0.0011,-1.0000
16.6671,1.0000,410.8048,1.1832,0.2605,16.6530,16.6630,15.5175,0.0010,-1.0000
16.6669,1.0000,410.8214,1.0268,0.2506,16.6836,16.6578,15.3313,0.0014,-1.0000
16.6667,1.0000,410.8379,1.2271,0.2417,16.6603,16.6585,15.3785,0.0012,-1.0000
16.6707,1.0000,410.8547,1.1357,0.2745,16.6641,16.6700,15.6123,0.0011,-1.0000
16.7986,1.0000,410.8715,1.1446,0.2616,16.6706,16.7884,15.3835,0.0012,-1.0000
16.6668,1.0000,410.8882,1.3252,0.2626,16.6654,16.6613,15.4055,0.0013,-1.0000
16.6672,1.0000,410.9052,1.2790,0.2658,16.6657,16.6531,15.3823,0.0011,-1.0000
16.6671,1.0000,410.9216,1.0565,0.2857,16.6788,16.6644,14.8940,0.0013,-1.0000
16.6665,1.0000,410.9381,1.4040,0.2599,16.7980,16.6492,15.3477,0.0010,-1.0000
16.6667,1.0000,410.9549,1.2544,0.2714,16.6704,16.6585,15.4236,0.0014,-1.0000
16.6661,1.0000,410.9715,1.2695,0.3012,16.6626,16.6550,15.2998,0.0012,-1.0000
16.6640,1.0000,410.9881,1.7689,0.2948,16.6758,16.6483,15.3981,0.0012,-1.0000
16.6662,1.0000,411.0048,1.3001,0.3009,16.6595,16.6619,15.5825,0.0010,-1.0000
16.6696,1.0000,411.0215,1.2333,0.2964,16.6674,16.6710,15.6059,0.0012,-1.0000
16.6641,1.0000,411.0380,1.3539,0.2507,16.6633,16.6468,15.4450,0.0010,-1.0000
16.6697,1.0000,411.0549,1.2490,0.2701,16.6543,16.6715,15.7850,0.0009,-1.0000
16.6672,1.0000,411.0716,1.0783,0.2434,16.6678,16.6566,15.2605,0.0014,-1.0000
16.6639,1.0000,411.0882,1.0638,0.2974,16.6796,16.6559,15.3437,0.0012,-1.0000
16.6672,1.0000,411.1048,1.2007,0.2539,16.6540,16.6557,15.5363,0.0007,-1.0000
16.6686,1.0000,411.1216,0.8853,0.3059,16.6792,16.6699,15.2476,0.0012,-1.0000
16.6669,1.0000,411.1383,1.3945,0.2550,16.6647,16.6539,15.2480,0.0013,-1.0000
16.6673,1.0000,411.1549,1.3110,0.2483,16.6642,16.6592,14.8388,0.0013,-1.0000
16.6676,1.0000,411.1715,1.1186,0.3355,16.6626,16.6593,15.3112,0.0010,-1.0000
16.6639,1.0000,411.1882,1.4209,0.3237,16.6790,16.6491,15.3795,0.0012,-1.0000
16.6687,1.0000,411.2049,1.4045,0.2855,16.6636,16.6616,15.3806,0.0010,-1.0000
16.6664,1.0000,411.2215,1.8190,0.2784,16.6689,16.6562,15.2817,0.0013,-1.0000
16.6638,1.0000,411.2381,1.3466,0.2880,16.6703,16.6484,15.3431,0.0012,-1.0000
16.6670,1.0000,411.2548,1.2684,0.2706,16.6571,16.6594,15.5071,0.0009,-1.0000
16.6684,1.0000,411.2715,1.2798,0.3019,16.6709,16.6690,15.4854,0.0011,-1.0000
16.6660,1.0000,411.2881,1.3734,0.2942,16.6658,16.6536,15.4666,0.0012,-1.0000
16.6651,1.0000,411.3047,1.3043,0.2554,16.6557,16.6557,15.4937,0.0008,-1.0000
16.6702,1.0000,411.3216,1.1517,0.2751,16.6665,16.6710,15.6789,0.0009,-1.0000
16.6647,1.0000,411.3381,1.1825,0.2507,16.6757,16.6551,15.3149,0.0014,-1.0000
16.6667,1.0000,411.3549,1.1857,0.2893,16.6609,16.6564,15.5755,0.0008,-1.0000
16.6684,1.0000,411.3715,1.1611,0.2125,16.6619,16.6666,15.3489,0.0009,-1.0000
16.6645,1.0000,411.3881,0.9909,0.2932,16.6778,16.6494,15.3209,0.0011,-1.0000
16.6706,1.0000,411.4049,1.3386,0.2615,16.6642,16.6724,15.5092,0.0010,-1.0000
16.6657,1.0000,411.4216,1.0801,0.3052,16.6642,16.6588,15.2810,0.0013,-1.0000
16.6668,1.0000,411.4381,1.3164,0.2512,16.6742,16.6553,15.2728,0.0012,-1.0000
16.6662,1.0000,411.4549,1.3271,0.2521,16.6563,16.6552,15.4948,0.0010,-1.0000
16.6675,1.0000,411.4716,1.1618,0.3252,16.6804,16.6603,15.2609,0.0010,-1.0000
16.6654,1.0000,411.4883,1.3763,0.2720,16.6690,16.6480,15.2627,0.0013,-1.0000
16.6647,1.0000,411.5048,1.3810,0.3101,16.6645,16.6524,15.2930,0.0010,-1.0000
16.6690,1.0000,411.5216,1.1594,0.3118,16.6650,16.6710,15.5968,0.0009,-1.0000
16.6652,1.0000,411.5381,1.3982,0.2968,16.6704,16.6517,15.3425,0.0012,-1.0000
16.6660,1.0000,411.5548,1.3836,0.2427,16.6572,16.6589,15.5877,0.0012,-1.0000
16.6700,1.0000,411.5716,1.3584,0.2848,16.6583,16.6710,15.5805,0.0009,-1.0000
16.6662,1.0000,411.5882,1.0732,0.3177,16.6787,16.6513,15.3011,0.0013,-1.0000
16.6653,1.0000,411.6049,1.3081,0.2273,16.6592,16.6576,15.4312,0.0009,-1.0000
16.6682,1.0000,411.6215,1.0700,0.2585,16.6649,16.6641,15.3203,0.0011,-1.0000
16.6656,1.0000,411.6381,1.0893,0.3174,16.6798,16.6572,15.3643,0.0011,-1.0000
16.6652,1.0000,411.6548,1.3489,0.2602,16.6593,16.6525,15.5724,0.0010,-1.0000
16.6734,1.0000,411.6717,1.2254,0.2686,16.6643,16.6868,15.4181,0.0010,-1.0000
16.6629,1.0000,411.6882,1.3424,0.3218,16.6718,16.6380,14.9800,0.0012,-1.0000
16.6693,1.0000,411.7049,1.2918,0.2447,16.6648,16.6610,15.3015,0.0015,-1.0000
16.6645,1.0000,411.7216,1.0793,0.2800,16.6596,16.6584,14.9247,0.0013,-1.0000
16.6676,1.0000,411.7382,1.2674,0.3514,16.6971,16.6575,15.3614,0.0011,-1.0000
16.6636,1.0000,411.7548,1.6568,0.2621,16.6479,16.6446,15.0837,0.0014,-1.0000
16.6664,1.0000,411.7715,1.3578,0.3473,16.6693,16.6608,15.5266,0.0009,-1.0000
16.6689,1.0000,411.7882,1.7324,0.2891,16.6681,16.6622,15.3396,0.0010,-1.0000
16.6662,1.0000,411.8048,1.2946,0.3419,16.6675,16.6598,15.2520,0.0013,-1.0000
16.6648,1.0000,411.8215,1.5594,0.2588,16.6526,16.6526,15.3848,0.0010,-1.0000
16.6681,1.0000,411.8381,1.1331,0.2745,16.6679,16.6676,15.4759,0.0012,-1.0000
16.6689,1.0000,411.8549,1.3251,0.2972,16.6703,16.6625,15.3368,0.0011,-1.0000
16.6627,1.0000,411.8713,1.4060,0.2590,16.6674,16.6405,15.3731,0.0012,-1.0000
16.6696,1.0000,411.8882,1.2669,0.2291,16.6600,16.6756,15.7870,0.0010,-1.0000
16.6669,1.0000,411.9048,1.1906,0.3195,16.6743,16.6612,15.2740,0.0012,-1.0000
16.6633,1.0000,411.9214,1.3242,0.2856,16.6716,16.6418,15.3261,0.0010,-1.0000
16.6714,1.0000,411.9381,1.2664,0.2217,16.6476,16.6802,15.7525,0.0009,-1.0000
16.6683,1.0000,411.9550,0.8875,0.2678,16.6816,16.6645,15.4468,0.0010,-1.0000
16.6651,1.0000,411.9716,1.3859,0.2662,16.6707,16.6439,15.1738,0.0011,-1.0000
16.6656,1.0000,411.9884,1.3147,0.2309,16.6475,16.6552,15.1750,0.0013,-1.0000
16.6673,1.0000,412.0049,0.9268,0.3151,16.6879,16.6582,15.1064,0.0010,-1.0000
16.6668,1.0000,412.0215,1.2163,0.2886,16.6773,16.6579,15.3056,0.0013,-1.0000
16.6642,1.0000,412.0381,1.4687,0.2902,16.6561,16.6475,15.3369,0.0013,-1.0000
16.6695,1.0000,412.0549,1.4784,0.3070,16.6654,16.6688,15.5341,0.0013,-1.0000
16.6666,1.0000,412.0717,1.5506,0.3060,16.6660,16.6565,15.3262,0.0010,-1.0000
16.6660,1.0000,412.0882,1.3509,0.2699,16.6679,16.6542,15.0857,0.0012,-1.0000
16.6684,1.0000,412.1049,1.3092,0.2742,16.6554,16.6620,15.4175,0.0010,-1.0000
16.6649,1.0000,412.1215,1.1334,0.2963,16.6769,16.6522,15.3856,0.0013,-1.0000
16.6660,1.0000,412.1381,1.3289,0.3239,16.6667,16.6563,15.4379,0.0010,-1.0000
16.6678,1.0000,412.1548,1.5672,0.2834,16.6631,16.6626,15.5684,0.0007,-1.0000
16.6669,1.0000,412.1715,1.2434,0.2566,16.6706,16.6600,15.4651,0.0010,-1.0000
16.6657,1.0000,412.1881,1.2653,0.3157,16.6619,16.6533,15.4360,0.0011,-1.0000
16.6667,1.0000,412.2049,1.2171,0.2889,16.6633,16.6603,15.5072,0.0010,-1.0000
16.6699,1.0000,412.2215,1.0937,0.2420,16.6706,16.6674,15.2882,0.0015,-1.0000
16.6624,1.0000,412.2381,1.1937,0.2625,16.6685,16.6473,15.4233,0.0009,-1.0000
16.6706,1.0000,412.2549,1.2162,0.2728,16.6605,16.6737,15.4250,0.0011,-1.0000
16.6667,1.0000,412.2716,1.1523,0.2708,16.6673,16.6541,15.3198,0.0018,-1.0000
16.6673,1.0000,412.2883,1.3775,0.2823,16.6765,16.6712,15.0719,0.0012,-1.0000
16.6674,1.0000,412.3050,1.2232,0.2644,16.6542,16.6494,15.1805,0.0012,-1.0000
16.6656,1.0000,412.3216,1.2474,0.2728,16.6824,16.6507,15.0737,0.0012,-1.0000
16.6626,1.0000,412.3380,1.3326,0.4071,16.6643,16.6388,15.2244,0.0012,-1.0000
16.6678,1.0000,412.3548,1.5982,0.3271,16.6823,16.6680,15.7844,0.0010,-1.0000
16.6690,1.0000,412.3715,1.4674,0.3552,16.6603,16.6669,15.6489,0.0007,-1.0000
16.6666,1.0000,412.3882,1.5756,0.2769,16.6604,16.6587,15.5084,0.0009,-1.0000
16.6649,1.0000,412.4048,1.4132,0.2597,16.6450,16.6522,15.3673,0.0012,-1.0000
16.6679,1.0000,412.4216,0.8825,0.2300,16.6739,16.6606,15.4620,0.0010,-1.0000
16.6675,1.0000,412.4381,1.0171,0.2580,16.6737,16.6637,15.4121,0.0010,-1.0000
16.6664,1.0000,412.4549,1.1492,0.2861,16.6677,16.6615,15.4136,0.0010,-1.0000
16.6668,1.0000,412.4715,1.2838,0.2420,16.6594,16.6536,15.3339,0.0011,-1.0000
16.6657,1.0000,412.4882,1.1975,0.3144,16.6685,16.6566,15.3862,0.0014,-1.0000
16.6656,1.0000,412.5047,1.2504,0.2833,16.6708,16.6537,15.3913,0.0011,-1.0000
16.6702,1.0000,412.5216,1.2471,0.2550,16.6695,16.6785,15.6065,0.0008,-1.0000
16.6649,1.0000,412.5381,1.3185,0.2609,16.6624,16.6465,15.2397,0.0012,-1.0000
16.6669,1.0000,412.5548,1.2693,0.2719,16.6637,16.6635,15.5307,0.0013,-1.0000
16.6688,1.0000,412.5716,1.2610,0.2601,16.6600,16.6727,15.4599,0.0013,-1.0000
16.6968,1.0000,412.5883,1.0710,0.2751,16.6862,16.6754,15.3083,0.0011,-1.0000
16.6671,1.0000,412.6049,1.4054,0.2348,16.6553,16.6586,15.1031,0.0012,-1.0000
16.6672,1.0000,412.6216,1.1315,0.2589,16.6718,16.6597,15.2614,0.0009,-1.0000
16.6662,1.0000,412.6381,1.2113,0.2879,16.6815,16.6545,15.3680,0.0011,-1.0000
16.6642,1.0000,412.6550,1.3658,0.2899,16.6853,16.6488,15.5355,0.0009,-1.0000
16.6688,1.0000,412.6715,1.5544,0.3258,16.6671,16.6673,15.2400,0.0010,-1.0000
16.6689,1.0000,412.6883,1.3974,0.2546,16.6683,16.6694,15.4515,0.0012,-1.0000
16.6634,1.0000,412.7048,1.2853,0.2728,16.6627,16.6419,15.2713,0.0011,-1.0000
16.6649,1.0000,412.7214,1.1122,0.2634,16.6557,16.6574,15.5085,0.0008,-1.0000
16.6701,1.0000,412.7382,1.4262,0.2967,16.6740,16.6741,15.6482,0.0010,-1.0000
16.6644,1.0000,412.7548,1.2163,0.2861,16.6786,16.6473,15.3373,0.0010,-1.0000
16.6684,1.0000,412.7715,1.3692,0.2328,16.6503,16.6656,15.5676,0.0010,-1.0000
16.6685,1.0000,412.7883,1.1482,0.2363,16.6622,16.6682,15.4450,0.0012,-1.0000
16.6626,1.0000,412.8048,1.0249,0.2509,16.6817,16.6380,15.2710,0.0009,-1.0000
16.6705,1.0000,412.8217,1.3093,0.2333,16.6551,16.6754,15.5948,0.0010,-1.0000
16.6670,1.0000,412.8382,1.0969,0.2310,16.6732,16.6589,15.2592,0.0013,-1.0000
16.6659,1.0000,412.8550,1.2219,0.2685,16.6789,16.6528,15.2776,0.0010,-1.0000
16.6671,1.0000,412.8716,1.3660,0.2533,16.6447,16.6604,15.1452,0.0010,-1.0000
16.6675,1.0000,412.8888,1.0795,0.2789,16.6831,16.6580,15.2983,0.0010,-1.0000
16.6640,1.0000,412.9048,1.3984,0.2612,16.6686,16.5330,14.8007,0.0011,-1.0000
16.6672,1.0000,412.9215,1.3740,0.3179,16.6628,16.6639,15.5260,0.0008,-1.0000
16.6665,1.0000,412.9381,1.5140,0.3285,16.6701,16.6573,15.4393,0.0010,-1.0000
16.6677,1.0000,412.9549,1.3584,0.2716,16.7811,16.6630,15.2308,0.0013,-1.0000
16.6649,1.0000,412.9715,1.7312,0.2497,16.5401,16.6505,15.4619,0.0012,-1.0000
16.6690,1.0000,412.9882,1.1373,0.2809,16.6713,16.6679,15.5180,0.0009,-1.0000
16.6670,1.0000,413.0049,1.2171,0.3577,16.6655,16.6566,15.3226,0.0012,-1.0000
16.6632,1.0000,413.0214,1.4308,0.2951,16.6714,16.6458,15.4541,0.0011,-1.0000
16.6685,1.0000,413.0381,1.1874,0.2754,16.6582,16.6691,15.7741,0.0008,-1.0000
16.6687,1.0000,413.0549,1.1491,0.2669,16.6758,16.6693,15.6044,0.0009,-1.0000
16.6642,1.0000,413.0714,1.3326,0.2557,16.6652,16.6448,15.4183,0.0012,-1.0000
16.6690,1.0000,413.0882,1.1907,0.2232,16.6519,16.6720,15.6028,0.0009,-1.0000
16.6672,1.0000,413.1049,0.8942,0.2870,16.6752,16.6572,15.3375,0.0012,-1.0000
16.6639,1.0000,413.1214,1.0637,0.2668,16.6780,16.6501,15.4479,0.0012,-1.0000
16.6701,1.0000,413.1381,1.2255,0.2641,16.6516,16.6694,15.6234,0.0007,-1.0000
16.6670,1.0000,413.1550,1.0682,0.3038,16.6797,16.6593,15.2500,0.0011,-1.0000
16.6662,1.0000,413.1715,1.3183,0.2806,16.6657,16.6547,15.0798,0.0012,-1.0000
16.6678,1.0000,413.1882,1.2014,0.2833,16.6591,16.6570,15.4183,0.0013,-1.0000
16.6649,1.0000,413.2051,1.0449,0.3638,16.6770,16.6525,15.3916,0.0010,-1.0000
16.6665,1.0000,413.2215,1.4082,0.3470,16.6693,16.6593,14.9911,0.0013,-1.0000
16.6661,1.0000,413.2381,1.5737,0.2616,16.6650,16.6509,15.4221,0.0016,-1.0000
16.6670,1.0000,413.2549,1.2371,0.2749,16.6678,16.6616,15.4808,0.0011,-1.0000
16.6670,1.0000,413.2715,1.2597,0.3740,16.6616,16.6603,15.4140,0.0010,-1.0000
16.6639,1.0000,413.2881,1.6669,0.2644,16.6699,16.6490,15.4527,0.0009,-1.0000
16.6690,1.0000,413.3048,1.2271,0.2620,16.6590,16.6682,15.6099,0.0009,-1.0000
16.6665,1.0000,413.3215,1.1797,0.2918,16.6696,16.6583,15.4530,0.0012,-1.0000
16.6653,1.0000,413.3380,1.2451,0.2720,16.6685,16.6524,15.4534,0.0012,-1.0000
16.6693,1.0000,413.3549,1.1954,0.2643,16.6552,16.6711,15.7088,0.0008,-1.0000
16.6662,1.0000,413.3715,1.0575,0.2615,16.6761,16.6542,15.2647,0.0011,-1.0000
16.6665,1.0000,413.3881,1.2039,0.2437,16.6670,16.6552,15.4699,0.0012,-1.0000
16.6673,1.0000,413.4049,1.1980,0.2606,16.6588,16.6627,15.5583,0.0009,-1.0000
16.6656,1.0000,413.4215,0.9615,0.3014,16.6789,16.6558,15.2057,0.0012,-1.0000
16.6691,1.0000,413.4381,1.3882,0.2666,16.6633,16.6648,15.5353,0.0010,-1.0000
16.6682,1.0000,413.4549,1.1842,0.3152,16.6626,16.6668,15.4059,0.0011,-1.0000
16.6648,1.0000,413.4716,1.1034,0.2698,16.6701,16.6452,15.3408,0.0011,-1.0000
16.6677,1.0000,413.4885,1.4487,0.2933,16.6636,16.6704,15.2781,0.0012,-1.0000
16.6660,1.0000,413.5049,1.1283,0.3193,16.6724,16.6467,15.0048,0.0014,-1.0000
16.6667,1.0000,413.5215,1.2597,0.2854,16.6787,16.6531,15.3685,0.0011,-1.0000
16.6661,1.0000,413.5381,1.3031,0.3079,16.6547,16.6525,15.4363,0.0012,-1.0000
16.6651,1.0000,413.5548,1.3911,0.3011,16.6820,16.6538,15.4310,0.0010,-1.0000
16.6681,1.0000,413.5716,1.6403,0.3002,16.6587,16.6613,15.4812,0.0011,-1.0000
16.6659,1.0000,413.5881,1.2834,0.2618,16.6633,16.6643,15.2110,0.0014,-1.0000
16.6685,1.0000,413.6049,1.2151,0.2905,16.6621,16.6562,15.5995,0.0008,-1.0000
16.6674,1.0000,413.6216,1.2221,0.2602,16.6621,16.6626,15.3248,0.0009,-1.0000
16.6620,1.0000,413.6380,1.1790,0.2905,16.6684,16.6398,15.1611,0.0011,-1.0000
16.6675,1.0000,413.6548,1.4518,0.3038,16.6724,16.6621,15.8086,0.0012,-1.0000
16.6688,1.0000,413.6716,1.0556,0.3101,16.6645,16.6703,15.5038,0.0012,-1.0000
16.6679,1.0000,413.6882,1.3369,0.2663,16.6736,16.6605,15.2771,0.0011,-1.0000
16.6643,1.0000,413.7047,1.4776,0.2167,16.6470,16.6487,15.4257,0.0008,-1.0000
16.6692,1.0000,413.7215,0.8525,0.2503,16.6679,16.6717,15.7322,0.0008,-1.0000
16.6691,1.0000,413.7382,1.1655,0.2714,16.6782,16.6573,15.3168,0.0013,-1.0000
16.6645,1.0000,413.7549,1.3824,0.3063,16.6679,16.6575,15.2324,0.0009,-1.0000
16.6670,1.0000,413.7715,1.2222,0.2366,16.6556,16.6570,15.3803,0.0010,-1.0000
16.6672,1.0000,413.7882,0.9385,0.3006,16.6801,16.6605,15.3084,0.0013,-1.0000
16.6651,1.0000,413.8049,1.3393,0.3244,16.6667,16.6693,15.3401,0.0012,-1.0000
16.6702,1.0000,413.8217,1.4246,0.2840,16.6670,16.6536,15.2445,0.0010,-1.0000
16.6637,1.0000,413.8381,1.2756,0.2570,16.6658,16.6436,14.9021,0.0013,-1.0000
16.6644,1.0000,413.8548,1.3505,0.3233,16.6691,16.6506,15.4936,0.0012,-1.0000
16.6683,1.0000,413.8715,1.3283,0.3829,16.6783,16.6643,15.5403,0.0008,-1.0000
16.6662,1.0000,413.8882,1.4074,0.3543,16.6637,16.6565,15.5359,0.0012,-1.0000
16.6650,1.0000,413.9048,1.7402,0.3137,16.6522,16.6561,15.4778,0.0011,-1.0000
16.6718,1.0000,413.9216,1.1560,0.2411,16.6577,16.6767,15.4497,0.0010,-1.0000
16.6649,1.0000,413.9381,1.1232,0.2539,16.6710,16.6498,14.9035,0.0012,-1.0000
16.6660,1.0000,413.9548,1.1195,0.2791,16.6644,16.6564,15.5821,0.0008,-1.0000
16.6689,1.0000,413.9715,1.1774,0.3004,16.6611,16.6704,15.6402,0.0007,-1.0000
16.6636,1.0000,413.9882,1.2255,0.2729,16.6846,16.6456,15.4942,0.0011,-1.0000
16.6679,1.0000,414.0048,1.7451,0.2704,16.6587,16.6645,15.5592,0.0013,-1.0000
16.6688,1.0000,414.0216,1.0736,0.2269,16.6620,16.6688,15.5312,0.0012,-1.0000
16.6681,1.0000,414.0382,1.0293,0.2435,16.6784,16.6552,15.1822,0.0009,-1.0000
16.6643,1.0000,414.0548,1.1505,0.3469,16.6538,16.6492,15.3150,0.0010,-1.0000
16.6681,1.0000,414.0724,1.1040,0.2687,16.6720,16.6669,15.3804,0.0010,-1.0000
16.6670,1.0000,414.0883,1.1360,0.2811,16.6791,16.6589,14.0946,0.0016,-1.0000
16.6673,1.0000,414.1049,1.4715,0.2723,16.6641,16.6585,15.3345,0.0011,-1.0000
16.6666,1.0000,414.1216,1.3335,0.2600,16.6585,16.6587,15.3600,0.0011,-1.0000
16.6650,1.0000,414.1381,1.2854,0.3253,16.6740,16.6481,15.1845,0.0011,-1.0000
16.6646,1.0000,414.1548,2.5630,0.3428,16.6673,16.6496,15.5008,0.0013,-1.0000
16.6699,1.0000,414.1717,1.3229,0.2639,16.6687,16.6768,15.5140,0.0010,-1.0000
16.6652,1.0000,414.1883,1.2975,0.3001,16.6691,16.6522,15.1991,0.0013,-1.0000
16.6671,1.0000,414.2049,1.4625,0.2527,16.6568,16.6580,15.3244,0.0011,-1.0000
16.6690,1.0000,414.2216,1.1476,0.2634,16.6549,16.6707,15.2689,0.0011,-1.0000
16.6630,1.0000,414.2381,1.1618,0.2886,16.6838,16.6399,15.1976,0.0014,-1.0000
16.6672,1.0000,414.2548,1.4518,0.2820,16.6604,16.6618,15.6527,0.0009,-1.0000
16.6680,1.0000,414.2716,1.3324,0.3336,16.6657,16.6697,15.5677,0.0011,-1.0000
16.6675,1.0000,414.2882,1.4008,0.2615,16.6806,16.6576,15.3393,0.0011,-1.0000
16.6637,1.0000,414.3048,1.4411,0.2530,16.6470,16.6483,15.3125,0.0011,-1.0000
16.6699,1.0000,414.3216,1.0083,0.2526,16.6669,16.6724,15.7268,0.0010,-1.0000
16.6679,1.0000,414.3381,1.1006,0.2890,16.6774,16.6628,15.3268,0.0012,-1.0000
16.6665,1.0000,414.3549,1.3171,0.2954,16.6655,16.6584,15.4979,0.0009,-1.0000
16.6663,1.0000,414.3716,1.3343,0.2710,16.6545,16.6564,15.3524,0.0012,-1.0000
16.6671,1.0000,414.3883,0.9447,0.2794,16.6794,16.6542,15.3581,0.0012,-1.0000
16.6666,1.0000,414.4049,1.3346,0.2608,16.6721,16.6564,15.1791,0.0014,-1.0000
16.6664,1.0000,414.4217,1.1592,0.2748,16.6678,16.6647,15.3239,0.0013,-1.0000
16.6673,1.0000,414.4382,1.3027,0.2757,16.6671,16.6511,15.2053,0.0010,-1.0000
16.6667,1.0000,414.4549,1.2950,0.3082,16.6646,16.6543,15.2851,0.0012,-1.0000
16.6650,1.0000,414.4716,1.4758,0.2729,16.6657,16.6519,15.2465,0.0010,-1.0000
16.6669,1.0000,414.4882,1.3393,0.2875,16.6757,16.6585,15.3741,0.0012,-1.0000
16.6680,1.0000,414.5049,1.4445,0.3026,16.6613,16.6662,15.3289,0.0010,-1.0000
16.6650,1.0000,414.5215,1.3681,0.3527,16.6636,16.6498,15.3268,0.0010,-1.0000
16.6648,1.0000,414.5380,1.4044,0.2896,16.6605,16.6520,15.4223,0.0012,-1.0000
16.6704,1.0000,414.5549,1.2829,0.2802,16.6654,16.6738,15.8351,0.0009,-1.0000
16.6663,1.0000,414.5716,1.3361,0.2378,16.6756,16.6566,15.3914,0.0011,-1.0000
16.6642,1.0000,414.5882,1.3221,0.2768,16.6586,16.6493,15.2886,0.0011,-1.0000
16.6709,1.0000,414.6050,1.2286,0.2214,16.6570,16.6831,15.4383,0.0008,-1.0000
16.6651,1.0000,414.6216,0.8378,0.2962,16.6812,16.6437,15.1273,0.0012,-1.0000
16.6685,1.0000,414.6381,1.2641,0.2965,16.6650,16.6721,15.3367,0.0010,-1.0000
16.6665,1.0000,414.6549,1.3597,0.2889,16.6549,16.6510,15.4130,0.0010,-1.0000
16.6661,1.0000,414.6715,1.2439,0.3521,16.6916,16.6572,15.2817,0.0010,-1.0000
16.6684,1.0000,414.6883,1.5149,0.3158,16.6519,16.6638,15.4641,0.0011,-1.0000
16.6657,1.0000,414.7049,1.3340,0.3129,16.6795,16.6213,15.1741,0.0013,-1.0000
16.6666,1.0000,414.7216,1.2365,0.2855,16.6610,16.6551,15.3450,0.0011,-1.0000
16.6660,1.0000,414.7381,1.3742,0.2767,16.6678,16.6555,15.3767,0.0013,-1.0000
16.6673,1.0000,414.7549,1.1988,0.3176,16.7036,16.6576,15.3520,0.0012,-1.0000
16.6656,1.0000,414.7715,1.4459,0.3374,16.6319,16.6557,15.3198,0.0012,-1.0000
16.6640,1.0000,414.7881,1.3088,0.2762,16.6661,16.6438,15.3445,0.0013,-1.0000
16.6701,1.0000,414.8049,1.2772,0.3521,16.6646,16.6758,15.7175,0.0013,-1.0000
16.6665,1.0000,414.8216,1.3046,0.2757,16.6668,16.6541,15.3622,0.0011,-1.0000
16.6642,1.0000,414.8380,1.3344,0.2627,16.6641,16.6499,15.2148,0.0014,-1.0000
16.6688,1.0000,414.8549,1.2981,0.2217,16.6499,16.6758,15.6761,0.0008,-1.0000
16.6657,1.0000,414.8715,0.9570,0.2557,16.6840,16.6493,15.3318,0.0012,-1.0000
16.6650,1.0000,414.8881,1.2907,0.3111,16.6630,16.6543,15.5401,0.0007,-1.0000
16.6720,1.0000,414.9049,1.4337,0.2658,16.6556,16.6799,15.6101,0.0009,-1.0000
16.6649,1.0000,414.9216,0.9988,0.3177,16.6833,16.6525,15.2696,0.0013,-1.0000
16.6670,1.0000,414.9381,1.3162,0.2834,16.6561,16.6580,15.3043,0.0011,-1.0000
16.6667,1.0000,414.9549,1.1134,0.2409,16.6594,16.6605,15.3246,0.0011,-1.0000
16.6670,1.0000,414.9716,1.0688,0.3175,16.6873,16.6591,15.4373,0.0012,-1.0000
16.6674,1.0000,414.9883,1.3816,0.2937,16.6611,16.6565,15.3262,0.0012,-1.0000
16.6655,1.0000,415.0049,1.3524,0.3485,16.6658,16.6576,15.1549,0.0013,-1.0000
16.6680,1.0000,415.0215,1.3347,0.2777,16.6693,16.6594,15.2900,0.0012,-1.0000
16.6663,1.0000,415.0381,1.2204,0.2718,16.6678,16.6592,15.3964,0.0013,-1.0000
16.6646,1.0000,415.0548,1.3289,0.3217,16.6650,16.6498,15.5058,0.0007,-1.0000
16.6688,1.0000,415.0716,1.5016,0.2598,16.6659,16.6704,15.5437,0.0011,-1.0000
16.6655,1.0000,415.0882,1.3680,0.3366,16.6683,16.6467,15.2774,0.0012,-1.0000
16.6677,1.0000,415.1049,1.2613,0.3034,16.6673,16.6689,15.5088,0.0011,-1.0000
16.6671,1.0000,415.1216,1.1434,0.2454,16.6567,16.6582,15.3715,0.0012,-1.0000
16.6650,1.0000,415.1381,1.1257,0.2927,16.6791,16.6525,15.4346,0.0011,-1.0000
16.6677,1.0000,415.1550,1.3682,0.3165,16.6541,16.6622,15.5533,0.0012,-1.0000
16.6660,1.0000,415.1715,1.1589,0.3369,16.6757,16.6582,15.3377,0.0013,-1.0000
16.6663,1.0000,415.1881,1.2853,0.2819,16.6667,16.6555,15.4529,0.0013,-1.0000
16.6685,1.0000,415.2049,1.2167,0.2955,16.6611,16.6656,15.6474,0.0009,-1.0000
16.6672,1.0000,415.2215,1.1077,0.2643,16.6697,16.6610,15.2953,0.0010,-1.0000
16.6689,1.0000,415.2382,1.3192,0.2755,16.6664,16.6640,15.4168,0.0010,-1.0000
16.6654,1.0000,415.2549,1.2013,0.3239,16.6616,16.6547,15.1872,0.0013,-1.0000
16.6642,1.0000,415.2715,1.0172,0.2989,16.6733,16.6455,15.3667,0.0013,-1.0000
16.6677,1.0000,415.2882,1.3647,0.3128,16.6693,16.6674,15.4771,0.0011,-1.0000
16.6681,1.0000,415.3049,1.2461,0.3435,16.6734,16.6620,15.4359,0.0010,-1.0000
16.6663,1.0000,415.3216,1.4662,0.2929,16.6642,16.6558,15.3937,0.0011,-1.0000
16.6671,1.0000,415.3381,1.2774,0.2501,16.6529,16.6577,15.3605,0.0012,-1.0000
16.6670,1.0000,415.3549,1.1893,0.2902,16.6748,16.6611,15.5340,0.0009,-1.0000
16.6661,1.0000,415.3715,1.2247,0.3185,16.6704,16.6519,15.3860,0.0011,-1.0000
16.6643,1.0000,415.3882,1.2611,0.2757,16.6645,16.6556,15.4761,0.0011,-1.0000
16.6688,1.0000,415.4049,1.2961,0.3175,16.6664,16.6680,15.4096,0.0008,-1.0000
16.6675,1.0000,415.4216,1.1258,0.2787,16.6694,16.6573,15.4094,0.0015,-1.0000
16.6655,1.0000,415.4381,1.2647,0.2480,16.6598,16.6553,15.2042,0.0012,-1.0000
16.6679,1.0000,415.4549,1.1784,0.3033,16.6625,16.6650,15.5350,0.0011,-1.0000
16.6681,1.0000,415.4716,1.2576,0.2587,16.6755,16.6624,15.4001,0.0012,-1.0000
16.6628,1.0000,415.4881,1.2463,0.3370,16.6647,16.6423,15.1782,0.0014,-1.0000
16.6701,1.0000,415.5049,1.4499,0.2548,16.6631,16.6736,15.6192,0.0009,-1.0000
16.6664,1.0000,415.5215,1.1284,0.2726,16.6731,16.6555,15.2786,0.0015,-1.0000
16.6636,1.0000,415.5381,1.2612,0.3086,16.6717,16.6477,15.3951,0.0011,-1.0000
16.6723,1.0000,415.5551,1.4629,0.2629,16.6495,16.6814,15.6890,0.0008,-1.0000
16.6657,1.0000,415.5716,1.0535,0.3043,16.6807,16.6515,15.0829,0.0012,-1.0000
16.6629,1.0000,415.5882,1.3754,0.3073,16.6641,16.6436,15.2594,0.0009,-1.0000
16.6707,1.0000,415.6050,1.2516,0.2427,16.6547,16.6772,15.5264,0.0010,-1.0000
16.6659,1.0000,415.6216,0.9914,0.2684,16.6903,16.6555,15.1147,0.0012,-1.0000
16.6668,1.0000,415.6381,1.5670,0.3099,16.6621,16.6483,15.2587,0.0011,-1.0000
16.6664,1.0000,415.6549,1.3834,0.2607,16.6511,16.6593,15.4582,0.0011,-1.0000
16.6663,1.0000,415.6715,1.1497,0.5397,16.6869,16.6541,15.3564,0.0012,-1.0000
16.6661,1.0000,415.6882,1.5398,0.3304,16.6668,16.6574,15.3362,0.0011,-1.0000
16.6653,1.0000,415.7048,1.3883,0.3492,16.6573,16.6529,15.4974,0.0008,-1.0000
16.6700,1.0000,415.7216,1.1999,0.2688,16.6680,16.6749,15.6349,0.0009,-1.0000
16.6646,1.0000,415.7382,1.2965,0.3495,16.6622,16.6457,15.2768,0.0009,-1.0000
16.6687,1.0000,415.7550,1.3201,0.2507,16.6657,16.6691,15.4675,0.0011,-1.0000
16.6672,1.0000,415.7716,1.1547,0.2630,16.6601,16.6546,15.2450,0.0011,-1.0000
16.6665,1.0000,415.7883,1.0389,0.3335,16.6836,16.6591,15.2640,0.0011,-1.0000
16.6660,1.0000,415.8049,1.3678,0.2744,16.6547,16.6528,15.3156,0.0013,-1.0000
16.6675,1.0000,415.8216,1.2007,0.3042,16.6783,16.6601,15.3882,0.0012,-1.0000
16.6676,1.0000,415.8383,1.4081,0.2949,16.6632,16.6619,15.2314,0.0011,-1.0000
16.6661,1.0000,415.8549,1.3935,0.3177,16.6698,16.6501,15.2025,0.0012,-1.0000
16.6665,1.0000,415.8716,1.3358,0.3267,16.6634,16.6540,15.2415,0.0013,-1.0000
16.6662,1.0000,415.8882,1.2707,0.2714,16.6699,16.6536,15.2708,0.0011,-1.0000
16.6675,1.0000,415.9049,1.4293,0.3481,16.6744,16.6594,15.3815,0.0012,-1.0000
16.6645,1.0000,415.9215,1.4456,0.3308,16.6602,16.6531,15.4113,0.0014,-1.0000
16.6702,1.0000,415.9382,1.4110,0.2928,16.6648,16.6703,15.4331,0.0010,-1.0000
16.6647,1.0000,415.9550,1.3814,0.2752,16.6619,16.6525,15.1258,0.0011,-1.0000
16.6657,1.0000,415.9715,1.2764,0.3040,16.6686,16.6470,15.2834,0.0010,-1.0000
16.6680,1.0000,415.9883,1.2403,0.2775,16.6610,16.6685,15.4816,0.0008,-1.0000
16.6674,1.0000,416.0049,1.2359,0.3402,16.6799,16.6578,15.3050,0.0013,-1.0000
16.6665,1.0000,416.0216,1.5254,0.2651,16.6633,16.6551,15.1106,0.0013,-1.0000
16.6659,1.0000,416.0381,1.3624,0.2994,16.6545,16.6546,15.4057,0.0009,-1.0000
16.6655,1.0000,416.0549,1.1857,0.2773,16.6765,16.6529,15.5304,0.0008,-1.0000
16.6687,1.0000,416.0716,1.3512,0.3496,16.6673,16.6656,15.4528,0.0010,-1.0000
16.6662,1.0000,416.0882,1.5431,0.2740,16.6642,16.6565,15.2093,0.0011,-1.0000
16.6642,1.0000,416.1048,1.2481,0.3089,16.6649,16.6515,15.3922,0.0037,-1.0000
16.6685,1.0000,416.1215,1.1219,0.2703,16.6601,16.6684,15.5473,0.0011,-1.0000
16.6665,1.0000,416.1381,1.2117,0.3143,16.6740,16.6568,15.4165,0.0012,-1.0000
16.6657,1.0000,416.1549,1.4459,0.2750,16.6641,16.6572,15.3997,0.0009,-1.0000
16.6664,1.0000,416.1715,1.2556,0.2702,16.6578,16.6604,15.4973,0.0013,-1.0000
16.6699,1.0000,416.1882,1.1199,0.2678,16.6753,16.6726,15.5068,0.0010,-1.0000
16.6656,1.0000,416.2048,1.2391,0.3353,16.6640,16.6469,15.3373,0.0010,-1.0000
16.6689,1.0000,416.2216,1.2568,0.2691,16.6638,16.6722,15.4479,0.0008,-1.0000
16.6651,1.0000,416.2382,1.1620,0.2729,16.6665,16.6498,15.3920,0.0010,-1.0000
16.6659,1.0000,416.2549,1.1646,0.2703,16.6808,16.6550,15.4546,0.0010,-1.0000
16.6664,1.0000,416.2717,1.3089,0.2885,16.6564,16.6554,15.5406,0.0012,-1.0000
16.6691,1.0000,416.2882,1.2233,0.2542,16.6799,16.6697,15.3766,0.0012,-1.0000
16.6672,1.0000,416.3049,1.2568,0.3050,16.6586,16.6560,15.4654,0.0010,-1.0000
16.6626,1.0000,416.3215,1.1993,0.2555,16.6630,16.6428,15.3970,0.0014,-1.0000
16.6692,1.0000,416.3381,1.1137,0.2924,16.6632,16.6720,15.4602,0.0011,-1.0000
16.6671,1.0000,416.3549,1.2916,0.2919,16.6782,16.6617,15.5525,0.0008,-1.0000
16.6697,1.0000,416.3718,1.1895,0.2747,16.6661,16.7625,15.3544,0.0014,-1.0000
16.6648,1.0000,416.3882,1.2446,0.2543,16.6497,16.5563,14.9219,0.0012,-1.0000
16.6646,1.0000,416.4049,1.2104,0.3015,16.6778,16.7315,15.2526,0.0012,-1.0000
16.6657,1.0000,416.4214,1.1084,0.3133,16.6697,16.5765,15.3498,0.0011,-1.0000
16.6693,1.0000,416.4381,1.4068,0.3633,16.7714,16.6689,15.6346,0.0012,-1.0000
16.6653,1.0000,416.4549,1.6328,0.3553,16.5642,16.6550,15.4975,0.0011,-1.0000
16.6669,1.0000,416.4715,1.4776,0.2646,16.7393,16.6571,15.4212,0.0010,-1.0000
16.6685,1.0000,416.4882,1.2256,0.2683,16.5818,16.6702,15.4897,0.0012,-1.0000
16.6655,1.0000,416.5049,1.0334,0.2696,16.6760,16.6545,15.3555,0.0010,-1.0000
16.6639,1.0000,416.5214,1.1566,0.3070,16.6615,16.6452,15.4489,0.0012,-1.0000
16.6683,1.0000,416.5381,1.2348,0.2690,16.6645,16.6724,15.7864,0.0008,-1.0000
16.6663,1.0000,416.5548,1.1791,0.2829,16.6787,16.6567,15.3660,0.0011,-1.0000
16.6696,1.0000,416.5716,1.2979,0.2553,16.6625,16.6710,15.5899,0.0013,-1.0000
16.6669,1.0000,416.5883,1.1952,0.2390,16.6509,16.6568,15.3188,0.0013,-1.0000
16.6659,1.0000,416.6049,0.8851,0.2627,16.6778,16.6580,15.3684,0.0010,-1.0000
16.6659,1.0000,416.6215,1.2895,0.2641,16.6635,16.6536,15.4437,0.0012,-1.0000
16.6673,1.0000,416.6382,1.0799,0.3294,16.6805,16.6653,15.4479,0.0013,-1.0000
16.6695,1.0000,416.6550,1.3366,0.2765,16.6654,16.6639,15.4104,0.0013,-1.0000
16.6636,1.0000,416.6716,1.2883,0.3101,16.6660,16.6449,15.0443,0.0012,-1.0000
16.6682,1.0000,416.6882,1.2087,0.2647,16.6615,16.6646,15.3687,0.0013,-1.0000
16.6647,1.0000,416.7056,1.2159,0.2730,16.6740,16.6475,15.3751,0.0012,-1.0000
16.6683,1.0000,416.7216,1.2519,0.2900,16.6737,16.6650,14.5259,0.0011,-1.0000
16.6677,1.0000,416.7383,1.5994,0.2953,16.6537,16.6623,15.2237,0.0012,-1.0000
16.6651,1.0000,416.7549,1.2945,0.2838,16.6734,16.6510,15.2988,0.0011,-1.0000
16.6664,1.0000,416.7715,1.2712,0.3701,16.6562,16.6569,15.2779,0.0011,-1.0000
16.6680,1.0000,416.7884,2.1380,0.3410,16.6719,16.6635,15.5100,0.0012,-1.0000
16.6644,1.0000,416.8049,1.4374,0.3638,16.6717,16.6511,15.0779,0.0013,-1.0000
16.6664,1.0000,416.8215,1.3509,0.3546,16.6598,16.6580,15.5151,0.0011,-1.0000
16.6697,1.0000,416.8382,1.3779,0.5479,16.6636,16.6744,15.5301,0.0010,-1.0000
16.6638,1.0000,416.8549,1.1521,0.3633,16.6710,16.6468,15.4537,0.0011,-1.0000
16.6680,1.0000,416.8716,1.5718,0.2846,16.6582,16.6640,15.4213,0.0010,-1.0000
16.6683,1.0000,416.8884,1.1417,0.4647,16.6642,16.6682,15.4321,0.0012,-1.0000
16.6651,1.0000,416.9049,1.1430,0.3053,16.6818,16.6497,15.1328,0.0012,-1.0000
16.6651,1.0000,416.9215,1.1920,0.3114,16.6542,16.6533,15.3522,0.0017,-1.0000
16.6710,1.0000,416.9383,1.2416,0.3308,16.6710,16.7352,15.5691,0.0012,-1.0000
16.6661,1.0000,416.9549,1.2348,0.4503,16.6756,16.5973,15.0654,0.0013,-1.0000
16.6671,1.0000,416.9724,1.5157,0.2730,16.6569,16.6601,15.1200,0.0010,-1.0000
16.6668,1.0000,416.9883,1.2997,0.2948,16.6587,16.6535,14.3361,0.0013,-1.0000
16.6664,1.0000,417.0050,1.1648,0.3430,16.7442,16.6559,15.0672,0.0013,-1.0000
16.6666,1.0000,417.0216,1.5303,0.3275,16.6068,16.6586,15.2652,0.0013,-1.0000
16.6649,1.0000,417.0381,1.5392,0.3679,16.6710,16.6492,15.2822,0.0013,-1.0000
16.6686,1.0000,417.0550,2.3158,0.5769,16.6645,16.6673,15.4681,0.0010,-1.0000
16.6632,1.0000,417.0715,1.5873,0.3441,16.6647,16.6415,15.1671,0.0012,-1.0000
16.6702,1.0000,417.0883,1.3919,0.3453,16.6687,16.6727,15.4773,0.0009,-1.0000
16.6668,1.0000,417.1050,1.3657,0.3350,16.6564,16.6597,15.1908,0.0011,-1.0000
16.6647,1.0000,417.1216,1.1982,0.3761,16.6761,16.6516,15.1463,0.0013,-1.0000
16.6648,1.0000,417.1381,1.4734,0.3822,16.6491,16.6531,15.3282,0.0011,-1.0000
16.6712,1.0000,417.1550,1.1947,0.3802,16.6804,16.6778,15.6727,0.0009,-1.0000
16.6661,1.0000,417.1716,1.4676,0.3183,16.6682,16.6563,15.0166,0.0012,-1.0000
16.6659,1.0000,417.1884,1.5042,0.3395,16.6591,16.6540,15.1495,0.0011,-1.0000
16.6681,1.0000,417.2050,1.3238,0.3267,16.6583,16.6662,15.1201,0.0014,-1.0000
16.6693,1.0000,417.2217,1.0041,0.3448,16.6850,16.6608,15.2773,0.0012,-1.0000
16.6631,1.0000,417.2383,1.6387,0.3281,16.6663,16.6477,15.1728,0.0012,-1.0000
16.6690,1.0000,417.2552,1.5034,0.3647,16.6623,16.6664,15.3097,0.0018,-1.0000
16.6661,1.0000,417.2716,1.5446,0.3157,16.6742,16.6483,14.7948,0.0014,-1.0000
16.6663,1.0000,417.2884,1.3826,0.3497,16.6716,16.6584,15.1264,0.0012,-1.0000
16.6663,1.0000,417.3051,1.4737,0.3059,16.6573,16.6542,14.9935,0.0013,-1.0000
16.6672,1.0000,417.3216,1.3549,0.4143,16.6772,16.6605,15.0705,0.0012,-1.0000
16.6643,1.0000,417.3381,1.8519,0.4218,16.6584,16.6528,15.3611,0.0011,-1.0000
16.6668,1.0000,417.3549,1.5307,0.4511,16.6677,16.6611,15.4785,0.0013,-1.0000
16.6686,1.0000,417.3717,1.6593,0.3846,16.6622,16.6641,15.3319,0.0011,-1.0000
16.6631,1.0000,417.3881,1.5883,0.3043,16.6684,16.6437,15.1567,0.0013,-1.0000
16.6704,1.0000,417.4050,1.2904,0.3253,16.6596,16.6754,15.5650,0.0011,-1.0000
16.6666,1.0000,417.4216,1.1811,0.3242,16.6679,16.6547,15.2465,0.0013,-1.0000
16.6644,1.0000,417.4381,1.3310,0.3736,16.6720,16.6513,15.4262,0.0013,-1.0000
16.6698,1.0000,417.4550,1.4856,0.3435,16.6500,16.6752,15.6384,0.0012,-1.0000
16.6661,1.0000,417.4716,1.1092,0.3694,16.6828,16.6532,15.1759,0.0012,-1.0000
16.6658,1.0000,417.4883,1.4067,0.3196,16.6634,16.6516,15.2408,0.0011,-1.0000
16.6682,1.0000,417.5049,1.2239,0.3314,16.6579,16.6678,15.3309,0.0011,-1.0000
16.6675,1.0000,417.5216,1.0357,0.3798,16.6835,16.6560,15.3729,0.0010,-1.0000
16.6665,1.0000,417.5381,1.4760,0.3640,16.6640,16.6555,15.2871,0.0013,-1.0000
16.6639,1.0000,417.5549,1.4096,0.3293,16.6600,16.6489,15.4482,0.0010,-1.0000
16.6688,1.0000,417.5716,1.3358,0.3397,16.6781,16.6691,15.4837,0.0011,-1.0000
16.6675,1.0000,417.5882,1.2821,0.2844,16.6656,16.6561,15.2945,0.0012,-1.0000
16.6639,1.0000,417.6049,1.3669,0.3149,16.6651,16.6526,15.2817,0.0013,-1.0000
16.6688,1.0000,417.6216,1.1996,0.2814,16.6564,16.6615,15.3152,0.0010,-1.0000
16.6657,1.0000,417.6381,1.1844,0.2932,16.6765,16.6595,15.2498,0.0015,-1.0000
16.6650,1.0000,417.6549,1.3602,0.3376,16.6650,16.6536,15.3880,0.0011,-1.0000
16.6676,1.0000,417.6715,1.3695,0.3195,16.6599,16.6634,15.4582,0.0011,-1.0000
16.6688,1.0000,417.6883,1.3453,0.3262,16.6696,16.6670,15.3692,0.0009,-1.0000
16.6647,1.0000,417.7048,1.4079,0.3242,16.6666,16.6525,15.2670,0.0012,-1.0000
16.6683,1.0000,417.7216,1.2644,0.2445,16.6590,16.6651,15.5422,0.0013,-1.0000
16.6688,1.0000,417.7383,1.2041,0.2837,16.6691,16.6663,15.1296,0.0014,-1.0000
16.6615,1.0000,417.7549,1.2967,0.3175,16.6743,16.6372,15.1534,0.0014,-1.0000
16.6717,1.0000,417.7717,1.3843,0.2608,16.6601,16.6770,15.5708,0.0011,-1.0000
16.6661,1.0000,417.7883,1.1214,0.3207,16.6730,16.6556,14.9320,0.0014,-1.0000
16.6676,1.0000,417.8052,1.5352,0.3655,16.6765,16.6571,15.2879,0.0011,-1.0000
16.6647,1.0000,417.8217,1.4823,0.2693,16.6455,16.6497,14.8118,0.0011,-1.0000
16.6676,1.0000,417.8382,1.1049,0.3486,16.6853,16.6611,15.2082,0.0015,-1.0000
16.6653,1.0000,417.8549,1.7220,0.3783,16.6668,16.6535,15.2921,0.0012,-1.0000
16.6645,1.0000,417.8715,1.3679,0.2744,16.6672,16.6512,15.3389,0.0012,-1.0000
16.6700,1.0000,417.8883,1.8368,0.3346,16.6591,16.6716,15.6490,0.0012,-1.0000
16.6667,1.0000,417.9051,1.4515,0.3147,16.6698,16.6608,14.9781,0.0014,-1.0000
16.6644,1.0000,417.9216,1.3601,0.2760,16.6616,16.6504,15.0391,0.0014,-1.0000
16.6699,1.0000,417.9381,1.3113,0.2677,16.6574,16.6635,15.3249,0.0012,-1.0000
16.6646,1.0000,417.9549,1.0215,0.3673,16.6787,16.6536,15.3762,0.0012,-1.0000
16.6663,1.0000,417.9716,1.6813,0.3343,16.6696,16.6571,15.5069,0.0011,-1.0000
16.6686,1.0000,417.9883,1.6101,0.2984,16.6602,16.6668,15.3312,0.0012,-1.0000
16.6650,1.0000,418.0049,1.3372,0.3792,16.6716,16.6509,15.1718,0.0013,-1.0000
16.6677,1.0000,418.0216,1.2762,0.2839,16.6617,16.6634,15.2556,0.0011,-1.0000
16.6719,1.0000,418.0383,1.1493,0.2885,16.6641,16.6731,15.4535,0.0013,-1.0000
16.6645,1.0000,418.0550,1.3343,0.3447,16.6758,16.6507,15.1201,0.0016,-1.0000
16.6655,1.0000,418.0718,1.4782,0.3070,16.6586,16.6496,15.1436,0.0018,-1.0000
16.6668,1.0000,418.0883,1.4065,0.3434,16.6705,16.6590,15.1482,0.0013,-1.0000
16.6676,1.0000,418.1050,1.2177,0.3365,16.6839,16.6609,15.0982,0.0011,-1.0000
16.6654,1.0000,418.1216,1.5290,0.3345,16.6629,16.6503,15.1324,0.0015,-1.0000
16.6655,1.0000,418.1388,1.5039,0.2913,16.6596,16.6529,15.3549,0.0010,-1.0000
16.6664,1.0000,418.1549,1.5093,0.3906,16.6687,16.6609,14.7435,0.0014,-1.0000
16.6646,1.0000,418.1715,1.5617,0.3377,16.6709,16.6498,15.3286,0.0012,-1.0000
16.6705,1.0000,418.1882,1.5164,0.3067,16.6593,16.6759,15.6557,0.0012,-1.0000
16.6656,1.0000,418.2049,1.2967,0.3755,16.6606,16.6538,15.2751,0.0013,-1.0000
16.6660,1.0000,418.2215,1.9158,0.3362,16.6683,16.6535,15.4200,0.0011,-1.0000
16.6671,1.0000,418.2381,1.3201,0.3423,16.6559,16.6631,15.4052,0.0011,-1.0000
16.6666,1.0000,418.2549,1.0190,0.3520,16.6827,16.6595,15.4976,0.0012,-1.0000
16.6657,1.0000,418.2715,1.3770,0.3628,16.6624,16.6559,15.3849,0.0011,-1.0000
16.6690,1.0000,418.2883,1.2326,0.3092,16.6601,16.6692,15.6497,0.0010,-1.0000
16.6691,1.0000,418.3051,1.2568,0.2815,16.6695,16.6683,15.2663,0.0012,-1.0000
16.6670,1.0000,418.3217,1.1608,0.3277,16.6668,16.6578,15.1588,0.0011,-1.0000
16.6654,1.0000,418.3382,1.2700,0.3344,16.6621,16.6464,15.2162,0.0015,-1.0000
16.6670,1.0000,418.3549,1.0183,0.3362,16.6758,16.6561,15.3190,0.0014,-1.0000
16.6660,1.0000,418.3716,1.4004,0.3487,16.6787,16.6556,15.0349,0.0012,-1.0000
16.6664,1.0000,418.3882,1.4980,0.2772,16.6716,16.6575,15.1804,0.0010,-1.0000
16.6678,1.0000,418.4050,1.4286,0.2889,16.6556,16.6599,15.2731,0.0013,-1.0000
16.6659,1.0000,418.4217,1.3356,0.3434,16.6652,16.6542,15.1384,0.0012,-1.0000
16.6645,1.0000,418.4380,1.6194,0.2999,16.6659,16.6462,15.2201,0.0010,-1.0000
16.6685,1.0000,418.4550,1.4758,0.3164,16.6662,16.6755,15.7597,0.0007,-1.0000
16.6661,1.0000,418.4716,1.3855,0.2944,16.6699,16.6531,15.2976,0.0014,-1.0000
16.6655,1.0000,418.4882,1.5148,0.3060,16.6632,16.6563,15.4273,0.0012,-1.0000
16.6692,1.0000,418.5051,1.4250,0.2650,16.6528,16.6696,15.5056,0.0014,-1.0000
16.6658,1.0000,418.5215,0.9147,0.2888,16.6819,16.6594,14.9413,0.0012,-1.0000
16.6652,1.0000,418.5381,1.3542,0.2735,16.6600,16.6507,15.3271,0.0010,-1.0000
16.6687,1.0000,418.5549,1.2276,0.2509,16.6623,16.6691,15.5946,0.0010,-1.0000
16.6653,1.0000,418.5715,1.1624,0.3009,16.6774,16.6513,15.4434,0.0011,-1.0000
16.6691,1.0000,418.5882,1.7170,0.2710,16.6659,16.6683,15.5040,0.0011,-1.0000
16.6665,1.0000,418.6049,1.3228,0.3037,16.6573,16.6599,15.3989,0.0011,-1.0000
16.6670,1.0000,418.6216,1.0737,0.2604,16.6766,16.6560,15.2806,0.0010,-1.0000
16.6666,1.0000,418.6381,1.2066,0.2358,16.6578,16.6579,15.3979,0.0012,-1.0000
16.6659,1.0000,418.6550,1.1631,0.2548,16.6761,16.6543,15.4867,0.0009,-1.0000
16.6678,1.0000,418.6716,1.2599,0.2724,16.6702,16.6626,15.2347,0.0012,-1.0000
16.6650,1.0000,418.6882,1.3743,0.2603,16.6654,16.6509,15.3836,0.0013,-1.0000
16.6676,1.0000,418.7050,1.2590,0.2709,16.6665,16.6623,15.4170,0.0013,-1.0000
16.6671,1.0000,418.7216,1.1665,0.2619,16.6627,16.6603,15.2364,0.0013,-1.0000
16.6636,1.0000,418.7380,1.4267,0.2694,16.6707,16.6457,15.4100,0.0010,-1.0000
16.6701,1.0000,418.7549,1.2658,0.2511,16.6585,16.6764,15.7482,0.0010,-1.0000
16.6671,1.0000,418.7719,1.2439,0.3007,16.6706,16.6584,15.4101,0.0011,-1.0000
16.6632,1.0000,418.7881,1.4224,0.2670,16.6686,16.6444,15.0049,0.0008,-1.0000
16.6684,1.0000,418.8048,1.2346,0.2513,16.6514,16.6684,15.7509,0.0010,-1.0000
16.6692,1.0000,418.8216,0.9273,0.2860,16.6824,16.6680,15.4617,0.0009,-1.0000
16.6639,1.0000,418.8380,1.2473,0.5029,16.6672,16.6464,15.2709,0.0011,-1.0000
16.6685,1.0000,418.8549,1.6389,0.2846,16.6507,16.6719,15.6902,0.0007,-1.0000
16.6675,1.0000,418.8716,0.9165,0.5658,16.6744,16.6545,15.3615,0.0010,-1.0000
16.6676,1.0000,418.8882,1.2052,0.3187,16.6767,16.6657,15.4397,0.0013,-1.0000
16.6647,1.0000,418.9049,1.3744,0.3055,16.6541,16.6494,15.3397,0.0009,-1.0000
16.6683,1.0000,418.9216,0.9811,0.3323,16.6793,16.6641,15.3275,0.0010,-1.0000
16.6677,1.0000,418.9382,1.2919,0.2918,16.6623,16.6597,15.3712,0.0010,-1.0000
16.6644,1.0000,418.9549,1.2244,0.3012,16.6743,16.6510,15.4730,0.0010,-1.0000
16.6680,1.0000,418.9716,1.3086,0.3245,16.6583,16.6647,15.4413,0.0013,-1.0000
16.6656,1.0000,418.9884,1.3354,0.2953,16.6716,16.6540,15.3784,0.0012,-1.0000
16.6668,1.0000,419.0049,1.2874,0.3215,16.6686,16.6580,15.2444,0.0012,-1.0000
16.6671,1.0000,419.0216,1.1768,0.4319,16.6592,16.6613,15.4154,0.0016,-1.0000
16.6651,1.0000,419.0381,1.2220,0.2932,16.6730,16.6537,15.2593,0.0014,-1.0000
16.6670,1.0000,419.0549,1.2744,0.2675,16.6619,16.6622,15.5791,0.0013,-1.0000
16.6682,1.0000,419.0716,1.4123,0.2841,16.6653,16.6636,15.4340,0.0012,-1.0000
16.6648,1.0000,419.0882,1.2440,0.3707,16.6692,16.6510,15.4906,0.0012,-1.0000
16.6684,1.0000,419.1049,1.3927,0.2981,16.6603,16.6659,15.5688,0.0007,-1.0000
16.6668,1.0000,419.1216,1.0818,0.2631,16.6694,16.6562,15.4394,0.0009,-1.0000
16.6651,1.0000,419.1382,1.2283,0.2527,16.6724,16.6639,15.3623,0.0010,-1.0000
16.6685,1.0000,419.1549,1.1592,0.2445,16.6587,16.6520,15.5259,0.0013,-1.0000
16.6649,1.0000,419.1715,1.0960,0.2599,16.6746,16.6561,15.3553,0.0013,-1.0000
16.6716,1.0000,419.1883,1.2159,0.2582,16.6656,16.6779,15.5574,0.0009,-1.0000
16.6636,1.0000,419.2049,1.3005,0.2318,16.6726,16.6413,15.1311,0.0011,-1.0000
16.6664,1.0000,419.2216,1.1248,0.2973,16.6597,16.6554,15.2849,0.0421,-1.0000
16.6681,1.0000,419.2382,1.2995,0.2720,16.6642,16.6655,15.3581,0.0010,-1.0000
16.6666,1.0000,419.2549,1.1195,0.2614,16.6873,16.6528,15.3419,0.0010,-1.0000
16.6663,1.0000,419.2716,1.5091,0.3309,16.6518,16.6573,15.2705,0.0012,-1.0000
16.6664,1.0000,419.2882,1.3285,0.3035,16.6643,16.6588,15.3643,0.0012,-1.0000
16.6672,1.0000,419.3049,1.3060,0.3038,16.6749,16.6590,15.4261,0.0011,-1.0000
16.6645,1.0000,419.3215,1.3099,0.2642,16.6615,16.6459,15.5032,0.0009,-1.0000
16.6671,1.0000,419.3381,1.3856,0.2672,16.6661,16.6627,15.4994,0.0009,-1.0000
16.6699,1.0000,419.3549,1.2932,0.3244,16.6673,16.6697,15.6229,0.0011,-1.0000
16.6632,1.0000,419.3715,1.2317,0.2484,16.6689,16.6458,15.3906,0.0013,-1.0000
16.6655,1.0000,419.3881,1.1417,0.2578,16.6537,16.6556,15.5693,0.0008,-1.0000
16.6701,1.0000,419.4049,1.1627,0.2534,16.6693,16.6760,15.8166,0.0008,-1.0000
16.6652,1.0000,419.4216,1.0454,0.2416,16.6778,16.6522,15.3895,0.0012,-1.0000
16.6661,1.0000,419.4385,1.2540,0.2635,16.6527,16.6572,15.3289,0.0012,-1.0000
16.6697,1.0000,419.4550,1.0858,0.2482,16.6610,16.6723,15.1625,0.0011,-1.0000
16.6643,1.0000,419.4715,0.8584,0.2415,16.6819,16.6485,15.2414,0.0010,-1.0000
16.6722,1.0000,419.4883,1.2617,0.2737,16.6608,16.6783,15.4471,0.0009,-1.0000
16.6634,1.0000,419.5049,1.3273,0.3819,16.6641,16.6427,15.2090,0.0009,-1.0000
16.6665,1.0000,419.5216,1.5083,0.3444,16.6822,16.6522,15.3455,0.0015,-1.0000
16.6670,1.0000,419.5381,1.4061,0.3070,16.6558,16.6628,15.4147,0.0011,-1.0000
16.6674,1.0000,419.5549,1.2304,0.3121,16.6889,16.6560,15.4571,0.0009,-1.0000
16.6668,1.0000,419.5717,1.4328,0.3056,16.6542,16.6637,15.3691,0.0016,-1.0000
16.6693,1.0000,419.5884,1.3048,0.3338,16.6609,16.6573,15.1189,0.0011,-1.0000
16.6634,1.0000,419.6049,1.2465,0.3046,16.6719,16.6460,14.9786,0.0009,-1.0000
16.6643,1.0000,419.6215,1.1975,0.3293,16.6647,16.6487,15.2690,0.0012,-1.0000
16.6678,1.0000,419.6381,1.2931,0.2911,16.6747,16.6638,15.5586,0.0013,-1.0000
16.6669,1.0000,419.6550,1.5369,0.3599,16.6702,16.6606,15.4720,0.0012,-1.0000
16.6670,1.0000,419.6715,1.6667,0.4192,16.6559,16.6588,15.2750,0.0013,-1.0000
16.6647,1.0000,419.6882,1.3788,0.2675,16.6566,16.6544,15.3962,0.0009,-1.0000
16.6672,1.0000,419.7049,1.1037,0.3040,16.6703,16.6590,15.4904,0.0009,-1.0000
16.6673,1.0000,419.7215,1.1875,0.2527,16.6685,16.6595,15.4208,0.0011,-1.0000
16.6649,1.0000,419.7381,1.3823,0.2886,16.6675,16.6549,15.4387,0.0010,-1.0000
16.6699,1.0000,419.7549,1.2576,0.2742,16.6627,16.6702,15.4725,0.0009,-1.0000
16.6665,1.0000,419.7715,1.1677,0.3180,16.6664,16.6578,15.4424,0.0010,-1.0000
16.6647,1.0000,419.7882,1.2380,0.2995,16.6668,16.6514,15.4633,0.0012,-1.0000
16.6691,1.0000,419.8049,1.2151,0.3120,16.6611,16.6702,15.4479,0.0012,-1.0000
16.6667,1.0000,419.8217,1.1966,0.2725,16.6787,16.6572,15.4469,0.0010,-1.0000
16.6677,1.0000,419.8382,1.2143,0.2579,16.6664,16.6555,15.1958,0.0012,-1.0000
16.6669,1.0000,419.8549,1.1873,0.2964,16.6598,16.6548,15.3293,0.0011,-1.0000
16.6659,1.0000,419.8716,1.2208,0.2853,16.6776,16.6571,15.4129,0.0012,-1.0000
16.6662,1.0000,419.8882,1.2092,0.2900,16.6681,16.6541,15.2758,0.0011,-1.0000
16.6664,1.0000,419.9049,1.4587,0.2676,16.6668,16.6564,15.3584,0.0011,-1.0000
16.6680,1.0000,419.9216,1.3242,0.3076,16.6638,16.6625,15.3449,0.0011,-1.0000
16.6634,1.0000,419.9380,1.2427,0.2677,16.6662,16.6495,15.3727,0.0013,-1.0000
16.6705,1.0000,419.9550,1.3770,0.2650,16.6626,16.6760,15.6651,0.0010,-1.0000
16.6661,1.0000,419.9716,1.2968,0.2615,16.6638,16.6510,15.2149,0.0013,-1.0000
16.6642,1.0000,419.9882,1.3165,0.2423,16.6712,16.6467,15.2784,0.0011,-1.0000
16.6693,1.0000,420.0049,1.2755,0.2670,16.6561,16.6687,15.5039,0.0011,-1.0000
16.6649,1.0000,420.0215,1.0099,0.3321,16.6851,16.6514,15.4631,0.0011,-1.0000
16.6677,1.0000,420.0381,1.4344,0.2726,16.6616,16.6669,15.5844,0.0008,-1.0000
16.6671,1.0000,420.0552,1.3670,0.2388,16.6546,16.6596,15.4743,0.0012,-1.0000
16.6648,1.0000,420.0714,1.1635,0.2698,16.6760,16.6503,15.0686,0.0012,-1.0000
16.6703,1.0000,420.0882,1.1873,0.2788,16.6580,16.6743,15.4889,0.0009,-1.0000
16.6668,1.0000,420.1049,1.0817,0.3158,16.6732,16.6582,15.3544,0.0010,-1.0000
16.6651,1.0000,420.1216,1.1839,0.4188,16.6678,16.6550,15.3527,0.0012,-1.0000
16.6688,1.0000,420.1382,1.5806,0.3134,16.6568,16.6637,15.3822,0.0013,-1.0000
16.6659,1.0000,420.1549,1.1841,0.3055,16.6814,16.6538,15.2923,0.0012,-1.0000
16.6665,1.0000,420.1716,1.3026,0.3082,16.6677,16.6580,15.3370,0.0012,-1.0000
16.6668,1.0000,420.1882,1.3012,0.3203,16.6635,16.6582,15.2735,0.0014,-1.0000
16.6647,1.0000,420.2051,1.2802,0.3396,16.6724,16.6523,15.4397,0.0013,-1.0000
16.6660,1.0000,420.2215,1.3604,0.3122,16.6632,16.6536,15.0808,0.0010,-1.0000
16.6654,1.0000,420.2381,1.3199,0.3459,16.6665,16.6572,15.4329,0.0011,-1.0000
16.6715,1.0000,420.2549,1.3832,0.3059,16.6672,16.6790,15.5656,0.0008,-1.0000
16.6653,1.0000,420.2716,1.2114,0.3463,16.6606,16.6502,15.3315,0.0011,-1.0000
16.6633,1.0000,420.2881,1.5718,0.2916,16.6608,16.6433,15.2895,0.0013,-1.0000
16.6703,1.0000,420.3049,1.2232,0.3009,16.6633,16.6769,15.6908,0.0009,-1.0000
16.6651,1.0000,420.3216,1.1123,0.3353,16.6872,16.6521,15.4231,0.0011,-1.0000
16.6655,1.0000,420.3380,1.3173,0.3596,16.6604,16.6564,15.3993,0.0011,-1.0000
16.6697,1.0000,420.3549,1.3525,0.2569,16.6492,16.6686,15.6546,0.0007,-1.0000
16.6672,1.0000,420.3716,0.9851,0.2878,16.6837,16.6640,15.4406,0.0012,-1.0000
16.6670,1.0000,420.3883,1.2276,0.2964,16.6593,16.6574,15.3239,0.0014,-1.0000
16.6654,1.0000,420.4050,1.2561,0.3144,16.6626,16.6535,15.3167,0.0010,-1.0000
16.6681,1.0000,420.4216,1.0130,0.4057,16.6749,16.6594,15.3095,0.0013,-1.0000
16.6663,1.0000,420.4381,1.2221,0.2770,16.6736,16.6597,15.3809,0.0016,-1.0000
16.6656,1.0000,420.4549,1.3319,0.2996,16.6674,16.6513,15.5098,0.0015,-1.0000
16.6671,1.0000,420.4716,1.3358,0.2721,16.6616,16.6632,15.4482,0.0012,-1.0000
16.6668,1.0000,420.4883,1.3485,0.2850,16.6689,16.6575,15.1330,0.0012,-1.0000
16.6668,1.0000,420.5050,1.2772,0.2603,16.6686,16.6678,15.3163,0.0011,-1.0000
16.6653,1.0000,420.5215,1.1400,0.2746,16.6598,16.6412,15.2727,0.0013,-1.0000
16.6659,1.0000,420.5381,1.2137,0.3382,16.6721,16.6583,15.5336,0.0012,-1.0000
16.6687,1.0000,420.5549,1.5232,0.3512,16.6665,16.6668,15.6239,0.0011,-1.0000
16.6673,1.0000,420.5716,1.3505,0.2555,16.6761,16.6611,15.3632,0.0011,-1.0000
16.6633,1.0000,420.5881,1.3671,0.2588,16.6477,16.6449,15.4165,0.0013,-1.0000
16.6714,1.0000,420.6049,1.1234,0.2970,16.6647,16.6791,15.6927,0.0008,-1.0000
16.6650,1.0000,420.6215,1.0418,0.2927,16.6745,16.6484,15.3595,0.0012,-1.0000
16.6642,1.0000,420.6380,1.2968,0.2439,16.6699,16.6497,15.4632,0.0011,-1.0000
16.6699,1.0000,420.6549,1.2272,0.2443,16.6513,16.6744,15.7270,0.0009,-1.0000
16.6666,1.0000,420.6715,0.9855,0.3216,16.6877,16.6554,15.3841,0.0012,-1.0000
16.6674,1.0000,420.6883,1.2879,0.2631,16.6572,16.6634,15.5309,0.0009,-1.0000
16.6667,1.0000,420.7051,1.1855,0.2391,16.6555,16.6617,15.3946,0.0013,-1.0000
16.6669,1.0000,420.7216,0.9468,0.2734,16.6823,16.6509,15.1570,0.0011,-1.0000
16.6665,1.0000,420.7384,1.2700,0.2995,16.6638,16.6595,15.4213,0.0013,-1.0000
16.6645,1.0000,420.7549,1.1312,0.2700,16.6730,16.6522,15.0723,0.0013,-1.0000
16.6685,1.0000,420.7715,1.2658,0.3021,16.6707,16.6638,15.4326,0.0010,-1.0000
16.6670,1.0000,420.7882,1.4926,0.2634,16.6593,16.6600,15.4393,0.0009,-1.0000
16.6674,1.0000,420.8049,1.2367,0.3959,16.6685,16.6596,15.4805,0.0011,-1.0000
16.6659,1.0000,420.8216,1.5786,0.2946,16.6595,16.6548,15.3352,0.0010,-1.0000
16.6656,1.0000,420.8381,1.2303,0.3315,16.6711,16.6545,15.4307,0.0010,-1.0000
16.6687,1.0000,420.8550,1.2198,0.3174,16.6694,16.6629,15.4212,0.0012,-1.0000
16.6658,1.0000,420.8715,1.1777,0.3320,16.6683,16.6568,15.2641,0.0010,-1.0000
16.6653,1.0000,420.8882,1.3183,0.3245,16.6645,16.6488,15.4833,0.0011,-1.0000
16.6684,1.0000,420.9049,1.2229,0.3276,16.6631,16.6693,15.5249,0.0010,-1.0000
16.6636,1.0000,420.9214,1.2402,0.3419,16.6707,16.6440,15.3039,0.0011,-1.0000
16.6692,1.0000,420.9382,1.3915,0.3344,16.6664,16.6724,15.6296,0.0010,-1.0000
16.6678,1.0000,420.9548,1.1645,0.3338,16.6565,16.6623,15.5113,0.0010,-1.0000
16.6645,1.0000,420.9715,1.1431,0.3327,16.6777,16.6484,15.5443,0.0009,-1.0000
16.6719,1.0000,420.9884,1.3390,0.2355,16.6500,16.6745,15.6142,0.0011,-1.0000
16.6644,1.0000,421.0049,1.0417,0.2691,16.6799,16.6505,14.9443,0.0015,-1.0000
16.6650,1.0000,421.0215,1.1500,0.2918,16.6702,16.6522,15.2153,0.0012,-1.0000
16.6675,1.0000,421.0381,1.1031,0.2640,16.6554,16.6663,15.5244,0.0011,-1.0000
16.6678,1.0000,421.0549,1.0589,0.2879,16.6840,16.6601,15.4362,0.0012,-1.0000
16.6630,1.0000,421.0715,1.7046,0.3380,16.6599,16.6452,15.3736,0.0012,-1.0000
16.6706,1.0000,421.0883,1.4354,0.2519,16.6593,16.6756,15.6111,0.0011,-1.0000
16.6677,1.0000,421.1050,1.1410,0.2735,16.6741,16.6596,15.3623,0.0011,-1.0000
16.6646,1.0000,421.1215,1.2224,0.2602,16.6681,16.6443,15.1609,0.0014,-1.0000
16.6656,1.0000,421.1380,1.2706,0.2480,16.6520,16.6591,15.6460,0.0011,-1.0000
16.6704,1.0000,421.1549,1.0629,0.2882,16.6834,16.6771,15.8040,0.0009,-1.0000
16.6646,1.0000,421.1715,1.2960,0.2389,16.6691,16.6489,15.3432,0.0013,-1.0000
16.6671,1.0000,421.1881,1.4821,0.2757,16.6511,16.6571,15.4724,0.0011,-1.0000
16.6692,1.0000,421.2050,1.0121,0.2283,16.6638,16.6670,15.6258,0.0010,-1.0000
16.6648,1.0000,421.2215,0.8719,0.2711,16.6852,16.6508,15.2330,0.0011,-1.0000
16.6645,1.0000,421.2380,1.3046,0.2333,16.6582,16.6498,15.5029,0.0012,-1.0000
16.6708,1.0000,421.2550,1.1835,0.2667,16.6653,16.6750,15.7103,0.0008,-1.0000
16.6664,1.0000,421.2715,1.0402,0.3019,16.6761,16.6590,15.0539,0.0013,-1.0000
16.6637,1.0000,421.2881,1.4168,0.2606,16.6589,16.6478,15.4128,0.0011,-1.0000
16.6705,1.0000,421.3049,1.1454,0.2428,16.6562,16.6751,15.6453,0.0011,-1.0000
16.6668,1.0000,421.3217,0.9637,0.3492,16.6817,16.6581,15.3186,0.0011,-1.0000
16.6647,1.0000,421.3381,1.6038,0.2888,16.6672,16.6471,15.2894,0.0010,-1.0000
16.6700,1.0000,421.3550,1.2339,0.2609,16.6543,16.6812,15.6315,0.0007,-1.0000
16.6662,1.0000,421.3716,1.0287,0.3308,16.6824,16.6450,15.2549,0.0010,-1.0000
16.6641,1.0000,421.3882,1.3386,0.2526,16.6674,16.6484,15.3085,0.0014,-1.0000
16.6688,1.0000,421.4055,1.3566,0.2618,16.6540,16.6651,15.5547,0.0012,-1.0000
16.6683,1.0000,421.4217,1.0488,0.2831,16.6908,16.6648,14.7572,0.0012,-1.0000
16.6631,1.0000,421.4382,1.3889,0.3185,16.6557,16.6432,15.0883,0.0012,-1.0000
16.6659,1.0000,421.4549,1.3385,0.2684,16.6566,16.6559,15.4695,0.0011,-1.0000
16.6717,1.0000,421.4717,1.1093,0.3919,16.6727,16.6815,15.4929,0.0010,-1.0000
16.6636,1.0000,421.4883,1.9065,0.4429,16.6748,16.6423,15.1370,0.0011,-1.0000
16.6645,1.0000,421.5048,1.5541,0.3295,16.6512,16.6490,15.3048,0.0013,-1.0000
16.6691,1.0000,421.5216,1.1854,0.3044,16.6617,16.6717,15.5170,0.0008,-1.0000
16.6663,1.0000,421.5381,1.1875,0.3900,16.6925,16.6540,15.3551,0.0011,-1.0000
16.6648,1.0000,421.5548,1.5042,0.2856,16.6515,16.6542,15.5706,0.0011,-1.0000
16.6694,1.0000,421.5717,1.3432,0.2642,16.6558,16.6708,15.6873,0.0011,-1.0000
16.6662,1.0000,421.5883,1.1538,0.3427,16.6780,16.6584,15.0257,0.0012,-1.0000
16.6659,1.0000,421.6049,1.2978,0.2930,16.6619,16.6566,15.3320,0.0012,-1.0000
16.6713,1.0000,421.6216,1.0826,0.2621,16.6597,16.6679,15.3833,0.0011,-1.0000
16.6644,1.0000,421.6382,0.9826,0.3766,16.6780,16.6518,15.1664,0.0012,-1.0000
16.6668,1.0000,421.6550,1.6313,0.3232,16.6662,16.6565,15.4059,0.0011,-1.0000
16.6679,1.0000,421.6717,1.3234,0.3496,16.6653,16.6577,15.1382,0.0012,-1.0000
16.6658,1.0000,421.6883,1.2833,0.3408,16.6789,16.6549,15.0482,0.0016,-1.0000
16.6668,1.0000,421.7049,1.4841,0.2946,16.6631,16.6567,15.3584,0.0010,-1.0000
16.6677,1.0000,421.7216,1.2494,0.3559,16.6673,16.6717,15.3193,0.0015,-1.0000
16.6651,1.0000,421.7382,1.5182,0.3829,16.6667,16.6411,15.3131,0.0012,-1.0000
16.6654,1.0000,421.7549,1.6047,0.3180,16.6641,16.6561,15.4149,0.0011,-1.0000
16.6677,1.0000,421.7715,1.2972,0.3226,16.6651,16.6646,15.5071,0.0010,-1.0000
16.6682,1.0000,421.7882,1.3509,0.3286,16.6810,16.6599,15.4300,0.0010,-1.0000
16.6655,1.0000,421.8049,1.3268,0.3007,16.6502,16.6531,15.3718,0.0011,-1.0000
16.6657,1.0000,421.8216,1.2402,0.3168,16.6625,16.6587,15.3608,0.0009,-1.0000
16.6668,1.0000,421.8381,1.1561,0.3045,16.6732,16.6596,15.4213,0.0012,-1.0000
16.6655,1.0000,421.8548,1.2290,0.3040,16.6681,16.6522,15.5536,0.0011,-1.0000
16.6691,1.0000,421.8717,1.2803,0.3489,16.6605,16.7043,15.6641,0.0010,-1.0000
16.6672,1.0000,421.8882,1.2970,0.2809,16.6662,16.6258,15.2244,0.0010,-1.0000
16.6635,1.0000,421.9048,1.2368,0.2916,16.6665,16.6446,15.3142,0.0011,-1.0000
16.6728,1.0000,421.9216,1.0976,0.2538,16.6587,16.6845,15.6230,0.0009,-1.0000
16.6642,1.0000,421.9381,1.0397,0.3733,16.7127,16.6458,15.0922,0.0011,-1.0000
16.6643,1.0000,421.9549,1.3999,0.3044,16.6348,16.6530,15.5093,0.0011,-1.0000
16.6694,1.0000,421.9716,1.3294,0.2556,16.6504,16.6699,15.4988,0.0011,-1.0000
16.6673,1.0000,421.9883,1.0606,0.3580,16.6939,16.6518,15.1902,0.0012,-1.0000
16.6653,1.0000,422.0049,1.5524,0.3055,16.6559,16.6546,15.3540,0.0012,-1.0000
16.6682,1.0000,422.0216,1.1426,0.2755,16.6606,16.6654,15.4685,0.0010,-1.0000
16.6660,1.0000,422.0381,1.1701,0.4602,16.6810,16.6529,15.3874,0.0014,-1.0000
16.6630,1.0000,422.0548,1.4603,0.2558,16.6610,16.6425,15.4824,0.0011,-1.0000
16.6679,1.0000,422.0716,1.2992,0.2734,16.6624,16.6679,15.6383,0.0013,-1.0000
16.6700,1.0000,422.0883,1.1960,0.2701,16.6749,16.6766,15.2724,0.0012,-1.0000
16.6625,1.0000,422.1048,1.2641,0.2535,16.6627,16.6428,15.2941,0.0014,-1.0000
16.6689,1.0000,422.1216,1.1590,0.2654,16.6497,16.6582,15.5788,0.0012,-1.0000
16.6663,1.0000,422.1381,1.0283,0.2766,16.6736,16.6580,15.3112,0.0011,-1.0000
16.6667,1.0000,422.1549,1.4032,0.3382,16.6869,16.6600,15.6248,0.0010,-1.0000
16.6672,1.0000,422.1716,1.3472,0.2606,16.6502,16.6616,15.4541,0.0012,-1.0000
16.6668,1.0000,422.1882,1.0783,0.2749,16.6655,16.6591,15.2695,0.0011,-1.0000
16.6667,1.0000,422.2052,1.3456,0.2540,16.6654,16.6623,15.4764,0.0011,-1.0000
16.6672,1.0000,422.2215,1.0342,0.2858,16.6663,16.6648,15.1016,0.0011,-1.0000
16.6683,1.0000,422.2381,1.2063,0.2704,16.6688,16.6586,15.3056,0.0010,-1.0000
16.6634,1.0000,422.2549,1.3886,0.2476,16.6661,16.6467,15.4007,0.0012,-1.0000
16.6696,1.0000,422.2717,1.1848,0.4022,16.6690,16.6748,15.3936,0.0008,-1.0000
16.6666,1.0000,422.2883,1.5622,0.3780,16.6733,16.6562,15.2250,0.0015,-1.0000
16.6661,1.0000,422.3049,1.3519,0.3014,16.6665,16.6527,15.2427,0.0010,-1.0000
16.6695,1.0000,422.3217,1.2447,0.3525,16.6538,16.6657,15.2987,0.0011,-1.0000
16.6640,1.0000,422.3381,1.2804,0.3276,16.6827,16.6459,15.1347,0.0011,-1.0000
16.6636,1.0000,422.3548,1.4296,0.3186,16.6663,16.6565,15.3612,0.0013,-1.0000
16.6681,1.0000,422.3716,1.4090,0.3208,16.6621,16.6621,15.6417,0.0010,-1.0000
16.6676,1.0000,422.3882,1.3657,0.3504,16.6762,16.6602,15.4494,0.0010,-1.0000
16.6657,1.0000,422.4049,1.5101,0.2798,16.6542,16.6557,15.4068,0.0016,-1.0000
16.6693,1.0000,422.4216,1.2938,0.2672,16.6624,16.6672,15.3583,0.0010,-1.0000
16.6670,1.0000,422.4381,1.0191,0.2751,16.6687,16.6585,15.2939,0.0010,-1.0000
16.6632,1.0000,422.4548,1.2098,0.2413,16.6673,16.6445,15.3757,0.0011,-1.0000
16.6688,1.0000,422.4716,1.2475,0.3463,16.6633,16.6706,15.6292,0.0010,-1.0000
16.6672,1.0000,422.4883,1.3079,0.2744,16.6767,16.6276,15.4037,0.0014,-1.0000
16.6663,1.0000,422.5049,1.3633,0.2835,16.6673,16.6521,15.2512,0.0010,-1.0000
16.6917,1.0000,422.5219,1.2678,0.2389,16.6509,16.6945,15.5792,0.0011,-1.0000
16.6440,1.0000,422.5382,1.0404,0.2657,16.6768,16.6106,14.8621,0.0014,-1.0000
16.6669,1.0000,422.5550,1.2226,0.2889,16.6704,16.6528,15.3157,0.0010,-1.0000
16.6656,1.0000,422.5717,1.3999,0.2420,16.6588,16.6553,15.2530,0.0011,-1.0000
16.6669,1.0000,422.5882,1.1140,0.2969,16.7032,16.6584,15.1366,0.0010,-1.0000
16.6667,1.0000,422.6049,1.7472,0.3228,16.6452,16.6557,15.3542,0.0012,-1.0000
16.6669,1.0000,422.6216,1.3360,0.2665,16.6628,16.6634,15.3324,0.0011,-1.0000
16.6671,1.0000,422.6381,1.4011,0.2520,16.6636,16.6577,15.4061,0.0012,-1.0000
16.6656,1.0000,422.6549,1.5207,0.2567,16.6673,16.6536,15.4492,0.0013,-1.0000
16.6658,1.0000,422.6715,1.3003,0.2873,16.6634,16.6565,15.3596,0.0012,-1.0000
16.6673,1.0000,422.6882,1.3299,0.2852,16.6715,16.6631,15.5297,0.0011,-1.0000
16.6662,1.0000,422.7048,1.2508,0.2785,16.6659,16.6560,15.4321,0.0015,-1.0000
16.6683,1.0000,422.7216,1.2031,0.2990,16.6616,16.6658,15.6253,0.0011,-1.0000
16.6662,1.0000,422.7382,1.2957,0.2535,16.6642,16.6589,15.2691,0.0012,-1.0000
16.6672,1.0000,422.7549,1.1324,0.2877,16.6703,16.6528,15.4587,0.0010,-1.0000
16.6679,1.0000,422.7716,1.2224,0.2661,16.6626,16.6659,15.4985,0.0011,-1.0000
16.6656,1.0000,422.7882,1.0394,0.2637,16.6743,16.6538,15.3348,0.0012,-1.0000
16.6651,1.0000,422.8048,1.3883,0.2854,16.6684,16.6510,15.5367,0.0011,-1.0000
16.6698,1.0000,422.8217,1.1929,0.2649,16.6608,16.6742,15.5951,0.0011,-1.0000
16.6675,1.0000,422.8382,1.1658,0.2588,16.6741,16.6574,15.0475,0.0018,-1.0000
16.6631,1.0000,422.8548,1.3179,0.2609,16.6630,16.6402,15.4407,0.0010,-1.0000
16.6693,1.0000,422.8716,1.1132,0.2637,16.6578,16.6709,15.5809,0.0013,-1.0000
16.6679,1.0000,422.8882,1.0779,0.2733,16.6836,16.6621,15.3299,0.0013,-1.0000
16.6624,1.0000,422.9048,1.6079,0.2523,16.6682,16.6416,15.2331,0.0012,-1.0000
16.6696,1.0000,422.9219,1.1987,0.2879,16.6481,16.6733,15.5416,0.0011,-1.0000
16.6684,1.0000,422.9382,1.0883,0.3445,16.6784,16.6631,14.8940,0.0012,-1.0000
16.6659,1.0000,422.9549,1.3307,0.2694,16.6722,16.6519,15.3562,0.0014,-1.0000
16.6653,1.0000,422.9716,1.4073,0.2524,16.6480,16.6535,15.3535,0.0011,-1.0000
16.6669,1.0000,422.9883,1.1306,0.3019,16.6799,16.6595,15.4403,0.0012,-1.0000
16.6648,1.0000,423.0051,1.7682,0.2935,16.6720,16.6525,15.1981,0.0011,-1.0000
16.6695,1.0000,423.0216,1.2943,0.2658,16.6613,16.6680,15.2424,0.0011,-1.0000
16.6651,1.0000,423.0381,1.2987,0.2873,16.6616,16.6558,15.2634,0.0010,-1.0000
16.6679,1.0000,423.0549,1.2178,0.2949,16.6679,16.6624,15.4918,0.0011,-1.0000
16.6654,1.0000,423.0715,1.4532,0.3936,16.6599,16.6529,15.4174,0.0009,-1.0000
16.6667,1.0000,423.0882,1.4244,0.3452,16.6761,16.6573,15.5039,0.0010,-1.0000
16.6684,1.0000,423.1049,1.3911,0.3714,16.6633,16.6655,15.5368,0.0012,-1.0000
16.6670,1.0000,423.1216,1.1699,0.3090,16.6704,16.6575,15.3192,0.0013,-1.0000
16.6669,1.0000,423.1381,1.2346,0.3151,16.6613,16.6590,15.4568,0.0012,-1.0000
16.6670,1.0000,423.1552,1.1523,0.2936,16.6646,16.6616,15.5092,0.0015,-1.0000
16.6661,1.0000,423.1716,1.1274,0.3238,16.6738,16.6550,14.5683,0.0525,-1.0000
16.6651,1.0000,423.1882,1.3369,0.3138,16.6665,16.6536,15.4531,0.0010,-1.0000
16.6683,1.0000,423.2049,1.2008,0.3392,16.6664,16.6652,15.5257,0.0014,-1.0000
16.6683,1.0000,423.2216,1.1510,0.3550,16.6708,16.6614,15.5157,0.0010,-1.0000
16.6661,1.0000,423.2382,2.0338,0.3071,16.6629,16.6605,15.4255,0.0016,-1.0000
16.6667,1.0000,423.2551,1.1993,0.2590,16.6605,16.6555,14.8872,0.0013,-1.0000
16.6657,1.0000,423.2719,1.1379,0.2677,16.6728,16.6565,15.2799,0.0012,-1.0000
16.6656,1.0000,423.2881,1.1445,0.2894,16.6701,16.6506,15.1890,0.0012,-1.0000
16.6698,1.0000,423.3049,1.2330,0.3610,16.6682,16.6739,15.6191,0.0010,-1.0000
16.6685,1.0000,423.3217,1.7670,0.2582,16.6638,16.6632,15.3926,0.0011,-1.0000
16.6633,1.0000,423.3381,1.3754,0.2661,16.6657,16.6418,15.0448,0.0009,-1.0000
16.6671,1.0000,423.3549,1.4605,0.2349,16.6570,16.6591,15.5381,0.0010,-1.0000
16.6656,1.0000,423.3716,1.0538,0.2809,16.6822,16.6591,15.5001,0.0013,-1.0000
16.6647,1.0000,423.3881,1.2693,0.3496,16.6753,16.6464,15.4706,0.0012,-1.0000
16.6670,1.0000,423.4048,1.5963,0.2790,16.6515,16.6650,15.7334,0.0010,-1.0000
16.6698,1.0000,423.4216,1.1198,0.2684,16.6664,16.6694,15.6188,0.0011,-1.0000
16.6662,1.0000,423.4382,1.1575,0.2526,16.6682,16.6594,15.4115,0.0009,-1.0000
16.6653,1.0000,423.4548,1.1749,0.2737,16.6527,16.6504,15.4555,0.0009,-1.0000
16.6698,1.0000,423.4716,0.9306,0.2287,16.6700,16.6717,15.5774,0.0012,-1.0000
16.6655,1.0000,423.4884,1.0496,0.2872,16.6766,16.6553,15.3019,0.0011,-1.0000
16.6677,1.0000,423.5050,1.2470,0.2844,16.6682,16.6607,15.2015,0.0013,-1.0000
16.6671,1.0000,423.5216,1.1937,0.2780,16.6564,16.6582,15.3601,0.0010,-1.0000
16.6677,1.0000,423.5381,1.0930,0.2713,16.6786,16.6604,15.4279,0.0014,-1.0000
16.6632,1.0000,423.5549,1.3519,0.3408,16.6650,16.6415,15.4994,0.0010,-1.0000
16.6663,1.0000,423.5716,1.4576,0.3311,16.6703,16.6620,15.5970,0.0011,-1.0000
16.6697,1.0000,423.5882,1.2969,0.2734,16.6678,16.6685,15.3551,0.0015,-1.0000
16.6682,1.0000,423.6050,1.2313,0.2944,16.6720,16.6624,15.3035,0.0013,-1.0000
16.6652,1.0000,423.6219,1.1410,0.2454,16.6490,16.6602,14.9906,0.0012,-1.0000
16.6665,1.0000,423.6381,1.0637,0.2568,16.6681,16.6512,15.0450,0.0013,-1.0000
16.6642,1.0000,423.6548,1.3118,0.3134,16.6752,16.6466,15.5356,0.0010,-1.0000
16.6693,1.0000,423.6716,1.3574,0.3158,16.6711,16.6727,15.4461,0.0013,-1.0000
16.6668,1.0000,423.6882,1.6682,0.4804,16.6689,16.6608,15.4235,0.0014,-1.0000
16.6645,1.0000,423.7049,1.6048,0.2918,16.6603,16.6486,15.3809,0.0013,-1.0000
16.6686,1.0000,423.7216,1.1102,0.3302,16.6534,16.6667,15.4979,0.0010,-1.0000
16.6674,1.0000,423.7382,1.2254,0.3269,16.6798,16.6581,15.3957,0.0010,-1.0000
16.6633,1.0000,423.7548,1.2357,0.3366,16.6687,16.6462,15.4330,0.0011,-1.0000
16.6692,1.0000,423.7718,1.2667,0.2895,16.6571,16.6715,15.8302,0.0008,-1.0000
16.6661,1.0000,423.7882,1.1677,0.2970,16.6752,16.6556,15.0453,0.0012,-1.0000
16.6668,1.0000,423.8049,1.2615,0.3426,16.6666,16.6608,15.5141,0.0011,-1.0000
16.6688,1.0000,423.8217,1.2120,0.2407,16.6523,16.6672,15.4967,0.0011,-1.0000
16.6649,1.0000,423.8381,0.8405,0.3317,16.6778,16.6517,15.1337,0.0011,-1.0000
16.6668,1.0000,423.8549,1.6090,0.2814,16.6614,16.6603,15.5198,0.0009,-1.0000
16.6681,1.0000,423.8716,1.1459,0.2930,16.6682,16.6637,15.4548,0.0010,-1.0000
16.7071,1.0000,423.8884,1.1692,0.3242,16.6752,16.7022,15.4013,0.0012,-1.0000
16.6697,1.0000,423.9050,1.5168,0.2779,16.6589,16.6655,15.0589,0.0012,-1.0000
16.6645,1.0000,423.9217,1.1396,0.2932,16.6672,16.6456,15.2508,0.0013,-1.0000
16.6658,1.0000,423.9382,1.2077,0.3111,16.6716,16.6550,15.1682,0.0012,-1.0000
16.6687,1.0000,423.9550,1.2992,0.3680,16.7129,16.6653,15.5300,0.0011,-1.0000
16.6621,1.0000,423.9716,1.6048,0.3673,16.6767,16.6366,15.2947,0.0015,-1.0000
16.6675,1.0000,423.9883,1.3932,0.3426,16.6565,16.6647,15.5373,0.0013,-1.0000
16.6658,1.0000,424.0049,1.4856,0.2716,16.6639,16.6070,15.4100,0.0010,-1.0000
16.6687,1.0000,424.0216,1.1338,0.2908,16.6756,16.6716,15.6340,0.0009,-1.0000
16.6661,1.0000,424.0381,1.3406,0.2416,16.6449,16.6505,15.3247,0.0015,-1.0000
16.6644,1.0000,424.0548,1.1264,0.2488,16.7193,16.6512,15.5016,0.0011,-1.0000
16.6693,1.0000,424.0717,1.1960,0.2524,16.6137,16.6719,15.7433,0.0009,-1.0000
16.6665,1.0000,424.0882,1.0366,0.2704,16.6795,16.6542,15.2557,0.0012,-1.0000
16.6655,1.0000,424.1049,1.3245,0.3357,16.6600,16.6544,15.6266,0.0009,-1.0000
16.6692,1.0000,424.1216,1.1484,0.2235,16.6566,16.6723,15.5132,0.0011,-1.0000
16.6672,1.0000,424.1382,0.9278,0.2813,16.6811,16.6545,15.4020,0.0011,-1.0000
16.6634,1.0000,424.1549,1.3974,0.2449,16.6623,16.6451,15.3534,0.0010,-1.0000
16.6750,1.0000,424.1717,1.0269,0.2857,16.6614,16.6839,15.5912,0.0010,-1.0000
16.6615,1.0000,424.1883,1.1578,0.3174,16.6803,16.6430,15.1533,0.0011,-1.0000
16.6676,1.0000,424.2050,1.2512,0.3357,16.6662,16.6590,15.4191,0.0015,-1.0000
16.6661,1.0000,424.2216,1.2906,0.2476,16.6520,16.6600,15.0593,0.0012,-1.0000
16.6693,1.0000,424.2383,1.0914,0.2969,16.6940,16.6590,15.3657,0.0012,-1.0000
16.6627,1.0000,424.2549,1.4882,0.2906,16.6532,16.6482,15.3013,0.0012,-1.0000
16.6654,1.0000,424.2715,1.2382,0.3918,16.6681,16.6533,15.5378,0.0010,-1.0000
16.6687,1.0000,424.2882,1.5990,0.3180,16.6696,16.6662,15.5691,0.0010,-1.0000
16.6640,1.0000,424.3051,1.2920,0.2692,16.6681,16.6475,15.4843,0.0012,-1.0000
16.6697,1.0000,424.3217,1.3457,0.2855,16.6579,16.6770,15.3441,0.0015,-1.0000
16.6670,1.0000,424.3381,1.1147,0.2742,16.6601,16.6548,15.1565,0.0012,-1.0000
16.6649,1.0000,424.3549,1.0958,0.2581,16.6734,16.6525,15.5328,0.0010,-1.0000
16.6673,1.0000,424.3716,1.1619,0.3375,16.6533,16.6592,15.3839,0.0010,-1.0000
16.6675,1.0000,424.3882,1.3313,0.3312,16.6852,16.6619,15.5119,0.0010,-1.0000
16.6657,1.0000,424.4049,1.4968,0.3123,16.6636,16.6555,15.4782,0.0010,-1.0000
16.6670,1.0000,424.4216,1.1188,0.3270,16.6612,16.6616,15.4678,0.0012,-1.0000
16.6688,1.0000,424.4382,1.2741,0.3075,16.6664,16.6672,15.4641,0.0012,-1.0000
16.6680,1.0000,424.4550,1.1487,0.2696,16.6697,16.6585,15.3927,0.0012,-1.0000
16.6658,1.0000,424.4718,1.1763,0.2836,16.6616,16.6567,15.3044,0.0012,-1.0000
16.6659,1.0000,424.4883,1.1928,0.3316,16.6685,16.6535,14.9335,0.0016,-1.0000
16.6664,1.0000,424.5049,1.2021,0.3157,16.6767,16.6567,15.3800,0.0013,-1.0000
16.6642,1.0000,424.5215,1.2644,0.3410,16.6693,16.6494,15.3803,0.0012,-1.0000
16.6704,1.0000,424.5382,1.3510,0.5131,16.6660,16.6742,15.4438,0.0013,-1.0000
16.6643,1.0000,424.5549,1.7182,0.2585,16.6630,16.6450,15.5331,0.0010,-1.0000
16.6669,1.0000,424.5716,1.2754,0.2568,16.6657,16.6576,15.4498,0.0009,-1.0000
16.6690,1.0000,424.5882,1.2679,0.2488,16.6568,16.6678,15.4813,0.0012,-1.0000
16.6639,1.0000,424.6049,1.2288,0.2871,16.6833,16.6503,15.5561,0.0013,-1.0000
16.6680,1.0000,424.6216,1.1108,0.2999,16.6542,16.6632,15.4074,0.0013,-1.0000
16.6673,1.0000,424.6381,1.2068,0.2563,16.6639,16.6622,15.3374,0.0012,-1.0000
16.6654,1.0000,424.6549,1.1855,0.2533,16.6755,16.6526,15.6523,0.0009,-1.0000
16.6675,1.0000,424.6716,1.0928,0.2574,16.6580,16.6633,15.4205,0.0012,-1.0000
16.6666,1.0000,424.6882,1.2545,0.2542,16.6707,16.6598,15.5229,0.0014,-1.0000
16.6698,1.0000,424.7052,1.3234,0.2487,16.6701,16.6701,15.3720,0.0009,-1.0000
16.6664,1.0000,424.7217,0.9994,0.2380,16.6589,16.6556,14.9835,0.0012,-1.0000
16.6661,1.0000,424.7383,1.2418,0.2681,16.6695,16.6554,15.1072,0.0011,-1.0000
16.6662,1.0000,424.7550,1.1355,0.3089,16.6674,16.6542,15.0235,0.0012,-1.0000
16.6671,1.0000,424.7717,1.2972,0.3263,16.6804,16.6573,15.3223,0.0012,-1.0000
16.6655,1.0000,424.7882,1.6709,0.2677,16.6667,16.6504,15.0981,0.0011,-1.0000
16.6655,1.0000,424.8049,1.5468,0.3200,16.6658,16.6536,15.4895,0.0013,-1.0000
16.6667,1.0000,424.8215,1.6292,0.3211,16.6651,16.6615,15.5618,0.0013,-1.0000
16.6688,1.0000,424.8381,1.3334,0.3341,16.6688,16.6636,15.4576,0.0012,-1.0000
16.6637,1.0000,424.8548,1.5509,0.2790,16.6584,16.6472,15.4912,0.0010,-1.0000
16.6702,1.0000,424.8716,1.1628,0.2468,16.6599,16.6767,15.6497,0.0009,-1.0000
16.6656,1.0000,424.8882,1.0987,0.2989,16.6686,16.6535,15.3780,0.0009,-1.0000
16.6645,1.0000,424.9048,1.2044,0.2600,16.6713,16.6496,15.5340,0.0009,-1.0000
16.6691,1.0000,424.9216,1.1550,0.2550,16.6524,16.6748,15.6907,0.0010,-1.0000
16.6678,1.0000,424.9382,1.0255,0.2696,16.6844,16.6581,15.3751,0.0012,-1.0000
16.6634,1.0000,424.9549,1.2744,0.2724,16.6615,16.6479,15.5815,0.0014,-1.0000
16.6707,1.0000,424.9717,1.1148,0.2593,16.6549,16.6755,15.5196,0.0010,-1.0000
16.6668,1.0000,424.9883,0.9829,0.2950,16.6820,16.6543,15.2193,0.0011,-1.0000
16.6660,1.0000,425.0049,1.2814,0.2640,16.6661,16.6549,15.3516,0.0011,-1.0000
16.6673,1.0000,425.0216,1.0651,0.2758,16.6550,16.6607,15.4322,0.0009,-1.0000
16.6659,1.0000,425.0382,1.1547,0.3719,16.6846,16.6572,15.2284,0.0017,-1.0000
16.6674,1.0000,425.0549,1.4336,0.3079,16.6646,16.6562,15.4972,0.0010,-1.0000
16.6637,1.0000,425.0715,1.3020,0.2822,16.6629,16.6460,15.2895,0.0011,-1.0000
16.6701,1.0000,425.0883,1.2272,0.2697,16.6701,16.6729,15.6168,0.0009,-1.0000
16.6662,1.0000,425.1049,1.4272,0.2872,16.6673,16.6555,15.4407,0.0012,-1.0000
16.6639,1.0000,425.1215,1.1579,0.3335,16.6662,16.6470,15.4437,0.0012,-1.0000
16.6698,1.0000,425.1382,1.3553,0.2336,16.6528,16.6710,15.6781,0.0010,-1.0000
16.6655,1.0000,425.1550,1.0551,0.2825,16.6804,16.6553,15.4712,0.0011,-1.0000
16.6646,1.0000,425.1715,1.2133,0.2731,16.6645,16.6510,15.3222,0.0013,-1.0000
16.6691,1.0000,425.1883,1.2021,0.2828,16.6541,16.6702,15.6899,0.0011,-1.0000
16.6666,1.0000,425.2055,0.9917,0.3146,16.6777,16.6573,15.4513,0.0012,-1.0000
16.6645,1.0000,425.2215,1.1830,0.3115,16.6644,16.6520,14.8264,0.0013,-1.0000
16.6702,1.0000,425.2382,1.3274,0.2702,16.6577,16.6723,15.6790,0.0009,-1.0000
16.6673,1.0000,425.2550,0.9792,0.2721,16.6775,16.6623,15.3617,0.0013,-1.0000
16.6682,1.0000,425.2717,1.2046,0.3945,16.6647,16.6613,15.2652,0.0013,-1.0000
16.6655,1.0000,425.2883,1.8245,0.3043,16.6580,16.6508,15.3147,0.0014,-1.0000
16.6671,1.0000,425.3050,0.9924,0.3288,16.6791,16.6635,15.3075,0.0013,-1.0000
16.6665,1.0000,425.3217,1.2994,0.3436,16.6728,16.6522,15.2331,0.0012,-1.0000
16.6635,1.0000,425.3381,1.3947,0.3746,16.6710,16.6397,14.9445,0.0015,-1.0000
16.6690,1.0000,425.3550,1.3347,0.3156,16.6606,16.6675,15.6208,0.0006,-1.0000
16.6658,1.0000,425.3716,1.3545,0.3348,16.6760,16.6595,15.3136,0.0011,-1.0000
16.6657,1.0000,425.3882,1.4178,0.3800,16.6634,16.6534,15.3513,0.0009,-1.0000
16.6692,1.0000,425.4049,1.6938,0.2767,16.6483,16.6668,15.5369,0.0011,-1.0000
16.6648,1.0000,425.4215,1.0459,0.2941,16.6743,16.6534,15.4116,0.0013,-1.0000
16.6667,1.0000,425.4381,1.3450,0.3550,16.6680,16.6608,15.5932,0.0009,-1.0000
16.6695,1.0000,425.4550,1.3014,0.2759,16.6595,16.6705,15.5425,0.0010,-1.0000
16.6639,1.0000,425.4715,1.1288,0.2521,16.6738,16.6451,15.1402,0.0015,-1.0000
16.6680,1.0000,425.4883,1.2406,0.2596,16.6605,16.6626,15.5573,0.0010,-1.0000
16.6666,1.0000,425.5049,1.0668,0.3011,16.6669,16.6601,15.3131,0.0010,-1.0000
16.6659,1.0000,425.5215,1.1266,0.3255,16.6798,16.6527,15.3973,0.0011,-1.0000
16.6703,1.0000,425.5382,1.5033,0.3056,16.6551,16.6688,15.5031,0.0010,-1.0000
16.6653,1.0000,425.5550,1.1043,0.2849,16.6711,16.6580,15.3959,0.0009,-1.0000
16.6672,1.0000,425.5717,1.3458,0.3206,16.6673,16.6561,15.3584,0.0014,-1.0000
16.6660,1.0000,425.5883,1.2540,0.2360,16.6607,16.6544,15.2802,0.0012,-1.0000
16.6670,1.0000,425.6049,1.1645,0.2967,16.6771,16.6595,15.4323,0.0013,-1.0000
16.6659,1.0000,425.6216,1.2611,0.3356,16.6683,16.6558,15.3981,0.0010,-1.0000
16.6639,1.0000,425.6381,1.2962,0.3238,16.6667,16.6457,15.4985,0.0011,-1.0000
16.6708,1.0000,425.6551,1.3728,0.2507,16.6623,16.6788,15.7765,0.0010,-1.0000
16.6663,1.0000,425.6716,1.2259,0.2644,16.6686,16.6560,15.0158,0.0015,-1.0000
16.6670,1.0000,425.6883,1.2566,0.2571,16.6640,16.6554,15.4346,0.0010,-1.0000
16.6643,1.0000,425.7049,1.1463,0.2392,16.6524,16.6487,15.1856,0.0011,-1.0000
16.6687,1.0000,425.7216,0.9011,0.3269,16.6868,16.6622,15.4126,0.0009,-1.0000
16.6637,1.0000,425.7381,1.6384,0.3390,16.6675,16.6465,15.5123,0.0011,-1.0000
16.6668,1.0000,425.7549,1.2194,0.3259,16.6667,16.6594,15.7332,0.0009,-1.0000
16.6706,1.0000,425.7719,1.4623,0.2533,16.6575,16.6770,15.5551,0.0010,-1.0000
16.6658,1.0000,425.7883,1.2485,0.2703,16.6703,16.6547,15.0859,0.0011,-1.0000
16.6648,1.0000,425.8049,1.1331,0.2395,16.6537,16.6514,15.3108,0.0011,-1.0000
16.6951,1.0000,425.8221,0.9252,0.2684,16.6644,16.7001,15.6051,0.0013,-1.0000
16.6664,1.0000,425.8382,1.1208,0.4414,16.6841,16.6521,14.6345,0.0013,-1.0000
16.6647,1.0000,425.8549,1.5674,0.3266,16.6631,16.6515,15.4765,0.0011,-1.0000
16.6699,1.0000,425.8717,1.3396,0.2938,16.6586,16.6659,15.3931,0.0012,-1.0000
16.6657,1.0000,425.8883,1.0938,0.3401,16.7090,16.6564,15.3220,0.0013,-1.0000
16.6667,1.0000,425.9050,2.0158,0.3116,16.6618,16.6581,15.3345,0.0012,-1.0000
16.6643,1.0000,425.9216,1.1737,0.3335,16.6606,16.6459,15.3332,0.0015,-1.0000
16.6684,1.0000,425.9382,1.2714,0.3224,16.6749,16.6675,15.4486,0.0013,-1.0000
16.6646,1.0000,425.9549,1.3329,0.3296,16.6665,16.6476,15.4699,0.0013,-1.0000
16.6677,1.0000,425.9716,1.3225,0.3142,16.6688,16.6691,15.4806,0.0010,-1.0000
16.6694,1.0000,425.9884,1.3113,0.3026,16.6531,16.6768,15.3920,0.0013,-1.0000
16.6627,1.0000,426.0049,1.2175,0.3037,16.6754,16.6319,15.1780,0.0014,-1.0000
16.6664,1.0000,426.0215,1.1763,0.3153,16.6549,16.6566,15.6641,0.0008,-1.0000
16.6694,1.0000,426.0382,1.1876,0.3697,16.6755,16.6733,15.6890,0.0009,-1.0000
16.6638,1.0000,426.0549,1.2834,0.3963,16.6862,16.6507,15.5164,0.0010,-1.0000
16.6678,1.0000,426.0716,1.4526,0.2843,16.6391,16.6626,15.5726,0.0013,-1.0000
16.6694,1.0000,426.0883,0.9916,0.2916,16.6607,16.6692,15.4626,0.0009,-1.0000
16.6680,1.0000,426.1051,0.9831,0.2787,16.6801,16.6582,15.3184,0.0011,-1.0000
16.6657,1.0000,426.1216,1.1335,0.2646,16.6579,16.6545,14.9700,0.0014,-1.0000
16.6672,1.0000,426.1382,1.0890,0.3329,16.6690,16.6596,15.4213,0.0013,-1.0000
16.6661,1.0000,426.1550,1.2054,0.3270,16.6778,16.6586,15.4781,0.0011,-1.0000
16.6657,1.0000,426.1716,1.3384,0.3383,16.6687,16.6534,15.3878,0.0013,-1.0000
16.6699,1.0000,426.1885,1.6834,0.3094,16.6631,16.6751,15.4757,0.0013,-1.0000
16.6650,1.0000,426.2050,1.2367,0.3240,16.6681,16.6432,15.0399,0.0013,-1.0000
16.6633,1.0000,426.2215,1.1791,0.3185,16.6667,16.6404,15.3691,0.0013,-1.0000
16.6671,1.0000,426.2382,1.2647,0.3039,16.6609,16.6645,15.6745,0.0012,-1.0000
16.6698,1.0000,426.2550,1.1980,0.3879,16.6853,16.6712,15.5366,0.0010,-1.0000
16.6649,1.0000,426.2716,1.6019,0.3438,16.6574,16.6519,15.2868,0.0011,-1.0000
16.6670,1.0000,426.2883,1.2701,0.2771,16.6475,16.6588,15.4533,0.0009,-1.0000
16.6676,1.0000,426.3049,0.9888,0.2683,16.6710,16.6651,15.3970,0.0013,-1.0000
16.6654,1.0000,426.3216,1.1333,0.3301,16.6795,16.6518,15.4138,0.0011,-1.0000
16.6661,1.0000,426.3381,1.3638,0.3433,16.6600,16.6552,15.5033,0.0009,-1.0000
16.6675,1.0000,426.3549,1.2045,0.3389,16.6656,16.6639,15.6822,0.0013,-1.0000
16.6656,1.0000,426.3716,1.2668,0.3388,16.6739,16.6565,15.4598,0.0010,-1.0000
16.6690,1.0000,426.3883,1.2368,0.2889,16.6602,16.6684,15.3443,0.0012,-1.0000
16.6681,1.0000,426.4050,1.1508,0.2587,16.6616,16.6629,15.1525,0.0012,-1.0000
16.6640,1.0000,426.4216,0.9803,0.2763,16.6713,16.6456,15.3200,0.0010,-1.0000
16.6694,1.0000,426.4383,1.1959,0.2844,16.6623,16.6731,15.6209,0.0011,-1.0000
16.6672,1.0000,426.4551,1.3226,0.3508,16.6772,16.7493,15.3118,0.0012,-1.0000
16.6638,1.0000,426.4716,1.5089,0.2947,16.6719,16.5514,15.3309,0.0010,-1.0000
16.6715,1.0000,426.4886,1.3246,0.2487,16.6521,16.6812,15.5848,0.0009,-1.0000
16.6641,1.0000,426.5050,1.0507,0.2829,16.6824,16.6410,14.9679,0.0013,-1.0000
16.6634,1.0000,426.5215,1.4361,0.2658,16.7605,16.6443,15.3583,0.0011,-1.0000
16.6678,1.0000,426.5381,1.2197,0.2519,16.5590,16.6670,15.7205,0.0010,-1.0000
16.6701,1.0000,426.5550,1.0951,0.3232,16.6923,16.6685,15.6716,0.0011,-1.0000
16.6634,1.0000,426.5719,1.6720,0.3144,16.6514,16.6461,15.4601,0.0011,-1.0000
16.6679,1.0000,426.5883,1.2850,0.2840,16.6512,16.6677,15.1588,0.0012,-1.0000
16.6680,1.0000,426.6049,0.9455,0.2584,16.6729,16.6640,15.4933,0.0008,-1.0000
16.6645,1.0000,426.6216,0.9954,0.2832,16.6768,16.6475,15.3419,0.0010,-1.0000
16.6656,1.0000,426.6381,1.1853,0.4074,16.6529,16.6568,15.5931,0.0009,-1.0000
16.6702,1.0000,426.6550,1.5076,0.3391,16.6745,16.6764,15.6283,0.0013,-1.0000
16.6646,1.0000,426.6716,1.1697,0.3716,16.6725,16.6470,15.3579,0.0013,-1.0000
16.6670,1.0000,426.6883,1.3046,0.2690,16.6549,16.6639,15.5502,0.0007,-1.0000
16.6700,1.0000,426.7050,1.0628,0.2756,16.6623,16.6722,15.5476,0.0011,-1.0000
16.6643,1.0000,426.7217,1.0466,0.2909,16.6838,16.6507,15.2414,0.0011,-1.0000
16.6664,1.0000,426.7382,1.2879,0.2833,16.6538,16.6523,15.3587,0.0010,-1.0000
16.6694,1.0000,426.7550,1.1131,0.3402,16.6707,16.6673,15.4970,0.0011,-1.0000
16.6643,1.0000,426.7716,1.1228,0.3599,16.6807,16.6497,15.4594,0.0012,-1.0000
16.6675,1.0000,426.7883,1.4079,0.2985,16.6601,16.6618,15.5353,0.0012,-1.0000
16.6673,1.0000,426.8050,1.2925,0.3502,16.6597,16.6656,15.4705,0.0011,-1.0000
16.6665,1.0000,426.8217,1.1692,0.2681,16.6762,16.6519,15.4351,0.0013,-1.0000
16.6634,1.0000,426.8381,1.1890,0.2681,16.6581,16.6450,15.3315,0.0011,-1.0000
16.6703,1.0000,426.8550,1.1254,0.2889,16.6691,16.6779,15.8202,0.0010,-1.0000
16.6662,1.0000,426.8716,1.1938,0.2806,16.6739,16.6517,15.3197,0.0014,-1.0000
16.6664,1.0000,426.8883,1.2154,0.2529,16.6610,16.6583,15.4318,0.0011,-1.0000
16.6677,1.0000,426.9050,1.3125,0.2646,16.6515,16.6642,15.5045,0.0014,-1.0000
16.6665,1.0000,426.9216,0.8568,0.2568,16.6858,16.6561,15.3325,0.0013,-1.0000
16.6668,1.0000,426.9382,1.3307,0.2759,16.6609,16.6534,15.4410,0.0011,-1.0000
16.6668,1.0000,426.9550,1.2255,0.2700,16.6667,16.6609,15.5855,0.0012,-1.0000
16.6672,1.0000,426.9716,1.1583,0.2846,16.6735,16.6566,15.4617,0.0011,-1.0000
16.6651,1.0000,426.9883,1.3223,0.3130,16.6658,16.6523,15.3724,0.0011,-1.0000
16.6699,1.0000,427.0051,1.2111,0.2796,16.6616,16.6750,15.4937,0.0012,-1.0000
16.6655,1.0000,427.0216,1.0741,0.2751,16.6702,16.6502,15.1643,0.0014,-1.0000
16.6660,1.0000,427.0382,1.1938,0.2488,16.6638,16.6555,15.4201,0.0012,-1.0000
16.6687,1.0000,427.0551,1.2788,0.2673,16.6595,16.6589,15.3299,0.0009,-1.0000
16.6657,1.0000,427.0717,1.1797,0.3060,16.6847,16.6560,15.2627,0.0013,-1.0000
16.6666,1.0000,427.0883,1.4844,0.2831,16.6602,16.6582,15.3325,0.0012,-1.0000
16.6667,1.0000,427.1050,1.2341,0.3123,16.6664,16.6584,15.3882,0.0011,-1.0000
16.6663,1.0000,427.1216,1.3281,0.2856,16.6683,16.6583,15.4007,0.0013,-1.0000
16.6638,1.0000,427.1381,1.3919,0.2715,16.6651,16.6417,15.4505,0.0013,-1.0000
16.6684,1.0000,427.1549,1.3244,0.2722,16.6672,16.6731,15.7669,0.0009,-1.0000
16.6685,1.0000,427.1716,1.2690,0.2905,16.6670,16.6618,15.4544,0.0015,-1.0000
16.6647,1.0000,427.1885,1.2561,0.2543,16.6673,16.6544,15.2996,0.0010,-1.0000
16.6675,1.0000,427.2049,1.1898,0.2526,16.6477,16.6641,15.2022,0.0013,-1.0000
16.6955,1.0000,427.2218,0.9056,0.2683,16.6790,16.6907,15.5500,0.0012,-1.0000
16.6641,1.0000,427.2382,1.2060,0.2935,16.6691,16.6454,15.2693,0.0012,-1.0000
16.6668,1.0000,427.2549,1.3540,0.3740,16.6623,16.6604,15.5317,0.0010,-1.0000
16.6681,1.0000,427.2717,1.4605,0.3130,16.6710,16.6674,15.7845,0.0009,-1.0000
16.6676,1.0000,427.2883,1.1392,0.3403,16.6995,16.6610,15.3221,0.0010,-1.0000
16.6681,1.0000,427.3051,1.3750,0.2838,16.6523,16.6621,15.3880,0.0011,-1.0000
16.6662,1.0000,427.3217,1.1277,0.2850,16.6659,16.6552,15.1921,0.0014,-1.0000
16.6661,1.0000,427.3383,0.8820,0.3549,16.6743,16.6578,15.3107,0.0012,-1.0000
16.6684,1.0000,427.3554,1.3375,0.3493,16.6702,16.6669,15.4187,0.0012,-1.0000
16.6658,1.0000,427.3717,1.2732,0.3312,16.6716,16.6469,14.9131,0.0013,-1.0000
16.6672,1.0000,427.3883,1.4617,0.3197,16.6649,16.6625,15.3769,0.0013,-1.0000
16.6692,1.0000,427.4051,1.3460,0.3446,16.6664,16.6592,15.2854,0.0011,-1.0000
16.6641,1.0000,427.4218,1.2471,0.3386,16.6774,16.6463,15.0933,0.0011,-1.0000
16.6655,1.0000,427.4382,1.7327,0.3242,16.6572,16.6541,15.2002,0.0012,-1.0000
16.6651,1.0000,427.4549,1.2841,0.3292,16.6722,16.6517,15.5037,0.0012,-1.0000
16.6687,1.0000,427.4716,1.3722,0.3697,16.6719,16.6716,15.7278,0.0007,-1.0000
16.6679,1.0000,427.4883,1.5522,0.3370,16.6541,16.6645,15.4356,0.0008,-1.0000
16.6641,1.0000,427.5049,1.4528,0.3105,16.6614,16.6481,15.3498,0.0013,-1.0000
16.6671,1.0000,427.5216,1.1470,0.2614,16.6579,16.6631,15.5816,0.0011,-1.0000
16.6687,1.0000,427.5382,0.9427,0.3080,16.6770,16.6648,15.4452,0.0013,-1.0000
16.6638,1.0000,427.5549,1.2281,0.3371,16.6724,16.6439,15.5865,0.0008,-1.0000
16.6697,1.0000,427.5717,1.2972,0.2465,16.6556,16.6737,15.7666,0.0009,-1.0000
16.6667,1.0000,427.5883,1.0806,0.2719,16.6702,16.6627,15.2939,0.0012,-1.0000
16.6675,1.0000,427.6050,1.2180,0.2609,16.6730,16.6556,15.4404,0.0009,-1.0000
16.6672,1.0000,427.6218,1.0565,0.2180,16.6506,16.6622,15.3594,0.0011,-1.0000
16.6654,1.0000,427.6382,0.9062,0.2778,16.6800,16.6510,15.1930,0.0010,-1.0000
16.6672,1.0000,427.6550,1.3674,0.2771,16.6734,16.6590,15.4648,0.0012,-1.0000
16.6674,1.0000,427.6717,1.2140,0.2900,16.6637,16.6579,15.4190,0.0013,-1.0000
16.6664,1.0000,427.6883,1.3014,0.3203,16.6726,16.6555,15.1949,0.0012,-1.0000
16.6670,1.0000,427.7050,1.4570,0.3068,16.6611,16.6591,15.4260,0.0012,-1.0000
16.6636,1.0000,427.7216,1.1930,0.2761,16.6667,16.6493,15.4275,0.0010,-1.0000
16.6702,1.0000,427.7383,1.2380,0.3606,16.6685,16.6694,15.5769,0.0009,-1.0000
16.6660,1.0000,427.7550,1.4592,0.3367,16.6644,16.6563,15.4092,0.0012,-1.0000
16.6670,1.0000,427.7716,1.2321,0.2826,16.6678,16.6599,15.4438,0.0011,-1.0000
16.6666,1.0000,427.7883,1.2210,0.2893,16.6570,16.6548,15.4286,0.0014,-1.0000
16.6665,1.0000,427.8050,1.0915,0.2934,16.6769,16.6598,15.3578,0.0013,-1.0000
16.6665,1.0000,427.8217,1.2458,0.2764,16.6649,16.6603,15.4768,0.0010,-1.0000
16.6676,1.0000,427.8382,1.2152,0.3119,16.6692,16.6597,15.3770,0.0016,-1.0000
16.6656,1.0000,427.8550,1.2248,0.2939,16.6626,16.6530,15.5864,0.0011,-1.0000
16.6662,1.0000,427.8719,1.3007,0.2741,16.6678,16.6588,15.4884,0.0011,-1.0000
16.6676,1.0000,427.8884,1.1826,0.3110,16.6679,16.7030,15.0883,0.0012,-1.0000
16.6646,1.0000,427.9049,1.2810,0.2537,16.6676,16.6102,15.1738,0.0013,-1.0000
16.6666,1.0000,427.9215,1.0649,0.2612,16.6605,16.6583,15.4141,0.0011,-1.0000
16.6703,1.0000,427.9382,1.1692,0.4386,16.6648,16.6742,15.5601,0.0010,-1.0000
16.6669,1.0000,427.9550,1.6137,0.3932,16.7136,16.6578,15.4672,0.0010,-1.0000
16.6629,1.0000,427.9716,1.4354,0.3438,16.6175,16.6458,15.4120,0.0012,-1.0000
16.6712,1.0000,427.9885,1.2432,0.3531,16.6639,16.6774,15.5624,0.0011,-1.0000
16.6661,1.0000,428.0050,1.1133,0.4562,16.6825,16.6490,14.9327,0.0015,-1.0000
16.6653,1.0000,428.0217,1.1895,0.3183,16.6663,16.6537,15.3423,0.0011,-1.0000
16.6683,1.0000,428.0383,1.2330,0.3167,16.6532,16.6673,15.4649,0.0012,-1.0000
16.6657,1.0000,428.0550,1.1137,0.4194,16.6871,16.6512,15.3645,0.0012,-1.0000
16.6639,1.0000,428.0716,1.7146,0.3873,16.6588,16.6574,15.4349,0.0013,-1.0000
16.6683,1.0000,428.0883,1.3101,0.3118,16.6616,16.6575,15.6490,0.0010,-1.0000
16.6684,1.0000,428.1050,1.2010,0.3062,16.6769,16.7070,15.5615,0.0009,-1.0000
16.6639,1.0000,428.1216,1.2855,0.2573,16.6614,16.6035,15.4255,0.0010,-1.0000
16.6668,1.0000,428.1382,1.2214,0.2277,16.6640,16.6602,15.6628,0.0010,-1.0000
16.6691,1.0000,428.1550,1.0074,0.2778,16.6646,16.6668,15.7083,0.0008,-1.0000
16.6634,1.0000,428.1715,1.1444,0.2652,16.7164,16.6464,15.3364,0.0015,-1.0000
16.6691,1.0000,428.1883,1.1769,0.2659,16.6132,16.6697,15.6726,0.0008,-1.0000
16.6682,1.0000,428.2050,0.9964,0.2672,16.6664,16.6669,15.4439,0.0012,-1.0000
16.6629,1.0000,428.2215,0.9577,0.2887,16.6748,16.6416,15.2545,0.0009,-1.0000
16.6707,1.0000,428.2383,1.3086,0.2519,16.6521,16.6769,15.7102,0.0009,-1.0000
16.6665,1.0000,428.2550,0.9962,0.2802,16.6760,16.6547,15.2959,0.0011,-1.0000
16.6664,1.0000,428.2717,1.2216,0.2903,16.6751,16.6601,15.5021,0.0011,-1.0000
16.6671,1.0000,428.2883,1.3864,0.2515,16.6482,16.6577,15.4231,0.0013,-1.0000
16.6664,1.0000,428.3050,0.9656,0.2771,16.6851,16.6590,15.4561,0.0013,-1.0000
16.6680,1.0000,428.3217,1.3576,0.2521,16.6637,16.6584,15.4550,0.0011,-1.0000
16.6663,1.0000,428.3383,1.1570,0.2753,16.6690,16.6584,15.2909,0.0011,-1.0000
16.6657,1.0000,428.3550,1.2332,0.2481,16.6655,16.6510,15.5132,0.0013,-1.0000
16.6641,1.0000,428.3716,1.2013,0.2948,16.6682,16.6472,15.4550,0.0014,-1.0000
16.6678,1.0000,428.3883,1.2018,0.2849,16.6680,16.6646,15.6528,0.0009,-1.0000
16.6673,1.0000,428.4050,1.3662,0.3034,16.6686,16.6625,15.4471,0.0011,-1.0000
16.6657,1.0000,428.4216,1.1365,0.2591,16.6610,16.6521,15.3216,0.0012,-1.0000
16.6692,1.0000,428.4382,1.1910,0.2448,16.6546,16.6716,15.6347,0.0008,-1.0000
16.6671,1.0000,428.4550,1.0113,0.2485,16.6714,16.6561,15.5080,0.0009,-1.0000
16.6636,1.0000,428.4715,1.2142,0.2922,16.6709,16.6480,15.5037,0.0012,-1.0000
16.6682,1.0000,428.4883,1.3293,0.2215,16.6587,16.6663,15.6815,0.0009,-1.0000
16.6681,1.0000,428.5050,1.0358,0.2929,16.6805,16.6648,15.4552,0.0011,-1.0000
16.6655,1.0000,428.5216,1.1472,0.2914,16.6648,16.6566,15.4817,0.0011,-1.0000
16.6689,1.0000,428.5382,1.1430,0.2451,16.6549,16.6656,15.4281,0.0012,-1.0000
16.6670,1.0000,428.5550,0.9841,0.2746,16.6723,16.6546,15.4971,0.0011,-1.0000
16.6665,1.0000,428.5721,1.2085,0.2611,16.6727,16.6594,15.4424,0.0013,-1.0000
16.6649,1.0000,428.5883,1.1738,0.2829,16.6645,16.6483,14.8037,0.0013,-1.0000
16.6684,1.0000,428.6050,1.2362,0.2825,16.6729,16.6688,15.4955,0.0012,-1.0000
16.6667,1.0000,428.6216,1.1563,0.2714,16.6639,16.6524,15.3865,0.0012,-1.0000
16.6642,1.0000,428.6382,1.2159,0.2728,16.6702,16.6527,15.3669,0.0011,-1.0000
16.6691,1.0000,428.6550,1.8432,0.2501,16.6573,16.6662,15.5836,0.0011,-1.0000
16.6655,1.0000,428.6716,1.1720,0.2734,16.6776,16.6544,15.2934,0.0012,-1.0000
16.6644,1.0000,428.6882,1.2644,0.2861,16.6607,16.6479,15.4620,0.0011,-1.0000
16.6693,1.0000,428.7050,1.2853,0.2501,16.6608,16.6701,15.6801,0.0011,-1.0000
16.6655,1.0000,428.7216,1.0814,0.2675,16.6758,16.6533,15.4724,0.0011,-1.0000
16.6680,1.0000,428.7383,1.3596,0.2496,16.6632,16.6640,15.4322,0.0012,-1.0000
16.6679,1.0000,428.7549,1.1848,0.2471,16.6552,16.6594,15.5366,0.0008,-1.0000
16.6630,1.0000,428.7715,0.9889,0.2475,16.6780,16.6470,15.5437,0.0012,-1.0000
16.6703,1.0000,428.7883,1.1802,0.2643,16.6609,16.6747,15.6348,0.0012,-1.0000
16.6673,1.0000,428.8051,1.2307,0.2370,16.6724,16.6620,15.4332,0.0010,-1.0000
16.6666,1.0000,428.8221,1.1218,0.2847,16.6676,16.6573,15.1997,0.0012,-1.0000
16.6668,1.0000,428.8382,1.1020,0.2500,16.6535,16.6530,14.7387,0.0013,-1.0000
16.6668,1.0000,428.8550,1.0388,0.2590,16.6817,16.6616,15.4933,0.0012,-1.0000
16.6685,1.0000,428.8717,1.2277,0.3025,16.6722,16.6576,15.3600,0.0011,-1.0000
16.6644,1.0000,428.8883,1.4563,0.4415,16.6667,16.6479,15.2801,0.0012,-1.0000
16.6674,1.0000,428.9051,1.9128,0.3555,16.6620,16.6648,15.4868,0.0013,-1.0000
16.6664,1.0000,428.9216,1.1669,0.3967,16.6724,16.6517,15.2285,0.0014,-1.0000
16.6650,1.0000,428.9382,1.2963,0.4197,16.6671,16.6539,15.3538,0.0011,-1.0000
16.6689,1.0000,428.9550,1.3668,0.3440,16.6569,16.6669,15.4276,0.0014,-1.0000
16.6658,1.0000,428.9717,1.1766,0.2999,16.6746,16.6544,15.1954,0.0015,-1.0000
16.6661,1.0000,428.9884,1.4218,0.3283,16.6604,16.6541,15.3278,0.0011,-1.0000
16.6668,1.0000,429.0050,1.2990,0.3563,16.6618,16.6574,15.3803,0.0009,-1.0000
16.6678,1.0000,429.0217,1.2380,0.3481,16.6762,16.6634,15.4381,0.0010,-1.0000
16.6668,1.0000,429.0382,1.4573,0.3364,16.6642,16.6570,15.3841,0.0014,-1.0000
16.6653,1.0000,429.0549,1.3252,0.3138,16.6631,16.6529,15.5189,0.0013,-1.0000
16.6687,1.0000,429.0717,1.2761,0.2970,16.6650,16.6682,15.4467,0.0013,-1.0000
16.6670,1.0000,429.0884,1.2241,0.2971,16.6726,16.6608,15.2402,0.0013,-1.0000
16.6663,1.0000,429.1050,1.2712,0.2477,16.6659,16.6487,15.2101,0.0013,-1.0000
16.6667,1.0000,429.1218,1.1326,0.2800,16.6615,16.7354,15.3136,0.0011,-1.0000
16.6670,1.0000,429.1383,1.2204,0.5489,16.6778,16.6819,15.2106,0.0009,-1.0000
16.6667,1.0000,429.1551,1.4194,0.3358,16.6708,16.6360,15.4240,0.0011,-1.0000
16.6681,1.0000,429.1719,1.4372,0.3002,16.6580,16.6692,15.2260,0.0011,-1.0000
16.6667,1.0000,429.1885,1.4207,0.3221,16.7461,16.6663,15.0482,0.0012,-1.0000
16.6670,1.0000,429.2051,1.4702,0.2539,16.6917,16.6300,14.9876,0.0010,-1.0000
16.6654,1.0000,429.2217,1.2109,0.2698,16.6461,16.6319,15.1701,0.0013,-1.0000
16.6636,1.0000,429.2383,1.4418,0.3206,16.6793,16.6771,15.3501,0.0012,-1.0000
16.6685,1.0000,429.2550,1.6169,0.3286,16.6771,16.5944,15.4542,0.0010,-1.0000
16.6658,1.0000,429.2716,1.6413,0.3002,16.6437,16.6510,15.4132,0.0010,-1.0000
16.6663,1.0000,429.2883,1.4602,0.2991,16.6442,16.6550,15.5748,0.0011,-1.0000
16.6696,1.0000,429.3050,1.3259,0.2429,16.6844,16.6740,15.5363,0.0010,-1.0000
16.6632,1.0000,429.3216,1.1392,0.3088,16.6046,16.6431,15.3706,0.0017,-1.0000
16.6679,1.0000,429.3382,1.2368,0.2632,16.6583,16.6644,15.6313,0.0011,-1.0000
16.6662,1.0000,429.3551,1.0790,0.2734,16.6625,16.7241,15.6259,0.0010,-1.0000
16.6669,1.0000,429.3716,1.1366,0.2618,16.6825,16.5959,15.2904,0.0012,-1.0000
16.6666,1.0000,429.3883,1.2709,0.2584,16.6496,16.6592,15.5367,0.0009,-1.0000
16.6694,1.0000,429.4051,1.0317,0.2814,16.6702,16.6795,15.3203,0.0014,-1.0000
16.7055,1.0000,429.4218,1.0972,0.2925,16.7301,16.7009,15.1485,0.0011,-1.0000
16.6444,1.0000,429.4383,1.3046,0.2291,16.6034,16.6233,15.0246,0.0011,-1.0000
16.6668,1.0000,429.4553,1.1216,0.3384,16.6643,16.6632,15.3519,0.0012,-1.0000
16.6668,1.0000,429.4717,1.3579,0.2931,16.6875,16.6552,15.0358,0.0010,-1.0000
16.6678,1.0000,429.4885,1.5285,0.2845,16.7099,16.6671,15.3581,0.0012,-1.0000
16.6661,1.0000,429.5051,1.5976,0.2651,16.6334,16.6676,15.0762,0.0011,-1.0000
16.6662,1.0000,429.5218,1.3098,0.4631,16.6719,16.6425,15.0273,0.0017,-1.0000
16.6663,1.0000,429.5383,1.6183,0.3471,16.6634,16.6471,15.1298,0.0013,-1.0000
16.6670,1.0000,429.5551,1.3077,0.4140,16.6777,16.6620,15.2858,0.0011,-1.0000
16.6664,1.0000,429.5717,1.5903,0.4895,16.6802,16.6452,15.3400,0.0013,-1.0000
16.6664,1.0000,429.5883,1.6136,0.4323,16.6545,16.6647,15.1666,0.0013,-1.0000
16.6671,1.0000,429.6051,1.5156,0.4137,16.6579,16.6524,15.4787,0.0009,-1.0000
16.6674,1.0000,429.6217,1.3747,0.4772,16.6729,16.6653,15.3009,0.0010,-1.0000
16.6666,1.0000,429.6383,1.3033,0.3560,16.6543,16.6940,15.1598,0.0013,-1.0000
16.6649,1.0000,429.6550,1.4968,0.4254,16.6740,16.6065,15.3464,0.0011,-1.0000
16.6688,1.0000,429.6717,1.1728,0.3884,16.6619,16.6658,15.3791,0.0011,-1.0000
16.6663,1.0000,429.6884,1.3632,0.3638,16.6750,16.7031,15.2077,0.0011,-1.0000
16.6654,1.0000,429.7050,1.5329,0.3342,16.7035,16.6069,15.2654,0.0010,-1.0000
16.6687,1.0000,429.7217,1.2591,0.2965,16.6148,16.6696,15.4329,0.0008,-1.0000
16.6671,1.0000,429.7383,1.2854,0.2638,16.6736,16.7176,15.4672,0.0011,-1.0000
16.6657,1.0000,429.7551,1.4942,0.2824,16.7112,16.5955,15.4206,0.0013,-1.0000
16.6679,1.0000,429.7717,1.3403,0.2672,16.6146,16.6608,15.2651,0.0012,-1.0000
16.6663,1.0000,429.7884,1.2356,0.2805,16.6773,16.6563,15.4597,0.0010,-1.0000
16.6680,1.0000,429.8052,1.2495,0.3086,16.7271,16.7454,15.3133,0.0012,-1.0000
16.6660,1.0000,429.8217,1.1738,0.3386,16.6048,16.6159,14.8398,0.0012,-1.0000
16.6668,1.0000,429.8383,1.3941,0.2683,16.6696,16.6461,15.2839,0.0012,-1.0000
16.6656,1.0000,429.8550,1.1951,0.2947,16.6654,16.6611,15.4470,0.0010,-1.0000
16.6681,1.0000,429.8718,1.4309,0.4277,16.7559,16.6919,15.4019,0.0013,-1.0000
16.6667,1.0000,429.8884,1.7751,0.2611,16.6273,16.6296,15.3227,0.0010,-1.0000
16.6662,1.0000,429.9050,1.3610,0.3004,16.6558,16.6362,15.3008,0.0013,-1.0000
16.6661,1.0000,429.9218,1.2131,0.2923,16.6699,16.7635,15.3906,0.0012,-1.0000
16.6675,1.0000,429.9383,1.2887,0.3214,16.7016,16.5809,15.2739,0.0010,-1.0000
16.6670,1.0000,429.9551,1.3059,0.3446,16.6389,16.6578,15.4327,0.0012,-1.0000
16.6637,1.0000,429.9717,1.3342,0.3145,16.6454,16.6701,15.2377,0.0014,-1.0000
16.6695,1.0000,429.9884,1.3718,0.2879,16.7737,16.5994,15.4620,0.0011,-1.0000
16.6664,1.0000,430.0050,1.3055,0.2821,16.5896,16.7011,15.2709,0.0012,-1.0000
16.6672,1.0000,430.0218,1.2235,0.3320,16.6664,16.6827,15.4704,0.0010,-1.0000
16.6643,1.0000,430.0383,1.4310,0.2575,16.6784,16.6296,15.3138,0.0010,-1.0000
16.6691,1.0000,430.0551,1.1362,0.2957,16.6076,16.6804,15.5901,0.0011,-1.0000
16.6664,1.0000,430.0717,1.4289,0.2582,16.7099,16.6328,15.3319,0.0012,-1.0000
16.6636,1.0000,430.0883,1.2111,0.2771,16.6915,16.6404,15.3214,0.0012,-1.0000
16.6701,1.0000,430.1052,1.3150,0.2598,16.6376,16.7278,15.4260,0.0010,-1.0000
16.6670,1.0000,430.1217,1.0892,0.3118,16.6906,16.5905,15.1434,0.0014,-1.0000
16.6629,1.0000,430.1385,1.2996,0.2827,16.6430,16.6331,15.4491,0.0011,-1.0000
16.6691,1.0000,430.1553,1.3178,0.3486,16.6467,16.8168,15.3605,0.0006,-1.0000
16.6676,1.0000,430.1717,1.3009,0.3508,16.7363,16.5198,14.9988,0.0013,-1.0000
16.6643,1.0000,430.1884,1.4454,0.2584,16.5996,16.6569,15.3986,0.0011,-1.0000
16.6693,1.0000,430.2051,1.1831,0.3891,16.6392,16.6710,15.3851,0.0009,-1.0000
16.6666,1.0000,430.2217,1.4555,0.3593,16.8235,16.6211,15.2533,0.0013,-1.0000
16.6656,1.0000,430.2383,1.5195,0.3746,16.5280,16.6535,15.4183,0.0010,-1.0000
16.6673,1.0000,430.2550,1.2574,0.3394,16.6643,16.6634,15.4412,0.0012,-1.0000
16.6678,1.0000,430.2717,1.2851,0.3383,16.6789,16.6727,15.2786,0.0014,-1.0000
16.6656,1.0000,430.2884,1.3661,0.3220,16.6297,16.6435,15.3622,0.0012,-1.0000
16.6670,1.0000,430.3051,1.2341,0.3473,16.6610,16.6565,15.2395,0.0013,-1.0000
16.6681,1.0000,430.3217,1.2208,0.3261,16.6723,16.6922,15.2353,0.0011,-1.0000
16.6661,1.0000,430.3383,1.3924,0.3357,16.6813,16.6774,15.1964,0.0011,-1.0000
16.6663,1.0000,430.3551,1.2802,0.3764,16.6529,16.6561,15.4538,0.0011,-1.0000
16.6684,1.0000,430.3717,1.4155,0.3268,16.6648,16.6723,15.3116,0.0011,-1.0000
16.6665,1.0000,430.3885,1.4556,0.3286,16.7011,16.6959,15.0695,0.0014,-1.0000
16.6651,1.0000,430.4051,1.4797,0.3085,16.6858,16.6451,15.3094,0.0011,-1.0000
16.6685,1.0000,430.4218,1.2010,0.3315,16.6648,16.6278,15.2735,0.0010,-1.0000
16.6681,1.0000,430.4384,1.3595,0.3198,16.6812,16.6621,15.0639,0.0012,-1.0000
16.6635,1.0000,430.4551,1.6251,0.3013,16.7076,16.6742,15.3521,0.0010,-1.0000
16.6666,1.0000,430.4717,1.3347,0.3334,16.6542,16.5671,15.3329,0.0012,-1.0000
16.6675,1.0000,430.4884,1.3533,0.3541,16.6386,16.6692,15.4595,0.0010,-1.0000
16.6652,1.0000,430.5050,1.5966,0.3616,16.6727,16.6472,15.2759,0.0017,-1.0000
16.6681,1.0000,430.5217,1.3210,0.3094,16.6838,16.6589,15.3389,0.0011,-1.0000
16.6664,1.0000,430.5382,1.2329,0.3464,16.5752,16.6602,15.2759,0.0013,-1.0000
16.6654,1.0000,430.5550,1.2084,0.3493,16.6787,16.6497,15.4884,0.0012,-1.0000
16.6681,1.0000,430.5718,1.3695,0.3804,16.6560,16.7321,15.4450,0.0010,-1.0000
16.6659,1.0000,430.5883,1.3193,0.3284,16.6675,16.5881,14.7521,0.0011,-1.0000
16.6662,1.0000,430.6050,1.3829,0.3369,16.6681,16.6634,15.4232,0.0008,-1.0000
16.6708,1.0000,430.6217,1.1599,0.2820,16.6575,16.6766,15.3575,0.0011,-1.0000
16.6649,1.0000,430.6382,1.2861,0.4220,16.7391,16.6551,15.2526,0.0016,-1.0000
16.6649,1.0000,430.6549,1.8350,0.2865,16.5942,16.6380,15.4997,0.0010,-1.0000
16.6692,1.0000,430.6717,1.2394,0.3574,16.6704,16.6855,15.5996,0.0012,-1.0000
16.6679,1.0000,430.6885,1.3179,0.4994,16.6856,16.6624,15.3461,0.0010,-1.0000
16.6621,1.0000,430.7049,1.4007,0.2987,16.6641,16.6269,15.1885,0.0011,-1.0000
16.6710,1.0000,430.7218,1.1373,0.2869,16.6448,16.6867,15.7308,0.0010,-1.0000
16.6696,1.0000,430.7383,1.0847,0.3656,16.6938,16.6710,15.2950,0.0012,-1.0000
16.6596,1.0000,430.7549,1.3150,0.3430,16.6733,16.6148,15.2340,0.0010,-1.0000
16.6693,1.0000,430.7717,1.4372,0.2400,16.6340,16.6752,15.7485,0.0012,-1.0000
16.6681,1.0000,430.7884,0.9546,0.2806,16.6940,16.6621,15.4405,0.0012,-1.0000
16.6640,1.0000,430.8049,1.3740,0.2723,16.6817,16.6395,15.3184,0.0013,-1.0000
16.6690,1.0000,430.8217,1.3800,0.2527,16.6235,16.6704,15.5994,0.0009,-1.0000
16.6671,1.0000,430.8382,0.9258,0.2730,16.6835,16.6631,15.2548,0.0011,-1.0000
16.6631,1.0000,430.8549,1.2204,0.2649,16.6705,16.6870,15.5912,0.0011,-1.0000
16.6691,1.0000,430.8717,1.3198,0.2397,16.6487,16.6261,15.6581,0.0011,-1.0000
16.6679,1.0000,430.8883,1.0702,0.2622,16.6773,16.6692,15.4371,0.0012,-1.0000
16.6645,1.0000,430.9050,1.4071,0.2815,16.6713,16.6945,15.3766,0.0012,-1.0000
16.6676,1.0000,430.9216,1.0948,0.2939,16.6931,16.6119,15.3424,0.0010,-1.0000
16.6777,1.0000,430.9384,0.9666,0.2715,16.6335,16.7107,15.5180,0.0011,-1.0000
16.6655,1.0000,430.9551,1.2307,0.2908,16.6780,16.6768,15.1232,0.0017,-1.0000
16.6662,1.0000,430.9717,1.3170,0.3152,16.7032,16.5946,15.3654,0.0013,-1.0000
16.6676,1.0000,430.9884,1.2685,0.2632,16.6188,16.6596,15.4238,0.0009,-1.0000
16.6661,1.0000,431.0051,1.1915,0.2677,16.7216,16.6597,15.4092,0.0013,-1.0000
16.6688,1.0000,431.0217,1.5520,0.2841,16.6858,16.7149,15.3589,0.0012,-1.0000
16.6639,1.0000,431.0383,1.2277,0.2796,16.6023,16.6441,15.4237,0.0010,-1.0000
16.6653,1.0000,431.0550,1.2347,0.2727,16.6681,16.6523,15.5838,0.0011,-1.0000
16.6671,1.0000,431.0717,1.2491,0.3381,16.6685,16.6753,15.5269,0.0013,-1.0000
16.6688,1.0000,431.0884,1.3545,0.2545,16.7246,16.6952,15.3185,0.0013,-1.0000
16.6671,1.0000,431.1051,1.2192,0.2589,16.6517,16.6220,15.3254,0.0011,-1.0000
16.6644,1.0000,431.1216,1.0673,0.2502,16.6591,16.6292,15.3174,0.0011,-1.0000
16.6679,1.0000,431.1384,1.1472,0.2698,16.6824,16.7806,15.6033,0.0010,-1.0000
16.6640,1.0000,431.1549,1.3753,0.2746,16.7035,16.5251,15.4143,0.0011,-1.0000
16.6708,1.0000,431.1717,1.2958,0.3012,16.6320,16.7155,15.7171,0.0010,-1.0000
16.6665,1.0000,431.1884,1.3106,0.2653,16.6368,16.6798,15.3296,0.0011,-1.0000
16.6634,1.0000,431.2049,1.1762,0.2479,16.7888,16.5571,15.2995,0.0012,-1.0000
16.6702,1.0000,431.2217,1.1097,0.2132,16.5307,16.7351,15.7744,0.0008,-1.0000
16.6640,1.0000,431.2383,0.9972,0.2931,16.7230,16.6390,15.3664,0.0012,-1.0000
16.6672,1.0000,431.2550,1.3492,0.2751,16.6886,16.6567,15.5852,0.0013,-1.0000
16.6673,1.0000,431.2717,1.2565,0.2561,16.5627,16.6692,15.5470,0.0010,-1.0000
16.6685,1.0000,431.2884,0.9599,0.2794,16.7428,16.6566,15.4693,0.0011,-1.0000
16.6668,1.0000,431.3051,1.2716,0.2587,16.6472,16.6736,15.4880,0.0013,-1.0000
16.6670,1.0000,431.3218,1.0704,0.2410,16.6626,16.6826,15.3885,0.0012,-1.0000
16.6661,1.0000,431.3383,1.1211,0.2745,16.6768,16.6068,15.3209,0.0014,-1.0000
16.6632,1.0000,431.3549,1.1859,0.2558,16.6664,16.6393,15.5689,0.0012,-1.0000
16.6702,1.0000,431.3719,1.1841,0.2849,16.6828,16.8206,15.7087,0.0010,-1.0000
16.6675,1.0000,431.3884,1.2927,0.2670,16.6912,16.5130,15.0529,0.0012,-1.0000
16.6631,1.0000,431.4050,1.2842,0.2577,16.6148,16.6467,15.2708,0.0011,-1.0000
16.6703,1.0000,431.4218,1.0692,0.2363,16.6462,16.6785,15.4215,0.0010,-1.0000
16.6676,1.0000,431.4383,1.1105,0.3247,16.8301,16.6315,15.3321,0.0012,-1.0000
16.6648,1.0000,431.4550,1.4588,0.2460,16.5218,16.6450,15.3628,0.0012,-1.0000
16.6664,1.0000,431.4716,1.3747,0.3111,16.6541,16.6532,15.4455,0.0009,-1.0000
16.6673,1.0000,431.4883,1.2559,0.2796,16.6855,16.6581,15.4537,0.0013,-1.0000
16.6662,1.0000,431.5050,1.2978,0.3128,16.6417,16.6561,15.4526,0.0010,-1.0000
16.6682,1.0000,431.5217,1.2810,0.2923,16.6558,16.6600,15.5093,0.0009,-1.0000
16.6643,1.0000,431.5382,1.2067,0.3119,16.6622,16.6801,15.4972,0.0010,-1.0000
16.6662,1.0000,431.5549,1.2029,0.3255,16.6677,16.6285,15.6273,0.0009,-1.0000
16.6667,1.0000,431.5716,1.2024,0.3058,16.6640,16.6466,15.6775,0.0010,-1.0000
16.6680,1.0000,431.5883,1.1494,0.2479,16.6688,16.6681,15.5681,0.0011,-1.0000
16.6657,1.0000,431.6049,1.1820,0.2535,16.6878,16.6552,15.5219,0.0010,-1.0000
16.6688,1.0000,431.6216,1.0003,0.2387,16.6345,16.6667,15.5419,0.0010,-1.0000
16.6672,1.0000,431.6382,0.9680,0.2786,16.6520,16.6599,15.4737,0.0011,-1.0000
16.6674,1.0000,431.6550,1.0988,0.3092,16.6749,16.6572,15.5525,0.0015,-1.0000
16.6660,1.0000,431.6716,1.1324,0.3051,16.6612,16.6583,15.2305,0.0011,-1.0000
16.6662,1.0000,431.6884,1.1236,0.3064,16.6741,16.6571,15.5063,0.0010,-1.0000
16.6650,1.0000,431.7049,1.1850,0.2845,16.6692,16.6498,15.4211,0.0011,-1.0000
16.6687,1.0000,431.7217,1.1032,0.3187,16.6664,16.6706,15.6274,0.0008,-1.0000
16.6677,1.0000,431.7383,1.4268,0.2748,16.6675,16.6801,15.3956,0.0011,-1.0000
16.6658,1.0000,431.7550,1.1497,0.3021,16.6654,16.6315,15.3606,0.0010,-1.0000
16.6679,1.0000,431.7717,1.2276,0.2504,16.6571,16.6615,15.4939,0.0010,-1.0000
16.6663,1.0000,431.7884,1.0422,0.2671,16.6794,16.6584,15.4455,0.0014,-1.0000
16.6663,1.0000,431.8050,1.2832,0.2977,16.6888,16.6537,15.3237,0.0015,-1.0000
16.6658,1.0000,431.8216,1.2699,0.2976,16.6402,16.6523,15.4122,0.0010,-1.0000
16.6698,1.0000,431.8383,1.1664,0.2628,16.6712,16.6716,15.4670,0.0012,-1.0000
16.6644,1.0000,431.8550,1.2113,0.2917,16.6701,16.6416,15.1730,0.0012,-1.0000
16.6650,1.0000,431.8716,1.3284,0.2775,16.6646,16.6487,15.5047,0.0011,-1.0000
16.6657,1.0000,431.8882,1.2390,0.2715,16.6613,16.6552,15.4652,0.0010,-1.0000
16.6696,1.0000,431.9050,1.2029,0.6353,16.6835,16.6729,15.6682,0.0010,-1.0000
16.6657,1.0000,431.9216,1.4673,0.2501,16.6531,16.6543,15.4331,0.0015,-1.0000
16.6645,1.0000,431.9382,1.1430,0.2951,16.6578,16.6486,15.4835,0.0010,-1.0000
16.6705,1.0000,431.9550,1.1890,0.2512,16.6621,16.6755,15.8392,0.0009,-1.0000
16.6662,1.0000,431.9717,1.0035,0.2837,16.6808,16.6536,15.2936,0.0013,-1.0000
16.6636,1.0000,431.9882,1.2196,0.2538,16.6614,16.6436,15.3902,0.0012,-1.0000
16.6724,1.0000,432.0050,1.1641,0.2318,16.6552,16.6787,15.6605,0.0011,-1.0000
16.6642,1.0000,432.0217,0.8353,0.3344,16.6847,16.6522,15.3395,0.0011,-1.0000
16.6655,1.0000,432.0382,1.3588,0.2926,16.6645,16.6511,15.4588,0.0011,-1.0000
16.6666,1.0000,432.0550,1.2520,0.2392,16.6502,16.6613,15.6597,0.0009,-1.0000
16.6692,1.0000,432.0717,1.0169,0.3478,16.6873,16.6662,15.5107,0.0013,-1.0000
16.6660,1.0000,432.0883,1.3115,0.3166,16.6620,16.6567,15.2675,0.0012,-1.0000
16.6655,1.0000,432.1050,1.1913,0.2749,16.6592,16.6493,15.5020,0.0011,-1.0000
16.6675,1.0000,432.1217,1.0007,0.2741,16.6689,16.6644,15.5292,0.0014,-1.0000
16.6669,1.0000,432.1382,1.1542,0.3048,16.6756,16.6545,15.4370,0.0012,-1.0000
16.6674,1.0000,432.1550,1.3878,0.2593,16.6662,16.6662,15.6372,0.0011,-1.0000
16.6668,1.0000,432.1717,1.1459,0.2532,16.6572,16.6542,15.3038,0.0013,-1.0000
16.6639,1.0000,432.1882,1.1337,0.2701,16.6734,16.6452,15.4739,0.0012,-1.0000
16.6681,1.0000,432.2050,1.2161,0.2586,16.6627,16.6690,15.6580,0.0009,-1.0000
16.6658,1.0000,432.2216,1.0280,0.3299,16.6745,16.6582,15.5497,0.0011,-1.0000
16.6679,1.0000,432.2382,1.3490,0.3077,16.6639,16.6613,15.5934,0.0011,-1.0000
16.6657,1.0000,432.2550,1.1700,0.2420,16.6514,16.6573,15.4800,0.0010,-1.0000
16.6693,1.0000,432.2717,1.0101,0.2627,16.6757,16.6645,15.4884,0.0014,-1.0000
16.6626,1.0000,432.2882,1.1074,0.2525,16.6653,16.6439,15.3886,0.0011,-1.0000
16.6679,1.0000,432.3049,1.0668,0.2979,16.6689,16.6647,15.7843,0.0010,-1.0000
16.6694,1.0000,432.3218,1.1765,0.3167,16.6654,16.6754,15.5296,0.0009,-1.0000
16.6665,1.0000,432.3383,1.1749,0.2915,16.6737,16.6544,15.2901,0.0012,-1.0000
16.6671,1.0000,432.3550,1.2542,0.2328,16.6510,16.6539,15.3854,0.0010,-1.0000
16.6674,1.0000,432.3717,0.8794,0.2369,16.6702,16.6567,15.3653,0.0009,-1.0000
16.6670,1.0000,432.3884,1.1450,0.5190,16.6842,16.6591,15.4867,0.0012,-1.0000
16.6654,1.0000,432.4050,1.3631,0.2731,16.6659,16.6555,15.3105,0.0011,-1.0000
16.6659,1.0000,432.4216,1.2675,0.3623,16.6629,16.6544,15.4270,0.0011,-1.0000
16.6681,1.0000,432.4383,1.2908,0.2824,16.6666,16.6647,15.4475,0.0014,-1.0000
16.6660,1.0000,432.4550,1.1712,0.3067,16.6678,16.6516,15.2907,0.0010,-1.0000
16.6642,1.0000,432.4716,1.3436,0.2786,16.6658,16.6471,15.4053,0.0011,-1.0000
16.6701,1.0000,432.4883,1.2262,0.2818,16.6634,16.6715,15.6160,0.0010,-1.0000
16.6658,1.0000,432.5050,1.2158,0.3079,16.6741,16.6540,15.4505,0.0011,-1.0000
16.6633,1.0000,432.5215,1.3599,0.2832,16.6617,16.6466,15.4982,0.0013,-1.0000
16.6687,1.0000,432.5382,1.2408,0.2847,16.6544,16.6695,15.8000,0.0009,-1.0000
16.6687,1.0000,432.5550,1.0541,0.2698,16.6791,16.6683,15.5781,0.0009,-1.0000
16.6634,1.0000,432.5716,1.2021,0.2754,16.6624,16.6423,15.3654,0.0012,-1.0000
16.6695,1.0000,432.5883,1.1470,0.2639,16.6530,16.6716,15.6002,0.0011,-1.0000
16.6672,1.0000,432.6050,0.8689,0.2844,16.6769,16.6584,15.4550,0.0011,-1.0000
16.6669,1.0000,432.6217,1.0893,0.2512,16.6770,16.7301,15.3356,0.0011,-1.0000
16.6673,1.0000,432.6390,1.2758,0.2779,16.6501,16.6916,15.4211,0.0012,-1.0000
16.6675,1.0000,432.6551,1.0701,0.2748,16.6784,16.6559,14.1783,0.0015,-1.0000
16.6657,1.0000,432.6718,1.2026,0.2967,16.6670,16.7299,14.9359,0.0012,-1.0000
16.6665,1.0000,432.6884,1.3933,0.2813,16.7391,16.5871,15.1872,0.0011,-1.0000
16.6677,1.0000,432.7050,1.2691,0.3111,16.7015,16.6092,15.4556,0.0012,-1.0000
16.6643,1.0000,432.7216,2.4762,0.3087,16.6677,16.6423,15.5306,0.0010,-1.0000
16.6660,1.0000,432.7383,1.7929,0.2706,16.7403,16.7128,15.5679,0.0012,-1.0000
16.6679,1.0000,432.7549,1.3986,0.2877,16.5952,16.5744,15.5628,0.0015,-1.0000
16.6662,1.0000,432.7715,1.1522,0.2760,16.6192,16.6577,15.5962,0.0009,-1.0000
16.6684,1.0000,432.7883,1.1109,0.2501,16.6503,16.6629,15.6745,0.0007,-1.0000
16.6669,1.0000,432.8049,1.1438,0.2572,16.7200,16.6637,15.6126,0.0013,-1.0000
16.6649,1.0000,432.8216,1.0099,0.2550,16.5815,16.6496,15.5214,0.0010,-1.0000
16.6651,1.0000,432.8381,1.0606,0.2450,16.6649,16.6511,15.5761,0.0011,-1.0000
16.6702,1.0000,432.8550,0.9876,0.2902,16.6711,16.7315,15.8811,0.0008,-1.0000
16.6664,1.0000,432.8716,1.0497,0.2792,16.6719,16.6078,15.3764,0.0011,-1.0000
16.6639,1.0000,432.8882,1.1273,0.2622,16.6579,16.6379,15.6204,0.0012,-1.0000
16.6713,1.0000,432.9054,1.0739,0.2580,16.6558,16.8137,15.7743,0.0007,-1.0000
16.6645,1.0000,432.9218,0.8495,0.3581,16.7381,16.5134,15.1113,0.0013,-1.0000
16.6688,1.0000,432.9384,1.2302,0.2812,16.6172,16.6996,15.1944,0.0011,-1.0000
16.6645,1.0000,432.9550,1.0162,0.2579,16.6450,16.6160,15.1201,0.0014,-1.0000
16.6705,1.0000,432.9719,1.0385,0.2570,16.8223,16.6906,15.4238,0.0010,-1.0000
16.6627,1.0000,432.9883,1.4008,0.2944,16.5222,16.6223,14.9883,0.0011,-1.0000
16.6663,1.0000,433.0049,1.5041,0.2904,16.7099,16.6537,15.4498,0.0011,-1.0000
16.6792,1.0000,433.0218,1.4945,0.3496,16.6258,16.7119,15.5422,0.0010,-1.0000
16.6555,1.0000,433.0382,1.2654,0.4173,16.7007,16.6081,15.3086,0.0010,-1.0000
16.6643,1.0000,433.0549,1.6329,0.2729,16.6330,16.6540,15.4968,0.0009,-1.0000
16.6695,1.0000,433.0717,1.2030,0.3077,16.6602,16.6782,15.6366,0.0010,-1.0000
16.6670,1.0000,433.0883,1.1680,0.2589,16.7211,16.6582,15.2875,0.0014,-1.0000
16.6635,1.0000,433.1049,1.2987,0.2838,16.6167,16.6384,15.5337,0.0010,-1.0000
16.6688,1.0000,433.1216,1.1565,0.2256,16.6599,16.6670,15.6366,0.0008,-1.0000
16.6681,1.0000,433.1384,1.0402,0.3148,16.6866,16.7239,15.6116,0.0011,-1.0000
16.6635,1.0000,433.1549,1.3691,0.2725,16.6668,16.5824,15.2939,0.0014,-1.0000
16.6717,1.0000,433.1717,1.1038,0.2519,16.6456,16.6879,15.6544,0.0010,-1.0000
16.6654,1.0000,433.1884,1.0295,0.2610,16.6738,16.7096,15.3954,0.0013,-1.0000
16.6660,1.0000,433.2050,1.1110,0.3323,16.7325,16.5960,15.3325,0.0013,-1.0000
16.6701,1.0000,433.2217,1.2870,0.2312,16.5887,16.6658,15.3753,0.0008,-1.0000
16.6634,1.0000,433.2383,1.0325,0.3137,16.6963,16.7001,15.3325,0.0012,-1.0000
16.6662,1.0000,433.2550,1.3130,0.4775,16.7203,16.5948,15.3334,0.0011,-1.0000
16.6655,1.0000,433.2717,1.2623,0.3035,16.6070,16.6613,15.5182,0.0010,-1.0000
16.6693,1.0000,433.2883,1.2896,0.3246,16.6768,16.6604,15.4582,0.0012,-1.0000
16.6645,1.0000,433.3050,1.3664,0.3348,16.7108,16.6934,15.4806,0.0013,-1.0000
16.6658,1.0000,433.3217,1.2602,0.2596,16.6038,16.6552,15.5016,0.0014,-1.0000
16.6694,1.0000,433.3383,1.1421,0.3648,16.6695,16.6806,15.5668,0.0009,-1.0000
16.6670,1.0000,433.3551,1.2009,0.2945,16.6693,16.6680,15.5741,0.0010,-1.0000
16.6657,1.0000,433.3717,1.2117,0.2828,16.7027,16.6786,15.4631,0.0012,-1.0000
16.6678,1.0000,433.3884,1.1524,0.2675,16.6619,16.6131,15.3873,0.0009,-1.0000
16.6638,1.0000,433.4050,1.1127,0.2518,16.6876,16.6288,15.4555,0.0012,-1.0000
16.6698,1.0000,433.4218,1.0927,0.2712,16.6769,16.7924,15.6241,0.0008,-1.0000
16.6663,1.0000,433.4383,1.2144,0.3260,16.6876,16.5623,15.4007,0.0014,-1.0000
16.6680,1.0000,433.4551,1.2248,0.2735,16.6214,16.6733,15.4458,0.0010,-1.0000
16.6670,1.0000,433.4718,1.1723,0.2433,16.6355,16.6940,15.3782,0.0011,-1.0000
16.6661,1.0000,433.4885,1.1676,0.2675,16.8008,16.5696,15.2161,0.0014,-1.0000
16.6667,1.0000,433.5051,1.1600,0.3447,16.5711,16.7097,15.2215,0.0013,-1.0000
16.6666,1.0000,433.5218,1.2264,0.2583,16.6825,16.6510,15.3047,0.0010,-1.0000
16.6651,1.0000,433.5382,1.3145,0.4040,16.7031,16.6319,15.2682,0.0013,-1.0000
16.6664,1.0000,433.5551,1.3521,0.3278,16.5805,16.6892,15.6278,0.0013,-1.0000
16.6669,1.0000,433.5717,1.4868,0.3589,16.7192,16.6410,15.5027,0.0012,-1.0000
16.6685,1.0000,433.5884,1.3454,0.2942,16.6607,16.6753,15.3563,0.0012,-1.0000
16.6659,1.0000,433.6051,1.3624,0.2994,16.6399,16.6600,15.0130,0.0011,-1.0000
16.6650,1.0000,433.6217,1.0603,0.3007,16.6965,16.6750,15.3083,0.0013,-1.0000
16.6700,1.0000,433.6384,1.1370,0.2956,16.6490,16.6417,15.6026,0.0009,-1.0000
16.6648,1.0000,433.6550,1.3178,0.2963,16.6842,16.6238,15.3112,0.0011,-1.0000
16.6654,1.0000,433.6717,1.6458,0.3282,16.6695,16.7357,15.5015,0.0013,-1.0000
16.6708,1.0000,433.6884,1.3654,0.2627,16.6823,16.6089,15.6133,0.0007,-1.0000
16.6632,1.0000,433.7050,1.0385,0.3300,16.6520,16.6303,15.3819,0.0009,-1.0000
16.6695,1.0000,433.7217,1.3115,0.2557,16.6318,16.6739,15.6136,0.0010,-1.0000
16.6670,1.0000,433.7383,1.2331,0.2583,16.7414,16.6221,15.3512,0.0011,-1.0000
16.6660,1.0000,433.7550,0.9946,0.2700,16.6193,16.6558,15.4412,0.0012,-1.0000
16.6659,1.0000,433.7717,1.2476,0.2509,16.6386,16.6543,15.4901,0.0013,-1.0000
16.6687,1.0000,433.7884,1.0594,0.3142,16.6831,16.6608,15.4421,0.0012,-1.0000
16.6658,1.0000,433.8050,1.2697,0.3140,16.6315,16.6496,15.3683,0.0012,-1.0000
16.6643,1.0000,433.8217,1.2132,0.3229,16.6656,16.6466,15.4124,0.0011,-1.0000
16.6695,1.0000,433.8383,1.1629,0.3157,16.6642,16.7201,15.5094,0.0012,-1.0000
16.6657,1.0000,433.8550,1.2170,0.3588,16.6706,16.6086,15.5301,0.0014,-1.0000
16.6652,1.0000,433.8716,1.2798,0.2992,16.6596,16.6552,15.4800,0.0013,-1.0000
16.6695,1.0000,433.8884,1.2333,0.3206,16.6547,16.6486,15.6172,0.0009,-1.0000
16.6648,1.0000,433.9050,1.2093,0.3132,16.7279,16.6473,15.3442,0.0012,-1.0000
16.6659,1.0000,433.9216,1.0770,0.2774,16.6162,16.6562,15.3263,0.0012,-1.0000
16.6694,1.0000,433.9383,1.1739,0.3392,16.6621,16.6693,15.4784,0.0010,-1.0000
16.6638,1.0000,433.9549,1.0303,0.3210,16.6578,16.6478,15.5593,0.0010,-1.0000
16.6697,1.0000,433.9717,1.3017,0.3476,16.6567,16.6722,15.7079,0.0009,-1.0000
16.6669,1.0000,433.9884,1.3287,0.2770,16.6622,16.6601,15.2309,0.0012,-1.0000
16.6669,1.0000,434.0050,1.1898,0.3218,16.6771,16.6577,15.3012,0.0012,-1.0000
16.6668,1.0000,434.0217,1.0876,0.2768,16.6547,16.6575,15.4096,0.0011,-1.0000
16.6669,1.0000,434.0383,0.9634,0.3553,16.6802,16.6586,15.5031,0.0012,-1.0000
16.6683,1.0000,434.0551,1.4279,0.2950,16.6693,16.6619,15.4138,0.0011,-1.0000
16.6621,1.0000,434.0717,1.3551,0.3169,16.6683,16.6358,15.0690,0.0014,-1.0000
16.6684,1.0000,434.0883,1.2465,0.2704,16.6659,16.6669,15.4778,0.0009,-1.0000
16.6662,1.0000,434.1050,1.1543,0.3227,16.6680,16.6582,15.5538,0.0011,-1.0000
16.6658,1.0000,434.1216,1.2465,0.3512,16.6736,16.6536,15.5569,0.0014,-1.0000
16.6690,1.0000,434.1382,1.5657,0.3104,16.6444,16.6668,15.5601,0.0013,-1.0000
16.6650,1.0000,434.1550,1.1880,0.3158,16.6737,16.6523,15.6772,0.0010,-1.0000
16.6645,1.0000,434.1715,1.1032,0.2742,16.6673,16.6513,15.5177,0.0015,-1.0000
16.6704,1.0000,434.1883,1.0954,0.2920,16.6611,16.6766,15.8241,0.0009,-1.0000
16.6665,1.0000,434.2050,1.1053,0.3166,16.6747,16.6601,15.5472,0.0011,-1.0000
16.6639,1.0000,434.2216,0.9745,0.2958,16.6602,16.6434,15.5520,0.0010,-1.0000
16.6673,1.0000,434.2383,1.1322,0.2346,16.6563,16.6660,15.7052,0.0007,-1.0000
16.7110,1.0000,434.2551,0.8515,0.2793,16.6829,16.7113,15.6461,0.0009,-1.0000
16.6655,1.0000,434.2717,1.1117,0.3058,16.6695,16.6509,15.4902,0.0013,-1.0000
16.6659,1.0000,434.2884,1.0905,0.3070,16.6512,16.6631,15.6020,0.0009,-1.0000
16.6686,1.0000,434.3051,0.9603,0.3230,16.6715,16.6583,15.4548,0.0012,-1.0000
16.6651,1.0000,434.3217,1.0639,0.2929,16.7215,16.6516,15.4675,0.0012,-1.0000
16.6671,1.0000,434.3383,1.1591,0.2807,16.6601,16.6640,15.5312,0.0009,-1.0000
16.6672,1.0000,434.3550,1.0601,0.3163,16.6708,16.6610,15.6531,0.0010,-1.0000
16.6644,1.0000,434.3716,1.2015,0.2718,16.6663,16.6487,15.4523,0.0010,-1.0000
16.6660,1.0000,434.3883,1.1826,0.2641,16.6587,16.6576,15.7021,0.0009,-1.0000
16.6737,1.0000,434.4051,1.1319,0.2804,16.6715,16.6832,15.5964,0.0010,-1.0000
16.6605,1.0000,434.4217,1.0068,0.3081,16.6693,16.6384,15.2428,0.0012,-1.0000
16.6669,1.0000,434.4382,1.1954,0.2790,16.6554,16.6578,15.6162,0.0012,-1.0000
16.6676,1.0000,434.4550,0.9548,0.2608,16.6641,16.6647,15.6263,0.0009,-1.0000
16.6670,1.0000,434.4717,1.0855,0.2896,16.6913,16.6609,15.5109,0.0009,-1.0000
16.6642,1.0000,434.4883,1.3943,0.2814,16.6474,16.6490,15.4828,0.0012,-1.0000
16.6707,1.0000,434.5050,1.0404,0.2937,16.6644,16.6725,15.5313,0.0011,-1.0000
16.6669,1.0000,434.5217,1.0374,0.2826,16.6716,16.6565,15.3939,0.0011,-1.0000
16.6648,1.0000,434.5383,1.1490,0.2754,16.6689,16.6509,15.6259,0.0009,-1.0000
16.6697,1.0000,434.5550,1.1652,0.2282,16.6551,16.6722,15.7954,0.0008,-1.0000
16.6645,1.0000,434.5717,1.1401,0.3383,16.6810,16.6533,15.5477,0.0013,-1.0000
16.6669,1.0000,434.5883,1.2612,0.2695,16.6653,16.6586,15.4855,0.0010,-1.0000
16.6693,1.0000,434.6052,1.0242,0.2516,16.6582,16.6716,15.6041,0.0012,-1.0000
16.6658,1.0000,434.6217,0.8758,0.2777,16.6792,16.6523,15.0630,0.0013,-1.0000
16.6664,1.0000,434.6383,1.1045,0.3180,16.6611,16.6521,15.4003,0.0011,-1.0000
16.6665,1.0000,434.6550,1.1721,0.3056,16.6664,16.6554,15.5139,0.0011,-1.0000
16.6654,1.0000,434.6716,1.0657,0.3572,16.6814,16.6520,15.4152,0.0012,-1.0000
16.6664,1.0000,434.6883,1.5876,0.3615,16.6629,16.6564,15.6158,0.0011,-1.0000
16.6657,1.0000,434.7050,1.2505,0.3037,16.6635,16.6591,15.6135,0.0010,-1.0000
16.6700,1.0000,434.7216,1.1403,0.2758,16.6641,16.6698,15.6823,0.0009,-1.0000
16.6650,1.0000,434.7383,1.2354,0.3234,16.6605,16.6524,15.4821,0.0010,-1.0000
16.6670,1.0000,434.7550,1.0392,0.2973,16.6639,16.6616,15.6032,0.0010,-1.0000
16.6681,1.0000,434.7717,1.0447,0.2608,16.6654,16.6605,15.6285,0.0012,-1.0000
16.6635,1.0000,434.7883,0.9862,0.2862,16.6774,16.6496,15.4293,0.0012,-1.0000
16.6659,1.0000,434.8049,1.1694,0.2649,16.6601,16.6588,15.5367,0.0009,-1.0000
16.6684,1.0000,434.8217,1.0570,0.2899,16.6689,16.6673,15.6836,0.0011,-1.0000
16.6661,1.0000,434.8382,1.0306,0.2993,16.6685,16.6561,15.4607,0.0011,-1.0000
16.6719,1.0000,434.8550,1.2192,0.3150,16.6566,16.6812,15.7466,0.0012,-1.0000
16.6639,1.0000,434.8717,1.1213,0.2914,16.6644,16.6445,15.4224,0.0013,-1.0000
16.6682,1.0000,434.8884,0.9825,0.3068,16.6729,16.6679,15.4620,0.0013,-1.0000
16.6666,1.0000,434.9050,1.1946,0.3058,16.6625,16.6510,15.2772,0.0011,-1.0000
16.6664,1.0000,434.9216,0.9332,0.3216,16.6902,16.6535,15.4417,0.0015,-1.0000
16.6681,1.0000,434.9383,1.2208,0.2814,16.6544,16.6644,15.4939,0.0011,-1.0000
16.6665,1.0000,434.9550,1.2044,0.4900,16.6766,16.6591,15.5228,0.0009,-1.0000
16.6635,1.0000,434.9716,1.3725,0.2880,16.6616,16.6411,15.5336,0.0012,-1.0000
16.6688,1.0000,434.9883,1.2107,0.3166,16.6621,16.6709,15.6758,0.0012,-1.0000
16.6652,1.0000,435.0050,1.1693,0.3351,16.6735,16.6540,15.5036,0.0009,-1.0000
16.6650,1.0000,435.0216,1.1353,0.2828,16.6686,16.6497,15.5807,0.0014,-1.0000
16.6705,1.0000,435.0383,1.1060,0.2822,16.6485,16.6764,15.6894,0.0008,-1.0000
16.6660,1.0000,435.0550,0.9937,0.3185,16.6783,16.6521,15.5452,0.0012,-1.0000
16.6640,1.0000,435.0717,1.1493,0.3182,16.6625,16.6502,15.5885,0.0010,-1.0000
16.6697,1.0000,435.0883,1.0677,0.3589,16.6568,16.6693,15.5164,0.0010,-1.0000
16.6642,1.0000,435.1049,0.9864,0.2869,16.6847,16.6509,15.5573,0.0011,-1.0000
16.6661,1.0000,435.1216,1.1053,0.2711,16.6610,16.6552,15.6540,0.0011,-1.0000
16.6704,1.0000,435.1383,1.0610,0.2649,16.6591,16.6758,15.7862,0.0008,-1.0000
16.6665,1.0000,435.1550,1.1517,0.2880,16.6759,16.6587,15.4350,0.0010,-1.0000
16.6680,1.0000,435.1718,1.0924,0.2386,16.6591,16.7069,15.5346,0.0014,-1.0000
16.6654,1.0000,435.1884,1.0002,0.2845,16.6615,16.6029,15.2638,0.0014,-1.0000
16.6653,1.0000,435.2050,0.8888,0.3515,16.6827,16.6546,15.4706,0.0011,-1.0000
16.6682,1.0000,435.2217,1.2226,0.3134,16.6675,16.6610,15.5520,0.0013,-1.0000
16.6690,1.0000,435.2384,1.1709,0.3107,16.7188,16.6684,15.5549,0.0011,-1.0000
16.6627,1.0000,435.2549,1.3376,0.3480,16.6130,16.6370,15.3065,0.0011,-1.0000
16.6681,1.0000,435.2717,1.1829,0.2797,16.6630,16.6688,15.5924,0.0011,-1.0000
16.6680,1.0000,435.2884,1.1078,0.2866,16.6702,16.6634,15.4957,0.0015,-1.0000
16.6629,1.0000,435.3049,1.1122,0.3165,16.6773,16.6406,15.4156,0.0011,-1.0000
16.6692,1.0000,435.3217,1.3292,0.3080,16.6441,16.6737,15.7606,0.0010,-1.0000
16.6682,1.0000,435.3383,1.0750,0.3153,16.6756,16.6604,15.3779,0.0011,-1.0000
16.6634,1.0000,435.3550,1.1662,0.2979,16.6731,16.6470,15.5572,0.0011,-1.0000
16.6687,1.0000,435.3717,1.2238,0.2687,16.6481,16.6686,15.7663,0.0009,-1.0000
16.6667,1.0000,435.3884,0.9121,0.3021,16.6803,16.6581,15.4243,0.0012,-1.0000
16.6651,1.0000,435.4050,1.2813,0.3160,16.6690,16.6498,15.5681,0.0011,-1.0000
16.6710,1.0000,435.4218,1.0887,0.2993,16.6543,16.6773,15.7145,0.0010,-1.0000
16.6674,1.0000,435.4383,0.9015,0.2713,16.6767,16.6596,15.4088,0.0011,-1.0000
16.6633,1.0000,435.4550,1.2324,0.2617,16.6659,16.6429,15.4855,0.0013,-1.0000
16.6675,1.0000,435.4717,1.0805,0.2822,16.6562,16.6613,15.4753,0.0012,-1.0000
16.6678,1.0000,435.4884,0.9615,0.2631,16.6860,16.6640,15.3319,0.0012,-1.0000
16.6670,1.0000,435.5051,1.2494,0.2578,16.6699,16.6597,15.1918,0.0013,-1.0000
16.6657,1.0000,435.5217,1.1560,0.3317,16.6518,16.6507,15.3494,0.0012,-1.0000
16.6668,1.0000,435.5383,1.1847,0.3116,16.6685,16.6634,15.2587,0.0011,-1.0000
16.6678,1.0000,435.5551,1.3308,0.3424,16.6720,16.6555,15.6095,0.0011,-1.0000
16.6634,1.0000,435.5717,1.4668,0.3343,16.6689,16.6466,15.4632,0.0012,-1.0000
16.6688,1.0000,435.5883,1.3001,0.2928,16.6607,16.6658,15.6259,0.0013,-1.0000
16.6678,1.0000,435.6051,1.4036,0.3331,16.6723,16.6630,15.5115,0.0010,-1.0000
16.6630,1.0000,435.6216,1.0449,0.3155,16.6660,16.6412,15.4812,0.0010,-1.0000
16.6691,1.0000,435.6382,1.1822,0.2591,16.6542,16.6736,15.8461,0.0008,-1.0000
16.6683,1.0000,435.6551,1.0384,0.3144,16.6736,16.6635,15.5439,0.0009,-1.0000
16.6667,1.0000,435.6717,1.1503,0.2811,16.6719,16.6596,15.3648,0.0012,-1.0000
16.6663,1.0000,435.6884,1.1592,0.2281,16.6479,16.6543,15.5560,0.0011,-1.0000
16.6672,1.0000,435.7051,0.8266,0.3231,16.6794,16.6580,15.4091,0.0012,-1.0000
16.6668,1.0000,435.7217,1.1185,0.3070,16.6715,16.6575,15.4637,0.0012,-1.0000
16.6670,1.0000,435.7383,1.2937,0.3288,16.6688,16.6591,14.9024,0.0016,-1.0000
16.6654,1.0000,435.7550,1.0971,0.2987,16.6639,16.6538,15.5640,0.0011,-1.0000
16.6678,1.0000,435.7717,1.2475,0.2919,16.6678,16.6634,15.4936,0.0013,-1.0000
16.6671,1.0000,435.7884,1.1923,0.3246,16.6664,16.6595,15.3902,0.0012,-1.0000
16.6668,1.0000,435.8051,1.7550,0.3004,16.6676,16.6572,15.3672,0.0014,-1.0000
16.6652,1.0000,435.8217,1.0887,0.3353,16.6616,16.6547,15.4105,0.0015,-1.0000
16.6685,1.0000,435.8383,1.1684,0.3168,16.6714,16.6640,15.3129,0.0011,-1.0000
16.6665,1.0000,435.8550,1.2680,0.2845,16.6683,16.6558,15.5957,0.0009,-1.0000
16.6645,1.0000,435.8716,1.2886,0.3116,16.6656,16.6522,15.4619,0.0010,-1.0000
16.6693,1.0000,435.8884,1.2427,0.3325,16.6623,16.6652,15.7125,0.0009,-1.0000
16.6665,1.0000,435.9051,1.3499,0.2679,16.6717,16.6637,15.4974,0.0012,-1.0000
16.6630,1.0000,435.9216,1.0590,0.2804,16.6644,16.6376,15.3898,0.0017,-1.0000
16.6699,1.0000,435.9383,1.1894,0.2607,16.6614,16.6787,15.8517,0.0011,-1.0000
16.6670,1.0000,435.9550,0.9517,0.2749,16.6734,16.6571,15.4707,0.0010,-1.0000
16.6636,1.0000,435.9716,1.1651,0.2944,16.6726,16.6476,15.5293,0.0010,-1.0000
16.6699,1.0000,435.9884,1.2463,0.2228,16.6429,16.6720,15.7402,0.0009,-1.0000
16.6668,1.0000,436.0050,0.8257,0.3123,16.6845,16.6593,15.3843,0.0014,-1.0000
16.6673,1.0000,436.0218,1.1853,0.2948,16.6647,16.6601,15.5274,0.0013,-1.0000
16.6672,1.0000,436.0383,1.1172,0.2613,16.6543,16.6610,15.3734,0.0012,-1.0000
