frame_ms,focused,elapsed,CPU Main Thread Frame Time,CPU Render Thread Frame Time,CPU Total Frame Time,PlayerLoop,WaitForTargetFPS,Gfx.WaitForPresentOnGfxThread,Gfx.WaitForGfxCommandsFromMainThread
16.6659,1.0000,408.2854,2.0995,0.2467,16.6590,16.6576,15.2532,0.0011,-1.0000
16.6692,1.0000,408.3017,1.2351,0.3607,16.6697,16.6642,14.0354,0.0012,-1.0000
16.6653,1.0000,408.3183,1.6040,0.4916,16.6725,16.6577,15.0597,0.0014,-1.0000
16.6673,1.0000,408.3350,1.4798,0.2678,16.6587,16.6587,15.3063,0.0011,-1.0000
16.6682,1.0000,408.3519,1.4030,0.3231,16.6652,16.6669,15.0468,0.0011,-1.0000
16.6644,1.0000,408.3681,2.6276,0.3478,16.6722,16.6412,15.0057,0.0014,-1.0000
16.6661,1.0000,408.3849,1.5970,0.2877,16.6659,16.6589,15.5324,0.0010,-1.0000
16.6697,1.0000,408.4021,1.3513,0.3423,16.6680,16.6661,15.4034,0.0013,-1.0000
16.6650,1.0000,408.4183,1.6190,0.3123,16.6780,16.6455,14.8013,0.0017,-1.0000
16.6660,1.0000,408.4349,1.6344,0.2539,16.6510,16.6559,15.3608,0.0012,-1.0000
16.6681,1.0000,408.4516,1.1254,0.2597,16.6673,16.6624,15.3397,0.0012,-1.0000
16.6662,1.0000,408.4681,1.2613,0.3123,16.6781,16.6562,15.2684,0.0012,-1.0000
16.6660,1.0000,408.4850,1.8428,0.2782,16.6567,16.6635,15.4810,0.0012,-1.0000
16.6683,1.0000,408.5016,1.2939,0.3436,16.6643,16.6550,15.0916,0.0017,-1.0000
16.6632,1.0000,408.5182,1.3214,0.2614,16.6707,16.6445,15.4510,0.0013,-1.0000
16.6685,1.0000,408.5351,1.3865,0.2491,16.6642,16.7342,15.6299,0.0010,-1.0000
16.6684,1.0000,408.5516,1.1815,0.2678,16.6731,16.6005,15.1505,0.0012,-1.0000
16.6666,1.0000,408.5683,1.5619,0.2622,16.6633,16.6839,15.1638,0.0014,-1.0000
16.6668,1.0000,408.5849,1.1923,0.2198,16.6516,16.6297,15.2671,0.0012,-1.0000
16.6677,1.0000,408.6017,1.1032,0.2616,16.7418,16.6621,15.2963,0.0016,-1.0000
16.6654,1.0000,408.6183,1.4486,0.3204,16.6076,16.6537,14.9937,0.0013,-1.0000
16.6656,1.0000,408.6349,1.5185,0.2725,16.6933,16.6520,15.3012,0.0012,-1.0000
16.6685,1.0000,408.6516,1.3612,0.2725,16.6382,16.6651,15.4372,0.0011,-1.0000
16.6667,1.0000,408.6682,1.3642,0.2858,16.6711,16.6579,15.2752,0.0011,-1.0000
16.6655,1.0000,408.6849,1.6590,0.2614,16.6637,16.6556,15.4279,0.0013,-1.0000
16.6679,1.0000,408.7024,1.3497,0.2673,16.6600,16.6663,15.3795,0.0012,-1.0000
16.6669,1.0000,408.7183,1.2268,0.2718,16.6726,16.6549,14.5645,0.0014,-1.0000
16.6657,1.0000,408.7349,1.3819,0.2924,16.6665,16.6525,15.3682,0.0009,-1.0000
16.6681,1.0000,408.7516,1.2264,0.3030,16.6634,16.6629,15.4179,0.0011,-1.0000
16.6662,1.0000,408.7682,1.2855,0.2782,16.6743,16.6592,15.2118,0.0015,-1.0000
16.6673,1.0000,408.7850,2.0892,0.2657,16.6654,16.6631,15.4780,0.0012,-1.0000
16.6670,1.0000,408.8016,1.2835,0.2438,16.6607,16.6539,15.2750,0.0011,-1.0000
16.6662,1.0000,408.8182,1.2438,0.4498,16.6699,16.6531,15.2724,0.0011,-1.0000
16.6648,1.0000,408.8349,1.4459,0.2479,16.6678,16.6524,15.4664,0.0010,-1.0000
16.6691,1.0000,408.8518,1.1840,0.2655,16.6733,16.6676,15.4520,0.0012,-1.0000
16.6661,1.0000,408.8683,1.3774,0.3245,16.6649,16.6537,14.8441,0.0016,-1.0000
16.6658,1.0000,408.8849,1.3794,0.2724,16.6618,16.6544,15.4361,0.0011,-1.0000
16.6688,1.0000,408.9017,1.1850,0.3216,16.6598,16.6678,15.4121,0.0012,-1.0000
16.6656,1.0000,408.9182,1.2144,0.3324,16.6775,16.6542,14.9967,0.0011,-1.0000
16.6637,1.0000,408.9349,1.8081,0.2686,16.6627,16.6477,15.4457,0.0011,-1.0000
16.6692,1.0000,408.9518,1.2173,0.2536,16.6624,16.6674,15.5502,0.0010,-1.0000
16.6674,1.0000,408.9681,1.2542,0.2846,16.6764,16.6633,14.8422,0.0017,-1.0000
16.6668,1.0000,408.9849,1.6563,0.2989,16.6624,16.6557,15.4879,0.0009,-1.0000
16.6683,1.0000,409.0017,1.2011,0.2510,16.6556,16.6646,15.4531,0.0010,-1.0000
16.6661,1.0000,409.0183,1.1162,0.3008,16.6742,16.6543,15.1969,0.0015,-1.0000
16.6652,1.0000,409.0349,1.8194,0.2555,16.6705,16.6534,15.2402,0.0011,-1.0000
16.6685,1.0000,409.0516,1.1668,0.2769,16.6645,16.6627,15.4933,0.0011,-1.0000
16.6661,1.0000,409.0682,1.2105,0.3213,16.6739,16.6601,15.3294,0.0014,-1.0000
16.6662,1.0000,409.0849,1.4558,0.2626,16.6632,16.6523,15.4552,0.0012,-1.0000
16.6688,1.0000,409.1016,1.4122,0.2659,16.6618,16.6689,15.3130,0.0014,-1.0000
16.6670,1.0000,409.1183,1.1684,0.3116,16.6703,16.6509,15.3022,0.0011,-1.0000
16.6631,1.0000,409.1349,1.3294,0.2725,16.6695,16.6517,15.3582,0.0014,-1.0000
16.6677,1.0000,409.1517,1.1959,0.2894,16.6599,16.6628,15.4635,0.0010,-1.0000
16.6679,1.0000,409.1682,1.3544,0.3077,16.6779,16.6567,15.0012,0.0011,-1.0000
16.6669,1.0000,409.1849,1.3472,0.2503,16.6604,16.6588,15.4597,0.0011,-1.0000
16.6684,1.0000,409.2017,1.2922,0.3029,16.6592,16.6670,15.3659,0.0011,-1.0000
16.6651,1.0000,409.2183,1.1984,0.3340,16.6732,16.6498,15.1759,0.0011,-1.0000
16.6658,1.0000,409.2349,1.6546,0.2981,16.6662,16.6543,15.3718,0.0012,-1.0000
16.6671,1.0000,409.2517,1.1981,0.2656,16.6664,16.6627,15.4742,0.0012,-1.0000
16.6680,1.0000,409.2682,1.2998,0.2786,16.6763,16.6625,15.1526,0.0011,-1.0000
16.6662,1.0000,409.2850,1.4727,0.3013,16.6582,16.6541,15.4676,0.0012,-1.0000
16.6671,1.0000,409.3017,1.2812,0.2542,16.6627,16.6619,15.3608,0.0011,-1.0000
16.6668,1.0000,409.3183,1.1873,0.2932,16.6704,16.6554,15.1526,0.0016,-1.0000
16.6656,1.0000,409.3349,1.5091,0.2693,16.6707,16.6547,15.4099,0.0010,-1.0000
16.6667,1.0000,409.3517,1.1852,0.2751,16.6632,16.6594,15.4933,0.0010,-1.0000
16.6682,1.0000,409.3681,1.2998,0.2962,16.6711,16.6597,15.1430,0.0009,-1.0000
16.6667,1.0000,409.3849,1.5011,0.2948,16.6645,16.6584,15.4254,0.0011,-1.0000
16.6671,1.0000,409.4016,1.2437,0.2445,16.6627,16.6622,15.4424,0.0011,-1.0000
16.6665,1.0000,409.4183,1.1651,0.3440,16.6678,16.6556,15.0283,0.0013,-1.0000
16.6672,1.0000,409.4350,1.5156,0.2659,16.6672,16.6588,15.3006,0.0013,-1.0000
16.6669,1.0000,409.4519,1.2317,0.2569,16.6665,16.6587,15.3154,0.0013,-1.0000
16.6659,1.0000,409.4682,1.2186,0.5981,16.6711,16.6553,14.9059,0.0016,-1.0000
16.6653,1.0000,409.4850,1.6261,0.3119,16.6649,16.6518,15.4642,0.0010,-1.0000
16.6692,1.0000,409.5020,1.3567,0.2725,16.6679,16.6702,15.3646,0.0015,-1.0000
16.6663,1.0000,409.5183,1.3417,0.3581,16.6692,16.6798,14.9705,0.0015,-1.0000
16.6658,1.0000,409.5349,1.7473,0.2703,16.6647,16.6249,15.3547,0.0016,-1.0000
16.6670,1.0000,409.5516,1.1864,0.2737,16.6600,16.6594,15.4423,0.0009,-1.0000
16.6669,1.0000,409.5681,1.3040,0.2500,16.6800,16.6594,15.3851,0.0011,-1.0000
16.6653,1.0000,409.5849,1.7078,0.2835,16.6903,16.6519,15.4920,0.0012,-1.0000
16.6686,1.0000,409.6017,1.2687,0.2722,16.6329,16.6680,15.4721,0.0012,-1.0000
16.6660,1.0000,409.6183,1.2160,0.5275,16.6677,16.6554,15.1260,0.0011,-1.0000
16.6662,1.0000,409.6349,1.2729,0.2472,16.6680,16.6516,15.4404,0.0012,-1.0000
16.6686,1.0000,409.6516,1.1586,0.2481,16.6593,16.6681,15.4345,0.0009,-1.0000
16.6655,1.0000,409.6682,1.1944,0.3819,16.6767,16.6528,15.3779,0.0014,-1.0000
16.6652,1.0000,409.6849,1.5282,0.2654,16.6642,16.6531,15.4783,0.0011,-1.0000
16.6685,1.0000,409.7018,1.2098,0.2692,16.6591,16.6672,15.4338,0.0011,-1.0000
16.6672,1.0000,409.7183,1.2325,0.3234,16.6777,16.6540,15.0411,0.0011,-1.0000
16.6660,1.0000,409.7349,1.2733,0.2721,16.6616,16.6566,15.4244,0.0015,-1.0000
16.6683,1.0000,409.7516,1.1738,0.2589,16.6609,16.6636,15.3468,0.0010,-1.0000
16.6666,1.0000,409.7682,1.2321,0.3376,16.6770,16.6551,15.2109,0.0010,-1.0000
16.6646,1.0000,409.7850,1.6117,0.3012,16.6632,16.6531,15.4394,0.0013,-1.0000
16.6685,1.0000,409.8018,1.2308,0.2947,16.6643,16.6672,15.3660,0.0010,-1.0000
16.6667,1.0000,409.8182,1.3154,0.3010,16.6738,16.6523,15.0775,0.0014,-1.0000
16.6652,1.0000,409.8349,1.4429,0.2770,16.6638,16.6566,15.4096,0.0013,-1.0000
16.6693,1.0000,409.8523,1.2125,0.2608,16.6608,16.6655,15.4482,0.0013,-1.0000
16.6663,1.0000,409.8682,1.2999,0.3572,16.6762,16.6543,14.3331,0.0019,-1.0000
16.6646,1.0000,409.8849,1.5731,0.3006,16.6610,16.6504,15.4408,0.0011,-1.0000
16.6701,1.0000,409.9017,1.2457,0.2752,16.6646,16.6727,15.4585,0.0013,-1.0000
16.6658,1.0000,409.9183,1.2156,0.3713,16.6744,16.6456,14.3675,0.0014,-1.0000
16.6657,1.0000,409.9349,2.3193,0.2830,16.6647,16.6571,15.3524,0.0013,-1.0000
16.6694,1.0000,409.9517,1.2089,0.2575,16.6582,16.6677,15.4151,0.0011,-1.0000
16.6650,1.0000,409.9682,1.2128,0.3736,16.6837,16.6498,15.1946,0.0017,-1.0000
16.6653,1.0000,409.9849,2.2769,0.3080,16.6561,16.6511,15.5014,0.0010,-1.0000
16.6692,1.0000,410.0022,1.3031,0.3139,16.6661,16.6800,15.5612,0.0010,-1.0000
16.6653,1.0000,410.0183,1.2510,0.3023,16.6769,16.6390,14.6542,0.0016,-1.0000
16.6667,1.0000,410.0349,1.4534,0.2662,16.6599,16.6593,15.2975,0.0013,-1.0000
16.6677,1.0000,410.0516,1.1490,0.2739,16.6595,16.6619,15.4333,0.0012,-1.0000
16.6673,1.0000,410.0682,1.1176,0.3011,16.6900,16.6682,15.2369,0.0014,-1.0000
16.6643,1.0000,410.0849,1.9832,0.2778,16.6481,16.6357,15.4940,0.0014,-1.0000
16.6679,1.0000,410.1016,1.3607,0.2800,16.6690,16.6662,15.4843,0.0011,-1.0000
16.6673,1.0000,410.1183,1.2274,0.3205,16.6712,16.6585,15.2819,0.0012,-1.0000
16.6669,1.0000,410.1349,1.4298,0.2595,16.6761,16.6582,15.4303,0.0010,-1.0000
16.6673,1.0000,410.1517,1.1404,0.2654,16.6433,16.6593,15.4162,0.0010,-1.0000
16.6662,1.0000,410.1682,1.1811,0.7049,16.6749,16.6570,15.2756,0.0014,-1.0000
16.6663,1.0000,410.1849,1.3752,0.2783,16.6673,16.6537,15.5184,0.0010,-1.0000
16.6677,1.0000,410.2018,1.2265,0.2599,16.6667,16.6744,15.5022,0.0010,-1.0000
16.6664,1.0000,410.2183,1.2416,0.3295,16.6681,16.6397,15.0711,0.0013,-1.0000
16.6667,1.0000,410.2349,1.3798,0.2788,16.6659,16.6594,15.1255,0.0011,-1.0000
16.6686,1.0000,410.2518,1.1341,0.2639,16.6621,16.6667,15.4062,0.0012,-1.0000
16.6661,1.0000,410.2682,1.1711,0.3452,16.6857,16.6486,15.0315,0.0013,-1.0000
16.6647,1.0000,410.2849,1.5673,0.4024,16.6500,16.6504,15.1835,0.0013,-1.0000
16.6686,1.0000,410.3017,1.5329,0.2822,16.6679,16.6727,15.4839,0.0012,-1.0000
16.6665,1.0000,410.3183,1.2592,0.4180,16.6779,16.6490,14.5775,0.0014,-1.0000
16.6660,1.0000,410.3349,1.6157,0.3161,16.6587,16.6567,15.2906,0.0011,-1.0000
16.6681,1.0000,410.3517,1.4656,0.2562,16.6582,16.6651,15.4362,0.0010,-1.0000
16.6670,1.0000,410.3684,1.1875,0.2772,16.6829,16.6559,14.6221,0.0014,-1.0000
16.6651,1.0000,410.3849,2.0699,0.2746,16.6591,16.6445,15.1372,0.0014,-1.0000
16.6681,1.0000,410.4016,1.3648,0.2801,16.6649,16.6639,15.4606,0.0011,-1.0000
16.6658,1.0000,410.4183,1.2279,0.3171,16.6754,16.6550,15.4572,0.0013,-1.0000
16.6677,1.0000,410.4350,2.0326,0.2852,16.6681,16.6611,15.4557,0.0011,-1.0000
16.6667,1.0000,410.4516,1.5059,0.2585,16.6528,16.6558,15.3552,0.0011,-1.0000
16.6659,1.0000,410.4682,1.2022,0.3036,16.6723,16.6586,15.2798,0.0013,-1.0000
16.6668,1.0000,410.4849,1.1963,0.2582,16.6640,16.6577,15.4919,0.0012,-1.0000
16.6678,1.0000,410.5016,1.2040,0.3039,16.6689,16.6597,15.4470,0.0010,-1.0000
16.6661,1.0000,410.5183,1.2994,0.3061,16.6644,16.6582,15.3545,0.0011,-1.0000
16.6657,1.0000,410.5349,1.3772,0.3389,16.6673,16.6705,15.2434,0.0011,-1.0000
16.6689,1.0000,410.5516,1.1646,0.2681,16.6664,16.6498,15.4083,0.0012,-1.0000
16.6651,1.0000,410.5682,1.2117,0.2920,16.6682,16.6514,15.2447,0.0016,-1.0000
16.6669,1.0000,410.5849,1.3027,0.2589,16.6672,16.6600,15.4827,0.0013,-1.0000
16.6675,1.0000,410.6017,1.4260,0.2735,16.6787,16.6656,15.3951,0.0010,-1.0000
16.6666,1.0000,410.6183,1.2402,0.2992,16.6592,16.6505,15.2061,0.0014,-1.0000
16.6643,1.0000,410.6349,1.4050,0.2843,16.6612,16.6479,15.3412,0.0013,-1.0000
16.6691,1.0000,410.6516,1.1761,0.3132,16.6694,16.6684,15.5432,0.0012,-1.0000
16.6664,1.0000,410.6682,1.2692,0.3153,16.6747,16.6579,15.2171,0.0012,-1.0000
16.6646,1.0000,410.6849,1.4428,0.2693,16.6591,16.6494,15.5385,0.0012,-1.0000
16.6692,1.0000,410.7016,1.3056,0.2579,16.6559,16.6688,15.4586,0.0013,-1.0000
16.6671,1.0000,410.7183,1.1238,0.2780,16.6765,16.6604,15.2996,0.0011,-1.0000
16.6644,1.0000,410.7349,1.4395,0.2989,16.6663,16.6456,15.3546,0.0013,-1.0000
16.6685,1.0000,410.7516,1.1097,0.2974,16.6564,16.6693,15.5184,0.0012,-1.0000
16.6675,1.0000,410.7684,1.2088,0.3154,16.6773,16.6561,15.1626,0.0011,-1.0000
16.6650,1.0000,410.7849,1.3595,0.2650,16.6703,16.6532,15.1266,0.0016,-1.0000
16.6689,1.0000,410.8017,1.2897,0.2540,16.6534,16.6658,15.4836,0.0011,-1.0000
16.6664,1.0000,410.8183,1.1497,0.3490,16.6776,16.6565,15.3730,0.0015,-1.0000
16.6660,1.0000,410.8350,1.4925,0.2498,16.6643,16.6548,15.2539,0.0011,-1.0000
16.6648,1.0000,410.8516,1.5251,0.2564,16.6609,16.6498,15.4253,0.0012,-1.0000
16.6696,1.0000,410.8682,1.1809,0.2419,16.6751,16.6714,15.4357,0.0012,-1.0000
16.6667,1.0000,410.8849,1.2821,0.3507,16.6661,16.6565,15.3858,0.0014,-1.0000
16.6649,1.0000,410.9016,1.3996,0.2488,16.6639,16.6551,15.4282,0.0012,-1.0000
16.6696,1.0000,410.9183,1.2233,0.2697,16.6575,16.6764,15.4362,0.0011,-1.0000
16.6653,1.0000,410.9350,1.2344,0.3820,16.6784,16.6455,15.3369,0.0011,-1.0000
16.6644,1.0000,410.9516,1.2691,0.2645,16.6656,16.6489,15.3150,0.0012,-1.0000
16.6745,1.0000,410.9683,1.2256,0.2574,16.6626,16.6783,15.5673,0.0009,-1.0000
16.6616,1.0000,410.9850,1.2386,0.3255,16.6840,16.6485,15.2681,0.0013,-1.0000
16.6656,1.0000,411.0016,1.3076,0.2847,16.6542,16.6553,15.3774,0.0012,-1.0000
16.6686,1.0000,411.0183,1.3326,0.2501,16.6562,16.6625,15.4125,0.0012,-1.0000
16.6669,1.0000,411.0351,1.1101,0.3260,16.6872,16.6574,15.2016,0.0012,-1.0000
16.6647,1.0000,411.0516,1.3790,0.2777,16.6580,16.6490,15.3074,0.0012,-1.0000
16.6682,1.0000,411.0682,1.2769,0.3213,16.6642,16.6743,15.4792,0.0011,-1.0000
16.6676,1.0000,411.0850,1.2484,0.3007,16.6717,16.6491,15.4233,0.0011,-1.0000
16.6649,1.0000,411.1017,1.4549,0.2732,16.6667,16.6531,15.4602,0.0012,-1.0000
16.6675,1.0000,411.1184,1.3404,0.2514,16.6566,16.6631,15.3649,0.0012,-1.0000
16.6687,1.0000,411.1351,1.1942,0.2660,16.6838,16.6621,15.0313,0.0012,-1.0000
16.6634,1.0000,411.1516,1.2246,0.2688,16.6588,16.6463,15.0915,0.0015,-1.0000
16.6687,1.0000,411.1682,1.1917,0.2608,16.6619,16.6653,15.4325,0.0010,-1.0000
16.6665,1.0000,411.1850,1.2968,0.3079,16.6717,16.6568,15.3612,0.0011,-1.0000
16.6663,1.0000,411.2017,1.6294,0.2800,16.6716,16.6558,15.2665,0.0016,-1.0000
16.6680,1.0000,411.2185,1.5535,0.2563,16.6544,16.6650,15.3091,0.0011,-1.0000
16.6666,1.0000,411.2350,1.2314,0.3380,16.6745,16.6500,15.1575,0.0016,-1.0000
16.6649,1.0000,411.2516,1.2944,0.3155,16.6651,16.6531,15.4463,0.0011,-1.0000
16.6678,1.0000,411.2682,1.3877,0.2607,16.6645,16.6658,15.5004,0.0010,-1.0000
16.6670,1.0000,411.2850,1.3547,0.3173,16.6763,16.6603,15.4532,0.0010,-1.0000
16.6675,1.0000,411.3017,1.4910,0.2523,16.6592,16.6543,15.2587,0.0012,-1.0000
16.6677,1.0000,411.3185,1.2058,0.2463,16.6601,16.6663,15.3731,0.0013,-1.0000
16.6662,1.0000,411.3350,1.1643,0.2776,16.6741,16.6458,15.0066,0.0013,-1.0000
16.6634,1.0000,411.3516,1.2059,0.3083,16.6693,16.6490,15.4134,0.0014,-1.0000
16.6668,1.0000,411.3682,1.3942,0.3116,16.6637,16.6582,15.4819,0.0010,-1.0000
16.6700,1.0000,411.3849,1.2915,0.7451,16.6788,16.6710,15.3943,0.0012,-1.0000
16.6650,1.0000,411.4016,1.6379,0.2741,16.6554,16.6516,15.3878,0.0011,-1.0000
16.6675,1.0000,411.4187,1.2341,0.2310,16.6571,16.6602,15.2835,0.0013,-1.0000
16.6671,1.0000,411.4350,1.1753,0.2611,16.6660,16.6314,14.7420,0.0011,-1.0000
16.6645,1.0000,411.4516,1.2756,0.2706,16.6796,16.6519,15.3712,0.0009,-1.0000
16.6682,1.0000,411.4682,1.2625,0.2865,16.6601,16.6635,15.4453,0.0012,-1.0000
16.6673,1.0000,411.4850,1.3749,0.3450,16.6981,16.6601,15.3047,0.0011,-1.0000
16.6637,1.0000,411.5016,1.8886,0.2780,16.6402,16.6486,15.1129,0.0011,-1.0000
16.6702,1.0000,411.5183,1.2797,0.2728,16.6594,16.6744,15.6351,0.0011,-1.0000
16.6671,1.0000,411.5351,1.2168,0.2626,16.6711,16.6596,14.6053,0.0013,-1.0000
16.6653,1.0000,411.5516,1.3542,0.3084,16.6674,16.6496,15.2059,0.0015,-1.0000
16.6656,1.0000,411.5682,1.5347,0.2282,16.6550,16.6532,15.4368,0.0011,-1.0000
16.6695,1.0000,411.5850,1.0382,0.7501,16.6816,16.6703,15.3717,0.0011,-1.0000
16.6638,1.0000,411.6017,2.0530,0.3043,16.6697,16.6482,15.3900,0.0013,-1.0000
16.6696,1.0000,411.6184,1.4423,0.2656,16.6583,16.6672,15.3076,0.0014,-1.0000
16.6975,1.0000,411.6350,1.2153,0.3815,16.6608,16.6875,15.0927,0.0015,-1.0000
16.6657,1.0000,411.6517,1.2975,0.2761,16.6785,16.6543,15.3686,0.0010,-1.0000
16.6668,1.0000,411.6683,1.2572,0.2874,16.6579,16.6583,15.4015,0.0016,-1.0000
16.6679,1.0000,411.6850,1.3585,0.3692,16.6762,16.6606,15.1336,0.0013,-1.0000
16.6641,1.0000,411.7017,1.5932,0.3214,16.6965,16.6493,15.3877,0.0013,-1.0000
16.6691,1.0000,411.7184,1.2846,0.2638,16.6633,16.6710,15.3905,0.0012,-1.0000
16.6675,1.0000,411.7350,1.2553,0.2825,16.6676,16.6576,14.9961,0.0013,-1.0000
16.6654,1.0000,411.7516,1.5253,0.2640,16.6680,16.6490,15.3208,0.0011,-1.0000
16.6671,1.0000,411.7683,1.2605,0.2646,16.6576,16.6599,15.4515,0.0010,-1.0000
16.6673,1.0000,411.7851,1.2791,0.2963,16.6796,16.6618,14.8684,0.0013,-1.0000
16.6636,1.0000,411.8016,1.6599,0.2947,16.6678,16.6457,15.2856,0.0013,-1.0000
16.6697,1.0000,411.8185,1.3271,0.2664,16.6576,16.6732,15.5357,0.0012,-1.0000
16.6676,1.0000,411.8351,1.2074,0.3355,16.6684,16.6570,14.9489,0.0015,-1.0000
16.6632,1.0000,411.8517,1.7921,0.2746,16.6705,16.6482,15.3699,0.0010,-1.0000
16.6699,1.0000,411.8683,1.3590,0.3202,16.6530,16.6711,15.2685,0.0011,-1.0000
16.6668,1.0000,411.8850,1.1362,0.3386,16.6828,16.6547,15.2029,0.0010,-1.0000
16.6650,1.0000,411.9016,1.7061,0.2520,16.6657,16.6469,15.4099,0.0011,-1.0000
16.6693,1.0000,411.9184,1.2774,0.2937,16.6564,16.6705,15.4834,0.0011,-1.0000
16.6658,1.0000,411.9350,1.4015,0.3060,16.6803,16.6543,15.2379,0.0012,-1.0000
16.6659,1.0000,411.9517,1.4504,0.2645,16.6646,16.6541,15.3477,0.0012,-1.0000
16.6686,1.0000,411.9683,1.2359,0.2945,16.6549,16.6692,15.4373,0.0011,-1.0000
16.6662,1.0000,411.9850,1.1860,0.2614,16.6787,16.6509,15.4370,0.0011,-1.0000
16.6643,1.0000,412.0016,1.4150,0.2519,16.6631,16.6502,15.4095,0.0017,-1.0000
16.6694,1.0000,412.0186,1.3050,0.3104,16.6631,16.6729,15.4935,0.0009,-1.0000
16.6663,1.0000,412.0351,1.2303,0.3985,16.6787,16.6499,14.7217,0.0013,-1.0000
16.6660,1.0000,412.0517,1.2127,0.2706,16.6597,16.6553,15.2788,0.0013,-1.0000
16.6684,1.0000,412.0683,1.2392,0.2456,16.6574,16.6633,15.4543,0.0012,-1.0000
16.6662,1.0000,412.0850,1.1784,0.3010,16.6830,16.6631,15.2768,0.0013,-1.0000
16.6646,1.0000,412.1017,1.9268,0.2595,16.6594,16.6800,15.4360,0.0010,-1.0000
16.6693,1.0000,412.1187,1.3750,0.2667,16.6635,16.6340,15.3721,0.0013,-1.0000
16.6668,1.0000,412.1351,1.2074,0.3195,16.6707,16.7219,14.9929,0.0014,-1.0000
16.6655,1.0000,412.1517,1.3848,0.2463,16.6716,16.5887,15.2873,0.0012,-1.0000
16.6679,1.0000,412.1683,1.2428,0.2512,16.6883,16.6643,15.4607,0.0013,-1.0000
16.6671,1.0000,412.1851,1.2604,0.2693,16.6421,16.6536,15.3817,0.0012,-1.0000
16.6650,1.0000,412.2017,1.7275,0.2651,16.7314,16.6526,15.2921,0.0015,-1.0000
16.6674,1.0000,412.2184,1.3004,0.2630,16.5979,16.6567,15.4702,0.0014,-1.0000
16.6682,1.0000,412.2350,1.2020,0.3006,16.6746,16.6632,15.1984,0.0012,-1.0000
16.6655,1.0000,412.2516,1.2703,0.2793,16.6633,16.6526,15.3622,0.0011,-1.0000
16.6674,1.0000,412.2683,1.3591,0.2453,16.6621,16.6624,15.4308,0.0010,-1.0000
16.6678,1.0000,412.2850,1.1847,0.3338,16.6659,16.6612,15.3659,0.0012,-1.0000
16.6630,1.0000,412.3016,1.4635,0.3149,16.6726,16.6436,15.3954,0.0011,-1.0000
16.6695,1.0000,412.3183,1.2891,0.2717,16.6605,16.6715,15.5522,0.0012,-1.0000
16.7383,1.0000,412.3352,1.2303,0.2535,16.6711,16.7379,15.3447,0.0011,-1.0000
16.6645,1.0000,412.3518,1.2941,0.2529,16.6695,16.6139,15.0787,0.0014,-1.0000
16.6680,1.0000,412.3683,1.2472,0.2464,16.6509,16.6639,15.3535,0.0017,-1.0000
16.6670,1.0000,412.3851,1.1180,0.3161,16.6782,16.6587,15.3850,0.0014,-1.0000
16.6667,1.0000,412.4017,1.3921,0.3230,16.7487,16.6551,15.2738,0.0012,-1.0000
16.6651,1.0000,412.4184,1.5339,0.2824,16.6522,16.6536,15.3965,0.0012,-1.0000
16.6704,1.0000,412.4351,1.3086,0.3194,16.6723,16.6759,15.5173,0.0010,-1.0000
16.6645,1.0000,412.4518,1.2722,0.3120,16.6669,16.6455,15.3013,0.0012,-1.0000
16.6673,1.0000,412.4685,1.3798,0.2785,16.6640,16.6600,15.2498,0.0011,-1.0000
16.6670,1.0000,412.4851,1.2556,0.3064,16.6612,16.6606,15.1527,0.0014,-1.0000
16.6676,1.0000,412.5018,1.1572,0.3236,16.6843,16.6575,15.3665,0.0012,-1.0000
16.6645,1.0000,412.5185,1.3432,0.2909,16.6551,16.6469,15.3359,0.0011,-1.0000
16.6679,1.0000,412.5351,1.4089,0.2602,16.6689,16.6662,14.2278,0.0012,-1.0000
16.6639,1.0000,412.5517,1.5065,0.3546,16.6708,16.6448,15.3986,0.0011,-1.0000
16.6698,1.0000,412.5683,1.2897,0.2757,16.6690,16.6726,15.4814,0.0012,-1.0000
16.6676,1.0000,412.5855,1.3099,0.2732,16.6555,16.6632,15.3609,0.0011,-1.0000
16.6640,1.0000,412.6019,2.4371,0.3015,16.6742,16.6438,14.9388,0.0012,-1.0000
16.6684,1.0000,412.6184,1.2450,0.2545,16.6516,16.6639,15.0987,0.0013,-1.0000
16.7766,1.0000,412.6353,1.1900,0.3290,16.6801,16.7671,15.4146,0.0012,-1.0000
16.5564,1.0000,412.6517,1.3012,0.2979,16.6741,16.5455,14.9728,0.0014,-1.0000
16.6670,1.0000,412.6683,1.7039,0.3135,16.6537,16.6605,15.4055,0.0014,-1.0000
16.6681,1.0000,412.6852,1.5635,0.2692,16.6722,16.6628,15.3859,0.0013,-1.0000
16.6653,1.0000,412.7018,1.3511,0.3689,16.7764,16.6480,14.9875,0.0014,-1.0000
16.6674,1.0000,412.7184,1.5711,0.2567,16.5536,16.6603,15.3922,0.0010,-1.0000
16.6678,1.0000,412.7352,1.2534,0.3361,16.6688,16.6621,15.4091,0.0013,-1.0000
16.6631,1.0000,412.7517,1.2750,0.3073,16.6747,16.6387,15.2664,0.0010,-1.0000
16.6678,1.0000,412.7683,1.6592,0.2505,16.6581,16.6674,15.5404,0.0014,-1.0000
16.6689,1.0000,412.7854,1.2669,0.2603,16.6691,16.6693,15.3453,0.0013,-1.0000
16.6641,1.0000,412.8017,1.2515,0.2675,16.6744,16.6416,15.0681,0.0015,-1.0000
16.6684,1.0000,412.8184,1.3713,0.2567,16.6477,16.6656,15.4736,0.0013,-1.0000
16.6675,1.0000,412.8351,1.1255,0.2978,16.6745,16.6586,15.4230,0.0011,-1.0000
16.6647,1.0000,412.8518,1.3227,0.3103,16.6796,16.6529,15.1830,0.0013,-1.0000
16.6667,1.0000,412.8683,1.5723,0.2868,16.6512,16.6623,15.2872,0.0011,-1.0000
16.6695,1.0000,412.8853,1.1905,0.3228,16.6733,16.6637,15.5124,0.0009,-1.0000
16.6636,1.0000,412.9017,1.2344,0.3628,16.6678,16.6436,15.0218,0.0014,-1.0000
16.6672,1.0000,412.9184,1.4685,0.2677,16.6607,16.6583,15.4984,0.0013,-1.0000
16.6687,1.0000,412.9352,1.3739,0.2643,16.6715,16.6681,15.3684,0.0014,-1.0000
16.6657,1.0000,412.9518,1.1502,0.3178,16.6737,16.6560,15.1253,0.0013,-1.0000
16.6660,1.0000,412.9683,1.6204,0.3073,16.6531,16.6521,15.3615,0.0012,-1.0000
16.6698,1.0000,412.9853,1.1586,0.3098,16.6651,16.6719,15.5607,0.0011,-1.0000
16.6641,1.0000,413.0018,1.2982,0.3230,16.6762,16.6451,15.0373,0.0015,-1.0000
16.6680,1.0000,413.0184,1.5292,0.2687,16.6657,16.6604,15.4094,0.0011,-1.0000
16.6678,1.0000,413.0352,1.2888,0.2969,16.6602,16.6655,15.3454,0.0013,-1.0000
16.6634,1.0000,413.0517,1.1100,0.2804,16.6810,16.6423,14.9979,0.0014,-1.0000
16.6685,1.0000,413.0683,1.6064,0.2504,16.6548,16.6626,15.5084,0.0012,-1.0000
16.6686,1.0000,413.0851,1.2498,0.3039,16.6688,16.6673,15.5428,0.0010,-1.0000
16.6664,1.0000,413.1019,1.3187,0.3087,16.6756,16.6563,15.1429,0.0012,-1.0000
16.6658,1.0000,413.1184,1.6434,0.2576,16.6524,16.6519,15.2077,0.0013,-1.0000
16.6672,1.0000,413.1352,1.1531,0.2503,16.6696,16.6608,15.4440,0.0013,-1.0000
16.6666,1.0000,413.1518,1.1231,0.3160,16.6767,16.6570,15.2289,0.0014,-1.0000
16.6652,1.0000,413.1683,1.5116,0.2741,16.6653,16.6530,15.3260,0.0012,-1.0000
16.6683,1.0000,413.1852,1.4430,0.2798,16.6607,16.6650,15.5459,0.0011,-1.0000
16.6666,1.0000,413.2018,1.2154,0.3219,16.6693,16.6559,15.0526,0.0014,-1.0000
16.6671,1.0000,413.2184,1.4266,0.2812,16.6661,16.6595,15.3210,0.0013,-1.0000
16.6669,1.0000,413.2355,1.3254,0.2486,16.6612,16.6643,15.4094,0.0013,-1.0000
16.6658,1.0000,413.2518,1.1176,0.4394,16.6724,16.6474,14.6740,0.0017,-1.0000
16.6661,1.0000,413.2683,1.6018,0.2705,16.6642,16.6595,15.3152,0.0011,-1.0000
16.6693,1.0000,413.2851,1.3375,0.2666,16.6668,16.6671,15.5079,0.0009,-1.0000
16.6636,1.0000,413.3017,1.2535,0.3125,16.6748,16.6430,15.4082,0.0014,-1.0000
16.6691,1.0000,413.3185,1.9719,0.2750,16.6574,16.6711,15.4981,0.0010,-1.0000
16.6682,1.0000,413.3351,1.3433,0.2454,16.6673,16.6602,15.2383,0.0013,-1.0000
16.6643,1.0000,413.3517,1.1583,0.2532,16.6749,16.6469,15.3391,0.0012,-1.0000
16.6678,1.0000,413.3683,1.2334,0.3235,16.6519,16.6647,15.4781,0.0014,-1.0000
16.6667,1.0000,413.3850,1.1716,0.3355,16.6798,16.6559,15.3927,0.0012,-1.0000
16.6643,1.0000,413.4017,1.4204,0.2955,16.6708,16.6483,15.4475,0.0011,-1.0000
16.6693,1.0000,413.4184,1.3065,0.2725,16.6566,16.6693,15.4647,0.0011,-1.0000
16.6686,1.0000,413.4351,1.1851,0.3296,16.6732,16.6635,15.2509,0.0010,-1.0000
16.6640,1.0000,413.4517,1.2621,0.2898,16.6653,16.6412,15.2814,0.0012,-1.0000
16.6677,1.0000,413.4683,1.1996,0.2534,16.6557,16.6662,15.4270,0.0012,-1.0000
16.6689,1.0000,413.4851,1.2033,0.3105,16.6784,16.6619,15.0238,0.0011,-1.0000
16.6628,1.0000,413.5017,1.4114,0.2812,16.6747,16.6433,15.3535,0.0013,-1.0000
16.6702,1.0000,413.5185,1.3583,0.2799,16.6504,16.6695,15.4635,0.0013,-1.0000
16.6668,1.0000,413.5351,1.2381,0.2799,16.6744,16.6641,15.0697,0.0013,-1.0000
16.6637,1.0000,413.5517,1.6368,0.2890,16.6718,16.6419,15.3492,0.0013,-1.0000
16.6692,1.0000,413.5683,1.2885,0.2650,16.6521,16.6680,15.5637,0.0010,-1.0000
16.6676,1.0000,413.5851,1.2044,0.3158,16.6774,16.6579,15.5171,0.0014,-1.0000
16.6629,1.0000,413.6018,1.5927,0.3137,16.6734,16.6478,15.4050,0.0011,-1.0000
16.6698,1.0000,413.6184,1.2914,0.3257,16.6506,16.6457,15.3119,0.0016,-1.0000
16.6684,1.0000,413.6355,1.1032,0.3011,16.6763,16.7064,15.4943,0.0011,-1.0000
16.6645,1.0000,413.6517,1.1393,0.2613,16.6666,16.5998,14.9090,0.0012,-1.0000
16.6672,1.0000,413.6683,1.2418,0.3086,16.6565,16.6623,15.3914,0.0011,-1.0000
16.6673,1.0000,413.6851,1.3321,0.2850,16.6784,16.6590,15.5084,0.0010,-1.0000
16.6649,1.0000,413.7017,1.2108,0.3264,16.7181,16.6520,15.1154,0.0016,-1.0000
16.6665,1.0000,413.7184,1.6898,0.3072,16.6106,16.6525,15.4858,0.0013,-1.0000
16.6690,1.0000,413.7350,1.2696,0.3421,16.6703,16.6695,15.3726,0.0018,-1.0000
16.6658,1.0000,413.7517,1.1495,0.4043,16.6678,16.6770,15.2373,0.0008,-1.0000
16.6665,1.0000,413.7683,1.5351,0.2504,16.6601,16.6404,15.5121,0.0011,-1.0000
16.6672,1.0000,413.7851,1.1654,0.3232,16.6609,16.6593,15.4899,0.0012,-1.0000
16.6660,1.0000,413.8017,1.2949,0.3383,16.6771,16.6521,15.3123,0.0018,-1.0000
16.6667,1.0000,413.8184,1.4391,0.2690,16.6856,16.6572,15.4912,0.0012,-1.0000
16.6685,1.0000,413.8351,1.1274,0.2972,16.6487,16.6639,15.4808,0.0012,-1.0000
16.6657,1.0000,413.8517,1.1683,0.3515,16.6696,16.6492,15.2707,0.0013,-1.0000
16.6666,1.0000,413.8683,1.3380,0.2572,16.6613,16.6574,15.3507,0.0012,-1.0000
16.6666,1.0000,413.8851,1.1648,0.2610,16.6659,16.6598,15.5033,0.0009,-1.0000
16.6676,1.0000,413.9017,1.1824,0.4165,16.6755,16.6584,15.4129,0.0011,-1.0000
16.6652,1.0000,413.9184,1.3772,0.3280,16.6597,16.7023,15.3923,0.0011,-1.0000
16.6688,1.0000,413.9351,1.3054,0.2888,16.6658,16.6169,15.4613,0.0011,-1.0000
16.6662,1.0000,413.9518,1.1555,0.2965,16.6682,16.6553,15.3152,0.0013,-1.0000
16.6667,1.0000,413.9684,1.2447,0.2547,16.6675,16.6556,15.2781,0.0011,-1.0000
16.6675,1.0000,413.9851,1.3088,0.2600,16.7107,16.6613,15.2747,0.0013,-1.0000
16.6657,1.0000,414.0017,1.1544,0.2832,16.6258,16.6504,15.3104,0.0011,-1.0000
16.6658,1.0000,414.0184,1.3388,0.2929,16.6657,16.6562,15.4948,0.0010,-1.0000
16.6685,1.0000,414.0351,1.3762,0.2817,16.6653,16.6642,15.4241,0.0012,-1.0000
16.6661,1.0000,414.0517,1.3852,0.3254,16.6721,16.6561,15.0771,0.0013,-1.0000
16.6659,1.0000,414.0683,1.3387,0.2754,16.6598,16.6556,15.4060,0.0012,-1.0000
16.6687,1.0000,414.0851,1.1601,0.2513,16.6635,16.6675,15.5848,0.0009,-1.0000
16.6648,1.0000,414.1017,1.2387,0.3559,16.6714,16.6492,15.1567,0.0017,-1.0000
16.6672,1.0000,414.1192,1.5776,0.3221,16.6645,16.6541,15.4005,0.0011,-1.0000
16.6674,1.0000,414.1351,1.2486,0.2877,16.6638,16.6647,14.2767,0.0014,-1.0000
16.6660,1.0000,414.1518,1.0818,0.3216,16.6781,16.6561,15.4717,0.0011,-1.0000
16.6689,1.0000,414.1683,1.4909,0.2653,16.6579,16.6616,15.3726,0.0014,-1.0000
16.6658,1.0000,414.1851,1.2524,0.3002,16.6638,16.6579,15.4872,0.0009,-1.0000
16.6668,1.0000,414.2018,2.3866,0.2593,16.6724,16.6584,15.3997,0.0013,-1.0000
16.6670,1.0000,414.2184,1.1830,0.3021,16.6654,16.6603,15.4296,0.0011,-1.0000
16.6668,1.0000,414.2350,1.2876,0.3016,16.6697,16.6539,15.3675,0.0012,-1.0000
16.6665,1.0000,414.2518,1.1697,0.3143,16.6663,16.6581,15.4334,0.0013,-1.0000
16.6667,1.0000,414.2684,1.2574,0.2698,16.6664,16.6570,15.2773,0.0012,-1.0000
16.6668,1.0000,414.2851,1.2296,0.2924,16.6709,16.6581,15.3114,0.0011,-1.0000
16.6668,1.0000,414.3017,1.2852,0.2643,16.6628,16.6555,15.4041,0.0012,-1.0000
16.6677,1.0000,414.3187,1.2233,0.2613,16.6677,16.6615,15.4612,0.0012,-1.0000
16.6660,1.0000,414.3351,1.3784,0.2602,16.6668,16.6540,15.0357,0.0012,-1.0000
16.6635,1.0000,414.3517,1.3455,0.2826,16.6671,16.6478,15.4615,0.0011,-1.0000
16.6699,1.0000,414.3683,1.2503,0.2690,16.6643,16.6730,15.5829,0.0010,-1.0000
16.6668,1.0000,414.3850,1.1987,0.2631,16.6710,16.6583,15.1913,0.0012,-1.0000
16.6649,1.0000,414.4017,1.6171,0.2606,16.6624,16.6531,15.4463,0.0011,-1.0000
16.6686,1.0000,414.4190,1.1854,0.2337,16.6539,16.6648,15.4675,0.0013,-1.0000
16.6675,1.0000,414.4351,1.0891,0.3268,16.6805,16.2092,14.5941,0.0014,-1.0000
16.6629,1.0000,414.4516,1.4659,0.2496,16.6670,16.6433,15.4090,0.0014,-1.0000
16.6682,1.0000,414.4683,1.2055,0.2467,16.6606,16.6653,15.6877,0.0011,-1.0000
16.6696,1.0000,414.4851,1.1960,0.3126,17.1228,16.6710,15.6024,0.0011,-1.0000
16.6664,1.0000,414.5017,1.6135,0.2776,16.2186,16.6555,15.4016,0.0013,-1.0000
16.6674,1.0000,414.5185,1.2331,0.2157,16.6494,16.6632,15.4502,0.0012,-1.0000
16.6656,1.0000,414.5355,0.9765,0.2692,16.6714,16.6521,15.2547,0.0012,-1.0000
16.6670,1.0000,414.5518,1.0674,0.2796,16.6788,16.6595,14.5558,0.0014,-1.0000
16.6645,1.0000,414.5683,1.2529,0.2752,16.6645,16.6509,15.2913,0.0012,-1.0000
16.6689,1.0000,414.5852,1.2115,0.2829,16.6721,16.6689,15.5365,0.0011,-1.0000
16.6670,1.0000,414.6019,1.3961,0.2764,16.6604,16.6575,15.1640,0.0014,-1.0000
16.6656,1.0000,414.6184,2.1022,0.2844,16.6678,16.6534,15.2328,0.0011,-1.0000
16.6706,1.0000,414.6352,1.3586,0.2684,16.6582,16.6675,15.3511,0.0009,-1.0000
16.6644,1.0000,414.6518,1.1311,0.3313,16.6782,16.6511,15.1474,0.0013,-1.0000
16.6670,1.0000,414.6683,1.4919,0.2832,16.6670,16.6582,15.3361,0.0011,-1.0000
16.6670,1.0000,414.6855,1.4195,0.2895,16.6620,16.6593,15.4640,0.0013,-1.0000
16.6664,1.0000,414.7018,1.3154,0.2898,16.6768,16.6532,14.5312,0.0011,-1.0000
16.6684,1.0000,414.7185,1.5021,0.2584,16.6618,16.6638,15.3652,0.0011,-1.0000
16.6660,1.0000,414.7352,1.3206,0.2765,16.6684,16.6502,14.9558,0.0016,-1.0000
16.6668,1.0000,414.7518,1.1943,0.3319,16.6706,16.6434,15.0654,0.0012,-1.0000
16.6653,1.0000,414.7683,2.1205,0.2677,16.6639,16.6592,15.2588,0.0011,-1.0000
16.6661,1.0000,414.7851,1.2975,0.3461,16.6762,16.6512,15.3448,0.0012,-1.0000
16.6682,1.0000,414.8018,1.6927,0.3527,16.6692,16.6634,15.3587,0.0011,-1.0000
16.6662,1.0000,414.8184,1.5771,0.2720,16.6529,16.6538,15.2814,0.0011,-1.0000
16.6660,1.0000,414.8351,1.3995,0.3204,16.6680,16.6564,15.4175,0.0011,-1.0000
16.6692,1.0000,414.8519,1.3051,0.2976,16.6589,16.6667,15.4287,0.0010,-1.0000
16.6641,1.0000,414.8683,1.3034,0.2662,16.6728,16.6477,14.8961,0.0015,-1.0000
16.6671,1.0000,414.8851,1.3715,0.2753,16.6630,16.6629,15.4889,0.0010,-1.0000
16.6677,1.0000,414.9019,1.2377,0.2861,16.6640,16.6578,15.4300,0.0010,-1.0000
16.6656,1.0000,414.9184,1.2365,0.3608,16.6766,16.6537,15.0084,0.0013,-1.0000
16.6663,1.0000,414.9351,1.7502,0.2760,16.6570,16.6579,15.4408,0.0011,-1.0000
16.6696,1.0000,414.9517,1.1727,0.2711,16.6712,16.6685,15.3744,0.0014,-1.0000
16.6648,1.0000,414.9683,1.2267,0.3909,16.6678,16.6497,15.3775,0.0013,-1.0000
16.6669,1.0000,414.9851,1.6439,0.2761,16.6613,16.6609,15.5526,0.0010,-1.0000
16.6684,1.0000,415.0018,1.2161,0.2824,16.6666,16.6614,15.2439,0.0012,-1.0000
16.6654,1.0000,415.0185,1.2922,0.2924,16.6773,16.6514,15.3685,0.0012,-1.0000
16.6675,1.0000,415.0351,1.2709,0.2817,16.6581,16.6602,15.2499,0.0012,-1.0000
16.6668,1.0000,415.0518,1.1071,0.2681,16.6698,16.6566,15.3973,0.0013,-1.0000
16.6656,1.0000,415.0683,1.4163,0.2921,16.6717,16.6571,15.1456,0.0012,-1.0000
16.6673,1.0000,415.0851,1.2813,0.2763,16.6618,16.6564,15.4134,0.0010,-1.0000
16.6683,1.0000,415.1018,1.4087,0.2770,16.6700,16.6623,15.3491,0.0012,-1.0000
16.6646,1.0000,415.1184,1.2578,0.5608,16.6660,16.6497,15.2946,0.0012,-1.0000
16.6668,1.0000,415.1352,1.5105,0.2811,16.6666,16.6575,15.4679,0.0012,-1.0000
16.6676,1.0000,415.1519,1.2419,0.2813,16.6644,16.6628,15.0787,0.0010,-1.0000
16.6669,1.0000,415.1683,1.3120,0.2831,16.6723,16.6551,14.6152,0.0009,-1.0000
16.6661,1.0000,415.1851,1.3536,0.2890,16.6590,16.6601,15.4735,0.0010,-1.0000
16.6684,1.0000,415.2020,1.1883,0.3532,16.6655,16.6614,15.3261,0.0011,-1.0000
16.6649,1.0000,415.2184,1.5831,0.4317,16.6710,16.6518,14.8989,0.0012,-1.0000
16.6660,1.0000,415.2350,2.0382,0.3062,16.6636,16.6556,15.3619,0.0014,-1.0000
16.6681,1.0000,415.2518,1.1855,0.2873,16.6689,16.6627,15.4845,0.0014,-1.0000
16.6668,1.0000,415.2683,1.3338,0.3551,16.6711,16.6575,14.7320,0.0016,-1.0000
16.6655,1.0000,415.2851,1.7521,0.3158,16.6605,16.6548,15.4197,0.0013,-1.0000
16.6683,1.0000,415.3017,1.2928,0.2651,16.6638,16.6629,15.3575,0.0010,-1.0000
16.6667,1.0000,415.3184,1.1767,0.2899,16.6710,16.6551,15.4006,0.0010,-1.0000
16.6656,1.0000,415.3351,1.9238,0.2884,16.6671,16.6539,15.3202,0.0012,-1.0000
16.6676,1.0000,415.3521,1.2338,0.3397,16.6643,16.6623,15.4435,0.0010,-1.0000
16.6667,1.0000,415.3683,1.3042,0.2953,16.6715,16.6587,15.0474,0.0012,-1.0000
16.6659,1.0000,415.3850,1.2537,0.3095,16.6650,16.6559,15.4660,0.0016,-1.0000
16.6676,1.0000,415.4019,1.3326,0.2635,16.6622,16.6594,15.4050,0.0011,-1.0000
16.6658,1.0000,415.4184,1.2177,0.2494,16.6704,16.6557,14.9742,0.0013,-1.0000
16.6675,1.0000,415.4351,1.6101,0.2885,16.6678,16.6640,15.3709,0.0012,-1.0000
16.6681,1.0000,415.4518,1.1882,0.3131,16.6652,16.6618,15.3008,0.0011,-1.0000
16.6653,1.0000,415.4683,1.2533,0.3370,16.6673,16.6504,15.0898,0.0017,-1.0000
16.6663,1.0000,415.4850,1.6801,0.3372,16.6639,16.6562,15.5140,0.0009,-1.0000
16.6676,1.0000,415.5019,1.2920,0.3381,16.6727,16.6609,15.4698,0.0009,-1.0000
16.6668,1.0000,415.5184,1.3597,0.4725,16.6716,16.6561,15.2942,0.0013,-1.0000
16.6662,1.0000,415.5352,1.5590,0.2697,16.6600,16.6565,15.3542,0.0012,-1.0000
16.6680,1.0000,415.5523,1.1411,0.2670,16.6638,16.6704,15.2494,0.0013,-1.0000
16.6684,1.0000,415.5684,1.1904,0.4863,16.6694,16.6577,14.8414,0.0012,-1.0000
16.6648,1.0000,415.5851,1.3605,0.2813,16.6643,16.6507,15.3398,0.0013,-1.0000
16.6691,1.0000,415.6019,1.3009,0.3327,16.6637,16.6660,15.4061,0.0012,-1.0000
16.6650,1.0000,415.6184,1.4194,0.2733,16.6799,16.6503,14.8640,0.0012,-1.0000
16.6666,1.0000,415.6351,1.8149,0.2693,16.6680,16.6526,15.3762,0.0011,-1.0000
16.6664,1.0000,415.6521,1.3093,0.3374,16.6598,16.6576,15.3528,0.0012,-1.0000
16.6660,1.0000,415.6683,1.2585,0.5868,16.6768,16.6221,14.1823,0.0019,-1.0000
16.6668,1.0000,415.6852,1.7851,0.2645,16.6615,16.6607,15.4975,0.0010,-1.0000
16.6691,1.0000,415.7018,1.2747,0.3447,16.6631,16.6657,15.3303,0.0009,-1.0000
16.6650,1.0000,415.7184,1.3038,0.2985,16.6984,16.6428,15.1195,0.0013,-1.0000
16.6667,1.0000,415.7351,2.4379,0.3038,16.6313,16.6562,15.3798,0.0011,-1.0000
16.6665,1.0000,415.7517,1.1623,0.2754,16.6703,16.6585,15.3811,0.0012,-1.0000
16.6679,1.0000,415.7685,1.3341,0.3093,16.6780,16.6677,15.4613,0.0012,-1.0000
16.6659,1.0000,415.7851,1.5219,0.2948,16.6531,16.6497,14.9830,0.0016,-1.0000
16.6668,1.0000,415.8018,1.2752,0.2604,16.6644,16.6576,15.4366,0.0011,-1.0000
16.7248,1.0000,415.8185,1.2761,0.2835,16.6665,16.7186,15.3893,0.0011,-1.0000
16.6404,1.0000,415.8351,1.2052,0.3373,16.6773,16.6289,15.2186,0.0015,-1.0000
16.6663,1.0000,415.8518,1.6651,0.3182,16.6599,16.6563,15.2468,0.0014,-1.0000
16.6672,1.0000,415.8685,1.2197,0.2859,16.6659,16.7099,15.3250,0.0011,-1.0000
16.6664,1.0000,415.8852,1.3280,0.2880,16.7282,16.6062,15.2287,0.0017,-1.0000
16.6672,1.0000,415.9019,1.4089,0.3058,16.6385,16.7366,15.2311,0.0012,-1.0000
16.6684,1.0000,415.9186,1.4079,0.2877,16.6664,16.6805,15.2646,0.0010,-1.0000
16.6656,1.0000,415.9352,1.3839,0.4725,16.7204,16.6321,15.1050,0.0010,-1.0000
16.6658,1.0000,415.9519,1.3756,0.2775,16.6166,16.6566,15.2384,0.0015,-1.0000
16.6675,1.0000,415.9686,1.5043,0.3029,16.7477,16.6920,15.1305,0.0011,-1.0000
16.6655,1.0000,415.9852,1.4148,0.3348,16.6914,16.5988,15.1046,0.0016,-1.0000
16.6670,1.0000,416.0019,1.5260,0.3031,16.6413,16.6534,15.2667,0.0013,-1.0000
16.6670,1.0000,416.0186,1.4168,0.2817,16.6666,16.7109,15.2900,0.0015,-1.0000
16.6677,1.0000,416.0353,1.5605,0.3408,16.7037,16.5736,14.8547,0.0015,-1.0000
16.6631,1.0000,416.0518,1.4926,0.3103,16.6087,16.6351,15.1297,0.0012,-1.0000
16.6681,1.0000,416.0684,1.3854,0.3968,16.6629,16.6641,15.5049,0.0012,-1.0000
16.7119,1.0000,416.0853,1.4193,0.3485,16.7208,16.7241,15.5317,0.0009,-1.0000
16.6634,1.0000,416.1019,1.7173,0.2676,16.5838,16.6309,15.2199,0.0015,-1.0000
16.6688,1.0000,416.1185,1.5042,0.2526,16.6432,16.6697,15.3404,0.0013,-1.0000
16.6674,1.0000,416.1353,1.1581,0.3016,16.6719,16.7122,15.3352,0.0013,-1.0000
16.6656,1.0000,416.1519,1.1914,0.3082,16.7344,16.5938,15.0225,0.0017,-1.0000
16.6663,1.0000,416.1684,1.4098,0.3051,16.6398,16.6607,15.4168,0.0013,-1.0000
16.6687,1.0000,416.1852,1.3281,0.2952,16.6778,16.6630,15.3215,0.0013,-1.0000
16.6660,1.0000,416.2018,1.3756,0.2991,16.7224,16.6536,15.1715,0.0015,-1.0000
16.6669,1.0000,416.2186,1.5695,0.2953,16.6044,16.6639,15.3892,0.0012,-1.0000
16.6682,1.0000,416.2352,1.2425,0.3385,16.6697,16.6538,15.2984,0.0012,-1.0000
16.6658,1.0000,416.2518,1.3400,0.3265,16.6707,16.6506,15.2328,0.0011,-1.0000
16.6666,1.0000,416.2685,1.4804,0.2670,16.6627,16.6638,15.3499,0.0014,-1.0000
16.6663,1.0000,416.2852,1.2737,0.3283,16.6756,16.6570,15.3741,0.0013,-1.0000
16.6669,1.0000,416.3018,1.3539,0.2866,16.6637,16.6585,15.2904,0.0012,-1.0000
16.6664,1.0000,416.3185,1.4166,0.3108,16.6605,16.6504,15.4181,0.0013,-1.0000
16.6676,1.0000,416.3352,1.3124,0.2769,16.6726,16.6706,15.3496,0.0011,-1.0000
16.6669,1.0000,416.3521,1.2818,0.3127,16.6660,16.6519,15.3038,0.0012,-1.0000
16.6655,1.0000,416.3685,1.3669,0.2559,16.6679,16.6550,14.9013,0.0017,-1.0000
16.6678,1.0000,416.3852,1.2309,0.2677,16.6585,16.6586,15.2348,0.0012,-1.0000
16.6715,1.0000,416.4020,1.3199,0.3496,16.6816,16.6694,15.3678,0.0013,-1.0000
16.6612,1.0000,416.4186,1.3468,0.2933,16.6618,16.6888,15.0963,0.0015,-1.0000
16.6656,1.0000,416.4352,1.7520,0.3171,16.6645,16.6006,15.2026,0.0012,-1.0000
16.6683,1.0000,416.4521,1.4225,0.2920,16.6676,16.8012,15.2063,0.0012,-1.0000
16.6670,1.0000,416.4685,1.2999,0.3380,16.6783,16.5787,15.0941,0.0011,-1.0000
16.6663,1.0000,416.4852,1.5913,0.2776,16.6988,16.6053,15.3486,0.0015,-1.0000
16.6669,1.0000,416.5020,1.3965,0.3073,16.6086,16.7137,15.3229,0.0013,-1.0000
16.6668,1.0000,416.5186,1.5936,0.2863,16.8081,16.6598,15.1824,0.0012,-1.0000
16.6662,1.0000,416.5352,1.4840,0.2814,16.5879,16.5994,15.1700,0.0016,-1.0000
16.6668,1.0000,416.5519,1.2549,0.2630,16.6135,16.6636,15.2945,0.0014,-1.0000
16.6677,1.0000,416.5685,1.3894,0.2815,16.7220,16.6609,15.1779,0.0012,-1.0000
16.6643,1.0000,416.5852,1.4763,0.2801,16.6686,16.6880,15.4078,0.0012,-1.0000
16.6689,1.0000,416.6024,1.4280,0.3154,16.6093,16.6986,15.3250,0.0010,-1.0000
16.6672,1.0000,416.6186,1.3677,0.3259,16.6729,16.6431,14.6533,0.0012,-1.0000
16.6656,1.0000,416.6352,1.4818,0.2536,16.6701,16.6474,15.3223,0.0013,-1.0000
16.6674,1.0000,416.6520,1.2790,0.2632,16.6958,16.6837,15.2456,0.0012,-1.0000
16.6673,1.0000,416.6685,1.3724,0.3023,16.7060,16.6245,15.0752,0.0011,-1.0000
16.6673,1.0000,416.6853,1.9889,0.2948,16.6520,16.6574,15.2652,0.0016,-1.0000
16.6663,1.0000,416.7021,1.3236,0.3014,16.6556,16.7598,15.2575,0.0012,-1.0000
16.6669,1.0000,416.7186,1.4368,0.3463,16.6920,16.6167,15.0423,0.0014,-1.0000
16.6656,1.0000,416.7353,1.5484,0.3070,16.6342,16.6154,15.0491,0.0012,-1.0000
16.6672,1.0000,416.7521,1.3903,0.2658,16.6681,16.6878,15.2877,0.0011,-1.0000
16.6673,1.0000,416.7685,1.5005,0.4475,16.7684,16.5752,14.9979,0.0012,-1.0000
16.6657,1.0000,416.7853,1.5727,0.2777,16.6256,16.7075,15.3393,0.0011,-1.0000
16.6668,1.0000,416.8020,1.5650,0.2748,16.6259,16.6986,15.3128,0.0010,-1.0000
16.6688,1.0000,416.8188,1.3992,0.2609,16.6969,16.6486,15.2494,0.0012,-1.0000
16.6651,1.0000,416.8353,1.5761,0.2701,16.5843,16.6125,14.9750,0.0013,-1.0000
16.6683,1.0000,416.8519,1.3672,0.2760,16.7174,16.6837,15.2347,0.0011,-1.0000
16.6666,1.0000,416.8685,1.3848,0.2807,16.7096,16.6397,15.0284,0.0012,-1.0000
16.6664,1.0000,416.8853,1.3983,0.2807,16.6592,16.6840,15.3735,0.0014,-1.0000
16.6657,1.0000,416.9022,1.6360,0.2683,16.6213,16.6083,15.2460,0.0012,-1.0000
16.6688,1.0000,416.9187,1.4478,0.2804,16.6926,16.6834,14.9684,0.0011,-1.0000
16.6634,1.0000,416.9354,1.6100,0.2791,16.6482,16.7376,15.0500,0.0016,-1.0000
16.6684,1.0000,416.9519,1.3089,0.2713,16.6925,16.5506,15.0723,0.0010,-1.0000
16.6674,1.0000,416.9685,1.3615,0.2681,16.6165,16.6757,15.2770,0.0012,-1.0000
16.6652,1.0000,416.9852,1.7138,0.2763,16.6938,16.6395,15.3172,0.0010,-1.0000
16.6671,1.0000,417.0018,1.6859,0.2985,16.7467,16.6277,15.3116,0.0013,-1.0000
16.6669,1.0000,417.0185,1.4774,0.3036,16.5602,16.6532,15.3269,0.0013,-1.0000
16.6654,1.0000,417.0352,1.3974,0.3152,16.6855,16.6461,15.3458,0.0013,-1.0000
16.6684,1.0000,417.0526,1.3214,0.3058,16.6487,16.6685,15.3430,0.0012,-1.0000
16.6668,1.0000,417.0685,1.3146,0.2874,16.6384,16.6610,14.2669,0.0010,-1.0000
16.6668,1.0000,417.0854,1.3249,0.2698,16.6622,16.7661,15.4397,0.0011,-1.0000
16.6668,1.0000,417.1020,1.2994,0.2777,16.6537,16.5885,15.1014,0.0013,-1.0000
16.6668,1.0000,417.1187,1.3241,0.7638,16.6766,16.6822,15.1103,0.0012,-1.0000
16.6649,1.0000,417.1353,2.3932,0.3543,16.6692,16.6334,15.1050,0.0013,-1.0000
16.6687,1.0000,417.1520,1.3251,0.3940,16.7745,16.6813,15.2995,0.0012,-1.0000
16.6667,1.0000,417.1685,1.4857,0.3960,16.5997,16.6654,15.0756,0.0016,-1.0000
16.6667,1.0000,417.1853,1.5707,0.5339,16.6929,16.6736,15.3303,0.0011,-1.0000
16.6667,1.0000,417.2020,1.5270,0.3957,16.6419,16.6223,15.1539,0.0012,-1.0000
16.6669,1.0000,417.2186,1.3805,0.9244,16.6902,16.6610,15.0610,0.0013,-1.0000
16.6652,1.0000,417.2353,1.5881,0.3372,16.6753,16.6886,15.2264,0.0012,-1.0000
16.6687,1.0000,417.2519,1.3419,0.3215,16.6814,16.6121,15.2735,0.0016,-1.0000
16.6666,1.0000,417.2685,1.4673,0.4105,16.6319,16.6144,15.2457,0.0015,-1.0000
16.6663,1.0000,417.2852,1.5985,0.3219,16.6694,16.6583,15.3818,0.0011,-1.0000
16.6675,1.0000,417.3020,1.4609,0.2877,16.6972,16.6623,15.2985,0.0011,-1.0000
16.6666,1.0000,417.3191,1.3369,0.3941,16.6212,16.6480,15.0715,0.0014,-1.0000
16.6657,1.0000,417.3352,1.3672,0.3302,16.6237,16.6589,14.5742,0.0014,-1.0000
16.6669,1.0000,417.3521,1.2752,0.3504,16.6690,16.7091,15.2785,0.0012,-1.0000
16.6670,1.0000,417.3685,1.3620,0.3921,16.6714,16.6052,14.8356,0.0014,-1.0000
16.6679,1.0000,417.3852,1.5749,0.4345,16.6575,16.6606,15.3325,0.0012,-1.0000
16.6663,1.0000,417.4019,2.0833,0.6719,16.6680,16.6611,15.2472,0.0011,-1.0000
16.6667,1.0000,417.4186,1.4293,0.5082,16.7180,16.6529,15.1298,0.0012,-1.0000
16.6664,1.0000,417.4353,1.7682,0.3415,16.6146,16.6638,15.1700,0.0013,-1.0000
16.6661,1.0000,417.4522,1.3270,0.3850,16.6697,16.6500,15.1053,0.0012,-1.0000
16.6676,1.0000,417.4685,1.4127,0.3664,16.6695,16.6618,14.8489,0.0013,-1.0000
16.6650,1.0000,417.4853,1.5217,0.3870,16.6617,16.6497,15.3895,0.0011,-1.0000
16.6712,1.0000,417.5021,1.4924,0.3975,16.6732,16.7377,15.2819,0.0013,-1.0000
16.6638,1.0000,417.5186,1.5435,0.5921,16.6594,16.5887,15.0514,0.0012,-1.0000
16.6671,1.0000,417.5354,1.8118,0.3689,16.6705,16.6545,15.2058,0.0013,-1.0000
16.6669,1.0000,417.5521,1.2593,0.3501,16.6576,16.6626,14.9705,0.0013,-1.0000
16.6662,1.0000,417.5685,1.4536,0.4000,16.7473,16.6435,15.0270,0.0013,-1.0000
16.6638,1.0000,417.5852,1.5358,0.3896,16.5982,16.6467,15.3502,0.0012,-1.0000
16.6707,1.0000,417.6025,1.4476,0.3729,16.6646,16.6815,15.3789,0.0011,-1.0000
16.6660,1.0000,417.6187,1.6909,0.4237,16.6752,16.6576,14.0746,0.0016,-1.0000
16.6647,1.0000,417.6353,1.6152,0.3620,16.6532,16.6927,15.0853,0.0012,-1.0000
16.6694,1.0000,417.6519,1.2955,0.3705,16.6541,16.6271,14.9752,0.0013,-1.0000
16.6658,1.0000,417.6685,1.3013,0.3785,16.6890,16.6466,15.0133,0.0013,-1.0000
16.6641,1.0000,417.6853,2.5817,0.3559,16.6669,16.7020,15.3234,0.0014,-1.0000
16.7197,1.0000,417.7027,1.6064,0.3721,16.7006,16.8351,15.2647,0.0014,-1.0000
16.6664,1.0000,417.7186,1.6506,0.4025,16.6346,16.4993,14.3140,0.0016,-1.0000
16.6635,1.0000,417.7353,1.6317,0.3211,16.6558,16.6822,15.3412,0.0011,-1.0000
16.6699,1.0000,417.7520,1.3777,0.3184,16.7098,16.6337,15.3276,0.0012,-1.0000
16.6668,1.0000,417.7686,1.5692,0.4326,16.8443,16.6448,15.1977,0.0013,-1.0000
16.6639,1.0000,417.7853,2.1834,0.3292,16.5098,16.6472,14.5827,0.0014,-1.0000
16.6682,1.0000,417.8019,1.3400,0.3178,16.6901,16.7168,15.4048,0.0010,-1.0000
16.8179,1.0000,417.8190,1.3045,0.4028,16.6413,16.8872,15.5413,0.0011,-1.0000
16.6632,1.0000,417.8354,1.4458,0.4186,16.6539,16.5823,14.8879,0.0014,-1.0000
16.6668,1.0000,417.8521,2.0633,0.3663,16.6549,16.6695,15.3223,0.0013,-1.0000
16.6697,1.0000,417.8689,1.3110,0.3368,16.7232,16.6978,15.1185,0.0014,-1.0000
16.6634,1.0000,417.8854,1.3444,0.3482,16.8960,16.5881,15.0786,0.0015,-1.0000
16.6661,1.0000,417.9021,1.6936,0.3287,16.5905,16.6593,15.3925,0.0011,-1.0000
16.6693,1.0000,417.9189,1.3461,0.3703,16.6778,16.7833,15.3853,0.0014,-1.0000
16.6658,1.0000,417.9355,1.5778,0.3276,16.7055,16.5544,14.8239,0.0014,-1.0000
16.6663,1.0000,417.9522,1.5079,0.2630,16.5957,16.6584,15.2644,0.0011,-1.0000
16.6702,1.0000,417.9688,1.2660,0.3146,16.6655,16.7087,15.2039,0.0013,-1.0000
16.6651,1.0000,417.9855,1.3966,0.4151,16.7921,16.5671,15.1712,0.0013,-1.0000
16.6634,1.0000,418.0020,1.7293,0.2808,16.5641,16.6819,15.3296,0.0013,-1.0000
16.6696,1.0000,418.0191,1.3928,0.3054,16.6656,16.6849,15.5142,0.0013,-1.0000
16.6679,1.0000,418.0356,1.5032,0.4140,16.7162,16.6405,14.1790,0.0017,-1.0000
16.6650,1.0000,418.0521,1.3943,0.2839,16.5763,16.6879,14.9538,0.0014,-1.0000
16.6697,1.0000,418.0689,1.3508,0.3546,16.6894,16.6590,15.2724,0.0015,-1.0000
16.6647,1.0000,418.0855,1.1693,0.3342,16.6919,16.6492,14.8872,0.0012,-1.0000
16.6674,1.0000,418.1021,2.4602,0.3131,16.6498,16.6559,15.0338,0.0016,-1.0000
16.6665,1.0000,418.1192,1.7324,0.2846,16.6962,16.7179,15.3428,0.0014,-1.0000
16.6659,1.0000,418.1354,1.3848,0.3828,16.6689,16.5436,14.5995,0.0017,-1.0000
16.6669,1.0000,418.1521,1.7610,0.3149,16.6596,16.6582,15.2736,0.0013,-1.0000
16.6675,1.0000,418.1689,1.6203,0.2842,16.6653,16.7731,15.2533,0.0013,-1.0000
16.6668,1.0000,418.1855,1.3738,0.3711,16.7295,16.5459,15.1207,0.0015,-1.0000
16.6659,1.0000,418.2021,1.9424,0.3067,16.5806,16.6568,15.1315,0.0011,-1.0000
16.6667,1.0000,418.2188,1.3834,0.3084,16.6664,16.6583,15.2712,0.0010,-1.0000
16.6678,1.0000,418.2354,1.5184,0.3273,16.7817,16.6220,15.1667,0.0013,-1.0000
16.6664,1.0000,418.2521,1.4237,0.3264,16.5558,16.6596,15.2909,0.0011,-1.0000
16.6681,1.0000,418.2688,1.5243,0.2643,16.6654,16.6587,15.2750,0.0015,-1.0000
16.6661,1.0000,418.2854,1.3859,0.3410,16.6676,16.6485,14.9102,0.0014,-1.0000
16.6664,1.0000,418.3021,1.4544,0.3021,16.6306,16.6585,15.3504,0.0011,-1.0000
16.6684,1.0000,418.3190,1.3675,0.3795,16.6692,16.6646,15.3236,0.0012,-1.0000
16.6657,1.0000,418.3355,1.3822,0.3710,16.6688,16.6832,14.3229,0.0014,-1.0000
16.6655,1.0000,418.3521,1.7369,0.3434,16.6585,16.6191,15.1735,0.0015,-1.0000
16.6690,1.0000,418.3688,1.3068,0.2864,16.6680,16.6536,15.1849,0.0013,-1.0000
16.6654,1.0000,418.3854,1.3398,0.2899,16.6754,16.6463,14.9870,0.0015,-1.0000
16.6661,1.0000,418.4021,2.3594,0.2860,16.6935,16.6576,15.3390,0.0013,-1.0000
16.6685,1.0000,418.4189,1.4442,0.2773,16.6272,16.6647,15.3433,0.0015,-1.0000
16.6648,1.0000,418.4354,1.4675,0.3934,16.6633,16.6470,14.8789,0.0014,-1.0000
16.6660,1.0000,418.4521,1.6587,0.2902,16.6569,16.6536,15.2643,0.0012,-1.0000
16.6696,1.0000,418.4691,1.3172,0.2793,16.6663,16.6746,15.4321,0.0012,-1.0000
16.6659,1.0000,418.4862,1.3198,0.3401,16.6750,16.6736,14.7770,0.0015,-1.0000
16.6651,1.0000,418.5020,1.7667,0.2814,16.6574,16.6252,14.4250,0.0011,-1.0000
16.6702,1.0000,418.5189,1.3881,0.2782,16.6609,16.6727,15.3620,0.0015,-1.0000
16.6653,1.0000,418.5354,1.2410,0.3819,16.6840,16.6469,14.8958,0.0015,-1.0000
16.6639,1.0000,418.5520,1.8954,0.3745,16.6853,16.6471,15.3670,0.0010,-1.0000
16.6703,1.0000,418.5687,2.1994,0.3449,16.6339,16.6714,15.4046,0.0012,-1.0000
16.6659,1.0000,418.5854,1.3090,0.5026,16.6825,16.6518,15.3171,0.0012,-1.0000
16.6655,1.0000,418.6021,1.7496,0.3138,16.6573,16.6578,15.3515,0.0013,-1.0000
16.6680,1.0000,418.6188,1.2791,0.3006,16.6547,16.6595,15.1733,0.0013,-1.0000
16.6658,1.0000,418.6354,1.2654,0.3623,16.6801,16.6548,15.1105,0.0013,-1.0000
16.6660,1.0000,418.6521,1.3333,0.2927,16.6612,16.6567,15.3130,0.0012,-1.0000
16.6688,1.0000,418.6687,1.3050,0.3488,16.6673,16.6675,15.3930,0.0012,-1.0000
16.6662,1.0000,418.6854,1.4850,0.3227,16.6675,16.6496,15.2833,0.0012,-1.0000
16.6653,1.0000,418.7021,1.5428,0.3143,16.6640,16.6543,15.3017,0.0012,-1.0000
16.6691,1.0000,418.7189,1.3422,0.2798,16.6650,16.6715,15.4018,0.0011,-1.0000
16.6655,1.0000,418.7354,1.2735,0.3703,16.6789,16.6461,14.9180,0.0017,-1.0000
16.6658,1.0000,418.7520,1.3650,0.2769,16.6599,16.6557,15.3267,0.0014,-1.0000
16.6666,1.0000,418.7686,1.3516,0.2805,16.6618,16.6597,15.4462,0.0014,-1.0000
16.6679,1.0000,418.7854,1.2686,0.3517,16.6815,16.6613,15.3863,0.0010,-1.0000
16.6674,1.0000,418.8021,1.7268,0.3339,16.6560,16.6606,15.3569,0.0011,-1.0000
16.7205,1.0000,418.8188,1.3278,0.2578,16.6641,16.7107,15.2539,0.0012,-1.0000
16.6125,1.0000,418.8354,1.2122,0.2951,16.6663,16.6035,15.2056,0.0016,-1.0000
16.6657,1.0000,418.8521,1.2743,0.2732,16.6694,16.6502,15.2755,0.0013,-1.0000
16.6665,1.0000,418.8686,1.3025,0.2572,16.6689,16.6610,15.2893,0.0011,-1.0000
16.6701,1.0000,418.8855,1.4557,0.2759,16.7212,16.6742,15.4192,0.0012,-1.0000
16.6633,1.0000,418.9020,1.3961,0.2892,16.6123,16.6408,15.2518,0.0017,-1.0000
16.6685,1.0000,418.9188,1.3735,0.2633,16.6580,16.6637,15.4523,0.0010,-1.0000
16.6675,1.0000,418.9354,1.3703,0.2654,16.6683,16.6642,15.1909,0.0013,-1.0000
16.6653,1.0000,418.9521,1.2535,0.2575,16.6861,16.6478,15.3329,0.0012,-1.0000
16.6672,1.0000,418.9686,1.3872,0.2905,16.6496,16.6633,15.3763,0.0014,-1.0000
16.6678,1.0000,418.9854,1.2100,0.3316,16.6724,16.6564,15.4875,0.0011,-1.0000
16.6659,1.0000,419.0020,1.4720,0.2490,16.6731,16.6548,15.3771,0.0011,-1.0000
16.6672,1.0000,419.0188,1.3137,0.2625,16.6555,16.6600,15.2787,0.0011,-1.0000
16.6664,1.0000,419.0354,1.2855,0.2456,16.6732,16.6560,15.1718,0.0015,-1.0000
16.6655,1.0000,419.0521,1.1674,0.2691,16.6655,16.6539,15.2788,0.0013,-1.0000
16.6665,1.0000,419.0686,1.2767,0.2704,16.6644,16.6588,15.3793,0.0015,-1.0000
16.6680,1.0000,419.0854,1.3800,0.3150,16.6695,16.6607,15.3555,0.0013,-1.0000
16.6665,1.0000,419.1021,1.4827,0.3140,16.6648,16.6603,15.4331,0.0010,-1.0000
16.6682,1.0000,419.1192,1.3738,0.2622,16.6624,16.6642,15.3237,0.0012,-1.0000
16.6659,1.0000,419.1354,1.2780,0.6190,16.6667,16.6510,14.5035,0.0015,-1.0000
16.6665,1.0000,419.1520,1.3037,0.2606,16.6689,16.6546,15.1861,0.0014,-1.0000
16.6688,1.0000,419.1686,1.2259,0.2876,16.6686,16.6649,15.3327,0.0011,-1.0000
16.6642,1.0000,419.1854,1.3390,0.4331,16.6751,16.6588,15.4104,0.0011,-1.0000
16.6652,1.0000,419.2021,2.1462,0.3520,16.6611,16.6429,15.2391,0.0012,-1.0000
16.6692,1.0000,419.2189,1.4670,0.4738,16.6634,16.6721,15.2860,0.0011,-1.0000
16.6660,1.0000,419.2354,1.3309,0.3282,16.6736,16.6503,14.8460,0.0014,-1.0000
16.6666,1.0000,419.2520,1.2471,0.3241,16.6686,16.6570,15.3724,0.0013,-1.0000
16.6675,1.0000,419.2687,1.4023,0.3213,16.6501,16.6642,15.3632,0.0015,-1.0000
16.6664,1.0000,419.2854,1.3846,0.5715,16.6818,16.6570,15.3080,0.0013,-1.0000
16.6663,1.0000,419.3020,1.8028,0.3113,16.6590,16.6519,15.3326,0.0014,-1.0000
16.6681,1.0000,419.3187,1.2834,0.3388,16.6644,16.6670,15.4339,0.0011,-1.0000
16.6664,1.0000,419.3354,1.2994,0.3065,16.6721,16.6557,15.3543,0.0011,-1.0000
16.6649,1.0000,419.3520,1.3478,0.2974,16.6665,16.6505,15.2969,0.0011,-1.0000
16.6708,1.0000,419.3687,1.3175,0.3311,16.6601,16.6784,15.3173,0.0017,-1.0000
16.6639,1.0000,419.3853,1.2316,0.3188,16.6761,16.6400,15.2815,0.0014,-1.0000
16.6651,1.0000,419.4020,1.3001,0.2628,16.6644,16.6520,15.3795,0.0015,-1.0000
16.6711,1.0000,419.4189,1.3527,0.2773,16.6584,16.6799,15.4944,0.0009,-1.0000
16.6648,1.0000,419.4355,1.3591,0.3639,16.6890,16.6442,15.1651,0.0014,-1.0000
16.6652,1.0000,419.4520,1.3569,0.3215,16.6503,16.6491,15.2946,0.0015,-1.0000
16.6686,1.0000,419.4687,1.2709,0.2383,16.6594,16.6682,15.3741,0.0013,-1.0000
16.6659,1.0000,419.4854,1.1840,0.3123,16.6905,16.6504,15.2220,0.0013,-1.0000
16.6649,1.0000,419.5020,1.4775,0.2619,16.6549,16.6550,15.4220,0.0012,-1.0000
16.6682,1.0000,419.5189,1.3535,0.2780,16.6577,16.6623,15.4935,0.0012,-1.0000
16.6678,1.0000,419.5353,1.2926,0.2734,16.6774,16.6591,15.0020,0.0013,-1.0000
16.6654,1.0000,419.5520,1.4271,0.2643,16.6596,16.6548,15.4694,0.0013,-1.0000
16.6708,1.0000,419.5687,1.2320,0.2452,16.6623,16.6765,15.4378,0.0013,-1.0000
16.6642,1.0000,419.5854,1.1676,0.3645,16.6714,16.6424,15.2289,0.0012,-1.0000
16.6647,1.0000,419.6020,1.6554,0.2536,16.6680,16.6506,15.3366,0.0011,-1.0000
16.6674,1.0000,419.6187,1.1840,0.2405,16.6622,16.6675,15.4524,0.0012,-1.0000
16.6686,1.0000,419.6354,1.2364,0.3432,16.6875,16.6617,15.2995,0.0012,-1.0000
16.6647,1.0000,419.6520,1.4120,0.3046,16.6516,16.6507,15.2914,0.0013,-1.0000
16.6685,1.0000,419.6686,1.3127,0.2526,16.6572,16.6675,15.4775,0.0012,-1.0000
16.6673,1.0000,419.6854,1.2141,0.2545,16.6747,16.6581,15.3422,0.0017,-1.0000
16.6645,1.0000,419.7020,1.3607,0.2936,16.6699,16.6509,15.1349,0.0014,-1.0000
16.6669,1.0000,419.7187,1.3580,0.2628,16.6592,16.6615,15.4723,0.0012,-1.0000
16.6690,1.0000,419.7354,1.1886,0.2853,16.6755,16.6631,15.3660,0.0012,-1.0000
16.6659,1.0000,419.7520,1.3139,0.3080,16.6667,16.6577,15.3922,0.0010,-1.0000
16.6677,1.0000,419.7686,1.5147,0.2680,16.6580,16.6604,15.4127,0.0010,-1.0000
16.6672,1.0000,419.7858,1.1883,0.2998,16.6689,16.6602,15.4241,0.0010,-1.0000
16.6652,1.0000,419.8020,1.2959,0.3016,16.6709,16.6521,14.9245,0.0014,-1.0000
16.6673,1.0000,419.8187,1.2642,0.2891,16.6656,16.6592,15.3774,0.0012,-1.0000
16.6668,1.0000,419.8354,1.2466,0.2723,16.6685,16.6587,15.3411,0.0014,-1.0000
16.6651,1.0000,419.8520,1.2352,0.3975,16.6705,16.6539,15.4130,0.0012,-1.0000
16.6700,1.0000,419.8687,1.7261,0.3609,16.6614,16.6692,15.3977,0.0011,-1.0000
16.6656,1.0000,419.8854,1.2804,0.3138,16.6678,16.6503,15.3449,0.0012,-1.0000
16.6663,1.0000,419.9020,1.3161,0.3085,16.6670,16.6600,15.4051,0.0010,-1.0000
16.6677,1.0000,419.9187,1.2397,0.3453,16.6614,16.6616,15.4503,0.0010,-1.0000
16.6662,1.0000,419.9355,1.2703,0.4140,16.6788,16.6557,15.3067,0.0014,-1.0000
16.6651,1.0000,419.9520,1.3042,0.2735,16.6592,16.6511,15.2653,0.0013,-1.0000
16.6686,1.0000,419.9688,1.2539,0.2943,16.6685,16.6681,15.4977,0.0012,-1.0000
16.6671,1.0000,419.9854,1.2104,0.4411,16.6700,16.6562,15.1695,0.0010,-1.0000
16.6663,1.0000,420.0020,1.3474,0.2993,16.6640,16.6577,15.3805,0.0014,-1.0000
16.6668,1.0000,420.0188,1.3843,0.2710,16.6585,16.6556,15.3803,0.0011,-1.0000
16.6664,1.0000,420.0354,1.1691,0.3629,16.6768,16.6578,15.2044,0.0018,-1.0000
16.6658,1.0000,420.0520,1.4854,0.2494,16.6661,16.6537,15.3305,0.0011,-1.0000
16.6680,1.0000,420.0686,1.2757,0.3018,16.6675,16.6652,15.4552,0.0011,-1.0000
16.6671,1.0000,420.0854,1.2741,0.2494,16.6646,16.6618,15.4157,0.0012,-1.0000
16.6643,1.0000,420.1020,1.4515,0.2865,16.6655,16.6440,15.3792,0.0013,-1.0000
16.6698,1.0000,420.1187,1.3220,0.2561,16.6618,16.6719,15.3643,0.0011,-1.0000
16.6658,1.0000,420.1354,1.2088,0.3239,16.6729,16.6547,15.1068,0.0012,-1.0000
16.6654,1.0000,420.1520,1.2446,0.2460,16.6717,16.6509,15.4047,0.0011,-1.0000
16.6687,1.0000,420.1686,1.2635,0.3214,16.6523,16.6691,15.5280,0.0012,-1.0000
16.6671,1.0000,420.1854,1.3064,0.2990,16.6796,16.6563,15.3019,0.0012,-1.0000
16.6654,1.0000,420.2021,1.5465,0.2525,16.6634,16.6533,15.3116,0.0012,-1.0000
16.6695,1.0000,420.2188,1.2448,0.2464,16.6574,16.6702,15.4072,0.0012,-1.0000
16.6654,1.0000,420.2354,1.1399,0.3655,16.6778,16.6521,15.1163,0.0012,-1.0000
16.6643,1.0000,420.2520,1.3532,0.2618,16.6651,16.6501,15.4404,0.0013,-1.0000
16.6711,1.0000,420.2687,1.3403,0.2690,16.6611,16.6778,15.5012,0.0009,-1.0000
16.6658,1.0000,420.2854,1.2618,0.4177,16.6788,16.6492,15.0417,0.0015,-1.0000
16.6639,1.0000,420.3020,1.5342,0.2621,16.6603,16.6469,15.3998,0.0014,-1.0000
16.6724,1.0000,420.3188,1.2086,0.2513,16.6575,16.6786,15.5392,0.0010,-1.0000
16.6633,1.0000,420.3354,1.1752,0.3076,16.6881,16.6399,15.3341,0.0012,-1.0000
16.6642,1.0000,420.3520,1.6058,0.2643,16.6593,16.6497,15.4444,0.0013,-1.0000
16.6698,1.0000,420.3687,1.2460,0.2607,16.6556,16.6758,15.5024,0.0012,-1.0000
16.6664,1.0000,420.3854,1.1383,0.3101,16.6908,16.6524,15.3944,0.0012,-1.0000
16.6652,1.0000,420.4024,1.3043,0.2631,16.6498,16.6515,15.3668,0.0012,-1.0000
16.6682,1.0000,420.4187,1.2036,0.2553,16.6563,16.6641,14.9885,0.0014,-1.0000
16.6665,1.0000,420.4354,1.1721,0.3221,16.6850,16.6559,15.2433,0.0013,-1.0000
16.6642,1.0000,420.4520,1.2568,0.2646,16.6619,16.6502,15.2540,0.0015,-1.0000
16.6679,1.0000,420.4688,1.2834,0.3855,16.6606,16.7174,15.4695,0.0012,-1.0000
16.6692,1.0000,420.4855,1.6741,0.3942,16.6724,16.5863,15.2929,0.0012,-1.0000
16.6653,1.0000,420.5021,1.4108,0.3060,16.6643,16.6522,15.2026,0.0012,-1.0000
16.7368,1.0000,420.5189,1.3947,0.2764,16.6591,16.7309,15.4378,0.0013,-1.0000
16.6669,1.0000,420.5355,1.2462,0.3653,16.7251,16.6541,15.2421,0.0012,-1.0000
16.6656,1.0000,420.5523,1.2920,0.3292,16.6205,16.6527,15.3121,0.0012,-1.0000
16.6674,1.0000,420.5687,1.4488,0.3020,16.6628,16.6600,15.1991,0.0014,-1.0000
16.6675,1.0000,420.5855,1.2919,0.3018,16.7412,16.6617,15.4077,0.0012,-1.0000
16.6638,1.0000,420.6021,1.4106,0.3147,16.6628,16.6461,15.2113,0.0011,-1.0000
16.6695,1.0000,420.6188,1.3395,0.2703,16.6626,16.6693,15.3468,0.0011,-1.0000
16.6689,1.0000,420.6356,1.4594,0.3526,16.6694,16.6632,15.3612,0.0012,-1.0000
16.6634,1.0000,420.6521,1.2527,0.3164,16.6703,16.6440,15.0644,0.0012,-1.0000
16.6660,1.0000,420.6686,1.4337,0.3350,16.6539,16.6583,15.4587,0.0012,-1.0000
16.6688,1.0000,420.6855,1.3213,0.3462,16.6774,16.6678,15.5496,0.0013,-1.0000
16.6664,1.0000,420.7022,1.3007,0.3409,16.6733,16.6531,15.3937,0.0012,-1.0000
16.6677,1.0000,420.7188,1.5785,0.2865,16.6535,16.6638,15.2734,0.0011,-1.0000
16.6655,1.0000,420.7354,1.1984,0.3341,16.6661,16.6457,15.1571,0.0013,-1.0000
16.6663,1.0000,420.7521,1.1169,0.4661,16.6769,16.6573,15.2585,0.0012,-1.0000
16.6693,1.0000,420.7688,1.2582,0.3163,16.6632,16.6654,15.4081,0.0011,-1.0000
16.6652,1.0000,420.7855,1.3892,0.2806,16.6759,16.6496,15.2202,0.0011,-1.0000
16.6664,1.0000,420.8021,1.4872,0.2962,16.6570,16.6569,15.4260,0.0012,-1.0000
16.6678,1.0000,420.8188,1.3977,0.2728,16.6661,16.6633,15.4775,0.0011,-1.0000
16.6663,1.0000,420.8354,1.2560,0.3343,16.6764,16.6494,15.1617,0.0012,-1.0000
16.6671,1.0000,420.8521,1.4282,0.2832,16.6577,16.6603,15.4062,0.0011,-1.0000
16.6639,1.0000,420.8687,1.2292,0.2707,16.6663,16.7452,15.3429,0.0012,-1.0000
16.6694,1.0000,420.8855,1.1843,0.3165,16.6742,16.5765,15.3660,0.0011,-1.0000
16.6637,1.0000,420.9020,1.4860,0.2651,16.6583,16.6429,15.3910,0.0011,-1.0000
16.6690,1.0000,420.9187,1.2526,0.2629,16.6691,16.6677,15.5909,0.0009,-1.0000
16.6686,1.0000,420.9357,1.4013,0.3308,16.7536,16.6657,15.4997,0.0011,-1.0000
16.6649,1.0000,420.9521,1.2092,0.2771,16.5853,16.6467,14.9013,0.0014,-1.0000
16.6669,1.0000,420.9687,1.2508,0.2651,16.6510,16.6628,15.3321,0.0012,-1.0000
16.6669,1.0000,420.9854,1.0758,0.2708,16.6748,16.6570,15.4096,0.0012,-1.0000
16.6670,1.0000,421.0021,1.1650,0.2723,16.6757,16.6580,15.2817,0.0011,-1.0000
16.6673,1.0000,421.0188,1.7437,0.2862,16.6559,16.6575,15.4279,0.0011,-1.0000
16.6670,1.0000,421.0356,1.3295,0.2855,16.6702,16.6631,15.2433,0.0012,-1.0000
16.6646,1.0000,421.0521,1.2463,0.3204,16.6666,16.6484,14.9337,0.0017,-1.0000
16.6682,1.0000,421.0687,1.3754,0.2822,16.6665,16.6650,15.3649,0.0013,-1.0000
16.6675,1.0000,421.0858,1.2283,0.3475,16.6665,16.6590,15.5104,0.0011,-1.0000
16.6657,1.0000,421.1021,1.4188,0.4169,16.6733,16.6541,15.0079,0.0014,-1.0000
16.6656,1.0000,421.1187,1.7131,0.3029,16.6563,16.6532,15.3026,0.0014,-1.0000
16.6686,1.0000,421.1355,1.2988,0.2704,16.6730,16.6644,15.3808,0.0013,-1.0000
16.6667,1.0000,421.1521,1.1470,0.4413,16.6673,16.6561,15.2171,0.0010,-1.0000
16.6666,1.0000,421.1687,1.6448,0.3066,16.6637,16.6609,15.3617,0.0014,-1.0000
16.6676,1.0000,421.1855,1.3492,0.3089,16.6623,16.6611,15.3831,0.0013,-1.0000
16.6632,1.0000,421.2021,1.2821,0.4180,16.6735,16.6408,15.1526,0.0011,-1.0000
16.6677,1.0000,421.2188,1.4376,0.3029,16.6649,16.6649,15.5441,0.0012,-1.0000
16.6704,1.0000,421.2356,1.2972,0.3156,16.6700,16.6769,15.3813,0.0012,-1.0000
16.6630,1.0000,421.2521,1.2765,0.3460,16.6714,16.6364,15.1705,0.0012,-1.0000
16.6694,1.0000,421.2688,1.4871,0.2800,16.6488,16.6701,15.4149,0.0013,-1.0000
16.6662,1.0000,421.2855,1.1195,1.2103,16.6710,16.6537,15.3517,0.0015,-1.0000
16.6667,1.0000,421.3021,1.2945,0.3125,16.6864,16.6565,15.3480,0.0011,-1.0000
16.6662,1.0000,421.3188,1.4648,0.3029,16.6464,16.6579,15.3493,0.0012,-1.0000
16.6677,1.0000,421.3355,1.2538,0.2810,16.6787,16.6610,15.4051,0.0010,-1.0000
16.6655,1.0000,421.3521,1.3004,0.3550,16.6633,16.6533,15.1505,0.0011,-1.0000
16.6674,1.0000,421.3687,1.3069,0.2834,16.6655,16.6618,15.3760,0.0010,-1.0000
16.6696,1.0000,421.3855,1.3072,0.2421,16.6666,16.6669,15.3672,0.0010,-1.0000
16.6620,1.0000,421.4021,1.2549,0.3498,16.6689,16.6412,15.2238,0.0012,-1.0000
16.6671,1.0000,421.4187,1.5019,0.3414,16.6608,16.6581,15.4632,0.0011,-1.0000
16.6689,1.0000,421.4355,1.2845,0.2564,16.6697,16.6728,15.3875,0.0012,-1.0000
16.6651,1.0000,421.4521,1.2984,0.2633,16.6771,16.6491,15.3825,0.0014,-1.0000
16.6680,1.0000,421.4691,1.4163,0.2697,16.6497,16.6664,15.3929,0.0008,-1.0000
16.6665,1.0000,421.4854,1.1937,0.2595,16.6651,16.6562,14.3918,0.0013,-1.0000
16.6652,1.0000,421.5020,1.2842,0.2688,16.6803,16.6508,15.5038,0.0011,-1.0000
16.6682,1.0000,421.5189,1.2654,0.3362,16.6573,16.6706,15.5509,0.0010,-1.0000
16.6669,1.0000,421.5355,1.2725,0.2892,16.6741,16.7199,15.2235,0.0014,-1.0000
16.6665,1.0000,421.5522,2.2631,0.2745,16.6651,16.6835,15.3624,0.0011,-1.0000
16.6677,1.0000,421.5688,1.1461,0.2657,16.6581,16.6485,15.3559,0.0011,-1.0000
16.6671,1.0000,421.5855,1.1187,0.3135,16.6797,16.6466,15.1906,0.0011,-1.0000
16.6645,1.0000,421.6022,1.4947,0.2591,16.7292,16.6735,15.1722,0.0013,-1.0000
16.6685,1.0000,421.6190,1.3198,0.2638,16.6918,16.6454,15.2502,0.0011,-1.0000
16.6664,1.0000,421.6355,1.2913,0.2919,16.6582,16.6431,15.0364,0.0015,-1.0000
16.6662,1.0000,421.6523,1.4545,0.2991,16.6566,16.7151,15.3625,0.0012,-1.0000
16.6680,1.0000,421.6687,1.5000,0.2652,16.6808,16.5606,15.2464,0.0013,-1.0000
16.6670,1.0000,421.6855,1.3937,0.2731,16.6554,16.6562,15.2347,0.0017,-1.0000
16.6665,1.0000,421.7021,1.6051,0.2724,16.6528,16.6594,15.3982,0.0011,-1.0000
16.6666,1.0000,421.7189,1.3514,0.2976,16.7248,16.6670,15.3985,0.0012,-1.0000
16.6665,1.0000,421.7354,1.3125,0.3516,16.5697,16.6431,15.2552,0.0012,-1.0000
16.6652,1.0000,421.7526,1.4198,0.2859,16.6648,16.6530,15.4972,0.0010,-1.0000
16.6689,1.0000,421.7690,1.2600,0.3071,16.6686,16.7242,14.8580,0.0014,-1.0000
16.6662,1.0000,421.7855,1.2672,0.3028,16.6791,16.5908,14.9756,0.0015,-1.0000
16.6658,1.0000,421.8022,1.3866,0.2862,16.6527,16.6552,15.3240,0.0011,-1.0000
16.7192,1.0000,421.8192,1.1549,0.4029,16.6622,16.7488,15.3894,0.0012,-1.0000
16.6662,1.0000,421.8355,1.8649,0.7166,16.7354,16.5031,14.9486,0.0013,-1.0000
16.6652,1.0000,421.8523,1.6135,0.3309,16.5997,16.6496,15.3326,0.0013,-1.0000
16.6685,1.0000,421.8689,1.3301,0.3178,16.6635,16.6804,14.9995,0.0011,-1.0000
16.6671,1.0000,421.8855,1.3581,0.5708,16.7604,16.6438,15.1426,0.0011,-1.0000
16.6647,1.0000,421.9022,1.5530,0.3060,16.6306,16.6511,15.4032,0.0012,-1.0000
16.6684,1.0000,421.9189,1.3156,0.3354,16.6569,16.6642,15.3376,0.0010,-1.0000
16.6673,1.0000,421.9356,1.6799,0.2917,16.6915,16.6584,15.0868,0.0012,-1.0000
16.6640,1.0000,421.9522,1.5000,0.3039,16.6531,16.6466,15.2023,0.0012,-1.0000
16.6690,1.0000,421.9688,1.2462,0.2821,16.6587,16.6715,15.4407,0.0013,-1.0000
16.6681,1.0000,421.9856,1.3254,0.3939,16.6728,16.6600,15.3387,0.0010,-1.0000
16.6637,1.0000,422.0022,1.5702,0.3544,16.6667,16.6456,15.2254,0.0014,-1.0000
16.6688,1.0000,422.0189,1.4433,0.3472,16.6535,16.6670,15.4032,0.0013,-1.0000
16.6687,1.0000,422.0357,1.2291,0.4177,16.6801,16.6684,15.3000,0.0014,-1.0000
16.6621,1.0000,422.0522,1.3202,0.3379,16.6697,16.6854,15.0992,0.0013,-1.0000
16.6698,1.0000,422.0688,1.4190,0.4180,16.6542,16.6280,15.4050,0.0012,-1.0000
16.6670,1.0000,422.0855,1.2624,0.3186,16.6744,16.6559,15.2773,0.0013,-1.0000
16.6669,1.0000,422.1024,1.3672,0.3137,16.6782,16.7218,15.4099,0.0014,-1.0000
16.6666,1.0000,422.1189,1.5853,0.3001,16.6942,16.5880,15.1020,0.0012,-1.0000
16.6677,1.0000,422.1356,1.2220,0.3729,16.6352,16.6745,15.3363,0.0014,-1.0000
16.6635,1.0000,422.1522,1.3773,0.2996,16.6639,16.6787,15.3043,0.0015,-1.0000
16.6704,1.0000,422.1689,1.3106,0.3689,16.7315,16.6351,15.3336,0.0013,-1.0000
16.6660,1.0000,422.1856,1.4846,0.3205,16.5972,16.6493,15.0514,0.0013,-1.0000
16.6642,1.0000,422.2022,1.3368,0.3301,16.6841,16.6343,15.2137,0.0011,-1.0000
16.6700,1.0000,422.2190,1.3732,0.3039,16.6865,16.7538,15.2445,0.0010,-1.0000
16.6673,1.0000,422.2357,1.3000,0.3512,16.6440,16.6355,15.1417,0.0014,-1.0000
16.6623,1.0000,422.2522,1.5965,0.2824,16.6595,16.6160,15.0165,0.0014,-1.0000
16.6690,1.0000,422.2689,1.4200,0.3413,16.6555,16.6934,15.3988,0.0011,-1.0000
16.6686,1.0000,422.2856,1.5084,0.3658,16.7614,16.6994,15.0941,0.0013,-1.0000
16.6648,1.0000,422.3022,1.4920,0.3252,16.6468,16.5879,15.2160,0.0014,-1.0000
16.6685,1.0000,422.3189,1.5982,0.3244,16.6243,16.6752,15.3686,0.0011,-1.0000
16.6674,1.0000,422.3358,1.2934,0.3795,16.7018,16.7875,15.3921,0.0015,-1.0000
16.6628,1.0000,422.3522,1.6043,0.3295,16.7085,16.5091,15.0335,0.0012,-1.0000
16.6686,1.0000,422.3688,1.3706,0.3183,16.5962,16.6805,15.3936,0.0014,-1.0000
16.6679,1.0000,422.3857,1.3055,0.2700,16.6845,16.7181,15.4099,0.0014,-1.0000
16.6665,1.0000,422.4022,1.3939,0.2813,16.7989,16.5383,15.0097,0.0011,-1.0000
16.6666,1.0000,422.4189,1.4744,0.2481,16.5168,16.7321,15.3438,0.0013,-1.0000
16.6674,1.0000,422.4357,1.2856,0.2679,16.6875,16.6586,15.2613,0.0014,-1.0000
16.6648,1.0000,422.4522,1.3069,0.4034,16.7280,16.6440,14.9044,0.0014,-1.0000
16.6668,1.0000,422.4688,1.5275,0.3512,16.5503,16.6446,15.3362,0.0013,-1.0000
16.6693,1.0000,422.4856,1.3869,0.3453,16.7411,16.6741,15.4642,0.0012,-1.0000
16.6650,1.0000,422.5023,1.3956,0.3561,16.6695,16.6523,14.8886,0.0019,-1.0000
16.6678,1.0000,422.5190,1.7380,0.2562,16.6539,16.6839,15.3366,0.0013,-1.0000
16.6679,1.0000,422.5357,1.3068,0.2616,16.6526,16.6122,15.1974,0.0012,-1.0000
16.6651,1.0000,422.5525,1.2085,0.4716,16.6827,16.6540,15.1135,0.0013,-1.0000
16.6655,1.0000,422.5688,1.7617,0.2871,16.6609,16.7639,15.0151,0.0013,-1.0000
16.6688,1.0000,422.5855,1.3458,0.3043,16.6925,16.5474,15.3610,0.0010,-1.0000
16.6667,1.0000,422.6023,1.4136,0.3041,16.6226,16.6733,15.2256,0.0014,-1.0000
16.6666,1.0000,422.6189,1.5390,0.3814,16.6637,16.6510,15.0917,0.0012,-1.0000
16.6674,1.0000,422.6357,1.7478,0.2838,16.7717,16.6476,15.3435,0.0010,-1.0000
16.6670,1.0000,422.6522,1.1852,0.3670,16.5555,16.6289,15.1559,0.0011,-1.0000
16.6653,1.0000,422.6687,1.4459,0.3617,16.6829,16.6519,15.1999,0.0012,-1.0000
16.6686,1.0000,422.6856,1.5581,0.3850,16.6613,16.6580,15.4840,0.0011,-1.0000
16.6659,1.0000,422.7022,1.3031,0.5817,16.6576,16.6554,15.2077,0.0017,-1.0000
16.6664,1.0000,422.7190,1.4719,0.3334,16.6385,16.6701,15.3784,0.0011,-1.0000
16.6683,1.0000,422.7357,1.4510,0.3094,16.6609,16.7181,15.1495,0.0014,-1.0000
16.6663,1.0000,422.7522,1.1728,0.3449,16.6665,16.5981,15.1543,0.0014,-1.0000
16.6663,1.0000,422.7688,1.4458,0.3456,16.6640,16.6309,15.3802,0.0013,-1.0000
16.6672,1.0000,422.7855,1.2904,0.3078,16.6782,16.6586,15.4579,0.0012,-1.0000
16.6656,1.0000,422.8022,1.5669,0.3030,16.7285,16.6570,15.3146,0.0013,-1.0000
16.6671,1.0000,422.8188,1.4423,0.3070,16.6089,16.6817,15.4501,0.0011,-1.0000
16.6663,1.0000,422.8356,1.2488,0.2501,16.6390,16.6352,15.4047,0.0015,-1.0000
16.6670,1.0000,422.8522,1.1993,0.3372,16.6674,16.6583,15.2605,0.0011,-1.0000
16.6661,1.0000,422.8687,1.3410,0.2756,16.6648,16.6562,15.3160,0.0012,-1.0000
16.6686,1.0000,422.8856,1.2303,0.2682,16.6905,16.6691,15.5159,0.0012,-1.0000
16.6654,1.0000,422.9022,1.2288,0.2822,16.6433,16.6558,15.3271,0.0011,-1.0000
16.6665,1.0000,422.9189,1.3965,0.3464,16.6667,16.6452,15.4140,0.0012,-1.0000
16.6679,1.0000,422.9356,1.3388,0.2550,16.6651,16.6622,15.3134,0.0013,-1.0000
16.6669,1.0000,422.9522,1.1518,0.3094,16.6802,16.6572,15.2509,0.0013,-1.0000
16.6662,1.0000,422.9687,1.3279,0.2495,16.6667,16.6549,15.2506,0.0015,-1.0000
16.6675,1.0000,422.9855,1.2302,0.2790,16.6537,16.6605,15.5178,0.0011,-1.0000
16.6655,1.0000,423.0021,1.3473,0.2666,16.6717,16.6520,15.4356,0.0013,-1.0000
16.6670,1.0000,423.0189,1.4048,0.3304,16.6673,16.6583,15.4360,0.0012,-1.0000
16.6676,1.0000,423.0356,1.4026,0.2657,16.6642,16.6622,15.3853,0.0011,-1.0000
16.6654,1.0000,423.0522,1.1411,0.2833,16.6704,16.6526,15.2237,0.0012,-1.0000
16.6677,1.0000,423.0688,1.2146,0.2709,16.6608,16.6605,15.4163,0.0013,-1.0000
16.6672,1.0000,423.0856,1.2211,0.2600,16.6669,16.6611,15.3361,0.0013,-1.0000
16.6651,1.0000,423.1021,1.2759,0.3690,16.6721,16.6508,15.1605,0.0014,-1.0000
16.6645,1.0000,423.1188,1.4277,0.2818,16.6622,16.6518,15.4432,0.0010,-1.0000
16.6704,1.0000,423.1357,1.2426,0.2601,16.6694,16.6754,15.5477,0.0011,-1.0000
16.6667,1.0000,423.1522,1.3233,0.2753,16.6701,16.6518,15.1241,0.0013,-1.0000
16.6664,1.0000,423.1687,1.4890,0.2699,16.6594,16.6560,15.4453,0.0014,-1.0000
16.6665,1.0000,423.1855,1.2077,0.2578,16.6582,16.6597,15.5022,0.0014,-1.0000
16.6672,1.0000,423.2021,1.1266,0.3236,16.6847,16.6569,15.3173,0.0012,-1.0000
16.6641,1.0000,423.2188,1.5262,0.2536,16.6614,16.6512,15.5071,0.0013,-1.0000
16.6698,1.0000,423.2356,1.2090,0.2852,16.6639,16.6716,15.5294,0.0011,-1.0000
16.6658,1.0000,423.2522,1.1561,0.2813,16.6691,16.6514,15.3364,0.0012,-1.0000
16.6667,1.0000,423.2687,1.3381,0.2684,16.6656,16.6550,15.4421,0.0011,-1.0000
16.6669,1.0000,423.2857,1.1430,0.2460,16.6596,16.8007,15.4996,0.0011,-1.0000
16.6669,1.0000,423.3022,1.1409,0.3308,16.6810,16.5141,15.0622,0.0014,-1.0000
16.6658,1.0000,423.3188,1.3136,0.2667,16.6610,16.6549,15.3603,0.0011,-1.0000
16.6684,1.0000,423.3355,1.2118,0.2732,16.6638,16.6646,15.4044,0.0012,-1.0000
16.6662,1.0000,423.3524,1.2999,0.3491,16.8107,16.6541,15.3817,0.0013,-1.0000
16.6666,1.0000,423.3687,1.4505,0.2694,16.5241,16.6568,15.1235,0.0013,-1.0000
16.6674,1.0000,423.3856,1.2936,0.2649,16.6630,16.6576,15.3795,0.0011,-1.0000
16.6666,1.0000,423.4022,1.2590,0.2780,16.6738,16.6585,15.2579,0.0014,-1.0000
16.6647,1.0000,423.4188,1.2712,0.4035,16.6638,16.6529,15.3742,0.0011,-1.0000
16.6699,1.0000,423.4356,1.5323,0.3817,16.6674,16.6659,15.4625,0.0011,-1.0000
16.6656,1.0000,423.4522,1.2770,0.5476,16.6662,16.6586,15.2529,0.0016,-1.0000
16.6658,1.0000,423.4687,1.3992,0.3244,16.6667,16.6528,15.2747,0.0013,-1.0000
16.6674,1.0000,423.4855,1.2778,0.2987,16.6608,16.6630,15.5061,0.0011,-1.0000
16.6671,1.0000,423.5022,1.2020,0.3334,16.6745,16.6575,15.4279,0.0012,-1.0000
16.6651,1.0000,423.5188,1.4042,0.3845,16.6666,16.6504,15.3757,0.0013,-1.0000
16.6685,1.0000,423.5356,1.3767,0.3912,16.6609,16.6678,15.4219,0.0012,-1.0000
16.6663,1.0000,423.5522,1.1558,0.4546,16.6717,16.6574,15.2144,0.0012,-1.0000
16.6662,1.0000,423.5687,1.2284,0.3187,16.6661,16.6530,15.4614,0.0011,-1.0000
16.6683,1.0000,423.5855,1.2735,0.2948,16.6583,16.6680,15.5739,0.0013,-1.0000
16.6671,1.0000,423.6022,1.2446,0.3604,16.6770,16.6543,15.3337,0.0012,-1.0000
16.6639,1.0000,423.6189,1.4414,0.2659,16.6661,16.6500,15.3476,0.0012,-1.0000
16.6680,1.0000,423.6355,1.1903,0.3003,16.6617,16.6605,15.4095,0.0013,-1.0000
16.6678,1.0000,423.6522,1.0925,0.4460,16.6762,16.6611,15.3555,0.0015,-1.0000
16.6655,1.0000,423.6687,1.3191,0.2697,16.6649,16.6543,15.4228,0.0012,-1.0000
16.6679,1.0000,423.6857,1.3011,0.2780,16.6596,16.6662,15.5276,0.0016,-1.0000
16.6674,1.0000,423.7021,1.2498,0.2452,16.6694,16.6512,14.8829,0.0012,-1.0000
16.6638,1.0000,423.7188,1.3039,0.3001,16.6690,16.6508,15.4244,0.0011,-1.0000
16.6688,1.0000,423.7355,1.2301,0.2721,16.6629,16.6650,15.5080,0.0011,-1.0000
16.6675,1.0000,423.7522,1.1373,0.3565,16.6769,16.6626,15.3763,0.0016,-1.0000
16.6661,1.0000,423.7687,1.7669,0.2671,16.6598,16.6532,15.3900,0.0011,-1.0000
16.6663,1.0000,423.7855,1.2255,0.2619,16.6593,16.6608,15.4828,0.0012,-1.0000
16.6682,1.0000,423.8022,1.1557,0.3279,16.6722,16.6609,15.2952,0.0012,-1.0000
16.6645,1.0000,423.8188,1.2845,0.2953,16.6707,16.6535,15.4683,0.0012,-1.0000
16.6684,1.0000,423.8355,1.2619,0.3202,16.6615,16.6647,15.5423,0.0010,-1.0000
16.6667,1.0000,423.8522,1.1767,0.3089,16.6681,16.6572,15.3642,0.0012,-1.0000
16.6660,1.0000,423.8687,1.3645,0.2917,16.6684,16.6553,15.4212,0.0013,-1.0000
16.6680,1.0000,423.8855,1.1842,0.2782,16.6625,16.6628,15.5817,0.0011,-1.0000
16.6665,1.0000,423.9022,1.1214,0.2959,16.6729,16.6606,15.2615,0.0010,-1.0000
16.6654,1.0000,423.9188,1.2918,0.2733,16.6650,16.6510,15.4579,0.0014,-1.0000
16.6671,1.0000,423.9356,1.2329,0.2697,16.6630,16.6614,15.4924,0.0010,-1.0000
16.6682,1.0000,423.9521,1.0799,0.3565,16.6708,16.6630,15.2295,0.0014,-1.0000
16.6660,1.0000,423.9690,1.3979,0.2944,16.6689,16.6537,15.4768,0.0012,-1.0000
16.6683,1.0000,423.9856,1.1915,0.2748,16.6591,16.6634,15.1802,0.0013,-1.0000
16.6660,1.0000,424.0022,1.1678,0.2830,16.6701,16.6571,15.0877,0.0016,-1.0000
16.6664,1.0000,424.0188,1.4316,0.2749,16.6712,16.6549,15.2875,0.0013,-1.0000
16.6675,1.0000,424.0357,1.1756,0.3837,16.6627,16.6627,15.2974,0.0011,-1.0000
16.6662,1.0000,424.0522,1.4817,0.3804,16.6716,16.6507,14.7210,0.0014,-1.0000
16.6664,1.0000,424.0688,1.5679,0.3830,16.6673,16.6585,15.3688,0.0011,-1.0000
16.6697,1.0000,424.0857,1.3657,0.3338,16.6645,16.6640,15.4081,0.0011,-1.0000
16.6657,1.0000,424.1022,1.3636,0.4082,16.6729,16.6340,15.0150,0.0015,-1.0000
16.6660,1.0000,424.1191,1.9286,0.3142,16.6605,16.6560,15.3255,0.0012,-1.0000
16.6666,1.0000,424.1356,1.2883,0.2837,16.6675,16.6599,15.1371,0.0015,-1.0000
16.6674,1.0000,424.1522,1.2544,0.9959,16.6742,16.6579,15.0798,0.0012,-1.0000
16.6651,1.0000,424.1687,1.6174,0.3100,16.6608,16.6520,15.4084,0.0010,-1.0000
16.6677,1.0000,424.1856,1.3292,0.3173,16.6647,16.6616,15.4538,0.0009,-1.0000
16.6670,1.0000,424.2022,1.5212,0.4027,16.6694,16.6590,15.1477,0.0013,-1.0000
16.6657,1.0000,424.2188,1.5769,0.3095,16.6675,16.6550,15.3601,0.0013,-1.0000
16.6679,1.0000,424.2357,1.2425,0.3074,16.6606,16.6607,15.4390,0.0013,-1.0000
16.6668,1.0000,424.2522,1.2066,0.3133,16.6698,16.6569,15.1625,0.0011,-1.0000
16.6642,1.0000,424.2687,1.5100,0.3268,16.6687,16.6506,15.4411,0.0014,-1.0000
16.6703,1.0000,424.2856,1.2937,0.2964,16.6636,16.6751,15.5223,0.0015,-1.0000
16.6659,1.0000,424.3022,1.2202,0.3080,16.6697,16.6337,15.2674,0.0012,-1.0000
16.6651,1.0000,424.3188,1.4930,0.3229,16.6652,16.6510,15.4045,0.0012,-1.0000
16.6688,1.0000,424.3356,1.2083,0.2515,16.6585,16.6714,15.4417,0.0013,-1.0000
16.6656,1.0000,424.3522,1.1513,0.3391,16.7001,16.6447,15.1894,0.0012,-1.0000
16.6656,1.0000,424.3687,1.3650,0.2703,16.6442,16.6498,15.4158,0.0012,-1.0000
16.6680,1.0000,424.3856,1.2454,0.2733,16.6605,16.6671,15.5915,0.0011,-1.0000
16.6676,1.0000,424.4022,1.2283,0.3068,16.6828,16.6618,15.2379,0.0010,-1.0000
16.6657,1.0000,424.4188,1.4538,0.2746,16.6558,16.6497,15.3468,0.0013,-1.0000
16.6678,1.0000,424.4356,1.2328,0.2448,16.6567,16.6651,15.4881,0.0012,-1.0000
16.6665,1.0000,424.4521,1.0744,0.2850,16.6752,16.6393,15.2225,0.0014,-1.0000
16.6650,1.0000,424.4687,1.4224,0.2794,16.6712,16.6502,15.4756,0.0012,-1.0000
16.6696,1.0000,424.4856,1.3017,0.2479,16.6587,16.6711,15.6308,0.0010,-1.0000
16.6660,1.0000,424.5022,1.1756,0.3378,16.6735,16.6514,15.0326,0.0013,-1.0000
16.6640,1.0000,424.5188,1.4151,0.2705,16.6646,16.6488,15.3572,0.0011,-1.0000
16.6674,1.0000,424.5355,1.1735,0.2376,16.6576,16.6608,15.4269,0.0014,-1.0000
16.6697,1.0000,424.5523,1.0394,0.6830,16.6819,16.6707,15.4927,0.0011,-1.0000
16.6632,1.0000,424.5687,1.6173,0.2762,16.6611,16.6415,15.1933,0.0014,-1.0000
16.6666,1.0000,424.5854,1.2906,0.2642,16.6570,16.6608,15.6784,0.0011,-1.0000
16.6711,1.0000,424.6022,1.2325,0.2759,16.6680,16.6727,15.5641,0.0010,-1.0000
16.6651,1.0000,424.6188,1.1767,0.2720,16.6801,16.6544,15.1200,0.0012,-1.0000
16.6661,1.0000,424.6355,1.4467,0.2395,16.6493,16.6556,15.4660,0.0011,-1.0000
16.6688,1.0000,424.6528,0.9813,0.2614,16.6668,16.6717,15.5122,0.0012,-1.0000
16.6656,1.0000,424.6687,1.1072,0.3372,16.6800,16.6469,14.4196,0.0018,-1.0000
16.6654,1.0000,424.6855,1.5331,0.2869,16.6637,16.6524,15.4564,0.0014,-1.0000
16.6689,1.0000,424.7022,1.1878,0.2566,16.6638,16.6736,15.3758,0.0011,-1.0000
16.6660,1.0000,424.7188,1.1580,0.4719,16.6813,16.6472,15.2575,0.0009,-1.0000
16.6665,1.0000,424.7355,2.2254,0.3354,16.6560,16.6578,15.3462,0.0010,-1.0000
16.6681,1.0000,424.7522,1.1946,0.3065,16.6600,16.6754,15.3913,0.0013,-1.0000
16.6667,1.0000,424.7688,1.2963,0.3648,16.6841,16.6828,15.2143,0.0014,-1.0000
16.6636,1.0000,424.7855,1.3884,0.3481,16.6581,16.6011,15.4189,0.0011,-1.0000
16.6694,1.0000,424.8022,1.3101,0.2892,16.6679,16.6690,15.5015,0.0013,-1.0000
16.6696,1.0000,424.8190,1.2825,0.3625,16.6858,16.6700,15.1257,0.0013,-1.0000
16.6625,1.0000,424.8355,1.4675,0.2978,16.6940,16.6332,15.2024,0.0010,-1.0000
16.6683,1.0000,424.8523,1.1810,0.3163,16.6084,16.7248,15.4212,0.0011,-1.0000
16.6662,1.0000,424.8687,1.1660,0.3268,16.6771,16.5948,15.1690,0.0013,-1.0000
16.6651,1.0000,424.8855,1.5428,0.2919,16.6851,16.6651,15.5196,0.0012,-1.0000
16.6688,1.0000,424.9022,1.4298,0.2658,16.6430,16.6515,15.4736,0.0011,-1.0000
16.6658,1.0000,424.9188,1.3023,0.2833,16.7346,16.6553,15.3537,0.0013,-1.0000
16.6669,1.0000,424.9355,1.4244,0.2979,16.6049,16.6588,15.4638,0.0014,-1.0000
16.6687,1.0000,424.9523,1.1444,0.2443,16.6733,16.7953,15.2425,0.0012,-1.0000
16.6657,1.0000,424.9688,1.1767,0.2486,16.6598,16.5063,15.2257,0.0011,-1.0000
16.6651,1.0000,424.9855,1.3001,0.2765,16.6646,16.6517,15.4558,0.0011,-1.0000
16.6685,1.0000,425.0024,1.1936,0.2964,16.6670,16.6642,15.5067,0.0013,-1.0000
16.6662,1.0000,425.0189,1.5517,0.4824,16.8201,16.6518,15.2131,0.0013,-1.0000
16.6659,1.0000,425.0355,1.2794,0.2701,16.5177,16.6577,15.3842,0.0015,-1.0000
16.6687,1.0000,425.0522,1.1946,0.2466,16.6599,16.6652,15.3348,0.0013,-1.0000
16.6663,1.0000,425.0688,1.1557,0.2798,16.6741,16.6521,15.2697,0.0013,-1.0000
16.6658,1.0000,425.0855,1.4375,0.2720,16.6623,16.6538,15.2893,0.0012,-1.0000
16.6670,1.0000,425.1023,1.2721,0.3083,16.6661,16.7469,15.4743,0.0010,-1.0000
16.6662,1.0000,425.1189,1.3284,0.2853,16.6748,16.5676,15.1007,0.0014,-1.0000
16.6658,1.0000,425.1355,1.3806,0.3047,16.6623,16.6547,15.4424,0.0016,-1.0000
16.6704,1.0000,425.1523,1.3631,0.2648,16.6630,16.6736,15.4271,0.0011,-1.0000
16.6647,1.0000,425.1687,1.2715,0.2825,16.7564,16.6480,15.1565,0.0014,-1.0000
16.6657,1.0000,425.1855,1.4652,0.2713,16.5771,16.6559,15.5079,0.0011,-1.0000
16.6691,1.0000,425.2023,1.2106,0.3243,16.6623,16.6653,15.4542,0.0012,-1.0000
16.6648,1.0000,425.2188,1.2454,0.3057,16.6845,16.6463,15.1958,0.0012,-1.0000
16.6657,1.0000,425.2354,1.4905,0.2633,16.6585,16.6529,15.3605,0.0012,-1.0000
16.6696,1.0000,425.2522,1.1468,0.2852,16.6644,16.6688,15.5361,0.0011,-1.0000
16.6660,1.0000,425.2687,1.2099,0.2744,16.6750,16.6555,15.4566,0.0011,-1.0000
16.6648,1.0000,425.2855,1.4489,0.2615,16.6569,16.6506,15.4275,0.0010,-1.0000
16.6689,1.0000,425.3022,1.2913,0.2545,16.6601,16.6665,15.4432,0.0012,-1.0000
16.6668,1.0000,425.3188,1.1315,0.2902,16.6778,16.6546,15.2687,0.0014,-1.0000
16.6644,1.0000,425.3354,1.1978,0.3135,16.6658,16.6498,15.4625,0.0015,-1.0000
16.6700,1.0000,425.3522,1.2220,0.3041,16.6592,16.6776,15.5266,0.0012,-1.0000
16.6651,1.0000,425.3688,1.2218,0.3029,16.6751,16.6431,15.2634,0.0010,-1.0000
16.6657,1.0000,425.3855,1.3842,0.2562,16.6639,16.6540,15.4249,0.0012,-1.0000
16.6699,1.0000,425.4023,1.1859,0.2616,16.6578,16.6762,15.4698,0.0011,-1.0000
16.6652,1.0000,425.4188,1.1496,0.4354,16.6868,16.6426,15.1773,0.0012,-1.0000
16.6635,1.0000,425.4355,1.3787,0.2599,16.6532,16.6466,15.4025,0.0011,-1.0000
16.6699,1.0000,425.4525,1.2278,0.2678,16.6617,16.6735,15.4944,0.0013,-1.0000
16.6663,1.0000,425.4687,1.2051,0.3132,16.6877,16.6543,15.1302,0.0012,-1.0000
16.6666,1.0000,425.4855,1.4642,0.2489,16.6525,16.6589,15.5286,0.0015,-1.0000
16.6672,1.0000,425.5023,1.2432,0.2442,16.6547,16.6584,15.3948,0.0011,-1.0000
16.6664,1.0000,425.5189,1.1778,0.6056,16.6822,16.6580,15.0773,0.0014,-1.0000
16.6649,1.0000,425.5355,1.5228,0.3264,16.6630,16.6509,15.4011,0.0013,-1.0000
16.6693,1.0000,425.5527,1.1287,0.2752,16.6674,16.6697,15.5390,0.0010,-1.0000
16.6666,1.0000,425.5687,1.2627,0.3544,16.6666,16.6579,14.6684,0.0012,-1.0000
16.6657,1.0000,425.5855,1.5792,0.2650,16.6661,16.6514,15.4837,0.0011,-1.0000
16.6679,1.0000,425.6022,1.2487,0.2832,16.6587,16.6514,15.4711,0.0010,-1.0000
16.6663,1.0000,425.6188,1.1296,0.5264,16.6774,16.6545,15.2461,0.0012,-1.0000
16.6645,1.0000,425.6355,1.9881,0.3011,16.6666,16.6510,15.3228,0.0011,-1.0000
16.6692,1.0000,425.6523,1.1662,0.3082,16.6595,16.6692,15.4974,0.0011,-1.0000
16.6660,1.0000,425.6687,1.1790,0.3826,16.6746,16.6527,15.2582,0.0018,-1.0000
16.6675,1.0000,425.6855,1.4072,0.3302,16.6634,16.6611,15.4920,0.0011,-1.0000
16.6668,1.0000,425.7022,1.3272,0.2931,16.6590,16.6571,15.3015,0.0016,-1.0000
16.6674,1.0000,425.7189,1.1705,0.3385,16.6779,16.6617,15.2838,0.0018,-1.0000
16.6644,1.0000,425.7355,1.3928,0.3040,16.6616,16.6461,15.2369,0.0011,-1.0000
16.6692,1.0000,425.7522,1.1678,0.3151,16.6706,16.6658,15.4765,0.0011,-1.0000
16.6664,1.0000,425.7687,1.3540,0.3344,16.6659,16.6577,15.3267,0.0011,-1.0000
16.6672,1.0000,425.7855,1.3761,0.3351,16.6716,16.6611,15.5070,0.0013,-1.0000
16.6668,1.0000,425.8022,1.4083,0.2687,16.6550,16.6565,15.3954,0.0012,-1.0000
16.6660,1.0000,425.8188,1.1877,0.3597,16.6746,16.6510,15.1507,0.0011,-1.0000
16.6666,1.0000,425.8355,1.3297,0.2535,16.6668,16.6576,15.3716,0.0014,-1.0000
16.6675,1.0000,425.8522,1.1525,0.3496,16.6708,16.6636,15.4473,0.0011,-1.0000
16.6655,1.0000,425.8687,1.2595,0.3919,16.6671,16.6502,15.0860,0.0015,-1.0000
16.6656,1.0000,425.8855,1.4989,0.2909,16.6609,16.6534,15.5785,0.0012,-1.0000
16.6707,1.0000,425.9023,1.2846,0.2796,16.6662,16.6699,15.4314,0.0013,-1.0000
16.6627,1.0000,425.9188,1.2148,0.4738,16.6745,16.6449,15.1480,0.0016,-1.0000
16.6690,1.0000,425.9355,1.5627,0.2724,16.6588,16.6844,15.5440,0.0011,-1.0000
16.6669,1.0000,425.9522,1.0736,0.2720,16.6614,16.6407,15.3666,0.0016,-1.0000
16.6662,1.0000,425.9687,1.2370,0.2976,16.6794,16.6569,15.3872,0.0013,-1.0000
16.6657,1.0000,425.9855,1.4952,0.2516,16.6533,16.6549,15.5354,0.0012,-1.0000
16.6690,1.0000,426.0022,1.1393,0.2836,16.6917,16.6525,15.4951,0.0012,-1.0000
16.6655,1.0000,426.0189,1.2721,0.2873,16.6491,16.6516,15.1272,0.0013,-1.0000
16.6673,1.0000,426.0355,1.2684,0.2743,16.6658,16.6609,15.3796,0.0012,-1.0000
16.6689,1.0000,426.0522,1.1183,0.3012,16.6770,16.6592,15.3675,0.0012,-1.0000
16.6633,1.0000,426.0687,1.1559,0.3297,16.6615,16.6505,14.9473,0.0011,-1.0000
16.6672,1.0000,426.0855,1.5230,0.2737,16.6607,16.6575,15.5162,0.0010,-1.0000
16.6702,1.0000,426.1023,1.2801,0.2956,16.6694,16.6789,15.5210,0.0013,-1.0000
16.6624,1.0000,426.1192,1.2902,0.3812,16.6680,16.6343,15.2519,0.0015,-1.0000
16.6659,1.0000,426.1355,1.7022,0.2708,16.6623,16.6568,15.0712,0.0011,-1.0000
16.6704,1.0000,426.1522,1.1400,0.2998,16.6653,16.6580,15.2937,0.0013,-1.0000
16.6628,1.0000,426.1687,1.1564,0.2993,16.6889,16.6388,15.3240,0.0013,-1.0000
16.6692,1.0000,426.1856,1.3810,0.3928,16.6440,16.6685,15.5658,0.0011,-1.0000
16.6684,1.0000,426.2022,1.5845,0.3990,16.6638,16.6650,15.0556,0.0012,-1.0000
16.6641,1.0000,426.2188,1.3630,0.3029,16.6836,16.6480,15.4479,0.0014,-1.0000
16.6702,1.0000,426.2357,1.3136,0.2803,16.6474,16.6876,15.4362,0.0012,-1.0000
16.6658,1.0000,426.2522,1.1015,0.3973,16.6753,16.6351,14.6625,0.0013,-1.0000
16.6636,1.0000,426.2687,1.6082,0.3192,16.6733,16.6457,15.4157,0.0013,-1.0000
16.6698,1.0000,426.2857,1.1989,0.3046,16.6566,16.6750,15.5759,0.0009,-1.0000
16.6668,1.0000,426.3022,1.2499,0.4521,16.6964,16.6546,15.0875,0.0012,-1.0000
16.6654,1.0000,426.3188,1.9713,0.3050,16.6452,16.6534,15.4106,0.0012,-1.0000
16.6712,1.0000,426.3357,1.2287,0.3022,16.6532,16.6765,15.4327,0.0012,-1.0000
16.6637,1.0000,426.3522,1.0979,0.3855,16.6830,16.6417,14.9854,0.0014,-1.0000
16.6648,1.0000,426.3687,1.5660,0.3402,16.6616,16.6511,15.4038,0.0010,-1.0000
16.6665,1.0000,426.3856,1.2418,0.3106,16.6625,16.6613,15.5480,0.0011,-1.0000
16.6688,1.0000,426.4023,1.2422,0.3731,16.6876,16.6508,15.3070,0.0015,-1.0000
16.6662,1.0000,426.4188,1.6548,0.3150,16.6520,16.6535,15.2647,0.0011,-1.0000
16.6686,1.0000,426.4357,1.2461,0.3161,16.6581,16.7421,15.4256,0.0012,-1.0000
16.6658,1.0000,426.4522,1.1120,0.3347,16.6841,16.5762,14.7175,0.0016,-1.0000
16.6653,1.0000,426.4688,1.3423,0.3157,16.6584,16.6532,15.3899,0.0011,-1.0000
16.6687,1.0000,426.4856,1.3877,0.2851,16.6618,16.6809,15.4014,0.0011,-1.0000
16.6661,1.0000,426.5022,1.3152,0.3996,16.7536,16.6377,15.1634,0.0012,-1.0000
16.6659,1.0000,426.5189,1.8569,0.3138,16.5856,16.6555,15.4712,0.0012,-1.0000
16.6677,1.0000,426.5356,1.2622,0.3081,16.6622,16.6638,15.3842,0.0010,-1.0000
16.6662,1.0000,426.5522,1.2784,0.3171,16.6893,16.6540,15.1513,0.0013,-1.0000
16.6646,1.0000,426.5687,1.4730,0.3046,16.6462,16.6515,15.4390,0.0011,-1.0000
16.6691,1.0000,426.5856,1.1835,0.2888,16.6646,16.6686,15.5464,0.0012,-1.0000
16.6663,1.0000,426.6022,1.2784,0.3812,16.6726,16.6565,15.2688,0.0012,-1.0000
16.6673,1.0000,426.6188,1.5016,0.3040,16.6633,16.6574,15.2939,0.0012,-1.0000
16.6664,1.0000,426.6356,1.2112,0.3165,16.6595,16.6598,15.3132,0.0014,-1.0000
16.6685,1.0000,426.6522,1.1209,0.3625,16.6773,16.6561,15.1020,0.0016,-1.0000
16.6643,1.0000,426.6687,1.3862,0.3183,16.6652,16.6521,15.4421,0.0014,-1.0000
16.6674,1.0000,426.6856,1.3622,0.3339,16.6661,16.6621,15.5543,0.0011,-1.0000
16.6682,1.0000,426.7022,1.3450,0.3297,16.6688,16.6626,15.1836,0.0015,-1.0000
16.6639,1.0000,426.7188,1.5527,0.3272,16.6656,16.6479,15.3905,0.0011,-1.0000
16.6683,1.0000,426.7355,1.2085,0.2782,16.6605,16.6630,15.4193,0.0013,-1.0000
16.6671,1.0000,426.7522,1.1065,0.3071,16.6706,16.6619,15.2977,0.0013,-1.0000
16.6650,1.0000,426.7687,1.4774,0.2521,16.6725,16.6468,15.3517,0.0015,-1.0000
16.6670,1.0000,426.7855,1.2561,0.3305,16.6572,16.6630,15.5077,0.0012,-1.0000
16.6684,1.0000,426.8022,1.2423,0.3259,16.6714,16.6655,15.3775,0.0010,-1.0000
16.6654,1.0000,426.8188,1.3630,0.2711,16.6708,16.6527,15.4178,0.0015,-1.0000
16.6679,1.0000,426.8355,1.2936,0.2773,16.6556,16.6637,15.3851,0.0013,-1.0000
16.6680,1.0000,426.8523,1.1541,0.3040,16.6704,16.6613,15.2615,0.0012,-1.0000
16.6649,1.0000,426.8687,1.2868,0.2723,16.6734,16.6434,15.2060,0.0013,-1.0000
16.6666,1.0000,426.8856,1.2333,0.2708,16.6614,16.6636,15.4946,0.0012,-1.0000
16.6672,1.0000,426.9022,1.2773,0.2708,16.6729,16.6563,15.2512,0.0015,-1.0000
16.6664,1.0000,426.9191,1.3984,0.3401,16.6732,16.6582,15.4394,0.0011,-1.0000
16.6677,1.0000,426.9356,1.4363,0.2613,16.6534,16.6742,15.0790,0.0017,-1.0000
16.6666,1.0000,426.9521,1.1678,0.2897,16.6718,16.6330,15.2018,0.0012,-1.0000
16.6659,1.0000,426.9688,1.4036,0.2692,16.6649,16.6582,15.4428,0.0012,-1.0000
16.6660,1.0000,426.9855,1.2176,0.4906,16.6703,16.6545,15.4115,0.0009,-1.0000
16.6696,1.0000,427.0023,1.5934,0.3387,16.6858,16.6686,15.1920,0.0015,-1.0000
16.6658,1.0000,427.0189,1.4300,0.4878,16.6423,16.6479,15.2410,0.0011,-1.0000
16.6671,1.0000,427.0356,1.2144,0.3196,16.6678,16.6686,15.3475,0.0011,-1.0000
16.6660,1.0000,427.0522,1.2421,0.4537,16.6625,16.6510,14.9705,0.0011,-1.0000
16.6661,1.0000,427.0688,1.4747,0.3064,16.6779,16.6553,15.4171,0.0012,-1.0000
16.6679,1.0000,427.0856,1.4057,0.3134,16.6569,16.6601,15.3435,0.0014,-1.0000
16.6663,1.0000,427.1022,1.3203,0.3941,16.6785,16.6550,15.2948,0.0014,-1.0000
16.6655,1.0000,427.1188,1.6793,0.3137,16.6604,16.6517,15.3547,0.0011,-1.0000
16.6691,1.0000,427.1355,1.2371,0.3475,16.6646,16.6878,15.5759,0.0010,-1.0000
16.6659,1.0000,427.1522,1.3151,0.3174,16.6695,16.6355,15.1949,0.0013,-1.0000
16.6681,1.0000,427.1688,1.3590,0.2523,16.6647,16.6743,15.4368,0.0013,-1.0000
16.6655,1.0000,427.1856,1.2957,0.2721,16.6595,16.6540,15.4678,0.0012,-1.0000
16.6669,1.0000,427.2021,1.1108,0.2643,16.6960,16.6425,15.2163,0.0014,-1.0000
16.6647,1.0000,427.2188,1.4393,0.3406,16.6435,16.6516,15.4157,0.0011,-1.0000
16.6694,1.0000,427.2356,1.2362,0.2765,16.6857,16.6725,15.4606,0.0013,-1.0000
16.6663,1.0000,427.2521,1.1844,0.2795,16.6637,16.6500,15.2878,0.0011,-1.0000
16.6651,1.0000,427.2688,1.4250,0.2769,16.6512,16.6537,15.4927,0.0013,-1.0000
16.6691,1.0000,427.2856,1.2349,0.2557,16.6593,16.6651,15.4331,0.0012,-1.0000
16.6660,1.0000,427.3022,1.2103,0.2681,16.6823,16.6520,15.2360,0.0013,-1.0000
16.6651,1.0000,427.3188,1.3608,0.2595,16.6600,16.6530,15.4633,0.0011,-1.0000
16.6679,1.0000,427.3356,1.1598,0.3125,16.6630,16.6650,15.4979,0.0015,-1.0000
16.6674,1.0000,427.3522,1.2307,0.2861,16.6757,16.6556,15.1757,0.0012,-1.0000
16.6650,1.0000,427.3687,1.4146,0.2941,16.6611,16.6530,15.2969,0.0013,-1.0000
16.6686,1.0000,427.3860,1.1886,0.2418,16.6612,16.6639,15.3883,0.0013,-1.0000
16.6667,1.0000,427.4022,1.1656,0.3389,16.6744,16.6571,14.5510,0.0013,-1.0000
16.6639,1.0000,427.4188,1.4785,0.2979,16.6646,16.6447,15.4815,0.0011,-1.0000
16.6689,1.0000,427.4355,1.3546,0.2983,16.6623,16.6709,15.4944,0.0010,-1.0000
16.6671,1.0000,427.4522,1.2744,0.3094,16.6735,16.6596,15.2633,0.0015,-1.0000
16.6664,1.0000,427.4687,2.1049,0.2663,16.6665,16.6565,15.4347,0.0014,-1.0000
16.6671,1.0000,427.4855,1.1623,0.2936,16.6524,16.6597,15.5342,0.0010,-1.0000
16.6673,1.0000,427.5022,1.1754,0.3974,16.6774,16.6620,15.3094,0.0013,-1.0000
16.6628,1.0000,427.5187,1.3948,0.2636,16.6677,16.6409,15.5019,0.0011,-1.0000
16.6700,1.0000,427.5359,1.2206,0.2515,16.6649,16.6767,15.5828,0.0010,-1.0000
16.6678,1.0000,427.5522,1.1247,0.3294,16.6681,16.6566,14.9667,0.0010,-1.0000
16.6653,1.0000,427.5687,1.3515,0.2756,16.6715,16.6534,15.3859,0.0012,-1.0000
16.6760,1.0000,427.5862,1.1378,0.2468,16.6479,17.1850,15.4740,0.0013,-1.0000
16.6664,1.0000,427.6023,1.0924,0.5459,16.6845,16.1410,14.4939,0.0013,-1.0000
16.6652,1.0000,427.6189,1.6886,0.3774,16.6653,16.6488,15.2470,0.0014,-1.0000
16.6667,1.0000,427.6355,1.2664,0.5274,16.6610,16.6606,15.3192,0.0012,-1.0000
16.6685,1.0000,427.6522,1.7097,0.3989,17.1983,16.6616,15.3910,0.0010,-1.0000
16.6658,1.0000,427.6687,1.6456,0.4722,16.1532,16.6538,15.3936,0.0010,-1.0000
16.6667,1.0000,427.6855,1.4003,0.3213,16.6574,16.6605,15.4403,0.0011,-1.0000
16.6682,1.0000,427.7025,1.3401,0.3223,16.6697,16.6588,15.1767,0.0011,-1.0000
16.6649,1.0000,427.7188,1.2693,0.3256,16.6704,16.6523,14.9136,0.0013,-1.0000
16.6698,1.0000,427.7355,1.2592,0.3605,16.6629,16.6732,15.4312,0.0013,-1.0000
16.6646,1.0000,427.7522,1.2191,0.4859,16.6686,16.6451,15.3912,0.0012,-1.0000
16.6654,1.0000,427.7688,1.4808,0.3935,16.6678,16.6517,15.4391,0.0011,-1.0000
16.6680,1.0000,427.7856,1.7374,0.3476,16.6606,16.6646,15.3765,0.0011,-1.0000
16.6672,1.0000,427.8022,1.2403,0.3933,16.6838,16.6566,15.3868,0.0012,-1.0000
16.6660,1.0000,427.8188,1.2525,0.2897,16.6555,16.6559,15.3289,0.0012,-1.0000
16.6678,1.0000,427.8355,1.2114,0.3274,16.6601,16.6580,15.4389,0.0012,-1.0000
16.6657,1.0000,427.8522,1.2871,0.3342,16.6747,16.6595,15.3876,0.0013,-1.0000
16.6661,1.0000,427.8687,1.2684,0.3384,16.6653,16.6547,15.2288,0.0012,-1.0000
16.6681,1.0000,427.8856,1.3257,0.3107,16.6646,16.6618,15.5217,0.0011,-1.0000
16.6659,1.0000,427.9022,1.2176,0.3727,16.6670,16.6640,15.2920,0.0011,-1.0000
16.6667,1.0000,427.9188,1.2706,0.3074,16.6676,16.6518,15.4800,0.0011,-1.0000
16.6670,1.0000,427.9355,1.4246,0.3259,16.6627,16.6585,15.3404,0.0015,-1.0000
16.6673,1.0000,427.9522,1.1391,0.2967,16.6700,16.6589,15.3119,0.0012,-1.0000
16.6639,1.0000,427.9687,1.3711,0.2725,16.6722,16.6486,15.4101,0.0015,-1.0000
16.6708,1.0000,427.9855,1.1704,0.2714,16.6610,16.6761,15.6323,0.0010,-1.0000
16.6651,1.0000,428.0021,1.3165,0.2843,16.6674,16.6506,15.1668,0.0012,-1.0000
16.6667,1.0000,428.0188,1.3457,0.2750,16.6680,16.6540,15.4791,0.0013,-1.0000
16.6677,1.0000,428.0356,1.2374,0.2475,16.6556,16.6670,15.3589,0.0017,-1.0000
16.6665,1.0000,428.0522,1.0429,0.2845,16.6850,16.6541,15.0977,0.0017,-1.0000
16.6645,1.0000,428.0687,1.4824,0.3276,16.6593,16.6496,15.4514,0.0011,-1.0000
16.6857,1.0000,428.0856,1.1736,0.2840,16.6621,16.6877,15.6900,0.0009,-1.0000
16.6668,1.0000,428.1022,1.3063,0.3173,16.6751,16.6576,15.3045,0.0011,-1.0000
16.6652,1.0000,428.1189,1.5547,0.2821,16.6637,16.6508,15.3649,0.0009,-1.0000
16.6686,1.0000,428.1356,1.1972,0.2662,16.6568,16.6680,15.4208,0.0011,-1.0000
16.6659,1.0000,428.1522,0.9964,0.3149,16.6952,16.6537,15.1422,0.0010,-1.0000
16.6640,1.0000,428.1687,1.3519,0.2935,16.6659,16.6477,15.3437,0.0012,-1.0000
16.6717,1.0000,428.1857,1.2848,0.3232,16.6588,16.6843,15.7413,0.0012,-1.0000
16.6658,1.0000,428.2022,1.2460,0.3262,16.6763,16.6423,15.1586,0.0013,-1.0000
16.6640,1.0000,428.2191,1.5104,0.2711,16.6623,16.6485,15.5138,0.0010,-1.0000
16.6694,1.0000,428.2355,1.3031,0.2738,16.6546,16.6685,15.1119,0.0013,-1.0000
16.6665,1.0000,428.2522,0.9418,0.2524,16.6957,16.6577,15.2910,0.0012,-1.0000
16.6661,1.0000,428.2687,1.4822,0.2859,16.6536,16.6553,15.3245,0.0010,-1.0000
16.6665,1.0000,428.2855,1.1335,0.4118,16.6559,16.6585,15.4796,0.0016,-1.0000
16.7649,1.0000,428.3025,1.5553,0.3326,16.6758,16.7655,15.4630,0.0013,-1.0000
16.6627,1.0000,428.3189,1.3655,0.3837,16.6662,16.6418,15.0254,0.0014,-1.0000
16.6687,1.0000,428.3356,1.3298,0.3364,16.6640,16.6643,15.4852,0.0012,-1.0000
16.6676,1.0000,428.3523,1.1774,0.4007,16.6665,16.6609,15.3782,0.0011,-1.0000
16.6661,1.0000,428.3689,1.3007,0.4313,16.7745,16.6552,15.2323,0.0014,-1.0000
16.6654,1.0000,428.3856,1.6150,0.3250,16.6498,16.6566,15.5431,0.0011,-1.0000
16.6685,1.0000,428.4023,1.1779,0.3202,16.6715,16.6663,15.4853,0.0010,-1.0000
16.6666,1.0000,428.4190,1.2817,0.3386,16.6697,16.6574,15.2746,0.0011,-1.0000
16.6660,1.0000,428.4356,1.4214,0.3134,16.6636,16.6520,15.3600,0.0011,-1.0000
16.6699,1.0000,428.4524,1.1123,0.3078,16.6636,16.6690,15.4334,0.0013,-1.0000
16.6645,1.0000,428.4688,1.1799,0.3314,16.6740,16.6463,15.1323,0.0011,-1.0000
16.6643,1.0000,428.4856,1.3817,0.2580,16.6677,16.6497,15.5686,0.0012,-1.0000
16.6692,1.0000,428.5023,1.2909,0.2562,16.6609,16.6701,15.5791,0.0013,-1.0000
16.6663,1.0000,428.5190,1.2341,0.3195,16.6804,16.6541,15.0787,0.0016,-1.0000
16.6667,1.0000,428.5356,1.5126,0.2659,16.6566,16.6567,15.3449,0.0011,-1.0000
16.6692,1.0000,428.5525,1.0803,0.2341,16.6574,16.6673,15.4067,0.0015,-1.0000
16.6642,1.0000,428.5688,1.0892,0.3530,16.6793,16.6471,15.0359,0.0012,-1.0000
16.6663,1.0000,428.5857,1.5735,0.2641,16.6637,16.7150,15.5326,0.0010,-1.0000
16.6694,1.0000,428.6024,1.3102,0.2649,16.6647,16.6088,15.2554,0.0010,-1.0000
16.6654,1.0000,428.6189,1.2591,0.3179,16.6773,16.6506,15.1988,0.0015,-1.0000
16.6662,1.0000,428.6356,1.6096,0.2766,16.6557,16.6537,15.4881,0.0011,-1.0000
16.6710,1.0000,428.6523,1.1818,0.2674,16.7229,16.6697,15.1375,0.0013,-1.0000
16.6656,1.0000,428.6688,1.3523,0.2625,16.6198,16.6495,15.4921,0.0013,-1.0000
16.6669,1.0000,428.6856,1.4506,0.3065,16.6619,16.6639,15.6072,0.0014,-1.0000
16.6674,1.0000,428.7023,1.1642,0.3303,16.6615,16.6587,15.3111,0.0013,-1.0000
16.6634,1.0000,428.7189,1.5308,0.2722,16.6787,16.6449,15.4802,0.0009,-1.0000
16.6701,1.0000,428.7357,1.1561,0.2594,16.6580,16.6726,15.6044,0.0010,-1.0000
16.6660,1.0000,428.7523,1.0552,0.2759,16.6718,16.6577,15.1331,0.0013,-1.0000
16.6672,1.0000,428.7689,1.3465,0.2511,16.6679,16.6575,15.4334,0.0010,-1.0000
17.2616,1.0000,428.7862,1.1638,0.2514,16.6522,17.2569,15.9599,0.0010,-1.0000
16.6665,1.0000,428.8029,1.0665,0.3629,16.6804,16.6490,15.3059,0.0011,-1.0000
16.6633,1.0000,428.8198,1.5228,0.2425,16.6674,16.9585,15.3963,0.0015,-1.0000
16.6698,1.0000,428.8363,1.2230,0.3444,16.6674,16.3605,15.1638,0.0010,-1.0000
16.6667,1.0000,428.8529,1.2957,0.3706,17.2682,16.6558,15.2352,0.0013,-1.0000
16.6654,1.0000,428.8694,1.3418,0.2695,16.6585,16.6563,15.4334,0.0013,-1.0000
16.6677,1.0000,428.8862,1.5608,0.2255,16.9657,16.6595,15.4918,0.0013,-1.0000
16.6679,1.0000,428.9032,1.1955,0.3839,16.3685,16.6616,15.4935,0.0012,-1.0000
16.6626,1.0000,428.9195,1.4193,0.2461,16.6646,16.6453,15.0758,0.0014,-1.0000
16.6690,1.0000,428.9362,1.2219,0.3358,16.6661,16.6645,15.6564,0.0010,-1.0000
16.6691,1.0000,428.9530,1.1663,0.2595,16.6675,16.6698,15.3693,0.0015,-1.0000
16.6631,1.0000,428.9694,1.1667,0.2828,16.6720,16.6424,15.2542,0.0014,-1.0000
16.6693,1.0000,428.9862,1.5681,0.2466,16.6532,16.6708,15.6358,0.0014,-1.0000
16.6671,1.0000,429.0030,1.0071,0.3449,16.6706,16.6554,15.4203,0.0012,-1.0000
16.6649,1.0000,429.0196,1.2985,0.3014,16.6794,16.6507,15.1627,0.0013,-1.0000
16.6674,1.0000,429.0363,1.3869,0.2531,16.6498,16.6618,15.4399,0.0017,-1.0000
16.6687,1.0000,429.0530,1.0333,0.2873,16.6795,16.6644,15.2403,0.0014,-1.0000
16.6642,1.0000,429.0695,1.2337,0.3288,16.6662,16.6464,15.1014,0.0016,-1.0000
16.6689,1.0000,429.0862,1.4869,0.2582,16.6595,16.6624,15.4824,0.0009,-1.0000
16.6681,1.0000,429.1030,1.2201,0.2712,16.6700,16.6615,15.3897,0.0010,-1.0000
16.6638,1.0000,429.1195,1.4229,0.3055,16.6742,16.6496,15.1897,0.0013,-1.0000
16.6670,1.0000,429.1362,1.5433,0.2750,16.6574,16.6570,15.4613,0.0012,-1.0000
16.6683,1.0000,429.1530,1.1788,0.2546,16.6709,16.6668,15.5222,0.0011,-1.0000
16.6658,1.0000,429.1698,1.2700,0.3440,16.6708,16.6523,15.2489,0.0014,-1.0000
16.6673,1.0000,429.1862,1.4587,0.2722,16.6590,16.6601,15.0924,0.0011,-1.0000
16.6669,1.0000,429.2029,1.1937,0.2861,16.6643,16.6550,15.2905,0.0014,-1.0000
16.6664,1.0000,429.2195,1.1433,0.3062,16.6756,16.6569,15.1826,0.0011,-1.0000
16.6650,1.0000,429.2361,1.4019,0.3860,16.6622,16.6542,15.4264,0.0012,-1.0000
16.6707,1.0000,429.2530,1.5666,0.3256,16.6700,16.6747,15.4455,0.0011,-1.0000
16.6633,1.0000,429.2694,1.3628,0.4194,16.6639,16.6413,15.2481,0.0016,-1.0000
16.6678,1.0000,429.2862,1.4732,0.3125,16.6653,16.6607,15.5516,0.0011,-1.0000
16.6677,1.0000,429.3029,1.2268,0.3052,16.6615,16.6616,15.1979,0.0012,-1.0000
16.6638,1.0000,429.3195,1.2282,0.3936,16.6859,16.6465,15.4524,0.0013,-1.0000
16.6670,1.0000,429.3362,1.3921,0.3167,16.6499,16.6642,15.5660,0.0010,-1.0000
16.6710,1.0000,429.3532,1.1079,0.4388,16.6693,16.6764,15.5173,0.0015,-1.0000
16.6644,1.0000,429.3694,1.4627,0.3122,16.6706,16.6417,14.8949,0.0019,-1.0000
16.6675,1.0000,429.3862,1.1931,0.4237,16.6538,16.6626,15.5103,0.0011,-1.0000
16.6676,1.0000,429.4029,1.0973,0.2848,16.6704,16.6585,15.4669,0.0011,-1.0000
16.6668,1.0000,429.4196,1.1575,0.3035,16.6865,16.6590,15.1202,0.0013,-1.0000
16.6666,1.0000,429.4362,1.7450,0.3125,16.6526,16.6574,15.4279,0.0014,-1.0000
16.6664,1.0000,429.4529,1.1514,0.2690,16.6703,16.6548,15.3363,0.0015,-1.0000
16.6673,1.0000,429.4695,1.1903,0.3065,16.6682,16.6587,15.1077,0.0014,-1.0000
16.6663,1.0000,429.4862,1.5375,0.2442,16.6688,16.6559,15.5548,0.0010,-1.0000
16.7408,1.0000,429.5030,1.2281,0.2970,16.6665,16.7350,15.4300,0.0012,-1.0000
16.6669,1.0000,429.5197,1.3171,0.3948,16.6636,16.6632,15.3039,0.0012,-1.0000
16.6641,1.0000,429.5363,1.5495,0.3024,16.6686,16.6377,15.0182,0.0014,-1.0000
16.6687,1.0000,429.5531,1.0997,0.3670,16.6655,16.6667,15.4726,0.0012,-1.0000
16.6670,1.0000,429.5696,1.3034,0.3312,16.7451,16.6567,15.2483,0.0012,-1.0000
16.6655,1.0000,429.5862,1.3579,0.3444,16.6755,16.6460,15.0471,0.0013,-1.0000
16.6643,1.0000,429.6029,1.6183,0.2702,16.6476,16.6565,15.4863,0.0014,-1.0000
16.6699,1.0000,429.6196,1.1928,0.5602,16.6772,16.6661,15.4241,0.0013,-1.0000
16.6673,1.0000,429.6363,1.4069,0.3459,16.6676,16.6611,15.3107,0.0010,-1.0000
16.6664,1.0000,429.6530,1.5973,0.2577,16.6556,16.6550,15.4142,0.0013,-1.0000
16.6687,1.0000,429.6697,1.1690,0.3041,16.6639,16.6661,15.1115,0.0013,-1.0000
16.6623,1.0000,429.6863,1.2403,0.3081,16.6731,16.6369,14.7698,0.0014,-1.0000
16.6699,1.0000,429.7030,1.3492,0.2725,16.6701,16.6696,15.4207,0.0012,-1.0000
16.6658,1.0000,429.7196,1.2395,0.3615,16.6657,16.6573,15.1958,0.0013,-1.0000
16.6671,1.0000,429.7363,1.5533,0.3163,16.6780,16.6568,15.3129,0.0013,-1.0000
16.6677,1.0000,429.7530,1.8658,0.2514,16.6455,16.6601,15.3524,0.0016,-1.0000
16.7070,1.0000,429.7697,1.2478,0.9026,16.6772,16.6995,15.2691,0.0012,-1.0000
16.6240,1.0000,429.7862,1.4601,0.3261,16.6663,16.6038,15.0368,0.0014,-1.0000
16.6665,1.0000,429.8033,1.3426,0.3053,16.6663,16.6568,15.5527,0.0012,-1.0000
16.6696,1.0000,429.8197,1.3060,0.3213,16.6699,16.6753,14.7220,0.0016,-1.0000
16.6649,1.0000,429.8362,1.4290,0.2940,16.7094,16.6440,15.0389,0.0015,-1.0000
16.6687,1.0000,429.8538,1.5657,0.2565,16.6129,16.6697,15.3915,0.0012,-1.0000
16.6673,1.0000,429.8695,1.1028,0.5760,16.6641,16.6546,14.0198,0.0013,-1.0000
16.6655,1.0000,429.8863,1.9519,0.5498,16.6846,16.6545,15.4767,0.0012,-1.0000
16.6663,1.0000,429.9030,1.6035,0.3601,16.6538,16.6576,15.4040,0.0013,-1.0000
16.6676,1.0000,429.9200,1.2769,0.4063,16.6785,16.6637,15.3563,0.0009,-1.0000
16.6662,1.0000,429.9363,2.6335,0.3723,16.6643,16.4085,14.9260,0.0011,-1.0000
16.6660,1.0000,429.9530,1.1765,0.3180,16.6630,16.6534,15.3440,0.0013,-1.0000
16.6687,1.0000,429.9695,1.2522,0.3785,16.6666,16.6635,15.2142,0.0013,-1.0000
16.6652,1.0000,429.9863,1.3062,0.3915,16.9189,16.6526,15.5035,0.0013,-1.0000
16.6671,1.0000,430.0030,1.4813,0.3153,16.4178,16.6589,15.4704,0.0013,-1.0000
16.6668,1.0000,430.0197,1.3084,0.3551,16.6618,16.6592,15.3279,0.0011,-1.0000
16.6652,1.0000,430.0362,1.4479,0.3628,16.6719,16.6495,15.3971,0.0012,-1.0000
16.6680,1.0000,430.0530,1.1477,0.3051,16.6630,16.6658,15.5547,0.0012,-1.0000
16.6673,1.0000,430.0695,1.1869,0.4739,16.6674,16.6615,15.3407,0.0012,-1.0000
16.6657,1.0000,430.0862,1.3301,0.2596,16.6678,16.6513,15.4419,0.0012,-1.0000
16.6679,1.0000,430.1030,1.2512,0.3214,16.6582,16.6633,15.4576,0.0011,-1.0000
16.6665,1.0000,430.1196,1.1098,0.2810,16.6740,16.6562,15.3537,0.0012,-1.0000
16.6645,1.0000,430.1363,1.3193,0.2992,16.6707,16.6514,15.4780,0.0018,-1.0000
16.6706,1.0000,430.1530,1.2085,0.2759,16.6600,16.6264,15.5464,0.0011,-1.0000
16.6653,1.0000,430.1695,1.2046,0.3117,16.6714,16.6509,15.1339,0.0012,-1.0000
16.6663,1.0000,430.1862,1.3013,0.2820,16.6649,16.6530,15.5443,0.0011,-1.0000
16.6700,1.0000,430.2030,1.1715,0.3058,16.6591,16.6745,15.4970,0.0010,-1.0000
16.6632,1.0000,430.2196,1.0783,0.3671,16.6820,16.6410,15.1504,0.0015,-1.0000
16.6647,1.0000,430.2362,1.5160,0.2795,16.6592,16.6517,15.4379,0.0010,-1.0000
16.6694,1.0000,430.2530,1.1077,0.2510,16.6619,16.6698,15.5838,0.0010,-1.0000
16.6664,1.0000,430.2695,1.1763,0.4045,16.6842,16.6547,15.3384,0.0011,-1.0000
16.6657,1.0000,430.2863,1.4892,0.2729,16.6517,16.6561,15.5767,0.0010,-1.0000
16.6694,1.0000,430.3030,1.2128,0.2855,16.6589,16.6687,15.4728,0.0011,-1.0000
16.6653,1.0000,430.3196,1.0850,0.3648,16.6777,16.6497,15.2285,0.0015,-1.0000
16.6651,1.0000,430.3362,1.3151,0.2696,16.6633,16.6625,15.4852,0.0013,-1.0000
16.6691,1.0000,430.3529,1.0784,0.2690,16.6646,16.6578,15.5812,0.0012,-1.0000
16.6664,1.0000,430.3695,1.1948,0.3623,16.6785,16.6567,15.3531,0.0013,-1.0000
16.6671,1.0000,430.3863,1.4196,0.2945,16.6592,16.6577,15.4518,0.0013,-1.0000
16.6665,1.0000,430.4030,1.1761,0.2486,16.6698,16.6603,15.4914,0.0012,-1.0000
16.6662,1.0000,430.4196,1.0751,0.2927,16.6651,16.6537,15.3111,0.0011,-1.0000
16.6652,1.0000,430.4363,1.3024,0.2982,16.6646,16.6555,15.5478,0.0012,-1.0000
16.6685,1.0000,430.4530,1.2046,0.4822,16.6667,16.6676,15.4835,0.0014,-1.0000
16.6661,1.0000,430.4695,1.1676,0.3295,16.6700,16.6544,15.3412,0.0013,-1.0000
16.6677,1.0000,430.4866,1.3411,0.2987,16.6620,16.6602,15.5800,0.0010,-1.0000
16.6677,1.0000,430.5031,1.1065,0.2654,16.6620,16.6622,14.9537,0.0013,-1.0000
16.6651,1.0000,430.5197,1.1826,0.3660,16.6758,16.6513,15.1048,0.0015,-1.0000
16.6662,1.0000,430.5363,1.3118,0.2599,16.6637,16.6544,15.2857,0.0011,-1.0000
16.6695,1.0000,430.5531,1.0789,0.4572,16.6686,16.6677,15.3062,0.0013,-1.0000
16.6618,1.0000,430.5695,1.7070,0.3687,16.6719,16.6397,15.1611,0.0016,-1.0000
16.6693,1.0000,430.5863,1.5449,0.3490,16.6611,16.6688,15.7365,0.0009,-1.0000
16.6683,1.0000,430.6032,1.3676,0.2970,16.6622,16.7104,15.3978,0.0010,-1.0000
16.6658,1.0000,430.6196,1.3602,0.2990,16.6781,16.6046,15.1365,0.0013,-1.0000
16.6663,1.0000,430.6363,1.4770,0.2923,16.6479,16.6603,15.3870,0.0011,-1.0000
16.6689,1.0000,430.6530,0.9313,0.3423,16.6769,16.6615,15.3890,0.0013,-1.0000
16.6650,1.0000,430.6695,1.3114,0.3421,16.7199,16.6497,15.2805,0.0013,-1.0000
16.6663,1.0000,430.6863,1.4665,0.3703,16.6140,16.6567,15.4320,0.0012,-1.0000
16.6682,1.0000,430.7029,1.2721,0.3021,16.6697,16.6614,15.2925,0.0011,-1.0000
16.6671,1.0000,430.7196,1.2712,0.3361,16.6727,16.6586,15.3955,0.0014,-1.0000
16.6655,1.0000,430.7363,1.3675,0.3254,16.6589,16.6566,15.3330,0.0011,-1.0000
16.6678,1.0000,430.7530,1.2232,0.3380,16.6648,16.6579,15.3712,0.0012,-1.0000
16.6659,1.0000,430.7696,1.3674,0.3602,16.6700,16.6550,15.2560,0.0013,-1.0000
16.6657,1.0000,430.7863,1.2616,0.3143,16.6684,16.6545,15.3142,0.0011,-1.0000
16.6696,1.0000,430.8030,1.3223,0.3308,16.6660,16.6655,15.2506,0.0019,-1.0000
16.6660,1.0000,430.8196,1.2850,0.3330,16.6676,16.6539,15.2529,0.0012,-1.0000
16.6670,1.0000,430.8363,1.3976,0.3250,16.6652,16.6637,15.3695,0.0013,-1.0000
16.6668,1.0000,430.8530,1.3391,0.3939,16.6638,16.6506,15.3761,0.0012,-1.0000
16.6647,1.0000,430.8695,1.4129,0.3652,16.6735,16.6553,15.2483,0.0013,-1.0000
16.6658,1.0000,430.8862,1.3996,0.3154,16.6630,16.6513,15.5425,0.0012,-1.0000
16.6696,1.0000,430.9030,1.2925,0.3382,16.6743,16.6778,15.5796,0.0010,-1.0000
16.6664,1.0000,430.9196,1.2731,0.3609,16.6596,16.6513,15.0170,0.0016,-1.0000
16.6656,1.0000,430.9363,1.4057,0.3206,16.6633,16.6501,15.3561,0.0011,-1.0000
16.6686,1.0000,430.9530,1.1077,0.2949,16.6578,16.6766,15.4094,0.0011,-1.0000
16.6662,1.0000,430.9695,1.0973,0.4562,16.6875,16.6398,14.4985,0.0017,-1.0000
16.6650,1.0000,430.9862,1.6326,0.3389,16.6614,16.6553,15.5227,0.0012,-1.0000
16.6689,1.0000,431.0031,1.2927,0.3049,16.6585,16.6695,15.5158,0.0014,-1.0000
16.6666,1.0000,431.0197,1.2661,0.4357,16.6867,16.6534,15.0021,0.0013,-1.0000
16.6655,1.0000,431.0363,2.1393,0.3419,16.6500,16.6477,15.3210,0.0013,-1.0000
16.6740,1.0000,431.0534,1.1318,0.3262,16.6629,16.6695,15.4692,0.0011,-1.0000
16.6654,1.0000,431.0695,1.1519,0.4553,16.6806,16.6710,14.8449,0.0011,-1.0000
16.6641,1.0000,431.0862,1.6500,0.3321,16.6649,16.6328,15.5254,0.0012,-1.0000
16.6692,1.0000,431.1029,1.3253,0.2840,16.6571,16.6670,15.5626,0.0012,-1.0000
16.6670,1.0000,431.1197,1.1989,0.3327,16.6783,16.6585,15.3125,0.0013,-1.0000
16.6660,1.0000,431.1363,1.8251,0.2683,16.6810,16.6561,15.3700,0.0012,-1.0000
16.6680,1.0000,431.1529,1.1062,0.2461,16.6398,16.6616,15.4780,0.0012,-1.0000
16.6660,1.0000,431.1695,1.1029,0.3238,16.6748,16.6573,15.3681,0.0016,-1.0000
16.6648,1.0000,431.1862,1.3445,0.2847,16.6673,16.6534,15.5849,0.0010,-1.0000
16.6692,1.0000,431.2030,1.2847,0.3446,16.6643,16.6681,15.5378,0.0014,-1.0000
16.6673,1.0000,431.2196,1.1822,0.3273,16.6695,16.6592,15.3953,0.0012,-1.0000
16.6645,1.0000,431.2363,1.2876,0.2977,16.6656,16.6538,15.4998,0.0011,-1.0000
16.6680,1.0000,431.2529,1.0675,0.2800,16.6607,16.6609,15.4347,0.0010,-1.0000
16.6672,1.0000,431.2696,1.1287,0.2797,16.6760,16.6617,15.3372,0.0011,-1.0000
16.6642,1.0000,431.2862,1.2621,0.2643,16.6678,16.6420,15.4861,0.0010,-1.0000
16.6694,1.0000,431.3030,1.1532,0.2677,16.6616,16.6673,15.5869,0.0010,-1.0000
16.6659,1.0000,431.3196,1.2251,0.2906,16.6699,16.6536,15.3263,0.0013,-1.0000
16.6668,1.0000,431.3363,1.3233,0.2866,16.6732,16.6602,15.5168,0.0011,-1.0000
16.6690,1.0000,431.3530,1.1548,0.2612,16.6517,16.6642,15.4328,0.0013,-1.0000
16.6647,1.0000,431.3695,1.0793,0.2796,16.6761,16.6477,14.9482,0.0012,-1.0000
16.6664,1.0000,431.3862,1.3258,0.2989,16.6620,16.6593,15.5642,0.0012,-1.0000
16.6672,1.0000,431.4030,1.1418,0.2780,16.6696,16.6596,15.5403,0.0012,-1.0000
16.6665,1.0000,431.4196,1.2298,0.3652,16.6744,16.6552,15.3987,0.0011,-1.0000
16.6657,1.0000,431.4363,1.6983,0.3035,16.6577,16.6526,15.4575,0.0013,-1.0000
16.6688,1.0000,431.4529,1.0938,0.3111,16.6677,16.6648,15.4127,0.0013,-1.0000
16.6668,1.0000,431.4695,1.1178,0.2885,16.6684,16.6591,15.4890,0.0011,-1.0000
16.6662,1.0000,431.4863,1.2554,0.2583,16.6653,16.6603,15.5696,0.0013,-1.0000
16.6672,1.0000,431.5030,1.1937,0.2941,16.6615,16.6548,15.3959,0.0011,-1.0000
16.6662,1.0000,431.5196,1.2506,0.3211,16.6723,16.6539,15.4136,0.0012,-1.0000
16.6664,1.0000,431.5363,1.1689,0.2735,16.6680,16.6573,15.4504,0.0012,-1.0000
16.6680,1.0000,431.5530,1.0890,0.2751,16.6698,16.6637,15.4742,0.0013,-1.0000
16.6659,1.0000,431.5695,1.2575,0.3187,16.6658,16.6508,15.2167,0.0013,-1.0000
16.6671,1.0000,431.5863,1.2388,0.2944,16.6629,16.6591,15.6152,0.0011,-1.0000
16.6679,1.0000,431.6030,1.2055,0.2760,16.6659,16.6640,15.4943,0.0016,-1.0000
16.6651,1.0000,431.6196,1.1883,0.3372,16.6728,16.6489,15.3645,0.0011,-1.0000
16.6644,1.0000,431.6362,1.4327,0.3029,16.6610,16.6490,15.4878,0.0011,-1.0000
16.6696,1.0000,431.6530,1.0425,0.2727,16.6671,16.6706,15.4671,0.0010,-1.0000
16.6660,1.0000,431.6695,1.1682,0.2751,16.6754,16.6565,15.3403,0.0013,-1.0000
16.6650,1.0000,431.6863,1.2831,0.2784,16.6579,16.6556,15.5764,0.0010,-1.0000
16.6701,1.0000,431.7030,1.1602,0.3420,16.6565,16.6788,15.4437,0.0010,-1.0000
16.6657,1.0000,431.7196,1.2024,0.3439,16.6780,16.6460,15.3163,0.0014,-1.0000
16.6636,1.0000,431.7362,1.3150,0.2688,16.6651,16.6402,15.4394,0.0013,-1.0000
16.6699,1.0000,431.7529,1.0782,0.3023,16.6629,16.6717,15.6490,0.0012,-1.0000
16.6670,1.0000,431.7696,1.2340,0.3419,16.6881,16.6586,15.3875,0.0013,-1.0000
16.6660,1.0000,431.7863,1.3281,0.2845,16.6570,16.6553,15.3551,0.0014,-1.0000
16.6679,1.0000,431.8030,1.1995,0.3662,16.6486,16.6578,15.4084,0.0012,-1.0000
16.6656,1.0000,431.8195,1.0212,0.3576,16.6797,16.6540,15.2147,0.0013,-1.0000
16.6650,1.0000,431.8362,1.2696,0.2815,16.6689,16.6542,15.5780,0.0011,-1.0000
16.6690,1.0000,431.8530,1.2985,0.3532,16.6651,16.6697,15.4832,0.0012,-1.0000
16.6650,1.0000,431.8695,1.2484,0.3291,16.6668,16.6523,15.1004,0.0014,-1.0000
16.6683,1.0000,431.8863,1.4377,0.2806,16.6625,16.6620,15.5949,0.0011,-1.0000
16.6670,1.0000,431.9029,1.0753,0.2842,16.6610,16.6598,15.3254,0.0013,-1.0000
16.6668,1.0000,431.9196,1.1853,0.3917,16.6769,16.6586,15.3613,0.0010,-1.0000
16.6645,1.0000,431.9362,1.5506,0.3369,16.6611,16.6491,15.4800,0.0011,-1.0000
16.6707,1.0000,431.9530,1.0662,0.3426,16.6700,16.6726,15.5913,0.0011,-1.0000
16.6647,1.0000,431.9695,1.3330,0.3067,16.6680,16.6533,15.3130,0.0013,-1.0000
16.6666,1.0000,431.9863,1.2962,0.2757,16.6687,16.6545,15.5548,0.0011,-1.0000
16.6688,1.0000,432.0030,1.1680,0.2576,16.6560,16.6631,15.4473,0.0011,-1.0000
16.6662,1.0000,432.0196,1.0799,0.3352,16.6818,16.6536,15.2335,0.0011,-1.0000
16.6646,1.0000,432.0363,1.3389,0.2856,16.6640,16.6534,15.4531,0.0014,-1.0000
16.6925,1.0000,432.0530,1.0987,0.2903,16.6625,16.6874,15.5633,0.0010,-1.0000
16.6654,1.0000,432.0695,1.2144,0.3437,16.6730,16.6554,15.4487,0.0015,-1.0000
16.6670,1.0000,432.0863,1.4188,0.3015,16.6634,16.6581,15.5996,0.0011,-1.0000
16.6665,1.0000,432.1030,1.1992,0.2857,16.6618,16.6599,15.4872,0.0012,-1.0000
16.6684,1.0000,432.1197,1.1229,0.2982,16.6950,16.6621,15.4149,0.0011,-1.0000
16.6645,1.0000,432.1363,1.2051,0.3550,16.6639,16.6502,15.2236,0.0013,-1.0000
16.6678,1.0000,432.1530,1.0572,0.3065,16.6668,16.6604,15.5629,0.0010,-1.0000
16.6658,1.0000,432.1695,1.1715,0.3322,16.6681,16.6558,15.2593,0.0013,-1.0000
16.6674,1.0000,432.1863,1.2461,0.2726,16.6726,16.6625,15.5895,0.0011,-1.0000
16.6677,1.0000,432.2030,1.4252,0.2662,16.6584,16.6628,15.2584,0.0010,-1.0000
16.6655,1.0000,432.2196,1.0966,0.3686,16.6686,16.6490,15.3878,0.0018,-1.0000
16.6679,1.0000,432.2363,1.3951,0.2725,16.6640,16.6618,15.3632,0.0013,-1.0000
16.6667,1.0000,432.2530,1.0720,0.5724,16.6696,16.6617,15.3719,0.0011,-1.0000
16.6630,1.0000,432.2695,1.4032,0.2863,16.6727,16.6403,15.4936,0.0011,-1.0000
16.6710,1.0000,432.2863,1.2594,0.3110,16.6576,16.6762,15.7043,0.0013,-1.0000
16.6672,1.0000,432.3029,1.2975,0.3425,16.6700,16.6559,15.2808,0.0012,-1.0000
16.6637,1.0000,432.3196,1.2886,0.2625,16.6716,16.6497,15.4937,0.0009,-1.0000
16.6697,1.0000,432.3369,1.1458,0.2775,16.6486,16.6684,15.5540,0.0011,-1.0000
16.6661,1.0000,432.3530,0.9706,0.2809,16.6856,16.6557,14.8211,0.0012,-1.0000
16.6642,1.0000,432.3695,1.3737,0.2475,16.6641,16.6468,15.3750,0.0010,-1.0000
16.6690,1.0000,432.3864,1.1552,0.4116,16.6578,16.6682,15.6823,0.0012,-1.0000
16.6675,1.0000,432.4030,1.1132,0.3054,16.6780,16.6587,15.3438,0.0014,-1.0000
16.6653,1.0000,432.4196,1.8335,0.2660,16.6657,16.6532,15.4355,0.0012,-1.0000
16.6703,1.0000,432.4365,1.2708,0.2589,16.6557,16.6751,15.4211,0.0014,-1.0000
16.6653,1.0000,432.4530,0.9847,0.2723,16.6764,16.6443,15.1636,0.0013,-1.0000
16.6638,1.0000,432.4695,1.3135,0.2843,16.6676,16.6432,15.3888,0.0015,-1.0000
16.6665,1.0000,432.4863,1.2165,0.2868,16.6611,16.6570,15.6584,0.0011,-1.0000
16.6712,1.0000,432.5034,1.2523,0.5220,16.6880,16.6765,15.2885,0.0010,-1.0000
16.6635,1.0000,432.5196,1.4790,0.3746,16.6564,16.6452,14.8746,0.0016,-1.0000
16.6696,1.0000,432.5370,1.2532,0.2512,16.6523,16.6748,15.3809,0.0013,-1.0000
16.6675,1.0000,432.5530,0.9976,0.3422,16.6640,16.6451,14.3492,0.0011,-1.0000
16.6641,1.0000,432.5695,1.3866,0.3105,16.6852,16.6523,15.3134,0.0014,-1.0000
16.6665,1.0000,432.5863,1.7693,0.2660,16.6549,16.6598,15.5119,0.0011,-1.0000
16.6681,1.0000,432.6030,1.2926,0.3328,16.6863,16.6608,15.4023,0.0010,-1.0000
16.6658,1.0000,432.6197,2.2945,0.3578,16.6544,16.6558,15.2874,0.0015,-1.0000
16.6680,1.0000,432.6364,1.3372,0.2661,16.6612,16.6629,15.2909,0.0017,-1.0000
16.6673,1.0000,432.6530,1.1468,0.3121,16.6685,16.6560,15.2638,0.0015,-1.0000
16.6641,1.0000,432.6695,1.2572,0.3200,16.6689,16.6496,15.4377,0.0015,-1.0000
16.6686,1.0000,432.6863,1.3669,0.3299,16.6651,16.6610,15.5817,0.0008,-1.0000
16.6680,1.0000,432.7031,1.3702,0.6068,16.6723,16.6676,15.3241,0.0011,-1.0000
16.6644,1.0000,432.7196,1.3907,0.3030,16.6655,16.6429,15.1898,0.0016,-1.0000
16.6672,1.0000,432.7364,1.2104,0.3136,16.6586,16.6624,15.4731,0.0015,-1.0000
16.6683,1.0000,432.7530,1.0782,0.3034,16.6700,16.6544,15.3338,0.0013,-1.0000
16.6643,1.0000,432.7695,1.3426,0.2727,16.6800,16.6403,15.4459,0.0010,-1.0000
16.6681,1.0000,432.7864,1.4518,0.2692,16.6532,16.6618,15.6032,0.0013,-1.0000
16.6686,1.0000,432.8030,1.1877,0.3627,16.6744,16.6706,15.1965,0.0013,-1.0000
16.6636,1.0000,432.8196,1.3190,0.2678,16.6723,16.6391,15.3728,0.0012,-1.0000
16.6697,1.0000,432.8366,1.1934,0.3060,16.6497,16.7037,15.5413,0.0011,-1.0000
16.6653,1.0000,432.8530,1.0573,0.2951,16.6704,16.6160,15.1143,0.0014,-1.0000
16.6661,1.0000,432.8695,1.4723,0.3041,16.6808,16.6526,15.4863,0.0013,-1.0000
16.6674,1.0000,432.8863,1.2649,0.2316,16.6495,16.6621,15.6523,0.0010,-1.0000
16.6675,1.0000,432.9030,1.1614,0.2782,16.7143,16.6571,15.4577,0.0013,-1.0000
16.6663,1.0000,432.9197,1.5002,0.2766,16.6251,16.6554,15.4827,0.0015,-1.0000
16.6675,1.0000,432.9363,1.1651,0.2556,16.6621,16.6609,15.3835,0.0013,-1.0000
16.6665,1.0000,432.9529,1.0084,0.2645,16.6719,16.6566,15.3830,0.0013,-1.0000
16.6671,1.0000,432.9695,1.1983,0.2758,16.6664,16.6602,15.3815,0.0011,-1.0000
16.6657,1.0000,432.9869,1.1711,0.3125,16.6641,16.6556,15.5157,0.0011,-1.0000
16.6680,1.0000,433.0029,1.2760,0.2783,16.6705,16.6582,14.4147,0.0011,-1.0000
16.6652,1.0000,433.0196,1.2723,0.3205,16.6648,16.6532,15.5939,0.0013,-1.0000
16.6677,1.0000,433.0363,1.2774,0.2675,16.6697,16.6642,15.4374,0.0015,-1.0000
16.6670,1.0000,433.0529,1.1387,0.3283,16.6652,16.6541,15.4969,0.0012,-1.0000
16.6663,1.0000,433.0695,2.2426,0.2690,16.6670,16.6576,15.4985,0.0011,-1.0000
16.6665,1.0000,433.0862,1.0583,0.3339,16.6622,16.6563,15.6308,0.0009,-1.0000
16.6673,1.0000,433.1029,1.2254,0.2962,16.6736,16.6616,15.5970,0.0011,-1.0000
16.6664,1.0000,433.1195,1.1560,0.2956,16.6631,16.6570,15.5596,0.0011,-1.0000
16.6677,1.0000,433.1362,1.1580,0.2672,16.6660,16.6654,15.5038,0.0013,-1.0000
16.6661,1.0000,433.1529,1.0245,0.2910,16.6646,16.6543,15.3735,0.0012,-1.0000
16.6664,1.0000,433.1695,1.0636,0.2856,16.6696,16.6550,15.5354,0.0016,-1.0000
16.6703,1.0000,433.1863,1.0963,0.3333,16.6648,16.6678,15.7079,0.0011,-1.0000
16.6642,1.0000,433.2029,1.1604,0.3191,16.6733,16.6463,15.4113,0.0010,-1.0000
16.6639,1.0000,433.2195,1.2798,0.2762,16.6639,16.6484,15.5702,0.0014,-1.0000
16.6692,1.0000,433.2363,1.1179,0.2639,16.6639,16.6730,15.7473,0.0010,-1.0000
16.6671,1.0000,433.2531,0.9587,0.4283,16.6788,16.6572,15.3000,0.0010,-1.0000
16.6660,1.0000,433.2698,1.2343,0.2621,16.6557,16.6570,15.4904,0.0014,-1.0000
16.6683,1.0000,433.2864,1.0769,0.2565,16.6554,16.6616,15.0705,0.0012,-1.0000
16.6665,1.0000,433.3029,0.9248,0.3402,16.6801,16.6546,15.3039,0.0013,-1.0000
16.6638,1.0000,433.3196,1.3562,0.2518,16.6653,16.6466,15.4547,0.0012,-1.0000
16.6706,1.0000,433.3364,1.1654,0.3249,16.6662,16.6774,15.6356,0.0011,-1.0000
16.6652,1.0000,433.3530,1.5898,0.2638,16.6719,16.6464,15.2584,0.0012,-1.0000
16.6658,1.0000,433.3695,1.3491,0.2759,16.6638,16.6535,15.5106,0.0012,-1.0000
16.6712,1.0000,433.3864,1.1909,0.3697,16.6543,16.6770,15.4986,0.0013,-1.0000
16.6643,1.0000,433.4030,1.0407,0.3581,16.6880,16.6426,15.3627,0.0015,-1.0000
16.6642,1.0000,433.4196,1.3868,0.2538,16.6558,16.6479,15.5119,0.0012,-1.0000
16.6699,1.0000,433.4363,1.1417,0.2739,16.6615,16.6698,15.6271,0.0011,-1.0000
16.6662,1.0000,433.4530,1.1770,0.2767,16.6883,16.6546,15.2562,0.0010,-1.0000
16.6648,1.0000,433.4695,1.2787,0.2386,16.6541,16.6547,15.4872,0.0013,-1.0000
16.6683,1.0000,433.4864,1.1350,0.2597,16.6558,16.6655,15.5324,0.0011,-1.0000
16.6676,1.0000,433.5030,1.0414,0.3927,16.6779,16.6561,15.3521,0.0012,-1.0000
16.6638,1.0000,433.5196,1.3973,0.2868,16.6632,16.6497,15.5120,0.0013,-1.0000
16.6691,1.0000,433.5363,1.1662,0.2503,16.6623,16.6654,15.5763,0.0009,-1.0000
16.6662,1.0000,433.5530,1.1319,0.2953,16.6754,16.6561,15.5207,0.0013,-1.0000
16.6663,1.0000,433.5695,1.3025,0.2647,16.6654,16.6572,15.3684,0.0011,-1.0000
16.6670,1.0000,433.5863,1.1364,0.2458,16.6579,16.6606,15.6281,0.0010,-1.0000
16.6675,1.0000,433.6030,1.0881,0.2861,16.6744,16.6561,15.2948,0.0013,-1.0000
16.6656,1.0000,433.6196,1.1339,0.2997,16.6646,16.6567,15.4864,0.0013,-1.0000
16.6672,1.0000,433.6364,1.2876,0.3399,16.6660,16.6600,15.5286,0.0011,-1.0000
16.6677,1.0000,433.6530,1.0318,0.3540,16.6709,16.6594,15.1453,0.0012,-1.0000
16.6643,1.0000,433.6695,1.3602,0.2901,16.6648,16.6468,15.4230,0.0012,-1.0000
16.6697,1.0000,433.6863,1.1691,0.2670,16.6656,16.6678,15.7116,0.0010,-1.0000
16.6652,1.0000,433.7029,1.1301,0.3291,16.6701,16.6555,15.3262,0.0014,-1.0000
16.6656,1.0000,433.7196,1.5126,0.3243,16.6693,16.6514,15.5376,0.0013,-1.0000
16.6675,1.0000,433.7365,1.2226,0.2952,16.6553,16.6638,15.6000,0.0011,-1.0000
16.6677,1.0000,433.7530,0.9550,0.3635,16.6762,16.6624,15.1855,0.0012,-1.0000
16.6655,1.0000,433.7695,1.3276,0.2872,16.6639,16.6538,15.4796,0.0012,-1.0000
16.6676,1.0000,433.7863,1.1128,0.2661,16.6596,16.6646,15.5776,0.0013,-1.0000
16.6685,1.0000,433.8030,1.0623,0.3276,16.6711,16.6680,15.2690,0.0012,-1.0000
16.6637,1.0000,433.8196,1.4756,0.3060,16.6703,16.6350,15.3558,0.0011,-1.0000
16.6676,1.0000,433.8363,1.1732,0.3026,16.6620,16.6649,15.5400,0.0010,-1.0000
16.6682,1.0000,433.8530,1.0857,0.3081,16.6734,16.6578,15.4038,0.0010,-1.0000
16.6659,1.0000,433.8695,1.3976,0.3163,16.6797,16.6576,15.3862,0.0012,-1.0000
16.6677,1.0000,433.8863,1.2782,0.2640,16.6453,16.6624,15.6345,0.0010,-1.0000
16.6677,1.0000,433.9030,1.1239,0.3384,16.6722,16.6610,15.4089,0.0011,-1.0000
16.6649,1.0000,433.9196,1.2530,0.3441,16.6655,16.6503,15.4288,0.0012,-1.0000
16.6653,1.0000,433.9363,1.2701,0.2428,16.6650,16.6538,15.5293,0.0016,-1.0000
16.6688,1.0000,433.9530,1.0271,0.3075,16.6709,16.6665,15.5585,0.0012,-1.0000
16.6674,1.0000,433.9696,1.2512,0.2793,16.6706,16.6577,15.3141,0.0011,-1.0000
17.0214,1.0000,433.9868,1.2204,0.2608,16.6595,17.0133,15.8915,0.0011,-1.0000
16.6675,1.0000,434.0034,1.1229,0.2555,16.6614,16.6727,15.1551,0.0013,-1.0000
16.6652,1.0000,434.0200,1.1068,0.3216,16.6751,16.6372,15.2121,0.0014,-1.0000
16.6667,1.0000,434.0367,1.3425,0.3239,16.6683,16.6566,15.4662,0.0012,-1.0000
16.6684,1.0000,434.0533,1.1205,0.3219,17.0223,16.6645,15.4504,0.0011,-1.0000
16.6653,1.0000,434.0699,1.5161,0.3019,16.6843,16.6494,15.5337,0.0016,-1.0000
16.6671,1.0000,434.0867,1.4235,0.2684,16.6477,16.6623,15.5769,0.0011,-1.0000
16.6695,1.0000,434.1034,1.1892,0.2723,16.6651,16.6642,15.1460,0.0015,-1.0000
16.6633,1.0000,434.1201,1.2128,0.2851,16.6739,16.6474,15.3934,0.0014,-1.0000
16.6692,1.0000,434.1367,1.1141,0.3124,16.6589,16.6637,15.3348,0.0012,-1.0000
16.6689,1.0000,434.1534,1.0842,0.4253,16.6709,16.6567,15.3345,0.0012,-1.0000
16.6617,1.0000,434.1699,1.5168,0.2931,16.6747,16.6471,15.4480,0.0012,-1.0000
16.6689,1.0000,434.1867,1.2527,0.2872,16.6576,16.6654,15.7083,0.0010,-1.0000
16.6671,1.0000,434.2033,1.3276,0.2819,16.6731,16.6596,15.4163,0.0015,-1.0000
16.6632,1.0000,434.2199,1.3212,0.2592,16.6652,16.6452,15.5263,0.0009,-1.0000
16.6706,1.0000,434.2367,1.1979,0.2627,16.6551,16.6767,15.5707,0.0011,-1.0000
16.6668,1.0000,434.2533,0.9557,0.2742,16.6732,16.6547,15.3072,0.0011,-1.0000
16.6646,1.0000,434.2699,1.2418,0.2741,16.6679,16.6511,15.5532,0.0010,-1.0000
16.6692,1.0000,434.2867,1.1181,0.3011,16.6523,16.6684,15.6062,0.0011,-1.0000
16.6671,1.0000,434.3033,1.1047,0.2939,16.6842,16.6585,15.4336,0.0012,-1.0000
16.6647,1.0000,434.3200,1.3463,0.2777,16.6640,16.6516,15.4785,0.0012,-1.0000
16.6698,1.0000,434.3367,1.0970,0.2799,16.6590,16.6677,15.5146,0.0010,-1.0000
16.6654,1.0000,434.3533,1.0609,0.3070,16.6766,16.6491,15.3412,0.0011,-1.0000
16.6631,1.0000,434.3698,1.2235,0.3090,16.6673,16.6461,15.4844,0.0017,-1.0000
16.6685,1.0000,434.3866,1.1719,0.2945,16.6607,16.6720,15.8685,0.0009,-1.0000
16.6695,1.0000,434.4033,1.1519,0.3964,16.6782,16.6659,15.3969,0.0011,-1.0000
16.6640,1.0000,434.4200,1.3066,0.2721,16.6575,16.6502,15.5334,0.0009,-1.0000
16.6681,1.0000,434.4367,1.1601,0.2285,16.6524,16.6635,15.5766,0.0010,-1.0000
16.6667,1.0000,434.4533,0.8024,0.3620,16.6779,16.6588,15.1445,0.0015,-1.0000
16.6644,1.0000,434.4698,1.2676,0.2961,16.6732,16.6465,15.5548,0.0013,-1.0000
16.6684,1.0000,434.4866,1.1159,0.3210,16.6581,16.6655,15.7051,0.0010,-1.0000
16.6688,1.0000,434.5034,1.0862,0.3144,16.6729,16.6680,15.4342,0.0012,-1.0000
16.6659,1.0000,434.5200,1.5123,0.2735,16.6688,16.6536,15.4821,0.0015,-1.0000
16.6683,1.0000,434.5367,1.0906,0.2625,16.6542,16.6626,15.4546,0.0011,-1.0000
16.6657,1.0000,434.5533,0.9595,0.3162,16.6725,16.6497,15.2849,0.0012,-1.0000
16.6647,1.0000,434.5699,1.2325,0.2879,16.6759,16.6507,15.4378,0.0012,-1.0000
16.6685,1.0000,434.5868,1.1699,0.2882,16.6634,16.6698,15.6496,0.0010,-1.0000
16.6676,1.0000,434.6034,1.2060,0.3706,16.6736,16.6565,15.2856,0.0012,-1.0000
16.6651,1.0000,434.6200,1.3633,0.3218,16.6594,16.6492,15.2989,0.0012,-1.0000
16.6680,1.0000,434.6367,1.2118,0.4208,16.6595,16.6635,15.5539,0.0012,-1.0000
16.6672,1.0000,434.6534,1.0193,0.3184,16.6790,16.6620,15.5194,0.0013,-1.0000
16.6646,1.0000,434.6699,1.3699,0.3270,16.6659,16.6435,15.0382,0.0013,-1.0000
16.6685,1.0000,434.6867,1.3494,0.2988,16.6584,16.6650,15.6479,0.0010,-1.0000
16.6669,1.0000,434.7034,1.1083,0.3380,16.6728,16.6624,15.3877,0.0012,-1.0000
16.6661,1.0000,434.7200,1.1414,0.3378,16.6733,16.6504,15.5314,0.0012,-1.0000
16.6675,1.0000,434.7367,1.6041,0.2465,16.6522,16.6617,15.4938,0.0011,-1.0000
16.6676,1.0000,434.7534,1.0161,0.3424,16.6725,16.6615,15.4785,0.0011,-1.0000
16.6646,1.0000,434.7699,1.2731,0.2764,16.6712,16.6516,15.3937,0.0012,-1.0000
16.6681,1.0000,434.7867,1.1180,0.3269,16.6592,16.6593,15.5822,0.0011,-1.0000
16.6672,1.0000,434.8033,1.1668,0.3409,16.6701,16.6593,15.2099,0.0012,-1.0000
16.6646,1.0000,434.8200,1.1817,0.2662,16.6703,16.6545,15.5310,0.0011,-1.0000
16.6692,1.0000,434.8368,1.2569,0.3116,16.6616,16.6685,15.4691,0.0010,-1.0000
16.6661,1.0000,434.8533,1.0757,0.3510,16.6679,16.6517,15.1434,0.0013,-1.0000
16.6658,1.0000,434.8699,1.4481,0.2786,16.6670,16.6566,15.3607,0.0011,-1.0000
16.6677,1.0000,434.8868,1.1222,0.3072,16.6616,16.6619,15.6709,0.0013,-1.0000
16.6665,1.0000,434.9033,1.1980,0.3278,16.6783,16.6532,15.2716,0.0013,-1.0000
16.6651,1.0000,434.9200,1.5072,0.2818,16.6609,16.6535,15.5609,0.0012,-1.0000
16.6688,1.0000,434.9366,1.2948,0.2703,16.6653,16.6674,15.6250,0.0011,-1.0000
16.6671,1.0000,434.9533,0.9898,0.2834,16.6720,16.6565,15.2928,0.0014,-1.0000
16.6663,1.0000,434.9699,1.3804,0.2903,16.6630,16.6552,15.3589,0.0170,-1.0000
16.6676,1.0000,434.9867,1.0914,0.2968,16.6613,16.6633,15.5684,0.0012,-1.0000
16.6659,1.0000,435.0033,1.0415,0.2939,16.6762,16.6482,15.3495,0.0014,-1.0000
16.6652,1.0000,435.0201,1.3621,0.3002,16.6655,16.7453,15.6504,0.0012,-1.0000
16.6671,1.0000,435.0366,1.2789,0.3102,16.6646,16.5648,15.4637,0.0015,-1.0000
16.6703,1.0000,435.0533,1.0937,0.3489,16.6749,16.6720,15.0779,0.0011,-1.0000
16.6624,1.0000,435.0699,1.2971,0.2708,16.6583,16.6408,15.4335,0.0014,-1.0000
16.6668,1.0000,435.0866,1.0931,0.2373,16.7533,16.6603,15.7146,0.0008,-1.0000
16.6702,1.0000,435.1035,1.0995,0.3374,16.5734,16.6719,15.6394,0.0013,-1.0000
16.6658,1.0000,435.1200,1.5929,0.3077,16.6821,16.6513,14.6925,0.0013,-1.0000
16.6640,1.0000,435.1366,1.2059,0.2588,16.6505,16.6498,15.4688,0.0012,-1.0000
16.6701,1.0000,435.1534,0.9448,0.3100,16.6661,16.6753,15.6349,0.0010,-1.0000
16.6656,1.0000,435.1699,1.0312,0.3471,16.6812,16.6484,15.1674,0.0012,-1.0000
16.6668,1.0000,435.1866,1.9573,0.2856,16.6626,16.6580,15.5830,0.0010,-1.0000
16.6686,1.0000,435.2033,1.1801,0.2684,16.6565,16.6643,15.4995,0.0012,-1.0000
16.6652,1.0000,435.2200,1.0395,0.3507,16.6838,16.6497,15.5037,0.0014,-1.0000
16.6648,1.0000,435.2366,1.4797,0.3157,16.6576,16.6494,15.5832,0.0012,-1.0000
16.6722,1.0000,435.2534,1.0740,0.2864,16.6662,16.6790,15.6385,0.0009,-1.0000
16.6631,1.0000,435.2699,1.1633,0.3402,16.6747,16.6435,15.3516,0.0014,-1.0000
16.6666,1.0000,435.2866,1.1444,0.3193,16.6598,16.6591,15.5994,0.0011,-1.0000
16.6679,1.0000,435.3033,1.0649,0.2456,16.6565,16.6605,15.5268,0.0012,-1.0000
16.6658,1.0000,435.3199,1.0393,0.3637,16.6897,16.6517,15.2831,0.0014,-1.0000
16.6643,1.0000,435.3366,1.2903,0.2649,16.6539,16.6494,15.6096,0.0013,-1.0000
16.6696,1.0000,435.3533,1.0588,0.2699,16.6678,16.6696,15.6439,0.0012,-1.0000
16.6665,1.0000,435.3699,1.1325,0.4213,16.6705,16.6556,15.3699,0.0012,-1.0000
16.6672,1.0000,435.3866,1.3673,0.2795,16.6625,16.6582,15.6630,0.0014,-1.0000
16.6670,1.0000,435.4033,1.0387,0.2357,16.6567,16.6615,15.5613,0.0010,-1.0000
16.6670,1.0000,435.4200,1.0247,0.4574,16.6779,16.6578,15.4928,0.0011,-1.0000
16.6645,1.0000,435.4366,1.2840,0.3164,16.6642,16.6530,15.5207,0.0012,-1.0000
16.6695,1.0000,435.4535,0.9933,0.3560,16.6662,16.7101,15.5104,0.0013,-1.0000
16.6650,1.0000,435.4699,1.0987,0.2658,16.6696,16.6055,15.2901,0.0012,-1.0000
16.6680,1.0000,435.4866,1.1636,0.3124,16.6665,16.6610,15.5616,0.0009,-1.0000
16.6940,1.0000,435.5033,1.1311,0.7317,16.6606,16.6864,15.3544,0.0012,-1.0000
16.6658,1.0000,435.5200,1.1988,0.2867,16.7219,16.6556,15.5741,0.0009,-1.0000
16.6681,1.0000,435.5367,1.3140,0.2861,16.6161,16.6645,15.4127,0.0013,-1.0000
16.6676,1.0000,435.5534,1.0983,0.4002,16.6685,16.6974,15.4266,0.0011,-1.0000
16.6620,1.0000,435.5699,1.3307,0.3022,16.6947,16.5990,15.4328,0.0012,-1.0000
16.6693,1.0000,435.5866,1.0807,0.3439,16.6642,16.6685,15.8003,0.0009,-1.0000
16.6678,1.0000,435.6037,1.2506,0.2591,16.6748,16.6854,15.4647,0.0012,-1.0000
16.6664,1.0000,435.6200,1.2698,0.3077,16.7085,16.6311,15.0590,0.0015,-1.0000
16.6664,1.0000,435.6367,1.1652,0.2328,16.6065,16.6611,15.4550,0.0012,-1.0000
16.6675,1.0000,435.6534,0.8671,0.2842,16.6754,16.6591,15.4872,0.0010,-1.0000
16.6659,1.0000,435.6699,1.2195,0.3504,16.6953,16.6515,15.3467,0.0011,-1.0000
16.6680,1.0000,435.6867,1.5704,0.2787,16.6403,16.6628,15.6100,0.0011,-1.0000
16.6667,1.0000,435.7034,1.2049,0.3719,16.6693,16.6587,15.4255,0.0014,-1.0000
16.6652,1.0000,435.7200,1.1703,0.3741,16.6691,16.6507,15.2380,0.0015,-1.0000
16.6676,1.0000,435.7367,1.3036,0.2986,16.6613,16.6641,15.4506,0.0012,-1.0000
16.6671,1.0000,435.7534,1.0516,0.3260,16.6720,16.6559,15.4842,0.0016,-1.0000
16.6653,1.0000,435.7699,1.2317,0.3872,16.6689,16.6511,15.3569,0.0010,-1.0000
16.6669,1.0000,435.7867,1.4113,0.3011,16.6593,16.6613,15.5116,0.0014,-1.0000
16.6698,1.0000,435.8035,1.2120,0.2891,16.6726,16.6692,15.5042,0.0012,-1.0000
16.6636,1.0000,435.8200,1.1699,0.5398,16.6662,16.6406,15.1652,0.0013,-1.0000
16.6675,1.0000,435.8367,1.2937,0.2987,16.6598,16.6631,15.5169,0.0013,-1.0000
16.6676,1.0000,435.8534,1.1483,0.3346,16.6684,16.6602,15.5335,0.0010,-1.0000
16.6665,1.0000,435.8699,1.1638,0.3443,16.6798,16.6561,15.3585,0.0013,-1.0000
16.6655,1.0000,435.8867,1.4740,0.2725,16.6507,16.6534,15.6204,0.0011,-1.0000
16.6697,1.0000,435.9035,1.1451,0.3503,16.6706,16.6702,15.4998,0.0010,-1.0000
16.6638,1.0000,435.9200,1.1255,0.3133,16.6694,16.6453,15.1562,0.0015,-1.0000
16.6658,1.0000,435.9367,1.2965,0.2680,16.6651,16.6587,15.6120,0.0012,-1.0000
16.6694,1.0000,435.9534,1.0317,0.3962,16.6619,16.6645,15.4992,0.0010,-1.0000
16.6663,1.0000,435.9699,1.1691,0.3419,16.6796,16.6554,15.3301,0.0011,-1.0000
16.6659,1.0000,435.9867,1.4874,0.2600,16.6551,16.6556,15.6414,0.0010,-1.0000
16.6682,1.0000,436.0034,1.0453,0.3266,16.6663,16.6613,15.5108,0.0011,-1.0000
16.6670,1.0000,436.0201,1.1641,0.2782,16.6729,16.6599,15.4075,0.0013,-1.0000
16.6651,1.0000,436.0367,1.3240,0.2870,16.6647,16.6550,15.3676,0.0013,-1.0000
16.6687,1.0000,436.0534,1.0134,0.2781,16.6640,16.6617,15.5022,0.0009,-1.0000
16.6657,1.0000,436.0699,1.1494,0.2898,16.6696,16.6572,15.3717,0.0019,-1.0000
16.6653,1.0000,436.0867,1.2508,0.3646,16.6696,16.6511,12.4391,0.0012,-1.0000
16.6696,1.0000,436.1035,1.2860,0.2786,16.6630,16.7133,15.5907,0.0012,-1.0000
16.6644,1.0000,436.1200,1.1585,0.3022,16.6694,16.6061,15.1395,0.0011,-1.0000
16.6673,1.0000,436.1367,1.2835,0.3874,16.6657,16.6599,15.5364,0.0012,-1.0000
16.6683,1.0000,436.1534,4.2107,0.2681,16.6592,16.6645,15.4894,0.0013,-1.0000
16.6664,1.0000,436.1699,1.1214,0.3234,16.7225,16.6556,15.4132,0.0011,-1.0000
16.6641,1.0000,436.1867,1.4655,0.3315,16.6140,16.6518,15.6222,0.0010,-1.0000
16.6694,1.0000,436.2034,1.1224,0.2743,16.6679,16.6660,15.5294,0.0012,-1.0000
16.6671,1.0000,436.2201,1.1733,0.3687,16.6731,16.6573,15.4497,0.0012,-1.0000
16.6666,1.0000,436.2368,1.2410,0.2803,16.6652,16.6595,15.3359,0.0012,-1.0000
16.6666,1.0000,436.2534,1.0287,0.3184,16.6593,16.6580,15.4070,0.0012,-1.0000
16.6667,1.0000,436.2700,1.1351,0.2981,16.6746,16.6538,15.4280,0.0011,-1.0000
16.6639,1.0000,436.2867,1.2060,0.2941,16.6661,16.6500,15.5202,0.0014,-1.0000
16.6699,1.0000,436.3034,1.3222,0.2729,16.6685,16.6725,15.5766,0.0008,-1.0000
16.6657,1.0000,436.3200,1.2497,0.3233,16.6675,16.6517,15.0545,0.0016,-1.0000
16.6666,1.0000,436.3367,1.2248,0.2863,16.6628,16.6615,15.6201,0.0011,-1.0000
16.6680,1.0000,436.3534,1.1288,0.3092,16.6575,16.6610,15.4482,0.0011,-1.0000
16.6668,1.0000,436.3699,1.0950,0.3625,16.6805,16.6544,15.2283,0.0012,-1.0000
16.6656,1.0000,436.3867,1.5958,0.2679,16.6603,16.6547,15.6096,0.0011,-1.0000
