frame_ms,focused,elapsed,CPU Main Thread Frame Time,CPU Render Thread Frame Time,CPU Total Frame Time,PlayerLoop,WaitForTargetFPS,Gfx.WaitForPresentOnGfxThread,Gfx.WaitForGfxCommandsFromMainThread
16.6662,1.0000,316.1700,1.4314,0.2594,16.6700,16.6587,15.1666,0.0014,-1.0000
16.6680,1.0000,316.1866,1.2363,0.3226,16.6638,16.6608,15.4170,0.0010,-1.0000
16.6658,1.0000,316.2033,1.2140,0.3660,16.6771,16.6537,15.3808,0.0011,-1.0000
16.6657,1.0000,316.2199,1.5290,0.2614,16.6596,16.6502,15.4224,0.0010,-1.0000
16.6686,1.0000,316.2368,1.4907,0.3045,16.6675,16.6690,15.4958,0.0012,-1.0000
16.6653,1.0000,316.2532,1.2425,0.2680,16.6710,16.6501,15.1400,0.0014,-1.0000
16.6666,1.0000,316.2700,1.2715,0.2538,16.6630,16.6601,15.5489,0.0011,-1.0000
16.6685,1.0000,316.2867,1.2266,0.2821,16.6581,16.6615,15.3991,0.0011,-1.0000
16.6661,1.0000,316.3033,1.1713,0.3687,16.6788,16.6546,15.2761,0.0012,-1.0000
16.6635,1.0000,316.3199,1.5087,0.2626,16.6589,16.6477,15.4353,0.0011,-1.0000
16.6691,1.0000,316.3368,1.1099,0.2603,16.6683,16.6718,15.5040,0.0014,-1.0000
16.6688,1.0000,316.3533,1.2615,0.3181,16.6701,16.6619,14.7455,0.0015,-1.0000
16.6649,1.0000,316.3700,1.3771,0.2701,16.6629,16.6495,15.1668,0.0014,-1.0000
16.6688,1.0000,316.3867,1.2113,0.2403,16.6543,16.6659,15.3235,0.0011,-1.0000
16.6663,1.0000,316.4035,1.1662,0.3659,16.6800,16.6572,15.1289,0.0013,-1.0000
16.6638,1.0000,316.4199,1.9149,0.3408,16.6724,16.6443,15.1023,0.0013,-1.0000
16.6712,1.0000,316.4368,1.4810,0.2687,16.6583,16.6763,15.4448,0.0010,-1.0000
16.6654,1.0000,316.4533,1.3411,0.3189,16.6750,16.6473,15.0932,0.0014,-1.0000
16.6638,1.0000,316.4699,1.5266,0.3031,16.6676,16.6472,15.2901,0.0015,-1.0000
16.6693,1.0000,316.4867,1.5408,0.2559,16.6528,16.6702,15.5787,0.0011,-1.0000
16.6681,1.0000,316.5033,1.2304,0.3098,16.6874,16.6625,15.2948,0.0010,-1.0000
16.6657,1.0000,316.5199,1.5523,0.2859,16.6565,16.6511,15.2936,0.0010,-1.0000
16.6655,1.0000,316.5366,1.3556,0.2675,16.6543,16.6569,15.3915,0.0011,-1.0000
16.6700,1.0000,316.5533,1.0906,0.2931,16.6772,16.6714,15.4586,0.0010,-1.0000
16.6645,1.0000,316.5700,1.3662,0.2696,16.6722,16.6488,15.1712,0.0013,-1.0000
16.6678,1.0000,316.5866,1.3562,0.2677,16.6599,16.6587,15.3159,0.0011,-1.0000
16.6681,1.0000,316.6034,1.2647,0.2588,16.6649,16.6634,15.3533,0.0011,-1.0000
16.6637,1.0000,316.6199,1.2117,0.6301,16.6808,16.6423,15.1767,0.0017,-1.0000
16.6661,1.0000,316.6367,1.4763,0.3096,16.6584,16.6581,15.4283,0.0013,-1.0000
16.6684,1.0000,316.6532,1.3415,0.3009,16.6681,16.6633,15.1857,0.0014,-1.0000
16.6673,1.0000,316.6700,1.3088,0.2759,16.6744,16.6595,15.4895,0.0013,-1.0000
16.6671,1.0000,316.6867,1.4639,0.2908,16.6511,16.6598,15.3719,0.0010,-1.0000
16.6660,1.0000,316.7033,1.2287,0.3493,16.6661,16.6541,15.0355,0.0012,-1.0000
16.6649,1.0000,316.7200,1.4764,0.2417,16.6716,16.6511,15.4419,0.0011,-1.0000
16.6668,1.0000,316.7366,1.1686,0.4103,16.6679,16.6656,15.4516,0.0011,-1.0000
16.6696,1.0000,316.7532,1.2867,0.3146,16.6694,16.6651,15.1091,0.0011,-1.0000
16.6648,1.0000,316.7699,1.6172,0.2858,16.6628,16.6525,15.5076,0.0016,-1.0000
16.6688,1.0000,316.7867,1.2080,0.2651,16.6595,16.6693,15.4391,0.0012,-1.0000
16.6665,1.0000,316.8034,1.2128,0.2832,16.6728,16.6445,15.3121,0.0011,-1.0000
16.6648,1.0000,316.8199,1.5545,0.2737,16.6729,16.6539,15.2463,0.0015,-1.0000
16.6685,1.0000,316.8366,1.1431,0.3254,16.6610,16.6635,15.4756,0.0012,-1.0000
16.6660,1.0000,316.8532,1.2288,0.3361,16.6819,16.6558,15.3290,0.0009,-1.0000
16.6665,1.0000,316.8700,1.3312,0.2685,16.6544,16.6553,15.5584,0.0009,-1.0000
16.6680,1.0000,316.8868,1.4060,0.2651,16.6618,16.6658,15.4141,0.0014,-1.0000
16.6659,1.0000,316.9033,1.1862,0.3077,16.6733,16.6493,15.1717,0.0014,-1.0000
16.6662,1.0000,316.9200,1.3258,0.2665,16.6646,16.6595,15.2091,0.0014,-1.0000
16.6675,1.0000,316.9367,1.0960,0.2537,16.6638,16.7213,15.3118,0.0014,-1.0000
16.6677,1.0000,316.9532,1.2504,0.2794,16.6767,16.5962,15.3480,0.0010,-1.0000
16.6653,1.0000,316.9701,1.4762,0.3087,16.6585,16.6547,15.4968,0.0015,-1.0000
16.6681,1.0000,316.9867,1.4492,0.3221,16.6675,16.6623,15.2518,0.0012,-1.0000
16.6654,1.0000,317.0033,1.4084,0.3362,16.7308,16.6518,15.3042,0.0013,-1.0000
16.6669,1.0000,317.0200,1.2468,0.2652,16.6055,16.6563,15.4438,0.0014,-1.0000
16.6673,1.0000,317.0367,1.1562,0.2637,16.6649,16.6609,15.3317,0.0012,-1.0000
16.6664,1.0000,317.0533,1.4097,0.3043,16.6725,16.6540,15.3946,0.0012,-1.0000
16.6632,1.0000,317.0699,1.3467,0.2598,16.6613,16.6449,15.4644,0.0012,-1.0000
16.6707,1.0000,317.0867,1.2112,0.2791,16.6650,16.6759,15.5713,0.0010,-1.0000
16.6885,1.0000,317.1037,1.3280,0.2863,16.6710,16.6850,15.3903,0.0015,-1.0000
16.6653,1.0000,317.1200,1.2580,0.2669,16.6635,16.6474,14.9593,0.0015,-1.0000
16.6664,1.0000,317.1367,1.1794,0.2286,16.6510,16.6583,15.3045,0.0013,-1.0000
16.6697,1.0000,317.1534,1.1037,0.3267,16.6830,16.6654,15.4112,0.0013,-1.0000
16.6628,1.0000,317.1700,1.2935,0.3097,16.6958,16.6446,15.1456,0.0015,-1.0000
16.6685,1.0000,317.1866,1.6870,0.2851,16.6573,16.6677,15.4619,0.0010,-1.0000
16.6675,1.0000,317.2035,1.3523,0.2718,16.6655,16.6588,15.4704,0.0010,-1.0000
16.6654,1.0000,317.2200,1.2526,0.2859,16.6748,16.6505,14.7816,0.0012,-1.0000
16.6682,1.0000,317.2367,1.4976,0.2514,16.6531,16.6663,15.3883,0.0013,-1.0000
16.8343,1.0000,317.2534,1.2049,0.3164,16.6772,16.8509,15.5321,0.0010,-1.0000
16.6625,1.0000,317.2701,1.1872,0.3441,16.6679,16.6151,15.4113,0.0011,-1.0000
16.6692,1.0000,317.2868,1.8680,0.3046,16.6600,16.6685,15.5666,0.0014,-1.0000
16.6681,1.0000,317.3036,1.2767,0.2777,16.6751,16.6676,15.3324,0.0011,-1.0000
16.6631,1.0000,317.3201,1.3175,0.2772,16.8618,16.6387,15.3013,0.0012,-1.0000
16.6694,1.0000,317.3368,1.2027,0.2636,16.6225,16.6716,15.5351,0.0010,-1.0000
16.6683,1.0000,317.3535,1.1002,0.3068,16.6759,16.6594,15.3848,0.0012,-1.0000
16.6655,1.0000,317.3701,1.3337,0.2484,16.6777,16.6548,15.3111,0.0014,-1.0000
16.6659,1.0000,317.3869,1.3363,0.2605,16.6461,16.6565,15.4270,0.0011,-1.0000
16.6681,1.0000,317.4035,1.1353,0.2741,16.6790,16.6586,15.0585,0.0011,-1.0000
16.6664,1.0000,317.4201,1.2733,0.2770,16.6683,16.6557,15.1839,0.0013,-1.0000
16.6644,1.0000,317.4368,1.3422,0.2641,16.6639,16.6509,15.4969,0.0010,-1.0000
16.6692,1.0000,317.4534,1.2285,0.2994,16.6668,16.6690,15.5082,0.0012,-1.0000
16.6670,1.0000,317.4702,1.5988,0.2925,16.6692,16.6582,15.4577,0.0012,-1.0000
16.6649,1.0000,317.4868,1.4704,0.2674,16.6650,16.6492,15.4107,0.0011,-1.0000
16.6686,1.0000,317.5038,1.1530,0.3017,16.6584,16.6688,15.3448,0.0015,-1.0000
16.6662,1.0000,317.5202,1.1595,0.2858,16.6768,16.6554,14.6996,0.0015,-1.0000
16.6654,1.0000,317.5369,1.1991,0.2700,16.6682,16.6510,15.3050,0.0010,-1.0000
16.6688,1.0000,317.5534,1.2376,0.2814,16.6570,16.6702,15.4176,0.0011,-1.0000
16.6664,1.0000,317.5702,1.3225,0.3547,16.6772,16.6529,15.3307,0.0013,-1.0000
16.6648,1.0000,317.5868,1.9539,0.3166,16.6646,16.6472,15.3993,0.0013,-1.0000
16.6722,1.0000,317.6037,1.3450,0.2699,16.6590,16.6800,15.4531,0.0012,-1.0000
16.6632,1.0000,317.6202,1.2511,0.3253,16.6802,16.6398,14.8514,0.0015,-1.0000
16.6666,1.0000,317.6368,1.3204,0.2706,16.6626,16.6566,15.2852,0.0013,-1.0000
16.6673,1.0000,317.6535,1.2467,0.2563,16.6552,16.6624,15.4768,0.0011,-1.0000
16.6665,1.0000,317.6702,1.2257,0.4063,16.6925,16.6567,15.3082,0.0013,-1.0000
16.6645,1.0000,317.6868,1.7864,0.2848,16.6506,16.6497,15.4073,0.0012,-1.0000
16.6687,1.0000,317.7036,1.3699,0.2620,16.6645,16.6685,15.4049,0.0010,-1.0000
16.6674,1.0000,317.7202,1.1844,0.3006,16.6699,16.6635,15.2190,0.0013,-1.0000
16.6653,1.0000,317.7368,1.3470,0.2740,16.6649,16.6482,15.3114,0.0013,-1.0000
16.6673,1.0000,317.7534,1.2412,0.2848,16.6571,16.6651,15.3503,0.0013,-1.0000
16.6670,1.0000,317.7701,1.2624,0.6480,16.6763,16.6539,15.3303,0.0011,-1.0000
16.6662,1.0000,317.7868,1.4428,0.3171,16.6734,16.6536,15.3892,0.0014,-1.0000
16.7428,1.0000,317.8038,1.3354,0.2992,16.6568,16.7466,15.6065,0.0010,-1.0000
16.6694,1.0000,317.8203,1.3134,0.3250,16.6733,16.6503,14.6421,0.0017,-1.0000
16.6626,1.0000,317.8369,1.3224,0.3166,16.6634,16.6501,15.3212,0.0014,-1.0000
16.6683,1.0000,317.8535,1.2630,0.3171,16.6616,16.6637,15.4301,0.0010,-1.0000
16.6669,1.0000,317.8702,1.1389,0.3163,16.7573,16.6583,15.4664,0.0010,-1.0000
16.6646,1.0000,317.8869,2.0063,0.2880,16.6605,16.6500,15.3294,0.0009,-1.0000
16.6694,1.0000,317.9037,1.3272,0.2882,16.6585,16.6697,15.4912,0.0011,-1.0000
16.6659,1.0000,317.9202,1.2326,0.3439,16.6719,16.6523,14.9548,0.0018,-1.0000
16.6664,1.0000,317.9369,1.1907,0.2806,16.6670,16.6934,15.2464,0.0012,-1.0000
16.6679,1.0000,317.9542,1.3197,0.2551,16.6580,16.6512,15.3758,0.0012,-1.0000
16.6661,1.0000,317.9703,1.1772,0.3234,16.6791,16.6293,14.4369,0.0011,-1.0000
16.6669,1.0000,317.9869,1.6956,0.3296,16.6615,16.6542,15.3046,0.0012,-1.0000
16.6667,1.0000,318.0035,1.4458,0.2826,16.7016,16.6567,15.4549,0.0011,-1.0000
16.6667,1.0000,318.0202,1.2742,0.3224,16.6613,16.6578,15.3037,0.0012,-1.0000
16.6649,1.0000,318.0368,2.1912,0.3018,16.6415,16.6515,15.4414,0.0010,-1.0000
16.6694,1.0000,318.0535,1.3486,0.2592,16.6645,16.6684,15.5188,0.0010,-1.0000
16.6661,1.0000,318.0703,1.2009,0.2998,16.6654,16.6539,15.3584,0.0015,-1.0000
16.6674,1.0000,318.0869,1.3529,0.2631,16.6662,16.6583,15.2906,0.0012,-1.0000
16.6676,1.0000,318.1036,1.2092,0.2864,16.6596,16.6606,15.4129,0.0011,-1.0000
16.6649,1.0000,318.1202,1.1484,0.2678,16.6791,16.6499,15.3670,0.0012,-1.0000
16.6666,1.0000,318.1370,1.2939,0.3156,16.6632,16.6613,15.4251,0.0011,-1.0000
16.6670,1.0000,318.1535,1.3662,0.2612,16.6678,16.6530,15.2600,0.0013,-1.0000
16.6664,1.0000,318.1704,1.2464,0.3520,16.6702,16.6583,15.1103,0.0011,-1.0000
16.6660,1.0000,318.1869,1.2814,0.2548,16.6606,16.6511,15.1846,0.0012,-1.0000
16.6691,1.0000,318.2037,1.2352,0.2771,16.6714,16.6720,15.5795,0.0010,-1.0000
16.6659,1.0000,318.2202,1.3916,0.3552,16.6623,16.6462,15.1264,0.0012,-1.0000
16.6645,1.0000,318.2369,1.5469,0.2817,16.6686,16.6504,15.3308,0.0011,-1.0000
16.6697,1.0000,318.2536,1.4654,0.2561,16.6586,16.6732,15.4827,0.0013,-1.0000
16.6662,1.0000,318.2702,1.0915,0.3104,16.6825,16.6531,14.2297,0.0010,-1.0000
16.6651,1.0000,318.2869,1.5183,0.2851,16.6565,16.6526,15.3171,0.0012,-1.0000
16.7208,1.0000,318.3036,1.3185,0.2662,16.6579,16.7179,15.4954,0.0010,-1.0000
16.6479,1.0000,318.3203,1.1890,0.4450,16.6822,16.6386,15.2481,0.0011,-1.0000
16.6656,1.0000,318.3369,2.4221,0.3459,16.6627,16.6542,15.3879,0.0012,-1.0000
16.6666,1.0000,318.3535,1.3344,0.2867,16.6604,16.6617,15.3506,0.0012,-1.0000
16.6671,1.0000,318.3703,1.2211,0.3043,16.7269,16.6580,14.8140,0.0012,-1.0000
16.6655,1.0000,318.3869,1.3888,0.2500,16.6472,16.6504,15.3373,0.0012,-1.0000
16.6686,1.0000,318.4037,1.2649,0.2752,16.6626,16.6659,15.4488,0.0012,-1.0000
16.6661,1.0000,318.4203,1.3098,0.3149,16.6706,16.6579,15.1802,0.0012,-1.0000
16.6639,1.0000,318.4369,1.8424,0.2734,16.6671,16.6453,15.4404,0.0010,-1.0000
16.6679,1.0000,318.4535,1.3121,0.2551,16.6585,16.6671,15.6002,0.0009,-1.0000
16.6695,1.0000,318.4703,1.2156,0.3105,16.6745,16.6660,15.6239,0.0012,-1.0000
16.6657,1.0000,318.4869,1.4758,0.2923,16.6658,16.6557,15.0982,0.0012,-1.0000
16.6669,1.0000,318.5037,1.2039,0.2583,16.6525,16.6569,15.4597,0.0011,-1.0000
16.6672,1.0000,318.5203,1.0659,0.2466,16.6740,16.6622,15.3551,0.0012,-1.0000
16.6666,1.0000,318.5369,1.0409,0.3403,16.6744,16.6545,15.3187,0.0013,-1.0000
16.6655,1.0000,318.5535,1.5563,0.2797,16.6652,16.6565,15.4812,0.0013,-1.0000
16.6704,1.0000,318.5704,1.1958,0.2955,16.6651,16.6681,15.5525,0.0010,-1.0000
16.6631,1.0000,318.5869,1.3057,0.3109,16.6707,16.6464,14.8869,0.0018,-1.0000
16.6686,1.0000,318.6036,1.3342,0.2685,16.6634,16.6629,15.5076,0.0011,-1.0000
16.6681,1.0000,318.6204,1.1739,0.2505,16.6644,16.6613,15.4614,0.0011,-1.0000
16.6656,1.0000,318.6369,1.1143,0.3889,16.6779,16.6520,15.1506,0.0016,-1.0000
16.6654,1.0000,318.6538,1.7577,0.2562,16.6560,16.6536,15.3856,0.0013,-1.0000
16.6687,1.0000,318.6703,1.1540,0.2725,16.6712,16.6664,14.9730,0.0012,-1.0000
16.6657,1.0000,318.6870,1.1988,0.3498,16.6716,16.6537,15.0571,0.0013,-1.0000
16.6678,1.0000,318.7037,1.4998,0.2534,16.6615,16.6606,15.4245,0.0012,-1.0000
16.6674,1.0000,318.7208,1.2666,0.2658,16.6609,16.6640,15.2856,0.0012,-1.0000
16.6645,1.0000,318.7370,1.6922,0.3810,16.6749,16.6452,14.7948,0.0015,-1.0000
16.6672,1.0000,318.7535,1.5952,0.2985,16.6634,16.6586,15.3163,0.0011,-1.0000
16.6702,1.0000,318.7705,1.2348,0.3263,16.6692,16.6731,15.4910,0.0011,-1.0000
16.6627,1.0000,318.7869,1.3774,0.3207,16.6749,16.6365,15.0904,0.0015,-1.0000
16.6676,1.0000,318.8036,1.8493,0.2935,16.6545,16.6617,15.4268,0.0011,-1.0000
16.6679,1.0000,318.8204,1.3411,0.2499,16.6673,16.6629,15.2233,0.0013,-1.0000
16.6657,1.0000,318.8369,1.1807,0.2933,16.6843,16.6515,15.1469,0.0012,-1.0000
16.6673,1.0000,318.8536,1.5445,0.2810,16.6470,16.6653,15.4429,0.0011,-1.0000
16.6676,1.0000,318.8704,1.2337,0.3302,16.6697,16.6590,15.2045,0.0012,-1.0000
16.6637,1.0000,318.8869,1.4385,0.2860,16.6717,16.6435,15.1695,0.0011,-1.0000
16.6685,1.0000,318.9038,1.5033,0.2998,16.6599,16.6669,15.4278,0.0013,-1.0000
16.6675,1.0000,318.9203,1.2211,0.3103,16.6742,16.6536,15.0988,0.0013,-1.0000
16.6655,1.0000,318.9370,1.4532,0.2588,16.6703,16.6551,15.5267,0.0011,-1.0000
16.6674,1.0000,318.9536,1.4728,0.2564,16.6527,16.6656,15.3122,0.0013,-1.0000
16.6682,1.0000,318.9703,1.2379,0.3801,16.6770,16.6572,15.3786,0.0012,-1.0000
16.6639,1.0000,318.9869,1.5534,0.2579,16.6636,16.6471,15.4228,0.0014,-1.0000
16.6677,1.0000,319.0039,1.1271,0.2888,16.6627,16.6649,15.4232,0.0013,-1.0000
16.6692,1.0000,319.0204,1.3520,0.3453,16.6746,16.6670,15.0419,0.0014,-1.0000
16.6648,1.0000,319.0370,1.2771,0.2601,16.6673,16.6453,15.2064,0.0014,-1.0000
16.6684,1.0000,319.0536,1.2230,0.2662,16.6551,16.6667,15.3858,0.0011,-1.0000
16.6659,1.0000,319.0704,1.2401,0.2829,16.6718,16.6526,15.2300,0.0016,-1.0000
16.6646,1.0000,319.0869,1.6233,0.3126,16.6777,16.6472,15.2322,0.0014,-1.0000
16.6676,1.0000,319.1036,1.4375,0.2707,16.6543,16.6666,15.5119,0.0009,-1.0000
16.6683,1.0000,319.1205,1.2797,0.2725,16.6775,16.6635,15.2191,0.0012,-1.0000
16.6646,1.0000,319.1369,1.4207,0.2640,16.6623,16.6477,14.6124,0.0016,-1.0000
16.6691,1.0000,319.1536,1.4136,0.2395,16.6548,16.6661,15.4581,0.0013,-1.0000
16.6658,1.0000,319.1703,1.1537,0.3586,16.6742,16.6533,15.3298,0.0014,-1.0000
16.6671,1.0000,319.1870,1.4430,0.3268,16.6736,16.6583,15.2681,0.0012,-1.0000
16.6677,1.0000,319.2037,2.0337,0.2545,16.6565,16.6594,15.4997,0.0011,-1.0000
16.6671,1.0000,319.2204,1.2068,0.2767,16.6760,16.6537,15.3633,0.0012,-1.0000
16.6660,1.0000,319.2370,1.3220,0.2982,16.6620,16.6505,15.2475,0.0013,-1.0000
16.6665,1.0000,319.2535,1.3889,0.2585,16.6672,16.6601,15.3571,0.0013,-1.0000
16.6672,1.0000,319.2703,1.1582,0.3100,16.6757,16.6587,15.5678,0.0010,-1.0000
16.6661,1.0000,319.2870,1.2887,0.3486,16.6640,16.6544,15.1992,0.0011,-1.0000
16.6645,1.0000,319.3036,1.4012,0.2527,16.6603,16.6483,15.4288,0.0014,-1.0000
16.6700,1.0000,319.3204,1.3017,0.2889,16.6689,16.6730,15.4861,0.0015,-1.0000
16.6654,1.0000,319.3370,1.0896,0.3542,16.6678,16.6531,15.1138,0.0017,-1.0000
16.6658,1.0000,319.3535,1.4540,0.2816,16.6633,16.6542,15.3563,0.0012,-1.0000
16.6689,1.0000,319.3704,1.2178,0.2394,16.6564,16.6670,15.5766,0.0011,-1.0000
16.6669,1.0000,319.3870,1.1850,0.2665,16.6817,16.6541,15.1595,0.0016,-1.0000
16.6645,1.0000,319.4037,1.5377,0.2931,16.6628,16.6465,15.4318,0.0010,-1.0000
16.6685,1.0000,319.4203,1.2966,0.2725,16.6619,16.6683,15.4112,0.0013,-1.0000
16.6667,1.0000,319.4370,1.0892,0.3556,16.6773,16.6574,15.0619,0.0013,-1.0000
16.6665,1.0000,319.4535,1.4929,0.3112,16.6644,16.6582,15.4223,0.0014,-1.0000
16.6680,1.0000,319.4703,1.2137,0.2956,16.6544,16.6612,15.5298,0.0010,-1.0000
16.6651,1.0000,319.4870,1.2559,0.3438,16.6763,16.6541,15.1410,0.0012,-1.0000
16.6662,1.0000,319.5036,1.5941,0.2804,16.6671,16.6558,15.3763,0.0012,-1.0000
16.6687,1.0000,319.5203,1.2345,0.3133,16.6661,16.6655,15.4761,0.0011,-1.0000
16.6656,1.0000,319.5370,1.1302,0.3038,16.6696,16.6503,15.3249,0.0015,-1.0000
16.6666,1.0000,319.5535,1.5116,0.2685,16.6624,16.6609,15.3505,0.0012,-1.0000
16.6682,1.0000,319.5704,1.2781,0.2588,16.6642,16.6603,15.4612,0.0013,-1.0000
16.6653,1.0000,319.5870,1.1883,0.3247,16.6756,16.6561,15.1271,0.0015,-1.0000
16.6670,1.0000,319.6037,1.3236,0.2890,16.6589,16.6562,15.3029,0.0011,-1.0000
16.6691,1.0000,319.6207,1.3092,0.3013,16.6694,16.6614,15.3944,0.0011,-1.0000
16.6623,1.0000,319.6369,1.1974,0.5266,16.6695,16.6429,14.9548,0.0013,-1.0000
16.6689,1.0000,319.6536,1.5274,0.3120,16.6670,16.6684,15.6108,0.0013,-1.0000
16.6690,1.0000,319.6704,1.3521,0.2790,16.6657,16.6677,15.4152,0.0012,-1.0000
16.6631,1.0000,319.6870,1.2654,0.2880,16.6710,16.6408,15.2346,0.0013,-1.0000
16.6682,1.0000,319.7036,1.6867,0.2474,16.6515,16.6662,15.4080,0.0011,-1.0000
16.6680,1.0000,319.7203,1.0560,0.2580,16.6749,16.6605,14.7763,0.0012,-1.0000
16.6627,1.0000,319.7369,1.2508,0.2823,16.6784,16.6429,15.3970,0.0011,-1.0000
16.6702,1.0000,319.7536,1.4048,0.3045,16.6499,16.6741,15.3873,0.0012,-1.0000
16.6670,1.0000,319.7703,1.2567,0.3024,16.6737,16.6540,15.2064,0.0014,-1.0000
16.6657,1.0000,319.7870,1.8829,0.2607,16.6706,16.6552,15.2535,0.0014,-1.0000
16.6677,1.0000,319.8036,1.2449,0.2467,16.6515,16.6611,15.4985,0.0012,-1.0000
16.6664,1.0000,319.8203,1.2854,0.3755,16.6815,16.6601,15.4239,0.0011,-1.0000
16.6667,1.0000,319.8369,1.4463,0.2801,16.6630,16.6546,15.0750,0.0014,-1.0000
16.6674,1.0000,319.8535,1.4004,0.2556,16.6632,16.6610,15.4660,0.0011,-1.0000
16.6687,1.0000,319.8705,1.1614,0.3286,16.6692,16.6664,15.5482,0.0010,-1.0000
16.6629,1.0000,319.8869,1.2351,0.3636,16.6694,16.6448,15.0519,0.0018,-1.0000
16.6683,1.0000,319.9037,1.5780,0.2671,16.6629,16.6673,15.4612,0.0012,-1.0000
16.6675,1.0000,319.9204,1.1935,0.2476,16.6689,16.6577,15.3209,0.0012,-1.0000
16.6651,1.0000,319.9370,1.1170,0.3350,16.6758,16.6528,15.2392,0.0012,-1.0000
16.6676,1.0000,319.9536,1.5911,0.2618,16.6529,16.6608,15.4849,0.0012,-1.0000
16.6977,1.0000,319.9703,1.2049,0.3087,16.6745,16.6917,15.0029,0.0018,-1.0000
16.6345,1.0000,319.9869,1.3354,0.5729,16.6663,16.6221,15.2509,0.0012,-1.0000
16.6690,1.0000,320.0037,1.4124,0.2829,16.6615,16.6667,15.4511,0.0011,-1.0000
16.6672,1.0000,320.0203,1.1746,0.4183,16.6688,16.6571,15.2243,0.0013,-1.0000
16.6628,1.0000,320.0369,1.6871,0.2893,16.7008,16.6438,15.4819,0.0010,-1.0000
16.6691,1.0000,320.0536,1.3700,0.2615,16.6297,16.6720,15.6108,0.0011,-1.0000
16.6685,1.0000,320.0703,1.2146,0.4441,16.6744,16.6593,15.2358,0.0012,-1.0000
16.6643,1.0000,320.0869,1.4312,0.2737,16.6669,16.6517,15.4098,0.0011,-1.0000
16.6688,1.0000,320.1038,1.1611,0.2590,16.6515,16.6702,15.5581,0.0008,-1.0000
16.6671,1.0000,320.1203,1.0598,0.2712,16.6794,16.6512,14.9914,0.0016,-1.0000
16.6631,1.0000,320.1369,1.4219,0.2556,16.6675,16.6478,15.4437,0.0011,-1.0000
16.6703,1.0000,320.1537,1.2408,0.2586,16.6598,16.6739,15.5984,0.0009,-1.0000
16.6672,1.0000,320.1703,1.1111,0.2612,16.6807,16.6561,15.3239,0.0017,-1.0000
16.6645,1.0000,320.1870,1.6579,0.2968,16.6602,16.6510,15.4832,0.0012,-1.0000
16.6686,1.0000,320.2038,1.2031,0.2596,16.6548,16.6679,15.4029,0.0014,-1.0000
16.6671,1.0000,320.2203,1.0744,0.3015,16.6819,16.6491,14.8014,0.0019,-1.0000
16.6639,1.0000,320.2369,1.3301,0.2512,16.6654,16.6497,15.4843,0.0009,-1.0000
16.6682,1.0000,320.2535,1.1668,0.2459,16.6600,16.6641,15.4874,0.0011,-1.0000
16.6688,1.0000,320.2704,1.2636,0.3616,16.6793,16.6647,15.3984,0.0010,-1.0000
16.6656,1.0000,320.2870,1.8456,0.2566,16.6588,16.6511,15.3637,0.0011,-1.0000
16.6676,1.0000,320.3038,1.1643,0.2517,16.6581,16.6611,15.4445,0.0010,-1.0000
16.6668,1.0000,320.3204,1.1754,0.3362,16.6719,16.6637,14.9592,0.0012,-1.0000
16.6655,1.0000,320.3369,1.2649,0.2803,16.6747,16.6480,15.2109,0.0012,-1.0000
16.6679,1.0000,320.3536,1.2861,0.2586,16.6605,16.6639,15.4621,0.0011,-1.0000
16.6671,1.0000,320.3703,1.2155,0.3524,16.6690,16.6568,15.0659,0.0013,-1.0000
16.6656,1.0000,320.3870,1.7032,0.2951,16.6727,16.6506,15.4040,0.0012,-1.0000
16.6683,1.0000,320.4037,1.4361,0.2545,16.6581,16.6688,15.3058,0.0013,-1.0000
16.6664,1.0000,320.4203,1.2005,0.2955,16.6736,16.6541,15.1916,0.0016,-1.0000
16.6656,1.0000,320.4370,1.5894,0.2772,16.6659,16.6488,15.3699,0.0012,-1.0000
16.6672,1.0000,320.4536,1.2455,0.2997,16.6606,16.6652,15.3950,0.0012,-1.0000
16.6688,1.0000,320.4705,1.3614,0.3190,16.6781,16.6628,15.4738,0.0014,-1.0000
16.6658,1.0000,320.4871,1.4609,0.3078,16.6644,16.6480,15.0619,0.0014,-1.0000
16.6664,1.0000,320.5038,1.2777,0.2641,16.6574,16.6609,15.2590,0.0014,-1.0000
16.6664,1.0000,320.5204,1.2688,0.3234,16.6730,16.6523,15.0405,0.0015,-1.0000
16.6668,1.0000,320.5370,1.1870,0.5133,16.6728,16.6578,15.3914,0.0012,-1.0000
16.6672,1.0000,320.5536,1.5847,0.2984,16.6590,16.6594,15.4222,0.0012,-1.0000
16.6660,1.0000,320.5703,1.4003,0.3085,16.6711,16.6550,15.4270,0.0013,-1.0000
16.6658,1.0000,320.5869,1.6101,0.2574,16.6611,16.6519,15.3816,0.0011,-1.0000
16.6685,1.0000,320.6037,1.2652,0.2826,16.6670,16.6697,15.2457,0.0010,-1.0000
16.6670,1.0000,320.6203,1.2361,0.3223,16.6689,16.6558,15.2529,0.0012,-1.0000
16.6662,1.0000,320.6370,1.2266,0.2449,16.6648,16.6562,15.4157,0.0015,-1.0000
16.6665,1.0000,320.6539,1.2691,0.3362,16.6599,16.6542,15.4172,0.0011,-1.0000
16.6671,1.0000,320.6703,1.4227,0.2890,16.6783,16.6608,15.1383,0.0014,-1.0000
16.6654,1.0000,320.6870,1.4015,0.2603,16.6650,16.6527,15.4347,0.0008,-1.0000
16.6682,1.0000,320.7037,1.2393,0.2620,16.6670,16.6652,15.4749,0.0011,-1.0000
16.6664,1.0000,320.7203,1.2354,0.3150,16.6623,16.6513,15.2542,0.0008,-1.0000
16.6656,1.0000,320.7370,1.5208,0.2729,16.6696,16.6550,15.4083,0.0009,-1.0000
16.6680,1.0000,320.7535,1.2171,0.2741,16.6610,16.6639,15.2917,0.0016,-1.0000
16.6664,1.0000,320.7703,1.1891,0.2734,16.6764,16.6553,15.3804,0.0014,-1.0000
16.6634,1.0000,320.7869,1.3961,0.2960,16.6603,16.6478,15.3745,0.0013,-1.0000
16.6688,1.0000,320.8036,1.2459,0.3006,16.6629,16.6728,15.6768,0.0010,-1.0000
16.6704,1.0000,320.8205,1.3705,0.2741,16.6726,16.6652,15.2871,0.0012,-1.0000
16.6627,1.0000,320.8369,1.2733,0.2650,16.6636,16.6414,15.0769,0.0014,-1.0000
16.6685,1.0000,320.8535,1.2721,0.2171,16.6546,16.6679,15.5311,0.0012,-1.0000
16.6669,1.0000,320.8703,0.9949,0.2963,16.6803,16.6584,15.4241,0.0011,-1.0000
16.6635,1.0000,320.8869,1.3765,0.2734,16.6745,16.6450,15.3898,0.0011,-1.0000
16.6702,1.0000,320.9037,1.5630,0.2604,16.6510,16.6732,15.6157,0.0011,-1.0000
16.6670,1.0000,320.9204,1.1355,0.2885,16.6763,16.6627,15.2232,0.0014,-1.0000
16.6644,1.0000,320.9369,1.2333,0.2776,16.6677,16.6435,15.2489,0.0014,-1.0000
16.6689,1.0000,320.9536,1.2542,0.2540,16.6523,16.6662,15.4709,0.0011,-1.0000
16.6671,1.0000,320.9704,1.0562,0.3086,16.6804,16.6554,15.3949,0.0010,-1.0000
16.6644,1.0000,320.9870,1.4378,0.2578,16.6746,16.6509,14.9859,0.0015,-1.0000
16.6663,1.0000,321.0036,1.3931,0.3032,16.6530,16.6545,15.4130,0.0015,-1.0000
16.6703,1.0000,321.0204,1.1937,0.2743,16.6765,16.6705,14.6061,0.0011,-1.0000
16.6635,1.0000,321.0370,1.2592,0.3455,16.6647,16.6496,15.3444,0.0014,-1.0000
16.6690,1.0000,321.0536,1.6636,0.2525,16.6601,16.6628,15.4632,0.0013,-1.0000
16.6668,1.0000,321.0703,1.2399,0.3256,16.6625,16.6582,15.1601,0.0012,-1.0000
16.6638,1.0000,321.0869,2.0630,0.2992,16.6779,16.6497,15.3045,0.0014,-1.0000
16.6668,1.0000,321.1036,1.3035,0.2854,16.6589,16.6620,15.5308,0.0011,-1.0000
16.6705,1.0000,321.1203,1.1982,0.3505,16.6722,16.6678,15.2037,0.0012,-1.0000
16.6643,1.0000,321.1369,1.4966,0.2879,16.6661,16.6521,15.4579,0.0012,-1.0000
16.6684,1.0000,321.1536,1.3439,0.2533,16.6571,16.6649,15.4299,0.0011,-1.0000
16.6669,1.0000,321.1703,1.1301,0.3018,16.6689,16.6587,15.0814,0.0013,-1.0000
16.6645,1.0000,321.1869,1.4627,0.2901,16.6753,16.6495,15.5124,0.0011,-1.0000
16.6685,1.0000,321.2036,1.1934,0.3089,16.6598,16.6695,15.5531,0.0010,-1.0000
16.6666,1.0000,321.2203,1.2339,0.3441,16.6727,16.6529,14.8579,0.0014,-1.0000
16.6673,1.0000,321.2370,1.5759,0.2656,16.6678,16.6588,15.4777,0.0010,-1.0000
16.6664,1.0000,321.2535,1.1360,0.2609,16.6571,16.6572,15.3954,0.0010,-1.0000
16.6671,1.0000,321.2703,1.1152,0.2795,16.6791,16.6599,15.4745,0.0011,-1.0000
16.6657,1.0000,321.2869,1.7935,0.2740,16.6618,16.6548,15.4559,0.0012,-1.0000
16.6666,1.0000,321.3037,1.1799,0.2620,16.6688,16.6603,15.5049,0.0014,-1.0000
16.6672,1.0000,321.3203,1.2606,0.2682,16.6662,16.6560,15.3608,0.0014,-1.0000
16.6672,1.0000,321.3369,1.1842,0.3279,16.6687,16.6596,15.3605,0.0013,-1.0000
16.6673,1.0000,321.3536,1.1976,0.3293,16.6625,16.6645,15.4062,0.0013,-1.0000
16.6669,1.0000,321.3703,1.1538,0.2853,16.6691,16.6528,15.4098,0.0011,-1.0000
16.6661,1.0000,321.3869,1.2937,0.2553,16.6640,16.6563,15.4524,0.0009,-1.0000
16.7006,1.0000,321.4037,1.2977,0.2687,16.6678,16.6926,15.5015,0.0012,-1.0000
16.6671,1.0000,321.4203,1.2570,0.2760,16.6734,16.6593,14.9683,0.0014,-1.0000
16.6663,1.0000,321.4370,1.2417,0.2965,16.6622,16.6554,15.4344,0.0010,-1.0000
16.6699,1.0000,321.4536,1.2031,0.2732,16.6657,16.6665,15.4327,0.0011,-1.0000
16.6646,1.0000,321.4703,1.1899,0.2861,16.7009,16.6525,15.4698,0.0011,-1.0000
16.6670,1.0000,321.4870,1.6897,0.2608,16.6672,16.6576,15.4257,0.0013,-1.0000
16.6652,1.0000,321.5037,1.2202,0.2536,16.6634,16.6549,15.3404,0.0014,-1.0000
16.6683,1.0000,321.5203,1.2326,0.2581,16.6760,16.7174,15.3329,0.0012,-1.0000
16.6639,1.0000,321.5369,1.1816,0.2705,16.6616,16.5917,15.4414,0.0011,-1.0000
16.6713,1.0000,321.5537,1.2304,0.2675,16.6664,16.6781,15.6450,0.0011,-1.0000
16.6654,1.0000,321.5703,1.3135,0.2547,16.6630,16.6502,15.3381,0.0011,-1.0000
16.6653,1.0000,321.5869,1.3833,0.2669,16.7255,16.6562,15.3455,0.0012,-1.0000
16.6688,1.0000,321.6038,1.1492,0.2466,16.5983,16.6657,15.5637,0.0010,-1.0000
16.6665,1.0000,321.6203,1.0317,0.3785,16.6873,16.6499,15.1475,0.0012,-1.0000
16.6643,1.0000,321.6369,1.3108,0.2976,16.6598,16.6523,15.4929,0.0010,-1.0000
16.6693,1.0000,321.6536,1.3092,0.2970,16.6649,16.6691,15.5578,0.0011,-1.0000
16.6670,1.0000,321.6703,1.1010,0.2681,16.6764,16.6563,15.4010,0.0013,-1.0000
16.6650,1.0000,321.6870,1.5009,0.3248,16.6588,16.6517,15.3896,0.0012,-1.0000
16.6685,1.0000,321.7037,1.1585,0.2606,16.6592,16.6702,15.5337,0.0010,-1.0000
16.6677,1.0000,321.7204,1.1098,0.3494,16.6775,16.6589,15.1528,0.0016,-1.0000
16.6633,1.0000,321.7370,1.2536,0.3190,16.6642,16.6397,15.3405,0.0012,-1.0000
16.6689,1.0000,321.7537,1.2610,0.2955,16.6600,16.6705,15.4838,0.0012,-1.0000
16.6675,1.0000,321.7703,1.1354,0.3184,16.6801,16.6577,15.2698,0.0013,-1.0000
16.6634,1.0000,321.7869,1.5041,0.2617,16.6706,16.6463,15.3958,0.0012,-1.0000
16.6696,1.0000,321.8037,1.2980,0.2665,16.6477,16.6690,15.6147,0.0010,-1.0000
16.6677,1.0000,321.8204,1.1853,0.3158,16.6792,16.6688,15.3401,0.0011,-1.0000
16.6648,1.0000,321.8370,1.3861,0.2823,16.6663,16.6437,14.8316,0.0016,-1.0000
16.6661,1.0000,321.8535,1.2494,0.3078,16.6538,16.6575,15.4734,0.0014,-1.0000
16.6689,1.0000,321.8703,1.0533,0.2739,16.6762,16.6669,15.5552,0.0011,-1.0000
16.6659,1.0000,321.8870,1.3271,0.3634,16.6771,16.6552,15.4199,0.0011,-1.0000
16.6667,1.0000,321.9037,1.8105,0.2745,16.6524,16.6588,15.3991,0.0011,-1.0000
16.6676,1.0000,321.9204,1.1826,0.2526,16.6646,16.6608,15.2360,0.0013,-1.0000
16.6656,1.0000,321.9370,1.1104,0.3219,16.6753,16.6524,15.2499,0.0015,-1.0000
16.6669,1.0000,321.9536,1.2339,0.2817,16.6645,16.6594,15.5123,0.0012,-1.0000
16.6686,1.0000,321.9704,1.2586,0.3441,16.6671,16.6669,15.3075,0.0011,-1.0000
16.6652,1.0000,321.9870,1.4231,0.4431,16.6697,16.6473,15.1299,0.0013,-1.0000
16.6693,1.0000,322.0038,1.4007,0.2798,16.6620,16.6635,15.3599,0.0015,-1.0000
16.6683,1.0000,322.0206,1.1453,0.3629,16.6668,16.6651,15.1293,0.0011,-1.0000
16.6613,1.0000,322.0370,1.3580,0.3724,16.6773,16.6373,15.0699,0.0012,-1.0000
16.6688,1.0000,322.0536,1.5161,0.2634,16.6567,16.6657,15.5186,0.0012,-1.0000
16.6666,1.0000,322.0703,1.3003,0.3349,16.6733,16.6527,15.4692,0.0010,-1.0000
16.6671,1.0000,322.0870,1.5342,0.2840,16.6761,16.6594,15.4322,0.0013,-1.0000
16.6661,1.0000,322.1038,1.5661,0.2949,16.6467,16.6551,15.3324,0.0012,-1.0000
16.6675,1.0000,322.1203,1.1458,0.3057,16.6758,16.6599,15.1818,0.0013,-1.0000
16.6657,1.0000,322.1370,1.1821,0.2628,16.6634,16.6523,15.3628,0.0011,-1.0000
16.6642,1.0000,322.1535,1.2257,0.3087,16.6695,16.6504,15.5376,0.0010,-1.0000
16.6703,1.0000,322.1703,1.3216,0.2936,16.6648,16.6746,15.6558,0.0011,-1.0000
16.6645,1.0000,322.1870,1.4766,0.3150,16.6692,16.6468,15.4898,0.0010,-1.0000
16.6678,1.0000,322.2036,1.2880,0.2701,16.6622,16.6627,15.4962,0.0012,-1.0000
16.6684,1.0000,322.2203,1.1120,0.2492,16.6572,16.6667,15.3321,0.0012,-1.0000
16.6652,1.0000,322.2371,1.0177,0.2800,16.6828,16.6506,15.4517,0.0011,-1.0000
16.6672,1.0000,322.2536,1.1559,0.2474,16.6555,16.6615,15.2117,0.0014,-1.0000
16.6675,1.0000,322.2704,1.1654,0.3386,16.6701,16.6619,15.5403,0.0012,-1.0000
16.6624,1.0000,322.2869,1.3331,0.3377,16.6759,16.6395,15.1520,0.0013,-1.0000
16.6709,1.0000,322.3036,1.1979,0.3214,16.6593,16.6736,15.7218,0.0009,-1.0000
16.6670,1.0000,322.3204,1.4488,0.2866,16.6701,16.6606,15.4559,0.0011,-1.0000
16.6635,1.0000,322.3369,1.1205,0.2831,16.6715,16.6456,15.1176,0.0018,-1.0000
16.6694,1.0000,322.3536,1.4864,0.2181,16.6462,16.6689,15.5945,0.0010,-1.0000
16.6694,1.0000,322.3705,0.9509,0.2962,16.6810,16.6660,15.5310,0.0011,-1.0000
16.6617,1.0000,322.3869,1.2030,0.2892,16.6703,16.6370,15.2626,0.0013,-1.0000
16.6683,1.0000,322.4037,1.5262,0.2670,16.6531,16.6672,15.5491,0.0014,-1.0000
16.6684,1.0000,322.4203,1.0733,0.3514,16.6765,16.6632,15.1635,0.0015,-1.0000
16.6645,1.0000,322.4370,1.1335,0.2752,16.6765,16.6494,15.4437,0.0011,-1.0000
16.6686,1.0000,322.4536,1.3732,0.2699,16.6458,16.6660,15.4365,0.0012,-1.0000
16.6749,1.0000,322.4704,1.1165,0.3174,16.6747,16.6687,15.4209,0.0012,-1.0000
16.6622,1.0000,322.4869,1.4982,0.2544,16.6727,16.6415,15.3765,0.0012,-1.0000
16.6704,1.0000,322.5038,1.2044,0.2892,16.6571,16.6870,15.5098,0.0011,-1.0000
16.6662,1.0000,322.5203,1.2284,0.2697,16.6744,16.6419,15.1557,0.0019,-1.0000
16.6660,1.0000,322.5370,1.2462,0.2678,16.6779,16.6526,15.4277,0.0014,-1.0000
16.6650,1.0000,322.5535,1.2639,0.2539,16.6483,16.6541,15.4121,0.0011,-1.0000
16.6704,1.0000,322.5706,1.1761,0.2832,16.6978,16.8448,15.5695,0.0013,-1.0000
16.6613,1.0000,322.5869,1.4837,0.2961,16.6520,16.4629,15.0787,0.0011,-1.0000
16.6707,1.0000,322.6037,1.2236,0.2695,16.6613,16.6726,15.6015,0.0010,-1.0000
16.6682,1.0000,322.6203,1.2410,0.2637,16.6609,16.6648,15.2217,0.0011,-1.0000
16.6635,1.0000,322.6370,1.2739,0.2729,16.8543,16.6498,15.4213,0.0012,-1.0000
16.6676,1.0000,322.6536,1.3832,0.2528,16.4712,16.6642,15.4444,0.0012,-1.0000
16.6685,1.0000,322.6703,1.0696,0.3341,16.6791,16.6646,15.4307,0.0012,-1.0000
16.6644,1.0000,322.6870,1.4419,0.2515,16.6722,16.6459,14.6901,0.0014,-1.0000
16.6668,1.0000,322.7036,1.2271,0.3047,16.6578,16.6604,15.5211,0.0011,-1.0000
16.6695,1.0000,322.7205,1.2185,0.2529,16.6711,16.6712,15.5079,0.0010,-1.0000
16.6634,1.0000,322.7370,1.2325,0.3611,16.6748,16.6418,15.1848,0.0015,-1.0000
16.6684,1.0000,322.7536,1.9546,0.2666,16.6544,16.6635,15.4563,0.0010,-1.0000
16.6680,1.0000,322.7706,1.1380,0.2617,16.6672,16.6702,15.3635,0.0011,-1.0000
16.6634,1.0000,322.7870,1.1620,0.2638,16.6813,16.6364,15.0222,0.0015,-1.0000
16.6671,1.0000,322.8037,1.4556,0.3328,16.6516,16.6603,15.5133,0.0015,-1.0000
16.6698,1.0000,322.8203,1.2061,0.3244,16.6711,16.6701,15.0923,0.0010,-1.0000
16.6660,1.0000,322.8370,1.3055,0.3072,16.6820,16.6573,15.4114,0.0013,-1.0000
16.6685,1.0000,322.8536,1.6127,0.2478,16.6454,16.6678,15.4459,0.0009,-1.0000
16.6659,1.0000,322.8704,1.1457,0.3321,16.6666,16.6438,15.4150,0.0010,-1.0000
16.6649,1.0000,322.8870,1.5766,0.2579,16.6772,16.6513,15.3746,0.0012,-1.0000
16.6667,1.0000,322.9037,1.2446,0.2932,16.6659,16.6557,15.4398,0.0013,-1.0000
16.6685,1.0000,322.9204,1.2209,0.2828,16.6826,16.6656,15.2508,0.0014,-1.0000
16.6657,1.0000,322.9370,1.2276,0.3204,16.6557,16.6520,15.3739,0.0012,-1.0000
16.6665,1.0000,322.9536,1.2754,0.2944,16.6606,16.6587,15.4504,0.0010,-1.0000
16.6757,1.0000,322.9704,1.2146,0.3104,16.6639,16.6717,14.2395,0.0012,-1.0000
16.6653,1.0000,322.9871,1.4131,0.2872,16.6738,16.6620,15.1890,0.0012,-1.0000
16.6667,1.0000,323.0037,1.2767,0.2727,16.6611,16.6459,15.3159,0.0013,-1.0000
16.6679,1.0000,323.0205,1.2074,0.4258,16.6661,16.6662,13.9998,0.0014,-1.0000
16.6646,1.0000,323.0370,2.4309,0.3136,16.6808,16.6482,15.2025,0.0011,-1.0000
16.6683,1.0000,323.0536,1.4716,0.2944,16.6725,16.6631,15.3137,0.0012,-1.0000
16.6691,1.0000,323.0704,1.3289,0.2878,16.6534,16.6658,15.2249,0.0012,-1.0000
16.6642,1.0000,323.0870,2.6649,0.2811,16.6763,16.6455,15.2579,0.0012,-1.0000
16.6666,1.0000,323.1037,1.4446,0.3697,16.6561,16.6590,15.4254,0.0011,-1.0000
16.6676,1.0000,323.1205,1.3479,0.4000,16.6718,16.6597,15.3428,0.0011,-1.0000
16.6643,1.0000,323.1370,1.4397,0.2810,16.6762,16.6522,14.9057,0.0022,-1.0000
16.6687,1.0000,323.1536,1.3862,0.2936,16.6555,16.6648,15.4931,0.0013,-1.0000
16.7762,1.0000,323.1708,1.2326,0.3196,16.6682,16.7703,15.6168,0.0011,-1.0000
16.6653,1.0000,323.1871,1.3156,0.3890,16.6674,16.6558,14.9568,0.0013,-1.0000
16.6670,1.0000,323.2038,1.7442,0.2597,16.6593,16.6604,15.4304,0.0014,-1.0000
16.6669,1.0000,323.2205,1.1702,0.2853,16.6721,16.6566,14.9057,0.0012,-1.0000
16.6667,1.0000,323.2372,1.1524,0.3410,16.7788,16.6573,15.2007,0.0012,-1.0000
16.6677,1.0000,323.2538,1.6976,0.2788,16.6644,16.6604,15.3252,0.0014,-1.0000
16.6673,1.0000,323.2706,1.2285,0.3249,16.6689,16.6573,15.1425,0.0013,-1.0000
16.6652,1.0000,323.2871,1.7497,0.3409,16.6656,16.6496,14.9698,0.0013,-1.0000
16.6672,1.0000,323.3044,1.4553,0.3072,16.6662,16.6625,15.4046,0.0013,-1.0000
16.6667,1.0000,323.3205,1.3338,0.3501,16.6703,16.6587,14.1570,0.0013,-1.0000
16.6663,1.0000,323.3371,1.5133,0.5319,16.6683,16.6537,15.2475,0.0014,-1.0000
16.6680,1.0000,323.3537,1.6788,0.2884,16.6589,16.6681,15.2856,0.0012,-1.0000
16.6692,1.0000,323.3706,1.2565,0.2654,16.6708,16.6599,15.4075,0.0011,-1.0000
16.6624,1.0000,323.3871,2.5007,0.3524,16.6677,16.6389,15.1164,0.0015,-1.0000
16.6677,1.0000,323.4038,1.4047,0.2864,16.6618,16.6657,15.4330,0.0012,-1.0000
16.6689,1.0000,323.4205,1.3812,0.2813,16.6782,16.6617,15.2463,0.0013,-1.0000
16.6649,1.0000,323.4371,1.2515,0.3011,16.6699,16.6546,15.2881,0.0011,-1.0000
16.6662,1.0000,323.4537,1.5210,0.2885,16.6485,16.6535,15.3034,0.0012,-1.0000
16.6689,1.0000,323.4705,1.2316,0.3009,16.6726,16.6688,15.5636,0.0010,-1.0000
16.6667,1.0000,323.4872,1.4140,0.3077,16.6704,16.6548,14.9500,0.0016,-1.0000
16.6662,1.0000,323.5038,1.3653,0.2723,16.6650,16.6536,15.4088,0.0011,-1.0000
16.6670,1.0000,323.5205,1.3488,0.3059,16.6616,16.6565,15.2439,0.0011,-1.0000
16.6661,1.0000,323.5371,1.1041,0.3178,16.6784,16.6560,15.3208,0.0014,-1.0000
16.6644,1.0000,323.5536,1.7029,0.2814,16.6659,16.6510,15.4207,0.0011,-1.0000
16.6708,1.0000,323.5707,1.2431,0.2740,16.6635,16.6777,15.6628,0.0012,-1.0000
16.6655,1.0000,323.5871,1.4113,0.2930,16.6646,16.6463,14.2446,0.0015,-1.0000
16.6660,1.0000,323.6038,1.3338,0.2793,16.6645,16.6567,15.2545,0.0012,-1.0000
16.6690,1.0000,323.6205,1.2293,0.2385,16.6580,16.6660,15.3526,0.0013,-1.0000
16.6647,1.0000,323.6371,1.0135,0.3977,16.6883,16.6522,15.2679,0.0011,-1.0000
16.6666,1.0000,323.6537,2.4003,0.3376,16.6563,16.6532,15.4530,0.0010,-1.0000
16.6718,1.0000,323.6706,1.4010,0.3104,16.6649,16.6744,15.4785,0.0013,-1.0000
16.6633,1.0000,323.6873,1.3119,0.3694,16.6747,16.6482,15.0923,0.0013,-1.0000
16.6647,1.0000,323.7038,1.3830,0.2899,16.6607,16.6496,15.0831,0.0013,-1.0000
16.6692,1.0000,323.7206,1.1989,0.2768,16.6610,16.6684,15.4330,0.0014,-1.0000
16.6650,1.0000,323.7372,1.1940,0.3890,16.6836,16.6454,15.0801,0.0014,-1.0000
16.6650,1.0000,323.7537,1.5546,0.2989,16.6604,16.6515,15.4003,0.0013,-1.0000
16.6685,1.0000,323.7704,1.5651,0.3293,16.6586,16.6663,15.5827,0.0007,-1.0000
16.6678,1.0000,323.7871,1.2334,0.4351,16.6803,16.6616,15.3023,0.0011,-1.0000
16.6657,1.0000,323.8038,1.5638,0.2968,16.6560,16.6535,15.4097,0.0012,-1.0000
16.6675,1.0000,323.8206,1.2501,0.2969,16.6588,16.6660,15.3839,0.0011,-1.0000
16.6669,1.0000,323.8371,1.0825,0.3206,16.6737,16.6565,15.0833,0.0013,-1.0000
16.6652,1.0000,323.8537,1.3578,0.2747,16.6700,16.6554,15.3813,0.0012,-1.0000
16.6665,1.0000,323.8706,1.2426,0.2758,16.6616,16.6568,15.4273,0.0008,-1.0000
16.6683,1.0000,323.8871,1.2805,0.3106,16.6742,16.6643,15.2679,0.0011,-1.0000
16.6662,1.0000,323.9038,1.5717,0.4308,16.6649,16.6536,15.3886,0.0015,-1.0000
16.6672,1.0000,323.9205,1.2730,0.2639,16.6651,16.6625,15.3723,0.0012,-1.0000
16.6663,1.0000,323.9371,1.2285,0.2703,16.6641,16.6521,15.2257,0.0013,-1.0000
16.6662,1.0000,323.9537,1.3950,0.3181,16.6723,16.6540,15.4090,0.0013,-1.0000
16.6677,1.0000,323.9705,1.2635,0.3301,16.6624,16.6631,15.5846,0.0012,-1.0000
16.6684,1.0000,323.9873,1.2888,0.3495,16.6728,16.6684,15.1241,0.0015,-1.0000
16.6645,1.0000,324.0038,1.4249,0.2806,16.6613,16.6453,15.2841,0.0015,-1.0000
16.6687,1.0000,324.0205,1.2438,0.2725,16.6617,16.6595,15.3680,0.0011,-1.0000
16.6654,1.0000,324.0371,1.0771,0.3143,16.6709,16.6572,15.3294,0.0013,-1.0000
16.6644,1.0000,324.0536,1.5426,0.2647,16.6798,16.6494,15.4031,0.0012,-1.0000
16.6682,1.0000,324.0705,1.3595,0.3130,16.6559,16.6662,15.5866,0.0010,-1.0000
16.6671,1.0000,324.0871,1.2902,0.3067,16.6683,16.6575,15.3061,0.0012,-1.0000
16.6668,1.0000,324.1038,1.3265,0.3083,16.6662,16.6554,15.4566,0.0012,-1.0000
16.6679,1.0000,324.1205,1.2452,0.2904,16.6567,16.6616,15.4682,0.0010,-1.0000
16.6666,1.0000,324.1371,1.0784,0.3358,16.6764,16.6537,15.3449,0.0011,-1.0000
16.6655,1.0000,324.1537,1.3499,0.2552,16.6670,16.6547,15.3754,0.0016,-1.0000
16.6673,1.0000,324.1706,1.1976,0.2754,16.6646,16.6648,15.4414,0.0011,-1.0000
16.6668,1.0000,324.1871,1.1922,0.2967,16.6726,16.6523,15.1825,0.0013,-1.0000
16.6676,1.0000,324.2038,1.3076,0.3417,16.6627,16.6625,15.4589,0.0010,-1.0000
16.6678,1.0000,324.2205,1.2776,0.2772,16.6623,16.6564,15.3908,0.0011,-1.0000
16.6665,1.0000,324.2372,1.2224,0.3120,16.6746,16.6583,15.3537,0.0012,-1.0000
16.6662,1.0000,324.2537,1.4684,0.2746,16.6598,16.6576,15.3059,0.0011,-1.0000
16.6663,1.0000,324.2705,1.2024,0.2750,16.6721,16.6565,15.3861,0.0013,-1.0000
16.6665,1.0000,324.2871,1.2643,0.3124,16.6664,16.6556,15.2701,0.0011,-1.0000
16.6663,1.0000,324.3038,1.3034,0.3210,16.6671,16.6577,15.3984,0.0013,-1.0000
16.6686,1.0000,324.3206,1.3504,0.3069,16.6656,16.6643,15.4506,0.0011,-1.0000
16.6660,1.0000,324.3371,1.2691,0.2722,16.6662,16.6524,15.1897,0.0011,-1.0000
16.6675,1.0000,324.3537,1.3842,0.2866,16.6631,16.6580,15.3344,0.0012,-1.0000
16.6661,1.0000,324.3705,1.2583,0.2641,16.6673,16.6589,15.5144,0.0009,-1.0000
16.6667,1.0000,324.3871,1.2124,0.3545,16.6742,16.6580,15.1725,0.0010,-1.0000
16.6654,1.0000,324.4038,1.4613,0.2876,16.6620,16.6551,15.4302,0.0011,-1.0000
16.6698,1.0000,324.4206,1.3223,0.3120,16.6670,16.6651,15.2442,0.0012,-1.0000
16.6658,1.0000,324.4371,1.1438,0.3799,16.6672,16.6555,15.1106,0.0015,-1.0000
16.6666,1.0000,324.4537,1.4843,0.3098,16.6668,16.6574,15.3225,0.0015,-1.0000
16.6669,1.0000,324.4705,1.2238,0.3076,16.6624,16.6605,15.4650,0.0014,-1.0000
16.6667,1.0000,324.4872,1.4196,0.3137,16.6737,16.6567,15.2336,0.0010,-1.0000
16.6652,1.0000,324.5038,1.5435,0.2794,16.6643,16.6534,15.2500,0.0014,-1.0000
16.6701,1.0000,324.5206,1.3334,0.3358,16.6666,16.6727,15.4644,0.0011,-1.0000
16.6649,1.0000,324.5371,1.1939,0.3517,16.6691,16.6481,14.9048,0.0015,-1.0000
16.6659,1.0000,324.5537,1.4219,0.2850,16.6650,16.6525,15.4048,0.0011,-1.0000
16.6684,1.0000,324.5705,1.4021,0.2906,16.6609,16.6645,15.5623,0.0009,-1.0000
16.6659,1.0000,324.5872,1.2071,0.3404,16.6828,16.6552,15.2334,0.0013,-1.0000
16.6666,1.0000,324.6038,1.7421,0.2957,16.6588,16.6602,15.3354,0.0013,-1.0000
16.6675,1.0000,324.6207,1.2465,0.3201,16.6604,16.6626,15.3845,0.0012,-1.0000
16.6672,1.0000,324.6372,1.1009,0.3420,16.6726,16.6520,14.9101,0.0014,-1.0000
16.6651,1.0000,324.6537,1.4203,0.2771,16.6641,16.6516,15.2856,0.0013,-1.0000
16.6685,1.0000,324.6705,1.3234,0.2732,16.6692,16.6652,15.4557,0.0012,-1.0000
16.6657,1.0000,324.6871,1.2770,0.3427,16.6728,16.6560,15.3494,0.0012,-1.0000
16.6656,1.0000,324.7038,1.7405,0.3432,16.6615,16.6517,15.4367,0.0011,-1.0000
16.6688,1.0000,324.7206,1.3648,0.2924,16.6598,16.6772,15.4369,0.0010,-1.0000
16.6663,1.0000,324.7372,1.2081,0.3405,16.6733,16.6447,14.9312,0.0014,-1.0000
16.6671,1.0000,324.7537,1.3054,0.2760,16.6650,16.6545,15.2640,0.0013,-1.0000
16.6667,1.0000,324.7705,1.2137,0.2699,16.6591,16.6599,15.5219,0.0010,-1.0000
16.6665,1.0000,324.7871,1.2394,0.3772,16.6883,16.6582,14.9194,0.0011,-1.0000
16.6644,1.0000,324.8038,1.7118,0.2909,16.6563,16.6486,15.4117,0.0013,-1.0000
16.6691,1.0000,324.8205,1.3892,0.2531,16.6637,16.6660,15.5070,0.0010,-1.0000
16.6663,1.0000,324.8371,1.1369,0.3803,16.6683,16.6604,15.1452,0.0027,-1.0000
16.6673,1.0000,324.8538,1.7376,0.3008,16.6667,16.6583,15.4066,0.0012,-1.0000
16.6665,1.0000,324.8706,1.2355,0.2715,16.6565,16.6624,15.3931,0.0012,-1.0000
16.6674,1.0000,324.8871,1.1581,0.3531,16.6743,16.6520,15.0003,0.0014,-1.0000
16.6650,1.0000,324.9038,1.5125,0.2951,16.6688,16.6480,15.3213,0.0013,-1.0000
16.6668,1.0000,324.9205,1.2504,0.2656,16.6677,16.6612,15.4322,0.0013,-1.0000
16.6679,1.0000,324.9382,1.2682,0.3330,16.6737,16.6598,15.2019,0.0012,-1.0000
16.6660,1.0000,324.9537,1.6501,0.3018,16.6623,16.6565,14.0277,0.0012,-1.0000
16.6690,1.0000,324.9708,1.3254,0.2632,16.6562,16.6657,15.4448,0.0011,-1.0000
16.6657,1.0000,324.9872,1.2277,0.3682,16.6706,16.6544,14.5834,0.0014,-1.0000
16.6664,1.0000,325.0038,1.4565,0.6527,16.6681,16.6565,15.3002,0.0012,-1.0000
16.6672,1.0000,325.0205,2.6276,0.3322,16.6644,16.6600,15.3576,0.0010,-1.0000
16.6665,1.0000,325.0372,1.2197,0.4062,16.6744,16.6576,15.2680,0.0012,-1.0000
16.6671,1.0000,325.0537,2.0694,0.3524,16.6627,16.6577,15.3824,0.0011,-1.0000
16.6680,1.0000,325.0706,1.3549,0.6086,16.6649,16.6648,15.4527,0.0010,-1.0000
16.6667,1.0000,325.0872,1.3013,0.3581,16.6687,16.6542,15.2566,0.0018,-1.0000
16.6653,1.0000,325.1039,1.3884,0.3253,16.6661,16.6536,15.3020,0.0014,-1.0000
16.6664,1.0000,325.1205,1.2740,0.3715,16.6662,16.6557,15.3817,0.0013,-1.0000
16.6667,1.0000,325.1371,1.2098,0.5570,16.6746,16.6575,15.0885,0.0013,-1.0000
16.6661,1.0000,325.1537,1.3957,0.3467,16.6649,16.6583,15.3479,0.0011,-1.0000
16.6671,1.0000,325.1706,1.3501,0.3181,16.6632,16.6594,15.4332,0.0011,-1.0000
16.6682,1.0000,325.1871,1.2725,0.3530,16.6649,16.6592,14.3770,0.0013,-1.0000
16.6645,1.0000,325.2043,1.5672,0.3068,16.6660,16.6499,15.3916,0.0012,-1.0000
16.6686,1.0000,325.2206,1.3095,0.3173,16.6667,16.6680,14.6889,0.0013,-1.0000
16.6660,1.0000,325.2372,1.2251,0.3748,16.6688,16.6517,14.5792,0.0011,-1.0000
16.6655,1.0000,325.2538,2.2804,0.3069,16.6694,16.6555,15.2215,0.0012,-1.0000
16.6686,1.0000,325.2706,1.2571,0.4315,16.6578,16.6651,15.4001,0.0011,-1.0000
16.6664,1.0000,325.2872,1.9775,0.4920,16.6765,16.6596,15.1824,0.0017,-1.0000
16.6653,1.0000,325.3038,2.0712,0.5161,16.6599,16.6483,15.3077,0.0012,-1.0000
16.6678,1.0000,325.3206,1.4328,0.3634,16.6631,16.6677,15.3859,0.0013,-1.0000
16.6699,1.0000,325.3372,1.2638,0.3803,16.6736,16.6630,15.1919,0.0012,-1.0000
16.6616,1.0000,325.3537,1.4754,0.4196,16.6688,16.6390,15.1943,0.0018,-1.0000
17.1199,1.0000,325.3717,1.3395,0.3826,16.6560,17.1240,16.0005,0.0009,-1.0000
16.6658,1.0000,325.3876,1.2803,0.3502,16.6762,16.6538,14.4625,0.0015,-1.0000
16.6645,1.0000,325.4043,1.4697,0.3540,16.6739,16.6485,15.3844,0.0013,-1.0000
16.6688,1.0000,325.4210,1.4428,0.3381,16.6474,16.6660,15.2218,0.0014,-1.0000
16.6673,1.0000,325.4376,1.1224,0.3596,17.1331,16.6599,15.0358,0.0013,-1.0000
16.6633,1.0000,325.4542,2.1898,0.3331,16.6631,16.6470,15.3641,0.0013,-1.0000
16.6682,1.0000,325.4710,1.2626,0.3610,16.6566,16.6673,15.5281,0.0014,-1.0000
16.6679,1.0000,325.4877,1.4428,0.4134,16.6739,16.6634,15.0717,0.0014,-1.0000
16.6649,1.0000,325.5043,1.6227,0.3501,16.6683,16.6511,15.1740,0.0012,-1.0000
16.6695,1.0000,325.5211,1.2815,0.3322,16.6542,16.6691,15.3389,0.0016,-1.0000
16.6662,1.0000,325.5377,1.1377,0.3659,16.6737,16.6554,15.1436,0.0013,-1.0000
16.6675,1.0000,325.5543,1.5898,0.3852,16.6713,16.6569,15.1701,0.0010,-1.0000
16.6665,1.0000,325.5710,1.4761,0.3685,16.6605,16.6554,15.3070,0.0011,-1.0000
16.6667,1.0000,325.5877,1.3282,0.3626,16.6773,16.6610,15.2934,0.0011,-1.0000
16.6665,1.0000,325.6044,1.5103,0.3341,16.6655,16.6494,15.0232,0.0013,-1.0000
16.6690,1.0000,325.6211,1.4855,0.3524,16.6669,16.6653,15.1589,0.0013,-1.0000
16.6655,1.0000,325.6379,1.3472,0.3749,16.6664,16.6480,15.0962,0.0013,-1.0000
16.6653,1.0000,325.6543,1.3666,0.3767,16.6739,16.6449,14.1407,0.0014,-1.0000
16.6651,1.0000,325.6710,1.6244,0.4195,16.6596,16.6542,15.3542,0.0011,-1.0000
16.6680,1.0000,325.6876,1.5047,0.3265,16.6787,16.6628,15.3333,0.0013,-1.0000
16.6666,1.0000,325.7043,1.5497,0.4749,16.6624,16.6576,15.2472,0.0011,-1.0000
16.6659,1.0000,325.7210,2.5027,0.3342,16.6559,16.6548,15.3480,0.0013,-1.0000
16.6691,1.0000,325.7377,1.2989,0.3187,16.6625,16.6666,15.3130,0.0012,-1.0000
16.6655,1.0000,325.7542,1.3280,0.3207,16.6703,16.6541,15.2037,0.0014,-1.0000
16.6661,1.0000,325.7710,1.4093,0.3290,16.6652,16.6521,15.4215,0.0012,-1.0000
16.6698,1.0000,325.7877,1.3057,0.3341,16.6635,16.6706,15.1971,0.0013,-1.0000
16.6643,1.0000,325.8043,1.3522,0.3393,16.6768,16.6449,15.2810,0.0013,-1.0000
16.6666,1.0000,325.8210,1.4486,0.3039,16.6633,16.6563,15.4666,0.0012,-1.0000
16.6676,1.0000,325.8376,1.2293,0.3401,16.6611,16.6611,15.3146,0.0011,-1.0000
16.6668,1.0000,325.8542,1.4720,0.3304,16.6823,16.6623,15.2156,0.0013,-1.0000
16.6669,1.0000,325.8710,1.3621,0.3012,16.6543,16.6551,15.3737,0.0012,-1.0000
16.6665,1.0000,325.8877,1.1883,0.2692,16.6648,16.6616,15.3361,0.0012,-1.0000
16.6664,1.0000,325.9044,1.3451,0.3164,16.6695,16.7128,15.1782,0.0015,-1.0000
16.6648,1.0000,325.9210,1.4452,0.3473,16.6717,16.5842,15.2930,0.0012,-1.0000
16.6698,1.0000,325.9377,1.2801,0.2746,16.6655,16.6672,15.3575,0.0012,-1.0000
16.6667,1.0000,325.9542,1.3242,0.3105,16.6741,16.6546,15.2482,0.0014,-1.0000
16.6651,1.0000,325.9710,1.5328,0.3175,16.7224,16.6523,15.3252,0.0013,-1.0000
16.6681,1.0000,325.9876,1.2902,0.2564,16.5921,16.6629,15.3471,0.0011,-1.0000
16.6662,1.0000,326.0043,1.3083,0.2710,16.6800,16.6582,15.3032,0.0013,-1.0000
16.6646,1.0000,326.0209,1.4045,0.3022,16.6642,16.6497,15.3380,0.0011,-1.0000
16.6685,1.0000,326.0377,1.3257,0.3098,16.6611,16.6680,15.4356,0.0012,-1.0000
16.6667,1.0000,326.0542,1.3146,0.3203,16.6715,16.6547,15.2373,0.0013,-1.0000
16.6666,1.0000,326.0710,1.3535,0.2848,16.6677,16.6579,15.3660,0.0013,-1.0000
16.6670,1.0000,326.0876,1.3105,0.2994,16.6579,16.6580,15.3092,0.0013,-1.0000
16.6665,1.0000,326.1043,1.2310,0.2976,16.6765,16.6592,15.3326,0.0011,-1.0000
16.6667,1.0000,326.1209,1.4159,0.3205,16.6634,16.6531,15.3352,0.0012,-1.0000
16.6663,1.0000,326.1376,1.2907,0.3117,16.6660,16.6615,15.3649,0.0011,-1.0000
16.6680,1.0000,326.1542,1.3474,0.3238,16.6670,16.6619,15.3180,0.0012,-1.0000
16.6657,1.0000,326.1710,1.3252,0.2856,16.6678,16.6580,15.4212,0.0011,-1.0000
16.6675,1.0000,326.1877,1.3166,0.3169,16.6610,16.6609,15.2834,0.0012,-1.0000
16.6684,1.0000,326.2043,1.2953,0.3248,16.6692,16.6597,15.1423,0.0012,-1.0000
16.6652,1.0000,326.2210,1.3427,0.2923,16.6696,16.6530,15.3706,0.0012,-1.0000
16.6663,1.0000,326.2377,1.2356,0.2870,16.6659,16.6572,15.2596,0.0013,-1.0000
16.6680,1.0000,326.2542,1.3762,0.3136,16.6697,16.6617,15.1403,0.0014,-1.0000
16.6663,1.0000,326.2710,1.5163,0.3390,16.6686,16.6581,15.4893,0.0011,-1.0000
16.6663,1.0000,326.2876,1.2811,0.2888,16.6623,16.6565,15.2474,0.0012,-1.0000
16.6666,1.0000,326.3043,1.3962,0.2630,16.6652,16.6574,15.2347,0.0013,-1.0000
16.6670,1.0000,326.3210,1.5198,0.2781,16.6692,16.6580,15.2681,0.0012,-1.0000
16.6676,1.0000,326.3383,1.1675,0.2853,16.6692,16.6649,15.2778,0.0013,-1.0000
16.6667,1.0000,326.3542,1.4076,0.2728,16.6645,16.6514,14.4709,0.0015,-1.0000
16.6647,1.0000,326.3709,1.4213,0.3907,16.6659,16.6494,15.3060,0.0012,-1.0000
16.6695,1.0000,326.3877,1.3886,0.2886,16.6673,16.6757,15.4621,0.0011,-1.0000
16.6662,1.0000,326.4043,1.3858,0.4087,16.6750,16.6481,15.1525,0.0014,-1.0000
16.6647,1.0000,326.4211,2.1788,0.3925,16.6609,16.6543,15.2593,0.0015,-1.0000
16.6707,1.0000,326.4377,1.3422,0.4920,16.6568,16.6744,15.0508,0.0012,-1.0000
16.6645,1.0000,326.4542,1.2119,0.3612,16.6854,16.6389,15.2781,0.0013,-1.0000
16.6653,1.0000,326.4709,1.4937,0.3169,16.6570,16.6538,15.3970,0.0012,-1.0000
16.6691,1.0000,326.4877,1.3933,0.3593,16.6641,16.6669,15.3939,0.0012,-1.0000
16.6651,1.0000,326.5047,1.6223,0.3700,16.6864,16.6536,15.1389,0.0014,-1.0000
16.6662,1.0000,326.5209,1.3593,0.3100,16.6490,16.6545,14.8675,0.0011,-1.0000
16.6687,1.0000,326.5377,1.2555,0.3235,16.6604,16.6673,15.3759,0.0014,-1.0000
16.6655,1.0000,326.5541,1.2714,0.4311,16.6767,16.6533,15.2237,0.0011,-1.0000
16.6649,1.0000,326.5709,1.5131,0.3281,16.6627,16.6521,15.5169,0.0012,-1.0000
16.6688,1.0000,326.5877,1.7858,0.3373,16.6630,16.6665,15.2022,0.0010,-1.0000
16.6671,1.0000,326.6043,1.2898,0.3227,16.6756,16.6579,15.1946,0.0013,-1.0000
16.6657,1.0000,326.6210,1.4285,0.3397,16.6618,16.6569,15.3106,0.0014,-1.0000
16.6688,1.0000,326.6377,1.1340,0.3490,16.6590,16.6653,15.1969,0.0012,-1.0000
16.6651,1.0000,326.6542,1.4635,0.4921,16.6742,16.6476,15.0959,0.0013,-1.0000
16.6656,1.0000,326.6709,1.4620,0.3431,16.6660,16.6525,15.4280,0.0011,-1.0000
16.6679,1.0000,326.6877,1.3448,0.3740,16.6658,16.6648,15.3896,0.0011,-1.0000
16.6678,1.0000,326.7043,1.4670,0.3260,16.6761,16.6625,15.1844,0.0013,-1.0000
16.6664,1.0000,326.7210,1.5504,0.3245,16.6574,16.6552,15.4159,0.0013,-1.0000
16.6679,1.0000,326.7377,1.2230,0.2551,16.6606,16.6617,15.3991,0.0012,-1.0000
16.6660,1.0000,326.7542,1.2741,0.3222,16.6724,16.6575,15.1841,0.0012,-1.0000
16.6649,1.0000,326.7709,1.4767,0.2674,16.6709,16.6500,15.4360,0.0012,-1.0000
16.6701,1.0000,326.7876,1.2379,0.2892,16.6639,16.6690,15.4815,0.0012,-1.0000
16.6657,1.0000,326.8043,1.2613,0.2748,16.6706,16.6552,15.1792,0.0011,-1.0000
16.6657,1.0000,326.8209,1.4723,0.3003,16.6663,16.6548,15.4355,0.0014,-1.0000
16.6681,1.0000,326.8376,1.2126,0.2370,16.6573,16.6656,15.4654,0.0013,-1.0000
16.6666,1.0000,326.8541,1.1858,0.3208,16.6781,16.6521,15.2209,0.0011,-1.0000
16.6643,1.0000,326.8709,1.4746,0.2589,16.6640,16.6498,15.5654,0.0011,-1.0000
16.6681,1.0000,326.8877,1.2179,0.2695,16.6630,16.6665,15.5650,0.0009,-1.0000
16.6685,1.0000,326.9043,1.1984,0.2782,16.6747,16.6681,15.2437,0.0014,-1.0000
16.6656,1.0000,326.9209,1.4302,0.2602,16.6608,16.6500,15.3206,0.0011,-1.0000
16.6682,1.0000,326.9376,1.0836,0.2305,16.6574,16.6642,15.3631,0.0013,-1.0000
16.6654,1.0000,326.9541,1.1002,0.2767,16.6738,16.6539,15.2862,0.0014,-1.0000
16.6646,1.0000,326.9709,1.4227,0.2576,16.6760,16.6528,15.4199,0.0012,-1.0000
16.6683,1.0000,326.9876,1.3280,0.2585,16.6584,16.6652,15.5075,0.0012,-1.0000
16.6678,1.0000,327.0043,1.2994,0.3241,16.6730,16.6615,15.2842,0.0012,-1.0000
16.6660,1.0000,327.0210,1.3663,0.2877,16.6619,16.6549,15.3837,0.0013,-1.0000
16.6677,1.0000,327.0377,1.2318,0.2793,16.6605,16.6640,15.3094,0.0014,-1.0000
16.6669,1.0000,327.0541,1.1562,0.2899,16.6729,16.6532,15.2898,0.0011,-1.0000
16.6662,1.0000,327.0710,1.3758,0.2759,16.6693,16.6563,15.4829,0.0013,-1.0000
16.6668,1.0000,327.0877,1.2698,0.2876,16.6650,16.6588,15.3200,0.0012,-1.0000
16.6672,1.0000,327.1042,1.3532,0.2860,16.6728,16.6587,15.2365,0.0014,-1.0000
16.6668,1.0000,327.1209,1.3620,0.3057,16.6621,16.6600,15.3987,0.0010,-1.0000
16.6669,1.0000,327.1376,1.1721,0.3930,16.6648,16.6571,15.4073,0.0013,-1.0000
16.6663,1.0000,327.1542,1.3375,0.3289,16.6675,16.6558,15.3629,0.0012,-1.0000
16.6665,1.0000,327.1710,1.4208,0.2846,16.6664,16.6589,15.4393,0.0012,-1.0000
16.6666,1.0000,327.1876,1.2602,0.2963,16.6697,16.6547,15.4161,0.0012,-1.0000
16.6675,1.0000,327.2043,1.2482,0.3350,16.6668,16.6619,15.3289,0.0015,-1.0000
16.6661,1.0000,327.2209,1.2915,0.2859,16.6647,16.6531,15.3402,0.0014,-1.0000
16.6683,1.0000,327.2377,1.2182,0.2806,16.6676,16.6686,15.4028,0.0010,-1.0000
16.6663,1.0000,327.2542,1.2373,0.3492,16.6633,16.6508,15.2134,0.0016,-1.0000
16.6660,1.0000,327.2710,1.3314,0.3067,16.6706,16.6594,15.4915,0.0010,-1.0000
16.6670,1.0000,327.2876,1.3115,0.2704,16.6618,16.6549,15.3751,0.0012,-1.0000
16.6674,1.0000,327.3043,1.2646,0.3250,16.6783,16.6593,15.2340,0.0013,-1.0000
16.6653,1.0000,327.3210,1.4356,0.3350,16.6598,16.6534,15.3786,0.0011,-1.0000
17.0321,1.0000,327.3382,1.1671,0.2838,16.6704,17.0292,15.5123,0.0013,-1.0000
16.6659,1.0000,327.3549,1.2783,0.3106,16.6642,16.6500,14.1289,0.0015,-1.0000
16.6666,1.0000,327.3712,1.4239,0.2760,16.6679,16.6580,14.9906,0.0014,-1.0000
16.6665,1.0000,327.3880,1.2737,0.2672,16.6624,16.6588,15.3066,0.0013,-1.0000
16.6665,1.0000,327.4046,1.5154,0.3658,17.0400,16.6539,15.2642,0.0012,-1.0000
16.6667,1.0000,327.4213,2.5193,0.4440,16.6598,16.6574,15.3770,0.0011,-1.0000
16.6692,1.0000,327.4382,1.6661,0.3678,16.6673,16.6701,15.3545,0.0014,-1.0000
16.6657,1.0000,327.4548,1.3506,0.3037,16.6674,16.6539,15.0537,0.0011,-1.0000
16.6660,1.0000,327.4712,1.3884,0.3299,16.6622,16.6484,15.2866,0.0011,-1.0000
16.6661,1.0000,327.4880,1.2788,0.3097,16.6646,16.6606,15.3081,0.0012,-1.0000
16.6671,1.0000,327.5047,1.3141,0.4343,16.6806,16.6566,15.2587,0.0010,-1.0000
16.6657,1.0000,327.5213,1.5988,0.2997,16.6656,16.6502,14.9730,0.0013,-1.0000
16.6675,1.0000,327.5381,1.3607,0.3364,16.6582,16.6752,15.4671,0.0010,-1.0000
16.6681,1.0000,327.5547,1.3512,0.3350,16.6703,16.6479,15.2732,0.0013,-1.0000
16.6648,1.0000,327.5712,1.3967,0.5774,16.6665,16.6520,14.8830,0.0014,-1.0000
16.6671,1.0000,327.5880,1.6759,0.3094,16.6593,16.6588,15.4670,0.0013,-1.0000
16.6681,1.0000,327.6046,1.2072,0.2603,16.6841,16.6629,15.4062,0.0013,-1.0000
16.6659,1.0000,327.6213,1.3731,0.3368,16.6562,16.6563,15.3005,0.0015,-1.0000
16.6658,1.0000,327.6379,1.7675,0.2654,16.6599,16.6533,15.4078,0.0011,-1.0000
16.6684,1.0000,327.6546,1.1906,0.3279,16.6672,16.6674,15.5381,0.0012,-1.0000
16.6666,1.0000,327.6712,1.2553,0.2876,16.6712,16.6569,15.3085,0.0010,-1.0000
16.6659,1.0000,327.6880,1.3542,0.2619,16.6649,16.6575,15.5362,0.0012,-1.0000
16.6685,1.0000,327.7047,1.2444,0.2656,16.6607,16.6623,15.4295,0.0013,-1.0000
16.6654,1.0000,327.7213,1.1278,0.3029,16.6749,16.6516,15.2861,0.0013,-1.0000
16.6657,1.0000,327.7380,1.3475,0.2769,16.6657,16.6559,15.3205,0.0014,-1.0000
16.6698,1.0000,327.7547,1.1201,0.2914,16.6655,16.6668,15.3777,0.0010,-1.0000
16.6650,1.0000,327.7712,1.2314,0.3773,16.6723,16.6511,15.2882,0.0012,-1.0000
16.6664,1.0000,327.7880,1.3641,0.3178,16.6605,16.6575,15.5300,0.0012,-1.0000
16.6670,1.0000,327.8047,1.3340,0.2703,16.6651,16.6574,15.2750,0.0015,-1.0000
16.6669,1.0000,327.8213,1.2879,0.3838,16.6763,16.6573,15.0939,0.0015,-1.0000
16.6655,1.0000,327.8380,1.3616,0.2964,16.6610,16.6530,15.4065,0.0012,-1.0000
16.6692,1.0000,327.8547,1.1260,0.2839,16.6669,16.6701,15.3538,0.0010,-1.0000
16.6647,1.0000,327.8712,1.3809,0.3644,16.6672,16.6511,15.3124,0.0010,-1.0000
16.6677,1.0000,327.8880,1.5617,0.2839,16.6655,16.6606,15.4935,0.0013,-1.0000
16.6668,1.0000,327.9047,1.2454,0.2833,16.6602,16.6617,15.0704,0.0014,-1.0000
16.6674,1.0000,327.9213,1.3150,0.2851,16.6791,16.6600,15.2683,0.0013,-1.0000
16.6662,1.0000,327.9380,1.3375,0.2806,16.6594,16.6531,15.3992,0.0013,-1.0000
16.6677,1.0000,327.9546,1.1657,0.4177,16.6685,16.6580,15.3068,0.0012,-1.0000
16.6665,1.0000,327.9720,1.5899,0.2898,16.6708,16.6616,15.4427,0.0012,-1.0000
16.6682,1.0000,327.9881,1.3903,0.2824,16.6695,16.6558,14.5865,0.0013,-1.0000
16.6655,1.0000,328.0046,1.2525,0.2780,16.6627,16.6508,14.9378,0.0012,-1.0000
16.6625,1.0000,328.0212,1.3497,0.3287,16.6663,16.6460,15.4006,0.0013,-1.0000
16.6698,1.0000,328.0379,1.2177,0.4729,16.6727,16.6727,15.5733,0.0010,-1.0000
16.6685,1.0000,328.0547,2.0679,0.3433,16.6671,16.6615,15.4217,0.0013,-1.0000
16.6653,1.0000,328.0712,1.7113,0.3408,16.6594,16.6519,15.1960,0.0014,-1.0000
16.6674,1.0000,328.0880,1.2442,0.3186,16.6526,16.6601,15.4191,0.0012,-1.0000
16.8047,1.0000,328.1050,1.0980,0.3316,16.6799,16.8550,15.4230,0.0012,-1.0000
16.6402,1.0000,328.1215,1.2384,0.3440,16.6716,16.5680,14.9853,0.0015,-1.0000
16.6676,1.0000,328.1381,1.4545,0.3158,16.6612,16.6618,15.3328,0.0014,-1.0000
16.6667,1.0000,328.1548,1.2395,0.3140,16.6696,16.6559,15.3238,0.0015,-1.0000
16.6659,1.0000,328.1713,1.4307,0.3593,16.8656,16.6536,15.2550,0.0011,-1.0000
16.6653,1.0000,328.1880,1.5811,0.3233,16.5768,16.6527,15.5447,0.0013,-1.0000
16.6705,1.0000,328.2048,1.3277,0.3400,16.6716,16.6705,15.4565,0.0013,-1.0000
16.6647,1.0000,328.2214,1.3304,0.3330,16.6664,16.6507,15.1282,0.0011,-1.0000
16.6674,1.0000,328.2382,1.3970,0.2789,16.6631,16.6672,15.3834,0.0011,-1.0000
16.6688,1.0000,328.2548,1.1065,0.2560,16.6600,16.6602,15.1733,0.0012,-1.0000
16.6643,1.0000,328.2713,1.2128,0.3455,16.6792,16.6455,15.2389,0.0014,-1.0000
16.6669,1.0000,328.2881,1.5210,0.3403,16.6605,16.6584,15.5457,0.0010,-1.0000
16.6684,1.0000,328.3047,1.2827,0.3185,16.6747,16.6611,15.4067,0.0013,-1.0000
16.6659,1.0000,328.3214,1.4857,0.2980,16.6708,16.6572,15.3223,0.0013,-1.0000
16.6654,1.0000,328.3381,1.4054,0.2793,16.6546,16.6542,15.3710,0.0011,-1.0000
16.6674,1.0000,328.3548,1.1112,0.2666,16.6679,16.6606,15.4194,0.0012,-1.0000
16.6669,1.0000,328.3713,1.2529,0.3151,16.6699,16.6558,15.2029,0.0013,-1.0000
16.6660,1.0000,328.3881,1.3337,0.3201,16.6662,16.6566,15.5538,0.0010,-1.0000
16.6685,1.0000,328.4048,1.2819,0.2744,16.6632,16.6614,15.4242,0.0011,-1.0000
16.6655,1.0000,328.4214,1.2401,0.3818,16.6706,16.6541,15.0605,0.0010,-1.0000
16.6670,1.0000,328.4381,1.4513,0.2617,16.6646,16.6568,15.4019,0.0013,-1.0000
16.6671,1.0000,328.4550,1.1019,0.2946,16.6656,16.6612,15.3998,0.0011,-1.0000
16.6659,1.0000,328.4713,1.2360,0.4116,16.6713,16.6506,14.9174,0.0015,-1.0000
16.6660,1.0000,328.4881,1.5927,0.2780,16.6651,16.6558,15.5507,0.0010,-1.0000
16.6686,1.0000,328.5049,1.2539,0.2792,16.6660,16.6692,15.4052,0.0011,-1.0000
16.6649,1.0000,328.5214,1.2602,0.3046,16.6710,16.6433,15.1768,0.0013,-1.0000
16.6680,1.0000,328.5381,1.7316,0.2560,16.6601,16.6666,15.5158,0.0014,-1.0000
16.6677,1.0000,328.5547,1.1045,0.2873,16.6642,16.6586,15.2406,0.0013,-1.0000
16.6651,1.0000,328.5713,1.2630,0.3218,16.6792,16.6523,15.4215,0.0008,-1.0000
16.6674,1.0000,328.5881,1.4651,0.2773,16.6522,16.6619,15.4735,0.0011,-1.0000
16.6681,1.0000,328.6050,1.1494,0.5858,16.6742,16.6615,15.1596,0.0013,-1.0000
16.6624,1.0000,328.6213,1.4159,0.2783,16.6672,16.6457,15.0446,0.0013,-1.0000
16.6699,1.0000,328.6381,1.2300,0.2812,16.6612,16.6732,15.5776,0.0010,-1.0000
16.6671,1.0000,328.6549,1.1873,0.2711,16.6698,16.6800,15.3924,0.0012,-1.0000
16.6667,1.0000,328.6713,1.5006,0.3553,16.6702,16.6325,14.8643,0.0018,-1.0000
16.6661,1.0000,328.6881,1.5997,0.3474,16.6530,16.6571,15.5310,0.0013,-1.0000
16.6675,1.0000,328.7048,1.0947,0.4160,16.6817,16.6637,15.3861,0.0012,-1.0000
16.6640,1.0000,328.7214,1.2864,0.4037,16.6893,16.6438,15.2232,0.0011,-1.0000
16.6692,1.0000,328.7381,1.7659,0.3185,16.6412,16.6788,15.4745,0.0012,-1.0000
16.6690,1.0000,328.7549,1.1247,0.2886,16.6650,16.6553,15.1691,0.0014,-1.0000
16.6624,1.0000,328.7713,1.2761,0.3412,16.6744,16.6399,15.1755,0.0014,-1.0000
16.6690,1.0000,328.7881,1.4195,0.3155,16.6521,16.6660,15.4846,0.0009,-1.0000
16.6678,1.0000,328.8049,1.2029,0.4522,16.6865,16.6627,15.4012,0.0012,-1.0000
16.6640,1.0000,328.8214,1.4848,0.2983,16.6658,16.6459,15.0557,0.0018,-1.0000
16.6694,1.0000,328.8381,1.4629,0.3019,16.6493,16.6668,15.3960,0.0014,-1.0000
16.6666,1.0000,328.8547,1.1805,0.2859,16.6738,16.6567,15.2883,0.0012,-1.0000
16.6661,1.0000,328.8713,1.2603,0.3553,16.6728,16.6517,15.2407,0.0010,-1.0000
16.6666,1.0000,328.8881,1.5884,0.2798,16.6544,16.6596,15.4936,0.0014,-1.0000
16.6679,1.0000,328.9048,1.2697,0.3370,16.6766,16.6597,15.3729,0.0011,-1.0000
16.6696,1.0000,328.9214,1.3671,0.3866,16.6667,16.6619,15.3448,0.0012,-1.0000
16.6646,1.0000,328.9382,1.4101,0.3081,16.6611,16.6641,15.4091,0.0012,-1.0000
16.6676,1.0000,328.9548,1.1645,0.2707,16.6682,16.6495,15.1666,0.0011,-1.0000
16.6660,1.0000,328.9713,1.2852,0.3036,16.6686,16.6477,15.1659,0.0017,-1.0000
16.6669,1.0000,328.9882,1.3156,0.2896,16.6721,16.6610,15.4408,0.0010,-1.0000
16.6674,1.0000,329.0050,1.2536,0.3119,16.6757,16.6594,14.9450,0.0013,-1.0000
16.6629,1.0000,329.0214,1.4812,0.3460,16.6609,16.6408,15.0243,0.0014,-1.0000
16.6690,1.0000,329.0381,1.4801,0.2626,16.6590,16.6722,15.4748,0.0010,-1.0000
16.6689,1.0000,329.0549,1.2191,0.3222,16.6702,16.6563,15.2352,0.0015,-1.0000
16.6631,1.0000,329.0713,1.7130,0.3268,16.6715,16.6419,15.0325,0.0013,-1.0000
16.6677,1.0000,329.0881,1.6150,0.2811,16.6499,16.6644,15.5031,0.0010,-1.0000
16.6690,1.0000,329.1048,1.1963,0.4876,16.6827,16.6649,15.3655,0.0012,-1.0000
16.6643,1.0000,329.1214,1.4194,0.3529,16.6677,16.6502,15.2002,0.0012,-1.0000
16.6670,1.0000,329.1381,1.6080,0.3077,16.6503,16.6586,15.4409,0.0014,-1.0000
16.6693,1.0000,329.1548,1.1603,0.3004,16.6715,16.6658,15.4160,0.0012,-1.0000
16.6642,1.0000,329.1713,1.2977,0.3620,16.6746,16.6487,15.0756,0.0014,-1.0000
16.6675,1.0000,329.1881,1.4486,0.2754,16.6598,16.6580,15.5052,0.0014,-1.0000
16.6680,1.0000,329.2047,1.2162,0.2709,16.6663,16.6636,15.3366,0.0015,-1.0000
16.6654,1.0000,329.2214,1.2485,0.3538,16.6770,16.6569,15.1753,0.0011,-1.0000
16.6655,1.0000,329.2380,1.5717,0.3054,16.6592,16.6491,15.5374,0.0010,-1.0000
16.6687,1.0000,329.2548,1.1513,0.2630,16.6656,16.6660,15.4827,0.0013,-1.0000
16.6661,1.0000,329.2713,1.3255,0.3463,16.6735,16.6546,15.2510,0.0012,-1.0000
16.6669,1.0000,329.2881,1.4803,0.2847,16.6662,16.6565,15.5664,0.0010,-1.0000
16.6673,1.0000,329.3048,1.1105,0.2756,16.6559,16.6656,15.4252,0.0012,-1.0000
16.6662,1.0000,329.3214,1.1816,0.3522,16.6742,16.6503,15.1294,0.0014,-1.0000
16.6659,1.0000,329.3380,1.4025,0.2665,16.6641,16.6534,15.4051,0.0013,-1.0000
16.6680,1.0000,329.3547,1.0890,0.3296,16.6649,16.6661,15.4865,0.0012,-1.0000
16.6637,1.0000,329.3716,1.2392,0.3414,16.6742,16.6454,15.3877,0.0012,-1.0000
16.6699,1.0000,329.3881,1.5194,0.2761,16.6622,16.6701,15.1007,0.0010,-1.0000
16.6675,1.0000,329.4047,1.2471,0.2738,16.6621,16.6582,15.2295,0.0014,-1.0000
16.6651,1.0000,329.4214,1.1783,0.2765,16.6747,16.6571,15.3968,0.0011,-1.0000
16.6678,1.0000,329.4381,1.2566,0.4526,16.6532,16.6616,15.3760,0.0012,-1.0000
16.6663,1.0000,329.4548,1.5684,0.4437,16.6784,16.6510,15.2853,0.0010,-1.0000
16.6655,1.0000,329.4713,1.4271,0.3197,16.6664,16.6551,15.3993,0.0013,-1.0000
16.6690,1.0000,329.4882,1.2592,0.3534,16.6655,16.6663,15.6071,0.0012,-1.0000
16.6663,1.0000,329.5051,1.2841,0.3397,16.6709,16.6598,15.1388,0.0014,-1.0000
16.6655,1.0000,329.5214,1.3646,0.2905,16.6597,16.6519,14.9626,0.0013,-1.0000
16.6718,1.0000,329.5381,1.2544,0.2871,16.6632,16.6664,15.4245,0.0012,-1.0000
16.6767,1.0000,329.5548,1.0578,0.3176,16.6743,16.6728,15.4191,0.0010,-1.0000
16.6625,1.0000,329.5713,1.5195,0.3050,16.6676,16.6399,15.3021,0.0012,-1.0000
16.6704,1.0000,329.5881,1.6880,0.3648,16.6601,16.6719,15.5300,0.0013,-1.0000
16.6687,1.0000,329.6049,1.2406,0.2875,16.6758,16.6641,15.1520,0.0013,-1.0000
16.6625,1.0000,329.6214,1.2526,0.3354,16.6830,16.6401,15.2829,0.0014,-1.0000
16.6690,1.0000,329.6381,1.3367,0.2904,16.6484,16.6672,15.4475,0.0014,-1.0000
16.6672,1.0000,329.6549,1.1406,0.3787,16.6807,16.6588,15.4348,0.0013,-1.0000
16.6639,1.0000,329.6713,1.5105,0.3101,16.6753,16.6464,15.1420,0.0017,-1.0000
16.6688,1.0000,329.6881,1.3561,0.3023,16.6505,16.6641,15.5492,0.0009,-1.0000
16.6666,1.0000,329.7048,1.2184,0.3252,16.6754,16.6596,14.4237,0.0012,-1.0000
16.6647,1.0000,329.7213,1.2225,0.3558,16.6684,16.6509,15.3316,0.0010,-1.0000
16.6694,1.0000,329.7381,1.5024,0.2619,16.6549,16.6680,15.5090,0.0012,-1.0000
16.6666,1.0000,329.7548,1.1136,0.3094,16.6715,16.6576,15.3571,0.0012,-1.0000
16.6642,1.0000,329.7713,2.2341,0.2556,16.6677,16.6506,15.0443,0.0014,-1.0000
16.6691,1.0000,329.7881,1.3184,0.2854,16.6587,16.6680,15.6404,0.0010,-1.0000
16.6863,1.0000,329.8051,1.1577,0.2858,16.6763,16.6810,15.4301,0.0011,-1.0000
16.6632,1.0000,329.8214,1.2986,0.3334,16.6665,16.6441,14.8108,0.0015,-1.0000
16.6679,1.0000,329.8381,1.6049,0.2594,16.6585,16.6640,15.4451,0.0012,-1.0000
16.7857,1.0000,329.8550,1.0262,0.2677,16.6756,16.7819,15.5512,0.0015,-1.0000
16.5465,1.0000,329.8713,1.2495,0.3332,16.6908,16.5246,15.1322,0.0009,-1.0000
16.6688,1.0000,329.8881,1.8319,0.2751,16.6536,16.6650,15.6514,0.0009,-1.0000
16.6674,1.0000,329.9048,1.2177,0.2900,16.6721,16.6612,15.0458,0.0012,-1.0000
16.6641,1.0000,329.9214,1.2292,0.2918,16.7930,16.6499,15.4095,0.0012,-1.0000
16.6677,1.0000,329.9381,1.3914,0.2510,16.5339,16.6618,15.3741,0.0011,-1.0000
16.6688,1.0000,329.9548,1.0126,0.3384,16.6737,16.6698,15.5079,0.0010,-1.0000
16.6661,1.0000,329.9713,1.6138,0.2862,16.6693,16.6508,15.3841,0.0013,-1.0000
16.6646,1.0000,329.9881,1.2394,0.3178,16.6577,16.6475,15.5482,0.0010,-1.0000
16.6709,1.0000,330.0053,1.2867,0.2703,16.6688,16.6761,15.5090,0.0012,-1.0000
16.6636,1.0000,330.0214,1.1608,0.3540,16.6794,16.6445,14.6205,0.0015,-1.0000
16.6675,1.0000,330.0381,1.2653,0.2534,16.6604,16.6625,15.5320,0.0010,-1.0000
16.6681,1.0000,330.0549,1.0984,0.2521,16.6554,16.6648,15.4491,0.0013,-1.0000
16.6643,1.0000,330.0713,1.1656,0.2998,16.6851,16.6421,15.2331,0.0013,-1.0000
16.6674,1.0000,330.0881,2.0225,0.2632,16.6536,16.6648,15.5925,0.0011,-1.0000
16.6688,1.0000,330.1048,1.1297,0.3078,16.6707,16.6639,15.2047,0.0014,-1.0000
16.6655,1.0000,330.1214,1.2144,0.3374,16.6760,16.6539,15.5027,0.0012,-1.0000
16.6918,1.0000,330.1386,1.4076,0.2673,16.6505,16.7477,15.4449,0.0011,-1.0000
16.6660,1.0000,330.1552,1.0711,0.3644,16.6722,16.5944,14.9770,0.0011,-1.0000
16.6658,1.0000,330.1714,1.4574,0.2725,16.6714,16.6549,14.7368,0.0012,-1.0000
16.6658,1.0000,330.1884,1.1499,0.2836,16.6629,16.6563,15.4748,0.0012,-1.0000
16.6692,1.0000,330.2048,1.3015,0.2812,16.7578,16.6632,15.0929,0.0010,-1.0000
16.6654,1.0000,330.2215,1.6163,0.4660,16.6031,16.6539,15.4016,0.0014,-1.0000
16.6683,1.0000,330.2382,1.9168,0.3017,16.6631,16.6616,15.3182,0.0014,-1.0000
16.6668,1.0000,330.2549,1.1806,0.3315,16.6660,16.6592,15.2217,0.0015,-1.0000
16.6656,1.0000,330.2714,1.5687,0.3196,16.6715,16.6541,15.2260,0.0013,-1.0000
16.8680,1.0000,330.2886,1.2510,0.3316,16.6630,16.9506,15.6380,0.0012,-1.0000
16.6677,1.0000,330.3051,1.3418,0.3229,16.6697,16.5437,15.1281,0.0012,-1.0000
16.6647,1.0000,330.3217,1.4358,0.3308,16.6682,16.6469,15.2423,0.0012,-1.0000
16.6693,1.0000,330.3384,1.4268,0.3097,16.6623,16.6690,15.3773,0.0011,-1.0000
16.6661,1.0000,330.3550,1.3116,0.3812,16.9878,16.6521,15.2812,0.0012,-1.0000
16.6645,1.0000,330.3716,1.4142,0.3272,16.5543,16.6522,15.3614,0.0011,-1.0000
16.6710,1.0000,330.3887,1.4031,0.3315,16.6560,16.9572,15.2780,0.0012,-1.0000
16.6647,1.0000,330.4050,1.2902,0.3865,16.6780,16.3636,14.9348,0.0011,-1.0000
16.6643,1.0000,330.4216,1.3696,0.3256,16.6617,16.6459,15.3527,0.0014,-1.0000
16.6726,1.0000,330.4385,1.2895,0.3934,16.6610,16.6858,15.5651,0.0011,-1.0000
16.6652,1.0000,330.4551,1.6761,0.3821,16.9671,16.6463,15.0399,0.0015,-1.0000
16.6643,1.0000,330.4716,1.4274,0.3071,16.3735,16.6457,15.0408,0.0014,-1.0000
16.6684,1.0000,330.4884,1.2919,0.2961,16.6538,16.6659,15.5010,0.0011,-1.0000
16.6675,1.0000,330.5052,1.1192,0.3734,16.6957,16.6611,15.2213,0.0015,-1.0000
16.6641,1.0000,330.5217,1.6049,0.4489,16.6586,16.6409,14.9670,0.0013,-1.0000
16.6699,1.0000,330.5385,1.6035,0.3287,16.6541,16.6690,15.4360,0.0013,-1.0000
16.6664,1.0000,330.5551,1.1641,0.3119,16.6762,16.6555,15.1747,0.0012,-1.0000
16.6639,1.0000,330.5716,1.4382,0.3959,16.6720,16.6419,15.0913,0.0043,-1.0000
16.6681,1.0000,330.5884,1.6726,0.3093,16.6503,16.6645,15.4791,0.0012,-1.0000
16.6692,1.0000,330.6051,1.2313,0.3318,16.6805,16.6634,15.2138,0.0014,-1.0000
16.6630,1.0000,330.6216,1.4795,0.3505,16.6680,16.6445,15.0521,0.0014,-1.0000
16.6662,1.0000,330.6383,1.5462,0.3283,16.6518,16.6575,15.5060,0.0011,-1.0000
16.6716,1.0000,330.6551,1.1841,0.3686,16.6722,16.6760,15.4996,0.0011,-1.0000
16.6641,1.0000,330.6715,1.4477,0.4101,16.6739,16.6446,15.1333,0.0012,-1.0000
16.6660,1.0000,330.6884,1.5911,0.2997,16.6534,16.6573,15.4531,0.0010,-1.0000
16.6673,1.0000,330.7050,1.1503,0.3147,16.6636,16.6619,15.2293,0.0012,-1.0000
16.6664,1.0000,330.7216,1.1752,0.4076,16.6873,16.6567,15.2045,0.0013,-1.0000
16.6659,1.0000,330.7383,1.5099,0.3041,16.6550,16.6545,15.4534,0.0012,-1.0000
16.6691,1.0000,330.7551,1.2031,0.3462,16.6647,16.6689,15.4416,0.0012,-1.0000
16.6659,1.0000,330.7715,1.4312,0.2946,16.6699,16.6501,15.1963,0.0014,-1.0000
16.6659,1.0000,330.7883,1.4510,0.2697,16.6650,16.6573,15.5326,0.0012,-1.0000
16.6677,1.0000,330.8051,1.2000,0.2701,16.6622,16.6597,15.3467,0.0011,-1.0000
16.6662,1.0000,330.8217,1.2259,0.3228,16.6789,16.6562,15.2694,0.0012,-1.0000
16.6662,1.0000,330.8383,1.4522,0.2566,16.6600,16.6565,15.3932,0.0013,-1.0000
16.6696,1.0000,330.8551,1.1233,0.3338,16.6664,16.6669,15.4038,0.0012,-1.0000
16.6643,1.0000,330.8716,1.3116,0.3371,16.6687,16.6491,15.2032,0.0014,-1.0000
16.6673,1.0000,330.8883,1.3858,0.2812,16.6650,16.6590,15.4441,0.0010,-1.0000
16.6669,1.0000,330.9050,1.2618,0.2776,16.6644,16.6561,15.4065,0.0014,-1.0000
16.6646,1.0000,330.9216,1.2617,0.2719,16.6770,16.6532,15.2614,0.0012,-1.0000
16.6672,1.0000,330.9384,1.4444,0.2728,16.6597,16.6609,15.5004,0.0014,-1.0000
16.6679,1.0000,330.9550,1.2139,0.2836,16.6677,16.6681,15.1495,0.0012,-1.0000
16.6660,1.0000,330.9715,1.2483,0.3201,16.6649,16.6518,15.3993,0.0013,-1.0000
16.6678,1.0000,330.9883,1.3906,0.2715,16.6604,16.6633,15.5423,0.0012,-1.0000
16.6672,1.0000,331.0056,1.1591,0.2914,16.6679,16.6633,15.2544,0.0012,-1.0000
16.6655,1.0000,331.0216,1.5175,0.2768,16.6759,16.6449,14.6764,0.0011,-1.0000
16.6672,1.0000,331.0383,1.2512,0.3187,16.6603,16.6598,15.3953,0.0012,-1.0000
16.6684,1.0000,331.0551,1.1197,0.2756,16.6711,16.6653,15.3825,0.0012,-1.0000
16.6639,1.0000,331.0716,1.4074,0.2861,16.6756,16.6479,15.2820,0.0010,-1.0000
16.6697,1.0000,331.0885,1.9676,0.2612,16.6537,16.7066,15.4320,0.0011,-1.0000
16.6661,1.0000,331.1050,1.2634,0.2953,16.6682,16.6086,15.0167,0.0011,-1.0000
16.6653,1.0000,331.1219,1.2814,0.3043,16.6754,16.6568,15.5069,0.0013,-1.0000
16.6687,1.0000,331.1384,1.3649,0.3199,16.6578,16.6828,15.0398,0.0014,-1.0000
16.6656,1.0000,331.1550,1.2732,0.3079,16.7179,16.6322,15.3905,0.0009,-1.0000
16.6632,1.0000,331.1714,1.5904,0.2658,16.6177,16.6484,15.3759,0.0014,-1.0000
16.6704,1.0000,331.1884,1.1486,0.4140,16.6661,16.6707,15.7472,0.0009,-1.0000
16.6681,1.0000,331.2051,1.6416,0.3374,16.6942,16.7540,15.1314,0.0012,-1.0000
16.6634,1.0000,331.2216,1.2408,0.3302,16.6405,16.5557,15.2748,0.0010,-1.0000
16.6688,1.0000,331.2383,1.2712,0.3000,16.6549,16.6649,15.3736,0.0012,-1.0000
16.6668,1.0000,331.2550,0.9225,0.3841,16.6782,16.6602,15.2869,0.0012,-1.0000
16.6637,1.0000,331.2715,1.6210,0.3062,16.7630,16.6458,15.2907,0.0015,-1.0000
16.6702,1.0000,331.2885,1.2798,0.3769,16.5645,16.6799,15.6105,0.0013,-1.0000
16.6665,1.0000,331.3050,1.2900,0.3195,16.6727,16.6471,15.0767,0.0013,-1.0000
16.6650,1.0000,331.3217,1.3718,0.3105,16.6693,16.6501,15.3855,0.0015,-1.0000
16.6689,1.0000,331.3384,1.3535,0.2892,16.6526,16.6676,15.3735,0.0012,-1.0000
16.6669,1.0000,331.3553,1.0685,0.3485,16.6901,16.6576,15.3327,0.0012,-1.0000
16.6647,1.0000,331.3716,1.5689,0.3084,16.6577,16.6446,14.8811,0.0014,-1.0000
16.6677,1.0000,331.3883,1.2632,0.2901,16.6584,16.6612,15.5726,0.0012,-1.0000
16.6683,1.0000,331.4050,1.2927,0.2790,16.6768,16.6663,15.2860,0.0012,-1.0000
16.6642,1.0000,331.4216,1.3236,0.2879,16.6695,16.6459,15.3651,0.0011,-1.0000
16.6690,1.0000,331.4384,1.7620,0.2808,16.6544,16.6681,15.4314,0.0014,-1.0000
16.6666,1.0000,331.4550,1.0871,0.3461,16.6685,16.6583,15.3001,0.0016,-1.0000
16.6640,1.0000,331.4715,1.3787,0.2866,16.6760,16.6445,15.3919,0.0011,-1.0000
16.6694,1.0000,331.4885,1.2798,0.2868,16.6541,16.6741,15.6395,0.0010,-1.0000
16.6673,1.0000,331.5050,1.2353,0.3257,16.6772,16.6533,15.1682,0.0011,-1.0000
16.6644,1.0000,331.5216,1.3564,0.2768,16.6675,16.6517,15.4352,0.0011,-1.0000
16.6672,1.0000,331.5383,1.2516,0.2703,16.6521,16.6591,15.4812,0.0012,-1.0000
16.6689,1.0000,331.5550,1.0338,0.2955,16.6830,16.6653,15.4012,0.0011,-1.0000
16.6631,1.0000,331.5715,1.4835,0.2968,16.6641,16.6420,15.3125,0.0014,-1.0000
16.6674,1.0000,331.5883,1.2157,0.2714,16.6601,16.6633,15.6080,0.0009,-1.0000
16.6720,1.0000,331.6051,1.1768,0.3506,16.6676,16.6787,15.0908,0.0014,-1.0000
16.6639,1.0000,331.6216,1.2627,0.2569,16.6757,16.6403,15.2035,0.0013,-1.0000
16.6664,1.0000,331.6383,1.3282,0.2616,16.6500,16.6588,15.4320,0.0012,-1.0000
16.6687,1.0000,331.6551,1.0545,0.3350,16.6709,16.6680,15.3941,0.0014,-1.0000
16.6645,1.0000,331.6716,1.5860,0.3240,16.6885,16.6453,15.3307,0.0013,-1.0000
16.6656,1.0000,331.6883,1.4353,0.2925,16.6507,16.6538,15.5162,0.0010,-1.0000
16.6685,1.0000,331.7050,1.2252,0.2782,16.6672,16.6658,15.3451,0.0013,-1.0000
16.6671,1.0000,331.7217,1.2722,0.2916,16.6782,16.6573,15.2451,0.0011,-1.0000
16.6666,1.0000,331.7386,1.3133,0.2677,16.6561,16.6577,15.3905,0.0012,-1.0000
16.6674,1.0000,331.7550,1.1367,0.2886,16.6618,16.6590,14.9990,0.0014,-1.0000
16.6661,1.0000,331.7715,1.3192,0.3067,16.6731,16.6526,15.1979,0.0013,-1.0000
16.6663,1.0000,331.7883,1.4107,0.2882,16.6670,16.6544,15.5506,0.0011,-1.0000
16.6683,1.0000,331.8051,1.2660,0.4241,16.6671,16.6676,15.4248,0.0011,-1.0000
16.6662,1.0000,331.8217,1.6580,0.6891,16.6695,16.6511,15.3451,0.0016,-1.0000
16.6658,1.0000,331.8384,1.4534,0.3099,16.6624,16.6558,15.3683,0.0012,-1.0000
16.6677,1.0000,331.8550,1.1027,0.3154,16.6631,16.6598,15.2964,0.0013,-1.0000
16.6663,1.0000,331.8716,1.2416,0.3567,16.6773,16.6595,15.3505,0.0011,-1.0000
16.6662,1.0000,331.8883,1.3040,0.3483,16.6607,16.6535,15.5265,0.0013,-1.0000
16.6673,1.0000,331.9051,1.2865,0.3182,16.6639,16.6624,15.4108,0.0011,-1.0000
16.6672,1.0000,331.9217,1.3620,0.3268,16.6687,16.6584,15.2468,0.0015,-1.0000
16.6658,1.0000,331.9383,1.3077,0.3172,16.6681,16.6571,15.4839,0.0013,-1.0000
16.6684,1.0000,331.9550,1.1257,0.2912,16.6614,16.6604,15.4473,0.0013,-1.0000
16.6658,1.0000,331.9716,1.2504,0.5049,16.6704,16.6532,15.2932,0.0012,-1.0000
16.6670,1.0000,331.9883,1.4100,0.2776,16.6673,16.6659,15.4910,0.0015,-1.0000
16.6669,1.0000,332.0050,1.1720,0.2908,16.6664,16.6533,15.2890,0.0014,-1.0000
16.6665,1.0000,332.0216,1.2116,0.3549,16.6687,16.6566,15.4596,0.0010,-1.0000
16.6686,1.0000,332.0384,1.3586,0.3024,16.6624,16.6650,15.5560,0.0010,-1.0000
16.6658,1.0000,332.0550,1.1731,0.2841,16.6753,16.6521,15.1811,0.0011,-1.0000
16.6661,1.0000,332.0716,1.3626,0.2889,16.6621,16.6548,15.3064,0.0013,-1.0000
16.6669,1.0000,332.0883,1.1956,0.2786,16.6661,16.6566,15.4217,0.0013,-1.0000
16.6672,1.0000,332.1050,1.1079,0.3102,16.6758,16.6557,15.4169,0.0010,-1.0000
16.6657,1.0000,332.1216,1.4697,0.3377,16.6629,16.6562,15.3208,0.0012,-1.0000
16.6670,1.0000,332.1383,1.3470,0.2815,16.6648,16.6593,15.4955,0.0012,-1.0000
16.6679,1.0000,332.1550,1.2335,0.2816,16.6666,16.6599,14.9774,0.0012,-1.0000
16.6645,1.0000,332.1715,1.2378,0.3457,16.6641,16.6500,15.2814,0.0014,-1.0000
16.6669,1.0000,332.1884,1.3341,0.2760,16.6647,16.6595,15.5812,0.0010,-1.0000
16.7102,1.0000,332.2050,1.1626,0.3362,16.6688,16.7101,15.3122,0.0012,-1.0000
16.6222,1.0000,332.2216,1.6812,0.2893,16.6688,16.6010,15.4550,0.0010,-1.0000
16.6704,1.0000,332.2384,1.3674,0.2733,16.6586,16.6760,15.5096,0.0013,-1.0000
16.6658,1.0000,332.2550,1.0774,0.3742,16.6670,16.6492,15.3401,0.0013,-1.0000
16.6654,1.0000,332.2715,1.3965,0.2710,16.7196,16.6544,15.3446,0.0015,-1.0000
16.6685,1.0000,332.2883,1.1449,0.2662,16.6090,16.6655,15.5538,0.0010,-1.0000
16.6670,1.0000,332.3050,1.1647,0.4004,16.6846,16.6570,15.2295,0.0014,-1.0000
16.6636,1.0000,332.3217,1.3075,0.3179,16.6589,16.6484,15.4663,0.0014,-1.0000
16.6697,1.0000,332.3384,1.3085,0.2826,16.6630,16.6717,15.4656,0.0011,-1.0000
16.6668,1.0000,332.3550,1.1107,0.2988,16.6746,16.6492,15.4577,0.0013,-1.0000
16.6658,1.0000,332.3719,1.4260,0.2628,16.6664,16.6556,15.4485,0.0016,-1.0000
16.6673,1.0000,332.3884,1.1808,0.2434,16.6552,16.6840,15.2286,0.0011,-1.0000
16.6675,1.0000,332.4050,1.2053,0.2570,16.6836,16.6381,15.3035,0.0011,-1.0000
16.6633,1.0000,332.4215,1.1900,0.2925,16.6594,16.6449,15.3396,0.0011,-1.0000
16.6677,1.0000,332.4383,1.2055,0.3814,16.6641,16.6651,15.6811,0.0008,-1.0000
16.6685,1.0000,332.4553,1.4542,0.3762,16.6925,16.6666,15.4030,0.0013,-1.0000
16.6665,1.0000,332.4715,1.3334,0.3525,16.6458,16.6552,15.1604,0.0014,-1.0000
16.6684,1.0000,332.4890,1.3041,0.2879,16.6512,16.6648,15.5671,0.0011,-1.0000
16.6667,1.0000,332.5050,0.9833,0.6876,16.6720,16.6586,14.2622,0.0014,-1.0000
16.6630,1.0000,332.5217,1.2620,0.3004,16.6746,16.6692,15.2738,0.0011,-1.0000
16.6676,1.0000,332.5385,1.4932,0.3062,16.6634,16.6377,15.4184,0.0012,-1.0000
16.6683,1.0000,332.5550,1.0964,0.3576,16.6735,16.6617,15.1287,0.0012,-1.0000
16.6664,1.0000,332.5716,2.3949,0.3749,16.6694,16.6555,15.4532,0.0013,-1.0000
16.6680,1.0000,332.5884,1.3946,0.3102,16.6777,16.6691,15.4849,0.0011,-1.0000
16.6663,1.0000,332.6050,1.2183,0.3208,16.6458,16.6470,15.2600,0.0016,-1.0000
16.6661,1.0000,332.6217,1.5318,0.2965,16.6699,16.6569,15.3350,0.0010,-1.0000
16.6666,1.0000,332.6383,1.2010,0.3219,16.6637,16.6567,15.4032,0.0013,-1.0000
16.6680,1.0000,332.6550,1.1828,0.4068,16.6809,16.6625,15.2244,0.0010,-1.0000
16.6653,1.0000,332.6716,1.3851,0.3641,16.6566,16.6505,15.4263,0.0013,-1.0000
16.6680,1.0000,332.6884,1.3208,0.2631,16.6659,16.6625,15.4832,0.0014,-1.0000
16.6661,1.0000,332.7050,1.2522,0.3819,16.6658,16.6583,15.2526,0.0011,-1.0000
16.6663,1.0000,332.7216,1.4369,0.3236,16.6716,16.6553,15.4452,0.0013,-1.0000
16.6671,1.0000,332.7383,1.2228,0.2827,16.6597,16.6589,15.4221,0.0012,-1.0000
16.6669,1.0000,332.7550,1.1780,0.2940,16.6707,16.6589,15.3696,0.0011,-1.0000
16.6659,1.0000,332.7715,1.4046,0.2928,16.6680,16.6579,15.4763,0.0011,-1.0000
16.6693,1.0000,332.7884,1.2091,0.2760,16.6642,16.6628,15.5794,0.0009,-1.0000
16.6665,1.0000,332.8050,1.2357,0.3280,16.6673,16.6553,15.2732,0.0014,-1.0000
16.6659,1.0000,332.8217,1.2882,0.2733,16.6668,16.6570,15.3741,0.0012,-1.0000
16.6664,1.0000,332.8386,1.1804,0.2527,16.6666,16.6567,15.3361,0.0013,-1.0000
16.6666,1.0000,332.8550,1.0823,0.3036,16.6717,16.6565,15.2607,0.0013,-1.0000
16.6656,1.0000,332.8715,1.3807,0.2882,16.6656,16.6529,15.3631,0.0013,-1.0000
16.6679,1.0000,332.8883,1.2816,0.2905,16.6669,16.6667,15.5834,0.0012,-1.0000
16.6675,1.0000,332.9050,1.3190,0.2953,16.6659,16.6564,15.4192,0.0010,-1.0000
16.6667,1.0000,332.9216,1.3945,0.3032,16.6647,16.6585,15.3917,0.0012,-1.0000
16.6667,1.0000,332.9383,1.2885,0.3466,16.6604,16.6611,15.4771,0.0012,-1.0000
16.6668,1.0000,332.9550,1.0821,0.3254,16.6750,16.6539,15.4689,0.0013,-1.0000
16.6655,1.0000,332.9715,1.2360,0.2573,16.6649,16.6526,15.4352,0.0010,-1.0000
16.6677,1.0000,332.9884,1.2652,0.3006,16.6675,16.6653,15.6549,0.0012,-1.0000
16.6690,1.0000,333.0050,1.1826,0.2641,16.6714,16.6629,15.4260,0.0014,-1.0000
16.6664,1.0000,333.0216,1.1831,0.2773,16.6635,16.6491,15.4545,0.0013,-1.0000
16.6671,1.0000,333.0384,1.2164,0.2600,16.6603,16.6925,15.5128,0.0013,-1.0000
16.6673,1.0000,333.0550,1.0090,0.2649,16.6744,16.6310,15.3815,0.0011,-1.0000
16.6627,1.0000,333.0715,1.2353,0.2581,16.6714,16.6441,15.4268,0.0011,-1.0000
16.6704,1.0000,333.0884,1.1934,0.3314,16.6566,16.6761,15.6688,0.0008,-1.0000
16.6673,1.0000,333.1050,1.1781,0.2711,16.7008,16.6528,15.3210,0.0012,-1.0000
16.6652,1.0000,333.1216,1.2482,0.2726,16.6393,16.6525,15.4693,0.0012,-1.0000
16.6678,1.0000,333.1384,1.2164,0.2610,16.6519,16.6675,15.5473,0.0012,-1.0000
16.6687,1.0000,333.1552,1.0063,0.3424,16.6851,16.6612,15.2081,0.0011,-1.0000
16.6647,1.0000,333.1715,1.3303,0.2619,16.6616,16.6540,15.1633,0.0016,-1.0000
16.6669,1.0000,333.1884,1.1822,0.2726,16.6605,16.6536,15.5881,0.0011,-1.0000
16.6673,1.0000,333.2050,1.1188,0.3345,16.6761,16.6585,15.1300,0.0012,-1.0000
16.6663,1.0000,333.2217,1.4521,0.2977,16.6717,16.6564,15.4691,0.0012,-1.0000
16.6683,1.0000,333.2384,1.4892,0.2521,16.6637,16.6620,15.4618,0.0013,-1.0000
16.6654,1.0000,333.2550,1.0643,0.3615,16.6618,16.6539,15.1967,0.0017,-1.0000
16.6645,1.0000,333.2715,1.5270,0.2660,16.6669,16.6504,15.3550,0.0012,-1.0000
16.6677,1.0000,333.2883,1.1860,0.2699,16.6657,16.6653,15.6702,0.0009,-1.0000
16.6688,1.0000,333.3051,1.1988,0.3030,16.6715,16.6640,15.4060,0.0011,-1.0000
16.6655,1.0000,333.3217,1.4556,0.2956,16.6631,16.6529,14.8933,0.0014,-1.0000
16.6739,1.0000,333.3383,1.2942,0.2560,16.6575,16.6702,15.3662,0.0012,-1.0000
16.6612,1.0000,333.3550,0.9940,0.3136,16.6721,16.6480,15.3056,0.0011,-1.0000
16.6650,1.0000,333.3715,1.2568,0.3353,16.6733,16.6497,15.4461,0.0013,-1.0000
16.6684,1.0000,333.3887,1.7589,0.2876,16.6621,16.6683,15.6236,0.0012,-1.0000
16.6671,1.0000,333.4050,1.3028,0.3644,16.6808,16.6586,14.9268,0.0012,-1.0000
16.6648,1.0000,333.4216,1.3411,0.2893,16.6573,16.6480,15.4025,0.0012,-1.0000
16.6687,1.0000,333.4384,1.2025,0.2723,16.6578,16.6647,15.4781,0.0012,-1.0000
16.6663,1.0000,333.4550,1.0434,0.4516,16.6774,16.6560,15.3546,0.0013,-1.0000
16.6652,1.0000,333.4716,1.7303,0.2896,16.6680,16.6532,15.4124,0.0013,-1.0000
16.6681,1.0000,333.4883,1.2444,0.3106,16.6565,16.6697,15.5838,0.0010,-1.0000
16.6667,1.0000,333.5050,1.1849,0.3513,16.6732,16.6540,15.3717,0.0011,-1.0000
16.6667,1.0000,333.5217,1.2999,0.3178,16.6644,16.6545,15.4235,0.0014,-1.0000
16.6680,1.0000,333.5384,1.2396,0.3138,16.6607,16.6646,15.4553,0.0012,-1.0000
16.6669,1.0000,333.5550,1.0849,0.3392,16.6793,16.6507,15.3503,0.0012,-1.0000
16.6640,1.0000,333.5716,1.2811,0.3071,16.6641,16.6530,15.2634,0.0012,-1.0000
16.6668,1.0000,333.5883,1.2298,0.3164,16.6633,16.6610,15.4884,0.0014,-1.0000
16.6697,1.0000,333.6050,1.2081,0.3796,16.6749,16.6635,15.4501,0.0010,-1.0000
16.6651,1.0000,333.6216,1.2987,0.3593,16.6596,16.6544,15.4232,0.0012,-1.0000
16.6669,1.0000,333.6384,1.3885,0.2746,16.6611,16.6591,15.4896,0.0012,-1.0000
16.6668,1.0000,333.6550,1.1713,0.3313,16.6692,16.6567,15.2110,0.0014,-1.0000
16.6673,1.0000,333.6716,1.2123,0.2832,16.6721,16.6581,15.3580,0.0014,-1.0000
16.6669,1.0000,333.6884,1.2298,0.2879,16.6637,16.6585,15.4716,0.0013,-1.0000
16.6663,1.0000,333.7050,1.1683,0.3154,16.6694,16.6521,15.3531,0.0015,-1.0000
16.6664,1.0000,333.7216,1.4442,0.3057,16.6663,16.6572,15.4158,0.0011,-1.0000
16.6704,1.0000,333.7384,1.2985,0.2684,16.6681,16.6717,15.5322,0.0011,-1.0000
16.6650,1.0000,333.7550,1.1855,0.3036,16.6685,16.6475,15.1806,0.0011,-1.0000
16.6659,1.0000,333.7715,1.2972,0.2804,16.6604,16.6538,15.3764,0.0015,-1.0000
16.6661,1.0000,333.7883,1.2404,0.2589,16.6660,16.6590,15.5696,0.0013,-1.0000
16.6668,1.0000,333.8050,1.1384,0.3069,16.6817,16.6555,15.4410,0.0011,-1.0000
16.6656,1.0000,333.8217,1.4654,0.2935,16.6576,16.6543,15.4469,0.0012,-1.0000
16.6690,1.0000,333.8384,1.2755,0.3007,16.6629,16.6685,15.2948,0.0017,-1.0000
16.6665,1.0000,333.8550,1.0879,0.2550,16.6681,16.6537,15.1683,0.0010,-1.0000
16.6660,1.0000,333.8716,1.2129,0.2615,16.6645,16.6538,15.3949,0.0011,-1.0000
16.6672,1.0000,333.8884,1.2060,0.3429,16.6621,16.6600,15.4999,0.0010,-1.0000
16.6667,1.0000,333.9050,1.3716,0.3655,16.6786,16.6565,15.2018,0.0012,-1.0000
16.6649,1.0000,333.9216,1.4842,0.2991,16.6635,16.6533,15.3922,0.0011,-1.0000
16.6683,1.0000,333.9384,1.2575,0.2992,16.6638,16.6680,15.5046,0.0011,-1.0000
16.6669,1.0000,333.9550,1.1587,0.3794,16.6691,16.6512,15.1963,0.0014,-1.0000
16.6661,1.0000,333.9716,1.4532,0.3243,16.6655,16.6542,15.3177,0.0014,-1.0000
16.6678,1.0000,333.9884,1.2599,0.2676,16.6606,16.6649,15.4814,0.0011,-1.0000
16.6664,1.0000,334.0053,1.1623,0.3508,16.6782,16.6508,15.2278,0.0014,-1.0000
16.6637,1.0000,334.0216,1.4531,0.2868,16.6620,16.6541,15.0441,0.0018,-1.0000
16.6702,1.0000,334.0384,1.3349,0.2973,16.6640,16.6663,15.5687,0.0009,-1.0000
16.6658,1.0000,334.0550,1.1821,0.3329,16.6745,16.6556,15.2634,0.0012,-1.0000
16.6668,1.0000,334.0716,1.4214,0.3903,16.6603,16.6556,15.4566,0.0011,-1.0000
16.6674,1.0000,334.0885,1.6083,0.2784,16.6616,16.6622,15.4747,0.0012,-1.0000
16.6657,1.0000,334.1071,1.0963,0.3768,16.6738,16.6541,15.2535,0.0013,-1.0000
16.6655,1.0000,334.1216,1.3909,0.3545,16.6636,16.6485,13.2257,0.0013,-1.0000
16.6685,1.0000,334.1383,1.1980,0.3557,16.6655,16.6643,15.5300,0.0013,-1.0000
16.6669,1.0000,334.1550,1.1863,0.3589,16.6720,16.6575,15.2120,0.0013,-1.0000
16.6667,1.0000,334.1716,1.3993,0.3388,16.6648,16.6574,15.3379,0.0012,-1.0000
16.6668,1.0000,334.1884,3.4215,0.3747,16.6620,16.6587,15.3368,0.0013,-1.0000
16.6668,1.0000,334.2050,1.1328,0.3376,16.6720,16.6576,15.3693,0.0013,-1.0000
16.6639,1.0000,334.2216,1.4441,0.3649,16.6660,16.6513,15.3912,0.0013,-1.0000
16.6694,1.0000,334.2384,1.3181,0.3728,16.6660,16.6656,15.3995,0.0011,-1.0000
16.6657,1.0000,334.2550,1.3202,0.3002,16.6670,16.6577,15.1974,0.0011,-1.0000
16.6668,1.0000,334.2715,1.2868,0.3148,16.6660,16.6567,15.3839,0.0013,-1.0000
16.6684,1.0000,334.2883,1.2588,0.3431,16.6594,16.6647,15.5699,0.0010,-1.0000
16.6653,1.0000,334.3050,1.2648,0.4180,16.6736,16.6513,15.3243,0.0014,-1.0000
16.6658,1.0000,334.3217,1.4593,0.2720,16.6671,16.6509,15.4438,0.0011,-1.0000
16.6688,1.0000,334.3384,1.2713,0.2586,16.6648,16.6649,15.5100,0.0012,-1.0000
16.6657,1.0000,334.3550,1.0936,0.3085,16.6749,16.6554,15.2673,0.0011,-1.0000
16.6668,1.0000,334.3716,1.3255,0.2921,16.6622,16.6581,15.4185,0.0015,-1.0000
16.6673,1.0000,334.3883,1.2060,0.2639,16.6599,16.6570,15.4550,0.0011,-1.0000
16.6670,1.0000,334.4050,1.1534,0.2969,16.6746,16.6578,15.3972,0.0013,-1.0000
16.6659,1.0000,334.4216,1.3868,0.2681,16.6656,16.6566,15.2889,0.0011,-1.0000
16.6987,1.0000,334.4385,1.2378,0.2697,16.6675,16.6910,15.4055,0.0011,-1.0000
16.6653,1.0000,334.4550,1.2007,0.3810,16.6660,16.6515,15.2101,0.0016,-1.0000
16.6662,1.0000,334.4716,1.2593,0.2840,16.6683,16.6568,15.3610,0.0012,-1.0000
16.6687,1.0000,334.4884,1.3665,0.2586,16.6652,16.6635,15.6135,0.0011,-1.0000
16.6664,1.0000,334.5051,1.2840,0.2807,16.7015,16.6533,15.2540,0.0013,-1.0000
16.6659,1.0000,334.5217,1.4397,0.3830,16.6607,16.6568,15.4060,0.0011,-1.0000
16.6677,1.0000,334.5384,1.2945,0.2814,16.6657,16.6626,15.4490,0.0013,-1.0000
16.6656,1.0000,334.5550,1.0485,0.2762,16.6728,16.6532,15.3455,0.0013,-1.0000
16.6668,1.0000,334.5721,1.3982,0.2894,16.6624,16.6608,15.4661,0.0012,-1.0000
16.6690,1.0000,334.5885,1.2495,0.2786,16.6653,16.6673,14.9377,0.0014,-1.0000
16.6660,1.0000,334.6051,1.2120,0.2862,16.6713,16.6478,14.9556,0.0010,-1.0000
16.6662,1.0000,334.6217,1.3061,0.2752,16.6620,16.6575,15.2060,0.0015,-1.0000
16.6677,1.0000,334.6384,1.1933,0.4230,16.6684,16.6563,15.3499,0.0010,-1.0000
16.6651,1.0000,334.6551,1.7280,0.5577,16.6773,16.6559,15.3917,0.0011,-1.0000
16.6668,1.0000,334.6716,1.6907,0.3776,16.6583,16.6576,15.1640,0.0010,-1.0000
16.6678,1.0000,334.6885,1.4499,0.3221,16.6678,16.6628,15.4859,0.0010,-1.0000
16.6664,1.0000,334.7050,1.3051,0.3455,16.6654,16.6691,15.0893,0.0014,-1.0000
16.6656,1.0000,334.7217,1.2630,0.2943,16.6659,16.6377,15.3521,0.0013,-1.0000
16.6692,1.0000,334.7384,1.4925,0.3481,16.6665,16.6648,15.2905,0.0015,-1.0000
16.6654,1.0000,334.7551,1.1760,0.3708,16.6728,16.7306,15.2232,0.0014,-1.0000
16.6643,1.0000,334.7716,1.5783,0.3230,16.6798,16.5724,15.3059,0.0012,-1.0000
16.6689,1.0000,334.7884,1.2842,0.4011,16.6450,16.6686,15.5737,0.0011,-1.0000
16.6663,1.0000,334.8051,1.3724,0.3171,16.6733,16.6570,15.1914,0.0017,-1.0000
16.6666,1.0000,334.8217,1.5061,0.3149,16.7401,16.6564,15.2857,0.0011,-1.0000
16.6684,1.0000,334.8384,1.2655,0.3130,16.5799,16.6621,15.2513,0.0013,-1.0000
16.6656,1.0000,334.8551,1.0938,0.3574,16.6764,16.6508,15.1823,0.0015,-1.0000
16.6655,1.0000,334.8716,1.4638,0.3561,16.6674,16.6576,15.3043,0.0013,-1.0000
16.6679,1.0000,334.8884,1.3695,0.3502,16.6660,16.6617,15.4779,0.0011,-1.0000
16.6669,1.0000,334.9050,1.4091,0.3379,16.6716,16.6567,15.2416,0.0013,-1.0000
16.6669,1.0000,334.9217,1.4671,0.3121,16.6606,16.6575,15.2694,0.0013,-1.0000
16.6672,1.0000,334.9384,1.3522,0.3042,16.6660,16.6598,15.4736,0.0011,-1.0000
16.6660,1.0000,334.9550,1.1826,0.3893,16.6692,16.6567,15.2662,0.0012,-1.0000
16.6662,1.0000,334.9716,1.4137,0.3467,16.6655,16.6578,15.3576,0.0012,-1.0000
16.6696,1.0000,334.9885,1.3866,0.3213,16.6664,16.6687,15.5127,0.0012,-1.0000
16.6643,1.0000,335.0050,1.1848,0.4072,16.6681,16.6411,15.2278,0.0012,-1.0000
16.6679,1.0000,335.0217,1.3892,0.3204,16.6651,16.6617,15.3145,0.0012,-1.0000
16.6682,1.0000,335.0384,1.2988,0.3111,16.6663,16.6714,15.3055,0.0008,-1.0000
16.6639,1.0000,335.0550,1.1546,0.3240,16.6793,16.6410,15.2290,0.0013,-1.0000
16.6667,1.0000,335.0716,1.4122,0.3325,16.6530,16.6561,15.4450,0.0013,-1.0000
16.6683,1.0000,335.0883,1.3460,0.3331,16.6702,16.6652,15.4688,0.0011,-1.0000
16.6651,1.0000,335.1050,1.3650,0.3442,16.6816,16.6542,15.3945,0.0011,-1.0000
16.6682,1.0000,335.1218,1.4105,0.3314,16.6502,16.6567,15.3666,0.0011,-1.0000
16.6669,1.0000,335.1383,1.2098,0.3210,16.6634,16.6579,15.0674,0.0012,-1.0000
16.6660,1.0000,335.1550,1.1952,0.3235,16.6730,16.6558,15.3474,0.0012,-1.0000
16.6660,1.0000,335.1716,1.2584,0.3144,16.6656,16.6600,15.2996,0.0014,-1.0000
16.6674,1.0000,335.1884,1.2883,0.2975,16.6674,16.6594,15.4147,0.0011,-1.0000
16.6654,1.0000,335.2050,1.5892,0.2810,16.6665,16.6529,15.4815,0.0015,-1.0000
16.6679,1.0000,335.2217,1.3072,0.3159,16.6647,16.6625,15.4364,0.0009,-1.0000
16.6670,1.0000,335.2383,1.3589,0.3370,16.6676,16.6598,15.2405,0.0015,-1.0000
16.6645,1.0000,335.2550,1.2434,0.2648,16.6679,16.6498,15.4287,0.0012,-1.0000
16.6705,1.0000,335.2717,1.1698,0.2664,16.6609,16.6782,15.4168,0.0010,-1.0000
16.6653,1.0000,335.2883,1.2251,0.2750,16.6709,16.6425,15.3839,0.0013,-1.0000
16.6629,1.0000,335.3049,1.4177,0.2783,16.6678,16.6464,15.4252,0.0013,-1.0000
16.6702,1.0000,335.3217,1.2199,0.3032,16.6575,16.6732,15.6706,0.0011,-1.0000
16.6678,1.0000,335.3385,1.2601,0.2958,16.6889,16.6685,15.3596,0.0014,-1.0000
16.6655,1.0000,335.3550,1.2571,0.2799,16.6521,16.6458,15.0368,0.0015,-1.0000
16.6674,1.0000,335.3716,1.2199,0.2450,16.6532,16.6639,15.4841,0.0012,-1.0000
16.6668,1.0000,335.3884,1.0014,0.2725,16.6800,16.6522,15.4631,0.0013,-1.0000
16.6647,1.0000,335.4050,1.3071,0.3974,16.6777,16.6545,15.1739,0.0013,-1.0000
16.6661,1.0000,335.4217,1.6075,0.2645,16.6546,16.6555,15.4527,0.0013,-1.0000
16.6700,1.0000,335.4383,1.1785,0.2799,16.6737,16.6687,15.1068,0.0012,-1.0000
16.6639,1.0000,335.4550,1.1874,0.3972,16.6615,16.6522,15.4097,0.0011,-1.0000
16.6693,1.0000,335.4716,1.4796,0.2528,16.6625,16.6666,15.5217,0.0010,-1.0000
16.6672,1.0000,335.4884,1.2016,0.4357,16.6629,16.6597,15.4401,0.0015,-1.0000
16.6623,1.0000,335.5052,1.5602,0.3163,16.6757,16.6437,15.4477,0.0012,-1.0000
16.6674,1.0000,335.5216,1.2413,0.2699,16.6603,16.6629,15.0567,0.0010,-1.0000
16.6692,1.0000,335.5383,1.1440,0.2899,16.6746,16.6699,15.5548,0.0012,-1.0000
16.6679,1.0000,335.5550,1.2182,0.2671,16.6688,16.6604,15.3671,0.0011,-1.0000
16.6661,1.0000,335.5716,1.1947,0.4053,16.6501,16.6566,15.2938,0.0014,-1.0000
16.6673,1.0000,335.5884,1.6052,0.3157,16.6696,16.6573,15.4543,0.0013,-1.0000
16.6657,1.0000,335.6050,1.1136,0.4192,16.6772,16.6540,15.0830,0.0012,-1.0000
16.6656,1.0000,335.6216,1.2921,0.3722,16.6710,16.6542,15.4439,0.0012,-1.0000
16.6683,1.0000,335.6383,1.3613,0.3797,16.6656,16.6647,15.5021,0.0012,-1.0000
16.6677,1.0000,335.6551,1.2015,0.4057,16.6663,16.6580,15.1297,0.0009,-1.0000
16.6659,1.0000,335.6716,1.5695,0.3435,16.6627,16.6593,15.1813,0.0013,-1.0000
16.6675,1.0000,335.6884,1.2091,0.3148,16.6621,16.6573,15.4748,0.0010,-1.0000
16.6652,1.0000,335.7050,1.1609,0.4022,16.6727,16.6564,15.0648,0.0015,-1.0000
16.6668,1.0000,335.7217,1.5271,0.3834,16.6663,16.7027,15.4371,0.0015,-1.0000
16.6681,1.0000,335.7383,1.4766,0.3177,16.6688,16.6181,15.4550,0.0013,-1.0000
16.6649,1.0000,335.7550,1.1810,0.3540,16.6655,16.6512,15.4812,0.0011,-1.0000
16.6675,1.0000,335.7728,1.5900,0.2628,16.6649,16.6634,15.4303,0.0012,-1.0000
16.6686,1.0000,335.7883,1.2639,0.2524,16.7116,16.6601,13.8485,0.0018,-1.0000
16.6647,1.0000,335.8050,1.1619,0.2649,16.6266,16.6528,15.4784,0.0012,-1.0000
16.6677,1.0000,335.8217,1.1689,0.2808,16.6600,16.6608,15.3731,0.0010,-1.0000
16.6666,1.0000,335.8383,1.2318,0.3157,16.6720,16.6596,15.1241,0.0016,-1.0000
16.6628,1.0000,335.8549,2.8094,0.2718,16.6690,16.6447,15.4723,0.0011,-1.0000
16.6709,1.0000,335.8716,1.1732,0.3242,16.6601,16.6774,15.7217,0.0010,-1.0000
16.6667,1.0000,335.8883,1.2866,0.3502,16.6688,16.6573,15.2808,0.0011,-1.0000
16.6654,1.0000,335.9050,1.5338,0.2637,16.6679,16.6519,15.4843,0.0015,-1.0000
16.6676,1.0000,335.9217,1.1712,0.2536,16.6505,16.6665,15.4585,0.0014,-1.0000
16.6687,1.0000,335.9384,0.9545,0.3170,16.6848,16.6618,15.4670,0.0012,-1.0000
16.6619,1.0000,335.9550,1.3754,0.2782,16.6656,16.6400,15.3127,0.0014,-1.0000
16.6697,1.0000,335.9716,1.1663,0.2995,16.6588,16.6725,15.6403,0.0015,-1.0000
16.6678,1.0000,335.9884,1.2067,0.3016,16.6747,16.6604,15.4251,0.0011,-1.0000
16.6659,1.0000,336.0050,1.1936,0.2766,16.6721,16.6524,15.1237,0.0015,-1.0000
16.6684,1.0000,336.0217,1.3259,0.2578,16.6479,16.6645,15.4551,0.0011,-1.0000
16.6664,1.0000,336.0384,1.0305,0.2713,16.6803,16.6553,15.4203,0.0012,-1.0000
16.6654,1.0000,336.0550,1.2340,0.3550,16.6703,16.6551,15.3310,0.0012,-1.0000
16.6657,1.0000,336.0716,1.5272,0.2497,16.6612,16.6501,15.4533,0.0012,-1.0000
16.6685,1.0000,336.0884,1.2078,0.2749,16.6735,16.6655,15.5301,0.0010,-1.0000
16.6669,1.0000,336.1050,1.2333,0.2774,16.6656,16.6575,15.2727,0.0012,-1.0000
16.6668,1.0000,336.1217,1.3227,0.2696,16.6644,16.6605,15.3903,0.0012,-1.0000
16.6690,1.0000,336.1384,1.1956,0.2594,16.6579,16.6601,15.3886,0.0011,-1.0000
16.6644,1.0000,336.1550,1.1342,0.3259,16.6739,16.6530,15.2402,0.0014,-1.0000
16.6655,1.0000,336.1715,1.3833,0.2700,16.6663,16.6544,15.4403,0.0013,-1.0000
16.6687,1.0000,336.1884,1.2690,0.3176,16.6692,16.6666,15.5062,0.0014,-1.0000
16.6664,1.0000,336.2050,1.2701,0.3370,16.6691,16.6536,15.4243,0.0014,-1.0000
16.6653,1.0000,336.2216,1.4114,0.2646,16.6629,16.6561,15.4538,0.0012,-1.0000
16.6693,1.0000,336.2384,1.2129,0.3140,16.6619,16.6666,15.5687,0.0011,-1.0000
16.6660,1.0000,336.2550,1.1588,0.3426,16.6754,16.6445,15.3240,0.0012,-1.0000
16.6654,1.0000,336.2715,1.2273,0.2962,16.6630,16.6516,15.4484,0.0014,-1.0000
16.6679,1.0000,336.2883,1.2009,0.2749,16.6649,16.6662,15.6258,0.0014,-1.0000
16.6675,1.0000,336.3051,1.0967,0.3222,16.6820,16.6569,15.4516,0.0012,-1.0000
16.6660,1.0000,336.3217,1.3188,0.2712,16.6545,16.6589,15.3552,0.0013,-1.0000
16.6689,1.0000,336.3384,1.2019,0.3025,16.6599,16.6639,15.3844,0.0013,-1.0000
16.6641,1.0000,336.3550,1.0388,0.3084,16.6742,16.6463,15.0966,0.0012,-1.0000
16.6656,1.0000,336.3715,1.2038,0.3328,16.6655,16.6538,15.3631,0.0012,-1.0000
16.6697,1.0000,336.3883,1.3022,0.2756,16.6678,16.6710,15.6546,0.0011,-1.0000
16.6643,1.0000,336.4051,1.2780,0.3497,16.6748,16.6459,15.5118,0.0012,-1.0000
16.6681,1.0000,336.4217,1.5485,0.2852,16.6562,16.6650,15.4204,0.0012,-1.0000
16.6666,1.0000,336.4383,1.2895,0.2906,16.6614,16.6569,15.3140,0.0014,-1.0000
16.6657,1.0000,336.4550,1.0152,0.3005,16.6801,16.6550,15.5269,0.0011,-1.0000
16.6665,1.0000,336.4716,1.1330,0.2903,16.6563,16.6566,15.4753,0.0012,-1.0000
16.6679,1.0000,336.4883,1.2432,0.3561,16.6730,16.6621,15.3927,0.0013,-1.0000
16.6656,1.0000,336.5050,1.3413,0.4355,16.6654,16.6559,15.4532,0.0013,-1.0000
16.6686,1.0000,336.5217,1.1268,0.3173,16.6649,16.6630,15.5403,0.0012,-1.0000
16.6663,1.0000,336.5383,1.1800,0.2752,16.6644,16.6548,15.3500,0.0011,-1.0000
16.6673,1.0000,336.5550,1.2678,0.2808,16.6700,16.6594,15.4906,0.0017,-1.0000
16.6864,1.0000,336.5718,1.2016,0.2569,16.6651,16.6745,15.4868,0.0013,-1.0000
16.6466,1.0000,336.5883,1.1214,0.2961,16.6720,16.6405,15.1529,0.0010,-1.0000
16.6651,1.0000,336.6049,1.3035,0.2675,16.6636,16.6490,15.4902,0.0012,-1.0000
16.6691,1.0000,336.6217,1.1669,0.3217,16.6689,16.6678,15.5752,0.0011,-1.0000
16.6660,1.0000,336.6383,1.1862,0.2733,16.6833,16.6533,15.3951,0.0014,-1.0000
16.6671,1.0000,336.6551,1.4862,0.2588,16.6500,16.6608,15.4694,0.0009,-1.0000
16.6663,1.0000,336.6716,1.1577,0.2718,16.6567,16.6548,15.3756,0.0010,-1.0000
16.6668,1.0000,336.6883,1.0913,0.3021,16.6769,16.6613,15.4580,0.0013,-1.0000
16.6648,1.0000,336.7050,1.2569,0.2710,16.6625,16.6500,15.5024,0.0013,-1.0000
16.6691,1.0000,336.7217,1.1903,0.3039,16.6708,16.6673,15.5050,0.0012,-1.0000
16.6671,1.0000,336.7383,1.2779,0.3110,16.6626,16.6574,15.3274,0.0010,-1.0000
16.6656,1.0000,336.7550,1.2014,0.2682,16.6701,16.6562,15.4863,0.0014,-1.0000
16.6684,1.0000,336.7716,1.1466,0.2503,16.6580,16.6629,15.4721,0.0014,-1.0000
16.6668,1.0000,336.7884,1.1611,0.3216,16.6756,16.6531,15.5475,0.0011,-1.0000
16.6641,1.0000,336.8050,1.3288,0.2574,16.6657,16.6505,15.4481,0.0013,-1.0000
16.6685,1.0000,336.8218,1.1686,0.3332,16.6663,16.6663,15.5527,0.0013,-1.0000
16.6676,1.0000,336.8384,1.1892,0.3206,16.6729,16.6569,15.1903,0.0013,-1.0000
16.6644,1.0000,336.8550,1.1039,0.2678,16.6631,16.6532,15.3781,0.0010,-1.0000
16.6697,1.0000,336.8716,1.2010,0.2546,16.6587,16.6710,15.5264,0.0011,-1.0000
16.6655,1.0000,336.8883,1.1122,0.3582,16.6746,16.6470,15.5612,0.0011,-1.0000
16.6652,1.0000,336.9050,1.4650,0.2650,16.6660,16.6535,15.5401,0.0010,-1.0000
16.6685,1.0000,336.9217,1.2740,0.2861,16.6613,16.6649,15.5117,0.0014,-1.0000
16.6662,1.0000,336.9384,1.1436,0.3665,16.6814,16.7510,15.3768,0.0011,-1.0000
16.6660,1.0000,336.9550,1.0845,0.2725,16.6574,16.5622,15.4292,0.0009,-1.0000
16.6684,1.0000,336.9716,1.1122,0.2615,16.6610,16.6632,15.5329,0.0011,-1.0000
16.6664,1.0000,336.9884,1.1516,0.2752,16.6729,16.6545,15.4888,0.0015,-1.0000
16.6650,1.0000,337.0050,1.3727,0.3099,16.7599,16.6500,15.4458,0.0014,-1.0000
16.6679,1.0000,337.0217,1.1319,0.3253,16.5710,16.6663,15.5180,0.0014,-1.0000
16.6674,1.0000,337.0383,1.1290,0.3447,16.6729,16.6567,15.5146,0.0011,-1.0000
16.6657,1.0000,337.0550,1.1640,0.2609,16.6647,16.6531,15.4124,0.0013,-1.0000
16.6676,1.0000,337.0716,1.2029,0.2636,16.6589,16.6693,15.4924,0.0014,-1.0000
16.6669,1.0000,337.0884,1.1470,0.2876,16.6753,16.6518,15.5021,0.0011,-1.0000
16.6636,1.0000,337.1049,1.1407,0.3314,16.6657,16.6468,15.3888,0.0013,-1.0000
16.6695,1.0000,337.1219,1.2394,0.2741,16.6613,16.6723,15.6322,0.0009,-1.0000
16.6669,1.0000,337.1383,1.1753,0.2887,16.6776,16.6551,14.9495,0.0015,-1.0000
16.6666,1.0000,337.1550,1.1487,0.2778,16.6613,16.6551,15.4733,0.0012,-1.0000
16.6682,1.0000,337.1716,1.2567,0.2484,16.6539,16.6634,15.4256,0.0012,-1.0000
16.6660,1.0000,337.1883,1.0391,0.3895,16.6814,16.6535,15.1627,0.0013,-1.0000
16.6649,1.0000,337.2050,1.7041,0.2760,16.6650,16.6508,15.4269,0.0011,-1.0000
16.6696,1.0000,337.2218,1.1807,0.2785,16.6634,16.6997,15.4984,0.0011,-1.0000
16.6656,1.0000,337.2383,1.2365,0.5090,16.6727,16.6246,14.3536,0.0012,-1.0000
16.6662,1.0000,337.2550,1.4895,0.3119,16.6626,16.6566,15.3619,0.0013,-1.0000
16.6692,1.0000,337.2716,1.2232,0.3166,16.6592,16.6624,15.4776,0.0011,-1.0000
16.6662,1.0000,337.2884,1.1998,0.3141,16.7090,16.6561,15.3625,0.0012,-1.0000
16.6623,1.0000,337.3049,2.2698,0.3180,16.6345,16.6416,15.4225,0.0010,-1.0000
16.6703,1.0000,337.3217,1.2934,0.2582,16.6647,16.6712,15.6485,0.0008,-1.0000
16.6662,1.0000,337.3383,1.1832,0.3277,16.6720,16.6560,15.3561,0.0014,-1.0000
16.6668,1.0000,337.3550,1.2919,0.2894,16.6668,16.6575,15.4524,0.0012,-1.0000
16.6676,1.0000,337.3716,1.2183,0.2695,16.6492,16.6615,15.5517,0.0011,-1.0000
16.6662,1.0000,337.3884,1.0217,0.3390,16.6787,16.6579,15.4270,0.0012,-1.0000
16.6657,1.0000,337.4050,1.2985,0.2767,16.6646,16.6563,15.4699,0.0013,-1.0000
16.6675,1.0000,337.4217,1.2039,0.2854,16.6656,16.6616,15.3749,0.0013,-1.0000
16.6664,1.0000,337.4383,1.1084,0.2978,16.6697,16.6571,15.4281,0.0012,-1.0000
16.6671,1.0000,337.4550,1.2297,0.3270,16.6664,16.6617,15.4610,0.0010,-1.0000
16.6671,1.0000,337.4716,1.1850,0.2572,16.6647,16.6550,15.3826,0.0013,-1.0000
16.6668,1.0000,337.4884,1.2853,0.3212,16.6697,16.6560,15.5203,0.0015,-1.0000
16.6660,1.0000,337.5050,1.2277,0.2644,16.6657,16.6568,15.3328,0.0012,-1.0000
16.6668,1.0000,337.5217,1.1996,0.2722,16.6715,16.6564,15.4327,0.0013,-1.0000
16.6671,1.0000,337.5383,1.2713,0.3377,16.6638,16.6579,15.2566,0.0011,-1.0000
16.6666,1.0000,337.5550,1.1338,0.3092,16.6670,16.6585,15.4709,0.0011,-1.0000
16.6678,1.0000,337.5717,1.3228,0.2750,16.6660,16.6616,15.4644,0.0010,-1.0000
16.6656,1.0000,337.5883,1.2224,0.3735,16.6658,16.6508,15.0091,0.0011,-1.0000
16.6668,1.0000,337.6050,1.4001,0.2547,16.6662,16.6583,15.4756,0.0011,-1.0000
16.6663,1.0000,337.6217,1.1865,0.3083,16.6674,16.6531,15.4351,0.0013,-1.0000
16.6669,1.0000,337.6383,1.1962,0.3453,16.6734,16.6588,15.4310,0.0013,-1.0000
16.6660,1.0000,337.6550,1.6403,0.2723,16.6614,16.6533,15.4491,0.0012,-1.0000
16.6680,1.0000,337.6716,1.1813,0.2827,16.6681,16.6658,15.3922,0.0013,-1.0000
16.6662,1.0000,337.6889,1.2168,0.3612,16.6640,16.6552,15.5207,0.0014,-1.0000
16.6671,1.0000,337.7050,1.2263,0.3059,16.6674,16.6603,14.0976,0.0013,-1.0000
16.6668,1.0000,337.7216,1.2030,0.3087,16.6607,16.6532,15.4720,0.0011,-1.0000
16.6668,1.0000,337.7383,1.2723,0.2983,16.6754,16.6586,15.5292,0.0012,-1.0000
16.6659,1.0000,337.7549,1.1330,0.2942,16.6637,16.6556,15.4535,0.0011,-1.0000
16.6676,1.0000,337.7715,2.5612,0.3163,16.6706,16.6636,15.5863,0.0012,-1.0000
16.6664,1.0000,337.7882,1.1801,0.3183,16.6625,16.6528,15.4740,0.0011,-1.0000
16.6667,1.0000,337.8049,1.1280,0.2740,16.6671,16.6581,15.6598,0.0014,-1.0000
16.6671,1.0000,337.8216,1.2009,0.3049,16.6638,16.6581,15.5368,0.0011,-1.0000
16.6665,1.0000,337.8383,1.0760,0.3563,16.6734,16.6586,15.4846,0.0013,-1.0000
16.6653,1.0000,337.8549,1.1775,0.2679,16.6622,16.6536,15.4845,0.0010,-1.0000
16.6688,1.0000,337.8715,0.9969,0.3180,16.6670,16.6696,15.5474,0.0012,-1.0000
16.6656,1.0000,337.8882,1.1202,0.2984,16.6667,16.6464,15.4985,0.0011,-1.0000
16.6673,1.0000,337.9050,1.1723,0.2706,16.6670,16.6614,15.6335,0.0009,-1.0000
16.6740,1.0000,337.9223,1.1682,0.2564,16.6614,17.3140,15.5301,0.0012,-1.0000
16.6641,1.0000,337.9382,1.1209,0.3044,16.6799,16.0017,14.6056,0.0011,-1.0000
16.6665,1.0000,337.9551,1.1468,0.2705,16.6560,16.6588,15.5627,0.0008,-1.0000
16.6683,1.0000,337.9718,1.0271,0.2766,16.6694,16.6626,15.3838,0.0011,-1.0000
16.6678,1.0000,337.9884,1.7822,0.3293,17.3256,16.6575,15.1066,0.0012,-1.0000
16.6637,1.0000,338.0050,1.3947,0.2817,16.0120,16.6456,15.2537,0.0012,-1.0000
16.6683,1.0000,338.0217,1.0955,0.2846,16.6680,16.6621,15.5050,0.0011,-1.0000
16.6678,1.0000,338.0384,1.2773,0.3185,16.6733,16.6797,15.4159,0.0012,-1.0000
16.6650,1.0000,338.0550,1.5491,0.3030,16.6692,16.6274,15.3825,0.0012,-1.0000
16.6658,1.0000,338.0716,1.3906,0.2782,16.6571,16.6546,15.4779,0.0011,-1.0000
16.6683,1.0000,338.0886,1.1560,0.3048,16.6732,16.6709,15.5440,0.0010,-1.0000
16.6660,1.0000,338.1050,1.2626,0.3125,16.6898,16.6480,15.0669,0.0013,-1.0000
16.6681,1.0000,338.1217,1.2435,0.2770,16.6370,16.6602,15.5112,0.0011,-1.0000
16.6671,1.0000,338.1384,1.1756,0.2688,16.6629,16.6626,15.3648,0.0012,-1.0000
16.6657,1.0000,338.1550,1.1257,0.3260,16.6799,16.6486,15.1954,0.0017,-1.0000
16.6668,1.0000,338.1716,1.5799,0.2852,16.6572,16.6626,15.3667,0.0011,-1.0000
16.6677,1.0000,338.1885,1.1479,0.2651,16.6691,16.7566,15.4405,0.0011,-1.0000
16.6658,1.0000,338.2051,1.2965,0.5786,16.6735,16.6537,15.1081,0.0012,-1.0000
16.6668,1.0000,338.2218,1.4514,0.2851,16.6579,16.6681,15.3940,0.0011,-1.0000
16.6664,1.0000,338.2384,1.2948,0.2471,16.6724,16.6248,15.3232,0.0013,-1.0000
16.6677,1.0000,338.2552,1.3148,0.3418,16.7670,16.6861,15.4019,0.0010,-1.0000
16.6665,1.0000,338.2716,1.5441,0.2590,16.6638,16.6142,15.2431,0.0010,-1.0000
16.6656,1.0000,338.2884,1.2729,0.3114,16.6765,16.6726,15.5082,0.0014,-1.0000
16.6676,1.0000,338.3051,1.3003,0.2571,16.6350,16.6894,15.3688,0.0011,-1.0000
16.6665,1.0000,338.3217,1.2829,0.3111,16.6957,16.5557,15.2329,0.0014,-1.0000
16.6661,1.0000,338.3383,1.3698,0.2949,16.6237,16.6664,15.4278,0.0011,-1.0000
16.6677,1.0000,338.3551,1.1630,0.2602,16.6812,16.6588,15.4828,0.0015,-1.0000
16.6671,1.0000,338.3716,1.3195,0.2802,16.6988,16.6606,15.2419,0.0012,-1.0000
16.6656,1.0000,338.3883,1.3212,0.2636,16.5651,16.6495,15.5895,0.0012,-1.0000
16.6678,1.0000,338.4051,1.2374,0.3061,16.6759,16.6664,15.5185,0.0013,-1.0000
16.6663,1.0000,338.4218,1.1742,0.3239,16.6685,16.7094,15.0531,0.0013,-1.0000
16.6665,1.0000,338.4383,1.4174,0.3045,16.6701,16.5967,15.2958,0.0015,-1.0000
16.6670,1.0000,338.4550,1.0585,0.2664,16.6586,16.6592,15.4931,0.0014,-1.0000
16.6672,1.0000,338.4716,1.1468,0.3456,16.6765,16.6663,15.3336,0.0011,-1.0000
16.6659,1.0000,338.4883,1.6553,0.3183,16.7188,16.6471,15.4560,0.0011,-1.0000
16.6667,1.0000,338.5050,1.2994,0.2687,16.6060,16.6511,15.4941,0.0012,-1.0000
16.6679,1.0000,338.5218,1.1645,0.7489,16.6697,16.7629,15.3262,0.0012,-1.0000
16.6668,1.0000,338.5384,1.3312,0.2663,16.6756,16.5670,15.3163,0.0009,-1.0000
16.6677,1.0000,338.5551,1.1897,0.2525,16.6560,16.6533,15.3825,0.0011,-1.0000
16.6664,1.0000,338.5717,1.1557,0.4289,16.6597,16.6635,15.3686,0.0011,-1.0000
16.6654,1.0000,338.5884,1.4353,0.2634,16.7704,16.6469,15.3204,0.0013,-1.0000
16.6682,1.0000,338.6051,1.2496,0.3214,16.5780,16.6688,15.4802,0.0010,-1.0000
16.6666,1.0000,338.6218,1.2694,0.3210,16.6635,16.6693,15.4214,0.0014,-1.0000
16.6652,1.0000,338.6383,1.2935,0.3707,16.6739,16.6265,15.2694,0.0014,-1.0000
16.6664,1.0000,338.6550,1.3249,0.2759,16.6573,16.6541,15.4697,0.0012,-1.0000
16.6672,1.0000,338.6716,1.1874,0.3257,16.6805,16.6654,15.4532,0.0011,-1.0000
16.6682,1.0000,338.6884,1.2464,0.4144,16.6816,16.6740,15.4975,0.0012,-1.0000
16.6663,1.0000,338.7051,1.3558,0.3348,16.6363,16.7007,15.3316,0.0012,-1.0000
16.6675,1.0000,338.7217,1.1832,0.2855,16.6618,16.6008,15.3281,0.0014,-1.0000
16.6661,1.0000,338.7384,1.2110,0.3043,16.6741,16.6511,15.2925,0.0014,-1.0000
16.6654,1.0000,338.7551,1.1749,0.4011,16.6844,16.6964,15.3613,0.0013,-1.0000
16.6662,1.0000,338.7716,1.3673,0.3318,16.7115,16.6127,15.3783,0.0013,-1.0000
16.6679,1.0000,338.7885,1.2709,0.3610,16.6106,16.6701,15.5905,0.0010,-1.0000
16.6661,1.0000,338.8051,1.3570,0.2827,16.6598,16.7080,15.0786,0.0015,-1.0000
16.6673,1.0000,338.8217,1.3339,0.2888,16.7055,16.6001,15.2072,0.0012,-1.0000
16.6678,1.0000,338.8385,1.2331,0.2707,16.6208,16.6739,15.4640,0.0012,-1.0000
16.6652,1.0000,338.8550,1.0784,0.9773,16.6777,16.6435,14.6163,0.0015,-1.0000
16.6661,1.0000,338.8716,1.6279,0.3073,16.7168,16.7079,15.4367,0.0012,-1.0000
16.6701,1.0000,338.8885,1.3915,0.2847,16.6084,16.6840,15.5427,0.0014,-1.0000
16.6649,1.0000,338.9052,1.2082,0.3667,16.6844,16.6440,15.1668,0.0014,-1.0000
16.6661,1.0000,338.9218,2.0258,0.3072,16.6538,16.6482,15.2816,0.0014,-1.0000
16.6678,1.0000,338.9386,1.2705,0.2667,16.7159,16.7278,15.3705,0.0013,-1.0000
16.6668,1.0000,338.9552,1.1395,0.3425,16.6959,16.7017,15.0240,0.0015,-1.0000
16.6627,1.0000,338.9716,1.4758,0.3021,16.6537,16.5016,15.1747,0.0014,-1.0000
16.6697,1.0000,338.9886,1.3652,0.2852,16.6561,16.7984,15.4122,0.0012,-1.0000
16.6672,1.0000,339.0051,1.3558,0.3708,16.7383,16.5481,15.0705,0.0012,-1.0000
16.6656,1.0000,339.0217,1.6763,0.3214,16.7124,16.6635,15.3776,0.0013,-1.0000
16.6688,1.0000,339.0385,1.3255,0.2516,16.5087,16.7129,15.4826,0.0011,-1.0000
16.6668,1.0000,339.0551,1.3850,0.2974,16.8057,16.5715,15.2961,0.0015,-1.0000
16.6635,1.0000,339.0716,1.4763,0.3408,16.5567,16.6789,15.4309,0.0012,-1.0000
16.6670,1.0000,339.0885,1.2846,0.2765,16.6718,16.7129,15.5470,0.0011,-1.0000
16.6698,1.0000,339.1052,1.2291,0.3401,16.7229,16.6153,15.3693,0.0011,-1.0000
16.6640,1.0000,339.1218,1.2739,0.2843,16.5833,16.6697,15.1450,0.0013,-1.0000
16.6684,1.0000,339.1384,1.2469,0.2693,16.6872,16.6367,15.4663,0.0011,-1.0000
16.6679,1.0000,339.1555,1.1653,0.3158,16.7205,16.7430,15.3059,0.0011,-1.0000
16.6644,1.0000,339.1716,1.2447,0.3699,16.6255,16.5739,14.9405,0.0010,-1.0000
16.6665,1.0000,339.1884,1.5232,0.2804,16.6788,16.6857,15.5511,0.0009,-1.0000
16.6687,1.0000,339.2051,1.1691,0.3204,16.6449,16.6277,15.3980,0.0011,-1.0000
16.6657,1.0000,339.2217,1.4360,0.3632,16.7539,16.6508,15.4125,0.0015,-1.0000
16.6682,1.0000,339.2386,1.6323,0.2546,16.5831,16.7860,15.4066,0.0013,-1.0000
16.6674,1.0000,339.2551,1.1335,0.2967,16.6937,16.5294,15.0939,0.0012,-1.0000
16.6640,1.0000,339.2717,1.2285,0.2990,16.6364,16.6503,15.3826,0.0014,-1.0000
16.6677,1.0000,339.2884,1.2368,0.3270,16.6610,16.6649,15.5359,0.0012,-1.0000
16.6677,1.0000,339.3050,1.3780,0.3558,16.7965,16.6158,15.4306,0.0012,-1.0000
16.6664,1.0000,339.3217,1.4340,0.2942,16.5396,16.6550,15.5089,0.0012,-1.0000
16.6677,1.0000,339.3384,1.2662,0.2775,16.6591,16.6659,15.3820,0.0013,-1.0000
16.6657,1.0000,339.3550,1.1277,0.3468,16.6739,16.6550,15.2896,0.0011,-1.0000
16.6663,1.0000,339.3716,1.1836,0.2851,16.6240,16.6579,15.3439,0.0012,-1.0000
16.6671,1.0000,339.3884,1.1450,0.2961,16.6628,16.6593,15.5908,0.0015,-1.0000
16.6671,1.0000,339.4051,1.2824,0.3500,16.6741,16.6910,15.3047,0.0014,-1.0000
16.6665,1.0000,339.4217,1.3641,0.3185,16.6635,16.6714,15.3980,0.0013,-1.0000
16.6671,1.0000,339.4385,1.3129,0.2823,16.6666,16.6899,15.5118,0.0010,-1.0000
16.6663,1.0000,339.4551,1.0667,0.2822,16.6673,16.6324,15.3976,0.0011,-1.0000
16.6659,1.0000,339.4717,1.3845,0.2906,16.6992,16.6887,15.4519,0.0011,-1.0000
16.6677,1.0000,339.4885,1.2719,0.2908,16.6804,16.6693,15.4259,0.0011,-1.0000
16.6658,1.0000,339.5051,1.1768,0.2736,16.7004,16.5889,15.2357,0.0012,-1.0000
16.6657,1.0000,339.5219,1.2336,0.3392,16.6412,16.6634,15.5005,0.0011,-1.0000
16.6690,1.0000,339.5385,1.2361,0.2785,16.6991,16.7173,15.0698,0.0012,-1.0000
16.6660,1.0000,339.5550,1.2422,0.3285,16.6783,16.5696,15.2267,0.0013,-1.0000
16.6662,1.0000,339.5716,1.3520,0.2940,16.5975,16.6450,15.4739,0.0011,-1.0000
16.6676,1.0000,339.5884,1.1619,0.2779,16.6722,16.6756,15.2513,0.0011,-1.0000
16.6670,1.0000,339.6050,1.6463,0.3709,16.7261,16.6514,15.1677,0.0016,-1.0000
16.6656,1.0000,339.6216,1.3414,0.3217,16.5792,16.6446,15.4624,0.0015,-1.0000
16.6690,1.0000,339.6384,1.1700,0.3564,16.6533,16.6745,15.5502,0.0010,-1.0000
16.6651,1.0000,339.6551,1.4233,0.3768,16.6855,16.7015,15.3570,0.0012,-1.0000
16.6661,1.0000,339.6716,1.4819,0.3092,16.6621,16.6005,15.3314,0.0013,-1.0000
16.6684,1.0000,339.6884,1.1807,0.3030,16.6523,16.6640,15.5197,0.0013,-1.0000
16.6656,1.0000,339.7050,1.1230,0.2960,16.6855,16.6498,15.4209,0.0012,-1.0000
16.6653,1.0000,339.7216,1.3434,0.3219,16.7110,16.6523,15.5942,0.0013,-1.0000
16.6692,1.0000,339.7384,1.2680,0.2774,16.6088,16.6730,15.6213,0.0010,-1.0000
16.6661,1.0000,339.7550,1.1429,0.3061,16.6745,16.6505,15.4169,0.0015,-1.0000
16.6658,1.0000,339.7716,1.2275,0.2786,16.6590,16.6592,15.3883,0.0014,-1.0000
16.6689,1.0000,339.7884,1.0566,0.2730,16.6609,16.6636,15.5788,0.0010,-1.0000
16.6655,1.0000,339.8050,1.0505,0.3243,16.6808,16.6519,15.3392,0.0013,-1.0000
16.6650,1.0000,339.8217,1.2315,0.3340,16.6602,16.6475,15.5307,0.0014,-1.0000
16.6691,1.0000,339.8384,1.2696,0.2773,16.6680,16.6799,15.5539,0.0013,-1.0000
16.6663,1.0000,339.8550,1.0834,0.2986,16.6719,16.6504,15.4687,0.0011,-1.0000
16.6670,1.0000,339.8716,1.3109,0.2762,16.6611,16.6635,15.4631,0.0011,-1.0000
16.6669,1.0000,339.8884,1.1154,0.2861,16.6549,16.6520,15.5423,0.0010,-1.0000
16.6660,1.0000,339.9050,1.1245,0.2796,16.6899,16.6497,14.8856,0.0016,-1.0000
16.6673,1.0000,339.9217,1.1803,0.2946,16.6607,16.6569,15.4212,0.0014,-1.0000
16.6670,1.0000,339.9384,1.1992,0.2809,16.6740,16.7113,15.4118,0.0013,-1.0000
16.6642,1.0000,339.9550,1.1079,0.3521,16.6628,16.6023,15.4360,0.0014,-1.0000
16.6679,1.0000,339.9716,1.7630,0.2949,16.6592,16.6626,15.5471,0.0011,-1.0000
16.6682,1.0000,339.9884,1.2340,0.3546,16.6646,16.7124,15.4426,0.0009,-1.0000
16.6657,1.0000,340.0050,1.2982,0.2839,16.7198,16.5990,15.4327,0.0013,-1.0000
16.6671,1.0000,340.0217,1.1651,0.2764,16.6115,16.6607,15.3930,0.0012,-1.0000
16.6669,1.0000,340.0384,1.1145,0.3844,16.6714,16.7121,15.5013,0.0011,-1.0000
16.6657,1.0000,340.0550,1.2687,0.2770,16.7215,16.5987,15.5035,0.0012,-1.0000
16.6681,1.0000,340.0716,1.1650,0.2819,16.6080,16.6667,15.5513,0.0010,-1.0000
16.6668,1.0000,340.0883,1.2663,0.3340,16.6695,16.6652,15.3550,0.0014,-1.0000
16.6674,1.0000,340.1051,1.2097,0.2812,16.7200,16.7001,15.5263,0.0011,-1.0000
16.6656,1.0000,340.1217,1.0941,0.2672,16.6068,16.6569,15.3325,0.0011,-1.0000
16.6664,1.0000,340.1384,1.1140,0.2819,16.6744,16.6612,15.2310,0.0012,-1.0000
16.6658,1.0000,340.1551,1.3084,0.3030,16.6749,16.6594,15.5122,0.0010,-1.0000
16.6688,1.0000,340.1717,1.1723,0.3490,16.7103,16.6978,15.5066,0.0012,-1.0000
16.6662,1.0000,340.1884,1.3232,0.3281,16.6657,16.6013,15.2009,0.0014,-1.0000
16.6665,1.0000,340.2050,1.4290,0.2768,16.6692,16.6557,15.4723,0.0012,-1.0000
16.6684,1.0000,340.2219,1.1463,0.2747,16.6670,16.8087,15.4522,0.0011,-1.0000
16.6651,1.0000,340.2384,1.1901,0.2785,16.7056,16.5157,15.3391,0.0010,-1.0000
16.6655,1.0000,340.2550,1.3990,0.3363,16.6111,16.6650,15.4764,0.0012,-1.0000
16.6684,1.0000,340.2717,1.1823,0.2946,16.6633,16.7038,15.4460,0.0012,-1.0000
16.6666,1.0000,340.2884,1.3554,0.2891,16.8193,16.5682,15.3158,0.0015,-1.0000
16.6656,1.0000,340.3051,1.1754,0.2742,16.5252,16.7186,15.5296,0.0012,-1.0000
16.6682,1.0000,340.3218,1.1874,0.2632,16.6721,16.6738,15.3285,0.0013,-1.0000
16.6661,1.0000,340.3384,1.2564,0.3378,16.7120,16.6076,15.1372,0.0013,-1.0000
16.6660,1.0000,340.3551,1.2507,0.2838,16.5784,16.6801,15.4629,0.0010,-1.0000
16.6691,1.0000,340.3717,1.1883,0.2627,16.7283,16.6858,15.3966,0.0013,-1.0000
16.6661,1.0000,340.3884,1.3440,0.3540,16.6854,16.6142,14.9514,0.0018,-1.0000
16.6654,1.0000,340.4052,1.4689,0.2672,16.6167,16.6822,15.4216,0.0013,-1.0000
16.6684,1.0000,340.4218,1.2162,0.2817,16.6877,16.6912,15.3560,0.0013,-1.0000
16.6671,1.0000,340.4384,1.2879,0.3950,16.6969,16.6000,15.1446,0.0013,-1.0000
16.6659,1.0000,340.4551,1.6608,0.2882,16.6242,16.6553,15.3147,0.0012,-1.0000
16.6676,1.0000,340.4724,1.2594,0.2559,16.6913,16.7980,15.2840,0.0012,-1.0000
16.6662,1.0000,340.4885,1.3336,0.3590,16.7012,16.5015,13.8215,0.0020,-1.0000
16.6667,1.0000,340.5051,1.4543,0.3066,16.6102,16.6693,14.8111,0.0017,-1.0000
16.6686,1.0000,340.5218,1.3391,0.2728,16.6653,16.6648,15.3929,0.0012,-1.0000
16.6668,1.0000,340.5385,1.5125,0.3194,16.8094,16.6237,15.3824,0.0016,-1.0000
16.6646,1.0000,340.5550,2.6780,0.3317,16.5126,16.6356,15.1932,0.0015,-1.0000
16.6668,1.0000,340.5717,1.8565,0.3411,16.6782,16.6538,15.5409,0.0011,-1.0000
16.6685,1.0000,340.5884,1.2707,0.2634,16.6743,16.6697,15.5002,0.0013,-1.0000
16.6652,1.0000,340.6051,1.2398,0.3401,16.6372,16.6500,15.3689,0.0012,-1.0000
16.6640,1.0000,340.6216,1.4406,0.2818,16.6453,16.6427,15.4674,0.0011,-1.0000
16.6712,1.0000,340.6385,1.1116,0.2760,16.6622,16.7100,15.6388,0.0010,-1.0000
16.6653,1.0000,340.6551,1.1679,0.3100,16.6787,16.6190,15.3254,0.0014,-1.0000
16.6668,1.0000,340.6716,1.2798,0.2862,16.6591,16.6408,15.3294,0.0011,-1.0000
16.6675,1.0000,340.6884,1.1741,0.2702,16.6499,16.6599,15.5583,0.0012,-1.0000
16.6664,1.0000,340.7050,1.0697,0.3058,16.7183,16.6534,15.3634,0.0013,-1.0000
16.6663,1.0000,340.7217,1.2920,0.2836,16.6285,16.6788,15.5037,0.0012,-1.0000
16.6646,1.0000,340.7384,1.3100,0.3022,16.6489,16.6304,15.5158,0.0010,-1.0000
16.6706,1.0000,340.7551,1.1006,0.3744,16.6710,16.6715,15.4682,0.0016,-1.0000
16.6640,1.0000,340.7716,1.2889,0.3577,16.6641,16.6454,15.3382,0.0012,-1.0000
16.6682,1.0000,340.7884,1.1738,0.2884,16.6866,16.6663,15.5443,0.0012,-1.0000
16.6684,1.0000,340.8050,1.1139,0.3058,16.6382,16.6587,14.8722,0.0013,-1.0000
16.6639,1.0000,340.8217,1.2016,0.2920,16.6810,16.6471,15.4808,0.0012,-1.0000
16.6672,1.0000,340.8383,1.3061,0.2958,16.6542,16.6657,15.4757,0.0012,-1.0000
16.6691,1.0000,340.8551,1.1208,0.3331,16.6752,16.6629,15.4635,0.0014,-1.0000
16.6645,1.0000,340.8716,1.7851,0.2782,16.6684,16.6487,15.4836,0.0012,-1.0000
16.6679,1.0000,340.8884,1.1653,0.2750,16.6552,16.6648,15.6195,0.0009,-1.0000
16.6673,1.0000,340.9051,1.1887,0.2725,16.6734,16.6563,15.3324,0.0012,-1.0000
16.6653,1.0000,340.9217,1.1977,0.2864,16.6716,16.6527,15.3503,0.0010,-1.0000
16.6667,1.0000,340.9384,1.1639,0.3118,16.6579,16.6612,15.5412,0.0015,-1.0000
16.6675,1.0000,340.9550,1.0442,0.2709,16.6742,16.6609,15.4718,0.0011,-1.0000
16.6669,1.0000,340.9716,1.3222,0.3097,16.6664,16.6561,15.5094,0.0012,-1.0000
16.6660,1.0000,340.9884,1.3013,0.2687,16.6611,16.6587,15.6391,0.0011,-1.0000
16.6673,1.0000,341.0050,1.1184,0.2743,16.6693,16.6603,15.4294,0.0012,-1.0000
16.6669,1.0000,341.0217,1.1877,0.2864,16.6687,16.6582,15.4975,0.0012,-1.0000
16.6663,1.0000,341.0384,1.1455,0.2763,16.6653,16.6602,15.5486,0.0012,-1.0000
16.6670,1.0000,341.0551,1.0182,0.2844,16.6666,16.6545,15.4496,0.0013,-1.0000
16.6667,1.0000,341.0716,1.2296,0.2998,16.6686,16.6550,15.4673,0.0011,-1.0000
16.6668,1.0000,341.0886,1.1595,0.2932,16.6670,16.6647,15.5626,0.0011,-1.0000
16.6662,1.0000,341.1051,1.1103,0.2791,16.6697,16.6511,14.6554,0.0019,-1.0000
