frame_ms,focused,elapsed,CPU Main Thread Frame Time,CPU Render Thread Frame Time,CPU Total Frame Time,PlayerLoop,WaitForTargetFPS,Gfx.WaitForPresentOnGfxThread,Gfx.WaitForGfxCommandsFromMainThread
16.6673,0.0000,229.9533,1.4624,0.3064,15.6636,16.6618,15.4137,0.0011,-1.0000
16.6658,0.0000,229.9697,1.2483,0.3303,16.6676,16.6547,15.2305,0.0013,-1.0000
16.6679,0.0000,229.9865,1.3395,0.3967,16.6708,16.6619,15.5546,0.0009,-1.0000
16.6664,0.0000,230.0031,1.5574,0.3363,16.6604,16.6545,15.3497,0.0011,-1.0000
16.6648,0.0000,230.0198,1.2467,0.2830,16.6713,16.6537,15.4313,0.0012,-1.0000
16.6685,0.0000,230.0365,1.4227,0.3310,16.6641,16.6612,15.4817,0.0010,-1.0000
16.6670,0.0000,230.0531,1.1063,0.3246,16.6708,16.6608,15.2834,0.0013,-1.0000
16.6664,0.0000,230.0697,1.3036,0.2649,16.6636,16.6546,15.3206,0.0012,-1.0000
16.6674,0.0000,230.0865,1.2209,0.2663,16.6625,16.6587,15.4789,0.0010,-1.0000
16.6659,0.0000,230.1031,1.1783,0.3253,16.6705,16.6518,15.1326,0.0012,-1.0000
16.6673,0.0000,230.1199,1.3760,0.3264,16.6707,16.6619,15.4503,0.0011,-1.0000
17.1151,0.0000,230.1370,1.3328,0.2750,16.6636,17.1102,15.5441,0.0013,-1.0000
16.6655,0.0000,230.1536,1.1784,0.3007,16.6695,16.6454,15.2728,0.0013,-1.0000
16.6663,0.0000,230.1701,1.5180,0.2727,16.6610,16.6613,15.4272,0.0010,-1.0000
16.7714,0.0000,230.1877,1.2105,0.2766,16.6711,16.7642,15.5392,0.0008,-1.0000
16.6630,0.0000,230.2037,1.5644,0.3091,17.1216,16.6449,14.5714,0.0014,-1.0000
16.6676,0.0000,230.2204,1.3710,0.3027,16.6552,16.6619,15.4302,0.0013,-1.0000
16.6670,0.0000,230.2370,1.2329,0.3621,16.6700,16.6585,15.2467,0.0017,-1.0000
16.6656,0.0000,230.2539,1.2240,0.3195,16.7755,16.6536,15.4041,0.0011,-1.0000
16.6665,0.0000,230.2702,2.0721,0.2700,16.6552,16.6585,15.3002,0.0016,-1.0000
16.6692,0.0000,230.2871,1.2304,0.2952,16.6708,16.6665,15.5678,0.0008,-1.0000
16.6651,0.0000,230.3036,1.4100,0.3048,16.6683,16.6470,15.0538,0.0011,-1.0000
16.6684,0.0000,230.3204,1.2484,0.2729,16.6640,16.6673,15.3242,0.0010,-1.0000
16.6662,0.0000,230.3371,1.3566,0.3622,16.6661,16.6496,15.1136,0.0013,-1.0000
16.6675,0.0000,230.3538,1.0976,0.5023,16.6760,16.6566,15.2431,0.0012,-1.0000
16.6656,0.0000,230.3703,1.5919,0.3131,16.6565,16.6527,15.1250,0.0012,-1.0000
16.6661,0.0000,230.3870,1.3422,0.3272,16.6777,16.6558,15.3392,0.0009,-1.0000
16.6787,0.0000,230.4037,1.5345,0.3609,16.6615,16.6690,15.3337,0.0011,-1.0000
16.6692,0.0000,230.4206,1.4122,0.3191,16.6675,16.6690,15.2260,0.0010,-1.0000
16.6648,0.0000,230.4371,1.5263,0.3138,16.6639,16.6279,14.8659,0.0013,-1.0000
16.6707,0.0000,230.4537,1.3155,0.3002,16.6660,16.6640,15.0290,0.0011,-1.0000
16.6616,0.0000,230.4703,1.3335,0.4394,16.6798,16.6413,15.4114,0.0014,-1.0000
16.6660,0.0000,230.4870,1.4414,0.3396,16.6971,16.6540,15.4713,0.0009,-1.0000
16.6674,0.0000,230.5037,1.7603,0.4491,16.6410,16.6600,15.4533,0.0009,-1.0000
16.6666,0.0000,230.5204,1.6332,0.2525,16.6748,16.6584,15.4531,0.0012,-1.0000
16.6659,0.0000,230.5370,1.2282,0.3101,16.6522,16.6534,15.2309,0.0011,-1.0000
16.6653,0.0000,230.5537,1.1818,0.2813,16.6638,16.6549,15.4114,0.0009,-1.0000
16.6703,0.0000,230.5703,1.2056,0.2691,16.6681,16.6717,15.5427,0.0012,-1.0000
16.6650,0.0000,230.5870,1.2040,0.4218,16.6685,16.6471,14.3179,0.0014,-1.0000
16.6660,0.0000,230.6036,1.4213,0.2871,16.6623,16.6566,15.4737,0.0013,-1.0000
16.6682,0.0000,230.6204,1.2424,0.2578,16.6618,16.6664,15.6010,0.0009,-1.0000
16.6654,0.0000,230.6370,1.1280,1.1563,16.6816,16.6499,15.1788,0.0011,-1.0000
16.6648,0.0000,230.6536,2.3278,0.2798,16.6569,16.6538,15.5205,0.0010,-1.0000
16.6700,0.0000,230.6705,1.1813,0.2604,16.6646,16.6699,15.5489,0.0009,-1.0000
16.6666,0.0000,230.6870,1.0642,0.4496,16.6758,16.6536,14.3687,0.0014,-1.0000
16.6660,0.0000,230.7037,1.4699,0.2571,16.6580,16.6535,15.4119,0.0012,-1.0000
16.6687,0.0000,230.7204,1.1320,0.2743,16.6614,16.6663,15.4654,0.0010,-1.0000
16.6654,0.0000,230.7370,1.1199,0.2983,16.6797,16.6508,15.3024,0.0013,-1.0000
16.6651,0.0000,230.7536,2.2832,0.2669,16.6635,16.6525,15.4903,0.0008,-1.0000
16.6700,0.0000,230.7703,1.2403,0.2852,16.6617,16.6757,15.5505,0.0011,-1.0000
16.6644,0.0000,230.7870,1.1993,0.2857,16.6762,16.6439,15.4193,0.0009,-1.0000
16.6670,0.0000,230.8036,1.3470,0.2720,16.6612,16.6580,15.4428,0.0011,-1.0000
16.6690,0.0000,230.8205,1.1614,0.3307,16.6586,16.6642,15.4498,0.0010,-1.0000
16.6642,0.0000,230.8371,1.1241,0.3152,16.6861,16.6487,15.2875,0.0010,-1.0000
16.6662,0.0000,230.8537,1.2237,0.2649,16.6541,16.6615,15.4093,0.0011,-1.0000
16.6685,0.0000,230.8703,1.2141,0.2777,16.6663,16.6788,15.5021,0.0010,-1.0000
16.6655,0.0000,230.8870,1.2132,0.2939,16.6746,16.6348,14.3642,0.0010,-1.0000
16.6673,0.0000,230.9037,1.3603,0.2622,16.6583,16.6624,15.3804,0.0012,-1.0000
16.6681,0.0000,230.9207,1.2507,0.2804,16.6692,16.6605,15.2506,0.0013,-1.0000
16.6638,0.0000,230.9370,1.1754,0.9585,16.6877,16.6482,14.7783,0.0026,-1.0000
16.6681,0.0000,230.9537,2.2692,0.2872,16.6424,16.6646,15.4463,0.0009,-1.0000
18.6897,0.0000,230.9723,1.2808,0.2672,16.6713,18.6831,15.3666,0.0012,-1.0000
14.6420,0.0000,230.9870,1.4084,0.9811,16.6700,14.6261,13.3849,0.0010,-1.0000
16.6698,0.0000,231.0043,1.8675,0.2854,16.6559,16.6688,15.5789,0.0007,-1.0000
18.2465,0.0000,231.0220,1.2170,0.2432,16.6728,18.2345,14.3805,0.0014,-1.0000
15.0852,0.0000,231.0370,3.3155,0.2632,18.6939,15.0738,13.7237,0.0009,-1.0000
16.6672,0.0000,231.0537,1.2400,0.3127,14.6325,16.6632,15.4897,0.0010,-1.0000
16.7175,0.0000,231.0704,1.0892,0.3237,16.6780,16.7044,15.0572,0.0010,-1.0000
16.6166,0.0000,231.0870,3.8524,0.2910,18.2440,16.6057,15.3550,0.0008,-1.0000
16.6669,0.0000,231.1037,1.3492,0.3232,15.0829,16.6586,15.4037,0.0013,-1.0000
16.6665,0.0000,231.1205,1.1723,0.3360,16.6745,16.6588,15.4207,0.0014,-1.0000
16.6660,0.0000,231.1370,1.6461,0.3166,16.7148,16.6565,15.2383,0.0011,-1.0000
16.6673,0.0000,231.1538,1.2500,0.2794,16.6147,16.6557,15.4052,0.0012,-1.0000
16.6667,0.0000,231.1703,1.2534,0.2681,16.6672,16.6594,15.1617,0.0011,-1.0000
16.6682,0.0000,231.1870,1.2368,0.3303,16.6675,16.6608,15.3862,0.0011,-1.0000
16.6648,0.0000,231.2037,1.4174,0.3174,16.6666,16.6510,15.3850,0.0013,-1.0000
16.6680,0.0000,231.2204,1.2494,0.3600,16.6649,16.6659,15.2056,0.0024,-1.0000
16.6639,0.0000,231.2370,1.4966,0.3045,16.6678,16.6424,15.1977,0.0013,-1.0000
16.6687,0.0000,231.2537,1.2734,0.2687,16.6697,16.6656,15.3870,0.0010,-1.0000
16.6685,0.0000,231.2704,1.2648,0.3944,16.6604,16.6604,15.3260,0.0009,-1.0000
16.6665,0.0000,231.2872,1.4579,0.3295,16.6771,16.6561,15.2241,0.0008,-1.0000
16.6662,0.0000,231.3038,1.4433,0.3709,16.6512,16.6543,15.0421,0.0011,-1.0000
16.6695,0.0000,231.3204,1.2766,0.3294,16.6742,16.6640,15.1700,0.0010,-1.0000
16.6650,0.0000,231.3372,1.3334,0.3753,16.6723,16.6546,15.2708,0.0012,-1.0000
16.6665,0.0000,231.3538,1.4302,0.2853,16.6658,16.6566,15.0672,0.0016,-1.0000
16.6659,0.0000,231.3703,1.6111,0.3623,16.6631,16.6556,15.1999,0.0013,-1.0000
16.6668,0.0000,231.3871,1.4927,0.2968,16.6725,16.6558,14.8079,0.0010,-1.0000
16.6664,0.0000,231.4037,1.3825,0.3243,16.6638,16.6565,15.3260,0.0010,-1.0000
16.6644,0.0000,231.4203,1.5876,0.2590,16.6674,16.6485,15.4594,0.0010,-1.0000
16.6709,0.0000,231.4370,1.4544,0.5053,16.6658,16.6714,15.5506,0.0010,-1.0000
16.6682,0.0000,231.4548,1.8469,0.3099,16.6658,16.6640,15.3994,0.0013,-1.0000
17.2056,0.0000,231.4708,1.3295,0.2599,16.6664,17.1833,14.1341,0.0012,-1.0000
16.1228,0.0000,231.4870,1.1880,0.2724,16.6569,16.1057,15.0245,0.0009,-1.0000
16.6902,0.0000,231.5043,1.1198,0.2793,16.6814,16.7102,15.3756,0.0010,-1.0000
16.6456,0.0000,231.5204,1.2632,0.3003,16.6782,16.6143,14.7280,0.0013,-1.0000
16.6635,0.0000,231.5370,3.0484,0.2719,17.1951,16.6463,15.4374,0.0014,-1.0000
16.6704,0.0000,231.5537,1.0803,0.2441,16.1130,16.6742,15.5125,0.0011,-1.0000
16.6654,0.0000,231.5703,1.3335,0.2863,16.7180,16.6530,15.2465,0.0012,-1.0000
16.6657,0.0000,231.5870,1.8849,0.2911,16.6238,16.6530,15.4087,0.0009,-1.0000
16.6687,0.0000,231.6037,1.2076,0.2518,16.6534,16.6718,15.5347,0.0010,-1.0000
16.6662,0.0000,231.6204,1.1603,0.2849,16.6827,16.6514,15.3075,0.0012,-1.0000
16.6641,0.0000,231.6370,1.4050,0.2774,16.6625,16.6483,15.4251,0.0011,-1.0000
16.6702,0.0000,231.6539,1.2435,0.2595,16.6603,16.6747,15.5422,0.0012,-1.0000
16.6662,0.0000,231.6702,1.1359,0.2747,16.6804,16.6519,15.2758,0.0010,-1.0000
16.6652,0.0000,231.6870,1.3427,0.2860,16.6604,16.6525,15.5580,0.0011,-1.0000
16.6686,0.0000,231.7039,1.2222,0.2949,16.6547,16.7185,15.4858,0.0009,-1.0000
16.6676,0.0000,231.7204,1.1312,0.3175,16.6832,16.6032,15.0253,0.0015,-1.0000
16.6621,0.0000,231.7369,1.3749,0.2952,16.6616,16.6461,15.4813,0.0014,-1.0000
16.6693,0.0000,231.7537,1.0935,0.3162,16.6603,16.6719,15.7184,0.0009,-1.0000
16.6672,0.0000,231.7703,1.2317,0.2754,16.7281,16.6589,15.3836,0.0010,-1.0000
16.6671,0.0000,231.7870,1.5760,0.2605,16.6120,16.6587,15.4725,0.0008,-1.0000
16.6670,0.0000,231.8036,1.1635,0.2446,16.6538,16.6608,15.4066,0.0013,-1.0000
16.6669,0.0000,231.8204,0.9527,0.2674,16.6786,16.6563,15.4354,0.0012,-1.0000
16.6659,0.0000,231.8370,1.2743,0.2456,16.6674,16.6565,15.4552,0.0012,-1.0000
16.6673,0.0000,231.8537,1.1852,0.2649,16.6678,16.6599,15.4706,0.0010,-1.0000
16.6668,0.0000,231.8703,1.2528,0.3055,16.6697,16.6592,15.2178,0.0012,-1.0000
16.6667,0.0000,231.8870,1.2195,0.2748,16.6643,16.6561,15.4218,0.0011,-1.0000
16.6670,0.0000,231.9037,1.2001,0.3091,16.6645,16.6621,15.4040,0.0013,-1.0000
16.6663,0.0000,231.9204,1.1881,0.3050,16.6683,16.6531,15.3142,0.0009,-1.0000
16.6655,0.0000,231.9370,1.4402,0.2891,16.6678,16.6532,15.4151,0.0010,-1.0000
16.6701,0.0000,231.9541,1.2330,0.3196,16.6649,16.6678,15.5772,0.0012,-1.0000
16.6648,0.0000,231.9703,1.2567,0.3182,16.6717,16.6521,14.1958,0.0017,-1.0000
16.6652,0.0000,231.9870,1.3378,0.3224,16.6613,16.6533,15.5580,0.0010,-1.0000
16.7503,0.0000,232.0041,1.2369,0.2504,16.6610,16.7528,15.5955,0.0009,-1.0000
16.6650,0.0000,232.0204,1.0893,0.3557,16.6778,16.6466,15.0028,0.0015,-1.0000
16.6648,0.0000,232.0371,2.4546,0.2863,16.6612,16.6530,15.4534,0.0011,-1.0000
16.6717,0.0000,232.0538,1.0942,0.2884,16.6607,16.6709,15.4939,0.0010,-1.0000
16.6644,0.0000,232.0703,1.1559,0.2915,16.7633,16.6520,15.2291,0.0010,-1.0000
16.6667,0.0000,232.0871,1.6420,0.2682,16.6573,16.6564,15.5260,0.0013,-1.0000
16.6663,0.0000,232.1038,1.1983,0.3101,16.6609,16.6579,15.5124,0.0012,-1.0000
16.6668,0.0000,232.1205,1.1758,0.2748,16.6806,16.6578,15.3346,0.0013,-1.0000
16.6663,0.0000,232.1371,1.4215,0.2678,16.6607,16.6593,15.2353,0.0011,-1.0000
16.6680,0.0000,232.1538,1.1288,0.3173,16.6653,16.6627,15.4775,0.0011,-1.0000
16.6657,0.0000,232.1703,1.1445,0.2700,16.6664,16.6475,15.3570,0.0013,-1.0000
16.6681,0.0000,232.1872,1.3217,0.3187,16.6670,16.6709,15.5001,0.0010,-1.0000
16.6664,0.0000,232.2039,1.4228,0.2720,16.6673,16.6553,15.2427,0.0012,-1.0000
16.6657,0.0000,232.2204,1.1837,0.4033,16.6758,16.6427,15.0411,0.0010,-1.0000
16.6670,0.0000,232.2371,1.2892,0.3054,16.6578,16.6607,15.5254,0.0012,-1.0000
16.6670,0.0000,232.2538,1.1698,0.4710,16.6814,16.6590,15.3198,0.0013,-1.0000
16.6666,0.0000,232.2704,1.4113,0.3846,16.6657,16.6566,15.3910,0.0010,-1.0000
16.6653,0.0000,232.2871,1.6003,0.2723,16.6520,16.6516,15.5030,0.0011,-1.0000
16.6682,0.0000,232.3038,1.1340,0.2696,16.6692,16.6681,15.4891,0.0011,-1.0000
16.6668,0.0000,232.3205,1.3378,0.3107,16.6682,16.6525,15.4367,0.0014,-1.0000
16.6643,0.0000,232.3371,1.2646,0.2765,16.6658,16.6518,14.5955,0.0011,-1.0000
16.6693,0.0000,232.3538,1.1473,0.3304,16.6601,16.6638,15.4533,0.0012,-1.0000
16.6712,0.0000,232.3704,1.1778,0.3354,16.6773,16.6638,15.4846,0.0015,-1.0000
16.6606,0.0000,232.3871,1.2148,0.4441,16.6625,16.6437,14.4578,0.0012,-1.0000
16.6685,0.0000,232.4038,2.0552,0.2856,16.6607,16.6689,15.4898,0.0012,-1.0000
16.6749,0.0000,232.4206,1.2092,0.2653,16.6717,16.6711,15.3404,0.0012,-1.0000
16.6582,0.0000,232.4371,1.1773,0.3641,16.6742,16.6376,14.9490,0.0012,-1.0000
16.6674,0.0000,232.4540,2.1846,0.2696,16.6515,16.6663,15.4398,0.0011,-1.0000
16.6676,0.0000,232.4704,1.1778,0.3318,16.6766,16.6542,14.8813,0.0013,-1.0000
16.6657,0.0000,232.4872,1.3295,0.3187,16.6824,16.6506,15.4044,0.0011,-1.0000
16.6657,0.0000,232.5038,1.6874,0.2654,16.6471,16.6532,15.3745,0.0012,-1.0000
16.6673,0.0000,232.5206,1.2252,0.2772,16.6764,16.6638,15.4596,0.0012,-1.0000
16.6668,0.0000,232.5371,1.7715,0.3214,16.6653,16.6545,15.0744,0.0013,-1.0000
16.6668,0.0000,232.5538,1.2448,0.2645,16.6608,16.6604,15.4410,0.0012,-1.0000
16.6669,0.0000,232.5703,1.2773,0.2650,16.6618,16.6574,15.4106,0.0010,-1.0000
16.6684,0.0000,232.5876,1.2029,0.3195,16.6727,16.6606,15.5501,0.0011,-1.0000
16.6636,0.0000,232.6038,1.5790,0.3058,16.6641,16.6501,14.1597,0.0019,-1.0000
16.6670,0.0000,232.6204,1.2182,0.2719,16.6684,16.6572,15.3979,0.0012,-1.0000
16.6686,0.0000,232.6371,1.2456,0.3157,16.6659,16.6660,15.4975,0.0011,-1.0000
16.6665,0.0000,232.6538,1.1092,0.3159,16.6706,16.6554,15.3533,0.0011,-1.0000
16.6659,0.0000,232.6703,2.4886,0.2757,16.6593,16.6563,15.4274,0.0011,-1.0000
16.6677,0.0000,232.6871,1.2583,0.2659,16.6648,16.6618,15.5606,0.0010,-1.0000
16.6664,0.0000,232.7038,1.1672,0.2651,16.6748,16.6566,15.4069,0.0011,-1.0000
16.6666,0.0000,232.7204,1.3008,0.2914,16.6644,16.6554,15.4991,0.0011,-1.0000
16.6685,0.0000,232.7372,1.2280,0.2712,16.6641,16.6636,15.4460,0.0012,-1.0000
16.6651,0.0000,232.7538,1.1000,0.3170,16.6698,16.6548,15.1557,0.0014,-1.0000
16.6670,0.0000,232.7704,1.2485,0.2870,16.6663,16.6597,15.3738,0.0014,-1.0000
16.9535,0.0000,232.7876,1.1552,0.2727,16.6642,16.9727,15.7839,0.0012,-1.0000
16.6647,0.0000,232.8041,1.2162,0.4121,16.6720,16.6222,14.8332,0.0018,-1.0000
16.6645,0.0000,232.8207,1.4976,0.2945,16.6636,16.6482,15.4382,0.0011,-1.0000
16.6694,0.0000,232.8375,1.2844,0.3161,16.6693,16.6737,15.5434,0.0011,-1.0000
16.6662,0.0000,232.8541,1.1872,0.3711,16.9840,16.6499,13.3967,0.0012,-1.0000
16.6659,0.0000,232.8706,1.7873,0.2979,16.6339,16.6532,15.4392,0.0013,-1.0000
16.7101,0.0000,232.8885,1.2089,0.2521,16.6554,16.7138,15.5948,0.0009,-1.0000
16.6649,0.0000,232.9041,1.1291,1.8694,16.6842,16.6456,14.2888,0.0014,-1.0000
16.6662,0.0000,232.9209,3.2522,0.3027,16.6592,16.6579,15.4627,0.0011,-1.0000
16.6682,0.0000,232.9375,1.2127,0.2652,16.6612,16.6582,15.4405,0.0009,-1.0000
16.6649,0.0000,232.9541,1.1182,0.3144,16.7238,16.6541,15.2296,0.0013,-1.0000
16.6675,0.0000,232.9707,2.3552,0.2587,16.6566,16.6594,15.3667,0.0012,-1.0000
16.6665,0.0000,232.9874,1.1939,0.2785,16.6676,16.6600,15.5896,0.0009,-1.0000
20.6321,0.0000,233.0085,1.2167,0.3598,16.6670,20.6400,19.4178,0.0011,-1.0000
16.7980,0.0000,233.0253,1.4232,0.2874,16.6627,16.8381,14.4889,0.0017,-1.0000
32.7726,0.0000,233.0578,1.2912,0.2511,16.6674,32.6899,30.5922,0.0015,-1.0000
16.6663,0.0000,233.0743,1.0695,0.2961,16.6689,16.6535,15.0562,0.0012,-1.0000
16.6671,0.0000,233.0910,1.2209,0.3110,20.6511,16.6602,15.5032,0.0008,-1.0000
16.6659,0.0000,233.1076,2.3474,0.3409,16.8540,16.6529,15.1640,0.0016,-1.0000
16.6669,0.0000,233.1243,2.0961,0.4107,32.7004,16.6595,15.2685,0.0011,-1.0000
16.6667,0.0000,233.1410,1.5960,0.2720,16.6626,16.6561,15.4671,0.0013,-1.0000
16.6660,0.0000,233.1577,1.1557,1.0121,16.6701,16.6572,15.4526,0.0010,-1.0000
16.6674,0.0000,233.1743,1.4875,0.3138,16.6622,16.6598,15.4378,0.0011,-1.0000
16.6626,0.0000,233.1908,1.3896,0.2749,16.6680,16.6450,15.4693,0.0009,-1.0000
16.6695,0.0000,233.2076,1.1876,0.2911,16.6651,16.6738,15.7892,0.0006,-1.0000
16.6676,0.0000,233.2243,1.2037,0.2747,16.6659,16.6628,14.7141,0.0012,-1.0000
16.6650,0.0000,233.2409,1.2207,0.2629,16.6680,16.6489,15.4061,0.0013,-1.0000
16.6696,0.0000,233.2577,1.1747,0.2356,16.6510,16.6737,15.5850,0.0009,-1.0000
16.6660,0.0000,233.2743,0.8836,0.3374,16.6794,16.6525,14.0159,0.0011,-1.0000
16.6644,0.0000,233.2909,1.9473,0.3628,16.6703,16.6494,15.4727,0.0013,-1.0000
16.6696,0.0000,233.3078,1.2415,0.2628,16.6565,16.6682,15.5311,0.0011,-1.0000
16.6661,0.0000,233.3243,1.0875,0.4079,16.6820,16.6610,14.8340,0.0013,-1.0000
16.6667,0.0000,233.3410,2.6357,0.2642,16.6617,16.6516,15.4779,0.0011,-1.0000
16.6677,0.0000,233.3577,1.1756,0.2520,16.6581,16.6602,15.4420,0.0011,-1.0000
16.6626,0.0000,233.3742,1.1359,0.3212,16.6768,16.6466,15.4423,0.0012,-1.0000
16.6708,0.0000,233.3909,1.8257,0.2649,16.6692,16.6756,15.6709,0.0007,-1.0000
16.6661,0.0000,233.4076,1.1725,0.3086,16.6601,16.6539,15.3993,0.0016,-1.0000
16.6637,0.0000,233.4242,1.2170,0.2780,16.6694,16.6498,15.4612,0.0012,-1.0000
16.6699,0.0000,233.4410,1.2032,0.2243,16.6525,16.6684,15.6332,0.0011,-1.0000
16.6668,0.0000,233.4576,1.0036,0.2629,16.6835,16.6568,15.3698,0.0014,-1.0000
16.6628,0.0000,233.4742,1.2530,0.2945,16.6636,16.6467,15.5775,0.0011,-1.0000
16.6701,0.0000,233.4909,1.1875,0.2871,16.6573,16.6743,15.6399,0.0010,-1.0000
16.6672,0.0000,233.5076,1.0339,0.2689,16.6765,16.6570,15.3752,0.0009,-1.0000
16.6643,0.0000,233.5242,1.2854,0.2683,16.6660,16.6496,15.4282,0.0014,-1.0000
16.6683,0.0000,233.5410,1.0683,0.2312,16.6533,16.6673,15.5966,0.0008,-1.0000
16.6679,0.0000,233.5577,1.0331,1.0044,16.6816,16.6603,15.3545,0.0014,-1.0000
16.6637,0.0000,233.5743,1.2803,0.2957,16.6666,16.7040,15.4071,0.0011,-1.0000
16.6699,0.0000,233.5909,1.2200,0.2875,16.6572,16.6138,15.5942,0.0010,-1.0000
16.6672,0.0000,233.6077,1.0696,0.2691,16.6744,16.6575,14.5751,0.0012,-1.0000
16.6651,0.0000,233.6243,1.3042,0.2663,16.6695,16.6522,15.4793,0.0012,-1.0000
16.6684,0.0000,233.6410,1.2961,0.2852,16.7122,16.6668,15.4774,0.0013,-1.0000
16.6662,0.0000,233.6576,1.0180,0.4621,16.6223,16.6531,14.4605,0.0012,-1.0000
16.6645,0.0000,233.6742,2.0810,0.2933,16.6667,16.6516,15.4866,0.0011,-1.0000
16.6705,0.0000,233.6910,1.1713,0.2973,16.6600,16.6742,15.5969,0.0010,-1.0000
16.6651,0.0000,233.7077,1.1880,0.5214,16.6755,16.6503,15.1892,0.0015,-1.0000
16.6660,0.0000,233.7243,2.1910,0.2673,16.6613,16.6570,15.4578,0.0010,-1.0000
16.6691,0.0000,233.7411,1.1639,0.2436,16.6584,16.6666,15.4100,0.0014,-1.0000
16.6617,0.0000,233.7576,1.0762,0.5294,16.6828,16.6371,15.1639,0.0012,-1.0000
16.6690,0.0000,233.7743,1.4595,0.2786,16.6600,16.6711,15.7252,0.0010,-1.0000
16.6680,0.0000,233.7909,1.1983,0.2575,16.6657,16.6617,15.5113,0.0011,-1.0000
16.6651,0.0000,233.8077,1.2551,0.2814,16.6768,16.6905,15.4865,0.0008,-1.0000
16.6681,0.0000,233.8243,1.4720,0.2279,16.6444,16.6237,15.3098,0.0013,-1.0000
16.6670,0.0000,233.8410,0.9449,0.3006,16.6775,16.6582,15.4364,0.0012,-1.0000
16.6649,0.0000,233.8576,1.1493,0.2922,16.6694,16.6518,15.4551,0.0012,-1.0000
16.6693,0.0000,233.8749,1.2033,0.2613,16.7006,16.6705,15.5629,0.0012,-1.0000
16.6660,0.0000,233.8909,1.3125,0.2752,16.6320,16.6563,12.9001,0.0014,-1.0000
16.6659,0.0000,233.9076,1.2205,0.2624,16.6667,16.6542,15.3953,0.0009,-1.0000
16.6674,0.0000,233.9243,1.1955,0.2630,16.6590,16.6601,15.4232,0.0013,-1.0000
16.6674,0.0000,233.9410,1.1065,0.4830,16.6783,16.6578,15.4264,0.0012,-1.0000
16.6648,0.0000,233.9576,3.7549,0.2947,16.6661,16.6530,15.4814,0.0011,-1.0000
16.6698,0.0000,233.9745,1.2579,0.2913,16.6630,16.6709,15.5422,0.0014,-1.0000
16.6658,0.0000,233.9909,1.2354,0.3142,16.6686,16.6489,15.1120,0.0012,-1.0000
16.6671,0.0000,234.0077,1.2302,0.2559,16.6679,16.6577,15.5302,0.0009,-1.0000
16.6667,0.0000,234.0244,1.1706,0.2682,16.6610,16.6586,15.3646,0.0015,-1.0000
16.6662,0.0000,234.0410,1.1270,0.4725,16.6802,16.6543,15.3993,0.0011,-1.0000
16.6663,0.0000,234.0577,1.5357,0.2885,16.6590,16.6563,15.3805,0.0013,-1.0000
16.6676,0.0000,234.0743,1.1262,0.2869,16.6679,16.6598,15.3739,0.0016,-1.0000
16.6669,0.0000,234.0909,1.2924,0.2546,16.6682,16.6580,15.3053,0.0012,-1.0000
16.6640,0.0000,234.1076,1.2542,0.3110,16.6639,16.6502,15.5853,0.0009,-1.0000
16.6695,0.0000,234.1243,1.2743,0.2650,16.6651,16.6704,15.4738,0.0008,-1.0000
16.6662,0.0000,234.1410,1.2840,0.3036,16.6687,16.6543,15.4020,0.0011,-1.0000
16.6627,0.0000,234.1575,1.3511,0.2604,16.6661,16.6466,15.4320,0.0012,-1.0000
16.6703,0.0000,234.1743,1.0637,0.2595,16.6582,16.6744,15.7110,0.0010,-1.0000
16.6669,0.0000,234.1909,1.1953,0.3084,16.6784,16.6580,15.4452,0.0011,-1.0000
16.6666,0.0000,234.2077,1.2510,0.2556,16.6630,16.6550,15.4879,0.0013,-1.0000
16.6671,0.0000,234.2244,1.2135,0.2357,16.6527,16.6601,15.3418,0.0011,-1.0000
16.6674,0.0000,234.2410,0.9622,0.2853,16.6817,16.6595,15.4101,0.0012,-1.0000
16.6662,0.0000,234.2576,1.2115,0.2758,16.6674,16.6556,15.3627,0.0013,-1.0000
16.6669,0.0000,234.2743,1.1660,0.3112,16.6639,16.6619,15.4123,0.0012,-1.0000
16.6669,0.0000,234.2910,1.3171,0.2688,16.6683,16.6573,15.4331,0.0011,-1.0000
16.6664,0.0000,234.3077,1.2479,0.2735,16.6679,16.6560,15.3516,0.0011,-1.0000
16.6657,0.0000,234.3243,1.2913,0.2834,16.6647,16.6543,15.3918,0.0015,-1.0000
16.6679,0.0000,234.3410,1.2485,0.2502,16.6697,16.6630,15.5129,0.0011,-1.0000
16.6650,0.0000,234.3576,1.2232,0.3378,16.6667,16.6488,15.5100,0.0009,-1.0000
16.6662,0.0000,234.3743,1.3030,0.2971,16.6656,16.6615,15.5487,0.0012,-1.0000
16.6683,0.0000,234.3909,1.2606,0.2611,16.6636,16.6637,15.4725,0.0012,-1.0000
16.6663,0.0000,234.4076,1.1488,0.2831,16.6715,16.6607,15.4755,0.0013,-1.0000
16.6671,0.0000,234.4244,1.1376,0.2715,16.6556,16.6582,15.4260,0.0011,-1.0000
16.6666,0.0000,234.4410,1.1115,0.2633,16.6683,16.6584,15.2235,0.0013,-1.0000
16.6660,0.0000,234.4576,1.1900,0.2653,16.6716,16.6558,15.4712,0.0011,-1.0000
16.6667,0.0000,234.4744,1.1837,0.2544,16.6687,16.6617,15.4961,0.0011,-1.0000
16.6678,0.0000,234.4909,1.2312,0.2936,16.6663,16.6577,15.2864,0.0011,-1.0000
16.6658,0.0000,234.5077,1.4336,0.2701,16.6662,16.6580,15.4901,0.0012,-1.0000
16.6685,0.0000,234.5244,1.1835,0.2429,16.6641,16.6579,15.3640,0.0012,-1.0000
16.6665,0.0000,234.5410,1.1640,0.2627,16.6698,16.6537,15.4025,0.0011,-1.0000
16.6640,0.0000,234.5576,1.3700,0.3065,16.6682,16.6509,15.4025,0.0011,-1.0000
16.6694,0.0000,234.5749,1.1664,0.2524,16.6685,16.6746,15.5866,0.0009,-1.0000
16.6668,0.0000,234.5909,1.2923,0.3173,16.6678,16.6507,14.7324,0.0012,-1.0000
16.6665,0.0000,234.6077,1.2497,0.2960,16.6620,16.6609,15.5148,0.0009,-1.0000
16.6673,0.0000,234.6245,1.2473,0.2573,16.6573,16.6568,15.4695,0.0011,-1.0000
16.6666,0.0000,234.6410,1.0872,0.3001,16.6841,16.6543,15.1642,0.0015,-1.0000
16.6667,0.0000,234.6576,1.9171,0.2841,16.6594,16.6581,15.3862,0.0011,-1.0000
16.7516,0.0000,234.6746,1.1451,0.2783,16.6707,16.7740,15.5741,0.0011,-1.0000
16.6665,0.0000,234.6910,1.1864,0.3014,16.6671,16.6236,15.1552,0.0016,-1.0000
16.6655,0.0000,234.7077,1.4884,0.3017,16.6630,16.6559,15.3270,0.0009,-1.0000
16.6823,0.0000,234.7245,1.2707,0.2628,16.6660,16.7088,15.4848,0.0012,-1.0000
16.6643,0.0000,234.7411,1.1986,0.4589,16.7858,16.6201,14.6759,0.0013,-1.0000
16.6650,0.0000,234.7577,1.4668,0.3037,16.6333,16.6496,15.4537,0.0012,-1.0000
16.6700,0.0000,234.7745,1.3281,0.2667,16.6641,16.6716,15.5483,0.0010,-1.0000
16.6633,0.0000,234.7910,1.2227,0.3844,16.7184,16.6445,15.2170,0.0013,-1.0000
16.6692,0.0000,234.8078,1.9427,0.2676,16.6293,16.6668,15.5819,0.0012,-1.0000
16.6671,0.0000,234.8244,1.1949,0.2529,16.6578,16.6595,15.3050,0.0011,-1.0000
16.6643,0.0000,234.8410,1.1221,0.2884,16.6808,16.6513,15.4685,0.0010,-1.0000
16.6666,0.0000,234.8577,1.4263,0.2403,16.6534,16.6616,15.5726,0.0008,-1.0000
16.6692,0.0000,234.8744,1.0837,0.2710,16.6749,16.6658,15.4758,0.0011,-1.0000
16.6659,0.0000,234.8910,1.3531,0.2647,16.6678,16.6577,15.3935,0.0011,-1.0000
16.6671,0.0000,234.9077,1.1820,0.2716,16.6589,16.6599,15.4749,0.0009,-1.0000
16.6669,0.0000,234.9244,1.0879,0.2461,16.6677,16.6557,14.3647,0.0012,-1.0000
16.6659,0.0000,234.9411,1.1888,0.3071,16.6729,16.6578,15.4840,0.0012,-1.0000
16.6671,0.0000,234.9577,1.2630,0.2789,16.6666,16.6574,15.5133,0.0011,-1.0000
16.6678,0.0000,234.9744,1.1840,0.3357,16.6687,16.6611,15.3345,0.0011,-1.0000
16.6633,0.0000,234.9909,2.2897,0.2621,16.6641,16.7012,15.2333,0.0010,-1.0000
16.6702,0.0000,235.0077,1.1724,0.2575,16.6657,16.6201,15.7952,0.0007,-1.0000
16.6671,0.0000,235.0244,1.1430,0.3202,16.6660,16.6596,15.4262,0.0015,-1.0000
16.6629,0.0000,235.0409,1.3254,0.2845,16.6691,16.6461,15.4753,0.0015,-1.0000
16.6686,0.0000,235.0578,1.4671,0.2221,16.7076,16.6707,15.7617,0.0008,-1.0000
16.6679,0.0000,235.0744,0.8240,0.3068,16.6269,16.6588,15.4135,0.0013,-1.0000
16.6650,0.0000,235.0909,1.2317,0.2766,16.6681,16.6535,15.5285,0.0011,-1.0000
16.6682,0.0000,235.1077,1.1692,0.2304,16.6528,16.6661,15.6439,0.0007,-1.0000
16.6669,0.0000,235.1244,0.9078,0.2873,16.6780,16.6574,15.3726,0.0011,-1.0000
16.6640,0.0000,235.1410,1.2439,0.2449,16.6670,16.6487,15.4979,0.0012,-1.0000
16.6692,0.0000,235.1579,1.1239,0.2840,16.6615,16.6741,15.6320,0.0009,-1.0000
16.6676,0.0000,235.1744,1.0212,0.3257,16.6737,16.6544,15.0103,0.0011,-1.0000
16.6662,0.0000,235.1909,1.2836,0.2983,16.6659,16.6589,15.5046,0.0012,-1.0000
16.6696,0.0000,235.2083,1.1498,0.2829,16.6563,16.6673,15.4420,0.0009,-1.0000
16.6644,0.0000,235.2244,1.0413,0.5233,16.6825,16.6479,14.7273,0.0018,-1.0000
16.6665,0.0000,235.2410,1.6428,0.2499,16.6622,16.6547,15.2581,0.0013,-1.0000
16.6674,0.0000,235.2578,1.1529,0.2994,16.6673,16.6615,15.5330,0.0012,-1.0000
16.6660,0.0000,235.2744,1.2240,0.3351,16.6776,16.6527,15.3333,0.0011,-1.0000
16.6664,0.0000,235.2910,1.9192,0.3326,16.6587,16.6617,15.4732,0.0012,-1.0000
16.6682,0.0000,235.3078,1.3954,0.3194,16.6627,16.6591,15.5148,0.0013,-1.0000
16.6642,0.0000,235.3244,1.1272,0.2773,16.6703,16.6525,15.4191,0.0012,-1.0000
16.6674,0.0000,235.3410,1.3179,0.2615,16.6615,16.6601,15.5464,0.0011,-1.0000
16.6675,0.0000,235.3577,1.1872,0.3106,16.6698,16.6662,15.4726,0.0012,-1.0000
16.6634,0.0000,235.3743,1.1429,0.2699,16.6682,16.6406,15.5004,0.0013,-1.0000
16.6697,0.0000,235.3910,1.2325,0.2669,16.6602,16.6755,15.7586,0.0006,-1.0000
16.6676,0.0000,235.4077,1.1125,0.2632,16.6670,16.6580,15.4591,0.0011,-1.0000
16.6634,0.0000,235.4243,1.1922,0.2629,16.6747,16.6476,15.5019,0.0011,-1.0000
16.6698,0.0000,235.4411,1.1391,0.2420,16.6478,16.6738,15.6479,0.0010,-1.0000
16.6666,0.0000,235.4577,0.9161,0.3026,16.6820,16.6538,15.0166,0.0009,-1.0000
16.6634,0.0000,235.4743,1.1978,0.2460,16.6671,16.6482,15.4869,0.0010,-1.0000
16.6709,0.0000,235.4911,1.1446,0.2543,16.6543,16.6804,15.6669,0.0009,-1.0000
16.6654,0.0000,235.5077,1.0248,0.2537,16.6809,16.6462,15.2139,0.0013,-1.0000
16.6650,0.0000,235.5243,1.6360,0.2501,16.6623,16.6531,15.4852,0.0010,-1.0000
16.6702,0.0000,235.5413,1.1602,0.2510,16.6552,16.6727,15.5193,0.0010,-1.0000
16.6653,0.0000,235.5578,1.0123,0.3007,16.6898,16.6475,14.9946,0.0014,-1.0000
16.6630,0.0000,235.5742,1.4309,0.3103,16.6555,16.6436,15.4356,0.0012,-1.0000
16.6692,0.0000,235.5909,1.1669,0.2862,16.6606,16.6751,15.8080,0.0007,-1.0000
16.6686,0.0000,235.6077,1.1523,0.6084,16.6829,16.6628,15.6617,0.0008,-1.0000
16.6639,0.0000,235.6244,1.6514,0.2727,16.6576,16.6497,15.3927,0.0009,-1.0000
16.6696,0.0000,235.6411,1.2069,0.2062,16.6498,16.6691,15.4555,0.0012,-1.0000
16.6669,0.0000,235.6577,0.8662,0.2319,16.6806,16.6569,15.4417,0.0013,-1.0000
16.6639,0.0000,235.6743,1.0000,0.3207,16.6707,16.6505,15.4790,0.0010,-1.0000
16.6689,0.0000,235.6910,1.2558,0.2722,16.6572,16.6683,15.5519,0.0009,-1.0000
16.6676,0.0000,235.7077,1.2123,0.2750,16.6766,16.6598,15.5528,0.0009,-1.0000
16.6647,0.0000,235.7244,1.2139,0.2584,16.6653,16.6536,15.5360,0.0009,-1.0000
16.6674,0.0000,235.7411,1.1705,0.2588,16.6579,16.6601,15.3947,0.0011,-1.0000
16.6679,0.0000,235.7577,1.1151,0.2779,16.6756,16.6611,15.5070,0.0009,-1.0000
16.6643,0.0000,235.7744,1.1059,0.2854,16.6688,16.6513,15.5028,0.0010,-1.0000
16.6679,0.0000,235.7910,1.1164,0.2865,16.6620,16.6640,15.4721,0.0011,-1.0000
16.6679,0.0000,235.8077,1.2644,0.2662,16.6677,16.6612,15.5486,0.0010,-1.0000
16.6658,0.0000,235.8244,1.1530,0.2632,16.6696,16.6552,15.4628,0.0014,-1.0000
16.6675,0.0000,235.8411,1.1478,0.2519,16.6593,16.6617,15.4809,0.0013,-1.0000
16.6663,0.0000,235.8577,1.1909,0.2981,16.6719,16.6563,15.3956,0.0009,-1.0000
16.6678,0.0000,235.8744,1.1117,0.2928,16.6689,16.6631,15.5255,0.0009,-1.0000
16.6675,0.0000,235.8911,1.1909,0.2663,16.6634,16.6597,15.4561,0.0014,-1.0000
16.6656,0.0000,235.9077,1.1793,0.2558,16.6700,16.6476,15.1485,0.0012,-1.0000
16.6664,0.0000,235.9244,1.2596,0.2495,16.6649,16.6593,15.5003,0.0012,-1.0000
16.6672,0.0000,235.9411,1.1364,0.2847,16.6732,16.6597,15.4772,0.0009,-1.0000
16.6631,0.0000,235.9577,1.2021,0.2707,16.6713,16.6440,15.4928,0.0012,-1.0000
16.6683,0.0000,235.9744,1.4976,0.3100,16.6581,16.6653,15.6853,0.0015,-1.0000
16.6687,0.0000,235.9910,1.1578,0.3062,16.6673,16.6672,15.4134,0.0010,-1.0000
16.6666,0.0000,236.0077,1.1818,0.2843,16.6693,16.6577,15.4388,0.0010,-1.0000
16.6670,0.0000,236.0244,1.1501,0.2368,16.6513,16.6606,15.4918,0.0011,-1.0000
16.6668,0.0000,236.0411,0.9784,0.2958,16.6722,16.6570,15.3586,0.0014,-1.0000
16.6672,0.0000,236.0578,1.2524,0.3247,16.6744,16.6580,15.3629,0.0011,-1.0000
16.6651,0.0000,236.0744,1.2178,0.3369,16.6658,16.6511,15.3506,0.0012,-1.0000
16.6684,0.0000,236.0910,1.1676,0.2840,16.6695,16.6625,15.5284,0.0013,-1.0000
16.6635,0.0000,236.1077,1.2969,0.2870,16.6666,16.6466,15.4706,0.0014,-1.0000
16.6696,0.0000,236.1244,1.2937,0.2595,16.6688,16.6728,15.6200,0.0009,-1.0000
16.6671,0.0000,236.1411,1.2992,0.3054,16.6595,16.6622,15.4747,0.0012,-1.0000
16.6631,0.0000,236.1577,1.1326,0.2472,16.6712,16.6412,15.3828,0.0012,-1.0000
16.6687,0.0000,236.1744,1.1745,0.2360,16.6531,16.6663,15.6996,0.0009,-1.0000
16.6683,0.0000,236.1910,1.0517,0.2623,16.6805,16.6630,15.5826,0.0010,-1.0000
16.6649,0.0000,236.2078,1.1861,0.2423,16.6721,16.6535,15.3871,0.0013,-1.0000
16.6690,0.0000,236.2245,1.2571,0.2614,16.6487,16.6659,15.3309,0.0012,-1.0000
16.6656,0.0000,236.2411,0.9657,0.2525,16.6732,16.6543,15.4017,0.0013,-1.0000
16.6649,0.0000,236.2577,1.0792,0.3005,16.6714,16.6504,15.4580,0.0011,-1.0000
16.6679,0.0000,236.2744,1.2649,0.3183,16.6613,16.6650,15.5362,0.0010,-1.0000
16.6679,0.0000,236.2910,1.3335,0.2727,16.6748,16.6632,15.3592,0.0010,-1.0000
16.6660,0.0000,236.3078,1.2512,0.2683,16.6640,16.6537,15.5077,0.0009,-1.0000
16.6665,0.0000,236.3244,1.1916,0.2503,16.6579,16.6606,15.3905,0.0011,-1.0000
16.6685,0.0000,236.3411,1.1277,0.3203,16.6720,16.6565,15.3729,0.0015,-1.0000
16.6663,0.0000,236.3579,1.3031,0.2686,16.6721,16.6634,15.4520,0.0012,-1.0000
16.6669,0.0000,236.3754,1.1449,0.2729,16.6640,16.6593,15.0874,0.0014,-1.0000
16.6665,0.0000,236.3910,1.2686,0.3035,16.6697,16.6457,14.1623,0.0018,-1.0000
16.6645,0.0000,236.4077,1.2817,0.2619,16.6648,16.6534,15.3640,0.0011,-1.0000
16.6687,0.0000,236.4244,1.2102,0.2879,16.6730,16.6665,15.4906,0.0010,-1.0000
16.6669,0.0000,236.4411,1.5721,0.3453,16.6714,16.6559,15.4153,0.0010,-1.0000
16.6634,0.0000,236.4577,2.4818,0.2702,16.6556,16.6485,15.3968,0.0011,-1.0000
16.6697,0.0000,236.4744,1.2883,0.3159,16.6606,16.6733,15.6178,0.0010,-1.0000
16.6673,0.0000,236.4910,1.1749,0.3252,16.6754,16.6552,15.0660,0.0013,-1.0000
16.6645,0.0000,236.5077,1.2395,0.2655,16.6645,16.6522,15.5772,0.0007,-1.0000
16.6685,0.0000,236.5245,1.2505,0.2404,16.6551,16.6711,15.5282,0.0012,-1.0000
16.6674,0.0000,236.5411,1.0542,0.3223,16.6804,16.6525,15.2861,0.0012,-1.0000
16.6630,0.0000,236.5577,1.5877,0.2702,16.6635,16.6486,15.5035,0.0011,-1.0000
16.6704,0.0000,236.5744,1.0742,0.3209,16.6590,16.6737,15.6098,0.0011,-1.0000
16.6666,0.0000,236.5910,1.1417,0.2621,16.6798,16.6557,15.1757,0.0010,-1.0000
16.6659,0.0000,236.6077,1.3650,0.2877,16.6620,16.6552,15.5108,0.0011,-1.0000
16.6678,0.0000,236.6245,1.1438,0.2337,16.6546,16.6628,15.4194,0.0013,-1.0000
16.6664,0.0000,236.6411,1.0628,0.3978,16.6834,16.6552,15.3199,0.0013,-1.0000
16.6654,0.0000,236.6577,1.4787,0.2941,16.6642,16.6541,15.3940,0.0011,-1.0000
16.6689,0.0000,236.6745,1.1435,0.3426,16.6634,16.6712,15.5399,0.0012,-1.0000
16.6679,0.0000,236.6910,1.2417,0.3075,16.6713,16.6474,15.3394,0.0011,-1.0000
16.6632,0.0000,236.7077,1.3339,0.2837,16.6637,16.6529,15.5444,0.0010,-1.0000
16.6677,0.0000,236.7244,1.2589,0.2798,16.6614,16.6610,15.4616,0.0011,-1.0000
16.6678,0.0000,236.7411,1.1298,0.2733,16.6832,16.6607,15.3388,0.0012,-1.0000
16.6633,0.0000,236.7577,1.3067,0.3151,16.6577,16.6485,15.5045,0.0012,-1.0000
16.6699,0.0000,236.7744,1.1074,0.3486,16.6611,16.6747,15.6185,0.0008,-1.0000
16.6688,0.0000,236.7911,1.1985,0.2914,16.6690,16.6597,15.3046,0.0012,-1.0000
16.6639,0.0000,236.8078,1.3207,0.2748,16.6686,16.6463,15.3765,0.0009,-1.0000
16.6686,0.0000,236.8245,1.1426,0.2592,16.6549,16.6609,15.3884,0.0010,-1.0000
16.6655,0.0000,236.8410,1.0554,0.3045,16.6836,16.6539,15.3767,0.0012,-1.0000
16.6669,0.0000,236.8578,1.3541,0.2840,16.6718,16.6589,15.5269,0.0011,-1.0000
16.6675,0.0000,236.8745,1.2690,0.3103,16.6559,16.6587,15.4313,0.0009,-1.0000
16.6664,0.0000,236.8910,1.2713,0.4835,16.6704,16.6591,14.8544,0.0012,-1.0000
16.6660,0.0000,236.9077,1.2759,0.3478,16.6620,16.6564,15.4973,0.0011,-1.0000
16.6676,0.0000,236.9244,1.1307,0.3100,16.6688,16.6586,15.3795,0.0013,-1.0000
16.6654,0.0000,236.9411,1.2265,0.3124,16.6672,16.6538,15.2734,0.0011,-1.0000
16.6657,0.0000,236.9578,1.8035,0.2789,16.6690,16.6554,15.3532,0.0011,-1.0000
16.6696,0.0000,236.9745,1.1579,0.4012,16.6648,16.6675,15.4701,0.0011,-1.0000
16.6632,0.0000,236.9909,1.2774,0.5400,16.6678,16.6456,15.3678,0.0011,-1.0000
16.6689,0.0000,237.0078,1.3792,0.3493,16.6621,16.6696,15.5413,0.0008,-1.0000
16.6676,0.0000,237.0244,1.3011,0.2774,16.6640,16.6562,15.4215,0.0009,-1.0000
16.6623,0.0000,237.0410,1.1958,0.2754,16.6765,16.6457,15.3567,0.0010,-1.0000
16.6706,0.0000,237.0578,1.2773,0.2617,16.6537,16.6772,15.6899,0.0010,-1.0000
16.6672,0.0000,237.0744,1.1274,0.2826,16.6766,16.6557,15.4052,0.0011,-1.0000
16.6668,0.0000,237.0910,1.2335,0.2610,16.6649,16.6985,15.4462,0.0010,-1.0000
16.6670,0.0000,237.1078,1.2880,0.2284,16.6520,16.6208,15.3529,0.0012,-1.0000
16.6676,0.0000,237.1253,0.9862,0.2937,16.6841,16.8977,15.3656,0.0014,-1.0000
16.6649,0.0000,237.1411,1.2491,0.3504,16.6640,16.4110,14.4308,0.0014,-1.0000
16.6668,0.0000,237.1577,1.2511,0.3126,16.7076,16.6564,15.2709,0.0010,-1.0000
16.6673,0.0000,237.1745,1.2668,0.2534,16.6314,16.6593,15.4671,0.0012,-1.0000
16.6662,0.0000,237.1910,1.5303,0.2945,16.9093,16.6542,15.0661,0.0012,-1.0000
16.6667,0.0000,237.2077,1.9787,0.2862,16.4204,16.6616,15.5154,0.0010,-1.0000
16.6676,0.0000,237.2245,1.3844,0.2830,16.6651,16.6627,15.4688,0.0011,-1.0000
16.6656,0.0000,237.2411,1.1910,0.3226,16.6681,16.6519,15.3909,0.0010,-1.0000
16.6671,0.0000,237.2577,1.5869,0.2692,16.6623,16.6606,15.4660,0.0011,-1.0000
16.6668,0.0000,237.2744,1.1453,0.2953,16.6692,16.6705,15.4851,0.0012,-1.0000
16.6664,0.0000,237.2910,1.1924,0.2902,16.6724,16.6428,15.4150,0.0010,-1.0000
16.6679,0.0000,237.3078,1.2597,0.2733,16.6604,16.6633,15.4931,0.0009,-1.0000
16.8290,0.0000,237.3253,1.1936,0.2455,16.6687,16.8174,15.3904,0.0012,-1.0000
16.6647,0.0000,237.3412,1.1841,0.2659,16.6793,16.6509,14.5646,0.0011,-1.0000
16.6675,0.0000,237.3579,1.2265,0.2987,16.6530,16.6587,15.4040,0.0012,-1.0000
16.6667,0.0000,237.3746,1.1693,0.2764,16.6734,16.6570,15.3389,0.0010,-1.0000
16.6665,0.0000,237.3912,1.4256,0.2910,16.8289,16.6615,15.3755,0.0010,-1.0000
16.6670,0.0000,237.4079,2.0855,0.3327,16.6600,16.6574,15.4655,0.0011,-1.0000
16.6670,0.0000,237.4248,1.2531,0.4316,16.6673,16.6563,15.1942,0.0011,-1.0000
16.6649,0.0000,237.4412,1.3171,0.2710,16.6657,16.6530,15.0365,0.0016,-1.0000
16.6678,0.0000,237.4579,1.2849,0.2737,16.6698,16.6629,15.4316,0.0011,-1.0000
16.6682,0.0000,237.4747,1.1905,0.3274,16.6668,16.6643,15.5412,0.0011,-1.0000
16.6635,0.0000,237.4911,1.4610,0.3264,16.6665,16.6420,15.1278,0.0010,-1.0000
16.6690,0.0000,237.5079,1.6149,0.2949,16.6610,16.6706,15.5716,0.0009,-1.0000
16.6676,0.0000,237.5246,1.2302,0.3023,16.6709,16.6571,15.4056,0.0011,-1.0000
16.6635,0.0000,237.5412,1.1219,0.3491,16.6747,16.6471,15.3065,0.0011,-1.0000
16.6686,0.0000,237.5580,1.5134,0.3041,16.6501,16.6645,15.4916,0.0013,-1.0000
16.6664,0.0000,237.5746,1.0978,0.2935,16.6787,16.6554,15.0822,0.0011,-1.0000
16.6648,0.0000,237.5911,1.2502,0.2632,16.6677,16.6517,15.4783,0.0010,-1.0000
16.6693,0.0000,237.6080,1.3394,0.2994,16.6563,16.6702,15.6442,0.0010,-1.0000
16.6664,0.0000,237.6246,1.1716,0.2520,16.6728,16.6550,14.6382,0.0013,-1.0000
16.6664,0.0000,237.6413,1.5719,0.2647,16.6647,16.6570,15.4352,0.0012,-1.0000
16.6676,0.0000,237.6580,1.1724,0.2966,16.6593,16.6646,15.3985,0.0013,-1.0000
16.6662,0.0000,237.6746,1.0247,0.3076,16.6791,16.6477,15.3777,0.0012,-1.0000
16.6655,0.0000,237.6911,2.0156,0.3097,16.6639,16.6547,15.4789,0.0011,-1.0000
16.6674,0.0000,237.7079,1.2201,0.2753,16.6653,16.6650,15.4677,0.0009,-1.0000
16.6677,0.0000,237.7246,1.2648,0.2759,16.6759,16.6582,15.4100,0.0010,-1.0000
16.6655,0.0000,237.7412,1.2686,0.2690,16.6572,16.6558,15.4258,0.0011,-1.0000
16.6668,0.0000,237.7579,1.1746,0.2654,16.6622,16.6585,15.4763,0.0012,-1.0000
16.6678,0.0000,237.7746,1.1963,0.3046,16.6719,16.6629,15.3452,0.0011,-1.0000
16.6643,0.0000,237.7912,1.2468,0.2666,16.6667,16.6498,15.4705,0.0014,-1.0000
16.6688,0.0000,237.8081,1.2288,0.2742,16.6644,16.6797,15.5257,0.0011,-1.0000
16.6671,0.0000,237.8246,1.1808,0.3321,16.6656,16.6416,14.9023,0.0013,-1.0000
16.6664,0.0000,237.8412,1.3165,0.2671,16.6706,16.6588,15.4359,0.0014,-1.0000
16.6680,0.0000,237.8579,1.1779,0.3471,16.6577,16.6608,15.4177,0.0012,-1.0000
16.6657,0.0000,237.8746,1.1528,0.3910,16.6903,16.6543,15.4408,0.0011,-1.0000
16.6663,0.0000,237.8912,1.7380,0.2797,16.6516,16.6560,15.3682,0.0010,-1.0000
16.6734,0.0000,237.9084,1.2214,0.2795,16.6671,16.6698,15.3836,0.0012,-1.0000
16.6595,0.0000,237.9246,1.2418,0.2676,16.6706,16.6423,14.6253,0.0017,-1.0000
16.6682,0.0000,237.9412,1.2121,0.2786,16.6632,16.6624,15.4443,0.0011,-1.0000
16.6667,0.0000,237.9579,1.2866,0.2824,16.6644,16.6582,15.4952,0.0010,-1.0000
16.6632,0.0000,237.9745,1.2852,0.3218,16.6798,16.6461,15.4733,0.0012,-1.0000
16.6699,0.0000,237.9912,2.0153,0.2543,16.6518,16.6734,15.6426,0.0010,-1.0000
16.6680,0.0000,238.0079,1.2171,0.2697,16.6705,16.6632,15.4146,0.0010,-1.0000
16.6645,0.0000,238.0246,1.1617,0.3254,16.6671,16.6450,15.4766,0.0009,-1.0000
16.6678,0.0000,238.0413,1.1716,0.2306,16.6529,16.6661,15.4491,0.0011,-1.0000
16.6678,0.0000,238.0580,1.0290,0.3015,16.6806,16.6579,15.4423,0.0011,-1.0000
16.6646,0.0000,238.0746,1.2474,0.2777,16.6727,16.6544,15.3531,0.0012,-1.0000
16.6698,0.0000,238.0912,1.1673,0.3318,16.6541,16.6710,15.4688,0.0011,-1.0000
16.6650,0.0000,238.1079,1.2156,0.2804,16.6736,16.6490,15.4675,0.0011,-1.0000
16.6672,0.0000,238.1246,1.2142,0.2795,16.6672,16.6599,15.4528,0.0011,-1.0000
16.6668,0.0000,238.1413,1.2998,0.2738,16.6627,16.6574,15.3917,0.0013,-1.0000
16.6663,0.0000,238.1579,1.2010,0.3127,16.6793,16.6547,15.3972,0.0013,-1.0000
16.6655,0.0000,238.1746,1.1801,0.2822,16.6575,16.6580,15.4140,0.0015,-1.0000
16.6689,0.0000,238.1912,1.2059,0.2932,16.6689,16.6598,15.4502,0.0011,-1.0000
16.6652,0.0000,238.2079,1.2639,0.2747,16.6667,16.6541,15.3438,0.0010,-1.0000
16.6671,0.0000,238.2246,1.2559,0.3437,16.6634,16.6592,15.3667,0.0011,-1.0000
16.6668,0.0000,238.2413,1.2422,0.3130,16.6678,16.6572,15.2473,0.0013,-1.0000
16.6681,0.0000,238.2581,1.2084,0.3255,16.6702,16.6621,15.3550,0.0010,-1.0000
16.6659,0.0000,238.2746,1.3091,0.2545,16.6636,16.6507,15.1265,0.0014,-1.0000
16.6666,0.0000,238.2912,1.2912,0.2872,16.6689,16.6582,15.3340,0.0013,-1.0000
16.6670,0.0000,238.3080,1.4084,0.3437,16.6667,16.6568,15.5003,0.0010,-1.0000
16.6660,0.0000,238.3246,1.3061,0.3325,16.6734,16.6573,15.1536,0.0011,-1.0000
16.6668,0.0000,238.3413,1.5227,0.3049,16.6605,16.6555,15.2323,0.0011,-1.0000
16.6668,0.0000,238.3579,1.3227,0.2836,16.6672,16.6586,15.4133,0.0011,-1.0000
16.6677,0.0000,238.3746,1.1554,0.3211,16.6654,16.6615,15.4406,0.0012,-1.0000
16.6660,0.0000,238.3912,1.5025,0.2616,16.6668,16.6559,15.3940,0.0012,-1.0000
16.6668,0.0000,238.4079,1.4222,0.2638,16.6644,16.6582,15.3533,0.0012,-1.0000
16.6668,0.0000,238.4246,1.2439,0.3301,16.6664,16.6581,15.3559,0.0012,-1.0000
16.6675,0.0000,238.4413,1.2198,0.2771,16.6706,16.6601,15.5123,0.0010,-1.0000
16.6668,0.0000,238.4580,1.2604,0.3101,16.6660,16.6594,15.2335,0.0011,-1.0000
16.6659,0.0000,238.4747,1.3034,0.3030,16.6663,16.6497,15.2930,0.0013,-1.0000
16.6667,0.0000,238.4912,1.3006,0.3081,16.6671,16.6573,15.2066,0.0016,-1.0000
16.6665,0.0000,238.5080,1.1466,0.4264,16.6707,16.6573,15.4959,0.0012,-1.0000
16.6670,0.0000,238.5246,1.4247,0.3033,16.6697,16.6541,15.2763,0.0011,-1.0000
16.6687,0.0000,238.5414,1.3552,0.3236,16.6605,16.6684,15.3780,0.0010,-1.0000
16.6645,0.0000,238.5579,1.4491,0.3436,16.6680,16.6408,15.1885,0.0014,-1.0000
16.6678,0.0000,238.5748,1.1600,0.3224,16.6679,16.6594,15.4056,0.0016,-1.0000
16.6655,0.0000,238.5912,1.3766,0.3040,16.6650,16.6546,15.1102,0.0014,-1.0000
16.6674,0.0000,238.6079,1.2892,0.3209,16.6808,16.6580,15.4363,0.0011,-1.0000
16.6662,0.0000,238.6247,1.4507,0.2843,16.6509,16.6591,15.4323,0.0011,-1.0000
16.6666,0.0000,238.6413,1.2522,0.2619,16.6685,16.6557,15.1452,0.0013,-1.0000
16.6682,0.0000,238.6580,1.5426,0.2651,16.6638,16.6651,15.4059,0.0011,-1.0000
16.6666,0.0000,238.6746,1.2203,0.2820,16.6668,16.6483,15.3565,0.0011,-1.0000
16.6663,0.0000,238.6912,1.2255,0.2639,16.6685,16.6567,15.4501,0.0011,-1.0000
16.6657,0.0000,238.7079,1.5092,0.2823,16.6647,16.6546,15.4647,0.0014,-1.0000
16.6675,0.0000,238.7246,1.2581,0.2831,16.6778,16.6603,15.4676,0.0011,-1.0000
16.6660,0.0000,238.7419,1.2897,0.2706,16.6586,16.6564,15.0408,0.0015,-1.0000
16.6668,0.0000,238.7580,1.2051,0.2899,16.6658,16.6597,14.5589,0.0023,-1.0000
16.6673,0.0000,238.7747,1.1881,0.2833,16.6629,16.6586,15.3081,0.0012,-1.0000
16.6664,0.0000,238.7912,1.1911,0.4603,16.6688,16.6563,15.3490,0.0011,-1.0000
16.6665,0.0000,238.8079,1.6138,0.4863,16.6653,16.6553,15.4368,0.0010,-1.0000
16.8727,0.0000,238.8250,2.0982,0.5437,16.6681,16.8704,15.4474,0.0012,-1.0000
16.5404,0.0000,238.8414,1.3490,0.6360,16.6687,16.5247,14.9687,0.0011,-1.0000
16.6673,0.0000,238.8581,1.3060,0.3283,16.6656,16.6611,15.4352,0.0012,-1.0000
16.6673,0.0000,238.8747,1.2172,0.5041,16.6631,16.6616,15.3210,0.0014,-1.0000
16.6659,0.0000,238.8913,1.4219,0.4178,16.8804,16.6543,15.4387,0.0012,-1.0000
16.6674,0.0000,238.9081,1.5545,0.3343,16.5324,16.6613,15.3107,0.0012,-1.0000
16.6677,0.0000,238.9256,1.2245,0.3328,16.6686,16.8215,15.4133,0.0011,-1.0000
16.6645,0.0000,238.9414,1.3390,0.3091,16.6702,16.4880,14.5562,0.0013,-1.0000
16.6669,0.0000,238.9580,1.2143,0.3809,16.6614,16.6607,15.3999,0.0010,-1.0000
16.6676,0.0000,238.9747,1.3492,0.3590,16.6705,16.6614,15.2983,0.0013,-1.0000
16.6656,0.0000,238.9913,1.4072,0.3018,16.8325,16.6552,15.3492,0.0012,-1.0000
16.6664,0.0000,239.0085,1.9306,0.2890,16.4970,16.6559,15.3965,0.0013,-1.0000
16.6687,0.0000,239.0247,1.2596,0.3554,16.6679,16.6654,14.8223,0.0012,-1.0000
16.6668,0.0000,239.0414,1.3619,0.2979,16.6700,16.6581,15.2724,0.0011,-1.0000
16.6661,0.0000,239.0582,1.3046,0.4688,16.6636,16.6603,15.2967,0.0013,-1.0000
16.6690,0.0000,239.0752,1.2584,0.3402,16.6632,16.6693,15.0468,0.0013,-1.0000
16.6648,0.0000,239.0913,1.8417,0.4870,16.6727,16.6355,14.3382,0.0009,-1.0000
16.6655,0.0000,239.1080,1.3845,0.3549,16.6665,16.6551,15.5011,0.0011,-1.0000
16.7061,0.0000,239.1249,1.3623,0.3381,16.6691,16.7619,15.3462,0.0012,-1.0000
16.6587,0.0000,239.1414,1.6210,0.5181,16.6843,16.5843,14.9356,0.0013,-1.0000
16.6650,0.0000,239.1581,2.2963,0.3380,16.6464,16.6548,15.4125,0.0010,-1.0000
16.6708,0.0000,239.1749,1.1529,0.3285,16.6626,16.6720,15.4136,0.0013,-1.0000
16.6642,0.0000,239.1913,1.4143,0.3849,16.7725,16.6412,15.2011,0.0012,-1.0000
16.6668,0.0000,239.2082,1.6471,0.3642,16.5944,16.6575,15.4581,0.0014,-1.0000
16.6673,0.0000,239.2248,1.2413,0.3347,16.6628,16.6646,15.2201,0.0011,-1.0000
16.6668,0.0000,239.2414,1.2569,0.3547,16.6872,16.6524,15.3503,0.0011,-1.0000
16.6655,0.0000,239.2581,1.4390,0.3357,16.6507,16.6590,15.2773,0.0014,-1.0000
16.6676,0.0000,239.2750,1.1978,0.3371,16.6656,16.6594,15.3140,0.0013,-1.0000
16.6650,0.0000,239.2914,1.4433,0.3668,16.6743,16.6539,13.6603,0.0015,-1.0000
16.6679,0.0000,239.3081,1.3009,0.3763,16.6610,16.6592,15.2876,0.0012,-1.0000
16.6673,0.0000,239.3248,1.3801,0.4057,16.6672,16.6611,15.3028,0.0012,-1.0000
16.6651,0.0000,239.3415,1.3439,0.5558,16.6685,16.6539,14.9619,0.0010,-1.0000
16.6670,0.0000,239.3581,2.9920,0.3632,16.6631,16.6579,15.0269,0.0012,-1.0000
16.6681,0.0000,239.3749,1.3704,0.3798,16.6667,16.7064,15.2871,0.0012,-1.0000
16.6655,0.0000,239.3913,1.3570,1.1028,16.6704,16.6078,15.2472,0.0014,-1.0000
16.6678,0.0000,239.4081,1.6911,0.3954,16.6634,16.6641,15.4642,0.0011,-1.0000
16.6667,0.0000,239.4247,1.6298,0.3314,16.6655,16.6579,15.3096,0.0014,-1.0000
16.6644,0.0000,239.4413,1.4181,0.3521,16.7153,16.6470,15.3861,0.0012,-1.0000
16.6691,0.0000,239.4581,1.3592,0.3114,16.6162,16.6701,15.5079,0.0010,-1.0000
16.6672,0.0000,239.4748,1.1988,0.3607,16.6740,16.6576,15.2664,0.0012,-1.0000
16.6651,0.0000,239.4913,1.3467,0.3203,16.6666,16.6547,15.2410,0.0012,-1.0000
16.6679,0.0000,239.5081,1.2593,0.3168,16.6535,16.6676,15.4921,0.0011,-1.0000
16.6664,0.0000,239.5247,1.1612,0.4082,16.6774,16.6518,15.3723,0.0014,-1.0000
16.6654,0.0000,239.5414,1.3902,0.3378,16.6660,16.6559,15.3895,0.0011,-1.0000
16.6695,0.0000,239.5590,1.4125,0.3414,16.6620,16.6707,15.4399,0.0013,-1.0000
16.6657,0.0000,239.5747,1.1744,0.3507,16.6762,16.6483,14.2638,0.0014,-1.0000
16.6667,0.0000,239.5913,1.2781,0.3541,16.6600,16.6586,15.4115,0.0011,-1.0000
16.6678,0.0000,239.6081,1.2652,0.3300,16.6635,16.6592,15.4093,0.0014,-1.0000
16.6656,0.0000,239.6247,1.2291,0.3231,16.6807,16.6545,15.3288,0.0012,-1.0000
16.6658,0.0000,239.6414,2.3832,0.2950,16.6583,16.6574,15.4211,0.0012,-1.0000
16.6701,0.0000,239.6581,1.2459,0.2922,16.6675,16.6645,15.3364,0.0012,-1.0000
16.6646,0.0000,239.6747,1.2482,0.3078,16.6689,16.6527,15.2673,0.0015,-1.0000
16.6667,0.0000,239.6913,1.3245,0.2795,16.6633,16.6589,15.3229,0.0016,-1.0000
16.6688,0.0000,239.7081,1.2349,0.2822,16.6655,16.6621,15.2795,0.0011,-1.0000
16.6645,0.0000,239.7248,1.3264,0.3583,16.6748,16.6535,15.3557,0.0010,-1.0000
16.6664,0.0000,239.7414,1.3837,0.3580,16.6611,16.6557,15.2883,0.0015,-1.0000
16.6681,0.0000,239.7583,1.3343,0.3711,16.6672,16.6632,15.4198,0.0015,-1.0000
16.6662,0.0000,239.7749,1.3815,0.2964,16.6708,16.6583,14.5907,0.0012,-1.0000
16.6661,0.0000,239.7913,1.2966,0.2988,16.6635,16.6529,15.1634,0.0014,-1.0000
16.6672,0.0000,239.8081,1.3654,0.2761,16.6640,16.6598,15.4961,0.0016,-1.0000
16.6639,0.0000,239.8247,1.2419,0.3357,16.6713,16.6504,15.3661,0.0011,-1.0000
16.6700,0.0000,239.8415,2.0659,0.3159,16.6675,16.6756,15.4260,0.0012,-1.0000
16.6659,0.0000,239.8581,1.4879,0.3096,16.6612,16.6473,15.3208,0.0011,-1.0000
16.6659,0.0000,239.8747,1.1621,0.2687,16.6684,16.6545,15.3317,0.0012,-1.0000
16.6684,0.0000,239.8913,1.2834,0.3444,16.6572,16.6666,15.4145,0.0012,-1.0000
16.6664,0.0000,239.9081,1.2483,0.2796,16.6853,16.6539,15.1739,0.0012,-1.0000
16.6649,0.0000,239.9247,1.3252,0.2877,16.6570,16.6525,15.3806,0.0012,-1.0000
16.6694,0.0000,239.9414,1.3215,0.2770,16.6627,16.6734,15.4806,0.0010,-1.0000
16.6662,0.0000,239.9581,1.2509,0.3620,16.6749,16.6498,14.5721,0.0012,-1.0000
16.6655,0.0000,239.9747,1.4786,0.3121,16.6629,16.6589,15.4152,0.0012,-1.0000
16.6689,0.0000,239.9914,1.2705,0.2709,16.6594,16.6623,15.4006,0.0011,-1.0000
16.6648,0.0000,240.0081,1.1915,0.4338,16.6820,16.6248,14.8087,0.0017,-1.0000
16.6662,0.0000,240.0247,2.0763,0.2841,16.6579,16.6559,15.3309,0.0014,-1.0000
16.6694,0.0000,240.0415,1.2423,0.3007,16.6677,16.6682,15.4277,0.0011,-1.0000
16.6647,0.0000,240.0581,1.2605,0.4384,16.6722,16.6529,14.5644,0.0011,-1.0000
16.6677,0.0000,240.0747,1.8141,0.3289,16.6594,16.6587,15.3195,0.0014,-1.0000
16.6688,0.0000,240.0915,1.3234,0.2899,16.6624,16.6648,15.4640,0.0009,-1.0000
16.6644,0.0000,240.1081,1.2391,0.4049,16.6761,16.6500,15.1484,0.0016,-1.0000
16.6665,0.0000,240.1247,2.0874,0.2964,16.6620,16.6581,15.3501,0.0014,-1.0000
16.6684,0.0000,240.1414,1.3379,0.2847,16.6672,16.6608,15.4456,0.0013,-1.0000
16.6631,0.0000,240.1580,1.1997,0.3037,16.6751,16.6501,15.3909,0.0011,-1.0000
16.6693,0.0000,240.1753,1.4998,0.3122,16.6593,16.6699,15.4426,0.0010,-1.0000
16.6669,0.0000,240.1913,1.3066,0.2922,16.6657,16.6584,14.6892,0.0013,-1.0000
16.6652,0.0000,240.2080,1.2133,0.2691,16.6684,16.6550,15.4837,0.0009,-1.0000
16.6683,0.0000,240.2248,1.2581,0.2933,16.6567,16.6632,15.4869,0.0014,-1.0000
16.6667,0.0000,240.2414,1.2261,0.4068,16.6776,16.6550,15.2891,0.0014,-1.0000
16.6636,0.0000,240.2580,1.9678,0.3376,16.6670,16.6493,15.4227,0.0012,-1.0000
16.6703,0.0000,240.2747,1.1703,0.3210,16.6624,16.6710,15.3465,0.0011,-1.0000
16.6663,0.0000,240.2913,1.1748,0.3308,16.6727,16.6541,15.3166,0.0013,-1.0000
16.6647,0.0000,240.3080,1.3641,0.3410,16.6642,16.6507,15.4623,0.0011,-1.0000
16.6686,0.0000,240.3248,1.2253,0.3179,16.6580,16.6694,15.4289,0.0010,-1.0000
16.6668,0.0000,240.3414,1.3234,0.3887,16.6791,16.6554,15.0083,0.0010,-1.0000
16.6653,0.0000,240.3580,1.3362,0.3304,16.6633,16.6520,15.3679,0.0013,-1.0000
16.6685,0.0000,240.3747,1.1872,0.3829,16.6584,16.6687,15.4711,0.0012,-1.0000
16.6669,0.0000,240.3914,1.2394,0.3358,16.6775,16.6558,15.2660,0.0012,-1.0000
16.6649,0.0000,240.4080,1.6459,0.3261,16.6638,16.6513,15.3596,0.0010,-1.0000
16.6688,0.0000,240.4250,1.2828,0.2788,16.6601,16.6686,15.4998,0.0011,-1.0000
16.6640,0.0000,240.4414,1.1962,0.2894,16.6763,16.6488,14.9502,0.0013,-1.0000
16.6683,0.0000,240.4580,1.3882,0.3267,16.6665,16.6627,15.5155,0.0011,-1.0000
16.6674,0.0000,240.4748,1.2906,0.2781,16.6598,16.6642,15.4818,0.0011,-1.0000
16.6670,0.0000,240.4913,1.1677,0.3332,16.6769,16.6546,15.2430,0.0012,-1.0000
16.6685,0.0000,240.5081,1.6973,0.2704,16.6574,16.6634,15.4386,0.0011,-1.0000
16.6638,0.0000,240.5248,1.1458,0.2701,16.6695,16.6510,15.3070,0.0014,-1.0000
16.6691,0.0000,240.5415,1.1813,0.2852,16.6738,16.6573,15.3269,0.0011,-1.0000
16.6652,0.0000,240.5581,1.4103,0.3158,16.6629,16.6525,15.1691,0.0013,-1.0000
16.6680,0.0000,240.5750,1.2235,0.2743,16.6757,16.6614,15.3408,0.0012,-1.0000
16.6644,0.0000,240.5912,1.3423,0.2730,16.6609,16.6480,15.0270,0.0014,-1.0000
16.6678,0.0000,240.6080,1.3287,0.3137,16.6670,16.6626,15.5798,0.0009,-1.0000
16.6679,0.0000,240.6247,1.4820,0.2942,16.6629,16.6578,15.4780,0.0011,-1.0000
16.6631,0.0000,240.6413,1.3191,0.3082,16.6719,16.6511,15.4630,0.0010,-1.0000
16.6694,0.0000,240.6581,1.6195,0.2689,16.6562,16.6687,15.5434,0.0011,-1.0000
16.6663,0.0000,240.6747,1.0820,0.2980,16.6707,16.6540,15.3124,0.0010,-1.0000
16.6654,0.0000,240.6912,1.1785,0.2728,16.6673,16.6554,15.4226,0.0011,-1.0000
16.6680,0.0000,240.7080,1.1869,0.2587,16.6583,16.6629,15.5903,0.0008,-1.0000
16.6676,0.0000,240.7247,1.1245,0.3087,16.6769,16.6601,15.4702,0.0013,-1.0000
16.6638,0.0000,240.7413,1.3406,0.3406,16.6631,16.6493,15.3648,0.0013,-1.0000
16.6700,0.0000,240.7580,1.2315,0.2742,16.6626,16.6715,15.6053,0.0011,-1.0000
16.6663,0.0000,240.7747,1.0719,0.2710,16.6701,16.6548,15.2335,0.0012,-1.0000
16.6663,0.0000,240.7913,1.1884,0.2732,16.6689,16.6556,15.4451,0.0012,-1.0000
16.6687,0.0000,240.8086,1.2829,0.2371,16.6565,16.6670,15.5478,0.0012,-1.0000
16.6654,0.0000,240.8247,1.0651,0.3507,16.6799,16.6495,14.0508,0.0014,-1.0000
16.6663,0.0000,240.8413,1.4198,0.2607,16.6651,16.6583,15.4568,0.0013,-1.0000
16.6679,0.0000,240.8586,1.2092,0.2764,16.6642,16.6629,15.4950,0.0011,-1.0000
16.6655,0.0000,240.8747,1.1178,0.7019,16.6763,16.6512,14.8258,0.0013,-1.0000
16.6654,0.0000,240.8913,2.5973,0.3095,16.6583,16.6533,15.4800,0.0013,-1.0000
16.6700,0.0000,240.9081,1.2001,0.3351,16.6662,16.6744,15.5464,0.0012,-1.0000
16.6652,0.0000,240.9247,1.1667,0.3480,16.6737,16.6505,15.4167,0.0012,-1.0000
16.6648,0.0000,240.9413,1.8238,0.3236,16.6594,16.6525,15.3904,0.0015,-1.0000
16.6696,0.0000,240.9582,1.1720,0.2971,16.6602,16.6700,15.5537,0.0010,-1.0000
16.6656,0.0000,240.9747,1.1268,0.3448,16.6825,16.6506,14.4117,0.0014,-1.0000
16.6660,0.0000,240.9912,1.2325,0.3187,16.6591,16.6566,15.3875,0.0011,-1.0000
16.6687,0.0000,241.0081,1.2605,0.2909,16.6604,16.6679,15.6023,0.0009,-1.0000
16.6650,0.0000,241.0247,1.1148,0.4424,16.6790,16.6464,15.0839,0.0009,-1.0000
16.6643,0.0000,241.0413,2.2376,0.3209,16.6592,16.6489,15.4310,0.0014,-1.0000
16.6705,0.0000,241.0581,1.2679,0.2618,16.6642,16.6765,15.7132,0.0012,-1.0000
16.6663,0.0000,241.0747,1.0646,0.3475,16.6781,16.6548,15.0985,0.0013,-1.0000
16.6661,0.0000,241.0913,1.5614,0.2707,16.6576,16.6559,15.4574,0.0010,-1.0000
16.6690,0.0000,241.1080,1.2169,0.2415,16.6551,16.6644,15.5005,0.0010,-1.0000
16.6656,0.0000,241.1247,0.9621,0.4553,16.6836,16.6520,15.2702,0.0012,-1.0000
16.6644,0.0000,241.1413,1.5547,0.2783,16.6634,16.6512,15.4214,0.0013,-1.0000
16.6701,0.0000,241.1582,1.1974,0.3230,16.6647,16.6830,15.3867,0.0011,-1.0000
16.6644,0.0000,241.1747,1.1627,0.2941,16.6749,16.6348,15.1292,0.0012,-1.0000
16.6675,0.0000,241.1913,1.3805,0.2788,16.6622,16.6612,15.4465,0.0009,-1.0000
16.6683,0.0000,241.2080,1.2286,0.3277,16.6585,16.6603,15.5520,0.0009,-1.0000
16.6621,0.0000,241.2247,1.2953,0.3165,16.6930,16.6469,15.4875,0.0012,-1.0000
16.6688,0.0000,241.2413,1.5039,0.3013,16.6439,16.6691,15.4136,0.0009,-1.0000
16.6690,0.0000,241.2580,1.2134,0.2733,16.6690,16.6636,15.5083,0.0012,-1.0000
16.6630,0.0000,241.2746,1.1069,0.2790,16.6682,16.6485,15.4679,0.0010,-1.0000
16.6697,0.0000,241.2913,1.1584,0.2375,16.6544,16.6703,15.6757,0.0010,-1.0000
16.6671,0.0000,241.3081,1.2546,0.2975,16.6752,16.6580,15.5523,0.0011,-1.0000
16.6646,0.0000,241.3247,1.1538,0.3038,16.6718,16.6525,15.3760,0.0014,-1.0000
16.6666,0.0000,241.3413,1.1793,0.2476,16.6566,16.6584,15.5692,0.0010,-1.0000
16.6680,0.0000,241.3580,0.9934,0.2784,16.6770,16.6630,15.4623,0.0011,-1.0000
16.6641,0.0000,241.3746,1.1042,0.2659,16.6670,16.6489,15.4528,0.0011,-1.0000
16.6699,0.0000,241.3913,1.2748,0.2623,16.6604,16.6738,15.6719,0.0010,-1.0000
16.6670,0.0000,241.4080,1.0879,0.2751,16.6665,16.6545,15.2421,0.0013,-1.0000
16.6622,0.0000,241.4245,1.1993,0.2653,16.6710,16.6462,15.4948,0.0012,-1.0000
16.6706,0.0000,241.4414,1.1947,0.2498,16.6562,16.6750,15.8013,0.0010,-1.0000
16.6668,0.0000,241.4580,1.0006,0.2846,16.6814,16.6589,15.2890,0.0017,-1.0000
16.6652,0.0000,241.4747,1.4110,0.2643,16.6631,16.6491,15.4919,0.0013,-1.0000
16.6680,0.0000,241.4913,1.1505,0.2412,16.6521,16.6655,15.4524,0.0011,-1.0000
16.6675,0.0000,241.5080,0.8726,0.3416,16.6824,16.6606,15.4699,0.0011,-1.0000
16.6635,0.0000,241.5251,1.3681,0.2652,16.6679,16.6493,15.4603,0.0010,-1.0000
16.6696,0.0000,241.5414,1.1558,0.2493,16.6571,16.6718,15.1416,0.0010,-1.0000
16.6671,0.0000,241.5580,1.2118,0.2861,16.6726,16.6565,14.3449,0.0011,-1.0000
16.6669,0.0000,241.5747,1.1893,0.2817,16.6689,16.6574,15.4001,0.0009,-1.0000
16.6668,0.0000,241.5914,1.1879,0.4241,16.6562,16.6607,15.4309,0.0012,-1.0000
16.6666,0.0000,241.6080,1.5291,0.4422,16.6792,16.6519,15.3201,0.0014,-1.0000
16.6650,0.0000,241.6247,2.3106,0.4182,16.6654,16.6556,15.4805,0.0012,-1.0000
16.6686,0.0000,241.6414,1.2563,0.3506,16.6667,16.6639,15.3947,0.0010,-1.0000
16.6661,0.0000,241.6581,1.2286,0.3260,16.6715,16.6529,15.2870,0.0014,-1.0000
16.6669,0.0000,241.6747,1.3303,0.3556,16.6614,16.6588,15.4095,0.0012,-1.0000
16.6656,0.0000,241.6913,1.1738,0.3524,16.6629,16.6559,15.4337,0.0010,-1.0000
16.6678,0.0000,241.7080,1.2681,0.3363,16.6734,16.6617,15.5587,0.0010,-1.0000
16.6649,0.0000,241.7246,1.3647,0.3158,16.6617,16.6524,15.4813,0.0014,-1.0000
16.6666,0.0000,241.7413,1.2480,0.3146,16.6674,16.6608,15.5364,0.0010,-1.0000
16.6688,0.0000,241.7581,1.2214,0.3397,16.6645,16.6635,14.9355,0.0011,-1.0000
16.6659,0.0000,241.7747,1.1019,0.2638,16.6696,16.6552,15.4511,0.0012,-1.0000
16.6690,0.0000,241.7913,1.1697,0.2475,16.6605,16.6641,15.5294,0.0011,-1.0000
16.6662,0.0000,241.8082,1.1234,0.3531,16.6680,16.6546,15.3145,0.0013,-1.0000
16.6660,0.0000,241.8247,1.7269,0.2609,16.6724,16.6527,15.1853,0.0011,-1.0000
16.6665,0.0000,241.8414,1.2030,0.2474,16.6645,16.6607,15.4397,0.0012,-1.0000
16.6674,0.0000,241.8580,1.1338,0.3134,16.6743,16.6639,15.4707,0.0012,-1.0000
16.6663,0.0000,241.8747,1.3387,0.2694,16.6646,16.6546,15.2453,0.0010,-1.0000
16.6673,0.0000,241.8913,1.4661,0.3214,16.6605,16.6559,15.4140,0.0011,-1.0000
16.6667,0.0000,241.9081,1.2196,0.2703,16.6679,16.6552,15.3557,0.0010,-1.0000
16.6665,0.0000,241.9247,1.1922,0.3354,16.6737,16.6571,15.2123,0.0012,-1.0000
16.6643,0.0000,241.9413,1.4082,0.2945,16.6650,16.6505,15.4908,0.0009,-1.0000
16.6673,0.0000,241.9581,1.2407,0.2756,16.6665,16.6663,15.5391,0.0010,-1.0000
16.6688,0.0000,241.9747,1.2985,0.3854,16.6645,16.6612,14.9921,0.0010,-1.0000
16.6652,0.0000,241.9912,1.4436,0.2638,16.6658,16.6554,15.3255,0.0012,-1.0000
16.6691,0.0000,242.0081,1.1585,0.2494,16.6583,16.6628,15.5382,0.0009,-1.0000
25.1378,0.0000,242.0334,1.1262,0.4367,16.6728,25.1313,15.1602,0.0012,-1.0000
8.1936,0.0000,242.0413,1.6675,0.2839,16.6698,8.1741,6.6729,0.0008,-1.0000
16.6687,1.0000,242.0614,1.3288,0.2491,16.6640,19.4803,15.5434,0.0009,-1.0000
16.6659,1.0000,242.0748,1.1234,0.2870,16.6722,13.9046,11.9126,0.0010,-1.0000
16.6681,1.0000,242.0915,9.9706,0.3425,25.1451,16.7541,15.3755,0.0010,-1.0000
16.6659,1.0000,242.1088,1.5002,0.2918,8.1817,17.1846,15.0922,0.0012,-1.0000
16.6666,1.0000,242.1249,3.9357,0.3045,19.4897,16.0591,14.5142,0.0014,-1.0000
16.6669,1.0000,242.1420,1.9913,0.3102,13.9131,16.6193,15.1466,0.0012,-1.0000
16.6665,1.0000,242.1581,1.3773,0.3148,16.7663,16.6646,14.3363,0.0012,-1.0000
16.6673,1.0000,242.1750,2.0911,0.3342,17.1957,16.8675,15.3650,0.0011,-1.0000
16.6669,1.0000,242.1914,1.5435,0.2999,16.0699,16.4571,15.1232,0.0011,-1.0000
16.6650,1.0000,242.2082,1.4715,0.4953,16.6304,16.6584,15.2521,0.0013,-1.0000
16.6682,1.0000,242.2249,2.3271,0.3041,16.6743,16.6786,15.2417,0.0012,-1.0000
16.6669,1.0000,242.2415,1.5014,0.4155,16.8764,16.6815,15.1366,0.0012,-1.0000
16.6667,1.0000,242.2582,1.3325,0.3408,16.4664,16.6069,15.2291,0.0012,-1.0000
16.6640,1.0000,242.2750,1.4051,0.3735,16.6670,16.6332,15.2130,0.0013,-1.0000
16.6696,1.0000,242.2916,1.4358,0.3223,16.6892,16.7512,15.0898,0.0012,-1.0000
16.6658,1.0000,242.3082,1.5434,0.3812,16.6906,16.5363,15.0770,0.0015,-1.0000
16.6643,1.0000,242.3247,1.3768,0.4480,16.6160,16.6415,15.2418,0.0009,-1.0000
16.6699,1.0000,242.3414,1.4188,0.3137,16.6407,16.6725,15.5524,0.0012,-1.0000
16.6662,1.0000,242.3581,1.6601,0.3311,16.7614,16.6585,15.2292,0.0014,-1.0000
16.6656,1.0000,242.3748,1.4577,0.3440,16.5476,16.6712,15.4256,0.0010,-1.0000
16.6655,1.0000,242.3913,1.3985,0.2851,16.6496,16.6427,15.2841,0.0010,-1.0000
16.6685,1.0000,242.4081,1.1189,0.3840,16.6810,16.7103,15.5187,0.0014,-1.0000
16.6662,1.0000,242.4247,1.4281,0.3358,16.6682,16.6051,15.3433,0.0013,-1.0000
16.6682,1.0000,242.4415,1.2445,0.3250,16.6805,16.6666,15.4308,0.0011,-1.0000
16.6667,1.0000,242.4581,1.3576,0.2834,16.6501,16.6512,15.3171,0.0012,-1.0000
16.6662,1.0000,242.4747,1.1899,0.3250,16.7173,16.6585,15.4461,0.0011,-1.0000
16.6671,1.0000,242.4913,1.2603,0.2824,16.6130,16.6702,15.3699,0.0012,-1.0000
16.6668,1.0000,242.5081,1.2344,0.3328,16.6766,16.6469,15.3065,0.0013,-1.0000
16.6653,1.0000,242.5247,1.3328,0.2984,16.6600,16.6547,15.2671,0.0014,-1.0000
16.6692,1.0000,242.5415,1.2112,0.2608,16.6677,16.6682,15.5072,0.0010,-1.0000
16.6665,1.0000,242.5581,1.2990,0.2889,16.6801,16.6493,15.2426,0.0014,-1.0000
16.6639,1.0000,242.5747,1.3391,0.3158,16.6562,16.6458,15.2485,0.0011,-1.0000
16.6682,1.0000,242.5913,1.3860,0.2839,16.6623,16.6653,15.5127,0.0009,-1.0000
16.6688,1.0000,242.6081,1.1600,0.3306,16.6785,16.6784,15.4094,0.0014,-1.0000
16.6653,1.0000,242.6248,1.4051,0.2697,16.6597,16.6408,15.2195,0.0013,-1.0000
16.6672,1.0000,242.6415,1.3961,0.2554,16.6531,16.6697,15.3039,0.0013,-1.0000
16.6667,1.0000,242.6581,1.1516,0.2784,16.6721,16.6530,15.1589,0.0014,-1.0000
16.6668,1.0000,242.6748,1.2672,0.2893,16.6885,16.6628,15.3530,0.0012,-1.0000
16.6656,1.0000,242.6913,1.4200,0.3499,16.6494,16.6899,15.3992,0.0011,-1.0000
16.6677,1.0000,242.7081,1.3643,0.3253,16.6779,16.6157,15.3848,0.0012,-1.0000
16.6671,1.0000,242.7248,1.4925,0.2865,16.6619,16.6627,15.4342,0.0012,-1.0000
16.6666,1.0000,242.7416,1.3082,0.2679,16.6722,16.7111,15.1858,0.0012,-1.0000
16.6660,1.0000,242.7581,1.2897,0.2930,16.6986,16.5991,15.1575,0.0014,-1.0000
16.6680,1.0000,242.7747,1.2297,0.2694,16.6247,16.6641,15.3612,0.0010,-1.0000
16.6655,1.0000,242.7913,1.2271,0.3073,16.6714,16.6954,15.3052,0.0011,-1.0000
16.6630,1.0000,242.8080,1.5239,0.3001,16.7204,16.5925,15.3639,0.0014,-1.0000
16.6694,1.0000,242.8251,1.4400,0.2869,16.6099,16.6909,15.7128,0.0010,-1.0000
16.6685,1.0000,242.8414,1.3013,0.2740,16.6735,16.6580,14.9889,0.0011,-1.0000
16.6663,1.0000,242.8581,1.3894,0.2600,16.7044,16.6950,15.3210,0.0014,-1.0000
16.6643,1.0000,242.8747,1.2272,0.2561,16.5984,16.6486,15.2847,0.0013,-1.0000
16.6704,1.0000,242.8914,0.9767,0.4070,16.6973,16.6817,15.4080,0.0011,-1.0000
16.6653,1.0000,242.9081,1.6678,0.3757,16.6654,16.6526,15.0196,0.0013,-1.0000
16.6670,1.0000,242.9250,1.3727,0.4871,16.7051,16.7107,15.3467,0.0011,-1.0000
16.6672,1.0000,242.9415,1.3624,0.3440,16.6559,16.5943,14.9385,0.0013,-1.0000
16.6669,1.0000,242.9582,1.2725,0.4268,16.6904,16.6621,15.1876,0.0014,-1.0000
16.6656,1.0000,242.9749,1.6316,0.3364,16.6616,16.7344,15.1861,0.0012,-1.0000
16.6676,1.0000,242.9915,1.3629,0.5034,16.7215,16.5751,15.1356,0.0011,-1.0000
16.6669,1.0000,243.0084,1.6547,0.4075,16.6050,16.8861,15.2617,0.0010,-1.0000
16.6646,1.0000,243.0248,1.4731,0.3659,16.6742,16.4564,14.9846,0.0014,-1.0000
16.6662,1.0000,243.0413,1.5471,0.3672,16.7448,16.5750,15.4373,0.0012,-1.0000
16.6669,1.0000,243.0582,1.4381,0.3051,16.5859,16.7204,15.4118,0.0011,-1.0000
16.6654,1.0000,243.0747,1.6230,0.3083,16.8958,16.6527,15.0770,0.0011,-1.0000
16.6663,1.0000,243.0912,1.4703,0.2618,16.4640,16.6140,15.6255,0.0012,-1.0000
16.6705,1.0000,243.1082,1.1366,0.3087,16.5829,16.7283,15.7601,0.0009,-1.0000
16.6642,1.0000,243.1247,1.3076,0.3047,16.7270,16.6287,15.0690,0.0011,-1.0000
16.6662,1.0000,243.1413,1.5746,0.2867,16.6585,16.6547,15.4732,0.0011,-1.0000
16.6686,1.0000,243.1581,0.9871,0.3365,16.6178,16.6894,15.5740,0.0010,-1.0000
16.6663,1.0000,243.1748,0.9676,0.2820,16.7354,16.6827,15.3776,0.0010,-1.0000
16.6684,1.0000,243.1914,1.5584,0.2304,16.6353,16.6259,15.2657,0.0011,-1.0000
16.6671,1.0000,243.2082,1.1805,0.2267,16.6602,16.6653,15.2688,0.0011,-1.0000
16.6651,1.0000,243.2249,1.1152,0.2733,16.6971,16.7528,15.2508,0.0013,-1.0000
16.6674,1.0000,243.2414,1.3040,0.3025,16.6895,16.5392,15.2180,0.0011,-1.0000
16.6671,1.0000,243.2581,1.3591,0.3366,16.6342,16.6922,15.4179,0.0010,-1.0000
16.6635,1.0000,243.2746,1.3948,0.2690,16.6756,16.6112,15.2890,0.0012,-1.0000
16.6695,1.0000,243.2913,1.5005,0.2796,16.7616,16.6393,15.5607,0.0011,-1.0000
16.6680,1.0000,243.3082,1.3201,0.2712,16.5476,16.6646,15.3036,0.0012,-1.0000
16.6633,1.0000,243.3247,1.2728,0.2973,16.7008,16.6396,15.1900,0.0016,-1.0000
16.6657,1.0000,243.3413,1.3209,0.2589,16.6172,16.6537,15.5605,0.0012,-1.0000
16.6683,1.0000,243.3581,1.0775,0.3029,16.6470,16.6750,15.7085,0.0009,-1.0000
16.6662,1.0000,243.3746,1.3596,0.2672,16.6744,16.6558,15.4553,0.0012,-1.0000
16.6693,1.0000,243.3914,1.4479,0.2329,16.6470,16.7157,15.5986,0.0011,-1.0000
16.6677,1.0000,243.4082,1.0921,0.2447,16.6584,16.6941,15.2951,0.0011,-1.0000
16.6650,1.0000,243.4247,0.9656,0.2715,16.6806,16.6245,15.1254,0.0012,-1.0000
16.6686,1.0000,243.4414,1.1994,0.2664,16.6613,16.6566,15.4646,0.0009,-1.0000
16.6655,1.0000,243.4581,1.1162,0.3463,16.7239,16.6744,15.4450,0.0010,-1.0000
16.6676,1.0000,243.4750,1.3978,0.2657,16.7046,16.7122,15.3933,0.0011,-1.0000
16.6649,1.0000,243.4918,1.4976,0.2962,16.6321,16.5686,15.0017,0.0017,-1.0000
16.6691,1.0000,243.5082,1.1907,0.2701,16.6648,16.6817,14.8925,0.0014,-1.0000
16.6702,1.0000,243.5251,1.2284,0.2653,16.6821,16.8100,15.2498,0.0014,-1.0000
16.6623,1.0000,243.5414,1.3178,0.3346,16.7222,16.4414,15.0073,0.0012,-1.0000
16.6664,1.0000,243.5582,1.5656,0.4751,16.5760,16.6639,15.4992,0.0013,-1.0000
16.6669,1.0000,243.5747,1.7877,0.3327,16.6907,16.6509,15.2124,0.0015,-1.0000
16.6653,1.0000,243.5913,1.5582,0.3153,16.8264,16.6592,15.4251,0.0011,-1.0000
16.6699,1.0000,243.6082,1.4328,0.3032,16.4536,16.6791,15.4258,0.0008,-1.0000
16.6649,1.0000,243.6248,1.1635,0.3532,16.6731,16.6406,15.0283,0.0014,-1.0000
16.6673,1.0000,243.6415,1.4370,0.3136,16.6599,16.7239,15.2572,0.0010,-1.0000
16.6668,1.0000,243.6581,1.2332,0.3170,16.6680,16.5944,15.2612,0.0014,-1.0000
16.6661,1.0000,243.6748,1.2537,0.4100,16.6887,16.6624,15.3084,0.0015,-1.0000
16.6657,1.0000,243.6913,1.6110,0.3561,16.6490,16.6476,15.2759,0.0011,-1.0000
16.6686,1.0000,243.7081,1.4657,0.3505,16.7320,16.6745,15.4741,0.0013,-1.0000
16.6667,1.0000,243.7248,1.3316,0.3157,16.6035,16.6510,15.3277,0.0010,-1.0000
16.6663,1.0000,243.7414,1.3524,0.3017,16.6710,16.6496,15.2921,0.0016,-1.0000
16.6655,1.0000,243.7581,1.3704,0.3425,16.6555,16.6634,15.3811,0.0012,-1.0000
16.6673,1.0000,243.7748,1.1990,0.3172,16.6829,16.6578,15.4182,0.0012,-1.0000
16.6646,1.0000,243.7912,1.3222,0.2799,16.6600,16.6484,15.2922,0.0013,-1.0000
16.6698,1.0000,243.8081,1.3557,0.3189,16.6575,16.6760,15.7245,0.0013,-1.0000
16.6673,1.0000,243.8248,1.2811,0.3197,16.6714,16.6622,15.3259,0.0013,-1.0000
16.6627,1.0000,243.8413,1.2385,0.2930,16.6653,16.6368,15.3728,0.0012,-1.0000
16.6692,1.0000,243.8581,1.3549,0.2954,16.6552,16.6781,15.6803,0.0010,-1.0000
16.6662,1.0000,243.8747,0.9500,0.3159,16.6832,16.6488,15.3981,0.0014,-1.0000
16.6670,1.0000,243.8913,1.3348,0.3091,16.6702,16.6685,15.4150,0.0012,-1.0000
16.6683,1.0000,243.9081,1.2628,0.2723,16.6434,16.6601,15.5186,0.0011,-1.0000
16.6675,1.0000,243.9248,0.9968,0.2780,16.6852,16.7243,15.1928,0.0011,-1.0000
16.6659,1.0000,243.9415,1.2492,0.3064,16.6564,16.5988,15.2227,0.0014,-1.0000
16.6658,1.0000,243.9581,1.2524,0.3037,16.6751,16.6445,15.2557,0.0011,-1.0000
16.6683,1.0000,243.9749,1.1404,0.3840,16.6691,16.7404,15.3505,0.0011,-1.0000
16.6659,1.0000,243.9913,1.5304,0.3556,16.7341,16.5761,15.1600,0.0012,-1.0000
16.6672,1.0000,244.0081,1.3747,0.3242,16.6073,16.6638,15.3559,0.0012,-1.0000
16.6669,1.0000,244.0248,1.3874,0.3217,16.6537,16.7071,15.2376,0.0013,-1.0000
16.6662,1.0000,244.0414,1.3889,0.3305,16.7509,16.6044,15.2252,0.0011,-1.0000
16.6663,1.0000,244.0581,1.4147,0.3400,16.5862,16.6527,15.3747,0.0012,-1.0000
16.6667,1.0000,244.0748,1.3066,0.3239,16.6725,16.6633,15.2939,0.0018,-1.0000
16.6677,1.0000,244.0914,1.4681,0.3275,16.7183,16.7144,15.4051,0.0013,-1.0000
16.6671,1.0000,244.1081,1.3780,0.2865,16.6142,16.6551,15.3316,0.0012,-1.0000
16.6675,1.0000,244.1248,1.2768,0.2764,16.6619,16.6603,15.3195,0.0012,-1.0000
16.6653,1.0000,244.1415,1.3676,0.2567,16.6713,16.6564,15.3146,0.0012,-1.0000
16.6670,1.0000,244.1582,1.3081,0.2968,16.7242,16.6961,15.2918,0.0016,-1.0000
16.6665,1.0000,244.1748,1.3221,0.3265,16.6656,16.6049,15.1807,0.0013,-1.0000
16.6655,1.0000,244.1913,1.3397,0.3063,16.6714,16.6378,15.2349,0.0018,-1.0000
16.6680,1.0000,244.2082,1.3405,0.2840,16.6654,16.7850,15.5561,0.0012,-1.0000
16.6671,1.0000,244.2248,1.4026,0.2760,16.7045,16.5733,15.2089,0.0012,-1.0000
16.6658,1.0000,244.2414,1.4229,0.2615,16.6131,16.6392,15.2870,0.0013,-1.0000
16.6663,1.0000,244.2582,1.4011,0.2571,16.6454,16.7196,15.3815,0.0012,-1.0000
16.6678,1.0000,244.2748,1.2276,0.3373,16.7929,16.5518,15.2596,0.0013,-1.0000
16.6667,1.0000,244.2916,1.3629,0.3059,16.5825,16.7230,15.3000,0.0013,-1.0000
16.6677,1.0000,244.3082,1.3506,0.2686,16.6478,16.6510,15.1317,0.0013,-1.0000
16.6669,1.0000,244.3248,1.3370,0.2651,16.7292,16.6463,15.0220,0.0013,-1.0000
16.6665,1.0000,244.3415,1.2906,0.2735,16.5586,16.6679,15.3429,0.0012,-1.0000
16.6667,1.0000,244.3581,1.4218,0.3771,16.7318,16.6543,15.3656,0.0012,-1.0000
16.6668,1.0000,244.3749,1.5178,0.3464,16.6624,16.6540,15.3663,0.0011,-1.0000
16.6669,1.0000,244.3914,1.6228,0.3280,16.6575,16.6604,15.2975,0.0015,-1.0000
16.6662,1.0000,244.4081,1.3237,0.3063,16.6765,16.6660,15.3090,0.0010,-1.0000
16.6675,1.0000,244.4248,1.2874,0.3730,16.6640,16.6265,15.2904,0.0012,-1.0000
16.6662,1.0000,244.4415,1.2865,0.3036,16.6627,16.6557,15.4052,0.0011,-1.0000
16.6677,1.0000,244.4583,1.3615,0.3515,16.6703,16.7779,15.2833,0.0013,-1.0000
16.6676,1.0000,244.4749,1.3560,0.3069,16.6753,16.5475,15.0476,0.0012,-1.0000
16.6654,1.0000,244.4914,1.3351,0.3159,16.6358,16.6623,15.1975,0.0012,-1.0000
16.6662,1.0000,244.5081,1.2492,0.3541,16.6657,16.6678,15.2268,0.0012,-1.0000
16.6662,1.0000,244.5247,1.4930,0.3569,16.7879,16.5849,15.3590,0.0012,-1.0000
16.6685,1.0000,244.5414,1.4985,0.3303,16.5588,16.6765,15.4247,0.0012,-1.0000
16.6656,1.0000,244.5581,1.4632,0.2700,16.6730,16.6394,15.3647,0.0013,-1.0000
16.6634,1.0000,244.5746,1.4396,0.2882,16.6780,16.6477,15.3671,0.0012,-1.0000
16.6708,1.0000,244.5913,1.2246,0.3148,16.5935,16.6826,15.6950,0.0011,-1.0000
16.6667,1.0000,244.6081,1.2505,0.2663,16.6871,16.6531,15.3913,0.0010,-1.0000
16.6655,1.0000,244.6247,1.2734,0.2914,16.6484,16.6995,15.1659,0.0014,-1.0000
16.6644,1.0000,244.6414,1.2796,0.2348,16.6542,16.6455,15.3607,0.0013,-1.0000
16.6692,1.0000,244.6581,0.9865,0.2918,16.6901,16.6818,15.5466,0.0010,-1.0000
16.6645,1.0000,244.6747,1.2606,0.3228,16.6623,16.6356,15.3408,0.0011,-1.0000
16.6661,1.0000,244.6913,1.5321,0.2837,16.7074,16.6684,15.5157,0.0013,-1.0000
16.6715,1.0000,244.7082,1.2835,0.2577,16.6510,16.7303,15.4583,0.0010,-1.0000
16.6637,1.0000,244.7248,1.1342,0.2576,16.6897,16.5845,15.2457,0.0011,-1.0000
16.6654,1.0000,244.7413,1.2938,0.2496,16.6428,16.6430,15.2974,0.0011,-1.0000
16.6690,1.0000,244.7581,1.1514,0.2881,16.6745,16.7276,15.5607,0.0011,-1.0000
16.6656,1.0000,244.7747,1.2707,0.2693,16.7393,16.5706,15.3006,0.0012,-1.0000
16.6667,1.0000,244.7913,1.3376,0.3278,16.5940,16.6548,15.4756,0.0013,-1.0000
16.6688,1.0000,244.8081,1.3446,0.2342,16.6489,16.6741,15.5673,0.0011,-1.0000
16.6662,1.0000,244.8247,1.1660,0.2802,16.7349,16.6473,15.3903,0.0011,-1.0000
16.6651,1.0000,244.8413,1.2688,0.2522,16.5782,16.6555,15.4287,0.0010,-1.0000
16.6697,1.0000,244.8582,1.1779,0.2822,16.6622,16.7407,15.4307,0.0012,-1.0000
16.6644,1.0000,244.8747,1.1054,0.2872,16.6839,16.6227,15.2852,0.0011,-1.0000
16.6691,1.0000,244.8914,1.2552,0.3037,16.6574,16.6218,15.4529,0.0012,-1.0000
16.6666,1.0000,244.9081,1.2257,0.2716,16.6628,16.6512,15.2559,0.0011,-1.0000
16.6657,1.0000,244.9247,1.3082,0.2622,16.7496,16.6573,15.3982,0.0013,-1.0000
16.6677,1.0000,244.9414,1.3362,0.2500,16.6310,16.6595,15.3984,0.0013,-1.0000
16.6676,1.0000,244.9582,1.1671,0.2918,16.6311,16.6728,15.3553,0.0012,-1.0000
16.6651,1.0000,244.9748,1.3938,0.2470,16.6612,16.6428,15.2373,0.0013,-1.0000
16.6678,1.0000,244.9913,1.2578,0.2635,16.6663,16.6585,15.2628,0.0013,-1.0000
16.6663,1.0000,245.0081,1.2591,0.2699,16.6683,16.6613,15.3615,0.0011,-1.0000
16.6670,1.0000,245.0248,1.3165,0.2873,16.6842,16.6558,15.2551,0.0015,-1.0000
16.6645,1.0000,245.0414,1.4037,0.2891,16.6529,16.6417,15.1495,0.0012,-1.0000
16.6675,1.0000,245.0582,1.3936,0.3028,16.6682,16.6683,15.4182,0.0011,-1.0000
16.6660,1.0000,245.0747,1.2983,0.2866,16.6717,16.6444,15.1087,0.0012,-1.0000
16.6675,1.0000,245.0913,1.3987,0.3031,16.6675,16.6581,15.3602,0.0014,-1.0000
16.6668,1.0000,245.1083,1.4908,0.2810,16.6521,16.6592,15.5458,0.0011,-1.0000
16.6661,1.0000,245.1247,1.2490,0.2863,16.6783,16.6561,15.1047,0.0010,-1.0000
16.6677,1.0000,245.1414,1.5346,0.3472,16.6538,16.6615,15.5281,0.0013,-1.0000
16.6644,1.0000,245.1580,1.2965,0.3129,16.6662,16.6950,15.4014,0.0012,-1.0000
16.6674,1.0000,245.1747,1.1123,0.4155,16.6676,16.6218,15.4961,0.0012,-1.0000
16.6683,1.0000,245.1913,1.5501,0.2925,16.6636,16.6641,15.5346,0.0012,-1.0000
16.6660,1.0000,245.2081,1.1319,0.3187,16.6688,16.7114,15.3145,0.0012,-1.0000
16.6665,1.0000,245.2247,1.2925,0.2849,16.7016,16.6047,15.3842,0.0014,-1.0000
16.6663,1.0000,245.2414,1.1245,0.3207,16.6282,16.6605,15.4400,0.0011,-1.0000
16.6665,1.0000,245.2582,1.1283,0.3233,16.6717,16.7454,15.4930,0.0010,-1.0000
16.6680,1.0000,245.2747,1.3958,0.2952,16.7200,16.5790,15.3498,0.0013,-1.0000
16.6671,1.0000,245.2913,1.2190,0.3057,16.6123,16.6594,15.3532,0.0010,-1.0000
16.6643,1.0000,245.3080,1.2194,0.3112,16.6684,16.6450,15.5446,0.0009,-1.0000
16.6678,1.0000,245.3247,1.2518,0.3031,16.7518,16.7011,15.4419,0.0011,-1.0000
16.6669,1.0000,245.3414,1.2279,0.3316,16.5874,16.6791,15.5561,0.0009,-1.0000
16.6658,1.0000,245.3580,1.3052,0.2788,16.6674,16.6372,15.3543,0.0011,-1.0000
16.6690,1.0000,245.3748,1.0993,0.2678,16.6520,16.6882,15.4863,0.0012,-1.0000
16.6663,1.0000,245.3914,1.2580,0.2581,16.7078,16.6875,15.3397,0.0011,-1.0000
16.6663,1.0000,245.4081,1.1223,0.2638,16.6870,16.6044,15.3764,0.0010,-1.0000
16.6657,1.0000,245.4247,1.2819,0.2906,16.6444,16.6524,15.4860,0.0010,-1.0000
16.6664,1.0000,245.4415,1.2006,0.2966,16.6962,16.7617,15.5365,0.0013,-1.0000
16.6660,1.0000,245.4580,1.3467,0.2761,16.6959,16.5580,15.2427,0.0013,-1.0000
16.6681,1.0000,245.4748,1.2268,0.2503,16.6120,16.6831,15.5990,0.0012,-1.0000
16.6687,1.0000,245.4914,1.1653,0.2529,16.6593,16.7010,15.4196,0.0010,-1.0000
16.6635,1.0000,245.5080,1.2241,0.2832,16.7685,16.5643,15.3518,0.0011,-1.0000
16.6666,1.0000,245.5246,1.3142,0.2489,16.5633,16.7021,15.5234,0.0011,-1.0000
16.6696,1.0000,245.5415,1.0830,0.2894,16.6890,16.6828,15.7038,0.0010,-1.0000
16.6655,1.0000,245.5581,1.2808,0.2768,16.7088,16.6631,15.2810,0.0013,-1.0000
16.6671,1.0000,245.5747,1.2112,0.2443,16.5711,16.6315,15.4399,0.0014,-1.0000
16.6682,1.0000,245.5913,1.1776,0.2234,16.7075,16.6758,15.4921,0.0011,-1.0000
16.6653,1.0000,245.6081,0.9778,0.2558,16.6903,16.6624,15.5374,0.0010,-1.0000
16.6659,1.0000,245.6248,1.3812,0.2660,16.6718,16.6773,15.3459,0.0010,-1.0000
16.6695,1.0000,245.6415,1.1903,0.2718,16.6392,16.6480,15.4556,0.0010,-1.0000
16.6645,1.0000,245.6581,1.1826,0.2665,16.6838,16.6233,15.2299,0.0012,-1.0000
16.6681,1.0000,245.6749,1.1237,0.2718,16.6702,16.7986,15.4544,0.0011,-1.0000
16.6668,1.0000,245.6913,1.3303,0.3014,16.6842,16.5192,15.2669,0.0012,-1.0000
16.6633,1.0000,245.7080,1.1913,0.3048,16.6563,16.6551,15.4535,0.0014,-1.0000
16.6669,1.0000,245.7251,1.3924,0.2637,16.6314,16.6513,15.6726,0.0010,-1.0000
16.6697,1.0000,245.7414,1.3430,0.2877,16.8067,16.6504,15.0090,0.0010,-1.0000
16.6655,1.0000,245.7580,1.2509,0.2929,16.5279,16.6448,15.4578,0.0014,-1.0000
16.6670,1.0000,245.7747,1.2001,0.2498,16.6612,16.6645,15.5036,0.0009,-1.0000
16.6666,1.0000,245.7913,0.9778,0.3439,16.6569,16.6605,15.5098,0.0012,-1.0000
16.6659,1.0000,245.8080,1.6404,0.3027,16.6582,16.6535,15.5598,0.0010,-1.0000
16.6674,1.0000,245.8247,1.1857,0.3347,16.6524,16.6635,15.4760,0.0010,-1.0000
16.6686,1.0000,245.8414,1.1595,0.2892,16.6711,16.7046,15.5223,0.0011,-1.0000
16.6643,1.0000,245.8580,1.1495,0.3116,16.6675,16.6340,15.2727,0.0017,-1.0000
16.6676,1.0000,245.8747,1.0928,0.3249,16.6616,16.6235,15.4448,0.0011,-1.0000
16.6669,1.0000,245.8915,1.1863,0.3205,16.6704,16.6614,15.3964,0.0011,-1.0000
16.6645,1.0000,245.9079,1.1812,0.3954,16.7129,16.6504,15.2129,0.0011,-1.0000
16.6694,1.0000,245.9247,1.3595,0.3860,16.6412,16.6716,15.7375,0.0009,-1.0000
16.6674,1.0000,245.9414,1.1774,0.3455,16.6296,16.6633,15.3804,0.0010,-1.0000
16.6636,1.0000,245.9580,1.2641,0.3095,16.6689,16.6440,15.3242,0.0010,-1.0000
16.6683,1.0000,245.9747,1.4363,0.2801,16.6557,16.6674,15.6319,0.0012,-1.0000
16.6679,1.0000,245.9912,0.9335,0.3879,16.6780,16.6635,15.4384,0.0011,-1.0000
16.6643,1.0000,246.0080,1.2818,0.3105,16.6725,16.6496,15.5362,0.0009,-1.0000
16.6694,1.0000,246.0247,1.3188,0.2817,16.6511,16.6714,15.5716,0.0010,-1.0000
16.6666,1.0000,246.0414,1.0344,0.2796,16.6737,16.6623,15.4793,0.0011,-1.0000
16.6642,1.0000,246.0579,1.2238,0.2958,16.6706,16.6443,15.4412,0.0016,-1.0000
16.6698,1.0000,246.0747,1.1126,0.3209,16.6554,16.6742,15.7232,0.0011,-1.0000
16.6652,1.0000,246.0913,1.0986,0.3258,16.6779,16.6532,15.4266,0.0010,-1.0000
16.6655,1.0000,246.1080,1.1817,0.2823,16.6705,16.6559,15.4687,0.0011,-1.0000
16.6689,1.0000,246.1247,1.2014,0.2373,16.6506,16.6678,15.5402,0.0011,-1.0000
16.6656,1.0000,246.1413,0.9498,0.2614,16.6817,16.6551,15.4952,0.0010,-1.0000
16.6652,1.0000,246.1579,1.2257,0.3062,16.6615,16.6537,15.4948,0.0010,-1.0000
16.6695,1.0000,246.1747,1.1861,0.2649,16.6624,16.6689,15.6561,0.0008,-1.0000
16.6649,1.0000,246.1913,1.1265,0.2618,16.6753,16.6560,15.4557,0.0010,-1.0000
16.6679,1.0000,246.2080,1.1588,0.2467,16.6623,16.6611,15.6306,0.0010,-1.0000
16.6661,1.0000,246.2247,1.1578,0.2438,16.6598,16.6619,15.5801,0.0016,-1.0000
16.6664,1.0000,246.2413,1.0118,0.2901,16.6765,16.6547,15.3418,0.0011,-1.0000
16.6659,1.0000,246.2579,1.1993,0.2601,16.6630,16.6578,15.5929,0.0012,-1.0000
16.6695,1.0000,246.2747,1.0290,0.2633,16.6675,16.6700,15.7150,0.0012,-1.0000
16.6638,1.0000,246.2912,1.0802,0.3389,16.6693,16.6478,15.4922,0.0011,-1.0000
16.6692,1.0000,246.3080,1.3118,0.2704,16.6617,16.6708,15.7659,0.0009,-1.0000
16.6666,1.0000,246.3247,1.0638,0.2203,16.6640,16.6570,15.4403,0.0012,-1.0000
16.6647,1.0000,246.3413,0.9538,0.2462,16.6780,16.6538,15.5268,0.0010,-1.0000
16.6670,1.0000,246.3580,1.1544,0.2540,16.6538,16.6626,15.6056,0.0009,-1.0000
16.6688,1.0000,246.3747,0.9040,0.2793,16.6779,16.6704,15.5385,0.0011,-1.0000
16.6646,1.0000,246.3912,1.2154,0.2475,16.6653,16.6414,15.5013,0.0011,-1.0000
16.6677,1.0000,246.4083,1.1259,0.2415,16.6604,16.6703,15.7126,0.0010,-1.0000
16.6669,1.0000,246.4247,1.0561,0.2585,16.6685,16.6567,15.1154,0.0012,-1.0000
16.6654,1.0000,246.4413,1.1310,0.2838,16.6800,16.6561,15.5008,0.0009,-1.0000
16.6679,1.0000,246.4581,1.1391,0.2400,16.6485,16.6641,15.5551,0.0009,-1.0000
16.6680,1.0000,246.4747,0.9569,0.3864,16.6770,16.6617,15.3198,0.0012,-1.0000
16.6652,1.0000,246.4913,1.5401,0.2927,16.6641,16.6531,15.2091,0.0014,-1.0000
16.6690,1.0000,246.5080,1.1544,0.3122,16.6631,16.6657,15.5677,0.0009,-1.0000
16.6643,1.0000,246.5247,1.1082,0.3494,16.6720,16.6505,15.3331,0.0012,-1.0000
16.6663,1.0000,246.5413,1.3404,0.3794,16.6696,16.6582,15.3827,0.0011,-1.0000
16.6696,1.0000,246.5582,1.4430,0.3231,16.6611,16.6708,15.5818,0.0010,-1.0000
16.6655,1.0000,246.5747,1.0969,0.3143,16.6735,16.6577,15.2429,0.0012,-1.0000
16.6665,1.0000,246.5912,1.3161,0.3732,16.6579,16.6511,15.3300,0.0011,-1.0000
16.6677,1.0000,246.6080,1.2745,0.2745,16.6650,16.6641,15.6264,0.0012,-1.0000
16.6640,1.0000,246.6246,1.0875,0.3645,16.6777,16.6478,15.5120,0.0011,-1.0000
16.6698,1.0000,246.6414,1.4132,0.2899,16.6666,16.6739,15.5370,0.0010,-1.0000
16.6664,1.0000,246.6580,1.3200,0.2621,16.6591,16.6553,15.3781,0.0012,-1.0000
16.6663,1.0000,246.6747,1.0365,0.2409,16.6719,16.6540,15.4885,0.0014,-1.0000
16.6674,1.0000,246.6913,1.1349,0.3204,16.6546,16.6642,15.5676,0.0008,-1.0000
16.6645,1.0000,246.7080,1.1359,0.2997,16.6820,16.6508,15.5311,0.0010,-1.0000
16.6653,1.0000,246.7246,1.2758,0.2663,16.6641,16.6552,15.5118,0.0011,-1.0000
16.6703,1.0000,246.7414,1.1640,0.2550,16.6623,16.6723,15.5612,0.0012,-1.0000
16.6660,1.0000,246.7580,1.0956,0.2598,16.6727,16.6592,15.4232,0.0012,-1.0000
16.6669,1.0000,246.7747,1.1186,0.2472,16.6579,16.6558,15.4933,0.0011,-1.0000
16.6654,1.0000,246.7912,1.1424,0.2491,16.6614,16.6573,15.4731,0.0010,-1.0000
16.6680,1.0000,246.8081,1.1100,0.2629,16.6787,16.6603,15.6101,0.0008,-1.0000
16.6653,1.0000,246.8246,1.2346,0.2791,16.6676,16.6544,15.4771,0.0013,-1.0000
16.6696,1.0000,246.8414,1.1616,0.2739,16.6642,16.6677,15.4849,0.0013,-1.0000
16.6663,1.0000,246.8580,1.1831,0.2495,16.6647,16.6565,15.2256,0.0012,-1.0000
16.6659,1.0000,246.8747,1.0491,0.2552,16.6681,16.6598,15.4328,0.0013,-1.0000
16.6653,1.0000,246.8913,1.1756,0.2599,16.6623,16.6532,15.5197,0.0011,-1.0000
16.6664,1.0000,246.9080,1.1814,0.3055,16.6759,16.6550,15.5723,0.0010,-1.0000
16.6668,1.0000,246.9247,1.4298,0.2698,16.6665,16.6627,15.6285,0.0015,-1.0000
16.6687,1.0000,246.9413,1.2255,0.2600,16.6671,16.6652,15.4025,0.0012,-1.0000
16.6653,1.0000,246.9580,1.1328,0.2579,16.6606,16.6527,15.4905,0.0011,-1.0000
16.6660,1.0000,246.9746,1.0822,0.2352,16.6613,16.6601,15.5517,0.0014,-1.0000
16.6684,1.0000,246.9912,1.0328,0.2849,16.6704,16.6633,15.5787,0.0008,-1.0000
16.6656,1.0000,247.0080,1.2619,0.2726,16.6733,16.6533,15.6133,0.0011,-1.0000
16.6683,1.0000,247.0247,1.1610,0.2398,16.6600,16.6672,15.6652,0.0011,-1.0000
16.6679,1.0000,247.0415,1.1072,0.2557,16.6666,16.6635,15.4580,0.0015,-1.0000
16.6641,1.0000,247.0580,1.0836,0.2645,16.6702,16.6474,15.2535,0.0011,-1.0000
16.6676,1.0000,247.0747,1.0387,0.2633,16.6596,16.6641,15.5805,0.0012,-1.0000
16.6659,1.0000,247.0912,1.0008,0.2902,16.6747,16.6553,15.5566,0.0010,-1.0000
16.6673,1.0000,247.1080,1.2038,0.3084,16.6727,16.6619,15.6550,0.0012,-1.0000
16.6672,1.0000,247.1247,1.3928,0.2537,16.6551,16.6631,15.5950,0.0013,-1.0000
16.7125,1.0000,247.1414,1.0824,0.2616,16.6711,16.7058,15.5644,0.0012,-1.0000
16.6209,1.0000,247.1580,1.0977,0.2531,16.6614,16.6103,15.3902,0.0011,-1.0000
16.6680,1.0000,247.1747,1.0053,0.2386,16.6683,16.6673,15.5992,0.0008,-1.0000
16.6661,1.0000,247.1913,1.0668,0.2735,16.6706,16.6536,15.4883,0.0012,-1.0000
16.6654,1.0000,247.2080,1.1399,0.3033,16.7137,16.6509,15.5051,0.0009,-1.0000
16.6680,1.0000,247.2247,1.2190,0.2677,16.6178,16.6698,15.6427,0.0011,-1.0000
16.6670,1.0000,247.2413,1.0668,0.2710,16.6766,16.6552,15.3597,0.0013,-1.0000
16.6637,1.0000,247.2579,1.1641,0.2907,16.6622,16.6576,15.5200,0.0011,-1.0000
16.6688,1.0000,247.2747,1.1446,0.2846,16.6579,16.6640,15.7339,0.0011,-1.0000
16.6676,1.0000,247.2912,1.0259,0.3034,16.6767,16.6595,15.5279,0.0010,-1.0000
16.6650,1.0000,247.3085,1.2945,0.2950,16.6635,16.6538,15.5988,0.0010,-1.0000
16.6695,1.0000,247.3247,1.1365,0.2423,16.6631,16.6722,15.0639,0.0012,-1.0000
16.6644,1.0000,247.3413,0.9286,0.2633,16.6695,16.6504,15.5009,0.0011,-1.0000
16.6659,1.0000,247.3579,1.1305,0.2918,16.6657,16.6545,15.5599,0.0008,-1.0000
16.6701,1.0000,247.3747,1.0540,0.3790,16.6600,16.6771,15.7701,0.0009,-1.0000
16.6668,1.0000,247.3913,1.6071,0.2932,16.6791,16.6580,15.4950,0.0010,-1.0000
16.6655,1.0000,247.4080,1.1484,0.3193,16.6578,16.6546,15.4717,0.0012,-1.0000
16.6681,1.0000,247.4247,1.0938,0.2971,16.6594,16.6615,15.5084,0.0011,-1.0000
16.6641,1.0000,247.4413,0.9060,0.3208,16.6841,16.6519,15.4697,0.0012,-1.0000
16.6657,1.0000,247.4579,1.1616,0.3147,16.6666,16.6548,15.5667,0.0010,-1.0000
16.6715,1.0000,247.4748,1.1813,0.3273,16.6624,16.6814,15.6489,0.0011,-1.0000
16.6631,1.0000,247.4912,1.1519,0.3089,16.6698,16.6440,15.3661,0.0013,-1.0000
16.6675,1.0000,247.5080,1.1808,0.2644,16.6584,16.6597,15.6000,0.0007,-1.0000
16.6672,1.0000,247.5247,1.0871,0.3244,16.6595,16.6642,15.5563,0.0013,-1.0000
16.6646,1.0000,247.5413,1.0310,0.3083,16.6897,16.6474,15.4050,0.0010,-1.0000
16.6664,1.0000,247.5579,1.2767,0.3150,16.6525,16.6616,15.7004,0.0009,-1.0000
16.6705,1.0000,247.5747,1.0590,0.3142,16.6670,16.6756,15.6504,0.0011,-1.0000
16.6646,1.0000,247.5912,1.1067,0.3013,16.6725,16.6508,15.4109,0.0012,-1.0000
16.6673,1.0000,247.6080,1.2414,0.2424,16.6534,16.6644,15.6205,0.0010,-1.0000
16.6674,1.0000,247.6247,0.9604,0.2469,16.6671,16.6596,15.4747,0.0012,-1.0000
16.6645,1.0000,247.6413,1.0239,0.2782,16.6827,16.6456,15.5361,0.0012,-1.0000
16.6682,1.0000,247.6580,1.2385,0.2547,16.6578,16.6678,15.6182,0.0011,-1.0000
16.6684,1.0000,247.6747,1.0430,0.2786,16.6715,16.6658,15.5750,0.0013,-1.0000
16.6647,1.0000,247.6912,1.1836,0.2663,16.6700,16.6523,15.4787,0.0014,-1.0000
16.6670,1.0000,247.7080,1.1083,0.2433,16.6527,16.6587,15.6645,0.0009,-1.0000
16.6675,1.0000,247.7247,1.0485,0.2560,16.6736,16.6657,15.4876,0.0011,-1.0000
16.6656,1.0000,247.7413,1.0895,0.2652,16.6734,16.6524,15.4146,0.0015,-1.0000
16.6722,1.0000,247.7581,1.1720,0.2905,16.6597,16.6832,15.5186,0.0011,-1.0000
16.6640,1.0000,247.7747,0.9936,0.2631,16.6661,16.6382,15.3178,0.0013,-1.0000
16.6638,1.0000,247.7912,1.1770,0.2405,16.6742,16.6447,15.3560,0.0012,-1.0000
16.6669,1.0000,247.8080,1.2360,0.2703,16.6601,16.6608,15.7594,0.0009,-1.0000
16.6683,1.0000,247.8247,1.1635,0.2769,16.6943,16.6679,15.5787,0.0011,-1.0000
16.6651,1.0000,247.8413,1.3189,0.3013,16.6505,16.6527,15.5462,0.0011,-1.0000
16.6678,1.0000,247.8584,1.2877,0.2469,16.6513,16.6641,15.6428,0.0011,-1.0000
16.6679,1.0000,247.8747,0.9007,0.2545,16.6669,16.6637,15.0116,0.0013,-1.0000
16.6632,1.0000,247.8912,1.0879,0.2478,16.6749,16.6545,15.4148,0.0012,-1.0000
16.6680,1.0000,247.9080,1.1057,0.2872,16.6607,16.6617,15.6875,0.0010,-1.0000
16.6691,1.0000,247.9247,1.0204,0.4495,16.6707,16.6654,15.4950,0.0013,-1.0000
16.6642,1.0000,247.9413,1.6507,0.2957,16.6719,16.6483,15.3827,0.0012,-1.0000
16.6693,1.0000,247.9580,1.2386,0.3259,16.6604,16.6698,15.6109,0.0010,-1.0000
16.6667,1.0000,247.9747,0.9732,0.2756,16.6673,16.6574,15.2566,0.0013,-1.0000
16.6658,1.0000,247.9914,1.1690,0.3141,16.6727,16.6630,15.4210,0.0011,-1.0000
16.6661,1.0000,248.0080,1.2640,0.3036,16.6555,16.6502,15.5176,0.0009,-1.0000
16.6682,1.0000,248.0247,1.0576,0.3584,16.6763,16.6637,15.4558,0.0011,-1.0000
16.6636,1.0000,248.0413,1.3995,0.3184,16.6652,16.6473,15.4384,0.0013,-1.0000
16.6697,1.0000,248.0581,1.2401,0.2688,16.6715,16.6729,15.5509,0.0011,-1.0000
16.6655,1.0000,248.0747,1.1317,0.2590,16.6578,16.6532,15.4082,0.0012,-1.0000
16.6663,1.0000,248.0912,1.2066,0.2841,16.6716,16.6572,15.5221,0.0010,-1.0000
16.6680,1.0000,248.1080,1.2077,0.3158,16.6541,16.6671,15.6068,0.0009,-1.0000
16.6678,1.0000,248.1247,1.1210,0.2983,16.6797,16.6636,15.3807,0.0013,-1.0000
16.6639,1.0000,248.1414,1.2439,0.3110,16.6616,16.6491,15.4026,0.0011,-1.0000
16.6690,1.0000,248.1581,1.1341,0.2850,16.6640,16.6657,15.4691,0.0013,-1.0000
16.6663,1.0000,248.1747,1.0593,0.3337,16.6743,16.6548,15.4013,0.0011,-1.0000
16.6654,1.0000,248.1912,1.2813,0.3294,16.6707,16.6557,15.4880,0.0009,-1.0000
16.6688,1.0000,248.2080,1.2457,0.3121,16.6569,16.6670,15.6669,0.0011,-1.0000
16.6651,1.0000,248.2247,1.1952,0.2992,16.6732,16.6546,15.4420,0.0015,-1.0000
16.6681,1.0000,248.2414,1.2522,0.3350,16.6626,16.6611,15.4252,0.0011,-1.0000
16.6653,1.0000,248.2580,1.1669,0.2759,16.6623,16.6563,15.4767,0.0012,-1.0000
16.6662,1.0000,248.2747,0.9988,0.3003,16.6751,16.6578,15.4720,0.0012,-1.0000
16.6679,1.0000,248.2913,1.2112,0.2773,16.6629,16.6658,15.5893,0.0009,-1.0000
16.6671,1.0000,248.3080,1.2347,0.3022,16.6692,16.6591,15.5674,0.0011,-1.0000
16.6662,1.0000,248.3247,1.1784,0.2829,16.6637,16.6573,15.3105,0.0014,-1.0000
16.6680,1.0000,248.3414,1.1847,0.2787,16.6640,16.6649,15.5088,0.0012,-1.0000
16.6647,1.0000,248.3580,1.0755,0.3089,16.6722,16.6513,15.4303,0.0014,-1.0000
16.6682,1.0000,248.3747,1.0907,0.3470,16.6666,16.6666,15.5672,0.0011,-1.0000
16.6676,1.0000,248.3913,1.3453,0.3236,16.6640,16.6595,15.3750,0.0011,-1.0000
16.6652,1.0000,248.4080,1.1547,0.3077,16.6727,16.6544,15.4343,0.0013,-1.0000
16.6682,1.0000,248.4247,1.2195,0.2745,16.6589,16.6624,15.4584,0.0016,-1.0000
16.6652,1.0000,248.4413,1.0981,0.3297,16.6745,16.6534,15.4691,0.0013,-1.0000
16.6657,1.0000,248.4579,1.2833,0.3507,16.6668,16.6552,15.4900,0.0014,-1.0000
16.6697,1.0000,248.4748,1.2187,0.2910,16.6621,16.6732,15.6603,0.0010,-1.0000
16.6669,1.0000,248.4913,1.2022,0.3179,16.6699,16.6579,15.2463,0.0011,-1.0000
16.6635,1.0000,248.5079,1.1829,0.2675,16.6623,16.6437,15.4447,0.0015,-1.0000
16.6697,1.0000,248.5247,1.1639,0.2714,16.6610,16.6705,15.6677,0.0010,-1.0000
16.6649,1.0000,248.5413,1.0117,0.2845,16.6820,16.6499,15.4430,0.0013,-1.0000
16.6651,1.0000,248.5579,1.4102,0.3421,16.6675,16.6556,15.5153,0.0012,-1.0000
16.6700,1.0000,248.5747,1.1974,0.2580,16.6520,16.6736,15.5969,0.0010,-1.0000
16.6644,1.0000,248.5912,1.0018,0.2709,16.6784,16.6495,15.4443,0.0012,-1.0000
16.6673,1.0000,248.6080,1.2055,0.2744,16.6577,16.6617,15.6003,0.0009,-1.0000
16.6687,1.0000,248.6247,1.1393,0.2588,16.6608,16.6685,15.5615,0.0011,-1.0000
16.6633,1.0000,248.6413,1.0756,0.2676,16.6814,16.6436,15.3831,0.0012,-1.0000
16.6695,1.0000,248.6580,1.2040,0.2403,16.6577,16.6699,15.6547,0.0011,-1.0000
16.6677,1.0000,248.6747,1.0604,0.2733,16.6685,16.6608,15.5190,0.0009,-1.0000
16.6645,1.0000,248.6912,1.1056,0.2669,16.6767,16.6523,15.4241,0.0013,-1.0000
16.6652,1.0000,248.7082,1.2592,0.2857,16.6506,16.6553,15.5786,0.0009,-1.0000
16.6692,1.0000,248.7247,1.0139,0.2602,16.6768,16.6683,15.3291,0.0014,-1.0000
16.6654,1.0000,248.7412,1.1408,0.2789,16.6691,16.6529,15.3093,0.0012,-1.0000
16.6679,1.0000,248.7579,1.2268,0.2666,16.6601,16.6666,15.5930,0.0014,-1.0000
16.6679,1.0000,248.7747,1.0760,0.3627,16.6612,16.6646,15.6149,0.0013,-1.0000
16.6633,1.0000,248.7912,1.3377,0.3714,16.6757,16.6438,15.4116,0.0012,-1.0000
16.6667,1.0000,248.8079,1.3425,0.3100,16.6591,16.6618,15.7387,0.0011,-1.0000
16.6692,1.0000,248.8247,1.0722,0.3393,16.6731,16.6715,15.6305,0.0008,-1.0000
16.6645,1.0000,248.8413,1.0482,0.3544,16.6733,16.6502,15.4446,0.0013,-1.0000
16.6691,1.0000,248.8581,1.2310,0.2918,16.6505,16.6708,15.5347,0.0009,-1.0000
16.6673,1.0000,248.8747,0.9221,0.2786,16.6663,16.6601,15.3618,0.0012,-1.0000
16.6641,1.0000,248.8912,1.0401,0.3090,16.6787,16.6495,15.4694,0.0011,-1.0000
16.6678,1.0000,248.9080,1.2044,0.3540,16.6572,16.6679,15.6069,0.0010,-1.0000
16.6675,1.0000,248.9247,1.1349,0.3293,16.6775,16.6592,15.5487,0.0011,-1.0000
16.6662,1.0000,248.9413,1.2969,0.3682,16.6687,16.6525,15.2480,0.0011,-1.0000
16.6675,1.0000,248.9581,1.1791,0.3102,16.6566,16.6684,15.4726,0.0011,-1.0000
16.6666,1.0000,248.9747,1.0602,0.2605,16.6752,16.6534,15.3233,0.0011,-1.0000
16.6640,1.0000,248.9911,1.1094,0.2833,16.6671,16.6461,15.4902,0.0011,-1.0000
16.6712,1.0000,249.0081,1.4033,0.2707,16.6596,16.6822,15.8938,0.0007,-1.0000
16.6652,1.0000,249.0247,1.1946,0.2982,16.6778,16.6460,15.3691,0.0011,-1.0000
16.6638,1.0000,249.0412,1.3287,0.2558,16.6621,16.6477,15.3830,0.0011,-1.0000
16.6698,1.0000,249.0580,1.1549,0.2188,16.6519,16.6750,15.7335,0.0009,-1.0000
16.6656,1.0000,249.0747,0.7876,0.3280,16.6910,16.6570,15.3498,0.0012,-1.0000
16.6668,1.0000,249.0912,1.2757,0.2862,16.6557,16.6526,15.4880,0.0010,-1.0000
16.6667,1.0000,249.1080,1.2639,0.2544,16.6533,16.6680,15.8043,0.0009,-1.0000
16.6666,1.0000,249.1247,0.9408,0.2935,16.6820,16.6586,15.4584,0.0014,-1.0000
16.6663,1.0000,249.1414,1.3058,0.3000,16.6644,16.6592,15.5475,0.0011,-1.0000
16.6673,1.0000,249.1580,1.1630,0.2798,16.6581,16.6603,15.2783,0.0009,-1.0000
16.6666,1.0000,249.1747,0.8628,0.2834,16.6744,16.6605,15.5386,0.0013,-1.0000
16.6653,1.0000,249.1912,1.1987,0.2658,16.6661,16.6543,15.4351,0.0015,-1.0000
16.6688,1.0000,249.2080,1.1103,0.3044,16.6650,16.6683,15.7713,0.0009,-1.0000
16.6662,1.0000,249.2247,1.3813,0.2607,16.6662,16.6582,15.2128,0.0013,-1.0000
16.6678,1.0000,249.2413,1.1208,0.2525,16.6673,16.6604,15.4393,0.0012,-1.0000
16.6660,1.0000,249.2580,1.2179,0.2443,16.6606,16.6570,15.4630,0.0012,-1.0000
16.6655,1.0000,249.2746,0.8960,0.3072,16.6749,16.6583,15.5547,0.0011,-1.0000
16.6676,1.0000,249.2912,1.4439,0.2712,16.6659,16.6647,15.5651,0.0010,-1.0000
16.6677,1.0000,249.3080,1.2198,0.3054,16.6680,16.6605,15.6014,0.0010,-1.0000
16.6666,1.0000,249.3250,1.1926,0.2594,16.6646,16.6570,15.5147,0.0012,-1.0000
16.6668,1.0000,249.3413,1.1025,0.2522,16.6645,16.6594,14.9667,0.0009,-1.0000
16.6655,1.0000,249.3579,1.0986,0.2806,16.6710,16.6548,15.5125,0.0009,-1.0000
16.6684,1.0000,249.3746,1.0580,0.2747,16.6685,16.6677,15.6885,0.0009,-1.0000
16.6676,1.0000,249.3912,1.1412,0.4072,16.6654,16.6618,15.4576,0.0010,-1.0000
16.6641,1.0000,249.4079,1.6915,0.3359,16.6668,16.6467,15.3618,0.0012,-1.0000
16.6695,1.0000,249.4247,1.1414,0.3145,16.6613,16.6713,15.5878,0.0011,-1.0000
16.6657,1.0000,249.4413,0.9784,0.3161,16.6747,16.6516,15.4137,0.0012,-1.0000
16.6644,1.0000,249.4579,1.2031,0.3523,16.6697,16.6515,15.4851,0.0011,-1.0000
16.6693,1.0000,249.4747,1.2837,0.3487,16.6542,16.6745,15.8098,0.0011,-1.0000
16.6667,1.0000,249.4913,1.0824,0.2882,16.6792,16.6599,15.3001,0.0013,-1.0000
16.6649,1.0000,249.5080,1.2370,0.2983,16.6597,16.6515,15.5834,0.0010,-1.0000
16.6695,1.0000,249.5247,1.1654,0.2878,16.6562,16.6688,15.5004,0.0010,-1.0000
16.6641,1.0000,249.5412,0.8638,0.3635,16.6818,16.6453,15.3705,0.0015,-1.0000
16.6686,1.0000,249.5579,1.3583,0.2934,16.6677,16.6695,15.6928,0.0010,-1.0000
16.6675,1.0000,249.5747,1.0671,0.2508,16.6589,16.6670,15.8395,0.0010,-1.0000
16.6657,1.0000,249.5912,1.1675,0.2663,16.6762,16.6564,15.5426,0.0010,-1.0000
16.6662,1.0000,249.6080,1.2735,0.2518,16.6521,16.6572,15.5821,0.0010,-1.0000
16.6681,1.0000,249.6247,0.9755,0.2152,16.6732,16.6674,15.5025,0.0011,-1.0000
16.6652,1.0000,249.6413,0.8263,0.2730,16.6731,16.6495,15.4404,0.0014,-1.0000
16.6652,1.0000,249.6580,1.1129,0.2661,16.6644,16.6545,15.5164,0.0012,-1.0000
16.6704,1.0000,249.6747,1.0740,0.2450,16.6642,16.6751,15.5682,0.0009,-1.0000
16.6651,1.0000,249.6913,1.1636,0.2775,16.6757,16.6515,15.3823,0.0016,-1.0000
16.6650,1.0000,249.7079,1.2078,0.2851,16.6579,16.6508,15.5977,0.0011,-1.0000
16.6693,1.0000,249.7247,1.1370,0.2615,16.6604,16.6715,15.7276,0.0009,-1.0000
16.6642,1.0000,249.7413,1.1058,0.3165,16.6821,16.6512,15.4795,0.0009,-1.0000
16.6666,1.0000,249.7580,1.2674,0.2559,16.6599,16.6613,15.5958,0.0010,-1.0000
16.6706,1.0000,249.7747,1.0521,0.2453,16.6564,16.6740,15.6516,0.0011,-1.0000
16.6640,1.0000,249.7912,0.9427,0.2540,16.6786,16.6469,15.4115,0.0014,-1.0000
16.6655,1.0000,249.8080,1.1709,0.2355,16.6568,16.6568,15.6903,0.0010,-1.0000
16.6693,1.0000,249.8247,1.0644,0.2666,16.6664,16.6706,15.6400,0.0010,-1.0000
16.6642,1.0000,249.8413,1.0212,0.2686,16.6821,16.6493,15.5013,0.0011,-1.0000
16.6687,1.0000,249.8580,1.2341,0.2702,16.6547,16.6678,15.6487,0.0011,-1.0000
16.6689,1.0000,249.8747,0.9653,0.2769,16.6630,16.6679,15.3464,0.0011,-1.0000
16.6623,1.0000,249.8912,1.0296,0.2680,16.6777,16.6387,15.3189,0.0011,-1.0000
16.6679,1.0000,249.9079,1.1470,0.2471,16.6566,16.6637,15.7058,0.0008,-1.0000
16.6686,1.0000,249.9247,1.0178,0.2716,16.6743,16.6714,15.6777,0.0011,-1.0000
16.6663,1.0000,249.9414,1.3204,0.3069,16.6779,16.6506,15.4244,0.0010,-1.0000
16.6667,1.0000,249.9580,1.3189,0.2393,16.6477,16.6565,15.4529,0.0010,-1.0000
16.6676,1.0000,249.9747,0.9571,0.2238,16.6711,16.6615,15.4077,0.0014,-1.0000
16.6629,1.0000,249.9911,0.9925,0.2897,16.6798,16.6453,15.4505,0.0012,-1.0000
16.6683,1.0000,250.0080,1.2255,0.2706,16.6606,16.6696,15.9041,0.0007,-1.0000
16.6683,1.0000,250.0247,1.2027,0.2958,16.6636,16.6647,15.6196,0.0010,-1.0000
16.6647,1.0000,250.0412,1.2523,0.2641,16.6703,16.6499,15.5466,0.0012,-1.0000
16.6697,1.0000,250.0580,1.1935,0.2300,16.6516,16.6732,15.7245,0.0008,-1.0000
16.6660,1.0000,250.0747,0.7648,0.2521,16.6753,16.6514,15.4654,0.0011,-1.0000
16.6636,1.0000,250.0911,1.0442,0.2677,16.6728,16.6460,15.5551,0.0012,-1.0000
16.6689,1.0000,250.1080,1.1022,0.2349,16.6565,16.6750,15.8954,0.0008,-1.0000
16.6674,1.0000,250.1247,0.9475,0.2606,16.6817,16.6593,15.5118,0.0012,-1.0000
16.6647,1.0000,250.1413,1.1849,0.2687,16.6603,16.6515,15.4978,0.0009,-1.0000
16.6700,1.0000,250.1580,1.0898,0.2432,16.6518,16.6737,15.5408,0.0012,-1.0000
16.6636,1.0000,250.1747,0.7788,0.2619,16.6812,16.6480,15.3449,0.0012,-1.0000
16.6663,1.0000,250.1911,1.1462,0.2617,16.6675,16.6545,15.5030,0.0010,-1.0000
16.6695,1.0000,250.2081,1.1526,0.2773,16.6583,16.6759,15.8969,0.0010,-1.0000
16.6647,1.0000,250.2246,1.1315,0.3372,16.6812,16.6483,15.2836,0.0015,-1.0000
16.6668,1.0000,250.2413,1.3020,0.2498,16.6554,16.6630,15.6405,0.0011,-1.0000
16.6697,1.0000,250.2580,1.1506,0.2242,16.6595,16.6709,15.6050,0.0011,-1.0000
16.6626,1.0000,250.2746,0.7779,0.3073,16.6835,16.6377,15.5365,0.0009,-1.0000
16.6678,1.0000,250.2912,1.3632,0.2927,16.6556,16.6701,15.8069,0.0009,-1.0000
16.6681,1.0000,250.3080,1.0214,0.2725,16.6689,16.6643,15.7393,0.0010,-1.0000
16.6674,1.0000,250.3247,1.0649,0.3247,16.6802,16.6575,15.5418,0.0013,-1.0000
16.6674,1.0000,250.3413,1.1002,0.2295,16.6445,16.6651,15.4889,0.0009,-1.0000
16.6654,1.0000,250.3580,0.8623,0.2778,16.6755,16.6527,15.5135,0.0009,-1.0000
16.6658,1.0000,250.3746,0.9239,0.2616,16.6717,16.6524,15.5527,0.0012,-1.0000
16.6664,1.0000,250.3912,1.1143,0.3081,16.6650,16.6577,15.6948,0.0008,-1.0000
16.6697,1.0000,250.4080,1.1751,0.2705,16.6735,16.6734,15.6834,0.0012,-1.0000
16.6653,1.0000,250.4247,1.1379,0.2524,16.6610,16.6526,15.4380,0.0013,-1.0000
16.6679,1.0000,250.4413,1.0985,0.2606,16.6598,16.6596,15.3901,0.0011,-1.0000
16.6641,1.0000,250.4580,0.9620,0.2531,16.6642,16.6512,15.5185,0.0010,-1.0000
16.6670,1.0000,250.4747,0.9885,0.2841,16.6824,16.6626,15.6213,0.0008,-1.0000
16.6696,1.0000,250.4913,1.2128,0.3153,16.6617,16.6690,15.4422,0.0010,-1.0000
16.6657,1.0000,250.5080,1.2686,0.2715,16.6681,16.6539,15.4896,0.0014,-1.0000
16.6666,1.0000,250.5246,1.1317,0.2581,16.6574,16.6558,15.4737,0.0011,-1.0000
16.6669,1.0000,250.5413,1.0405,0.2677,16.6689,16.6614,15.5772,0.0013,-1.0000
16.6650,1.0000,250.5580,1.2256,0.3159,16.6781,16.6520,15.4777,0.0011,-1.0000
16.6663,1.0000,250.5746,1.1630,0.2753,16.6633,16.6591,15.5862,0.0009,-1.0000
16.6694,1.0000,250.5912,1.1811,0.2742,16.6633,16.6692,15.5613,0.0012,-1.0000
16.6659,1.0000,250.6080,1.0829,0.2567,16.6693,16.6580,15.5531,0.0013,-1.0000
16.6672,1.0000,250.6247,1.1731,0.2603,16.6596,16.6564,15.4204,0.0011,-1.0000
16.6658,1.0000,250.6414,1.0721,0.2585,16.6653,16.6561,15.4913,0.0011,-1.0000
16.6669,1.0000,250.6580,1.1065,0.2878,16.6763,16.6570,15.3073,0.0012,-1.0000
16.6679,1.0000,250.6747,1.1036,0.3073,16.6678,16.6612,15.5556,0.0016,-1.0000
16.6667,1.0000,250.6912,1.2346,0.2738,16.6639,16.6625,15.4946,0.0015,-1.0000
16.6640,1.0000,250.7080,1.1636,0.2625,16.6643,16.6489,15.5591,0.0008,-1.0000
16.6693,1.0000,250.7247,1.3482,0.2467,16.6650,16.6700,15.6802,0.0010,-1.0000
16.6651,1.0000,250.7413,1.1039,0.3292,16.6685,16.6517,15.4171,0.0011,-1.0000
16.6653,1.0000,250.7579,1.1664,0.2890,16.6714,16.6535,15.6126,0.0010,-1.0000
16.6702,1.0000,250.7747,1.0890,0.2392,16.6560,16.6737,15.7012,0.0011,-1.0000
16.6665,1.0000,250.7912,0.9888,0.2669,16.6778,16.6599,15.5474,0.0013,-1.0000
16.6645,1.0000,250.8080,1.2336,0.2321,16.6591,16.6463,15.5509,0.0010,-1.0000
16.6688,1.0000,250.8247,1.0399,0.2486,16.6591,16.6701,15.5651,0.0012,-1.0000
16.6645,1.0000,250.8413,0.9713,0.2731,16.6803,16.6526,15.5255,0.0009,-1.0000
16.6660,1.0000,250.8579,1.1114,0.2930,16.6705,16.6548,15.4915,0.0009,-1.0000
16.6703,1.0000,250.8747,1.0942,0.2518,16.6531,16.6748,15.7348,0.0010,-1.0000
16.6661,1.0000,250.8912,1.1037,0.2774,16.6770,16.6530,15.4314,0.0011,-1.0000
16.6642,1.0000,250.9079,1.1262,0.2422,16.6598,16.6497,15.5670,0.0011,-1.0000
16.6693,1.0000,250.9247,1.1623,0.2544,16.6601,16.6744,15.7334,0.0009,-1.0000
16.6641,1.0000,250.9413,0.9390,0.2619,16.6826,16.6481,15.5428,0.0012,-1.0000
16.6676,1.0000,250.9579,1.2204,0.2706,16.6611,16.6658,15.6970,0.0011,-1.0000
16.6697,1.0000,250.9747,1.0815,0.2462,16.6559,16.6682,15.7249,0.0010,-1.0000
16.6650,1.0000,250.9912,0.9401,0.2613,16.6812,16.6502,15.4003,0.0010,-1.0000
16.6645,1.0000,251.0079,1.1041,0.2443,16.6544,16.6510,15.6450,0.0009,-1.0000
16.6701,1.0000,251.0247,0.9678,0.2492,16.6721,16.6773,15.8423,0.0008,-1.0000
16.6653,1.0000,251.0413,0.9424,0.2815,16.6768,16.6533,15.4916,0.0012,-1.0000
16.6660,1.0000,251.0580,1.2490,0.2578,16.6582,16.6551,15.5962,0.0012,-1.0000
16.6688,1.0000,251.0747,1.0049,0.2291,16.6561,16.6693,15.6034,0.0010,-1.0000
16.6645,1.0000,251.0912,0.8340,0.2463,16.6845,16.6488,15.4357,0.0010,-1.0000
16.6666,1.0000,251.1080,1.1605,0.2364,16.6612,16.6590,15.6481,0.0008,-1.0000
16.6691,1.0000,251.1247,1.0579,0.2603,16.6619,16.6692,15.6499,0.0011,-1.0000
16.6664,1.0000,251.1414,1.0648,0.2765,16.6769,16.6583,15.4400,0.0011,-1.0000
16.6657,1.0000,251.1580,1.2120,0.2407,16.6555,16.6553,15.4415,0.0013,-1.0000
16.6693,1.0000,251.1747,1.0100,0.2496,16.6650,16.6700,15.5056,0.0010,-1.0000
16.6629,1.0000,251.1912,1.0183,0.2833,16.6764,16.6426,15.5038,0.0014,-1.0000
16.6680,1.0000,251.2080,1.2172,0.2937,16.6663,16.6686,15.7022,0.0010,-1.0000
16.6687,1.0000,251.2247,1.2125,0.2807,16.6618,16.6670,15.5121,0.0011,-1.0000
16.6661,1.0000,251.2413,1.1634,0.2613,16.6778,16.6554,15.4432,0.0014,-1.0000
16.6663,1.0000,251.2580,1.1375,0.2467,16.6496,16.6536,15.5012,0.0014,-1.0000
16.6686,1.0000,251.2747,0.9653,0.2853,16.6752,16.6646,15.4280,0.0012,-1.0000
16.6636,1.0000,251.2912,1.1539,0.2683,16.6757,16.6522,15.4691,0.0011,-1.0000
16.6676,1.0000,251.3080,1.2109,0.2529,16.6651,16.6617,15.5666,0.0008,-1.0000
16.6683,1.0000,251.3247,1.1510,0.3149,16.6610,16.6639,15.4990,0.0010,-1.0000
16.6659,1.0000,251.3414,1.2352,0.2646,16.6727,16.6538,15.4357,0.0011,-1.0000
16.6665,1.0000,251.3580,1.1821,0.2872,16.6605,16.6557,15.3477,0.0011,-1.0000
16.6673,1.0000,251.3747,1.0942,0.3010,16.6689,16.6613,15.3930,0.0014,-1.0000
16.6673,1.0000,251.3913,1.1639,0.3214,16.6734,16.6567,15.5166,0.0010,-1.0000
16.6657,1.0000,251.4081,1.2171,0.2933,16.6635,16.7207,15.4857,0.0011,-1.0000
16.6670,1.0000,251.4248,1.3068,0.3185,16.6640,16.6949,15.4297,0.0011,-1.0000
16.6671,1.0000,251.4415,1.2669,0.3063,16.6693,16.6271,15.2997,0.0012,-1.0000
16.6644,1.0000,251.4581,1.1390,0.2754,16.6652,16.6508,15.3068,0.0010,-1.0000
16.6687,1.0000,251.4748,1.2339,0.2518,16.7294,16.6939,15.5244,0.0010,-1.0000
16.6671,1.0000,251.4913,1.2641,0.2974,16.7053,16.6223,15.2720,0.0011,-1.0000
16.6641,1.0000,251.5086,1.3264,0.2598,16.6381,16.6358,15.4633,0.0013,-1.0000
16.6691,1.0000,251.5247,1.3428,0.2774,16.6606,16.7291,14.3916,0.0012,-1.0000
16.6680,1.0000,251.5414,1.1684,0.2755,16.7012,16.5679,15.3514,0.0010,-1.0000
16.6653,1.0000,251.5580,1.3493,0.3460,16.6309,16.6531,15.5107,0.0011,-1.0000
16.6654,1.0000,251.5746,1.1713,0.2776,16.6438,16.6455,15.4744,0.0010,-1.0000
16.6669,1.0000,251.5912,2.3362,0.2591,16.7375,16.6618,15.5249,0.0007,-1.0000
16.6661,1.0000,251.6079,1.2153,0.2707,16.5795,16.6572,15.7356,0.0007,-1.0000
16.6683,1.0000,251.6246,1.1409,0.2791,16.6624,16.6625,15.5272,0.0006,-1.0000
16.6672,1.0000,251.6414,1.1699,0.2958,16.6528,16.7168,15.5417,0.0008,-1.0000
16.6656,1.0000,251.6579,1.1359,0.2487,16.6705,16.5964,15.3074,0.0011,-1.0000
16.6659,1.0000,251.6746,0.9209,0.2818,16.6642,16.6582,15.6087,0.0008,-1.0000
16.6675,1.0000,251.6912,1.1345,0.2617,16.6708,16.6601,15.6136,0.0010,-1.0000
16.6657,1.0000,251.7079,1.1743,0.3340,16.7265,16.6574,15.6424,0.0008,-1.0000
16.6692,1.0000,251.7247,1.2876,0.2610,16.6040,16.6723,15.6706,0.0011,-1.0000
16.6662,1.0000,251.7413,1.0490,0.2496,16.6659,16.6594,15.4730,0.0012,-1.0000
16.6651,1.0000,251.7579,1.0455,0.2533,16.6672,16.6399,15.5145,0.0013,-1.0000
16.6668,1.0000,251.7748,1.0144,0.2602,16.6648,16.6676,15.6751,0.0011,-1.0000
16.6686,1.0000,251.7915,1.0004,0.2655,16.6799,16.6681,15.4017,0.0011,-1.0000
16.6659,1.0000,251.8081,1.1852,0.2769,16.6698,16.6519,15.2047,0.0013,-1.0000
16.6673,1.0000,251.8247,1.1244,0.2538,16.6478,16.6561,15.4130,0.0011,-1.0000
16.6663,1.0000,251.8414,0.9917,0.2580,16.6750,16.6531,15.3521,0.0014,-1.0000
16.6645,1.0000,251.8580,1.2652,0.3585,16.6794,16.6473,15.5033,0.0009,-1.0000
16.6681,1.0000,251.8747,1.4461,0.2686,16.6624,16.6716,15.5570,0.0008,-1.0000
16.6674,1.0000,251.8913,1.2419,0.2822,16.6654,16.6605,15.4817,0.0009,-1.0000
16.6643,1.0000,251.9079,1.2997,0.2726,16.6615,16.6448,15.5955,0.0014,-1.0000
16.6688,1.0000,251.9247,1.1431,0.2333,16.6547,16.7290,15.7286,0.0011,-1.0000
16.6674,1.0000,251.9414,1.1136,0.2525,16.6781,16.6086,15.4207,0.0012,-1.0000
16.6670,1.0000,251.9580,1.1776,0.2546,16.6667,16.6638,15.3823,0.0013,-1.0000
16.6664,1.0000,251.9748,1.0477,0.2518,16.6504,16.7422,15.3962,0.0011,-1.0000
16.6675,1.0000,251.9913,0.9993,0.3032,16.7354,16.5734,15.2940,0.0013,-1.0000
16.6667,1.0000,252.0081,1.1867,0.2724,16.6165,16.6596,15.3454,0.0014,-1.0000
16.6670,1.0000,252.0248,1.2802,0.2831,16.6715,16.7145,15.4073,0.0010,-1.0000
16.6653,1.0000,252.0414,1.3449,0.2986,16.7506,16.5909,15.3834,0.0011,-1.0000
16.6671,1.0000,252.0581,1.2780,0.3496,16.5827,16.7060,15.5384,0.0010,-1.0000
16.6669,1.0000,252.0747,1.3127,0.2599,16.6698,16.6131,15.2094,0.0010,-1.0000
16.6683,1.0000,252.0913,1.3063,0.2831,16.7244,16.6886,15.5022,0.0010,-1.0000
16.6656,1.0000,252.1081,1.2061,0.3017,16.5998,16.6762,15.4620,0.0010,-1.0000
16.6670,1.0000,252.1248,1.1664,0.2788,16.7128,16.6582,15.2549,0.0010,-1.0000
16.6645,1.0000,252.1414,1.4025,0.2841,16.6223,16.6568,15.4334,0.0011,-1.0000
16.6652,1.0000,252.1581,1.1850,0.3038,16.6961,16.6811,15.4567,0.0011,-1.0000
16.6689,1.0000,252.1747,1.2128,0.3191,16.6847,16.6285,15.5876,0.0013,-1.0000
16.6668,1.0000,252.1913,1.4022,0.2686,16.6659,16.6594,15.5088,0.0010,-1.0000
16.6668,1.0000,252.2082,1.2222,0.2437,16.6652,16.7612,15.5787,0.0009,-1.0000
16.6674,1.0000,252.2247,1.2232,0.2907,16.6868,16.5643,15.3762,0.0011,-1.0000
16.6650,1.0000,252.2414,1.0397,0.2627,16.6354,16.6627,15.4355,0.0012,-1.0000
16.6680,1.0000,252.2581,1.1497,0.2377,16.6668,16.7112,15.5729,0.0011,-1.0000
16.6673,1.0000,252.2747,1.1814,0.2744,16.7686,16.5698,15.3956,0.0012,-1.0000
16.6659,1.0000,252.2913,1.1868,0.2456,16.5720,16.7089,15.3460,0.0012,-1.0000
16.6678,1.0000,252.3081,1.2260,0.2830,16.6691,16.6464,15.4601,0.0010,-1.0000
16.6666,1.0000,252.3247,1.1372,0.2592,16.7188,16.6522,15.4390,0.0010,-1.0000
16.6637,1.0000,252.3413,1.1730,0.3294,16.5779,16.6523,15.4742,0.0010,-1.0000
16.6695,1.0000,252.3580,1.3616,0.3292,16.7165,16.6797,15.7656,0.0011,-1.0000
16.6677,1.0000,252.3748,1.1852,0.2643,16.6538,16.6716,15.5160,0.0010,-1.0000
16.6637,1.0000,252.3913,1.2122,0.2544,16.6599,16.6364,15.3725,0.0012,-1.0000
16.6681,1.0000,252.4081,1.1771,0.2189,16.6589,16.7003,15.6838,0.0007,-1.0000
16.6665,1.0000,252.4247,0.9131,0.2552,16.6858,16.6012,15.4257,0.0010,-1.0000
16.6652,1.0000,252.4413,1.1544,0.2677,16.6814,16.6547,15.4459,0.0012,-1.0000
16.6694,1.0000,252.4583,1.2626,0.2368,16.6442,16.7970,15.6195,0.0010,-1.0000
16.6676,1.0000,252.4747,1.0155,0.2692,16.7069,16.5371,15.0572,0.0013,-1.0000
16.6657,1.0000,252.4913,1.1746,0.3056,16.6095,16.6636,15.3005,0.0010,-1.0000
16.6643,1.0000,252.5080,1.2076,0.2493,16.6608,16.6243,15.5862,0.0009,-1.0000
16.6705,1.0000,252.5247,1.1762,0.3281,16.8052,16.6660,15.7125,0.0007,-1.0000
16.6659,1.0000,252.5414,1.4785,0.3165,16.5475,16.6475,15.4100,0.0011,-1.0000
16.6662,1.0000,252.5581,1.3620,0.2976,16.6715,16.6640,15.4966,0.0010,-1.0000
16.6675,1.0000,252.5747,1.0372,0.2630,16.6298,16.6543,15.1927,0.0013,-1.0000
16.6640,1.0000,252.5912,0.9526,0.2826,16.6736,16.6471,15.5484,0.0010,-1.0000
16.6670,1.0000,252.6080,1.2368,0.2979,16.6563,16.6605,15.6950,0.0007,-1.0000
16.6674,1.0000,252.6247,1.1666,0.3620,16.6727,16.6933,15.4802,0.0009,-1.0000
16.6657,1.0000,252.6414,1.4602,0.2780,16.6626,16.6776,15.4327,0.0011,-1.0000
16.6673,1.0000,252.6580,1.0978,0.2655,16.6544,16.6714,15.5383,0.0011,-1.0000
16.6688,1.0000,252.6748,0.9647,0.2531,16.6656,16.6635,15.6102,0.0011,-1.0000
16.6666,1.0000,252.6913,1.2122,0.2760,16.7002,16.6757,15.4307,0.0011,-1.0000
16.6634,1.0000,252.7080,1.2438,0.2620,16.6848,16.6479,15.5526,0.0011,-1.0000
16.6690,1.0000,252.7247,1.1321,0.2607,16.6773,16.6442,15.6652,0.0011,-1.0000
16.6672,1.0000,252.7414,1.0522,0.2857,16.6716,16.6463,15.3892,0.0014,-1.0000
16.6653,1.0000,252.7581,1.2437,0.3171,16.6842,16.7004,15.5091,0.0009,-1.0000
16.6696,1.0000,252.7747,1.0943,0.2478,16.6535,16.5937,15.5756,0.0012,-1.0000
16.6653,1.0000,252.7913,0.9779,0.2755,16.6520,16.6461,15.4167,0.0010,-1.0000
16.6642,1.0000,252.8080,1.2558,0.3168,16.6555,16.6510,15.3975,0.0012,-1.0000
16.6699,1.0000,252.8247,1.1901,0.2516,16.7069,16.6736,15.6082,0.0012,-1.0000
16.6660,1.0000,252.8413,1.0168,0.2854,16.6018,16.6497,15.4259,0.0016,-1.0000
16.6661,1.0000,252.8580,1.2283,0.2748,16.6539,16.6621,15.5813,0.0013,-1.0000
16.6686,1.0000,252.8748,1.2523,0.2649,16.6567,16.7155,15.5638,0.0010,-1.0000
16.6645,1.0000,252.8913,1.0642,0.2959,16.6817,16.6016,15.3633,0.0015,-1.0000
16.6669,1.0000,252.9080,1.2225,0.2776,16.6575,16.6578,15.6195,0.0010,-1.0000
16.6699,1.0000,252.9247,1.0795,0.2575,16.6691,16.6805,15.6475,0.0013,-1.0000
16.6635,1.0000,252.9414,1.1509,0.2917,16.7237,16.6402,15.2268,0.0013,-1.0000
16.6682,1.0000,252.9580,1.2366,0.2508,16.6080,16.6647,15.4366,0.0011,-1.0000
16.6669,1.0000,252.9747,1.0371,0.2578,16.6631,16.6629,15.5661,0.0013,-1.0000
16.6647,1.0000,252.9912,1.0312,0.3071,16.6898,16.6486,15.4570,0.0011,-1.0000
16.6697,1.0000,253.0081,1.4119,0.3040,16.6475,16.6702,15.7001,0.0009,-1.0000
16.6674,1.0000,253.0247,1.2270,0.2585,16.6716,16.6667,15.4151,0.0010,-1.0000
16.6643,1.0000,253.0414,1.0953,0.2786,16.6710,16.6469,15.4319,0.0011,-1.0000
16.6684,1.0000,253.0581,1.1905,0.2570,16.6555,16.6621,15.3900,0.0011,-1.0000
16.6672,1.0000,253.0747,0.9689,0.3197,16.6772,16.6633,15.3664,0.0013,-1.0000
16.6645,1.0000,253.0912,1.2504,0.3041,16.6747,16.6459,15.4626,0.0010,-1.0000
16.6687,1.0000,253.1080,1.2137,0.3404,16.6550,16.6704,15.5662,0.0012,-1.0000
16.6672,1.0000,253.1247,1.2709,0.2812,16.6698,16.6572,15.5056,0.0012,-1.0000
16.6640,1.0000,253.1414,1.2955,0.2829,16.6722,16.6488,15.3912,0.0011,-1.0000
16.6672,1.0000,253.1580,1.1824,0.2950,16.6551,16.7093,15.5304,0.0010,-1.0000
16.6677,1.0000,253.1747,1.1027,0.2780,16.6782,16.6169,15.5173,0.0010,-1.0000
16.6663,1.0000,253.1912,1.1501,0.3160,16.6662,16.6522,15.5017,0.0011,-1.0000
16.6677,1.0000,253.2081,1.2563,0.2872,16.6564,16.7310,15.5954,0.0009,-1.0000
16.6673,1.0000,253.2248,1.1781,0.2767,16.7170,16.5983,15.2868,0.0012,-1.0000
16.6638,1.0000,253.2413,1.0984,0.2620,16.6244,16.6415,15.2463,0.0015,-1.0000
16.6670,1.0000,253.2580,1.1492,0.2732,16.6607,16.7028,15.6993,0.0007,-1.0000
16.6697,1.0000,253.2748,1.1347,0.3151,16.7395,16.6419,15.5242,0.0011,-1.0000
16.6633,1.0000,253.2912,1.3101,0.4029,16.6082,16.6274,15.3078,0.0011,-1.0000
16.6691,1.0000,253.3081,1.3937,0.2769,16.6485,16.6709,15.7072,0.0007,-1.0000
16.6674,1.0000,253.3248,1.0029,0.2610,16.7086,16.7160,15.3618,0.0010,-1.0000
16.6651,1.0000,253.3414,1.1165,0.2832,16.6520,16.6386,15.3480,0.0010,-1.0000
16.6657,1.0000,253.3581,1.3186,0.2617,16.6349,16.6618,15.5019,0.0009,-1.0000
16.6675,1.0000,253.3747,0.9628,0.2690,16.6783,16.6663,15.2819,0.0010,-1.0000
16.6674,1.0000,253.3914,1.3531,0.3190,16.7260,16.7017,15.4816,0.0013,-1.0000
16.6681,1.0000,253.4080,1.2892,0.2781,16.6460,16.6035,15.2162,0.0012,-1.0000
16.6669,1.0000,253.4248,1.1591,0.2946,16.6673,16.6781,15.4302,0.0010,-1.0000
16.6667,1.0000,253.4415,1.3834,0.2586,16.6729,16.7484,14.9948,0.0011,-1.0000
16.6661,1.0000,253.4581,1.2187,0.2712,16.7092,16.5726,15.3136,0.0011,-1.0000
16.6672,1.0000,253.4748,1.3862,0.2818,16.6104,16.6637,15.4597,0.0010,-1.0000
16.6673,1.0000,253.4914,1.2468,0.2950,16.6872,16.7016,15.2767,0.0011,-1.0000
16.6685,1.0000,253.5082,1.7524,0.3290,16.7573,16.5626,15.4444,0.0012,-1.0000
16.6672,1.0000,253.5248,1.2579,0.3117,16.5822,16.7179,15.0587,0.0009,-1.0000
16.6641,1.0000,253.5414,1.2027,0.3134,16.6734,16.6444,15.0933,0.0013,-1.0000
16.6638,1.0000,253.5580,1.4240,0.2827,16.7119,16.5985,15.3471,0.0009,-1.0000
16.6692,1.0000,253.5747,1.1168,0.3659,16.5810,16.7087,15.5984,0.0012,-1.0000
16.6668,1.0000,253.5913,1.6579,0.3525,16.7293,16.6413,15.4730,0.0014,-1.0000
16.6674,1.0000,253.6080,1.5498,0.2943,16.6571,16.6560,15.4798,0.0010,-1.0000
16.6654,1.0000,253.6247,1.2502,0.2656,16.6063,16.6634,15.4516,0.0014,-1.0000
16.6681,1.0000,253.6415,1.1091,0.2699,16.7151,16.7018,15.5455,0.0008,-1.0000
16.6660,1.0000,253.6580,1.1669,0.3215,16.6504,16.6004,15.3965,0.0013,-1.0000
16.6659,1.0000,253.6747,1.1751,0.2887,16.6653,16.6608,15.4196,0.0011,-1.0000
16.6680,1.0000,253.6915,1.2101,0.3121,16.6718,16.8057,15.5191,0.0011,-1.0000
16.6643,1.0000,253.7080,1.1553,0.2792,16.7101,16.4905,15.2766,0.0011,-1.0000
16.6682,1.0000,253.7247,1.2024,0.3101,16.6083,16.6840,15.5834,0.0012,-1.0000
16.6675,1.0000,253.7414,1.2400,0.2792,16.6686,16.6588,15.3445,0.0013,-1.0000
16.6645,1.0000,253.7579,1.2856,0.2772,16.8155,16.6055,15.4728,0.0011,-1.0000
16.6690,1.0000,253.7747,1.2130,0.2764,16.4982,16.6981,15.6308,0.0007,-1.0000
16.6656,1.0000,253.7912,1.0993,0.2873,16.6908,16.6292,15.4259,0.0012,-1.0000
16.6659,1.0000,253.8080,1.3128,0.3111,16.6670,16.6523,15.6918,0.0010,-1.0000
16.6701,1.0000,253.8247,1.1316,0.2476,16.6122,16.6749,15.6254,0.0008,-1.0000
16.6656,1.0000,253.8413,1.0665,0.2571,16.7049,16.6523,15.4805,0.0013,-1.0000
16.6651,1.0000,253.8580,1.2020,0.2666,16.6370,16.6837,15.4574,0.0012,-1.0000
16.6675,1.0000,253.8747,0.9594,0.2624,16.6585,16.6359,15.6467,0.0012,-1.0000
16.6668,1.0000,253.8912,1.0482,0.2732,16.6831,16.6363,15.3926,0.0014,-1.0000
16.6660,1.0000,253.9079,1.1705,0.3116,16.6618,16.6572,15.7117,0.0010,-1.0000
16.6690,1.0000,253.9247,1.2251,0.2572,16.6910,16.6709,15.5749,0.0010,-1.0000
16.6667,1.0000,253.9414,0.9877,0.3171,16.6451,16.6799,15.3894,0.0012,-1.0000
16.6644,1.0000,253.9579,1.2424,0.2738,16.6436,16.6295,15.4761,0.0011,-1.0000
16.6683,1.0000,253.9747,0.9443,0.3101,16.6633,16.6640,15.6526,0.0008,-1.0000
16.6651,1.0000,253.9912,1.0948,0.3240,16.6784,16.6538,15.4597,0.0011,-1.0000
16.6688,1.0000,254.0080,1.2892,0.2809,16.6878,16.6656,15.6936,0.0008,-1.0000
16.6671,1.0000,254.0247,1.1522,0.2497,16.6363,16.6594,15.5268,0.0010,-1.0000
16.6663,1.0000,254.0413,1.0108,0.2613,16.6722,16.6543,15.4707,0.0009,-1.0000
16.6653,1.0000,254.0580,1.1929,0.2821,16.6611,16.6573,15.6478,0.0010,-1.0000
16.6669,1.0000,254.0746,0.9711,0.2802,16.6730,16.6615,15.6233,0.0010,-1.0000
16.6667,1.0000,254.0912,1.1317,0.3222,16.6678,16.6581,15.6164,0.0010,-1.0000
16.6685,1.0000,254.1080,1.1825,0.2597,16.6614,16.6681,15.7162,0.0007,-1.0000
16.6667,1.0000,254.1246,1.0087,0.2576,16.6650,16.6547,15.4666,0.0012,-1.0000
16.6653,1.0000,254.1413,1.0372,0.2391,16.6681,16.6544,15.5505,0.0010,-1.0000
16.6662,1.0000,254.1580,1.0407,0.3191,16.6648,16.6577,15.5795,0.0013,-1.0000
16.6668,1.0000,254.1746,0.9512,0.2909,16.6759,16.6608,15.4857,0.0010,-1.0000
16.6680,1.0000,254.1913,1.1869,0.2698,16.6631,16.6625,15.5262,0.0010,-1.0000
16.6667,1.0000,254.2080,1.1031,0.2779,16.6625,16.6600,15.5076,0.0009,-1.0000
16.6660,1.0000,254.2247,1.0768,0.2750,16.6652,16.6541,15.5498,0.0012,-1.0000
16.6680,1.0000,254.2413,1.1740,0.2699,16.6685,16.6642,15.5309,0.0012,-1.0000
16.6653,1.0000,254.2580,1.1353,0.2876,16.6702,16.6540,15.5750,0.0011,-1.0000
16.6673,1.0000,254.2747,1.1516,0.2834,16.6679,16.6626,15.3067,0.0012,-1.0000
16.6673,1.0000,254.2912,1.1032,0.2635,16.6612,16.6595,15.5069,0.0013,-1.0000
16.6674,1.0000,254.3081,1.1318,0.2621,16.6716,16.6639,15.5415,0.0009,-1.0000
16.6642,1.0000,254.3246,1.0776,0.2659,16.6617,16.6434,15.3711,0.0012,-1.0000
16.6687,1.0000,254.3413,1.3546,0.2784,16.6702,16.6716,15.6934,0.0010,-1.0000
16.6665,1.0000,254.3580,1.1511,0.3342,16.6676,16.6564,15.4298,0.0011,-1.0000
16.6646,1.0000,254.3746,1.1214,0.2706,16.6742,16.6502,15.5393,0.0011,-1.0000
16.6693,1.0000,254.3913,1.2711,0.2460,16.6503,16.6734,15.7910,0.0009,-1.0000
16.6670,1.0000,254.4080,0.9772,0.3078,16.6783,16.6565,15.4769,0.0012,-1.0000
16.6631,1.0000,254.4245,1.2253,0.2478,16.6644,16.6443,15.5671,0.0010,-1.0000
16.6690,1.0000,254.4413,1.1098,0.2673,16.6562,16.6743,15.9101,0.0008,-1.0000
16.6672,1.0000,254.4580,0.8814,0.2979,16.6811,16.6600,15.4563,0.0009,-1.0000
16.6650,1.0000,254.4746,1.1783,0.2540,16.6652,16.6523,15.4784,0.0009,-1.0000
16.6704,1.0000,254.4913,1.0763,0.2519,16.6502,16.6730,15.6324,0.0010,-1.0000
16.6650,1.0000,254.5081,0.7634,0.2766,16.6810,16.6522,15.5939,0.0011,-1.0000
16.6637,1.0000,254.5246,1.2026,0.2821,16.6670,16.6490,15.4418,0.0010,-1.0000
16.6704,1.0000,254.5414,1.1729,0.3138,16.6588,16.6790,15.8074,0.0009,-1.0000
16.6667,1.0000,254.5580,1.0396,0.2833,16.6800,16.6535,15.4957,0.0009,-1.0000
16.6644,1.0000,254.5746,1.0571,0.3225,16.6605,16.6494,15.4232,0.0012,-1.0000
16.6693,1.0000,254.5912,1.2061,0.2667,16.6543,16.6696,15.6272,0.0010,-1.0000
16.6651,1.0000,254.6080,0.8704,0.3322,16.6862,16.6515,15.6113,0.0008,-1.0000
16.6648,1.0000,254.6246,1.1567,0.3504,16.6621,16.6539,15.2972,0.0011,-1.0000
16.6708,1.0000,254.6414,1.2249,0.2867,16.6561,16.6803,15.7900,0.0009,-1.0000
16.6910,1.0000,254.6580,1.0412,0.2651,16.6770,16.6741,15.4802,0.0012,-1.0000
16.6640,1.0000,254.6746,1.0393,0.3165,16.6592,16.6501,15.5641,0.0011,-1.0000
16.6713,1.0000,254.6913,1.3556,0.2278,16.6590,16.6808,15.8468,0.0009,-1.0000
16.6642,1.0000,254.7081,0.8891,0.2735,16.6878,16.6497,15.5637,0.0013,-1.0000
16.6653,1.0000,254.7246,1.1924,0.2805,16.6825,16.6529,15.4554,0.0011,-1.0000
16.6711,1.0000,254.7414,1.0848,0.2299,16.6552,16.6789,15.7459,0.0009,-1.0000
16.6637,1.0000,254.7580,0.8328,0.2975,16.6878,16.6467,15.4085,0.0011,-1.0000
16.6653,1.0000,254.7746,1.0848,0.2658,16.6572,16.6553,15.6517,0.0011,-1.0000
16.6693,1.0000,254.7913,1.1962,0.2914,16.6582,16.6709,15.6615,0.0010,-1.0000
16.6674,1.0000,254.8082,0.9321,0.2842,16.6860,16.6608,15.5476,0.0011,-1.0000
16.6635,1.0000,254.8246,1.2373,0.2555,16.6545,16.6441,15.3322,0.0011,-1.0000
16.6713,1.0000,254.8415,1.0026,0.2739,16.6608,16.6804,15.6661,0.0007,-1.0000
16.6650,1.0000,254.8581,1.0083,0.2806,16.6774,16.6477,15.4178,0.0011,-1.0000
16.6656,1.0000,254.8747,1.1118,0.3227,16.6693,16.6542,15.5519,0.0011,-1.0000
16.6682,1.0000,254.8913,1.3109,0.3169,16.6516,16.6675,15.6303,0.0011,-1.0000
16.6664,1.0000,254.9080,1.0132,0.2827,16.6891,16.6586,15.4674,0.0015,-1.0000
16.6660,1.0000,254.9247,1.2288,0.2665,16.6560,16.6545,15.5701,0.0010,-1.0000
