frame_ms,focused,elapsed,CPU Main Thread Frame Time,CPU Render Thread Frame Time,CPU Total Frame Time,PlayerLoop,WaitForTargetFPS,Gfx.WaitForPresentOnGfxThread,Gfx.WaitForGfxCommandsFromMainThread
16.6676,1.0000,382.1141,1.3251,0.4744,16.8737,16.6581,15.1137,0.0013,-1.0000
16.6647,1.0000,382.1309,1.4065,0.2856,16.5425,16.6517,15.3932,0.0012,-1.0000
16.7019,1.0000,382.1477,1.1956,0.2991,16.6648,16.6990,15.3640,0.0011,-1.0000
16.6450,1.0000,382.1640,1.3685,0.4064,16.6686,16.6362,15.0333,0.0010,-1.0000
16.6650,1.0000,382.1808,1.5428,0.2837,16.6670,16.6529,15.4973,0.0010,-1.0000
16.6680,1.0000,382.1975,1.2571,0.2737,16.6593,16.6657,15.4065,0.0012,-1.0000
16.6685,1.0000,382.2142,1.3339,0.3017,16.7072,16.6586,15.2625,0.0014,-1.0000
16.6654,1.0000,382.2308,1.6017,0.2775,16.6448,16.6560,15.3143,0.0011,-1.0000
16.6666,1.0000,382.2475,1.1544,0.2735,16.6620,16.6565,15.2491,0.0011,-1.0000
16.6662,1.0000,382.2640,1.2579,0.3069,16.6736,16.6559,15.2587,0.0011,-1.0000
16.6665,1.0000,382.2808,1.3942,0.2759,16.6685,16.6715,15.4430,0.0012,-1.0000
16.6666,1.0000,382.2975,1.3406,0.2831,16.6652,16.6472,15.3104,0.0012,-1.0000
16.6670,1.0000,382.3141,1.4059,0.2826,16.6666,16.6560,15.3346,0.0010,-1.0000
16.6677,1.0000,382.3308,1.3958,0.2634,16.6648,16.6578,15.3335,0.0012,-1.0000
16.6670,1.0000,382.3476,1.2275,0.2722,16.6799,16.6625,15.3149,0.0012,-1.0000
16.6662,1.0000,382.3640,1.3354,0.7455,16.6551,16.6534,15.1214,0.0011,-1.0000
16.6655,1.0000,382.3808,1.3202,0.3397,16.6643,16.6530,15.4318,0.0015,-1.0000
16.7278,1.0000,382.3977,1.3227,0.3092,16.6662,16.7895,15.5426,0.0010,-1.0000
16.6662,1.0000,382.4143,1.3463,0.3138,16.6732,16.5908,14.9867,0.0013,-1.0000
16.6657,1.0000,382.4310,1.5309,0.2840,16.6623,16.6509,15.2043,0.0016,-1.0000
16.6686,1.0000,382.4476,1.2198,0.2616,16.6605,16.6839,15.1945,0.0013,-1.0000
16.6651,1.0000,382.4641,1.2456,0.4240,16.7994,16.6359,15.3001,0.0013,-1.0000
16.6653,1.0000,382.4808,1.6026,0.3353,16.6019,16.6511,15.5008,0.0011,-1.0000
16.6683,1.0000,382.4976,1.4450,0.3374,16.6599,16.6648,15.5154,0.0012,-1.0000
16.6660,1.0000,382.5142,1.4881,0.4600,16.6930,16.6554,15.3554,0.0011,-1.0000
16.6666,1.0000,382.5309,1.3345,0.2754,16.6458,16.6591,15.2824,0.0010,-1.0000
16.6689,1.0000,382.5475,1.1491,0.3118,16.6590,16.6644,15.3378,0.0009,-1.0000
16.6650,1.0000,382.5641,1.1481,0.2888,16.6733,16.6483,15.1306,0.0012,-1.0000
16.6667,1.0000,382.5808,1.2988,0.3141,16.6639,16.6602,15.4984,0.0012,-1.0000
16.6671,1.0000,382.5976,1.3754,0.3207,16.6673,16.6581,15.3982,0.0012,-1.0000
16.6659,1.0000,382.6142,1.3256,0.3963,16.6757,16.6548,15.2426,0.0011,-1.0000
16.6655,1.0000,382.6309,1.5163,0.2726,16.6576,16.6554,15.3855,0.0011,-1.0000
16.6692,1.0000,382.6476,1.1605,0.3170,16.6687,16.6654,15.2658,0.0016,-1.0000
16.6664,1.0000,382.6641,1.2589,0.3606,16.6670,16.6587,15.1935,0.0012,-1.0000
16.6670,1.0000,382.6809,1.4112,0.3059,16.6631,16.6579,15.4673,0.0010,-1.0000
16.6670,1.0000,382.6975,1.2687,0.3450,16.6631,16.6558,15.2806,0.0009,-1.0000
16.6659,1.0000,382.7142,1.3980,0.3448,16.6728,16.6583,15.3285,0.0011,-1.0000
16.6660,1.0000,382.7309,1.4635,0.2738,16.6690,16.6548,15.3460,0.0010,-1.0000
16.7069,1.0000,382.7480,1.1893,0.2954,16.6671,16.7074,15.3948,0.0011,-1.0000
16.6266,1.0000,382.7641,1.3742,0.3439,16.6643,16.6030,14.7919,0.0014,-1.0000
16.6666,1.0000,382.7809,1.3284,0.2810,16.6668,16.6600,15.5177,0.0012,-1.0000
16.6688,1.0000,382.7979,1.3077,0.2749,16.6629,16.6684,15.2234,0.0012,-1.0000
16.6657,1.0000,382.8142,1.3115,0.3261,16.7189,16.6491,14.9315,0.0013,-1.0000
16.6650,1.0000,382.8309,1.8096,0.3197,16.6122,16.6543,15.4524,0.0010,-1.0000
16.6699,1.0000,382.8476,1.1409,0.3596,16.6678,16.6691,15.3505,0.0010,-1.0000
16.6647,1.0000,382.8640,1.4436,0.3075,16.6789,16.6492,15.3381,0.0011,-1.0000
16.6683,1.0000,382.8810,1.7162,0.2641,16.6588,16.6684,15.5391,0.0009,-1.0000
16.6661,1.0000,382.8975,1.2007,0.2828,16.6623,16.6497,15.0576,0.0012,-1.0000
16.6644,1.0000,382.9141,1.3171,0.2706,16.6776,16.6491,15.4781,0.0011,-1.0000
16.6673,1.0000,382.9309,1.3101,0.2730,16.6570,16.6634,15.5360,0.0011,-1.0000
16.6677,1.0000,382.9475,1.1281,0.5065,16.6789,16.6655,15.2004,0.0012,-1.0000
16.6667,1.0000,382.9641,1.5910,0.2686,16.6608,16.6549,15.4695,0.0011,-1.0000
16.6679,1.0000,382.9809,1.1699,0.2500,16.6564,16.6595,15.4264,0.0011,-1.0000
16.6666,1.0000,382.9975,1.1262,0.3193,16.6707,16.6562,15.3132,0.0011,-1.0000
16.6661,1.0000,383.0142,1.4639,0.2683,16.6741,16.6578,15.4331,0.0009,-1.0000
16.6669,1.0000,383.0309,1.1843,0.3687,16.6639,16.6608,15.3357,0.0013,-1.0000
16.6670,1.0000,383.0475,1.2322,0.2938,16.6680,16.6553,15.2706,0.0014,-1.0000
16.6644,1.0000,383.0641,1.3419,0.3175,16.6648,16.6477,15.3913,0.0015,-1.0000
16.6697,1.0000,383.0810,1.2236,0.2794,16.6663,16.6737,15.5090,0.0010,-1.0000
16.6662,1.0000,383.0976,1.3235,0.4169,16.6706,16.6501,15.1011,0.0012,-1.0000
16.6659,1.0000,383.1142,1.3837,0.2812,16.6649,16.6549,15.2262,0.0012,-1.0000
16.6682,1.0000,383.1309,1.2549,0.2973,16.6558,16.6666,15.4359,0.0010,-1.0000
16.6659,1.0000,383.1475,1.1636,0.2969,16.6834,16.6560,15.3143,0.0014,-1.0000
16.6655,1.0000,383.1641,1.5478,0.3017,16.6601,16.6517,15.4157,0.0014,-1.0000
16.6672,1.0000,383.1809,1.4274,0.3002,16.6622,16.6654,15.4798,0.0011,-1.0000
16.6675,1.0000,383.1975,1.2294,0.2891,16.6745,16.6585,14.8593,0.0011,-1.0000
16.6655,1.0000,383.2142,1.3406,0.3389,16.6642,16.6541,15.3069,0.0010,-1.0000
16.6682,1.0000,383.2309,1.2344,0.2744,16.6595,16.6638,15.4335,0.0014,-1.0000
16.6666,1.0000,383.2475,1.1843,0.2866,16.6729,16.6568,15.3628,0.0013,-1.0000
16.6664,1.0000,383.2641,1.7980,0.3213,16.6663,16.6570,15.4016,0.0015,-1.0000
16.6663,1.0000,383.2808,1.3462,0.3562,16.6627,16.6604,15.4278,0.0012,-1.0000
16.6677,1.0000,383.2975,1.2288,0.3375,16.6725,16.6553,15.2909,0.0011,-1.0000
16.6674,1.0000,383.3143,1.2927,0.2815,16.6655,16.6616,15.3101,0.0014,-1.0000
16.7033,1.0000,383.3310,1.2538,0.2784,16.6655,16.6892,15.3245,0.0016,-1.0000
16.6667,1.0000,383.3476,1.2312,0.3386,16.6686,16.6564,15.2678,0.0011,-1.0000
16.6661,1.0000,383.3641,1.3630,0.2918,16.6667,16.6574,15.3584,0.0009,-1.0000
16.6680,1.0000,383.3809,1.3504,0.2822,16.6727,16.6626,15.5086,0.0011,-1.0000
16.6660,1.0000,383.3976,1.3631,0.4360,16.7000,16.6522,15.4011,0.0011,-1.0000
16.6658,1.0000,383.4142,1.3874,0.2792,16.6651,16.6538,15.4389,0.0011,-1.0000
16.6691,1.0000,383.4311,1.2979,0.3100,16.6657,16.6665,15.4335,0.0014,-1.0000
16.6650,1.0000,383.4476,1.1532,0.2925,16.6740,16.6505,14.0789,0.0015,-1.0000
16.6667,1.0000,383.4641,1.2499,0.2855,16.6612,16.6552,15.3283,0.0010,-1.0000
16.6687,1.0000,383.4810,1.2136,0.2712,16.6625,16.6716,15.5559,0.0014,-1.0000
16.6658,1.0000,383.4976,1.2314,0.5030,16.6766,16.6429,14.3708,0.0013,-1.0000
16.6645,1.0000,383.5142,2.5701,0.2853,16.6595,16.6526,15.2859,0.0012,-1.0000
16.6686,1.0000,383.5309,1.3258,0.2735,16.6641,16.6643,15.4511,0.0010,-1.0000
16.6667,1.0000,383.5475,1.1140,0.3215,16.6828,16.6598,15.3354,0.0012,-1.0000
16.6659,1.0000,383.5641,2.2714,0.2864,16.6532,16.6557,15.4519,0.0011,-1.0000
16.6690,1.0000,383.5809,1.3654,0.2697,16.6607,16.6643,15.5062,0.0010,-1.0000
16.6654,1.0000,383.5976,1.2121,0.2560,16.6716,16.6901,15.2864,0.0013,-1.0000
16.6658,1.0000,383.6142,1.3232,0.3015,16.6686,16.6197,15.3130,0.0013,-1.0000
16.6683,1.0000,383.6311,1.2025,0.2984,16.6637,16.6676,15.4478,0.0015,-1.0000
16.6636,1.0000,383.6475,1.1571,0.3147,16.6742,16.6368,15.1102,0.0017,-1.0000
16.6684,1.0000,383.6641,1.4024,0.3165,16.6993,16.6673,15.5171,0.0012,-1.0000
16.6687,1.0000,383.6809,1.3056,0.2673,16.6281,16.6637,15.4574,0.0014,-1.0000
16.6647,1.0000,383.6975,1.2183,0.2742,16.6796,16.6530,15.2969,0.0012,-1.0000
16.6667,1.0000,383.7142,1.5250,0.2556,16.6461,16.6580,15.4579,0.0010,-1.0000
16.6682,1.0000,383.7309,1.1488,0.2836,16.6742,16.6627,15.4308,0.0010,-1.0000
16.6633,1.0000,383.7475,1.2049,0.2842,16.6723,16.6442,15.3879,0.0012,-1.0000
16.6674,1.0000,383.7641,1.3548,0.3328,16.6621,16.6624,15.5622,0.0009,-1.0000
16.6689,1.0000,383.7809,1.1992,0.3003,16.6661,16.6674,15.4431,0.0011,-1.0000
16.6664,1.0000,383.7976,1.2309,0.2741,16.6724,16.6586,15.3279,0.0011,-1.0000
16.6663,1.0000,383.8143,1.2551,0.2559,16.6523,16.6588,15.3558,0.0011,-1.0000
16.6701,1.0000,383.8309,1.0992,0.2767,16.6689,16.6633,15.1773,0.0010,-1.0000
16.6640,1.0000,383.8476,1.2231,0.2587,16.6746,16.6488,15.2978,0.0013,-1.0000
16.6647,1.0000,383.8641,1.3292,0.2690,16.6673,16.6549,15.3916,0.0011,-1.0000
16.6695,1.0000,383.8810,1.3018,0.3403,16.6693,16.6645,15.5514,0.0007,-1.0000
16.6662,1.0000,383.8976,1.4848,0.3201,16.6722,16.6539,15.2254,0.0013,-1.0000
16.6659,1.0000,383.9142,1.3498,0.2826,16.6584,16.6583,15.4384,0.0011,-1.0000
16.6694,1.0000,383.9310,1.2618,0.2829,16.6630,16.6641,15.3886,0.0012,-1.0000
16.6651,1.0000,383.9476,1.1119,0.2848,16.6737,16.6506,15.1363,0.0011,-1.0000
16.6644,1.0000,383.9641,1.4274,0.2701,16.6628,16.6540,15.4099,0.0011,-1.0000
16.6694,1.0000,383.9810,1.2189,0.3378,16.6676,16.6659,15.5370,0.0008,-1.0000
16.6656,1.0000,383.9976,1.2741,0.2731,16.6743,16.6505,15.0103,0.0015,-1.0000
16.6676,1.0000,384.0143,1.5134,0.2852,16.6600,16.6626,15.3815,0.0009,-1.0000
16.6675,1.0000,384.0309,1.2430,0.2452,16.6619,16.6640,15.2901,0.0013,-1.0000
16.6640,1.0000,384.0475,1.1278,0.3372,16.6741,16.6412,15.1840,0.0012,-1.0000
16.6678,1.0000,384.0642,1.6385,0.2741,16.6608,16.6659,15.4661,0.0011,-1.0000
16.6681,1.0000,384.0809,1.2798,1.0154,16.6705,16.6589,15.4417,0.0009,-1.0000
16.6651,1.0000,384.0976,1.3725,0.3165,16.6757,16.6529,15.4821,0.0010,-1.0000
16.6680,1.0000,384.1144,1.4559,0.2699,16.6501,16.6602,15.3180,0.0012,-1.0000
16.6658,1.0000,384.1309,1.1986,0.2761,16.6748,16.6566,15.2045,0.0011,-1.0000
16.6665,1.0000,384.1476,1.2162,0.2952,16.6672,16.6566,15.2140,0.0016,-1.0000
16.6670,1.0000,384.1642,1.1696,0.3181,16.6629,16.6622,15.4481,0.0011,-1.0000
16.6677,1.0000,384.1809,1.3407,0.3598,16.6691,16.6594,15.2459,0.0010,-1.0000
16.6655,1.0000,384.1975,1.4507,0.3161,16.6646,16.6552,15.3366,0.0014,-1.0000
16.6682,1.0000,384.2143,1.4407,0.2658,16.6641,16.6659,15.4062,0.0012,-1.0000
16.6663,1.0000,384.2310,1.2128,0.3177,16.6708,16.6522,15.2545,0.0010,-1.0000
16.6665,1.0000,384.2475,1.4126,0.2822,16.6674,16.6544,15.3709,0.0013,-1.0000
16.6668,1.0000,384.2642,1.3170,0.3492,16.6635,16.6626,15.4473,0.0009,-1.0000
16.6680,1.0000,384.2809,1.2586,0.3223,16.6764,16.6595,15.3024,0.0011,-1.0000
16.6650,1.0000,384.2975,1.3965,0.2807,16.6616,16.6527,15.3850,0.0011,-1.0000
16.6673,1.0000,384.3143,1.2824,0.3243,16.6629,16.6607,15.3684,0.0011,-1.0000
16.6683,1.0000,384.3313,1.2143,0.3104,16.6711,16.6570,15.3409,0.0011,-1.0000
16.6665,1.0000,384.3477,1.3559,0.2998,16.6689,16.6641,14.5163,0.0013,-1.0000
16.6672,1.0000,384.3643,1.2663,0.3116,16.6611,16.6596,15.0048,0.0014,-1.0000
16.6654,1.0000,384.3810,1.2912,0.3062,16.6700,16.6452,15.1676,0.0012,-1.0000
16.6664,1.0000,384.3976,1.3145,0.3543,16.6668,16.6540,15.2689,0.0012,-1.0000
16.6658,1.0000,384.4142,2.1467,0.3663,16.6749,16.6550,15.4216,0.0010,-1.0000
16.6676,1.0000,384.4311,1.6533,0.3149,16.6715,16.6638,15.4267,0.0011,-1.0000
16.6663,1.0000,384.4476,1.4762,0.3435,16.6577,16.6470,14.9108,0.0013,-1.0000
16.6661,1.0000,384.4641,1.3838,0.3171,16.6629,16.6570,15.4071,0.0012,-1.0000
16.6686,1.0000,384.4810,1.2321,0.2590,16.6639,16.6707,15.5136,0.0012,-1.0000
16.6657,1.0000,384.4976,1.2360,0.3562,16.6759,16.6443,15.1205,0.0012,-1.0000
16.6661,1.0000,384.5143,1.7348,0.3204,16.6563,16.6571,15.4694,0.0012,-1.0000
16.6675,1.0000,384.5309,1.2488,0.3107,16.6657,16.6578,15.3828,0.0015,-1.0000
16.6667,1.0000,384.5475,1.1557,0.2726,16.6814,16.6583,15.4484,0.0011,-1.0000
16.6634,1.0000,384.5641,1.5224,0.2783,16.6539,16.6474,15.4292,0.0011,-1.0000
16.6705,1.0000,384.5810,1.1865,0.3096,16.6671,16.6733,15.5866,0.0009,-1.0000
16.6676,1.0000,384.5976,1.2734,0.3068,16.6664,16.6573,15.1635,0.0012,-1.0000
16.6642,1.0000,384.6142,1.2086,0.2742,16.6673,16.6507,15.3745,0.0014,-1.0000
16.6689,1.0000,384.6312,1.2175,0.3222,16.6545,16.6641,15.4712,0.0009,-1.0000
16.6654,1.0000,384.6476,1.0857,0.3094,16.6811,16.6569,14.8202,0.0014,-1.0000
16.6665,1.0000,384.6642,1.4926,0.2669,16.6678,16.6594,15.4255,0.0013,-1.0000
16.6681,1.0000,384.6810,1.2749,0.2800,16.6587,16.6591,15.4974,0.0012,-1.0000
16.6655,1.0000,384.6976,1.1919,0.3457,16.6728,16.6552,15.1771,0.0011,-1.0000
16.6669,1.0000,384.7143,1.8353,0.2798,16.6659,16.6586,15.4642,0.0011,-1.0000
16.6768,1.0000,384.7310,1.2328,0.3158,16.6675,16.6681,15.2262,0.0012,-1.0000
16.6650,1.0000,384.7476,1.1603,0.3367,16.6678,16.6539,15.0667,0.0013,-1.0000
16.6672,1.0000,384.7643,1.4769,0.2808,16.6640,16.6615,15.4295,0.0012,-1.0000
16.6678,1.0000,384.7809,1.1931,0.3419,16.6673,16.6630,15.0927,0.0011,-1.0000
16.6641,1.0000,384.7975,1.4404,0.3735,16.6767,16.6483,15.2096,0.0011,-1.0000
16.6698,1.0000,384.8143,1.5857,0.2660,16.6618,16.6712,15.4277,0.0013,-1.0000
16.6658,1.0000,384.8309,1.2310,0.3073,16.6700,16.6530,15.2124,0.0012,-1.0000
16.6665,1.0000,384.8476,1.5689,0.3263,16.6716,16.6538,15.4141,0.0011,-1.0000
16.6675,1.0000,384.8643,1.4374,0.3098,16.6563,16.6642,15.3793,0.0010,-1.0000
16.6667,1.0000,384.8809,1.2419,0.3414,16.6805,16.6541,15.3120,0.0011,-1.0000
16.6636,1.0000,384.8975,1.4390,0.2990,16.6620,16.6444,15.4110,0.0012,-1.0000
16.6698,1.0000,384.9142,1.2382,0.2872,16.6623,16.6736,15.7012,0.0010,-1.0000
16.6681,1.0000,384.9311,1.2839,0.3595,16.6742,16.6658,15.3528,0.0013,-1.0000
16.6632,1.0000,384.9475,1.3408,0.2769,16.6637,16.6379,15.0493,0.0013,-1.0000
16.6677,1.0000,384.9641,1.2321,0.2727,16.6509,16.6611,15.4881,0.0010,-1.0000
16.6694,1.0000,384.9810,0.9713,0.2756,16.6799,16.6744,15.5995,0.0007,-1.0000
16.6645,1.0000,384.9976,1.3119,0.3400,16.6797,16.6429,15.0903,0.0014,-1.0000
16.6674,1.0000,385.0143,1.5877,0.2950,16.6474,16.6604,15.3739,0.0011,-1.0000
16.6700,1.0000,385.0310,1.1719,0.2818,16.6678,16.6697,15.3377,0.0014,-1.0000
16.6618,1.0000,385.0475,1.0739,0.3470,16.6837,16.6392,15.3836,0.0013,-1.0000
16.6683,1.0000,385.0641,1.5509,0.2794,16.6523,16.6633,15.5085,0.0011,-1.0000
16.6673,1.0000,385.0809,1.2853,0.3600,16.6681,16.6615,15.3208,0.0011,-1.0000
16.6651,1.0000,385.0976,1.3306,0.2702,16.6794,16.6523,15.4777,0.0009,-1.0000
16.6683,1.0000,385.1144,1.2540,0.3303,16.6490,16.7010,15.3765,0.0010,-1.0000
16.6665,1.0000,385.1309,1.1537,0.4551,16.6717,16.6191,14.8816,0.0012,-1.0000
16.6652,1.0000,385.1475,1.3394,0.3189,16.6699,16.6532,15.4688,0.0011,-1.0000
16.6694,1.0000,385.1646,1.1736,0.2790,16.6606,16.6834,15.4556,0.0010,-1.0000
16.6655,1.0000,385.1809,1.3232,0.3227,16.7103,16.6276,14.7906,0.0014,-1.0000
16.6661,1.0000,385.1976,1.7363,0.2933,16.6277,16.6575,15.4071,0.0011,-1.0000
16.6675,1.0000,385.2143,1.1832,0.2669,16.6612,16.6607,15.3989,0.0010,-1.0000
16.6672,1.0000,385.2309,1.2267,0.3242,16.7002,16.6595,15.2798,0.0012,-1.0000
16.6647,1.0000,385.2476,1.8355,0.3100,16.6387,16.6526,15.4375,0.0011,-1.0000
16.6692,1.0000,385.2643,1.2494,0.3103,16.6664,16.6705,15.4759,0.0010,-1.0000
16.6669,1.0000,385.2809,1.2607,0.3085,16.6683,16.6501,15.1310,0.0016,-1.0000
16.6652,1.0000,385.2976,1.3785,0.3034,16.6679,16.6533,15.3413,0.0012,-1.0000
16.6654,1.0000,385.3142,1.2138,0.3162,16.6603,16.6571,15.3980,0.0012,-1.0000
16.6697,1.0000,385.3309,1.1935,0.3386,16.6809,16.6689,15.4856,0.0010,-1.0000
16.6647,1.0000,385.3476,1.5175,0.3058,16.6594,16.6496,15.4046,0.0013,-1.0000
16.6661,1.0000,385.3642,1.3106,0.2732,16.6615,16.6607,15.4035,0.0013,-1.0000
16.6684,1.0000,385.3809,1.2579,0.2612,16.6637,16.6612,15.2649,0.0015,-1.0000
16.6673,1.0000,385.3976,1.1821,0.2969,16.6764,16.6601,15.4796,0.0012,-1.0000
16.6669,1.0000,385.4143,1.2436,0.3291,16.6575,16.6571,15.4502,0.0012,-1.0000
16.6670,1.0000,385.4309,1.2560,0.2708,16.6698,16.6587,15.0905,0.0013,-1.0000
16.6664,1.0000,385.4476,1.3943,0.3960,16.6693,16.6586,15.3335,0.0011,-1.0000
16.6668,1.0000,385.4642,1.1794,0.3243,16.6694,16.6589,15.4185,0.0011,-1.0000
16.6670,1.0000,385.4810,1.2055,0.3418,16.6655,16.6543,15.3772,0.0009,-1.0000
16.6651,1.0000,385.4977,1.5666,0.2893,16.6669,16.6567,15.4121,0.0012,-1.0000
16.6681,1.0000,385.5144,1.3237,0.2746,16.6678,16.6902,15.1865,0.0011,-1.0000
16.6666,1.0000,385.5309,1.2389,0.2766,16.6693,16.6270,15.1148,0.0010,-1.0000
16.6663,1.0000,385.5476,1.2761,0.2651,16.6631,16.6551,15.4052,0.0013,-1.0000
16.6670,1.0000,385.5642,1.2434,0.3456,16.6667,16.6603,15.3321,0.0011,-1.0000
16.6671,1.0000,385.5810,1.5025,0.4670,16.6998,16.6608,15.4226,0.0009,-1.0000
16.6655,1.0000,385.5976,1.5110,0.2849,16.6358,16.6495,15.3845,0.0012,-1.0000
16.6691,1.0000,385.6145,1.2485,0.2950,16.6645,16.6729,15.3349,0.0012,-1.0000
16.6658,1.0000,385.6310,1.3269,0.3313,16.6681,16.6461,14.1838,0.0013,-1.0000
16.6658,1.0000,385.6476,1.2372,0.2741,16.6686,16.6542,15.3451,0.0011,-1.0000
16.6704,1.0000,385.6643,1.2637,0.2689,16.6582,16.7805,15.4494,0.0011,-1.0000
16.6638,1.0000,385.6809,1.3367,0.3100,16.6832,16.5399,15.2890,0.0009,-1.0000
16.6653,1.0000,385.6976,2.4612,0.3324,16.6558,16.6537,15.3100,0.0011,-1.0000
16.6685,1.0000,385.7143,1.3079,0.2752,16.6623,16.6659,15.5084,0.0010,-1.0000
16.6667,1.0000,385.7309,1.3301,0.3595,16.7890,16.6578,15.3103,0.0011,-1.0000
16.6662,1.0000,385.7476,1.2499,0.2617,16.5475,16.6579,15.4322,0.0011,-1.0000
16.6687,1.0000,385.7643,1.3424,0.2540,16.6610,16.6615,15.4107,0.0011,-1.0000
16.6658,1.0000,385.7809,1.1564,0.4354,16.6734,16.6520,15.2128,0.0012,-1.0000
16.6655,1.0000,385.7976,1.3464,0.3285,16.6667,16.6528,15.3860,0.0011,-1.0000
16.6679,1.0000,385.8143,1.2246,0.2754,16.6678,16.6655,15.4893,0.0011,-1.0000
16.6665,1.0000,385.8310,1.2496,0.3324,16.6714,16.6548,15.3151,0.0013,-1.0000
16.6665,1.0000,385.8476,1.4378,0.2838,16.6631,16.6567,15.1047,0.0012,-1.0000
16.6681,1.0000,385.8642,1.2654,0.2655,16.6607,16.6599,15.1990,0.0011,-1.0000
16.6658,1.0000,385.8809,1.1751,0.3331,16.6752,16.6548,15.3653,0.0010,-1.0000
16.6663,1.0000,385.8976,1.3382,0.3541,16.6651,16.6570,15.3394,0.0012,-1.0000
16.6677,1.0000,385.9145,1.5507,0.3439,16.6658,16.6631,15.3608,0.0010,-1.0000
16.6654,1.0000,385.9309,1.4596,0.3463,16.6684,16.6490,14.9161,0.0013,-1.0000
16.6674,1.0000,385.9476,1.2881,0.2818,16.6630,16.6646,15.3207,0.0011,-1.0000
16.6683,1.0000,385.9645,1.3162,0.3231,16.6659,16.6653,15.3451,0.0009,-1.0000
16.6655,1.0000,385.9809,1.3012,0.3711,16.6728,16.6447,15.0739,0.0013,-1.0000
16.6670,1.0000,385.9977,1.7317,0.2710,16.6563,16.6662,15.4300,0.0010,-1.0000
16.6663,1.0000,386.0143,1.3428,0.3587,16.6732,16.6241,15.2006,0.0011,-1.0000
16.6654,1.0000,386.0309,1.3192,0.3374,16.6754,16.6523,15.3475,0.0013,-1.0000
16.6691,1.0000,386.0476,1.5691,0.2745,16.6548,16.6672,15.5399,0.0009,-1.0000
16.6658,1.0000,386.0641,1.2347,0.3354,16.7050,16.6555,15.2717,0.0013,-1.0000
16.6666,1.0000,386.0809,1.4220,0.2952,16.6320,16.6573,15.5596,0.0011,-1.0000
16.6672,1.0000,386.0977,1.3034,0.2698,16.6598,16.6619,15.4042,0.0011,-1.0000
16.6672,1.0000,386.1143,1.1263,0.3420,16.6756,16.6544,15.1221,0.0011,-1.0000
16.6649,1.0000,386.1309,1.3825,0.2567,16.6642,16.6558,15.3367,0.0012,-1.0000
16.6682,1.0000,386.1477,1.0966,0.2714,16.6654,16.6664,15.4686,0.0012,-1.0000
16.6673,1.0000,386.1642,1.2563,0.3310,16.6709,16.6545,15.1280,0.0014,-1.0000
16.6657,1.0000,386.1809,1.5310,0.3170,16.6637,16.6531,15.3859,0.0009,-1.0000
16.6690,1.0000,386.1977,1.3179,0.2662,16.6635,16.6684,15.3376,0.0010,-1.0000
16.6650,1.0000,386.2143,1.1965,0.3018,16.6753,16.6498,15.2075,0.0014,-1.0000
16.6670,1.0000,386.2309,1.5254,0.2823,16.6640,16.6554,15.3225,0.0012,-1.0000
16.6685,1.0000,386.2477,1.2660,0.3318,16.6618,16.6704,15.3867,0.0012,-1.0000
16.6653,1.0000,386.2642,1.3295,0.3083,16.6785,16.6425,15.1257,0.0011,-1.0000
16.6661,1.0000,386.2809,1.4411,0.3196,16.6604,16.6574,15.3548,0.0012,-1.0000
16.6676,1.0000,386.2976,1.3319,0.3187,16.6648,16.6595,15.4237,0.0016,-1.0000
16.6667,1.0000,386.3143,1.2823,0.3764,16.6819,16.6580,15.1914,0.0009,-1.0000
16.6636,1.0000,386.3308,1.5153,0.3134,16.6526,16.6463,15.2474,0.0013,-1.0000
16.6710,1.0000,386.3477,1.3011,0.2908,16.6660,16.6773,15.5958,0.0011,-1.0000
16.6646,1.0000,386.3642,1.2340,0.3165,16.6684,16.6429,15.0031,0.0013,-1.0000
16.6647,1.0000,386.3808,1.4654,0.3436,16.6681,16.6514,15.3774,0.0011,-1.0000
16.6711,1.0000,386.3977,1.3979,0.3061,16.6544,16.6765,15.6327,0.0012,-1.0000
16.6658,1.0000,386.4143,1.0803,0.3209,16.6878,16.6495,14.2305,0.0017,-1.0000
16.6646,1.0000,386.4309,1.6382,0.2911,16.6532,16.6517,15.3262,0.0010,-1.0000
16.6695,1.0000,386.4477,1.2730,0.2579,16.6580,16.6701,15.4639,0.0013,-1.0000
16.6658,1.0000,386.4642,1.0426,0.3317,16.6855,16.6528,15.2502,0.0011,-1.0000
16.6652,1.0000,386.4809,2.4173,0.3090,16.6608,16.6476,15.4553,0.0012,-1.0000
16.6681,1.0000,386.4976,1.3243,0.2657,16.6592,16.6640,15.4801,0.0011,-1.0000
16.6673,1.0000,386.5143,1.2049,0.3220,16.6799,16.6569,15.3188,0.0009,-1.0000
16.6660,1.0000,386.5309,1.4014,0.2903,16.6648,16.6522,15.4038,0.0012,-1.0000
16.6677,1.0000,386.5476,1.1907,0.2714,16.6565,16.6620,15.4605,0.0013,-1.0000
16.6657,1.0000,386.5641,1.1827,0.3256,16.6736,16.6552,15.2572,0.0013,-1.0000
16.6665,1.0000,386.5809,1.3368,0.2773,16.6673,16.6563,15.4915,0.0011,-1.0000
16.6678,1.0000,386.5977,1.2467,0.2618,16.6611,16.6646,15.5356,0.0009,-1.0000
16.6649,1.0000,386.6142,1.1999,0.3452,16.6704,16.6504,15.1684,0.0014,-1.0000
16.6661,1.0000,386.6309,1.3964,0.3350,16.6643,16.6572,15.4988,0.0009,-1.0000
16.6683,1.0000,386.6476,1.1635,0.3148,16.6644,16.6663,15.4965,0.0010,-1.0000
16.6638,1.0000,386.6641,1.1282,0.2763,16.6744,16.6470,15.3491,0.0012,-1.0000
16.6687,1.0000,386.6809,1.4806,0.2489,16.6603,16.6688,15.6301,0.0010,-1.0000
16.6677,1.0000,386.6975,1.1574,0.3485,16.6635,16.6615,15.3887,0.0011,-1.0000
16.6647,1.0000,386.7142,1.1687,0.2590,16.6742,16.6457,15.4903,0.0010,-1.0000
16.6986,1.0000,386.7317,1.2967,0.2768,16.6540,16.7026,15.6114,0.0010,-1.0000
16.6674,1.0000,386.7476,1.0377,0.3097,16.6760,16.6572,14.2133,0.0011,-1.0000
16.6651,1.0000,386.7642,1.2712,0.2665,16.6701,16.6502,15.4965,0.0010,-1.0000
16.6683,1.0000,386.7810,1.1545,0.2525,16.6532,16.6692,15.4041,0.0012,-1.0000
16.6665,1.0000,386.7976,1.0901,0.3194,16.7121,16.6507,15.1997,0.0015,-1.0000
16.6648,1.0000,386.8142,2.4429,0.3071,16.6662,16.6506,15.4514,0.0013,-1.0000
16.6686,1.0000,386.8311,1.1527,0.2979,16.6579,16.6701,15.5601,0.0010,-1.0000
16.6675,1.0000,386.8476,1.2639,0.2845,16.6791,16.6529,15.0172,0.0012,-1.0000
16.6657,1.0000,386.8642,1.4493,0.2823,16.6601,16.6531,15.3714,0.0015,-1.0000
16.6679,1.0000,386.8810,1.1978,0.2778,16.6583,16.6625,15.4896,0.0009,-1.0000
16.6661,1.0000,386.8976,1.1090,0.3818,16.6813,16.6561,15.2251,0.0013,-1.0000
16.6656,1.0000,386.9142,1.6347,0.3176,16.6625,16.6520,15.4597,0.0009,-1.0000
16.6677,1.0000,386.9310,1.2800,0.3049,16.6613,16.6658,15.5486,0.0008,-1.0000
16.6681,1.0000,386.9477,1.1719,0.3430,16.6721,16.6632,15.2263,0.0011,-1.0000
16.6655,1.0000,386.9642,1.4297,0.2825,16.6649,16.6441,15.2771,0.0010,-1.0000
16.6683,1.0000,386.9810,1.1913,0.2736,16.6606,16.6684,15.5105,0.0010,-1.0000
16.6653,1.0000,386.9976,1.1160,0.3607,16.6748,16.6490,15.0890,0.0010,-1.0000
16.6769,1.0000,387.0143,1.4360,0.2644,16.6757,16.6670,15.3545,0.0012,-1.0000
16.6682,1.0000,387.0309,1.3659,0.3524,16.6538,16.6623,15.4738,0.0012,-1.0000
16.6659,1.0000,387.0476,1.1568,0.4522,16.6782,16.6543,15.4604,0.0010,-1.0000
16.6668,1.0000,387.0642,1.5593,0.2953,16.6599,16.6572,15.4735,0.0011,-1.0000
16.6685,1.0000,387.0810,1.3113,0.2722,16.6753,16.6646,15.5083,0.0010,-1.0000
16.6660,1.0000,387.0977,1.1872,0.3443,16.6706,16.6525,15.3900,0.0010,-1.0000
16.6659,1.0000,387.1143,1.1928,0.3047,16.6629,16.6537,15.2448,0.0011,-1.0000
16.6673,1.0000,387.1310,1.1824,0.2751,16.6657,16.6611,15.4572,0.0011,-1.0000
16.6664,1.0000,387.1476,1.1553,0.4485,16.6747,16.6542,15.3169,0.0014,-1.0000
16.6658,1.0000,387.1642,1.2609,0.2853,16.6632,16.6554,15.5046,0.0011,-1.0000
16.6685,1.0000,387.1810,1.4079,0.3170,16.6625,16.6641,15.5775,0.0010,-1.0000
16.6662,1.0000,387.1976,1.2024,0.2862,16.6694,16.6579,15.2128,0.0013,-1.0000
16.6668,1.0000,387.2144,1.3357,0.3167,16.6639,16.6564,15.3957,0.0011,-1.0000
16.6678,1.0000,387.2311,1.1499,0.2659,16.6638,16.6623,15.2376,0.0014,-1.0000
16.6638,1.0000,387.2476,1.0856,0.4298,16.6728,16.6423,14.7852,0.0015,-1.0000
16.6679,1.0000,387.2643,1.4441,0.2818,16.6669,16.6667,15.5432,0.0010,-1.0000
16.6687,1.0000,387.2809,1.2598,0.3255,16.6671,16.6646,15.1569,0.0013,-1.0000
16.6640,1.0000,387.2976,1.4232,0.2771,16.6721,16.6449,15.5007,0.0014,-1.0000
16.6688,1.0000,387.3144,1.8557,0.2646,16.6501,16.6688,15.4664,0.0011,-1.0000
16.6669,1.0000,387.3311,1.1222,0.3128,16.6741,16.6595,15.1071,0.0013,-1.0000
16.6653,1.0000,387.3476,1.5062,0.2651,16.6751,16.6456,14.9088,0.0012,-1.0000
16.6668,1.0000,387.3642,1.1426,0.3106,16.6539,16.6616,15.4400,0.0013,-1.0000
16.6675,1.0000,387.3809,1.2012,0.2904,16.6785,16.6602,15.4571,0.0011,-1.0000
16.6661,1.0000,387.3976,1.5509,0.3395,16.6702,16.6574,15.5635,0.0009,-1.0000
16.6671,1.0000,387.4143,1.7355,0.2664,16.6535,16.6598,15.4486,0.0011,-1.0000
16.6672,1.0000,387.4310,1.2202,0.3628,16.6694,16.6606,15.4004,0.0010,-1.0000
16.6664,1.0000,387.4476,1.2020,0.2711,16.6680,16.6544,15.3048,0.0038,-1.0000
16.6676,1.0000,387.4643,1.0930,0.2636,16.6654,16.6610,15.4958,0.0011,-1.0000
16.6670,1.0000,387.4810,1.2099,0.2760,16.6683,16.6539,15.2888,0.0008,-1.0000
16.6660,1.0000,387.4977,1.2591,0.2727,16.6701,16.6590,15.3542,0.0013,-1.0000
17.0123,1.0000,387.5148,1.3457,0.2874,16.6645,17.0042,15.5771,0.0013,-1.0000
16.6655,1.0000,387.5313,1.1641,0.3541,16.6716,16.6469,15.0688,0.0012,-1.0000
16.6668,1.0000,387.5480,1.3640,0.2996,16.6636,16.6581,15.4065,0.0011,-1.0000
16.6668,1.0000,387.5646,1.3035,0.3209,16.6696,16.6599,15.3610,0.0011,-1.0000
16.6668,1.0000,387.5813,1.4253,0.3024,17.0157,16.6526,15.3783,0.0010,-1.0000
16.6650,1.0000,387.5979,1.5767,0.2918,16.6570,16.6529,15.4884,0.0011,-1.0000
16.6691,1.0000,387.6147,1.2502,0.2811,16.6676,16.6672,15.4378,0.0012,-1.0000
16.6657,1.0000,387.6313,1.2974,0.2828,16.6703,16.6542,15.2847,0.0013,-1.0000
16.6662,1.0000,387.6480,1.2731,0.2761,16.6618,16.6570,15.4356,0.0012,-1.0000
16.6677,1.0000,387.6646,1.1634,0.2513,16.6613,16.6597,15.3135,0.0011,-1.0000
16.6662,1.0000,387.6813,1.2281,0.3076,16.6750,16.6557,15.2967,0.0013,-1.0000
16.6659,1.0000,387.6979,1.3682,0.3228,16.6641,16.6545,15.4381,0.0011,-1.0000
16.6682,1.0000,387.7146,1.2201,0.3228,16.6669,16.6632,15.5233,0.0013,-1.0000
16.6664,1.0000,387.7313,1.3449,0.3520,16.6685,16.6571,15.3341,0.0013,-1.0000
16.6668,1.0000,387.7479,1.3579,0.2962,16.6648,16.6587,15.4532,0.0011,-1.0000
16.6670,1.0000,387.7646,1.2147,0.2756,16.6625,16.6618,15.5049,0.0010,-1.0000
16.6668,1.0000,387.7813,1.1382,0.3318,16.6715,16.6541,15.1841,0.0010,-1.0000
16.6643,1.0000,387.7979,1.3215,0.2678,16.6655,16.6486,15.4880,0.0011,-1.0000
16.6694,1.0000,387.8147,1.2044,0.2913,16.6675,16.6699,15.5520,0.0009,-1.0000
16.6661,1.0000,387.8313,1.1555,0.3274,16.6714,16.6538,15.3068,0.0011,-1.0000
16.6667,1.0000,387.8480,1.4689,0.2674,16.6642,16.6575,15.4478,0.0010,-1.0000
16.6678,1.0000,387.8646,1.1594,0.2710,16.6557,16.6647,15.2874,0.0014,-1.0000
16.6650,1.0000,387.8813,1.1169,0.3187,16.6785,16.6471,15.3482,0.0013,-1.0000
16.6668,1.0000,387.8979,1.3455,0.2714,16.6628,16.6601,15.4776,0.0010,-1.0000
16.6682,1.0000,387.9146,1.2083,0.3255,16.6663,16.6800,15.2986,0.0011,-1.0000
16.6634,1.0000,387.9312,1.3758,0.2791,16.6751,16.6304,15.4380,0.0010,-1.0000
16.7389,1.0000,387.9481,1.2972,0.3014,16.6557,16.7405,15.6342,0.0010,-1.0000
16.6666,1.0000,387.9646,1.1812,0.3531,16.6679,16.6598,15.0800,0.0011,-1.0000
16.6634,1.0000,387.9813,1.3804,0.3103,16.6876,16.6440,15.5629,0.0010,-1.0000
16.6687,1.0000,387.9980,1.1914,0.2441,16.6381,16.6698,15.6070,0.0014,-1.0000
16.6683,1.0000,388.0147,1.1052,0.3277,16.7481,16.6651,15.3059,0.0009,-1.0000
16.6664,1.0000,388.0313,1.5789,0.2764,16.6678,16.6581,15.3173,0.0012,-1.0000
16.6657,1.0000,388.0480,1.0804,0.2510,16.6506,16.6527,15.4930,0.0011,-1.0000
16.6685,1.0000,388.0646,1.0612,0.3204,16.6757,16.6659,15.4629,0.0010,-1.0000
16.6648,1.0000,388.0813,1.3583,0.3312,16.6726,16.6531,15.4707,0.0011,-1.0000
16.6681,1.0000,388.0981,1.3394,0.2966,16.6666,16.6621,15.5072,0.0009,-1.0000
16.6673,1.0000,388.1147,1.1587,0.2715,16.6607,16.6562,15.0171,0.0012,-1.0000
16.6650,1.0000,388.1313,1.2018,0.2742,16.6735,16.6511,15.4732,0.0009,-1.0000
16.6670,1.0000,388.1480,1.1813,0.2783,16.6622,16.6668,15.5475,0.0012,-1.0000
16.6685,1.0000,388.1646,1.1538,0.3578,16.6719,16.6609,15.3545,0.0010,-1.0000
16.6644,1.0000,388.1813,1.6377,0.2792,16.6657,16.6478,15.4771,0.0014,-1.0000
16.6688,1.0000,388.1980,1.1768,0.2599,16.6583,16.6688,15.3808,0.0010,-1.0000
16.6679,1.0000,388.2147,1.1183,0.2909,16.6746,16.6647,15.4088,0.0013,-1.0000
16.6645,1.0000,388.2314,1.3050,0.3154,16.6696,16.6794,15.3106,0.0012,-1.0000
16.6667,1.0000,388.2480,1.1696,0.3139,16.6563,16.6238,15.4866,0.0009,-1.0000
16.6677,1.0000,388.2647,1.2868,0.3195,16.6766,16.6609,15.3239,0.0013,-1.0000
16.6665,1.0000,388.2813,1.2543,0.3047,16.6754,16.6556,15.3717,0.0012,-1.0000
16.6668,1.0000,388.2982,1.3676,0.2727,16.6893,16.6614,15.3888,0.0010,-1.0000
57.3433,1.0000,388.3556,1.1362,0.3123,16.6321,57.3238,0.0008,0.0013,-1.0000
16.5031,1.0000,388.3719,1.3357,0.2870,16.6703,16.5030,14.6524,0.0009,-1.0000
16.6668,1.0000,388.3886,1.2825,0.3030,16.6641,16.6657,15.3724,0.0013,-1.0000
16.6693,1.0000,388.4052,1.2716,14.3323,16.6698,16.6554,15.3400,0.0011,-1.0000
16.6640,1.0000,388.4219,57.3220,0.3558,57.3320,16.6456,15.2477,0.0016,-1.0000
16.6689,1.0000,388.4387,1.8495,0.3047,16.5079,16.6693,15.5246,0.0008,-1.0000
16.6663,1.0000,388.4552,1.2923,0.2844,16.6789,16.6542,14.0214,0.0014,-1.0000
16.6648,1.0000,388.4719,1.3141,0.2959,16.6658,16.6484,15.3810,0.0011,-1.0000
16.6685,1.0000,388.4887,1.3963,0.2791,16.6538,16.6683,15.4342,0.0010,-1.0000
16.6677,1.0000,388.5051,1.1438,0.3840,16.6786,16.6579,15.2539,0.0011,-1.0000
16.6650,1.0000,388.5219,2.6312,0.2715,16.6635,16.6512,15.4526,0.0013,-1.0000
16.6678,1.0000,388.5387,1.2663,0.2698,16.6565,16.6670,15.2696,0.0014,-1.0000
16.6669,1.0000,388.5553,1.2329,0.2745,16.6780,16.6536,15.1055,0.0011,-1.0000
16.6652,1.0000,388.5719,1.4029,0.3058,16.6663,16.6524,15.2389,0.0012,-1.0000
16.6677,1.0000,388.5886,1.1975,0.3360,16.6596,16.6648,15.4340,0.0013,-1.0000
16.6672,1.0000,388.6052,1.3959,0.2954,16.6771,16.6593,15.3931,0.0008,-1.0000
16.6667,1.0000,388.6219,1.5469,0.3184,16.6622,16.6569,15.4094,0.0012,-1.0000
16.6680,1.0000,388.6386,1.4123,0.2752,16.6603,16.6641,15.3357,0.0017,-1.0000
16.6666,1.0000,388.6552,1.2293,0.3359,16.6723,16.6510,15.2843,0.0010,-1.0000
16.6658,1.0000,388.6719,1.2651,0.3220,16.6681,16.6583,15.3497,0.0013,-1.0000
16.6696,1.0000,388.6887,1.2458,0.3059,16.6653,16.6610,15.3567,0.0010,-1.0000
16.6668,1.0000,388.7051,1.3267,0.3196,16.6739,16.6580,14.9523,0.0013,-1.0000
16.6663,1.0000,388.7219,1.3652,0.3087,16.6600,16.6533,15.4801,0.0010,-1.0000
16.6682,1.0000,388.7387,1.3071,0.3404,16.6668,16.6680,15.4414,0.0011,-1.0000
16.6666,1.0000,388.7553,1.3032,0.4211,16.6709,16.6682,15.1577,0.0010,-1.0000
16.6638,1.0000,388.7719,1.7041,0.3349,16.6670,16.6305,15.3229,0.0011,-1.0000
16.6702,1.0000,388.7887,1.1720,0.2909,16.6618,16.6771,15.3889,0.0011,-1.0000
16.6658,1.0000,388.8051,1.2254,0.3150,16.6774,16.6489,14.9278,0.0014,-1.0000
16.6656,1.0000,388.8219,1.5096,0.3003,16.6781,16.6518,15.4605,0.0010,-1.0000
16.6698,1.0000,388.8387,1.3064,0.3375,16.6382,16.6721,15.4385,0.0011,-1.0000
16.6651,1.0000,388.8553,1.2872,0.5708,16.6870,16.6486,15.0560,0.0014,-1.0000
16.6670,1.0000,388.8719,1.7196,0.3618,16.6581,16.6577,15.2967,0.0012,-1.0000
16.6674,1.0000,388.8886,1.1901,0.2957,16.6598,16.6616,15.4439,0.0012,-1.0000
16.6671,1.0000,388.9052,1.2322,0.3598,16.6813,16.6592,15.1069,0.0011,-1.0000
16.6640,1.0000,388.9219,1.5910,0.3012,16.6600,16.6412,15.3837,0.0013,-1.0000
16.6683,1.0000,388.9386,1.3597,0.2855,16.6663,16.6655,15.4104,0.0009,-1.0000
16.6667,1.0000,388.9552,1.2167,0.3802,16.6717,16.6574,15.2948,0.0014,-1.0000
16.6666,1.0000,388.9719,1.5510,0.2982,16.6706,16.6582,15.3916,0.0011,-1.0000
16.6670,1.0000,388.9886,1.2562,0.3726,16.6499,16.6627,15.3052,0.0012,-1.0000
16.6667,1.0000,389.0051,1.2538,0.2935,16.6730,16.6526,15.2820,0.0012,-1.0000
16.6670,1.0000,389.0219,1.3611,0.3379,16.6663,16.6615,15.4950,0.0010,-1.0000
16.6672,1.0000,389.0386,1.2654,0.2820,16.6660,16.6666,15.3598,0.0013,-1.0000
16.6645,1.0000,389.0552,1.3561,0.3339,16.6724,16.6378,15.2107,0.0012,-1.0000
16.6691,1.0000,389.0720,1.3693,0.3375,16.6618,16.6687,15.4473,0.0011,-1.0000
16.6683,1.0000,389.0887,1.1652,0.2858,16.6711,16.6589,15.2611,0.0012,-1.0000
16.6632,1.0000,389.1052,1.3053,0.5442,16.6773,16.6402,15.0648,0.0011,-1.0000
16.6680,1.0000,389.1219,1.4258,0.2644,16.6472,16.6644,15.3817,0.0010,-1.0000
16.6678,1.0000,389.1387,1.2202,0.3063,16.6797,16.6610,15.3931,0.0013,-1.0000
16.6634,1.0000,389.1552,1.3965,0.3510,16.6706,16.6452,15.0334,0.0013,-1.0000
16.6669,1.0000,389.1719,1.5743,0.3285,16.6496,16.6586,15.5284,0.0011,-1.0000
16.6695,1.0000,389.1886,1.2814,0.3202,16.6720,16.6717,15.1588,0.0010,-1.0000
16.6641,1.0000,389.2051,1.2664,0.3100,16.6724,16.6472,15.3284,0.0014,-1.0000
16.6691,1.0000,389.2219,1.6105,0.3090,16.6533,16.6697,15.6497,0.0010,-1.0000
16.6682,1.0000,389.2386,1.1291,0.4309,16.6654,16.6598,15.4150,0.0010,-1.0000
16.6620,1.0000,389.2552,1.5120,0.2733,16.6810,16.6388,15.2278,0.0012,-1.0000
16.6685,1.0000,389.2719,1.3173,0.3252,16.6552,16.6670,15.5641,0.0011,-1.0000
16.6682,1.0000,389.2885,1.0188,0.3275,16.6773,16.6628,15.1259,0.0010,-1.0000
16.6655,1.0000,389.3051,1.2438,0.3212,16.6713,16.6523,15.4615,0.0010,-1.0000
16.6667,1.0000,389.3220,1.4097,0.2626,16.6476,16.6627,15.5182,0.0013,-1.0000
16.6679,1.0000,389.3386,1.1016,0.3934,16.6743,16.6602,15.1160,0.0008,-1.0000
16.6648,1.0000,389.3553,1.5359,0.2854,16.6713,16.6514,15.3578,0.0013,-1.0000
16.6667,1.0000,389.3720,1.1895,0.2910,16.6603,16.6610,15.3834,0.0012,-1.0000
16.6696,1.0000,389.3888,1.1430,0.3370,16.6713,16.7225,14.6576,0.0012,-1.0000
16.6655,1.0000,389.4052,1.5433,0.3508,16.6678,16.5918,15.0985,0.0011,-1.0000
16.6684,1.0000,389.4221,1.2922,0.2704,16.6591,16.6647,15.3162,0.0010,-1.0000
16.6659,1.0000,389.4386,1.2764,0.3535,16.6716,16.6478,15.0875,0.0014,-1.0000
16.6668,1.0000,389.4552,2.0639,0.3345,16.7341,16.6597,15.4066,0.0013,-1.0000
16.6677,1.0000,389.4719,1.4920,0.3424,16.6037,16.6589,15.4061,0.0013,-1.0000
16.6675,1.0000,389.4887,1.3473,0.3308,16.6747,16.6637,15.3646,0.0010,-1.0000
16.6652,1.0000,389.5052,1.5591,0.3789,16.6567,16.6482,15.1470,0.0016,-1.0000
16.6673,1.0000,389.5220,1.2516,0.2995,16.6681,16.6610,15.3410,0.0012,-1.0000
16.6666,1.0000,389.5386,1.2512,0.2835,16.6687,16.6527,15.1976,0.0018,-1.0000
16.6626,1.0000,389.5551,1.2980,0.3188,16.6747,16.6396,15.3806,0.0012,-1.0000
16.6694,1.0000,389.5719,1.4994,0.3060,16.6612,16.6702,15.6431,0.0009,-1.0000
16.6688,1.0000,389.5886,1.3188,0.3123,16.6718,16.6675,15.2659,0.0010,-1.0000
16.6637,1.0000,389.6051,1.4533,0.2882,16.6636,16.6440,15.3431,0.0014,-1.0000
16.6700,1.0000,389.6221,1.2580,0.2459,16.6466,16.7416,15.3679,0.0013,-1.0000
16.6665,1.0000,389.6385,1.0260,0.3610,16.6771,16.5811,15.1621,0.0012,-1.0000
16.6655,1.0000,389.6553,1.4000,0.3574,16.6765,16.6551,15.4159,0.0010,-1.0000
16.6673,1.0000,389.6719,1.2996,0.3049,16.6523,16.6606,15.4077,0.0013,-1.0000
16.6671,1.0000,389.6886,1.3721,0.3793,16.7528,16.6549,15.3046,0.0009,-1.0000
16.6651,1.0000,389.7051,1.4175,0.3330,16.5908,16.6509,15.3435,0.0010,-1.0000
16.7424,1.0000,389.7220,1.2376,0.3191,16.6640,16.7398,15.6268,0.0011,-1.0000
16.6679,1.0000,389.7387,1.2513,0.4258,16.6706,16.6632,15.3163,0.0010,-1.0000
16.6650,1.0000,389.7553,1.3491,0.3260,16.6648,16.6518,15.1730,0.0010,-1.0000
16.6689,1.0000,389.7721,1.3064,0.3160,16.6588,16.6646,15.4061,0.0011,-1.0000
16.6670,1.0000,389.7887,1.1115,0.3425,16.7475,16.6566,15.1460,0.0011,-1.0000
16.6646,1.0000,389.8052,1.3458,0.3115,16.6728,16.6472,15.2170,0.0009,-1.0000
16.6682,1.0000,389.8222,1.4779,0.4232,16.6608,16.6664,15.4269,0.0015,-1.0000
16.6659,1.0000,389.8387,1.2573,0.3895,16.6741,16.6521,14.9676,0.0011,-1.0000
16.6666,1.0000,389.8554,1.5096,0.3681,16.6673,16.6564,15.2299,0.0011,-1.0000
16.6687,1.0000,389.8721,1.4292,0.2938,16.6561,16.6761,15.2362,0.0012,-1.0000
16.6663,1.0000,389.8887,1.2380,0.3605,16.6754,16.6418,15.1639,0.0011,-1.0000
16.6655,1.0000,389.9052,1.6835,0.3261,16.6626,16.6522,15.2444,0.0013,-1.0000
16.6687,1.0000,389.9221,1.4251,0.3783,16.6648,16.6678,15.5080,0.0010,-1.0000
16.6657,1.0000,389.9387,1.4384,0.3666,16.6866,16.6489,15.1068,0.0012,-1.0000
16.6643,1.0000,389.9553,1.4762,0.3033,16.6518,16.6509,15.3147,0.0011,-1.0000
16.6694,1.0000,389.9721,1.4060,0.3524,16.6613,16.6657,15.4600,0.0013,-1.0000
16.6659,1.0000,389.9886,1.1587,0.3110,16.6778,16.6247,15.1215,0.0011,-1.0000
16.6660,1.0000,390.0052,1.5410,0.3330,16.6593,16.6578,15.3561,0.0012,-1.0000
16.6710,1.0000,390.0221,1.3351,0.2791,16.6591,16.6708,15.3332,0.0009,-1.0000
16.6625,1.0000,390.0387,1.2040,0.3080,16.6739,16.6416,15.0455,0.0016,-1.0000
16.6663,1.0000,390.0553,1.5021,0.3301,16.6641,16.6604,15.3926,0.0012,-1.0000
16.6672,1.0000,390.0720,1.3007,0.3538,16.6662,16.6554,15.4424,0.0011,-1.0000
16.6670,1.0000,390.0887,1.3364,0.3228,16.6828,16.6559,15.1958,0.0010,-1.0000
16.6664,1.0000,390.1052,1.5947,0.2876,16.6525,16.6564,15.2260,0.0012,-1.0000
16.6682,1.0000,390.1221,1.2666,0.2901,16.6693,16.6637,15.5085,0.0011,-1.0000
16.6659,1.0000,390.1387,1.2118,0.3758,16.6653,16.6527,15.1651,0.0011,-1.0000
16.6656,1.0000,390.1553,1.4589,0.3103,16.6651,16.6555,15.3325,0.0011,-1.0000
16.6674,1.0000,390.1720,1.4291,0.3496,16.6648,16.6648,15.3738,0.0010,-1.0000
16.6665,1.0000,390.1887,1.1540,0.3574,16.6732,16.6538,15.1283,0.0012,-1.0000
16.6681,1.0000,390.2053,1.4863,0.2921,16.6617,16.6608,15.3398,0.0012,-1.0000
16.6682,1.0000,390.2222,1.3220,0.8641,16.6631,16.6613,15.0798,0.0013,-1.0000
16.6630,1.0000,390.2387,1.2899,0.4061,16.6745,16.6444,14.9388,0.0013,-1.0000
16.6685,1.0000,390.2554,1.5241,0.3345,16.6639,16.6650,15.4049,0.0010,-1.0000
16.6665,1.0000,390.2720,1.3195,0.4143,16.6713,16.6547,15.0689,0.0013,-1.0000
16.6659,1.0000,390.2890,1.5802,0.3163,16.6715,16.6512,15.2291,0.0012,-1.0000
16.6686,1.0000,390.3053,1.7042,0.3252,16.6537,16.6702,15.0251,0.0012,-1.0000
16.6670,1.0000,390.3221,1.2590,0.3333,16.6752,16.6529,15.2733,0.0011,-1.0000
16.6637,1.0000,390.3387,1.5844,0.4052,16.6652,16.6465,15.2790,0.0013,-1.0000
16.6686,1.0000,390.3555,1.4205,0.6347,16.6602,16.6654,15.3874,0.0011,-1.0000
16.6662,1.0000,390.3720,1.6435,0.4789,16.6804,16.6534,15.1034,0.0013,-1.0000
16.6653,1.0000,390.3886,1.3784,0.3378,16.6634,16.6506,15.3962,0.0010,-1.0000
16.6660,1.0000,390.4052,1.3661,0.4494,16.6558,16.6626,15.4558,0.0011,-1.0000
16.6690,1.0000,390.4220,1.2768,0.7654,16.6746,16.6616,15.3681,0.0014,-1.0000
16.6663,1.0000,390.4387,1.5489,0.3653,16.6625,16.6555,15.3218,0.0014,-1.0000
16.6673,1.0000,390.4554,1.2536,0.3291,16.6581,16.6640,15.3534,0.0011,-1.0000
16.6664,1.0000,390.4720,1.2055,0.4274,16.6718,16.6536,15.2235,0.0011,-1.0000
16.6655,1.0000,390.4886,1.2920,0.3537,16.6700,16.6517,15.3437,0.0014,-1.0000
16.6677,1.0000,390.5052,1.3325,0.3628,16.6647,16.6629,15.4064,0.0009,-1.0000
16.6676,1.0000,390.5220,1.3093,0.3447,16.6743,16.6621,15.3020,0.0010,-1.0000
16.6654,1.0000,390.5386,1.4288,0.3427,16.6622,16.6532,15.2559,0.0013,-1.0000
16.6691,1.0000,390.5555,1.3066,0.3965,16.6595,16.6701,15.4103,0.0010,-1.0000
16.6659,1.0000,390.5721,1.2557,0.3419,16.6706,16.6538,15.0502,0.0012,-1.0000
16.6655,1.0000,390.5887,1.3589,0.3586,16.6710,16.6482,15.2156,0.0012,-1.0000
16.6677,1.0000,390.6053,1.3959,0.3855,16.6610,16.6822,15.2853,0.0010,-1.0000
16.6663,1.0000,390.6220,1.2583,0.6586,16.6792,16.6357,15.3053,0.0014,-1.0000
16.6653,1.0000,390.6387,1.6024,0.4542,16.6651,16.6513,15.4015,0.0011,-1.0000
16.6687,1.0000,390.6553,1.4315,0.4822,16.6570,16.6705,15.2440,0.0013,-1.0000
16.6661,1.0000,390.6720,1.3957,0.4286,16.6907,16.6530,15.2347,0.0011,-1.0000
16.6656,1.0000,390.6887,1.3290,0.3522,16.6445,16.6529,15.3496,0.0011,-1.0000
16.6688,1.0000,390.7052,1.2488,0.4026,16.6597,16.6668,15.2739,0.0013,-1.0000
16.6666,1.0000,390.7220,1.4250,0.4459,16.6791,16.6554,15.3341,0.0013,-1.0000
16.6657,1.0000,390.7386,1.4170,0.4165,16.6619,16.6579,15.2804,0.0015,-1.0000
16.6684,1.0000,390.7554,1.3017,0.3976,16.6610,16.6631,15.3897,0.0012,-1.0000
16.6658,1.0000,390.7720,1.3914,0.4172,16.6756,16.6495,15.1081,0.0014,-1.0000
16.6667,1.0000,390.7887,1.3198,0.3681,16.6645,16.6601,15.3451,0.0011,-1.0000
16.6684,1.0000,390.8054,1.3759,0.3366,16.6665,16.7071,15.3933,0.0012,-1.0000
16.6636,1.0000,390.8220,1.2721,0.4582,16.6736,16.5987,15.3228,0.0012,-1.0000
16.6678,1.0000,390.8387,1.5398,0.3451,16.6588,16.6671,15.4389,0.0012,-1.0000
16.6688,1.0000,390.8554,1.3142,0.3406,16.6686,16.6624,15.3619,0.0009,-1.0000
16.6644,1.0000,390.8720,1.3125,0.3950,16.7174,16.6510,15.3220,0.0012,-1.0000
16.6680,1.0000,390.8887,1.2747,0.3356,16.6067,16.6652,15.3673,0.0013,-1.0000
16.6683,1.0000,390.9052,1.2268,0.4078,16.6744,16.6594,15.0666,0.0015,-1.0000
16.6652,1.0000,390.9220,1.2994,0.3365,16.6702,16.6565,15.4185,0.0011,-1.0000
16.7122,1.0000,390.9390,1.3277,0.3654,16.6592,16.7795,15.3773,0.0012,-1.0000
16.6405,1.0000,390.9554,1.2967,0.4333,16.6729,16.5207,15.0385,0.0011,-1.0000
16.6649,1.0000,390.9720,1.5917,0.3461,16.6684,16.6501,15.3037,0.0012,-1.0000
16.6690,1.0000,390.9887,1.2366,0.4059,16.6643,16.6689,15.3856,0.0011,-1.0000
16.6666,1.0000,391.0052,1.4008,0.4070,16.8214,16.6577,15.2197,0.0011,-1.0000
16.6640,1.0000,391.0220,1.4813,0.4033,16.5310,16.6480,15.4420,0.0012,-1.0000
16.6692,1.0000,391.0387,1.3452,0.3329,16.6586,16.6747,15.5807,0.0011,-1.0000
16.6674,1.0000,391.0555,1.2818,0.4398,16.6764,16.6553,15.3092,0.0012,-1.0000
16.6653,1.0000,391.0720,1.4369,0.3289,16.6655,16.6551,14.8100,0.0013,-1.0000
16.6680,1.0000,391.0887,1.2045,0.3677,16.6545,16.6622,15.3707,0.0010,-1.0000
16.6673,1.0000,391.1054,1.0928,0.4540,16.6820,16.6584,15.3151,0.0009,-1.0000
16.6650,1.0000,391.1220,1.3447,0.4432,16.6652,16.6529,15.0508,0.0014,-1.0000
16.6667,1.0000,391.1387,1.8438,0.3388,16.6630,16.6598,15.3696,0.0013,-1.0000
16.6703,1.0000,391.1554,1.2905,0.3746,16.6708,16.6687,15.3675,0.0011,-1.0000
16.6621,1.0000,391.1720,1.3424,0.4291,16.6674,16.6423,15.3538,0.0011,-1.0000
16.6675,1.0000,391.1887,1.6009,0.3600,16.6613,16.6607,15.4665,0.0011,-1.0000
16.6693,1.0000,391.2054,1.2888,0.3703,16.6667,16.6688,15.2063,0.0013,-1.0000
16.6632,1.0000,391.2220,1.3000,0.3566,16.6782,16.6443,15.2144,0.0013,-1.0000
16.6687,1.0000,391.2387,1.2876,0.3287,16.6509,16.6694,15.4111,0.0011,-1.0000
16.6675,1.0000,391.2553,1.1933,0.5364,16.6677,16.6590,15.0769,0.0013,-1.0000
16.6662,1.0000,391.2721,1.4613,0.4062,16.6773,16.6569,15.4455,0.0010,-1.0000
16.6672,1.0000,391.2888,1.4287,0.3486,16.6517,16.6589,15.1755,0.0012,-1.0000
16.6665,1.0000,391.3052,1.2570,0.3620,16.6779,16.6585,15.2000,0.0012,-1.0000
16.6649,1.0000,391.3220,1.5809,0.3593,16.6679,16.6498,15.4396,0.0012,-1.0000
16.6702,1.0000,391.3389,1.2103,0.4419,16.6655,16.6736,15.3652,0.0010,-1.0000
16.6650,1.0000,391.3554,1.4819,0.3407,16.6679,16.6457,14.8249,0.0012,-1.0000
16.6665,1.0000,391.3720,1.4570,0.3340,16.6668,16.6565,15.3648,0.0013,-1.0000
16.6681,1.0000,391.3887,1.2090,0.4470,16.6589,16.6652,15.3333,0.0013,-1.0000
16.6676,1.0000,391.4053,1.3069,0.3980,16.6844,16.6548,15.1188,0.0013,-1.0000
16.6657,1.0000,391.4220,1.8193,0.3194,16.6553,16.6581,15.4467,0.0013,-1.0000
16.6689,1.0000,391.4388,1.2902,0.3426,16.6645,16.6631,15.3737,0.0011,-1.0000
16.6644,1.0000,391.4554,1.3304,0.3634,16.6746,16.6499,15.1683,0.0012,-1.0000
16.6664,1.0000,391.4720,1.5346,0.3414,16.6637,16.6534,15.2551,0.0011,-1.0000
16.6670,1.0000,391.4887,1.2098,0.3266,16.6676,16.6578,15.3920,0.0012,-1.0000
16.6669,1.0000,391.5052,1.2880,0.3575,16.6748,16.6602,15.2455,0.0012,-1.0000
16.6653,1.0000,391.5220,1.4802,0.3742,16.6597,16.6520,15.4574,0.0012,-1.0000
16.6673,1.0000,391.5387,1.3972,0.3760,16.6631,16.6635,15.4434,0.0011,-1.0000
16.6673,1.0000,391.5554,1.2647,0.5343,16.6664,16.6603,15.4056,0.0008,-1.0000
16.6664,1.0000,391.5720,1.4135,0.3467,16.6687,16.6555,15.2131,0.0010,-1.0000
16.6681,1.0000,391.5887,1.1935,0.2954,16.6601,16.6671,15.3656,0.0012,-1.0000
16.6664,1.0000,391.6053,1.2192,0.4288,16.6708,16.6510,14.8277,0.0012,-1.0000
16.6661,1.0000,391.6220,1.2538,0.4861,16.6684,16.6563,15.3761,0.0012,-1.0000
16.6698,1.0000,391.6393,1.4416,0.3618,16.6639,16.6648,15.3838,0.0011,-1.0000
16.6642,1.0000,391.6554,1.3003,0.7161,16.6772,16.6481,14.6286,0.0013,-1.0000
16.6664,1.0000,391.6720,1.8224,0.3769,16.6611,16.6571,15.3234,0.0012,-1.0000
16.6692,1.0000,391.6887,1.2790,0.3326,16.6652,16.6634,15.2743,0.0011,-1.0000
16.6646,1.0000,391.7053,1.2797,0.3666,16.6762,16.6512,15.2175,0.0013,-1.0000
16.6644,1.0000,391.7220,2.0179,0.3819,16.6584,16.6522,15.4060,0.0010,-1.0000
16.6691,1.0000,391.7388,1.3324,0.4776,16.6651,16.6663,15.3828,0.0011,-1.0000
16.6662,1.0000,391.7554,1.3878,0.4972,16.6730,16.6572,15.1734,0.0011,-1.0000
16.6646,1.0000,391.7720,1.4324,0.3677,16.6604,16.6511,15.3871,0.0011,-1.0000
16.6693,1.0000,391.7888,1.2453,0.3558,16.6596,16.6699,15.3363,0.0009,-1.0000
16.6667,1.0000,391.8053,1.2824,0.3605,16.6736,16.6523,15.1654,0.0011,-1.0000
16.6661,1.0000,391.8220,1.4826,0.4345,16.6656,16.6602,15.4097,0.0012,-1.0000
16.6681,1.0000,391.8387,1.2628,0.3598,16.6593,16.6623,15.3688,0.0015,-1.0000
16.6655,1.0000,391.8554,1.3329,0.4112,16.6793,16.6482,15.0802,0.0011,-1.0000
16.6664,1.0000,391.8720,1.4857,0.3989,16.6614,16.6557,15.3528,0.0012,-1.0000
16.6687,1.0000,391.8887,1.2491,0.4411,16.6687,16.6732,15.3978,0.0013,-1.0000
16.6645,1.0000,391.9054,1.2922,0.5287,16.6744,16.6385,15.2594,0.0012,-1.0000
16.6682,1.0000,391.9223,1.5665,0.3655,16.6574,16.6674,15.3473,0.0013,-1.0000
16.6678,1.0000,391.9388,1.3015,0.3494,16.6636,16.6576,14.9637,0.0009,-1.0000
16.6651,1.0000,391.9554,1.2741,0.3496,16.6844,16.6532,15.1375,0.0016,-1.0000
16.6665,1.0000,391.9720,1.3777,0.3593,16.6481,16.6587,15.2843,0.0011,-1.0000
16.6675,1.0000,391.9887,1.3188,0.4208,16.6757,16.6587,15.2850,0.0009,-1.0000
16.6631,1.0000,392.0052,1.6927,0.3958,16.6667,16.6445,15.3849,0.0011,-1.0000
16.6701,1.0000,392.0222,1.5141,0.3266,16.6626,16.6797,15.7442,0.0006,-1.0000
16.6671,1.0000,392.0387,1.3732,0.5600,16.6671,16.6529,15.0580,0.0013,-1.0000
16.6648,1.0000,392.0553,1.3727,0.3051,16.6674,16.6523,15.2033,0.0012,-1.0000
16.6690,1.0000,392.0722,1.2586,0.2866,16.6509,16.6710,15.4036,0.0012,-1.0000
16.6657,1.0000,392.0887,0.9345,0.3650,16.6877,16.6523,15.1765,0.0012,-1.0000
16.6642,1.0000,392.1053,1.5936,0.3204,16.6620,16.6427,15.2719,0.0013,-1.0000
16.6688,1.0000,392.1221,1.4478,0.3604,16.6607,16.6690,15.4812,0.0011,-1.0000
16.6678,1.0000,392.1387,1.2662,0.3916,16.6815,16.6600,15.1968,0.0012,-1.0000
16.6662,1.0000,392.1554,1.4749,0.3467,16.6622,16.6560,15.3693,0.0012,-1.0000
16.6671,1.0000,392.1723,1.3697,0.3123,16.6501,16.6679,15.3816,0.0012,-1.0000
16.6668,1.0000,392.1887,1.1866,0.3363,16.6770,16.6490,14.6101,0.0014,-1.0000
16.6648,1.0000,392.2052,1.4619,0.3388,16.6683,16.6503,15.3570,0.0013,-1.0000
16.6686,1.0000,392.2220,1.2855,0.3526,16.6641,16.6678,15.5495,0.0010,-1.0000
16.6669,1.0000,392.2387,1.2849,0.4082,16.6780,16.6563,15.3021,0.0015,-1.0000
16.6660,1.0000,392.2554,2.0377,0.2986,16.6583,16.6579,15.3283,0.0014,-1.0000
16.6667,1.0000,392.2722,1.2919,0.3602,16.6584,16.6610,15.2374,0.0010,-1.0000
16.6673,1.0000,392.2888,1.1170,0.3811,16.6764,16.6579,14.6234,0.0017,-1.0000
16.6661,1.0000,392.3052,1.3526,0.3447,16.6645,16.6481,15.2482,0.0011,-1.0000
16.6675,1.0000,392.3221,1.3281,0.4340,16.6666,16.6659,15.4324,0.0011,-1.0000
16.6677,1.0000,392.3388,1.4225,0.4007,16.6713,16.6592,15.0524,0.0012,-1.0000
16.6657,1.0000,392.3554,2.0326,0.3414,16.6691,16.6480,15.1708,0.0013,-1.0000
16.6679,1.0000,392.3726,1.3988,0.3152,16.6575,16.6609,15.2136,0.0012,-1.0000
16.6658,1.0000,392.3887,1.2321,0.4267,16.6753,16.6538,14.6277,0.0014,-1.0000
16.6647,1.0000,392.4052,1.6052,0.3384,16.6717,16.6485,15.2822,0.0011,-1.0000
16.6702,1.0000,392.4221,1.4758,0.3632,16.6591,16.6683,15.5289,0.0012,-1.0000
16.6646,1.0000,392.4387,1.4460,0.4563,16.6709,16.6530,15.2855,0.0011,-1.0000
16.6668,1.0000,392.4554,2.0244,0.4072,16.6638,16.6581,15.3317,0.0011,-1.0000
16.6681,1.0000,392.4721,1.3654,0.4148,16.6567,16.6593,15.2492,0.0013,-1.0000
16.6655,1.0000,392.4887,1.1380,0.5694,16.6768,16.6544,15.2135,0.0012,-1.0000
16.6671,1.0000,392.5052,1.3662,0.3522,16.6623,16.6597,15.2925,0.0010,-1.0000
16.6661,1.0000,392.5220,1.3251,0.4082,16.6679,16.6568,15.3658,0.0011,-1.0000
16.6666,1.0000,392.5387,1.4084,0.4326,16.6691,16.6573,15.3091,0.0011,-1.0000
16.6662,1.0000,392.5554,1.4396,0.3370,16.6635,16.6560,15.4096,0.0011,-1.0000
16.6683,1.0000,392.5721,1.3660,0.3493,16.6682,16.6630,15.2724,0.0012,-1.0000
16.6661,1.0000,392.5887,1.2899,0.3806,16.6655,16.6539,15.2600,0.0015,-1.0000
16.6659,1.0000,392.6053,1.3468,0.3577,16.6654,16.6597,15.3365,0.0012,-1.0000
16.6690,1.0000,392.6221,1.2451,0.3065,16.6646,16.6615,15.3020,0.0010,-1.0000
16.6652,1.0000,392.6387,1.3894,0.3473,16.6716,16.6507,15.2973,0.0011,-1.0000
16.6653,1.0000,392.6553,1.3924,0.3569,16.6628,16.6547,15.3772,0.0012,-1.0000
16.6715,1.0000,392.6722,1.3218,0.3058,16.6692,16.6749,15.3396,0.0011,-1.0000
16.6625,1.0000,392.6887,1.3582,0.3676,16.6722,16.6358,14.8262,0.0015,-1.0000
16.6675,1.0000,392.7053,1.3522,0.3164,16.6596,16.6635,15.4229,0.0011,-1.0000
16.6694,1.0000,392.7222,1.2763,0.3193,16.6632,16.6669,15.4398,0.0012,-1.0000
16.6637,1.0000,392.7387,1.3335,0.3913,16.6880,16.6428,15.0874,0.0015,-1.0000
16.6671,1.0000,392.7554,1.8079,0.3397,16.6455,16.6594,15.3591,0.0014,-1.0000
16.7126,1.0000,392.7724,1.2394,0.3824,16.6710,16.7098,15.1670,0.0012,-1.0000
16.6657,1.0000,392.7888,1.2257,0.3288,16.6782,16.6481,14.8964,0.0012,-1.0000
16.6681,1.0000,392.8053,1.5537,0.3405,16.6535,16.6641,15.2716,0.0013,-1.0000
16.6653,1.0000,392.8221,1.2989,0.4075,16.6685,16.6521,15.2702,0.0011,-1.0000
16.6676,1.0000,392.8389,1.5412,0.3721,16.7202,16.6623,15.4027,0.0010,-1.0000
16.6656,1.0000,392.8556,1.7505,0.3436,16.6576,16.6527,15.1219,0.0013,-1.0000
16.6674,1.0000,392.8721,1.3910,0.4216,16.6741,16.6588,15.0686,0.0014,-1.0000
16.6649,1.0000,392.8887,1.3803,0.3400,16.6610,16.6533,15.3968,0.0012,-1.0000
16.6686,1.0000,392.9054,1.2582,0.5168,16.6707,16.6681,15.3702,0.0010,-1.0000
16.6687,1.0000,392.9223,1.5291,0.3872,16.6613,16.6631,15.3069,0.0012,-1.0000
16.6645,1.0000,392.9397,1.5888,0.3857,16.6669,16.6458,15.1291,0.0013,-1.0000
16.6697,1.0000,392.9555,1.2551,0.3386,16.6618,16.6643,14.0522,0.0012,-1.0000
16.6656,1.0000,392.9721,1.2967,0.4556,16.6772,16.6539,15.1093,0.0011,-1.0000
16.6644,1.0000,392.9888,1.3549,0.3921,16.6738,16.6454,15.4114,0.0010,-1.0000
16.6676,1.0000,393.0062,1.5154,0.4583,16.6564,16.6634,15.3122,0.0011,-1.0000
16.6680,1.0000,393.0222,2.6109,0.5071,16.6743,16.6593,14.4741,0.0013,-1.0000
16.6650,1.0000,393.0388,1.5432,0.7032,16.6644,16.6544,15.2014,0.0011,-1.0000
16.6679,1.0000,393.0555,1.2327,0.4720,16.6565,16.6638,15.2959,0.0009,-1.0000
16.6657,1.0000,393.0721,1.3500,0.6586,16.6717,16.6555,15.1338,0.0012,-1.0000
16.6671,1.0000,393.0888,2.1839,0.7205,16.6683,16.6575,15.3122,0.0011,-1.0000
16.6664,1.0000,393.1053,1.4516,0.5089,16.6619,16.6632,15.2464,0.0010,-1.0000
16.6677,1.0000,393.1222,1.3666,0.4632,16.6721,16.6627,15.2833,0.0013,-1.0000
16.6654,1.0000,393.1387,1.5204,0.4513,16.6630,16.6454,15.1946,0.0011,-1.0000
16.6682,1.0000,393.1557,1.3441,0.4865,16.6653,16.6651,15.2242,0.0012,-1.0000
16.6665,1.0000,393.1721,1.4156,0.5224,16.6714,16.6544,15.0312,0.0012,-1.0000
16.6671,1.0000,393.1888,1.3779,0.6739,16.6732,16.6582,15.2873,0.0008,-1.0000
16.6679,1.0000,393.2054,1.4496,0.4806,16.6547,16.6650,15.2487,0.0012,-1.0000
16.6655,1.0000,393.2221,1.4395,0.6247,16.6733,16.6507,15.1241,0.0015,-1.0000
16.6647,1.0000,393.2387,1.6223,0.5020,16.6635,16.6507,15.2036,0.0015,-1.0000
16.6685,1.0000,393.2555,1.3698,0.5220,16.6666,16.6639,15.2904,0.0011,-1.0000
16.6671,1.0000,393.2722,1.4150,0.4757,16.6756,16.6588,15.0190,0.0011,-1.0000
16.6661,1.0000,393.2888,1.5252,0.4622,16.6613,16.6519,15.1484,0.0012,-1.0000
16.6679,1.0000,393.3054,1.4457,0.5003,16.6596,16.6690,15.3193,0.0012,-1.0000
16.6675,1.0000,393.3221,1.3724,0.6335,16.6730,16.6500,15.0575,0.0011,-1.0000
16.6654,1.0000,393.3387,1.6386,0.5443,16.6686,16.6553,15.3351,0.0011,-1.0000
16.6646,1.0000,393.3554,1.5022,0.4386,16.6613,16.6498,15.2595,0.0011,-1.0000
16.6690,1.0000,393.3721,1.3482,0.5497,16.6791,16.6672,15.1804,0.0009,-1.0000
16.6656,1.0000,393.3887,1.5915,0.3899,16.6591,16.6528,15.2363,0.0010,-1.0000
16.6672,1.0000,393.4053,1.3190,0.3803,16.6653,16.6643,15.4012,0.0012,-1.0000
16.6674,1.0000,393.4221,1.3893,0.3925,16.6579,16.6583,15.0709,0.0013,-1.0000
16.6649,1.0000,393.4387,1.4859,0.4373,16.6748,16.6489,15.2480,0.0011,-1.0000
16.6676,1.0000,393.4556,1.4151,0.4224,16.6621,16.6668,15.2824,0.0011,-1.0000
16.6668,1.0000,393.4721,1.2617,0.4580,16.6718,16.6581,15.0206,0.0012,-1.0000
16.6665,1.0000,393.4887,1.5862,0.4269,16.6669,16.6560,15.3809,0.0010,-1.0000
16.6683,1.0000,393.5054,1.4000,0.3734,16.6573,16.6648,15.3617,0.0011,-1.0000
16.6660,1.0000,393.5221,1.3835,0.3988,16.6753,16.6521,15.2821,0.0014,-1.0000
16.6675,1.0000,393.5388,1.6363,0.3657,16.6660,16.6598,15.2350,0.0011,-1.0000
16.6669,1.0000,393.5556,1.2740,0.3988,16.6641,16.6881,15.2644,0.0013,-1.0000
16.6659,1.0000,393.5721,1.3021,0.4890,16.6755,16.6206,15.0094,0.0010,-1.0000
16.6646,1.0000,393.5888,1.3685,0.4581,16.6625,16.6531,15.3185,0.0011,-1.0000
16.6702,1.0000,393.6054,1.4234,0.4971,16.6690,16.7409,15.1658,0.0009,-1.0000
16.6657,1.0000,393.6221,1.4225,0.4790,16.6999,16.5776,15.1306,0.0012,-1.0000
16.6649,1.0000,393.6388,1.6098,0.3809,16.6293,16.6559,15.4053,0.0011,-1.0000
16.6692,1.0000,393.6555,1.3332,0.4561,16.6606,16.6638,15.3392,0.0012,-1.0000
16.6659,1.0000,393.6721,1.5740,0.3988,16.7523,16.6522,15.2503,0.0010,-1.0000
16.6656,1.0000,393.6887,1.4460,0.3526,16.5877,16.6557,15.4332,0.0012,-1.0000
16.6677,1.0000,393.7053,1.2492,0.3355,16.6641,16.6605,15.3889,0.0014,-1.0000
16.6672,1.0000,393.7221,1.3230,0.4264,16.6733,16.6586,15.4259,0.0011,-1.0000
16.6665,1.0000,393.7388,1.4006,0.4554,16.6614,16.6584,15.4274,0.0011,-1.0000
16.6682,1.0000,393.7555,1.2211,0.4108,16.6659,16.6636,15.3624,0.0014,-1.0000
16.6657,1.0000,393.7721,1.2700,0.3850,16.6687,16.6493,14.9779,0.0018,-1.0000
16.6653,1.0000,393.7888,1.2314,0.3020,16.6672,16.6529,15.3345,0.0011,-1.0000
16.6687,1.0000,393.8054,1.2297,0.3633,16.6686,16.6680,15.2129,0.0012,-1.0000
16.6656,1.0000,393.8221,1.2997,0.3753,16.6736,16.6452,15.3706,0.0011,-1.0000
16.6680,1.0000,393.8388,1.6695,0.2995,16.6602,16.6714,15.3977,0.0015,-1.0000
16.6650,1.0000,393.8555,1.3172,0.2855,16.6617,16.6443,15.0558,0.0015,-1.0000
16.6668,1.0000,393.8721,1.4536,0.3122,16.6788,16.6570,15.2967,0.0011,-1.0000
16.6666,1.0000,393.8889,1.2734,0.3209,16.6556,16.6591,15.4206,0.0011,-1.0000
16.6677,1.0000,393.9053,1.2719,0.3858,16.6816,16.6602,15.0815,0.0013,-1.0000
16.6649,1.0000,393.9220,1.5868,0.3321,16.6530,16.6499,15.5007,0.0011,-1.0000
16.6692,1.0000,393.9390,1.3589,0.3315,16.6662,16.6711,15.4812,0.0013,-1.0000
16.6662,1.0000,393.9554,1.2373,0.4499,16.6679,16.6559,15.0365,0.0012,-1.0000
16.6667,1.0000,393.9721,1.5774,0.3275,16.6684,16.6555,15.3478,0.0012,-1.0000
16.6670,1.0000,393.9888,1.1483,0.3368,16.6577,16.6603,15.3301,0.0012,-1.0000
16.6665,1.0000,394.0053,1.1887,0.3559,16.6792,16.6569,15.1868,0.0012,-1.0000
16.6660,1.0000,394.0221,1.6180,0.3836,16.6646,16.6527,15.4640,0.0013,-1.0000
16.6673,1.0000,394.0388,1.3064,0.4224,16.6647,16.6667,15.4617,0.0011,-1.0000
16.6670,1.0000,394.0554,1.3286,0.5374,16.6688,16.6505,15.1398,0.0012,-1.0000
16.6664,1.0000,394.0721,1.4684,0.6896,16.6660,16.6556,15.3972,0.0011,-1.0000
16.6677,1.0000,394.0888,1.1873,0.2879,16.6599,16.6636,15.4524,0.0012,-1.0000
16.6664,1.0000,394.1053,1.2040,0.3518,16.6784,16.6534,15.0365,0.0012,-1.0000
16.6645,1.0000,394.1221,1.5096,0.3179,16.6607,16.6551,15.3673,0.0010,-1.0000
16.6690,1.0000,394.1388,1.2572,0.3287,16.6648,16.6613,15.4703,0.0011,-1.0000
16.6670,1.0000,394.1555,1.2102,0.4218,16.6742,16.6584,15.3025,0.0012,-1.0000
16.6666,1.0000,394.1721,1.6156,0.3385,16.6634,16.6556,15.2506,0.0018,-1.0000
16.6661,1.0000,394.1889,1.2869,0.3000,16.6635,16.6578,15.3651,0.0011,-1.0000
16.6667,1.0000,394.2053,1.1894,0.3748,16.6697,16.6582,14.8758,0.0013,-1.0000
16.6659,1.0000,394.2221,1.3544,0.3106,16.6679,16.6530,15.4861,0.0014,-1.0000
16.6702,1.0000,394.2390,1.4028,0.4739,16.6644,16.6740,15.4171,0.0011,-1.0000
16.6645,1.0000,394.2554,1.2915,0.4812,16.6675,16.6432,14.9616,0.0015,-1.0000
16.6666,1.0000,394.2722,1.7815,0.3503,16.6673,16.6563,15.2191,0.0012,-1.0000
16.6681,1.0000,394.2888,1.1652,0.3558,16.6614,16.6598,15.1461,0.0011,-1.0000
16.6660,1.0000,394.3053,1.2559,0.3633,16.6849,16.6541,15.2711,0.0011,-1.0000
16.6656,1.0000,394.3221,1.6801,0.4023,16.6537,16.6531,15.4172,0.0010,-1.0000
16.6672,1.0000,394.3389,1.4364,0.3409,16.6668,16.7069,15.3841,0.0012,-1.0000
16.6673,1.0000,394.3559,1.5123,0.4220,16.6702,16.6093,15.1984,0.0013,-1.0000
16.6647,1.0000,394.3720,1.3818,0.3490,16.6634,16.6522,14.7987,0.0015,-1.0000
16.6691,1.0000,394.3887,1.2348,0.3294,16.6620,16.6682,15.4423,0.0010,-1.0000
16.6660,1.0000,394.4053,1.3215,0.3224,16.7161,16.6557,15.2029,0.0012,-1.0000
16.6671,1.0000,394.4221,1.4095,0.4241,16.6182,16.6583,15.3986,0.0012,-1.0000
16.6672,1.0000,394.4388,1.8519,0.4197,16.6607,16.6608,15.3452,0.0012,-1.0000
16.6659,1.0000,394.4554,1.2248,0.4304,16.6761,16.6506,15.2717,0.0010,-1.0000
16.6650,1.0000,394.4720,1.4514,0.5202,16.6663,16.6495,15.2731,0.0016,-1.0000
16.6762,1.0000,394.4889,1.2582,0.4337,16.6672,16.7020,15.2010,0.0013,-1.0000
16.6589,1.0000,394.5053,1.3142,0.3726,16.6716,16.6072,14.7829,0.0012,-1.0000
16.6659,1.0000,394.5221,1.3781,0.4268,16.6609,16.6549,15.4893,0.0012,-1.0000
16.6685,1.0000,394.5388,1.3751,0.4932,16.6584,16.6657,15.2876,0.0010,-1.0000
16.6664,1.0000,394.5554,1.4996,0.8439,16.7195,16.6557,15.2849,0.0014,-1.0000
16.6656,1.0000,394.5721,1.8229,0.6965,16.6195,16.6533,15.3943,0.0012,-1.0000
16.6674,1.0000,394.5887,1.1642,0.4153,16.6634,16.6631,15.4369,0.0011,-1.0000
16.6665,1.0000,394.6053,1.3771,0.4779,16.6734,16.6550,15.2106,0.0010,-1.0000
16.6673,1.0000,394.6221,1.3694,0.3365,16.6656,16.6624,15.4618,0.0013,-1.0000
16.6680,1.0000,394.6388,1.2576,0.3494,16.6621,16.6636,15.3509,0.0012,-1.0000
16.6652,1.0000,394.6554,1.2252,0.3921,16.6720,16.6479,15.0740,0.0012,-1.0000
16.6671,1.0000,394.6721,1.4433,0.3122,16.6631,16.6592,15.4121,0.0017,-1.0000
16.6684,1.0000,394.6890,1.1990,0.2847,16.6712,16.6623,15.3077,0.0012,-1.0000
16.6622,1.0000,394.7052,1.3115,0.4011,16.6736,16.6391,15.0357,0.0016,-1.0000
17.1956,1.0000,394.7227,1.5725,0.3435,16.6573,17.1973,16.1540,0.0011,-1.0000
16.6672,1.0000,394.7393,1.2456,0.3256,16.6685,16.6566,14.9758,0.0008,-1.0000
16.6670,1.0000,394.7559,1.3534,0.3205,16.6733,16.6560,15.3715,0.0012,-1.0000
16.6683,1.0000,394.7727,1.6019,0.3126,16.6488,16.6669,15.4473,0.0013,-1.0000
16.6665,1.0000,394.7892,1.0421,0.3216,17.2048,16.6555,15.1252,0.0014,-1.0000
16.6656,1.0000,394.8059,1.6801,0.3209,16.6644,16.6516,15.4779,0.0013,-1.0000
16.6678,1.0000,394.8225,1.2834,0.2869,16.6639,16.6651,15.5148,0.0012,-1.0000
16.6688,1.0000,394.8393,1.2183,0.3618,16.6763,16.6610,15.3769,0.0010,-1.0000
16.6663,1.0000,394.8560,1.5287,0.2879,16.6645,16.6539,15.2717,0.0010,-1.0000
16.6668,1.0000,394.8727,1.1725,0.2839,16.6596,16.6546,15.3918,0.0011,-1.0000
16.6663,1.0000,394.8893,1.1487,0.3079,16.6750,16.6590,15.2138,0.0012,-1.0000
16.6660,1.0000,394.9059,1.2827,0.3531,16.6718,16.6538,15.3375,0.0012,-1.0000
16.6660,1.0000,394.9225,1.3810,0.3347,16.6649,16.6587,15.4892,0.0010,-1.0000
16.6684,1.0000,394.9393,1.2616,0.3727,16.6635,16.6585,15.4095,0.0008,-1.0000
16.6667,1.0000,394.9560,1.4435,0.3060,16.6676,16.6744,15.3585,0.0013,-1.0000
16.7258,1.0000,394.9728,1.3149,0.2784,16.6636,16.7006,15.3818,0.0011,-1.0000
16.6667,1.0000,394.9893,1.1682,0.3089,16.6675,16.6209,15.0957,0.0014,-1.0000
16.6659,1.0000,395.0060,1.2480,0.3223,16.6669,16.6527,15.3886,0.0013,-1.0000
16.6671,1.0000,395.0226,1.3145,0.3762,16.6851,16.6675,15.4716,0.0011,-1.0000
16.6678,1.0000,395.0393,1.3178,0.3587,16.7447,16.6503,15.3646,0.0011,-1.0000
16.6660,1.0000,395.0560,1.5237,0.3323,16.6303,16.6571,15.4381,0.0010,-1.0000
16.6672,1.0000,395.0732,1.2626,0.2909,16.6631,16.6599,15.4547,0.0012,-1.0000
16.6655,1.0000,395.0893,1.1947,0.3121,16.6781,16.6546,14.7212,0.0013,-1.0000
16.6672,1.0000,395.1060,1.2845,0.3093,16.6586,16.6561,15.3860,0.0011,-1.0000
16.6674,1.0000,395.1225,1.2181,0.3001,16.6664,16.6617,15.3495,0.0016,-1.0000
16.6664,1.0000,395.1393,1.2036,0.4655,16.6698,16.6608,15.4332,0.0012,-1.0000
16.6664,1.0000,395.1560,1.9318,0.4005,16.6636,16.6513,15.4686,0.0010,-1.0000
16.6681,1.0000,395.1728,1.2687,0.3821,16.6650,16.6677,15.4439,0.0012,-1.0000
16.6657,1.0000,395.1894,1.3102,0.4889,16.6699,16.6515,15.0441,0.0014,-1.0000
16.6663,1.0000,395.2061,1.2264,0.3726,16.6696,16.7163,15.1931,0.0011,-1.0000
16.6684,1.0000,395.2227,1.1815,0.4013,16.6591,16.6012,15.3119,0.0013,-1.0000
16.6659,1.0000,395.2394,1.2224,0.4561,16.6783,16.6594,15.2460,0.0011,-1.0000
16.6653,1.0000,395.2560,1.6059,0.3719,16.6621,16.6442,15.2600,0.0012,-1.0000
16.6687,1.0000,395.2727,1.5219,0.3186,16.7266,16.6642,15.4460,0.0010,-1.0000
16.6662,1.0000,395.2893,1.2880,0.7534,16.6113,16.6546,15.1101,0.0016,-1.0000
16.6661,1.0000,395.3059,1.4125,0.3498,16.6694,16.6561,15.4518,0.0011,-1.0000
16.6684,1.0000,395.3226,1.3831,0.2792,16.6526,16.6651,15.5143,0.0011,-1.0000
16.6662,1.0000,395.3393,1.2171,0.3544,16.6731,16.6479,15.3835,0.0011,-1.0000
16.6660,1.0000,395.3560,1.5426,0.2895,16.6648,16.6583,15.4277,0.0012,-1.0000
16.6680,1.0000,395.3727,1.2030,0.3530,16.6643,16.6632,15.4139,0.0012,-1.0000
16.6659,1.0000,395.3893,1.1494,0.3460,16.6768,16.6530,15.1907,0.0013,-1.0000
16.6666,1.0000,395.4060,1.2631,0.3071,16.6578,16.6552,15.4425,0.0011,-1.0000
16.6668,1.0000,395.4225,1.2290,0.2876,16.6665,16.6576,15.4487,0.0011,-1.0000
16.6668,1.0000,395.4393,1.2477,0.3239,16.6735,16.6574,15.3615,0.0010,-1.0000
16.6657,1.0000,395.4560,1.4612,0.3285,16.6637,16.6543,15.4143,0.0012,-1.0000
16.6689,1.0000,395.4727,1.2114,0.3046,16.6645,16.6646,15.3539,0.0011,-1.0000
16.6656,1.0000,395.4893,1.2078,0.3578,16.6663,16.6551,15.3414,0.0012,-1.0000
16.6668,1.0000,395.5060,1.2949,0.2957,16.6666,16.6594,15.4412,0.0014,-1.0000
16.6670,1.0000,395.5226,1.2386,0.3147,16.6625,16.6593,15.3907,0.0014,-1.0000
16.6668,1.0000,395.5393,1.3094,0.3293,16.6734,16.6531,15.2164,0.0012,-1.0000
16.6666,1.0000,395.5560,1.3123,0.2944,16.6638,16.6587,15.3540,0.0012,-1.0000
16.6666,1.0000,395.5727,1.2167,0.3197,16.6680,16.6585,15.4157,0.0012,-1.0000
16.6664,1.0000,395.5893,1.2669,0.3497,16.6701,16.6553,15.3613,0.0013,-1.0000
16.6652,1.0000,395.6060,1.4355,0.3531,16.6632,16.6546,15.4950,0.0012,-1.0000
16.6693,1.0000,395.6226,1.3035,0.3010,16.6671,16.6633,15.4103,0.0010,-1.0000
16.6651,1.0000,395.6393,1.2416,0.3027,16.6682,16.6540,15.3083,0.0011,-1.0000
16.6680,1.0000,395.6560,1.2925,0.2931,16.6638,16.6619,15.5039,0.0010,-1.0000
16.6671,1.0000,395.6727,1.1585,0.2864,16.6628,16.6592,15.4372,0.0009,-1.0000
16.6650,1.0000,395.6893,1.2518,0.3490,16.6723,16.6551,14.9625,0.0012,-1.0000
16.6675,1.0000,395.7060,1.3450,0.2835,16.6622,16.6588,15.3517,0.0010,-1.0000
16.6679,1.0000,395.7226,1.1567,0.2714,16.6698,16.6650,15.4889,0.0012,-1.0000
16.6656,1.0000,395.7393,1.2210,0.4061,16.6681,16.6524,15.3266,0.0013,-1.0000
16.6670,1.0000,395.7560,1.6911,0.3396,16.6639,16.6679,15.4539,0.0014,-1.0000
16.6669,1.0000,395.7729,1.3059,0.3023,16.6664,16.6464,15.1061,0.0010,-1.0000
16.6669,1.0000,395.7893,1.1743,0.3292,16.6740,16.6566,14.7205,0.0012,-1.0000
16.6662,1.0000,395.8060,1.3240,0.3103,16.6623,16.6624,15.4548,0.0014,-1.0000
16.6687,1.0000,395.8227,1.2124,0.3852,16.6780,16.6657,15.2443,0.0010,-1.0000
16.6651,1.0000,395.8396,1.5392,0.3949,16.6555,16.6396,15.2399,0.0016,-1.0000
16.6675,1.0000,395.8560,1.9350,0.3063,16.6652,16.6643,15.1357,0.0012,-1.0000
16.6666,1.0000,395.8726,1.2062,0.2846,16.6720,16.6543,14.9841,0.0013,-1.0000
16.6646,1.0000,395.8893,1.4206,0.3387,16.6779,16.6522,15.4398,0.0009,-1.0000
16.6782,1.0000,395.9060,1.3981,0.4407,16.6493,16.6787,15.3724,0.0011,-1.0000
16.6573,1.0000,395.9226,1.5272,0.3711,16.6740,16.6409,15.2715,0.0012,-1.0000
16.6643,1.0000,395.9393,1.6692,0.3615,16.6634,16.6500,15.4144,0.0012,-1.0000
16.6686,1.0000,395.9560,1.2116,0.3681,16.6607,16.6699,15.5240,0.0010,-1.0000
16.6681,1.0000,395.9727,1.3050,0.3894,16.6884,16.6601,15.3723,0.0015,-1.0000
16.6662,1.0000,395.9894,1.3680,0.3376,16.6501,16.6570,15.3325,0.0010,-1.0000
16.6686,1.0000,396.0061,1.2343,0.3067,16.6576,16.6657,15.3586,0.0014,-1.0000
16.6645,1.0000,396.0226,1.1447,0.5206,16.6771,16.6431,15.2548,0.0011,-1.0000
16.6642,1.0000,396.0393,1.2862,0.3499,16.6693,16.6452,15.4777,0.0012,-1.0000
16.6692,1.0000,396.0561,1.3233,0.3857,16.6670,16.6705,15.5387,0.0014,-1.0000
16.6666,1.0000,396.0726,1.3054,0.4075,16.6780,16.6558,15.2085,0.0013,-1.0000
16.6667,1.0000,396.0893,1.3875,0.2867,16.6536,16.6567,15.4260,0.0012,-1.0000
16.6667,1.0000,396.1061,1.1663,0.2939,16.6537,16.6594,15.4761,0.0012,-1.0000
16.6668,1.0000,396.1225,1.1303,0.2947,16.6790,16.6562,15.2336,0.0012,-1.0000
16.6654,1.0000,396.1393,1.4458,0.3010,16.6656,16.6525,15.4512,0.0011,-1.0000
16.6674,1.0000,396.1560,1.2293,0.3191,16.6666,16.6670,15.4127,0.0013,-1.0000
16.6671,1.0000,396.1726,1.1822,0.3055,16.6679,16.6543,15.4164,0.0011,-1.0000
16.6666,1.0000,396.1893,1.4215,0.3822,16.6653,16.6558,15.3794,0.0011,-1.0000
16.6678,1.0000,396.2060,1.2000,0.2642,16.6605,16.6661,15.4271,0.0012,-1.0000
16.6660,1.0000,396.2226,1.2529,0.3443,16.6762,16.6547,15.3011,0.0012,-1.0000
16.6668,1.0000,396.2393,1.2366,0.3275,16.6621,16.6553,15.4744,0.0009,-1.0000
16.6685,1.0000,396.2561,1.2752,0.3209,16.6643,16.6664,15.4304,0.0012,-1.0000
16.6657,1.0000,396.2727,1.2377,0.3778,16.6748,16.6494,14.9259,0.0013,-1.0000
16.6669,1.0000,396.2893,1.3520,0.3117,16.6642,16.6566,15.2316,0.0013,-1.0000
16.6676,1.0000,396.3061,1.1798,0.3380,16.6645,16.6621,15.4157,0.0013,-1.0000
16.6657,1.0000,396.3225,1.2349,0.3731,16.6776,16.6484,15.0779,0.0016,-1.0000
16.6664,1.0000,396.3393,1.7224,0.3420,16.6598,16.6543,15.5328,0.0009,-1.0000
16.6692,1.0000,396.3560,1.4235,0.2950,16.6665,16.6676,15.4497,0.0011,-1.0000
16.6648,1.0000,396.3727,1.2450,0.3131,16.6740,16.6464,15.1847,0.0012,-1.0000
16.6653,1.0000,396.3893,1.5688,0.3015,16.6587,16.6546,15.4546,0.0012,-1.0000
16.6689,1.0000,396.4060,1.1207,0.3382,16.6636,16.6645,15.5313,0.0011,-1.0000
16.6652,1.0000,396.4226,1.2168,0.3620,16.6785,16.6547,15.3141,0.0010,-1.0000
16.6676,1.0000,396.4394,1.4603,0.2932,16.6558,16.6571,15.4799,0.0010,-1.0000
16.6673,1.0000,396.4564,1.1986,0.2541,16.6640,16.6590,15.2627,0.0011,-1.0000
16.6643,1.0000,396.4726,1.1319,0.3554,16.6728,16.6499,14.6805,0.0012,-1.0000
16.6678,1.0000,396.4893,1.3394,0.2713,16.6649,16.6620,15.5309,0.0010,-1.0000
16.6688,1.0000,396.5061,1.1760,0.3396,16.6675,16.6660,15.4391,0.0010,-1.0000
16.6639,1.0000,396.5225,1.3950,0.5137,16.6676,16.6451,15.2509,0.0013,-1.0000
16.6678,1.0000,396.5393,1.9686,0.3231,16.6582,16.6638,15.4579,0.0010,-1.0000
16.6674,1.0000,396.5560,1.1298,0.3524,16.6697,16.6617,15.3781,0.0013,-1.0000
16.6659,1.0000,396.5726,1.2259,0.3478,16.6767,16.6485,15.4232,0.0011,-1.0000
16.6673,1.0000,396.5894,1.3929,0.3237,16.6546,16.6654,15.5076,0.0011,-1.0000
16.6675,1.0000,396.6060,1.2047,0.3448,16.6715,16.6567,15.1843,0.0012,-1.0000
16.6653,1.0000,396.6225,1.2821,0.3206,16.6713,16.6510,15.2838,0.0012,-1.0000
16.6688,1.0000,396.6394,1.2240,0.3263,16.6571,16.6669,15.6038,0.0010,-1.0000
16.6667,1.0000,396.6560,1.1567,0.3771,16.6755,16.6551,15.1865,0.0013,-1.0000
16.6656,1.0000,396.6726,1.4709,0.3157,16.6664,16.6548,15.3709,0.0010,-1.0000
16.6685,1.0000,396.6894,1.3662,0.3090,16.6603,16.6650,15.4121,0.0014,-1.0000
16.6647,1.0000,396.7060,1.0619,0.3683,16.6752,16.6477,15.2040,0.0011,-1.0000
16.6664,1.0000,396.7225,1.4669,0.2976,16.6641,16.6571,15.4941,0.0011,-1.0000
16.6683,1.0000,396.7393,1.2827,0.3009,16.6637,16.6644,15.5690,0.0012,-1.0000
16.6666,1.0000,396.7560,1.2513,0.2775,16.6756,16.6587,15.2781,0.0012,-1.0000
16.6659,1.0000,396.7726,1.4425,0.2953,16.6567,16.6540,15.4414,0.0011,-1.0000
16.6673,1.0000,396.7893,1.1619,0.3366,16.6646,16.6616,15.4189,0.0011,-1.0000
16.6660,1.0000,396.8060,1.0943,0.3577,16.6727,16.6536,15.4814,0.0010,-1.0000
16.6663,1.0000,396.8225,1.3791,0.2782,16.6677,16.6580,15.4936,0.0012,-1.0000
16.6694,1.0000,396.8394,1.2110,0.2766,16.6622,16.6652,15.5583,0.0010,-1.0000
16.6650,1.0000,396.8560,1.2412,0.3075,16.6714,16.6498,14.9966,0.0012,-1.0000
16.6655,1.0000,396.8726,1.1708,0.2902,16.6621,16.6559,15.4398,0.0012,-1.0000
16.6684,1.0000,396.8897,1.1633,0.2730,16.6664,16.6641,15.4616,0.0012,-1.0000
16.6663,1.0000,396.9060,1.1056,0.4384,16.6752,16.6549,14.8448,0.0010,-1.0000
16.6662,1.0000,396.9225,1.6519,0.3014,16.6599,16.6516,15.4418,0.0011,-1.0000
16.6680,1.0000,396.9394,1.2148,0.3016,16.6646,16.6635,15.5559,0.0012,-1.0000
16.6666,1.0000,396.9560,1.2017,0.3478,16.6744,16.6563,15.1063,0.0011,-1.0000
16.6664,1.0000,396.9726,1.8086,0.3052,16.6649,16.6582,15.4478,0.0013,-1.0000
16.6676,1.0000,396.9893,1.2083,0.2796,16.6598,16.6600,15.4823,0.0011,-1.0000
16.6657,1.0000,397.0060,1.1059,0.3642,16.6724,16.6547,15.3548,0.0010,-1.0000
16.6665,1.0000,397.0226,1.5487,0.2774,16.6652,16.6589,15.4718,0.0011,-1.0000
16.6674,1.0000,397.0393,1.2090,0.2878,16.6664,16.6596,15.5249,0.0010,-1.0000
16.6667,1.0000,397.0560,1.1768,0.7000,16.6694,16.6583,15.2731,0.0015,-1.0000
16.6664,1.0000,397.0726,1.2988,0.2841,16.6632,16.6585,15.3745,0.0012,-1.0000
16.6678,1.0000,397.0898,1.1860,0.3202,16.6670,16.6582,15.3761,0.0012,-1.0000
16.6662,1.0000,397.1060,1.1334,0.3000,16.6676,16.6565,14.9287,0.0011,-1.0000
16.6657,1.0000,397.1225,1.3836,0.3526,16.6673,16.6552,15.4045,0.0012,-1.0000
16.6682,1.0000,397.1393,1.2827,0.3874,16.6671,16.6629,15.6036,0.0012,-1.0000
16.6656,1.0000,397.1560,1.2807,0.4222,16.6671,16.6600,15.4076,0.0011,-1.0000
16.6663,1.0000,397.1727,1.7264,0.3279,16.6655,16.6564,15.4569,0.0010,-1.0000
16.6692,1.0000,397.1895,1.2494,0.3399,16.6633,16.6638,15.3966,0.0011,-1.0000
16.6630,1.0000,397.2060,1.0581,0.4655,16.6711,16.6437,15.0418,0.0014,-1.0000
16.6693,1.0000,397.2225,1.2509,0.3067,16.6692,16.6678,15.5066,0.0015,-1.0000
16.6688,1.0000,397.2394,1.1982,0.3317,16.6650,16.6690,15.5193,0.0012,-1.0000
16.6621,1.0000,397.2559,1.2658,0.2978,16.6730,16.6327,15.1022,0.0013,-1.0000
16.6690,1.0000,397.2727,1.6000,0.3038,16.6523,16.6697,15.4739,0.0012,-1.0000
16.6669,1.0000,397.2894,1.1598,0.3438,16.6763,16.6578,15.0724,0.0012,-1.0000
16.6654,1.0000,397.3063,1.1481,0.3656,16.6804,16.6500,14.8045,0.0014,-1.0000
16.6686,1.0000,397.3227,1.5288,0.3142,16.6410,16.6677,15.0171,0.0013,-1.0000
16.6668,1.0000,397.3394,1.1943,0.3589,16.6783,16.6535,15.0687,0.0013,-1.0000
16.6643,1.0000,397.3560,1.5843,0.3785,16.6685,16.6470,15.2739,0.0015,-1.0000
16.6678,1.0000,397.3727,1.8439,0.3474,16.6599,16.6639,15.3665,0.0010,-1.0000
16.6676,1.0000,397.3893,1.6489,0.3905,16.6777,16.6614,15.2265,0.0011,-1.0000
16.6665,1.0000,397.4060,1.5834,0.3704,16.6641,16.6558,15.3560,0.0011,-1.0000
16.6668,1.0000,397.4226,1.3717,0.3573,16.6554,16.6582,15.4141,0.0011,-1.0000
16.6668,1.0000,397.4394,1.2963,0.4419,16.6713,16.6593,15.3577,0.0011,-1.0000
16.6660,1.0000,397.4560,1.4334,0.3632,16.6693,16.6549,15.3148,0.0011,-1.0000
16.6659,1.0000,397.4727,1.2983,0.3077,16.6655,16.6569,15.3953,0.0011,-1.0000
16.6688,1.0000,397.4893,1.2428,0.3570,16.6667,16.6642,15.2755,0.0011,-1.0000
16.6656,1.0000,397.5060,1.3001,0.3705,16.6676,16.6532,15.4109,0.0011,-1.0000
16.6681,1.0000,397.5226,1.3387,0.2997,16.6639,16.6655,15.4220,0.0014,-1.0000
16.6662,1.0000,397.5393,1.2604,0.3166,16.6651,16.6539,15.3767,0.0014,-1.0000
16.6671,1.0000,397.5560,1.3876,0.3296,16.6722,16.6615,15.3495,0.0015,-1.0000
16.6666,1.0000,397.5727,1.2410,0.3371,16.6617,16.6549,15.3441,0.0014,-1.0000
16.6666,1.0000,397.5893,1.2422,0.3824,16.6739,16.6576,15.2142,0.0012,-1.0000
16.6660,1.0000,397.6060,1.2758,0.3551,16.6630,16.6536,15.4087,0.0012,-1.0000
16.6695,1.0000,397.6227,1.3101,0.3486,16.6708,16.6682,15.3392,0.0011,-1.0000
16.6648,1.0000,397.6394,1.3093,0.4127,16.6639,16.6524,15.0784,0.0015,-1.0000
16.6667,1.0000,397.6560,1.4424,0.3394,16.6662,16.6542,15.2592,0.0013,-1.0000
16.6680,1.0000,397.6730,1.2436,0.3669,16.6617,16.6623,15.2381,0.0011,-1.0000
16.6657,1.0000,397.6894,1.3279,0.4124,16.6775,16.6534,14.3522,0.0016,-1.0000
16.6661,1.0000,397.7060,1.5724,0.3667,16.6637,16.6501,15.2404,0.0015,-1.0000
16.6683,1.0000,397.7226,1.3936,0.3554,16.6641,16.6656,15.4374,0.0014,-1.0000
16.6655,1.0000,397.7393,1.4229,0.3308,16.6723,16.6523,15.2718,0.0011,-1.0000
16.6661,1.0000,397.7560,2.2995,0.3187,16.6637,16.6586,15.4185,0.0016,-1.0000
16.6677,1.0000,397.7727,1.4082,0.3304,16.6588,16.6615,15.4339,0.0011,-1.0000
16.6662,1.0000,397.7893,1.2265,0.3875,16.6744,16.6547,15.2480,0.0014,-1.0000
16.6665,1.0000,397.8060,1.3792,0.3618,16.6625,16.6572,15.3548,0.0014,-1.0000
16.6671,1.0000,397.8227,1.2382,0.3157,16.6665,16.6630,15.3790,0.0012,-1.0000
16.6654,1.0000,397.8393,1.2264,0.3718,16.6697,16.6516,15.0934,0.0014,-1.0000
16.6674,1.0000,397.8560,1.4057,0.3363,16.6636,16.6628,15.3823,0.0012,-1.0000
16.6686,1.0000,397.8728,1.3010,0.3239,16.6653,16.6644,15.4326,0.0012,-1.0000
16.6645,1.0000,397.8893,1.2830,0.3838,16.6711,16.6480,15.2074,0.0010,-1.0000
16.6697,1.0000,397.9060,1.5569,0.2908,16.6596,16.6654,15.4318,0.0012,-1.0000
16.6680,1.0000,397.9225,1.2792,0.3119,16.6702,16.6626,15.2897,0.0014,-1.0000
16.6632,1.0000,397.9393,1.2306,0.3543,16.6746,16.6453,15.5177,0.0015,-1.0000
16.6707,1.0000,397.9561,1.4395,0.2737,16.6561,16.6740,15.4667,0.0011,-1.0000
16.6662,1.0000,397.9726,1.2324,0.3537,16.6739,16.6473,15.0601,0.0011,-1.0000
16.6647,1.0000,397.9893,1.3715,0.2875,16.6714,16.6547,15.5015,0.0010,-1.0000
16.6691,1.0000,398.0061,1.1262,0.2710,16.6534,16.6700,15.5145,0.0011,-1.0000
16.6665,1.0000,398.0226,1.2063,0.2945,16.6855,16.6495,15.0043,0.0015,-1.0000
16.6654,1.0000,398.0394,1.5858,0.2984,16.6576,16.6518,15.4089,0.0011,-1.0000
16.6673,1.0000,398.0560,1.1522,0.2781,16.6630,16.6645,15.4032,0.0014,-1.0000
16.6671,1.0000,398.0727,1.1544,0.3449,16.6801,16.6560,15.2212,0.0012,-1.0000
16.6646,1.0000,398.0893,1.6437,0.2758,16.6594,16.6497,15.3643,0.0011,-1.0000
16.6690,1.0000,398.1060,1.2418,0.2780,16.6610,16.6676,15.5177,0.0010,-1.0000
16.6660,1.0000,398.1225,1.2597,0.3077,16.6739,16.6530,15.2262,0.0013,-1.0000
16.6663,1.0000,398.1393,1.4333,0.2861,16.6653,16.6561,15.4124,0.0011,-1.0000
16.6677,1.0000,398.1560,1.2842,0.2695,16.6575,16.6651,15.4923,0.0012,-1.0000
16.6667,1.0000,398.1727,1.1487,0.3718,16.6779,16.6544,15.3167,0.0011,-1.0000
16.6661,1.0000,398.1893,1.4256,0.3149,16.6616,16.6615,15.4327,0.0012,-1.0000
16.6803,1.0000,398.2061,1.2427,0.2746,16.6644,16.6709,15.3623,0.0013,-1.0000
16.6662,1.0000,398.2226,1.1714,0.2967,16.6735,16.6503,15.2702,0.0011,-1.0000
16.6671,1.0000,398.2393,1.3367,0.2873,16.6644,16.6560,15.5386,0.0011,-1.0000
16.6659,1.0000,398.2560,1.2275,0.2870,16.6700,16.6586,15.3687,0.0010,-1.0000
16.6672,1.0000,398.2727,1.3073,0.3117,16.6836,16.6595,15.3090,0.0012,-1.0000
16.6659,1.0000,398.2893,1.3786,0.2881,16.6593,16.6538,15.3956,0.0016,-1.0000
16.6688,1.0000,398.3061,1.1159,0.3074,16.6647,16.6639,15.4284,0.0011,-1.0000
16.6654,1.0000,398.3230,1.2884,0.3244,16.6669,16.6525,15.1827,0.0013,-1.0000
16.6672,1.0000,398.3394,1.3489,0.3039,16.6689,16.6594,15.0622,0.0013,-1.0000
16.6671,1.0000,398.3560,1.2567,0.2850,16.6625,16.6586,15.2982,0.0012,-1.0000
16.6663,1.0000,398.3727,1.2347,0.5337,16.6737,16.6551,15.1036,0.0013,-1.0000
16.6662,1.0000,398.3893,1.4684,0.4430,16.6619,16.6534,15.4096,0.0014,-1.0000
16.6684,1.0000,398.4062,1.5960,0.2972,16.6689,16.6943,15.5184,0.0010,-1.0000
16.6654,1.0000,398.4225,1.3594,0.4043,16.6681,16.6232,15.0238,0.0010,-1.0000
16.6667,1.0000,398.4394,1.5499,0.3440,16.6652,16.6571,15.4951,0.0011,-1.0000
16.6684,1.0000,398.4561,1.2422,0.3238,16.6615,16.6636,15.3141,0.0014,-1.0000
16.6658,1.0000,398.4727,1.1746,1.0286,16.7055,16.6516,14.9951,0.0011,-1.0000
16.6648,1.0000,398.4893,1.5981,0.3635,16.6327,16.6492,15.3203,0.0012,-1.0000
16.6691,1.0000,398.5060,1.1606,0.3176,16.6659,16.6679,15.5583,0.0008,-1.0000
16.6653,1.0000,398.5226,1.3481,0.4386,16.6738,16.6535,15.4233,0.0011,-1.0000
16.6663,1.0000,398.5393,1.6555,0.3374,16.6622,16.6587,15.4640,0.0011,-1.0000
16.6678,1.0000,398.5560,1.3274,0.3447,16.6568,16.6589,15.4760,0.0011,-1.0000
16.6671,1.0000,398.5727,1.1090,0.2229,16.6756,16.6576,15.4193,0.0010,-1.0000
16.6649,1.0000,398.5893,1.2292,0.3288,16.6631,16.6525,15.4397,0.0012,-1.0000
16.6681,1.0000,398.6060,1.1937,0.2868,16.6682,16.6662,15.5181,0.0011,-1.0000
16.6667,1.0000,398.6226,1.1817,0.3406,16.6675,16.6556,15.2323,0.0012,-1.0000
16.6673,1.0000,398.6393,1.2371,0.3041,16.6663,16.6609,15.5601,0.0012,-1.0000
16.6669,1.0000,398.6560,1.2115,0.2764,16.6601,16.6550,15.3740,0.0011,-1.0000
16.6668,1.0000,398.6727,1.1471,0.3346,16.6745,16.6602,15.3408,0.0011,-1.0000
16.6661,1.0000,398.6893,1.4221,0.2815,16.6643,16.6547,15.3378,0.0011,-1.0000
16.7054,1.0000,398.7062,1.0995,0.2932,16.6700,16.6958,15.3611,0.0012,-1.0000
16.6279,1.0000,398.7225,1.2797,0.2856,16.6644,16.6181,15.0829,0.0014,-1.0000
16.6672,1.0000,398.7393,1.3185,0.3528,16.6703,16.6614,15.5686,0.0012,-1.0000
16.6672,1.0000,398.7560,1.3158,0.2808,16.6644,16.6579,15.3650,0.0016,-1.0000
16.6666,1.0000,398.7727,1.3333,0.3027,16.7047,16.6561,15.3787,0.0012,-1.0000
16.6669,1.0000,398.7893,1.5338,0.2834,16.6265,16.6619,15.4216,0.0011,-1.0000
16.6668,1.0000,398.8061,1.0915,0.3603,16.6696,16.6548,15.4293,0.0014,-1.0000
16.6662,1.0000,398.8226,1.2913,0.3419,16.6675,16.6545,15.2026,0.0012,-1.0000
16.6654,1.0000,398.8393,1.2762,0.3195,16.6654,16.6550,15.5164,0.0010,-1.0000
16.8386,1.0000,398.8563,1.2392,0.2614,16.6709,16.8370,15.6037,0.0012,-1.0000
16.6654,1.0000,398.8728,1.2240,0.3893,16.6644,16.6501,15.0818,0.0014,-1.0000
16.6685,1.0000,398.8895,1.4504,0.2747,16.6635,16.6666,15.4864,0.0013,-1.0000
16.6658,1.0000,398.9062,1.1374,0.3498,16.6628,16.6518,15.4288,0.0012,-1.0000
16.6659,1.0000,398.9227,1.2318,0.3332,16.8462,16.6538,15.1835,0.0011,-1.0000
16.6685,1.0000,398.9395,1.5672,0.2951,16.6590,16.6671,15.5822,0.0013,-1.0000
16.6665,1.0000,398.9565,1.1788,0.2835,16.6758,16.6549,15.1118,0.0013,-1.0000
16.6657,1.0000,398.9728,1.2217,0.3743,16.6608,16.6488,15.1142,0.0016,-1.0000
16.6671,1.0000,398.9895,1.4690,0.2596,16.6620,16.6638,15.5292,0.0013,-1.0000
16.6675,1.0000,399.0061,1.0835,0.3467,16.6761,16.6583,15.2293,0.0011,-1.0000
16.6651,1.0000,399.0227,1.5417,0.4210,16.6667,16.6503,15.4939,0.0011,-1.0000
16.6666,1.0000,399.0395,1.5329,0.3322,16.6579,16.6620,15.5519,0.0011,-1.0000
16.6683,1.0000,399.0562,1.1334,0.3633,16.6736,16.6628,15.3242,0.0012,-1.0000
16.6659,1.0000,399.0728,1.4276,0.3223,16.6663,16.6554,15.4416,0.0011,-1.0000
16.6678,1.0000,399.0895,1.1553,0.3274,16.6588,16.6613,15.5013,0.0011,-1.0000
16.6673,1.0000,399.1062,1.1089,0.3596,16.6692,16.6616,15.2989,0.0012,-1.0000
16.6658,1.0000,399.1227,1.3372,0.3375,16.6719,16.6511,15.3786,0.0012,-1.0000
16.6676,1.0000,399.1396,1.2127,0.3189,16.6638,16.6637,15.5319,0.0012,-1.0000
16.6655,1.0000,399.1561,1.1587,0.3406,16.6696,16.6523,15.0071,0.0012,-1.0000
16.6671,1.0000,399.1729,1.3613,0.3302,16.6696,16.6593,15.4294,0.0013,-1.0000
16.6681,1.0000,399.1895,1.2715,0.3041,16.6597,16.6599,15.3686,0.0011,-1.0000
16.6661,1.0000,399.2061,1.1306,0.3374,16.6740,16.6576,15.2749,0.0014,-1.0000
16.6657,1.0000,399.2227,1.6438,0.3029,16.6617,16.6511,15.4471,0.0011,-1.0000
16.6681,1.0000,399.2395,1.2284,0.2884,16.6679,16.6642,15.6327,0.0012,-1.0000
16.6653,1.0000,399.2561,1.2900,0.2733,16.6700,16.6520,15.2905,0.0014,-1.0000
16.6658,1.0000,399.2729,1.3815,0.2947,16.6670,16.6560,15.5047,0.0011,-1.0000
16.6692,1.0000,399.2895,1.2029,0.2806,16.6596,16.6664,15.1791,0.0012,-1.0000
16.6653,1.0000,399.3061,1.0302,0.3929,16.6736,16.6508,15.3888,0.0011,-1.0000
16.6667,1.0000,399.3227,1.3602,0.2888,16.6621,16.6568,15.5319,0.0012,-1.0000
16.6684,1.0000,399.3396,1.1500,0.3681,16.6641,16.6640,15.5757,0.0012,-1.0000
16.6642,1.0000,399.3561,1.4859,0.3719,16.6755,16.6524,14.7151,0.0012,-1.0000
16.6666,1.0000,399.3728,1.2605,0.2840,16.6596,16.6607,15.4248,0.0014,-1.0000
16.6703,1.0000,399.3895,1.1235,0.2983,16.6641,16.6692,15.5291,0.0010,-1.0000
16.6636,1.0000,399.4062,1.0870,0.3720,16.6723,16.6457,15.4384,0.0012,-1.0000
16.6662,1.0000,399.4227,1.9361,0.2900,16.6602,16.6556,15.5006,0.0012,-1.0000
16.6691,1.0000,399.4395,1.2342,0.2711,16.6684,16.6691,15.6085,0.0013,-1.0000
16.6645,1.0000,399.4561,1.1390,0.3165,16.6795,16.6482,15.3877,0.0014,-1.0000
16.6685,1.0000,399.4729,1.2059,0.2778,16.6545,16.6697,15.5969,0.0013,-1.0000
16.6671,1.0000,399.4895,1.1539,0.2795,16.6625,16.6526,15.2954,0.0014,-1.0000
16.6666,1.0000,399.5061,1.0591,0.2810,16.6776,16.6571,15.4690,0.0012,-1.0000
16.6678,1.0000,399.5228,1.2589,0.2750,16.6556,16.6639,15.3701,0.0010,-1.0000
16.6666,1.0000,399.5395,1.0720,0.2741,16.6797,16.6549,15.3246,0.0012,-1.0000
16.6662,1.0000,399.5561,1.3557,0.2617,16.6615,16.6533,15.4307,0.0013,-1.0000
16.6671,1.0000,399.5728,1.1865,0.3133,16.6653,16.6633,15.4885,0.0011,-1.0000
16.6664,1.0000,399.5895,1.2927,0.3047,16.6753,16.6526,15.4151,0.0011,-1.0000
16.6651,1.0000,399.6061,1.3287,0.2724,16.6633,16.6526,15.4450,0.0010,-1.0000
16.6689,1.0000,399.6228,1.2210,0.3291,16.6620,16.6732,15.4636,0.0010,-1.0000
16.6654,1.0000,399.6394,1.1734,0.3282,16.6730,16.6477,15.3586,0.0012,-1.0000
16.6670,1.0000,399.6562,1.2363,0.3060,16.6617,16.6584,15.5100,0.0012,-1.0000
16.6676,1.0000,399.6728,1.2064,0.3781,16.6605,16.6625,15.5048,0.0014,-1.0000
16.6669,1.0000,399.6895,1.2084,0.7011,16.6828,16.6554,15.3812,0.0012,-1.0000
16.6645,1.0000,399.7061,1.2877,0.2774,16.6569,16.6514,15.4460,0.0012,-1.0000
16.6693,1.0000,399.7227,1.1469,0.3208,16.6669,16.6690,15.5795,0.0012,-1.0000
16.6656,1.0000,399.7395,1.1563,0.3417,16.6705,16.6513,15.4016,0.0012,-1.0000
16.6665,1.0000,399.7561,1.2731,0.2748,16.6638,16.6564,15.4933,0.0010,-1.0000
16.6693,1.0000,399.7730,1.2043,0.3106,16.6599,16.6726,15.5305,0.0011,-1.0000
16.6657,1.0000,399.7896,1.0883,0.3315,16.6789,16.6466,15.1620,0.0012,-1.0000
16.6651,1.0000,399.8064,1.2482,0.3615,16.6601,16.6455,15.3709,0.0012,-1.0000
16.6674,1.0000,399.8227,1.1619,0.3055,16.6645,16.6646,15.1649,0.0015,-1.0000
16.6669,1.0000,399.8394,1.1409,0.3248,16.6853,16.6553,15.5064,0.0011,-1.0000
16.6658,1.0000,399.8561,1.4831,0.2844,16.6602,16.6532,15.5218,0.0011,-1.0000
16.6677,1.0000,399.8728,1.2734,0.3717,16.6553,16.6645,15.4996,0.0011,-1.0000
16.6680,1.0000,399.8895,1.4982,0.3601,16.6737,16.6591,15.3524,0.0010,-1.0000
16.6641,1.0000,399.9061,1.1473,0.3548,16.6641,16.6510,15.4333,0.0012,-1.0000
16.6664,1.0000,399.9227,1.1302,0.4099,16.6617,16.6572,15.5305,0.0012,-1.0000
16.6694,1.0000,399.9396,1.1636,0.3759,16.6721,16.6678,15.5420,0.0013,-1.0000
16.6653,1.0000,399.9562,1.3056,0.3217,16.6683,16.6528,15.2143,0.0010,-1.0000
16.6682,1.0000,399.9729,1.2166,0.3074,16.6596,16.6634,15.4274,0.0012,-1.0000
16.6667,1.0000,399.9895,1.1252,0.4298,16.6650,16.6568,15.1368,0.0012,-1.0000
16.6671,1.0000,400.0062,1.1242,0.4568,16.6775,16.6520,15.3347,0.0013,-1.0000
16.6670,1.0000,400.0228,1.4374,0.3150,16.6622,16.6579,15.4120,0.0011,-1.0000
16.6670,1.0000,400.0396,1.2348,0.3802,16.6734,16.6574,15.4211,0.0010,-1.0000
16.6651,1.0000,400.0562,1.5185,0.3265,16.6670,16.6471,15.2266,0.0012,-1.0000
16.6672,1.0000,400.0728,1.3161,0.3066,16.6625,16.6586,15.4092,0.0010,-1.0000
16.6690,1.0000,400.0896,1.2445,0.3051,16.6689,16.6693,15.4004,0.0012,-1.0000
16.6646,1.0000,400.1062,1.2353,0.3536,16.6699,16.6439,15.0181,0.0013,-1.0000
16.6659,1.0000,400.1227,1.4192,0.3207,16.6593,16.6535,15.3795,0.0012,-1.0000
16.6686,1.0000,400.1396,1.2485,0.3341,16.6680,16.6667,15.5399,0.0012,-1.0000
16.6658,1.0000,400.1562,1.2670,0.6600,16.6809,16.6494,14.8258,0.0016,-1.0000
16.6649,1.0000,400.1728,1.6245,0.2771,16.6551,16.6488,15.3626,0.0012,-1.0000
16.6689,1.0000,400.1896,1.2730,0.2923,16.6620,16.6670,15.4873,0.0012,-1.0000
16.6665,1.0000,400.2061,1.1256,0.3326,16.6775,16.6522,15.3258,0.0011,-1.0000
16.6659,1.0000,400.2227,1.8218,0.3185,16.6618,16.6610,15.4698,0.0011,-1.0000
16.6686,1.0000,400.2396,1.2850,0.2784,16.6566,16.6591,15.5753,0.0011,-1.0000
16.6658,1.0000,400.2562,1.1781,0.3151,16.6767,16.6508,15.0463,0.0012,-1.0000
16.6646,1.0000,400.2728,1.3254,0.2989,16.6620,16.6560,15.3641,0.0014,-1.0000
16.6697,1.0000,400.2896,1.1899,0.3232,16.6692,16.6709,15.3791,0.0009,-1.0000
16.6655,1.0000,400.3062,1.0823,0.4279,16.6697,16.6452,14.3713,0.0014,-1.0000
16.6669,1.0000,400.3228,1.6029,0.2802,16.6609,16.6591,15.4179,0.0012,-1.0000
16.6684,1.0000,400.3396,1.2902,0.3431,16.6641,16.6638,15.4182,0.0012,-1.0000
16.6657,1.0000,400.3562,1.2909,0.4373,16.6811,16.6483,14.5010,0.0013,-1.0000
16.6646,1.0000,400.3728,2.2725,0.2797,16.6554,16.6467,15.3676,0.0011,-1.0000
16.6692,1.0000,400.3895,1.2398,0.3426,16.6702,16.6968,15.5831,0.0011,-1.0000
16.6657,1.0000,400.4061,1.2441,0.3232,16.6759,16.6233,15.3745,0.0013,-1.0000
16.6669,1.0000,400.4230,2.1458,0.2935,16.6590,16.6591,15.5169,0.0012,-1.0000
16.6687,1.0000,400.4395,1.2778,0.2848,16.6560,16.6628,15.1545,0.0012,-1.0000
16.6642,1.0000,400.4561,1.1123,0.3190,16.7055,16.6507,15.2792,0.0011,-1.0000
16.6678,1.0000,400.4728,1.2476,0.2896,16.6335,16.6579,15.3903,0.0010,-1.0000
16.6666,1.0000,400.4895,1.1408,0.4773,16.6671,16.6576,15.5220,0.0009,-1.0000
16.6660,1.0000,400.5061,1.5067,0.3316,16.6731,16.6529,15.4738,0.0011,-1.0000
16.6668,1.0000,400.5228,1.3702,0.3558,16.6632,16.6601,15.4847,0.0011,-1.0000
16.6686,1.0000,400.5396,1.2662,0.3364,16.6669,16.6565,15.2994,0.0010,-1.0000
16.6631,1.0000,400.5561,1.1344,0.3683,16.6671,16.6488,15.1081,0.0014,-1.0000
16.6677,1.0000,400.5728,1.1780,0.3245,16.6626,16.6642,15.5756,0.0011,-1.0000
16.6691,1.0000,400.5896,1.1739,0.3222,16.6700,16.7359,15.3688,0.0010,-1.0000
16.6659,1.0000,400.6062,1.3561,0.4242,16.6665,16.5832,15.3121,0.0011,-1.0000
16.6645,1.0000,400.6227,1.5395,0.2990,16.6561,16.6507,15.3802,0.0013,-1.0000
16.6693,1.0000,400.6396,1.0871,0.3168,16.6721,16.6684,15.6156,0.0010,-1.0000
16.6671,1.0000,400.6562,1.3661,0.3620,16.7445,16.6595,15.2586,0.0010,-1.0000
16.6656,1.0000,400.6728,1.2699,0.2817,16.5925,16.6543,15.3242,0.0015,-1.0000
16.6672,1.0000,400.6897,1.2689,0.3324,16.6584,16.6791,15.3975,0.0012,-1.0000
16.6664,1.0000,400.7061,1.0516,0.4550,16.6760,16.6367,15.1808,0.0014,-1.0000
16.6661,1.0000,400.7227,1.3996,0.3198,16.6689,16.6536,15.4586,0.0013,-1.0000
16.6680,1.0000,400.7395,1.3286,0.3577,16.6636,16.6627,15.6446,0.0010,-1.0000
16.6664,1.0000,400.7562,1.2804,0.3192,16.6881,16.6579,15.2649,0.0009,-1.0000
16.6662,1.0000,400.7728,1.4544,0.3230,16.6461,16.6567,15.4158,0.0013,-1.0000
16.6681,1.0000,400.7895,1.1937,0.2975,16.6620,16.6609,15.3296,0.0014,-1.0000
16.6659,1.0000,400.8061,1.0169,0.3386,16.6716,16.6531,15.3342,0.0011,-1.0000
16.6663,1.0000,400.8227,1.3919,0.3038,16.6669,16.6578,15.5383,0.0011,-1.0000
16.6693,1.0000,400.8395,1.2395,0.3895,16.6654,16.6654,15.6342,0.0009,-1.0000
16.6634,1.0000,400.8561,1.3300,0.3350,16.6708,16.6442,15.1935,0.0014,-1.0000
16.6685,1.0000,400.8728,1.3176,0.3108,16.6622,16.6671,15.4810,0.0011,-1.0000
16.6686,1.0000,400.8898,1.1182,0.3136,16.6659,16.6660,15.4946,0.0010,-1.0000
16.6637,1.0000,400.9061,1.0299,0.3405,16.6752,16.6426,15.0804,0.0016,-1.0000
16.6678,1.0000,400.9227,1.4495,0.3055,16.6529,16.6648,15.5315,0.0014,-1.0000
16.6676,1.0000,400.9396,1.1852,0.3358,16.6751,16.6609,15.5824,0.0011,-1.0000
16.6630,1.0000,400.9561,1.1704,0.3584,16.6769,16.6400,15.3180,0.0013,-1.0000
16.7313,1.0000,400.9735,1.5607,0.3571,16.6517,16.7373,15.6439,0.0011,-1.0000
16.6647,1.0000,400.9895,1.1317,0.3034,16.6730,16.2039,14.7318,0.0012,-1.0000
16.6655,1.0000,401.0062,1.0771,0.3086,16.6734,16.6539,15.5100,0.0011,-1.0000
16.6698,1.0000,401.0229,1.3207,0.2831,16.6495,16.6740,15.4802,0.0011,-1.0000
16.6651,1.0000,401.0396,1.0920,0.3329,16.7491,16.6440,15.2166,0.0013,-1.0000
16.6659,1.0000,401.0562,1.4704,0.3095,16.6534,16.6519,15.5003,0.0011,-1.0000
16.6659,1.0000,401.0729,1.1426,0.3505,16.6620,16.6592,15.4823,0.0014,-1.0000
16.6729,1.0000,401.0897,1.1926,0.2818,16.6848,16.6725,15.3851,0.0012,-1.0000
16.6610,1.0000,401.1062,1.4260,0.2692,16.6550,16.6376,15.1569,0.0015,-1.0000
16.6681,1.0000,401.1228,1.1504,0.2704,16.6611,16.6671,15.4339,0.0012,-1.0000
16.6674,1.0000,401.1395,1.1755,0.8996,16.6664,16.6579,15.3431,0.0012,-1.0000
16.6642,1.0000,401.1562,1.2856,0.3205,16.6836,16.6477,15.5177,0.0012,-1.0000
16.6681,1.0000,401.1729,1.4794,0.2724,16.6469,16.6670,15.4906,0.0011,-1.0000
16.6676,1.0000,401.1896,1.2321,0.3846,16.6757,16.6584,15.4471,0.0012,-1.0000
16.6673,1.0000,401.2062,1.3135,0.2945,16.6674,16.6599,15.2897,0.0012,-1.0000
16.6658,1.0000,401.2227,1.1289,0.2915,16.6566,16.6527,15.4096,0.0012,-1.0000
16.6668,1.0000,401.2397,1.1751,0.3128,16.6743,16.6645,15.6303,0.0011,-1.0000
16.6669,1.0000,401.2563,1.2099,0.3354,16.6663,16.6534,14.9262,0.0018,-1.0000
16.6664,1.0000,401.2729,1.3688,0.3313,16.6703,16.6532,15.2628,0.0014,-1.0000
16.6676,1.0000,401.2896,1.2419,0.2815,16.6619,16.6608,15.4304,0.0011,-1.0000
16.6662,1.0000,401.3062,1.0329,0.4709,16.6734,16.6514,15.3466,0.0012,-1.0000
16.6672,1.0000,401.3228,1.7257,0.3193,16.6657,16.6611,15.5057,0.0010,-1.0000
16.6701,1.0000,401.3396,1.3887,0.3272,16.6626,16.6666,15.5785,0.0011,-1.0000
16.6631,1.0000,401.3562,1.2291,0.2934,16.6709,16.6419,15.3584,0.0012,-1.0000
16.6669,1.0000,401.3729,1.3039,0.2635,16.6609,16.6613,15.4374,0.0013,-1.0000
16.6664,1.0000,401.3895,1.1539,0.2929,16.6697,16.6531,15.4554,0.0012,-1.0000
16.6671,1.0000,401.4062,1.0868,0.3449,16.6780,16.6585,15.3497,0.0015,-1.0000
16.6664,1.0000,401.4228,1.2819,0.2707,16.6538,16.6567,15.5387,0.0013,-1.0000
16.6672,1.0000,401.4396,1.2226,0.3135,16.6712,16.6610,15.6087,0.0009,-1.0000
16.6666,1.0000,401.4562,1.1964,0.3431,16.6622,16.6534,15.0920,0.0011,-1.0000
16.6656,1.0000,401.4728,1.3074,0.3088,16.6673,16.6572,15.4846,0.0017,-1.0000
16.6675,1.0000,401.4897,1.1167,0.2541,16.6653,16.6685,15.5138,0.0012,-1.0000
16.6666,1.0000,401.5062,1.0514,0.3366,16.6710,16.6456,14.9978,0.0014,-1.0000
16.6663,1.0000,401.5228,1.5602,0.3163,16.6623,16.7204,15.4502,0.0015,-1.0000
16.6681,1.0000,401.5398,1.1707,0.2737,16.6655,16.7108,15.4903,0.0013,-1.0000
16.6654,1.0000,401.5562,1.1536,0.3372,16.6804,16.6041,14.7403,0.0012,-1.0000
16.6670,1.0000,401.5730,1.6463,0.3123,16.6557,16.6712,15.4686,0.0012,-1.0000
16.6679,1.0000,401.5897,1.2686,0.2580,16.7302,16.6902,15.2757,0.0013,-1.0000
16.6659,1.0000,401.6063,1.2193,0.4517,16.7225,16.6144,14.9555,0.0012,-1.0000
16.6677,1.0000,401.6229,1.8632,0.2821,16.6159,16.6534,15.4013,0.0013,-1.0000
16.6665,1.0000,401.6396,1.2012,0.3101,16.6810,16.6984,15.3839,0.0012,-1.0000
16.6675,1.0000,401.6562,1.4136,0.3108,16.6998,16.5671,15.0856,0.0012,-1.0000
16.6641,1.0000,401.6729,1.6575,0.2823,16.6250,16.6474,15.4424,0.0010,-1.0000
16.6685,1.0000,401.6896,1.2507,0.3561,16.6653,16.6658,15.4749,0.0014,-1.0000
16.6671,1.0000,401.7062,1.3131,0.3491,16.7088,16.6664,15.3639,0.0013,-1.0000
16.6659,1.0000,401.7228,1.4805,0.3082,16.5775,16.6454,15.3375,0.0012,-1.0000
16.6675,1.0000,401.7396,1.2040,0.2501,16.6561,16.6867,15.4736,0.0010,-1.0000
16.6816,1.0000,401.7563,1.1895,0.3863,16.6750,16.6997,15.4339,0.0012,-1.0000
16.6655,1.0000,401.7729,1.3009,0.2836,16.6774,16.5891,15.1751,0.0012,-1.0000
16.6658,1.0000,401.7896,1.3068,0.3309,16.6558,16.6580,15.4285,0.0012,-1.0000
16.6684,1.0000,401.8063,1.2125,0.2678,16.6978,16.6775,15.4696,0.0011,-1.0000
16.6651,1.0000,401.8228,1.2643,0.3060,16.7097,16.6341,15.0628,0.0014,-1.0000
16.6670,1.0000,401.8395,1.4130,0.2682,16.5992,16.6592,15.6651,0.0010,-1.0000
16.6691,1.0000,401.8563,1.2283,0.2917,16.6667,16.6749,15.5249,0.0013,-1.0000
16.6653,1.0000,401.8729,1.2068,0.3126,16.6876,16.6493,15.2407,0.0011,-1.0000
16.6655,1.0000,401.8895,1.5699,0.2568,16.6428,16.6475,15.4281,0.0012,-1.0000
16.6688,1.0000,401.9062,0.9927,0.2588,16.6667,16.6767,15.5349,0.0010,-1.0000
16.6652,1.0000,401.9229,1.1487,0.4175,16.6842,16.6513,15.4488,0.0013,-1.0000
16.6667,1.0000,401.9396,1.4072,0.2738,16.6592,16.6582,15.4638,0.0010,-1.0000
16.6681,1.0000,401.9563,1.2181,0.2408,16.6555,16.6555,15.4499,0.0013,-1.0000
16.6659,1.0000,401.9729,1.1407,0.2841,16.6846,16.6613,15.3285,0.0011,-1.0000
16.6658,1.0000,401.9896,1.2013,0.3317,16.6617,16.6518,15.4246,0.0011,-1.0000
16.6679,1.0000,402.0063,1.1933,0.2647,16.6674,16.6570,15.4973,0.0012,-1.0000
16.6670,1.0000,402.0228,1.2041,0.3463,16.6645,16.6604,15.3793,0.0012,-1.0000
16.6663,1.0000,402.0396,1.3318,0.3012,16.6704,16.7128,15.4265,0.0011,-1.0000
16.6675,1.0000,402.0565,1.2259,0.2581,16.6610,16.7638,15.3404,0.0011,-1.0000
16.6669,1.0000,402.0729,1.1588,0.4903,16.6666,16.4939,14.7507,0.0013,-1.0000
16.6661,1.0000,402.0896,1.2801,0.3427,16.6697,16.7160,15.4972,0.0011,-1.0000
16.6670,1.0000,402.1063,1.2853,0.3799,16.7228,16.6042,15.2787,0.0010,-1.0000
16.6666,1.0000,402.1228,1.4222,0.3318,16.7740,16.6524,15.3043,0.0012,-1.0000
16.6669,1.0000,402.1396,1.7419,0.2928,16.5028,16.7126,15.6007,0.0013,-1.0000
16.6670,1.0000,402.1565,1.2177,0.3001,16.7245,16.6095,15.4252,0.0013,-1.0000
16.6660,1.0000,402.1729,1.3245,0.2721,16.6133,16.6491,15.1153,0.0013,-1.0000
16.6895,1.0000,402.1896,1.3468,0.2551,16.6609,16.7038,15.5605,0.0009,-1.0000
16.6668,1.0000,402.2063,1.1107,0.3070,16.7220,16.6808,15.2651,0.0013,-1.0000
16.6976,1.0000,402.2231,1.1829,0.4012,16.6207,16.7944,15.4236,0.0010,-1.0000
16.6645,1.0000,402.2396,1.5326,0.2586,16.6592,16.5329,15.1615,0.0016,-1.0000
16.6703,1.0000,402.2566,1.1423,0.3164,16.7131,16.7507,15.4800,0.0013,-1.0000
16.6649,1.0000,402.2732,1.4143,0.2572,16.6893,16.6390,14.9829,0.0014,-1.0000
16.6659,1.0000,402.2897,1.3696,0.2944,16.8063,16.5717,14.9601,0.0010,-1.0000
16.6644,1.0000,402.3062,1.3696,0.2675,16.5435,16.6407,15.4390,0.0014,-1.0000
16.6693,1.0000,402.3231,1.2697,0.2437,16.7634,16.8110,15.6289,0.0008,-1.0000
16.6662,1.0000,402.3397,1.6551,0.3331,16.6550,16.5489,15.2468,0.0014,-1.0000
16.6665,1.0000,402.3564,1.6104,0.3287,16.5813,16.6572,15.4597,0.0012,-1.0000
16.6684,1.0000,402.3731,1.2002,0.2806,16.6480,16.7047,15.4147,0.0016,-1.0000
16.6659,1.0000,402.3897,1.1811,0.3519,16.8180,16.5509,15.1930,0.0015,-1.0000
16.6657,1.0000,402.4063,1.3004,0.2764,16.5587,16.6999,15.3667,0.0014,-1.0000
16.6685,1.0000,402.4230,1.1963,0.2460,16.6741,16.7009,15.5161,0.0010,-1.0000
16.6652,1.0000,402.4397,1.2886,0.3073,16.7143,16.6153,15.0765,0.0014,-1.0000
16.6667,1.0000,402.4563,1.3564,0.3255,16.5610,16.6469,15.5024,0.0012,-1.0000
16.6683,1.0000,402.4730,1.3313,0.2624,16.7078,16.6763,15.5277,0.0009,-1.0000
16.6669,1.0000,402.4897,1.1837,0.3181,16.7092,16.6619,15.2591,0.0013,-1.0000
16.6656,1.0000,402.5063,1.5375,0.2872,16.6246,16.6719,15.3023,0.0013,-1.0000
16.6681,1.0000,402.5229,1.1430,0.2649,16.6550,16.6397,15.3981,0.0010,-1.0000
16.6671,1.0000,402.5397,1.1479,0.2624,16.6850,16.6518,15.4184,0.0014,-1.0000
16.6663,1.0000,402.5564,1.4013,0.3163,16.6714,16.7515,15.4379,0.0012,-1.0000
16.6672,1.0000,402.5735,1.3683,0.2917,16.6805,16.5443,15.2405,0.0012,-1.0000
16.6661,1.0000,402.5896,1.2408,0.2797,16.6487,16.6716,14.2180,0.0019,-1.0000
16.6676,1.0000,402.6063,1.2320,0.3071,16.6628,16.6544,15.4953,0.0010,-1.0000
16.6665,1.0000,402.6228,1.3120,0.2987,16.7606,16.6203,15.3106,0.0012,-1.0000
16.7385,1.0000,402.6397,1.3026,0.2801,16.5537,16.7398,15.4564,0.0009,-1.0000
16.6671,1.0000,402.6563,2.4517,0.3013,16.6808,16.6458,14.9818,0.0011,-1.0000
16.6661,1.0000,402.6730,1.1580,0.2652,16.6632,16.6845,15.4593,0.0010,-1.0000
16.6660,1.0000,402.6896,1.3080,0.3683,16.6295,16.6179,15.5201,0.0013,-1.0000
16.6669,1.0000,402.7063,1.2824,0.2941,16.7507,16.6565,15.4160,0.0011,-1.0000
16.6661,1.0000,402.7229,1.6623,0.2896,16.6582,16.6874,15.4882,0.0010,-1.0000
16.6679,1.0000,402.7397,1.2242,0.2873,16.6948,16.7086,15.6494,0.0007,-1.0000
16.6665,1.0000,402.7563,1.0965,0.3397,16.6266,16.6318,15.4184,0.0012,-1.0000
16.6663,1.0000,402.7730,1.2393,0.2735,16.6650,16.6537,15.4788,0.0011,-1.0000
16.6675,1.0000,402.7898,1.1978,0.2521,16.6951,16.6888,15.5007,0.0009,-1.0000
16.6663,1.0000,402.8064,1.0583,0.3344,16.7170,16.6632,15.3688,0.0012,-1.0000
16.6664,1.0000,402.8229,1.2119,0.3021,16.6406,16.6089,15.4584,0.0012,-1.0000
16.6682,1.0000,402.8398,1.1736,0.3122,16.6632,16.6961,15.6481,0.0010,-1.0000
16.6654,1.0000,402.8567,1.1871,0.2767,16.6973,16.6807,15.0437,0.0011,-1.0000
16.6664,1.0000,402.8730,1.2930,0.2642,16.6721,16.5608,14.9445,0.0011,-1.0000
16.6672,1.0000,402.8897,1.1493,0.2669,16.6182,16.6584,15.4466,0.0010,-1.0000
16.6669,1.0000,402.9064,1.0468,0.3095,16.7059,16.6563,15.4238,0.0012,-1.0000
16.6657,1.0000,402.9229,1.6357,0.3205,16.6915,16.6612,15.4411,0.0014,-1.0000
16.6689,1.0000,402.9398,1.6149,0.3208,16.5695,16.6650,15.5898,0.0011,-1.0000
16.6659,1.0000,402.9564,1.2109,0.3169,16.6677,16.6435,15.0972,0.0010,-1.0000
16.6664,1.0000,402.9731,1.2311,0.2684,16.6650,16.7163,15.4808,0.0011,-1.0000
16.6669,1.0000,402.9897,1.2187,0.2634,16.6706,16.6007,15.3385,0.0011,-1.0000
16.6669,1.0000,403.0064,1.0740,0.2852,16.6753,16.6602,15.3537,0.0010,-1.0000
16.6630,1.0000,403.0229,1.5454,0.2945,16.6532,16.6440,15.4345,0.0014,-1.0000
16.6709,1.0000,403.0398,1.2345,0.3203,16.7246,16.6917,15.6127,0.0010,-1.0000
16.6660,1.0000,403.0564,1.2610,0.3220,16.6091,16.6334,15.1673,0.0013,-1.0000
16.6663,1.0000,403.0731,1.3055,0.2750,16.6690,16.6669,15.4713,0.0012,-1.0000
16.6671,1.0000,403.0897,1.2080,0.3087,16.6518,16.6570,15.4111,0.0013,-1.0000
16.6662,1.0000,403.1064,1.0780,0.3390,16.7004,16.6525,15.4603,0.0011,-1.0000
16.6674,1.0000,403.1230,1.4646,0.3053,16.6430,16.6625,15.3317,0.0014,-1.0000
16.6666,1.0000,403.1397,1.1944,0.3373,16.6764,16.6559,15.2708,0.0012,-1.0000
16.6658,1.0000,403.1563,1.2444,0.2941,16.6658,16.6527,15.5411,0.0009,-1.0000
16.6680,1.0000,403.1731,1.1912,0.3057,16.6615,16.6755,15.5465,0.0011,-1.0000
16.6671,1.0000,403.1898,1.3293,0.2983,16.6723,16.6541,15.3143,0.0016,-1.0000
16.6652,1.0000,403.2063,1.3838,0.2667,16.6647,16.6422,15.3502,0.0015,-1.0000
16.6665,1.0000,403.2229,1.1105,0.2986,16.6603,16.6657,15.5059,0.0012,-1.0000
16.6685,1.0000,403.2397,1.1277,0.3608,16.6848,16.6626,15.5951,0.0008,-1.0000
16.6636,1.0000,403.2564,1.3381,0.3332,16.6631,16.6950,15.4922,0.0011,-1.0000
16.6705,1.0000,403.2733,1.2904,0.2988,16.6509,16.6239,15.5036,0.0010,-1.0000
16.6661,1.0000,403.2897,1.1586,0.2572,16.6740,16.6553,14.9303,0.0011,-1.0000
16.6645,1.0000,403.3064,1.0667,0.2733,16.6707,16.6904,15.4571,0.0011,-1.0000
16.6674,1.0000,403.3229,1.2016,0.3035,16.7031,16.6161,15.4659,0.0011,-1.0000
16.6690,1.0000,403.3397,1.1190,0.4168,16.6344,16.6710,15.5236,0.0014,-1.0000
16.6639,1.0000,403.3564,1.7243,0.2948,16.6653,16.6984,15.4506,0.0012,-1.0000
16.6673,1.0000,403.3731,1.2323,0.2794,16.6985,16.6116,15.3495,0.0011,-1.0000
16.6682,1.0000,403.3897,1.1490,0.3424,16.6233,16.6623,15.2328,0.0011,-1.0000
16.6648,1.0000,403.4064,1.1459,0.3585,16.6803,16.6746,15.5199,0.0011,-1.0000
16.6682,1.0000,403.4230,1.2466,0.2674,16.7065,16.6792,15.5194,0.0012,-1.0000
16.6671,1.0000,403.4398,1.2608,0.2743,16.6192,16.6690,15.4146,0.0011,-1.0000
16.6667,1.0000,403.4564,1.4285,0.2687,16.6699,16.6527,15.3091,0.0011,-1.0000
16.6672,1.0000,403.4732,1.1537,0.2538,16.6820,16.6774,15.4683,0.0011,-1.0000
16.6668,1.0000,403.4898,1.1584,0.2823,16.6875,16.7132,15.1196,0.0011,-1.0000
16.6650,1.0000,403.5064,1.2534,0.2681,16.6789,16.5614,15.3884,0.0012,-1.0000
16.6690,1.0000,403.5231,1.3422,0.3271,16.6623,16.6833,15.4101,0.0012,-1.0000
16.6664,1.0000,403.5399,1.2079,0.2953,16.6886,16.7618,15.4190,0.0010,-1.0000
16.6657,1.0000,403.5564,1.5924,0.2523,16.7228,16.5452,15.3122,0.0011,-1.0000
16.6676,1.0000,403.5731,1.1718,0.3431,16.5691,16.6824,15.4115,0.0011,-1.0000
16.6665,1.0000,403.5898,1.2718,0.3148,16.6917,16.6836,15.3433,0.0010,-1.0000
16.6652,1.0000,403.6064,1.3417,0.2894,16.7708,16.5538,15.2399,0.0013,-1.0000
16.6683,1.0000,403.6230,1.2318,0.3275,16.5557,16.7340,15.4948,0.0012,-1.0000
16.6663,1.0000,403.6398,1.2697,0.3114,16.6924,16.6525,15.3050,0.0013,-1.0000
16.6660,1.0000,403.6564,1.3391,0.2903,16.6928,16.6252,15.3161,0.0012,-1.0000
16.6689,1.0000,403.6731,1.3125,0.2704,16.5618,16.6817,15.4637,0.0013,-1.0000
16.6661,1.0000,403.6898,1.2380,0.3511,16.7426,16.6565,15.2020,0.0013,-1.0000
16.6651,1.0000,403.7064,1.3461,0.3157,16.6631,16.6360,15.2246,0.0013,-1.0000
16.6703,1.0000,403.7231,1.3079,0.2761,16.6341,16.7316,15.5098,0.0011,-1.0000
16.6642,1.0000,403.7398,1.2164,0.3577,16.6898,16.6241,14.9216,0.0014,-1.0000
16.6663,1.0000,403.7564,1.4531,0.2771,16.6671,16.6218,15.3217,0.0014,-1.0000
16.6698,1.0000,403.7732,1.4099,0.3601,16.6443,16.6862,15.5152,0.0012,-1.0000
16.6648,1.0000,403.7899,1.2206,0.4773,16.7445,16.7583,15.0115,0.0016,-1.0000
16.6651,1.0000,403.8064,1.7013,0.3157,16.6354,16.5029,15.1674,0.0010,-1.0000
16.6707,1.0000,403.8230,1.2988,0.3316,16.6298,16.7055,15.4580,0.0011,-1.0000
16.6639,1.0000,403.8398,1.1699,0.3753,16.6968,16.6193,15.4683,0.0012,-1.0000
16.6668,1.0000,403.8564,1.7452,0.3011,16.7695,16.6276,15.4409,0.0013,-1.0000
16.6678,1.0000,403.8731,1.3343,0.2872,16.5123,16.6853,15.3651,0.0011,-1.0000
16.6666,1.0000,403.8897,1.2461,0.2600,16.7169,16.6196,15.2802,0.0011,-1.0000
16.6653,1.0000,403.9064,1.1496,0.3696,16.6305,16.6593,15.4733,0.0013,-1.0000
16.6680,1.0000,403.9229,1.1853,0.2906,16.6359,16.6627,15.5098,0.0010,-1.0000
16.6664,1.0000,403.9397,1.3189,0.3472,16.6954,16.6587,15.5335,0.0008,-1.0000
16.6665,1.0000,403.9564,1.3382,0.2960,16.6284,16.6827,15.4363,0.0012,-1.0000
16.6680,1.0000,403.9731,1.1849,0.2706,16.6671,16.6455,15.4905,0.0012,-1.0000
16.6652,1.0000,403.9897,1.1519,0.2953,16.6705,16.6233,15.1922,0.0011,-1.0000
16.6675,1.0000,404.0064,1.1245,0.2800,16.6677,16.6663,15.4600,0.0014,-1.0000
16.6681,1.0000,404.0231,1.2450,0.2795,16.6911,16.6574,15.4654,0.0012,-1.0000
16.6635,1.0000,404.0397,1.1537,0.5949,16.6545,16.6470,15.0705,0.0014,-1.0000
16.6685,1.0000,404.0564,1.4297,0.3066,16.6317,16.6638,15.5812,0.0012,-1.0000
16.6675,1.0000,404.0732,1.2049,0.3134,16.6747,16.6633,14.9754,0.0013,-1.0000
16.6665,1.0000,404.0897,1.1904,0.3358,16.6681,16.6502,15.1165,0.0011,-1.0000
16.6675,1.0000,404.1064,1.5748,0.2634,16.6553,16.6863,15.4998,0.0011,-1.0000
16.6931,1.0000,404.1231,1.0813,0.4309,16.6727,16.6607,15.3781,0.0012,-1.0000
16.6631,1.0000,404.1397,1.6866,0.3577,16.6744,16.6407,15.1318,0.0013,-1.0000
16.6681,1.0000,404.1564,1.5326,0.2907,16.6607,16.6652,15.5891,0.0011,-1.0000
16.6684,1.0000,404.1732,1.1851,0.3250,16.6955,16.6676,15.4772,0.0010,-1.0000
16.6639,1.0000,404.1897,1.2814,0.3738,16.6729,16.6386,15.3362,0.0012,-1.0000
16.6672,1.0000,404.2065,1.5075,0.3016,16.6497,16.6625,15.4926,0.0011,-1.0000
16.6688,1.0000,404.2230,1.0751,0.2767,16.6736,16.6653,15.2100,0.0011,-1.0000
16.6652,1.0000,404.2397,1.1894,0.3183,16.6784,16.6525,15.3494,0.0012,-1.0000
16.6660,1.0000,404.2563,1.3014,0.2827,16.6484,16.6570,15.3972,0.0013,-1.0000
16.6684,1.0000,404.2731,1.1686,0.3840,16.6701,16.6654,15.4848,0.0008,-1.0000
16.6653,1.0000,404.2897,1.4544,0.6129,16.6751,16.6521,15.4430,0.0013,-1.0000
16.6677,1.0000,404.3064,1.3017,0.2834,16.6611,16.6615,15.5791,0.0011,-1.0000
16.7024,1.0000,404.3231,1.2582,0.2955,16.6649,16.6946,15.2293,0.0013,-1.0000
16.6649,1.0000,404.3398,1.1798,0.2725,16.6736,16.5871,15.2577,0.0014,-1.0000
16.6670,1.0000,404.3564,1.2079,0.2662,16.6617,16.6599,15.5164,0.0010,-1.0000
16.6680,1.0000,404.3731,1.0813,0.3727,16.6708,16.6610,15.3983,0.0012,-1.0000
16.6647,1.0000,404.3897,1.4641,0.3674,16.7053,16.6514,15.5210,0.0012,-1.0000
16.6688,1.0000,404.4065,1.3277,0.2793,16.6573,16.6678,15.4937,0.0013,-1.0000
16.6650,1.0000,404.4232,1.1425,0.3378,16.6683,16.6499,15.3803,0.0012,-1.0000
16.6666,1.0000,404.4398,1.2614,0.2824,16.6706,16.6581,15.3505,0.0012,-1.0000
16.6676,1.0000,404.4564,1.1292,0.3160,16.6601,16.6605,15.4186,0.0012,-1.0000
16.6662,1.0000,404.4731,1.1726,0.3989,16.6773,16.6553,15.3887,0.0014,-1.0000
16.6652,1.0000,404.4897,1.2683,0.2812,16.6590,16.6495,15.5086,0.0013,-1.0000
16.6687,1.0000,404.5064,1.3062,0.2845,16.6663,16.6715,15.5760,0.0007,-1.0000
16.6666,1.0000,404.5230,1.2407,0.2976,16.6705,16.6525,15.3754,0.0011,-1.0000
16.6660,1.0000,404.5398,1.2649,0.2740,16.6641,16.6532,15.5539,0.0011,-1.0000
16.6693,1.0000,404.5565,1.1396,0.2641,16.6576,16.6667,15.4362,0.0010,-1.0000
16.6658,1.0000,404.5731,1.0945,0.3503,16.6812,16.6698,15.3089,0.0011,-1.0000
16.6644,1.0000,404.5897,1.2763,0.3310,16.6615,16.6344,15.4462,0.0011,-1.0000
16.6692,1.0000,404.6064,1.0981,0.3328,16.6611,16.6674,15.6005,0.0008,-1.0000
16.6667,1.0000,404.6230,1.2293,0.3138,16.6764,16.6546,15.3852,0.0011,-1.0000
16.6643,1.0000,404.6397,1.3600,0.2958,16.6799,16.6515,15.6282,0.0010,-1.0000
16.6686,1.0000,404.6564,1.1871,0.2716,16.6425,16.6677,15.6866,0.0011,-1.0000
16.6680,1.0000,404.6731,1.0658,0.3151,16.6758,16.6613,15.4259,0.0013,-1.0000
16.6638,1.0000,404.6897,1.2682,0.2780,16.6636,16.6461,15.4757,0.0013,-1.0000
16.6683,1.0000,404.7065,1.0219,0.2994,16.6586,16.6672,15.5741,0.0013,-1.0000
16.6669,1.0000,404.7230,0.9798,0.3182,16.6757,16.6582,15.4071,0.0022,-1.0000
16.6654,1.0000,404.7397,1.2337,0.3062,16.6705,16.6526,15.5538,0.0008,-1.0000
16.6767,1.0000,404.7565,1.1688,0.3076,16.6538,16.6815,15.5882,0.0009,-1.0000
16.6588,1.0000,404.7731,1.0915,0.2794,16.6760,16.6392,15.1200,0.0011,-1.0000
16.6641,1.0000,404.7897,1.2485,0.3108,16.6677,16.6485,15.4952,0.0009,-1.0000
16.6689,1.0000,404.8065,1.0978,0.2684,16.6608,16.6774,15.5820,0.0010,-1.0000
16.6674,1.0000,404.8230,1.0920,0.3283,16.6921,16.6457,15.3074,0.0013,-1.0000
16.6652,1.0000,404.8397,1.5177,0.2893,16.6482,16.6531,15.6114,0.0009,-1.0000
16.6669,1.0000,404.8564,1.1523,0.3430,16.6559,16.6629,15.5033,0.0013,-1.0000
16.6678,1.0000,404.8731,1.0944,0.3281,16.6883,16.6583,15.2618,0.0012,-1.0000
16.6645,1.0000,404.8897,1.3374,0.3261,16.6560,16.6503,15.4422,0.0011,-1.0000
16.6683,1.0000,404.9064,1.0409,0.2856,16.6614,16.6634,15.6315,0.0011,-1.0000
16.6675,1.0000,404.9230,1.1582,0.3455,16.6715,16.6627,15.5385,0.0010,-1.0000
16.6669,1.0000,404.9398,1.3954,0.3059,16.6669,16.6572,15.5639,0.0011,-1.0000
16.6674,1.0000,404.9564,1.2072,0.2524,16.6586,16.6603,15.4437,0.0014,-1.0000
16.6660,1.0000,404.9731,1.0309,0.3317,16.6713,16.6561,14.9710,0.0012,-1.0000
16.6651,1.0000,404.9897,1.1231,0.2813,16.6713,16.6519,15.4553,0.0011,-1.0000
16.6828,1.0000,405.0065,1.0922,0.2714,16.6656,16.7029,15.6245,0.0011,-1.0000
16.6649,1.0000,405.0230,1.2149,0.3268,16.6695,16.6286,14.5455,0.0014,-1.0000
16.6659,1.0000,405.0398,1.6839,0.3115,16.6653,16.6595,15.4782,0.0012,-1.0000
16.6681,1.0000,405.0565,1.1955,0.2515,16.6606,16.6581,15.4224,0.0010,-1.0000
16.6670,1.0000,405.0731,1.0766,0.4234,16.7132,16.6529,15.3481,0.0011,-1.0000
16.6672,1.0000,405.0898,2.0817,0.3127,16.6380,16.6629,15.4201,0.0013,-1.0000
16.6662,1.0000,405.1064,1.1801,0.2703,16.6682,16.6524,15.5447,0.0012,-1.0000
16.6662,1.0000,405.1230,1.2344,0.3095,16.6679,16.6611,15.3708,0.0013,-1.0000
16.6668,1.0000,405.1397,1.3036,0.2957,16.6622,16.6558,15.6219,0.0011,-1.0000
16.6680,1.0000,405.1565,1.2415,0.2727,16.6725,16.6632,15.5491,0.0012,-1.0000
16.6658,1.0000,405.1731,1.1062,0.2886,16.6612,16.6515,15.3630,0.0011,-1.0000
16.6676,1.0000,405.1898,1.2891,0.2651,16.6692,16.6617,15.5349,0.0014,-1.0000
16.6666,1.0000,405.2064,1.0328,0.3247,16.6643,16.6550,15.4275,0.0012,-1.0000
16.6654,1.0000,405.2230,1.1128,0.3227,16.6733,16.6543,15.3580,0.0012,-1.0000
16.6670,1.0000,405.2397,1.2872,0.3106,16.6613,16.6602,15.6279,0.0011,-1.0000
16.8752,1.0000,405.2568,1.1253,0.2702,16.6707,16.8754,15.7759,0.0010,-1.0000
16.6638,1.0000,405.2733,1.2261,0.3640,16.6649,16.6403,15.3178,0.0012,-1.0000
16.6660,1.0000,405.2899,1.2951,0.2984,16.6623,16.6603,15.5321,0.0013,-1.0000
16.6706,1.0000,405.3067,1.0311,0.3269,16.6680,16.6695,15.4800,0.0010,-1.0000
16.6623,1.0000,405.3232,1.0983,0.3253,16.8858,16.6394,15.3356,0.0011,-1.0000
16.6686,1.0000,405.3400,1.3212,0.2755,16.6499,16.6692,15.6862,0.0009,-1.0000
16.6679,1.0000,405.3568,1.1271,0.3055,16.6677,16.6646,15.2813,0.0009,-1.0000
16.6642,1.0000,405.3733,1.1878,0.3155,16.6796,16.6425,15.2076,0.0010,-1.0000
16.6711,1.0000,405.3900,1.3027,0.3474,16.6484,16.6775,15.6343,0.0009,-1.0000
16.6639,1.0000,405.4066,0.9819,0.2875,16.6767,16.6438,15.3066,0.0012,-1.0000
16.6661,1.0000,405.4232,1.3820,0.2790,16.6745,16.6548,15.5173,0.0011,-1.0000
16.6681,1.0000,405.4400,1.4335,0.2622,16.6508,16.6655,15.5080,0.0011,-1.0000
16.6661,1.0000,405.4566,1.0420,0.3471,16.6880,16.6531,15.4094,0.0013,-1.0000
16.6657,1.0000,405.4733,1.3361,0.2785,16.6529,16.6535,15.5230,0.0013,-1.0000
16.6674,1.0000,405.4900,1.1365,0.2870,16.6641,16.6622,15.4897,0.0013,-1.0000
16.6673,1.0000,405.5066,1.1566,0.2706,16.6756,16.6563,15.4068,0.0009,-1.0000
16.6667,1.0000,405.5232,1.2424,0.3339,16.6618,16.6583,15.5528,0.0012,-1.0000
16.6664,1.0000,405.5399,1.1290,0.2925,16.6626,16.6575,15.4969,0.0012,-1.0000
16.6668,1.0000,405.5566,1.1710,0.3119,16.6714,16.6563,15.4463,0.0010,-1.0000
16.6663,1.0000,405.5733,1.2484,0.3122,16.6648,16.6552,15.5157,0.0013,-1.0000
16.6681,1.0000,405.5901,1.1042,0.2824,16.6673,16.6673,15.5533,0.0014,-1.0000
16.6657,1.0000,405.6067,1.1593,0.2702,16.6666,16.6531,14.8814,0.0016,-1.0000
16.6664,1.0000,405.6232,1.2088,0.3179,16.6653,16.6548,15.4358,0.0013,-1.0000
16.6682,1.0000,405.6400,1.1382,0.2841,16.6635,16.6627,15.4690,0.0010,-1.0000
16.6653,1.0000,405.6566,1.1126,0.3542,16.6767,16.6502,15.0934,0.0013,-1.0000
16.6657,1.0000,405.6733,1.7702,0.2928,16.6633,16.6538,15.4448,0.0012,-1.0000
16.6698,1.0000,405.6900,1.2172,0.3407,16.6648,16.6655,15.5140,0.0011,-1.0000
16.6649,1.0000,405.7066,1.1925,0.3710,16.6735,16.6533,15.2112,0.0022,-1.0000
16.6666,1.0000,405.7232,1.5560,0.3319,16.6599,16.6585,15.5449,0.0011,-1.0000
16.6685,1.0000,405.7400,1.2079,0.2859,16.6620,16.6648,15.6176,0.0010,-1.0000
16.6653,1.0000,405.7567,1.1505,0.3575,16.6747,16.6516,15.3749,0.0010,-1.0000
16.6661,1.0000,405.7733,1.4398,0.3096,16.6619,16.6545,15.4755,0.0014,-1.0000
16.6708,1.0000,405.7900,1.1127,0.2865,16.6673,16.6711,15.3527,0.0008,-1.0000
16.6633,1.0000,405.8066,1.0460,0.3277,16.6753,16.6427,15.3391,0.0013,-1.0000
16.6674,1.0000,405.8232,1.2751,0.2872,16.6601,16.6605,15.4914,0.0013,-1.0000
16.6665,1.0000,405.8400,1.1772,0.3243,16.6625,16.6573,15.5567,0.0016,-1.0000
16.6659,1.0000,405.8567,1.3171,0.3934,16.6823,16.6531,15.3522,0.0011,-1.0000
16.6660,1.0000,405.8733,1.3025,0.3350,16.6528,16.6597,15.3826,0.0012,-1.0000
16.6690,1.0000,405.8900,1.1679,0.3274,16.6699,16.6625,15.5120,0.0008,-1.0000
16.6626,1.0000,405.9066,1.0989,0.4621,16.6675,16.6426,15.4530,0.0011,-1.0000
16.6698,1.0000,405.9232,1.2994,0.2844,16.6614,16.6733,15.5699,0.0010,-1.0000
16.6673,1.0000,405.9400,1.2759,0.3293,16.6693,16.6542,15.3341,0.0011,-1.0000
16.6652,1.0000,405.9567,1.1493,0.3051,16.6714,16.6537,15.4184,0.0011,-1.0000
16.6698,1.0000,405.9735,1.1888,0.3792,16.6513,16.6686,15.3936,0.0012,-1.0000
