frame_ms,focused,elapsed,CPU Main Thread Frame Time,CPU Render Thread Frame Time,CPU Total Frame Time,PlayerLoop,WaitForTargetFPS,Gfx.WaitForPresentOnGfxThread,Gfx.WaitForGfxCommandsFromMainThread
16.6684,1.0000,353.1340,1.2458,0.3102,16.6625,16.6666,14.3410,0.0009,-1.0000
16.6662,1.0000,353.1506,1.1932,0.3318,16.6702,16.6562,15.2291,0.0011,-1.0000
16.6673,1.0000,353.1672,1.5200,0.2842,16.6662,16.6592,15.2729,0.0010,-1.0000
17.1010,1.0000,353.1845,1.2141,0.6764,16.6613,17.0925,15.7295,0.0011,-1.0000
16.6670,1.0000,353.2011,2.3244,0.3955,16.6756,16.6586,15.0193,0.0010,-1.0000
16.6661,1.0000,353.2177,1.4257,0.4329,16.6649,16.6503,15.1558,0.0010,-1.0000
16.6677,1.0000,353.2345,1.3851,0.3678,16.6688,16.6701,15.1826,0.0011,-1.0000
16.6680,1.0000,353.2515,1.3614,0.4229,17.1025,16.6471,14.9886,0.0014,-1.0000
16.6654,1.0000,353.2678,1.6384,0.3495,16.6700,16.6580,14.5263,0.0016,-1.0000
16.6658,1.0000,353.2843,1.4934,0.3894,16.6611,16.6440,14.9660,0.0013,-1.0000
16.6685,1.0000,353.3012,1.4864,0.3770,16.6815,16.6744,15.3465,0.0010,-1.0000
16.6649,1.0000,353.3178,1.6568,0.3112,16.6591,16.6413,14.9370,0.0018,-1.0000
16.6659,1.0000,353.3344,2.1300,0.4814,16.6724,16.6528,15.1641,0.0012,-1.0000
16.6672,1.0000,353.3510,1.6765,0.3415,16.6543,16.6607,15.3419,0.0011,-1.0000
16.6674,1.0000,353.3677,1.3270,0.3429,16.6841,16.6593,15.2938,0.0011,-1.0000
16.6634,1.0000,353.3842,1.7024,0.3573,16.6497,16.6443,15.2472,0.0009,-1.0000
16.6689,1.0000,353.4016,1.4877,0.3361,16.6615,16.6716,15.6426,0.0013,-1.0000
16.6685,1.0000,353.4177,1.3177,0.3373,16.6694,16.6626,14.6256,0.0012,-1.0000
16.6652,1.0000,353.4344,1.3645,0.3061,16.6681,16.6529,15.3202,0.0012,-1.0000
16.6668,1.0000,353.4511,1.3962,0.2860,16.6521,16.6598,15.3157,0.0011,-1.0000
16.6671,1.0000,353.4677,1.0277,0.3732,16.6788,16.6576,15.0401,0.0011,-1.0000
16.6651,1.0000,353.4843,2.0356,0.3299,16.6713,16.6532,15.3158,0.0010,-1.0000
16.6674,1.0000,353.5011,1.3314,0.3338,16.6624,16.6643,15.3973,0.0008,-1.0000
16.6679,1.0000,353.5177,1.3428,0.3548,16.6682,16.6584,15.0395,0.0011,-1.0000
16.6671,1.0000,353.5344,1.6165,0.3226,16.6659,16.6577,15.2401,0.0011,-1.0000
16.6675,1.0000,353.5512,1.3362,0.3269,16.6608,16.6648,15.3337,0.0010,-1.0000
16.6656,1.0000,353.5677,1.2660,0.4219,16.6728,16.6508,14.8374,0.0017,-1.0000
16.6667,1.0000,353.5843,1.6175,0.3594,16.6670,16.6526,15.2812,0.0010,-1.0000
16.6670,1.0000,353.6010,1.4163,0.3242,16.6662,16.6593,15.4335,0.0010,-1.0000
16.6665,1.0000,353.6177,1.3303,0.3996,16.6762,16.6570,15.3720,0.0011,-1.0000
16.6664,1.0000,353.6344,1.8114,0.3295,16.6617,16.6558,15.2503,0.0009,-1.0000
16.6691,1.0000,353.6511,1.3701,0.3184,16.6613,16.6643,15.2503,0.0011,-1.0000
16.6648,1.0000,353.6677,1.2251,0.3175,16.6681,16.6538,15.1491,0.0013,-1.0000
16.6648,1.0000,353.6842,1.2838,0.3420,16.6661,16.6527,15.3065,0.0012,-1.0000
16.8539,1.0000,353.7013,1.4045,0.3482,16.6643,16.9270,15.7365,0.0011,-1.0000
16.6648,1.0000,353.7178,1.4125,0.3599,16.6732,16.5776,15.1047,0.0013,-1.0000
16.6663,1.0000,353.7346,1.5032,0.3509,16.6625,16.6583,15.4220,0.0012,-1.0000
16.6682,1.0000,353.7512,1.3450,0.2832,16.6603,16.6617,15.2023,0.0012,-1.0000
16.6654,1.0000,353.7679,1.1892,0.3216,16.9353,16.6534,15.2213,0.0010,-1.0000
16.6672,1.0000,353.7844,1.4712,0.2819,16.5865,16.6572,15.2632,0.0012,-1.0000
16.6666,1.0000,353.8012,1.2348,0.3233,16.6670,16.6593,15.4444,0.0012,-1.0000
16.6667,1.0000,353.8179,1.4580,0.3017,16.6725,16.6583,15.2528,0.0010,-1.0000
16.6659,1.0000,353.8345,1.4308,0.2928,16.6629,16.6554,15.3018,0.0009,-1.0000
16.6686,1.0000,353.8513,1.3925,0.2820,16.6657,16.6663,15.3810,0.0012,-1.0000
16.6654,1.0000,353.8679,1.2137,0.2971,16.6673,16.6504,15.0410,0.0013,-1.0000
16.6670,1.0000,353.8845,1.4044,0.2641,16.6666,16.6635,15.3404,0.0013,-1.0000
16.6676,1.0000,353.9012,1.3526,0.2816,16.6635,16.6545,15.3046,0.0011,-1.0000
16.6663,1.0000,353.9179,1.2839,0.3873,16.6755,16.6566,15.2496,0.0014,-1.0000
16.6647,1.0000,353.9345,1.6083,0.2824,16.6591,16.6538,15.3770,0.0012,-1.0000
16.6690,1.0000,353.9514,1.3218,0.2575,16.6725,16.6716,15.3458,0.0009,-1.0000
16.6655,1.0000,353.9679,1.3489,0.3061,16.6645,16.6468,14.9426,0.0013,-1.0000
16.6677,1.0000,353.9844,1.4053,0.2831,16.6649,16.6654,15.3206,0.0012,-1.0000
16.6701,1.0000,354.0013,1.2756,0.3097,16.6618,16.6657,15.4437,0.0012,-1.0000
16.6624,1.0000,354.0179,1.3247,0.3409,16.6796,16.6427,15.1513,0.0013,-1.0000
16.6656,1.0000,354.0349,1.7027,0.2847,16.6556,16.6541,15.3733,0.0016,-1.0000
16.6689,1.0000,354.0512,1.3435,0.3203,16.6729,16.6666,14.9796,0.0011,-1.0000
16.6657,1.0000,354.0679,1.2206,0.2758,16.6766,16.6542,15.4553,0.0010,-1.0000
16.6683,1.0000,354.0845,1.4899,0.2972,16.6514,16.6685,15.2059,0.0015,-1.0000
16.6663,1.0000,354.1012,1.2798,0.2687,16.6629,16.6522,15.2139,0.0013,-1.0000
16.6669,1.0000,354.1179,1.6862,0.2809,16.6740,16.6548,15.3961,0.0012,-1.0000
16.6664,1.0000,354.1346,1.1976,0.3060,16.6618,16.6593,15.3197,0.0012,-1.0000
16.6665,1.0000,354.1512,1.4611,0.3075,16.6781,16.6581,15.2068,0.0010,-1.0000
16.6657,1.0000,354.1678,1.4369,0.2828,16.6631,16.6520,15.3060,0.0011,-1.0000
16.6684,1.0000,354.1844,1.2574,0.3052,16.6634,16.6684,15.4425,0.0014,-1.0000
16.6668,1.0000,354.2012,1.3382,0.3094,16.6678,16.6575,15.3829,0.0011,-1.0000
16.6669,1.0000,354.2179,1.4499,0.2898,16.6657,16.6563,15.3227,0.0012,-1.0000
16.6670,1.0000,354.2346,1.3448,0.2739,16.6594,16.6616,15.2258,0.0014,-1.0000
16.6668,1.0000,354.2512,1.2245,0.3557,16.6765,16.6532,15.1411,0.0012,-1.0000
16.6648,1.0000,354.2678,1.2734,0.2672,16.6668,16.6502,15.3525,0.0012,-1.0000
16.6693,1.0000,354.2846,1.3323,0.2923,16.6657,16.6743,15.4399,0.0011,-1.0000
16.6659,1.0000,354.3012,1.4342,0.3425,16.6721,16.6460,14.9750,0.0010,-1.0000
16.6664,1.0000,354.3179,1.5110,0.2858,16.6639,16.6556,15.3928,0.0011,-1.0000
16.6681,1.0000,354.3349,1.2965,0.2803,16.6574,16.6678,15.3087,0.0012,-1.0000
16.6659,1.0000,354.3512,1.2332,0.3758,16.6853,16.6481,14.7571,0.0014,-1.0000
16.6644,1.0000,354.3679,1.6698,0.2823,16.6557,16.6500,15.2973,0.0011,-1.0000
16.6698,1.0000,354.3845,1.2615,0.3012,16.6644,16.6698,15.4070,0.0012,-1.0000
16.6664,1.0000,354.4013,1.3579,0.3662,16.6789,16.6569,15.3262,0.0012,-1.0000
16.6661,1.0000,354.4178,1.8896,0.3007,16.6578,16.6565,15.2869,0.0013,-1.0000
16.6680,1.0000,354.4348,1.3517,0.2659,16.6572,16.6594,15.3744,0.0010,-1.0000
16.6656,1.0000,354.4512,1.2614,0.2895,16.6774,16.6544,14.8682,0.0011,-1.0000
16.6661,1.0000,354.4678,1.3293,0.2845,16.6667,16.6565,15.3532,0.0014,-1.0000
16.6682,1.0000,354.4845,1.3682,0.2625,16.6652,16.6654,15.4103,0.0011,-1.0000
16.6660,1.0000,354.5012,1.2837,0.3259,16.6685,16.6517,15.2465,0.0015,-1.0000
16.6649,1.0000,354.5178,1.7848,0.3422,16.6629,16.6499,15.3532,0.0012,-1.0000
16.6687,1.0000,354.5351,1.3021,0.2824,16.6649,16.6683,15.4514,0.0010,-1.0000
16.6668,1.0000,354.5512,1.2542,0.3172,16.6753,16.6566,14.4249,0.0014,-1.0000
16.6669,1.0000,354.5680,1.4036,0.2895,16.6616,16.6591,15.2696,0.0011,-1.0000
16.6677,1.0000,354.5846,1.2955,0.2860,16.6582,16.6592,15.1619,0.0014,-1.0000
16.6657,1.0000,354.6017,1.2157,0.3507,16.6769,16.6500,15.0788,0.0014,-1.0000
16.6631,1.0000,354.6178,2.2302,0.3029,16.6668,16.6444,14.7241,0.0011,-1.0000
16.6700,1.0000,354.6345,1.3881,0.3218,16.6701,16.6712,15.5090,0.0009,-1.0000
16.6684,1.0000,354.6513,1.4961,0.3565,16.6714,16.6609,15.2377,0.0011,-1.0000
16.6642,1.0000,354.6678,1.5698,0.4085,16.6599,16.6512,15.2501,0.0011,-1.0000
16.6683,1.0000,354.6845,1.9197,0.3021,16.6513,16.6660,15.3602,0.0012,-1.0000
16.6688,1.0000,354.7013,1.1613,0.5683,16.6787,16.6585,15.3173,0.0011,-1.0000
16.6643,1.0000,354.7178,1.4220,0.3852,16.6697,16.6480,15.0783,0.0011,-1.0000
16.6668,1.0000,354.7345,1.3997,0.3604,16.6601,16.6591,15.4231,0.0014,-1.0000
16.6682,1.0000,354.7513,1.3043,0.3325,16.6746,16.6675,14.9924,0.0010,-1.0000
16.6652,1.0000,354.7679,1.3399,0.4278,16.6691,16.6494,15.1272,0.0015,-1.0000
16.6661,1.0000,354.7844,1.5684,0.3557,16.6570,16.6561,15.2981,0.0013,-1.0000
16.7824,1.0000,354.8014,1.2345,0.4102,16.6670,16.7839,15.5183,0.0010,-1.0000
16.6643,1.0000,354.8180,1.6740,0.4211,16.6768,16.6415,15.1404,0.0012,-1.0000
16.6675,1.0000,354.8347,1.5209,0.3418,16.6593,16.6640,15.2684,0.0012,-1.0000
16.6699,1.0000,354.8515,1.3565,0.3147,16.6632,16.6662,15.1763,0.0013,-1.0000
16.6639,1.0000,354.8680,1.2644,0.3335,16.7938,16.6440,15.0182,0.0012,-1.0000
16.6685,1.0000,354.8846,1.4999,0.2864,16.6504,16.6705,15.3749,0.0012,-1.0000
16.6664,1.0000,354.9014,1.3943,0.2872,16.6742,16.6499,15.2820,0.0013,-1.0000
16.6655,1.0000,354.9180,1.4886,0.3197,16.6764,16.6544,14.9707,0.0014,-1.0000
16.6674,1.0000,354.9347,1.6241,0.2732,16.6532,16.6631,15.3014,0.0011,-1.0000
16.6694,1.0000,354.9514,1.2943,0.2963,16.6805,16.6642,15.1922,0.0010,-1.0000
16.6647,1.0000,354.9680,1.3664,0.5285,16.6598,16.6467,15.1973,0.0013,-1.0000
16.6674,1.0000,354.9846,1.6823,0.2990,16.6633,16.6601,15.4377,0.0013,-1.0000
16.6685,1.0000,355.0014,1.3605,0.3250,16.6717,16.6616,15.2221,0.0011,-1.0000
16.6644,1.0000,355.0180,1.4709,0.2752,16.6737,16.6444,15.1497,0.0016,-1.0000
16.6666,1.0000,355.0346,1.4480,0.2729,16.6570,16.6564,15.3989,0.0012,-1.0000
16.6678,1.0000,355.0514,1.2205,0.3185,16.6699,16.6634,15.3519,0.0011,-1.0000
16.6662,1.0000,355.0680,1.4381,0.3404,16.6738,16.6554,15.2680,0.0012,-1.0000
16.6656,1.0000,355.0845,1.4935,0.2965,16.6543,16.6537,15.3770,0.0010,-1.0000
16.6696,1.0000,355.1014,1.2563,0.2784,16.6648,16.6695,15.5175,0.0015,-1.0000
16.6643,1.0000,355.1180,1.3101,0.3145,16.6727,16.6463,15.1998,0.0012,-1.0000
16.6683,1.0000,355.1346,1.3862,0.3004,16.6651,16.6643,15.2480,0.0012,-1.0000
16.6670,1.0000,355.1513,1.2755,0.7792,16.6622,16.6569,15.2427,0.0011,-1.0000
16.6641,1.0000,355.1679,1.1503,0.3435,16.6794,16.6495,15.3575,0.0012,-1.0000
16.6682,1.0000,355.1845,1.4454,0.3044,16.6557,16.6641,15.2944,0.0012,-1.0000
16.6675,1.0000,355.2014,1.4150,0.7345,16.6729,16.6609,15.4407,0.0009,-1.0000
16.6654,1.0000,355.2179,1.4127,0.2836,16.6655,16.6538,15.3575,0.0010,-1.0000
16.6671,1.0000,355.2346,1.2907,0.2943,16.6578,16.6627,15.3393,0.0012,-1.0000
16.6669,1.0000,355.2513,1.3682,0.3321,16.6720,16.6541,15.2630,0.0013,-1.0000
16.6664,1.0000,355.2679,1.2189,0.2793,16.6697,16.6539,15.4288,0.0011,-1.0000
16.6675,1.0000,355.2845,1.2952,0.2821,16.6624,16.6657,15.4913,0.0011,-1.0000
16.6666,1.0000,355.3017,1.3223,0.3469,16.6730,16.6565,15.4759,0.0012,-1.0000
16.6653,1.0000,355.3180,1.3897,0.2836,16.6625,16.6505,14.5651,0.0013,-1.0000
16.6681,1.0000,355.3346,1.2239,0.2901,16.6626,16.6658,15.3470,0.0012,-1.0000
16.6667,1.0000,355.3513,1.1734,0.2865,16.6752,16.6560,15.2978,0.0015,-1.0000
16.6667,1.0000,355.3680,1.1793,0.4187,16.6656,16.6587,15.3274,0.0014,-1.0000
16.6807,1.0000,355.3846,2.0840,0.3334,16.6590,16.6746,15.2938,0.0012,-1.0000
16.6663,1.0000,355.4014,1.3176,0.3917,16.6744,16.6531,14.7471,0.0014,-1.0000
16.6663,1.0000,355.4181,1.3565,0.3818,16.6644,16.6578,15.2908,0.0011,-1.0000
16.6674,1.0000,355.4348,1.3299,0.3935,16.6688,16.6574,15.0911,0.0011,-1.0000
16.6664,1.0000,355.4514,1.3797,0.6081,16.6832,16.6549,15.0802,0.0012,-1.0000
16.6672,1.0000,355.4680,1.9042,0.3423,16.6632,16.6568,15.2098,0.0013,-1.0000
16.6667,1.0000,355.4846,1.3661,0.4139,16.6679,16.6591,15.3425,0.0010,-1.0000
16.6664,1.0000,355.5013,1.5650,0.4613,16.6671,16.6567,15.3423,0.0013,-1.0000
16.6655,1.0000,355.5180,1.5735,0.3417,16.6655,16.6519,15.3399,0.0011,-1.0000
16.6699,1.0000,355.5348,1.4456,0.3742,16.6668,16.7258,15.3386,0.0009,-1.0000
16.6655,1.0000,355.5513,1.3154,0.4207,16.6685,16.5937,15.0372,0.0013,-1.0000
16.6658,1.0000,355.5681,1.3132,0.3497,16.6657,16.6572,15.3123,0.0012,-1.0000
16.6680,1.0000,355.5846,1.3109,0.3111,16.6605,16.6579,15.3044,0.0011,-1.0000
16.6657,1.0000,355.6013,1.3860,0.4088,16.7355,16.6564,15.3481,0.0013,-1.0000
16.6656,1.0000,355.6180,1.5552,0.4031,16.6030,16.6533,15.4055,0.0014,-1.0000
16.6687,1.0000,355.6347,1.3431,0.3194,16.6667,16.6649,15.3136,0.0010,-1.0000
16.6659,1.0000,355.6514,1.3519,0.3924,16.6662,16.6551,15.0615,0.0013,-1.0000
16.6660,1.0000,355.6680,1.3068,0.3352,16.6654,16.6566,15.3378,0.0011,-1.0000
16.6690,1.0000,355.6846,1.2463,0.3417,16.6613,16.6786,15.4080,0.0011,-1.0000
16.6654,1.0000,355.7013,1.3502,0.4494,16.6740,16.6390,15.1955,0.0012,-1.0000
16.6672,1.0000,355.7180,1.5924,0.3451,16.6640,16.6568,15.3361,0.0013,-1.0000
16.6676,1.0000,355.7347,1.3174,0.3389,16.6652,16.6677,15.3808,0.0011,-1.0000
16.6636,1.0000,355.7513,1.2694,0.4763,16.6876,16.6397,15.3177,0.0012,-1.0000
16.6688,1.0000,355.7685,1.4420,0.3510,16.6483,16.6680,15.4901,0.0010,-1.0000
16.6676,1.0000,355.7846,1.3191,0.3656,16.6654,16.6587,14.6362,0.0012,-1.0000
16.6651,1.0000,355.8013,1.2861,0.3789,16.6788,16.6538,15.4648,0.0012,-1.0000
16.6679,1.0000,355.8181,1.3205,0.3329,16.6483,16.6646,15.3935,0.0012,-1.0000
16.6672,1.0000,355.8347,1.1769,0.4463,16.6757,16.6610,15.0426,0.0014,-1.0000
16.6645,1.0000,355.8513,2.0212,0.3679,16.6673,16.6478,15.3763,0.0010,-1.0000
16.6672,1.0000,355.8683,1.1876,0.3288,16.6617,16.6663,15.4639,0.0010,-1.0000
16.6688,1.0000,355.8846,1.2698,0.3863,16.6720,16.6590,14.8939,0.0014,-1.0000
16.6655,1.0000,355.9014,1.6169,0.3380,16.6702,16.6514,15.4274,0.0011,-1.0000
16.6677,1.0000,355.9182,1.2704,0.3506,16.6558,16.6616,15.3517,0.0010,-1.0000
16.6663,1.0000,355.9346,1.2013,0.3694,16.6754,16.6557,14.9307,0.0013,-1.0000
16.6646,1.0000,355.9513,1.7635,0.3311,16.6690,16.6490,15.3878,0.0012,-1.0000
16.6672,1.0000,355.9682,1.2227,0.3320,16.6607,16.6671,15.4307,0.0011,-1.0000
16.6683,1.0000,355.9846,1.3087,0.3951,16.6708,16.6677,14.7599,0.0013,-1.0000
16.6652,1.0000,356.0013,1.7240,0.3325,16.6654,16.6452,15.4720,0.0011,-1.0000
16.6694,1.0000,356.0181,1.2600,0.4113,16.6569,16.6742,15.3071,0.0012,-1.0000
16.6663,1.0000,356.0347,1.2350,0.3818,16.6740,16.6473,15.0309,0.0012,-1.0000
16.6649,1.0000,356.0513,1.9066,0.3508,16.6753,16.6513,15.3080,0.0013,-1.0000
16.6669,1.0000,356.0681,1.1720,0.3934,16.6538,16.6626,15.4217,0.0011,-1.0000
16.6688,1.0000,356.0845,1.3657,0.4278,16.6846,16.6606,14.8286,0.0013,-1.0000
16.6641,1.0000,356.1013,1.6147,0.3945,16.6578,16.6532,15.4471,0.0010,-1.0000
16.6691,1.0000,356.1182,1.3418,0.3794,16.6598,16.6686,15.3725,0.0011,-1.0000
16.6666,1.0000,356.1346,1.2398,0.3813,16.6705,16.6515,15.0058,0.0011,-1.0000
16.6662,1.0000,356.1514,1.8303,0.3848,16.6689,16.6535,15.2644,0.0012,-1.0000
16.6684,1.0000,356.1681,1.2049,0.3754,16.6611,16.6677,15.2751,0.0010,-1.0000
16.6653,1.0000,356.1845,1.2949,0.4101,16.6783,16.6475,15.1024,0.0011,-1.0000
16.6660,1.0000,356.2014,1.6446,0.4240,16.6615,16.6564,15.4500,0.0011,-1.0000
16.7012,1.0000,356.2181,1.3874,0.3330,16.6624,16.6984,15.3747,0.0011,-1.0000
16.6648,1.0000,356.2348,1.3914,0.4462,16.6798,16.7566,15.0088,0.0012,-1.0000
16.6666,1.0000,356.2514,1.5437,0.3888,16.6573,16.5500,15.3132,0.0011,-1.0000
17.0269,1.0000,356.2684,1.2056,0.3387,16.6650,17.0218,15.7571,0.0011,-1.0000
16.6647,1.0000,356.2850,1.3224,0.3655,16.7080,16.6509,15.2745,0.0013,-1.0000
16.6642,1.0000,356.3016,1.7465,0.3422,16.7665,16.6453,15.4069,0.0011,-1.0000
16.6692,1.0000,356.3184,1.2358,0.3807,16.5586,16.6728,15.6019,0.0011,-1.0000
16.6685,1.0000,356.3351,1.2634,0.4178,17.0319,16.6612,15.3858,0.0009,-1.0000
16.6645,1.0000,356.3517,1.3747,0.3362,16.6608,16.6507,15.2194,0.0012,-1.0000
16.6676,1.0000,356.3685,1.2370,0.2882,16.6529,16.6625,15.3547,0.0012,-1.0000
16.6662,1.0000,356.3849,1.0697,0.4008,16.6799,16.6674,15.2143,0.0015,-1.0000
16.6652,1.0000,356.4017,1.2743,0.3935,16.6706,16.6402,15.5169,0.0010,-1.0000
16.6679,1.0000,356.4184,1.4299,0.3524,16.6592,16.6657,15.4839,0.0013,-1.0000
16.6680,1.0000,356.4350,1.3065,0.5060,16.6710,16.6608,15.3823,0.0011,-1.0000
16.6657,1.0000,356.4517,1.4518,0.3290,16.6766,16.6542,15.4130,0.0011,-1.0000
16.6679,1.0000,356.4685,1.1225,0.3114,16.6481,16.6632,15.4066,0.0012,-1.0000
16.6660,1.0000,356.4849,1.1804,0.3387,16.6737,16.6532,15.1304,0.0013,-1.0000
16.6666,1.0000,356.5019,1.2773,0.4470,16.6696,16.6538,15.5162,0.0012,-1.0000
16.6667,1.0000,356.5194,1.2399,0.3281,16.6625,16.6611,14.9870,0.0011,-1.0000
16.6682,1.0000,356.5351,1.2550,0.3974,16.6725,16.6612,14.0639,0.0019,-1.0000
16.6650,1.0000,356.5517,1.5213,0.3520,16.6635,16.6529,15.3261,0.0011,-1.0000
16.6682,1.0000,356.5685,1.1362,0.3055,16.6622,16.6643,15.4132,0.0012,-1.0000
16.6658,1.0000,356.5850,1.6726,0.3710,16.6700,16.6552,15.0579,0.0016,-1.0000
16.6672,1.0000,356.6017,2.5952,0.3592,16.6691,16.6569,15.2767,0.0013,-1.0000
16.6674,1.0000,356.6184,1.3256,0.3254,16.6614,16.6622,15.3342,0.0012,-1.0000
16.6662,1.0000,356.6351,1.2492,0.3840,16.6733,16.6548,14.5823,0.0012,-1.0000
16.6657,1.0000,356.6517,1.5955,0.3478,16.6654,16.6543,15.2766,0.0013,-1.0000
16.6686,1.0000,356.6685,1.3786,0.3225,16.6652,16.6625,15.4326,0.0013,-1.0000
16.6657,1.0000,356.6850,1.3267,0.2921,16.6711,16.6535,15.2807,0.0012,-1.0000
16.6668,1.0000,356.7018,2.0714,0.3097,16.6647,16.6586,15.4983,0.0013,-1.0000
16.6670,1.0000,356.7185,1.3762,0.2965,16.6623,16.6622,15.2116,0.0011,-1.0000
16.6659,1.0000,356.7350,1.2285,0.3019,16.6717,16.6464,15.1937,0.0010,-1.0000
16.6651,1.0000,356.7517,1.3714,0.3346,16.6632,16.6558,15.4326,0.0012,-1.0000
16.6696,1.0000,356.7685,1.1595,0.3311,16.6687,16.6655,15.4445,0.0008,-1.0000
16.6656,1.0000,356.7850,1.4493,0.4417,16.6734,16.6545,14.9936,0.0011,-1.0000
16.6655,1.0000,356.8018,1.4514,0.3149,16.6557,16.6588,15.4875,0.0011,-1.0000
16.6687,1.0000,356.8185,1.2221,0.3215,16.6637,16.6594,15.2322,0.0011,-1.0000
16.6660,1.0000,356.8351,1.2201,0.3104,16.6744,16.6545,15.2142,0.0010,-1.0000
16.6661,1.0000,356.8517,1.6598,0.3048,16.6627,16.6704,15.4482,0.0012,-1.0000
16.6684,1.0000,356.8685,1.1700,0.3177,16.6687,16.6485,15.4058,0.0010,-1.0000
16.6660,1.0000,356.8849,1.4262,0.3309,16.6682,16.6567,15.1488,0.0013,-1.0000
16.6664,1.0000,356.9017,1.4393,0.3143,16.6639,16.6545,15.4511,0.0012,-1.0000
16.6672,1.0000,356.9185,1.2210,0.3077,16.6787,16.6605,15.4019,0.0011,-1.0000
16.6660,1.0000,356.9350,1.2419,0.4158,16.6573,16.6549,15.1000,0.0011,-1.0000
16.6656,1.0000,356.9517,1.5066,0.3509,16.6674,16.6561,15.4379,0.0011,-1.0000
16.6691,1.0000,356.9684,1.2020,0.3046,16.6639,16.6681,15.4539,0.0013,-1.0000
16.6649,1.0000,356.9849,1.2574,0.3803,16.6689,16.6458,15.4828,0.0011,-1.0000
16.6682,1.0000,357.0027,1.5534,0.3304,16.6629,16.6632,15.5663,0.0011,-1.0000
16.6663,1.0000,357.0184,1.2168,0.2615,16.6651,16.6589,13.8922,0.0014,-1.0000
16.6668,1.0000,357.0351,1.2128,0.2871,16.6773,16.6577,15.4144,0.0010,-1.0000
16.6668,1.0000,357.0517,1.1619,0.3235,16.6548,16.6624,15.3213,0.0014,-1.0000
16.6673,1.0000,357.0684,1.0957,0.3676,16.6708,16.6538,15.2255,0.0011,-1.0000
16.6644,1.0000,357.0849,2.7653,0.2722,16.6676,16.6516,15.4336,0.0011,-1.0000
16.6684,1.0000,357.1020,1.2423,0.2921,16.6662,16.6654,15.5709,0.0009,-1.0000
16.6674,1.0000,357.1184,1.3396,0.2925,16.6726,16.6563,15.1047,0.0010,-1.0000
16.6653,1.0000,357.1350,1.4270,0.2892,16.6627,16.6504,15.3826,0.0008,-1.0000
16.6681,1.0000,357.1518,1.2168,0.2916,16.6601,16.6684,15.4986,0.0012,-1.0000
16.6661,1.0000,357.1684,1.0933,0.3087,16.6745,16.6550,15.2204,0.0014,-1.0000
16.6658,1.0000,357.1849,1.5505,0.3076,16.6665,16.6520,15.3820,0.0012,-1.0000
16.6672,1.0000,357.2018,1.2669,0.3319,16.6592,16.6615,15.6293,0.0010,-1.0000
16.6677,1.0000,357.2184,1.1687,0.4400,16.6768,16.6596,14.8755,0.0013,-1.0000
16.6673,1.0000,357.2351,1.4332,0.3005,16.6637,16.6598,15.3395,0.0013,-1.0000
16.6670,1.0000,357.2517,1.2685,0.2755,16.6597,16.6599,15.3393,0.0013,-1.0000
16.6664,1.0000,357.2684,1.0312,0.7325,16.6710,16.6525,15.2989,0.0014,-1.0000
16.6661,1.0000,357.2850,1.7828,0.3238,16.6689,16.6582,15.4091,0.0011,-1.0000
16.6657,1.0000,357.3017,1.3188,0.2917,16.6683,16.6581,15.4672,0.0011,-1.0000
16.6703,1.0000,357.3185,1.3194,0.3412,16.6700,16.6683,15.3591,0.0010,-1.0000
16.6639,1.0000,357.3350,1.3522,0.3159,16.6614,16.6443,15.2296,0.0011,-1.0000
16.6678,1.0000,357.3517,1.2479,0.2834,16.6667,16.6626,15.2975,0.0013,-1.0000
16.6666,1.0000,357.3685,1.1897,0.3519,16.6676,16.6581,15.2543,0.0011,-1.0000
16.6654,1.0000,357.3849,1.3080,0.3507,16.6788,16.6484,15.1763,0.0011,-1.0000
16.6695,1.0000,357.4018,1.4136,0.3568,16.6539,16.6678,15.5696,0.0009,-1.0000
16.6648,1.0000,357.4184,1.3637,0.3901,16.6720,16.6511,15.0586,0.0012,-1.0000
16.6671,1.0000,357.4351,1.4025,0.2879,16.6679,16.6540,15.4067,0.0010,-1.0000
16.6683,1.0000,357.4518,1.4707,0.3160,16.6575,16.6690,15.2578,0.0012,-1.0000
16.6656,1.0000,357.4684,1.0969,0.3321,16.6779,16.6475,15.0630,0.0012,-1.0000
16.6670,1.0000,357.4850,1.5912,0.3411,16.6607,16.6597,15.3479,0.0012,-1.0000
16.6675,1.0000,357.5018,1.2462,0.2841,16.6630,16.6616,15.4684,0.0010,-1.0000
16.6659,1.0000,357.5184,1.4098,0.3053,16.6805,16.6511,15.1300,0.0012,-1.0000
16.6638,1.0000,357.5350,1.5830,0.3563,16.6573,16.6493,15.4179,0.0011,-1.0000
16.6693,1.0000,357.5519,1.3105,0.2878,16.6688,16.6668,15.4588,0.0008,-1.0000
16.6664,1.0000,357.5684,1.1921,0.3265,16.6721,16.6526,15.0291,0.0012,-1.0000
16.6666,1.0000,357.5850,1.5198,0.3051,16.6600,16.6606,15.3344,0.0013,-1.0000
16.6695,1.0000,357.6018,1.2302,0.2640,16.6575,16.6660,15.4893,0.0011,-1.0000
16.6646,1.0000,357.6184,1.2070,0.3351,16.6759,16.6455,15.2052,0.0011,-1.0000
16.6649,1.0000,357.6350,1.6221,0.3460,16.6624,16.6562,15.3705,0.0011,-1.0000
16.6696,1.0000,357.6518,1.3247,0.2806,16.6684,16.6944,15.4732,0.0014,-1.0000
16.6655,1.0000,357.6684,1.1755,0.3252,16.6761,16.6230,15.2272,0.0009,-1.0000
16.6656,1.0000,357.6849,1.4387,0.2876,16.6568,16.6565,15.3969,0.0012,-1.0000
16.6692,1.0000,357.7020,1.2845,0.2766,16.6642,16.6652,15.5192,0.0011,-1.0000
16.6654,1.0000,357.7184,1.2198,0.3592,16.7034,16.6528,14.8797,0.0012,-1.0000
16.6652,1.0000,357.7350,1.3943,0.3508,16.6326,16.6617,15.3424,0.0011,-1.0000
16.6685,1.0000,357.7517,1.2583,0.3225,16.6647,16.6598,15.4287,0.0010,-1.0000
16.6662,1.0000,357.7684,1.1444,0.3541,16.6739,16.6518,15.2913,0.0014,-1.0000
16.6668,1.0000,357.7851,1.7719,0.3998,16.6617,16.6605,15.3769,0.0011,-1.0000
16.7068,1.0000,357.8020,1.3182,0.2800,16.6698,16.7000,15.0066,0.0014,-1.0000
16.6267,1.0000,357.8184,1.2299,0.3841,16.6687,16.6110,15.1345,0.0009,-1.0000
16.6690,1.0000,357.8351,1.3589,0.3151,16.6605,16.6691,15.4085,0.0013,-1.0000
16.6670,1.0000,357.8519,1.2827,0.3275,16.6687,16.6537,15.0211,0.0012,-1.0000
16.6637,1.0000,357.8684,1.6921,0.3287,16.7115,16.6422,15.1192,0.0013,-1.0000
16.6676,1.0000,357.8853,1.4754,0.3361,16.6203,16.6621,15.4405,0.0011,-1.0000
16.6666,1.0000,357.9017,1.2589,0.3818,16.6803,16.6576,14.7825,0.0011,-1.0000
16.6673,1.0000,357.9184,1.6316,0.3488,16.6664,16.6576,15.4725,0.0011,-1.0000
16.6672,1.0000,357.9351,1.5213,0.2846,16.6525,16.6637,15.3670,0.0013,-1.0000
16.6663,1.0000,357.9517,1.2203,0.3583,16.6706,16.6508,15.1370,0.0012,-1.0000
16.6658,1.0000,357.9684,1.8735,0.3119,16.6658,16.6558,15.3936,0.0012,-1.0000
16.6673,1.0000,357.9850,1.1838,0.2965,16.6663,16.6624,15.4660,0.0011,-1.0000
16.6671,1.0000,358.0017,1.2952,0.3600,16.6737,16.6580,15.4058,0.0010,-1.0000
16.6671,1.0000,358.0184,1.5129,0.3158,16.6602,16.6585,15.3854,0.0013,-1.0000
16.6668,1.0000,358.0351,1.2610,0.2751,16.6639,16.6967,15.3022,0.0011,-1.0000
16.6673,1.0000,358.0518,1.1949,0.3808,16.6710,16.6172,15.1952,0.0012,-1.0000
16.6655,1.0000,358.0686,1.2510,0.2992,16.6666,16.6569,15.3808,0.0013,-1.0000
16.6664,1.0000,358.0849,1.2717,0.3268,16.6675,16.6551,15.1380,0.0016,-1.0000
16.6678,1.0000,358.1018,1.3934,0.3594,16.7079,16.6670,15.5266,0.0015,-1.0000
16.6644,1.0000,358.1184,1.4207,0.3351,16.6258,16.6420,15.2163,0.0012,-1.0000
16.6680,1.0000,358.1351,1.2746,0.3536,16.6658,16.6643,15.3328,0.0009,-1.0000
16.6684,1.0000,358.1519,1.5154,0.2915,16.6646,16.6607,15.3604,0.0013,-1.0000
16.6649,1.0000,358.1684,1.1385,0.2941,16.6783,16.6518,14.9128,0.0010,-1.0000
16.6680,1.0000,358.1851,1.4246,0.3034,16.6514,16.6595,15.3782,0.0012,-1.0000
16.6684,1.0000,358.2020,1.3305,0.3480,16.6724,16.6632,15.2788,0.0012,-1.0000
16.6642,1.0000,358.2184,1.2988,0.3500,16.6707,16.6457,14.8825,0.0015,-1.0000
16.6668,1.0000,358.2350,1.7382,0.3086,16.6614,16.6568,15.4239,0.0011,-1.0000
16.6677,1.0000,358.2520,1.2798,0.3500,16.6697,16.6620,15.3924,0.0008,-1.0000
16.6656,1.0000,358.2684,1.3830,0.3510,16.6744,16.6563,14.9068,0.0011,-1.0000
16.6670,1.0000,358.2850,1.7618,0.2864,16.6563,16.6562,15.1656,0.0013,-1.0000
16.6688,1.0000,358.3018,1.2315,0.2850,16.6656,16.6649,15.4651,0.0011,-1.0000
16.6647,1.0000,358.3185,1.2686,0.3713,16.6702,16.7192,15.0231,0.0012,-1.0000
16.6667,1.0000,358.3352,1.7486,0.3715,16.6663,16.6787,15.3575,0.0013,-1.0000
16.6676,1.0000,358.3518,1.4891,0.2953,16.6655,16.6552,15.1413,0.0013,-1.0000
16.6669,1.0000,358.3685,1.1985,0.3835,16.6753,16.6466,15.2092,0.0012,-1.0000
16.6652,1.0000,358.3851,1.6952,0.2911,16.7293,16.6852,15.3041,0.0011,-1.0000
16.6686,1.0000,358.4018,1.3195,0.3526,16.6875,16.6131,15.2913,0.0013,-1.0000
16.6667,1.0000,358.4185,1.5130,0.3522,16.6662,16.6638,15.2829,0.0013,-1.0000
16.6660,1.0000,358.4352,1.4360,0.2947,16.6580,16.6917,15.1234,0.0010,-1.0000
16.6664,1.0000,358.4518,1.3804,0.3267,16.6940,16.5650,15.1819,0.0013,-1.0000
16.6678,1.0000,358.4685,1.3207,0.2905,16.6231,16.6726,15.3057,0.0013,-1.0000
16.6649,1.0000,358.4849,1.3792,0.3639,16.6747,16.6348,15.2574,0.0011,-1.0000
16.6671,1.0000,358.5017,1.5669,0.2970,16.7006,16.6713,15.4105,0.0012,-1.0000
16.6680,1.0000,358.5184,1.3815,0.3324,16.5738,16.6579,15.3770,0.0011,-1.0000
16.6650,1.0000,358.5351,1.3657,0.2653,16.6827,16.6541,15.3496,0.0010,-1.0000
16.6675,1.0000,358.5518,1.3762,0.2669,16.6433,16.7067,15.3482,0.0013,-1.0000
16.6674,1.0000,358.5684,1.2595,0.2656,16.6803,16.6154,15.2692,0.0013,-1.0000
16.6633,1.0000,358.5849,1.2796,0.3108,16.6666,16.6366,15.4379,0.0013,-1.0000
16.6693,1.0000,358.6018,1.3035,0.3164,16.6628,16.6813,15.6908,0.0010,-1.0000
16.6691,1.0000,358.6185,1.3573,0.3373,16.7147,16.6670,15.3523,0.0012,-1.0000
16.6631,1.0000,358.6350,1.3446,0.2873,16.6250,16.6378,15.0929,0.0012,-1.0000
16.6688,1.0000,358.6518,1.1973,0.3183,16.6440,16.6706,15.3810,0.0015,-1.0000
16.6677,1.0000,358.6686,0.9897,0.2937,16.6880,16.7300,15.1193,0.0013,-1.0000
16.6654,1.0000,358.6851,1.3136,0.2937,16.6781,16.5773,14.5361,0.0015,-1.0000
16.6662,1.0000,358.7018,1.5436,0.2829,16.6475,16.6512,15.3923,0.0012,-1.0000
16.6701,1.0000,358.7185,1.2883,0.3118,16.6801,16.6733,15.1838,0.0011,-1.0000
16.6659,1.0000,358.7351,1.6095,0.3781,16.7398,16.6453,14.9543,0.0017,-1.0000
16.6659,1.0000,358.7517,2.0398,0.2980,16.5876,16.6569,15.3993,0.0011,-1.0000
16.6676,1.0000,358.7685,1.2576,0.2983,16.6597,16.6673,15.3432,0.0013,-1.0000
16.6654,1.0000,358.7851,1.4882,0.3528,16.6853,16.6463,15.1969,0.0010,-1.0000
16.6674,1.0000,358.8018,1.6893,0.3006,16.6557,16.6664,15.3338,0.0011,-1.0000
16.6668,1.0000,358.8193,1.2563,0.2854,16.6663,16.6987,15.1426,0.0012,-1.0000
16.6668,1.0000,358.8353,1.3227,0.3465,16.6765,16.6746,14.0216,0.0015,-1.0000
16.6661,1.0000,358.8518,1.4483,0.3596,16.6567,16.6317,15.0924,0.0012,-1.0000
16.6672,1.0000,358.8686,1.3313,0.3364,16.6766,16.6284,15.2869,0.0013,-1.0000
16.6680,1.0000,358.8855,1.5550,0.3980,16.7101,16.8567,14.9439,0.0014,-1.0000
16.6649,1.0000,358.9018,2.6517,0.3587,16.6847,16.4353,14.7855,0.0013,-1.0000
16.6664,1.0000,358.9187,1.5381,0.3463,16.6407,16.6617,15.3349,0.0011,-1.0000
16.6667,1.0000,358.9351,1.3399,0.3463,16.6384,16.7058,14.8856,0.0010,-1.0000
16.6663,1.0000,358.9518,1.9119,0.3928,16.8687,16.6045,15.2406,0.0011,-1.0000
16.6674,1.0000,358.9688,1.6483,0.3288,16.4456,16.6664,15.2754,0.0011,-1.0000
16.6672,1.0000,358.9850,1.3257,0.3603,16.6707,16.6556,14.7698,0.0011,-1.0000
16.6656,1.0000,359.0018,1.8193,0.3284,16.7147,16.7012,15.4846,0.0009,-1.0000
16.6683,1.0000,359.0185,1.3624,0.3018,16.6124,16.6862,15.2789,0.0012,-1.0000
16.6657,1.0000,359.0351,1.3898,0.3050,16.6748,16.6369,14.6686,0.0009,-1.0000
16.6653,1.0000,359.0518,1.8846,0.3445,16.6650,16.6575,15.3246,0.0012,-1.0000
16.6682,1.0000,359.0687,1.2156,0.3300,16.7105,16.7111,15.3931,0.0010,-1.0000
16.6669,1.0000,359.0851,1.4060,0.3616,16.6962,16.6057,14.4876,0.0012,-1.0000
16.6662,1.0000,359.1018,1.9671,0.2993,16.6450,16.6359,15.3375,0.0011,-1.0000
16.6672,1.0000,359.1187,1.3315,0.2715,16.6658,16.8196,15.3551,0.0011,-1.0000
16.6662,1.0000,359.1351,1.3170,0.4607,16.7220,16.5072,14.8407,0.0013,-1.0000
16.6666,1.0000,359.1518,2.1169,0.3394,16.6164,16.6707,15.3542,0.0013,-1.0000
16.6689,1.0000,359.1693,1.2972,0.3351,16.6447,16.7226,15.3992,0.0011,-1.0000
16.6652,1.0000,359.1850,1.4635,0.3585,16.8304,16.5343,14.2839,0.0016,-1.0000
16.6656,1.0000,359.2018,1.6653,0.2977,16.5166,16.7025,15.3595,0.0010,-1.0000
16.6695,1.0000,359.2186,1.3151,0.3512,16.6794,16.7714,15.2194,0.0011,-1.0000
16.6656,1.0000,359.2354,1.3223,0.3188,16.7339,16.5240,15.0614,0.0011,-1.0000
16.6650,1.0000,359.2518,2.2489,0.3407,16.5439,16.6937,14.8833,0.0014,-1.0000
16.6679,1.0000,359.2685,1.3420,0.2774,16.7109,16.6422,15.3313,0.0012,-1.0000
16.6670,1.0000,359.2851,1.5511,0.3302,16.7808,16.6577,15.0570,0.0011,-1.0000
16.6670,1.0000,359.3018,1.4612,0.2920,16.5338,16.6805,15.1548,0.0011,-1.0000
16.6665,1.0000,359.3186,1.8088,0.2945,16.7020,16.6780,15.2903,0.0009,-1.0000
16.6666,1.0000,359.3352,1.3096,0.3672,16.6506,16.6082,15.0878,0.0015,-1.0000
16.6663,1.0000,359.3518,1.5993,0.3203,16.6674,16.6498,15.2805,0.0013,-1.0000
16.6683,1.0000,359.3687,1.5244,0.3071,16.6907,16.8643,15.2189,0.0011,-1.0000
16.6653,1.0000,359.3850,1.3865,0.3613,16.6877,16.4350,14.9796,0.0013,-1.0000
16.6659,1.0000,359.4018,1.5188,0.3102,16.6166,16.6717,15.3757,0.0010,-1.0000
16.6928,1.0000,359.4186,1.3683,0.3272,16.6597,16.6889,15.3650,0.0010,-1.0000
16.6405,1.0000,359.4350,1.6444,0.3722,16.8735,16.5818,14.8614,0.0014,-1.0000
16.6689,1.0000,359.4518,1.4539,0.3043,16.4440,16.6705,15.4206,0.0011,-1.0000
16.6667,1.0000,359.4684,1.2948,0.2932,16.6794,16.6617,15.1108,0.0013,-1.0000
16.6656,1.0000,359.4850,1.3227,0.3470,16.6974,16.6460,15.3241,0.0011,-1.0000
16.6669,1.0000,359.5017,1.7188,0.3200,16.5900,16.6604,15.4603,0.0011,-1.0000
16.6670,1.0000,359.5184,1.2487,0.3323,16.6783,16.6677,15.3055,0.0009,-1.0000
16.6660,1.0000,359.5351,1.5498,0.2862,16.6705,16.6775,15.3551,0.0012,-1.0000
16.6679,1.0000,359.5518,1.3207,0.3358,16.6550,16.7125,15.3124,0.0011,-1.0000
16.6659,1.0000,359.5685,1.1988,0.2946,16.6684,16.6596,15.1846,0.0012,-1.0000
16.6668,1.0000,359.5850,1.3610,0.3308,16.6764,16.6258,15.2274,0.0012,-1.0000
16.6672,1.0000,359.6020,1.3212,0.3039,16.6860,16.7720,15.5163,0.0010,-1.0000
16.6667,1.0000,359.6185,1.3992,0.3386,16.7234,16.5822,14.8246,0.0013,-1.0000
16.6663,1.0000,359.6351,1.4738,0.3471,16.6691,16.6148,15.2155,0.0011,-1.0000
16.6697,1.0000,359.6519,1.3971,0.3201,16.6345,16.6689,15.3189,0.0011,-1.0000
16.6646,1.0000,359.6685,1.2545,0.4033,16.7815,16.6853,14.9407,0.0011,-1.0000
16.6663,1.0000,359.6852,1.7565,0.3417,16.5923,16.5604,15.2435,0.0014,-1.0000
16.6680,1.0000,359.7019,1.3980,0.2927,16.6252,16.6710,15.2337,0.0014,-1.0000
16.6655,1.0000,359.7184,1.3487,0.3971,16.6802,16.6469,14.9693,0.0012,-1.0000
16.6653,1.0000,359.7350,1.7435,0.3079,16.6951,16.6489,15.3606,0.0012,-1.0000
16.6691,1.0000,359.7518,1.3153,0.4433,16.5689,16.6906,15.4392,0.0011,-1.0000
16.6665,1.0000,359.7684,1.4357,0.4206,16.6823,16.6350,15.2336,0.0013,-1.0000
16.6667,1.0000,359.7851,1.6763,0.3942,16.6563,16.7213,15.2905,0.0011,-1.0000
16.6685,1.0000,359.8020,1.2870,0.3347,16.6565,16.6052,15.2741,0.0012,-1.0000
16.6653,1.0000,359.8184,1.2504,0.4379,16.6999,16.6486,14.3848,0.0022,-1.0000
16.6637,1.0000,359.8350,1.3999,0.3617,16.6459,16.6407,15.3477,0.0012,-1.0000
16.6738,1.0000,359.8524,1.4295,0.3908,16.7300,16.7021,15.5169,0.0009,-1.0000
16.6622,1.0000,359.8684,1.3298,0.4001,16.6159,16.6210,14.2153,0.0019,-1.0000
16.6666,1.0000,359.8849,2.2616,0.3344,16.6584,16.6578,15.3900,0.0011,-1.0000
16.6683,1.0000,359.9017,1.2918,0.3045,16.6484,16.6665,15.5559,0.0010,-1.0000
16.6651,1.0000,359.9185,1.1841,0.3343,16.7124,16.6517,15.2077,0.0011,-1.0000
16.6660,1.0000,359.9350,2.4042,0.2961,16.6312,16.6538,15.3557,0.0013,-1.0000
16.6685,1.0000,359.9519,1.2666,0.2835,16.6663,16.6677,15.4708,0.0011,-1.0000
16.6687,1.0000,359.9685,1.1094,0.3786,16.6748,16.6637,15.1723,0.0014,-1.0000
16.6625,1.0000,359.9849,1.4429,0.3347,16.6613,16.6375,15.1611,0.0012,-1.0000
16.6684,1.0000,360.0018,1.2969,0.3026,16.6621,16.6713,15.5093,0.0011,-1.0000
16.6678,1.0000,360.0185,1.1959,0.3481,16.6774,16.6615,15.1324,0.0010,-1.0000
16.6660,1.0000,360.0351,1.4896,0.3257,16.6744,16.6538,15.1213,0.0012,-1.0000
16.6667,1.0000,360.0518,1.4752,0.3146,16.6459,16.6569,15.3367,0.0013,-1.0000
16.6657,1.0000,360.0685,1.1608,0.4031,16.6798,16.7095,14.6877,0.0009,-1.0000
16.6667,1.0000,360.0850,1.5283,0.3429,16.6705,16.6014,15.3502,0.0012,-1.0000
16.6689,1.0000,360.1019,1.5313,0.3647,16.6628,16.7071,15.3724,0.0014,-1.0000
16.6647,1.0000,360.1185,1.3187,0.3625,16.6657,16.6591,14.9722,0.0013,-1.0000
16.6669,1.0000,360.1351,2.0211,0.3224,16.7190,16.6078,15.2330,0.0011,-1.0000
16.6687,1.0000,360.1519,1.2500,0.2800,16.6106,16.6675,15.2851,0.0013,-1.0000
16.6657,1.0000,360.1685,1.3336,0.3406,16.7186,16.6928,15.1250,0.0011,-1.0000
16.6652,1.0000,360.1849,1.6856,0.3357,16.6695,16.5974,15.2086,0.0013,-1.0000
16.6691,1.0000,360.2018,1.3739,0.3075,16.6167,16.6763,15.3075,0.0010,-1.0000
16.6659,1.0000,360.2184,1.3810,0.3538,16.6794,16.6565,14.9949,0.0015,-1.0000
16.6663,1.0000,360.2355,1.5667,0.3536,16.7033,16.7182,15.4131,0.0009,-1.0000
16.6676,1.0000,360.2519,1.3874,0.2994,16.6054,16.6528,14.9414,0.0012,-1.0000
16.6661,1.0000,360.2685,1.3678,0.3676,16.6857,16.6479,15.0200,0.0011,-1.0000
16.6664,1.0000,360.2850,1.6607,0.2889,16.6668,16.6520,15.1943,0.0010,-1.0000
16.6715,1.0000,360.3021,1.3040,0.4081,16.7267,16.7540,15.2460,0.0014,-1.0000
16.6623,1.0000,360.3185,1.7102,0.4089,16.6643,16.5601,13.7255,0.0016,-1.0000
16.6657,1.0000,360.3351,1.6267,0.3691,16.6576,16.6354,15.0124,0.0018,-1.0000
16.6696,1.0000,360.3521,1.4567,0.3451,16.6611,16.8018,15.2896,0.0012,-1.0000
16.6654,1.0000,360.3686,1.5063,0.4146,16.7657,16.5333,14.7421,0.0013,-1.0000
16.6643,1.0000,360.3850,2.8331,0.4262,16.5695,16.6482,15.0809,0.0011,-1.0000
16.6687,1.0000,360.4019,1.6215,0.3508,16.6441,16.7049,15.4420,0.0011,-1.0000
16.6660,1.0000,360.4184,1.5111,0.5342,16.8120,16.5651,14.9715,0.0012,-1.0000
16.6679,1.0000,360.4352,1.7898,0.3499,16.5429,16.7365,15.3275,0.0012,-1.0000
16.6668,1.0000,360.4519,1.5663,0.3302,16.6570,16.6449,15.2205,0.0013,-1.0000
16.6664,1.0000,360.4685,1.2619,0.4075,16.7135,16.6329,15.0604,0.0012,-1.0000
16.6661,1.0000,360.4850,1.5924,0.3410,16.5741,16.6718,15.3178,0.0012,-1.0000
16.6676,1.0000,360.5018,1.4078,0.3446,16.7464,16.6628,15.4525,0.0013,-1.0000
16.6665,1.0000,360.5185,1.4232,0.4034,16.6547,16.6397,15.1974,0.0013,-1.0000
16.6663,1.0000,360.5352,1.5715,0.3327,16.6440,16.6668,15.2165,0.0012,-1.0000
16.6674,1.0000,360.5519,1.3532,0.3132,16.6816,16.6883,15.2145,0.0010,-1.0000
16.6664,1.0000,360.5685,1.2088,0.4282,16.6719,16.6227,15.1172,0.0010,-1.0000
16.6667,1.0000,360.5850,1.4413,0.3433,16.6493,16.6458,15.2228,0.0011,-1.0000
16.6664,1.0000,360.6019,1.4489,0.3697,16.6767,16.7646,15.3384,0.0012,-1.0000
16.6674,1.0000,360.6185,1.4727,0.4306,16.6968,16.5409,14.9933,0.0012,-1.0000
16.6658,1.0000,360.6351,1.5044,0.4059,16.6316,16.6704,15.2784,0.0014,-1.0000
16.6677,1.0000,360.6519,1.4221,0.3683,16.6543,16.6633,15.3562,0.0007,-1.0000
16.6666,1.0000,360.6684,1.4249,0.4026,16.7734,16.6032,15.1120,0.0012,-1.0000
16.6659,1.0000,360.6850,1.5464,0.3131,16.5509,16.6562,15.3890,0.0013,-1.0000
16.6677,1.0000,360.7018,1.3906,0.3074,16.6782,16.6670,15.3671,0.0012,-1.0000
16.6657,1.0000,360.7184,1.3064,0.3738,16.6747,16.6497,15.0897,0.0010,-1.0000
16.6678,1.0000,360.7355,1.4901,0.3502,16.6143,16.6557,15.4019,0.0012,-1.0000
16.6674,1.0000,360.7520,1.2655,0.3843,16.6657,16.6699,14.5727,0.0012,-1.0000
16.6658,1.0000,360.7685,1.2989,0.4100,16.6768,16.6814,15.0861,0.0012,-1.0000
16.6684,1.0000,360.7851,1.5588,0.3288,16.6582,16.6394,15.3716,0.0013,-1.0000
16.6668,1.0000,360.8017,1.2528,0.4151,16.6639,16.6258,15.1517,0.0011,-1.0000
16.6645,1.0000,360.8184,2.0963,0.3038,16.6794,16.6497,15.4292,0.0011,-1.0000
16.6674,1.0000,360.8353,1.5939,0.3381,16.6910,16.6851,15.4547,0.0014,-1.0000
16.6685,1.0000,360.8517,1.2663,0.3115,16.6514,16.6396,15.1120,0.0011,-1.0000
16.6660,1.0000,360.8684,1.4729,0.2948,16.6356,16.6554,15.5100,0.0011,-1.0000
16.6676,1.0000,360.8849,1.2196,0.3154,16.6590,16.6626,15.3841,0.0011,-1.0000
16.6662,1.0000,360.9017,1.2289,0.2807,16.6928,16.6580,15.4438,0.0011,-1.0000
16.6658,1.0000,360.9184,1.5268,0.2940,16.6474,16.6540,15.3432,0.0012,-1.0000
16.6679,1.0000,360.9351,1.1441,0.3152,16.6639,16.6624,15.4169,0.0012,-1.0000
16.6656,1.0000,360.9518,1.2768,0.2935,16.6707,16.6547,15.3295,0.0013,-1.0000
16.6672,1.0000,360.9684,1.2129,0.2880,16.6663,16.6568,15.4124,0.0011,-1.0000
16.6682,1.0000,360.9850,1.3091,0.3195,16.6626,16.6651,15.3827,0.0010,-1.0000
16.6661,1.0000,361.0017,1.2441,0.3306,16.6715,16.6566,15.3580,0.0010,-1.0000
16.6653,1.0000,361.0184,1.3239,0.3513,16.6629,16.6517,15.2544,0.0011,-1.0000
16.6694,1.0000,361.0354,1.2433,0.3484,16.6648,16.6690,15.4325,0.0014,-1.0000
16.6651,1.0000,361.0517,1.2813,0.4033,16.6738,16.6590,14.5024,0.0013,-1.0000
16.6652,1.0000,361.0684,1.2975,0.3206,16.6656,16.6810,15.3489,0.0013,-1.0000
16.6696,1.0000,361.0850,1.3963,0.3273,16.6598,16.6310,15.4142,0.0011,-1.0000
16.6660,1.0000,361.1018,1.2351,0.2930,16.6789,16.6541,15.2770,0.0012,-1.0000
16.6661,1.0000,361.1184,2.1554,0.3473,16.6690,16.6551,15.3412,0.0014,-1.0000
16.6675,1.0000,361.1352,1.3307,0.3203,16.6891,16.6629,15.3853,0.0012,-1.0000
16.6659,1.0000,361.1517,1.2155,0.3203,16.6384,16.6513,15.0622,0.0015,-1.0000
16.6666,1.0000,361.1684,1.3757,0.2854,16.6644,16.6599,15.4330,0.0011,-1.0000
16.6682,1.0000,361.1849,1.3123,0.3566,16.6636,16.6595,15.4627,0.0013,-1.0000
16.6649,1.0000,361.2017,1.2761,0.4151,16.6736,16.6525,15.5449,0.0010,-1.0000
16.6682,1.0000,361.2184,1.5874,0.3520,16.6600,16.6673,15.3666,0.0012,-1.0000
16.6677,1.0000,361.2351,1.2257,0.3331,16.6685,16.6576,14.5836,0.0014,-1.0000
16.6646,1.0000,361.2517,1.1954,0.2991,16.6684,16.6495,15.3891,0.0010,-1.0000
16.6670,1.0000,361.2684,1.1065,0.3344,16.6605,16.6617,15.4484,0.0010,-1.0000
16.6680,1.0000,361.2850,1.2994,0.2904,16.6760,16.6627,14.8801,0.0008,-1.0000
16.6639,1.0000,361.3018,2.0726,0.3188,16.6672,16.6495,15.4139,0.0011,-1.0000
16.6698,1.0000,361.3185,1.2593,0.3002,16.6591,16.6688,15.3180,0.0011,-1.0000
16.6664,1.0000,361.3351,1.2122,0.3756,16.6687,16.6562,15.3222,0.0009,-1.0000
16.6672,1.0000,361.3517,1.7818,0.2937,16.6701,16.6562,15.4327,0.0011,-1.0000
16.6669,1.0000,361.3686,1.2345,0.3359,16.6569,16.6609,15.2659,0.0011,-1.0000
16.6672,1.0000,361.3849,1.3496,0.3095,16.6766,16.6552,15.1859,0.0012,-1.0000
16.6648,1.0000,361.4017,1.3326,0.3152,16.6665,16.6540,15.5148,0.0012,-1.0000
16.6679,1.0000,361.4185,1.2222,0.3207,16.6651,16.6612,15.4392,0.0011,-1.0000
16.6672,1.0000,361.4351,1.3934,0.3233,16.6704,16.6610,14.6014,0.0013,-1.0000
16.6665,1.0000,361.4517,1.4679,0.2832,16.6640,16.6543,15.2639,0.0012,-1.0000
16.6673,1.0000,361.4686,1.1382,0.2893,16.6635,16.6651,15.3940,0.0013,-1.0000
16.6663,1.0000,361.4850,1.2209,0.4333,16.6691,16.6540,14.4647,0.0014,-1.0000
16.6674,1.0000,361.5017,2.0580,0.3334,16.6692,16.6601,15.3953,0.0014,-1.0000
16.6666,1.0000,361.5184,1.3889,0.2787,16.6628,16.6570,15.4148,0.0011,-1.0000
16.6666,1.0000,361.5351,1.2697,0.3697,16.6737,16.6570,15.2625,0.0011,-1.0000
16.6660,1.0000,361.5517,2.1875,0.3211,16.6625,16.6525,15.3360,0.0014,-1.0000
16.6682,1.0000,361.5684,1.2632,0.2800,16.6696,16.6638,15.4633,0.0013,-1.0000
16.6657,1.0000,361.5850,1.2409,0.6079,16.6663,16.6542,15.2756,0.0011,-1.0000
16.6658,1.0000,361.6017,1.3931,0.3307,16.6657,16.6569,15.5257,0.0011,-1.0000
16.6674,1.0000,361.6184,1.3151,0.2843,16.6609,16.6604,15.4990,0.0010,-1.0000
16.6671,1.0000,361.6350,1.1991,0.4784,16.6732,16.6577,15.2496,0.0011,-1.0000
16.6658,1.0000,361.6517,1.3773,0.3044,16.6632,16.6546,15.3905,0.0011,-1.0000
16.6675,1.0000,361.6685,1.1301,0.2985,16.6647,16.6645,15.4014,0.0011,-1.0000
16.6684,1.0000,361.6850,1.1604,0.3616,16.6696,16.6608,15.0047,0.0011,-1.0000
16.6656,1.0000,361.7018,1.4072,0.3072,16.6669,16.6501,15.2920,0.0011,-1.0000
16.6686,1.0000,361.7186,1.2628,0.3410,16.6627,16.6672,15.3131,0.0011,-1.0000
16.6650,1.0000,361.7351,1.2618,0.4163,16.6725,16.6491,15.0891,0.0013,-1.0000
16.6658,1.0000,361.7517,1.6548,0.3427,16.6708,16.6543,15.4389,0.0012,-1.0000
16.6681,1.0000,361.7684,1.3568,0.3217,16.6593,16.6647,15.3030,0.0011,-1.0000
16.6667,1.0000,361.7850,1.3530,0.3426,16.6777,16.6543,15.0762,0.0012,-1.0000
16.6660,1.0000,361.8017,1.5587,0.3585,16.6598,16.6556,15.4314,0.0013,-1.0000
16.6665,1.0000,361.8184,1.2142,0.3289,16.6622,16.6582,15.5105,0.0010,-1.0000
16.6678,1.0000,361.8351,1.3604,0.3668,16.6744,16.6611,15.4241,0.0011,-1.0000
16.6636,1.0000,361.8516,1.5767,0.3391,16.6633,16.6446,15.4382,0.0014,-1.0000
16.6683,1.0000,361.8684,1.2228,0.2806,16.6641,16.6653,15.6191,0.0011,-1.0000
16.6697,1.0000,361.8853,1.1468,0.3470,16.6668,16.6720,15.2913,0.0015,-1.0000
16.6629,1.0000,361.9017,1.2359,0.3363,16.6703,16.6410,15.1464,0.0012,-1.0000
16.6694,1.0000,361.9185,1.2051,0.2642,16.6524,16.6678,15.4298,0.0009,-1.0000
16.6681,1.0000,361.9353,1.0452,0.2988,16.6726,16.6611,14.9926,0.0012,-1.0000
16.6646,1.0000,361.9517,1.3791,0.2964,16.6820,16.6453,14.9835,0.0014,-1.0000
16.6676,1.0000,361.9684,1.4933,0.2861,16.6515,16.6662,15.3597,0.0013,-1.0000
16.6664,1.0000,361.9850,1.2368,0.3380,16.6767,16.6543,14.6573,0.0012,-1.0000
16.6658,1.0000,362.0017,1.6675,0.3380,16.6721,16.6526,15.4982,0.0011,-1.0000
16.6697,1.0000,362.0187,1.6602,0.2731,16.6538,16.6676,15.4312,0.0010,-1.0000
16.6674,1.0000,362.0351,1.3048,0.3422,16.6740,16.5702,15.0385,0.0012,-1.0000
16.6662,1.0000,362.0520,1.9958,0.3300,16.6631,16.6543,15.1028,0.0013,-1.0000
16.6665,1.0000,362.0684,1.1532,0.3016,16.6604,16.6616,15.0628,0.0014,-1.0000
16.6669,1.0000,362.0849,1.2353,0.3446,16.6749,16.6587,15.3388,0.0010,-1.0000
16.6668,1.0000,362.1018,1.5305,0.3439,16.6687,16.6602,15.5998,0.0010,-1.0000
16.6678,1.0000,362.1187,1.5501,0.4029,16.6623,16.6595,15.3360,0.0010,-1.0000
16.6667,1.0000,362.1351,1.5974,0.4058,16.6700,16.6492,14.2289,0.0011,-1.0000
16.6664,1.0000,362.1517,1.3188,0.3416,16.6670,16.6598,15.3112,0.0014,-1.0000
16.6666,1.0000,362.1686,1.0594,0.3452,16.6700,16.6482,15.3437,0.0013,-1.0000
16.6665,1.0000,362.1849,1.3223,0.3789,16.6721,16.6578,14.5803,0.0013,-1.0000
16.6655,1.0000,362.2018,2.4185,0.3438,16.6596,16.6540,15.5240,0.0012,-1.0000
16.6695,1.0000,362.2189,1.3472,0.3364,16.6758,16.6728,15.3957,0.0015,-1.0000
16.6667,1.0000,362.2351,1.3030,0.4170,16.6571,16.6449,14.5670,0.0017,-1.0000
16.6652,1.0000,362.2517,2.0760,0.3465,16.6664,16.6538,15.1477,0.0011,-1.0000
16.6678,1.0000,362.2686,1.1288,0.3652,16.6624,16.7163,15.4112,0.0013,-1.0000
16.6663,1.0000,362.2850,1.2754,0.4282,16.6844,16.6002,15.0502,0.0014,-1.0000
16.6650,1.0000,362.3017,2.0763,0.3334,16.6567,16.6511,15.4740,0.0011,-1.0000
16.6686,1.0000,362.3184,1.5049,0.3816,16.6616,16.6667,15.5114,0.0010,-1.0000
16.6663,1.0000,362.3350,1.3037,0.3385,16.7271,16.6518,15.2969,0.0013,-1.0000
16.6655,1.0000,362.3517,1.5485,0.3179,16.6099,16.6574,15.4524,0.0016,-1.0000
16.6686,1.0000,362.3684,1.1760,0.2630,16.6587,16.6599,15.4440,0.0015,-1.0000
16.6653,1.0000,362.3849,1.1544,0.3969,16.6765,16.6569,15.1625,0.0011,-1.0000
16.6662,1.0000,362.4017,1.3535,0.3320,16.6622,16.6551,15.5206,0.0011,-1.0000
16.6682,1.0000,362.4186,1.2032,0.3153,16.6652,16.6649,15.5055,0.0012,-1.0000
16.6659,1.0000,362.4350,1.2142,0.3488,16.6684,16.6492,14.6582,0.0013,-1.0000
16.6666,1.0000,362.4517,1.4934,0.3327,16.6656,16.6607,15.4632,0.0011,-1.0000
16.6685,1.0000,362.4685,1.1338,0.2872,16.6638,16.6664,15.3976,0.0011,-1.0000
16.6643,1.0000,362.4849,1.1583,0.4092,16.6757,16.6447,15.2259,0.0014,-1.0000
16.6677,1.0000,362.5017,1.9895,0.3082,16.6590,16.6602,15.5767,0.0011,-1.0000
16.6668,1.0000,362.5183,1.1967,0.3034,16.6690,16.6592,15.4632,0.0010,-1.0000
16.6647,1.0000,362.5350,1.2674,0.3392,16.6768,16.6488,15.5233,0.0010,-1.0000
16.6688,1.0000,362.5528,1.4174,0.3204,16.6539,17.1176,15.4955,0.0011,-1.0000
16.6680,1.0000,362.5684,1.0823,0.3379,16.6684,16.2107,14.2367,0.0012,-1.0000
16.6651,1.0000,362.5849,1.1949,0.3548,16.6673,16.6556,15.5328,0.0012,-1.0000
16.6693,1.0000,362.6018,1.1244,0.2994,16.6568,16.6683,15.5215,0.0010,-1.0000
16.6652,1.0000,362.6184,1.6208,0.3368,17.1251,16.6502,14.9398,0.0015,-1.0000
16.6650,1.0000,362.6350,1.9727,0.2900,16.2187,16.6512,15.4617,0.0011,-1.0000
16.6699,1.0000,362.6518,1.1214,0.3129,16.6636,16.6696,15.5310,0.0008,-1.0000
16.6655,1.0000,362.6684,1.1457,0.3226,16.6780,16.6549,15.3750,0.0011,-1.0000
16.6662,1.0000,362.6849,1.7089,0.2918,16.6604,16.6567,15.3450,0.0011,-1.0000
16.6676,1.0000,362.7020,1.1882,0.2955,16.6584,16.6600,15.3708,0.0012,-1.0000
16.6666,1.0000,362.7184,1.1373,0.3652,16.6774,16.6592,14.8081,0.0013,-1.0000
16.6656,1.0000,362.7350,1.2787,0.3490,16.6635,16.6534,15.5099,0.0012,-1.0000
16.6679,1.0000,362.7517,1.3105,0.2915,16.6651,16.6678,15.5170,0.0010,-1.0000
16.6669,1.0000,362.7684,1.2879,0.3282,16.6688,16.6545,15.3956,0.0011,-1.0000
16.6668,1.0000,362.7849,1.8498,0.2867,16.6673,16.6573,15.4455,0.0012,-1.0000
16.6670,1.0000,362.8022,1.1424,0.2613,16.6611,16.6616,15.4098,0.0011,-1.0000
16.6673,1.0000,362.8184,1.1498,0.3003,16.6758,16.6540,14.6713,0.0015,-1.0000
16.6654,1.0000,362.8350,1.2574,0.3351,16.6638,16.6532,15.3405,0.0011,-1.0000
16.6693,1.0000,362.8523,1.2105,0.2949,16.6653,17.0996,15.5363,0.0011,-1.0000
16.6646,1.0000,362.8684,1.2505,0.5018,16.6715,16.2189,14.5718,0.0015,-1.0000
16.6670,1.0000,362.8850,1.9812,0.3369,16.6636,16.6570,15.3629,0.0012,-1.0000
16.6673,1.0000,362.9018,1.3116,0.2770,16.6609,16.6598,15.5462,0.0011,-1.0000
16.6670,1.0000,362.9184,1.5620,0.4307,17.1104,16.6574,15.2931,0.0013,-1.0000
16.6659,1.0000,362.9351,1.6455,0.3492,16.2293,16.6551,15.3430,0.0013,-1.0000
16.6673,1.0000,362.9522,1.2928,0.3076,16.6660,16.6631,15.2832,0.0011,-1.0000
16.6670,1.0000,362.9684,1.1123,0.3256,16.6681,16.6539,14.7538,0.0014,-1.0000
16.6661,1.0000,362.9850,1.3630,0.3353,16.6668,16.6578,15.3969,0.0011,-1.0000
16.6670,1.0000,363.0018,1.3106,0.3468,16.6641,16.6609,15.3993,0.0011,-1.0000
16.6664,1.0000,363.0184,1.3784,0.4634,16.6727,16.6529,15.3109,0.0009,-1.0000
16.6667,1.0000,363.0351,1.8987,0.3366,16.6629,16.6563,15.3705,0.0012,-1.0000
16.6661,1.0000,363.0517,1.2597,0.3442,16.6681,16.6609,15.3702,0.0013,-1.0000
16.6673,1.0000,363.0684,1.2602,0.3169,16.6699,16.6553,15.2919,0.0011,-1.0000
16.6660,1.0000,363.0850,1.3408,0.3179,16.6617,16.6523,15.4491,0.0012,-1.0000
16.6691,1.0000,363.1018,1.2847,0.3291,16.6658,16.7049,15.3914,0.0011,-1.0000
16.6658,1.0000,363.1184,1.2893,0.3328,16.6703,16.6172,15.1611,0.0013,-1.0000
16.6664,1.0000,363.1351,1.3620,0.3160,16.6644,16.7167,15.3897,0.0010,-1.0000
16.6669,1.0000,363.1517,1.2020,0.4007,16.6601,16.6000,15.2965,0.0011,-1.0000
16.6665,1.0000,363.1684,1.3124,0.4063,16.7146,16.6566,14.9028,0.0011,-1.0000
16.6659,1.0000,363.1849,1.4547,0.3502,16.6264,16.6552,15.4293,0.0016,-1.0000
16.6690,1.0000,363.2018,1.3258,0.4294,16.7255,16.6669,15.5755,0.0009,-1.0000
16.6665,1.0000,363.2184,1.3020,0.4067,16.6079,16.6558,15.1283,0.0015,-1.0000
16.6646,1.0000,363.2350,1.7527,0.3284,16.6651,16.6448,15.2804,0.0009,-1.0000
16.6712,1.0000,363.2519,1.2241,0.3324,16.6637,16.6725,15.5458,0.0009,-1.0000
16.6630,1.0000,363.2684,1.0903,0.3842,16.6766,16.6437,15.1879,0.0013,-1.0000
16.6655,1.0000,363.2850,1.5260,0.3623,16.6675,16.6532,15.3714,0.0012,-1.0000
16.6685,1.0000,363.3017,1.3633,0.3119,16.6543,16.6659,15.5416,0.0010,-1.0000
16.6661,1.0000,363.3184,1.1258,0.4439,16.6843,16.6581,15.3336,0.0012,-1.0000
16.6671,1.0000,363.3351,1.4544,0.3591,16.6533,16.6598,15.3930,0.0016,-1.0000
16.6674,1.0000,363.3521,1.2804,0.3260,16.6609,16.6614,15.2629,0.0012,-1.0000
16.6660,1.0000,363.3684,1.1232,0.3820,16.6733,16.6528,14.8903,0.0014,-1.0000
16.6663,1.0000,363.3850,1.3233,0.3556,16.6662,16.6546,15.3159,0.0013,-1.0000
16.6695,1.0000,363.4018,1.2651,0.4025,16.6682,16.6708,15.5543,0.0009,-1.0000
16.6655,1.0000,363.4185,1.3970,0.4554,16.6719,16.6569,15.2470,0.0015,-1.0000
16.6639,1.0000,363.4350,1.7611,0.3430,16.6619,16.6272,15.0334,0.0011,-1.0000
16.6710,1.0000,363.4518,1.3373,0.3452,16.6632,16.6769,15.4834,0.0012,-1.0000
16.6645,1.0000,363.4684,1.1155,0.3681,16.6812,16.6474,15.1620,0.0011,-1.0000
16.6664,1.0000,363.4850,1.4082,0.3493,16.6731,16.6588,15.3182,0.0014,-1.0000
16.6683,1.0000,363.5018,1.5927,0.3675,16.6376,16.6590,15.5536,0.0013,-1.0000
16.6657,1.0000,363.5184,1.1921,0.3551,16.6863,16.6575,15.2881,0.0012,-1.0000
16.6664,1.0000,363.5351,1.4841,0.3616,16.6568,16.6566,15.4497,0.0011,-1.0000
16.6682,1.0000,363.5518,1.3392,0.3170,16.6684,16.6669,15.1504,0.0013,-1.0000
16.6644,1.0000,363.5684,1.1041,0.3377,16.6677,16.6429,15.2708,0.0011,-1.0000
16.6681,1.0000,363.5850,1.3683,0.3097,16.6664,16.6646,15.4026,0.0012,-1.0000
16.6680,1.0000,363.6019,1.2055,0.3481,16.6651,16.6630,15.5315,0.0012,-1.0000
16.6640,1.0000,363.6184,1.5150,0.3197,16.6767,16.6420,15.0785,0.0018,-1.0000
16.7586,1.0000,363.6360,1.3711,0.3434,16.6535,16.7558,15.5629,0.0014,-1.0000
16.6688,1.0000,363.6520,1.2610,0.3349,16.6730,16.6646,14.2916,0.0014,-1.0000
16.6644,1.0000,363.6685,1.1303,0.3453,16.6749,16.6464,15.0157,0.0012,-1.0000
16.6668,1.0000,363.6851,1.5619,0.3554,16.6506,16.6598,15.5365,0.0009,-1.0000
16.6675,1.0000,363.7018,1.1914,0.3901,16.7633,16.6611,15.4776,0.0010,-1.0000
16.6657,1.0000,363.7185,2.3719,0.4188,16.6751,16.6541,15.3575,0.0014,-1.0000
16.6665,1.0000,363.7355,1.6296,0.3206,16.6554,16.6601,15.4818,0.0011,-1.0000
16.6675,1.0000,363.7518,1.1221,0.3440,16.6682,16.6612,15.0655,0.0010,-1.0000
16.6669,1.0000,363.7685,1.1823,0.3303,16.6692,16.6571,15.4648,0.0009,-1.0000
16.6666,1.0000,363.7851,1.2949,0.3186,16.6632,16.6588,15.4052,0.0012,-1.0000
16.6668,1.0000,363.8019,1.1771,0.3771,16.6682,16.6578,15.2146,0.0012,-1.0000
16.6669,1.0000,363.8185,1.5946,0.3041,16.6693,16.6569,15.3181,0.0011,-1.0000
16.6671,1.0000,363.8353,1.1913,0.3370,16.6663,16.6618,15.4042,0.0012,-1.0000
16.6666,1.0000,363.8518,1.2522,0.7375,16.6686,16.6525,15.1251,0.0012,-1.0000
16.6657,1.0000,363.8685,1.4420,0.3927,16.6667,16.6543,15.3368,0.0011,-1.0000
16.6696,1.0000,363.8858,1.3377,0.3357,16.6649,16.6759,15.2681,0.0012,-1.0000
16.6647,1.0000,363.9018,1.2563,0.5308,16.6724,16.6394,14.1407,0.0017,-1.0000
16.6659,1.0000,363.9185,1.5261,0.3427,16.6620,16.6521,15.3914,0.0012,-1.0000
16.6698,1.0000,363.9352,1.3163,0.3458,16.6630,16.6728,15.5045,0.0010,-1.0000
16.6644,1.0000,363.9518,1.4065,0.4328,16.6860,16.6467,15.2683,0.0010,-1.0000
16.6660,1.0000,363.9684,2.4968,0.3186,16.6494,16.6543,15.4208,0.0014,-1.0000
16.6700,1.0000,363.9851,1.2595,0.3697,16.6604,16.6689,15.5307,0.0014,-1.0000
16.6642,1.0000,364.0018,1.1670,0.3939,16.6830,16.6484,14.9742,0.0011,-1.0000
16.6667,1.0000,364.0185,1.3773,0.3310,16.6565,16.6542,15.4396,0.0011,-1.0000
16.6679,1.0000,364.0352,1.2321,0.3122,16.6626,16.6648,15.4188,0.0013,-1.0000
16.6660,1.0000,364.0518,1.1365,0.4135,16.6786,16.6550,14.8143,0.0015,-1.0000
16.6656,1.0000,364.0685,1.6729,0.3584,16.6595,16.6570,15.4449,0.0013,-1.0000
16.6686,1.0000,364.0851,1.2137,0.3459,16.6624,16.6636,15.5191,0.0012,-1.0000
16.6651,1.0000,364.1018,1.2446,0.3988,16.6735,16.6500,15.5410,0.0009,-1.0000
16.6679,1.0000,364.1185,1.8389,0.3446,16.6630,16.6634,15.4854,0.0011,-1.0000
16.6674,1.0000,364.1352,1.2106,0.3370,16.6653,16.6627,14.8504,0.0014,-1.0000
16.6635,1.0000,364.1518,1.1432,0.3057,16.6727,16.6453,15.4209,0.0012,-1.0000
16.6691,1.0000,364.1686,1.1081,0.3556,16.6585,16.6717,15.5650,0.0012,-1.0000
16.6679,1.0000,364.1851,1.1769,0.3772,16.6709,16.6588,15.3002,0.0013,-1.0000
16.6659,1.0000,364.2018,1.8109,0.3101,16.6705,16.6573,15.3333,0.0010,-1.0000
16.6665,1.0000,364.2185,1.2231,0.2860,16.6520,16.6540,15.3431,0.0010,-1.0000
16.6675,1.0000,364.2352,1.1055,0.3237,16.6788,16.6629,15.3628,0.0011,-1.0000
16.6663,1.0000,364.2518,1.3571,0.3502,16.6685,16.6554,15.1700,0.0012,-1.0000
16.6668,1.0000,364.2685,1.3231,0.2879,16.6661,16.6611,15.4550,0.0011,-1.0000
16.6681,1.0000,364.2851,1.3099,0.2867,16.6631,16.6590,15.5108,0.0009,-1.0000
16.6647,1.0000,364.3018,1.2992,0.3515,16.6719,16.6501,14.8611,0.0012,-1.0000
16.6670,1.0000,364.3185,1.4841,0.3042,16.6635,16.6600,15.4784,0.0010,-1.0000
16.6672,1.0000,364.3353,1.2048,0.3257,16.6700,16.6631,15.4442,0.0012,-1.0000
16.6666,1.0000,364.3519,1.1471,0.3509,16.6691,16.7170,14.9907,0.0015,-1.0000
16.6677,1.0000,364.3687,1.7876,0.2777,16.6587,16.7016,15.4069,0.0012,-1.0000
16.6671,1.0000,364.3851,1.1805,0.2944,16.6675,16.6208,15.2313,0.0013,-1.0000
16.6654,1.0000,364.4019,1.2177,0.3540,16.6717,16.6597,15.2271,0.0012,-1.0000
16.6649,1.0000,364.4185,1.7252,0.3242,16.7276,16.6761,15.3771,0.0009,-1.0000
16.6695,1.0000,364.4352,1.2938,0.3218,16.7123,16.6322,15.4791,0.0011,-1.0000
16.6661,1.0000,364.4519,1.3880,0.3967,16.6299,16.6428,15.2347,0.0010,-1.0000
16.6668,1.0000,364.4686,1.4314,0.2956,16.6686,16.7200,15.3618,0.0013,-1.0000
16.6677,1.0000,364.4851,1.2980,0.2745,16.6837,16.5716,15.3740,0.0011,-1.0000
16.6654,1.0000,364.5018,1.1518,0.2803,16.6413,16.6460,15.3712,0.0013,-1.0000
16.6672,1.0000,364.5185,1.4070,0.3353,16.6516,16.6634,15.4246,0.0011,-1.0000
16.6663,1.0000,364.5352,1.3569,0.2872,16.7282,16.6592,15.4297,0.0012,-1.0000
16.6672,1.0000,364.5518,1.1964,0.3491,16.5815,16.6542,15.1567,0.0012,-1.0000
16.6669,1.0000,364.5685,1.2736,0.3009,16.6558,16.6642,15.3764,0.0014,-1.0000
16.6682,1.0000,364.5853,1.2376,0.3140,16.6735,16.7248,15.4352,0.0013,-1.0000
16.6626,1.0000,364.6018,1.2282,0.3620,16.6685,16.5706,15.1458,0.0013,-1.0000
16.6692,1.0000,364.6185,1.4961,0.3163,16.6632,16.6636,15.3826,0.0010,-1.0000
16.6664,1.0000,364.6352,1.2864,0.3102,16.6734,16.6669,15.3083,0.0011,-1.0000
16.6658,1.0000,364.6518,1.2883,0.3559,16.7358,16.6433,15.3985,0.0010,-1.0000
16.6678,1.0000,364.6686,1.4237,0.3125,16.5814,16.6797,15.5535,0.0010,-1.0000
16.6670,1.0000,364.6851,1.2799,0.3773,16.6715,16.6502,15.0857,0.0012,-1.0000
16.6639,1.0000,364.7018,1.3576,0.2629,16.6755,16.6432,15.3616,0.0012,-1.0000
16.6715,1.0000,364.7187,1.2432,0.2830,16.6517,16.6871,15.4520,0.0011,-1.0000
16.6651,1.0000,364.7353,1.1252,0.2883,16.6900,16.6669,15.0163,0.0013,-1.0000
16.6645,1.0000,364.7518,1.5635,0.2815,16.6597,16.6238,15.3515,0.0014,-1.0000
16.7139,1.0000,364.7686,1.2804,0.3405,16.6505,16.7465,15.5251,0.0012,-1.0000
16.6211,1.0000,364.7851,1.2346,0.3526,16.6989,16.5766,14.6716,0.0011,-1.0000
16.6660,1.0000,364.8018,1.6496,0.2793,16.6774,16.6523,15.3735,0.0011,-1.0000
16.6677,1.0000,364.8185,1.2709,0.2556,16.6324,16.6694,15.4565,0.0011,-1.0000
16.6682,1.0000,364.8352,1.2205,0.2941,16.7556,16.6675,15.3054,0.0013,-1.0000
16.6640,1.0000,364.8518,1.9040,0.3266,16.5851,16.6297,15.4123,0.0011,-1.0000
16.6659,1.0000,364.8686,1.2775,0.3074,16.6607,16.7061,15.5260,0.0011,-1.0000
16.6687,1.0000,364.8851,1.2118,0.2711,16.6798,16.6112,15.1484,0.0012,-1.0000
16.6665,1.0000,364.9019,1.3608,0.2691,16.6778,16.6592,15.5739,0.0010,-1.0000
16.6679,1.0000,364.9186,1.2161,0.2700,16.6385,16.7175,15.3612,0.0013,-1.0000
16.6658,1.0000,364.9352,1.1790,0.3159,16.7146,16.5989,15.2018,0.0012,-1.0000
16.6669,1.0000,364.9519,1.4614,0.2817,16.6199,16.6642,15.4387,0.0010,-1.0000
16.6663,1.0000,364.9688,1.0842,0.2938,16.6677,16.7060,15.3705,0.0016,-1.0000
16.6667,1.0000,364.9850,1.3550,0.3475,16.7275,16.6064,14.6024,0.0014,-1.0000
16.6661,1.0000,365.0018,1.3960,0.2874,16.6080,16.6483,15.5672,0.0010,-1.0000
16.6689,1.0000,365.0186,1.2243,0.3207,16.6731,16.6872,15.4632,0.0011,-1.0000
16.6651,1.0000,365.0352,1.3339,0.3412,16.7147,16.6901,14.4270,0.0011,-1.0000
16.6666,1.0000,365.0519,2.0026,0.2840,16.6150,16.6504,15.3495,0.0013,-1.0000
16.6687,1.0000,365.0688,1.0801,0.3115,16.6568,16.6948,15.3960,0.0012,-1.0000
16.6647,1.0000,365.0851,1.2231,0.4177,16.6977,16.6347,14.2500,0.0013,-1.0000
16.6666,1.0000,365.1020,2.2620,0.2863,16.7005,16.6748,15.4539,0.0012,-1.0000
16.6683,1.0000,365.1186,1.2994,0.2872,16.6591,16.6328,15.3331,0.0009,-1.0000
16.6665,1.0000,365.1352,1.2975,0.3534,16.7060,16.6415,15.1996,0.0013,-1.0000
16.6650,1.0000,365.1519,2.3836,0.3264,16.6435,16.7569,15.3863,0.0011,-1.0000
16.6698,1.0000,365.1687,1.2196,0.3008,16.6831,16.5985,15.3682,0.0012,-1.0000
16.6654,1.0000,365.1851,1.2988,0.3695,16.6415,16.6306,14.3609,0.0017,-1.0000
16.6644,1.0000,365.2019,1.4407,0.2847,16.6514,16.6821,15.4030,0.0011,-1.0000
16.6691,1.0000,365.2186,1.3692,0.3322,16.7656,16.5832,15.3789,0.0012,-1.0000
16.6663,1.0000,365.2352,1.2291,0.3423,16.6096,16.7060,15.2394,0.0015,-1.0000
16.6661,1.0000,365.2519,2.2679,0.3571,16.6412,16.6638,15.3957,0.0014,-1.0000
16.6682,1.0000,365.2687,1.2781,0.2837,16.6901,16.6739,15.3889,0.0011,-1.0000
16.6657,1.0000,365.2851,1.2032,0.3217,16.5911,16.6393,15.1878,0.0013,-1.0000
16.6671,1.0000,365.3020,1.4652,0.3199,16.7153,16.6643,15.4267,0.0012,-1.0000
16.6684,1.0000,365.3186,1.2671,0.3129,16.6724,16.6580,15.2626,0.0013,-1.0000
16.6645,1.0000,365.3352,1.2840,0.3405,16.6843,16.6499,15.3177,0.0013,-1.0000
16.6657,1.0000,365.3519,1.4507,0.3071,16.6483,16.6682,15.3739,0.0011,-1.0000
16.6687,1.0000,365.3687,1.2363,0.2936,16.6748,16.6377,15.4522,0.0010,-1.0000
16.6665,1.0000,365.3852,1.3941,0.3226,16.6668,16.6487,15.0811,0.0015,-1.0000
16.6660,1.0000,365.4020,1.3308,0.3250,16.6590,16.7676,15.4033,0.0014,-1.0000
16.6678,1.0000,365.4185,1.2932,0.2909,16.6760,16.5389,15.1442,0.0011,-1.0000
16.6659,1.0000,365.4352,1.1847,0.3063,16.6486,16.6586,15.3088,0.0010,-1.0000
16.6661,1.0000,365.4519,1.5662,0.3045,16.6594,16.6533,15.3501,0.0012,-1.0000
16.6691,1.0000,365.4686,1.3627,0.3079,16.7771,16.6417,15.4148,0.0010,-1.0000
16.6643,1.0000,365.4850,1.3935,0.3518,16.5479,16.6354,15.2530,0.0011,-1.0000
16.6671,1.0000,365.5018,1.3488,0.2987,16.6677,16.6595,15.5934,0.0009,-1.0000
16.6673,1.0000,365.5185,1.3022,0.2782,16.6617,16.6707,15.1108,0.0009,-1.0000
16.6650,1.0000,365.5352,1.2256,0.2945,16.6519,16.6417,15.4870,0.0011,-1.0000
16.6688,1.0000,365.5520,1.3813,0.3210,16.6446,16.6707,15.3990,0.0010,-1.0000
16.6670,1.0000,365.5685,1.0651,0.3648,16.6667,16.6886,15.0060,0.0013,-1.0000
16.6643,1.0000,365.5850,1.5587,0.2990,16.6789,16.6206,15.4329,0.0011,-1.0000
16.6679,1.0000,365.6018,1.1538,0.3188,16.6489,16.6746,15.6310,0.0010,-1.0000
16.6677,1.0000,365.6185,1.2705,0.3086,16.6782,16.6339,15.1795,0.0011,-1.0000
16.6657,1.0000,365.6351,1.6813,0.2951,16.6975,16.6559,15.4632,0.0012,-1.0000
16.6686,1.0000,365.6519,1.1865,0.2687,16.6280,16.6639,15.4471,0.0015,-1.0000
16.6664,1.0000,365.6685,1.0425,0.4912,16.6818,16.6570,15.3051,0.0011,-1.0000
16.6648,1.0000,365.6850,1.4532,0.2829,16.6419,16.6517,15.4555,0.0013,-1.0000
16.6678,1.0000,365.7019,1.1913,0.2903,16.6634,16.6634,15.6163,0.0011,-1.0000
16.6670,1.0000,365.7185,1.2150,0.3950,16.6719,16.6610,15.1277,0.0012,-1.0000
16.6666,1.0000,365.7351,1.3508,0.2876,16.6656,16.6553,15.4629,0.0013,-1.0000
16.6694,1.0000,365.7519,1.1949,0.2684,16.6597,16.6666,15.3486,0.0012,-1.0000
16.6648,1.0000,365.7685,1.0460,0.3807,16.6714,16.6491,15.1083,0.0011,-1.0000
16.6659,1.0000,365.7851,1.5318,0.2891,16.6691,16.6545,15.2886,0.0012,-1.0000
16.6692,1.0000,365.8019,1.1908,0.3332,16.6638,16.6656,15.5317,0.0010,-1.0000
16.6652,1.0000,365.8188,1.3165,0.3718,16.6795,16.6514,15.1166,0.0014,-1.0000
16.6665,1.0000,365.8353,1.5397,0.3137,16.6583,16.6562,15.0743,0.0011,-1.0000
16.6678,1.0000,365.8518,1.3645,0.2986,16.6636,16.6543,15.2876,0.0011,-1.0000
16.6658,1.0000,365.8685,1.1328,0.3142,16.6760,16.6563,14.6787,0.0011,-1.0000
16.6647,1.0000,365.8850,1.5331,0.3749,16.6628,16.6491,15.3601,0.0011,-1.0000
16.6693,1.0000,365.9019,1.5807,0.3137,16.6670,16.6683,15.5978,0.0013,-1.0000
16.6653,1.0000,365.9185,1.3655,0.4666,16.6641,16.6544,15.1621,0.0010,-1.0000
16.6660,1.0000,365.9352,1.9763,0.3572,16.6664,16.6576,15.4078,0.0011,-1.0000
16.6686,1.0000,365.9519,1.2881,0.3269,16.6580,16.6664,15.2346,0.0009,-1.0000
16.6659,1.0000,365.9685,1.0691,0.4010,16.6760,16.6491,15.0116,0.0015,-1.0000
16.6670,1.0000,365.9851,1.4914,0.3335,16.6631,16.6601,15.3669,0.0012,-1.0000
16.6692,1.0000,366.0020,1.2485,0.3556,16.6650,16.6648,15.4585,0.0010,-1.0000
16.6622,1.0000,366.0184,1.4308,0.4441,16.6778,16.6395,15.0268,0.0012,-1.0000
16.6691,1.0000,366.0353,1.6359,0.3326,16.6578,16.6737,15.5692,0.0011,-1.0000
16.6683,1.0000,366.0519,1.2919,0.3260,16.6690,16.6574,15.0902,0.0014,-1.0000
16.6651,1.0000,366.0685,1.2052,0.2930,16.6754,16.6459,15.1122,0.0013,-1.0000
16.6655,1.0000,366.0850,1.6116,0.2836,16.6482,16.6552,15.3658,0.0013,-1.0000
16.6690,1.0000,366.1018,1.1029,0.3605,16.6835,16.6664,15.6064,0.0012,-1.0000
16.6658,1.0000,366.1185,1.5656,0.3513,16.6684,16.6546,15.1509,0.0011,-1.0000
16.6651,1.0000,366.1351,1.5323,0.3333,16.6551,16.6516,15.4189,0.0012,-1.0000
16.6690,1.0000,366.1519,1.2879,0.3000,16.6629,16.6683,15.4667,0.0009,-1.0000
16.6668,1.0000,366.1685,1.0588,0.3708,16.6749,16.6563,15.2151,0.0010,-1.0000
16.6665,1.0000,366.1851,1.5027,0.3075,16.6649,16.6591,15.4323,0.0010,-1.0000
16.6678,1.0000,366.2020,1.2314,0.2887,16.6595,16.6617,15.3448,0.0014,-1.0000
16.6657,1.0000,366.2185,1.2006,0.3082,16.6759,16.6488,14.9796,0.0014,-1.0000
16.6673,1.0000,366.2352,1.4400,0.3060,16.6648,16.6646,15.4260,0.0012,-1.0000
16.6670,1.0000,366.2523,1.2257,0.8687,16.6688,16.6541,15.3498,0.0008,-1.0000
16.6651,1.0000,366.2685,1.3149,0.3208,16.6714,16.6534,14.9035,0.0012,-1.0000
16.6682,1.0000,366.2853,1.6676,0.2895,16.6588,16.6636,15.3817,0.0010,-1.0000
16.6686,1.0000,366.3019,1.2370,0.4294,16.6757,16.6661,14.8814,0.0014,-1.0000
16.6651,1.0000,366.3185,1.3033,0.4217,16.6624,16.6448,15.1356,0.0011,-1.0000
16.6662,1.0000,366.3352,1.7488,0.3590,16.6622,16.6564,15.2912,0.0012,-1.0000
16.6666,1.0000,366.3518,1.2807,0.4079,16.6717,16.6551,15.2349,0.0014,-1.0000
16.6662,1.0000,366.3685,1.7830,0.3705,16.6785,16.6533,15.3825,0.0012,-1.0000
16.6678,1.0000,366.3851,1.5079,0.4154,16.6553,16.6656,15.4070,0.0011,-1.0000
16.6669,1.0000,366.4018,1.3639,0.4183,16.6672,16.6584,15.4102,0.0017,-1.0000
16.6656,1.0000,366.4185,1.4187,0.3661,16.6636,16.6502,15.2776,0.0013,-1.0000
16.6686,1.0000,366.4352,1.2693,0.3382,16.6613,16.6662,15.4292,0.0013,-1.0000
16.6656,1.0000,366.4518,1.2573,0.3821,16.6734,16.6539,15.1474,0.0015,-1.0000
16.6659,1.0000,366.4685,1.2463,0.3323,16.6683,16.6510,15.3812,0.0013,-1.0000
16.6691,1.0000,366.4854,1.3714,0.3859,16.6590,16.6723,15.4434,0.0008,-1.0000
16.6660,1.0000,366.5019,1.2356,0.4477,16.6762,16.6488,14.8835,0.0017,-1.0000
16.6653,1.0000,366.5185,1.5050,0.2965,16.6640,16.6491,15.2939,0.0010,-1.0000
16.6684,1.0000,366.5352,1.2684,0.2801,16.6593,16.6673,15.4920,0.0012,-1.0000
16.6661,1.0000,366.5518,1.2278,0.3742,16.6832,16.6537,15.3029,0.0011,-1.0000
16.6659,1.0000,366.5685,1.7637,0.3142,16.6602,16.6538,15.3178,0.0012,-1.0000
16.6682,1.0000,366.5851,1.3542,0.2746,16.6581,16.6621,15.4913,0.0011,-1.0000
16.6652,1.0000,366.6018,1.1741,0.3171,16.6761,16.6560,15.4620,0.0014,-1.0000
16.6664,1.0000,366.6185,1.3498,0.3256,16.6634,16.6572,15.3660,0.0013,-1.0000
16.6692,1.0000,366.6353,1.3347,0.2714,16.6622,16.6631,15.4363,0.0011,-1.0000
16.6654,1.0000,366.6518,1.1697,0.3123,16.6704,16.6531,15.1925,0.0011,-1.0000
16.6666,1.0000,366.6685,1.1925,0.3901,16.6651,16.6603,15.3988,0.0012,-1.0000
16.6672,1.0000,366.6851,1.2900,0.2980,16.6655,16.6580,15.3518,0.0012,-1.0000
16.6657,1.0000,366.7018,1.2257,0.3256,16.6723,16.6541,15.4329,0.0009,-1.0000
16.6674,1.0000,366.7185,1.4593,0.3538,16.6619,16.6604,15.3904,0.0012,-1.0000
16.6686,1.0000,366.7353,1.2603,0.2897,16.6689,16.6663,15.3633,0.0009,-1.0000
16.6640,1.0000,366.7518,1.3051,0.3615,16.6678,16.6424,15.0331,0.0013,-1.0000
16.6677,1.0000,366.7685,1.2199,0.2767,16.6626,16.6606,15.4009,0.0012,-1.0000
16.6682,1.0000,366.7852,1.2691,0.2916,16.6685,16.6669,15.2849,0.0011,-1.0000
16.6625,1.0000,366.8018,1.3019,0.3675,16.6780,16.6394,15.3049,0.0011,-1.0000
16.6684,1.0000,366.8186,1.6079,0.3005,16.6518,16.6707,15.5308,0.0009,-1.0000
16.6678,1.0000,366.8351,1.2584,0.3687,16.6688,16.6592,15.2557,0.0009,-1.0000
16.6667,1.0000,366.8519,1.3809,0.3083,16.6771,16.6559,15.4454,0.0012,-1.0000
16.6684,1.0000,366.8686,1.3334,0.2856,16.6482,16.6686,15.2736,0.0012,-1.0000
16.6656,1.0000,366.8851,1.1387,0.3475,16.6776,16.6473,15.1729,0.0021,-1.0000
16.6656,1.0000,366.9018,1.4024,0.3142,16.6666,16.6515,15.4880,0.0011,-1.0000
16.6677,1.0000,366.9185,1.2093,0.3653,16.6650,16.6656,15.4385,0.0011,-1.0000
16.6680,1.0000,366.9352,1.3941,0.3616,16.6799,16.6609,15.4244,0.0012,-1.0000
16.6644,1.0000,366.9518,1.4721,0.2952,16.6571,16.6474,15.3288,0.0017,-1.0000
16.6695,1.0000,366.9686,1.1624,0.2795,16.6600,16.6677,15.4286,0.0011,-1.0000
16.6655,1.0000,366.9850,1.2259,0.2923,16.6748,16.6504,15.0222,0.0011,-1.0000
16.6670,1.0000,367.0018,1.2352,0.3018,16.6704,16.6614,15.4264,0.0009,-1.0000
16.6673,1.0000,367.0186,1.3168,0.2813,16.6563,16.6565,15.3571,0.0015,-1.0000
16.6655,1.0000,367.0352,1.2378,0.3979,16.6772,16.7115,15.2243,0.0015,-1.0000
16.6661,1.0000,367.0518,1.6273,0.3675,16.6594,16.5974,15.3496,0.0011,-1.0000
16.6678,1.0000,367.0685,1.2339,0.3444,16.6710,16.6648,15.3735,0.0009,-1.0000
16.6668,1.0000,367.0851,1.2979,0.3195,16.6663,16.6538,15.1346,0.0010,-1.0000
16.6664,1.0000,367.1019,1.4856,0.2872,16.7218,16.6580,15.4981,0.0009,-1.0000
16.6675,1.0000,367.1185,1.2468,0.3277,16.6053,16.6665,15.3005,0.0011,-1.0000
16.6657,1.0000,367.1352,1.2903,0.3204,16.6739,16.6447,15.3370,0.0011,-1.0000
16.6653,1.0000,367.1518,1.5180,0.3315,16.6626,16.6543,15.4111,0.0009,-1.0000
16.6692,1.0000,367.1685,1.1587,0.3863,16.6670,16.6664,15.3956,0.0010,-1.0000
16.6649,1.0000,367.1850,1.3647,0.3542,16.6773,16.6538,15.2132,0.0012,-1.0000
16.6676,1.0000,367.2018,1.3061,0.2777,16.6547,16.6607,15.4929,0.0012,-1.0000
16.6674,1.0000,367.2186,1.2422,0.2815,16.6614,16.6633,15.3979,0.0013,-1.0000
16.6646,1.0000,367.2351,1.2697,0.4798,16.6749,16.6447,15.1632,0.0015,-1.0000
16.6660,1.0000,367.2518,1.4395,0.3180,16.6621,16.6584,15.6168,0.0011,-1.0000
16.6703,1.0000,367.2686,1.1663,0.3533,16.6685,16.6756,15.4326,0.0008,-1.0000
16.6646,1.0000,367.2850,1.2639,0.3206,16.6733,16.6458,15.2194,0.0012,-1.0000
16.6668,1.0000,367.3018,1.4799,0.2733,16.6530,16.6593,15.5079,0.0012,-1.0000
16.6680,1.0000,367.3185,1.0403,0.2916,16.6650,16.6620,15.2985,0.0012,-1.0000
16.6662,1.0000,367.3351,1.2420,0.3121,16.6851,16.6549,15.3455,0.0010,-1.0000
16.7029,1.0000,367.3519,1.4249,0.3006,16.6552,16.6979,15.4376,0.0011,-1.0000
16.6673,1.0000,367.3685,1.1499,0.3299,16.6672,16.6570,15.3404,0.0011,-1.0000
16.6645,1.0000,367.3851,1.3619,0.3132,16.6706,16.6487,15.4650,0.0011,-1.0000
16.6690,1.0000,367.4019,1.3082,0.3226,16.6636,16.6707,15.5320,0.0011,-1.0000
16.6667,1.0000,367.4185,1.2589,0.3051,16.7067,16.6545,15.4672,0.0010,-1.0000
16.6655,1.0000,367.4352,1.3151,0.3226,16.6661,16.6521,15.4110,0.0012,-1.0000
16.6678,1.0000,367.4520,1.1828,0.2965,16.6566,16.6638,15.5244,0.0012,-1.0000
16.6671,1.0000,367.4685,1.1374,0.3509,16.6796,16.6604,15.2697,0.0013,-1.0000
16.6653,1.0000,367.4850,1.1863,0.3014,16.6632,16.6511,15.4600,0.0011,-1.0000
16.6690,1.0000,367.5019,1.2400,0.2658,16.6605,16.6688,15.6250,0.0010,-1.0000
16.6672,1.0000,367.5186,1.1380,0.3077,16.6714,16.7019,15.1934,0.0012,-1.0000
16.6651,1.0000,367.5352,1.3894,0.2974,16.6698,16.6062,15.3396,0.0011,-1.0000
16.6676,1.0000,367.5524,1.1900,0.2890,16.6594,16.6632,15.4254,0.0012,-1.0000
16.6666,1.0000,367.5685,1.0425,0.3902,16.6773,16.6529,14.0638,0.0018,-1.0000
16.6662,1.0000,367.5851,1.5073,0.3455,16.7128,16.6569,15.3999,0.0012,-1.0000
16.6676,1.0000,367.6020,1.2657,0.2886,16.6151,16.6651,15.6090,0.0010,-1.0000
16.6664,1.0000,367.6186,1.2364,0.4007,16.6729,16.6482,15.1079,0.0014,-1.0000
16.6653,1.0000,367.6352,2.5872,0.3040,16.6621,16.6571,15.3007,0.0012,-1.0000
16.6689,1.0000,367.6519,1.2559,0.2902,16.6653,16.6654,15.4623,0.0014,-1.0000
16.6665,1.0000,367.6686,1.0552,0.5252,16.6763,16.6533,15.2680,0.0011,-1.0000
16.6649,1.0000,367.6851,1.5390,0.3316,16.6584,16.6512,15.3797,0.0013,-1.0000
16.6688,1.0000,367.7019,1.3549,0.2746,16.6650,16.6637,15.5320,0.0013,-1.0000
16.6658,1.0000,367.7185,1.2013,0.3382,16.6746,16.6586,14.7546,0.0012,-1.0000
16.6668,1.0000,367.7352,1.3839,0.3019,16.6629,16.6541,15.2282,0.0013,-1.0000
16.6677,1.0000,367.7519,1.2700,0.2883,16.6591,16.6627,15.3636,0.0014,-1.0000
16.6659,1.0000,367.7686,1.1304,0.2802,16.6728,16.6552,15.2106,0.0012,-1.0000
16.6669,1.0000,367.7852,1.9025,0.4061,16.6676,16.7584,15.3859,0.0010,-1.0000
16.6674,1.0000,367.8019,1.4244,0.2864,16.6626,16.5589,15.2977,0.0012,-1.0000
16.6660,1.0000,367.8188,1.2976,0.3789,16.6724,16.6513,15.3202,0.0012,-1.0000
16.6667,1.0000,367.8353,1.4431,0.2755,16.6649,16.6610,15.1614,0.0012,-1.0000
16.6672,1.0000,367.8519,1.3717,0.2934,16.7681,16.6567,15.3180,0.0011,-1.0000
16.6659,1.0000,367.8685,1.2601,0.2895,16.5685,16.6519,15.1476,0.0014,-1.0000
16.6670,1.0000,367.8851,1.3299,0.2755,16.6606,16.6590,15.3997,0.0013,-1.0000
16.6695,1.0000,367.9019,1.4981,0.2980,16.6717,16.6654,15.4146,0.0013,-1.0000
16.6632,1.0000,367.9185,1.3378,0.3645,16.6677,16.6425,15.3663,0.0015,-1.0000
16.6684,1.0000,367.9353,1.5026,0.2916,16.6611,16.6667,15.5050,0.0012,-1.0000
16.6674,1.0000,367.9519,1.2579,0.3424,16.6685,16.6542,15.3616,0.0010,-1.0000
16.6655,1.0000,367.9685,1.2496,0.2850,16.6761,16.6548,15.4587,0.0012,-1.0000
16.6674,1.0000,367.9856,1.2745,0.2692,16.6517,16.7498,15.4028,0.0010,-1.0000
16.6676,1.0000,368.0019,1.1604,0.2996,16.6769,16.5752,14.9356,0.0012,-1.0000
16.6649,1.0000,368.0185,1.2914,0.2908,16.6636,16.6449,15.4671,0.0010,-1.0000
16.6677,1.0000,368.0354,1.1944,0.3019,16.6643,16.6658,15.5227,0.0012,-1.0000
16.6670,1.0000,368.0519,1.3459,0.3390,16.7579,16.6579,15.1640,0.0012,-1.0000
16.6660,1.0000,368.0685,1.6383,0.2810,16.5847,16.6578,15.4231,0.0011,-1.0000
16.6668,1.0000,368.0851,1.1768,0.2701,16.6538,16.6561,15.4079,0.0011,-1.0000
16.6686,1.0000,368.1019,1.1414,0.3014,16.6739,16.6634,15.3792,0.0010,-1.0000
16.6658,1.0000,368.1186,1.4925,0.2901,16.6661,16.6538,15.2425,0.0016,-1.0000
16.6655,1.0000,368.1353,1.2333,0.2800,16.6677,16.6541,15.2668,0.0013,-1.0000
16.6675,1.0000,368.1519,1.2468,0.3336,16.6647,16.6596,15.0840,0.0012,-1.0000
16.6650,1.0000,368.1685,1.2831,0.3314,16.6723,16.6520,15.3481,0.0012,-1.0000
16.6705,1.0000,368.1852,1.4096,0.3063,16.6631,16.6733,15.4389,0.0011,-1.0000
16.6651,1.0000,368.2019,1.3857,0.3796,16.6626,16.6472,14.6707,0.0014,-1.0000
16.6677,1.0000,368.2185,1.5742,0.3035,16.6691,16.6609,15.3283,0.0014,-1.0000
16.6680,1.0000,368.2353,1.3025,0.2806,16.6600,16.6618,15.4027,0.0012,-1.0000
16.6660,1.0000,368.2519,1.2332,0.3112,16.6826,16.6500,15.0333,0.0016,-1.0000
16.6660,1.0000,368.2685,1.9749,0.2885,16.6583,16.6515,15.2933,0.0014,-1.0000
16.6691,1.0000,368.2852,1.3309,0.3008,16.6706,16.6696,15.4944,0.0013,-1.0000
16.6654,1.0000,368.3019,1.2581,0.3876,16.6730,16.6487,15.1303,0.0010,-1.0000
16.6654,1.0000,368.3185,1.6150,0.3187,16.6611,16.6534,15.3991,0.0010,-1.0000
16.6675,1.0000,368.3352,1.3566,0.2606,16.6603,16.6594,15.4421,0.0011,-1.0000
16.6665,1.0000,368.3519,1.1738,0.3881,16.6808,16.6549,15.2058,0.0011,-1.0000
16.6665,1.0000,368.3685,1.5171,0.2649,16.6593,16.6535,15.4908,0.0011,-1.0000
16.6680,1.0000,368.3852,1.2530,0.2998,16.6620,16.6654,15.4394,0.0012,-1.0000
16.6661,1.0000,368.4019,1.2160,0.3436,16.6699,16.6508,15.0777,0.0014,-1.0000
16.6662,1.0000,368.4185,1.4478,0.2894,16.6652,16.6599,15.4694,0.0013,-1.0000
16.6694,1.0000,368.4352,1.1614,0.2794,16.6617,16.6666,15.3657,0.0011,-1.0000
16.6649,1.0000,368.4519,1.2249,0.4470,16.6749,16.6480,15.4148,0.0012,-1.0000
16.6672,1.0000,368.4686,1.5714,0.3223,16.6600,16.6623,15.3399,0.0011,-1.0000
16.6668,1.0000,368.4851,1.1891,0.3195,16.6683,16.6528,15.1106,0.0013,-1.0000
16.6638,1.0000,368.5018,1.2994,0.2871,16.6764,16.6484,15.5995,0.0013,-1.0000
16.6693,1.0000,368.5187,1.2316,0.3123,16.6572,16.6690,15.4440,0.0008,-1.0000
16.6672,1.0000,368.5352,1.3212,0.3861,16.6747,16.6052,15.1328,0.0012,-1.0000
16.6657,1.0000,368.5518,1.5410,0.2797,16.6619,16.6531,15.2461,0.0012,-1.0000
16.6678,1.0000,368.5685,1.0477,0.2767,16.6568,16.6646,15.4408,0.0012,-1.0000
16.6667,1.0000,368.5851,1.2241,0.3708,16.7301,16.6552,15.2470,0.0014,-1.0000
16.6647,1.0000,368.6018,1.4711,0.2961,16.6139,16.6491,15.3959,0.0012,-1.0000
16.6681,1.0000,368.6190,1.4055,0.2861,16.6612,16.6685,15.6069,0.0011,-1.0000
16.6667,1.0000,368.6352,1.2224,0.3072,16.6744,16.6567,14.7325,0.0011,-1.0000
16.6658,1.0000,368.6518,1.4066,0.3200,16.6640,16.6578,15.3964,0.0009,-1.0000
16.6687,1.0000,368.6686,1.2518,0.2710,16.6574,16.6630,15.5201,0.0010,-1.0000
16.6658,1.0000,368.6851,1.0604,0.4295,16.6765,16.6535,15.1787,0.0011,-1.0000
16.6662,1.0000,368.7019,1.9229,0.3462,16.6654,16.6525,15.4080,0.0011,-1.0000
16.6675,1.0000,368.7187,1.2605,0.3340,16.6660,16.6641,15.3806,0.0010,-1.0000
16.6667,1.0000,368.7353,1.1416,0.3892,16.6731,16.6571,14.9620,0.0013,-1.0000
16.6661,1.0000,368.7519,1.4737,0.3721,16.6632,16.6542,15.1446,0.0014,-1.0000
16.6682,1.0000,368.7691,1.2434,0.3279,16.6612,16.6643,15.2491,0.0011,-1.0000
16.6660,1.0000,368.7852,1.2823,0.4445,16.6725,16.6541,14.6506,0.0013,-1.0000
16.6671,1.0000,368.8019,1.6943,0.3739,16.6678,16.6570,15.2883,0.0009,-1.0000
16.6669,1.0000,368.8186,1.5081,0.3940,16.6632,16.6594,15.2014,0.0012,-1.0000
16.6664,1.0000,368.8352,1.4142,0.3788,16.6739,16.6493,15.3060,0.0014,-1.0000
16.6663,1.0000,368.8519,2.0019,0.3208,16.6642,16.6568,15.4126,0.0014,-1.0000
16.6698,1.0000,368.8687,1.3676,0.2897,16.6675,16.6721,15.2030,0.0013,-1.0000
16.6663,1.0000,368.8853,1.4566,0.3219,16.6709,16.6523,15.1509,0.0011,-1.0000
16.6646,1.0000,368.9019,1.3419,0.3190,16.6594,16.6400,14.6956,0.0013,-1.0000
16.6664,1.0000,368.9190,1.2430,0.3079,16.6672,16.6566,15.5188,0.0012,-1.0000
16.6671,1.0000,368.9353,1.4677,0.3655,16.6831,16.6606,14.6511,0.0013,-1.0000
16.6660,1.0000,368.9519,1.5001,0.4121,16.6660,16.6500,14.8670,0.0013,-1.0000
16.6671,1.0000,368.9686,1.9430,0.2695,16.6503,16.6608,15.4007,0.0015,-1.0000
16.6690,1.0000,368.9852,1.1364,0.3900,16.6659,16.6619,15.3567,0.0010,-1.0000
16.6651,1.0000,369.0019,2.0077,0.3839,16.6720,16.6483,15.3412,0.0011,-1.0000
16.6677,1.0000,369.0192,1.7820,0.2874,16.6595,16.6589,15.4229,0.0015,-1.0000
16.6656,1.0000,369.0352,1.2585,0.2787,16.6711,16.6570,14.5223,0.0012,-1.0000
16.6646,1.0000,369.0519,1.3035,0.3203,16.6734,16.6461,15.2877,0.0010,-1.0000
16.6696,1.0000,369.0686,1.3058,0.2812,16.6586,16.6674,15.4352,0.0011,-1.0000
16.6669,1.0000,369.0852,1.2345,0.3739,16.6695,16.6600,15.3132,0.0010,-1.0000
16.6648,1.0000,369.1019,2.1336,0.3637,16.6670,16.6504,15.3107,0.0014,-1.0000
16.6673,1.0000,369.1186,1.3575,0.3835,16.6547,16.6623,15.2826,0.0014,-1.0000
16.6677,1.0000,369.1352,1.2311,0.3399,16.6753,16.6598,15.1682,0.0012,-1.0000
16.6654,1.0000,369.1519,1.3455,0.3611,16.6687,16.6561,15.3302,0.0012,-1.0000
16.6673,1.0000,369.1686,1.3382,0.3522,16.6593,16.6622,15.4015,0.0015,-1.0000
16.6675,1.0000,369.1852,1.3781,0.3811,16.6702,16.6584,15.0872,0.0011,-1.0000
16.6656,1.0000,369.2019,1.4902,0.4069,16.6677,16.6489,15.4030,0.0012,-1.0000
16.6689,1.0000,369.2186,1.3243,0.3429,16.6645,16.6674,15.2961,0.0011,-1.0000
16.6654,1.0000,369.2352,1.2590,0.4260,16.6718,16.6514,15.2932,0.0011,-1.0000
16.6662,1.0000,369.2519,1.5697,0.3548,16.6690,16.6584,15.3925,0.0013,-1.0000
16.6898,1.0000,369.2686,1.2447,0.3374,16.6575,16.6842,15.3374,0.0011,-1.0000
16.6640,1.0000,369.2852,1.3700,0.3174,16.6770,16.6464,15.1989,0.0011,-1.0000
16.6665,1.0000,369.3019,1.3568,0.3448,16.6611,16.6557,15.4080,0.0012,-1.0000
16.6683,1.0000,369.3186,1.2646,0.3324,16.6672,16.6648,15.4378,0.0010,-1.0000
16.6663,1.0000,369.3353,1.3456,0.4134,16.6947,16.6603,15.2608,0.0014,-1.0000
16.6656,1.0000,369.3519,1.4464,0.3491,16.6562,16.6506,15.2960,0.0011,-1.0000
16.9116,1.0000,369.3690,1.2463,0.3143,16.6637,16.9602,15.3831,0.0011,-1.0000
16.4214,1.0000,369.3851,1.2262,0.4382,16.6743,16.3471,14.8095,0.0012,-1.0000
16.6686,1.0000,369.4019,1.3980,0.3068,16.6700,16.6666,15.6042,0.0010,-1.0000
16.6680,1.0000,369.4187,1.3534,0.3744,16.6592,16.6653,15.3802,0.0012,-1.0000
16.6627,1.0000,369.4352,1.5763,0.3647,16.9717,16.6376,15.0112,0.0012,-1.0000
16.6687,1.0000,369.4524,1.5364,0.3064,16.3559,16.6667,15.4364,0.0011,-1.0000
16.6679,1.0000,369.4686,1.0612,0.3316,16.6741,16.6629,14.5903,0.0013,-1.0000
16.6644,1.0000,369.4851,1.2838,0.3779,16.6768,16.6503,15.4011,0.0013,-1.0000
16.6706,1.0000,369.5020,1.6251,0.3078,16.6467,16.6728,15.4308,0.0014,-1.0000
16.6656,1.0000,369.5186,1.2292,0.3464,16.6742,16.6521,15.2831,0.0009,-1.0000
16.6635,1.0000,369.5351,2.0714,0.2984,16.6705,16.6449,15.2744,0.0012,-1.0000
16.6682,1.0000,369.5519,1.2480,0.3234,16.6586,16.6701,15.6514,0.0012,-1.0000
16.6691,1.0000,369.5686,1.2405,0.3962,16.6826,16.6652,15.4371,0.0012,-1.0000
16.6643,1.0000,369.5851,1.3682,0.3444,16.6605,16.6476,15.3434,0.0012,-1.0000
16.6688,1.0000,369.6019,1.3694,0.2856,16.6518,16.6678,15.6150,0.0012,-1.0000
16.6681,1.0000,369.6187,1.0177,0.3173,16.6766,16.6623,15.3796,0.0010,-1.0000
16.6640,1.0000,369.6352,1.2266,0.2823,16.6744,16.6451,15.2148,0.0015,-1.0000
16.6665,1.0000,369.6520,1.3029,0.3029,16.6558,16.6611,15.4326,0.0012,-1.0000
16.6680,1.0000,369.6685,1.0514,0.2850,16.6764,16.6628,15.0729,0.0012,-1.0000
16.6641,1.0000,369.6851,1.2814,0.3127,16.6729,16.6444,15.4578,0.0012,-1.0000
16.6686,1.0000,369.7019,1.4288,0.3180,16.6542,16.6676,15.4999,0.0012,-1.0000
16.6675,1.0000,369.7186,1.2273,0.3614,16.6691,16.6618,14.9440,0.0010,-1.0000
16.6659,1.0000,369.7352,1.5887,0.2911,16.6730,16.6552,15.4277,0.0014,-1.0000
16.6683,1.0000,369.7520,1.1853,0.3137,16.6523,16.6630,15.4452,0.0011,-1.0000
16.6661,1.0000,369.7686,1.1662,0.3533,16.6752,16.6526,15.1828,0.0012,-1.0000
16.6648,1.0000,369.7851,1.7166,0.2914,16.6697,16.6507,15.4664,0.0014,-1.0000
16.6692,1.0000,369.8019,1.2261,0.2802,16.6646,16.6676,15.5957,0.0011,-1.0000
16.6664,1.0000,369.8186,1.2166,0.3885,16.6729,16.6542,15.3027,0.0011,-1.0000
16.6664,1.0000,369.8352,1.4687,0.2888,16.6620,16.6584,15.4629,0.0013,-1.0000
16.6670,1.0000,369.8520,1.1829,0.2760,16.6588,16.6572,15.4812,0.0013,-1.0000
16.6666,1.0000,369.8686,1.0705,0.3347,16.6768,16.6558,15.0033,0.0013,-1.0000
16.6655,1.0000,369.8851,1.3500,0.2614,16.6639,16.6530,15.3607,0.0013,-1.0000
16.6688,1.0000,369.9020,1.1941,0.2612,16.6677,16.6718,15.6163,0.0011,-1.0000
16.6659,1.0000,369.9186,1.1746,0.4913,16.6663,16.6703,15.2239,0.0011,-1.0000
16.6672,1.0000,369.9352,1.6512,0.3198,16.6645,16.6366,15.3817,0.0013,-1.0000
16.6670,1.0000,369.9520,1.2909,0.2824,16.6606,16.6606,15.2396,0.0012,-1.0000
16.6663,1.0000,369.9686,1.0539,0.3509,16.6837,16.6746,15.1567,0.0014,-1.0000
16.6646,1.0000,369.9851,1.4454,0.2921,16.6802,16.6255,15.3517,0.0012,-1.0000
16.6696,1.0000,370.0020,1.2534,0.2978,16.6471,16.6678,15.6008,0.0011,-1.0000
16.6655,1.0000,370.0186,1.4198,0.3640,16.6722,16.6563,14.9681,0.0013,-1.0000
16.6674,1.0000,370.0352,1.5165,0.2937,16.6842,16.6628,15.4639,0.0012,-1.0000
16.6675,1.0000,370.0519,1.2726,0.2841,16.6330,16.6526,15.3172,0.0012,-1.0000
16.6660,1.0000,370.0686,1.0660,0.3199,16.6758,16.6586,15.2525,0.0011,-1.0000
16.6662,1.0000,370.0851,1.6868,0.2841,16.6649,16.6553,15.3223,0.0010,-1.0000
16.6680,1.0000,370.1019,1.1976,0.2750,16.6721,16.6621,15.5239,0.0010,-1.0000
16.6660,1.0000,370.1186,1.3342,0.3183,16.6623,16.6530,15.3977,0.0012,-1.0000
16.6654,1.0000,370.1352,1.4050,0.2749,16.6683,16.6539,15.3905,0.0012,-1.0000
16.6698,1.0000,370.1520,1.3320,0.2776,16.6640,16.6700,15.4493,0.0012,-1.0000
16.6647,1.0000,370.1685,1.1371,0.3305,16.6721,16.6463,15.2019,0.0016,-1.0000
16.6672,1.0000,370.1852,1.2539,0.2880,16.6619,16.6658,15.4579,0.0012,-1.0000
16.6677,1.0000,370.2019,1.2623,0.2777,16.6615,16.6616,15.3356,0.0011,-1.0000
16.6641,1.0000,370.2185,1.2193,0.3552,16.6800,16.6433,15.3691,0.0011,-1.0000
16.6683,1.0000,370.2352,1.4429,0.2977,16.6553,16.6666,15.4413,0.0012,-1.0000
16.6670,1.0000,370.2519,1.2066,0.3362,16.6731,16.6576,15.1628,0.0014,-1.0000
16.6662,1.0000,370.2685,1.3247,0.2982,16.6721,16.6529,15.4009,0.0013,-1.0000
16.6676,1.0000,370.2852,1.2733,0.2863,16.6523,16.6658,15.5213,0.0010,-1.0000
16.6678,1.0000,370.3020,1.2240,0.3495,16.6742,16.6611,15.3200,0.0011,-1.0000
16.6645,1.0000,370.3185,1.4934,0.2868,16.6667,16.6466,15.0931,0.0011,-1.0000
16.6687,1.0000,370.3354,1.2508,0.2818,16.6610,16.6690,15.4292,0.0011,-1.0000
16.6652,1.0000,370.3519,1.1435,0.3894,16.6736,16.6490,15.2326,0.0010,-1.0000
16.6660,1.0000,370.3686,1.3396,0.3590,16.6718,16.6538,15.4708,0.0014,-1.0000
16.6954,1.0000,370.3853,1.5523,0.2756,16.6551,16.7374,15.4133,0.0012,-1.0000
16.6667,1.0000,370.4019,1.2386,0.3201,16.6792,16.6066,14.7218,0.0014,-1.0000
16.6668,1.0000,370.4186,1.4155,0.2741,16.6594,16.6582,15.4058,0.0012,-1.0000
16.6657,1.0000,370.4353,1.1814,0.2915,16.6620,16.6550,15.4270,0.0011,-1.0000
16.6670,1.0000,370.4519,1.3230,0.3211,16.7502,16.6598,15.2689,0.0014,-1.0000
16.6656,1.0000,370.4686,1.8834,0.3620,16.6169,16.6521,15.4223,0.0013,-1.0000
16.7593,1.0000,370.4855,1.2512,0.2967,16.6668,16.7583,15.5730,0.0012,-1.0000
16.6674,1.0000,370.5020,1.2268,0.2980,16.6636,16.6565,14.9368,0.0010,-1.0000
16.6662,1.0000,370.5187,1.3896,0.2898,16.6684,16.6548,15.3556,0.0016,-1.0000
16.6674,1.0000,370.5354,1.2284,0.2722,16.6600,16.6632,15.4447,0.0014,-1.0000
16.6663,1.0000,370.5521,1.1839,0.3653,16.7671,16.6559,15.3316,0.0013,-1.0000
16.6648,1.0000,370.5686,1.7187,0.3418,16.6650,16.6514,15.4519,0.0012,-1.0000
16.6681,1.0000,370.5853,1.2972,0.2932,16.6634,16.6683,15.5151,0.0012,-1.0000
16.6676,1.0000,370.6021,1.2169,0.3459,16.6717,16.6604,15.3179,0.0013,-1.0000
16.6658,1.0000,370.6187,1.3226,0.2898,16.6641,16.6507,15.2365,0.0011,-1.0000
16.6683,1.0000,370.6354,1.1983,0.2814,16.6592,16.6693,15.3631,0.0012,-1.0000
16.6654,1.0000,370.6520,1.1516,0.3858,16.6762,16.6463,15.2642,0.0012,-1.0000
16.6648,1.0000,370.6686,1.3409,0.3510,16.6702,16.6496,15.4389,0.0012,-1.0000
16.6673,1.0000,370.6852,1.4126,0.2645,16.6599,16.6636,15.5406,0.0009,-1.0000
16.6681,1.0000,370.7021,1.3047,0.3132,16.6795,16.6644,15.5093,0.0011,-1.0000
16.6664,1.0000,370.7187,1.3807,0.2863,16.6561,16.6539,15.3337,0.0014,-1.0000
16.6678,1.0000,370.7354,1.2094,0.2759,16.6577,16.6670,15.4183,0.0009,-1.0000
16.6660,1.0000,370.7520,1.1222,0.3198,16.6708,16.6517,15.1141,0.0014,-1.0000
16.6661,1.0000,370.7687,1.1539,0.3017,16.6723,16.6537,15.4046,0.0012,-1.0000
16.6685,1.0000,370.7853,1.3184,0.3072,16.6620,16.6661,15.4659,0.0016,-1.0000
16.6654,1.0000,370.8021,1.2474,0.5351,16.6777,16.6505,15.1029,0.0015,-1.0000
16.6656,1.0000,370.8187,1.5361,0.3144,16.6604,16.6521,15.0792,0.0014,-1.0000
16.6694,1.0000,370.8354,1.2477,0.3030,16.6623,16.6732,15.5186,0.0012,-1.0000
16.6656,1.0000,370.8526,1.1983,0.3935,16.6759,16.6490,15.1715,0.0010,-1.0000
16.6662,1.0000,370.8687,1.5460,0.4316,16.6598,16.6562,14.7699,0.0012,-1.0000
16.6674,1.0000,370.8853,1.5716,0.3036,16.6601,16.6608,15.2167,0.0012,-1.0000
16.6672,1.0000,370.9020,1.1530,0.3320,16.6830,16.6536,15.4412,0.0013,-1.0000
16.6651,1.0000,370.9187,1.4764,0.4433,16.6597,16.6562,15.4218,0.0013,-1.0000
16.6689,1.0000,370.9354,1.8852,0.3379,16.6653,16.6635,15.3975,0.0010,-1.0000
16.6657,1.0000,370.9520,1.4428,0.4301,16.6693,16.6515,15.2162,0.0010,-1.0000
16.6669,1.0000,370.9688,1.2111,0.3595,16.6633,16.6617,15.4063,0.0011,-1.0000
16.6678,1.0000,370.9853,1.2330,0.3905,16.6655,16.6618,15.2518,0.0012,-1.0000
16.6646,1.0000,371.0020,1.2648,0.3826,16.6737,16.6452,15.0276,0.0015,-1.0000
16.6667,1.0000,371.0187,1.4340,0.3256,16.6606,16.6583,15.4499,0.0011,-1.0000
16.6692,1.0000,371.0355,1.2541,0.3394,16.6717,16.6687,15.3980,0.0012,-1.0000
16.6628,1.0000,371.0519,1.4087,0.5506,16.6727,16.6394,15.1819,0.0012,-1.0000
16.6689,1.0000,371.0687,1.6159,0.3182,16.6539,16.6687,15.6656,0.0010,-1.0000
16.6674,1.0000,371.0853,1.2072,0.3531,16.6664,16.6624,15.5148,0.0010,-1.0000
16.6656,1.0000,371.1020,1.2690,0.3112,16.6789,16.6516,15.3384,0.0012,-1.0000
16.6661,1.0000,371.1187,1.4564,0.2799,16.6473,16.6555,15.3722,0.0010,-1.0000
16.6688,1.0000,371.1354,1.0018,0.2870,16.6759,16.6689,15.4791,0.0011,-1.0000
16.6658,1.0000,371.1520,1.1463,0.3246,16.6710,16.6506,15.0464,0.0013,-1.0000
16.6670,1.0000,371.1686,1.3120,0.3105,16.6600,16.6610,15.4973,0.0010,-1.0000
16.9144,1.0000,371.1855,1.2821,0.2763,16.6634,16.9115,15.6519,0.0013,-1.0000
16.6652,1.0000,371.2023,1.1888,0.4876,16.6785,16.6467,15.2317,0.0015,-1.0000
16.6662,1.0000,371.2189,1.6029,0.2767,16.6595,16.6598,15.4715,0.0012,-1.0000
16.6682,1.0000,371.2356,1.1626,0.3208,16.6685,16.6635,15.4608,0.0011,-1.0000
16.6652,1.0000,371.2523,1.2577,0.3145,16.9210,16.6527,15.5019,0.0012,-1.0000
16.6675,1.0000,371.2689,1.4133,0.2888,16.6557,16.6579,15.4895,0.0009,-1.0000
16.6680,1.0000,371.2855,1.1872,0.2763,16.6681,16.6626,14.5441,0.0011,-1.0000
16.6646,1.0000,371.3022,1.2018,0.3296,16.6713,16.6502,15.4675,0.0011,-1.0000
16.6681,1.0000,371.3190,1.1498,0.3021,16.6639,16.6651,15.5157,0.0010,-1.0000
16.6672,1.0000,371.3356,1.1672,0.3248,16.6658,16.6578,15.1668,0.0012,-1.0000
16.6644,1.0000,371.3522,2.1174,0.2962,16.6707,16.6493,15.4780,0.0012,-1.0000
16.6694,1.0000,371.3690,1.1817,0.2647,16.6587,16.6750,15.5051,0.0013,-1.0000
16.6659,1.0000,371.3855,1.1485,0.3462,16.6743,16.6464,15.1873,0.0008,-1.0000
16.6667,1.0000,371.4023,1.4897,0.2991,16.6672,16.6555,15.5810,0.0011,-1.0000
16.6692,1.0000,371.4191,1.1701,0.2688,16.6574,16.6704,15.4585,0.0011,-1.0000
16.6647,1.0000,371.4356,1.1683,0.3554,16.6848,16.6466,15.0930,0.0011,-1.0000
16.6648,1.0000,371.4522,1.4580,0.3104,16.6558,16.6490,15.4360,0.0011,-1.0000
16.6677,1.0000,371.4690,1.0734,0.2713,16.6638,16.6672,15.5044,0.0012,-1.0000
16.6679,1.0000,371.4855,1.2105,0.3725,16.6809,16.6588,15.2995,0.0010,-1.0000
16.6666,1.0000,371.5022,1.5525,0.2910,16.6572,16.6609,15.4872,0.0012,-1.0000
16.6665,1.0000,371.5190,1.2119,0.2747,16.6560,16.6531,15.5525,0.0010,-1.0000
16.6669,1.0000,371.5356,1.1617,0.3387,16.6754,16.6621,15.3320,0.0011,-1.0000
16.6649,1.0000,371.5522,1.3581,0.2830,16.6669,16.6500,15.3604,0.0012,-1.0000
16.6681,1.0000,371.5690,1.1725,0.2573,16.6707,16.6685,15.5204,0.0009,-1.0000
16.6677,1.0000,371.5855,1.0994,0.3685,16.6616,16.6586,15.1962,0.0009,-1.0000
16.6656,1.0000,371.6022,1.3288,0.3234,16.6701,16.6554,15.5723,0.0013,-1.0000
16.6685,1.0000,371.6190,1.2885,0.2841,16.6574,16.6658,15.4702,0.0011,-1.0000
16.6662,1.0000,371.6356,1.1471,0.3305,16.6766,16.6548,15.1307,0.0010,-1.0000
16.6661,1.0000,371.6523,1.4612,0.3154,16.6664,16.6531,15.2313,0.0012,-1.0000
16.6677,1.0000,371.6690,1.0817,0.2826,16.6633,16.6587,15.5172,0.0011,-1.0000
16.6661,1.0000,371.6855,1.1943,0.3384,16.6758,16.6562,15.3600,0.0012,-1.0000
16.6658,1.0000,371.7023,1.5227,0.3158,16.6651,16.6572,15.5679,0.0010,-1.0000
16.6685,1.0000,371.7190,1.4205,0.2792,16.6618,16.6674,15.3363,0.0013,-1.0000
16.6661,1.0000,371.7356,1.1403,0.3166,16.6674,16.6477,15.1986,0.0015,-1.0000
16.6680,1.0000,371.7523,1.2949,0.2951,16.6658,16.6583,15.4407,0.0013,-1.0000
16.6677,1.0000,371.7691,1.0882,0.3087,16.6658,16.6647,15.4825,0.0010,-1.0000
16.6652,1.0000,371.7855,1.3297,0.3899,16.6775,16.6491,15.2320,0.0012,-1.0000
16.6646,1.0000,371.8022,1.4475,0.2807,16.6568,16.6479,15.4810,0.0012,-1.0000
16.7881,1.0000,371.8194,1.2162,0.3097,16.6688,16.7871,15.7113,0.0010,-1.0000
16.6652,1.0000,371.8357,1.1810,0.2776,16.6747,16.6034,15.0760,0.0013,-1.0000
16.6663,1.0000,371.8524,1.4158,0.3211,16.6604,16.6566,15.3600,0.0011,-1.0000
16.6674,1.0000,371.8695,1.1656,0.2802,16.6560,16.6628,15.5160,0.0013,-1.0000
16.6671,1.0000,371.8856,1.0745,0.3528,16.8470,16.6532,14.7622,0.0010,-1.0000
16.6654,1.0000,371.9023,1.5260,0.3310,16.6122,16.6530,15.4471,0.0011,-1.0000
16.6686,1.0000,371.9191,1.2953,0.2958,16.6646,16.6669,15.4442,0.0013,-1.0000
16.6660,1.0000,371.9357,1.1456,0.4437,16.6737,16.6518,15.1297,0.0011,-1.0000
16.6681,1.0000,371.9525,1.8897,0.3335,16.6633,16.6638,15.3430,0.0012,-1.0000
16.6666,1.0000,371.9691,1.2050,0.3300,16.6608,16.6562,14.9351,0.0011,-1.0000
16.6655,1.0000,371.9856,1.2212,0.4425,16.6761,16.6521,15.3387,0.0012,-1.0000
16.6671,1.0000,372.0025,1.5206,0.3909,16.6605,16.6593,15.4258,0.0010,-1.0000
16.6675,1.0000,372.0190,1.3194,0.4202,16.6736,16.6581,15.1585,0.0010,-1.0000
16.6643,1.0000,372.0357,1.7200,0.3554,16.6666,16.6485,15.4930,0.0011,-1.0000
16.6683,1.0000,372.0525,1.3122,0.3597,16.6618,16.6665,15.4527,0.0013,-1.0000
16.6666,1.0000,372.0690,1.2325,0.3172,16.6694,16.6589,15.3220,0.0013,-1.0000
16.6670,1.0000,372.0856,1.4985,0.3309,16.6660,16.6554,15.4109,0.0013,-1.0000
16.6674,1.0000,372.1024,1.1544,0.3270,16.6578,16.6625,15.4440,0.0010,-1.0000
16.6657,1.0000,372.1190,1.2122,0.2792,16.6747,16.6524,15.2864,0.0013,-1.0000
16.6655,1.0000,372.1357,1.3353,0.2846,16.6678,16.6526,15.4563,0.0012,-1.0000
16.6685,1.0000,372.1524,1.2433,0.3547,16.6654,16.6662,15.5352,0.0011,-1.0000
16.6665,1.0000,372.1691,1.2175,0.3563,16.6718,16.6588,15.2222,0.0011,-1.0000
16.6655,1.0000,372.1856,1.3646,0.2851,16.6613,16.6501,15.3934,0.0010,-1.0000
16.6677,1.0000,372.2024,1.1951,0.3152,16.6606,16.6628,15.4896,0.0011,-1.0000
16.6670,1.0000,372.2191,1.1298,0.3722,16.6749,16.6567,15.3322,0.0013,-1.0000
16.6657,1.0000,372.2357,1.4356,0.2916,16.6683,16.6497,15.4872,0.0011,-1.0000
16.6858,1.0000,372.2526,1.2556,0.2835,16.6600,16.6899,15.5752,0.0012,-1.0000
16.6659,1.0000,372.2691,1.1720,0.2859,16.6723,16.6465,14.2724,0.0012,-1.0000
16.6670,1.0000,372.2856,1.3230,0.3167,16.6666,16.6577,15.3069,0.0011,-1.0000
16.6669,1.0000,372.3024,1.1613,0.2588,16.6585,16.6612,15.5038,0.0013,-1.0000
16.6662,1.0000,372.3191,1.1132,0.3445,16.7010,16.6531,15.3303,0.0010,-1.0000
16.6650,1.0000,372.3357,2.3731,0.3209,16.6577,16.6491,15.4190,0.0012,-1.0000
16.6690,1.0000,372.3525,1.3495,0.2828,16.6671,16.6666,15.5525,0.0011,-1.0000
16.6660,1.0000,372.3691,1.1560,0.3147,16.6702,16.6585,15.1154,0.0014,-1.0000
16.6668,1.0000,372.3856,1.3216,0.2799,16.6625,16.6573,15.4299,0.0015,-1.0000
16.6667,1.0000,372.4024,1.2288,0.2669,16.6568,16.6578,15.5383,0.0013,-1.0000
16.6668,1.0000,372.4190,1.1129,0.2813,16.6751,16.6579,15.2837,0.0011,-1.0000
16.6656,1.0000,372.4357,1.5417,0.2641,16.6675,16.6514,15.5121,0.0014,-1.0000
16.6691,1.0000,372.4525,1.2257,0.2909,16.6659,16.6693,15.5021,0.0012,-1.0000
16.6653,1.0000,372.4690,1.1180,0.3480,16.6661,16.6507,15.0997,0.0014,-1.0000
16.6666,1.0000,372.4856,1.3730,0.2921,16.6678,16.6595,15.5139,0.0014,-1.0000
16.6672,1.0000,372.5024,1.1379,0.2676,16.6596,16.6599,14.8585,0.0012,-1.0000
16.6669,1.0000,372.5190,1.1659,0.3198,16.6787,16.6588,15.5375,0.0011,-1.0000
16.7044,1.0000,372.5364,1.5495,0.2749,16.6590,16.6953,15.5279,0.0012,-1.0000
16.6382,1.0000,372.5524,1.1443,0.3734,16.6677,16.6286,14.6649,0.0015,-1.0000
16.6653,1.0000,372.5690,1.8004,0.2635,16.6684,16.6527,15.4837,0.0012,-1.0000
16.6682,1.0000,372.5856,1.1200,0.2685,16.6678,16.6666,15.5617,0.0012,-1.0000
16.6659,1.0000,372.6024,1.1661,0.3275,16.7043,16.6545,15.5032,0.0012,-1.0000
16.6671,1.0000,372.6191,1.9623,0.2718,16.6370,16.6576,15.5167,0.0010,-1.0000
16.6680,1.0000,372.6358,1.1677,0.2638,16.6611,16.6611,15.3119,0.0015,-1.0000
16.6657,1.0000,372.6524,1.1038,0.2807,16.6755,16.6516,15.3613,0.0011,-1.0000
16.6640,1.0000,372.6690,1.1500,0.2770,16.6635,16.6479,15.4746,0.0010,-1.0000
16.6687,1.0000,372.6856,1.1394,0.2793,16.6675,16.6696,15.4866,0.0011,-1.0000
16.6673,1.0000,372.7025,1.3478,0.3177,16.6720,16.6613,15.5122,0.0010,-1.0000
16.6663,1.0000,372.7191,1.2890,0.2765,16.6611,16.6551,15.1968,0.0012,-1.0000
16.6686,1.0000,372.7358,1.1723,0.2542,16.6545,16.6634,15.4433,0.0011,-1.0000
16.6654,1.0000,372.7524,1.1819,0.3590,16.6769,16.6534,15.2449,0.0013,-1.0000
16.6657,1.0000,372.7690,1.1482,0.2811,16.6707,16.6527,15.4940,0.0012,-1.0000
16.6689,1.0000,372.7859,1.4571,0.2919,16.6635,16.6703,15.4879,0.0010,-1.0000
16.6656,1.0000,372.8024,1.2189,0.3289,16.6732,16.6465,14.6834,0.0013,-1.0000
16.6660,1.0000,372.8191,1.4070,0.2901,16.6622,16.6541,15.3471,0.0013,-1.0000
16.6690,1.0000,372.8358,1.1574,0.2627,16.6612,16.6640,15.4666,0.0012,-1.0000
16.6654,1.0000,372.8524,1.1811,0.3110,16.6822,16.6506,15.2283,0.0012,-1.0000
16.6649,1.0000,372.8691,1.9619,0.3073,16.6586,16.6875,15.4112,0.0012,-1.0000
16.6693,1.0000,372.8857,1.3057,0.2928,16.6626,16.6337,15.4559,0.0014,-1.0000
16.6659,1.0000,372.9024,1.1960,0.3157,16.6743,16.6508,15.2656,0.0011,-1.0000
16.6664,1.0000,372.9191,1.4209,0.2815,16.6605,16.6578,15.3695,0.0010,-1.0000
16.6818,1.0000,372.9362,1.2753,0.2626,16.6961,16.7754,15.4270,0.0011,-1.0000
16.6660,1.0000,372.9525,1.1762,0.3686,16.6443,16.5544,14.8993,0.0014,-1.0000
16.6660,1.0000,372.9691,1.3840,0.3004,16.6604,16.6552,15.3807,0.0012,-1.0000
16.6679,1.0000,372.9856,1.2871,0.3442,16.6661,16.6589,15.4508,0.0013,-1.0000
16.6659,1.0000,373.0024,1.3471,0.5539,16.7859,16.6585,15.4819,0.0009,-1.0000
16.6671,1.0000,373.0191,1.6533,0.3043,16.5641,16.6599,15.5124,0.0013,-1.0000
16.6682,1.0000,373.0359,1.2732,0.2978,16.6636,16.6589,15.5026,0.0014,-1.0000
16.6657,1.0000,373.0524,1.2067,0.3034,16.6667,16.6530,14.9769,0.0012,-1.0000
16.6669,1.0000,373.0691,1.1759,0.2781,16.6670,16.6628,15.4812,0.0013,-1.0000
16.6665,1.0000,373.0857,1.1460,0.2539,16.6699,16.6537,15.3534,0.0011,-1.0000
16.6667,1.0000,373.1024,1.1547,0.4609,16.6684,16.6574,15.5492,0.0011,-1.0000
16.6688,1.0000,373.1192,1.6748,0.2799,16.6626,16.6768,15.4105,0.0012,-1.0000
16.6664,1.0000,373.1358,1.1804,0.2728,16.6720,16.6401,15.1167,0.0015,-1.0000
16.6644,1.0000,373.1530,1.2990,0.3503,16.6632,16.6475,15.3093,0.0013,-1.0000
16.6688,1.0000,373.1691,1.1068,0.2851,16.6661,16.6686,14.6713,0.0012,-1.0000
16.6659,1.0000,373.1856,1.2649,0.2990,16.6877,16.6503,15.0395,0.0013,-1.0000
16.6642,1.0000,373.2024,1.5218,0.2805,16.6512,16.6476,15.4585,0.0011,-1.0000
16.6676,1.0000,373.2192,1.3367,0.3668,16.6560,16.6682,15.4334,0.0015,-1.0000
16.6705,1.0000,373.2359,1.9958,0.9190,16.6793,16.6150,15.0770,0.0012,-1.0000
16.6630,1.0000,373.2524,1.6095,0.3562,16.6595,16.6449,15.0097,0.0013,-1.0000
16.6681,1.0000,373.2691,1.1880,0.3550,16.6552,16.6654,15.3959,0.0010,-1.0000
16.6675,1.0000,373.2857,1.2333,0.3215,16.6759,16.6626,15.2487,0.0013,-1.0000
16.6657,1.0000,373.3024,1.5364,0.3788,16.6766,16.6479,15.4570,0.0013,-1.0000
16.6666,1.0000,373.3192,1.6338,0.3669,16.6537,16.6653,15.4837,0.0010,-1.0000
16.6677,1.0000,373.3358,1.2684,0.3694,16.6724,16.6578,15.2611,0.0012,-1.0000
16.6671,1.0000,373.3524,1.4124,0.3050,16.6714,16.6583,15.4452,0.0012,-1.0000
16.6669,1.0000,373.3692,1.1896,0.3249,16.6562,16.6612,15.3910,0.0011,-1.0000
16.6667,1.0000,373.3857,1.1804,0.4005,16.6731,16.6525,15.2603,0.0014,-1.0000
16.6656,1.0000,373.4024,1.3954,0.3103,16.6665,16.6516,15.4257,0.0010,-1.0000
16.6676,1.0000,373.4192,1.2117,0.3172,16.6666,16.6647,15.3546,0.0008,-1.0000
16.6667,1.0000,373.4358,1.2688,0.3315,16.6738,16.6474,14.5503,0.0009,-1.0000
16.6648,1.0000,373.4524,1.3907,0.3137,16.6626,16.6497,15.4257,0.0011,-1.0000
16.6705,1.0000,373.4692,1.2247,0.3401,16.6603,16.6774,15.4695,0.0012,-1.0000
16.6653,1.0000,373.4857,1.3092,0.4433,16.6740,16.6445,14.9509,0.0014,-1.0000
16.6662,1.0000,373.5024,2.0962,0.3082,16.6642,16.6586,15.4985,0.0011,-1.0000
16.6690,1.0000,373.5191,1.2229,0.3027,16.6576,16.6632,15.4028,0.0011,-1.0000
16.6650,1.0000,373.5358,1.2066,0.4386,16.6880,16.6502,15.1494,0.0011,-1.0000
16.6648,1.0000,373.5524,1.6922,0.3164,16.6532,16.6534,15.4142,0.0011,-1.0000
16.6684,1.0000,373.5692,1.1590,0.3056,16.6685,16.6874,15.4033,0.0014,-1.0000
16.6666,1.0000,373.5857,1.2594,0.3639,16.6725,16.6344,15.1614,0.0011,-1.0000
16.6672,1.0000,373.6024,1.4996,0.3468,16.6584,16.6625,15.5316,0.0010,-1.0000
16.6687,1.0000,373.6193,1.2382,0.2876,16.6605,16.6650,15.3180,0.0014,-1.0000
16.6640,1.0000,373.6357,1.2826,0.3477,16.6957,16.6433,15.0368,0.0016,-1.0000
16.6675,1.0000,373.6524,1.4717,0.3456,16.6424,16.6594,15.4006,0.0012,-1.0000
16.6692,1.0000,373.6693,1.1295,0.3632,16.6706,16.7239,15.4046,0.0012,-1.0000
16.6633,1.0000,373.6856,1.3454,0.3579,16.6764,16.5863,15.1202,0.0012,-1.0000
16.6662,1.0000,373.7024,1.6048,0.3523,16.6536,16.6595,15.5854,0.0011,-1.0000
16.6691,1.0000,373.7191,1.2577,0.3605,16.6675,16.6653,15.3732,0.0012,-1.0000
16.6655,1.0000,373.7357,1.3183,0.3316,16.7341,16.6559,15.0808,0.0011,-1.0000
16.6670,1.0000,373.7524,1.4648,0.2724,16.5950,16.6575,15.4618,0.0012,-1.0000
16.6670,1.0000,373.7691,1.0732,0.3022,16.6677,16.6603,15.5016,0.0012,-1.0000
16.6647,1.0000,373.7856,1.2909,0.4234,16.6741,16.6524,15.0978,0.0017,-1.0000
16.6689,1.0000,373.8025,1.5739,0.3078,16.6646,16.6677,15.5617,0.0012,-1.0000
16.6684,1.0000,373.8192,1.1944,0.2790,16.6656,16.6602,15.1766,0.0011,-1.0000
16.6637,1.0000,373.8357,1.1575,0.3568,16.6688,16.6433,15.4392,0.0011,-1.0000
16.6669,1.0000,373.8524,1.5528,0.2599,16.6599,16.6631,15.5579,0.0012,-1.0000
16.6678,1.0000,373.8691,1.1047,0.2935,16.6764,16.6592,15.1093,0.0008,-1.0000
16.6645,1.0000,373.8856,1.4824,0.2609,16.6721,16.6490,15.4721,0.0011,-1.0000
16.6689,1.0000,373.9025,1.2032,0.2627,16.6524,16.6705,15.6868,0.0007,-1.0000
16.6674,1.0000,373.9191,1.1037,0.3215,16.6718,16.6590,15.0221,0.0011,-1.0000
16.6640,1.0000,373.9356,1.5488,0.2748,16.6669,16.6482,15.4442,0.0012,-1.0000
16.6682,1.0000,373.9526,1.1759,0.2742,16.6563,16.6653,15.6358,0.0010,-1.0000
16.6695,1.0000,373.9691,0.9827,0.2734,16.6775,16.6699,15.0423,0.0013,-1.0000
16.6635,1.0000,373.9856,1.6355,0.2847,16.6673,16.6437,15.4241,0.0012,-1.0000
16.6671,1.0000,374.0024,1.2029,0.2752,16.6555,16.6637,15.6727,0.0011,-1.0000
16.6689,1.0000,374.0191,1.0285,0.2937,16.6734,16.6632,15.3786,0.0009,-1.0000
16.6644,1.0000,374.0357,1.6259,0.2934,16.6783,16.6528,15.4430,0.0015,-1.0000
16.6698,1.0000,374.0529,1.2179,0.2435,16.6515,16.6668,15.4821,0.0011,-1.0000
16.6658,1.0000,374.0691,0.9899,0.2541,16.6706,16.6552,14.9145,0.0017,-1.0000
16.6664,1.0000,374.0857,1.2835,0.2915,16.6711,16.6556,15.4787,0.0012,-1.0000
16.6667,1.0000,374.1027,1.2083,0.2744,16.6611,16.7896,15.4859,0.0013,-1.0000
16.6668,1.0000,374.1191,1.1834,0.3207,16.6756,16.5089,15.1391,0.0010,-1.0000
16.6632,1.0000,374.1356,1.7391,0.3106,16.6642,16.6427,15.4871,0.0012,-1.0000
16.6688,1.0000,374.1524,1.1758,0.2808,16.6814,16.6713,15.7270,0.0009,-1.0000
16.6690,1.0000,374.1692,1.3024,0.3016,16.8013,16.6653,15.5102,0.0011,-1.0000
16.6646,1.0000,374.1856,1.3688,0.2797,16.5183,16.6504,15.1078,0.0012,-1.0000
16.6671,1.0000,374.2024,1.1544,0.2513,16.6492,16.6621,15.5800,0.0009,-1.0000
16.6694,1.0000,374.2191,0.9435,0.2728,16.6775,16.6692,15.4699,0.0012,-1.0000
16.6657,1.0000,374.2357,1.1537,0.3272,16.6736,16.6505,15.3073,0.0011,-1.0000
16.6631,1.0000,374.2524,1.5414,0.2489,16.6588,16.6455,15.4781,0.0012,-1.0000
16.6699,1.0000,374.2693,1.0811,0.2679,16.6694,16.7660,15.5004,0.0015,-1.0000
16.6664,1.0000,374.2857,1.1979,0.2749,16.6786,16.5358,15.1003,0.0014,-1.0000
16.6665,1.0000,374.3024,1.3416,0.2555,16.6616,16.6577,15.5307,0.0014,-1.0000
16.6677,1.0000,374.3192,1.1664,0.2543,16.6538,16.7722,15.4752,0.0014,-1.0000
16.6667,1.0000,374.3358,1.2640,0.2949,16.7974,16.5446,15.1999,0.0013,-1.0000
16.6644,1.0000,374.3524,1.4342,0.2905,16.5455,16.6495,15.5141,0.0011,-1.0000
16.8942,1.0000,374.3696,1.1254,0.2669,16.6659,16.9026,15.6943,0.0012,-1.0000
16.6634,1.0000,374.3859,1.2955,0.3088,16.7823,16.6354,14.8046,0.0015,-1.0000
16.6665,1.0000,374.4031,1.3432,0.3009,16.5554,16.6585,15.6057,0.0012,-1.0000
16.6700,1.0000,374.4194,1.1342,0.2642,16.6571,16.6681,14.1382,0.0010,-1.0000
16.6642,1.0000,374.4359,1.2070,0.3788,16.9145,16.6463,15.3301,0.0013,-1.0000
16.6673,1.0000,374.4527,1.8292,0.2566,16.6461,16.6631,15.5068,0.0011,-1.0000
16.6669,1.0000,374.4693,1.0516,0.3065,16.6659,16.6601,15.3635,0.0008,-1.0000
16.6663,1.0000,374.4859,2.5287,0.3209,16.6777,16.6554,15.4566,0.0010,-1.0000
16.6678,1.0000,374.5027,1.3147,0.2733,16.6555,16.6597,15.4991,0.0012,-1.0000
16.6661,1.0000,374.5193,1.1552,0.3278,16.6716,16.6512,15.3961,0.0010,-1.0000
16.6655,1.0000,374.5360,1.2957,0.3075,16.6697,16.6529,15.5200,0.0011,-1.0000
16.6670,1.0000,374.5526,1.1978,0.2708,16.6665,16.6541,15.3593,0.0013,-1.0000
16.6681,1.0000,374.5694,1.1593,0.3392,16.6711,16.6650,14.5724,0.0013,-1.0000
16.6648,1.0000,374.5858,1.2542,0.2715,16.6629,16.6494,15.1536,0.0011,-1.0000
16.6691,1.0000,374.6028,1.1315,0.2695,16.6631,16.6667,15.6735,0.0011,-1.0000
16.6848,1.0000,374.6195,1.2933,0.2806,16.6629,16.6802,15.1536,0.0014,-1.0000
16.6667,1.0000,374.6360,2.0912,0.4876,16.6734,16.6477,15.0736,0.0014,-1.0000
16.6683,1.0000,374.6528,1.4946,0.2646,16.6579,16.6694,15.3670,0.0013,-1.0000
16.6667,1.0000,374.6694,0.9919,0.3023,16.6745,16.6527,15.1367,0.0014,-1.0000
16.6645,1.0000,374.6859,1.5253,0.3121,16.6904,16.6431,15.0613,0.0016,-1.0000
16.6667,1.0000,374.7030,1.5725,0.2686,16.6571,16.6617,15.6083,0.0010,-1.0000
16.6679,1.0000,374.7193,1.3012,0.2828,16.6814,16.6620,14.5213,0.0015,-1.0000
16.6654,1.0000,374.7360,1.5146,0.3031,16.6643,16.6519,15.4795,0.0011,-1.0000
16.6681,1.0000,374.7527,1.5803,0.3016,16.6528,16.6724,15.4252,0.0011,-1.0000
16.6659,1.0000,374.7693,1.0523,0.3529,16.6702,16.6478,15.2996,0.0012,-1.0000
16.6652,1.0000,374.7859,2.1392,0.3078,16.6708,16.6513,15.4935,0.0011,-1.0000
16.6681,1.0000,374.8027,1.1712,0.3064,16.6604,16.6647,15.5954,0.0012,-1.0000
16.6677,1.0000,374.8193,1.2458,0.3364,16.6802,16.6612,14.9775,0.0012,-1.0000
16.6666,1.0000,374.8360,1.3469,0.2831,16.6566,16.6551,15.3445,0.0013,-1.0000
16.6666,1.0000,374.8527,1.1569,0.2722,16.6600,16.6586,15.4745,0.0014,-1.0000
16.6662,1.0000,374.8693,1.0683,0.3838,16.6726,16.6545,15.3278,0.0012,-1.0000
16.6656,1.0000,374.8859,1.6824,0.2881,16.6705,16.6523,15.5034,0.0012,-1.0000
16.6671,1.0000,374.9028,1.3093,0.2621,16.6656,16.6617,15.6345,0.0008,-1.0000
16.6696,1.0000,374.9194,1.1827,0.3007,16.6681,16.6671,14.8892,0.0013,-1.0000
16.6650,1.0000,374.9360,1.3255,0.3056,16.6630,16.6524,15.3529,0.0010,-1.0000
16.6679,1.0000,374.9528,1.1477,0.2717,16.6603,16.6600,15.4799,0.0014,-1.0000
16.6658,1.0000,374.9693,1.0264,0.3206,16.6693,16.6547,15.1280,0.0011,-1.0000
16.6652,1.0000,374.9859,1.7765,0.2946,16.6765,16.6549,15.3307,0.0011,-1.0000
16.6693,1.0000,375.0030,1.2982,0.2752,16.6626,16.6682,15.5305,0.0012,-1.0000
16.6658,1.0000,375.0193,1.1788,0.4852,16.6691,16.6507,14.6716,0.0012,-1.0000
16.6661,1.0000,375.0360,1.5254,0.2636,16.6630,16.6520,15.3392,0.0013,-1.0000
16.6675,1.0000,375.0527,1.3231,0.2566,16.6635,16.6649,15.4622,0.0011,-1.0000
16.6668,1.0000,375.0693,1.1366,0.3353,16.6791,16.6536,15.2827,0.0011,-1.0000
16.6647,1.0000,375.0858,1.9779,0.2990,16.6614,16.6426,15.2946,0.0014,-1.0000
16.6685,1.0000,375.1027,1.3112,0.3029,16.6607,16.6671,15.6159,0.0014,-1.0000
16.6662,1.0000,375.1194,1.2016,0.2767,16.6763,16.6552,15.3818,0.0011,-1.0000
16.6658,1.0000,375.1360,1.3697,0.3334,16.6682,16.6538,15.4064,0.0011,-1.0000
16.6682,1.0000,375.1527,1.3466,0.2650,16.6517,16.6633,15.3877,0.0013,-1.0000
16.6662,1.0000,375.1693,1.0498,0.3084,16.6752,16.6570,15.3545,0.0012,-1.0000
16.6665,1.0000,375.1859,1.2721,0.2909,16.6644,16.6593,15.4041,0.0015,-1.0000
16.6676,1.0000,375.2027,1.2462,0.3132,16.6626,16.6585,15.5220,0.0009,-1.0000
16.6660,1.0000,375.2193,1.2742,0.3398,16.6723,16.6545,15.2259,0.0014,-1.0000
16.6660,1.0000,375.2360,1.3010,0.2997,16.6659,16.6523,15.4662,0.0012,-1.0000
16.6685,1.0000,375.2528,1.2537,0.2918,16.6679,16.6693,15.5752,0.0011,-1.0000
16.6643,1.0000,375.2693,1.1356,0.3564,16.6683,16.6451,15.2093,0.0013,-1.0000
16.6680,1.0000,375.2860,1.4271,0.2761,16.6635,16.6681,15.5510,0.0011,-1.0000
16.6682,1.0000,375.3027,1.1849,0.2681,16.6608,16.6574,15.2702,0.0009,-1.0000
16.6629,1.0000,375.3192,1.0932,0.3208,16.6800,16.6438,15.4296,0.0010,-1.0000
16.6688,1.0000,375.3364,1.4346,0.2674,16.6532,16.6689,15.7004,0.0011,-1.0000
16.6675,1.0000,375.3527,1.1160,0.3034,16.6778,16.6626,14.2584,0.0014,-1.0000
16.6659,1.0000,375.3693,1.3862,0.2826,16.6662,16.6525,15.3716,0.0010,-1.0000
16.6682,1.0000,375.3860,1.2132,0.2722,16.6515,16.6679,15.4876,0.0011,-1.0000
16.6659,1.0000,375.4026,0.9674,0.2931,16.6750,16.6511,15.2621,0.0014,-1.0000
16.6652,1.0000,375.4193,2.4028,0.2974,16.6713,16.6509,15.4768,0.0013,-1.0000
16.6671,1.0000,375.4359,1.2796,0.2767,16.6607,16.6614,15.6801,0.0010,-1.0000
16.8926,1.0000,375.4532,1.1791,0.3003,16.6769,16.9904,15.7039,0.0012,-1.0000
16.6649,1.0000,375.4695,1.3875,0.2778,16.6606,16.5540,14.8311,0.0015,-1.0000
16.6663,1.0000,375.4861,1.1725,0.2462,16.6580,16.6563,15.4941,0.0011,-1.0000
16.6676,1.0000,375.5029,0.9802,0.2611,16.6687,16.6688,15.5595,0.0011,-1.0000
16.6644,1.0000,375.5195,1.2853,0.2880,17.0002,16.6377,15.4401,0.0010,-1.0000
16.6667,1.0000,375.5362,1.7214,0.2617,16.5652,16.6615,15.5014,0.0010,-1.0000
16.7795,1.0000,375.5536,1.1609,0.2796,16.6652,16.7778,15.4851,0.0011,-1.0000
16.6647,1.0000,375.5696,1.1081,0.2680,16.6788,16.6536,14.1653,0.0016,-1.0000
16.6677,1.0000,375.5862,1.1964,0.2738,16.6453,16.6612,15.6105,0.0012,-1.0000
16.6667,1.0000,375.6029,1.1588,0.2736,16.6683,16.6574,15.1698,0.0011,-1.0000
16.6654,1.0000,375.6196,1.2915,0.2621,16.7862,16.6525,15.4115,0.0009,-1.0000
16.6679,1.0000,375.6363,2.4867,0.2764,16.6622,16.6617,15.4928,0.0013,-1.0000
16.6670,1.0000,375.6529,1.0493,0.3404,16.6703,16.6596,15.2484,0.0013,-1.0000
16.6650,1.0000,375.6696,1.4864,0.3054,16.6666,16.6496,15.5831,0.0010,-1.0000
16.6685,1.0000,375.6862,1.2402,0.2685,16.6612,16.6702,15.6724,0.0010,-1.0000
16.6666,1.0000,375.7030,1.1675,0.2862,16.6700,16.6550,15.0088,0.0015,-1.0000
16.6663,1.0000,375.7196,1.4098,0.2587,16.6682,16.6490,15.4314,0.0009,-1.0000
16.6688,1.0000,375.7363,1.0653,0.2571,16.6574,16.6716,15.6321,0.0011,-1.0000
16.6653,1.0000,375.7529,0.9968,0.3342,16.6793,16.6485,15.3935,0.0014,-1.0000
16.6650,1.0000,375.7696,1.6447,0.2681,16.6675,16.6546,15.5086,0.0013,-1.0000
16.6682,1.0000,375.7862,1.2165,0.2736,16.6573,16.6634,15.4940,0.0011,-1.0000
16.6675,1.0000,375.8029,1.0382,0.3844,16.6800,16.6590,15.4263,0.0011,-1.0000
16.6656,1.0000,375.8197,1.2537,0.2742,16.6581,16.6507,15.5500,0.0009,-1.0000
16.6671,1.0000,375.8369,1.1446,0.2454,16.6630,16.6636,15.4324,0.0011,-1.0000
16.6676,1.0000,375.8530,1.1682,0.3562,16.6726,16.6605,14.5785,0.0011,-1.0000
16.6651,1.0000,375.8697,1.2317,0.2676,16.6678,16.6509,15.5036,0.0009,-1.0000
16.7610,1.0000,375.8864,1.0996,0.3061,16.6597,16.7561,15.5954,0.0012,-1.0000
16.6662,1.0000,375.9031,1.2301,0.3475,16.6711,16.6597,15.3373,0.0011,-1.0000
16.6665,1.0000,375.9197,2.0808,0.2830,16.6699,16.6569,15.5155,0.0011,-1.0000
16.6677,1.0000,375.9365,1.1464,0.2625,16.6598,16.6645,15.5340,0.0010,-1.0000
16.6662,1.0000,375.9532,1.1593,0.3331,16.7640,16.6471,15.1858,0.0012,-1.0000
16.6655,1.0000,375.9697,1.3213,0.2925,16.6678,16.6504,15.3636,0.0012,-1.0000
16.6689,1.0000,375.9865,1.1404,0.2892,16.6669,16.8067,15.6012,0.0010,-1.0000
16.6655,1.0000,376.0031,1.1294,0.3331,16.6762,16.5135,15.3637,0.0016,-1.0000
16.6672,1.0000,376.0197,1.4598,0.2988,16.6575,16.6575,15.5391,0.0012,-1.0000
16.6674,1.0000,376.0365,1.2857,0.2504,16.6591,16.6609,15.4907,0.0013,-1.0000
16.6656,1.0000,376.0531,1.2045,0.2678,16.8153,16.6566,15.3915,0.0013,-1.0000
16.6668,1.0000,376.0697,1.1482,0.2635,16.5228,16.6588,15.4723,0.0014,-1.0000
16.6678,1.0000,376.0864,1.1171,0.2823,16.6656,16.6618,15.5232,0.0011,-1.0000
16.6662,1.0000,376.1031,1.1687,0.3000,16.6695,16.6503,15.3406,0.0009,-1.0000
16.6666,1.0000,376.1199,1.2637,0.3223,16.6649,16.6615,15.4224,0.0011,-1.0000
16.6667,1.0000,376.1365,1.1851,0.2815,16.6668,16.6549,15.1423,0.0013,-1.0000
16.6667,1.0000,376.1531,1.1373,0.2928,16.6736,16.6558,15.3022,0.0013,-1.0000
16.6671,1.0000,376.1697,1.3086,0.2810,16.6598,16.6572,15.5113,0.0011,-1.0000
16.6675,1.0000,376.1863,1.2381,0.2875,16.6717,16.6607,15.5003,0.0012,-1.0000
16.6655,1.0000,376.2031,1.5112,0.3245,16.6650,16.6554,15.4531,0.0010,-1.0000
16.6659,1.0000,376.2197,1.3521,0.2888,16.6646,16.6523,15.4259,0.0013,-1.0000
16.6687,1.0000,376.2365,1.1446,0.2819,16.6656,16.6690,15.5679,0.0011,-1.0000
16.6643,1.0000,376.2531,1.1591,0.3599,16.6695,16.6487,15.0809,0.0014,-1.0000
16.6774,1.0000,376.2704,1.2013,0.2873,16.6654,16.6764,15.5829,0.0014,-1.0000
16.6663,1.0000,376.2864,1.2248,0.2624,16.6604,16.6543,14.6550,0.0012,-1.0000
16.6670,1.0000,376.3031,1.0999,0.3313,16.6777,16.6561,15.5500,0.0014,-1.0000
16.6754,1.0000,376.3198,1.5665,0.2711,16.6567,16.6692,15.4535,0.0011,-1.0000
16.6661,1.0000,376.3364,1.0920,0.3413,16.6850,16.6567,15.3756,0.0011,-1.0000
16.6672,1.0000,376.3531,1.9984,0.3040,16.6634,16.6594,15.4305,0.0012,-1.0000
16.6665,1.0000,376.3698,1.1047,0.2783,16.6651,16.6555,15.4072,0.0012,-1.0000
16.6663,1.0000,376.3863,1.2147,0.3011,16.6777,16.6522,15.3093,0.0011,-1.0000
16.6662,1.0000,376.4031,1.2800,0.2971,16.6654,16.6573,15.4689,0.0012,-1.0000
16.6678,1.0000,376.4198,1.2275,0.2880,16.6705,16.6616,15.3457,0.0012,-1.0000
16.6666,1.0000,376.4364,1.2469,0.2899,16.6666,16.6530,15.2666,0.0010,-1.0000
16.6650,1.0000,376.4531,1.3415,0.2793,16.6612,16.6530,15.4685,0.0010,-1.0000
16.6685,1.0000,376.4698,1.1867,0.3313,16.6662,16.6673,15.5334,0.0010,-1.0000
16.6672,1.0000,376.4863,1.3145,0.2660,16.6720,16.6567,15.2547,0.0010,-1.0000
16.6655,1.0000,376.5031,1.3853,0.3200,16.6620,16.6548,15.5518,0.0010,-1.0000
16.6689,1.0000,376.5199,1.1835,0.2580,16.6611,16.6640,15.5750,0.0011,-1.0000
16.6651,1.0000,376.5365,1.1327,0.2874,16.6754,16.6517,15.2299,0.0011,-1.0000
16.6654,1.0000,376.5531,1.4006,0.3298,16.6656,16.6554,15.4678,0.0012,-1.0000
16.6679,1.0000,376.5703,1.1017,0.2603,16.6637,16.6649,15.5466,0.0012,-1.0000
16.6674,1.0000,376.5863,1.0878,0.3516,16.6741,16.6534,14.8088,0.0016,-1.0000
16.6657,1.0000,376.6031,1.4209,0.2939,16.6616,16.6549,15.5340,0.0011,-1.0000
16.6688,1.0000,376.6205,1.1863,0.2659,16.6631,16.7073,15.3762,0.0012,-1.0000
16.6657,1.0000,376.6364,1.1172,0.3401,16.6750,16.6090,14.3352,0.0014,-1.0000
16.6657,1.0000,376.6531,1.8429,0.2831,16.6634,16.6510,15.4939,0.0011,-1.0000
16.6684,1.0000,376.6698,1.1196,0.2732,16.6640,16.6638,15.5661,0.0011,-1.0000
16.6656,1.0000,376.6863,1.3304,0.3549,16.7177,16.6560,15.4582,0.0011,-1.0000
16.6667,1.0000,376.7031,2.2723,0.3371,16.6200,16.6593,15.5641,0.0011,-1.0000
16.6691,1.0000,376.7198,1.1559,0.3197,16.6599,16.6607,15.4004,0.0010,-1.0000
16.6646,1.0000,376.7364,1.0965,0.3416,16.6727,16.6497,15.3931,0.0012,-1.0000
16.6663,1.0000,376.7531,1.1966,0.2817,16.6661,16.6576,15.4731,0.0012,-1.0000
16.6688,1.0000,376.7698,1.0943,0.2782,16.6679,16.6835,15.5449,0.0011,-1.0000
16.6662,1.0000,376.7863,1.2591,0.3494,16.6715,16.6377,15.4674,0.0013,-1.0000
16.6658,1.0000,376.8031,1.2554,0.2744,16.6588,16.6596,15.5302,0.0012,-1.0000
16.6669,1.0000,376.8199,1.1831,0.3168,16.6655,16.7184,15.4677,0.0011,-1.0000
16.6665,1.0000,376.8365,1.1372,0.3005,16.6928,16.5871,15.2697,0.0010,-1.0000
16.6670,1.0000,376.8532,1.1689,0.2829,16.6477,16.6621,15.2303,0.0011,-1.0000
16.6982,1.0000,376.8700,1.1284,0.2570,16.6705,16.6895,15.4311,0.0013,-1.0000
16.6348,1.0000,376.8863,1.2495,0.3228,16.7281,16.5919,15.2141,0.0011,-1.0000
16.6661,1.0000,376.9031,1.3163,0.2736,16.5955,16.6554,15.5731,0.0010,-1.0000
16.6681,1.0000,376.9199,1.4306,0.3170,16.6708,16.6665,15.5629,0.0013,-1.0000
16.6654,1.0000,376.9365,1.2569,0.3482,16.7275,16.6490,14.8058,0.0010,-1.0000
16.6673,1.0000,376.9531,1.3766,0.3078,16.6016,16.6630,15.4096,0.0012,-1.0000
16.6687,1.0000,376.9698,1.0814,0.2787,16.6640,16.6679,15.4140,0.0013,-1.0000
16.6630,1.0000,376.9863,1.1022,0.3491,16.6762,16.6364,15.3050,0.0012,-1.0000
16.6686,1.0000,377.0032,1.8423,0.3322,16.6580,16.6681,15.6632,0.0010,-1.0000
16.6663,1.0000,377.0198,1.2521,0.3251,16.6705,16.6589,15.3058,0.0012,-1.0000
16.6672,1.0000,377.0365,1.2527,0.3240,16.6783,16.6551,15.4688,0.0009,-1.0000
16.6674,1.0000,377.0532,1.3302,0.2726,16.6462,16.6638,15.4534,0.0011,-1.0000
16.6664,1.0000,377.0697,1.0038,0.2478,16.6764,16.6547,15.2005,0.0013,-1.0000
16.6656,1.0000,377.0863,1.3518,0.2800,16.6674,16.6531,15.5370,0.0012,-1.0000
16.6667,1.0000,377.1031,1.1853,0.3295,16.6633,16.6629,15.6627,0.0009,-1.0000
16.6676,1.0000,377.1198,1.2093,0.4517,16.6724,16.6603,15.4307,0.0013,-1.0000
16.6664,1.0000,377.1365,1.4530,0.2907,16.6633,16.6566,15.3184,0.0015,-1.0000
16.6670,1.0000,377.1534,1.1146,0.2664,16.6608,16.6622,15.4284,0.0013,-1.0000
16.6679,1.0000,377.1698,0.9990,0.3248,16.6707,16.6587,15.0064,0.0011,-1.0000
16.6650,1.0000,377.1863,1.2282,0.3841,16.6687,16.6539,15.4561,0.0012,-1.0000
16.6677,1.0000,377.2032,1.3366,0.2805,16.6646,16.6609,15.6510,0.0013,-1.0000
16.6658,1.0000,377.2198,1.2324,0.3052,16.6708,16.6562,15.3169,0.0011,-1.0000
16.6666,1.0000,377.2364,1.6509,0.3099,16.6673,16.6546,15.5356,0.0010,-1.0000
16.7494,1.0000,377.2533,1.1965,0.3092,16.6633,16.7515,15.6558,0.0013,-1.0000
16.6655,1.0000,377.2699,1.0085,0.3128,16.6691,16.6492,15.2719,0.0012,-1.0000
16.6657,1.0000,377.2864,1.3383,0.2838,16.6649,16.6534,15.4368,0.0010,-1.0000
16.6796,1.0000,377.3033,1.1180,0.3088,16.6629,16.6762,15.5790,0.0012,-1.0000
16.6664,1.0000,377.3199,1.0942,0.3317,16.7620,16.6478,14.8272,0.0013,-1.0000
16.6666,1.0000,377.3365,1.3761,0.3329,16.6598,16.6531,15.4477,0.0010,-1.0000
16.6933,1.0000,377.3535,1.2152,0.2797,16.6621,16.6909,15.6069,0.0012,-1.0000
16.6665,1.0000,377.3699,1.0959,0.3865,16.6892,16.6545,14.7672,0.0015,-1.0000
16.6669,1.0000,377.3866,1.8192,0.2881,16.6588,16.6557,15.2766,0.0011,-1.0000
16.6676,1.0000,377.4033,1.2043,0.3118,16.6613,16.6605,15.1951,0.0011,-1.0000
16.6663,1.0000,377.4199,1.0826,0.3934,16.7006,16.6542,15.2273,0.0013,-1.0000
16.6661,1.0000,377.4366,1.8858,0.3182,16.6652,16.6561,15.5409,0.0011,-1.0000
16.6673,1.0000,377.4532,1.3777,0.3102,16.6648,16.6595,15.4620,0.0014,-1.0000
16.6663,1.0000,377.4698,1.4642,0.3210,16.6705,16.6569,15.3148,0.0010,-1.0000
16.6668,1.0000,377.4865,1.4256,0.3390,16.6640,16.6587,15.4938,0.0015,-1.0000
16.6666,1.0000,377.5033,1.1141,0.2793,16.6649,16.6579,15.5679,0.0010,-1.0000
16.6682,1.0000,377.5199,1.1959,0.3203,16.6688,16.6588,15.3473,0.0010,-1.0000
16.6651,1.0000,377.5365,1.3410,0.2796,16.6654,16.6544,15.5362,0.0013,-1.0000
16.6673,1.0000,377.5532,1.1633,0.2742,16.6676,16.6606,15.4264,0.0015,-1.0000
16.6666,1.0000,377.5699,1.0887,0.3162,16.6674,16.6565,15.3652,0.0011,-1.0000
16.6657,1.0000,377.5864,1.3104,0.3339,16.6679,16.6527,15.5213,0.0011,-1.0000
16.6941,1.0000,377.6034,1.1168,0.2906,16.6628,16.6966,15.6800,0.0010,-1.0000
16.6414,1.0000,377.6200,1.2324,0.2873,16.6693,16.6304,14.7285,0.0013,-1.0000
16.6659,1.0000,377.6365,1.2900,0.3165,16.6655,16.6482,15.2441,0.0011,-1.0000
16.7201,1.0000,377.6539,1.1305,0.3104,16.6611,16.7167,15.6152,0.0012,-1.0000
16.6683,1.0000,377.6700,1.0154,0.3622,16.7065,16.6576,14.8646,0.0012,-1.0000
16.6643,1.0000,377.6865,1.9004,0.3249,16.6408,16.6438,15.3172,0.0013,-1.0000
16.6672,1.0000,377.7033,1.4033,0.2940,16.6573,16.6595,15.6595,0.0010,-1.0000
16.6681,1.0000,377.7199,1.1001,0.2795,16.7280,16.6626,15.2141,0.0013,-1.0000
16.6665,1.0000,377.7366,1.7918,0.3046,16.6696,16.6537,15.5964,0.0010,-1.0000
16.6663,1.0000,377.7533,1.3252,0.3213,16.6542,16.6625,15.4667,0.0011,-1.0000
16.6673,1.0000,377.7699,0.9988,0.3247,16.6686,16.6552,15.1881,0.0011,-1.0000
16.6660,1.0000,377.7865,1.4468,0.2775,16.6723,16.6526,15.4912,0.0012,-1.0000
16.6647,1.0000,377.8032,1.0560,0.3362,16.6619,16.6522,15.5154,0.0010,-1.0000
16.6691,1.0000,377.8200,1.1944,0.3943,16.6716,16.6694,15.5946,0.0011,-1.0000
16.6651,1.0000,377.8365,1.4658,0.3026,16.6668,16.6439,15.3431,0.0012,-1.0000
16.6679,1.0000,377.8533,1.1602,0.3246,16.6617,16.6654,15.5630,0.0012,-1.0000
16.6674,1.0000,377.8699,1.1357,0.2803,16.6600,16.6597,15.4305,0.0011,-1.0000
16.6649,1.0000,377.8865,1.0736,0.3320,16.6786,16.6530,15.4643,0.0012,-1.0000
16.6679,1.0000,377.9033,1.2997,0.3348,16.6544,16.6620,15.5593,0.0010,-1.0000
16.6956,1.0000,377.9200,1.1012,0.3016,16.6739,16.6912,15.5382,0.0016,-1.0000
16.6385,1.0000,377.9366,1.2281,0.2656,16.6683,16.6225,15.1101,0.0011,-1.0000
16.6662,1.0000,377.9533,1.1874,0.3158,16.6631,16.6554,15.4479,0.0014,-1.0000
16.6677,1.0000,377.9700,1.1016,0.3268,16.6704,16.6569,15.4917,0.0014,-1.0000
16.6659,1.0000,377.9865,1.1257,0.6017,16.7028,16.6531,15.3276,0.0010,-1.0000
16.6678,1.0000,378.0033,1.5112,0.2651,16.6339,16.6607,15.5682,0.0010,-1.0000
16.6662,1.0000,378.0200,1.2061,0.2776,16.6663,16.6561,15.4411,0.0012,-1.0000
16.6667,1.0000,378.0366,1.1637,0.3350,16.6672,16.6802,15.2078,0.0012,-1.0000
16.6664,1.0000,378.0533,1.3244,0.2864,16.6632,16.6271,15.4792,0.0010,-1.0000
16.6676,1.0000,378.0700,1.0913,0.2602,16.6716,16.6664,15.5452,0.0011,-1.0000
16.6665,1.0000,378.0865,1.2134,0.3939,16.6672,16.6488,15.1061,0.0012,-1.0000
16.6670,1.0000,378.1033,1.4712,0.2969,16.6899,16.6619,15.5111,0.0011,-1.0000
16.6921,1.0000,378.1201,1.1471,0.2771,16.6359,16.7057,15.4417,0.0011,-1.0000
16.6647,1.0000,378.1366,1.1201,0.3422,16.6773,16.6263,14.3340,0.0017,-1.0000
16.6675,1.0000,378.1533,1.5414,0.3259,16.6585,16.6586,15.5297,0.0011,-1.0000
16.6661,1.0000,378.1700,1.1498,0.3922,16.6723,16.6555,15.4742,0.0011,-1.0000
16.6669,1.0000,378.1866,1.2625,0.3629,16.7169,16.6582,15.3461,0.0011,-1.0000
16.6668,1.0000,378.2033,2.2905,0.2774,16.6369,16.6557,15.5817,0.0011,-1.0000
16.6674,1.0000,378.2200,1.1277,0.3061,16.6681,16.6627,15.4855,0.0010,-1.0000
16.6672,1.0000,378.2367,1.1799,0.3299,16.6644,16.6576,15.3283,0.0012,-1.0000
16.6653,1.0000,378.2533,1.3109,0.2711,16.6667,16.6492,15.2374,0.0012,-1.0000
16.6670,1.0000,378.2701,1.0731,0.2602,16.6647,16.7178,15.3853,0.0012,-1.0000
16.6673,1.0000,378.2867,1.1760,0.3311,16.6726,16.7053,15.2571,0.0012,-1.0000
16.6665,1.0000,378.3033,1.3281,0.3133,16.6697,16.6085,14.6268,0.0015,-1.0000
16.6667,1.0000,378.3200,1.4106,0.3377,16.6596,16.6644,15.4734,0.0011,-1.0000
16.6680,1.0000,378.3369,1.3312,0.3137,16.7273,16.7199,15.4688,0.0010,-1.0000
16.6654,1.0000,378.3534,1.4469,0.3079,16.7165,16.5898,15.1537,0.0012,-1.0000
16.6667,1.0000,378.3700,1.9805,0.2711,16.6195,16.6396,15.5082,0.0012,-1.0000
16.6670,1.0000,378.3867,1.1897,0.2820,16.6747,16.7321,15.4146,0.0011,-1.0000
16.6680,1.0000,378.4037,1.2501,0.3146,16.7309,16.6409,15.2770,0.0013,-1.0000
16.6631,1.0000,378.4200,1.4348,0.3115,16.5992,16.5580,15.0521,0.0013,-1.0000
16.6671,1.0000,378.4379,1.1301,0.3014,16.6486,16.6591,15.5788,0.0013,-1.0000
16.6691,1.0000,378.4533,1.3161,0.3412,16.7422,16.6746,14.1806,0.0016,-1.0000
16.6652,1.0000,378.4700,1.3623,0.3035,16.6517,16.6485,15.4411,0.0012,-1.0000
16.6671,1.0000,378.4866,1.5046,0.3026,16.5661,16.6642,15.5377,0.0011,-1.0000
16.6672,1.0000,378.5034,1.0789,0.2595,16.6656,16.7214,15.3026,0.0010,-1.0000
16.6663,1.0000,378.5201,2.4927,0.2653,16.6826,16.5883,15.3127,0.0010,-1.0000
16.6674,1.0000,378.5367,1.2061,0.2903,16.6568,16.6664,15.3184,0.0012,-1.0000
16.6665,1.0000,378.5533,1.1254,0.5206,16.6736,16.6540,15.2965,0.0013,-1.0000
16.6658,1.0000,378.5700,1.4177,0.3054,16.7294,16.6540,15.5001,0.0012,-1.0000
16.6684,1.0000,378.5866,1.2747,0.3209,16.5970,16.6683,15.4542,0.0012,-1.0000
16.6660,1.0000,378.6033,1.3466,0.3332,16.6751,16.6506,15.1874,0.0012,-1.0000
16.6662,1.0000,378.6200,1.3562,0.3191,16.6626,16.6569,15.5039,0.0012,-1.0000
16.6685,1.0000,378.6368,1.1527,0.2687,16.6622,16.6699,15.3550,0.0012,-1.0000
16.6666,1.0000,378.6534,1.2127,0.3643,16.6788,16.6507,15.1708,0.0014,-1.0000
16.6658,1.0000,378.6700,1.4619,0.2605,16.6600,16.6527,15.4097,0.0012,-1.0000
16.6664,1.0000,378.6866,1.1517,0.2882,16.6657,16.6573,15.4093,0.0012,-1.0000
16.6689,1.0000,378.7035,1.3137,0.3602,16.6812,16.6740,15.4812,0.0011,-1.0000
16.6645,1.0000,378.7200,1.4784,0.3185,16.6608,16.6371,14.7607,0.0015,-1.0000
16.6667,1.0000,378.7367,1.2415,0.3154,16.6624,16.6592,15.2858,0.0015,-1.0000
16.6684,1.0000,378.7534,1.2468,0.2567,16.6662,16.7126,15.5030,0.0011,-1.0000
16.6664,1.0000,378.7700,1.1914,0.3385,16.6843,16.6019,15.2339,0.0011,-1.0000
16.6660,1.0000,378.7866,1.8749,0.3245,16.6467,16.6995,15.4110,0.0013,-1.0000
16.6670,1.0000,378.8034,1.3716,0.3593,16.6677,16.6182,15.4488,0.0013,-1.0000
16.6663,1.0000,378.8200,1.2086,0.3352,16.7241,16.6450,15.3358,0.0011,-1.0000
16.6667,1.0000,378.8367,1.3668,0.2639,16.6144,16.7081,15.3755,0.0011,-1.0000
16.6670,1.0000,378.8534,1.2872,0.2987,16.7085,16.6195,15.2956,0.0010,-1.0000
16.6663,1.0000,378.8700,1.1680,0.3111,16.6282,16.6490,15.3742,0.0010,-1.0000
16.6666,1.0000,378.8866,1.3080,0.3598,16.6558,16.7051,15.4260,0.0013,-1.0000
16.6674,1.0000,378.9034,1.3315,0.2865,16.7173,16.6096,15.4967,0.0012,-1.0000
16.6664,1.0000,378.9200,1.3223,0.3968,16.6300,16.6526,15.3042,0.0013,-1.0000
16.6669,1.0000,378.9367,1.2737,0.2938,16.6586,16.6622,15.4964,0.0013,-1.0000
16.6677,1.0000,378.9539,1.2779,0.3539,16.7134,16.7647,15.4085,0.0011,-1.0000
16.6656,1.0000,378.9701,1.1115,0.3462,16.6193,16.5978,14.6911,0.0012,-1.0000
