frame_ms,focused,elapsed,CPU Main Thread Frame Time,CPU Render Thread Frame Time,CPU Total Frame Time,PlayerLoop,WaitForTargetFPS,Gfx.WaitForPresentOnGfxThread,Gfx.WaitForGfxCommandsFromMainThread
16.6663,1.0000,132.5280,1.1699,0.3387,16.6717,16.6519,14.5350,0.0012,-1.0000
16.6659,1.0000,132.5447,1.2349,0.2798,16.6731,16.6549,15.2657,0.0011,-1.0000
16.6663,1.0000,132.5614,1.2432,0.3177,16.6562,16.6597,15.4071,0.0009,-1.0000
16.6680,1.0000,132.5780,1.1106,0.4729,16.6775,16.6612,15.2815,0.0011,-1.0000
16.6661,1.0000,132.5946,2.1154,0.3872,16.6615,16.6547,15.3599,0.0014,-1.0000
16.6687,1.0000,132.6115,1.3880,0.3216,16.6635,16.6673,15.4097,0.0010,-1.0000
16.6652,1.0000,132.6281,1.2515,0.3989,16.6684,16.6787,14.8041,0.0018,-1.0000
16.6677,1.0000,132.6448,1.3782,0.3573,16.6696,16.6329,15.1909,0.0014,-1.0000
16.6669,1.0000,132.6615,1.2934,0.3507,16.6631,16.6585,15.0740,0.0015,-1.0000
16.6661,1.0000,132.6781,1.2565,0.4217,16.6772,16.6497,14.9655,0.0011,-1.0000
16.6643,1.0000,132.6946,1.8731,0.3569,16.6883,16.6480,15.1622,0.0011,-1.0000
16.6712,1.0000,132.7115,1.4401,0.3497,16.6432,16.6700,15.5005,0.0009,-1.0000
16.6649,1.0000,132.7281,1.5828,0.4293,16.6704,16.6529,14.5919,0.0012,-1.0000
16.6659,1.0000,132.7447,1.6830,0.3281,16.6614,16.6527,15.3510,0.0012,-1.0000
16.6683,1.0000,132.7614,1.4845,0.3089,16.6561,16.6644,15.2967,0.0013,-1.0000
16.6655,1.0000,132.7780,1.1685,0.4186,16.6797,16.6497,15.1180,0.0012,-1.0000
16.6641,1.0000,132.7946,2.0600,0.4042,16.6641,16.6511,15.3010,0.0009,-1.0000
16.6711,1.0000,132.8114,1.3005,0.3264,16.6607,16.6767,15.4693,0.0011,-1.0000
16.6647,1.0000,132.8280,1.3662,0.4309,16.6752,16.6441,15.0195,0.0013,-1.0000
16.6667,1.0000,132.8447,1.5306,0.3242,16.6598,16.6583,15.3815,0.0010,-1.0000
16.6702,1.0000,132.8615,1.3493,0.3411,16.6582,16.6678,15.1886,0.0014,-1.0000
16.6624,1.0000,132.8780,1.2064,0.3625,16.6891,16.6399,14.9767,0.0013,-1.0000
16.6670,1.0000,132.8946,1.6234,0.3598,16.6535,16.6588,15.4060,0.0011,-1.0000
16.6688,1.0000,132.9114,1.2757,0.3968,16.6668,16.6688,15.5243,0.0010,-1.0000
16.6646,1.0000,132.9281,1.4778,0.3940,16.6792,16.6550,15.3543,0.0013,-1.0000
16.6685,1.0000,132.9448,1.6618,0.3161,16.6491,16.6642,15.2768,0.0010,-1.0000
16.6664,1.0000,132.9614,1.2515,0.3178,16.6659,16.6525,15.0088,0.0013,-1.0000
16.6668,1.0000,132.9781,1.1435,0.3405,16.6766,16.6585,15.3362,0.0011,-1.0000
16.6658,1.0000,132.9946,1.2994,0.3756,16.6625,16.6537,15.2568,0.0014,-1.0000
16.6683,1.0000,133.0114,1.3864,0.3869,16.6725,16.6634,15.3394,0.0011,-1.0000
16.6653,1.0000,133.0280,1.6424,0.3813,16.6612,16.6497,15.3675,0.0011,-1.0000
16.6689,1.0000,133.0447,1.3210,0.3211,16.6676,16.6715,15.3576,0.0012,-1.0000
16.6658,1.0000,133.0614,1.3956,0.3334,16.6628,16.6527,15.1579,0.0012,-1.0000
16.6671,1.0000,133.0780,1.3228,0.3517,16.6719,16.6564,15.3856,0.0012,-1.0000
16.6675,1.0000,133.0947,1.2809,0.2975,16.6578,16.6627,15.3902,0.0011,-1.0000
16.6656,1.0000,133.1113,1.3123,0.3701,16.6807,16.6509,15.2207,0.0011,-1.0000
16.6663,1.0000,133.1281,1.4935,0.2969,16.6623,16.6570,15.3937,0.0012,-1.0000
16.6677,1.0000,133.1450,1.2695,0.2946,16.6660,16.6612,15.3012,0.0010,-1.0000
16.6665,1.0000,133.1613,1.2714,0.3384,16.6733,16.6577,14.8487,0.0016,-1.0000
16.6659,1.0000,133.1780,1.4291,0.2643,16.6600,16.6542,15.3417,0.0014,-1.0000
16.6684,1.0000,133.1947,1.2620,0.2840,16.6652,16.6652,15.4111,0.0011,-1.0000
16.6663,1.0000,133.2113,1.3589,0.3119,16.6701,16.6546,15.2538,0.0012,-1.0000
16.6648,1.0000,133.2280,1.8073,0.3088,16.6657,16.6505,15.3994,0.0011,-1.0000
16.6676,1.0000,133.2447,1.3109,0.2732,16.6619,16.6625,15.4323,0.0011,-1.0000
16.6688,1.0000,133.2615,1.2529,0.3325,16.6744,16.6660,15.0448,0.0012,-1.0000
16.6642,1.0000,133.2780,1.3995,0.2921,16.6634,16.6446,15.1706,0.0013,-1.0000
16.6697,1.0000,133.2947,1.2501,0.2726,16.6587,16.6706,15.2424,0.0011,-1.0000
16.6659,1.0000,133.3114,1.2287,0.3407,16.6715,16.6492,15.1194,0.0014,-1.0000
16.6661,1.0000,133.3280,1.6200,0.2897,16.6776,16.6553,15.2707,0.0011,-1.0000
16.6680,1.0000,133.3447,1.4726,0.2873,16.6553,16.6649,15.4342,0.0012,-1.0000
16.6655,1.0000,133.3613,1.4267,0.3622,16.6799,16.6464,15.1782,0.0012,-1.0000
16.6641,1.0000,133.3780,1.5283,0.3200,16.6599,16.6508,15.4515,0.0013,-1.0000
16.6717,1.0000,133.3947,1.3835,0.2811,16.6646,16.6794,15.3503,0.0010,-1.0000
16.6648,1.0000,133.4114,1.2291,0.3010,16.6751,16.6449,15.0956,0.0018,-1.0000
16.6654,1.0000,133.4282,1.4666,0.2817,16.6565,16.6562,15.2085,0.0013,-1.0000
16.6698,1.0000,133.4454,1.1985,0.3561,16.6581,16.6655,15.1508,0.0011,-1.0000
16.6652,1.0000,133.4613,1.3276,0.3327,16.6886,16.6489,14.5181,0.0014,-1.0000
16.6652,1.0000,133.4780,1.5481,0.3298,16.6553,16.6517,15.4753,0.0013,-1.0000
16.7256,1.0000,133.4947,1.4462,0.3043,16.6643,16.7507,15.4970,0.0012,-1.0000
16.6667,1.0000,133.5115,1.5137,0.3103,16.6759,16.6346,15.3128,0.0012,-1.0000
16.6645,1.0000,133.5281,2.1293,0.2812,16.6593,16.6498,15.2707,0.0014,-1.0000
16.6689,1.0000,133.5448,1.1752,0.2495,16.6597,16.7273,15.3715,0.0012,-1.0000
16.6650,1.0000,133.5615,1.2526,0.3338,16.7591,16.5664,15.0416,0.0012,-1.0000
16.6651,1.0000,133.5780,1.3204,0.3764,16.6455,16.6558,15.3500,0.0011,-1.0000
16.6686,1.0000,133.5947,1.3776,0.3798,16.6588,16.6661,15.4410,0.0009,-1.0000
16.6665,1.0000,133.6114,1.3543,0.3396,16.7564,16.6568,15.2769,0.0012,-1.0000
16.6667,1.0000,133.6281,1.5235,0.2693,16.5747,16.6582,15.3881,0.0012,-1.0000
16.6680,1.0000,133.6449,1.3047,0.3256,16.6633,16.6650,15.4438,0.0012,-1.0000
16.6649,1.0000,133.6614,1.2241,0.3618,16.6737,16.6500,14.8700,0.0014,-1.0000
16.6666,1.0000,133.6781,1.3784,0.2874,16.6653,16.6553,15.3104,0.0008,-1.0000
16.6677,1.0000,133.6949,1.2684,0.2825,16.6661,16.6621,15.2151,0.0009,-1.0000
16.6651,1.0000,133.7114,1.2199,0.3875,16.6751,16.6473,15.1659,0.0012,-1.0000
16.6694,1.0000,133.7283,1.7786,0.2926,16.6599,16.6695,15.4836,0.0014,-1.0000
16.6674,1.0000,133.7449,1.3437,0.3063,16.6650,16.6565,15.0745,0.0012,-1.0000
16.6648,1.0000,133.7614,1.4459,0.3388,16.6728,16.6497,15.0111,0.0015,-1.0000
16.6680,1.0000,133.7784,1.4802,0.2791,16.6568,16.6608,15.3262,0.0011,-1.0000
16.6664,1.0000,133.7946,1.1842,0.3395,16.6788,16.6590,15.0139,0.0012,-1.0000
16.6644,1.0000,133.8114,1.5807,0.3414,16.6669,16.6496,15.5041,0.0008,-1.0000
16.6678,1.0000,133.8281,1.6374,0.3251,16.6593,16.6640,15.4242,0.0011,-1.0000
16.6680,1.0000,133.8448,1.3334,0.3184,16.6693,16.6599,15.1662,0.0016,-1.0000
16.6650,1.0000,133.8614,1.6438,0.2847,16.6678,16.6522,15.2794,0.0013,-1.0000
16.6687,1.0000,133.8782,1.1445,0.2785,16.6578,16.6665,15.4759,0.0013,-1.0000
16.6661,1.0000,133.8947,1.2383,0.3713,16.6722,16.6571,14.8863,0.0012,-1.0000
16.6659,1.0000,133.9114,1.4923,0.3398,16.6686,16.6538,15.2840,0.0016,-1.0000
16.6665,1.0000,133.9285,1.3713,0.2671,16.6598,16.6609,15.3771,0.0015,-1.0000
16.6680,1.0000,133.9448,1.1895,0.3519,16.6753,16.7585,14.7738,0.0011,-1.0000
16.6663,1.0000,133.9614,1.7701,0.4226,16.6658,16.5555,15.2764,0.0011,-1.0000
16.6686,1.0000,133.9781,1.3683,0.2940,16.6624,16.6640,15.3550,0.0013,-1.0000
16.6657,1.0000,133.9946,1.2825,0.3265,16.6686,16.6567,15.2656,0.0012,-1.0000
16.6652,1.0000,134.0114,1.9839,0.2969,16.7668,16.6517,15.5268,0.0011,-1.0000
16.6672,1.0000,134.0281,1.2783,0.3499,16.5648,16.6654,15.4606,0.0008,-1.0000
16.6685,1.0000,134.0448,1.3076,0.3166,16.6728,16.6596,15.0767,0.0012,-1.0000
16.6660,1.0000,134.0615,1.3897,0.3112,16.6653,16.6544,15.4228,0.0013,-1.0000
16.6669,1.0000,134.0782,1.1241,0.2713,16.6600,16.6596,15.2270,0.0011,-1.0000
16.6666,1.0000,134.0947,1.2034,0.3085,16.6739,16.6309,15.1070,0.0010,-1.0000
16.6662,1.0000,134.1114,1.5815,0.2959,16.6684,16.6588,15.4576,0.0010,-1.0000
16.6688,1.0000,134.1283,1.2303,0.3189,16.6639,16.6644,15.2863,0.0011,-1.0000
16.6657,1.0000,134.1448,1.4312,0.3932,16.6946,16.6237,15.0202,0.0012,-1.0000
16.6646,1.0000,134.1613,1.5226,0.2937,16.6391,16.6406,15.2920,0.0009,-1.0000
16.6695,1.0000,134.1782,1.2000,0.3056,16.6676,16.7349,15.4956,0.0008,-1.0000
16.6655,1.0000,134.1946,1.3767,0.3970,16.6752,16.5819,15.1489,0.0012,-1.0000
16.6651,1.0000,134.2114,1.6023,0.3119,16.6680,16.6561,15.4093,0.0014,-1.0000
16.6693,1.0000,134.2282,1.3478,0.2741,16.6494,16.7290,15.3670,0.0012,-1.0000
16.6654,1.0000,134.2448,1.2386,0.3711,16.7476,16.5880,15.2237,0.0014,-1.0000
16.6652,1.0000,134.2614,1.4317,0.2825,16.5917,16.6525,15.3290,0.0010,-1.0000
16.6694,1.0000,134.2781,1.2455,0.2867,16.6646,16.7115,15.4471,0.0010,-1.0000
16.6658,1.0000,134.2953,1.3604,0.3335,16.7381,16.6109,15.1870,0.0014,-1.0000
16.6657,1.0000,134.3125,1.3628,0.2928,16.5965,16.6541,14.8489,0.0011,-1.0000
16.6681,1.0000,134.3282,1.3224,0.2778,16.6604,16.6984,13.9926,0.0014,-1.0000
16.6664,1.0000,134.3448,1.2632,0.3247,16.7199,16.6231,14.5784,0.0015,-1.0000
16.6654,1.0000,134.3614,1.4223,0.3237,16.6206,16.6526,15.2725,0.0010,-1.0000
16.6689,1.0000,134.3782,1.8041,0.4223,16.6617,16.6669,15.4486,0.0010,-1.0000
16.6660,1.0000,134.3947,2.7046,0.5700,16.7065,16.6581,14.9722,0.0012,-1.0000
16.6674,1.0000,134.4115,2.0431,0.3586,16.6312,16.6615,15.2741,0.0011,-1.0000
16.6675,1.0000,134.4282,1.3788,0.3162,16.6596,16.6563,15.1565,0.0012,-1.0000
16.6657,1.0000,134.4447,1.2170,0.3450,16.6746,16.6511,15.1088,0.0011,-1.0000
16.6649,1.0000,134.4614,1.6847,0.3461,16.6667,16.6528,15.4123,0.0012,-1.0000
16.6692,1.0000,134.4782,1.3861,0.4177,16.6729,16.6672,15.4043,0.0012,-1.0000
16.6647,1.0000,134.4946,1.4981,0.4079,16.6670,16.6478,15.0370,0.0011,-1.0000
16.6675,1.0000,134.5115,1.5412,0.3490,16.6602,16.6651,15.5378,0.0009,-1.0000
16.6692,1.0000,134.5281,1.2391,0.3267,16.6616,16.6658,15.2539,0.0015,-1.0000
16.6642,1.0000,134.5447,1.2615,0.3982,16.6758,16.6468,15.3925,0.0010,-1.0000
16.6671,1.0000,134.5615,1.6098,0.3030,16.6565,16.6623,15.2863,0.0013,-1.0000
16.6696,1.0000,134.5781,1.1261,0.4502,16.6721,16.6630,15.2459,0.0013,-1.0000
16.6615,1.0000,134.5946,1.4102,0.3830,16.6757,16.6430,15.3887,0.0014,-1.0000
16.6696,1.0000,134.6116,1.2532,0.3494,16.6553,16.6753,15.6030,0.0010,-1.0000
16.6678,1.0000,134.6281,1.3745,0.3947,16.6709,16.6517,14.8199,0.0010,-1.0000
16.6653,1.0000,134.6448,1.4157,0.3493,16.6714,16.6530,15.2403,0.0015,-1.0000
16.6684,1.0000,134.6616,1.2529,0.3279,16.6509,16.6667,15.3096,0.0011,-1.0000
16.6663,1.0000,134.6781,1.0715,0.4695,16.6858,16.6480,15.0238,0.0011,-1.0000
16.6640,1.0000,134.6946,1.8307,0.3555,16.6625,16.6504,15.2670,0.0010,-1.0000
16.6681,1.0000,134.7114,1.4112,0.3328,16.6624,16.6671,15.5668,0.0008,-1.0000
16.6675,1.0000,134.7281,1.3556,0.4353,16.6764,16.6615,15.3841,0.0010,-1.0000
16.6661,1.0000,134.7448,1.6231,0.3344,16.6576,16.6529,15.3542,0.0012,-1.0000
16.6675,1.0000,134.7615,1.3824,0.3322,16.6586,16.6615,15.2891,0.0014,-1.0000
16.6668,1.0000,134.7781,1.0991,0.3638,16.6744,16.6558,15.0866,0.0012,-1.0000
16.6658,1.0000,134.7946,1.2762,0.3665,16.6709,16.6524,15.3980,0.0012,-1.0000
16.6672,1.0000,134.8115,1.2973,0.3362,16.6614,16.6632,15.5781,0.0011,-1.0000
16.6684,1.0000,134.8281,1.3711,0.3585,16.6709,16.6635,15.0674,0.0014,-1.0000
16.6639,1.0000,134.8447,1.5681,0.3700,16.6650,16.6510,15.3233,0.0012,-1.0000
16.6704,1.0000,134.8615,1.2532,0.3964,16.6606,16.6690,15.2492,0.0011,-1.0000
16.6651,1.0000,134.8782,1.0836,0.4081,16.6706,16.6540,15.0173,0.0013,-1.0000
16.6649,1.0000,134.8947,1.5944,0.3528,16.6718,16.6445,15.0497,0.0013,-1.0000
16.6687,1.0000,134.9115,1.3266,0.3522,16.6600,16.6675,15.4443,0.0011,-1.0000
16.6667,1.0000,134.9281,1.4184,0.3664,16.6785,16.6549,15.2912,0.0014,-1.0000
16.6651,1.0000,134.9448,1.6356,0.4085,16.6654,16.6576,15.3798,0.0011,-1.0000
16.6691,1.0000,134.9614,1.5934,0.3028,16.6526,16.6693,15.2993,0.0010,-1.0000
16.6662,1.0000,134.9781,1.2219,0.5880,16.6766,16.6465,15.0263,0.0011,-1.0000
16.6658,1.0000,134.9946,1.3623,0.3386,16.6640,16.6574,15.3394,0.0013,-1.0000
16.6678,1.0000,135.0115,1.2766,0.3672,16.6660,16.6614,15.4571,0.0011,-1.0000
16.6657,1.0000,135.0281,1.3685,0.3726,16.6791,16.6552,15.1778,0.0012,-1.0000
16.6654,1.0000,135.0447,1.6190,0.3241,16.6557,16.6515,15.4266,0.0016,-1.0000
16.6688,1.0000,135.0615,1.3166,0.3497,16.6650,16.6698,15.4605,0.0011,-1.0000
16.6657,1.0000,135.0781,1.2031,0.3658,16.6697,16.6519,15.1221,0.0011,-1.0000
16.6669,1.0000,135.0947,1.4761,0.3306,16.6649,16.6581,15.4140,0.0012,-1.0000
16.6684,1.0000,135.1115,1.2235,0.3417,16.6596,16.6627,15.3962,0.0012,-1.0000
16.6651,1.0000,135.1281,1.2080,0.4339,16.6786,16.6525,15.1147,0.0013,-1.0000
16.6655,1.0000,135.1447,1.5287,0.3746,16.6616,16.6551,15.3925,0.0016,-1.0000
16.6694,1.0000,135.1614,1.2427,0.4062,16.6666,16.6652,15.1478,0.0008,-1.0000
16.6641,1.0000,135.1781,1.2652,0.6064,16.6721,16.6524,15.4526,0.0013,-1.0000
16.6706,1.0000,135.1948,1.5365,0.3277,16.6615,16.6716,15.3150,0.0012,-1.0000
16.6644,1.0000,135.2114,1.2611,0.3678,16.6624,16.6477,15.3426,0.0014,-1.0000
16.6668,1.0000,135.2281,1.5166,0.3810,16.6730,16.6569,15.3498,0.0014,-1.0000
16.6647,1.0000,135.2447,1.1985,0.3619,16.6605,16.6521,15.4076,0.0010,-1.0000
16.6696,1.0000,135.2615,1.3548,0.3418,16.6825,16.7447,15.3177,0.0010,-1.0000
16.6659,1.0000,135.2785,1.3035,0.3827,16.6568,16.5828,15.2373,0.0013,-1.0000
16.6674,1.0000,135.2947,1.3055,0.3316,16.6652,16.6571,14.8202,0.0011,-1.0000
16.6671,1.0000,135.3115,1.2433,0.3715,16.6611,16.6524,15.2306,0.0012,-1.0000
16.6654,1.0000,135.3281,1.4263,0.3383,16.7531,16.6541,15.2520,0.0012,-1.0000
16.6674,1.0000,135.3448,1.3442,0.3566,16.5928,16.6631,15.3998,0.0010,-1.0000
16.6670,1.0000,135.3614,1.8359,0.4277,16.6679,16.6553,15.2014,0.0013,-1.0000
16.6651,1.0000,135.3780,1.4204,0.3649,16.6622,16.6522,15.4051,0.0010,-1.0000
16.6684,1.0000,135.3947,1.4009,0.3821,16.6630,16.6671,15.3890,0.0012,-1.0000
16.6670,1.0000,135.4115,1.2624,0.3951,16.6711,16.6616,15.4128,0.0014,-1.0000
16.6664,1.0000,135.4281,1.4527,0.3337,16.6642,16.6504,15.2518,0.0011,-1.0000
16.6668,1.0000,135.4449,1.2461,0.3313,16.6602,16.6584,15.3581,0.0012,-1.0000
16.6664,1.0000,135.4614,1.2768,0.4072,16.6747,16.6577,15.0483,0.0013,-1.0000
16.6650,1.0000,135.4781,1.2472,0.3718,16.6716,16.6499,15.4382,0.0010,-1.0000
16.6683,1.0000,135.4946,1.3974,0.3882,16.6599,16.6669,15.4333,0.0011,-1.0000
16.6665,1.0000,135.5114,1.2993,0.3683,16.6681,16.6559,15.4495,0.0009,-1.0000
16.6654,1.0000,135.5282,1.6080,0.3755,16.6667,16.6529,15.2644,0.0016,-1.0000
16.6741,1.0000,135.5455,1.2108,0.3022,16.6584,16.6950,15.2147,0.0012,-1.0000
16.6611,1.0000,135.5615,1.2325,0.3749,16.6762,16.6188,14.5059,0.0017,-1.0000
16.6656,1.0000,135.5780,1.2053,0.3636,16.6645,16.6513,15.2339,0.0011,-1.0000
16.6657,1.0000,135.5946,1.3868,0.3236,16.6606,16.6590,15.4956,0.0013,-1.0000
16.6690,1.0000,135.6114,1.4786,0.3359,16.7106,16.6676,15.3828,0.0011,-1.0000
16.6648,1.0000,135.6280,2.1114,0.3346,16.6298,16.6469,15.4245,0.0012,-1.0000
16.6702,1.0000,135.6448,1.4160,0.3476,16.6590,16.6739,15.4202,0.0017,-1.0000
16.6653,1.0000,135.6614,1.1620,0.3501,16.6654,16.6518,15.1918,0.0013,-1.0000
16.6662,1.0000,135.6781,1.2839,0.3128,16.6770,16.6536,15.3622,0.0011,-1.0000
16.6659,1.0000,135.6946,1.2212,0.3222,16.6551,16.6604,15.2768,0.0013,-1.0000
16.6679,1.0000,135.7114,1.2518,0.3074,16.6832,16.6615,15.4865,0.0008,-1.0000
16.6652,1.0000,135.7281,1.4587,0.3368,16.6607,16.6515,15.3726,0.0011,-1.0000
16.6692,1.0000,135.7449,1.2902,0.2895,16.6629,16.6735,15.1973,0.0014,-1.0000
16.6659,1.0000,135.7614,1.3823,0.3215,16.6679,16.6464,14.3508,0.0018,-1.0000
16.6672,1.0000,135.7781,1.1739,0.2919,16.6697,16.6569,15.2581,0.0010,-1.0000
16.6660,1.0000,135.7947,1.2776,0.3123,16.6596,16.6610,15.3007,0.0011,-1.0000
16.6672,1.0000,135.8114,1.4745,0.3765,16.6837,16.6562,15.2512,0.0010,-1.0000
16.6652,1.0000,135.8280,2.2938,0.2969,16.6571,16.6509,15.3595,0.0012,-1.0000
16.6694,1.0000,135.8448,1.3977,0.3679,16.6651,16.6694,15.4565,0.0011,-1.0000
16.6658,1.0000,135.8614,1.3591,0.3933,16.6708,16.6509,15.1518,0.0014,-1.0000
16.6655,1.0000,135.8781,1.4040,0.3331,16.6652,16.6517,15.4073,0.0012,-1.0000
16.6687,1.0000,135.8947,1.2901,0.3231,16.6587,16.6645,15.5031,0.0011,-1.0000
16.6651,1.0000,135.9114,1.2119,0.3412,16.6801,16.6540,15.4414,0.0012,-1.0000
16.6648,1.0000,135.9281,1.4975,0.2852,16.6612,16.6486,15.4710,0.0011,-1.0000
16.6689,1.0000,135.9449,1.2431,0.3437,16.6608,16.6699,15.4480,0.0010,-1.0000
16.6675,1.0000,135.9614,1.1602,0.3021,16.6737,16.4878,15.1148,0.0010,-1.0000
16.6660,1.0000,135.9781,1.2113,0.2888,16.6645,16.6597,15.3870,0.0011,-1.0000
16.6671,1.0000,135.9946,1.1765,0.3146,16.6563,16.6536,15.3497,0.0011,-1.0000
16.6661,1.0000,136.0114,1.2210,0.3192,16.8472,16.6562,15.4494,0.0012,-1.0000
16.6656,1.0000,136.0280,1.3718,0.3190,16.4974,16.6559,15.4296,0.0010,-1.0000
16.6691,1.0000,136.0448,1.2714,0.3174,16.6695,16.6648,15.4848,0.0008,-1.0000
16.6651,1.0000,136.0614,1.3031,0.3596,16.6626,16.6532,15.3992,0.0014,-1.0000
16.6675,1.0000,136.0780,1.2056,0.2904,16.6651,16.6585,15.4655,0.0014,-1.0000
16.6677,1.0000,136.0946,1.2255,0.2743,16.6644,16.6605,15.3854,0.0011,-1.0000
16.6650,1.0000,136.1114,1.1790,0.2968,16.6726,16.6528,15.4483,0.0010,-1.0000
16.6679,1.0000,136.1283,1.2527,0.2967,16.6636,16.6665,15.5015,0.0010,-1.0000
16.6669,1.0000,136.1447,1.1916,0.3484,16.6671,16.6530,15.1626,0.0013,-1.0000
16.6646,1.0000,136.1614,1.2738,0.3028,16.6687,16.6530,15.4873,0.0013,-1.0000
16.7049,1.0000,136.1783,1.2033,0.3016,16.6607,16.7661,15.2536,0.0009,-1.0000
16.6658,1.0000,136.1948,1.1640,0.3277,16.6761,16.5876,15.1388,0.0010,-1.0000
16.6645,1.0000,136.2113,1.4889,0.2731,16.6626,16.6501,15.4129,0.0010,-1.0000
16.6681,1.0000,136.2282,1.1643,0.3987,16.6605,16.6681,15.6545,0.0009,-1.0000
16.6673,1.0000,136.2448,1.5112,0.3650,16.7788,16.6590,15.1903,0.0011,-1.0000
16.6649,1.0000,136.2614,1.4476,0.3423,16.5973,16.6485,15.4638,0.0011,-1.0000
16.7415,1.0000,136.2783,1.2362,0.2645,16.6574,16.8049,15.5513,0.0015,-1.0000
16.6660,1.0000,136.2948,1.0123,0.3031,16.6755,16.5869,15.1270,0.0014,-1.0000
16.6659,1.0000,136.3114,1.4673,0.2966,16.6690,16.6614,15.3876,0.0012,-1.0000
16.6670,1.0000,136.3282,1.1834,0.2592,16.6568,16.6562,15.5246,0.0011,-1.0000
16.6670,1.0000,136.3449,1.2520,0.3036,16.8164,16.6509,15.2659,0.0013,-1.0000
16.6639,1.0000,136.3615,1.4585,0.3281,16.5967,16.6492,15.3424,0.0012,-1.0000
16.6682,1.0000,136.3782,1.2724,0.2896,16.6708,16.6664,15.5544,0.0011,-1.0000
16.6673,1.0000,136.3949,1.1304,0.2970,16.6677,16.6600,15.1451,0.0010,-1.0000
16.6662,1.0000,136.4114,1.3839,0.3027,16.6605,16.6548,15.3300,0.0014,-1.0000
16.6682,1.0000,136.4282,1.3057,0.4139,16.6575,16.6656,15.4602,0.0012,-1.0000
16.6664,1.0000,136.4449,1.1108,0.3701,16.6745,16.6503,15.1624,0.0011,-1.0000
16.6648,1.0000,136.4615,1.5137,0.3347,16.6687,16.6521,15.3870,0.0010,-1.0000
16.6707,1.0000,136.4782,1.3234,0.3280,16.6639,16.6717,15.4508,0.0012,-1.0000
16.6664,1.0000,136.4949,1.2043,0.3550,16.6764,16.6535,15.2890,0.0011,-1.0000
16.6652,1.0000,136.5114,1.4866,0.2981,16.6600,16.6510,15.4046,0.0011,-1.0000
16.6680,1.0000,136.5282,1.2640,0.2812,16.6602,16.6639,15.4229,0.0013,-1.0000
16.6654,1.0000,136.5448,1.2197,0.3792,16.6815,16.6518,15.2323,0.0013,-1.0000
16.6638,1.0000,136.5614,1.3631,0.2971,16.6638,16.6488,15.4755,0.0014,-1.0000
16.6702,1.0000,136.5783,1.2450,0.2902,16.6595,16.6756,15.5730,0.0010,-1.0000
16.6666,1.0000,136.5949,1.2396,0.4182,16.6729,16.6494,15.1874,0.0011,-1.0000
16.6662,1.0000,136.6114,1.4178,0.3285,16.6615,16.6554,15.3229,0.0011,-1.0000
16.6675,1.0000,136.6289,1.1719,0.2914,16.6560,16.6612,15.4705,0.0011,-1.0000
16.6662,1.0000,136.6449,1.1014,0.3509,16.6865,16.6566,14.7452,0.0011,-1.0000
16.6668,1.0000,136.6615,1.4608,0.3010,16.6583,16.6589,15.2807,0.0013,-1.0000
16.6679,1.0000,136.6782,1.3315,0.2867,16.6644,16.6597,15.4733,0.0011,-1.0000
16.6658,1.0000,136.6949,1.1895,0.2972,16.6697,16.6560,15.2857,0.0014,-1.0000
16.6638,1.0000,136.7113,1.9101,0.3259,16.6659,16.6472,15.4552,0.0011,-1.0000
16.6707,1.0000,136.7282,1.3768,0.3160,16.6672,16.6736,15.7647,0.0008,-1.0000
16.6657,1.0000,136.7449,1.1851,0.2996,16.6688,16.6516,15.3020,0.0010,-1.0000
16.6655,1.0000,136.7615,1.3687,0.2869,16.6662,16.6562,15.4373,0.0014,-1.0000
16.6685,1.0000,136.7784,1.1909,0.2450,16.6540,16.6628,15.4464,0.0012,-1.0000
16.6656,1.0000,136.7949,0.9079,0.3192,16.6831,16.6557,15.0768,0.0012,-1.0000
16.6652,1.0000,136.8115,1.3486,0.2816,16.6610,16.6526,15.3863,0.0015,-1.0000
16.6697,1.0000,136.8283,1.2175,0.3464,16.6642,16.6686,15.4648,0.0010,-1.0000
16.6661,1.0000,136.8449,1.2151,0.3342,16.6709,16.6562,15.0423,0.0012,-1.0000
16.6664,1.0000,136.8615,1.5780,0.3059,16.6644,16.6560,15.3369,0.0014,-1.0000
16.6688,1.0000,136.8783,1.2647,0.2697,16.6601,16.6694,15.4623,0.0010,-1.0000
16.6643,1.0000,136.8949,1.2026,0.4073,16.6768,16.6424,15.1171,0.0010,-1.0000
16.6658,1.0000,136.9114,1.6127,0.3114,16.6654,16.6576,15.4716,0.0011,-1.0000
16.6692,1.0000,136.9282,1.3179,0.3582,16.6640,16.6653,15.5144,0.0011,-1.0000
16.6644,1.0000,136.9448,1.2058,0.3839,16.6806,16.6496,15.4163,0.0012,-1.0000
16.6696,1.0000,136.9616,1.5240,0.2755,16.6511,16.6720,15.3593,0.0011,-1.0000
16.6651,1.0000,136.9782,1.1850,0.3190,16.6658,16.6458,15.0692,0.0011,-1.0000
16.6654,1.0000,136.9948,1.1497,0.2988,16.6754,16.6609,15.4714,0.0013,-1.0000
16.6682,1.0000,137.0115,1.2320,0.3716,16.6583,16.6588,15.3746,0.0011,-1.0000
16.6675,1.0000,137.0282,1.3114,0.3507,16.6813,16.6591,15.3571,0.0013,-1.0000
16.6644,1.0000,137.0449,1.5755,0.3025,16.6549,16.6487,15.4428,0.0008,-1.0000
16.6688,1.0000,137.0617,1.1877,0.2991,16.6691,16.6690,15.5052,0.0012,-1.0000
16.6683,1.0000,137.0782,1.2831,0.3349,16.6668,16.6590,15.1160,0.0014,-1.0000
16.6631,1.0000,137.0956,1.3006,0.2854,16.6676,16.6486,15.3961,0.0011,-1.0000
16.6668,1.0000,137.1118,1.2047,0.2768,16.6570,16.6615,14.6717,0.0013,-1.0000
16.6695,1.0000,137.1282,1.1625,0.3661,16.6771,16.6677,14.9452,0.0012,-1.0000
16.6636,1.0000,137.1449,1.5413,0.3699,16.6674,16.6491,15.4520,0.0011,-1.0000
16.6695,1.0000,137.1615,1.2515,0.3350,16.6556,16.6702,15.4335,0.0011,-1.0000
16.6663,1.0000,137.1782,1.9884,0.4520,16.6679,16.6588,15.1588,0.0009,-1.0000
16.6649,1.0000,137.1948,1.7214,0.2695,16.6751,16.6485,15.2638,0.0012,-1.0000
16.6676,1.0000,137.2116,1.1959,0.2828,16.6562,16.6647,15.6186,0.0010,-1.0000
16.6710,1.0000,137.2286,1.2351,0.3556,16.6777,16.9151,15.3382,0.0010,-1.0000
16.6613,1.0000,137.2448,1.4990,0.3483,16.6673,16.3917,14.7920,0.0014,-1.0000
16.6686,1.0000,137.2616,1.3835,0.2706,16.6552,16.6692,15.5498,0.0013,-1.0000
16.6691,1.0000,137.2782,1.0450,0.4266,16.6715,16.6626,15.2152,0.0012,-1.0000
16.6647,1.0000,137.2948,1.5758,0.3417,16.9273,16.6519,15.4120,0.0010,-1.0000
16.6674,1.0000,137.3115,1.5983,0.3689,16.4008,16.6615,15.3967,0.0011,-1.0000
16.6670,1.0000,137.3282,1.1180,0.4506,16.6762,16.6581,15.2348,0.0013,-1.0000
16.6657,1.0000,137.3449,1.4461,0.4110,16.6707,16.6541,15.4406,0.0010,-1.0000
16.6675,1.0000,137.3615,1.2389,0.3514,16.6608,16.6614,15.3560,0.0012,-1.0000
16.6669,1.0000,137.3782,1.2634,0.3931,16.6717,16.6607,15.2085,0.0011,-1.0000
16.6641,1.0000,137.3949,1.4221,0.3307,16.6668,16.6483,15.4551,0.0010,-1.0000
16.6688,1.0000,137.4114,1.2124,0.3418,16.6619,16.6680,15.3738,0.0009,-1.0000
16.6671,1.0000,137.4282,1.3042,0.4707,16.6697,16.6575,15.5333,0.0011,-1.0000
16.6654,1.0000,137.4448,1.4518,0.3083,16.6694,16.6522,15.3438,0.0011,-1.0000
16.6684,1.0000,137.4616,1.1923,0.2828,16.6558,16.6679,15.4014,0.0012,-1.0000
16.6669,1.0000,137.4783,1.2935,0.3112,16.6762,16.6557,15.2821,0.0011,-1.0000
16.6642,1.0000,137.4949,1.1231,0.2748,16.6659,16.6461,15.3418,0.0012,-1.0000
16.6686,1.0000,137.5115,1.3072,0.2717,16.6604,16.6670,15.4696,0.0010,-1.0000
16.6674,1.0000,137.5282,1.2651,0.3169,16.6771,16.6588,15.3730,0.0012,-1.0000
16.6656,1.0000,137.5449,1.3727,0.2853,16.6662,16.6522,15.3847,0.0015,-1.0000
16.6677,1.0000,137.5616,1.3033,0.2590,16.6552,16.6648,15.3823,0.0012,-1.0000
16.6674,1.0000,137.5783,1.1959,0.2886,16.6763,16.6593,15.2550,0.0010,-1.0000
16.6650,1.0000,137.5949,1.2848,0.2783,16.6685,16.6491,15.3502,0.0018,-1.0000
16.6682,1.0000,137.6114,1.2658,0.3431,16.6607,16.6639,15.4535,0.0014,-1.0000
16.6666,1.0000,137.6282,1.2812,0.3136,16.6729,16.6597,15.4284,0.0013,-1.0000
16.6659,1.0000,137.6449,1.4032,0.2958,16.6681,16.6520,15.3022,0.0011,-1.0000
16.6677,1.0000,137.6616,1.2970,0.2810,16.6577,16.6632,15.3733,0.0016,-1.0000
16.6668,1.0000,137.6782,1.2089,0.3087,16.6726,16.6598,15.2693,0.0012,-1.0000
16.6669,1.0000,137.6949,1.2300,0.3824,16.6680,16.6570,15.3741,0.0010,-1.0000
16.6667,1.0000,137.7115,1.3486,0.3165,16.6609,16.6569,15.4149,0.0012,-1.0000
16.6671,1.0000,137.7283,1.2882,0.3181,16.6715,16.6549,15.3033,0.0012,-1.0000
16.6670,1.0000,137.7449,1.3895,0.3481,16.6684,16.6631,15.2737,0.0014,-1.0000
16.6673,1.0000,137.7617,1.2817,0.3341,16.6671,16.6531,15.2727,0.0014,-1.0000
16.6672,1.0000,137.7784,1.2409,0.3765,16.6675,16.6559,14.8474,0.0013,-1.0000
16.6643,1.0000,137.7948,1.3499,0.3809,16.6640,16.6476,15.2592,0.0015,-1.0000
16.6687,1.0000,137.8114,1.3881,0.3485,16.6752,16.6681,15.3831,0.0010,-1.0000
16.6659,1.0000,137.8282,1.3790,0.3563,16.6633,16.6525,15.3480,0.0013,-1.0000
16.6652,1.0000,137.8448,1.8072,0.2896,16.6673,16.6546,15.4601,0.0011,-1.0000
16.6681,1.0000,137.8615,1.3866,0.3186,16.6556,16.6601,15.3514,0.0012,-1.0000
16.6668,1.0000,137.8782,1.2837,0.4118,16.6768,16.6596,15.3496,0.0013,-1.0000
16.6663,1.0000,137.8949,1.3028,0.2887,16.6622,16.6566,15.3860,0.0013,-1.0000
16.6677,1.0000,137.9116,1.1936,0.3181,16.6635,16.6626,15.4165,0.0010,-1.0000
16.6660,1.0000,137.9282,1.3075,0.3342,16.6672,16.6543,15.2056,0.0010,-1.0000
16.6652,1.0000,137.9448,1.3087,0.3411,16.6682,16.6544,15.3825,0.0011,-1.0000
16.6693,1.0000,137.9615,1.2688,0.2849,16.6648,16.6687,15.4433,0.0014,-1.0000
16.6658,1.0000,137.9782,1.2448,0.3417,16.6712,16.6501,15.1600,0.0013,-1.0000
16.6674,1.0000,137.9949,1.4475,0.3603,16.6630,16.6632,15.4465,0.0012,-1.0000
16.6684,1.0000,138.0116,1.2706,0.2797,16.6628,16.6956,15.4403,0.0015,-1.0000
16.6635,1.0000,138.0282,1.2239,0.3905,16.6783,16.6080,15.1401,0.0011,-1.0000
16.6677,1.0000,138.0449,1.4887,0.3500,16.6590,16.6609,15.3358,0.0011,-1.0000
16.6678,1.0000,138.0616,1.2155,0.3637,16.6734,16.6638,15.1832,0.0013,-1.0000
16.6658,1.0000,138.0782,1.2538,0.3205,16.7072,16.6517,15.1919,0.0014,-1.0000
16.6687,1.0000,138.0949,1.4667,0.3173,16.6184,16.6626,15.3902,0.0016,-1.0000
16.6660,1.0000,138.1115,1.3238,0.3465,16.6684,16.6603,15.2250,0.0012,-1.0000
16.6626,1.0000,138.1281,1.4793,0.6611,16.6732,16.6417,15.4441,0.0011,-1.0000
16.6703,1.0000,138.1449,1.4587,0.3071,16.6606,16.6739,15.6286,0.0010,-1.0000
16.6670,1.0000,138.1615,1.2705,0.3439,16.6710,16.6568,15.4287,0.0009,-1.0000
16.6661,1.0000,138.1782,1.4345,0.2771,16.6695,16.6572,15.3926,0.0011,-1.0000
16.6660,1.0000,138.1948,1.1964,0.2793,16.6487,16.6553,15.3582,0.0010,-1.0000
16.7503,1.0000,138.2117,1.0445,0.3220,16.6810,16.7491,15.4253,0.0010,-1.0000
16.6341,1.0000,138.2283,1.2271,0.3049,16.6662,16.6157,14.9751,0.0016,-1.0000
16.6684,1.0000,138.2450,1.2636,0.3107,16.6656,16.6661,15.3859,0.0011,-1.0000
16.7015,1.0000,138.2617,1.2959,0.3606,16.6630,16.6940,15.1628,0.0011,-1.0000
16.6644,1.0000,138.2782,1.3226,0.4013,16.7602,16.6462,15.3226,0.0014,-1.0000
16.6679,1.0000,138.2950,1.6390,0.2858,16.6249,16.6645,15.4468,0.0012,-1.0000
16.6674,1.0000,138.3115,1.2788,0.3659,16.6738,16.6580,15.1184,0.0009,-1.0000
16.6655,1.0000,138.3283,1.5302,0.3341,16.7031,16.6546,15.6203,0.0010,-1.0000
16.6681,1.0000,138.3451,1.3224,0.3056,16.6547,16.6639,15.4126,0.0013,-1.0000
16.6668,1.0000,138.3616,1.2162,0.3930,16.6727,16.6563,15.0821,0.0012,-1.0000
16.6651,1.0000,138.3783,1.5387,0.3337,16.6674,16.6538,15.4568,0.0012,-1.0000
16.6670,1.0000,138.3949,1.0333,0.3332,16.6630,16.6576,15.4623,0.0012,-1.0000
16.6672,1.0000,138.4115,1.2499,0.3403,16.6724,16.6612,15.3819,0.0012,-1.0000
16.6659,1.0000,138.4283,1.5729,0.3368,16.6654,16.6546,15.5093,0.0010,-1.0000
16.6686,1.0000,138.4450,1.1957,0.3188,16.6628,16.6649,15.2737,0.0014,-1.0000
16.6664,1.0000,138.4616,1.1943,0.3163,16.6668,16.6570,15.2328,0.0015,-1.0000
16.6659,1.0000,138.4783,1.2779,0.3139,16.6696,16.6551,15.4507,0.0012,-1.0000
16.6676,1.0000,138.4949,1.1441,0.2812,16.6628,16.6641,15.4615,0.0016,-1.0000
16.6670,1.0000,138.5115,1.3896,0.4455,16.6736,16.6526,15.3907,0.0010,-1.0000
16.6647,1.0000,138.5282,1.4226,0.2806,16.6659,16.6485,15.4006,0.0016,-1.0000
16.6688,1.0000,138.5449,1.2030,0.3357,16.6631,16.6703,15.5511,0.0013,-1.0000
16.6663,1.0000,138.5616,1.2010,0.3195,16.6754,16.6561,15.2294,0.0011,-1.0000
16.6657,1.0000,138.5783,1.2611,0.3075,16.6622,16.6514,15.3308,0.0011,-1.0000
16.6679,1.0000,138.5950,1.2463,0.2852,16.6567,16.6614,15.4293,0.0012,-1.0000
16.6663,1.0000,138.6115,1.1178,0.3488,16.6788,16.6565,15.2013,0.0010,-1.0000
16.6654,1.0000,138.6283,1.4254,0.3782,16.6667,16.6548,15.5577,0.0011,-1.0000
16.6689,1.0000,138.6451,1.3195,0.3178,16.6601,16.6937,15.5393,0.0011,-1.0000
16.6666,1.0000,138.6616,1.2308,0.3558,16.6695,16.6290,15.1225,0.0013,-1.0000
16.6656,1.0000,138.6783,1.4541,0.2985,16.6641,16.6550,15.4059,0.0011,-1.0000
16.6684,1.0000,138.6950,1.0960,0.2625,16.6625,16.6643,15.4426,0.0011,-1.0000
16.6655,1.0000,138.7116,1.1529,0.3316,16.7022,16.6534,15.0190,0.0013,-1.0000
16.6664,1.0000,138.7283,1.5052,0.3285,16.6378,16.6540,15.4559,0.0014,-1.0000
16.6672,1.0000,138.7455,1.2479,0.3200,16.6637,16.6652,15.4562,0.0011,-1.0000
16.6683,1.0000,138.7617,1.2204,0.3465,16.6742,16.6633,14.2250,0.0012,-1.0000
16.6652,1.0000,138.7783,1.6333,0.4005,16.6623,16.6519,15.2397,0.0012,-1.0000
16.6681,1.0000,138.7951,1.1967,0.3569,16.6616,16.6631,15.4079,0.0012,-1.0000
16.6656,1.0000,138.8115,1.2079,0.5482,16.6731,16.6516,14.9112,0.0014,-1.0000
16.6658,1.0000,138.8283,2.4369,0.3714,16.6733,16.6505,15.4376,0.0011,-1.0000
16.6872,1.0000,138.8451,1.4111,0.3495,16.6607,16.6879,15.4781,0.0013,-1.0000
16.6659,1.0000,138.8616,1.2539,0.4370,16.6737,16.6486,15.0593,0.0012,-1.0000
16.6663,1.0000,138.8783,1.7390,0.3731,16.6608,16.6563,15.3080,0.0011,-1.0000
16.6682,1.0000,138.8951,1.2118,0.3908,16.6598,16.6683,15.4341,0.0010,-1.0000
16.6657,1.0000,138.9116,1.2083,0.5498,16.6993,16.6452,15.2822,0.0012,-1.0000
16.6668,1.0000,138.9283,1.5885,0.3754,16.6588,16.6561,15.4457,0.0012,-1.0000
16.6674,1.0000,138.9450,1.3472,0.3309,16.6658,16.6603,15.2671,0.0011,-1.0000
16.6658,1.0000,138.9617,1.2330,0.3623,16.6786,16.6552,15.2913,0.0010,-1.0000
16.6669,1.0000,138.9783,1.3617,0.3490,16.6560,16.6580,15.4258,0.0013,-1.0000
16.6677,1.0000,138.9951,1.2092,0.3566,16.6649,16.6603,15.3935,0.0014,-1.0000
16.6662,1.0000,139.0116,1.3920,0.3331,16.6688,16.6574,15.2448,0.0013,-1.0000
16.6662,1.0000,139.0283,1.3630,0.2780,16.6640,16.6666,15.4812,0.0011,-1.0000
16.6672,1.0000,139.0450,1.2308,0.3111,16.6667,16.6472,15.2753,0.0009,-1.0000
16.6663,1.0000,139.0617,1.2651,0.3109,16.6690,16.6565,15.3697,0.0013,-1.0000
16.6653,1.0000,139.0783,1.4114,0.3064,16.6665,16.6514,15.2668,0.0010,-1.0000
16.6696,1.0000,139.0950,1.1843,0.2887,16.6767,16.6678,15.3832,0.0008,-1.0000
16.6651,1.0000,139.1115,1.3709,0.2933,16.6570,16.6532,15.1687,0.0013,-1.0000
16.6647,1.0000,139.1283,1.2852,0.3010,16.6654,16.6503,15.5712,0.0009,-1.0000
16.6697,1.0000,139.1456,1.3837,0.3565,16.6602,16.6714,15.5908,0.0011,-1.0000
16.6675,1.0000,139.1617,1.2836,0.3541,16.6764,16.6549,14.7198,0.0013,-1.0000
16.6644,1.0000,139.1783,1.4833,0.3514,16.6634,16.6508,15.3252,0.0014,-1.0000
16.6686,1.0000,139.1951,1.0782,0.3107,16.6571,16.6665,15.1943,0.0010,-1.0000
16.6660,1.0000,139.2115,1.0799,0.4609,16.6808,16.6571,15.1088,0.0014,-1.0000
16.6666,1.0000,139.2283,1.9340,0.3555,16.6641,16.6554,15.4414,0.0011,-1.0000
16.6694,1.0000,139.2451,1.3244,0.4005,16.6602,16.6733,15.3073,0.0011,-1.0000
16.6639,1.0000,139.2617,1.4711,0.3913,16.6746,16.6392,14.8420,0.0011,-1.0000
16.6654,1.0000,139.2783,1.5471,0.3638,16.6661,16.6518,15.2703,0.0012,-1.0000
16.6677,1.0000,139.2953,1.2128,0.3247,16.6638,16.6645,15.3976,0.0009,-1.0000
16.6677,1.0000,139.3116,1.3644,0.4363,16.6851,16.6592,15.0243,0.0012,-1.0000
16.6670,1.0000,139.3284,1.7961,0.3775,16.6497,16.6592,15.4189,0.0018,-1.0000
16.6661,1.0000,139.3450,1.3802,0.3894,16.6596,16.6561,15.1223,0.0011,-1.0000
16.6681,1.0000,139.3617,1.2658,0.3904,16.6718,16.6637,15.2239,0.0014,-1.0000
16.6632,1.0000,139.3783,1.6337,0.3718,16.6682,16.6435,15.2198,0.0010,-1.0000
16.6688,1.0000,139.3950,1.2384,0.3987,16.6688,16.6713,15.5226,0.0011,-1.0000
16.6681,1.0000,139.4115,1.5326,0.3784,16.6652,16.6538,15.3719,0.0009,-1.0000
16.6656,1.0000,139.4283,1.4382,0.3372,16.6711,16.6552,15.4691,0.0011,-1.0000
16.7323,1.0000,139.4451,1.4228,0.2949,16.6525,16.7254,15.3919,0.0014,-1.0000
16.6676,1.0000,139.4617,1.1474,0.3264,16.6817,16.6614,15.2149,0.0011,-1.0000
16.6661,1.0000,139.4785,1.2809,0.3250,16.6628,16.7397,15.3488,0.0012,-1.0000
16.6671,1.0000,139.4951,1.1847,0.3418,16.6642,16.5736,15.2798,0.0014,-1.0000
16.6668,1.0000,139.5116,1.3318,0.4090,16.7345,16.6528,15.2743,0.0013,-1.0000
16.6650,1.0000,139.5284,1.4455,0.3996,16.6704,16.6537,15.4607,0.0010,-1.0000
16.6679,1.0000,139.5450,1.3894,0.3702,16.7489,16.6637,15.3648,0.0011,-1.0000
16.6665,1.0000,139.5618,1.2919,0.3570,16.5840,16.7292,15.1891,0.0010,-1.0000
16.6654,1.0000,139.5783,1.3770,0.3344,16.6617,16.5795,15.1970,0.0015,-1.0000
16.6705,1.0000,139.5956,1.1919,0.4261,16.6627,16.6781,15.4150,0.0012,-1.0000
16.6644,1.0000,139.6116,1.2975,0.4477,16.6726,16.6386,14.5475,0.0014,-1.0000
16.6651,1.0000,139.6284,1.5386,0.3772,16.7382,16.6557,15.4440,0.0011,-1.0000
16.6695,1.0000,139.6456,1.3810,0.3770,16.5872,16.6671,15.4601,0.0012,-1.0000
16.6660,1.0000,139.6617,1.2618,0.4696,16.6898,16.6512,14.6177,0.0009,-1.0000
16.6657,1.0000,139.6784,2.0898,0.3866,16.6485,16.6543,15.3292,0.0012,-1.0000
16.6687,1.0000,139.6955,1.2107,0.3126,16.6640,16.6675,15.4395,0.0011,-1.0000
16.6655,1.0000,139.7116,1.2056,0.3382,16.6778,16.6522,14.8759,0.0014,-1.0000
16.6651,1.0000,139.7284,2.0326,0.4107,16.6607,16.6513,15.5415,0.0010,-1.0000
16.6689,1.0000,139.7450,1.3239,0.3308,16.6621,16.6052,15.3084,0.0016,-1.0000
16.6661,1.0000,139.7617,1.2267,0.3480,16.6758,16.6536,15.3684,0.0012,-1.0000
16.6663,1.0000,139.7783,1.7749,0.3078,16.6613,16.6530,15.3400,0.0009,-1.0000
16.6685,1.0000,139.7951,1.1087,0.2998,16.6586,16.6663,15.4088,0.0010,-1.0000
16.6652,1.0000,139.8116,1.2951,0.3023,16.6798,16.6474,15.1745,0.0015,-1.0000
16.6665,1.0000,139.8284,1.2839,0.3112,16.6640,16.5847,15.3650,0.0011,-1.0000
16.6680,1.0000,139.8451,1.3122,0.3171,16.6612,16.6632,15.4769,0.0010,-1.0000
16.6639,1.0000,139.8617,1.2565,0.3602,16.6779,16.6485,15.3230,0.0014,-1.0000
16.6686,1.0000,139.8784,1.4720,0.3157,16.7315,16.6650,15.3054,0.0016,-1.0000
16.6676,1.0000,139.8950,1.2187,0.2776,16.5927,16.6603,14.9892,0.0012,-1.0000
16.6638,1.0000,139.9115,1.1853,0.3028,16.6714,16.6469,15.4377,0.0010,-1.0000
16.6692,1.0000,139.9284,1.3242,0.3218,16.6574,16.6702,15.6466,0.0011,-1.0000
16.6675,1.0000,139.9450,1.3579,0.3961,16.6737,16.6584,15.0369,0.0017,-1.0000
16.6636,1.0000,139.9616,1.6697,0.3241,16.6692,16.6471,15.4251,0.0010,-1.0000
16.6724,1.0000,139.9785,1.2081,0.2863,16.6541,16.6762,15.5794,0.0012,-1.0000
16.6637,1.0000,139.9951,1.0219,0.3672,16.6780,16.6487,15.1121,0.0014,-1.0000
16.6660,1.0000,140.0116,1.6195,0.3302,16.6670,16.6542,15.3633,0.0012,-1.0000
16.6687,1.0000,140.0285,1.2208,0.3868,16.6549,16.6674,15.4890,0.0011,-1.0000
16.6654,1.0000,140.0450,1.0953,0.3733,16.6868,16.6554,15.0899,0.0012,-1.0000
16.6654,1.0000,140.0617,1.5350,0.3017,16.6580,16.6475,15.4375,0.0014,-1.0000
16.6685,1.0000,140.0784,1.2896,0.2876,16.6632,16.6657,15.3941,0.0011,-1.0000
16.6672,1.0000,140.0950,1.1771,0.3343,16.6780,16.6566,15.2113,0.0011,-1.0000
16.6641,1.0000,140.1116,1.5642,0.3311,16.6642,16.6507,15.3495,0.0011,-1.0000
16.6696,1.0000,140.1284,1.2085,0.3816,16.6553,16.6689,15.5239,0.0011,-1.0000
16.6660,1.0000,140.1451,1.2704,0.3439,16.6754,16.6514,15.1855,0.0012,-1.0000
16.6648,1.0000,140.1617,1.4440,0.3333,16.6655,16.6506,15.4185,0.0010,-1.0000
16.6691,1.0000,140.1786,1.3001,0.3148,16.6597,16.6698,15.3636,0.0011,-1.0000
16.6670,1.0000,140.1950,1.1438,0.3343,16.6791,16.6540,15.1740,0.0015,-1.0000
16.6648,1.0000,140.2116,1.4647,0.2911,16.6615,16.6506,15.4560,0.0011,-1.0000
16.6684,1.0000,140.2284,1.2308,0.2905,16.6590,16.6698,15.5790,0.0010,-1.0000
16.6665,1.0000,140.2450,1.3049,0.3540,16.6794,16.6514,15.1849,0.0013,-1.0000
16.6655,1.0000,140.2617,1.4785,0.3725,16.6622,16.6519,15.3593,0.0012,-1.0000
16.6679,1.0000,140.2784,1.1933,0.3235,16.6589,16.6662,15.4252,0.0010,-1.0000
16.6665,1.0000,140.2950,1.0896,0.3176,16.6795,16.6551,15.1249,0.0012,-1.0000
16.6667,1.0000,140.3116,1.4650,0.3092,16.6611,16.6575,15.4306,0.0011,-1.0000
16.6686,1.0000,140.3285,1.2914,0.2978,16.6598,16.6688,15.4265,0.0011,-1.0000
16.6678,1.0000,140.3451,1.2399,0.3769,16.6753,16.6523,15.0797,0.0015,-1.0000
16.6618,1.0000,140.3616,1.5287,0.2860,16.6639,16.6433,15.2904,0.0012,-1.0000
16.6673,1.0000,140.3784,1.2260,0.3270,16.6649,16.6628,15.5511,0.0014,-1.0000
16.6691,1.0000,140.3951,1.2408,0.3765,16.6788,16.6679,15.3250,0.0011,-1.0000
16.6655,1.0000,140.4116,1.5711,0.3410,16.6628,16.6535,15.3640,0.0011,-1.0000
16.6676,1.0000,140.4284,1.3519,0.2664,16.6507,16.6639,15.5271,0.0009,-1.0000
16.6673,1.0000,140.4451,1.1104,0.3141,16.6694,16.6575,15.1976,0.0012,-1.0000
16.6673,1.0000,140.4617,1.3417,0.2998,16.6754,16.6597,15.4368,0.0011,-1.0000
16.6657,1.0000,140.4784,1.2883,0.3171,16.6616,16.6574,15.3838,0.0011,-1.0000
16.6675,1.0000,140.4950,1.1358,0.2900,16.6721,16.6577,15.3756,0.0013,-1.0000
16.6644,1.0000,140.5116,1.4587,0.3556,16.6661,16.6510,15.4544,0.0011,-1.0000
16.6687,1.0000,140.5284,1.2217,0.3434,16.6682,16.6686,15.5760,0.0013,-1.0000
16.6675,1.0000,140.5451,1.2722,0.3707,16.6663,16.6553,15.2204,0.0010,-1.0000
16.6651,1.0000,140.5617,1.2809,0.3389,16.6662,16.6509,15.3398,0.0011,-1.0000
16.6676,1.0000,140.5784,1.1957,0.3174,16.6590,16.6667,15.4493,0.0016,-1.0000
16.6664,1.0000,140.5950,1.0911,0.3909,16.6784,16.6495,15.1301,0.0014,-1.0000
16.6640,1.0000,140.6115,1.4338,0.3566,16.6655,16.6478,15.4395,0.0013,-1.0000
16.6678,1.0000,140.6284,1.3100,0.3559,16.6598,16.6645,15.7265,0.0008,-1.0000
16.6689,1.0000,140.6451,1.2158,0.4614,16.6773,16.6658,15.3702,0.0012,-1.0000
16.6667,1.0000,140.6617,1.5179,0.2989,16.6590,16.6565,15.3437,0.0012,-1.0000
16.6668,1.0000,140.6784,1.2070,0.2686,16.6555,16.6683,15.4142,0.0011,-1.0000
16.6667,1.0000,140.6950,0.9373,0.3143,16.6717,16.6496,15.2746,0.0013,-1.0000
16.6653,1.0000,140.7116,1.2942,0.3231,16.6735,16.6529,15.4354,0.0011,-1.0000
16.6678,1.0000,140.7285,1.3115,0.3037,16.6645,16.6652,15.6236,0.0010,-1.0000
16.6672,1.0000,140.7451,1.2530,0.3379,16.6772,16.6614,15.0485,0.0013,-1.0000
16.6657,1.0000,140.7617,1.3737,0.3165,16.6584,16.6523,15.4306,0.0012,-1.0000
16.6702,1.0000,140.7785,1.2167,0.2881,16.6605,16.6690,15.3411,0.0013,-1.0000
16.6655,1.0000,140.7950,1.0406,0.3977,16.6727,16.6515,15.0075,0.0012,-1.0000
16.6638,1.0000,140.8116,1.6119,0.3010,16.6694,16.6488,15.3354,0.0013,-1.0000
16.6685,1.0000,140.8284,1.2205,0.3517,16.6612,16.7049,15.5505,0.0010,-1.0000
16.6665,1.0000,140.8450,1.3265,0.3484,16.6792,16.6160,15.3245,0.0011,-1.0000
16.6655,1.0000,140.8617,1.6428,0.3212,16.6620,16.6553,15.4036,0.0010,-1.0000
16.6688,1.0000,140.8784,1.3122,0.4908,16.6565,16.6651,15.4457,0.0013,-1.0000
16.6664,1.0000,140.8952,1.1534,0.3231,16.7134,16.6559,15.1993,0.0011,-1.0000
16.6659,1.0000,140.9116,1.2903,0.2840,16.6242,16.6563,15.2196,0.0010,-1.0000
16.6684,1.0000,140.9284,1.2506,0.3095,16.6638,16.6663,15.4410,0.0012,-1.0000
16.6652,1.0000,140.9450,1.2182,0.5140,16.6740,16.6475,15.3028,0.0012,-1.0000
16.6662,1.0000,140.9617,1.4555,0.3018,16.6656,16.6562,15.4673,0.0011,-1.0000
16.6694,1.0000,140.9784,1.4355,0.3133,16.6642,16.6681,15.4783,0.0011,-1.0000
16.6645,1.0000,140.9950,1.2239,0.3341,16.6754,16.6477,15.1516,0.0011,-1.0000
16.6654,1.0000,141.0116,1.3436,0.3238,16.6581,16.6550,15.3890,0.0015,-1.0000
16.6692,1.0000,141.0284,1.1877,0.2919,16.6646,16.6646,15.4360,0.0008,-1.0000
16.6659,1.0000,141.0450,1.1887,0.3084,16.6787,16.6547,15.2421,0.0011,-1.0000
16.6656,1.0000,141.0617,1.4950,0.3237,16.6572,16.6572,15.4826,0.0012,-1.0000
16.6689,1.0000,141.0785,1.2645,0.2929,16.6630,16.6662,15.4820,0.0009,-1.0000
16.6659,1.0000,141.0950,1.2278,0.3765,16.6727,16.6493,14.9287,0.0017,-1.0000
16.6665,1.0000,141.1116,1.4117,0.2989,16.6638,16.6600,15.3547,0.0011,-1.0000
16.6677,1.0000,141.1284,1.1734,0.2869,16.6651,16.6630,15.2628,0.0017,-1.0000
16.6635,1.0000,141.1450,1.1832,0.5051,16.6750,16.6439,15.4876,0.0010,-1.0000
16.6692,1.0000,141.1621,1.7190,0.3333,16.6591,16.6701,15.5934,0.0008,-1.0000
16.6668,1.0000,141.1788,1.3041,0.4008,16.6686,16.6609,14.9195,0.0012,-1.0000
16.6663,1.0000,141.1950,1.3986,0.3277,16.6715,16.6554,14.7943,0.0011,-1.0000
16.6677,1.0000,141.2117,1.1550,0.2717,16.6505,16.6612,15.4900,0.0012,-1.0000
16.6665,1.0000,141.2283,1.0759,0.4271,16.6779,16.6555,15.3176,0.0012,-1.0000
16.6664,1.0000,141.2450,1.7400,0.3893,16.6696,16.6584,15.4684,0.0014,-1.0000
16.6677,1.0000,141.2618,1.8600,0.3881,16.6643,16.6595,15.4137,0.0012,-1.0000
16.6662,1.0000,141.2784,1.1697,0.3229,16.6701,16.6554,15.0898,0.0010,-1.0000
16.6666,1.0000,141.2950,1.3364,0.3493,16.6636,16.6557,15.4364,0.0011,-1.0000
16.6693,1.0000,141.3126,1.1882,0.3883,16.6669,16.6696,15.4031,0.0010,-1.0000
16.6647,1.0000,141.3284,1.2444,0.5397,16.6693,16.6433,14.4621,0.0015,-1.0000
16.6666,1.0000,141.3450,1.5644,0.3533,16.6648,16.6567,15.3773,0.0010,-1.0000
16.6668,1.0000,141.3617,1.2180,0.3765,16.6641,16.6607,15.4359,0.0011,-1.0000
16.6662,1.0000,141.3784,1.2658,0.3749,16.6823,16.6561,15.2432,0.0010,-1.0000
16.6654,1.0000,141.3950,2.1796,0.3544,16.6540,16.6509,15.4563,0.0013,-1.0000
16.6691,1.0000,141.4117,1.2782,0.3705,16.6649,16.7581,15.4563,0.0013,-1.0000
16.6663,1.0000,141.4284,1.2236,0.3360,16.6703,16.5682,15.2948,0.0014,-1.0000
16.6660,1.0000,141.4450,1.4116,0.2976,16.6643,16.6567,15.3573,0.0012,-1.0000
16.6683,1.0000,141.4618,1.1933,0.3118,16.6579,16.6884,15.4376,0.0012,-1.0000
16.6654,1.0000,141.4784,1.3005,0.3199,16.7651,16.6287,15.1744,0.0013,-1.0000
16.6653,1.0000,141.4950,1.2720,0.3279,16.5775,16.6517,15.4465,0.0010,-1.0000
16.6690,1.0000,141.5117,1.2981,0.2850,16.6656,16.6696,15.4826,0.0009,-1.0000
16.6660,1.0000,141.5284,1.2503,0.3483,16.6967,16.6520,15.2880,0.0015,-1.0000
16.6667,1.0000,141.5450,1.4529,0.2897,16.6376,16.6604,15.4130,0.0011,-1.0000
16.6676,1.0000,141.5619,1.2040,0.3154,16.6589,16.6610,15.4189,0.0012,-1.0000
16.6659,1.0000,141.5784,1.1858,0.3890,16.6791,16.6501,14.9890,0.0013,-1.0000
16.6664,1.0000,141.5950,1.3625,0.3316,16.6611,16.6581,15.4622,0.0016,-1.0000
16.6686,1.0000,141.6116,1.2462,0.3906,16.6683,16.6644,15.3996,0.0014,-1.0000
16.6630,1.0000,141.6283,1.2407,0.3663,16.6713,16.6457,15.4160,0.0012,-1.0000
16.6702,1.0000,141.6452,1.6596,0.2951,16.6597,16.6749,15.5139,0.0011,-1.0000
16.6666,1.0000,141.6617,1.1944,0.3189,16.6660,16.6525,15.1827,0.0011,-1.0000
16.6650,1.0000,141.6784,1.2632,0.3365,16.6732,16.6518,15.3998,0.0011,-1.0000
16.6901,1.0000,141.6952,1.2285,0.2660,16.6540,16.6829,15.3399,0.0014,-1.0000
16.6670,1.0000,141.7116,1.1600,0.3475,16.6843,16.6579,14.9897,0.0010,-1.0000
16.6652,1.0000,141.7284,1.4687,0.3635,16.6629,16.6532,15.4273,0.0010,-1.0000
16.6680,1.0000,141.7451,1.2506,0.3614,16.6617,16.6625,15.4501,0.0010,-1.0000
16.6670,1.0000,141.7618,1.3414,0.3402,16.6911,16.6598,15.1991,0.0015,-1.0000
16.6671,1.0000,141.7784,1.6671,0.3302,16.6665,16.6582,15.3166,0.0012,-1.0000
16.6670,1.0000,141.7987,1.2247,0.3469,16.6618,16.6588,15.4241,0.0012,-1.0000
16.6662,1.0000,141.8117,1.2112,0.3578,16.6708,16.6567,11.3759,0.0022,-1.0000
16.6647,1.0000,141.8283,1.4594,0.2929,16.6685,16.6500,15.4306,0.0013,-1.0000
16.6686,1.0000,141.8451,1.3403,0.2933,16.6677,16.6695,15.5371,0.0010,-1.0000
16.6677,1.0000,141.8617,1.2334,0.5869,16.6671,16.6553,14.3116,0.0013,-1.0000
16.6659,1.0000,141.8784,5.2793,0.3486,16.6658,16.6551,15.4469,0.0012,-1.0000
16.6674,1.0000,141.8951,1.2182,0.3283,16.6578,16.6584,15.4093,0.0011,-1.0000
16.6664,1.0000,141.9116,1.1316,0.4349,16.6801,16.6575,15.1062,0.0012,-1.0000
16.6663,1.0000,141.9284,2.3426,0.4155,16.6635,16.6547,15.3690,0.0014,-1.0000
17.0206,1.0000,141.9456,1.2070,0.3691,16.6656,17.0213,15.7977,0.0011,-1.0000
16.6657,1.0000,141.9621,1.2478,0.7616,16.6673,16.6448,14.9715,0.0016,-1.0000
16.6644,1.0000,141.9787,1.5502,0.3766,16.6655,16.6546,15.3577,0.0012,-1.0000
16.6671,1.0000,141.9957,1.2840,0.4020,16.6628,16.6613,15.3637,0.0011,-1.0000
16.6675,1.0000,142.0120,1.2226,0.5998,17.0330,16.6581,14.9248,0.0012,-1.0000
16.6657,1.0000,142.0288,1.6716,0.3810,16.6553,16.6567,15.3912,0.0012,-1.0000
16.6684,1.0000,142.0454,1.2957,0.2985,16.6628,16.6621,15.4135,0.0010,-1.0000
16.6656,1.0000,142.0621,1.2963,0.3812,16.6697,16.6540,15.2894,0.0013,-1.0000
16.6650,1.0000,142.0787,1.7321,0.3138,16.6667,16.6564,15.4766,0.0010,-1.0000
16.6687,1.0000,142.0954,1.2643,0.3436,16.6651,16.6641,15.3288,0.0010,-1.0000
16.6661,1.0000,142.1120,1.2476,0.3366,16.6709,16.6563,15.2496,0.0011,-1.0000
16.6668,1.0000,142.1288,1.3632,0.2820,16.6632,16.6597,15.5317,0.0011,-1.0000
16.6678,1.0000,142.1454,1.1788,0.3759,16.6638,16.6567,15.2925,0.0015,-1.0000
16.6666,1.0000,142.1621,1.3346,0.2915,16.6716,16.6577,15.3669,0.0012,-1.0000
16.6642,1.0000,142.1787,1.4057,0.2840,16.6652,16.6488,15.4074,0.0011,-1.0000
16.6693,1.0000,142.1954,1.1268,0.3287,16.6698,16.6679,15.4113,0.0011,-1.0000
16.6662,1.0000,142.2120,1.3628,0.3528,16.6656,16.6559,15.3314,0.0015,-1.0000
16.6662,1.0000,142.2287,1.2896,0.3042,16.6675,16.6570,15.5376,0.0011,-1.0000
16.6683,1.0000,142.2455,1.2401,0.2729,16.6566,16.6628,15.3198,0.0010,-1.0000
16.6666,1.0000,142.2621,1.2556,0.3566,16.6773,16.6473,15.2539,0.0013,-1.0000
16.6660,1.0000,142.2788,1.3230,0.3241,16.6660,16.6564,15.3410,0.0011,-1.0000
16.6672,1.0000,142.2955,1.1185,0.3280,16.6668,16.6602,15.3542,0.0009,-1.0000
16.6661,1.0000,142.3120,1.3420,0.3121,16.6744,16.6533,15.0410,0.0015,-1.0000
16.6665,1.0000,142.3289,1.3922,0.2883,16.6593,16.6592,15.4573,0.0010,-1.0000
16.6687,1.0000,142.3456,1.3141,0.2841,16.6668,16.6672,14.9251,0.0014,-1.0000
16.6651,1.0000,142.3621,1.3050,0.4025,16.6689,16.6488,15.0699,0.0012,-1.0000
16.6651,1.0000,142.3787,1.6106,0.2885,16.6622,16.6466,15.3378,0.0012,-1.0000
16.6687,1.0000,142.3956,1.2007,0.4363,16.6678,16.6656,15.3953,0.0010,-1.0000
16.6664,1.0000,142.4120,1.7404,0.4097,16.6782,16.6567,15.2406,0.0012,-1.0000
16.6659,1.0000,142.4287,1.5775,0.3677,16.6600,16.6573,15.4811,0.0011,-1.0000
16.6683,1.0000,142.4454,1.3074,0.3145,16.6549,16.6657,15.4035,0.0013,-1.0000
16.6658,1.0000,142.4621,1.2693,0.3416,16.6739,16.6518,15.0476,0.0011,-1.0000
16.6666,1.0000,142.4788,1.4148,0.2962,16.6650,16.6548,15.3789,0.0010,-1.0000
16.6668,1.0000,142.4955,1.1754,0.3350,16.6654,16.6571,15.3675,0.0010,-1.0000
16.6667,1.0000,142.5120,1.2612,0.4121,16.6753,16.6589,15.2087,0.0013,-1.0000
16.6666,1.0000,142.5287,1.6029,0.3722,16.6613,16.6585,15.3752,0.0011,-1.0000
16.6671,1.0000,142.5455,1.2746,0.3567,16.6653,16.6586,15.3801,0.0016,-1.0000
16.6663,1.0000,142.5621,1.2886,0.3586,16.6664,16.6549,15.0189,0.0015,-1.0000
16.6672,1.0000,142.5787,1.4489,0.3278,16.6671,16.6609,15.3940,0.0008,-1.0000
16.6668,1.0000,142.5954,1.2820,0.3597,16.6673,16.6585,15.2945,0.0010,-1.0000
16.6666,1.0000,142.6120,1.2767,0.3992,16.6674,16.6556,15.2325,0.0011,-1.0000
16.6653,1.0000,142.6287,1.6344,0.3665,16.6633,16.6526,15.5250,0.0012,-1.0000
16.6702,1.0000,142.6455,1.2659,0.3547,16.6695,16.6735,15.5361,0.0009,-1.0000
16.6648,1.0000,142.6621,1.3628,0.4097,16.6675,16.6517,15.0305,0.0012,-1.0000
16.6661,1.0000,142.6788,1.4219,0.3430,16.6645,16.6532,15.3151,0.0011,-1.0000
16.6696,1.0000,142.6955,1.1266,0.3066,16.6600,16.6754,15.3183,0.0013,-1.0000
16.6646,1.0000,142.7120,1.1363,0.3887,16.6837,16.6360,15.1687,0.0010,-1.0000
16.6656,1.0000,142.7287,1.6199,0.3791,16.6613,16.6547,15.3416,0.0010,-1.0000
16.6680,1.0000,142.7456,1.3369,0.3731,16.6614,16.6634,15.5020,0.0009,-1.0000
16.6666,1.0000,142.7621,1.3555,0.4007,16.6884,16.6544,15.0879,0.0011,-1.0000
16.6665,1.0000,142.7788,1.4658,0.3611,16.6470,16.6596,15.2431,0.0011,-1.0000
16.6685,1.0000,142.7955,1.3120,0.3071,16.6624,16.6604,15.3510,0.0012,-1.0000
16.6655,1.0000,142.8120,1.1602,0.3523,16.6731,16.6550,15.1714,0.0008,-1.0000
16.6651,1.0000,142.8287,1.5651,0.3714,16.6633,16.6523,15.5450,0.0014,-1.0000
16.6688,1.0000,142.8454,1.4151,0.3258,16.6691,16.6646,15.4404,0.0011,-1.0000
16.6659,1.0000,142.8621,1.3079,0.3655,16.6702,16.6563,15.2526,0.0010,-1.0000
16.6672,1.0000,142.8788,1.4828,0.3366,16.6639,16.6592,15.4821,0.0010,-1.0000
16.6672,1.0000,142.8955,1.1060,0.3485,16.6607,16.6597,15.2630,0.0012,-1.0000
16.6668,1.0000,142.9120,1.2232,0.4102,16.6718,16.6580,15.1087,0.0011,-1.0000
16.6663,1.0000,142.9288,1.4029,0.3469,16.6653,16.6574,15.4846,0.0011,-1.0000
16.6687,1.0000,142.9458,1.1762,0.3449,16.6685,16.6640,15.2801,0.0015,-1.0000
16.6618,1.0000,142.9620,1.3954,0.4389,16.6685,16.6347,14.9021,0.0015,-1.0000
16.6682,1.0000,142.9801,1.5480,0.3447,16.6677,16.6678,15.4856,0.0013,-1.0000
16.6685,1.0000,142.9955,1.1717,0.3589,16.6670,16.6593,13.9087,0.0014,-1.0000
16.6655,1.0000,143.0120,1.3823,0.3594,16.6766,16.6478,15.2141,0.0014,-1.0000
16.6679,1.0000,143.0288,1.7312,0.3056,16.6443,16.6647,15.3372,0.0009,-1.0000
16.6678,1.0000,143.0454,1.1809,0.3249,16.6779,16.6588,15.3807,0.0011,-1.0000
16.6637,1.0000,143.0620,2.7494,0.3389,16.6694,16.6471,15.4108,0.0010,-1.0000
16.7751,1.0000,143.0791,1.4323,0.3290,16.6565,16.8371,15.4817,0.0010,-1.0000
16.5605,1.0000,143.0954,1.3266,0.3574,16.6739,16.4960,15.0187,0.0009,-1.0000
16.6660,1.0000,143.1119,1.2770,0.3121,16.6678,16.6469,15.3335,0.0008,-1.0000
16.6693,1.0000,143.1288,1.2352,0.3408,16.6552,16.6690,15.5532,0.0010,-1.0000
16.6650,1.0000,143.1454,1.3540,0.3928,16.8454,16.6482,15.3203,0.0011,-1.0000
16.6656,1.0000,143.1620,1.4762,0.3904,16.5050,16.6520,15.4403,0.0011,-1.0000
16.6680,1.0000,143.1788,1.3124,0.3640,16.6560,16.6690,15.5168,0.0010,-1.0000
16.6667,1.0000,143.1954,1.1147,0.3351,16.6794,16.6516,15.2437,0.0012,-1.0000
16.6716,1.0000,143.2120,1.3271,0.3518,16.6584,16.6608,15.4289,0.0012,-1.0000
16.6670,1.0000,143.2288,1.2106,0.3447,16.6597,16.6605,15.4588,0.0011,-1.0000
16.6659,1.0000,143.2454,1.1511,0.3993,16.6786,16.6548,15.0666,0.0012,-1.0000
16.6669,1.0000,143.2621,1.4065,0.3319,16.6631,16.6560,15.3946,0.0015,-1.0000
16.6683,1.0000,143.2789,1.2307,0.3232,16.6701,16.6643,15.2802,0.0012,-1.0000
16.6647,1.0000,143.2954,1.2006,0.8332,16.6694,16.6225,14.9435,0.0012,-1.0000
16.6665,1.0000,143.3120,1.5873,0.3699,16.6653,16.6552,15.3709,0.0012,-1.0000
16.6705,1.0000,143.3289,1.2598,0.3398,16.6642,16.6716,15.5486,0.0013,-1.0000
16.6643,1.0000,143.3455,1.3830,0.4519,16.6738,16.6491,15.0690,0.0014,-1.0000
16.6656,1.0000,143.3621,1.6781,0.3548,16.6597,16.6523,15.2111,0.0018,-1.0000
16.6692,1.0000,143.3788,1.2830,0.3301,16.6634,16.6686,15.3854,0.0013,-1.0000
16.6647,1.0000,143.3954,1.1216,0.3565,16.6817,16.6601,15.2039,0.0011,-1.0000
16.6654,1.0000,143.4120,1.5785,0.3822,16.6596,16.6381,15.4450,0.0010,-1.0000
16.6685,1.0000,143.4289,1.4394,0.3542,16.6605,16.6651,15.6098,0.0012,-1.0000
16.6671,1.0000,143.4454,1.2819,0.3640,16.6799,16.6577,15.1082,0.0012,-1.0000
16.6666,1.0000,143.4621,1.4549,0.3343,16.6710,16.6561,15.4549,0.0015,-1.0000
16.6674,1.0000,143.4788,1.1920,0.3275,16.6462,16.6621,15.2749,0.0011,-1.0000
16.6657,1.0000,143.4954,1.0544,0.3551,16.6735,16.6501,15.2597,0.0012,-1.0000
16.6662,1.0000,143.5120,1.5483,0.3406,16.6674,16.6587,15.4700,0.0011,-1.0000
16.6691,1.0000,143.5288,1.1995,0.3590,16.6647,16.6657,15.3682,0.0013,-1.0000
16.6649,1.0000,143.5456,1.3860,0.3488,16.6728,16.6491,15.0790,0.0012,-1.0000
16.6673,1.0000,143.5621,1.3891,0.3436,16.6591,16.6587,15.2881,0.0013,-1.0000
16.6691,1.0000,143.5788,1.1875,0.3438,16.6661,16.6669,15.2872,0.0013,-1.0000
16.6632,1.0000,143.5954,1.2959,0.4957,16.6762,16.6426,15.2231,0.0013,-1.0000
16.6667,1.0000,143.6120,1.5688,0.2863,16.6586,16.6626,15.3123,0.0012,-1.0000
16.7372,1.0000,143.6290,1.3696,0.3304,16.6671,16.7540,15.3557,0.0009,-1.0000
16.6645,1.0000,143.6455,1.3781,0.3732,16.6780,16.6240,15.2337,0.0012,-1.0000
16.6688,1.0000,143.6623,1.4182,0.2939,16.6519,16.6702,15.2940,0.0014,-1.0000
16.6680,1.0000,143.6790,1.3490,0.4346,16.6708,16.6636,15.0990,0.0014,-1.0000
16.6645,1.0000,143.6955,1.3973,0.2932,16.7624,16.6409,14.8791,0.0011,-1.0000
16.6694,1.0000,143.7121,1.3892,0.2907,16.6330,16.6687,15.4016,0.0010,-1.0000
16.6654,1.0000,143.7288,1.3745,0.3647,16.6802,16.6494,15.3583,0.0011,-1.0000
16.6658,1.0000,143.7455,1.5634,0.3237,16.6752,16.6509,15.4562,0.0011,-1.0000
16.6681,1.0000,143.7623,1.7603,0.3135,16.6497,16.6667,15.4070,0.0012,-1.0000
16.6671,1.0000,143.7788,1.2658,0.3393,16.6801,16.6706,15.1090,0.0012,-1.0000
16.6649,1.0000,143.7955,1.2899,0.2988,16.6596,16.6310,15.4623,0.0012,-1.0000
16.6686,1.0000,143.8121,1.1936,0.2765,16.6594,16.6690,15.4288,0.0011,-1.0000
16.6660,1.0000,143.8288,1.2583,0.3379,16.6769,16.6517,15.4737,0.0012,-1.0000
16.6651,1.0000,143.8455,1.5599,0.2957,16.6824,16.6509,15.4709,0.0010,-1.0000
16.6679,1.0000,143.8621,1.1676,0.2906,16.6399,16.6655,15.4055,0.0011,-1.0000
16.6677,1.0000,143.8788,1.2391,0.3354,16.6792,16.6614,15.3324,0.0011,-1.0000
16.6655,1.0000,143.8954,1.1767,0.2906,16.6606,16.6522,15.4075,0.0011,-1.0000
16.6672,1.0000,143.9121,1.1791,0.2621,16.6588,16.6639,15.4727,0.0012,-1.0000
16.6670,1.0000,143.9288,1.2588,0.3297,16.6730,16.6527,15.3376,0.0013,-1.0000
16.6649,1.0000,143.9454,1.3279,0.2780,16.6696,16.6536,15.2860,0.0012,-1.0000
16.6672,1.0000,143.9621,1.2435,0.2912,16.6611,16.6631,15.4892,0.0012,-1.0000
16.6683,1.0000,143.9788,1.1900,0.3259,16.6740,16.6627,15.4940,0.0008,-1.0000
16.6660,1.0000,143.9955,1.3137,0.3118,16.6617,16.6555,15.5042,0.0011,-1.0000
16.6674,1.0000,144.0125,1.3662,0.2876,16.6609,16.6624,15.3795,0.0011,-1.0000
16.6672,1.0000,144.0288,1.1722,0.3239,16.6703,16.6599,14.4432,0.0013,-1.0000
16.6662,1.0000,144.0455,1.1674,0.2873,16.6707,16.6537,15.2253,0.0013,-1.0000
16.6680,1.0000,144.0623,1.1501,0.3251,16.6643,16.6614,15.3643,0.0013,-1.0000
16.6656,1.0000,144.0788,1.2817,0.3459,16.6702,16.6501,15.0809,0.0014,-1.0000
16.6657,1.0000,144.0955,2.2157,0.3610,16.6697,16.6503,15.3467,0.0010,-1.0000
16.6691,1.0000,144.1124,1.4270,0.2876,16.6638,16.9710,15.4573,0.0010,-1.0000
16.6654,1.0000,144.1288,1.2954,0.4008,16.6745,16.3472,15.1154,0.0011,-1.0000
16.6657,1.0000,144.1455,1.5681,0.3613,16.6607,16.6572,15.4778,0.0010,-1.0000
16.6685,1.0000,144.1622,1.3024,0.2985,16.6587,16.6911,15.4742,0.0012,-1.0000
16.6652,1.0000,144.1788,1.5126,0.4048,16.9807,16.6237,15.3443,0.0015,-1.0000
16.6661,1.0000,144.1955,1.2305,0.2943,16.3563,16.6537,15.4385,0.0013,-1.0000
16.6683,1.0000,144.2121,1.1782,0.2741,16.6666,16.6666,15.4985,0.0011,-1.0000
16.6665,1.0000,144.2288,1.2159,0.3276,16.7008,16.6551,15.4333,0.0010,-1.0000
16.6663,1.0000,144.2455,1.2778,0.2892,16.6324,16.6581,15.5351,0.0014,-1.0000
16.6671,1.0000,144.2622,1.2138,0.2987,16.6613,16.6618,15.3928,0.0012,-1.0000
16.6665,1.0000,144.2788,1.1669,0.3241,16.6753,16.6538,15.3065,0.0011,-1.0000
16.6657,1.0000,144.2954,1.2205,0.2676,16.6636,16.6575,15.3980,0.0010,-1.0000
16.6701,1.0000,144.3121,1.1214,0.2843,16.6668,16.6660,15.5246,0.0010,-1.0000
16.6651,1.0000,144.3288,1.2679,0.3283,16.6705,16.6502,15.2454,0.0015,-1.0000
16.6663,1.0000,144.3455,1.3468,0.3153,16.6628,16.6591,15.3633,0.0012,-1.0000
16.6682,1.0000,144.3622,1.2582,0.2805,16.6651,16.6609,15.3215,0.0012,-1.0000
16.6649,1.0000,144.3788,1.1402,0.3628,16.6763,16.6527,15.0596,0.0013,-1.0000
16.6666,1.0000,144.3954,1.4034,0.2983,16.6601,16.6569,15.4298,0.0013,-1.0000
16.6680,1.0000,144.4120,1.2944,0.3600,16.6683,16.6637,15.5126,0.0012,-1.0000
16.6645,1.0000,144.4288,1.3382,0.4473,16.6703,16.6920,15.5633,0.0010,-1.0000
17.0523,1.0000,144.4465,1.5916,0.2752,16.6615,17.0092,15.8713,0.0013,-1.0000
16.6654,1.0000,144.4625,1.2257,0.2773,16.6649,16.6551,14.7351,0.0017,-1.0000
16.6657,1.0000,144.4792,1.1500,0.2753,16.6715,16.6554,15.5673,0.0010,-1.0000
16.6690,1.0000,144.4963,1.1279,0.2877,16.6999,16.6697,15.5476,0.0009,-1.0000
16.6658,1.0000,144.5124,1.1359,0.2761,17.0168,16.6537,14.6337,0.0010,-1.0000
16.6652,1.0000,144.5292,1.9185,0.2887,16.6624,16.6505,15.5311,0.0011,-1.0000
16.7034,1.0000,144.5461,1.0871,0.2796,16.6629,16.7015,15.5755,0.0009,-1.0000
16.6667,1.0000,144.5626,1.1210,0.3238,16.6774,16.6589,15.1614,0.0010,-1.0000
16.6660,1.0000,144.5792,2.0190,0.3138,16.6629,16.6571,15.4361,0.0011,-1.0000
16.6679,1.0000,144.5960,1.1187,0.3140,16.6579,16.6647,15.3997,0.0011,-1.0000
16.6663,1.0000,144.6125,1.1249,0.2751,16.7097,16.6519,15.1863,0.0012,-1.0000
16.6667,1.0000,144.6292,1.4962,0.3030,16.6675,16.6530,15.5317,0.0009,-1.0000
16.6687,1.0000,144.6461,1.2197,0.2678,16.6657,16.6685,15.4357,0.0012,-1.0000
16.6652,1.0000,144.6626,1.2638,0.3693,16.6747,16.6437,15.1886,0.0012,-1.0000
16.6665,1.0000,144.6792,1.4644,0.3183,16.6614,16.6567,15.4475,0.0009,-1.0000
16.6686,1.0000,144.6960,1.1202,0.2983,16.6625,16.7462,15.4818,0.0010,-1.0000
16.6650,1.0000,144.7124,1.2313,0.3393,16.6809,16.5685,15.1952,0.0014,-1.0000
16.6667,1.0000,144.7292,1.4539,0.3236,16.6552,16.6595,15.5727,0.0009,-1.0000
16.6672,1.0000,144.7459,1.2083,0.2847,16.6647,16.6613,15.5213,0.0011,-1.0000
16.6661,1.0000,144.7626,1.2634,0.3104,16.7551,16.6540,15.4013,0.0012,-1.0000
16.6670,1.0000,144.7792,1.3719,0.3312,16.5775,16.6609,15.3773,0.0012,-1.0000
16.6674,1.0000,144.7960,1.0861,0.2935,16.6674,16.6593,15.4948,0.0011,-1.0000
16.6660,1.0000,144.8125,1.1388,0.3552,16.6696,16.6548,15.2685,0.0014,-1.0000
16.6665,1.0000,144.8292,1.2518,0.2928,16.6630,16.6608,15.5506,0.0011,-1.0000
16.6677,1.0000,144.8460,1.2823,0.2834,16.6698,16.6567,15.4330,0.0011,-1.0000
16.6648,1.0000,144.8626,1.1634,0.2963,16.6690,16.6504,14.9339,0.0013,-1.0000
16.6674,1.0000,144.8793,1.3849,0.2892,16.6637,16.6624,15.3700,0.0014,-1.0000
16.6699,1.0000,144.8960,1.1088,0.3281,16.6695,16.6693,15.1610,0.0012,-1.0000
16.6637,1.0000,144.9125,1.2226,0.4637,16.6670,16.6438,15.2232,0.0016,-1.0000
16.6672,1.0000,144.9293,1.7153,0.2927,16.6581,16.6601,15.5324,0.0009,-1.0000
16.6687,1.0000,144.9461,1.2908,0.3930,16.6699,16.6608,15.2753,0.0012,-1.0000
16.6644,1.0000,144.9626,1.5066,0.3392,16.6795,16.6522,15.0678,0.0012,-1.0000
16.6675,1.0000,144.9792,1.4192,0.2805,16.6547,16.6629,15.4949,0.0011,-1.0000
16.6677,1.0000,144.9959,1.1264,0.3340,16.6690,16.6581,15.4012,0.0012,-1.0000
16.6649,1.0000,145.0125,1.3840,0.6385,16.6702,16.6471,15.4846,0.0011,-1.0000
16.6709,1.0000,145.0293,1.5831,0.2972,16.6617,16.6725,15.5555,0.0011,-1.0000
16.6636,1.0000,145.0459,1.1667,0.3500,16.6738,16.6446,15.3016,0.0010,-1.0000
16.6668,1.0000,145.0626,1.2557,0.2763,16.6683,16.6594,15.5195,0.0009,-1.0000
16.6672,1.0000,145.0793,1.1613,0.2840,16.6557,16.6584,15.4483,0.0013,-1.0000
16.6668,1.0000,145.0959,1.1154,0.3137,16.6841,16.6592,15.3009,0.0013,-1.0000
16.6654,1.0000,145.1125,1.3418,0.2988,16.6545,16.6497,15.3543,0.0017,-1.0000
16.6688,1.0000,145.1293,1.1389,0.3009,16.6679,16.6730,15.6082,0.0010,-1.0000
16.6656,1.0000,145.1459,1.2089,0.2852,16.6673,16.6474,15.0754,0.0010,-1.0000
16.6661,1.0000,145.1626,1.3570,0.2828,16.6677,16.6554,15.4294,0.0012,-1.0000
16.6690,1.0000,145.1801,1.2937,0.2770,16.6584,16.6672,15.4596,0.0012,-1.0000
16.6652,1.0000,145.1960,1.0636,0.3921,16.6828,16.6468,14.3420,0.0022,-1.0000
16.6659,1.0000,145.2125,1.5711,0.3106,16.6569,16.6545,15.2183,0.0012,-1.0000
16.6695,1.0000,145.2293,1.2246,0.2800,16.6639,16.6702,15.4871,0.0016,-1.0000
16.6648,1.0000,145.2459,1.2063,0.3814,16.6781,16.6458,15.3084,0.0010,-1.0000
16.6713,1.0000,145.2626,2.3030,0.4122,16.6568,16.6624,15.3962,0.0009,-1.0000
16.6694,1.0000,145.2793,1.4349,0.3175,16.6630,16.6608,15.3845,0.0012,-1.0000
16.6631,1.0000,145.2959,1.1815,0.3473,16.6814,16.6493,15.2527,0.0012,-1.0000
16.6670,1.0000,145.3125,1.3362,0.3565,16.6579,16.6593,15.4280,0.0011,-1.0000
16.6679,1.0000,145.3293,1.2651,0.3150,16.6721,16.6609,15.3621,0.0011,-1.0000
16.6661,1.0000,145.3459,1.2749,0.3782,16.6712,16.6510,15.3284,0.0013,-1.0000
16.6644,1.0000,145.3626,1.3952,0.3291,16.6583,16.6527,15.4158,0.0011,-1.0000
16.6700,1.0000,145.3794,1.2302,0.3194,16.6699,16.7583,15.3450,0.0012,-1.0000
16.6661,1.0000,145.3960,1.2974,0.3755,16.6715,16.5673,15.1917,0.0015,-1.0000
16.6650,1.0000,145.4125,1.3211,0.3525,16.6615,16.6451,15.2111,0.0011,-1.0000
16.6682,1.0000,145.4293,1.2355,0.2788,16.6602,16.6643,15.5412,0.0013,-1.0000
16.6659,1.0000,145.4459,1.4118,0.3691,16.7670,16.6559,15.1725,0.0012,-1.0000
16.6666,1.0000,145.4626,1.3742,0.3426,16.5787,16.6559,15.4017,0.0012,-1.0000
16.6679,1.0000,145.4793,1.4326,0.2982,16.6540,16.6624,15.3531,0.0011,-1.0000
16.6661,1.0000,145.4959,1.1216,0.3619,16.6730,16.6546,15.2934,0.0012,-1.0000
16.6670,1.0000,145.5125,1.4821,0.2816,16.6650,16.6615,15.4639,0.0011,-1.0000
16.6671,1.0000,145.5293,1.2529,0.3485,16.6652,16.6585,15.4053,0.0014,-1.0000
16.6634,1.0000,145.5459,1.3079,0.3629,16.6711,16.6436,15.4300,0.0012,-1.0000
16.6704,1.0000,145.5627,1.3601,0.3470,16.6634,16.6778,15.5533,0.0007,-1.0000
16.6663,1.0000,145.5793,1.1964,0.2991,16.6705,16.6581,14.9879,0.0016,-1.0000
16.6655,1.0000,145.5959,1.2514,0.2837,16.6679,16.6433,15.3550,0.0009,-1.0000
16.6675,1.0000,145.6125,1.2125,0.3504,16.6504,16.6651,15.4009,0.0010,-1.0000
16.6670,1.0000,145.6292,1.1235,0.4450,16.6864,16.6551,15.3582,0.0011,-1.0000
16.6644,1.0000,145.6459,1.6686,0.2961,16.6693,16.6497,15.4714,0.0013,-1.0000
16.6689,1.0000,145.6626,1.2870,0.3680,16.6518,16.6681,15.5465,0.0010,-1.0000
16.6669,1.0000,145.6793,1.2632,0.2875,16.6757,16.6545,15.4255,0.0011,-1.0000
16.6659,1.0000,145.6959,1.2957,0.2852,16.6646,16.6560,15.3988,0.0012,-1.0000
16.6678,1.0000,145.7126,1.1770,0.3108,16.6574,16.6626,15.5168,0.0011,-1.0000
16.6665,1.0000,145.7293,1.1207,0.2948,16.6769,16.6600,15.1716,0.0012,-1.0000
16.6664,1.0000,145.7459,1.2277,0.3368,16.6635,16.6522,15.3785,0.0010,-1.0000
16.6676,1.0000,145.7627,1.2561,0.3230,16.6643,16.6642,15.5234,0.0010,-1.0000
16.6665,1.0000,145.7792,1.1447,0.3524,16.6714,16.6538,15.0052,0.0013,-1.0000
16.6660,1.0000,145.7959,1.4869,0.3181,16.6695,16.6566,15.4814,0.0013,-1.0000
16.6700,1.0000,145.8126,1.2725,0.3166,16.6606,16.7171,15.5120,0.0011,-1.0000
16.6647,1.0000,145.8293,1.1394,0.4137,16.6740,16.6006,15.3409,0.0011,-1.0000
16.6647,1.0000,145.8460,1.6472,0.3051,16.6628,16.6529,15.4704,0.0014,-1.0000
16.6697,1.0000,145.8627,1.1737,0.3053,16.6645,16.6967,15.3646,0.0012,-1.0000
16.6653,1.0000,145.8793,1.2040,0.3244,16.7265,16.6206,15.3098,0.0011,-1.0000
16.6656,1.0000,145.8959,1.2583,0.2901,16.6103,16.6529,15.4593,0.0011,-1.0000
16.6686,1.0000,145.9125,1.1810,0.3222,16.6611,16.6647,15.5549,0.0011,-1.0000
16.6664,1.0000,145.9293,1.3305,0.3625,16.7074,16.6573,15.4887,0.0012,-1.0000
16.6661,1.0000,145.9459,1.3096,0.3674,16.6307,16.6554,15.3999,0.0012,-1.0000
16.6678,1.0000,145.9626,1.1923,0.2849,16.6607,16.6626,15.3412,0.0011,-1.0000
16.6657,1.0000,145.9792,1.1085,0.3532,16.6737,16.6514,15.2346,0.0013,-1.0000
16.6661,1.0000,145.9959,1.1673,0.3176,16.6663,16.6562,15.4436,0.0010,-1.0000
16.6710,1.0000,146.0126,1.2542,0.3222,16.6654,16.6754,15.5294,0.0010,-1.0000
16.6614,1.0000,146.0292,1.3199,0.3907,16.6724,16.6300,15.2222,0.0013,-1.0000
16.6696,1.0000,146.0459,1.4155,0.3054,16.6606,16.6722,15.6659,0.0012,-1.0000
16.6691,1.0000,146.0626,1.2119,0.4074,16.6646,16.6645,15.5266,0.0011,-1.0000
16.6629,1.0000,146.0792,1.1447,0.2989,16.6860,16.6443,15.3434,0.0011,-1.0000
16.6667,1.0000,146.0960,1.4065,0.3229,16.6391,16.6581,15.5292,0.0012,-1.0000
16.6688,1.0000,146.1125,1.0047,0.2748,16.6796,16.6624,15.2048,0.0015,-1.0000
16.6648,1.0000,146.1292,1.1367,0.3275,16.6754,16.6516,15.6133,0.0010,-1.0000
16.6683,1.0000,146.1460,1.2999,0.3089,16.6540,16.6705,15.5110,0.0011,-1.0000
16.6666,1.0000,146.1626,1.1274,0.3097,16.6667,16.6512,15.2153,0.0013,-1.0000
16.6654,1.0000,146.1792,1.4559,0.2991,16.6709,16.6512,15.4479,0.0012,-1.0000
16.6683,1.0000,146.1961,1.0375,0.2980,16.6607,16.6655,15.4062,0.0011,-1.0000
16.6665,1.0000,146.2125,1.1578,0.3473,16.6797,16.6576,15.1551,0.0011,-1.0000
16.6653,1.0000,146.2292,1.4341,0.2681,16.6602,16.6600,15.5679,0.0009,-1.0000
16.6665,1.0000,146.2459,1.2020,0.3234,16.6601,16.6555,15.5439,0.0010,-1.0000
16.6688,1.0000,146.2626,1.2576,0.2961,16.6736,16.6585,15.3140,0.0012,-1.0000
16.6668,1.0000,146.2793,1.5013,0.3100,16.6659,16.6570,15.3596,0.0010,-1.0000
16.6670,1.0000,146.2959,1.0910,0.2667,16.6686,16.6596,15.4485,0.0013,-1.0000
16.6662,1.0000,146.3125,1.1105,0.2866,16.6642,16.6566,15.3721,0.0012,-1.0000
16.6659,1.0000,146.3292,1.3432,0.2892,16.6674,16.6525,15.5996,0.0011,-1.0000
16.6667,1.0000,146.3461,1.2961,0.3543,16.6660,16.6686,15.5065,0.0010,-1.0000
16.6681,1.0000,146.3626,1.2097,0.3090,16.6692,16.6507,14.6830,0.0011,-1.0000
16.6663,1.0000,146.3792,1.2830,0.3264,16.6651,16.6560,15.4502,0.0011,-1.0000
16.6675,1.0000,146.3960,1.0519,0.2904,16.6610,16.6656,15.5073,0.0011,-1.0000
16.6665,1.0000,146.4125,1.1608,0.3992,16.6770,16.6479,15.0509,0.0014,-1.0000
16.6659,1.0000,146.4293,1.9665,0.3312,16.6631,16.6531,15.4717,0.0011,-1.0000
16.6681,1.0000,146.4460,1.2044,0.2936,16.6649,16.6659,15.3697,0.0013,-1.0000
16.6661,1.0000,146.4626,1.1570,0.3455,16.6766,16.6524,15.4422,0.0013,-1.0000
16.6651,1.0000,146.4792,1.5953,0.3436,16.6590,16.6557,15.4494,0.0012,-1.0000
16.6711,1.0000,146.4959,1.1800,0.2958,16.6620,16.6690,15.3982,0.0010,-1.0000
16.6634,1.0000,146.5125,1.2945,0.2981,16.6748,16.6438,15.4418,0.0011,-1.0000
16.6670,1.0000,146.5292,1.2088,0.3396,16.6624,16.6588,15.4805,0.0011,-1.0000
16.6670,1.0000,146.5459,1.2052,0.2985,16.6643,16.6579,15.4831,0.0011,-1.0000
16.6666,1.0000,146.5626,1.2692,0.2973,16.6806,16.6561,15.3486,0.0012,-1.0000
16.6666,1.0000,146.5792,1.2007,0.3357,16.6538,16.6615,15.5197,0.0012,-1.0000
16.6674,1.0000,146.5960,1.1772,0.3285,16.6671,16.6594,15.5170,0.0009,-1.0000
16.6658,1.0000,146.6125,1.1734,0.3142,16.6668,16.6496,15.1717,0.0010,-1.0000
16.6666,1.0000,146.6292,1.3063,0.2863,16.6654,16.6603,15.5975,0.0011,-1.0000
16.6683,1.0000,146.6460,1.1406,0.2895,16.6714,16.6619,15.5051,0.0010,-1.0000
16.6654,1.0000,146.6626,1.1415,0.3350,16.6694,16.6537,15.2604,0.0012,-1.0000
16.6678,1.0000,146.6793,1.4764,0.3364,16.6589,16.6600,15.4772,0.0012,-1.0000
16.6672,1.0000,146.6960,1.0615,0.3219,16.6684,16.6539,15.2256,0.0011,-1.0000
16.6662,1.0000,146.7125,1.1558,0.3520,16.6722,16.6520,15.2720,0.0010,-1.0000
16.6656,1.0000,146.7292,1.3921,0.3207,16.6637,16.6562,15.6106,0.0009,-1.0000
16.6689,1.0000,146.7461,1.1814,0.3182,16.6712,16.6692,15.4184,0.0010,-1.0000
16.6646,1.0000,146.7626,1.4270,0.3323,16.6651,16.6454,15.0091,0.0016,-1.0000
16.6670,1.0000,146.7793,1.3790,0.3195,16.6614,16.6593,15.2407,0.0012,-1.0000
16.6670,1.0000,146.7960,1.0445,0.3670,16.6656,16.6586,15.4105,0.0016,-1.0000
16.6663,1.0000,146.8125,1.2494,0.3920,16.6792,16.6571,15.1729,0.0013,-1.0000
16.6651,1.0000,146.8292,1.6347,0.3532,16.6552,16.6490,15.5250,0.0013,-1.0000
16.6686,1.0000,146.8460,1.4175,0.3098,16.6682,16.6706,15.4727,0.0011,-1.0000
16.6679,1.0000,146.8626,1.2466,0.3051,16.6678,16.6564,15.2725,0.0011,-1.0000
16.6642,1.0000,146.8792,1.4829,0.2940,16.6666,16.6510,15.4635,0.0011,-1.0000
16.7232,1.0000,146.8960,1.1229,0.2981,16.6567,16.7168,15.5956,0.0014,-1.0000
16.6667,1.0000,146.9125,1.1967,0.3555,16.6794,16.6387,15.3314,0.0012,-1.0000
16.6664,1.0000,146.9293,1.3830,0.2866,16.6669,16.6557,15.5871,0.0012,-1.0000
16.6669,1.0000,146.9460,1.1861,0.2919,16.6599,16.6598,15.4304,0.0017,-1.0000
16.6671,1.0000,146.9626,1.1199,0.3762,16.7456,16.6551,15.2082,0.0016,-1.0000
16.6674,1.0000,146.9793,1.3060,0.2686,16.6472,16.6621,15.3370,0.0012,-1.0000
16.6679,1.0000,146.9966,1.0672,0.2797,16.6641,16.6642,15.4183,0.0014,-1.0000
16.6657,1.0000,147.0126,1.2276,0.3734,16.6692,16.6565,14.5214,0.0013,-1.0000
16.6649,1.0000,147.0293,1.4452,0.3432,16.6638,16.6384,15.3652,0.0012,-1.0000
16.6687,1.0000,147.0461,1.3238,0.3120,16.6708,16.7005,15.5789,0.0008,-1.0000
16.6663,1.0000,147.0626,1.2442,0.3321,16.6743,16.6236,15.3032,0.0011,-1.0000
16.6661,1.0000,147.0793,2.1340,0.3012,16.6693,16.6566,15.4426,0.0011,-1.0000
16.6682,1.0000,147.0960,1.2715,0.2846,16.6464,16.6631,15.5191,0.0011,-1.0000
16.6656,1.0000,147.1125,1.1206,0.3243,16.7095,16.6520,15.2660,0.0014,-1.0000
16.6664,1.0000,147.1293,1.3192,0.2727,16.6322,16.6572,15.6011,0.0011,-1.0000
16.6682,1.0000,147.1460,1.2130,0.2924,16.6650,16.6616,15.5102,0.0011,-1.0000
16.6657,1.0000,147.1626,1.1428,0.3016,16.6726,16.6594,15.1657,0.0012,-1.0000
16.6665,1.0000,147.1793,1.3847,0.2726,16.6619,16.6511,15.4758,0.0011,-1.0000
16.6691,1.0000,147.1963,1.0548,0.2828,16.6650,16.6703,15.4556,0.0012,-1.0000
16.6638,1.0000,147.2125,1.1502,0.4180,16.6719,16.6426,15.0479,0.0012,-1.0000
16.6671,1.0000,147.2293,1.4924,0.2896,16.6693,16.6556,15.5349,0.0012,-1.0000
16.6676,1.0000,147.2460,1.1741,0.3053,16.6601,16.6629,15.4117,0.0013,-1.0000
16.6648,1.0000,147.2626,1.2133,0.3582,16.6813,16.6481,15.4925,0.0011,-1.0000
16.6681,1.0000,147.2793,1.5935,0.3115,16.6524,16.6671,15.5376,0.0011,-1.0000
16.6673,1.0000,147.2960,1.1198,0.3432,16.6642,16.6639,15.0651,0.0013,-1.0000
16.6654,1.0000,147.3125,1.2501,0.2682,16.6714,16.6505,15.4060,0.0012,-1.0000
16.6685,1.0000,147.3294,1.1545,0.2927,16.6561,16.6681,15.5717,0.0012,-1.0000
16.6663,1.0000,147.3460,1.1283,0.3542,16.6739,16.6526,15.1557,0.0013,-1.0000
16.6636,1.0000,147.3626,1.5977,0.3148,16.6722,16.6466,15.4297,0.0012,-1.0000
16.6692,1.0000,147.3793,1.2434,0.3161,16.6597,16.6725,15.6277,0.0009,-1.0000
16.6672,1.0000,147.3960,1.0949,0.3690,16.6756,16.6592,15.3437,0.0013,-1.0000
16.6666,1.0000,147.4125,1.4956,0.2959,16.6622,16.6547,15.4935,0.0011,-1.0000
16.6681,1.0000,147.4294,1.2157,0.2814,16.6537,16.6668,15.5647,0.0011,-1.0000
16.6659,1.0000,147.4460,1.0434,0.2998,16.6796,16.6508,15.0807,0.0011,-1.0000
16.6654,1.0000,147.4626,1.3143,0.3009,16.6673,16.6524,15.4314,0.0012,-1.0000
16.6669,1.0000,147.4793,1.1600,0.3010,16.6642,16.6619,15.5208,0.0011,-1.0000
16.6675,1.0000,147.4960,1.1008,0.3814,16.6766,16.6615,15.4450,0.0012,-1.0000
16.6660,1.0000,147.5126,1.5695,0.2889,16.6595,16.6540,15.4030,0.0012,-1.0000
16.6692,1.0000,147.5298,1.2199,0.2946,16.6607,16.6660,15.4299,0.0013,-1.0000
16.6659,1.0000,147.5461,1.1397,0.3361,16.6700,16.6559,14.6528,0.0012,-1.0000
16.6650,1.0000,147.5626,1.2152,0.3216,16.6709,16.6466,15.2141,0.0012,-1.0000
16.6693,1.0000,147.5794,1.2498,0.3216,16.6629,16.6692,15.5498,0.0010,-1.0000
16.6662,1.0000,147.5960,1.2346,0.3348,16.6752,16.6520,15.2584,0.0011,-1.0000
16.6650,1.0000,147.6125,2.0018,0.3120,16.6677,16.6525,15.3842,0.0012,-1.0000
16.6713,1.0000,147.6294,1.4312,0.2856,16.6551,16.6725,15.5355,0.0014,-1.0000
16.6633,1.0000,147.6460,1.1182,0.3439,16.6783,16.6425,15.1968,0.0010,-1.0000
16.6652,1.0000,147.6626,1.3923,0.2949,16.6624,16.6544,15.4879,0.0012,-1.0000
16.6693,1.0000,147.6794,1.2670,0.3060,16.6613,16.6646,15.3669,0.0012,-1.0000
16.6658,1.0000,147.6960,1.1349,0.4641,16.6837,16.6566,15.2331,0.0012,-1.0000
16.6662,1.0000,147.7125,1.4447,0.3006,16.6533,16.6551,15.4990,0.0013,-1.0000
16.6684,1.0000,147.7294,1.1650,0.3375,16.6620,16.6663,15.6222,0.0011,-1.0000
16.6666,1.0000,147.7461,1.2963,0.4207,16.6737,16.6515,15.0453,0.0012,-1.0000
16.6654,1.0000,147.7626,1.4226,0.3021,16.6651,16.6489,15.3193,0.0011,-1.0000
16.6682,1.0000,147.7794,1.1549,0.2878,16.6637,16.6659,15.3592,0.0012,-1.0000
16.6659,1.0000,147.7960,1.0428,0.3469,16.6777,16.6503,15.0442,0.0013,-1.0000
16.6662,1.0000,147.8125,1.6049,0.3217,16.6635,16.6563,15.4531,0.0011,-1.0000
16.6696,1.0000,147.8293,1.3279,0.2952,16.6581,16.6685,15.6162,0.0010,-1.0000
16.6651,1.0000,147.8460,1.3049,0.3799,16.6760,16.6483,15.3737,0.0013,-1.0000
16.6660,1.0000,147.8627,1.6045,0.3126,16.6591,16.6575,15.4474,0.0013,-1.0000
16.6682,1.0000,147.8793,1.2022,0.2842,16.6646,16.6604,15.4798,0.0010,-1.0000
16.6654,1.0000,147.8960,1.0510,0.3016,16.6786,16.6536,15.1626,0.0012,-1.0000
16.6654,1.0000,147.9125,1.2728,0.2851,16.6593,16.6542,15.4015,0.0011,-1.0000
16.6691,1.0000,147.9294,1.2088,0.2963,16.6659,16.6665,15.6189,0.0011,-1.0000
16.6664,1.0000,147.9460,1.1793,0.3342,16.6696,16.6572,15.0713,0.0011,-1.0000
16.6663,1.0000,147.9626,1.4896,0.2881,16.6629,16.6578,15.4684,0.0011,-1.0000
16.6678,1.0000,147.9793,1.2515,0.2887,16.6618,16.6579,15.4943,0.0010,-1.0000
16.6661,1.0000,147.9962,1.0465,0.3530,16.6745,16.6606,15.3237,0.0014,-1.0000
16.6653,1.0000,148.0125,1.5851,0.3075,16.6663,16.6488,15.1175,0.0013,-1.0000
16.6685,1.0000,148.0294,1.1882,0.2887,16.6661,16.6662,15.5401,0.0011,-1.0000
16.6660,1.0000,148.0460,1.1621,0.3452,16.6663,16.6535,15.2488,0.0013,-1.0000
16.6667,1.0000,148.0628,1.3354,0.4101,16.6702,16.6637,15.4793,0.0010,-1.0000
17.0003,1.0000,148.0797,1.5298,0.3288,16.6579,16.9961,15.4459,0.0013,-1.0000
16.6639,1.0000,148.0966,1.1249,0.3999,16.6736,16.6430,15.2725,0.0012,-1.0000
16.6689,1.0000,148.1129,1.4034,0.3438,16.6619,16.6639,15.0726,0.0013,-1.0000
16.6665,1.0000,148.1297,1.1832,0.4700,16.6718,16.6569,15.2298,0.0012,-1.0000
16.6654,1.0000,148.1463,1.5489,0.3217,17.0075,16.6502,15.4707,0.0013,-1.0000
16.6691,1.0000,148.1630,1.3693,0.3634,16.6529,16.6705,15.5191,0.0011,-1.0000
16.6657,1.0000,148.1797,1.5900,0.4872,16.6721,16.6609,15.3551,0.0013,-1.0000
16.6658,1.0000,148.1963,1.4260,0.3307,16.6657,16.6484,15.3491,0.0014,-1.0000
16.6771,1.0000,148.2130,1.1780,0.3200,16.6578,16.6759,15.4234,0.0012,-1.0000
16.6668,1.0000,148.2297,1.1500,0.3209,16.6786,16.6531,15.2689,0.0011,-1.0000
16.6629,1.0000,148.2463,1.3044,0.3478,16.6694,16.6414,15.2356,0.0012,-1.0000
16.6678,1.0000,148.2630,1.2979,0.3331,16.6572,16.6670,15.5094,0.0011,-1.0000
16.6691,1.0000,148.2797,1.2514,0.3737,16.6861,16.6641,15.2456,0.0013,-1.0000
16.6641,1.0000,148.2964,1.3832,0.3344,16.6644,16.6496,15.3735,0.0014,-1.0000
16.6687,1.0000,148.3129,1.4047,0.3036,16.6499,16.6700,15.3945,0.0012,-1.0000
16.6665,1.0000,148.3297,1.1564,0.3368,16.6745,16.6526,15.2276,0.0013,-1.0000
16.6641,1.0000,148.3463,1.4170,0.3535,16.6726,16.6461,15.3536,0.0012,-1.0000
16.6691,1.0000,148.3631,1.2745,0.2863,16.6580,16.6720,15.3824,0.0011,-1.0000
16.6664,1.0000,148.3797,1.2742,0.3698,16.6795,16.6544,15.2439,0.0012,-1.0000
16.6653,1.0000,148.3963,1.4235,0.2785,16.6620,16.6524,15.4636,0.0012,-1.0000
16.6681,1.0000,148.4130,1.2912,0.3328,16.6547,16.6660,15.4255,0.0013,-1.0000
16.6673,1.0000,148.4297,1.2885,0.3529,16.6809,16.6541,15.2098,0.0019,-1.0000
16.6652,1.0000,148.4467,1.4091,0.2943,16.6630,16.6500,15.3981,0.0012,-1.0000
16.6682,1.0000,148.4630,1.1876,0.3130,16.6607,16.6656,15.0210,0.0012,-1.0000
16.6666,1.0000,148.4797,1.2391,0.3234,16.6783,16.6549,15.2504,0.0011,-1.0000
16.6665,1.0000,148.4964,1.4422,0.2812,16.6633,16.6567,15.4019,0.0014,-1.0000
16.6665,1.0000,148.5129,1.2507,0.3803,16.6587,16.6601,15.3937,0.0014,-1.0000
16.6680,1.0000,148.5297,1.6434,0.3798,16.6737,16.6640,15.3545,0.0012,-1.0000
16.6655,1.0000,148.5463,1.4033,0.3353,16.6635,16.6515,15.3449,0.0015,-1.0000
16.6681,1.0000,148.5630,1.2533,0.3401,16.6643,16.6630,15.4200,0.0010,-1.0000
16.6660,1.0000,148.5797,1.2648,0.3296,16.6691,16.6569,15.2030,0.0011,-1.0000
16.6661,1.0000,148.5964,1.3082,0.3534,16.6726,16.6539,15.3695,0.0013,-1.0000
16.6670,1.0000,148.6130,1.3051,0.3920,16.6602,16.6619,15.4352,0.0013,-1.0000
16.6672,1.0000,148.6297,1.2417,0.4362,16.6714,16.6602,15.2122,0.0014,-1.0000
16.6669,1.0000,148.6463,1.4530,0.3777,16.6655,16.6566,15.3393,0.0013,-1.0000
16.6679,1.0000,148.6631,1.2828,0.3259,16.6626,16.6696,15.3837,0.0015,-1.0000
16.6662,1.0000,148.6798,1.2254,0.4504,16.6701,16.6471,14.5419,0.0013,-1.0000
16.6658,1.0000,148.6964,1.4466,0.3313,16.6685,16.6497,15.0806,0.0009,-1.0000
16.6682,1.0000,148.7130,1.3159,0.3338,16.6649,16.6579,15.4180,0.0011,-1.0000
16.6660,1.0000,148.7297,1.2846,0.3778,16.6819,16.6552,15.2700,0.0012,-1.0000
16.6650,1.0000,148.7463,2.1038,0.3487,16.6625,16.6476,15.3015,0.0014,-1.0000
16.6705,1.0000,148.7630,1.5681,0.3836,16.6605,16.6720,15.5397,0.0012,-1.0000
16.6647,1.0000,148.7797,1.2386,0.4137,16.6663,16.6501,15.2769,0.0013,-1.0000
16.6662,1.0000,148.7963,1.3840,0.3382,16.6664,16.6562,15.3760,0.0012,-1.0000
16.6681,1.0000,148.8130,1.3447,0.3218,16.6558,16.6616,15.4119,0.0012,-1.0000
16.6665,1.0000,148.8297,1.1307,0.3580,16.6815,16.6561,15.4296,0.0012,-1.0000
16.6657,1.0000,148.8463,1.3720,0.3394,16.6601,16.6540,15.4415,0.0010,-1.0000
16.6690,1.0000,148.8630,1.2789,0.3453,16.6640,16.6668,15.4355,0.0011,-1.0000
16.6654,1.0000,148.8797,1.2482,0.3859,16.6704,16.6506,15.2091,0.0010,-1.0000
16.6671,1.0000,148.8963,1.2250,0.3454,16.6658,16.6625,15.4366,0.0012,-1.0000
16.6701,1.0000,148.9130,1.2112,0.3355,16.6624,16.6660,15.4009,0.0010,-1.0000
16.6628,1.0000,148.9297,1.2306,0.4212,16.6755,16.6454,15.2021,0.0013,-1.0000
16.6669,1.0000,148.9463,1.4402,0.3496,16.6593,16.6585,15.3675,0.0013,-1.0000
16.6676,1.0000,148.9631,1.2245,0.3236,16.6708,16.6627,15.4406,0.0014,-1.0000
16.6645,1.0000,148.9796,1.2636,0.3956,16.6761,16.6446,15.3426,0.0010,-1.0000
16.6695,1.0000,148.9964,1.4419,0.3372,16.6551,16.6717,15.5286,0.0012,-1.0000
16.6665,1.0000,149.0129,1.2896,0.3127,16.6668,16.6582,15.0993,0.0011,-1.0000
16.6653,1.0000,149.0297,1.2207,0.3439,16.6729,16.6513,15.5324,0.0010,-1.0000
16.6679,1.0000,149.0463,1.3009,0.3220,16.6526,16.6643,15.4386,0.0012,-1.0000
16.6670,1.0000,149.0630,1.1416,0.3684,16.6795,16.6592,15.2148,0.0013,-1.0000
16.6646,1.0000,149.0796,1.5577,0.2906,16.6661,16.6489,15.5258,0.0011,-1.0000
16.6679,1.0000,149.0963,1.1177,0.2958,16.6590,16.6671,15.5158,0.0011,-1.0000
16.6683,1.0000,149.1129,1.2242,0.3549,16.6728,16.6615,15.2899,0.0012,-1.0000
16.6647,1.0000,149.1297,1.4431,0.2969,16.6679,16.6532,15.6113,0.0010,-1.0000
16.6685,1.0000,149.1464,1.1220,0.2778,16.6572,16.6649,15.3631,0.0014,-1.0000
16.6662,1.0000,149.1630,1.1502,0.2967,16.6744,16.6494,15.2201,0.0014,-1.0000
16.6642,1.0000,149.1796,1.3701,0.2910,16.6701,16.6512,15.4792,0.0010,-1.0000
16.6686,1.0000,149.1963,1.0410,0.2897,16.6619,16.6704,15.5131,0.0013,-1.0000
16.6674,1.0000,149.2129,1.3004,0.3756,16.6755,16.6562,15.2779,0.0011,-1.0000
16.6663,1.0000,149.2297,1.4279,0.2835,16.6590,16.6564,15.5774,0.0011,-1.0000
16.6689,1.0000,149.2464,1.1711,0.2760,16.6587,16.6635,15.4726,0.0011,-1.0000
16.6656,1.0000,149.2630,1.1561,0.3621,16.6781,16.6558,15.3201,0.0012,-1.0000
16.6652,1.0000,149.2797,1.3773,0.2839,16.6652,16.6456,15.2772,0.0010,-1.0000
16.6671,1.0000,149.2964,1.0779,0.2843,16.6652,16.6630,15.4695,0.0011,-1.0000
16.6673,1.0000,149.3129,1.1897,0.3147,16.6746,16.6573,15.3200,0.0011,-1.0000
16.6659,1.0000,149.3297,1.3346,0.2686,16.6670,16.6562,15.5989,0.0009,-1.0000
16.6681,1.0000,149.3464,1.3673,0.2908,16.6547,16.6627,15.4280,0.0013,-1.0000
16.6670,1.0000,149.3630,1.1924,0.2979,16.6721,16.6571,15.2628,0.0014,-1.0000
16.6647,1.0000,149.3796,1.3360,0.2889,16.6656,16.6500,15.4518,0.0012,-1.0000
16.6679,1.0000,149.3963,1.0565,0.2979,16.6654,16.6618,15.5521,0.0012,-1.0000
16.6672,1.0000,149.4129,1.2334,0.3021,16.6712,16.6630,15.4338,0.0011,-1.0000
16.6667,1.0000,149.4297,1.3936,0.3383,16.6666,16.6566,15.5143,0.0011,-1.0000
16.6670,1.0000,149.4464,1.1973,0.2844,16.6583,16.6669,15.4196,0.0013,-1.0000
16.6666,1.0000,149.4630,1.1085,0.3174,16.6693,16.6441,14.7792,0.0015,-1.0000
16.6664,1.0000,149.4797,1.2282,0.2958,16.6712,16.6548,15.2889,0.0013,-1.0000
16.6685,1.0000,149.4964,1.1414,0.2744,16.6658,16.6650,15.4786,0.0012,-1.0000
16.6660,1.0000,149.5130,1.2458,0.3422,16.6803,16.6525,15.2424,0.0013,-1.0000
16.6659,1.0000,149.5297,1.8634,0.3236,16.6554,16.6553,15.4047,0.0013,-1.0000
16.6671,1.0000,149.5464,1.3647,0.3050,16.6639,16.6552,15.3979,0.0014,-1.0000
16.6664,1.0000,149.5630,1.1849,0.3671,16.6754,16.6568,15.2606,0.0013,-1.0000
16.6666,1.0000,149.5797,1.4089,0.2762,16.6624,16.6589,15.3290,0.0012,-1.0000
16.6682,1.0000,149.5964,1.2494,0.2919,16.6659,16.6555,15.3799,0.0012,-1.0000
16.6654,1.0000,149.6129,1.2557,0.3220,16.6642,16.6558,15.2185,0.0012,-1.0000
16.6655,1.0000,149.6296,1.3948,0.3224,16.6671,16.6509,15.4475,0.0010,-1.0000
16.6686,1.0000,149.6464,1.3284,0.2920,16.6694,16.6682,15.5009,0.0010,-1.0000
16.6664,1.0000,149.6630,1.2742,0.2960,16.6640,16.6523,15.2749,0.0013,-1.0000
16.6659,1.0000,149.6797,1.4362,0.3005,16.6679,16.6587,15.5194,0.0010,-1.0000
16.6685,1.0000,149.6963,1.2023,0.2756,16.6588,16.6626,15.3019,0.0011,-1.0000
16.6647,1.0000,149.7129,1.1660,0.4914,16.6772,16.6502,14.9142,0.0010,-1.0000
16.6664,1.0000,149.7296,1.3762,0.2979,16.6608,16.6588,15.5425,0.0012,-1.0000
16.6680,1.0000,149.7464,1.1382,0.3664,16.6663,16.6650,15.5326,0.0011,-1.0000
16.6655,1.0000,149.7630,1.3595,0.3699,16.6720,16.6511,15.1810,0.0014,-1.0000
16.6676,1.0000,149.7796,1.7351,0.2838,16.6586,16.6643,15.4975,0.0012,-1.0000
16.6689,1.0000,149.7964,1.1148,0.2893,16.6666,16.6673,15.4586,0.0011,-1.0000
16.6627,1.0000,149.8129,1.1312,0.3815,16.6741,16.6375,15.3112,0.0013,-1.0000
16.6688,1.0000,149.8297,1.4688,0.2654,16.6587,16.6703,15.5690,0.0010,-1.0000
16.6665,1.0000,149.8463,1.1654,0.3076,16.6714,16.6523,15.2470,0.0013,-1.0000
16.6660,1.0000,149.8630,1.2077,0.3328,16.6787,16.6544,15.4594,0.0011,-1.0000
16.6684,1.0000,149.8798,1.3248,0.2854,16.6473,16.6676,15.4409,0.0012,-1.0000
16.6671,1.0000,149.8963,1.1000,0.2733,16.6802,16.6534,15.2912,0.0016,-1.0000
16.6675,1.0000,149.9129,1.4035,0.2907,16.6608,16.6569,15.4822,0.0011,-1.0000
16.6639,1.0000,149.9297,1.1938,0.3117,16.6620,16.6506,15.5265,0.0010,-1.0000
16.6682,1.0000,149.9463,1.2259,0.3115,16.6780,16.6653,15.3813,0.0013,-1.0000
16.6661,1.0000,149.9630,1.3606,0.2928,16.6643,16.6536,15.4831,0.0013,-1.0000
16.6679,1.0000,149.9798,1.1733,0.2969,16.6659,16.6684,15.5634,0.0012,-1.0000
16.6672,1.0000,149.9963,1.1229,0.3002,16.6598,16.6496,15.0506,0.0013,-1.0000
16.6657,1.0000,150.0129,1.2826,0.2810,16.6731,16.6555,15.2821,0.0013,-1.0000
16.6687,1.0000,150.0299,1.1691,0.2908,16.6626,16.6632,15.4845,0.0011,-1.0000
16.6660,1.0000,150.0463,1.1038,0.3946,16.6795,16.6503,13.8830,0.0013,-1.0000
16.6654,1.0000,150.0630,1.5978,0.3867,16.6593,16.6541,15.4531,0.0011,-1.0000
16.6675,1.0000,150.0797,1.3719,0.2928,16.6652,16.6623,15.5690,0.0010,-1.0000
16.6666,1.0000,150.0963,1.1775,0.3453,16.6732,16.6567,15.2881,0.0012,-1.0000
16.6668,1.0000,150.1130,2.7660,0.3533,16.6600,16.6597,15.4667,0.0011,-1.0000
16.6692,1.0000,150.1297,1.2001,0.2932,16.6623,16.6633,15.3926,0.0011,-1.0000
16.6644,1.0000,150.1463,1.0921,0.3100,16.6714,16.6464,15.3735,0.0011,-1.0000
16.6654,1.0000,150.1630,1.3672,0.3168,16.6656,16.6534,15.5014,0.0012,-1.0000
16.6693,1.0000,150.1798,1.1919,0.2899,16.6692,16.6686,15.5499,0.0012,-1.0000
16.6658,1.0000,150.1963,1.2695,0.3328,16.6751,16.6488,15.1744,0.0013,-1.0000
16.6666,1.0000,150.2129,1.2716,0.3036,16.6565,16.6611,15.4772,0.0011,-1.0000
16.6680,1.0000,150.2298,1.1505,0.2805,16.6618,16.6633,15.5705,0.0014,-1.0000
16.6653,1.0000,150.2463,1.1177,0.3105,16.6793,16.6157,15.2083,0.0011,-1.0000
16.6669,1.0000,150.2630,1.4728,0.3195,16.6597,16.6596,15.5369,0.0013,-1.0000
16.6673,1.0000,150.2797,1.1826,0.3603,16.6697,16.6617,15.3824,0.0012,-1.0000
16.6656,1.0000,150.2963,1.0918,0.3717,16.7027,16.6508,15.2700,0.0014,-1.0000
16.6685,1.0000,150.3129,1.4063,0.2906,16.6260,16.6617,15.5021,0.0012,-1.0000
16.6683,1.0000,150.3297,1.1215,0.3292,16.6673,16.6641,15.5949,0.0011,-1.0000
16.6638,1.0000,150.3463,1.2779,0.3447,16.6721,16.6458,15.3909,0.0010,-1.0000
16.6675,1.0000,150.3630,1.3795,0.3469,16.6596,16.6619,15.4722,0.0013,-1.0000
16.6673,1.0000,150.3796,1.1583,0.2833,16.6699,16.6566,15.2451,0.0022,-1.0000
16.6672,1.0000,150.3964,1.0682,0.3277,16.6764,16.6574,15.4790,0.0011,-1.0000
16.6671,1.0000,150.4130,1.2542,0.3205,16.6546,16.6739,15.4139,0.0015,-1.0000
16.6658,1.0000,150.4297,1.1884,0.4058,16.6712,16.6359,15.3546,0.0011,-1.0000
16.6659,1.0000,150.4463,1.4096,0.3232,16.6656,16.6589,15.4486,0.0011,-1.0000
16.6670,1.0000,150.4630,1.1772,0.3239,16.6681,16.6564,15.4505,0.0014,-1.0000
16.6669,1.0000,150.4796,1.2585,0.3415,16.6868,16.6592,15.3835,0.0009,-1.0000
16.6648,1.0000,150.4963,1.2800,0.2897,16.6456,16.6502,15.5329,0.0010,-1.0000
16.6693,1.0000,150.5130,1.2093,0.3183,16.6672,16.6709,15.5999,0.0012,-1.0000
16.6662,1.0000,150.5296,1.2042,0.2968,16.6646,16.6526,15.3046,0.0013,-1.0000
16.6672,1.0000,150.5467,1.2749,0.2840,16.6681,16.6619,15.5363,0.0008,-1.0000
16.6664,1.0000,150.5630,1.1162,0.2760,16.6587,16.6560,14.9689,0.0013,-1.0000
16.6664,1.0000,150.5796,1.0699,0.3223,16.6805,16.6492,15.2944,0.0010,-1.0000
16.6655,1.0000,150.5963,1.3467,0.3573,16.6621,16.6539,15.5204,0.0009,-1.0000
16.6685,1.0000,150.6130,1.1245,0.4052,16.6722,16.6716,15.5542,0.0011,-1.0000
16.6679,1.0000,150.6297,1.6858,0.3691,16.6672,16.6534,15.3830,0.0015,-1.0000
16.6654,1.0000,150.6463,1.3538,0.3060,16.6588,16.6520,15.4311,0.0014,-1.0000
16.6678,1.0000,150.6631,1.1326,0.3076,16.6609,16.6655,15.4916,0.0011,-1.0000
16.6660,1.0000,150.6797,1.1163,0.3422,16.6809,16.6534,15.2651,0.0011,-1.0000
16.6660,1.0000,150.6964,1.2686,0.3917,16.6632,16.6555,15.3822,0.0012,-1.0000
16.6680,1.0000,150.7130,1.2193,0.3540,16.6605,16.6650,15.4359,0.0012,-1.0000
16.6668,1.0000,150.7297,1.1726,0.4131,16.6754,16.6597,15.1590,0.0014,-1.0000
16.6656,1.0000,150.7463,1.3870,0.3493,16.6626,16.6440,15.3433,0.0014,-1.0000
16.6682,1.0000,150.7631,1.2722,0.3668,16.6640,16.6837,15.5211,0.0010,-1.0000
16.6668,1.0000,150.7797,1.2277,0.4068,16.6767,16.6345,15.1327,0.0013,-1.0000
16.6645,1.0000,150.7963,1.4994,0.2928,16.6702,16.6497,15.3728,0.0012,-1.0000
16.6693,1.0000,150.8130,1.2990,0.3276,16.6527,16.6700,15.5175,0.0010,-1.0000
16.6665,1.0000,150.8297,1.1614,0.3929,16.6934,16.6509,15.3015,0.0013,-1.0000
16.6655,1.0000,150.8463,1.5003,0.3248,16.6447,16.6516,15.4247,0.0012,-1.0000
16.6685,1.0000,150.8631,1.2758,0.2720,16.6586,16.6678,15.4150,0.0016,-1.0000
16.6654,1.0000,150.8797,1.1514,0.3456,16.6794,16.6503,15.3554,0.0010,-1.0000
16.6661,1.0000,150.8963,1.3480,0.3320,16.6621,16.6535,15.4720,0.0012,-1.0000
16.6680,1.0000,150.9129,1.2256,0.3249,16.6609,16.6597,15.5277,0.0011,-1.0000
16.6656,1.0000,150.9297,1.2514,0.3049,16.6779,16.6562,15.5389,0.0010,-1.0000
16.6663,1.0000,150.9463,1.2940,0.2966,16.6609,16.6608,15.4511,0.0010,-1.0000
16.6686,1.0000,150.9630,1.1800,0.2807,16.6629,16.6570,15.4943,0.0011,-1.0000
16.6657,1.0000,150.9797,1.1305,0.3008,16.6680,16.6561,15.3613,0.0016,-1.0000
16.6666,1.0000,150.9963,1.1163,0.2962,16.6647,16.6591,15.3462,0.0012,-1.0000
16.6670,1.0000,151.0129,1.2087,0.2886,16.6707,16.6565,15.3440,0.0014,-1.0000
16.6665,1.0000,151.0297,1.1618,0.3751,16.6658,16.6559,15.3652,0.0010,-1.0000
16.6657,1.0000,151.0463,1.2931,0.3256,16.6657,16.6542,15.5055,0.0013,-1.0000
16.6814,1.0000,151.0630,1.3117,0.3916,16.6682,16.6829,15.5171,0.0010,-1.0000
16.6650,1.0000,151.0797,1.3112,0.3140,16.6666,16.6434,15.3247,0.0012,-1.0000
16.6684,1.0000,151.0965,1.2896,0.2880,16.6651,16.6685,15.5035,0.0012,-1.0000
16.6678,1.0000,151.1129,1.1470,0.2624,16.6627,16.6558,15.2945,0.0013,-1.0000
16.6628,1.0000,151.1297,1.1648,0.2995,16.6930,16.6422,15.4582,0.0013,-1.0000
16.6681,1.0000,151.1469,1.3172,0.2645,16.6528,16.6664,15.4639,0.0010,-1.0000
16.6685,1.0000,151.1633,1.1638,0.3142,16.6787,16.1703,14.7323,0.0015,-1.0000
16.6642,1.0000,151.1796,1.3599,0.2732,16.6668,16.6517,15.0167,0.0013,-1.0000
16.6684,1.0000,151.1964,1.1827,0.3754,16.6508,16.6666,15.4072,0.0011,-1.0000
16.6670,1.0000,151.2129,1.2014,0.3093,17.1647,16.6585,15.0504,0.0012,-1.0000
16.6652,1.0000,151.2296,1.4365,0.4026,16.1791,16.6492,15.6653,0.0011,-1.0000
16.6661,1.0000,151.2463,1.6337,0.4169,16.6593,16.6608,15.5700,0.0009,-1.0000
16.6695,1.0000,151.2630,1.2580,0.5272,16.6750,16.6660,15.3438,0.0008,-1.0000
16.6654,1.0000,151.2797,1.6068,0.3207,16.6674,16.6529,15.4493,0.0012,-1.0000
16.6675,1.0000,151.2964,0.9827,0.3320,16.6573,16.6633,15.3207,0.0012,-1.0000
16.6668,1.0000,151.3129,1.0899,0.3198,16.6681,16.6571,15.3258,0.0011,-1.0000
16.6667,1.0000,151.3297,1.3212,0.3672,16.6740,16.6573,15.4418,0.0010,-1.0000
16.6668,1.0000,151.3464,1.2026,0.3744,16.6616,16.6622,15.5061,0.0012,-1.0000
16.6666,1.0000,151.3630,1.3411,0.3422,16.6713,16.6542,15.4554,0.0012,-1.0000
16.6669,1.0000,151.3796,1.3300,0.3563,16.6661,16.6558,15.5222,0.0012,-1.0000
16.6675,1.0000,151.3965,1.2140,0.3117,16.6658,16.6630,15.5684,0.0014,-1.0000
16.6659,1.0000,151.4129,1.1550,0.3290,16.6720,16.6516,15.2080,0.0012,-1.0000
16.6674,1.0000,151.4297,1.1977,0.2885,16.6622,16.6614,15.6273,0.0010,-1.0000
16.6650,1.0000,151.4464,1.1322,0.2778,16.6654,16.6505,15.2470,0.0013,-1.0000
16.6680,1.0000,151.4630,1.0931,0.2910,16.6727,16.6605,15.2923,0.0013,-1.0000
16.6653,1.0000,151.4796,1.4422,0.2908,16.6612,16.6507,15.5351,0.0013,-1.0000
16.6693,1.0000,151.4964,1.0332,0.3410,16.6713,16.6682,15.5536,0.0011,-1.0000
16.6653,1.0000,151.5129,1.4021,0.3510,16.6604,16.6521,15.2438,0.0011,-1.0000
16.6661,1.0000,151.5297,1.3668,0.2890,16.6698,16.6584,15.4857,0.0011,-1.0000
16.6685,1.0000,151.5463,1.1143,0.2721,16.6594,16.6587,15.4757,0.0011,-1.0000
16.6664,1.0000,151.5630,1.1133,0.3508,16.6781,16.6587,15.1761,0.0012,-1.0000
16.6655,1.0000,151.5797,1.4069,0.3559,16.6607,16.6518,15.4508,0.0011,-1.0000
16.6688,1.0000,151.5964,1.1714,0.3026,16.6682,16.6786,15.5723,0.0011,-1.0000
16.6662,1.0000,151.6129,1.1818,0.4267,16.6676,16.6382,14.0455,0.0012,-1.0000
16.6665,1.0000,151.6297,1.4811,0.3183,16.6675,16.6605,15.6043,0.0010,-1.0000
16.6676,1.0000,151.6464,1.1996,0.2706,16.6602,16.6562,15.5001,0.0012,-1.0000
16.6664,1.0000,151.6630,1.1052,0.3484,16.6895,16.6580,15.2515,0.0012,-1.0000
16.6639,1.0000,151.6796,2.5916,0.3178,16.6485,16.6497,15.5079,0.0012,-1.0000
16.6704,1.0000,151.6964,1.0553,0.2785,16.6698,16.6696,15.5166,0.0010,-1.0000
16.6656,1.0000,151.7129,1.1548,0.3080,16.6656,16.6552,15.4412,0.0010,-1.0000
16.6663,1.0000,151.7296,1.4051,0.2718,16.6666,16.6566,15.6022,0.0011,-1.0000
16.6688,1.0000,151.7464,1.1407,0.3462,16.6568,16.6640,15.4276,0.0013,-1.0000
16.6649,1.0000,151.7630,1.1517,0.3462,16.6776,16.6539,15.3344,0.0011,-1.0000
16.6651,1.0000,151.7796,1.2129,0.3485,16.6644,16.6513,15.4514,0.0015,-1.0000
16.6696,1.0000,151.7964,1.0529,0.2718,16.6643,16.6721,15.6139,0.0009,-1.0000
16.6645,1.0000,151.8129,1.2347,0.3585,16.6729,16.6472,15.1630,0.0013,-1.0000
16.6672,1.0000,151.8297,1.3181,0.2906,16.6626,16.6640,15.6555,0.0009,-1.0000
16.6685,1.0000,151.8464,1.1982,0.3120,16.6588,16.6625,15.4756,0.0012,-1.0000
16.6646,1.0000,151.8630,1.0568,0.3521,16.6802,16.6462,15.3550,0.0011,-1.0000
16.6678,1.0000,151.8797,1.4828,0.3021,16.6560,16.6621,15.5335,0.0012,-1.0000
16.6668,1.0000,151.8963,1.0075,0.2885,16.6720,16.6584,15.4943,0.0012,-1.0000
16.6668,1.0000,151.9129,1.1857,0.3189,16.6741,16.6585,15.4239,0.0011,-1.0000
16.6660,1.0000,151.9297,1.2901,0.3144,16.6567,16.6550,15.5823,0.0011,-1.0000
16.6679,1.0000,151.9464,1.1274,0.3001,16.6707,16.6654,15.3978,0.0013,-1.0000
16.6662,1.0000,151.9630,1.1627,0.3227,16.6660,16.6532,15.2634,0.0012,-1.0000
16.6675,1.0000,151.9797,1.2333,0.3134,16.6669,16.6612,15.5053,0.0012,-1.0000
16.6668,1.0000,151.9963,1.0718,0.3652,16.6630,16.6597,15.4635,0.0011,-1.0000
16.6664,1.0000,152.0130,1.2662,0.3386,16.6739,16.6544,15.3653,0.0015,-1.0000
16.6654,1.0000,152.0296,1.3886,0.2923,16.6616,16.6549,15.4182,0.0012,-1.0000
16.6695,1.0000,152.0463,1.1544,0.3115,16.6692,16.6682,15.5531,0.0011,-1.0000
16.6651,1.0000,152.0630,1.1950,0.3104,16.6685,16.6539,15.4427,0.0013,-1.0000
16.6676,1.0000,152.0797,1.2872,0.3454,16.6626,16.6574,15.5442,0.0010,-1.0000
16.6667,1.0000,152.0968,1.2354,0.2795,16.6637,16.6615,15.3138,0.0013,-1.0000
16.6647,1.0000,152.1129,1.1140,0.3287,16.6764,16.6479,14.7053,0.0016,-1.0000
16.6677,1.0000,152.1297,1.2098,0.2830,16.6635,16.6661,15.7141,0.0011,-1.0000
16.6689,1.0000,152.1464,1.1121,0.3642,16.6663,16.6638,15.4126,0.0008,-1.0000
16.6650,1.0000,152.1630,1.3462,0.3383,16.6706,16.6531,15.4592,0.0009,-1.0000
16.6673,1.0000,152.1797,1.9412,0.2690,16.6552,16.6593,15.4875,0.0012,-1.0000
16.6668,1.0000,152.1963,0.9507,0.3271,16.6736,16.6593,15.3112,0.0014,-1.0000
16.6660,1.0000,152.2129,1.2504,0.2641,16.6716,16.6552,15.4635,0.0011,-1.0000
16.6678,1.0000,152.2298,1.1928,0.3090,16.6620,16.6605,15.4702,0.0010,-1.0000
16.6670,1.0000,152.2463,1.1707,0.2874,16.6679,16.6595,15.2627,0.0013,-1.0000
16.6648,1.0000,152.2630,1.3468,0.3494,16.6677,16.6449,15.5474,0.0011,-1.0000
16.6685,1.0000,152.2797,1.1904,0.3398,16.6644,16.6706,15.5583,0.0012,-1.0000
16.6664,1.0000,152.2963,1.1891,0.3120,16.6701,16.6541,15.3838,0.0010,-1.0000
16.6654,1.0000,152.3129,1.3952,0.2873,16.6696,16.6519,15.4757,0.0010,-1.0000
16.6678,1.0000,152.3297,1.0962,0.3394,16.6532,16.6642,15.6001,0.0011,-1.0000
16.6675,1.0000,152.3463,1.1108,0.3239,16.6794,16.6615,15.4507,0.0010,-1.0000
16.6649,1.0000,152.3630,1.2692,0.2998,16.6631,16.6500,15.4780,0.0013,-1.0000
16.6679,1.0000,152.3798,1.1752,0.2944,16.6604,16.6676,15.5328,0.0011,-1.0000
16.6670,1.0000,152.3963,1.0630,0.2982,16.6720,16.6533,15.2497,0.0010,-1.0000
16.6662,1.0000,152.4129,1.2095,0.2961,16.6703,16.6567,15.4109,0.0012,-1.0000
16.6687,1.0000,152.4298,1.1705,0.3671,16.6586,16.6670,15.5808,0.0012,-1.0000
16.6654,1.0000,152.4463,1.1334,0.3494,16.6775,16.6443,15.1704,0.0011,-1.0000
16.6657,1.0000,152.4630,1.4024,0.2735,16.6622,16.6541,15.5194,0.0012,-1.0000
16.6708,1.0000,152.4798,1.2444,0.2884,16.6651,16.6729,15.5133,0.0012,-1.0000
16.6644,1.0000,152.4963,1.0845,0.3666,16.6792,16.6448,15.1590,0.0012,-1.0000
16.6664,1.0000,152.5129,1.4725,0.2970,16.6544,16.6572,15.3813,0.0011,-1.0000
16.6670,1.0000,152.5298,1.1333,0.2787,16.6628,16.6631,15.4409,0.0013,-1.0000
16.6662,1.0000,152.5464,1.1579,0.3046,16.6837,16.6523,15.3660,0.0011,-1.0000
16.6660,1.0000,152.5630,1.4845,0.3065,16.6551,16.6520,15.4238,0.0013,-1.0000
16.6695,1.0000,152.5797,1.2745,0.3496,16.6657,16.6662,15.5747,0.0012,-1.0000
16.6646,1.0000,152.5963,1.2208,0.3547,16.6735,16.6502,15.4011,0.0011,-1.0000
16.6668,1.0000,152.6129,1.2853,0.3036,16.6627,16.6616,15.4506,0.0012,-1.0000
16.6678,1.0000,152.6297,1.2268,0.2856,16.6604,16.6586,15.5171,0.0010,-1.0000
16.6648,1.0000,152.6463,1.0902,0.2935,16.6763,16.6504,14.8503,0.0018,-1.0000
16.6683,1.0000,152.6630,1.2479,0.2961,16.6593,16.6630,15.5878,0.0013,-1.0000
16.6685,1.0000,152.6798,1.2098,0.3236,16.6707,16.6660,15.4497,0.0015,-1.0000
16.6630,1.0000,152.6963,1.1403,0.4716,16.6673,16.6433,15.1715,0.0012,-1.0000
16.6678,1.0000,152.7129,1.7982,0.3022,16.6592,16.6634,15.5442,0.0012,-1.0000
16.6690,1.0000,152.7297,1.0739,0.2992,16.6706,16.6669,15.5763,0.0008,-1.0000
16.6644,1.0000,152.7463,1.2146,0.3181,16.6761,16.6427,15.3460,0.0013,-1.0000
16.6685,1.0000,152.7630,1.4705,0.2750,16.6528,16.6668,15.4841,0.0014,-1.0000
16.6679,1.0000,152.7797,1.1179,0.3014,16.6708,16.6596,15.3462,0.0014,-1.0000
16.6620,1.0000,152.7963,1.0896,0.3447,16.6779,16.6405,15.4700,0.0011,-1.0000
16.6670,1.0000,152.8128,1.2956,0.2636,16.6518,16.6604,15.6842,0.0011,-1.0000
16.6705,1.0000,152.8297,1.1811,0.3073,16.6747,16.6725,15.7794,0.0007,-1.0000
16.6657,1.0000,152.8463,1.3118,0.2762,16.6697,16.6569,15.3044,0.0013,-1.0000
16.6667,1.0000,152.8630,1.1696,0.2704,16.6500,16.6598,15.4728,0.0013,-1.0000
16.6689,1.0000,152.8797,0.9749,0.3185,16.6664,16.6570,15.4748,0.0010,-1.0000
16.6649,1.0000,152.8963,0.8923,0.3505,16.6794,16.6509,15.4552,0.0013,-1.0000
16.6652,1.0000,152.9129,1.3510,0.2827,16.6662,16.6540,15.5171,0.0011,-1.0000
16.6694,1.0000,152.9297,1.1856,0.2799,16.6701,16.6674,15.6012,0.0008,-1.0000
16.6659,1.0000,152.9463,1.1813,0.3396,16.6684,16.6561,15.1205,0.0012,-1.0000
16.6665,1.0000,152.9630,1.1944,0.2834,16.6608,16.6581,15.5312,0.0011,-1.0000
16.7285,1.0000,152.9800,1.1357,0.2705,16.6614,16.7281,15.5822,0.0012,-1.0000
16.6643,1.0000,152.9964,1.0655,0.5855,16.6750,16.6409,15.0099,0.0015,-1.0000
16.6659,1.0000,153.0130,1.5345,0.3157,16.6640,16.6596,15.5299,0.0011,-1.0000
16.6706,1.0000,153.0298,1.1258,0.3578,16.6658,16.6672,15.3547,0.0010,-1.0000
16.6638,1.0000,153.0464,1.1445,0.3348,16.7397,16.6489,15.3140,0.0012,-1.0000
16.6695,1.0000,153.0632,1.6293,0.2586,16.6500,16.6706,15.5631,0.0011,-1.0000
16.6656,1.0000,153.0797,1.1285,0.3323,16.6678,16.6428,15.1706,0.0012,-1.0000
16.6652,1.0000,153.0964,1.3115,0.2981,16.6774,16.6513,15.5573,0.0012,-1.0000
16.6673,1.0000,153.1130,1.3335,0.3233,16.6595,16.6667,15.4387,0.0011,-1.0000
16.6674,1.0000,153.1297,1.1062,0.3579,16.6823,16.6558,15.4954,0.0012,-1.0000
16.6660,1.0000,153.1469,1.4709,0.2811,16.6526,16.6531,15.5260,0.0010,-1.0000
16.6678,1.0000,153.1631,1.0926,0.2981,16.6602,16.7546,14.0839,0.0012,-1.0000
16.6657,1.0000,153.1797,1.2264,0.2904,16.6755,16.5663,15.3154,0.0013,-1.0000
16.6666,1.0000,153.1964,1.1588,0.2839,16.6654,16.6568,15.4138,0.0011,-1.0000
16.6674,1.0000,153.2129,1.1258,0.2862,16.6619,16.6610,15.5193,0.0011,-1.0000
16.6664,1.0000,153.2297,2.6697,0.3802,16.7633,16.6544,15.4483,0.0010,-1.0000
16.6660,1.0000,153.2463,1.2495,0.3278,16.5748,16.6542,15.5220,0.0013,-1.0000
16.6677,1.0000,153.2630,1.2423,0.2869,16.6656,16.6688,15.6160,0.0013,-1.0000
16.6667,1.0000,153.2797,1.1404,0.3014,16.6709,16.6531,15.2758,0.0012,-1.0000
16.6662,1.0000,153.2963,1.2052,0.2784,16.6632,16.6561,15.4758,0.0012,-1.0000
16.6702,1.0000,153.3129,1.1309,0.2568,16.6620,16.6636,15.5537,0.0011,-1.0000
16.6639,1.0000,153.3297,1.0515,0.3511,16.6776,16.6516,15.3423,0.0010,-1.0000
16.6657,1.0000,153.3463,1.3759,0.3204,16.6620,16.6488,15.5487,0.0014,-1.0000
16.6701,1.0000,153.3631,1.1786,0.2756,16.6656,16.6751,15.5897,0.0011,-1.0000
16.6647,1.0000,153.3797,1.1090,0.3885,16.6741,16.6463,15.0154,0.0013,-1.0000
16.6661,1.0000,153.3963,1.3082,0.2975,16.6612,16.6529,15.4500,0.0011,-1.0000
16.6675,1.0000,153.4130,1.0987,0.2848,16.6569,16.6633,15.6200,0.0008,-1.0000
16.6664,1.0000,153.4299,1.0842,0.2950,16.6860,16.6559,15.3535,0.0012,-1.0000
16.6654,1.0000,153.4464,1.6296,0.3030,16.6578,16.6525,15.1470,0.0013,-1.0000
16.6680,1.0000,153.4631,1.2017,0.3277,16.6604,16.6647,15.4583,0.0010,-1.0000
16.6668,1.0000,153.4797,1.0423,0.2852,16.6726,16.6569,15.3393,0.0012,-1.0000
16.6664,1.0000,153.4964,1.3013,0.3653,16.6647,16.6591,15.5323,0.0011,-1.0000
16.6681,1.0000,153.5135,1.5040,0.2756,16.6607,16.6881,15.3380,0.0015,-1.0000
16.6651,1.0000,153.5297,1.2054,0.2954,16.6723,16.6258,14.5476,0.0016,-1.0000
16.6677,1.0000,153.5464,1.3165,0.2885,16.6652,16.6655,15.4789,0.0012,-1.0000
16.6679,1.0000,153.5631,1.1256,0.3137,16.6672,16.6598,15.3970,0.0012,-1.0000
16.6657,1.0000,153.5797,1.3481,0.3463,16.6972,16.6505,15.3173,0.0010,-1.0000
16.6670,1.0000,153.5964,2.0764,0.2883,16.6341,16.6619,15.5117,0.0011,-1.0000
16.6675,1.0000,153.6130,1.1853,0.3558,16.6733,16.6574,15.4131,0.0011,-1.0000
16.6659,1.0000,153.6298,1.2614,0.3228,16.6696,16.6538,15.3808,0.0012,-1.0000
16.6672,1.0000,153.6464,1.3320,0.2931,16.6596,16.6559,15.4492,0.0012,-1.0000
16.6671,1.0000,153.6631,1.1490,0.2856,16.6714,16.6604,15.3005,0.0013,-1.0000
16.6646,1.0000,153.6797,1.2429,0.3546,16.6691,16.6519,15.2797,0.0010,-1.0000
16.6666,1.0000,153.6964,1.2716,0.2910,16.6636,16.6593,15.4492,0.0013,-1.0000
16.6680,1.0000,153.7130,1.2049,0.2885,16.6642,16.6633,15.2857,0.0008,-1.0000
16.6657,1.0000,153.7297,1.3584,0.3694,16.6703,16.6511,15.6240,0.0010,-1.0000
16.6689,1.0000,153.7465,1.3711,0.2938,16.6605,16.6734,15.5435,0.0010,-1.0000
16.6658,1.0000,153.7631,1.2084,0.3273,16.6665,16.6469,15.3787,0.0010,-1.0000
16.6654,1.0000,153.7797,1.3770,0.2899,16.6718,16.6543,15.4390,0.0011,-1.0000
16.6673,1.0000,153.7964,1.0263,0.3183,16.6586,16.6608,15.5393,0.0011,-1.0000
16.6676,1.0000,153.8130,1.1287,0.3264,16.6834,16.6578,15.3290,0.0010,-1.0000
16.6664,1.0000,153.8298,1.2670,0.3280,16.6574,16.6595,15.5560,0.0012,-1.0000
16.6685,1.0000,153.8465,1.2141,0.2943,16.6636,16.6623,15.4031,0.0012,-1.0000
16.6656,1.0000,153.8631,1.1204,0.3117,16.6691,16.6519,15.2627,0.0012,-1.0000
16.6665,1.0000,153.8797,1.3276,0.2870,16.6652,16.6559,15.4199,0.0011,-1.0000
16.6672,1.0000,153.8965,1.1024,0.3588,16.6686,16.6615,15.4458,0.0012,-1.0000
16.6662,1.0000,153.9129,1.2575,0.3328,16.6724,16.6539,15.1428,0.0011,-1.0000
16.6658,1.0000,153.9297,1.3875,0.3398,16.6623,16.6513,15.5749,0.0012,-1.0000
16.6692,1.0000,153.9464,1.2346,0.3219,16.6645,16.6725,15.5526,0.0013,-1.0000
16.6661,1.0000,153.9632,1.2143,0.3844,16.6710,16.8199,15.2509,0.0012,-1.0000
16.6663,1.0000,153.9797,1.5100,0.2997,16.6630,16.4875,15.3822,0.0011,-1.0000
16.6684,1.0000,153.9965,1.0751,0.2712,16.6585,16.6660,15.3400,0.0010,-1.0000
16.6649,1.0000,154.0130,1.1186,0.3398,16.6817,16.6486,15.2265,0.0011,-1.0000
16.6650,1.0000,154.0297,1.5678,0.3146,16.8299,16.6558,15.4822,0.0013,-1.0000
16.6696,1.0000,154.0464,1.1043,0.4120,16.4961,16.6651,15.5822,0.0010,-1.0000
16.6665,1.0000,154.0631,1.3251,0.2963,16.6761,16.6572,15.3784,0.0018,-1.0000
16.6659,1.0000,154.0797,1.4210,0.2829,16.6579,16.6538,15.3883,0.0011,-1.0000
16.6677,1.0000,154.0965,1.1721,0.3101,16.6635,16.6626,15.5196,0.0010,-1.0000
16.6666,1.0000,154.1130,1.0818,0.3387,16.6730,16.6542,15.2663,0.0011,-1.0000
16.6643,1.0000,154.1297,1.2769,0.3506,16.6670,16.6517,15.5591,0.0012,-1.0000
16.6693,1.0000,154.1465,1.2643,0.3308,16.6625,16.6710,15.5451,0.0007,-1.0000
16.6664,1.0000,154.1631,1.1414,0.3317,16.6725,16.6489,14.8996,0.0015,-1.0000
16.6663,1.0000,154.1798,1.3869,0.2715,16.6630,16.6587,15.5423,0.0012,-1.0000
16.6692,1.0000,154.1965,1.0914,0.2771,16.6597,16.6707,15.4142,0.0010,-1.0000
16.6627,1.0000,154.2129,1.1249,0.3819,16.6798,16.6341,15.3267,0.0013,-1.0000
16.6673,1.0000,154.2298,1.7477,0.2840,16.6593,16.6647,15.7287,0.0009,-1.0000
16.6679,1.0000,154.2464,1.1148,0.2808,16.6666,16.6598,15.2783,0.0019,-1.0000
16.6668,1.0000,154.2631,1.2556,0.3379,16.6838,16.6565,15.4921,0.0014,-1.0000
16.6672,1.0000,154.2798,1.3059,0.3081,16.6435,16.6643,15.3419,0.0012,-1.0000
16.6667,1.0000,154.2964,0.9350,0.2950,16.6727,16.6497,15.2311,0.0012,-1.0000
16.6659,1.0000,154.3130,1.3792,0.3788,16.6677,16.6512,15.4581,0.0013,-1.0000
16.6685,1.0000,154.3298,1.1626,0.2852,16.6665,16.6662,15.5677,0.0011,-1.0000
16.6654,1.0000,154.3464,1.3210,0.3275,16.6779,16.6495,15.4041,0.0011,-1.0000
16.6658,1.0000,154.3631,1.4173,0.3136,16.6609,16.6567,15.4601,0.0016,-1.0000
16.6687,1.0000,154.3798,1.1915,0.2976,16.6598,16.6628,15.3762,0.0011,-1.0000
16.6669,1.0000,154.3964,1.0972,0.3053,16.6765,16.6546,15.4395,0.0017,-1.0000
16.6634,1.0000,154.4129,1.2443,0.2897,16.6593,16.6500,15.5265,0.0013,-1.0000
16.6688,1.0000,154.4298,1.1953,0.3290,16.6658,16.6667,15.6337,0.0009,-1.0000
16.6673,1.0000,154.4464,1.2854,0.2948,16.6734,16.6608,15.0777,0.0011,-1.0000
16.6650,1.0000,154.4630,1.2128,0.2847,16.6636,16.6478,15.5079,0.0012,-1.0000
16.6673,1.0000,154.4803,1.1219,0.3166,16.6579,17.0915,15.5120,0.0013,-1.0000
16.6678,1.0000,154.4964,1.0319,0.3492,16.6741,16.2292,14.7996,0.0010,-1.0000
16.6658,1.0000,154.5130,1.5821,0.2803,16.6701,16.6536,15.4559,0.0011,-1.0000
16.6683,1.0000,154.5298,1.1388,0.3227,16.6558,16.6725,15.6304,0.0012,-1.0000
16.6664,1.0000,154.5464,1.5785,0.5620,17.1025,16.6483,15.4083,0.0011,-1.0000
16.6643,1.0000,154.5631,1.4284,0.3392,16.2384,16.6485,15.5384,0.0014,-1.0000
16.6685,1.0000,154.5798,1.1964,0.2706,16.6613,16.6687,15.5118,0.0013,-1.0000
16.6678,1.0000,154.5964,1.0407,0.3434,16.6817,16.6586,15.2904,0.0011,-1.0000
16.6653,1.0000,154.6129,1.2390,0.3044,16.6580,16.6511,15.3931,0.0012,-1.0000
16.6687,1.0000,154.6298,1.1086,0.3466,16.6562,16.6691,15.6170,0.0015,-1.0000
16.6653,1.0000,154.6465,1.1554,0.3448,16.6776,16.7226,15.4274,0.0011,-1.0000
16.6646,1.0000,154.6630,1.3669,0.3038,16.6676,16.5788,15.3528,0.0012,-1.0000
16.6683,1.0000,154.6798,1.2567,0.2679,16.6599,16.6660,15.5819,0.0010,-1.0000
16.6683,1.0000,154.6964,1.0506,0.3148,16.6789,16.6591,15.3305,0.0011,-1.0000
16.6653,1.0000,154.7130,1.2943,0.2756,16.7330,16.6526,15.4746,0.0015,-1.0000
16.6680,1.0000,154.7298,1.2252,0.3231,16.5863,16.6632,15.6369,0.0009,-1.0000
16.6666,1.0000,154.7464,1.0828,0.3317,16.6752,16.6554,15.3308,0.0013,-1.0000
16.6647,1.0000,154.7631,1.3275,0.3030,16.6676,16.6511,15.4732,0.0012,-1.0000
16.6686,1.0000,154.7798,1.1764,0.2568,16.6615,16.6692,15.5329,0.0011,-1.0000
16.6665,1.0000,154.7964,1.0249,0.3170,16.6729,16.6502,15.1202,0.0013,-1.0000
16.6669,1.0000,154.8130,1.3231,0.2699,16.6648,16.6592,15.4672,0.0011,-1.0000
16.6685,1.0000,154.8298,1.1765,0.2602,16.6590,16.6641,15.6470,0.0010,-1.0000
16.6663,1.0000,154.8464,1.1350,0.3304,16.6794,16.6534,15.5000,0.0011,-1.0000
16.6644,1.0000,154.8631,1.5283,0.3298,16.6600,16.6466,15.4909,0.0013,-1.0000
16.6687,1.0000,154.8797,1.1907,0.2651,16.6681,16.6671,15.6417,0.0011,-1.0000
16.6659,1.0000,154.8964,1.0162,0.3280,16.6749,16.6550,15.4829,0.0011,-1.0000
16.6662,1.0000,154.9130,1.1520,0.2955,16.6649,16.6567,15.6103,0.0011,-1.0000
16.6673,1.0000,154.9298,1.1541,0.2550,16.6545,16.6602,15.6037,0.0009,-1.0000
16.6672,1.0000,154.9464,1.0241,0.3283,16.6751,16.6506,15.3451,0.0013,-1.0000
16.6680,1.0000,154.9631,1.1707,0.2750,16.6643,16.6629,15.4902,0.0011,-1.0000
16.6665,1.0000,154.9798,1.0451,0.3000,16.6653,16.6528,15.4803,0.0013,-1.0000
16.6650,1.0000,154.9964,1.0555,0.2876,16.6751,16.6431,15.1767,0.0012,-1.0000
16.6651,1.0000,155.0130,1.3040,0.2602,16.6602,16.6537,15.5434,0.0014,-1.0000
16.6700,1.0000,155.0298,1.1714,0.3041,16.6738,16.6710,15.3994,0.0010,-1.0000
16.6660,1.0000,155.0464,1.1710,0.2749,16.6688,16.6500,15.2671,0.0011,-1.0000
16.6676,1.0000,155.0631,1.4652,0.2734,16.6547,16.6596,15.5044,0.0014,-1.0000
16.6675,1.0000,155.0797,1.1091,0.2721,16.6617,16.6629,15.3595,0.0013,-1.0000
16.6635,1.0000,155.0964,1.2703,0.4728,16.6803,16.6426,15.3953,0.0014,-1.0000
16.6673,1.0000,155.1130,1.3814,0.3316,16.6592,16.6660,15.6011,0.0012,-1.0000
16.6695,1.0000,155.1297,1.1536,0.3613,16.6694,16.6626,15.4989,0.0013,-1.0000
16.6650,1.0000,155.1463,1.3016,0.2599,16.6732,16.6507,15.5523,0.0011,-1.0000
16.6671,1.0000,155.1630,1.2458,0.2611,16.6507,16.6640,15.6007,0.0012,-1.0000
16.6675,1.0000,155.1797,1.0636,0.2721,16.6746,16.6644,15.3454,0.0011,-1.0000
16.6645,1.0000,155.1963,1.1622,0.2718,16.6711,16.6427,15.4555,0.0013,-1.0000
16.6665,1.0000,155.2130,1.0968,0.2478,16.6585,16.6623,15.6196,0.0010,-1.0000
16.6694,1.0000,155.2297,1.0618,0.3162,16.6717,16.6644,15.5104,0.0007,-1.0000
16.6650,1.0000,155.2464,1.3177,0.2679,16.6750,16.6505,15.5748,0.0011,-1.0000
16.6679,1.0000,155.2631,1.1858,0.2972,16.6517,16.6637,15.5273,0.0011,-1.0000
16.6669,1.0000,155.2798,1.0415,0.2919,16.6706,16.6601,15.3755,0.0013,-1.0000
16.6660,1.0000,155.2964,1.1534,0.2668,16.6730,16.6513,15.3853,0.0011,-1.0000
16.6677,1.0000,155.3130,1.0744,0.2654,16.6596,16.6620,15.5486,0.0011,-1.0000
16.6669,1.0000,155.3297,1.1350,0.2813,16.6723,16.6489,15.1499,0.0014,-1.0000
16.6647,1.0000,155.3464,1.2833,0.3335,16.6713,16.6548,15.5318,0.0011,-1.0000
16.6689,1.0000,155.3634,1.2648,0.3076,16.6606,17.0316,15.5458,0.0009,-1.0000
16.6659,1.0000,155.3797,1.1119,0.4046,16.6741,16.2858,15.0438,0.0010,-1.0000
16.6656,1.0000,155.3963,1.4973,0.2719,16.6591,16.6530,15.5368,0.0014,-1.0000
16.6686,1.0000,155.4130,1.1221,0.3093,16.6628,16.6646,15.6040,0.0011,-1.0000
16.6662,1.0000,155.4297,1.4851,0.3254,17.0423,16.6567,15.5686,0.0009,-1.0000
16.6653,1.0000,155.4464,1.2410,0.2632,16.2958,16.6544,15.4606,0.0011,-1.0000
16.6680,1.0000,155.4631,1.1149,0.2958,16.6618,16.6646,15.6400,0.0008,-1.0000
16.6669,1.0000,155.4797,1.0594,0.3352,16.6730,16.6529,15.4180,0.0011,-1.0000
16.6667,1.0000,155.4964,1.0871,0.3481,16.6650,16.6559,15.6017,0.0012,-1.0000
16.6677,1.0000,155.5130,1.1924,0.2507,16.6624,16.6637,15.5417,0.0011,-1.0000
16.6656,1.0000,155.5297,1.0236,0.3135,16.6746,16.6508,15.3220,0.0009,-1.0000
16.6655,1.0000,155.5464,1.2334,0.2490,16.6625,16.6576,15.5883,0.0010,-1.0000
16.6702,1.0000,155.5631,1.0528,0.3585,16.6647,16.6675,15.4966,0.0010,-1.0000
16.6638,1.0000,155.5797,1.1207,0.3250,16.6749,16.6442,15.5098,0.0012,-1.0000
16.6676,1.0000,155.5964,1.3279,0.2775,16.6596,16.6652,15.5684,0.0011,-1.0000
16.6670,1.0000,155.6129,1.0684,0.2509,16.6653,16.6557,14.6081,0.0013,-1.0000
16.6660,1.0000,155.6297,1.1697,0.3052,16.6774,16.6556,15.6816,0.0011,-1.0000
16.6662,1.0000,155.6463,1.1331,0.2853,16.6541,16.6569,15.5865,0.0013,-1.0000
16.6688,1.0000,155.6631,1.0957,0.3467,16.6748,16.6680,15.6085,0.0010,-1.0000
16.6643,1.0000,155.6797,2.0464,0.2666,16.6642,16.6451,15.5214,0.0011,-1.0000
16.6692,1.0000,155.6964,0.9725,0.3057,16.6637,16.6855,15.5558,0.0013,-1.0000
16.6670,1.0000,155.7130,1.0688,0.2516,16.6643,16.6397,15.1808,0.0013,-1.0000
16.6634,1.0000,155.7297,1.0583,0.2693,16.6767,16.6503,15.6458,0.0010,-1.0000
16.6705,1.0000,155.7465,1.1225,0.3261,16.6539,16.6717,15.6404,0.0008,-1.0000
16.6660,1.0000,155.7631,1.1283,0.3140,16.6949,16.6511,15.3485,0.0014,-1.0000
16.6641,1.0000,155.7797,1.4576,0.2641,16.6490,16.6469,15.4651,0.0013,-1.0000
16.7166,1.0000,155.7966,1.0034,0.3290,16.6581,16.7237,15.7047,0.0010,-1.0000
16.6661,1.0000,155.8130,1.0304,0.3025,16.6801,16.6464,15.3919,0.0009,-1.0000
16.6655,1.0000,155.8298,1.3014,0.2737,16.6615,16.6538,15.5536,0.0013,-1.0000
16.6679,1.0000,155.8466,1.1805,0.2454,16.6557,16.6640,15.5413,0.0010,-1.0000
16.6670,1.0000,155.8631,1.0181,0.2912,16.7350,16.6573,15.2208,0.0013,-1.0000
16.6658,1.0000,155.8798,1.2537,0.3254,16.6548,16.6548,15.5232,0.0011,-1.0000
16.6672,1.0000,155.8964,1.0988,0.2754,16.6623,16.6637,15.5561,0.0011,-1.0000
16.6674,1.0000,155.9130,1.1214,0.2927,16.6712,16.6591,15.4843,0.0010,-1.0000
16.6662,1.0000,155.9298,1.4353,0.2936,16.6662,16.6512,15.3434,0.0016,-1.0000
16.6669,1.0000,155.9465,1.1307,0.2978,16.6629,16.6631,15.5134,0.0013,-1.0000
16.6667,1.0000,155.9631,1.1066,0.2695,16.6725,16.6660,14.7292,0.0010,-1.0000
16.6663,1.0000,155.9798,1.1736,0.3098,16.6680,16.6483,15.4673,0.0012,-1.0000
16.6677,1.0000,155.9965,1.3065,0.2646,16.6597,16.6636,15.5358,0.0013,-1.0000
16.6665,1.0000,156.0130,1.1481,0.3710,16.6708,16.6499,14.6929,0.0012,-1.0000
16.6655,1.0000,156.0298,1.9356,0.3349,16.6761,16.6549,15.4846,0.0014,-1.0000
16.6691,1.0000,156.0466,1.1798,0.2916,16.6571,16.6685,15.5035,0.0008,-1.0000
16.6656,1.0000,156.0631,1.1264,0.3314,16.6751,16.6492,15.2162,0.0013,-1.0000
16.6665,1.0000,156.0798,1.9558,0.2896,16.6593,16.6589,15.5179,0.0009,-1.0000
16.6672,1.0000,156.0965,1.1687,0.3005,16.6636,16.6581,15.4946,0.0012,-1.0000
16.6670,1.0000,156.1131,1.1638,0.3252,16.6791,16.6587,15.3153,0.0015,-1.0000
16.6644,1.0000,156.1297,1.4315,0.3157,16.6586,16.6486,15.5367,0.0010,-1.0000
16.6683,1.0000,156.1465,1.1399,0.3121,16.6672,16.6671,15.5776,0.0010,-1.0000
16.6667,1.0000,156.1631,1.1624,0.2643,16.6676,16.6556,15.3690,0.0011,-1.0000
16.6660,1.0000,156.1798,1.3417,0.2547,16.6669,16.6602,15.4336,0.0011,-1.0000
16.6677,1.0000,156.1965,1.1110,0.3142,16.6561,16.6583,15.4823,0.0013,-1.0000
16.6662,1.0000,156.2130,1.0884,0.3803,16.6757,16.6583,15.4291,0.0013,-1.0000
16.6654,1.0000,156.2298,1.2855,0.3182,16.6644,16.6531,15.5660,0.0012,-1.0000
16.6720,1.0000,156.2465,1.2254,0.3296,16.6685,16.6745,15.4283,0.0012,-1.0000
16.6635,1.0000,156.2632,1.1746,0.3591,16.6660,16.6559,15.3013,0.0009,-1.0000
16.6670,1.0000,156.2798,1.2278,0.3142,16.6665,16.6500,15.3557,0.0011,-1.0000
16.6692,1.0000,156.2966,1.0857,0.2535,16.6600,16.6662,15.4259,0.0010,-1.0000
16.6618,1.0000,156.3130,1.2448,0.2987,16.6843,16.6411,15.0918,0.0015,-1.0000
16.6683,1.0000,156.3298,1.3537,0.2924,16.6658,16.6647,15.7663,0.0011,-1.0000
16.6747,1.0000,156.3468,1.2933,0.2929,16.6589,16.6751,15.4686,0.0011,-1.0000
16.6644,1.0000,156.3631,1.2392,0.3177,16.6765,16.6432,14.9018,0.0013,-1.0000
16.6678,1.0000,156.3798,1.5478,0.3080,16.6490,16.6653,15.5227,0.0016,-1.0000
16.6675,1.0000,156.3966,0.8970,0.2978,16.6715,16.6585,15.2064,0.0013,-1.0000
16.6654,1.0000,156.4131,1.2052,0.3105,16.6851,16.6478,15.1856,0.0011,-1.0000
16.6659,1.0000,156.4299,1.7400,0.3464,16.6522,16.6636,15.5676,0.0012,-1.0000
16.6683,1.0000,156.4465,1.1408,0.3735,16.6746,16.6556,15.1486,0.0011,-1.0000
16.6637,1.0000,156.4631,1.4506,0.4699,16.6700,16.6467,15.5283,0.0011,-1.0000
16.6685,1.0000,156.4798,1.4610,0.2794,16.6575,16.6691,15.6183,0.0008,-1.0000
16.6682,1.0000,156.4965,1.0949,0.3547,16.6726,16.6633,14.4385,0.0011,-1.0000
16.6658,1.0000,156.5131,1.5059,0.2731,16.6640,16.6538,15.4420,0.0012,-1.0000
16.6670,1.0000,156.5298,1.1173,0.2605,16.6548,16.6592,15.4297,0.0013,-1.0000
16.6673,1.0000,156.5465,1.0502,0.4041,16.6763,16.6584,14.9566,0.0012,-1.0000
