frame_ms,focused,elapsed,CPU Main Thread Frame Time,CPU Render Thread Frame Time,CPU Total Frame Time,PlayerLoop,WaitForTargetFPS,Gfx.WaitForPresentOnGfxThread,Gfx.WaitForGfxCommandsFromMainThread
16.6663,0.0000,394.7185,1.2064,0.2974,16.6666,16.6555,15.2199,0.0012,-1.0000
16.6670,0.0000,394.7351,1.1747,0.2933,16.6662,16.6580,15.4258,0.0012,-1.0000
16.6673,0.0000,394.7519,1.3520,0.3805,16.6657,16.6582,15.4295,0.0011,-1.0000
16.6670,0.0000,394.7686,1.2527,0.2980,16.6700,16.6589,15.3839,0.0011,-1.0000
16.6656,0.0000,394.7852,1.4344,0.3023,16.6644,16.6519,15.3687,0.0013,-1.0000
16.6654,0.0000,394.8018,1.2309,0.3618,16.6671,16.6543,15.4212,0.0011,-1.0000
16.6687,0.0000,394.8185,1.2275,0.3317,16.6678,16.6681,15.6062,0.0010,-1.0000
16.6656,0.0000,394.8351,1.2738,0.3775,16.6701,16.6517,15.4531,0.0012,-1.0000
16.6660,0.0000,394.8518,1.2816,0.3555,16.6605,16.6680,15.5794,0.0011,-1.0000
16.6681,0.0000,394.8685,1.2320,0.3330,16.6605,16.6552,15.5069,0.0010,-1.0000
16.6663,0.0000,394.8852,1.0606,0.4094,16.6761,16.6580,15.4531,0.0010,-1.0000
16.6669,0.0000,394.9018,1.1971,0.2994,16.6592,16.6644,15.4637,0.0011,-1.0000
16.6672,0.0000,394.9186,1.0874,0.3030,16.6741,16.6559,15.4911,0.0014,-1.0000
16.6658,0.0000,394.9351,1.1473,0.3657,16.6628,16.6576,15.3158,0.0012,-1.0000
16.6668,0.0000,394.9518,1.2037,0.3180,16.6653,16.6593,15.6215,0.0010,-1.0000
16.6664,0.0000,394.9685,1.1996,0.2950,16.6709,16.6583,15.4540,0.0012,-1.0000
16.6673,0.0000,394.9851,1.1635,0.3525,16.6635,16.6613,15.5203,0.0009,-1.0000
16.6670,0.0000,395.0020,1.3408,0.2973,16.6657,16.6576,15.5108,0.0011,-1.0000
16.6665,0.0000,395.0185,1.0368,0.3287,16.6675,16.6613,15.2932,0.0013,-1.0000
16.6664,0.0000,395.0350,1.2030,0.2899,16.6652,16.6594,15.5210,0.0011,-1.0000
16.6669,0.0000,395.0518,1.1397,0.2983,16.6683,16.6583,15.5895,0.0011,-1.0000
16.6671,0.0000,395.0685,1.1457,0.3807,16.6648,16.6624,15.4833,0.0010,-1.0000
16.6668,0.0000,395.0851,1.3669,0.2946,16.6682,16.6567,15.4887,0.0012,-1.0000
16.6649,0.0000,395.1017,1.1372,0.2924,16.6670,16.6555,15.4800,0.0010,-1.0000
16.6689,0.0000,395.1185,1.0677,0.2815,16.6653,16.6661,15.6498,0.0012,-1.0000
16.6675,0.0000,395.1350,1.1781,0.3255,16.6685,16.6628,15.4892,0.0013,-1.0000
16.6656,0.0000,395.1518,1.1668,0.3052,16.6648,16.6568,15.5964,0.0010,-1.0000
16.6682,0.0000,395.1685,1.1746,0.2757,16.6618,16.6617,15.5112,0.0010,-1.0000
16.6652,0.0000,395.1852,1.0152,0.2927,16.6723,16.6565,15.4094,0.0016,-1.0000
16.6676,0.0000,395.2019,1.1720,0.3156,16.6699,16.6594,15.5465,0.0014,-1.0000
16.6660,0.0000,395.2185,1.0593,0.3491,16.6645,16.6589,15.4075,0.0012,-1.0000
16.6679,0.0000,395.2350,1.1494,0.2814,16.6697,16.6614,15.5577,0.0011,-1.0000
16.6672,0.0000,395.2518,1.2454,0.2768,16.6643,16.6618,15.6344,0.0009,-1.0000
16.6660,0.0000,395.2685,1.1114,0.2854,16.6666,16.6579,15.4278,0.0011,-1.0000
16.6675,0.0000,395.2852,1.2501,0.2867,16.6660,16.6612,15.4674,0.0010,-1.0000
16.6670,0.0000,395.3019,1.1025,0.2774,16.6686,16.6577,15.4420,0.0015,-1.0000
16.6652,0.0000,395.3185,1.0262,0.2895,16.6692,16.6562,15.4108,0.0014,-1.0000
16.6684,0.0000,395.3351,1.2290,0.2944,16.6652,16.6626,15.5234,0.0013,-1.0000
16.6671,0.0000,395.3519,1.1926,0.2913,16.6687,16.6622,15.3778,0.0012,-1.0000
16.6665,0.0000,395.3686,1.2144,0.3246,16.6660,16.6523,15.1814,0.0012,-1.0000
16.6678,0.0000,395.3853,1.2440,0.2869,16.6630,16.6626,15.1975,0.0017,-1.0000
16.6656,0.0000,395.4019,1.1377,0.3294,16.6703,16.6523,15.0652,0.0014,-1.0000
16.6678,0.0000,395.4186,1.2831,0.3473,16.6722,16.6645,15.1662,0.0014,-1.0000
16.6652,0.0000,395.4351,1.4700,0.3192,16.6614,16.6491,15.2393,0.0012,-1.0000
16.6682,0.0000,395.4519,1.4631,0.3889,16.6718,16.6628,15.5211,0.0011,-1.0000
16.6647,0.0000,395.4685,1.5855,0.3436,16.6617,16.6523,15.3645,0.0009,-1.0000
16.6660,0.0000,395.4851,1.4966,0.3062,16.6737,16.6573,15.4249,0.0009,-1.0000
16.6672,0.0000,395.5018,1.4083,0.2968,16.6578,16.6623,15.5527,0.0010,-1.0000
16.6658,0.0000,395.5184,1.1403,0.3142,16.6724,16.6575,15.4738,0.0011,-1.0000
16.6665,0.0000,395.5350,1.2867,0.3018,16.6597,16.6602,15.5927,0.0010,-1.0000
16.6672,0.0000,395.5518,1.2314,0.2698,16.6636,16.6625,15.7131,0.0009,-1.0000
16.6681,0.0000,395.5685,1.1084,0.2733,16.6691,16.6655,15.5655,0.0013,-1.0000
16.6666,0.0000,395.5851,1.1827,0.2794,16.6635,16.6579,15.4737,0.0014,-1.0000
16.6659,0.0000,395.6018,1.0666,0.2901,16.6661,16.6594,15.5179,0.0010,-1.0000
16.6681,0.0000,395.6185,0.9484,0.3046,16.6680,16.6650,15.5222,0.0011,-1.0000
16.6646,0.0000,395.6351,1.0987,0.2748,16.6711,16.6512,15.3942,0.0013,-1.0000
16.6686,0.0000,395.6518,1.1825,0.2761,16.6645,16.6648,15.5582,0.0010,-1.0000
16.6672,0.0000,395.6685,1.1406,0.3326,16.6663,16.6610,15.5087,0.0012,-1.0000
16.6646,0.0000,395.6851,1.1418,0.2859,16.6727,16.6526,15.3200,0.0015,-1.0000
16.6679,0.0000,395.7018,1.2557,0.2895,16.6593,16.6646,15.6078,0.0009,-1.0000
16.6663,0.0000,395.7184,1.1056,0.2849,16.6718,16.6584,15.4387,0.0010,-1.0000
16.6671,0.0000,395.7350,1.1511,0.3074,16.6688,16.6594,15.5482,0.0012,-1.0000
16.6672,0.0000,395.7518,1.3311,0.2738,16.6593,16.6636,15.6612,0.0009,-1.0000
16.6671,0.0000,395.7685,1.0559,0.3267,16.6705,16.6605,15.3534,0.0012,-1.0000
16.6686,0.0000,395.7852,1.2187,0.3031,16.6652,16.6662,15.4741,0.0011,-1.0000
16.6651,0.0000,395.8018,1.1101,0.3025,16.6655,16.6475,15.3316,0.0014,-1.0000
16.6663,0.0000,395.8185,1.0014,0.3113,16.6703,16.6592,15.4575,0.0012,-1.0000
16.6685,0.0000,395.8351,1.3059,0.2940,16.6678,16.6616,15.5151,0.0010,-1.0000
16.6659,0.0000,395.8519,1.1911,0.3042,16.6767,16.6590,15.5316,0.0011,-1.0000
16.6664,0.0000,395.8685,1.3145,0.2966,16.6572,16.6575,15.3917,0.0011,-1.0000
16.6665,0.0000,395.8852,1.2006,0.3031,16.6661,16.6570,15.4218,0.0014,-1.0000
16.6667,0.0000,395.9019,1.1452,0.2673,16.6698,16.6572,15.4440,0.0012,-1.0000
16.6677,0.0000,395.9185,1.1264,0.2906,16.6677,16.6656,15.5147,0.0010,-1.0000
16.6672,0.0000,395.9351,1.2646,0.2823,16.6652,16.6570,15.4088,0.0012,-1.0000
16.6666,0.0000,395.9519,1.2337,0.2904,16.6654,16.6585,15.5057,0.0012,-1.0000
16.6657,0.0000,395.9685,1.2120,0.2754,16.6642,16.6559,15.3726,0.0011,-1.0000
16.6668,0.0000,395.9851,1.1498,0.2946,16.6734,16.6588,15.4411,0.0011,-1.0000
16.6676,0.0000,396.0018,1.2465,0.2878,16.6652,16.6639,15.5516,0.0010,-1.0000
16.6669,0.0000,396.0185,1.1514,0.2860,16.6664,16.6607,15.4438,0.0012,-1.0000
16.6665,0.0000,396.0351,1.2819,0.2782,16.6628,16.6566,15.4780,0.0012,-1.0000
16.6663,0.0000,396.0518,1.2165,0.2660,16.6650,16.6594,15.5287,0.0011,-1.0000
16.6669,0.0000,396.0685,1.1112,0.3031,16.6708,16.6610,15.5204,0.0011,-1.0000
16.6665,0.0000,396.0851,1.2155,0.2959,16.6676,16.6569,15.5147,0.0011,-1.0000
16.6678,0.0000,396.1018,1.1771,0.2829,16.6645,16.6646,15.4826,0.0011,-1.0000
16.6665,0.0000,396.1185,1.1296,0.2812,16.6661,16.6577,15.4763,0.0011,-1.0000
16.6667,0.0000,396.1350,1.1394,0.2936,16.6679,16.6574,15.4318,0.0011,-1.0000
16.6672,0.0000,396.1519,1.1410,0.2767,16.6637,16.6618,15.5802,0.0011,-1.0000
16.6667,0.0000,396.1685,1.1807,0.2726,16.6717,16.6578,15.3546,0.0012,-1.0000
16.6660,0.0000,396.1851,1.1802,0.2920,16.6661,16.6573,15.3988,0.0011,-1.0000
16.6673,0.0000,396.2018,1.2247,0.3240,16.6644,16.6614,15.5518,0.0011,-1.0000
16.6668,0.0000,396.2185,1.0804,0.2919,16.6697,16.6608,15.4803,0.0011,-1.0000
16.6674,0.0000,396.2351,1.3019,0.2913,16.6660,16.6624,15.4708,0.0010,-1.0000
16.6669,0.0000,396.2519,1.2574,0.2926,16.6642,16.6547,15.5746,0.0010,-1.0000
16.6667,0.0000,396.2685,1.1082,0.2917,16.6679,16.6624,15.3522,0.0014,-1.0000
16.6669,0.0000,396.2853,1.1793,0.2808,16.6682,16.6576,15.4424,0.0014,-1.0000
16.6671,0.0000,396.3018,1.1904,0.2801,16.6701,16.6584,15.2244,0.0010,-1.0000
16.6661,0.0000,396.3185,1.0791,0.2973,16.6633,16.6549,15.3853,0.0011,-1.0000
16.6670,0.0000,396.3351,1.3086,0.3020,16.6698,16.6628,15.4958,0.0011,-1.0000
16.6657,0.0000,396.3518,1.2136,0.3071,16.6662,16.6566,15.4404,0.0015,-1.0000
16.6687,0.0000,396.3685,1.4328,0.2945,16.6669,16.6638,15.4398,0.0011,-1.0000
16.6663,0.0000,396.3852,1.2685,0.3120,16.6612,16.6578,15.4930,0.0011,-1.0000
16.6663,0.0000,396.4018,1.1658,0.3240,16.6698,16.6594,15.4519,0.0012,-1.0000
16.6667,0.0000,396.4185,1.2148,0.3088,16.6636,16.6610,15.5234,0.0014,-1.0000
16.6656,0.0000,396.4350,1.2226,0.2843,16.6716,16.6543,15.4344,0.0010,-1.0000
16.6674,0.0000,396.4518,1.1638,0.2946,16.6648,16.6607,15.5925,0.0009,-1.0000
16.6666,0.0000,396.4685,1.2066,0.2917,16.6663,16.6622,15.4519,0.0010,-1.0000
16.6678,0.0000,396.4852,1.1363,0.2894,16.6693,16.6616,15.4582,0.0014,-1.0000
16.6661,0.0000,396.5018,1.2185,0.2884,16.6614,16.6562,15.5178,0.0011,-1.0000
16.6663,0.0000,396.5186,1.0670,0.2919,16.6674,16.7063,15.5074,0.0010,-1.0000
16.6672,0.0000,396.5351,1.2091,0.2883,16.6702,16.6160,15.4497,0.0012,-1.0000
16.6666,0.0000,396.5518,1.2019,0.2772,16.6678,16.6570,15.6290,0.0009,-1.0000
16.6665,0.0000,396.5685,1.1372,0.2572,16.6634,16.6606,15.5459,0.0010,-1.0000
16.6679,0.0000,396.5852,1.1977,0.2810,16.7127,16.6613,15.5459,0.0012,-1.0000
16.6648,0.0000,396.6018,1.1650,0.3197,16.6231,16.6570,15.4345,0.0010,-1.0000
16.6680,0.0000,396.6185,1.0272,0.2751,16.6643,16.6637,15.5596,0.0010,-1.0000
16.6658,0.0000,396.6351,1.1134,0.2676,16.6669,16.6562,15.4470,0.0012,-1.0000
16.6666,0.0000,396.6518,1.1139,0.2860,16.6678,16.6615,15.5817,0.0007,-1.0000
16.6680,0.0000,396.6685,1.2214,0.2808,16.6633,16.6614,15.6313,0.0010,-1.0000
16.6672,0.0000,396.6852,1.1033,0.2791,16.6708,16.6629,15.4576,0.0014,-1.0000
16.6660,0.0000,396.7019,1.2081,0.2643,16.6636,16.6555,15.4928,0.0013,-1.0000
16.6670,0.0000,396.7185,1.0791,0.2622,16.6670,16.6613,15.2939,0.0011,-1.0000
16.6668,0.0000,396.7350,1.0290,0.2897,16.6677,16.6607,15.5090,0.0011,-1.0000
16.6663,0.0000,396.7518,1.2037,0.3059,16.6702,16.6577,15.6185,0.0009,-1.0000
16.6672,0.0000,396.7685,1.1613,0.2984,16.6629,16.6612,15.4874,0.0010,-1.0000
16.6671,0.0000,396.7852,1.3663,0.2822,16.6683,16.6624,15.5329,0.0012,-1.0000
16.6663,0.0000,396.8018,1.1506,0.3036,16.6673,16.6561,15.4761,0.0010,-1.0000
16.6670,0.0000,396.8185,1.0378,0.3288,16.6644,16.6633,15.4846,0.0011,-1.0000
16.6668,0.0000,396.8351,1.1728,0.2758,16.6677,16.6590,15.4358,0.0010,-1.0000
16.6701,0.0000,396.8521,1.1283,0.2885,16.6700,16.6724,15.5085,0.0009,-1.0000
16.6655,0.0000,396.8686,1.1790,0.2735,16.6628,16.6493,15.0266,0.0014,-1.0000
16.6652,0.0000,396.8852,1.1775,0.4157,16.6695,16.6550,15.2178,0.0013,-1.0000
16.6665,0.0000,396.9018,1.2221,0.2742,16.6660,16.6559,15.3037,0.0013,-1.0000
16.6671,0.0000,396.9185,1.1630,0.2873,16.6805,16.6608,15.5406,0.0012,-1.0000
16.6651,0.0000,396.9350,1.6210,0.3078,16.6611,16.6551,15.4868,0.0010,-1.0000
16.6668,0.0000,396.9518,1.4362,0.3518,16.6633,16.6592,15.7522,0.0010,-1.0000
16.6658,0.0000,396.9684,1.3509,0.2595,16.6631,16.6583,15.4830,0.0012,-1.0000
16.6682,0.0000,396.9851,1.1191,0.2711,16.6689,16.6655,15.7119,0.0009,-1.0000
16.6663,0.0000,397.0018,1.1678,0.2596,16.6619,16.6591,15.6259,0.0009,-1.0000
16.6669,0.0000,397.0185,0.9060,0.2516,16.6645,16.6633,15.4749,0.0014,-1.0000
16.6663,0.0000,397.0350,1.1743,0.2354,16.6637,16.6571,15.6224,0.0009,-1.0000
16.6674,0.0000,397.0518,0.9529,0.2556,16.6713,16.6616,15.7599,0.0009,-1.0000
16.6658,0.0000,397.0685,1.0323,0.2727,16.6646,16.6598,15.6190,0.0010,-1.0000
16.6676,0.0000,397.0851,1.1869,0.2583,16.6694,16.6647,15.6377,0.0013,-1.0000
16.6654,0.0000,397.1017,1.0339,0.2754,16.6628,16.6546,15.6063,0.0009,-1.0000
16.6668,0.0000,397.1184,0.9009,0.2448,16.6668,16.6635,15.7348,0.0009,-1.0000
16.6672,0.0000,397.1350,1.0402,0.3037,16.6646,16.6630,15.7177,0.0009,-1.0000
16.6666,0.0000,397.1517,1.0256,0.2446,16.6712,16.6591,15.7809,0.0008,-1.0000
16.6685,0.0000,397.1685,1.0473,0.2314,16.6604,16.6684,15.7880,0.0009,-1.0000
16.6644,0.0000,397.1851,0.9280,0.2481,16.6686,16.6552,15.5469,0.0013,-1.0000
16.6690,0.0000,397.2021,0.9445,0.2759,16.6680,16.6645,15.7271,0.0008,-1.0000
16.6652,0.0000,397.2185,0.8775,0.2269,16.6643,16.6582,15.1148,0.0010,-1.0000
16.6679,0.0000,397.2351,0.8796,0.2787,16.6743,16.6656,15.5900,0.0010,-1.0000
16.6676,0.0000,397.2519,1.1071,0.2900,16.6613,16.6602,15.6115,0.0008,-1.0000
16.6658,0.0000,397.2685,0.9365,0.2925,16.6712,16.6558,15.4551,0.0010,-1.0000
16.6661,0.0000,397.2852,1.5423,0.2652,16.6636,16.6616,15.6209,0.0009,-1.0000
16.6667,0.0000,397.3018,1.0746,0.2669,16.6720,16.6607,15.5731,0.0011,-1.0000
16.6667,0.0000,397.3184,1.0477,0.2879,16.6677,16.6609,15.6433,0.0008,-1.0000
16.6676,0.0000,397.3351,1.1997,0.2667,16.6621,16.6631,15.6859,0.0009,-1.0000
16.6649,0.0000,397.3517,1.0397,0.2532,16.6673,16.6551,15.6126,0.0009,-1.0000
16.6679,0.0000,397.3685,1.0865,0.2529,16.6657,16.6659,15.7365,0.0010,-1.0000
16.6666,0.0000,397.3852,1.0168,0.2838,16.6659,16.6602,15.6192,0.0011,-1.0000
16.6661,0.0000,397.4017,0.9762,0.2646,16.6694,16.6590,15.5603,0.0012,-1.0000
16.6672,0.0000,397.4184,1.0414,0.2379,16.6608,16.6604,15.7663,0.0010,-1.0000
16.6670,0.0000,397.4350,0.9286,0.2406,16.6715,16.6635,15.6577,0.0008,-1.0000
16.6674,0.0000,397.4518,1.0402,0.2586,16.6663,16.6660,15.7307,0.0010,-1.0000
16.6660,0.0000,397.4685,1.0975,0.2690,16.6642,16.6562,15.5937,0.0010,-1.0000
16.6667,0.0000,397.4850,0.8930,0.2466,16.6664,16.6579,15.5996,0.0010,-1.0000
16.6672,0.0000,397.5018,1.0051,0.2408,16.6684,16.6660,15.8059,0.0012,-1.0000
16.6666,0.0000,397.5184,0.9343,0.2736,16.6724,16.6616,15.6438,0.0011,-1.0000
16.6667,0.0000,397.5350,1.0614,0.2431,16.6620,16.6604,15.6799,0.0011,-1.0000
16.6669,0.0000,397.5518,1.0574,0.2244,16.6629,16.6626,15.7683,0.0009,-1.0000
16.6664,0.0000,397.5684,0.8592,0.2433,16.6708,16.6564,15.7171,0.0010,-1.0000
16.6671,0.0000,397.5851,1.0164,0.2518,16.6668,16.6637,15.7954,0.0010,-1.0000
16.6664,0.0000,397.6017,0.9794,0.2798,16.6658,16.6609,15.6758,0.0009,-1.0000
16.6670,0.0000,397.6184,0.8934,0.2283,16.6682,16.6654,15.7801,0.0008,-1.0000
16.6666,0.0000,397.6350,0.9384,0.2262,16.6610,16.6582,15.6662,0.0010,-1.0000
16.6667,0.0000,397.6517,0.8672,0.2388,16.6687,16.6619,15.8045,0.0008,-1.0000
16.6678,0.0000,397.6685,0.9841,0.2289,16.6661,16.6658,15.7767,0.0009,-1.0000
16.6676,0.0000,397.6852,0.8843,0.2410,16.6701,16.6655,15.6221,0.0009,-1.0000
16.6675,0.0000,397.7019,0.9908,0.2758,16.6633,16.6612,15.4855,0.0010,-1.0000
16.6645,0.0000,397.7185,0.8567,0.2337,16.6668,16.6541,15.4267,0.0011,-1.0000
16.6659,0.0000,397.7350,0.8882,0.2516,16.6710,16.6561,15.5543,0.0014,-1.0000
16.6678,0.0000,397.7518,1.0424,0.2697,16.6719,16.6657,15.8302,0.0010,-1.0000
16.6659,0.0000,397.7684,1.1744,0.2816,16.6684,16.6593,15.6254,0.0009,-1.0000
16.6827,0.0000,397.7852,1.2263,0.2590,16.6606,16.6773,15.7081,0.0010,-1.0000
16.6671,0.0000,397.8018,1.1002,0.2806,16.6617,16.6640,15.6996,0.0009,-1.0000
16.6668,0.0000,397.8184,0.8342,0.2417,16.6706,16.6613,15.6919,0.0007,-1.0000
16.6675,0.0000,397.8351,1.0332,0.2725,16.6640,16.6650,15.7643,0.0008,-1.0000
16.6667,0.0000,397.8518,0.9683,0.2394,16.6824,16.6598,15.6824,0.0010,-1.0000
16.6662,0.0000,397.8685,0.9634,0.2512,16.6687,16.6601,15.5606,0.0012,-1.0000
16.6667,0.0000,397.8851,0.9687,0.2714,16.6661,16.6594,15.6955,0.0009,-1.0000
16.6666,0.0000,397.9017,0.8998,0.2433,16.6704,16.6617,15.7200,0.0009,-1.0000
16.6678,0.0000,397.9185,0.9765,0.2562,16.6653,16.6639,15.7565,0.0009,-1.0000
16.6670,0.0000,397.9351,1.0984,0.2441,16.6660,16.6651,15.6795,0.0009,-1.0000
16.6666,0.0000,397.9518,0.9631,0.2502,16.6649,16.6653,15.6888,0.0008,-1.0000
16.6664,0.0000,397.9685,0.9408,0.2520,16.6661,16.6550,15.6222,0.0009,-1.0000
16.6668,0.0000,397.9851,0.9065,0.2538,16.6685,16.6625,15.6236,0.0010,-1.0000
16.6680,0.0000,398.0018,0.9849,0.2686,16.6708,16.6633,15.6304,0.0014,-1.0000
16.6654,0.0000,398.0184,0.9758,0.2650,16.6709,16.6540,15.5889,0.0012,-1.0000
16.6664,0.0000,398.0351,1.0318,0.2498,16.6605,16.6616,15.7203,0.0009,-1.0000
16.6673,0.0000,398.0518,1.0379,0.2347,16.6680,16.6638,15.7176,0.0010,-1.0000
16.6663,0.0000,398.0685,1.0314,0.2559,16.6698,16.6599,15.6601,0.0009,-1.0000
16.6677,0.0000,398.0851,1.0638,0.2370,16.6601,16.6638,15.7008,0.0013,-1.0000
16.6655,0.0000,398.1017,0.9404,0.2517,16.6664,16.6569,15.6049,0.0009,-1.0000
16.6673,0.0000,398.1185,0.9453,0.3151,16.6688,16.6646,15.7693,0.0007,-1.0000
16.6668,0.0000,398.1350,0.9990,0.2288,16.6653,16.6613,15.6667,0.0007,-1.0000
16.6678,0.0000,398.1519,0.9617,0.2511,16.6698,16.6648,15.7298,0.0010,-1.0000
16.6674,0.0000,398.1685,1.0511,0.2284,16.6623,16.6618,15.6183,0.0008,-1.0000
16.6643,0.0000,398.1851,0.8946,0.2506,16.6695,16.6530,15.4681,0.0010,-1.0000
16.6674,0.0000,398.2018,0.9937,0.2956,16.6666,16.6648,15.7517,0.0008,-1.0000
16.6674,0.0000,398.2185,0.9343,0.2463,16.6704,16.6619,15.6724,0.0013,-1.0000
16.6662,0.0000,398.2351,1.0425,0.2609,16.6684,16.6587,15.5736,0.0012,-1.0000
16.6676,0.0000,398.2518,1.1841,0.2710,16.6591,16.6646,15.7427,0.0011,-1.0000
16.6664,0.0000,398.2685,0.9122,0.2434,16.6697,16.6590,15.5642,0.0011,-1.0000
16.6669,0.0000,398.2851,0.9882,0.2413,16.6676,16.6602,15.6691,0.0009,-1.0000
16.6671,0.0000,398.3018,1.0839,0.2878,16.6643,16.6645,15.6627,0.0011,-1.0000
16.6673,0.0000,398.3185,0.9208,0.2595,16.6701,16.6609,15.5971,0.0010,-1.0000
16.6659,0.0000,398.3351,1.0937,0.2689,16.6650,16.6587,15.5539,0.0014,-1.0000
16.6680,0.0000,398.3518,0.9902,0.2450,16.6656,16.6664,15.6280,0.0010,-1.0000
16.6661,0.0000,398.3685,1.0007,0.2554,16.6709,16.6537,15.5210,0.0010,-1.0000
16.6664,0.0000,398.3851,1.0628,0.2844,16.6671,16.6607,15.5418,0.0010,-1.0000
16.6658,0.0000,398.4018,1.1031,0.2967,16.6642,16.6575,15.5895,0.0013,-1.0000
16.6668,0.0000,398.4185,1.0372,0.2812,16.6742,16.6635,15.6202,0.0008,-1.0000
16.6677,0.0000,398.4351,1.1319,0.2817,16.6611,16.6629,15.6181,0.0009,-1.0000
16.6655,0.0000,398.4519,1.1180,0.2672,16.6664,16.6584,15.6237,0.0011,-1.0000
16.6679,0.0000,398.4685,1.0669,0.2497,16.6632,16.6646,15.4793,0.0013,-1.0000
16.6655,0.0000,398.4851,1.0424,0.2737,16.6686,16.6564,15.5286,0.0009,-1.0000
16.6677,0.0000,398.5018,1.0440,0.2728,16.6687,16.6637,15.6583,0.0013,-1.0000
16.6662,0.0000,398.5184,1.0336,0.2933,16.6641,16.6586,15.6272,0.0010,-1.0000
16.6675,0.0000,398.5351,1.1843,0.2591,16.6707,16.6667,15.6859,0.0007,-1.0000
16.6665,0.0000,398.5519,1.1268,0.2317,16.6622,16.6565,15.6217,0.0013,-1.0000
16.6676,0.0000,398.5685,1.0041,0.2438,16.6696,16.6634,15.5550,0.0010,-1.0000
16.6661,0.0000,398.5851,1.0307,0.2457,16.6639,16.6589,15.6567,0.0013,-1.0000
16.6659,0.0000,398.6017,0.9800,0.2512,16.6722,16.6571,15.6249,0.0009,-1.0000
16.6677,0.0000,398.6185,1.0336,0.2362,16.6628,16.6666,15.7823,0.0007,-1.0000
16.6664,0.0000,398.6351,1.1074,0.2372,16.6686,16.6601,15.5790,0.0013,-1.0000
16.6678,0.0000,398.6518,1.0011,0.2491,16.6647,16.6622,15.7414,0.0008,-1.0000
16.6678,0.0000,398.6686,1.0315,0.2801,16.6630,16.6669,15.6557,0.0010,-1.0000
16.6647,0.0000,398.6852,0.8837,0.2539,16.6711,16.6514,14.8314,0.0011,-1.0000
16.6684,0.0000,398.7019,1.0797,0.2707,16.6662,16.6701,15.4168,0.0013,-1.0000
16.6647,0.0000,398.7185,0.9201,0.2509,16.6679,16.6518,15.4769,0.0010,-1.0000
16.6667,0.0000,398.7350,1.0102,0.2799,16.6733,16.6597,15.5439,0.0011,-1.0000
16.6674,0.0000,398.7518,1.8189,0.2689,16.6585,16.6616,15.8438,0.0008,-1.0000
16.6666,0.0000,398.7684,1.2519,0.2668,16.6768,16.6608,15.6675,0.0009,-1.0000
16.6676,0.0000,398.7852,1.1742,0.2874,16.6574,16.6664,15.7597,0.0009,-1.0000
16.6655,0.0000,398.8018,1.1146,0.2329,16.6657,16.6563,15.6028,0.0011,-1.0000
16.6675,0.0000,398.8184,0.8170,0.2406,16.6668,16.6638,15.6943,0.0008,-1.0000
16.6683,0.0000,398.8351,0.9925,0.2310,16.6652,16.6670,15.7133,0.0009,-1.0000
16.6672,0.0000,398.8519,0.9057,0.2491,16.6721,16.6594,15.5171,0.0013,-1.0000
16.6649,0.0000,398.8685,1.0525,0.2496,16.6615,16.6553,15.4715,0.0011,-1.0000
16.6669,0.0000,398.8852,0.9687,0.2573,16.6687,16.6623,15.6382,0.0008,-1.0000
16.6665,0.0000,398.9018,0.9527,0.2844,16.6734,16.6577,15.6336,0.0011,-1.0000
16.6667,0.0000,398.9184,1.1408,0.2836,16.6665,16.6615,15.6820,0.0010,-1.0000
16.6660,0.0000,398.9350,1.1828,0.2689,16.6622,16.6598,15.6892,0.0009,-1.0000
16.6683,0.0000,398.9518,1.0230,0.2568,16.6680,16.6667,15.8695,0.0010,-1.0000
16.6655,0.0000,398.9684,1.0231,0.2393,16.6632,16.6620,15.5774,0.0008,-1.0000
16.6665,0.0000,398.9850,0.9781,0.2464,16.6664,16.6564,15.6727,0.0010,-1.0000
16.6679,0.0000,399.0017,0.9698,0.2273,16.6643,16.6651,15.8273,0.0008,-1.0000
16.6667,0.0000,399.0184,0.7964,0.2713,16.6715,16.6622,15.7302,0.0009,-1.0000
16.6672,0.0000,399.0351,1.0837,0.2456,16.6675,16.6643,15.7610,0.0008,-1.0000
16.6660,0.0000,399.0518,0.9827,0.2267,16.6611,16.6577,15.6672,0.0010,-1.0000
16.6677,0.0000,399.0685,0.8370,0.2445,16.6695,16.6654,15.7512,0.0008,-1.0000
16.6672,0.0000,399.0851,0.9308,0.2394,16.6663,16.6628,15.7016,0.0010,-1.0000
16.6673,0.0000,399.1018,0.9022,0.2427,16.6695,16.6631,15.6141,0.0010,-1.0000
16.6655,0.0000,399.1185,0.9894,0.2810,16.6633,16.6554,15.6643,0.0010,-1.0000
16.6672,0.0000,399.1350,0.9132,0.2437,16.6705,16.6614,15.6736,0.0011,-1.0000
16.6666,0.0000,399.1518,0.9602,0.2520,16.6685,16.6622,15.7563,0.0007,-1.0000
16.6681,0.0000,399.1685,1.0480,0.2928,16.6690,16.6654,15.6967,0.0006,-1.0000
16.6644,0.0000,399.1851,0.9900,0.2640,16.6617,16.6528,15.5958,0.0009,-1.0000
16.6673,0.0000,399.2018,0.9867,0.2789,16.6672,16.6647,15.7932,0.0008,-1.0000
16.6658,0.0000,399.2184,0.9052,0.2612,16.6671,16.6554,15.6322,0.0010,-1.0000
16.6685,0.0000,399.2350,0.9680,0.2534,16.6725,16.6648,15.8038,0.0008,-1.0000
16.6676,0.0000,399.2518,1.0561,0.2574,16.6575,16.6644,15.7883,0.0007,-1.0000
16.6653,0.0000,399.2685,0.8708,0.2610,16.6714,16.6599,15.5737,0.0010,-1.0000
16.6685,0.0000,399.2852,1.0224,0.2400,16.6613,16.6625,15.6044,0.0009,-1.0000
16.6668,0.0000,399.3018,0.8602,0.2517,16.6705,16.6622,15.5522,0.0011,-1.0000
16.6652,0.0000,399.3184,0.8753,0.2673,16.6702,16.6538,15.5515,0.0010,-1.0000
16.6675,0.0000,399.3351,1.0853,0.2853,16.6657,16.6659,15.7029,0.0008,-1.0000
16.6668,0.0000,399.3518,1.0571,0.2708,16.6686,16.6608,15.6755,0.0012,-1.0000
16.6668,0.0000,399.3685,1.1085,0.2760,16.6685,16.6604,15.6203,0.0012,-1.0000
16.6669,0.0000,399.3851,1.1014,0.2612,16.6595,16.6613,15.6351,0.0009,-1.0000
16.6657,0.0000,399.4017,0.9617,0.2756,16.6714,16.6577,15.6727,0.0008,-1.0000
16.6677,0.0000,399.4185,0.9841,0.2605,16.6662,16.6649,15.7776,0.0008,-1.0000
16.6661,0.0000,399.4351,1.0392,0.2788,16.6665,16.6598,15.6008,0.0010,-1.0000
16.6669,0.0000,399.4518,1.0252,0.3050,16.6670,16.6604,15.7527,0.0008,-1.0000
16.6660,0.0000,399.4684,0.9842,0.2466,16.6629,16.6587,15.6805,0.0009,-1.0000
16.6663,0.0000,399.4851,0.8867,0.2807,16.6706,16.6607,15.7493,0.0007,-1.0000
16.6674,0.0000,399.5018,1.0580,0.2346,16.6659,16.6635,15.7507,0.0008,-1.0000
16.6660,0.0000,399.5184,0.9067,0.2511,16.6661,16.6599,15.7199,0.0009,-1.0000
16.6667,0.0000,399.5350,0.9774,0.2776,16.6639,16.6622,15.7950,0.0008,-1.0000
16.6662,0.0000,399.5517,0.9107,0.2414,16.6661,16.6606,15.7805,0.0009,-1.0000
16.6675,0.0000,399.5684,0.9123,0.2453,16.6684,16.6640,15.7726,0.0008,-1.0000
16.6673,0.0000,399.5851,0.9391,0.2352,16.6645,16.6628,15.7007,0.0008,-1.0000
16.6658,0.0000,399.6018,0.8665,0.2488,16.6662,16.6599,15.6641,0.0010,-1.0000
16.6673,0.0000,399.6184,0.8791,0.2775,16.6659,16.6625,15.6422,0.0012,-1.0000
16.6679,0.0000,399.6350,0.8906,0.2399,16.6699,16.6662,15.7693,0.0008,-1.0000
16.6667,0.0000,399.6518,0.9614,0.2516,16.6676,16.6590,15.7396,0.0009,-1.0000
16.6678,0.0000,399.6685,0.9948,0.2803,16.6645,16.6635,15.7000,0.0008,-1.0000
16.6645,0.0000,399.6851,1.0192,0.2537,16.6672,16.6554,15.5481,0.0009,-1.0000
16.6676,0.0000,399.7018,0.8959,0.2505,16.6719,16.6635,15.7054,0.0008,-1.0000
16.6659,0.0000,399.7184,0.9186,0.2432,16.6652,16.6597,15.6804,0.0009,-1.0000
16.6677,0.0000,399.7350,0.9625,0.2680,16.6701,16.6624,15.6788,0.0009,-1.0000
16.6659,0.0000,399.7518,1.1062,0.2613,16.6615,16.6575,15.7460,0.0008,-1.0000
16.6676,0.0000,399.7685,0.9574,0.2391,16.6693,16.6641,15.6823,0.0011,-1.0000
16.6662,0.0000,399.7851,0.9783,0.2303,16.6651,16.6585,15.6528,0.0012,-1.0000
16.6664,0.0000,399.8017,0.9827,0.2680,16.6683,16.6622,15.7629,0.0009,-1.0000
16.6666,0.0000,399.8184,0.9106,0.2428,16.6627,16.6610,15.7657,0.0008,-1.0000
16.6673,0.0000,399.8351,0.9805,0.2380,16.6691,16.6623,15.8094,0.0007,-1.0000
16.6665,0.0000,399.8518,1.0046,0.2843,16.6638,16.6620,15.7518,0.0009,-1.0000
16.6668,0.0000,399.8684,0.8985,0.2376,16.6674,16.6599,15.7017,0.0012,-1.0000
16.6670,0.0000,399.8851,0.8945,0.2336,16.6666,16.6651,15.7612,0.0009,-1.0000
16.6666,0.0000,399.9017,0.8524,0.2434,16.6670,16.6596,15.6073,0.0009,-1.0000
16.6665,0.0000,399.9184,0.9094,0.2368,16.6678,16.6622,15.7556,0.0009,-1.0000
16.6663,0.0000,399.9350,0.9570,0.2877,16.6644,16.6599,15.6985,0.0010,-1.0000
16.6675,0.0000,399.9518,0.9029,0.2593,16.6704,16.6642,15.9013,0.0006,-1.0000
16.6661,0.0000,399.9684,1.0513,0.2409,16.6645,16.6606,15.7289,0.0009,-1.0000
16.6679,0.0000,399.9851,0.9056,0.2452,16.6677,16.6676,15.7709,0.0009,-1.0000
16.6657,0.0000,400.0018,0.9606,0.2625,16.6641,16.6558,15.7260,0.0010,-1.0000
16.6676,0.0000,400.0185,0.7624,0.2527,16.6689,16.6641,15.7347,0.0010,-1.0000
16.6662,0.0000,400.0350,0.9310,0.2634,16.6648,16.6590,15.7189,0.0008,-1.0000
16.6676,0.0000,400.0518,0.8958,0.2388,16.6730,16.6665,15.8102,0.0011,-1.0000
16.6656,0.0000,400.0684,0.9285,0.2469,16.6608,16.6580,15.6350,0.0010,-1.0000
16.6669,0.0000,400.0851,0.9284,0.2720,16.6690,16.6608,15.7761,0.0009,-1.0000
16.6667,0.0000,400.1017,0.9392,0.2464,16.6642,16.6606,15.7319,0.0009,-1.0000
16.6681,0.0000,400.1185,0.8552,0.2818,16.6725,16.6656,15.8206,0.0008,-1.0000
16.6672,0.0000,400.1351,1.0220,0.2325,16.6630,16.6643,15.6369,0.0010,-1.0000
16.6674,0.0000,400.1518,0.8837,0.2350,16.6654,16.6603,15.6339,0.0009,-1.0000
16.6665,0.0000,400.1685,0.9278,0.2704,16.6660,16.6600,15.6220,0.0009,-1.0000
16.6646,0.0000,400.1851,0.8442,0.2610,16.6709,16.6535,15.5812,0.0009,-1.0000
16.6677,0.0000,400.2018,1.0263,0.2525,16.6704,16.6634,15.7870,0.0009,-1.0000
16.6683,0.0000,400.2185,1.0254,0.2962,16.6670,16.6685,15.6755,0.0008,-1.0000
16.6668,0.0000,400.2351,1.0371,0.2505,16.6671,16.6573,15.5283,0.0010,-1.0000
16.6675,0.0000,400.2519,1.0713,0.2510,16.6592,16.6626,15.6267,0.0009,-1.0000
16.6658,0.0000,400.2685,0.8754,0.2597,16.6688,16.6574,15.4627,0.0011,-1.0000
16.6669,0.0000,400.2852,0.9925,0.2798,16.6753,16.6572,15.5466,0.0009,-1.0000
16.6666,0.0000,400.3018,1.1279,0.2756,16.6641,16.6620,15.5249,0.0011,-1.0000
16.6665,0.0000,400.3185,1.0347,0.2947,16.6706,16.6580,15.5710,0.0012,-1.0000
16.6661,0.0000,400.3351,1.1935,0.2791,16.6648,16.6592,15.6513,0.0009,-1.0000
16.6664,0.0000,400.3517,1.1098,0.2798,16.6635,16.6606,15.6951,0.0008,-1.0000
16.6674,0.0000,400.3684,1.1361,0.2745,16.6685,16.6629,15.7403,0.0009,-1.0000
16.6657,0.0000,400.3851,1.0859,0.2563,16.6638,16.6598,15.6761,0.0012,-1.0000
16.6674,0.0000,400.4018,1.0071,0.2621,16.6646,16.6646,15.7159,0.0008,-1.0000
16.6687,0.0000,400.4185,0.9648,0.2415,16.6656,16.6660,15.6695,0.0008,-1.0000
16.6653,0.0000,400.4351,0.9217,0.2473,16.6680,16.6555,15.4828,0.0012,-1.0000
16.6677,0.0000,400.4518,0.9825,0.2513,16.6651,16.6632,15.7452,0.0007,-1.0000
16.6658,0.0000,400.4684,0.9476,0.2903,16.6698,16.6565,15.5904,0.0008,-1.0000
16.6669,0.0000,400.4851,0.9957,0.2822,16.6723,16.6604,15.6836,0.0010,-1.0000
16.6670,0.0000,400.5018,1.1716,0.2507,16.6624,16.6644,15.7188,0.0010,-1.0000
16.6659,0.0000,400.5184,0.9171,0.2742,16.6693,16.6572,15.6254,0.0010,-1.0000
16.6675,0.0000,400.5351,1.0648,0.2524,16.6623,16.6645,15.7521,0.0008,-1.0000
16.6664,0.0000,400.5518,0.9757,0.2342,16.6655,16.6565,15.7232,0.0009,-1.0000
16.6662,0.0000,400.5684,0.9447,0.2471,16.6702,16.6605,15.6775,0.0007,-1.0000
16.6676,0.0000,400.5851,1.0306,0.2778,16.6627,16.6639,15.8482,0.0008,-1.0000
16.6659,0.0000,400.6017,0.9118,0.2435,16.6699,16.6614,15.6693,0.0010,-1.0000
16.6676,0.0000,400.6184,0.9326,0.2595,16.6634,16.6631,15.8157,0.0008,-1.0000
16.6662,0.0000,400.6350,0.9822,0.2234,16.6647,16.6602,15.7287,0.0009,-1.0000
16.6672,0.0000,400.6518,0.8149,0.2902,16.6687,16.6630,15.8040,0.0008,-1.0000
16.6674,0.0000,400.6685,0.9909,0.2770,16.6663,16.6641,15.7614,0.0008,-1.0000
16.6665,0.0000,400.6851,0.8467,0.2349,16.6682,16.6598,15.6284,0.0010,-1.0000
16.6675,0.0000,400.7018,0.9307,0.2612,16.6649,16.6650,15.7402,0.0008,-1.0000
16.6658,0.0000,400.7184,0.8582,0.2357,16.6684,16.6577,15.6565,0.0008,-1.0000
16.6663,0.0000,400.7350,0.9021,0.2524,16.6700,16.6585,15.6616,0.0014,-1.0000
16.6673,0.0000,400.7518,1.0304,0.2463,16.6647,16.6647,15.8099,0.0009,-1.0000
16.6662,0.0000,400.7684,0.9240,0.2361,16.6705,16.6603,15.7050,0.0009,-1.0000
16.6667,0.0000,400.7851,1.0003,0.2351,16.6632,16.6618,15.7948,0.0007,-1.0000
16.6671,0.0000,400.8018,0.9954,0.2732,16.6639,16.6639,15.8017,0.0009,-1.0000
16.6660,0.0000,400.8184,0.8539,0.2421,16.6694,16.6584,15.7091,0.0011,-1.0000
16.6690,0.0000,400.8351,0.9545,0.2259,16.6647,16.6670,15.8193,0.0008,-1.0000
16.6647,0.0000,400.8517,0.8661,0.2340,16.6664,16.6568,15.7016,0.0009,-1.0000
16.6668,0.0000,400.8684,0.8614,0.2345,16.6693,16.6620,15.8013,0.0009,-1.0000
16.6668,0.0000,400.8851,0.9482,0.2424,16.6636,16.6618,15.6262,0.0008,-1.0000
16.6675,0.0000,400.9018,0.8468,0.2494,16.6723,16.6626,15.7304,0.0010,-1.0000
16.6672,0.0000,400.9185,0.9544,0.2699,16.6620,16.6624,15.7403,0.0009,-1.0000
16.6660,0.0000,400.9350,0.8598,0.2483,16.6667,16.6606,15.6566,0.0009,-1.0000
16.6670,0.0000,400.9518,1.0348,0.2355,16.6667,16.6617,15.7867,0.0008,-1.0000
16.6670,0.0000,400.9684,0.9313,0.2627,16.6684,16.6627,15.7372,0.0010,-1.0000
16.6681,0.0000,400.9852,0.9212,0.2633,16.6680,16.6631,15.6899,0.0009,-1.0000
16.6667,0.0000,401.0019,1.0033,0.2507,16.6655,16.6779,15.6360,0.0009,-1.0000
16.6683,0.0000,401.0185,0.8743,0.2435,16.6669,16.6472,15.4196,0.0010,-1.0000
16.6673,0.0000,401.0352,0.9247,0.2853,16.6681,16.6618,15.5349,0.0010,-1.0000
16.6660,0.0000,401.0518,0.9723,0.2646,16.6694,16.6552,15.2983,0.0013,-1.0000
16.6652,0.0000,401.0685,1.0411,0.2832,16.6834,16.6531,15.5029,0.0010,-1.0000
16.6673,0.0000,401.0852,1.2265,0.3057,16.6547,16.6632,15.6373,0.0009,-1.0000
16.6657,0.0000,401.1018,1.1258,0.2928,16.6703,16.6579,15.5996,0.0010,-1.0000
16.6689,0.0000,401.1186,1.3556,0.2686,16.6637,16.6745,15.6759,0.0009,-1.0000
16.6655,0.0000,401.1351,1.1492,0.2999,16.6594,16.6500,15.3849,0.0009,-1.0000
16.6665,0.0000,401.1518,1.0250,0.2571,16.6685,16.6614,15.6489,0.0010,-1.0000
16.6683,0.0000,401.1686,1.0573,0.2670,16.6635,16.6659,15.5874,0.0011,-1.0000
16.6658,0.0000,401.1852,0.9977,0.2843,16.6807,16.6533,15.4066,0.0009,-1.0000
16.6658,0.0000,401.2018,1.2641,0.3313,16.6564,16.6601,15.6020,0.0010,-1.0000
16.6678,0.0000,401.2185,1.0115,0.3031,16.6673,16.6616,15.6074,0.0010,-1.0000
16.6669,0.0000,401.2351,1.0774,0.2834,16.6739,16.6622,15.5770,0.0012,-1.0000
16.6676,0.0000,401.2519,1.2455,0.2715,16.6601,16.6621,15.6367,0.0009,-1.0000
16.6660,0.0000,401.2685,1.0574,0.3793,16.6657,16.6592,15.3336,0.0011,-1.0000
16.6657,0.0000,401.2852,1.0532,0.2750,16.6679,16.6582,15.5084,0.0011,-1.0000
16.6680,0.0000,401.3018,1.0837,0.2822,16.6682,16.6626,15.3597,0.0012,-1.0000
16.6653,0.0000,401.3185,1.0243,0.3450,16.6690,16.6553,15.5139,0.0013,-1.0000
16.6676,0.0000,401.3351,1.3243,0.3054,16.6658,16.6615,15.5945,0.0010,-1.0000
16.6663,0.0000,401.3519,1.1487,0.3327,16.6643,16.6594,15.5906,0.0008,-1.0000
16.6661,0.0000,401.3685,1.3016,0.2930,16.6702,16.6601,15.5733,0.0012,-1.0000
16.6672,0.0000,401.3852,1.1402,0.2890,16.6619,16.6635,15.6015,0.0010,-1.0000
16.6675,0.0000,401.4019,1.0658,0.2806,16.6675,16.6638,15.5260,0.0010,-1.0000
16.6650,0.0000,401.4185,1.0678,0.2683,16.6656,16.6549,15.5307,0.0011,-1.0000
16.6663,0.0000,401.4350,1.0857,0.2985,16.6650,16.6588,15.6303,0.0009,-1.0000
16.6681,0.0000,401.4518,1.0611,0.2793,16.6691,16.6665,15.8178,0.0009,-1.0000
16.6657,0.0000,401.4684,1.1369,0.2879,16.6699,16.6581,15.6291,0.0008,-1.0000
16.6669,0.0000,401.4851,1.1231,0.2590,16.6606,16.6610,15.7160,0.0007,-1.0000
16.6679,0.0000,401.5018,1.0278,0.2735,16.6638,16.6663,15.7610,0.0008,-1.0000
16.6661,0.0000,401.5185,0.8478,0.2798,16.6721,16.6580,15.6248,0.0012,-1.0000
16.6660,0.0000,401.5350,1.0283,0.2844,16.6636,16.6618,15.6732,0.0009,-1.0000
16.6680,0.0000,401.5518,0.9443,0.2389,16.6654,16.6633,15.7605,0.0010,-1.0000
16.6660,0.0000,401.5685,0.9045,0.2558,16.6720,16.6588,15.5642,0.0011,-1.0000
16.6673,0.0000,401.5851,1.0321,0.3036,16.6629,16.6620,15.7746,0.0010,-1.0000
16.6665,0.0000,401.6017,0.9877,0.2848,16.6659,16.6607,15.6510,0.0010,-1.0000
16.6878,0.0000,401.6185,0.9020,0.2576,16.6697,16.6841,15.7378,0.0009,-1.0000
16.6667,0.0000,401.6350,1.0935,0.2465,16.6644,16.6600,15.6219,0.0009,-1.0000
16.6668,0.0000,401.6518,0.8861,0.2503,16.6666,16.6631,15.7962,0.0008,-1.0000
16.6681,0.0000,401.6685,1.0086,0.2883,16.6661,16.6661,15.7528,0.0010,-1.0000
16.6657,0.0000,401.6852,0.9452,0.2890,16.6892,16.6561,15.5617,0.0011,-1.0000
16.6712,0.0000,401.7020,1.0373,0.2639,16.6648,16.6808,15.6653,0.0010,-1.0000
16.6660,0.0000,401.7186,0.8659,0.2544,16.6683,16.6472,15.1711,0.0012,-1.0000
16.6651,0.0000,401.7351,0.9124,0.2665,16.6722,16.6529,15.3667,0.0011,-1.0000
16.6654,0.0000,401.7519,1.0934,0.2532,16.6619,16.6537,15.4501,0.0011,-1.0000
16.6671,0.0000,401.7686,1.0144,0.4808,16.6913,16.6626,15.4764,0.0010,-1.0000
16.6696,0.0000,401.7853,1.4750,0.3496,16.6576,16.6676,15.4029,0.0012,-1.0000
16.6629,0.0000,401.8018,1.2849,0.3436,16.6620,16.6447,15.2179,0.0012,-1.0000
16.6683,0.0000,401.8185,1.2025,0.2968,16.6603,16.6655,15.6247,0.0011,-1.0000
16.6659,0.0000,401.8351,1.1853,0.3094,16.6683,16.6586,15.5400,0.0011,-1.0000
16.6652,0.0000,401.8518,1.2633,0.3661,16.6773,16.6537,15.5458,0.0011,-1.0000
16.6727,0.0000,401.8685,1.4259,0.2931,16.6519,16.6711,15.7156,0.0009,-1.0000
16.6680,0.0000,401.8852,1.0398,0.3214,16.6722,16.6643,15.6084,0.0013,-1.0000
16.6647,0.0000,401.9018,1.1177,0.2927,16.6647,16.6522,15.5687,0.0010,-1.0000
16.6688,0.0000,401.9185,1.1067,0.2750,16.6598,16.6670,15.7464,0.0009,-1.0000
16.6640,0.0000,401.9350,0.9545,0.3009,16.6765,16.6525,15.5249,0.0010,-1.0000
16.6670,0.0000,401.9518,1.0546,0.2742,16.6716,16.6608,15.9121,0.0009,-1.0000
16.6673,0.0000,401.9685,1.0826,0.2779,16.6582,16.6662,15.8535,0.0012,-1.0000
16.6680,0.0000,401.9852,0.9197,0.2998,16.6725,16.6674,15.6679,0.0010,-1.0000
16.6662,0.0000,402.0018,1.1266,0.2748,16.6578,16.6581,15.6350,0.0008,-1.0000
16.6666,0.0000,402.0185,0.7480,0.2295,16.6644,16.6651,15.6715,0.0009,-1.0000
16.6672,0.0000,402.0351,0.8120,0.2771,16.6713,16.6607,15.6674,0.0012,-1.0000
16.6666,0.0000,402.0518,0.9985,0.2663,16.6725,16.6706,15.7348,0.0009,-1.0000
16.6667,0.0000,402.0685,1.0222,0.2599,16.6639,16.6501,15.7206,0.0009,-1.0000
16.6665,0.0000,402.0851,0.9926,0.2674,16.6702,16.6613,15.7696,0.0010,-1.0000
16.6674,0.0000,402.1018,0.9920,0.2521,16.6658,16.6639,15.6732,0.0008,-1.0000
16.6666,0.0000,402.1185,0.9350,0.2674,16.6751,16.6613,15.6310,0.0010,-1.0000
16.6672,0.0000,402.1351,0.9285,0.2936,16.6549,16.6627,15.6253,0.0010,-1.0000
16.6670,0.0000,402.1519,0.8907,0.3251,16.6667,16.6597,15.6752,0.0007,-1.0000
16.6667,0.0000,402.1685,0.9900,0.2614,16.6691,16.6596,15.6644,0.0012,-1.0000
16.6658,0.0000,402.1852,1.0291,0.2716,16.6667,16.6583,15.5556,0.0011,-1.0000
16.6667,0.0000,402.2018,1.0363,0.2828,16.6694,16.6596,15.7241,0.0008,-1.0000
16.6671,0.0000,402.2185,0.9838,0.2615,16.6657,16.6645,15.6139,0.0011,-1.0000
16.6682,0.0000,402.2351,0.9942,0.2703,16.6663,16.6663,15.6518,0.0017,-1.0000
16.6671,0.0000,402.2519,1.1016,0.2665,16.6637,16.6595,15.6665,0.0008,-1.0000
16.6662,0.0000,402.2685,0.9345,0.2997,16.6648,16.6562,15.4994,0.0013,-1.0000
16.6684,0.0000,402.2852,1.0497,0.2679,16.6698,16.6734,15.6455,0.0010,-1.0000
16.6652,0.0000,402.3019,1.0128,0.2770,16.6728,16.6485,15.5100,0.0011,-1.0000
16.6660,0.0000,402.3185,0.9920,0.3027,16.6664,16.6599,15.5081,0.0015,-1.0000
16.6686,0.0000,402.3351,1.1553,0.2996,16.6626,16.6639,15.5638,0.0011,-1.0000
16.6649,0.0000,402.3519,1.0269,0.3249,16.6805,16.6552,15.5660,0.0012,-1.0000
16.6669,0.0000,402.3685,1.1374,0.3311,16.6551,16.6612,15.5795,0.0012,-1.0000
16.6671,0.0000,402.3852,1.1505,0.2987,16.6656,16.6609,15.5454,0.0011,-1.0000
16.6667,0.0000,402.4018,1.0987,0.3382,16.6712,16.6622,15.6007,0.0010,-1.0000
16.6678,0.0000,402.4185,1.0881,0.2672,16.6611,16.6637,15.6909,0.0011,-1.0000
16.6654,0.0000,402.4351,1.0803,0.2718,16.6672,16.6587,15.5096,0.0008,-1.0000
16.6688,0.0000,402.4519,1.1144,0.2921,16.6653,16.6703,15.7634,0.0009,-1.0000
16.6651,0.0000,402.4685,1.0610,0.2665,16.6677,16.6512,15.3582,0.0012,-1.0000
16.6665,0.0000,402.4851,0.9717,0.3105,16.6697,16.6600,15.5373,0.0011,-1.0000
16.6672,0.0000,402.5019,1.1482,0.3050,16.6639,16.6618,15.7265,0.0009,-1.0000
16.6665,0.0000,402.5186,0.9058,0.3111,16.6771,16.6638,15.6200,0.0010,-1.0000
16.6718,0.0000,402.5351,1.2918,0.3013,16.6583,16.6628,15.5037,0.0013,-1.0000
16.6660,0.0000,402.5519,1.1215,0.2494,16.6651,16.6594,15.7188,0.0009,-1.0000
16.6665,0.0000,402.5685,0.9342,0.2688,16.6672,16.6603,15.5918,0.0015,-1.0000
16.6671,0.0000,402.5851,1.0428,0.2736,16.6708,16.6614,15.7796,0.0008,-1.0000
16.6673,0.0000,402.6018,1.1580,0.2749,16.6686,16.6641,15.7096,0.0009,-1.0000
16.6665,0.0000,402.6185,0.9394,0.2542,16.6644,16.6590,15.6825,0.0011,-1.0000
16.6669,0.0000,402.6351,1.0671,0.2542,16.6660,16.6618,15.6225,0.0010,-1.0000
16.6664,0.0000,402.6518,0.8809,0.2906,16.6662,16.6599,15.7197,0.0009,-1.0000
16.6680,0.0000,402.6685,0.9534,0.2689,16.6696,16.6666,15.6777,0.0009,-1.0000
16.6676,0.0000,402.6853,0.9755,0.2552,16.6639,16.6647,15.5807,0.0008,-1.0000
16.6648,0.0000,402.7018,1.0382,0.2699,16.6671,16.6538,15.5046,0.0013,-1.0000
16.6668,0.0000,402.7185,0.9392,0.2594,16.6652,16.6615,15.6112,0.0010,-1.0000
16.6665,0.0000,402.7350,0.9880,0.2680,16.6718,16.6605,15.6647,0.0008,-1.0000
16.6681,0.0000,402.7519,1.0829,0.2739,16.6708,16.6675,15.8389,0.0007,-1.0000
16.6660,0.0000,402.7685,1.1481,0.2747,16.6593,16.6583,15.4858,0.0010,-1.0000
16.6666,0.0000,402.7852,1.0493,0.2690,16.6666,16.6622,15.7039,0.0009,-1.0000
16.6664,0.0000,402.8018,0.9950,0.2693,16.6653,16.6595,15.6189,0.0012,-1.0000
16.6678,0.0000,402.8186,0.8278,0.2631,16.6730,16.6657,15.6814,0.0011,-1.0000
16.6662,0.0000,402.8351,1.1715,0.2509,16.6632,16.6591,15.5685,0.0011,-1.0000
16.6666,0.0000,402.8518,0.9573,0.2627,16.6668,16.6588,15.7421,0.0008,-1.0000
16.6666,0.0000,402.8685,1.0394,0.2919,16.6654,16.6624,15.7176,0.0009,-1.0000
16.6675,0.0000,402.8852,0.9831,0.2579,16.6708,16.6651,15.7074,0.0007,-1.0000
16.6663,0.0000,402.9022,1.0895,0.2903,16.6641,16.6607,15.6919,0.0008,-1.0000
16.6688,0.0000,402.9186,0.9161,0.2863,16.6633,16.6675,15.3068,0.0010,-1.0000
16.6653,0.0000,402.9351,0.9439,0.2962,16.6671,16.6550,15.4791,0.0012,-1.0000
16.6882,0.0000,402.9519,0.9569,0.2879,16.6698,16.6836,15.7810,0.0008,-1.0000
16.6673,0.0000,402.9686,0.9678,0.5950,16.6659,16.6637,15.5261,0.0010,-1.0000
16.6659,0.0000,402.9852,1.3596,0.3024,16.6741,16.6572,15.5218,0.0012,-1.0000
16.6674,0.0000,403.0019,1.1746,0.2918,16.6600,16.6641,15.6588,0.0009,-1.0000
16.6663,0.0000,403.0185,0.9018,0.2985,16.6894,16.6600,15.6428,0.0009,-1.0000
16.6665,0.0000,403.0351,1.1365,0.4079,16.6691,16.6641,15.6314,0.0008,-1.0000
16.6669,0.0000,403.0518,1.1344,0.3616,16.6631,16.6598,15.7691,0.0010,-1.0000
16.6665,0.0000,403.0685,1.0044,0.3015,16.6689,16.6605,15.6902,0.0010,-1.0000
16.6688,0.0000,403.0853,1.0163,0.3061,16.6650,16.6686,15.5544,0.0012,-1.0000
16.6681,0.0000,403.1019,1.0317,0.2898,16.6685,16.6616,15.4898,0.0010,-1.0000
16.6664,0.0000,403.1186,0.8898,0.2974,16.6649,16.6614,15.5152,0.0011,-1.0000
16.6649,0.0000,403.1352,0.9692,0.3759,16.6647,16.6546,15.4864,0.0011,-1.0000
16.6668,0.0000,403.1519,1.1130,0.3476,16.6746,16.6602,15.6320,0.0010,-1.0000
16.6679,0.0000,403.1686,1.1705,0.3201,16.6682,16.6643,15.5740,0.0014,-1.0000
16.6648,0.0000,403.1852,1.1447,0.3748,16.6682,16.6556,15.5044,0.0011,-1.0000
16.6683,0.0000,403.2019,1.1674,0.3216,16.6607,16.6640,15.7318,0.0009,-1.0000
16.6663,0.0000,403.2185,1.0271,0.2983,16.6660,16.6596,15.5465,0.0011,-1.0000
16.6681,0.0000,403.2352,1.0886,0.3183,16.6702,16.7136,15.7021,0.0009,-1.0000
16.6677,0.0000,403.2520,1.1503,0.3026,16.6615,16.6157,15.5285,0.0011,-1.0000
16.6663,0.0000,403.2686,0.9313,0.3295,16.6694,16.6592,15.4281,0.0011,-1.0000
16.6676,0.0000,403.2853,1.1120,0.2931,16.6646,16.6604,15.4992,0.0012,-1.0000
16.6656,0.0000,403.3019,1.0107,0.3193,16.7201,16.6572,15.3920,0.0010,-1.0000
16.6658,0.0000,403.3185,1.0860,0.3886,16.6218,16.6577,15.4714,0.0010,-1.0000
16.6676,0.0000,403.3352,1.2296,0.3906,16.6660,16.6641,15.5707,0.0011,-1.0000
16.6667,0.0000,403.3519,1.1599,0.3730,16.6679,16.6596,15.5792,0.0011,-1.0000
16.6659,0.0000,403.3686,1.2643,0.3561,16.6638,16.6560,15.6037,0.0012,-1.0000
16.6677,0.0000,403.3853,1.1853,0.3730,16.6640,16.6630,15.4261,0.0011,-1.0000
16.6659,0.0000,403.4019,1.0920,0.3359,16.6703,16.6582,15.4806,0.0011,-1.0000
16.6680,0.0000,403.4186,1.0792,0.3200,16.6665,16.6646,15.5564,0.0010,-1.0000
16.6661,0.0000,403.4352,1.0513,0.4170,16.6630,16.6583,15.3898,0.0011,-1.0000
16.6675,0.0000,403.4520,1.2359,0.3651,16.6698,16.6616,15.6240,0.0009,-1.0000
16.6674,0.0000,403.4686,1.1766,0.3375,16.6644,16.6603,15.4071,0.0011,-1.0000
16.6662,0.0000,403.4853,1.1070,0.3701,16.6713,16.6626,15.4741,0.0012,-1.0000
16.6656,0.0000,403.5019,1.2674,0.3160,16.6646,16.6544,15.5562,0.0015,-1.0000
16.6679,0.0000,403.5186,1.0367,0.3749,16.6687,16.6641,15.5250,0.0009,-1.0000
16.6662,0.0000,403.5352,1.2520,0.3493,16.6670,16.6597,15.5221,0.0010,-1.0000
16.6664,0.0000,403.5519,1.1874,0.3669,16.6683,16.6581,15.4294,0.0009,-1.0000
16.6677,0.0000,403.5686,1.0969,0.3336,16.6607,16.6615,15.5032,0.0011,-1.0000
16.6666,0.0000,403.5853,1.1381,0.3218,16.6702,16.6604,15.5031,0.0010,-1.0000
16.6672,0.0000,403.6020,1.1366,0.4258,16.6673,16.6611,15.4987,0.0010,-1.0000
16.6656,0.0000,403.6186,1.2277,0.3344,16.6648,16.6556,15.5280,0.0011,-1.0000
16.6664,0.0000,403.6352,1.1569,0.3507,16.6689,16.6603,15.5374,0.0008,-1.0000
16.6674,0.0000,403.6519,1.1562,0.3572,16.6670,16.6606,15.6737,0.0009,-1.0000
16.6653,0.0000,403.6685,1.1613,0.3579,16.6678,16.6578,15.5598,0.0010,-1.0000
16.6668,0.0000,403.6852,1.1267,0.2884,16.6625,16.6615,15.6070,0.0008,-1.0000
16.6673,0.0000,403.7019,1.1219,0.3157,16.6663,16.6631,15.7055,0.0009,-1.0000
16.6677,0.0000,403.7186,0.9862,0.3118,16.6666,16.6683,15.5682,0.0009,-1.0000
16.6657,0.0000,403.7351,1.0969,0.3106,16.6634,16.6548,15.4971,0.0010,-1.0000
16.6676,0.0000,403.7520,1.0538,0.3204,16.6660,16.6636,15.7583,0.0008,-1.0000
16.6660,0.0000,403.7686,0.9569,0.3271,16.6679,16.6576,15.5340,0.0010,-1.0000
16.6841,0.0000,403.7853,1.0991,0.3502,16.6748,16.6789,15.6608,0.0009,-1.0000
16.6662,0.0000,403.8019,1.1567,0.4550,16.6600,16.6601,15.4321,0.0011,-1.0000
16.6675,0.0000,403.8186,0.9047,0.3087,16.6693,16.6628,15.6994,0.0009,-1.0000
16.6664,0.0000,403.8352,1.1226,0.2941,16.6637,16.6608,15.6819,0.0012,-1.0000
16.6666,0.0000,403.8519,1.0168,0.3080,16.6846,16.6609,15.7165,0.0010,-1.0000
16.6684,0.0000,403.8686,1.2271,0.3325,16.6652,16.6682,15.7252,0.0009,-1.0000
16.6650,0.0000,403.8852,0.9625,0.2804,16.6677,16.6550,15.5887,0.0011,-1.0000
16.6689,0.0000,403.9020,0.9777,0.2842,16.6659,16.6693,15.6616,0.0010,-1.0000
16.6661,0.0000,403.9186,0.9436,0.3098,16.6657,16.6573,15.5784,0.0010,-1.0000
16.6652,0.0000,403.9351,0.9421,0.3227,16.6737,16.6565,15.5736,0.0009,-1.0000
16.6681,0.0000,403.9519,1.0653,0.3326,16.6602,16.6668,15.8123,0.0009,-1.0000
16.6664,0.0000,403.9686,1.0068,0.3160,16.6751,16.6601,15.6000,0.0008,-1.0000
16.6660,0.0000,403.9852,1.0778,0.2943,16.6632,16.6571,15.5551,0.0012,-1.0000
16.6670,0.0000,404.0019,1.0820,0.3191,16.6617,16.6627,15.5995,0.0009,-1.0000
16.6667,0.0000,404.0186,0.8537,0.2980,16.6719,16.6626,15.6302,0.0010,-1.0000
16.6665,0.0000,404.0351,1.0591,0.2948,16.6655,16.6605,15.6969,0.0009,-1.0000
16.6673,0.0000,404.0520,1.1007,0.2948,16.6620,16.6706,15.7732,0.0008,-1.0000
16.6674,0.0000,404.0686,1.0623,0.2935,16.6675,16.6580,15.5748,0.0012,-1.0000
16.6659,0.0000,404.0852,1.0315,0.2870,16.6672,16.6584,15.6312,0.0009,-1.0000
16.6661,0.0000,404.1019,0.9627,0.3589,16.6652,16.6599,15.6393,0.0011,-1.0000
16.6681,0.0000,404.1186,0.8968,0.2916,16.6758,16.6657,15.7534,0.0014,-1.0000
16.6675,0.0000,404.1352,1.0819,0.3165,16.6633,16.6647,15.6728,0.0009,-1.0000
16.6888,0.0000,404.1519,1.0262,0.2900,16.6637,16.6807,15.6852,0.0008,-1.0000
16.6681,0.0000,404.1687,1.0197,0.2898,16.6653,16.6646,15.6182,0.0010,-1.0000
16.6642,0.0000,404.1852,0.9105,0.3485,16.6701,16.6514,15.4497,0.0010,-1.0000
16.6666,0.0000,404.2019,0.9909,0.3186,16.6711,16.6628,15.7464,0.0009,-1.0000
16.6680,0.0000,404.2187,0.9944,0.3131,16.6868,16.6735,15.6717,0.0009,-1.0000
16.6682,0.0000,404.2357,1.0453,0.3140,16.6709,16.6552,15.5314,0.0013,-1.0000
16.6658,0.0000,404.2520,1.2008,0.2886,16.6575,16.6579,14.8633,0.0012,-1.0000
16.6676,0.0000,404.2687,0.9153,0.3171,16.6677,16.6605,15.3216,0.0012,-1.0000
16.6660,0.0000,404.2854,1.0011,0.3091,16.6801,16.6622,15.3114,0.0016,-1.0000
16.6666,0.0000,404.3020,1.1225,0.3693,16.6626,16.6517,15.3136,0.0014,-1.0000
16.6659,0.0000,404.3186,1.7934,0.3693,16.6658,16.6571,15.5420,0.0009,-1.0000
16.6670,0.0000,404.3352,1.3376,0.3374,16.6689,16.6629,15.6531,0.0010,-1.0000
16.6675,0.0000,404.3520,1.3494,0.3524,16.6706,16.6630,15.5479,0.0008,-1.0000
16.6654,0.0000,404.3687,1.3366,0.3248,16.6577,16.6582,15.4586,0.0009,-1.0000
16.6670,0.0000,404.3853,1.1142,0.2990,16.6627,16.6621,15.5744,0.0015,-1.0000
16.6667,0.0000,404.4020,1.0088,0.3520,16.6682,16.6614,15.5773,0.0010,-1.0000
16.6669,0.0000,404.4186,1.1144,0.3361,16.6690,16.6591,15.5964,0.0009,-1.0000
16.6660,0.0000,404.4352,1.1986,0.3255,16.6641,16.6585,15.6175,0.0009,-1.0000
16.6677,0.0000,404.4520,1.0861,0.4247,16.6682,16.6664,15.8099,0.0009,-1.0000
16.6662,0.0000,404.4686,1.0831,0.3933,16.6666,16.6605,15.5839,0.0013,-1.0000
16.6666,0.0000,404.4852,1.0619,0.3083,16.6650,16.6591,15.5851,0.0010,-1.0000
16.6678,0.0000,404.5022,1.0401,0.3532,16.6631,16.6653,15.5915,0.0011,-1.0000
16.6667,0.0000,404.5189,0.8558,0.3239,16.6717,16.6618,15.3313,0.0010,-1.0000
16.6663,0.0000,404.5352,1.0754,0.3044,16.6661,16.6610,15.2794,0.0010,-1.0000
16.6672,0.0000,404.5520,1.0730,0.4179,16.6640,16.6629,15.6662,0.0009,-1.0000
16.6652,0.0000,404.5686,1.0727,0.3154,16.6705,16.6556,15.5777,0.0009,-1.0000
16.6676,0.0000,404.5853,1.3294,0.2764,16.6672,16.6635,15.7253,0.0009,-1.0000
16.6662,0.0000,404.6019,1.3804,0.3358,16.6663,16.6607,15.6085,0.0012,-1.0000
16.6662,0.0000,404.6186,0.9958,0.3263,16.6685,16.6611,15.7062,0.0011,-1.0000
16.6676,0.0000,404.6352,1.0767,0.2766,16.6602,16.6645,15.6467,0.0010,-1.0000
16.6659,0.0000,404.6519,0.9373,0.3271,16.6686,16.6581,15.7715,0.0008,-1.0000
16.6676,0.0000,404.6686,1.0511,0.2667,16.6650,16.6659,15.6097,0.0009,-1.0000
16.6668,0.0000,404.6853,0.9539,0.3098,16.6664,16.6623,15.6223,0.0009,-1.0000
16.6673,0.0000,404.7020,1.0169,0.3113,16.6701,16.6627,15.5994,0.0008,-1.0000
16.6680,0.0000,404.7187,0.8858,0.2738,16.6624,16.6636,15.5704,0.0009,-1.0000
16.6653,0.0000,404.7352,1.0553,0.2765,16.6711,16.6537,15.5359,0.0011,-1.0000
16.6671,0.0000,404.7520,1.0391,0.3023,16.6672,16.6650,15.7864,0.0009,-1.0000
16.6684,0.0000,404.7687,1.0624,0.3016,16.6689,16.6682,15.5300,0.0014,-1.0000
16.6669,0.0000,404.7854,1.0922,0.3100,16.6699,16.6566,15.3712,0.0010,-1.0000
16.6644,0.0000,404.8019,1.1165,0.2807,16.6591,16.6512,15.3828,0.0012,-1.0000
16.6666,0.0000,404.8185,0.8780,0.3459,16.6696,16.6597,15.6680,0.0008,-1.0000
16.6676,0.0000,404.8352,1.1369,0.3398,16.6766,16.6652,15.7711,0.0010,-1.0000
16.6663,0.0000,404.8520,1.2841,0.2994,16.6644,16.6617,15.7078,0.0009,-1.0000
16.6665,0.0000,404.8686,1.2674,0.3119,16.6571,16.6595,15.5549,0.0009,-1.0000
16.6673,0.0000,404.8853,0.9911,0.2736,16.6651,16.6639,15.7034,0.0010,-1.0000
16.6664,0.0000,404.9019,0.8931,0.2767,16.6700,16.6589,15.6708,0.0011,-1.0000
16.6671,0.0000,404.9186,0.9528,0.2800,16.6667,16.6644,15.7496,0.0010,-1.0000
16.6667,0.0000,404.9352,1.1037,0.2868,16.6644,16.6631,15.6014,0.0009,-1.0000
16.6670,0.0000,404.9520,0.9595,0.3276,16.6689,16.6621,15.7339,0.0007,-1.0000
16.6668,0.0000,404.9686,0.9872,0.3224,16.6641,16.6612,15.6379,0.0009,-1.0000
16.6658,0.0000,404.9855,0.9138,0.2764,16.6694,16.6573,15.6055,0.0013,-1.0000
16.6680,0.0000,405.0020,1.0607,0.3185,16.6678,16.6666,15.4307,0.0011,-1.0000
16.6666,0.0000,405.0186,0.9272,0.2773,16.6674,16.6608,15.5498,0.0012,-1.0000
16.6662,0.0000,405.0352,1.0222,0.2955,16.6666,16.6597,15.6229,0.0010,-1.0000
16.6671,0.0000,405.0520,1.0505,0.3834,16.6622,16.6644,15.6999,0.0009,-1.0000
16.6660,0.0000,405.0686,1.2348,0.3265,16.6708,16.6587,15.5280,0.0012,-1.0000
16.6675,0.0000,405.0853,1.1098,0.3379,16.6664,16.6625,15.7498,0.0009,-1.0000
16.6663,0.0000,405.1019,1.0358,0.3338,16.6650,16.6594,15.5579,0.0010,-1.0000
16.6671,0.0000,405.1186,0.9636,0.3340,16.6699,16.6630,15.7498,0.0011,-1.0000
16.6669,0.0000,405.1352,1.1295,0.3065,16.6640,16.6637,15.7314,0.0009,-1.0000
16.6670,0.0000,405.1519,0.9116,0.3495,16.6676,16.6612,15.7264,0.0008,-1.0000
16.6697,0.0000,405.1688,1.1006,0.3027,16.6646,16.6681,15.7268,0.0009,-1.0000
16.6640,0.0000,405.1853,0.9119,0.3267,16.6674,16.6531,15.3756,0.0011,-1.0000
16.6679,0.0000,405.2019,0.9313,0.3644,16.6692,16.6639,15.5564,0.0011,-1.0000
16.6674,0.0000,405.2186,0.9338,0.3108,16.6661,16.6634,15.5575,0.0008,-1.0000
16.6670,0.0000,405.2353,0.9400,0.3072,16.6747,16.6593,15.5191,0.0009,-1.0000
16.6664,0.0000,405.2520,1.2765,0.3279,16.6596,16.6596,15.5748,0.0010,-1.0000
16.6671,0.0000,405.2686,1.1066,0.3397,16.6695,16.6605,15.5109,0.0013,-1.0000
16.6782,0.0000,405.2855,1.1050,0.3151,16.6702,16.6749,15.5812,0.0010,-1.0000
16.6668,0.0000,405.3020,1.1390,0.3984,16.6654,16.6588,15.2648,0.0011,-1.0000
16.6638,0.0000,405.3186,1.0839,0.2926,16.6665,16.6497,15.5003,0.0012,-1.0000
16.6685,0.0000,405.3353,1.1479,0.3476,16.6667,16.6675,15.6825,0.0011,-1.0000
16.6653,0.0000,405.3520,1.0926,0.3476,16.6815,16.6599,15.5314,0.0009,-1.0000
16.6671,0.0000,405.3686,1.3929,0.2982,16.6664,16.6575,15.5463,0.0013,-1.0000
16.6663,0.0000,405.3853,1.1483,0.3017,16.6561,16.6614,15.6653,0.0010,-1.0000
16.6677,0.0000,405.4019,0.9839,0.2851,16.6734,16.6625,15.6903,0.0008,-1.0000
16.6669,0.0000,405.4186,1.1276,0.2889,16.6658,16.6627,15.7255,0.0010,-1.0000
16.6655,0.0000,405.4352,1.1099,0.2733,16.6633,16.6587,15.6436,0.0010,-1.0000
16.6679,0.0000,405.4521,0.9949,0.2834,16.6664,16.6660,15.8225,0.0009,-1.0000
16.6665,0.0000,405.4687,0.9714,0.3276,16.6668,16.6598,15.2390,0.0011,-1.0000
16.6667,0.0000,405.4852,0.9363,0.2714,16.6678,16.6583,15.4948,0.0012,-1.0000
16.6680,0.0000,405.5020,1.0141,0.2832,16.6635,16.6659,15.7315,0.0009,-1.0000
16.6659,0.0000,405.5186,0.8423,0.4120,16.6715,16.6598,15.5694,0.0010,-1.0000
16.6662,0.0000,405.5352,1.4199,0.3102,16.6658,16.6606,15.6075,0.0013,-1.0000
16.6667,0.0000,405.5519,1.1623,0.2993,16.6635,16.6608,15.7733,0.0009,-1.0000
16.6675,0.0000,405.5686,0.9334,0.3105,16.6708,16.6629,15.6880,0.0009,-1.0000
16.6668,0.0000,405.5853,1.0895,0.3463,16.6653,16.6612,15.6014,0.0012,-1.0000
16.6657,0.0000,405.6028,1.0516,0.3678,16.6666,16.6574,15.5854,0.0010,-1.0000
16.6669,0.0000,405.6186,0.8866,0.2877,16.6662,16.6632,14.6552,0.0010,-1.0000
16.6672,0.0000,405.6352,0.9741,0.3076,16.6682,16.6635,15.6538,0.0009,-1.0000
16.6670,0.0000,405.6520,1.0586,0.3035,16.6674,16.6655,15.7387,0.0009,-1.0000
16.6666,0.0000,405.6687,1.0711,0.3737,16.6620,16.6595,15.5614,0.0010,-1.0000
16.6664,0.0000,405.6856,2.0070,0.3512,16.6677,16.6599,15.5454,0.0011,-1.0000
16.6668,0.0000,405.7019,1.0088,0.4879,16.6679,16.6611,15.2323,0.0009,-1.0000
16.6666,0.0000,405.7187,0.9261,0.3447,16.6699,16.6631,15.6734,0.0011,-1.0000
16.6665,0.0000,405.7352,1.0970,0.3449,16.6652,16.6592,15.4838,0.0014,-1.0000
16.6673,0.0000,405.7520,1.1134,0.3375,16.6645,16.6648,15.7987,0.0011,-1.0000
16.6664,0.0000,405.7686,1.4278,0.3473,16.6663,16.6611,15.5488,0.0010,-1.0000
16.6674,0.0000,405.7856,0.9887,0.3313,16.6681,16.6648,15.6508,0.0009,-1.0000
16.6679,0.0000,405.8020,1.1742,0.3493,16.6637,16.6619,15.3154,0.0011,-1.0000
16.6662,0.0000,405.8186,0.8650,0.3426,16.6697,16.6616,15.4798,0.0012,-1.0000
16.6667,0.0000,405.8353,1.1114,0.3909,16.6657,16.6596,15.6020,0.0011,-1.0000
16.6661,0.0000,405.8519,1.0131,0.3777,16.6697,16.6601,15.6260,0.0010,-1.0000
16.6676,0.0000,405.8687,1.3454,0.3454,16.6676,16.6659,15.6766,0.0011,-1.0000
16.6660,0.0000,405.8853,1.1807,0.3909,16.6672,16.6568,15.5739,0.0009,-1.0000
16.6675,0.0000,405.9019,1.0566,0.3409,16.6647,16.6646,15.6790,0.0011,-1.0000
16.6669,0.0000,405.9187,1.0330,0.3325,16.6652,16.6617,15.6578,0.0009,-1.0000
16.6676,0.0000,405.9352,0.9881,0.3516,16.6710,16.6636,15.5323,0.0011,-1.0000
16.6661,0.0000,405.9521,1.0820,0.3609,16.6623,16.6590,15.6474,0.0009,-1.0000
16.6669,0.0000,405.9687,0.9845,0.3801,16.6695,16.6643,15.4732,0.0014,-1.0000
16.6676,0.0000,405.9854,1.0029,0.4136,16.6666,16.6623,15.4910,0.0010,-1.0000
16.6654,0.0000,406.0020,1.1302,0.3535,16.6688,16.6583,15.5024,0.0009,-1.0000
16.6671,0.0000,406.0186,1.0106,0.3901,16.6642,16.6621,15.5932,0.0010,-1.0000
16.6664,0.0000,406.0352,1.1898,0.3190,16.6695,16.6615,15.6255,0.0010,-1.0000
16.6670,0.0000,406.0520,1.1701,0.3261,16.6682,16.6615,15.5920,0.0009,-1.0000
16.6663,0.0000,406.0686,1.1551,0.3140,16.6636,16.6597,15.6058,0.0012,-1.0000
16.6673,0.0000,406.0853,1.0680,0.3125,16.6669,16.6657,15.6931,0.0009,-1.0000
16.6672,0.0000,406.1020,1.0350,0.3274,16.6664,16.6599,15.5153,0.0009,-1.0000
16.6661,0.0000,406.1186,1.0688,0.4369,16.6671,16.6595,15.7035,0.0009,-1.0000
16.6683,0.0000,406.1353,1.0527,0.3014,16.6649,16.6672,15.6003,0.0010,-1.0000
16.6665,0.0000,406.1520,0.9718,0.3106,16.6708,16.6591,15.4905,0.0009,-1.0000
16.6669,0.0000,406.1687,1.1438,0.2921,16.6647,16.6618,15.5113,0.0012,-1.0000
16.6656,0.0000,406.1853,0.9551,0.3647,16.6649,16.6558,15.4148,0.0011,-1.0000
16.6671,0.0000,406.2020,1.0661,0.3713,16.6724,16.6650,15.6891,0.0011,-1.0000
16.6659,0.0000,406.2186,1.1677,0.3044,16.6651,16.6597,15.6228,0.0011,-1.0000
16.6689,0.0000,406.2353,1.1491,0.3378,16.6679,16.6664,15.6348,0.0009,-1.0000
16.6669,0.0000,406.2521,1.2398,0.2816,16.6613,16.6632,15.6366,0.0009,-1.0000
16.6660,0.0000,406.2686,0.9747,0.3104,16.6700,16.6565,15.3425,0.0011,-1.0000
16.6682,0.0000,406.2854,1.0360,0.2873,16.6642,16.6645,15.6018,0.0009,-1.0000
16.6658,0.0000,406.3020,1.0304,0.3083,16.6717,16.6567,15.3707,0.0011,-1.0000
16.6666,0.0000,406.3188,1.0254,0.3173,16.6703,16.6585,15.3699,0.0010,-1.0000
16.6682,0.0000,406.3353,1.3132,0.3335,16.6628,16.6662,15.3470,0.0012,-1.0000
16.6637,0.0000,406.3520,1.0617,0.4072,16.6716,16.6495,15.4331,0.0012,-1.0000
16.6678,0.0000,406.3687,1.2848,0.3214,16.6629,16.6645,15.6152,0.0010,-1.0000
16.6666,0.0000,406.3853,1.2875,0.3387,16.6657,16.6593,15.5264,0.0009,-1.0000
16.6668,0.0000,406.4019,1.3180,0.3129,16.6731,16.6622,15.6008,0.0010,-1.0000
16.6662,0.0000,406.4187,1.2152,0.3026,16.6561,16.6606,15.5980,0.0009,-1.0000
16.6665,0.0000,406.4356,1.0481,0.3853,16.6703,16.6616,15.5053,0.0013,-1.0000
16.6676,0.0000,406.4520,1.1320,0.2882,16.6643,16.6639,15.2390,0.0011,-1.0000
16.6657,0.0000,406.4686,1.0604,0.3318,16.6675,16.6591,15.4984,0.0009,-1.0000
16.6674,0.0000,406.4853,1.0616,0.2746,16.6653,16.6598,15.6335,0.0009,-1.0000
16.6679,0.0000,406.5021,1.1547,0.3755,16.6666,16.7451,15.7076,0.0010,-1.0000
16.6841,0.0000,406.5186,1.4239,0.3830,16.6693,16.5989,15.4328,0.0009,-1.0000
16.6671,0.0000,406.5353,1.1596,0.3708,16.6652,16.6619,15.6190,0.0009,-1.0000
16.6659,0.0000,406.5520,1.0254,0.3335,16.6641,16.6601,15.5728,0.0009,-1.0000
16.6666,0.0000,406.5686,1.0365,0.3658,16.7506,16.6604,15.5654,0.0013,-1.0000
16.6678,0.0000,406.5854,1.1651,0.3626,16.6043,16.6636,15.7061,0.0011,-1.0000
16.6666,0.0000,406.6020,1.0418,0.3695,16.6671,16.6626,15.5393,0.0009,-1.0000
16.6668,0.0000,406.6187,1.0863,0.3471,16.6658,16.6599,15.6167,0.0010,-1.0000
16.6666,0.0000,406.6353,1.0937,0.3456,16.6655,16.6609,15.6429,0.0010,-1.0000
16.6669,0.0000,406.6520,0.9564,0.3268,16.6687,16.6624,15.6016,0.0015,-1.0000
16.6671,0.0000,406.6687,1.1226,0.3157,16.6680,16.6631,15.6314,0.0014,-1.0000
16.6662,0.0000,406.6855,1.0425,0.2969,16.6654,16.6601,15.5618,0.0008,-1.0000
16.6670,0.0000,406.7020,1.0171,0.3543,16.6654,16.6612,15.4044,0.0011,-1.0000
16.6669,0.0000,406.7187,1.0594,0.2765,16.6674,16.6638,15.6181,0.0010,-1.0000
16.6667,0.0000,406.7352,1.0304,0.2946,16.6679,16.6591,15.6074,0.0009,-1.0000
16.6681,0.0000,406.7520,1.0975,0.3092,16.6651,16.6683,15.7778,0.0011,-1.0000
16.6659,0.0000,406.7686,1.2559,0.3360,16.6663,16.6567,15.4417,0.0010,-1.0000
16.6678,0.0000,406.7854,1.0446,0.3143,16.6692,16.6655,15.6010,0.0010,-1.0000
16.6660,0.0000,406.8021,1.0504,0.3061,16.6637,16.6563,15.5144,0.0010,-1.0000
16.6657,0.0000,406.8186,0.8894,0.3425,16.6747,16.6586,15.5056,0.0012,-1.0000
16.6676,0.0000,406.8352,1.2138,0.3465,16.6625,16.6638,15.7233,0.0009,-1.0000
16.6655,0.0000,406.8520,1.0635,0.2972,16.6716,16.6584,15.6598,0.0010,-1.0000
16.6867,0.0000,406.8687,1.1409,0.2825,16.6616,16.6836,15.6008,0.0008,-1.0000
16.6659,0.0000,406.8853,1.1517,0.3285,16.6643,16.6601,15.6027,0.0011,-1.0000
16.6672,0.0000,406.9019,0.9397,0.3283,16.6691,16.6593,15.6311,0.0010,-1.0000
16.6678,0.0000,406.9187,0.9975,0.2944,16.6638,16.6677,15.7075,0.0011,-1.0000
16.6657,0.0000,406.9352,1.0819,0.2925,16.6885,16.6573,15.4915,0.0010,-1.0000
16.6697,0.0000,406.9520,1.0564,0.2829,16.6658,16.6660,15.7372,0.0009,-1.0000
16.6661,0.0000,406.9687,1.0272,0.3007,16.6643,16.6603,15.4971,0.0009,-1.0000
16.6671,0.0000,406.9853,0.9594,0.2984,16.6729,16.6602,15.6548,0.0009,-1.0000
16.6673,0.0000,407.0020,1.1645,0.2902,16.6625,16.6663,15.6882,0.0012,-1.0000
16.6665,0.0000,407.0187,0.9279,0.2927,16.6707,16.6595,15.5740,0.0011,-1.0000
16.6660,0.0000,407.0352,1.1626,0.3223,16.6654,16.6617,15.6257,0.0010,-1.0000
16.6682,0.0000,407.0521,1.0045,0.2821,16.6650,16.6652,15.5792,0.0009,-1.0000
16.6659,0.0000,407.0687,0.9770,0.2926,16.6716,16.6587,15.5245,0.0012,-1.0000
16.6667,0.0000,407.0854,1.0845,0.3075,16.6642,16.6593,15.5810,0.0014,-1.0000
16.6663,0.0000,407.1020,1.0351,0.3130,16.6664,16.6651,15.5893,0.0010,-1.0000
16.6675,0.0000,407.1187,1.0852,0.3319,16.6710,16.6587,15.6968,0.0010,-1.0000
16.6657,0.0000,407.1353,1.1331,0.2839,16.6647,16.6593,15.6362,0.0009,-1.0000
16.6676,0.0000,407.1520,1.0767,0.2745,16.6639,16.6647,15.6278,0.0012,-1.0000
16.6686,0.0000,407.1688,1.0752,0.3733,16.6700,16.6668,15.6580,0.0009,-1.0000
16.6647,0.0000,407.1853,0.9609,0.2754,16.6638,16.6527,15.4763,0.0010,-1.0000
16.6679,0.0000,407.2025,1.0222,0.2858,16.6643,16.6640,15.6749,0.0011,-1.0000
16.6672,0.0000,407.2187,1.0357,0.2442,16.6700,16.6622,15.1006,0.0011,-1.0000
16.6671,0.0000,407.2353,1.0077,0.3301,16.6733,16.6628,15.5396,0.0009,-1.0000
16.6668,0.0000,407.2521,1.1754,0.2722,16.6582,16.6616,15.5591,0.0012,-1.0000
16.6679,0.0000,407.2688,0.9880,0.3650,16.6699,16.6642,15.3301,0.0011,-1.0000
16.6663,0.0000,407.2855,1.5605,0.3055,16.6683,16.6581,15.3641,0.0012,-1.0000
16.6648,0.0000,407.3020,1.1220,0.4674,16.6686,16.6527,15.2278,0.0012,-1.0000
16.6676,0.0000,407.3187,1.1013,0.3457,16.6678,16.6623,15.5588,0.0009,-1.0000
16.6666,0.0000,407.3353,1.3323,0.3806,16.6714,16.6676,15.6380,0.0012,-1.0000
16.6675,0.0000,407.3521,1.2930,0.3488,16.6652,16.6590,15.5716,0.0011,-1.0000
16.6654,0.0000,407.3687,1.4238,0.3476,16.6586,16.6555,15.4809,0.0010,-1.0000
16.6673,0.0000,407.3854,1.1024,0.3028,16.6675,16.6643,15.6257,0.0009,-1.0000
16.6655,0.0000,407.4020,1.0285,0.3221,16.6732,16.6550,15.5990,0.0010,-1.0000
16.6674,0.0000,407.4187,1.0862,0.3142,16.6652,16.6653,15.7020,0.0010,-1.0000
16.6669,0.0000,407.4352,1.1737,0.3664,16.6608,16.6614,15.6402,0.0009,-1.0000
16.6690,0.0000,407.4521,1.0377,0.3006,16.6699,16.6677,15.7402,0.0012,-1.0000
16.6648,0.0000,407.4687,1.0548,0.2472,16.6612,16.6540,15.4645,0.0011,-1.0000
16.6662,0.0000,407.4853,0.9625,0.2386,16.6701,16.6581,15.6372,0.0010,-1.0000
16.6675,0.0000,407.5020,1.0202,0.2435,16.6666,16.6649,15.7389,0.0012,-1.0000
16.6660,0.0000,407.5186,0.9265,0.3088,16.6748,16.6577,15.6377,0.0009,-1.0000
16.6786,0.0000,407.5353,1.1887,0.2570,16.6601,16.6764,15.7223,0.0010,-1.0000
16.6673,0.0000,407.5520,1.0198,0.2494,16.6632,16.6629,15.6605,0.0012,-1.0000
16.6657,0.0000,407.5687,0.9248,0.2482,16.6704,16.6570,15.5986,0.0012,-1.0000
16.6676,0.0000,407.5854,1.0192,0.2904,16.6626,16.6653,15.6770,0.0011,-1.0000
16.6664,0.0000,407.6020,0.9531,0.2571,16.6819,16.6597,15.5290,0.0010,-1.0000
16.6671,0.0000,407.6187,1.0012,0.2642,16.6688,16.6627,15.6964,0.0010,-1.0000
16.6661,0.0000,407.6352,1.0574,0.2374,16.6623,16.6565,15.5971,0.0013,-1.0000
16.6668,0.0000,407.6522,0.9871,0.2646,16.6706,16.6611,15.7957,0.0009,-1.0000
16.6670,0.0000,407.6687,1.1299,0.2849,16.6659,16.6650,15.4527,0.0010,-1.0000
16.6665,0.0000,407.6853,0.9652,0.3431,16.6679,16.6617,15.5635,0.0010,-1.0000
16.6683,0.0000,407.7021,1.0579,0.2457,16.6617,16.6640,15.7269,0.0011,-1.0000
16.6663,0.0000,407.7187,0.8643,0.3208,16.6657,16.6600,15.5166,0.0009,-1.0000
16.6664,0.0000,407.7353,1.2113,0.2766,16.6696,16.6588,15.5332,0.0011,-1.0000
16.6666,0.0000,407.7520,1.0971,0.2676,16.6664,16.6633,15.7372,0.0009,-1.0000
16.6664,0.0000,407.7687,0.9360,0.3413,16.6700,16.6586,15.5896,0.0010,-1.0000
16.6669,0.0000,407.7853,1.1425,0.3145,16.6669,16.6600,15.6245,0.0009,-1.0000
16.6690,0.0000,407.8021,1.1245,0.3490,16.6652,16.6710,15.7210,0.0012,-1.0000
16.6659,0.0000,407.8187,0.9251,0.2862,16.6683,16.6570,15.4136,0.0013,-1.0000
16.6663,0.0000,407.8353,1.0683,0.3049,16.6637,16.6548,15.5507,0.0010,-1.0000
16.6656,0.0000,407.8520,1.0345,0.2921,16.6650,16.6610,15.6770,0.0010,-1.0000
16.6687,0.0000,407.8687,0.9487,0.3281,16.6775,16.6681,15.6692,0.0009,-1.0000
16.6654,0.0000,407.8854,1.2422,0.2960,16.6648,16.6563,15.5421,0.0011,-1.0000
16.6667,0.0000,407.9020,1.1033,0.2850,16.6604,16.6608,15.6323,0.0009,-1.0000
16.6673,0.0000,407.9187,0.9832,0.2602,16.6656,16.6608,15.7139,0.0012,-1.0000
16.6665,0.0000,407.9353,0.9975,0.2996,16.6737,16.6635,15.6212,0.0009,-1.0000
16.6660,0.0000,407.9520,1.1131,0.2447,16.6618,16.6587,15.6968,0.0011,-1.0000
16.6669,0.0000,407.9687,1.0274,0.2552,16.6659,16.6632,15.6912,0.0008,-1.0000
16.6675,0.0000,407.9854,0.9454,0.2501,16.6656,16.6628,15.6747,0.0011,-1.0000
16.6668,0.0000,408.0020,1.0411,0.2979,16.6690,16.6622,15.6415,0.0012,-1.0000
16.6677,0.0000,408.0187,0.9607,0.2653,16.6635,16.6630,15.5632,0.0012,-1.0000
16.6665,0.0000,408.0353,0.9712,0.2585,16.6687,16.6605,15.5671,0.0010,-1.0000
16.6659,0.0000,408.0520,0.9869,0.2450,16.6679,16.6573,15.5954,0.0013,-1.0000
16.6667,0.0000,408.0687,1.0197,0.2578,16.6678,16.6635,15.5991,0.0010,-1.0000
16.6671,0.0000,408.0854,1.0984,0.2623,16.6688,16.6613,15.6787,0.0013,-1.0000
16.6664,0.0000,408.1020,1.0924,0.2640,16.6663,16.6607,15.5786,0.0010,-1.0000
16.6667,0.0000,408.1187,1.0605,0.2628,16.6626,16.6663,15.6987,0.0010,-1.0000
16.6678,0.0000,408.1353,1.0633,0.2666,16.6685,16.6598,15.5729,0.0009,-1.0000
16.6659,0.0000,408.1521,0.9814,0.2622,16.6666,16.6591,15.6214,0.0008,-1.0000
16.6682,0.0000,408.1688,1.0812,0.2442,16.6660,16.6630,15.6035,0.0010,-1.0000
16.6674,0.0000,408.1854,0.9665,0.3279,16.6719,16.6624,15.3932,0.0011,-1.0000
16.6658,0.0000,408.2021,1.0857,0.2741,16.6660,16.6552,15.4521,0.0012,-1.0000
16.6662,0.0000,408.2188,1.0369,0.2620,16.6652,16.6606,15.4077,0.0011,-1.0000
16.6677,0.0000,408.2353,1.0583,0.2760,16.6694,16.6643,15.4117,0.0013,-1.0000
16.6663,0.0000,408.2521,1.2681,0.2959,16.6695,16.6561,15.4447,0.0016,-1.0000
16.6668,0.0000,408.2687,1.2020,0.3055,16.6618,16.6586,15.3947,0.0011,-1.0000
16.6862,0.0000,408.2854,1.2517,0.2974,16.6674,16.6799,15.5488,0.0010,-1.0000
16.6675,0.0000,408.3021,1.2514,0.3192,16.6719,16.6616,15.4922,0.0011,-1.0000
16.6663,0.0000,408.3187,1.2098,0.2994,16.6634,16.6573,15.5321,0.0009,-1.0000
16.6672,0.0000,408.3366,1.2628,0.2705,16.6650,16.6645,15.6170,0.0010,-1.0000
16.6665,0.0000,408.3520,1.1300,0.2975,16.6862,16.6588,14.1096,0.0011,-1.0000
16.6661,0.0000,408.3687,1.1683,0.2754,16.6679,16.6581,15.5794,0.0009,-1.0000
16.6665,0.0000,408.3853,1.1244,0.2760,16.6634,16.6607,15.5014,0.0011,-1.0000
16.6668,0.0000,408.4020,1.0466,0.3949,16.6710,16.6597,15.6151,0.0009,-1.0000
16.6669,0.0000,408.4187,2.5482,0.3069,16.6651,16.6623,15.7097,0.0009,-1.0000
16.6668,0.0000,408.4353,1.0776,0.4758,16.6633,16.6634,15.5819,0.0011,-1.0000
16.6676,0.0000,408.4521,1.1582,0.2921,16.6679,16.6641,15.7535,0.0009,-1.0000
16.6660,0.0000,408.4687,1.0436,0.3086,16.6643,16.6600,15.5538,0.0011,-1.0000
16.6669,0.0000,408.4854,0.9518,0.2973,16.6669,16.6615,15.6700,0.0010,-1.0000
16.6679,0.0000,408.5021,1.0804,0.2928,16.6677,16.6635,15.5719,0.0012,-1.0000
16.6661,0.0000,408.5187,0.9096,0.3636,16.6688,16.6605,15.4674,0.0011,-1.0000
16.6667,0.0000,408.5353,1.1049,0.3233,16.6656,16.6626,15.6386,0.0013,-1.0000
16.6657,0.0000,408.5520,0.9904,0.3210,16.6661,16.6582,15.5835,0.0014,-1.0000
16.6671,0.0000,408.5687,1.0905,0.2937,16.6698,16.6633,15.6228,0.0011,-1.0000
16.6674,0.0000,408.5854,1.1922,0.2882,16.6658,16.6610,15.6680,0.0009,-1.0000
16.6663,0.0000,408.6020,1.0228,0.3079,16.6672,16.6601,15.5254,0.0009,-1.0000
16.6668,0.0000,408.6187,1.0733,0.3139,16.6643,16.6608,15.7087,0.0009,-1.0000
16.6678,0.0000,408.6353,1.0393,0.2743,16.6681,16.6650,15.6839,0.0009,-1.0000
16.6671,0.0000,408.6521,0.9922,0.3073,16.6665,16.6624,15.6017,0.0012,-1.0000
16.6663,0.0000,408.6687,1.1340,0.3462,16.6657,16.6585,15.5898,0.0010,-1.0000
16.6662,0.0000,408.6854,0.9512,0.2825,16.6656,16.6608,15.5570,0.0008,-1.0000
16.6669,0.0000,408.7020,0.9802,0.3014,16.6701,16.6627,15.6559,0.0009,-1.0000
16.6677,0.0000,408.7187,1.0597,0.3097,16.6692,16.6660,15.6050,0.0009,-1.0000
16.6653,0.0000,408.7353,1.0677,0.2916,16.6646,16.6537,15.5443,0.0012,-1.0000
16.6669,0.0000,408.7520,1.1031,0.3094,16.6653,16.6636,15.6846,0.0012,-1.0000
16.6670,0.0000,408.7687,1.0059,0.3042,16.6682,16.6636,15.5172,0.0009,-1.0000
16.6664,0.0000,408.7853,1.0600,0.3217,16.6715,16.6578,15.6201,0.0010,-1.0000
16.6669,0.0000,408.8020,1.1082,0.3466,16.6591,16.6637,15.6252,0.0009,-1.0000
16.6672,0.0000,408.8187,0.9777,0.2938,16.6680,16.6617,15.6045,0.0015,-1.0000
16.6664,0.0000,408.8353,1.1454,0.2935,16.6692,16.6590,15.7360,0.0008,-1.0000
16.6671,0.0000,408.8521,1.0368,0.3847,16.6627,16.6632,15.6862,0.0008,-1.0000
16.6663,0.0000,408.8687,1.0377,0.2443,16.6688,16.6594,15.6553,0.0012,-1.0000
16.6672,0.0000,408.8853,1.0556,0.2528,16.6676,16.6635,15.7081,0.0008,-1.0000
16.6663,0.0000,408.9020,0.9223,0.2588,16.6643,16.6598,15.7414,0.0009,-1.0000
16.6672,0.0000,408.9187,0.9764,0.2473,16.6686,16.6645,15.7697,0.0010,-1.0000
16.6659,0.0000,408.9352,1.0026,0.2855,16.6641,16.6597,15.5869,0.0009,-1.0000
16.6676,0.0000,408.9520,0.9544,0.2396,16.6688,16.6635,15.8498,0.0010,-1.0000
16.6674,0.0000,408.9687,0.9175,0.2504,16.6646,16.6642,15.6385,0.0014,-1.0000
16.6667,0.0000,408.9854,0.8939,0.2528,16.6694,16.6622,15.6580,0.0008,-1.0000
16.6660,0.0000,409.0020,1.0718,0.2838,16.6643,16.6574,15.6262,0.0012,-1.0000
16.6678,0.0000,409.0187,0.8126,0.2556,16.6679,16.6653,15.6647,0.0009,-1.0000
16.6660,0.0000,409.0352,1.0243,0.2893,16.6695,16.6580,15.6408,0.0013,-1.0000
16.6666,0.0000,409.0520,1.0035,0.2840,16.6680,16.6606,15.7534,0.0009,-1.0000
16.6670,0.0000,409.0687,1.0304,0.2796,16.6629,16.6615,15.6463,0.0009,-1.0000
16.6669,0.0000,409.0854,0.9999,0.2850,16.6711,16.6626,15.7751,0.0011,-1.0000
16.6660,0.0000,409.1020,1.0158,0.2542,16.6635,16.6596,15.6197,0.0009,-1.0000
16.6679,0.0000,409.1187,0.9062,0.2598,16.6657,16.6663,15.7520,0.0007,-1.0000
16.6675,0.0000,409.1353,1.0145,0.2503,16.6670,16.6646,15.6979,0.0012,-1.0000
16.6659,0.0000,409.1520,0.8864,0.2509,16.6678,16.6548,15.7301,0.0008,-1.0000
16.6695,0.0000,409.1688,1.0391,0.2758,16.6643,16.6686,15.7507,0.0009,-1.0000
16.6635,0.0000,409.1853,0.9137,0.2505,16.6713,16.6507,15.4672,0.0010,-1.0000
16.6673,0.0000,409.2020,0.9653,0.3182,16.6710,16.6636,15.7179,0.0009,-1.0000
16.6674,0.0000,409.2187,0.9237,0.2336,16.6608,16.6639,15.6654,0.0009,-1.0000
16.6675,0.0000,409.2352,0.9167,0.3012,16.6751,16.6590,15.5398,0.0013,-1.0000
16.6862,0.0000,409.2521,1.1823,0.2534,16.6567,16.6807,15.8277,0.0009,-1.0000
16.6670,0.0000,409.2687,0.9448,0.2811,16.6693,16.6614,15.6351,0.0010,-1.0000
16.6662,0.0000,409.2853,0.9976,0.2690,16.6697,16.6596,15.6960,0.0010,-1.0000
16.6693,0.0000,409.3021,1.1181,0.2992,16.6647,16.6686,15.7202,0.0010,-1.0000
16.6651,0.0000,409.3187,0.8520,0.2578,16.6869,16.6550,15.4862,0.0010,-1.0000
16.6677,0.0000,409.3354,1.0252,0.3474,16.6666,16.6628,15.5854,0.0010,-1.0000
16.6664,0.0000,409.3521,0.9624,0.3052,16.6652,16.6575,15.5514,0.0010,-1.0000
16.6658,0.0000,409.3687,0.9476,0.3349,16.6753,16.6585,15.6189,0.0011,-1.0000
16.6677,0.0000,409.3854,1.1679,0.2850,16.6610,16.6660,15.6189,0.0009,-1.0000
16.6661,0.0000,409.4020,1.0764,0.2845,16.6700,16.6568,15.5802,0.0008,-1.0000
16.6672,0.0000,409.4187,1.1051,0.2664,16.6639,16.6631,15.6863,0.0009,-1.0000
16.6658,0.0000,409.4353,1.0385,0.3460,16.6642,16.6580,15.5530,0.0009,-1.0000
16.6678,0.0000,409.4521,1.0462,0.2521,16.6716,16.6684,15.8168,0.0012,-1.0000
16.6653,0.0000,409.4687,1.0756,0.2466,16.6627,16.6543,15.6087,0.0009,-1.0000
16.6670,0.0000,409.4854,0.9758,0.2601,16.6683,16.6619,15.7653,0.0010,-1.0000
16.6663,0.0000,409.5020,1.1041,0.2498,16.6630,16.6613,15.7262,0.0013,-1.0000
16.6673,0.0000,409.5187,0.8502,0.2582,16.6747,16.6617,15.6868,0.0010,-1.0000
16.6728,0.0000,409.5353,1.0447,0.2782,16.6593,16.6681,15.7675,0.0009,-1.0000
16.6670,0.0000,409.5521,0.8955,0.2348,16.6664,16.6628,15.6482,0.0012,-1.0000
16.6658,0.0000,409.5687,0.9338,0.2432,16.6672,16.6588,15.5987,0.0014,-1.0000
16.6674,0.0000,409.5854,0.9739,0.2870,16.6667,16.6628,15.7709,0.0012,-1.0000
16.6663,0.0000,409.6020,0.8997,0.2361,16.6733,16.6604,15.6048,0.0036,-1.0000
16.6676,0.0000,409.6187,1.0134,0.2352,16.6685,16.6640,15.7426,0.0009,-1.0000
16.6656,0.0000,409.6353,1.0585,0.2374,16.6640,16.6566,15.5812,0.0011,-1.0000
16.6670,0.0000,409.6520,0.8906,0.2392,16.6687,16.6632,15.8163,0.0011,-1.0000
16.6667,0.0000,409.6687,1.0541,0.2829,16.6656,16.6620,15.7678,0.0010,-1.0000
16.6671,0.0000,409.6854,0.9204,0.2451,16.6689,16.6622,15.6442,0.0012,-1.0000
16.6671,0.0000,409.7020,1.0743,0.2426,16.6623,16.6616,15.6664,0.0011,-1.0000
16.6664,0.0000,409.7187,0.8457,0.2738,16.6680,16.6613,15.6781,0.0013,-1.0000
16.6658,0.0000,409.7353,0.8932,0.2493,16.6675,16.6580,15.7150,0.0010,-1.0000
16.6679,0.0000,409.7520,1.0166,0.2447,16.6680,16.6658,15.8955,0.0010,-1.0000
16.6677,0.0000,409.7688,0.9940,0.2601,16.6675,16.6642,15.6830,0.0009,-1.0000
16.6651,0.0000,409.7853,0.9819,0.2588,16.6658,16.6554,15.5897,0.0013,-1.0000
16.6667,0.0000,409.8020,0.9421,0.2841,16.6629,16.6626,15.8079,0.0010,-1.0000
16.6664,0.0000,409.8190,0.7692,0.2468,16.6707,16.6609,15.7202,0.0009,-1.0000
16.6675,0.0000,409.8353,0.9801,0.2481,16.6697,16.6636,15.3306,0.0012,-1.0000
16.6672,0.0000,409.8520,1.0644,0.2393,16.6609,16.6629,15.6634,0.0009,-1.0000
16.6722,0.0000,409.8687,0.8538,0.2412,16.6675,16.6671,15.7007,0.0009,-1.0000
16.6688,0.0000,409.8854,0.9396,0.3567,16.6654,16.6677,15.5905,0.0012,-1.0000
16.6662,0.0000,409.9022,1.3318,0.2743,16.6685,16.6588,15.5051,0.0008,-1.0000
16.6668,0.0000,409.9188,0.9987,0.2934,16.6683,16.6561,15.5141,0.0011,-1.0000
16.6657,0.0000,409.9353,0.9657,0.3269,16.6728,16.6607,15.5145,0.0010,-1.0000
16.6725,0.0000,409.9521,1.0759,0.3144,16.6748,16.6666,15.7923,0.0008,-1.0000
16.6666,0.0000,409.9688,1.1529,0.2908,16.6653,16.6623,15.5001,0.0010,-1.0000
16.6668,0.0000,409.9854,1.1408,0.2851,16.6619,16.6583,15.5126,0.0009,-1.0000
16.6662,0.0000,410.0021,1.1451,0.2797,16.6656,16.6609,15.6976,0.0018,-1.0000
16.6680,0.0000,410.0188,0.8733,0.3013,16.6728,16.6646,15.6780,0.0009,-1.0000
16.6662,0.0000,410.0353,1.1611,0.2845,16.6680,16.6595,15.5181,0.0014,-1.0000
16.6668,0.0000,410.0521,1.1449,0.2742,16.6637,16.6608,15.6404,0.0012,-1.0000
16.6661,0.0000,410.0687,0.9615,0.2460,16.6666,16.6593,15.6342,0.0013,-1.0000
16.6685,0.0000,410.0854,0.9855,0.2523,16.6699,16.6692,15.6550,0.0010,-1.0000
16.6651,0.0000,410.1020,1.1401,0.2417,16.6648,16.6513,15.4973,0.0011,-1.0000
16.6680,0.0000,410.1188,1.0193,0.2469,16.6666,16.6664,15.7697,0.0009,-1.0000
16.6695,0.0000,410.1353,1.0238,0.2559,16.6652,16.6690,15.6131,0.0009,-1.0000
16.6655,0.0000,410.1521,1.0133,0.2536,16.6751,16.6589,15.6368,0.0008,-1.0000
16.6671,0.0000,410.1688,1.1527,0.2609,16.6571,16.6548,15.6457,0.0008,-1.0000
16.6647,0.0000,410.1854,0.8958,0.2538,16.6721,16.6561,15.5132,0.0010,-1.0000
16.6673,0.0000,410.2021,1.0548,0.2850,16.6759,16.6633,15.7688,0.0013,-1.0000
16.6665,0.0000,410.2187,1.0212,0.2578,16.6651,16.6621,15.7527,0.0013,-1.0000
16.6696,0.0000,410.2354,1.0080,0.2667,16.6611,16.6683,15.6946,0.0013,-1.0000
16.6657,0.0000,410.2522,1.1423,0.2415,16.6619,16.6561,15.5648,0.0011,-1.0000
16.6673,0.0000,410.2688,0.8933,0.2894,16.6678,16.6597,15.4033,0.0011,-1.0000
16.6684,0.0000,410.2855,0.9081,0.2309,16.6678,16.6694,15.5195,0.0011,-1.0000
16.6654,0.0000,410.3021,0.9721,0.2922,16.6757,16.6485,15.3240,0.0014,-1.0000
16.6657,0.0000,410.3188,1.0900,0.3138,16.6633,16.6581,15.5752,0.0010,-1.0000
16.6672,0.0000,410.3354,1.2547,0.2755,16.6668,16.6652,15.6324,0.0010,-1.0000
16.6662,0.0000,410.3521,1.1490,0.3347,16.6772,16.6557,15.5434,0.0011,-1.0000
16.6674,0.0000,410.3688,1.3232,0.2889,16.6550,16.6640,15.6484,0.0010,-1.0000
16.6655,0.0000,410.3854,1.0816,0.2546,16.6641,16.6582,15.5533,0.0010,-1.0000
16.6683,0.0000,410.4021,1.0316,0.2759,16.6723,16.6646,15.6669,0.0015,-1.0000
16.6661,0.0000,410.4188,1.1112,0.2460,16.6611,16.6556,15.5876,0.0012,-1.0000
16.6656,0.0000,410.4353,1.0146,0.2699,16.6704,16.6580,15.5407,0.0010,-1.0000
16.6671,0.0000,410.4521,1.1037,0.2395,16.6641,16.6631,15.8541,0.0007,-1.0000
16.6671,0.0000,410.4688,0.9963,0.2711,16.6715,16.6632,15.5989,0.0012,-1.0000
16.6667,0.0000,410.4858,1.0671,0.2495,16.6623,16.6596,15.5450,0.0012,-1.0000
16.7461,0.0000,410.5022,1.1162,0.2317,16.6627,16.7420,15.1567,0.0011,-1.0000
16.5875,0.0000,410.5187,0.8082,0.2406,16.6681,16.5805,15.4356,0.0009,-1.0000
16.6671,0.0000,410.5353,1.0634,0.2498,16.6695,16.6787,15.6923,0.0010,-1.0000
16.6674,0.0000,410.5521,1.1133,0.3415,16.6652,16.6477,15.6178,0.0016,-1.0000
16.6648,0.0000,410.5687,1.5840,0.2849,16.7475,16.6515,15.5865,0.0014,-1.0000
16.6689,0.0000,410.5854,1.1439,0.2794,16.5859,16.6697,15.6912,0.0010,-1.0000
16.6648,0.0000,410.6021,0.9854,0.3106,16.6844,16.6532,15.4989,0.0011,-1.0000
16.6680,0.0000,410.6187,1.0282,0.2868,16.6544,16.6640,15.6977,0.0011,-1.0000
16.6656,0.0000,410.6353,1.0636,0.2823,16.6579,16.6589,15.6426,0.0008,-1.0000
16.6674,0.0000,410.6521,0.9771,0.2933,16.6757,16.6637,15.7745,0.0011,-1.0000
16.6669,0.0000,410.6688,1.1532,0.2903,16.6594,16.6599,15.7352,0.0008,-1.0000
16.6673,0.0000,410.6854,0.9652,0.2948,16.6687,16.6642,15.5998,0.0010,-1.0000
16.6670,0.0000,410.7021,1.0155,0.2700,16.6639,16.6626,15.6521,0.0008,-1.0000
16.6665,0.0000,410.7188,0.8882,0.3069,16.6695,16.6611,15.6120,0.0010,-1.0000
16.6660,0.0000,410.7353,0.9239,0.2549,16.6652,16.6556,15.6592,0.0013,-1.0000
16.6685,0.0000,410.7522,1.0635,0.2476,16.6691,16.6674,15.8475,0.0009,-1.0000
16.6657,0.0000,410.7687,1.0097,0.3501,16.6685,16.6595,15.2250,0.0011,-1.0000
16.6671,0.0000,410.7854,1.0480,0.2381,16.6669,16.6613,15.6869,0.0011,-1.0000
16.6659,0.0000,410.8020,0.9955,0.2499,16.6615,16.6596,15.6471,0.0013,-1.0000
16.6664,0.0000,410.8187,0.8192,0.2793,16.6723,16.6605,15.7240,0.0013,-1.0000
16.6686,0.0000,410.8354,1.4335,0.2521,16.6650,16.6691,15.7836,0.0010,-1.0000
16.6673,0.0000,410.8521,0.9733,0.2580,16.6659,16.6617,15.4600,0.0009,-1.0000
16.6670,0.0000,410.8688,1.0110,0.2785,16.6643,16.6595,15.5049,0.0011,-1.0000
16.6645,0.0000,410.8853,0.9352,0.2483,16.6658,16.6521,15.5457,0.0010,-1.0000
16.6683,0.0000,410.9021,0.8846,0.2719,16.6751,16.6659,15.7315,0.0010,-1.0000
16.6657,0.0000,410.9188,1.2003,0.2569,16.6690,16.6564,15.5807,0.0012,-1.0000
16.6661,0.0000,410.9353,1.1533,0.2718,16.6660,16.6596,15.5731,0.0009,-1.0000
16.6677,0.0000,410.9521,1.1054,0.3071,16.6581,16.6661,15.8397,0.0009,-1.0000
16.6669,0.0000,410.9688,0.9335,0.2582,16.6732,16.6605,15.6027,0.0011,-1.0000
16.6674,0.0000,410.9854,1.0745,0.2494,16.6631,16.6594,15.6221,0.0009,-1.0000
16.6661,0.0000,411.0021,1.0859,0.2358,16.6642,16.6613,15.6619,0.0010,-1.0000
16.6669,0.0000,411.0187,0.8256,0.2599,16.6714,16.6619,15.5932,0.0009,-1.0000
16.6666,0.0000,411.0353,1.0566,0.2694,16.6669,16.6629,15.6769,0.0010,-1.0000
16.6662,0.0000,411.0520,1.0363,0.2501,16.6654,16.6551,15.7254,0.0009,-1.0000
16.6668,0.0000,411.0687,0.9984,0.2573,16.6675,16.6617,15.7436,0.0009,-1.0000
16.6682,0.0000,411.0854,1.0678,0.2797,16.6672,16.6667,15.7676,0.0013,-1.0000
16.6649,0.0000,411.1020,0.9850,0.2587,16.6688,16.6543,15.3816,0.0011,-1.0000
16.6679,0.0000,411.1187,0.9288,0.2434,16.6605,16.6677,15.7902,0.0009,-1.0000
16.6665,0.0000,411.1353,0.9175,0.2432,16.6671,16.6566,15.6644,0.0008,-1.0000
16.6672,0.0000,411.1520,0.8978,0.2585,16.6725,16.6600,15.7459,0.0011,-1.0000
16.6682,0.0000,411.1688,1.2716,0.2430,16.6595,16.6724,15.7811,0.0008,-1.0000
16.6650,0.0000,411.1854,0.8767,0.2547,16.6744,16.6499,15.4751,0.0011,-1.0000
16.6696,0.0000,411.2022,0.9914,0.2415,16.6626,16.6728,15.6250,0.0012,-1.0000
16.6655,0.0000,411.2188,0.9128,0.2341,16.6652,16.6512,15.3666,0.0012,-1.0000
16.6659,0.0000,411.2353,0.8904,0.2925,16.6797,16.6550,15.5431,0.0010,-1.0000
16.6671,0.0000,411.2522,1.1737,0.2726,16.6561,16.6629,15.6075,0.0011,-1.0000
16.6664,0.0000,411.2687,1.0464,0.3497,16.6810,16.6574,15.4194,0.0011,-1.0000
16.6870,0.0000,411.2855,1.2833,0.2641,16.6597,16.6816,15.6695,0.0009,-1.0000
16.6674,0.0000,411.3022,1.1108,0.2647,16.6610,16.6655,15.5717,0.0009,-1.0000
16.6656,0.0000,411.3188,1.0541,0.3232,16.6694,16.6523,15.4753,0.0011,-1.0000
16.6669,0.0000,411.3354,1.2366,0.2564,16.6641,16.6629,15.6879,0.0009,-1.0000
16.6668,0.0000,411.3521,1.0110,0.2794,16.6874,16.6603,15.5854,0.0009,-1.0000
16.6666,0.0000,411.3709,1.0929,0.2940,16.6721,16.6608,15.6754,0.0009,-1.0000
16.6672,0.0000,411.3855,1.1759,0.2578,16.6587,16.6639,13.3635,0.0014,-1.0000
16.6654,0.0000,411.4021,0.9740,0.2589,16.6691,16.6539,15.4780,0.0011,-1.0000
16.6683,0.0000,411.4188,1.0737,0.2483,16.6663,16.6668,15.6841,0.0009,-1.0000
16.6660,0.0000,411.4353,0.9845,0.3972,16.6671,16.6580,15.4563,0.0010,-1.0000
16.6675,0.0000,411.4521,3.2991,0.3138,16.6699,16.6628,15.7276,0.0008,-1.0000
16.6667,0.0000,411.4688,1.1749,0.3112,16.6594,16.6618,15.5287,0.0012,-1.0000
16.6676,0.0000,411.4855,0.9818,0.3220,16.6729,16.6613,15.4388,0.0015,-1.0000
16.6658,0.0000,411.5021,1.2007,0.2968,16.6642,16.6567,15.5144,0.0010,-1.0000
16.6657,0.0000,411.5187,0.9343,0.2886,16.6684,16.6554,15.5696,0.0011,-1.0000
16.6675,0.0000,411.5353,1.1320,0.3270,16.6689,16.6639,15.7454,0.0010,-1.0000
16.6672,0.0000,411.5521,1.2212,0.3278,16.6687,16.6651,15.7612,0.0008,-1.0000
16.6666,0.0000,411.5688,1.1412,0.2888,16.6634,16.6580,15.5710,0.0009,-1.0000
16.6670,0.0000,411.5854,1.0848,0.2722,16.6604,16.6619,15.6910,0.0010,-1.0000
16.6663,0.0000,411.6021,0.9173,0.2838,16.6693,16.6576,15.5589,0.0010,-1.0000
16.6674,0.0000,411.6187,0.9029,0.2722,16.6715,16.6640,15.6539,0.0011,-1.0000
16.6663,0.0000,411.6353,1.0860,0.2503,16.6635,16.6593,15.3234,0.0010,-1.0000
16.6667,0.0000,411.6521,0.9699,0.2577,16.6680,16.6611,15.7597,0.0012,-1.0000
16.6672,0.0000,411.6688,1.0978,0.2506,16.6644,16.6601,15.6686,0.0009,-1.0000
16.6656,0.0000,411.6854,1.0090,0.2607,16.6700,16.6571,15.5989,0.0011,-1.0000
16.6671,0.0000,411.7021,1.3350,0.2362,16.6647,16.6637,15.7823,0.0010,-1.0000
16.6690,0.0000,411.7188,0.9005,0.2577,16.6678,16.6703,15.7561,0.0008,-1.0000
16.6647,0.0000,411.7353,0.9906,0.2604,16.6657,16.6529,15.5963,0.0010,-1.0000
16.6670,0.0000,411.7521,1.0572,0.2345,16.6624,16.6624,15.8216,0.0008,-1.0000
16.6665,0.0000,411.7687,0.8805,0.2419,16.6685,16.6581,15.6244,0.0009,-1.0000
16.6671,0.0000,411.7854,0.9135,0.2632,16.6773,16.6633,15.7645,0.0009,-1.0000
16.6672,0.0000,411.8021,1.0555,0.2542,16.6583,16.6614,15.7143,0.0010,-1.0000
16.6668,0.0000,411.8187,0.8400,0.3116,16.6684,16.6621,15.6852,0.0010,-1.0000
16.6663,0.0000,411.8353,1.0327,0.2415,16.6632,16.6595,15.7076,0.0009,-1.0000
16.6663,0.0000,411.8521,0.8978,0.2460,16.6683,16.6617,15.7247,0.0011,-1.0000
16.6670,0.0000,411.8687,0.9460,0.2557,16.6667,16.6624,15.7738,0.0011,-1.0000
16.6664,0.0000,411.8854,0.9758,0.2438,16.6676,16.6583,15.6871,0.0009,-1.0000
16.6671,0.0000,411.9020,0.9509,0.2438,16.6645,16.6621,15.7776,0.0008,-1.0000
16.6669,0.0000,411.9187,0.9360,0.2740,16.6675,16.6641,15.8109,0.0007,-1.0000
16.6661,0.0000,411.9353,0.8875,0.2546,16.6676,16.6593,15.6627,0.0009,-1.0000
16.6663,0.0000,411.9520,0.9702,0.2800,16.6633,16.6618,15.8414,0.0009,-1.0000
16.6691,0.0000,411.9688,0.8836,0.2373,16.6673,16.6683,15.8059,0.0008,-1.0000
16.6669,0.0000,411.9854,0.8524,0.2358,16.6693,16.6613,15.6543,0.0009,-1.0000
16.6652,0.0000,412.0021,0.9959,0.2709,16.6642,16.6560,15.6817,0.0010,-1.0000
16.6673,0.0000,412.0188,0.8193,0.2336,16.6663,16.6620,15.6710,0.0010,-1.0000
16.6670,0.0000,412.0353,0.8611,0.2456,16.6736,16.6623,15.6381,0.0008,-1.0000
16.6663,0.0000,412.0521,1.0060,0.2476,16.6676,16.6610,15.7759,0.0009,-1.0000
16.6672,0.0000,412.0687,0.9733,0.2510,16.6625,16.6619,15.6019,0.0009,-1.0000
16.6667,0.0000,412.0854,0.9904,0.2711,16.6673,16.6596,15.7265,0.0009,-1.0000
16.6672,0.0000,412.1021,1.0232,0.2423,16.6674,16.6655,15.6833,0.0010,-1.0000
16.6668,0.0000,412.1187,0.8842,0.2521,16.6667,16.6584,15.6782,0.0009,-1.0000
16.6679,0.0000,412.1353,1.0591,0.2941,16.6671,16.6637,15.6842,0.0010,-1.0000
16.6658,0.0000,412.1521,0.9321,0.2401,16.6649,16.6581,15.7226,0.0009,-1.0000
16.6668,0.0000,412.1688,0.9817,0.2521,16.6712,16.6624,15.6629,0.0010,-1.0000
16.6665,0.0000,412.1854,0.9792,0.2704,16.6649,16.6629,15.5455,0.0010,-1.0000
16.6849,0.0000,412.2021,0.9781,0.3042,16.6699,16.6735,15.6593,0.0013,-1.0000
16.6661,0.0000,412.2188,0.9351,0.2557,16.6639,16.6598,15.6499,0.0010,-1.0000
16.6687,0.0000,412.2354,0.9985,0.2567,16.6687,16.6647,15.6414,0.0010,-1.0000
16.6671,0.0000,412.2522,1.1163,0.2585,16.6686,16.6634,15.7171,0.0012,-1.0000
16.6652,0.0000,412.2688,1.0128,0.2757,16.6803,16.6538,15.4162,0.0012,-1.0000
16.6688,0.0000,412.2855,1.0088,0.2386,16.6652,16.6650,15.6902,0.0012,-1.0000
16.6655,0.0000,412.3022,1.0221,0.3016,16.6707,16.6584,15.5060,0.0012,-1.0000
16.6677,0.0000,412.3188,0.9449,0.2680,16.6713,16.6639,15.5129,0.0010,-1.0000
16.6659,0.0000,412.3354,1.2364,0.2523,16.6599,16.6572,15.5194,0.0011,-1.0000
16.6665,0.0000,412.3521,0.9734,0.3413,16.6720,16.6581,15.6728,0.0010,-1.0000
16.6815,0.0000,412.3688,1.1512,0.3118,16.6649,16.6735,15.6642,0.0009,-1.0000
16.6669,0.0000,412.3855,1.1501,0.2906,16.6714,16.6632,15.6229,0.0013,-1.0000
16.6673,0.0000,412.4022,1.1367,0.2793,16.6643,16.6602,15.5799,0.0012,-1.0000
16.6667,0.0000,412.4189,0.9843,0.2706,16.6650,16.6619,15.5978,0.0010,-1.0000
16.6662,0.0000,412.4356,1.0084,0.3336,16.6788,16.6586,15.5039,0.0009,-1.0000
16.6673,0.0000,412.4521,1.0392,0.2682,16.6686,16.6600,15.4532,0.0013,-1.0000
16.6655,0.0000,412.4688,1.0791,0.2696,16.6663,16.6577,15.6327,0.0009,-1.0000
16.6671,0.0000,412.4854,1.0628,0.3117,16.6688,16.6627,15.7157,0.0010,-1.0000
16.6667,0.0000,412.5022,1.1536,0.3544,16.6652,16.6621,15.5847,0.0011,-1.0000
16.6663,0.0000,412.5188,1.2056,0.2907,16.6658,16.6589,15.4721,0.0010,-1.0000
16.6682,0.0000,412.5354,1.0241,0.3486,16.6633,16.6664,15.5896,0.0011,-1.0000
16.6654,0.0000,412.5521,0.9461,0.2789,16.6681,16.6539,15.6687,0.0009,-1.0000
16.6679,0.0000,412.5688,1.0764,0.2924,16.6674,16.6651,15.6267,0.0011,-1.0000
16.6667,0.0000,412.5855,1.1857,0.3138,16.6649,16.6592,15.6460,0.0013,-1.0000
16.6668,0.0000,412.6022,1.0757,0.3122,16.6734,16.6623,15.5541,0.0011,-1.0000
16.6660,0.0000,412.6188,0.9842,0.2845,16.6597,16.6585,15.6145,0.0011,-1.0000
16.6667,0.0000,412.6354,1.0373,0.3259,16.6714,16.6629,15.6708,0.0009,-1.0000
16.6666,0.0000,412.6521,1.0121,0.3002,16.6646,16.6599,15.7252,0.0008,-1.0000
16.6671,0.0000,412.6688,1.1072,0.2877,16.6685,16.6630,15.7011,0.0010,-1.0000
16.6668,0.0000,412.6855,1.0427,0.2783,16.6640,16.6604,15.5691,0.0012,-1.0000
16.6667,0.0000,412.7021,0.9913,0.2683,16.6691,16.6599,15.6964,0.0009,-1.0000
16.6684,0.0000,412.7188,0.9338,0.2500,16.6648,16.6675,15.7046,0.0008,-1.0000
16.6653,0.0000,412.7354,0.9609,0.3193,16.6692,16.6527,15.5867,0.0008,-1.0000
16.6674,0.0000,412.7522,1.0899,0.2586,16.6659,16.6632,15.7962,0.0008,-1.0000
16.6661,0.0000,412.7688,0.9628,0.2686,16.6652,16.6580,15.4564,0.0013,-1.0000
16.6674,0.0000,412.7855,0.9620,0.2812,16.6744,16.6618,15.6902,0.0012,-1.0000
16.6658,0.0000,412.8021,1.0651,0.2657,16.6594,16.6622,15.6708,0.0010,-1.0000
16.6668,0.0000,412.8188,0.8660,0.2698,16.6694,16.6601,15.6470,0.0007,-1.0000
16.6667,0.0000,412.8354,1.2000,0.2601,16.6637,16.6590,15.7170,0.0008,-1.0000
16.6676,0.0000,412.8521,0.9702,0.2793,16.6672,16.6636,15.7011,0.0013,-1.0000
16.6667,0.0000,412.8688,0.9903,0.2669,16.6689,16.6603,15.6785,0.0010,-1.0000
16.6669,0.0000,412.8855,1.0125,0.2593,16.6660,16.6618,15.5492,0.0010,-1.0000
16.6662,0.0000,412.9021,0.9411,0.2631,16.6643,16.6583,15.5028,0.0012,-1.0000
16.6670,0.0000,412.9189,0.9615,0.3110,16.6699,16.6627,15.7124,0.0008,-1.0000
16.6663,0.0000,412.9354,0.9809,0.2767,16.6660,16.6604,15.5097,0.0010,-1.0000
16.6664,0.0000,412.9521,1.1117,0.2795,16.6685,16.6608,15.7835,0.0010,-1.0000
16.6665,0.0000,412.9688,1.1543,0.3116,16.6632,16.6591,15.6683,0.0011,-1.0000
16.6663,0.0000,412.9854,0.9494,0.2641,16.6683,16.6602,15.6959,0.0009,-1.0000
16.6673,0.0000,413.0021,1.1493,0.2854,16.6655,16.6643,15.7713,0.0010,-1.0000
16.6668,0.0000,413.0188,0.8766,0.2593,16.6667,16.6606,15.6139,0.0010,-1.0000
16.6669,0.0000,413.0353,0.9895,0.2670,16.6656,16.6613,15.7727,0.0009,-1.0000
16.6672,0.0000,413.0522,0.9636,0.2705,16.6644,16.6633,15.8304,0.0009,-1.0000
16.6673,0.0000,413.0688,0.8921,0.2602,16.6697,16.6628,15.6295,0.0015,-1.0000
16.6664,0.0000,413.0855,1.0457,0.2537,16.6655,16.6614,15.7066,0.0010,-1.0000
16.6653,0.0000,413.1023,0.8872,0.3207,16.6657,16.6576,15.6252,0.0010,-1.0000
16.6878,0.0000,413.1188,0.8321,0.2643,16.6688,16.6838,15.4499,0.0010,-1.0000
16.6667,0.0000,413.1353,1.0316,0.2803,16.6684,16.6621,15.6143,0.0012,-1.0000
16.6670,0.0000,413.1521,0.9537,0.2640,16.6666,16.6641,15.8114,0.0009,-1.0000
16.6673,0.0000,413.1688,1.0314,0.3431,16.6619,16.6627,15.6847,0.0008,-1.0000
16.6658,0.0000,413.1855,1.2327,0.3634,16.6886,16.6560,15.4504,0.0009,-1.0000
16.6708,0.0000,413.2021,1.0465,0.3962,16.6668,16.6668,15.6924,0.0014,-1.0000
16.6662,0.0000,413.2188,0.8519,0.2974,16.6692,16.6602,15.6135,0.0010,-1.0000
16.6693,0.0000,413.2354,0.9772,0.3186,16.6695,16.6680,15.7308,0.0009,-1.0000
16.6666,0.0000,413.2523,1.2045,0.2900,16.6618,16.6605,15.6275,0.0013,-1.0000
16.6661,0.0000,413.2689,0.9732,0.3619,16.6720,16.6589,15.4253,0.0011,-1.0000
16.6683,0.0000,413.2856,1.0457,0.3319,16.6650,16.6642,15.5378,0.0011,-1.0000
16.6644,0.0000,413.3021,0.9364,0.3162,16.6736,16.6514,15.3743,0.0011,-1.0000
16.6672,0.0000,413.3188,1.0317,0.3347,16.6667,16.6639,15.6870,0.0010,-1.0000
16.6667,0.0000,413.3354,1.2326,0.3382,16.6652,16.6613,15.7248,0.0009,-1.0000
16.6662,0.0000,413.3521,1.1252,0.2814,16.6717,16.6601,15.7010,0.0009,-1.0000
16.6685,0.0000,413.3688,1.2762,0.2648,16.6575,16.6647,15.6963,0.0009,-1.0000
16.6653,0.0000,413.3855,0.9759,0.2733,16.6688,16.6576,15.5914,0.0009,-1.0000
16.6676,0.0000,413.4022,0.9355,0.2722,16.6669,16.6634,15.6231,0.0011,-1.0000
16.6669,0.0000,413.4188,0.9585,0.2994,16.6655,16.6582,15.7237,0.0008,-1.0000
16.6658,0.0000,413.4354,0.9675,0.2792,16.6708,16.6591,15.6391,0.0009,-1.0000
16.6676,0.0000,413.4521,1.0654,0.2700,16.6635,16.6642,15.8519,0.0008,-1.0000
16.6667,0.0000,413.4689,1.0393,0.2609,16.6695,16.6620,15.6638,0.0009,-1.0000
16.6658,0.0000,413.4854,0.9337,0.3033,16.6642,16.6562,15.6148,0.0012,-1.0000
16.6681,0.0000,413.5022,1.0192,0.2540,16.6641,16.6691,15.8243,0.0008,-1.0000
16.6658,0.0000,413.5188,0.8115,0.2911,16.6699,16.6551,15.5448,0.0011,-1.0000
16.6667,0.0000,413.5353,0.9971,0.2666,16.6677,16.6601,15.6559,0.0014,-1.0000
16.6684,0.0000,413.5521,1.0401,0.2469,16.6615,16.6676,15.8800,0.0011,-1.0000
16.6666,0.0000,413.5688,0.8441,0.2696,16.6746,16.6598,15.6879,0.0009,-1.0000
16.6658,0.0000,413.5855,1.1093,0.2688,16.6609,16.6582,15.6771,0.0011,-1.0000
16.6678,0.0000,413.6021,1.0026,0.2929,16.6647,16.6659,15.6834,0.0008,-1.0000
16.6653,0.0000,413.6188,0.7864,0.2484,16.6732,16.6560,15.6860,0.0010,-1.0000
16.6685,0.0000,413.6354,0.9710,0.2472,16.6658,16.6690,15.7932,0.0007,-1.0000
16.6648,0.0000,413.6521,0.9800,0.2585,16.6635,16.6536,15.7512,0.0008,-1.0000
16.6679,0.0000,413.6688,0.9818,0.2547,16.6713,16.6632,15.8018,0.0012,-1.0000
16.6659,0.0000,413.6854,0.9690,0.2826,16.6613,16.6583,15.7175,0.0008,-1.0000
16.6669,0.0000,413.7021,0.8751,0.2575,16.6744,16.6624,15.8412,0.0010,-1.0000
16.6680,0.0000,413.7188,0.9014,0.2369,16.6588,16.6678,15.7819,0.0009,-1.0000
16.6666,0.0000,413.7354,0.8604,0.2594,16.6694,16.6588,15.6661,0.0009,-1.0000
16.6670,0.0000,413.7522,0.9401,0.2421,16.6633,16.6596,15.7822,0.0007,-1.0000
16.6661,0.0000,413.7688,0.8203,0.2564,16.6671,16.6599,15.5072,0.0009,-1.0000
16.6665,0.0000,413.7855,0.8849,0.3050,16.6741,16.6620,15.7304,0.0010,-1.0000
16.6668,0.0000,413.8022,0.9916,0.2570,16.6655,16.6612,15.7156,0.0012,-1.0000
16.6661,0.0000,413.8188,0.8766,0.2600,16.6659,16.6589,15.6250,0.0012,-1.0000
16.6686,0.0000,413.8354,1.1517,0.2511,16.6652,16.6651,15.8028,0.0009,-1.0000
16.6652,0.0000,413.8521,0.9306,0.2420,16.6671,16.6567,15.6508,0.0008,-1.0000
16.6670,0.0000,413.8688,0.9445,0.2547,16.6671,16.6641,15.8251,0.0008,-1.0000
16.6689,0.0000,413.8855,1.0328,0.2590,16.6649,16.6659,15.6718,0.0011,-1.0000
16.6671,0.0000,413.9022,0.8614,0.2921,16.6705,16.6611,15.5354,0.0011,-1.0000
16.6645,0.0000,413.9188,1.0050,0.2323,16.6621,16.6517,15.5297,0.0014,-1.0000
16.6670,0.0000,413.9354,0.8380,0.2929,16.6695,16.6618,15.6999,0.0010,-1.0000
16.6675,0.0000,413.9521,0.9928,0.2743,16.6728,16.6605,15.8133,0.0007,-1.0000
16.6665,0.0000,413.9688,1.1242,0.3021,16.6692,16.6649,15.6695,0.0014,-1.0000
16.6656,0.0000,413.9854,1.1208,0.2600,16.6586,16.6549,15.6516,0.0008,-1.0000
16.6668,0.0000,414.0021,0.9609,0.2789,16.6670,16.6622,15.8133,0.0012,-1.0000
16.6666,0.0000,414.0188,0.8465,0.2627,16.6655,16.6629,15.6926,0.0009,-1.0000
16.6673,0.0000,414.0354,0.9938,0.2541,16.6703,16.6632,15.7598,0.0009,-1.0000
16.6659,0.0000,414.0521,1.0026,0.2404,16.6602,16.6593,15.7908,0.0009,-1.0000
16.6669,0.0000,414.0688,0.8477,0.2629,16.6672,16.6616,15.6929,0.0010,-1.0000
16.6670,0.0000,414.0854,0.9696,0.2519,16.6679,16.6619,15.8195,0.0009,-1.0000
16.6662,0.0000,414.1021,0.9027,0.3180,16.6682,16.6613,15.7206,0.0009,-1.0000
16.6669,0.0000,414.1188,0.8675,0.2616,16.6651,16.6608,15.8121,0.0008,-1.0000
16.6679,0.0000,414.1354,0.9678,0.2557,16.6665,16.6656,15.7578,0.0011,-1.0000
16.6663,0.0000,414.1522,0.8415,0.2491,16.6668,16.6594,15.7953,0.0008,-1.0000
16.6676,0.0000,414.1689,0.9399,0.2541,16.6662,16.6648,15.6914,0.0012,-1.0000
16.6647,0.0000,414.1854,0.8478,0.2616,16.6658,16.6536,15.5881,0.0009,-1.0000
16.6693,0.0000,414.2023,0.9065,0.2761,16.6713,16.6695,15.8356,0.0009,-1.0000
16.6651,0.0000,414.2188,0.8633,0.2505,16.6647,16.6598,15.4166,0.0011,-1.0000
16.6695,0.0000,414.2354,0.9722,0.2689,16.6711,16.6631,15.5722,0.0013,-1.0000
16.6714,0.0000,414.2522,1.0647,0.2419,16.6593,16.6663,15.5661,0.0015,-1.0000
16.6655,0.0000,414.2688,0.8329,0.4107,16.6758,16.6530,15.4671,0.0012,-1.0000
16.6856,0.0000,414.2856,1.2423,0.2994,16.6660,16.6828,15.6641,0.0010,-1.0000
16.6654,0.0000,414.3022,1.0895,0.3539,16.6696,16.6552,15.5200,0.0012,-1.0000
16.6668,0.0000,414.3188,1.0985,0.3366,16.6741,16.6594,15.6353,0.0010,-1.0000
16.6663,0.0000,414.3354,1.1849,0.3302,16.6591,16.6619,15.6560,0.0011,-1.0000
16.6668,0.0000,414.3522,1.0178,0.3509,16.6898,16.6624,15.7383,0.0009,-1.0000
16.6675,0.0000,414.3689,1.1341,0.3300,16.6620,16.6616,15.5718,0.0011,-1.0000
16.6659,0.0000,414.3855,1.0230,0.2833,16.6644,16.6580,15.5860,0.0010,-1.0000
16.6673,0.0000,414.4021,1.0050,0.2942,16.6672,16.6619,15.6616,0.0014,-1.0000
16.6664,0.0000,414.4188,0.9232,0.3073,16.6678,16.6607,15.8090,0.0010,-1.0000
16.6671,0.0000,414.4354,1.0888,0.2964,16.6680,16.6644,15.6431,0.0008,-1.0000
16.6676,0.0000,414.4522,1.0709,0.2445,16.6632,16.6640,15.8387,0.0008,-1.0000
16.6667,0.0000,414.4688,0.9990,0.2890,16.6672,16.6604,15.6130,0.0011,-1.0000
16.6657,0.0000,414.4855,0.8506,0.2447,16.6661,16.6565,15.6840,0.0011,-1.0000
16.6685,0.0000,414.5022,1.0205,0.2441,16.6696,16.6681,15.7720,0.0009,-1.0000
16.6653,0.0000,414.5188,0.8246,0.2986,16.6690,16.6565,15.5788,0.0010,-1.0000
16.6671,0.0000,414.5354,1.0461,0.2712,16.6669,16.6617,15.7183,0.0008,-1.0000
16.6667,0.0000,414.5522,0.9716,0.2546,16.6617,16.6600,15.7693,0.0007,-1.0000
16.6660,0.0000,414.5688,0.8951,0.2730,16.6744,16.6593,15.6767,0.0010,-1.0000
16.6686,0.0000,414.5855,1.0769,0.2493,16.6624,16.6681,15.7857,0.0009,-1.0000
16.6654,0.0000,414.6021,0.9426,0.2873,16.6672,16.6548,15.4959,0.0011,-1.0000
16.6676,0.0000,414.6188,0.8901,0.2599,16.6647,16.6632,15.7623,0.0008,-1.0000
16.6660,0.0000,414.6354,0.9817,0.2562,16.6650,16.6595,15.6503,0.0010,-1.0000
16.6673,0.0000,414.6522,0.8815,0.2634,16.6737,16.6645,15.7568,0.0009,-1.0000
16.6681,0.0000,414.6689,1.1579,0.2582,16.6606,16.6614,15.6802,0.0012,-1.0000
16.6653,0.0000,414.6855,0.9001,0.2827,16.6681,16.6584,15.5795,0.0009,-1.0000
16.6673,0.0000,414.7021,1.0082,0.2533,16.6648,16.6616,15.7268,0.0009,-1.0000
16.6662,0.0000,414.7188,0.9069,0.2564,16.6704,16.6625,15.6673,0.0010,-1.0000
16.6688,0.0000,414.7354,0.9801,0.2763,16.6680,16.6648,15.7552,0.0009,-1.0000
16.6655,0.0000,414.7522,1.0780,0.2959,16.6643,16.6565,15.7449,0.0009,-1.0000
16.6660,0.0000,414.7688,0.9337,0.2579,16.6668,16.6589,15.6595,0.0008,-1.0000
16.6690,0.0000,414.7856,0.9942,0.2571,16.6675,16.6707,15.8054,0.0009,-1.0000
16.6648,0.0000,414.8021,0.9083,0.2730,16.6707,16.6518,15.5608,0.0010,-1.0000
16.6685,0.0000,414.8188,0.9106,0.2612,16.6629,16.6665,15.7811,0.0011,-1.0000
16.6648,0.0000,414.8355,0.9991,0.2914,16.6634,16.6563,15.6625,0.0011,-1.0000
16.6674,0.0000,414.8522,0.8640,0.3199,16.6763,16.6628,15.5458,0.0011,-1.0000
16.6675,0.0000,414.8688,1.0899,0.2536,16.6581,16.6618,15.6609,0.0008,-1.0000
16.6679,0.0000,414.8856,0.8841,0.2705,16.6722,16.6651,15.6895,0.0008,-1.0000
16.6656,0.0000,414.9022,0.9928,0.3817,16.6626,16.6546,15.5569,0.0012,-1.0000
16.6664,0.0000,414.9188,1.1161,0.2825,16.6676,16.6596,15.7137,0.0009,-1.0000
16.6669,0.0000,414.9354,1.0001,0.3098,16.6676,16.6640,15.6592,0.0009,-1.0000
16.6676,0.0000,414.9522,0.9747,0.2972,16.6719,16.6618,15.7578,0.0007,-1.0000
16.6658,0.0000,414.9688,1.0968,0.3598,16.6610,16.6589,15.6254,0.0010,-1.0000
16.6668,0.0000,414.9855,0.9451,0.2973,16.6649,16.6614,15.7412,0.0010,-1.0000
16.6684,0.0000,415.0022,1.0039,0.2896,16.6697,16.6674,15.7511,0.0009,-1.0000
16.6665,0.0000,415.0189,0.9032,0.3062,16.6679,16.6574,15.4872,0.0012,-1.0000
16.6669,0.0000,415.0355,1.0326,0.2699,16.6645,16.6626,15.6349,0.0009,-1.0000
16.6661,0.0000,415.0522,0.9192,0.3095,16.6659,16.6567,15.6362,0.0010,-1.0000
16.6676,0.0000,415.0689,0.9152,0.3061,16.6742,16.6627,15.6902,0.0011,-1.0000
16.6672,0.0000,415.0856,1.1689,0.3002,16.6639,16.6597,15.5607,0.0011,-1.0000
16.6647,0.0000,415.1021,1.0267,0.2877,16.6700,16.6507,15.5803,0.0010,-1.0000
16.6678,0.0000,415.1188,1.0193,0.3189,16.6636,16.6659,15.7591,0.0010,-1.0000
16.6662,0.0000,415.1354,0.9713,0.2825,16.6696,16.6597,15.6757,0.0007,-1.0000
16.6668,0.0000,415.1522,1.0977,0.2794,16.6676,16.6614,15.7765,0.0010,-1.0000
16.6678,0.0000,415.1689,1.0694,0.2574,16.6574,16.6639,15.7007,0.0010,-1.0000
16.6660,0.0000,415.1855,0.9057,0.2538,16.6711,16.6585,15.5344,0.0010,-1.0000
16.6671,0.0000,415.2022,0.9832,0.2752,16.6655,16.6597,15.6335,0.0010,-1.0000
16.6658,0.0000,415.2188,0.8842,0.2470,16.6667,16.6593,15.6390,0.0012,-1.0000
16.6668,0.0000,415.2354,0.9621,0.2715,16.6706,16.6642,15.7435,0.0010,-1.0000
16.6672,0.0000,415.2523,1.1230,0.3062,16.6645,16.6609,15.8476,0.0008,-1.0000
16.6665,0.0000,415.2688,1.0254,0.2528,16.6661,16.6606,15.5501,0.0009,-1.0000
16.6663,0.0000,415.2855,1.0192,0.2917,16.6644,16.6608,15.6850,0.0007,-1.0000
16.6687,0.0000,415.3022,0.9199,0.2375,16.6694,16.6652,15.6653,0.0014,-1.0000
16.6652,0.0000,415.3188,0.8127,0.2458,16.6660,16.6567,15.6179,0.0010,-1.0000
16.6676,0.0000,415.3354,1.1096,0.2490,16.6656,16.6634,15.6846,0.0011,-1.0000
16.6670,0.0000,415.3522,0.9751,0.2541,16.6658,16.6575,15.5932,0.0010,-1.0000
16.6662,0.0000,415.3688,0.9983,0.2755,16.6718,16.6632,15.6213,0.0010,-1.0000
16.6672,0.0000,415.3855,1.0379,0.2688,16.6633,16.6607,15.6403,0.0008,-1.0000
16.6666,0.0000,415.4022,0.9777,0.2713,16.6698,16.6621,15.6106,0.0010,-1.0000
16.6664,0.0000,415.4189,1.0633,0.3164,16.6639,16.6592,15.6325,0.0012,-1.0000
16.6672,0.0000,415.4355,1.0410,0.3456,16.6693,16.6606,15.6133,0.0009,-1.0000
16.6665,0.0000,415.4523,1.0195,0.2540,16.6661,16.6601,15.7100,0.0012,-1.0000
16.6667,0.0000,415.4689,1.0505,0.2551,16.6685,16.6624,15.4035,0.0013,-1.0000
16.6655,0.0000,415.4855,1.0255,0.2666,16.6649,16.6566,15.5611,0.0008,-1.0000
16.6672,0.0000,415.5022,1.0464,0.2689,16.6664,16.6623,15.7730,0.0011,-1.0000
16.6662,0.0000,415.5188,0.9489,0.3719,16.6662,16.6607,15.7058,0.0010,-1.0000
16.6676,0.0000,415.5354,1.2575,0.2756,16.6681,16.6639,15.7743,0.0009,-1.0000
16.6656,0.0000,415.5522,1.0948,0.3016,16.6623,16.6600,15.7939,0.0008,-1.0000
16.6678,0.0000,415.5688,0.8883,0.2717,16.6672,16.6628,15.7374,0.0009,-1.0000
16.6671,0.0000,415.5855,0.9540,0.2704,16.6656,16.6626,15.7064,0.0012,-1.0000
16.6661,0.0000,415.6021,0.8887,0.2783,16.6689,16.6583,15.6988,0.0009,-1.0000
16.6687,0.0000,415.6189,0.8655,0.3098,16.6647,16.6693,15.7880,0.0008,-1.0000
16.6650,0.0000,415.6354,0.9244,0.2722,16.6680,16.6547,15.5953,0.0009,-1.0000
16.6678,0.0000,415.6522,0.9553,0.2662,16.6683,16.6636,15.7962,0.0008,-1.0000
16.6663,0.0000,415.6689,0.9584,0.2618,16.6634,16.6592,15.7065,0.0012,-1.0000
16.6662,0.0000,415.6855,0.8801,0.3236,16.6752,16.6602,15.6473,0.0009,-1.0000
16.6666,0.0000,415.7021,1.0585,0.3372,16.6608,16.6631,15.8198,0.0009,-1.0000
16.6693,0.0000,415.7189,0.8668,0.2472,16.6687,16.6691,15.7271,0.0009,-1.0000
16.6649,0.0000,415.7354,0.9515,0.2870,16.6649,16.6525,15.6174,0.0009,-1.0000
16.6668,0.0000,415.7522,1.0118,0.2323,16.6646,16.6636,15.8402,0.0009,-1.0000
16.6668,0.0000,415.7688,0.8423,0.2449,16.6682,16.6591,15.6874,0.0009,-1.0000
16.6681,0.0000,415.7856,0.9410,0.2811,16.6755,16.6683,15.7676,0.0009,-1.0000
16.6653,0.0000,415.8022,1.0342,0.2421,16.6583,16.6550,15.6259,0.0010,-1.0000
16.6662,0.0000,415.8188,0.8226,0.2839,16.6683,16.6574,15.6859,0.0013,-1.0000
16.6678,0.0000,415.8354,0.9711,0.2897,16.6647,16.6640,15.8147,0.0008,-1.0000
16.6663,0.0000,415.8522,0.8999,0.2469,16.6744,16.6624,15.7349,0.0009,-1.0000
16.6671,0.0000,415.8689,1.0280,0.2425,16.6614,16.6627,15.6694,0.0011,-1.0000
16.6663,0.0000,415.8855,0.9702,0.2788,16.6632,16.6567,15.7337,0.0011,-1.0000
16.6665,0.0000,415.9021,0.8486,0.2403,16.6684,16.6598,15.7616,0.0009,-1.0000
16.6676,0.0000,415.9189,0.9267,0.2306,16.6675,16.6646,15.7922,0.0009,-1.0000
16.6668,0.0000,415.9354,0.9922,0.2484,16.6689,16.6637,15.7036,0.0011,-1.0000
16.6661,0.0000,415.9522,0.9222,0.2495,16.6632,16.6607,15.8143,0.0008,-1.0000
16.6665,0.0000,415.9688,0.8974,0.2642,16.6652,16.6584,15.7064,0.0008,-1.0000
16.6667,0.0000,415.9855,0.8715,0.2767,16.6691,16.6623,15.6869,0.0009,-1.0000
16.6677,0.0000,416.0022,0.9591,0.2451,16.6692,16.6625,15.7976,0.0008,-1.0000
16.6664,0.0000,416.0188,0.8457,0.2762,16.6664,16.6619,15.6893,0.0009,-1.0000
16.6887,0.0000,416.0354,0.9509,0.2352,16.6639,16.6826,15.7480,0.0009,-1.0000
16.6680,0.0000,416.0522,0.9745,0.2562,16.6675,16.6648,15.8200,0.0008,-1.0000
16.6656,0.0000,416.0688,0.8641,0.2860,16.6674,16.6561,15.6867,0.0010,-1.0000
16.6677,0.0000,416.0855,0.9716,0.2837,16.6666,16.6649,15.8004,0.0011,-1.0000
16.6671,0.0000,416.1022,0.9336,0.2496,16.6883,16.6623,15.7021,0.0011,-1.0000
16.6662,0.0000,416.1188,0.8438,0.2446,16.6705,16.6601,15.6940,0.0011,-1.0000
16.6675,0.0000,416.1354,0.9682,0.2373,16.6619,16.6640,15.7360,0.0011,-1.0000
16.6675,0.0000,416.1522,0.8636,0.2477,16.6695,16.6605,15.7927,0.0008,-1.0000
16.6669,0.0000,416.1689,0.9591,0.2788,16.6684,16.6650,15.6844,0.0009,-1.0000
16.6646,0.0000,416.1856,0.9651,0.2540,16.6649,16.6518,15.5932,0.0010,-1.0000
16.6824,0.0000,416.2022,0.9269,0.2881,16.6696,16.6811,15.7019,0.0009,-1.0000
16.6662,0.0000,416.2189,0.8668,0.2342,16.6660,16.6581,15.5729,0.0013,-1.0000
16.6671,0.0000,416.2355,0.9797,0.3056,16.6714,16.6642,15.6544,0.0013,-1.0000
16.6684,0.0000,416.2523,1.0576,0.3809,16.6571,16.6644,15.6877,0.0010,-1.0000
16.6647,0.0000,416.2689,0.9785,0.3062,16.6865,16.6545,15.5254,0.0015,-1.0000
16.6692,0.0000,416.2856,1.0836,0.2945,16.6642,16.6670,15.6541,0.0013,-1.0000
16.6663,0.0000,416.3023,1.0085,0.2884,16.6698,16.6575,15.4373,0.0012,-1.0000
16.6649,0.0000,416.3188,0.9758,0.3150,16.6703,16.6518,15.5105,0.0011,-1.0000
16.6676,0.0000,416.3355,1.1277,0.3093,16.6610,16.6644,15.7327,0.0010,-1.0000
16.6666,0.0000,416.3522,1.0116,0.3295,16.6752,16.6634,15.7379,0.0009,-1.0000
16.6688,0.0000,416.3690,1.2189,0.3348,16.6649,16.6720,15.7071,0.0011,-1.0000
16.6655,0.0000,416.3856,1.1405,0.2766,16.6583,16.6514,15.5063,0.0010,-1.0000
16.6651,0.0000,416.4022,0.9307,0.2885,16.6693,16.6543,15.6441,0.0011,-1.0000
16.6679,0.0000,416.4189,0.9246,0.2843,16.6681,16.6632,15.7736,0.0010,-1.0000
16.6648,0.0000,416.4354,0.9638,0.3576,16.6788,16.6553,15.5684,0.0010,-1.0000
16.6682,0.0000,416.4522,1.1440,0.2555,16.6582,16.6676,15.9156,0.0008,-1.0000
16.6660,0.0000,416.4689,1.0092,0.2419,16.6602,16.6595,15.6779,0.0009,-1.0000
16.6663,0.0000,416.4855,0.8885,0.2515,16.6692,16.6593,15.7432,0.0009,-1.0000
16.6685,0.0000,416.5023,1.0858,0.2254,16.6608,16.6667,15.7966,0.0011,-1.0000
16.6659,0.0000,416.5189,0.7509,0.3098,16.6730,16.6595,15.5672,0.0010,-1.0000
16.6668,0.0000,416.5355,0.9807,0.2433,16.6646,16.6629,15.7400,0.0012,-1.0000
16.6662,0.0000,416.5522,0.9152,0.2365,16.6639,16.6590,15.7657,0.0010,-1.0000
16.6675,0.0000,416.5688,0.8689,0.2530,16.6722,16.6634,15.7693,0.0010,-1.0000
16.6676,0.0000,416.5856,1.0912,0.2333,16.6643,16.6631,15.7531,0.0009,-1.0000
16.6654,0.0000,416.6022,0.9216,0.2479,16.6682,16.6560,15.5980,0.0011,-1.0000
16.6666,0.0000,416.6189,0.8923,0.2337,16.6637,16.6647,15.8123,0.0009,-1.0000
16.6665,0.0000,416.6354,0.8932,0.2451,16.6687,16.6580,15.7369,0.0008,-1.0000
16.6674,0.0000,416.6522,0.9093,0.2542,16.6697,16.6634,15.8763,0.0009,-1.0000
16.6675,0.0000,416.6689,1.0571,0.2803,16.6615,16.6634,15.7794,0.0010,-1.0000
16.6668,0.0000,416.6855,0.8514,0.2337,16.6693,16.6622,15.6842,0.0010,-1.0000
16.6665,0.0000,416.7022,0.9202,0.2333,16.6630,16.6588,15.7284,0.0010,-1.0000
16.6676,0.0000,416.7189,0.7862,0.2295,16.6686,16.6659,15.7357,0.0010,-1.0000
16.6653,0.0000,416.7354,0.8831,0.2460,16.6688,16.6530,15.6679,0.0009,-1.0000
16.6669,0.0000,416.7522,0.9768,0.2505,16.6678,16.6635,15.8727,0.0008,-1.0000
16.6665,0.0000,416.7690,0.9295,0.2657,16.6646,16.6617,15.7346,0.0010,-1.0000
16.6672,0.0000,416.7856,0.9292,0.2505,16.6725,16.6644,15.6336,0.0009,-1.0000
16.6667,0.0000,416.8022,0.9841,0.2463,16.6589,16.6603,15.7215,0.0009,-1.0000
16.6675,0.0000,416.8189,0.7899,0.2395,16.6682,16.6622,15.6453,0.0014,-1.0000
16.6663,0.0000,416.8354,0.9262,0.3472,16.6668,16.6601,15.7391,0.0008,-1.0000
16.6663,0.0000,416.8522,1.0298,0.2673,16.6694,16.6597,15.7565,0.0010,-1.0000
16.6664,0.0000,416.8688,0.9377,0.2801,16.6656,16.6619,15.7866,0.0008,-1.0000
16.6684,0.0000,416.8856,1.0156,0.3082,16.6682,16.6664,15.7595,0.0010,-1.0000
16.6658,0.0000,416.9022,0.9201,0.2735,16.6646,16.6567,15.6715,0.0010,-1.0000
16.6679,0.0000,416.9189,0.9024,0.2678,16.6652,16.6649,15.7195,0.0009,-1.0000
16.6679,0.0000,416.9355,0.8745,0.3272,16.6669,16.6640,15.6134,0.0009,-1.0000
16.6713,0.0000,416.9522,0.9059,0.2722,16.6720,16.6584,15.6893,0.0009,-1.0000
16.6671,0.0000,416.9689,0.9844,0.2798,16.6626,16.6629,15.6511,0.0009,-1.0000
16.6666,0.0000,416.9855,0.9444,0.2806,16.6706,16.6603,15.7414,0.0009,-1.0000
16.6666,0.0000,417.0022,1.0497,0.2964,16.6715,16.6625,15.7162,0.0012,-1.0000
16.6671,0.0000,417.0189,0.9682,0.3088,16.6646,16.6618,15.7252,0.0010,-1.0000
16.6672,0.0000,417.0355,1.0109,0.2734,16.6675,16.6616,15.6788,0.0012,-1.0000
16.6667,0.0000,417.0523,0.9181,0.2318,16.6658,16.6640,15.7962,0.0009,-1.0000
16.6664,0.0000,417.0689,0.9449,0.2531,16.6679,16.6568,15.6465,0.0009,-1.0000
16.6668,0.0000,417.0855,0.9357,0.2379,16.6675,16.6613,15.7361,0.0014,-1.0000
16.6667,0.0000,417.1022,0.9817,0.2587,16.6673,16.6622,15.7066,0.0009,-1.0000
16.6687,0.0000,417.1189,0.8670,0.2527,16.6695,16.6679,15.8157,0.0008,-1.0000
16.6660,0.0000,417.1355,1.0093,0.2275,16.6625,16.6580,15.6365,0.0013,-1.0000
16.6659,0.0000,417.1523,0.9239,0.2344,16.6659,16.6578,15.6805,0.0010,-1.0000
16.6684,0.0000,417.1689,0.9546,0.2806,16.6680,16.6666,15.7546,0.0009,-1.0000
16.6662,0.0000,417.1855,0.8515,0.2550,16.6734,16.6555,15.5797,0.0010,-1.0000
16.6673,0.0000,417.2023,1.0203,0.3388,16.6646,16.6651,15.7202,0.0011,-1.0000
16.6653,0.0000,417.2189,0.9763,0.2311,16.6635,16.6534,15.6110,0.0011,-1.0000
16.6674,0.0000,417.2355,0.9109,0.2519,16.6732,16.6632,15.6582,0.0012,-1.0000
16.6679,0.0000,417.2523,1.0748,0.2632,16.6619,16.6636,15.7079,0.0010,-1.0000
16.6661,0.0000,417.2689,0.9439,0.2861,16.6723,16.6598,15.4599,0.0014,-1.0000
16.6673,0.0000,417.2856,1.0414,0.2659,16.6598,16.6579,15.6368,0.0010,-1.0000
16.6664,0.0000,417.3022,1.0038,0.2515,16.6702,16.6632,15.5887,0.0013,-1.0000
16.6651,0.0000,417.3188,0.9545,0.2866,16.6706,16.6523,15.6540,0.0010,-1.0000
16.6686,0.0000,417.3355,1.1985,0.2775,16.6667,16.6656,15.7337,0.0010,-1.0000
16.6644,0.0000,417.3522,1.0204,0.3602,16.6644,16.6544,15.6833,0.0009,-1.0000
16.6684,0.0000,417.3689,1.0730,0.2499,16.6695,16.6676,15.8276,0.0009,-1.0000
16.6654,0.0000,417.3855,0.9975,0.2423,16.6580,16.6577,15.6428,0.0010,-1.0000
16.6683,0.0000,417.4023,0.9308,0.2616,16.6719,16.6653,15.7289,0.0010,-1.0000
16.6657,0.0000,417.4189,0.9702,0.2217,16.6593,16.6588,15.6713,0.0013,-1.0000
16.6665,0.0000,417.4358,0.8391,0.2654,16.6729,16.6606,15.7021,0.0009,-1.0000
16.6673,0.0000,417.4522,1.0140,0.2253,16.6629,16.6629,15.3760,0.0010,-1.0000
16.6665,0.0000,417.4688,0.9356,0.2478,16.6705,16.6601,15.6461,0.0010,-1.0000
16.6666,0.0000,417.4855,0.9860,0.3029,16.6640,16.6611,15.7204,0.0009,-1.0000
16.6669,0.0000,417.5022,0.9577,0.3182,16.6655,16.6624,15.8140,0.0008,-1.0000
16.6677,0.0000,417.5189,1.2859,0.2838,16.6677,16.6658,15.6962,0.0008,-1.0000
16.6663,0.0000,417.5355,1.0130,0.2763,16.6659,16.6581,15.6577,0.0009,-1.0000
16.6661,0.0000,417.5522,0.9396,0.2697,16.6660,16.6609,15.7968,0.0011,-1.0000
16.6670,0.0000,417.5689,0.8477,0.2958,16.6669,16.6614,15.6998,0.0009,-1.0000
16.6668,0.0000,417.5856,0.9687,0.2703,16.6715,16.6614,15.7515,0.0010,-1.0000
16.6660,0.0000,417.6022,0.9996,0.2911,16.6634,16.6607,15.6982,0.0008,-1.0000
16.6699,0.0000,417.6190,0.8629,0.2764,16.6663,16.6727,15.8022,0.0010,-1.0000
16.6646,0.0000,417.6355,0.9609,0.2647,16.6671,16.6493,15.5056,0.0009,-1.0000
16.6677,0.0000,417.6523,0.9087,0.2607,16.6664,16.6644,15.8445,0.0009,-1.0000
16.6662,0.0000,417.6689,0.9617,0.3171,16.6660,16.6575,15.6227,0.0012,-1.0000
16.6672,0.0000,417.6855,0.8693,0.2576,16.6801,16.6615,15.6884,0.0010,-1.0000
16.6664,0.0000,417.7022,1.1425,0.2351,16.6561,16.6592,15.7497,0.0011,-1.0000
16.6669,0.0000,417.7189,0.8187,0.2668,16.6698,16.6642,15.7653,0.0009,-1.0000
16.6667,0.0000,417.7354,1.0338,0.2511,16.6639,16.6580,15.6285,0.0014,-1.0000
16.6665,0.0000,417.7522,0.9720,0.2485,16.6670,16.6628,15.8742,0.0008,-1.0000
16.6664,0.0000,417.7689,0.9083,0.2391,16.6649,16.6603,15.7489,0.0009,-1.0000
16.6674,0.0000,417.7855,0.8978,0.2257,16.6694,16.6652,15.8066,0.0009,-1.0000
16.6662,0.0000,417.8022,1.0282,0.2323,16.6634,16.6580,15.7799,0.0009,-1.0000
16.6664,0.0000,417.8188,0.7880,0.2317,16.6674,16.6599,15.7768,0.0008,-1.0000
16.6690,0.0000,417.8355,0.9106,0.2303,16.6657,16.6680,15.8171,0.0009,-1.0000
16.6654,0.0000,417.8522,0.8579,0.2796,16.6713,16.6576,15.7086,0.0008,-1.0000
16.6667,0.0000,417.8689,0.8772,0.2440,16.6638,16.6585,15.7539,0.0010,-1.0000
16.6673,0.0000,417.8855,0.8823,0.2367,16.6647,16.6632,15.7846,0.0009,-1.0000
16.6662,0.0000,417.9022,0.8501,0.2459,16.6741,16.6599,15.7244,0.0010,-1.0000
16.6666,0.0000,417.9189,0.9478,0.3101,16.6631,16.6606,15.6834,0.0013,-1.0000
16.6660,0.0000,417.9354,0.9036,0.2676,16.6639,16.6589,15.5087,0.0013,-1.0000
16.6675,0.0000,417.9522,0.8777,0.2385,16.6696,16.6634,15.9071,0.0008,-1.0000
16.6662,0.0000,417.9688,0.9343,0.2570,16.6656,16.6610,15.7726,0.0009,-1.0000
16.6680,0.0000,417.9855,0.9761,0.2455,16.6664,16.6640,15.7112,0.0011,-1.0000
16.6669,0.0000,418.0022,1.1491,0.2338,16.6636,16.6649,15.7899,0.0012,-1.0000
16.6666,0.0000,418.0189,0.7555,0.2394,16.6679,16.6591,15.6739,0.0008,-1.0000
16.6666,0.0000,418.0355,0.8875,0.2283,16.6660,16.6616,15.7820,0.0010,-1.0000
16.6672,0.0000,418.0523,0.9519,0.2689,16.6690,16.6618,15.8005,0.0011,-1.0000
16.6662,0.0000,418.0688,0.8739,0.2415,16.6706,16.6574,15.6003,0.0014,-1.0000
16.6665,0.0000,418.0855,0.9844,0.2921,16.6641,16.6625,15.8426,0.0009,-1.0000
16.6675,0.0000,418.1022,0.8786,0.2338,16.6669,16.6631,15.7251,0.0010,-1.0000
16.6659,0.0000,418.1188,0.8602,0.2442,16.6681,16.6582,15.8348,0.0010,-1.0000
16.6683,0.0000,418.1355,1.0559,0.2293,16.6633,16.6679,15.7856,0.0010,-1.0000
16.6667,0.0000,418.1522,0.8190,0.2353,16.6674,16.6574,15.7815,0.0007,-1.0000
16.6673,0.0000,418.1689,0.9369,0.2219,16.6689,16.6631,15.7294,0.0010,-1.0000
16.6667,0.0000,418.1855,0.8224,0.2415,16.6637,16.6581,15.6153,0.0009,-1.0000
16.6663,0.0000,418.2022,0.8811,0.2620,16.6740,16.6596,15.7370,0.0010,-1.0000
16.6659,0.0000,418.2188,0.8754,0.2460,16.6638,16.6579,15.7518,0.0012,-1.0000
16.6698,0.0000,418.2355,0.9327,0.2513,16.6690,16.6709,15.8088,0.0009,-1.0000
16.6651,0.0000,418.2523,1.0418,0.2326,16.6644,16.7162,15.6480,0.0010,-1.0000
16.6661,0.0000,418.2689,0.9216,0.2425,16.6673,16.5971,15.5710,0.0010,-1.0000
16.6673,0.0000,418.2856,0.9047,0.2300,16.6631,16.6687,15.6841,0.0011,-1.0000
16.6669,0.0000,418.3022,0.8612,0.2594,16.6776,16.6538,15.5267,0.0013,-1.0000
16.6675,0.0000,418.3189,1.0673,0.2448,16.7231,16.6637,15.6858,0.0008,-1.0000
16.6658,0.0000,418.3355,1.0250,0.2496,16.6021,16.6584,15.5898,0.0013,-1.0000
16.6696,0.0000,418.3524,0.9834,0.2549,16.6740,16.6771,15.6750,0.0009,-1.0000
16.6642,0.0000,418.3689,1.1258,0.2470,16.6608,16.6403,15.4861,0.0019,-1.0000
16.6669,0.0000,418.3856,0.9769,0.2769,16.6697,16.6628,15.6481,0.0009,-1.0000
16.6671,0.0000,418.4022,1.0675,0.2749,16.6648,16.6619,15.6989,0.0011,-1.0000
16.6671,0.0000,418.4189,1.0012,0.3053,16.6846,16.6603,15.7186,0.0009,-1.0000
16.6669,0.0000,418.4355,1.1524,0.2700,16.6472,16.6613,15.6389,0.0009,-1.0000
16.6652,0.0000,418.4522,1.0138,0.2496,16.6687,16.6572,15.7818,0.0010,-1.0000
16.6680,0.0000,418.4689,0.9619,0.2529,16.6674,16.6643,15.6829,0.0010,-1.0000
16.6659,0.0000,418.4855,0.9407,0.2527,16.6659,16.6591,15.7243,0.0009,-1.0000
16.7046,0.0000,418.5023,1.0215,0.2933,16.6670,16.7008,15.7589,0.0009,-1.0000
16.6669,0.0000,418.5189,0.8744,0.2666,16.6633,16.6585,15.7016,0.0012,-1.0000
16.6670,0.0000,418.5356,0.9806,0.2498,16.6705,16.6652,15.7724,0.0009,-1.0000
16.6665,0.0000,418.5522,0.9338,0.2438,16.6651,16.6574,15.5938,0.0011,-1.0000
16.6653,0.0000,418.5689,0.9410,0.2518,16.7066,16.6572,15.7858,0.0011,-1.0000
16.6670,0.0000,418.5856,0.9558,0.2788,16.6639,16.6619,15.8300,0.0010,-1.0000
16.6670,0.0000,418.6023,0.8919,0.2848,16.6707,16.6642,15.6739,0.0009,-1.0000
16.6660,0.0000,418.6189,1.0627,0.2596,16.6643,16.6583,15.6758,0.0014,-1.0000
16.6683,0.0000,418.6360,0.8701,0.2342,16.6627,16.6662,15.8186,0.0009,-1.0000
16.6653,0.0000,418.6521,0.8309,0.2679,16.6668,16.6565,14.9181,0.0011,-1.0000
16.6674,0.0000,418.6689,0.9894,0.2690,16.6693,16.6633,15.9456,0.0007,-1.0000
16.6668,0.0000,418.6855,0.9810,0.2846,16.6634,16.6612,15.6604,0.0007,-1.0000
16.6681,0.0000,418.7022,0.8466,0.2584,16.6722,16.6666,15.8409,0.0009,-1.0000
16.6660,0.0000,418.7189,1.7374,0.2642,16.6620,16.6597,15.7360,0.0010,-1.0000
16.6666,0.0000,418.7355,0.7172,0.2699,16.6683,16.6571,15.7780,0.0013,-1.0000
16.6667,0.0000,418.7521,1.0002,0.2448,16.6659,16.6617,15.8807,0.0008,-1.0000
16.6665,0.0000,418.7689,0.8250,0.2605,16.6721,16.6630,15.8861,0.0008,-1.0000
16.6684,0.0000,418.7855,0.9230,0.2342,16.6654,16.6660,15.8439,0.0008,-1.0000
16.6655,0.0000,418.8022,0.8778,0.2358,16.6625,16.6563,15.7390,0.0009,-1.0000
16.6670,0.0000,418.8188,0.7801,0.2248,16.6667,16.6601,15.8182,0.0009,-1.0000
16.6671,0.0000,418.8355,0.7760,0.2330,16.6683,16.6637,15.8875,0.0008,-1.0000
16.6666,0.0000,418.8521,0.8211,0.2958,16.6718,16.6613,15.7758,0.0010,-1.0000
16.6660,0.0000,418.8688,0.9165,0.2349,16.6627,16.6610,15.8739,0.0007,-1.0000
16.6679,0.0000,418.8855,0.8410,0.2416,16.6643,16.6642,15.8507,0.0008,-1.0000
16.6666,0.0000,418.9024,0.7754,0.2327,16.6693,16.6617,15.8484,0.0008,-1.0000
16.6672,0.0000,418.9190,0.8844,0.2384,16.6661,16.6619,15.6619,0.0011,-1.0000
16.6655,0.0000,418.9355,0.7862,0.2684,16.6650,16.6580,15.5351,0.0008,-1.0000
16.6681,0.0000,418.9522,0.8128,0.2400,16.6692,16.6665,15.8277,0.0009,-1.0000
16.6653,0.0000,418.9689,0.8124,0.2327,16.6673,16.6549,15.7091,0.0009,-1.0000
16.6677,0.0000,418.9856,0.9989,0.2581,16.6678,16.6647,15.7711,0.0008,-1.0000
16.6665,0.0000,419.0023,1.1220,0.2439,16.6632,16.6581,15.7648,0.0011,-1.0000
16.6665,0.0000,419.0189,0.8380,0.2722,16.6721,16.6627,15.7243,0.0009,-1.0000
16.6664,0.0000,419.0356,0.9450,0.2813,16.6608,16.6615,15.7741,0.0009,-1.0000
16.6679,0.0000,419.0522,0.8929,0.2335,16.6702,16.6642,15.7091,0.0010,-1.0000
16.6660,0.0000,419.0689,0.8922,0.2507,16.6636,16.6561,15.7614,0.0011,-1.0000
16.6666,0.0000,419.0856,0.9377,0.2397,16.6682,16.6624,15.8224,0.0009,-1.0000
16.6672,0.0000,419.1022,0.8865,0.2851,16.6671,16.6620,15.6746,0.0009,-1.0000
16.6942,0.0000,419.1190,0.9542,0.2532,16.6699,16.6895,15.7615,0.0009,-1.0000
16.6662,0.0000,419.1357,0.8937,0.3377,16.6619,16.6593,15.7337,0.0010,-1.0000
16.6663,0.0000,419.1522,0.8391,0.2415,16.6679,16.6602,15.6588,0.0012,-1.0000
16.6688,0.0000,419.1690,0.9866,0.3120,16.6672,16.6676,15.9271,0.0008,-1.0000
16.6649,0.0000,419.1856,0.9272,0.2422,16.6955,16.6535,15.6076,0.0009,-1.0000
16.6670,0.0000,419.2023,0.9246,0.2463,16.6644,16.6624,15.8373,0.0008,-1.0000
16.6662,0.0000,419.2189,1.0001,0.2231,16.6660,16.6594,15.7331,0.0007,-1.0000
16.6684,0.0000,419.2356,0.7398,0.2620,16.6743,16.6676,15.7917,0.0010,-1.0000
16.6664,0.0000,419.2523,1.0449,0.2431,16.6592,16.6683,15.7340,0.0012,-1.0000
16.6672,0.0000,419.2690,0.8243,0.2829,16.6675,16.6545,15.5708,0.0010,-1.0000
16.6668,0.0000,419.2857,0.9256,0.2384,16.6639,16.6640,15.6085,0.0011,-1.0000
16.6682,0.0000,419.3023,0.8747,0.2640,16.6724,16.6610,15.4898,0.0012,-1.0000
16.6644,0.0000,419.3189,0.9332,0.3082,16.6746,16.6480,15.5518,0.0011,-1.0000
16.6677,0.0000,419.3357,1.0827,0.2946,16.6601,16.6640,15.7147,0.0010,-1.0000
16.6664,0.0000,419.3523,1.0543,0.3384,16.6724,16.6855,15.5923,0.0008,-1.0000
16.6673,0.0000,419.3690,1.1699,0.2928,16.6696,16.6337,15.6830,0.0010,-1.0000
16.6677,0.0000,419.3857,1.0952,0.2502,16.6545,16.6648,15.6531,0.0010,-1.0000
16.6646,0.0000,419.4023,0.9483,0.3126,16.6699,16.6554,15.5199,0.0012,-1.0000
16.6685,0.0000,419.4190,1.0925,0.2854,16.6929,16.6652,15.7936,0.0009,-1.0000
16.6647,0.0000,419.4356,0.9496,0.3035,16.6393,16.6547,15.6056,0.0010,-1.0000
16.6675,0.0000,419.4522,1.0108,0.3123,16.6710,16.6673,15.8225,0.0009,-1.0000
16.6661,0.0000,419.4689,1.1343,0.2516,16.6608,16.6568,15.7430,0.0009,-1.0000
16.6668,0.0000,419.4856,0.8710,0.3154,16.6719,16.6615,15.7699,0.0008,-1.0000
16.6673,0.0000,419.5023,1.0482,0.2935,16.6597,16.6624,15.8550,0.0007,-1.0000
16.6666,0.0000,419.5190,0.8439,0.2655,16.6728,16.6631,15.7805,0.0013,-1.0000
16.6658,0.0000,419.5356,0.9129,0.2578,16.6618,16.6605,15.6779,0.0009,-1.0000
16.6681,0.0000,419.5522,0.8907,0.2415,16.6659,16.6648,15.8449,0.0008,-1.0000
16.6664,0.0000,419.5689,0.8067,0.2512,16.6672,16.6581,15.8402,0.0010,-1.0000
16.6680,0.0000,419.5857,0.8813,0.2425,16.6681,16.6971,15.8267,0.0008,-1.0000
16.6656,0.0000,419.6023,0.9814,0.2506,16.6648,16.6262,15.6152,0.0008,-1.0000
16.6676,0.0000,419.6190,0.8193,0.2538,16.6699,16.6653,15.7948,0.0011,-1.0000
16.6656,0.0000,419.6356,0.8170,0.2444,16.6638,16.6576,15.6969,0.0010,-1.0000
16.6675,0.0000,419.6522,0.8694,0.2850,16.7029,16.6622,15.7973,0.0009,-1.0000
16.6668,0.0000,419.6690,1.0099,0.2811,16.6315,16.6635,15.9351,0.0008,-1.0000
16.6658,0.0000,419.6856,0.8695,0.2525,16.6708,16.6603,15.7224,0.0009,-1.0000
16.6669,0.0000,419.7023,0.9597,0.2379,16.6626,16.6623,15.8330,0.0009,-1.0000
16.6680,0.0000,419.7190,0.8640,0.2861,16.6666,16.6690,15.7722,0.0008,-1.0000
16.6661,0.0000,419.7356,0.7273,0.2650,16.6685,16.6537,15.6632,0.0011,-1.0000
16.6663,0.0000,419.7522,0.9372,0.2480,16.6653,16.6626,15.7687,0.0010,-1.0000
16.6679,0.0000,419.7690,0.8285,0.2598,16.6672,16.6641,15.7946,0.0010,-1.0000
16.6653,0.0000,419.7856,0.8958,0.2608,16.6750,16.6566,15.7308,0.0011,-1.0000
16.6668,0.0000,419.8022,0.9895,0.2564,16.6588,16.6633,15.6590,0.0010,-1.0000
16.6666,0.0000,419.8189,0.8931,0.2756,16.6682,16.6583,15.7538,0.0010,-1.0000
16.6677,0.0000,419.8356,0.8685,0.2513,16.6691,16.6665,15.8861,0.0010,-1.0000
16.6658,0.0000,419.8522,0.9247,0.2604,16.6618,16.6584,15.7378,0.0008,-1.0000
16.6674,0.0000,419.8689,1.0034,0.2437,16.6681,16.6653,15.9284,0.0007,-1.0000
16.6673,0.0000,419.8856,0.9036,0.2304,16.6629,16.6631,15.7711,0.0012,-1.0000
16.6656,0.0000,419.9023,0.7794,0.2738,16.6715,16.6584,15.7323,0.0010,-1.0000
16.6671,0.0000,419.9190,0.9199,0.2713,16.6633,16.6624,15.8349,0.0008,-1.0000
16.6664,0.0000,419.9356,0.7360,0.2522,16.6701,16.6584,15.7323,0.0008,-1.0000
16.6692,0.0000,419.9522,0.8908,0.2621,16.6679,16.6709,15.8355,0.0010,-1.0000
16.6663,0.0000,419.9690,0.9251,0.2416,16.6645,16.6595,15.5912,0.0008,-1.0000
16.6640,0.0000,419.9856,0.8267,0.2580,16.6675,16.6505,15.6379,0.0011,-1.0000
16.6678,0.0000,420.0023,0.9252,0.2943,16.6635,16.6665,15.9306,0.0008,-1.0000
16.6675,0.0000,420.0190,0.8344,0.2893,16.6771,16.6641,15.7987,0.0009,-1.0000
16.6840,0.0000,420.0357,1.0671,0.2644,16.6660,16.6765,15.6268,0.0012,-1.0000
16.6675,0.0000,420.0522,1.0113,0.2225,16.6552,16.6619,15.6866,0.0008,-1.0000
16.6653,0.0000,420.0690,0.7350,0.2510,16.6710,16.6570,15.8188,0.0008,-1.0000
16.6675,0.0000,420.0856,0.8645,0.3009,16.6703,16.6646,15.7077,0.0012,-1.0000
16.6662,0.0000,420.1023,1.0484,0.2583,16.6827,16.6586,15.7361,0.0009,-1.0000
16.6687,0.0000,420.1190,0.9744,0.2483,16.6681,16.6700,15.8437,0.0009,-1.0000
16.6676,0.0000,420.1357,0.8373,0.2809,16.6612,16.6631,15.7486,0.0012,-1.0000
16.6658,0.0000,420.1522,0.9559,0.2468,16.6698,16.6566,15.6319,0.0013,-1.0000
16.6678,0.0000,420.1690,0.9218,0.2450,16.6635,16.6636,15.8116,0.0009,-1.0000
16.6647,0.0000,420.1856,0.8255,0.2500,16.6751,16.6532,15.5669,0.0012,-1.0000
16.6677,0.0000,420.2023,0.9131,0.3274,16.6695,16.6738,15.7576,0.0009,-1.0000
16.6666,0.0000,420.2190,1.0235,0.2660,16.6628,16.6527,15.5900,0.0009,-1.0000
16.6669,0.0000,420.2357,0.8510,0.2769,16.6708,16.6600,15.6191,0.0009,-1.0000
16.6688,0.0000,420.2523,1.0852,0.2488,16.6590,16.6674,15.5358,0.0009,-1.0000
16.6650,0.0000,420.2690,0.9153,0.3405,16.6796,16.6511,15.5596,0.0011,-1.0000
16.6674,0.0000,420.2857,1.0617,0.3413,16.6586,16.6630,15.6624,0.0009,-1.0000
16.6665,0.0000,420.3023,1.0397,0.2908,16.6662,16.6605,15.4848,0.0014,-1.0000
16.6657,0.0000,420.3190,1.1305,0.2901,16.6755,16.6583,15.5974,0.0011,-1.0000
16.6678,0.0000,420.3358,1.0905,0.2816,16.6584,16.6641,15.6979,0.0010,-1.0000
16.6643,0.0000,420.3522,0.9995,0.3029,16.6686,16.6506,15.3817,0.0013,-1.0000
16.6678,0.0000,420.3690,1.1741,0.2977,16.6667,16.6658,15.9042,0.0009,-1.0000
16.6663,0.0000,420.3856,1.0597,0.2667,16.6648,16.6598,15.7319,0.0008,-1.0000
16.6662,0.0000,420.4023,0.9656,0.3022,16.6703,16.6600,15.7893,0.0009,-1.0000
16.6674,0.0000,420.4190,1.2677,0.2640,16.6563,16.6642,15.8428,0.0007,-1.0000
16.6663,0.0000,420.4356,0.7607,0.2925,16.6701,16.6619,15.7351,0.0008,-1.0000
16.6671,0.0000,420.4522,0.9272,0.2954,16.6651,16.6626,15.8469,0.0008,-1.0000
16.6665,0.0000,420.4689,0.8700,0.2377,16.6653,16.6582,15.8384,0.0009,-1.0000
16.6670,0.0000,420.4856,0.8208,0.2536,16.6691,16.6631,15.8179,0.0008,-1.0000
16.6676,0.0000,420.5024,0.9259,0.2943,16.6668,16.6654,15.8509,0.0009,-1.0000
16.6664,0.0000,420.5190,0.8150,0.2597,16.6680,16.6599,15.5890,0.0009,-1.0000
16.6661,0.0000,420.5356,0.8190,0.2744,16.6636,16.6592,15.6536,0.0012,-1.0000
16.6673,0.0000,420.5522,0.8447,0.2433,16.6679,16.6637,15.7539,0.0009,-1.0000
16.6662,0.0000,420.5689,0.8134,0.2787,16.6710,16.6574,15.7839,0.0010,-1.0000
16.6675,0.0000,420.5856,1.0699,0.2735,16.6655,16.6630,15.8480,0.0007,-1.0000
16.6663,0.0000,420.6023,1.0044,0.2584,16.6648,16.6598,15.7509,0.0008,-1.0000
16.6797,0.0000,420.6190,0.9089,0.2561,16.6698,16.6779,15.8445,0.0007,-1.0000
16.6664,0.0000,420.6357,0.8725,0.3065,16.6629,16.6609,15.7930,0.0012,-1.0000
16.6662,0.0000,420.6522,0.8145,0.2543,16.6675,16.6576,15.7305,0.0011,-1.0000
16.6672,0.0000,420.6690,0.9080,0.2508,16.6654,16.6643,15.9139,0.0008,-1.0000
16.6673,0.0000,420.6856,0.8327,0.2859,16.6829,16.6625,15.6809,0.0011,-1.0000
16.6669,0.0000,420.7023,0.8666,0.2333,16.6665,16.6606,15.8116,0.0012,-1.0000
16.6680,0.0000,420.7190,0.9260,0.2762,16.6632,16.6667,15.7928,0.0009,-1.0000
16.6649,0.0000,420.7356,0.7495,0.3137,16.6694,16.6521,15.6614,0.0008,-1.0000
16.6679,0.0000,420.7523,0.9806,0.2455,16.6677,16.6674,15.8462,0.0010,-1.0000
16.6657,0.0000,420.7690,0.8477,0.2581,16.6653,16.6580,15.7548,0.0009,-1.0000
16.6662,0.0000,420.7856,0.8731,0.2693,16.6731,16.6613,15.7689,0.0009,-1.0000
16.6673,0.0000,420.8023,0.9899,0.2502,16.6574,16.6624,15.8035,0.0006,-1.0000
16.6662,0.0000,420.8189,0.8201,0.2721,16.6723,16.6607,15.7633,0.0009,-1.0000
16.6683,0.0000,420.8357,0.9023,0.2489,16.6631,16.6657,15.8692,0.0007,-1.0000
16.6662,0.0000,420.8522,0.8914,0.2466,16.6661,16.6579,15.6717,0.0009,-1.0000
16.6725,0.0000,420.8690,0.8582,0.2931,16.6671,16.6682,15.8946,0.0008,-1.0000
16.6656,0.0000,420.8856,0.8965,0.2356,16.6664,16.6582,15.5988,0.0010,-1.0000
16.6671,0.0000,420.9023,0.7956,0.2646,16.6708,16.6629,15.8459,0.0009,-1.0000
16.6675,0.0000,420.9190,0.9853,0.2562,16.6638,16.6653,15.8616,0.0009,-1.0000
16.6654,0.0000,420.9356,0.7728,0.2503,16.6739,16.6583,15.7155,0.0010,-1.0000
16.6675,0.0000,420.9522,1.0582,0.2593,16.6629,16.6630,15.8311,0.0008,-1.0000
16.6674,0.0000,420.9690,0.8158,0.2421,16.6680,16.6631,15.8699,0.0008,-1.0000
16.6664,0.0000,420.9856,0.8025,0.2499,16.6703,16.6600,15.6620,0.0010,-1.0000
16.6673,0.0000,421.0023,0.9418,0.2425,16.6639,16.6616,15.8150,0.0008,-1.0000
16.6665,0.0000,421.0190,0.8311,0.2380,16.6680,16.6609,15.7011,0.0009,-1.0000
16.6656,0.0000,421.0356,0.7923,0.2642,16.6680,16.6590,15.7729,0.0008,-1.0000
16.6676,0.0000,421.0522,0.9971,0.2965,16.6655,16.6634,15.7866,0.0013,-1.0000
16.6670,0.0000,421.0690,0.8459,0.2601,16.6675,16.6598,15.8131,0.0008,-1.0000
16.6659,0.0000,421.0857,0.9589,0.2664,16.6663,16.6619,15.8474,0.0009,-1.0000
16.6673,0.0000,421.1023,0.8852,0.2395,16.6642,16.6628,15.7498,0.0010,-1.0000
16.6787,0.0000,421.1190,0.8755,0.2561,16.6684,16.6738,15.8483,0.0009,-1.0000
16.6672,0.0000,421.1357,0.8458,0.2465,16.6656,16.6647,15.6555,0.0012,-1.0000
16.6671,0.0000,421.1523,0.8137,0.2863,16.6663,16.6616,15.7611,0.0009,-1.0000
16.6678,0.0000,421.1691,0.9122,0.2486,16.6676,16.6643,15.8319,0.0009,-1.0000
16.6660,0.0000,421.1857,0.8251,0.3110,16.6789,16.6590,15.6110,0.0008,-1.0000
16.6667,0.0000,421.2024,1.0080,0.2796,16.6699,16.6589,15.6727,0.0011,-1.0000
16.6665,0.0000,421.2190,0.8993,0.2890,16.6666,16.6600,15.6930,0.0011,-1.0000
16.6676,0.0000,421.2357,0.8313,0.2647,16.6712,16.6627,15.7359,0.0009,-1.0000
16.6665,0.0000,421.2523,1.0471,0.2672,16.6647,16.6628,15.7003,0.0012,-1.0000
16.6665,0.0000,421.2690,0.9847,0.2709,16.6643,16.6605,15.7400,0.0008,-1.0000
16.6664,0.0000,421.2857,0.9658,0.2598,16.6653,16.6585,15.7112,0.0009,-1.0000
16.6684,0.0000,421.3024,0.9259,0.2490,16.6680,16.6642,15.7631,0.0011,-1.0000
16.6660,0.0000,421.3190,0.9612,0.2536,16.6695,16.6621,15.6069,0.0010,-1.0000
16.6667,0.0000,421.3357,0.9200,0.2655,16.6652,16.6610,15.6229,0.0010,-1.0000
16.6687,0.0000,421.3523,0.9459,0.2559,16.6647,16.6635,15.5829,0.0011,-1.0000
16.6649,0.0000,421.3690,0.9000,0.3335,16.6697,16.6537,15.6285,0.0009,-1.0000
16.6666,0.0000,421.3857,1.0542,0.3106,16.6683,16.6592,15.6013,0.0008,-1.0000
16.6661,0.0000,421.4023,1.0370,0.2807,16.6675,16.6638,15.6993,0.0012,-1.0000
16.6673,0.0000,421.4190,1.0795,0.2994,16.6713,16.6577,15.7559,0.0009,-1.0000
16.6669,0.0000,421.4357,1.0243,0.2803,16.6611,16.6621,15.6803,0.0010,-1.0000
16.6668,0.0000,421.4523,1.0570,0.2587,16.6647,16.6626,15.7334,0.0009,-1.0000
16.6667,0.0000,421.4691,0.9635,0.2593,16.6698,16.6606,15.7548,0.0008,-1.0000
16.6654,0.0000,421.4857,0.9007,0.2654,16.6629,16.6547,15.5630,0.0013,-1.0000
16.6671,0.0000,421.5024,0.9810,0.2673,16.6676,16.6637,15.6930,0.0012,-1.0000
16.6667,0.0000,421.5190,0.9283,0.3345,16.6685,16.6636,15.7253,0.0009,-1.0000
16.6684,0.0000,421.5357,0.9051,0.2914,16.6666,16.6650,15.6517,0.0012,-1.0000
16.6654,0.0000,421.5522,1.0905,0.2899,16.6601,16.6558,15.5731,0.0009,-1.0000
16.6656,0.0000,421.5690,0.9697,0.2577,16.6685,16.6585,15.8242,0.0011,-1.0000
16.6681,0.0000,421.5857,0.9374,0.2707,16.6684,16.6643,15.8523,0.0010,-1.0000
16.6661,0.0000,421.6023,1.0120,0.3171,16.6713,16.6617,15.7342,0.0009,-1.0000
16.6685,0.0000,421.6190,1.0819,0.2635,16.6611,16.6673,15.8403,0.0007,-1.0000
16.6656,0.0000,421.6357,0.8332,0.2777,16.6639,16.6580,15.6127,0.0012,-1.0000
16.6670,0.0000,421.6522,0.8109,0.2499,16.6692,16.6589,15.7351,0.0010,-1.0000
16.6663,0.0000,421.6690,0.9265,0.2584,16.6666,16.6634,15.9196,0.0009,-1.0000
16.6668,0.0000,421.6856,0.8261,0.2781,16.6723,16.6602,15.7411,0.0010,-1.0000
16.6668,0.0000,421.7023,1.0441,0.2457,16.6631,16.6623,15.8234,0.0010,-1.0000
16.6671,0.0000,421.7190,0.9228,0.2496,16.6640,16.6645,15.8119,0.0009,-1.0000
16.6664,0.0000,421.7356,0.7429,0.2559,16.6684,16.6570,15.7571,0.0008,-1.0000
16.6671,0.0000,421.7523,0.9180,0.2883,16.6654,16.6644,15.8327,0.0008,-1.0000
16.6665,0.0000,421.7690,0.8378,0.3169,16.6671,16.6598,15.7793,0.0011,-1.0000
16.6681,0.0000,421.7857,0.8517,0.3096,16.6699,16.6680,15.8353,0.0008,-1.0000
16.6653,0.0000,421.8023,0.8991,0.2482,16.6625,16.6544,15.6205,0.0011,-1.0000
16.6665,0.0000,421.8190,0.8310,0.2847,16.6692,16.6621,15.7791,0.0009,-1.0000
16.6674,0.0000,421.8357,0.8794,0.2451,16.6649,16.6631,15.8484,0.0012,-1.0000
16.6920,0.0000,421.8523,0.8319,0.2610,16.6729,16.6860,15.7448,0.0008,-1.0000
16.6661,0.0000,421.8690,1.0327,0.2714,16.6607,16.6603,15.8995,0.0008,-1.0000
16.6673,0.0000,421.8857,0.8819,0.2396,16.6669,16.6657,15.8330,0.0009,-1.0000
16.6666,0.0000,421.9024,0.8138,0.2561,16.6687,16.6587,15.6972,0.0010,-1.0000
