frame_ms,focused,elapsed,CPU Main Thread Frame Time,CPU Render Thread Frame Time,CPU Total Frame Time,PlayerLoop,WaitForTargetFPS,Gfx.WaitForPresentOnGfxThread,Gfx.WaitForGfxCommandsFromMainThread
16.6688,0.0000,301.1144,1.9159,0.3639,16.6674,16.6655,14.9622,0.0012,-1.0000
16.6692,0.0000,301.1306,1.3883,0.3338,16.6655,16.6650,14.2956,0.0024,-1.0000
16.6659,0.0000,301.1470,1.5953,0.4172,16.7678,16.6410,14.6889,0.0016,-1.0000
16.6657,0.0000,301.1643,2.6527,0.3022,16.6393,16.6552,15.0575,0.0011,-1.0000
16.6653,0.0000,301.1804,1.7022,0.5349,16.6781,16.2466,14.4721,0.0013,-1.0000
16.6668,0.0000,301.1971,2.3674,0.3848,16.6788,16.6545,15.3060,0.0012,-1.0000
16.6674,0.0000,301.2143,1.9503,0.3830,16.6547,16.6725,15.1288,0.0014,-1.0000
16.6663,0.0000,301.2305,1.5965,0.3718,17.0674,16.6403,14.5862,0.0016,-1.0000
16.6677,0.0000,301.2470,1.7731,0.3296,16.2594,16.6562,15.1075,0.0016,-1.0000
16.6654,0.0000,301.2638,1.3468,0.3872,16.6639,16.6526,15.1331,0.0019,-1.0000
16.6683,0.0000,301.2806,1.5420,0.3949,16.6832,16.6538,14.6040,0.0013,-1.0000
16.6663,0.0000,301.2971,2.0529,0.3305,16.6539,16.6564,14.6076,0.0024,-1.0000
16.6670,0.0000,301.3138,1.5468,0.3361,16.6682,16.6676,15.0707,0.0015,-1.0000
16.6656,0.0000,301.3305,1.5176,0.3839,16.6649,16.6430,15.0118,0.0016,-1.0000
16.6688,0.0000,301.3470,2.0485,0.4340,16.6655,16.6644,15.0395,0.0015,-1.0000
16.6680,0.0000,301.3639,2.0465,0.3351,16.6656,16.6606,15.2313,0.0026,-1.0000
16.6651,0.0000,301.3804,1.5959,0.4218,16.6786,16.6486,15.1049,0.0014,-1.0000
16.6663,0.0000,301.3976,1.6296,0.3598,16.6527,16.6493,15.1200,0.0011,-1.0000
16.6670,0.0000,301.4139,1.6234,0.3219,16.6745,16.6630,14.1016,0.0016,-1.0000
16.6655,0.0000,301.4304,1.4265,0.3447,16.6729,16.6487,15.1237,0.0017,-1.0000
16.6674,0.0000,301.4469,1.5421,0.3210,16.6627,16.6566,15.3278,0.0017,-1.0000
16.6671,0.0000,301.4637,1.5285,0.5141,16.6594,16.6630,15.4638,0.0011,-1.0000
16.6667,0.0000,301.4804,2.5599,0.3140,16.6731,16.6526,15.2148,0.0012,-1.0000
16.6660,0.0000,301.4971,1.5234,0.3008,16.6583,16.6616,15.2184,0.0015,-1.0000
16.6712,0.0000,301.5140,1.3272,0.2752,16.6657,16.6726,15.1884,0.0015,-1.0000
16.6612,0.0000,301.5304,1.1979,0.3166,16.6724,16.6313,14.9338,0.0012,-1.0000
16.6681,0.0000,301.5469,1.4365,0.3387,16.6617,16.6619,15.3285,0.0011,-1.0000
16.6678,0.0000,301.5638,1.4416,0.3590,16.6723,16.6728,15.3434,0.0013,-1.0000
16.6681,0.0000,301.5806,1.4824,0.3370,16.6847,16.6494,15.1472,0.0014,-1.0000
16.6644,0.0000,301.5971,1.6965,0.2730,16.6411,16.6482,14.8449,0.0012,-1.0000
16.6668,0.0000,301.6138,1.3321,0.3118,16.6705,16.6638,15.0222,0.0016,-1.0000
16.6673,0.0000,301.6304,1.3279,0.3428,16.6825,16.6487,15.1597,0.0013,-1.0000
16.6651,0.0000,301.6470,1.5006,0.3831,16.6602,16.6503,15.3032,0.0013,-1.0000
16.6673,0.0000,301.6638,1.8021,0.4459,16.6594,16.6615,15.3628,0.0014,-1.0000
16.6658,0.0000,301.6804,1.6399,0.3130,16.6753,16.6549,15.1219,0.0012,-1.0000
16.6715,0.0000,301.6971,1.4876,0.3024,16.6597,16.6689,15.2935,0.0012,-1.0000
16.6647,0.0000,301.7138,1.3459,0.2851,16.6601,16.6536,14.9203,0.0021,-1.0000
16.6657,0.0000,301.7304,1.2977,0.3320,16.6707,16.6386,15.0864,0.0012,-1.0000
16.6669,0.0000,301.7470,1.5321,0.2809,16.6641,16.6568,15.0963,0.0012,-1.0000
16.6691,0.0000,301.7641,1.3733,0.3956,16.6798,16.6733,15.0490,0.0011,-1.0000
16.6651,0.0000,301.7805,1.7312,0.4472,16.6709,16.6298,14.1291,0.0015,-1.0000
16.6665,0.0000,301.7971,1.5508,0.3944,16.6533,16.6532,15.1369,0.0010,-1.0000
16.6695,0.0000,301.8140,1.5591,0.4402,16.6666,16.6679,15.3212,0.0016,-1.0000
16.6642,0.0000,301.8305,1.6233,0.5881,16.6890,16.6405,14.6887,0.0014,-1.0000
16.6683,0.0000,301.8470,2.4993,0.4125,16.6472,16.6606,14.7734,0.0016,-1.0000
16.6646,0.0000,301.8638,1.5151,0.3155,16.6637,16.6477,15.0259,0.0015,-1.0000
16.6670,0.0000,301.8804,1.3451,0.3957,16.6830,16.6584,15.1960,0.0014,-1.0000
16.6672,0.0000,301.8971,1.9503,0.4737,16.6527,16.6579,15.2309,0.0012,-1.0000
16.6664,0.0000,301.9139,1.8854,0.4176,16.6718,16.6634,15.2180,0.0014,-1.0000
16.6676,0.0000,301.9305,1.6207,0.3984,16.6582,16.6505,15.0857,0.0011,-1.0000
16.6658,0.0000,301.9470,1.4613,0.3906,16.6678,16.6536,14.8038,0.0031,-1.0000
16.6842,0.0000,301.9639,1.4259,0.3690,16.6669,16.6802,14.9112,0.0022,-1.0000
16.6676,0.0000,301.9809,1.4438,0.4004,16.6736,16.6701,14.8394,0.0024,-1.0000
16.6620,0.0000,301.9971,1.5640,0.4012,16.6618,16.6201,14.2975,0.0023,-1.0000
16.6747,0.0000,302.0144,1.8472,0.6290,16.6628,16.6859,15.2675,0.0015,-1.0000
16.6672,0.0000,302.0304,1.7666,0.6124,16.6930,16.6278,14.1608,0.0015,-1.0000
16.6607,0.0000,302.0471,1.8276,0.3843,16.6882,16.6494,15.2400,0.0022,-1.0000
16.6675,0.0000,302.0640,2.3203,0.3577,16.6340,16.6560,15.2147,0.0016,-1.0000
16.6645,0.0000,302.0804,1.4169,0.6295,16.7044,16.6447,14.8072,0.0011,-1.0000
16.6667,0.0000,302.0972,2.4653,0.3368,16.6424,16.6607,15.1215,0.0018,-1.0000
16.6822,0.0000,302.1140,1.4079,0.3535,16.6625,16.6842,15.2071,0.0010,-1.0000
16.6514,0.0000,302.1305,1.4395,0.4152,16.6685,16.6271,15.0360,0.0016,-1.0000
16.6682,0.0000,302.1471,1.8365,0.3461,16.6543,16.6578,15.0219,0.0014,-1.0000
16.6668,0.0000,302.1640,1.5375,0.3781,16.6699,16.6562,15.1154,0.0019,-1.0000
16.6659,0.0000,302.1805,1.4756,0.2901,16.6976,16.6507,14.7534,0.0016,-1.0000
16.6697,0.0000,302.1972,1.5892,0.3344,16.6405,16.6619,14.8651,0.0014,-1.0000
16.6642,0.0000,302.2138,1.6340,0.3028,16.6703,16.6425,15.0162,0.0011,-1.0000
16.6651,0.0000,302.2304,1.5390,0.3901,16.6695,16.6532,15.1630,0.0016,-1.0000
16.6674,0.0000,302.2470,1.8957,0.4191,16.6631,16.6568,15.1398,0.0014,-1.0000
16.6669,0.0000,302.2638,1.7953,0.3673,16.6758,16.6567,15.1835,0.0014,-1.0000
16.6668,0.0000,302.2805,1.6247,0.3292,16.6538,16.6572,15.0066,0.0016,-1.0000
16.6682,0.0000,302.2972,1.4892,0.3397,16.6638,16.6635,15.0843,0.0015,-1.0000
16.6709,0.0000,302.3139,1.5156,0.3738,16.6668,16.6723,14.9380,0.0014,-1.0000
16.6619,0.0000,302.3306,1.4721,0.3759,16.6676,16.6112,14.8375,0.0019,-1.0000
16.6656,0.0000,302.3470,1.6492,0.3105,16.6676,16.6488,14.8099,0.0012,-1.0000
16.6672,0.0000,302.3637,1.5775,0.4096,16.6735,16.6552,15.0009,0.0010,-1.0000
16.6674,0.0000,302.3805,1.7328,0.4774,16.7080,16.6602,15.3141,0.0015,-1.0000
16.6658,0.0000,302.3971,1.7723,0.4399,16.6248,16.6495,14.8571,0.0012,-1.0000
16.6689,0.0000,302.4139,1.8375,0.4324,16.6602,16.6713,15.1969,0.0011,-1.0000
16.6682,0.0000,302.4306,1.6532,0.3211,16.6652,16.6467,15.0100,0.0010,-1.0000
16.6632,0.0000,302.4470,1.3444,0.3750,16.6708,16.6435,15.1372,0.0011,-1.0000
16.6669,0.0000,302.4640,1.7913,0.4424,16.6605,16.6528,15.4291,0.0012,-1.0000
16.6672,0.0000,302.4806,1.4734,0.3537,16.6827,16.6600,14.7846,0.0015,-1.0000
16.6664,0.0000,302.4975,1.6351,0.2928,16.6690,16.6511,15.1363,0.0014,-1.0000
16.6678,0.0000,302.5138,1.5051,0.3233,16.6556,16.6618,14.2551,0.0014,-1.0000
16.6674,0.0000,302.5305,1.2225,0.3651,16.6639,16.6557,15.1237,0.0012,-1.0000
16.6675,0.0000,302.5471,1.8739,0.3355,16.6715,16.6567,14.8734,0.0014,-1.0000
16.6669,0.0000,302.5641,1.5134,0.3391,16.6612,16.6598,14.8861,0.0014,-1.0000
16.6644,0.0000,302.5804,2.4052,0.3714,16.6735,16.6379,14.8508,0.0011,-1.0000
16.6666,0.0000,302.5971,1.5311,0.4231,16.6671,16.6586,15.1080,0.0014,-1.0000
16.6672,0.0000,302.6138,1.7822,0.3976,16.6711,16.6593,15.0322,0.0016,-1.0000
16.6661,0.0000,302.6305,1.7721,0.2945,16.6740,16.6527,15.3022,0.0014,-1.0000
16.6668,0.0000,302.6471,1.7861,0.3158,16.6478,16.6559,15.1449,0.0014,-1.0000
16.6691,0.0000,302.6639,1.5491,0.3833,16.6685,16.6648,15.2003,0.0012,-1.0000
16.6657,0.0000,302.6807,1.6256,0.2901,16.6698,16.6512,15.1088,0.0014,-1.0000
16.6663,0.0000,302.6972,1.3493,0.3050,16.6632,16.6517,14.8990,0.0014,-1.0000
16.6681,0.0000,302.7139,1.5097,0.2883,16.6674,16.6246,15.1608,0.0015,-1.0000
16.6647,0.0000,302.7305,1.4631,0.3195,16.6776,16.6478,15.1730,0.0018,-1.0000
16.6667,0.0000,302.7470,1.5410,0.3526,16.6650,16.6600,15.1380,0.0016,-1.0000
16.6665,0.0000,302.7639,1.7516,0.2884,16.6667,16.6497,14.6512,0.0021,-1.0000
16.6683,0.0000,302.7805,1.4619,0.3109,16.6662,16.6617,15.1325,0.0018,-1.0000
16.6668,0.0000,302.7973,1.4730,0.2867,16.6586,16.6566,15.1576,0.0012,-1.0000
16.6676,0.0000,302.8139,1.5202,0.5939,16.6704,16.6536,14.9463,0.0016,-1.0000
16.6694,0.0000,302.8308,1.9965,0.3074,16.6609,16.6780,15.1676,0.0015,-1.0000
16.6610,0.0000,302.8470,1.5278,0.3708,16.6753,16.6156,14.3568,0.0022,-1.0000
16.6683,0.0000,302.8639,1.4973,0.3365,16.6686,16.6626,15.4344,0.0012,-1.0000
16.6652,0.0000,302.8804,1.7056,0.3457,16.6648,16.6504,15.0041,0.0013,-1.0000
16.6689,0.0000,302.8973,1.5089,0.4137,16.6963,16.6627,15.3066,0.0011,-1.0000
16.6670,0.0000,302.9138,2.2566,0.3361,16.6287,16.6517,14.8646,0.0015,-1.0000
16.6652,0.0000,302.9305,1.2270,0.4628,16.6734,16.6523,15.0978,0.0013,-1.0000
16.6691,0.0000,302.9471,1.6449,0.2791,16.6625,16.6681,15.2400,0.0009,-1.0000
16.6632,0.0000,302.9638,1.3547,0.3699,16.6751,16.6326,14.6784,0.0013,-1.0000
16.6676,0.0000,302.9805,1.7851,0.3538,16.6646,16.6578,15.1765,0.0012,-1.0000
16.6678,0.0000,302.9971,1.5534,0.3173,16.6651,16.6566,15.1934,0.0016,-1.0000
16.6656,0.0000,303.0138,1.4267,0.5315,16.6818,16.6547,15.2498,0.0011,-1.0000
16.6676,0.0000,303.0305,1.9531,0.3323,16.6447,16.6576,15.3113,0.0010,-1.0000
16.6659,0.0000,303.0470,1.4802,0.3215,16.6701,16.6501,15.2282,0.0013,-1.0000
16.6689,0.0000,303.0638,1.4612,0.3591,16.6672,16.6583,14.8756,0.0010,-1.0000
16.6650,0.0000,303.0805,1.4037,0.3101,16.6660,16.6534,15.1646,0.0014,-1.0000
16.6667,0.0000,303.0971,1.3452,0.2974,16.6698,16.6554,15.0514,0.0011,-1.0000
16.6679,0.0000,303.1138,1.4206,0.3495,16.6633,16.6600,15.3750,0.0010,-1.0000
16.6659,0.0000,303.1305,1.7815,0.3235,16.6707,16.6485,15.3382,0.0011,-1.0000
16.6661,0.0000,303.1470,1.4873,0.3204,16.6642,16.6536,15.2759,0.0016,-1.0000
16.6668,0.0000,303.1638,1.6025,0.3059,16.6657,16.6582,15.2014,0.0012,-1.0000
16.6672,0.0000,303.1805,1.2835,0.2989,16.6721,16.6603,15.0963,0.0012,-1.0000
16.6660,0.0000,303.1971,1.3090,0.2789,16.6597,16.6518,15.2166,0.0014,-1.0000
16.6678,0.0000,303.2138,1.3762,0.3128,16.6633,16.6575,15.3327,0.0013,-1.0000
16.6653,0.0000,303.2304,1.4552,0.3281,16.6684,16.6526,15.1960,0.0016,-1.0000
16.6668,0.0000,303.2469,1.5625,0.3311,16.6705,16.6588,15.4138,0.0010,-1.0000
16.6672,0.0000,303.2638,1.4337,0.3047,16.6631,16.6616,15.4211,0.0013,-1.0000
16.6661,0.0000,303.2804,1.3231,0.3352,16.6690,16.6527,15.1557,0.0014,-1.0000
16.6676,0.0000,303.2971,1.4550,0.2906,16.6612,16.6568,15.4066,0.0010,-1.0000
16.6670,0.0000,303.3138,1.2441,0.2992,16.6674,16.6579,15.2903,0.0011,-1.0000
16.6656,0.0000,303.3305,1.2397,0.2765,16.6712,16.6545,15.3094,0.0011,-1.0000
16.6682,0.0000,303.3470,1.4958,0.2972,16.6631,16.6608,15.1375,0.0010,-1.0000
16.6655,0.0000,303.3637,1.2491,0.3364,16.6681,16.6504,15.4037,0.0010,-1.0000
16.6673,0.0000,303.3804,1.3663,0.2865,16.6699,16.6579,15.3149,0.0013,-1.0000
16.6672,0.0000,303.3972,1.3439,0.3229,16.6646,16.6561,15.3195,0.0012,-1.0000
16.6685,0.0000,303.4138,1.5220,0.2974,16.6718,16.6603,15.1862,0.0013,-1.0000
16.6647,0.0000,303.4305,1.2455,0.3167,16.6610,16.6469,15.3098,0.0010,-1.0000
16.6674,0.0000,303.4470,1.3416,0.2812,16.6703,16.6560,15.3652,0.0011,-1.0000
16.6665,0.0000,303.4638,1.3353,0.3600,16.6678,16.6565,15.4355,0.0010,-1.0000
16.6663,0.0000,303.4805,1.4727,0.3341,16.6722,16.6566,14.8140,0.0013,-1.0000
16.6672,0.0000,303.4972,1.3361,0.3284,16.6587,16.6554,15.1329,0.0013,-1.0000
16.6661,0.0000,303.5138,1.2900,0.3232,16.6667,16.6556,15.3176,0.0012,-1.0000
16.6663,0.0000,303.5304,1.2199,0.3806,16.6674,16.6528,15.3800,0.0009,-1.0000
16.6669,0.0000,303.5470,1.8413,0.2693,16.6676,16.6562,15.4223,0.0012,-1.0000
16.6673,0.0000,303.5638,1.5211,0.3045,16.6665,16.6557,14.8174,0.0010,-1.0000
16.6658,0.0000,303.5805,1.3367,0.2973,16.6675,16.6576,15.1649,0.0010,-1.0000
16.6677,0.0000,303.5971,1.2715,0.3258,16.6643,16.6575,14.7739,0.0015,-1.0000
16.6670,0.0000,303.6138,1.2325,0.5100,16.6660,16.6627,15.3470,0.0013,-1.0000
16.6670,0.0000,303.6305,1.8372,0.2923,16.6639,16.6523,15.2943,0.0012,-1.0000
16.6666,0.0000,303.6471,1.4918,0.3524,16.6666,16.6579,15.2217,0.0013,-1.0000
16.6663,0.0000,303.6643,1.8823,0.3102,16.6663,16.6536,15.2445,0.0010,-1.0000
16.6672,0.0000,303.6804,1.3142,0.2975,16.6734,16.6559,14.4867,0.0016,-1.0000
16.6665,0.0000,303.6972,1.3572,0.3281,16.6629,16.6582,15.3802,0.0012,-1.0000
16.6662,0.0000,303.7138,1.4350,0.3291,16.6685,16.6577,15.0430,0.0013,-1.0000
16.6669,0.0000,303.7305,1.4080,0.3189,16.6651,16.6566,15.1842,0.0012,-1.0000
16.6659,0.0000,303.7470,2.1683,0.3127,16.6651,16.6489,15.1786,0.0013,-1.0000
16.6678,0.0000,303.7638,1.2770,0.3797,16.6682,16.6579,15.0713,0.0011,-1.0000
16.6665,0.0000,303.7805,1.6138,0.2975,16.6703,16.6578,15.3608,0.0010,-1.0000
16.6663,0.0000,303.7972,1.4710,0.3314,16.6687,16.6526,15.0523,0.0012,-1.0000
16.6680,0.0000,303.8139,1.4688,0.3494,16.6601,16.6558,15.1140,0.0011,-1.0000
16.6651,0.0000,303.8304,1.5853,0.2949,16.6690,16.6494,14.9934,0.0017,-1.0000
16.6669,0.0000,303.8470,1.2959,0.3600,16.6715,16.6608,15.2677,0.0014,-1.0000
16.6677,0.0000,303.8638,1.5990,0.3481,16.6653,16.6591,15.4039,0.0011,-1.0000
16.6651,0.0000,303.8805,1.5407,0.3314,16.6671,16.6566,15.3148,0.0011,-1.0000
16.6681,0.0000,303.8972,1.6541,0.3775,16.6598,16.6511,15.2377,0.0012,-1.0000
16.9832,0.0000,303.9143,1.3917,0.3560,16.6706,16.9736,15.4019,0.0012,-1.0000
16.6682,0.0000,303.9308,1.2543,0.3219,16.6701,16.6542,14.9369,0.0012,-1.0000
16.6635,0.0000,303.9473,1.3405,0.3280,16.6676,16.6543,15.1497,0.0012,-1.0000
16.6710,0.0000,303.9641,1.4125,0.3625,16.6614,16.6618,15.4801,0.0008,-1.0000
16.6635,0.0000,303.9808,1.5703,0.4478,16.9852,16.6497,15.2214,0.0011,-1.0000
16.6666,0.0000,303.9975,1.7162,0.3687,16.6663,16.6594,15.1897,0.0013,-1.0000
16.6663,0.0000,304.0141,1.5033,0.3128,16.6631,16.6631,15.2539,0.0010,-1.0000
16.6670,0.0000,304.0308,1.1810,0.3313,16.6722,16.6556,15.2552,0.0010,-1.0000
16.6687,0.0000,304.0474,1.4272,0.3253,16.6586,16.6562,15.1253,0.0014,-1.0000
16.6647,0.0000,304.0641,1.4682,0.2867,16.6689,16.6528,15.2416,0.0013,-1.0000
16.6666,0.0000,304.0807,1.4083,0.3087,16.6738,16.6546,15.1272,0.0011,-1.0000
16.6675,0.0000,304.0974,1.3994,0.3121,16.6648,16.6593,15.3466,0.0012,-1.0000
16.6665,0.0000,304.1140,1.5295,0.3132,16.6667,16.6535,15.3390,0.0012,-1.0000
16.6678,0.0000,304.1307,1.4099,0.3066,16.6647,16.6583,15.3449,0.0011,-1.0000
16.6662,0.0000,304.1474,1.5259,0.2990,16.6642,16.6528,15.3548,0.0011,-1.0000
16.6662,0.0000,304.1642,1.3114,0.3198,16.6696,16.6553,15.1889,0.0013,-1.0000
16.6667,0.0000,304.1808,1.3133,0.3286,16.6652,16.6538,15.2739,0.0012,-1.0000
16.6663,0.0000,304.1974,1.3122,0.3214,16.6700,16.6526,15.3261,0.0012,-1.0000
16.6667,0.0000,304.2141,1.2969,0.4408,16.6661,16.6634,14.8568,0.0016,-1.0000
16.6673,0.0000,304.2308,1.4649,0.3199,16.6661,16.6582,15.2360,0.0011,-1.0000
16.6664,0.0000,304.2474,1.3786,0.3207,16.6648,16.6524,15.0904,0.0015,-1.0000
16.6665,0.0000,304.2640,1.3252,0.3403,16.6620,16.6540,15.2722,0.0009,-1.0000
16.6662,0.0000,304.2808,1.8053,0.3054,16.6731,16.6559,15.3484,0.0013,-1.0000
16.6693,0.0000,304.2975,1.4212,0.5432,16.6691,16.6617,15.3038,0.0013,-1.0000
16.6658,0.0000,304.3142,1.5607,0.3401,16.6649,16.6521,15.1622,0.0010,-1.0000
16.6658,0.0000,304.3310,1.3809,0.3248,16.6638,16.6590,15.0506,0.0015,-1.0000
16.6679,0.0000,304.3473,1.3063,0.3920,16.6641,16.6557,14.8405,0.0010,-1.0000
16.6660,0.0000,304.3641,1.3566,0.3403,16.6715,16.6576,15.3927,0.0011,-1.0000
16.6661,0.0000,304.3808,1.4889,0.3120,16.6621,16.6554,15.3017,0.0015,-1.0000
16.6674,0.0000,304.3975,1.6069,0.3591,16.6696,16.6610,15.2027,0.0012,-1.0000
16.6674,0.0000,304.4141,1.8142,0.3212,16.6655,16.6559,15.1946,0.0011,-1.0000
16.6680,0.0000,304.4308,1.2641,0.3076,16.6667,16.6581,15.3325,0.0015,-1.0000
16.6658,0.0000,304.4474,1.3520,0.3172,16.6658,16.6517,15.1783,0.0014,-1.0000
16.6668,0.0000,304.4642,1.4571,0.2952,16.6711,16.6498,14.9145,0.0011,-1.0000
16.6662,0.0000,304.4808,1.4600,0.3568,16.6667,16.6505,15.1482,0.0013,-1.0000
16.6662,0.0000,304.4974,1.3244,0.3854,16.6747,16.6538,15.2088,0.0012,-1.0000
16.6677,0.0000,304.5142,1.4721,0.5893,16.6662,16.6557,15.3611,0.0010,-1.0000
16.6654,0.0000,304.5308,1.7342,0.4556,16.6639,16.6552,14.7578,0.0016,-1.0000
16.6672,0.0000,304.5473,1.5011,0.3141,16.6631,16.6549,15.2218,0.0011,-1.0000
16.6664,0.0000,304.5641,1.4437,0.3273,16.6638,16.6595,15.3280,0.0010,-1.0000
16.6664,0.0000,304.5807,1.2934,0.3831,16.6673,16.6541,15.2619,0.0013,-1.0000
16.6671,0.0000,304.5974,1.8960,0.3184,16.6669,16.6593,15.4015,0.0012,-1.0000
16.6668,0.0000,304.6141,1.4320,0.3387,16.6661,16.6562,15.2945,0.0013,-1.0000
16.6685,0.0000,304.6308,1.3305,0.3330,16.6687,16.6577,15.3137,0.0012,-1.0000
16.6659,0.0000,304.6474,1.3908,0.4798,16.6631,16.6498,15.1137,0.0012,-1.0000
16.6659,0.0000,304.6641,1.2563,0.3122,16.6693,16.6531,15.2260,0.0012,-1.0000
16.6677,0.0000,304.6808,1.3599,0.3010,16.6673,16.6623,15.2957,0.0010,-1.0000
16.6663,0.0000,304.6974,1.3425,0.3610,16.6709,16.6542,15.1506,0.0010,-1.0000
16.6672,0.0000,304.7141,1.5346,0.3398,16.6625,16.6599,15.1797,0.0012,-1.0000
16.6670,0.0000,304.7308,1.4260,0.3550,16.6629,16.6543,15.3445,0.0013,-1.0000
16.6671,0.0000,304.7474,1.3653,0.3022,16.6718,16.6684,15.1042,0.0012,-1.0000
16.6659,0.0000,304.7641,1.5024,0.4231,16.6642,16.6424,15.2447,0.0012,-1.0000
16.6665,0.0000,304.7808,1.4790,0.3039,16.6699,16.6535,15.0975,0.0014,-1.0000
16.6672,0.0000,304.7974,1.3085,0.3324,16.6671,16.6578,15.2736,0.0012,-1.0000
16.6681,0.0000,304.8144,1.5630,0.3060,16.6793,16.6518,15.3264,0.0012,-1.0000
16.6661,0.0000,304.8308,1.3964,0.4526,16.6542,16.6537,14.7958,0.0014,-1.0000
16.6667,0.0000,304.8474,1.5544,0.3215,16.6629,16.6547,15.2263,0.0011,-1.0000
16.6662,0.0000,304.8641,1.3831,0.3233,16.6768,16.6512,15.1435,0.0017,-1.0000
16.6665,0.0000,304.8808,1.3235,0.4713,16.6630,16.6538,15.1036,0.0014,-1.0000
16.6665,0.0000,304.8974,1.8566,0.3271,16.6657,16.6578,15.2527,0.0010,-1.0000
16.6669,0.0000,304.9141,1.4271,0.3752,16.6679,16.6567,15.1174,0.0013,-1.0000
16.6667,0.0000,304.9307,1.5056,0.3101,16.6631,16.6542,15.3219,0.0013,-1.0000
16.6669,0.0000,304.9473,1.5484,0.3755,16.6645,16.6602,15.4147,0.0012,-1.0000
16.6672,0.0000,304.9641,1.4039,0.2952,16.6675,16.6699,15.5328,0.0009,-1.0000
16.6664,0.0000,304.9809,1.5382,0.2719,16.6667,16.6447,15.1920,0.0010,-1.0000
16.6664,0.0000,304.9975,1.3310,0.3072,16.6638,16.6517,15.0422,0.0012,-1.0000
16.6669,0.0000,305.0141,1.2442,0.3333,16.6693,16.6611,15.0964,0.0013,-1.0000
16.6663,0.0000,305.0307,1.1357,0.2747,16.6811,16.6538,15.3117,0.0011,-1.0000
16.6676,0.0000,305.0473,1.4515,0.2646,16.6562,16.6620,15.0424,0.0011,-1.0000
16.6661,0.0000,305.0642,1.6083,0.3293,16.6615,16.6512,15.3828,0.0013,-1.0000
16.6669,0.0000,305.0808,1.5636,0.2910,16.6712,16.6571,15.1836,0.0011,-1.0000
16.6669,0.0000,305.0975,1.3408,0.3909,16.6631,16.6561,15.2558,0.0013,-1.0000
16.6669,0.0000,305.1141,1.6183,0.3271,16.6728,16.6573,15.1875,0.0012,-1.0000
16.6665,0.0000,305.1308,1.2671,0.2752,16.6615,16.6549,15.1878,0.0012,-1.0000
16.6662,0.0000,305.1473,1.4721,0.3504,16.6669,16.6540,15.1489,0.0011,-1.0000
16.6667,0.0000,305.1642,1.3986,0.2898,16.6661,16.6583,15.3855,0.0012,-1.0000
16.6669,0.0000,305.1808,1.4687,0.3357,16.6687,16.6552,15.1657,0.0013,-1.0000
16.6676,0.0000,305.1974,1.4660,0.3689,16.6669,16.6553,15.2018,0.0011,-1.0000
16.6660,0.0000,305.2141,1.5040,0.3021,16.6645,16.6546,15.2178,0.0011,-1.0000
16.6690,0.0000,305.2308,1.2715,0.3471,16.6687,16.6844,15.3513,0.0011,-1.0000
16.6649,0.0000,305.2474,1.4883,0.2721,16.6665,16.6306,15.1895,0.0014,-1.0000
16.6667,0.0000,305.2641,1.4523,0.3250,16.6664,16.6568,15.1941,0.0010,-1.0000
16.6675,0.0000,305.2809,1.4355,0.3005,16.6652,16.6568,15.4219,0.0011,-1.0000
16.6668,0.0000,305.2975,1.3321,0.3811,16.6939,16.6739,14.7166,0.0011,-1.0000
16.6671,0.0000,305.3141,1.4400,0.3764,16.6405,16.6402,15.1350,0.0015,-1.0000
16.6663,0.0000,305.3309,1.4612,0.3222,16.6667,16.6587,15.1556,0.0013,-1.0000
16.6670,0.0000,305.3474,1.2338,0.3201,16.6671,16.6519,14.9998,0.0013,-1.0000
16.6671,0.0000,305.3641,1.9560,0.3505,16.6847,16.6543,15.2973,0.0010,-1.0000
16.6663,0.0000,305.3808,1.5036,0.3199,16.6503,16.6550,15.2205,0.0010,-1.0000
16.6669,0.0000,305.3975,1.5017,0.4110,16.6704,16.6592,15.2335,0.0011,-1.0000
16.6679,0.0000,305.4143,1.6508,0.2786,16.6642,16.6575,15.0895,0.0013,-1.0000
16.6657,0.0000,305.4308,1.3560,0.3419,16.6643,16.6554,15.0448,0.0016,-1.0000
16.6663,0.0000,305.4473,1.4337,0.3992,16.6643,16.6552,15.2928,0.0013,-1.0000
16.6756,0.0000,305.4642,1.4248,0.3544,16.6690,16.6669,15.3633,0.0012,-1.0000
16.6658,0.0000,305.4808,1.5664,0.2977,16.6688,16.6540,15.0615,0.0012,-1.0000
16.6665,0.0000,305.4975,1.6092,0.3179,16.6645,16.6586,15.2024,0.0014,-1.0000
16.6669,0.0000,305.5141,1.3609,0.3428,16.6657,16.6560,15.1394,0.0013,-1.0000
16.6678,0.0000,305.5308,1.3022,0.3420,16.6773,16.6620,15.3148,0.0017,-1.0000
16.6677,0.0000,305.5474,1.5908,0.3310,16.6629,16.6532,14.9720,0.0011,-1.0000
16.6674,0.0000,305.5642,1.4548,0.3519,16.6687,16.6525,15.2009,0.0009,-1.0000
16.6668,0.0000,305.5809,1.5152,0.3099,16.6658,16.6546,15.0902,0.0015,-1.0000
16.6660,0.0000,305.5975,1.3454,0.4005,16.6732,16.6563,14.9801,0.0013,-1.0000
16.6669,0.0000,305.6141,1.6800,0.4421,16.6666,16.6537,15.2328,0.0016,-1.0000
16.6665,0.0000,305.6308,1.4506,0.3904,16.6655,16.6562,15.2228,0.0011,-1.0000
16.7034,0.0000,305.6479,1.5629,0.3704,16.6659,16.7028,15.2797,0.0011,-1.0000
16.6485,0.0000,305.6642,1.6748,0.3085,16.6673,16.6629,14.6304,0.0019,-1.0000
16.6664,0.0000,305.6808,1.4196,0.3331,16.6645,16.6204,14.9359,0.0014,-1.0000
16.6666,0.0000,305.6978,1.4322,0.3606,16.6664,16.6540,15.1660,0.0013,-1.0000
16.6671,0.0000,305.7142,1.4217,0.4954,16.7135,16.6571,14.6092,0.0012,-1.0000
16.6666,0.0000,305.7308,2.0307,0.4002,16.6751,16.6537,14.8194,0.0011,-1.0000
16.6668,0.0000,305.7475,1.6831,0.3376,16.6320,16.6591,15.2914,0.0010,-1.0000
16.6666,0.0000,305.7641,1.4865,0.8006,16.6658,16.6563,15.0777,0.0014,-1.0000
16.6669,0.0000,305.7808,2.0466,0.5442,16.6679,16.6576,15.2546,0.0012,-1.0000
16.6670,0.0000,305.7977,1.8330,0.6023,16.6634,16.6554,15.1916,0.0012,-1.0000
16.6666,0.0000,305.8142,1.3667,0.4896,16.6697,16.6513,15.0197,0.0012,-1.0000
16.6668,0.0000,305.8309,1.5775,0.4380,16.6676,16.6578,15.0124,0.0014,-1.0000
16.6683,0.0000,305.8474,1.4015,0.3938,16.6685,16.6547,15.1019,0.0014,-1.0000
16.6651,0.0000,305.8642,1.4625,0.3925,16.6669,16.6544,15.1867,0.0016,-1.0000
16.6667,0.0000,305.8808,1.6303,0.3755,16.6633,16.6564,15.1805,0.0016,-1.0000
16.6663,0.0000,305.8975,1.6440,0.3706,16.6698,16.6563,15.1778,0.0012,-1.0000
16.6674,0.0000,305.9142,1.5512,0.4211,16.6661,16.6598,15.0445,0.0013,-1.0000
16.6676,0.0000,305.9308,1.4664,0.3024,16.6636,16.6609,15.3546,0.0011,-1.0000
16.6660,0.0000,305.9474,1.4744,0.2906,16.6660,16.6499,15.2802,0.0011,-1.0000
16.6668,0.0000,305.9642,1.4773,0.3832,16.6654,16.6541,15.2069,0.0011,-1.0000
16.6665,0.0000,305.9809,1.6143,0.2943,16.6696,16.6607,15.2894,0.0012,-1.0000
16.6677,0.0000,305.9974,1.3049,0.2950,16.6720,16.6558,15.1647,0.0015,-1.0000
16.6656,0.0000,306.0149,1.3684,0.3475,16.6615,16.6587,15.3283,0.0011,-1.0000
16.6686,0.0000,306.0310,1.4464,0.3538,16.6644,16.6602,14.2755,0.0016,-1.0000
16.6659,0.0000,306.0475,1.3702,0.3523,16.6699,16.6469,15.0241,0.0010,-1.0000
16.6652,0.0000,306.0641,1.4898,0.3183,16.6651,16.6528,15.2136,0.0016,-1.0000
16.6676,0.0000,306.0808,1.3294,0.3345,16.6703,16.6633,15.1970,0.0014,-1.0000
16.6660,0.0000,306.0975,2.3830,0.3440,16.6736,16.6549,15.1012,0.0014,-1.0000
16.6668,0.0000,306.1141,1.6215,0.3454,16.6580,16.6594,15.2940,0.0012,-1.0000
16.6667,0.0000,306.1309,1.4377,0.3731,16.6616,16.6599,15.2651,0.0014,-1.0000
16.6671,0.0000,306.1474,1.4651,0.4413,16.6720,16.6504,15.1350,0.0016,-1.0000
16.6766,0.0000,306.1645,1.5521,0.3125,16.6644,16.6871,15.2726,0.0011,-1.0000
16.6572,0.0000,306.1808,1.3640,0.2915,16.6687,16.6145,14.9023,0.0015,-1.0000
16.6669,0.0000,306.1975,1.3933,0.3934,16.6715,16.6538,15.2089,0.0012,-1.0000
16.6667,0.0000,306.2142,1.5140,0.5132,16.6610,16.6550,15.2471,0.0010,-1.0000
16.6669,0.0000,306.2309,1.4139,0.3625,16.7072,16.6554,15.2003,0.0012,-1.0000
16.6667,0.0000,306.2474,1.7107,0.3298,16.6298,16.6553,15.1528,0.0011,-1.0000
16.6663,0.0000,306.2642,1.4438,0.3652,16.6654,16.6569,15.2845,0.0012,-1.0000
16.6680,0.0000,306.2808,1.4067,0.3534,16.6654,16.6554,15.2776,0.0011,-1.0000
16.6662,0.0000,306.2975,1.4535,0.3971,16.6669,16.6562,15.2757,0.0011,-1.0000
16.6660,0.0000,306.3148,1.5014,0.3371,16.6658,16.6538,15.0939,0.0012,-1.0000
16.6665,0.0000,306.3308,1.3708,0.3786,16.6693,16.6582,14.5326,0.0014,-1.0000
16.6673,0.0000,306.3474,1.3766,0.4358,16.6663,16.6525,15.1928,0.0013,-1.0000
16.6674,0.0000,306.3642,1.3793,0.3722,16.6676,16.6578,15.2413,0.0011,-1.0000
16.6672,0.0000,306.3808,1.5585,0.4870,16.6649,16.6533,15.1302,0.0010,-1.0000
16.6663,0.0000,306.3976,2.1242,0.4177,16.6696,16.6566,15.1844,0.0010,-1.0000
16.6666,0.0000,306.4142,1.4580,0.6234,16.6643,16.6556,15.1576,0.0011,-1.0000
16.6669,0.0000,306.4308,1.4155,0.3942,16.6686,16.6548,15.1471,0.0012,-1.0000
16.6662,0.0000,306.4474,1.5217,0.4896,16.6643,16.6530,15.1967,0.0011,-1.0000
16.6669,0.0000,306.4643,1.4710,0.4099,16.6673,16.6566,15.2021,0.0015,-1.0000
16.6675,0.0000,306.4809,1.4965,0.4166,16.6673,16.6591,14.9921,0.0014,-1.0000
16.6657,0.0000,306.4975,1.5063,0.4477,16.6664,16.6510,15.0211,0.0012,-1.0000
16.6674,0.0000,306.5141,1.4550,0.4443,16.6646,16.6604,14.8694,0.0015,-1.0000
16.6665,0.0000,306.5308,1.4531,0.5120,16.6675,16.6531,15.2246,0.0012,-1.0000
16.6653,0.0000,306.5473,1.6654,0.5529,16.6706,16.6551,15.2464,0.0014,-1.0000
16.6670,0.0000,306.5642,1.6291,0.3644,16.6616,16.6596,15.4588,0.0010,-1.0000
16.6670,0.0000,306.5808,1.7896,0.3307,16.6713,16.6587,15.1400,0.0015,-1.0000
16.6669,0.0000,306.5975,1.4271,0.3367,16.6643,16.6562,15.2417,0.0014,-1.0000
16.6670,0.0000,306.6142,1.4073,0.3673,16.6648,16.6580,15.2732,0.0011,-1.0000
16.6663,0.0000,306.6309,1.1998,0.3184,16.6683,16.6599,15.3102,0.0017,-1.0000
16.6672,0.0000,306.6474,1.5175,0.3161,16.6681,16.6490,15.1246,0.0014,-1.0000
16.6657,0.0000,306.6641,1.4132,0.2991,16.6651,16.6523,15.2488,0.0012,-1.0000
16.6685,0.0000,306.6808,1.3835,0.4130,16.6701,16.6603,15.1848,0.0014,-1.0000
16.6658,0.0000,306.6975,1.3485,0.3735,16.6719,16.6466,15.2792,0.0012,-1.0000
16.6675,0.0000,306.7142,1.5229,0.3634,16.6599,16.6572,15.2655,0.0011,-1.0000
16.6666,0.0000,306.7309,1.4023,0.3326,16.6628,16.6544,15.1763,0.0012,-1.0000
16.6668,0.0000,306.7475,1.4736,0.2939,16.6713,16.6557,15.1445,0.0011,-1.0000
16.6658,0.0000,306.7642,1.3661,0.4174,16.6659,16.6530,15.0897,0.0014,-1.0000
16.6672,0.0000,306.7808,1.3903,0.3507,16.6684,16.6571,15.0978,0.0014,-1.0000
16.6683,0.0000,306.7975,1.4769,0.3227,16.6656,16.6622,15.2394,0.0011,-1.0000
16.6652,0.0000,306.8142,1.5101,0.3890,16.6675,16.6462,15.1476,0.0011,-1.0000
16.6672,0.0000,306.8308,1.5619,0.3489,16.6631,16.6578,15.2129,0.0015,-1.0000
16.6670,0.0000,306.8474,1.5577,0.3379,16.6673,16.6575,15.3061,0.0012,-1.0000
16.6656,0.0000,306.8641,1.4216,0.3520,16.6756,16.6539,15.1982,0.0010,-1.0000
16.6672,0.0000,306.8808,1.4976,0.4156,16.6582,16.6580,15.2575,0.0012,-1.0000
16.6663,0.0000,306.8975,1.4428,0.3222,16.6683,16.6563,15.3515,0.0012,-1.0000
16.6671,0.0000,306.9141,1.3501,0.3692,16.6676,16.6604,15.1919,0.0011,-1.0000
16.6676,0.0000,306.9308,1.4544,0.3171,16.6632,16.6617,15.1168,0.0012,-1.0000
16.6663,0.0000,306.9474,1.3990,0.3276,16.6681,16.6499,15.1904,0.0013,-1.0000
16.6661,0.0000,306.9641,1.3031,0.3589,16.6658,16.6526,15.3901,0.0013,-1.0000
16.6668,0.0000,306.9814,1.4673,0.4336,16.6693,16.6560,15.3964,0.0013,-1.0000
16.6672,0.0000,306.9975,1.5433,0.4929,16.6733,16.6616,14.6468,0.0013,-1.0000
16.6667,0.0000,307.0141,1.4584,0.3877,16.6614,16.6533,15.0856,0.0016,-1.0000
16.6672,0.0000,307.0308,1.2613,0.3260,16.6641,16.6561,15.3579,0.0011,-1.0000
16.6658,0.0000,307.0473,1.2582,0.4573,16.6661,16.6553,15.3229,0.0013,-1.0000
16.6665,0.0000,307.0642,2.0134,0.3839,16.6712,16.6574,15.4043,0.0011,-1.0000
16.6675,0.0000,307.0808,1.5665,0.3770,16.6639,16.6577,15.1385,0.0014,-1.0000
16.6663,0.0000,307.0974,1.2970,0.4128,16.6660,16.6560,15.1642,0.0015,-1.0000
16.6670,0.0000,307.1142,1.3311,0.4241,16.6651,16.6592,15.2317,0.0012,-1.0000
16.6664,0.0000,307.1308,1.2522,0.3425,16.6671,16.6539,15.2393,0.0014,-1.0000
16.6666,0.0000,307.1474,1.5179,0.3625,16.6676,16.6585,15.2512,0.0013,-1.0000
16.6668,0.0000,307.1642,1.4905,0.3875,16.6647,16.6553,15.2133,0.0012,-1.0000
16.6666,0.0000,307.1808,1.4262,0.3415,16.6690,16.6571,15.0456,0.0014,-1.0000
16.6673,0.0000,307.1974,1.4130,0.3478,16.6643,16.6592,15.2074,0.0013,-1.0000
16.6669,0.0000,307.2141,1.4061,0.3728,16.6685,16.6549,15.3480,0.0014,-1.0000
16.6668,0.0000,307.2308,1.4410,0.3933,16.6649,16.6599,15.2156,0.0015,-1.0000
16.6661,0.0000,307.2473,1.6101,0.3304,16.6675,16.6535,15.3843,0.0012,-1.0000
16.6674,0.0000,307.2643,1.4507,0.3002,16.6685,16.6599,15.3354,0.0011,-1.0000
16.6665,0.0000,307.2808,1.3056,0.3310,16.6649,16.6519,15.0397,0.0015,-1.0000
16.6675,0.0000,307.2975,1.4433,0.2763,16.6706,16.6668,15.2173,0.0012,-1.0000
16.6661,0.0000,307.3143,1.2680,0.3748,16.6642,16.6469,15.2801,0.0013,-1.0000
16.6681,0.0000,307.3308,1.3231,0.3535,16.6708,16.6576,14.9827,0.0012,-1.0000
16.6644,0.0000,307.3474,1.6106,0.3265,16.6620,16.6570,15.0542,0.0018,-1.0000
16.6681,0.0000,307.3642,1.4483,0.4576,16.6766,16.6591,15.1963,0.0012,-1.0000
16.6658,0.0000,307.3809,1.3653,0.3910,16.6565,16.6527,14.9327,0.0013,-1.0000
16.6674,0.0000,307.3975,1.6736,0.3585,16.6667,16.6569,15.1581,0.0015,-1.0000
16.6657,0.0000,307.4142,1.6013,0.3551,16.6664,16.6571,15.3412,0.0014,-1.0000
16.6667,0.0000,307.4308,1.4614,0.4261,16.6701,16.6588,15.0571,0.0013,-1.0000
16.6671,0.0000,307.4474,1.7192,0.4292,16.6636,16.6589,15.1072,0.0012,-1.0000
16.6667,0.0000,307.4641,1.4973,0.3946,16.6661,16.6558,15.3695,0.0012,-1.0000
16.6669,0.0000,307.4808,1.3144,0.3800,16.6658,16.6585,15.3650,0.0011,-1.0000
16.6663,0.0000,307.4975,1.6002,0.3119,16.6684,16.6547,15.2882,0.0011,-1.0000
16.6674,0.0000,307.5141,1.5507,0.3118,16.6677,16.6579,15.2277,0.0012,-1.0000
16.6670,0.0000,307.5308,1.2852,0.3587,16.6658,16.6583,15.3534,0.0012,-1.0000
16.6661,0.0000,307.5473,1.2930,0.3523,16.6687,16.6565,15.2752,0.0013,-1.0000
16.6672,0.0000,307.5641,1.3654,0.3114,16.6646,16.6567,15.3528,0.0010,-1.0000
16.6662,0.0000,307.5808,1.4291,0.3075,16.6671,16.6579,15.2805,0.0013,-1.0000
16.6672,0.0000,307.5975,1.3033,0.2947,16.6688,16.6582,15.2742,0.0013,-1.0000
16.6674,0.0000,307.6142,1.3799,0.3427,16.6664,16.6597,15.1980,0.0014,-1.0000
16.6662,0.0000,307.6308,1.3024,0.3444,16.6670,16.6455,15.1025,0.0013,-1.0000
16.6663,0.0000,307.6474,1.3760,0.3134,16.6678,16.6569,15.3154,0.0011,-1.0000
16.6661,0.0000,307.6641,1.3827,0.3293,16.6688,16.6568,15.2666,0.0014,-1.0000
16.6676,0.0000,307.6808,1.4605,0.3121,16.6718,16.6586,15.1599,0.0014,-1.0000
16.6664,0.0000,307.6975,1.5416,0.3048,16.6560,16.6595,15.4361,0.0010,-1.0000
16.6666,0.0000,307.7141,1.3401,0.2874,16.6663,16.6548,15.3333,0.0017,-1.0000
16.6669,0.0000,307.7309,1.3886,0.2659,16.6665,16.6606,15.2870,0.0012,-1.0000
16.6666,0.0000,307.7473,1.4976,0.2650,16.6676,16.6565,15.3018,0.0011,-1.0000
16.6666,0.0000,307.7641,1.2222,0.3016,16.6686,16.6547,15.4238,0.0010,-1.0000
16.6667,0.0000,307.7813,1.3197,0.2850,16.6645,16.6593,15.2736,0.0013,-1.0000
16.6665,0.0000,307.7974,1.3723,0.2821,16.6707,16.6543,14.7627,0.0012,-1.0000
16.6667,0.0000,307.8141,1.3536,0.4096,16.6667,16.6569,15.2954,0.0011,-1.0000
16.6667,0.0000,307.8308,1.2299,0.3128,16.6637,16.6554,15.2619,0.0013,-1.0000
16.6667,0.0000,307.8473,1.3844,0.4432,16.6691,16.6573,15.1528,0.0013,-1.0000
16.6673,0.0000,307.8641,1.8905,0.3282,16.6645,16.6600,15.4416,0.0016,-1.0000
16.6667,0.0000,307.8808,1.3602,0.3268,16.6665,16.6567,15.3652,0.0011,-1.0000
16.6667,0.0000,307.8975,1.3923,0.3807,16.6647,16.6541,15.3063,0.0015,-1.0000
16.6667,0.0000,307.9142,1.5030,0.3766,16.6667,16.6574,15.2471,0.0014,-1.0000
16.6672,0.0000,307.9308,1.2165,0.2999,16.6695,16.6598,15.2181,0.0012,-1.0000
16.6665,0.0000,307.9474,1.2901,0.3554,16.6676,16.6562,15.2386,0.0016,-1.0000
16.6678,0.0000,307.9645,1.3461,0.3344,16.6636,16.6592,15.3909,0.0013,-1.0000
16.6665,0.0000,307.9808,1.4085,0.3011,16.6663,16.6570,14.8578,0.0016,-1.0000
16.6665,0.0000,307.9974,1.4402,0.3230,16.6692,16.6576,15.1897,0.0014,-1.0000
16.6660,0.0000,308.0141,1.4158,0.3853,16.6649,16.6599,15.2390,0.0010,-1.0000
16.6667,0.0000,308.0308,1.2670,0.3292,16.6688,16.6537,15.2571,0.0011,-1.0000
16.6675,0.0000,308.0474,1.7974,0.3144,16.6668,16.6572,15.3632,0.0017,-1.0000
16.6659,0.0000,308.0641,1.4668,0.3085,16.6678,16.6571,15.4793,0.0011,-1.0000
16.6673,0.0000,308.0808,1.4197,0.3296,16.6689,16.6669,15.3579,0.0011,-1.0000
16.6662,0.0000,308.0975,1.3953,0.3072,16.6627,16.6477,15.2502,0.0012,-1.0000
16.6664,0.0000,308.1141,1.2928,0.4045,16.6668,16.6567,15.3333,0.0013,-1.0000
16.6682,0.0000,308.1308,1.1765,0.3538,16.6657,16.6652,15.3812,0.0011,-1.0000
16.6664,0.0000,308.1473,1.3079,0.3154,16.6751,16.6531,15.2881,0.0013,-1.0000
16.6664,0.0000,308.1641,1.3961,0.3294,16.6560,16.6597,15.5055,0.0009,-1.0000
16.6664,0.0000,308.1808,1.3220,0.2580,16.6643,16.6566,15.3123,0.0014,-1.0000
16.6671,0.0000,308.1974,1.2825,0.2799,16.6741,16.6590,15.4490,0.0012,-1.0000
16.6671,0.0000,308.2141,1.3637,0.2620,16.6622,16.6619,15.4347,0.0013,-1.0000
16.6670,0.0000,308.2308,1.1531,0.2783,16.6677,16.6570,15.2015,0.0011,-1.0000
16.6662,0.0000,308.2474,1.3429,0.2695,16.6644,16.6567,15.2945,0.0013,-1.0000
16.6671,0.0000,308.2641,1.2087,0.2672,16.6676,16.6583,15.2214,0.0013,-1.0000
16.6665,0.0000,308.2808,1.2260,0.3292,16.6704,16.6578,15.2923,0.0012,-1.0000
16.6674,0.0000,308.2975,1.4547,0.3883,16.6660,16.6587,15.3579,0.0011,-1.0000
16.6661,0.0000,308.3141,1.3611,0.3324,16.6660,16.6531,15.3294,0.0013,-1.0000
16.6666,0.0000,308.3307,1.4355,0.2900,16.6675,16.6588,15.2766,0.0011,-1.0000
16.6673,0.0000,308.3473,1.3645,0.2958,16.6664,16.6625,15.3214,0.0013,-1.0000
16.6665,0.0000,308.3641,1.2997,0.3574,16.6694,16.6516,15.4600,0.0011,-1.0000
16.6666,0.0000,308.3807,1.3222,0.2785,16.6630,16.6590,15.2264,0.0013,-1.0000
16.6673,0.0000,308.3975,1.3808,0.3078,16.6681,16.6602,15.4999,0.0010,-1.0000
16.6665,0.0000,308.4141,1.3395,0.3221,16.6722,16.6556,15.3378,0.0014,-1.0000
16.6662,0.0000,308.4308,1.1902,0.3241,16.6609,16.6555,15.2558,0.0013,-1.0000
16.6667,0.0000,308.4475,1.4312,0.2639,16.6676,16.6601,15.4199,0.0012,-1.0000
16.6671,0.0000,308.4641,1.1593,0.2669,16.6697,16.6560,15.2837,0.0012,-1.0000
16.6665,0.0000,308.4808,1.3163,0.2996,16.6645,16.6563,15.4069,0.0010,-1.0000
16.6677,0.0000,308.4975,1.3984,0.2968,16.6648,16.6632,15.3563,0.0011,-1.0000
16.6659,0.0000,308.5141,1.2390,0.2572,16.6688,16.6563,15.2695,0.0013,-1.0000
16.6665,0.0000,308.5308,1.3712,0.2783,16.6651,16.6593,15.4668,0.0014,-1.0000
16.6672,0.0000,308.5473,1.2483,0.2700,16.6647,16.6544,15.4014,0.0012,-1.0000
16.6668,0.0000,308.5646,1.3059,0.3084,16.6714,16.6571,15.4906,0.0010,-1.0000
16.6669,0.0000,308.5808,1.3853,0.2548,16.6649,16.6617,14.8005,0.0015,-1.0000
16.6663,0.0000,308.5975,1.1909,0.2793,16.6686,16.6517,15.2523,0.0015,-1.0000
16.6675,0.0000,308.6141,1.2516,0.2606,16.6646,16.6589,15.3403,0.0010,-1.0000
16.6675,0.0000,308.6308,1.1651,0.4797,16.6661,16.6615,15.3789,0.0013,-1.0000
16.6663,0.0000,308.6474,1.8597,0.3558,16.6711,16.6558,15.3353,0.0013,-1.0000
16.6994,0.0000,308.6642,1.3977,0.4362,16.6607,16.6885,15.2461,0.0012,-1.0000
16.6659,0.0000,308.6809,1.3171,0.2970,16.6674,16.6595,15.3611,0.0011,-1.0000
16.6657,0.0000,308.6977,1.2810,0.2936,16.6708,16.6554,15.2112,0.0015,-1.0000
16.6659,0.0000,308.7142,1.3192,0.3634,16.6656,16.6534,15.1450,0.0014,-1.0000
16.6666,0.0000,308.7308,1.4407,0.3018,16.6978,16.6591,15.3722,0.0012,-1.0000
16.6678,0.0000,308.7474,1.2972,0.4509,16.6690,16.6647,15.3100,0.0012,-1.0000
16.6659,0.0000,308.7641,1.4423,0.3072,16.6650,16.6507,15.2828,0.0010,-1.0000
16.6667,0.0000,308.7808,1.5069,0.3125,16.6629,16.6590,15.2203,0.0010,-1.0000
16.6669,0.0000,308.7974,1.2854,0.3182,16.6671,16.6588,15.4245,0.0012,-1.0000
16.6667,0.0000,308.8142,1.3535,0.2760,16.6738,16.6570,15.5024,0.0010,-1.0000
16.6677,0.0000,308.8309,1.3668,0.2914,16.6601,16.6616,15.3290,0.0012,-1.0000
16.6665,0.0000,308.8474,1.4375,0.2621,16.6682,16.6563,15.3000,0.0012,-1.0000
16.6668,0.0000,308.8641,1.2329,0.2683,16.6671,16.6576,15.4333,0.0012,-1.0000
16.6669,0.0000,308.8808,1.1535,0.2797,16.6650,16.6592,15.3673,0.0013,-1.0000
16.6666,0.0000,308.8975,1.3313,0.2730,16.6707,16.6542,15.3555,0.0012,-1.0000
16.6666,0.0000,308.9141,1.3551,0.2843,16.6650,16.6589,15.3823,0.0015,-1.0000
16.6676,0.0000,308.9308,1.2235,0.2498,16.6667,16.6577,15.3743,0.0010,-1.0000
16.6662,0.0000,308.9474,1.2905,0.3162,16.6685,16.6603,15.3946,0.0011,-1.0000
16.6670,0.0000,308.9641,1.2976,0.2615,16.6634,16.6566,15.4676,0.0010,-1.0000
16.6660,0.0000,308.9809,1.2751,0.2757,16.6676,16.6543,15.2652,0.0011,-1.0000
16.6667,0.0000,308.9975,1.2823,0.2789,16.6664,16.6592,15.2363,0.0014,-1.0000
16.6670,0.0000,309.0142,1.2643,0.2531,16.6701,16.6611,15.3195,0.0011,-1.0000
16.6654,0.0000,309.0308,1.1878,0.3460,16.6661,16.6586,15.2671,0.0017,-1.0000
16.6682,0.0000,309.0474,1.3879,0.2510,16.6629,16.6578,15.3420,0.0011,-1.0000
16.6664,0.0000,309.0642,1.4216,0.3175,16.6667,16.6551,15.3749,0.0014,-1.0000
16.6675,0.0000,309.0808,1.3405,0.3008,16.6697,16.6617,15.2517,0.0012,-1.0000
16.6661,0.0000,309.0976,1.3899,0.3105,16.6661,16.6546,15.1398,0.0013,-1.0000
16.6669,0.0000,309.1141,1.3148,0.2828,16.6678,16.6591,15.1146,0.0013,-1.0000
16.6668,0.0000,309.1308,1.2788,0.2747,16.6635,16.6561,15.2194,0.0012,-1.0000
16.6672,0.0000,309.1474,1.4087,0.2742,16.6708,16.6571,15.2793,0.0012,-1.0000
16.6670,0.0000,309.1642,1.5134,0.3680,16.6644,16.6593,15.3447,0.0012,-1.0000
16.6675,0.0000,309.1808,1.5431,0.3098,16.6681,16.6585,15.1656,0.0011,-1.0000
16.6662,0.0000,309.1975,1.4354,0.3077,16.6661,16.6564,15.2347,0.0011,-1.0000
16.6656,0.0000,309.2142,1.3766,0.3009,16.6665,16.6515,15.2888,0.0012,-1.0000
16.6671,0.0000,309.2309,1.3134,0.3442,16.6688,16.6607,15.2028,0.0011,-1.0000
16.6668,0.0000,309.2474,1.4915,0.3191,16.6676,16.6543,15.1688,0.0010,-1.0000
16.6674,0.0000,309.2642,1.4204,0.3160,16.6667,16.6618,15.2438,0.0012,-1.0000
16.6656,0.0000,309.2809,1.3615,0.3280,16.6607,16.6508,15.2593,0.0011,-1.0000
16.6674,0.0000,309.2975,1.4564,0.3161,16.6706,16.6608,14.5273,0.0014,-1.0000
16.6676,0.0000,309.3142,1.4843,0.6351,16.6650,16.6622,15.2121,0.0014,-1.0000
16.6655,0.0000,309.3308,1.4165,0.3182,16.6717,16.6476,15.1095,0.0014,-1.0000
16.6674,0.0000,309.3474,1.3901,0.3930,16.6594,16.6593,15.2432,0.0011,-1.0000
16.6671,0.0000,309.3656,2.1325,0.3317,16.6707,16.6576,15.2129,0.0012,-1.0000
16.6700,0.0000,309.3809,1.4490,0.3137,16.6728,16.6757,13.7492,0.0014,-1.0000
16.6646,0.0000,309.3975,1.5364,0.3774,16.6589,16.6283,13.9837,0.0013,-1.0000
16.6661,0.0000,309.4145,1.4148,0.3415,16.6695,16.6552,15.0929,0.0011,-1.0000
16.6668,0.0000,309.4308,1.4436,0.4838,16.6687,16.6535,14.7964,0.0014,-1.0000
16.6679,0.0000,309.4474,2.9252,0.4816,16.6921,16.6570,15.2311,0.0011,-1.0000
16.6658,0.0000,309.4642,2.6433,0.4097,16.6421,16.6550,15.2174,0.0010,-1.0000
16.6669,0.0000,309.4809,1.5611,0.3612,16.6671,16.6499,15.0851,0.0014,-1.0000
16.6654,0.0000,309.4975,1.8560,0.4440,16.6653,16.6520,15.1269,0.0011,-1.0000
16.6676,0.0000,309.5142,1.4248,0.4318,16.6681,16.6607,15.1082,0.0014,-1.0000
16.6658,0.0000,309.5309,1.4366,0.4326,16.6716,16.6574,15.1422,0.0012,-1.0000
16.6675,0.0000,309.5474,1.5637,0.3704,16.6601,16.6595,15.3221,0.0014,-1.0000
16.6660,0.0000,309.5642,1.5242,0.4148,16.6620,16.6583,15.2276,0.0011,-1.0000
16.6673,0.0000,309.5810,1.5509,0.3948,16.6699,16.6597,15.2013,0.0011,-1.0000
16.6670,0.0000,309.5975,1.5139,0.2980,16.6659,16.6607,15.0641,0.0012,-1.0000
16.6671,0.0000,309.6141,1.3356,0.3271,16.6668,16.6529,15.2232,0.0011,-1.0000
16.6673,0.0000,309.6308,1.4296,0.3632,16.6665,16.6604,15.3480,0.0010,-1.0000
16.6650,0.0000,309.6474,1.4573,0.3263,16.6670,16.6508,15.3237,0.0012,-1.0000
16.6680,0.0000,309.6642,1.5954,0.3377,16.6711,16.6648,15.3823,0.0011,-1.0000
16.6670,0.0000,309.6808,1.4283,0.2961,16.6630,16.6571,15.1914,0.0012,-1.0000
16.6664,0.0000,309.6975,1.3113,0.3238,16.6696,16.6557,15.3434,0.0011,-1.0000
16.6664,0.0000,309.7141,1.3259,0.3053,16.6594,16.6571,15.4480,0.0012,-1.0000
16.6676,0.0000,309.7309,1.2813,0.3044,16.6730,16.6615,15.2505,0.0014,-1.0000
16.6659,0.0000,309.7474,1.4646,0.3288,16.6678,16.6550,15.0702,0.0012,-1.0000
16.6680,0.0000,309.7643,1.3111,0.3040,16.6640,16.6593,15.2101,0.0014,-1.0000
16.6667,0.0000,309.7809,1.2079,0.3083,16.6664,16.6555,15.1479,0.0013,-1.0000
16.6658,0.0000,309.7975,1.4096,0.3524,16.6710,16.6528,14.5965,0.0013,-1.0000
16.6679,0.0000,309.8142,1.5833,0.3514,16.6652,16.6594,15.2133,0.0015,-1.0000
16.6667,0.0000,309.8308,1.4478,0.3784,16.6697,16.6537,15.1457,0.0013,-1.0000
16.6664,0.0000,309.8474,1.5063,0.3707,16.6665,16.6527,15.1908,0.0013,-1.0000
16.6671,0.0000,309.8642,2.0549,0.4141,16.6641,16.6565,15.2394,0.0010,-1.0000
16.6669,0.0000,309.8809,1.4444,0.3217,16.6709,16.6535,15.2055,0.0011,-1.0000
16.6667,0.0000,309.8976,1.5067,0.3365,16.6651,16.6603,15.2059,0.0011,-1.0000
16.6663,0.0000,309.9143,1.4604,0.3175,16.6653,16.6542,15.0005,0.0013,-1.0000
16.6664,0.0000,309.9308,1.4158,0.3644,16.6680,16.6524,15.1415,0.0011,-1.0000
16.6676,0.0000,309.9474,1.4467,0.3088,16.6654,16.6514,15.2685,0.0011,-1.0000
16.6654,0.0000,309.9643,1.4535,0.3637,16.6730,16.6570,15.3553,0.0011,-1.0000
16.6686,0.0000,309.9808,1.6525,0.3717,16.6665,16.6610,15.2082,0.0013,-1.0000
16.6663,0.0000,309.9975,1.5098,0.3170,16.6650,16.6555,15.1943,0.0012,-1.0000
16.6672,0.0000,310.0143,1.3821,0.3107,16.6622,16.6474,15.2239,0.0014,-1.0000
16.6653,0.0000,310.0308,1.3006,0.3337,16.6683,16.6561,15.2021,0.0013,-1.0000
16.6666,0.0000,310.0474,1.4518,0.3206,16.6733,16.6533,15.3884,0.0010,-1.0000
16.6670,0.0000,310.0642,1.4598,0.3680,16.6684,16.6572,15.0610,0.0011,-1.0000
16.6669,0.0000,310.0808,1.4218,0.3336,16.6601,16.6546,15.0324,0.0013,-1.0000
16.6660,0.0000,310.0975,1.4530,0.3113,16.6682,16.6553,15.2057,0.0009,-1.0000
16.6664,0.0000,310.1141,1.2638,0.3524,16.6633,16.6548,15.2168,0.0012,-1.0000
16.6676,0.0000,310.1308,1.5949,0.3307,16.6671,16.6607,15.3491,0.0014,-1.0000
16.6663,0.0000,310.1474,1.6215,0.3244,16.6654,16.6535,15.3629,0.0014,-1.0000
16.6667,0.0000,310.1642,1.4485,0.3235,16.6652,16.6592,15.3290,0.0010,-1.0000
16.6670,0.0000,310.1809,1.4366,0.3470,16.6645,16.6541,15.0089,0.0013,-1.0000
16.6682,0.0000,310.1975,1.3104,0.2994,16.6714,16.6553,15.1136,0.0021,-1.0000
16.6649,0.0000,310.2142,1.2891,0.2884,16.6647,16.6527,15.2579,0.0012,-1.0000
16.6676,0.0000,310.2308,1.3291,0.2966,16.6705,16.6571,15.1202,0.0018,-1.0000
16.6662,0.0000,310.2474,1.6437,0.3280,16.6662,16.6569,15.1911,0.0015,-1.0000
16.6671,0.0000,310.2643,1.5396,0.3214,16.6673,16.6572,15.3764,0.0011,-1.0000
16.6662,0.0000,310.2808,1.3937,0.4001,16.6640,16.6533,15.1713,0.0012,-1.0000
16.6662,0.0000,310.2975,1.5351,0.3459,16.6668,16.6554,15.2073,0.0017,-1.0000
16.6673,0.0000,310.3143,1.4643,0.2847,16.6670,16.6602,15.1915,0.0017,-1.0000
16.7386,0.0000,310.3310,1.2795,0.3136,16.6687,16.7367,14.9977,0.0012,-1.0000
16.6658,0.0000,310.3474,1.4808,0.3110,16.6632,16.6481,15.0414,0.0013,-1.0000
16.6670,0.0000,310.3643,1.4466,0.3601,16.6642,16.6542,15.2961,0.0012,-1.0000
16.6659,0.0000,310.3809,1.4668,0.2810,16.6705,16.6543,15.1317,0.0014,-1.0000
16.6686,0.0000,310.3976,1.7377,0.3476,16.7485,16.6610,15.3523,0.0011,-1.0000
16.6653,0.0000,310.4143,1.6052,0.2816,16.6571,16.6532,15.1180,0.0014,-1.0000
16.6665,0.0000,310.4309,1.3570,0.3291,16.6644,16.6547,15.2442,0.0011,-1.0000
16.6670,0.0000,310.4474,1.5212,0.2762,16.6638,16.6607,15.4053,0.0012,-1.0000
16.6671,0.0000,310.4642,1.3074,0.3327,16.6715,16.6591,15.3043,0.0011,-1.0000
16.6661,0.0000,310.4810,1.5342,0.3251,16.6649,16.6525,15.3517,0.0010,-1.0000
16.6675,0.0000,310.4977,1.4093,0.3398,16.6640,16.6620,15.0616,0.0015,-1.0000
16.6663,0.0000,310.5145,1.2539,0.3053,16.6693,16.6495,15.2134,0.0011,-1.0000
16.6662,0.0000,310.5309,1.3534,0.2752,16.6683,16.6580,14.8877,0.0012,-1.0000
16.6674,0.0000,310.5474,1.2997,0.3008,16.6627,16.6572,15.0753,0.0015,-1.0000
16.6667,0.0000,310.5642,1.5986,0.3462,16.6740,16.6549,15.4225,0.0015,-1.0000
16.6691,0.0000,310.5809,1.4350,0.4820,16.6606,16.6733,15.1824,0.0012,-1.0000
16.6643,0.0000,310.5976,1.7691,0.3830,16.6683,16.6379,15.2536,0.0011,-1.0000
16.6670,0.0000,310.6143,1.5804,0.3985,16.6665,16.6608,15.2673,0.0014,-1.0000
16.6673,0.0000,310.6310,1.2307,0.3785,16.6650,16.6565,15.1360,0.0012,-1.0000
16.6658,0.0000,310.6475,1.4894,0.5116,16.6858,16.6518,15.2960,0.0013,-1.0000
16.6663,0.0000,310.6643,1.3834,0.3858,16.6482,16.6566,15.4569,0.0012,-1.0000
16.6668,0.0000,310.6809,1.3922,0.3600,16.6711,16.6602,15.1502,0.0013,-1.0000
16.6663,0.0000,310.6975,1.5191,0.3740,16.6676,16.6560,15.3985,0.0011,-1.0000
16.6676,0.0000,310.7143,1.3542,0.3414,16.6609,16.6604,15.3265,0.0015,-1.0000
16.6655,0.0000,310.7309,1.1981,0.3215,16.6652,16.6545,15.2602,0.0013,-1.0000
16.6674,0.0000,310.7474,1.5088,0.3370,16.6686,16.6611,15.2875,0.0011,-1.0000
16.6671,0.0000,310.7642,1.2558,0.3016,16.6645,16.6576,15.4384,0.0011,-1.0000
16.6668,0.0000,310.7809,1.3322,0.3013,16.6690,16.6583,15.3130,0.0015,-1.0000
16.6672,0.0000,310.7975,1.3932,0.2923,16.6631,16.6579,15.2300,0.0013,-1.0000
16.6662,0.0000,310.8142,1.3726,0.3566,16.6702,16.6534,15.2463,0.0011,-1.0000
16.6667,0.0000,310.8308,1.2181,0.3355,16.6665,16.6596,15.3853,0.0010,-1.0000
16.6669,0.0000,310.8474,1.3441,0.4871,16.6670,16.6572,15.4405,0.0010,-1.0000
16.6668,0.0000,310.8642,1.4268,0.2997,16.6685,16.6598,15.4125,0.0015,-1.0000
16.6667,0.0000,310.8809,1.4059,0.2818,16.6626,16.6531,15.2725,0.0012,-1.0000
16.6663,0.0000,310.8976,1.2734,0.3283,16.6693,16.6793,15.3424,0.0014,-1.0000
16.6672,0.0000,310.9142,1.2156,0.3046,16.6662,16.6343,15.0666,0.0012,-1.0000
16.6657,0.0000,310.9309,1.2456,0.3444,16.6701,16.6601,15.3582,0.0014,-1.0000
16.6668,0.0000,310.9474,1.3793,0.3665,16.6633,16.6563,15.4087,0.0011,-1.0000
16.6666,0.0000,310.9642,1.3357,0.3429,16.6900,16.6562,15.4935,0.0013,-1.0000
16.6666,0.0000,310.9809,1.5662,0.2938,16.6437,16.6584,15.4627,0.0011,-1.0000
16.6686,0.0000,310.9976,1.3006,0.2847,16.6684,16.6648,15.3898,0.0013,-1.0000
16.6661,0.0000,311.0142,1.2466,0.2808,16.6636,16.6525,15.4003,0.0014,-1.0000
16.6664,0.0000,311.0309,1.1611,0.3246,16.6644,16.6585,15.3615,0.0013,-1.0000
16.6670,0.0000,311.0475,1.1949,0.2930,16.6668,16.6582,15.3707,0.0016,-1.0000
16.6658,0.0000,311.0642,1.2736,0.3141,16.6735,16.6543,15.3815,0.0011,-1.0000
16.6674,0.0000,311.0809,1.2509,0.2863,16.6623,16.6638,14.9912,0.0010,-1.0000
16.6658,0.0000,311.0976,1.2956,0.3162,16.6674,16.6520,15.4082,0.0014,-1.0000
16.6677,0.0000,311.1142,1.2858,0.2872,16.6684,16.6489,15.0004,0.0014,-1.0000
16.6670,0.0000,311.1309,1.2715,0.3119,16.6632,16.6591,15.2951,0.0011,-1.0000
16.6655,0.0000,311.1474,1.6716,0.2819,16.6725,16.6561,15.2186,0.0011,-1.0000
16.6669,0.0000,311.1643,1.2423,0.3627,16.6612,16.6537,15.4739,0.0014,-1.0000
16.6668,0.0000,311.1809,1.6470,0.3080,16.6693,16.6582,15.1827,0.0019,-1.0000
16.6668,0.0000,311.1978,1.3630,0.3281,16.6695,16.6574,15.4267,0.0011,-1.0000
16.6674,0.0000,311.2142,1.4363,0.2715,16.6668,16.6589,15.0027,0.0012,-1.0000
16.6665,0.0000,311.2309,1.1783,0.3268,16.6616,16.6575,15.3755,0.0011,-1.0000
16.6669,0.0000,311.2474,1.4736,0.3157,16.6668,16.6610,15.2972,0.0011,-1.0000
16.6665,0.0000,311.2642,1.2296,0.4681,16.6660,16.6548,15.3947,0.0013,-1.0000
16.6668,0.0000,311.2809,1.6547,0.3023,16.6680,16.6564,15.4505,0.0011,-1.0000
16.6662,0.0000,311.2975,1.2807,0.3331,16.6662,16.6594,15.3804,0.0011,-1.0000
16.6669,0.0000,311.3142,1.3626,0.4087,16.6699,16.6556,15.4031,0.0011,-1.0000
16.6686,0.0000,311.3311,1.2588,0.3701,16.6643,16.6632,15.4003,0.0010,-1.0000
16.6651,0.0000,311.3475,1.2044,0.3291,16.6656,16.6538,14.9175,0.0014,-1.0000
16.6669,0.0000,311.3643,1.2779,0.3566,16.6687,16.6569,15.3910,0.0012,-1.0000
16.6673,0.0000,311.3810,1.2514,0.3738,16.6650,16.6590,15.2905,0.0012,-1.0000
16.6659,0.0000,311.3976,1.2619,0.4001,16.6721,16.6534,15.3116,0.0012,-1.0000
16.6669,0.0000,311.4146,1.7350,0.3288,16.6636,16.6583,15.1917,0.0011,-1.0000
16.6664,0.0000,311.4310,1.2646,0.3345,16.6659,16.6565,14.6554,0.0015,-1.0000
16.6671,0.0000,311.4474,1.3675,0.3195,16.6696,16.6589,15.1436,0.0013,-1.0000
16.6673,0.0000,311.4642,1.3405,0.3469,16.6623,16.6590,15.0575,0.0011,-1.0000
16.6657,0.0000,311.4809,1.4653,0.3578,16.6671,16.6542,15.2329,0.0011,-1.0000
16.6669,0.0000,311.4976,1.9997,0.3741,16.6660,16.6568,15.2773,0.0012,-1.0000
16.6664,0.0000,311.5142,1.5140,0.3197,16.6682,16.6579,15.3269,0.0009,-1.0000
16.6677,0.0000,311.5309,1.6004,0.4778,16.6695,16.6604,15.5241,0.0010,-1.0000
16.6673,0.0000,311.5474,1.4201,0.2793,16.6643,16.6609,15.4570,0.0014,-1.0000
16.6651,0.0000,311.5642,1.3783,0.2870,16.6655,16.6534,15.4681,0.0009,-1.0000
16.6673,0.0000,311.5810,1.3299,0.2692,16.6662,16.6588,15.3569,0.0012,-1.0000
16.6667,0.0000,311.5975,1.1351,0.2610,16.6685,16.6566,14.9966,0.0014,-1.0000
16.6663,0.0000,311.6142,1.2025,0.2767,16.6703,16.6575,15.4529,0.0012,-1.0000
16.6672,0.0000,311.6308,1.1844,0.2650,16.6625,16.6571,15.5011,0.0009,-1.0000
16.6671,0.0000,311.6475,1.3006,0.3116,16.6677,16.6610,15.5610,0.0014,-1.0000
16.6669,0.0000,311.6642,1.6586,0.3054,16.6667,16.6559,15.4081,0.0014,-1.0000
16.6659,0.0000,311.6808,1.2034,0.2734,16.6662,16.6561,15.3143,0.0012,-1.0000
16.6671,0.0000,311.6975,1.1549,0.2782,16.6660,16.6571,15.4518,0.0011,-1.0000
16.6666,0.0000,311.7142,1.0985,0.2748,16.6692,16.6603,15.5309,0.0010,-1.0000
16.6666,0.0000,311.7309,1.2463,0.2987,16.6663,16.6584,15.4329,0.0012,-1.0000
16.6671,0.0000,311.7474,1.3404,0.2790,16.6648,16.6603,15.1993,0.0013,-1.0000
16.6672,0.0000,311.7642,1.2043,0.2611,16.6653,16.6571,15.3703,0.0011,-1.0000
16.6660,0.0000,311.7809,1.1282,0.2634,16.6690,16.6520,15.3424,0.0012,-1.0000
16.6669,0.0000,311.7975,1.2242,0.3174,16.6670,16.6573,15.2321,0.0014,-1.0000
16.6669,0.0000,311.8142,1.4600,0.3127,16.6696,16.6579,15.5213,0.0010,-1.0000
16.6673,0.0000,311.8309,1.2856,0.2951,16.6685,16.6627,15.4489,0.0010,-1.0000
16.6665,0.0000,311.8474,1.3084,0.2988,16.6614,16.6560,15.2053,0.0012,-1.0000
16.6670,0.0000,311.8642,1.4238,0.2818,16.6662,16.6576,15.5121,0.0008,-1.0000
16.6665,0.0000,311.8809,1.1358,0.2697,16.6668,16.6548,15.3457,0.0013,-1.0000
16.6667,0.0000,311.8976,1.2126,0.2960,16.6707,16.6581,15.3530,0.0015,-1.0000
16.6666,0.0000,311.9142,1.4494,0.3197,16.6658,16.6570,15.3536,0.0013,-1.0000
16.6664,0.0000,311.9309,1.1446,0.2948,16.6672,16.6597,15.2990,0.0015,-1.0000
16.6678,0.0000,311.9474,1.3079,0.2938,16.6646,16.6555,15.2072,0.0012,-1.0000
16.6664,0.0000,311.9643,1.3034,0.2857,16.6665,16.6559,15.3567,0.0014,-1.0000
16.6672,0.0000,311.9810,1.3022,0.3376,16.6666,16.6567,15.2186,0.0013,-1.0000
16.6662,0.0000,311.9976,1.3595,0.3533,16.6698,16.6557,15.1852,0.0010,-1.0000
16.6663,0.0000,312.0142,1.4469,0.3279,16.6658,16.6544,15.0477,0.0012,-1.0000
16.6676,0.0000,312.0309,1.2979,0.3334,16.6671,16.6590,15.2423,0.0013,-1.0000
16.6661,0.0000,312.0475,1.4367,0.3255,16.6674,16.6564,15.3125,0.0012,-1.0000
16.6669,0.0000,312.0642,1.4693,0.3064,16.6661,16.6585,15.2994,0.0011,-1.0000
16.6666,0.0000,312.0809,1.6054,0.3432,16.6641,16.6581,15.1763,0.0016,-1.0000
16.6665,0.0000,312.0983,1.4157,0.2964,16.6690,16.6550,15.2812,0.0010,-1.0000
16.6673,0.0000,312.1142,1.3427,0.2942,16.6670,16.6583,14.3762,0.0012,-1.0000
16.6669,0.0000,312.1309,1.3578,0.3056,16.6676,16.6572,15.2573,0.0010,-1.0000
16.6665,0.0000,312.1477,1.4803,0.2910,16.6672,16.6556,15.3026,0.0011,-1.0000
16.7072,0.0000,312.1643,1.3729,0.4552,16.6643,16.6986,15.0745,0.0013,-1.0000
16.6674,0.0000,312.1810,2.2808,0.4171,16.6675,16.6558,15.1319,0.0015,-1.0000
16.6659,0.0000,312.1976,1.3988,0.3634,16.6681,16.6586,15.2713,0.0015,-1.0000
16.6669,0.0000,312.2143,1.3517,0.3880,16.6654,16.6554,15.2430,0.0016,-1.0000
16.6672,0.0000,312.2310,1.6229,0.4226,16.7092,16.6542,15.2578,0.0013,-1.0000
16.6664,0.0000,312.2476,1.5225,0.4092,16.6652,16.6576,15.1006,0.0012,-1.0000
16.6657,0.0000,312.2642,1.3859,0.6668,16.6688,16.6511,15.3199,0.0010,-1.0000
16.6678,0.0000,312.2809,1.4111,0.3762,16.6659,16.6608,15.3685,0.0014,-1.0000
16.6661,0.0000,312.2976,1.3952,0.3946,16.6661,16.6530,15.2996,0.0014,-1.0000
16.6668,0.0000,312.3142,1.5558,0.3377,16.6695,16.6567,15.4561,0.0012,-1.0000
16.6666,0.0000,312.3310,1.3302,0.3614,16.6606,16.6584,15.3231,0.0009,-1.0000
16.6672,0.0000,312.3475,1.2910,0.3269,16.6716,16.6581,15.2561,0.0012,-1.0000
16.6670,0.0000,312.3643,1.3520,0.2937,16.6622,16.6603,15.5004,0.0010,-1.0000
16.6669,0.0000,312.3810,1.1995,0.3028,16.6652,16.6587,15.4200,0.0012,-1.0000
16.6667,0.0000,312.3976,1.3345,0.3006,16.6670,16.6552,15.2068,0.0013,-1.0000
16.6661,0.0000,312.4143,1.4006,0.3497,16.6664,16.6571,15.2937,0.0013,-1.0000
16.6672,0.0000,312.4309,1.1588,0.3239,16.6698,16.6585,15.3009,0.0012,-1.0000
16.6664,0.0000,312.4475,1.2376,0.4567,16.6696,16.6572,15.4141,0.0012,-1.0000
16.6678,0.0000,312.4643,1.4468,0.2806,16.6647,16.6596,15.4438,0.0012,-1.0000
16.6662,0.0000,312.4810,1.3620,0.2951,16.6657,16.6543,15.3874,0.0012,-1.0000
16.6662,0.0000,312.4976,1.3563,0.2754,16.6668,16.6583,15.3932,0.0015,-1.0000
16.6668,0.0000,312.5142,1.2420,0.2767,16.6665,16.6562,15.2964,0.0012,-1.0000
16.6672,0.0000,312.5309,1.2140,0.2842,16.6690,16.6598,15.4601,0.0014,-1.0000
16.6673,0.0000,312.5475,1.2651,0.2713,16.6636,16.6616,15.4811,0.0012,-1.0000
16.6662,0.0000,312.5643,1.2634,0.3223,16.6675,16.6530,15.3930,0.0010,-1.0000
16.6666,0.0000,312.5810,1.3586,0.2799,16.6647,16.6578,15.2755,0.0012,-1.0000
16.6672,0.0000,312.5976,1.1983,0.2924,16.6676,16.6607,15.2684,0.0010,-1.0000
16.6673,0.0000,312.6143,1.1792,0.2709,16.6716,16.6596,15.3618,0.0011,-1.0000
16.6669,0.0000,312.6310,1.2590,0.2806,16.6620,16.6597,15.3165,0.0011,-1.0000
16.6655,0.0000,312.6475,1.3810,0.3517,16.6663,16.6523,15.2119,0.0011,-1.0000
16.6673,0.0000,312.6643,1.3913,0.2674,16.6687,16.6580,15.3934,0.0012,-1.0000
16.6672,0.0000,312.6809,1.2966,0.2920,16.6691,16.6601,15.2019,0.0013,-1.0000
16.6658,0.0000,312.6975,1.3418,0.3425,16.6695,16.6529,15.3844,0.0014,-1.0000
16.6669,0.0000,312.7142,1.4390,0.2914,16.6613,16.6610,15.4791,0.0012,-1.0000
16.6672,0.0000,312.7310,1.2639,0.3547,16.6671,16.6589,15.3974,0.0012,-1.0000
16.6662,0.0000,312.7475,1.4569,0.3376,16.6689,16.6530,15.3055,0.0015,-1.0000
16.6672,0.0000,312.7643,1.2668,0.3288,16.6614,16.6594,15.5079,0.0009,-1.0000
16.6664,0.0000,312.7809,1.1808,0.2732,16.6701,16.6552,15.4002,0.0012,-1.0000
16.6651,0.0000,312.7981,1.2601,0.2876,16.6694,16.6540,15.4107,0.0011,-1.0000
16.6673,0.0000,312.8142,1.3462,0.3114,16.6625,16.6608,14.8838,0.0013,-1.0000
16.6676,0.0000,312.8309,1.1504,0.3049,16.6689,16.6632,15.4079,0.0009,-1.0000
16.6667,0.0000,312.8474,1.2535,0.2905,16.6645,16.6564,15.3318,0.0012,-1.0000
16.6668,0.0000,312.8643,1.2423,0.3939,16.6619,16.6581,15.5696,0.0012,-1.0000
16.6672,0.0000,312.8810,1.7753,0.3070,16.6684,16.6603,15.2470,0.0012,-1.0000
16.6673,0.0000,312.8977,1.2541,0.3829,16.6718,16.6592,15.3324,0.0011,-1.0000
16.6656,0.0000,312.9142,1.3236,0.3074,16.6652,16.6514,15.1082,0.0015,-1.0000
16.6674,0.0000,312.9309,1.0877,0.3627,16.6664,16.6644,15.3698,0.0011,-1.0000
16.6665,0.0000,312.9475,1.4122,0.3263,16.6688,16.6538,15.3118,0.0010,-1.0000
16.6678,0.0000,312.9643,1.3258,0.3622,16.6686,16.6614,15.3431,0.0019,-1.0000
16.6655,0.0000,312.9810,1.5415,0.3529,16.6604,16.6539,15.3780,0.0012,-1.0000
16.6657,0.0000,312.9976,1.2932,0.3393,16.6730,16.6554,15.3158,0.0012,-1.0000
16.6661,0.0000,313.0142,1.3406,0.3061,16.6628,16.6547,15.3468,0.0015,-1.0000
16.6689,0.0000,313.0309,1.3163,0.3527,16.6706,16.6689,15.4761,0.0012,-1.0000
16.6667,0.0000,313.0475,1.2746,0.2654,16.6636,16.6562,15.3578,0.0012,-1.0000
16.6658,0.0000,313.0642,1.3384,0.2649,16.6636,16.6559,15.4879,0.0011,-1.0000
16.6658,0.0000,313.0809,1.3066,0.3001,16.6618,16.6577,15.3245,0.0013,-1.0000
16.6675,0.0000,313.0975,1.1918,0.3149,16.6763,16.6631,15.4183,0.0014,-1.0000
16.6677,0.0000,313.1142,1.2971,0.3063,16.6652,16.6612,15.5516,0.0016,-1.0000
16.6667,0.0000,313.1309,1.1667,0.3329,16.6635,16.6584,15.5346,0.0011,-1.0000
16.6672,0.0000,313.1475,1.3323,0.3074,16.6643,16.6600,15.5082,0.0011,-1.0000
16.6668,0.0000,313.1645,1.2437,0.3050,16.6699,16.6573,15.4269,0.0010,-1.0000
16.6659,0.0000,313.1809,1.1079,0.2611,16.6682,16.6595,15.1282,0.0011,-1.0000
16.6673,0.0000,313.1976,1.1228,0.2780,16.6671,16.6551,15.4039,0.0011,-1.0000
16.6679,0.0000,313.2143,1.1506,0.2822,16.6679,16.6654,15.4588,0.0012,-1.0000
16.6656,0.0000,313.2309,1.2294,0.2692,16.6662,16.6461,15.2969,0.0012,-1.0000
16.6671,0.0000,313.2476,1.5299,0.2854,16.6690,16.6592,15.3239,0.0012,-1.0000
16.6672,0.0000,313.2643,1.2500,0.3150,16.6634,16.6582,15.2432,0.0014,-1.0000
16.6662,0.0000,313.2809,1.2058,0.2976,16.6770,16.6589,15.2583,0.0011,-1.0000
16.6667,0.0000,313.2976,1.3480,0.3099,16.6566,16.6565,15.3088,0.0013,-1.0000
16.6666,0.0000,313.3143,1.3338,0.3461,16.6673,16.6555,15.2887,0.0013,-1.0000
16.6665,0.0000,313.3310,1.4136,0.3209,16.6672,16.6581,15.2995,0.0012,-1.0000
16.6675,0.0000,313.3475,1.3995,0.3681,16.6691,16.6593,15.1976,0.0013,-1.0000
16.6656,0.0000,313.3642,1.3466,0.3378,16.6665,16.6552,15.5081,0.0012,-1.0000
16.6670,0.0000,313.3809,1.3653,0.3200,16.6651,16.6571,15.3917,0.0011,-1.0000
16.6665,0.0000,313.3976,1.3573,0.3396,16.6672,16.6570,15.3241,0.0011,-1.0000
16.6670,0.0000,313.4142,1.4605,0.2818,16.6689,16.6559,15.3618,0.0011,-1.0000
16.6670,0.0000,313.4309,1.1458,0.2993,16.6649,16.6595,15.2950,0.0011,-1.0000
16.6670,0.0000,313.4475,1.2641,0.2807,16.6679,16.6562,15.4694,0.0013,-1.0000
16.6680,0.0000,313.4643,1.3319,0.2791,16.6657,16.6609,15.4489,0.0011,-1.0000
16.6657,0.0000,313.4814,1.2929,0.3264,16.6654,16.6559,15.2691,0.0014,-1.0000
16.6667,0.0000,313.4976,1.3632,0.2774,16.6692,16.6556,14.7742,0.0013,-1.0000
16.6657,0.0000,313.5142,1.1852,0.3204,16.6653,16.6548,15.2042,0.0013,-1.0000
16.6671,0.0000,313.5309,1.2103,0.3126,16.6705,16.6586,15.4118,0.0010,-1.0000
16.6662,0.0000,313.5474,1.3854,0.4214,16.6658,16.6588,15.4371,0.0014,-1.0000
16.6667,0.0000,313.5643,1.8801,0.3540,16.6655,16.6569,15.5614,0.0011,-1.0000
16.6663,0.0000,313.5811,1.4490,0.3435,16.6631,16.6610,15.3375,0.0012,-1.0000
16.6682,0.0000,313.5976,1.2458,0.3238,16.6664,16.6593,15.1429,0.0015,-1.0000
16.6655,0.0000,313.6143,1.2201,0.3367,16.6670,16.6589,15.3941,0.0014,-1.0000
16.6676,0.0000,313.6309,1.0943,0.2893,16.6652,16.6593,15.4069,0.0010,-1.0000
16.6670,0.0000,313.6476,1.3221,0.2958,16.6681,16.6736,15.4452,0.0013,-1.0000
16.6660,0.0000,313.6643,1.5151,0.3209,16.6676,16.6370,15.2519,0.0019,-1.0000
16.6668,0.0000,313.6809,1.2634,0.3001,16.6675,16.6590,15.3127,0.0010,-1.0000
16.6668,0.0000,313.6976,1.2514,0.3275,16.6682,16.6584,15.4171,0.0012,-1.0000
16.6666,0.0000,313.7142,1.2267,0.3043,16.6833,16.6568,15.4555,0.0016,-1.0000
16.6665,0.0000,313.7309,1.3830,0.2839,16.6469,16.6571,15.3672,0.0010,-1.0000
16.6671,0.0000,313.7474,1.3452,0.2692,16.6674,16.6617,15.4229,0.0010,-1.0000
16.6667,0.0000,313.7642,1.2397,0.2604,16.6668,16.6621,15.3997,0.0010,-1.0000
16.6659,0.0000,313.7809,1.1992,0.3013,16.6649,16.6549,15.4207,0.0010,-1.0000
16.6677,0.0000,313.7975,1.2889,0.2778,16.6647,16.6626,15.5476,0.0014,-1.0000
16.6666,0.0000,313.8143,1.2377,0.3023,16.6690,16.6546,15.5140,0.0009,-1.0000
16.6669,0.0000,313.8309,1.2613,0.2712,16.6697,16.6631,15.3880,0.0013,-1.0000
16.6662,0.0000,313.8475,1.2329,0.2575,16.6626,16.6554,15.3964,0.0011,-1.0000
16.6671,0.0000,313.8642,1.1136,0.2584,16.6711,16.6594,15.4673,0.0010,-1.0000
16.6671,0.0000,313.8809,1.1391,0.2736,16.6628,16.6614,15.5804,0.0009,-1.0000
16.6666,0.0000,313.8976,1.2736,0.3125,16.6706,16.6568,15.3116,0.0012,-1.0000
16.6671,0.0000,313.9142,1.2579,0.3253,16.6639,16.6573,15.1864,0.0014,-1.0000
16.6659,0.0000,313.9309,1.1907,0.2670,16.6670,16.6544,15.4430,0.0012,-1.0000
16.6675,0.0000,313.9474,1.0798,0.2900,16.6701,16.6625,15.3339,0.0012,-1.0000
16.6664,0.0000,313.9642,1.3436,0.2973,16.6666,16.6570,15.5154,0.0011,-1.0000
16.6671,0.0000,313.9809,1.4694,0.3268,16.6661,16.6610,15.4826,0.0011,-1.0000
16.6672,0.0000,313.9976,1.2103,0.2683,16.6626,16.6606,15.4305,0.0011,-1.0000
16.6661,0.0000,314.0142,1.3274,0.2585,16.6700,16.6543,15.3410,0.0012,-1.0000
16.6673,0.0000,314.0309,1.1402,0.2640,16.6648,16.6616,15.4860,0.0011,-1.0000
16.6666,0.0000,314.0475,1.1772,0.2802,16.6685,16.6571,15.4566,0.0012,-1.0000
16.6669,0.0000,314.0642,1.2288,0.2881,16.6695,16.6568,15.5198,0.0010,-1.0000
16.6663,0.0000,314.0810,1.3121,0.2841,16.6631,16.6603,15.4227,0.0011,-1.0000
16.6664,0.0000,314.0976,1.1742,0.2905,16.6705,16.6553,15.1922,0.0012,-1.0000
16.6668,0.0000,314.1142,1.1992,0.2904,16.6659,16.6634,15.4309,0.0011,-1.0000
16.6678,0.0000,314.1309,1.1357,0.2642,16.6656,16.6530,15.4277,0.0012,-1.0000
16.6663,0.0000,314.1475,1.2363,0.3087,16.6682,16.6574,15.3928,0.0011,-1.0000
16.6659,0.0000,314.1643,1.4619,0.2856,16.6640,16.6573,15.3756,0.0012,-1.0000
16.6670,0.0000,314.1809,1.2310,0.2857,16.6743,16.6557,15.3087,0.0008,-1.0000
16.6661,0.0000,314.1976,1.2238,0.2874,16.6608,16.6584,15.4954,0.0009,-1.0000
16.6679,0.0000,314.2143,1.2634,0.2679,16.6665,16.6630,15.3651,0.0011,-1.0000
16.6671,0.0000,314.2310,1.2802,0.2908,16.6664,16.6566,15.4474,0.0010,-1.0000
16.6664,0.0000,314.2475,1.3457,0.2775,16.6639,16.6583,15.3249,0.0012,-1.0000
16.6668,0.0000,314.2643,1.1619,0.2716,16.6659,16.6558,15.4673,0.0012,-1.0000
16.6668,0.0000,314.2809,1.2966,0.2615,16.6721,16.6583,15.3902,0.0016,-1.0000
16.6670,0.0000,314.2976,1.2081,0.2882,16.6668,16.6574,15.4356,0.0012,-1.0000
16.6660,0.0000,314.3142,1.3321,0.2775,16.6678,16.6559,15.3497,0.0013,-1.0000
16.6673,0.0000,314.3310,1.1872,0.2719,16.6651,16.6590,15.3526,0.0013,-1.0000
16.6668,0.0000,314.3475,1.2665,0.2796,16.6668,16.6568,15.1215,0.0011,-1.0000
16.6673,0.0000,314.3643,1.2205,0.2996,16.6663,16.6608,15.4281,0.0012,-1.0000
16.6665,0.0000,314.3810,1.3052,0.2697,16.6644,16.6568,15.4081,0.0011,-1.0000
16.6664,0.0000,314.3976,1.3050,0.3394,16.6680,16.6536,15.3787,0.0011,-1.0000
16.6671,0.0000,314.4142,1.5342,0.2883,16.6663,16.6595,15.3329,0.0011,-1.0000
16.6667,0.0000,314.4309,1.2314,0.2704,16.6702,16.6595,15.2054,0.0012,-1.0000
16.6666,0.0000,314.4475,1.2473,0.2925,16.6673,16.6594,15.3577,0.0013,-1.0000
16.6665,0.0000,314.4642,1.2738,0.2814,16.6622,16.6547,15.4796,0.0014,-1.0000
16.6657,0.0000,314.4839,1.3254,0.3516,16.6676,16.6558,15.5084,0.0009,-1.0000
16.6682,0.0000,314.4976,1.4526,0.2980,16.6683,16.6636,12.0778,0.0014,-1.0000
16.6666,0.0000,314.5142,1.3002,0.2682,16.6682,16.6586,15.2175,0.0014,-1.0000
16.6667,0.0000,314.5309,1.1737,0.2755,16.6639,16.6594,15.4130,0.0010,-1.0000
16.6662,0.0000,314.5474,1.1461,0.4675,16.6637,16.6563,15.3807,0.0012,-1.0000
16.6924,0.0000,314.5643,4.5844,0.3575,16.6706,16.6863,15.4602,0.0012,-1.0000
16.6663,0.0000,314.5810,1.4396,0.3616,16.6665,16.6575,15.3162,0.0012,-1.0000
16.6667,0.0000,314.5976,1.2453,0.3345,16.6671,16.6598,15.1098,0.0013,-1.0000
16.6669,0.0000,314.6143,1.2742,0.3623,16.6643,16.6576,15.2841,0.0012,-1.0000
16.6679,0.0000,314.6310,1.2248,0.3320,16.6939,16.6609,15.2820,0.0011,-1.0000
16.6667,0.0000,314.6476,1.3401,0.3912,16.6650,16.6590,15.2663,0.0014,-1.0000
16.6666,0.0000,314.6643,1.5495,0.3587,16.6679,16.6601,15.1838,0.0011,-1.0000
16.6666,0.0000,314.6810,1.3727,0.3455,16.6656,16.6545,15.1220,0.0014,-1.0000
16.6671,0.0000,314.6976,1.3779,0.3596,16.6691,16.6586,15.2397,0.0013,-1.0000
16.6674,0.0000,314.7145,1.3913,0.3832,16.6679,16.6599,15.2537,0.0014,-1.0000
16.6670,0.0000,314.7311,1.4751,0.4043,16.6696,16.6581,14.9872,0.0017,-1.0000
16.6680,0.0000,314.7476,1.5312,0.3917,16.6637,16.6598,15.0906,0.0013,-1.0000
16.6651,0.0000,314.7643,1.4178,0.3650,16.6670,16.6501,15.1467,0.0011,-1.0000
16.6671,0.0000,314.7810,1.4048,0.3874,16.6697,16.6538,15.1660,0.0012,-1.0000
16.6665,0.0000,314.7976,1.6692,0.3903,16.6703,16.6556,15.1957,0.0014,-1.0000
16.6654,0.0000,314.8144,1.5680,0.4820,16.6710,16.6507,15.1946,0.0011,-1.0000
16.6672,0.0000,314.8309,1.5017,0.3967,16.6625,16.6581,15.2028,0.0012,-1.0000
16.6662,0.0000,314.8475,1.4865,0.4084,16.6656,16.6563,15.3659,0.0011,-1.0000
16.6677,0.0000,314.8643,1.4584,0.3796,16.6671,16.6602,15.4539,0.0011,-1.0000
16.6666,0.0000,314.8810,1.4551,0.3194,16.6608,16.6548,15.2079,0.0010,-1.0000
16.6667,0.0000,314.8976,1.4543,0.3320,16.6668,16.6597,15.2094,0.0010,-1.0000
16.6681,0.0000,314.9143,1.2893,0.3231,16.6657,16.6578,15.2849,0.0011,-1.0000
16.6659,0.0000,314.9310,1.2051,0.3222,16.6709,16.6522,15.1242,0.0012,-1.0000
16.6676,0.0000,314.9475,1.4459,0.3686,16.6643,16.6570,15.2101,0.0014,-1.0000
16.6656,0.0000,314.9643,1.4493,0.3609,16.6701,16.6543,15.2140,0.0012,-1.0000
16.6664,0.0000,314.9810,1.3715,0.3758,16.6684,16.6552,15.3891,0.0012,-1.0000
16.6668,0.0000,314.9976,1.5269,0.3038,16.6642,16.6588,15.1885,0.0012,-1.0000
16.6669,0.0000,315.0143,1.4456,0.3278,16.6685,16.6567,15.1765,0.0016,-1.0000
16.6677,0.0000,315.0309,1.4391,0.2969,16.6639,16.6608,15.2711,0.0014,-1.0000
16.6664,0.0000,315.0475,1.2648,0.3343,16.6648,16.6577,15.2818,0.0015,-1.0000
16.6666,0.0000,315.0643,1.4690,0.2871,16.6679,16.6547,15.2429,0.0012,-1.0000
16.6669,0.0000,315.0810,1.4783,0.2817,16.6651,16.6567,15.2313,0.0013,-1.0000
16.6661,0.0000,315.0976,1.3884,0.3067,16.6695,16.6566,15.1146,0.0013,-1.0000
16.6671,0.0000,315.1143,1.3743,0.3224,16.6687,16.6592,15.2644,0.0012,-1.0000
16.6665,0.0000,315.1310,1.4107,0.3154,16.6643,16.6665,15.3583,0.0012,-1.0000
16.6678,0.0000,315.1476,1.4239,0.3110,16.6651,16.6518,15.1812,0.0012,-1.0000
16.6666,0.0000,315.1643,1.5407,0.2959,16.6649,16.6575,15.2023,0.0014,-1.0000
16.6655,0.0000,315.1809,1.3938,0.3549,16.6675,16.6539,15.1503,0.0013,-1.0000
16.6671,0.0000,315.1976,1.3068,0.3183,16.6760,16.6584,15.2917,0.0015,-1.0000
16.6666,0.0000,315.2142,1.4694,0.3040,16.6622,16.6591,15.3430,0.0013,-1.0000
16.6667,0.0000,315.2309,1.4537,0.3345,16.6660,16.6619,15.3994,0.0011,-1.0000
16.6674,0.0000,315.2475,1.5021,0.3207,16.6619,16.6569,15.2717,0.0011,-1.0000
16.6670,0.0000,315.2643,1.3650,0.2946,16.6663,16.6607,15.2405,0.0014,-1.0000
16.6673,0.0000,315.2809,1.3145,0.3007,16.6661,16.6587,15.2582,0.0015,-1.0000
16.6662,0.0000,315.2977,1.2612,0.3847,16.6687,16.6573,15.1596,0.0015,-1.0000
16.6686,0.0000,315.3143,1.3841,0.3278,16.6654,16.6570,14.6943,0.0013,-1.0000
16.6660,0.0000,315.3310,1.4187,0.3037,16.6698,16.6540,15.0581,0.0016,-1.0000
16.6655,0.0000,315.3475,1.3990,0.3572,16.6692,16.6537,15.0683,0.0015,-1.0000
16.6667,0.0000,315.3643,1.4961,0.3445,16.6677,16.6574,15.2874,0.0011,-1.0000
16.6674,0.0000,315.3810,1.9612,0.3448,16.6675,16.6586,15.1294,0.0012,-1.0000
16.6673,0.0000,315.3977,1.5942,0.3439,16.6653,16.6555,15.3418,0.0011,-1.0000
16.6667,0.0000,315.4143,1.5839,0.3543,16.6643,16.6576,15.0445,0.0013,-1.0000
16.6658,0.0000,315.4309,1.3688,0.4041,16.6671,16.6548,14.8980,0.0013,-1.0000
16.6664,0.0000,315.4475,1.5280,0.3217,16.6689,16.6570,15.2431,0.0014,-1.0000
16.6678,0.0000,315.4643,1.3126,0.3564,16.6667,16.6588,15.3774,0.0012,-1.0000
16.6660,0.0000,315.4810,1.6119,0.3354,16.6689,16.6558,15.2357,0.0015,-1.0000
16.6666,0.0000,315.4976,1.7558,0.3588,16.6642,16.6557,15.0885,0.0014,-1.0000
16.6670,0.0000,315.5143,1.4124,0.3845,16.6665,16.6581,15.2325,0.0013,-1.0000
16.6673,0.0000,315.5310,1.2801,0.3174,16.6699,16.6565,15.3480,0.0012,-1.0000
16.6668,0.0000,315.5475,1.4186,0.3164,16.6653,16.6548,15.1278,0.0014,-1.0000
16.6666,0.0000,315.5644,1.5657,0.2971,16.6652,16.6571,15.3563,0.0011,-1.0000
16.6669,0.0000,315.5810,1.4244,0.3090,16.6683,16.6559,15.1433,0.0011,-1.0000
16.6665,0.0000,315.5977,1.3071,0.2895,16.6676,16.6559,15.1727,0.0018,-1.0000
16.6678,0.0000,315.6146,1.5257,0.3109,16.6662,16.6585,15.2473,0.0018,-1.0000
16.6668,0.0000,315.6309,1.2996,0.2793,16.6670,16.6545,14.8746,0.0013,-1.0000
16.6666,0.0000,315.6475,1.5114,0.3041,16.6662,16.6572,15.2282,0.0013,-1.0000
16.6663,0.0000,315.6642,1.4818,0.3262,16.6664,16.6524,15.3193,0.0011,-1.0000
16.6664,0.0000,315.6809,1.4099,0.4793,16.6691,16.6560,15.1947,0.0018,-1.0000
16.6663,0.0000,315.6977,1.7783,0.3561,16.6650,16.6564,15.3407,0.0011,-1.0000
16.6672,0.0000,315.7143,1.4274,0.4166,16.6703,16.6571,15.2388,0.0015,-1.0000
16.6672,0.0000,315.7310,1.3314,0.4533,16.6630,16.6568,15.2395,0.0017,-1.0000
16.6665,0.0000,315.7476,1.4595,0.3791,16.6650,16.6565,15.1879,0.0013,-1.0000
16.6665,0.0000,315.7643,1.3142,0.3556,16.6660,16.6557,15.2789,0.0012,-1.0000
16.6667,0.0000,315.7810,1.4173,0.3707,16.6679,16.6591,15.2452,0.0015,-1.0000
16.6664,0.0000,315.7976,1.4157,0.4098,16.6675,16.6519,15.1890,0.0012,-1.0000
16.6671,0.0000,315.8143,1.4675,0.4431,16.6669,16.6603,15.3527,0.0014,-1.0000
16.6674,0.0000,315.8310,1.3755,0.3384,16.6658,16.6558,15.2178,0.0012,-1.0000
16.6657,0.0000,315.8475,1.4124,0.3670,16.6697,16.6517,15.1591,0.0015,-1.0000
16.6663,0.0000,315.8643,1.4619,0.3453,16.6626,16.6556,15.5091,0.0009,-1.0000
16.6679,0.0000,315.8809,1.3060,0.3315,16.6710,16.6604,15.3782,0.0012,-1.0000
16.6667,0.0000,315.8976,1.4365,0.3012,16.6675,16.6553,15.4473,0.0014,-1.0000
16.6660,0.0000,315.9144,1.4909,0.3206,16.6622,16.6571,15.2493,0.0012,-1.0000
16.6670,0.0000,315.9309,1.1452,0.2721,16.6652,16.6585,15.3073,0.0014,-1.0000
16.6665,0.0000,315.9475,1.2812,0.3157,16.6699,16.6566,15.3403,0.0011,-1.0000
16.6672,0.0000,315.9643,1.2064,0.2746,16.6656,16.6585,15.4523,0.0010,-1.0000
16.6660,0.0000,315.9810,1.4064,0.3057,16.6661,16.6566,15.4691,0.0009,-1.0000
16.6675,0.0000,315.9976,1.3500,0.3264,16.6673,16.6586,15.2140,0.0013,-1.0000
16.6667,0.0000,316.0143,1.3150,0.2924,16.6653,16.6545,15.2176,0.0013,-1.0000
16.6657,0.0000,316.0309,1.2049,0.2791,16.6678,16.6579,15.3417,0.0012,-1.0000
16.6674,0.0000,316.0475,1.1861,0.3150,16.6658,16.6588,15.5616,0.0009,-1.0000
16.6665,0.0000,316.0643,1.4432,0.2937,16.6682,16.6570,15.3671,0.0016,-1.0000
16.6674,0.0000,316.0810,1.4357,0.2807,16.6636,16.6586,15.3052,0.0011,-1.0000
16.6659,0.0000,316.0976,1.3151,0.2822,16.6667,16.6533,15.3451,0.0014,-1.0000
16.6668,0.0000,316.1143,1.0961,0.2672,16.6687,16.6583,15.4298,0.0015,-1.0000
16.6669,0.0000,316.1310,1.2883,0.2950,16.6669,16.6598,15.4785,0.0011,-1.0000
16.6666,0.0000,316.1475,1.3522,0.3170,16.6691,16.6604,15.3623,0.0015,-1.0000
16.6674,0.0000,316.1643,1.3067,0.2841,16.6622,16.6558,15.4159,0.0014,-1.0000
16.6672,0.0000,316.1810,1.2270,0.2767,16.6668,16.6559,15.3653,0.0012,-1.0000
16.6664,0.0000,316.1976,1.1802,0.3129,16.6694,16.6559,15.2374,0.0009,-1.0000
16.6669,0.0000,316.2143,1.2965,0.2847,16.6695,16.6547,15.2562,0.0018,-1.0000
16.6667,0.0000,316.2310,1.2386,0.2756,16.6657,16.6556,15.1810,0.0013,-1.0000
16.6659,0.0000,316.2475,1.2890,0.3439,16.6668,16.6560,15.2969,0.0011,-1.0000
16.6685,0.0000,316.2643,1.4175,0.3008,16.6677,16.6614,15.3175,0.0013,-1.0000
16.6655,0.0000,316.2812,1.3970,0.3781,16.6646,16.6504,15.3019,0.0016,-1.0000
16.6679,0.0000,316.2976,1.4735,0.2998,16.6664,16.6616,15.0950,0.0013,-1.0000
16.6662,0.0000,316.3143,1.3580,0.3614,16.6647,16.6546,15.2406,0.0011,-1.0000
16.6660,0.0000,316.3309,1.3423,0.2941,16.6722,16.6541,15.3014,0.0013,-1.0000
16.6668,0.0000,316.3475,1.3470,0.4432,16.6602,16.6571,15.2832,0.0011,-1.0000
16.6668,0.0000,316.3643,1.5653,0.3565,16.6720,16.6573,15.2845,0.0011,-1.0000
16.6671,0.0000,316.3810,1.4130,0.3299,16.6649,16.6612,15.4016,0.0011,-1.0000
16.6664,0.0000,316.3976,1.3514,0.4020,16.6644,16.6561,15.3891,0.0013,-1.0000
16.6669,0.0000,316.4145,1.3729,0.3687,16.6660,16.6589,15.4034,0.0011,-1.0000
16.6658,0.0000,316.4309,1.3718,0.3332,16.6657,16.6556,15.1363,0.0013,-1.0000
16.6668,0.0000,316.4475,1.2586,0.3943,16.6703,16.6594,15.3988,0.0012,-1.0000
16.6665,0.0000,316.4642,1.2658,0.3418,16.6655,16.6552,15.5253,0.0012,-1.0000
16.6671,0.0000,316.4810,1.2542,0.3183,16.6678,16.6584,15.4067,0.0013,-1.0000
16.6686,0.0000,316.4976,1.5182,0.3620,16.6645,16.6618,15.1978,0.0013,-1.0000
16.6648,0.0000,316.5143,1.2593,0.3287,16.6681,16.6540,15.1971,0.0015,-1.0000
16.6668,0.0000,316.5309,1.1288,0.3515,16.6641,16.6616,15.3683,0.0015,-1.0000
16.6669,0.0000,316.5475,1.2500,0.4214,16.6663,16.6581,15.4199,0.0012,-1.0000
16.6667,0.0000,316.5643,1.4624,0.3616,16.6708,16.6590,15.5194,0.0009,-1.0000
16.6673,0.0000,316.5810,1.4553,0.3527,16.6621,16.6586,15.4183,0.0011,-1.0000
16.6665,0.0000,316.5976,1.2918,0.3256,16.6692,16.6580,15.2566,0.0011,-1.0000
16.6667,0.0000,316.6142,1.2369,0.3180,16.6659,16.6589,15.4945,0.0011,-1.0000
16.6673,0.0000,316.6309,1.1388,0.3173,16.6670,16.6591,15.5493,0.0011,-1.0000
16.6671,0.0000,316.6475,1.2392,0.2854,16.6669,16.6606,15.5360,0.0012,-1.0000
16.6656,0.0000,316.6642,1.4003,0.3096,16.6662,16.6544,15.4226,0.0011,-1.0000
16.6660,0.0000,316.6809,1.1634,0.2916,16.6670,16.6554,15.3598,0.0012,-1.0000
16.6686,0.0000,316.6976,1.1086,0.2971,16.6677,16.6657,15.5119,0.0013,-1.0000
16.6667,0.0000,316.7142,1.1234,0.2956,16.6696,16.6570,15.5144,0.0011,-1.0000
16.6654,0.0000,316.7309,1.2306,0.2970,16.6631,16.6527,15.3177,0.0012,-1.0000
16.6674,0.0000,316.7475,1.2945,0.2963,16.6633,16.6614,15.4734,0.0012,-1.0000
16.6673,0.0000,316.7643,1.1523,0.3254,16.6739,16.6606,15.4151,0.0013,-1.0000
16.6662,0.0000,316.7809,1.1414,0.3302,16.6655,16.6581,15.4297,0.0010,-1.0000
16.6684,0.0000,316.7976,1.3338,0.2771,16.6609,16.6612,15.4458,0.0012,-1.0000
16.6650,0.0000,316.8143,1.1868,0.4003,16.6694,16.6488,15.3180,0.0012,-1.0000
16.6668,0.0000,316.8311,1.2439,0.3140,16.6690,16.6609,15.3033,0.0013,-1.0000
16.6663,0.0000,316.8475,1.2270,0.2907,16.6672,16.6546,14.9642,0.0013,-1.0000
16.6674,0.0000,316.8643,1.2143,0.3627,16.6729,16.6600,15.4423,0.0011,-1.0000
16.6667,0.0000,316.8809,1.3294,0.3008,16.6583,16.6582,15.4045,0.0013,-1.0000
16.6667,0.0000,316.8976,1.3567,0.2907,16.6702,16.6565,15.4651,0.0015,-1.0000
16.6663,0.0000,316.9142,1.6890,0.3198,16.6633,16.6582,15.3582,0.0012,-1.0000
16.6675,0.0000,316.9309,1.2166,0.2839,16.6684,16.6582,15.4306,0.0013,-1.0000
16.6667,0.0000,316.9475,1.2525,0.3164,16.6677,16.6594,15.4832,0.0011,-1.0000
16.6669,0.0000,316.9643,1.1900,0.2885,16.6652,16.6565,15.5398,0.0011,-1.0000
16.6658,0.0000,316.9809,1.2988,0.3133,16.6668,16.6531,15.3716,0.0012,-1.0000
16.6677,0.0000,316.9976,1.2264,0.2924,16.6676,16.6625,15.3626,0.0011,-1.0000
16.6666,0.0000,317.0143,1.1750,0.3522,16.6681,16.6568,15.4051,0.0011,-1.0000
16.6674,0.0000,317.0309,1.1151,0.2983,16.6666,16.6619,15.4233,0.0013,-1.0000
16.6670,0.0000,317.0475,1.2800,0.3114,16.6609,16.6560,15.4774,0.0011,-1.0000
16.6651,0.0000,317.0643,1.2987,0.2916,16.6717,16.6575,15.4646,0.0010,-1.0000
16.6679,0.0000,317.0809,1.2504,0.3045,16.6651,16.6594,15.3233,0.0013,-1.0000
16.6651,0.0000,317.0975,1.2373,0.3130,16.6709,16.6551,15.4194,0.0012,-1.0000
16.6659,0.0000,317.1142,1.1774,0.3006,16.6644,16.6566,15.4224,0.0012,-1.0000
16.6694,0.0000,317.1313,1.1918,0.2980,16.6653,16.6685,15.5310,0.0010,-1.0000
16.6665,0.0000,317.1475,1.3347,0.3033,16.6674,16.6551,14.9413,0.0013,-1.0000
16.6671,0.0000,317.1642,1.2342,0.2884,16.6623,16.6621,15.4049,0.0010,-1.0000
16.6668,0.0000,317.1809,1.2330,0.2653,16.6628,16.6565,15.2715,0.0014,-1.0000
16.6668,0.0000,317.1975,1.1365,0.4102,16.6770,16.6572,15.3912,0.0011,-1.0000
16.6666,0.0000,317.2143,1.7129,0.3520,16.6638,16.6574,15.4784,0.0011,-1.0000
16.6660,0.0000,317.2309,1.2560,0.4542,16.6711,16.6517,15.2488,0.0016,-1.0000
16.6669,0.0000,317.2476,1.3835,0.3604,16.6653,16.6595,15.4296,0.0011,-1.0000
16.6673,0.0000,317.2642,1.2650,0.3818,16.6667,16.6625,15.3134,0.0016,-1.0000
16.6665,0.0000,317.2809,1.1779,0.4045,16.6676,16.6547,15.2419,0.0014,-1.0000
16.6669,0.0000,317.2976,1.4013,0.3804,16.6603,16.6602,15.4562,0.0011,-1.0000
16.6666,0.0000,317.3143,1.2290,0.3734,16.6671,16.6666,15.4100,0.0011,-1.0000
16.6668,0.0000,317.3311,1.3473,0.3903,16.6714,16.6504,15.2721,0.0013,-1.0000
16.6670,0.0000,317.3476,1.4115,0.3469,16.6641,16.6583,15.1008,0.0014,-1.0000
16.6663,0.0000,317.3641,1.2027,0.3962,16.6671,16.6571,15.4185,0.0011,-1.0000
16.6669,0.0000,317.3809,1.2556,0.3359,16.6763,16.6593,15.5809,0.0010,-1.0000
16.6670,0.0000,317.3976,1.3770,0.3355,16.6592,16.6564,15.4823,0.0013,-1.0000
16.6690,0.0000,317.4142,1.5558,0.2909,16.6673,16.6605,15.3931,0.0012,-1.0000
16.6648,0.0000,317.4309,1.2376,0.3400,16.6655,16.6561,15.3090,0.0011,-1.0000
16.6660,0.0000,317.4475,1.0775,0.3328,16.6680,16.6553,15.4309,0.0010,-1.0000
16.6668,0.0000,317.4641,1.1728,0.3106,16.6653,16.6578,15.5431,0.0010,-1.0000
16.6672,0.0000,317.4810,1.2663,0.3933,16.6693,16.6613,15.5790,0.0012,-1.0000
16.6662,0.0000,317.4977,1.3460,0.2793,16.6654,16.6565,15.3000,0.0012,-1.0000
16.6669,0.0000,317.5143,1.2230,0.2646,16.6630,16.6559,15.2698,0.0011,-1.0000
16.6662,0.0000,317.5309,1.1137,0.2932,16.6689,16.6561,15.4290,0.0012,-1.0000
16.6677,0.0000,317.5476,1.0809,0.3556,16.6699,16.6615,15.5597,0.0010,-1.0000
16.6663,0.0000,317.5642,1.3551,0.3121,16.6658,16.6578,15.5172,0.0010,-1.0000
16.6673,0.0000,317.5810,1.3850,0.2824,16.6646,16.6592,15.3934,0.0011,-1.0000
16.6661,0.0000,317.5976,1.2258,0.2808,16.6641,16.6551,15.2638,0.0013,-1.0000
16.6664,0.0000,317.6142,1.1008,0.3311,16.6703,16.6575,15.5114,0.0014,-1.0000
16.6676,0.0000,317.6310,1.1397,0.3542,16.6663,16.6591,15.4594,0.0011,-1.0000
16.6660,0.0000,317.6476,1.2647,0.2920,16.6687,16.6603,15.4251,0.0012,-1.0000
16.6675,0.0000,317.6641,1.3897,0.2634,16.6632,16.6590,15.4557,0.0009,-1.0000
16.6663,0.0000,317.6809,1.1448,0.3039,16.6659,16.6578,15.5053,0.0010,-1.0000
16.6665,0.0000,317.6976,1.1984,0.2843,16.6665,16.6586,15.5828,0.0010,-1.0000
16.6673,0.0000,317.7142,1.2344,0.3241,16.6678,16.6597,15.5058,0.0012,-1.0000
16.6665,0.0000,317.7309,1.2022,0.3020,16.6673,16.6600,15.4326,0.0015,-1.0000
16.6666,0.0000,317.7476,1.1514,0.2670,16.6665,16.6555,15.3816,0.0013,-1.0000
16.6662,0.0000,317.7641,1.0748,0.2820,16.6674,16.6558,15.5037,0.0011,-1.0000
16.6673,0.0000,317.7809,1.1530,0.3060,16.6677,16.6632,15.6203,0.0011,-1.0000
16.6676,0.0000,317.7976,1.2261,0.2629,16.6681,16.6609,15.4400,0.0011,-1.0000
16.6662,0.0000,317.8143,1.2725,0.2906,16.6646,16.6534,15.2898,0.0013,-1.0000
16.6667,0.0000,317.8309,1.1508,0.2844,16.6636,16.6565,15.3843,0.0011,-1.0000
16.6669,0.0000,317.8476,1.0416,0.2815,16.6717,16.6592,15.4370,0.0012,-1.0000
16.6642,0.0000,317.8641,1.2197,0.2769,16.6708,16.6479,15.4621,0.0010,-1.0000
16.6697,0.0000,317.8809,1.3621,0.3179,16.6635,16.6705,15.6200,0.0011,-1.0000
16.6649,0.0000,317.8976,1.2713,0.3266,16.6649,16.6539,15.4638,0.0018,-1.0000
16.6661,0.0000,317.9142,1.2209,0.2787,16.6681,16.6580,15.2921,0.0010,-1.0000
16.6678,0.0000,317.9309,1.1848,0.2622,16.6550,16.6627,15.4050,0.0015,-1.0000
16.6675,0.0000,317.9476,1.0494,0.3051,16.6779,16.6619,15.4479,0.0011,-1.0000
16.6660,0.0000,317.9641,1.1883,0.2803,16.6621,16.6566,15.4435,0.0010,-1.0000
16.6666,0.0000,317.9813,1.3648,0.3613,16.6650,16.6592,15.6083,0.0010,-1.0000
16.6661,0.0000,317.9975,1.2566,0.3036,16.6696,16.6558,14.8275,0.0012,-1.0000
16.6684,0.0000,318.0142,1.2130,0.2954,16.6712,16.6652,15.4639,0.0014,-1.0000
16.6669,0.0000,318.0309,1.2121,0.3166,16.6638,16.6560,15.4513,0.0015,-1.0000
16.6660,0.0000,318.0475,1.0498,0.4471,16.6672,16.6561,15.4541,0.0011,-1.0000
16.6667,0.0000,318.0642,1.8271,0.4027,16.6635,16.6582,15.4340,0.0010,-1.0000
16.6670,0.0000,318.0810,1.1998,0.4281,16.6740,16.6632,15.4056,0.0011,-1.0000
16.6666,0.0000,318.0976,1.2032,0.3539,16.6648,16.6522,15.2220,0.0011,-1.0000
16.6680,0.0000,318.1143,1.2008,0.3771,16.6639,16.6642,15.2981,0.0009,-1.0000
16.6680,0.0000,318.1310,1.2230,0.3710,16.6649,16.6603,15.3411,0.0011,-1.0000
16.6665,0.0000,318.1477,1.2564,0.4101,16.6719,16.6557,15.3199,0.0013,-1.0000
16.6668,0.0000,318.1642,1.4292,0.3938,16.6612,16.6581,14.7591,0.0014,-1.0000
16.6658,0.0000,318.1809,1.3651,0.3874,16.6727,16.6562,15.0946,0.0012,-1.0000
16.6665,0.0000,318.1976,1.3180,0.4038,16.6695,16.6513,15.4596,0.0009,-1.0000
16.6679,0.0000,318.2142,1.3348,0.4043,16.6663,16.6613,15.3761,0.0011,-1.0000
16.6724,0.0000,318.2313,1.8978,0.2990,16.6700,16.6806,15.3808,0.0014,-1.0000
16.6606,0.0000,318.2477,1.5604,0.2800,16.6663,16.6244,14.8974,0.0014,-1.0000
16.6676,0.0000,318.2642,1.1905,0.2698,16.6602,16.6559,15.1695,0.0013,-1.0000
16.6662,0.0000,318.2809,1.2840,0.3310,16.6710,16.6545,15.4256,0.0014,-1.0000
16.6662,0.0000,318.2976,1.2987,0.3150,16.6957,16.6568,15.3111,0.0010,-1.0000
16.6673,0.0000,318.3143,1.7256,0.3445,16.6385,16.6579,15.4024,0.0012,-1.0000
16.6669,0.0000,318.3309,1.4853,0.2982,16.6666,16.6552,15.1390,0.0014,-1.0000
16.6669,0.0000,318.3476,1.2273,0.3723,16.6648,16.6582,15.3722,0.0011,-1.0000
16.6670,0.0000,318.3642,1.3444,0.3438,16.6670,16.6529,15.2840,0.0012,-1.0000
16.6664,0.0000,318.3809,1.2542,0.3164,16.6681,16.6571,15.1309,0.0011,-1.0000
16.6665,0.0000,318.3976,1.5149,0.4187,16.6663,16.6621,15.2953,0.0014,-1.0000
16.6660,0.0000,318.4144,1.2847,0.3475,16.6696,16.6448,14.7669,0.0012,-1.0000
16.6675,0.0000,318.4309,1.3677,0.4222,16.6634,16.6615,15.2079,0.0011,-1.0000
16.6669,0.0000,318.4476,1.5249,0.4613,16.6681,16.6556,15.3594,0.0011,-1.0000
16.6658,0.0000,318.4641,1.3655,0.3407,16.6731,16.6547,15.3894,0.0011,-1.0000
16.6677,0.0000,318.4810,1.8766,0.3476,16.6536,16.6612,15.6044,0.0009,-1.0000
16.6667,0.0000,318.4976,1.4525,0.3374,16.6725,16.6615,15.2360,0.0014,-1.0000
16.6658,0.0000,318.5143,1.2950,0.3564,16.6658,16.6494,15.3056,0.0013,-1.0000
16.6674,0.0000,318.5309,1.2641,0.3279,16.6637,16.6580,15.3200,0.0015,-1.0000
16.6671,0.0000,318.5475,1.0559,0.3493,16.6702,16.6570,15.4095,0.0012,-1.0000
16.6666,0.0000,318.5641,1.4239,0.3062,16.6722,16.6572,15.4621,0.0011,-1.0000
16.6659,0.0000,318.5809,1.3425,0.3555,16.6599,16.6569,15.5283,0.0011,-1.0000
16.6668,0.0000,318.5976,1.3361,0.3279,16.6691,16.6569,15.3050,0.0012,-1.0000
16.6665,0.0000,318.6142,1.2465,0.3298,16.6660,16.6563,15.5258,0.0010,-1.0000
16.6675,0.0000,318.6309,1.1934,0.3030,16.6670,16.6609,15.5573,0.0009,-1.0000
16.6659,0.0000,318.6476,1.1274,0.3177,16.6656,16.6556,15.5208,0.0010,-1.0000
16.6667,0.0000,318.6641,1.3506,0.2872,16.6658,16.6571,15.4407,0.0016,-1.0000
16.6675,0.0000,318.6809,1.1295,0.2805,16.6644,16.6601,15.3856,0.0009,-1.0000
16.6663,0.0000,318.6976,1.1023,0.2863,16.6695,16.6560,15.4091,0.0013,-1.0000
16.6666,0.0000,318.7142,1.1337,0.2921,16.6645,16.6579,15.4298,0.0012,-1.0000
16.6673,0.0000,318.7309,1.2147,0.3316,16.6664,16.6606,15.4352,0.0011,-1.0000
16.6662,0.0000,318.7476,1.2736,0.2810,16.6694,16.6563,15.4307,0.0010,-1.0000
16.6671,0.0000,318.7641,1.2457,0.3507,16.6650,16.6587,15.3501,0.0010,-1.0000
16.6673,0.0000,318.7809,1.2267,0.2851,16.6669,16.6580,15.5758,0.0009,-1.0000
16.6661,0.0000,318.7976,1.2243,0.3150,16.6694,16.6554,15.4812,0.0010,-1.0000
16.6673,0.0000,318.8143,1.2246,0.3520,16.6654,16.6566,15.3350,0.0011,-1.0000
16.6660,0.0000,318.8313,1.3073,0.3160,16.6683,16.6576,15.3539,0.0011,-1.0000
16.6668,0.0000,318.8476,1.0811,0.2864,16.6675,16.6566,14.7259,0.0014,-1.0000
16.6670,0.0000,318.8641,1.1731,0.2831,16.6659,16.6606,15.4745,0.0012,-1.0000
16.6661,0.0000,318.8809,1.3201,0.3666,16.6658,16.6510,15.4275,0.0011,-1.0000
16.6674,0.0000,318.8976,1.3026,0.2987,16.6669,16.6597,15.1145,0.0012,-1.0000
16.6661,0.0000,318.9142,1.9292,0.2929,16.6652,16.6550,15.2687,0.0011,-1.0000
16.6674,0.0000,318.9309,1.1848,0.3701,16.6713,16.6618,15.4345,0.0012,-1.0000
16.6663,0.0000,318.9476,1.2223,0.3103,16.6603,16.6578,15.4723,0.0012,-1.0000
16.6664,0.0000,318.9642,1.5440,0.3561,16.6688,16.6569,15.3307,0.0011,-1.0000
16.6680,0.0000,318.9809,1.3851,0.3086,16.6638,16.6593,15.6222,0.0011,-1.0000
16.6657,0.0000,318.9976,1.2262,0.3778,16.6705,16.6568,15.3166,0.0011,-1.0000
16.6678,0.0000,319.0143,1.1844,0.3093,16.6669,16.6561,15.2393,0.0012,-1.0000
16.6653,0.0000,319.0309,1.3253,0.2900,16.6669,16.6543,15.3083,0.0015,-1.0000
16.6676,0.0000,319.0475,1.0356,0.3175,16.6691,16.6583,15.4522,0.0010,-1.0000
16.6664,0.0000,319.0641,1.3388,0.3745,16.6671,16.6578,15.4689,0.0010,-1.0000
16.6665,0.0000,319.0809,1.4154,0.3244,16.6671,16.6557,15.4085,0.0010,-1.0000
16.6670,0.0000,319.0976,1.3442,0.3340,16.6634,16.6612,15.4632,0.0013,-1.0000
16.6671,0.0000,319.1142,1.2049,0.3612,16.6666,16.6565,15.4145,0.0012,-1.0000
16.6671,0.0000,319.1309,1.1878,0.3081,16.6667,16.6579,15.4073,0.0011,-1.0000
16.6661,0.0000,319.1476,1.2461,0.3445,16.6650,16.6551,15.4451,0.0013,-1.0000
16.6667,0.0000,319.1641,1.1966,0.3498,16.6697,16.6546,15.4443,0.0011,-1.0000
16.6669,0.0000,319.1809,1.2408,0.3488,16.6659,16.6609,15.5699,0.0012,-1.0000
16.6674,0.0000,319.1976,1.2493,0.3075,16.6684,16.6585,15.4954,0.0011,-1.0000
16.6677,0.0000,319.2142,1.2084,0.3644,16.6655,16.6582,15.4106,0.0013,-1.0000
16.6657,0.0000,319.2309,1.2091,0.3301,16.6642,16.6521,15.4825,0.0011,-1.0000
16.6671,0.0000,319.2476,1.0897,0.2906,16.6697,16.6535,15.4012,0.0015,-1.0000
16.6666,0.0000,319.2641,1.1618,0.3070,16.6690,16.6581,15.2867,0.0010,-1.0000
16.6671,0.0000,319.2809,1.2464,0.3254,16.6694,16.6595,15.4903,0.0010,-1.0000
16.6663,0.0000,319.2975,1.1684,0.3375,16.6629,16.6517,15.3929,0.0012,-1.0000
16.6664,0.0000,319.3143,1.2507,0.4806,16.6645,16.6546,15.3767,0.0010,-1.0000
16.6673,0.0000,319.3310,1.3700,0.3526,16.6680,16.6598,15.3175,0.0014,-1.0000
16.6661,0.0000,319.3476,1.1681,0.3167,16.6704,16.6544,15.1557,0.0015,-1.0000
16.6668,0.0000,319.3641,1.2572,0.3038,16.6631,16.6579,15.3844,0.0013,-1.0000
16.6666,0.0000,319.3809,1.2767,0.2996,16.6647,16.6555,15.4272,0.0012,-1.0000
16.6661,0.0000,319.3976,1.3409,0.3643,16.6700,16.6584,15.5334,0.0011,-1.0000
16.6675,0.0000,319.4142,1.4969,0.3447,16.6641,16.6591,15.4007,0.0015,-1.0000
16.6659,0.0000,319.4309,1.2717,0.3416,16.6664,16.6581,15.3621,0.0012,-1.0000
16.6671,0.0000,319.4476,1.2269,0.2860,16.6643,16.6566,15.5502,0.0010,-1.0000
16.6665,0.0000,319.4641,1.1237,0.3093,16.6674,16.6564,15.4893,0.0012,-1.0000
16.6668,0.0000,319.4809,1.2569,0.3056,16.6682,16.6582,15.6215,0.0009,-1.0000
16.6667,0.0000,319.4975,1.2947,0.2739,16.6675,16.6562,15.4283,0.0014,-1.0000
16.6670,0.0000,319.5142,1.1053,0.2736,16.6662,16.6587,15.4973,0.0010,-1.0000
16.6664,0.0000,319.5309,1.1658,0.3168,16.6662,16.6584,15.4996,0.0010,-1.0000
16.6668,0.0000,319.5475,1.0358,0.3177,16.6679,16.6574,15.5318,0.0011,-1.0000
16.6662,0.0000,319.5641,1.2264,0.3000,16.6651,16.6579,15.4197,0.0010,-1.0000
16.6670,0.0000,319.5809,1.1605,0.2698,16.6671,16.6561,15.4776,0.0012,-1.0000
16.6662,0.0000,319.5976,1.1577,0.3351,16.6676,16.6574,15.2871,0.0010,-1.0000
16.6672,0.0000,319.6143,1.1243,0.3246,16.6661,16.6616,15.5386,0.0011,-1.0000
16.6674,0.0000,319.6309,1.2372,0.2858,16.6667,16.6559,15.3604,0.0011,-1.0000
16.6661,0.0000,319.6476,1.1777,0.3361,16.6650,16.6571,15.5314,0.0011,-1.0000
16.6675,0.0000,319.6641,1.3696,0.2841,16.6660,16.6570,15.3569,0.0014,-1.0000
16.6667,0.0000,319.6809,1.1217,0.2980,16.6709,16.6602,15.3994,0.0010,-1.0000
16.6667,0.0000,319.6976,1.2942,0.2913,16.6650,16.6572,15.5093,0.0011,-1.0000
16.6665,0.0000,319.7142,1.1246,0.3210,16.6665,16.6547,15.5069,0.0014,-1.0000
16.6670,0.0000,319.7309,1.2986,0.3006,16.6657,16.6588,15.5221,0.0010,-1.0000
16.6671,0.0000,319.7476,1.2596,0.2965,16.6697,16.6582,15.4020,0.0011,-1.0000
16.6669,0.0000,319.7642,1.1468,0.2837,16.6671,16.6579,15.4918,0.0013,-1.0000
16.6662,0.0000,319.7809,1.1464,0.3395,16.6643,16.6573,15.3729,0.0010,-1.0000
16.6664,0.0000,319.7975,1.1356,0.3046,16.6678,16.6566,15.4806,0.0012,-1.0000
16.6666,0.0000,319.8143,1.2552,0.3197,16.6677,16.6587,15.5488,0.0010,-1.0000
16.6672,0.0000,319.8309,1.1648,0.3614,16.6668,16.6583,15.4341,0.0010,-1.0000
16.6669,0.0000,319.8476,1.2837,0.2858,16.6659,16.6557,15.4375,0.0012,-1.0000
16.6671,0.0000,319.8641,1.1746,0.2915,16.6652,16.6556,15.5726,0.0010,-1.0000
16.6662,0.0000,319.8809,1.1091,0.2649,16.6683,16.6583,15.5924,0.0010,-1.0000
16.6665,0.0000,319.8976,1.2229,0.2924,16.6681,16.6590,15.3986,0.0014,-1.0000
16.6668,0.0000,319.9142,1.2168,0.2833,16.6657,16.6557,15.3648,0.0012,-1.0000
16.6667,0.0000,319.9309,1.0820,0.3044,16.6645,16.6584,15.3450,0.0016,-1.0000
16.6668,0.0000,319.9476,1.0648,0.3096,16.6671,16.6569,15.5198,0.0011,-1.0000
16.6680,0.0000,319.9641,1.2590,0.3292,16.6681,16.6618,15.4888,0.0011,-1.0000
16.6656,0.0000,319.9809,1.2895,0.3615,16.6645,16.6546,15.4502,0.0010,-1.0000
16.6670,0.0000,319.9976,1.3119,0.2927,16.6678,16.6580,15.2959,0.0012,-1.0000
16.6677,0.0000,320.0143,1.1360,0.3121,16.6655,16.6608,15.4522,0.0013,-1.0000
16.6655,0.0000,320.0309,1.1719,0.3305,16.6712,16.6563,15.4123,0.0011,-1.0000
16.6682,0.0000,320.0476,1.2034,0.2778,16.6636,16.6602,15.5468,0.0011,-1.0000
16.6658,0.0000,320.0641,1.3608,0.2972,16.6668,16.6531,15.3748,0.0014,-1.0000
16.6671,0.0000,320.0809,1.2074,0.2791,16.6698,16.6581,15.4865,0.0011,-1.0000
16.6664,0.0000,320.0976,1.2429,0.2803,16.6648,16.6570,15.3233,0.0013,-1.0000
16.6672,0.0000,320.1142,1.1122,0.3041,16.6710,16.6582,15.4784,0.0010,-1.0000
16.6673,0.0000,320.1309,1.2765,0.2964,16.6634,16.6590,15.3974,0.0015,-1.0000
16.6660,0.0000,320.1476,1.1704,0.3176,16.6669,16.6541,15.4343,0.0012,-1.0000
16.6669,0.0000,320.1641,1.3323,0.3238,16.6660,16.6570,15.4424,0.0014,-1.0000
16.6668,0.0000,320.1809,1.1786,0.3699,16.6679,16.6605,15.5267,0.0008,-1.0000
16.6661,0.0000,320.1979,1.2601,0.2886,16.6679,16.6549,15.4973,0.0013,-1.0000
16.6665,0.0000,320.2142,1.2188,0.3003,16.6639,16.6582,14.6116,0.0015,-1.0000
16.6668,0.0000,320.2309,1.2131,0.3014,16.6655,16.6575,15.6026,0.0010,-1.0000
16.6675,0.0000,320.2475,1.1328,0.2849,16.6699,16.6573,15.3262,0.0010,-1.0000
16.6667,0.0000,320.2641,1.1562,0.3675,16.6641,16.6587,15.4850,0.0013,-1.0000
16.6663,0.0000,320.2808,2.0451,0.3836,16.6675,16.6560,15.6205,0.0009,-1.0000
16.6675,0.0000,320.2975,1.0539,0.3445,16.6658,16.6641,15.4751,0.0009,-1.0000
16.7455,0.0000,320.3143,1.3302,0.4127,16.6664,16.7301,15.5639,0.0012,-1.0000
16.6668,0.0000,320.3309,1.1723,0.3294,16.6681,16.6601,15.3790,0.0011,-1.0000
16.6663,0.0000,320.3476,1.0350,0.3689,16.6649,16.6556,15.4798,0.0010,-1.0000
16.6675,0.0000,320.3642,1.1881,0.3785,16.6735,16.6634,15.4938,0.0013,-1.0000
16.6700,0.0000,320.3810,1.1647,0.3028,16.7389,16.6642,15.6262,0.0012,-1.0000
16.6625,0.0000,320.3976,1.2797,0.3715,16.6681,16.6417,15.4911,0.0009,-1.0000
16.6669,0.0000,320.4142,1.1746,0.3665,16.6643,16.6597,15.4827,0.0014,-1.0000
16.6680,0.0000,320.4310,1.1683,0.2907,16.6736,16.6617,15.4570,0.0010,-1.0000
16.6660,0.0000,320.4476,1.0363,0.3611,16.6753,16.6538,15.3318,0.0013,-1.0000
16.6663,0.0000,320.4642,1.1498,0.2941,16.6525,16.6561,15.4936,0.0011,-1.0000
16.6674,0.0000,320.4810,1.1756,0.3228,16.6682,16.6589,15.5510,0.0009,-1.0000
16.6665,0.0000,320.4977,1.2038,0.3587,16.6721,16.6558,15.2970,0.0011,-1.0000
16.6668,0.0000,320.5143,1.3209,0.3145,16.6638,16.6575,15.4462,0.0010,-1.0000
16.6670,0.0000,320.5310,1.1616,0.3032,16.6657,16.6578,15.4365,0.0011,-1.0000
16.6669,0.0000,320.5476,1.1069,0.3109,16.6685,16.6572,15.4401,0.0013,-1.0000
16.6667,0.0000,320.5642,1.3575,0.3081,16.6658,16.6586,15.5274,0.0011,-1.0000
16.6668,0.0000,320.5811,1.2102,0.3075,16.6662,16.6582,15.5295,0.0011,-1.0000
16.6668,0.0000,320.5977,1.2200,0.2952,16.6672,16.6603,15.2237,0.0011,-1.0000
16.6665,0.0000,320.6143,1.2160,0.2901,16.6666,16.6490,15.4020,0.0012,-1.0000
16.6668,0.0000,320.6310,1.1299,0.2967,16.6670,16.6573,15.5204,0.0011,-1.0000
16.6658,0.0000,320.6477,1.1273,0.3218,16.6672,16.6554,15.4458,0.0013,-1.0000
16.6684,0.0000,320.6642,1.4354,0.2957,16.6725,16.6601,15.4810,0.0012,-1.0000
16.6651,0.0000,320.6810,1.2458,0.2724,16.6592,16.6565,15.4587,0.0010,-1.0000
16.6674,0.0000,320.6977,1.1356,0.3109,16.6668,16.6591,15.5289,0.0013,-1.0000
16.6659,0.0000,320.7143,1.2081,0.2866,16.6648,16.6532,15.4322,0.0013,-1.0000
16.6676,0.0000,320.7310,1.1779,0.3198,16.6691,16.6628,15.5482,0.0012,-1.0000
16.6666,0.0000,320.7477,1.1966,0.3524,16.6662,16.6579,15.1975,0.0019,-1.0000
16.6672,0.0000,320.7642,1.1287,0.3055,16.6681,16.6576,15.3373,0.0014,-1.0000
16.6661,0.0000,320.7810,1.2193,0.2937,16.6617,16.6546,15.4958,0.0011,-1.0000
16.6669,0.0000,320.7976,1.1130,0.4399,16.6719,16.6575,15.5242,0.0011,-1.0000
16.6671,0.0000,320.8144,1.4586,0.3344,16.6670,16.6623,15.5663,0.0010,-1.0000
16.6658,0.0000,320.8310,1.3188,0.3310,16.6674,16.6524,15.3722,0.0012,-1.0000
16.6671,0.0000,320.8477,1.1575,0.2799,16.6635,16.6598,15.3528,0.0010,-1.0000
16.6722,0.0000,320.8642,1.1323,0.2609,16.6652,16.6782,15.4594,0.0013,-1.0000
16.6667,0.0000,320.8810,1.0950,0.2891,16.6709,16.6429,15.6262,0.0010,-1.0000
16.6668,0.0000,320.8976,1.2786,0.3532,16.6620,16.6614,15.4303,0.0013,-1.0000
16.6663,0.0000,320.9143,1.3056,0.3244,16.6688,16.6552,15.4788,0.0012,-1.0000
16.6669,0.0000,320.9309,1.2175,0.2698,16.6861,16.6595,15.3752,0.0012,-1.0000
16.6669,0.0000,320.9477,1.0160,0.2808,16.6502,16.6600,15.5528,0.0015,-1.0000
16.6668,0.0000,320.9642,1.2297,0.2924,16.6696,16.6561,15.5067,0.0010,-1.0000
16.6669,0.0000,320.9810,1.1752,0.2796,16.6636,16.6605,15.6100,0.0009,-1.0000
16.6663,0.0000,320.9976,1.2831,0.2632,16.6675,16.6580,15.4606,0.0012,-1.0000
16.6670,0.0000,321.0143,1.1056,0.2866,16.6686,16.6570,15.4143,0.0015,-1.0000
16.6668,0.0000,321.0310,1.1483,0.2918,16.6648,16.6596,15.4760,0.0013,-1.0000
16.6660,0.0000,321.0476,1.0494,0.2777,16.6685,16.6528,15.2677,0.0013,-1.0000
16.6668,0.0000,321.0642,1.1962,0.3457,16.6662,16.6608,15.5172,0.0010,-1.0000
16.6676,0.0000,321.0810,1.2414,0.3283,16.6653,16.6610,15.6389,0.0012,-1.0000
16.6666,0.0000,321.0976,1.1821,0.3038,16.6683,16.6600,15.4705,0.0013,-1.0000
16.6672,0.0000,321.1143,1.3836,0.2981,16.6618,16.6587,15.6023,0.0010,-1.0000
16.6664,0.0000,321.1310,1.1423,0.2725,16.6689,16.6581,15.5574,0.0010,-1.0000
16.6665,0.0000,321.1477,1.0207,0.2588,16.6682,16.6584,15.5701,0.0015,-1.0000
16.6670,0.0000,321.1642,1.1881,0.2708,16.6681,16.6618,15.4807,0.0011,-1.0000
16.6675,0.0000,321.1810,1.0551,0.2541,16.6663,16.6564,15.4770,0.0012,-1.0000
16.6658,0.0000,321.1977,1.0993,0.2852,16.6669,16.6568,15.5056,0.0014,-1.0000
16.6668,0.0000,321.2143,1.0868,0.3227,16.6663,16.6551,15.4658,0.0010,-1.0000
16.6672,0.0000,321.2310,1.1800,0.3258,16.6708,16.6691,15.5425,0.0010,-1.0000
16.6663,0.0000,321.2477,1.1780,0.3214,16.6651,16.6483,15.3499,0.0013,-1.0000
16.6673,0.0000,321.2642,1.1496,0.3067,16.6662,16.6604,15.4663,0.0014,-1.0000
16.6670,0.0000,321.2810,1.1881,0.2744,16.6637,16.6574,15.6509,0.0010,-1.0000
16.6662,0.0000,321.2976,1.1256,0.3973,16.6778,16.6545,15.5866,0.0010,-1.0000
16.6667,0.0000,321.3143,1.2967,0.3008,16.6571,16.6580,15.5300,0.0011,-1.0000
16.6682,0.0000,321.3310,1.1928,0.3094,16.6695,16.6595,15.4885,0.0010,-1.0000
16.6652,0.0000,321.3476,1.0055,0.2686,16.6670,16.6570,15.3096,0.0015,-1.0000
16.6678,0.0000,321.3642,1.0666,0.2730,16.6645,16.6590,15.5084,0.0010,-1.0000
16.6663,0.0000,321.3810,1.1269,0.2919,16.6667,16.6572,15.5756,0.0010,-1.0000
16.6671,0.0000,321.3977,1.1700,0.3027,16.6686,16.6601,15.4118,0.0012,-1.0000
16.6659,0.0000,321.4143,1.3459,0.2828,16.6650,16.6555,15.3246,0.0013,-1.0000
16.6665,0.0000,321.4310,1.1497,0.3210,16.6673,16.6602,15.2882,0.0012,-1.0000
16.6672,0.0000,321.4477,1.0806,0.2606,16.6654,16.6564,15.5157,0.0013,-1.0000
16.6667,0.0000,321.4642,1.2469,0.2891,16.6683,16.6590,15.4844,0.0011,-1.0000
16.6666,0.0000,321.4810,1.3296,0.2916,16.6647,16.6605,15.5306,0.0012,-1.0000
16.6667,0.0000,321.4977,1.3708,0.3478,16.6684,16.6559,15.3672,0.0011,-1.0000
16.6669,0.0000,321.5143,1.1397,0.3078,16.6656,16.6605,15.3425,0.0017,-1.0000
16.6661,0.0000,321.5310,1.1735,0.3496,16.6672,16.6569,15.5398,0.0014,-1.0000
16.6674,0.0000,321.5476,1.1284,0.2895,16.6684,16.6585,15.4362,0.0012,-1.0000
16.6660,0.0000,321.5642,1.2875,0.2803,16.6651,16.6547,15.4985,0.0009,-1.0000
16.6667,0.0000,321.5810,1.3162,0.2576,16.6691,16.6566,15.5505,0.0012,-1.0000
16.6670,0.0000,321.5977,1.1157,0.2644,16.6657,16.6601,15.4274,0.0010,-1.0000
16.6676,0.0000,321.6143,1.2212,0.2978,16.6682,16.6601,15.5059,0.0010,-1.0000
16.6663,0.0000,321.6310,1.1555,0.2999,16.6637,16.6565,15.4304,0.0012,-1.0000
16.6661,0.0000,321.6477,1.1049,0.2934,16.6653,16.6577,15.4682,0.0012,-1.0000
16.6665,0.0000,321.6642,1.2317,0.3025,16.6691,16.6574,15.4295,0.0013,-1.0000
16.6668,0.0000,321.6810,1.1529,0.2517,16.6687,16.6590,15.5843,0.0010,-1.0000
16.6669,0.0000,321.6977,1.2249,0.2880,16.6649,16.6596,15.4966,0.0011,-1.0000
16.6677,0.0000,321.7143,1.1882,0.2550,16.6664,16.6611,15.4791,0.0012,-1.0000
16.6669,0.0000,321.7310,1.2268,0.2657,16.6648,16.6594,15.5243,0.0009,-1.0000
16.6664,0.0000,321.7477,1.0737,0.2894,16.6672,16.6571,15.4189,0.0011,-1.0000
16.6674,0.0000,321.7642,1.1618,0.2621,16.6673,16.6579,15.3854,0.0013,-1.0000
16.6668,0.0000,321.7811,1.1806,0.2784,16.6686,16.6581,15.4414,0.0014,-1.0000
16.6666,0.0000,321.7978,1.1343,0.3505,16.6690,16.6548,15.3717,0.0010,-1.0000
16.6667,0.0000,321.8144,1.2371,0.3473,16.6667,16.6523,15.3312,0.0011,-1.0000
16.6666,0.0000,321.8310,1.2714,0.3195,16.6680,16.6565,15.3945,0.0011,-1.0000
16.6667,0.0000,321.8477,1.2155,0.2907,16.6699,16.6576,15.3553,0.0013,-1.0000
16.6670,0.0000,321.8642,1.2820,0.3291,16.6667,16.6549,15.4427,0.0015,-1.0000
16.6665,0.0000,321.8810,1.3200,0.3343,16.6629,16.6555,15.5256,0.0014,-1.0000
16.6661,0.0000,321.8977,1.2607,0.3528,16.6669,16.6558,15.2926,0.0014,-1.0000
16.6676,0.0000,321.9144,1.3010,0.2940,16.6693,16.6609,15.3194,0.0015,-1.0000
16.6668,0.0000,321.9310,1.2109,0.3018,16.6647,16.6551,15.2385,0.0011,-1.0000
16.6667,0.0000,321.9477,1.1285,0.3341,16.6652,16.6561,15.4658,0.0009,-1.0000
16.6668,0.0000,321.9643,1.3616,0.3431,16.6651,16.6539,15.4276,0.0010,-1.0000
16.6678,0.0000,321.9810,1.3399,0.3715,16.6703,16.6580,15.4319,0.0011,-1.0000
16.6652,0.0000,321.9977,1.4154,0.3379,16.6665,16.6550,15.3272,0.0011,-1.0000
16.6662,0.0000,322.0143,1.1895,0.3292,16.6673,16.6534,15.3286,0.0010,-1.0000
16.6668,0.0000,322.0313,1.2253,0.3374,16.6655,16.6567,15.3775,0.0011,-1.0000
16.6670,0.0000,322.0476,1.2249,0.4202,16.6695,16.6558,15.2777,0.0011,-1.0000
16.6662,0.0000,322.0642,1.3268,0.3697,16.6655,16.6582,15.5097,0.0011,-1.0000
16.6684,0.0000,322.0810,1.3241,0.3265,16.6635,16.6580,15.5490,0.0011,-1.0000
16.6678,0.0000,322.0977,1.2782,0.3330,16.6663,16.6621,15.3713,0.0012,-1.0000
16.6660,0.0000,322.1144,1.3769,0.3016,16.6655,16.6552,15.4280,0.0015,-1.0000
16.6666,0.0000,322.1310,1.1474,0.2901,16.6674,16.6542,15.2348,0.0014,-1.0000
16.6663,0.0000,322.1477,1.1079,0.3358,16.6670,16.6564,15.3839,0.0013,-1.0000
16.6671,0.0000,322.1642,1.2893,0.3080,16.6724,16.6604,15.3004,0.0012,-1.0000
16.6664,0.0000,322.1810,1.2258,0.3253,16.6661,16.6550,15.5538,0.0010,-1.0000
16.6667,0.0000,322.1977,1.4177,0.3214,16.6643,16.6582,15.5040,0.0012,-1.0000
16.6673,0.0000,322.2143,1.2710,0.2866,16.6657,16.6565,15.3896,0.0016,-1.0000
16.6667,0.0000,322.2310,1.3585,0.3421,16.6699,16.6616,15.5173,0.0010,-1.0000
16.6662,0.0000,322.2477,1.1001,0.2774,16.6638,16.6583,15.3100,0.0014,-1.0000
16.6670,0.0000,322.2643,1.1528,0.3410,16.6675,16.6500,15.3306,0.0012,-1.0000
16.6661,0.0000,322.2810,1.2652,0.2980,16.6663,16.6514,15.4704,0.0011,-1.0000
16.6670,0.0000,322.2977,1.1430,0.2848,16.6718,16.6570,15.5008,0.0010,-1.0000
16.6666,0.0000,322.3143,1.3472,0.3916,16.6703,16.6569,15.2619,0.0015,-1.0000
16.6675,0.0000,322.3310,1.3183,0.2868,16.6617,16.6593,15.3884,0.0012,-1.0000
16.6661,0.0000,322.3477,1.1797,0.2950,16.6630,16.6541,15.3806,0.0016,-1.0000
16.6674,0.0000,322.3643,1.1549,0.3528,16.6656,16.6610,15.4536,0.0012,-1.0000
16.6655,0.0000,322.3810,1.3932,0.3347,16.6657,16.6497,15.3939,0.0010,-1.0000
16.6666,0.0000,322.3976,1.2701,0.3436,16.6699,16.6597,15.5794,0.0009,-1.0000
16.6670,0.0000,322.4143,1.2718,0.3376,16.6641,16.6579,15.3321,0.0012,-1.0000
16.6679,0.0000,322.4310,1.2059,0.3057,16.6718,16.6610,15.4899,0.0013,-1.0000
16.6654,0.0000,322.4476,1.2550,0.3296,16.6589,16.6555,15.4681,0.0013,-1.0000
16.6672,0.0000,322.4642,1.0791,0.3436,16.6679,16.6594,15.5389,0.0015,-1.0000
16.6670,0.0000,322.4810,1.3245,0.2948,16.6660,16.6574,15.4875,0.0010,-1.0000
16.6661,0.0000,322.4977,1.1699,0.3436,16.6705,16.6580,15.2939,0.0013,-1.0000
16.6665,0.0000,322.5143,1.1858,0.2979,16.6645,16.6549,15.3800,0.0011,-1.0000
16.6667,0.0000,322.5309,1.1188,0.2976,16.6689,16.6587,15.5362,0.0011,-1.0000
16.6680,0.0000,322.5477,1.1690,0.3416,16.6664,16.6602,15.5525,0.0011,-1.0000
16.6664,0.0000,322.5642,1.3626,0.3504,16.6679,16.6539,15.4517,0.0011,-1.0000
16.6662,0.0000,322.5810,1.2734,0.2800,16.6635,16.6558,15.5440,0.0010,-1.0000
16.6673,0.0000,322.5976,1.1213,0.2717,16.6679,16.6597,15.4892,0.0009,-1.0000
16.6656,0.0000,322.6143,1.1064,0.3258,16.6710,16.6541,15.5215,0.0010,-1.0000
16.6668,0.0000,322.6309,1.2011,0.3315,16.6632,16.6581,15.5889,0.0011,-1.0000
16.6665,0.0000,322.6476,1.1106,0.2941,16.6653,16.6586,15.6079,0.0008,-1.0000
16.6668,0.0000,322.6642,1.1693,0.2854,16.6689,16.6582,15.3766,0.0012,-1.0000
16.6671,0.0000,322.6809,1.1315,0.2853,16.6628,16.6583,15.4164,0.0007,-1.0000
16.6667,0.0000,322.6976,1.0680,0.2653,16.6664,16.6608,15.5784,0.0008,-1.0000
16.6669,0.0000,322.7143,1.0497,0.2891,16.6669,16.6576,15.5575,0.0008,-1.0000
16.6666,0.0000,322.7310,1.2807,0.3047,16.6676,16.6558,15.5707,0.0010,-1.0000
16.6664,0.0000,322.7476,1.2411,0.2627,16.6663,16.6597,15.5358,0.0013,-1.0000
16.6698,0.0000,322.7643,1.0816,0.2962,16.6695,16.6636,15.5399,0.0010,-1.0000
16.6643,0.0000,322.7809,1.0991,0.2696,16.6664,16.6511,15.3321,0.0012,-1.0000
16.6667,0.0000,322.7976,1.0840,0.2846,16.6645,16.6568,15.5733,0.0010,-1.0000
16.6643,0.0000,322.8143,1.1226,0.3095,16.6677,16.6518,15.5546,0.0009,-1.0000
16.6679,0.0000,322.8310,1.1225,0.2865,16.6740,16.6603,15.6634,0.0009,-1.0000
16.6929,0.0000,322.8477,1.3177,0.3151,16.6597,16.6859,15.5576,0.0010,-1.0000
16.6675,0.0000,322.8642,1.0825,0.2732,16.6648,16.6598,15.5919,0.0011,-1.0000
16.6671,0.0000,322.8810,1.0962,0.2464,16.6590,16.6621,15.6902,0.0008,-1.0000
16.6651,0.0000,322.8976,0.9963,0.2898,16.6714,16.6519,15.5231,0.0013,-1.0000
16.6685,0.0000,322.9143,1.1274,0.2693,16.6939,16.6660,15.5970,0.0010,-1.0000
16.6654,0.0000,322.9310,1.0667,0.2786,16.6678,16.6544,15.4997,0.0013,-1.0000
16.6674,0.0000,322.9476,0.9708,0.2892,16.6701,16.6619,15.6134,0.0009,-1.0000
16.6672,0.0000,322.9642,1.1278,0.2768,16.6586,16.6585,15.6014,0.0009,-1.0000
16.6663,0.0000,322.9810,1.0678,0.3061,16.6729,16.6609,15.6327,0.0009,-1.0000
16.6664,0.0000,322.9976,1.1531,0.3021,16.6626,16.6557,15.5131,0.0011,-1.0000
16.6674,0.0000,323.0143,1.0472,0.2565,16.6692,16.6625,15.5699,0.0009,-1.0000
16.6660,0.0000,323.0310,1.0559,0.2808,16.6659,16.6576,15.5311,0.0014,-1.0000
16.6678,0.0000,323.0477,1.0272,0.2596,16.6683,16.6612,15.6261,0.0011,-1.0000
16.6660,0.0000,323.0642,1.1412,0.2891,16.6629,16.6589,15.6284,0.0009,-1.0000
16.6672,0.0000,323.0810,1.0915,0.2746,16.6698,16.6592,15.5337,0.0013,-1.0000
16.6671,0.0000,323.0977,1.1253,0.2679,16.6645,16.6627,15.3959,0.0009,-1.0000
16.6667,0.0000,323.1143,1.0338,0.3383,16.6687,16.6586,15.5843,0.0012,-1.0000
16.6669,0.0000,323.1310,1.0294,0.2673,16.6657,16.6595,15.5230,0.0012,-1.0000
16.6664,0.0000,323.1477,1.1241,0.2747,16.6662,16.6562,15.5097,0.0015,-1.0000
16.6680,0.0000,323.1642,1.2655,0.2563,16.6703,16.6615,15.4829,0.0011,-1.0000
16.6647,0.0000,323.1810,1.0727,0.2578,16.6670,16.6549,15.6243,0.0010,-1.0000
16.6673,0.0000,323.1976,1.1352,0.2706,16.6684,16.6595,15.5130,0.0015,-1.0000
16.6671,0.0000,323.2143,1.1447,0.2947,16.6643,16.6621,15.6261,0.0011,-1.0000
16.6672,0.0000,323.2310,1.1771,0.3518,16.6695,16.6601,15.5645,0.0013,-1.0000
16.6675,0.0000,323.2477,1.0296,0.3218,16.6618,16.6611,15.4297,0.0012,-1.0000
16.6662,0.0000,323.2643,1.1446,0.2822,16.6663,16.6567,15.2879,0.0018,-1.0000
16.6672,0.0000,323.2810,1.0347,0.2813,16.6689,16.6580,15.6100,0.0008,-1.0000
16.6657,0.0000,323.2977,1.0943,0.3009,16.6690,16.6651,15.4490,0.0015,-1.0000
16.6672,0.0000,323.3144,1.2301,0.3544,16.6694,16.6515,15.4504,0.0012,-1.0000
16.6669,0.0000,323.3310,1.3669,0.2848,16.6655,16.6578,15.5421,0.0010,-1.0000
16.6671,0.0000,323.3477,1.0469,0.3164,16.6669,16.6620,15.5158,0.0008,-1.0000
16.6665,0.0000,323.3643,1.2145,0.2922,16.6725,16.6557,15.4156,0.0011,-1.0000
16.6673,0.0000,323.3810,1.1998,0.2724,16.6583,16.6618,15.5777,0.0010,-1.0000
16.6660,0.0000,323.3977,1.1146,0.3403,16.6657,16.6576,15.5117,0.0011,-1.0000
16.6670,0.0000,323.4143,1.1453,0.2886,16.6697,16.6583,15.5082,0.0011,-1.0000
16.7021,0.0000,323.4310,1.2388,0.3251,16.6640,16.6924,15.4262,0.0018,-1.0000
16.6668,0.0000,323.4477,1.0831,0.3455,16.6700,16.6589,15.5563,0.0012,-1.0000
16.6677,0.0000,323.4643,1.1448,0.2529,16.6653,16.6624,15.6142,0.0009,-1.0000
16.6665,0.0000,323.4811,1.1489,0.3105,16.6669,16.6594,15.6252,0.0009,-1.0000
16.6670,0.0000,323.4977,1.2641,0.2860,16.7000,16.6578,15.5365,0.0011,-1.0000
16.6659,0.0000,323.5144,1.1012,0.2556,16.6664,16.6590,15.3374,0.0014,-1.0000
16.6665,0.0000,323.5310,1.0474,0.3352,16.6696,16.6577,15.4988,0.0012,-1.0000
16.6681,0.0000,323.5477,1.0334,0.2702,16.6666,16.6625,15.6135,0.0010,-1.0000
16.6660,0.0000,323.5643,1.1200,0.2933,16.6656,16.6552,15.5534,0.0011,-1.0000
16.6648,0.0000,323.5810,1.3203,0.2871,16.6672,16.6539,15.6330,0.0010,-1.0000
16.6683,0.0000,323.5977,1.1577,0.2740,16.6647,16.6664,15.5157,0.0010,-1.0000
16.6673,0.0000,323.6144,1.0481,0.3024,16.6699,16.6593,15.5065,0.0012,-1.0000
