frame_ms,focused,elapsed,CPU Main Thread Frame Time,CPU Render Thread Frame Time,CPU Total Frame Time,PlayerLoop,WaitForTargetFPS,Gfx.WaitForPresentOnGfxThread,Gfx.WaitForGfxCommandsFromMainThread
16.6660,1.0000,5.0514,1.0936,0.3909,16.6752,16.6568,15.4950,0.0010,-1.0000
16.6664,1.0000,5.0676,1.2399,0.3948,16.6713,16.6598,14.9199,0.0011,-1.0000
16.6667,1.0000,5.0843,1.2153,0.4672,16.6604,16.6610,15.5601,0.0012,-1.0000
16.6659,1.0000,5.1009,1.2344,0.3159,16.6672,16.6560,15.6136,0.0010,-1.0000
16.6690,1.0000,5.1176,1.1607,0.3000,16.6628,16.6697,15.5658,0.0013,-1.0000
16.6658,1.0000,5.1343,1.7387,0.3765,16.6661,16.6596,15.5542,0.0011,-1.0000
16.6684,1.0000,5.1509,1.0995,0.2951,16.6674,16.6608,15.5934,0.0012,-1.0000
16.6670,1.0000,5.1678,1.0415,0.2795,16.6616,16.6622,15.6050,0.0009,-1.0000
16.6641,1.0000,5.1843,1.1026,0.3161,16.6750,16.6504,15.3046,0.0010,-1.0000
16.6673,1.0000,5.2009,1.1042,0.3164,16.6670,16.6634,15.5553,0.0008,-1.0000
16.6698,1.0000,5.2177,1.0662,0.3080,16.6675,16.6690,15.4981,0.0011,-1.0000
16.6656,1.0000,5.2343,1.0561,0.3095,16.6701,16.6526,15.2606,0.0017,-1.0000
16.6671,1.0000,5.2509,1.3449,0.2994,16.6567,16.6621,15.3521,0.0008,-1.0000
16.6686,1.0000,5.2677,1.1073,0.3212,16.6696,16.6636,15.3786,0.0011,-1.0000
16.6647,1.0000,5.2843,1.1698,0.3998,16.6769,16.6515,15.1875,0.0014,-1.0000
16.6670,1.0000,5.3010,1.3901,0.3694,16.6606,16.6580,15.4484,0.0011,-1.0000
16.6674,1.0000,5.3178,1.3091,0.3715,16.6697,16.6608,15.4144,0.0010,-1.0000
16.6670,1.0000,5.3344,1.2839,0.4104,16.6728,16.6591,15.0998,0.0011,-1.0000
16.6655,1.0000,5.3509,1.4626,0.4554,16.6599,16.6552,15.1953,0.0013,-1.0000
16.6671,1.0000,5.3676,1.2086,0.5898,16.6661,16.6583,15.4437,0.0010,-1.0000
16.6676,1.0000,5.3844,1.2453,0.4670,16.6692,16.6701,15.5170,0.0009,-1.0000
16.6667,1.0000,5.4010,1.5579,0.5065,16.6678,16.6486,15.1807,0.0011,-1.0000
16.6676,1.0000,5.4177,1.4586,0.3982,16.6639,16.6621,15.4706,0.0009,-1.0000
16.6655,1.0000,5.4343,1.2132,0.3589,16.6658,16.6547,15.4023,0.0010,-1.0000
16.6670,1.0000,5.4509,1.1520,0.4586,16.6790,16.6584,15.4047,0.0011,-1.0000
16.6667,1.0000,5.4678,1.4667,0.3398,16.6571,16.6582,15.4442,0.0011,-1.0000
16.6668,1.0000,5.4843,1.1901,0.3439,16.6706,16.6594,15.1915,0.0011,-1.0000
16.6664,1.0000,5.5010,1.2510,0.3327,16.6625,16.6564,15.3511,0.0011,-1.0000
16.6677,1.0000,5.5178,1.2524,0.3550,16.6675,16.6671,15.4489,0.0011,-1.0000
16.6659,1.0000,5.5343,1.2128,0.3596,16.6667,16.6495,14.9916,0.0015,-1.0000
16.6659,1.0000,5.5509,1.4668,0.5421,16.6679,16.6562,15.2343,0.0012,-1.0000
16.6682,1.0000,5.5677,1.3042,0.3332,16.6648,16.6612,15.5488,0.0011,-1.0000
16.6651,1.0000,5.5843,1.2171,0.3691,16.6767,16.6541,15.4069,0.0012,-1.0000
16.6665,1.0000,5.6009,1.6565,0.3354,16.6579,16.6589,15.5125,0.0011,-1.0000
16.6654,1.0000,5.6176,1.4208,0.5136,16.6639,16.6563,15.5282,0.0009,-1.0000
16.6671,1.0000,5.6342,1.1112,0.5335,16.6694,16.6621,15.6420,0.0010,-1.0000
16.6677,1.0000,5.6509,1.2460,0.3433,16.6617,16.6640,15.6861,0.0008,-1.0000
16.6669,1.0000,5.6676,1.1453,0.3549,16.6657,16.6609,15.6490,0.0008,-1.0000
16.6652,1.0000,5.6842,1.1272,0.3101,16.6627,16.6544,15.5688,0.0009,-1.0000
16.6669,1.0000,5.7009,1.0189,0.3068,16.6675,16.6618,15.6495,0.0010,-1.0000
16.6665,1.0000,5.7175,0.9771,0.3176,16.6698,16.6629,15.7257,0.0008,-1.0000
16.6694,1.0000,5.7344,1.0109,0.3077,16.6671,16.6728,15.7357,0.0008,-1.0000
16.6666,1.0000,5.7509,1.0848,0.2775,16.6604,16.6590,15.3673,0.0013,-1.0000
16.6669,1.0000,5.7677,1.0112,0.3070,16.6659,16.6560,15.4264,0.0010,-1.0000
16.6641,1.0000,5.7842,0.9367,0.3388,16.6680,16.6500,15.3013,0.0010,-1.0000
16.6665,1.0000,5.8009,0.9364,0.3571,16.6797,16.6614,15.6296,0.0010,-1.0000
16.6703,1.0000,5.8177,1.2905,0.4511,16.6680,16.6705,15.7197,0.0009,-1.0000
16.6655,1.0000,5.8343,1.2287,0.3559,16.6646,16.6547,15.2055,0.0011,-1.0000
16.6649,1.0000,5.8509,1.3477,0.2934,16.6570,16.6543,15.2507,0.0011,-1.0000
16.6676,1.0000,5.8676,1.0309,0.2815,16.6667,16.6596,15.6278,0.0010,-1.0000
16.6676,1.0000,5.8843,0.9501,0.4760,16.6777,16.6641,15.5029,0.0009,-1.0000
16.6672,1.0000,5.9010,1.4482,0.3567,16.6625,16.6600,15.4698,0.0010,-1.0000
16.6650,1.0000,5.9176,1.4027,0.3292,16.6618,16.6521,15.5233,0.0010,-1.0000
16.6690,1.0000,5.9344,1.0308,0.4165,16.6671,16.6690,15.5900,0.0013,-1.0000
16.6660,1.0000,5.9509,1.1602,0.3356,16.6716,16.6525,15.3501,0.0012,-1.0000
16.6653,1.0000,5.9676,1.1893,0.3091,16.6679,16.6546,15.6046,0.0008,-1.0000
16.6673,1.0000,5.9843,1.1278,0.2829,16.6595,16.6609,15.6371,0.0010,-1.0000
16.6662,1.0000,6.0010,1.0773,0.3197,16.6785,16.6628,15.5812,0.0007,-1.0000
16.6673,1.0000,6.0178,1.3011,0.2972,16.6607,16.8176,15.5118,0.0010,-1.0000
16.6677,1.0000,6.0343,1.0492,0.2810,16.6610,16.5053,15.2114,0.0014,-1.0000
16.6926,1.0000,6.0509,1.0228,0.2916,16.6668,16.6813,15.4983,0.0011,-1.0000
16.6676,1.0000,6.0677,1.0808,0.3063,16.6694,16.6610,15.6203,0.0011,-1.0000
16.6660,1.0000,6.0843,1.3048,0.3595,16.8255,16.6595,15.5127,0.0010,-1.0000
16.6666,1.0000,6.1010,1.2924,0.3251,16.5132,16.6582,15.6033,0.0010,-1.0000
16.6669,1.0000,6.1177,1.1819,0.3036,16.6887,16.6608,15.5547,0.0010,-1.0000
16.6649,1.0000,6.1342,1.0396,0.2980,16.6680,16.6530,14.6042,0.0013,-1.0000
16.6667,1.0000,6.1508,1.1456,0.2838,16.6667,16.6623,15.8109,0.0007,-1.0000
16.6667,1.0000,6.1675,1.0541,0.3131,16.6653,16.6607,15.8633,0.0010,-1.0000
16.6685,1.0000,6.1843,1.1048,0.2929,16.6679,16.6707,15.8016,0.0006,-1.0000
16.6650,1.0000,6.2009,2.0476,0.2608,16.6582,16.6522,15.6478,0.0010,-1.0000
16.6675,1.0000,6.2176,0.8508,0.2589,16.6673,16.6640,15.7881,0.0010,-1.0000
16.6671,1.0000,6.2342,0.7965,0.2481,16.6653,16.6611,15.7332,0.0008,-1.0000
16.6684,1.0000,6.2509,0.8685,0.2747,16.6767,16.6677,15.7030,0.0008,-1.0000
16.6683,1.0000,6.2677,1.0033,0.2825,16.6586,16.6648,15.6457,0.0009,-1.0000
16.6651,1.0000,6.2843,0.8747,0.3316,16.6700,16.6464,15.3459,0.0010,-1.0000
16.6647,1.0000,6.3009,0.9269,0.2833,16.6670,16.6519,15.5523,0.0012,-1.0000
16.6681,1.0000,6.3176,0.9639,0.3947,16.6761,16.6657,15.7588,0.0008,-1.0000
16.6678,1.0000,6.3343,1.0181,0.3120,16.6742,16.6645,15.6132,0.0009,-1.0000
16.6675,1.0000,6.3509,1.2995,0.3104,16.6553,16.6613,15.5349,0.0011,-1.0000
16.6662,1.0000,6.3676,1.0985,0.2918,16.6578,16.6529,15.5569,0.0012,-1.0000
16.6649,1.0000,6.3842,0.9060,0.2856,16.6715,16.6555,15.5718,0.0011,-1.0000
16.6691,1.0000,6.4009,1.0506,0.3343,16.6727,16.6679,15.7393,0.0007,-1.0000
16.6655,1.0000,6.4176,1.1254,0.3066,16.6710,16.6540,15.5153,0.0009,-1.0000
16.6678,1.0000,6.4344,1.0947,0.3058,16.6611,16.6621,15.6611,0.0012,-1.0000
16.6654,1.0000,6.4509,1.0826,0.2638,16.6615,16.6550,15.4685,0.0013,-1.0000
16.6677,1.0000,6.4677,0.9279,0.3741,16.6756,16.6626,15.5279,0.0010,-1.0000
16.6653,1.0000,6.4843,1.1378,0.2964,16.6616,16.6550,15.5145,0.0009,-1.0000
16.6671,1.0000,6.5009,0.9999,0.3222,16.6695,16.6615,15.5323,0.0008,-1.0000
16.6666,1.0000,6.5177,1.1851,0.3726,16.6613,16.6626,15.5813,0.0009,-1.0000
16.6669,1.0000,6.5343,1.1336,0.4606,16.6704,16.6598,15.3441,0.0010,-1.0000
16.6662,1.0000,6.5509,1.1395,0.3280,16.6616,16.6575,15.5567,0.0011,-1.0000
16.6676,1.0000,6.5677,1.1283,0.3175,16.6673,16.6657,15.7383,0.0008,-1.0000
16.6671,1.0000,6.5844,1.0804,0.3088,16.6693,16.6606,15.5263,0.0011,-1.0000
16.6663,1.0000,6.6010,1.3151,0.3124,16.6664,16.6574,15.4549,0.0010,-1.0000
16.6675,1.0000,6.6177,1.0997,0.2932,16.6636,16.6635,15.5055,0.0011,-1.0000
16.6669,1.0000,6.6344,0.9266,0.4144,16.6724,16.6605,15.4177,0.0013,-1.0000
16.6670,1.0000,6.6509,1.1332,0.4668,16.6675,16.6597,15.4321,0.0011,-1.0000
16.6666,1.0000,6.6677,1.2015,0.3918,16.6638,16.6554,15.5706,0.0009,-1.0000
16.6672,1.0000,6.6845,1.1571,0.3227,16.6701,16.6616,15.4681,0.0010,-1.0000
16.6653,1.0000,6.7010,1.2415,0.3397,16.6685,16.6484,15.2866,0.0010,-1.0000
16.6667,1.0000,6.7177,1.2262,0.3232,16.6699,16.6625,15.4809,0.0009,-1.0000
16.6662,1.0000,6.7343,1.0837,0.3627,16.6632,16.6555,15.4699,0.0011,-1.0000
16.6682,1.0000,6.7509,1.1924,0.3440,16.6713,16.6674,15.6001,0.0011,-1.0000
16.6674,1.0000,6.7677,1.3607,0.3087,16.6560,16.6606,15.4624,0.0011,-1.0000
16.6659,1.0000,6.7843,1.1807,0.3767,16.6695,16.6553,15.0636,0.0013,-1.0000
16.6675,1.0000,6.8011,1.1845,0.3055,16.6621,16.6611,15.4660,0.0012,-1.0000
16.6671,1.0000,6.8177,1.0662,0.4032,16.6742,16.6604,15.2433,0.0012,-1.0000
16.6668,1.0000,6.8344,1.1968,0.3833,16.6693,16.6590,15.2625,0.0012,-1.0000
16.6663,1.0000,6.8509,1.5903,0.3374,16.6628,16.6568,15.3865,0.0016,-1.0000
16.6672,1.0000,6.8677,1.1939,0.3895,16.6682,16.6562,15.4568,0.0011,-1.0000
16.6650,1.0000,6.8843,1.4160,0.3646,16.6691,16.6530,15.4768,0.0009,-1.0000
16.6677,1.0000,6.9010,1.3952,0.3489,16.6670,16.6643,15.6682,0.0008,-1.0000
16.6669,1.0000,6.9177,1.2690,0.3272,16.6658,16.6615,15.4508,0.0010,-1.0000
16.6661,1.0000,6.9343,1.1983,0.4342,16.6654,16.6571,15.2420,0.0014,-1.0000
16.6654,1.0000,6.9509,1.1753,0.2759,16.6594,16.6550,15.4652,0.0010,-1.0000
16.6693,1.0000,6.9677,0.9952,0.3734,16.6701,16.6676,15.7148,0.0009,-1.0000
16.6660,1.0000,6.9843,1.2095,0.3459,16.6689,16.6610,15.5196,0.0012,-1.0000
16.6686,1.0000,7.0011,1.4139,0.4146,16.6648,16.6719,15.5055,0.0009,-1.0000
16.6659,1.0000,7.0177,1.1885,0.2927,16.6607,16.6499,15.2722,0.0012,-1.0000
16.6661,1.0000,7.0344,0.9517,0.4627,16.6739,16.6530,15.3333,0.0011,-1.0000
16.6657,1.0000,7.0509,1.1403,0.4444,16.6676,16.6573,15.4700,0.0013,-1.0000
16.6660,1.0000,7.0676,1.1655,0.3146,16.6802,16.6593,15.6781,0.0009,-1.0000
16.6669,1.0000,7.0843,1.3765,0.3441,16.6590,16.6610,15.5977,0.0010,-1.0000
16.6663,1.0000,7.1009,1.3185,0.3257,16.6611,16.6595,15.6786,0.0008,-1.0000
16.6663,1.0000,7.1176,1.1858,0.3271,16.6633,16.6610,15.6715,0.0008,-1.0000
16.6673,1.0000,7.1343,0.9802,0.3154,16.6656,16.6639,15.7054,0.0008,-1.0000
16.6668,1.0000,7.1509,1.0620,0.2942,16.6666,16.6598,15.7242,0.0008,-1.0000
16.6691,1.0000,7.1677,0.9799,0.2970,16.6647,16.6657,15.7587,0.0008,-1.0000
16.6677,1.0000,7.1843,0.9887,0.2928,16.6663,16.6570,15.5852,0.0010,-1.0000
16.6666,1.0000,7.2010,0.9576,0.2837,16.6692,16.6616,15.6850,0.0010,-1.0000
16.6692,1.0000,7.2177,0.9347,0.3313,16.6657,16.6691,15.5729,0.0012,-1.0000
16.6667,1.0000,7.2343,0.9061,0.3088,16.6719,16.6585,15.5383,0.0010,-1.0000
16.6660,1.0000,7.2509,1.0706,0.2924,16.6626,16.6586,15.4623,0.0011,-1.0000
16.6690,1.0000,7.2677,0.9755,0.2885,16.6669,16.6639,15.5591,0.0011,-1.0000
16.6654,1.0000,7.2843,1.0948,0.3171,16.6774,16.6532,15.3912,0.0018,-1.0000
16.6650,1.0000,7.3010,1.1190,0.3396,16.6655,16.6571,15.4740,0.0010,-1.0000
16.6667,1.0000,7.3176,1.1952,0.3345,16.6656,16.6570,15.4472,0.0011,-1.0000
16.6680,1.0000,7.3344,1.1034,0.4589,16.6728,16.6654,15.6099,0.0008,-1.0000
16.6653,1.0000,7.3509,1.2605,0.3508,16.6619,16.6557,15.5619,0.0009,-1.0000
16.6680,1.0000,7.3677,1.1820,0.3230,16.6640,16.6638,15.6699,0.0009,-1.0000
16.6668,1.0000,7.3843,1.2085,0.3608,16.6627,16.6623,15.5735,0.0011,-1.0000
16.6667,1.0000,7.4010,1.0546,0.4502,16.6715,16.6613,15.5127,0.0011,-1.0000
16.6679,1.0000,7.4177,1.0930,0.3580,16.6620,16.6599,15.4114,0.0010,-1.0000
16.6648,1.0000,7.4343,0.9933,0.3257,16.6705,16.6499,15.3757,0.0014,-1.0000
16.6672,1.0000,7.4509,1.0874,0.3451,16.6687,16.6691,15.4843,0.0009,-1.0000
16.6668,1.0000,7.4677,1.1469,0.3603,16.6694,16.6546,15.6448,0.0009,-1.0000
16.6667,1.0000,7.4843,1.2474,0.5156,16.6690,16.6603,15.5428,0.0010,-1.0000
16.6669,1.0000,7.5010,1.2729,0.4109,16.6576,16.6616,15.5763,0.0009,-1.0000
16.6666,1.0000,7.5177,1.1837,0.3345,16.6747,16.6580,15.5445,0.0009,-1.0000
16.6668,1.0000,7.5343,1.0088,0.5328,16.6617,16.6598,15.5323,0.0010,-1.0000
16.6673,1.0000,7.5509,1.1165,0.4084,16.6666,16.6618,15.5337,0.0011,-1.0000
16.6672,1.0000,7.5678,1.0840,0.3186,16.6684,16.6590,15.6321,0.0009,-1.0000
16.6658,1.0000,7.5843,1.1123,0.3082,16.6662,16.6546,15.4110,0.0010,-1.0000
16.6669,1.0000,7.6010,1.1262,0.4115,16.6668,16.6624,15.5776,0.0014,-1.0000
16.6664,1.0000,7.6177,1.1268,0.3141,16.6688,16.6584,15.4016,0.0011,-1.0000
16.6662,1.0000,7.6343,1.0259,0.4605,16.6677,16.6558,15.5598,0.0012,-1.0000
16.6669,1.0000,7.6509,1.2427,0.4711,16.6615,16.6639,15.6434,0.0008,-1.0000
16.6658,1.0000,7.6676,1.0835,0.3266,16.6690,16.6617,15.6815,0.0008,-1.0000
16.6670,1.0000,7.6843,1.2557,0.3078,16.6652,16.6591,15.5902,0.0010,-1.0000
16.6673,1.0000,7.7010,1.0948,0.3464,16.6620,16.6601,15.6604,0.0011,-1.0000
16.6658,1.0000,7.7176,1.0200,0.3005,16.6700,16.6587,15.6134,0.0012,-1.0000
16.6673,1.0000,7.7343,0.9795,0.3318,16.6680,16.6611,15.7841,0.0011,-1.0000
16.6688,1.0000,7.7509,1.0678,0.2785,16.6637,16.6693,15.7081,0.0008,-1.0000
16.6664,1.0000,7.7677,0.9986,0.4482,16.6667,16.6565,15.5253,0.0012,-1.0000
16.6652,1.0000,7.7843,1.0443,0.3169,16.6655,16.6555,15.4619,0.0010,-1.0000
16.6664,1.0000,7.8010,0.8760,0.2860,16.6668,16.6579,15.5715,0.0009,-1.0000
16.6686,1.0000,7.8177,0.9603,0.3102,16.6760,16.6671,15.6318,0.0010,-1.0000
16.6649,1.0000,7.8343,1.1299,0.3367,16.6656,16.6528,15.5169,0.0009,-1.0000
16.6675,1.0000,7.8509,1.1925,0.3110,16.6624,16.6621,15.6027,0.0007,-1.0000
16.6672,1.0000,7.8677,1.0855,0.3140,16.6636,16.6635,15.6432,0.0008,-1.0000
16.6663,1.0000,7.8843,1.0343,0.3159,16.6752,16.6591,15.4943,0.0011,-1.0000
16.6672,1.0000,7.9011,1.1348,0.4720,16.6591,16.6589,15.5607,0.0010,-1.0000
16.6664,1.0000,7.9176,1.0583,0.3249,16.6681,16.6574,15.0472,0.0009,-1.0000
16.6659,1.0000,7.9343,1.0190,0.3527,16.6704,16.6627,15.6329,0.0009,-1.0000
16.6666,1.0000,7.9508,1.1637,0.3044,16.6670,16.6576,15.5797,0.0010,-1.0000
16.6690,1.0000,7.9676,1.0971,0.3114,16.6661,16.6667,15.7028,0.0007,-1.0000
16.6655,1.0000,7.9843,1.6094,0.3128,16.6641,16.6528,15.5623,0.0011,-1.0000
16.6676,1.0000,8.0009,1.0288,0.3103,16.6690,16.6650,15.5794,0.0008,-1.0000
16.6663,1.0000,8.0176,1.0769,0.3258,16.6639,16.6568,15.5479,0.0009,-1.0000
16.6675,1.0000,8.0343,0.9632,0.3216,16.6738,16.6594,15.5381,0.0010,-1.0000
16.6668,1.0000,8.0509,1.0891,0.3303,16.6602,16.6585,15.5880,0.0014,-1.0000
16.6657,1.0000,8.0676,1.0850,0.3958,16.6732,16.6554,15.6855,0.0009,-1.0000
16.6657,1.0000,8.0842,1.1078,0.3507,16.6648,16.6568,15.5120,0.0010,-1.0000
16.6664,1.0000,8.1009,1.1204,0.3797,16.6681,16.6605,15.7429,0.0008,-1.0000
16.6673,1.0000,8.1176,1.0691,0.3252,16.6665,16.6636,15.7306,0.0012,-1.0000
16.6661,1.0000,8.1342,0.9693,0.3839,16.6624,16.6559,15.6264,0.0008,-1.0000
16.6669,1.0000,8.1508,1.1434,0.2887,16.6631,16.6631,15.7756,0.0007,-1.0000
16.6668,1.0000,8.1676,0.9170,0.2833,16.6657,16.6634,15.8224,0.0006,-1.0000
16.6667,1.0000,8.1843,0.9318,0.2758,16.6708,16.6608,15.7541,0.0009,-1.0000
16.6668,1.0000,8.2009,1.0288,0.2818,16.6611,16.6607,15.7497,0.0009,-1.0000
16.6666,1.0000,8.2176,0.8868,0.2720,16.6680,16.6597,15.7089,0.0008,-1.0000
16.7321,1.0000,8.2344,0.8406,0.2877,16.6686,16.7269,15.8081,0.0009,-1.0000
16.6657,1.0000,8.2509,0.9059,0.2847,16.6669,16.6600,15.4479,0.0008,-1.0000
16.6671,1.0000,8.2677,0.9101,0.2780,16.6669,16.6624,15.8037,0.0008,-1.0000
16.6662,1.0000,8.2844,0.9499,0.3202,16.6649,16.6612,15.5955,0.0010,-1.0000
16.6676,1.0000,8.3010,0.9180,0.3584,16.7330,16.6614,15.6364,0.0007,-1.0000
16.6658,1.0000,8.3177,1.2111,0.2673,16.6660,16.6579,15.6392,0.0012,-1.0000
16.6662,1.0000,8.3343,0.8579,0.3213,16.6680,16.6596,15.7132,0.0008,-1.0000
16.6669,1.0000,8.3510,1.0648,0.2922,16.6666,16.6623,15.7432,0.0007,-1.0000
16.6672,1.0000,8.3677,1.0244,0.2965,16.6670,16.6735,15.7084,0.0009,-1.0000
16.6667,1.0000,8.3844,1.0176,0.2771,16.6632,16.6508,15.6431,0.0009,-1.0000
16.6665,1.0000,8.4010,0.9454,0.2707,16.6646,16.6623,15.6151,0.0009,-1.0000
16.6666,1.0000,8.4177,0.9184,0.3723,16.6675,16.6582,15.6931,0.0008,-1.0000
16.6671,1.0000,8.4344,0.9640,0.2877,16.6789,16.6656,15.7554,0.0008,-1.0000
16.6680,1.0000,8.4510,1.0069,0.4524,16.6555,16.6640,15.6864,0.0008,-1.0000
16.6653,1.0000,8.4677,1.0462,0.2810,16.6680,16.6551,15.4563,0.0016,-1.0000
16.6687,1.0000,8.4844,0.9643,0.2623,16.6626,16.6675,15.6481,0.0008,-1.0000
16.6668,1.0000,8.5011,0.9092,0.3782,16.6718,16.6613,15.4012,0.0009,-1.0000
16.6654,1.0000,8.5177,0.9768,0.3379,16.6698,16.6535,15.4591,0.0011,-1.0000
16.6691,1.0000,8.5344,1.1970,0.5482,16.6611,16.6677,15.5086,0.0011,-1.0000
16.6665,1.0000,8.5510,1.0185,0.3330,16.6748,16.6582,15.4347,0.0013,-1.0000
16.6641,1.0000,8.5686,1.2590,0.3482,16.6689,16.6494,15.5723,0.0011,-1.0000
16.6668,1.0000,8.5847,1.1932,0.3420,16.6607,16.6617,14.7553,0.0010,-1.0000
16.6686,1.0000,8.6011,1.1580,0.3393,16.6744,16.6675,15.2455,0.0008,-1.0000
16.6650,1.0000,8.6177,1.2221,0.3191,16.6662,16.6528,15.4103,0.0010,-1.0000
16.6659,1.0000,8.6343,1.0761,0.2928,16.6561,16.6583,15.6890,0.0009,-1.0000
16.6687,1.0000,8.6510,1.9054,0.3856,16.6673,16.6703,15.7874,0.0009,-1.0000
16.6682,1.0000,8.6677,1.4215,0.3865,16.6745,16.6633,15.6206,0.0008,-1.0000
16.6656,1.0000,8.6844,1.2413,0.2738,16.6591,16.6588,15.5334,0.0010,-1.0000
16.6646,1.0000,8.7010,0.9683,0.3368,16.6631,16.6496,15.4983,0.0010,-1.0000
16.6672,1.0000,8.7177,0.8824,0.2998,16.6764,16.6624,15.7104,0.0009,-1.0000
16.6697,1.0000,8.7344,1.0419,0.3149,16.6706,16.6699,15.6811,0.0011,-1.0000
16.6651,1.0000,8.7510,1.1249,0.3310,16.6666,16.6545,15.4784,0.0009,-1.0000
16.6659,1.0000,8.7677,1.1501,0.2986,16.6558,16.6587,15.6483,0.0010,-1.0000
16.6680,1.0000,8.7844,0.9509,0.3444,16.6680,16.6671,15.4976,0.0012,-1.0000
16.6652,1.0000,8.8010,0.9875,0.4136,16.6775,16.6493,15.5306,0.0011,-1.0000
16.6674,1.0000,8.8177,1.1751,0.4598,16.6614,16.6612,15.6502,0.0007,-1.0000
16.6680,1.0000,8.8345,1.0093,0.3205,16.6658,16.6649,15.6263,0.0009,-1.0000
16.6814,1.0000,8.8516,1.1683,0.3272,16.6744,16.6769,15.4559,0.0009,-1.0000
16.6673,1.0000,8.8678,1.1175,0.5447,16.6554,16.6561,14.7644,0.0011,-1.0000
16.6660,1.0000,8.8844,1.0100,0.2988,16.6677,16.6568,15.3921,0.0012,-1.0000
16.6664,1.0000,8.9011,1.0375,0.3497,16.6726,16.6606,15.4143,0.0008,-1.0000
16.6655,1.0000,8.9177,1.2200,0.3369,16.6845,16.6575,15.4970,0.0013,-1.0000
16.6690,1.0000,8.9345,1.8907,0.3777,16.6637,16.6721,15.6210,0.0009,-1.0000
16.6663,1.0000,8.9510,1.2634,0.4102,16.6639,16.6508,15.4290,0.0009,-1.0000
16.6662,1.0000,8.9678,1.2453,0.3335,16.6665,16.6579,15.6202,0.0011,-1.0000
16.6665,1.0000,8.9844,1.1590,0.4631,16.6638,16.6658,15.2259,0.0009,-1.0000
16.6664,1.0000,9.0011,1.0502,0.3519,16.6803,16.6906,15.5633,0.0010,-1.0000
16.6664,1.0000,9.0178,1.2209,0.3364,16.6586,16.6200,15.4372,0.0010,-1.0000
16.6678,1.0000,9.0344,1.0367,0.4474,16.6654,16.6624,15.5506,0.0012,-1.0000
16.6665,1.0000,9.0510,1.4390,0.3659,16.6724,16.6623,15.5821,0.0010,-1.0000
16.6665,1.0000,9.0678,1.1265,0.3243,16.6972,16.6593,15.6223,0.0011,-1.0000
16.6686,1.0000,9.0845,1.1817,0.3250,16.6261,16.6731,15.5432,0.0011,-1.0000
16.6671,1.0000,9.1012,1.1108,0.5163,16.6689,16.6585,15.1542,0.0014,-1.0000
16.6658,1.0000,9.1177,1.0787,0.3163,16.6684,16.6424,15.3961,0.0013,-1.0000
16.6668,1.0000,9.1344,1.0360,0.3442,16.6654,16.6631,15.5603,0.0010,-1.0000
16.6653,1.0000,9.1510,1.1287,0.6210,16.6818,16.6587,15.5456,0.0010,-1.0000
16.6675,1.0000,9.1678,1.5029,0.3369,16.6698,16.6591,15.7456,0.0007,-1.0000
16.6675,1.0000,9.1844,1.2450,0.4417,16.6497,16.6636,15.5812,0.0011,-1.0000
16.6660,1.0000,9.2011,1.1019,0.4897,16.6706,16.6562,15.4580,0.0009,-1.0000
16.6668,1.0000,9.2178,1.1121,0.3472,16.6648,16.6606,15.5460,0.0015,-1.0000
16.6681,1.0000,9.2345,0.9123,0.4172,16.6648,16.6620,15.3367,0.0012,-1.0000
16.6664,1.0000,9.2510,1.0813,0.3303,16.6711,16.6572,15.4872,0.0009,-1.0000
16.6658,1.0000,9.2678,1.1973,0.3242,16.6636,16.6573,15.6219,0.0011,-1.0000
16.6660,1.0000,9.2844,1.1131,0.3342,16.6676,16.6577,15.5082,0.0011,-1.0000
16.6669,1.0000,9.3011,1.3239,0.3875,16.6697,16.6610,15.6595,0.0008,-1.0000
16.6669,1.0000,9.3177,1.1692,0.3535,16.6656,16.6614,15.5728,0.0011,-1.0000
16.6682,1.0000,9.3344,1.0345,0.3074,16.6640,16.6633,15.5838,0.0008,-1.0000
16.6658,1.0000,9.3510,1.1481,0.5445,16.6643,16.6579,15.5293,0.0012,-1.0000
16.6679,1.0000,9.3678,1.0007,0.5674,16.6666,16.6651,15.4273,0.0011,-1.0000
16.6666,1.0000,9.3844,1.0876,0.3118,16.6682,16.6530,15.4153,0.0013,-1.0000
16.6662,1.0000,9.4011,1.0784,0.4336,16.6711,16.6565,15.4842,0.0011,-1.0000
16.6665,1.0000,9.4178,1.1275,0.3482,16.6659,16.6588,15.4564,0.0011,-1.0000
16.6678,1.0000,9.4345,1.2366,0.3667,16.6738,16.6650,15.6126,0.0014,-1.0000
16.6661,1.0000,9.4510,1.2360,0.4227,16.6614,16.6527,15.2864,0.0015,-1.0000
16.6661,1.0000,9.4677,1.1710,0.3418,16.6641,16.6570,15.6156,0.0009,-1.0000
16.6664,1.0000,9.4844,1.2013,0.4535,16.6659,16.6599,15.6081,0.0008,-1.0000
16.6655,1.0000,9.5011,1.0510,0.3483,16.6731,16.6592,15.5425,0.0009,-1.0000
16.6671,1.0000,9.5177,1.3648,0.3504,16.6613,16.6605,15.5724,0.0012,-1.0000
16.6688,1.0000,9.5344,1.0404,0.3223,16.6632,16.6654,15.6153,0.0010,-1.0000
16.6652,1.0000,9.5510,1.0512,0.3314,16.6669,16.6597,15.4184,0.0010,-1.0000
16.6675,1.0000,9.5677,1.1159,0.3488,16.6650,16.6564,15.5639,0.0010,-1.0000
16.6657,1.0000,9.5844,1.0869,0.3086,16.6672,16.6576,15.5612,0.0010,-1.0000
16.6686,1.0000,9.6011,1.0490,0.3459,16.6735,16.6672,15.5860,0.0010,-1.0000
16.6656,1.0000,9.6178,1.2403,0.4501,16.6667,16.6608,15.2805,0.0012,-1.0000
16.6677,1.0000,9.6344,1.0914,0.3234,16.6628,16.6540,15.3641,0.0011,-1.0000
16.6663,1.0000,9.6511,1.0953,0.3377,16.6638,16.6577,15.5778,0.0012,-1.0000
16.6652,1.0000,9.6676,1.0801,0.3218,16.6757,16.6559,15.5037,0.0009,-1.0000
16.6685,1.0000,9.6846,1.3792,0.4094,16.6686,16.6652,15.7039,0.0009,-1.0000
16.6664,1.0000,9.7011,1.2887,0.3438,16.6616,16.6599,15.3029,0.0012,-1.0000
16.6661,1.0000,9.7184,1.0788,0.3433,16.6652,16.6533,15.4377,0.0010,-1.0000
16.6683,1.0000,9.7353,1.1511,0.5703,16.6621,16.6679,14.9009,0.0010,-1.0000
16.6673,1.0000,9.7511,0.9608,0.3682,16.6726,16.6585,14.5223,0.0011,-1.0000
16.6650,1.0000,9.7677,1.3558,0.4259,16.6682,16.6495,15.4410,0.0011,-1.0000
16.6668,1.0000,9.7844,1.2149,0.6171,16.6598,16.6610,15.5048,0.0011,-1.0000
16.6665,1.0000,9.8011,1.7657,0.3774,16.6751,16.6588,15.5236,0.0013,-1.0000
16.6667,1.0000,9.8189,2.1348,0.3366,16.6693,16.6614,15.2937,0.0009,-1.0000
16.6679,1.0000,9.8344,1.2074,0.3420,16.6571,16.6657,14.3723,0.0013,-1.0000
16.6679,1.0000,9.8512,1.1550,0.4346,16.6676,16.6637,15.4177,0.0009,-1.0000
16.6668,1.0000,9.8677,1.1339,0.3937,16.6646,16.6574,15.1445,0.0010,-1.0000
16.6662,1.0000,9.8845,1.3669,0.6166,16.6678,16.6539,15.3491,0.0010,-1.0000
16.6667,1.0000,9.9011,2.2920,0.3830,16.6725,16.6571,14.8042,0.0014,-1.0000
16.6670,1.0000,9.9178,1.2449,0.6030,16.6727,16.6568,15.4639,0.0010,-1.0000
16.6670,1.0000,9.9345,1.5117,0.4794,16.6678,16.6621,15.3524,0.0009,-1.0000
16.6657,1.0000,9.9511,1.3037,0.5038,16.6633,16.6562,15.3198,0.0013,-1.0000
16.6678,1.0000,9.9677,1.8516,0.5474,16.6661,16.6569,15.3705,0.0010,-1.0000
16.6665,1.0000,9.9845,1.1918,0.3896,16.6650,16.6560,15.3556,0.0011,-1.0000
16.6779,1.0000,10.0013,1.3087,0.4036,16.6724,16.6881,15.3117,0.0011,-1.0000
16.6644,1.0000,10.0179,1.3351,0.3907,16.6655,16.6291,15.0740,0.0013,-1.0000
16.6686,1.0000,10.0345,1.2856,0.5083,16.6658,16.6665,15.3636,0.0012,-1.0000
16.6661,1.0000,10.0511,1.2992,0.5185,16.6660,16.6566,15.4801,0.0010,-1.0000
16.6668,1.0000,10.0677,1.3753,0.3883,16.6977,16.6597,15.5445,0.0009,-1.0000
16.6657,1.0000,10.0844,1.5537,0.3387,16.6371,16.6558,15.6032,0.0010,-1.0000
16.6663,1.0000,10.1011,1.3018,0.3730,16.6740,16.6582,15.6122,0.0009,-1.0000
16.6686,1.0000,10.1178,1.1755,0.4600,16.6650,16.6658,15.4918,0.0011,-1.0000
16.6672,1.0000,10.1345,1.1142,0.3700,16.6678,16.6570,15.4543,0.0013,-1.0000
16.6661,1.0000,10.1511,1.0521,0.5317,16.6627,16.6597,15.4235,0.0015,-1.0000
16.6667,1.0000,10.1677,1.0451,0.6709,16.6659,16.7003,15.2695,0.0011,-1.0000
16.6665,1.0000,10.1847,1.1728,0.3753,16.6746,16.6579,15.5473,0.0010,-1.0000
16.6672,1.0000,10.2012,1.2011,0.3321,16.6663,16.6515,15.3097,0.0011,-1.0000
16.6663,1.0000,10.2178,1.2346,0.4761,16.6694,16.6796,15.2724,0.0011,-1.0000
16.6653,1.0000,10.2344,1.4294,0.3413,16.7087,16.6462,15.4723,0.0010,-1.0000
16.6674,1.0000,10.2512,1.1094,0.4893,16.6665,16.6796,15.6108,0.0009,-1.0000
16.6683,1.0000,10.2680,1.3408,0.4182,16.6602,16.7723,15.5086,0.0011,-1.0000
16.6647,1.0000,10.2845,1.4062,0.3676,16.6885,16.5175,15.1978,0.0012,-1.0000
16.6677,1.0000,10.3012,1.1728,0.3255,16.6525,16.6688,15.5149,0.0010,-1.0000
16.6681,1.0000,10.3182,1.0681,0.3836,16.6869,16.8914,15.5196,0.0015,-1.0000
16.6643,1.0000,10.3344,1.2626,0.3631,16.7809,16.3804,15.1169,0.0007,-1.0000
16.6668,1.0000,10.3512,1.3184,0.4043,16.5254,16.6620,15.7377,0.0008,-1.0000
16.6674,1.0000,10.3677,1.1528,0.5209,16.6755,16.6635,15.4534,0.0010,-1.0000
16.6668,1.0000,10.3844,1.3705,0.3244,16.9028,16.6548,15.4595,0.0009,-1.0000
16.6673,1.0000,10.4011,1.2626,0.2780,16.3870,16.6713,15.6437,0.0010,-1.0000
16.6673,1.0000,10.4178,0.9235,0.3522,16.6681,16.6592,15.5771,0.0010,-1.0000
16.6664,1.0000,10.4345,1.2092,0.3104,16.6699,16.7195,15.6212,0.0009,-1.0000
16.6654,1.0000,10.4511,1.1947,0.2936,16.6609,16.5901,15.4528,0.0014,-1.0000
16.6666,1.0000,10.4677,1.0265,0.3744,16.6774,16.6660,15.7005,0.0010,-1.0000
16.6698,1.0000,10.4844,1.0809,0.2959,16.6669,16.6687,15.8033,0.0008,-1.0000
16.6648,1.0000,10.5011,1.0974,0.3880,16.7262,16.6541,15.5540,0.0012,-1.0000
16.6684,1.0000,10.5179,1.1360,0.2982,16.5955,16.6719,15.6802,0.0011,-1.0000
16.6646,1.0000,10.5346,0.9646,0.3290,16.6711,16.6503,15.3152,0.0011,-1.0000
16.6673,1.0000,10.5513,0.8645,0.4317,16.6758,16.6665,15.3128,0.0013,-1.0000
16.6662,1.0000,10.5677,1.0988,0.4904,16.6610,16.6471,15.4390,0.0010,-1.0000
16.6684,1.0000,10.5845,0.9905,0.3117,16.6792,16.7403,15.7157,0.0007,-1.0000
16.6671,1.0000,10.6014,1.3339,0.3196,16.6574,16.5848,15.4577,0.0010,-1.0000
16.6662,1.0000,10.6178,1.3521,0.3973,16.6743,16.6577,15.1790,0.0014,-1.0000
16.6649,1.0000,10.6344,1.2069,0.4838,16.6541,16.6529,15.5760,0.0011,-1.0000
16.6676,1.0000,10.6511,1.0237,0.3225,16.7469,16.6659,15.7212,0.0008,-1.0000
16.6655,1.0000,10.6677,1.1258,0.4212,16.5928,16.6563,15.6546,0.0008,-1.0000
16.6694,1.0000,10.6845,1.4770,0.3281,16.6651,16.6716,15.7701,0.0008,-1.0000
16.6656,1.0000,10.7011,1.0757,0.5049,16.6590,16.6537,15.4968,0.0010,-1.0000
16.6653,1.0000,10.7178,0.9438,0.3330,16.6713,16.7020,15.5388,0.0007,-1.0000
16.6668,1.0000,10.7344,1.0009,0.3310,16.6612,16.6136,15.5625,0.0010,-1.0000
16.6677,1.0000,10.7511,0.9006,0.4104,16.6803,16.6637,15.7016,0.0008,-1.0000
16.6666,1.0000,10.7678,1.1559,0.3513,16.6607,16.7019,15.6905,0.0010,-1.0000
16.6661,1.0000,10.7844,1.1625,0.5170,16.7084,16.6155,15.5535,0.0008,-1.0000
16.6678,1.0000,10.8011,1.0503,0.4264,16.6191,16.6704,15.7079,0.0009,-1.0000
16.6659,1.0000,10.8178,0.9616,0.2826,16.6691,16.7071,15.6255,0.0009,-1.0000
16.6675,1.0000,10.8344,1.0104,0.3003,16.7076,16.6140,15.5881,0.0007,-1.0000
16.6671,1.0000,10.8512,1.0612,0.2745,16.6202,16.6600,15.6840,0.0007,-1.0000
16.6673,1.0000,10.8677,0.9616,0.3509,16.6759,16.6627,15.4575,0.0011,-1.0000
16.6649,1.0000,10.8844,1.0808,0.4070,16.7129,16.6747,15.5953,0.0010,-1.0000
16.6669,1.0000,10.9011,1.0252,0.5112,16.6199,16.6804,15.6832,0.0009,-1.0000
16.6665,1.0000,10.9177,0.9753,0.3098,16.6686,16.6525,15.6560,0.0009,-1.0000
16.6658,1.0000,10.9344,1.2042,0.3422,16.6708,16.6681,15.7176,0.0009,-1.0000
16.6681,1.0000,10.9512,1.0784,0.2844,16.6810,16.6938,15.6098,0.0010,-1.0000
16.6656,1.0000,10.9677,0.9962,0.3920,16.6855,16.6098,15.4778,0.0012,-1.0000
16.6690,1.0000,10.9846,0.9954,0.2694,16.6571,16.6756,15.7744,0.0008,-1.0000
16.6644,1.0000,11.0012,0.9496,0.4258,16.6741,16.7642,15.4953,0.0009,-1.0000
16.6678,1.0000,11.0178,1.0827,0.3531,16.6991,16.5710,15.6132,0.0011,-1.0000
16.6665,1.0000,11.0345,1.1310,0.4486,16.6157,16.6592,15.6486,0.0008,-1.0000
16.6667,1.0000,11.0511,0.9004,0.4043,16.6819,16.6852,15.5996,0.0008,-1.0000
16.6684,1.0000,11.0677,1.2681,0.3274,16.7706,16.5928,15.6586,0.0007,-1.0000
16.6664,1.0000,11.0845,0.9566,0.3195,16.5774,16.6903,15.5910,0.0009,-1.0000
16.6650,1.0000,11.1011,1.0096,0.3238,16.6654,16.6584,15.3337,0.0015,-1.0000
16.6667,1.0000,11.1178,1.0848,0.3290,16.6906,16.6674,15.5480,0.0011,-1.0000
16.6667,1.0000,11.1344,0.9331,0.3535,16.5990,16.6135,15.6769,0.0012,-1.0000
16.6668,1.0000,11.1510,1.0985,0.3137,16.6979,16.6647,15.7949,0.0010,-1.0000
16.6669,1.0000,11.1677,1.3231,0.3179,16.6646,16.6613,15.7558,0.0010,-1.0000
16.6658,1.0000,11.1844,1.1182,0.2939,16.6727,16.6619,15.8094,0.0010,-1.0000
16.6689,1.0000,11.2011,0.9354,0.2789,16.6191,16.6695,15.5943,0.0009,-1.0000
16.6662,1.0000,11.2178,0.8688,0.4093,16.6700,16.6805,15.5415,0.0012,-1.0000
16.6684,1.0000,11.2344,0.9047,0.3987,16.6662,16.6259,15.5417,0.0011,-1.0000
16.6647,1.0000,11.2511,0.8519,0.3069,16.6671,16.6522,15.5033,0.0011,-1.0000
16.6687,1.0000,11.2678,1.0742,0.5224,16.6747,16.6680,15.6458,0.0009,-1.0000
16.6660,1.0000,11.2898,1.1379,0.3335,16.6872,22.0329,15.4440,0.0015,-1.0000
16.6667,1.0000,11.3011,1.0829,0.3457,16.6340,11.2787,10.0829,0.0011,-1.0000
16.6673,1.0000,11.3178,1.1476,0.4609,16.6590,16.6623,15.5448,0.0008,-1.0000
16.6676,1.0000,11.3345,1.0212,0.3458,16.6768,16.6584,15.4790,0.0011,-1.0000
16.6650,1.0000,11.3511,6.5874,0.3894,22.0417,16.6554,15.2421,0.0011,-1.0000
16.6660,1.0000,11.3677,1.1948,0.3406,11.2863,16.6541,15.5228,0.0014,-1.0000
16.6685,1.0000,11.3844,1.1165,0.3537,16.6694,16.6688,15.7454,0.0009,-1.0000
16.6673,1.0000,11.4011,1.1781,0.5570,16.6665,16.6610,15.3969,0.0011,-1.0000
16.6645,1.0000,11.4177,1.4120,0.3718,16.6633,16.6493,15.4307,0.0012,-1.0000
16.6671,1.0000,11.4344,1.1299,0.3343,16.6608,16.6635,15.6097,0.0010,-1.0000
16.6685,1.0000,11.4511,0.9221,0.4175,16.6758,16.6672,15.5636,0.0011,-1.0000
16.6687,1.0000,11.4678,1.2627,0.4024,16.6695,16.6619,15.4181,0.0011,-1.0000
16.6624,0.0000,11.4869,1.2174,0.3738,16.6564,19.1466,15.2696,0.0011,-1.0000
16.6665,0.0000,11.5010,1.0528,0.3670,16.6698,14.1647,13.1073,0.0011,-1.0000
16.6693,0.0000,11.5182,1.1029,0.3243,16.6747,17.0337,15.7332,0.0008,-1.0000
16.6657,0.0000,11.5344,1.2426,0.3955,16.6728,16.2955,14.8662,0.0013,-1.0000
16.6666,0.0000,11.5516,3.8760,0.3146,19.1545,17.1899,15.5879,0.0014,-1.0000
16.6680,0.0000,11.5677,1.0565,0.2750,14.1697,16.1413,14.9311,0.0010,-1.0000
16.6643,0.0000,11.5844,1.2996,0.4199,17.0405,16.6804,15.5348,0.0011,-1.0000
16.6669,1.0000,11.6060,1.4281,0.4250,16.3025,21.4250,15.6477,0.0010,-1.0000
16.6694,1.0000,11.6178,1.6009,0.4598,17.1969,11.9189,10.4143,0.0012,-1.0000
16.6671,1.0000,11.6345,1.2092,0.4402,16.1493,16.6541,15.4801,0.0011,-1.0000
16.6646,1.0000,11.6512,1.1442,0.4129,16.6870,16.6554,15.2656,0.0014,-1.0000
16.6682,1.0000,11.6680,5.7766,0.5205,21.4346,16.9351,15.1965,0.0014,-1.0000
16.6649,1.0000,11.6845,1.5030,0.3141,11.9278,16.3401,15.2718,0.0011,-1.0000
16.6687,1.0000,11.7012,1.1726,0.3687,16.6626,16.7482,15.6174,0.0010,-1.0000
16.6653,1.0000,11.7178,1.3886,0.3489,16.6642,16.6199,15.4985,0.0010,-1.0000
16.6678,1.0000,11.7345,1.7372,0.3489,16.9431,16.6835,15.5379,0.0011,-1.0000
16.6659,1.0000,11.7511,1.0671,0.3994,16.3469,16.6157,15.5285,0.0008,-1.0000
16.6648,1.0000,11.7677,1.1296,0.3255,16.7551,16.6254,15.5608,0.0009,-1.0000
16.6685,1.0000,11.7845,1.1205,0.4058,16.6265,16.6598,15.7679,0.0009,-1.0000
16.6662,1.0000,11.8011,1.1446,0.3142,16.6901,16.6559,15.4295,0.0010,-1.0000
16.6666,1.0000,11.8178,1.0866,0.4011,16.6230,16.6989,15.5337,0.0008,-1.0000
16.6677,1.0000,11.8344,1.0638,0.3811,16.6298,16.6289,15.6843,0.0008,-1.0000
16.6657,1.0000,11.8511,0.8906,0.3743,16.6665,16.6531,15.5334,0.0011,-1.0000
16.6680,1.0000,11.8677,1.2250,0.3178,16.6619,16.6680,15.6569,0.0011,-1.0000
16.6679,1.0000,11.8845,1.1646,0.2881,16.7035,16.6738,15.5441,0.0010,-1.0000
16.6676,1.0000,11.9011,0.9435,0.3399,16.6352,16.6493,15.4211,0.0012,-1.0000
16.6659,1.0000,11.9178,1.1187,0.3843,16.6589,16.6667,15.4167,0.0011,-1.0000
16.6677,1.0000,11.9345,1.0101,0.3473,16.6740,16.6754,15.4677,0.0010,-1.0000
16.6648,1.0000,11.9511,1.1284,0.4351,16.6814,16.6327,15.4547,0.0010,-1.0000
16.6662,1.0000,11.9679,1.2266,0.4002,16.6578,16.8619,15.4260,0.0011,-1.0000
16.6696,1.0000,11.9845,1.2492,0.3601,16.6744,16.4670,15.3352,0.0009,-1.0000
16.6657,1.0000,12.0011,1.2068,0.3703,16.6841,16.6561,15.2010,0.0013,-1.0000
16.6640,1.0000,12.0177,1.1770,0.3998,16.6401,16.6401,15.4244,0.0012,-1.0000
16.6703,1.0000,12.0345,1.4348,0.3648,16.8682,16.6812,15.6134,0.0008,-1.0000
16.6690,1.0000,12.0511,1.1308,0.3367,16.4748,16.6496,15.3998,0.0011,-1.0000
16.6602,1.0000,12.0676,1.4536,0.3070,16.6647,16.6439,15.6693,0.0010,-1.0000
16.6690,1.0000,12.0844,1.2145,0.2968,16.6459,16.6809,16.0893,0.0008,-1.0000
16.6672,1.0000,12.1026,1.0670,0.3782,16.6877,16.7042,15.6599,0.0008,-1.0000
16.6650,1.0000,12.1177,1.2485,0.2621,16.6554,16.6093,14.0277,0.0010,-1.0000
16.6698,1.0000,12.1345,0.9737,0.2518,16.6475,16.6813,15.6370,0.0010,-1.0000
16.6635,1.0000,12.1511,0.5909,0.4218,16.6856,16.6841,15.1865,0.0016,-1.0000
16.6663,1.0000,12.1677,1.0435,0.5562,16.7103,16.6149,15.5550,0.0011,-1.0000
16.6687,1.0000,12.1849,2.5804,0.3826,16.6146,16.6722,15.8322,0.0009,-1.0000
16.6651,1.0000,12.2010,1.0434,0.4395,16.6884,16.7025,15.1158,0.0011,-1.0000
16.6690,1.0000,12.2178,1.4962,0.3205,16.6897,16.6281,15.8324,0.0009,-1.0000
16.6678,1.0000,12.2346,1.0590,0.2933,16.6183,16.6825,15.2142,0.0010,-1.0000
16.6631,1.0000,12.2510,0.8391,0.4115,16.6767,16.6189,15.3215,0.0011,-1.0000
16.6683,1.0000,12.2678,1.5857,0.2927,16.7059,16.7165,15.8678,0.0009,-1.0000
16.6666,1.0000,12.2845,0.7948,0.4655,16.6337,16.6617,15.5975,0.0010,-1.0000
16.6659,1.0000,12.3011,1.4676,0.3780,16.6901,16.6422,15.5425,0.0012,-1.0000
16.6684,1.0000,12.3178,1.2964,0.3115,16.6236,16.6925,15.7657,0.0008,-1.0000
16.6646,1.0000,12.3344,0.8477,0.3130,16.7208,16.6617,15.5546,0.0007,-1.0000
16.6675,1.0000,12.3511,1.0632,0.3285,16.6664,16.6348,15.8161,0.0010,-1.0000
16.6666,1.0000,12.3677,1.0986,0.2842,16.6456,16.6607,15.6519,0.0010,-1.0000
16.6661,1.0000,12.3845,0.9258,0.3433,16.6980,16.7384,15.7420,0.0010,-1.0000
16.6685,1.0000,12.4011,1.1065,0.4303,16.6660,16.6047,15.7074,0.0010,-1.0000
16.6658,1.0000,12.4177,0.8177,0.3392,16.6390,16.6556,15.5887,0.0008,-1.0000
16.6670,1.0000,12.4345,1.0079,0.2943,16.6655,16.6893,15.7541,0.0011,-1.0000
16.6670,1.0000,12.4511,0.9952,0.2897,16.7415,16.6012,15.6499,0.0008,-1.0000
16.6657,1.0000,12.4677,0.8963,0.3044,16.6101,16.7012,15.5487,0.0009,-1.0000
16.6690,1.0000,12.4845,1.0660,0.2728,16.6600,16.6674,15.8779,0.0009,-1.0000
16.6650,1.0000,12.5011,0.9341,0.3906,16.6936,16.6281,15.5524,0.0009,-1.0000
16.6677,1.0000,12.5178,0.9505,0.3441,16.6057,16.7704,15.7898,0.0011,-1.0000
16.6660,1.0000,12.5344,1.1516,0.2428,16.7049,16.5744,15.4706,0.0008,-1.0000
16.6662,1.0000,12.5510,0.7884,0.3158,16.6727,16.6614,15.5720,0.0009,-1.0000
16.6701,1.0000,12.5678,1.0748,0.3200,16.6318,16.7253,15.8011,0.0012,-1.0000
16.6635,1.0000,12.5844,0.9795,0.2567,16.7746,16.5947,15.4413,0.0009,-1.0000
16.6673,1.0000,12.6011,1.1028,0.3251,16.5783,16.6609,15.7230,0.0012,-1.0000
16.6690,1.0000,12.6179,1.0885,0.2573,16.6649,16.7818,15.6957,0.0009,-1.0000
16.6643,1.0000,12.6344,0.9232,0.3481,16.7308,16.5297,15.3360,0.0010,-1.0000
16.6690,1.0000,12.6511,1.1525,0.3515,16.5991,16.6906,15.6258,0.0010,-1.0000
16.6650,1.0000,12.6677,0.9370,0.2652,16.6652,16.6504,15.5788,0.0008,-1.0000
16.6685,1.0000,12.6844,1.0854,0.4598,16.7877,16.6344,15.6645,0.0010,-1.0000
16.6686,1.0000,12.7012,1.1928,0.2798,16.5338,16.6706,15.5301,0.0012,-1.0000
16.6651,1.0000,12.7178,1.0638,0.3046,16.6952,16.6534,15.4267,0.0010,-1.0000
16.6641,1.0000,12.7343,1.0709,0.4444,16.6562,16.6439,15.5481,0.0012,-1.0000
16.6686,1.0000,12.7511,0.9689,0.3095,16.6405,16.6822,15.9393,0.0009,-1.0000
16.6653,1.0000,12.7677,1.1393,0.3571,16.6783,16.6794,15.1480,0.0009,-1.0000
16.6659,1.0000,12.7844,1.2257,0.3111,16.6609,16.6596,15.7999,0.0010,-1.0000
16.6699,1.0000,12.8012,1.0947,0.2705,16.6484,16.6978,15.8563,0.0008,-1.0000
16.6639,1.0000,12.8177,0.7418,0.3049,16.6871,16.6231,15.4628,0.0009,-1.0000
16.6678,1.0000,12.8344,1.5306,0.2519,16.6841,16.6736,15.9232,0.0009,-1.0000
16.6665,1.0000,12.8511,0.8588,0.3410,16.6630,16.6761,15.6873,0.0008,-1.0000
16.6667,1.0000,12.8677,0.8409,0.3046,16.7037,16.6782,15.5367,0.0010,-1.0000
16.6674,1.0000,12.8845,1.1596,0.2898,16.6277,16.6321,15.8098,0.0012,-1.0000
16.6654,1.0000,12.9010,0.7500,0.3109,16.6782,16.6447,15.6551,0.0007,-1.0000
16.6678,1.0000,12.9178,0.9881,0.3109,16.6814,16.7367,15.9007,0.0009,-1.0000
16.6671,1.0000,12.9344,1.1407,0.2549,16.6818,16.5702,15.5569,0.0009,-1.0000
16.6655,1.0000,12.9510,0.8212,0.4831,16.6371,16.6543,15.5874,0.0006,-1.0000
16.6691,1.0000,12.9677,0.9889,0.2771,16.6484,16.6816,15.8794,0.0009,-1.0000
16.6644,1.0000,12.9844,0.8352,0.2869,16.7417,16.6444,15.5942,0.0009,-1.0000
16.6678,1.0000,13.0011,1.0126,0.2666,16.5747,16.6766,15.9025,0.0008,-1.0000
16.6669,1.0000,13.0178,1.0662,0.2587,16.6577,16.6587,15.6861,0.0012,-1.0000
16.6656,1.0000,13.0348,0.8014,0.3135,16.6881,16.6990,15.6566,0.0009,-1.0000
16.6678,1.0000,13.0521,1.0493,0.2497,16.6490,16.6200,15.3324,0.0009,-1.0000
16.6654,1.0000,13.0676,0.7735,0.2783,16.6809,16.6584,14.6894,0.0008,-1.0000
16.6668,1.0000,13.0843,0.9716,0.3181,16.6645,16.6621,15.9308,0.0008,-1.0000
16.6680,1.0000,13.1014,1.0416,0.3377,16.7032,16.6749,15.9135,0.0006,-1.0000
16.6655,1.0000,13.1177,1.2866,0.6415,16.6244,16.6511,15.1603,0.0008,-1.0000
16.6672,1.0000,13.1344,1.9684,0.3222,16.6622,16.6688,15.8650,0.0009,-1.0000
16.6674,1.0000,13.1510,0.7304,0.2283,16.6650,16.6592,15.7222,0.0008,-1.0000
16.6663,1.0000,13.1676,0.7611,0.2712,16.6797,16.6628,15.7192,0.0009,-1.0000
16.6677,1.0000,13.1845,1.4901,0.2626,16.6549,16.6695,15.9588,0.0009,-1.0000
16.6650,1.0000,13.2010,0.8030,0.2761,16.6739,16.6488,15.5109,0.0008,-1.0000
16.6684,1.0000,13.2178,0.9364,0.4437,16.6638,16.6719,15.8801,0.0009,-1.0000
16.6657,1.0000,13.2344,0.9431,0.2343,16.6663,16.6603,15.6869,0.0007,-1.0000
16.6661,1.0000,13.2510,0.7101,0.3049,16.6759,16.6556,15.6021,0.0010,-1.0000
16.6679,1.0000,13.2687,1.1373,0.2441,16.6524,16.6712,15.9582,0.0008,-1.0000
16.6658,1.0000,13.2854,0.7910,0.3688,16.6765,16.6542,14.6809,0.0010,-1.0000
16.6675,1.0000,13.3011,0.9727,0.4026,16.6657,16.6692,14.8699,0.0010,-1.0000
16.6663,1.0000,13.3178,1.0525,0.2940,16.6590,16.7063,15.7372,0.0007,-1.0000
16.6672,1.0000,13.3344,0.7121,0.5051,16.6764,16.6098,15.5502,0.0009,-1.0000
16.6677,1.0000,13.3512,1.9724,0.3443,16.6577,16.6824,15.8116,0.0010,-1.0000
16.6647,1.0000,13.3677,1.7983,0.8005,16.6735,16.6849,15.4159,0.0012,-1.0000
16.6667,1.0000,13.3844,0.9685,0.3765,16.7108,16.6254,15.8610,0.0010,-1.0000
16.6677,1.0000,13.4011,1.0586,0.4560,16.6131,16.6654,15.7146,0.0010,-1.0000
16.6658,1.0000,13.4177,0.8697,0.3806,16.6874,16.7056,15.6661,0.0008,-1.0000
16.6678,1.0000,13.4345,1.2677,0.3155,16.6893,16.6214,15.6741,0.0010,-1.0000
16.6659,1.0000,13.4510,0.7635,0.3708,16.6298,16.6564,15.5077,0.0009,-1.0000
16.6674,1.0000,13.4677,0.9499,0.3420,16.6698,16.6656,15.8564,0.0010,-1.0000
16.6673,1.0000,13.4845,1.0389,0.3081,16.7090,16.6909,15.7154,0.0011,-1.0000
16.6653,1.0000,13.5010,0.9463,0.3118,16.6262,16.6578,15.5482,0.0011,-1.0000
16.6695,1.0000,13.5179,1.1479,0.2951,16.6598,16.6902,15.8520,0.0010,-1.0000
16.6641,1.0000,13.5344,0.8082,0.3768,16.6698,16.6401,15.3540,0.0011,-1.0000
16.6675,1.0000,13.5511,0.9746,0.3247,16.6959,16.7011,15.7946,0.0010,-1.0000
16.6668,1.0000,13.5677,1.1085,0.3455,16.6616,16.6170,15.6171,0.0012,-1.0000
16.6658,1.0000,13.5845,0.8374,0.3575,16.6964,16.6521,15.7092,0.0010,-1.0000
16.6680,1.0000,13.6012,1.2853,0.2751,16.6442,16.7752,15.7278,0.0011,-1.0000
16.6659,1.0000,13.6177,0.9054,0.3440,16.7053,16.5618,15.3839,0.0008,-1.0000
16.6666,1.0000,13.6344,0.9985,0.3251,16.6219,16.6680,15.8577,0.0007,-1.0000
16.6677,1.0000,13.6511,0.9421,0.3296,16.6558,16.7095,15.7014,0.0008,-1.0000
16.6656,1.0000,13.6676,1.0464,0.3253,16.7793,16.5836,15.5426,0.0009,-1.0000
16.6683,1.0000,13.6846,1.1771,0.2722,16.5653,16.7213,15.9561,0.0009,-1.0000
16.6655,1.0000,13.7010,0.8094,0.3173,16.6715,16.6394,15.4324,0.0011,-1.0000
16.6666,1.0000,13.7177,1.0071,0.3282,16.7140,16.6592,15.8574,0.0009,-1.0000
16.6669,1.0000,13.7345,1.0401,0.2687,16.5869,16.6635,15.7936,0.0007,-1.0000
16.6659,1.0000,13.7510,0.7644,0.3163,16.7272,16.6509,15.6978,0.0010,-1.0000
16.6683,1.0000,13.7678,1.2061,0.3108,16.6430,16.6990,15.9060,0.0009,-1.0000
16.6660,1.0000,13.7844,0.8009,0.2940,16.6632,16.6608,15.6172,0.0011,-1.0000
16.6675,1.0000,13.8011,0.8692,0.3270,16.6670,16.6402,15.8620,0.0008,-1.0000
16.6658,1.0000,13.8177,0.9522,0.3065,16.6543,16.6557,15.7098,0.0008,-1.0000
16.6665,1.0000,13.8344,0.7921,0.3537,16.7039,16.7378,15.7769,0.0009,-1.0000
16.6686,1.0000,13.8512,1.0427,0.3073,16.6647,16.6008,15.8294,0.0008,-1.0000
16.6655,1.0000,13.8676,0.7775,0.3594,16.6445,16.6411,15.3655,0.0008,-1.0000
16.6669,1.0000,13.8844,0.9452,0.3012,16.6597,16.6649,15.9603,0.0009,-1.0000
16.6668,1.0000,13.9010,0.9601,0.3229,16.7410,16.6414,15.6794,0.0007,-1.0000
16.6663,1.0000,13.9177,0.7708,0.3010,16.6059,16.6635,15.8307,0.0008,-1.0000
16.6676,1.0000,13.9345,1.2746,0.2731,16.6446,16.6669,15.8213,0.0011,-1.0000
16.6659,1.0000,13.9510,0.7042,0.2604,16.6692,16.6566,15.5762,0.0009,-1.0000
16.6671,1.0000,13.9677,0.9612,0.2675,16.6450,16.6710,15.9464,0.0009,-1.0000
16.6662,1.0000,13.9844,0.8321,0.3543,16.6671,16.6561,15.5730,0.0009,-1.0000
16.6665,1.0000,14.0010,0.8444,0.2817,16.6717,16.6806,15.7882,0.0009,-1.0000
16.6688,1.0000,14.0179,1.0796,0.2320,16.6601,16.7293,15.8966,0.0008,-1.0000
16.6647,1.0000,14.0344,0.7238,0.3714,16.6756,16.6201,15.4708,0.0011,-1.0000
16.6679,1.0000,14.0512,1.0825,0.4066,16.6597,16.6635,15.9124,0.0009,-1.0000
16.6658,1.0000,14.0677,0.8916,0.2696,16.6839,16.6579,15.4572,0.0011,-1.0000
16.6674,1.0000,14.0844,0.8319,0.2890,16.7339,16.6904,15.8540,0.0008,-1.0000
16.6673,1.0000,14.1012,1.1483,0.2755,16.6240,16.6377,15.7982,0.0010,-1.0000
16.6660,1.0000,14.1177,0.7504,0.4294,16.6685,16.6491,15.3474,0.0010,-1.0000
16.6667,1.0000,14.1345,1.1997,0.2706,16.6616,16.7211,15.7433,0.0010,-1.0000
16.6663,1.0000,14.1510,0.8357,0.2450,16.6941,16.5762,15.5412,0.0011,-1.0000
16.6666,1.0000,14.1676,0.8385,0.4171,16.6424,16.6627,15.7432,0.0008,-1.0000
16.6677,1.0000,14.1844,1.3006,0.4282,16.6543,16.6649,15.9547,0.0010,-1.0000
16.6654,1.0000,14.2010,0.9767,0.3028,16.7255,16.6543,15.6114,0.0008,-1.0000
16.6681,1.0000,14.2178,1.0339,0.2843,16.5801,16.6794,15.9263,0.0008,-1.0000
16.6663,1.0000,14.2344,0.9187,0.2355,16.6665,16.6513,15.6235,0.0008,-1.0000
16.6655,1.0000,14.2510,0.7092,0.3578,16.6695,16.7025,15.7823,0.0013,-1.0000
16.6683,1.0000,14.2677,1.0420,0.3921,16.6577,16.6289,15.9091,0.0008,-1.0000
16.6658,1.0000,14.2844,0.7524,0.2927,16.6844,16.6553,15.6961,0.0011,-1.0000
16.6675,1.0000,14.3011,1.0269,0.2818,16.6558,16.6707,15.8201,0.0010,-1.0000
16.6658,1.0000,14.3177,0.9192,0.2717,16.7056,16.6542,15.7202,0.0009,-1.0000
16.6670,1.0000,14.3344,0.7188,0.3693,16.6334,16.6626,15.8414,0.0007,-1.0000
16.6676,1.0000,14.3511,0.9580,0.3550,16.6592,16.6703,15.7887,0.0010,-1.0000
16.6656,1.0000,14.3676,0.8495,0.4086,16.6758,16.6542,15.5611,0.0008,-1.0000
16.6677,1.0000,14.3844,0.9330,0.2711,16.6586,16.6683,15.9272,0.0009,-1.0000
16.6658,1.0000,14.4010,0.8205,0.2880,16.6662,16.6577,15.7453,0.0008,-1.0000
16.6662,1.0000,14.4177,0.8806,0.2815,16.6751,16.6571,15.7875,0.0008,-1.0000
16.6681,1.0000,14.4344,1.0923,0.2811,16.6580,16.6736,15.9608,0.0008,-1.0000
16.6661,1.0000,14.4510,0.7400,0.3829,16.6732,16.6562,15.6607,0.0008,-1.0000
16.6677,1.0000,14.4677,0.9117,0.3703,16.6622,16.6702,15.8922,0.0011,-1.0000
16.6658,1.0000,14.4844,0.8689,0.2946,16.6602,16.6515,15.7727,0.0009,-1.0000
16.6664,1.0000,14.5010,0.7121,0.3982,16.6779,16.6635,15.8517,0.0010,-1.0000
16.6684,1.0000,14.5177,0.9947,0.2546,16.6597,16.6724,15.9170,0.0007,-1.0000
16.6650,1.0000,14.5344,0.7772,0.3540,16.6750,16.6964,15.6701,0.0008,-1.0000
16.6678,1.0000,14.5511,0.8779,0.4210,16.6556,16.6289,15.9103,0.0008,-1.0000
16.6662,1.0000,14.5676,0.8110,0.2824,16.6670,16.6573,15.7015,0.0010,-1.0000
16.6661,1.0000,14.5844,0.7546,0.2970,16.6775,16.7011,15.8522,0.0010,-1.0000
16.6675,1.0000,14.6011,1.0256,0.2794,16.6998,16.6256,15.8391,0.0007,-1.0000
16.6663,1.0000,14.6177,0.7176,0.6129,16.6330,16.6595,15.7210,0.0009,-1.0000
16.6684,1.0000,14.6344,0.9548,0.2933,16.6615,16.7185,15.9619,0.0008,-1.0000
16.6649,1.0000,14.6510,0.8478,0.2517,16.7049,16.6045,15.5449,0.0007,-1.0000
16.6674,1.0000,14.6676,0.7859,0.2730,16.6294,16.6697,15.8716,0.0009,-1.0000
16.6673,1.0000,14.6844,0.9376,0.2374,16.6628,16.6629,15.9155,0.0007,-1.0000
16.6670,1.0000,14.7011,0.7557,0.2957,16.7233,16.7054,15.6137,0.0010,-1.0000
16.6683,1.0000,14.7178,1.0591,0.3585,16.6084,16.6618,15.5737,0.0011,-1.0000
16.6644,1.0000,14.7344,0.7974,0.2952,16.6740,16.6434,15.5339,0.0008,-1.0000
16.6663,1.0000,14.7511,0.7466,0.2955,16.6680,16.6709,15.7566,0.0008,-1.0000
16.6674,1.0000,14.7678,1.0907,0.4509,16.7111,16.7026,15.8254,0.0008,-1.0000
16.6660,1.0000,14.7844,1.0870,0.3142,16.6683,16.6061,15.7077,0.0011,-1.0000
16.6678,1.0000,14.8011,1.1088,0.4038,16.6477,16.6703,15.8209,0.0010,-1.0000
16.6655,1.0000,14.8178,0.9134,0.2556,16.6749,16.7335,15.7365,0.0008,-1.0000
16.6669,1.0000,14.8344,0.8763,0.3616,16.7066,16.5879,15.8188,0.0008,-1.0000
16.6678,1.0000,14.8511,0.8973,0.3638,16.6099,16.6888,15.8583,0.0008,-1.0000
16.6653,1.0000,14.8677,0.8486,0.3240,16.6753,16.6609,15.5525,0.0010,-1.0000
16.6681,1.0000,14.8844,0.9962,0.2527,16.7374,16.6163,15.9019,0.0008,-1.0000
16.6656,1.0000,14.9011,0.7680,0.2390,16.5920,16.7186,15.6799,0.0009,-1.0000
16.6676,1.0000,14.9178,0.8299,0.3133,16.6937,16.6637,15.8245,0.0008,-1.0000
16.6668,1.0000,14.9344,1.1075,0.2307,16.6645,16.6370,15.7285,0.0009,-1.0000
16.6664,1.0000,14.9511,0.7138,0.3739,16.6212,16.6629,15.6156,0.0010,-1.0000
16.6691,1.0000,14.9678,1.0380,0.3555,16.7222,16.6913,15.7866,0.0010,-1.0000
16.6647,1.0000,14.9846,0.8384,0.3530,16.6683,16.6623,15.2458,0.0012,-1.0000
16.6664,1.0000,15.0011,0.9075,0.3174,16.6411,16.6472,15.5682,0.0008,-1.0000
16.6680,1.0000,15.0178,1.0464,0.2659,16.6665,16.6470,15.8531,0.0010,-1.0000
16.6648,1.0000,15.0343,0.9036,0.4819,16.6990,16.6400,15.5830,0.0009,-1.0000
16.6678,1.0000,15.0512,1.4151,0.2584,16.6678,16.7814,15.9195,0.0009,-1.0000
16.6663,1.0000,15.0677,1.0784,0.2405,16.6510,16.5447,15.4816,0.0010,-1.0000
16.6662,1.0000,15.0844,0.7929,0.2949,16.6519,16.6604,15.7824,0.0011,-1.0000
16.6677,1.0000,15.1011,1.0563,0.2599,16.6435,16.6731,15.8380,0.0008,-1.0000
16.6658,1.0000,15.1177,0.8611,0.2917,16.7860,16.6353,15.5479,0.0009,-1.0000
16.6676,1.0000,15.1344,1.0625,0.2992,16.5492,16.6729,15.9222,0.0009,-1.0000
16.6658,1.0000,15.1510,0.8770,0.3155,16.6640,16.6484,15.7262,0.0009,-1.0000
16.6671,1.0000,15.1676,0.8345,0.3315,16.6777,16.6708,15.9340,0.0009,-1.0000
16.6689,1.0000,15.1844,1.0864,0.2593,16.6387,16.6662,15.8894,0.0007,-1.0000
16.6644,1.0000,15.2010,0.7499,0.2750,16.6778,16.6551,15.5296,0.0009,-1.0000
16.6700,1.0000,15.2178,0.9213,0.2698,16.6521,16.7062,15.8292,0.0010,-1.0000
16.6644,1.0000,15.2345,0.7360,0.2857,16.6745,16.6964,15.4167,0.0012,-1.0000
16.6655,1.0000,15.2510,0.7757,0.3153,16.6713,16.5996,15.4370,0.0012,-1.0000
16.6673,1.0000,15.2677,1.1245,0.2798,16.6595,16.6703,16.0261,0.0009,-1.0000
16.6663,1.0000,15.2844,0.8759,0.5159,16.7125,16.6865,15.8794,0.0008,-1.0000
16.6671,1.0000,15.3011,1.2783,0.2951,16.7023,16.6807,15.8849,0.0008,-1.0000
16.6674,1.0000,15.3177,1.1613,0.2370,16.6043,16.6292,15.8244,0.0007,-1.0000
16.6657,1.0000,15.3344,0.6434,0.3518,16.6734,16.6697,15.7770,0.0010,-1.0000
16.6676,1.0000,15.3512,0.8063,0.3490,16.6895,16.7021,15.9022,0.0009,-1.0000
16.6660,1.0000,15.3676,0.7951,0.4081,16.6844,16.5868,15.5254,0.0008,-1.0000
16.6669,1.0000,15.3844,0.8042,0.3600,16.6334,16.6629,15.9029,0.0010,-1.0000
16.6668,1.0000,15.4010,0.8919,0.2519,16.6731,16.6604,15.8265,0.0008,-1.0000
16.6662,1.0000,15.4177,0.7990,0.2990,16.7064,16.6598,15.6545,0.0008,-1.0000
16.6685,1.0000,15.4345,1.0607,0.2601,16.5902,16.6773,15.9287,0.0008,-1.0000
16.6649,1.0000,15.4510,0.7589,0.3367,16.6673,16.6445,15.6093,0.0009,-1.0000
16.6667,1.0000,15.4677,0.8334,0.2896,16.6646,16.7095,15.9631,0.0009,-1.0000
16.6674,1.0000,15.4844,1.0046,0.2440,16.6636,16.6213,15.8681,0.0009,-1.0000
16.6659,1.0000,15.5010,0.7479,0.2908,16.6831,16.6553,15.5618,0.0010,-1.0000
16.6689,1.0000,15.5178,1.0343,0.2619,16.6483,16.6776,15.9652,0.0011,-1.0000
16.6646,1.0000,15.5343,0.7457,0.2820,16.7134,16.6493,15.4892,0.0008,-1.0000
16.6679,1.0000,15.5511,0.7524,0.2985,16.6260,16.6734,15.9057,0.0009,-1.0000
16.6673,1.0000,15.5677,1.0924,0.2232,16.6589,16.6609,15.7519,0.0010,-1.0000
16.6650,1.0000,15.5844,0.7115,0.4035,16.6832,16.6528,15.6948,0.0011,-1.0000
16.6679,1.0000,15.6011,1.1593,0.3683,16.6530,16.6732,15.9126,0.0009,-1.0000
16.6655,1.0000,15.6177,0.7670,0.2539,16.6777,16.6528,15.4775,0.0010,-1.0000
16.6669,1.0000,15.6344,0.9078,0.3901,16.6660,16.6680,15.9116,0.0009,-1.0000
16.6670,1.0000,15.6510,0.9570,0.3427,16.6564,16.6619,15.8354,0.0008,-1.0000
16.6662,1.0000,15.6676,0.7600,0.3080,16.6776,16.6583,15.6964,0.0009,-1.0000
16.6688,1.0000,15.6844,1.1744,0.3488,16.6562,16.6736,16.0386,0.0007,-1.0000
16.6649,1.0000,15.7010,0.7556,0.3299,16.6715,16.6543,15.4940,0.0007,-1.0000
16.6683,1.0000,15.7177,0.8259,0.2748,16.6661,16.6725,15.8699,0.0010,-1.0000
16.6653,1.0000,15.7344,0.9610,0.2400,16.6616,16.6556,15.7915,0.0007,-1.0000
16.6666,1.0000,15.7510,0.6345,0.2954,16.6780,16.7008,15.7203,0.0008,-1.0000
16.6675,1.0000,15.7677,1.1597,0.3583,16.6579,16.6268,15.7996,0.0008,-1.0000
16.6657,1.0000,15.7843,0.8015,0.2700,16.6772,16.6545,15.7899,0.0008,-1.0000
16.6676,1.0000,15.8011,0.8635,0.2819,16.6607,16.7164,15.9293,0.0008,-1.0000
16.6663,1.0000,15.8177,0.9798,0.2475,16.7039,16.6187,15.6564,0.0008,-1.0000
16.6663,1.0000,15.8344,0.8266,0.2690,16.6307,16.6560,15.7356,0.0009,-1.0000
16.6670,1.0000,15.8511,0.8641,0.2401,16.6577,16.7094,15.8824,0.0010,-1.0000
16.6678,1.0000,15.8677,0.7864,0.3315,16.7207,16.6262,15.6357,0.0008,-1.0000
16.6655,1.0000,15.8844,0.9615,0.3699,16.6229,16.6499,15.7321,0.0010,-1.0000
16.6677,1.0000,15.9012,0.9197,0.2625,16.6600,16.6726,15.9274,0.0008,-1.0000
16.6659,1.0000,15.9178,0.8261,0.3169,16.7135,16.6982,15.5003,0.0009,-1.0000
16.6671,1.0000,15.9344,0.9899,0.3719,16.6309,16.6594,15.7268,0.0010,-1.0000
16.6672,1.0000,15.9511,0.9169,0.2736,16.6540,16.6700,15.6319,0.0008,-1.0000
16.6654,1.0000,15.9676,0.7447,0.3141,16.6782,16.6438,15.6086,0.0008,-1.0000
16.6684,1.0000,15.9845,1.1968,0.2831,16.7026,16.7087,15.9402,0.0009,-1.0000
16.6652,1.0000,16.0010,0.9317,0.3272,16.6639,16.6110,15.5117,0.0009,-1.0000
16.6669,1.0000,16.0178,1.0375,0.2835,16.6752,16.6618,15.8649,0.0009,-1.0000
16.6680,1.0000,16.0345,1.0346,0.2390,16.6476,16.7695,15.7358,0.0008,-1.0000
16.6656,1.0000,16.0510,0.7677,0.2895,16.7136,16.5613,15.5188,0.0012,-1.0000
16.6668,1.0000,16.0677,1.0984,0.2489,16.6144,16.6779,15.8638,0.0010,-1.0000
16.6664,1.0000,16.0844,0.7960,0.2532,16.6655,16.6727,15.7227,0.0007,-1.0000
16.6670,1.0000,16.1011,1.0331,0.3116,16.7742,16.6077,15.7963,0.0009,-1.0000
16.6669,1.0000,16.1178,1.0414,0.2650,16.5652,16.7202,15.7901,0.0007,-1.0000
16.6658,1.0000,16.1344,0.8131,0.3719,16.6833,16.6457,15.6563,0.0010,-1.0000
16.6671,1.0000,16.1511,0.9494,0.3882,16.6763,16.6613,15.8752,0.0009,-1.0000
16.6664,1.0000,16.1676,0.8105,0.3242,16.6116,16.6511,15.7463,0.0008,-1.0000
16.6668,1.0000,16.1844,0.9295,0.2993,16.7246,16.6603,15.9403,0.0009,-1.0000
16.6676,1.0000,16.2011,0.9885,0.2337,16.6495,16.6896,15.7991,0.0008,-1.0000
16.6662,1.0000,16.2177,0.7854,0.4256,16.6655,16.6805,15.6149,0.0010,-1.0000
16.6673,1.0000,16.2345,0.9043,0.2420,16.6550,16.6574,15.8516,0.0009,-1.0000
16.6659,1.0000,16.2511,0.7192,0.3065,16.6640,16.6223,15.4214,0.0013,-1.0000
16.6668,1.0000,16.2678,0.8896,0.2844,16.6945,16.7428,15.7726,0.0011,-1.0000
16.6675,1.0000,16.2844,1.0652,0.2843,16.6887,16.5730,15.7594,0.0007,-1.0000
16.6658,1.0000,16.3010,0.8049,0.3502,16.6627,16.6547,15.6701,0.0009,-1.0000
16.6676,1.0000,16.3178,1.1997,0.3463,16.6264,16.6748,15.9229,0.0012,-1.0000
16.6658,1.0000,16.3343,0.9693,0.2568,16.7472,16.6355,15.6375,0.0007,-1.0000
16.6667,1.0000,16.3511,0.8128,0.2595,16.5774,16.6631,15.9250,0.0008,-1.0000
16.6673,1.0000,16.3676,0.9838,0.2797,16.6580,16.6643,15.7837,0.0007,-1.0000
16.6662,1.0000,16.3843,0.7508,0.3042,16.6789,16.6600,15.8692,0.0008,-1.0000
16.6685,1.0000,16.4011,0.9974,0.2515,16.6385,16.6736,15.9616,0.0009,-1.0000
16.6650,1.0000,16.4177,0.7373,0.3787,16.6669,16.6520,15.6084,0.0007,-1.0000
16.6671,1.0000,16.4344,0.8796,0.3511,16.6682,16.6835,15.8729,0.0009,-1.0000
16.6673,1.0000,16.4511,0.7902,0.2468,16.6634,16.7245,15.7285,0.0009,-1.0000
16.6659,1.0000,16.4676,0.7111,0.3786,16.6784,16.6081,15.6287,0.0009,-1.0000
16.6677,1.0000,16.4845,1.0430,0.2711,16.6556,16.6820,15.9389,0.0009,-1.0000
16.6660,1.0000,16.5010,0.8097,0.3498,16.6875,16.6512,15.5256,0.0008,-1.0000
16.6674,1.0000,16.5178,0.9953,0.2811,16.7291,16.6939,15.8809,0.0010,-1.0000
16.6660,1.0000,16.5344,0.9784,0.2332,16.6113,16.6354,15.5707,0.0007,-1.0000
16.6668,1.0000,16.5510,0.7423,0.2970,16.6868,16.6508,15.7915,0.0008,-1.0000
16.6682,1.0000,16.5678,1.1248,0.3304,16.6549,16.7681,15.8886,0.0009,-1.0000
16.6650,1.0000,16.5843,0.8119,0.2810,16.6984,16.5272,15.4408,0.0011,-1.0000
16.6678,1.0000,16.6011,1.0639,0.3888,16.6390,16.6720,15.9548,0.0009,-1.0000
16.6664,1.0000,16.6177,0.8586,0.2367,16.6542,16.6594,15.6382,0.0011,-1.0000
16.6660,1.0000,16.6343,0.8785,0.3015,16.7733,16.6627,15.7616,0.0009,-1.0000
16.6676,1.0000,16.6510,1.0852,0.3667,16.5312,16.6652,15.9855,0.0008,-1.0000
16.6660,1.0000,16.6676,0.7162,0.3087,16.6764,16.6581,15.7905,0.0007,-1.0000
16.6672,1.0000,16.6845,1.0201,0.2878,16.6632,16.7070,15.9749,0.0009,-1.0000
16.6681,1.0000,16.7010,0.9002,0.2389,16.6660,16.6188,15.5936,0.0008,-1.0000
16.6691,1.0000,16.7178,0.6790,0.3650,16.6705,16.6747,15.9148,0.0009,-1.0000
16.6675,1.0000,16.7345,0.8670,0.2724,16.6621,16.6742,15.6417,0.0011,-1.0000
16.6644,1.0000,16.7511,0.7312,0.2653,16.7115,16.6350,15.3675,0.0013,-1.0000
16.6663,1.0000,16.7677,1.0245,0.3498,16.6221,16.6618,15.6668,0.0010,-1.0000
16.6669,1.0000,16.7844,0.7590,0.2948,16.6809,16.6638,15.7273,0.0010,-1.0000
16.6662,1.0000,16.8010,1.0313,0.3486,16.6833,16.6552,15.7175,0.0012,-1.0000
16.6672,1.0000,16.8177,1.2662,0.3015,16.6405,16.6709,15.9281,0.0011,-1.0000
16.6663,1.0000,16.8344,0.9942,0.2738,16.6664,16.6558,15.7297,0.0016,-1.0000
16.6783,1.0000,16.8510,0.9356,0.2790,16.6684,16.6777,15.8803,0.0010,-1.0000
16.6678,1.0000,16.8677,0.9367,0.2563,16.6590,16.6696,15.8873,0.0008,-1.0000
16.6654,1.0000,16.8844,0.7418,0.2982,16.6752,16.6505,15.7445,0.0009,-1.0000
16.6667,1.0000,16.9011,0.9244,0.2553,16.6591,16.6644,15.9261,0.0010,-1.0000
16.6668,1.0000,16.9177,0.7966,0.2499,16.6817,16.6658,15.5381,0.0008,-1.0000
16.6669,1.0000,16.9344,0.7816,0.3624,16.6751,16.6652,15.8672,0.0010,-1.0000
16.6676,1.0000,16.9511,0.9051,0.2629,16.6545,16.6668,15.6861,0.0011,-1.0000
16.6657,1.0000,16.9677,0.7373,0.3033,16.6692,16.7014,15.6343,0.0013,-1.0000
16.6680,1.0000,16.9844,1.1268,0.2476,16.6692,16.6170,15.9587,0.0011,-1.0000
16.6655,1.0000,17.0010,0.7969,0.2577,16.6699,16.6569,15.7316,0.0007,-1.0000
16.6672,1.0000,17.0178,0.9798,0.2919,16.6724,16.7124,15.8766,0.0011,-1.0000
16.6665,1.0000,17.0344,1.0660,0.2613,16.7053,16.6171,15.5849,0.0012,-1.0000
16.6664,1.0000,17.0510,0.6569,0.3171,16.6229,16.6562,15.6030,0.0010,-1.0000
16.6668,1.0000,17.0678,0.9247,0.2641,16.6612,16.7127,15.9235,0.0011,-1.0000
16.6666,1.0000,17.0844,0.8350,0.2601,16.7165,16.6130,15.4344,0.0007,-1.0000
16.6673,1.0000,17.1011,1.0311,0.2865,16.6216,16.6668,15.6902,0.0010,-1.0000
16.6667,1.0000,17.1177,1.0521,0.2407,16.6606,16.6613,15.7297,0.0011,-1.0000
16.6664,1.0000,17.1344,0.7881,0.3265,16.7177,16.6973,15.6224,0.0011,-1.0000
16.6698,1.0000,17.1512,1.1778,0.3061,16.6170,16.6962,15.8885,0.0010,-1.0000
16.6643,1.0000,17.1677,0.9755,0.2430,16.6719,16.6239,15.5485,0.0011,-1.0000
16.6665,1.0000,17.1844,0.9304,0.2766,16.6665,16.6611,15.8203,0.0012,-1.0000
16.6675,1.0000,17.2012,1.0738,0.2519,16.7010,16.7032,15.8033,0.0009,-1.0000
16.6660,1.0000,17.2177,0.8066,0.3025,16.7024,16.6225,15.4940,0.0010,-1.0000
16.6670,1.0000,17.2344,1.0746,0.3688,16.6279,16.6580,15.7655,0.0009,-1.0000
16.6667,1.0000,17.2512,0.8398,0.2497,16.6646,16.7559,15.7309,0.0007,-1.0000
16.6669,1.0000,17.2677,0.8995,0.2875,16.7071,16.5767,15.6507,0.0010,-1.0000
16.6669,1.0000,17.2845,1.1280,0.2744,16.6261,16.6713,15.8736,0.0008,-1.0000
16.6663,1.0000,17.3011,0.8914,0.4722,16.6629,16.6862,15.6603,0.0011,-1.0000
16.6665,1.0000,17.3178,1.0243,0.2691,16.7601,16.5997,15.7823,0.0011,-1.0000
16.6667,1.0000,17.3344,0.9251,0.3367,16.5813,16.6983,15.7658,0.0008,-1.0000
16.6671,1.0000,17.3511,0.7969,0.2777,16.6758,16.6741,15.9212,0.0009,-1.0000
16.6671,1.0000,17.3677,1.0250,0.2626,16.6896,16.6379,15.5357,0.0010,-1.0000
16.6657,1.0000,17.3845,0.8164,0.2631,16.6050,16.6709,15.8184,0.0010,-1.0000
16.6678,1.0000,17.4012,0.9316,0.3546,16.7026,16.6778,15.7661,0.0011,-1.0000
16.6659,1.0000,17.4178,0.7520,0.2554,16.6781,16.6349,15.6020,0.0008,-1.0000
16.6666,1.0000,17.4344,1.1012,0.3606,16.6423,16.6706,15.7645,0.0012,-1.0000
16.6674,1.0000,17.4512,0.8515,0.2775,16.6745,16.6979,15.6961,0.0008,-1.0000
16.6661,1.0000,17.4677,0.9108,0.3114,16.6837,16.6241,15.6487,0.0010,-1.0000
16.6672,1.0000,17.4845,1.0322,0.3211,16.6384,16.6658,15.8973,0.0010,-1.0000
16.6659,1.0000,17.5011,0.9050,0.2694,16.6748,16.7444,15.4939,0.0010,-1.0000
16.6672,1.0000,17.5178,1.0010,0.2902,16.7019,16.5693,15.7485,0.0011,-1.0000
16.6669,1.0000,17.5345,0.9746,0.2405,16.6277,16.6811,15.5116,0.0012,-1.0000
16.6662,1.0000,17.5511,0.7675,0.2987,16.6705,16.6293,15.5743,0.0012,-1.0000
16.6683,1.0000,17.5677,1.2497,0.2886,16.7478,16.6603,15.7767,0.0011,-1.0000
16.6658,1.0000,17.5844,0.8197,0.2716,16.5738,16.6560,15.6058,0.0010,-1.0000
16.6661,1.0000,17.6010,1.1685,0.2876,16.6854,16.6564,15.6270,0.0013,-1.0000
16.6674,1.0000,17.6178,1.0538,0.2389,16.6330,16.6720,15.8604,0.0008,-1.0000
16.6663,1.0000,17.6350,0.8825,0.2965,16.6656,16.6534,15.6335,0.0009,-1.0000
16.6674,1.0000,17.6512,1.0493,0.2873,16.6610,16.6732,15.2354,0.0013,-1.0000
16.6658,1.0000,17.6677,1.0282,0.2410,16.6610,16.6721,15.5451,0.0010,-1.0000
16.6666,1.0000,17.6844,0.8110,0.2843,16.6771,16.6773,15.9036,0.0011,-1.0000
16.6678,1.0000,17.7011,1.0189,0.2786,16.6579,16.6751,15.8423,0.0009,-1.0000
16.6663,1.0000,17.7177,1.4364,0.3994,16.6792,16.6407,15.6288,0.0012,-1.0000
16.6671,1.0000,17.7345,1.1262,0.3767,16.6768,16.6867,15.8587,0.0009,-1.0000
16.6658,1.0000,17.7511,0.7726,0.2859,16.6806,16.6717,15.6410,0.0010,-1.0000
16.6668,1.0000,17.7677,0.8319,0.2899,16.6797,16.6230,15.7812,0.0011,-1.0000
16.6675,1.0000,17.7845,1.0107,0.2707,16.6443,16.6809,15.9157,0.0009,-1.0000
16.6663,1.0000,17.8011,0.8271,0.2833,16.6909,16.6961,15.6040,0.0009,-1.0000
16.6660,1.0000,17.8177,1.0299,0.3370,16.6754,16.5919,15.7275,0.0012,-1.0000
16.6671,1.0000,17.8344,0.8407,0.3929,16.6265,16.6641,15.9707,0.0008,-1.0000
16.6664,1.0000,17.8511,0.7642,0.3399,16.6855,16.6884,15.9310,0.0010,-1.0000
16.6672,1.0000,17.8677,1.0913,0.2556,16.6998,16.6427,15.6458,0.0012,-1.0000
16.6671,1.0000,17.8844,0.8632,0.2906,16.5954,16.6596,15.7855,0.0009,-1.0000
16.6708,1.0000,17.9012,0.6926,0.2373,16.6673,16.6879,15.8039,0.0011,-1.0000
16.6671,1.0000,17.9179,0.7566,0.2185,16.6923,16.7104,15.2735,0.0013,-1.0000
16.6659,1.0000,17.9345,0.9957,0.2829,16.6475,16.5975,15.1214,0.0013,-1.0000
16.6651,1.0000,17.9512,0.8733,0.2521,16.6635,16.6760,15.5136,0.0013,-1.0000
16.6671,1.0000,17.9678,0.8828,0.3719,16.6960,16.6409,15.5283,0.0009,-1.0000
16.6645,1.0000,17.9845,1.4357,0.4294,16.7190,16.6442,15.5366,0.0009,-1.0000
16.6676,1.0000,18.0012,1.4747,0.3737,16.6057,16.6726,15.5890,0.0010,-1.0000
16.6887,1.0000,18.0178,1.1612,0.2709,16.6824,16.6736,15.4934,0.0012,-1.0000
16.6662,1.0000,18.0344,1.1117,0.3807,16.6485,16.6595,15.6192,0.0009,-1.0000
16.6686,1.0000,18.0512,1.1067,0.2904,16.6492,16.6737,15.8439,0.0009,-1.0000
16.6657,1.0000,18.0677,1.0825,0.2710,16.6778,16.6563,15.5682,0.0012,-1.0000
16.6669,1.0000,18.0844,1.1792,0.2569,16.6787,16.6649,15.7741,0.0010,-1.0000
16.6927,1.0000,18.1013,1.0393,0.2315,16.6629,16.6983,15.9384,0.0009,-1.0000
16.6642,1.0000,18.1178,0.8292,0.2857,16.6786,16.6476,15.4431,0.0016,-1.0000
16.6672,1.0000,18.1345,1.0870,0.2615,16.6609,16.6676,15.6896,0.0011,-1.0000
16.6690,1.0000,18.1512,0.8900,0.2931,16.6686,16.6679,15.3882,0.0013,-1.0000
16.6655,1.0000,18.1678,0.7594,0.2934,16.7042,16.6543,15.3891,0.0013,-1.0000
16.6661,1.0000,18.1846,1.2030,0.2823,16.6535,16.6547,15.6446,0.0009,-1.0000
16.6682,1.0000,18.2013,0.9768,0.2739,16.6728,16.7256,15.4879,0.0012,-1.0000
16.6672,1.0000,18.2180,1.2782,0.3017,16.6753,16.6545,15.3647,0.0012,-1.0000
16.6669,1.0000,18.2346,1.2642,0.2789,16.6608,16.6131,15.1204,0.0011,-1.0000
16.6676,1.0000,18.2514,1.0091,0.2675,16.6610,16.7052,15.4785,0.0011,-1.0000
16.6662,1.0000,18.2678,1.2363,0.3066,16.7325,16.6042,15.2095,0.0011,-1.0000
16.6672,1.0000,18.2846,1.2885,0.3086,16.6631,16.6661,15.5152,0.0011,-1.0000
16.6650,1.0000,18.3027,1.4916,0.3240,16.6233,18.1120,15.3545,0.0012,-1.0000
16.6674,1.0000,18.3179,1.2258,0.3756,16.7148,15.1953,13.9975,0.0015,-1.0000
16.6662,1.0000,18.3346,1.3935,0.3195,16.6124,16.6617,15.4926,0.0011,-1.0000
16.6644,1.0000,18.3511,1.1498,0.3106,16.6755,16.6398,15.5144,0.0008,-1.0000
16.6667,1.0000,18.3677,2.7568,0.2879,18.1198,16.7020,15.8591,0.0012,-1.0000
16.6688,1.0000,18.3846,1.1962,0.3689,15.2018,16.7055,15.7746,0.0009,-1.0000
16.6647,1.0000,18.4011,1.1679,0.2749,16.6688,16.6096,15.4880,0.0011,-1.0000
16.6681,1.0000,18.4179,1.1247,0.2965,16.6453,16.7185,15.8425,0.0013,-1.0000
16.6657,1.0000,18.4345,0.8418,0.2678,16.7064,16.6448,15.4763,0.0010,-1.0000
16.6670,1.0000,18.4511,0.9300,0.2790,16.7111,16.6306,15.5929,0.0011,-1.0000
16.6686,1.0000,18.4679,1.1206,0.2600,16.6134,16.6733,15.7804,0.0010,-1.0000
16.6645,1.0000,18.4846,0.8748,0.2493,16.7239,16.7053,15.4400,0.0010,-1.0000
16.6671,1.0000,18.5011,1.1675,0.2262,16.6494,16.6014,15.7359,0.0010,-1.0000
16.6672,1.0000,18.5179,1.0365,0.2905,16.6338,16.6901,15.6838,0.0008,-1.0000
16.6657,1.0000,18.5345,0.8920,0.3735,16.6793,16.6636,15.4898,0.0010,-1.0000
16.6674,1.0000,18.5512,1.2644,0.2495,16.7094,16.6093,15.6636,0.0011,-1.0000
16.6690,1.0000,18.5679,0.8646,0.2961,16.6051,16.7272,15.5564,0.0011,-1.0000
16.6659,1.0000,18.5846,1.0054,0.2512,16.6958,16.6480,15.4109,0.0010,-1.0000
16.6687,1.0000,18.6013,1.1728,0.2270,16.6681,16.6765,15.4924,0.0014,-1.0000
16.6654,1.0000,18.6180,0.9448,0.3018,16.6138,16.6477,15.3321,0.0012,-1.0000
16.6643,1.0000,18.6345,1.1697,0.2942,16.7341,16.6305,15.2386,0.0009,-1.0000
16.6705,1.0000,18.6513,1.2361,0.2934,16.6543,16.6995,15.7356,0.0007,-1.0000
16.6663,1.0000,18.6679,1.1828,0.3271,16.6840,16.6739,15.4200,0.0011,-1.0000
16.6667,1.0000,18.6846,1.3143,0.2791,16.6547,16.6255,15.2865,0.0012,-1.0000
16.6677,1.0000,18.7013,1.3912,0.2732,16.6353,16.6538,15.4170,0.0012,-1.0000
16.6671,1.0000,18.7181,0.9632,0.3315,16.7059,16.7585,15.3789,0.0012,-1.0000
16.6655,1.0000,18.7348,1.2526,0.3812,16.6821,16.5400,15.0416,0.0012,-1.0000
16.6680,1.0000,18.7513,1.3378,0.3506,16.6332,16.6844,15.1628,0.0011,-1.0000
16.6944,1.0000,18.7679,1.2356,0.5712,16.6621,16.6752,15.2172,0.0015,-1.0000
16.6637,1.0000,18.7846,1.3784,0.3363,16.7675,16.6194,15.5221,0.0009,-1.0000
16.6671,1.0000,18.8012,1.4972,0.5207,16.5485,16.6582,15.6233,0.0010,-1.0000
16.6675,1.0000,18.8179,1.5205,0.4815,16.6937,16.6656,15.6045,0.0011,-1.0000
16.6668,1.0000,18.8346,1.4566,0.3615,16.6850,16.6621,15.6026,0.0008,-1.0000
16.6689,1.0000,18.8513,1.0965,0.3326,16.6258,16.6691,15.5264,0.0009,-1.0000
16.6657,1.0000,18.8679,1.0337,0.3819,16.6638,16.6525,15.1505,0.0012,-1.0000
16.6663,1.0000,18.8846,1.0603,0.3636,16.6720,16.6898,15.3813,0.0015,-1.0000
16.6688,1.0000,18.9014,1.0586,0.3667,16.6672,16.6965,15.3744,0.0012,-1.0000
16.6669,1.0000,18.9181,1.1419,0.6051,16.6762,16.6420,15.2078,0.0013,-1.0000
16.6678,1.0000,18.9348,1.5004,0.4323,16.6600,16.6805,15.2102,0.0015,-1.0000
16.6664,1.0000,18.9514,1.3071,0.4192,16.6968,16.6500,14.6554,0.0015,-1.0000
16.6678,1.0000,18.9680,1.3209,0.4568,16.7055,16.7014,15.0425,0.0010,-1.0000
16.6661,1.0000,18.9847,1.4327,0.4216,16.6515,16.6015,14.8146,0.0013,-1.0000
16.6672,1.0000,19.0014,1.4688,0.7857,16.6919,16.6589,14.9901,0.0013,-1.0000
16.7137,1.0000,19.0182,1.9935,0.4962,16.6616,16.7640,14.9071,0.0012,-1.0000
16.6657,1.0000,19.0347,1.6579,0.7999,16.7141,16.5351,14.8425,0.0012,-1.0000
16.6673,1.0000,19.0514,1.7851,0.5224,16.6132,16.6709,15.0123,0.0012,-1.0000
16.6666,1.0000,19.0680,1.6675,0.7420,16.6710,16.6400,14.8159,0.0017,-1.0000
16.6666,1.0000,19.0847,1.8553,0.5190,16.7753,16.6602,15.2923,0.0011,-1.0000
16.6677,1.0000,19.1014,1.6911,0.5505,16.5474,16.6595,15.1841,0.0013,-1.0000
16.6666,1.0000,19.1181,1.6573,0.5345,16.6825,16.6484,15.0775,0.0014,-1.0000
16.6655,1.0000,19.1349,1.8223,0.7634,16.6518,16.7940,15.1474,0.0014,-1.0000
74.2777,1.0000,19.2091,1.3666,0.5431,16.6713,74.1283,15.0474,0.0012,-1.0000
4.4904,1.0000,19.2134,1.4738,0.4971,16.6723,4.4759,0.0018,0.0013,-1.0000
13.7332,1.0000,19.2271,1.5694,0.9904,16.6597,13.7265,12.4340,0.0012,-1.0000
16.6667,1.0000,19.2439,1.6452,0.6055,16.8061,16.6574,15.2337,0.0012,-1.0000
16.6669,1.0000,19.2606,59.0799,0.4683,74.1400,16.6587,15.2331,0.0010,-1.0000
16.6665,1.0000,19.2772,4.4730,1.2000,4.4833,16.6629,15.1570,0.0012,-1.0000
16.6668,1.0000,19.2939,1.2913,0.5168,13.7358,16.6704,15.2060,0.0012,-1.0000
16.6672,1.0000,19.3105,1.4226,0.4879,16.6675,16.6433,15.1164,0.0012,-1.0000
16.6671,1.0000,19.3272,1.4243,0.5803,16.6698,16.6474,15.2609,0.0011,-1.0000
16.6661,1.0000,19.3439,1.5046,0.5262,16.6738,16.6518,15.1140,0.0015,-1.0000
16.6669,1.0000,19.3609,1.4630,0.4832,16.6817,16.6557,15.1410,0.0012,-1.0000
16.6675,1.0000,19.3773,1.5250,0.5478,16.6538,16.6571,14.8398,0.0013,-1.0000
16.6666,1.0000,19.3939,1.3850,0.7203,16.6605,16.6577,15.0708,0.0011,-1.0000
16.6658,1.0000,19.4105,1.5362,0.4354,16.6639,16.6554,15.2064,0.0012,-1.0000
16.6682,1.0000,19.4272,1.5133,1.0225,16.6662,16.6510,15.2515,0.0010,-1.0000
16.6645,1.0000,19.4439,1.8157,0.5253,16.6693,16.6503,15.1781,0.0011,-1.0000
16.6684,1.0000,19.4606,1.5852,0.4914,16.6691,16.7164,15.2170,0.0011,-1.0000
16.6673,1.0000,19.4772,1.4475,0.5627,16.6660,16.6121,15.1147,0.0014,-1.0000
16.6663,1.0000,19.4939,1.3980,0.5540,16.6622,16.6482,15.1241,0.0014,-1.0000
16.6668,1.0000,19.5122,1.4708,0.7869,16.6613,18.3416,15.1720,0.0015,-1.0000
16.6656,1.0000,19.5272,1.4980,0.5647,16.7274,14.9602,13.4981,0.0013,-1.0000
16.6673,1.0000,19.5439,1.4956,0.4968,16.6237,16.6548,15.1855,0.0012,-1.0000
16.6665,1.0000,19.5606,1.5224,0.6964,16.6611,16.7081,15.1897,0.0013,-1.0000
16.6687,1.0000,19.5772,3.1682,0.5402,18.3534,16.6093,15.1908,0.0012,-1.0000
16.6653,1.0000,19.5939,1.4609,0.4878,14.9716,16.6664,15.0888,0.0015,-1.0000
16.6667,1.0000,19.6107,1.4673,0.4693,16.6655,16.9097,15.1465,0.0011,-1.0000
16.6670,1.0000,19.6273,1.5170,0.5387,16.7184,16.4642,14.9608,0.0013,-1.0000
16.6674,1.0000,19.6440,1.4171,0.4413,16.6204,16.6379,15.0605,0.0011,-1.0000
16.6676,1.0000,19.6606,1.5761,0.5218,16.6793,16.6637,14.9521,0.0017,-1.0000
16.6646,1.0000,19.6773,1.7618,0.5412,16.9217,16.6520,15.0988,0.0016,-1.0000
16.6682,1.0000,19.6940,1.5018,0.4965,16.4756,16.6799,15.1290,0.0010,-1.0000
16.6670,1.0000,19.7106,1.5766,0.4910,16.6505,16.6462,15.1094,0.0011,-1.0000
16.6651,1.0000,19.7273,1.7101,0.5138,16.6757,16.6583,14.9523,0.0063,-1.0000
16.6673,1.0000,19.7440,1.5516,0.4988,16.6643,16.7203,15.0429,0.0014,-1.0000
16.6663,1.0000,19.7606,1.5504,0.5977,16.6912,16.5495,15.0598,0.0013,-1.0000
16.6677,1.0000,19.7773,1.5355,0.5606,16.6583,16.6794,15.0831,0.0011,-1.0000
16.6656,1.0000,19.7941,1.6996,0.4775,16.6709,16.6767,15.0475,0.0012,-1.0000
16.6673,1.0000,19.8105,1.6759,0.8047,16.7342,16.5599,15.0160,0.0010,-1.0000
16.6668,1.0000,19.8273,1.4883,0.4464,16.5609,16.6983,15.2578,0.0016,-1.0000
16.6664,1.0000,19.8440,1.5949,0.8170,16.6898,16.6889,15.1479,0.0010,-1.0000
16.6670,1.0000,19.8606,1.6281,0.7526,16.6889,16.6545,15.0665,0.0011,-1.0000
16.6669,1.0000,19.8773,1.5426,0.5264,16.5712,16.6387,15.0433,0.0011,-1.0000
16.6660,1.0000,19.8939,1.4388,0.7434,16.7097,16.6583,15.1135,0.0015,-1.0000
16.6677,1.0000,19.9105,1.5397,0.5550,16.6991,16.6608,15.1876,0.0012,-1.0000
16.6668,1.0000,19.9273,1.5863,0.4993,16.6654,16.6833,15.2379,0.0014,-1.0000
16.6655,1.0000,19.9440,1.5945,0.5605,16.6510,16.6010,15.0895,0.0011,-1.0000
16.6677,1.0000,19.9607,1.5433,0.4194,16.6694,16.6756,15.0145,0.0011,-1.0000
16.6660,1.0000,19.9774,1.4719,0.6836,16.6720,16.7887,15.0295,0.0014,-1.0000
16.6663,1.0000,19.9939,1.4444,0.5638,16.6953,16.4939,14.9874,0.0013,-1.0000
16.6678,1.0000,20.0105,1.5104,0.5602,16.6119,16.6692,15.1557,0.0010,-1.0000
16.6656,1.0000,20.0272,1.6598,0.5237,16.6879,16.6424,15.0864,0.0016,-1.0000
16.6687,1.0000,20.0440,1.7581,0.5279,16.8002,16.6303,15.3000,0.0011,-1.0000
16.6652,1.0000,20.0606,1.5054,0.4966,16.5045,16.6509,14.9766,0.0013,-1.0000
16.6667,1.0000,20.0774,1.5126,0.4266,16.6790,16.6542,15.2413,0.0013,-1.0000
16.6683,1.0000,20.0939,1.5545,0.4404,16.6520,16.6605,14.9348,0.0012,-1.0000
16.6652,1.0000,20.1105,1.3291,0.5117,16.6418,16.6482,15.1344,0.0012,-1.0000
16.6668,1.0000,20.1272,1.6729,0.4191,16.6619,16.6576,15.3526,0.0009,-1.0000
16.6671,1.0000,20.1439,1.4119,0.5605,16.6639,16.6855,15.2559,0.0011,-1.0000
16.6658,1.0000,20.1606,1.7243,0.4784,16.6703,16.6967,15.2689,0.0014,-1.0000
16.6645,1.0000,20.1772,1.5125,0.4943,16.6597,16.6281,15.1461,0.0011,-1.0000
16.6671,1.0000,20.1939,1.3039,0.4779,16.6678,16.6715,15.4007,0.0011,-1.0000
16.6675,1.0000,20.2105,1.4284,0.4248,16.6946,16.6575,15.4151,0.0014,-1.0000
16.6681,1.0000,20.2273,1.4264,0.4647,16.7058,16.7110,15.2623,0.0010,-1.0000
16.6681,1.0000,20.2439,1.4809,0.4006,16.6355,16.6100,15.2762,0.0010,-1.0000
16.6663,1.0000,20.2606,1.2699,0.3528,16.6775,16.6612,15.3191,0.0008,-1.0000
16.6667,1.0000,20.2773,1.2411,0.5230,16.6646,16.7025,15.0533,0.0013,-1.0000
16.6652,1.0000,20.2938,1.4477,0.4574,16.7203,16.5518,15.1261,0.0013,-1.0000
16.6681,1.0000,20.3105,1.3325,0.4371,16.6189,16.6633,15.3495,0.0013,-1.0000
16.6671,1.0000,20.3272,1.3411,0.3982,16.6732,16.6528,15.3376,0.0010,-1.0000
16.6656,1.0000,20.3438,1.6478,0.4077,16.7138,16.6551,15.0630,0.0014,-1.0000
16.6638,1.0000,20.3604,1.4246,0.3627,16.5606,16.6417,15.3621,0.0011,-1.0000
16.6704,1.0000,20.3772,1.3123,0.3874,16.6729,16.6782,15.6908,0.0010,-1.0000
16.6655,1.0000,20.3939,1.3143,0.4161,16.6625,16.7006,15.2749,0.0012,-1.0000
16.6660,1.0000,20.4104,1.5906,0.3559,16.6640,16.6064,15.4025,0.0011,-1.0000
16.6700,1.0000,20.4272,1.2785,0.3524,16.6479,16.6700,15.5692,0.0009,-1.0000
16.6691,1.0000,20.4441,0.9864,0.4367,16.6862,16.6905,15.3241,0.0013,-1.0000
16.6658,1.0000,20.4607,1.4244,0.3417,16.7084,16.6376,14.4399,0.0013,-1.0000
16.6629,1.0000,20.4771,1.2029,0.3824,16.6130,16.6329,15.2502,0.0012,-1.0000
16.6684,1.0000,20.4938,1.0995,0.3859,16.6786,16.6633,15.4882,0.0013,-1.0000
16.6642,1.0000,20.5103,1.3650,0.7348,16.7036,16.6472,15.3681,0.0011,-1.0000
16.6696,1.0000,20.5271,2.1964,0.3321,16.6499,16.6718,15.6809,0.0009,-1.0000
16.6683,1.0000,20.5439,1.3814,0.3854,16.6408,16.6696,15.4916,0.0012,-1.0000
16.6660,1.0000,20.5605,1.1736,0.3542,16.6709,16.6509,15.4359,0.0013,-1.0000
16.6659,1.0000,20.5771,1.2780,0.3267,16.6530,16.6614,15.4012,0.0011,-1.0000
16.6671,1.0000,20.5938,0.9898,0.3417,16.6779,16.6603,15.4901,0.0011,-1.0000
16.6672,1.0000,20.6104,1.1766,0.3376,16.6789,16.6541,15.3792,0.0010,-1.0000
16.6670,1.0000,20.6272,1.2135,0.4015,16.6601,16.6577,15.4934,0.0010,-1.0000
16.6679,1.0000,20.6439,1.2591,0.3178,16.6693,16.6646,15.3665,0.0010,-1.0000
16.6651,1.0000,20.6605,1.1692,0.3770,16.6693,16.6508,15.2872,0.0013,-1.0000
16.6657,1.0000,20.6772,1.2739,0.4012,16.6640,16.6991,15.3586,0.0009,-1.0000
16.6676,1.0000,20.6938,1.1631,0.4404,16.6664,16.6192,15.4587,0.0010,-1.0000
16.6663,1.0000,20.7105,1.2969,0.4011,16.6745,16.6541,15.4505,0.0011,-1.0000
16.6659,1.0000,20.7272,1.3624,0.3863,16.6607,16.7072,15.2969,0.0011,-1.0000
16.6688,1.0000,20.7439,1.3397,0.3454,16.7071,16.6190,15.3686,0.0011,-1.0000
16.6660,1.0000,20.7605,1.1593,0.3075,16.6262,16.6502,15.3870,0.0013,-1.0000
16.6666,1.0000,20.7772,1.2028,0.5359,16.6619,16.6969,15.2338,0.0012,-1.0000
16.6651,1.0000,20.7938,1.4095,0.4172,16.7149,16.6138,15.4677,0.0012,-1.0000
16.6681,1.0000,20.8104,1.2490,0.4038,16.6279,16.6609,15.5514,0.0010,-1.0000
16.6665,1.0000,20.8271,1.2621,0.5051,16.6596,16.6648,15.6095,0.0010,-1.0000
16.6680,1.0000,20.8438,1.4620,0.4822,16.7039,16.7015,15.6256,0.0009,-1.0000
16.6646,1.0000,20.8605,1.1453,0.3475,16.6203,16.6574,15.4494,0.0009,-1.0000
16.6677,1.0000,20.8772,1.1086,0.3670,16.6675,16.6559,15.5437,0.0007,-1.0000
16.6661,1.0000,20.8939,1.0543,0.3647,16.6709,16.6725,15.5311,0.0009,-1.0000
16.6677,1.0000,20.9106,1.0751,0.3432,16.7091,16.6914,15.4650,0.0007,-1.0000
16.6662,1.0000,20.9271,1.2072,0.3497,16.6645,16.5986,15.4304,0.0012,-1.0000
16.6657,1.0000,20.9438,1.1114,0.3654,16.6620,16.6671,15.5729,0.0009,-1.0000
16.6666,1.0000,20.9606,1.1405,0.3043,16.6794,16.7739,15.5881,0.0009,-1.0000
16.6682,1.0000,20.9772,1.2253,0.3106,16.6981,16.5688,15.4775,0.0011,-1.0000
16.6683,1.0000,20.9939,1.1669,0.3218,16.6047,16.6986,15.4320,0.0012,-1.0000
16.6663,1.0000,21.0105,1.0933,0.2998,16.6736,16.6703,15.4141,0.0011,-1.0000
16.6639,1.0000,21.0271,1.1850,0.3301,16.7796,16.5478,15.3449,0.0011,-1.0000
16.6697,1.0000,21.0439,1.0902,0.3280,16.5761,16.7655,15.6469,0.0009,-1.0000
16.6643,1.0000,21.0604,1.2656,0.3503,16.7067,16.6036,15.3558,0.0014,-1.0000
16.6656,1.0000,21.0771,1.2552,0.4998,16.6787,16.6515,15.7001,0.0010,-1.0000
16.6691,1.0000,21.0938,1.2020,0.2929,16.5533,16.6766,15.8533,0.0007,-1.0000
16.6645,1.0000,21.1103,1.1179,0.3755,16.7739,16.6363,15.5486,0.0009,-1.0000
16.6677,1.0000,21.1271,1.2463,0.3184,16.6099,16.6778,15.9343,0.0010,-1.0000
16.6660,1.0000,21.1438,0.9506,0.3023,16.6554,16.6807,15.6798,0.0007,-1.0000
16.6662,1.0000,21.1603,0.8225,0.3110,16.6824,16.6173,15.6932,0.0010,-1.0000
16.6692,1.0000,21.1772,1.0870,0.2709,16.6404,16.6888,16.0281,0.0009,-1.0000
16.6645,1.0000,21.1938,0.7426,0.2764,16.6827,16.7274,15.4986,0.0008,-1.0000
16.6688,1.0000,21.2104,1.0003,0.2896,16.6867,16.5790,15.8835,0.0008,-1.0000
16.6669,1.0000,21.2271,0.9233,0.2767,16.6203,16.6742,15.7876,0.0009,-1.0000
16.6645,1.0000,21.2437,0.6599,0.2714,16.6933,16.6256,15.6232,0.0010,-1.0000
16.6687,1.0000,21.2629,1.2279,0.2724,16.7316,16.9341,15.9076,0.0009,-1.0000
16.6649,1.0000,21.2770,0.6946,0.2692,16.5842,16.3831,13.1075,0.0011,-1.0000
16.6667,1.0000,21.2937,0.8860,0.2962,16.6792,16.6590,15.8875,0.0008,-1.0000
16.6680,1.0000,21.3104,1.0015,0.2484,16.6294,16.7276,16.0031,0.0007,-1.0000
16.6658,1.0000,21.3271,1.0253,0.2992,16.9404,16.6391,15.7039,0.0010,-1.0000
16.6661,1.0000,21.3437,3.2746,0.2708,16.3878,16.6553,15.8154,0.0010,-1.0000
16.6692,1.0000,21.3619,0.7707,0.2744,16.6625,16.9733,15.9442,0.0007,-1.0000
16.6647,1.0000,21.3771,0.7239,0.2935,16.7330,16.3696,14.1866,0.0012,-1.0000
16.6674,1.0000,21.3939,0.9344,0.2564,16.6437,16.8254,15.9221,0.0009,-1.0000
16.6687,1.0000,21.4105,0.8389,0.2428,16.6586,16.5203,15.6111,0.0007,-1.0000
16.6639,1.0000,21.4270,1.0283,0.2758,16.9788,16.5842,15.6025,0.0011,-1.0000
16.6684,1.0000,21.4439,2.1820,0.2428,16.3738,16.8201,15.9484,0.0009,-1.0000
16.6657,1.0000,21.4604,0.9025,0.2590,16.8295,16.5081,15.6362,0.0008,-1.0000
16.6664,1.0000,21.4770,0.9082,0.2985,16.5275,16.6603,15.8236,0.0009,-1.0000
16.6675,1.0000,21.4937,0.9807,0.2359,16.5881,16.6682,15.9493,0.0007,-1.0000
16.6663,1.0000,21.5103,0.8710,0.2582,16.8258,16.6593,15.7719,0.0008,-1.0000
16.6680,1.0000,21.5272,0.8712,0.3064,16.5130,16.7160,15.9232,0.0010,-1.0000
16.6648,1.0000,21.5437,0.8359,0.2451,16.6646,16.6023,15.4839,0.0012,-1.0000
16.6671,1.0000,21.5604,0.7182,0.2834,16.6735,16.6671,15.8704,0.0008,-1.0000
16.6674,1.0000,21.5771,0.8868,0.2332,16.6630,16.6722,15.7269,0.0010,-1.0000
16.6658,1.0000,21.5936,0.7920,0.3005,16.7223,16.6469,15.6310,0.0010,-1.0000
16.6667,1.0000,21.6103,1.1177,0.2511,16.6071,16.6667,15.9530,0.0009,-1.0000
16.6671,1.0000,21.6272,0.7961,0.3035,16.6717,16.6617,15.8246,0.0009,-1.0000
16.6659,1.0000,21.6437,0.9445,0.3135,16.6780,16.6557,15.5385,0.0012,-1.0000
16.6692,1.0000,21.6605,1.0150,0.2574,16.6514,16.6823,15.9549,0.0008,-1.0000
16.6649,1.0000,21.6770,0.7129,0.2945,16.6720,16.6439,15.4822,0.0013,-1.0000
16.6670,1.0000,21.6938,0.8363,0.6466,16.6666,16.6632,15.9239,0.0010,-1.0000
16.6666,1.0000,21.7103,1.1162,0.2905,16.6599,16.6636,15.7637,0.0010,-1.0000
16.6664,1.0000,21.7270,0.7267,0.4530,16.6884,16.6596,15.7606,0.0013,-1.0000
16.6667,1.0000,21.7438,1.1605,0.2904,16.6486,16.6663,15.8555,0.0010,-1.0000
16.6663,1.0000,21.7604,0.7383,0.3155,16.6680,16.6554,15.6920,0.0009,-1.0000
16.6684,1.0000,21.7771,0.8990,0.3948,16.6679,16.6766,15.9202,0.0010,-1.0000
16.6653,1.0000,21.7938,0.8978,0.2999,16.6641,16.6510,15.6427,0.0011,-1.0000
16.6672,1.0000,21.8104,0.8100,0.3186,16.6716,16.7162,15.6983,0.0011,-1.0000
16.6671,1.0000,21.8272,0.9626,0.3246,16.6590,16.6121,15.9376,0.0008,-1.0000
16.6656,1.0000,21.8437,0.7554,0.3425,16.6825,16.6527,15.6020,0.0008,-1.0000
16.6675,1.0000,21.8605,1.0073,0.2716,16.6562,16.7213,15.8132,0.0009,-1.0000
16.6664,1.0000,21.8771,1.0169,0.2363,16.7204,16.6084,15.7131,0.0009,-1.0000
16.6662,1.0000,21.8937,0.6737,0.3577,16.6181,16.6565,15.7884,0.0011,-1.0000
16.6681,1.0000,21.9104,1.0500,0.2851,16.6568,16.7183,15.9369,0.0008,-1.0000
16.6651,1.0000,21.9270,0.9072,0.3263,16.7262,16.6033,15.6135,0.0012,-1.0000
16.6679,1.0000,21.9437,0.8943,0.3388,16.6123,16.6706,15.8994,0.0010,-1.0000
16.6664,1.0000,21.9604,0.8672,0.2609,16.6605,16.6629,15.7786,0.0008,-1.0000
16.6665,1.0000,21.9771,0.7808,0.3278,16.7238,16.7013,15.8214,0.0010,-1.0000
16.6680,1.0000,21.9939,0.9886,0.2780,16.6069,16.6769,15.8069,0.0009,-1.0000
16.6696,1.0000,22.0105,0.7703,0.2788,16.6748,16.7194,15.4138,0.0010,-1.0000
16.6638,1.0000,22.0272,0.8834,0.2728,16.6673,16.6046,15.3583,0.0011,-1.0000
16.6682,1.0000,22.0440,0.8788,0.2796,16.7054,16.6957,15.4066,0.0010,-1.0000
16.6641,1.0000,22.0604,0.8689,0.3382,16.6826,16.5989,15.2921,0.0011,-1.0000
16.6668,1.0000,22.0771,1.3044,0.3184,16.7270,16.6632,15.7843,0.0011,-1.0000
16.6677,1.0000,22.0940,1.2452,0.2727,16.6102,16.7999,15.6595,0.0008,-1.0000
16.6659,1.0000,22.1103,1.2881,0.2834,16.7035,16.5162,15.3401,0.0010,-1.0000
16.6670,1.0000,22.1272,1.3058,0.2622,16.6037,16.7065,15.8454,0.0010,-1.0000
16.6664,1.0000,22.1438,0.8779,0.2664,16.6676,16.6613,15.4034,0.0009,-1.0000
16.6674,1.0000,22.1605,1.1397,0.2783,16.8053,16.6041,15.7910,0.0009,-1.0000
16.6663,1.0000,22.1771,1.1753,0.2400,16.5200,16.7011,15.6156,0.0009,-1.0000
16.6662,1.0000,22.1937,0.8601,0.3233,16.7116,16.6519,15.7116,0.0009,-1.0000
16.6682,1.0000,22.2104,1.2573,0.2448,16.6649,16.6994,15.8738,0.0010,-1.0000
16.6655,1.0000,22.2271,0.8122,0.2470,16.6083,16.6140,15.5071,0.0012,-1.0000
16.6667,1.0000,22.2437,1.0845,0.2705,16.7070,16.6647,15.7355,0.0009,-1.0000
16.6677,1.0000,22.2604,0.9395,0.2106,16.6552,16.6819,15.8126,0.0008,-1.0000
16.6658,1.0000,22.2771,0.8248,0.2388,16.7039,16.6755,15.6482,0.0010,-1.0000
16.6668,1.0000,22.2938,1.1057,0.2423,16.6178,16.6367,15.8259,0.0010,-1.0000
16.6665,1.0000,22.3103,0.9284,0.2392,16.6684,16.6468,15.5153,0.0009,-1.0000
16.6670,1.0000,22.3272,0.8688,0.2616,16.6860,16.7894,15.9939,0.0011,-1.0000
16.6672,1.0000,22.3437,1.0264,0.2437,16.6794,16.5347,15.6662,0.0009,-1.0000
16.6661,1.0000,22.3604,0.8099,0.2495,16.6416,16.6584,15.7233,0.0014,-1.0000
16.6687,1.0000,22.3772,1.1307,0.2289,16.6509,16.6821,15.9151,0.0010,-1.0000
16.6646,1.0000,22.3937,0.7943,0.2441,16.7931,16.6268,15.5719,0.0010,-1.0000
16.6676,1.0000,22.4103,0.8678,0.2666,16.5398,16.6674,15.9410,0.0008,-1.0000
16.6665,1.0000,22.4271,0.9340,0.2577,16.6621,16.6574,15.8726,0.0011,-1.0000
16.6661,1.0000,22.4437,0.7661,0.2800,16.6871,16.6563,15.7160,0.0008,-1.0000
16.6689,1.0000,22.4605,1.0540,0.2278,16.6307,16.7146,15.9910,0.0007,-1.0000
16.6647,1.0000,22.4770,0.7257,0.2303,16.6718,16.6082,15.5744,0.0010,-1.0000
16.6670,1.0000,22.4937,0.7838,0.2501,16.6630,16.6824,15.8571,0.0010,-1.0000
16.6671,1.0000,22.5103,0.9395,0.2087,16.6606,16.6840,15.8319,0.0007,-1.0000
16.6660,1.0000,22.5270,0.7230,0.2754,16.7216,16.6480,15.7880,0.0010,-1.0000
16.6675,1.0000,22.5438,1.0330,0.2296,16.6131,16.6820,15.9759,0.0008,-1.0000
16.6659,1.0000,22.5604,0.8244,0.2374,16.6872,16.6483,15.7580,0.0008,-1.0000
16.6678,1.0000,22.5772,0.8514,0.2366,16.6882,16.7092,15.8550,0.0009,-1.0000
16.6657,1.0000,22.5937,0.8590,0.2133,16.6515,16.6118,15.5574,0.0011,-1.0000
16.6672,1.0000,22.6103,0.7054,0.2481,16.6868,16.6687,15.9211,0.0009,-1.0000
16.7002,1.0000,22.6272,0.8896,0.2942,16.6520,16.7434,15.8126,0.0011,-1.0000
16.6330,1.0000,22.6436,0.8533,0.2563,16.7137,16.5491,15.3675,0.0010,-1.0000
16.6679,1.0000,22.6604,1.0533,0.2274,16.6151,16.6692,16.0263,0.0009,-1.0000
16.6661,1.0000,22.6770,0.7470,0.2263,16.6726,16.6553,15.7242,0.0008,-1.0000
16.6666,1.0000,22.6937,0.9297,0.2639,16.7478,16.6661,15.7000,0.0010,-1.0000
16.6666,1.0000,22.7103,1.1806,0.2305,16.5531,16.6641,15.8425,0.0008,-1.0000
16.6668,1.0000,22.7270,0.6420,0.2594,16.6744,16.6595,15.8023,0.0010,-1.0000
16.6668,1.0000,22.7440,0.9304,0.2571,16.6592,16.7093,15.8898,0.0009,-1.0000
16.6678,1.0000,22.7604,0.9650,0.2307,16.6709,16.6229,15.2521,0.0008,-1.0000
16.6680,1.0000,22.7771,0.8207,0.2544,16.6687,16.6651,15.5504,0.0010,-1.0000
16.6647,1.0000,22.7938,0.8562,0.2287,16.6635,16.6579,15.5070,0.0012,-1.0000
16.6659,1.0000,22.8103,0.8188,0.3350,16.7132,16.6475,15.7278,0.0009,-1.0000
16.6675,1.0000,22.8271,1.3700,0.3050,16.6288,16.6757,15.9468,0.0011,-1.0000
16.6661,1.0000,22.8437,1.1140,0.2924,16.6720,16.6506,15.6739,0.0011,-1.0000
16.6672,1.0000,22.8604,1.1497,0.2712,16.6640,16.6690,15.8079,0.0011,-1.0000
16.6666,1.0000,22.8770,0.9189,0.2597,16.6510,16.6560,15.6981,0.0010,-1.0000
16.6661,1.0000,22.8937,0.7279,0.2416,16.6814,16.6561,15.6642,0.0009,-1.0000
16.6672,1.0000,22.9104,0.9760,0.2391,16.6554,16.6736,16.0057,0.0007,-1.0000
16.6665,1.0000,22.9270,0.8601,0.2421,16.6740,16.6564,15.8611,0.0010,-1.0000
16.6672,1.0000,22.9437,0.9570,0.2722,16.6614,16.6623,15.8490,0.0010,-1.0000
16.6667,1.0000,22.9622,0.9908,0.2206,16.6594,16.6631,15.7342,0.0009,-1.0000
16.6664,1.0000,22.9770,0.6671,0.2341,16.6789,16.6581,13.9190,0.0011,-1.0000
16.6678,1.0000,22.9938,0.7943,0.2601,16.6610,16.6734,15.8727,0.0009,-1.0000
16.6659,1.0000,23.0103,0.8123,0.2522,16.6681,16.6526,15.5687,0.0011,-1.0000
16.6673,1.0000,23.0271,0.9281,0.3831,16.6678,16.7160,15.8832,0.0012,-1.0000
16.6659,1.0000,23.0437,2.7382,0.2868,16.6624,16.6060,15.5438,0.0010,-1.0000
16.6666,1.0000,23.0603,0.7998,0.3273,16.6785,16.6601,15.7983,0.0009,-1.0000
16.6674,1.0000,23.0771,1.0828,0.2989,16.6569,16.7138,15.9105,0.0007,-1.0000
16.6662,1.0000,23.0937,0.8318,0.3705,16.7215,16.6113,15.6220,0.0012,-1.0000
16.6679,1.0000,23.1104,1.0610,0.2910,16.6098,16.6737,15.8125,0.0010,-1.0000
16.6657,1.0000,23.1271,0.8613,0.2727,16.6643,16.6949,15.6887,0.0011,-1.0000
16.6667,1.0000,23.1437,0.8025,0.3365,16.7184,16.6220,15.7236,0.0010,-1.0000
16.6667,1.0000,23.1604,0.9883,0.2669,16.6150,16.6620,15.7969,0.0008,-1.0000
16.6666,1.0000,23.1770,0.8599,0.3075,16.6793,16.6613,15.7844,0.0010,-1.0000
16.6674,1.0000,23.1938,1.0055,0.3363,16.6997,16.7059,15.7524,0.0011,-1.0000
16.6663,1.0000,23.2104,0.8976,0.2756,16.6260,16.6573,15.6623,0.0007,-1.0000
16.6690,1.0000,23.2272,0.8645,0.2923,16.6664,16.6764,15.7689,0.0010,-1.0000
16.6653,1.0000,23.2438,0.8759,0.2858,16.6646,16.6609,15.5488,0.0009,-1.0000
16.6662,1.0000,23.2611,0.9524,0.3052,16.7110,16.9148,15.6793,0.0009,-1.0000
16.6678,1.0000,23.2789,0.9943,0.2968,16.6610,18.0502,15.0876,0.0008,-1.0000
16.6658,1.0000,23.2938,0.9066,0.3153,16.6829,15.0355,13.5314,0.0015,-1.0000
16.6672,1.0000,23.3106,1.1113,0.3136,16.6662,16.8783,15.5483,0.0009,-1.0000
16.6678,1.0000,23.3281,1.2346,0.2775,16.9190,17.3690,15.4247,0.0011,-1.0000
16.6649,1.0000,23.3438,2.9622,0.4341,18.0561,15.7201,14.5343,0.0008,-1.0000
16.6666,1.0000,23.3604,1.5027,0.2959,15.0406,16.6486,15.7154,0.0009,-1.0000
16.6683,1.0000,23.3776,1.3291,0.3143,16.8829,17.0483,15.8329,0.0009,-1.0000
16.6663,1.0000,23.3939,1.9434,0.3442,17.3749,16.3168,15.0364,0.0012,-1.0000
16.6658,1.0000,23.4103,1.1851,0.3029,15.7250,16.6126,15.5340,0.0010,-1.0000
16.6678,1.0000,23.4273,0.9322,0.2781,16.6521,16.8376,15.8536,0.0012,-1.0000
16.6657,1.0000,23.4438,1.2143,0.3318,17.0540,16.5675,15.4529,0.0015,-1.0000
16.6672,1.0000,23.4605,1.2794,0.3095,16.3221,16.5753,15.7269,0.0008,-1.0000
16.6690,1.0000,23.4772,1.0777,0.2805,16.6163,16.6978,15.6696,0.0008,-1.0000
16.6640,1.0000,23.4937,0.9829,0.2497,16.8423,16.6133,15.5441,0.0012,-1.0000
16.6686,1.0000,23.5108,1.1131,0.2570,16.5717,16.9877,15.8868,0.0009,-1.0000
16.6678,1.0000,23.5271,0.8477,0.2381,16.5804,16.3445,15.3067,0.0010,-1.0000
16.6641,1.0000,23.5437,1.0275,0.2841,16.7041,16.6358,15.6045,0.0010,-1.0000
16.6686,1.0000,23.5606,1.0680,0.2151,16.6173,16.8119,15.8650,0.0009,-1.0000
16.6666,1.0000,23.5771,1.0999,0.2559,16.9934,16.5509,15.3824,0.0011,-1.0000
16.6647,1.0000,23.5937,1.0370,0.2663,16.3518,16.6617,15.5733,0.0011,-1.0000
16.6679,1.0000,23.6104,1.0303,0.2032,16.6395,16.6784,15.9070,0.0008,-1.0000
16.6668,1.0000,23.6272,0.9460,0.2784,16.8176,16.6652,15.6363,0.0009,-1.0000
16.6671,1.0000,23.6438,1.1673,0.2629,16.5573,16.6762,15.5579,0.0010,-1.0000
16.6674,1.0000,23.6610,1.0875,0.2322,16.6653,17.0684,15.6542,0.0008,-1.0000
16.6651,1.0000,23.6771,0.7706,0.2602,16.6831,16.2083,15.0513,0.0008,-1.0000
16.6672,1.0000,23.6960,1.0278,0.2642,16.6697,18.8241,15.7664,0.0011,-1.0000
16.6692,1.0000,23.7110,1.1174,0.2442,16.6810,15.0357,13.3448,0.0009,-1.0000
16.6657,1.0000,23.7530,1.4135,0.2837,17.0763,41.8771,14.8722,0.0012,-1.0000
27.6173,1.0000,23.7564,1.1564,0.2654,16.2134,3.5895,0.0025,0.0012,-1.0000
16.0773,1.0000,23.7718,3.0570,0.2874,18.8286,15.2804,13.3486,0.0009,-1.0000
16.6654,1.0000,23.7877,1.6900,0.2930,15.0424,15.9623,14.5378,0.0013,-1.0000
16.6675,1.0000,23.8046,27.0040,0.4507,41.8844,16.8786,15.5314,0.0008,-1.0000
16.6683,1.0000,23.8213,3.5862,0.2884,3.5951,16.5827,15.1099,0.0010,-1.0000
16.6652,1.0000,23.8377,1.9311,0.3035,15.2883,16.4965,15.0711,0.0011,-1.0000
16.6663,1.0000,23.8546,1.4232,0.2579,15.9680,16.9358,15.4487,0.0012,-1.0000
16.6684,1.0000,23.8711,1.3463,0.3099,16.8828,16.5024,15.2135,0.0010,-1.0000
16.6660,1.0000,23.8878,1.4720,0.3028,16.5889,16.6398,15.2140,0.0012,-1.0000
16.6651,1.0000,24.0642,1.4243,0.2761,16.5024,176.2036,15.2222,0.0010,-1.0000
161.7661,1.0000,24.0660,1.4860,0.3005,16.9414,1.8909,0.0021,0.0013,-1.0000
16.1614,1.0000,24.3291,1.2879,0.2909,16.5095,263.1088,15.0454,0.0011,-1.0000
248.6116,1.0000,24.3311,1.4247,0.2686,16.6457,2.0003,0.0016,0.0014,-1.0000
16.1946,1.0000,24.3468,160.9810,0.3482,176.2154,15.8416,14.8875,0.0008,-1.0000
16.6675,1.0000,24.8044,1.8875,0.2856,1.8975,457.4343,15.9102,0.0009,-1.0000
442.9408,1.0000,24.8067,248.0625,0.3071,263.1155,2.1480,0.0020,0.0013,-1.0000
15.7195,1.0000,24.8223,1.9975,0.2129,2.0050,15.7322,14.6672,0.0008,-1.0000
16.6652,1.0000,24.8387,0.9533,0.2278,15.8438,16.6403,15.4122,0.0010,-1.0000
16.6793,1.0000,24.8557,441.5235,0.2915,457.4420,16.7635,15.9311,0.0009,-1.0000
16.6621,1.0000,24.8722,2.1449,0.2064,2.1536,16.6186,15.3147,0.0014,-1.0000
16.6672,1.0000,24.8889,1.0641,0.2649,15.7387,16.6690,15.7046,0.0009,-1.0000
16.6680,1.0000,24.9056,1.2270,0.2333,16.6449,16.6621,15.5445,0.0010,-1.0000
16.6647,1.0000,24.9223,0.8314,0.3482,16.7706,16.6795,15.5211,0.0012,-1.0000
16.6674,1.0000,24.9388,1.3025,0.2510,16.6242,16.6311,15.5962,0.0011,-1.0000
16.6680,1.0000,24.9556,0.9636,0.2884,16.6734,16.6652,15.7613,0.0008,-1.0000
16.6670,1.0000,24.9727,1.1166,0.2894,16.6682,16.8215,15.4669,0.0010,-1.0000
16.6657,1.0000,24.9889,1.1574,0.2615,16.6844,16.5182,14.9953,0.0013,-1.0000
16.6660,1.0000,25.0055,1.0338,0.2500,16.6354,16.6246,15.6585,0.0009,-1.0000
16.6682,0.0000,25.0227,0.9030,0.3184,16.6715,17.0540,15.7386,0.0010,-1.0000
16.6660,0.0000,25.0388,1.3536,0.2820,16.8316,16.2733,15.0934,0.0010,-1.0000
16.6662,0.0000,25.0556,1.5218,0.2586,16.5256,16.6485,15.7366,0.0010,-1.0000
16.6677,0.0000,25.0723,0.9656,0.2451,16.6290,16.6911,15.7558,0.0009,-1.0000
16.6658,0.0000,25.0888,1.3147,0.3294,17.0600,16.6374,15.5220,0.0011,-1.0000
16.6668,0.0000,25.1055,1.1791,0.2715,16.2779,16.6639,15.7201,0.0009,-1.0000
16.6701,0.0000,25.1223,0.9109,0.2425,16.6528,16.6997,15.7429,0.0010,-1.0000
16.6656,0.0000,25.1389,0.9343,0.2833,16.6969,16.6679,15.3933,0.0013,-1.0000
16.6645,0.0000,25.1555,1.1144,0.2843,16.6423,16.6065,15.4969,0.0010,-1.0000
16.6689,0.0000,25.1723,0.9430,0.2830,16.6680,16.6870,15.8313,0.0009,-1.0000
16.6664,0.0000,25.1889,0.9559,0.3054,16.7073,16.6527,15.5242,0.0012,-1.0000
16.6671,0.0000,25.2055,1.2733,0.2905,16.6741,16.6591,15.5671,0.0010,-1.0000
16.6674,0.0000,25.2222,1.1084,0.2498,16.6101,16.6279,15.7952,0.0011,-1.0000
16.6688,0.0000,25.2389,0.8548,0.2788,16.6924,16.6656,15.5729,0.0010,-1.0000
16.6646,0.0000,25.2556,1.1276,0.2865,16.6591,16.6775,15.4627,0.0011,-1.0000
16.6681,0.0000,25.2722,1.0911,0.2479,16.6632,16.6688,15.6862,0.0011,-1.0000
16.6668,0.0000,25.2889,0.8315,0.2857,16.6334,16.6618,15.5512,0.0010,-1.0000
16.6675,0.0000,25.3056,1.0919,0.2918,16.6738,16.6640,15.5512,0.0011,-1.0000
16.6669,0.0000,25.3226,1.2139,0.2492,16.6827,16.9300,15.4519,0.0012,-1.0000
16.6680,0.0000,25.3389,0.9817,0.2809,16.6744,16.4063,15.1080,0.0015,-1.0000
16.6668,0.0000,25.3556,1.1100,0.2815,16.6679,16.6440,15.4370,0.0012,-1.0000
16.6679,0.0000,25.3724,1.1118,0.3285,16.6714,16.6552,15.4123,0.0013,-1.0000
16.6659,0.0000,25.3890,1.4769,0.2961,16.9386,16.6581,15.2375,0.0012,-1.0000
16.6668,0.0000,25.4056,1.2968,0.3182,16.4157,16.6375,15.2378,0.0012,-1.0000
16.6679,0.0000,25.4226,1.2058,0.3734,16.6526,16.8742,15.3911,0.0013,-1.0000
16.6652,0.0000,25.4389,1.2414,0.3996,16.6652,16.4259,14.9657,0.0016,-1.0000
16.6668,0.0000,25.4556,1.4193,0.3869,16.6679,16.6602,15.5167,0.0009,-1.0000
16.6664,0.0000,25.4724,1.3989,0.3695,16.6478,16.7066,15.3663,0.0012,-1.0000
16.6669,0.0000,25.4890,1.4818,0.3775,16.8837,16.6095,15.2879,0.0012,-1.0000
16.6653,0.0000,25.5056,1.4587,0.3472,16.4362,16.6516,15.3851,0.0009,-1.0000
16.6682,0.0000,25.5223,1.1425,0.3799,16.6687,16.6611,15.5635,0.0011,-1.0000
16.6667,0.0000,25.5389,1.3392,0.3577,16.7165,16.6601,15.4808,0.0011,-1.0000
16.6659,0.0000,25.5556,1.3199,0.4419,16.6196,16.6570,15.4984,0.0013,-1.0000
16.6640,0.0000,25.5722,1.2654,0.2800,16.6597,16.6448,15.4656,0.0011,-1.0000
16.6667,0.0000,25.5888,1.0964,0.3152,16.6687,16.6609,15.6836,0.0011,-1.0000
16.6696,0.0000,25.6056,1.1780,0.2977,16.6699,16.6694,15.7175,0.0009,-1.0000
16.6658,0.0000,25.6222,1.1573,0.3058,16.6676,16.6584,15.5033,0.0010,-1.0000
16.6660,0.0000,25.6388,1.1779,0.2755,16.6504,16.6508,15.5776,0.0012,-1.0000
16.6682,0.0000,25.6556,0.9761,0.2810,16.6656,16.6700,15.7264,0.0011,-1.0000
16.6666,0.0000,25.6723,0.9509,0.3094,16.6761,16.6605,15.5622,0.0010,-1.0000
16.6643,0.0000,25.6888,1.1542,0.2643,16.6645,16.6452,15.5487,0.0012,-1.0000
16.6682,0.0000,25.7055,1.0721,0.2435,16.6564,16.6726,15.9022,0.0008,-1.0000
16.6659,0.0000,25.7222,0.9426,0.3175,16.6779,16.6618,15.6652,0.0008,-1.0000
16.6667,0.0000,25.7387,1.0971,0.2907,16.6678,16.6569,15.6158,0.0010,-1.0000
16.6670,0.0000,25.7561,1.0955,0.2531,16.6493,17.2458,15.9949,0.0009,-1.0000
16.6677,0.0000,25.7722,0.7694,0.2634,16.6774,16.0790,15.1883,0.0010,-1.0000
16.6717,0.0000,25.7889,0.9957,0.2647,16.6678,16.6701,15.5889,0.0010,-1.0000
16.6679,0.0000,25.8062,1.0402,0.2530,16.6605,17.2818,15.5255,0.0013,-1.0000
16.6666,0.0000,25.8223,1.2498,0.2552,17.2514,16.0371,14.8392,0.0012,-1.0000
16.6651,0.0000,25.8388,0.8898,0.2880,16.0860,16.6531,15.3643,0.0019,-1.0000
16.6656,0.0000,25.8556,1.0800,0.2909,16.6776,16.6908,15.7423,0.0010,-1.0000
16.6695,0.0000,25.8723,1.7549,0.3044,17.2892,16.6440,15.7807,0.0008,-1.0000
16.6659,0.0000,25.8889,1.1965,0.3145,16.0446,16.6507,15.5473,0.0012,-1.0000
16.6644,0.0000,25.9055,1.2869,0.2715,16.6587,16.6490,15.5524,0.0010,-1.0000
16.6686,0.0000,25.9223,0.9475,0.2418,16.6960,16.7135,15.9213,0.0011,-1.0000
16.6695,0.0000,25.9389,0.8626,0.2992,16.6521,16.6902,15.6130,0.0009,-1.0000
16.6661,0.0000,25.9556,1.1024,0.2640,16.6578,16.6520,15.4606,0.0013,-1.0000
16.6629,0.0000,25.9722,1.0957,0.2366,16.6528,16.6268,15.4701,0.0011,-1.0000
16.6679,0.0000,25.9890,0.7912,0.3143,16.7190,16.7177,15.8758,0.0009,-1.0000
16.6657,0.0000,26.0055,1.0762,0.3440,16.6980,16.6005,15.5294,0.0010,-1.0000
16.6684,0.0000,26.0222,1.1901,0.2968,16.6609,16.6656,15.9920,0.0009,-1.0000
16.6654,0.0000,26.0389,1.1558,0.2310,16.6320,16.7489,15.7103,0.0009,-1.0000
16.6664,0.0000,26.0555,0.8409,0.2570,16.7235,16.5718,15.7092,0.0010,-1.0000
16.6678,0.0000,26.0722,1.0701,0.2650,16.6038,16.6770,15.8664,0.0008,-1.0000
16.6657,0.0000,26.0889,0.6725,0.2634,16.6707,16.6738,15.7015,0.0008,-1.0000
16.6674,0.0000,26.1056,1.0379,0.2518,16.7532,16.6133,15.8800,0.0008,-1.0000
16.6663,0.0000,26.1222,0.8619,0.2644,16.5758,16.6793,15.7281,0.0008,-1.0000
16.6671,0.0000,26.1388,0.8098,0.2576,16.6827,16.6655,15.8479,0.0009,-1.0000
16.6678,0.0000,26.1556,0.9715,0.2178,16.6772,16.6756,15.7873,0.0009,-1.0000
16.6655,0.0000,26.1721,0.7325,0.2396,16.6179,16.6225,15.6370,0.0009,-1.0000
16.6681,0.0000,26.1889,0.9505,0.2417,16.6833,16.6733,15.8906,0.0009,-1.0000
16.6659,0.0000,26.2055,0.8167,0.2178,16.6691,16.6482,15.6262,0.0010,-1.0000
16.6676,0.0000,26.2223,0.8872,0.2822,16.6806,16.7832,15.7542,0.0010,-1.0000
16.6686,0.0000,26.2389,0.9848,0.2425,16.6265,16.5378,15.4794,0.0010,-1.0000
16.6670,0.0000,26.2556,0.7820,0.3033,16.6794,16.6707,15.4514,0.0014,-1.0000
16.6656,0.0000,26.2723,1.0211,0.2492,16.6530,16.7263,15.5127,0.0012,-1.0000
16.6680,0.0000,26.2889,1.0277,0.2682,16.7890,16.5825,15.3022,0.0012,-1.0000
16.6650,0.0000,26.3056,1.0568,0.3484,16.5450,16.6681,15.4296,0.0015,-1.0000
16.6651,0.0000,26.3222,1.2181,0.3452,16.6776,16.7167,15.5320,0.0010,-1.0000
16.6712,0.0000,26.3389,1.2127,0.2975,16.7338,16.5938,15.7412,0.0011,-1.0000
16.6674,0.0000,26.3556,1.2791,0.3038,16.5896,16.6656,15.3661,0.0013,-1.0000
16.6654,0.0000,26.3723,1.2376,0.3078,16.6767,16.7154,15.3447,0.0013,-1.0000
16.6649,0.0000,26.3889,1.1838,0.2844,16.7215,16.5894,15.2731,0.0011,-1.0000
16.6685,0.0000,26.4056,0.8515,0.3987,16.6008,16.6678,15.4929,0.0012,-1.0000
16.6657,0.0000,26.4222,1.2981,0.3788,16.6743,16.6526,15.4485,0.0012,-1.0000
16.6644,0.0000,26.4388,1.3696,0.2923,16.7241,16.6522,15.6690,0.0010,-1.0000
16.6700,0.0000,26.4557,1.3152,0.3428,16.5959,16.7607,15.8575,0.0009,-1.0000
16.6664,0.0000,26.4722,1.1738,0.3226,16.6753,16.5720,15.4760,0.0011,-1.0000
16.6637,0.0000,26.4888,1.2032,0.2908,16.6602,16.6483,15.4784,0.0009,-1.0000
16.6695,0.0000,26.5056,0.9824,0.2528,16.6576,16.6702,15.7923,0.0010,-1.0000
16.6681,0.0000,26.5223,0.9025,0.3280,16.7675,16.6646,15.5747,0.0012,-1.0000
16.6665,0.0000,26.5389,1.0947,0.3116,16.5791,16.6589,15.4555,0.0011,-1.0000
16.6636,0.0000,26.5555,1.1689,0.2612,16.6543,16.6485,15.5313,0.0014,-1.0000
16.6693,0.0000,26.5723,0.8771,0.2825,16.6757,16.6709,15.6080,0.0010,-1.0000
16.6643,0.0000,26.5889,1.0887,0.3288,16.6730,16.6511,15.4835,0.0012,-1.0000
16.6681,0.0000,26.6056,1.2027,0.3117,16.6668,16.6731,15.4189,0.0008,-1.0000
16.6784,0.0000,26.6223,1.1161,0.2701,16.6542,16.6783,15.4672,0.0014,-1.0000
16.6673,0.0000,26.6389,1.0619,0.3164,16.6768,16.6631,15.4592,0.0016,-1.0000
16.6633,0.0000,26.6555,1.1667,0.3649,16.6585,16.6402,15.5437,0.0010,-1.0000
16.6669,0.0000,26.6723,1.2534,0.3406,16.6793,16.6719,15.9266,0.0009,-1.0000
16.6670,0.0000,26.6888,1.2097,0.3014,16.6870,16.6573,15.5909,0.0012,-1.0000
16.6664,0.0000,26.7056,1.2023,0.2926,16.6714,16.6637,15.8085,0.0009,-1.0000
16.6697,0.0000,26.7223,1.0956,0.2402,16.6446,16.6535,15.6141,0.0013,-1.0000
16.6638,0.0000,26.7388,0.7444,0.2521,16.6780,16.6851,15.3449,0.0014,-1.0000
16.6671,0.0000,26.7556,1.0654,0.2788,16.6626,16.6683,15.8532,0.0009,-1.0000
16.6662,0.0000,26.7722,0.8544,0.2768,16.6688,16.6369,15.6356,0.0008,-1.0000
16.6668,0.0000,26.7889,1.0380,0.2968,16.6609,16.6600,15.7477,0.0009,-1.0000
16.6710,0.0000,26.8056,1.3388,0.2565,16.6903,16.6753,15.9352,0.0007,-1.0000
16.6655,0.0000,26.8223,0.8143,0.2558,16.6733,16.6597,15.3158,0.0012,-1.0000
16.6639,0.0000,26.8388,1.0009,0.2542,16.6421,16.6496,15.3383,0.0011,-1.0000
16.6687,0.0000,26.8556,0.9115,0.2174,16.6641,16.6621,15.7422,0.0009,-1.0000
16.6676,0.0000,26.8723,0.7391,0.2959,16.6827,16.6780,15.4318,0.0009,-1.0000
16.6637,0.0000,26.8889,1.3424,0.3746,16.6683,16.6462,15.4865,0.0009,-1.0000
16.6687,0.0000,26.9061,1.3102,0.2559,16.6552,16.6564,15.7911,0.0010,-1.0000
16.6662,0.0000,26.9222,0.9189,0.2932,16.6682,16.6428,14.8511,0.0011,-1.0000
16.6654,0.0000,26.9388,1.2452,0.2911,16.6858,16.6575,15.5561,0.0009,-1.0000
16.6691,0.0000,26.9556,1.1587,0.2445,16.6508,16.6723,15.8990,0.0011,-1.0000
16.6649,0.0000,26.9723,0.8642,0.3558,16.6640,16.6527,15.5360,0.0009,-1.0000
16.6666,0.0000,26.9888,1.7906,0.2426,16.6484,16.6599,15.2615,0.0010,-1.0000
16.6691,0.0000,27.0056,1.1007,0.2461,16.6612,16.6752,15.8279,0.0008,-1.0000
16.6640,0.0000,27.0221,0.7723,0.2634,16.6783,16.6461,15.3001,0.0011,-1.0000
16.6668,0.0000,27.0388,1.1159,0.2866,16.6579,16.6658,15.8665,0.0012,-1.0000
16.6669,0.0000,27.0556,1.3974,0.2588,16.6640,16.6623,15.7827,0.0007,-1.0000
16.6664,0.0000,27.0721,0.8468,0.3229,16.6821,16.6596,15.6958,0.0009,-1.0000
16.6686,0.0000,27.0889,1.3448,0.2452,16.6509,16.6724,15.8636,0.0011,-1.0000
16.6652,0.0000,27.1055,0.7980,0.2448,16.6699,16.6515,15.5010,0.0010,-1.0000
16.6662,0.0000,27.1221,0.8790,0.3426,16.6668,16.6609,15.8565,0.0007,-1.0000
16.6676,0.0000,27.1388,0.9628,0.2252,16.6636,16.6684,15.8753,0.0007,-1.0000
16.6663,0.0000,27.1555,0.8076,0.2755,16.6786,16.6574,15.6825,0.0012,-1.0000
16.6674,0.0000,27.1728,1.1494,0.2303,16.6561,16.6668,15.7792,0.0009,-1.0000
16.6664,0.0000,27.1889,0.8037,0.2487,16.6643,16.6589,15.0466,0.0009,-1.0000
16.6657,0.0000,27.2054,0.7924,0.2427,16.6730,16.6585,15.5696,0.0010,-1.0000
16.6685,0.0000,27.2222,0.9737,0.2371,16.6619,16.6703,16.0104,0.0010,-1.0000
16.6657,0.0000,27.2387,0.8868,0.2556,16.6718,16.6556,15.6338,0.0012,-1.0000
16.6665,0.0000,27.2555,1.6114,0.2841,16.6645,16.6634,15.9055,0.0011,-1.0000
16.6672,0.0000,27.2722,1.0877,0.3100,16.6619,16.6652,15.8243,0.0008,-1.0000
16.6665,0.0000,27.2888,0.6588,0.2471,16.6747,16.6596,15.7821,0.0010,-1.0000
16.6687,0.0000,27.3056,1.0207,0.2624,16.6601,16.6743,15.9510,0.0008,-1.0000
16.6649,0.0000,27.3222,0.7569,0.2350,16.6672,16.6528,15.5029,0.0010,-1.0000
16.6666,0.0000,27.3388,0.8400,0.2470,16.6694,16.6622,15.7624,0.0010,-1.0000
16.6674,0.0000,27.3555,0.8765,0.2680,16.6637,16.6641,15.8823,0.0007,-1.0000
16.6665,0.0000,27.3721,0.7224,0.2854,16.6802,16.6616,15.7266,0.0010,-1.0000
16.6683,0.0000,27.3889,1.1489,0.2661,16.6572,16.6668,15.9067,0.0009,-1.0000
16.6651,0.0000,27.4055,0.8989,0.2384,16.6657,16.6545,15.6127,0.0009,-1.0000
16.6672,0.0000,27.4222,0.7812,0.2727,16.6681,16.6654,15.9385,0.0011,-1.0000
16.6669,0.0000,27.4388,0.9339,0.2503,16.6654,16.6620,15.8600,0.0008,-1.0000
16.6664,0.0000,27.4555,0.7590,0.3330,16.6722,16.6622,15.8924,0.0009,-1.0000
16.6688,0.0000,27.4723,1.0409,0.2422,16.6582,16.6729,15.8828,0.0011,-1.0000
16.6653,0.0000,27.4889,0.7257,0.2386,16.6696,16.6544,15.5447,0.0009,-1.0000
16.6656,0.0000,27.5055,0.8012,0.2386,16.6656,16.6578,15.7988,0.0012,-1.0000
16.6686,0.0000,27.5222,0.7690,0.2907,16.6651,16.6702,15.9667,0.0007,-1.0000
16.6792,0.0000,27.5388,0.7888,0.2826,16.6788,16.6687,15.6633,0.0010,-1.0000
16.6685,0.0000,27.5556,1.1088,0.2441,16.6594,16.6721,15.9976,0.0010,-1.0000
16.6660,0.0000,27.5722,0.8578,0.2562,16.6619,16.6596,15.5672,0.0009,-1.0000
16.6655,0.0000,27.5888,0.7025,0.2611,16.6745,16.6548,15.7056,0.0011,-1.0000
16.6676,0.0000,27.6055,1.0044,0.2201,16.6720,16.6691,15.9759,0.0008,-1.0000
16.6737,0.0000,27.6222,0.6737,0.3469,16.6767,16.6677,15.7572,0.0008,-1.0000
16.6670,0.0000,27.6388,1.0919,0.2540,16.6650,16.6645,15.8933,0.0011,-1.0000
16.6670,0.0000,27.6556,0.9482,0.2205,16.6581,16.6611,15.7776,0.0008,-1.0000
16.6660,0.0000,27.6721,0.6927,0.2864,16.6734,16.6599,15.7753,0.0009,-1.0000
16.6680,0.0000,27.6889,0.9097,0.2322,16.6716,16.6683,15.9537,0.0008,-1.0000
16.6667,0.0000,27.7055,0.7703,0.2748,16.6690,16.6581,15.6248,0.0009,-1.0000
16.6674,0.0000,27.7222,0.8827,0.2428,16.6655,16.6663,15.9275,0.0010,-1.0000
16.6659,0.0000,27.7388,0.8838,0.2234,16.6634,16.6583,15.7052,0.0008,-1.0000
16.6669,0.0000,27.7555,0.7138,0.2666,16.6729,16.6629,15.9789,0.0009,-1.0000
16.6671,0.0000,27.7722,1.0326,0.2604,16.6621,16.6667,15.9178,0.0009,-1.0000
16.6660,0.0000,27.7888,0.7377,0.2417,16.6712,16.6587,15.7076,0.0011,-1.0000
16.6680,0.0000,27.8056,0.9523,0.2449,16.6618,16.6692,15.9328,0.0010,-1.0000
16.6661,0.0000,27.8222,0.6832,0.2162,16.6667,16.6583,15.5753,0.0010,-1.0000
16.6662,0.0000,27.8388,0.7481,0.3061,16.6710,16.6625,15.7658,0.0011,-1.0000
16.6674,0.0000,27.8556,0.9502,0.2319,16.6619,16.6660,15.9408,0.0008,-1.0000
16.6665,0.0000,27.8722,0.7353,0.2896,16.6740,16.6586,15.7446,0.0009,-1.0000
16.6676,0.0000,27.8890,1.0819,0.2577,16.6622,16.6687,15.9339,0.0009,-1.0000
16.6666,0.0000,27.9056,0.8956,0.2679,16.6660,16.6612,15.6331,0.0009,-1.0000
16.6661,0.0000,27.9222,0.7243,0.2661,16.6703,16.6585,15.6870,0.0012,-1.0000
16.6679,0.0000,27.9388,0.9130,0.2556,16.6617,16.6682,15.8453,0.0009,-1.0000
16.6748,0.0000,27.9555,0.7338,0.2542,16.6728,16.6667,15.7538,0.0011,-1.0000
16.6680,0.0000,27.9722,1.0274,0.2543,16.6659,16.6679,15.9340,0.0010,-1.0000
16.6667,0.0000,27.9890,0.9701,0.2837,16.6622,16.6638,15.5409,0.0007,-1.0000
16.6677,0.0000,28.0056,0.8218,0.2546,16.6720,16.6649,15.5397,0.0010,-1.0000
16.6670,0.0000,28.0223,0.9119,0.3299,16.6705,16.6669,15.5796,0.0008,-1.0000
16.6643,0.0000,28.0388,0.7331,0.2476,16.6722,16.6463,15.4853,0.0010,-1.0000
16.6680,0.0000,28.0556,1.1218,0.2869,16.6680,16.6695,15.8521,0.0010,-1.0000
16.6661,0.0000,28.0722,1.1242,0.2797,16.6705,16.6586,15.6099,0.0010,-1.0000
16.6663,0.0000,28.0889,1.0862,0.2862,16.6726,16.6600,15.7098,0.0008,-1.0000
16.6673,0.0000,28.1079,1.1598,0.3147,16.6503,16.6643,15.7508,0.0010,-1.0000
16.6662,0.0000,28.1223,0.8162,0.2834,16.6742,16.6607,13.0719,0.0016,-1.0000
16.6665,0.0000,28.1388,1.0476,0.3330,16.6636,16.6609,15.6654,0.0011,-1.0000
16.6675,0.0000,28.1556,0.9495,0.2599,16.6642,16.6668,15.7825,0.0008,-1.0000
16.6659,0.0000,28.1722,0.9125,0.4971,16.6690,16.6584,15.6302,0.0009,-1.0000
16.6707,0.0000,28.1890,3.5878,0.3130,16.6656,16.6772,15.8148,0.0010,-1.0000
16.6663,0.0000,28.2057,0.9944,0.4075,16.6649,16.6560,15.3468,0.0011,-1.0000
16.6657,0.0000,28.2224,0.8833,0.3632,16.6712,16.6541,15.4695,0.0010,-1.0000
16.6693,0.0000,28.2389,1.0272,0.3467,16.6620,16.6677,15.3456,0.0010,-1.0000
16.6644,0.0000,28.2557,0.8613,0.4374,16.6843,16.6540,15.4869,0.0008,-1.0000
16.6659,0.0000,28.2723,1.3081,0.4081,16.6645,16.7111,15.5008,0.0011,-1.0000
16.6690,0.0000,28.2890,1.1836,0.4328,16.6606,16.6148,15.3876,0.0013,-1.0000
16.6669,0.0000,28.3056,1.3211,0.4266,16.6752,16.6555,15.3619,0.0015,-1.0000
16.6627,0.0000,28.3222,1.1660,0.2764,16.6613,16.6475,15.4870,0.0011,-1.0000
16.6675,0.0000,28.3388,1.2099,0.3215,16.7174,16.6684,15.9080,0.0008,-1.0000
16.6668,0.0000,28.3556,1.2258,0.3286,16.6220,16.6593,15.8436,0.0008,-1.0000
16.6670,0.0000,28.3725,1.2918,0.4199,16.6635,16.6629,15.7941,0.0010,-1.0000
16.6683,0.0000,28.3889,1.1595,0.2382,16.6526,16.6656,15.4356,0.0012,-1.0000
16.6643,0.0000,28.4055,0.7597,0.3689,16.6729,16.6549,15.4776,0.0010,-1.0000
16.6685,0.0000,28.4223,0.8150,0.2458,16.6634,16.6710,15.8556,0.0008,-1.0000
16.6663,0.0000,28.4388,0.8680,0.2912,16.6669,16.6571,15.5560,0.0009,-1.0000
16.6689,0.0000,28.4557,1.2286,0.3803,16.6717,16.6705,15.6319,0.0008,-1.0000
16.6671,0.0000,28.4724,1.1763,0.3629,16.6585,16.6607,15.4031,0.0013,-1.0000
16.6659,0.0000,28.4890,0.8147,0.4115,16.6760,16.6525,15.2766,0.0013,-1.0000
16.6665,0.0000,28.5056,1.1004,0.3838,16.6626,16.6598,15.5273,0.0010,-1.0000
16.6675,0.0000,28.5224,1.0377,0.3874,16.6773,16.6652,15.4634,0.0013,-1.0000
16.6661,0.0000,28.5389,1.2561,0.3658,16.6694,16.6516,15.2844,0.0009,-1.0000
16.6689,0.0000,28.5557,1.3746,0.3484,16.6602,16.6670,15.5978,0.0010,-1.0000
16.6660,0.0000,28.5724,1.1314,0.4446,16.6659,16.6597,15.3189,0.0013,-1.0000
16.6634,0.0000,28.5889,1.2005,0.3768,16.6745,16.6466,15.2957,0.0011,-1.0000
16.6674,0.0000,28.6056,1.3661,0.2913,16.6588,16.6629,15.7874,0.0009,-1.0000
16.6670,0.0000,28.6223,1.0679,0.3597,16.6736,16.6662,15.7232,0.0008,-1.0000
16.6655,0.0000,28.6390,1.3393,0.3662,16.6676,16.6515,15.6482,0.0010,-1.0000
16.6689,0.0000,28.6556,1.3498,0.2709,16.6529,16.6947,15.5509,0.0012,-1.0000
16.6650,0.0000,28.6722,0.8748,0.3593,16.6678,16.6308,15.4480,0.0012,-1.0000
16.6670,0.0000,28.6889,0.9423,0.2732,16.6718,16.6628,15.7271,0.0012,-1.0000
16.6686,0.0000,28.7056,1.0026,0.3683,16.6553,16.6708,15.7730,0.0010,-1.0000
16.6647,0.0000,28.7222,1.1425,0.4046,16.7003,16.6522,15.5842,0.0009,-1.0000
16.6677,0.0000,28.7389,1.1818,0.3120,16.6360,16.6695,15.8062,0.0010,-1.0000
16.6691,0.0000,28.7557,0.9345,0.3795,16.6667,16.6673,15.6155,0.0009,-1.0000
16.6668,0.0000,28.7723,0.8967,0.3403,16.6767,16.6559,15.3247,0.0012,-1.0000
16.6649,0.0000,28.7890,1.0671,0.3002,16.6563,16.6540,15.4586,0.0013,-1.0000
16.6667,0.0000,28.8056,0.8627,0.3117,16.6753,16.6629,15.4873,0.0011,-1.0000
16.6665,0.0000,28.8223,1.0508,0.3632,16.6751,16.6592,15.5281,0.0011,-1.0000
16.6675,0.0000,28.8389,1.3297,0.4721,16.6634,16.6621,15.5884,0.0010,-1.0000
16.6680,0.0000,28.8557,1.1941,0.2979,16.6612,16.6620,15.5870,0.0009,-1.0000
16.6634,0.0000,28.8722,1.1744,0.2759,16.6688,16.6479,15.4265,0.0012,-1.0000
16.6686,0.0000,28.8889,1.1301,0.3657,16.6656,16.6692,15.8168,0.0013,-1.0000
16.6679,0.0000,28.9057,1.0729,0.3202,16.6689,16.6665,15.5621,0.0010,-1.0000
16.6643,0.0000,28.9222,1.0740,0.3313,16.6690,16.6521,15.4593,0.0007,-1.0000
16.6689,0.0000,28.9389,1.2203,0.2819,16.6529,16.6691,15.7296,0.0008,-1.0000
16.6653,0.0000,28.9556,0.8512,0.3009,16.6739,16.6555,15.5219,0.0010,-1.0000
16.6653,0.0000,28.9722,1.1034,0.3568,16.6723,16.6570,15.5875,0.0009,-1.0000
16.6692,0.0000,28.9890,1.1921,0.3646,16.6574,16.6704,15.6574,0.0008,-1.0000
16.6658,0.0000,29.0056,0.9386,0.4102,16.6759,16.6565,15.4807,0.0009,-1.0000
16.6663,0.0000,29.0222,1.1326,0.3305,16.6612,16.6596,15.4256,0.0009,-1.0000
16.6685,0.0000,29.0389,1.0685,0.3365,16.6614,16.6690,15.5918,0.0009,-1.0000
16.6638,0.0000,29.0556,1.0124,0.4233,16.6759,16.6456,15.4775,0.0008,-1.0000
16.6694,0.0000,29.0723,1.1750,0.3082,16.6625,16.6721,15.8151,0.0008,-1.0000
16.6661,0.0000,29.0889,1.2331,0.3098,16.6650,16.6580,15.5707,0.0011,-1.0000
16.6646,0.0000,29.1055,1.0762,0.3570,16.6781,16.6534,15.6215,0.0010,-1.0000
16.6759,0.0000,29.1223,1.1673,0.2405,16.6501,16.6812,15.9324,0.0009,-1.0000
16.6644,0.0000,29.1388,0.8561,0.3069,16.6781,16.6494,15.5177,0.0009,-1.0000
16.6669,0.0000,29.1556,1.0861,0.2790,16.6644,16.6647,15.8264,0.0008,-1.0000
16.6710,0.0000,29.1726,1.0309,0.2266,16.6572,16.6772,15.6682,0.0011,-1.0000
16.6668,0.0000,29.1890,0.7476,0.2853,16.6871,16.6554,14.9078,0.0016,-1.0000
16.6663,0.0000,29.2057,1.1310,0.2630,16.6542,16.6562,15.2685,0.0011,-1.0000
16.6632,0.0000,29.2223,0.8375,0.2803,16.6692,16.6446,15.4479,0.0012,-1.0000
16.6662,0.0000,29.2388,1.0080,0.4851,16.6855,16.6606,15.5709,0.0011,-1.0000
16.6665,0.0000,29.2555,1.7460,0.5098,16.6669,16.6595,15.8343,0.0009,-1.0000
16.6682,0.0000,29.2723,1.3865,0.3799,16.6649,16.6690,15.8949,0.0009,-1.0000
16.6661,0.0000,29.2889,1.1957,0.3439,16.6510,16.6608,15.6414,0.0009,-1.0000
16.6662,0.0000,29.3055,1.0886,0.2997,16.6643,16.6579,15.5621,0.0011,-1.0000
16.6676,0.0000,29.3223,0.8243,0.2734,16.6638,16.6678,15.8965,0.0010,-1.0000
16.6667,0.0000,29.3388,0.7729,0.3065,16.6742,16.6574,15.4084,0.0010,-1.0000
16.6659,0.0000,29.3555,1.0183,0.3624,16.6657,16.6615,15.8809,0.0008,-1.0000
16.6683,0.0000,29.3723,1.0948,0.2406,16.6620,16.6713,15.8655,0.0007,-1.0000
16.6653,0.0000,29.3889,0.7705,0.2508,16.6731,16.6506,15.5961,0.0013,-1.0000
16.6677,0.0000,29.4056,1.2479,0.2444,16.6625,16.6692,15.8784,0.0008,-1.0000
16.6656,0.0000,29.4222,0.7799,0.2312,16.6651,16.6566,15.6570,0.0013,-1.0000
16.6662,0.0000,29.4389,0.8048,0.2659,16.6769,16.6606,15.8287,0.0008,-1.0000
16.6679,0.0000,29.4556,1.0533,0.2378,16.6547,16.6689,15.8061,0.0008,-1.0000
16.6658,0.0000,29.4722,0.7901,0.2456,16.6745,16.6561,15.6645,0.0009,-1.0000
16.6670,0.0000,29.4889,0.9985,0.2456,16.6607,16.6660,15.7881,0.0011,-1.0000
16.6673,0.0000,29.5056,0.8309,0.2940,16.6644,16.6628,15.7627,0.0009,-1.0000
16.6661,0.0000,29.5222,0.8620,0.3438,16.6734,16.6604,15.7101,0.0009,-1.0000
16.6673,0.0000,29.5389,0.9906,0.3128,16.6600,16.6688,15.7662,0.0008,-1.0000
16.6689,0.0000,29.5556,0.8769,0.2917,16.6708,16.6635,15.6651,0.0009,-1.0000
16.6652,0.0000,29.5723,0.8993,0.3104,16.6671,16.6572,15.4853,0.0008,-1.0000
16.6669,0.0000,29.5890,0.9495,0.3164,16.6641,16.6614,15.6068,0.0008,-1.0000
16.6652,0.0000,29.6056,0.9019,0.3077,16.6738,16.6558,15.6206,0.0008,-1.0000
16.6680,0.0000,29.6223,0.9972,0.3354,16.6700,16.6671,15.7158,0.0010,-1.0000
16.6671,0.0000,29.6389,1.1711,0.3095,16.6634,16.6617,15.6518,0.0008,-1.0000
16.6660,0.0000,29.6556,1.0538,0.2662,16.6670,16.6660,15.6263,0.0011,-1.0000
16.6673,0.0000,29.6723,1.0345,0.2828,16.6605,16.6572,15.8561,0.0008,-1.0000
16.6655,0.0000,29.6889,0.9503,0.2860,16.6724,16.6585,15.5935,0.0010,-1.0000
16.6673,0.0000,29.7056,1.0091,0.3442,16.6673,16.6635,15.9087,0.0008,-1.0000
16.6670,0.0000,29.7223,1.0388,0.2437,16.6701,16.6638,15.6824,0.0009,-1.0000
16.6659,0.0000,29.7388,0.8002,0.2948,16.6615,16.6558,15.6108,0.0010,-1.0000
16.6677,0.0000,29.7556,1.0639,0.2543,16.6637,16.6673,15.9026,0.0009,-1.0000
16.6660,0.0000,29.7722,0.7539,0.2585,16.6683,16.6595,15.7136,0.0009,-1.0000
16.6663,0.0000,29.7889,0.9806,0.2662,16.6684,16.6692,15.7522,0.0009,-1.0000
16.6685,0.0000,29.8056,1.0444,0.2341,16.6605,16.6610,15.8407,0.0011,-1.0000
16.6658,0.0000,29.8222,0.7641,0.2939,16.6717,16.6572,15.6177,0.0009,-1.0000
16.6658,0.0000,29.8388,0.9451,0.2547,16.6643,16.6582,15.7351,0.0010,-1.0000
16.6687,0.0000,29.8556,0.9161,0.2455,16.6729,16.6719,15.7722,0.0010,-1.0000
16.6656,0.0000,29.8722,0.8195,0.3542,16.6665,16.6573,15.6022,0.0012,-1.0000
16.6675,0.0000,29.8890,1.0386,0.2597,16.6621,16.6644,15.7043,0.0009,-1.0000
16.6670,0.0000,29.9056,0.9221,0.2868,16.6618,16.6622,15.5590,0.0009,-1.0000
16.6660,0.0000,29.9222,0.8988,0.2829,16.6770,16.6575,15.5492,0.0009,-1.0000
16.6658,0.0000,29.9388,1.0541,0.2714,16.6623,16.6591,15.6962,0.0009,-1.0000
16.6694,0.0000,29.9556,0.9593,0.2695,16.6691,16.6699,15.8958,0.0007,-1.0000
16.6641,0.0000,29.9722,1.1022,0.3227,16.6683,16.6530,15.5972,0.0008,-1.0000
16.6693,0.0000,29.9890,1.1073,0.2813,16.6633,16.6738,15.8836,0.0009,-1.0000
16.6653,0.0000,30.0056,0.9620,0.2775,16.6631,16.6525,15.5720,0.0009,-1.0000
16.6664,0.0000,30.0222,0.7734,0.2901,16.6751,16.6628,15.6503,0.0009,-1.0000
16.7163,0.0000,30.0389,1.0550,0.2407,16.6565,16.7175,15.7620,0.0009,-1.0000
16.6640,0.0000,30.0556,0.7892,0.2779,16.6790,16.6463,15.5685,0.0009,-1.0000
16.6675,0.0000,30.0723,1.0795,0.2675,16.6584,16.6662,15.7858,0.0011,-1.0000
16.6680,0.0000,30.0890,1.0116,0.2574,16.6674,16.6677,15.8176,0.0007,-1.0000
16.6648,0.0000,30.1056,0.9547,0.3292,16.7251,16.6524,15.5577,0.0010,-1.0000
16.6699,0.0000,30.1224,1.0770,0.1994,16.6508,16.6770,15.9012,0.0010,-1.0000
16.6659,0.0000,30.1389,0.8794,0.2597,16.6702,16.6558,15.4445,0.0013,-1.0000
16.6678,0.0000,30.1557,0.8495,0.3138,16.6737,16.6637,15.5831,0.0012,-1.0000
16.6675,0.0000,30.1724,1.0937,0.2588,16.6564,16.6605,15.3555,0.0013,-1.0000
16.6641,0.0000,30.1890,0.7750,0.3103,16.6843,16.6512,15.4964,0.0010,-1.0000
16.6696,0.0000,30.2056,1.2101,0.2999,16.6610,16.6589,15.6927,0.0009,-1.0000
16.6696,0.0000,30.2224,1.0797,0.3556,16.6706,16.6770,15.8724,0.0008,-1.0000
16.6650,0.0000,30.2389,1.3037,0.2939,16.6682,16.6492,15.5016,0.0009,-1.0000
16.6659,0.0000,30.2556,1.1538,0.2798,16.6580,16.6627,15.7681,0.0008,-1.0000
16.6677,0.0000,30.2723,0.9652,0.2418,16.6629,16.6645,15.7632,0.0010,-1.0000
16.6654,0.0000,30.2889,0.8039,0.2781,16.6841,16.6552,15.6269,0.0013,-1.0000
16.6682,0.0000,30.3057,1.1468,0.2991,16.6538,16.6699,15.8312,0.0010,-1.0000
16.6660,0.0000,30.3223,0.8939,0.3024,16.6676,16.6565,15.6571,0.0009,-1.0000
16.6684,0.0000,30.3389,0.9004,0.2776,16.6698,16.6653,15.6484,0.0008,-1.0000
16.8689,0.0000,30.3560,1.0272,0.2465,16.6594,16.8646,15.8878,0.0008,-1.0000
16.6670,0.0000,30.3726,0.8378,0.2922,16.6759,16.6644,15.3383,0.0013,-1.0000
16.6671,0.0000,30.3893,0.9986,0.2788,16.6618,16.6556,15.4841,0.0013,-1.0000
16.6682,0.0000,30.4062,1.0162,0.3041,16.6716,16.6938,15.4503,0.0013,-1.0000
16.6670,0.0000,30.4226,0.9756,0.3108,16.8707,16.6283,15.1367,0.0016,-1.0000
16.6660,0.0000,30.4392,1.3245,0.3330,16.6718,16.6558,15.3292,0.0015,-1.0000
16.6680,0.0000,30.4562,1.1701,0.3104,16.6633,16.6612,15.4845,0.0012,-1.0000
16.6655,0.0000,30.4727,1.2422,0.4907,16.7037,16.6552,15.0058,0.0013,-1.0000
16.6663,0.0000,30.4893,1.4897,0.4109,16.6368,16.6541,15.1583,0.0012,-1.0000
16.6663,0.0000,30.5059,1.3252,0.4073,16.6641,16.6602,15.4263,0.0012,-1.0000
16.6662,0.0000,30.5227,1.1753,0.5185,16.6692,16.6585,15.3909,0.0013,-1.0000
16.6648,0.0000,30.5392,1.6479,0.3946,16.6646,16.6541,15.3426,0.0010,-1.0000
16.6677,0.0000,30.5559,1.4946,0.4237,16.6633,16.6658,15.7156,0.0010,-1.0000
16.6681,0.0000,30.5727,1.2326,0.3700,16.6661,16.6655,15.3047,0.0010,-1.0000
16.6637,0.0000,30.5891,1.2663,0.3750,16.6649,16.6487,15.3605,0.0011,-1.0000
16.6684,0.0000,30.6061,1.3106,0.3699,16.6584,16.6717,15.9185,0.0009,-1.0000
16.6668,0.0000,30.6226,0.9493,0.4313,16.6703,16.6562,15.3654,0.0014,-1.0000
16.6657,0.0000,30.6391,1.3598,0.3891,16.6723,16.6605,15.5889,0.0009,-1.0000
16.6675,0.0000,30.6559,1.2872,0.3468,16.6534,16.6663,15.7224,0.0010,-1.0000
16.6657,0.0000,30.6725,0.7521,0.3983,16.6771,16.6544,15.4914,0.0010,-1.0000
16.6696,0.0000,30.6893,1.2895,0.3549,16.6617,16.6782,15.8558,0.0009,-1.0000
16.6679,0.0000,30.7060,1.0709,0.3257,16.6655,16.6577,15.3488,0.0011,-1.0000
16.6662,0.0000,30.7226,0.9431,0.4159,16.6721,16.6575,15.3672,0.0011,-1.0000
16.6670,0.0000,30.7392,1.1621,0.3204,16.6580,16.6610,15.4267,0.0011,-1.0000
16.6657,0.0000,30.7560,0.8215,0.4835,16.6845,16.6569,15.4223,0.0011,-1.0000
16.6654,0.0000,30.7725,1.3076,0.4082,16.6653,16.6546,15.4590,0.0011,-1.0000
16.6696,0.0000,30.7893,1.2891,0.4094,16.6648,16.6746,15.5847,0.0008,-1.0000
16.6632,0.0000,30.8059,1.2331,0.3700,16.6691,16.6432,15.4186,0.0011,-1.0000
16.6667,0.0000,30.8225,1.2334,0.3023,16.6645,16.6599,15.7035,0.0008,-1.0000
16.6699,0.0000,30.8392,1.1947,0.3384,16.6607,16.6724,15.7124,0.0009,-1.0000
16.6677,0.0000,30.8560,1.0893,0.3121,16.6816,16.6617,15.5028,0.0011,-1.0000
16.6654,0.0000,30.8726,1.2236,0.2682,16.6503,16.6510,15.3353,0.0017,-1.0000
16.6669,0.0000,30.8893,0.9557,0.2639,16.6645,16.6622,15.4292,0.0013,-1.0000
16.6666,0.0000,30.9059,0.9587,0.3085,16.6791,16.6590,15.4815,0.0012,-1.0000
16.6642,0.0000,30.9225,1.1578,0.3830,16.6710,16.6493,15.4282,0.0010,-1.0000
16.6684,0.0000,30.9391,1.3135,0.3302,16.6585,16.6675,15.8185,0.0007,-1.0000
16.6649,0.0000,30.9558,1.2317,0.3013,16.6696,16.6543,15.6410,0.0011,-1.0000
16.6684,0.0000,30.9726,1.1765,0.3196,16.6667,16.6679,15.8028,0.0008,-1.0000
16.6672,0.0000,30.9892,1.2201,0.2756,16.6551,16.6650,15.6557,0.0011,-1.0000
16.6648,0.0000,31.0058,0.8483,0.3568,16.6738,16.6491,15.6090,0.0009,-1.0000
16.6673,0.0000,31.0225,1.0122,0.2970,16.6588,16.6668,15.9738,0.0008,-1.0000
16.6673,0.0000,31.0391,0.8642,0.2465,16.6731,16.6641,15.7143,0.0007,-1.0000
16.6655,0.0000,31.0558,1.0084,0.3016,16.6711,16.6569,15.8031,0.0008,-1.0000
16.6676,0.0000,31.0726,1.0392,0.2307,16.6536,16.6675,15.8799,0.0011,-1.0000
16.6656,0.0000,31.0891,0.6924,0.3343,16.6712,16.6562,15.6390,0.0009,-1.0000
16.6683,0.0000,31.1059,0.9493,0.2502,16.6682,16.6686,15.9404,0.0008,-1.0000
16.6658,0.0000,31.1225,0.8530,0.2298,16.6608,16.6612,15.7342,0.0008,-1.0000
16.6661,0.0000,31.1391,0.7863,0.2519,16.6729,16.6566,15.7306,0.0008,-1.0000
16.6685,0.0000,31.1559,1.0164,0.2603,16.6603,16.6711,15.9973,0.0008,-1.0000
16.6649,0.0000,31.1724,0.7274,0.2635,16.6733,16.6519,15.6344,0.0010,-1.0000
16.6674,0.0000,31.1892,0.9260,0.2589,16.6662,16.6679,15.9385,0.0008,-1.0000
16.6666,0.0000,31.2058,0.9253,0.2128,16.6604,16.6612,15.7470,0.0010,-1.0000
16.6675,0.0000,31.2225,0.6728,0.2418,16.6761,16.6641,15.7357,0.0008,-1.0000
16.6678,0.0000,31.2391,1.0166,0.2543,16.6566,16.6666,15.7366,0.0007,-1.0000
16.6647,0.0000,31.2558,0.7288,0.2488,16.6724,16.6511,15.7126,0.0011,-1.0000
16.6674,0.0000,31.2725,0.9134,0.2973,16.6660,16.6675,15.8284,0.0008,-1.0000
16.6661,0.0000,31.2891,0.9275,0.2595,16.6694,16.6575,15.8061,0.0008,-1.0000
16.6666,0.0000,31.3058,0.9289,0.3009,16.6726,16.6613,15.8237,0.0008,-1.0000
16.6679,0.0000,31.3225,0.9373,0.2573,16.6554,16.6693,15.8825,0.0009,-1.0000
16.6657,0.0000,31.3391,0.8385,0.2836,16.6721,16.6556,15.7032,0.0009,-1.0000
16.6685,0.0000,31.3559,0.8507,0.2456,16.6623,16.6714,15.9475,0.0008,-1.0000
16.6686,0.0000,31.3726,0.8368,0.2322,16.6648,16.6664,15.6677,0.0009,-1.0000
16.6636,0.0000,31.3892,0.7859,0.2639,16.6743,16.6512,15.5140,0.0010,-1.0000
16.6681,0.0000,31.4059,0.9515,0.3796,16.6593,16.6656,15.7144,0.0010,-1.0000
16.6664,0.0000,31.4226,0.7232,0.2614,16.6759,16.6583,15.5590,0.0010,-1.0000
16.6660,0.0000,31.4396,0.9977,0.2929,16.6733,16.6581,15.4907,0.0011,-1.0000
16.6680,0.0000,31.4559,1.1363,0.2324,16.6564,16.6701,15.2673,0.0010,-1.0000
16.6654,0.0000,31.4725,0.9502,0.2949,16.6711,16.6538,15.4182,0.0013,-1.0000
16.6680,0.0000,31.4892,1.0985,0.2525,16.6634,16.6673,15.7285,0.0008,-1.0000
16.6678,0.0000,31.5059,1.1666,0.4155,16.6629,16.6648,15.6249,0.0008,-1.0000
16.6641,0.0000,31.5231,1.4018,0.4246,16.6753,16.6503,15.5047,0.0010,-1.0000
16.6702,0.0000,31.5392,1.2345,0.3718,16.6586,16.6746,15.1613,0.0011,-1.0000
16.6643,0.0000,31.5559,0.9379,0.3692,16.6721,16.6520,15.5086,0.0012,-1.0000
16.6683,0.0000,31.5726,1.0387,0.3948,16.6711,16.6656,15.4421,0.0010,-1.0000
16.6662,0.0000,31.5893,1.1447,0.3098,16.6549,16.6607,15.4799,0.0009,-1.0000
16.6663,0.0000,31.6064,1.5122,0.3674,16.6810,16.6574,15.4877,0.0011,-1.0000
16.6654,0.0000,31.6225,1.1422,0.3476,16.6577,16.6575,15.0288,0.0011,-1.0000
16.6687,0.0000,31.6392,1.2223,0.3644,16.6717,16.6706,15.7814,0.0007,-1.0000
16.6647,0.0000,31.6558,1.1801,0.3733,16.6672,16.6573,15.5146,0.0009,-1.0000
16.6687,0.0000,31.6726,1.1685,0.3482,16.6630,16.6655,15.7967,0.0008,-1.0000
16.6664,0.0000,31.6894,1.6277,0.3216,16.6618,16.6577,15.4706,0.0011,-1.0000
16.6657,0.0000,31.7058,0.8884,0.4441,16.6760,16.6579,15.4549,0.0010,-1.0000
16.6698,0.0000,31.7226,1.1419,0.2820,16.6614,16.6743,15.8055,0.0010,-1.0000
16.6647,0.0000,31.7391,0.8680,0.3834,16.6706,16.6529,15.3702,0.0011,-1.0000
16.6665,0.0000,31.7559,1.1861,0.3582,16.6630,16.6596,15.6926,0.0009,-1.0000
16.6678,0.0000,31.7727,1.2021,0.3226,16.6621,16.6678,15.7041,0.0009,-1.0000
16.6662,0.0000,31.7892,0.8677,0.3684,16.6808,16.6553,15.4595,0.0009,-1.0000
16.6694,0.0000,31.8060,1.2817,0.3590,16.6577,16.6725,15.6335,0.0010,-1.0000
16.6666,0.0000,31.8226,0.9662,0.3249,16.6643,16.6572,15.3990,0.0011,-1.0000
16.6632,0.0000,31.8391,0.9628,0.3619,16.6731,16.6500,15.4698,0.0014,-1.0000
16.6687,0.0000,31.8559,1.1951,0.3473,16.6601,16.6703,15.8581,0.0009,-1.0000
16.6684,0.0000,31.8726,1.0379,0.3821,16.6792,16.6645,15.4638,0.0010,-1.0000
16.6641,0.0000,31.8892,1.2570,0.3633,16.6646,16.6515,15.3883,0.0008,-1.0000
16.6677,0.0000,31.9059,1.1789,0.3268,16.6546,16.6654,15.4958,0.0012,-1.0000
16.6653,0.0000,31.9225,0.8113,0.3663,16.6757,16.6547,15.5590,0.0010,-1.0000
16.6682,0.0000,31.9391,1.1996,0.3464,16.6716,16.6707,15.8036,0.0009,-1.0000
16.6674,0.0000,31.9559,1.2624,0.3097,16.6576,16.6623,15.6361,0.0012,-1.0000
16.6662,0.0000,31.9726,1.1686,0.3117,16.6707,16.6580,15.5288,0.0010,-1.0000
16.6670,0.0000,31.9892,1.0949,0.2916,16.6583,16.6625,15.5874,0.0010,-1.0000
16.6682,0.0000,32.0059,0.8661,0.2638,16.6756,16.6657,15.5946,0.0010,-1.0000
16.6640,0.0000,32.0225,1.0253,0.2865,16.6685,16.6477,15.5621,0.0011,-1.0000
16.6681,0.0000,32.0391,1.1281,0.3060,16.6636,16.6674,15.7287,0.0009,-1.0000
16.6656,0.0000,32.0559,1.0739,0.2860,16.6677,16.6588,15.6737,0.0007,-1.0000
16.6666,0.0000,32.0725,1.0702,0.3145,16.6730,16.6616,15.6823,0.0008,-1.0000
16.6688,0.0000,32.0892,1.0846,0.2653,16.6531,16.6693,15.8307,0.0009,-1.0000
16.6642,0.0000,32.1058,0.9380,0.2801,16.6729,16.6525,15.4588,0.0011,-1.0000
16.6690,0.0000,32.1226,0.9848,0.2923,16.6635,16.6696,15.8327,0.0008,-1.0000
16.6688,0.0000,32.1392,0.9785,0.2575,16.6657,16.6688,15.6128,0.0009,-1.0000
16.6630,0.0000,32.1558,0.8378,0.3366,16.6750,16.6443,15.4357,0.0011,-1.0000
16.6688,0.0000,32.1726,1.1926,0.2378,16.6562,16.6700,15.8252,0.0009,-1.0000
16.6658,0.0000,32.1892,0.8361,0.2917,16.6747,16.6575,15.5412,0.0011,-1.0000
16.6674,0.0000,32.2059,1.0552,0.3411,16.6767,16.6638,15.6452,0.0008,-1.0000
16.6669,0.0000,32.2226,1.2075,0.2576,16.6495,16.6611,15.5456,0.0012,-1.0000
16.6657,0.0000,32.2391,0.8436,0.2900,16.6757,16.6550,15.5557,0.0014,-1.0000
16.6674,0.0000,32.2559,1.1153,0.3014,16.6634,16.6662,15.8082,0.0009,-1.0000
16.6685,0.0000,32.2726,1.0178,0.2845,16.6692,16.6657,15.5815,0.0013,-1.0000
16.6633,0.0000,32.2891,1.1141,0.2993,16.6675,16.6471,15.5001,0.0012,-1.0000
16.6683,0.0000,32.3059,1.0981,0.3009,16.6604,16.6728,15.8571,0.0010,-1.0000
16.6688,0.0000,32.3226,0.8571,0.2721,16.6711,16.6632,15.4986,0.0011,-1.0000
16.6675,0.0000,32.3392,1.0828,0.2986,16.6727,16.6618,15.4875,0.0010,-1.0000
16.6648,0.0000,32.3559,1.1460,0.2212,16.6522,16.6528,15.4512,0.0010,-1.0000
16.6673,0.0000,32.3726,0.8146,0.2946,16.6783,16.6627,15.5012,0.0011,-1.0000
16.6652,0.0000,32.3892,1.1633,0.3301,16.6703,16.6547,15.4347,0.0011,-1.0000
16.6683,0.0000,32.4059,1.1735,0.3567,16.6697,16.6691,15.5871,0.0009,-1.0000
16.6643,0.0000,32.4225,1.2006,0.3305,16.6605,16.6499,15.5133,0.0009,-1.0000
16.6691,0.0000,32.4392,1.1604,0.3314,16.6691,16.6671,15.8074,0.0010,-1.0000
16.6657,0.0000,32.4559,1.2190,0.2625,16.6603,16.6570,15.5941,0.0011,-1.0000
16.6654,0.0000,32.4725,1.0810,0.3031,16.6760,16.6562,15.6776,0.0009,-1.0000
16.6698,0.0000,32.4892,1.1356,0.2952,16.6564,16.6740,15.8529,0.0009,-1.0000
16.6644,0.0000,32.5058,0.8587,0.2973,16.6724,16.6511,15.5019,0.0014,-1.0000
16.6661,0.0000,32.5225,1.0620,0.3276,16.6626,16.6609,15.7884,0.0010,-1.0000
16.6707,0.0000,32.5392,0.9778,0.2479,16.6596,16.6794,15.9023,0.0008,-1.0000
16.6652,0.0000,32.5559,0.8200,0.3024,16.6799,16.6503,15.5641,0.0008,-1.0000
16.6693,0.0000,32.5726,1.1479,0.2625,16.6561,16.6701,15.4491,0.0012,-1.0000
16.6652,0.0000,32.5892,0.8716,0.2341,16.6644,16.6524,15.4314,0.0011,-1.0000
16.6638,0.0000,32.6058,0.7762,0.2798,16.6862,16.6503,15.4231,0.0011,-1.0000
16.6701,0.0000,32.6226,1.0853,0.3554,16.6570,16.6713,15.8505,0.0010,-1.0000
16.6656,0.0000,32.6392,1.2197,0.3512,16.6775,16.6588,15.5100,0.0011,-1.0000
16.6654,0.0000,32.6559,1.2201,0.3062,16.6600,16.6548,15.4953,0.0008,-1.0000
16.6669,0.0000,32.6725,1.2263,0.2516,16.6548,16.6635,15.6744,0.0008,-1.0000
16.6676,0.0000,32.6892,0.8198,0.3258,16.6775,16.6704,15.6677,0.0008,-1.0000
16.6648,0.0000,32.7058,1.1476,0.2828,16.6658,16.6460,15.5714,0.0014,-1.0000
16.6701,0.0000,32.7226,1.1589,0.3143,16.6598,16.6755,15.9054,0.0008,-1.0000
16.6640,0.0000,32.7391,0.9880,0.2763,16.6685,16.6531,15.3175,0.0010,-1.0000
16.6664,0.0000,32.7558,1.0020,0.2951,16.6757,16.6589,15.8503,0.0010,-1.0000
16.6694,0.0000,32.7726,1.0733,0.2752,16.6497,16.6803,15.9028,0.0008,-1.0000
16.6638,0.0000,32.7892,0.7693,0.3070,16.6812,16.6477,15.4541,0.0012,-1.0000
16.6677,0.0000,32.8059,1.3347,0.2409,16.6584,16.6624,15.7240,0.0009,-1.0000
16.6680,0.0000,32.8226,0.8077,0.2855,16.6625,16.6665,15.6193,0.0010,-1.0000
16.6646,0.0000,32.8391,0.7767,0.3017,16.6867,16.6512,15.5885,0.0010,-1.0000
16.6705,0.0000,32.8559,1.1928,0.3035,16.6526,16.6754,15.9324,0.0008,-1.0000
16.6656,0.0000,32.8726,0.9374,0.2746,16.6664,16.6580,15.5707,0.0009,-1.0000
16.6646,0.0000,32.8892,1.0462,0.2894,16.6720,16.6527,15.5843,0.0010,-1.0000
16.6681,0.0000,32.9059,1.0618,0.2524,16.6553,16.6705,15.7946,0.0011,-1.0000
16.6656,0.0000,32.9225,0.7422,0.3448,16.6810,16.6551,15.5328,0.0011,-1.0000
16.6671,0.0000,32.9391,1.0865,0.3026,16.6642,16.6646,15.8322,0.0007,-1.0000
16.6665,0.0000,32.9559,1.0675,0.2434,16.6569,16.6616,15.6951,0.0009,-1.0000
16.6665,0.0000,32.9725,0.8746,0.3085,16.6758,16.6581,15.7398,0.0009,-1.0000
16.6676,0.0000,32.9894,1.1213,0.2464,16.6599,16.6673,15.8900,0.0010,-1.0000
16.6655,0.0000,33.0058,0.8318,0.2364,16.6695,16.6550,15.2046,0.0008,-1.0000
16.6664,0.0000,33.0225,0.9655,0.2551,16.6662,16.6637,15.9056,0.0008,-1.0000
16.6672,0.0000,33.0391,0.9176,0.2303,16.6618,16.6675,15.9087,0.0007,-1.0000
16.6665,0.0000,33.0558,0.7763,0.3216,16.6730,16.6578,15.8166,0.0008,-1.0000
16.6678,0.0000,33.0725,1.4496,0.2231,16.6586,16.6682,15.8700,0.0009,-1.0000
16.6657,0.0000,33.0891,0.7575,0.2201,16.6672,16.6576,15.6745,0.0008,-1.0000
16.6685,0.0000,33.1059,0.7580,0.2644,16.6717,16.6704,15.8328,0.0010,-1.0000
16.6655,0.0000,33.1225,0.8405,0.2551,16.6613,16.6560,15.6912,0.0009,-1.0000
16.6667,0.0000,33.1391,0.7974,0.2506,16.6733,16.6618,15.8357,0.0009,-1.0000
16.6668,0.0000,33.1558,0.9822,0.2418,16.6607,16.6637,15.9221,0.0008,-1.0000
16.6664,0.0000,33.1725,0.8364,0.2567,16.6760,16.6609,15.8421,0.0008,-1.0000
16.6671,0.0000,33.1892,0.9638,0.2522,16.6609,16.6652,15.8687,0.0010,-1.0000
16.6668,0.0000,33.2058,0.8252,0.2263,16.6654,16.6624,15.7436,0.0008,-1.0000
16.6665,0.0000,33.2225,0.7409,0.2224,16.6682,16.6614,15.8490,0.0010,-1.0000
16.6678,0.0000,33.2391,0.8180,0.2468,16.6645,16.6675,15.8176,0.0007,-1.0000
16.6670,0.0000,33.2559,0.7957,0.2823,16.6695,16.6649,15.7272,0.0009,-1.0000
16.6661,0.0000,33.2725,0.9180,0.2366,16.6659,16.6567,15.6000,0.0009,-1.0000
16.6699,0.0000,33.2892,0.8114,0.2520,16.6653,16.6642,15.7722,0.0010,-1.0000
16.6669,0.0000,33.3059,0.8490,0.2529,16.6711,16.6622,15.6719,0.0009,-1.0000
16.6671,0.0000,33.3225,0.9367,0.2866,16.6714,16.6649,15.6949,0.0011,-1.0000
16.6661,0.0000,33.3391,1.0559,0.2805,16.6617,16.6586,15.6175,0.0011,-1.0000
16.6703,0.0000,33.3560,0.8911,0.2604,16.6689,16.6741,15.8930,0.0009,-1.0000
16.6679,0.0000,33.3726,0.9894,0.2692,16.6662,16.6610,15.1899,0.0011,-1.0000
16.6629,0.0000,33.3892,0.9690,0.3249,16.6695,16.6474,15.4085,0.0011,-1.0000
16.6666,0.0000,33.4059,1.0401,0.2645,16.6628,16.6762,15.5734,0.0010,-1.0000
16.6678,0.0000,33.4226,0.7803,0.3456,16.6811,16.6644,15.4698,0.0011,-1.0000
16.6647,0.0000,33.4391,1.4700,0.3502,16.6699,16.6380,15.5495,0.0010,-1.0000
16.6683,0.0000,33.4559,1.2380,0.2996,16.6531,16.6766,15.9498,0.0008,-1.0000
16.6660,0.0000,33.4725,1.1021,0.4274,16.6813,16.6512,15.6762,0.0009,-1.0000
16.6658,0.0000,33.4891,1.1936,0.3133,16.6705,16.6586,15.7192,0.0009,-1.0000
16.6702,0.0000,33.5059,1.0877,0.2615,16.6422,16.6759,15.9461,0.0009,-1.0000
16.6666,0.0000,33.5226,0.7259,0.2874,16.6818,16.6591,15.5948,0.0008,-1.0000
16.6657,0.0000,33.5392,0.9741,0.2538,16.6559,16.6557,15.4803,0.0011,-1.0000
16.6665,0.0000,33.5559,0.9386,0.2279,16.6619,16.6635,15.6554,0.0008,-1.0000
16.6650,0.0000,33.5725,0.7287,0.3335,16.6816,16.6536,15.5085,0.0008,-1.0000
16.6679,0.0000,33.5892,1.0635,0.2944,16.6665,16.6681,15.8996,0.0010,-1.0000
16.6662,0.0000,33.6058,1.1744,0.2686,16.6615,16.6597,15.7288,0.0008,-1.0000
16.6659,0.0000,33.6224,1.0074,0.3054,16.6687,16.6571,15.7841,0.0009,-1.0000
16.6675,0.0000,33.6391,1.1444,0.2491,16.6579,16.6679,15.9954,0.0009,-1.0000
16.6660,0.0000,33.6558,0.7678,0.2659,16.6723,16.6604,15.8455,0.0008,-1.0000
16.6671,0.0000,33.6725,0.9301,0.2519,16.6642,16.6635,15.9192,0.0010,-1.0000
16.6668,0.0000,33.6891,0.8723,0.2378,16.6606,16.6631,15.8587,0.0008,-1.0000
16.6662,0.0000,33.7058,0.6717,0.2249,16.6720,16.6608,15.8841,0.0009,-1.0000
16.6673,0.0000,33.7226,0.8142,0.2263,16.6640,16.6676,15.9070,0.0010,-1.0000
16.6663,0.0000,33.7391,0.7435,0.2348,16.6679,16.6565,15.6161,0.0009,-1.0000
16.6671,0.0000,33.7559,0.8037,0.2614,16.6668,16.6675,15.9810,0.0009,-1.0000
16.6663,0.0000,33.7725,0.7760,0.2063,16.6645,16.6590,15.7471,0.0009,-1.0000
16.6673,0.0000,33.7892,0.7596,0.2633,16.6725,16.6648,15.9168,0.0010,-1.0000
16.6668,0.0000,33.8059,1.0396,0.2252,16.6601,16.6625,15.8659,0.0011,-1.0000
16.6662,0.0000,33.8224,0.6858,0.2317,16.6728,16.6580,15.7331,0.0010,-1.0000
16.6682,0.0000,33.8392,0.9110,0.2318,16.6631,16.6728,15.9880,0.0008,-1.0000
16.6654,0.0000,33.8558,0.7471,0.2214,16.6692,16.6525,15.5520,0.0008,-1.0000
16.6669,0.0000,33.8725,0.7956,0.2476,16.6675,16.6655,15.8503,0.0009,-1.0000
16.6675,0.0000,33.8892,0.9240,0.2251,16.6613,16.6653,15.8169,0.0007,-1.0000
16.6652,0.0000,33.9058,0.6839,0.2775,16.6778,16.6547,15.6705,0.0011,-1.0000
16.6678,0.0000,33.9225,1.1002,0.2440,16.6569,16.6703,15.9572,0.0008,-1.0000
16.6661,0.0000,33.9391,0.8144,0.2139,16.6695,16.6578,15.7294,0.0009,-1.0000
16.6666,0.0000,33.9558,0.8475,0.2450,16.6696,16.6635,15.9242,0.0010,-1.0000
16.6672,0.0000,33.9726,0.9833,0.2193,16.6583,16.6652,15.8360,0.0008,-1.0000
16.6665,0.0000,33.9891,0.7123,0.2428,16.6750,16.6584,15.6861,0.0007,-1.0000
16.6670,0.0000,34.0059,0.9275,0.2160,16.6622,16.6652,15.8686,0.0010,-1.0000
16.6665,0.0000,34.0225,0.7383,0.2698,16.6679,16.6616,15.7840,0.0007,-1.0000
16.6703,0.0000,34.0392,0.8284,0.2379,16.6697,16.6748,15.8755,0.0011,-1.0000
16.6648,0.0000,34.0559,0.9716,0.2296,16.6618,16.6524,15.6282,0.0009,-1.0000
16.6649,0.0000,34.0725,0.7956,0.2818,16.6698,16.6533,15.5467,0.0011,-1.0000
16.6677,0.0000,34.0892,0.8770,0.2366,16.6651,16.6691,15.9485,0.0008,-1.0000
16.6666,0.0000,34.1059,0.7982,0.2911,16.6813,16.6613,15.5850,0.0010,-1.0000
16.6670,0.0000,34.1225,1.0233,0.2755,16.6591,16.6625,15.7141,0.0009,-1.0000
16.6680,0.0000,34.1392,1.1056,0.2275,16.6566,16.6640,15.6388,0.0010,-1.0000
16.6647,0.0000,34.1558,0.7198,0.2810,16.6739,16.6548,15.5198,0.0010,-1.0000
16.6684,0.0000,34.1725,1.0755,0.2594,16.6669,16.6690,15.8090,0.0010,-1.0000
16.6673,0.0000,34.1892,0.9474,0.2821,16.6674,16.6637,15.6638,0.0008,-1.0000
16.6643,0.0000,34.2058,1.0243,0.2853,16.6696,16.6509,15.5825,0.0009,-1.0000
16.6678,0.0000,34.2225,1.1341,0.2444,16.6586,16.6676,15.8756,0.0008,-1.0000
16.6661,0.0000,34.2391,0.8591,0.3130,16.6743,16.6603,15.6493,0.0009,-1.0000
16.6670,0.0000,34.2559,0.9992,0.3029,16.6696,16.6622,15.8913,0.0009,-1.0000
16.6680,0.0000,34.2726,1.0677,0.2536,16.6549,16.6674,15.6998,0.0009,-1.0000
16.6668,0.0000,34.2892,0.7913,0.2653,16.6721,16.6600,15.2463,0.0014,-1.0000
16.6653,0.0000,34.3058,1.0102,0.2464,16.6644,16.6556,15.6007,0.0009,-1.0000
16.6686,0.0000,34.3226,0.7702,0.3038,16.6673,16.6717,15.7724,0.0008,-1.0000
16.6648,0.0000,34.3391,0.9670,0.3420,16.6728,16.6509,15.4749,0.0012,-1.0000
16.6682,0.0000,34.3559,1.4125,0.2761,16.6654,16.6709,15.9441,0.0011,-1.0000
16.6655,0.0000,34.3725,1.0540,0.2648,16.6600,16.6547,15.5649,0.0013,-1.0000
16.6664,0.0000,34.3892,0.8983,0.3377,16.6770,16.6587,15.7052,0.0011,-1.0000
16.6699,0.0000,34.4059,1.1748,0.2494,16.6553,16.6741,15.7801,0.0011,-1.0000
16.6651,0.0000,34.4226,0.7257,0.2754,16.6772,16.6570,15.5201,0.0010,-1.0000
16.6654,0.0000,34.4391,1.0887,0.2778,16.6604,16.6563,15.6477,0.0010,-1.0000
16.6691,0.0000,34.4559,0.9524,0.2506,16.6629,16.6695,15.8415,0.0008,-1.0000
16.6644,0.0000,34.4725,0.8927,0.2947,16.6803,16.6511,15.5766,0.0009,-1.0000
16.6693,0.0000,34.4892,1.1360,0.2840,16.6626,16.6708,15.8835,0.0009,-1.0000
16.6641,0.0000,34.5058,1.0076,0.2595,16.6604,16.6526,15.5353,0.0011,-1.0000
16.6670,0.0000,34.5225,0.8269,0.3101,16.6752,16.6642,15.8775,0.0008,-1.0000
16.6686,0.0000,34.5392,1.0738,0.2415,16.6558,16.6690,15.8330,0.0011,-1.0000
16.6660,0.0000,34.5559,0.7861,0.3251,16.6764,16.6597,15.6248,0.0008,-1.0000
16.6658,0.0000,34.5725,1.1164,0.2445,16.6570,16.6563,15.5152,0.0009,-1.0000
16.6683,0.0000,34.5892,0.7859,0.2379,16.6677,16.6667,15.7515,0.0013,-1.0000
16.6651,0.0000,34.6058,0.8349,0.3167,16.6751,16.6558,15.6247,0.0010,-1.0000
16.6668,0.0000,34.6225,1.0341,0.3346,16.6655,16.6639,15.9031,0.0010,-1.0000
16.6667,0.0000,34.6391,1.1404,0.2597,16.6608,16.6618,15.7257,0.0009,-1.0000
16.6667,0.0000,34.6558,0.9140,0.2867,16.6718,16.6630,15.7690,0.0009,-1.0000
16.6678,0.0000,34.6725,1.0301,0.2398,16.6604,16.6681,15.9152,0.0009,-1.0000
16.6659,0.0000,34.6891,0.7600,0.3124,16.6683,16.6577,15.6831,0.0009,-1.0000
16.6674,0.0000,34.7059,0.9352,0.2515,16.6654,16.6651,15.9608,0.0010,-1.0000
16.6658,0.0000,34.7225,0.8932,0.2276,16.6662,16.6571,15.7377,0.0011,-1.0000
16.6670,0.0000,34.7391,0.7520,0.2654,16.6731,16.6650,15.8801,0.0008,-1.0000
16.6677,0.0000,34.7559,0.9738,0.2321,16.6612,16.6661,16.0246,0.0007,-1.0000
16.6653,0.0000,34.7724,0.7032,0.2385,16.6705,16.6570,15.6873,0.0009,-1.0000
16.6679,0.0000,34.7892,0.9184,0.2515,16.6611,16.6683,15.9546,0.0009,-1.0000
16.6662,0.0000,34.8058,0.7840,0.2132,16.6685,16.6612,15.7829,0.0007,-1.0000
16.6665,0.0000,34.8225,0.6409,0.2587,16.6711,16.6614,15.7772,0.0010,-1.0000
16.6671,0.0000,34.8391,0.9688,0.1979,16.6606,16.6638,15.8732,0.0007,-1.0000
16.6666,0.0000,34.8559,0.7127,0.2307,16.6723,16.6609,15.8891,0.0008,-1.0000
16.6672,0.0000,34.8725,0.8775,0.2332,16.6647,16.6671,15.8045,0.0010,-1.0000
16.6658,0.0000,34.8892,0.8833,0.2714,16.6653,16.6548,15.6412,0.0007,-1.0000
16.6669,0.0000,34.9058,0.7898,0.2436,16.6681,16.6648,15.8626,0.0011,-1.0000
16.6667,0.0000,34.9225,0.7711,0.2481,16.6654,16.6648,15.8969,0.0008,-1.0000
16.6664,0.0000,34.9391,0.8617,0.3062,16.6717,16.6597,15.7614,0.0010,-1.0000
16.6675,0.0000,34.9559,1.0131,0.2188,16.6589,16.6667,16.0170,0.0008,-1.0000
16.6658,0.0000,34.9725,0.8010,0.2119,16.6686,16.6579,15.7126,0.0007,-1.0000
16.6678,0.0000,34.9892,0.7670,0.2453,16.6694,16.6687,15.9456,0.0008,-1.0000
16.6659,0.0000,35.0058,0.8973,0.2169,16.6629,16.6583,15.7597,0.0010,-1.0000
16.6670,0.0000,35.0225,0.6489,0.2589,16.6711,16.6628,15.8884,0.0009,-1.0000
16.6709,0.0000,35.0391,0.9447,0.2098,16.6616,16.6704,15.9382,0.0010,-1.0000
16.6627,0.0000,35.0558,0.7223,0.2339,16.6728,16.6533,15.7833,0.0008,-1.0000
16.6667,0.0000,35.0725,0.8976,0.2377,16.6628,16.6645,15.9002,0.0010,-1.0000
16.6665,0.0000,35.0891,0.7735,0.1987,16.6668,16.6600,15.7428,0.0010,-1.0000
16.6674,0.0000,35.1058,0.7305,0.2500,16.6752,16.6647,15.8395,0.0010,-1.0000
16.6690,0.0000,35.1226,0.8690,0.2170,16.6573,16.6707,15.8954,0.0008,-1.0000
16.6638,0.0000,35.1391,0.7634,0.2423,16.6694,16.6514,15.5742,0.0011,-1.0000
16.6669,0.0000,35.1559,0.9161,0.2392,16.6642,16.6645,15.8251,0.0010,-1.0000
16.6679,0.0000,35.1726,0.8243,0.2624,16.6688,16.6677,15.7160,0.0007,-1.0000
16.6664,0.0000,35.1892,0.7743,0.3166,16.6763,16.6603,15.5752,0.0008,-1.0000
16.6656,0.0000,35.2058,1.0762,0.2433,16.6550,16.6570,15.7785,0.0008,-1.0000
16.6668,0.0000,35.2225,0.8385,0.3077,16.6689,16.6622,15.7580,0.0008,-1.0000
16.6679,0.0000,35.2391,0.9510,0.2656,16.6728,16.6669,15.8881,0.0009,-1.0000
16.6661,0.0000,35.2558,1.0842,0.2469,16.6647,16.6592,15.8296,0.0010,-1.0000
16.6662,0.0000,35.2725,0.8777,0.2680,16.6616,16.6626,15.8811,0.0009,-1.0000
16.6674,0.0000,35.2892,0.9035,0.2316,16.6653,16.6652,15.9232,0.0007,-1.0000
16.6662,0.0000,35.3058,0.7780,0.2709,16.6714,16.6603,15.7799,0.0008,-1.0000
16.6683,0.0000,35.3228,0.8286,0.2377,16.6631,16.6678,15.8488,0.0010,-1.0000
16.6653,0.0000,35.3391,0.7806,0.2207,16.6665,16.6569,15.2004,0.0010,-1.0000
16.6676,0.0000,35.3559,0.7412,0.2561,16.6698,16.6677,15.8955,0.0008,-1.0000
16.6686,0.0000,35.3726,0.8795,0.2075,16.6643,16.6658,15.7036,0.0009,-1.0000
16.6640,0.0000,35.3892,0.8179,0.2625,16.6722,16.6498,15.5732,0.0011,-1.0000
16.6669,0.0000,35.4059,1.4556,0.2410,16.6615,16.6651,15.8596,0.0010,-1.0000
16.6689,0.0000,35.4226,0.7713,0.2536,16.6725,16.6693,15.7398,0.0006,-1.0000
16.6641,0.0000,35.4391,0.9612,0.2824,16.6722,16.6504,15.5624,0.0011,-1.0000
16.6700,0.0000,35.4559,1.0756,0.2322,16.6545,16.6780,15.9939,0.0006,-1.0000
16.6641,0.0000,35.4725,0.8043,0.2628,16.6688,16.6486,15.5149,0.0013,-1.0000
16.6672,0.0000,35.4892,0.9287,0.3020,16.6750,16.6629,15.7736,0.0009,-1.0000
16.6686,0.0000,35.5059,1.0871,0.2327,16.6548,16.6699,15.8179,0.0007,-1.0000
16.6641,0.0000,35.5225,0.6832,0.3079,16.6829,16.6520,15.4972,0.0011,-1.0000
16.6690,0.0000,35.5392,1.1325,0.2735,16.6535,16.6735,15.8934,0.0010,-1.0000
16.6662,0.0000,35.5559,0.8886,0.2685,16.6669,16.6569,15.6109,0.0010,-1.0000
16.6655,0.0000,35.5725,0.8512,0.3137,16.6750,16.6569,15.5363,0.0010,-1.0000
16.6679,0.0000,35.5893,1.1538,0.2456,16.6563,16.6684,15.7286,0.0009,-1.0000
16.6666,0.0000,35.6059,0.7789,0.2802,16.6790,16.6587,15.4466,0.0012,-1.0000
16.6663,0.0000,35.6225,1.0449,0.3039,16.6630,16.6583,15.5793,0.0013,-1.0000
16.6682,0.0000,35.6392,1.1196,0.2637,16.6610,16.6681,15.7390,0.0010,-1.0000
16.6641,0.0000,35.6558,0.9389,0.2902,16.6736,16.6519,15.6016,0.0009,-1.0000
16.6685,0.0000,35.6726,1.2109,0.3408,16.6648,16.6700,15.9083,0.0008,-1.0000
16.6654,0.0000,35.6899,1.0775,0.2471,16.6627,16.6574,15.5903,0.0011,-1.0000
16.6706,0.0000,35.7059,0.9281,0.2865,16.6734,16.6718,14.9723,0.0010,-1.0000
16.6648,0.0000,35.7226,1.0493,0.2566,16.6559,16.6539,15.5069,0.0013,-1.0000
16.6669,0.0000,35.7392,0.7609,0.2734,16.6752,16.6603,15.3891,0.0014,-1.0000
16.6648,0.0000,35.7558,1.0660,0.3294,16.6632,16.6531,15.6024,0.0011,-1.0000
16.6689,0.0000,35.7726,1.6985,0.3100,16.6790,16.6725,15.8745,0.0007,-1.0000
16.6647,0.0000,35.7891,1.1457,0.3185,16.6602,16.6520,15.5331,0.0012,-1.0000
16.6687,0.0000,35.8059,1.2700,0.2859,16.6665,16.6683,15.8775,0.0013,-1.0000
16.6652,0.0000,35.8225,1.0498,0.2463,16.6573,16.6586,15.6334,0.0008,-1.0000
16.6665,0.0000,35.8391,0.7974,0.2964,16.6783,16.6592,15.7522,0.0009,-1.0000
16.6692,0.0000,35.8559,1.1179,0.2591,16.6564,16.6744,15.7424,0.0010,-1.0000
16.6656,0.0000,35.8725,0.7895,0.2761,16.6730,16.6541,15.5221,0.0010,-1.0000
16.6652,0.0000,35.8891,1.0244,0.2651,16.6635,16.6567,15.6104,0.0008,-1.0000
16.6677,0.0000,35.9059,0.9063,0.3053,16.6627,16.6683,15.8366,0.0009,-1.0000
16.6665,0.0000,35.9226,0.9310,0.2939,16.6806,16.6627,15.5016,0.0009,-1.0000
16.6665,0.0000,35.9391,1.1312,0.2700,16.6596,16.6636,15.6429,0.0009,-1.0000
16.6699,0.0000,35.9559,1.0454,0.2659,16.6604,16.6677,15.8404,0.0007,-1.0000
16.6638,0.0000,35.9725,0.8309,0.3228,16.6731,16.6487,15.5609,0.0011,-1.0000
16.6662,0.0000,35.9891,1.1602,0.2793,16.6676,16.6611,15.9443,0.0009,-1.0000
16.6702,0.0000,36.0059,1.0196,0.2511,16.6676,16.6769,15.9274,0.0008,-1.0000
16.6633,0.0000,36.0224,0.8264,0.2856,16.6733,16.6448,15.5201,0.0011,-1.0000
16.6682,0.0000,36.0392,1.0867,0.2896,16.6530,16.6712,15.9691,0.0008,-1.0000
16.6659,0.0000,36.0559,0.7160,0.2479,16.6651,16.6591,15.7401,0.0010,-1.0000
16.6669,0.0000,36.0725,0.7486,0.2962,16.6834,16.6663,15.6121,0.0010,-1.0000
16.6686,0.0000,36.0893,1.1238,0.2654,16.6492,16.6644,15.7841,0.0008,-1.0000
16.6657,0.0000,36.1059,0.7015,0.2561,16.6761,16.6557,15.4946,0.0013,-1.0000
16.6659,0.0000,36.1225,0.9180,0.2906,16.6642,16.6561,15.6392,0.0010,-1.0000
16.6678,0.0000,36.1392,1.0533,0.2565,16.6705,16.6703,15.8292,0.0010,-1.0000
16.6661,0.0000,36.1559,0.8795,0.3489,16.6703,16.6578,15.6515,0.0009,-1.0000
16.6686,0.0000,36.1726,1.1600,0.2914,16.6619,16.6672,15.6512,0.0009,-1.0000
16.6665,0.0000,36.1893,1.0160,0.2641,16.6605,16.6599,15.5084,0.0009,-1.0000
16.6646,0.0000,36.2058,0.8400,0.2637,16.6751,16.6509,15.5574,0.0010,-1.0000
16.6688,0.0000,36.2226,1.0057,0.2785,16.6628,16.6718,15.8625,0.0011,-1.0000
16.6649,0.0000,36.2391,1.0151,0.2821,16.6735,16.6589,15.4822,0.0010,-1.0000
16.6686,0.0000,36.2559,1.1506,0.2976,16.6664,16.6637,15.8042,0.0011,-1.0000
16.6657,0.0000,36.2726,1.0925,0.2388,16.6551,16.6609,15.5507,0.0010,-1.0000
16.6673,0.0000,36.2892,0.8079,0.3008,16.6775,16.6551,15.5518,0.0009,-1.0000
16.6656,0.0000,36.3063,1.1758,0.2858,16.6641,16.6647,15.7686,0.0011,-1.0000
16.6680,0.0000,36.3226,0.8580,0.3723,16.6695,16.6637,15.1942,0.0009,-1.0000
16.6643,0.0000,36.3391,1.1093,0.3321,16.6674,16.6515,15.5411,0.0011,-1.0000
16.6680,0.0000,36.3559,1.1028,0.2789,16.6596,16.6700,15.9560,0.0009,-1.0000
16.6665,0.0000,36.3725,0.8949,0.2699,16.6697,16.6587,15.6669,0.0007,-1.0000
16.6667,0.0000,36.3892,1.4684,0.3069,16.6695,16.6614,15.7489,0.0010,-1.0000
16.6678,0.0000,36.4059,1.1094,0.2555,16.6558,16.6657,15.6871,0.0008,-1.0000
16.6652,0.0000,36.4225,0.7130,0.2889,16.6748,16.6548,15.5607,0.0009,-1.0000
16.6682,0.0000,36.4392,0.9912,0.2501,16.6635,16.6680,15.8208,0.0009,-1.0000
16.6678,0.0000,36.4559,0.9116,0.2871,16.6666,16.6659,15.6636,0.0011,-1.0000
16.6645,0.0000,36.4725,0.9779,0.2950,16.6710,16.6522,15.4616,0.0011,-1.0000
16.6673,0.0000,36.4892,1.0932,0.2614,16.6595,16.6643,15.8081,0.0011,-1.0000
16.6664,0.0000,36.5059,0.8462,0.2839,16.6727,16.6618,15.7213,0.0008,-1.0000
16.6660,0.0000,36.5225,1.0012,0.3276,16.6723,16.6593,15.7074,0.0010,-1.0000
16.6696,0.0000,36.5392,1.1897,0.2664,16.6569,16.6706,15.8547,0.0008,-1.0000
16.6644,0.0000,36.5559,0.8551,0.2539,16.6689,16.6551,15.6380,0.0014,-1.0000
16.6665,0.0000,36.5725,0.9399,0.2879,16.6664,16.6611,15.7172,0.0011,-1.0000
16.6690,0.0000,36.5892,0.9510,0.2403,16.6629,16.6706,15.9191,0.0010,-1.0000
16.6643,0.0000,36.6058,0.8153,0.3698,16.6758,16.6514,15.6060,0.0011,-1.0000
16.6670,0.0000,36.6224,1.0158,0.2563,16.6598,16.6634,15.9334,0.0011,-1.0000
16.6685,0.0000,36.6392,0.9430,0.2383,16.6648,16.6710,15.9638,0.0009,-1.0000
16.6650,0.0000,36.6558,0.7506,0.2631,16.6765,16.6546,15.6699,0.0008,-1.0000
16.6690,0.0000,36.6726,1.0443,0.2517,16.6553,16.6705,15.9179,0.0009,-1.0000
16.6646,0.0000,36.6892,0.7289,0.2336,16.6667,16.6548,15.6207,0.0009,-1.0000
16.6687,0.0000,36.7059,0.7063,0.2736,16.6758,16.6705,15.8676,0.0009,-1.0000
16.6655,0.0000,36.7226,0.9839,0.2502,16.6582,16.6571,15.6893,0.0010,-1.0000
16.6660,0.0000,36.7391,0.7517,0.2851,16.6758,16.6572,15.6393,0.0011,-1.0000
16.6676,0.0000,36.7559,1.0331,0.2570,16.6594,16.6700,15.9003,0.0009,-1.0000
16.6663,0.0000,36.7725,0.8022,0.2620,16.6762,16.6561,15.6800,0.0009,-1.0000
16.6704,0.0000,36.7893,0.9668,0.2657,16.6627,16.6731,15.6814,0.0010,-1.0000
16.6648,0.0000,36.8059,1.0167,0.2781,16.6616,16.6542,15.4585,0.0011,-1.0000
16.6658,0.0000,36.8230,0.7688,0.2793,16.6752,16.6583,15.5003,0.0009,-1.0000
16.6656,0.0000,36.8391,0.9751,0.2734,16.6604,16.6574,15.1388,0.0010,-1.0000
16.6695,0.0000,36.8559,0.9906,0.3190,16.6797,16.6729,15.9217,0.0008,-1.0000
16.6655,0.0000,36.8725,1.1946,0.2708,16.6603,16.6569,15.5486,0.0011,-1.0000
16.6685,0.0000,36.8893,1.1572,0.2834,16.6628,16.6655,15.6773,0.0009,-1.0000
16.6664,0.0000,36.9060,1.5179,0.2703,16.6611,16.6608,15.4566,0.0011,-1.0000
16.6641,0.0000,36.9225,0.7506,0.3099,16.6785,16.6475,15.4785,0.0014,-1.0000
16.6693,0.0000,36.9392,1.1074,0.2817,16.6627,16.6737,15.8856,0.0009,-1.0000
16.6666,0.0000,36.9559,0.9872,0.2842,16.6717,16.6599,15.5892,0.0009,-1.0000
16.6649,0.0000,36.9725,1.2031,0.2912,16.6672,16.6536,15.5241,0.0012,-1.0000
16.6695,0.0000,36.9892,1.1678,0.2512,16.6527,16.6719,15.8646,0.0011,-1.0000
16.6644,0.0000,37.0059,0.7872,0.3312,16.6790,16.6535,15.6477,0.0007,-1.0000
16.6689,0.0000,37.0226,1.0696,0.2863,16.6664,16.6738,15.7637,0.0009,-1.0000
16.6665,0.0000,37.0401,1.1285,0.2683,16.6571,16.6551,15.3721,0.0010,-1.0000
16.6661,0.0000,37.0560,0.8062,0.2665,16.6772,16.6564,14.6090,0.0010,-1.0000
16.6650,0.0000,37.0725,1.0052,0.2760,16.6586,16.6561,15.3857,0.0014,-1.0000
16.6680,0.0000,37.0893,0.9094,0.3736,16.6795,16.6680,15.7637,0.0009,-1.0000
16.6661,0.0000,37.1059,1.2820,0.2995,16.6624,16.6575,15.4992,0.0009,-1.0000
16.6677,0.0000,37.1226,2.0464,0.3110,16.6627,16.6674,15.7045,0.0010,-1.0000
16.6657,0.0000,37.1392,1.2692,0.2656,16.6607,16.6565,15.5283,0.0010,-1.0000
16.6667,0.0000,37.1559,0.9034,0.3141,16.6735,16.6704,15.6471,0.0009,-1.0000
16.6686,0.0000,37.1727,1.1576,0.2938,16.6619,16.6620,15.6687,0.0009,-1.0000
16.6650,0.0000,37.1892,0.9619,0.3324,16.6731,16.6506,15.5374,0.0008,-1.0000
16.6672,0.0000,37.2059,1.1271,0.3151,16.6616,16.6631,15.5857,0.0010,-1.0000
16.6659,0.0000,37.2226,1.0225,0.2927,16.6748,16.6584,15.6539,0.0009,-1.0000
16.6667,0.0000,37.2391,0.9925,0.2545,16.6685,16.6631,15.5747,0.0010,-1.0000
16.6676,0.0000,37.2559,1.1124,0.2911,16.6564,16.6645,15.7935,0.0010,-1.0000
16.6658,0.0000,37.2726,1.0762,0.2769,16.6684,16.6667,15.5412,0.0012,-1.0000
16.6665,0.0000,37.2892,1.0034,0.3399,16.6633,16.6530,15.5533,0.0010,-1.0000
16.6707,0.0000,37.3061,1.0875,0.2652,16.6671,16.6781,15.8143,0.0009,-1.0000
16.6668,0.0000,37.3227,0.8699,0.3172,16.6699,16.6590,15.1765,0.0011,-1.0000
16.6662,0.0000,37.3392,1.1245,0.2732,16.6710,16.6574,15.2980,0.0013,-1.0000
16.6655,0.0000,37.3560,1.0988,0.2722,16.6561,16.6560,15.4772,0.0011,-1.0000
16.6646,0.0000,37.3725,0.8625,0.3763,16.6845,16.6495,15.5023,0.0011,-1.0000
16.6679,0.0000,37.3893,1.4817,0.3349,16.6673,16.6704,15.9703,0.0010,-1.0000
16.6677,0.0000,37.4059,1.3581,0.3121,16.6650,16.6595,15.6738,0.0010,-1.0000
16.6646,0.0000,37.4225,1.1778,0.2825,16.6629,16.6556,15.5554,0.0008,-1.0000
16.6687,0.0000,37.4392,1.1463,0.2477,16.6542,16.6707,15.8738,0.0009,-1.0000
16.6651,0.0000,37.4559,0.6992,0.3178,16.6755,16.6563,15.5742,0.0010,-1.0000
16.6684,0.0000,37.4726,0.9851,0.2977,16.6653,16.6659,15.7102,0.0010,-1.0000
16.6667,0.0000,37.4893,1.0994,0.2753,16.6593,16.6655,15.5524,0.0009,-1.0000
16.6651,0.0000,37.5058,0.7958,0.3516,16.6759,16.6520,15.5352,0.0009,-1.0000
16.6703,0.0000,37.5226,1.0812,0.2731,16.6608,16.6758,15.8861,0.0009,-1.0000
16.6640,0.0000,37.5391,0.9549,0.3342,16.6713,16.6526,15.5332,0.0010,-1.0000
16.6667,0.0000,37.5559,1.1122,0.3167,16.6699,16.6622,15.7376,0.0008,-1.0000
16.6662,0.0000,37.5726,1.1159,0.2925,16.6558,16.6589,15.5792,0.0012,-1.0000
16.6664,0.0000,37.5892,0.7887,0.2999,16.6811,16.6613,15.6659,0.0010,-1.0000
16.6670,0.0000,37.6059,1.1186,0.3063,16.6579,16.6633,15.8850,0.0009,-1.0000
16.6686,0.0000,37.6226,0.9237,0.3023,16.6671,16.6687,15.7268,0.0012,-1.0000
16.6649,0.0000,37.6391,1.0784,0.2656,16.6644,16.6551,15.5078,0.0010,-1.0000
16.6679,0.0000,37.6559,0.9944,0.2503,16.6648,16.6676,15.8335,0.0010,-1.0000
16.6679,0.0000,37.6726,0.7776,0.2573,16.6666,16.6638,15.7919,0.0008,-1.0000
16.6645,0.0000,37.6892,0.9406,0.3085,16.6743,16.6533,15.5191,0.0011,-1.0000
16.6678,0.0000,37.7059,1.1464,0.2655,16.6594,16.6687,15.8744,0.0010,-1.0000
16.6662,0.0000,37.7226,0.8329,0.2983,16.6720,16.6570,15.5731,0.0009,-1.0000
16.6685,0.0000,37.7392,0.8711,0.3176,16.6697,16.6704,15.6679,0.0008,-1.0000
16.6661,0.0000,37.7560,1.1333,0.2737,16.6576,16.6600,15.6091,0.0010,-1.0000
16.6651,0.0000,37.7725,0.7936,0.3792,16.6731,16.6517,15.4752,0.0010,-1.0000
16.6690,0.0000,37.7893,1.0830,0.2623,16.6626,16.6715,15.8490,0.0010,-1.0000
16.6675,0.0000,37.8060,1.0015,0.3111,16.6753,16.6637,15.5405,0.0008,-1.0000
16.6642,0.0000,37.8226,1.0500,0.2805,16.6669,16.6499,15.3493,0.0009,-1.0000
16.6689,0.0000,37.8392,1.1757,0.2210,16.6561,16.6688,15.7497,0.0009,-1.0000
16.6646,0.0000,37.8559,0.8215,0.2951,16.6768,16.6543,15.5461,0.0009,-1.0000
16.6672,0.0000,37.8726,1.1224,0.3543,16.6707,16.6639,15.7630,0.0011,-1.0000
16.6684,0.0000,37.8893,1.2998,0.2838,16.6554,16.6706,15.6211,0.0009,-1.0000
16.6679,0.0000,37.9060,0.9184,0.3612,16.6743,16.6601,15.4277,0.0013,-1.0000
16.6663,0.0000,37.9226,1.1075,0.2523,16.6589,16.6573,15.2254,0.0014,-1.0000
16.6663,0.0000,37.9392,0.8999,0.2773,16.6684,16.6581,15.3821,0.0010,-1.0000
16.6676,0.0000,37.9560,1.0484,0.3055,16.6778,16.6598,15.4901,0.0009,-1.0000
16.6664,0.0000,37.9727,1.2310,0.3653,16.6679,16.6589,15.4811,0.0009,-1.0000
16.6672,0.0000,37.9894,1.4306,0.3103,16.6662,16.6597,15.3814,0.0009,-1.0000
16.6650,0.0000,38.0059,1.2750,0.3986,16.6667,16.6491,15.2877,0.0018,-1.0000
16.6678,0.0000,38.0226,1.1686,0.3145,16.6677,16.6658,15.5658,0.0013,-1.0000
16.6664,0.0000,38.0392,1.1770,0.3084,16.6666,16.6588,15.4498,0.0012,-1.0000
16.6677,0.0000,38.0560,1.2772,0.3238,16.6690,16.6609,15.5432,0.0013,-1.0000
16.6674,0.0000,38.0727,1.3602,0.2959,16.6568,16.6596,15.3403,0.0013,-1.0000
16.6665,0.0000,38.0894,1.0989,0.3133,16.6727,16.6583,15.4137,0.0011,-1.0000
16.6668,0.0000,38.1060,1.2077,0.3103,16.6662,16.6592,15.3096,0.0012,-1.0000
16.6665,0.0000,38.1226,1.1162,0.3244,16.6689,16.6545,15.1964,0.0012,-1.0000
16.6668,0.0000,38.1393,1.3181,0.3347,16.6676,16.6600,15.3412,0.0014,-1.0000
16.6667,0.0000,38.1560,1.2434,0.3375,16.6670,16.6566,15.4266,0.0011,-1.0000
16.6674,0.0000,38.1727,1.3483,0.4176,16.6691,16.6576,15.3310,0.0010,-1.0000
16.6672,0.0000,38.1893,1.4569,0.4034,16.6632,16.6612,15.4235,0.0011,-1.0000
16.6656,0.0000,38.2060,1.3169,0.3747,16.6690,16.6550,15.2927,0.0010,-1.0000
16.6671,0.0000,38.2227,1.2287,0.4457,16.6662,16.6573,15.4296,0.0013,-1.0000
16.6670,0.0000,38.2392,1.3254,0.3953,16.6662,16.6592,15.2671,0.0012,-1.0000
16.6666,0.0000,38.2560,1.2370,0.3925,16.6701,16.6568,15.5304,0.0010,-1.0000
16.6658,0.0000,38.2727,1.3612,0.3306,16.6632,16.6623,15.4395,0.0012,-1.0000
16.6685,0.0000,38.2893,1.2263,0.4384,16.6656,16.6653,15.4236,0.0012,-1.0000
16.6676,0.0000,38.3060,1.3906,0.3294,16.6695,16.6514,15.4132,0.0015,-1.0000
16.6637,0.0000,38.3227,1.1253,0.3694,16.6659,16.6476,15.3398,0.0014,-1.0000
16.6684,0.0000,38.3392,1.2216,0.3215,16.6700,16.6644,15.3803,0.0012,-1.0000
16.6668,0.0000,38.3560,1.2407,0.3979,16.6737,16.6594,15.4336,0.0011,-1.0000
16.6659,0.0000,38.3727,1.2365,0.3516,16.6610,16.6541,15.3541,0.0013,-1.0000
16.6674,0.0000,38.3894,1.3064,0.3615,16.6559,16.6606,15.4981,0.0011,-1.0000
16.6668,0.0000,38.4060,1.2827,0.3735,16.6724,16.6599,15.3570,0.0012,-1.0000
16.6652,0.0000,38.4226,1.2247,0.3712,16.6687,16.6504,15.3399,0.0011,-1.0000
16.6646,0.0000,38.4391,1.2986,0.3809,16.6633,16.6551,15.4494,0.0010,-1.0000
16.6688,0.0000,38.4560,1.1616,0.3556,16.6685,16.6734,15.8293,0.0010,-1.0000
16.6661,0.0000,38.4726,1.3018,0.3970,16.6682,16.6496,15.4811,0.0012,-1.0000
16.6665,0.0000,38.4893,1.3093,0.3493,16.6585,16.6666,15.6808,0.0008,-1.0000
16.6669,0.0000,38.5059,1.2047,0.2762,16.6598,16.6612,15.6281,0.0009,-1.0000
16.6654,0.0000,38.5225,0.8433,0.3382,16.6792,16.6539,15.6136,0.0010,-1.0000
16.6676,0.0000,38.5392,1.1675,0.2947,16.6550,16.6702,15.8609,0.0009,-1.0000
16.6695,0.0000,38.5561,0.9848,0.3390,16.6715,16.6681,15.6520,0.0007,-1.0000
16.6658,0.0000,38.5726,1.0323,0.3422,16.6665,16.6517,15.3317,0.0013,-1.0000
16.6665,0.0000,38.5893,1.0394,0.2439,16.6579,16.6625,15.4387,0.0011,-1.0000
16.6676,0.0000,38.6060,0.8082,0.3674,16.6759,16.6615,15.4594,0.0011,-1.0000
16.6666,0.0000,38.6227,1.0151,0.3669,16.6769,16.6557,15.3561,0.0012,-1.0000
16.6676,0.0000,38.6393,1.3186,0.3746,16.6595,16.6661,15.3986,0.0011,-1.0000
16.6664,0.0000,38.6560,1.2230,0.3618,16.6696,16.6546,15.3804,0.0013,-1.0000
16.6634,0.0000,38.6726,1.2012,0.3542,16.6696,16.6451,15.3877,0.0012,-1.0000
16.6708,0.0000,38.6894,1.2985,0.3819,16.6632,16.6765,15.6833,0.0010,-1.0000
16.6650,0.0000,38.7059,1.2664,0.3967,16.6742,16.6519,15.4447,0.0012,-1.0000
16.6676,0.0000,38.7227,1.2725,0.3848,16.6641,16.6630,15.4679,0.0009,-1.0000
16.6679,0.0000,38.7392,1.2562,0.2991,16.6504,16.6609,15.4599,0.0011,-1.0000
16.6672,0.0000,38.7560,0.9921,0.4099,16.6841,16.6625,15.4517,0.0012,-1.0000
16.6634,0.0000,38.7726,1.2059,0.3313,16.6586,16.6468,15.3345,0.0011,-1.0000
16.6699,0.0000,38.7893,1.1941,0.3773,16.6694,16.6712,15.5327,0.0012,-1.0000
16.6667,0.0000,38.8060,1.1999,0.3470,16.6689,16.6585,15.3049,0.0012,-1.0000
16.6642,0.0000,38.8226,1.2096,0.4165,16.6711,16.6534,15.3916,0.0012,-1.0000
16.6697,0.0000,38.8393,1.3114,0.3521,16.6539,16.6648,15.4474,0.0012,-1.0000
16.6657,0.0000,38.8560,1.1372,0.3653,16.6782,16.6576,15.3619,0.0016,-1.0000
16.6797,0.0000,38.8727,1.3524,0.3461,16.6660,16.6710,15.4907,0.0011,-1.0000
16.6667,0.0000,38.8894,1.2607,0.3255,16.6613,16.6569,15.4181,0.0010,-1.0000
16.6662,0.0000,38.9060,1.2160,0.3983,16.6727,16.6577,14.9791,0.0010,-1.0000
16.6642,0.0000,38.9226,1.2940,0.3396,16.6664,16.6493,15.3637,0.0011,-1.0000
16.6702,0.0000,38.9393,1.1792,0.3264,16.6792,16.6722,15.6931,0.0009,-1.0000
16.6654,0.0000,38.9560,1.2377,0.3615,16.6669,16.6554,15.2076,0.0017,-1.0000
16.6663,0.0000,38.9726,1.6775,0.3572,16.6655,16.6592,15.5028,0.0013,-1.0000
16.6689,0.0000,38.9894,1.2845,0.3088,16.6549,16.6654,15.5485,0.0008,-1.0000
16.6628,0.0000,39.0059,0.9780,0.3200,16.6793,16.6452,15.3486,0.0010,-1.0000
16.6691,0.0000,39.0226,1.4461,0.3215,16.6628,16.6694,15.6834,0.0009,-1.0000
16.6754,0.0000,39.0392,1.1550,0.2954,16.6659,16.6718,15.5615,0.0007,-1.0000
16.6626,0.0000,39.0560,1.1159,0.3628,16.6740,16.6453,15.5564,0.0011,-1.0000
16.6697,0.0000,39.0727,1.2955,0.3114,16.6531,16.6703,15.6729,0.0011,-1.0000
16.6642,0.0000,39.0893,0.9850,0.3313,16.6753,16.6507,15.4947,0.0008,-1.0000
16.6661,0.0000,39.1059,1.1095,0.3251,16.6796,16.6588,15.6370,0.0008,-1.0000
16.6684,0.0000,39.1227,1.0880,0.2924,16.6516,16.6719,15.8286,0.0011,-1.0000
16.6651,0.0000,39.1392,0.9963,0.3172,16.6771,16.6518,15.5985,0.0007,-1.0000
16.6695,0.0000,39.1560,1.1548,0.3180,16.6567,16.6722,15.7715,0.0009,-1.0000
16.6663,0.0000,39.1727,1.0211,0.2653,16.6624,16.6583,15.4911,0.0008,-1.0000
16.6647,0.0000,39.1892,0.8420,0.2991,16.6773,16.6523,15.5450,0.0009,-1.0000
16.6711,0.0000,39.2060,1.0527,0.2673,16.6569,16.6762,15.7763,0.0011,-1.0000
16.6662,0.0000,39.2227,0.8994,0.3643,16.6784,16.6568,15.4391,0.0010,-1.0000
16.6661,0.0000,39.2392,1.1660,0.3297,16.6654,16.6572,15.2679,0.0012,-1.0000
16.6667,0.0000,39.2560,1.1064,0.2667,16.6566,16.6591,15.5448,0.0011,-1.0000
16.6667,0.0000,39.2726,0.8985,0.3504,16.6833,16.6584,15.3469,0.0011,-1.0000
16.6633,0.0000,39.2892,1.2166,0.3576,16.6651,16.6446,15.5291,0.0011,-1.0000
16.6685,0.0000,39.3060,1.3885,0.3637,16.6653,16.6718,16.0229,0.0008,-1.0000
16.6655,0.0000,39.3226,1.1130,0.3461,16.6672,16.6578,15.6695,0.0008,-1.0000
16.6662,0.0000,39.3391,1.3105,0.3294,16.6663,16.6581,15.7720,0.0009,-1.0000
16.6678,0.0000,39.3559,1.1145,0.3079,16.6488,16.6704,16.0674,0.0008,-1.0000
16.6984,0.0000,39.3725,0.6480,0.3546,16.6766,16.6901,15.6271,0.0008,-1.0000
16.6673,0.0000,39.3893,0.9875,0.2813,16.6631,16.6665,15.8810,0.0011,-1.0000
16.6691,0.0000,39.4060,0.8852,0.2493,16.6609,16.6706,15.7710,0.0007,-1.0000
16.6639,0.0000,39.4226,0.6023,0.2777,16.6744,16.6500,15.4558,0.0010,-1.0000
16.6679,0.0000,39.4392,1.0623,0.2421,16.6939,16.6662,15.8509,0.0010,-1.0000
16.6656,0.0000,39.4559,0.7845,0.2891,16.6707,16.6573,15.7677,0.0006,-1.0000
16.6665,0.0000,39.4726,0.8991,0.3328,16.6769,16.6640,15.9345,0.0010,-1.0000
16.6677,0.0000,39.4893,1.1935,0.2711,16.6549,16.6661,15.8493,0.0007,-1.0000
16.6663,0.0000,39.5059,0.8142,0.2657,16.6707,16.6616,15.6999,0.0010,-1.0000
16.6687,0.0000,39.5227,0.8889,0.2634,16.6610,16.6662,15.6948,0.0009,-1.0000
16.6669,0.0000,39.5392,0.7286,0.2616,16.6680,16.6577,15.6081,0.0009,-1.0000
16.6654,0.0000,39.5560,0.8160,0.2892,16.6711,16.6577,15.6744,0.0008,-1.0000
16.6689,0.0000,39.5727,0.9606,0.2836,16.6667,16.6694,15.5548,0.0010,-1.0000
16.6642,0.0000,39.5893,0.9707,0.2919,16.6728,16.6481,15.4430,0.0012,-1.0000
16.6678,0.0000,39.6060,1.0487,0.3176,16.6644,16.6638,15.5915,0.0011,-1.0000
16.6663,0.0000,39.6227,0.9827,0.3569,16.6636,16.6596,15.5910,0.0011,-1.0000
16.6659,0.0000,39.6392,1.1135,0.4272,16.6763,16.6553,15.5748,0.0010,-1.0000
16.6686,0.0000,39.6560,1.2040,0.2910,16.6549,16.6697,15.9181,0.0009,-1.0000
16.6662,0.0000,39.6727,1.0713,0.3132,16.6706,16.6604,15.6224,0.0008,-1.0000
16.6660,0.0000,39.6893,1.0675,0.3922,16.6658,16.6577,15.4822,0.0010,-1.0000
16.6683,0.0000,39.7060,1.0795,0.3101,16.6595,16.6687,15.7274,0.0014,-1.0000
16.6646,0.0000,39.7226,0.7506,0.3319,16.6746,16.6543,15.5300,0.0011,-1.0000
16.6675,0.0000,39.7392,1.0371,0.3459,16.6661,16.6653,15.8023,0.0008,-1.0000
16.6661,0.0000,39.7560,1.1743,0.3079,16.6622,16.6592,15.8135,0.0008,-1.0000
16.6666,0.0000,39.7725,0.9401,0.3179,16.6739,16.6612,15.7215,0.0009,-1.0000
16.6703,0.0000,39.7894,1.1234,0.3030,16.6591,16.6774,15.9956,0.0010,-1.0000
16.6642,0.0000,39.8060,0.8622,0.2887,16.6699,16.6478,15.5028,0.0012,-1.0000
16.6654,0.0000,39.8226,0.8450,0.2847,16.6643,16.6591,15.6411,0.0010,-1.0000
16.6679,0.0000,39.8392,0.9389,0.2604,16.6646,16.6666,15.7082,0.0010,-1.0000
16.6658,0.0000,39.8559,0.6806,0.3198,16.6840,16.6577,15.7940,0.0007,-1.0000
16.6680,0.0000,39.8727,1.1440,0.2944,16.6542,16.6690,15.7986,0.0011,-1.0000
16.6676,0.0000,39.8894,1.0171,0.2790,16.6632,16.6630,15.5460,0.0011,-1.0000
16.6647,0.0000,39.9059,0.9575,0.2860,16.6714,16.6513,15.4716,0.0011,-1.0000
16.6694,0.0000,39.9227,0.8629,0.2906,16.6615,16.6726,15.9033,0.0011,-1.0000
16.6644,0.0000,39.9392,0.8694,0.3189,16.6745,16.6525,15.5646,0.0008,-1.0000
16.6675,0.0000,39.9560,1.1159,0.3236,16.6692,16.6652,15.8068,0.0008,-1.0000
16.6679,0.0000,39.9727,1.1787,0.2862,16.6551,16.6660,15.6147,0.0010,-1.0000
16.6643,0.0000,39.9893,0.7684,0.3115,16.6786,16.6516,15.5195,0.0012,-1.0000
16.6696,0.0000,40.0060,1.0872,0.3084,16.6575,16.6728,15.8038,0.0013,-1.0000
16.6660,0.0000,40.0226,0.8577,0.3091,16.6700,16.6561,15.5313,0.0010,-1.0000
16.6647,0.0000,40.0392,1.0502,0.3930,16.6717,16.6552,15.6029,0.0009,-1.0000
16.6698,0.0000,40.0560,1.1309,0.3165,16.6570,16.6782,15.9605,0.0009,-1.0000
16.6643,0.0000,40.0726,0.8675,0.3145,16.6783,16.6489,15.4843,0.0013,-1.0000
16.6671,0.0000,40.0893,1.1236,0.2959,16.6622,16.6621,15.7197,0.0010,-1.0000
16.6664,0.0000,40.1059,1.0516,0.2881,16.6587,16.6627,15.7731,0.0009,-1.0000
16.6663,0.0000,40.1225,0.7168,0.3027,16.6837,16.6580,15.7358,0.0009,-1.0000
16.6686,0.0000,40.1393,1.1633,0.3083,16.6540,16.6739,15.9465,0.0010,-1.0000
16.6662,0.0000,40.1560,0.9415,0.2748,16.6669,16.6559,15.6191,0.0010,-1.0000
16.6650,0.0000,40.1726,0.8884,0.2955,16.6676,16.6558,15.5518,0.0008,-1.0000
16.6676,0.0000,40.1893,0.9213,0.2632,16.6613,16.6650,15.9208,0.0008,-1.0000
16.6661,0.0000,40.2059,0.7263,0.3419,16.6795,16.6606,15.6367,0.0008,-1.0000
16.6679,0.0000,40.2227,1.0358,0.3041,16.6621,16.6675,15.8646,0.0010,-1.0000
16.6674,0.0000,40.2393,1.1033,0.2988,16.6601,16.6624,15.6356,0.0009,-1.0000
16.6651,0.0000,40.2559,0.7435,0.2906,16.6700,16.6524,15.6309,0.0010,-1.0000
16.6665,0.0000,40.2726,1.0232,0.2998,16.6639,16.6644,15.8735,0.0011,-1.0000
16.6678,0.0000,40.2893,0.8019,0.3061,16.6724,16.6667,15.8582,0.0008,-1.0000
16.6653,0.0000,40.3059,1.0257,0.2966,16.6688,16.6557,15.5624,0.0010,-1.0000
16.6698,0.0000,40.3227,1.0205,0.2610,16.6566,16.6751,15.8230,0.0011,-1.0000
16.6641,0.0000,40.3392,0.7899,0.2530,16.6682,16.6520,15.6580,0.0010,-1.0000
16.6679,0.0000,40.3560,0.8076,0.2933,16.6714,16.6681,15.9863,0.0010,-1.0000
16.6660,0.0000,40.3726,1.0923,0.2955,16.6588,16.6592,15.8010,0.0008,-1.0000
16.6664,0.0000,40.3892,0.8511,0.3005,16.6802,16.6599,15.7909,0.0008,-1.0000
16.6675,0.0000,40.4060,0.9932,0.2838,16.6555,16.6671,15.9748,0.0008,-1.0000
16.6656,0.0000,40.4226,0.6810,0.2704,16.6724,16.6585,15.6776,0.0007,-1.0000
16.6669,0.0000,40.4392,0.8574,0.2988,16.6643,16.6645,15.9086,0.0009,-1.0000
16.6671,0.0000,40.4559,0.8681,0.2462,16.6634,16.6635,15.8788,0.0009,-1.0000
16.6658,0.0000,40.4725,0.6913,0.2739,16.6714,16.6590,15.7996,0.0011,-1.0000
16.6697,0.0000,40.4893,0.9801,0.2604,16.6624,16.6735,15.9952,0.0009,-1.0000
16.6643,0.0000,40.5059,0.7551,0.2653,16.6688,16.6531,15.5613,0.0008,-1.0000
16.6680,0.0000,40.5227,0.7840,0.2676,16.6672,16.6716,15.8448,0.0013,-1.0000
16.6674,0.0000,40.5393,0.8582,0.2400,16.6620,16.6592,15.6204,0.0009,-1.0000
16.6661,0.0000,40.5560,0.6773,0.3141,16.6789,16.6607,15.6105,0.0012,-1.0000
16.6684,0.0000,40.5727,1.0910,0.2830,16.6570,16.6658,15.4150,0.0011,-1.0000
16.6636,0.0000,40.5892,0.8255,0.2887,16.6764,16.6492,15.5533,0.0010,-1.0000
16.6669,0.0000,40.6059,1.0382,0.3582,16.6655,16.6636,15.8264,0.0011,-1.0000
16.6683,0.0000,40.6227,1.0490,0.3522,16.6666,16.6693,15.8983,0.0010,-1.0000
16.6652,0.0000,40.6392,1.2496,0.3197,16.6725,16.6612,15.5621,0.0011,-1.0000
16.6674,0.0000,40.6560,1.0949,0.3298,16.6540,16.6602,15.9104,0.0009,-1.0000
16.6664,0.0000,40.6737,0.8361,0.2706,16.6668,16.6579,15.6719,0.0009,-1.0000
16.6668,0.0000,40.6892,0.7702,0.3165,16.6747,16.6612,14.7153,0.0009,-1.0000
16.6674,0.0000,40.7060,1.0979,0.2715,16.6655,16.6657,15.9054,0.0011,-1.0000
16.6655,0.0000,40.7226,0.7489,0.2839,16.6651,16.6582,15.7455,0.0009,-1.0000
16.6673,0.0000,40.7392,0.9852,0.2850,16.6632,16.6597,15.9442,0.0010,-1.0000
16.6668,0.0000,40.7559,1.9448,0.2334,16.6650,16.6609,15.8673,0.0012,-1.0000
16.6659,0.0000,40.7726,0.7593,0.2847,16.6708,16.6601,15.8235,0.0010,-1.0000
16.6679,0.0000,40.7893,0.9119,0.2791,16.6643,16.6700,15.9462,0.0008,-1.0000
16.6658,0.0000,40.8059,0.7145,0.2572,16.6680,16.6546,15.7280,0.0013,-1.0000
16.6684,0.0000,40.8227,0.7924,0.2742,16.6653,16.6689,15.8681,0.0010,-1.0000
16.6659,0.0000,40.8392,0.8355,0.2255,16.6641,16.6638,15.5240,0.0008,-1.0000
16.6669,0.0000,40.8560,0.7229,0.2635,16.6747,16.6561,15.7165,0.0010,-1.0000
16.6921,0.0000,40.8728,0.9254,0.2793,16.6589,16.6933,15.7432,0.0009,-1.0000
16.6646,0.0000,40.8893,0.7997,0.3357,16.6745,16.6507,15.3320,0.0009,-1.0000
16.6667,0.0000,40.9060,1.1392,0.3068,16.6695,16.6630,15.7192,0.0009,-1.0000
16.6686,0.0000,40.9227,0.9388,0.3046,16.6603,16.6687,15.7419,0.0008,-1.0000
16.6650,0.0000,40.9392,0.9491,0.3404,16.6997,16.6521,15.5796,0.0014,-1.0000
16.6672,0.0000,40.9560,1.3181,0.2901,16.6559,16.6680,15.9530,0.0010,-1.0000
16.6675,0.0000,40.9727,0.9430,0.3438,16.6677,16.6641,15.7046,0.0008,-1.0000
16.6662,0.0000,40.9893,0.9260,0.3159,16.6744,16.6570,15.5928,0.0009,-1.0000
16.6676,0.0000,41.0060,1.0710,0.2905,16.6557,16.6679,15.6613,0.0009,-1.0000
16.6648,0.0000,41.0226,0.7143,0.3114,16.6727,16.6524,15.5594,0.0008,-1.0000
16.6695,0.0000,41.0393,0.9588,0.3135,16.6695,16.6737,15.9060,0.0010,-1.0000
16.6667,0.0000,41.0561,1.0634,0.3070,16.6614,16.6613,15.6314,0.0011,-1.0000
16.6643,0.0000,41.0726,1.0055,0.3648,16.6732,16.6463,15.3917,0.0010,-1.0000
16.6674,0.0000,41.0893,1.0921,0.2999,16.6570,16.6671,15.9152,0.0010,-1.0000
16.6679,0.0000,41.1060,0.7668,0.3225,16.6797,16.6666,15.7925,0.0009,-1.0000
16.6650,0.0000,41.1226,1.0287,0.3330,16.6692,16.6538,15.5667,0.0010,-1.0000
16.6697,0.0000,41.1393,1.2537,0.2740,16.6504,16.6738,15.9789,0.0011,-1.0000
16.6645,0.0000,41.1560,0.7511,0.2601,16.6711,16.6535,15.6612,0.0011,-1.0000
16.6697,0.0000,41.1727,0.8734,0.3163,16.6718,16.6719,15.7692,0.0012,-1.0000
16.6666,0.0000,41.1894,1.0862,0.2644,16.6573,16.6597,15.4671,0.0010,-1.0000
16.6652,0.0000,41.2060,0.6937,0.3390,16.6795,16.6619,15.5039,0.0012,-1.0000
16.6661,0.0000,41.2226,0.9912,0.2700,16.6584,16.6489,15.6600,0.0011,-1.0000
16.6675,0.0000,41.2392,0.9015,0.3469,16.6787,16.6656,15.7122,0.0009,-1.0000
16.6654,0.0000,41.2559,1.1917,0.3322,16.6668,16.6571,15.7021,0.0008,-1.0000
16.6694,0.0000,41.2727,1.1572,0.3316,16.6681,16.6715,15.8575,0.0011,-1.0000
16.6645,0.0000,41.2893,0.9878,0.2950,16.6539,16.6520,15.5363,0.0010,-1.0000
16.6663,0.0000,41.3060,0.9524,0.3523,16.6704,16.6615,15.7592,0.0010,-1.0000
16.6719,0.0000,41.3228,0.9541,0.2751,16.6613,16.6793,15.7482,0.0010,-1.0000
16.6657,0.0000,41.3393,0.8129,0.3151,16.6779,16.6542,15.1017,0.0012,-1.0000
16.6645,0.0000,41.3560,1.1150,0.2862,16.6572,16.6501,15.5621,0.0011,-1.0000
16.6676,0.0000,41.3727,0.9013,0.2939,16.6655,16.6637,15.5946,0.0012,-1.0000
16.6673,0.0000,41.3894,0.9298,0.4900,16.6861,16.6618,15.2070,0.0010,-1.0000
16.6672,0.0000,41.4061,1.5510,0.3206,16.6634,16.6620,15.4518,0.0014,-1.0000
16.6667,0.0000,41.4227,1.0871,0.3180,16.6577,16.6600,15.4291,0.0010,-1.0000
16.6633,0.0000,41.4392,1.0677,0.3572,16.6695,16.6428,15.4090,0.0014,-1.0000
16.6681,0.0000,41.4560,1.4536,0.3487,16.6685,16.6724,15.8923,0.0011,-1.0000
16.6668,0.0000,41.4727,1.2089,0.3516,16.6709,16.6576,15.5511,0.0012,-1.0000
16.6663,0.0000,41.4893,1.2298,0.4026,16.6688,16.6565,15.5481,0.0012,-1.0000
16.6687,0.0000,41.5060,1.2326,0.2919,16.6481,16.6695,15.6453,0.0010,-1.0000
16.6676,0.0000,41.5228,0.7784,0.3254,16.6784,16.6602,15.5108,0.0011,-1.0000
16.6673,0.0000,41.5393,1.1052,0.3267,16.6638,16.6714,15.3182,0.0013,-1.0000
16.6658,0.0000,41.5561,1.1072,0.3163,16.6632,16.6520,15.4645,0.0014,-1.0000
16.6670,0.0000,41.5727,1.0229,0.3447,16.6765,16.6489,15.2917,0.0014,-1.0000
16.6654,0.0000,41.5894,1.1480,0.3967,16.6690,16.6582,15.4926,0.0012,-1.0000
16.6690,0.0000,41.6061,1.3519,0.3795,16.6801,16.6648,15.5596,0.0008,-1.0000
16.6664,0.0000,41.6227,1.1861,0.3868,16.6605,16.6579,15.2637,0.0011,-1.0000
16.6667,0.0000,41.6393,1.3556,0.3974,16.6564,16.6575,15.4894,0.0014,-1.0000
16.6667,0.0000,41.6561,1.1642,0.3647,16.6647,16.6572,15.4664,0.0012,-1.0000
16.6656,0.0000,41.6727,1.1043,0.3586,16.6727,16.6534,15.4568,0.0011,-1.0000
16.6677,0.0000,41.6894,1.3929,0.3478,16.6667,16.6645,15.4793,0.0012,-1.0000
16.6672,0.0000,41.7061,1.1666,0.3941,16.6659,16.6612,15.4440,0.0009,-1.0000
16.6654,0.0000,41.7227,1.1896,0.3481,16.6663,16.6519,15.4531,0.0010,-1.0000
16.6664,0.0000,41.7392,1.1954,0.4382,16.6599,16.6566,15.5024,0.0010,-1.0000
16.6672,0.0000,41.7560,1.1839,0.4063,16.6715,16.6648,15.7272,0.0009,-1.0000
16.6647,0.0000,41.7726,1.2161,0.3769,16.6701,16.6546,15.4763,0.0009,-1.0000
16.6667,0.0000,41.7893,1.1976,0.3735,16.6591,16.6613,15.8190,0.0010,-1.0000
16.6696,0.0000,41.8061,1.1532,0.3048,16.6621,16.6738,15.7203,0.0009,-1.0000
16.6639,0.0000,41.8226,0.9365,0.2864,16.6704,16.6492,15.4805,0.0009,-1.0000
16.6666,0.0000,41.8392,1.1773,0.3032,16.6591,16.6617,15.9105,0.0007,-1.0000
16.6672,0.0000,41.8560,0.8412,0.3274,16.6653,16.6715,16.0025,0.0006,-1.0000
16.6663,0.0000,41.8726,0.9525,0.3218,16.6800,16.6552,15.6524,0.0012,-1.0000
16.6667,0.0000,41.8893,1.1679,0.2518,16.6543,16.6632,15.8554,0.0009,-1.0000
16.6683,0.0000,41.9060,0.7503,0.2904,16.6653,16.6701,15.8733,0.0009,-1.0000
16.6652,0.0000,41.9226,0.6683,0.2790,16.6753,16.6543,15.6716,0.0009,-1.0000
16.6698,0.0000,41.9393,1.0015,0.2926,16.6583,16.6737,15.8976,0.0010,-1.0000
16.6681,0.0000,41.9561,0.8068,0.2694,16.6665,16.6664,15.5975,0.0009,-1.0000
16.6644,0.0000,41.9727,0.7957,0.3014,16.6756,16.6518,15.3763,0.0011,-1.0000
16.6685,0.0000,41.9894,0.9818,0.2391,16.6588,16.6641,15.5605,0.0010,-1.0000
16.6668,0.0000,42.0061,0.7746,0.3413,16.6792,16.6583,15.5351,0.0011,-1.0000
16.6632,0.0000,42.0226,1.0679,0.3411,16.6738,16.6499,15.4146,0.0012,-1.0000
16.6743,0.0000,42.0393,1.2745,0.3055,16.6584,16.6807,15.7445,0.0013,-1.0000
16.6678,0.0000,42.0561,1.1025,0.3624,16.6705,16.6594,15.5174,0.0014,-1.0000
16.6663,0.0000,42.0728,1.1222,0.3810,16.6654,16.6537,15.3783,0.0012,-1.0000
16.6668,0.0000,42.0895,1.2341,0.2950,16.6548,16.6617,15.4367,0.0011,-1.0000
16.6661,0.0000,42.1061,0.9347,0.3733,16.6872,16.6555,15.3686,0.0013,-1.0000
16.6642,0.0000,42.1226,1.1407,0.3386,16.6689,16.6487,15.4821,0.0012,-1.0000
16.6697,0.0000,42.1393,1.2739,0.3479,16.6621,16.6734,15.7814,0.0008,-1.0000
16.6648,0.0000,42.1561,1.2236,0.3430,16.6700,16.6522,15.4591,0.0010,-1.0000
16.6653,0.0000,42.1726,1.2855,0.2958,16.6640,16.6563,15.5705,0.0009,-1.0000
16.6674,0.0000,42.1893,1.1656,0.3519,16.6541,16.6663,15.7293,0.0013,-1.0000
16.6666,0.0000,42.2060,0.8910,0.3654,16.6799,16.6605,15.5544,0.0013,-1.0000
16.6668,0.0000,42.2227,1.1923,0.3219,16.6583,16.6633,15.8648,0.0011,-1.0000
16.6675,0.0000,42.2392,1.0850,0.2588,16.6604,16.6636,15.7230,0.0009,-1.0000
16.6653,0.0000,42.2559,0.9356,0.2989,16.6708,16.6550,15.8171,0.0009,-1.0000
16.6693,0.0000,42.2727,1.1049,0.2451,16.6647,16.6741,15.9722,0.0009,-1.0000
16.6644,0.0000,42.2893,0.7974,0.2416,16.6690,16.6500,15.6359,0.0008,-1.0000
16.6671,0.0000,42.3060,0.9397,0.3282,16.6684,16.6633,15.8992,0.0010,-1.0000
16.6671,0.0000,42.3227,0.8370,0.2352,16.6592,16.6649,15.8568,0.0009,-1.0000
16.6655,0.0000,42.3392,0.7012,0.2663,16.6795,16.6570,15.7993,0.0010,-1.0000
16.6685,0.0000,42.3560,1.0131,0.2384,16.6554,16.7210,16.0276,0.0009,-1.0000
16.6654,0.0000,42.3726,0.7631,0.2421,16.6671,16.6076,15.7042,0.0009,-1.0000
16.6670,0.0000,42.3894,0.8072,0.2472,16.6691,16.6656,15.9414,0.0010,-1.0000
16.6667,0.0000,42.4060,0.8569,0.2421,16.6606,16.6621,15.7576,0.0010,-1.0000
16.6664,0.0000,42.4226,0.6925,0.2595,16.7257,16.6574,15.7815,0.0011,-1.0000
16.6684,0.0000,42.4393,0.9027,0.2304,16.6115,16.6710,16.0349,0.0009,-1.0000
16.6658,0.0000,42.4560,0.7233,0.2282,16.6699,16.6563,15.7611,0.0009,-1.0000
16.6669,0.0000,42.4727,0.9034,0.2614,16.6673,16.6638,15.9064,0.0009,-1.0000
16.6671,0.0000,42.4893,0.8750,0.2070,16.6612,16.6631,15.7971,0.0013,-1.0000
16.6655,0.0000,42.5059,0.6353,0.2518,16.6759,16.6574,15.7440,0.0010,-1.0000
16.6668,0.0000,42.5226,0.8944,0.2349,16.6604,16.6653,15.9188,0.0013,-1.0000
16.6678,0.0000,42.5392,0.7563,0.2313,16.6684,16.6648,15.8358,0.0008,-1.0000
16.6678,0.0000,42.5561,0.8645,0.2827,16.6677,16.6678,15.8728,0.0007,-1.0000
16.6653,0.0000,42.5727,0.9125,0.2604,16.6613,16.6564,15.6049,0.0010,-1.0000
16.6658,0.0000,42.5892,0.7456,0.2470,16.6693,16.6554,15.6715,0.0009,-1.0000
16.6691,0.0000,42.6060,0.8282,0.2952,16.6700,16.6748,15.9727,0.0010,-1.0000
16.6648,0.0000,42.6226,0.7940,0.2849,16.6734,16.6508,15.6148,0.0012,-1.0000
16.6666,0.0000,42.6393,1.0509,0.2825,16.6612,16.6663,15.8832,0.0010,-1.0000
16.6676,0.0000,42.6560,0.9830,0.2921,16.6586,16.6633,15.9354,0.0009,-1.0000
16.6657,0.0000,42.6726,0.7010,0.2855,16.6803,16.6567,15.7742,0.0008,-1.0000
16.6674,0.0000,42.6893,1.0348,0.2853,16.6551,16.6681,15.9823,0.0010,-1.0000
16.6667,0.0000,42.7059,0.7824,0.2825,16.6704,16.6589,15.8152,0.0008,-1.0000
16.6659,0.0000,42.7226,0.7269,0.2562,16.6685,16.6603,15.8879,0.0011,-1.0000
16.6674,0.0000,42.7392,0.8818,0.2279,16.6601,16.6656,15.9211,0.0009,-1.0000
16.6664,0.0000,42.7559,0.6850,0.2500,16.6732,16.6595,15.9543,0.0009,-1.0000
16.6678,0.0000,42.7726,0.8430,0.2291,16.6634,16.6669,15.9715,0.0010,-1.0000
16.6661,0.0000,42.7893,0.7716,0.2634,16.6650,16.6589,15.8592,0.0012,-1.0000
16.6669,0.0000,42.8060,0.7437,0.2719,16.6697,16.6655,15.9399,0.0011,-1.0000
16.6663,0.0000,42.8227,0.7044,0.2211,16.6634,16.6586,15.6340,0.0011,-1.0000
16.6662,0.0000,42.8392,0.6944,0.2280,16.6717,16.6160,15.8889,0.0010,-1.0000
16.6684,0.0000,42.8560,0.7986,0.2292,16.6627,16.6704,16.0966,0.0007,-1.0000
16.6665,0.0000,42.8727,0.7246,0.2547,16.6705,16.6620,15.7164,0.0012,-1.0000
16.6669,0.0000,42.8894,1.0237,0.2349,16.7068,16.6626,15.7538,0.0013,-1.0000
16.6687,0.0000,42.9061,0.7262,0.2024,16.6194,16.6669,15.7430,0.0010,-1.0000
16.6648,0.0000,42.9227,0.5732,0.2764,16.6750,16.6539,15.5556,0.0012,-1.0000
16.6669,0.0000,42.9393,0.9446,0.2516,16.6669,16.6632,15.7122,0.0011,-1.0000
16.6659,0.0000,42.9560,0.9075,0.2471,16.6678,16.6590,15.6697,0.0011,-1.0000
16.6685,0.0000,42.9727,0.9228,0.2924,16.6731,16.6649,15.8257,0.0013,-1.0000
16.6655,0.0000,42.9894,1.0974,0.2667,16.6596,16.6576,15.6114,0.0011,-1.0000
16.6678,0.0000,43.0060,0.9500,0.2694,16.6691,16.6651,15.6658,0.0011,-1.0000
16.6670,0.0000,43.0227,0.9881,0.2366,16.6633,16.6592,15.6485,0.0010,-1.0000
16.6663,0.0000,43.0393,0.8375,0.2608,16.6709,16.6604,15.7277,0.0008,-1.0000
16.6653,0.0000,43.0560,1.0452,0.2677,16.6637,16.6549,15.7038,0.0009,-1.0000
16.6669,0.0000,43.0726,0.9978,0.2882,16.6711,16.6626,15.8559,0.0010,-1.0000
16.6671,0.0000,43.0893,1.0098,0.2781,16.6648,16.6642,15.9028,0.0008,-1.0000
16.6660,0.0000,43.1059,0.9318,0.2639,16.6665,16.6611,15.8265,0.0010,-1.0000
16.7001,0.0000,43.1228,0.9502,0.2528,16.6596,16.7058,15.9324,0.0009,-1.0000
16.6650,0.0000,43.1393,0.8058,0.2232,16.6666,16.6523,15.5435,0.0012,-1.0000
16.6657,0.0000,43.1561,0.7605,0.2516,16.6675,16.6589,15.8096,0.0008,-1.0000
16.6675,0.0000,43.1727,0.8336,0.2334,16.6647,16.6652,15.6340,0.0011,-1.0000
16.6658,0.0000,43.1893,0.7725,0.2914,16.7124,16.6573,15.7458,0.0009,-1.0000
16.6668,0.0000,43.2060,1.1078,0.2642,16.6590,16.6614,15.8072,0.0010,-1.0000
16.6684,0.0000,43.2227,0.8484,0.3121,16.6643,16.6662,15.8988,0.0010,-1.0000
16.6642,0.0000,43.2392,1.0300,0.2626,16.6700,16.6546,15.7213,0.0009,-1.0000
16.6688,0.0000,43.2561,0.9109,0.2565,16.6622,16.6701,16.0155,0.0010,-1.0000
16.6682,0.0000,43.2728,0.8533,0.2583,16.6660,16.6665,15.4582,0.0010,-1.0000
16.6639,0.0000,43.2893,0.7662,0.2687,16.6714,16.6505,15.5489,0.0012,-1.0000
16.6667,0.0000,43.3060,0.9325,0.2119,16.6581,16.6622,15.8091,0.0011,-1.0000
16.6663,0.0000,43.3227,0.6537,0.3175,16.6758,16.6599,15.7794,0.0007,-1.0000
16.6671,0.0000,43.3393,1.2072,0.2798,16.6739,16.6640,15.8560,0.0009,-1.0000
16.6681,0.0000,43.3561,1.1003,0.2613,16.6556,16.6669,15.9316,0.0007,-1.0000
16.6649,0.0000,43.3727,0.8523,0.2347,16.6668,16.6555,15.5487,0.0009,-1.0000
16.6688,0.0000,43.3894,0.8798,0.2708,16.6641,16.6701,15.8751,0.0010,-1.0000
16.6655,0.0000,43.4060,0.8071,0.2547,16.6684,16.6548,15.6009,0.0014,-1.0000
16.6658,0.0000,43.4226,0.7343,0.2951,16.6720,16.6579,15.8003,0.0007,-1.0000
16.6695,0.0000,43.4393,1.1061,0.2630,16.6607,16.6716,15.9216,0.0011,-1.0000
16.6644,0.0000,43.4560,0.7940,0.2766,16.6758,16.6549,15.7497,0.0008,-1.0000
16.6663,0.0000,43.4726,1.0526,0.2691,16.6597,16.6607,15.8063,0.0008,-1.0000
16.6680,0.0000,43.4894,0.8569,0.2394,16.6620,16.6671,15.9118,0.0007,-1.0000
16.6667,0.0000,43.5061,0.7488,0.2733,16.6773,16.6708,15.7789,0.0009,-1.0000
16.6697,0.0000,43.5228,0.9044,0.2565,16.6590,16.6626,15.3955,0.0010,-1.0000
16.6643,0.0000,43.5394,0.8537,0.2336,16.6646,16.6507,15.5314,0.0014,-1.0000
16.6676,0.0000,43.5561,0.7545,0.2603,16.6717,16.6697,15.7245,0.0011,-1.0000
16.6680,0.0000,43.5728,0.8912,0.2842,16.6755,16.6611,15.5114,0.0012,-1.0000
16.6656,0.0000,43.5895,1.2662,0.2919,16.6699,16.6524,15.5176,0.0012,-1.0000
16.6643,0.0000,43.6060,1.1179,0.2978,16.6576,16.6503,15.5821,0.0010,-1.0000
16.6672,0.0000,43.6227,0.9442,0.3267,16.6759,16.6650,15.8634,0.0009,-1.0000
16.6684,0.0000,43.6393,1.1482,0.3045,16.6687,16.6671,15.8112,0.0011,-1.0000
16.6646,0.0000,43.6560,1.1335,0.3010,16.6606,16.6522,15.7675,0.0009,-1.0000
16.6687,0.0000,43.6727,1.0672,0.2537,16.6548,16.6713,15.8930,0.0009,-1.0000
16.6651,0.0000,43.6893,0.8009,0.2783,16.6694,16.6540,15.6365,0.0011,-1.0000
16.6669,0.0000,43.7061,0.8549,0.2976,16.6730,16.6657,15.9257,0.0008,-1.0000
16.6679,0.0000,43.7227,0.8839,0.2255,16.6564,16.6650,15.7001,0.0011,-1.0000
16.6656,0.0000,43.7393,0.7775,0.2634,16.6767,16.6547,15.6565,0.0010,-1.0000
16.6672,0.0000,43.7561,1.0163,0.2593,16.6587,16.6663,15.9253,0.0010,-1.0000
16.6667,0.0000,43.7727,0.7392,0.2852,16.6705,16.6603,15.7407,0.0007,-1.0000
16.6663,0.0000,43.7893,0.9637,0.3204,16.6710,16.6703,15.7335,0.0009,-1.0000
16.6667,0.0000,43.8060,0.9974,0.3105,16.6592,16.6531,15.8798,0.0012,-1.0000
16.6665,0.0000,43.8226,0.7401,0.2507,16.6712,16.6606,15.8970,0.0008,-1.0000
16.6670,0.0000,43.8393,0.9188,0.2600,16.6646,16.6668,15.9978,0.0009,-1.0000
16.6663,0.0000,43.8560,0.9359,0.2561,16.6740,16.6598,15.8759,0.0009,-1.0000
16.6668,0.0000,43.8727,0.7721,0.2258,16.6574,16.6636,15.9483,0.0010,-1.0000
16.6673,0.0000,43.8894,0.7630,0.2408,16.6636,16.6658,15.9863,0.0009,-1.0000
16.6658,0.0000,43.9059,0.6681,0.2422,16.6710,16.6578,15.7961,0.0010,-1.0000
16.6671,0.0000,43.9227,0.7831,0.2225,16.6635,16.6683,15.9743,0.0010,-1.0000
16.6667,0.0000,43.9392,0.7145,0.2347,16.6672,16.6596,15.8280,0.0008,-1.0000
16.6663,0.0000,43.9560,0.6786,0.2390,16.6705,16.6610,15.9657,0.0010,-1.0000
16.6681,0.0000,43.9728,0.8607,0.2212,16.6609,16.6699,15.9664,0.0009,-1.0000
16.6657,0.0000,43.9893,0.6930,0.2708,16.6723,16.6567,15.5495,0.0010,-1.0000
16.6680,0.0000,44.0060,0.8308,0.2277,16.6637,16.6690,15.9815,0.0010,-1.0000
16.6661,0.0000,44.0226,0.6943,0.2483,16.6650,16.6553,15.8018,0.0009,-1.0000
16.6663,0.0000,44.0398,0.7027,0.2520,16.6746,16.6632,15.9057,0.0012,-1.0000
16.6678,0.0000,44.0562,1.1062,0.2089,16.6598,16.6653,15.1120,0.0010,-1.0000
16.6672,0.0000,44.0727,0.6865,0.2326,16.6737,16.6631,15.5909,0.0008,-1.0000
16.6661,0.0000,44.0894,0.8525,0.2370,16.6614,16.6585,15.6581,0.0010,-1.0000
16.6661,0.0000,44.1060,0.7564,0.2187,16.6673,16.6585,15.6941,0.0011,-1.0000
16.6662,0.0000,44.1226,1.5522,0.2374,16.6697,16.6601,15.8582,0.0009,-1.0000
16.6676,0.0000,44.1393,1.0714,0.2909,16.6693,16.6668,15.9987,0.0010,-1.0000
16.6659,0.0000,44.1560,0.9994,0.2358,16.6648,16.6583,15.9257,0.0009,-1.0000
16.6669,0.0000,44.1727,0.9634,0.2555,16.6631,16.6643,16.0009,0.0009,-1.0000
16.6670,0.0000,44.1893,0.8011,0.2085,16.6635,16.6638,15.9496,0.0009,-1.0000
16.6665,0.0000,44.2060,0.6672,0.2307,16.6704,16.6630,15.9588,0.0009,-1.0000
16.6668,0.0000,44.2226,0.7316,0.2198,16.6621,16.6622,15.9882,0.0011,-1.0000
16.6668,0.0000,44.2392,0.6626,0.2133,16.6687,16.6650,15.9914,0.0008,-1.0000
16.6665,0.0000,44.2560,0.7134,0.2374,16.6671,16.6618,16.0276,0.0010,-1.0000
16.6668,0.0000,44.2727,0.7032,0.2459,16.6666,16.6645,15.9558,0.0008,-1.0000
16.6664,0.0000,44.2893,0.6731,0.2973,16.6655,16.6603,15.9096,0.0008,-1.0000
16.6692,0.0000,44.3062,0.6727,0.2310,16.6683,16.6750,16.0628,0.0009,-1.0000
16.6667,0.0000,44.3228,0.6331,0.2053,16.6657,16.6581,15.3994,0.0012,-1.0000
16.6651,0.0000,44.3393,0.7078,0.2458,16.6677,16.6571,15.6287,0.0010,-1.0000
16.6675,0.0000,44.3561,0.7499,0.1888,16.6635,16.6644,15.8226,0.0011,-1.0000
16.6659,0.0000,44.3727,0.6115,0.3269,16.6804,16.6566,15.6450,0.0012,-1.0000
16.6688,0.0000,44.3895,1.2577,0.3169,16.6645,16.6715,15.8494,0.0009,-1.0000
16.6648,0.0000,44.4060,1.0273,0.2569,16.6620,16.6514,15.5376,0.0009,-1.0000
16.6668,0.0000,44.4227,0.8409,0.2492,16.6691,16.6637,15.7901,0.0009,-1.0000
16.6689,0.0000,44.4393,1.0104,0.2551,16.6619,16.6693,15.7138,0.0013,-1.0000
16.6664,0.0000,44.4561,0.8212,0.2674,16.6783,16.6558,15.6196,0.0010,-1.0000
16.6675,0.0000,44.4728,1.1130,0.2508,16.6562,16.6638,15.6448,0.0013,-1.0000
16.6646,0.0000,44.4894,0.8726,0.2787,16.6687,16.6534,15.5638,0.0010,-1.0000
16.6659,0.0000,44.5060,0.9543,0.2698,16.6758,16.6568,15.6047,0.0010,-1.0000
16.6702,0.0000,44.5228,1.0352,0.3032,16.6626,16.6741,15.8320,0.0010,-1.0000
16.6643,0.0000,44.5393,1.0178,0.3097,16.6702,16.6534,15.6098,0.0011,-1.0000
16.6665,0.0000,44.5560,1.0886,0.2525,16.6595,16.6576,15.8082,0.0009,-1.0000
16.6686,0.0000,44.5728,1.0513,0.2593,16.6609,16.6716,15.8393,0.0009,-1.0000
16.6644,0.0000,44.5893,0.8410,0.2790,16.6810,16.6635,15.6761,0.0010,-1.0000
16.6677,0.0000,44.6060,1.0427,0.2441,16.6592,16.6542,15.8650,0.0012,-1.0000
16.6668,0.0000,44.6227,0.8487,0.2518,16.6614,16.6617,15.8406,0.0007,-1.0000
16.6652,0.0000,44.6393,0.8311,0.2629,16.6773,16.6569,15.7738,0.0008,-1.0000
16.6694,0.0000,44.6562,0.9863,0.2414,16.6689,16.6739,16.0176,0.0010,-1.0000
16.6649,0.0000,44.6727,0.7881,0.2354,16.6585,16.5988,15.5822,0.0010,-1.0000
16.6663,0.0000,44.6893,0.8203,0.2480,16.6666,16.6626,15.8422,0.0010,-1.0000
16.6671,0.0000,44.7060,0.8823,0.2427,16.6609,16.6645,15.8703,0.0010,-1.0000
16.6661,0.0000,44.7227,0.6552,0.2932,16.6799,16.6609,15.7785,0.0012,-1.0000
16.6687,0.0000,44.7393,1.0157,0.2362,16.6555,16.6692,15.8943,0.0010,-1.0000
16.6649,0.0000,44.7560,0.8192,0.2707,16.6663,16.6557,15.8131,0.0008,-1.0000
16.6662,0.0000,44.7726,0.7934,0.2475,16.6683,16.6599,15.8657,0.0009,-1.0000
16.6674,0.0000,44.7894,0.8813,0.2357,16.6646,16.6672,16.1023,0.0009,-1.0000
16.6665,0.0000,44.8060,0.7739,0.2429,16.6745,16.6608,15.9182,0.0008,-1.0000
16.6674,0.0000,44.8227,0.8418,0.2328,16.6598,16.6670,15.9605,0.0012,-1.0000
16.6658,0.0000,44.8392,0.7933,0.2046,16.6627,16.6569,15.7862,0.0009,-1.0000
16.6671,0.0000,44.8560,0.5641,0.2673,16.6714,16.6646,16.0026,0.0009,-1.0000
16.6669,0.0000,44.8728,0.7418,0.2012,16.6647,16.7537,15.8430,0.0011,-1.0000
16.6663,0.0000,44.8893,0.7055,0.2336,16.6722,16.5700,15.7789,0.0009,-1.0000
16.6692,0.0000,44.9061,0.8698,0.2387,16.6606,16.6725,15.6152,0.0010,-1.0000
16.6648,0.0000,44.9227,0.6614,0.2144,16.6685,16.6544,15.5818,0.0010,-1.0000
16.6671,0.0000,44.9393,0.9096,0.2266,16.7582,16.6615,15.8504,0.0010,-1.0000
16.6656,0.0000,44.9560,0.7904,0.2307,16.5731,16.6591,15.9601,0.0013,-1.0000
16.6672,0.0000,44.9727,1.0564,0.2555,16.6788,16.6647,15.9185,0.0008,-1.0000
16.6678,0.0000,44.9894,1.0714,0.2355,16.6595,16.6675,15.8762,0.0010,-1.0000
16.6656,0.0000,45.0060,0.8100,0.2151,16.6656,16.6546,15.6915,0.0011,-1.0000
16.6671,0.0000,45.0227,0.6979,0.2603,16.6640,16.6642,15.9334,0.0010,-1.0000
16.6665,0.0000,45.0393,0.7455,0.2625,16.6683,16.6631,15.9531,0.0009,-1.0000
16.6666,0.0000,45.0560,0.7902,0.2527,16.6727,16.6615,15.8714,0.0008,-1.0000
16.6687,0.0000,45.0728,0.9620,0.2503,16.6594,16.6716,15.9534,0.0009,-1.0000
16.6657,0.0000,45.0894,0.7299,0.1992,16.6676,16.6579,15.6461,0.0011,-1.0000
16.6660,0.0000,45.1060,0.7091,0.2370,16.6670,16.6562,15.7153,0.0009,-1.0000
16.6682,0.0000,45.1227,0.7894,0.2261,16.6647,16.6708,15.9802,0.0008,-1.0000
16.6652,0.0000,45.1393,0.7175,0.2601,16.6772,16.6544,15.7619,0.0009,-1.0000
16.6677,0.0000,45.1561,1.0107,0.2511,16.6638,16.6668,15.9861,0.0010,-1.0000
16.6658,0.0000,45.1727,0.9401,0.2636,16.6601,16.6578,15.8375,0.0008,-1.0000
16.6668,0.0000,45.1893,0.6899,0.2408,16.6758,16.6641,15.8645,0.0009,-1.0000
16.8641,0.0000,45.2062,0.8917,0.2495,16.6583,16.8617,16.1371,0.0008,-1.0000
16.6669,0.0000,45.2228,0.6797,0.2118,16.6713,16.6567,15.7965,0.0010,-1.0000
16.6670,0.0000,45.2395,0.8194,0.2512,16.6611,16.6665,15.9378,0.0010,-1.0000
16.6661,0.0000,45.2562,0.7988,0.2100,16.6683,16.6589,15.8606,0.0009,-1.0000
16.6691,0.0000,45.2729,0.7239,0.2941,16.8682,16.6709,15.9071,0.0011,-1.0000
16.6653,0.0000,45.2895,0.8591,0.2246,16.6610,16.6543,15.7008,0.0008,-1.0000
16.6672,0.0000,45.3063,0.7279,0.2386,16.6713,16.6666,15.8659,0.0009,-1.0000
16.6666,0.0000,45.3229,0.7975,0.2725,16.6623,16.6610,15.7061,0.0008,-1.0000
16.6667,0.0000,45.3395,0.7629,0.2542,16.6771,16.6614,15.7405,0.0009,-1.0000
16.6661,0.0000,45.3563,0.9528,0.2722,16.6589,16.6593,15.8233,0.0012,-1.0000
16.6674,0.0000,45.3729,0.8001,0.2581,16.6713,16.6672,15.7877,0.0011,-1.0000
16.6674,0.0000,45.3896,0.9539,0.2637,16.6666,16.6594,15.6766,0.0011,-1.0000
16.6655,0.0000,45.4062,0.9200,0.2669,16.6657,16.6575,15.6667,0.0009,-1.0000
16.6666,0.0000,45.4229,0.8346,0.2288,16.6636,16.6640,15.8916,0.0008,-1.0000
16.6675,0.0000,45.4395,0.8784,0.2865,16.6724,16.6647,15.7354,0.0009,-1.0000
16.6679,0.0000,45.4563,0.9817,0.2931,16.6653,16.6652,15.8390,0.0010,-1.0000
16.6650,0.0000,45.4729,0.9899,0.2446,16.6614,16.6566,15.6139,0.0010,-1.0000
16.6659,0.0000,45.4895,0.7717,0.2551,16.6680,16.6583,15.7475,0.0012,-1.0000
16.6689,0.0000,45.5063,0.9285,0.2625,16.6694,16.6718,15.9197,0.0008,-1.0000
16.6654,0.0000,45.5229,0.8250,0.2742,16.6708,16.6566,15.6047,0.0011,-1.0000
16.6659,0.0000,45.5395,1.0417,0.2446,16.6614,16.6593,15.7401,0.0011,-1.0000
16.6700,0.0000,45.5563,0.9096,0.2366,16.6619,16.6731,15.8950,0.0008,-1.0000
16.6637,0.0000,45.5729,0.7512,0.2555,16.6768,16.6495,15.5711,0.0011,-1.0000
16.6668,0.0000,45.5895,1.0508,0.2485,16.6619,16.6641,15.9157,0.0009,-1.0000
16.6672,0.0000,45.6062,0.9183,0.2517,16.6637,16.6666,15.9351,0.0009,-1.0000
16.6661,0.0000,45.6228,0.7772,0.2830,16.6789,16.6568,15.8210,0.0011,-1.0000
16.6667,0.0000,45.6395,1.0775,0.2424,16.6534,16.6632,15.9788,0.0011,-1.0000
16.6670,0.0000,45.6562,0.7473,0.2142,16.6680,16.6629,15.9981,0.0008,-1.0000
16.6667,0.0000,45.6728,0.7305,0.2503,16.6713,16.6632,15.9587,0.0010,-1.0000
16.6670,0.0000,45.6895,0.8348,0.2211,16.6605,16.6637,15.9793,0.0007,-1.0000
16.6664,0.0000,45.7062,0.6834,0.2168,16.6672,16.6615,15.9056,0.0009,-1.0000
16.6678,0.0000,45.7230,0.6639,0.2104,16.6662,16.6691,16.0324,0.0011,-1.0000
16.6657,0.0000,45.7394,0.7036,0.1971,16.6672,16.6554,15.7330,0.0011,-1.0000
16.6672,0.0000,45.7562,0.6836,0.2089,16.6677,16.6654,16.0004,0.0010,-1.0000
16.6664,0.0000,45.7728,0.7549,0.2034,16.6649,16.6592,15.8075,0.0008,-1.0000
16.6670,0.0000,45.7895,0.6357,0.2228,16.6737,16.6644,15.9657,0.0009,-1.0000
16.6672,0.0000,45.8062,0.9215,0.2148,16.6603,16.6647,15.8741,0.0013,-1.0000
16.6658,0.0000,45.8228,0.6642,0.2509,16.6701,16.6588,15.9092,0.0009,-1.0000
16.6677,0.0000,45.8395,0.8509,0.1978,16.6629,16.6675,15.9655,0.0010,-1.0000
16.6664,0.0000,45.8562,0.6979,0.2288,16.6679,16.6606,15.9267,0.0007,-1.0000
16.6664,0.0000,45.8729,0.7893,0.1873,16.6686,16.6626,15.9170,0.0011,-1.0000
16.6670,0.0000,45.8895,0.7486,0.2113,16.6631,16.6643,15.9362,0.0008,-1.0000
16.6663,0.0000,45.9061,0.7010,0.2108,16.6718,16.6600,15.8863,0.0010,-1.0000
16.6670,0.0000,45.9229,0.7333,0.1983,16.6640,16.6657,16.0495,0.0008,-1.0000
16.6671,0.0000,45.9395,0.7445,0.2219,16.6666,16.6743,15.9175,0.0007,-1.0000
16.6681,0.0000,45.9563,0.7274,0.2101,16.6681,16.6591,15.8209,0.0009,-1.0000
16.6655,0.0000,45.9730,0.7726,0.1740,16.6630,16.6624,15.6137,0.0012,-1.0000
16.6662,0.0000,45.9895,0.6152,0.2356,16.6697,16.6513,15.6314,0.0010,-1.0000
16.6671,0.0000,46.0062,0.7560,0.2148,16.6782,16.6654,15.8732,0.0011,-1.0000
16.6666,0.0000,46.0229,0.8373,0.2340,16.6646,16.6613,15.7781,0.0009,-1.0000
16.6703,0.0000,46.0396,1.0476,0.2592,16.6691,16.6768,15.8275,0.0009,-1.0000
16.6644,0.0000,46.0563,1.0188,0.2185,16.6552,16.6466,15.6700,0.0016,-1.0000
16.6650,0.0000,46.0729,0.7911,0.2229,16.6699,16.6570,15.5408,0.0009,-1.0000
16.6675,0.0000,46.0896,0.8823,0.2187,16.6659,16.6668,15.9032,0.0009,-1.0000
16.6667,0.0000,46.1062,0.8485,0.2711,16.6834,16.6612,15.8027,0.0008,-1.0000
16.6657,0.0000,46.1228,0.9749,0.2648,16.6530,16.6575,15.7557,0.0009,-1.0000
16.6680,0.0000,46.1395,1.1152,0.2144,16.6611,16.6685,15.9885,0.0009,-1.0000
16.6662,0.0000,46.1562,0.7627,0.2356,16.6706,16.6596,15.8412,0.0012,-1.0000
16.6666,0.0000,46.1729,0.8577,0.2353,16.6662,16.6626,15.7954,0.0011,-1.0000
16.6714,0.0000,46.1897,0.9007,0.1902,16.6616,16.6766,15.7893,0.0009,-1.0000
16.6619,0.0000,46.2062,0.6792,0.2394,16.6729,16.6420,15.5042,0.0013,-1.0000
16.6675,0.0000,46.2229,0.8173,0.2379,16.6637,16.6632,15.8670,0.0011,-1.0000
16.6669,0.0000,46.2395,0.8663,0.2296,16.6670,16.6645,15.8309,0.0009,-1.0000
16.6656,0.0000,46.2562,0.8859,0.2799,16.6849,16.6557,15.7833,0.0008,-1.0000
16.6683,0.0000,46.2730,1.1366,0.2552,16.6487,16.6695,15.9288,0.0009,-1.0000
16.6653,0.0000,46.2896,0.7951,0.2681,16.6676,16.6563,15.7154,0.0009,-1.0000
16.6666,0.0000,46.3062,0.8328,0.2368,16.6695,16.6614,15.8381,0.0011,-1.0000
16.6682,0.0000,46.3230,0.8715,0.2110,16.6594,16.6717,15.9747,0.0009,-1.0000
16.6692,0.0000,46.3396,0.7400,0.2306,16.6751,16.6654,15.5755,0.0011,-1.0000
16.6627,0.0000,46.3562,0.9400,0.2400,16.6608,16.6442,15.6196,0.0011,-1.0000
16.6679,0.0000,46.3729,0.8222,0.2195,16.6653,16.6694,15.9660,0.0010,-1.0000
16.6664,0.0000,46.3896,0.6963,0.2766,16.6774,16.6590,15.6608,0.0011,-1.0000
16.6665,0.0000,46.4062,1.0886,0.2895,16.6730,16.6593,15.7835,0.0009,-1.0000
16.6684,0.0000,46.4230,1.0234,0.2136,16.6486,16.6707,15.9477,0.0009,-1.0000
16.6649,0.0000,46.4395,0.7024,0.2578,16.6740,16.6542,15.6996,0.0009,-1.0000
16.6671,0.0000,46.4563,0.9971,0.2595,16.6638,16.6653,15.9165,0.0010,-1.0000
16.6701,0.0000,46.4730,0.8748,0.2020,16.6629,16.6725,15.7589,0.0011,-1.0000
16.6627,0.0000,46.4895,0.7223,0.2473,16.6759,16.6461,15.5288,0.0013,-1.0000
16.6683,0.0000,46.5063,0.9535,0.2207,16.6585,16.6693,15.9870,0.0010,-1.0000
16.6655,0.0000,46.5229,0.7480,0.2337,16.6701,16.6564,15.6802,0.0008,-1.0000
16.6665,0.0000,46.5395,0.9122,0.2615,16.6793,16.6621,15.9148,0.0009,-1.0000
16.6693,0.0000,46.5563,1.1159,0.2153,16.6511,16.6738,15.9478,0.0009,-1.0000
16.6651,0.0000,46.5729,0.6812,0.2662,16.6743,16.6528,15.5486,0.0011,-1.0000
16.6659,0.0000,46.5895,0.9754,0.2329,16.6600,16.6590,15.7842,0.0011,-1.0000
16.6672,0.0000,46.6063,0.7464,0.2374,16.6652,16.6660,15.9705,0.0009,-1.0000
16.6663,0.0000,46.6229,0.7248,0.2744,16.6790,16.6630,15.8001,0.0011,-1.0000
16.6673,0.0000,46.6395,1.1030,0.2974,16.6580,16.6637,15.9702,0.0010,-1.0000
16.6660,0.0000,46.6562,0.8740,0.2067,16.6627,16.6582,15.8317,0.0012,-1.0000
16.6671,0.0000,46.6729,0.6946,0.2265,16.6704,16.6651,15.9583,0.0010,-1.0000
16.6669,0.0000,46.6896,0.8618,0.1911,16.6663,16.6635,15.8983,0.0008,-1.0000
16.6659,0.0000,46.7062,0.6926,0.2008,16.6686,16.6589,15.8632,0.0010,-1.0000
16.6695,0.0000,46.7230,0.8251,0.2111,16.6617,16.6760,16.0157,0.0009,-1.0000
16.6654,0.0000,46.7395,0.7063,0.2328,16.6689,16.6546,15.5510,0.0010,-1.0000
16.6653,0.0000,46.7562,0.7645,0.2086,16.6676,16.6571,15.8375,0.0010,-1.0000
16.6727,0.0000,46.7729,0.7947,0.2283,16.6624,16.6733,15.9610,0.0009,-1.0000
16.6613,0.0000,46.7895,0.6593,0.2552,16.6818,16.6514,15.7541,0.0010,-1.0000
16.6675,0.0000,46.8063,1.1027,0.2380,16.6590,16.6681,15.9204,0.0012,-1.0000
16.6657,0.0000,46.8228,0.8185,0.1973,16.6607,16.6572,15.7550,0.0008,-1.0000
16.6674,0.0000,46.8395,0.7117,0.2322,16.6774,16.6666,15.9326,0.0010,-1.0000
16.6665,0.0000,46.8563,0.8964,0.2068,16.6552,16.6622,15.9463,0.0007,-1.0000
16.6663,0.0000,46.8728,0.7464,0.2539,16.6735,16.6583,15.8112,0.0009,-1.0000
16.6678,0.0000,46.8896,0.9014,0.2065,16.6605,16.6679,15.9663,0.0008,-1.0000
16.6671,0.0000,46.9063,0.7330,0.2418,16.6707,16.6645,15.7797,0.0009,-1.0000
16.6660,0.0000,46.9229,0.7153,0.2163,16.6672,16.6588,15.7542,0.0010,-1.0000
16.6666,0.0000,46.9395,0.8462,0.1934,16.6616,16.6604,15.8579,0.0007,-1.0000
16.6660,0.0000,46.9562,0.7008,0.2325,16.6724,16.6586,15.9010,0.0009,-1.0000
16.6675,0.0000,46.9729,0.8840,0.2250,16.6697,16.6679,15.9717,0.0010,-1.0000
16.6663,0.0000,46.9895,0.9036,0.2063,16.6631,16.6611,15.7517,0.0009,-1.0000
16.6680,0.0000,47.0062,0.8018,0.2168,16.6655,16.6647,15.9074,0.0010,-1.0000
16.6665,0.0000,47.0229,0.7568,0.1826,16.6623,16.6613,15.9260,0.0009,-1.0000
16.6674,0.0000,47.0395,0.6953,0.2276,16.6721,16.6643,15.9245,0.0009,-1.0000
16.6687,0.0000,47.0563,0.9087,0.2269,16.6647,16.6704,16.0746,0.0011,-1.0000
16.6658,0.0000,47.0729,0.7565,0.1958,16.6685,16.6563,15.5795,0.0011,-1.0000
16.6662,0.0000,47.0896,0.7346,0.2284,16.6652,16.6606,15.7100,0.0008,-1.0000
16.6667,0.0000,47.1062,0.7389,0.1872,16.6676,16.6617,15.8632,0.0008,-1.0000
16.6665,0.0000,47.1228,0.5945,0.2428,16.6769,16.6606,15.7894,0.0010,-1.0000
16.6681,0.0000,47.1396,1.0761,0.2566,16.6616,16.6684,15.9933,0.0008,-1.0000
16.6649,0.0000,47.1562,0.9497,0.2127,16.6654,16.6525,15.6394,0.0008,-1.0000
16.6668,0.0000,47.1729,0.7978,0.2246,16.6660,16.6641,15.9111,0.0010,-1.0000
16.6671,0.0000,47.1896,0.8702,0.1950,16.6643,16.6636,15.9296,0.0010,-1.0000
16.6661,0.0000,47.2062,0.6741,0.2445,16.6752,16.6609,15.8454,0.0011,-1.0000
16.6684,0.0000,47.2230,1.0123,0.2165,16.6574,16.6689,15.9608,0.0010,-1.0000
16.6654,0.0000,47.2395,0.7520,0.2003,16.6678,16.6567,15.7851,0.0009,-1.0000
16.6671,0.0000,47.2562,0.7330,0.2297,16.6676,16.6645,15.9038,0.0011,-1.0000
16.6663,0.0000,47.2729,0.8145,0.2257,16.6646,16.6599,15.8955,0.0008,-1.0000
16.6663,0.0000,47.2895,0.7075,0.2115,16.6738,16.6604,15.8968,0.0009,-1.0000
16.6671,0.0000,47.3062,0.8709,0.2126,16.6609,16.6676,16.0308,0.0008,-1.0000
16.6665,0.0000,47.3229,0.7597,0.1931,16.6687,16.6607,15.8941,0.0009,-1.0000
16.6677,0.0000,47.3395,0.7638,0.2049,16.6640,16.6670,15.9502,0.0010,-1.0000
16.6662,0.0000,47.3562,0.7627,0.2047,16.6636,16.6585,15.8576,0.0008,-1.0000
16.6660,0.0000,47.3728,0.6360,0.2462,16.6715,16.6616,15.9082,0.0009,-1.0000
16.6687,0.0000,47.3896,0.7659,0.2045,16.6644,16.6691,16.0284,0.0007,-1.0000
16.6655,0.0000,47.4062,0.7160,0.2244,16.6719,16.6579,15.6956,0.0010,-1.0000
16.6674,0.0000,47.4229,0.8002,0.2181,16.6623,16.6636,15.8876,0.0013,-1.0000
16.6661,0.0000,47.4395,0.7526,0.1874,16.6649,16.6605,15.7769,0.0009,-1.0000
16.6674,0.0000,47.4563,0.6399,0.2449,16.6738,16.6646,15.9265,0.0008,-1.0000
16.6685,0.0000,47.4730,0.9612,0.2088,16.6626,16.6706,15.6352,0.0010,-1.0000
16.6654,0.0000,47.4896,0.7747,0.2242,16.6682,16.6535,15.4875,0.0013,-1.0000
16.6655,0.0000,47.5062,0.8828,0.2379,16.6641,16.6579,15.7132,0.0011,-1.0000
16.6672,0.0000,47.5229,0.7373,0.2400,16.6695,16.6649,15.9016,0.0011,-1.0000
16.6665,0.0000,47.5395,1.0344,0.2862,16.6775,16.6609,15.8628,0.0009,-1.0000
16.6680,0.0000,47.5563,1.1646,0.2455,16.6586,16.6672,15.8973,0.0009,-1.0000
16.6665,0.0000,47.5729,0.9437,0.2219,16.6615,16.6606,15.6490,0.0011,-1.0000
16.6653,0.0000,47.5895,0.7624,0.2230,16.6695,16.6563,15.7455,0.0010,-1.0000
16.6674,0.0000,47.6062,0.7975,0.2248,16.6651,16.6664,16.0131,0.0008,-1.0000
16.6663,0.0000,47.6228,0.7691,0.2564,16.6723,16.6596,15.8845,0.0008,-1.0000
16.6664,0.0000,47.6395,1.0106,0.2283,16.6653,16.6658,15.9876,0.0011,-1.0000
16.6674,0.0000,47.6563,0.9098,0.1954,16.6601,16.6729,15.9712,0.0009,-1.0000
16.6660,0.0000,47.6728,0.6524,0.1915,16.6707,16.6481,15.7382,0.0011,-1.0000
16.6669,0.0000,47.6895,0.7741,0.2174,16.6631,16.6657,16.0706,0.0007,-1.0000
16.6667,0.0000,47.7062,0.6773,0.1928,16.6694,16.6622,15.9179,0.0008,-1.0000
16.6668,0.0000,47.7229,0.7007,0.2167,16.6772,16.6623,16.0257,0.0009,-1.0000
16.6669,0.0000,47.7395,0.9089,0.1606,16.6514,16.6666,16.0365,0.0009,-1.0000
16.6661,0.0000,47.7562,0.5944,0.1775,16.6696,16.6582,15.9498,0.0010,-1.0000
16.6670,0.0000,47.7729,0.7436,0.1888,16.6655,16.6659,16.0806,0.0010,-1.0000
16.6671,0.0000,47.7895,0.6358,0.1826,16.6659,16.6646,15.9911,0.0009,-1.0000
16.6660,0.0000,47.8062,0.6293,0.1918,16.6706,16.6594,15.9079,0.0011,-1.0000
16.6685,0.0000,47.8230,0.7074,0.2173,16.6615,16.6739,16.0768,0.0008,-1.0000
16.6657,0.0000,47.8395,0.5844,0.1904,16.6695,16.6594,15.6739,0.0010,-1.0000
16.6670,0.0000,47.8563,0.6726,0.2046,16.6681,16.6618,15.8865,0.0011,-1.0000
16.6660,0.0000,47.8729,0.7505,0.2120,16.6626,16.6565,15.7536,0.0010,-1.0000
16.6667,0.0000,47.8896,0.5961,0.2362,16.6792,16.6621,15.8820,0.0009,-1.0000
16.6678,0.0000,47.9063,0.9842,0.2226,16.6640,16.6692,15.8846,0.0008,-1.0000
16.6659,0.0000,47.9228,0.7745,0.2631,16.6670,16.6544,15.6993,0.0009,-1.0000
16.6693,0.0000,47.9395,0.9019,0.2178,16.6614,16.6703,15.9711,0.0010,-1.0000
16.6646,0.0000,47.9563,0.7794,0.2517,16.6664,16.6562,15.7662,0.0008,-1.0000
16.6661,0.0000,47.9729,0.7836,0.2376,16.6738,16.6599,15.8182,0.0011,-1.0000
16.6674,0.0000,47.9896,0.9545,0.2083,16.6583,16.6674,15.9498,0.0007,-1.0000
16.6659,0.0000,48.0062,0.6979,0.2910,16.6755,16.6563,15.6844,0.0010,-1.0000
16.6679,0.0000,48.0229,0.8892,0.2220,16.6608,16.6683,15.9765,0.0009,-1.0000
16.6658,0.0000,48.0395,0.8407,0.1908,16.6640,16.6593,15.8273,0.0008,-1.0000
16.6663,0.0000,48.0562,0.7169,0.2483,16.6723,16.6620,15.9829,0.0011,-1.0000
16.6671,0.0000,48.0729,0.9710,0.1900,16.6595,16.6642,15.9039,0.0010,-1.0000
16.6662,0.0000,48.0895,0.6908,0.1892,16.6729,16.6600,15.8528,0.0011,-1.0000
16.6696,0.0000,48.1063,0.8313,0.1811,16.6630,16.6751,16.0235,0.0009,-1.0000
16.6648,0.0000,48.1229,0.6782,0.1831,16.6653,16.6526,15.6630,0.0014,-1.0000
16.6659,0.0000,48.1395,0.7594,0.2054,16.6682,16.6599,15.9186,0.0009,-1.0000
16.6674,0.0000,48.1562,0.8062,0.1601,16.6637,16.6666,16.0808,0.0009,-1.0000
16.6662,0.0000,48.1729,0.6508,0.2092,16.6801,16.6594,15.8109,0.0010,-1.0000
16.6670,0.0000,48.1896,0.9883,0.2179,16.6578,16.6676,15.9403,0.0011,-1.0000
16.6668,0.0000,48.2062,0.7404,0.1678,16.6629,16.6603,15.8227,0.0008,-1.0000
16.6664,0.0000,48.2229,0.5851,0.1974,16.6703,16.6623,15.9314,0.0011,-1.0000
16.6673,0.0000,48.2395,0.8475,0.1872,16.6627,16.6670,15.9398,0.0008,-1.0000
16.6662,0.0000,48.2562,0.7262,0.1852,16.6720,16.6588,15.9013,0.0010,-1.0000
16.6676,0.0000,48.2729,0.8368,0.1844,16.6635,16.6681,16.0025,0.0010,-1.0000
16.6660,0.0000,48.2895,0.7299,0.2193,16.6658,16.6565,15.8205,0.0008,-1.0000
16.6699,0.0000,48.3063,0.7265,0.1941,16.6711,16.6752,15.9511,0.0010,-1.0000
16.6641,0.0000,48.3229,0.7567,0.1672,16.6623,16.6497,15.6254,0.0010,-1.0000
16.6667,0.0000,48.3395,0.6645,0.1823,16.6731,16.6610,15.7321,0.0011,-1.0000
16.6677,0.0000,48.3563,0.8352,0.1827,16.6608,16.6674,15.9133,0.0010,-1.0000
16.6658,0.0000,48.3729,0.7230,0.2515,16.6815,16.6591,15.6965,0.0008,-1.0000
16.6672,0.0000,48.3896,1.0234,0.2489,16.6559,16.6621,15.7722,0.0009,-1.0000
16.6664,0.0000,48.4063,0.9280,0.2207,16.6653,16.6600,15.7781,0.0008,-1.0000
16.6663,0.0000,48.4229,0.7533,0.2061,16.6726,16.6603,15.7703,0.0009,-1.0000
16.6668,0.0000,48.4395,0.9618,0.2101,16.6640,16.6649,15.8986,0.0009,-1.0000
16.6687,0.0000,48.4563,0.8886,0.2060,16.6667,16.6664,15.8021,0.0009,-1.0000
16.6643,0.0000,48.4728,0.8812,0.2086,16.6651,16.6528,15.7187,0.0009,-1.0000
16.6688,0.0000,48.4896,0.8892,0.2167,16.6642,16.6724,15.8884,0.0009,-1.0000
16.6646,0.0000,48.5062,0.7654,0.2320,16.6692,16.6525,15.7069,0.0011,-1.0000
16.6674,0.0000,48.5229,0.8633,0.2439,16.6720,16.6649,15.9321,0.0009,-1.0000
16.6674,0.0000,48.5395,0.9334,0.2620,16.6572,16.6654,15.7988,0.0009,-1.0000
16.6657,0.0000,48.5562,0.7830,0.2385,16.6782,16.6562,15.6263,0.0007,-1.0000
16.6677,0.0000,48.5729,0.9445,0.2078,16.6570,16.6664,15.8264,0.0009,-1.0000
16.6657,0.0000,48.5895,0.7319,0.2169,16.6693,16.6558,15.7609,0.0010,-1.0000
16.6664,0.0000,48.6062,0.8658,0.2471,16.6711,16.6601,15.8812,0.0008,-1.0000
16.6680,0.0000,48.6229,1.0292,0.2349,16.6610,16.6692,16.0201,0.0008,-1.0000
16.6656,0.0000,48.6395,0.8393,0.2289,16.6718,16.6583,15.8175,0.0008,-1.0000
16.6680,0.0000,48.6562,0.8941,0.2058,16.6608,16.6701,15.9924,0.0009,-1.0000
16.6661,0.0000,48.6729,0.7781,0.1865,16.6637,16.6583,15.8117,0.0010,-1.0000
16.6658,0.0000,48.6895,0.6483,0.2146,16.6735,16.6568,15.7713,0.0009,-1.0000
16.6682,0.0000,48.7063,0.8403,0.2136,16.6625,16.6680,15.9622,0.0008,-1.0000
16.6653,0.0000,48.7229,0.6768,0.2108,16.6747,16.6576,15.7111,0.0011,-1.0000
16.6676,0.0000,48.7395,0.8457,0.2211,16.6633,16.6704,15.9312,0.0008,-1.0000
16.6674,0.0000,48.7563,0.8847,0.2080,16.6604,16.6609,15.9508,0.0007,-1.0000
16.6654,0.0000,48.7728,0.7049,0.2031,16.6728,16.6527,15.7693,0.0009,-1.0000
16.6681,0.0000,48.7896,0.9453,0.2121,16.6618,16.6680,16.0819,0.0010,-1.0000
16.6652,0.0000,48.8062,0.7388,0.1976,16.6748,16.6566,15.8289,0.0009,-1.0000
16.6670,0.0000,48.8228,0.7091,0.2468,16.6665,16.6657,16.0289,0.0008,-1.0000
16.6669,0.0000,48.8395,0.8824,0.1870,16.6571,16.6636,15.9480,0.0007,-1.0000
16.6660,0.0000,48.8561,0.5852,0.1938,16.6727,16.6585,15.9057,0.0009,-1.0000
16.6688,0.0000,48.8729,0.8266,0.2005,16.6603,16.6750,16.0892,0.0007,-1.0000
16.6652,0.0000,48.8895,0.6360,0.1890,16.6693,16.6519,15.8945,0.0010,-1.0000
16.6675,0.0000,48.9062,0.7150,0.1961,16.6679,16.6667,15.9050,0.0010,-1.0000
16.6660,0.0000,48.9228,0.7520,0.1714,16.6622,16.6571,15.8544,0.0006,-1.0000
16.6666,0.0000,48.9395,0.5850,0.1817,16.6808,16.6624,15.9314,0.0009,-1.0000
16.6676,0.0000,48.9562,0.7565,0.2128,16.6562,16.6665,15.9625,0.0009,-1.0000
16.6654,0.0000,48.9728,0.7607,0.1931,16.6717,16.6570,15.8693,0.0010,-1.0000
16.6685,0.0000,48.9896,0.8021,0.1896,16.6618,16.6717,16.0360,0.0008,-1.0000
16.6911,0.0000,49.0062,0.7302,0.2056,16.6656,16.6807,15.8009,0.0008,-1.0000
16.6662,0.0000,49.0228,0.7031,0.2480,16.6707,16.6595,15.9276,0.0010,-1.0000
16.6671,0.0000,49.0395,0.7865,0.1894,16.6612,16.6654,16.0581,0.0007,-1.0000
16.6667,0.0000,49.0562,0.6352,0.2227,16.6768,16.6640,15.9506,0.0007,-1.0000
16.6673,0.0000,49.0729,0.8791,0.2000,16.6855,16.6641,15.9441,0.0010,-1.0000
16.6668,0.0000,49.0895,0.7309,0.1710,16.6623,16.6626,15.8954,0.0007,-1.0000
16.6679,0.0000,49.1063,0.6066,0.2120,16.6690,16.6702,15.9112,0.0007,-1.0000
16.6652,0.0000,49.1229,0.7127,0.1892,16.6674,16.6529,15.6956,0.0012,-1.0000
16.6668,0.0000,49.1395,0.7192,0.2197,16.6685,16.6614,15.9552,0.0009,-1.0000
16.6683,0.0000,49.1563,0.7666,0.2220,16.6668,16.6709,16.0355,0.0008,-1.0000
16.6664,0.0000,49.1729,0.7583,0.2213,16.6757,16.6576,15.7206,0.0006,-1.0000
16.6661,0.0000,49.1896,0.9561,0.1893,16.6576,16.6590,15.7236,0.0008,-1.0000
16.6664,0.0000,49.2063,0.7052,0.1872,16.6646,16.6630,15.8236,0.0009,-1.0000
16.6664,0.0000,49.2229,0.6346,0.2273,16.6768,16.6609,15.8124,0.0010,-1.0000
16.6684,0.0000,49.2396,0.9363,0.2415,16.6631,16.6679,15.8306,0.0008,-1.0000
16.6660,0.0000,49.2563,0.9348,0.2234,16.6639,16.6576,15.7838,0.0009,-1.0000
16.6654,0.0000,49.2728,0.8386,0.2136,16.6679,16.6549,15.7151,0.0008,-1.0000
16.6687,0.0000,49.2896,0.8476,0.2550,16.6650,16.6700,15.9980,0.0008,-1.0000
16.6655,0.0000,49.3063,0.8364,0.2251,16.6735,16.6587,15.8075,0.0007,-1.0000
16.6679,0.0000,49.3229,0.8728,0.2346,16.6631,16.6636,15.7405,0.0008,-1.0000
16.6650,0.0000,49.3395,0.9390,0.2109,16.6590,16.6577,15.8384,0.0007,-1.0000
16.6672,0.0000,49.3562,0.6711,0.2599,16.6743,16.6639,15.9462,0.0008,-1.0000
16.6687,0.0000,49.3730,0.8505,0.2401,16.6642,16.6687,15.9349,0.0008,-1.0000
16.6652,0.0000,49.3896,0.9222,0.2080,16.6689,16.6570,15.7370,0.0009,-1.0000
16.6658,0.0000,49.4062,0.8185,0.2070,16.6629,16.6559,15.7049,0.0011,-1.0000
16.6683,0.0000,49.4229,0.7170,0.2213,16.6675,16.6714,16.0312,0.0010,-1.0000
16.6651,0.0000,49.4395,0.7328,0.2286,16.6743,16.6560,15.7571,0.0008,-1.0000
16.6676,0.0000,49.4569,0.9193,0.2810,16.6630,16.6641,16.0120,0.0009,-1.0000
16.6660,0.0000,49.4730,0.9499,0.2010,16.6595,16.6603,15.1846,0.0009,-1.0000
16.6671,0.0000,49.4896,0.6394,0.2293,16.6763,16.6635,15.8412,0.0007,-1.0000
16.6662,0.0000,49.5062,0.8982,0.2087,16.6607,16.6603,15.8344,0.0013,-1.0000
16.6666,0.0000,49.5229,0.6512,0.2264,16.6683,16.6621,15.8797,0.0007,-1.0000
16.6670,0.0000,49.5395,1.4748,0.2137,16.6651,16.6633,15.8556,0.0008,-1.0000
16.6689,0.0000,49.5564,0.8215,0.3408,16.6677,16.6708,15.9491,0.0008,-1.0000
16.6649,0.0000,49.5729,0.8249,0.1748,16.6645,16.6542,15.6338,0.0009,-1.0000
16.6676,0.0000,49.5896,0.7817,0.2020,16.6659,16.6664,15.7677,0.0011,-1.0000
16.6660,0.0000,49.6063,0.8068,0.2057,16.6672,16.6587,15.6915,0.0009,-1.0000
16.6662,0.0000,49.6229,0.7209,0.2540,16.6764,16.6590,15.8159,0.0008,-1.0000
16.6685,0.0000,49.6396,1.0193,0.2070,16.6585,16.6700,15.9510,0.0011,-1.0000
16.6656,0.0000,49.6563,0.8977,0.2406,16.6716,16.6565,15.7929,0.0008,-1.0000
16.6664,0.0000,49.6729,0.9664,0.2453,16.6636,16.6751,15.7697,0.0010,-1.0000
16.6675,0.0000,49.6896,0.8423,0.2195,16.6625,16.6519,15.8937,0.0012,-1.0000
16.6660,0.0000,49.7063,0.7179,0.2695,16.6751,16.6614,15.7626,0.0008,-1.0000
16.6674,0.0000,49.7230,0.8630,0.2396,16.6617,16.6627,15.8578,0.0010,-1.0000
16.6667,0.0000,49.7395,0.9046,0.1982,16.6791,16.6606,15.7497,0.0010,-1.0000
16.6659,0.0000,49.7562,0.7571,0.2232,16.6560,16.6590,15.8500,0.0011,-1.0000
16.6683,0.0000,49.7730,0.8982,0.2062,16.6654,16.6703,15.9441,0.0010,-1.0000
16.6656,0.0000,49.7896,0.8040,0.2500,16.6679,16.6570,15.7665,0.0010,-1.0000
16.6681,0.0000,49.8063,0.9099,0.2144,16.6653,16.6664,15.9000,0.0013,-1.0000
16.6667,0.0000,49.8230,0.8081,0.2008,16.6626,16.6637,15.6350,0.0008,-1.0000
16.6649,0.0000,49.8395,0.7251,0.2131,16.6762,16.6500,15.7028,0.0010,-1.0000
16.6675,0.0000,49.8563,0.8896,0.2068,16.6610,16.6671,16.0468,0.0009,-1.0000
16.6659,0.0000,49.8729,0.7652,0.2516,16.6716,16.6597,15.8161,0.0008,-1.0000
16.6669,0.0000,49.8896,1.0279,0.2598,16.6705,16.6625,15.9520,0.0010,-1.0000
16.6674,0.0000,49.9063,0.9461,0.1905,16.6545,16.6660,15.8573,0.0013,-1.0000
16.6682,0.0000,49.9230,0.6194,0.2287,16.6719,16.6670,15.8291,0.0008,-1.0000
16.6671,0.0000,49.9396,0.8427,0.1936,16.6632,16.6638,15.7028,0.0009,-1.0000
16.6643,0.0000,49.9563,0.7093,0.2222,16.6665,16.6501,15.6081,0.0012,-1.0000
16.6666,0.0000,49.9729,0.8074,0.2183,16.6710,16.6614,15.7698,0.0011,-1.0000
16.6674,0.0000,49.9896,0.8370,0.2417,16.6725,16.6644,15.8503,0.0010,-1.0000
16.6660,0.0000,50.0062,0.9601,0.2450,16.6705,16.6599,15.8009,0.0009,-1.0000
16.6682,0.0000,50.0230,1.0409,0.2463,16.6559,16.6681,15.8327,0.0008,-1.0000
16.6656,0.0000,50.0395,0.8905,0.2430,16.6657,16.6561,15.6672,0.0008,-1.0000
16.6663,0.0000,50.0563,0.8133,0.2104,16.6684,16.6603,15.8211,0.0009,-1.0000
16.6676,0.0000,50.0729,0.8581,0.2130,16.6636,16.6686,15.9028,0.0009,-1.0000
16.6659,0.0000,50.0896,0.8346,0.2435,16.6735,16.6577,15.7755,0.0007,-1.0000
16.6686,0.0000,50.1063,0.9882,0.2573,16.6614,16.6673,15.7849,0.0009,-1.0000
16.6662,0.0000,50.1230,0.8384,0.2191,16.6640,16.6593,15.7132,0.0010,-1.0000
16.6657,0.0000,50.1395,0.7646,0.2110,16.6736,16.6595,15.7203,0.0009,-1.0000
16.6672,0.0000,50.1563,0.8815,0.2382,16.6622,16.6642,15.9253,0.0008,-1.0000
16.6676,0.0000,50.1730,0.8813,0.2412,16.6725,16.6624,15.7114,0.0007,-1.0000
16.6668,0.0000,50.1897,0.9449,0.2264,16.6651,16.6627,15.4491,0.0012,-1.0000
16.6688,0.0000,50.2064,0.9383,0.2027,16.6636,16.6663,15.5135,0.0014,-1.0000
16.6671,0.0000,50.2230,0.7383,0.2415,16.6705,16.6597,15.6182,0.0011,-1.0000
16.6630,0.0000,50.2395,0.9501,0.2375,16.6686,16.6468,15.5576,0.0010,-1.0000
16.6700,0.0000,50.2563,1.2124,0.2686,16.6680,16.6713,15.8839,0.0010,-1.0000
16.6666,0.0000,50.2730,1.1514,0.2407,16.6731,16.6613,15.5815,0.0009,-1.0000
16.6640,0.0000,50.2896,1.0406,0.2669,16.6677,16.6500,15.5678,0.0012,-1.0000
16.6687,0.0000,50.3064,1.0883,0.1978,16.6517,16.6698,15.7693,0.0010,-1.0000
16.6658,0.0000,50.3230,0.7863,0.2315,16.6777,16.6542,15.5668,0.0010,-1.0000
16.6657,0.0000,50.3395,1.0788,0.2495,16.6687,16.6566,15.6794,0.0011,-1.0000
16.6691,0.0000,50.3564,1.0810,0.2182,16.6563,16.6725,15.8106,0.0011,-1.0000
16.6649,0.0000,50.3730,0.8997,0.2383,16.6757,16.6526,15.5953,0.0013,-1.0000
16.6677,0.0000,50.3897,1.0864,0.2231,16.6610,16.6621,15.6347,0.0012,-1.0000
16.6689,0.0000,50.4064,0.9759,0.2249,16.6618,16.6663,15.5123,0.0012,-1.0000
16.6634,0.0000,50.4229,0.8605,0.2284,16.6796,16.6495,15.4505,0.0013,-1.0000
16.6696,0.0000,50.4396,1.0560,0.2339,16.6597,16.6704,15.7950,0.0010,-1.0000
16.6658,0.0000,50.4564,1.0264,0.2946,16.6677,16.6574,15.6643,0.0011,-1.0000
16.6677,0.0000,50.4730,1.1528,0.2846,16.6732,16.6620,15.6432,0.0011,-1.0000
16.6682,0.0000,50.4898,1.1979,0.2195,16.6555,16.6709,15.5824,0.0012,-1.0000
16.6667,0.0000,50.5064,0.8744,0.2367,16.6768,16.6507,15.2928,0.0013,-1.0000
16.6671,0.0000,50.5231,0.9921,0.2549,16.6650,16.6583,15.4839,0.0011,-1.0000
16.6641,0.0000,50.5396,1.0178,0.2424,16.6687,16.6476,15.3738,0.0012,-1.0000
16.6698,0.0000,50.5564,1.0870,0.2992,16.6789,16.6687,15.6284,0.0009,-1.0000
16.6900,0.0000,50.5731,1.3564,0.2704,16.6599,16.6810,15.4024,0.0011,-1.0000
16.6646,0.0000,50.5897,1.1732,0.2797,16.6685,16.6514,15.4768,0.0012,-1.0000
16.6687,0.0000,50.6065,1.2728,0.2840,16.6550,16.6669,15.6306,0.0010,-1.0000
16.6659,0.0000,50.6231,1.0393,0.2834,16.6762,16.6509,15.3252,0.0013,-1.0000
16.6638,0.0000,50.6395,1.2774,0.2691,16.6909,16.6538,15.5960,0.0012,-1.0000
16.6680,0.0000,50.6563,1.1733,0.2414,16.6586,16.6611,16.0949,0.0011,-1.0000
16.6666,0.0000,50.6729,1.0352,0.2707,16.6767,16.6615,15.8850,0.0007,-1.0000
16.6655,0.0000,50.6896,1.3243,0.2389,16.6598,16.6618,15.8055,0.0009,-1.0000
16.6689,0.0000,50.7064,1.0565,0.1979,16.6582,16.6698,15.9374,0.0008,-1.0000
16.6678,0.0000,50.7230,0.5653,0.2341,16.6658,16.6619,15.5952,0.0012,-1.0000
16.6681,0.0000,50.7396,0.7758,0.2209,16.6662,16.6633,15.6245,0.0011,-1.0000
16.6664,0.0000,50.7564,0.8555,0.2121,16.6654,16.6561,15.6324,0.0014,-1.0000
16.6647,0.0000,50.7730,0.7314,0.2229,16.6758,16.6507,15.5440,0.0013,-1.0000
16.6674,0.0000,50.7897,1.0652,0.2688,16.6695,16.6635,15.6281,0.0012,-1.0000
16.6684,0.0000,50.8064,1.0377,0.2696,16.6717,16.6635,15.4871,0.0012,-1.0000
16.6658,0.0000,50.8231,1.0227,0.2821,16.6657,16.6533,15.4046,0.0014,-1.0000
16.6665,0.0000,50.8396,1.1053,0.2815,16.6584,16.6590,15.5398,0.0016,-1.0000
16.6681,0.0000,50.8564,1.0343,0.3050,16.6698,16.6605,15.5883,0.0010,-1.0000
16.6641,0.0000,50.8730,1.1754,0.2812,16.6731,16.6520,15.4968,0.0010,-1.0000
16.6691,0.0000,50.8898,1.2471,0.2609,16.6619,16.6679,15.7007,0.0014,-1.0000
16.6666,0.0000,50.9064,1.1178,0.2690,16.6677,16.6573,15.3946,0.0011,-1.0000
16.6668,0.0000,50.9231,1.0712,0.2655,16.6688,16.6583,15.3643,0.0011,-1.0000
16.6630,0.0000,50.9396,1.1538,0.2262,16.6586,16.6470,15.5575,0.0010,-1.0000
16.6673,0.0000,50.9564,0.9656,0.2764,16.6755,16.6644,15.8251,0.0010,-1.0000
16.6682,0.0000,50.9730,1.2613,0.3195,16.6659,16.6642,15.5948,0.0010,-1.0000
16.6688,0.0000,50.9897,1.2930,0.2858,16.6669,16.6656,15.6180,0.0010,-1.0000
16.6663,0.0000,51.0064,1.0885,0.2444,16.6526,16.6566,15.3648,0.0014,-1.0000
16.6653,0.0000,51.0230,0.8383,0.2694,16.6700,16.6566,15.5143,0.0012,-1.0000
16.6655,0.0000,51.0396,1.0685,0.2455,16.6712,16.6548,15.6132,0.0012,-1.0000
16.6671,0.0000,51.0564,1.0465,0.3869,16.6733,16.6630,15.7037,0.0009,-1.0000
16.6653,0.0000,51.0729,1.2907,0.2524,16.6650,16.6539,15.6979,0.0011,-1.0000
16.6668,0.0000,51.0896,1.1412,0.2383,16.6644,16.6641,15.8882,0.0009,-1.0000
16.6674,0.0000,51.1063,1.0404,0.2298,16.6610,16.6639,15.8621,0.0008,-1.0000
16.6657,0.0000,51.1229,0.9583,0.2231,16.6684,16.6584,15.7297,0.0011,-1.0000
16.6691,0.0000,51.1396,0.9549,0.2017,16.6585,16.6784,15.9704,0.0009,-1.0000
16.6648,0.0000,51.1563,0.7751,0.2063,16.6685,16.6469,15.7300,0.0012,-1.0000
16.6662,0.0000,51.1729,0.8009,0.2296,16.6682,16.6613,15.8644,0.0012,-1.0000
16.6674,0.0000,51.1896,0.9277,0.2059,16.6620,16.6660,15.9714,0.0007,-1.0000
16.6663,0.0000,51.2063,0.7072,0.2166,16.6846,16.6590,15.8223,0.0008,-1.0000
16.6680,0.0000,51.2230,0.9159,0.2094,16.6512,16.6689,15.9364,0.0012,-1.0000
16.6659,0.0000,51.2395,0.7957,0.1860,16.6651,16.6586,15.8257,0.0009,-1.0000
16.6665,0.0000,51.2563,0.6938,0.2100,16.6702,16.6622,15.9379,0.0010,-1.0000
16.6664,0.0000,51.2729,0.8358,0.1771,16.6628,16.6607,15.8600,0.0009,-1.0000
16.6671,0.0000,51.2896,0.7311,0.2357,16.6735,16.6644,15.9745,0.0007,-1.0000
16.6674,0.0000,51.3063,0.8321,0.2200,16.6632,16.6656,15.9630,0.0011,-1.0000
16.6657,0.0000,51.3229,0.7232,0.1718,16.6666,16.6598,15.8399,0.0009,-1.0000
16.6663,0.0000,51.3395,0.7998,0.2626,16.6647,16.6607,15.9290,0.0010,-1.0000
16.6675,0.0000,51.3563,0.6892,0.1680,16.6675,16.6657,16.0535,0.0011,-1.0000
16.6661,0.0000,51.3729,0.7016,0.1790,16.6703,16.6601,15.7820,0.0008,-1.0000
16.6679,0.0000,51.3896,0.8192,0.1984,16.6634,16.6672,16.0655,0.0008,-1.0000
16.6662,0.0000,51.4062,0.7308,0.1821,16.6641,16.6598,15.7757,0.0010,-1.0000
16.6660,0.0000,51.4229,0.6113,0.2273,16.6697,16.6598,15.9347,0.0009,-1.0000
16.6673,0.0000,51.4395,0.8774,0.1426,16.6633,16.6658,16.0143,0.0008,-1.0000
16.6664,0.0000,51.4563,0.6011,0.1867,16.6722,16.6610,15.9153,0.0012,-1.0000
16.6673,0.0000,51.4730,0.8832,0.1787,16.6646,16.6662,15.9793,0.0010,-1.0000
16.6678,0.0000,51.4897,0.7244,0.1577,16.6633,16.6659,15.8773,0.0009,-1.0000
16.6672,0.0000,51.5064,0.6508,0.1724,16.6699,16.6622,15.7022,0.0010,-1.0000
16.6661,0.0000,51.5230,0.7445,0.1698,16.6643,16.6596,15.6433,0.0010,-1.0000
16.6659,0.0000,51.5395,0.6860,0.1774,16.6703,16.6594,15.7450,0.0011,-1.0000
16.6689,0.0000,51.5564,0.7879,0.2143,16.6711,16.6692,15.8263,0.0010,-1.0000
16.6654,0.0000,51.5730,0.9591,0.2213,16.6685,16.6557,15.5521,0.0009,-1.0000
16.6674,0.0000,51.5897,1.0151,0.2033,16.6645,16.6629,15.6916,0.0010,-1.0000
16.6660,0.0000,51.6064,0.9134,0.2302,16.6636,16.6626,15.7066,0.0008,-1.0000
16.6665,0.0000,51.6230,0.8415,0.2581,16.6750,16.6566,15.7428,0.0009,-1.0000
16.6660,0.0000,51.6395,1.1026,0.1903,16.6616,16.6640,15.7892,0.0008,-1.0000
16.6683,0.0000,51.6564,0.9704,0.2127,16.6688,16.6633,16.0480,0.0008,-1.0000
16.6658,0.0000,51.6730,0.9551,0.1993,16.6679,16.6593,15.7131,0.0009,-1.0000
16.6665,0.0000,51.6897,0.9130,0.2475,16.6609,16.6597,15.8148,0.0012,-1.0000
16.6672,0.0000,51.7063,0.8739,0.1943,16.6680,16.6658,15.6454,0.0009,-1.0000
16.6657,0.0000,51.7229,0.6145,0.2181,16.6676,16.6573,15.7340,0.0008,-1.0000
16.6678,0.0000,51.7396,0.9453,0.1953,16.6645,16.6673,15.9104,0.0009,-1.0000
16.6665,0.0000,51.7563,0.8438,0.1984,16.6645,16.6620,15.8365,0.0008,-1.0000
16.6665,0.0000,51.7729,1.0196,0.2088,16.6709,16.6589,15.8183,0.0009,-1.0000
16.6674,0.0000,51.7896,0.9226,0.1918,16.6609,16.6665,15.9273,0.0008,-1.0000
16.6658,0.0000,51.8063,0.7560,0.2092,16.6719,16.6576,15.8475,0.0011,-1.0000
16.6664,0.0000,51.8229,0.8248,0.2007,16.6662,16.6620,15.8846,0.0010,-1.0000
16.6669,0.0000,51.8395,0.8398,0.1753,16.6634,16.6629,15.9320,0.0011,-1.0000
16.6674,0.0000,51.8563,0.7383,0.1819,16.6712,16.6648,16.0157,0.0009,-1.0000
16.6665,0.0000,51.8730,0.8090,0.1864,16.6616,16.6671,15.7992,0.0014,-1.0000
16.6663,0.0000,51.8896,0.7766,0.2088,16.6663,16.6556,15.8198,0.0010,-1.0000
16.6673,0.0000,51.9063,0.7297,0.1770,16.6669,16.6679,15.9016,0.0012,-1.0000
16.6665,0.0000,51.9229,0.6484,0.1817,16.6680,16.6601,15.8165,0.0011,-1.0000
16.6671,0.0000,51.9395,0.8665,0.1947,16.6720,16.6640,15.8736,0.0011,-1.0000
16.6667,0.0000,51.9563,0.8348,0.1826,16.6590,16.6617,15.9226,0.0010,-1.0000
16.6659,0.0000,51.9729,0.7651,0.1776,16.6731,16.6587,15.8381,0.0011,-1.0000
16.6677,0.0000,51.9896,0.8423,0.1901,16.6640,16.6688,16.0068,0.0009,-1.0000
16.6660,0.0000,52.0063,0.7893,0.1776,16.6680,16.6569,15.8307,0.0007,-1.0000
16.6668,0.0000,52.0229,0.7378,0.1806,16.6670,16.6636,15.9351,0.0010,-1.0000
16.6674,0.0000,52.0396,0.8198,0.1725,16.6617,16.6658,15.9791,0.0010,-1.0000
16.6659,0.0000,52.0563,0.6612,0.1780,16.6735,16.6571,15.8432,0.0010,-1.0000
16.6679,0.0000,52.0730,0.8254,0.2000,16.6610,16.6681,15.9934,0.0009,-1.0000
16.6658,0.0000,52.0896,0.7277,0.1647,16.6669,16.6579,15.8191,0.0007,-1.0000
16.6672,0.0000,52.1063,0.6857,0.2112,16.6706,16.6657,15.8248,0.0011,-1.0000
16.6666,0.0000,52.1229,0.8129,0.1968,16.6609,16.6585,15.8591,0.0008,-1.0000
16.6663,0.0000,52.1395,0.6738,0.1861,16.6737,16.6602,15.8942,0.0009,-1.0000
16.6678,0.0000,52.1563,0.8382,0.2079,16.6617,16.6683,15.9726,0.0010,-1.0000
16.6653,0.0000,52.1729,0.8399,0.2185,16.6708,16.6559,15.7972,0.0008,-1.0000
16.6680,0.0000,52.1897,0.7989,0.1836,16.6652,16.6682,16.0331,0.0012,-1.0000
16.6655,0.0000,52.2062,0.7651,0.1974,16.6632,16.6574,15.7296,0.0011,-1.0000
16.6694,0.0000,52.2231,0.6946,0.1847,16.6731,16.6734,15.9677,0.0010,-1.0000
16.6647,0.0000,52.2396,0.8580,0.1656,16.6595,16.6529,15.5635,0.0014,-1.0000
16.6666,0.0000,52.2563,0.6338,0.2058,16.6724,16.6622,15.7509,0.0008,-1.0000
16.6666,0.0000,52.2730,0.9267,0.1773,16.6615,16.6644,15.8113,0.0008,-1.0000
16.6675,0.0000,52.2897,0.7046,0.2258,16.6786,16.6629,15.7224,0.0009,-1.0000
16.6658,0.0000,52.3063,1.0881,0.2299,16.6589,16.6567,15.6683,0.0010,-1.0000
16.6669,0.0000,52.3230,0.9106,0.1992,16.6662,16.6667,15.8361,0.0011,-1.0000
16.6689,0.0000,52.3396,0.8525,0.2240,16.6691,16.6688,15.7571,0.0009,-1.0000
16.6670,0.0000,52.3564,0.9399,0.2440,16.6678,16.6594,15.7857,0.0009,-1.0000
16.6667,0.0000,52.3730,0.9873,0.2139,16.6600,16.6625,15.6468,0.0008,-1.0000
16.6646,0.0000,52.3896,0.8295,0.2815,16.6712,16.6507,15.7294,0.0008,-1.0000
16.6686,0.0000,52.4063,0.9107,0.2493,16.6741,16.6704,15.9054,0.0010,-1.0000
16.6667,0.0000,52.4230,0.8728,0.2502,16.6655,16.6621,15.6300,0.0007,-1.0000
16.6647,0.0000,52.4395,1.0148,0.2439,16.6688,16.6534,15.6459,0.0010,-1.0000
16.6692,0.0000,52.4564,0.9207,0.2360,16.6552,16.6697,15.9586,0.0011,-1.0000
16.6654,0.0000,52.4730,0.7642,0.2367,16.6756,16.6510,15.5800,0.0010,-1.0000
16.6669,0.0000,52.4897,1.0314,0.2504,16.6684,16.6616,15.7170,0.0010,-1.0000
16.6668,0.0000,52.5064,1.0065,0.2101,16.6577,16.6647,15.7660,0.0008,-1.0000
16.6653,0.0000,52.5229,0.7099,0.2488,16.6786,16.6530,15.6190,0.0009,-1.0000
16.6687,0.0000,52.5396,1.0702,0.2253,16.6595,16.6705,15.9451,0.0010,-1.0000
16.6679,0.0000,52.5564,0.9434,0.2326,16.6668,16.6643,15.7856,0.0008,-1.0000
16.6639,0.0000,52.5729,0.8978,0.2211,16.6700,16.6509,15.4903,0.0012,-1.0000
16.6685,0.0000,52.5897,1.0330,0.2013,16.6566,16.6686,15.9107,0.0010,-1.0000
16.6661,0.0000,52.6063,0.7245,0.2454,16.6757,16.6586,15.7134,0.0009,-1.0000
16.6667,0.0000,52.6230,0.8781,0.3102,16.6708,16.6614,15.7582,0.0009,-1.0000
16.6667,0.0000,52.6396,1.1594,0.2221,16.6555,16.6629,15.7521,0.0009,-1.0000
16.6658,0.0000,52.6563,0.7570,0.2230,16.6740,16.6562,15.8068,0.0010,-1.0000
16.6687,0.0000,52.6730,0.9445,0.2460,16.6638,16.6713,15.9677,0.0010,-1.0000
16.6658,0.0000,52.6896,0.9023,0.2220,16.6663,16.6582,15.7658,0.0009,-1.0000
16.6677,0.0000,52.7062,0.9100,0.2473,16.6676,16.6605,15.8189,0.0008,-1.0000
16.6658,0.0000,52.7230,0.8484,0.1892,16.6599,16.6650,15.9959,0.0011,-1.0000
16.6654,0.0000,52.7395,0.7025,0.2188,16.6763,16.6522,15.7281,0.0008,-1.0000
16.6665,0.0000,52.7563,0.8915,0.2195,16.6634,16.6650,16.1091,0.0008,-1.0000
16.6673,0.0000,52.7730,0.8405,0.1666,16.6640,16.6637,15.9235,0.0012,-1.0000
16.6664,0.0000,52.7896,0.6683,0.2064,16.6735,16.6610,15.8588,0.0008,-1.0000
16.6682,0.0000,52.8063,0.9232,0.2105,16.6558,16.6642,15.9734,0.0009,-1.0000
16.6652,0.0000,52.8229,0.5553,0.1979,16.6695,16.6552,15.8007,0.0009,-1.0000
16.6669,0.0000,52.8395,0.7392,0.2289,16.6682,16.6662,15.9904,0.0010,-1.0000
16.6748,0.0000,52.8563,0.8012,0.1799,16.6673,16.6704,15.9766,0.0007,-1.0000
16.6666,0.0000,52.8729,0.6898,0.1987,16.6703,16.6637,15.8475,0.0011,-1.0000
16.6686,0.0000,52.8897,0.8534,0.2311,16.6591,16.6672,16.0304,0.0008,-1.0000
16.6652,0.0000,52.9063,0.6748,0.1925,16.6702,16.6556,15.6848,0.0008,-1.0000
16.6676,0.0000,52.9230,0.6932,0.1987,16.6740,16.6643,15.9152,0.0010,-1.0000
16.6659,0.0000,52.9395,0.8151,0.2159,16.6673,16.6604,15.8322,0.0008,-1.0000
16.6685,0.0000,52.9563,0.6359,0.2383,16.6727,16.6692,16.0077,0.0010,-1.0000
16.6657,0.0000,52.9730,0.9700,0.2064,16.6595,16.6591,15.8165,0.0011,-1.0000
16.6661,0.0000,52.9896,0.7480,0.2267,16.6692,16.6582,15.8295,0.0010,-1.0000
16.6691,0.0000,53.0064,0.8274,0.2012,16.6642,16.6726,15.9544,0.0011,-1.0000
16.6659,0.0000,53.0230,0.6605,0.2331,16.6736,16.6571,15.7231,0.0009,-1.0000
16.6665,0.0000,53.0396,0.8412,0.2261,16.6641,16.6608,15.5966,0.0010,-1.0000
16.6669,0.0000,53.0564,0.8278,0.1779,16.6616,16.6602,15.7925,0.0011,-1.0000
16.6652,0.0000,53.0729,0.7170,0.2458,16.6782,16.6565,15.7789,0.0009,-1.0000
16.6669,0.0000,53.0897,0.9330,0.2518,16.6637,16.6664,15.9939,0.0009,-1.0000
16.6668,0.0000,53.1063,1.0634,0.2150,16.6660,16.6612,15.8490,0.0009,-1.0000
16.6665,0.0000,53.1229,0.8667,0.2187,16.6648,16.6613,15.9170,0.0009,-1.0000
16.6680,0.0000,53.1396,0.8768,0.1958,16.6599,16.6635,15.9811,0.0008,-1.0000
16.6655,0.0000,53.1563,0.6717,0.1964,16.6708,16.6583,15.8543,0.0011,-1.0000
16.6687,0.0000,53.1730,0.8115,0.2257,16.6657,16.6698,15.9742,0.0012,-1.0000
16.6646,0.0000,53.1896,0.7434,0.1822,16.6661,16.6532,15.7677,0.0009,-1.0000
16.6680,0.0000,53.2063,0.6816,0.2282,16.6701,16.6694,16.0182,0.0009,-1.0000
16.6655,0.0000,53.2229,0.8030,0.2002,16.6621,16.6571,15.8734,0.0012,-1.0000
16.6663,0.0000,53.2395,0.6943,0.2120,16.6747,16.6611,15.8839,0.0009,-1.0000
16.6682,0.0000,53.2563,0.8846,0.2098,16.6568,16.6697,16.0483,0.0007,-1.0000
16.6657,0.0000,53.2729,0.6505,0.1987,16.6741,16.6567,15.7964,0.0006,-1.0000
16.6684,0.0000,53.2897,0.7824,0.2089,16.6616,16.6727,16.0281,0.0009,-1.0000
16.6660,0.0000,53.3064,0.7761,0.1811,16.6644,16.6585,15.6912,0.0007,-1.0000
16.6658,0.0000,53.3229,0.6205,0.2197,16.6738,16.6568,15.7517,0.0010,-1.0000
16.6675,0.0000,53.3396,0.8593,0.2136,16.6603,16.6665,16.0068,0.0008,-1.0000
16.6698,0.0000,53.3564,0.6434,0.2365,16.6777,16.6726,15.9397,0.0008,-1.0000
16.6664,0.0000,53.3731,0.9664,0.2161,16.6632,16.6574,15.5641,0.0010,-1.0000
16.6662,0.0000,53.3898,0.9041,0.2072,16.6604,16.6594,15.6424,0.0010,-1.0000
16.6640,0.0000,53.4063,0.6589,0.2191,16.6702,16.6496,15.5608,0.0011,-1.0000
16.6678,0.0000,53.4230,0.7320,0.2661,16.6794,16.6703,15.9472,0.0008,-1.0000
16.6674,0.0000,53.4396,1.0922,0.2248,16.6646,16.6582,15.7635,0.0009,-1.0000
16.6651,0.0000,53.4563,1.0158,0.2393,16.6670,16.6562,15.8174,0.0009,-1.0000
16.6676,0.0000,53.4730,1.0876,0.1924,16.6539,16.6674,15.8785,0.0009,-1.0000
16.6662,0.0000,53.4896,0.7221,0.2056,16.6762,16.6581,15.6448,0.0011,-1.0000
16.6690,0.0000,53.5064,0.8937,0.2276,16.6634,16.6728,15.8439,0.0009,-1.0000
16.6658,0.0000,53.5230,0.8380,0.2370,16.6600,16.6550,15.6497,0.0013,-1.0000
16.6657,0.0000,53.5396,0.7877,0.2510,16.6724,16.6620,15.6419,0.0011,-1.0000
16.6700,0.0000,53.5565,1.0123,0.2090,16.6625,16.6658,15.8187,0.0011,-1.0000
16.6658,0.0000,53.5731,0.8279,0.2386,16.6790,16.6563,15.4707,0.0011,-1.0000
16.6641,0.0000,53.5896,1.0037,0.2374,16.6621,16.6582,15.6010,0.0011,-1.0000
16.6700,0.0000,53.6064,1.0191,0.2185,16.6682,16.6651,15.9000,0.0011,-1.0000
16.6653,0.0000,53.6231,0.8458,0.2833,16.6722,16.6552,15.4995,0.0013,-1.0000
16.6689,0.0000,53.6397,1.1843,0.2635,16.6640,16.6688,15.4682,0.0010,-1.0000
16.6673,0.0000,53.6565,1.0563,0.2598,16.6634,16.6557,15.4483,0.0013,-1.0000
16.6670,0.0000,53.6731,0.7640,0.2476,16.6717,16.6559,15.4045,0.0010,-1.0000
16.6660,0.0000,53.6899,1.1544,0.3014,16.6625,16.6552,15.3828,0.0014,-1.0000
16.6660,0.0000,53.7065,1.1995,0.3522,16.6775,16.6535,15.2890,0.0014,-1.0000
16.6664,0.0000,53.7231,1.2058,0.4322,16.6672,16.6544,15.4915,0.0013,-1.0000
16.6691,0.0000,53.7398,1.2504,0.3467,16.6667,16.6728,15.2312,0.0013,-1.0000
16.6616,0.0000,53.7563,1.2709,0.2713,16.6666,16.6319,15.3116,0.0013,-1.0000
16.6659,0.0000,53.7729,1.3631,0.2357,16.6635,16.6575,15.7502,0.0011,-1.0000
16.6673,0.0000,53.7897,1.1616,0.5093,16.6632,16.6668,15.8861,0.0012,-1.0000
16.6661,0.0000,53.8063,1.4402,0.2721,16.6845,16.6575,15.7976,0.0008,-1.0000
16.6675,0.0000,53.8230,1.3191,0.2421,16.6392,16.6657,15.8845,0.0011,-1.0000
16.6679,0.0000,53.8396,0.9063,0.2063,16.6610,16.6670,15.8234,0.0009,-1.0000
16.6654,0.0000,53.8563,0.7796,0.2157,16.6719,16.6565,15.7822,0.0010,-1.0000
16.6680,0.0000,53.8730,0.8591,0.2031,16.6614,16.6678,15.8186,0.0010,-1.0000
16.6667,0.0000,53.8897,0.7800,0.2524,16.6701,16.6589,15.6863,0.0008,-1.0000
16.6648,0.0000,53.9063,0.8427,0.2627,16.6726,16.6585,15.6706,0.0010,-1.0000
16.6687,0.0000,53.9230,0.8736,0.2341,16.6606,16.6676,15.9532,0.0009,-1.0000
16.6652,0.0000,53.9396,0.8482,0.2297,16.6734,16.6548,15.7497,0.0008,-1.0000
16.6672,0.0000,53.9563,0.9718,0.2622,16.6642,16.6638,15.9800,0.0010,-1.0000
16.6661,0.0000,53.9730,0.9869,0.1978,16.6623,16.6603,15.8493,0.0011,-1.0000
16.6671,0.0000,53.9897,0.7135,0.2191,16.6729,16.6636,15.7916,0.0009,-1.0000
16.6683,0.0000,54.0064,0.9044,0.2029,16.6595,16.6753,15.9021,0.0011,-1.0000
16.6683,0.0000,54.0231,0.6827,0.2091,16.6677,16.6600,15.7596,0.0009,-1.0000
16.6635,0.0000,54.0396,0.8098,0.2394,16.6651,16.6504,15.6022,0.0008,-1.0000
16.6676,0.0000,54.0564,0.8711,0.1811,16.6667,16.6647,15.9224,0.0008,-1.0000
16.6664,0.0000,54.0730,0.7723,0.2539,16.6805,16.6591,15.6564,0.0010,-1.0000
16.6686,0.0000,54.0897,0.8996,0.2570,16.6662,16.6713,15.9291,0.0008,-1.0000
16.6661,0.0000,54.1063,1.0474,0.2169,16.6557,16.6575,15.6639,0.0011,-1.0000
16.6653,0.0000,54.1230,0.7417,0.2401,16.6690,16.6743,15.7766,0.0007,-1.0000
16.6684,0.0000,54.1396,1.0018,0.2129,16.6631,16.6551,15.9230,0.0010,-1.0000
16.6661,0.0000,54.1563,0.7416,0.2378,16.6764,16.6547,15.7421,0.0009,-1.0000
16.6666,0.0000,54.1730,0.9927,0.2084,16.6623,16.6620,15.7970,0.0008,-1.0000
16.6668,0.0000,54.1897,0.8967,0.1971,16.6780,16.6628,15.8450,0.0008,-1.0000
16.6668,0.0000,54.2063,0.7309,0.2194,16.6604,16.6610,15.8086,0.0009,-1.0000
16.6670,0.0000,54.2230,0.9117,0.2118,16.6595,16.6659,15.9211,0.0010,-1.0000
16.6680,0.0000,54.2396,0.8642,0.2312,16.6669,16.6658,15.7092,0.0009,-1.0000
16.6641,0.0000,54.2563,0.8172,0.2215,16.6674,16.6494,15.7077,0.0009,-1.0000
16.6686,0.0000,54.2730,0.8518,0.1969,16.6644,16.6778,16.0074,0.0010,-1.0000
16.6657,0.0000,54.2897,0.7440,0.2598,16.6720,16.6493,15.7759,0.0008,-1.0000
16.6659,0.0000,54.3063,0.9557,0.2380,16.6718,16.6614,15.8394,0.0009,-1.0000
16.6666,0.0000,54.3230,0.9408,0.1901,16.6533,16.6616,15.9227,0.0008,-1.0000
16.6668,0.0000,54.3395,0.6696,0.2291,16.6834,16.6620,15.9137,0.0008,-1.0000
16.6670,0.0000,54.3563,0.8725,0.2185,16.6536,16.6653,16.0585,0.0008,-1.0000
16.6668,0.0000,54.3729,0.8213,0.1964,16.6655,16.6596,15.8526,0.0010,-1.0000
16.6668,0.0000,54.3896,0.7382,0.2039,16.6661,16.6633,15.9647,0.0009,-1.0000
16.6670,0.0000,54.4063,0.7475,0.1821,16.6652,16.6640,15.9714,0.0009,-1.0000
16.6663,0.0000,54.4229,0.6060,0.1943,16.6701,16.6602,15.8504,0.0009,-1.0000
16.6669,0.0000,54.4396,0.8061,0.2122,16.6646,16.6667,15.9215,0.0009,-1.0000
16.6668,0.0000,54.4563,0.6975,0.2286,16.6671,16.6620,15.8483,0.0008,-1.0000
16.6667,0.0000,54.4730,0.6917,0.2442,16.6683,16.6609,15.7761,0.0011,-1.0000
16.6680,0.0000,54.4903,0.8090,0.2018,16.6638,16.6657,15.8361,0.0008,-1.0000
16.6667,0.0000,54.5064,0.7442,0.2325,16.6712,16.6626,14.9688,0.0010,-1.0000
16.6648,0.0000,54.5230,0.8129,0.2071,16.6663,16.6546,15.6699,0.0012,-1.0000
16.6682,0.0000,54.5396,0.8837,0.1974,16.6655,16.6670,15.8882,0.0008,-1.0000
16.6652,0.0000,54.5563,0.8287,0.2678,16.6706,16.6570,15.7930,0.0008,-1.0000
16.6689,0.0000,54.5730,1.6928,0.2248,16.6687,16.6717,15.8492,0.0010,-1.0000
16.6650,0.0000,54.5896,0.9836,0.2434,16.6595,16.6528,15.6683,0.0011,-1.0000
16.6669,0.0000,54.6063,0.7779,0.2499,16.6713,16.6625,15.8233,0.0009,-1.0000
16.6683,0.0000,54.6231,0.8632,0.2768,16.6616,16.6717,15.8132,0.0009,-1.0000
16.6649,0.0000,54.6396,0.8217,0.2403,16.6774,16.6502,15.6632,0.0008,-1.0000
16.6668,0.0000,54.6563,0.9832,0.2114,16.6576,16.6645,15.9906,0.0007,-1.0000
16.6673,0.0000,54.6730,0.8386,0.2116,16.6663,16.6657,15.8457,0.0010,-1.0000
16.6659,0.0000,54.6896,0.8577,0.2161,16.6778,16.6588,15.5963,0.0009,-1.0000
16.6688,0.0000,54.7064,0.9861,0.2146,16.6538,16.6707,15.8802,0.0009,-1.0000
16.6651,0.0000,54.7230,0.6736,0.2147,16.6680,16.6535,15.7035,0.0010,-1.0000
16.6666,0.0000,54.7396,0.8191,0.2773,16.6698,16.6614,15.8137,0.0008,-1.0000
16.6670,0.0000,54.7563,1.0617,0.2208,16.6630,16.6681,15.9459,0.0008,-1.0000
16.6666,0.0000,54.7730,0.7895,0.2306,16.6765,16.6570,15.8407,0.0010,-1.0000
16.6682,0.0000,54.7897,0.9490,0.2277,16.6588,16.6689,15.8518,0.0009,-1.0000
16.6673,0.0000,54.8064,0.8471,0.2299,16.6655,16.6619,15.6966,0.0010,-1.0000
16.6644,0.0000,54.8229,0.7214,0.2063,16.6717,16.6492,15.7071,0.0008,-1.0000
16.6689,0.0000,54.8396,0.8153,0.2137,16.6617,16.6745,16.0539,0.0009,-1.0000
16.6647,0.0000,54.8563,0.8165,0.2733,16.6745,16.6515,15.7895,0.0008,-1.0000
16.6672,0.0000,54.8730,0.9646,0.2374,16.6675,16.6644,15.9056,0.0011,-1.0000
16.6668,0.0000,54.8897,0.9412,0.1811,16.6549,16.6646,15.9007,0.0008,-1.0000
16.6670,0.0000,54.9063,0.6197,0.2265,16.6795,16.6615,15.7975,0.0009,-1.0000
16.6694,0.0000,54.9231,0.8613,0.1976,16.6565,16.6706,15.8092,0.0009,-1.0000
16.6643,0.0000,54.9396,0.7578,0.1876,16.6682,16.6543,15.6500,0.0012,-1.0000
16.6659,0.0000,54.9563,0.7632,0.2251,16.6692,16.6562,15.7688,0.0009,-1.0000
16.6688,0.0000,54.9731,0.8631,0.2188,16.6664,16.6713,15.9049,0.0012,-1.0000
16.6650,0.0000,54.9897,0.8604,0.2383,16.6774,16.6534,15.7060,0.0007,-1.0000
16.6671,0.0000,55.0063,1.0034,0.2252,16.6598,16.6635,15.8119,0.0009,-1.0000
16.6665,0.0000,55.0230,0.8867,0.1983,16.6606,16.6628,15.7122,0.0010,-1.0000
16.6665,0.0000,55.0395,0.7652,0.2756,16.6769,16.6609,15.8451,0.0010,-1.0000
16.6675,0.0000,55.0563,0.9466,0.2330,16.6578,16.6655,16.0201,0.0011,-1.0000
16.6663,0.0000,55.0730,0.8509,0.2027,16.6675,16.6588,15.8564,0.0009,-1.0000
16.6665,0.0000,55.0896,0.9496,0.2133,16.6672,16.6622,15.9427,0.0009,-1.0000
16.6670,0.0000,55.1063,0.8148,0.1755,16.6647,16.6646,15.9433,0.0008,-1.0000
16.6663,0.0000,55.1229,0.6444,0.1993,16.6701,16.6606,15.8695,0.0010,-1.0000
16.6673,0.0000,55.1396,0.8015,0.1926,16.6632,16.6650,15.9578,0.0009,-1.0000
16.6663,0.0000,55.1563,0.7187,0.1859,16.6664,16.6590,15.9349,0.0010,-1.0000
16.6666,0.0000,55.1730,0.7208,0.2240,16.6684,16.6649,15.9820,0.0010,-1.0000
16.6669,0.0000,55.1896,0.7902,0.2660,16.6647,16.6624,15.9408,0.0007,-1.0000
16.6666,0.0000,55.2063,0.7064,0.2252,16.6695,16.6630,15.9645,0.0007,-1.0000
16.6671,0.0000,55.2230,0.7230,0.1847,16.6628,16.6644,16.0300,0.0008,-1.0000
16.6663,0.0000,55.2395,0.6820,0.1801,16.6686,16.6608,15.8992,0.0011,-1.0000
16.6670,0.0000,55.2563,0.7207,0.1887,16.6660,16.6667,16.0474,0.0009,-1.0000
16.6663,0.0000,55.2730,0.6977,0.1940,16.6660,16.6591,15.8441,0.0009,-1.0000
16.6680,0.0000,55.2897,0.6338,0.2127,16.6688,16.6693,15.9619,0.0011,-1.0000
16.6680,0.0000,55.3064,0.7604,0.1685,16.6642,16.6664,15.7937,0.0012,-1.0000
16.6651,0.0000,55.3230,0.6183,0.2394,16.6709,16.6520,15.6101,0.0012,-1.0000
16.6666,0.0000,55.3396,0.8141,0.1811,16.6629,16.6627,15.8842,0.0009,-1.0000
16.6667,0.0000,55.3563,0.7063,0.2305,16.6742,16.6602,15.8764,0.0007,-1.0000
16.6665,0.0000,55.3730,0.8716,0.2164,16.6731,16.6626,15.8881,0.0010,-1.0000
16.6664,0.0000,55.3896,1.0410,0.1838,16.6567,16.6608,15.8625,0.0012,-1.0000
16.6680,0.0000,55.4063,0.7779,0.2117,16.6673,16.6672,15.9339,0.0008,-1.0000
16.6657,0.0000,55.4230,0.7831,0.1992,16.6642,16.6603,15.8113,0.0009,-1.0000
16.6674,0.0000,55.4396,0.7735,0.1779,16.6670,16.6638,15.7910,0.0009,-1.0000
16.6662,0.0000,55.4563,0.7972,0.2217,16.6647,16.6610,15.8777,0.0009,-1.0000
16.6684,0.0000,55.4731,0.7324,0.2058,16.6714,16.6668,15.8162,0.0008,-1.0000
16.6654,0.0000,55.4897,0.8484,0.2126,16.6649,16.6549,15.7166,0.0009,-1.0000
16.6677,0.0000,55.5063,0.8719,0.2043,16.6683,16.6670,15.8356,0.0009,-1.0000
16.6684,0.0000,55.5231,0.7825,0.1967,16.6656,16.6742,15.8095,0.0007,-1.0000
16.6670,0.0000,55.5397,0.8497,0.2139,16.6717,16.6550,15.5510,0.0010,-1.0000
16.6672,0.0000,55.5565,0.9374,0.2186,16.6593,16.6609,15.5258,0.0014,-1.0000
16.6667,0.0000,55.5731,0.8306,0.2119,16.6717,16.6589,15.4899,0.0011,-1.0000
16.6649,0.0000,55.5897,0.8634,0.2638,16.6798,16.6513,15.5562,0.0014,-1.0000
16.6678,0.0000,55.6064,1.1031,0.2642,16.6630,16.6674,15.7087,0.0010,-1.0000
16.6672,0.0000,55.6231,1.1335,0.2766,16.6694,16.6587,15.5973,0.0009,-1.0000
16.6642,0.0000,55.6396,1.1675,0.2422,16.6667,16.6490,15.5084,0.0011,-1.0000
16.6662,0.0000,55.6564,1.0939,0.2292,16.6583,16.6609,15.9359,0.0011,-1.0000
16.6664,0.0000,55.6729,0.9576,0.2683,16.6741,16.6607,15.8013,0.0008,-1.0000
16.6664,0.0000,55.6896,1.0604,0.2474,16.6662,16.6607,15.8884,0.0010,-1.0000
16.6674,0.0000,55.7063,1.1395,0.2051,16.6545,16.6678,16.0042,0.0008,-1.0000
16.6663,0.0000,55.7229,0.7239,0.2086,16.6666,16.6593,15.8407,0.0009,-1.0000
16.6709,0.0000,55.7397,0.8587,0.1815,16.6644,16.7197,16.0163,0.0011,-1.0000
16.6660,0.0000,55.7564,0.7714,0.2143,16.6643,16.6137,15.5996,0.0010,-1.0000
16.6656,0.0000,55.7731,0.6630,0.2230,16.6719,16.6573,15.6546,0.0010,-1.0000
16.6662,0.0000,55.7897,0.8179,0.1931,16.6626,16.6598,15.6694,0.0010,-1.0000
16.6670,0.0000,55.8064,0.7021,0.2533,16.7267,16.6617,15.6735,0.0010,-1.0000
16.6681,0.0000,55.8231,1.0130,0.2350,16.6219,16.6654,15.6353,0.0012,-1.0000
16.6658,0.0000,55.8396,1.0017,0.2225,16.6636,16.6554,15.5830,0.0013,-1.0000
16.6650,0.0000,55.8563,0.9892,0.2307,16.6662,16.6524,15.7755,0.0009,-1.0000
16.6660,0.0000,55.8730,0.9871,0.2763,16.6671,16.6620,15.8409,0.0012,-1.0000
16.6677,0.0000,55.8897,1.0287,0.2737,16.6725,16.6660,15.9427,0.0010,-1.0000
16.6665,0.0000,55.9063,1.0708,0.2262,16.6621,16.6585,15.8011,0.0009,-1.0000
16.6668,0.0000,55.9230,0.8760,0.2048,16.6562,16.6665,15.9679,0.0011,-1.0000
16.6663,0.0000,55.9396,0.8200,0.1932,16.6659,16.6595,15.8184,0.0008,-1.0000
16.6669,0.0000,55.9563,0.7224,0.2161,16.6707,16.6640,16.0008,0.0011,-1.0000
16.6672,0.0000,55.9730,0.8564,0.1932,16.6622,16.6646,15.8768,0.0012,-1.0000
16.6658,0.0000,55.9896,0.6975,0.1884,16.6712,16.6569,15.5818,0.0009,-1.0000
16.6677,0.0000,56.0063,0.8404,0.2118,16.6632,16.6682,15.7223,0.0011,-1.0000
16.6659,0.0000,56.0229,0.6622,0.1749,16.6685,16.6590,15.8247,0.0008,-1.0000
16.6669,0.0000,56.0396,0.7865,0.3642,16.6696,16.6622,15.9235,0.0010,-1.0000
16.6666,0.0000,56.0564,1.0743,0.3025,16.6605,16.6617,15.9729,0.0011,-1.0000
16.6663,0.0000,56.0729,0.9448,0.1915,16.6727,16.6621,15.7941,0.0011,-1.0000
16.6668,0.0000,56.0896,0.8336,0.2094,16.6628,16.6658,16.0312,0.0009,-1.0000
16.6671,0.0000,56.1063,0.7376,0.1770,16.6659,16.6620,15.8895,0.0007,-1.0000
16.6668,0.0000,56.1229,0.6877,0.2257,16.6660,16.6628,15.8759,0.0010,-1.0000
16.6673,0.0000,56.1396,0.8671,0.1790,16.6651,16.6647,15.9622,0.0009,-1.0000
16.6661,0.0000,56.1563,0.6334,0.2255,16.6702,16.6598,15.9215,0.0008,-1.0000
16.6674,0.0000,56.1730,0.7717,0.2076,16.6655,16.6674,16.0371,0.0009,-1.0000
16.6665,0.0000,56.1896,0.7859,0.1891,16.6664,16.6616,15.8987,0.0007,-1.0000
16.6673,0.0000,56.2063,0.7017,0.2298,16.6686,16.6654,15.9373,0.0009,-1.0000
16.6663,0.0000,56.2230,0.7376,0.1811,16.6629,16.6610,15.9345,0.0008,-1.0000
16.6683,0.0000,56.2396,0.6294,0.1825,16.6715,16.6717,15.8112,0.0010,-1.0000
16.6648,0.0000,56.2563,0.7623,0.2022,16.6649,16.6528,15.9709,0.0012,-1.0000
16.6668,0.0000,56.2729,0.7271,0.2171,16.6697,16.6629,15.9018,0.0009,-1.0000
16.6673,0.0000,56.2897,0.7257,0.2017,16.6654,16.6651,15.9859,0.0009,-1.0000
16.6667,0.0000,56.3063,0.8595,0.2064,16.6753,16.6620,15.8124,0.0009,-1.0000
16.6696,0.0000,56.3231,0.6808,0.2134,16.6563,16.6735,15.8224,0.0010,-1.0000
16.6647,0.0000,56.3396,0.7601,0.1881,16.6663,16.6498,15.5719,0.0011,-1.0000
16.6659,0.0000,56.3563,0.6784,0.2318,16.6698,16.6581,15.8366,0.0007,-1.0000
16.6665,0.0000,56.3730,0.8486,0.2069,16.6667,16.6631,15.9023,0.0011,-1.0000
16.6675,0.0000,56.3897,0.8500,0.2536,16.6810,16.6645,15.9281,0.0008,-1.0000
16.6661,0.0000,56.4063,1.0767,0.2035,16.6554,16.6576,15.7574,0.0008,-1.0000
16.6676,0.0000,56.4230,0.8206,0.1916,16.6622,16.6681,16.0176,0.0009,-1.0000
16.6659,0.0000,56.4396,0.7598,0.1941,16.6675,16.6573,15.7367,0.0007,-1.0000
16.6669,0.0000,56.4563,0.7359,0.2442,16.6696,16.6648,16.0072,0.0007,-1.0000
16.6685,0.0000,56.4731,0.8995,0.1621,16.6615,16.6670,15.7950,0.0010,-1.0000
16.6675,0.0000,56.4897,0.6496,0.2233,16.6727,16.6622,15.5385,0.0009,-1.0000
16.6657,0.0000,56.5064,0.9201,0.1980,16.6614,16.6607,15.6702,0.0011,-1.0000
16.6680,0.0000,56.5231,0.6571,0.1955,16.6693,16.6635,15.6758,0.0009,-1.0000
16.6644,0.0000,56.5396,0.8708,0.2559,16.6723,16.6507,15.5815,0.0009,-1.0000
16.6700,0.0000,56.5565,1.1228,0.2433,16.6683,16.6767,15.9443,0.0011,-1.0000
16.6643,0.0000,56.5730,0.9893,0.2119,16.6667,16.6482,15.3852,0.0010,-1.0000
16.6687,0.0000,56.5897,0.9868,0.2803,16.6701,16.6650,15.6567,0.0012,-1.0000
16.6650,0.0000,56.6064,1.0684,0.2196,16.6554,16.6562,15.6096,0.0012,-1.0000
16.6651,0.0000,56.6229,0.7311,0.2738,16.6842,16.6560,15.6013,0.0010,-1.0000
16.6681,0.0000,56.6396,1.2621,0.2471,16.6549,16.6698,15.9655,0.0009,-1.0000
16.6674,0.0000,56.6564,1.0070,0.2465,16.6718,16.6595,15.7265,0.0008,-1.0000
16.6648,0.0000,56.6729,1.0453,0.2274,16.6612,16.6539,15.7188,0.0007,-1.0000
16.6703,0.0000,56.6897,1.0538,0.1811,16.6604,16.6765,15.9111,0.0009,-1.0000
16.6666,0.0000,56.7064,0.7034,0.2382,16.6755,16.6563,15.6377,0.0010,-1.0000
16.6633,0.0000,56.7229,0.9321,0.2242,16.6654,16.6501,15.6516,0.0009,-1.0000
16.6687,0.0000,56.7396,0.9343,0.2051,16.6576,16.6716,15.9851,0.0010,-1.0000
16.6652,0.0000,56.7563,0.7646,0.2658,16.6826,16.6559,15.8251,0.0008,-1.0000
16.6679,0.0000,56.7730,1.0177,0.2701,16.6624,16.6653,15.8563,0.0010,-1.0000
16.6671,0.0000,56.7897,0.9975,0.2179,16.6543,16.6677,15.8102,0.0012,-1.0000
16.6648,0.0000,56.8063,0.6854,0.2321,16.6769,16.6490,15.6664,0.0009,-1.0000
16.6692,0.0000,56.8231,0.8299,0.2203,16.6605,16.6796,15.9429,0.0009,-1.0000
16.6665,0.0000,56.8396,0.8081,0.2095,16.6693,16.6559,15.6879,0.0010,-1.0000
16.6650,0.0000,56.8563,0.8562,0.2432,16.6748,16.6670,15.7878,0.0009,-1.0000
16.6699,0.0000,56.8731,0.9818,0.2050,16.6525,16.6591,15.8449,0.0011,-1.0000
16.6651,0.0000,56.8897,0.7358,0.2383,16.6847,16.6531,15.6333,0.0010,-1.0000
16.6660,0.0000,56.9063,0.9671,0.2330,16.6615,16.6603,15.6767,0.0010,-1.0000
16.6692,0.0000,56.9231,0.8783,0.2171,16.6714,16.6710,15.7708,0.0014,-1.0000
16.6668,0.0000,56.9396,0.8131,0.2931,16.6653,16.6560,15.5454,0.0012,-1.0000
16.6647,0.0000,56.9564,1.0187,0.2646,16.6593,16.6573,15.7146,0.0010,-1.0000
16.6678,0.0000,56.9731,0.9826,0.2644,16.6651,16.6644,15.7009,0.0009,-1.0000
16.6645,0.0000,56.9896,0.8986,0.2616,16.6776,16.6517,15.5308,0.0010,-1.0000
16.6698,0.0000,57.0064,1.1096,0.2706,16.6629,16.6743,15.9689,0.0010,-1.0000
16.6657,0.0000,57.0231,0.9416,0.2337,16.6628,16.6575,15.6337,0.0012,-1.0000
16.6658,0.0000,57.0397,0.9624,0.2520,16.6702,16.7317,15.6276,0.0014,-1.0000
16.6744,0.0000,57.0564,1.1200,0.2159,16.6555,16.5962,15.8045,0.0010,-1.0000
16.6661,0.0000,57.0730,0.7041,0.2515,16.6795,16.6576,15.6575,0.0010,-1.0000
16.6659,0.0000,57.0897,1.0223,0.2492,16.6647,16.6615,15.7681,0.0010,-1.0000
16.6697,0.0000,57.1064,1.1028,0.2404,16.7371,16.6717,15.8253,0.0007,-1.0000
16.6656,0.0000,57.1231,0.7907,0.2463,16.6016,16.6537,15.4008,0.0012,-1.0000
16.6649,0.0000,57.1396,0.9989,0.2579,16.6631,16.6550,15.6273,0.0011,-1.0000
16.6688,0.0000,57.1564,0.8925,0.2502,16.6666,16.6709,15.9508,0.0008,-1.0000
16.6648,0.0000,57.1730,0.8456,0.2973,16.6776,16.6527,15.6455,0.0009,-1.0000
16.6699,0.0000,57.1898,1.2518,0.2507,16.6595,16.6743,15.9388,0.0008,-1.0000
16.6660,0.0000,57.2064,1.0267,0.1897,16.6593,16.6573,15.6272,0.0009,-1.0000
16.6646,0.0000,57.2230,0.7189,0.2394,16.6763,16.6497,15.6358,0.0012,-1.0000
16.6697,0.0000,57.2397,1.0063,0.2344,16.6569,16.6713,15.9230,0.0011,-1.0000
16.6647,0.0000,57.2564,0.7346,0.2489,16.6803,16.6532,15.6933,0.0009,-1.0000
16.6662,0.0000,57.2730,1.0290,0.2384,16.6658,16.6602,15.7203,0.0009,-1.0000
16.6676,0.0000,57.2898,1.0127,0.1909,16.6554,16.6695,15.8488,0.0010,-1.0000
16.6659,0.0000,57.3063,0.7472,0.2294,16.6772,16.6547,15.5620,0.0011,-1.0000
16.6674,0.0000,57.3230,0.9590,0.2377,16.6587,16.6656,15.8819,0.0011,-1.0000
16.6669,0.0000,57.3396,0.9391,0.1932,16.6645,16.6627,15.8015,0.0010,-1.0000
16.6657,0.0000,57.3563,0.8197,0.2266,16.6752,16.6560,15.7981,0.0008,-1.0000
16.6689,0.0000,57.3731,1.0916,0.2251,16.6591,16.6707,15.9465,0.0008,-1.0000
16.6688,0.0000,57.3898,0.7826,0.2500,16.6703,16.6667,15.5721,0.0010,-1.0000
16.6628,0.0000,57.4064,0.8605,0.2263,16.6683,16.6432,15.4716,0.0010,-1.0000
16.6677,0.0000,57.4231,0.8571,0.2163,16.6600,16.6660,15.8299,0.0010,-1.0000
16.6660,0.0000,57.4396,0.7231,0.2653,16.6765,16.6565,15.5724,0.0015,-1.0000
16.6671,0.0000,57.4564,1.0933,0.2683,16.6755,16.6692,15.9032,0.0008,-1.0000
16.6690,0.0000,57.4731,1.1706,0.2534,16.6496,16.6705,15.7805,0.0007,-1.0000
16.6636,0.0000,57.4896,0.8351,0.2230,16.6724,16.6425,15.4638,0.0013,-1.0000
16.6677,0.0000,57.5064,1.0826,0.2298,16.6618,16.6687,15.9325,0.0012,-1.0000
16.6681,0.0000,57.5231,0.7651,0.2207,16.6732,16.6766,15.6581,0.0009,-1.0000
16.6650,0.0000,57.5396,0.8894,0.2624,16.6773,16.6419,15.6583,0.0009,-1.0000
16.6690,0.0000,57.5565,1.1775,0.2110,16.6472,16.6721,15.8087,0.0008,-1.0000
16.6641,0.0000,57.5730,0.7349,0.2307,16.6731,16.6566,15.5361,0.0012,-1.0000
16.6678,0.0000,57.5897,1.0180,0.2361,16.6824,16.6581,15.8254,0.0009,-1.0000
16.6673,0.0000,57.6064,0.9828,0.2580,16.6471,16.6630,15.6659,0.0008,-1.0000
16.6652,0.0000,57.6230,0.8626,0.2892,16.6792,16.6539,15.5626,0.0010,-1.0000
16.6680,0.0000,57.6397,1.1197,0.2502,16.6624,16.6676,15.9101,0.0010,-1.0000
16.6653,0.0000,57.6564,0.8316,0.2680,16.6638,16.6563,15.7351,0.0010,-1.0000
16.6663,0.0000,57.6730,0.9961,0.2417,16.6694,16.6575,15.6976,0.0013,-1.0000
16.6699,0.0000,57.6898,1.0904,0.2151,16.6582,16.6736,15.9094,0.0008,-1.0000
16.6648,0.0000,57.7063,0.7567,0.2511,16.6737,16.6521,15.6226,0.0009,-1.0000
16.6658,0.0000,57.7230,0.9204,0.2330,16.6620,16.6606,15.8292,0.0010,-1.0000
16.6685,0.0000,57.7396,0.9587,0.2483,16.6623,16.6691,15.8994,0.0008,-1.0000
16.6862,0.0000,57.7563,0.7632,0.2413,16.6794,16.6763,15.8534,0.0010,-1.0000
16.6682,0.0000,57.7731,1.0285,0.2129,16.6569,16.6688,15.9280,0.0009,-1.0000
16.6658,0.0000,57.7897,0.8305,0.2074,16.6645,16.6583,15.7638,0.0008,-1.0000
16.6657,0.0000,57.8063,0.7688,0.2127,16.6740,16.6611,15.8084,0.0010,-1.0000
16.6684,0.0000,57.8230,0.8221,0.2137,16.6806,16.6667,15.9990,0.0008,-1.0000
16.6651,0.0000,57.8396,0.7401,0.2159,16.6734,16.6560,15.8083,0.0009,-1.0000
16.6686,0.0000,57.8564,0.8936,0.2235,16.6630,16.6712,16.0603,0.0008,-1.0000
16.6653,0.0000,57.8730,0.8514,0.2205,16.6647,16.6535,15.7242,0.0009,-1.0000
16.6670,0.0000,57.8897,0.6668,0.2170,16.6713,16.6641,15.9855,0.0008,-1.0000
16.6669,0.0000,57.9064,0.8471,0.1793,16.6592,16.6648,15.8300,0.0011,-1.0000
16.6657,0.0000,57.9230,0.6102,0.2132,16.6760,16.6578,15.8493,0.0014,-1.0000
16.7121,0.0000,57.9397,0.9284,0.1970,16.6585,16.7157,16.0890,0.0008,-1.0000
16.6652,0.0000,57.9564,0.6779,0.2343,16.6679,16.6524,15.8046,0.0007,-1.0000
16.6677,0.0000,57.9731,0.8337,0.2086,16.6695,16.6675,16.0074,0.0009,-1.0000
16.6668,0.0000,57.9897,0.8075,0.2120,16.6616,16.6614,15.7919,0.0010,-1.0000
16.6657,0.0000,58.0063,0.6259,0.1959,16.7208,16.6588,15.8322,0.0008,-1.0000
16.6678,0.0000,58.0231,0.8471,0.1994,16.6560,16.6703,16.0591,0.0009,-1.0000
16.6663,0.0000,58.0396,0.6593,0.1975,16.6717,16.6592,15.8135,0.0008,-1.0000
16.6670,0.0000,58.0564,0.8686,0.2050,16.6655,16.6647,15.9993,0.0008,-1.0000
16.6660,0.0000,58.0730,0.8257,0.1851,16.6623,16.6591,15.7910,0.0008,-1.0000
16.6666,0.0000,58.0897,0.6102,0.2088,16.6747,16.6622,15.9546,0.0010,-1.0000
16.6674,0.0000,58.1064,0.8450,0.2372,16.6630,16.6676,15.9983,0.0008,-1.0000
16.6660,0.0000,58.1230,0.6645,0.2268,16.6691,16.6584,15.8700,0.0007,-1.0000
16.6672,0.0000,58.1397,0.8674,0.2055,16.6630,16.6676,16.0283,0.0009,-1.0000
16.6668,0.0000,58.1564,0.7067,0.1837,16.6655,16.6608,15.9050,0.0010,-1.0000
16.6666,0.0000,58.1730,0.6690,0.2003,16.6713,16.6615,15.8393,0.0011,-1.0000
16.6665,0.0000,58.1897,0.7876,0.1884,16.6616,16.6630,15.9763,0.0008,-1.0000
16.6668,0.0000,58.2063,0.6384,0.1954,16.6718,16.6625,15.8872,0.0008,-1.0000
16.6671,0.0000,58.2231,0.7548,0.2002,16.6650,16.6660,15.9455,0.0010,-1.0000
16.6666,0.0000,58.2396,0.8212,0.2183,16.6659,16.6605,15.7766,0.0008,-1.0000
16.6662,0.0000,58.2564,0.6859,0.2091,16.6663,16.6609,15.9707,0.0009,-1.0000
16.6670,0.0000,58.2730,0.7744,0.2124,16.6659,16.6638,15.8910,0.0009,-1.0000
16.6666,0.0000,58.2897,0.7194,0.2376,16.6710,16.6621,15.9141,0.0009,-1.0000
16.6674,0.0000,58.3064,0.8832,0.2015,16.6645,16.6645,15.9229,0.0011,-1.0000
16.6661,0.0000,58.3230,0.6894,0.2372,16.6651,16.6576,15.8708,0.0009,-1.0000
16.6674,0.0000,58.3397,0.7719,0.2041,16.6678,16.6665,15.9712,0.0009,-1.0000
16.6675,0.0000,58.3564,0.7472,0.1804,16.6659,16.6653,15.9145,0.0008,-1.0000
16.6663,0.0000,58.3731,0.7406,0.2269,16.6700,16.6602,15.6429,0.0009,-1.0000
16.6662,0.0000,58.3898,0.7859,0.1892,16.6623,16.6598,15.7936,0.0012,-1.0000
16.6662,0.0000,58.4064,0.6944,0.1950,16.6711,16.6594,15.7811,0.0010,-1.0000
16.6668,0.0000,58.4230,0.7496,0.2293,16.6700,16.6662,15.9635,0.0009,-1.0000
16.6670,0.0000,58.4396,1.0163,0.2074,16.6650,16.6608,15.8660,0.0007,-1.0000
16.6670,0.0000,58.4564,0.8650,0.2264,16.6644,16.6637,15.9913,0.0010,-1.0000
16.6666,0.0000,58.4731,0.8775,0.1852,16.6628,16.6614,15.9154,0.0009,-1.0000
16.6662,0.0000,58.4897,0.7017,0.1875,16.6703,16.6605,15.8590,0.0009,-1.0000
16.6678,0.0000,58.5064,0.7940,0.2101,16.6641,16.6710,16.0199,0.0010,-1.0000
16.6661,0.0000,58.5230,0.6714,0.1865,16.6684,16.6563,15.7534,0.0008,-1.0000
16.6673,0.0000,58.5397,0.7450,0.2022,16.6661,16.6673,15.9151,0.0009,-1.0000
16.6662,0.0000,58.5565,0.8007,0.1781,16.6639,16.6609,15.8693,0.0007,-1.0000
16.6661,0.0000,58.5730,0.6504,0.3717,16.6760,16.6563,15.7314,0.0008,-1.0000
16.6669,0.0000,58.5897,0.9020,0.2181,16.6605,16.6653,16.0575,0.0008,-1.0000
16.6666,0.0000,58.6063,0.7512,0.2488,16.6721,16.6614,15.9335,0.0007,-1.0000
16.6683,0.0000,58.6231,0.7907,0.2297,16.6657,16.6689,16.0105,0.0008,-1.0000
16.6658,0.0000,58.6396,0.9240,0.1786,16.6596,16.6575,15.8499,0.0009,-1.0000
16.6670,0.0000,58.6564,0.6070,0.2265,16.6691,16.6634,15.9946,0.0010,-1.0000
16.6671,0.0000,58.6731,0.7270,0.1925,16.6649,16.6649,15.8956,0.0010,-1.0000
16.6660,0.0000,58.6897,0.6578,0.2002,16.6738,16.6598,15.7940,0.0008,-1.0000
16.6682,0.0000,58.7070,0.8067,0.1989,16.6610,16.6692,15.9884,0.0009,-1.0000
16.6654,0.0000,58.7231,0.6678,0.1899,16.6674,16.6577,15.1567,0.0010,-1.0000
16.6662,0.0000,58.7396,0.7683,0.2099,16.6693,16.6612,15.8532,0.0009,-1.0000
16.6681,0.0000,58.7565,0.8651,0.1872,16.6629,16.6670,16.0048,0.0008,-1.0000
16.6653,0.0000,58.7730,0.6796,0.2096,16.6741,16.6566,15.7602,0.0010,-1.0000
16.6671,0.0000,58.7897,1.5000,0.2308,16.6620,16.6659,16.0386,0.0010,-1.0000
16.6665,0.0000,58.8064,0.8073,0.1930,16.6653,16.6603,15.8838,0.0008,-1.0000
16.6669,0.0000,58.8230,0.6616,0.2116,16.6710,16.6674,15.9764,0.0009,-1.0000
16.6669,0.0000,58.8396,0.8955,0.1881,16.6595,16.6607,15.8899,0.0009,-1.0000
16.6668,0.0000,58.8564,0.6265,0.2001,16.6700,16.6638,16.0169,0.0008,-1.0000
16.6669,0.0000,58.8731,0.7757,0.2126,16.6642,16.6644,16.0012,0.0008,-1.0000
16.6663,0.0000,58.8897,0.6903,0.1949,16.6716,16.6595,15.7586,0.0010,-1.0000
16.6676,0.0000,58.9064,0.7701,0.1930,16.6637,16.6667,15.9584,0.0011,-1.0000
16.6664,0.0000,58.9231,0.6460,0.1807,16.6669,16.6622,15.8898,0.0009,-1.0000
16.6665,0.0000,58.9397,0.6625,0.2656,16.6687,16.6598,15.8404,0.0010,-1.0000
16.6663,0.0000,58.9564,0.9000,0.1917,16.6632,16.6617,15.9651,0.0006,-1.0000
16.6666,0.0000,58.9730,0.7071,0.2246,16.6713,16.6624,15.8831,0.0010,-1.0000
16.6674,0.0000,58.9898,0.7715,0.2246,16.6667,16.6675,15.9760,0.0010,-1.0000
16.6663,0.0000,59.0064,0.8186,0.1937,16.6644,16.6589,15.6729,0.0011,-1.0000
16.6674,0.0000,59.0231,0.6959,0.2054,16.6654,16.6649,15.9374,0.0009,-1.0000
16.6663,0.0000,59.0397,0.7785,0.1962,16.6658,16.6611,15.8955,0.0006,-1.0000
16.6664,0.0000,59.0564,0.6905,0.2581,16.6719,16.6594,15.9772,0.0009,-1.0000
16.6673,0.0000,59.0730,0.9850,0.2035,16.6631,16.6661,16.0049,0.0009,-1.0000
16.6665,0.0000,59.0897,0.7270,0.1878,16.6693,16.6619,15.9383,0.0008,-1.0000
16.6675,0.0000,59.1064,0.7649,0.2207,16.6657,16.6659,15.9702,0.0010,-1.0000
16.6665,0.0000,59.1230,0.6813,0.1816,16.6629,16.6611,15.8400,0.0007,-1.0000
16.6662,0.0000,59.1397,0.6604,0.2187,16.6699,16.6635,15.9551,0.0009,-1.0000
16.6673,0.0000,59.1564,0.7229,0.2119,16.6656,16.6626,15.9473,0.0009,-1.0000
16.6659,0.0000,59.1730,0.6947,0.2233,16.6699,16.6596,15.7991,0.0011,-1.0000
16.6675,0.0000,59.1897,0.8205,0.2160,16.6646,16.6671,16.0458,0.0010,-1.0000
16.6661,0.0000,59.2064,0.7075,0.2181,16.6675,16.6597,15.8716,0.0009,-1.0000
16.6669,0.0000,59.2230,0.7146,0.2241,16.6671,16.6642,15.9342,0.0012,-1.0000
16.6674,0.0000,59.2397,0.8596,0.1936,16.6628,16.6636,15.9404,0.0008,-1.0000
16.6655,0.0000,59.2564,0.6203,0.1946,16.6718,16.6580,15.8746,0.0009,-1.0000
16.6679,0.0000,59.2731,0.7874,0.2085,16.6635,16.6684,15.9854,0.0009,-1.0000
16.6662,0.0000,59.2897,0.7288,0.1951,16.6682,16.6597,15.8637,0.0007,-1.0000
16.6668,0.0000,59.3064,0.7225,0.2122,16.6688,16.6610,15.8954,0.0010,-1.0000
16.6665,0.0000,59.3230,0.7824,0.1846,16.6613,16.6635,15.9238,0.0008,-1.0000
16.6659,0.0000,59.3396,0.6824,0.1897,16.6731,16.6597,15.9325,0.0010,-1.0000
16.6668,0.0000,59.3564,0.7954,0.2012,16.6642,16.6651,16.1235,0.0008,-1.0000
16.6671,0.0000,59.3730,0.7645,0.2239,16.6652,16.6635,15.9333,0.0008,-1.0000
16.6681,0.0000,59.3898,0.7388,0.2049,16.6672,16.6687,16.0050,0.0009,-1.0000
16.6661,0.0000,59.4064,0.7262,0.1786,16.6628,16.6593,15.7345,0.0013,-1.0000
16.6661,0.0000,59.4230,0.5408,0.2249,16.6686,16.6595,15.7904,0.0011,-1.0000
16.6668,0.0000,59.4396,0.7294,0.2186,16.6664,16.6631,15.9152,0.0008,-1.0000
16.6671,0.0000,59.4564,0.6628,0.2093,16.6732,16.6660,15.9528,0.0009,-1.0000
16.6680,0.0000,59.4731,0.9235,0.2176,16.6643,16.6662,15.7910,0.0011,-1.0000
16.6657,0.0000,59.4897,0.8679,0.2010,16.6631,16.6574,15.6875,0.0010,-1.0000
16.6660,0.0000,59.5064,0.7472,0.2167,16.6666,16.6586,15.8580,0.0009,-1.0000
16.6687,0.0000,59.5231,0.7124,0.2069,16.6699,16.6761,15.9823,0.0010,-1.0000
16.6651,0.0000,59.5397,0.8741,0.2302,16.6721,16.6507,15.6957,0.0010,-1.0000
16.6667,0.0000,59.5564,0.9688,0.2282,16.6620,16.6641,15.8822,0.0008,-1.0000
16.6669,0.0000,59.5731,0.7997,0.1962,16.6620,16.6617,15.8285,0.0010,-1.0000
16.6661,0.0000,59.5897,0.6927,0.2309,16.6814,16.6601,15.8453,0.0007,-1.0000
16.6683,0.0000,59.6065,0.9542,0.2463,16.6554,16.6706,15.8743,0.0010,-1.0000
16.6659,0.0000,59.6231,0.7812,0.2143,16.6681,16.6549,15.6243,0.0015,-1.0000
16.6658,0.0000,59.6397,0.8324,0.2039,16.6662,16.6576,15.8170,0.0011,-1.0000
16.6674,0.0000,59.6564,0.8142,0.2071,16.6645,16.6673,16.0469,0.0011,-1.0000
16.6663,0.0000,59.6730,0.7952,0.2371,16.6763,16.6599,15.8324,0.0011,-1.0000
16.6680,0.0000,59.6898,1.0291,0.2268,16.6605,16.6676,15.9552,0.0011,-1.0000
16.6663,0.0000,59.7064,0.8396,0.2259,16.6611,16.6605,15.7896,0.0016,-1.0000
16.6704,0.0000,59.7232,0.6194,0.1938,16.6714,16.6735,15.7887,0.0010,-1.0000
16.6653,0.0000,59.7397,0.8265,0.1966,16.6637,16.6532,15.5760,0.0010,-1.0000
16.6666,0.0000,59.7565,0.7117,0.2115,16.6722,16.6664,15.7227,0.0009,-1.0000
16.6679,0.0000,59.7732,0.8691,0.2341,16.6661,16.6542,15.5282,0.0012,-1.0000
16.6666,0.0000,59.7898,0.8838,0.2592,16.6813,16.6597,15.5499,0.0010,-1.0000
16.6650,0.0000,59.8065,1.0760,0.2386,16.6612,16.6538,15.5880,0.0012,-1.0000
16.6687,0.0000,59.8232,0.9428,0.2412,16.6744,16.6673,15.6322,0.0011,-1.0000
16.6671,0.0000,59.8398,1.1247,0.2637,16.6615,16.6605,15.4664,0.0010,-1.0000
16.6648,0.0000,59.8565,1.1088,0.2626,16.6676,16.6505,15.6115,0.0010,-1.0000
16.6643,0.0000,59.8730,1.0645,0.2580,16.6602,16.6511,15.5983,0.0011,-1.0000
16.6709,0.0000,59.8899,1.0340,0.2812,16.6747,16.6789,15.9543,0.0008,-1.0000
16.6644,0.0000,59.9065,1.1933,0.2430,16.6687,16.6502,15.5506,0.0011,-1.0000
16.6658,0.0000,59.9231,1.0381,0.2638,16.6574,16.6582,15.6830,0.0009,-1.0000
16.6676,0.0000,59.9397,1.0518,0.2036,16.6549,16.6631,15.7471,0.0008,-1.0000
16.6653,0.0000,59.9564,0.7237,0.2604,16.6852,16.6587,15.5810,0.0009,-1.0000
16.6679,0.0000,59.9731,1.0987,0.2500,16.6564,16.6683,15.8781,0.0011,-1.0000
16.6695,0.0000,59.9899,0.9742,0.2313,16.6644,16.6711,15.6524,0.0010,-1.0000
16.6644,0.0000,60.0065,0.9151,0.2704,16.6674,16.6486,15.4037,0.0011,-1.0000
16.6685,0.0000,60.0232,1.0769,0.2325,16.6625,16.6669,15.7728,0.0008,-1.0000
16.7733,0.0000,60.0399,0.7890,0.2643,16.6733,16.7673,15.6156,0.0011,-1.0000
16.6632,0.0000,60.0566,1.0175,0.3109,16.6786,16.6437,15.5909,0.0013,-1.0000
16.6705,0.0000,60.0733,1.2440,0.2635,16.6562,16.6745,15.7919,0.0011,-1.0000
16.6663,0.0000,60.0899,0.8929,0.3309,16.6742,16.6635,15.5404,0.0012,-1.0000
16.6633,0.0000,60.1065,1.1504,0.2583,16.7764,16.6415,15.5729,0.0014,-1.0000
16.6679,0.0000,60.1232,1.0514,0.2271,16.6496,16.6704,15.9471,0.0014,-1.0000
16.6655,0.0000,60.1398,0.8814,0.2830,16.6811,16.6534,15.7887,0.0009,-1.0000
16.6678,0.0000,60.1565,1.1221,0.2543,16.6707,16.6667,15.9930,0.0008,-1.0000
16.6664,0.0000,60.1732,1.0674,0.2081,16.6459,16.6593,15.8210,0.0010,-1.0000
16.6661,0.0000,60.1898,0.7221,0.2060,16.6774,16.6613,15.8410,0.0010,-1.0000
16.6677,0.0000,60.2065,0.8638,0.2286,16.6567,16.6693,16.0137,0.0009,-1.0000
16.6656,0.0000,60.2231,0.6730,0.1969,16.6712,16.6552,15.8256,0.0009,-1.0000
16.6683,0.0000,60.2398,0.8373,0.2107,16.6636,16.6688,15.9604,0.0010,-1.0000
16.6658,0.0000,60.2566,0.8194,0.2073,16.6648,16.6995,15.8877,0.0011,-1.0000
16.6664,0.0000,60.2732,0.6548,0.1943,16.6745,16.6201,15.7781,0.0009,-1.0000
16.6671,0.0000,60.2898,0.8287,0.2268,16.6588,16.6632,15.8821,0.0008,-1.0000
16.6664,0.0000,60.3065,0.7075,0.2041,16.6734,16.6624,15.9305,0.0010,-1.0000
16.6670,0.0000,60.3232,0.8109,0.2155,16.7042,16.6649,15.9500,0.0010,-1.0000
16.6660,0.0000,60.3397,0.8413,0.1827,16.6236,16.6580,15.8609,0.0008,-1.0000
16.6669,0.0000,60.3565,0.7803,0.1893,16.6674,16.6641,15.9791,0.0008,-1.0000
16.6683,0.0000,60.3732,0.7310,0.1983,16.6660,16.6703,15.8827,0.0013,-1.0000
16.6655,0.0000,60.3898,0.7138,0.2036,16.6699,16.6552,15.6659,0.0009,-1.0000
16.6675,0.0000,60.4065,0.7964,0.2025,16.6624,16.6660,15.9308,0.0011,-1.0000
16.6659,0.0000,60.4231,0.6842,0.2174,16.6679,16.6584,15.8424,0.0007,-1.0000
16.6685,0.0000,60.4398,0.7865,0.2336,16.6753,16.6693,15.9119,0.0009,-1.0000
16.6674,0.0000,60.4566,0.9884,0.2045,16.6585,16.6609,15.7440,0.0012,-1.0000
16.6639,0.0000,60.4731,0.7342,0.2363,16.6712,16.6509,15.5976,0.0009,-1.0000
16.6682,0.0000,60.4899,0.8153,0.2087,16.6623,16.6702,15.9972,0.0010,-1.0000
16.6663,0.0000,60.5066,0.7565,0.2269,16.6753,16.6604,15.6993,0.0011,-1.0000
16.6691,0.0000,60.5233,0.9156,0.2471,16.6676,16.6685,15.6684,0.0013,-1.0000
16.6650,0.0000,60.5398,1.0524,0.2039,16.6546,16.6537,15.5905,0.0010,-1.0000
16.6669,0.0000,60.5566,0.6719,0.2383,16.6751,16.6607,15.7277,0.0011,-1.0000
16.6662,0.0000,60.5732,0.9601,0.2571,16.6657,16.6658,15.6366,0.0012,-1.0000
16.6672,0.0000,60.5900,0.9988,0.2704,16.6755,16.6575,15.7908,0.0010,-1.0000
16.6655,0.0000,60.6065,1.0619,0.2407,16.6605,16.6549,15.5109,0.0011,-1.0000
16.6685,0.0000,60.6232,0.9319,0.2845,16.6667,16.6682,15.8093,0.0008,-1.0000
16.6658,0.0000,60.6398,1.0283,0.2358,16.6711,16.6598,15.7058,0.0011,-1.0000
16.6657,0.0000,60.6565,0.8662,0.2746,16.6637,16.6554,15.7672,0.0010,-1.0000
16.6712,0.0000,60.6733,1.1430,0.2638,16.6590,16.6752,15.8898,0.0014,-1.0000
16.6645,0.0000,60.6899,0.8579,0.2429,16.6737,16.6535,15.5083,0.0011,-1.0000
16.6646,0.0000,60.7065,0.9535,0.2625,16.6662,16.6531,15.6716,0.0013,-1.0000
16.6685,0.0000,60.7233,0.8873,0.2012,16.6594,16.6710,15.9615,0.0009,-1.0000
16.6816,0.0000,60.7398,0.7835,0.2485,16.6818,16.6739,15.6873,0.0007,-1.0000
16.6687,0.0000,60.7566,1.1440,0.2452,16.6602,16.6661,15.7293,0.0007,-1.0000
16.6656,0.0000,60.7733,0.9802,0.2105,16.6573,16.6575,15.5889,0.0011,-1.0000
16.6649,0.0000,60.7899,0.7085,0.2570,16.6764,16.6528,15.6402,0.0010,-1.0000
16.6665,0.0000,60.8065,0.9859,0.2686,16.6799,16.6617,15.7741,0.0011,-1.0000
16.6699,0.0000,60.8233,0.9359,0.2393,16.6729,16.6725,15.8064,0.0011,-1.0000
16.6634,0.0000,60.8398,1.0679,0.2498,16.6650,16.6480,15.5308,0.0009,-1.0000
16.6683,0.0000,60.8566,1.0115,0.2517,16.6587,16.6728,15.9221,0.0009,-1.0000
16.6671,0.0000,60.8733,0.8866,0.2267,16.6661,16.6571,15.6429,0.0011,-1.0000
16.6644,0.0000,60.8898,0.8651,0.2739,16.6791,16.6497,15.6403,0.0014,-1.0000
16.6687,0.0000,60.9066,1.1163,0.2186,16.6533,16.6732,16.0540,0.0010,-1.0000
16.6677,0.0000,60.9233,0.7499,0.2282,16.6779,16.6649,15.7001,0.0009,-1.0000
16.6644,0.0000,60.9398,1.0129,0.2516,16.6640,16.6503,15.5682,0.0010,-1.0000
16.6709,0.0000,60.9567,1.0080,0.1914,16.6535,16.6862,15.7934,0.0009,-1.0000
16.6642,0.0000,60.9733,0.6183,0.2389,16.6789,16.6375,15.3707,0.0017,-1.0000
16.6659,0.0000,60.9899,0.9637,0.3045,16.6716,16.6567,15.6032,0.0010,-1.0000
16.6686,0.0000,61.0066,1.0810,0.2439,16.6563,16.6700,15.7616,0.0012,-1.0000
16.6646,0.0000,61.0231,0.8919,0.3897,16.6940,16.6500,15.6501,0.0010,-1.0000
16.6686,0.0000,61.0398,1.2651,0.2591,16.6450,16.6707,15.9937,0.0008,-1.0000
16.6663,0.0000,61.0566,1.0527,0.2747,16.6616,16.6613,15.7664,0.0009,-1.0000
16.6653,0.0000,61.0732,0.9071,0.2274,16.6760,16.6527,15.6462,0.0008,-1.0000
16.6677,0.0000,61.0899,0.9990,0.2323,16.6546,16.6684,15.8772,0.0009,-1.0000
16.6659,0.0000,61.1065,0.6757,0.2325,16.6763,16.6574,15.6571,0.0008,-1.0000
16.6693,0.0000,61.1233,0.8937,0.2587,16.6673,16.6725,15.9009,0.0010,-1.0000
16.6662,0.0000,61.1399,1.0058,0.2213,16.6569,16.6573,15.5636,0.0013,-1.0000
16.6652,0.0000,61.1565,0.7904,0.2415,16.6735,16.6528,15.6570,0.0009,-1.0000
16.6675,0.0000,61.1733,0.9993,0.2050,16.6613,16.6650,15.7882,0.0010,-1.0000
16.6672,0.0000,61.1899,0.7706,0.2832,16.6790,16.6639,15.7359,0.0008,-1.0000
16.6648,0.0000,61.2065,1.0922,0.2489,16.6641,16.6522,15.6678,0.0009,-1.0000
16.6688,0.0000,61.2233,0.9950,0.2443,16.6583,16.6735,15.9388,0.0009,-1.0000
16.6653,0.0000,61.2398,0.8757,0.2450,16.6700,16.6536,15.6199,0.0010,-1.0000
16.6670,0.0000,61.2566,0.9273,0.2638,16.6689,16.6647,15.9149,0.0009,-1.0000
16.6694,0.0000,61.2733,0.9836,0.2048,16.6562,16.6707,15.7007,0.0010,-1.0000
16.6637,0.0000,61.2898,0.7340,0.2602,16.6791,16.6493,15.5936,0.0010,-1.0000
16.6682,0.0000,61.3066,1.0327,0.2534,16.6579,16.6683,15.8887,0.0009,-1.0000
16.6660,0.0000,61.3232,0.7490,0.2755,16.6693,16.6587,15.7103,0.0008,-1.0000
16.6659,0.0000,61.3398,0.9690,0.2506,16.6763,16.6571,15.7237,0.0008,-1.0000
16.6687,0.0000,61.3566,1.0547,0.2409,16.6543,16.6721,15.9965,0.0007,-1.0000
16.6648,0.0000,61.3731,0.7785,0.2297,16.6736,16.6521,15.7020,0.0010,-1.0000
16.6690,0.0000,61.3900,0.9477,0.2443,16.6643,16.6710,15.9957,0.0010,-1.0000
16.6660,0.0000,61.4066,0.9324,0.1873,16.6609,16.6591,15.6776,0.0011,-1.0000
16.6653,0.0000,61.4231,0.6748,0.2236,16.6773,16.6534,15.7379,0.0011,-1.0000
16.6727,0.0000,61.4399,0.9491,0.2035,16.6563,16.6781,15.9782,0.0009,-1.0000
16.6608,0.0000,61.4565,0.6742,0.2456,16.6766,16.6460,15.7688,0.0009,-1.0000
16.6673,0.0000,61.4733,0.9806,0.2493,16.6651,16.6659,15.9536,0.0010,-1.0000
16.6673,0.0000,61.4899,0.9145,0.2156,16.6575,16.6676,15.8063,0.0009,-1.0000
16.6653,0.0000,61.5065,0.6985,0.2164,16.6837,16.6501,15.7324,0.0008,-1.0000
16.6685,0.0000,61.5233,0.8763,0.2018,16.6506,16.6714,15.9301,0.0009,-1.0000
16.6657,0.0000,61.5398,0.7115,0.1972,16.6722,16.6651,15.6898,0.0007,-1.0000
16.6693,0.0000,61.5566,0.8605,0.2295,16.6733,16.6596,15.8058,0.0010,-1.0000
16.6657,0.0000,61.5733,0.9168,0.2111,16.6542,16.6578,15.6103,0.0011,-1.0000
16.6651,0.0000,61.5898,0.7407,0.2261,16.6770,16.6562,15.6608,0.0009,-1.0000
16.6689,0.0000,61.6066,0.9746,0.2744,16.6699,16.6704,15.8411,0.0009,-1.0000
16.6650,0.0000,61.6232,0.8528,0.2674,16.6657,16.6594,15.6647,0.0008,-1.0000
16.6662,0.0000,61.6398,1.0464,0.2383,16.6630,16.6551,15.8350,0.0009,-1.0000
16.6674,0.0000,61.6566,0.9945,0.2214,16.6608,16.6677,15.8981,0.0012,-1.0000
16.6659,0.0000,61.6731,0.8284,0.2393,16.6759,16.6562,15.7406,0.0007,-1.0000
16.6670,0.0000,61.6898,0.9936,0.2440,16.6644,16.6648,15.9939,0.0009,-1.0000
16.6668,0.0000,61.7065,0.8192,0.2411,16.6589,16.6626,15.9538,0.0008,-1.0000
16.6659,0.0000,61.7231,0.7685,0.2196,16.6730,16.6590,15.8839,0.0008,-1.0000
16.6684,0.0000,61.7398,0.9148,0.2183,16.6598,16.6694,16.0614,0.0008,-1.0000
16.6653,0.0000,61.7565,0.6702,0.2338,16.6686,16.6569,15.9143,0.0007,-1.0000
16.6678,0.0000,61.7733,0.7080,0.2280,16.6670,16.6691,15.9915,0.0009,-1.0000
16.6800,0.0000,61.7898,0.7741,0.2225,16.6622,16.6718,15.7809,0.0009,-1.0000
16.6667,0.0000,61.8065,0.6070,0.2293,16.6735,16.6618,15.9587,0.0010,-1.0000
16.6671,0.0000,61.8232,0.7421,0.1892,16.6604,16.6656,16.0215,0.0009,-1.0000
16.6665,0.0000,61.8398,0.6770,0.2148,16.6742,16.6609,15.9086,0.0010,-1.0000
16.6674,0.0000,61.8566,0.8901,0.1990,16.6755,16.6668,16.0957,0.0008,-1.0000
16.6658,0.0000,61.8731,0.7021,0.1856,16.6651,16.6585,15.7620,0.0007,-1.0000
16.6692,0.0000,61.8899,0.6431,0.2291,16.6694,16.6699,16.0541,0.0009,-1.0000
16.6666,0.0000,61.9066,0.7514,0.1880,16.6645,16.6621,15.7919,0.0010,-1.0000
16.6644,0.0000,61.9232,0.5704,0.2261,16.6725,16.6502,15.6040,0.0009,-1.0000
16.6683,0.0000,61.9398,0.8958,0.2147,16.6617,16.6706,15.9770,0.0009,-1.0000
16.6654,0.0000,61.9565,0.6152,0.2243,16.6746,16.6560,15.8459,0.0009,-1.0000
16.6672,0.0000,61.9732,0.8693,0.2849,16.6694,16.6655,15.9406,0.0008,-1.0000
16.6670,0.0000,61.9899,1.0452,0.2183,16.6540,16.6632,15.9182,0.0008,-1.0000
16.6656,0.0000,62.0065,0.6929,0.1957,16.6752,16.6581,15.8489,0.0010,-1.0000
16.6687,0.0000,62.0232,0.8093,0.2222,16.6596,16.6719,16.0626,0.0007,-1.0000
16.6651,0.0000,62.0398,0.7242,0.2219,16.6694,16.6547,15.7934,0.0009,-1.0000
16.6679,0.0000,62.0566,0.7442,0.2048,16.6673,16.6695,16.0552,0.0008,-1.0000
16.6658,0.0000,62.0732,0.8085,0.1769,16.6617,16.6579,15.8254,0.0011,-1.0000
16.6662,0.0000,62.0898,0.6088,0.2161,16.6763,16.6616,15.8652,0.0010,-1.0000
16.6675,0.0000,62.1066,0.8605,0.1877,16.6586,16.6660,16.0091,0.0009,-1.0000
16.6661,0.0000,62.1232,0.6136,0.2422,16.6739,16.6596,15.8282,0.0009,-1.0000
16.6672,0.0000,62.1398,0.8316,0.2132,16.6620,16.6658,16.0162,0.0009,-1.0000
16.6668,0.0000,62.1565,0.7955,0.1744,16.6647,16.6607,15.9158,0.0008,-1.0000
16.6674,0.0000,62.1732,0.6562,0.2203,16.6703,16.6673,15.9547,0.0009,-1.0000
16.6659,0.0000,62.1899,0.8305,0.1769,16.6629,16.6579,15.9029,0.0009,-1.0000
16.6670,0.0000,62.2065,0.6487,0.2319,16.6704,16.6620,15.8772,0.0009,-1.0000
16.6670,0.0000,62.2232,0.7443,0.2164,16.6643,16.6652,15.9997,0.0013,-1.0000
16.6664,0.0000,62.2398,0.7117,0.1944,16.6720,16.6596,15.7966,0.0010,-1.0000
16.6673,0.0000,62.2566,0.7542,0.2124,16.6633,16.6665,15.9822,0.0010,-1.0000
16.6665,0.0000,62.2732,0.7839,0.1826,16.6656,16.6603,15.8378,0.0009,-1.0000
16.6665,0.0000,62.2899,0.6644,0.2168,16.6697,16.6615,15.8595,0.0008,-1.0000
16.6666,0.0000,62.3065,0.8620,0.2174,16.6635,16.6617,15.9651,0.0008,-1.0000
16.6665,0.0000,62.3231,0.6830,0.1987,16.6714,16.6611,15.8774,0.0008,-1.0000
16.6675,0.0000,62.3398,0.8214,0.2316,16.6644,16.6667,16.0546,0.0009,-1.0000
16.6667,0.0000,62.3566,0.8013,0.2221,16.6660,16.6619,15.9043,0.0007,-1.0000
16.6663,0.0000,62.3733,0.6956,0.2170,16.6663,16.6624,15.8538,0.0010,-1.0000
16.6673,0.0000,62.3899,0.7831,0.2071,16.6639,16.6649,15.8578,0.0007,-1.0000
16.6660,0.0000,62.4065,0.6113,0.2051,16.6710,16.6578,15.7313,0.0010,-1.0000
16.6665,0.0000,62.4232,0.7568,0.2069,16.6653,16.6632,15.9695,0.0011,-1.0000
16.6670,0.0000,62.4398,0.8075,0.1928,16.6665,16.6632,15.9137,0.0009,-1.0000
16.6673,0.0000,62.4566,0.8063,0.2213,16.6697,16.6663,16.0414,0.0012,-1.0000
16.6664,0.0000,62.4732,0.9256,0.2114,16.6616,16.6613,15.8715,0.0008,-1.0000
16.6684,0.0000,62.4899,0.6925,0.2093,16.6674,16.6672,15.9579,0.0010,-1.0000
16.6654,0.0000,62.5065,0.7487,0.1863,16.6664,16.6567,15.7286,0.0010,-1.0000
16.6666,0.0000,62.5232,0.6239,0.1996,16.6703,16.6642,15.9083,0.0008,-1.0000
16.6672,0.0000,62.5398,0.7889,0.2072,16.6648,16.6651,15.8373,0.0009,-1.0000
16.6672,0.0000,62.5566,0.7085,0.2202,16.6726,16.6618,15.8240,0.0010,-1.0000
16.6666,0.0000,62.5732,0.9272,0.2017,16.6611,16.6605,15.7133,0.0008,-1.0000
16.6670,0.0000,62.5899,0.7553,0.2358,16.6678,16.6650,15.8124,0.0011,-1.0000
16.6667,0.0000,62.6066,0.8268,0.2757,16.6703,16.6587,15.7369,0.0009,-1.0000
16.6654,0.0000,62.6232,0.8367,0.2428,16.6662,16.6579,15.8005,0.0010,-1.0000
16.6687,0.0000,62.6398,0.9464,0.2303,16.6651,16.6706,15.9887,0.0009,-1.0000
16.6672,0.0000,62.6566,0.8514,0.2294,16.6705,16.6643,15.7108,0.0008,-1.0000
16.6644,0.0000,62.6732,0.9207,0.2794,16.6635,16.6523,15.6426,0.0009,-1.0000
16.6681,0.0000,62.6899,0.8564,0.2358,16.6608,16.6685,15.9011,0.0010,-1.0000
16.6660,0.0000,62.7066,0.6808,0.2461,16.6759,16.6588,15.7749,0.0008,-1.0000
16.6680,0.0000,62.7233,0.9527,0.2657,16.6694,16.6664,15.8454,0.0010,-1.0000
16.6672,0.0000,62.7399,1.0088,0.2066,16.6565,16.6685,15.7255,0.0007,-1.0000
16.6647,0.0000,62.7565,0.7665,0.2165,16.6731,16.6466,15.7409,0.0011,-1.0000
16.6684,0.0000,62.7732,0.8833,0.2588,16.6634,16.6690,15.9443,0.0010,-1.0000
16.6659,0.0000,62.7899,0.8200,0.2468,16.6717,16.6579,15.7955,0.0009,-1.0000
16.6661,0.0000,62.8065,0.9422,0.2492,16.6744,16.6612,15.8442,0.0011,-1.0000
16.6674,0.0000,62.8232,0.9048,0.2029,16.6504,16.6655,15.9612,0.0007,-1.0000
16.6663,0.0000,62.8398,0.7236,0.2472,16.6739,16.6598,15.7997,0.0010,-1.0000
16.6667,0.0000,62.8566,0.8616,0.2338,16.6626,16.6644,16.0185,0.0009,-1.0000
16.6665,0.0000,62.8732,0.8162,0.1898,16.6650,16.6634,15.8593,0.0009,-1.0000
16.6671,0.0000,62.8899,0.7037,0.2039,16.6696,16.6648,15.9411,0.0008,-1.0000
16.6668,0.0000,62.9065,0.8590,0.1990,16.6636,16.6619,15.9735,0.0011,-1.0000
16.6664,0.0000,62.9232,0.6450,0.2395,16.6686,16.6609,15.8720,0.0012,-1.0000
16.6688,0.0000,62.9399,0.8032,0.1915,16.6671,16.6744,15.9500,0.0009,-1.0000
16.6677,0.0000,62.9572,0.7227,0.1888,16.6678,16.6631,15.7194,0.0009,-1.0000
16.6645,0.0000,62.9733,0.6875,0.2059,16.6660,16.6506,14.8270,0.0013,-1.0000
16.6665,0.0000,62.9899,0.7876,0.1945,16.6644,16.6622,15.7705,0.0011,-1.0000
16.6662,0.0000,63.0066,0.7236,0.2471,16.6800,16.6578,15.7340,0.0010,-1.0000
16.6661,0.0000,63.0232,0.9429,0.2619,16.6694,16.6611,15.8783,0.0009,-1.0000
16.6677,0.0000,63.0398,1.8225,0.2388,16.6561,16.6679,16.0360,0.0007,-1.0000
16.6664,0.0000,63.0566,0.8904,0.2322,16.6669,16.6592,15.9195,0.0008,-1.0000
16.6676,0.0000,63.0732,0.9227,0.1940,16.6618,16.6670,15.8973,0.0011,-1.0000
16.6662,0.0000,63.0899,0.7819,0.1819,16.6643,16.6587,15.8185,0.0009,-1.0000
16.6666,0.0000,63.1065,0.6312,0.2074,16.6729,16.6616,15.8578,0.0011,-1.0000
16.6687,0.0000,63.1233,0.7389,0.2024,16.6632,16.6719,15.9378,0.0010,-1.0000
16.6646,0.0000,63.1398,0.7685,0.2385,16.6719,16.6528,15.5760,0.0009,-1.0000
16.6669,0.0000,63.1566,0.8393,0.2100,16.6634,16.6647,15.8612,0.0010,-1.0000
16.6670,0.0000,63.1732,0.8027,0.1860,16.6656,16.6612,15.7851,0.0008,-1.0000
16.6665,0.0000,63.1899,0.7332,0.2811,16.6774,16.6609,15.8023,0.0010,-1.0000
16.6683,0.0000,63.2066,1.0760,0.2123,16.6570,16.6698,15.7766,0.0010,-1.0000
16.6648,0.0000,63.2232,0.8024,0.2130,16.6697,16.6511,15.6394,0.0008,-1.0000
16.6682,0.0000,63.2399,0.8753,0.2207,16.6654,16.6693,15.8896,0.0008,-1.0000
16.6676,0.0000,63.2566,0.8576,0.2424,16.6654,16.6654,15.8013,0.0007,-1.0000
16.6650,0.0000,63.2732,0.8923,0.2450,16.6761,16.6520,15.6705,0.0010,-1.0000
16.6700,0.0000,63.2900,1.0108,0.2051,16.6557,16.6734,15.8644,0.0010,-1.0000
16.6656,0.0000,63.3066,0.7791,0.2503,16.6737,16.6554,15.6576,0.0009,-1.0000
16.6643,0.0000,63.3232,0.8633,0.2291,16.6713,16.6532,15.6820,0.0008,-1.0000
16.6692,0.0000,63.3399,0.9807,0.2057,16.6564,16.6723,15.9746,0.0009,-1.0000
16.6663,0.0000,63.3567,0.8079,0.2341,16.6797,16.6721,15.7715,0.0007,-1.0000
16.6661,0.0000,63.3733,0.9968,0.2345,16.6612,16.6409,15.6475,0.0011,-1.0000
16.6673,0.0000,63.3900,0.9705,0.1937,16.6573,16.6681,15.7711,0.0010,-1.0000
16.6658,0.0000,63.4066,0.6967,0.2553,16.6785,16.6524,15.6767,0.0009,-1.0000
16.6680,0.0000,63.4233,0.8999,0.2375,16.6807,16.6705,15.8106,0.0012,-1.0000
16.6658,0.0000,63.4398,0.9925,0.2165,16.6459,16.6546,15.7067,0.0009,-1.0000
16.6663,0.0000,63.4566,0.8961,0.2440,16.6741,16.6614,15.9126,0.0013,-1.0000
16.6677,0.0000,63.4732,0.9749,0.2084,16.6568,16.6658,15.8497,0.0011,-1.0000
16.6659,0.0000,63.4899,0.8588,0.2423,16.6763,16.6585,15.8657,0.0009,-1.0000
16.6671,0.0000,63.5066,0.9469,0.2255,16.6592,16.6647,15.8958,0.0012,-1.0000
16.6662,0.0000,63.5232,0.7477,0.1792,16.6652,16.6602,15.8433,0.0011,-1.0000
16.6672,0.0000,63.5398,0.8149,0.1886,16.6703,16.6643,15.8324,0.0009,-1.0000
16.6685,0.0000,63.5567,0.7919,0.2141,16.6622,16.6675,15.9010,0.0011,-1.0000
16.6651,0.0000,63.5732,0.7678,0.2026,16.6693,16.6552,15.6093,0.0012,-1.0000
16.6682,0.0000,63.5899,0.8159,0.2116,16.6642,16.6678,15.8389,0.0009,-1.0000
16.6664,0.0000,63.6066,0.8313,0.2193,16.6686,16.6609,15.7033,0.0011,-1.0000
16.6651,0.0000,63.6232,0.7654,0.2321,16.6733,16.6566,15.7593,0.0009,-1.0000
16.6682,0.0000,63.6399,1.0448,0.2353,16.6601,16.6677,15.8948,0.0010,-1.0000
16.6655,0.0000,63.6566,0.8280,0.2333,16.6726,16.6570,15.8103,0.0007,-1.0000
16.6665,0.0000,63.6732,0.9566,0.2181,16.6663,16.6613,15.8428,0.0009,-1.0000
16.6672,0.0000,63.6899,0.8965,0.2219,16.6604,16.6660,15.9893,0.0009,-1.0000
16.6665,0.0000,63.7066,0.7720,0.2106,16.6727,16.6614,15.8013,0.0012,-1.0000
16.6670,0.0000,63.7233,0.8458,0.2227,16.6608,16.6629,15.8807,0.0010,-1.0000
16.6661,0.0000,63.7398,0.8175,0.1844,16.6653,16.6600,15.7822,0.0012,-1.0000
16.6666,0.0000,63.7565,0.6759,0.4621,16.6700,16.6619,15.9572,0.0009,-1.0000
16.6675,0.0000,63.7733,0.8589,0.2171,16.6659,16.6663,15.9771,0.0008,-1.0000
16.6659,0.0000,63.7898,0.7813,0.1972,16.6676,16.6605,15.8072,0.0010,-1.0000
16.6686,0.0000,63.8066,0.8766,0.1909,16.6639,16.6701,15.9825,0.0009,-1.0000
16.6651,0.0000,63.8232,0.7038,0.2187,16.6650,16.6562,15.8120,0.0008,-1.0000
16.6670,0.0000,63.8398,0.6885,0.1992,16.6697,16.6643,15.9890,0.0009,-1.0000
16.6667,0.0000,63.8566,0.8523,0.2196,16.6636,16.6637,15.9929,0.0008,-1.0000
16.6663,0.0000,63.8732,0.6866,0.1838,16.6745,16.6599,15.8884,0.0011,-1.0000
16.6679,0.0000,63.8899,0.8435,0.1768,16.6604,16.6668,16.0015,0.0008,-1.0000
16.6681,0.0000,63.9066,0.6746,0.2023,16.6680,16.6710,15.8411,0.0010,-1.0000
16.6664,0.0000,63.9233,0.6701,0.1812,16.6679,16.6565,15.6788,0.0011,-1.0000
16.6650,0.0000,63.9398,0.7705,0.1842,16.6632,16.6551,15.7377,0.0008,-1.0000
16.6671,0.0000,63.9566,0.6643,0.2009,16.6713,16.6617,15.9041,0.0009,-1.0000
16.6678,0.0000,63.9733,0.8292,0.2221,16.6767,16.6656,15.8575,0.0011,-1.0000
16.6679,0.0000,63.9900,0.9767,0.2091,16.6627,16.6660,15.7071,0.0009,-1.0000
16.6667,0.0000,64.0067,0.9167,0.2083,16.6604,16.6608,15.6650,0.0008,-1.0000
16.6677,0.0000,64.0233,0.7565,0.1775,16.6659,16.6634,15.6141,0.0010,-1.0000
16.6641,0.0000,64.0398,0.8071,0.2147,16.6718,16.6501,15.6030,0.0011,-1.0000
16.6684,0.0000,64.0567,0.9578,0.2308,16.6711,16.6680,15.8866,0.0012,-1.0000
16.6676,0.0000,64.0734,0.9948,0.2373,16.6676,16.6642,15.6211,0.0010,-1.0000
16.6639,0.0000,64.0899,1.0482,0.2413,16.6701,16.6465,15.5516,0.0010,-1.0000
16.6664,0.0000,64.1065,1.0461,0.2057,16.6561,16.6614,15.8588,0.0009,-1.0000
16.6670,0.0000,64.1232,0.7800,0.2506,16.6737,16.6642,15.8700,0.0011,-1.0000
16.6663,0.0000,64.1398,1.0419,0.2411,16.6719,16.6603,15.8567,0.0009,-1.0000
16.6672,0.0000,64.1566,1.0940,0.2354,16.6522,16.6658,16.0240,0.0010,-1.0000
16.6664,0.0000,64.1732,0.8018,0.2177,16.6648,16.6596,15.8288,0.0009,-1.0000
16.6680,0.0000,64.1899,0.7933,0.2075,16.6687,16.6699,15.9894,0.0010,-1.0000
16.6679,0.0000,64.2067,0.8029,0.1984,16.6639,16.6673,15.7224,0.0010,-1.0000
16.6649,0.0000,64.2233,0.6408,0.1976,16.6703,16.6510,15.5671,0.0011,-1.0000
16.6683,0.0000,64.2399,0.8300,0.1751,16.6632,16.6691,15.7420,0.0012,-1.0000
16.6660,0.0000,64.2567,0.6792,0.2111,16.6749,16.6585,15.7220,0.0011,-1.0000
16.6668,0.0000,64.2733,0.9439,0.2476,16.6740,16.6568,15.5890,0.0011,-1.0000
16.6678,0.0000,64.2900,1.0830,0.2344,16.6566,16.6653,15.6487,0.0009,-1.0000
16.6647,0.0000,64.3066,0.9256,0.2382,16.6754,16.6588,15.6220,0.0010,-1.0000
16.6665,0.0000,64.3232,0.9356,0.2811,16.6650,16.6542,15.7268,0.0012,-1.0000
16.6670,0.0000,64.3398,1.0670,0.2499,16.6630,16.6625,15.8070,0.0009,-1.0000
16.6664,0.0000,64.3566,1.0152,0.2682,16.6724,16.6595,15.8814,0.0009,-1.0000
16.6690,0.0000,64.3733,1.0359,0.2135,16.6638,16.6713,15.7960,0.0010,-1.0000
16.6654,0.0000,64.3900,0.9262,0.2220,16.6588,16.6599,15.6249,0.0009,-1.0000
16.6653,0.0000,64.4065,0.8547,0.2460,16.6674,16.6494,15.6928,0.0011,-1.0000
16.6690,0.0000,64.4233,0.7774,0.2059,16.6647,16.6732,15.9751,0.0009,-1.0000
16.6647,0.0000,64.4398,0.8743,0.2366,16.6781,16.6516,15.6975,0.0010,-1.0000
16.6674,0.0000,64.4566,1.0342,0.2600,16.6662,16.6655,15.9860,0.0009,-1.0000
16.6666,0.0000,64.4732,0.9555,0.1751,16.6532,16.6611,15.8245,0.0007,-1.0000
16.6661,0.0000,64.4899,0.6972,0.2388,16.6783,16.6602,15.7735,0.0009,-1.0000
16.6690,0.0000,64.5066,0.9533,0.2080,16.6567,16.6719,15.9157,0.0010,-1.0000
16.6662,0.0000,64.5233,0.6786,0.1912,16.6702,16.6610,15.6523,0.0008,-1.0000
16.6700,0.0000,64.5400,0.8354,0.2330,16.6658,16.6695,15.6776,0.0009,-1.0000
16.6668,0.0000,64.5567,0.8859,0.2002,16.6638,16.6559,15.1369,0.0015,-1.0000
16.6660,0.0000,64.5733,0.7552,0.2219,16.6771,16.6527,15.4181,0.0015,-1.0000
16.6664,0.0000,64.5900,1.0078,0.2214,16.6665,16.6593,15.5182,0.0014,-1.0000
16.6672,0.0000,64.6067,0.9909,0.3700,16.6778,16.6663,15.5491,0.0012,-1.0000
16.6648,0.0000,64.6234,1.5176,0.3357,16.6673,16.6469,15.5095,0.0014,-1.0000
16.6657,0.0000,64.6398,1.2333,0.2674,16.6611,16.6550,15.5479,0.0009,-1.0000
16.6686,0.0000,64.6567,1.1398,0.2698,16.6669,16.6682,15.8391,0.0011,-1.0000
16.6668,0.0000,64.6733,1.1161,0.2544,16.6749,16.6565,15.4871,0.0013,-1.0000
16.6654,0.0000,64.6899,1.1357,0.2314,16.6541,16.6561,15.5709,0.0010,-1.0000
16.6691,0.0000,64.7067,1.1062,0.2446,16.6608,16.6676,15.6996,0.0008,-1.0000
16.6651,0.0000,64.7233,0.8281,0.2359,16.6764,16.6552,15.5748,0.0010,-1.0000
16.6663,0.0000,64.7399,1.1682,0.2715,16.6642,16.6589,15.6637,0.0011,-1.0000
16.6684,0.0000,64.7567,1.0840,0.2314,16.6623,16.6627,15.7512,0.0011,-1.0000
16.6660,0.0000,64.7733,0.9669,0.2677,16.6743,16.6572,15.5786,0.0010,-1.0000
16.6666,0.0000,64.7900,1.0796,0.2334,16.6627,16.6587,15.5738,0.0010,-1.0000
16.6685,0.0000,64.8068,0.9941,0.2243,16.6660,16.6682,15.6529,0.0011,-1.0000
16.6673,0.0000,64.8234,0.9102,0.2530,16.6701,16.6549,15.3321,0.0015,-1.0000
16.6662,0.0000,64.8399,1.0776,0.2734,16.6648,16.6558,15.4384,0.0012,-1.0000
16.6666,0.0000,64.8567,1.0838,0.2521,16.6649,16.6587,15.6003,0.0014,-1.0000
16.6673,0.0000,64.8734,1.0141,0.2745,16.6771,16.6614,15.5207,0.0012,-1.0000
16.6659,0.0000,64.8900,1.3210,0.3002,16.6643,16.6515,15.2758,0.0011,-1.0000
16.6675,0.0000,64.9067,1.2161,0.3060,16.6650,16.6613,15.5234,0.0010,-1.0000
16.6663,0.0000,64.9234,1.0569,0.2766,16.6672,16.6634,15.5648,0.0012,-1.0000
16.6667,0.0000,64.9399,1.1393,0.3189,16.6711,16.6517,15.5273,0.0011,-1.0000
16.6666,0.0000,64.9567,1.3747,0.2429,16.6602,16.6608,15.6907,0.0012,-1.0000
16.6671,0.0000,64.9734,1.1369,0.2584,16.6690,16.6608,15.4801,0.0010,-1.0000
16.6664,0.0000,64.9900,1.0973,0.2878,16.6718,16.6532,15.4704,0.0011,-1.0000
16.6643,0.0000,65.0066,1.1231,0.2910,16.6602,16.6493,15.5938,0.0013,-1.0000
16.6682,0.0000,65.0233,0.9688,0.2994,16.6695,16.6666,15.7366,0.0010,-1.0000
16.6657,0.0000,65.0399,1.1800,0.2760,16.6698,16.6577,15.6391,0.0009,-1.0000
16.6688,0.0000,65.0567,1.1816,0.2680,16.6618,16.6685,15.7085,0.0011,-1.0000
16.6657,0.0000,65.0733,1.0542,0.2306,16.6560,16.6628,15.5596,0.0011,-1.0000
16.6666,0.0000,65.0900,0.9288,0.2663,16.6723,16.6516,15.6010,0.0011,-1.0000
16.6648,0.0000,65.1066,1.0179,0.2488,16.6640,16.6555,15.6082,0.0013,-1.0000
16.6688,0.0000,65.1233,0.9588,0.2731,16.6747,16.6681,15.6289,0.0012,-1.0000
16.6644,0.0000,65.1398,1.1020,0.2532,16.6700,16.6500,15.6470,0.0010,-1.0000
16.6704,0.0000,65.1567,1.0497,0.2910,16.6582,16.6729,15.8820,0.0010,-1.0000
16.6669,0.0000,65.1734,1.0460,0.3121,16.6611,16.6613,15.5791,0.0013,-1.0000
16.6651,0.0000,65.1900,1.0378,0.2538,16.6750,16.6532,15.5322,0.0010,-1.0000
16.6690,0.0000,65.2067,1.0019,0.2411,16.6555,16.6647,15.6580,0.0009,-1.0000
16.6647,0.0000,65.2234,0.7898,0.2641,16.6791,16.6528,15.6202,0.0009,-1.0000
16.6676,0.0000,65.2399,1.0806,0.2846,16.6692,16.6609,15.5935,0.0009,-1.0000
16.6681,0.0000,65.2568,1.1200,0.2385,16.6614,16.6656,15.6892,0.0012,-1.0000
16.6678,0.0000,65.2734,1.0055,0.2421,16.6721,16.6581,15.3284,0.0011,-1.0000
16.6638,0.0000,65.2900,1.0316,0.2653,16.6605,16.6509,15.4480,0.0011,-1.0000
16.6650,0.0000,65.3066,1.0661,0.2618,16.6678,16.6550,15.6745,0.0009,-1.0000
16.6700,0.0000,65.3234,0.9753,0.3403,16.6742,16.6757,15.6746,0.0009,-1.0000
16.6630,0.0000,65.3399,1.3284,0.2758,16.6675,16.6415,15.4763,0.0011,-1.0000
16.6708,0.0000,65.3567,1.2017,0.2531,16.6591,16.6756,15.8211,0.0012,-1.0000
16.6661,0.0000,65.3734,0.9797,0.2681,16.6610,16.6532,15.4841,0.0012,-1.0000
16.6634,0.0000,65.3899,1.0000,0.2739,16.6832,16.6468,15.4818,0.0011,-1.0000
16.6692,0.0000,65.4067,1.1643,0.2171,16.6475,16.6724,15.8762,0.0009,-1.0000
16.6657,0.0000,65.4233,0.8530,0.3008,16.6839,16.6555,15.5799,0.0010,-1.0000
16.6662,0.0000,65.4398,1.1676,0.2644,16.6617,16.6602,15.7103,0.0011,-1.0000
16.6673,0.0000,65.4567,1.1639,0.2577,16.6520,16.6642,15.8636,0.0010,-1.0000
16.6654,0.0000,65.4732,0.7950,0.2447,16.6783,16.6146,15.6318,0.0010,-1.0000
16.6700,0.0000,65.4900,1.0745,0.2658,16.6617,16.6744,15.8387,0.0010,-1.0000
16.6664,0.0000,65.5067,0.9489,0.2349,16.6650,16.6675,15.5757,0.0008,-1.0000
16.6635,0.0000,65.5232,0.7998,0.2338,16.6701,16.6388,15.4804,0.0009,-1.0000
16.6707,0.0000,65.5399,0.9818,0.2600,16.6583,16.6767,15.9368,0.0010,-1.0000
16.6673,0.0000,65.5568,0.8348,0.2806,16.6804,16.7931,15.6352,0.0010,-1.0000
16.6648,0.0000,65.5733,1.0908,0.2642,16.6755,16.5203,15.3344,0.0013,-1.0000
16.6686,0.0000,65.5900,1.1573,0.2114,16.6432,16.6740,15.4332,0.0015,-1.0000
16.6664,0.0000,65.6067,0.7389,0.2537,16.6827,16.6494,15.5701,0.0013,-1.0000
16.6652,0.0000,65.6233,1.1569,0.2996,16.8015,16.6508,15.5344,0.0010,-1.0000
16.6677,0.0000,65.6399,1.1845,0.2846,16.5270,16.6650,15.5390,0.0011,-1.0000
16.6686,0.0000,65.6567,1.2394,0.2564,16.6834,16.6633,15.6651,0.0010,-1.0000
16.6657,0.0000,65.6734,1.0779,0.2532,16.6584,16.6533,15.4202,0.0010,-1.0000
16.6650,0.0000,65.6900,1.1155,0.2321,16.6579,16.6534,15.4946,0.0012,-1.0000
16.6675,0.0000,65.7066,1.1248,0.2437,16.6716,16.6609,15.5819,0.0010,-1.0000
16.6648,0.0000,65.7232,0.9970,0.2878,16.6727,16.6548,15.6809,0.0011,-1.0000
16.6687,0.0000,65.7399,1.2319,0.3229,16.6624,16.6712,15.9251,0.0010,-1.0000
16.6666,0.0000,65.7567,1.1575,0.2255,16.6602,16.6577,15.7861,0.0007,-1.0000
16.6649,0.0000,65.7732,1.0781,0.2418,16.6664,16.6568,15.6127,0.0011,-1.0000
16.6679,0.0000,65.7900,0.9729,0.2297,16.6589,16.6683,15.9140,0.0009,-1.0000
16.6689,0.0000,65.8067,0.7451,0.2272,16.6768,16.6678,15.5968,0.0012,-1.0000
16.6669,0.0000,65.8234,0.8709,0.2525,16.6634,16.6582,15.5447,0.0012,-1.0000
16.6672,0.0000,65.8399,1.0430,0.2148,16.6612,16.6604,15.5300,0.0012,-1.0000
16.6665,0.0000,65.8567,0.7533,0.2961,16.6731,16.6575,15.6002,0.0009,-1.0000
16.6646,0.0000,65.8733,1.0698,0.2737,16.6750,16.6536,15.3650,0.0011,-1.0000
16.6674,0.0000,65.8900,1.1124,0.2913,16.6656,16.6634,15.6707,0.0009,-1.0000
16.6681,0.0000,65.9067,1.1291,0.2840,16.6679,16.6632,15.5735,0.0013,-1.0000
16.6636,0.0000,65.9232,1.0562,0.3008,16.6650,16.6481,15.5689,0.0011,-1.0000
16.6720,0.0000,65.9399,1.2875,0.2761,16.6596,16.6829,15.9594,0.0008,-1.0000
16.6623,0.0000,65.9566,0.9917,0.3115,16.6695,16.6465,15.7911,0.0008,-1.0000
16.6686,0.0000,65.9733,1.0884,0.2494,16.6707,16.6674,15.7591,0.0010,-1.0000
16.6668,0.0000,65.9900,1.0781,0.2217,16.6527,16.6594,15.6264,0.0010,-1.0000
16.6643,0.0000,66.0066,0.7225,0.2512,16.6880,16.6525,15.5674,0.0010,-1.0000
16.6672,0.0000,66.0233,0.8545,0.2204,16.6515,16.6729,15.8257,0.0010,-1.0000
16.6688,0.0000,66.0399,0.9074,0.2528,16.6741,16.6588,15.7334,0.0010,-1.0000
16.6640,0.0000,66.0566,1.0319,0.2514,16.6656,16.6509,15.6511,0.0008,-1.0000
16.6714,0.0000,66.0733,1.0844,0.2183,16.6580,16.6735,15.7812,0.0011,-1.0000
16.6629,0.0000,66.0899,0.8464,0.2427,16.6783,16.6502,15.6600,0.0009,-1.0000
16.6665,0.0000,66.1065,0.9241,0.3061,16.6653,16.6592,15.8149,0.0009,-1.0000
16.6687,0.0000,66.1233,0.9991,0.2392,16.6555,16.6724,15.9264,0.0011,-1.0000
16.6651,0.0000,66.1399,0.8910,0.2990,16.6802,16.6543,15.5277,0.0014,-1.0000
16.6668,0.0000,66.1566,0.9893,0.2324,16.6557,16.6625,15.8259,0.0010,-1.0000
16.6692,0.0000,66.1733,0.8435,0.2231,16.6629,16.6701,15.7822,0.0008,-1.0000
16.6631,0.0000,66.1898,0.7449,0.3106,16.6778,16.6465,15.6110,0.0010,-1.0000
16.6680,0.0000,66.2066,1.1253,0.2374,16.6594,16.6689,16.0448,0.0008,-1.0000
16.6687,0.0000,66.2233,0.8357,0.2592,16.6673,16.6679,15.8545,0.0008,-1.0000
16.6639,0.0000,66.2398,0.8870,0.2574,16.6761,16.6511,15.6656,0.0013,-1.0000
16.6692,0.0000,66.2567,1.0348,0.1813,16.6511,16.6687,15.9759,0.0010,-1.0000
16.6670,0.0000,66.2733,0.6233,0.2241,16.6734,16.6635,15.6592,0.0010,-1.0000
16.6645,0.0000,66.2899,0.8129,0.2505,16.6735,16.6516,15.6377,0.0012,-1.0000
16.6684,0.0000,66.3066,0.9841,0.2002,16.6565,16.6707,15.9406,0.0012,-1.0000
16.6655,0.0000,66.3232,0.6917,0.2594,16.6743,16.6551,15.7086,0.0010,-1.0000
16.6672,0.0000,66.3398,1.0032,0.2318,16.6693,16.6686,15.8218,0.0009,-1.0000
16.6683,0.0000,66.3566,1.0131,0.2155,16.6555,16.6634,15.9194,0.0009,-1.0000
16.6641,0.0000,66.3732,0.7291,0.2261,16.6757,16.6535,15.6753,0.0011,-1.0000
16.6686,0.0000,66.3900,0.9454,0.2370,16.6588,16.6693,15.9640,0.0009,-1.0000
16.6664,0.0000,66.4066,0.8460,0.2074,16.6726,16.6596,15.6840,0.0008,-1.0000
16.6659,0.0000,66.4233,0.7431,0.2550,16.6693,16.6591,15.7045,0.0009,-1.0000
16.6687,0.0000,66.4399,0.9773,0.1913,16.6579,16.6714,15.8192,0.0008,-1.0000
16.6644,0.0000,66.4566,0.7044,0.2472,16.6744,16.6518,15.7177,0.0009,-1.0000
16.6675,0.0000,66.4733,0.9748,0.2362,16.6649,16.6645,15.8570,0.0012,-1.0000
16.6672,0.0000,66.4899,0.9538,0.2204,16.6631,16.6642,15.7879,0.0008,-1.0000
16.6658,0.0000,66.5065,0.8515,0.2199,16.6767,16.6570,15.6958,0.0011,-1.0000
16.6937,0.0000,66.5233,0.9333,0.2023,16.6566,16.6951,15.9491,0.0011,-1.0000
16.6652,0.0000,66.5399,0.8063,0.2220,16.6690,16.6926,15.6075,0.0009,-1.0000
16.6686,0.0000,66.5567,0.8754,0.2972,16.6693,16.6327,15.9001,0.0010,-1.0000
16.6675,0.0000,66.5734,0.9602,0.2209,16.6606,16.6619,15.5985,0.0009,-1.0000
16.6644,0.0000,66.5899,0.7447,0.2450,16.7005,16.6517,15.5916,0.0011,-1.0000
16.6682,0.0000,66.6066,1.0844,0.1818,16.6970,16.6718,15.9200,0.0010,-1.0000
16.6666,0.0000,66.6233,0.7317,0.2500,16.6377,16.6571,15.8162,0.0008,-1.0000
16.6651,0.0000,66.6398,1.0622,0.2911,16.6681,16.6573,15.7450,0.0008,-1.0000
16.6683,0.0000,66.6566,1.0590,0.2342,16.6557,16.6702,16.0439,0.0008,-1.0000
16.6664,0.0000,66.6733,0.7511,0.2188,16.6759,16.6604,15.7688,0.0006,-1.0000
16.6679,0.0000,66.6900,0.8402,0.2633,16.6619,16.6680,15.8086,0.0011,-1.0000
16.6660,0.0000,66.7066,0.9116,0.1998,16.6609,16.6562,15.6368,0.0012,-1.0000
16.6652,0.0000,66.7233,0.6256,0.2182,16.6747,16.6539,15.7673,0.0010,-1.0000
16.6683,0.0000,66.7399,0.8909,0.2389,16.6648,16.6693,15.9688,0.0009,-1.0000
16.6654,0.0000,66.7566,0.8583,0.2474,16.6739,16.6581,15.8425,0.0010,-1.0000
16.6665,0.0000,66.7732,1.0182,0.2273,16.6624,16.6613,15.9003,0.0011,-1.0000
16.6697,0.0000,66.7900,0.8856,0.1807,16.6577,16.6717,15.9488,0.0008,-1.0000
16.6642,0.0000,66.8066,0.6993,0.2145,16.6739,16.6504,15.6343,0.0011,-1.0000
16.6681,0.0000,66.8233,0.8146,0.2176,16.6621,16.6701,15.9813,0.0009,-1.0000
16.6670,0.0000,66.8399,0.7600,0.2309,16.6656,16.6617,15.7664,0.0010,-1.0000
16.6655,0.0000,66.8566,0.7220,0.2455,16.6783,16.6565,15.7760,0.0010,-1.0000
16.6669,0.0000,66.8733,1.0149,0.1879,16.6549,16.6634,15.8532,0.0010,-1.0000
16.6657,0.0000,66.8899,0.6875,0.2218,16.6749,16.6573,15.7652,0.0014,-1.0000
16.6679,0.0000,66.9066,0.8940,0.2440,16.6675,16.6682,16.0856,0.0009,-1.0000
16.6660,0.0000,66.9232,0.8792,0.2411,16.6610,16.6582,15.8533,0.0009,-1.0000
16.6664,0.0000,66.9398,0.8092,0.2194,16.6680,16.6636,16.0220,0.0009,-1.0000
16.6689,0.0000,66.9567,0.8907,0.2235,16.6609,16.6734,16.0787,0.0008,-1.0000
16.6650,0.0000,66.9733,0.5818,0.2281,16.6726,16.6541,15.7099,0.0009,-1.0000
16.6686,0.0000,66.9900,0.8039,0.2035,16.6620,16.6695,15.8401,0.0008,-1.0000
16.6654,0.0000,67.0067,0.6406,0.2204,16.6673,16.6535,15.5273,0.0014,-1.0000
16.6655,0.0000,67.0232,0.5939,0.2362,16.6781,16.6568,15.7443,0.0009,-1.0000
16.6672,0.0000,67.0399,0.9435,0.2191,16.6592,16.6652,15.9868,0.0009,-1.0000
16.6667,0.0000,67.0566,0.8285,0.2622,16.6756,16.6624,15.9299,0.0007,-1.0000
16.6672,0.0000,67.0733,1.1247,0.2281,16.6594,16.6646,15.8725,0.0012,-1.0000
16.6657,0.0000,67.0899,0.9114,0.1939,16.6605,16.6592,15.8137,0.0007,-1.0000
16.6665,0.0000,67.1065,0.6775,0.2562,16.6694,16.6614,15.9357,0.0009,-1.0000
16.6676,0.0000,67.1232,0.7318,0.2087,16.6664,16.6656,16.0260,0.0008,-1.0000
16.6662,0.0000,67.1398,0.7910,0.2130,16.6693,16.6619,15.9651,0.0008,-1.0000
16.6680,0.0000,67.1567,0.8447,0.1969,16.6627,16.6680,16.0026,0.0008,-1.0000
16.6655,0.0000,67.1732,0.7248,0.2014,16.6648,16.6564,15.7121,0.0013,-1.0000
16.6676,0.0000,67.1905,0.6388,0.1861,16.6691,16.6667,15.9607,0.0008,-1.0000
16.6665,0.0000,67.2066,0.6961,0.2207,16.6653,16.6615,15.3247,0.0010,-1.0000
16.6658,0.0000,67.2232,0.6645,0.2089,16.6726,16.6591,15.8234,0.0007,-1.0000
16.6678,0.0000,67.2399,0.9429,0.2088,16.6606,16.6696,16.0478,0.0010,-1.0000
16.6658,0.0000,67.2566,0.7051,0.2325,16.6706,16.6554,15.8152,0.0010,-1.0000
16.6663,0.0000,67.2732,1.3360,0.2140,16.6666,16.6630,15.9511,0.0008,-1.0000
16.6677,0.0000,67.2899,0.8350,0.2172,16.6621,16.6664,16.0443,0.0008,-1.0000
16.6660,0.0000,67.3066,0.6208,0.2206,16.6742,16.6591,15.8643,0.0009,-1.0000
16.6673,0.0000,67.3233,0.8392,0.2216,16.6600,16.6670,16.0174,0.0010,-1.0000
16.6661,0.0000,67.3399,0.7113,0.1820,16.6666,16.6595,15.8387,0.0010,-1.0000
16.6671,0.0000,67.3566,0.6213,0.2100,16.6701,16.6640,15.9929,0.0009,-1.0000
16.6678,0.0000,67.3733,0.7941,0.1979,16.6628,16.6668,15.9269,0.0008,-1.0000
16.6655,0.0000,67.3899,0.6487,0.2026,16.6718,16.6573,15.8371,0.0008,-1.0000
16.6669,0.0000,67.4066,0.8198,0.1992,16.6630,16.6639,15.9446,0.0011,-1.0000
16.6666,0.0000,67.4232,0.6702,0.2410,16.6676,16.6629,15.8668,0.0010,-1.0000
16.6668,0.0000,67.4398,0.7388,0.2095,16.6710,16.6633,15.9342,0.0010,-1.0000
16.6672,0.0000,67.4566,0.8193,0.2180,16.6610,16.6636,15.9800,0.0009,-1.0000
16.6662,0.0000,67.4733,0.7182,0.2302,16.6679,16.6606,15.8007,0.0008,-1.0000
16.6667,0.0000,67.4899,0.7952,0.2017,16.6666,16.6632,15.8560,0.0011,-1.0000
16.6671,0.0000,67.5066,0.7283,0.1962,16.6675,16.6620,15.8257,0.0012,-1.0000
16.6675,0.0000,67.5233,0.6829,0.2409,16.6686,16.6669,15.8891,0.0009,-1.0000
16.6665,0.0000,67.5399,0.8592,0.2085,16.6646,16.6602,15.7119,0.0009,-1.0000
16.6661,0.0000,67.5566,0.8062,0.2221,16.6678,16.6591,15.8353,0.0008,-1.0000
16.6671,0.0000,67.5732,0.8349,0.2217,16.6661,16.6639,15.8188,0.0010,-1.0000
16.6675,0.0000,67.5899,0.7769,0.2251,16.6719,16.6658,15.9659,0.0010,-1.0000
16.6659,0.0000,67.6066,0.9474,0.2481,16.6644,16.6588,15.8132,0.0011,-1.0000
16.6662,0.0000,67.6232,0.8231,0.2391,16.6628,16.6608,15.9446,0.0010,-1.0000
16.6672,0.0000,67.6399,0.8441,0.1977,16.6679,16.6649,16.0523,0.0008,-1.0000
16.6666,0.0000,67.6566,0.6990,0.2339,16.6705,16.6646,16.0263,0.0010,-1.0000
16.6677,0.0000,67.6733,0.8446,0.1864,16.6623,16.6654,15.9670,0.0009,-1.0000
16.6658,0.0000,67.6899,0.7153,0.1804,16.6645,16.6597,15.8719,0.0010,-1.0000
16.6669,0.0000,67.7066,0.6119,0.2259,16.6678,16.6647,15.9952,0.0011,-1.0000
16.6668,0.0000,67.7233,0.6373,0.2119,16.6679,16.6616,15.8736,0.0008,-1.0000
16.6679,0.0000,67.7399,0.6976,0.2130,16.6694,16.6674,15.9048,0.0011,-1.0000
16.6652,0.0000,67.7566,0.7867,0.1984,16.6635,16.6552,15.7659,0.0013,-1.0000
16.6674,0.0000,67.7733,0.6687,0.2109,16.6693,16.6651,15.9600,0.0009,-1.0000
16.6667,0.0000,67.7899,0.7872,0.2072,16.6656,16.6631,16.0014,0.0008,-1.0000
16.6665,0.0000,67.8065,0.7617,0.2029,16.6723,16.6611,15.8753,0.0010,-1.0000
16.6664,0.0000,67.8233,0.8881,0.1975,16.6592,16.6637,16.0206,0.0009,-1.0000
16.6672,0.0000,67.8399,0.7042,0.1753,16.6688,16.6630,15.9065,0.0011,-1.0000
16.6671,0.0000,67.8567,0.6609,0.2166,16.6674,16.6745,15.9537,0.0009,-1.0000
16.6662,0.0000,67.8733,0.7849,0.2111,16.6648,16.6500,15.7345,0.0011,-1.0000
16.6662,0.0000,67.8899,0.6422,0.1871,16.6687,16.6594,15.8617,0.0010,-1.0000
16.6676,0.0000,67.9066,0.7553,0.2113,16.6675,16.6671,16.0170,0.0009,-1.0000
16.6664,0.0000,67.9232,0.7200,0.2003,16.6788,16.6602,15.8595,0.0009,-1.0000
16.6671,0.0000,67.9399,0.9145,0.2155,16.6546,16.6655,15.8889,0.0010,-1.0000
16.6664,0.0000,67.9566,0.7966,0.2080,16.6629,16.6603,15.8267,0.0011,-1.0000
16.6662,0.0000,67.9732,0.6493,0.2259,16.6709,16.6621,15.7727,0.0010,-1.0000
16.6680,0.0000,67.9899,0.7998,0.2337,16.6642,16.6649,16.0539,0.0008,-1.0000
16.6663,0.0000,68.0066,0.7757,0.2362,16.6700,16.6614,15.8205,0.0009,-1.0000
16.6676,0.0000,68.0233,0.8325,0.2252,16.6655,16.6654,15.8281,0.0009,-1.0000
16.6656,0.0000,68.0399,0.8885,0.1801,16.6657,16.6552,15.8274,0.0010,-1.0000
16.6668,0.0000,68.0566,0.6102,0.2107,16.6692,16.6632,15.9733,0.0008,-1.0000
16.6662,0.0000,68.0732,0.8400,0.2185,16.6659,16.6619,15.9206,0.0012,-1.0000
16.6672,0.0000,68.0899,0.8364,0.2117,16.6710,16.6643,15.9229,0.0009,-1.0000
16.6681,0.0000,68.1067,0.8269,0.2144,16.6600,16.6680,15.9069,0.0008,-1.0000
16.6653,0.0000,68.1233,0.6889,0.1855,16.6669,16.6563,15.7598,0.0011,-1.0000
16.6664,0.0000,68.1399,0.7401,0.2070,16.6658,16.6608,15.9265,0.0009,-1.0000
16.6669,0.0000,68.1566,0.7406,0.2135,16.6679,16.6652,16.0447,0.0009,-1.0000
16.6667,0.0000,68.1732,0.7601,0.1924,16.6723,16.6620,15.8741,0.0010,-1.0000
16.6684,0.0000,68.1900,0.8954,0.2120,16.6608,16.6706,15.9740,0.0010,-1.0000
16.6672,0.0000,68.2067,0.7334,0.1803,16.6644,16.6620,15.7926,0.0012,-1.0000
16.6666,0.0000,68.2233,0.6196,0.2064,16.6690,16.6609,15.5711,0.0010,-1.0000
16.6676,0.0000,68.2399,0.7870,0.1927,16.6651,16.6637,15.7108,0.0009,-1.0000
16.6659,0.0000,68.2567,0.6957,0.1904,16.6752,16.6575,15.6317,0.0011,-1.0000
16.6659,0.0000,68.2733,0.8683,0.2499,16.6689,16.6575,15.5143,0.0009,-1.0000
16.6690,0.0000,68.2901,1.0887,0.2408,16.6662,16.6713,15.7443,0.0009,-1.0000
16.6671,0.0000,68.3068,0.9519,0.2805,16.6697,16.6592,15.6028,0.0009,-1.0000
16.7062,0.0000,68.3234,1.0246,0.2912,16.6637,16.7015,15.5393,0.0012,-1.0000
16.6638,0.0000,68.3399,1.1422,0.2791,16.6621,16.6471,15.5837,0.0013,-1.0000
16.6661,0.0000,68.3566,0.9261,0.2552,16.6779,16.6584,15.8497,0.0010,-1.0000
16.7437,0.0000,68.3734,1.0553,0.2777,16.6669,16.7441,16.0196,0.0011,-1.0000
16.6660,0.0000,68.3901,1.1609,0.2531,16.7096,16.6567,15.7594,0.0011,-1.0000
16.6668,0.0000,68.4067,1.0622,0.2288,16.6531,16.6629,15.8161,0.0009,-1.0000
16.6673,0.0000,68.4234,0.8079,0.2217,16.6619,16.6660,15.9185,0.0009,-1.0000
16.6670,0.0000,68.4400,0.7236,0.2112,16.7490,16.6618,15.7581,0.0008,-1.0000
16.6698,0.0000,68.4568,0.8963,0.2148,16.6614,16.6721,15.8774,0.0006,-1.0000
16.6644,0.0000,68.4735,0.8459,0.2058,16.6676,16.6511,15.5716,0.0010,-1.0000
16.6665,0.0000,68.4901,0.7467,0.2208,16.6707,16.6665,15.6169,0.0011,-1.0000
16.6691,0.0000,68.5068,0.9028,0.2281,16.6661,16.6639,15.7521,0.0010,-1.0000
16.6656,0.0000,68.5235,0.7937,0.2433,16.6791,16.6608,15.5656,0.0009,-1.0000
16.6648,0.0000,68.5400,1.0788,0.2559,16.6573,16.6450,15.6295,0.0010,-1.0000
16.6680,0.0000,68.5568,1.0488,0.2278,16.6714,16.6681,15.8432,0.0010,-1.0000
16.6650,0.0000,68.5734,0.9106,0.2558,16.6710,16.6538,15.6477,0.0010,-1.0000
16.6701,0.0000,68.5902,1.0943,0.2507,16.6686,16.6740,15.9106,0.0009,-1.0000
16.6643,0.0000,68.6068,1.0146,0.2232,16.6499,16.6537,15.5656,0.0013,-1.0000
16.6657,0.0000,68.6234,0.8233,0.2472,16.6741,16.6569,15.6260,0.0013,-1.0000
16.6696,0.0000,68.6401,1.0049,0.2154,16.6581,16.6733,15.9643,0.0009,-1.0000
16.6675,0.0000,68.6568,0.7625,0.2651,16.6797,16.6606,15.6672,0.0008,-1.0000
16.6636,0.0000,68.6734,1.0867,0.2931,16.6596,16.6483,15.5123,0.0010,-1.0000
16.6691,0.0000,68.6902,1.0298,0.2089,16.6605,16.6729,15.9239,0.0010,-1.0000
16.6655,0.0000,68.7068,0.7080,0.2669,16.6791,16.6532,15.5700,0.0009,-1.0000
16.6655,0.0000,68.7234,0.9926,0.2451,16.6686,16.6669,15.6986,0.0009,-1.0000
16.6698,0.0000,68.7401,1.1351,0.2085,16.6531,16.6666,15.7985,0.0008,-1.0000
16.6648,0.0000,68.7568,0.7482,0.2616,16.6791,16.6500,15.6444,0.0010,-1.0000
16.6662,0.0000,68.7734,1.0823,0.2298,16.6584,16.6616,15.7788,0.0011,-1.0000
16.6679,0.0000,68.7901,0.9675,0.2164,16.6703,16.6681,15.9107,0.0008,-1.0000
16.6652,0.0000,68.8067,0.8672,0.2307,16.6736,16.6552,15.7827,0.0008,-1.0000
16.6682,0.0000,68.8234,1.0048,0.2420,16.6554,16.6696,15.9149,0.0010,-1.0000
16.6652,0.0000,68.8400,0.8817,0.2619,16.6651,16.6555,15.7749,0.0006,-1.0000
16.6668,0.0000,68.8567,0.7565,0.2563,16.6730,16.6634,15.9962,0.0008,-1.0000
16.6680,0.0000,68.8734,0.8719,0.2069,16.6588,16.6649,15.8422,0.0011,-1.0000
16.6657,0.0000,68.8900,0.7535,0.2322,16.6749,16.6583,15.7140,0.0010,-1.0000
16.6673,0.0000,68.9067,0.8800,0.2149,16.6596,16.6661,15.8647,0.0011,-1.0000
16.6662,0.0000,68.9234,0.6664,0.2254,16.6670,16.6605,15.8273,0.0007,-1.0000
16.6661,0.0000,68.9400,0.8216,0.2486,16.6698,16.6601,15.8987,0.0009,-1.0000
16.6674,0.0000,68.9568,0.9434,0.2161,16.6619,16.6659,16.0057,0.0007,-1.0000
16.6659,0.0000,68.9733,0.8001,0.2137,16.6708,16.6591,15.7835,0.0011,-1.0000
16.6689,0.0000,68.9901,0.8325,0.2103,16.6650,16.6765,16.0163,0.0009,-1.0000
16.6667,0.0000,69.0068,0.7603,0.1873,16.6633,16.6569,15.5344,0.0009,-1.0000
16.6671,0.0000,69.0234,0.6593,0.2437,16.6701,16.6628,15.6288,0.0011,-1.0000
16.6676,0.0000,69.0400,0.8745,0.2016,16.6622,16.6635,15.7484,0.0010,-1.0000
16.6642,0.0000,69.0568,0.6591,0.2830,16.6819,16.6490,15.7470,0.0012,-1.0000
16.6671,0.0000,69.0734,1.1216,0.2339,16.6629,16.6657,15.8781,0.0011,-1.0000
16.6669,0.0000,69.0901,1.0329,0.2863,16.6681,16.6651,15.8801,0.0009,-1.0000
16.6662,0.0000,69.1067,0.9139,0.2455,16.6705,16.6552,15.6846,0.0012,-1.0000
16.6674,0.0000,69.1234,0.9009,0.2206,16.6532,16.6684,16.0231,0.0008,-1.0000
16.6661,0.0000,69.1400,0.7862,0.2082,16.6697,16.6579,15.5923,0.0009,-1.0000
16.6671,0.0000,69.1568,0.7844,0.2392,16.6699,16.6669,16.0417,0.0008,-1.0000
16.6662,0.0000,69.1733,0.9694,0.1772,16.6583,16.6598,15.8172,0.0012,-1.0000
16.6667,0.0000,69.1900,0.6444,0.2270,16.6732,16.6627,15.9709,0.0010,-1.0000
16.6678,0.0000,69.2068,1.0648,0.1876,16.6613,16.6704,16.0262,0.0008,-1.0000
16.6656,0.0000,69.2233,0.6241,0.2219,16.6713,16.6525,15.7296,0.0009,-1.0000
16.6673,0.0000,69.2400,0.8413,0.2083,16.6634,16.6684,16.0901,0.0008,-1.0000
16.6677,0.0000,69.2568,0.6909,0.1824,16.6659,16.6665,15.9253,0.0007,-1.0000
16.6672,0.0000,69.2735,0.6435,0.2108,16.6757,16.6627,15.5937,0.0010,-1.0000
16.6665,0.0000,69.2901,0.9220,0.1937,16.6562,16.6598,15.6308,0.0014,-1.0000
16.6658,0.0000,69.3067,0.5776,0.2417,16.6723,16.6551,15.7126,0.0010,-1.0000
16.6667,0.0000,69.3234,0.7404,0.2544,16.6716,16.6654,15.9091,0.0013,-1.0000
16.6662,0.0000,69.3400,1.0680,0.2699,16.6691,16.6593,15.8930,0.0007,-1.0000
16.6667,0.0000,69.3567,1.0275,0.2340,16.6654,16.6635,16.0113,0.0009,-1.0000
16.6690,0.0000,69.3735,0.9414,0.2157,16.6586,16.6713,15.8545,0.0011,-1.0000
16.6650,0.0000,69.3900,0.7554,0.2328,16.6696,16.6527,15.6915,0.0008,-1.0000
16.6669,0.0000,69.4067,0.7654,0.1935,16.6630,16.6658,15.9256,0.0012,-1.0000
16.6664,0.0000,69.4234,0.6518,0.1967,16.6676,16.6579,15.8545,0.0009,-1.0000
16.6669,0.0000,69.4400,0.8155,0.2380,16.6772,16.6638,15.8811,0.0008,-1.0000
16.6679,0.0000,69.4568,0.9604,0.2108,16.6572,16.6700,15.9238,0.0008,-1.0000
16.6652,0.0000,69.4734,0.7390,0.2395,16.6706,16.6492,15.6027,0.0010,-1.0000
16.6685,0.0000,69.4901,0.8026,0.2228,16.6624,16.6692,15.8578,0.0010,-1.0000
16.6653,0.0000,69.5067,0.7819,0.2460,16.6677,16.6567,15.6509,0.0011,-1.0000
16.6665,0.0000,69.5233,0.7455,0.2912,16.6778,16.6598,15.8182,0.0010,-1.0000
16.6689,0.0000,69.5401,1.0455,0.2151,16.6541,16.6729,15.9703,0.0008,-1.0000
16.6647,0.0000,69.5568,0.8105,0.2433,16.6746,16.6598,15.6677,0.0010,-1.0000
16.6666,0.0000,69.5734,1.0047,0.2248,16.6616,16.6537,15.8377,0.0010,-1.0000
16.6680,0.0000,69.5901,0.8406,0.1863,16.6633,16.6667,15.9158,0.0009,-1.0000
16.6654,0.0000,69.6067,0.7016,0.2439,16.6787,16.6585,15.7849,0.0009,-1.0000
16.6681,0.0000,69.6234,0.9915,0.2225,16.6646,16.6683,16.0023,0.0011,-1.0000
16.6658,0.0000,69.6400,0.8152,0.2019,16.6577,16.6567,15.8128,0.0007,-1.0000
16.6673,0.0000,69.6568,0.7504,0.2343,16.6714,16.6652,15.9585,0.0011,-1.0000
16.6660,0.0000,69.6733,0.8727,0.1897,16.6621,16.6584,15.8356,0.0011,-1.0000
16.6661,0.0000,69.6900,0.6648,0.1996,16.6735,16.6617,15.9769,0.0015,-1.0000
16.6678,0.0000,69.7067,0.8430,0.2169,16.6602,16.6684,16.0396,0.0011,-1.0000
16.6659,0.0000,69.7233,0.7053,0.2033,16.6699,16.6577,15.8137,0.0011,-1.0000
16.6673,0.0000,69.7400,0.8218,0.2094,16.6628,16.6682,16.0278,0.0011,-1.0000
16.6673,0.0000,69.7568,0.6835,0.1838,16.6648,16.6640,15.8801,0.0008,-1.0000
16.6669,0.0000,69.7735,0.6279,0.2120,16.6724,16.6612,15.7273,0.0009,-1.0000
16.6682,0.0000,69.7902,0.8431,0.1978,16.6616,16.6667,15.6724,0.0008,-1.0000
16.6647,0.0000,69.8068,0.6394,0.2288,16.6722,16.6514,15.6301,0.0010,-1.0000
16.6671,0.0000,69.8234,0.7831,0.2246,16.6693,16.6640,15.7933,0.0013,-1.0000
16.6660,0.0000,69.8400,0.9329,0.2514,16.6671,16.6581,15.8015,0.0010,-1.0000
16.6667,0.0000,69.8567,0.9934,0.2416,16.6731,16.6633,15.9446,0.0009,-1.0000
16.6675,0.0000,69.8734,1.0204,0.2247,16.6566,16.6677,15.8549,0.0010,-1.0000
16.6675,0.0000,69.8901,0.8694,0.2079,16.6685,16.6616,15.7814,0.0011,-1.0000
16.6655,0.0000,69.9068,0.8555,0.2245,16.6622,16.6587,15.7239,0.0012,-1.0000
16.6679,0.0000,69.9234,0.7178,0.2051,16.6670,16.6634,15.8022,0.0008,-1.0000
16.6657,0.0000,69.9400,0.8117,0.2392,16.6727,16.6601,15.7503,0.0012,-1.0000
16.6683,0.0000,69.9568,0.8795,0.2346,16.6668,16.6685,15.8717,0.0012,-1.0000
16.6649,0.0000,69.9734,0.9335,0.2212,16.6636,16.6523,15.6877,0.0009,-1.0000
16.6690,0.0000,69.9901,0.8606,0.2229,16.6685,16.6732,15.8330,0.0009,-1.0000
16.6662,0.0000,70.0068,0.9088,0.2515,16.6640,16.6604,15.6143,0.0010,-1.0000
16.6650,0.0000,70.0233,0.7956,0.2400,16.6742,16.6485,15.6900,0.0009,-1.0000
16.6678,0.0000,70.0400,0.9637,0.1951,16.6565,16.6701,15.9585,0.0009,-1.0000
16.6661,0.0000,70.0568,0.8391,0.2496,16.6788,16.6587,15.8491,0.0008,-1.0000
16.6660,0.0000,70.0733,1.0450,0.2453,16.6670,16.6597,15.7852,0.0011,-1.0000
16.6689,0.0000,70.0901,0.9574,0.2293,16.6527,16.6717,15.9860,0.0008,-1.0000
16.6646,0.0000,70.1067,0.7107,0.2292,16.6748,16.6526,15.6880,0.0009,-1.0000
16.6681,0.0000,70.1235,0.8089,0.2469,16.6634,16.6712,15.9803,0.0009,-1.0000
16.6690,0.0000,70.1401,0.8734,0.1934,16.6633,16.6661,15.6656,0.0009,-1.0000
16.6636,0.0000,70.1567,0.6851,0.2409,16.6773,16.6482,15.6160,0.0009,-1.0000
16.6680,0.0000,70.1734,0.9638,0.1991,16.6563,16.6700,15.9238,0.0009,-1.0000
16.6664,0.0000,70.1901,0.6901,0.2660,16.6759,16.6594,15.8026,0.0008,-1.0000
16.6658,0.0000,70.2067,0.9997,0.2447,16.6725,16.6582,15.7849,0.0009,-1.0000
16.6685,0.0000,70.2235,1.0313,0.2145,16.6524,16.6691,15.9525,0.0008,-1.0000
16.6647,0.0000,70.2400,0.7451,0.2349,16.6747,16.6521,15.6798,0.0008,-1.0000
16.6679,0.0000,70.2567,0.8566,0.2335,16.6647,16.6674,15.9995,0.0009,-1.0000
16.6662,0.0000,70.2734,0.8725,0.2014,16.6622,16.6609,15.8810,0.0009,-1.0000
16.6664,0.0000,70.2900,0.7160,0.2324,16.6744,16.6603,15.8621,0.0008,-1.0000
16.6674,0.0000,70.3068,0.9713,0.2305,16.6566,16.6650,16.0094,0.0011,-1.0000
16.6661,0.0000,70.3233,0.6669,0.1930,16.6721,16.6592,15.8169,0.0009,-1.0000
16.6672,0.0000,70.3400,0.7789,0.2112,16.6654,16.6666,15.9959,0.0010,-1.0000
16.6665,0.0000,70.3568,0.7974,0.1920,16.6646,16.6607,15.9379,0.0007,-1.0000
16.6661,0.0000,70.3733,0.6544,0.2346,16.6695,16.6592,15.8470,0.0013,-1.0000
16.6686,0.0000,70.3901,0.8415,0.1951,16.6629,16.6726,16.0274,0.0008,-1.0000
16.6655,0.0000,70.4067,0.6698,0.2041,16.6711,16.6546,15.6950,0.0010,-1.0000
16.6662,0.0000,70.4234,0.7222,0.2054,16.6646,16.6636,16.0105,0.0009,-1.0000
16.6676,0.0000,70.4400,0.8111,0.1841,16.6630,16.6638,15.8787,0.0008,-1.0000
16.6660,0.0000,70.4567,0.6446,0.2321,16.6772,16.6608,15.8123,0.0012,-1.0000
16.6680,0.0000,70.4735,0.9584,0.2039,16.6581,16.6666,15.8897,0.0008,-1.0000
16.6659,0.0000,70.4901,0.6524,0.2297,16.6681,16.6606,15.7412,0.0010,-1.0000
16.6667,0.0000,70.5068,0.7842,0.2165,16.6680,16.6632,15.8039,0.0011,-1.0000
16.6664,0.0000,70.5234,0.8474,0.2562,16.6649,16.6581,15.7475,0.0009,-1.0000
16.6662,0.0000,70.5400,0.7760,0.2523,16.6715,16.6603,15.8599,0.0009,-1.0000
16.6702,0.0000,70.5569,0.9183,0.2099,16.6648,16.6783,16.0695,0.0009,-1.0000
16.6634,0.0000,70.5734,0.8585,0.2515,16.6687,16.6469,15.5011,0.0012,-1.0000
16.6669,0.0000,70.5900,0.9099,0.2095,16.6625,16.6633,15.9200,0.0011,-1.0000
16.6678,0.0000,70.6068,0.7996,0.2060,16.6640,16.6655,15.9023,0.0008,-1.0000
16.6656,0.0000,70.6234,0.6079,0.2909,16.6844,16.6584,15.8101,0.0008,-1.0000
16.6695,0.0000,70.6401,1.1448,0.2176,16.6514,16.6702,15.9379,0.0009,-1.0000
16.6642,0.0000,70.6568,0.7423,0.2306,16.6679,16.6538,15.6276,0.0011,-1.0000
16.6680,0.0000,70.6734,0.7624,0.2414,16.6702,16.6650,15.7895,0.0010,-1.0000
16.6660,0.0000,70.6901,0.8474,0.2071,16.6630,16.6597,15.7701,0.0007,-1.0000
16.6661,0.0000,70.7067,0.7315,0.2742,16.6759,16.6576,15.8425,0.0009,-1.0000
16.6670,0.0000,70.7234,1.0254,0.2189,16.6592,16.6673,15.9764,0.0010,-1.0000
16.6665,0.0000,70.7400,0.8746,0.2311,16.6702,16.6602,15.8560,0.0009,-1.0000
16.6685,0.0000,70.7568,0.8889,0.2483,16.6643,16.6657,15.9714,0.0010,-1.0000
16.6649,0.0000,70.7734,0.8141,0.1967,16.6614,16.6605,15.8231,0.0011,-1.0000
16.6665,0.0000,70.7900,0.6900,0.2151,16.6715,16.6604,15.8893,0.0010,-1.0000
16.6670,0.0000,70.8067,0.8035,0.2154,16.6638,16.6645,15.9870,0.0011,-1.0000
16.6662,0.0000,70.8234,0.6931,0.1929,16.6700,16.6603,15.8682,0.0010,-1.0000
16.6673,0.0000,70.8400,0.8363,0.2130,16.6645,16.6673,15.9829,0.0010,-1.0000
16.6668,0.0000,70.8568,0.7702,0.1878,16.6640,16.6615,15.9737,0.0008,-1.0000
16.6663,0.0000,70.8734,0.6764,0.1992,16.6684,16.6610,15.8280,0.0010,-1.0000
16.6676,0.0000,70.8901,0.7912,0.2140,16.6642,16.6655,15.8454,0.0009,-1.0000
16.6662,0.0000,70.9067,0.6836,0.1844,16.6717,16.6591,15.7920,0.0010,-1.0000
16.6668,0.0000,70.9234,0.6870,0.2004,16.6660,16.6633,15.9062,0.0009,-1.0000
16.6668,0.0000,70.9400,0.8321,0.2525,16.6654,16.6634,15.9088,0.0007,-1.0000
16.6664,0.0000,70.9567,0.8192,0.2084,16.6703,16.6589,15.9273,0.0012,-1.0000
16.6672,0.0000,70.9734,0.8661,0.2242,16.6629,16.6659,16.0273,0.0009,-1.0000
16.6663,0.0000,70.9900,0.7562,0.1930,16.6675,16.6604,15.9201,0.0008,-1.0000
16.6672,0.0000,71.0067,0.7537,0.2068,16.6678,16.6657,15.9154,0.0011,-1.0000
16.6671,0.0000,71.0235,0.7304,0.1834,16.6622,16.6667,15.7662,0.0009,-1.0000
16.6666,0.0000,71.0400,0.6377,0.2214,16.6701,16.6568,15.7013,0.0010,-1.0000
16.6663,0.0000,71.0568,0.7396,0.1914,16.6640,16.6623,15.8671,0.0008,-1.0000
16.6663,0.0000,71.0734,0.7492,0.2066,16.6705,16.6600,15.8369,0.0007,-1.0000
16.6667,0.0000,71.0901,0.8998,0.2413,16.6721,16.6637,15.9446,0.0010,-1.0000
16.6679,0.0000,71.1067,0.9549,0.2289,16.6616,16.6646,15.9138,0.0007,-1.0000
16.6653,0.0000,71.1233,0.7946,0.2056,16.6667,16.6580,15.8389,0.0008,-1.0000
16.6672,0.0000,71.1400,0.8227,0.1961,16.6637,16.6651,16.0183,0.0009,-1.0000
16.6667,0.0000,71.1567,0.7183,0.2295,16.6680,16.6630,15.9743,0.0007,-1.0000
16.6666,0.0000,71.1734,0.7501,0.2364,16.6687,16.6638,15.9492,0.0010,-1.0000
16.6666,0.0000,71.1900,0.8186,0.1788,16.6615,16.6607,15.9090,0.0011,-1.0000
16.6668,0.0000,71.2067,0.6459,0.2279,16.6693,16.6631,15.9906,0.0008,-1.0000
16.6671,0.0000,71.2234,0.6879,0.2101,16.6667,16.6649,15.9790,0.0011,-1.0000
16.6664,0.0000,71.2399,0.7137,0.1933,16.6684,16.6605,15.8657,0.0010,-1.0000
16.6664,0.0000,71.2567,0.7506,0.2133,16.6643,16.6626,16.1106,0.0008,-1.0000
16.6669,0.0000,71.2734,0.6718,0.2062,16.6667,16.6618,16.0043,0.0008,-1.0000
16.6666,0.0000,71.2900,0.6849,0.2252,16.6690,16.6637,15.9956,0.0008,-1.0000
16.6667,0.0000,71.3068,0.7940,0.1862,16.6641,16.6634,16.0714,0.0008,-1.0000
16.6668,0.0000,71.3233,0.5512,0.2085,16.6669,16.6611,15.8743,0.0010,-1.0000
16.6673,0.0000,71.3400,0.6567,0.2037,16.6650,16.6676,16.0400,0.0009,-1.0000
16.6664,0.0000,71.3567,0.6672,0.1750,16.6674,16.6611,15.8832,0.0008,-1.0000
16.6663,0.0000,71.3734,0.5911,0.1965,16.6677,16.6610,15.9050,0.0012,-1.0000
16.6677,0.0000,71.3901,0.7858,0.1817,16.6646,16.6677,15.9575,0.0007,-1.0000
16.6660,0.0000,71.4067,0.6265,0.2379,16.6724,16.6577,15.7517,0.0008,-1.0000
16.6669,0.0000,71.4234,0.7770,0.1991,16.6643,16.6647,15.9291,0.0011,-1.0000
16.6687,0.0000,71.4407,0.7552,0.2116,16.6652,16.6705,15.8868,0.0008,-1.0000
16.6652,0.0000,71.4568,0.7093,0.2348,16.6725,16.6571,15.0571,0.0011,-1.0000
16.6669,0.0000,71.4735,0.9052,0.1892,16.6614,16.6597,15.6270,0.0012,-1.0000
16.6661,0.0000,71.4900,0.7344,0.2227,16.6692,16.6563,15.6600,0.0014,-1.0000
16.6675,0.0000,71.5068,0.7829,0.2828,16.6761,16.6671,15.8544,0.0011,-1.0000
16.6661,0.0000,71.5234,1.5990,0.2402,16.6629,16.6582,15.7065,0.0011,-1.0000
16.6664,0.0000,71.5400,1.0315,0.2412,16.6658,16.6591,15.7260,0.0009,-1.0000
16.6686,0.0000,71.5568,0.9950,0.2578,16.6609,16.6714,16.0023,0.0007,-1.0000
16.6656,0.0000,71.5734,0.8116,0.2222,16.6733,16.6564,15.6165,0.0008,-1.0000
16.6664,0.0000,71.5901,0.9509,0.2357,16.6628,16.6594,15.8241,0.0009,-1.0000
16.6682,0.0000,71.6068,0.9319,0.2257,16.6629,16.6675,15.8670,0.0007,-1.0000
16.6650,0.0000,71.6233,0.6684,0.2567,16.6766,16.6552,15.7288,0.0009,-1.0000
16.6688,0.0000,71.6401,1.0393,0.2234,16.6613,16.6732,16.0005,0.0010,-1.0000
16.6654,0.0000,71.6568,0.8346,0.2067,16.6640,16.6537,15.6677,0.0011,-1.0000
16.6658,0.0000,71.6733,0.7996,0.2324,16.6729,16.6564,15.8140,0.0007,-1.0000
16.6678,0.0000,71.6901,0.9257,0.2022,16.6590,16.6697,16.1091,0.0008,-1.0000
16.6657,0.0000,71.7067,0.6715,0.2423,16.6793,16.6577,15.7292,0.0011,-1.0000
16.6670,0.0000,71.7234,0.9848,0.2180,16.6590,16.6739,15.9612,0.0009,-1.0000
16.6694,0.0000,71.7401,0.8418,0.2108,16.6596,16.6651,15.8834,0.0009,-1.0000
16.6645,0.0000,71.7568,0.5598,0.2159,16.6738,16.6493,15.7440,0.0007,-1.0000
16.6676,0.0000,71.7734,0.9275,0.2293,16.6616,16.6650,15.8486,0.0009,-1.0000
16.6661,0.0000,71.7901,0.7122,0.2402,16.6776,16.6594,15.8229,0.0008,-1.0000
16.6665,0.0000,71.8068,0.7808,0.2465,16.6711,16.6633,15.8551,0.0009,-1.0000
16.6665,0.0000,71.8234,0.9047,0.2185,16.6544,16.6603,15.7748,0.0009,-1.0000
16.6672,0.0000,71.8400,0.8152,0.2470,16.6696,16.6633,15.8361,0.0010,-1.0000
16.6670,0.0000,71.8568,0.8358,0.2325,16.6645,16.6635,15.8903,0.0008,-1.0000
16.6668,0.0000,71.8735,0.8075,0.2056,16.6682,16.6613,15.6955,0.0009,-1.0000
16.6661,0.0000,71.8901,0.8846,0.2280,16.6647,16.6576,15.7009,0.0012,-1.0000
16.6688,0.0000,71.9068,0.8264,0.2174,16.6681,16.6730,15.9071,0.0010,-1.0000
16.6649,0.0000,71.9234,0.7725,0.2253,16.6683,16.6515,15.6108,0.0010,-1.0000
16.6660,0.0000,71.9400,0.9649,0.2287,16.6666,16.6601,15.7326,0.0011,-1.0000
16.6689,0.0000,71.9568,0.9557,0.2247,16.6612,16.6713,16.0479,0.0008,-1.0000
16.6662,0.0000,71.9734,0.7651,0.2239,16.6796,16.6592,15.7381,0.0008,-1.0000
16.6684,0.0000,71.9902,1.0397,0.2613,16.6563,16.6674,15.7403,0.0009,-1.0000
16.6659,0.0000,72.0068,0.9264,0.1806,16.6633,16.6588,15.6059,0.0013,-1.0000
16.6644,0.0000,72.0234,0.6225,0.2641,16.6755,16.6512,15.6855,0.0011,-1.0000
16.6692,0.0000,72.0401,0.9206,0.3051,16.6645,16.6754,15.9596,0.0009,-1.0000
16.6649,0.0000,72.0568,0.9261,0.2745,16.6730,16.6526,15.7291,0.0007,-1.0000
16.6672,0.0000,72.0734,1.0517,0.2434,16.6654,16.6640,15.7625,0.0009,-1.0000
16.6665,0.0000,72.0901,0.9646,0.2251,16.6548,16.6611,15.8043,0.0008,-1.0000
16.6663,0.0000,72.1067,0.7149,0.2294,16.6811,16.6603,15.7642,0.0011,-1.0000
16.6673,0.0000,72.1237,0.9227,0.2203,16.6565,16.6668,15.9127,0.0009,-1.0000
16.6664,0.0000,72.1400,0.9007,0.2200,16.6688,16.6578,15.4912,0.0009,-1.0000
16.6661,0.0000,72.1567,0.8562,0.2180,16.6660,16.6606,15.8829,0.0009,-1.0000
16.6668,0.0000,72.1734,0.8951,0.2352,16.6642,16.6655,15.9854,0.0009,-1.0000
16.6669,0.0000,72.1900,0.7532,0.4768,16.6717,16.6616,15.9027,0.0009,-1.0000
16.6675,0.0000,72.2068,1.1658,0.2778,16.6626,16.6663,15.9421,0.0009,-1.0000
16.6663,0.0000,72.2234,0.7768,0.3495,16.6639,16.6589,15.8545,0.0010,-1.0000
16.6663,0.0000,72.2399,0.6791,0.2639,16.6694,16.6607,15.8575,0.0012,-1.0000
16.6665,0.0000,72.2567,0.7580,0.2736,16.6654,16.6659,16.1070,0.0008,-1.0000
16.6670,0.0000,72.2734,0.7232,0.2745,16.6710,16.6629,15.8923,0.0007,-1.0000
16.6669,0.0000,72.2901,0.8036,0.2689,16.6634,16.6647,15.9519,0.0010,-1.0000
16.6667,0.0000,72.3067,0.8022,0.2109,16.6635,16.6611,15.7013,0.0013,-1.0000
16.6662,0.0000,72.3233,0.5581,0.2239,16.6697,16.6612,15.9332,0.0011,-1.0000
16.6674,0.0000,72.3400,0.7699,0.2325,16.6659,16.6668,16.0486,0.0009,-1.0000
16.6664,0.0000,72.3567,0.7117,0.2395,16.6686,16.6598,15.8860,0.0008,-1.0000
16.6675,0.0000,72.3734,0.9586,0.1954,16.6653,16.6665,15.9301,0.0010,-1.0000
16.6667,0.0000,72.3901,0.7268,0.2126,16.6649,16.6616,15.8559,0.0008,-1.0000
16.6662,0.0000,72.4067,0.6177,0.2361,16.6706,16.6591,15.8131,0.0011,-1.0000
16.6667,0.0000,72.4234,0.7732,0.1828,16.6639,16.6626,15.8665,0.0011,-1.0000
16.6666,0.0000,72.4400,0.7353,0.2002,16.6713,16.6619,15.8937,0.0010,-1.0000
16.6702,0.0000,72.4569,0.8050,0.2453,16.6665,16.6781,16.0565,0.0009,-1.0000
16.6638,0.0000,72.4735,0.8449,0.2021,16.6635,16.6475,15.5377,0.0011,-1.0000
16.6667,0.0000,72.4901,0.7952,0.2093,16.6663,16.6782,15.7266,0.0011,-1.0000
16.6701,0.0000,72.5068,0.7674,0.2049,16.6658,16.6562,15.7014,0.0010,-1.0000
16.6647,0.0000,72.5235,0.6207,0.3035,16.6862,16.6501,15.5921,0.0011,-1.0000
16.6672,0.0000,72.5401,1.1088,0.2152,16.6538,16.6649,15.6106,0.0011,-1.0000
16.6671,0.0000,72.5568,0.9505,0.2322,16.6834,16.6560,15.6856,0.0011,-1.0000
16.6678,0.0000,72.5735,0.9537,0.2579,16.6636,16.6627,15.5884,0.0009,-1.0000
16.6665,0.0000,72.5902,1.0571,0.2480,16.6567,16.6569,15.5652,0.0011,-1.0000
16.6653,0.0000,72.6068,1.0532,0.2838,16.6720,16.6539,15.6348,0.0008,-1.0000
16.6649,0.0000,72.6234,0.9693,0.2669,16.6634,16.6622,15.7745,0.0012,-1.0000
16.6683,0.0000,72.6400,1.0732,0.3322,16.6702,16.6645,15.9666,0.0009,-1.0000
16.6652,0.0000,72.6567,1.0905,0.2416,16.6653,16.6552,15.8406,0.0008,-1.0000
16.6664,0.0000,72.6733,1.0182,0.2090,16.6598,16.6599,15.9237,0.0009,-1.0000
16.6694,0.0000,72.6901,0.8866,0.2184,16.6653,16.6756,16.0643,0.0009,-1.0000
16.6657,0.0000,72.7068,0.6971,0.2413,16.6700,16.6549,15.6337,0.0011,-1.0000
16.6677,0.0000,72.7235,0.8138,0.2214,16.6598,16.6638,15.7233,0.0011,-1.0000
16.6679,0.0000,72.7401,0.7354,0.1713,16.6636,16.6635,15.6338,0.0013,-1.0000
16.6637,0.0000,72.7568,0.6104,0.2849,16.6810,16.6489,15.6551,0.0010,-1.0000
16.6667,0.0000,72.7734,1.0201,0.2362,16.6623,16.6637,15.7851,0.0009,-1.0000
16.6687,0.0000,72.7901,0.9392,0.2622,16.6703,16.6693,15.8154,0.0010,-1.0000
16.6645,0.0000,72.8067,1.0283,0.2569,16.6705,16.6467,15.7191,0.0008,-1.0000
16.6670,0.0000,72.8234,0.9931,0.2306,16.6544,16.6667,15.9817,0.0009,-1.0000
16.6662,0.0000,72.8400,0.8777,0.2417,16.6685,16.6596,15.8589,0.0007,-1.0000
16.6669,0.0000,72.8567,0.8527,0.2292,16.6757,16.6645,16.0182,0.0008,-1.0000
16.6671,0.0000,72.8734,0.9270,0.2020,16.6512,16.6648,15.9128,0.0012,-1.0000
16.6665,0.0000,72.8900,0.6841,0.2203,16.6706,16.6592,15.7838,0.0009,-1.0000
16.6674,0.0000,72.9068,0.8000,0.2301,16.6632,16.6677,15.9825,0.0010,-1.0000
16.6661,0.0000,72.9234,0.6456,0.1864,16.6685,16.6584,15.7649,0.0011,-1.0000
16.6667,0.0000,72.9400,0.7509,0.2148,16.6698,16.6633,15.9413,0.0010,-1.0000
16.6670,0.0000,72.9568,0.8746,0.1930,16.6629,16.6645,15.9715,0.0011,-1.0000
16.6661,0.0000,72.9734,0.6844,0.1973,16.6725,16.6584,15.8264,0.0012,-1.0000
16.6678,0.0000,72.9901,0.8929,0.2262,16.6621,16.6680,15.9554,0.0009,-1.0000
16.6657,0.0000,73.0067,0.7212,0.2095,16.6672,16.6574,15.7588,0.0009,-1.0000
16.6673,0.0000,73.0234,0.6917,0.2328,16.6692,16.6645,15.9260,0.0008,-1.0000
16.6686,0.0000,73.0400,0.8310,0.2184,16.6628,16.6683,15.9072,0.0008,-1.0000
16.6648,0.0000,73.0568,0.7117,0.2240,16.6729,16.6555,15.6597,0.0010,-1.0000
16.6693,0.0000,73.0735,0.8977,0.2228,16.6620,16.6704,15.7332,0.0015,-1.0000
16.6662,0.0000,73.0901,0.7378,0.2147,16.6682,16.6541,15.6246,0.0010,-1.0000
16.6647,0.0000,73.1067,0.7602,0.2484,16.6742,16.6536,15.7126,0.0012,-1.0000
16.6668,0.0000,73.1234,0.9948,0.2385,16.6614,16.6636,15.9120,0.0008,-1.0000
16.6664,0.0000,73.1400,0.9355,0.2748,16.6768,16.6616,15.9233,0.0006,-1.0000
16.6676,0.0000,73.1568,1.0286,0.2355,16.6612,16.6676,16.0308,0.0009,-1.0000
16.6657,0.0000,73.1734,0.9398,0.2292,16.6578,16.6570,15.8313,0.0008,-1.0000
16.6667,0.0000,73.1900,0.7511,0.1872,16.6678,16.6631,15.9636,0.0010,-1.0000
16.6725,0.0000,73.2068,0.7375,0.1901,16.6648,16.6714,16.0262,0.0007,-1.0000
16.6614,0.0000,73.2234,0.6358,0.2464,16.6724,16.6544,15.8108,0.0007,-1.0000
16.6694,0.0000,73.2401,0.8248,0.1842,16.6614,16.6742,16.0121,0.0009,-1.0000
16.6648,0.0000,73.2568,0.6986,0.1652,16.6665,16.6517,15.7309,0.0009,-1.0000
16.6700,0.0000,73.2735,0.6438,0.2109,16.6754,16.6715,15.8243,0.0008,-1.0000
16.6657,0.0000,73.2902,0.8428,0.1992,16.6580,16.6567,15.5533,0.0010,-1.0000
16.6645,0.0000,73.3068,0.6610,0.2679,16.6804,16.6534,15.3979,0.0010,-1.0000
16.6687,0.0000,73.3235,0.9197,0.2195,16.6566,16.6679,15.6294,0.0010,-1.0000
16.6662,0.0000,73.3401,0.8463,0.2665,16.6785,16.6620,15.7007,0.0009,-1.0000
16.6685,0.0000,73.3568,1.1024,0.3625,16.6633,16.6648,15.6850,0.0011,-1.0000
16.6650,0.0000,73.3735,1.2546,0.3104,16.6575,16.6530,15.5904,0.0010,-1.0000
16.6668,0.0000,73.3901,1.0374,0.2534,16.6727,16.6647,15.6578,0.0014,-1.0000
16.6656,0.0000,73.4067,0.9604,0.2993,16.6676,16.6562,15.6831,0.0007,-1.0000
16.6687,0.0000,73.4235,0.9787,0.2972,16.6714,16.6753,15.8946,0.0010,-1.0000
16.6649,0.0000,73.4400,1.0616,0.2138,16.6591,16.6471,15.6466,0.0010,-1.0000
16.6670,0.0000,73.4568,1.0053,0.2866,16.6706,16.6638,15.9360,0.0009,-1.0000
16.6698,0.0000,73.4736,0.9723,0.2347,16.6600,16.6712,15.8131,0.0011,-1.0000
16.6649,0.0000,73.4902,0.7799,0.2561,16.6813,16.6564,15.6032,0.0012,-1.0000
16.6670,0.0000,73.5068,0.9994,0.2337,16.6517,16.6577,15.6049,0.0012,-1.0000
16.6715,0.0000,73.5238,0.7269,0.2549,16.6685,16.6842,15.6351,0.0010,-1.0000
16.6605,0.0000,73.5400,0.8567,0.2828,16.6781,16.6225,15.1719,0.0010,-1.0000
16.6673,0.0000,73.5568,1.0520,0.2540,16.6631,16.6677,15.9409,0.0008,-1.0000
16.6688,0.0000,73.5735,1.0512,0.2513,16.6639,16.6678,15.7481,0.0008,-1.0000
16.6637,0.0000,73.5900,1.0479,0.2820,16.6960,16.6477,15.5849,0.0010,-1.0000
16.6671,0.0000,73.6067,1.4497,0.2177,16.6299,16.6650,15.9765,0.0010,-1.0000
16.6694,0.0000,73.6236,0.7261,0.2305,16.6729,16.6853,15.9142,0.0009,-1.0000
16.6648,0.0000,73.6401,0.9185,0.2541,16.6738,16.6416,15.5080,0.0011,-1.0000
16.6670,0.0000,73.6568,1.0617,0.2035,16.6523,16.6635,15.8076,0.0012,-1.0000
16.6680,0.0000,73.6735,0.6876,0.1973,16.6688,16.6650,15.7050,0.0008,-1.0000
16.6679,0.0000,73.6902,0.7702,0.2862,16.6909,16.6141,15.5983,0.0009,-1.0000
16.6645,0.0000,73.7068,1.1326,0.2327,16.6467,16.6525,15.5378,0.0012,-1.0000
16.6667,0.0000,73.7235,0.8547,0.2903,16.6685,16.6605,15.7632,0.0009,-1.0000
16.6660,0.0000,73.7400,0.9593,0.2489,16.7199,16.6583,15.6976,0.0008,-1.0000
16.6689,0.0000,73.7569,1.0144,0.2836,16.6216,16.6727,15.8691,0.0010,-1.0000
16.6649,0.0000,73.7735,1.1133,0.2917,16.6590,16.6538,15.4285,0.0013,-1.0000
16.6670,0.0000,73.7901,0.8963,0.2772,16.6654,16.6617,15.8140,0.0008,-1.0000
16.6697,0.0000,73.8069,0.9599,0.2345,16.6625,16.6698,15.7106,0.0008,-1.0000
16.6638,0.0000,73.8234,0.8026,0.2675,16.6789,16.6470,15.5315,0.0012,-1.0000
16.6680,0.0000,73.8401,1.2243,0.2260,16.6599,16.6696,15.8626,0.0014,-1.0000
16.6666,0.0000,73.8568,0.8469,0.2430,16.6667,16.6580,15.7822,0.0006,-1.0000
16.6650,0.0000,73.8734,0.9581,0.2577,16.6765,16.6545,15.6752,0.0012,-1.0000
16.6683,0.0000,73.8902,1.1145,0.2379,16.6520,16.6735,15.9309,0.0008,-1.0000
16.6654,0.0000,73.9067,0.8055,0.2374,16.6752,16.6517,15.6302,0.0010,-1.0000
16.6686,0.0000,73.9235,0.8751,0.2786,16.6638,16.6718,15.9190,0.0011,-1.0000
16.6660,0.0000,73.9400,0.9782,0.2282,16.6592,16.6578,15.6425,0.0009,-1.0000
16.6656,0.0000,73.9567,0.7418,0.2444,16.6791,16.6548,15.7973,0.0009,-1.0000
16.6694,0.0000,73.9735,1.0206,0.1942,16.6560,16.6743,15.9410,0.0013,-1.0000
16.6647,0.0000,73.9901,0.7517,0.2369,16.6774,16.6580,15.6765,0.0008,-1.0000
16.6658,0.0000,74.0067,1.0143,0.2269,16.6629,16.6539,15.7978,0.0009,-1.0000
16.6676,0.0000,74.0234,0.8568,0.1861,16.6585,16.6675,15.9634,0.0008,-1.0000
16.6662,0.0000,74.0400,0.7318,0.2547,16.6801,16.6569,15.8162,0.0006,-1.0000
16.6670,0.0000,74.0568,0.9807,0.2252,16.6628,16.6659,16.0610,0.0010,-1.0000
16.6671,0.0000,74.0735,0.8551,0.2326,16.6576,16.6685,15.8470,0.0007,-1.0000
16.6654,0.0000,74.0900,0.7033,0.2121,16.6726,16.6517,15.8071,0.0010,-1.0000
16.6681,0.0000,74.1068,0.8401,0.2179,16.6604,16.6719,16.0519,0.0008,-1.0000
16.6658,0.0000,74.1234,0.6039,0.2301,16.6703,16.6563,15.7936,0.0007,-1.0000
16.6676,0.0000,74.1400,0.8207,0.2209,16.6721,16.6666,15.9820,0.0010,-1.0000
16.6660,0.0000,74.1568,0.8437,0.1862,16.6554,16.6593,15.8585,0.0009,-1.0000
16.6663,0.0000,74.1734,0.6192,0.2187,16.6764,16.6601,15.8520,0.0009,-1.0000
16.6680,0.0000,74.1901,0.8620,0.2172,16.6603,16.6710,16.0395,0.0008,-1.0000
16.6659,0.0000,74.2067,0.6837,0.2099,16.6711,16.6560,15.8086,0.0011,-1.0000
16.6667,0.0000,74.2234,0.8000,0.2213,16.6638,16.6659,15.9917,0.0012,-1.0000
16.6665,0.0000,74.2400,0.8071,0.1795,16.6629,16.6601,15.8560,0.0008,-1.0000
16.6665,0.0000,74.2567,0.6307,0.2305,16.6753,16.6624,15.9783,0.0010,-1.0000
16.6684,0.0000,74.2735,0.8462,0.2087,16.6597,16.6688,16.0077,0.0008,-1.0000
16.6650,0.0000,74.2900,0.6730,0.2082,16.6703,16.6572,15.7656,0.0011,-1.0000
16.6684,0.0000,74.3068,0.8034,0.2100,16.6634,16.6675,16.0275,0.0009,-1.0000
16.6660,0.0000,74.3234,0.6833,0.2231,16.6657,16.6582,15.7869,0.0008,-1.0000
16.6667,0.0000,74.3400,0.6602,0.2260,16.6729,16.6651,15.9435,0.0010,-1.0000
16.6668,0.0000,74.3568,0.8905,0.2021,16.6609,16.6628,15.9905,0.0008,-1.0000
16.6676,0.0000,74.3735,0.6389,0.2550,16.6728,16.6646,15.8148,0.0011,-1.0000
16.6658,0.0000,74.3901,0.8704,0.2117,16.6622,16.6604,15.7575,0.0009,-1.0000
16.6667,0.0000,74.4068,0.7205,0.2010,16.6693,16.6591,15.8232,0.0008,-1.0000
16.6662,0.0000,74.4234,0.6716,0.2232,16.6672,16.6613,15.8493,0.0011,-1.0000
16.6674,0.0000,74.4400,0.8488,0.2323,16.6698,16.6647,15.9334,0.0008,-1.0000
16.6659,0.0000,74.4567,0.9019,0.2652,16.6657,16.6594,15.8885,0.0007,-1.0000
16.6677,0.0000,74.4734,0.8350,0.2169,16.6637,16.6682,15.9315,0.0010,-1.0000
16.6664,0.0000,74.4901,0.8110,0.2460,16.6651,16.6595,15.7212,0.0010,-1.0000
16.6665,0.0000,74.5067,0.7305,0.2408,16.6689,16.6633,15.8489,0.0010,-1.0000
16.6668,0.0000,74.5235,0.7699,0.2093,16.6629,16.6630,15.8505,0.0010,-1.0000
16.6665,0.0000,74.5400,0.7357,0.2265,16.6724,16.6599,15.7529,0.0008,-1.0000
16.6691,0.0000,74.5569,0.9373,0.2565,16.6629,16.6722,15.9750,0.0008,-1.0000
16.6643,0.0000,74.5734,0.8135,0.2156,16.6679,16.6520,15.5387,0.0011,-1.0000
16.6664,0.0000,74.5900,0.8116,0.2424,16.6676,16.6604,15.8809,0.0008,-1.0000
16.6678,0.0000,74.6068,0.9062,0.2162,16.6639,16.6688,16.0110,0.0008,-1.0000
16.6658,0.0000,74.6234,0.6962,0.2751,16.6782,16.6555,15.7209,0.0009,-1.0000
16.6689,0.0000,74.6401,1.1123,0.2448,16.6570,16.6709,15.9694,0.0010,-1.0000
16.6659,0.0000,74.6568,0.7788,0.2104,16.6638,16.6580,15.7632,0.0010,-1.0000
16.6656,0.0000,74.6734,0.6571,0.2403,16.6739,16.6670,15.7383,0.0009,-1.0000
16.6669,0.0000,74.6901,0.9337,0.2113,16.6595,16.6565,15.9455,0.0011,-1.0000
16.6666,0.0000,74.7067,0.7005,0.2506,16.6765,16.6580,15.7283,0.0015,-1.0000
16.6675,0.0000,74.7234,0.8937,0.2508,16.6633,16.6675,15.9656,0.0010,-1.0000
16.6662,0.0000,74.7400,0.9280,0.1986,16.6712,16.6591,15.8466,0.0010,-1.0000
16.6663,0.0000,74.7568,0.7100,0.2259,16.6613,16.6619,15.8936,0.0011,-1.0000
16.6688,0.0000,74.7735,0.9283,0.2209,16.6615,16.6692,15.8740,0.0008,-1.0000
16.6647,0.0000,74.7900,0.7010,0.2185,16.6720,16.6530,15.5225,0.0010,-1.0000
16.6669,0.0000,74.8067,0.8115,0.2342,16.6635,16.6639,15.9988,0.0010,-1.0000
16.6671,0.0000,74.8234,0.7673,0.2196,16.6666,16.6650,15.9672,0.0008,-1.0000
16.6661,0.0000,74.8400,0.7944,0.2285,16.6756,16.6585,15.8226,0.0010,-1.0000
16.6673,0.0000,74.8568,1.1294,0.2258,16.6570,16.6674,16.0031,0.0010,-1.0000
16.6660,0.0000,74.8734,0.6640,0.2311,16.6679,16.6562,15.7264,0.0011,-1.0000
16.6671,0.0000,74.8901,0.6971,0.2228,16.6698,16.6655,15.9727,0.0011,-1.0000
16.6672,0.0000,74.9068,0.8349,0.1915,16.6620,16.6638,15.8618,0.0008,-1.0000
16.6657,0.0000,74.9234,0.6635,0.2103,16.6728,16.6578,15.8241,0.0011,-1.0000
16.6670,0.0000,74.9400,0.9287,0.1899,16.6599,16.6666,16.0292,0.0010,-1.0000
16.6667,0.0000,74.9567,0.6919,0.2338,16.6696,16.6598,15.9506,0.0007,-1.0000
16.6668,0.0000,74.9734,0.8011,0.2091,16.6683,16.6634,16.0088,0.0011,-1.0000
16.6673,0.0000,74.9901,0.8326,0.1899,16.6613,16.6658,15.9497,0.0007,-1.0000
16.6661,0.0000,75.0067,0.6367,0.2253,16.6708,16.6589,15.8380,0.0008,-1.0000
16.6679,0.0000,75.0235,0.7084,0.1732,16.6632,16.6688,16.0412,0.0007,-1.0000
16.6662,0.0000,75.0400,0.6535,0.1827,16.6672,16.6602,15.7638,0.0008,-1.0000
16.6664,0.0000,75.0568,0.7154,0.2127,16.6702,16.6629,15.9577,0.0010,-1.0000
16.6670,0.0000,75.0734,0.8202,0.1833,16.6629,16.6619,15.7738,0.0008,-1.0000
16.6661,0.0000,75.0900,0.6268,0.2227,16.6727,16.6604,15.9190,0.0007,-1.0000
16.6674,0.0000,75.1068,0.8955,0.2214,16.6644,16.6658,16.0675,0.0008,-1.0000
16.6665,0.0000,75.1234,0.7045,0.2201,16.6674,16.6600,15.7825,0.0010,-1.0000
16.6673,0.0000,75.1400,0.8874,0.2088,16.6661,16.6661,15.9525,0.0010,-1.0000
16.6664,0.0000,75.1568,0.7408,0.1794,16.6638,16.6605,15.9113,0.0006,-1.0000
16.6667,0.0000,75.1734,0.5977,0.2119,16.6701,16.6630,15.8722,0.0009,-1.0000
16.6666,0.0000,75.1901,0.8764,0.2012,16.6638,16.6633,15.9645,0.0009,-1.0000
16.6661,0.0000,75.2067,0.7127,0.2036,16.6705,16.6588,15.8257,0.0010,-1.0000
16.6674,0.0000,75.2235,0.7486,0.2066,16.6644,16.6671,16.0161,0.0009,-1.0000
16.6664,0.0000,75.2400,0.7900,0.1920,16.6666,16.6586,15.8081,0.0008,-1.0000
16.6666,0.0000,75.2568,0.6981,0.2155,16.6681,16.6643,16.0277,0.0010,-1.0000
16.6672,0.0000,75.2735,0.8323,0.2067,16.6623,16.6650,15.7631,0.0010,-1.0000
16.6661,0.0000,75.2901,0.6502,0.2069,16.6716,16.6596,15.7794,0.0008,-1.0000
16.6676,0.0000,75.3068,0.8499,0.2142,16.6625,16.6658,15.9212,0.0010,-1.0000
16.6657,0.0000,75.3234,0.6355,0.2659,16.6686,16.6594,15.8795,0.0007,-1.0000
16.6673,0.0000,75.3400,0.9009,0.2127,16.6689,16.6648,15.9622,0.0009,-1.0000
16.6667,0.0000,75.3568,0.8795,0.2049,16.6636,16.6631,15.9439,0.0008,-1.0000
16.6664,0.0000,75.3734,0.7435,0.1919,16.6704,16.6584,15.8351,0.0008,-1.0000
16.6670,0.0000,75.3901,0.7796,0.2052,16.6634,16.6652,16.0183,0.0008,-1.0000
16.6666,0.0000,75.4068,0.7018,0.2043,16.6691,16.6636,15.8747,0.0009,-1.0000
16.6672,0.0000,75.4234,0.7185,0.2299,16.6678,16.6642,15.8797,0.0011,-1.0000
16.6664,0.0000,75.4400,0.8225,0.1850,16.6618,16.6600,15.8724,0.0009,-1.0000
16.6668,0.0000,75.4568,0.6462,0.2299,16.6692,16.6628,15.9666,0.0010,-1.0000
16.6662,0.0000,75.4734,0.7882,0.2004,16.6677,16.6618,15.9030,0.0010,-1.0000
16.6681,0.0000,75.4901,0.7832,0.1972,16.6690,16.6665,15.6461,0.0009,-1.0000
16.6664,0.0000,75.5068,0.7864,0.2276,16.6638,16.6609,15.8336,0.0009,-1.0000
16.6658,0.0000,75.5234,0.6950,0.2024,16.6668,16.6586,15.7805,0.0008,-1.0000
16.6674,0.0000,75.5400,0.7577,0.2083,16.6660,16.6640,15.7724,0.0008,-1.0000
16.6674,0.0000,75.5568,1.0197,0.2073,16.6712,16.6641,15.9061,0.0008,-1.0000
16.6656,0.0000,75.5734,0.8266,0.2082,16.6663,16.6587,15.6813,0.0008,-1.0000
16.6668,0.0000,75.5901,0.8772,0.2465,16.6627,16.6621,15.8496,0.0008,-1.0000
16.6678,0.0000,75.6068,0.8910,0.1996,16.6688,16.6678,15.8952,0.0009,-1.0000
16.6654,0.0000,75.6234,0.7572,0.2202,16.6693,16.6557,15.7566,0.0008,-1.0000
16.6670,0.0000,75.6401,0.9767,0.2098,16.6631,16.6677,16.0031,0.0010,-1.0000
16.6666,0.0000,75.6568,0.8118,0.1976,16.6664,16.6592,15.8816,0.0009,-1.0000
16.6667,0.0000,75.6734,0.7718,0.2331,16.6719,16.6632,15.8997,0.0009,-1.0000
16.6674,0.0000,75.6901,0.8983,0.2097,16.6588,16.6653,15.9561,0.0008,-1.0000
16.6660,0.0000,75.7067,0.6636,0.1907,16.6724,16.6594,15.8449,0.0009,-1.0000
16.6673,0.0000,75.7235,0.7765,0.2037,16.6629,16.6654,16.0145,0.0009,-1.0000
16.6660,0.0000,75.7400,0.7628,0.1876,16.6667,16.6591,15.8379,0.0009,-1.0000
16.6673,0.0000,75.7568,0.7083,0.2027,16.6695,16.6651,15.9517,0.0012,-1.0000
16.6663,0.0000,75.7734,0.8136,0.2018,16.6629,16.6608,15.8903,0.0008,-1.0000
16.6663,0.0000,75.7900,0.6503,0.2088,16.6706,16.6606,15.9218,0.0010,-1.0000
16.6672,0.0000,75.8068,0.8205,0.2136,16.6627,16.6662,16.0492,0.0008,-1.0000
16.6663,0.0000,75.8234,0.7123,0.2310,16.6694,16.6611,15.8492,0.0009,-1.0000
16.6683,0.0000,75.8401,0.7696,0.2016,16.6650,16.6706,15.9829,0.0009,-1.0000
16.6656,0.0000,75.8568,0.7378,0.1779,16.6640,16.6553,15.7710,0.0010,-1.0000
16.6660,0.0000,75.8734,0.6160,0.2334,16.6701,16.6606,15.9293,0.0013,-1.0000
16.6675,0.0000,75.8901,0.8112,0.1987,16.6644,16.6670,16.0380,0.0009,-1.0000
16.6665,0.0000,75.9067,0.6867,0.2157,16.6754,16.6608,15.8450,0.0009,-1.0000
16.6676,0.0000,75.9234,0.8834,0.2168,16.6598,16.6660,15.9426,0.0011,-1.0000
16.6663,0.0000,75.9400,0.7302,0.1788,16.6645,16.6604,15.8575,0.0007,-1.0000
16.6669,0.0000,75.9568,0.6279,0.2342,16.6705,16.6641,16.0138,0.0008,-1.0000
16.6679,0.0000,75.9735,0.8149,0.1958,16.6648,16.6667,15.8613,0.0014,-1.0000
16.6649,0.0000,75.9901,0.7222,0.1986,16.6706,16.6531,15.5860,0.0009,-1.0000
16.6692,0.0000,76.0068,0.8020,0.2165,16.6644,16.6720,15.9481,0.0010,-1.0000
16.6647,0.0000,76.0234,0.6497,0.1955,16.6689,16.6523,15.6971,0.0010,-1.0000
16.6666,0.0000,76.0400,0.8039,0.2418,16.6725,16.6622,15.9147,0.0009,-1.0000
16.6671,0.0000,76.0568,1.0663,0.2168,16.6568,16.6648,15.9737,0.0008,-1.0000
16.6661,0.0000,76.0734,0.7228,0.2402,16.6767,16.6606,15.8387,0.0008,-1.0000
16.6673,0.0000,76.0901,0.9540,0.2251,16.6578,16.6679,15.9940,0.0010,-1.0000
16.6663,0.0000,76.1067,0.7466,0.1916,16.6658,16.6606,15.8332,0.0007,-1.0000
16.6669,0.0000,76.1234,0.6901,0.2120,16.6687,16.6623,15.9353,0.0009,-1.0000
16.6666,0.0000,76.1400,0.8210,0.2278,16.6637,16.6617,15.9153,0.0007,-1.0000
16.6670,0.0000,76.1568,0.6728,0.1973,16.6726,16.6647,15.9418,0.0008,-1.0000
16.6660,0.0000,76.1734,0.8266,0.2078,16.6642,16.6597,15.8098,0.0012,-1.0000
16.6674,0.0000,76.1901,0.7262,0.1957,16.6666,16.6648,15.9823,0.0008,-1.0000
16.6675,0.0000,76.2068,0.7456,0.2114,16.6652,16.6659,15.9208,0.0012,-1.0000
16.6657,0.0000,76.2234,0.7220,0.2049,16.6684,16.6570,15.8258,0.0010,-1.0000
16.6671,0.0000,76.2400,0.8486,0.1766,16.6635,16.6655,15.9237,0.0010,-1.0000
16.6665,0.0000,76.2568,0.6816,0.2123,16.6682,16.6620,15.9484,0.0011,-1.0000
16.6669,0.0000,76.2734,0.7441,0.2092,16.6713,16.6626,15.8815,0.0009,-1.0000
16.6683,0.0000,76.2902,0.8303,0.2120,16.6609,16.6678,15.9059,0.0006,-1.0000
16.6656,0.0000,76.3068,0.7410,0.1974,16.6691,16.6572,15.7360,0.0010,-1.0000
16.6660,0.0000,76.3234,0.7124,0.2340,16.6661,16.6596,15.8871,0.0010,-1.0000
16.6677,0.0000,76.3400,0.7804,0.1977,16.6664,16.6670,16.0473,0.0008,-1.0000
16.6662,0.0000,76.3567,0.7611,0.2023,16.6736,16.6595,15.9404,0.0007,-1.0000
16.6677,0.0000,76.3735,0.9201,0.2193,16.6615,16.6690,15.9951,0.0009,-1.0000
16.6662,0.0000,76.3904,0.7715,0.2247,16.6633,16.6587,15.8003,0.0011,-1.0000
16.6670,0.0000,76.4068,0.6190,0.2002,16.6715,16.6630,15.5896,0.0011,-1.0000
16.6671,0.0000,76.4234,0.7183,0.1979,16.6632,16.6616,15.8784,0.0009,-1.0000
16.6658,0.0000,76.4400,0.6728,0.2048,16.6739,16.6606,15.9000,0.0011,-1.0000
16.6681,0.0000,76.4568,0.8574,0.3139,16.6622,16.6691,16.0764,0.0009,-1.0000
16.6659,0.0000,76.4734,1.0724,0.2726,16.6674,16.6572,15.7970,0.0010,-1.0000
16.6671,0.0000,76.4901,0.7823,0.2552,16.6657,16.6656,15.8472,0.0011,-1.0000
16.6671,0.0000,76.5068,0.7597,0.2093,16.6640,16.6635,15.7737,0.0009,-1.0000
16.6657,0.0000,76.5234,0.5921,0.2303,16.6740,16.6563,15.7179,0.0011,-1.0000
16.6682,0.0000,76.5401,0.8592,0.2426,16.6617,16.6696,15.8705,0.0009,-1.0000
16.6658,0.0000,76.5568,0.8174,0.2828,16.6703,16.6570,15.7633,0.0007,-1.0000
16.6664,0.0000,76.5734,0.8890,0.2695,16.6683,16.6626,15.7258,0.0008,-1.0000
16.6789,0.0000,76.5901,0.9372,0.2642,16.6609,16.6751,15.9083,0.0008,-1.0000
16.6661,0.0000,76.6067,0.7982,0.2781,16.6745,16.6660,15.8874,0.0009,-1.0000
16.6677,0.0000,76.6235,0.8930,0.2426,16.6609,16.6622,15.9069,0.0010,-1.0000
16.6664,0.0000,76.6400,0.9360,0.2275,16.6667,16.6602,15.8172,0.0008,-1.0000
16.6664,0.0000,76.6568,0.7662,0.2158,16.6793,16.6592,15.9060,0.0010,-1.0000
16.6667,0.0000,76.6734,0.7778,0.2305,16.6693,16.6616,15.8476,0.0011,-1.0000
16.6668,0.0000,76.6901,0.7545,0.2517,16.6670,16.6632,15.9550,0.0007,-1.0000
16.6667,0.0000,76.7068,0.8423,0.2176,16.6655,16.6665,15.9455,0.0012,-1.0000
16.6663,0.0000,76.7234,0.7524,0.1949,16.6634,16.6581,15.8359,0.0009,-1.0000
16.6670,0.0000,76.7400,0.8129,0.1862,16.6656,16.6650,15.9698,0.0008,-1.0000
16.6672,0.0000,76.7568,0.7075,0.2002,16.6666,16.6638,15.9105,0.0011,-1.0000
16.6660,0.0000,76.7734,0.7199,0.2072,16.6711,16.6582,15.8315,0.0009,-1.0000
16.6683,0.0000,76.7901,0.8214,0.2127,16.6616,16.6714,16.0435,0.0009,-1.0000
16.6658,0.0000,76.8068,0.6945,0.1895,16.6688,16.6562,15.7537,0.0009,-1.0000
16.6663,0.0000,76.8234,0.7523,0.2115,16.6689,16.6638,15.9412,0.0010,-1.0000
16.6672,0.0000,76.8400,0.8259,0.1765,16.6610,16.6632,15.9320,0.0009,-1.0000
16.6663,0.0000,76.8568,0.6271,0.2004,16.6757,16.6616,15.9417,0.0008,-1.0000
16.6671,0.0000,76.8734,0.9016,0.2211,16.6600,16.6639,15.9698,0.0008,-1.0000
16.6664,0.0000,76.8901,0.7218,0.1869,16.6681,16.6606,15.8793,0.0008,-1.0000
16.6672,0.0000,76.9068,0.7303,0.2079,16.6674,16.6674,15.9822,0.0009,-1.0000
16.6660,0.0000,76.9234,0.7191,0.2252,16.6653,16.6577,15.7907,0.0011,-1.0000
16.6668,0.0000,76.9400,0.6933,0.2165,16.6682,16.6629,15.9200,0.0009,-1.0000
16.6676,0.0000,76.9568,0.7806,0.2166,16.6645,16.6664,16.0500,0.0008,-1.0000
16.6658,0.0000,76.9734,0.6843,0.2253,16.6722,16.6579,15.7988,0.0010,-1.0000
16.6679,0.0000,76.9901,0.8658,0.2198,16.6621,16.6677,16.0040,0.0010,-1.0000
16.6661,0.0000,77.0068,0.7422,0.1986,16.6671,16.6585,15.8244,0.0007,-1.0000
16.6666,0.0000,77.0234,0.6157,0.2226,16.6709,16.6623,15.9149,0.0010,-1.0000
16.6692,0.0000,77.0401,0.8583,0.1904,16.6614,16.6745,15.9774,0.0008,-1.0000
16.6646,0.0000,77.0568,0.6625,0.2301,16.6726,16.6511,15.6606,0.0009,-1.0000
16.6672,0.0000,77.0735,0.8332,0.2115,16.6622,16.6653,15.8690,0.0011,-1.0000
16.6662,0.0000,77.0901,0.7463,0.1971,16.6657,16.6584,15.8351,0.0007,-1.0000
16.6678,0.0000,77.1068,0.6963,0.4120,16.6800,16.6676,15.9341,0.0010,-1.0000
16.6656,0.0000,77.1234,0.9894,0.3438,16.6556,16.6622,15.8184,0.0011,-1.0000
16.6665,0.0000,77.1400,0.7950,0.1981,16.6695,16.6578,15.8862,0.0010,-1.0000
16.6677,0.0000,77.1569,0.8226,0.2302,16.6620,16.6692,16.0431,0.0009,-1.0000
16.6656,0.0000,77.1734,0.7326,0.2040,16.6716,16.6558,15.5940,0.0015,-1.0000
16.6673,0.0000,77.1901,0.8426,0.2304,16.6665,16.6669,15.9808,0.0008,-1.0000
16.6671,0.0000,77.2068,0.7706,0.1954,16.6610,16.6627,15.8809,0.0011,-1.0000
16.6658,0.0000,77.2234,0.6253,0.2244,16.6744,16.6574,15.8305,0.0010,-1.0000
16.6679,0.0000,77.2401,1.0603,0.1982,16.6593,16.6679,16.0116,0.0009,-1.0000
16.6657,0.0000,77.2568,0.6853,0.1960,16.6711,16.6582,15.8716,0.0007,-1.0000
16.6673,0.0000,77.2734,0.7806,0.2183,16.6665,16.6674,15.9744,0.0009,-1.0000
16.6666,0.0000,77.2901,0.8260,0.1920,16.6613,16.6612,15.8852,0.0009,-1.0000
16.6661,0.0000,77.3067,0.6558,0.2013,16.6724,16.6593,15.8200,0.0011,-1.0000
16.6675,0.0000,77.3235,0.7860,0.2024,16.6620,16.6682,16.0163,0.0008,-1.0000
16.6662,0.0000,77.3400,0.6923,0.2357,16.6718,16.6570,15.7970,0.0010,-1.0000
16.6676,0.0000,77.3568,0.7751,0.2280,16.6654,16.6693,16.0828,0.0009,-1.0000
16.6664,0.0000,77.3734,0.8383,0.2236,16.6625,16.6608,15.8510,0.0007,-1.0000
16.6663,0.0000,77.3901,0.6511,0.2447,16.6723,16.6622,15.8631,0.0011,-1.0000
16.6680,0.0000,77.4068,0.8590,0.1899,16.6603,16.6666,15.8368,0.0014,-1.0000
16.6652,0.0000,77.4234,0.5855,0.1972,16.6733,16.6543,15.7529,0.0010,-1.0000
16.6674,0.0000,77.4400,0.8089,0.2108,16.6649,16.6678,16.0265,0.0010,-1.0000
16.6666,0.0000,77.4568,0.7981,0.2053,16.6659,16.6612,15.9068,0.0008,-1.0000
16.6666,0.0000,77.4734,0.8284,0.2181,16.6710,16.6627,15.9100,0.0010,-1.0000
16.6678,0.0000,77.4902,0.9005,0.1927,16.6583,16.6659,15.9530,0.0009,-1.0000
16.6664,0.0000,77.5068,0.6402,0.2079,16.6726,16.6608,15.6569,0.0011,-1.0000
16.6676,0.0000,77.5235,0.7537,0.1981,16.6647,16.6672,15.8250,0.0009,-1.0000
16.6678,0.0000,77.5401,0.7518,0.2307,16.6663,16.6633,15.5110,0.0009,-1.0000
16.6656,0.0000,77.5570,0.7119,0.2576,16.6708,16.6600,15.4241,0.0009,-1.0000
16.6664,0.0000,77.5735,1.0029,0.2327,16.6657,16.6567,15.4209,0.0012,-1.0000
16.6664,0.0000,77.5901,0.8413,0.5460,16.6727,16.6597,15.6596,0.0010,-1.0000
16.6668,0.0000,77.6068,1.1509,0.4144,16.6687,16.6631,15.7883,0.0008,-1.0000
16.6679,0.0000,77.6235,1.2352,0.3103,16.6668,16.6643,15.7327,0.0011,-1.0000
16.6654,0.0000,77.6401,1.2345,0.2420,16.6620,16.6562,15.6407,0.0009,-1.0000
16.6673,0.0000,77.6568,0.9989,0.2568,16.6645,16.6674,15.8485,0.0010,-1.0000
16.6662,0.0000,77.6735,0.8740,0.2519,16.6684,16.6592,15.7362,0.0010,-1.0000
16.6663,0.0000,77.6901,0.9303,0.2665,16.6694,16.6581,15.7074,0.0009,-1.0000
16.6684,0.0000,77.7068,1.0146,0.2294,16.6610,16.6699,15.8724,0.0011,-1.0000
16.6652,0.0000,77.7234,0.8179,0.2346,16.6721,16.6536,15.6958,0.0011,-1.0000
16.6700,0.0000,77.7401,0.9221,0.2458,16.6647,16.6767,15.8904,0.0009,-1.0000
16.6664,0.0000,77.7569,0.9498,0.2275,16.6621,16.6577,15.6409,0.0010,-1.0000
16.6640,0.0000,77.7734,0.7963,0.2491,16.6749,16.6535,15.4956,0.0010,-1.0000
16.6679,0.0000,77.7901,0.9569,0.2666,16.6582,16.6604,15.8909,0.0009,-1.0000
16.6679,0.0000,77.8069,0.7854,0.2515,16.6826,16.6802,15.6781,0.0011,-1.0000
16.6676,0.0000,77.8235,1.0157,0.2655,16.6664,16.6445,15.4565,0.0010,-1.0000
16.6644,0.0000,77.8401,1.1570,0.2611,16.6591,16.6551,15.5421,0.0012,-1.0000
16.6656,0.0000,77.8568,0.7684,0.3446,16.6654,16.6580,15.7788,0.0009,-1.0000
16.6668,0.0000,77.8734,1.0012,0.2838,16.6870,16.6617,15.7901,0.0009,-1.0000
16.6693,0.0000,77.8902,1.1867,0.2794,16.6521,16.6708,15.8212,0.0008,-1.0000
16.6643,0.0000,77.9068,1.1119,0.2535,16.6612,16.6524,15.6248,0.0010,-1.0000
16.6675,0.0000,77.9235,0.8782,0.2523,16.6626,16.6642,15.7455,0.0008,-1.0000
16.6684,0.0000,77.9401,0.8706,0.2252,16.6659,16.6663,15.7480,0.0009,-1.0000
16.6643,0.0000,77.9568,0.8487,0.2651,16.6761,16.6520,15.7269,0.0008,-1.0000
16.6688,0.0000,77.9735,1.0267,0.2722,16.6576,16.6719,15.8822,0.0009,-1.0000
16.6655,0.0000,77.9901,0.9177,0.2463,16.6690,16.6546,15.6869,0.0008,-1.0000
16.6664,0.0000,78.0067,0.9173,0.2769,16.6719,16.6619,15.8742,0.0008,-1.0000
16.6683,0.0000,78.0235,0.9244,0.2445,16.6563,16.6724,15.9007,0.0008,-1.0000
16.6657,0.0000,78.0401,0.7887,0.2437,16.6772,16.6517,15.5100,0.0009,-1.0000
16.6672,0.0000,78.0569,0.9667,0.2251,16.6598,16.6658,15.8553,0.0010,-1.0000
16.6673,0.0000,78.0735,0.7869,0.2211,16.6655,16.6616,15.6381,0.0009,-1.0000
16.6649,0.0000,78.0900,0.7709,0.2880,16.6792,16.6518,15.6610,0.0008,-1.0000
16.6695,0.0000,78.1069,1.1408,0.2368,16.6569,16.6746,15.9971,0.0009,-1.0000
16.6647,0.0000,78.1235,0.8098,0.2515,16.6711,16.6523,15.6279,0.0011,-1.0000
16.6660,0.0000,78.1401,1.0229,0.2567,16.6678,16.6639,15.8663,0.0010,-1.0000
16.6683,0.0000,78.1569,0.9900,0.2135,16.6553,16.6669,15.9792,0.0010,-1.0000
16.6649,0.0000,78.1734,0.6765,0.2490,16.6805,16.6537,15.6480,0.0011,-1.0000
16.6670,0.0000,78.1901,1.0233,0.2210,16.6574,16.6651,15.9927,0.0010,-1.0000
16.6664,0.0000,78.2068,0.7965,0.1915,16.6677,16.6607,15.8168,0.0008,-1.0000
16.6667,0.0000,78.2234,0.6867,0.2006,16.6718,16.6623,15.9184,0.0010,-1.0000
16.6679,0.0000,78.2401,1.0044,0.1752,16.6577,16.6693,15.9839,0.0008,-1.0000
16.6658,0.0000,78.2567,0.6714,0.2116,16.6696,16.6557,15.8379,0.0010,-1.0000
16.6675,0.0000,78.2735,0.8433,0.1933,16.6645,16.6670,15.9765,0.0010,-1.0000
16.6666,0.0000,78.2901,0.7428,0.1732,16.6655,16.6606,15.8418,0.0009,-1.0000
16.6664,0.0000,78.3068,0.6846,0.2048,16.6741,16.6612,15.8401,0.0009,-1.0000
16.6672,0.0000,78.3235,0.8166,0.1797,16.6599,16.6641,15.9260,0.0009,-1.0000
16.6658,0.0000,78.3400,0.6895,0.1851,16.6719,16.6586,15.8587,0.0007,-1.0000
16.6684,0.0000,78.3568,0.8177,0.2073,16.6653,16.6709,16.0691,0.0009,-1.0000
16.6651,0.0000,78.3734,0.8202,0.1839,16.6652,16.6546,15.6340,0.0012,-1.0000
16.6669,0.0000,78.3901,0.7372,0.1943,16.6683,16.6649,15.9554,0.0010,-1.0000
16.6674,0.0000,78.4068,0.7992,0.1763,16.6619,16.6639,15.8339,0.0011,-1.0000
16.6660,0.0000,78.4234,0.6009,0.2421,16.6756,16.6590,15.7112,0.0010,-1.0000
16.6676,0.0000,78.4401,1.0193,0.1873,16.6584,16.6687,16.0302,0.0011,-1.0000
16.6661,0.0000,78.4568,0.7087,0.1899,16.6694,16.6570,15.8685,0.0008,-1.0000
16.6670,0.0000,78.4735,0.8288,0.2230,16.6689,16.6643,15.9294,0.0010,-1.0000
16.6670,0.0000,78.4901,0.9469,0.1739,16.6622,16.6642,15.8321,0.0010,-1.0000
16.6661,0.0000,78.5068,0.6372,0.1995,16.6739,16.6585,15.7944,0.0011,-1.0000
16.6677,0.0000,78.5235,0.7877,0.1845,16.6610,16.6676,15.8931,0.0010,-1.0000
16.6656,0.0000,78.5400,0.7340,0.2010,16.6688,16.6641,15.7290,0.0008,-1.0000
16.6667,0.0000,78.5568,0.8312,0.2258,16.6689,16.6564,15.8823,0.0013,-1.0000
16.6673,0.0000,78.5734,0.8630,0.1964,16.6622,16.6633,15.8806,0.0008,-1.0000
16.6672,0.0000,78.5902,0.7736,0.2038,16.6722,16.6721,15.8750,0.0008,-1.0000
16.6657,0.0000,78.6068,0.9344,0.2252,16.6679,16.6493,15.6804,0.0010,-1.0000
16.6669,0.0000,78.6234,0.7729,0.1881,16.6611,16.6642,15.9306,0.0011,-1.0000
16.6666,0.0000,78.6400,0.7819,0.2110,16.6682,16.6609,15.8991,0.0008,-1.0000
16.6684,0.0000,78.6569,0.7964,0.2593,16.6777,16.6694,15.9876,0.0009,-1.0000
16.6653,0.0000,78.6735,0.9679,0.1803,16.6531,16.6558,15.6723,0.0011,-1.0000
16.6668,0.0000,78.6901,0.7325,0.2118,16.6689,16.6613,15.8546,0.0010,-1.0000
16.6675,0.0000,78.7068,0.7611,0.2127,16.6646,16.6660,16.0063,0.0011,-1.0000
16.6657,0.0000,78.7234,0.6811,0.2063,16.6749,16.6573,15.8040,0.0011,-1.0000
16.6675,0.0000,78.7400,0.9824,0.2089,16.6610,16.6660,15.9921,0.0009,-1.0000
16.6660,0.0000,78.7568,0.8056,0.1790,16.6649,16.6594,15.8894,0.0007,-1.0000
16.6674,0.0000,78.7734,0.6588,0.1932,16.6707,16.6654,15.9503,0.0010,-1.0000
16.6663,0.0000,78.7901,0.8523,0.1945,16.6612,16.6613,15.9970,0.0008,-1.0000
16.6665,0.0000,78.8068,0.6730,0.2021,16.6704,16.6610,15.8218,0.0010,-1.0000
16.6672,0.0000,78.8235,0.7696,0.1950,16.6634,16.6670,15.9116,0.0010,-1.0000
16.6667,0.0000,78.8400,0.7140,0.1987,16.6690,16.6595,15.8511,0.0009,-1.0000
16.6662,0.0000,78.8568,0.6635,0.2088,16.6665,16.6622,15.9623,0.0010,-1.0000
16.6673,0.0000,78.8735,0.8382,0.1966,16.6643,16.6645,15.9679,0.0008,-1.0000
16.6667,0.0000,78.8901,0.7545,0.2242,16.6714,16.6617,15.9274,0.0007,-1.0000
16.6667,0.0000,78.9068,0.8077,0.1818,16.6638,16.6634,15.9746,0.0010,-1.0000
16.6663,0.0000,78.9234,0.6990,0.1809,16.6658,16.6603,15.8120,0.0011,-1.0000
16.6669,0.0000,78.9400,0.6958,0.1690,16.6684,16.6641,15.9964,0.0010,-1.0000
16.6672,0.0000,78.9568,0.7335,0.1917,16.6654,16.6648,15.9760,0.0010,-1.0000
16.6664,0.0000,78.9735,0.6878,0.2227,16.6678,16.6613,15.8756,0.0009,-1.0000
16.6670,0.0000,78.9901,0.8473,0.1894,16.6640,16.6654,15.9229,0.0012,-1.0000
16.6665,0.0000,79.0068,0.6668,0.1848,16.6676,16.6593,15.8071,0.0009,-1.0000
16.6662,0.0000,79.0234,0.6878,0.2151,16.6693,16.6617,15.9337,0.0008,-1.0000
16.6693,0.0000,79.0401,0.7849,0.1785,16.6650,16.6732,15.9609,0.0007,-1.0000
16.6644,0.0000,79.0568,0.7417,0.2221,16.6705,16.6522,15.6935,0.0010,-1.0000
16.6673,0.0000,79.0735,0.8513,0.1865,16.6629,16.6677,15.9240,0.0009,-1.0000
16.6665,0.0000,79.0901,0.7271,0.1750,16.6648,16.6577,15.8216,0.0011,-1.0000
16.6676,0.0000,79.1068,0.7115,0.2337,16.6786,16.6683,15.9727,0.0010,-1.0000
16.6659,0.0000,79.1234,0.9579,0.2019,16.6563,16.6574,15.8218,0.0014,-1.0000
16.6666,0.0000,79.1401,0.7430,0.1894,16.6721,16.6615,15.9036,0.0009,-1.0000
16.6674,0.0000,79.1568,0.8350,0.2056,16.6612,16.6684,16.0126,0.0010,-1.0000
16.6661,0.0000,79.1734,0.6947,0.1987,16.6726,16.6558,15.7751,0.0010,-1.0000
16.6667,0.0000,79.1901,0.8341,0.2185,16.6625,16.6639,15.9384,0.0010,-1.0000
16.6668,0.0000,79.2068,0.7569,0.1837,16.6649,16.6628,15.9073,0.0010,-1.0000
16.6659,0.0000,79.2234,0.6549,0.2216,16.6738,16.6596,15.9026,0.0013,-1.0000
16.6672,0.0000,79.2400,0.8795,0.2103,16.6601,16.6661,16.0269,0.0009,-1.0000
16.6665,0.0000,79.2568,0.7243,0.1980,16.6684,16.6605,15.8790,0.0012,-1.0000
16.6678,0.0000,79.2735,0.7545,0.1866,16.6667,16.6689,15.9530,0.0009,-1.0000
16.6659,0.0000,79.2901,0.7558,0.1736,16.6631,16.6577,15.8585,0.0007,-1.0000
16.6665,0.0000,79.3068,0.6382,0.1885,16.6701,16.6625,15.9266,0.0009,-1.0000
16.6671,0.0000,79.3235,0.7804,0.1803,16.6638,16.6665,15.9643,0.0007,-1.0000
16.6662,0.0000,79.3400,0.7149,0.1852,16.6735,16.6579,15.8578,0.0011,-1.0000
16.6683,0.0000,79.3568,0.7985,0.2035,16.6615,16.6715,16.0748,0.0009,-1.0000
16.6653,0.0000,79.3734,0.7351,0.2177,16.6658,16.6559,15.7040,0.0012,-1.0000
16.6669,0.0000,79.3902,0.7014,0.1956,16.6703,16.6650,15.9213,0.0010,-1.0000
16.6673,0.0000,79.4068,0.7990,0.1770,16.6609,16.6642,15.8132,0.0011,-1.0000
16.6676,0.0000,79.4235,0.5959,0.2129,16.6764,16.6781,15.7764,0.0011,-1.0000
16.6660,0.0000,79.4401,0.9506,0.2064,16.6594,16.6444,15.6290,0.0010,-1.0000
16.6673,0.0000,79.4569,0.7428,0.1954,16.6698,16.6631,15.8286,0.0010,-1.0000
16.6657,0.0000,79.4735,0.8499,0.1999,16.6688,16.6587,15.6634,0.0011,-1.0000
16.6674,0.0000,79.4902,0.9008,0.2099,16.6837,16.6648,15.7583,0.0010,-1.0000
16.6657,0.0000,79.5067,1.0144,0.2096,16.6493,16.6577,15.7701,0.0010,-1.0000
16.6679,0.0000,79.5235,0.8334,0.2369,16.6685,16.6676,15.9403,0.0008,-1.0000
16.6665,0.0000,79.5401,0.9943,0.2501,16.6633,16.6589,15.6833,0.0009,-1.0000
16.6661,0.0000,79.5568,0.9056,0.2126,16.6694,16.6605,15.8067,0.0009,-1.0000
16.6685,0.0000,79.5735,0.8867,0.2021,16.6616,16.6698,15.7762,0.0010,-1.0000
16.6646,0.0000,79.5901,0.7265,0.2253,16.6728,16.6541,15.6861,0.0011,-1.0000
16.6673,0.0000,79.6068,0.9748,0.2176,16.6638,16.6718,15.8435,0.0008,-1.0000
16.6671,0.0000,79.6235,0.8530,0.2374,16.6639,16.6570,15.8247,0.0008,-1.0000
16.6660,0.0000,79.6400,0.8923,0.2346,16.6753,16.6582,15.7547,0.0010,-1.0000
16.6693,0.0000,79.6569,0.9672,0.1978,16.6584,16.6727,15.9362,0.0011,-1.0000
16.6648,0.0000,79.6735,0.8276,0.2003,16.6764,16.6507,15.5055,0.0013,-1.0000
16.6658,0.0000,79.6900,0.8317,0.2148,16.6616,16.6575,15.7845,0.0009,-1.0000
16.6682,0.0000,79.7068,0.9024,0.1836,16.6628,16.6708,16.0257,0.0008,-1.0000
16.6655,0.0000,79.7234,0.7355,0.2372,16.6793,16.6560,15.7647,0.0010,-1.0000
16.6684,0.0000,79.7401,1.1440,0.2080,16.6567,16.6691,15.9557,0.0008,-1.0000
16.6663,0.0000,79.7568,0.8722,0.1959,16.6607,16.6588,15.7904,0.0007,-1.0000
16.6655,0.0000,79.7734,0.6442,0.2041,16.6754,16.6581,15.8021,0.0009,-1.0000
16.6673,0.0000,79.7901,0.8904,0.1954,16.6597,16.6677,16.0034,0.0009,-1.0000
16.6663,0.0000,79.8068,0.7125,0.2170,16.6744,16.6593,15.8461,0.0008,-1.0000
16.6677,0.0000,79.8234,0.8677,0.2205,16.6639,16.6664,15.9111,0.0011,-1.0000
16.6668,0.0000,79.8401,0.8550,0.2001,16.6618,16.6629,15.8524,0.0008,-1.0000
16.6657,0.0000,79.8568,0.6635,0.1858,16.6718,16.6564,15.8787,0.0010,-1.0000
16.6671,0.0000,79.8734,0.8125,0.2132,16.6633,16.6641,15.8685,0.0012,-1.0000
16.6667,0.0000,79.8901,0.7542,0.1861,16.6716,16.6619,15.8310,0.0008,-1.0000
16.6677,0.0000,79.9068,0.8097,0.2310,16.6675,16.6654,15.8596,0.0013,-1.0000
16.6655,0.0000,79.9235,0.7768,0.1725,16.6607,16.6578,15.7091,0.0008,-1.0000
16.6670,0.0000,79.9400,0.7945,0.1923,16.6685,16.6630,15.8700,0.0009,-1.0000
16.6708,0.0000,79.9568,0.8302,0.2097,16.6659,16.6716,16.0017,0.0011,-1.0000
16.6627,0.0000,79.9734,0.8043,0.2055,16.6707,16.6537,15.7493,0.0011,-1.0000
16.6668,0.0000,79.9901,0.9478,0.2005,16.6629,16.6642,15.8833,0.0009,-1.0000
16.6670,0.0000,80.0068,0.7919,0.1898,16.6661,16.6619,15.8280,0.0009,-1.0000
16.6659,0.0000,80.0234,0.6687,0.2191,16.6759,16.6580,15.8564,0.0012,-1.0000
16.6676,0.0000,80.0401,0.9033,0.1977,16.6575,16.6682,16.0479,0.0008,-1.0000
16.6669,0.0000,80.0569,0.7799,0.2127,16.6690,16.6644,15.8671,0.0011,-1.0000
16.6674,0.0000,80.0735,0.8332,0.2026,16.6666,16.6610,15.7634,0.0009,-1.0000
16.6662,0.0000,80.0902,0.8003,0.2072,16.6612,16.6616,15.7916,0.0011,-1.0000
16.6663,0.0000,80.1067,0.6196,0.2252,16.6721,16.6586,15.7999,0.0009,-1.0000
16.6674,0.0000,80.1235,0.7964,0.2163,16.6699,16.6676,16.0159,0.0009,-1.0000
16.6665,0.0000,80.1401,0.8966,0.1978,16.6661,16.6596,15.7646,0.0009,-1.0000
16.6665,0.0000,80.1568,0.8688,0.2075,16.6660,16.6610,15.8049,0.0010,-1.0000
16.6672,0.0000,80.1735,0.8579,0.1917,16.6625,16.6696,15.9179,0.0012,-1.0000
16.6668,0.0000,80.1901,0.6506,0.2348,16.6727,16.6568,15.8131,0.0009,-1.0000
16.6670,0.0000,80.2068,0.8941,0.2694,16.6642,16.6648,15.8978,0.0009,-1.0000
16.6658,0.0000,80.2235,0.8553,0.1784,16.6644,16.6581,15.8064,0.0011,-1.0000
16.6663,0.0000,80.2400,0.7505,0.2073,16.6739,16.6609,15.8508,0.0009,-1.0000
16.6672,0.0000,80.2568,0.8432,0.2281,16.6613,16.6660,16.0129,0.0007,-1.0000
16.6666,0.0000,80.2734,0.7661,0.2069,16.6698,16.6610,15.7915,0.0011,-1.0000
16.6677,0.0000,80.2901,0.8507,0.2153,16.6624,16.6682,15.9810,0.0010,-1.0000
16.6669,0.0000,80.3068,0.8094,0.1788,16.6641,16.6599,15.8137,0.0008,-1.0000
16.6654,0.0000,80.3234,0.6524,0.2111,16.6700,16.6581,15.7738,0.0011,-1.0000
16.6687,0.0000,80.3401,0.8686,0.2106,16.6644,16.6696,16.0163,0.0007,-1.0000
16.6656,0.0000,80.3568,0.6862,0.2073,16.6735,16.6564,15.9239,0.0008,-1.0000
16.6669,0.0000,80.3734,0.8453,0.2168,16.6645,16.6637,15.8873,0.0010,-1.0000
16.6674,0.0000,80.3902,0.8832,0.2135,16.6623,16.6680,15.9304,0.0009,-1.0000
16.6657,0.0000,80.4068,0.6527,0.1861,16.6735,16.6556,15.7540,0.0010,-1.0000
16.6674,0.0000,80.4235,0.7316,0.2082,16.6613,16.6674,15.9393,0.0009,-1.0000
16.6659,0.0000,80.4400,0.7752,0.2074,16.6675,16.6585,15.8330,0.0007,-1.0000
16.6659,0.0000,80.4567,0.7369,0.1832,16.6731,16.6586,15.9077,0.0010,-1.0000
16.6680,0.0000,80.4735,0.9007,0.1938,16.6598,16.6674,16.0001,0.0010,-1.0000
16.6661,0.0000,80.4901,0.7272,0.1981,16.6720,16.6608,15.8368,0.0008,-1.0000
16.6663,0.0000,80.5068,0.8248,0.2181,16.6631,16.6618,15.8957,0.0012,-1.0000
16.6671,0.0000,80.5234,0.7498,0.2042,16.6623,16.6622,15.8555,0.0010,-1.0000
16.6668,0.0000,80.5400,0.6664,0.1933,16.6718,16.6642,15.8476,0.0008,-1.0000
16.6674,0.0000,80.5568,0.8233,0.2036,16.6648,16.6653,15.8432,0.0009,-1.0000
16.6666,0.0000,80.5735,0.7651,0.2214,16.6662,16.6618,15.7602,0.0009,-1.0000
16.6675,0.0000,80.5902,0.8060,0.2049,16.6661,16.6643,15.7875,0.0009,-1.0000
16.6664,0.0000,80.6068,0.8158,0.2221,16.6685,16.6588,15.6911,0.0012,-1.0000
16.6660,0.0000,80.6234,0.8211,0.2548,16.6701,16.6581,15.7556,0.0009,-1.0000
16.6678,0.0000,80.6402,0.9010,0.2517,16.6670,16.6692,15.9929,0.0008,-1.0000
16.6658,0.0000,80.6568,0.8758,0.2480,16.6693,16.6570,15.7044,0.0011,-1.0000
16.6664,0.0000,80.6734,0.9663,0.2246,16.6639,16.6624,15.8723,0.0010,-1.0000
16.6673,0.0000,80.6901,0.9016,0.1978,16.6615,16.6666,15.9358,0.0006,-1.0000
16.6662,0.0000,80.7068,0.6755,0.3280,16.6738,16.6578,15.7861,0.0009,-1.0000
16.6675,0.0000,80.7235,0.9516,0.2443,16.6609,16.6667,15.9350,0.0012,-1.0000
16.6665,0.0000,80.7400,0.7892,0.2518,16.6660,16.6605,15.8200,0.0012,-1.0000
16.6662,0.0000,80.7568,0.7299,0.2727,16.6709,16.6604,15.9769,0.0010,-1.0000
16.6676,0.0000,80.7735,0.8706,0.2433,16.6615,16.6676,15.9550,0.0007,-1.0000
16.6661,0.0000,80.7901,0.7306,0.2523,16.6714,16.6570,15.8284,0.0010,-1.0000
16.6680,0.0000,80.8069,0.8395,0.2628,16.6645,16.6714,16.0029,0.0011,-1.0000
16.6652,0.0000,80.8234,0.6825,0.2124,16.6647,16.6533,15.6859,0.0011,-1.0000
16.6675,0.0000,80.8400,0.7120,0.2504,16.6718,16.6656,15.9709,0.0009,-1.0000
16.6677,0.0000,80.8568,0.8276,0.2248,16.6602,16.6695,15.9303,0.0008,-1.0000
16.6654,0.0000,80.8735,0.6673,0.2132,16.6767,16.6522,15.6880,0.0010,-1.0000
16.6667,0.0000,80.8902,0.9662,0.2166,16.6579,16.6668,15.8990,0.0009,-1.0000
16.6665,0.0000,80.9068,0.6938,0.2023,16.6699,16.6591,15.7881,0.0009,-1.0000
16.6665,0.0000,80.9234,0.7383,0.2421,16.6751,16.6614,15.9047,0.0010,-1.0000
16.6673,0.0000,80.9400,0.9632,0.2266,16.6559,16.6654,15.9902,0.0007,-1.0000
16.6661,0.0000,80.9568,0.7668,0.2067,16.6717,16.6609,15.9335,0.0008,-1.0000
16.6688,0.0000,80.9735,0.8702,0.2126,16.6630,16.6684,15.9773,0.0009,-1.0000
16.6654,0.0000,80.9901,0.7558,0.2244,16.6650,16.6609,15.8437,0.0009,-1.0000
16.6668,0.0000,81.0068,0.6743,0.2051,16.6691,16.6624,15.8567,0.0013,-1.0000
16.6671,0.0000,81.0235,0.7265,0.2009,16.6640,16.6630,15.9112,0.0009,-1.0000
16.6659,0.0000,81.0400,0.6900,0.1970,16.6725,16.6581,15.7726,0.0011,-1.0000
16.6677,0.0000,81.0569,0.8164,0.2068,16.6647,16.6666,15.9453,0.0008,-1.0000
16.6659,0.0000,81.0734,0.8046,0.1992,16.6673,16.6571,15.6208,0.0012,-1.0000
16.6661,0.0000,81.0901,0.7509,0.2257,16.6684,16.6623,15.9138,0.0012,-1.0000
16.6679,0.0000,81.1068,0.8845,0.2030,16.6626,16.6660,15.9687,0.0008,-1.0000
16.6655,0.0000,81.1234,0.7204,0.2255,16.6717,16.6579,15.8814,0.0007,-1.0000
16.6682,0.0000,81.1401,1.0352,0.2041,16.6611,16.6698,16.0559,0.0009,-1.0000
16.6656,0.0000,81.1568,0.7475,0.1968,16.6664,16.6561,15.7835,0.0008,-1.0000
16.6671,0.0000,81.1735,0.6964,0.2268,16.6697,16.6656,15.9914,0.0013,-1.0000
16.6669,0.0000,81.1901,0.7757,0.1679,16.6612,16.6667,15.8707,0.0008,-1.0000
16.6666,0.0000,81.2068,0.6130,0.2067,16.6745,16.6581,15.8846,0.0009,-1.0000
16.6669,0.0000,81.2235,0.8717,0.1987,16.6599,16.6649,15.9491,0.0012,-1.0000
16.6658,0.0000,81.2400,0.6730,0.1958,16.6699,16.6580,15.8235,0.0009,-1.0000
16.6676,0.0000,81.2568,0.7954,0.2325,16.6708,16.6666,16.0624,0.0009,-1.0000
16.6663,0.0000,81.2734,0.7726,0.1836,16.6619,16.6606,15.8669,0.0008,-1.0000
16.6671,0.0000,81.2901,0.7146,0.2255,16.6693,16.6656,15.9525,0.0012,-1.0000
16.6667,0.0000,81.3068,0.8338,0.1927,16.6613,16.6624,15.8964,0.0007,-1.0000
16.6659,0.0000,81.3234,0.6031,0.1946,16.6708,16.6583,15.8059,0.0009,-1.0000
16.6671,0.0000,81.3400,0.7927,0.2209,16.6642,16.6667,16.0287,0.0009,-1.0000
16.6667,0.0000,81.3568,0.7120,0.1899,16.6693,16.6617,15.9457,0.0006,-1.0000
16.6663,0.0000,81.3734,0.7653,0.2330,16.6668,16.6617,15.8268,0.0012,-1.0000
16.6678,0.0000,81.3901,0.8516,0.1751,16.6619,16.6657,15.9372,0.0008,-1.0000
16.6659,0.0000,81.4067,0.6371,0.3142,16.6707,16.6592,15.8088,0.0009,-1.0000
16.6674,0.0000,81.4235,0.7154,0.1989,16.6657,16.6657,15.9402,0.0012,-1.0000
16.6660,0.0000,81.4400,0.8337,0.1893,16.6660,16.6591,15.7473,0.0011,-1.0000
16.6679,0.0000,81.4568,0.7278,0.2497,16.6703,16.6683,15.9999,0.0011,-1.0000
16.6654,0.0000,81.4735,0.8495,0.1989,16.6629,16.6562,15.7411,0.0012,-1.0000
16.6665,0.0000,81.4901,0.7245,0.2068,16.6705,16.6620,15.8462,0.0008,-1.0000
16.6701,0.0000,81.5069,0.9107,0.1780,16.6627,16.6719,15.9409,0.0010,-1.0000
16.6638,0.0000,81.5234,0.6674,0.2324,16.6724,16.6527,15.6715,0.0013,-1.0000
16.6681,0.0000,81.5401,0.9138,0.2095,16.6617,16.6690,15.9686,0.0010,-1.0000
16.6672,0.0000,81.5569,0.8149,0.1819,16.6655,16.6623,15.8687,0.0007,-1.0000
16.6663,0.0000,81.5735,0.7301,0.2349,16.6774,16.6592,15.6298,0.0009,-1.0000
16.6666,0.0000,81.5901,0.9799,0.1845,16.6569,16.6607,15.7369,0.0010,-1.0000
16.6662,0.0000,81.6068,0.6995,0.2341,16.6736,16.6581,15.7473,0.0010,-1.0000
16.6663,0.0000,81.6235,0.7931,0.2929,16.6686,16.6641,15.9142,0.0008,-1.0000
16.6680,0.0000,81.6401,1.0284,0.2436,16.6648,16.6661,15.8901,0.0007,-1.0000
16.6656,0.0000,81.6568,0.9233,0.2318,16.6659,16.6556,15.7904,0.0008,-1.0000
16.6677,0.0000,81.6735,0.9100,0.2163,16.6620,16.6678,15.9529,0.0009,-1.0000
16.6658,0.0000,81.6901,0.7491,0.2145,16.6676,16.6579,15.8124,0.0009,-1.0000
16.6669,0.0000,81.7068,0.7751,0.2598,16.6721,16.6662,15.9331,0.0010,-1.0000
16.6667,0.0000,81.7235,0.8648,0.1877,16.6594,16.6629,15.9088,0.0012,-1.0000
16.6662,0.0000,81.7400,0.7142,0.2005,16.6724,16.6586,15.8218,0.0010,-1.0000
16.6681,0.0000,81.7568,0.8448,0.2259,16.6616,16.6704,16.0682,0.0008,-1.0000
16.6655,0.0000,81.7734,0.7322,0.1942,16.6701,16.6566,15.8029,0.0007,-1.0000
16.6671,0.0000,81.7901,0.7528,0.2209,16.6672,16.6662,15.9642,0.0010,-1.0000
16.6669,0.0000,81.8068,0.8359,0.1757,16.6616,16.6606,15.8874,0.0008,-1.0000
16.6660,0.0000,81.8234,0.6015,0.2001,16.6747,16.6589,15.8568,0.0010,-1.0000
16.6673,0.0000,81.8400,0.8529,0.1982,16.6598,16.6687,16.0389,0.0009,-1.0000
16.6663,0.0000,81.8568,0.7010,0.1943,16.6701,16.6595,15.9101,0.0007,-1.0000
16.6676,0.0000,81.8735,0.7725,0.2015,16.6657,16.6663,15.9376,0.0013,-1.0000
16.6663,0.0000,81.8901,0.8009,0.1970,16.6623,16.6605,15.8042,0.0008,-1.0000
16.6667,0.0000,81.9068,0.6290,0.2004,16.6728,16.6639,15.9061,0.0011,-1.0000
16.6666,0.0000,81.9234,0.7484,0.2030,16.6623,16.6615,15.8145,0.0011,-1.0000
16.6662,0.0000,81.9400,0.7278,0.2379,16.6707,16.6600,15.8888,0.0008,-1.0000
16.6674,0.0000,81.9568,0.8556,0.2139,16.6644,16.6691,16.0834,0.0009,-1.0000
16.6661,0.0000,81.9734,0.7567,0.2083,16.6681,16.6562,15.7896,0.0013,-1.0000
16.6689,0.0000,81.9902,0.8463,0.2082,16.6659,16.6751,16.0608,0.0010,-1.0000
16.6651,0.0000,82.0068,0.7704,0.1827,16.6633,16.6536,15.6938,0.0009,-1.0000
16.6662,0.0000,82.0234,0.5848,0.2066,16.6741,16.6576,15.7815,0.0013,-1.0000
16.6678,0.0000,82.0401,0.8656,0.2115,16.6598,16.6684,15.9966,0.0012,-1.0000
16.6659,0.0000,82.0568,0.6132,0.2334,16.6804,16.6568,15.8826,0.0006,-1.0000
16.6668,0.0000,82.0735,0.9592,0.2173,16.6591,16.6655,16.0188,0.0009,-1.0000
16.6666,0.0000,82.0901,0.8749,0.1771,16.6609,16.6618,15.8996,0.0009,-1.0000
16.6672,0.0000,82.1068,0.6707,0.2102,16.6732,16.6641,15.9210,0.0009,-1.0000
16.6671,0.0000,82.1235,0.7735,0.2092,16.6601,16.6637,15.9705,0.0008,-1.0000
16.6658,0.0000,82.1400,0.6459,0.1916,16.6701,16.6579,15.8047,0.0009,-1.0000
16.6677,0.0000,82.1568,0.7614,0.2312,16.6654,16.6682,16.0651,0.0010,-1.0000
16.6658,0.0000,82.1734,0.7422,0.1846,16.6684,16.6583,15.8356,0.0007,-1.0000
16.6670,0.0000,82.1901,0.6924,0.1976,16.6680,16.6624,15.9733,0.0009,-1.0000
16.6674,0.0000,82.2068,0.8523,0.1911,16.6615,16.6701,16.0066,0.0008,-1.0000
16.6654,0.0000,82.2234,0.6023,0.2258,16.6723,16.6537,15.8007,0.0008,-1.0000
16.6687,0.0000,82.2401,0.8222,0.1967,16.6629,16.6708,16.0161,0.0010,-1.0000
16.6649,0.0000,82.2568,0.6882,0.1835,16.6661,16.6536,15.8819,0.0007,-1.0000
16.6672,0.0000,82.2734,0.6623,0.2442,16.6752,16.6648,15.9638,0.0009,-1.0000
16.6668,0.0000,82.2901,0.8523,0.1986,16.6569,16.6652,15.9631,0.0007,-1.0000
16.6664,0.0000,82.3068,0.6539,0.1959,16.6753,16.6598,15.8383,0.0008,-1.0000
16.6669,0.0000,82.3235,0.7709,0.1964,16.6581,16.6656,15.9611,0.0011,-1.0000
16.6663,0.0000,82.3400,0.7002,0.2236,16.6687,16.6593,15.8536,0.0008,-1.0000
16.6681,0.0000,82.3568,0.7014,0.2112,16.6692,16.6679,16.0460,0.0010,-1.0000
16.6659,0.0000,82.3735,0.8206,0.1834,16.6635,16.6591,15.7372,0.0011,-1.0000
16.6660,0.0000,82.3901,0.7035,0.1956,16.6695,16.6603,15.8492,0.0010,-1.0000
16.6687,0.0000,82.4069,0.8049,0.2263,16.6630,16.6724,16.0280,0.0007,-1.0000
16.6650,0.0000,82.4234,0.6210,0.2230,16.6726,16.6537,15.6951,0.0010,-1.0000
16.6677,0.0000,82.4401,0.9208,0.2061,16.6637,16.6672,15.9941,0.0009,-1.0000
16.6658,0.0000,82.4568,0.8101,0.1841,16.6635,16.6584,15.8547,0.0014,-1.0000
16.6673,0.0000,82.4735,0.6437,0.2288,16.6774,16.6649,15.9232,0.0009,-1.0000
16.6666,0.0000,82.4901,0.9576,0.2032,16.6575,16.6633,15.9430,0.0008,-1.0000
16.6666,0.0000,82.5067,0.6722,0.1988,16.6715,16.6594,15.8452,0.0012,-1.0000
16.6675,0.0000,82.5235,0.8027,0.2021,16.6621,16.6681,16.0140,0.0010,-1.0000
16.6658,0.0000,82.5400,0.7408,0.1812,16.6685,16.6588,15.7723,0.0007,-1.0000
16.6675,0.0000,82.5568,0.7196,0.2118,16.6675,16.6656,16.0322,0.0009,-1.0000
16.6675,0.0000,82.5735,0.8129,0.2193,16.6632,16.6641,15.7200,0.0007,-1.0000
16.6647,0.0000,82.5900,0.6530,0.2257,16.6727,16.6519,15.7359,0.0011,-1.0000
16.6686,0.0000,82.6068,0.8858,0.2260,16.6625,16.6728,16.0723,0.0007,-1.0000
16.6659,0.0000,82.6235,0.6327,0.2520,16.6698,16.6598,15.7425,0.0007,-1.0000
16.6671,0.0000,82.6401,0.9433,0.2228,16.6698,16.6614,15.8142,0.0008,-1.0000
16.6670,0.0000,82.6569,0.9149,0.1849,16.6556,16.6642,15.8615,0.0008,-1.0000
16.6655,0.0000,82.6735,0.5997,0.2561,16.6777,16.6556,15.6972,0.0010,-1.0000
16.6680,0.0000,82.6902,0.9165,0.2153,16.6640,16.6705,15.9075,0.0012,-1.0000
16.6660,0.0000,82.7068,0.8465,0.2306,16.6665,16.6578,15.7880,0.0007,-1.0000
16.6668,0.0000,82.7235,0.8017,0.2279,16.6694,16.6616,15.8607,0.0009,-1.0000
16.6663,0.0000,82.7401,0.9572,0.2309,16.6592,16.6631,15.8473,0.0009,-1.0000
16.6664,0.0000,82.7568,0.7616,0.2176,16.6751,16.6593,15.8880,0.0006,-1.0000
16.6677,0.0000,82.7735,0.8690,0.2067,16.6624,16.6684,15.9914,0.0009,-1.0000
16.6668,0.0000,82.7901,0.8001,0.1995,16.6658,16.6595,15.8406,0.0008,-1.0000
16.6664,0.0000,82.8068,0.8149,0.2101,16.6680,16.6631,15.9031,0.0009,-1.0000
16.6663,0.0000,82.8235,0.7708,0.1905,16.6627,16.6604,15.8781,0.0011,-1.0000
16.6664,0.0000,82.8400,0.6763,0.1964,16.6732,16.6602,15.8588,0.0009,-1.0000
16.6683,0.0000,82.8568,0.8182,0.2021,16.6636,16.6734,16.0933,0.0008,-1.0000
16.6657,0.0000,82.8734,0.7590,0.1883,16.6676,16.6531,15.7299,0.0008,-1.0000
16.6675,0.0000,82.8902,0.7813,0.2192,16.6644,16.6679,15.9995,0.0009,-1.0000
16.6657,0.0000,82.9068,0.8006,0.1964,16.6633,16.6588,15.8332,0.0008,-1.0000
16.6664,0.0000,82.9234,0.5794,0.2262,16.6785,16.6600,15.8432,0.0007,-1.0000
16.6673,0.0000,82.9400,0.9224,0.1917,16.6569,16.6655,16.0681,0.0008,-1.0000
16.6667,0.0000,82.9568,0.6675,0.2279,16.6725,16.6624,15.9772,0.0006,-1.0000
16.6675,0.0000,82.9735,0.8248,0.2064,16.6631,16.6666,15.9113,0.0012,-1.0000
16.6658,0.0000,82.9901,0.8162,0.1784,16.6634,16.6593,15.8160,0.0009,-1.0000
16.6668,0.0000,83.0067,0.5964,0.1824,16.6691,16.6620,15.9272,0.0012,-1.0000
16.6671,0.0000,83.0234,0.6847,0.2125,16.6663,16.6637,15.9837,0.0007,-1.0000
16.6665,0.0000,83.0400,0.7542,0.1919,16.6717,16.6618,15.8947,0.0011,-1.0000
16.6680,0.0000,83.0569,0.8425,0.1912,16.6627,16.6694,15.9849,0.0011,-1.0000
16.6653,0.0000,83.0735,0.7338,0.2154,16.6660,16.6545,15.6424,0.0010,-1.0000
16.6665,0.0000,83.0901,0.6797,0.2038,16.6679,16.6622,15.8966,0.0013,-1.0000
16.6679,0.0000,83.1068,0.7661,0.2026,16.6660,16.6668,15.9529,0.0008,-1.0000
16.6655,0.0000,83.1234,0.6833,0.2290,16.6742,16.6568,15.8022,0.0009,-1.0000
16.6676,0.0000,83.1401,1.0110,0.2042,16.6594,16.6680,15.9950,0.0009,-1.0000
16.6659,0.0000,83.1568,0.7643,0.1840,16.6662,16.6574,15.8002,0.0013,-1.0000
16.6686,0.0000,83.1735,0.7132,0.2175,16.6717,16.6684,15.9498,0.0009,-1.0000
16.6654,0.0000,83.1901,0.8538,0.1986,16.6602,16.6610,15.7427,0.0007,-1.0000
16.6657,0.0000,83.2067,0.6722,0.2114,16.6731,16.6577,15.8125,0.0010,-1.0000
16.6674,0.0000,83.2235,0.8560,0.2201,16.6608,16.6688,16.0339,0.0010,-1.0000
16.6663,0.0000,83.2400,0.7174,0.2217,16.6730,16.6593,15.8694,0.0008,-1.0000
16.6673,0.0000,83.2568,0.9177,0.2217,16.6652,16.6663,16.0365,0.0008,-1.0000
16.6662,0.0000,83.2735,0.8444,0.2250,16.6608,16.6602,15.8604,0.0007,-1.0000
16.6668,0.0000,83.2901,0.6340,0.1994,16.6723,16.6617,15.8727,0.0009,-1.0000
16.6674,0.0000,83.3068,0.7893,0.2170,16.6625,16.6659,16.0069,0.0008,-1.0000
16.6657,0.0000,83.3234,0.6292,0.1980,16.6711,16.6590,15.7663,0.0011,-1.0000
16.6674,0.0000,83.3401,0.7992,0.2001,16.6640,16.6674,15.9887,0.0011,-1.0000
16.6665,0.0000,83.3568,0.7882,0.2169,16.6651,16.6584,15.9602,0.0007,-1.0000
16.6669,0.0000,83.3734,0.6582,0.2491,16.6703,16.6627,15.8771,0.0009,-1.0000
16.6665,0.0000,83.3901,0.8917,0.1887,16.6624,16.6629,15.9539,0.0008,-1.0000
16.6680,0.0000,83.4068,0.6778,0.2035,16.6727,16.6636,15.8748,0.0008,-1.0000
16.6670,0.0000,83.4235,0.6975,0.2178,16.6628,16.6636,15.7830,0.0010,-1.0000
16.6656,0.0000,83.4401,0.7848,0.2029,16.6667,16.6594,15.7996,0.0008,-1.0000
16.6673,0.0000,83.4569,0.7081,0.4606,16.6674,16.6648,15.9339,0.0008,-1.0000
16.6666,0.0000,83.4735,0.7880,0.2443,16.6687,16.6610,15.7151,0.0010,-1.0000
16.6661,0.0000,83.4901,0.8795,0.2211,16.6684,16.6596,15.7729,0.0008,-1.0000
16.6673,0.0000,83.5068,0.8591,0.2327,16.6639,16.6664,15.8962,0.0010,-1.0000
16.6668,0.0000,83.5235,0.7302,0.2329,16.6693,16.6616,15.7979,0.0012,-1.0000
16.6660,0.0000,83.5400,0.9450,0.2502,16.6657,16.6584,15.7655,0.0008,-1.0000
16.6695,0.0000,83.5569,0.8860,0.2214,16.6635,16.6712,15.9418,0.0012,-1.0000
16.6643,0.0000,83.5735,0.7693,0.2167,16.6708,16.6541,15.6806,0.0007,-1.0000
16.6664,0.0000,83.5901,0.8625,0.2312,16.6659,16.6610,15.8813,0.0009,-1.0000
16.6682,0.0000,83.6068,0.8922,0.2206,16.6626,16.6673,15.9505,0.0008,-1.0000
16.6653,0.0000,83.6234,0.7281,0.2449,16.6772,16.6559,15.7911,0.0008,-1.0000
16.6730,0.0000,83.6401,0.9728,0.2090,16.6592,16.6750,16.0143,0.0009,-1.0000
16.6608,0.0000,83.6568,0.7788,0.1974,16.6651,16.6515,15.7796,0.0012,-1.0000
16.6670,0.0000,83.6735,0.7159,0.2155,16.6719,16.6635,15.9178,0.0009,-1.0000
16.6667,0.0000,83.6901,0.8640,0.1951,16.6599,16.6617,15.8567,0.0008,-1.0000
16.6662,0.0000,83.7067,0.6592,0.2127,16.6801,16.6596,15.7987,0.0012,-1.0000
16.6675,0.0000,83.7235,0.8709,0.1986,16.6555,16.6617,15.9932,0.0009,-1.0000
16.6664,0.0000,83.7400,0.7449,0.2015,16.6682,16.6601,15.8092,0.0007,-1.0000
16.6670,0.0000,83.7568,0.8041,0.2250,16.6658,16.6635,15.9276,0.0011,-1.0000
16.6667,0.0000,83.7735,0.8600,0.2145,16.6669,16.6628,15.8720,0.0010,-1.0000
16.6676,0.0000,83.7901,0.6677,0.2253,16.6687,16.6619,15.8452,0.0008,-1.0000
16.6664,0.0000,83.8069,0.8503,0.2154,16.6638,16.6658,16.0391,0.0008,-1.0000
16.6653,0.0000,83.8234,0.7349,0.1947,16.6685,16.6563,15.8225,0.0012,-1.0000
16.6669,0.0000,83.8400,0.7899,0.2097,16.6669,16.6633,15.9864,0.0009,-1.0000
16.6671,0.0000,83.8568,0.8156,0.2197,16.6657,16.6671,16.1094,0.0009,-1.0000
16.6660,0.0000,83.8734,0.6258,0.1982,16.6696,16.6597,15.9119,0.0011,-1.0000
16.6688,0.0000,83.8902,0.8326,0.1880,16.6599,16.6726,16.0817,0.0008,-1.0000
16.6684,0.0000,83.9069,0.6758,0.1981,16.6662,16.6659,15.6975,0.0009,-1.0000
16.6647,0.0000,83.9235,0.5570,0.1885,16.6705,16.6527,15.6110,0.0012,-1.0000
16.6668,0.0000,83.9401,0.7467,0.1690,16.6630,16.6626,15.8079,0.0010,-1.0000
16.6657,0.0000,83.9568,0.5901,0.2287,16.6778,16.6556,15.8072,0.0011,-1.0000
16.6685,0.0000,83.9735,0.9674,0.2471,16.6719,16.6724,15.9753,0.0009,-1.0000
16.6653,0.0000,83.9901,1.0408,0.2062,16.6587,16.6545,15.7554,0.0006,-1.0000
16.6673,0.0000,84.0068,0.8537,0.2313,16.6676,16.6642,15.9044,0.0008,-1.0000
16.6668,0.0000,84.0235,0.8473,0.2152,16.6587,16.6647,15.8826,0.0008,-1.0000
16.6657,0.0000,84.0400,0.6962,0.1981,16.6773,16.6564,15.8594,0.0007,-1.0000
16.6679,0.0000,84.0569,0.8985,0.2086,16.6592,16.6686,16.0600,0.0010,-1.0000
16.6657,0.0000,84.0735,0.7588,0.2133,16.6684,16.6586,15.7024,0.0011,-1.0000
16.6666,0.0000,84.0901,0.7815,0.1954,16.6691,16.6629,15.9129,0.0010,-1.0000
16.6674,0.0000,84.1068,0.7963,0.1918,16.6594,16.6656,15.9477,0.0010,-1.0000
16.6659,0.0000,84.1234,0.6076,0.2251,16.6733,16.6590,15.7970,0.0009,-1.0000
16.6671,0.0000,84.1401,0.9551,0.2049,16.6628,16.6651,16.0079,0.0009,-1.0000
16.6672,0.0000,84.1568,0.7491,0.1887,16.6670,16.6640,15.9081,0.0007,-1.0000
16.6661,0.0000,84.1735,0.7169,0.2318,16.6695,16.6622,15.9052,0.0009,-1.0000
16.6670,0.0000,84.1902,0.8613,0.1807,16.6624,16.6635,15.8894,0.0008,-1.0000
16.6665,0.0000,84.2068,0.6563,0.2091,16.6693,16.6599,15.7902,0.0012,-1.0000
16.6667,0.0000,84.2235,0.7553,0.1994,16.6676,16.6628,15.9958,0.0008,-1.0000
16.6667,0.0000,84.2400,0.7562,0.1990,16.6661,16.6651,15.8675,0.0007,-1.0000
16.6674,0.0000,84.2568,0.7735,0.2262,16.6676,16.6639,16.0211,0.0009,-1.0000
16.6661,0.0000,84.2735,0.8686,0.2265,16.6636,16.6609,15.7700,0.0008,-1.0000
16.6662,0.0000,84.2901,0.6661,0.2196,16.6672,16.6587,15.9129,0.0011,-1.0000
16.6681,0.0000,84.3068,0.7969,0.1894,16.6687,16.6680,15.9915,0.0009,-1.0000
16.6658,0.0000,84.3234,0.6420,0.2253,16.6686,16.6593,15.8601,0.0008,-1.0000
16.6673,0.0000,84.3401,0.8902,0.1971,16.6646,16.6659,16.0071,0.0010,-1.0000
16.6658,0.0000,84.3568,0.7447,0.2199,16.6622,16.6576,15.9323,0.0008,-1.0000
16.6669,0.0000,84.3734,0.6757,0.1966,16.6719,16.6663,15.9305,0.0010,-1.0000
16.6681,0.0000,84.3902,0.7984,0.1900,16.6632,16.6655,15.9529,0.0010,-1.0000
16.6655,0.0000,84.4068,0.6579,0.1915,16.6709,16.6574,15.7382,0.0009,-1.0000
16.6674,0.0000,84.4235,0.7246,0.1938,16.6613,16.6670,15.9680,0.0010,-1.0000
16.6664,0.0000,84.4401,0.7348,0.1975,16.6699,16.6610,15.7604,0.0008,-1.0000
16.6680,0.0000,84.4569,0.7116,0.2465,16.6705,16.6624,15.9246,0.0009,-1.0000
16.6667,0.0000,84.4735,0.9182,0.2028,16.6613,16.6614,15.7249,0.0010,-1.0000
16.6653,0.0000,84.4901,0.6983,0.2177,16.6718,16.6581,15.7693,0.0010,-1.0000
16.6681,0.0000,84.5068,0.8998,0.2033,16.6659,16.6691,15.9249,0.0010,-1.0000
16.6655,0.0000,84.5235,0.7370,0.2308,16.6676,16.6568,15.7431,0.0010,-1.0000
16.6663,0.0000,84.5400,0.9353,0.2471,16.6663,16.6614,15.8470,0.0012,-1.0000
16.6686,0.0000,84.5569,0.8880,0.1953,16.6615,16.6720,16.0902,0.0010,-1.0000
16.6653,0.0000,84.5735,0.7436,0.2671,16.6741,16.6545,15.6621,0.0012,-1.0000
16.6665,0.0000,84.5901,0.9127,0.2088,16.6612,16.6632,15.9128,0.0012,-1.0000
16.6678,0.0000,84.6068,0.8133,0.1867,16.6642,16.6650,15.9097,0.0008,-1.0000
16.6659,0.0000,84.6234,0.5808,0.2326,16.6770,16.6606,15.8419,0.0009,-1.0000
16.6677,0.0000,84.6401,0.9915,0.2086,16.6589,16.6654,16.0002,0.0012,-1.0000
16.6658,0.0000,84.6568,0.7494,0.1968,16.6674,16.6586,15.8477,0.0012,-1.0000
16.6670,0.0000,84.6735,0.7545,0.2112,16.6694,16.6655,15.9471,0.0011,-1.0000
16.6665,0.0000,84.6901,0.8180,0.1928,16.6639,16.6617,15.8408,0.0007,-1.0000
16.6667,0.0000,84.7068,0.6640,0.2027,16.6697,16.6625,15.8847,0.0009,-1.0000
16.6673,0.0000,84.7235,0.8098,0.1961,16.6621,16.6638,16.0040,0.0009,-1.0000
16.6660,0.0000,84.7400,0.7173,0.2084,16.6700,16.6604,15.8583,0.0010,-1.0000
16.6673,0.0000,84.7568,0.8202,0.2310,16.6650,16.6670,16.0698,0.0009,-1.0000
16.6668,0.0000,84.7735,0.7767,0.1793,16.6663,16.6622,15.8787,0.0008,-1.0000
16.6666,0.0000,84.7901,0.6588,0.2111,16.6681,16.6616,15.8621,0.0012,-1.0000
16.6670,0.0000,84.8068,0.8011,0.2046,16.6634,16.6665,15.9396,0.0008,-1.0000
16.6659,0.0000,84.8234,0.5964,0.2070,16.6710,16.6565,15.8031,0.0010,-1.0000
16.6680,0.0000,84.8401,0.7827,0.2235,16.6661,16.6693,16.0213,0.0010,-1.0000
16.6660,0.0000,84.8568,0.7983,0.1898,16.6655,16.6576,15.9259,0.0008,-1.0000
16.6666,0.0000,84.8734,0.7260,0.2144,16.6710,16.6643,15.9197,0.0011,-1.0000
16.6671,0.0000,84.8902,0.8524,0.2024,16.6598,16.6633,15.9313,0.0007,-1.0000
16.6665,0.0000,84.9068,0.6471,0.1935,16.6744,16.6621,15.7523,0.0010,-1.0000
16.6669,0.0000,84.9235,0.7308,0.1939,16.6613,16.6631,15.9202,0.0010,-1.0000
16.6665,0.0000,84.9401,0.7437,0.2159,16.6686,16.6611,15.8890,0.0008,-1.0000
16.6684,0.0000,84.9569,0.7312,0.3150,16.6671,16.6687,15.9643,0.0009,-1.0000
16.6657,0.0000,84.9735,0.9088,0.2106,16.6660,16.6573,15.7210,0.0011,-1.0000
16.6664,0.0000,84.9902,0.7419,0.2342,16.6676,16.7041,15.8445,0.0010,-1.0000
16.6673,0.0000,85.0068,0.7716,0.2616,16.6653,16.6216,15.9137,0.0008,-1.0000
16.6661,0.0000,85.0235,0.7034,0.2463,16.6731,16.6591,15.8793,0.0007,-1.0000
16.6690,0.0000,85.0401,0.9351,0.2459,16.6628,16.6747,15.8713,0.0009,-1.0000
16.6653,0.0000,85.0569,0.8587,0.2838,16.7077,16.6542,15.6999,0.0011,-1.0000
16.6662,0.0000,85.0734,0.7072,0.2438,16.6262,16.6580,15.6666,0.0010,-1.0000
16.6670,0.0000,85.0902,0.7792,0.2659,16.6623,16.6647,15.8925,0.0009,-1.0000
16.6662,0.0000,85.1068,0.8025,0.2794,16.6805,16.6585,15.8168,0.0006,-1.0000
16.6667,0.0000,85.1234,0.9533,0.2449,16.6601,16.6643,15.9067,0.0008,-1.0000
16.6667,0.0000,85.1401,0.9903,0.2186,16.6627,16.6625,15.9170,0.0008,-1.0000
16.6662,0.0000,85.1568,0.7712,0.1961,16.6693,16.6585,15.8570,0.0010,-1.0000
16.6683,0.0000,85.1735,0.8410,0.2208,16.6625,16.6712,15.9921,0.0011,-1.0000
16.6657,0.0000,85.1901,0.7567,0.1951,16.6685,16.6562,15.7892,0.0008,-1.0000
16.6678,0.0000,85.2068,0.7447,0.2181,16.6668,16.6688,15.9457,0.0011,-1.0000
16.6660,0.0000,85.2235,0.8005,0.2094,16.6620,16.6567,15.8005,0.0009,-1.0000
16.6666,0.0000,85.2400,0.6781,0.2023,16.6759,16.6614,15.8398,0.0009,-1.0000
16.6678,0.0000,85.2568,0.8661,0.2104,16.6600,16.6725,15.9409,0.0010,-1.0000
16.6652,0.0000,85.2734,0.7221,0.2533,16.6735,16.6506,15.7211,0.0010,-1.0000
16.6673,0.0000,85.2902,0.8557,0.2196,16.6618,16.6662,15.9676,0.0011,-1.0000
16.6662,0.0000,85.3068,0.8208,0.2216,16.6649,16.6599,15.8193,0.0009,-1.0000
16.6665,0.0000,85.3234,0.7308,0.2387,16.6774,16.6615,15.9171,0.0009,-1.0000
16.6682,0.0000,85.3401,0.9286,0.1775,16.6547,16.6697,15.9989,0.0008,-1.0000
16.6655,0.0000,85.3568,0.6976,0.2247,16.6705,16.6576,15.8871,0.0007,-1.0000
16.6675,0.0000,85.3735,0.8398,0.2167,16.6642,16.6659,15.9165,0.0011,-1.0000
16.6661,0.0000,85.3901,0.7436,0.1804,16.6650,16.6575,15.7886,0.0010,-1.0000
16.6665,0.0000,85.4068,0.6700,0.2077,16.6739,16.6634,15.8685,0.0011,-1.0000
16.6687,0.0000,85.4235,0.7697,0.2136,16.6616,16.6680,15.9921,0.0009,-1.0000
16.6651,0.0000,85.4400,0.7485,0.1968,16.6708,16.6563,15.7093,0.0008,-1.0000
16.6672,0.0000,85.4569,0.8678,0.2349,16.6624,16.6663,16.0223,0.0008,-1.0000
16.6664,0.0000,85.4735,0.7939,0.1851,16.6667,16.6607,15.6905,0.0011,-1.0000
16.6668,0.0000,85.4902,0.6747,0.2219,16.6731,16.6614,15.7898,0.0010,-1.0000
16.6678,0.0000,85.5069,0.9464,0.1953,16.6607,16.6654,15.7988,0.0008,-1.0000
16.6661,0.0000,85.5235,0.6433,0.2252,16.6711,16.6592,15.7389,0.0008,-1.0000
16.6669,0.0000,85.5401,0.9693,0.2178,16.6653,16.6634,15.8318,0.0010,-1.0000
16.6681,0.0000,85.5569,0.8707,0.2328,16.6659,16.6663,15.8451,0.0010,-1.0000
16.6644,0.0000,85.5734,0.8660,0.2195,16.6702,16.6519,15.5956,0.0009,-1.0000
16.6677,0.0000,85.5901,0.9196,0.2410,16.6641,16.6663,15.9654,0.0010,-1.0000
16.6661,0.0000,85.6068,0.8307,0.2317,16.6682,16.6607,15.8645,0.0008,-1.0000
16.6669,0.0000,85.6235,0.8202,0.2790,16.6713,16.6657,15.8404,0.0010,-1.0000
16.6666,0.0000,85.6401,1.0554,0.2146,16.6567,16.6590,15.8854,0.0007,-1.0000
16.6663,0.0000,85.6568,0.7001,0.1976,16.6708,16.6599,15.8845,0.0011,-1.0000
16.6678,0.0000,85.6735,0.7955,0.2140,16.6645,16.6678,15.9595,0.0008,-1.0000
16.6659,0.0000,85.6901,0.8244,0.1910,16.6703,16.6581,15.8244,0.0009,-1.0000
16.6674,0.0000,85.7068,0.7730,0.2129,16.6636,16.6663,15.9460,0.0011,-1.0000
16.6658,0.0000,85.7235,0.7743,0.2256,16.6636,16.6585,15.7579,0.0010,-1.0000
16.6668,0.0000,85.7400,0.7075,0.1943,16.6726,16.6636,15.9343,0.0011,-1.0000
16.6678,0.0000,85.7569,0.8329,0.2008,16.6620,16.6673,16.0248,0.0006,-1.0000
16.6656,0.0000,85.7735,0.7193,0.2295,16.6712,16.6568,15.7736,0.0010,-1.0000
16.6676,0.0000,85.7902,0.8996,0.1962,16.6621,16.6669,15.9584,0.0011,-1.0000
16.6664,0.0000,85.8068,0.7282,0.2171,16.6668,16.6610,15.8144,0.0008,-1.0000
16.6665,0.0000,85.8234,0.6419,0.2147,16.6726,16.6610,15.8703,0.0010,-1.0000
16.6703,0.0000,85.8402,0.8822,0.1856,16.6605,16.6757,15.9418,0.0009,-1.0000
16.6637,0.0000,85.8568,0.7074,0.2182,16.6720,16.6486,15.6162,0.0011,-1.0000
16.6695,0.0000,85.8736,0.8458,0.1973,16.6649,16.6741,15.7623,0.0010,-1.0000
16.6661,0.0000,85.8902,0.7898,0.1953,16.6655,16.6537,15.6220,0.0011,-1.0000
16.6639,0.0000,85.9068,0.7328,0.2444,16.6822,16.6514,15.6159,0.0010,-1.0000
16.6689,0.0000,85.9236,1.0313,0.2425,16.6540,16.6694,15.9142,0.0010,-1.0000
16.6663,0.0000,85.9401,0.9107,0.2301,16.6805,16.6596,15.6553,0.0011,-1.0000
16.6652,0.0000,85.9568,1.0304,0.2610,16.6613,16.6560,15.8106,0.0009,-1.0000
16.6674,0.0000,85.9735,1.0345,0.2043,16.6557,16.6667,15.9400,0.0009,-1.0000
16.6659,0.0000,85.9901,0.7542,0.2294,16.6747,16.6573,15.7815,0.0009,-1.0000
16.6691,0.0000,86.0069,1.0029,0.2450,16.6649,16.6713,15.9834,0.0009,-1.0000
16.6643,0.0000,86.0234,0.8447,0.1853,16.6606,16.6513,15.7516,0.0009,-1.0000
16.6670,0.0000,86.0401,0.7260,0.2111,16.6711,16.6648,15.9535,0.0009,-1.0000
16.6672,0.0000,86.0569,0.8750,0.1980,16.6611,16.6664,15.9838,0.0007,-1.0000
16.6662,0.0000,86.0734,0.6870,0.1983,16.6757,16.6570,15.7651,0.0010,-1.0000
16.6682,0.0000,86.0902,0.8988,0.1946,16.6565,16.6713,16.0399,0.0009,-1.0000
16.6650,0.0000,86.1068,0.7105,0.1909,16.6684,16.6537,15.7435,0.0012,-1.0000
16.6664,0.0000,86.1235,0.6819,0.2212,16.6705,16.6635,15.9375,0.0012,-1.0000
16.6671,0.0000,86.1401,0.8911,0.1921,16.6610,16.6639,15.9171,0.0009,-1.0000
16.6663,0.0000,86.1568,0.6303,0.2145,16.6764,16.6600,15.9448,0.0008,-1.0000
16.6681,0.0000,86.1735,0.9089,0.2097,16.6577,16.6701,16.0126,0.0007,-1.0000
16.7072,0.0000,86.1901,0.7249,0.2260,16.6680,16.6994,15.8222,0.0012,-1.0000
16.6673,0.0000,86.2069,0.7458,0.2105,16.6676,16.6663,15.9560,0.0013,-1.0000
16.6663,0.0000,86.2235,0.7143,0.2170,16.6632,16.6577,15.7351,0.0013,-1.0000
16.6670,0.0000,86.2401,0.6566,0.2143,16.6746,16.6641,15.9199,0.0011,-1.0000
16.6702,0.0000,86.2570,0.8762,0.2191,16.7026,16.6757,15.9176,0.0011,-1.0000
16.6628,0.0000,86.2735,0.7091,0.2336,16.6711,16.6477,15.5873,0.0012,-1.0000
16.6675,0.0000,86.2902,0.9214,0.2209,16.6621,16.6636,16.0140,0.0009,-1.0000
16.6666,0.0000,86.3068,0.7430,0.2212,16.6679,16.6594,15.7778,0.0008,-1.0000
16.6661,0.0000,86.3235,0.7571,0.2770,16.6826,16.6618,15.9350,0.0008,-1.0000
16.6672,0.0000,86.3401,1.0593,0.1819,16.6522,16.6668,16.0071,0.0007,-1.0000
16.6666,0.0000,86.3568,0.6487,0.2104,16.6684,16.6592,15.8615,0.0007,-1.0000
16.6674,0.0000,86.3735,0.8807,0.2198,16.6636,16.6683,15.9575,0.0010,-1.0000
16.6662,0.0000,86.3902,0.7257,0.1859,16.6653,16.6579,15.8182,0.0007,-1.0000
16.6665,0.0000,86.4068,0.6595,0.2188,16.6716,16.6607,15.8495,0.0010,-1.0000
16.6683,0.0000,86.4236,0.7969,0.2136,16.6628,16.6704,15.9769,0.0008,-1.0000
16.6650,0.0000,86.4401,0.7098,0.2000,16.6734,16.6540,15.6515,0.0008,-1.0000
16.6680,0.0000,86.4569,0.8390,0.2297,16.6621,16.6701,16.0389,0.0008,-1.0000
16.6656,0.0000,86.4735,0.8102,0.1920,16.6646,16.6563,15.7214,0.0008,-1.0000
16.6675,0.0000,86.4902,0.6929,0.2605,16.6752,16.6656,15.8413,0.0007,-1.0000
16.6659,0.0000,86.5069,1.0016,0.1907,16.6573,16.6592,15.8155,0.0010,-1.0000
16.6666,0.0000,86.5235,0.6302,0.2241,16.6753,16.6596,15.8093,0.0007,-1.0000
16.6677,0.0000,86.5401,0.9344,0.2273,16.6604,16.6686,15.8426,0.0011,-1.0000
16.6672,0.0000,86.5569,0.8235,0.2066,16.6697,16.6647,15.8949,0.0007,-1.0000
16.6652,0.0000,86.5734,0.8430,0.2185,16.6643,16.6532,15.7086,0.0010,-1.0000
16.6664,0.0000,86.5901,0.8498,0.2424,16.6628,16.6643,16.1057,0.0008,-1.0000
16.6673,0.0000,86.6068,0.8250,0.2044,16.6734,16.6660,15.9431,0.0009,-1.0000
16.6667,0.0000,86.6235,0.7690,0.2357,16.6694,16.6630,15.9674,0.0010,-1.0000
16.6668,0.0000,86.6401,0.9435,0.1955,16.6566,16.6649,15.9922,0.0008,-1.0000
16.6670,0.0000,86.6568,0.5579,0.1948,16.6674,16.6604,15.9049,0.0010,-1.0000
16.6676,0.0000,86.6736,0.7221,0.1855,16.6694,16.6650,15.9148,0.0011,-1.0000
16.6655,0.0000,86.6901,0.6946,0.2031,16.6665,16.6575,15.8163,0.0007,-1.0000
16.6682,0.0000,86.7069,0.6719,0.1936,16.6689,16.6703,16.0222,0.0009,-1.0000
16.6657,0.0000,86.7235,0.7545,0.1852,16.6642,16.6569,15.7336,0.0013,-1.0000
16.6659,0.0000,86.7401,0.7490,0.1948,16.6708,16.6598,15.8712,0.0009,-1.0000
16.6681,0.0000,86.7569,0.8404,0.2038,16.6606,16.6682,16.0957,0.0009,-1.0000
16.6659,0.0000,86.7735,0.6471,0.2461,16.6754,16.6590,15.7914,0.0011,-1.0000
16.6672,0.0000,86.7902,0.9221,0.2140,16.6612,16.6649,15.9942,0.0010,-1.0000
16.6668,0.0000,86.8069,0.7878,0.1886,16.6638,16.6636,15.8389,0.0009,-1.0000
16.6683,0.0000,86.8236,0.5714,0.2187,16.6725,16.6655,15.7482,0.0010,-1.0000
16.6659,0.0000,86.8401,0.8665,0.1854,16.6628,16.6578,15.6710,0.0008,-1.0000
16.6668,0.0000,86.8569,0.6700,0.1938,16.6702,16.6620,15.8436,0.0009,-1.0000
16.6660,0.0000,86.8735,0.8238,0.2155,16.6679,16.6606,15.7618,0.0010,-1.0000
16.6669,0.0000,86.8902,0.9164,0.2274,16.6717,16.6646,15.7993,0.0010,-1.0000
16.6661,0.0000,86.9068,0.9861,0.1996,16.6631,16.6569,15.6351,0.0009,-1.0000
16.6677,0.0000,86.9236,0.8174,0.2187,16.6671,16.6678,15.8651,0.0008,-1.0000
16.6678,0.0000,86.9402,0.8979,0.2131,16.6643,16.6622,15.6156,0.0010,-1.0000
16.6655,0.0000,86.9569,0.8642,0.2352,16.6699,16.6557,15.7379,0.0010,-1.0000
16.6668,0.0000,86.9736,1.0209,0.1975,16.6608,16.6645,15.8005,0.0011,-1.0000
16.6664,0.0000,86.9902,0.8018,0.2280,16.6735,16.6588,15.6859,0.0008,-1.0000
16.6674,0.0000,87.0069,1.0454,0.2382,16.6687,16.6647,15.7173,0.0011,-1.0000
16.6666,0.0000,87.0236,0.9170,0.2196,16.6602,16.6615,15.7817,0.0011,-1.0000
16.6659,0.0000,87.0401,0.8630,0.2139,16.6695,16.6582,15.7790,0.0011,-1.0000
16.6690,0.0000,87.0570,0.9720,0.2000,16.6637,16.6727,16.0092,0.0010,-1.0000
16.6655,0.0000,87.0735,0.9462,0.2264,16.6692,16.6542,15.5658,0.0010,-1.0000
16.6658,0.0000,87.0902,0.8787,0.2157,16.6663,16.6600,15.7895,0.0011,-1.0000
16.6678,0.0000,87.1069,0.8779,0.2175,16.6618,16.6665,15.9486,0.0010,-1.0000
16.6658,0.0000,87.1235,0.6623,0.2484,16.6783,16.6589,15.8319,0.0008,-1.0000
16.6674,0.0000,87.1401,1.0872,0.2422,16.6591,16.6647,15.9341,0.0009,-1.0000
16.6660,0.0000,87.1569,0.8695,0.1861,16.6635,16.6608,15.9042,0.0008,-1.0000
16.6666,0.0000,87.1735,0.7167,0.1966,16.6709,16.6607,15.8760,0.0009,-1.0000
16.6679,0.0000,87.1902,0.8263,0.1980,16.6628,16.6667,15.9702,0.0009,-1.0000
16.6655,0.0000,87.2068,0.7299,0.1945,16.6694,16.6584,15.8071,0.0011,-1.0000
16.6678,0.0000,87.2236,0.7559,0.1945,16.6644,16.6684,15.9607,0.0010,-1.0000
16.6664,0.0000,87.2401,0.7840,0.2058,16.6652,16.6589,15.7685,0.0008,-1.0000
16.6660,0.0000,87.2568,0.6956,0.2020,16.6712,16.6575,15.9491,0.0011,-1.0000
16.6667,0.0000,87.2734,0.8504,0.2047,16.6626,16.6637,16.0812,0.0009,-1.0000
16.6672,0.0000,87.2902,0.7070,0.2196,16.6732,16.6691,16.1421,0.0007,-1.0000
16.6661,0.0000,87.3068,0.8895,0.1940,16.6633,16.6585,15.9244,0.0012,-1.0000
16.6668,0.0000,87.3235,0.7074,0.1613,16.6609,16.6639,15.9661,0.0013,-1.0000
16.6672,0.0000,87.3401,0.5818,0.1453,16.6667,16.6634,15.9516,0.0010,-1.0000
16.6674,0.0000,87.3569,0.5261,0.1768,16.6725,16.6660,16.0658,0.0008,-1.0000
16.6656,0.0000,87.3735,0.7329,0.1929,16.6625,16.6581,15.8652,0.0011,-1.0000
16.6677,0.0000,87.3902,0.6966,0.1775,16.6676,16.6653,15.9791,0.0010,-1.0000
16.6665,0.0000,87.4069,0.7110,0.1792,16.6670,16.6613,15.9047,0.0008,-1.0000
16.6693,0.0000,87.4237,0.5994,0.1998,16.6713,16.6722,15.7173,0.0009,-1.0000
16.6669,0.0000,87.4402,0.7919,0.1717,16.6622,16.6591,15.4729,0.0011,-1.0000
16.6646,0.0000,87.4569,0.6855,0.2224,16.6692,16.6514,15.6634,0.0011,-1.0000
16.6661,0.0000,87.4736,0.7557,0.2093,16.6659,16.6614,15.7344,0.0009,-1.0000
16.6671,0.0000,87.4902,0.9538,0.2515,16.6790,16.6621,15.7109,0.0012,-1.0000
16.6673,0.0000,87.5069,1.1850,0.2544,16.6668,16.6649,15.7790,0.0010,-1.0000
16.6674,0.0000,87.5236,0.9870,0.2199,16.6577,16.6637,15.6820,0.0012,-1.0000
16.6687,0.0000,87.5402,0.9261,0.2511,16.6658,16.6633,15.6120,0.0009,-1.0000
16.6651,0.0000,87.5570,0.9501,0.2002,16.6674,16.6669,15.6472,0.0012,-1.0000
16.6688,0.0000,87.5737,0.8851,0.2320,16.6698,16.6577,15.4252,0.0014,-1.0000
16.6660,0.0000,87.5903,0.9805,0.2522,16.6699,16.6561,15.5349,0.0015,-1.0000
16.6661,0.0000,87.6070,1.0499,0.2521,16.6701,16.6543,15.4367,0.0011,-1.0000
16.6659,0.0000,87.6236,1.0187,0.3048,16.6750,16.6599,15.6109,0.0011,-1.0000
16.6682,0.0000,87.6402,1.2309,0.2504,16.6653,16.6637,15.6255,0.0011,-1.0000
16.6631,0.0000,87.6569,1.1195,0.2920,16.6641,16.6460,15.7014,0.0011,-1.0000
16.6703,0.0000,87.6736,1.2163,0.2391,16.6613,16.6771,15.9203,0.0010,-1.0000
16.6658,0.0000,87.6903,1.0476,0.2255,16.6663,16.6560,15.5962,0.0011,-1.0000
16.6660,0.0000,87.7069,1.0369,0.2406,16.6705,16.6572,15.6223,0.0011,-1.0000
16.6690,0.0000,87.7237,0.9436,0.2082,16.6506,16.6685,15.6663,0.0010,-1.0000
16.6659,0.0000,87.7402,0.7554,0.2657,16.6835,16.6564,15.5346,0.0012,-1.0000
16.6661,0.0000,87.7570,1.0587,0.2362,16.6632,16.6566,15.4406,0.0012,-1.0000
16.6682,0.0000,87.7736,1.0336,0.2294,16.6632,16.6630,15.6576,0.0010,-1.0000
16.6667,0.0000,87.7903,1.0011,0.3082,16.6763,16.6597,15.5874,0.0010,-1.0000
16.6652,0.0000,87.8070,1.1205,0.2888,16.6649,16.6506,15.5650,0.0011,-1.0000
16.6684,0.0000,87.8236,1.2149,0.2481,16.6634,16.6647,15.5135,0.0011,-1.0000
16.6655,0.0000,87.8402,1.0042,0.2560,16.6712,16.6543,15.5886,0.0009,-1.0000
16.6677,0.0000,87.8570,1.0711,0.2512,16.6684,16.6648,15.7559,0.0009,-1.0000
16.6653,0.0000,87.8736,1.0841,0.2371,16.6572,16.6547,15.5451,0.0011,-1.0000
16.6677,0.0000,87.8903,1.1498,0.2611,16.6721,16.6628,15.6255,0.0010,-1.0000
16.6654,0.0000,87.9070,1.0644,0.2321,16.6615,16.6579,15.6418,0.0009,-1.0000
16.6688,0.0000,87.9237,0.9077,0.3060,16.6718,16.6674,15.6642,0.0007,-1.0000
16.6657,0.0000,87.9402,1.1084,0.2083,16.6613,16.6551,15.5083,0.0011,-1.0000
16.6654,0.0000,87.9569,1.0359,0.2552,16.6687,16.6544,15.6425,0.0008,-1.0000
16.6672,0.0000,87.9736,1.0150,0.2404,16.6641,16.6652,15.5802,0.0010,-1.0000
16.6663,0.0000,87.9902,1.0022,0.2920,16.6750,16.6550,15.6308,0.0008,-1.0000
16.6658,0.0000,88.0069,1.1456,0.2961,16.6623,16.6598,15.6930,0.0011,-1.0000
16.6678,0.0000,88.0236,1.0110,0.2347,16.6602,16.6663,15.8020,0.0009,-1.0000
16.6648,0.0000,88.0401,1.0840,0.2163,16.6714,16.6534,15.7085,0.0009,-1.0000
16.6681,0.0000,88.0569,1.0234,0.2357,16.6613,16.6688,16.0377,0.0009,-1.0000
16.6662,0.0000,88.0735,0.9658,0.2025,16.6645,16.6581,15.7539,0.0009,-1.0000
16.6674,0.0000,88.0902,0.8636,0.2292,16.6713,16.6638,15.8958,0.0011,-1.0000
16.6663,0.0000,88.1069,0.9442,0.2226,16.6579,16.6604,15.8816,0.0007,-1.0000
16.6662,0.0000,88.1235,0.6304,0.2031,16.6741,16.6592,15.8336,0.0007,-1.0000
16.6678,0.0000,88.1402,0.9035,0.2076,16.6619,16.6699,15.9886,0.0009,-1.0000
16.6661,0.0000,88.1569,0.7670,0.1909,16.6691,16.6584,15.8285,0.0009,-1.0000
16.6662,0.0000,88.1735,0.7780,0.2374,16.6656,16.6600,15.8978,0.0011,-1.0000
16.6674,0.0000,88.1902,0.8249,0.2192,16.6625,16.6660,15.9566,0.0008,-1.0000
16.6665,0.0000,88.2068,0.6803,0.2210,16.6748,16.6603,15.8638,0.0010,-1.0000
16.6676,0.0000,88.2236,0.8289,0.1959,16.6631,16.6665,15.8993,0.0012,-1.0000
16.6652,0.0000,88.2401,0.7610,0.1727,16.6639,16.6566,15.7328,0.0008,-1.0000
16.6679,0.0000,88.2569,0.7086,0.2057,16.6704,16.6666,15.9843,0.0009,-1.0000
16.6659,0.0000,88.2735,0.7955,0.1922,16.6637,16.6601,15.7414,0.0012,-1.0000
16.6659,0.0000,88.2901,0.7661,0.2625,16.6710,16.6608,15.9265,0.0010,-1.0000
16.6684,0.0000,88.3069,0.9230,0.2177,16.6607,16.6732,16.0157,0.0008,-1.0000
16.6660,0.0000,88.3235,0.6816,0.1936,16.6713,16.6536,15.7297,0.0010,-1.0000
16.6667,0.0000,88.3401,0.9177,0.1899,16.6638,16.6640,15.9921,0.0010,-1.0000
16.6666,0.0000,88.3569,0.7335,0.2019,16.6640,16.6612,15.9238,0.0007,-1.0000
16.6665,0.0000,88.3735,0.6567,0.2288,16.6779,16.6627,15.9359,0.0008,-1.0000
16.6686,0.0000,88.3903,0.9230,0.1684,16.6576,16.6706,15.9618,0.0008,-1.0000
16.6649,0.0000,88.4068,0.6710,0.1839,16.6689,16.6531,15.6804,0.0012,-1.0000
16.6677,0.0000,88.4235,0.7367,0.1945,16.6646,16.6676,16.0121,0.0009,-1.0000
16.6660,0.0000,88.4401,0.7258,0.1824,16.6663,16.6590,15.8633,0.0008,-1.0000
16.6673,0.0000,88.4569,0.7080,0.2272,16.6752,16.6644,15.9950,0.0010,-1.0000
16.6675,0.0000,88.4736,0.9714,0.1797,16.6571,16.6645,15.7822,0.0009,-1.0000
16.6652,0.0000,88.4902,0.6548,0.1947,16.6722,16.6571,15.7325,0.0009,-1.0000
16.6679,0.0000,88.5069,0.7950,0.1992,16.6626,16.6665,15.8487,0.0012,-1.0000
16.6673,0.0000,88.5236,0.6684,0.3728,16.6685,16.6640,15.8162,0.0008,-1.0000
16.6660,0.0000,88.5402,0.8813,0.2472,16.6700,16.6602,15.7077,0.0010,-1.0000
16.6672,0.0000,88.5569,0.9238,0.2019,16.6610,16.6617,15.8665,0.0007,-1.0000
16.6654,0.0000,88.5735,0.8166,0.2237,16.6717,16.6565,15.6786,0.0009,-1.0000
16.6683,0.0000,88.5902,0.8471,0.2379,16.6688,16.6682,15.9582,0.0008,-1.0000
16.6660,0.0000,88.6069,0.9517,0.2187,16.6654,16.6574,15.8008,0.0007,-1.0000
16.6663,0.0000,88.6235,0.7944,0.2702,16.6676,16.6625,15.8507,0.0012,-1.0000
16.6677,0.0000,88.6402,0.9770,0.2213,16.6607,16.6648,15.9390,0.0009,-1.0000
16.6666,0.0000,88.6569,0.7091,0.2432,16.6733,16.6620,15.8742,0.0007,-1.0000
16.6664,0.0000,88.6736,0.8558,0.2080,16.6621,16.6611,15.7242,0.0013,-1.0000
16.6677,0.0000,88.6903,0.8107,0.2193,16.6666,16.6619,15.7745,0.0009,-1.0000
16.6647,0.0000,88.7068,0.7247,0.2322,16.6698,16.6570,15.6919,0.0008,-1.0000
16.6686,0.0000,88.7236,0.7873,0.2202,16.6679,16.6728,15.8865,0.0008,-1.0000
16.6651,0.0000,88.7401,0.9356,0.2226,16.6667,16.6499,15.6362,0.0009,-1.0000
16.6679,0.0000,88.7569,0.8864,0.2368,16.6670,16.6684,16.0044,0.0009,-1.0000
16.6660,0.0000,88.7736,0.9643,0.2421,16.6609,16.6586,15.7319,0.0008,-1.0000
16.6664,0.0000,88.7902,0.7855,0.2393,16.6786,16.6599,15.7776,0.0009,-1.0000
16.6681,0.0000,88.8070,1.0127,0.1908,16.6546,16.6692,15.9739,0.0010,-1.0000
16.6656,0.0000,88.8235,0.6631,0.2210,16.6730,16.6572,15.6254,0.0011,-1.0000
16.6677,0.0000,88.8401,0.9258,0.2124,16.6633,16.6650,15.8678,0.0009,-1.0000
16.6658,0.0000,88.8569,0.8816,0.2067,16.6636,16.6599,15.8543,0.0011,-1.0000
16.6666,0.0000,88.8735,0.6942,0.2234,16.6740,16.6613,15.7681,0.0008,-1.0000
16.6697,0.0000,88.8903,1.0309,0.2140,16.6624,16.6711,15.9544,0.0011,-1.0000
16.6652,0.0000,88.9069,0.7961,0.2223,16.6695,16.6560,15.6487,0.0009,-1.0000
16.6651,0.0000,88.9235,0.8048,0.2361,16.6651,16.6563,15.7806,0.0010,-1.0000
16.6688,0.0000,88.9402,0.8921,0.1901,16.6646,16.6716,15.9747,0.0008,-1.0000
16.6653,0.0000,88.9568,0.7154,0.2392,16.6771,16.6543,15.8205,0.0008,-1.0000
16.6681,0.0000,88.9736,1.0062,0.2232,16.6610,16.6691,15.9497,0.0008,-1.0000
16.6653,0.0000,88.9902,0.8747,0.1944,16.6594,16.6590,15.8158,0.0009,-1.0000
16.6661,0.0000,89.0068,0.6960,0.2473,16.6760,16.6585,15.8029,0.0011,-1.0000
16.6683,0.0000,89.0236,0.8327,0.2223,16.6582,16.6712,16.0323,0.0007,-1.0000
16.6654,0.0000,89.0401,0.7185,0.2039,16.6739,16.6526,15.7750,0.0010,-1.0000
16.6693,0.0000,89.0570,0.8424,0.2392,16.6635,16.6738,16.0381,0.0010,-1.0000
16.6659,0.0000,89.0736,0.8547,0.1811,16.6620,16.6567,15.6481,0.0011,-1.0000
16.6653,0.0000,89.0901,0.6384,0.2197,16.6767,16.6561,15.7296,0.0008,-1.0000
16.6673,0.0000,89.1069,0.8769,0.2061,16.6567,16.6669,15.9293,0.0009,-1.0000
16.6664,0.0000,89.1236,0.6345,0.2522,16.6788,16.6588,15.7711,0.0009,-1.0000
16.6662,0.0000,89.1401,1.0075,0.2659,16.6625,16.6615,15.8209,0.0011,-1.0000
16.6678,0.0000,89.1569,0.9259,0.1992,16.6605,16.6665,16.0014,0.0009,-1.0000
16.6658,0.0000,89.1735,0.7367,0.2145,16.6719,16.6577,15.7124,0.0010,-1.0000
16.6678,0.0000,89.1903,0.8869,0.2901,16.6627,16.6693,16.0166,0.0009,-1.0000
16.6660,0.0000,89.2068,0.8397,0.2471,16.6650,16.6576,15.7653,0.0010,-1.0000
16.6665,0.0000,89.2235,0.6642,0.2551,16.6708,16.6616,15.9008,0.0011,-1.0000
16.6687,0.0000,89.2402,0.9445,0.2107,16.6622,16.6721,15.9616,0.0008,-1.0000
16.6647,0.0000,89.2568,0.6517,0.2514,16.6741,16.6508,15.7921,0.0011,-1.0000
16.6674,0.0000,89.2736,0.8913,0.2389,16.6621,16.6675,15.9930,0.0013,-1.0000
16.6663,0.0000,89.2902,0.7596,0.2682,16.6650,16.6575,15.8161,0.0009,-1.0000
16.6665,0.0000,89.3068,0.7097,0.2841,16.6772,16.6599,15.8523,0.0010,-1.0000
16.6668,0.0000,89.3235,0.8577,0.2378,16.6548,16.6692,15.9299,0.0009,-1.0000
16.6664,0.0000,89.3401,0.6734,0.2607,16.6724,16.6554,15.8438,0.0008,-1.0000
16.6682,0.0000,89.3569,0.8407,0.2077,16.6648,16.6678,16.0831,0.0009,-1.0000
16.6661,0.0000,89.3735,0.8066,0.1910,16.6634,16.6613,15.7571,0.0010,-1.0000
16.6672,0.0000,89.3902,0.7383,0.2398,16.6731,16.6629,15.9139,0.0009,-1.0000
16.6670,0.0000,89.4069,0.8108,0.1856,16.6595,16.6644,15.7550,0.0010,-1.0000
16.6692,0.0000,89.4237,0.5833,0.2281,16.6723,16.6693,15.6341,0.0011,-1.0000
16.6675,0.0000,89.4402,0.9032,0.2388,16.6655,16.6584,15.3665,0.0012,-1.0000
16.6663,0.0000,89.4570,0.7481,0.2519,16.6680,16.6591,15.5596,0.0012,-1.0000
16.6636,0.0000,89.4736,0.9081,0.2804,16.6705,16.6474,15.5263,0.0010,-1.0000
16.6703,0.0000,89.4904,1.0336,0.3084,16.6777,16.6717,15.7117,0.0012,-1.0000
16.6647,0.0000,89.5070,1.2906,0.2997,16.6664,16.6530,15.4906,0.0011,-1.0000
16.6657,0.0000,89.5236,1.0984,0.2914,16.6676,16.6559,15.6586,0.0009,-1.0000
16.6656,0.0000,89.5401,1.1200,0.2676,16.6535,16.6559,15.7047,0.0009,-1.0000
16.6705,0.0000,89.5570,0.9588,0.3037,16.6785,16.6794,16.1171,0.0009,-1.0000
16.6641,0.0000,89.5736,1.1609,0.2329,16.6604,16.6505,15.4838,0.0012,-1.0000
16.6660,0.0000,89.5902,0.9963,0.2385,16.6612,16.6561,15.6555,0.0011,-1.0000
16.6666,0.0000,89.6069,0.9505,0.2207,16.6599,16.6659,15.8701,0.0007,-1.0000
16.6671,0.0000,89.6235,0.5610,0.3424,16.6858,16.6613,15.7315,0.0011,-1.0000
16.6679,0.0000,89.6402,1.1655,0.2701,16.6568,16.6659,15.8088,0.0009,-1.0000
16.6676,0.0000,89.6569,0.9997,0.2254,16.6599,16.6633,15.7362,0.0010,-1.0000
16.6643,0.0000,89.6735,0.7951,0.2269,16.6705,16.6508,15.6259,0.0012,-1.0000
16.6682,0.0000,89.6903,0.9288,0.2167,16.6659,16.6715,15.9603,0.0008,-1.0000
16.6657,0.0000,89.7069,0.8562,0.2531,16.6713,16.6550,15.6815,0.0009,-1.0000
16.6661,0.0000,89.7235,0.9261,0.2474,16.6702,16.6566,15.7650,0.0010,-1.0000
16.6690,0.0000,89.7402,1.0238,0.1924,16.6555,16.6714,15.9412,0.0008,-1.0000
16.6651,0.0000,89.7569,0.7104,0.2518,16.6779,16.6552,15.6825,0.0008,-1.0000
16.6669,0.0000,89.7735,0.9727,0.2213,16.6606,16.6647,15.9397,0.0009,-1.0000
16.6673,0.0000,89.7902,0.8905,0.2369,16.6603,16.6639,15.9151,0.0010,-1.0000
16.6658,0.0000,89.8068,0.7293,0.2436,16.6762,16.6576,15.8011,0.0010,-1.0000
16.6687,0.0000,89.8236,0.9719,0.1839,16.6590,16.6741,16.0125,0.0008,-1.0000
16.6649,0.0000,89.8401,0.7240,0.1961,16.6684,16.6507,15.5823,0.0010,-1.0000
16.6673,0.0000,89.8569,0.7478,0.2166,16.6683,16.6654,16.0241,0.0010,-1.0000
16.6667,0.0000,89.8735,0.8556,0.1885,16.6615,16.6615,15.8529,0.0009,-1.0000
16.6663,0.0000,89.8902,0.6610,0.2369,16.6800,16.6611,15.8351,0.0008,-1.0000
16.6675,0.0000,89.9069,1.0674,0.2331,16.6552,16.6673,15.9268,0.0012,-1.0000
16.6664,0.0000,89.9235,0.6401,0.2437,16.6699,16.6589,15.7458,0.0009,-1.0000
16.6668,0.0000,89.9401,0.8080,0.2186,16.6661,16.6635,15.9717,0.0011,-1.0000
16.6692,0.0000,89.9569,0.8252,0.1811,16.6644,16.6695,15.8655,0.0010,-1.0000
16.6646,0.0000,89.9736,0.7393,0.2425,16.6720,16.6521,15.6786,0.0011,-1.0000
16.6666,0.0000,89.9902,0.9123,0.1718,16.6626,16.6651,15.7991,0.0011,-1.0000
16.6662,0.0000,90.0068,0.6908,0.2327,16.6686,16.6579,15.6883,0.0008,-1.0000
16.6669,0.0000,90.0235,0.8029,0.2421,16.6754,16.6622,15.9087,0.0009,-1.0000
16.6675,0.0000,90.0402,0.9722,0.2223,16.6579,16.6674,15.8941,0.0009,-1.0000
16.6657,0.0000,90.0569,0.8650,0.2325,16.6698,16.6566,15.8131,0.0008,-1.0000
16.6676,0.0000,90.0736,0.9687,0.2077,16.6618,16.6677,15.9836,0.0009,-1.0000
16.6663,0.0000,90.0902,0.7527,0.1920,16.6659,16.6588,15.8218,0.0009,-1.0000
16.6668,0.0000,90.1068,0.7728,0.2361,16.6721,16.6638,15.8809,0.0010,-1.0000
16.6679,0.0000,90.1236,0.8427,0.2066,16.6608,16.6668,15.8644,0.0011,-1.0000
16.6669,0.0000,90.1402,0.6831,0.2344,16.6722,16.6616,15.6027,0.0009,-1.0000
16.6655,0.0000,90.1569,0.8362,0.1974,16.6627,16.6591,15.7673,0.0008,-1.0000
16.6662,0.0000,90.1736,0.7818,0.1949,16.6671,16.6611,15.7346,0.0008,-1.0000
16.6692,0.0000,90.1903,0.8011,0.3002,16.6729,16.6694,15.7864,0.0009,-1.0000
16.6671,0.0000,90.2070,1.0580,0.2474,16.6667,16.6647,15.6383,0.0013,-1.0000
16.6643,0.0000,90.2236,0.8911,0.2170,16.6639,16.6542,15.5714,0.0014,-1.0000
16.6686,0.0000,90.2402,0.9259,0.2222,16.6652,16.6618,15.7139,0.0010,-1.0000
16.6661,0.0000,90.2570,0.8821,0.2593,16.6753,16.6604,15.7257,0.0009,-1.0000
16.6658,0.0000,90.2736,1.0249,0.2525,16.6720,16.6545,15.6079,0.0012,-1.0000
16.6664,0.0000,90.2902,1.0815,0.2571,16.6592,16.6627,15.7922,0.0011,-1.0000
16.6681,0.0000,90.3070,0.9468,0.2379,16.6669,16.6661,15.7823,0.0011,-1.0000
16.6654,0.0000,90.3235,0.9337,0.2604,16.6670,16.6559,15.6384,0.0012,-1.0000
16.6667,0.0000,90.3401,1.0455,0.2351,16.6596,16.6620,15.8725,0.0009,-1.0000
16.6672,0.0000,90.3569,0.8697,0.2262,16.6673,16.6632,16.0500,0.0007,-1.0000
16.6664,0.0000,90.3736,0.8823,0.2300,16.6717,16.6629,15.8966,0.0007,-1.0000
16.6666,0.0000,90.3902,1.0164,0.2063,16.6612,16.6608,15.7274,0.0009,-1.0000
16.6693,0.0000,90.4070,0.7887,0.2294,16.6659,16.6736,15.8519,0.0010,-1.0000
16.6642,0.0000,90.4235,0.6125,0.2348,16.6669,16.6494,15.5801,0.0011,-1.0000
16.6669,0.0000,90.4401,0.7654,0.2358,16.6672,16.6651,15.8884,0.0008,-1.0000
16.6666,0.0000,90.4569,0.9328,0.2243,16.6642,16.6610,15.8845,0.0009,-1.0000
16.6668,0.0000,90.4735,0.8206,0.2899,16.6801,16.6617,15.7706,0.0009,-1.0000
16.6676,0.0000,90.4903,1.0683,0.2046,16.6538,16.6688,15.8729,0.0010,-1.0000
16.6666,0.0000,90.5069,0.7759,0.2143,16.6695,16.6605,15.7169,0.0011,-1.0000
16.6661,0.0000,90.5236,0.7757,0.1971,16.6658,16.6577,15.6155,0.0010,-1.0000
16.6668,0.0000,90.5402,0.8902,0.2392,16.6657,16.6638,15.7636,0.0008,-1.0000
16.6671,0.0000,90.5570,0.7949,0.2494,16.6735,16.6614,15.7424,0.0009,-1.0000
16.6664,0.0000,90.5735,0.9426,0.2841,16.6661,16.6601,15.6542,0.0013,-1.0000
16.6668,0.0000,90.5902,1.0412,0.2295,16.6632,16.6634,15.7922,0.0010,-1.0000
16.6660,0.0000,90.6068,0.8996,0.2223,16.6688,16.6594,15.7986,0.0009,-1.0000
16.6673,0.0000,90.6236,0.9182,0.2822,16.6665,16.6669,15.9526,0.0009,-1.0000
16.6662,0.0000,90.6401,1.0048,0.2430,16.6643,16.6591,15.8088,0.0013,-1.0000
16.6668,0.0000,90.6568,0.8703,0.2353,16.6675,16.6611,15.8784,0.0008,-1.0000
16.6678,0.0000,90.6736,0.8600,0.2009,16.6631,16.6689,15.9955,0.0010,-1.0000
16.6664,0.0000,90.6903,0.7134,0.2192,16.6709,16.6687,15.7151,0.0009,-1.0000
16.6669,0.0000,90.7069,0.8490,0.2292,16.6639,16.6523,15.7407,0.0010,-1.0000
16.6666,0.0000,90.7236,0.7819,0.1909,16.6641,16.6627,15.8163,0.0010,-1.0000
16.6661,0.0000,90.7401,0.6722,0.2403,16.6745,16.6585,15.7352,0.0009,-1.0000
16.6687,0.0000,90.7570,0.9530,0.2411,16.6738,16.6682,15.9043,0.0012,-1.0000
16.6658,0.0000,90.7735,0.9107,0.2457,16.6568,16.6580,15.6262,0.0008,-1.0000
16.6657,0.0000,90.7901,0.8457,0.2402,16.6685,16.6579,15.7396,0.0008,-1.0000
16.6683,0.0000,90.8069,0.9225,0.2133,16.6623,16.6696,15.9732,0.0010,-1.0000
16.6656,0.0000,90.8235,0.7626,0.2382,16.6741,16.6580,15.6883,0.0009,-1.0000
16.6682,0.0000,90.8402,1.0310,0.2436,16.6629,16.6676,15.8325,0.0009,-1.0000
16.6659,0.0000,90.8569,0.9175,0.1944,16.6611,16.6597,15.7501,0.0010,-1.0000
16.6657,0.0000,90.8735,0.6950,0.2284,16.6744,16.6526,15.6996,0.0010,-1.0000
16.6701,0.0000,90.8903,0.9688,0.2637,16.6629,16.6770,16.0006,0.0007,-1.0000
16.6675,0.0000,90.9070,0.8340,0.2119,16.6732,16.6606,15.5657,0.0011,-1.0000
16.6632,0.0000,90.9235,0.9086,0.2183,16.6656,16.6459,15.5875,0.0013,-1.0000
16.6680,0.0000,90.9402,0.9523,0.1839,16.6565,16.6694,15.9037,0.0010,-1.0000
16.6653,0.0000,90.9569,0.6759,0.2687,16.6839,16.6551,15.7198,0.0011,-1.0000
16.6660,0.0000,90.9735,1.0938,0.2199,16.6688,16.6605,15.8081,0.0010,-1.0000
16.6690,0.0000,90.9903,1.0574,0.2014,16.6517,16.6732,15.9319,0.0009,-1.0000
16.6650,0.0000,91.0068,0.7647,0.2222,16.6748,16.6518,15.6354,0.0014,-1.0000
16.6664,0.0000,91.0235,0.9342,0.1999,16.6602,16.6618,15.9369,0.0009,-1.0000
16.6677,0.0000,91.0402,0.8516,0.1800,16.6634,16.6665,15.8697,0.0009,-1.0000
16.6661,0.0000,91.0569,0.7402,0.2384,16.6786,16.6590,15.8678,0.0009,-1.0000
16.6690,0.0000,91.0736,1.0149,0.1987,16.6567,16.6718,15.9035,0.0009,-1.0000
16.6643,0.0000,91.0902,0.7240,0.1911,16.6657,16.6502,15.6449,0.0010,-1.0000
16.6667,0.0000,91.1068,0.7959,0.2071,16.6715,16.6612,15.8165,0.0008,-1.0000
16.6688,0.0000,91.1236,0.7905,0.2006,16.6630,16.6707,15.9336,0.0010,-1.0000
16.6644,0.0000,91.1401,0.7674,0.2169,16.6777,16.6521,15.6825,0.0011,-1.0000
16.6678,0.0000,91.1569,1.0045,0.1968,16.6555,16.6677,16.0088,0.0010,-1.0000
16.6685,0.0000,91.1736,0.8438,0.1941,16.6649,16.6673,15.8287,0.0010,-1.0000
16.6640,0.0000,91.1902,0.7363,0.2169,16.6758,16.6514,15.5942,0.0011,-1.0000
16.6683,0.0000,91.2070,0.9686,0.1979,16.6563,16.6705,15.9822,0.0010,-1.0000
16.6659,0.0000,91.2236,0.6580,0.2011,16.6721,16.6580,15.6885,0.0010,-1.0000
16.6669,0.0000,91.2402,0.8377,0.2099,16.6732,16.6614,15.8194,0.0011,-1.0000
16.6683,0.0000,91.2570,1.0562,0.2123,16.6559,16.6685,15.7507,0.0007,-1.0000
16.6644,0.0000,91.2735,0.6872,0.2141,16.6756,16.6474,15.4794,0.0011,-1.0000
16.6678,0.0000,91.2903,0.9683,0.2096,16.6628,16.6695,15.8777,0.0008,-1.0000
16.6668,0.0000,91.3069,0.8411,0.2117,16.6672,16.6610,15.6266,0.0011,-1.0000
16.6655,0.0000,91.3235,0.9167,0.2357,16.6761,16.6586,15.6723,0.0012,-1.0000
16.6688,0.0000,91.3402,1.1669,0.1690,16.6517,16.6684,15.9263,0.0009,-1.0000
16.6646,0.0000,91.3569,0.7907,0.2128,16.6739,16.6558,15.7858,0.0008,-1.0000
16.6673,0.0000,91.3736,1.0330,0.2288,16.6665,16.6638,15.8661,0.0008,-1.0000
16.6686,0.0000,91.3903,0.9851,0.1992,16.6627,16.6684,15.8094,0.0008,-1.0000
16.6657,0.0000,91.4069,0.7409,0.2346,16.6737,16.6552,15.5783,0.0010,-1.0000
16.6672,0.0000,91.4236,0.8694,0.1913,16.6604,16.6682,15.5912,0.0012,-1.0000
16.6677,0.0000,91.4402,0.7970,0.2074,16.6681,16.6557,15.6320,0.0013,-1.0000
16.6642,0.0000,91.4569,0.8580,0.2405,16.6746,16.6512,15.6815,0.0008,-1.0000
16.6690,0.0000,91.4736,1.0759,0.2169,16.6627,16.6706,15.9486,0.0009,-1.0000
16.6657,0.0000,91.4903,1.0758,0.2440,16.6745,16.6579,15.6582,0.0011,-1.0000
16.6657,0.0000,91.5068,1.0222,0.2322,16.6618,16.6584,15.7409,0.0009,-1.0000
16.6694,0.0000,91.5237,0.9687,0.1834,16.6552,16.6721,15.9340,0.0010,-1.0000
16.6653,0.0000,91.5402,0.7210,0.2556,16.6754,16.6553,15.5507,0.0010,-1.0000
16.6678,0.0000,91.5570,0.9988,0.2072,16.6635,16.6628,15.6926,0.0010,-1.0000
16.6667,0.0000,91.5736,0.9166,0.1844,16.6624,16.6593,15.6058,0.0011,-1.0000
16.6646,0.0000,91.5902,0.7370,0.2253,16.6795,16.6542,15.6842,0.0012,-1.0000
16.6683,0.0000,91.6069,1.1035,0.2289,16.6612,16.6697,15.9420,0.0012,-1.0000
16.6658,0.0000,91.6235,0.9693,0.2562,16.6693,16.6597,15.6871,0.0011,-1.0000
16.6676,0.0000,91.6402,1.0524,0.2363,16.6650,16.6655,15.8218,0.0010,-1.0000
16.6661,0.0000,91.6569,0.9686,0.1943,16.6578,16.6586,15.7423,0.0010,-1.0000
16.6656,0.0000,91.6735,0.7265,0.2120,16.6745,16.6577,15.7341,0.0008,-1.0000
16.6678,0.0000,91.6902,0.9717,0.1992,16.6640,16.6670,15.8718,0.0009,-1.0000
16.6663,0.0000,91.7069,0.8426,0.2307,16.6706,16.6619,15.8007,0.0009,-1.0000
16.6660,0.0000,91.7235,0.9153,0.1968,16.6638,16.6557,15.6283,0.0009,-1.0000
16.6684,0.0000,91.7402,0.9229,0.2216,16.6620,16.6689,15.8699,0.0009,-1.0000
16.6666,0.0000,91.7569,0.7943,0.2082,16.6713,16.6599,15.6632,0.0009,-1.0000
16.6656,0.0000,91.7735,0.8603,0.2055,16.6683,16.6578,15.6953,0.0010,-1.0000
16.6686,0.0000,91.7903,1.0267,0.2094,16.6598,16.6698,15.8908,0.0009,-1.0000
16.6647,0.0000,91.8068,0.7983,0.2262,16.6744,16.6544,15.6733,0.0014,-1.0000
16.6683,0.0000,91.8236,0.9958,0.2319,16.6657,16.6685,15.9613,0.0009,-1.0000
16.6655,0.0000,91.8401,0.9614,0.2139,16.6617,16.6566,15.7375,0.0012,-1.0000
16.6667,0.0000,91.8569,0.7780,0.2172,16.6747,16.6614,15.8974,0.0009,-1.0000
16.6685,0.0000,91.8736,0.9800,0.2052,16.6585,16.6688,15.9523,0.0008,-1.0000
16.6657,0.0000,91.8902,0.7062,0.2185,16.6737,16.6561,15.5931,0.0010,-1.0000
16.6660,0.0000,91.9069,0.9184,0.2138,16.6618,16.6609,15.7660,0.0009,-1.0000
16.6680,0.0000,91.9236,0.7633,0.1753,16.6653,16.6679,15.8454,0.0008,-1.0000
16.6654,0.0000,91.9401,0.7156,0.2814,16.6745,16.6529,15.6418,0.0010,-1.0000
16.6680,0.0000,91.9569,1.0619,0.2265,16.6608,16.6685,16.0083,0.0013,-1.0000
16.6659,0.0000,91.9736,0.8941,0.1959,16.6650,16.6592,15.7369,0.0009,-1.0000
16.6665,0.0000,91.9902,0.8216,0.2283,16.6741,16.6605,15.8208,0.0010,-1.0000
16.6684,0.0000,92.0069,1.0103,0.1717,16.6573,16.6708,15.8896,0.0012,-1.0000
16.6646,0.0000,92.0235,0.6589,0.2121,16.6732,16.6518,15.6649,0.0009,-1.0000
16.6674,0.0000,92.0401,0.9213,0.2116,16.6642,16.6665,15.9448,0.0012,-1.0000
16.6674,0.0000,92.0569,0.8387,0.2180,16.6642,16.6624,15.7923,0.0010,-1.0000
16.6655,0.0000,92.0735,0.7801,0.3244,16.6753,16.6575,15.7713,0.0008,-1.0000
16.6685,0.0000,92.0902,0.9861,0.1961,16.6570,16.6687,15.9928,0.0008,-1.0000
16.6649,0.0000,92.1069,0.7205,0.2180,16.6709,16.6559,15.7827,0.0011,-1.0000
16.6665,0.0000,92.1235,0.8692,0.2412,16.6673,16.6628,15.9063,0.0009,-1.0000
16.6676,0.0000,92.1402,0.8854,0.1956,16.6619,16.6679,15.9177,0.0009,-1.0000
16.6663,0.0000,92.1569,0.6751,0.1965,16.6728,16.6576,15.8025,0.0008,-1.0000
16.6672,0.0000,92.1736,0.8722,0.2125,16.6609,16.6677,15.9589,0.0012,-1.0000
16.6661,0.0000,92.1902,0.7556,0.1982,16.6666,16.6579,15.7882,0.0010,-1.0000
16.6668,0.0000,92.2069,0.7492,0.2148,16.6723,16.6643,15.9093,0.0009,-1.0000
16.6672,0.0000,92.2236,0.8543,0.1885,16.6615,16.6640,15.8803,0.0010,-1.0000
16.6657,0.0000,92.2401,0.7076,0.2155,16.6722,16.6581,15.7788,0.0008,-1.0000
16.6677,0.0000,92.2569,0.8690,0.2152,16.6614,16.6680,16.0662,0.0008,-1.0000
16.6661,0.0000,92.2735,0.7541,0.1891,16.6681,16.6596,15.8136,0.0008,-1.0000
16.6666,0.0000,92.2902,0.7828,0.2227,16.6686,16.6615,15.8590,0.0009,-1.0000
16.6682,0.0000,92.3069,0.8784,0.2034,16.6620,16.6683,15.9433,0.0009,-1.0000
16.6649,0.0000,92.3235,0.6008,0.2038,16.6722,16.6551,15.7669,0.0009,-1.0000
16.6676,0.0000,92.3401,0.8454,0.2060,16.6643,16.6654,16.0240,0.0009,-1.0000
16.6667,0.0000,92.3569,0.8017,0.1873,16.6649,16.6631,15.9753,0.0009,-1.0000
16.6660,0.0000,92.3735,0.7238,0.2180,16.6735,16.6605,15.7893,0.0010,-1.0000
16.6678,0.0000,92.3902,0.8873,0.1866,16.6585,16.6665,16.0127,0.0008,-1.0000
16.6672,0.0000,92.4069,0.6407,0.1910,16.6695,16.6641,15.7997,0.0009,-1.0000
16.6664,0.0000,92.4236,0.6868,0.1949,16.6675,16.6613,15.6828,0.0010,-1.0000
16.6668,0.0000,92.4402,0.8702,0.1824,16.6644,16.6616,15.6848,0.0010,-1.0000
16.6651,0.0000,92.4568,0.6531,0.2139,16.6710,16.6530,15.8538,0.0008,-1.0000
16.6679,0.0000,92.4736,0.8636,0.2465,16.6693,16.6684,16.0712,0.0008,-1.0000
16.6659,0.0000,92.4902,0.9776,0.2186,16.6668,16.6585,15.7775,0.0008,-1.0000
16.6666,0.0000,92.5068,0.9758,0.2138,16.6670,16.6632,15.9961,0.0009,-1.0000
16.6675,0.0000,92.5236,0.7983,0.1873,16.6564,16.6669,15.9685,0.0009,-1.0000
16.6663,0.0000,92.5401,0.5964,0.2214,16.6728,16.6609,15.7707,0.0007,-1.0000
16.6689,0.0000,92.5570,0.8800,0.1930,16.6626,16.6699,15.9097,0.0008,-1.0000
16.6648,0.0000,92.5736,0.6663,0.1897,16.6669,16.6530,15.6542,0.0009,-1.0000
16.6667,0.0000,92.5902,0.6973,0.2059,16.6704,16.6618,15.8133,0.0008,-1.0000
16.6665,0.0000,92.6069,0.8896,0.2323,16.6655,16.6641,15.9143,0.0009,-1.0000
16.6670,0.0000,92.6236,0.7593,0.2618,16.6753,16.6637,15.8761,0.0010,-1.0000
16.6662,0.0000,92.6401,0.9980,0.2257,16.6586,16.6579,15.7656,0.0009,-1.0000
16.6691,0.0000,92.6570,0.8478,0.2130,16.6656,16.6748,16.0219,0.0008,-1.0000
16.6648,0.0000,92.6735,0.7489,0.2084,16.6677,16.6516,15.5636,0.0008,-1.0000
16.6666,0.0000,92.6902,0.7868,0.2070,16.6682,16.6636,15.9351,0.0008,-1.0000
16.6689,0.0000,92.7069,0.8916,0.2164,16.6610,16.6657,15.8908,0.0010,-1.0000
16.6644,0.0000,92.7235,0.6519,0.2709,16.6808,16.6585,15.7706,0.0008,-1.0000
16.6684,0.0000,92.7402,1.0873,0.2204,16.6558,16.6698,15.9704,0.0010,-1.0000
16.6656,0.0000,92.7569,0.7277,0.2147,16.6670,16.6552,15.8434,0.0009,-1.0000
16.6667,0.0000,92.7735,0.7741,0.2108,16.6697,16.6696,15.9203,0.0011,-1.0000
16.6661,0.0000,92.7902,0.8872,0.1891,16.6621,16.6534,15.8622,0.0008,-1.0000
16.6669,0.0000,92.8068,0.6985,0.2256,16.6749,16.6625,15.8553,0.0008,-1.0000
16.6674,0.0000,92.8236,0.8105,0.1919,16.6598,16.6672,15.9831,0.0008,-1.0000
16.6660,0.0000,92.8401,0.7485,0.2233,16.6760,16.6592,15.7587,0.0009,-1.0000
16.6671,0.0000,92.8569,0.7903,0.2017,16.6572,16.6638,15.9733,0.0008,-1.0000
16.6673,0.0000,92.8736,0.8065,0.1706,16.6658,16.6638,15.9179,0.0012,-1.0000
16.6662,0.0000,92.8902,0.6835,0.1956,16.6717,16.6620,15.8093,0.0010,-1.0000
16.6665,0.0000,92.9069,0.8996,0.2154,16.6626,16.6617,15.8465,0.0010,-1.0000
16.6673,0.0000,92.9236,0.6896,0.2007,16.6671,16.6641,15.8431,0.0010,-1.0000
16.6660,0.0000,92.9401,0.7446,0.2152,16.6690,16.6598,15.8688,0.0010,-1.0000
16.6674,0.0000,92.9569,0.8517,0.2222,16.6664,16.6666,16.0382,0.0010,-1.0000
16.6661,0.0000,92.9735,0.8142,0.2138,16.6657,16.6581,15.7164,0.0010,-1.0000
16.6671,0.0000,92.9902,0.8199,0.2214,16.6686,16.6637,15.8618,0.0010,-1.0000
16.6684,0.0000,93.0069,0.7901,0.1948,16.6635,16.6707,15.8357,0.0010,-1.0000
16.6653,0.0000,93.0236,0.6275,0.2354,16.6715,16.6547,15.6581,0.0010,-1.0000
16.6665,0.0000,93.0402,0.9406,0.2303,16.6624,16.6612,15.7703,0.0009,-1.0000
16.6675,0.0000,93.0569,0.8010,0.2182,16.6678,16.6640,15.7745,0.0011,-1.0000
16.6654,0.0000,93.0735,0.8340,0.2532,16.6769,16.6569,15.7469,0.0009,-1.0000
16.6685,0.0000,93.0902,0.9956,0.2438,16.6596,16.6691,16.0421,0.0007,-1.0000
16.6655,0.0000,93.1069,0.8901,0.2746,16.6652,16.6603,15.7458,0.0009,-1.0000
16.6663,0.0000,93.1235,0.8885,0.2352,16.6688,16.6591,15.9205,0.0009,-1.0000
16.6684,0.0000,93.1402,0.9092,0.2001,16.6599,16.6726,16.0599,0.0010,-1.0000
16.6656,0.0000,93.1569,0.6262,0.2340,16.6736,16.6560,15.7354,0.0008,-1.0000
16.6665,0.0000,93.1735,0.9137,0.1969,16.6640,16.6622,15.9086,0.0009,-1.0000
16.6672,0.0000,93.1902,0.7378,0.2140,16.6624,16.6635,15.8711,0.0010,-1.0000
16.6661,0.0000,93.2068,0.6115,0.2381,16.6770,16.6605,15.8756,0.0010,-1.0000
16.6676,0.0000,93.2236,0.9199,0.2412,16.6602,16.6669,16.0059,0.0011,-1.0000
16.6665,0.0000,93.2401,0.7529,0.2165,16.6661,16.6608,15.7501,0.0010,-1.0000
16.6667,0.0000,93.2569,0.7914,0.2156,16.6679,16.6618,15.8595,0.0007,-1.0000
16.6669,0.0000,93.2736,0.7840,0.2041,16.6640,16.6632,15.8124,0.0009,-1.0000
16.6662,0.0000,93.2902,0.6603,0.2317,16.6714,16.6608,15.7044,0.0009,-1.0000
16.6678,0.0000,93.3069,0.9097,0.2385,16.6657,16.6645,15.9340,0.0010,-1.0000
16.6654,0.0000,93.3235,0.8017,0.2277,16.6665,16.6576,15.7004,0.0008,-1.0000
16.6672,0.0000,93.3401,0.8501,0.2964,16.6679,16.6649,15.9469,0.0009,-1.0000
16.6669,0.0000,93.3569,0.9557,0.1995,16.6643,16.6625,15.9884,0.0008,-1.0000
16.6692,0.0000,93.3736,0.7295,0.2240,16.6697,16.6679,15.8460,0.0011,-1.0000
16.6668,0.0000,93.3903,0.9565,0.2254,16.6615,16.6692,15.8157,0.0008,-1.0000
16.6656,0.0000,93.4070,0.7169,0.2051,16.6685,16.6534,15.5720,0.0010,-1.0000
16.6654,0.0000,93.4235,0.6734,0.2553,16.6670,16.6547,15.5436,0.0009,-1.0000
16.6669,0.0000,93.4402,0.8207,0.2244,16.6725,16.6639,15.8554,0.0009,-1.0000
16.6671,0.0000,93.4569,0.8524,0.2789,16.6753,16.6642,15.7937,0.0009,-1.0000
16.6674,0.0000,93.4736,1.0801,0.2693,16.6606,16.6627,15.7249,0.0010,-1.0000
16.6660,0.0000,93.4903,1.1101,0.2285,16.6592,16.6597,15.6774,0.0009,-1.0000
16.6666,0.0000,93.5068,0.8076,0.2446,16.6687,16.6597,15.7470,0.0011,-1.0000
16.6688,0.0000,93.5237,0.8696,0.2323,16.6680,16.6703,15.9020,0.0008,-1.0000
16.6650,0.0000,93.5402,0.9369,0.2932,16.6680,16.6554,15.6435,0.0010,-1.0000
16.6664,0.0000,93.5569,0.9813,0.2356,16.6648,16.6593,15.8005,0.0009,-1.0000
16.6688,0.0000,93.5736,0.9116,0.2145,16.6637,16.6700,15.7932,0.0012,-1.0000
16.6645,0.0000,93.5902,0.7677,0.2709,16.6762,16.6543,15.6862,0.0011,-1.0000
16.6664,0.0000,93.6069,1.0110,0.2521,16.6612,16.6604,15.7699,0.0009,-1.0000
16.6696,0.0000,93.6236,0.8580,0.2279,16.6632,16.6711,15.9027,0.0010,-1.0000
16.6644,0.0000,93.6402,0.8757,0.2406,16.6757,16.6532,15.6078,0.0009,-1.0000
16.6671,0.0000,93.6569,0.9671,0.2310,16.6600,16.6636,15.8536,0.0010,-1.0000
16.6664,0.0000,93.6735,0.8896,0.2340,16.6646,16.6617,15.7897,0.0010,-1.0000
16.6664,0.0000,93.6902,0.7674,0.2386,16.6771,16.6594,15.8721,0.0009,-1.0000
16.6688,0.0000,93.7069,1.0444,0.2322,16.6579,16.6697,15.9712,0.0009,-1.0000
16.6648,0.0000,93.7235,0.8089,0.2428,16.6676,16.6546,15.7658,0.0009,-1.0000
16.6664,0.0000,93.7401,0.8710,0.2076,16.6665,16.6614,15.9518,0.0010,-1.0000
16.6681,0.0000,93.7569,0.7866,0.2097,16.6629,16.6682,16.0914,0.0009,-1.0000
16.6655,0.0000,93.7735,0.6973,0.2171,16.6747,16.6542,15.7796,0.0010,-1.0000
16.6670,0.0000,93.7902,0.8880,0.2117,16.6590,16.6660,15.9670,0.0010,-1.0000
16.6667,0.0000,93.8069,0.7088,0.2130,16.6646,16.6603,15.8695,0.0008,-1.0000
16.6663,0.0000,93.8235,0.5761,0.2545,16.6743,16.6625,15.9245,0.0011,-1.0000
16.6682,0.0000,93.8402,0.8736,0.1942,16.6604,16.6682,15.9869,0.0008,-1.0000
16.6654,0.0000,93.8569,0.6981,0.2456,16.6709,16.6567,15.7728,0.0007,-1.0000
16.6674,0.0000,93.8736,0.7901,0.1862,16.6640,16.6662,15.9545,0.0009,-1.0000
16.6666,0.0000,93.8902,0.7371,0.2031,16.6663,16.6601,15.8458,0.0007,-1.0000
16.6690,0.0000,93.9070,0.6804,0.2128,16.6730,16.6692,15.8181,0.0010,-1.0000
16.6657,0.0000,93.9236,0.8831,0.1981,16.6602,16.6560,15.6631,0.0008,-1.0000
16.6661,0.0000,93.9401,0.7107,0.2285,16.6706,16.6594,15.8188,0.0010,-1.0000
16.6676,0.0000,93.9570,0.8135,0.2120,16.6640,16.6659,15.9456,0.0010,-1.0000
16.6658,0.0000,93.9736,0.8502,0.2237,16.6753,16.6589,15.6828,0.0010,-1.0000
16.6684,0.0000,93.9903,0.9917,0.2038,16.6619,16.6760,15.7871,0.0008,-1.0000
16.6661,0.0000,94.0069,0.8397,0.2241,16.6641,16.6508,15.6646,0.0012,-1.0000
16.6654,0.0000,94.0235,0.7195,0.2245,16.6711,16.6564,15.7328,0.0010,-1.0000
16.6674,0.0000,94.0402,0.9752,0.2359,16.6630,16.6678,15.9103,0.0011,-1.0000
16.6674,0.0000,94.0570,0.8884,0.2274,16.6815,16.6644,15.8593,0.0009,-1.0000
16.6650,0.0000,94.0735,0.9852,0.2480,16.6563,16.6578,15.6514,0.0009,-1.0000
16.6692,0.0000,94.0903,0.9227,0.2375,16.6605,16.6670,15.9962,0.0009,-1.0000
16.6654,0.0000,94.1069,0.7568,0.2152,16.6722,16.6551,15.7039,0.0009,-1.0000
16.6665,0.0000,94.1236,0.8039,0.2444,16.6699,16.6623,15.9026,0.0011,-1.0000
16.6695,0.0000,94.1403,1.0056,0.2127,16.6612,16.6730,15.7988,0.0009,-1.0000
16.6674,0.0000,94.1570,0.6698,0.2425,16.6723,16.6622,15.5689,0.0010,-1.0000
16.6649,0.0000,94.1736,0.9503,0.2198,16.6594,16.6520,15.5607,0.0011,-1.0000
16.6653,0.0000,94.1902,0.7588,0.2216,16.6667,16.6589,15.7264,0.0009,-1.0000
16.6670,0.0000,94.2069,0.8732,0.2495,16.6786,16.6617,15.8243,0.0007,-1.0000
16.6679,0.0000,94.2236,1.0922,0.2796,16.6693,16.6688,15.8474,0.0008,-1.0000
16.6657,0.0000,94.2401,1.0903,0.2390,16.6578,16.6550,15.7303,0.0009,-1.0000
16.6671,0.0000,94.2569,0.9317,0.2744,16.6631,16.6657,15.8902,0.0009,-1.0000
16.6664,0.0000,94.2736,0.8365,0.2626,16.6659,16.6607,15.7382,0.0010,-1.0000
16.6679,0.0000,94.2903,0.8208,0.2397,16.6740,16.6664,15.7363,0.0012,-1.0000
16.6659,0.0000,94.3070,0.9239,0.2421,16.6592,16.6563,15.6783,0.0010,-1.0000
16.6674,0.0000,94.3236,0.7746,0.2400,16.6703,16.6651,15.7126,0.0011,-1.0000
16.6651,0.0000,94.3401,0.9216,0.2367,16.6660,16.6525,15.7151,0.0009,-1.0000
16.6679,0.0000,94.3569,0.9290,0.2521,16.6727,16.6688,15.9793,0.0007,-1.0000
16.6659,0.0000,94.3736,0.9773,0.2211,16.6624,16.6588,15.7322,0.0011,-1.0000
16.6675,0.0000,94.3903,0.9514,0.2551,16.6708,16.6639,15.7968,0.0010,-1.0000
16.6660,0.0000,94.4069,0.9364,0.2144,16.6566,16.6626,15.7262,0.0010,-1.0000
16.6667,0.0000,94.4236,0.6887,0.2516,16.6733,16.6584,15.7947,0.0008,-1.0000
16.6691,0.0000,94.4402,0.9254,0.2372,16.6637,16.6711,15.8404,0.0010,-1.0000
16.6660,0.0000,94.4570,0.8659,0.2737,16.6686,16.6576,15.6797,0.0009,-1.0000
16.6654,0.0000,94.4735,0.9353,0.2207,16.6671,16.6547,15.6266,0.0011,-1.0000
16.6670,0.0000,94.4902,0.8629,0.2159,16.6627,16.6628,15.9188,0.0008,-1.0000
16.6659,0.0000,94.5069,0.8299,0.2737,16.6772,16.6613,15.8359,0.0008,-1.0000
16.6684,0.0000,94.5236,0.9772,0.2546,16.6640,16.6706,15.9040,0.0009,-1.0000
16.6652,0.0000,94.5402,1.0270,0.2554,16.6592,16.6547,15.6757,0.0008,-1.0000
16.6674,0.0000,94.5569,0.7433,0.2337,16.6668,16.6632,15.9114,0.0008,-1.0000
16.6699,0.0000,94.5737,0.8246,0.2316,16.6651,16.6753,15.7186,0.0011,-1.0000
16.6658,0.0000,94.5903,0.7656,0.2341,16.6759,16.6545,15.5547,0.0014,-1.0000
16.6655,0.0000,94.6069,0.9781,0.2326,16.6592,16.6522,15.2801,0.0012,-1.0000
16.6664,0.0000,94.6236,0.7511,0.2574,16.6678,16.6709,15.8057,0.0007,-1.0000
16.6667,0.0000,94.6402,0.9554,0.2899,16.6829,16.6551,15.7452,0.0008,-1.0000
16.6669,0.0000,94.6569,1.0984,0.2690,16.6610,16.6628,15.7951,0.0010,-1.0000
16.6668,0.0000,94.6736,1.3709,0.2459,16.6576,16.6689,15.6796,0.0008,-1.0000
16.6654,0.0000,94.6902,0.8648,0.2336,16.6757,16.6470,15.6491,0.0011,-1.0000
16.6675,0.0000,94.7069,0.9091,0.2549,16.6596,16.6666,15.8564,0.0012,-1.0000
16.6667,0.0000,94.7237,0.8667,0.2460,16.6684,16.6626,15.7264,0.0008,-1.0000
16.6667,0.0000,94.7402,0.9889,0.2643,16.6746,16.6628,15.6447,0.0009,-1.0000
16.6665,0.0000,94.7569,0.9968,0.2394,16.6514,16.6587,15.8133,0.0009,-1.0000
16.6661,0.0000,94.7735,0.8090,0.2554,16.6712,16.6593,15.7494,0.0009,-1.0000
16.6683,0.0000,94.7903,0.9352,0.2575,16.6673,16.6704,15.8684,0.0008,-1.0000
16.6656,0.0000,94.8069,1.0173,0.2556,16.6680,16.6552,15.6728,0.0010,-1.0000
16.6664,0.0000,94.8235,0.8444,0.2981,16.6634,16.6662,15.8384,0.0008,-1.0000
16.6669,0.0000,94.8401,0.9090,0.2248,16.6634,16.6589,15.9348,0.0008,-1.0000
