frame_ms,focused,elapsed,CPU Main Thread Frame Time,CPU Render Thread Frame Time,CPU Total Frame Time,PlayerLoop,WaitForTargetFPS,Gfx.WaitForPresentOnGfxThread,Gfx.WaitForGfxCommandsFromMainThread
16.6670,1.0000,236.7819,1.0423,0.2322,16.6721,16.6525,15.5699,0.0010,-1.0000
16.6670,1.0000,236.7986,0.9889,0.2661,16.7801,16.6436,15.7620,0.0009,-1.0000
16.6673,1.0000,236.8153,1.1587,0.2300,16.5975,16.6834,15.7486,0.0008,-1.0000
16.6662,1.0000,236.8319,0.9409,0.2509,16.7160,16.6620,15.5988,0.0009,-1.0000
16.6677,1.0000,236.8486,1.0818,0.2360,16.6573,16.6632,15.6966,0.0012,-1.0000
16.6678,1.0000,236.8653,0.8807,0.2415,16.6487,16.6601,15.6223,0.0008,-1.0000
16.6655,1.0000,236.8819,0.9339,0.2420,16.6888,16.6739,15.5442,0.0009,-1.0000
16.6667,1.0000,236.8987,1.0623,0.2420,16.6667,16.6464,15.6906,0.0008,-1.0000
16.6661,1.0000,236.9153,0.9655,0.2516,16.6691,16.6444,15.5334,0.0010,-1.0000
16.6662,1.0000,236.9321,1.0367,0.2623,16.6663,16.7517,15.6993,0.0010,-1.0000
16.6694,1.0000,236.9487,1.1287,0.2506,16.6805,16.5663,15.5327,0.0012,-1.0000
16.6650,1.0000,236.9653,0.9550,0.2494,16.6536,16.6643,15.5193,0.0009,-1.0000
16.6665,1.0000,236.9819,1.1101,0.2399,16.6503,16.6571,15.6644,0.0010,-1.0000
16.6664,1.0000,236.9986,1.0515,0.2699,16.7568,16.6353,15.7023,0.0009,-1.0000
16.6671,1.0000,237.0152,1.0324,0.2598,16.5726,16.6657,15.7075,0.0009,-1.0000
16.6677,1.0000,237.0319,1.1442,0.2396,16.6701,16.6633,15.7464,0.0010,-1.0000
16.6650,1.0000,237.0485,0.9918,0.3289,16.6622,16.6547,15.6514,0.0009,-1.0000
16.6680,1.0000,237.0656,0.9322,0.2343,16.6405,16.6647,15.8110,0.0009,-1.0000
16.6663,1.0000,237.0818,0.9576,0.2329,16.6709,16.6621,15.3654,0.0009,-1.0000
16.6675,1.0000,237.0986,0.9161,0.2446,16.6689,16.6864,15.8380,0.0008,-1.0000
16.6661,1.0000,237.1153,1.0026,0.2183,16.6603,16.6917,15.6619,0.0010,-1.0000
16.6664,1.0000,237.1319,0.8528,0.2324,16.6704,16.6421,15.6921,0.0009,-1.0000
16.6671,1.0000,237.1486,1.2959,0.2310,16.6670,16.6653,15.7359,0.0010,-1.0000
16.6665,1.0000,237.1653,0.8478,0.2320,16.6911,16.6673,15.6367,0.0009,-1.0000
16.6677,1.0000,237.1819,1.0287,0.2249,16.6970,16.6928,15.6956,0.0009,-1.0000
16.6666,1.0000,237.1986,0.9490,0.2250,16.6470,16.6259,15.7371,0.0008,-1.0000
16.6659,1.0000,237.2153,0.9285,0.2331,16.6701,16.6521,15.6350,0.0008,-1.0000
16.6677,1.0000,237.2321,1.0300,0.2371,16.6725,16.7197,15.7428,0.0011,-1.0000
16.6665,1.0000,237.2486,0.9965,0.2411,16.6981,16.5734,15.4431,0.0010,-1.0000
16.6669,1.0000,237.2653,0.8879,0.2331,16.6313,16.6630,15.7365,0.0011,-1.0000
16.6668,1.0000,237.2818,1.0163,0.2236,16.6565,16.6627,15.5997,0.0011,-1.0000
16.6669,1.0000,237.2986,0.9760,0.2441,16.7251,16.6673,15.7253,0.0008,-1.0000
16.6664,1.0000,237.3153,1.1295,0.2247,16.5788,16.6523,15.7547,0.0010,-1.0000
16.6666,1.0000,237.3319,0.9256,0.2717,16.6683,16.6653,15.6608,0.0009,-1.0000
16.6675,1.0000,237.3487,1.0620,0.2402,16.6677,16.7113,15.7681,0.0010,-1.0000
16.6660,1.0000,237.3652,0.9413,0.2340,16.6732,16.6078,15.4914,0.0013,-1.0000
16.6669,1.0000,237.3819,0.8967,0.2267,16.6573,16.6644,15.7141,0.0009,-1.0000
16.6665,1.0000,237.3987,1.0038,0.2251,16.6698,16.6647,15.7200,0.0010,-1.0000
16.6681,1.0000,237.4153,0.9425,0.3727,16.7172,16.6638,15.4944,0.0010,-1.0000
16.6652,1.0000,237.4319,1.1151,0.2320,16.6133,16.6556,15.5202,0.0010,-1.0000
16.6675,1.0000,237.4486,0.9493,0.2291,16.6696,16.6589,15.7248,0.0009,-1.0000
16.6668,1.0000,237.4655,0.9437,0.2348,16.6707,16.6711,15.6790,0.0008,-1.0000
16.6658,1.0000,237.4818,1.1687,0.2489,16.6707,16.6454,15.3662,0.0010,-1.0000
16.6671,1.0000,237.4986,1.1345,0.2410,16.6620,16.6653,15.6700,0.0008,-1.0000
16.6672,1.0000,237.5152,0.9333,0.2376,16.6645,16.6626,15.6774,0.0009,-1.0000
16.6665,1.0000,237.5319,0.9913,0.2303,16.6779,16.6616,15.7101,0.0010,-1.0000
16.6670,1.0000,237.5486,1.2783,0.2476,16.6507,16.6640,15.7061,0.0009,-1.0000
16.6667,1.0000,237.5654,0.9947,0.2394,16.6702,16.6643,15.7238,0.0008,-1.0000
16.6677,1.0000,237.5819,0.9842,0.2342,16.6677,16.6646,15.4458,0.0013,-1.0000
16.6671,1.0000,237.5986,0.9508,0.2311,16.6664,16.6569,15.4663,0.0013,-1.0000
16.6660,1.0000,237.6153,0.9571,0.2216,16.6689,16.6594,15.6069,0.0009,-1.0000
16.6658,1.0000,237.6320,0.9395,0.2388,16.6701,16.6952,15.6127,0.0009,-1.0000
16.6665,1.0000,237.6486,1.2172,0.2526,16.6707,16.6255,15.4919,0.0014,-1.0000
16.6673,1.0000,237.6653,1.1888,0.2518,16.6635,16.6603,15.6110,0.0010,-1.0000
16.6658,1.0000,237.6819,1.0512,0.2448,16.6654,16.7015,15.5320,0.0014,-1.0000
16.6671,1.0000,237.6986,1.0818,0.2679,16.7000,16.6198,15.6262,0.0013,-1.0000
16.6674,1.0000,237.7154,1.1324,0.2396,16.6311,16.6915,15.6949,0.0008,-1.0000
16.6661,1.0000,237.7320,1.0486,0.2397,16.6654,16.6712,15.2413,0.0011,-1.0000
16.6667,1.0000,237.7486,1.1687,0.3847,16.7064,16.6206,15.5373,0.0011,-1.0000
16.6673,1.0000,237.7652,0.9925,0.2336,16.6246,16.6614,15.7355,0.0009,-1.0000
16.6669,1.0000,237.7818,0.9960,0.2675,16.6973,16.6625,15.6559,0.0011,-1.0000
16.6658,1.0000,237.7986,1.4290,0.2905,16.6763,16.6995,15.7941,0.0009,-1.0000
16.6676,1.0000,237.8153,1.0824,0.2260,16.6255,16.6636,15.7167,0.0009,-1.0000
16.6684,1.0000,237.8320,0.9250,0.2730,16.6668,16.6770,15.4360,0.0010,-1.0000
16.6656,1.0000,237.8487,1.0054,0.2355,16.6681,16.6727,15.5438,0.0013,-1.0000
16.6663,1.0000,237.8653,0.9046,0.2319,16.7035,16.6606,15.6025,0.0009,-1.0000
16.6670,1.0000,237.8819,0.9461,0.2440,16.6689,16.6350,15.5467,0.0011,-1.0000
16.6663,1.0000,237.8987,1.2401,0.2479,16.6826,16.6698,15.6799,0.0011,-1.0000
16.6665,1.0000,237.9153,1.1277,0.2556,16.6790,16.7225,15.4139,0.0012,-1.0000
16.6666,1.0000,237.9319,1.0575,0.2393,16.6663,16.5869,15.5314,0.0012,-1.0000
16.6678,1.0000,237.9486,1.0873,0.2346,16.6394,16.6801,15.7571,0.0008,-1.0000
16.6658,1.0000,237.9654,0.9888,0.2515,16.6747,16.6681,15.6568,0.0010,-1.0000
16.6691,1.0000,237.9820,1.3075,0.2322,16.7270,16.6153,15.6267,0.0010,-1.0000
16.6689,1.0000,237.9987,1.0544,0.2550,16.5917,16.7016,15.3460,0.0013,-1.0000
16.6638,1.0000,238.0154,0.9223,0.2308,16.6856,16.6841,15.6052,0.0009,-1.0000
16.6664,1.0000,238.0319,1.0104,0.2338,16.6737,16.6103,15.5137,0.0012,-1.0000
16.6665,1.0000,238.0486,0.9877,0.2519,16.6216,16.6830,15.6582,0.0010,-1.0000
16.6667,1.0000,238.0653,1.3542,0.2388,16.7081,16.6545,15.7202,0.0009,-1.0000
16.6657,1.0000,238.0818,1.0781,0.2638,16.6908,16.6538,15.6019,0.0009,-1.0000
16.6674,1.0000,238.0986,1.0955,0.2382,16.6160,16.6638,15.8131,0.0009,-1.0000
16.6668,1.0000,238.1153,1.0240,0.2653,16.6880,16.6963,15.7238,0.0011,-1.0000
16.6662,1.0000,238.1320,0.9336,0.2394,16.6601,16.6239,15.6386,0.0011,-1.0000
16.6683,1.0000,238.1487,1.0509,0.2306,16.6588,16.6682,15.6909,0.0008,-1.0000
16.6653,1.0000,238.1653,0.8500,0.2551,16.6688,16.7391,15.4659,0.0011,-1.0000
16.6675,1.0000,238.1819,0.9715,0.2302,16.7013,16.5694,15.5984,0.0009,-1.0000
16.6664,1.0000,238.1986,0.9843,0.2776,16.6284,16.6663,15.7307,0.0008,-1.0000
16.6668,1.0000,238.2152,0.9765,0.2445,16.6738,16.6486,15.6814,0.0010,-1.0000
16.6679,1.0000,238.2320,1.2723,0.2424,16.7446,16.6534,15.7649,0.0009,-1.0000
16.6667,1.0000,238.2486,0.9702,0.2417,16.5747,16.6578,15.4277,0.0015,-1.0000
16.6656,1.0000,238.2653,0.9350,0.2340,16.6709,16.6545,15.5801,0.0010,-1.0000
16.6675,1.0000,238.2819,0.9662,0.2417,16.6543,16.6647,15.6737,0.0009,-1.0000
16.6661,1.0000,238.2986,0.8878,0.2826,16.6592,16.6557,15.6943,0.0008,-1.0000
16.6662,1.0000,238.3152,1.2287,0.2459,16.6649,16.6599,15.6849,0.0010,-1.0000
16.6665,1.0000,238.3319,1.0735,0.2679,16.6603,16.6845,15.5763,0.0010,-1.0000
16.6672,1.0000,238.3486,0.9902,0.2478,16.6706,16.6798,15.7381,0.0009,-1.0000
16.6665,1.0000,238.3653,0.9611,0.2434,16.6621,16.6631,15.7270,0.0009,-1.0000
16.6667,1.0000,238.3819,0.9739,0.2390,16.6659,16.6591,15.6925,0.0009,-1.0000
16.6683,1.0000,238.3988,1.1076,0.2308,16.6891,16.6899,15.7444,0.0008,-1.0000
16.6669,1.0000,238.4154,0.9408,0.2396,16.6846,16.6741,15.3529,0.0012,-1.0000
16.6648,1.0000,238.4320,0.9352,0.2413,16.6685,16.6208,15.5000,0.0009,-1.0000
16.6679,1.0000,238.4486,0.9657,0.2391,16.6643,16.6524,15.6276,0.0011,-1.0000
16.6654,1.0000,238.4653,0.9448,0.2519,16.6960,16.6984,15.5911,0.0009,-1.0000
16.6683,1.0000,238.4820,1.3202,0.2472,16.6810,16.6003,15.6402,0.0009,-1.0000
16.6666,1.0000,238.4986,1.1201,0.2341,16.6264,16.6514,15.4422,0.0013,-1.0000
16.6664,1.0000,238.5152,1.0240,0.2455,16.6579,16.6581,15.6478,0.0013,-1.0000
16.6669,1.0000,238.5319,1.1066,0.2332,16.7040,16.6633,15.7338,0.0009,-1.0000
16.6658,1.0000,238.5486,0.9592,0.2493,16.6070,16.6565,15.6937,0.0009,-1.0000
16.6668,1.0000,238.5653,1.2079,0.2463,16.6580,16.6642,15.7812,0.0009,-1.0000
16.6664,1.0000,238.5819,1.0092,0.2328,16.6635,16.7045,15.5807,0.0015,-1.0000
16.6667,1.0000,238.5986,0.9287,0.2398,16.6694,16.6173,15.7106,0.0010,-1.0000
16.6687,1.0000,238.6153,0.9623,0.2660,16.6611,16.6696,15.7333,0.0008,-1.0000
16.6650,1.0000,238.6319,0.8822,0.2355,16.6697,16.6538,15.6381,0.0009,-1.0000
16.6675,1.0000,238.6487,1.1226,0.2367,16.7098,16.6713,15.6276,0.0011,-1.0000
16.6659,1.0000,238.6653,0.9057,0.2305,16.6221,16.6526,15.5858,0.0008,-1.0000
16.6671,1.0000,238.6818,0.9353,0.2831,16.6751,16.6630,15.7411,0.0009,-1.0000
16.6673,1.0000,238.6986,1.0150,0.2689,16.6591,16.6623,15.8537,0.0008,-1.0000
16.6672,1.0000,238.7153,1.0430,0.2239,16.6764,16.6642,15.7013,0.0009,-1.0000
16.6662,1.0000,238.7320,1.0660,0.2321,16.6576,16.6595,15.6840,0.0009,-1.0000
16.6659,1.0000,238.7486,0.9211,0.2697,16.6677,16.6548,15.5344,0.0010,-1.0000
16.6680,1.0000,238.7653,0.8079,0.2305,16.6675,16.6701,15.7718,0.0009,-1.0000
16.6667,1.0000,238.7818,0.9623,0.2449,16.6698,16.6608,15.5716,0.0012,-1.0000
16.6661,1.0000,238.7986,0.9747,0.2346,16.6661,16.6593,15.7165,0.0007,-1.0000
16.6671,1.0000,238.8153,1.1195,0.2238,16.6598,16.6624,15.5765,0.0012,-1.0000
16.6664,1.0000,238.8319,0.8973,0.2364,16.6749,16.6591,15.6396,0.0012,-1.0000
16.6673,1.0000,238.8486,1.0882,0.2364,16.6664,16.6620,15.7575,0.0009,-1.0000
16.6669,1.0000,238.8653,0.9421,0.2368,16.6651,16.7045,15.6867,0.0008,-1.0000
16.6667,1.0000,238.8819,1.0847,0.2267,16.6685,16.6198,15.6043,0.0009,-1.0000
16.6664,1.0000,238.8987,1.0183,0.2362,16.6643,16.6600,15.7292,0.0010,-1.0000
16.6666,1.0000,238.9153,0.9035,0.2330,16.6673,16.7004,15.5470,0.0012,-1.0000
16.6674,1.0000,238.9319,1.0171,0.2381,16.7105,16.6247,15.6519,0.0010,-1.0000
16.6671,1.0000,238.9486,1.0147,0.2237,16.6246,16.6599,15.6500,0.0011,-1.0000
16.6666,1.0000,238.9654,0.9299,0.2398,16.6651,16.7059,15.5763,0.0007,-1.0000
16.6680,1.0000,238.9819,1.1522,0.2899,16.7051,16.6266,15.3805,0.0012,-1.0000
16.6641,1.0000,238.9986,0.9721,0.2437,16.6307,16.6428,15.5751,0.0011,-1.0000
16.6669,1.0000,239.0153,1.0089,0.2342,16.6657,16.6634,15.7583,0.0008,-1.0000
16.6693,1.0000,239.0320,1.1290,0.2987,16.7122,16.7175,15.6567,0.0009,-1.0000
16.6642,1.0000,239.0486,1.2451,0.2652,16.6346,16.6440,15.4093,0.0011,-1.0000
16.6676,1.0000,239.0653,1.0667,0.2748,16.6483,16.6618,15.7074,0.0009,-1.0000
16.6664,1.0000,239.0820,0.9042,0.2373,16.6686,16.6727,15.6169,0.0008,-1.0000
16.6668,1.0000,239.0987,1.0601,0.2796,16.7237,16.6797,15.6331,0.0011,-1.0000
16.6667,1.0000,239.1153,1.2338,0.2640,16.6499,16.6279,15.5611,0.0009,-1.0000
16.6669,1.0000,239.1319,0.9536,0.2378,16.6669,16.6669,15.6851,0.0009,-1.0000
16.6662,1.0000,239.1487,1.0549,0.2224,16.6782,16.7526,15.6797,0.0012,-1.0000
16.6662,1.0000,239.1653,1.0456,0.2448,16.6848,16.5624,15.5458,0.0010,-1.0000
16.6679,1.0000,239.1819,1.0660,0.2352,16.6336,16.6722,15.6944,0.0009,-1.0000
16.6667,1.0000,239.1987,0.9810,0.2235,16.6711,16.6865,15.7970,0.0012,-1.0000
16.6671,1.0000,239.2154,1.0717,0.2245,16.7573,16.5983,15.6302,0.0009,-1.0000
16.6668,1.0000,239.2320,1.0157,0.2420,16.5673,16.7060,15.5480,0.0012,-1.0000
16.6673,1.0000,239.2487,0.9770,0.2298,16.6775,16.6708,15.5423,0.0009,-1.0000
16.6662,1.0000,239.2655,0.8885,0.2299,16.6912,16.6537,15.5988,0.0008,-1.0000
16.6672,1.0000,239.2819,0.9673,0.2229,16.6027,16.6600,15.3843,0.0012,-1.0000
16.6664,1.0000,239.2987,1.1568,0.2854,16.7111,16.6624,15.5946,0.0011,-1.0000
16.6663,1.0000,239.3154,1.1277,0.2449,16.6771,16.6582,15.5450,0.0013,-1.0000
16.6659,1.0000,239.3320,1.0541,0.2938,16.6591,16.6871,15.4839,0.0011,-1.0000
16.6675,1.0000,239.3487,1.2746,0.2410,16.6659,16.6289,15.6599,0.0009,-1.0000
16.6666,1.0000,239.3653,1.0672,0.2397,16.6684,16.6507,15.5822,0.0014,-1.0000
16.6666,1.0000,239.3820,1.1121,0.2435,16.6640,16.7553,15.6974,0.0010,-1.0000
16.6675,1.0000,239.3987,1.2022,0.2273,16.6917,16.5626,15.6247,0.0009,-1.0000
16.6668,1.0000,239.4153,0.9684,0.2299,16.6344,16.6744,15.4075,0.0011,-1.0000
16.6665,1.0000,239.4319,1.0672,0.2318,16.6561,16.6478,15.6310,0.0009,-1.0000
16.6667,1.0000,239.4486,1.0570,0.2381,16.7605,16.6412,15.6868,0.0011,-1.0000
16.6667,1.0000,239.4652,0.9371,0.2620,16.5683,16.6565,15.6872,0.0009,-1.0000
16.6670,1.0000,239.4819,1.2659,0.2343,16.6793,16.6624,15.7512,0.0009,-1.0000
16.6659,1.0000,239.4986,1.0160,0.2430,16.6525,16.6593,15.6478,0.0013,-1.0000
16.6667,1.0000,239.5152,0.9534,0.2295,16.6466,16.6607,15.7629,0.0008,-1.0000
16.6675,1.0000,239.5319,0.9684,0.2275,16.6616,16.6668,15.8079,0.0008,-1.0000
16.6664,1.0000,239.5486,0.9103,0.2332,16.6677,16.6812,15.6530,0.0009,-1.0000
16.6675,1.0000,239.5654,1.0103,0.2307,16.6642,16.6952,15.7237,0.0008,-1.0000
16.6659,1.0000,239.5819,0.8970,0.2192,16.6655,16.6533,15.4151,0.0008,-1.0000
16.6662,1.0000,239.5986,0.8582,0.2372,16.6714,16.6451,15.7406,0.0008,-1.0000
16.6679,1.0000,239.6153,1.0273,0.2712,16.6858,16.6793,15.5974,0.0014,-1.0000
16.6656,1.0000,239.6320,0.9708,0.2519,16.7017,16.6814,15.5940,0.0010,-1.0000
16.6674,1.0000,239.6487,1.2374,0.2373,16.6590,16.6346,15.6714,0.0011,-1.0000
16.6667,1.0000,239.6654,0.9037,0.2755,16.6498,16.6560,15.6097,0.0010,-1.0000
16.6666,1.0000,239.6819,1.0806,0.2349,16.6848,16.6957,15.5861,0.0012,-1.0000
16.6664,1.0000,239.6986,1.0866,0.2463,16.6864,16.5910,15.6376,0.0008,-1.0000
16.6666,1.0000,239.7152,0.9622,0.2501,16.6398,16.6606,15.6993,0.0010,-1.0000
16.6700,1.0000,239.7321,1.0454,0.2366,16.6613,16.6789,15.7710,0.0010,-1.0000
16.6659,1.0000,239.7487,1.1084,0.2507,16.7008,16.6537,15.3883,0.0012,-1.0000
16.6664,1.0000,239.7653,0.9529,0.2391,16.5964,16.6621,15.4438,0.0012,-1.0000
16.6655,1.0000,239.7818,0.9603,0.2204,16.6655,16.6487,15.5791,0.0010,-1.0000
16.6671,1.0000,239.7987,0.9065,0.3084,16.6857,16.7184,15.8228,0.0008,-1.0000
16.6668,1.0000,239.8153,1.2644,0.2496,16.6604,16.6102,15.5582,0.0013,-1.0000
16.6662,1.0000,239.8319,1.2171,0.2506,16.6678,16.6597,15.6437,0.0010,-1.0000
16.6680,1.0000,239.8486,1.0685,0.2322,16.6532,16.6621,15.7242,0.0009,-1.0000
16.6657,1.0000,239.8652,0.8951,0.2348,16.7235,16.6596,15.6530,0.0009,-1.0000
16.6676,1.0000,239.8819,1.0507,0.2211,16.6166,16.6611,15.7456,0.0009,-1.0000
16.6664,1.0000,239.8987,1.0150,0.2316,16.6653,16.6607,15.7003,0.0008,-1.0000
16.6665,1.0000,239.9153,0.9372,0.2384,16.6675,16.6657,15.5644,0.0009,-1.0000
16.6667,1.0000,239.9319,1.0056,0.2343,16.6653,16.6557,15.6413,0.0010,-1.0000
16.6669,1.0000,239.9486,0.9146,0.2527,16.6666,16.6605,15.7112,0.0010,-1.0000
16.6657,1.0000,239.9652,0.9596,0.2427,16.6668,16.6594,15.7009,0.0010,-1.0000
16.6692,1.0000,239.9820,1.1005,0.2330,16.6708,16.6830,15.7630,0.0011,-1.0000
16.6669,1.0000,239.9987,1.0136,0.2366,16.6617,16.6498,15.3227,0.0011,-1.0000
16.6654,1.0000,240.0153,0.9484,0.2309,16.6656,16.6559,15.4607,0.0012,-1.0000
16.6666,1.0000,240.0320,0.9577,0.2284,16.6644,16.6598,15.6531,0.0008,-1.0000
16.6670,1.0000,240.0486,0.9191,0.2886,16.6895,16.6655,15.6505,0.0010,-1.0000
16.6667,1.0000,240.0654,1.3263,0.2688,16.6570,16.6613,15.6652,0.0009,-1.0000
16.6658,1.0000,240.0819,1.1942,0.2812,16.6616,16.6954,15.5644,0.0009,-1.0000
16.6670,1.0000,240.0986,1.0059,0.2429,16.6653,16.6215,15.6967,0.0013,-1.0000
16.6664,1.0000,240.1153,1.0142,0.2833,16.6706,16.6629,15.5075,0.0013,-1.0000
16.6695,1.0000,240.1322,0.9953,0.2281,16.6676,16.7223,15.6785,0.0011,-1.0000
16.6675,1.0000,240.1487,1.1305,0.2536,16.7005,16.6120,15.1969,0.0011,-1.0000
16.6635,1.0000,240.1653,0.9237,0.2622,16.6268,16.6413,15.3685,0.0011,-1.0000
16.6676,1.0000,240.1820,1.1541,0.2264,16.6680,16.7194,15.7492,0.0009,-1.0000
16.6678,1.0000,240.1986,1.0429,0.2979,16.7306,16.6089,15.5693,0.0013,-1.0000
16.6657,1.0000,240.2153,1.4140,0.2522,16.6205,16.6568,15.6155,0.0008,-1.0000
16.6688,1.0000,240.2321,1.2718,0.2363,16.6473,16.6755,15.7211,0.0008,-1.0000
16.6664,1.0000,240.2487,0.9694,0.2639,16.7247,16.6915,15.3436,0.0011,-1.0000
16.6653,1.0000,240.2653,1.0383,0.2438,16.6142,16.6521,15.5327,0.0012,-1.0000
16.6675,1.0000,240.2819,1.0405,0.2284,16.6616,16.6695,15.6474,0.0011,-1.0000
16.6658,1.0000,240.2987,0.9539,0.2720,16.6823,16.6632,15.6062,0.0013,-1.0000
16.6662,1.0000,240.3154,1.3471,0.2453,16.6991,16.6796,15.5776,0.0012,-1.0000
16.6665,1.0000,240.3320,1.1183,0.2556,16.6575,16.6266,15.4818,0.0034,-1.0000
16.6676,1.0000,240.3487,1.0210,0.2558,16.6751,16.6632,15.7114,0.0011,-1.0000
16.6669,1.0000,240.3654,1.0560,0.2345,16.6688,16.7514,15.6259,0.0016,-1.0000
16.6666,1.0000,240.3819,1.1009,0.2338,16.6854,16.6056,15.4871,0.0009,-1.0000
16.6674,1.0000,240.3987,1.1437,0.2288,16.6319,16.6681,15.7313,0.0009,-1.0000
16.6656,1.0000,240.4153,0.9508,0.2325,16.6686,16.6465,15.5007,0.0010,-1.0000
16.6671,1.0000,240.4319,1.1241,0.2564,16.7567,16.5995,15.6725,0.0009,-1.0000
16.6670,1.0000,240.4486,1.1179,0.2180,16.6110,16.7114,15.7249,0.0010,-1.0000
16.6666,1.0000,240.4653,0.9360,0.2437,16.6751,16.6449,15.6908,0.0008,-1.0000
16.6676,1.0000,240.4820,1.1449,0.2784,16.6517,16.6613,15.7010,0.0009,-1.0000
16.6669,1.0000,240.4987,0.9262,0.2372,16.6048,16.6809,15.3113,0.0014,-1.0000
16.6660,1.0000,240.5153,0.9856,0.2280,16.7161,16.6526,15.5491,0.0013,-1.0000
16.6670,1.0000,240.5320,0.9532,0.2803,16.6501,16.6569,15.6342,0.0010,-1.0000
16.6661,1.0000,240.5486,0.9597,0.2810,16.6669,16.6654,15.6023,0.0009,-1.0000
16.6667,1.0000,240.5654,1.3683,0.2581,16.6867,16.6862,15.6674,0.0009,-1.0000
16.6667,1.0000,240.5819,1.1027,0.2364,16.6584,16.6308,15.5187,0.0009,-1.0000
16.6671,1.0000,240.5986,1.0217,0.2480,16.6632,16.6521,15.5972,0.0010,-1.0000
16.6680,1.0000,240.6155,1.0622,0.2568,16.6705,16.7774,15.6768,0.0009,-1.0000
16.6672,1.0000,240.6320,1.0178,0.2382,16.6920,16.5478,15.2903,0.0009,-1.0000
16.6666,1.0000,240.6487,1.1112,0.3496,16.6356,16.6713,15.4886,0.0008,-1.0000
16.6649,1.0000,240.6653,1.0541,0.2294,16.6577,16.6403,15.3475,0.0009,-1.0000
16.6676,1.0000,240.6819,1.0997,0.2617,16.7841,16.6391,15.6434,0.0009,-1.0000
16.6661,1.0000,240.6986,1.2563,0.2846,16.5544,16.6597,15.7743,0.0011,-1.0000
16.6663,1.0000,240.7152,1.1819,0.2518,16.6788,16.6554,15.6902,0.0010,-1.0000
16.6666,1.0000,240.7320,1.2920,0.2442,16.6457,16.6694,15.7671,0.0008,-1.0000
16.6670,1.0000,240.7486,0.9949,0.2373,16.6444,16.6592,15.6114,0.0011,-1.0000
16.6666,1.0000,240.7652,0.8843,0.2371,16.6646,16.6590,15.6860,0.0008,-1.0000
16.6672,1.0000,240.7819,0.9646,0.2270,16.6603,16.6860,15.7372,0.0009,-1.0000
16.6668,1.0000,240.7987,0.9016,0.2614,16.6753,16.6998,15.7425,0.0009,-1.0000
16.6681,1.0000,240.8155,1.0469,0.2265,16.6644,16.6545,15.6052,0.0011,-1.0000
16.6659,1.0000,240.8321,0.9723,0.2442,16.6645,16.7100,15.3843,0.0012,-1.0000
16.6670,1.0000,240.8487,0.9479,0.2351,16.6908,16.6029,15.5597,0.0009,-1.0000
16.6685,1.0000,240.8654,0.9566,0.2315,16.7047,16.6922,15.6083,0.0010,-1.0000
16.6654,1.0000,240.8820,1.0481,0.2550,16.6612,16.6377,15.4312,0.0009,-1.0000
16.6667,1.0000,240.8987,1.3247,0.2401,16.7168,16.6421,15.5780,0.0009,-1.0000
16.6656,1.0000,240.9153,1.0426,0.2420,16.6089,16.6931,15.5123,0.0008,-1.0000
16.6669,1.0000,240.9320,1.0827,0.2589,16.6990,16.5901,15.6518,0.0009,-1.0000
16.6669,1.0000,240.9486,1.2056,0.2431,16.6440,16.6614,15.7183,0.0012,-1.0000
16.6664,1.0000,240.9652,1.0632,0.2543,16.6494,16.6578,15.7373,0.0010,-1.0000
16.6670,1.0000,240.9820,1.1799,0.2232,16.6990,16.6729,15.6489,0.0008,-1.0000
16.6683,1.0000,240.9987,0.9376,0.2305,16.5952,16.6660,15.5467,0.0012,-1.0000
16.6652,1.0000,241.0153,0.9420,0.2270,16.6668,16.6498,15.5125,0.0012,-1.0000
16.6667,1.0000,241.0320,0.9197,0.2453,16.6626,16.7080,15.7345,0.0013,-1.0000
16.6659,1.0000,241.0486,1.0231,0.2576,16.6776,16.6101,15.5751,0.0012,-1.0000
16.6680,1.0000,241.0655,1.1179,0.2469,16.6719,16.6710,15.7165,0.0009,-1.0000
16.6658,1.0000,241.0818,1.1363,0.2309,16.6554,16.6580,15.1147,0.0011,-1.0000
16.6675,1.0000,241.0986,0.9723,0.2552,16.7132,16.6590,15.8352,0.0010,-1.0000
16.6682,1.0000,241.1153,1.0340,0.2584,16.6144,16.6740,15.6311,0.0010,-1.0000
16.6658,1.0000,241.1320,0.9536,0.2456,16.6762,16.6537,15.5331,0.0008,-1.0000
16.6661,1.0000,241.1487,1.5425,0.2339,16.6635,16.6583,15.6468,0.0010,-1.0000
16.6661,1.0000,241.1653,0.8230,0.2874,16.6643,16.6577,15.4906,0.0012,-1.0000
16.6674,1.0000,241.1818,1.0420,0.2490,16.6802,16.6607,15.7451,0.0010,-1.0000
16.6669,1.0000,241.1986,1.1200,0.2453,16.6597,16.6641,15.8313,0.0008,-1.0000
16.6667,1.0000,241.2153,1.0107,0.2489,16.6638,16.6637,15.6783,0.0009,-1.0000
16.6667,1.0000,241.2320,1.1660,0.2324,16.6632,16.6618,15.7031,0.0012,-1.0000
16.6669,1.0000,241.2487,0.9146,0.2694,16.6660,16.6646,15.5812,0.0012,-1.0000
16.6668,1.0000,241.2653,0.8320,0.2326,16.6690,16.6603,15.6418,0.0009,-1.0000
16.6667,1.0000,241.2819,0.9847,0.2186,16.6685,16.6596,15.6628,0.0012,-1.0000
16.6666,1.0000,241.2986,0.9577,0.3031,16.6672,16.6579,15.7054,0.0010,-1.0000
16.6686,1.0000,241.3154,1.0823,0.2318,16.6697,16.7230,15.6780,0.0013,-1.0000
16.6646,1.0000,241.3319,1.0178,0.3509,16.6658,16.5976,15.3631,0.0014,-1.0000
16.6668,1.0000,241.3486,0.9957,0.2414,16.6647,16.6617,15.7471,0.0011,-1.0000
16.6670,1.0000,241.3653,0.9518,0.2348,16.6637,16.7070,15.7375,0.0009,-1.0000
16.6665,1.0000,241.3819,1.0441,0.2614,16.7290,16.6207,15.5305,0.0010,-1.0000
16.6674,1.0000,241.3987,1.2335,0.2353,16.6030,16.6656,15.8010,0.0009,-1.0000
16.6687,1.0000,241.4154,0.9136,0.2254,16.6665,16.7137,15.4687,0.0012,-1.0000
16.6648,1.0000,241.4319,0.9688,0.2505,16.7123,16.6014,15.3545,0.0010,-1.0000
16.6669,1.0000,241.4486,1.0893,0.2136,16.6257,16.6623,15.7019,0.0009,-1.0000
16.6676,1.0000,241.4653,0.8638,0.2399,16.6721,16.6643,15.6490,0.0010,-1.0000
16.6658,1.0000,241.4820,1.2438,0.3271,16.7205,16.6990,15.6255,0.0009,-1.0000
16.6667,1.0000,241.4986,1.2459,0.2325,16.6073,16.6559,15.6127,0.0011,-1.0000
16.6667,1.0000,241.5153,0.9596,0.2294,16.6673,16.6636,15.6844,0.0007,-1.0000
16.6675,1.0000,241.5320,1.0147,0.2399,16.6697,16.6727,15.6467,0.0009,-1.0000
16.6658,1.0000,241.5486,1.0727,0.2395,16.7047,16.6728,15.6007,0.0009,-1.0000
16.6670,1.0000,241.5654,1.0422,0.2338,16.6605,16.6526,15.6649,0.0011,-1.0000
16.6675,1.0000,241.5819,0.9785,0.2787,16.6692,16.6450,15.5217,0.0010,-1.0000
16.6662,1.0000,241.5988,1.0253,0.2375,16.6788,16.7449,15.6668,0.0012,-1.0000
16.6679,1.0000,241.6154,1.0715,0.2608,16.6784,16.5865,15.4806,0.0010,-1.0000
16.6654,1.0000,241.6320,0.9869,0.2391,16.6583,16.6788,15.5532,0.0011,-1.0000
16.6665,1.0000,241.6487,1.1223,0.2307,16.6504,16.6617,15.6332,0.0009,-1.0000
16.6667,1.0000,241.6653,1.0768,0.2560,16.7508,16.5999,15.4764,0.0009,-1.0000
16.6669,1.0000,241.6819,1.1048,0.2459,16.5922,16.7065,15.7472,0.0009,-1.0000
16.6670,1.0000,241.6987,1.1246,0.2416,16.6843,16.6864,15.7511,0.0009,-1.0000
16.6668,1.0000,241.7153,1.0278,0.2354,16.6676,16.6113,15.5785,0.0011,-1.0000
16.6677,1.0000,241.7321,1.1227,0.2332,16.6047,16.7057,15.7326,0.0010,-1.0000
16.6655,1.0000,241.7487,0.9583,0.2510,16.7119,16.6348,15.4677,0.0009,-1.0000
16.6668,1.0000,241.7653,0.9343,0.2432,16.6917,16.6519,15.6689,0.0009,-1.0000
16.6681,1.0000,241.7819,1.0320,0.2277,16.6163,16.6856,15.7581,0.0009,-1.0000
16.6656,1.0000,241.7987,0.9721,0.2464,16.7113,16.6691,15.6477,0.0009,-1.0000
16.6667,1.0000,241.8153,1.1663,0.2330,16.6401,16.6341,15.6481,0.0009,-1.0000
16.6671,1.0000,241.8320,0.9820,0.2353,16.6571,16.6528,15.6232,0.0010,-1.0000
16.6676,1.0000,241.8487,0.9267,0.2421,16.6918,16.7624,15.7035,0.0008,-1.0000
16.6670,1.0000,241.8653,1.0206,0.2344,16.6749,16.5562,15.5445,0.0010,-1.0000
16.6656,1.0000,241.8819,0.9852,0.2297,16.6391,16.6651,15.6516,0.0009,-1.0000
16.6675,1.0000,241.8987,1.0286,0.2346,16.6578,16.6583,15.7986,0.0008,-1.0000
16.6655,1.0000,241.9152,1.0581,0.2493,16.7683,16.6348,15.5129,0.0012,-1.0000
16.6678,1.0000,241.9319,1.0108,0.2484,16.5625,16.6612,15.8145,0.0010,-1.0000
16.6679,1.0000,241.9486,1.0126,0.2743,16.6705,16.6676,15.7612,0.0010,-1.0000
16.6651,1.0000,241.9652,0.8589,0.2398,16.6637,16.6542,15.6078,0.0011,-1.0000
16.6676,1.0000,241.9819,1.1208,0.2565,16.6398,16.6656,15.7661,0.0009,-1.0000
16.6656,1.0000,241.9986,0.8457,0.2313,16.6665,16.6577,15.6962,0.0008,-1.0000
16.6678,1.0000,242.0153,0.9055,0.2477,16.6731,16.6911,15.6431,0.0011,-1.0000
16.6669,1.0000,242.0320,1.0452,0.2775,16.6595,16.6823,15.6942,0.0008,-1.0000
16.6668,1.0000,242.0487,0.8991,0.2657,16.6708,16.6592,15.6556,0.0009,-1.0000
16.6660,1.0000,242.0653,0.9608,0.2412,16.6627,16.6539,15.5961,0.0011,-1.0000
16.6669,1.0000,242.0819,1.0469,0.2460,16.6964,16.6639,15.5961,0.0012,-1.0000
16.6676,1.0000,242.0987,0.9874,0.2579,16.6881,16.6977,15.7836,0.0008,-1.0000
16.6668,1.0000,242.1153,1.0026,0.2406,16.6645,16.6113,15.5033,0.0012,-1.0000
16.6666,1.0000,242.1320,1.0568,0.2414,16.6598,16.6716,15.6107,0.0008,-1.0000
16.6672,1.0000,242.1487,1.0668,0.2388,16.6683,16.6978,15.6294,0.0012,-1.0000
16.6656,1.0000,242.1652,0.9134,0.2461,16.7028,16.5864,15.5464,0.0009,-1.0000
16.6673,1.0000,242.1818,1.1069,0.2385,16.6171,16.6598,15.8040,0.0008,-1.0000
16.6666,1.0000,242.1986,1.0601,0.2373,16.6769,16.6645,15.8448,0.0009,-1.0000
16.6666,1.0000,242.2153,1.0672,0.2569,16.7041,16.6615,15.7044,0.0008,-1.0000
16.6683,1.0000,242.2320,1.0392,0.2298,16.5919,16.6701,15.7572,0.0010,-1.0000
16.6672,1.0000,242.2487,0.8552,0.2529,16.6650,16.6592,15.4205,0.0012,-1.0000
16.6659,1.0000,242.2654,0.8189,0.2381,16.6696,16.7016,15.5918,0.0009,-1.0000
16.6672,1.0000,242.2819,0.9564,0.2224,16.6667,16.6181,15.5015,0.0012,-1.0000
16.6672,1.0000,242.2986,0.9120,0.2646,16.6768,16.6608,15.6781,0.0008,-1.0000
16.6657,1.0000,242.3153,1.2372,0.2508,16.6658,16.6535,15.6222,0.0008,-1.0000
16.6665,1.0000,242.3319,1.1091,0.3445,16.7081,16.6602,15.5514,0.0009,-1.0000
16.6671,1.0000,242.3487,1.1154,0.2517,16.6248,16.6682,15.7279,0.0010,-1.0000
16.6667,1.0000,242.3653,0.9818,0.2442,16.6677,16.6535,15.6631,0.0012,-1.0000
16.6663,1.0000,242.3819,1.0304,0.2411,16.6594,16.6646,15.6268,0.0008,-1.0000
16.6684,1.0000,242.3987,1.1080,0.2370,16.6651,16.6628,15.8016,0.0009,-1.0000
16.6662,1.0000,242.4153,0.9393,0.2370,16.6741,16.6679,15.4107,0.0008,-1.0000
16.6659,1.0000,242.4320,0.9896,0.2509,16.6595,16.6513,15.5967,0.0010,-1.0000
16.6665,1.0000,242.4486,1.0368,0.2323,16.6703,16.6593,15.6972,0.0009,-1.0000
16.6665,1.0000,242.4652,0.8600,0.2565,16.6687,16.6591,15.7386,0.0008,-1.0000
16.6669,1.0000,242.4819,1.2565,0.2566,16.6740,16.6603,15.7652,0.0010,-1.0000
16.6666,1.0000,242.4986,1.0537,0.2355,16.6571,16.6648,15.6448,0.0009,-1.0000
16.6672,1.0000,242.5153,0.9613,0.2364,16.6652,16.6600,15.7479,0.0009,-1.0000
16.6672,1.0000,242.5320,0.9197,0.2309,16.6638,16.6670,15.7358,0.0008,-1.0000
16.6663,1.0000,242.5486,0.8941,0.2452,16.6653,16.7011,15.6479,0.0011,-1.0000
16.6662,1.0000,242.5653,1.0193,0.2361,16.6702,16.6169,15.6543,0.0009,-1.0000
16.6677,1.0000,242.5819,0.9115,0.2849,16.6659,16.6676,15.5438,0.0010,-1.0000
16.6668,1.0000,242.5987,0.9306,0.2440,16.6726,16.7031,15.7205,0.0009,-1.0000
16.6661,1.0000,242.6153,1.0524,0.2456,16.7066,16.6115,15.5463,0.0012,-1.0000
16.6675,1.0000,242.6320,0.9619,0.2442,16.6223,16.6652,15.7125,0.0011,-1.0000
16.6662,1.0000,242.6487,1.1229,0.2328,16.6730,16.7062,15.6733,0.0011,-1.0000
16.6665,1.0000,242.6653,0.9819,0.2542,16.7094,16.6129,15.4204,0.0013,-1.0000
16.6665,1.0000,242.6818,1.0641,0.2404,16.6176,16.6579,15.7698,0.0008,-1.0000
16.6667,1.0000,242.6986,0.9517,0.2358,16.6707,16.6604,15.8588,0.0008,-1.0000
16.6673,1.0000,242.7153,1.0320,0.2471,16.7123,16.7137,15.6925,0.0008,-1.0000
16.6680,1.0000,242.7321,1.1915,0.2267,16.6185,16.6716,15.6863,0.0011,-1.0000
16.6645,1.0000,242.7486,0.8875,0.2498,16.6629,16.6324,15.3806,0.0012,-1.0000
16.6671,1.0000,242.7653,0.8008,0.2421,16.6662,16.6662,15.7345,0.0009,-1.0000
16.6673,1.0000,242.7819,1.0204,0.2239,16.7188,16.6912,15.7360,0.0008,-1.0000
16.6659,1.0000,242.7987,0.9844,0.2503,16.6795,16.6254,15.7165,0.0009,-1.0000
16.6669,1.0000,242.8153,1.2508,0.2287,16.6386,16.6620,15.6779,0.0009,-1.0000
16.6670,1.0000,242.8320,0.9309,0.2395,16.6715,16.7426,15.5592,0.0008,-1.0000
16.6683,1.0000,242.8487,0.9545,0.2323,16.6965,16.6087,15.6056,0.0009,-1.0000
16.6659,1.0000,242.8653,0.9084,0.2228,16.6301,16.6401,15.6097,0.0007,-1.0000
16.6674,1.0000,242.8819,0.9834,0.2487,16.6676,16.6800,15.6986,0.0008,-1.0000
16.6665,1.0000,242.8987,1.1825,0.2312,16.7486,16.6046,15.6935,0.0008,-1.0000
16.6668,1.0000,242.9153,1.0024,0.2461,16.6138,16.7218,15.5929,0.0009,-1.0000
16.6666,1.0000,242.9321,1.0298,0.2304,16.6464,16.6789,15.6952,0.0009,-1.0000
16.6662,1.0000,242.9487,0.9806,0.2871,16.6854,16.6393,15.6246,0.0011,-1.0000
16.6665,1.0000,242.9653,0.9106,0.2485,16.6107,16.6326,15.6910,0.0009,-1.0000
16.6668,1.0000,242.9819,1.1280,0.2237,16.7273,16.6756,15.7321,0.0009,-1.0000
16.6668,1.0000,242.9986,0.9830,0.2776,16.6839,16.6611,15.6859,0.0011,-1.0000
16.6668,1.0000,243.0154,1.0136,0.2251,16.6447,16.6934,15.7088,0.0009,-1.0000
16.6670,1.0000,243.0320,0.9408,0.2721,16.6368,16.6211,15.6509,0.0009,-1.0000
16.6676,1.0000,243.0486,0.9430,0.2280,16.6811,16.6584,15.6536,0.0010,-1.0000
16.6660,1.0000,243.0654,0.9742,0.2334,16.6659,16.7576,15.6612,0.0010,-1.0000
16.6680,1.0000,243.0820,0.9837,0.2257,16.6987,16.5672,15.4625,0.0011,-1.0000
16.6648,1.0000,243.0987,0.9693,0.2580,16.6265,16.6500,15.5945,0.0013,-1.0000
16.6675,1.0000,243.1153,1.0040,0.2497,16.6632,16.6619,15.5861,0.0012,-1.0000
16.6668,1.0000,243.1320,1.0953,0.2492,16.7638,16.6434,15.6389,0.0007,-1.0000
16.6661,1.0000,243.1486,1.1039,0.2421,16.5731,16.6567,15.6616,0.0013,-1.0000
16.6670,1.0000,243.1653,1.0543,0.2384,16.6555,16.6548,15.5563,0.0011,-1.0000
16.6669,1.0000,243.1819,1.0748,0.2365,16.6673,16.6646,15.7398,0.0010,-1.0000
16.6677,1.0000,243.1987,1.0038,0.2301,16.6486,16.6647,15.7262,0.0011,-1.0000
16.6653,1.0000,243.2153,0.9940,0.2416,16.6633,16.6567,15.6099,0.0009,-1.0000
16.6673,1.0000,243.2321,1.0976,0.2331,16.6599,16.6880,15.6665,0.0008,-1.0000
16.6669,1.0000,243.2487,0.9239,0.2377,16.6702,16.7033,15.4047,0.0014,-1.0000
16.6667,1.0000,243.2653,0.9375,0.2482,16.6700,16.6342,15.6229,0.0010,-1.0000
16.6671,1.0000,243.2819,1.0459,0.2425,16.6616,16.6660,15.6628,0.0009,-1.0000
16.6659,1.0000,243.2986,1.0208,0.2568,16.6937,16.6559,15.6074,0.0009,-1.0000
16.6672,1.0000,243.3154,1.2974,0.2427,16.7088,16.7053,15.6636,0.0010,-1.0000
16.6655,1.0000,243.3320,1.0104,0.2347,16.6402,16.5973,15.3142,0.0011,-1.0000
16.6674,1.0000,243.3486,1.0025,0.2462,16.6727,16.6655,15.7269,0.0011,-1.0000
16.6680,1.0000,243.3654,1.0476,0.2937,16.6614,16.7191,15.7275,0.0013,-1.0000
16.6658,1.0000,243.3819,1.0410,0.2371,16.7111,16.5810,15.5341,0.0009,-1.0000
16.6672,1.0000,243.3988,1.2821,0.2277,16.6019,16.6647,15.8131,0.0008,-1.0000
16.6659,1.0000,243.4153,0.9374,0.2291,16.6702,16.6419,15.4359,0.0013,-1.0000
16.6671,1.0000,243.4319,0.9903,0.2495,16.7252,16.6647,15.6991,0.0009,-1.0000
16.6669,1.0000,243.4486,1.0461,0.2429,16.5873,16.6624,15.7646,0.0010,-1.0000
16.6665,1.0000,243.4653,0.8508,0.2633,16.6800,16.6664,15.6803,0.0009,-1.0000
16.6666,1.0000,243.4819,1.2048,0.2539,16.6468,16.7034,15.6301,0.0009,-1.0000
16.6671,1.0000,243.4986,0.9648,0.2679,16.6696,16.6140,15.6572,0.0010,-1.0000
16.6663,1.0000,243.5153,0.8969,0.2454,16.6673,16.6595,15.7121,0.0009,-1.0000
16.6673,1.0000,243.5320,0.9853,0.2595,16.6713,16.6730,15.5722,0.0012,-1.0000
16.6664,1.0000,243.5486,1.0725,0.2609,16.7092,16.6536,15.6414,0.0014,-1.0000
16.6665,1.0000,243.5654,0.9557,0.2415,16.6191,16.6679,15.7441,0.0009,-1.0000
16.6674,1.0000,243.5819,0.9467,0.2667,16.6643,16.6610,15.4969,0.0012,-1.0000
16.6658,1.0000,243.5986,1.0996,0.2537,16.6783,16.6518,15.7191,0.0011,-1.0000
16.6671,1.0000,243.6153,1.0109,0.2467,16.6584,16.6691,15.7069,0.0009,-1.0000
16.6672,1.0000,243.6320,0.9231,0.2540,16.6733,16.6607,15.6876,0.0011,-1.0000
16.6682,1.0000,243.6487,1.1630,0.2458,16.6666,16.6675,15.6452,0.0012,-1.0000
16.6653,1.0000,243.6654,0.9318,0.2550,16.6571,16.6568,15.4054,0.0012,-1.0000
16.6667,1.0000,243.6819,0.9614,0.2452,16.6737,16.6630,15.5289,0.0010,-1.0000
16.6670,1.0000,243.6987,0.9721,0.2428,16.6654,16.6572,15.7275,0.0008,-1.0000
16.6666,1.0000,243.7153,1.0211,0.2618,16.6734,16.6613,15.5797,0.0008,-1.0000
16.6666,1.0000,243.7320,1.2502,0.2698,16.6630,16.6592,15.6990,0.0009,-1.0000
16.6668,1.0000,243.7486,1.1332,0.2493,16.6682,16.6657,15.5443,0.0008,-1.0000
16.6662,1.0000,243.7653,0.9291,0.2836,16.6627,16.7007,15.7190,0.0009,-1.0000
16.6671,1.0000,243.7819,1.0810,0.2461,16.6662,16.6236,15.6465,0.0010,-1.0000
16.6670,1.0000,243.7986,0.9592,0.2500,16.6644,16.6598,15.7395,0.0008,-1.0000
16.6667,1.0000,243.8154,1.1206,0.2413,16.6704,16.7035,15.7110,0.0010,-1.0000
16.6673,1.0000,243.8320,0.9810,0.2526,16.7059,16.6226,15.5596,0.0009,-1.0000
16.6666,1.0000,243.8486,0.9760,0.2392,16.6287,16.6611,15.6281,0.0009,-1.0000
16.6665,1.0000,243.8653,0.9198,0.2311,16.6650,16.6980,15.6000,0.0010,-1.0000
16.6665,1.0000,243.8819,0.9917,0.2469,16.7089,16.6196,15.6231,0.0009,-1.0000
16.6668,1.0000,243.8987,1.0621,0.2568,16.6281,16.6587,15.8249,0.0009,-1.0000
16.6666,1.0000,243.9153,1.0322,0.2448,16.6672,16.6640,15.5456,0.0010,-1.0000
16.6669,1.0000,243.9320,1.0970,0.2572,16.7044,16.6951,15.7113,0.0011,-1.0000
16.6664,1.0000,243.9486,0.9956,0.2751,16.6248,16.6684,15.7077,0.0008,-1.0000
16.6669,1.0000,243.9653,0.8328,0.2333,16.6638,16.6595,15.6660,0.0012,-1.0000
16.6677,1.0000,243.9820,1.1175,0.2403,16.6691,16.6751,15.6059,0.0012,-1.0000
16.6681,1.0000,243.9989,0.9829,0.2426,16.6996,16.6954,15.6089,0.0009,-1.0000
16.6647,1.0000,244.0154,0.9599,0.2314,16.6737,16.6198,15.3794,0.0008,-1.0000
16.6672,1.0000,244.0320,0.9925,0.2390,16.6647,16.6470,15.5368,0.0010,-1.0000
16.6658,1.0000,244.0487,1.0682,0.2276,16.6808,16.7335,15.6240,0.0010,-1.0000
16.6673,1.0000,244.0654,1.0856,0.2541,16.7024,16.5964,15.5908,0.0009,-1.0000
16.6660,1.0000,244.0819,1.2398,0.2961,16.6256,16.6635,15.5818,0.0009,-1.0000
16.6669,1.0000,244.0987,1.1094,0.2453,16.6525,16.6846,15.7685,0.0009,-1.0000
16.6670,1.0000,244.1153,1.1088,0.2297,16.7385,16.5976,15.5584,0.0012,-1.0000
16.6670,1.0000,244.1321,1.0047,0.2377,16.6014,16.7162,15.6628,0.0011,-1.0000
16.6662,1.0000,244.1488,1.0811,0.2644,16.6681,16.6560,15.5316,0.0012,-1.0000
16.6674,1.0000,244.1653,0.9155,0.2400,16.6900,16.6462,15.3109,0.0011,-1.0000
16.6664,1.0000,244.1819,1.0380,0.2393,16.6024,16.6878,15.6388,0.0010,-1.0000
16.6673,1.0000,244.1987,1.0523,0.2439,16.7211,16.6632,15.7687,0.0008,-1.0000
16.6663,1.0000,244.2153,1.1234,0.2808,16.6624,16.6330,15.5905,0.0009,-1.0000
16.6671,1.0000,244.2321,1.3343,0.2622,16.6522,16.6780,15.7043,0.0008,-1.0000
16.6670,1.0000,244.2487,1.0480,0.2234,16.6925,16.6864,15.4748,0.0009,-1.0000
16.6666,1.0000,244.2653,0.8938,0.2580,16.6687,16.6157,15.5509,0.0010,-1.0000
16.6670,1.0000,244.2819,1.0420,0.2280,16.6383,16.6662,15.6630,0.0009,-1.0000
16.6667,1.0000,244.2988,0.9732,0.2683,16.6836,16.7541,15.5964,0.0010,-1.0000
16.6678,1.0000,244.3155,1.2113,0.2483,16.6924,16.5666,15.4835,0.0009,-1.0000
16.6649,1.0000,244.3320,1.0639,0.2410,16.6213,16.6574,15.3354,0.0012,-1.0000
16.6670,1.0000,244.3486,1.0025,0.2527,16.6716,16.6506,15.6191,0.0011,-1.0000
16.6667,1.0000,244.3653,1.1567,0.2656,16.7599,16.6408,15.7002,0.0009,-1.0000
16.6675,1.0000,244.3819,1.0822,0.2573,16.5726,16.6676,15.6751,0.0012,-1.0000
16.6675,1.0000,244.3987,1.3210,0.2674,16.6634,16.6597,15.6953,0.0010,-1.0000
16.6652,1.0000,244.4153,1.0306,0.2346,16.6556,16.6593,15.4076,0.0010,-1.0000
16.6665,1.0000,244.4319,0.9400,0.2511,16.6463,16.6524,15.6377,0.0008,-1.0000
16.6678,1.0000,244.4486,0.9914,0.2669,16.6727,16.6707,15.7251,0.0009,-1.0000
16.6666,1.0000,244.4654,0.9636,0.2793,16.6654,16.6826,15.5616,0.0010,-1.0000
16.6675,1.0000,244.4820,1.2508,0.2372,16.6653,16.7138,15.4297,0.0012,-1.0000
16.6663,1.0000,244.4987,1.0140,0.2389,16.6581,16.6304,15.4433,0.0012,-1.0000
16.6668,1.0000,244.5154,0.9449,0.3165,16.6756,16.6553,15.4841,0.0010,-1.0000
16.6667,1.0000,244.5320,1.1199,0.2660,16.6883,16.6708,15.5026,0.0011,-1.0000
16.6661,1.0000,244.5487,1.2831,0.2578,16.7199,16.6840,15.5047,0.0011,-1.0000
16.6674,1.0000,244.5654,1.1863,0.2664,16.6365,16.6208,15.5831,0.0011,-1.0000
16.6666,1.0000,244.5819,1.1704,0.2704,16.6618,16.6547,15.5133,0.0008,-1.0000
16.6661,1.0000,244.5987,1.1671,0.2726,16.6766,16.7031,15.7470,0.0009,-1.0000
16.6675,1.0000,244.6153,1.1786,0.2379,16.6892,16.5900,15.6242,0.0009,-1.0000
16.6673,1.0000,244.6320,1.0366,0.2689,16.6267,16.6671,15.6396,0.0009,-1.0000
16.6661,1.0000,244.6486,1.1407,0.2842,16.6596,16.6525,15.6780,0.0009,-1.0000
16.6662,1.0000,244.6653,0.9553,0.2382,16.7090,16.6687,15.5500,0.0011,-1.0000
16.6673,1.0000,244.6819,0.9649,0.2420,16.5955,16.6639,15.7243,0.0008,-1.0000
16.6671,1.0000,244.6986,1.0268,0.2568,16.6727,16.6599,15.7431,0.0010,-1.0000
16.6660,1.0000,244.7153,0.9737,0.2555,16.6576,16.6955,15.6655,0.0009,-1.0000
16.6671,1.0000,244.7321,1.1177,0.2305,16.6735,16.6213,15.6568,0.0010,-1.0000
16.6662,1.0000,244.7486,0.9390,0.2325,16.6689,16.6608,15.5170,0.0014,-1.0000
16.6666,1.0000,244.7653,0.9158,0.2471,16.6659,16.6634,15.7643,0.0011,-1.0000
16.6681,1.0000,244.7819,1.0292,0.2346,16.7005,16.6662,15.7763,0.0010,-1.0000
16.6655,1.0000,244.7986,0.9637,0.2382,16.6262,16.6584,15.7228,0.0009,-1.0000
16.6677,1.0000,244.8154,1.1426,0.2659,16.6651,16.6690,15.7107,0.0008,-1.0000
16.6659,1.0000,244.8320,0.8979,0.2326,16.6683,16.6559,15.5278,0.0011,-1.0000
16.6680,1.0000,244.8487,0.8889,0.2590,16.6714,16.6684,15.6899,0.0009,-1.0000
16.6661,1.0000,244.8653,0.9348,0.3083,16.6632,16.6533,15.6157,0.0010,-1.0000
16.6665,1.0000,244.8819,0.9576,0.2398,16.6748,16.6627,15.6660,0.0013,-1.0000
16.6663,1.0000,244.8987,1.1272,0.2616,16.6611,16.6599,15.8154,0.0009,-1.0000
16.6670,1.0000,244.9153,0.9777,0.2484,16.6741,16.6644,15.5356,0.0011,-1.0000
16.6664,1.0000,244.9319,1.0367,0.2446,16.6590,16.6579,15.7222,0.0007,-1.0000
16.6689,1.0000,244.9487,0.9958,0.2872,16.6677,16.6950,15.7455,0.0008,-1.0000
16.6647,1.0000,244.9653,0.8437,0.2375,16.6652,16.6285,15.5608,0.0010,-1.0000
16.6670,1.0000,244.9819,1.1280,0.2353,16.6695,16.6590,15.6320,0.0012,-1.0000
16.6660,1.0000,244.9987,0.9352,0.2887,16.6631,16.7048,15.6549,0.0008,-1.0000
16.6672,1.0000,245.0153,0.9486,0.2555,16.7014,16.6213,15.5327,0.0014,-1.0000
16.6668,1.0000,245.0320,1.0669,0.2477,16.6334,16.6613,15.7001,0.0010,-1.0000
16.6673,1.0000,245.0487,1.0258,0.2373,16.6646,16.7109,15.6499,0.0008,-1.0000
16.6668,1.0000,245.0654,1.0492,0.2539,16.7098,16.6150,15.5255,0.0013,-1.0000
16.6668,1.0000,245.0819,1.0871,0.2343,16.6270,16.6611,15.5244,0.0009,-1.0000
16.6668,1.0000,245.0988,0.9605,0.2770,16.6669,16.7092,15.7205,0.0009,-1.0000
16.6672,1.0000,245.1153,1.0604,0.2469,16.7165,16.6113,15.4503,0.0012,-1.0000
16.6659,1.0000,245.1320,1.0883,0.2423,16.6206,16.6594,15.6236,0.0012,-1.0000
16.6670,1.0000,245.1487,1.1360,0.2334,16.6670,16.6642,15.7426,0.0009,-1.0000
16.6670,1.0000,245.1653,0.9878,0.2594,16.7148,16.6975,15.4764,0.0015,-1.0000
16.6663,1.0000,245.1819,1.1599,0.2419,16.6177,16.6600,15.6638,0.0009,-1.0000
16.6667,1.0000,245.1987,1.0348,0.2381,16.6641,16.6525,15.8090,0.0009,-1.0000
16.6671,1.0000,245.2153,0.9208,0.2495,16.6697,16.6736,15.6634,0.0010,-1.0000
16.6674,1.0000,245.2322,1.2199,0.2371,16.7028,16.7042,15.6809,0.0009,-1.0000
16.6669,1.0000,245.2487,0.9952,0.2287,16.6645,16.6172,15.3792,0.0010,-1.0000
16.6666,1.0000,245.2654,0.8426,0.2366,16.6573,16.6520,15.6102,0.0010,-1.0000
16.6665,1.0000,245.2820,1.0093,0.2796,16.6782,16.7525,15.6352,0.0009,-1.0000
16.6664,1.0000,245.2987,1.0225,0.2540,16.7107,16.5729,15.6121,0.0010,-1.0000
16.6671,1.0000,245.3154,1.2372,0.2446,16.6227,16.6697,15.6910,0.0010,-1.0000
16.6664,1.0000,245.3320,1.0407,0.2461,16.6579,16.6896,15.4679,0.0009,-1.0000
16.6670,1.0000,245.3486,1.1168,0.2388,16.7585,16.5941,15.6026,0.0009,-1.0000
16.6670,1.0000,245.3653,0.9599,0.2418,16.5780,16.7082,15.7201,0.0010,-1.0000
16.6660,1.0000,245.3819,0.9779,0.2895,16.6751,16.6638,15.6463,0.0008,-1.0000
16.6676,1.0000,245.3988,1.2209,0.2399,16.6952,16.6640,15.7415,0.0013,-1.0000
16.7102,1.0000,245.4156,0.9906,0.2812,16.5986,16.8895,15.4569,0.0009,-1.0000
16.6414,1.0000,245.4320,0.9871,0.2619,16.7134,16.4379,15.1749,0.0009,-1.0000
16.6666,1.0000,245.4487,1.0166,0.2375,16.6687,16.6800,15.6387,0.0008,-1.0000
16.6665,1.0000,245.4655,0.9216,0.2497,16.6694,16.6838,15.6139,0.0010,-1.0000
16.6678,1.0000,245.4820,1.4082,0.2618,16.8960,16.6196,15.5457,0.0014,-1.0000
16.6658,1.0000,245.4987,1.2623,0.2497,16.4438,16.6668,15.6149,0.0013,-1.0000
16.6677,1.0000,245.5155,1.0406,0.2419,16.6856,16.7586,15.6629,0.0010,-1.0000
16.6666,1.0000,245.5320,1.0689,0.2337,16.6893,16.5429,15.4273,0.0013,-1.0000
16.6666,1.0000,245.5494,1.0725,0.2363,16.6248,16.6696,15.6225,0.0008,-1.0000
16.6669,1.0000,245.5655,1.0508,0.2357,16.6729,16.6577,14.8387,0.0010,-1.0000
16.6675,1.0000,245.5820,1.0949,0.4057,16.7642,16.6383,15.3886,0.0014,-1.0000
16.6655,1.0000,245.5987,1.1143,0.2502,16.5486,16.6535,15.5933,0.0008,-1.0000
16.6670,1.0000,245.6154,1.0464,0.3642,16.6743,16.6640,15.6449,0.0010,-1.0000
16.6659,1.0000,245.6320,1.8180,0.3092,16.6637,16.6523,15.5382,0.0008,-1.0000
16.6676,1.0000,245.6487,1.2482,0.3067,16.6450,16.6618,15.7105,0.0012,-1.0000
16.6664,1.0000,245.6654,1.0594,0.2975,16.6588,16.6648,15.5529,0.0010,-1.0000
16.6666,1.0000,245.6819,1.0182,0.3250,16.6706,16.6849,15.4292,0.0016,-1.0000
16.6672,1.0000,245.6987,1.1132,0.3030,16.6579,16.6821,15.7478,0.0009,-1.0000
16.6661,1.0000,245.7154,0.9500,0.3186,16.6669,16.6581,15.5491,0.0012,-1.0000
16.6678,1.0000,245.7322,1.1110,0.3693,16.6702,16.6694,15.6347,0.0009,-1.0000
16.6668,1.0000,245.7487,1.2544,0.2916,16.6898,16.6611,15.2757,0.0011,-1.0000
16.6667,1.0000,245.7655,0.9334,0.3002,16.6877,16.6972,15.5713,0.0014,-1.0000
16.6663,1.0000,245.7820,1.1078,0.3616,16.6636,16.6113,15.5494,0.0012,-1.0000
16.6667,1.0000,245.7987,1.0338,0.3251,16.6752,16.6522,15.7034,0.0010,-1.0000
16.6668,1.0000,245.8154,1.3844,0.2680,16.6671,16.7093,15.6563,0.0010,-1.0000
16.6663,1.0000,245.8320,1.1246,0.2596,16.7035,16.5875,15.5007,0.0009,-1.0000
16.6687,1.0000,245.8487,1.0608,0.2584,16.6167,16.6642,15.6531,0.0011,-1.0000
16.6657,1.0000,245.8653,0.9482,0.3239,16.6570,16.6583,15.5481,0.0010,-1.0000
16.6667,1.0000,245.8819,1.0521,0.2712,16.7143,16.6620,15.6124,0.0011,-1.0000
16.8516,1.0000,245.8990,1.0861,0.2641,16.5924,16.8548,15.9429,0.0009,-1.0000
16.6641,1.0000,245.9155,1.0101,0.4566,16.6699,16.6500,15.3535,0.0010,-1.0000
16.6666,1.0000,245.9322,1.1094,0.2699,16.6643,16.7058,15.6231,0.0009,-1.0000
16.6668,1.0000,245.9489,1.0486,0.3375,16.6665,16.6160,15.6017,0.0014,-1.0000
16.6664,1.0000,245.9655,0.9109,0.2895,16.8609,16.6584,15.6173,0.0010,-1.0000
16.6667,1.0000,245.9821,1.2955,0.2597,16.6559,16.6675,15.7253,0.0011,-1.0000
16.6667,1.0000,245.9989,1.0820,0.3571,16.7112,16.6588,15.6458,0.0010,-1.0000
16.6682,1.0000,246.0156,1.0131,0.2621,16.6213,16.6673,15.6772,0.0009,-1.0000
16.6659,1.0000,246.0322,1.0401,0.2492,16.6633,16.6570,15.4604,0.0012,-1.0000
16.6657,1.0000,246.0488,0.9411,0.2786,16.6725,16.6569,15.6298,0.0012,-1.0000
16.6682,1.0000,246.0656,1.0120,0.3023,16.6636,16.6732,15.7149,0.0010,-1.0000
16.6658,1.0000,246.0821,0.9892,0.2773,16.6733,16.6528,15.5203,0.0011,-1.0000
16.6672,1.0000,246.0989,1.1953,0.2694,16.6625,16.6638,15.7777,0.0009,-1.0000
16.6666,1.0000,246.1155,1.0260,0.2495,16.6615,16.6617,15.6368,0.0010,-1.0000
16.6663,1.0000,246.1322,0.9575,0.2689,16.6785,16.6609,15.5990,0.0012,-1.0000
16.6672,1.0000,246.1490,1.1317,0.2632,16.6577,16.6663,15.6887,0.0011,-1.0000
16.6663,1.0000,246.1659,0.8854,0.2500,16.6691,16.6575,15.5117,0.0011,-1.0000
16.6667,1.0000,246.1821,1.0240,0.2698,16.6670,16.6628,15.1960,0.0011,-1.0000
16.6671,1.0000,246.1988,1.0609,0.3669,16.6654,16.6616,15.7733,0.0009,-1.0000
16.6670,1.0000,246.2156,0.9768,0.2567,16.6715,16.7040,15.6524,0.0010,-1.0000
16.6672,1.0000,246.2323,1.1449,0.3516,16.6624,16.6233,15.5165,0.0013,-1.0000
16.6675,1.0000,246.2489,1.4658,0.3406,16.6682,16.6611,15.3137,0.0010,-1.0000
16.6659,1.0000,246.2656,0.8875,0.3080,16.6664,16.6950,15.4709,0.0009,-1.0000
16.6671,1.0000,246.2821,1.0506,0.3071,16.7092,16.6241,15.4358,0.0011,-1.0000
16.6664,1.0000,246.2989,1.1059,0.3605,16.6307,16.6567,15.6486,0.0010,-1.0000
16.6668,1.0000,246.3156,1.3463,0.3041,16.6682,16.7037,15.5856,0.0011,-1.0000
16.6661,1.0000,246.3322,1.2235,0.3762,16.7010,16.6167,15.4686,0.0011,-1.0000
16.6676,1.0000,246.3489,1.1874,0.3068,16.6299,16.6689,15.6495,0.0008,-1.0000
16.6661,1.0000,246.3655,1.0073,0.3104,16.6623,16.6549,15.5549,0.0013,-1.0000
16.6675,1.0000,246.3822,1.1172,0.3061,16.7089,16.7058,15.6446,0.0009,-1.0000
16.6679,1.0000,246.3990,1.1470,0.3364,16.6217,16.6798,15.6701,0.0009,-1.0000
16.6663,1.0000,246.4156,1.0186,0.2520,16.6742,16.6535,15.2936,0.0013,-1.0000
16.6655,1.0000,246.4322,1.0988,0.2475,16.6600,16.6482,15.5084,0.0011,-1.0000
16.6668,1.0000,246.4489,1.0602,0.2540,16.7116,16.6830,15.6419,0.0009,-1.0000
16.6665,1.0000,246.4655,1.0088,0.3262,16.6856,16.6289,15.5786,0.0011,-1.0000
16.6670,1.0000,246.4822,1.3588,0.2588,16.6601,16.6567,15.6931,0.0011,-1.0000
16.6682,1.0000,246.4991,1.1389,0.2520,16.6535,16.7683,15.5181,0.0010,-1.0000
16.6688,1.0000,246.5157,1.0404,0.2462,16.6883,16.5888,15.2484,0.0010,-1.0000
16.6656,1.0000,246.5323,1.0494,0.3030,16.6335,16.6617,15.2207,0.0013,-1.0000
16.6663,1.0000,246.5490,0.9624,0.2748,16.6614,16.6847,15.2697,0.0010,-1.0000
16.6693,1.0000,246.5658,1.2489,0.3076,16.7747,16.5930,15.4140,0.0010,-1.0000
16.6630,1.0000,246.5822,1.3393,0.3651,16.5961,16.6860,15.1820,0.0012,-1.0000
16.6664,1.0000,246.5990,1.4396,0.3440,16.6699,16.6660,15.5883,0.0011,-1.0000
16.6667,1.0000,246.6156,1.4140,0.3678,16.6918,16.6454,15.4001,0.0012,-1.0000
16.6655,1.0000,246.6322,1.1782,0.3686,16.6006,16.6552,15.5779,0.0009,-1.0000
16.6679,1.0000,246.6489,1.5030,0.2796,16.6936,16.6629,15.5851,0.0013,-1.0000
16.6668,1.0000,246.6656,1.0768,0.3095,16.6715,16.6837,15.5535,0.0009,-1.0000
16.6671,1.0000,246.6822,1.2441,0.2838,16.6506,16.6883,15.5208,0.0012,-1.0000
16.6685,1.0000,246.6990,1.0764,0.2863,16.6597,16.6140,15.6609,0.0009,-1.0000
16.6657,1.0000,246.7157,1.0765,0.2653,16.6676,16.6679,15.1983,0.0014,-1.0000
16.6670,1.0000,246.7326,1.1294,0.2510,16.6891,16.8227,15.3274,0.0014,-1.0000
16.6684,1.0000,246.7490,1.1663,0.2582,16.6939,16.5134,14.7749,0.0015,-1.0000
16.6663,1.0000,246.7656,0.9521,0.3340,16.6206,16.6410,15.1754,0.0011,-1.0000
16.6668,1.0000,246.7822,1.4684,0.2868,16.6755,16.6551,15.3949,0.0011,-1.0000
16.6673,1.0000,246.7990,1.4941,0.4122,16.8316,16.6284,15.3318,0.0012,-1.0000
16.6677,1.0000,246.8157,1.7369,0.3252,16.5216,16.6705,15.3048,0.0012,-1.0000
16.6649,1.0000,246.8323,1.4644,0.4114,16.6481,16.6435,15.2724,0.0010,-1.0000
16.6694,1.0000,246.8492,1.2589,0.3627,16.6632,16.6817,15.2235,0.0013,-1.0000
16.6660,1.0000,246.8657,1.2952,0.3316,16.6363,16.6418,14.8464,0.0012,-1.0000
16.6664,1.0000,246.8823,1.3644,0.2939,16.6801,16.6583,15.0873,0.0012,-1.0000
16.6672,1.0000,246.8992,1.3702,0.3673,16.6529,16.6923,15.2246,0.0011,-1.0000
16.6669,1.0000,246.9158,1.4568,0.5054,16.6919,16.6868,14.9573,0.0012,-1.0000
16.6668,1.0000,246.9324,1.7940,0.3637,16.6525,16.6355,15.0458,0.0011,-1.0000
16.6728,1.0000,246.9501,1.5695,0.4145,16.6701,16.7129,15.1749,0.0014,-1.0000
16.6602,1.0000,246.9657,1.4666,0.3412,16.7044,16.5997,13.6817,0.0018,-1.0000
16.6659,1.0000,246.9823,1.7282,0.5033,16.6983,16.6835,15.3448,0.0010,-1.0000
16.6670,1.0000,246.9990,1.5882,0.3431,16.6454,16.6028,15.2006,0.0016,-1.0000
16.6668,1.0000,247.0157,1.5364,0.8475,16.7277,16.6638,15.3165,0.0010,-1.0000
16.6663,1.0000,247.0324,2.9161,0.3866,16.6108,16.7026,15.2137,0.0010,-1.0000
16.6676,1.0000,247.0490,1.3373,0.3884,16.6920,16.5748,15.2950,0.0010,-1.0000
16.6675,1.0000,247.0657,1.4007,0.4068,16.6119,16.6622,15.2496,0.0009,-1.0000
16.6649,1.0000,247.0822,1.3462,0.4077,16.6716,16.6528,15.2719,0.0013,-1.0000
16.6673,1.0000,247.0990,1.4880,0.3682,16.7115,16.6591,15.3747,0.0012,-1.0000
16.6668,1.0000,247.1158,1.2786,0.4761,16.5827,16.7337,15.0396,0.0012,-1.0000
16.6666,1.0000,247.1323,1.4115,0.3371,16.6730,16.5882,15.2270,0.0011,-1.0000
16.6670,1.0000,247.1492,1.3794,0.4327,16.6610,16.7117,15.2891,0.0012,-1.0000
16.6665,1.0000,247.1656,1.2831,0.5168,16.6675,16.5958,15.0639,0.0014,-1.0000
16.6669,1.0000,247.1823,1.6931,0.3903,16.7419,16.6605,15.1944,0.0013,-1.0000
16.6674,1.0000,247.1990,1.3602,0.2929,16.5965,16.6523,15.2660,0.0019,-1.0000
16.6667,1.0000,247.2158,1.4216,0.4070,16.7221,16.6660,15.3538,0.0016,-1.0000
16.6672,1.0000,247.2325,1.5302,0.3132,16.6075,16.6679,15.1604,0.0012,-1.0000
16.6660,1.0000,247.2491,1.4650,0.3785,16.6691,16.6480,14.9552,0.0015,-1.0000
16.6670,1.0000,247.2658,1.3847,0.3150,16.6619,16.6563,15.0590,0.0016,-1.0000
16.6672,1.0000,247.2823,1.3105,0.6158,16.6757,16.6562,15.0335,0.0011,-1.0000
16.6661,1.0000,247.2991,1.5065,0.3461,16.6792,16.6512,15.1623,0.0013,-1.0000
16.6683,1.0000,247.3158,1.6914,0.3917,16.6594,16.6587,15.1026,0.0010,-1.0000
16.6662,1.0000,247.3324,1.5963,0.4018,16.6670,16.6567,14.9349,0.0013,-1.0000
16.6674,1.0000,247.3491,1.6215,0.3950,16.6671,16.6593,15.0937,0.0011,-1.0000
16.6650,1.0000,247.3656,1.4876,0.5752,16.6624,16.6440,14.9483,0.0013,-1.0000
16.6663,1.0000,247.3822,1.5546,0.3838,16.6694,16.6515,15.3448,0.0010,-1.0000
16.6659,1.0000,247.3990,1.7202,0.4404,16.6686,16.6628,15.5143,0.0021,-1.0000
16.6668,1.0000,247.4156,1.5639,0.4073,16.6711,16.6505,15.2566,0.0013,-1.0000
16.6679,1.0000,247.4324,1.6943,0.2928,16.6550,16.7208,15.4089,0.0013,-1.0000
16.6725,1.0000,247.4492,1.3058,0.2827,16.6605,16.6325,15.0975,0.0013,-1.0000
16.6619,1.0000,247.4656,1.1463,0.2882,16.6718,16.6179,14.9013,0.0014,-1.0000
16.6649,1.0000,247.4823,1.3925,0.2699,16.6594,16.7113,15.4094,0.0011,-1.0000
16.6700,1.0000,247.4993,1.3105,0.3972,16.7315,16.6368,15.2704,0.0015,-1.0000
16.6652,1.0000,247.5157,1.5332,0.3681,16.6443,16.6323,14.5538,0.0019,-1.0000
16.6680,1.0000,247.5324,1.7150,0.2598,16.6282,16.7094,15.1448,0.0014,-1.0000
16.6657,1.0000,247.5490,1.3010,0.2828,16.7199,16.5923,15.0848,0.0011,-1.0000
16.6666,1.0000,247.5657,1.3650,0.5412,16.6490,16.6494,15.1464,0.0012,-1.0000
16.6660,1.0000,247.5822,2.0768,0.3789,16.6449,16.6579,15.1815,0.0013,-1.0000
16.6663,1.0000,247.5990,1.5633,0.3697,16.7213,16.6942,15.4864,0.0011,-1.0000
16.6681,1.0000,247.6157,1.5064,0.3620,16.6037,16.6779,15.4526,0.0011,-1.0000
16.6672,1.0000,247.6324,1.5017,0.2870,16.6606,16.6581,15.3679,0.0011,-1.0000
16.6664,1.0000,247.6493,1.4749,0.2529,16.6673,16.6765,15.1724,0.0013,-1.0000
16.6659,1.0000,247.6658,1.2067,0.2562,16.7013,16.6635,14.9918,0.0012,-1.0000
16.6687,1.0000,247.6823,1.2244,0.2887,16.6862,16.6210,15.1705,0.0013,-1.0000
16.6657,1.0000,247.6991,1.2888,0.2869,16.6673,16.6556,15.4377,0.0009,-1.0000
16.6668,1.0000,247.7158,1.5027,0.3751,16.6875,16.7583,15.0254,0.0016,-1.0000
16.6677,1.0000,247.7326,1.6705,0.4070,16.6738,16.6323,15.0166,0.0017,-1.0000
16.6666,1.0000,247.7491,1.4490,0.4415,16.6316,16.6107,14.8552,0.0015,-1.0000
16.6671,1.0000,247.7659,1.2169,0.3708,16.6661,16.6889,14.9563,0.0013,-1.0000
17.2402,1.0000,247.7829,1.7315,0.4132,16.7676,17.1322,15.4688,0.0012,-1.0000
16.6682,1.0000,247.7998,1.6138,0.3675,16.6442,16.7416,15.1817,0.0015,-1.0000
16.6662,1.0000,247.8164,1.7541,0.5435,16.6221,16.6407,14.8803,0.0014,-1.0000
16.6657,1.0000,247.8330,1.7314,0.7136,16.7004,16.6183,14.8725,0.0015,-1.0000
16.6665,1.0000,247.8497,1.6617,0.3846,17.1435,16.6902,14.9965,0.0011,-1.0000
16.6679,1.0000,247.8664,1.5585,0.7120,16.7530,16.6336,14.9611,0.0011,-1.0000
16.6664,1.0000,247.8829,1.7590,0.4503,16.6528,16.6510,14.9216,0.0014,-1.0000
16.6682,1.0000,247.8998,1.7442,0.4538,16.6296,16.6825,15.1125,0.0014,-1.0000
16.6654,1.0000,247.9164,1.6928,0.3858,16.7018,16.6685,14.8701,0.0012,-1.0000
16.6672,1.0000,247.9330,1.6714,0.4312,16.6455,16.6097,15.0269,0.0012,-1.0000
16.6651,1.0000,247.9497,1.7281,0.5880,16.6618,16.6608,14.7687,0.0011,-1.0000
16.6683,1.0000,247.9665,1.5686,0.3698,16.6944,16.7716,14.9459,0.0016,-1.0000
16.6676,1.0000,247.9830,1.7970,0.3821,16.6789,16.5683,14.8715,0.0012,-1.0000
16.6650,1.0000,247.9998,1.5817,0.4753,16.6208,16.6558,14.8860,0.0011,-1.0000
16.6682,1.0000,248.0164,1.8911,0.5979,16.6726,16.6236,14.9619,0.0013,-1.0000
16.6660,1.0000,248.0330,1.8244,0.3985,16.7832,16.6071,14.8371,0.0013,-1.0000
16.6668,1.0000,248.0497,1.6953,0.3878,16.5803,16.6530,14.9577,0.0013,-1.0000
16.6665,1.0000,248.0664,1.7684,0.4066,16.6680,16.6618,15.0732,0.0011,-1.0000
16.6675,1.0000,248.0829,1.6601,0.3892,16.6347,16.6574,14.9656,0.0012,-1.0000
16.6661,1.0000,248.0997,1.7687,0.4084,16.6181,16.6611,15.1578,0.0012,-1.0000
16.6664,1.0000,248.1163,1.6941,0.4404,16.6643,16.6402,15.0563,0.0015,-1.0000
16.6666,1.0000,248.1330,1.5873,0.3649,16.6736,16.6954,15.0294,0.0014,-1.0000
16.6669,1.0000,248.1497,1.6903,0.6641,16.6693,16.6960,14.9689,0.0017,-1.0000
16.6672,1.0000,248.1664,1.5023,0.4741,16.6734,16.6410,14.8924,0.0013,-1.0000
16.6669,1.0000,248.1829,1.5822,0.4990,16.6517,16.6563,15.0354,0.0011,-1.0000
16.6661,1.0000,248.1997,1.6648,0.6772,16.7073,16.6524,15.0162,0.0015,-1.0000
16.6683,1.0000,248.2165,1.7253,0.4128,16.7090,16.7973,15.0330,0.0013,-1.0000
16.6665,1.0000,248.2331,1.7471,0.4317,16.6526,16.4948,14.9218,0.0013,-1.0000
16.6647,1.0000,248.2497,1.6197,0.4859,16.6683,16.6379,14.7264,0.0016,-1.0000
16.6670,1.0000,248.2663,1.6346,0.6967,16.6664,16.7151,15.1129,0.0010,-1.0000
16.6675,1.0000,248.2828,1.7627,0.3779,16.8085,16.5627,14.9981,0.0011,-1.0000
16.6659,1.0000,248.2996,1.5718,0.5539,16.5060,16.6575,15.2925,0.0011,-1.0000
16.6667,1.0000,248.3163,1.9100,0.3242,16.6499,16.6520,15.0276,0.0014,-1.0000
16.6665,1.0000,248.3345,1.6012,0.2886,16.7251,16.6511,15.0898,0.0011,-1.0000
16.6669,1.0000,248.3496,1.5633,0.3045,16.5738,16.6654,13.5089,0.0013,-1.0000
16.6664,1.0000,248.3662,1.3637,0.4860,16.6681,16.6564,14.9517,0.0012,-1.0000
16.6672,1.0000,248.3829,1.6230,0.6426,16.6625,16.7148,15.1772,0.0011,-1.0000
16.6674,1.0000,248.3996,1.5599,0.5775,16.6608,16.5935,15.1249,0.0011,-1.0000
16.6659,1.0000,248.4163,3.1552,0.4821,16.6752,16.6797,14.8653,0.0012,-1.0000
16.6677,1.0000,248.4329,1.7034,0.6431,16.6666,16.6351,15.0290,0.0011,-1.0000
16.6674,1.0000,248.4497,1.5366,0.5145,16.7254,16.6700,15.0142,0.0011,-1.0000
16.6656,1.0000,248.4663,1.4674,0.6681,16.6051,16.6335,14.9435,0.0012,-1.0000
16.6672,1.0000,248.4829,1.8129,0.4885,16.6909,16.6579,15.1106,0.0011,-1.0000
16.6666,1.0000,248.4997,1.6051,0.4329,16.6453,16.6569,15.0586,0.0012,-1.0000
16.6668,1.0000,248.5163,1.6548,0.4608,16.6835,16.6527,15.0712,0.0013,-1.0000
16.6662,1.0000,248.5329,1.6888,0.4366,16.6511,16.6560,14.9561,0.0013,-1.0000
16.6664,1.0000,248.5496,1.5458,0.4549,16.6680,16.6583,15.2917,0.0014,-1.0000
16.6676,1.0000,248.5663,1.5966,0.3513,16.6668,16.6645,15.2967,0.0017,-1.0000
16.6658,1.0000,248.5829,1.5797,0.4493,16.6620,16.6549,15.1783,0.0015,-1.0000
16.6664,1.0000,248.5996,1.6983,0.3369,16.6648,16.6560,15.1504,0.0015,-1.0000
16.6671,1.0000,248.6162,1.3652,0.3900,16.6675,16.6470,15.1199,0.0013,-1.0000
16.6667,1.0000,248.6329,1.3661,0.3485,16.6743,16.6642,15.3081,0.0015,-1.0000
16.6667,1.0000,248.6496,1.4751,0.3410,16.6659,16.6537,15.3322,0.0010,-1.0000
16.6688,1.0000,248.6664,1.5042,0.3614,16.6660,16.7423,15.3834,0.0010,-1.0000
16.6647,1.0000,248.6828,1.5259,0.3523,16.6557,16.5663,15.1209,0.0016,-1.0000
16.6660,1.0000,248.6995,1.3549,0.3687,16.6729,16.6562,15.3280,0.0014,-1.0000
16.6667,1.0000,248.7163,1.3207,0.3739,16.6630,16.7141,15.2822,0.0011,-1.0000
16.6678,1.0000,248.7329,1.3578,0.3897,16.7527,16.6083,15.2550,0.0011,-1.0000
16.6669,1.0000,248.7496,1.4436,0.4763,16.5766,16.6560,15.2535,0.0016,-1.0000
16.6660,1.0000,248.7663,1.3267,0.3403,16.6652,16.6982,15.2662,0.0018,-1.0000
16.6670,1.0000,248.7828,1.4311,0.3291,16.7230,16.6177,15.0746,0.0013,-1.0000
16.6656,1.0000,248.7995,1.3523,0.3452,16.6179,16.6548,15.4411,0.0012,-1.0000
16.6692,1.0000,248.8163,1.4011,0.3316,16.6657,16.6673,15.3557,0.0015,-1.0000
16.6661,1.0000,248.8329,1.4306,0.3779,16.7066,16.7032,15.0716,0.0013,-1.0000
16.6669,1.0000,248.8496,1.5419,0.2895,16.6266,16.6602,15.3392,0.0010,-1.0000
16.6649,1.0000,248.8662,1.2125,0.3669,16.6631,16.6388,15.2203,0.0016,-1.0000
16.6676,1.0000,248.8828,1.3101,0.3117,16.6765,16.6795,15.4286,0.0010,-1.0000
16.6681,1.0000,248.8997,1.6301,0.2927,16.7126,16.6985,15.4962,0.0014,-1.0000
16.6663,1.0000,248.9162,1.3201,0.2741,16.6700,16.6096,15.1329,0.0016,-1.0000
16.6675,1.0000,248.9329,1.4168,0.2928,16.6460,16.6573,15.4699,0.0011,-1.0000
16.6659,1.0000,248.9496,1.2499,0.2569,16.6865,16.7204,15.1908,0.0016,-1.0000
16.6665,1.0000,248.9662,1.2009,0.2906,16.7067,16.5992,15.3568,0.0010,-1.0000
16.6668,1.0000,248.9829,1.4750,0.2886,16.6174,16.6637,15.3975,0.0012,-1.0000
16.6649,1.0000,248.9996,1.1862,0.3486,16.6666,16.6847,15.3007,0.0011,-1.0000
16.6687,1.0000,249.0162,1.5279,0.3107,16.7296,16.5781,15.4270,0.0009,-1.0000
16.6672,1.0000,249.0329,1.2414,0.2803,16.6073,16.7210,15.2891,0.0013,-1.0000
16.6670,1.0000,249.0496,1.2651,0.2769,16.6717,16.6519,15.3686,0.0011,-1.0000
16.6669,1.0000,249.0662,1.3828,0.2881,16.6927,16.6402,15.3730,0.0011,-1.0000
16.6664,1.0000,249.0828,1.1501,0.4656,16.5848,16.6770,15.3025,0.0013,-1.0000
16.6666,1.0000,249.0996,1.4305,0.2876,16.7298,16.6584,15.4725,0.0011,-1.0000
16.6666,1.0000,249.1162,1.2821,0.2815,16.6609,16.6512,15.2788,0.0012,-1.0000
16.6667,1.0000,249.1329,1.2657,0.2604,16.6484,16.6726,15.3568,0.0012,-1.0000
16.6666,1.0000,249.1496,1.3729,0.3687,16.6854,16.6767,15.4124,0.0014,-1.0000
16.6669,1.0000,249.1663,1.1847,0.4111,16.6671,16.6089,15.1738,0.0010,-1.0000
16.6666,1.0000,249.1828,1.3710,0.2958,16.6600,16.6593,15.3657,0.0013,-1.0000
16.6660,1.0000,249.1997,1.3145,0.2787,16.6814,16.7456,15.3858,0.0013,-1.0000
16.6699,1.0000,249.2162,1.2629,0.2941,16.6864,16.5795,15.2004,0.0011,-1.0000
16.6644,1.0000,249.2330,1.4338,0.2961,16.6178,16.6699,15.3751,0.0011,-1.0000
16.6665,1.0000,249.2496,1.2922,0.3417,16.6682,16.6333,15.2346,0.0012,-1.0000
16.6679,1.0000,249.2662,1.3583,0.3085,16.7539,16.6231,15.3346,0.0012,-1.0000
16.6659,1.0000,249.2828,1.3779,0.3212,16.5895,16.6570,15.3470,0.0010,-1.0000
16.6670,1.0000,249.2995,1.2935,0.3468,16.6792,16.6556,15.4516,0.0011,-1.0000
16.6667,1.0000,249.3162,1.3976,0.2945,16.6420,16.6641,15.4908,0.0011,-1.0000
16.6675,1.0000,249.3329,1.2871,0.4223,16.6322,16.6629,15.3355,0.0013,-1.0000
16.6661,1.0000,249.3495,1.3089,0.3159,16.6656,16.6544,15.4170,0.0013,-1.0000
16.6668,1.0000,249.3662,1.2030,0.2851,16.6639,16.6854,15.1670,0.0011,-1.0000
16.6666,1.0000,249.3828,1.1723,0.2761,16.6719,16.6970,15.3303,0.0011,-1.0000
16.6674,1.0000,249.3996,1.3260,0.2854,16.6730,16.6515,15.4292,0.0013,-1.0000
16.6667,1.0000,249.4162,1.2362,0.3237,16.6638,16.6444,15.3066,0.0011,-1.0000
16.6653,1.0000,249.4329,1.5172,0.3287,16.6936,16.6614,15.3192,0.0017,-1.0000
16.6676,1.0000,249.4497,1.3659,0.2882,16.7054,16.6959,15.3055,0.0012,-1.0000
16.6671,1.0000,249.4663,1.2211,0.3235,16.6614,16.6180,15.1120,0.0011,-1.0000
16.6668,1.0000,249.4828,1.3366,0.2769,16.6531,16.6370,15.2115,0.0014,-1.0000
16.6656,1.0000,249.4996,1.3406,0.3154,16.6705,16.7061,15.2155,0.0012,-1.0000
16.6678,1.0000,249.5162,1.3896,0.3170,16.7054,16.5755,15.3434,0.0012,-1.0000
16.6658,1.0000,249.5328,1.5055,0.3741,16.6282,16.6603,15.3590,0.0015,-1.0000
16.6671,1.0000,249.5495,1.4242,0.3009,16.6469,16.6556,15.4564,0.0011,-1.0000
16.6667,1.0000,249.5662,1.4895,0.2774,16.7148,16.6605,15.3817,0.0008,-1.0000
16.6676,1.0000,249.5827,1.2306,0.3047,16.5832,16.6574,15.3750,0.0010,-1.0000
16.6665,1.0000,249.5995,1.2999,0.2777,16.6692,16.6627,15.4997,0.0013,-1.0000
16.6666,1.0000,249.6163,1.1982,0.2786,16.6643,16.7532,15.3299,0.0012,-1.0000
16.6670,1.0000,249.6329,1.2783,0.2876,16.6695,16.5620,15.1540,0.0017,-1.0000
16.6658,1.0000,249.6495,1.2812,0.2917,16.6666,16.6519,15.3518,0.0013,-1.0000
16.6674,1.0000,249.6662,1.1618,0.4124,16.6709,16.6625,15.3957,0.0011,-1.0000
16.6666,1.0000,249.6828,1.4222,0.2777,16.7628,16.6545,15.3802,0.0011,-1.0000
16.6662,1.0000,249.6999,1.4059,0.2935,16.5710,16.6509,15.3170,0.0012,-1.0000
16.6671,1.0000,249.7162,1.2987,0.2961,16.6613,16.6650,14.8956,0.0016,-1.0000
16.6680,1.0000,249.7330,1.2655,0.3010,16.6713,16.6631,15.3882,0.0010,-1.0000
16.6662,1.0000,249.7495,1.2730,0.3739,16.6631,16.6583,15.0821,0.0012,-1.0000
16.6668,1.0000,249.7662,1.3329,0.4691,16.6600,16.6466,15.3176,0.0011,-1.0000
16.6662,1.0000,249.7828,1.7680,0.3428,16.6736,16.6603,15.3445,0.0013,-1.0000
16.6663,1.0000,249.7995,1.2741,0.5260,16.6733,16.6577,15.4824,0.0012,-1.0000
16.6674,1.0000,249.8162,1.5748,0.3583,16.6674,16.6619,15.3915,0.0015,-1.0000
16.6657,1.0000,249.8329,1.3278,0.3974,16.6559,16.6858,15.2961,0.0011,-1.0000
16.6672,1.0000,249.8496,1.3146,0.3764,16.6687,16.6332,15.2218,0.0012,-1.0000
16.6664,1.0000,249.8662,1.1742,0.3170,16.6659,16.6507,15.2669,0.0010,-1.0000
16.6675,1.0000,249.8828,1.2688,0.3277,16.6698,16.6677,15.3768,0.0011,-1.0000
16.6670,1.0000,249.8996,1.3889,0.3573,16.6954,16.7027,15.4321,0.0013,-1.0000
16.6659,1.0000,249.9162,1.4102,0.3396,16.6422,16.6084,15.2858,0.0013,-1.0000
16.6675,1.0000,249.9329,1.3826,0.3131,16.6589,16.6597,15.4070,0.0010,-1.0000
16.6657,1.0000,249.9496,1.2897,0.2790,16.6761,16.7050,15.3891,0.0012,-1.0000
16.6675,1.0000,249.9662,1.2687,0.2877,16.7122,16.6116,15.2356,0.0013,-1.0000
16.6659,1.0000,249.9828,1.3215,0.2814,16.6175,16.6472,15.3208,0.0011,-1.0000
16.6686,1.0000,249.9996,1.2517,0.3350,16.6682,16.7212,15.4459,0.0013,-1.0000
16.6651,1.0000,250.0162,1.3150,0.3015,16.7137,16.6015,15.3265,0.0014,-1.0000
16.6665,1.0000,250.0331,1.3746,0.2902,16.6208,16.6761,15.2027,0.0011,-1.0000
16.6671,1.0000,250.0500,1.3252,0.2855,16.6555,16.6718,15.2170,0.0012,-1.0000
16.6665,1.0000,250.0663,1.2740,0.2844,16.7298,16.6942,14.8554,0.0012,-1.0000
16.6674,1.0000,250.0828,1.2737,0.3009,16.6100,16.6449,15.2538,0.0012,-1.0000
16.6668,1.0000,250.0998,1.4724,0.3390,16.6840,16.7267,15.4125,0.0012,-1.0000
16.6660,1.0000,250.1163,1.4538,0.2940,16.6811,16.6210,14.9655,0.0010,-1.0000
16.6697,1.0000,250.1331,1.8375,0.2911,16.7026,16.6562,15.3154,0.0012,-1.0000
16.6646,1.0000,250.1497,1.3898,0.2973,16.6537,16.6805,15.0827,0.0013,-1.0000
16.6669,1.0000,250.1665,1.3130,0.3798,16.7372,16.8509,15.0776,0.0014,-1.0000
16.6634,1.0000,250.1828,1.6547,0.3242,16.6302,16.3981,15.0733,0.0012,-1.0000
16.6693,1.0000,250.1997,1.3397,0.3241,16.6653,16.7352,15.4847,0.0010,-1.0000
16.6672,1.0000,250.2162,1.5967,0.4139,16.6897,16.5610,15.2160,0.0012,-1.0000
16.6651,1.0000,250.2330,1.7719,0.2859,16.8596,16.7681,15.3775,0.0011,-1.0000
16.6685,1.0000,250.2496,1.3237,0.3037,16.4052,16.6381,15.1177,0.0012,-1.0000
16.6667,1.0000,250.2663,1.2497,0.2940,16.7419,16.6148,15.3676,0.0010,-1.0000
16.6659,1.0000,250.2828,1.3437,0.2820,16.5688,16.6775,15.2836,0.0011,-1.0000
16.6660,1.0000,250.2996,1.3898,0.2891,16.7774,16.6284,15.2972,0.0012,-1.0000
16.6681,1.0000,250.3164,1.5191,0.2965,16.6468,16.6892,15.2562,0.0009,-1.0000
16.6668,1.0000,250.3330,1.2460,0.3130,16.6239,16.6604,15.1571,0.0013,-1.0000
16.6651,1.0000,250.3496,1.3928,0.3425,16.6859,16.6281,15.2143,0.0012,-1.0000
16.6692,1.0000,250.3668,1.3302,0.2936,16.6364,16.6553,15.4031,0.0011,-1.0000
16.6653,1.0000,250.3829,1.4319,0.2871,16.6979,16.7563,14.5857,0.0016,-1.0000
16.6673,1.0000,250.3996,1.5018,0.3016,16.6687,16.5401,15.1588,0.0014,-1.0000
16.6672,1.0000,250.4163,1.4126,0.3345,16.6363,16.6848,15.2402,0.0011,-1.0000
16.6652,1.0000,250.4329,1.2511,0.4194,16.6631,16.6349,15.3125,0.0012,-1.0000
16.6666,1.0000,250.4496,2.1687,0.3772,16.7652,16.6458,15.4422,0.0010,-1.0000
16.6697,1.0000,250.4666,1.3798,0.3222,16.5480,16.7434,15.3575,0.0010,-1.0000
16.6641,1.0000,250.4829,1.4432,0.3286,16.6934,16.5762,14.9398,0.0016,-1.0000
16.6678,1.0000,250.4996,1.3213,0.3325,16.6428,16.6608,15.3161,0.0011,-1.0000
16.6678,1.0000,250.5164,1.2027,0.3318,16.6533,16.6949,15.4031,0.0010,-1.0000
16.6659,1.0000,250.5329,1.3852,0.3429,16.7543,16.6280,15.0352,0.0013,-1.0000
16.6661,1.0000,250.5496,1.6349,0.3046,16.5850,16.6814,15.3130,0.0011,-1.0000
16.6685,1.0000,250.5663,1.3437,0.3030,16.6684,16.6474,15.2908,0.0011,-1.0000
16.6651,1.0000,250.5828,1.2910,0.3581,16.7055,16.6471,15.2518,0.0014,-1.0000
16.6667,1.0000,250.5996,1.5917,0.3177,16.6369,16.7107,15.4905,0.0010,-1.0000
16.6679,1.0000,250.6163,1.3673,0.3312,16.6897,16.6519,15.3914,0.0013,-1.0000
16.6675,1.0000,250.6329,1.3555,0.3007,16.6559,16.6281,15.0552,0.0011,-1.0000
16.6669,1.0000,250.6497,1.3938,0.2913,16.6553,16.6539,15.3350,0.0012,-1.0000
16.6664,1.0000,250.6663,1.2191,0.2663,16.7181,16.7013,15.0483,0.0013,-1.0000
16.6666,1.0000,250.6828,1.2591,0.3028,16.6594,16.5583,15.3035,0.0014,-1.0000
16.6663,1.0000,250.6996,1.5717,0.2844,16.6373,16.6651,15.5205,0.0015,-1.0000
16.6667,1.0000,250.7162,1.3178,0.3059,16.6636,16.6511,15.2661,0.0011,-1.0000
16.6675,1.0000,250.7329,1.6515,0.3212,16.7111,16.6671,15.2616,0.0014,-1.0000
16.6661,1.0000,250.7496,1.2534,0.2961,16.5678,16.6541,15.3222,0.0012,-1.0000
16.6689,0.0000,250.7717,1.1430,0.2869,16.6741,21.9817,15.3411,0.0013,-1.0000
16.6648,0.0000,250.7827,1.3841,0.3012,16.6614,11.3215,9.8066,0.0014,-1.0000
16.6678,0.0000,250.7997,1.4040,0.2784,16.6768,16.6856,15.4407,0.0010,-1.0000
16.6671,0.0000,250.8162,1.3306,0.3382,16.6639,16.6350,14.9140,0.0016,-1.0000
16.6664,0.0000,250.8329,6.6394,0.3457,21.9913,16.6651,15.1432,0.0018,-1.0000
20.3434,0.0000,250.8534,1.5135,0.3085,11.3298,20.3340,18.9879,0.0015,-1.0000
16.6666,0.0000,250.8700,1.2442,0.3609,16.6970,16.6471,15.0208,0.0014,-1.0000
16.6665,0.0000,250.8865,1.7194,0.4252,16.6450,16.6531,15.1077,0.0012,-1.0000
17.4674,0.0000,250.9049,1.5200,0.3568,16.6757,17.6155,16.0969,0.0011,-1.0000
16.6673,0.0000,250.9207,1.3446,0.3571,20.3458,16.5061,14.2344,0.0013,-1.0000
16.6658,0.0000,250.9374,1.6250,0.3353,16.6593,16.6473,15.3130,0.0010,-1.0000
16.6671,0.0000,250.9541,1.5440,0.3284,16.6638,16.6540,15.2895,0.0012,-1.0000
16.6667,0.0000,250.9708,1.5175,0.3491,17.6262,16.6653,15.2264,0.0015,-1.0000
16.6663,0.0000,250.9874,2.2702,0.3278,16.5167,16.6520,15.2166,0.0013,-1.0000
16.6669,0.0000,251.0041,1.3335,0.3238,16.6577,16.6520,15.2497,0.0012,-1.0000
16.6668,0.0000,251.0206,1.3636,0.3042,16.6630,16.6577,15.2149,0.0013,-1.0000
16.6653,0.0000,251.0373,1.4376,0.3298,16.6757,16.6547,15.2574,0.0016,-1.0000
16.6685,0.0000,251.0541,1.4339,0.3438,16.6635,16.7114,15.4127,0.0010,-1.0000
16.6689,0.0000,251.0757,1.4012,0.3448,16.6624,16.8325,15.2081,0.0013,-1.0000
21.9799,0.0000,251.1035,1.4418,0.3996,16.6680,29.8783,15.2448,0.0017,-1.0000
16.6668,0.0000,251.1096,1.3957,0.3968,16.6633,8.5294,3.8580,0.0016,-1.0000
16.6657,0.0000,251.1263,1.2981,0.3761,16.7200,16.7673,14.6440,0.0012,-1.0000
16.6676,0.0000,251.1429,1.6226,0.4749,16.8441,16.8578,14.7172,0.0009,-1.0000
16.6670,0.0000,251.1597,14.6324,0.3849,29.8890,16.5122,14.8998,0.0011,-1.0000
17.4958,0.0000,251.1773,4.6700,0.3649,8.5412,17.3079,15.7151,0.0011,-1.0000
17.0269,0.0000,251.1940,2.1262,0.3844,16.7873,17.0745,14.7155,0.0012,-1.0000
17.6270,0.0000,251.2280,2.1396,0.3803,16.8665,27.1264,15.2179,0.0013,-1.0000
18.5319,0.0000,251.2301,1.6111,0.3580,16.5237,8.7144,0.0021,0.0018,-1.0000
16.4360,0.0000,251.2475,1.5915,0.4590,17.3200,16.4588,15.0582,0.0011,-1.0000
20.6127,0.0000,251.2687,2.3578,0.3613,17.0865,20.5694,17.7720,0.0015,-1.0000
16.7160,0.0000,251.2843,11.9782,0.3452,27.4069,16.7294,13.3864,0.0015,-1.0000
16.8107,0.0000,251.3007,8.7112,0.3162,8.7223,16.8552,14.3070,0.0014,-1.0000
16.8720,0.0000,251.3181,1.3996,0.3811,16.4675,16.7194,14.9954,0.0011,-1.0000
29.6927,0.0000,251.3485,2.7966,0.4843,20.5800,29.7998,25.6476,0.0013,-1.0000
17.1843,0.0000,251.3645,3.3417,0.4202,16.7629,17.0850,13.4413,0.0015,-1.0000
16.6661,0.0000,251.3810,2.5469,0.4919,16.8960,16.6681,14.9851,0.0015,-1.0000
16.6663,0.0000,251.3980,1.7229,1.2048,16.7304,16.7339,14.9386,0.0014,-1.0000
16.7251,0.0000,251.4148,4.1511,0.6479,29.8103,16.6024,14.5861,0.0013,-1.0000
16.6660,0.0000,251.4314,3.6424,0.4044,17.0970,16.6622,14.0683,0.0017,-1.0000
16.6674,0.0000,251.4481,1.6816,0.6043,16.6789,16.7128,14.8906,0.0013,-1.0000
16.6667,0.0000,251.4645,1.7938,0.4681,16.7463,16.5906,14.7874,0.0012,-1.0000
16.6666,0.0000,251.4811,2.0151,3.0160,16.6127,16.6504,15.1438,0.0014,-1.0000
16.6669,0.0000,251.4977,2.5923,0.4037,16.6729,16.6028,15.0346,0.0012,-1.0000
16.6670,0.0000,251.5144,1.8207,0.3585,16.7309,16.6537,15.2693,0.0010,-1.0000
16.6674,0.0000,251.5313,1.8022,0.3832,16.6117,16.6721,15.2811,0.0012,-1.0000
16.6655,0.0000,251.5478,1.5052,0.3621,16.6617,16.7417,14.9096,0.0018,-1.0000
16.6672,0.0000,251.5644,1.5671,0.3533,16.6137,16.5577,15.0826,0.0015,-1.0000
16.6658,0.0000,251.5810,1.3832,0.3453,16.6627,16.6634,15.0599,0.0012,-1.0000
16.6674,0.0000,251.5978,1.3900,0.3827,16.6839,16.6791,14.9573,0.0011,-1.0000
16.6665,0.0000,251.6144,1.8302,0.4073,16.7529,16.6231,15.2771,0.0012,-1.0000
16.6676,0.0000,251.6311,1.4740,0.4104,16.5694,16.6462,15.3546,0.0014,-1.0000
16.6677,0.0000,251.6478,1.6023,0.3884,16.6737,16.6586,15.3872,0.0016,-1.0000
16.6662,0.0000,251.6644,1.7208,0.3773,16.6890,16.6515,14.8579,0.0017,-1.0000
16.6652,0.0000,251.6810,1.3449,0.3116,16.6325,16.6529,15.3114,0.0014,-1.0000
16.6671,0.0000,251.6978,1.2901,0.3099,16.6548,16.6589,15.1864,0.0011,-1.0000
16.6678,0.0000,251.7146,1.2699,0.3691,16.6707,16.8413,15.1653,0.0015,-1.0000
16.6664,0.0000,251.7311,1.7921,0.3593,16.6641,16.4700,15.0036,0.0012,-1.0000
16.6662,0.0000,251.7477,1.3401,0.4074,16.6634,16.6537,15.1606,0.0013,-1.0000
16.9559,0.0000,251.7708,1.4712,0.3566,16.6694,16.9457,15.6648,0.0010,-1.0000
17.0935,0.0000,251.7817,1.6745,0.3428,16.8529,17.0833,9.2388,0.0027,-1.0000
18.6491,0.0000,251.8009,1.4648,0.3719,16.4807,18.6406,16.5864,0.0012,-1.0000
28.6801,0.0000,251.8302,1.4916,0.3572,16.6649,28.6632,26.5899,0.0012,-1.0000
16.6683,0.0000,251.8469,1.2798,0.6009,16.9570,16.9277,14.0226,0.0019,-1.0000
16.6647,0.0000,251.8624,7.8424,0.9017,17.0945,16.3773,13.4955,0.0014,-1.0000
16.6670,0.0000,251.8792,2.0532,0.3804,18.6534,16.6596,15.2136,0.0014,-1.0000
16.6666,0.0000,251.8958,2.0720,0.3553,28.6759,16.6079,14.6837,0.0012,-1.0000
16.6686,0.0000,251.9127,2.9038,0.3829,16.9409,16.6519,14.8023,0.0011,-1.0000
20.5205,0.0000,251.9333,2.8806,0.3796,16.3894,20.5038,17.4963,0.0016,-1.0000
15.3240,0.0000,251.9483,1.4443,0.3314,16.7205,15.3192,13.4698,0.0014,-1.0000
16.6659,0.0000,251.9649,1.9228,0.4302,16.6221,16.6452,13.5210,0.0012,-1.0000
16.6664,0.0000,251.9815,1.8488,0.3663,16.6652,16.6573,15.3269,0.0011,-1.0000
16.6676,0.0000,251.9983,3.0061,0.3549,20.5156,16.6555,15.3245,0.0014,-1.0000
16.6664,0.0000,252.0288,1.8485,0.4561,15.3306,16.6618,15.2934,0.0012,-1.0000
21.7609,0.0000,252.0368,3.1232,0.3063,16.6562,21.7474,1.8719,0.0018,-1.0000
19.5630,0.0000,252.0567,1.3291,0.3864,16.6682,19.5611,17.6351,0.0015,-1.0000
18.8900,0.0000,252.0759,1.3297,0.3924,16.6657,18.8672,17.0604,0.0014,-1.0000
19.7241,0.0000,252.0963,1.3673,0.3678,16.6723,19.7106,13.2059,0.0017,-1.0000
16.6820,0.0000,252.1117,19.8742,0.2908,21.7557,16.6721,13.7675,0.0016,-1.0000
16.6669,0.0000,252.1284,1.9248,0.4803,19.5762,16.6538,11.1349,0.0013,-1.0000
16.6673,0.0000,252.1452,1.8054,1.0417,18.8835,16.7167,15.1288,0.0013,-1.0000
46.7187,0.0000,252.1964,6.5033,0.4256,19.7214,46.6461,43.5898,0.0016,-1.0000
16.6651,0.0000,252.2089,2.9032,0.6913,16.6824,16.6526,5.5084,0.0017,-1.0000
16.6689,0.0000,252.2268,5.5176,0.3725,16.6645,16.6657,14.4945,0.0014,-1.0000
16.6679,0.0000,252.2415,1.5869,0.4139,16.7286,16.6536,13.2559,0.0017,-1.0000
16.6655,0.0000,252.2583,3.0548,0.4322,46.6576,16.6567,15.2195,0.0013,-1.0000
16.6668,0.0000,252.2751,11.1430,0.5487,16.6608,16.6525,14.2807,0.0014,-1.0000
17.4900,0.0000,252.2941,2.1701,0.3906,16.6767,17.5088,15.8968,0.0010,-1.0000
18.3287,0.0000,252.3108,3.3961,0.5211,16.6659,18.2815,14.7999,0.0017,-1.0000
16.6664,0.0000,252.3275,1.4357,0.5308,16.6691,16.6573,15.1760,0.0012,-1.0000
16.8920,0.0000,252.3444,2.3702,0.6674,16.6643,16.8781,15.2980,0.0015,-1.0000
22.4455,0.0000,252.3670,1.6107,0.4812,17.5243,22.4331,20.8700,0.0016,-1.0000
16.6678,0.0000,252.4009,3.4804,0.5563,18.2942,16.6587,14.9641,0.0012,-1.0000
19.4928,0.0000,252.4028,1.4802,0.4007,16.6686,19.4689,0.0026,0.0019,-1.0000
16.5122,0.0000,252.4202,1.5786,0.3958,16.8886,16.5480,15.6174,0.0009,-1.0000
16.6487,0.0000,252.4362,1.5614,0.3778,22.4448,16.6086,14.4035,0.0016,-1.0000
16.6679,0.0000,252.4529,1.6931,0.4246,16.6702,16.6546,15.0448,0.0018,-1.0000
16.6656,0.0000,252.4695,19.4649,1.0225,19.4776,16.6542,15.1133,0.0012,-1.0000
18.0468,0.0000,252.4875,0.9294,0.4322,16.5556,18.0499,16.5465,0.0009,-1.0000
16.6665,0.0000,252.5042,2.2035,0.9412,16.6200,16.6393,15.1528,0.0012,-1.0000
17.7761,0.0000,252.5219,1.6072,0.8664,16.6669,17.7658,16.3802,0.0011,-1.0000
18.0229,0.0000,252.5622,1.5400,0.3917,16.6653,18.0092,16.5912,0.0012,-1.0000
30.0871,0.0000,252.5702,1.5020,0.3745,18.0621,30.1024,0.0020,0.0021,-1.0000
10.3402,0.0000,252.5803,1.4852,0.3752,16.6508,10.3093,8.6959,0.0011,-1.0000
16.6677,0.0000,252.5971,1.3849,0.3632,17.7775,16.6566,14.9409,0.0010,-1.0000
18.9348,0.0000,252.6162,1.4165,0.3712,18.0210,18.9251,17.5580,0.0011,-1.0000
16.6680,0.0000,252.6327,30.0991,0.3176,30.1104,16.6599,14.4814,0.0011,-1.0000
23.9623,0.0000,252.6569,1.6121,0.4596,10.3166,23.9456,22.3381,0.0013,-1.0000
21.4154,0.0000,252.6787,1.7146,0.7106,16.6676,21.4055,19.4428,0.0016,-1.0000
16.7126,0.0000,252.6949,1.3659,0.5047,18.9365,16.7033,14.6373,0.0016,-1.0000
21.7786,0.0000,252.7264,2.1775,0.3683,16.6715,21.7817,20.1088,0.0011,-1.0000
17.5807,0.0000,252.7343,1.6061,0.6889,23.9578,17.5523,6.1826,0.0018,-1.0000
18.2571,0.0000,252.7524,1.9614,0.8623,21.4174,18.2453,13.5118,0.0014,-1.0000
16.8909,0.0000,252.7694,2.0644,0.4266,16.7142,16.8832,15.2302,0.0013,-1.0000
16.6655,0.0000,252.7859,1.6715,0.6709,21.7951,16.6415,14.9778,0.0015,-1.0000
32.1539,0.0000,252.8182,11.3681,0.6217,17.5661,32.1416,15.2330,0.0010,-1.0000
1.8407,0.0000,252.8197,4.7321,0.9103,18.2589,1.8161,0.0017,0.0015,-1.0000
16.5780,0.0000,252.8374,1.6520,0.3872,16.8971,16.7782,15.8135,0.0009,-1.0000
16.9216,0.0000,252.8535,1.6620,0.4298,16.6532,16.7325,14.5470,0.0013,-1.0000
16.6622,0.0000,252.8735,16.9077,0.3663,32.1558,16.6372,14.9812,0.0014,-1.0000
16.6659,0.0000,252.8868,1.8129,0.4847,1.8211,16.6516,11.6924,0.0018,-1.0000
16.6665,0.0000,252.9034,0.9640,0.6356,16.7862,16.6541,14.9420,0.0011,-1.0000
16.6674,0.0000,252.9206,2.1831,0.3937,16.7465,16.6557,14.5216,0.0012,-1.0000
16.6652,0.0000,252.9368,1.6546,0.5452,16.6506,16.6501,14.4160,0.0027,-1.0000
16.6666,0.0000,252.9538,4.9580,0.4562,16.6638,16.6568,14.9328,0.0013,-1.0000
18.4225,0.0000,252.9735,1.7111,0.4750,16.6664,19.2343,15.5377,0.0015,-1.0000
16.6670,0.0000,252.9890,2.1329,0.3887,16.6679,15.8318,13.4262,0.0016,-1.0000
16.6666,0.0000,253.0052,2.2320,0.3684,16.6623,16.6557,14.2837,0.0021,-1.0000
16.6664,0.0000,253.0217,1.7229,0.4954,16.6688,16.6457,15.0024,0.0011,-1.0000
18.6004,0.0000,253.0432,3.6954,0.4413,19.2470,18.5963,16.8431,0.0010,-1.0000
16.6673,0.0000,253.0572,2.4040,0.5289,15.8432,16.6537,12.1020,0.0016,-1.0000
16.6654,0.0000,253.0739,2.3702,0.6052,16.6708,16.6493,14.7671,0.0021,-1.0000
16.6689,0.0000,253.0907,1.6422,0.4569,16.6577,16.6610,14.9305,0.0014,-1.0000
17.3736,0.0000,253.1078,1.7520,0.5479,18.6070,17.3637,15.5174,0.0028,-1.0000
16.6673,0.0000,253.1246,4.5502,0.3968,16.6663,16.6480,15.2026,0.0012,-1.0000
20.3968,0.0000,253.1451,1.8809,0.4515,16.6605,20.3852,6.9826,0.0019,-1.0000
16.6688,0.0000,253.1615,1.7290,0.3753,16.6718,16.6600,14.9560,0.0012,-1.0000
16.6673,0.0000,253.1783,1.8434,0.4469,17.3752,16.6564,13.9114,0.0014,-1.0000
16.6739,0.0000,253.1950,1.4442,0.5364,16.6622,16.6606,14.9360,0.0016,-1.0000
17.0099,0.0000,253.2120,13.4012,0.5330,20.3956,16.9972,15.2424,0.0014,-1.0000
16.6684,0.0000,253.2286,1.7027,0.3467,16.6711,16.6576,14.8919,0.0011,-1.0000
21.3449,0.0000,253.2500,2.7436,0.4706,16.6686,21.3392,19.7235,0.0012,-1.0000
16.6669,0.0000,253.2667,1.7230,0.3751,16.6741,16.6559,14.9573,0.0014,-1.0000
16.6669,0.0000,253.2833,1.7533,0.4058,17.0079,16.6478,13.1914,0.0013,-1.0000
16.6670,0.0000,253.2998,1.7643,0.5559,16.6690,16.6594,15.1512,0.0011,-1.0000
16.6666,0.0000,253.3167,1.6145,0.5274,21.3505,16.6530,15.1412,0.0014,-1.0000
18.0716,0.0000,253.3349,1.6978,0.5038,16.6673,18.0585,16.3907,0.0018,-1.0000
16.6667,0.0000,253.3514,3.4551,0.4475,16.6592,16.6563,14.0299,0.0016,-1.0000
16.6658,0.0000,253.3680,1.5067,0.4201,16.6714,16.6520,14.8767,0.0019,-1.0000
16.6676,0.0000,253.3847,1.5104,0.3280,16.6659,16.6581,15.1853,0.0013,-1.0000
16.9187,0.0000,253.4016,1.6658,0.3407,18.0697,16.9067,14.6875,0.0012,-1.0000
16.9250,0.0000,253.4188,2.6250,0.4498,16.6679,16.9175,14.8355,0.0015,-1.0000
16.6663,0.0000,253.4352,1.7738,0.3527,16.6625,16.5757,13.2512,0.0014,-1.0000
16.6674,0.0000,253.4522,1.4714,0.4795,16.6693,16.6581,15.1384,0.0013,-1.0000
16.6678,0.0000,253.4686,2.2184,0.4470,16.9480,16.6588,14.6860,0.0012,-1.0000
16.6655,0.0000,253.4853,2.0805,0.4597,16.9766,16.6530,14.9422,0.0014,-1.0000
16.6673,0.0000,253.5018,3.3232,0.6184,16.5859,16.6579,15.0387,0.0012,-1.0000
16.6663,0.0000,253.5186,1.5184,0.4654,16.6684,16.6511,15.0428,0.0015,-1.0000
17.3271,0.0000,253.5359,1.9717,0.3748,16.6700,17.3142,15.4139,0.0013,-1.0000
18.1885,0.0000,253.5541,1.7095,0.4214,16.6645,18.1770,16.4666,0.0016,-1.0000
16.8402,0.0000,253.5710,1.6181,0.5612,16.6712,16.8259,14.1100,0.0014,-1.0000
18.7924,0.0000,253.5898,1.6067,0.3226,16.6638,18.7826,17.2111,0.0011,-1.0000
19.0113,0.0000,253.6091,1.8987,0.4330,17.3263,18.9997,17.2819,0.0017,-1.0000
16.6656,0.0000,253.6253,1.7086,0.6675,18.1885,16.6566,14.6327,0.0013,-1.0000
16.6682,0.0000,253.6425,2.7143,0.5502,16.8370,16.6550,15.1574,0.0013,-1.0000
17.2325,0.0000,253.6594,1.5703,0.3151,18.7942,17.2226,15.2114,0.0013,-1.0000
16.6672,0.0000,253.6760,1.7162,0.3238,19.0113,16.6569,14.8813,0.0014,-1.0000
16.6671,0.0000,253.6926,2.0229,0.3760,16.6677,16.6527,14.3561,0.0012,-1.0000
16.6661,0.0000,253.7100,1.4968,0.5792,16.6659,16.6514,15.0916,0.0013,-1.0000
18.0132,0.0000,253.7290,2.0096,0.4095,17.2343,18.0020,15.2233,0.0013,-1.0000
16.6669,0.0000,253.7442,1.7742,3.6874,16.6695,16.6564,13.1581,0.0019,-1.0000
19.5070,0.0000,253.7635,2.2947,0.3743,16.6646,19.4979,17.6225,0.0013,-1.0000
22.1539,0.0000,253.7859,1.5583,0.7821,16.6630,22.1394,20.2824,0.0014,-1.0000
17.3185,0.0000,253.8028,2.7774,0.8133,18.0137,17.2842,14.4650,0.0013,-1.0000
16.6664,0.0000,253.8196,3.4972,0.6293,16.6680,16.6553,14.7414,0.0014,-1.0000
16.6668,0.0000,253.8377,1.8734,0.3566,19.5108,16.6535,15.0908,0.0011,-1.0000
16.6664,0.0000,253.8529,1.8552,0.6637,22.1520,16.6527,13.6191,0.0014,-1.0000
16.6674,0.0000,253.8696,2.8182,0.4182,17.3189,16.6555,15.1270,0.0012,-1.0000
17.2686,0.0000,253.8868,1.9125,0.4172,16.6665,17.2562,15.8181,0.0014,-1.0000
17.0605,0.0000,253.9040,1.5617,0.4158,16.6652,17.0483,15.5806,0.0013,-1.0000
16.6667,0.0000,253.9204,3.0324,0.4631,16.6647,16.6550,15.0408,0.0012,-1.0000
16.6673,0.0000,253.9373,1.5271,1.2538,16.6684,16.6589,14.6034,0.0013,-1.0000
16.6679,0.0000,253.9539,1.4365,0.6996,17.2685,16.6588,14.9007,0.0011,-1.0000
16.6655,0.0000,253.9706,1.4662,0.4271,17.0594,16.6479,14.4889,0.0013,-1.0000
16.6671,0.0000,253.9872,1.6129,0.5427,16.6669,16.6572,15.2558,0.0011,-1.0000
16.6659,0.0000,254.0039,2.0538,0.3859,16.6710,16.6539,15.1869,0.0011,-1.0000
16.6658,0.0000,254.0205,1.7564,0.6745,16.6707,16.6520,15.2594,0.0011,-1.0000
16.6671,0.0000,254.0372,2.1578,0.3682,16.6593,16.6562,15.1935,0.0016,-1.0000
16.6677,0.0000,254.0539,1.4005,0.7390,16.6694,16.6671,14.3120,0.0012,-1.0000
16.6676,0.0000,254.0705,1.4661,0.3998,16.6665,16.6488,15.1956,0.0011,-1.0000
17.1386,0.0000,254.0877,1.3914,0.6578,16.6635,17.1277,15.7445,0.0014,-1.0000
21.1721,0.0000,254.1102,1.4612,0.3504,16.6668,21.1567,19.7545,0.0011,-1.0000
20.8253,0.0000,254.1299,2.3540,0.4660,16.6785,20.9467,17.5831,0.0014,-1.0000
16.6661,0.0000,254.1463,1.4519,0.3682,16.6598,16.4965,14.8820,0.0014,-1.0000
16.6830,0.0000,254.1631,1.3817,0.3881,17.1387,16.7013,15.3095,0.0011,-1.0000
16.6670,0.0000,254.1796,1.4009,0.6742,21.1694,16.6246,15.2256,0.0013,-1.0000
16.6663,0.0000,254.1965,3.3623,0.5859,20.9575,16.6645,15.3088,0.0013,-1.0000
16.6668,0.0000,254.2130,1.6131,0.4957,16.5316,16.6471,14.9533,0.0014,-1.0000
16.6663,0.0000,254.2297,1.3907,0.3644,16.7136,16.6553,15.2861,0.0011,-1.0000
16.6660,0.0000,254.2464,1.3979,0.3486,16.6359,16.6551,15.1933,0.0013,-1.0000
16.6683,0.0000,254.2630,1.3541,0.3376,16.6763,16.6602,15.2432,0.0010,-1.0000
16.6676,0.0000,254.2796,1.6920,0.5274,16.6597,16.6572,15.1876,0.0012,-1.0000
16.6654,0.0000,254.2964,1.3679,0.4529,16.6672,16.6483,15.2202,0.0010,-1.0000
16.6672,0.0000,254.3130,1.4603,0.4334,16.6660,16.6508,15.3313,0.0013,-1.0000
16.6659,0.0000,254.3297,1.4161,0.4413,16.6715,16.6541,15.1834,0.0013,-1.0000
16.6674,0.0000,254.3464,1.4681,0.4433,16.6711,16.6547,15.2336,0.0012,-1.0000
16.6667,0.0000,254.3631,1.4268,0.3537,16.6612,16.6552,15.2506,0.0013,-1.0000
16.6670,0.0000,254.3796,1.3180,0.3876,16.6635,16.6569,15.1274,0.0010,-1.0000
16.6664,0.0000,254.3964,1.4696,0.3637,16.6661,16.6538,15.2590,0.0010,-1.0000
16.6665,0.0000,254.4157,1.4199,0.6188,16.6660,16.6558,15.2035,0.0012,-1.0000
17.6763,0.0000,254.4317,1.4033,0.3489,16.6671,17.6622,12.4002,0.0019,-1.0000
19.1049,0.0000,254.4499,1.5284,0.3655,16.6686,19.0927,16.4495,0.0014,-1.0000
16.6760,0.0000,254.4666,1.3935,0.3593,16.6659,16.7118,15.0077,0.0014,-1.0000
16.6605,0.0000,254.4832,1.4510,0.7168,16.6684,16.6019,14.7480,0.0015,-1.0000
16.6666,0.0000,254.4998,5.2609,0.7622,17.6738,16.6535,14.9604,0.0011,-1.0000
16.7291,0.0000,254.5166,2.6418,0.4007,19.1053,16.7160,9.0722,0.0012,-1.0000
16.7903,0.0000,254.5336,1.7013,0.3880,16.7234,16.7960,14.7387,0.0010,-1.0000
16.6930,0.0000,254.5501,1.8526,0.3964,16.6138,16.6741,14.7914,0.0014,-1.0000
16.6666,0.0000,254.5668,1.6916,0.4571,16.6650,16.6514,14.7312,0.0011,-1.0000
17.0178,0.0000,254.5839,7.6427,0.4465,16.7266,17.0561,15.4922,0.0010,-1.0000
17.1982,0.0000,254.6009,2.0565,0.4652,16.8074,17.1328,15.4236,0.0013,-1.0000
17.0396,0.0000,254.6181,1.8810,0.4660,16.6844,17.0286,14.4580,0.0021,-1.0000
16.6658,0.0000,254.6349,1.9189,0.4596,16.6619,16.6557,14.8498,0.0014,-1.0000
16.6662,0.0000,254.6513,1.5625,0.5292,17.0705,16.6481,14.7507,0.0014,-1.0000
16.6682,0.0000,254.6680,1.7078,0.3060,17.1454,16.6701,14.9189,0.0012,-1.0000
16.7763,0.0000,254.6847,2.5691,0.4338,17.0412,16.7525,15.0220,0.0013,-1.0000
16.6687,0.0000,254.7013,1.8043,0.7742,16.6694,16.6590,15.2287,0.0012,-1.0000
16.6665,0.0000,254.7222,1.8957,0.4331,16.6607,16.6548,15.2050,0.0011,-1.0000
26.3846,0.0000,254.7446,1.7502,0.5769,16.6812,26.3730,19.4093,0.0019,-1.0000
16.9779,0.0000,254.7613,1.7293,0.3672,16.7633,16.9659,14.0169,0.0014,-1.0000
18.2024,0.0000,254.7797,1.4291,0.3667,16.6704,18.1873,16.3584,0.0012,-1.0000
16.6499,0.0000,254.7963,1.4485,1.1393,16.6670,16.6378,14.4376,0.0013,-1.0000
16.6670,0.0000,254.8130,6.9625,0.4240,26.3849,16.6587,14.9947,0.0016,-1.0000
16.6666,0.0000,254.8298,2.9474,0.6080,16.9785,16.6545,15.0695,0.0012,-1.0000
16.6665,0.0000,254.8463,1.8275,0.4004,18.1994,16.6547,14.9403,0.0013,-1.0000
16.6675,0.0000,254.8630,2.1990,0.5492,16.6486,16.6575,11.1892,0.0011,-1.0000
16.6661,0.0000,254.8796,1.6622,0.4349,16.6700,16.6610,15.0754,0.0013,-1.0000
16.6678,0.0000,254.8963,1.5836,0.4141,16.6662,16.6504,15.0825,0.0014,-1.0000
17.2393,0.0000,254.9138,1.7130,0.4192,16.6663,17.2255,15.7628,0.0011,-1.0000
16.6668,0.0000,254.9302,5.4675,0.5280,16.6678,16.6576,14.8587,0.0013,-1.0000
16.6662,0.0000,254.9477,1.5840,0.7028,16.6728,16.6525,15.2383,0.0011,-1.0000
17.4076,0.0000,254.9644,1.5664,0.4492,16.6611,17.3984,15.0699,0.0014,-1.0000
17.2032,0.0000,254.9814,1.4615,0.3220,17.2371,17.1926,15.4462,0.0017,-1.0000
16.6658,0.0000,254.9981,1.7978,0.3951,16.6693,16.6557,15.1551,0.0013,-1.0000
16.6667,0.0000,255.0148,1.4131,0.3566,16.6640,16.6505,15.2269,0.0010,-1.0000
16.6666,0.0000,255.0314,2.3274,0.5104,17.4104,16.6534,15.3024,0.0013,-1.0000
16.6667,0.0000,255.0481,1.7447,0.4891,17.2031,16.6582,15.3313,0.0011,-1.0000
16.6673,0.0000,255.0647,1.4991,0.6448,16.6673,16.6565,15.3089,0.0011,-1.0000
16.6671,0.0000,255.0814,1.4226,0.4664,16.6620,16.6597,15.2512,0.0012,-1.0000
17.8568,0.0000,255.0993,1.3496,0.3527,16.6644,17.8419,15.1942,0.0013,-1.0000
16.6688,0.0000,255.1168,1.3259,0.3422,16.6677,16.6577,13.9132,0.0014,-1.0000
17.2568,0.0000,255.1342,1.3465,0.4231,16.6668,17.2456,14.9744,0.0014,-1.0000
16.6678,0.0000,255.1501,1.4073,0.3474,16.6708,16.6620,14.0757,0.0019,-1.0000
16.6669,0.0000,255.1666,2.6464,0.4738,17.8548,16.6462,15.0356,0.0011,-1.0000
16.6664,0.0000,255.1834,2.7430,0.5551,16.6692,16.6562,12.2116,0.0010,-1.0000
16.6781,0.0000,255.1998,2.2699,0.3357,17.2579,16.6656,15.0649,0.0013,-1.0000
16.6553,0.0000,255.2166,2.5850,1.7603,16.6749,16.6492,15.2696,0.0012,-1.0000
16.6664,0.0000,255.2332,1.6092,0.9516,16.6587,16.6480,14.8292,0.0012,-1.0000
16.6666,0.0000,255.2499,4.4437,0.9127,16.6689,16.6540,15.1603,0.0014,-1.0000
16.6672,0.0000,255.2666,1.5994,0.2951,16.6771,16.6564,15.2194,0.0013,-1.0000
16.9117,0.0000,255.2859,1.3784,0.2926,16.6611,16.9031,15.2111,0.0011,-1.0000
16.9479,0.0000,255.3003,1.8176,3.3132,16.6601,16.9293,13.1483,0.0017,-1.0000
18.1827,0.0000,255.3209,1.4927,0.3199,16.6660,18.1708,16.0762,0.0016,-1.0000
16.6665,0.0000,255.3353,1.4354,0.6944,16.6680,16.6600,12.7709,0.0016,-1.0000
16.6677,0.0000,255.3521,1.6910,0.3313,16.9158,16.6540,14.7572,0.0014,-1.0000
25.3174,0.0000,255.3789,3.7794,0.4044,16.9417,25.3049,23.1136,0.0014,-1.0000
21.5234,0.0000,255.4001,2.0932,0.4001,18.1818,21.5133,16.9645,0.0016,-1.0000
16.7937,0.0000,255.4157,3.8880,0.3936,16.6708,16.8318,8.8458,0.0017,-1.0000
16.6665,0.0000,255.4324,1.8956,0.4841,16.6649,16.6039,15.0233,0.0014,-1.0000
16.6669,0.0000,255.4489,2.1898,0.9065,25.3162,16.6555,14.2314,0.0012,-1.0000
16.8307,0.0000,255.4658,4.5472,0.6405,21.5242,16.8203,15.4179,0.0012,-1.0000
16.6671,0.0000,255.4823,7.9848,0.8974,16.8431,16.6550,15.1710,0.0013,-1.0000
16.8416,0.0000,255.4993,1.5790,0.3947,16.6162,16.8299,15.3974,0.0012,-1.0000
16.6672,0.0000,255.5159,2.4232,0.5260,16.6681,16.6642,14.8342,0.0012,-1.0000
16.6733,0.0000,255.5332,1.4013,0.5473,16.8310,16.6627,14.6552,0.0011,-1.0000
16.6658,0.0000,255.5493,1.4827,0.4709,16.6663,16.6488,14.2680,0.0014,-1.0000
16.6678,0.0000,255.5660,1.4311,0.4723,16.8406,16.6570,15.2279,0.0013,-1.0000
16.6666,0.0000,255.5825,1.8290,0.4128,16.6757,16.6569,14.9495,0.0011,-1.0000
17.1130,0.0000,255.5997,2.0061,0.3602,16.6736,17.1033,15.6366,0.0010,-1.0000
16.7883,0.0000,255.6171,2.3794,0.3564,16.6592,16.7721,15.2004,0.0013,-1.0000
17.5201,0.0000,255.6341,1.4276,0.3824,16.6683,17.5082,15.3277,0.0017,-1.0000
16.6676,0.0000,255.6519,1.7064,0.3449,16.6690,16.6571,14.7395,0.0015,-1.0000
16.6666,0.0000,255.6674,1.4654,0.4007,17.1142,16.6555,13.4574,0.0017,-1.0000
16.9063,0.0000,255.6843,1.5703,0.3967,16.7833,16.8969,14.4090,0.0014,-1.0000
16.7448,0.0000,255.7009,2.1794,0.3820,17.5200,16.7328,15.1461,0.0013,-1.0000
19.7100,0.0000,255.7208,1.9161,0.3858,16.6684,19.7013,17.7418,0.0013,-1.0000
17.7556,0.0000,255.7386,3.1968,0.5238,16.6669,17.7403,16.1167,0.0012,-1.0000
16.6685,0.0000,255.7552,2.4862,0.3979,16.9084,16.6572,13.8030,0.0011,-1.0000
16.6702,0.0000,255.7720,1.5852,0.5360,16.7440,16.6609,15.1388,0.0011,-1.0000
16.8547,0.0000,255.7889,1.9582,0.5036,19.7113,16.8427,14.9978,0.0015,-1.0000
16.6670,0.0000,255.8053,1.6226,1.0343,17.7514,16.6520,14.7892,0.0013,-1.0000
16.6681,0.0000,255.8223,2.8532,0.3696,16.6676,16.6606,15.2168,0.0013,-1.0000
16.6666,0.0000,255.8386,1.5213,1.6663,16.6730,16.6545,14.6784,0.0016,-1.0000
16.6664,0.0000,255.8552,1.8434,0.3395,16.8549,16.6557,15.2946,0.0012,-1.0000
16.6672,0.0000,255.8719,1.8618,0.3558,16.6625,16.6563,15.3712,0.0010,-1.0000
16.6660,0.0000,255.8887,1.4425,0.5748,16.6719,16.6541,15.2547,0.0014,-1.0000
16.6654,0.0000,255.9054,1.9744,0.6299,16.6683,16.6515,15.2157,0.0015,-1.0000
16.6689,0.0000,255.9219,1.3595,0.4199,16.6672,16.6554,14.5858,0.0016,-1.0000
16.6653,0.0000,255.9387,1.2838,0.4022,16.6689,16.6564,15.3218,0.0011,-1.0000
16.6677,0.0000,255.9553,1.3982,0.4022,16.6660,16.6557,15.0732,0.0013,-1.0000
16.6659,0.0000,255.9720,1.4343,0.3476,16.6632,16.6550,15.1170,0.0011,-1.0000
16.6669,0.0000,255.9887,2.0684,0.3942,16.6660,16.6595,15.2074,0.0011,-1.0000
16.6667,0.0000,256.0054,1.3336,0.4169,16.6676,16.6512,15.0029,0.0011,-1.0000
16.6672,0.0000,256.0219,1.5813,0.3913,16.6668,16.6532,15.1734,0.0013,-1.0000
16.6678,0.0000,256.0387,1.5367,0.4236,16.6666,16.6551,15.2993,0.0011,-1.0000
16.6641,0.0000,256.0553,1.4510,0.4150,16.6706,16.6542,15.2437,0.0011,-1.0000
16.6679,0.0000,256.0720,1.6472,0.4515,16.6641,16.6590,15.3455,0.0011,-1.0000
16.6670,0.0000,256.0886,1.4784,0.6728,16.6649,16.6545,14.6800,0.0013,-1.0000
16.6660,0.0000,256.1053,1.3545,0.3128,16.6670,16.6546,15.3245,0.0011,-1.0000
16.6663,0.0000,256.1219,1.4093,0.4462,16.6649,16.6553,15.1463,0.0011,-1.0000
16.6669,0.0000,256.1386,1.3124,0.4084,16.6698,16.6565,15.4211,0.0011,-1.0000
16.6831,0.0000,256.1556,1.9733,0.3492,16.6660,16.6881,15.3067,0.0011,-1.0000
16.6634,0.0000,256.1720,1.3288,0.5100,16.6660,16.6407,14.7506,0.0011,-1.0000
16.6665,0.0000,256.1886,1.5076,0.7483,16.6666,16.6435,15.2848,0.0014,-1.0000
16.6667,0.0000,256.2053,1.2341,0.3692,16.6671,16.6597,15.3308,0.0012,-1.0000
16.7608,0.0000,256.2221,1.3797,0.3846,16.7012,16.7636,15.4136,0.0013,-1.0000
16.6641,0.0000,256.2388,1.8892,0.8922,16.6528,16.6357,14.7342,0.0014,-1.0000
16.6667,0.0000,256.2555,1.3574,0.5051,16.6545,16.6509,14.9242,0.0012,-1.0000
16.6745,0.0000,256.2722,1.3276,0.3709,16.6702,16.6751,15.0774,0.0012,-1.0000
16.6599,0.0000,256.2887,1.3488,0.4958,16.7806,16.6295,15.1452,0.0016,-1.0000
16.7438,0.0000,256.3057,1.9000,1.4121,16.6481,16.7349,15.2671,0.0011,-1.0000
16.5999,0.0000,256.3221,1.7255,0.4533,16.6623,16.5860,11.4113,0.0013,-1.0000
16.6669,0.0000,256.3387,1.5958,0.3768,16.6908,16.6574,14.3771,0.0130,-1.0000
16.6658,0.0000,256.3554,1.4829,0.3785,16.6413,16.6549,15.1976,0.0011,-1.0000
16.6667,0.0000,256.3721,1.4667,0.9567,16.7462,16.6527,15.2554,0.0011,-1.0000
16.6909,0.0000,256.3889,5.1736,0.6374,16.5968,16.6803,15.3120,0.0012,-1.0000
18.3149,0.0000,256.4072,2.2677,0.5240,16.6679,18.3520,16.7658,0.0013,-1.0000
17.1650,0.0000,256.4243,1.4560,0.4547,16.6653,17.1094,15.5441,0.0012,-1.0000
16.6660,0.0000,256.4408,1.3959,0.3627,16.6663,16.6548,15.1950,0.0011,-1.0000
16.6676,0.0000,256.4577,1.3671,0.3654,16.6919,16.6550,15.3651,0.0019,-1.0000
16.6663,0.0000,256.4749,1.5845,0.4162,18.3629,16.8375,15.0626,0.0019,-1.0000
16.7868,0.0000,256.4916,1.5639,0.3591,17.1194,16.2178,13.7804,0.0015,-1.0000
16.6763,0.0000,256.5077,1.4584,0.3939,16.6659,16.6356,14.4850,0.0016,-1.0000
16.7193,0.0000,256.5245,1.2879,0.3763,16.6659,16.7073,15.0588,0.0011,-1.0000
16.6685,0.0000,256.5410,1.7730,0.3589,17.2255,16.6174,14.8416,0.0012,-1.0000
16.6669,0.0000,256.5577,2.4361,0.6804,16.2292,16.6562,15.3696,0.0011,-1.0000
16.6661,0.0000,256.5745,2.1489,1.1762,16.6753,16.6579,15.2122,0.0015,-1.0000
16.6658,0.0000,256.5911,1.6475,0.7201,16.7178,16.6507,15.0605,0.0012,-1.0000
16.6684,0.0000,256.6078,1.7744,0.4419,16.6691,16.6606,15.3404,0.0011,-1.0000
16.6658,0.0000,256.6245,1.2852,0.5195,16.6670,16.6535,15.2409,0.0012,-1.0000
16.6664,0.0000,256.6410,1.4443,0.4111,16.6691,16.6537,15.1084,0.0016,-1.0000
21.6499,0.0000,256.6693,1.5890,0.4243,16.6615,21.6482,20.5661,0.0013,-1.0000
18.0370,0.0000,256.6814,1.3190,0.4152,16.6718,18.0178,8.3214,0.0022,-1.0000
16.8028,0.0000,256.6984,1.4112,0.3214,16.6673,16.7908,14.2528,0.0014,-1.0000
16.6673,0.0000,256.7145,1.5435,0.3333,16.6638,16.6575,14.3835,0.0014,-1.0000
16.6659,0.0000,256.7309,1.0806,0.3158,21.6602,16.6476,15.0341,0.0014,-1.0000
16.6676,0.0000,256.7477,9.6946,0.6667,18.0307,16.6551,15.2945,0.0009,-1.0000
27.8786,0.0000,256.7774,2.5367,0.3241,16.8021,27.8769,26.3296,0.0012,-1.0000
17.2221,0.0000,256.7927,2.2728,0.3383,16.6737,17.1954,13.6809,0.0024,-1.0000
16.6673,0.0000,256.8094,1.6118,0.4119,16.6607,16.6566,14.9352,0.0014,-1.0000
16.6672,0.0000,256.8260,1.3596,0.4291,16.6662,16.6558,15.1824,0.0012,-1.0000
16.6660,0.0000,256.8426,1.5460,0.4232,27.8903,16.6566,15.2864,0.0013,-1.0000
16.6681,0.0000,256.8594,3.5128,0.3458,17.2101,16.6540,15.0089,0.0012,-1.0000
16.6654,0.0000,256.8760,1.7202,0.4949,16.6673,16.6563,15.2811,0.0010,-1.0000
16.6674,0.0000,256.8927,1.4722,0.4275,16.6671,16.6516,15.2604,0.0013,-1.0000
16.6656,0.0000,256.9094,1.3688,0.3740,16.6677,16.6521,15.2632,0.0014,-1.0000
16.6741,0.0000,256.9261,1.6439,0.3249,16.6661,16.6642,15.2595,0.0011,-1.0000
16.6674,0.0000,256.9426,1.3738,0.3715,16.6680,16.6548,14.5310,0.0011,-1.0000
16.7510,0.0000,256.9595,1.3897,0.3695,16.6656,16.7408,15.4803,0.0011,-1.0000
16.6704,0.0000,256.9763,1.3876,0.3480,16.6630,16.6669,15.0773,0.0013,-1.0000
16.6643,0.0000,256.9928,1.4033,0.4935,16.6754,16.6450,14.9340,0.0012,-1.0000
16.6665,0.0000,257.0095,2.1225,0.3725,16.6648,16.6485,15.2727,0.0015,-1.0000
16.6658,0.0000,257.0261,1.2593,0.3923,16.7515,16.6536,14.8536,0.0015,-1.0000
16.7098,0.0000,257.0430,1.5880,0.5521,16.6826,16.7713,15.3888,0.0010,-1.0000
16.7138,0.0000,257.0595,1.7095,0.3923,16.6599,16.6303,15.0992,0.0013,-1.0000
16.6674,0.0000,257.0762,1.3744,0.3712,16.6598,16.6587,15.1932,0.0012,-1.0000
16.6656,0.0000,257.0929,1.7983,0.4008,16.6644,16.6556,15.3101,0.0011,-1.0000
16.6667,0.0000,257.1095,1.3816,0.3555,16.7829,16.6547,15.0178,0.0013,-1.0000
16.9595,0.0000,257.1265,1.5298,0.4166,16.6413,16.9464,15.5763,0.0011,-1.0000
17.2457,0.0000,257.1438,1.4643,0.3881,16.6701,17.2363,13.6298,0.0009,-1.0000
16.6675,0.0000,257.1603,1.3442,0.6782,16.6668,16.6544,15.0992,0.0011,-1.0000
16.8014,0.0000,257.1773,1.6353,0.4430,16.6662,16.7921,15.5437,0.0012,-1.0000
16.6660,0.0000,257.1939,1.3687,0.4140,16.9568,16.6524,15.0827,0.0014,-1.0000
16.6671,0.0000,257.2114,3.6056,0.5011,17.2471,16.6592,15.3602,0.0013,-1.0000
16.6670,0.0000,257.2276,1.5540,0.4004,16.6663,16.6557,14.4541,0.0019,-1.0000
16.6665,0.0000,257.2438,1.2468,0.3963,16.8029,16.6523,14.8785,0.0012,-1.0000
16.7763,0.0000,257.2607,1.5681,0.3838,16.6636,16.7785,15.4688,0.0014,-1.0000
16.6634,0.0000,257.2773,1.2977,1.2736,16.6701,16.6189,14.9100,0.0012,-1.0000
16.6671,0.0000,257.2940,2.2000,0.4198,16.6663,16.6583,15.2226,0.0011,-1.0000
16.6657,0.0000,257.3106,1.7726,0.3671,16.6635,16.6516,15.1962,0.0010,-1.0000
16.6661,0.0000,257.3276,1.3080,0.4580,16.7930,16.6542,15.2483,0.0014,-1.0000
16.6682,0.0000,257.3441,1.7075,0.4510,16.6462,16.6596,14.5040,0.0015,-1.0000
16.6670,0.0000,257.3606,1.4345,0.5925,16.6704,16.6536,15.0790,0.0012,-1.0000
16.6658,0.0000,257.3773,1.4546,0.4679,16.6622,16.6556,15.2801,0.0012,-1.0000
16.6673,0.0000,257.3940,1.4041,0.5622,16.6654,16.6636,15.1103,0.0012,-1.0000
16.6668,0.0000,257.4107,2.1542,0.4236,16.6715,16.6488,15.3521,0.0010,-1.0000
17.1181,0.0000,257.4281,1.5733,0.3735,16.6644,17.1242,15.6701,0.0016,-1.0000
16.6573,0.0000,257.4444,1.3740,0.5171,16.6659,16.6235,14.7359,0.0012,-1.0000
19.8556,0.0000,257.4643,1.5523,0.3514,16.6742,19.8449,18.5462,0.0011,-1.0000
16.6668,0.0000,257.4808,1.2954,0.6132,16.6599,16.6522,15.2394,0.0012,-1.0000
16.6661,0.0000,257.4984,1.4524,0.3746,17.1410,16.6549,14.9501,0.0010,-1.0000
16.6676,0.0000,257.5143,1.8866,0.7096,16.6366,16.6553,14.3386,0.0015,-1.0000
16.6678,0.0000,257.5311,1.2974,0.4868,19.8561,16.6587,14.8714,0.0011,-1.0000
16.6655,0.0000,257.5476,1.4117,0.5851,16.6644,16.6526,15.0767,0.0011,-1.0000
19.7296,0.0000,257.5674,1.7035,0.7715,16.6663,19.7196,18.4572,0.0012,-1.0000
16.7218,0.0000,257.5841,2.3151,0.6481,16.6667,16.7534,15.1647,0.0013,-1.0000
18.0500,0.0000,257.6023,1.7861,0.3839,16.6692,18.0321,16.5743,0.0016,-1.0000
16.6664,0.0000,257.6188,1.5747,0.3740,16.6641,16.6037,14.9810,0.0013,-1.0000
16.6673,0.0000,257.6354,1.2614,0.3865,19.7306,16.6573,15.2696,0.0012,-1.0000
17.0057,0.0000,257.6524,1.5876,0.3180,16.7801,16.9952,15.6208,0.0012,-1.0000
16.6675,0.0000,257.6691,1.4560,0.4125,18.0430,16.6579,15.1271,0.0011,-1.0000
18.1354,0.0000,257.6873,1.6215,1.4965,16.6141,18.1237,16.5330,0.0010,-1.0000
16.6664,0.0000,257.7039,1.3863,0.3549,16.6678,16.6528,15.1954,0.0011,-1.0000
16.6671,0.0000,257.7205,1.3732,0.7501,17.0078,16.6607,15.2278,0.0012,-1.0000
25.1076,0.0000,257.7457,1.5293,0.4295,16.6687,25.0934,23.8509,0.0010,-1.0000
16.6664,0.0000,257.7622,1.5899,0.3515,18.1355,16.6539,15.1211,0.0012,-1.0000
16.6663,0.0000,257.7792,1.4566,0.3421,16.6633,16.6825,15.4297,0.0012,-1.0000
16.6666,0.0000,257.7957,1.4318,0.5573,16.6723,16.6284,14.9528,0.0013,-1.0000
16.6672,0.0000,257.8123,1.2413,0.3846,25.1048,16.6565,15.2980,0.0012,-1.0000
16.6675,0.0000,257.8290,1.5314,0.4106,16.6645,16.6559,15.3265,0.0011,-1.0000
16.6659,0.0000,257.8461,1.2518,0.3689,16.6935,16.6533,14.8715,0.0011,-1.0000
16.6664,0.0000,257.8624,1.6742,0.5601,16.6392,16.6566,14.7929,0.0013,-1.0000
16.6667,0.0000,257.8790,1.3572,0.3083,16.6672,16.6614,14.7568,0.0015,-1.0000
16.6670,0.0000,257.8957,1.3284,0.6681,16.6674,16.6554,15.2564,0.0010,-1.0000
16.6668,0.0000,257.9125,1.7807,0.5199,16.6649,16.6634,15.2530,0.0011,-1.0000
16.6667,0.0000,257.9290,1.8624,0.6040,16.6667,16.6477,15.0524,0.0015,-1.0000
16.6660,0.0000,257.9461,1.9032,0.3785,16.6723,16.6497,15.2400,0.0011,-1.0000
16.6663,0.0000,257.9622,1.3981,0.3425,16.6662,16.6574,14.4143,0.0014,-1.0000
16.8161,0.0000,257.9794,1.4092,0.4396,16.6749,16.8204,15.2708,0.0011,-1.0000
17.6261,0.0000,257.9968,1.5935,0.3652,16.6586,17.5975,15.5966,0.0012,-1.0000
17.9734,0.0000,258.0163,1.4083,0.4114,16.6616,18.9648,16.6624,0.0010,-1.0000
16.9051,0.0000,258.0323,2.2421,0.3743,16.6684,15.7953,13.8730,0.0015,-1.0000
16.9851,0.0000,258.0487,1.5481,0.4838,16.8311,16.9714,14.4898,0.0016,-1.0000
16.6675,0.0000,258.0653,1.9996,0.4120,17.6085,16.6559,15.3262,0.0012,-1.0000
16.6662,0.0000,258.0819,2.3012,0.4407,19.0481,16.6545,15.2225,0.0012,-1.0000
16.6672,0.0000,258.0987,1.9204,0.4514,15.8347,16.6596,15.3831,0.0012,-1.0000
16.6665,0.0000,258.1153,2.4801,0.4866,16.9819,16.6517,15.1522,0.0012,-1.0000
16.6672,0.0000,258.1320,1.3282,0.4677,16.6665,16.6594,14.8293,0.0012,-1.0000
16.6667,0.0000,258.1487,1.4309,0.7286,16.6663,16.6552,15.3093,0.0012,-1.0000
16.6683,0.0000,258.1687,1.2752,0.3960,16.6704,16.6990,15.2753,0.0012,-1.0000
16.6660,0.0000,258.1819,1.4983,0.4792,16.6638,16.5970,11.5152,0.0018,-1.0000
16.6677,0.0000,258.1988,1.8289,0.4265,16.6707,16.6617,14.5459,0.0011,-1.0000
16.9704,0.0000,258.2158,1.3448,0.3582,16.6675,16.9494,15.2898,0.0013,-1.0000
16.6675,0.0000,258.2327,1.4228,0.4759,16.7113,16.8065,15.1140,0.0014,-1.0000
16.6672,0.0000,258.2490,5.0803,0.7123,16.6209,16.5065,14.8715,0.0012,-1.0000
16.6659,0.0000,258.2656,2.1146,0.4244,16.6739,16.6522,15.3663,0.0012,-1.0000
16.9188,0.0000,258.2825,1.6581,1.9789,16.9615,16.9099,10.8825,0.0017,-1.0000
16.6670,0.0000,258.2996,1.6909,0.7916,16.8179,16.6563,15.0568,0.0012,-1.0000
17.0942,0.0000,258.3164,1.6336,0.3545,16.5183,17.0813,15.2569,0.0014,-1.0000
16.6670,0.0000,258.3335,1.2845,0.8978,16.6640,16.6545,15.2136,0.0012,-1.0000
16.6671,0.0000,258.3496,6.0258,0.3591,16.9218,16.6559,13.2749,0.0016,-1.0000
17.9321,0.0000,258.3678,1.5983,0.3458,16.6675,17.9205,15.9936,0.0011,-1.0000
16.6669,0.0000,258.3843,1.8231,0.3651,17.0922,16.6558,14.5304,0.0012,-1.0000
16.6664,0.0000,258.4008,1.4396,0.9758,16.6662,16.7036,15.1660,0.0012,-1.0000
16.6677,0.0000,258.4178,3.3793,0.3691,16.6671,16.6097,15.4053,0.0014,-1.0000
16.6661,0.0000,258.4342,1.9257,0.6643,17.9315,16.6552,14.9835,0.0012,-1.0000
16.6672,0.0000,258.4510,2.1241,0.4210,16.6668,16.6557,14.9694,0.0010,-1.0000
16.6672,0.0000,258.4683,1.5363,0.4054,16.7144,16.6589,15.1447,0.0012,-1.0000
16.6669,0.0000,258.4878,1.2030,0.3915,16.6209,16.6581,14.5439,0.0015,-1.0000
16.6664,0.0000,258.5008,1.6705,0.3662,16.6662,16.6521,11.2894,0.0017,-1.0000
16.6664,0.0000,258.5176,1.6851,0.4640,16.6661,16.6559,15.3534,0.0013,-1.0000
16.6664,0.0000,258.5343,1.5130,0.3515,16.6696,16.6512,15.3267,0.0009,-1.0000
18.9696,0.0000,258.5553,2.1128,0.5515,16.6705,18.9574,17.4566,0.0011,-1.0000
16.6674,0.0000,258.5704,5.3614,0.3572,16.6638,16.6579,11.0526,0.0015,-1.0000
16.6666,0.0000,258.5867,1.3014,0.4001,16.6693,16.6530,13.2553,0.0013,-1.0000
16.6683,0.0000,258.6033,1.3235,0.7521,16.6619,16.6579,15.0528,0.0012,-1.0000
16.6662,0.0000,258.6199,1.4993,0.6459,18.9688,16.6538,15.1745,0.0012,-1.0000
16.6661,0.0000,258.6365,5.6037,0.9808,16.6689,16.6565,14.4811,0.0013,-1.0000
16.6668,0.0000,258.6532,3.3971,0.4769,16.6654,16.6545,15.2735,0.0014,-1.0000
16.7489,0.0000,258.6700,1.6040,0.5051,16.6690,16.7383,15.2373,0.0012,-1.0000
16.6567,0.0000,258.6866,1.4782,0.6228,16.6649,16.6389,15.2469,0.0011,-1.0000
22.1058,0.0000,258.7090,2.1743,0.4219,16.6684,22.0956,20.7188,0.0013,-1.0000
16.6669,0.0000,258.7258,1.3797,0.6105,16.6669,16.6573,15.0362,0.0014,-1.0000
16.6669,0.0000,258.7419,1.5002,0.8929,16.7512,16.6569,14.8015,0.0011,-1.0000
17.1667,0.0000,258.7592,1.3909,0.4999,16.6513,17.1536,15.9710,0.0013,-1.0000
18.7277,0.0000,258.7793,1.3753,0.3405,22.1081,18.8405,16.9342,0.0012,-1.0000
16.6640,0.0000,258.7948,1.6198,0.3803,16.6692,16.5168,13.7986,0.0017,-1.0000
16.6662,0.0000,258.8112,1.8543,0.7123,16.6687,16.6567,15.0055,0.0011,-1.0000
16.6666,0.0000,258.8282,1.1811,0.3554,17.1654,16.6528,14.7992,0.0016,-1.0000
16.6684,0.0000,258.8447,1.9048,0.4442,18.8558,16.6598,14.4392,0.0011,-1.0000
16.6656,0.0000,258.8612,2.7167,0.3855,16.5308,16.6547,14.9188,0.0012,-1.0000
16.6670,0.0000,258.8785,1.6502,0.6475,16.6678,16.6586,15.3327,0.0013,-1.0000
16.6667,0.0000,258.8947,1.8520,0.4634,16.6632,16.6568,14.4498,0.0014,-1.0000
16.6662,0.0000,258.9114,2.2196,0.4561,16.6701,16.6522,14.9559,0.0012,-1.0000
16.6940,0.0000,258.9281,1.7344,0.4427,16.6658,16.6888,14.9849,0.0016,-1.0000
16.6671,0.0000,258.9447,1.3246,0.3507,16.6709,16.6324,15.1559,0.0013,-1.0000
16.6673,0.0000,258.9614,2.2058,0.3707,16.6676,16.6563,15.3119,0.0011,-1.0000
16.6665,0.0000,258.9780,1.6950,0.7670,16.6635,16.6538,15.0266,0.0014,-1.0000
16.6666,0.0000,258.9947,1.7023,0.4457,16.7214,16.6671,15.2126,0.0013,-1.0000
16.8260,0.0000,259.0117,1.4752,0.3378,16.6432,16.8609,15.4478,0.0014,-1.0000
16.7132,0.0000,259.0282,1.3431,0.6616,16.6681,16.6543,13.4724,0.0011,-1.0000
16.6656,0.0000,259.0456,1.6256,0.3151,16.6655,16.6398,14.5596,0.0010,-1.0000
16.6671,0.0000,259.0615,1.4528,0.3641,16.6786,16.6631,14.2837,0.0013,-1.0000
20.4498,0.0000,259.0867,1.4117,0.9821,16.8727,20.4437,19.1896,0.0016,-1.0000
16.6659,0.0000,259.1009,3.1810,0.3513,16.6653,16.6877,10.5125,0.0021,-1.0000
16.6657,0.0000,259.1154,2.0790,0.5124,16.6509,16.6051,12.4903,0.0025,-1.0000
16.6674,0.0000,259.1320,2.3782,0.5542,16.6747,16.6565,14.8170,0.0012,-1.0000
16.6667,0.0000,259.1487,1.2526,0.4285,20.4550,16.6581,14.3136,0.0011,-1.0000
16.6672,0.0000,259.1653,6.1736,0.3503,16.7006,16.6546,15.2563,0.0011,-1.0000
16.6659,0.0000,259.1819,4.1131,0.4931,16.6160,16.6583,15.2741,0.0013,-1.0000
16.6672,0.0000,259.1987,1.8383,0.4678,16.6684,16.6517,14.2973,0.0009,-1.0000
16.8986,0.0000,259.2156,2.3433,0.3668,16.6689,16.8892,15.1978,0.0017,-1.0000
16.6665,0.0000,259.2323,1.3970,0.3516,16.6666,16.6512,15.2261,0.0012,-1.0000
16.6652,0.0000,259.2488,1.3829,0.9114,16.6716,16.6487,15.2305,0.0012,-1.0000
16.6666,0.0000,259.2654,2.3536,0.7193,16.6632,16.6548,15.5213,0.0018,-1.0000
16.6659,0.0000,259.2820,1.6894,0.4095,16.9008,16.6593,15.6189,0.0009,-1.0000
16.6672,0.0000,259.2989,1.4240,0.3507,16.6636,16.6606,15.5863,0.0010,-1.0000
16.6677,0.0000,259.3156,1.4171,0.2971,16.6596,16.6587,15.4463,0.0013,-1.0000
16.6666,0.0000,259.3321,1.1317,0.2948,16.6634,16.6582,15.4244,0.0011,-1.0000
16.6664,0.0000,259.3488,1.0390,0.2913,16.6668,16.6554,15.5409,0.0013,-1.0000
16.6674,0.0000,259.3655,1.0734,0.2665,16.6687,16.6646,15.6300,0.0009,-1.0000
16.6679,0.0000,259.3821,1.2109,0.3299,16.6675,16.6588,15.5643,0.0010,-1.0000
16.6641,0.0000,259.3988,1.2328,0.3111,16.6670,16.6478,15.0756,0.0015,-1.0000
16.6698,0.0000,259.4155,1.1129,0.2621,16.6635,16.6700,15.5472,0.0010,-1.0000
16.6666,0.0000,259.4322,1.0332,0.3122,16.6724,16.6539,15.4451,0.0014,-1.0000
16.6652,0.0000,259.4492,1.0935,0.3162,16.6697,16.9086,15.3225,0.0012,-1.0000
16.6656,0.0000,259.4658,1.5710,0.3442,16.6559,16.3964,14.9886,0.0013,-1.0000
16.7103,0.0000,259.4823,1.1218,0.3265,16.6797,16.7032,15.0612,0.0013,-1.0000
16.6670,0.0000,259.4988,1.2073,0.3917,16.6650,16.6578,15.3027,0.0011,-1.0000
16.6664,0.0000,259.5155,1.5849,0.4698,16.9196,16.6555,15.4238,0.0012,-1.0000
16.6664,0.0000,259.5322,1.4066,0.3693,16.4055,16.6590,15.6033,0.0011,-1.0000
16.6674,0.0000,259.5489,1.6409,0.4184,16.7131,16.6592,15.4872,0.0009,-1.0000
16.6646,0.0000,259.5655,1.3542,0.3494,16.6666,16.6508,15.6006,0.0010,-1.0000
16.6679,0.0000,259.5821,1.2306,0.2778,16.6637,16.6670,15.6402,0.0011,-1.0000
16.6690,0.0000,259.5988,1.0548,0.2839,16.6682,16.6642,15.6758,0.0009,-1.0000
16.6649,0.0000,259.6155,1.1712,0.2967,16.6666,16.6549,15.4791,0.0012,-1.0000
16.6663,0.0000,259.6322,1.0494,0.3187,16.6570,16.6601,15.5434,0.0012,-1.0000
16.6672,0.0000,259.6490,1.0257,0.3589,16.6729,16.6696,15.3706,0.0012,-1.0000
18.1031,0.0000,259.6671,0.9873,0.3357,16.6721,18.0926,16.6715,0.0010,-1.0000
16.6669,0.0000,259.6843,1.1747,0.3352,16.6624,16.6522,15.1296,0.0011,-1.0000
16.6665,0.0000,259.7002,1.1156,0.4807,16.6656,16.6571,14.7249,0.0012,-1.0000
16.6673,0.0000,259.7170,1.2983,0.3137,16.6772,16.6582,15.5088,0.0013,-1.0000
16.6665,0.0000,259.7336,1.4200,0.3219,18.1018,16.6572,15.3371,0.0012,-1.0000
16.6668,0.0000,259.7503,1.5215,0.7277,16.6628,16.6585,15.5703,0.0013,-1.0000
16.6671,0.0000,259.7670,1.9309,0.3953,16.6668,16.6609,15.5377,0.0013,-1.0000
16.6650,0.0000,259.7836,1.1484,0.6883,16.6670,16.6522,15.3132,0.0015,-1.0000
22.2261,0.0000,259.8065,1.3190,0.3572,16.6657,22.2268,21.1368,0.0012,-1.0000
16.6634,0.0000,259.8224,1.0868,0.3308,16.6665,16.6413,14.4887,0.0014,-1.0000
16.6682,0.0000,259.8392,1.1218,0.3630,16.6689,16.6666,15.6618,0.0012,-1.0000
16.6671,0.0000,259.8558,1.3376,0.2963,16.6597,16.6577,15.4531,0.0015,-1.0000
16.6673,0.0000,259.8725,1.0887,0.3860,22.2377,16.6614,15.5742,0.0012,-1.0000
16.6674,0.0000,259.8893,2.1518,0.3003,16.6497,16.6632,15.3977,0.0012,-1.0000
16.6658,0.0000,259.9059,1.0037,0.3401,16.6734,16.6521,15.2379,0.0013,-1.0000
16.6641,0.0000,259.9223,1.2031,0.3003,16.6651,16.6505,15.4185,0.0014,-1.0000
62.0258,0.0000,259.9847,1.0860,0.3945,16.6694,62.0315,61.2167,0.0010,-1.0000
16.6675,0.0000,260.0012,1.2643,0.3963,16.6717,16.6577,15.0852,0.0013,-1.0000
16.6663,0.0000,260.0179,1.4131,0.3033,16.6615,16.6516,15.2547,0.0012,-1.0000
16.6674,0.0000,260.0346,1.2307,0.2481,16.6574,16.6547,15.1581,0.0014,-1.0000
18.5449,0.0000,260.0533,0.8139,0.5756,62.0397,18.5404,17.0185,0.0015,-1.0000
20.1780,0.0000,260.0733,1.5709,0.7983,16.6707,20.1526,18.0299,0.0021,-1.0000
48.6930,0.0000,260.1223,1.3956,0.4770,16.6640,48.6917,47.5265,0.0011,-1.0000
16.6660,0.0000,260.1387,1.4949,0.5052,16.6671,16.6465,14.9182,0.0020,-1.0000
51.9355,0.0000,260.1956,1.5201,0.3582,18.5539,51.9194,50.3849,0.0020,-1.0000
16.6643,0.0000,260.2072,2.1208,0.3001,20.1657,16.6483,10.0428,0.0018,-1.0000
16.6662,0.0000,260.2239,1.1641,0.3692,48.7060,16.6584,15.2743,0.0013,-1.0000
16.9097,0.0000,260.2408,1.7265,0.4226,16.6601,16.9005,15.5463,0.0012,-1.0000
16.6669,0.0000,260.2575,1.5325,0.4834,51.9324,16.6500,15.3286,0.0012,-1.0000
16.6673,0.0000,260.2744,6.6041,1.8484,16.6608,16.6592,15.4824,0.0011,-1.0000
16.6659,0.0000,260.2908,1.3828,0.3392,16.6682,16.6525,14.7967,0.0016,-1.0000
16.6666,0.0000,260.3075,1.3530,0.3402,16.9116,16.6591,15.4782,0.0012,-1.0000
16.6671,0.0000,260.3242,1.3202,0.4232,16.6607,16.6564,14.2564,0.0015,-1.0000
16.6666,0.0000,260.3407,1.1753,0.3310,16.6698,16.6573,15.4483,0.0010,-1.0000
28.6393,0.0000,260.3698,1.8542,0.3108,16.6621,28.6459,27.5589,0.0011,-1.0000
16.6651,0.0000,260.3862,1.1799,0.7868,16.6686,16.6050,14.9601,0.0018,-1.0000
16.6660,0.0000,260.4027,2.3988,0.2928,16.6666,16.6556,15.1796,0.0015,-1.0000
16.6654,0.0000,260.4194,1.2079,0.3106,16.6665,16.6494,15.3643,0.0011,-1.0000
39.4877,0.0000,260.4597,1.0856,0.4385,28.6601,39.4950,38.3684,0.0015,-1.0000
16.6556,0.0000,260.4755,1.6436,0.3705,16.6487,16.6200,13.6139,0.0016,-1.0000
16.6694,0.0000,260.4922,1.4744,0.3884,16.6649,16.6685,15.7676,0.0010,-1.0000
16.6637,0.0000,260.5088,1.2842,0.3034,16.6576,16.6486,15.5529,0.0011,-1.0000
46.3543,0.0000,260.5555,1.1250,0.9535,39.5063,46.3595,45.5106,0.0010,-1.0000
16.6658,0.0000,260.5719,3.0052,0.2340,16.6325,16.6495,14.3242,0.0012,-1.0000
16.6648,0.0000,260.5885,0.8998,0.3080,16.6756,16.6503,15.3506,0.0014,-1.0000
16.6673,0.0000,260.6052,1.0947,0.2530,16.6557,16.6632,15.6513,0.0009,-1.0000
45.9054,0.0000,260.6515,0.8480,0.6043,46.3691,45.9203,44.9192,0.0010,-1.0000
16.6582,0.0000,260.6677,2.3240,0.3513,16.6610,16.6146,14.3358,0.0014,-1.0000
16.6714,0.0000,260.6845,1.2984,0.2789,16.6584,16.6746,15.7678,0.0014,-1.0000
16.6622,0.0000,260.7010,1.0110,0.2757,16.6690,16.6448,15.4484,0.0014,-1.0000
16.6682,0.0000,260.7177,0.9997,0.6479,45.9332,16.6645,15.8213,0.0008,-1.0000
16.6670,0.0000,260.7345,2.2775,0.2715,16.6261,16.6630,15.6378,0.0009,-1.0000
16.6662,0.0000,260.7511,0.9055,0.3829,16.6826,16.6559,15.4803,0.0010,-1.0000
16.6696,0.0000,260.7678,1.1950,0.3031,16.6525,16.6692,15.5902,0.0010,-1.0000
16.6662,0.0000,260.7845,0.8426,0.2999,16.6697,16.6527,15.4473,0.0012,-1.0000
16.6648,0.0000,260.8010,1.0242,0.3090,16.6704,16.6518,15.3707,0.0013,-1.0000
16.6679,0.0000,260.8178,1.1747,0.3315,16.6634,16.6630,15.5942,0.0008,-1.0000
16.6678,0.0000,260.8345,1.0777,0.3457,16.6770,16.6600,15.2555,0.0014,-1.0000
16.6667,0.0000,260.8512,1.2038,0.3231,16.6633,16.6603,15.4182,0.0011,-1.0000
16.6656,0.0000,260.8678,1.2799,0.3827,16.6606,16.6521,15.3574,0.0013,-1.0000
16.6682,0.0000,260.8845,1.0683,0.3836,16.6708,16.6631,15.5096,0.0010,-1.0000
16.6661,0.0000,260.9011,1.4031,0.3500,16.6685,16.6526,15.2031,0.0014,-1.0000
16.6659,0.0000,260.9178,1.2413,0.3515,16.6704,16.6556,15.4300,0.0012,-1.0000
16.6688,0.0000,260.9345,1.2933,0.4174,16.6620,16.6624,15.5799,0.0009,-1.0000
16.6651,0.0000,260.9512,1.1522,0.3942,16.6733,16.6581,15.3730,0.0013,-1.0000
16.6666,0.0000,260.9678,1.4481,0.3147,16.6623,16.6530,15.3789,0.0012,-1.0000
16.6664,0.0000,260.9845,1.2245,0.3438,16.6644,16.6572,15.4518,0.0009,-1.0000
16.6670,0.0000,261.0011,1.0816,0.4042,16.6709,16.6572,15.5620,0.0012,-1.0000
16.6669,0.0000,261.0178,1.2839,0.3679,16.6689,16.6565,15.5570,0.0012,-1.0000
16.6671,0.0000,261.0345,1.2726,0.5210,16.6622,16.6595,15.5670,0.0012,-1.0000
16.6650,0.0000,261.0511,1.2045,0.3911,16.6665,16.6553,15.5147,0.0011,-1.0000
16.6676,0.0000,261.0678,1.0940,0.2934,16.6666,16.6612,15.4484,0.0013,-1.0000
16.6675,0.0000,261.0845,1.0977,0.2919,16.6658,16.6604,15.5047,0.0012,-1.0000
16.6665,0.0000,261.1010,1.0912,0.3608,16.6680,16.6574,15.5872,0.0011,-1.0000
16.6658,0.0000,261.1178,1.1395,0.3013,16.6630,16.6556,15.6950,0.0009,-1.0000
16.6669,0.0000,261.1344,1.2113,0.3303,16.6689,16.6602,15.6101,0.0009,-1.0000
16.6664,0.0000,261.1512,1.1547,0.2879,16.6686,16.6582,15.4778,0.0010,-1.0000
16.6673,0.0000,261.1678,1.0692,0.3037,16.6655,16.6600,15.5838,0.0010,-1.0000
16.6667,0.0000,261.1844,0.9596,0.2757,16.6639,16.6568,15.5682,0.0009,-1.0000
16.6668,0.0000,261.2010,1.0487,0.3095,16.6677,16.6580,15.5020,0.0009,-1.0000
16.6667,0.0000,261.2178,1.1791,0.2711,16.6664,16.6590,15.6513,0.0009,-1.0000
16.6678,0.0000,261.2345,1.0752,0.2928,16.6691,16.6599,15.5259,0.0010,-1.0000
16.6675,0.0000,261.2512,1.0876,0.2899,16.6655,16.6620,15.4773,0.0016,-1.0000
16.6670,0.0000,261.2679,1.1548,0.2986,16.6666,16.6554,15.5281,0.0011,-1.0000
16.6652,0.0000,261.2845,1.0065,0.3337,16.6670,16.6523,15.4152,0.0012,-1.0000
16.6674,0.0000,261.3011,1.1331,0.3290,16.6688,16.6622,15.5378,0.0012,-1.0000
16.6667,0.0000,261.3179,1.1833,0.3140,16.6713,16.6562,15.5028,0.0011,-1.0000
16.6654,0.0000,261.3345,1.1258,0.3060,16.6645,16.6552,15.4621,0.0015,-1.0000
16.7044,0.0000,261.3512,1.2359,0.2940,16.6608,16.7009,15.4822,0.0010,-1.0000
16.6316,0.0000,261.3679,1.1231,0.3687,16.6699,16.6250,15.4715,0.0012,-1.0000
16.6646,0.0000,261.3845,1.1525,0.2954,16.6651,16.6521,15.4599,0.0012,-1.0000
16.6672,0.0000,261.4011,1.1914,0.3166,16.6626,16.6580,15.3755,0.0012,-1.0000
16.6667,0.0000,261.4178,1.2175,0.3112,16.7078,16.6593,15.5956,0.0011,-1.0000
16.6673,0.0000,261.4345,1.1524,0.3038,16.6358,16.6602,15.5736,0.0014,-1.0000
16.6664,0.0000,261.4512,1.1911,0.3133,16.6610,16.6574,15.5169,0.0014,-1.0000
16.6667,0.0000,261.4678,1.2813,0.3056,16.6664,16.6580,15.4620,0.0012,-1.0000
16.6667,0.0000,261.4845,1.0627,0.3184,16.6674,16.6577,15.4066,0.0012,-1.0000
16.6669,0.0000,261.5011,1.0850,0.3465,16.6686,16.6608,15.4759,0.0011,-1.0000
16.6676,0.0000,261.5179,1.1391,0.3368,16.6655,16.6618,15.5482,0.0014,-1.0000
16.6657,0.0000,261.5345,1.1948,0.3316,16.6664,16.6505,15.4989,0.0013,-1.0000
16.6666,0.0000,261.5511,1.2496,0.3220,16.6667,16.6574,15.5566,0.0010,-1.0000
16.6678,0.0000,261.5679,1.1837,0.3001,16.6687,16.6625,15.4953,0.0012,-1.0000
16.6641,0.0000,261.5844,1.1118,0.3379,16.6718,16.6518,15.4511,0.0011,-1.0000
16.6688,0.0000,261.6010,1.1503,0.3184,16.6594,16.6651,15.6663,0.0011,-1.0000
16.6665,0.0000,261.6178,1.0994,0.2947,16.6655,16.6597,15.6325,0.0010,-1.0000
16.6667,0.0000,261.6345,1.1661,0.3718,16.6710,16.6583,15.5320,0.0012,-1.0000
16.6665,0.0000,261.6512,1.1997,0.2861,16.6582,16.6534,15.4586,0.0014,-1.0000
16.6673,0.0000,261.6678,0.9978,0.3056,16.6730,16.6630,15.4199,0.0010,-1.0000
16.6667,0.0000,261.6845,1.0261,0.3446,16.6681,16.6556,15.5767,0.0014,-1.0000
16.6660,0.0000,261.7010,1.1253,0.3695,16.6681,16.6551,15.5694,0.0010,-1.0000
16.6672,0.0000,261.7178,1.1937,0.2828,16.6623,16.6596,15.6788,0.0009,-1.0000
16.6668,0.0000,261.7346,1.2419,0.2893,16.6713,16.6603,15.4476,0.0011,-1.0000
16.6665,0.0000,261.7512,1.0776,0.3371,16.6642,16.6569,15.5196,0.0010,-1.0000
16.6682,0.0000,261.7679,1.0846,0.3108,16.6636,16.6615,15.5423,0.0011,-1.0000
16.6654,0.0000,261.7845,0.9795,0.3419,16.6681,16.6537,15.5318,0.0010,-1.0000
16.6669,0.0000,261.8011,1.2113,0.2995,16.6689,16.6592,15.5836,0.0010,-1.0000
16.6659,0.0000,261.8178,1.1362,0.3051,16.6659,16.6555,15.6087,0.0010,-1.0000
16.6668,0.0000,261.8345,1.1177,0.3303,16.6703,16.6599,15.5562,0.0011,-1.0000
16.6672,0.0000,261.8511,1.1206,0.3065,16.6627,16.6562,15.6121,0.0009,-1.0000
16.6668,0.0000,261.8678,1.0743,0.3483,16.6679,16.6587,15.5965,0.0010,-1.0000
16.6673,0.0000,261.8845,1.0459,0.2855,16.6642,16.6642,15.5924,0.0010,-1.0000
16.6671,0.0000,261.9011,1.1030,0.2959,16.6688,16.6525,15.4159,0.0011,-1.0000
16.6662,0.0000,261.9179,1.0431,0.2970,16.6656,16.6600,15.6593,0.0009,-1.0000
16.6668,0.0000,261.9345,1.0611,0.2880,16.6673,16.6570,15.5497,0.0014,-1.0000
16.6665,0.0000,261.9512,1.0708,0.3411,16.6735,16.6571,15.5617,0.0014,-1.0000
16.6666,0.0000,261.9678,1.2356,0.3387,16.6610,16.6567,15.4447,0.0011,-1.0000
