frame_ms,focused,elapsed,CPU Main Thread Frame Time,CPU Render Thread Frame Time,CPU Total Frame Time,PlayerLoop,WaitForTargetFPS,Gfx.WaitForPresentOnGfxThread,Gfx.WaitForGfxCommandsFromMainThread
16.6653,1.0000,316.9193,1.2602,0.3252,16.6726,16.6570,15.2897,0.0013,-1.0000
16.6657,1.0000,316.9360,1.5545,0.2813,16.6638,16.6546,15.3637,0.0010,-1.0000
16.6698,1.0000,316.9527,1.1983,0.2550,16.6624,16.6676,15.3226,0.0012,-1.0000
16.6658,1.0000,316.9693,1.1829,0.3241,16.6728,16.6621,15.1203,0.0012,-1.0000
16.6650,1.0000,316.9859,1.3666,0.2868,16.6658,16.6460,15.3199,0.0013,-1.0000
16.6701,1.0000,317.0025,1.2897,0.2582,16.6627,16.6677,15.4220,0.0011,-1.0000
16.6616,1.0000,317.0192,1.3438,0.3475,16.6774,16.6367,15.3902,0.0011,-1.0000
16.6693,1.0000,317.0359,1.5406,0.2672,16.6722,16.6716,15.3097,0.0012,-1.0000
16.6676,1.0000,317.0526,1.3248,0.2575,16.6536,16.6667,15.2517,0.0011,-1.0000
16.6648,1.0000,317.0692,1.2444,0.2684,16.6776,16.6437,15.3658,0.0010,-1.0000
16.6683,1.0000,317.0860,1.2456,0.3656,16.6444,16.6656,15.4811,0.0009,-1.0000
16.6668,1.0000,317.1025,1.3605,0.3285,16.6782,16.6574,15.1332,0.0012,-1.0000
16.6647,1.0000,317.1192,1.4138,0.2636,16.6761,16.6626,15.5158,0.0012,-1.0000
16.6691,1.0000,317.1360,1.2773,0.2626,16.6531,16.6593,15.4658,0.0012,-1.0000
16.6661,1.0000,317.1526,1.1835,0.3070,16.6741,16.6511,15.1918,0.0013,-1.0000
16.6663,1.0000,317.1693,1.5229,0.2683,16.6664,16.6529,15.2599,0.0011,-1.0000
16.6673,1.0000,317.1859,1.1455,0.2438,16.6701,16.6653,15.4607,0.0010,-1.0000
16.6669,1.0000,317.2025,1.1922,0.2996,16.6687,16.6567,15.2334,0.0011,-1.0000
16.6647,1.0000,317.2192,1.4579,0.2754,16.6608,16.6488,15.4413,0.0012,-1.0000
16.6668,1.0000,317.2361,1.3920,0.2669,16.6621,16.6608,15.4177,0.0012,-1.0000
16.6686,1.0000,317.2526,1.2036,0.2827,16.6736,16.6654,14.9946,0.0010,-1.0000
16.6658,1.0000,317.2692,1.4222,0.2832,16.6656,16.6535,15.3746,0.0012,-1.0000
16.6684,1.0000,317.2860,1.2062,0.2728,16.6574,16.6656,15.4913,0.0009,-1.0000
16.6667,1.0000,317.3025,1.2421,0.3041,16.6691,16.6511,15.1479,0.0011,-1.0000
16.6654,1.0000,317.3192,1.6701,0.3082,16.6738,16.6546,15.4126,0.0010,-1.0000
16.6688,1.0000,317.3359,1.2777,0.2515,16.6623,16.6682,15.4418,0.0010,-1.0000
16.6654,1.0000,317.3527,1.1734,0.3374,16.6754,16.7292,15.3096,0.0012,-1.0000
16.6658,1.0000,317.3692,1.5022,0.3091,16.6613,16.5744,15.3464,0.0014,-1.0000
16.6690,1.0000,317.3861,1.2409,0.2858,16.6628,16.6673,15.3874,0.0009,-1.0000
16.6654,1.0000,317.4026,1.2250,0.3062,16.6777,16.6534,15.1953,0.0012,-1.0000
16.6663,1.0000,317.4193,1.4184,0.2742,16.7399,16.6560,15.3449,0.0011,-1.0000
16.6680,1.0000,317.4359,1.2267,0.2683,16.5823,16.6570,15.2521,0.0011,-1.0000
16.6656,1.0000,317.4526,1.2787,0.2960,16.6761,16.6543,15.2914,0.0011,-1.0000
16.6659,1.0000,317.4692,1.4571,0.2740,16.6645,16.6540,15.4360,0.0011,-1.0000
16.6696,1.0000,317.4861,1.3097,0.2643,16.6658,16.6685,15.4523,0.0010,-1.0000
16.6648,1.0000,317.5025,1.4037,0.2987,16.6664,16.6484,15.1031,0.0011,-1.0000
16.6668,1.0000,317.5193,1.3618,0.2841,16.6644,16.6580,15.4715,0.0010,-1.0000
16.6682,1.0000,317.5360,1.2168,0.2650,16.6620,16.6605,15.3467,0.0012,-1.0000
16.6659,1.0000,317.5526,1.2152,0.3255,16.6786,16.6556,15.2446,0.0012,-1.0000
16.6649,1.0000,317.5693,1.5441,0.2685,16.6584,16.6482,15.4231,0.0012,-1.0000
16.6689,1.0000,317.5860,1.1852,0.2852,16.6671,16.6703,15.3186,0.0012,-1.0000
16.6666,1.0000,317.6025,1.3124,0.2798,16.6693,16.6567,15.2485,0.0013,-1.0000
16.6661,1.0000,317.6193,1.4097,0.2763,16.6651,16.6566,15.3321,0.0012,-1.0000
16.6668,1.0000,317.6360,1.2239,0.2628,16.6571,16.6601,15.3362,0.0012,-1.0000
16.6669,1.0000,317.6526,1.3503,0.2648,16.6787,16.6553,15.2854,0.0011,-1.0000
16.6660,1.0000,317.6692,1.4068,0.3014,16.6657,16.6528,15.2708,0.0011,-1.0000
16.6692,1.0000,317.6860,1.3233,0.3352,16.6656,16.6719,15.4682,0.0011,-1.0000
16.6664,1.0000,317.7025,1.3230,0.2847,16.6688,16.6516,15.2247,0.0012,-1.0000
16.6644,1.0000,317.7192,1.3689,0.3286,16.6639,16.6506,15.5425,0.0008,-1.0000
16.6698,1.0000,317.7359,1.3806,0.2389,16.6603,16.6665,15.4874,0.0011,-1.0000
16.6648,1.0000,317.7526,1.2023,0.3620,16.6822,16.6533,15.3038,0.0010,-1.0000
16.6656,1.0000,317.7692,1.4256,0.2751,16.6613,16.6562,15.4207,0.0013,-1.0000
16.6691,1.0000,317.7859,1.1074,0.2463,16.6589,16.6666,15.4258,0.0009,-1.0000
16.6663,1.0000,317.8025,1.1778,0.2755,16.6751,16.6549,15.3942,0.0012,-1.0000
16.6666,1.0000,317.8192,1.3483,0.2771,16.6618,16.6570,15.4375,0.0012,-1.0000
16.6675,1.0000,317.8360,1.2343,0.2670,16.6640,16.6606,15.3763,0.0011,-1.0000
16.6659,1.0000,317.8526,1.2397,0.3250,16.6757,16.6559,15.2003,0.0011,-1.0000
16.6670,1.0000,317.8694,1.2594,0.2935,16.6642,16.6587,15.3921,0.0012,-1.0000
16.6664,1.0000,317.8860,1.2183,0.3073,16.6662,16.6536,15.1051,0.0012,-1.0000
16.6668,1.0000,317.9025,1.2826,0.3904,16.6693,16.6567,15.0509,0.0014,-1.0000
16.6666,1.0000,317.9193,1.4545,0.2480,16.6657,16.6615,15.4422,0.0012,-1.0000
16.6680,1.0000,317.9359,1.2653,0.2625,16.6692,16.6560,15.1770,0.0011,-1.0000
16.6654,1.0000,317.9526,1.5471,0.3420,16.6626,16.6551,15.3625,0.0012,-1.0000
16.6685,1.0000,317.9693,1.6043,0.2630,16.6658,16.6604,15.3045,0.0010,-1.0000
16.6658,1.0000,317.9859,1.2177,0.2930,16.6712,16.6541,15.2457,0.0011,-1.0000
16.6639,1.0000,318.0024,1.4777,0.2769,16.6649,16.6529,15.4019,0.0011,-1.0000
16.6705,1.0000,318.0193,1.2917,0.2907,16.6650,16.6728,15.5200,0.0011,-1.0000
16.6657,1.0000,318.0359,1.3548,0.3049,16.6695,16.6483,15.2446,0.0011,-1.0000
16.6662,1.0000,318.0526,1.4072,0.2639,16.6636,16.6567,15.3125,0.0012,-1.0000
16.6673,1.0000,318.0693,1.2497,0.2783,16.6604,16.6606,15.3169,0.0012,-1.0000
16.6663,1.0000,318.0859,1.1517,0.3136,16.6834,16.6533,15.2076,0.0016,-1.0000
16.6660,1.0000,318.1025,1.4023,0.3069,16.6577,16.6544,15.3934,0.0012,-1.0000
16.6701,1.0000,318.1194,1.3430,0.2573,16.6665,16.6729,15.5499,0.0009,-1.0000
16.6643,1.0000,318.1360,1.3427,0.3132,16.6712,16.6451,15.0354,0.0015,-1.0000
16.6674,1.0000,318.1526,1.4439,0.2678,16.6621,16.6541,15.2292,0.0012,-1.0000
16.6669,1.0000,318.1693,1.2598,0.2552,16.6622,16.6637,15.3612,0.0010,-1.0000
16.6666,1.0000,318.1859,1.1221,0.3313,16.6839,16.6546,15.2217,0.0011,-1.0000
16.6651,1.0000,318.2025,1.6084,0.3023,16.6562,16.6501,15.4241,0.0013,-1.0000
16.6686,1.0000,318.2193,1.4233,0.2785,16.6625,16.6674,15.5776,0.0009,-1.0000
16.6661,1.0000,318.2359,1.3011,0.3147,16.6738,16.6519,15.3683,0.0014,-1.0000
16.6666,1.0000,318.2526,1.4315,0.2733,16.6644,16.6578,15.3870,0.0011,-1.0000
16.6686,1.0000,318.2695,1.2242,0.2588,16.6583,16.6653,15.3998,0.0015,-1.0000
16.6647,1.0000,318.2859,1.0884,0.2959,16.6765,16.6488,14.9359,0.0014,-1.0000
16.6671,1.0000,318.3025,1.2823,0.2655,16.6608,16.6612,15.3392,0.0011,-1.0000
16.6685,1.0000,318.3195,1.2698,0.2708,16.6665,16.6637,15.4371,0.0011,-1.0000
16.6632,1.0000,318.3359,1.2639,0.3088,16.6751,16.6427,14.9529,0.0012,-1.0000
16.6661,1.0000,318.3531,1.7113,0.2940,16.6575,16.6582,15.5331,0.0011,-1.0000
16.6687,1.0000,318.3692,1.3207,0.2815,16.6702,16.6661,14.8088,0.0008,-1.0000
16.6667,1.0000,318.3859,1.2252,0.2791,16.6747,16.6573,15.4184,0.0015,-1.0000
16.6696,1.0000,318.4027,1.6884,0.2562,16.6512,16.6732,15.4090,0.0011,-1.0000
16.6642,1.0000,318.4193,1.1240,0.2872,16.6657,16.6396,14.8992,0.0012,-1.0000
16.6649,1.0000,318.4360,1.8566,0.2973,16.6731,16.6532,15.4207,0.0012,-1.0000
16.6679,1.0000,318.4526,1.2375,0.2608,16.6652,16.6650,15.4312,0.0010,-1.0000
16.6681,1.0000,318.4693,1.2630,0.3453,16.6856,16.6571,15.4271,0.0009,-1.0000
16.6657,1.0000,318.4859,1.7396,0.2728,16.6505,16.6515,15.3336,0.0013,-1.0000
16.6684,1.0000,318.5025,1.2316,0.2475,16.6619,16.6677,15.2948,0.0011,-1.0000
16.6656,1.0000,318.5193,1.2328,0.2625,16.6748,16.6529,15.3306,0.0013,-1.0000
16.6655,1.0000,318.5359,1.2287,0.2698,16.6661,16.6537,15.3548,0.0010,-1.0000
16.6671,1.0000,318.5527,1.3162,0.3165,16.6599,16.6653,15.5108,0.0010,-1.0000
16.6686,1.0000,318.5693,1.3718,0.3246,16.6761,16.6573,15.1514,0.0012,-1.0000
16.6646,1.0000,318.5859,1.3210,0.2665,16.6618,16.6504,15.3163,0.0013,-1.0000
16.6691,1.0000,318.6026,1.2972,0.2682,16.6620,16.6728,15.3610,0.0012,-1.0000
16.6666,1.0000,318.6193,1.1537,0.4681,16.6748,16.6464,14.7744,0.0013,-1.0000
16.6659,1.0000,318.6359,1.5043,0.2801,16.6667,16.6584,15.2638,0.0011,-1.0000
16.6675,1.0000,318.6527,1.3324,0.2814,16.6587,16.6599,15.2976,0.0011,-1.0000
16.6663,1.0000,318.6693,1.3106,0.3467,16.6841,16.6537,15.1738,0.0010,-1.0000
16.6651,1.0000,318.6859,1.8705,0.2791,16.6571,16.6483,15.2974,0.0010,-1.0000
16.6687,1.0000,318.7025,1.3932,0.2817,16.6665,16.7338,15.4463,0.0013,-1.0000
16.6657,1.0000,318.7192,1.3609,0.2955,16.6707,16.5880,15.3727,0.0011,-1.0000
16.6674,1.0000,318.7361,1.4786,0.2668,16.6641,16.6621,15.3557,0.0012,-1.0000
16.6669,1.0000,318.7528,1.3499,0.2995,16.6564,16.6539,15.0192,0.0013,-1.0000
16.6662,1.0000,318.7693,1.2860,0.2747,16.7429,16.6548,15.1548,0.0012,-1.0000
16.6671,1.0000,318.7859,1.2142,0.2704,16.5969,16.6579,15.3155,0.0013,-1.0000
16.6681,1.0000,318.8025,1.3052,0.2718,16.6722,16.6609,15.4575,0.0011,-1.0000
16.6656,1.0000,318.8193,1.6334,0.3064,16.6634,16.6531,15.3094,0.0011,-1.0000
16.6648,1.0000,318.8359,1.4989,0.2876,16.6656,16.6535,15.2809,0.0011,-1.0000
16.7093,1.0000,318.8527,1.3410,0.2523,16.6671,16.7371,15.4620,0.0010,-1.0000
16.6660,1.0000,318.8693,1.2022,0.4613,16.6707,16.6236,15.1759,0.0010,-1.0000
16.6664,1.0000,318.8860,1.3422,0.2655,16.6623,16.6536,15.4374,0.0012,-1.0000
16.6678,1.0000,318.9027,1.3714,0.2987,16.6613,16.6635,15.3622,0.0011,-1.0000
16.6652,1.0000,318.9193,1.2742,0.3018,16.7465,16.6514,15.0504,0.0015,-1.0000
16.6676,1.0000,318.9360,1.4463,0.2586,16.6338,16.6599,15.3321,0.0011,-1.0000
16.6679,1.0000,318.9527,1.2149,0.3642,16.6626,16.6644,15.1007,0.0014,-1.0000
16.6655,1.0000,318.9693,1.3001,0.2939,16.6734,16.6504,15.0665,0.0013,-1.0000
16.6673,1.0000,318.9860,1.5994,0.2964,16.6601,16.6579,15.4051,0.0012,-1.0000
16.6672,1.0000,319.0026,1.3266,0.3206,16.6678,16.6582,15.2327,0.0014,-1.0000
16.6647,1.0000,319.0193,1.5624,0.3342,16.6758,16.6564,14.9416,0.0013,-1.0000
16.6662,1.0000,319.0361,1.5826,0.2686,16.6604,16.6582,15.3525,0.0012,-1.0000
16.6709,1.0000,319.0528,1.2514,0.2988,16.6670,16.6694,15.2487,0.0012,-1.0000
16.6628,1.0000,319.0693,1.4240,0.5452,16.6669,16.6417,15.0021,0.0014,-1.0000
16.6677,1.0000,319.0860,1.7135,0.2545,16.6640,16.6636,15.4618,0.0011,-1.0000
16.6677,1.0000,319.1025,1.3045,0.2737,16.6658,16.6626,15.4134,0.0013,-1.0000
16.6668,1.0000,319.1193,1.4196,0.2742,16.6784,16.6563,15.3788,0.0009,-1.0000
16.6653,1.0000,319.1360,1.6381,0.2515,16.6511,16.6538,15.4035,0.0012,-1.0000
16.6684,1.0000,319.1526,1.2007,0.2897,16.6707,16.6633,15.2844,0.0014,-1.0000
16.6651,1.0000,319.1693,1.2477,0.3203,16.6708,16.6513,15.4329,0.0011,-1.0000
16.6692,1.0000,319.1861,1.2763,0.2667,16.6666,16.6720,15.4659,0.0013,-1.0000
16.6656,1.0000,319.2025,1.2490,0.3233,16.6624,16.6473,15.1775,0.0011,-1.0000
16.6666,1.0000,319.2193,1.3776,0.2606,16.6721,16.6561,15.4062,0.0011,-1.0000
16.6660,1.0000,319.2361,1.2172,0.2952,16.6591,16.6566,15.3966,0.0012,-1.0000
16.6673,1.0000,319.2526,1.2046,0.3048,16.6830,16.6627,15.3084,0.0010,-1.0000
16.6671,1.0000,319.2693,1.4686,0.2848,16.6566,16.6567,15.4461,0.0011,-1.0000
16.6667,1.0000,319.2861,1.2487,0.2905,16.6654,16.6593,15.4535,0.0010,-1.0000
16.6668,1.0000,319.3025,1.2591,0.2714,16.6652,16.6574,15.2533,0.0012,-1.0000
16.6653,1.0000,319.3193,1.3531,0.2630,16.6703,16.6520,15.3990,0.0011,-1.0000
16.6691,1.0000,319.3360,1.2096,0.2408,16.6660,16.6687,15.3818,0.0011,-1.0000
16.6662,1.0000,319.3526,1.2047,0.2960,16.6677,16.6568,15.3110,0.0012,-1.0000
16.6654,1.0000,319.3693,1.4028,0.2837,16.6655,16.6495,15.4434,0.0011,-1.0000
16.6683,1.0000,319.3860,1.2522,0.2653,16.6604,16.6671,15.4682,0.0010,-1.0000
16.6663,1.0000,319.4026,1.2857,0.3300,16.6767,16.6535,15.3153,0.0011,-1.0000
16.6659,1.0000,319.4193,1.3446,0.2652,16.6662,16.6552,15.4810,0.0015,-1.0000
16.6675,1.0000,319.4363,1.2052,0.2585,16.6581,16.6653,15.4776,0.0011,-1.0000
16.6675,1.0000,319.4527,1.1978,0.3346,16.6755,16.6539,14.2912,0.0012,-1.0000
16.6652,1.0000,319.4693,1.3370,0.2656,16.6619,16.6528,15.3896,0.0011,-1.0000
16.6684,1.0000,319.4861,1.1726,0.2569,16.6635,16.6683,15.4764,0.0010,-1.0000
16.6661,1.0000,319.5026,1.1866,0.3135,16.6751,16.6526,15.2028,0.0012,-1.0000
16.6653,1.0000,319.5194,2.3618,0.2739,16.6641,16.6532,15.5210,0.0014,-1.0000
16.7318,1.0000,319.5362,1.2619,0.2575,16.6612,16.7575,15.3773,0.0011,-1.0000
16.6664,1.0000,319.5528,1.1903,0.3349,16.6782,16.6248,15.0463,0.0014,-1.0000
16.6636,1.0000,319.5694,1.4483,0.2830,16.6615,16.6428,15.1534,0.0010,-1.0000
16.6712,1.0000,319.5862,1.1307,0.2874,16.6621,16.6741,15.4522,0.0009,-1.0000
16.6649,1.0000,319.6027,1.3788,0.3446,16.7685,16.6484,14.7870,0.0013,-1.0000
16.6663,1.0000,319.6194,1.5766,0.2779,16.6372,16.6574,15.4230,0.0012,-1.0000
16.6679,1.0000,319.6361,1.4882,0.2504,16.6518,16.6795,15.4719,0.0010,-1.0000
16.6657,1.0000,319.6528,1.2205,0.2957,16.6839,16.6346,15.1773,0.0010,-1.0000
16.6667,1.0000,319.6694,1.8599,0.2626,16.6585,16.6562,15.3443,0.0012,-1.0000
16.6673,1.0000,319.6862,1.2332,0.2834,16.6655,16.6628,15.4256,0.0011,-1.0000
16.6663,1.0000,319.7026,1.2065,0.3371,16.6896,16.6549,15.3019,0.0011,-1.0000
16.6658,1.0000,319.7194,1.4561,0.2723,16.6439,16.6559,15.4824,0.0011,-1.0000
16.6682,1.0000,319.7361,1.3107,0.2765,16.6651,16.6641,15.3586,0.0013,-1.0000
16.6663,1.0000,319.7527,1.2359,0.2768,16.6715,16.6564,15.0255,0.0013,-1.0000
16.6651,1.0000,319.7693,1.3519,0.2686,16.6636,16.6507,15.4492,0.0010,-1.0000
16.6686,1.0000,319.7861,1.1724,0.3105,16.6641,16.6677,15.4123,0.0011,-1.0000
16.6658,1.0000,319.8026,1.3042,0.4046,16.6725,16.6536,15.1693,0.0012,-1.0000
16.6663,1.0000,319.8194,1.6295,0.2524,16.6648,16.6557,15.5097,0.0011,-1.0000
16.6690,1.0000,319.8361,1.2005,0.3102,16.6586,16.6736,15.4120,0.0012,-1.0000
16.6634,1.0000,319.8527,1.2544,0.3368,16.6766,16.6372,15.2357,0.0011,-1.0000
16.6692,1.0000,319.8694,1.4831,0.2632,16.6619,16.6712,15.5158,0.0010,-1.0000
16.6669,1.0000,319.8861,1.1449,0.2620,16.6631,16.6585,15.1027,0.0013,-1.0000
16.6677,1.0000,319.9026,1.2604,0.2594,16.6850,16.6549,15.0711,0.0011,-1.0000
16.6658,1.0000,319.9195,1.4003,0.2532,16.6458,16.6592,15.3571,0.0010,-1.0000
16.6662,1.0000,319.9360,1.1543,0.2777,16.6784,16.6528,15.1479,0.0018,-1.0000
16.6652,1.0000,319.9527,1.5545,0.4307,16.6689,16.6520,15.4086,0.0011,-1.0000
16.6681,1.0000,319.9696,1.5821,0.2822,16.6642,16.6610,15.3426,0.0015,-1.0000
16.6678,1.0000,319.9861,1.3009,0.2663,16.6698,16.6629,15.0347,0.0011,-1.0000
16.6653,1.0000,320.0026,1.5029,0.2899,16.6622,16.6539,15.3470,0.0011,-1.0000
16.6680,1.0000,320.0194,1.2423,0.2860,16.6601,16.6653,15.5678,0.0008,-1.0000
16.6667,1.0000,320.0362,1.3168,0.3240,16.6698,16.6625,15.3144,0.0010,-1.0000
16.6662,1.0000,320.0527,1.6268,0.2732,16.6708,16.6448,15.1564,0.0011,-1.0000
16.6683,1.0000,320.0694,1.3053,0.2910,16.6630,16.6573,15.4711,0.0011,-1.0000
16.6656,1.0000,320.0861,1.0964,0.2681,16.6745,16.6536,15.4257,0.0011,-1.0000
16.6701,1.0000,320.1027,1.3469,0.3073,16.6733,16.6704,15.3200,0.0014,-1.0000
16.6656,1.0000,320.1195,1.4873,0.2421,16.6559,16.6498,15.3994,0.0010,-1.0000
16.6642,1.0000,320.1361,1.1853,0.3131,16.6694,16.6441,15.2505,0.0012,-1.0000
16.6664,1.0000,320.1527,1.2266,0.3411,16.6634,16.6568,15.2726,0.0011,-1.0000
16.6652,1.0000,320.1693,1.3490,0.2689,16.6825,16.6503,15.3096,0.0012,-1.0000
16.6693,1.0000,320.1862,1.2492,0.3177,16.6633,16.6760,15.6314,0.0010,-1.0000
16.6667,1.0000,320.2026,1.3921,0.2888,16.6549,16.6512,15.1305,0.0011,-1.0000
16.6648,1.0000,320.2194,1.3829,0.3089,16.6645,16.6522,15.4976,0.0009,-1.0000
16.6682,1.0000,320.2361,1.3397,0.2530,16.6575,16.6622,15.4196,0.0010,-1.0000
16.6670,1.0000,320.2527,1.0431,0.2497,16.6847,16.6632,15.1535,0.0009,-1.0000
16.6666,1.0000,320.2694,1.5194,0.2689,16.6594,16.6569,15.4433,0.0011,-1.0000
16.6670,1.0000,320.2861,1.1537,0.2639,16.6607,16.6600,15.3258,0.0013,-1.0000
16.6673,1.0000,320.3027,1.2415,0.7014,16.6706,16.6558,15.3178,0.0011,-1.0000
16.6652,1.0000,320.3194,1.5088,0.2646,16.6715,16.6515,15.3784,0.0012,-1.0000
16.6683,1.0000,320.3361,1.2124,0.2776,16.6662,16.6639,15.3573,0.0012,-1.0000
16.6671,1.0000,320.3527,1.3328,0.3441,16.6695,16.6610,15.4024,0.0012,-1.0000
16.6661,1.0000,320.3694,1.3370,0.3219,16.6650,16.6540,15.4512,0.0010,-1.0000
16.7700,1.0000,320.3863,1.2718,0.2621,16.6602,16.7828,15.4752,0.0010,-1.0000
16.5646,1.0000,320.4027,1.3051,0.2673,16.6720,16.5350,15.0782,0.0010,-1.0000
16.6642,1.0000,320.4194,1.2577,0.3055,16.6703,16.6507,15.4445,0.0013,-1.0000
16.6690,1.0000,320.4361,1.2017,0.2794,16.6623,16.6666,15.4376,0.0012,-1.0000
16.6657,1.0000,320.4527,1.3064,0.3215,16.7912,16.6557,15.2467,0.0010,-1.0000
16.6657,1.0000,320.4694,1.4557,0.2778,16.5432,16.6531,15.3932,0.0013,-1.0000
16.6694,1.0000,320.4862,1.2047,0.2643,16.6595,16.6679,15.3783,0.0012,-1.0000
16.6653,1.0000,320.5026,1.2276,0.2655,16.6768,16.6488,14.9839,0.0012,-1.0000
16.6666,1.0000,320.5193,1.4076,0.2652,16.6646,16.6537,15.4139,0.0009,-1.0000
16.6675,1.0000,320.5362,1.2586,0.3062,16.6624,16.6663,15.4660,0.0010,-1.0000
16.6672,1.0000,320.5527,1.2883,0.5615,16.6786,16.6500,14.9515,0.0014,-1.0000
16.6652,1.0000,320.5694,1.6635,0.3030,16.6592,16.6532,15.3975,0.0012,-1.0000
16.6683,1.0000,320.5862,1.2385,0.2486,16.6628,16.6654,15.3381,0.0012,-1.0000
16.6664,1.0000,320.6027,1.1991,0.3322,16.6792,16.7116,15.1742,0.0012,-1.0000
16.6658,1.0000,320.6194,1.6970,0.2914,16.6599,16.5969,15.3993,0.0011,-1.0000
16.6690,1.0000,320.6361,1.2542,0.3193,16.6620,16.6671,15.3106,0.0012,-1.0000
16.6647,1.0000,320.6527,1.3260,0.3082,16.6741,16.6447,15.3449,0.0011,-1.0000
16.6662,1.0000,320.6694,1.5363,0.2649,16.7217,16.6576,15.4027,0.0011,-1.0000
16.6679,1.0000,320.6861,1.1962,0.2705,16.6050,16.6588,15.2074,0.0012,-1.0000
16.6668,1.0000,320.7026,1.3555,0.3059,16.6797,16.6584,15.1700,0.0012,-1.0000
16.6661,1.0000,320.7194,1.2986,0.2618,16.6538,16.6543,15.5391,0.0010,-1.0000
16.6685,1.0000,320.7362,1.2539,0.3538,16.6670,16.6689,15.4220,0.0012,-1.0000
16.6642,1.0000,320.7527,1.4499,0.3071,16.6675,16.6413,15.0273,0.0010,-1.0000
16.6667,1.0000,320.7694,1.4871,0.2584,16.6671,16.6618,15.5279,0.0009,-1.0000
16.6700,1.0000,320.7861,1.1140,0.2682,16.6633,16.6716,15.0851,0.0014,-1.0000
16.6648,1.0000,320.8026,1.2456,0.3162,16.6795,16.6465,15.3592,0.0012,-1.0000
16.6682,1.0000,320.8196,1.6130,0.2684,16.6502,16.6657,15.3529,0.0013,-1.0000
16.6672,1.0000,320.8365,1.1331,0.3447,16.6688,16.6553,14.9066,0.0011,-1.0000
16.6657,1.0000,320.8527,1.5847,0.2726,16.6812,16.6470,14.8480,0.0013,-1.0000
16.6639,1.0000,320.8694,1.2861,0.2794,16.6576,16.6535,15.3443,0.0010,-1.0000
16.6691,1.0000,320.8860,1.3117,0.2775,16.6763,16.6656,15.3229,0.0011,-1.0000
16.6658,1.0000,320.9026,1.7476,0.2633,16.6663,16.6529,15.4601,0.0012,-1.0000
16.6677,1.0000,320.9194,1.7977,0.2700,16.6571,16.6661,15.5492,0.0011,-1.0000
16.6668,1.0000,320.9360,1.3083,0.2778,16.6615,16.6582,15.3767,0.0011,-1.0000
16.6666,1.0000,320.9527,1.3415,0.2662,16.6729,16.6538,15.4208,0.0012,-1.0000
16.6679,1.0000,320.9694,1.1915,0.2519,16.6616,16.6679,15.3497,0.0011,-1.0000
16.6659,1.0000,320.9861,1.1157,0.3009,16.6740,16.6508,15.2482,0.0014,-1.0000
16.6651,1.0000,321.0026,1.2802,0.2646,16.6669,16.6522,15.2478,0.0011,-1.0000
16.6704,1.0000,321.0195,1.2317,0.2661,16.6619,16.6745,15.5906,0.0009,-1.0000
16.6645,1.0000,321.0360,1.3170,0.3667,16.6777,16.6394,14.9895,0.0012,-1.0000
16.6669,1.0000,321.0527,1.4011,0.2791,16.6599,16.6631,15.3736,0.0010,-1.0000
16.6677,1.0000,321.0695,1.4034,0.2658,16.6596,16.6550,15.3515,0.0010,-1.0000
16.6658,1.0000,321.0861,1.0829,0.3566,16.6919,16.6518,13.8723,0.0020,-1.0000
16.6649,1.0000,321.1026,1.6489,0.3081,16.6491,16.6536,15.3092,0.0015,-1.0000
16.6692,1.0000,321.1195,1.2882,0.2895,16.6725,16.6722,15.6074,0.0010,-1.0000
16.6667,1.0000,321.1361,1.3022,0.4637,16.6652,16.6495,15.0962,0.0015,-1.0000
16.6656,1.0000,321.1527,2.7779,0.3044,16.6601,16.6515,15.3042,0.0012,-1.0000
16.6679,1.0000,321.1695,1.3428,0.2643,16.6609,16.6653,15.3406,0.0013,-1.0000
16.6661,1.0000,321.1861,1.0638,0.3663,16.6825,16.7128,15.2265,0.0017,-1.0000
16.6655,1.0000,321.2026,1.5517,0.2617,16.6603,16.5956,15.3471,0.0010,-1.0000
16.6693,1.0000,321.2195,1.3458,0.3320,16.6598,16.6691,15.6090,0.0010,-1.0000
16.6646,1.0000,321.2361,1.3233,0.3062,16.6734,16.6485,15.2761,0.0010,-1.0000
16.6674,1.0000,321.2527,1.4847,0.2867,16.7231,16.6606,15.3577,0.0010,-1.0000
16.6674,1.0000,321.2694,1.2475,0.2606,16.6038,16.6589,15.3480,0.0011,-1.0000
16.6665,1.0000,321.2860,1.0590,0.3360,16.6785,16.6554,15.1829,0.0011,-1.0000
16.6663,1.0000,321.3026,1.3714,0.2619,16.6571,16.6590,15.3905,0.0012,-1.0000
16.6674,1.0000,321.3195,1.3018,0.2658,16.6697,16.6562,15.4474,0.0009,-1.0000
16.6657,1.0000,321.3360,1.3097,0.3275,16.6685,16.6528,14.8784,0.0013,-1.0000
16.6668,1.0000,321.3528,1.4712,0.3282,16.6655,16.6614,15.4530,0.0012,-1.0000
16.6683,1.0000,321.3695,1.2670,0.2808,16.6684,16.6642,15.4120,0.0012,-1.0000
16.6641,1.0000,321.3860,1.2073,0.3935,16.6650,16.6463,15.1327,0.0010,-1.0000
16.6685,1.0000,321.4027,1.7731,0.2600,16.6610,16.6678,15.4287,0.0012,-1.0000
16.6668,1.0000,321.4194,1.2073,0.2735,16.6693,16.6539,15.2036,0.0012,-1.0000
16.6650,1.0000,321.4360,1.2509,0.3163,16.6747,16.6525,15.4269,0.0012,-1.0000
16.6673,1.0000,321.4528,1.5125,0.2549,16.6545,16.6610,15.4261,0.0012,-1.0000
16.6679,1.0000,321.4694,1.2377,0.2737,16.6772,16.6626,15.0553,0.0013,-1.0000
16.6657,1.0000,321.4860,1.4489,0.2738,16.6631,16.6521,15.3657,0.0015,-1.0000
16.6678,1.0000,321.5027,1.2242,0.3005,16.6610,16.6677,15.4074,0.0011,-1.0000
16.6663,1.0000,321.5194,1.2337,0.3375,16.6694,16.6503,15.2341,0.0013,-1.0000
16.6655,1.0000,321.5360,1.6056,0.2612,16.6711,16.6537,15.4117,0.0012,-1.0000
16.6669,1.0000,321.5530,1.2848,0.2703,16.6610,16.7931,15.4206,0.0012,-1.0000
16.6678,1.0000,321.5694,1.2591,0.2854,16.6764,16.5298,15.0743,0.0014,-1.0000
16.6657,1.0000,321.5860,1.4151,0.2658,16.6600,16.6555,15.4232,0.0010,-1.0000
16.6674,1.0000,321.6026,1.2406,0.2602,16.6614,16.6612,15.4298,0.0010,-1.0000
16.6669,1.0000,321.6194,1.3711,0.2648,16.8004,16.6595,15.4361,0.0012,-1.0000
16.6667,1.0000,321.6360,1.4540,0.2670,16.5385,16.6565,15.3206,0.0015,-1.0000
16.6673,1.0000,321.6528,1.2313,0.2556,16.6639,16.6604,15.3279,0.0015,-1.0000
16.6669,1.0000,321.6694,1.2303,0.2985,16.6698,16.6548,14.9961,0.0016,-1.0000
16.6662,1.0000,321.6861,1.2219,0.3310,16.6689,16.6855,15.2917,0.0012,-1.0000
16.6691,1.0000,321.7028,1.3344,0.2738,16.6648,16.6401,15.4392,0.0013,-1.0000
16.6653,1.0000,321.7195,1.3309,0.3936,16.6705,16.6480,15.1634,0.0015,-1.0000
16.6663,1.0000,321.7361,1.6571,0.2829,16.6640,16.6548,15.2114,0.0010,-1.0000
16.8112,1.0000,321.7533,1.3928,0.2640,16.6940,16.8091,15.4597,0.0015,-1.0000
16.6663,1.0000,321.7697,1.1994,0.3399,16.6500,16.7542,14.8388,0.0013,-1.0000
16.6637,1.0000,321.7862,1.4831,0.2797,16.6578,16.5453,15.2553,0.0012,-1.0000
16.6691,1.0000,321.8029,1.4423,0.2846,16.6636,16.6744,15.5076,0.0009,-1.0000
16.6664,1.0000,321.8196,1.3476,0.3120,16.8192,16.6504,15.0588,0.0014,-1.0000
16.6657,1.0000,321.8362,1.9140,0.2777,16.7642,16.6530,15.1373,0.0014,-1.0000
16.6702,1.0000,321.8531,1.2888,0.2507,16.5523,16.6726,15.4702,0.0011,-1.0000
16.6644,1.0000,321.8695,1.1657,0.3658,16.6848,16.6427,14.6945,0.0013,-1.0000
16.6649,1.0000,321.8862,1.5901,0.3187,16.6599,16.6510,15.3932,0.0010,-1.0000
16.6695,1.0000,321.9028,1.5144,0.2606,16.6609,16.6683,15.4612,0.0012,-1.0000
16.6660,1.0000,321.9195,1.2005,0.3241,16.6835,16.6567,15.3006,0.0013,-1.0000
16.6667,1.0000,321.9362,1.9465,0.2739,16.6538,16.6589,15.4156,0.0012,-1.0000
16.6679,1.0000,321.9533,1.2566,0.2692,16.6580,17.0737,15.3687,0.0012,-1.0000
16.6658,1.0000,321.9695,1.2057,0.3044,16.6764,16.2660,14.9032,0.0014,-1.0000
16.6654,1.0000,321.9862,1.3548,0.2545,16.6656,16.6283,15.3914,0.0011,-1.0000
16.6691,1.0000,322.0028,1.2420,0.3000,16.6676,16.6668,15.4559,0.0011,-1.0000
16.6655,1.0000,322.0195,1.7039,0.3601,17.0825,16.6516,15.3588,0.0010,-1.0000
16.6665,1.0000,322.0362,1.3610,0.2703,16.2755,16.6598,15.5299,0.0010,-1.0000
16.7854,1.0000,322.0533,1.2358,0.2523,16.6361,16.8669,15.4863,0.0012,-1.0000
16.6314,1.0000,322.0696,1.2092,0.2774,16.6773,16.5298,14.9130,0.0010,-1.0000
16.6662,1.0000,322.0863,1.2917,0.2774,16.6611,16.6590,15.4180,0.0011,-1.0000
16.6681,1.0000,322.1028,1.1288,0.3200,16.6681,16.6569,15.4021,0.0010,-1.0000
16.6662,1.0000,322.1196,1.3792,0.3544,16.8776,16.6592,15.3887,0.0010,-1.0000
16.6655,1.0000,322.1363,1.6156,0.2723,16.5391,16.6518,15.4137,0.0012,-1.0000
16.6684,1.0000,322.1530,1.2399,0.2722,16.6677,16.6669,15.4470,0.0011,-1.0000
16.6663,1.0000,322.1696,1.2537,0.3020,16.6652,16.6531,15.1822,0.0013,-1.0000
16.6665,1.0000,322.1863,1.2696,0.2853,16.6683,16.6570,15.4737,0.0011,-1.0000
16.6675,1.0000,322.2029,1.2369,0.2587,16.6603,16.6639,15.3439,0.0011,-1.0000
16.6658,1.0000,322.2196,1.2187,0.3090,16.6761,16.6492,15.1780,0.0011,-1.0000
16.6675,1.0000,322.2363,1.4694,0.2709,16.6621,16.6600,15.4608,0.0017,-1.0000
16.6669,1.0000,322.2530,1.1819,0.2811,16.6658,16.6607,15.0145,0.0013,-1.0000
16.6650,1.0000,322.2696,1.3186,0.3291,16.6739,16.6513,15.4332,0.0012,-1.0000
16.6679,1.0000,322.2864,1.4696,0.2778,16.6579,16.6680,15.4092,0.0010,-1.0000
16.6669,1.0000,322.3028,1.1974,0.3775,16.6682,16.6518,15.0454,0.0011,-1.0000
16.6651,1.0000,322.3196,1.6447,0.2629,16.6690,16.6530,15.5122,0.0012,-1.0000
16.6684,1.0000,322.3363,1.2169,0.2790,16.6601,16.6640,15.3863,0.0013,-1.0000
16.6665,1.0000,322.3529,1.2579,0.3445,16.6779,16.6469,15.2817,0.0012,-1.0000
16.6654,1.0000,322.3696,1.6050,0.3062,16.6621,16.6551,15.3986,0.0010,-1.0000
16.6679,1.0000,322.3863,1.1394,0.2659,16.6615,16.6645,15.3491,0.0013,-1.0000
16.6673,1.0000,322.4029,1.2760,0.2719,16.6824,16.6537,15.3119,0.0011,-1.0000
16.6648,1.0000,322.4196,1.3639,0.2527,16.6559,16.6510,15.3741,0.0010,-1.0000
16.6682,1.0000,322.4363,1.2554,0.2951,16.6635,16.6641,15.4355,0.0010,-1.0000
16.6672,1.0000,322.4529,1.3139,0.2630,16.6740,16.6618,15.3653,0.0010,-1.0000
16.6663,1.0000,322.4696,1.3408,0.2468,16.6635,16.6549,15.4622,0.0011,-1.0000
16.6693,1.0000,322.4865,1.2758,0.2708,16.6593,16.6704,15.3340,0.0013,-1.0000
16.6648,1.0000,322.5029,1.2274,0.2647,16.6716,16.6462,15.0040,0.0013,-1.0000
16.6653,1.0000,322.5196,1.2956,0.2650,16.6697,16.6480,15.3822,0.0009,-1.0000
16.6695,1.0000,322.5364,1.1913,0.2665,16.6630,16.6713,15.4638,0.0013,-1.0000
16.6664,1.0000,322.5529,1.3351,0.3487,16.6816,16.6452,15.0127,0.0016,-1.0000
16.6639,1.0000,322.5696,1.6407,0.2734,16.6590,16.6496,15.4048,0.0011,-1.0000
16.6701,1.0000,322.5863,1.2649,0.2646,16.6576,16.6696,15.3714,0.0012,-1.0000
16.6658,1.0000,322.6028,1.2063,0.3504,16.6823,16.6566,15.3002,0.0011,-1.0000
16.6661,1.0000,322.6196,1.6308,0.2775,16.6559,16.6557,15.4485,0.0010,-1.0000
16.6672,1.0000,322.6363,1.2437,0.2580,16.6572,16.6594,15.3190,0.0010,-1.0000
16.6672,1.0000,322.6530,1.2966,0.2682,16.6778,16.6586,15.2295,0.0010,-1.0000
16.6657,1.0000,322.6696,1.3555,0.3255,16.6667,16.6531,15.2987,0.0013,-1.0000
16.6686,1.0000,322.6864,1.2060,0.3293,16.6639,16.6693,15.4519,0.0012,-1.0000
16.6638,1.0000,322.7028,1.3389,0.3129,16.6681,16.6430,15.0815,0.0010,-1.0000
16.6694,1.0000,322.7196,1.4280,0.2686,16.6668,16.6694,15.5514,0.0011,-1.0000
16.6677,1.0000,322.7365,1.3531,0.2636,16.6613,16.6568,15.4392,0.0010,-1.0000
16.6634,1.0000,322.7529,1.2160,0.3270,16.6790,16.6482,15.0276,0.0011,-1.0000
16.6691,1.0000,322.7696,1.5602,0.2447,16.6518,16.6822,15.4409,0.0010,-1.0000
16.6669,1.0000,322.7863,1.1168,0.2672,16.6792,16.6478,15.4084,0.0010,-1.0000
16.6630,1.0000,322.8028,1.2164,0.2989,16.6663,16.6371,15.2694,0.0010,-1.0000
16.6699,1.0000,322.8198,1.6196,0.2878,16.6557,16.6758,15.6586,0.0011,-1.0000
16.6667,1.0000,322.8363,1.2401,0.2819,16.6896,16.6548,15.0610,0.0014,-1.0000
16.6655,1.0000,322.8529,1.2381,0.2726,16.6594,16.6510,15.4870,0.0011,-1.0000
16.6689,1.0000,322.8697,1.3672,0.2486,16.6466,16.6733,15.5267,0.0011,-1.0000
16.6657,1.0000,322.8863,1.0160,0.2680,16.6826,16.6485,15.2084,0.0012,-1.0000
16.6649,1.0000,322.9028,1.5925,0.2569,16.6637,16.6495,15.3749,0.0011,-1.0000
16.6678,1.0000,322.9196,1.1627,0.2531,16.6583,16.6693,15.5454,0.0011,-1.0000
16.6679,1.0000,322.9363,1.1456,0.5123,16.6841,16.6591,15.2833,0.0011,-1.0000
16.6660,1.0000,322.9529,1.4387,0.2704,16.6573,16.6541,15.4003,0.0011,-1.0000
16.6696,1.0000,322.9697,1.2732,0.2539,16.6574,16.6692,15.3891,0.0010,-1.0000
16.6642,1.0000,322.9863,1.1225,0.2609,16.6776,16.6458,15.1175,0.0013,-1.0000
16.6659,1.0000,323.0028,1.3746,0.3082,16.6675,16.6534,15.3068,0.0011,-1.0000
16.6682,1.0000,323.0196,1.2526,0.3175,16.6623,16.6655,15.6036,0.0010,-1.0000
16.6664,1.0000,323.0363,1.2790,0.3053,16.6802,16.6566,15.2783,0.0012,-1.0000
16.6673,1.0000,323.0529,1.5269,0.2637,16.6555,16.6585,15.4651,0.0011,-1.0000
16.6860,1.0000,323.0698,1.3454,0.2514,16.6616,16.6804,15.4304,0.0010,-1.0000
16.6657,1.0000,323.0863,1.0609,0.3074,16.6733,16.6605,14.9156,0.0015,-1.0000
16.6651,1.0000,323.1029,1.3769,0.2792,16.6647,16.6418,15.2866,0.0011,-1.0000
61.2525,1.0000,323.1647,1.1923,0.2675,16.6677,61.2404,0.0010,0.0010,-1.0000
16.5293,1.0000,323.1808,1.2489,0.3726,16.6913,16.5298,14.4922,0.0010,-1.0000
16.6661,1.0000,323.1974,1.7431,0.2859,16.6735,16.6551,15.3294,0.0011,-1.0000
16.6677,1.0000,323.2141,1.3539,14.7756,16.6509,16.6632,15.4388,0.0011,-1.0000
16.6661,1.0000,323.2307,61.2387,0.3384,61.2473,16.6574,15.1470,0.0012,-1.0000
16.6651,1.0000,323.2475,2.0366,0.2834,16.5357,16.6489,15.4542,0.0012,-1.0000
16.6707,1.0000,323.2641,1.3245,0.2911,16.6633,16.6793,15.3427,0.0012,-1.0000
16.6653,1.0000,323.2808,1.2231,0.2649,16.6720,16.6434,15.0539,0.0009,-1.0000
16.6662,1.0000,323.2974,1.5091,0.2911,16.6667,16.6543,15.3233,0.0012,-1.0000
16.6695,1.0000,323.3143,1.1937,0.3248,16.6567,16.6699,15.3886,0.0011,-1.0000
16.6653,1.0000,323.3308,1.3351,0.6364,16.6918,16.6465,14.9385,0.0015,-1.0000
16.6649,1.0000,323.3475,1.5886,0.2819,16.6532,16.6484,15.2726,0.0012,-1.0000
16.6698,1.0000,323.3641,1.3298,0.2534,16.6632,16.6726,15.3783,0.0011,-1.0000
16.6652,1.0000,323.3808,1.2798,0.2983,16.6811,16.6474,15.1001,0.0013,-1.0000
16.6661,1.0000,323.3974,1.7063,0.2945,16.6576,16.6500,15.3096,0.0011,-1.0000
16.6682,1.0000,323.4142,1.3743,0.2521,16.6572,16.6644,15.3119,0.0011,-1.0000
16.6656,1.0000,323.4308,1.2932,0.3379,16.6833,16.6555,15.2020,0.0012,-1.0000
16.6654,1.0000,323.4474,1.5463,0.2802,16.6598,16.6512,15.3915,0.0012,-1.0000
16.6670,1.0000,323.4640,1.3391,0.2732,16.6590,16.6624,15.4884,0.0011,-1.0000
16.6674,1.0000,323.4807,1.3511,0.4560,16.6740,16.6563,15.3999,0.0011,-1.0000
16.6660,1.0000,323.4974,1.4522,0.2682,16.6656,16.6585,15.4175,0.0012,-1.0000
16.6683,1.0000,323.5142,1.2584,0.2565,16.6592,16.6602,15.3135,0.0012,-1.0000
16.6658,1.0000,323.5308,1.1731,0.2855,16.6718,16.6542,15.1290,0.0013,-1.0000
16.6672,1.0000,323.5474,1.2552,0.2639,16.6659,16.6622,15.3997,0.0010,-1.0000
16.6663,1.0000,323.5641,1.2397,0.2971,16.6671,16.6577,15.3681,0.0012,-1.0000
16.6663,1.0000,323.5808,1.3453,0.3294,16.6697,16.6490,15.2425,0.0011,-1.0000
16.6675,1.0000,323.5974,1.5241,0.2722,16.6629,16.6853,15.2375,0.0012,-1.0000
16.6676,1.0000,323.6142,1.2609,0.2622,16.6728,16.6357,15.3789,0.0011,-1.0000
16.6651,1.0000,323.6307,1.2883,0.2800,16.6692,16.6535,15.2548,0.0013,-1.0000
16.6685,1.0000,323.6474,1.4052,0.3022,16.6577,16.6643,15.3824,0.0011,-1.0000
16.6653,1.0000,323.6641,1.4463,0.2786,16.6928,16.6541,15.2970,0.0011,-1.0000
16.6653,1.0000,323.6807,1.2557,0.3917,16.6447,16.6480,15.0915,0.0011,-1.0000
16.6665,1.0000,323.6975,1.3974,0.2750,16.6618,16.6613,15.4396,0.0011,-1.0000
16.6706,1.0000,323.7141,1.2808,0.2957,16.6744,16.6685,15.1894,0.0009,-1.0000
16.6632,1.0000,323.7307,1.3558,0.3689,16.6651,16.6448,15.3479,0.0015,-1.0000
16.6680,1.0000,323.7476,1.5554,0.2808,16.6566,16.6706,15.4185,0.0012,-1.0000
16.6674,1.0000,323.7640,1.2205,0.2854,16.6685,16.6575,15.0023,0.0012,-1.0000
16.6652,1.0000,323.7807,1.4782,0.2779,16.6773,16.6481,15.4934,0.0009,-1.0000
16.6678,1.0000,323.7974,1.2950,0.2583,16.6535,16.6696,15.5110,0.0013,-1.0000
16.6679,1.0000,323.8141,1.2507,0.3699,16.6775,16.6596,15.2860,0.0009,-1.0000
16.6654,1.0000,323.8308,1.6541,0.2614,16.6655,16.6554,15.3622,0.0011,-1.0000
16.6675,1.0000,323.8475,1.1535,0.2691,16.6556,16.6622,15.2887,0.0012,-1.0000
16.6672,1.0000,323.8640,1.1569,0.3061,16.6768,16.6550,15.1211,0.0011,-1.0000
16.6646,1.0000,323.8807,1.3725,0.3152,16.6676,16.6493,15.4209,0.0012,-1.0000
16.6663,1.0000,323.8974,1.2922,0.3051,16.6644,16.6610,15.4054,0.0013,-1.0000
16.6687,1.0000,323.9141,1.3724,0.3235,16.6717,16.6640,15.3574,0.0012,-1.0000
16.6661,1.0000,323.9308,1.5325,0.3134,16.6642,16.6561,15.3558,0.0012,-1.0000
16.6679,1.0000,323.9475,1.2271,0.2564,16.6576,16.6637,15.3749,0.0011,-1.0000
16.6663,1.0000,323.9640,1.2544,0.2864,16.6684,16.6548,15.0809,0.0013,-1.0000
16.6664,1.0000,323.9808,1.3053,0.2859,16.6721,16.6554,15.3876,0.0011,-1.0000
16.6699,1.0000,323.9976,1.2989,0.2793,16.6650,16.6646,15.3183,0.0012,-1.0000
16.6640,1.0000,324.0141,1.2875,0.3221,16.6737,16.6481,15.1147,0.0013,-1.0000
16.6659,1.0000,324.0308,1.5727,0.2957,16.6651,16.6548,15.3394,0.0012,-1.0000
16.6687,1.0000,324.0475,1.2667,0.2723,16.6655,16.6657,15.3037,0.0010,-1.0000
16.6651,1.0000,324.0640,1.3448,0.2624,16.6753,16.6514,15.3472,0.0012,-1.0000
16.6672,1.0000,324.0808,1.5320,0.2686,16.6572,16.6542,15.4219,0.0010,-1.0000
16.6663,1.0000,324.0974,1.3140,0.3034,16.6641,16.6613,15.2959,0.0011,-1.0000
16.6671,1.0000,324.1141,1.3611,0.3902,16.6745,16.6556,15.3780,0.0010,-1.0000
16.6653,1.0000,324.1307,1.3028,0.2828,16.6626,16.6512,15.3869,0.0015,-1.0000
16.6683,1.0000,324.1475,1.2312,0.2830,16.6629,16.6663,15.4380,0.0011,-1.0000
16.6663,1.0000,324.1640,1.3646,0.2950,16.6709,16.6559,15.1907,0.0012,-1.0000
16.6669,1.0000,324.1808,1.2765,0.2811,16.6644,16.6559,15.4056,0.0011,-1.0000
16.6678,1.0000,324.1974,1.2630,0.2954,16.6594,16.6636,15.1058,0.0011,-1.0000
16.6652,1.0000,324.2141,1.2272,0.2847,16.6756,16.6530,15.2178,0.0010,-1.0000
16.6681,1.0000,324.2309,1.4640,0.2715,16.6649,16.6678,15.3808,0.0015,-1.0000
16.6664,1.0000,324.2475,1.2492,0.3301,16.6641,16.6508,15.0339,0.0013,-1.0000
16.6664,1.0000,324.2640,1.5566,0.2987,16.6724,16.6554,15.0220,0.0011,-1.0000
16.6672,1.0000,324.2808,1.4342,0.3035,16.6610,16.6545,15.3566,0.0012,-1.0000
16.6678,1.0000,324.2984,1.2856,0.3018,16.6785,16.6641,15.2433,0.0011,-1.0000
16.6662,1.0000,324.3142,1.6154,0.2683,16.6619,16.6498,14.1929,0.0019,-1.0000
16.6656,1.0000,324.3308,1.6322,0.3081,16.6657,16.6552,15.0498,0.0016,-1.0000
16.6677,1.0000,324.3475,1.2967,0.2821,16.6645,16.6626,15.2115,0.0012,-1.0000
16.6665,1.0000,324.3640,1.4196,0.3446,16.6765,16.6468,15.0989,0.0010,-1.0000
16.6657,1.0000,324.3807,2.4552,0.3558,16.6604,16.6575,15.2956,0.0011,-1.0000
16.6682,1.0000,324.3975,1.6039,0.3635,16.6646,16.6619,15.3887,0.0011,-1.0000
16.6656,1.0000,324.4142,1.4498,0.5070,16.6744,16.6502,15.1309,0.0010,-1.0000
16.6667,1.0000,324.4308,1.5467,0.2859,16.6575,16.6568,15.2068,0.0011,-1.0000
16.6667,1.0000,324.4475,1.3610,0.2800,16.6680,16.6617,15.2759,0.0016,-1.0000
16.6669,1.0000,324.4640,1.2719,0.3544,16.6727,16.6532,15.1263,0.0014,-1.0000
16.6660,1.0000,324.4807,1.5183,0.3317,16.6604,16.6585,15.4356,0.0014,-1.0000
16.6690,1.0000,324.4976,1.4486,0.2669,16.6655,16.6613,15.3438,0.0010,-1.0000
16.6650,1.0000,324.5141,1.3842,0.3389,16.6705,16.6523,15.0546,0.0011,-1.0000
16.6675,1.0000,324.5308,1.5255,0.3187,16.6626,16.6621,15.3152,0.0014,-1.0000
16.6678,1.0000,324.5475,1.2217,0.2749,16.6680,16.6540,15.3143,0.0011,-1.0000
16.6654,1.0000,324.5640,1.3165,0.3340,16.6705,16.6527,15.3537,0.0011,-1.0000
16.6652,1.0000,324.5808,1.5966,0.2779,16.6619,16.6521,15.4109,0.0009,-1.0000
16.6685,1.0000,324.5975,1.3455,0.2691,16.6732,16.6672,15.3659,0.0011,-1.0000
16.6661,1.0000,324.6141,1.3385,0.2894,16.6656,16.6511,15.1062,0.0012,-1.0000
16.6655,1.0000,324.6307,1.2982,0.2685,16.6623,16.6554,15.3708,0.0012,-1.0000
16.6692,1.0000,324.6476,1.2400,0.2844,16.6604,16.6709,15.4943,0.0009,-1.0000
16.6664,1.0000,324.6640,1.3001,0.3253,16.6777,16.6492,15.0856,0.0013,-1.0000
16.6649,1.0000,324.6808,1.5435,0.2874,16.6591,16.6535,15.3971,0.0015,-1.0000
16.6695,1.0000,324.6974,1.2833,0.2720,16.6624,16.6669,15.4308,0.0011,-1.0000
16.6654,1.0000,324.7141,1.1760,0.3747,16.6810,16.6552,15.2855,0.0009,-1.0000
16.6673,1.0000,324.7308,1.5628,0.2624,16.6592,16.6598,15.3713,0.0014,-1.0000
16.6665,1.0000,324.7476,1.2549,0.2676,16.6616,16.6547,15.3660,0.0014,-1.0000
16.6663,1.0000,324.7640,1.2351,0.2922,16.6741,16.6539,14.9330,0.0014,-1.0000
16.6667,1.0000,324.7809,1.3687,0.3020,16.6654,16.6583,15.4291,0.0011,-1.0000
16.6684,1.0000,324.7976,1.2871,0.2742,16.6705,16.6665,15.1786,0.0013,-1.0000
16.6638,1.0000,324.8141,1.2873,0.3315,16.6647,16.6400,15.2696,0.0010,-1.0000
16.6688,1.0000,324.8310,1.7193,0.2902,16.6636,16.6665,15.3723,0.0012,-1.0000
16.7102,1.0000,324.8480,1.2278,0.3986,16.6669,16.8562,15.1826,0.0012,-1.0000
16.6655,1.0000,324.8640,1.4864,0.2847,16.6779,16.4936,14.7107,0.0015,-1.0000
16.6648,1.0000,324.8809,1.3693,0.2799,16.6505,16.6532,15.4724,0.0012,-1.0000
16.6683,1.0000,324.8974,1.2928,0.3576,16.6774,16.6617,15.2829,0.0014,-1.0000
16.6656,1.0000,324.9141,1.6732,0.2989,16.8686,16.6516,15.4454,0.0011,-1.0000
16.6682,1.0000,324.9309,1.7814,0.2920,16.5031,16.6669,15.4390,0.0011,-1.0000
16.6674,1.0000,324.9474,1.1795,0.3228,16.6623,16.6612,15.2511,0.0012,-1.0000
16.6670,1.0000,324.9641,1.3773,0.2709,16.6704,16.6556,15.4176,0.0010,-1.0000
16.6675,1.0000,324.9809,1.2052,0.2621,16.6595,16.6626,15.4253,0.0013,-1.0000
16.6664,1.0000,324.9975,1.2266,0.3157,16.6752,16.6478,15.1317,0.0012,-1.0000
16.6638,1.0000,325.0141,1.4088,0.2586,16.6699,16.6479,15.1388,0.0011,-1.0000
16.6676,1.0000,325.0309,1.2369,0.3091,16.6657,16.6670,15.5629,0.0011,-1.0000
16.6692,1.0000,325.0478,1.2360,0.2828,16.6730,16.6686,15.2350,0.0014,-1.0000
16.6639,1.0000,325.0641,1.5151,0.2761,16.6588,16.6423,14.8892,0.0012,-1.0000
16.6686,1.0000,325.0809,1.5080,0.2446,16.6545,16.6684,15.5177,0.0012,-1.0000
16.6669,1.0000,325.0975,1.1031,0.3169,16.6749,16.6584,15.0761,0.0011,-1.0000
16.6637,1.0000,325.1141,1.4320,0.3304,16.6786,16.6443,15.4286,0.0012,-1.0000
16.6782,1.0000,325.1308,1.7517,0.2934,16.6507,16.6831,15.4615,0.0012,-1.0000
16.6659,1.0000,325.1475,1.1496,0.4921,16.6765,16.6528,15.3436,0.0011,-1.0000
16.6637,1.0000,325.1640,1.5810,0.2587,16.6680,16.6463,15.3868,0.0010,-1.0000
16.6691,1.0000,325.1809,1.2147,0.2691,16.6517,16.6693,15.6458,0.0011,-1.0000
16.6678,1.0000,325.1975,1.2201,0.3270,16.6918,16.6605,15.1631,0.0012,-1.0000
16.6658,1.0000,325.2141,1.3083,0.2719,16.6619,16.6541,15.3333,0.0012,-1.0000
16.6674,1.0000,325.2308,1.2584,0.2466,16.6533,16.6644,15.3539,0.0011,-1.0000
16.6663,1.0000,325.2475,1.0224,0.3311,16.6773,16.6523,15.3231,0.0012,-1.0000
16.6662,1.0000,325.2640,1.4962,0.2824,16.6695,16.6570,15.3131,0.0014,-1.0000
16.6682,1.0000,325.2808,1.3195,0.2896,16.6628,16.6615,15.4917,0.0012,-1.0000
16.6662,1.0000,325.2975,1.3097,0.2780,16.6745,16.6546,15.2627,0.0009,-1.0000
16.6672,1.0000,325.3142,1.3279,0.2796,16.6614,16.6600,15.3227,0.0010,-1.0000
16.6676,1.0000,325.3310,1.3424,0.2939,16.6653,16.6621,15.3904,0.0013,-1.0000
16.6650,1.0000,325.3475,1.1684,0.3340,16.6715,16.6508,15.0380,0.0014,-1.0000
16.6658,1.0000,325.3641,1.3909,0.2824,16.6641,16.6528,15.3037,0.0012,-1.0000
16.6684,1.0000,325.3808,1.3362,0.2716,16.6679,16.6651,15.5480,0.0010,-1.0000
16.6669,1.0000,325.3975,1.2702,0.3179,16.6724,16.6571,15.1170,0.0011,-1.0000
16.6644,1.0000,325.4142,1.6115,0.2930,16.6605,16.6541,15.4127,0.0012,-1.0000
16.6692,1.0000,325.4308,1.3476,0.2552,16.6605,16.6659,15.2728,0.0011,-1.0000
16.6658,1.0000,325.4475,1.1161,0.4250,16.6727,16.6540,15.2865,0.0010,-1.0000
16.6683,1.0000,325.4642,1.5392,0.2679,16.6664,16.6620,15.3494,0.0011,-1.0000
16.6664,1.0000,325.4809,1.2400,0.3374,16.6622,16.6545,15.2606,0.0011,-1.0000
16.6663,1.0000,325.4976,1.3918,0.3631,16.6746,16.6554,15.2011,0.0016,-1.0000
16.6666,1.0000,325.5142,1.3663,0.2953,16.6627,16.6605,15.2984,0.0012,-1.0000
16.6691,1.0000,325.5310,1.3099,0.2823,16.6723,16.6633,15.3503,0.0011,-1.0000
16.6642,1.0000,325.5475,1.3925,0.3349,16.6648,16.6449,14.8841,0.0013,-1.0000
16.6645,1.0000,325.5640,1.4528,0.2879,16.6641,16.6513,15.3443,0.0011,-1.0000
16.6690,1.0000,325.5809,1.3608,0.2812,16.6694,16.6704,15.5354,0.0010,-1.0000
16.6709,1.0000,325.5975,1.3120,0.3275,16.6753,16.6573,15.1433,0.0013,-1.0000
16.6653,1.0000,325.6142,1.7592,0.2896,16.6549,16.6548,15.3552,0.0010,-1.0000
16.6669,1.0000,325.6309,1.3058,0.2713,16.6585,16.6601,15.3792,0.0009,-1.0000
16.6670,1.0000,325.6475,1.1339,0.2869,16.6802,16.6583,15.2863,0.0011,-1.0000
16.6657,1.0000,325.6641,1.5126,0.2915,16.6670,16.6536,15.3002,0.0013,-1.0000
16.6688,1.0000,325.6809,1.2985,0.2811,16.6626,16.6696,15.3970,0.0010,-1.0000
16.6637,1.0000,325.6983,1.2799,0.3313,16.6689,16.6421,15.0816,0.0015,-1.0000
16.6684,1.0000,325.7142,1.3705,0.2822,16.6665,16.6630,14.3292,0.0012,-1.0000
16.6680,1.0000,325.7309,1.3519,0.2606,16.6628,16.6661,15.1617,0.0012,-1.0000
16.6646,1.0000,325.7476,1.2715,0.3621,16.6804,16.6457,15.2827,0.0011,-1.0000
16.6674,1.0000,325.7641,1.5594,0.5862,16.6514,16.6665,15.2856,0.0012,-1.0000
16.6677,1.0000,325.7808,2.3325,0.3640,16.6702,16.6597,15.4311,0.0013,-1.0000
16.6635,1.0000,325.7975,1.5027,0.3504,16.6756,16.6578,15.4360,0.0009,-1.0000
16.6691,1.0000,325.8143,1.3618,0.3402,16.6541,16.6630,15.4454,0.0009,-1.0000
16.6679,1.0000,325.8308,1.3793,0.4960,16.6741,16.6521,15.0359,0.0013,-1.0000
16.6639,1.0000,325.8475,1.2272,0.3481,16.6685,16.6505,15.3692,0.0011,-1.0000
16.6681,1.0000,325.8642,1.2208,0.3180,16.6655,16.6680,15.4405,0.0012,-1.0000
16.6671,1.0000,325.8809,1.2164,0.4232,16.6719,16.6590,15.1018,0.0011,-1.0000
16.6647,1.0000,325.8975,1.6153,0.3502,16.6603,16.6469,15.3142,0.0012,-1.0000
16.6682,1.0000,325.9143,1.2801,0.3555,16.6591,16.6672,15.5007,0.0012,-1.0000
16.6690,1.0000,325.9309,1.2264,0.7168,16.6751,16.6616,15.1684,0.0011,-1.0000
16.6638,1.0000,325.9475,1.5562,0.2929,16.6679,16.6510,15.2693,0.0013,-1.0000
16.6685,1.0000,325.9641,1.3315,0.2939,16.6544,16.6648,15.4507,0.0011,-1.0000
16.6670,1.0000,325.9814,1.1653,0.2841,16.6754,16.6611,15.3745,0.0011,-1.0000
16.6662,1.0000,325.9976,1.4922,0.3089,16.6698,16.6531,14.6123,0.0013,-1.0000
16.6668,1.0000,326.0142,1.3804,0.3228,16.6597,16.6608,15.2243,0.0012,-1.0000
16.6672,1.0000,326.0309,1.2128,0.3013,16.6721,16.6569,15.2357,0.0011,-1.0000
16.6670,1.0000,326.0476,1.2849,0.3643,16.6698,16.6613,15.3580,0.0010,-1.0000
16.6671,1.0000,326.0641,2.0392,0.5400,16.6613,16.6585,15.1322,0.0012,-1.0000
16.6663,1.0000,326.0809,1.4352,0.4471,16.6697,16.6522,14.6372,0.0013,-1.0000
16.6657,1.0000,326.0975,1.4195,0.3380,16.6651,16.6523,15.2767,0.0011,-1.0000
16.6688,1.0000,326.1143,1.3020,0.3781,16.6714,16.7045,15.2501,0.0011,-1.0000
16.6656,1.0000,326.1309,1.5249,0.4517,16.6698,16.6148,15.0036,0.0011,-1.0000
16.6656,1.0000,326.1476,2.0135,0.3780,16.6623,16.6539,15.1684,0.0013,-1.0000
16.6679,1.0000,326.1642,1.3741,0.3760,16.6607,16.6976,15.2775,0.0012,-1.0000
16.6667,1.0000,326.1809,1.4531,0.4401,16.7139,16.6211,15.4000,0.0011,-1.0000
16.6653,1.0000,326.1975,1.6099,0.3458,16.6250,16.6577,15.3168,0.0013,-1.0000
16.6681,1.0000,326.2142,1.4839,0.3382,16.6622,16.6599,15.2806,0.0013,-1.0000
16.6673,1.0000,326.2309,1.4187,0.3703,16.7057,16.6606,15.2532,0.0011,-1.0000
16.6650,1.0000,326.2476,1.2197,0.3741,16.6303,16.6515,15.2011,0.0010,-1.0000
16.6682,1.0000,326.2641,1.3393,0.3659,16.6659,16.6642,15.2720,0.0011,-1.0000
16.6668,1.0000,326.2809,1.3777,0.4280,16.6682,16.6589,15.2634,0.0014,-1.0000
16.6661,1.0000,326.2975,1.4062,0.3331,16.6691,16.6564,15.2282,0.0013,-1.0000
16.6693,1.0000,326.3144,1.4495,0.3388,16.6599,16.6676,15.2875,0.0014,-1.0000
16.6637,1.0000,326.3309,1.3910,0.3784,16.6715,16.6416,15.0597,0.0013,-1.0000
16.6684,1.0000,326.3476,1.3942,0.3385,16.6680,16.6649,15.3546,0.0012,-1.0000
16.6691,1.0000,326.3643,1.4268,0.3555,16.6654,16.6675,15.2364,0.0011,-1.0000
16.6618,1.0000,326.3808,1.3786,0.3954,16.6784,16.6331,14.9874,0.0013,-1.0000
16.6694,1.0000,326.3977,1.5805,0.3808,16.6511,16.6707,15.3635,0.0010,-1.0000
16.6674,1.0000,326.4142,1.3089,0.4508,16.6734,16.6606,14.9104,0.0013,-1.0000
16.6640,1.0000,326.4308,1.4300,0.3425,16.6797,16.6414,15.2490,0.0012,-1.0000
16.8253,1.0000,326.4478,1.6445,0.3303,16.6428,16.8332,15.4965,0.0012,-1.0000
16.6650,1.0000,326.4643,1.3061,0.4059,16.6802,16.6421,14.9584,0.0014,-1.0000
16.6647,1.0000,326.4810,1.7489,0.3095,16.6718,16.6504,15.4359,0.0011,-1.0000
16.6683,1.0000,326.4977,1.3911,0.3270,16.6500,16.6662,15.3704,0.0012,-1.0000
16.6671,1.0000,326.5144,1.3348,0.4077,16.8452,16.6596,15.2466,0.0015,-1.0000
16.6645,1.0000,326.5309,1.6821,0.3266,16.6519,16.6490,15.1262,0.0011,-1.0000
16.6685,1.0000,326.5477,1.2133,0.3108,16.6581,16.6674,15.4925,0.0010,-1.0000
16.6708,1.0000,326.5644,1.2944,0.3689,16.6733,16.6744,15.2905,0.0014,-1.0000
16.6613,1.0000,326.5810,1.4115,0.3233,16.6683,16.6335,14.9670,0.0016,-1.0000
16.6669,1.0000,326.5977,1.5218,0.2907,16.6569,16.6597,15.3622,0.0010,-1.0000
16.6684,1.0000,326.6143,1.1738,0.3428,16.6741,16.6654,15.3281,0.0012,-1.0000
16.6652,1.0000,326.6310,1.3824,0.3164,16.6862,16.6521,15.2718,0.0011,-1.0000
16.6685,1.0000,326.6477,1.6647,0.2713,16.6419,16.6655,15.3352,0.0013,-1.0000
16.6671,1.0000,326.6643,1.2963,0.2620,16.6666,16.6613,15.1143,0.0014,-1.0000
16.6665,1.0000,326.6810,1.3361,0.2869,16.6739,16.6550,15.4119,0.0011,-1.0000
16.6685,1.0000,326.6978,1.3792,0.3124,16.6603,16.6670,15.2320,0.0011,-1.0000
16.6646,1.0000,326.7143,1.3290,0.3761,16.6734,16.6458,15.1335,0.0013,-1.0000
16.6641,1.0000,326.7309,1.5457,0.3316,16.6703,16.6519,15.4076,0.0012,-1.0000
16.6701,1.0000,326.7477,1.2420,0.3062,16.6630,16.6703,15.5373,0.0009,-1.0000
16.6673,1.0000,326.7643,1.4336,0.3335,16.6775,16.6702,15.2125,0.0012,-1.0000
16.6658,1.0000,326.7810,1.5111,0.3034,16.6550,16.6419,15.3422,0.0014,-1.0000
16.6674,1.0000,326.7977,1.2432,0.2413,16.6586,16.6632,15.2359,0.0012,-1.0000
16.6661,1.0000,326.8144,1.1318,0.2996,16.6782,16.6509,15.1227,0.0011,-1.0000
16.6656,1.0000,326.8311,1.4569,0.3211,16.6800,16.6532,15.2995,0.0013,-1.0000
16.6671,1.0000,326.8477,1.2982,0.2933,16.6507,16.6670,15.2870,0.0011,-1.0000
16.6674,1.0000,326.8642,1.4259,0.3223,16.6731,16.6544,15.1099,0.0011,-1.0000
16.6651,1.0000,326.8810,1.5269,0.2723,16.6600,16.6527,15.4448,0.0011,-1.0000
16.6692,1.0000,326.8977,1.3525,0.2551,16.6611,16.6689,15.4901,0.0012,-1.0000
16.6666,1.0000,326.9144,1.3791,0.3516,16.6758,16.6560,15.3084,0.0011,-1.0000
16.6656,1.0000,326.9310,1.5436,0.2953,16.6628,16.6539,15.3223,0.0012,-1.0000
16.6679,1.0000,326.9478,1.2063,0.2835,16.6601,16.6637,15.3577,0.0013,-1.0000
16.6687,1.0000,326.9644,1.1774,0.3614,16.6773,16.6667,15.0307,0.0011,-1.0000
16.6639,1.0000,326.9810,1.3465,0.3009,16.6649,16.6412,15.1057,0.0012,-1.0000
16.6694,1.0000,326.9979,1.3303,0.2934,16.6623,16.6692,15.3783,0.0011,-1.0000
16.6656,1.0000,327.0144,1.3044,0.4371,16.6721,16.6488,14.9292,0.0012,-1.0000
16.6641,1.0000,327.0309,1.6349,0.2908,16.6791,16.6466,15.1593,0.0013,-1.0000
16.6693,1.0000,327.0477,1.5344,0.2852,16.6502,16.6684,15.3686,0.0012,-1.0000
16.6663,1.0000,327.0642,1.2894,0.2848,16.6797,16.6568,15.1887,0.0011,-1.0000
16.6645,1.0000,327.0811,1.7181,0.2890,16.6616,16.6486,15.4626,0.0011,-1.0000
16.6695,1.0000,327.0977,1.4860,0.2639,16.6541,16.6904,15.1330,0.0012,-1.0000
16.6662,1.0000,327.1150,1.2984,0.3042,16.6757,16.6349,15.1670,0.0014,-1.0000
16.6665,1.0000,327.1310,1.4668,0.2835,16.6658,16.6577,14.4749,0.0012,-1.0000
16.6685,1.0000,327.1477,1.1849,0.3034,16.6577,16.6619,15.3967,0.0011,-1.0000
16.6655,1.0000,327.1643,1.5563,0.3687,16.6987,16.6548,15.2182,0.0009,-1.0000
16.6664,1.0000,327.1812,1.4665,0.4827,16.6451,16.6571,15.2921,0.0015,-1.0000
16.6670,1.0000,327.1977,2.1815,0.3486,16.6662,16.6533,15.0703,0.0012,-1.0000
16.6670,1.0000,327.2144,1.2640,0.4177,16.6722,16.6575,15.2265,0.0010,-1.0000
16.6655,1.0000,327.2311,1.4357,0.3239,16.6636,16.6569,15.3389,0.0011,-1.0000
16.6702,1.0000,327.2481,1.3636,0.3245,16.6683,16.6680,15.1199,0.0011,-1.0000
16.6633,1.0000,327.2642,1.5817,0.3741,16.6630,16.6395,14.6591,0.0011,-1.0000
16.6672,1.0000,327.2815,1.4299,0.3171,16.6665,16.6675,15.3796,0.0009,-1.0000
16.6679,1.0000,327.2979,1.3165,0.3153,16.6651,16.6626,14.7733,0.0011,-1.0000
16.6647,1.0000,327.3143,1.5468,0.4040,16.6786,16.6447,15.1013,0.0013,-1.0000
16.6686,1.0000,327.3311,1.9794,0.3136,16.6491,16.6654,15.4315,0.0014,-1.0000
16.6685,1.0000,327.3477,1.2869,0.5191,16.6750,16.6630,15.0488,0.0012,-1.0000
16.6648,1.0000,327.3642,1.8879,0.3372,16.6731,16.6495,15.2659,0.0012,-1.0000
16.6674,1.0000,327.3812,1.5419,0.3230,16.6526,16.6683,15.3934,0.0014,-1.0000
16.6672,1.0000,327.3977,1.2327,0.4414,16.6732,16.6470,15.1699,0.0011,-1.0000
16.6651,1.0000,327.4144,1.6129,0.3094,16.6731,16.6594,15.3900,0.0011,-1.0000
16.6666,1.0000,327.4312,1.3823,0.3145,16.6582,16.6503,15.2963,0.0009,-1.0000
16.6683,1.0000,327.4477,1.2731,0.3891,16.6802,16.6655,15.1689,0.0011,-1.0000
16.6654,1.0000,327.4643,1.4759,0.3039,16.6566,16.6540,15.3241,0.0014,-1.0000
16.6684,1.0000,327.4811,1.2682,0.3029,16.6697,16.6763,15.3204,0.0014,-1.0000
16.6660,1.0000,327.4978,1.3530,0.3566,16.6587,16.6419,15.2901,0.0013,-1.0000
16.6652,1.0000,327.5143,1.4953,0.2734,16.6735,16.6487,15.1880,0.0010,-1.0000
16.6682,1.0000,327.5310,1.3283,0.2891,16.6632,16.6678,15.4928,0.0011,-1.0000
16.6672,1.0000,327.5476,1.3545,0.2759,16.6855,16.6587,15.2068,0.0013,-1.0000
16.6658,1.0000,327.5642,1.3505,0.2660,16.6513,16.6558,15.4421,0.0011,-1.0000
16.6674,1.0000,327.5811,1.4597,0.2522,16.6565,16.6618,15.5098,0.0013,-1.0000
16.6661,1.0000,327.5977,1.1738,0.2822,16.6753,16.6562,15.1383,0.0013,-1.0000
16.6659,1.0000,327.6143,1.4506,0.2649,16.6679,16.6504,15.3675,0.0012,-1.0000
16.6689,1.0000,327.6311,1.2126,0.2607,16.6646,16.6680,15.4865,0.0012,-1.0000
16.6656,1.0000,327.6476,1.1507,0.3488,16.6708,16.6538,15.0795,0.0012,-1.0000
16.6665,1.0000,327.6642,1.5166,0.2652,16.6654,16.6561,15.4111,0.0011,-1.0000
16.6676,1.0000,327.6810,1.2820,0.2486,16.6591,16.6617,15.4526,0.0013,-1.0000
16.6668,1.0000,327.6976,1.1803,0.3458,16.6774,16.6529,15.1312,0.0014,-1.0000
16.6656,1.0000,327.7143,1.5730,0.2764,16.6632,16.6521,15.3329,0.0010,-1.0000
16.6676,1.0000,327.7310,1.2438,0.2653,16.6647,16.6628,15.4640,0.0012,-1.0000
16.6665,1.0000,327.7477,1.2077,0.3140,16.6724,16.6576,15.4564,0.0011,-1.0000
16.6661,1.0000,327.7642,1.5204,0.2541,16.6638,16.6552,15.3788,0.0011,-1.0000
16.6678,1.0000,327.7810,1.3181,0.2514,16.6609,16.6634,15.5522,0.0009,-1.0000
16.6672,1.0000,327.7977,1.1973,0.2743,16.6709,16.6589,15.1705,0.0012,-1.0000
16.6654,1.0000,327.8143,1.1999,0.2783,16.6657,16.6563,15.2770,0.0011,-1.0000
16.6668,1.0000,327.8310,1.2750,0.2823,16.6633,16.6590,15.3709,0.0015,-1.0000
16.6677,1.0000,327.8477,1.1101,0.3382,16.6715,16.6575,15.2209,0.0012,-1.0000
16.6667,1.0000,327.8643,1.4870,0.2988,16.6676,16.6621,15.3659,0.0011,-1.0000
16.6665,1.0000,327.8810,1.3783,0.2703,16.6657,16.6531,15.3483,0.0011,-1.0000
16.6654,1.0000,327.8976,1.2861,0.2959,16.6673,16.6492,15.2116,0.0010,-1.0000
16.6675,1.0000,327.9144,1.4353,0.2786,16.6663,16.6630,15.4550,0.0011,-1.0000
16.6672,1.0000,327.9310,1.2947,0.2858,16.6734,16.6595,15.3377,0.0011,-1.0000
16.6658,1.0000,327.9476,1.3036,0.3016,16.6642,16.6496,15.1460,0.0011,-1.0000
16.6661,1.0000,327.9642,1.4364,0.2561,16.6584,16.6576,15.4579,0.0012,-1.0000
16.6774,1.0000,327.9810,1.2068,0.2748,16.6720,16.6772,15.4647,0.0011,-1.0000
16.6644,1.0000,327.9977,1.3205,0.3746,16.6700,16.6473,15.2345,0.0011,-1.0000
16.6683,1.0000,328.0144,1.5023,0.2690,16.6595,16.6624,15.3170,0.0012,-1.0000
16.6658,1.0000,328.0310,1.1982,0.2778,16.6643,16.6547,15.2722,0.0015,-1.0000
16.6663,1.0000,328.0476,1.2111,0.3937,16.6868,16.6537,15.2550,0.0013,-1.0000
16.6647,1.0000,328.0642,1.4118,0.2907,16.6589,16.6540,15.4584,0.0010,-1.0000
16.6704,1.0000,328.0811,1.3438,0.3520,16.6715,16.6750,15.5748,0.0014,-1.0000
16.6637,1.0000,328.0976,1.3809,0.3280,16.6638,16.6398,15.1383,0.0011,-1.0000
16.6671,1.0000,328.1145,1.3975,0.2837,16.6619,16.6651,15.5662,0.0010,-1.0000
16.6688,1.0000,328.1310,1.1946,0.2674,16.6613,16.6680,14.9815,0.0013,-1.0000
16.6647,1.0000,328.1476,1.0985,0.3594,16.6851,16.6451,15.3260,0.0012,-1.0000
16.6677,1.0000,328.1643,1.4999,0.2578,16.6475,16.6678,15.5028,0.0012,-1.0000
16.6675,1.0000,328.1810,1.0976,0.4700,16.6716,16.6590,15.1371,0.0011,-1.0000
16.6656,1.0000,328.1977,1.6849,0.2896,16.6767,16.6513,15.3280,0.0013,-1.0000
16.6685,1.0000,328.2144,1.3178,0.3296,16.6540,16.6631,15.4020,0.0013,-1.0000
16.6660,1.0000,328.2310,1.1637,0.3524,16.6775,16.6550,15.0850,0.0013,-1.0000
16.6669,1.0000,328.2477,1.5205,0.3317,16.6676,16.6575,15.2043,0.0013,-1.0000
16.6661,1.0000,328.2643,1.3222,0.3162,16.6604,16.6580,15.3162,0.0012,-1.0000
16.6678,1.0000,328.2810,1.2599,0.5389,16.6719,16.6628,15.4391,0.0013,-1.0000
16.6648,1.0000,328.2977,1.5685,0.3540,16.6642,16.6471,15.3811,0.0011,-1.0000
16.6681,1.0000,328.3144,1.4519,0.3214,16.6658,16.6644,15.2041,0.0014,-1.0000
16.6676,1.0000,328.3310,1.3404,0.3141,16.6660,16.6603,15.2403,0.0012,-1.0000
16.6649,1.0000,328.3477,1.2223,0.3142,16.6727,16.6546,15.3376,0.0013,-1.0000
16.6678,1.0000,328.3642,1.2647,0.3265,16.6558,16.6622,15.2190,0.0012,-1.0000
16.6662,1.0000,328.3810,1.4588,0.3503,16.6722,16.6585,15.4314,0.0015,-1.0000
16.6656,1.0000,328.3976,1.4184,0.2810,16.6678,16.6500,15.4409,0.0014,-1.0000
16.6710,1.0000,328.4145,1.3157,0.3298,16.6633,16.6820,15.5293,0.0010,-1.0000
16.6638,1.0000,328.4310,1.4419,0.3050,16.6708,16.6371,14.9706,0.0014,-1.0000
16.6657,1.0000,328.4476,1.2255,0.2720,16.6672,16.6550,15.3132,0.0010,-1.0000
16.6693,1.0000,328.4643,1.2073,0.2665,16.6576,16.6667,15.4907,0.0011,-1.0000
16.6657,1.0000,328.4810,1.1514,0.3463,16.6929,16.6516,15.3735,0.0011,-1.0000
16.6663,1.0000,328.4977,1.6649,0.2896,16.6479,16.6520,15.4428,0.0013,-1.0000
16.6670,1.0000,328.5143,1.3404,0.2678,16.6631,16.6634,15.4461,0.0012,-1.0000
16.6665,1.0000,328.5310,1.1746,0.2725,16.6769,16.6574,15.3435,0.0014,-1.0000
16.6661,1.0000,328.5477,1.2767,0.2848,16.6625,16.6546,15.2927,0.0015,-1.0000
16.6683,1.0000,328.5643,1.2074,0.2693,16.6606,16.6646,15.2244,0.0012,-1.0000
16.6662,1.0000,328.5810,1.2161,0.2620,16.6716,16.6525,15.1882,0.0011,-1.0000
16.6658,1.0000,328.5976,1.3124,0.2767,16.6671,16.6567,15.3604,0.0012,-1.0000
16.6675,1.0000,328.6143,1.3601,0.2842,16.6629,16.6645,15.4596,0.0012,-1.0000
16.6648,1.0000,328.6309,1.4387,0.6112,16.6744,16.6447,15.3051,0.0014,-1.0000
16.6685,1.0000,328.6477,1.4631,0.2960,16.6613,16.6674,15.5332,0.0010,-1.0000
16.6679,1.0000,328.6643,1.2949,0.2666,16.6650,16.6618,15.0344,0.0012,-1.0000
16.6637,1.0000,328.6810,1.2036,0.2603,16.6742,16.6470,15.4015,0.0010,-1.0000
16.6690,1.0000,328.6978,1.3381,0.2628,16.6523,16.6683,15.3982,0.0013,-1.0000
16.6673,1.0000,328.7143,1.1332,0.3432,16.6748,16.6568,14.8106,0.0014,-1.0000
16.6643,1.0000,328.7316,1.6261,0.2686,16.6726,16.6474,15.4460,0.0012,-1.0000
16.6672,1.0000,328.7477,1.2447,0.2729,16.6550,16.6655,14.8021,0.0012,-1.0000
16.6680,1.0000,328.7642,1.2687,0.3205,16.6768,16.6626,15.1490,0.0014,-1.0000
16.6669,1.0000,328.7809,1.8454,0.2927,16.6658,16.6573,15.5187,0.0011,-1.0000
16.6668,1.0000,328.7977,1.2001,0.3875,16.6560,16.6604,15.4533,0.0013,-1.0000
16.6675,1.0000,328.8143,1.8621,0.3462,16.6723,16.6587,15.2720,0.0010,-1.0000
16.6650,1.0000,328.8310,1.5121,0.3377,16.6701,16.6515,15.4272,0.0012,-1.0000
16.6677,1.0000,328.8477,1.1373,0.3180,16.6655,16.6634,15.3835,0.0010,-1.0000
16.6676,1.0000,328.8642,1.2059,0.4016,16.6695,16.6609,15.2995,0.0011,-1.0000
16.6648,1.0000,328.8810,1.3857,0.3166,16.6682,16.6520,15.4579,0.0012,-1.0000
16.6684,1.0000,328.8977,1.2232,0.3009,16.6597,16.6660,15.3722,0.0008,-1.0000
16.6670,1.0000,328.9144,1.2790,0.3150,16.6711,16.6590,15.0277,0.0013,-1.0000
16.6650,1.0000,328.9310,1.3601,0.3137,16.6688,16.6489,15.2357,0.0011,-1.0000
16.6687,1.0000,328.9478,1.1930,0.3357,16.6607,16.6673,15.4398,0.0012,-1.0000
16.6659,1.0000,328.9643,1.2928,0.3919,16.6745,16.6538,15.0971,0.0015,-1.0000
16.6660,1.0000,328.9810,1.6300,0.3349,16.6695,16.6530,15.4264,0.0011,-1.0000
16.6685,1.0000,328.9977,1.4121,0.2605,16.6575,16.6667,15.3632,0.0011,-1.0000
16.6653,1.0000,329.0144,1.2262,0.3382,16.6757,16.6796,15.1249,0.0013,-1.0000
16.6667,1.0000,329.0310,1.5551,0.2816,16.6632,16.6271,15.2718,0.0012,-1.0000
16.6678,1.0000,329.0477,1.2257,0.3043,16.6615,16.6599,15.3585,0.0012,-1.0000
16.6656,1.0000,329.0642,1.3023,0.2948,16.6774,16.6552,15.3475,0.0012,-1.0000
16.6655,1.0000,329.0810,1.5536,0.2980,16.6899,16.6529,15.5140,0.0013,-1.0000
16.6685,1.0000,329.0977,1.3539,0.2566,16.6355,16.6668,15.4572,0.0015,-1.0000
16.6663,1.0000,329.1143,1.3003,0.2762,16.6685,16.6560,15.2564,0.0014,-1.0000
16.6656,1.0000,329.1310,1.3064,0.2857,16.6641,16.6536,15.3336,0.0014,-1.0000
16.6686,1.0000,329.1477,1.1376,0.2651,16.6604,16.6674,15.3895,0.0011,-1.0000
16.6654,1.0000,329.1642,1.2081,0.4052,16.6752,16.6523,15.1922,0.0012,-1.0000
16.6665,1.0000,329.1810,1.3981,0.3183,16.6642,16.6566,15.4771,0.0008,-1.0000
16.6690,1.0000,329.1977,1.3189,0.2935,16.6611,16.6719,15.4774,0.0010,-1.0000
16.6654,1.0000,329.2143,1.2769,0.3507,16.6756,16.6501,15.1871,0.0008,-1.0000
16.6670,1.0000,329.2311,1.4587,0.2719,16.6605,16.6615,15.3876,0.0014,-1.0000
16.6676,1.0000,329.2478,1.1787,0.2785,16.6639,16.6620,15.1680,0.0012,-1.0000
16.6661,1.0000,329.2642,1.1933,0.3571,16.6806,16.6491,15.1290,0.0011,-1.0000
16.6656,1.0000,329.2810,1.4620,0.3092,16.6577,16.6559,15.4761,0.0012,-1.0000
16.6680,1.0000,329.2976,1.2728,0.2707,16.6702,16.6620,15.2375,0.0012,-1.0000
16.6639,1.0000,329.3143,1.4928,0.3258,16.6729,16.6499,15.4734,0.0011,-1.0000
16.6668,1.0000,329.3310,1.5191,0.2821,16.6590,16.6595,15.2719,0.0015,-1.0000
16.6703,1.0000,329.3477,1.1787,0.3783,16.6648,16.6709,15.4421,0.0013,-1.0000
16.6653,1.0000,329.3645,1.4234,0.2743,16.6704,16.6526,15.2536,0.0013,-1.0000
16.6662,1.0000,329.3810,1.1755,0.2637,16.6576,16.6560,15.0897,0.0011,-1.0000
16.6680,1.0000,329.3977,1.3863,0.2617,16.6658,16.6631,15.4475,0.0007,-1.0000
16.6659,1.0000,329.4143,1.2274,0.2828,16.6799,16.6528,15.2561,0.0011,-1.0000
16.6646,1.0000,329.4310,1.3977,0.4083,16.6619,16.6556,15.3035,0.0011,-1.0000
16.7594,1.0000,329.4480,1.5651,0.3303,16.6647,16.7605,15.4247,0.0008,-1.0000
16.5891,1.0000,329.4642,1.2144,0.4058,16.6723,16.5438,14.7852,0.0015,-1.0000
16.6685,1.0000,329.4811,1.3954,0.3118,16.6618,16.6640,15.5028,0.0009,-1.0000
16.6667,1.0000,329.4977,1.3508,0.3591,16.6625,16.6571,15.0798,0.0012,-1.0000
16.6634,1.0000,329.5143,1.3346,0.4041,16.7700,16.6436,15.3461,0.0011,-1.0000
16.6673,1.0000,329.5310,1.7569,0.2901,16.5795,16.6647,15.4058,0.0014,-1.0000
16.6691,1.0000,329.5476,1.1608,0.3375,16.6744,16.6682,15.2538,0.0010,-1.0000
16.6650,1.0000,329.5642,1.5758,0.3298,16.6673,16.6484,15.4460,0.0008,-1.0000
16.6694,1.0000,329.5812,1.2965,0.3123,16.6514,16.6707,15.5775,0.0012,-1.0000
16.6664,1.0000,329.5977,1.2573,0.3735,16.6714,16.6535,14.9460,0.0012,-1.0000
16.6639,1.0000,329.6143,1.4130,0.2602,16.6753,16.6497,15.4314,0.0011,-1.0000
16.6680,1.0000,329.6311,1.2012,0.2909,16.6564,16.6690,15.4969,0.0009,-1.0000
16.6676,1.0000,329.6476,1.0921,0.4983,16.6803,16.6512,15.3251,0.0013,-1.0000
16.6661,1.0000,329.6642,1.7061,0.2697,16.6624,16.6568,15.3327,0.0013,-1.0000
16.6726,1.0000,329.6812,1.2170,0.2715,16.6583,16.6645,15.4069,0.0014,-1.0000
16.6673,1.0000,329.6977,1.1711,0.3026,16.6797,16.6602,15.1606,0.0012,-1.0000
16.6660,1.0000,329.7143,1.3247,0.3460,16.6603,16.6557,15.2785,0.0010,-1.0000
16.6676,1.0000,329.7311,1.3229,0.2783,16.6657,16.6622,15.4503,0.0012,-1.0000
16.6662,1.0000,329.7477,1.2561,0.3024,16.6722,16.6569,15.2735,0.0011,-1.0000
16.6665,1.0000,329.7642,1.4984,0.3039,16.6692,16.6555,15.3327,0.0011,-1.0000
16.6680,1.0000,329.7811,1.3760,0.2894,16.6644,16.6647,15.5606,0.0013,-1.0000
16.6658,1.0000,329.7977,1.2106,0.3134,16.6700,16.6541,15.2123,0.0009,-1.0000
16.6668,1.0000,329.8144,1.3822,0.2696,16.6658,16.6546,15.2976,0.0014,-1.0000
16.6688,1.0000,329.8311,1.3216,0.2708,16.6632,16.6664,15.2506,0.0011,-1.0000
16.6653,1.0000,329.8477,1.1026,0.3393,16.6755,16.6482,15.0824,0.0013,-1.0000
16.6646,1.0000,329.8642,1.4407,0.3504,16.6636,16.6498,15.3563,0.0012,-1.0000
16.6699,1.0000,329.8811,1.3554,0.3048,16.6637,16.6679,15.5164,0.0011,-1.0000
16.6655,1.0000,329.8976,1.4145,0.2851,16.6777,16.6515,15.2176,0.0010,-1.0000
16.6662,1.0000,329.9144,1.5643,0.2826,16.6590,16.6601,15.4580,0.0011,-1.0000
16.6678,1.0000,329.9311,1.2923,0.2987,16.6581,16.6603,15.3644,0.0013,-1.0000
16.6662,1.0000,329.9477,1.1501,0.3492,16.6770,16.6523,15.3149,0.0011,-1.0000
16.6895,1.0000,329.9642,1.4327,0.2653,16.6611,16.6780,15.4439,0.0011,-1.0000
16.6692,1.0000,329.9811,1.2008,0.2987,16.6689,16.6727,15.5802,0.0010,-1.0000
16.6646,1.0000,329.9977,1.2947,0.3285,16.6706,16.6412,15.2081,0.0012,-1.0000
16.6670,1.0000,330.0143,1.3361,0.2888,16.6613,16.6628,15.4099,0.0013,-1.0000
16.6687,1.0000,330.0311,1.2327,0.2746,16.6856,16.6653,15.4198,0.0010,-1.0000
16.6643,1.0000,330.0477,1.0913,0.3478,16.6840,16.6428,15.2007,0.0012,-1.0000
16.6674,1.0000,330.0642,1.4317,0.2695,16.6516,16.6608,15.3601,0.0011,-1.0000
16.6662,1.0000,330.0810,1.2516,0.2893,16.6708,16.6594,15.2954,0.0010,-1.0000
16.6661,1.0000,330.0977,1.2443,0.3010,16.6766,16.6553,15.4177,0.0011,-1.0000
16.6693,1.0000,330.1144,1.4402,0.2801,16.6517,16.6720,15.5291,0.0014,-1.0000
16.6667,1.0000,330.1310,1.2993,0.3813,16.6692,16.6489,15.2548,0.0011,-1.0000
16.6643,1.0000,330.1481,1.3632,0.2716,16.6674,16.6507,15.4234,0.0013,-1.0000
16.6688,1.0000,330.1643,1.2364,0.2772,16.6624,16.6661,14.8627,0.0016,-1.0000
16.6663,1.0000,330.1810,1.1416,0.3500,16.6827,16.6545,15.3127,0.0013,-1.0000
16.6649,1.0000,330.1976,1.3927,0.2863,16.6587,16.6527,15.4340,0.0012,-1.0000
16.6675,1.0000,330.2145,1.2261,0.4236,16.6605,16.6653,15.5147,0.0013,-1.0000
16.6677,1.0000,330.2310,1.8017,0.3410,16.6744,16.6571,15.1689,0.0011,-1.0000
16.6659,1.0000,330.2477,1.3403,0.3294,16.6632,16.6539,15.3884,0.0011,-1.0000
16.6689,1.0000,330.2643,1.2175,0.3142,16.6623,16.6672,15.3554,0.0013,-1.0000
16.6661,1.0000,330.2810,1.1492,0.3454,16.6731,16.6543,15.4018,0.0011,-1.0000
16.6650,1.0000,330.2981,1.4870,0.3391,16.6653,16.6514,15.4109,0.0009,-1.0000
16.6669,1.0000,330.3144,1.2644,0.3006,16.6632,16.6623,14.9831,0.0014,-1.0000
16.6679,1.0000,330.3311,1.3103,0.3526,16.6757,16.6632,15.3918,0.0009,-1.0000
16.6659,1.0000,330.3477,1.2515,0.3070,16.6632,16.6559,15.2604,0.0014,-1.0000
16.6683,1.0000,330.3643,1.2394,0.3053,16.6598,16.6640,15.2709,0.0012,-1.0000
16.6659,1.0000,330.3810,1.6777,0.3487,16.6697,16.6500,15.2410,0.0009,-1.0000
16.6659,1.0000,330.3976,1.2705,0.3333,16.6709,16.6535,15.3811,0.0011,-1.0000
16.8421,1.0000,330.4148,1.3940,0.3550,16.6656,16.9101,15.4112,0.0009,-1.0000
16.5182,1.0000,330.4312,1.3917,0.3737,16.6739,16.4595,14.6112,0.0013,-1.0000
16.6607,1.0000,330.4477,1.4081,0.3362,16.6601,16.6193,15.1920,0.0011,-1.0000
16.6688,1.0000,330.4643,1.2712,0.3675,16.6614,16.6636,15.4434,0.0013,-1.0000
16.6664,1.0000,330.4810,1.4973,0.4416,16.9207,16.6585,15.1311,0.0014,-1.0000
16.6670,1.0000,330.4977,1.8470,0.3467,16.4717,16.6537,15.4072,0.0012,-1.0000
16.6679,1.0000,330.5145,1.4263,0.3092,16.6306,16.6689,15.3773,0.0018,-1.0000
16.6662,1.0000,330.5311,1.2188,0.3402,16.6714,16.6461,15.1571,0.0014,-1.0000
16.6661,1.0000,330.5477,1.5256,0.2892,16.6675,16.6546,15.3946,0.0011,-1.0000
16.6680,1.0000,330.5643,1.2450,0.2682,16.6623,16.6644,15.4558,0.0010,-1.0000
16.6656,1.0000,330.5811,1.2898,0.3061,16.6808,16.6513,15.3269,0.0010,-1.0000
16.6651,1.0000,330.5977,1.4874,0.2785,16.6569,16.6498,15.2843,0.0012,-1.0000
16.6698,1.0000,330.6144,1.2586,0.2669,16.6641,16.6719,15.4887,0.0010,-1.0000
16.6659,1.0000,330.6310,1.2074,0.3094,16.6746,16.6481,15.2740,0.0011,-1.0000
16.6653,1.0000,330.6477,1.3232,0.2744,16.6621,16.6563,15.4159,0.0011,-1.0000
16.6691,1.0000,330.6643,1.3644,0.2880,16.6582,16.6627,15.4865,0.0010,-1.0000
16.6653,1.0000,330.6810,1.1818,0.3025,16.6819,16.6522,15.4092,0.0010,-1.0000
16.6673,1.0000,330.6978,1.3727,0.2690,16.6577,16.6625,15.4020,0.0011,-1.0000
16.6662,1.0000,330.7144,1.2389,0.2628,16.6646,16.6562,15.2595,0.0013,-1.0000
16.6667,1.0000,330.7310,1.1748,0.3112,16.6727,16.6560,15.2446,0.0010,-1.0000
16.6658,1.0000,330.7478,1.2419,0.2718,16.6619,16.6566,15.4889,0.0011,-1.0000
16.6695,1.0000,330.7643,1.2592,0.2711,16.6703,16.6677,15.3967,0.0011,-1.0000
16.6637,1.0000,330.7810,1.3952,0.3208,16.6646,16.6470,15.4660,0.0010,-1.0000
16.6683,1.0000,330.7978,1.4100,0.2742,16.6645,16.6648,15.4267,0.0010,-1.0000
16.6671,1.0000,330.8144,1.1665,0.2479,16.6645,16.6557,15.1316,0.0011,-1.0000
16.6657,1.0000,330.8311,1.2695,0.2480,16.6772,16.6550,15.4620,0.0011,-1.0000
16.6664,1.0000,330.8477,1.1795,0.3005,16.6555,16.6595,15.4091,0.0012,-1.0000
16.6673,1.0000,330.8643,1.2368,0.2807,16.6742,16.6576,15.3501,0.0017,-1.0000
16.6652,1.0000,330.8810,1.5227,0.2674,16.6655,16.6520,15.5359,0.0011,-1.0000
16.6690,1.0000,330.8978,1.1917,0.2689,16.6633,16.6689,15.5573,0.0012,-1.0000
16.6667,1.0000,330.9144,1.2490,0.3092,16.6683,16.6550,15.3036,0.0013,-1.0000
16.6658,1.0000,330.9315,1.3056,0.2815,16.6660,16.6539,15.3655,0.0011,-1.0000
16.6689,1.0000,330.9478,1.1150,0.2384,16.6601,16.6709,14.9117,0.0011,-1.0000
16.6650,1.0000,330.9643,1.1102,0.3031,16.6782,16.6434,15.1634,0.0012,-1.0000
16.6656,1.0000,330.9811,1.3501,0.2847,16.6637,16.6539,15.4426,0.0011,-1.0000
16.6692,1.0000,330.9978,1.2873,0.3925,16.6640,16.6646,15.4053,0.0009,-1.0000
16.6665,1.0000,331.0144,1.7580,0.3700,16.6817,16.6580,15.1784,0.0011,-1.0000
16.6665,1.0000,331.0311,1.4785,0.3485,16.6542,16.6561,15.2726,0.0012,-1.0000
16.6686,1.0000,331.0478,1.2101,0.3159,16.6619,16.6677,15.1815,0.0015,-1.0000
16.6653,1.0000,331.0643,1.2580,0.3406,16.6733,16.6418,15.0976,0.0012,-1.0000
16.6652,1.0000,331.0811,1.4783,0.3270,16.6674,16.6541,15.3613,0.0014,-1.0000
16.6687,1.0000,331.0978,1.3822,0.3207,16.6671,16.6631,15.3648,0.0012,-1.0000
16.6653,1.0000,331.1144,1.4851,0.3704,16.6799,16.6556,15.2399,0.0014,-1.0000
16.6667,1.0000,331.1310,1.5426,0.3195,16.6510,16.6595,15.3529,0.0011,-1.0000
16.6680,1.0000,331.1483,1.2916,0.3057,16.6620,16.6616,15.3805,0.0012,-1.0000
16.6646,1.0000,331.1643,1.2968,0.3210,16.6720,16.6512,14.6144,0.0015,-1.0000
16.6677,1.0000,331.1811,1.4142,0.3185,16.6640,16.6635,15.3781,0.0013,-1.0000
16.6681,1.0000,331.1979,1.3055,0.3738,16.6691,16.6618,15.3877,0.0010,-1.0000
16.6670,1.0000,331.2144,1.2797,0.3701,16.6703,16.6532,15.0583,0.0015,-1.0000
16.6652,1.0000,331.2311,2.0357,0.3282,16.6599,16.6568,15.3233,0.0012,-1.0000
16.6677,1.0000,331.2479,1.2838,0.3136,16.6709,16.6653,15.2928,0.0012,-1.0000
16.6646,1.0000,331.2643,1.2731,0.3027,16.6725,16.6400,15.0643,0.0010,-1.0000
16.6690,1.0000,331.2811,1.5933,0.3639,16.6624,16.6699,15.5121,0.0011,-1.0000
16.6685,1.0000,331.2979,1.3324,0.3203,16.6654,16.6588,15.2885,0.0012,-1.0000
16.6620,1.0000,331.3144,1.3713,0.3236,16.6773,16.6397,15.0968,0.0015,-1.0000
16.6678,1.0000,331.3311,1.5743,0.3136,16.6485,16.6633,15.4528,0.0009,-1.0000
16.6688,1.0000,331.3477,1.1567,0.3502,16.6783,16.6668,15.0082,0.0010,-1.0000
16.6639,1.0000,331.3643,1.3688,0.3684,16.6706,16.6487,15.4453,0.0010,-1.0000
16.6683,1.0000,331.3813,1.5410,0.2873,16.6485,16.6654,15.5260,0.0012,-1.0000
16.6671,1.0000,331.3977,1.2093,0.4228,16.6705,16.6547,14.9695,0.0017,-1.0000
16.6643,1.0000,331.4144,1.6579,0.3536,16.6767,16.6457,15.4364,0.0011,-1.0000
16.6684,1.0000,331.4311,1.2024,0.3082,16.6584,16.6708,15.4885,0.0014,-1.0000
16.6678,1.0000,331.4477,1.1380,0.3628,16.6748,16.6586,15.2660,0.0012,-1.0000
16.6662,1.0000,331.4643,1.6837,0.2889,16.6647,16.6545,15.3093,0.0014,-1.0000
16.6665,1.0000,331.4810,1.2079,0.2844,16.6533,16.6595,15.5092,0.0014,-1.0000
16.6677,1.0000,331.4977,1.1808,0.3435,16.6799,16.6609,15.2566,0.0015,-1.0000
16.6653,1.0000,331.5144,1.3914,0.3620,16.6671,16.6513,15.3597,0.0012,-1.0000
16.6672,1.0000,331.5311,1.3436,0.3214,16.6625,16.6652,15.4892,0.0009,-1.0000
16.6676,1.0000,331.5477,1.1487,0.3251,16.6678,16.6576,15.2678,0.0011,-1.0000
16.6661,1.0000,331.5643,1.4027,0.2706,16.6695,16.6537,15.3757,0.0012,-1.0000
16.6678,1.0000,331.5812,1.2902,0.2560,16.6594,16.6650,15.5010,0.0010,-1.0000
16.6670,1.0000,331.5977,1.1748,0.2792,16.6740,16.6542,14.9291,0.0013,-1.0000
16.6661,1.0000,331.6144,1.3886,0.2721,16.6666,16.6574,15.4019,0.0009,-1.0000
16.6678,1.0000,331.6311,1.2767,0.2797,16.6624,16.6589,15.4001,0.0013,-1.0000
16.6661,1.0000,331.6477,1.1625,0.3371,16.6748,16.6541,15.2018,0.0010,-1.0000
16.6672,1.0000,331.6644,1.7236,0.2982,16.6648,16.6577,15.4174,0.0010,-1.0000
16.6670,1.0000,331.6812,1.2545,0.2794,16.6664,16.6633,15.1891,0.0011,-1.0000
16.6664,1.0000,331.6978,1.2573,0.3652,16.6693,16.6508,15.0484,0.0011,-1.0000
16.6648,1.0000,331.7144,1.4511,0.2956,16.6632,16.6498,15.3404,0.0012,-1.0000
16.6692,1.0000,331.7311,1.2391,0.2706,16.6676,16.6700,15.4002,0.0011,-1.0000
16.6664,1.0000,331.7478,1.4730,0.3468,16.6745,16.6512,15.1924,0.0013,-1.0000
16.6639,1.0000,331.7643,1.6012,0.2779,16.6614,16.6427,15.2328,0.0010,-1.0000
16.6723,1.0000,331.7812,1.3080,0.2843,16.6588,16.6761,15.5423,0.0009,-1.0000
16.6634,1.0000,331.7977,1.2686,0.2953,16.6801,16.6451,15.1716,0.0020,-1.0000
16.6664,1.0000,331.8144,1.4575,0.2843,16.6636,16.6566,15.4644,0.0012,-1.0000
16.6683,1.0000,331.8311,1.4089,0.2659,16.6516,16.6670,15.4520,0.0013,-1.0000
16.6666,1.0000,331.8477,1.1328,0.3110,16.6859,16.6506,15.2343,0.0013,-1.0000
16.6650,1.0000,331.8643,1.4714,0.2930,16.6545,16.6528,15.4159,0.0016,-1.0000
16.6684,1.0000,331.8811,1.1909,0.2651,16.6647,16.6668,15.5785,0.0011,-1.0000
16.6649,1.0000,331.8979,1.2136,0.3227,16.6779,16.6506,15.0625,0.0010,-1.0000
16.6677,1.0000,331.9144,1.4148,0.2804,16.6608,16.6597,15.1610,0.0011,-1.0000
16.6679,1.0000,331.9312,1.2349,0.2454,16.6612,16.6671,15.2613,0.0013,-1.0000
16.6651,1.0000,331.9477,1.0872,0.3771,16.6763,16.6455,15.0590,0.0015,-1.0000
16.6672,1.0000,331.9643,1.5869,0.4127,16.6587,16.6633,15.4419,0.0011,-1.0000
16.6694,1.0000,331.9812,1.4973,0.3777,16.6676,16.6639,15.2992,0.0009,-1.0000
16.6633,1.0000,331.9977,1.4043,0.5921,16.6775,16.6408,15.1266,0.0013,-1.0000
16.6687,1.0000,332.0145,1.5848,0.3110,16.6546,16.6719,15.4690,0.0012,-1.0000
16.6665,1.0000,332.0310,1.2202,0.4153,16.6713,16.6487,15.1171,0.0009,-1.0000
16.6660,1.0000,332.0477,1.3639,0.3654,16.6746,16.6559,15.4553,0.0011,-1.0000
16.6684,1.0000,332.0644,1.5127,0.2900,16.6508,16.6683,15.4356,0.0010,-1.0000
16.6666,1.0000,332.0811,1.2017,0.3140,16.6823,16.6487,15.2472,0.0011,-1.0000
16.6638,1.0000,332.0977,1.5304,0.3815,16.6583,16.6478,15.3977,0.0014,-1.0000
16.6756,1.0000,332.1150,1.1993,0.3083,16.6636,16.6775,15.5709,0.0010,-1.0000
16.6673,1.0000,332.1310,1.2317,0.3314,16.6803,16.6554,14.6624,0.0012,-1.0000
16.6664,1.0000,332.1477,1.4003,0.2695,16.6589,16.6543,15.4135,0.0011,-1.0000
16.6669,1.0000,332.1643,1.2489,0.2541,16.6551,16.6617,15.4326,0.0012,-1.0000
16.6667,1.0000,332.1811,1.1052,0.3003,16.6864,16.6572,15.3355,0.0012,-1.0000
16.6656,1.0000,332.1977,1.9921,0.3385,16.6645,16.6524,15.4133,0.0011,-1.0000
16.6672,1.0000,332.2144,1.2397,0.2652,16.6634,16.6631,15.4658,0.0009,-1.0000
16.6684,1.0000,332.2310,1.2281,0.2967,16.6703,16.6650,15.4706,0.0013,-1.0000
16.6659,1.0000,332.2478,1.3205,0.2840,16.6659,16.6570,15.4210,0.0011,-1.0000
16.6665,1.0000,332.2643,1.2382,0.2746,16.6608,16.6542,15.3432,0.0012,-1.0000
16.6673,1.0000,332.2811,1.1963,0.2747,16.6709,16.6586,15.2254,0.0010,-1.0000
16.6648,1.0000,332.2977,1.1929,0.2693,16.6735,16.6494,15.3812,0.0010,-1.0000
16.6690,1.0000,332.3145,1.2348,0.2957,16.6659,16.6707,15.5457,0.0008,-1.0000
16.6669,1.0000,332.3311,1.3098,0.3444,16.6632,16.6534,15.2025,0.0010,-1.0000
16.6651,1.0000,332.3477,1.4325,0.2604,16.6683,16.6495,15.2274,0.0013,-1.0000
16.6685,1.0000,332.3643,1.2670,0.2565,16.6571,16.6635,15.4455,0.0012,-1.0000
16.6656,1.0000,332.3810,1.1244,0.2797,16.6819,16.6557,15.3850,0.0010,-1.0000
16.6664,1.0000,332.3977,1.4498,0.3151,16.6634,16.6580,15.4403,0.0011,-1.0000
16.6670,1.0000,332.4144,1.4205,0.3330,16.6579,16.6594,15.4810,0.0012,-1.0000
16.6668,1.0000,332.4310,1.2164,0.2837,16.6722,16.6579,15.3219,0.0013,-1.0000
16.6677,1.0000,332.4477,1.2694,0.2823,16.6640,16.6600,15.4713,0.0011,-1.0000
16.6665,1.0000,332.4644,1.2166,0.2671,16.6662,16.6631,15.3833,0.0011,-1.0000
16.6655,1.0000,332.4810,1.1772,0.3264,16.6681,16.6484,15.1849,0.0014,-1.0000
16.6678,1.0000,332.4978,1.3346,0.2732,16.6655,16.6641,15.4722,0.0011,-1.0000
16.6685,1.0000,332.5148,1.1876,0.3225,16.6686,16.6602,15.3516,0.0012,-1.0000
16.6632,1.0000,332.5310,1.2785,0.3703,16.6731,16.6413,14.9528,0.0012,-1.0000
16.6677,1.0000,332.5478,1.4622,0.2806,16.6585,16.6646,15.5904,0.0009,-1.0000
16.6681,1.0000,332.5643,1.1907,0.3173,16.6722,16.6596,14.8210,0.0010,-1.0000
16.6641,1.0000,332.5810,1.3073,0.3788,16.6714,16.6473,15.4755,0.0009,-1.0000
16.6693,1.0000,332.5979,1.6875,0.2958,16.6509,16.6699,15.4176,0.0010,-1.0000
16.6665,1.0000,332.6144,1.0732,0.3664,16.6746,16.6521,15.1346,0.0014,-1.0000
16.6652,1.0000,332.6310,1.8376,0.2958,16.6693,16.6542,15.3602,0.0012,-1.0000
16.6666,1.0000,332.6477,1.1709,0.3231,16.6555,16.6606,15.4723,0.0013,-1.0000
16.6687,1.0000,332.6643,1.2515,0.4172,16.6803,16.6662,15.3717,0.0011,-1.0000
16.6652,1.0000,332.6810,1.5162,0.3222,16.6605,16.6505,15.4415,0.0012,-1.0000
16.6681,1.0000,332.6977,1.2929,0.3073,16.6614,16.6656,15.5164,0.0011,-1.0000
16.6669,1.0000,332.7144,1.1869,0.3654,16.6692,16.6568,15.2789,0.0012,-1.0000
16.6663,1.0000,332.7310,1.2934,0.3000,16.6743,16.6581,15.4307,0.0013,-1.0000
16.6669,1.0000,332.7478,1.2075,0.2945,16.6587,16.6579,15.4429,0.0009,-1.0000
16.6675,1.0000,332.7643,1.1481,0.2843,16.6741,16.6583,15.2225,0.0011,-1.0000
16.6665,1.0000,332.7811,1.3766,0.2745,16.6650,16.6547,15.5433,0.0013,-1.0000
16.6678,1.0000,332.7978,1.2260,0.2776,16.6671,16.6664,15.3097,0.0013,-1.0000
16.6654,1.0000,332.8144,1.2138,0.3396,16.6661,16.6492,15.0851,0.0011,-1.0000
16.6658,1.0000,332.8311,1.4344,0.2798,16.6672,16.6561,15.4333,0.0011,-1.0000
16.6694,1.0000,332.8478,1.1101,0.3363,16.6636,16.6676,15.4028,0.0010,-1.0000
16.6652,1.0000,332.8643,1.3550,0.3268,16.6772,16.6521,15.0421,0.0017,-1.0000
16.6665,1.0000,332.8810,1.5632,0.2772,16.6582,16.6520,15.2946,0.0015,-1.0000
16.6675,1.0000,332.8978,1.2215,0.3291,16.6648,16.6644,15.3702,0.0011,-1.0000
16.6662,1.0000,332.9145,1.2636,0.3670,16.6777,16.6511,15.2238,0.0010,-1.0000
16.6668,1.0000,332.9311,1.6084,0.3291,16.6632,16.6608,15.2469,0.0011,-1.0000
16.6673,1.0000,332.9478,1.3558,0.2702,16.6612,16.6548,15.4370,0.0012,-1.0000
16.6659,1.0000,332.9643,1.2931,0.3223,16.6748,16.6542,14.2791,0.0010,-1.0000
16.6665,1.0000,332.9810,1.4264,0.3018,16.6606,16.6546,15.4354,0.0010,-1.0000
16.6687,1.0000,332.9978,1.4131,0.2841,16.6716,16.6649,15.4661,0.0012,-1.0000
16.6650,1.0000,333.0144,1.2166,0.3294,16.6674,16.6535,14.3870,0.0016,-1.0000
16.6668,1.0000,333.0310,2.3741,0.2903,16.6640,16.6489,15.3564,0.0013,-1.0000
16.6678,1.0000,333.0479,1.2181,0.2628,16.6644,16.6645,15.4182,0.0009,-1.0000
16.6660,1.0000,333.0643,1.1972,0.2955,16.6748,16.6489,15.1499,0.0013,-1.0000
16.6683,1.0000,333.0811,2.2647,0.2909,16.6662,16.6643,15.3482,0.0009,-1.0000
16.6648,1.0000,333.0977,1.2911,0.2865,16.6578,16.6498,15.2370,0.0014,-1.0000
16.6676,1.0000,333.1144,1.2453,0.3645,16.6752,16.6593,15.3345,0.0010,-1.0000
16.6670,1.0000,333.1310,1.4973,0.3181,16.6581,16.6563,15.4283,0.0011,-1.0000
16.6662,1.0000,333.1482,1.3147,0.3129,16.6751,16.6579,15.4682,0.0011,-1.0000
16.6682,1.0000,333.1643,1.4115,0.2901,16.6599,16.6581,14.7212,0.0019,-1.0000
16.6651,1.0000,333.1812,1.3236,0.2944,16.6701,16.7157,15.3221,0.0011,-1.0000
16.6675,1.0000,333.1978,1.2267,0.2864,16.6650,16.6982,15.2826,0.0010,-1.0000
16.6805,1.0000,333.2146,1.1887,0.7341,16.6680,16.6648,15.3081,0.0010,-1.0000
16.6658,1.0000,333.2314,1.9351,0.3626,16.6683,16.5918,15.2106,0.0011,-1.0000
16.6661,1.0000,333.2478,1.3922,0.3776,16.7265,16.6710,14.9267,0.0011,-1.0000
16.6680,1.0000,333.2643,1.4143,0.2921,16.7078,16.6450,15.3109,0.0009,-1.0000
16.6662,1.0000,333.2811,1.3556,0.3512,16.7073,16.6398,15.3367,0.0012,-1.0000
16.6665,1.0000,333.2979,1.3800,0.3617,16.6016,16.7232,15.3396,0.0009,-1.0000
16.6684,1.0000,333.3145,1.7429,0.4141,16.6788,16.5747,15.2845,0.0011,-1.0000
16.6662,1.0000,333.3312,1.3330,0.3275,16.6534,16.6611,15.1690,0.0015,-1.0000
16.6655,1.0000,333.3477,1.3017,0.3050,16.6490,16.6539,14.9352,0.0018,-1.0000
16.6678,1.0000,333.3643,1.3826,0.3372,16.7317,16.6463,15.3035,0.0010,-1.0000
16.6660,1.0000,333.3813,1.2884,0.4019,16.5847,16.6608,15.3344,0.0012,-1.0000
16.6656,1.0000,333.3978,1.4907,0.3671,16.6723,16.6469,14.6722,0.0013,-1.0000
16.6680,1.0000,333.4145,1.7174,0.3486,16.6626,16.7604,15.3732,0.0010,-1.0000
16.6681,1.0000,333.4312,1.3415,0.2969,16.6549,16.5698,15.1775,0.0010,-1.0000
16.6656,1.0000,333.4478,1.3252,0.4240,16.6711,16.6455,15.1270,0.0013,-1.0000
16.6656,1.0000,333.4643,1.9735,0.2823,16.6552,16.6617,15.3892,0.0010,-1.0000
16.6753,1.0000,333.4813,1.3861,0.3205,16.7690,16.6839,15.5046,0.0010,-1.0000
16.6656,1.0000,333.4978,1.3911,0.3542,16.5794,16.6284,15.2215,0.0013,-1.0000
16.6672,1.0000,333.5145,1.5173,0.2965,16.6552,16.6680,15.4154,0.0010,-1.0000
16.6665,1.0000,333.5310,1.2717,0.2587,16.6705,16.6513,15.3173,0.0013,-1.0000
16.6669,1.0000,333.5478,1.1781,0.2937,16.6930,16.6859,15.3141,0.0011,-1.0000
16.6663,1.0000,333.5643,1.4056,0.2914,16.6377,16.6298,15.3730,0.0012,-1.0000
16.6680,1.0000,333.5812,1.2515,0.3375,16.6776,16.6745,15.5255,0.0011,-1.0000
16.6653,1.0000,333.5977,1.3325,0.3585,16.6599,16.6378,15.3022,0.0011,-1.0000
16.6680,1.0000,333.6144,1.3704,0.3178,16.6949,16.6606,15.4898,0.0012,-1.0000
16.6669,1.0000,333.6311,1.2554,0.2763,16.6384,16.6674,15.3970,0.0011,-1.0000
16.6665,1.0000,333.6478,1.1476,0.2881,16.6865,16.6513,15.2512,0.0014,-1.0000
16.6660,1.0000,333.6643,1.3342,0.2647,16.6478,16.6519,15.4055,0.0009,-1.0000
16.6675,1.0000,333.6811,1.1693,0.3298,16.6695,16.6694,15.2450,0.0012,-1.0000
16.6663,1.0000,333.6978,1.2688,0.3128,16.6769,16.6976,15.2328,0.0011,-1.0000
16.6673,1.0000,333.7144,1.3984,0.3080,16.6610,16.6156,15.2300,0.0011,-1.0000
16.6673,1.0000,333.7311,1.2451,0.3373,16.6601,16.6520,15.4165,0.0010,-1.0000
16.6656,1.0000,333.7479,1.4230,0.3024,16.6782,16.7070,15.2465,0.0012,-1.0000
16.6674,1.0000,333.7644,1.4637,0.3162,16.7078,16.6065,15.2016,0.0012,-1.0000
16.6667,1.0000,333.7812,1.3844,0.2749,16.6251,16.6625,15.2592,0.0024,-1.0000
16.6672,1.0000,333.7979,1.2344,0.4647,16.6616,16.7267,14.9289,0.0013,-1.0000
16.6648,1.0000,333.8145,1.4593,0.3280,16.7171,16.5754,14.0189,0.0014,-1.0000
16.6679,1.0000,333.8311,1.4031,0.3617,16.6185,16.6503,15.3492,0.0010,-1.0000
16.6668,1.0000,333.8479,1.4008,0.3564,16.6742,16.6676,15.3723,0.0013,-1.0000
16.6664,1.0000,333.8643,1.7964,0.5755,16.7392,16.7114,15.2642,0.0013,-1.0000
16.6661,1.0000,333.8811,2.5553,0.3227,16.5847,16.6470,15.4842,0.0014,-1.0000
16.6686,1.0000,333.8980,1.2996,0.2765,16.6593,16.7850,15.4245,0.0011,-1.0000
16.6648,1.0000,333.9145,1.2938,0.2915,16.6761,16.5335,14.5029,0.0013,-1.0000
16.6662,1.0000,333.9312,1.4455,0.2480,16.7205,16.6875,15.2889,0.0010,-1.0000
16.6678,1.0000,333.9479,1.1613,0.2924,16.6561,16.6489,15.2081,0.0010,-1.0000
16.6675,1.0000,333.9644,1.3593,0.3232,16.7959,16.6061,15.2070,0.0012,-1.0000
16.6658,1.0000,333.9812,2.0293,0.2730,16.5441,16.7445,15.1565,0.0012,-1.0000
16.6671,1.0000,333.9979,1.3977,0.4449,16.7164,16.5698,15.3547,0.0012,-1.0000
16.6678,1.0000,334.0145,1.4397,0.2950,16.6594,16.6781,15.2589,0.0012,-1.0000
16.6657,1.0000,334.0312,1.3976,0.3105,16.6164,16.6680,15.1925,0.0010,-1.0000
16.6669,1.0000,334.0478,1.5872,0.2892,16.7549,16.5838,15.4081,0.0013,-1.0000
16.6668,1.0000,334.0644,1.2139,0.2895,16.5787,16.7210,15.4260,0.0011,-1.0000
16.6659,1.0000,334.0812,1.4179,0.3330,16.6882,16.6365,15.2993,0.0012,-1.0000
16.6678,1.0000,334.0978,1.4744,0.2625,16.6769,16.6455,15.1918,0.0012,-1.0000
16.6674,1.0000,334.1146,1.1745,0.3126,16.5933,16.7069,15.4147,0.0013,-1.0000
16.6660,1.0000,334.1312,1.2939,0.3850,16.7327,16.6643,15.1468,0.0012,-1.0000
16.6660,1.0000,334.1478,1.3361,0.2934,16.6458,16.6136,15.3033,0.0014,-1.0000
16.6672,1.0000,334.1648,1.4525,0.3075,16.6543,16.6689,15.3198,0.0010,-1.0000
16.6665,1.0000,334.1812,1.2908,0.3395,16.7181,16.6828,14.8815,0.0012,-1.0000
16.6676,1.0000,334.1978,1.5163,0.2822,16.6750,16.6150,15.3633,0.0011,-1.0000
16.6659,1.0000,334.2145,1.3090,0.3206,16.6222,16.6411,15.3346,0.0013,-1.0000
16.6668,1.0000,334.2313,1.3481,0.4845,16.6795,16.8490,15.2490,0.0013,-1.0000
16.6674,1.0000,334.2478,1.8000,0.3720,16.6919,16.4689,15.0268,0.0013,-1.0000
16.6672,1.0000,334.2644,1.2504,0.3173,16.6231,16.6819,15.2968,0.0013,-1.0000
16.6659,1.0000,334.2812,1.3054,0.3122,16.6505,16.6425,15.2504,0.0011,-1.0000
16.6666,1.0000,334.2978,1.5988,0.3134,16.8584,16.6298,15.2433,0.0010,-1.0000
16.6669,1.0000,334.3145,1.4410,0.3021,16.4793,16.6353,15.3763,0.0014,-1.0000
16.6676,1.0000,334.3312,1.3836,0.3392,16.6919,16.6733,15.4509,0.0010,-1.0000
16.6657,1.0000,334.3477,1.3906,0.3689,16.6560,16.6407,15.0392,0.0018,-1.0000
16.6669,1.0000,334.3643,1.3855,0.3180,16.6388,16.6608,15.4507,0.0013,-1.0000
16.6719,1.0000,334.3812,1.2572,0.3428,16.6440,16.6757,15.4980,0.0011,-1.0000
16.6619,1.0000,334.3978,1.2211,0.3695,16.6842,16.6645,15.1169,0.0012,-1.0000
16.6673,1.0000,334.4145,1.6002,0.2770,16.6498,16.6385,15.1599,0.0022,-1.0000
16.6677,1.0000,334.4312,1.2087,0.2713,16.6692,16.6689,15.3029,0.0015,-1.0000
16.6649,1.0000,334.4477,1.1762,0.3210,16.6878,16.6091,15.1074,0.0012,-1.0000
16.6673,1.0000,334.4643,1.5465,0.2838,16.6748,16.6608,15.4490,0.0011,-1.0000
16.6672,1.0000,334.4811,1.4763,0.3344,16.6473,16.6601,15.5314,0.0011,-1.0000
16.6665,1.0000,334.4977,1.3645,0.3770,16.6818,16.6532,15.2970,0.0012,-1.0000
16.6658,1.0000,334.5144,1.5003,0.3034,16.6202,16.6535,15.3166,0.0010,-1.0000
16.6693,1.0000,334.5312,1.2103,0.3081,16.6694,16.7152,15.4642,0.0011,-1.0000
16.6647,1.0000,334.5477,1.1276,0.3169,16.6705,16.6021,15.2519,0.0010,-1.0000
16.6665,1.0000,334.5643,1.3547,0.2712,16.6628,16.6599,15.3646,0.0012,-1.0000
16.6674,1.0000,334.5811,1.3356,0.2755,16.6620,16.6619,15.5684,0.0010,-1.0000
16.6671,1.0000,334.5978,1.2498,0.4578,16.7251,16.6560,15.1605,0.0010,-1.0000
16.6665,1.0000,334.6144,1.3491,0.2964,16.6114,16.6588,15.1838,0.0013,-1.0000
16.6672,1.0000,334.6311,1.2940,0.2615,16.6684,16.6553,15.3863,0.0012,-1.0000
16.6666,1.0000,334.6477,1.0924,0.3505,16.6708,16.6561,15.3350,0.0013,-1.0000
16.6655,1.0000,334.6643,1.4947,0.3156,16.6659,16.6544,15.4271,0.0009,-1.0000
16.6693,1.0000,334.6811,1.4737,0.2654,16.6676,16.6661,15.5146,0.0013,-1.0000
16.6657,1.0000,334.6977,1.2677,0.3382,16.6652,16.6527,15.2475,0.0013,-1.0000
16.6663,1.0000,334.7144,1.3198,0.3328,16.6649,16.6551,15.4556,0.0013,-1.0000
16.6684,1.0000,334.7312,1.2264,0.2826,16.6625,16.6968,15.4434,0.0012,-1.0000
16.6659,1.0000,334.7478,1.1500,0.3747,16.6766,16.6216,14.9426,0.0015,-1.0000
16.6670,1.0000,334.7643,1.4040,0.2893,16.6624,16.6519,15.2089,0.0012,-1.0000
16.6662,1.0000,334.7816,1.1979,0.2905,16.6630,16.6563,15.3924,0.0013,-1.0000
16.6674,1.0000,334.7978,1.2518,0.3364,16.7083,16.6574,14.5416,0.0015,-1.0000
16.6677,1.0000,334.8145,1.6774,0.3362,16.6346,16.6614,15.2770,0.0011,-1.0000
16.6660,1.0000,334.8311,1.4418,0.2906,16.6634,16.6451,15.1790,0.0012,-1.0000
16.6665,1.0000,334.8477,1.2623,0.5028,16.6679,16.6566,15.3326,0.0011,-1.0000
16.6657,1.0000,334.8643,2.1149,0.2942,16.6687,16.6524,15.2952,0.0012,-1.0000
16.6696,1.0000,334.8813,1.3832,0.3952,16.6748,16.6665,15.4833,0.0010,-1.0000
16.6675,1.0000,334.8979,1.4648,0.3029,16.6564,16.6707,15.0060,0.0015,-1.0000
16.6649,1.0000,334.9145,1.3229,0.3732,16.6656,16.6338,14.9788,0.0015,-1.0000
16.6669,1.0000,334.9311,1.3560,0.3220,16.6617,16.6544,15.1736,0.0013,-1.0000
16.6662,1.0000,334.9478,1.1820,0.3193,16.6774,16.6589,15.3366,0.0014,-1.0000
16.6666,1.0000,334.9643,1.6633,0.3558,16.6846,16.6560,14.3985,0.0014,-1.0000
16.6666,1.0000,334.9811,1.6535,0.3477,16.6447,16.6585,15.3153,0.0010,-1.0000
16.6676,1.0000,334.9978,1.4791,0.3216,16.6639,16.6597,15.4556,0.0011,-1.0000
16.6652,1.0000,335.0144,1.3208,0.4443,16.6685,16.6536,15.1611,0.0012,-1.0000
16.6667,1.0000,335.0311,2.2564,0.3123,16.6650,16.6575,15.3722,0.0009,-1.0000
16.6682,1.0000,335.0477,1.3420,0.2852,16.6672,16.6626,15.4017,0.0012,-1.0000
16.6676,1.0000,335.0643,1.2029,0.3187,16.6699,16.6564,15.4380,0.0012,-1.0000
16.6652,1.0000,335.0811,1.4914,0.3459,16.6622,16.6490,15.4804,0.0011,-1.0000
16.6661,1.0000,335.0977,1.2842,0.2639,16.6661,16.6591,15.4280,0.0011,-1.0000
16.6672,1.0000,335.1147,1.2596,0.2551,16.6726,16.6585,15.5199,0.0011,-1.0000
16.6678,1.0000,335.1311,1.2172,0.2994,16.6684,16.6326,14.7787,0.0011,-1.0000
16.6656,1.0000,335.1478,1.1671,0.2951,16.6590,16.6477,15.3555,0.0012,-1.0000
16.6678,1.0000,335.1643,1.2298,0.2865,16.6674,16.6583,15.4393,0.0011,-1.0000
16.6660,1.0000,335.1810,1.1375,0.3479,16.6669,16.6542,15.3387,0.0011,-1.0000
16.6666,1.0000,335.1977,1.8528,0.2598,16.6748,16.6599,15.4740,0.0012,-1.0000
16.6677,1.0000,335.2144,1.2907,0.2605,16.6586,16.6590,15.4378,0.0012,-1.0000
16.6663,1.0000,335.2310,1.2178,0.2933,16.6689,16.6539,15.2416,0.0010,-1.0000
16.6661,1.0000,335.2478,1.3145,0.2794,16.6638,16.6596,15.4438,0.0012,-1.0000
16.6681,1.0000,335.2644,1.1845,0.2798,16.6687,16.6607,15.3564,0.0014,-1.0000
16.6658,1.0000,335.2811,1.2196,0.2907,16.6684,16.6499,14.8092,0.0011,-1.0000
16.6658,1.0000,335.2977,1.4111,0.2665,16.6640,16.6568,15.2447,0.0015,-1.0000
16.6670,1.0000,335.3144,1.2143,0.2826,16.6679,16.6567,15.4395,0.0011,-1.0000
16.6673,1.0000,335.3311,1.3027,0.3692,16.6723,16.6641,15.3808,0.0013,-1.0000
16.6662,1.0000,335.3481,1.8395,0.2850,16.6602,16.6477,15.2518,0.0013,-1.0000
16.6670,1.0000,335.3643,1.4105,0.3455,16.6661,16.6609,14.9345,0.0012,-1.0000
16.6686,1.0000,335.3811,1.2161,0.3077,16.6652,16.6617,15.4269,0.0010,-1.0000
16.6651,1.0000,335.3977,1.2821,0.3291,16.6741,16.6538,15.2077,0.0012,-1.0000
16.6664,1.0000,335.4144,1.3946,0.4082,16.6576,16.6562,15.4472,0.0012,-1.0000
16.6677,1.0000,335.4311,1.7253,0.3079,16.6695,16.6603,15.2837,0.0011,-1.0000
16.6658,1.0000,335.4478,1.2336,0.4889,16.6710,16.6550,14.9648,0.0013,-1.0000
16.6671,1.0000,335.4643,1.4450,0.3034,16.6640,16.6560,15.2922,0.0014,-1.0000
16.6664,1.0000,335.4811,1.2076,0.2880,16.6658,16.6568,15.4861,0.0013,-1.0000
16.6671,1.0000,335.4978,1.3752,0.5243,16.6704,16.6569,15.2648,0.0011,-1.0000
16.6663,1.0000,335.5144,1.6891,0.2932,16.6662,16.6554,15.3592,0.0012,-1.0000
16.6676,1.0000,335.5312,1.3623,0.3077,16.6659,16.6621,15.3213,0.0012,-1.0000
16.6657,1.0000,335.5477,1.1692,0.3684,16.6656,16.6493,15.2078,0.0011,-1.0000
16.6669,1.0000,335.5643,1.3911,0.3154,16.6670,16.6601,15.4475,0.0014,-1.0000
16.6678,1.0000,335.5812,1.2947,0.3203,16.6644,16.6662,15.4269,0.0009,-1.0000
16.6678,1.0000,335.5979,1.3395,0.3715,16.6743,16.6475,14.9424,0.0012,-1.0000
16.6652,1.0000,335.6145,1.4405,0.2943,16.6589,16.6512,14.9720,0.0021,-1.0000
16.6666,1.0000,335.6311,1.2112,0.3108,16.6699,16.6599,15.1627,0.0016,-1.0000
16.6690,1.0000,335.6479,1.2384,0.3922,16.6784,16.6638,15.2063,0.0013,-1.0000
16.6651,1.0000,335.6643,1.7037,0.3752,16.6585,16.6456,15.1902,0.0012,-1.0000
16.6670,1.0000,335.6811,1.6777,0.3814,16.6608,16.6606,15.3239,0.0012,-1.0000
16.6665,1.0000,335.6978,1.4956,0.3780,16.6697,16.6561,15.3695,0.0012,-1.0000
16.6662,1.0000,335.7145,1.4563,0.3650,16.6752,16.6548,15.1165,0.0013,-1.0000
16.6669,1.0000,335.7311,1.4541,0.3402,16.6573,16.6558,15.2901,0.0015,-1.0000
16.6676,1.0000,335.7481,1.3353,0.3384,16.6702,16.6574,15.3316,0.0015,-1.0000
16.6660,1.0000,335.7643,1.2852,0.3910,16.6666,16.5269,14.4412,0.0014,-1.0000
16.6665,1.0000,335.7811,1.5372,0.3450,16.6651,16.6529,15.4291,0.0013,-1.0000
16.6663,1.0000,335.7978,1.3641,0.3441,16.6661,16.6605,15.4401,0.0013,-1.0000
16.6668,1.0000,335.8144,1.3242,0.3889,16.6678,16.6540,15.3312,0.0014,-1.0000
16.6676,1.0000,335.8311,2.0843,0.3563,16.6677,16.6606,15.3417,0.0014,-1.0000
16.6668,1.0000,335.8477,1.2224,0.3195,16.6621,16.6512,15.3664,0.0011,-1.0000
16.6676,1.0000,335.8643,1.2190,0.3462,16.6708,16.6614,15.2132,0.0011,-1.0000
16.6654,1.0000,335.8811,1.3212,0.3486,16.6641,16.6515,15.4225,0.0013,-1.0000
16.6691,1.0000,335.8979,1.3176,0.3798,16.6715,16.6654,15.3818,0.0013,-1.0000
16.6656,1.0000,335.9144,1.2834,0.3356,16.6601,16.6518,15.2340,0.0014,-1.0000
16.6655,1.0000,335.9311,1.4472,0.3319,16.6717,16.6552,15.2986,0.0012,-1.0000
16.6677,1.0000,335.9477,1.2275,0.3691,16.6607,16.6866,15.4868,0.0011,-1.0000
16.6674,1.0000,335.9643,1.2821,0.2947,16.6761,16.6303,15.3289,0.0012,-1.0000
16.6668,1.0000,335.9811,1.4164,0.3175,16.6607,16.6612,15.5331,0.0009,-1.0000
16.6659,1.0000,335.9978,1.3548,0.3301,16.6658,16.6566,15.2590,0.0013,-1.0000
16.6685,1.0000,336.0145,1.1989,0.3301,16.6956,16.6834,15.1275,0.0013,-1.0000
16.6639,1.0000,336.0311,1.3002,0.2549,16.6395,16.6193,15.1967,0.0010,-1.0000
16.6678,1.0000,336.0478,1.1270,0.3360,16.6698,16.6634,15.4046,0.0011,-1.0000
16.6661,1.0000,336.0643,1.3943,0.3188,16.6682,16.6552,15.2664,0.0012,-1.0000
16.6669,1.0000,336.0811,1.5543,0.3397,16.6960,16.6538,15.2386,0.0013,-1.0000
16.6677,1.0000,336.0977,1.4214,0.2824,16.6288,16.6636,15.4193,0.0013,-1.0000
16.6664,1.0000,336.1145,1.2579,0.2784,16.6736,16.6564,15.2970,0.0012,-1.0000
16.6683,1.0000,336.1311,1.3875,0.3615,16.6665,16.6569,15.0039,0.0011,-1.0000
16.6647,1.0000,336.1477,1.4139,0.3466,16.6626,16.6440,15.2779,0.0011,-1.0000
16.6670,1.0000,336.1643,1.2432,0.3079,16.6747,16.6584,15.3788,0.0014,-1.0000
16.6683,1.0000,336.1811,1.3580,0.6673,16.6679,16.6604,15.5127,0.0011,-1.0000
16.6652,1.0000,336.1978,1.6517,0.3456,16.6699,16.6510,15.2146,0.0024,-1.0000
16.6675,1.0000,336.2144,1.3650,0.3492,16.6556,16.6611,15.3330,0.0009,-1.0000
16.6660,1.0000,336.2310,1.2780,0.2546,16.6675,16.6530,15.4971,0.0010,-1.0000
16.6669,1.0000,336.2477,1.1465,0.3161,16.6717,16.6579,15.4476,0.0010,-1.0000
16.6665,1.0000,336.2645,1.4340,0.2920,16.6610,16.6560,15.4145,0.0014,-1.0000
16.6680,1.0000,336.2811,1.3271,0.2713,16.6705,16.6604,15.1143,0.0010,-1.0000
16.6656,1.0000,336.2977,1.1543,0.3448,16.6617,16.6552,15.3036,0.0014,-1.0000
16.6661,1.0000,336.3143,1.2094,0.3156,16.6683,16.6577,15.5172,0.0012,-1.0000
16.6695,1.0000,336.3311,1.2398,0.3648,16.6652,16.6645,15.4821,0.0009,-1.0000
16.6647,1.0000,336.3477,1.5448,0.3692,16.6687,16.6517,15.3592,0.0012,-1.0000
16.6670,1.0000,336.3643,1.3503,0.2967,16.6639,16.6554,15.3312,0.0012,-1.0000
16.6657,1.0000,336.3810,1.1391,0.3194,16.6664,16.6560,15.5216,0.0010,-1.0000
16.6680,1.0000,336.3977,1.1816,0.3447,16.6749,16.6616,15.3438,0.0010,-1.0000
16.6666,1.0000,336.4145,1.2911,0.3313,16.6627,16.6601,15.4818,0.0009,-1.0000
16.6677,1.0000,336.4311,1.3228,0.2963,16.6644,16.6591,15.4331,0.0011,-1.0000
16.6655,1.0000,336.4478,1.1332,0.4046,16.6644,16.6491,15.3114,0.0014,-1.0000
16.6667,1.0000,336.4643,1.3169,0.3639,16.6714,16.6580,15.4236,0.0011,-1.0000
16.6670,1.0000,336.4811,1.1771,0.3740,16.6695,16.6607,15.5109,0.0009,-1.0000
16.6668,1.0000,336.4977,1.2246,0.3949,16.6703,16.6530,15.2405,0.0011,-1.0000
16.6664,1.0000,336.5144,1.3361,0.2568,16.6595,16.6570,15.3462,0.0012,-1.0000
16.6673,1.0000,336.5312,1.2332,0.3145,16.6670,16.6638,15.4201,0.0011,-1.0000
16.6663,1.0000,336.5477,1.1487,0.3596,16.6703,16.6484,14.6811,0.0015,-1.0000
16.6671,1.0000,336.5643,1.4115,0.3058,16.6622,16.6603,15.4224,0.0012,-1.0000
16.6664,1.0000,336.5811,1.3094,0.3340,16.6658,16.6585,15.4121,0.0011,-1.0000
16.6667,1.0000,336.5977,1.2424,0.3123,16.6758,16.6554,15.1479,0.0014,-1.0000
16.6673,1.0000,336.6144,1.9662,0.2785,16.6580,16.6586,15.4613,0.0012,-1.0000
16.6671,1.0000,336.6312,1.2364,0.3135,16.6699,16.7312,15.3408,0.0011,-1.0000
16.6664,1.0000,336.6477,1.2454,0.5038,16.6681,16.5849,15.2917,0.0011,-1.0000
16.6658,1.0000,336.6643,1.5065,0.2806,16.6636,16.6510,15.4490,0.0011,-1.0000
16.6683,1.0000,336.6811,1.1959,0.2712,16.6689,16.6620,15.6000,0.0010,-1.0000
16.6664,1.0000,336.6977,1.3891,0.3424,16.7408,16.6549,15.2701,0.0012,-1.0000
16.6670,1.0000,336.7144,1.2919,0.3021,16.5945,16.6578,15.5197,0.0012,-1.0000
16.6675,1.0000,336.7311,1.2008,0.2657,16.6605,16.6628,15.4806,0.0013,-1.0000
16.6659,1.0000,336.7477,1.0609,0.3181,16.6725,16.6528,15.3070,0.0011,-1.0000
16.6662,1.0000,336.7643,1.3833,0.3153,16.6645,16.6551,15.3756,0.0013,-1.0000
16.6681,1.0000,336.7812,1.1363,0.2744,16.6667,16.7160,15.4526,0.0011,-1.0000
16.6650,1.0000,336.7977,1.1807,0.3450,16.6724,16.5956,15.1909,0.0012,-1.0000
16.6662,1.0000,336.8144,1.3442,0.3289,16.6613,16.6572,15.4580,0.0015,-1.0000
16.6681,1.0000,336.8311,1.2780,0.3004,16.6645,16.6626,15.4723,0.0012,-1.0000
16.6669,1.0000,336.8477,1.2623,0.3364,16.7276,16.6566,15.2766,0.0012,-1.0000
16.6660,1.0000,336.8643,1.4033,0.2912,16.6049,16.6555,15.3813,0.0012,-1.0000
16.6681,1.0000,336.8812,1.1976,0.2703,16.6661,16.6629,15.4664,0.0010,-1.0000
16.6647,1.0000,336.8977,1.1888,0.3140,16.6726,16.6469,15.3703,0.0011,-1.0000
16.6672,1.0000,336.9144,1.3789,0.2808,16.6658,16.6598,15.4781,0.0011,-1.0000
16.6670,1.0000,336.9310,1.2729,0.3136,16.6655,16.6559,15.3116,0.0011,-1.0000
16.6680,1.0000,336.9477,1.1951,0.2888,16.6749,16.6681,15.4721,0.0011,-1.0000
16.6646,1.0000,336.9642,1.2752,0.2862,16.6564,16.6429,15.4092,0.0011,-1.0000
16.6666,1.0000,336.9811,1.1806,0.3281,16.6686,16.6612,15.5855,0.0010,-1.0000
16.6677,1.0000,336.9977,1.3426,0.2968,16.6646,16.6615,15.2016,0.0012,-1.0000
16.6652,1.0000,337.0144,1.1947,0.3092,16.6782,16.6493,15.3124,0.0012,-1.0000
16.6683,1.0000,337.0311,1.2322,0.2668,16.6518,16.6664,15.4456,0.0011,-1.0000
16.6677,1.0000,337.0478,1.0746,0.3447,16.6692,16.6687,15.4351,0.0014,-1.0000
16.6651,1.0000,337.0642,1.4586,0.2502,16.6704,16.6412,15.2609,0.0013,-1.0000
16.6678,1.0000,337.0811,1.3355,0.3334,16.6582,16.6619,15.5697,0.0010,-1.0000
16.6683,1.0000,337.0978,1.2196,0.3622,16.6752,16.6645,15.3594,0.0012,-1.0000
16.6655,1.0000,337.1146,1.2322,0.3225,16.6792,16.6473,15.2790,0.0011,-1.0000
16.6657,1.0000,337.1310,1.3788,0.3057,16.6504,16.6499,15.1167,0.0016,-1.0000
16.6688,1.0000,337.1477,1.0914,0.2875,16.6724,16.6627,15.6553,0.0008,-1.0000
16.6649,1.0000,337.1643,1.3039,0.3284,16.6772,16.6525,15.4871,0.0010,-1.0000
16.6644,1.0000,337.1810,1.3672,0.3717,16.6608,16.6478,15.4956,0.0010,-1.0000
16.6687,1.0000,337.1977,1.5316,0.2626,16.6593,16.6681,15.6112,0.0010,-1.0000
16.6669,1.0000,337.2144,1.0064,0.3097,16.6714,16.6593,15.3823,0.0011,-1.0000
16.6662,1.0000,337.2310,1.1642,0.2648,16.6620,16.6511,15.4683,0.0012,-1.0000
16.6676,1.0000,337.2478,1.1511,0.2385,16.6558,16.6662,15.5206,0.0012,-1.0000
16.6670,1.0000,337.2643,1.0557,0.3203,16.6770,16.6525,15.2089,0.0011,-1.0000
16.6668,1.0000,337.2811,1.2762,0.2544,16.6691,16.6591,15.4021,0.0012,-1.0000
16.6682,1.0000,337.2977,1.1816,0.3341,16.6596,16.6579,15.4719,0.0011,-1.0000
16.6658,1.0000,337.3144,1.1443,0.3228,16.6762,16.6544,15.1976,0.0012,-1.0000
16.6646,1.0000,337.3311,1.4422,0.3476,16.6632,16.6511,15.4215,0.0013,-1.0000
16.6684,1.0000,337.3477,1.2556,0.2533,16.6687,16.6613,15.4163,0.0011,-1.0000
16.6669,1.0000,337.3643,1.1844,0.3021,16.6678,16.6601,15.3814,0.0011,-1.0000
16.6665,1.0000,337.3810,1.4556,0.2530,16.6655,16.6533,15.4636,0.0011,-1.0000
16.6667,1.0000,337.3977,1.2283,0.3089,16.6608,16.6589,15.5389,0.0012,-1.0000
16.6664,1.0000,337.4144,1.2438,0.3310,16.6699,16.6537,15.5183,0.0011,-1.0000
16.6667,1.0000,337.4310,1.2777,0.3146,16.6696,16.6586,15.3355,0.0015,-1.0000
16.6661,1.0000,337.4477,1.1889,0.3053,16.6626,16.6568,15.5362,0.0011,-1.0000
16.6687,1.0000,337.4643,1.1188,0.3095,16.6692,16.6596,15.4413,0.0008,-1.0000
16.6649,1.0000,337.4810,1.1343,0.2931,16.6635,16.6601,15.4887,0.0012,-1.0000
16.6674,1.0000,337.4977,1.3214,0.2513,16.6682,16.6547,15.5066,0.0010,-1.0000
16.6675,1.0000,337.5144,1.1198,0.3088,16.6667,16.6636,15.4171,0.0011,-1.0000
16.6654,1.0000,337.5311,1.2174,0.3485,16.6682,16.6521,15.2901,0.0011,-1.0000
16.6670,1.0000,337.5477,1.1700,0.3365,16.6688,16.6618,15.4320,0.0012,-1.0000
16.6672,1.0000,337.5643,1.1468,0.2948,16.6627,16.6526,15.4787,0.0009,-1.0000
16.6673,1.0000,337.5811,1.2455,0.2990,16.6719,16.6569,15.4035,0.0014,-1.0000
16.6662,1.0000,337.5977,1.3608,0.2889,16.6605,16.6589,15.4373,0.0011,-1.0000
16.6671,1.0000,337.6144,1.2283,0.3206,16.6717,16.6572,15.3990,0.0012,-1.0000
16.6664,1.0000,337.6310,1.1727,0.3305,16.6625,16.6573,15.3557,0.0011,-1.0000
16.6661,1.0000,337.6477,1.2522,0.2848,16.6671,16.6563,15.3397,0.0010,-1.0000
16.6674,1.0000,337.6643,1.2204,0.2457,16.6687,16.6610,15.4399,0.0011,-1.0000
16.6679,1.0000,337.6812,1.2568,0.3001,16.6665,16.6647,15.3700,0.0013,-1.0000
16.6656,1.0000,337.6977,1.3003,0.3182,16.6658,16.6471,15.1325,0.0013,-1.0000
16.6655,1.0000,337.7144,1.3157,0.3182,16.6655,16.6524,15.4245,0.0011,-1.0000
16.6667,1.0000,337.7310,1.2198,0.3247,16.6695,16.6605,15.5066,0.0013,-1.0000
16.6668,1.0000,337.7477,1.2932,0.3247,16.6768,16.6565,15.4465,0.0012,-1.0000
16.6674,1.0000,337.7643,1.5129,0.3103,16.6573,16.6602,15.4935,0.0009,-1.0000
16.6675,1.0000,337.7811,1.2268,0.3015,16.6614,16.6605,15.4131,0.0013,-1.0000
16.6665,1.0000,337.7977,1.1525,0.4341,16.6694,16.6561,15.4117,0.0012,-1.0000
16.6664,1.0000,337.8144,1.2086,0.3419,16.6647,16.6546,15.3942,0.0012,-1.0000
16.6672,1.0000,337.8311,1.1655,0.3621,16.6691,16.6590,15.5194,0.0012,-1.0000
16.6678,1.0000,337.8478,1.2458,0.2895,16.6707,16.6614,15.4480,0.0011,-1.0000
16.6654,1.0000,337.8643,1.2429,0.3004,16.6661,16.6477,15.2353,0.0013,-1.0000
16.6665,1.0000,337.8811,1.2592,0.2892,16.6648,16.6541,15.4730,0.0013,-1.0000
16.6710,1.0000,337.8978,1.1381,0.2725,16.6688,16.6725,15.5036,0.0010,-1.0000
16.6635,1.0000,337.9144,1.2122,0.3279,16.6736,16.6430,14.4921,0.0013,-1.0000
16.6662,1.0000,337.9310,1.4112,0.3034,16.6593,16.6559,15.3113,0.0011,-1.0000
16.6671,1.0000,337.9478,1.1797,0.3341,16.6627,16.6562,15.5265,0.0010,-1.0000
16.6667,1.0000,337.9643,1.1680,0.3686,16.6849,16.6570,15.4219,0.0011,-1.0000
16.6664,1.0000,337.9810,2.1494,0.3191,16.6538,16.6580,15.4920,0.0009,-1.0000
16.6667,1.0000,337.9977,1.3430,0.2748,16.6656,16.6552,15.4748,0.0012,-1.0000
16.6673,1.0000,338.0143,1.1285,0.3153,16.6659,16.6573,15.3761,0.0008,-1.0000
16.6662,1.0000,338.0310,1.2338,0.2945,16.6672,16.6593,15.5011,0.0009,-1.0000
16.6678,1.0000,338.0478,1.1648,0.3325,16.6677,16.6618,15.5049,0.0010,-1.0000
16.6668,1.0000,338.0643,1.1791,0.3103,16.6641,16.6583,15.3454,0.0010,-1.0000
16.6657,1.0000,338.0811,1.2803,0.3295,16.6660,16.6464,15.4216,0.0011,-1.0000
16.6674,1.0000,338.0977,1.1574,0.2793,16.6680,16.6606,15.3730,0.0012,-1.0000
16.6671,1.0000,338.1144,1.1556,0.2830,16.6724,16.6617,15.5271,0.0010,-1.0000
16.6660,1.0000,338.1310,1.3117,0.3224,16.6696,16.6540,15.3735,0.0016,-1.0000
16.6661,1.0000,338.1477,1.2239,0.3459,16.6561,16.6505,15.4324,0.0012,-1.0000
16.6668,1.0000,338.1643,1.2864,0.2527,16.6695,16.6633,15.5523,0.0011,-1.0000
16.6664,1.0000,338.1811,1.1336,0.3537,16.6718,16.6552,15.2292,0.0012,-1.0000
16.6671,1.0000,338.1977,1.2786,0.2658,16.6641,16.6610,15.5233,0.0012,-1.0000
16.6680,1.0000,338.2145,1.2169,0.2640,16.6594,16.6628,15.5326,0.0010,-1.0000
16.6657,1.0000,338.2310,1.1097,0.3417,16.6711,16.6511,15.1245,0.0014,-1.0000
16.6664,1.0000,338.2477,1.4248,0.2830,16.6635,16.6554,15.5796,0.0010,-1.0000
16.6672,1.0000,338.2643,1.1366,0.2697,16.6692,16.6602,15.4117,0.0012,-1.0000
16.6683,1.0000,338.2811,1.1292,0.3137,16.6729,16.6691,15.5074,0.0009,-1.0000
16.6651,1.0000,338.2977,1.5254,0.2588,16.6609,16.6410,15.1929,0.0011,-1.0000
16.6667,1.0000,338.3144,1.0746,0.2862,16.6636,16.6591,15.5468,0.0010,-1.0000
16.6689,1.0000,338.3311,1.2470,0.2696,16.6689,16.6639,15.4941,0.0012,-1.0000
16.6652,1.0000,338.3477,1.1606,0.3493,16.6808,16.6532,15.2889,0.0012,-1.0000
16.6670,1.0000,338.3643,1.4471,0.2443,16.6514,16.6587,15.5247,0.0012,-1.0000
16.6676,1.0000,338.3810,1.1115,0.2562,16.6676,16.6606,15.6120,0.0010,-1.0000
16.6656,1.0000,338.3977,1.1686,0.3213,16.6723,16.6529,15.4570,0.0011,-1.0000
16.6668,1.0000,338.4144,1.3631,0.2787,16.6623,16.6577,15.5039,0.0011,-1.0000
16.6674,1.0000,338.4312,1.1326,0.2634,16.6673,16.6583,15.3405,0.0012,-1.0000
16.6661,1.0000,338.4477,1.0473,0.3121,16.6710,16.6580,15.2844,0.0011,-1.0000
16.6673,1.0000,338.4650,1.1948,0.3017,16.6623,16.7325,15.4570,0.0012,-1.0000
16.6677,1.0000,338.4816,1.1526,0.2942,16.6672,16.7021,13.9381,0.0015,-1.0000
16.6656,1.0000,338.4977,1.3165,0.2984,16.6673,16.6084,14.7625,0.0012,-1.0000
16.6666,1.0000,338.5144,1.3728,0.3159,16.6681,16.6555,15.2319,0.0013,-1.0000
16.6680,1.0000,338.5311,1.2744,0.3405,16.7429,16.6891,15.4619,0.0016,-1.0000
16.6669,1.0000,338.5480,2.7625,0.3090,16.7145,16.6165,15.3549,0.0010,-1.0000
16.6653,1.0000,338.5643,1.8446,0.3617,16.6190,16.6362,14.9855,0.0014,-1.0000
16.6664,1.0000,338.5811,1.4224,0.3089,16.6665,16.7057,15.5809,0.0010,-1.0000
16.6684,1.0000,338.5977,1.2254,0.3483,16.7009,16.5835,15.1462,0.0012,-1.0000
16.6664,1.0000,338.6143,1.2605,0.3197,16.6294,16.6496,15.2244,0.0013,-1.0000
16.6650,1.0000,338.6310,1.6494,0.2969,16.6477,16.6526,15.4964,0.0011,-1.0000
16.6677,1.0000,338.6477,1.1237,0.3400,16.7147,16.6610,15.5570,0.0009,-1.0000
16.6659,1.0000,338.6643,1.4359,0.3900,16.5946,16.6608,15.1356,0.0011,-1.0000
16.6675,1.0000,338.6810,1.4239,0.3131,16.6605,16.6532,15.4331,0.0011,-1.0000
16.6668,1.0000,338.6978,1.1549,0.2851,16.6623,16.7065,15.4766,0.0010,-1.0000
16.6660,1.0000,338.7143,1.1032,0.3343,16.6693,16.5982,15.3411,0.0012,-1.0000
16.6667,1.0000,338.7310,1.5242,0.3249,16.6710,16.6576,15.5418,0.0011,-1.0000
16.6669,1.0000,338.7480,1.2187,0.3121,16.6639,16.6626,15.5275,0.0014,-1.0000
16.6677,1.0000,338.7643,1.2290,0.3333,16.7175,16.6543,15.0182,0.0013,-1.0000
16.6656,1.0000,338.7811,1.2557,0.2711,16.6074,16.6571,15.5910,0.0012,-1.0000
16.6669,1.0000,338.7978,1.1144,0.2749,16.6665,16.6605,15.4236,0.0011,-1.0000
16.6669,1.0000,338.8144,1.1335,0.2669,16.6725,16.6614,15.3700,0.0011,-1.0000
16.6669,1.0000,338.8311,1.6348,0.2663,16.6640,16.6547,15.3958,0.0012,-1.0000
16.6671,1.0000,338.8478,1.0646,0.3302,16.6662,16.6608,15.4304,0.0012,-1.0000
16.6663,1.0000,338.8643,1.2356,0.3113,16.6706,16.6541,15.3740,0.0011,-1.0000
16.6664,1.0000,338.8811,1.2902,0.3016,16.6700,16.6606,15.5752,0.0011,-1.0000
16.6688,1.0000,338.8978,1.2576,0.2845,16.6641,16.6797,15.4555,0.0011,-1.0000
16.6655,1.0000,338.9145,1.2293,0.2602,16.6699,16.6350,15.2190,0.0011,-1.0000
16.6667,1.0000,338.9311,1.2793,0.2730,16.6629,16.6585,15.3115,0.0015,-1.0000
16.6672,1.0000,338.9478,1.0842,0.2640,16.6691,16.6646,15.3205,0.0013,-1.0000
16.7062,1.0000,338.9644,1.2228,0.3330,16.6924,16.6800,15.2066,0.0011,-1.0000
16.6640,1.0000,338.9812,1.4151,0.3219,16.6460,16.6971,15.3616,0.0011,-1.0000
16.6666,1.0000,338.9979,1.3451,0.2767,16.6687,16.6066,15.4044,0.0012,-1.0000
16.6685,1.0000,339.0144,1.3426,0.4409,16.6757,16.6642,15.1221,0.0010,-1.0000
16.6650,1.0000,339.0311,1.4718,0.2778,16.6916,16.7024,15.4993,0.0011,-1.0000
16.6678,1.0000,339.0478,1.3344,0.2692,16.7066,16.6121,15.3782,0.0011,-1.0000
16.6679,1.0000,339.0644,1.2009,0.3320,16.6156,16.6688,15.1983,0.0010,-1.0000
16.6638,1.0000,339.0811,1.5409,0.2543,16.6716,16.6858,15.5647,0.0010,-1.0000
16.6693,1.0000,339.0978,1.2026,0.2781,16.7116,16.6281,15.4410,0.0011,-1.0000
16.6664,1.0000,339.1144,1.2330,0.3570,16.6204,16.6547,15.3653,0.0013,-1.0000
16.6661,1.0000,339.1311,1.4691,0.2884,16.6777,16.6559,15.5192,0.0012,-1.0000
16.6701,1.0000,339.1479,1.1202,0.2654,16.6936,16.7262,15.4899,0.0014,-1.0000
16.6642,1.0000,339.1644,1.1859,0.2908,16.6360,16.6347,15.3248,0.0013,-1.0000
16.6657,1.0000,339.1812,1.2878,0.2617,16.6638,16.6464,15.4517,0.0009,-1.0000
16.6672,1.0000,339.1978,1.1354,0.2665,16.6654,16.6802,15.4385,0.0011,-1.0000
16.6686,1.0000,339.2146,1.2347,0.3115,16.7377,16.7174,15.4195,0.0010,-1.0000
16.6647,1.0000,339.2311,1.3086,0.2865,16.6447,16.5745,15.1484,0.0011,-1.0000
16.6676,1.0000,339.2479,1.1935,0.2717,16.6545,16.6620,15.4439,0.0012,-1.0000
16.6665,1.0000,339.2645,1.2406,0.2759,16.6893,16.7491,15.2746,0.0013,-1.0000
16.6666,1.0000,339.2812,1.2966,0.2828,16.7292,16.5639,15.4465,0.0011,-1.0000
16.6668,1.0000,339.2978,1.4246,0.2976,16.5840,16.6719,15.3678,0.0013,-1.0000
16.6665,1.0000,339.3145,1.2166,0.3054,16.6718,16.6861,15.2280,0.0011,-1.0000
16.6669,1.0000,339.3312,1.4735,0.2727,16.7584,16.5725,15.4070,0.0011,-1.0000
16.6673,1.0000,339.3480,1.1162,0.3114,16.5722,16.7572,15.2875,0.0012,-1.0000
16.6663,1.0000,339.3644,1.3025,0.3135,16.6811,16.6196,14.7853,0.0010,-1.0000
16.6659,1.0000,339.3811,1.4568,0.2759,16.6959,16.6063,15.3818,0.0010,-1.0000
16.6681,1.0000,339.3981,1.1646,0.2794,16.5817,16.7105,15.4726,0.0009,-1.0000
16.6664,1.0000,339.4145,1.4684,0.2877,16.7693,16.6250,14.4581,0.0014,-1.0000
16.6649,1.0000,339.4311,1.8328,0.3043,16.6480,16.6349,15.3889,0.0011,-1.0000
16.6697,1.0000,339.4480,1.2236,0.2768,16.6174,16.7379,15.4692,0.0012,-1.0000
16.6664,1.0000,339.4646,1.2369,0.3329,16.7193,16.6444,14.9383,0.0014,-1.0000
16.6646,1.0000,339.4811,2.1650,0.3056,16.6346,16.5762,15.2670,0.0011,-1.0000
16.6687,1.0000,339.4978,1.2449,0.2721,16.6429,16.6838,15.5527,0.0011,-1.0000
16.6659,1.0000,339.5146,1.2674,0.3432,16.7496,16.7548,15.2839,0.0009,-1.0000
16.6658,1.0000,339.5311,1.7046,0.2953,16.6569,16.5307,15.2443,0.0012,-1.0000
16.6686,1.0000,339.5479,1.3080,0.2677,16.5848,16.6907,15.4041,0.0009,-1.0000
16.6654,1.0000,339.5644,1.1303,0.3346,16.6930,16.6332,15.3796,0.0015,-1.0000
16.6665,1.0000,339.5811,1.4702,0.3017,16.7653,16.6218,15.5675,0.0009,-1.0000
16.6684,1.0000,339.5980,1.2851,0.2806,16.5392,16.6725,15.4096,0.0011,-1.0000
16.6643,1.0000,339.6144,1.2855,0.3197,16.7008,16.6364,14.9884,0.0013,-1.0000
16.6680,1.0000,339.6311,1.2521,0.2819,16.6427,16.6654,15.3957,0.0012,-1.0000
16.6667,1.0000,339.6478,1.0533,0.3276,16.6307,16.6659,15.3922,0.0011,-1.0000
16.6647,1.0000,339.6643,1.2615,0.3262,16.6832,16.6417,15.4788,0.0010,-1.0000
16.6682,1.0000,339.6813,1.6464,0.3251,16.6449,16.7169,15.5468,0.0012,-1.0000
16.6678,1.0000,339.6978,1.2688,0.3424,16.6741,16.6066,15.1171,0.0010,-1.0000
16.6659,1.0000,339.7144,1.2728,0.2644,16.6748,16.6650,15.5730,0.0010,-1.0000
16.6689,1.0000,339.7312,1.1618,0.2774,16.6492,16.6400,15.3899,0.0010,-1.0000
16.6650,1.0000,339.7478,1.1688,0.3271,16.7283,16.6483,15.1420,0.0011,-1.0000
16.6653,1.0000,339.7643,1.4885,0.2706,16.6154,16.6504,15.2338,0.0012,-1.0000
16.6686,1.0000,339.7812,1.0910,0.2704,16.6731,16.6737,15.6979,0.0010,-1.0000
16.6661,1.0000,339.7977,1.2490,0.3137,16.6513,16.6497,15.2259,0.0014,-1.0000
16.6669,1.0000,339.8144,1.5051,0.3113,16.6577,16.6571,15.5199,0.0009,-1.0000
16.6735,1.0000,339.8312,1.4152,0.2896,16.6577,16.6854,15.4999,0.0013,-1.0000
16.6614,1.0000,339.8478,0.9746,0.3571,16.6831,16.6351,14.9055,0.0014,-1.0000
16.6640,1.0000,339.8643,1.4225,0.2811,16.6595,16.6480,15.4569,0.0009,-1.0000
16.6664,1.0000,339.8811,1.1360,0.3152,16.6658,16.6601,15.6531,0.0009,-1.0000
16.6685,1.0000,339.8978,1.1839,0.3938,16.6953,16.6643,15.2786,0.0011,-1.0000
16.6652,1.0000,339.9144,1.7286,0.2685,16.6440,16.6514,15.3270,0.0010,-1.0000
16.6692,1.0000,339.9312,1.1900,0.2781,16.6560,16.6705,15.4940,0.0011,-1.0000
16.6662,1.0000,339.9477,1.0060,0.3821,16.6667,16.6531,15.2489,0.0011,-1.0000
16.6660,1.0000,339.9643,1.3846,0.3691,16.6726,16.6552,15.5033,0.0010,-1.0000
16.6664,1.0000,339.9812,1.3234,0.3207,16.6588,16.6624,15.6355,0.0010,-1.0000
16.6686,1.0000,339.9978,1.1755,0.3000,16.6799,16.6566,15.3707,0.0012,-1.0000
16.6666,1.0000,340.0145,1.4033,0.3146,16.6631,16.6586,15.5006,0.0015,-1.0000
16.6666,1.0000,340.0311,1.1509,0.2813,16.6628,16.6589,15.3496,0.0010,-1.0000
16.6670,1.0000,340.0478,1.0260,0.2649,16.6727,16.6565,15.2144,0.0011,-1.0000
16.6669,1.0000,340.0644,1.2847,0.3188,16.6645,16.6566,15.5652,0.0011,-1.0000
16.6660,1.0000,340.0811,1.1564,0.2815,16.6676,16.6555,15.4689,0.0011,-1.0000
16.6688,1.0000,340.0981,1.3082,0.3747,16.6687,16.6586,15.3522,0.0013,-1.0000
16.6642,1.0000,340.1144,1.4412,0.3022,16.6668,16.6495,15.1746,0.0013,-1.0000
16.6669,1.0000,340.1311,1.0903,0.3228,16.6676,16.6579,15.5356,0.0011,-1.0000
16.6689,1.0000,340.1481,1.1852,0.3958,16.6666,16.6669,15.5690,0.0008,-1.0000
16.6652,1.0000,340.1643,1.3047,0.2704,16.6695,16.6448,15.0270,0.0015,-1.0000
16.6666,1.0000,340.1811,1.4733,0.2947,16.6592,16.6571,15.4886,0.0010,-1.0000
16.6679,1.0000,340.1978,1.1212,0.2489,16.6662,16.6787,15.4008,0.0011,-1.0000
16.6655,1.0000,340.2144,1.0970,0.3274,16.6790,16.6329,15.4741,0.0012,-1.0000
16.6653,1.0000,340.2310,1.6160,0.2846,16.6563,16.6552,15.5761,0.0009,-1.0000
16.6696,1.0000,340.2478,1.1671,0.3291,16.6659,16.6719,15.5899,0.0010,-1.0000
16.6658,1.0000,340.2643,1.2766,0.2665,16.6892,16.6481,15.3568,0.0011,-1.0000
16.6666,1.0000,340.2811,1.1574,0.2586,16.6424,16.6583,15.6422,0.0012,-1.0000
16.6677,1.0000,340.2979,1.0780,0.2709,16.6634,16.6633,15.3958,0.0011,-1.0000
16.6658,1.0000,340.3144,1.0810,0.3453,16.6806,16.6521,14.9812,0.0010,-1.0000
16.6656,1.0000,340.3311,1.2902,0.2848,16.6585,16.6559,15.5244,0.0014,-1.0000
16.6669,1.0000,340.3477,1.0148,0.3448,16.6662,16.6631,15.2912,0.0010,-1.0000
16.6674,1.0000,340.3643,1.2662,0.3119,16.6728,16.6552,15.3267,0.0011,-1.0000
16.6664,1.0000,340.3811,1.6696,0.2879,16.6604,16.6623,15.6412,0.0010,-1.0000
16.6673,1.0000,340.3977,1.1297,0.2729,16.6639,16.6395,15.4874,0.0017,-1.0000
16.6663,1.0000,340.4144,1.3708,0.3793,16.6718,16.6576,15.4534,0.0009,-1.0000
16.6663,1.0000,340.4311,1.3275,0.2602,16.6639,16.6577,15.5139,0.0013,-1.0000
16.6677,1.0000,340.4477,1.0200,0.3022,16.6862,16.6630,15.4603,0.0009,-1.0000
16.6671,1.0000,340.4643,1.1503,0.3251,16.6486,16.6537,15.3139,0.0010,-1.0000
16.6669,1.0000,340.4810,1.2031,0.2918,16.6660,16.6589,15.6477,0.0015,-1.0000
16.6677,1.0000,340.4978,1.1425,0.2520,16.6665,16.6621,15.5438,0.0011,-1.0000
16.6655,1.0000,340.5144,1.2019,0.3290,16.6715,16.6497,15.2568,0.0011,-1.0000
16.6649,1.0000,340.5312,1.3386,0.3183,16.6632,16.6570,15.5110,0.0013,-1.0000
16.6699,1.0000,340.5478,1.0096,0.2759,16.6678,16.6669,15.2148,0.0012,-1.0000
16.6655,1.0000,340.5643,1.1172,0.3478,16.6735,16.6492,15.3054,0.0013,-1.0000
16.6668,1.0000,340.5811,1.3918,0.2920,16.6595,16.6581,15.5243,0.0010,-1.0000
16.6671,1.0000,340.5977,1.1448,0.2497,16.6642,16.6598,15.4001,0.0011,-1.0000
16.6667,1.0000,340.6144,1.4506,0.2848,16.6766,16.6551,15.6076,0.0011,-1.0000
16.6662,1.0000,340.6311,1.3423,0.3382,16.6594,16.6592,15.5092,0.0011,-1.0000
16.6680,1.0000,340.6477,1.1327,0.3762,16.6676,16.6612,15.4451,0.0011,-1.0000
16.6646,1.0000,340.6643,1.2588,0.3377,16.6690,16.6481,15.5509,0.0011,-1.0000
16.6682,1.0000,340.6812,1.0460,0.2812,16.6642,16.6647,15.5061,0.0012,-1.0000
16.6664,1.0000,340.6977,1.1485,0.3341,16.6686,16.6546,15.3214,0.0010,-1.0000
16.6661,1.0000,340.7144,1.2147,0.2646,16.6707,16.6565,15.5616,0.0013,-1.0000
16.6674,1.0000,340.7311,1.0961,0.2588,16.6563,16.6652,15.3634,0.0012,-1.0000
16.6668,1.0000,340.7477,1.1570,0.3149,16.6735,16.6537,15.1433,0.0012,-1.0000
16.6639,1.0000,340.7643,1.3318,0.2761,16.6638,16.6468,15.2349,0.0009,-1.0000
16.6700,1.0000,340.7811,1.0935,0.3502,16.6660,16.6717,15.7250,0.0011,-1.0000
16.6675,1.0000,340.7978,1.3003,0.3588,16.6748,16.6572,15.1755,0.0012,-1.0000
16.6659,1.0000,340.8144,1.5090,0.3991,16.6629,16.6491,15.4662,0.0011,-1.0000
16.6665,1.0000,340.8311,1.4109,0.2647,16.6544,16.6613,15.5146,0.0011,-1.0000
16.6668,1.0000,340.8477,0.9453,0.3959,16.6815,16.6566,15.2635,0.0013,-1.0000
16.6652,1.0000,340.8643,1.4801,0.3080,16.6685,16.6493,15.5401,0.0010,-1.0000
16.6672,1.0000,340.8811,1.1814,0.2679,16.6591,16.6631,15.6922,0.0011,-1.0000
16.6677,1.0000,340.8977,1.1455,0.3663,16.6707,16.6612,15.3557,0.0013,-1.0000
16.6638,1.0000,340.9144,1.3917,0.2645,16.6663,16.6476,15.5479,0.0012,-1.0000
16.6691,1.0000,340.9311,1.1080,0.2954,16.6569,16.6682,15.5619,0.0010,-1.0000
16.6668,1.0000,340.9478,0.9696,0.2787,16.6721,16.6574,15.3637,0.0011,-1.0000
16.6664,1.0000,340.9643,1.3037,0.3051,16.6695,16.6589,15.4536,0.0012,-1.0000
16.6677,1.0000,340.9812,1.0984,0.2604,16.6555,16.6959,15.5283,0.0009,-1.0000
16.6667,1.0000,340.9978,1.1053,0.3467,16.6772,16.6220,15.1605,0.0009,-1.0000
16.6652,1.0000,341.0144,1.2922,0.2889,16.6663,16.6491,15.4147,0.0012,-1.0000
16.6693,1.0000,341.0318,1.2040,0.2790,16.6672,16.6712,15.5759,0.0010,-1.0000
16.6644,1.0000,341.0477,1.1664,0.3609,16.7055,16.6455,14.4177,0.0012,-1.0000
16.6660,1.0000,341.0643,1.4605,0.4033,16.6303,16.6578,15.6133,0.0010,-1.0000
16.6693,1.0000,341.0811,1.2330,0.2834,16.6577,16.6663,15.5998,0.0008,-1.0000
16.6652,1.0000,341.0977,1.0941,0.3697,16.6813,16.6516,15.4097,0.0015,-1.0000
16.6672,1.0000,341.1144,2.2264,0.2576,16.6554,16.6579,15.5250,0.0011,-1.0000
16.6683,1.0000,341.1311,1.0434,0.3088,16.6646,16.6661,15.4969,0.0010,-1.0000
16.6643,1.0000,341.1477,1.0653,0.2772,16.6758,16.6466,14.8309,0.0014,-1.0000
16.6660,1.0000,341.1643,1.2404,0.3186,16.6617,16.6589,15.5838,0.0011,-1.0000
16.6688,1.0000,341.1811,1.1317,0.2790,16.6661,16.6672,15.1610,0.0010,-1.0000
16.6648,1.0000,341.1978,1.1681,0.4950,16.6749,16.6515,15.4514,0.0011,-1.0000
16.6693,1.0000,341.2145,1.8143,0.2650,16.6541,16.6688,15.5600,0.0013,-1.0000
16.6665,1.0000,341.2311,1.0739,0.3224,16.6663,16.6510,15.3165,0.0011,-1.0000
16.6665,1.0000,341.2479,1.5051,0.2896,16.6747,16.6555,15.5129,0.0011,-1.0000
16.6661,1.0000,341.2643,1.1993,0.2739,16.6600,16.6577,15.3951,0.0011,-1.0000
16.6678,1.0000,341.2811,1.1075,0.3255,16.6785,16.6603,15.4470,0.0014,-1.0000
16.6642,1.0000,341.2977,1.3332,0.2838,16.6615,16.6505,15.5412,0.0011,-1.0000
16.6687,1.0000,341.3145,1.1411,0.3290,16.6647,16.6675,15.5093,0.0009,-1.0000
16.6662,1.0000,341.3311,1.2610,0.3647,16.6660,16.6570,15.4308,0.0012,-1.0000
16.6665,1.0000,341.3478,1.2114,0.2783,16.6687,16.6545,15.4374,0.0010,-1.0000
16.6667,1.0000,341.3643,1.1082,0.2640,16.6589,16.6622,15.5072,0.0012,-1.0000
16.6694,1.0000,341.3811,1.1572,0.2893,16.6753,16.6592,15.4937,0.0010,-1.0000
16.6632,1.0000,341.3977,1.2252,0.2864,16.6663,16.6492,15.4962,0.0012,-1.0000
16.6679,1.0000,341.4147,1.2160,0.3418,16.6634,16.6656,15.5942,0.0011,-1.0000
16.6670,1.0000,341.4311,1.1538,0.3172,16.6707,16.6603,15.0067,0.0011,-1.0000
16.6658,1.0000,341.4477,1.1641,0.2769,16.6683,16.6508,15.4123,0.0012,-1.0000
17.0476,1.0000,341.4649,1.1519,0.2648,16.6573,17.0513,15.9345,0.0011,-1.0000
16.6660,1.0000,341.4815,1.0701,0.3793,16.6739,16.6408,14.4454,0.0014,-1.0000
16.7072,1.0000,341.4982,1.6525,0.2884,16.6694,16.6987,15.5008,0.0012,-1.0000
16.6676,1.0000,341.5148,1.2372,0.2896,16.6601,16.6624,15.5223,0.0011,-1.0000
16.6666,1.0000,341.5315,1.1156,0.4723,17.0636,16.6561,15.0939,0.0012,-1.0000
16.6658,1.0000,341.5482,2.1941,0.2967,16.6511,16.6560,15.4752,0.0012,-1.0000
16.6683,1.0000,341.5648,1.1966,0.2760,16.7062,16.6623,15.5122,0.0012,-1.0000
16.6664,1.0000,341.5815,1.1389,0.3243,16.6711,16.6561,15.1505,0.0013,-1.0000
16.6653,1.0000,341.5982,1.5610,0.3047,16.6653,16.6538,15.4425,0.0013,-1.0000
16.6678,1.0000,341.6150,1.1796,0.3257,16.6642,16.6605,15.5698,0.0013,-1.0000
16.6683,1.0000,341.6316,1.1489,0.3219,16.6720,16.6608,14.9066,0.0012,-1.0000
16.6645,1.0000,341.6482,1.5040,0.2845,16.6659,16.6512,15.4364,0.0013,-1.0000
16.6695,1.0000,341.6649,1.2100,0.2803,16.6623,16.6664,15.4399,0.0012,-1.0000
16.6648,1.0000,341.6815,1.0895,0.3469,16.6703,16.6465,15.2374,0.0013,-1.0000
16.6660,1.0000,341.6982,1.7528,0.2797,16.6705,16.6568,15.4182,0.0012,-1.0000
16.6682,1.0000,341.7148,1.2134,0.3213,16.6606,16.6623,15.3669,0.0012,-1.0000
16.6638,1.0000,341.7314,1.2253,0.3410,16.6785,16.6463,15.5579,0.0012,-1.0000
16.6689,1.0000,341.7483,1.4076,0.2775,16.6565,16.6742,15.6133,0.0010,-1.0000
16.6668,1.0000,341.7647,1.2373,0.3716,16.6656,16.6540,14.7654,0.0010,-1.0000
16.6659,1.0000,341.7815,1.2939,0.3006,16.6703,16.6555,15.6371,0.0012,-1.0000
16.6689,1.0000,341.7982,1.0873,0.2664,16.6534,16.6704,15.4008,0.0010,-1.0000
16.6653,1.0000,341.8148,1.0597,0.3979,16.6830,16.6418,15.4963,0.0013,-1.0000
16.6655,1.0000,341.8315,1.8873,0.3146,16.6627,16.6522,15.4911,0.0010,-1.0000
16.6679,1.0000,341.8483,1.0170,0.3272,16.6649,16.6688,15.5222,0.0011,-1.0000
16.6675,1.0000,341.8647,1.2687,0.6754,16.6822,16.6525,15.3475,0.0013,-1.0000
16.6655,1.0000,341.8815,1.1441,0.2660,16.6518,16.6553,15.6429,0.0013,-1.0000
