frame_ms,focused,elapsed,CPU Main Thread Frame Time,CPU Render Thread Frame Time,CPU Total Frame Time,PlayerLoop,WaitForTargetFPS,Gfx.WaitForPresentOnGfxThread,Gfx.WaitForGfxCommandsFromMainThread
16.6651,1.0000,315.7817,1.1206,0.2604,16.6709,16.6513,15.2840,0.0013,-1.0000
16.6649,1.0000,315.7981,1.2859,0.2341,16.6616,16.6527,15.3039,0.0010,-1.0000
16.6691,1.0000,315.8149,1.1163,0.4115,16.6993,16.6733,15.6652,0.0009,-1.0000
16.6684,1.0000,315.8317,1.2481,0.3455,16.6440,16.6635,15.3303,0.0010,-1.0000
16.6669,1.0000,315.8483,1.3658,0.2917,16.6580,16.6555,15.0446,0.0012,-1.0000
16.6743,1.0000,315.8649,1.3478,0.2447,16.6582,16.6625,15.2512,0.0012,-1.0000
16.6594,1.0000,315.8817,1.0070,0.2929,16.6801,16.6507,15.3653,0.0012,-1.0000
16.6643,1.0000,315.8982,1.3323,0.3253,16.6752,16.6467,15.1271,0.0011,-1.0000
16.6676,1.0000,315.9149,1.6095,0.2636,16.6667,16.6644,15.4462,0.0011,-1.0000
16.6670,1.0000,315.9316,1.4101,0.2791,16.6730,16.6585,15.2560,0.0012,-1.0000
16.6640,1.0000,315.9481,1.2839,0.3107,16.6610,16.6445,15.3697,0.0012,-1.0000
16.6700,1.0000,315.9648,1.5187,0.2638,16.6551,16.6745,15.6713,0.0009,-1.0000
16.6651,1.0000,315.9815,1.2171,0.2964,16.6721,16.6509,15.4254,0.0009,-1.0000
16.6668,1.0000,315.9982,1.4012,0.2746,16.6682,16.6583,15.5210,0.0012,-1.0000
16.6651,1.0000,316.0148,1.2737,0.2649,16.6513,16.6573,15.4697,0.0013,-1.0000
16.6694,1.0000,316.0316,1.0020,0.3647,16.6832,16.6668,15.4456,0.0010,-1.0000
16.6660,1.0000,316.0482,1.2245,0.2989,16.6588,16.6564,15.4270,0.0013,-1.0000
16.6669,1.0000,316.0648,1.1359,0.3937,16.6649,16.6570,15.5377,0.0008,-1.0000
16.6668,1.0000,316.0817,1.1862,0.2472,16.6642,16.6624,15.4695,0.0014,-1.0000
16.6654,1.0000,316.0982,1.2199,0.2663,16.6749,16.6495,15.3479,0.0013,-1.0000
16.6668,1.0000,316.1149,1.2282,0.2617,16.6653,16.6642,15.5231,0.0011,-1.0000
16.6710,1.0000,316.1317,1.1183,0.2786,16.6647,16.6719,15.4902,0.0010,-1.0000
16.6644,1.0000,316.1482,1.1915,0.3392,16.6710,16.6483,15.2093,0.0011,-1.0000
16.6676,1.0000,316.1649,1.3004,0.2485,16.6566,16.6656,15.4103,0.0013,-1.0000
16.6667,1.0000,316.1816,1.1400,0.2584,16.6708,16.6538,15.3653,0.0013,-1.0000
16.6644,1.0000,316.1982,1.1807,0.3526,16.6810,16.6490,15.4045,0.0013,-1.0000
16.6691,1.0000,316.2149,1.4377,0.2891,16.6565,16.6695,15.5736,0.0009,-1.0000
16.6670,1.0000,316.2316,1.2539,0.3271,16.6754,16.6563,15.3884,0.0010,-1.0000
16.6626,1.0000,316.2481,1.2871,0.3261,16.6629,16.6436,15.4215,0.0013,-1.0000
16.6705,1.0000,316.2649,1.2433,0.2510,16.6564,16.6743,15.5705,0.0011,-1.0000
16.6649,1.0000,316.2816,1.0949,0.2699,16.6775,16.6483,15.3267,0.0011,-1.0000
16.6688,1.0000,316.2983,1.2665,0.2878,16.6656,16.6694,15.4636,0.0009,-1.0000
16.6672,1.0000,316.3149,1.2205,0.2898,16.6509,16.6581,15.2925,0.0011,-1.0000
16.6671,1.0000,316.3316,1.1025,0.2499,16.6822,16.6565,15.3652,0.0011,-1.0000
16.6656,1.0000,316.3483,1.3205,0.2986,16.6574,16.6530,15.3521,0.0014,-1.0000
16.6676,1.0000,316.3648,1.2048,0.2952,16.6787,16.6596,15.3104,0.0011,-1.0000
16.6678,1.0000,316.3817,1.3643,0.3090,16.6677,16.6641,15.3531,0.0010,-1.0000
16.6651,1.0000,316.3982,1.2898,0.2893,16.6668,16.6438,15.1493,0.0012,-1.0000
16.6635,1.0000,316.4148,1.2990,0.2896,16.6633,16.6472,15.4409,0.0010,-1.0000
16.6705,1.0000,316.4317,1.3479,0.3078,16.6699,16.6732,15.5170,0.0009,-1.0000
16.6669,1.0000,316.4482,1.3096,0.3546,16.6764,16.6565,14.9675,0.0014,-1.0000
16.6632,1.0000,316.4648,1.4930,0.2680,16.6531,16.6472,15.2986,0.0009,-1.0000
16.6694,1.0000,316.4816,1.2050,0.2878,16.6553,16.6703,15.5871,0.0009,-1.0000
16.6673,1.0000,316.4983,1.1550,0.3598,16.6813,16.6598,15.3402,0.0010,-1.0000
16.6653,1.0000,316.5151,1.6874,0.2981,16.6658,16.6487,15.1196,0.0011,-1.0000
16.6681,1.0000,316.5316,1.3477,0.2567,16.6551,16.6585,15.0441,0.0015,-1.0000
16.6658,1.0000,316.5482,1.0818,0.3068,16.6790,16.6588,15.3613,0.0011,-1.0000
16.6660,1.0000,316.5648,1.3187,0.3388,16.6705,16.6525,15.0225,0.0012,-1.0000
16.6650,1.0000,316.5815,1.5278,0.2992,16.6595,16.6540,15.4730,0.0010,-1.0000
16.6702,1.0000,316.5983,1.6121,0.3323,16.6675,16.6711,15.5059,0.0008,-1.0000
16.6657,1.0000,316.6149,1.2960,0.3166,16.6677,16.6537,15.2990,0.0013,-1.0000
16.6649,1.0000,316.6315,1.6284,0.2863,16.6605,16.6516,15.4470,0.0008,-1.0000
16.6691,1.0000,316.6485,1.1799,0.3044,16.6612,16.6672,15.5528,0.0009,-1.0000
16.6642,1.0000,316.6647,1.1644,0.2590,16.6806,16.6493,15.0097,0.0011,-1.0000
16.6662,1.0000,316.6816,1.3535,0.2636,16.6633,16.6607,15.6814,0.0011,-1.0000
16.6678,1.0000,316.6982,1.2040,0.2608,16.6592,16.6648,15.4032,0.0013,-1.0000
16.6678,1.0000,316.7149,1.1135,0.2579,16.6735,16.6609,15.3973,0.0014,-1.0000
16.6660,1.0000,316.7315,1.6387,0.2889,16.6567,16.6554,15.4006,0.0010,-1.0000
16.6688,1.0000,316.7483,0.9781,0.2417,16.6663,16.6700,15.3462,0.0010,-1.0000
16.6658,1.0000,316.7648,1.2603,0.2852,16.6730,16.6533,15.2687,0.0011,-1.0000
16.6657,1.0000,316.7816,1.2619,0.2628,16.6683,16.6556,15.5085,0.0011,-1.0000
16.6698,1.0000,316.7982,1.2539,0.2646,16.6635,16.6925,15.4585,0.0010,-1.0000
16.6655,1.0000,316.8150,1.3226,0.3612,16.6785,16.6281,15.3119,0.0011,-1.0000
16.6657,1.0000,316.8316,1.3834,0.2675,16.6611,16.6517,15.2963,0.0012,-1.0000
16.6689,1.0000,316.8483,1.1460,0.3125,16.6631,16.6610,15.2809,0.0012,-1.0000
16.6634,1.0000,316.8647,1.2326,0.2856,16.7025,16.6457,15.3202,0.0012,-1.0000
16.6654,1.0000,316.8815,1.3151,0.3182,16.6386,16.6573,15.6578,0.0009,-1.0000
16.6695,1.0000,316.8983,1.3541,0.3499,16.6621,16.6724,15.7200,0.0008,-1.0000
16.6683,1.0000,316.9149,1.3790,0.2922,16.6704,16.6642,15.3410,0.0012,-1.0000
16.6649,1.0000,316.9315,1.3244,0.2386,16.6533,16.6453,15.2797,0.0011,-1.0000
16.6671,1.0000,316.9482,0.9984,0.2677,16.6625,16.6651,15.4207,0.0009,-1.0000
16.6675,1.0000,316.9648,0.9515,0.2725,16.6790,16.6608,15.4268,0.0010,-1.0000
16.6638,1.0000,316.9815,1.3217,0.2990,16.6741,16.6474,15.4689,0.0010,-1.0000
16.6696,1.0000,316.9982,1.3645,0.2786,16.6530,16.6736,15.6614,0.0011,-1.0000
16.6673,1.0000,317.0149,1.2435,0.2535,16.6719,16.6611,15.4362,0.0013,-1.0000
16.6638,1.0000,317.0315,1.2328,0.2600,16.6697,16.6474,15.3828,0.0010,-1.0000
16.6697,1.0000,317.0483,1.1776,0.2524,16.6531,16.6761,15.4794,0.0009,-1.0000
16.6667,1.0000,317.0648,1.0110,0.2700,16.6800,16.6519,15.0393,0.0010,-1.0000
16.6640,1.0000,317.0815,1.2231,0.2818,16.6697,16.6500,15.3954,0.0011,-1.0000
16.6695,1.0000,317.0983,1.2635,0.2705,16.6542,16.6727,15.4670,0.0011,-1.0000
16.6668,1.0000,317.1149,1.1959,0.3719,16.6847,16.6540,15.0316,0.0012,-1.0000
16.6657,1.0000,317.1316,1.6113,0.2810,16.6609,16.6531,15.3583,0.0014,-1.0000
16.6675,1.0000,317.1482,1.2536,0.2573,16.6569,16.6598,15.3894,0.0009,-1.0000
16.6668,1.0000,317.1648,1.2046,0.3694,16.6817,16.6617,15.1757,0.0012,-1.0000
16.6654,1.0000,317.1815,1.6211,0.2781,16.6629,16.6499,15.4187,0.0011,-1.0000
16.6649,1.0000,317.1981,1.2933,0.2760,16.6620,16.6535,15.3944,0.0009,-1.0000
16.6701,1.0000,317.2149,1.2693,0.3525,16.6673,16.6732,15.6885,0.0008,-1.0000
16.6659,1.0000,317.2316,1.4844,0.3215,16.6731,16.6539,15.2981,0.0013,-1.0000
16.6652,1.0000,317.2482,1.2301,0.2674,16.6583,16.6508,15.4370,0.0012,-1.0000
16.6685,1.0000,317.2648,1.2583,0.2377,16.6599,16.6697,15.5671,0.0010,-1.0000
16.6655,1.0000,317.2816,0.9839,0.4101,16.6818,16.6517,15.3987,0.0011,-1.0000
16.6651,1.0000,317.2981,1.3543,0.2899,16.6620,16.6539,15.5868,0.0011,-1.0000
16.6700,1.0000,317.3149,1.2126,0.2649,16.6581,16.6744,15.6395,0.0011,-1.0000
16.6666,1.0000,317.3315,1.1016,0.2773,16.6770,16.6534,15.3374,0.0013,-1.0000
16.6646,1.0000,317.3481,1.2518,0.3019,16.6586,16.6542,15.4343,0.0012,-1.0000
16.6721,1.0000,317.3649,1.0663,0.2757,16.6598,16.6806,15.4903,0.0009,-1.0000
16.6641,1.0000,317.3816,1.0338,0.3258,16.6821,16.6425,15.2197,0.0012,-1.0000
16.6663,1.0000,317.3982,1.3145,0.3520,16.6623,16.6575,15.3721,0.0013,-1.0000
16.6679,1.0000,317.4150,1.2189,0.2460,16.6610,16.6615,15.3782,0.0010,-1.0000
16.6661,1.0000,317.4316,1.1891,0.2922,16.6918,16.6526,15.1768,0.0011,-1.0000
16.6650,1.0000,317.4482,1.4217,0.2714,16.6532,16.6518,15.2548,0.0014,-1.0000
16.6689,1.0000,317.4648,1.2840,0.2809,16.6670,16.6664,15.3813,0.0010,-1.0000
16.6654,1.0000,317.4815,1.2821,0.3276,16.6705,16.6538,15.3158,0.0011,-1.0000
16.6640,1.0000,317.4981,1.4747,0.2653,16.6616,16.6491,15.5134,0.0014,-1.0000
16.6695,1.0000,317.5149,1.3957,0.3047,16.6600,16.6717,15.7973,0.0010,-1.0000
16.6670,1.0000,317.5316,1.2837,0.3956,16.6745,16.6594,15.4101,0.0012,-1.0000
16.6653,1.0000,317.5483,1.3366,0.2694,16.6625,16.6531,15.4230,0.0011,-1.0000
16.6676,1.0000,317.5648,1.1345,0.2249,16.6550,16.6643,15.2534,0.0012,-1.0000
16.6673,1.0000,317.5816,0.8734,0.2559,16.6788,16.6605,15.6056,0.0009,-1.0000
16.6643,1.0000,317.5982,1.2478,0.2498,16.6674,16.6519,15.4123,0.0011,-1.0000
16.6693,1.0000,317.6149,1.2290,0.3820,16.6600,16.6685,15.5092,0.0012,-1.0000
16.6666,1.0000,317.6316,1.4096,0.2561,16.6717,16.6584,15.3054,0.0011,-1.0000
16.6656,1.0000,317.6482,1.0539,0.2680,16.6678,16.6527,15.3389,0.0013,-1.0000
16.6662,1.0000,317.6647,1.2387,0.2670,16.6577,16.6592,15.4882,0.0011,-1.0000
16.6696,1.0000,317.6816,1.1577,0.2559,16.6767,16.6728,15.5847,0.0006,-1.0000
16.6635,1.0000,317.6982,1.3516,0.3007,16.6661,16.6459,15.4018,0.0013,-1.0000
16.6683,1.0000,317.7149,1.3125,0.2777,16.6602,16.6631,15.5209,0.0011,-1.0000
16.6691,1.0000,317.7317,1.1699,0.3010,16.6649,16.6702,15.4473,0.0012,-1.0000
16.6654,1.0000,317.7482,1.0871,0.2581,16.6800,16.6501,15.2069,0.0011,-1.0000
16.6657,1.0000,317.7648,1.2429,0.2590,16.6545,16.6525,15.3748,0.0011,-1.0000
16.6683,1.0000,317.7816,1.1409,0.2864,16.6711,16.6697,15.6092,0.0009,-1.0000
16.6671,1.0000,317.7983,1.2221,0.3119,16.6803,16.6592,15.1477,0.0011,-1.0000
16.6665,1.0000,317.8149,1.4420,0.2707,16.6587,16.6556,15.2678,0.0014,-1.0000
16.6664,1.0000,317.8316,1.2766,0.2452,16.6597,16.6498,15.3812,0.0011,-1.0000
16.6665,1.0000,317.8483,1.0594,0.2762,16.6765,16.6582,15.4038,0.0013,-1.0000
16.6634,1.0000,317.8647,1.5102,0.3197,16.6683,16.6452,15.3447,0.0013,-1.0000
16.6678,1.0000,317.8816,1.3864,0.2602,16.6672,16.6671,15.8056,0.0009,-1.0000
16.6692,1.0000,317.8982,1.2673,0.2628,16.6610,16.6689,15.4639,0.0013,-1.0000
16.6630,1.0000,317.9148,1.2533,0.2889,16.6662,16.6435,15.4590,0.0011,-1.0000
16.6688,1.0000,317.9315,1.2992,0.2148,16.6523,16.6698,15.7164,0.0010,-1.0000
16.6694,1.0000,317.9482,0.8605,0.2465,16.6718,16.6691,15.5063,0.0015,-1.0000
16.6658,1.0000,317.9648,1.2033,0.2527,16.6767,16.6556,15.4739,0.0009,-1.0000
16.6631,1.0000,317.9814,1.1835,0.2442,16.6496,16.6434,15.4639,0.0012,-1.0000
16.6699,1.0000,317.9986,0.9522,0.2667,16.6754,16.6739,15.7584,0.0009,-1.0000
16.6679,1.0000,318.0150,1.1611,0.2505,16.6783,16.6628,14.7477,0.0012,-1.0000
16.6655,1.0000,318.0316,1.1811,0.3055,16.6658,16.6525,15.1848,0.0016,-1.0000
16.6675,1.0000,318.0482,1.1782,0.2470,16.6494,16.6589,15.4295,0.0013,-1.0000
16.6673,1.0000,318.0648,0.9142,0.3199,16.6804,16.6619,15.4037,0.0012,-1.0000
16.6689,1.0000,318.0817,1.9134,0.3187,16.6732,16.6604,15.3364,0.0014,-1.0000
16.6625,1.0000,318.0982,1.4661,0.2975,16.6611,16.6445,15.1894,0.0014,-1.0000
16.6672,1.0000,318.1149,1.2280,0.2926,16.6668,16.6586,15.1155,0.0010,-1.0000
16.6677,1.0000,318.1316,1.2568,0.2817,16.6716,16.6644,15.4167,0.0008,-1.0000
16.6673,1.0000,318.1483,1.3224,0.2861,16.6734,16.6600,15.3291,0.0011,-1.0000
16.6659,1.0000,318.1648,1.4539,0.2743,16.6537,16.6550,15.4252,0.0012,-1.0000
16.6641,1.0000,318.1815,1.5420,0.3382,16.6656,16.6451,15.5448,0.0009,-1.0000
16.6681,1.0000,318.1982,1.2468,0.3119,16.6719,16.6646,15.5916,0.0008,-1.0000
16.6682,1.0000,318.2149,1.3297,0.2774,16.6692,16.6662,15.4898,0.0012,-1.0000
16.6644,1.0000,318.2315,1.2284,0.2896,16.6651,16.6499,15.4259,0.0013,-1.0000
16.6684,1.0000,318.2483,1.0994,0.2428,16.6525,16.6659,15.5085,0.0008,-1.0000
16.6665,1.0000,318.2648,1.0722,0.2509,16.6713,16.6583,15.3016,0.0010,-1.0000
16.6680,1.0000,318.2818,1.1753,0.2762,16.6750,16.6585,15.4650,0.0010,-1.0000
16.6667,1.0000,318.2983,1.2226,0.2805,16.6569,16.6587,14.8150,0.0013,-1.0000
16.6657,1.0000,318.3149,1.1561,0.3085,16.6744,16.7021,15.3735,0.0012,-1.0000
16.6664,1.0000,318.3316,1.3557,0.2690,16.6677,16.6142,15.4754,0.0010,-1.0000
16.6689,1.0000,318.3485,1.1921,0.2785,16.6662,16.6645,15.4070,0.0011,-1.0000
16.6667,1.0000,318.3649,1.8422,0.2409,16.6665,16.6580,14.8675,0.0011,-1.0000
16.6658,1.0000,318.3817,1.3277,0.2542,16.7098,16.6521,15.3838,0.0010,-1.0000
16.6682,1.0000,318.3984,1.1376,0.3289,16.6228,16.6612,15.2240,0.0013,-1.0000
16.6655,1.0000,318.4149,1.2563,0.3654,16.6731,16.6482,15.0693,0.0012,-1.0000
16.6666,1.0000,318.4316,1.7894,0.2670,16.6690,16.6580,15.4091,0.0013,-1.0000
16.6679,1.0000,318.4483,1.2671,0.3085,16.6627,16.6637,15.3525,0.0010,-1.0000
16.6659,1.0000,318.4649,1.4355,0.3354,16.6724,16.6561,15.2068,0.0015,-1.0000
16.6634,1.0000,318.4815,1.5776,0.2717,16.6579,16.6432,15.4393,0.0010,-1.0000
16.6687,1.0000,318.4982,1.2475,0.2761,16.6660,16.6694,15.5475,0.0009,-1.0000
16.6668,1.0000,318.5150,1.3101,0.2820,16.6718,16.6598,15.4653,0.0011,-1.0000
16.6666,1.0000,318.5316,1.4475,0.3316,16.6664,16.6582,15.1906,0.0015,-1.0000
16.6673,1.0000,318.5483,1.2030,0.2306,16.6500,16.6622,15.4298,0.0013,-1.0000
16.6674,1.0000,318.5649,1.1207,0.2594,16.6766,16.6590,15.3640,0.0011,-1.0000
16.6639,1.0000,318.5815,1.1932,0.3057,16.6679,16.6483,15.2620,0.0013,-1.0000
16.6684,1.0000,318.5982,1.4658,0.2766,16.6659,16.6659,15.5451,0.0009,-1.0000
16.6675,1.0000,318.6150,1.2312,0.3199,16.6694,16.6637,15.3834,0.0011,-1.0000
16.6662,1.0000,318.6316,1.2937,0.2967,16.6684,16.6541,15.3134,0.0012,-1.0000
16.6673,1.0000,318.6483,1.3851,0.2812,16.6548,16.6632,15.5392,0.0010,-1.0000
16.6703,1.0000,318.6649,1.1199,0.2474,16.6726,16.6682,15.3416,0.0010,-1.0000
16.6639,1.0000,318.6816,1.2790,0.3212,16.6706,16.6466,15.1452,0.0013,-1.0000
16.6652,1.0000,318.6982,1.3395,0.2549,16.6621,16.6530,15.3281,0.0012,-1.0000
16.6704,1.0000,318.7151,1.1228,0.2856,16.6702,16.6753,15.4865,0.0011,-1.0000
16.6649,1.0000,318.7317,1.3249,0.2895,16.6793,16.6472,15.1317,0.0012,-1.0000
16.6694,1.0000,318.7485,1.4999,0.2564,16.6563,16.6685,15.2465,0.0013,-1.0000
16.6645,1.0000,318.7649,1.3235,0.2534,16.6603,16.6426,15.1837,0.0013,-1.0000
16.6665,1.0000,318.7816,1.1876,0.3177,16.6854,16.6557,15.3181,0.0012,-1.0000
16.6631,1.0000,318.7982,1.5141,0.4724,16.6581,16.6499,15.3551,0.0013,-1.0000
16.6703,1.0000,318.8149,1.4206,0.2684,16.6809,16.6706,15.5234,0.0008,-1.0000
16.6667,1.0000,318.8316,1.4578,0.3013,16.6531,16.6543,15.4152,0.0011,-1.0000
16.6642,1.0000,318.8481,1.3363,0.2679,16.6639,16.6468,15.4134,0.0013,-1.0000
16.6666,1.0000,318.8648,1.2938,0.2506,16.6577,16.6647,15.6135,0.0009,-1.0000
16.6698,1.0000,318.8816,1.1463,0.2690,16.6793,16.6734,15.6201,0.0010,-1.0000
16.6653,1.0000,318.8982,1.2380,0.2935,16.6629,16.6497,15.3799,0.0011,-1.0000
16.6656,1.0000,318.9149,1.2321,0.2304,16.6526,16.6580,15.4636,0.0010,-1.0000
16.6703,1.0000,318.9317,1.0503,0.2294,16.6699,16.6735,15.6157,0.0012,-1.0000
16.6631,1.0000,318.9482,1.0520,0.2504,16.6806,16.6406,15.2129,0.0012,-1.0000
16.6684,1.0000,318.9649,1.2687,0.2738,16.6574,16.6671,15.5608,0.0010,-1.0000
16.6680,1.0000,318.9816,1.1933,0.2359,16.6647,16.6633,15.2453,0.0013,-1.0000
16.6657,1.0000,318.9983,1.0564,0.2945,16.6828,16.6534,15.3663,0.0013,-1.0000
16.6660,1.0000,319.0149,1.4265,0.3676,16.6487,16.6549,15.3516,0.0013,-1.0000
16.6694,1.0000,319.0316,1.1051,0.3231,16.6751,16.6679,15.4115,0.0013,-1.0000
16.6656,1.0000,319.0482,1.4165,0.2518,16.6724,16.6542,14.8057,0.0014,-1.0000
16.6670,1.0000,319.0648,1.2854,0.2716,16.6627,16.6593,15.4112,0.0014,-1.0000
16.6665,1.0000,319.0816,1.3018,0.2723,16.6622,16.6603,15.4252,0.0012,-1.0000
16.6668,1.0000,319.0983,1.2553,0.2659,16.6763,16.6529,15.3331,0.0013,-1.0000
16.6658,1.0000,319.1150,1.8467,0.2649,16.6618,16.6600,15.3421,0.0010,-1.0000
16.6667,1.0000,319.1316,1.2461,0.3263,16.6682,16.6567,15.3117,0.0015,-1.0000
16.6658,1.0000,319.1483,1.2338,0.2766,16.6697,16.6541,15.3365,0.0012,-1.0000
16.6677,1.0000,319.1648,1.3185,0.2345,16.6608,16.6634,15.3618,0.0013,-1.0000
16.6674,1.0000,319.1817,1.3169,0.2642,16.6677,16.6668,15.5656,0.0009,-1.0000
16.6640,1.0000,319.1982,1.3435,0.3356,16.6652,16.6425,15.1494,0.0011,-1.0000
16.6666,1.0000,319.2148,1.3164,0.2911,16.6621,16.6599,15.6786,0.0009,-1.0000
16.6686,1.0000,319.2316,1.2998,0.2632,16.6702,16.6727,15.6036,0.0009,-1.0000
16.6670,1.0000,319.2483,1.1003,0.2689,16.6761,16.6568,15.4478,0.0013,-1.0000
16.6644,1.0000,319.2648,1.4920,0.2162,16.6484,16.6523,15.3683,0.0012,-1.0000
16.6702,1.0000,319.2816,0.9804,0.2829,16.6652,16.6732,15.6613,0.0007,-1.0000
16.6678,1.0000,319.2983,1.0682,0.2475,16.6791,16.6601,15.0175,0.0019,-1.0000
16.6652,1.0000,319.3149,1.2075,0.3243,16.6636,16.6505,15.3436,0.0013,-1.0000
16.6653,1.0000,319.3315,1.2829,0.2969,16.6588,16.6536,15.5163,0.0009,-1.0000
16.6690,1.0000,319.3484,1.0111,0.3193,16.6812,16.6734,15.5508,0.0008,-1.0000
16.6659,1.0000,319.3649,1.6406,0.2805,16.6708,16.6517,15.1513,0.0012,-1.0000
16.6656,1.0000,319.3817,1.3053,0.2624,16.6589,16.6494,15.4414,0.0011,-1.0000
16.6704,1.0000,319.3983,1.1362,0.2552,16.6610,16.6752,15.2718,0.0013,-1.0000
16.6644,1.0000,319.4149,1.1215,0.2491,16.6821,16.6488,15.3137,0.0011,-1.0000
16.6637,1.0000,319.4315,1.4992,0.2535,16.6614,16.6447,15.4587,0.0009,-1.0000
16.6704,1.0000,319.4483,1.2069,0.3380,16.6572,16.6770,15.6416,0.0010,-1.0000
16.6684,1.0000,319.4649,1.4020,0.2675,16.6835,16.6639,15.3912,0.0012,-1.0000
16.6618,1.0000,319.4815,1.3339,0.2854,16.6582,16.6377,15.4405,0.0011,-1.0000
16.6694,1.0000,319.4983,1.1851,0.2247,16.6502,16.6726,15.6052,0.0008,-1.0000
16.6675,1.0000,319.5150,1.0343,0.3205,16.6838,16.6596,15.2519,0.0010,-1.0000
16.6630,1.0000,319.5315,1.2707,0.2794,16.6738,16.6466,15.2728,0.0011,-1.0000
16.6700,1.0000,319.5483,1.1962,0.2515,16.6445,16.6756,15.6789,0.0009,-1.0000
16.6677,1.0000,319.5649,1.0664,0.3217,16.6792,16.6588,15.3791,0.0009,-1.0000
16.6632,1.0000,319.5815,1.4065,0.2642,16.6680,16.6441,15.3718,0.0011,-1.0000
16.6711,1.0000,319.5984,1.3727,0.2408,16.6524,16.6784,15.5079,0.0012,-1.0000
16.6660,1.0000,319.6150,0.9958,0.2583,16.6829,16.6539,14.9465,0.0015,-1.0000
16.6643,1.0000,319.6315,1.2786,0.2957,16.6690,16.6441,15.0746,0.0013,-1.0000
16.6679,1.0000,319.6483,1.2712,0.2684,16.6513,16.6681,15.5557,0.0009,-1.0000
16.6689,1.0000,319.6649,1.1690,0.3402,16.6878,16.6611,15.3181,0.0011,-1.0000
16.6653,1.0000,319.6816,1.7058,0.2717,16.6635,16.6523,15.2281,0.0012,-1.0000
16.6675,1.0000,319.6983,1.5681,0.2547,16.6513,16.6610,15.2940,0.0012,-1.0000
16.6675,1.0000,319.7149,1.1113,0.2675,16.6759,16.6600,15.4252,0.0011,-1.0000
16.6645,1.0000,319.7316,1.3419,0.3393,16.6709,16.6520,15.3412,0.0011,-1.0000
16.6642,1.0000,319.7481,1.4229,0.2516,16.6619,16.6483,15.3118,0.0012,-1.0000
16.6705,1.0000,319.7649,1.3655,0.2716,16.6690,16.6740,15.6987,0.0009,-1.0000
16.6673,1.0000,319.7816,1.2332,0.3114,16.6689,16.6629,15.4155,0.0010,-1.0000
16.6637,1.0000,319.7982,1.3095,0.2696,16.6606,16.6435,15.3660,0.0011,-1.0000
16.6674,1.0000,319.8149,1.3351,0.2359,16.6544,16.6694,15.6774,0.0009,-1.0000
16.6682,1.0000,319.8316,0.9745,0.2526,16.6805,16.6605,15.4260,0.0012,-1.0000
16.6644,1.0000,319.8482,1.2463,0.3261,16.6729,16.6506,15.3783,0.0012,-1.0000
16.6690,1.0000,319.8648,1.2762,0.2244,16.6505,16.6697,15.6343,0.0011,-1.0000
16.6677,1.0000,319.8817,0.9912,0.2477,16.6760,16.6624,15.5084,0.0009,-1.0000
16.6633,1.0000,319.8981,1.2330,0.2475,16.6681,16.6430,15.2648,0.0011,-1.0000
16.6706,1.0000,319.9150,1.2709,0.2824,16.6565,16.6756,15.7298,0.0006,-1.0000
16.6668,1.0000,319.9316,1.0344,0.2706,16.6765,16.6557,15.3602,0.0011,-1.0000
16.6650,1.0000,319.9482,1.1530,0.2735,16.6717,16.6530,15.4001,0.0013,-1.0000
16.6677,1.0000,319.9649,1.3768,0.2882,16.6496,16.6640,15.4810,0.0010,-1.0000
16.6682,1.0000,319.9816,0.9452,0.3758,16.6838,16.6649,15.3715,0.0013,-1.0000
16.6652,1.0000,319.9983,1.2940,0.2888,16.6647,16.6516,15.2347,0.0014,-1.0000
16.6674,1.0000,320.0150,1.2515,0.2369,16.6600,16.6624,15.3960,0.0011,-1.0000
16.6643,1.0000,320.0316,1.1819,0.2697,16.6717,16.6499,15.3719,0.0012,-1.0000
16.6688,1.0000,320.0483,1.2920,0.3395,16.6738,16.6679,15.5009,0.0010,-1.0000
16.6665,1.0000,320.0648,1.4153,0.3018,16.6591,16.6576,15.3722,0.0013,-1.0000
16.6666,1.0000,320.0816,1.2651,0.2607,16.6706,16.6605,15.5105,0.0010,-1.0000
16.6652,1.0000,320.0982,1.2766,0.2416,16.6572,16.6489,15.4004,0.0013,-1.0000
16.6663,1.0000,320.1149,1.1659,0.2717,16.6759,16.6616,15.5019,0.0009,-1.0000
16.6678,1.0000,320.1316,1.2840,0.2626,16.6665,16.6619,15.4323,0.0013,-1.0000
16.6665,1.0000,320.1483,1.1485,0.2969,16.6691,16.6576,15.3401,0.0014,-1.0000
16.6666,1.0000,320.1648,1.2473,0.2736,16.6567,16.6556,15.3090,0.0011,-1.0000
16.6680,1.0000,320.1817,1.1587,0.2540,16.6689,16.6634,15.6002,0.0011,-1.0000
16.6640,1.0000,320.1981,1.2282,0.2775,16.6697,16.6719,15.2190,0.0012,-1.0000
16.6671,1.0000,320.2148,1.3160,0.3090,16.6665,16.6389,15.8044,0.0008,-1.0000
16.6674,1.0000,320.2316,1.3455,0.2603,16.6649,16.6650,15.5852,0.0008,-1.0000
16.6672,1.0000,320.2483,1.0621,0.2629,16.6728,16.6572,15.3563,0.0012,-1.0000
16.6678,1.0000,320.2649,1.4518,0.2651,16.6771,16.6617,15.4618,0.0011,-1.0000
16.6688,1.0000,320.2817,0.8337,0.2420,16.6442,16.6704,15.4415,0.0013,-1.0000
16.6655,1.0000,320.2982,1.0791,0.2590,16.6724,16.6507,14.9978,0.0012,-1.0000
16.6635,1.0000,320.3148,1.2996,0.3040,16.6640,16.6458,15.3420,0.0010,-1.0000
16.6683,1.0000,320.3316,1.1989,0.3139,16.6691,16.6693,15.6291,0.0007,-1.0000
16.6683,1.0000,320.3483,1.2276,0.3246,16.6799,16.6647,15.4540,0.0012,-1.0000
16.6680,1.0000,320.3649,1.6516,0.2639,16.6603,16.6594,15.3455,0.0013,-1.0000
16.6666,1.0000,320.3816,1.3028,0.2402,16.6521,16.6552,15.3392,0.0011,-1.0000
16.6658,1.0000,320.3983,1.0395,0.2754,16.6757,16.6532,15.3488,0.0011,-1.0000
16.6631,1.0000,320.4148,1.2096,0.2734,16.6745,16.6471,15.2649,0.0013,-1.0000
16.6712,1.0000,320.4317,1.3125,0.2711,16.6695,16.6786,15.6695,0.0009,-1.0000
16.6666,1.0000,320.4483,1.3146,0.2717,16.6644,16.6541,15.1030,0.0011,-1.0000
16.6710,1.0000,320.4648,1.3033,0.2672,16.6613,16.6531,15.2217,0.0010,-1.0000
16.6690,1.0000,320.4817,1.3808,0.2443,16.6533,16.6684,15.5144,0.0013,-1.0000
16.6667,1.0000,320.4983,1.0081,0.2768,16.6876,16.6559,15.2614,0.0011,-1.0000
16.6655,1.0000,320.5149,1.5496,0.3006,16.6651,16.6533,15.4530,0.0012,-1.0000
16.6662,1.0000,320.5316,1.4304,0.3093,16.6603,16.6597,15.4748,0.0012,-1.0000
16.6690,1.0000,320.5483,1.1527,0.3117,16.6772,16.6702,15.3578,0.0014,-1.0000
16.6666,1.0000,320.5648,1.3930,0.2482,16.6645,16.6543,15.2499,0.0012,-1.0000
16.6655,1.0000,320.5816,1.1990,0.2638,16.6602,16.6560,15.4638,0.0010,-1.0000
16.6683,1.0000,320.5983,1.1835,0.2874,16.6654,16.6646,15.4397,0.0012,-1.0000
16.6660,1.0000,320.6149,1.3103,0.2567,16.6791,16.6530,15.4087,0.0010,-1.0000
16.6651,1.0000,320.6316,1.4027,0.2552,16.6627,16.6554,15.4627,0.0010,-1.0000
16.6690,1.0000,320.6483,1.1912,0.2527,16.6631,16.6657,15.4936,0.0008,-1.0000
16.6672,1.0000,320.6649,1.2234,0.2740,16.6734,16.6607,15.4179,0.0013,-1.0000
16.6633,1.0000,320.6816,1.2431,0.2805,16.6616,16.6456,15.4235,0.0011,-1.0000
16.6707,1.0000,320.6983,1.1917,0.2721,16.6627,16.6753,15.4873,0.0011,-1.0000
16.6653,1.0000,320.7150,1.1710,0.2754,16.6739,16.6523,15.3814,0.0011,-1.0000
16.6655,1.0000,320.7320,1.2414,0.2766,16.6692,16.6544,15.3367,0.0012,-1.0000
16.6691,1.0000,320.7484,1.2208,0.2258,16.6528,16.6661,14.8158,0.0012,-1.0000
16.6660,1.0000,320.7649,1.1867,0.2923,16.6823,16.6559,15.2095,0.0015,-1.0000
16.6639,1.0000,320.7815,1.2698,0.2862,16.6619,16.6486,15.4303,0.0010,-1.0000
16.6696,1.0000,320.7982,1.3163,0.2751,16.6627,16.6676,15.6410,0.0010,-1.0000
16.6674,1.0000,320.8149,1.8487,0.2707,16.6744,16.6635,15.3674,0.0011,-1.0000
16.6625,1.0000,320.8315,1.4449,0.2584,16.6639,16.6449,15.3911,0.0011,-1.0000
16.6698,1.0000,320.8482,1.2175,0.2513,16.6554,16.6676,15.7624,0.0008,-1.0000
16.6685,1.0000,320.8649,1.0259,0.2859,16.6757,16.6713,15.5133,0.0012,-1.0000
16.6647,1.0000,320.8815,1.2950,0.2933,16.6719,16.6453,15.4493,0.0012,-1.0000
16.6662,1.0000,320.8982,1.2529,0.2216,16.6515,16.6592,15.5389,0.0009,-1.0000
16.6683,1.0000,320.9150,0.9044,0.2762,16.6733,16.6652,15.5093,0.0012,-1.0000
16.6641,1.0000,320.9315,1.1567,0.2936,16.6805,16.6487,15.3579,0.0012,-1.0000
16.6679,1.0000,320.9482,1.1947,0.2923,16.6526,16.6649,15.5416,0.0010,-1.0000
16.6688,1.0000,320.9648,1.1195,0.2993,16.6657,16.6706,15.5784,0.0010,-1.0000
16.6634,1.0000,320.9815,1.1547,0.3800,16.6735,16.6409,15.4724,0.0011,-1.0000
16.6682,1.0000,320.9982,1.2896,0.2262,16.6563,16.6670,15.6480,0.0008,-1.0000
16.6684,1.0000,321.0149,1.1225,0.2428,16.6709,16.6659,15.4694,0.0010,-1.0000
16.6672,1.0000,321.0316,1.0908,0.2620,16.6799,16.6588,15.3053,0.0013,-1.0000
16.6755,1.0000,321.0482,1.1676,0.2681,16.6483,16.6631,15.3440,0.0013,-1.0000
16.6688,1.0000,321.0648,1.0183,0.2496,16.6732,16.6695,15.4699,0.0012,-1.0000
16.6651,1.0000,321.0816,1.1956,0.2681,16.6734,16.6460,15.4383,0.0009,-1.0000
16.6681,1.0000,321.0983,1.3522,0.2998,16.6676,16.6627,15.4263,0.0010,-1.0000
16.6673,1.0000,321.1149,1.3177,0.3218,16.6704,16.6612,15.3162,0.0012,-1.0000
16.6669,1.0000,321.1316,1.1983,0.2801,16.6799,16.6566,15.5284,0.0009,-1.0000
16.6662,1.0000,321.1483,1.2067,0.3689,16.6549,16.6560,15.3465,0.0012,-1.0000
16.6672,1.0000,321.1649,1.2352,0.2801,16.6708,16.6630,15.3902,0.0009,-1.0000
16.6666,1.0000,321.1817,1.3439,0.2722,16.6703,16.6516,15.4227,0.0011,-1.0000
16.6641,1.0000,321.1982,1.1272,0.3138,16.6676,16.6476,15.3266,0.0010,-1.0000
16.6687,1.0000,321.2149,1.3079,0.2648,16.6657,16.6634,15.4840,0.0010,-1.0000
16.6650,1.0000,321.2316,1.2718,0.2789,16.6737,16.6550,15.4158,0.0015,-1.0000
16.6679,1.0000,321.2483,1.2276,0.2583,16.6618,16.6613,15.4723,0.0009,-1.0000
16.6667,1.0000,321.2648,1.3200,0.2483,16.6561,16.6595,15.3617,0.0013,-1.0000
16.6654,1.0000,321.2815,1.1782,0.2534,16.6718,16.6589,15.4702,0.0011,-1.0000
16.6686,1.0000,321.2983,1.2379,0.2821,16.6618,16.6638,15.5863,0.0009,-1.0000
16.6661,1.0000,321.3149,1.1880,0.3431,16.6683,16.6534,15.4407,0.0010,-1.0000
16.6645,1.0000,321.3315,1.2962,0.3263,16.6670,16.6502,15.4655,0.0013,-1.0000
16.6707,1.0000,321.3484,1.1876,0.3391,16.6658,16.6782,15.7463,0.0007,-1.0000
16.6663,1.0000,321.3649,1.0768,0.2498,16.6711,16.6554,15.2419,0.0014,-1.0000
16.6644,1.0000,321.3815,1.2118,0.2545,16.6629,16.6459,15.4051,0.0010,-1.0000
16.6705,1.0000,321.3984,1.1833,0.2610,16.6559,16.6757,15.6560,0.0012,-1.0000
16.6651,1.0000,321.4149,0.9310,0.3036,16.6867,16.6504,15.3289,0.0011,-1.0000
16.6673,1.0000,321.4316,1.4120,0.2456,16.6654,16.6585,15.5374,0.0010,-1.0000
16.6668,1.0000,321.4482,1.2397,0.2687,16.6537,16.6586,15.4101,0.0013,-1.0000
16.6671,1.0000,321.4649,1.0184,0.2693,16.6846,16.6644,15.4458,0.0011,-1.0000
16.6635,1.0000,321.4816,1.3202,0.2594,16.6591,16.6365,15.3656,0.0011,-1.0000
16.6654,1.0000,321.4981,1.1200,0.2585,16.6677,16.6561,15.4207,0.0011,-1.0000
16.6694,1.0000,321.5149,1.2473,0.2702,16.6676,16.6741,15.7726,0.0008,-1.0000
16.6658,1.0000,321.5316,1.2176,0.2816,16.6756,16.6557,15.3918,0.0011,-1.0000
16.6672,1.0000,321.5482,1.2698,0.2644,16.6442,16.6615,15.5487,0.0011,-1.0000
16.6678,1.0000,321.5648,1.2345,0.2836,16.6614,16.6646,15.5467,0.0009,-1.0000
16.6645,1.0000,321.5815,0.9005,0.2539,16.6816,16.6488,15.4505,0.0009,-1.0000
16.6673,1.0000,321.5982,1.2629,0.3028,16.6626,16.6620,15.6070,0.0010,-1.0000
16.6683,1.0000,321.6150,1.1116,0.2756,16.6683,16.6658,15.5007,0.0010,-1.0000
16.6685,1.0000,321.6316,1.1168,0.2648,16.6730,16.7060,15.2631,0.0011,-1.0000
16.6670,1.0000,321.6483,1.1972,0.2558,16.6562,16.7028,15.5200,0.0010,-1.0000
16.6667,1.0000,321.6649,1.0539,0.2469,16.6678,16.6382,15.4190,0.0011,-1.0000
16.6690,1.0000,321.6817,1.1640,0.3098,16.6737,16.6635,15.4174,0.0009,-1.0000
16.6660,1.0000,321.6985,1.4419,0.2447,16.7138,16.6973,15.3101,0.0012,-1.0000
16.7082,1.0000,321.7151,1.1813,0.2549,16.7093,16.6531,15.2258,0.0013,-1.0000
16.6653,1.0000,321.7317,1.2180,0.2992,16.6480,16.6456,15.2467,0.0012,-1.0000
16.6669,1.0000,321.7484,1.2450,0.3414,16.6727,16.7056,15.3070,0.0010,-1.0000
16.6649,1.0000,321.7649,1.3860,0.2882,16.7068,16.5682,15.3059,0.0012,-1.0000
16.6686,1.0000,321.7817,1.4258,0.3316,16.6623,16.6606,15.4615,0.0010,-1.0000
16.6640,1.0000,321.7982,1.3979,0.2549,16.6545,16.6478,15.3848,0.0011,-1.0000
16.6690,1.0000,321.8150,1.3974,0.3133,16.7144,16.6717,15.6340,0.0009,-1.0000
16.6664,1.0000,321.8317,1.2612,0.3509,16.5761,16.6627,15.3557,0.0009,-1.0000
16.6641,1.0000,321.8482,1.1981,0.2717,16.6696,16.6351,15.4709,0.0012,-1.0000
16.6673,1.0000,321.8650,1.2618,0.2984,16.6542,16.7488,15.6677,0.0010,-1.0000
16.6697,1.0000,321.8817,1.0366,0.2548,16.6802,16.5891,15.4330,0.0008,-1.0000
16.6650,1.0000,321.8983,1.3061,0.2646,16.6716,16.6531,15.3606,0.0011,-1.0000
16.6659,1.0000,321.9149,1.1629,0.2325,16.6413,16.6598,15.5906,0.0013,-1.0000
16.6694,1.0000,321.9317,1.0803,0.2943,16.7554,16.6699,15.5772,0.0010,-1.0000
16.6684,1.0000,321.9485,1.1550,0.3105,16.5966,16.6797,15.3839,0.0011,-1.0000
16.6659,1.0000,321.9649,1.2913,0.2423,16.6600,16.6417,14.9627,0.0012,-1.0000
16.6660,1.0000,321.9820,1.0682,0.3041,16.6658,16.6624,15.2915,0.0017,-1.0000
16.6684,1.0000,321.9984,1.0917,0.2641,16.6766,16.6531,14.8569,0.0013,-1.0000
16.6643,1.0000,322.0151,1.2942,0.4203,16.6903,16.6476,15.1568,0.0012,-1.0000
16.6674,1.0000,322.0317,1.6777,0.2971,16.6515,16.6652,15.1740,0.0012,-1.0000
16.6660,1.0000,322.0483,1.3694,0.3301,16.6730,16.6483,15.3708,0.0012,-1.0000
16.6666,1.0000,322.0649,1.7951,0.4083,16.6639,16.6551,15.4164,0.0009,-1.0000
16.6682,1.0000,322.0817,1.4894,0.3728,16.6563,16.6737,15.5741,0.0008,-1.0000
16.6665,1.0000,322.0984,1.4899,0.2869,16.6747,16.6868,15.2803,0.0012,-1.0000
16.6663,1.0000,322.1150,1.2764,0.2795,16.6563,16.6190,15.1702,0.0014,-1.0000
16.6678,1.0000,322.1317,1.2376,0.2595,16.6626,16.6715,15.3434,0.0011,-1.0000
16.6631,1.0000,322.1483,1.0985,0.3732,16.6816,16.6838,15.3667,0.0011,-1.0000
16.6689,1.0000,322.1649,1.4053,0.3181,16.6956,16.6231,15.5693,0.0008,-1.0000
16.6681,1.0000,322.1817,1.4472,0.3083,16.6260,16.6639,15.1678,0.0012,-1.0000
16.6666,1.0000,322.1984,1.3269,0.2423,16.6805,16.7108,15.2860,0.0010,-1.0000
16.6662,1.0000,322.2150,1.3160,0.2382,16.6901,16.6020,15.2589,0.0013,-1.0000
16.6707,1.0000,322.2317,1.0530,0.2690,16.6295,16.6767,15.3942,0.0015,-1.0000
16.6648,1.0000,322.2485,1.4948,0.3054,16.6727,16.7082,15.1249,0.0010,-1.0000
16.6653,1.0000,322.2649,1.4237,0.3099,16.7192,16.5845,15.1624,0.0012,-1.0000
16.6695,1.0000,322.2818,1.3417,0.2581,16.6101,16.6769,15.4281,0.0013,-1.0000
16.6654,1.0000,322.2984,1.2809,0.3174,16.6879,16.6492,15.2180,0.0014,-1.0000
16.6635,1.0000,322.3150,1.5823,0.3105,16.7195,16.6781,15.3013,0.0012,-1.0000
16.6688,1.0000,322.3317,1.4209,0.3266,16.5931,16.6770,15.4880,0.0009,-1.0000
16.6671,1.0000,322.3484,1.2471,0.2825,16.6872,16.6576,15.3145,0.0010,-1.0000
16.6630,1.0000,322.3648,1.4300,0.2835,16.6583,16.6379,15.2703,0.0009,-1.0000
16.6691,1.0000,322.3817,1.3756,0.2612,16.6856,16.7115,15.7160,0.0008,-1.0000
16.6677,1.0000,322.3984,1.1880,0.2577,16.6849,16.6286,15.3934,0.0010,-1.0000
16.6645,1.0000,322.4149,1.3420,0.2637,16.6675,16.6310,15.3140,0.0012,-1.0000
16.6683,1.0000,322.4318,1.3669,0.2595,16.6449,16.7667,15.6443,0.0009,-1.0000
16.6677,1.0000,322.4484,0.9947,0.2454,16.7177,16.5970,15.1921,0.0010,-1.0000
16.6631,1.0000,322.4648,1.2342,0.2893,16.6372,16.6230,15.3010,0.0011,-1.0000
16.6692,1.0000,322.4818,1.3158,0.2699,16.6378,16.7072,15.7307,0.0009,-1.0000
16.6685,1.0000,322.4984,1.1214,0.2948,16.7725,16.5966,15.2348,0.0011,-1.0000
16.6665,1.0000,322.5152,1.4039,0.2720,16.6067,16.7114,15.1268,0.0012,-1.0000
16.6680,1.0000,322.5318,1.3210,0.2436,16.6301,16.7222,15.1037,0.0011,-1.0000
16.6657,1.0000,322.5484,0.9757,0.3294,16.7142,16.5696,15.1020,0.0014,-1.0000
16.6656,1.0000,322.5650,1.3607,0.3308,16.6059,16.6729,15.2974,0.0012,-1.0000
16.6689,1.0000,322.5818,1.5833,0.2825,16.7205,16.6643,15.3876,0.0012,-1.0000
16.6647,1.0000,322.5985,1.6171,0.2930,16.7323,16.6438,15.4086,0.0012,-1.0000
16.6651,1.0000,322.6150,1.4660,0.3129,16.5808,16.6426,15.2086,0.0010,-1.0000
16.6693,1.0000,322.6318,1.3742,0.3012,16.6819,16.6996,15.4861,0.0013,-1.0000
16.6657,1.0000,322.6484,1.2751,0.2814,16.6750,16.6162,15.2240,0.0012,-1.0000
16.6665,1.0000,322.6649,1.2340,0.2746,16.6545,16.6481,15.2968,0.0010,-1.0000
16.6671,1.0000,322.6819,1.4334,0.3393,16.6505,16.7839,15.6083,0.0008,-1.0000
16.6661,1.0000,322.6984,1.2122,0.2882,16.7068,16.5327,15.1892,0.0012,-1.0000
16.6648,1.0000,322.7149,1.3911,0.2836,16.6252,16.6417,15.2586,0.0013,-1.0000
16.6689,1.0000,322.7317,1.3500,0.2597,16.6548,16.6800,15.7261,0.0010,-1.0000
16.6683,1.0000,322.7484,1.1748,0.2884,16.7914,16.6359,15.3935,0.0011,-1.0000
16.6636,1.0000,322.7649,1.3423,0.2665,16.5402,16.6409,15.2649,0.0010,-1.0000
16.6721,1.0000,322.7818,1.3821,0.2590,16.6473,16.6832,15.5728,0.0010,-1.0000
16.6823,1.0000,322.7984,0.9529,0.2730,16.6859,16.6673,15.1729,0.0012,-1.0000
16.6655,1.0000,322.8151,1.2413,0.2891,16.6438,16.6573,15.2631,0.0011,-1.0000
16.6669,1.0000,322.8317,1.3749,0.2867,16.6482,16.6554,15.2805,0.0012,-1.0000
16.6682,1.0000,322.8485,1.1093,0.3215,16.6930,16.7003,15.2804,0.0013,-1.0000
16.6633,1.0000,322.8650,1.4928,0.4067,16.6773,16.6049,15.1854,0.0013,-1.0000
16.6648,1.0000,322.8817,1.3931,0.2791,16.6683,16.6006,15.3248,0.0013,-1.0000
16.6701,1.0000,322.8984,1.3736,0.3297,16.6670,16.6523,15.5511,0.0009,-1.0000
16.6659,1.0000,322.9150,1.4184,0.3157,16.7095,16.6540,15.3456,0.0013,-1.0000
16.6652,1.0000,322.9317,1.4182,0.3082,16.6671,16.6520,15.4331,0.0009,-1.0000
16.6681,1.0000,322.9483,1.2745,0.2730,16.6063,16.6672,15.4159,0.0012,-1.0000
16.6681,1.0000,322.9649,1.1004,0.3813,16.6608,16.6632,15.4457,0.0010,-1.0000
16.6636,1.0000,322.9816,1.3071,0.3280,16.6629,16.6447,15.4918,0.0011,-1.0000
16.6690,1.0000,322.9983,1.2177,0.2790,16.6585,16.6691,15.5922,0.0010,-1.0000
16.6675,1.0000,323.0151,1.2497,0.2819,16.6744,16.6627,15.4892,0.0008,-1.0000
16.6647,1.0000,323.0316,1.2163,0.2674,16.6727,16.6500,15.0951,0.0012,-1.0000
16.6689,1.0000,323.0483,1.1519,0.2684,16.6516,16.6648,15.4485,0.0010,-1.0000
16.6692,1.0000,323.0650,1.0757,0.3090,16.6751,16.6667,15.3214,0.0012,-1.0000
16.6611,1.0000,323.0816,1.1729,0.2937,16.6726,16.6368,15.1895,0.0015,-1.0000
16.6705,1.0000,323.0984,1.5535,0.2967,16.6575,16.6724,15.6183,0.0008,-1.0000
16.6670,1.0000,323.1151,1.2150,0.3029,16.6741,16.6627,15.3541,0.0014,-1.0000
16.6658,1.0000,323.1317,1.3438,0.2756,16.6773,16.6481,15.3104,0.0010,-1.0000
16.6685,1.0000,323.1484,1.4461,0.3068,16.6439,16.6663,15.4581,0.0012,-1.0000
16.6660,1.0000,323.1649,1.0533,0.2682,16.6800,16.6506,15.3718,0.0013,-1.0000
16.6629,1.0000,323.1816,1.3070,0.2830,16.6732,16.6472,15.4731,0.0012,-1.0000
16.6679,1.0000,323.1983,1.3366,0.2794,16.6570,16.6684,15.7258,0.0010,-1.0000
16.6700,1.0000,323.2150,1.2069,0.3037,16.6750,16.6734,15.4356,0.0013,-1.0000
16.6622,1.0000,323.2316,1.2775,0.2756,16.6596,16.6399,15.4971,0.0013,-1.0000
16.6676,1.0000,323.2484,1.1732,0.2789,16.6528,16.6672,15.6437,0.0009,-1.0000
16.6696,1.0000,323.2649,0.9414,0.2500,16.6742,16.6628,15.3541,0.0010,-1.0000
16.6635,1.0000,323.2817,1.2364,0.2924,16.6816,16.6485,15.4557,0.0013,-1.0000
16.6666,1.0000,323.2982,1.1417,0.2602,16.6465,16.6596,15.4557,0.0010,-1.0000
16.6692,1.0000,323.3150,1.0227,0.2937,16.6767,16.6707,15.6471,0.0009,-1.0000
16.6664,1.0000,323.3317,1.3072,0.2944,16.6708,16.6549,15.3394,0.0012,-1.0000
16.6657,1.0000,323.3483,1.1918,0.2587,16.6554,16.6529,15.3732,0.0010,-1.0000
16.6691,1.0000,323.3649,1.2029,0.2610,16.6652,16.6711,15.4497,0.0009,-1.0000
16.6663,1.0000,323.3817,1.0226,0.2786,16.6797,16.6554,15.3907,0.0009,-1.0000
16.6670,1.0000,323.3984,1.3138,0.2912,16.6626,16.6578,15.4161,0.0013,-1.0000
16.6674,1.0000,323.4150,1.2784,0.2696,16.6603,16.6616,15.3865,0.0011,-1.0000
16.6655,1.0000,323.4317,1.2202,0.2657,16.6797,16.6521,15.4971,0.0010,-1.0000
16.6702,1.0000,323.4485,1.2636,0.2769,16.6647,16.6737,15.4232,0.0013,-1.0000
16.6647,1.0000,323.4650,1.2404,0.2642,16.6660,16.6439,14.9752,0.0013,-1.0000
16.6642,1.0000,323.4817,1.2737,0.4039,16.6708,16.6428,15.3339,0.0010,-1.0000
16.6691,1.0000,323.4984,1.1540,0.2831,16.6606,16.6697,15.4687,0.0012,-1.0000
16.6671,1.0000,323.5151,1.2488,0.2823,16.6876,16.6544,15.3855,0.0014,-1.0000
16.6628,1.0000,323.5316,1.6670,0.2826,16.6565,16.6454,15.0905,0.0012,-1.0000
16.6690,1.0000,323.5483,1.3079,0.2747,16.6521,16.6693,15.5044,0.0008,-1.0000
16.6670,1.0000,323.5649,1.1992,0.3664,16.6786,16.6540,15.3540,0.0012,-1.0000
16.6653,1.0000,323.5816,1.2674,0.3029,16.6652,16.6581,15.3778,0.0015,-1.0000
16.6656,1.0000,323.5983,1.5537,0.2815,16.6529,16.6533,15.5211,0.0011,-1.0000
16.6696,1.0000,323.6150,1.1640,0.2689,16.6772,16.6747,15.6324,0.0010,-1.0000
16.6673,1.0000,323.6318,1.2984,0.2924,16.6616,16.6588,15.4206,0.0009,-1.0000
16.6638,1.0000,323.6483,1.2790,0.2627,16.6648,16.6478,15.2941,0.0010,-1.0000
16.6701,1.0000,323.6650,1.1312,0.2398,16.6589,16.6727,15.5278,0.0010,-1.0000
16.6657,1.0000,323.6817,1.0413,0.3128,16.6819,16.6498,15.2362,0.0012,-1.0000
16.6650,1.0000,323.6983,1.2371,0.2600,16.6672,16.6520,15.3848,0.0013,-1.0000
16.6714,1.0000,323.7151,1.3527,0.2552,16.6552,16.6813,15.5005,0.0013,-1.0000
16.6643,1.0000,323.7318,1.1436,0.3367,16.6833,16.6423,15.2348,0.0011,-1.0000
16.6674,1.0000,323.7484,1.4123,0.2574,16.6589,16.6576,15.2341,0.0011,-1.0000
16.6663,1.0000,323.7649,1.2658,0.2606,16.6599,16.6588,15.2782,0.0011,-1.0000
16.6666,1.0000,323.7817,1.1793,0.3216,16.6913,16.6561,15.4026,0.0010,-1.0000
16.6628,1.0000,323.7982,1.4063,0.3589,16.6526,16.6470,15.4907,0.0010,-1.0000
16.6699,1.0000,323.8150,1.4223,0.3953,16.6658,16.6716,15.7603,0.0007,-1.0000
16.6651,1.0000,323.8317,1.3793,0.3035,16.6673,16.6564,15.4249,0.0013,-1.0000
16.6680,1.0000,323.8484,1.2522,0.2813,16.6651,16.6577,15.2860,0.0011,-1.0000
16.6670,1.0000,323.8649,1.1554,0.2398,16.6529,16.6651,15.4415,0.0010,-1.0000
16.6678,1.0000,323.8817,0.9102,0.2743,16.6781,16.6603,15.5713,0.0012,-1.0000
16.6639,1.0000,323.8983,1.2303,0.3794,16.6636,16.6586,15.4658,0.0012,-1.0000
16.6686,1.0000,323.9150,1.3704,0.3292,16.6641,16.6597,15.5611,0.0011,-1.0000
16.6674,1.0000,323.9317,1.2223,0.2592,16.6717,16.6600,15.3813,0.0011,-1.0000
16.6658,1.0000,323.9483,1.0874,0.2735,16.6678,16.6553,15.3393,0.0012,-1.0000
16.6699,1.0000,323.9651,1.1918,0.2436,16.6656,16.6712,15.5600,0.0011,-1.0000
16.6654,1.0000,323.9817,1.0976,0.3223,16.6686,16.6506,15.2083,0.0010,-1.0000
16.6668,1.0000,323.9985,1.2776,0.2536,16.6685,16.6560,15.2600,0.0013,-1.0000
16.6663,1.0000,324.0150,1.3148,0.2888,16.6630,16.6533,15.2355,0.0010,-1.0000
16.6667,1.0000,324.0317,1.1099,0.4036,16.6811,16.6571,15.4294,0.0012,-1.0000
16.6678,1.0000,324.0483,1.4413,0.3013,16.6621,16.6607,15.3579,0.0012,-1.0000
16.6663,1.0000,324.0650,1.3946,0.2944,16.6667,16.6591,15.3454,0.0012,-1.0000
16.6665,1.0000,324.0817,1.4168,0.2526,16.6621,16.6527,15.4875,0.0009,-1.0000
16.6651,1.0000,324.0983,1.2264,0.2808,16.6649,16.6518,15.4440,0.0009,-1.0000
16.6683,1.0000,324.1150,1.3016,0.3238,16.6692,16.6677,15.4242,0.0011,-1.0000
16.6658,1.0000,324.1317,1.3124,0.3716,16.6694,16.6551,15.4798,0.0011,-1.0000
16.6657,1.0000,324.1483,1.1644,0.2565,16.6628,16.6505,15.4261,0.0010,-1.0000
16.6682,1.0000,324.1649,1.2068,0.3022,16.6597,16.6690,15.5513,0.0012,-1.0000
16.6677,1.0000,324.1817,1.2422,0.2615,16.6758,16.6572,15.4571,0.0011,-1.0000
16.6630,1.0000,324.1982,1.1740,0.2607,16.6643,16.6443,15.3530,0.0011,-1.0000
16.6687,1.0000,324.2151,1.2235,0.2531,16.6577,16.6717,15.7450,0.0008,-1.0000
16.6679,1.0000,324.2318,1.1164,0.3021,16.6776,16.6598,15.2372,0.0015,-1.0000
16.6644,1.0000,324.2483,1.1990,0.3097,16.6671,16.6491,15.3521,0.0012,-1.0000
16.6703,1.0000,324.2650,1.2903,0.2686,16.6505,16.6765,15.6084,0.0014,-1.0000
16.6661,1.0000,324.2817,0.9258,0.3151,16.6784,16.6493,15.3383,0.0014,-1.0000
16.6671,1.0000,324.2984,1.4209,0.2610,16.6681,16.6601,15.3818,0.0012,-1.0000
16.6659,1.0000,324.3152,1.2954,0.2501,16.6559,16.6550,15.3966,0.0011,-1.0000
16.6683,1.0000,324.3318,1.0664,0.3086,16.6865,16.6667,15.1983,0.0011,-1.0000
16.6685,1.0000,324.3485,1.3095,0.2952,16.6589,16.6592,15.2609,0.0011,-1.0000
16.6606,1.0000,324.3648,1.2770,0.2824,16.6692,16.6362,15.2796,0.0012,-1.0000
16.6708,1.0000,324.3817,1.2574,0.2789,16.6640,16.6748,15.5645,0.0013,-1.0000
16.6639,1.0000,324.3983,1.4671,0.3090,16.6759,16.6477,15.4574,0.0011,-1.0000
16.6645,1.0000,324.4149,1.3967,0.2690,16.6699,16.6497,15.4973,0.0009,-1.0000
16.6721,1.0000,324.4318,1.3555,0.2804,16.6430,16.6994,15.7519,0.0010,-1.0000
16.6644,1.0000,324.4483,1.1089,0.2891,16.6836,16.6292,15.1661,0.0012,-1.0000
16.6647,1.0000,324.4648,1.1892,0.2587,16.6558,16.6524,15.3833,0.0012,-1.0000
16.6703,1.0000,324.4817,1.1514,0.2422,16.6550,16.6711,15.6587,0.0008,-1.0000
16.6651,1.0000,324.4983,0.9465,0.2568,16.7094,16.6538,15.4372,0.0011,-1.0000
16.6656,1.0000,324.5150,1.4618,0.2622,16.6381,16.6537,15.5559,0.0012,-1.0000
16.6682,1.0000,324.5317,1.2678,0.2724,16.6594,16.6687,15.4197,0.0013,-1.0000
16.6813,1.0000,324.5482,1.0114,0.2913,16.6782,16.6616,15.3656,0.0010,-1.0000
16.6712,1.0000,324.5658,1.2155,0.2688,16.6621,16.6803,15.6525,0.0009,-1.0000
16.6660,1.0000,324.5818,1.0967,0.2687,16.6612,16.6538,14.2837,0.0014,-1.0000
16.6663,1.0000,324.5984,1.2477,0.3227,16.6763,16.6615,15.3526,0.0012,-1.0000
16.6675,1.0000,324.6151,1.2953,0.2391,16.6681,16.6545,15.3029,0.0012,-1.0000
16.6655,1.0000,324.6317,1.0264,0.6492,16.6879,16.6564,15.3173,0.0011,-1.0000
16.6678,1.0000,324.6485,2.3684,0.4425,16.6620,16.7924,15.3352,0.0010,-1.0000
16.6664,1.0000,324.6650,1.3078,0.3682,16.6714,16.5262,15.1106,0.0012,-1.0000
16.6670,1.0000,324.6818,1.3501,0.4340,16.6633,16.6569,15.3719,0.0011,-1.0000
16.6631,1.0000,324.6983,1.3378,0.5146,16.6650,16.6461,15.2942,0.0012,-1.0000
16.6793,1.0000,324.7150,1.4561,0.6660,16.8021,16.6730,15.5257,0.0008,-1.0000
16.6695,1.0000,324.7318,1.4145,0.4292,16.5344,16.6726,15.5413,0.0012,-1.0000
16.6655,1.0000,324.7484,1.2838,0.3320,16.6651,16.6534,15.3749,0.0009,-1.0000
16.6673,1.0000,324.7650,1.3509,0.3080,16.6534,16.6622,15.3841,0.0011,-1.0000
16.6678,1.0000,324.7818,1.1464,0.4571,16.6788,16.6624,15.4652,0.0012,-1.0000
16.6656,1.0000,324.7984,1.1300,0.3427,16.6798,16.6529,15.2982,0.0013,-1.0000
16.6665,1.0000,324.8151,1.2773,0.4570,16.6605,16.6600,15.4892,0.0011,-1.0000
16.6659,1.0000,324.8323,1.2770,0.2788,16.6688,16.6522,15.3773,0.0012,-1.0000
16.6664,1.0000,324.8484,1.1958,0.3409,16.6715,16.6599,14.6892,0.0013,-1.0000
16.6703,1.0000,324.8651,1.3533,0.2889,16.6606,16.6724,15.2803,0.0010,-1.0000
16.6668,1.0000,324.8818,1.1697,0.2983,16.6685,16.6594,15.1544,0.0012,-1.0000
16.6655,1.0000,324.8984,1.2735,0.3363,16.6600,16.6526,15.1813,0.0012,-1.0000
16.6673,1.0000,324.9151,1.9695,0.3343,16.6659,16.6681,15.3310,0.0012,-1.0000
16.6660,1.0000,324.9318,1.3911,0.4030,16.6810,16.6456,15.2409,0.0014,-1.0000
16.6669,1.0000,324.9485,1.5037,0.4057,16.6684,16.6604,15.2960,0.0012,-1.0000
16.6995,1.0000,324.9651,1.4699,0.3454,16.6608,16.6965,15.2554,0.0014,-1.0000
16.6659,1.0000,324.9819,1.3357,0.4029,16.6785,16.6529,15.3278,0.0010,-1.0000
16.6646,1.0000,324.9985,1.4030,0.3088,16.6542,16.6456,15.1926,0.0011,-1.0000
16.6684,1.0000,325.0151,1.3632,0.3567,16.6686,16.6674,15.3349,0.0011,-1.0000
16.6663,1.0000,325.0318,1.4395,0.3368,16.7063,16.6547,15.3127,0.0015,-1.0000
16.6652,1.0000,325.0485,1.3241,0.3653,16.6635,16.6543,15.2959,0.0010,-1.0000
16.6699,1.0000,325.0650,1.4516,0.4180,16.6526,16.6708,15.3587,0.0012,-1.0000
16.6662,1.0000,325.0818,1.3313,0.3915,16.6760,16.6550,15.3290,0.0011,-1.0000
16.6641,1.0000,325.0984,1.3403,0.3397,16.6629,16.6480,15.2577,0.0012,-1.0000
16.6667,1.0000,325.1151,1.3574,0.3348,16.6622,16.6641,15.4794,0.0009,-1.0000
16.6683,1.0000,325.1318,1.3106,0.3884,16.6782,16.6641,15.4116,0.0015,-1.0000
16.6666,1.0000,325.1484,1.3251,0.3965,16.6634,16.6571,15.3415,0.0013,-1.0000
16.6701,1.0000,325.1653,1.3889,0.3509,16.6548,16.7137,15.4358,0.0009,-1.0000
16.6660,1.0000,325.1818,1.1836,0.3523,16.6703,16.6073,14.8533,0.0012,-1.0000
16.6662,1.0000,325.1985,1.2510,0.3163,16.6725,16.6572,15.2548,0.0015,-1.0000
16.6635,1.0000,325.2151,1.3142,0.3513,16.6639,16.6483,15.2602,0.0013,-1.0000
16.6697,1.0000,325.2318,1.2766,0.4072,16.7245,16.6685,15.2083,0.0011,-1.0000
16.6664,1.0000,325.2485,1.7524,0.3554,16.6173,16.6594,15.3309,0.0011,-1.0000
16.6663,1.0000,325.2651,1.4006,0.3372,16.6655,16.6574,15.2442,0.0012,-1.0000
16.6673,1.0000,325.2819,1.3867,0.3784,16.6562,16.6589,15.3731,0.0011,-1.0000
16.6648,1.0000,325.2984,1.4591,0.3249,16.6767,16.6494,15.2063,0.0013,-1.0000
16.6647,1.0000,325.3150,1.3273,0.4492,16.6680,16.6532,15.4247,0.0012,-1.0000
16.6691,1.0000,325.3318,1.4121,0.3526,16.6675,16.6721,15.6975,0.0010,-1.0000
16.6673,1.0000,325.3485,1.2844,0.4046,16.6672,16.6581,15.1197,0.0010,-1.0000
16.6651,1.0000,325.3650,1.4416,0.3513,16.6567,16.6672,15.1235,0.0015,-1.0000
16.6683,1.0000,325.3818,1.2274,0.3376,16.6589,16.6573,15.6259,0.0010,-1.0000
16.6670,1.0000,325.3984,0.9737,0.3975,16.6800,16.6505,15.2829,0.0015,-1.0000
16.6638,1.0000,325.4150,1.5367,0.3766,16.6680,16.6472,15.3155,0.0012,-1.0000
16.6678,1.0000,325.4318,1.5422,0.3104,16.6764,16.6645,15.6902,0.0011,-1.0000
16.6658,1.0000,325.4484,1.0301,0.3887,16.6652,16.6608,15.2954,0.0013,-1.0000
16.6682,1.0000,325.4650,1.3658,0.3382,16.6581,16.6620,15.4919,0.0012,-1.0000
16.6698,1.0000,325.4818,1.3304,0.2696,16.6529,16.6734,15.5756,0.0011,-1.0000
16.6651,1.0000,325.4984,0.9732,0.2581,16.6715,16.6511,15.2382,0.0013,-1.0000
16.6669,1.0000,325.5151,1.3641,0.3011,16.6679,16.6574,15.3553,0.0013,-1.0000
16.6666,1.0000,325.5318,1.1690,0.2660,16.6682,16.6609,15.3143,0.0012,-1.0000
16.6664,1.0000,325.5485,1.0965,0.3334,16.6811,16.6582,15.2591,0.0012,-1.0000
16.6673,1.0000,325.5650,1.4111,0.3712,16.6599,16.6541,15.3700,0.0012,-1.0000
16.6673,1.0000,325.5818,1.3003,0.2934,16.6650,16.6643,15.4569,0.0011,-1.0000
16.6664,1.0000,325.5986,1.3451,0.2670,16.6692,16.6506,15.3472,0.0012,-1.0000
16.6652,1.0000,325.6151,1.3979,0.2962,16.6693,16.6531,15.2627,0.0011,-1.0000
16.6666,1.0000,325.6317,1.2826,0.3045,16.6621,16.6548,15.4390,0.0017,-1.0000
16.6671,1.0000,325.6485,1.2060,0.3694,16.6751,16.6635,15.4705,0.0011,-1.0000
16.6684,1.0000,325.6651,1.3020,0.2937,16.6608,16.6630,15.2614,0.0012,-1.0000
16.6665,1.0000,325.6818,1.3893,0.2776,16.6624,16.6560,15.2692,0.0011,-1.0000
16.6652,1.0000,325.6984,1.2140,0.2683,16.6617,16.6561,15.3308,0.0013,-1.0000
16.6645,1.0000,325.7149,1.1916,0.2856,16.6716,16.6483,15.3427,0.0012,-1.0000
16.6699,1.0000,325.7318,1.4001,0.3846,16.6714,16.6721,15.7562,0.0012,-1.0000
16.6660,1.0000,325.7484,1.3855,0.2753,16.6643,16.6598,15.4115,0.0013,-1.0000
16.6658,1.0000,325.7649,1.3236,0.2956,16.6645,16.6535,15.4097,0.0010,-1.0000
16.6696,1.0000,325.7818,1.3045,0.2412,16.6534,16.6730,15.5785,0.0010,-1.0000
16.6669,1.0000,325.7986,0.9148,0.2687,16.6785,16.6584,15.2465,0.0014,-1.0000
16.6651,1.0000,325.8151,1.2469,0.3507,16.6673,16.6520,15.1001,0.0014,-1.0000
16.6691,1.0000,325.8322,1.2426,0.2426,16.6593,16.6653,15.2709,0.0011,-1.0000
16.6654,1.0000,325.8484,1.0935,0.3135,16.6807,16.6090,14.9074,0.0015,-1.0000
16.6659,1.0000,325.8651,1.4102,0.3344,16.6685,16.6560,15.2980,0.0012,-1.0000
16.6690,1.0000,325.8818,1.5503,0.2836,16.6599,16.6661,15.4213,0.0012,-1.0000
16.6658,1.0000,325.8986,1.3929,0.3553,16.7189,16.6548,15.2949,0.0012,-1.0000
16.6629,1.0000,325.9151,1.6997,0.2843,16.6184,16.6456,15.1424,0.0014,-1.0000
16.6669,1.0000,325.9317,1.3566,0.3061,16.6634,16.6613,15.5664,0.0010,-1.0000
16.6701,1.0000,325.9485,1.2433,0.3037,16.6743,16.6728,15.4793,0.0012,-1.0000
16.6647,1.0000,325.9655,1.3586,0.3280,16.6643,16.6495,15.3566,0.0012,-1.0000
16.6669,1.0000,325.9817,1.5020,0.2471,16.6523,16.6631,14.8462,0.0012,-1.0000
16.6697,1.0000,325.9984,1.0939,0.2902,16.6677,16.6657,15.4859,0.0011,-1.0000
16.6626,1.0000,326.0150,1.1921,0.3141,16.6799,16.6460,15.3623,0.0011,-1.0000
16.6666,1.0000,326.0317,1.2918,0.5143,16.6557,16.6602,15.5150,0.0011,-1.0000
16.6695,1.0000,326.0485,1.8156,0.3110,16.6706,16.6701,15.5827,0.0011,-1.0000
16.6664,1.0000,326.0650,1.1786,0.6205,16.6741,16.6537,15.3464,0.0013,-1.0000
16.6672,1.0000,326.0818,1.2827,0.2815,16.6534,16.6621,15.5086,0.0010,-1.0000
16.6689,1.0000,326.0985,1.1442,0.3054,16.6669,16.6642,15.3527,0.0014,-1.0000
16.6632,1.0000,326.1151,1.0862,0.3196,16.6772,16.6463,15.2583,0.0011,-1.0000
16.6666,1.0000,326.1322,1.3057,0.3830,16.6623,16.6778,15.3187,0.0012,-1.0000
16.6690,1.0000,326.1486,1.1521,0.3185,16.6698,16.6473,14.8784,0.0013,-1.0000
16.6641,1.0000,326.1650,1.3097,0.3357,16.6757,16.6465,15.1152,0.0014,-1.0000
16.6681,1.0000,326.1818,1.3871,0.3060,16.6557,16.6600,15.5574,0.0010,-1.0000
16.6679,1.0000,326.1985,1.3578,0.3226,16.6864,16.6655,15.3369,0.0012,-1.0000
16.6666,1.0000,326.2151,1.7678,0.3497,16.6576,16.6551,15.3316,0.0012,-1.0000
16.6624,1.0000,326.2316,1.5302,0.3126,16.6549,16.6411,15.3729,0.0012,-1.0000
16.6699,1.0000,326.2484,1.1014,0.3252,16.6684,16.6762,15.7431,0.0011,-1.0000
16.6673,1.0000,326.2650,1.3274,0.3415,16.6743,16.6592,15.3656,0.0013,-1.0000
16.6632,1.0000,326.2817,1.3221,0.3457,16.6651,16.6430,15.3625,0.0011,-1.0000
16.6709,1.0000,326.2985,1.2670,0.2831,16.6473,16.6769,15.6426,0.0010,-1.0000
16.6660,1.0000,326.3151,0.9322,0.3497,16.6835,16.6564,15.3950,0.0013,-1.0000
16.6642,1.0000,326.3317,1.2924,0.3490,16.6687,16.6507,15.2828,0.0012,-1.0000
16.6680,1.0000,326.3485,1.2795,0.3259,16.6493,16.6692,15.4060,0.0013,-1.0000
16.6668,1.0000,326.3651,1.0333,0.2960,16.6841,16.6522,15.1127,0.0013,-1.0000
16.6719,1.0000,326.3817,1.2601,0.2914,16.6644,16.6645,15.4644,0.0009,-1.0000
16.6697,1.0000,326.3986,1.3667,0.2532,16.6577,16.6728,15.4301,0.0012,-1.0000
16.6663,1.0000,326.4151,1.2618,0.2770,16.6772,16.6476,15.1563,0.0015,-1.0000
16.6660,1.0000,326.4318,1.5381,0.2762,16.6603,16.6544,15.3540,0.0013,-1.0000
16.6669,1.0000,326.4484,1.1993,0.3164,16.6714,16.6594,15.3246,0.0010,-1.0000
16.6677,1.0000,326.4650,1.2415,0.2887,16.6831,16.6641,15.3210,0.0012,-1.0000
16.6646,1.0000,326.4818,1.4897,0.2695,16.6580,16.6471,15.3220,0.0012,-1.0000
16.6697,1.0000,326.4985,1.2985,0.2660,16.6640,16.6726,15.2558,0.0012,-1.0000
16.6642,1.0000,326.5151,1.3333,0.3040,16.6678,16.6426,15.2053,0.0013,-1.0000
16.6667,1.0000,326.5318,1.3417,0.2905,16.6750,16.6578,15.4737,0.0014,-1.0000
16.6669,1.0000,326.5485,1.3239,0.3020,16.6560,16.6616,15.3504,0.0011,-1.0000
16.6678,1.0000,326.5650,1.4157,0.4485,16.6829,16.6580,15.2217,0.0011,-1.0000
16.6647,1.0000,326.5817,1.4360,0.2475,16.6534,16.6494,15.4987,0.0011,-1.0000
16.6672,1.0000,326.5984,1.1825,0.2645,16.6656,16.6598,15.5859,0.0009,-1.0000
16.6680,1.0000,326.6151,1.3101,0.3062,16.6703,16.6632,15.3584,0.0013,-1.0000
16.6656,1.0000,326.6317,1.4350,0.2362,16.6676,16.6547,15.4507,0.0013,-1.0000
16.6662,1.0000,326.6484,1.1496,0.3135,16.6583,16.6584,15.4784,0.0011,-1.0000
16.6693,1.0000,326.6650,1.0730,0.2828,16.6671,16.6676,15.3729,0.0009,-1.0000
16.6643,1.0000,326.6817,1.3032,0.3348,16.6711,16.6464,15.3596,0.0011,-1.0000
16.6666,1.0000,326.6984,1.2027,0.3832,16.6630,16.6614,15.4955,0.0012,-1.0000
16.6966,1.0000,326.7151,1.1788,0.2926,16.6653,16.6951,15.5636,0.0016,-1.0000
16.6633,1.0000,326.7318,1.2936,0.3713,16.6769,16.6449,15.4074,0.0012,-1.0000
16.6693,1.0000,326.7484,1.2858,0.2813,16.6556,16.6667,15.5217,0.0011,-1.0000
16.6674,1.0000,326.7651,1.1646,0.2936,16.6697,16.6655,15.5035,0.0013,-1.0000
16.6662,1.0000,326.7819,1.1297,0.2848,16.7043,16.6530,15.3853,0.0012,-1.0000
16.6657,1.0000,326.7984,1.2363,0.2506,16.6520,16.6477,15.3437,0.0012,-1.0000
16.6678,1.0000,326.8152,1.1440,0.2845,16.6746,16.6614,15.4868,0.0012,-1.0000
16.6663,1.0000,326.8318,1.1604,0.2932,16.6752,16.6587,15.3623,0.0012,-1.0000
16.6641,1.0000,326.8484,1.2664,0.3096,16.6663,16.6472,15.3423,0.0013,-1.0000
16.6699,1.0000,326.8650,1.3026,0.2667,16.6554,16.6743,15.5962,0.0011,-1.0000
16.6669,1.0000,326.8818,1.1733,0.2753,16.6696,16.6585,15.4901,0.0010,-1.0000
16.6628,1.0000,326.8983,1.2953,0.3178,16.6676,16.6406,15.3906,0.0017,-1.0000
16.6699,1.0000,326.9151,1.3035,0.2525,16.6539,16.6738,15.7999,0.0009,-1.0000
16.6668,1.0000,326.9318,1.0768,0.2881,16.6817,16.6553,15.2981,0.0010,-1.0000
16.6637,1.0000,326.9484,1.1674,0.3053,16.6691,16.6533,15.3151,0.0009,-1.0000
16.6703,1.0000,326.9650,1.2485,0.2336,16.6474,16.6703,15.5508,0.0012,-1.0000
16.6671,1.0000,326.9821,0.8728,0.3270,16.6829,16.6599,15.5182,0.0010,-1.0000
16.6638,1.0000,326.9983,1.3559,0.2586,16.6631,16.6451,15.0338,0.0013,-1.0000
16.6691,1.0000,327.0151,1.3373,0.3006,16.6586,16.6708,15.6505,0.0008,-1.0000
16.6675,1.0000,327.0319,1.1182,0.2827,16.6775,16.6732,15.3902,0.0013,-1.0000
16.6668,1.0000,327.0485,1.1406,0.4102,16.6700,16.6429,15.2227,0.0013,-1.0000
16.6660,1.0000,327.0650,1.6101,0.3118,16.6523,16.6531,15.3039,0.0012,-1.0000
16.6667,1.0000,327.0818,1.0193,0.5392,16.6779,16.6605,15.5418,0.0010,-1.0000
16.6658,1.0000,327.0984,1.2818,0.4226,16.6835,16.6554,15.3581,0.0012,-1.0000
16.6687,1.0000,327.1151,1.4193,0.3456,16.6524,16.6690,15.4462,0.0011,-1.0000
16.6641,1.0000,327.1318,1.3478,0.3054,16.6620,16.6436,15.3949,0.0011,-1.0000
16.6684,1.0000,327.1484,1.1178,0.3500,16.6688,16.6655,15.4157,0.0013,-1.0000
16.6676,1.0000,327.1650,1.2962,0.2859,16.6623,16.6656,15.4729,0.0009,-1.0000
16.6658,1.0000,327.1818,1.2217,0.3894,16.6772,16.6558,15.4268,0.0009,-1.0000
16.6656,1.0000,327.1984,1.2477,0.3060,16.6527,16.6499,15.4239,0.0012,-1.0000
16.6680,1.0000,327.2151,1.2485,0.3063,16.6724,16.6620,15.5509,0.0009,-1.0000
16.6667,1.0000,327.2318,1.1914,0.3355,16.6741,16.6580,15.4603,0.0011,-1.0000
16.6641,1.0000,327.2483,1.2281,0.2695,16.6656,16.6452,15.4766,0.0012,-1.0000
16.6705,1.0000,327.2650,1.2249,0.2683,16.6586,16.6767,15.7973,0.0010,-1.0000
16.6668,1.0000,327.2817,1.1102,0.2514,16.6713,16.6577,15.4571,0.0013,-1.0000
16.6630,1.0000,327.2983,1.1967,0.2609,16.6663,16.6472,15.5341,0.0011,-1.0000
16.6704,1.0000,327.3151,1.1675,0.2543,16.6508,16.6726,15.6610,0.0011,-1.0000
16.6654,1.0000,327.3318,0.8782,0.2945,16.6830,16.6560,15.4006,0.0011,-1.0000
16.6646,1.0000,327.3484,1.1992,0.2704,16.6662,16.6517,15.4441,0.0010,-1.0000
16.6752,1.0000,327.3652,1.1120,0.2672,16.6531,16.6970,15.6036,0.0011,-1.0000
16.6636,1.0000,327.3818,1.0106,0.2881,16.6803,16.6259,15.2409,0.0013,-1.0000
16.6646,1.0000,327.3984,1.2542,0.2614,16.6641,16.6535,15.3648,0.0011,-1.0000
16.6683,1.0000,327.4152,1.2068,0.2672,16.6580,16.6627,15.4843,0.0012,-1.0000
16.6661,1.0000,327.4318,1.0916,0.3820,16.7124,16.6564,15.1585,0.0011,-1.0000
16.6639,1.0000,327.4484,1.3834,0.2638,16.6373,16.6472,15.3661,0.0012,-1.0000
16.6690,1.0000,327.4650,1.2876,0.3003,16.6624,16.6662,15.5621,0.0012,-1.0000
16.6676,1.0000,327.4818,1.1770,0.2938,16.6718,16.6654,15.5557,0.0011,-1.0000
16.6666,1.0000,327.4984,1.4969,0.3037,16.6654,16.6554,15.3722,0.0013,-1.0000
16.6630,1.0000,327.5150,1.2799,0.2818,16.6543,16.6450,15.4613,0.0013,-1.0000
16.6706,1.0000,327.5318,1.1027,0.2770,16.6724,16.6759,15.6769,0.0011,-1.0000
16.6770,1.0000,327.5484,1.1085,0.2954,16.6741,16.6672,15.4625,0.0011,-1.0000
16.6643,1.0000,327.5649,1.2817,0.2822,16.6643,16.6490,15.5113,0.0013,-1.0000
16.6704,1.0000,327.5818,1.1825,0.3080,16.6520,16.6754,15.7908,0.0008,-1.0000
16.6664,1.0000,327.5990,0.9981,0.2702,16.6824,16.6567,15.1195,0.0011,-1.0000
16.6638,1.0000,327.6150,1.2037,0.2449,16.6749,16.6453,14.6531,0.0013,-1.0000
16.6664,1.0000,327.6318,1.1364,0.2675,16.6550,16.6618,15.6579,0.0010,-1.0000
16.6691,1.0000,327.6484,0.8837,0.3871,16.6834,16.6677,15.4060,0.0010,-1.0000
16.6648,1.0000,327.6649,1.5357,0.4419,16.6670,16.6497,15.4750,0.0011,-1.0000
16.6859,1.0000,327.6821,1.9906,0.2705,16.6523,16.6931,15.6596,0.0008,-1.0000
16.6508,1.0000,327.6985,1.0030,0.3841,16.6676,16.6376,14.7735,0.0012,-1.0000
16.6662,1.0000,327.7152,1.2608,0.3094,16.6744,16.6546,15.2038,0.0012,-1.0000
16.6674,1.0000,327.7318,1.1736,0.2996,16.6567,16.6581,15.2718,0.0015,-1.0000
16.6667,1.0000,327.7485,1.0328,0.3616,16.7027,16.6643,15.3278,0.0013,-1.0000
16.6659,1.0000,327.7651,1.8628,0.4164,16.6472,16.6462,15.2285,0.0013,-1.0000
16.6671,1.0000,327.7819,1.4496,0.3757,16.6649,16.6580,15.3142,0.0010,-1.0000
16.6771,1.0000,327.7985,1.3848,0.3505,16.6682,16.6681,15.3193,0.0014,-1.0000
16.6661,1.0000,327.8151,1.3354,0.3104,16.6752,16.6584,15.3283,0.0012,-1.0000
16.6637,1.0000,327.8317,1.4163,0.3518,16.6556,16.6426,15.4996,0.0010,-1.0000
16.6700,1.0000,327.8485,1.3428,0.3062,16.6676,16.6748,15.7018,0.0010,-1.0000
16.6642,1.0000,327.8650,1.3473,0.3798,16.6769,16.6516,15.4261,0.0011,-1.0000
16.6668,1.0000,327.8818,1.3287,0.3010,16.6678,16.6591,15.5426,0.0009,-1.0000
16.6689,1.0000,327.8984,1.1419,0.2933,16.6493,16.6680,15.4348,0.0015,-1.0000
16.6661,1.0000,327.9151,0.9715,0.2462,16.6814,16.6552,15.4377,0.0011,-1.0000
16.6667,1.0000,327.9318,1.2242,0.2837,16.6594,16.6554,15.4687,0.0012,-1.0000
16.6664,1.0000,327.9484,1.1155,0.3758,16.6651,16.6606,15.4174,0.0011,-1.0000
16.6670,1.0000,327.9650,1.2318,0.2951,16.6767,16.6617,15.4793,0.0012,-1.0000
16.6695,1.0000,327.9820,1.2163,0.3037,16.6647,16.6645,15.5943,0.0010,-1.0000
16.6655,1.0000,327.9986,1.1854,0.2685,16.6629,16.6562,14.9117,0.0018,-1.0000
16.6650,1.0000,328.0152,1.2419,0.2672,16.6677,16.6638,15.2559,0.0011,-1.0000
16.6689,1.0000,328.0318,1.1811,0.2888,16.6682,16.6560,15.2230,0.0012,-1.0000
16.6671,1.0000,328.0485,1.0690,0.4147,16.6731,16.6556,15.3632,0.0011,-1.0000
16.6649,1.0000,328.0650,1.7426,0.2834,16.6650,16.6480,15.3206,0.0013,-1.0000
16.6694,1.0000,328.0818,1.4070,0.3473,16.6719,16.6738,15.5766,0.0012,-1.0000
16.6654,1.0000,328.0985,1.4316,0.2898,16.6665,16.6490,15.3962,0.0014,-1.0000
16.6636,1.0000,328.1150,1.2909,0.2812,16.6651,16.6487,15.3889,0.0011,-1.0000
16.6677,1.0000,328.1317,1.3260,0.2632,16.6553,16.6643,15.6645,0.0008,-1.0000
16.6688,1.0000,328.1485,1.0957,0.2757,16.6822,16.6671,15.5439,0.0011,-1.0000
16.6632,1.0000,328.1650,1.2516,0.2827,16.6578,16.6423,15.4589,0.0011,-1.0000
16.6674,1.0000,328.1817,1.2588,0.2613,16.6558,16.6641,15.6282,0.0011,-1.0000
16.6691,1.0000,328.1985,0.9988,0.3410,16.6708,16.6721,15.6186,0.0013,-1.0000
16.6666,1.0000,328.2151,1.1222,0.2456,16.6763,16.6594,15.4933,0.0010,-1.0000
16.6642,1.0000,328.2320,1.1821,0.2545,16.6494,16.6463,15.4147,0.0013,-1.0000
16.6698,1.0000,328.2485,1.0349,0.3106,16.6689,16.6725,15.2546,0.0012,-1.0000
16.6655,1.0000,328.2650,1.0521,0.2564,16.6784,16.6529,15.4419,0.0012,-1.0000
16.6695,1.0000,328.2818,1.1653,0.2791,16.6686,16.6690,15.3352,0.0010,-1.0000
16.6667,1.0000,328.2985,1.2304,0.3760,16.6530,16.6549,15.3783,0.0011,-1.0000
16.6659,1.0000,328.3152,1.4166,0.3041,16.6804,16.6584,15.4279,0.0011,-1.0000
16.6667,1.0000,328.3318,1.2100,0.3111,16.6607,16.6589,15.3026,0.0011,-1.0000
16.6645,1.0000,328.3485,1.3325,0.3602,16.6780,16.6455,15.4276,0.0012,-1.0000
16.6704,1.0000,328.3651,1.2754,0.3113,16.6644,16.6708,15.4367,0.0014,-1.0000
16.6653,1.0000,328.3819,1.2293,0.3640,16.6690,16.6553,15.3029,0.0012,-1.0000
16.6660,1.0000,328.3985,1.3551,0.3027,16.6695,16.6481,15.0860,0.0013,-1.0000
16.6678,1.0000,328.4152,1.2166,0.2892,16.6537,16.6626,15.4154,0.0011,-1.0000
16.6648,1.0000,328.4318,1.2327,0.3051,16.6795,16.6481,15.3937,0.0012,-1.0000
16.6681,1.0000,328.4485,1.3513,0.3782,16.6671,16.6639,15.4435,0.0012,-1.0000
16.6654,1.0000,328.4650,1.5608,0.2905,16.6577,16.6541,15.4204,0.0012,-1.0000
16.6653,1.0000,328.4817,1.2460,0.3533,16.6714,16.6537,15.5793,0.0009,-1.0000
16.6704,1.0000,328.4985,1.2530,0.2663,16.6560,16.6733,15.6621,0.0012,-1.0000
16.6644,1.0000,328.5151,1.2191,0.2896,16.6719,16.6542,15.3988,0.0010,-1.0000
16.6672,1.0000,328.5318,1.2327,0.2674,16.6626,16.6550,15.3552,0.0007,-1.0000
16.6682,1.0000,328.5484,1.0734,0.2727,16.6597,16.6671,15.4701,0.0010,-1.0000
16.6654,1.0000,328.5650,1.0099,0.2685,16.6812,16.6501,15.5254,0.0011,-1.0000
16.6663,1.0000,328.5818,1.2543,0.3033,16.6633,16.6630,15.5131,0.0010,-1.0000
16.6690,1.0000,328.5986,1.2988,0.3047,16.6622,16.6616,15.2934,0.0011,-1.0000
16.6663,1.0000,328.6152,1.1959,0.2721,16.6761,16.6545,15.1400,0.0011,-1.0000
16.6662,1.0000,328.6318,1.1236,0.2678,16.6596,16.6537,15.4191,0.0014,-1.0000
16.6680,1.0000,328.6486,1.1488,0.5142,16.6714,16.6652,15.4618,0.0015,-1.0000
16.6657,1.0000,328.6650,1.3669,0.2969,16.6724,16.6499,15.1033,0.0012,-1.0000
16.6667,1.0000,328.6818,1.5131,0.3189,16.6637,16.6575,15.5576,0.0010,-1.0000
16.6683,1.0000,328.6985,1.2329,0.2981,16.6620,16.6631,15.2600,0.0012,-1.0000
16.6652,1.0000,328.7151,1.2021,0.3676,16.6747,16.6562,15.4277,0.0015,-1.0000
16.6639,1.0000,328.7317,1.5452,0.5624,16.6597,16.6445,15.4018,0.0014,-1.0000
16.6705,1.0000,328.7484,1.0989,0.3210,16.6660,16.6734,15.6444,0.0012,-1.0000
16.6666,1.0000,328.7650,1.4018,0.2552,16.6709,16.6566,15.4940,0.0013,-1.0000
16.6632,1.0000,328.7817,1.2269,0.2733,16.6666,16.6478,15.4752,0.0011,-1.0000
16.6691,1.0000,328.7985,1.2413,0.2772,16.6510,16.6698,15.7430,0.0010,-1.0000
16.6674,1.0000,328.8151,1.0275,0.2865,16.6811,16.6637,15.4367,0.0011,-1.0000
16.6648,1.0000,328.8318,1.1612,0.3078,16.6648,16.6500,15.4906,0.0010,-1.0000
16.6678,1.0000,328.8484,1.1715,0.2359,16.6529,16.6650,15.5674,0.0012,-1.0000
16.6682,1.0000,328.8651,0.9258,0.2619,16.6759,16.6673,15.4052,0.0012,-1.0000
16.6652,1.0000,328.8818,1.2256,0.3177,16.6718,16.6505,15.4113,0.0011,-1.0000
16.6698,1.0000,328.8986,1.1582,0.2619,16.6570,16.6679,15.5321,0.0011,-1.0000
16.6657,1.0000,328.9151,1.0962,0.3074,16.6714,16.6547,15.1547,0.0012,-1.0000
16.6658,1.0000,328.9319,1.2609,0.2685,16.6770,16.6576,15.4499,0.0012,-1.0000
16.6636,1.0000,328.9484,1.2378,0.2625,16.6581,16.6447,15.4444,0.0014,-1.0000
16.6710,1.0000,328.9651,1.1342,0.3666,16.6759,16.6816,15.6659,0.0008,-1.0000
16.6666,1.0000,328.9818,1.4988,0.2791,16.6637,16.6558,15.2942,0.0011,-1.0000
16.6644,1.0000,328.9988,1.2065,0.2604,16.6661,16.6465,15.4522,0.0010,-1.0000
16.6679,1.0000,329.0152,1.1990,0.2510,16.6509,16.6652,14.9148,0.0014,-1.0000
16.6652,1.0000,329.0318,1.0145,0.3467,16.6889,16.6539,15.3188,0.0016,-1.0000
16.7057,1.0000,329.0485,1.3602,0.3844,16.6646,16.7050,15.5186,0.0010,-1.0000
16.6656,1.0000,329.0651,1.1932,0.3966,16.6552,16.6535,15.2714,0.0013,-1.0000
16.6654,1.0000,329.0818,1.7491,0.2893,16.6737,16.6512,15.4171,0.0011,-1.0000
16.6700,1.0000,329.0986,1.3336,0.3366,16.6619,16.6701,15.4199,0.0014,-1.0000
16.6647,1.0000,329.1151,1.1851,0.3842,16.7134,16.6495,15.0850,0.0012,-1.0000
16.6667,1.0000,329.1323,1.3807,0.3110,16.6625,16.6567,15.5449,0.0011,-1.0000
16.6652,1.0000,329.1485,1.2327,0.3171,16.6589,16.6576,14.8053,0.0012,-1.0000
16.6694,1.0000,329.1651,1.2489,0.3433,16.6798,16.6611,15.4882,0.0010,-1.0000
16.6650,1.0000,329.1818,1.5632,0.2974,16.6586,16.6569,15.4680,0.0010,-1.0000
16.6659,1.0000,329.1984,1.1107,0.3633,16.6646,16.6582,15.3065,0.0010,-1.0000
16.6697,1.0000,329.2152,1.8514,0.2894,16.6664,16.6676,15.4854,0.0010,-1.0000
16.6645,1.0000,329.2318,1.1719,0.2983,16.6685,16.6509,15.2641,0.0012,-1.0000
16.6987,1.0000,329.2484,1.1875,0.3076,16.6644,16.6872,15.5939,0.0012,-1.0000
16.6712,1.0000,329.2652,1.3505,0.3327,16.6645,16.6754,15.6037,0.0011,-1.0000
16.6656,1.0000,329.2819,1.1809,0.3781,16.6761,16.6537,15.1771,0.0013,-1.0000
16.6633,1.0000,329.2985,1.3850,0.3273,16.6594,16.6452,15.3605,0.0012,-1.0000
16.6704,1.0000,329.3152,1.0924,0.3078,16.6933,16.6742,15.5349,0.0012,-1.0000
16.6660,1.0000,329.3318,1.0702,0.3997,16.6840,16.6539,15.4372,0.0010,-1.0000
16.6672,1.0000,329.3486,1.4752,0.2900,16.6634,16.6645,15.2891,0.0010,-1.0000
16.6674,1.0000,329.3652,1.2836,0.3240,16.6520,16.6585,15.1412,0.0015,-1.0000
16.6647,1.0000,329.3818,1.1380,0.2794,16.6816,16.6483,15.3387,0.0010,-1.0000
16.6642,1.0000,329.3984,1.2157,0.2901,16.6621,16.6515,15.4942,0.0011,-1.0000
16.6706,1.0000,329.4153,1.3742,0.3904,16.6726,16.6776,15.6742,0.0012,-1.0000
16.6672,1.0000,329.4319,1.5158,0.2907,16.6696,16.6539,15.1452,0.0013,-1.0000
16.6665,1.0000,329.4485,1.3085,0.2769,16.6564,16.6592,15.3264,0.0014,-1.0000
16.6667,1.0000,329.4651,1.1563,0.2530,16.6572,16.6565,15.4216,0.0013,-1.0000
16.6661,1.0000,329.4819,1.0021,0.3572,16.6845,16.6565,15.3649,0.0012,-1.0000
16.6641,1.0000,329.4984,1.5074,0.2849,16.6623,16.6491,15.4484,0.0012,-1.0000
16.6706,1.0000,329.5152,1.3315,0.2923,16.6678,16.6745,15.6511,0.0009,-1.0000
16.6660,1.0000,329.5319,1.2334,0.2814,16.6658,16.6553,15.3917,0.0012,-1.0000
16.6657,1.0000,329.5485,1.2902,0.2633,16.6652,16.6553,15.4260,0.0013,-1.0000
16.6681,1.0000,329.5652,1.1996,0.2512,16.6553,16.6645,15.5379,0.0013,-1.0000
16.6662,1.0000,329.5819,1.0222,0.2716,16.6816,16.6600,15.4069,0.0013,-1.0000
16.6659,1.0000,329.5985,1.2625,0.3142,16.6636,16.6450,15.5043,0.0009,-1.0000
16.6673,1.0000,329.6152,1.2277,0.2695,16.6633,16.6648,15.4699,0.0012,-1.0000
16.6672,1.0000,329.6319,1.1251,0.2722,16.6738,16.6585,15.5202,0.0009,-1.0000
16.6681,1.0000,329.6487,1.2516,0.2506,16.6709,16.6659,15.3061,0.0014,-1.0000
16.6666,1.0000,329.6651,1.1398,0.2957,16.6525,16.6526,14.9067,0.0010,-1.0000
16.6650,1.0000,329.6818,1.1937,0.2660,16.6723,16.6505,15.4599,0.0012,-1.0000
16.6642,1.0000,329.6984,1.1377,0.2688,16.6663,16.6547,15.5126,0.0010,-1.0000
16.6709,1.0000,329.7152,1.3583,0.4257,16.6763,16.6774,15.5612,0.0012,-1.0000
16.6665,1.0000,329.7319,1.7447,0.2570,16.6610,16.6590,15.3516,0.0014,-1.0000
16.6647,1.0000,329.7485,1.1894,0.2612,16.6587,16.6441,15.4720,0.0012,-1.0000
16.6683,1.0000,329.7651,1.1412,0.3278,16.6596,16.6625,15.4862,0.0012,-1.0000
16.6650,1.0000,329.7823,1.1150,0.2812,16.6864,16.6518,15.5107,0.0010,-1.0000
16.6683,1.0000,329.7986,1.3060,0.2753,16.6702,16.6669,14.9466,0.0014,-1.0000
16.6673,1.0000,329.8153,1.1709,0.2577,16.6548,16.6597,15.3450,0.0012,-1.0000
16.6642,1.0000,329.8318,1.1752,0.2633,16.6705,16.6512,15.2777,0.0014,-1.0000
16.6668,1.0000,329.8486,1.1401,0.4057,16.6597,16.6562,15.4631,0.0010,-1.0000
16.6694,1.0000,329.8651,1.7189,0.3647,16.6746,16.6676,15.2860,0.0011,-1.0000
16.6647,1.0000,329.8819,1.3134,0.3360,16.6684,16.6522,15.4383,0.0012,-1.0000
16.6648,1.0000,329.8986,1.3720,0.3043,16.6592,16.6512,15.4140,0.0013,-1.0000
16.6710,1.0000,329.9153,1.1921,0.3217,16.6639,16.6747,15.3679,0.0013,-1.0000
16.6653,1.0000,329.9319,1.3803,0.3238,16.6757,16.6526,15.2117,0.0014,-1.0000
16.6649,1.0000,329.9485,1.2129,0.2897,16.6610,16.6557,15.2320,0.0009,-1.0000
16.6691,1.0000,329.9651,1.2359,0.2917,16.6576,16.6673,15.5099,0.0011,-1.0000
16.6661,1.0000,329.9819,1.3054,0.3399,16.6821,16.6586,15.5331,0.0012,-1.0000
16.6654,1.0000,329.9985,1.4393,0.3562,16.6604,16.6542,15.3822,0.0011,-1.0000
16.6697,1.0000,330.0154,1.4228,0.3278,16.6611,16.6708,15.4481,0.0016,-1.0000
16.6657,1.0000,330.0319,1.1559,0.3093,16.6739,16.6548,15.0901,0.0012,-1.0000
16.6651,1.0000,330.0485,1.1242,0.3055,16.6661,16.6464,15.4159,0.0012,-1.0000
16.6685,1.0000,330.0651,1.2710,0.4591,16.6622,16.6687,15.5425,0.0011,-1.0000
16.6669,1.0000,330.0819,1.2210,0.3805,16.6797,16.6596,15.5067,0.0010,-1.0000
16.6674,1.0000,330.0986,1.5634,0.3083,16.6649,16.6611,15.4225,0.0012,-1.0000
16.6661,1.0000,330.1153,1.2292,0.3203,16.6540,16.6529,15.2801,0.0014,-1.0000
16.6670,1.0000,330.1319,1.1251,0.3160,16.6759,16.6582,15.3401,0.0011,-1.0000
16.6659,1.0000,330.1486,1.1518,0.3404,16.6693,16.6544,15.3235,0.0014,-1.0000
16.6688,1.0000,330.1652,1.2374,0.3204,16.6699,16.6671,15.4259,0.0009,-1.0000
16.6649,1.0000,330.1819,1.3714,0.3233,16.6629,16.6468,15.4006,0.0012,-1.0000
16.6651,1.0000,330.1985,1.3173,0.3272,16.6668,16.6570,15.5122,0.0012,-1.0000
16.6701,1.0000,330.2152,1.3295,0.3129,16.6624,16.6668,15.4082,0.0010,-1.0000
16.6656,1.0000,330.2319,1.2400,0.4209,16.6768,16.6544,15.3159,0.0015,-1.0000
16.6657,1.0000,330.2485,1.2448,0.3380,16.6564,16.6538,15.3177,0.0014,-1.0000
16.6668,1.0000,330.2651,1.1437,0.3943,16.6646,16.6621,15.5001,0.0010,-1.0000
16.6671,1.0000,330.2819,1.2576,0.3246,16.6755,16.6582,15.5295,0.0012,-1.0000
16.6661,1.0000,330.2985,1.3370,0.3714,16.6633,16.6598,15.4888,0.0011,-1.0000
16.6700,1.0000,330.3152,1.3347,0.2933,16.6611,16.6672,15.4907,0.0010,-1.0000
16.6651,1.0000,330.3319,1.1611,0.3813,16.6688,16.6537,15.3529,0.0012,-1.0000
16.6644,1.0000,330.3484,1.1274,0.3033,16.6653,16.6478,15.4265,0.0012,-1.0000
16.6701,1.0000,330.3652,1.1697,0.3102,16.6669,16.7196,15.5719,0.0009,-1.0000
16.6669,1.0000,330.3820,1.1753,0.3363,16.6763,16.6148,15.0579,0.0012,-1.0000
16.6670,1.0000,330.3985,1.2997,0.4504,16.6623,16.6512,15.3699,0.0012,-1.0000
16.6669,1.0000,330.4153,1.2200,0.3108,16.6544,16.6566,15.3883,0.0012,-1.0000
16.6653,1.0000,330.4319,1.1465,0.3648,16.7282,16.6557,15.3573,0.0014,-1.0000
16.6657,1.0000,330.4485,1.5555,0.2847,16.6278,16.6524,15.3481,0.0014,-1.0000
16.6669,1.0000,330.4651,1.2794,0.2847,16.6616,16.6604,15.4768,0.0012,-1.0000
16.6664,1.0000,330.4819,1.2664,0.2936,16.6653,16.6582,15.5673,0.0011,-1.0000
16.6673,1.0000,330.4986,1.2969,0.2743,16.6652,16.6635,15.4896,0.0011,-1.0000
16.6667,1.0000,330.5152,1.3031,0.2737,16.6597,16.6578,15.4278,0.0009,-1.0000
16.6666,1.0000,330.5318,1.1824,0.2591,16.6674,16.6535,15.4295,0.0012,-1.0000
16.6649,1.0000,330.5484,1.0897,0.2719,16.6650,16.6551,15.5233,0.0011,-1.0000
16.6688,1.0000,330.5651,1.1724,0.2870,16.6727,16.6703,15.7280,0.0009,-1.0000
16.6659,1.0000,330.5818,1.2291,0.2713,16.6660,16.6540,15.4896,0.0011,-1.0000
16.6662,1.0000,330.5985,1.2228,0.2627,16.6614,16.6595,15.3766,0.0012,-1.0000
16.6684,1.0000,330.6152,1.1307,0.2972,16.6607,16.6638,15.5659,0.0010,-1.0000
16.6673,1.0000,330.6319,0.9414,0.2949,16.6777,16.6624,15.1932,0.0015,-1.0000
16.6669,1.0000,330.6486,1.1632,0.3542,16.6621,16.6541,15.2624,0.0010,-1.0000
16.6666,1.0000,330.6651,1.2818,0.2590,16.6673,16.6608,15.3538,0.0014,-1.0000
16.6667,1.0000,330.6819,1.0965,0.3463,16.6710,16.6560,15.4484,0.0013,-1.0000
16.6667,1.0000,330.6985,1.4677,0.3396,16.6725,16.6572,15.1598,0.0013,-1.0000
16.6682,1.0000,330.7152,1.3906,0.3478,16.6632,16.6630,15.2680,0.0014,-1.0000
16.6658,1.0000,330.7319,1.3054,0.2820,16.6694,16.6543,15.2845,0.0013,-1.0000
16.6636,1.0000,330.7487,1.2064,0.2887,16.6647,16.6463,15.4123,0.0011,-1.0000
16.6679,1.0000,330.7651,1.4962,0.3607,16.6652,16.6654,15.3626,0.0011,-1.0000
16.6692,1.0000,330.7819,1.3935,0.3063,16.6717,16.6662,15.5905,0.0012,-1.0000
16.6637,1.0000,330.7984,1.3684,0.2743,16.6639,16.6475,15.3823,0.0011,-1.0000
16.6690,1.0000,330.8153,1.2331,0.4810,16.6539,16.6687,15.6709,0.0011,-1.0000
16.6674,1.0000,330.8319,1.3018,0.3135,16.6721,16.6607,15.3264,0.0011,-1.0000
16.6636,1.0000,330.8484,1.0743,0.3432,16.6746,16.6438,15.4593,0.0012,-1.0000
16.6702,1.0000,330.8651,1.2642,0.2735,16.6552,16.6748,15.6118,0.0011,-1.0000
16.6655,1.0000,330.8820,0.9966,0.3044,16.6767,16.6520,15.3144,0.0013,-1.0000
16.6652,1.0000,330.8985,1.3330,0.5661,16.6708,16.6491,15.2874,0.0011,-1.0000
16.6740,1.0000,330.9153,1.1835,0.3225,16.6510,16.6783,15.4766,0.0011,-1.0000
16.6624,1.0000,330.9320,1.0618,0.2922,16.6832,16.6463,15.0883,0.0011,-1.0000
16.6650,1.0000,330.9485,1.3367,0.3491,16.6628,16.6534,15.1960,0.0013,-1.0000
16.6689,1.0000,330.9651,1.3607,0.3618,16.6576,16.6626,15.4506,0.0010,-1.0000
16.6657,1.0000,330.9819,1.2004,0.4844,16.6881,16.6542,15.4702,0.0011,-1.0000
16.6645,1.0000,330.9985,1.5567,0.3198,16.6569,16.6496,15.2095,0.0013,-1.0000
16.6675,1.0000,331.0152,1.4563,0.2664,16.6618,16.6640,15.5209,0.0012,-1.0000
16.6676,1.0000,331.0319,1.2107,0.2870,16.6721,16.6602,15.4279,0.0011,-1.0000
16.6662,1.0000,331.0485,1.1829,0.3779,16.6630,16.6602,15.4472,0.0014,-1.0000
16.6644,1.0000,331.0650,1.4388,0.2484,16.6574,16.6469,15.5897,0.0011,-1.0000
16.6708,1.0000,331.0820,1.1420,0.3199,16.6721,16.6816,15.7741,0.0012,-1.0000
16.6644,1.0000,331.0985,1.2312,0.2886,16.6679,16.6426,15.1800,0.0010,-1.0000
16.6669,1.0000,331.1152,1.2113,0.2802,16.6689,16.6641,15.5700,0.0008,-1.0000
16.6689,1.0000,331.1319,1.0561,0.2405,16.6520,16.6637,15.4270,0.0009,-1.0000
16.6655,1.0000,331.1485,0.9062,0.2784,16.6901,16.6525,15.3183,0.0013,-1.0000
16.6664,1.0000,331.1651,1.4614,0.3260,16.6509,16.6555,15.5083,0.0012,-1.0000
16.6675,1.0000,331.1820,1.0932,0.3006,16.6703,16.6682,15.6719,0.0012,-1.0000
16.6686,1.0000,331.1986,1.2357,0.2860,16.6730,16.6988,14.9685,0.0017,-1.0000
16.6659,1.0000,331.2152,1.3327,0.2464,16.6606,16.6168,15.3627,0.0011,-1.0000
16.6690,1.0000,331.2319,1.1460,0.2461,16.6621,16.6593,15.3480,0.0013,-1.0000
16.6648,1.0000,331.2486,0.9951,0.3981,16.6764,16.6540,15.3939,0.0013,-1.0000
16.6672,1.0000,331.2651,1.7287,0.2537,16.7099,16.6588,15.4317,0.0013,-1.0000
16.6667,1.0000,331.2819,1.2528,0.2871,16.6260,16.6587,15.5023,0.0012,-1.0000
16.6653,1.0000,331.2985,1.3100,0.2767,16.6687,16.6532,15.4276,0.0012,-1.0000
16.6652,1.0000,331.3152,1.2587,0.5662,16.6624,16.6561,15.4996,0.0012,-1.0000
16.6680,1.0000,331.3319,1.2258,0.2657,16.6671,16.6677,15.4877,0.0012,-1.0000
16.6679,1.0000,331.3485,1.1548,0.3062,16.6668,16.6563,15.3949,0.0011,-1.0000
16.6629,1.0000,331.3653,1.2245,0.2715,16.6610,16.6487,15.4139,0.0010,-1.0000
16.6689,1.0000,331.3818,1.1553,0.3132,16.6629,16.6683,15.4333,0.0010,-1.0000
16.6667,1.0000,331.3985,1.1785,0.4754,16.6763,16.6595,15.5851,0.0007,-1.0000
16.6665,1.0000,331.4152,1.2602,0.2572,16.6641,16.6601,15.5484,0.0011,-1.0000
16.6673,1.0000,331.4319,1.2339,0.3729,16.6554,16.6612,15.4459,0.0010,-1.0000
16.6681,1.0000,331.4486,1.2338,0.2964,16.6745,16.6664,15.4598,0.0011,-1.0000
16.7092,1.0000,331.4655,1.0737,0.3034,16.6653,16.7100,15.3755,0.0009,-1.0000
16.6918,1.0000,331.4821,1.1108,0.3519,16.6669,16.6694,14.7477,0.0011,-1.0000
16.6644,1.0000,331.4987,1.2142,0.3035,16.6684,16.6453,15.2123,0.0011,-1.0000
16.6702,1.0000,331.5155,1.2055,0.3231,16.6756,16.6725,15.2924,0.0010,-1.0000
16.6676,1.0000,331.5321,1.3337,0.4005,16.7241,16.6548,15.1420,0.0013,-1.0000
16.6618,1.0000,331.5486,1.9207,0.3609,16.6821,16.6393,15.2363,0.0012,-1.0000
16.6677,1.0000,331.5652,1.4318,0.4141,16.6562,16.6606,15.3693,0.0014,-1.0000
16.6636,1.0000,331.5818,1.3788,0.3763,16.6839,16.6470,15.4662,0.0011,-1.0000
16.6697,1.0000,331.5987,1.5111,0.2976,16.6663,16.6719,15.6232,0.0012,-1.0000
16.6665,1.0000,331.6152,1.4019,0.3175,16.6481,16.6609,15.1175,0.0015,-1.0000
16.6635,1.0000,331.6318,1.2897,0.2799,16.6682,16.6430,15.5065,0.0011,-1.0000
16.6715,1.0000,331.6487,1.1798,0.2594,16.6543,16.6804,15.7510,0.0009,-1.0000
16.6631,1.0000,331.6651,1.0472,0.3534,16.6787,16.6395,15.1587,0.0013,-1.0000
16.6687,1.0000,331.6819,1.5420,0.2773,16.6699,16.6711,15.7061,0.0008,-1.0000
16.6671,1.0000,331.6986,1.1353,0.2468,16.6495,16.6563,15.4963,0.0012,-1.0000
16.6641,1.0000,331.7151,0.9287,0.3260,16.6895,16.6465,15.4090,0.0013,-1.0000
16.6696,1.0000,331.7320,1.4795,0.2597,16.6479,16.6738,15.7987,0.0011,-1.0000
16.6680,1.0000,331.7486,0.9638,0.2619,16.6790,16.6646,15.3502,0.0010,-1.0000
16.6659,1.0000,331.7652,1.1586,0.2551,16.6643,16.6540,15.4030,0.0009,-1.0000
16.6673,1.0000,331.7820,1.2362,0.2369,16.6530,16.6596,15.3938,0.0011,-1.0000
16.6677,1.0000,331.7991,0.8738,0.3081,16.6806,16.6601,15.2638,0.0012,-1.0000
16.6655,1.0000,331.8153,1.3132,0.2981,16.6734,16.6502,14.7205,0.0013,-1.0000
16.6630,1.0000,331.8318,1.2499,0.2778,16.6640,16.6446,15.3785,0.0012,-1.0000
16.6714,1.0000,331.8486,1.2646,0.2688,16.6682,16.6795,15.7119,0.0009,-1.0000
16.6630,1.0000,331.8651,1.3951,0.3334,16.6709,16.6448,14.7823,0.0012,-1.0000
16.6664,1.0000,331.8819,1.9281,0.3089,16.6595,16.6591,15.6032,0.0010,-1.0000
16.6691,1.0000,331.8986,1.2651,0.2975,16.6509,16.6669,15.6910,0.0010,-1.0000
16.6668,1.0000,331.9152,0.9664,0.3624,16.6875,16.6595,15.4940,0.0010,-1.0000
16.6636,1.0000,331.9318,1.8614,0.2817,16.6524,16.6458,15.4799,0.0010,-1.0000
16.6693,1.0000,331.9486,1.0548,0.2275,16.6650,16.6776,15.7822,0.0011,-1.0000
16.6682,1.0000,331.9651,0.9747,0.3556,16.6743,16.6590,15.4782,0.0013,-1.0000
16.6629,1.0000,331.9818,1.1642,0.3666,16.6679,16.6464,15.5900,0.0011,-1.0000
16.6689,1.0000,331.9988,1.1648,0.2266,16.6510,16.6689,15.6731,0.0010,-1.0000
16.6682,1.0000,332.0153,0.8945,0.3079,16.6838,16.6636,15.2547,0.0012,-1.0000
16.6656,1.0000,332.0319,1.1794,0.2605,16.6673,16.6526,15.2159,0.0013,-1.0000
16.6678,1.0000,332.0486,1.0554,0.2592,16.6529,16.6673,15.4846,0.0013,-1.0000
16.6673,1.0000,332.0652,0.9946,0.3864,16.6765,16.6590,15.4016,0.0011,-1.0000
16.6656,1.0000,332.0823,1.4073,0.3239,16.6727,16.6517,15.5215,0.0012,-1.0000
16.6674,1.0000,332.0987,1.4350,0.3362,16.6602,16.6585,14.9688,0.0015,-1.0000
16.6656,1.0000,332.1153,1.1812,0.3320,16.6774,16.6497,15.2573,0.0011,-1.0000
16.6650,1.0000,332.1319,1.2561,0.4185,16.6682,16.6527,15.4251,0.0010,-1.0000
16.6684,1.0000,332.1486,1.1288,0.3556,16.6618,16.6618,15.5506,0.0012,-1.0000
16.6677,1.0000,332.1653,1.6881,0.3705,16.6685,16.6653,15.5327,0.0009,-1.0000
16.6672,1.0000,332.1820,1.3913,0.2973,16.6612,16.6566,15.4034,0.0011,-1.0000
16.6667,1.0000,332.1986,1.2266,0.3300,16.6607,16.6570,15.2845,0.0010,-1.0000
16.6660,1.0000,332.2153,1.1096,0.2849,16.6687,16.6576,15.3293,0.0011,-1.0000
16.6677,1.0000,332.2320,1.1317,0.3470,16.6739,16.6591,15.2713,0.0013,-1.0000
16.6661,1.0000,332.2487,1.2519,0.3262,16.6660,16.6558,15.3995,0.0010,-1.0000
16.6695,1.0000,332.2653,1.3712,0.3462,16.6674,16.6625,15.3400,0.0012,-1.0000
16.6658,1.0000,332.2820,1.3270,0.3607,16.6665,16.6563,15.0659,0.0021,-1.0000
16.6657,1.0000,332.2986,1.3866,0.3572,16.6695,16.6448,15.1820,0.0011,-1.0000
16.6668,1.0000,332.3153,1.2550,0.3742,16.6666,16.6558,15.4879,0.0011,-1.0000
16.6668,1.0000,332.3319,1.3213,0.3864,16.6750,16.6591,15.3599,0.0012,-1.0000
16.6675,1.0000,332.3487,1.5882,0.3400,16.6695,16.6592,15.4208,0.0012,-1.0000
16.6641,1.0000,332.3651,1.4614,0.2751,16.6552,16.6468,15.1669,0.0014,-1.0000
16.6667,1.0000,332.3819,1.1665,0.2955,16.6650,16.6592,15.5870,0.0013,-1.0000
16.6687,1.0000,332.3986,1.2979,0.2783,16.6688,16.6637,15.5339,0.0010,-1.0000
16.6632,1.0000,332.4152,1.2370,0.3158,16.6706,16.6497,15.4623,0.0014,-1.0000
16.6693,1.0000,332.4319,1.4784,0.2383,16.6554,16.6667,15.5378,0.0011,-1.0000
16.6670,1.0000,332.4486,1.0710,0.2649,16.6666,16.6607,15.4562,0.0012,-1.0000
16.6630,1.0000,332.4651,1.1283,0.2787,16.6715,16.6443,15.2608,0.0013,-1.0000
16.6697,1.0000,332.4819,1.1860,0.2906,16.6570,16.6753,15.7855,0.0009,-1.0000
16.6655,1.0000,332.4986,1.1276,0.2564,16.6734,16.6513,15.3940,0.0010,-1.0000
16.6691,1.0000,332.5153,1.2032,0.3586,16.6690,16.6679,15.5043,0.0014,-1.0000
16.6662,1.0000,332.5322,1.3822,0.2850,16.6515,16.6538,15.3365,0.0012,-1.0000
16.6652,1.0000,332.5485,0.8889,0.2900,16.6824,16.6528,14.9804,0.0010,-1.0000
16.6653,1.0000,332.5651,1.2560,0.2899,16.6595,16.6559,15.6262,0.0010,-1.0000
16.6706,1.0000,332.5819,1.1616,0.3386,16.6761,16.6763,15.7739,0.0008,-1.0000
16.6684,1.0000,332.5987,1.3161,0.2501,16.6625,16.6627,15.3494,0.0013,-1.0000
16.6652,1.0000,332.6153,1.6715,0.2426,16.6598,16.6493,15.2617,0.0013,-1.0000
16.6666,1.0000,332.6319,1.0287,0.2578,16.6606,16.6581,15.4464,0.0012,-1.0000
16.6666,1.0000,332.6486,0.9017,0.3134,16.6848,16.6568,15.3826,0.0012,-1.0000
16.6649,1.0000,332.6651,1.3116,0.3097,16.6748,16.6529,15.4559,0.0013,-1.0000
16.6690,1.0000,332.6819,1.3864,0.2710,16.6591,16.6672,15.5630,0.0010,-1.0000
16.6662,1.0000,332.6986,1.2103,0.2692,16.6668,16.6501,15.4754,0.0011,-1.0000
16.6645,1.0000,332.7152,1.2728,0.2777,16.6653,16.6509,15.5024,0.0012,-1.0000
16.6688,1.0000,332.7320,1.1958,0.2612,16.6619,16.6668,15.6350,0.0009,-1.0000
16.6659,1.0000,332.7486,1.1028,0.2780,16.6762,16.6559,15.4241,0.0012,-1.0000
16.6641,1.0000,332.7650,1.1736,0.2620,16.6601,16.6486,15.5322,0.0012,-1.0000
16.6681,1.0000,332.7820,1.1474,0.2988,16.6584,16.6699,15.9029,0.0009,-1.0000
16.6684,1.0000,332.7986,1.0309,0.2679,16.6740,16.6677,15.4061,0.0013,-1.0000
16.6648,1.0000,332.8152,1.2305,0.2652,16.6642,16.6500,15.4193,0.0013,-1.0000
16.6678,1.0000,332.8319,1.1150,0.2272,16.6543,16.6658,15.4804,0.0008,-1.0000
16.6676,1.0000,332.8486,0.7663,0.2751,16.6748,16.6591,15.5784,0.0013,-1.0000
16.6660,1.0000,332.8651,1.2600,0.3181,16.6748,16.6585,15.4059,0.0012,-1.0000
16.6673,1.0000,332.8819,1.2295,0.2902,16.6575,16.6578,15.5987,0.0008,-1.0000
16.6681,1.0000,332.8986,1.1845,0.3109,16.6726,16.6620,15.4932,0.0010,-1.0000
16.6658,1.0000,332.9153,1.0794,0.2590,16.6674,16.6561,15.4553,0.0014,-1.0000
16.6678,1.0000,332.9321,1.2512,0.2727,16.6677,16.6637,15.4590,0.0014,-1.0000
16.6662,1.0000,332.9486,1.0584,0.2823,16.6670,16.6498,14.8851,0.0015,-1.0000
16.6663,1.0000,332.9651,1.1675,0.3094,16.6711,16.6568,15.3699,0.0011,-1.0000
16.6669,1.0000,332.9819,1.1994,0.2907,16.6644,16.6590,15.4254,0.0014,-1.0000
16.6666,1.0000,332.9986,1.2031,0.4484,16.6740,16.6575,15.4754,0.0011,-1.0000
16.6641,1.0000,333.0155,1.7634,0.2976,16.6596,16.6483,15.5159,0.0011,-1.0000
16.6696,1.0000,333.0319,1.2857,0.3550,16.6650,16.6716,15.1597,0.0012,-1.0000
16.6666,1.0000,333.0486,1.2320,0.2633,16.6684,16.6563,15.5080,0.0010,-1.0000
16.6644,1.0000,333.0651,1.1810,0.2561,16.6665,16.6505,15.4443,0.0011,-1.0000
16.6698,1.0000,333.0819,1.1311,0.3917,16.6544,16.6762,15.7748,0.0008,-1.0000
16.6655,1.0000,333.0986,1.5106,0.3055,16.6792,16.6476,15.3794,0.0011,-1.0000
16.6652,1.0000,333.1152,1.1468,0.3295,16.6640,16.6497,15.3408,0.0012,-1.0000
16.6707,1.0000,333.1320,1.2053,0.2966,16.6566,16.6767,15.6825,0.0013,-1.0000
16.6654,1.0000,333.1487,0.9004,0.3215,16.6865,16.6501,15.3439,0.0011,-1.0000
16.6637,1.0000,333.1651,1.2672,0.2932,16.6578,16.6472,15.2933,0.0013,-1.0000
16.6719,1.0000,333.1820,1.3078,0.3133,16.6572,16.6767,15.7896,0.0008,-1.0000
16.6653,1.0000,333.1986,0.9929,0.3681,16.6859,16.6556,15.2454,0.0010,-1.0000
16.6649,1.0000,333.2152,1.3053,0.3576,16.6589,16.6517,15.4702,0.0013,-1.0000
16.6696,1.0000,333.2320,1.3523,0.3015,16.6540,16.6660,15.5511,0.0011,-1.0000
16.6654,1.0000,333.2486,0.8861,0.3288,16.6848,16.6550,15.4449,0.0011,-1.0000
16.6657,1.0000,333.2652,1.4091,0.2701,16.6647,16.6524,15.4902,0.0011,-1.0000
16.6675,1.0000,333.2819,1.1802,0.2649,16.6603,16.6621,15.5434,0.0011,-1.0000
16.6668,1.0000,333.2986,1.1137,0.2964,16.6747,16.6560,15.4925,0.0011,-1.0000
16.6656,1.0000,333.3152,1.2091,0.2723,16.6660,16.6519,15.5218,0.0012,-1.0000
16.6667,1.0000,333.3319,1.1611,0.2730,16.6607,16.6623,15.4954,0.0009,-1.0000
16.6672,1.0000,333.3486,1.1175,0.2729,16.6714,16.6595,15.4722,0.0014,-1.0000
16.6662,1.0000,333.3651,1.1623,0.2682,16.6664,16.6576,15.4585,0.0012,-1.0000
16.6655,1.0000,333.3819,1.1289,0.2604,16.6596,16.6521,15.5936,0.0010,-1.0000
16.6672,1.0000,333.3986,1.1658,0.2584,16.6695,16.6651,15.4919,0.0010,-1.0000
16.6723,1.0000,333.4152,1.1854,0.2479,16.6680,16.6645,15.5480,0.0013,-1.0000
16.6673,1.0000,333.4320,1.1977,0.2887,16.6651,16.6646,15.6196,0.0008,-1.0000
16.6676,1.0000,333.4487,1.0576,0.2768,16.6586,16.6562,15.3640,0.0012,-1.0000
16.6654,1.0000,333.4651,1.1719,0.2788,16.6720,16.6537,15.2865,0.0010,-1.0000
16.6684,1.0000,333.4819,1.1152,0.3059,16.6718,16.6649,15.6140,0.0009,-1.0000
16.6665,1.0000,333.4986,1.0441,0.3128,16.6739,16.6586,15.5172,0.0010,-1.0000
16.6678,1.0000,333.5154,1.2906,0.2785,16.6656,16.6627,15.4420,0.0011,-1.0000
16.6677,1.0000,333.5320,1.3662,0.2985,16.6609,16.6521,15.2351,0.0012,-1.0000
16.6650,1.0000,333.5486,1.0499,0.3172,16.6734,16.6529,15.3445,0.0013,-1.0000
16.6667,1.0000,333.5652,1.1403,0.2706,16.6674,16.6564,15.4933,0.0012,-1.0000
16.6668,1.0000,333.5819,1.2194,0.2792,16.6748,16.6598,15.5893,0.0012,-1.0000
16.6657,1.0000,333.5986,1.4158,0.3170,16.6627,16.6563,15.3323,0.0011,-1.0000
16.6656,1.0000,333.6152,1.3073,0.2598,16.6625,16.6515,15.3524,0.0013,-1.0000
16.6673,1.0000,333.6323,1.1618,0.3007,16.6649,16.6608,15.5924,0.0013,-1.0000
16.6688,1.0000,333.6486,1.0691,0.2760,16.6687,16.6642,15.0430,0.0012,-1.0000
16.6660,1.0000,333.6652,1.3226,0.3084,16.6654,16.6565,15.2174,0.0012,-1.0000
16.6635,1.0000,333.6818,1.2979,0.2557,16.6598,16.6443,15.6343,0.0009,-1.0000
16.6702,1.0000,333.6985,1.0670,0.4200,16.6689,16.6738,15.8008,0.0009,-1.0000
16.6647,1.0000,333.7152,1.6199,0.3555,16.6718,16.6551,15.5152,0.0010,-1.0000
16.6656,1.0000,333.7320,1.4377,0.3070,16.6664,16.6539,15.5044,0.0008,-1.0000
16.6713,1.0000,333.7487,1.0093,0.3041,16.6505,16.6846,15.4258,0.0009,-1.0000
16.6651,1.0000,333.7651,0.8720,0.3067,16.6805,16.6430,15.2510,0.0010,-1.0000
16.6663,1.0000,333.7821,1.1388,0.2926,16.6631,16.6573,15.5247,0.0012,-1.0000
16.6685,1.0000,333.7986,1.1486,0.2978,16.6591,16.6644,14.9344,0.0011,-1.0000
16.6659,1.0000,333.8153,1.2579,0.4373,16.6936,16.6550,15.3780,0.0013,-1.0000
16.6680,1.0000,333.8321,1.3909,0.3192,16.6514,16.6621,15.3517,0.0012,-1.0000
16.6657,1.0000,333.8486,1.1314,0.3927,16.6664,16.6486,15.1715,0.0011,-1.0000
16.6670,1.0000,333.8652,1.7284,0.3713,16.6749,16.6614,15.3895,0.0012,-1.0000
16.6683,1.0000,333.8820,1.2755,0.3116,16.6635,16.6623,15.3675,0.0011,-1.0000
16.6650,1.0000,333.8986,1.3092,0.3275,16.6729,16.6483,15.2517,0.0010,-1.0000
16.6655,1.0000,333.9153,1.4757,0.3295,16.6584,16.6532,15.3870,0.0014,-1.0000
16.6664,1.0000,333.9319,1.2705,0.3583,16.6711,16.6564,15.5478,0.0013,-1.0000
16.6687,1.0000,333.9486,1.2934,0.2753,16.6720,16.6667,15.4686,0.0012,-1.0000
16.6653,1.0000,333.9651,1.3954,0.2751,16.6581,16.6493,15.3310,0.0010,-1.0000
16.6668,1.0000,333.9819,1.2649,0.2531,16.6622,16.6642,15.6491,0.0010,-1.0000
16.6680,1.0000,333.9986,1.1075,0.2699,16.6638,16.6594,15.4787,0.0011,-1.0000
16.6626,1.0000,334.0151,1.1966,0.3343,16.6751,16.6442,15.3950,0.0009,-1.0000
16.6684,1.0000,334.0319,1.3174,0.2803,16.6579,16.6648,15.7451,0.0010,-1.0000
16.6707,1.0000,334.0486,1.0139,0.3038,16.6725,16.6753,15.5949,0.0012,-1.0000
16.6632,1.0000,334.0651,1.1794,0.2609,16.6689,16.6434,15.4613,0.0012,-1.0000
16.6682,1.0000,334.0819,1.2482,0.2482,16.6505,16.6701,15.6366,0.0012,-1.0000
16.6680,1.0000,334.0986,0.9188,0.3031,16.6706,16.6594,15.3593,0.0012,-1.0000
16.6646,1.0000,334.1152,1.0793,0.2580,16.6842,16.6518,15.4396,0.0011,-1.0000
16.6678,1.0000,334.1319,1.1810,0.2461,16.6511,16.6624,15.5978,0.0011,-1.0000
16.6681,1.0000,334.1487,1.0324,0.3011,16.6791,16.6902,15.3862,0.0011,-1.0000
16.6660,1.0000,334.1652,1.2989,0.2750,16.6679,16.6258,15.2684,0.0011,-1.0000
16.6687,1.0000,334.1821,1.2113,0.2602,16.6597,16.6651,15.3905,0.0013,-1.0000
16.6649,1.0000,334.1991,1.0633,0.3169,16.6717,16.6436,15.1776,0.0012,-1.0000
16.6637,1.0000,334.2152,1.3028,0.6368,16.7000,16.6482,14.6780,0.0012,-1.0000
16.6658,1.0000,334.2318,1.3563,0.2921,16.6352,16.6543,15.6183,0.0010,-1.0000
16.6690,1.0000,334.2486,1.2729,0.2889,16.6773,16.6720,15.7535,0.0011,-1.0000
16.6674,1.0000,334.2652,1.4645,0.5264,16.6556,16.6605,15.2966,0.0012,-1.0000
16.6651,1.0000,334.2819,1.9689,0.3198,16.6555,16.6535,15.4160,0.0010,-1.0000
16.6696,1.0000,334.2986,1.0348,0.3007,16.6593,16.6704,15.3280,0.0009,-1.0000
16.6671,1.0000,334.3153,0.9173,0.3325,16.6780,16.6595,15.2699,0.0013,-1.0000
16.6638,1.0000,334.3318,1.3625,0.3905,16.6679,16.6456,15.3283,0.0013,-1.0000
16.6701,1.0000,334.3486,1.2366,0.4301,16.6596,16.6759,15.7316,0.0009,-1.0000
16.6669,1.0000,334.3652,1.3413,0.3143,16.6772,16.6561,15.2823,0.0012,-1.0000
16.6645,1.0000,334.3819,1.3882,0.3504,16.6690,16.6492,15.4556,0.0015,-1.0000
16.6694,1.0000,334.3987,1.3161,0.2952,16.6521,16.6702,15.4816,0.0011,-1.0000
16.6648,1.0000,334.4153,0.9436,0.3622,16.6841,16.6517,15.3887,0.0010,-1.0000
16.6678,1.0000,334.4319,1.3724,0.3381,16.6656,16.6604,15.4365,0.0011,-1.0000
16.6677,1.0000,334.4486,1.1920,0.3702,16.6576,16.6629,15.3209,0.0012,-1.0000
16.6666,1.0000,334.4652,1.1875,0.3316,16.6777,16.6564,15.3738,0.0013,-1.0000
16.6664,1.0000,334.4820,1.2618,0.3037,16.6602,16.6582,15.5101,0.0012,-1.0000
16.6674,1.0000,334.4987,1.2227,0.3462,16.6683,16.6608,15.2088,0.0011,-1.0000
16.6653,1.0000,334.5153,1.3408,0.3732,16.6715,16.6486,15.3118,0.0010,-1.0000
16.6653,1.0000,334.5319,1.2811,0.3132,16.6649,16.6553,15.3690,0.0011,-1.0000
16.6692,1.0000,334.5486,1.1470,0.3784,16.6682,16.6681,15.4681,0.0008,-1.0000
16.6662,1.0000,334.5652,1.4508,0.4215,16.6697,16.6546,15.3688,0.0012,-1.0000
16.6644,1.0000,334.5819,1.3358,0.3055,16.6568,16.6517,15.4574,0.0013,-1.0000
16.6695,1.0000,334.5987,1.2853,0.3137,16.6635,16.6696,15.3911,0.0010,-1.0000
16.6662,1.0000,334.6153,1.1992,0.3483,16.6751,16.6551,15.2190,0.0012,-1.0000
16.6642,1.0000,334.6318,1.2844,0.3079,16.6630,16.6506,15.3711,0.0012,-1.0000
16.6686,1.0000,334.6486,1.1930,0.3785,16.6591,16.6682,15.6574,0.0009,-1.0000
16.6678,1.0000,334.6652,1.2777,0.3618,16.6784,16.6606,15.3914,0.0015,-1.0000
16.6635,1.0000,334.6819,1.4351,0.3561,16.6632,16.6446,15.4487,0.0013,-1.0000
16.6707,1.0000,334.6987,1.2784,0.3363,16.6575,16.6753,15.6155,0.0011,-1.0000
16.6677,1.0000,334.7153,1.0098,0.3429,16.6750,16.6621,15.0654,0.0012,-1.0000
16.6621,1.0000,334.7318,1.2676,0.3212,16.6700,16.6406,15.3824,0.0015,-1.0000
16.6697,1.0000,334.7486,1.1946,0.3426,16.6515,16.6746,15.4295,0.0009,-1.0000
16.6675,1.0000,334.7652,1.0586,0.4092,16.6827,16.6599,15.3614,0.0012,-1.0000
16.6652,1.0000,334.7819,1.5955,0.3253,16.6715,16.6542,15.5201,0.0013,-1.0000
16.6706,1.0000,334.7988,1.2571,0.3549,16.6471,16.6751,15.4218,0.0014,-1.0000
16.6644,1.0000,334.8152,1.2440,0.2718,16.6813,16.6399,15.1782,0.0013,-1.0000
16.6647,1.0000,334.8319,1.2970,0.2475,16.6692,16.6475,15.3361,0.0011,-1.0000
16.6651,1.0000,334.8485,1.1327,0.2674,16.6621,16.6560,15.6236,0.0013,-1.0000
16.6718,1.0000,334.8652,1.2513,0.3164,16.6872,16.6812,15.6231,0.0014,-1.0000
16.6629,1.0000,334.8819,1.4604,0.2758,16.6508,16.6412,15.3934,0.0011,-1.0000
16.6680,1.0000,334.8986,1.3103,0.2379,16.6550,16.6628,15.6200,0.0011,-1.0000
16.6682,1.0000,334.9153,1.0310,0.2513,16.6617,16.6635,15.4488,0.0012,-1.0000
16.6652,1.0000,334.9319,1.0560,0.2692,16.6902,16.6524,15.4705,0.0012,-1.0000
16.6654,1.0000,334.9485,1.2467,0.2575,16.6491,16.6581,15.4527,0.0006,-1.0000
16.6702,1.0000,334.9652,1.0415,0.2657,16.6707,16.6727,15.6526,0.0011,-1.0000
16.6644,1.0000,334.9819,1.2131,0.2639,16.6712,16.6480,15.4036,0.0010,-1.0000
16.6667,1.0000,334.9986,1.1804,0.2884,16.6603,16.6576,15.4285,0.0011,-1.0000
16.6692,1.0000,335.0153,1.2048,0.2540,16.6639,16.6712,15.4140,0.0011,-1.0000
16.6643,1.0000,335.0319,1.0188,0.3291,16.6822,16.6489,15.3370,0.0011,-1.0000
16.6670,1.0000,335.0485,1.2432,0.2874,16.6558,16.6575,15.4413,0.0010,-1.0000
16.6689,1.0000,335.0652,1.2280,0.3130,16.6645,16.6672,15.5458,0.0009,-1.0000
16.6665,1.0000,335.0819,1.2561,0.2976,16.6790,16.6562,15.4309,0.0009,-1.0000
16.6662,1.0000,335.0986,1.3107,0.2755,16.6568,16.6542,15.4917,0.0013,-1.0000
16.6674,1.0000,335.1153,1.2151,0.2828,16.6654,16.6639,15.3325,0.0011,-1.0000
16.6644,1.0000,335.1322,1.1203,0.2823,16.6763,16.6499,15.3329,0.0014,-1.0000
16.6661,1.0000,335.1485,1.2241,0.2682,16.6650,16.6545,14.8150,0.0013,-1.0000
16.6696,1.0000,335.1651,1.1612,0.2718,16.6626,16.6702,15.6837,0.0008,-1.0000
16.6649,1.0000,335.1819,1.3302,0.2930,16.6720,16.6507,15.4861,0.0008,-1.0000
16.6662,1.0000,335.1985,1.3156,0.3985,16.6588,16.6580,15.5268,0.0011,-1.0000
16.6684,1.0000,335.2153,1.8383,0.3705,16.6620,16.6679,15.6080,0.0008,-1.0000
16.6644,1.0000,335.2319,0.9854,0.3557,16.6787,16.6466,15.4820,0.0013,-1.0000
16.6655,1.0000,335.2485,1.1638,0.3495,16.6585,16.6555,15.5611,0.0012,-1.0000
16.6709,1.0000,335.2652,1.1303,0.3779,16.6646,16.6761,15.7072,0.0009,-1.0000
16.6661,1.0000,335.2819,1.0595,0.3169,16.6773,16.6550,15.3220,0.0012,-1.0000
16.6649,1.0000,335.2985,1.1634,0.3327,16.6547,16.6506,15.3495,0.0010,-1.0000
16.6702,1.0000,335.3154,1.0933,0.2612,16.6604,16.6790,15.7209,0.0008,-1.0000
16.6648,1.0000,335.3319,0.9678,0.3643,16.6836,16.6427,15.0979,0.0016,-1.0000
16.6652,1.0000,335.3486,1.3322,0.3577,16.6646,16.6538,15.3959,0.0012,-1.0000
16.6702,1.0000,335.3652,1.3001,0.2665,16.6564,16.6734,15.5459,0.0008,-1.0000
16.6948,1.0000,335.3819,0.9573,0.2968,16.6893,16.6811,15.3061,0.0013,-1.0000
16.6655,1.0000,335.3986,1.5433,0.2740,16.6535,16.6541,15.4269,0.0011,-1.0000
16.6683,1.0000,335.4153,1.2566,0.2559,16.6604,16.6638,15.4354,0.0012,-1.0000
16.6663,1.0000,335.4319,1.1265,0.3596,16.6828,16.6558,15.4641,0.0010,-1.0000
16.6632,1.0000,335.4485,1.3739,0.3462,16.6904,16.6435,15.4266,0.0012,-1.0000
16.6684,1.0000,335.4651,1.2261,0.2474,16.6623,16.6688,15.7066,0.0010,-1.0000
16.6692,1.0000,335.4819,1.2270,0.2719,16.6725,16.6673,15.6488,0.0013,-1.0000
16.6631,1.0000,335.4986,1.1907,0.2519,16.6651,16.7001,15.4178,0.0012,-1.0000
16.6676,1.0000,335.5152,1.2158,0.2670,16.6502,16.6095,15.6432,0.0011,-1.0000
16.6699,1.0000,335.5320,0.9611,0.3499,16.6747,16.6718,15.6002,0.0009,-1.0000
16.6631,1.0000,335.5486,1.0168,0.2589,16.6750,16.6459,15.5001,0.0013,-1.0000
16.6672,1.0000,335.5652,1.2813,0.2732,16.7068,16.6601,15.5754,0.0012,-1.0000
16.6703,1.0000,335.5821,0.9652,0.2606,16.6154,16.6728,15.5898,0.0010,-1.0000
16.6649,1.0000,335.5986,1.0702,0.2615,16.6810,16.6478,15.2065,0.0013,-1.0000
16.6650,1.0000,335.6152,1.1446,0.2747,16.6536,16.6527,15.4082,0.0014,-1.0000
16.6685,1.0000,335.6319,1.0835,0.2763,16.6668,16.6659,15.5745,0.0010,-1.0000
16.6677,1.0000,335.6486,1.0821,0.3136,16.6824,16.6640,15.3979,0.0012,-1.0000
16.6652,1.0000,335.6652,1.4401,0.3673,16.6585,16.6505,15.4104,0.0011,-1.0000
16.6678,1.0000,335.6820,1.2430,0.2605,16.6607,16.6664,15.5974,0.0010,-1.0000
16.6671,1.0000,335.6986,1.0903,0.3196,16.6735,16.6570,15.3065,0.0011,-1.0000
16.6684,1.0000,335.7156,1.2646,0.2767,16.6717,16.6664,15.4708,0.0012,-1.0000
16.6656,1.0000,335.7319,1.2388,0.2541,16.6581,16.6452,14.9552,0.0013,-1.0000
16.6653,1.0000,335.7486,1.0680,0.2614,16.6740,16.6507,15.4640,0.0012,-1.0000
16.6679,1.0000,335.7652,1.3490,0.2597,16.6659,16.6713,15.5408,0.0010,-1.0000
16.6864,1.0000,335.7820,1.1938,0.3162,16.6771,16.6762,15.4846,0.0010,-1.0000
16.6636,1.0000,335.7986,1.6883,0.3055,16.6548,16.6485,15.3332,0.0011,-1.0000
16.6657,1.0000,335.8152,1.1852,0.2915,16.6575,16.6563,15.5335,0.0009,-1.0000
16.6697,1.0000,335.8319,1.1295,0.2746,16.6794,16.6717,15.6516,0.0008,-1.0000
16.6648,1.0000,335.8486,1.1906,0.3353,16.6852,16.6505,15.4752,0.0011,-1.0000
16.6654,1.0000,335.8651,1.3142,0.3107,16.6566,16.6549,15.5071,0.0010,-1.0000
16.6700,1.0000,335.8820,1.1218,0.2826,16.6625,16.6745,15.7182,0.0008,-1.0000
16.6645,1.0000,335.8986,1.0196,0.3151,16.6794,16.6515,15.3029,0.0011,-1.0000
16.6679,1.0000,335.9153,1.1741,0.2786,16.6583,16.6605,15.5507,0.0010,-1.0000
16.6675,1.0000,335.9320,1.1468,0.2426,16.6603,16.6648,15.5720,0.0011,-1.0000
16.6638,1.0000,335.9486,0.9556,0.3429,16.6821,16.6434,15.4055,0.0011,-1.0000
16.6672,1.0000,335.9651,1.3474,0.2904,16.6595,16.6623,15.6379,0.0012,-1.0000
16.6706,1.0000,335.9820,1.1087,0.2615,16.6689,16.6757,15.7461,0.0009,-1.0000
16.6651,1.0000,335.9986,1.0914,0.3141,16.6735,16.6524,15.4751,0.0011,-1.0000
16.6664,1.0000,336.0153,1.2367,0.3274,16.6502,16.6532,15.5140,0.0009,-1.0000
16.6681,1.0000,336.0320,1.0232,0.2428,16.6689,16.6681,15.5126,0.0011,-1.0000
16.6639,1.0000,336.0486,0.9285,0.2904,16.6837,16.6459,15.4686,0.0013,-1.0000
16.6671,1.0000,336.0651,1.1763,0.3008,16.6624,16.6569,15.5731,0.0012,-1.0000
16.6693,1.0000,336.0820,1.1384,0.2720,16.6620,16.6724,15.6998,0.0010,-1.0000
16.6662,1.0000,336.0986,1.1543,0.2736,16.6760,16.6514,15.5341,0.0011,-1.0000
16.6635,1.0000,336.1152,1.1759,0.2928,16.6555,16.6465,15.4378,0.0013,-1.0000
16.6679,1.0000,336.1319,1.0828,0.2971,16.6631,16.6670,15.6482,0.0009,-1.0000
16.6673,1.0000,336.1487,0.9713,0.2835,16.6827,16.6644,15.6597,0.0010,-1.0000
16.6649,1.0000,336.1651,1.1161,0.2844,16.6603,16.6467,15.4053,0.0012,-1.0000
16.6681,1.0000,336.1819,1.2076,0.2749,16.6540,16.6663,15.7615,0.0008,-1.0000
16.6684,1.0000,336.1987,1.0179,0.2595,16.6728,16.6662,15.4229,0.0010,-1.0000
16.6639,1.0000,336.2152,1.0036,0.2496,16.6728,16.6451,15.1811,0.0009,-1.0000
16.6686,1.0000,336.2319,1.2404,0.2316,16.6534,16.6676,15.6631,0.0015,-1.0000
16.6670,1.0000,336.2486,0.9038,0.3650,16.6728,16.6598,15.4963,0.0013,-1.0000
16.6643,1.0000,336.2651,1.2421,0.3476,16.6761,16.6509,15.5703,0.0013,-1.0000
16.6696,1.0000,336.2820,1.4630,0.2810,16.6532,16.6692,15.6913,0.0011,-1.0000
16.6683,1.0000,336.2986,1.0029,0.3612,16.6743,16.6637,15.1056,0.0012,-1.0000
16.6657,1.0000,336.3153,1.1622,0.2916,16.6686,16.6511,15.4326,0.0012,-1.0000
16.6670,1.0000,336.3320,1.0795,0.2447,16.6574,16.6608,15.2919,0.0010,-1.0000
16.6664,1.0000,336.3486,0.9769,0.3551,16.6777,16.6541,15.2158,0.0012,-1.0000
16.6651,1.0000,336.3651,1.5565,0.2975,16.6721,16.6541,15.4604,0.0011,-1.0000
16.6693,1.0000,336.3820,1.2175,0.3128,16.6608,16.6709,15.5812,0.0007,-1.0000
16.6661,1.0000,336.3986,1.3679,0.4136,16.6695,16.6527,15.4545,0.0014,-1.0000
16.6643,1.0000,336.4153,1.4369,0.2826,16.6632,16.6497,15.5063,0.0013,-1.0000
16.6697,1.0000,336.4320,1.1924,0.3420,16.6615,16.6683,15.4431,0.0009,-1.0000
16.6649,1.0000,336.4486,1.0889,0.3946,16.6797,16.6553,15.3695,0.0011,-1.0000
16.6643,1.0000,336.4651,1.1966,0.3065,16.6614,16.6479,15.5341,0.0009,-1.0000
16.6696,1.0000,336.4820,1.1423,0.3295,16.6578,16.6744,15.9025,0.0006,-1.0000
16.6674,1.0000,336.4986,1.2242,0.2507,16.6760,16.6603,15.3854,0.0012,-1.0000
16.6635,1.0000,336.5152,1.2842,0.2847,16.6640,16.6455,15.4363,0.0012,-1.0000
16.6702,1.0000,336.5320,1.1130,0.2750,16.6525,16.6755,15.7720,0.0010,-1.0000
16.6674,1.0000,336.5486,0.7714,0.3066,16.6805,16.6618,15.4570,0.0009,-1.0000
16.6634,1.0000,336.5651,1.2737,0.2639,16.6676,16.6462,15.4803,0.0011,-1.0000
16.6666,1.0000,336.5818,1.2080,0.2342,16.6515,16.6588,15.8242,0.0009,-1.0000
16.6710,1.0000,336.5987,0.9024,0.3054,16.6817,16.6820,15.7785,0.0007,-1.0000
16.6659,1.0000,336.6153,1.2038,0.2785,16.6692,16.6493,15.1462,0.0014,-1.0000
16.6668,1.0000,336.6320,1.1649,0.2699,16.6530,16.6583,15.5374,0.0011,-1.0000
16.6668,1.0000,336.6487,0.8337,0.2587,16.6639,16.6597,15.3511,0.0012,-1.0000
16.6673,1.0000,336.6652,0.9025,0.3534,16.6912,16.6515,15.4856,0.0014,-1.0000
16.6655,1.0000,336.6820,1.5018,0.2774,16.6599,16.6579,15.4617,0.0010,-1.0000
16.6683,1.0000,336.6986,1.1199,0.3137,16.6675,16.6614,15.3223,0.0013,-1.0000
16.6661,1.0000,336.7153,1.3074,0.2720,16.6709,16.6537,15.5284,0.0012,-1.0000
16.6634,1.0000,336.7319,1.1640,0.2924,16.6607,16.6466,15.4955,0.0011,-1.0000
16.6693,1.0000,336.7487,1.1952,0.3439,16.6664,16.6711,15.5893,0.0009,-1.0000
16.6645,1.0000,336.7652,1.3381,0.3079,16.6713,16.6502,15.3169,0.0010,-1.0000
16.6671,1.0000,336.7819,1.1235,0.2623,16.6627,16.6610,15.6813,0.0009,-1.0000
16.6685,1.0000,336.7986,1.1497,0.3011,16.6534,16.6667,15.5861,0.0013,-1.0000
16.6666,1.0000,336.8152,1.0810,0.3506,16.6799,16.6573,15.3550,0.0020,-1.0000
16.6657,1.0000,336.8320,1.3325,0.2428,16.6577,16.6573,15.4993,0.0010,-1.0000
16.6692,1.0000,336.8487,0.9787,0.2804,16.6668,16.6670,15.4566,0.0012,-1.0000
16.6655,1.0000,336.8652,1.0793,0.3099,16.6742,16.6529,15.4140,0.0011,-1.0000
16.6655,1.0000,336.8819,1.3001,0.2562,16.6645,16.6517,15.6555,0.0009,-1.0000
16.6708,1.0000,336.8986,1.1570,0.2731,16.6648,16.6722,15.6900,0.0010,-1.0000
16.6642,1.0000,336.9153,1.2092,0.2664,16.6755,16.6544,15.4073,0.0011,-1.0000
16.6676,1.0000,336.9320,1.2377,0.2419,16.6628,16.6580,15.5144,0.0012,-1.0000
16.6671,1.0000,336.9486,0.9953,0.2452,16.6593,16.6602,15.3484,0.0013,-1.0000
16.6653,1.0000,336.9652,0.9809,0.3009,16.6792,16.6511,15.5285,0.0011,-1.0000
16.6666,1.0000,336.9819,1.2460,0.2763,16.6638,16.6605,15.6622,0.0009,-1.0000
16.6685,1.0000,336.9986,1.1425,0.3295,16.6677,16.6624,15.5317,0.0010,-1.0000
16.6668,1.0000,337.0154,1.3108,0.2606,16.6693,16.6595,15.3890,0.0013,-1.0000
16.6642,1.0000,337.0319,1.1214,0.2576,16.6602,16.6450,15.4058,0.0013,-1.0000
16.6694,1.0000,337.0486,0.9972,0.2717,16.6675,16.6732,15.4280,0.0011,-1.0000
16.6658,1.0000,337.0652,1.1298,0.3950,16.6702,16.6500,15.4643,0.0010,-1.0000
16.6643,1.0000,337.0818,1.2687,0.2951,16.6700,16.6484,15.6357,0.0009,-1.0000
16.6698,1.0000,337.0987,1.2382,0.3081,16.6535,16.6757,15.7582,0.0009,-1.0000
16.6668,1.0000,337.1153,1.2440,0.4999,16.6808,16.6595,15.3429,0.0011,-1.0000
16.6657,1.0000,337.1319,1.1840,0.2462,16.6591,16.6521,15.4860,0.0010,-1.0000
16.6666,1.0000,337.1486,1.0115,0.2479,16.6541,16.6594,15.6110,0.0011,-1.0000
16.6669,1.0000,337.1652,0.9160,0.2574,16.6825,16.6606,15.4208,0.0011,-1.0000
16.6652,1.0000,337.1819,1.3151,0.2769,16.6685,16.6500,15.5667,0.0010,-1.0000
16.6694,1.0000,337.1988,1.1648,0.2612,16.6607,16.6800,15.6185,0.0009,-1.0000
16.7124,1.0000,337.2153,1.0474,0.3350,16.6668,16.6812,15.2914,0.0012,-1.0000
16.6627,1.0000,337.2319,1.2387,0.3003,16.6700,16.6462,15.5251,0.0012,-1.0000
16.6690,1.0000,337.2487,1.0823,0.2771,16.6571,16.6678,15.7641,0.0010,-1.0000
16.6664,1.0000,337.2653,1.0609,0.3379,16.6952,16.6588,15.5884,0.0014,-1.0000
16.6664,1.0000,337.2820,1.3882,0.2969,16.6949,16.6560,15.6319,0.0009,-1.0000
16.6690,1.0000,337.2987,1.1200,0.2481,16.6529,16.6715,15.5605,0.0010,-1.0000
16.6658,1.0000,337.3159,0.9024,0.2751,16.6757,16.6498,15.5347,0.0010,-1.0000
16.6643,1.0000,337.3319,1.0690,0.2500,16.6664,16.6521,14.2881,0.0013,-1.0000
16.6696,1.0000,337.3486,1.0232,0.2896,16.6644,16.6678,15.7223,0.0011,-1.0000
16.6656,1.0000,337.3652,1.1096,0.2932,16.6796,16.6566,15.5127,0.0010,-1.0000
16.6679,1.0000,337.3820,1.1137,0.3334,16.6587,16.6632,15.6389,0.0008,-1.0000
16.6655,1.0000,337.3986,2.3627,0.2589,16.6599,16.6508,15.4048,0.0011,-1.0000
16.6668,1.0000,337.4153,0.9445,0.2771,16.6758,16.6585,15.4947,0.0010,-1.0000
16.6653,1.0000,337.4319,1.1427,0.2550,16.6646,16.6487,15.5383,0.0011,-1.0000
16.6657,1.0000,337.4485,1.0235,0.3341,16.6728,16.6574,15.5579,0.0012,-1.0000
16.6694,1.0000,337.4652,1.2449,0.3132,16.6609,16.6697,15.7875,0.0008,-1.0000
16.6641,1.0000,337.4819,1.1626,0.2826,16.6680,16.6496,15.6303,0.0009,-1.0000
16.6685,1.0000,337.4986,1.1096,0.2953,16.6560,16.6672,15.7170,0.0009,-1.0000
16.6690,1.0000,337.5153,1.0987,0.2313,16.6634,16.6680,15.6498,0.0011,-1.0000
16.6636,1.0000,337.5319,0.8813,0.3311,16.6776,16.6478,15.5374,0.0010,-1.0000
16.6681,1.0000,337.5486,1.0183,0.2607,16.6559,16.6643,15.6818,0.0010,-1.0000
16.6682,1.0000,337.5652,0.9495,0.3354,16.6740,16.6616,15.6760,0.0008,-1.0000
16.6643,1.0000,337.5820,1.0171,0.2610,16.6753,16.6519,15.6719,0.0009,-1.0000
16.6704,1.0000,337.5989,1.1096,0.2580,16.6560,16.6707,15.6359,0.0011,-1.0000
16.6662,1.0000,337.6154,0.9816,0.3346,16.6715,16.6597,15.1231,0.0013,-1.0000
16.6655,1.0000,337.6320,0.9845,0.2523,16.6691,16.6454,15.3654,0.0011,-1.0000
16.6648,1.0000,337.6486,0.9791,0.2841,16.6598,16.6526,15.5708,0.0012,-1.0000
16.6700,1.0000,337.6653,1.0337,0.2883,16.6793,16.6750,15.6556,0.0013,-1.0000
16.6659,1.0000,337.6820,1.5350,0.2703,16.6723,16.6480,15.1779,0.0019,-1.0000
16.6651,1.0000,337.6986,1.2789,0.2743,16.6544,16.6510,15.4719,0.0012,-1.0000
16.6695,1.0000,337.7154,1.0805,0.2883,16.6598,16.6701,15.6864,0.0011,-1.0000
16.6657,1.0000,337.7320,1.0182,0.3808,16.6849,16.6548,15.3856,0.0012,-1.0000
16.6666,1.0000,337.7487,1.4679,0.2505,16.6572,16.6582,15.4789,0.0011,-1.0000
16.6655,1.0000,337.7652,1.1779,0.2416,16.6587,16.6516,15.5519,0.0011,-1.0000
16.6680,1.0000,337.7820,0.9824,0.2939,16.6781,16.6657,15.5932,0.0011,-1.0000
16.6641,1.0000,337.7986,1.2675,0.2728,16.6635,16.6475,15.5193,0.0010,-1.0000
16.6691,1.0000,337.8153,1.1781,0.2574,16.6680,16.6664,15.6036,0.0011,-1.0000
16.6672,1.0000,337.8320,1.0986,0.2553,16.6599,16.6609,15.5496,0.0008,-1.0000
16.6634,1.0000,337.8486,1.0712,0.3049,16.6735,16.6458,15.5053,0.0014,-1.0000
16.6693,1.0000,337.8652,1.1275,0.3088,16.6561,16.6712,15.7511,0.0009,-1.0000
16.6677,1.0000,337.8820,1.0614,0.2451,16.6732,16.6639,15.6031,0.0010,-1.0000
16.6643,1.0000,337.8986,1.1103,0.2551,16.6699,16.6503,15.3948,0.0012,-1.0000
16.6663,1.0000,337.9153,1.1393,0.2149,16.6523,16.6600,15.6232,0.0009,-1.0000
16.6702,1.0000,337.9320,0.9191,0.3120,16.6773,16.6688,15.5639,0.0011,-1.0000
16.6661,1.0000,337.9487,1.0598,0.3098,16.6723,16.6545,15.5206,0.0012,-1.0000
16.6671,1.0000,337.9652,1.2542,0.2745,16.6581,16.6572,15.4562,0.0010,-1.0000
16.6670,1.0000,337.9820,1.0357,0.2974,16.6670,16.6590,15.5850,0.0010,-1.0000
16.6659,1.0000,337.9987,1.1034,0.2712,16.6788,16.6540,15.3488,0.0012,-1.0000
16.6679,1.0000,338.0154,1.1323,0.3075,16.6643,16.6682,15.4960,0.0012,-1.0000
16.6656,1.0000,338.0320,1.1997,0.2819,16.6670,16.6433,15.3394,0.0013,-1.0000
16.6644,1.0000,338.0487,1.0728,0.3519,16.6687,16.6501,15.4715,0.0009,-1.0000
16.6661,1.0000,338.0652,1.3040,0.2774,16.6634,16.6567,15.5878,0.0012,-1.0000
16.6698,1.0000,338.0820,1.1707,0.3101,16.6790,16.6716,15.6615,0.0009,-1.0000
16.6662,1.0000,338.0987,1.3025,0.2466,16.6538,16.6574,15.5024,0.0013,-1.0000
16.6650,1.0000,338.1153,1.1774,0.2716,16.6586,16.6495,15.5232,0.0010,-1.0000
16.6693,1.0000,338.1320,1.0677,0.3063,16.6635,16.6682,15.6031,0.0012,-1.0000
16.6650,1.0000,338.1486,1.0090,0.2549,16.6787,16.6493,15.4755,0.0011,-1.0000
16.6659,1.0000,338.1652,1.1538,0.2776,16.6670,16.6648,15.5509,0.0008,-1.0000
16.6689,1.0000,338.1820,1.1255,0.2929,16.6578,16.6600,15.5751,0.0010,-1.0000
16.6664,1.0000,338.1987,1.0639,0.3041,16.6756,16.6576,15.4505,0.0012,-1.0000
16.6667,1.0000,338.2153,1.1727,0.2704,16.6574,16.6568,15.4035,0.0015,-1.0000
16.6686,1.0000,338.2320,1.1133,0.3272,16.6721,16.6675,15.5836,0.0009,-1.0000
16.6668,1.0000,338.2487,1.0839,0.4105,16.6673,16.6561,15.4903,0.0012,-1.0000
16.6665,1.0000,338.2653,1.2058,0.3098,16.6654,16.6611,15.5237,0.0012,-1.0000
16.6662,1.0000,338.2820,1.2517,0.2924,16.6652,16.6529,15.4640,0.0008,-1.0000
16.6683,1.0000,338.2988,1.0828,0.2878,16.6758,16.6667,15.5157,0.0013,-1.0000
16.6647,1.0000,338.3154,1.1644,0.2804,16.6655,16.6432,15.3584,0.0013,-1.0000
16.6640,1.0000,338.3319,1.1361,0.2760,16.6715,16.6476,15.4826,0.0010,-1.0000
16.6692,1.0000,338.3487,1.1878,0.2830,16.6631,16.6717,15.7097,0.0010,-1.0000
16.6657,1.0000,338.3653,1.1494,0.7764,16.6763,16.6560,15.4848,0.0014,-1.0000
16.6669,1.0000,338.3820,1.2834,0.3012,16.6530,16.6537,15.5868,0.0010,-1.0000
16.6689,1.0000,338.3987,1.1639,0.2690,16.6548,16.6654,15.5753,0.0011,-1.0000
16.6639,1.0000,338.4153,0.9611,0.2442,16.6794,16.6477,15.4422,0.0011,-1.0000
16.6688,1.0000,338.4320,1.1700,0.2929,16.6665,16.6652,15.5919,0.0010,-1.0000
16.6652,1.0000,338.4487,1.0657,0.3367,16.6623,16.6589,15.5657,0.0012,-1.0000
16.6662,1.0000,338.4652,1.0890,0.3389,16.6731,16.6551,15.5659,0.0008,-1.0000
16.6682,1.0000,338.4820,1.2042,0.2770,16.6558,16.6645,15.7891,0.0007,-1.0000
16.6666,1.0000,338.4987,1.0723,0.2664,16.6716,16.6592,15.4725,0.0011,-1.0000
16.6688,1.0000,338.5154,1.0920,0.3249,16.6672,16.6662,15.6037,0.0013,-1.0000
16.6643,1.0000,338.5320,1.0882,0.2613,16.6617,16.6513,15.4955,0.0010,-1.0000
16.6700,1.0000,338.5487,0.8746,0.2856,16.6705,16.6709,15.5713,0.0014,-1.0000
16.6656,1.0000,338.5652,1.1856,0.3023,16.6666,16.6520,15.4905,0.0014,-1.0000
16.6665,1.0000,338.5820,1.0611,0.2677,16.6741,16.6575,15.6378,0.0009,-1.0000
16.6670,1.0000,338.5988,1.1548,0.2678,16.6593,16.6591,15.3570,0.0011,-1.0000
16.6666,1.0000,338.6153,1.0980,0.2855,16.6790,16.6546,15.0550,0.0014,-1.0000
16.6659,1.0000,338.6320,1.1598,0.2733,16.6599,16.6580,15.5366,0.0011,-1.0000
16.6651,1.0000,338.6486,1.0188,0.4360,16.6668,16.6513,15.5569,0.0013,-1.0000
16.6702,1.0000,338.6653,1.3006,0.2740,16.6688,16.6770,15.6962,0.0013,-1.0000
16.6650,1.0000,338.6820,1.5979,0.3265,16.6628,16.6480,15.4496,0.0013,-1.0000
16.6672,1.0000,338.6987,1.1202,0.2726,16.6664,16.6609,15.4084,0.0010,-1.0000
16.6669,1.0000,338.7154,1.0933,0.2703,16.6574,16.6578,15.4975,0.0012,-1.0000
16.6661,1.0000,338.7320,0.9792,0.3042,16.6873,16.6545,15.4126,0.0013,-1.0000
16.6683,1.0000,338.7486,1.1973,0.3138,16.6562,16.6544,15.5025,0.0010,-1.0000
16.6673,1.0000,338.7652,1.2516,0.3375,16.6688,16.6630,15.7356,0.0012,-1.0000
16.6701,1.0000,338.7821,1.1592,0.3579,16.6676,16.6714,15.6711,0.0010,-1.0000
16.6670,1.0000,338.7987,1.2405,0.3215,16.6633,16.6635,15.2721,0.0012,-1.0000
16.6657,1.0000,338.8154,1.1505,0.2819,16.6613,16.6461,15.3703,0.0012,-1.0000
16.6665,1.0000,338.8321,0.9258,0.2542,16.6695,16.6597,15.4843,0.0012,-1.0000
16.6673,1.0000,338.8488,0.9992,0.3382,16.6796,16.6589,15.3964,0.0011,-1.0000
16.6649,1.0000,338.8652,1.3900,0.3489,16.6754,16.6518,15.2268,0.0014,-1.0000
16.6668,1.0000,338.8820,1.2746,0.3100,16.6563,16.6557,15.6737,0.0010,-1.0000
16.6653,1.0000,338.8987,1.1743,0.3114,16.6680,16.6569,15.6016,0.0012,-1.0000
16.6681,1.0000,338.9153,1.2605,0.3303,16.6675,16.6593,15.5024,0.0011,-1.0000
16.6675,1.0000,338.9321,1.4236,0.3060,16.6619,16.6614,15.5844,0.0013,-1.0000
16.6660,1.0000,338.9487,0.9812,0.2753,16.6637,16.6529,15.3899,0.0012,-1.0000
16.6647,1.0000,338.9652,1.0541,0.3112,16.6659,16.6525,15.5510,0.0009,-1.0000
16.6690,1.0000,338.9820,1.1557,0.3358,16.6681,16.6703,15.8180,0.0007,-1.0000
16.6656,1.0000,338.9987,1.0757,0.3381,16.6715,16.6558,15.6584,0.0009,-1.0000
16.6674,1.0000,339.0154,1.2618,0.2684,16.6613,16.6602,15.5329,0.0012,-1.0000
16.6679,1.0000,339.0320,1.1007,0.2981,16.6586,16.6651,15.5175,0.0013,-1.0000
16.7243,1.0000,339.0488,0.8517,0.2712,16.6772,16.7366,15.5900,0.0010,-1.0000
16.6639,1.0000,339.0653,0.9966,0.3184,16.6616,16.6326,15.3957,0.0012,-1.0000
16.6662,1.0000,339.0821,1.1263,0.3275,16.6675,16.6560,15.6446,0.0010,-1.0000
16.6674,1.0000,339.0988,1.1462,0.2528,16.6723,16.6597,15.4978,0.0012,-1.0000
16.6667,1.0000,339.1154,1.1458,0.3106,16.7490,16.6559,15.4850,0.0011,-1.0000
16.6667,1.0000,339.1320,1.2360,0.3450,16.6419,16.6578,15.4296,0.0012,-1.0000
16.6633,1.0000,339.1488,1.0103,0.2741,16.6655,16.6449,15.4497,0.0010,-1.0000
16.6685,1.0000,339.1653,1.1605,0.2928,16.6689,16.6696,15.2937,0.0013,-1.0000
16.6667,1.0000,339.1821,1.1693,0.3360,16.6658,16.6610,15.6038,0.0014,-1.0000
16.6647,1.0000,339.1987,1.2268,0.3296,16.6667,16.6488,15.2058,0.0010,-1.0000
16.6701,1.0000,339.2154,1.1940,0.2591,16.6516,16.6715,15.6606,0.0011,-1.0000
16.6664,1.0000,339.2320,1.3744,0.2917,16.6765,16.6583,15.5002,0.0012,-1.0000
16.6639,1.0000,339.2486,1.0558,0.2841,16.6690,16.6469,15.5375,0.0010,-1.0000
16.6691,1.0000,339.2653,1.4419,0.2698,16.6556,16.6725,15.8102,0.0007,-1.0000
16.6651,1.0000,339.2820,1.0097,0.2710,16.6790,16.6534,15.5953,0.0010,-1.0000
16.6663,1.0000,339.2986,1.1568,0.2735,16.6659,16.6541,15.5256,0.0009,-1.0000
16.6694,1.0000,339.3154,1.1083,0.2491,16.6535,16.6732,15.7929,0.0012,-1.0000
16.6690,1.0000,339.3322,0.8616,0.3257,16.6795,16.6976,15.5054,0.0011,-1.0000
16.6648,1.0000,339.3488,1.0572,0.2779,16.6609,16.6158,15.3379,0.0008,-1.0000
16.6673,1.0000,339.3653,1.1275,0.2463,16.6603,16.6566,15.4102,0.0011,-1.0000
16.6670,1.0000,339.3821,0.8790,0.2779,16.6808,16.6616,15.4544,0.0011,-1.0000
16.6656,1.0000,339.3988,1.1907,0.3224,16.7091,16.6536,15.3246,0.0014,-1.0000
16.6674,1.0000,339.4154,1.2770,0.3043,16.6257,16.6552,15.4148,0.0011,-1.0000
16.6662,1.0000,339.4321,1.2451,0.3526,16.6663,16.6579,15.3903,0.0013,-1.0000
16.6631,1.0000,339.4486,1.2060,0.3258,16.6729,16.6416,15.2753,0.0011,-1.0000
16.6672,1.0000,339.4652,1.3274,0.3952,16.6629,16.6608,15.7912,0.0008,-1.0000
16.6692,1.0000,339.4820,1.2389,0.3323,16.6648,16.6733,15.9004,0.0009,-1.0000
16.6651,1.0000,339.4987,1.2661,0.2880,16.6689,16.6542,15.5517,0.0014,-1.0000
16.6660,1.0000,339.5154,1.3652,0.2781,16.6482,16.6555,15.6281,0.0009,-1.0000
16.6688,1.0000,339.5321,0.8689,0.2276,16.6662,16.6673,15.5825,0.0010,-1.0000
16.6657,1.0000,339.5487,0.7719,0.2683,16.6795,16.6557,15.4744,0.0014,-1.0000
16.6663,1.0000,339.5652,1.1012,0.2767,16.6607,16.6562,15.5264,0.0011,-1.0000
16.6691,1.0000,339.5821,1.0261,0.3209,16.6633,16.6706,15.7438,0.0007,-1.0000
16.6648,1.0000,339.5987,1.0840,0.3000,16.6763,16.6499,15.3665,0.0014,-1.0000
16.6687,1.0000,339.6154,1.1799,0.3251,16.6627,16.6687,15.5855,0.0012,-1.0000
16.6673,1.0000,339.6320,1.1288,0.2907,16.6619,16.6542,15.4004,0.0011,-1.0000
16.6663,1.0000,339.6488,0.9258,0.2931,16.6783,16.6637,15.4951,0.0013,-1.0000
16.6666,1.0000,339.6653,1.2822,0.2943,16.6575,16.6508,15.4124,0.0014,-1.0000
16.6662,1.0000,339.6821,1.0818,0.3332,16.6790,16.6562,15.6350,0.0010,-1.0000
16.6694,1.0000,339.6989,1.2524,0.2711,16.6637,16.6741,15.4759,0.0010,-1.0000
16.6643,1.0000,339.7154,1.1674,0.2760,16.6731,16.6361,15.2422,0.0011,-1.0000
16.6656,1.0000,339.7320,1.2369,0.2800,16.6601,16.6540,15.6041,0.0011,-1.0000
16.6683,1.0000,339.7487,1.0204,0.2825,16.6652,16.6589,15.5958,0.0010,-1.0000
16.6644,1.0000,339.7653,1.1970,0.3374,16.6866,16.6504,15.5996,0.0010,-1.0000
16.6672,1.0000,339.7820,1.3928,0.3267,16.6486,16.6637,15.6593,0.0009,-1.0000
16.6678,1.0000,339.7987,1.0485,0.3142,16.6632,16.6625,15.5863,0.0011,-1.0000
16.6669,1.0000,339.8153,1.0621,0.2817,16.6674,16.6609,15.5891,0.0012,-1.0000
16.6655,1.0000,339.8320,1.0500,0.2599,16.6580,16.6561,15.5254,0.0010,-1.0000
16.6692,1.0000,339.8487,1.0036,0.2857,16.6703,16.6677,15.6048,0.0007,-1.0000
16.6649,1.0000,339.8653,1.0749,0.3139,16.6688,16.6490,15.5364,0.0012,-1.0000
16.6674,1.0000,339.8820,1.0706,0.2751,16.6674,16.6642,15.7100,0.0008,-1.0000
16.6676,1.0000,339.8987,1.1297,0.3055,16.6629,16.6843,15.6071,0.0009,-1.0000
16.6667,1.0000,339.9154,1.0622,0.2803,16.6765,16.6353,15.5060,0.0013,-1.0000
16.6675,1.0000,339.9321,1.1112,0.2538,16.6571,16.6607,15.5984,0.0010,-1.0000
16.6697,1.0000,339.9488,0.9533,0.3457,16.6714,16.6673,15.3952,0.0017,-1.0000
16.6612,1.0000,339.9653,1.0761,0.3119,16.6932,16.6329,15.1598,0.0012,-1.0000
16.6676,1.0000,339.9821,1.1279,0.2747,16.6440,16.6703,15.7374,0.0009,-1.0000
16.6679,1.0000,339.9988,1.0612,0.3353,16.6693,16.6574,15.5086,0.0012,-1.0000
16.6636,1.0000,340.0154,1.2699,0.3275,16.6790,16.6467,15.4934,0.0012,-1.0000
16.6697,1.0000,340.0321,1.4721,0.2725,16.6426,16.6716,15.5245,0.0011,-1.0000
16.6679,1.0000,340.0487,0.9320,0.2885,16.6772,16.6591,15.4445,0.0010,-1.0000
16.6633,1.0000,340.0652,1.1475,0.3263,16.6656,16.6468,15.5139,0.0014,-1.0000
16.6673,1.0000,340.0820,1.1520,0.2683,16.6542,16.6639,15.8451,0.0008,-1.0000
16.6688,1.0000,340.0988,1.1459,0.3167,16.6795,16.6689,15.6774,0.0011,-1.0000
16.6639,1.0000,340.1153,1.2136,0.3042,16.6675,16.6463,15.4689,0.0014,-1.0000
16.6661,1.0000,340.1319,1.1315,0.2619,16.6528,16.6587,15.6469,0.0010,-1.0000
16.6703,1.0000,340.1487,0.8180,0.2670,16.6700,16.6768,15.8044,0.0010,-1.0000
16.6664,1.0000,340.1653,0.9902,0.3063,16.6776,16.6544,15.3971,0.0012,-1.0000
16.6641,1.0000,340.1820,1.1761,0.2910,16.6532,16.6494,15.5970,0.0013,-1.0000
16.6710,1.0000,340.1989,1.0109,0.2661,16.6628,16.6939,15.7195,0.0008,-1.0000
16.6663,1.0000,340.2154,0.8713,0.3238,16.6833,16.6396,15.0709,0.0011,-1.0000
16.6653,1.0000,340.2321,1.2558,0.2979,16.6623,16.6514,15.4198,0.0013,-1.0000
16.6692,1.0000,340.2490,1.0510,0.2620,16.6553,16.6709,15.5085,0.0013,-1.0000
16.6660,1.0000,340.2654,0.9733,0.3612,16.7035,16.6482,15.1920,0.0011,-1.0000
16.6644,1.0000,340.2821,1.5673,0.3068,16.6500,16.6490,15.5181,0.0013,-1.0000
16.6684,1.0000,340.2987,1.2304,0.2983,16.6604,16.6649,15.5024,0.0010,-1.0000
16.6672,1.0000,340.3154,1.1609,0.3011,16.6807,16.6601,15.4387,0.0010,-1.0000
16.6640,1.0000,340.3320,1.4548,0.2762,16.6593,16.6435,15.4503,0.0011,-1.0000
16.6668,1.0000,340.3487,1.1296,0.2635,16.6569,16.6635,15.6643,0.0009,-1.0000
16.6687,1.0000,340.3653,1.1615,0.3360,16.6736,16.6632,15.5142,0.0010,-1.0000
16.6635,1.0000,340.3820,1.2200,0.2823,16.6713,16.6455,15.6493,0.0009,-1.0000
16.6678,1.0000,340.3987,1.1920,0.2757,16.6513,16.6661,15.8014,0.0010,-1.0000
16.6689,1.0000,340.4154,0.9981,0.2877,16.6707,16.6704,15.6210,0.0011,-1.0000
16.6670,1.0000,340.4321,1.1480,0.2837,16.6715,16.6568,15.3145,0.0012,-1.0000
16.6648,1.0000,340.4487,0.9953,0.2416,16.6522,16.6524,15.3152,0.0011,-1.0000
16.6677,1.0000,340.4653,0.8639,0.3192,16.6719,16.6630,15.4984,0.0011,-1.0000
16.6645,1.0000,340.4821,1.0484,0.2774,16.6773,16.6541,15.6818,0.0012,-1.0000
16.6715,1.0000,340.4987,1.3410,0.2998,16.6657,16.6740,15.5912,0.0010,-1.0000
16.6652,1.0000,340.5155,1.3360,0.2710,16.6598,16.6543,15.4463,0.0012,-1.0000
16.6671,1.0000,340.5321,1.1636,0.3264,16.6698,16.6586,15.3856,0.0011,-1.0000
16.6673,1.0000,340.5488,0.9711,0.2425,16.6613,16.6701,15.4573,0.0012,-1.0000
16.6652,1.0000,340.5653,1.0814,0.3548,16.6819,16.6372,15.3211,0.0012,-1.0000
16.6667,1.0000,340.5821,1.2064,0.2792,16.6635,16.6591,15.6045,0.0010,-1.0000
16.6672,1.0000,340.5988,1.2717,0.3775,16.6686,16.6599,15.4856,0.0010,-1.0000
16.6663,1.0000,340.6154,1.2117,0.2712,16.6822,16.6552,15.2418,0.0013,-1.0000
16.6656,1.0000,340.6320,1.3149,0.2843,16.6459,16.6552,15.5032,0.0011,-1.0000
16.6672,1.0000,340.6487,1.0534,0.3288,16.6674,16.6604,15.5284,0.0012,-1.0000
16.6686,1.0000,340.6653,1.1730,0.3276,16.6692,16.6637,15.4653,0.0010,-1.0000
16.6640,1.0000,340.6820,1.4118,0.2694,16.6635,16.6457,15.4331,0.0009,-1.0000
16.6663,1.0000,340.6986,1.1510,0.2658,16.6635,16.6608,15.6581,0.0011,-1.0000
16.6699,1.0000,340.7154,1.1307,0.3226,16.6682,16.6770,15.6839,0.0008,-1.0000
16.6655,1.0000,340.7321,1.1971,0.2883,16.6720,16.6476,15.3862,0.0012,-1.0000
