frame_ms,focused,elapsed,CPU Main Thread Frame Time,CPU Render Thread Frame Time,CPU Total Frame Time,PlayerLoop,WaitForTargetFPS,Gfx.WaitForPresentOnGfxThread,Gfx.WaitForGfxCommandsFromMainThread
16.6667,1.0000,5.0941,1.2498,4.8735,16.6657,16.6720,15.2122,0.0011,-1.0000
16.6669,1.0000,5.1101,7.3073,0.4029,17.2365,16.6490,7.4422,0.0015,-1.0000
16.6665,1.0000,5.1268,1.4871,4.5625,16.0973,16.6589,15.3052,0.0011,-1.0000
16.6684,1.0000,5.1435,7.4194,0.3250,16.6630,16.7233,9.9178,0.0011,-1.0000
16.6669,1.0000,5.1602,1.4583,5.5671,16.6811,16.6023,15.1557,0.0014,-1.0000
16.6648,1.0000,5.1768,9.2052,0.3769,16.6576,16.6480,9.5987,0.0011,-1.0000
16.6696,1.0000,5.1936,1.3527,4.2715,16.6663,16.7315,15.2815,0.0014,-1.0000
16.6647,1.0000,5.2101,6.8048,0.3569,16.7330,16.5864,6.6920,0.0013,-1.0000
16.6673,1.0000,5.2268,1.4452,4.6002,16.6110,16.6619,15.4204,0.0011,-1.0000
16.6665,1.0000,5.2435,7.0492,0.3191,16.6558,16.7011,9.4224,0.0013,-1.0000
16.6676,1.0000,5.2601,1.4487,5.1774,16.7443,16.6148,15.2338,0.0011,-1.0000
16.6657,1.0000,5.2768,9.8933,0.3893,16.5977,16.6507,9.7113,0.0010,-1.0000
16.6670,1.0000,5.2935,1.2404,4.3017,16.6710,16.6701,15.4193,0.0011,-1.0000
16.6668,1.0000,5.3102,7.2772,0.3771,16.7098,16.6980,8.9769,0.0013,-1.0000
16.6652,1.0000,5.3269,1.3797,4.3450,16.6233,16.6501,15.0626,0.0010,-1.0000
16.6670,1.0000,5.3434,6.9381,0.3006,16.6590,16.6533,9.8635,0.0013,-1.0000
16.6687,1.0000,5.3602,1.2493,5.2252,16.6802,16.6787,15.3331,0.0010,-1.0000
16.6658,1.0000,5.3772,7.7200,0.4144,16.7072,16.7402,9.4441,0.0012,-1.0000
16.6667,1.0000,5.3935,1.5864,4.3543,16.6587,16.5514,14.9963,0.0011,-1.0000
16.6670,1.0000,5.4103,6.7884,0.3567,16.6609,16.6540,9.3941,0.0013,-1.0000
16.6664,1.0000,5.4269,1.3444,4.7875,16.6864,16.7629,15.0155,0.0012,-1.0000
16.6665,1.0000,5.4434,7.2950,0.3565,16.7534,16.5649,9.7616,0.0011,-1.0000
16.6680,1.0000,5.4603,1.5539,4.8519,16.5613,16.6847,15.3151,0.0010,-1.0000
16.6666,1.0000,5.4769,7.2583,0.7376,16.6627,16.6745,8.9609,0.0011,-1.0000
16.6655,1.0000,5.4935,1.7461,4.3367,16.7735,16.5577,15.1230,0.0014,-1.0000
16.6893,1.0000,5.5103,6.8023,0.3190,16.5748,16.7821,9.5097,0.0011,-1.0000
16.6660,1.0000,5.5269,1.3684,5.1507,16.6952,16.6203,15.1292,0.0010,-1.0000
16.6659,1.0000,5.5434,7.7129,0.3408,16.6843,16.6323,9.8999,0.0013,-1.0000
16.6692,1.0000,5.5603,1.4335,4.2823,16.5662,16.7180,15.3048,0.0011,-1.0000
16.6653,1.0000,5.5769,7.2712,0.3817,16.7907,16.6099,8.3557,0.0011,-1.0000
16.6653,1.0000,5.5935,1.4902,4.3645,16.6298,16.6525,15.2723,0.0009,-1.0000
16.6682,1.0000,5.6103,6.7312,0.3710,16.6406,16.6931,10.1059,0.0010,-1.0000
16.6673,1.0000,5.6269,1.4118,5.3588,16.7280,16.6682,15.0462,0.0014,-1.0000
16.6658,1.0000,5.6435,8.2530,0.3234,16.6195,16.6223,9.8872,0.0011,-1.0000
16.6672,1.0000,5.6613,1.3793,4.2805,16.6605,16.6512,15.3255,0.0012,-1.0000
16.6688,1.0000,5.6770,6.5861,0.3475,16.7012,16.7681,7.1155,0.0014,-1.0000
16.6623,1.0000,5.6934,1.6205,4.1652,16.6764,16.5157,15.2175,0.0012,-1.0000
16.6691,1.0000,5.7103,6.7340,0.3817,16.6310,16.6838,10.0774,0.0010,-1.0000
16.6681,1.0000,5.7269,1.3244,5.1226,16.6607,16.6602,15.2973,0.0011,-1.0000
16.6652,1.0000,5.7434,9.6507,0.3829,16.7778,16.6121,9.6282,0.0010,-1.0000
16.6670,1.0000,5.7601,1.2972,4.3256,16.5239,16.6542,15.3801,0.0012,-1.0000
16.6677,1.0000,5.7768,6.6064,0.3222,16.6911,16.6682,9.0863,0.0011,-1.0000
16.6665,1.0000,5.7936,1.3619,4.2783,16.6705,16.6546,15.2647,0.0010,-1.0000
16.6667,1.0000,5.8101,6.9829,0.3212,16.6217,16.6548,9.6946,0.0013,-1.0000
16.6872,1.0000,5.8271,1.2730,4.6177,16.6619,16.6884,15.3127,0.0011,-1.0000
16.6649,1.0000,5.8434,7.5804,0.3409,16.6762,16.6750,8.6821,0.0012,-1.0000
16.6664,1.0000,5.8602,1.3886,4.3082,16.6633,16.6988,15.4806,0.0011,-1.0000
16.6704,1.0000,5.8770,6.9587,0.2997,16.6633,16.6955,9.3851,0.0011,-1.0000
16.6649,1.0000,5.8936,1.3741,5.0047,16.6967,16.6139,14.1750,0.0015,-1.0000
16.6677,1.0000,5.9120,7.9914,0.3124,16.6834,16.7030,9.6549,0.0013,-1.0000
16.6662,1.0000,5.9269,1.2174,4.6197,16.7063,16.6441,12.4698,0.0016,-1.0000
16.6660,1.0000,5.9434,7.3093,0.6327,16.7059,16.6290,7.9517,0.0015,-1.0000
16.6674,1.0000,5.9601,2.4375,4.5717,16.6223,16.6359,15.0724,0.0018,-1.0000
16.6668,1.0000,5.9769,7.0466,0.3347,16.7133,16.7146,10.0806,0.0009,-1.0000
16.6677,1.0000,5.9935,4.1727,5.9247,16.6536,16.5673,15.3148,0.0010,-1.0000
16.6634,1.0000,6.0101,8.6756,0.3476,16.6390,16.6453,8.2866,0.0012,-1.0000
16.6666,1.0000,6.0268,1.5616,4.1398,16.6445,16.6555,15.4803,0.0011,-1.0000
16.6692,1.0000,6.0434,6.6330,0.3247,16.7232,16.6691,6.7398,0.0010,-1.0000
16.6666,1.0000,6.0601,1.2515,5.3998,16.5762,16.6532,15.3831,0.0009,-1.0000
16.6658,1.0000,6.0768,8.3579,0.3233,16.6544,16.6557,9.2217,0.0011,-1.0000
16.6676,1.0000,6.0935,1.1743,4.9474,16.6644,16.7212,15.3830,0.0012,-1.0000
16.6670,1.0000,6.1101,9.9284,0.3498,16.6769,16.6045,8.6781,0.0010,-1.0000
16.6652,1.0000,6.1267,1.2692,4.4791,16.6616,16.6528,15.4475,0.0011,-1.0000
16.6690,1.0000,6.1434,7.4326,0.2894,16.6638,16.6717,9.9890,0.0011,-1.0000
16.6660,1.0000,6.1602,1.3371,5.3328,16.7290,16.6574,15.1356,0.0011,-1.0000
16.6657,1.0000,6.1773,7.9249,0.3379,16.6128,16.6494,9.7808,0.0011,-1.0000
16.6669,1.0000,6.1939,1.2041,4.3190,16.6605,16.6603,14.9341,0.0011,-1.0000
16.6673,1.0000,6.2102,6.6819,0.4383,16.6799,16.6566,8.3464,0.0016,-1.0000
16.6669,1.0000,6.2269,1.5203,4.6301,16.6667,16.6658,15.2846,0.0011,-1.0000
16.6685,1.0000,6.2435,6.8677,0.3098,16.6587,16.6619,9.8641,0.0012,-1.0000
16.6666,1.0000,6.2602,1.7246,5.1808,16.6691,16.6926,15.1589,0.0012,-1.0000
16.6648,1.0000,6.2769,8.3091,0.3450,16.6653,16.6013,9.8120,0.0011,-1.0000
16.6675,1.0000,6.2936,1.3801,4.7250,16.6742,16.6628,15.3465,0.0012,-1.0000
16.6671,1.0000,6.3105,6.7968,0.3547,16.6729,16.6668,7.2672,0.0013,-1.0000
16.6647,1.0000,6.3269,1.5324,4.5025,16.7031,16.6460,14.8745,0.0013,-1.0000
16.6686,1.0000,6.3434,6.7883,0.3615,16.6102,16.6662,9.9323,0.0011,-1.0000
16.6693,1.0000,6.3603,1.3152,5.9584,16.6717,16.6798,15.3969,0.0012,-1.0000
16.6630,1.0000,6.3769,9.3985,0.3843,16.6771,16.6782,9.5687,0.0013,-1.0000
16.6683,1.0000,6.3935,1.7701,4.3072,16.6543,16.6105,15.2520,0.0012,-1.0000
16.6666,1.0000,6.4103,6.7325,0.3141,16.6745,16.6619,9.1549,0.0010,-1.0000
16.6662,1.0000,6.4269,1.2814,4.4545,16.6903,16.6985,15.0590,0.0012,-1.0000
16.6665,1.0000,6.4434,7.1084,0.4402,16.6875,16.6192,9.7834,0.0011,-1.0000
16.6679,1.0000,6.4602,1.3570,4.5245,16.6193,16.6560,15.4094,0.0012,-1.0000
16.6650,1.0000,6.4769,7.5059,0.5594,16.6715,16.7070,8.8006,0.0014,-1.0000
16.6671,1.0000,6.4936,1.6383,4.5774,16.7065,16.6074,15.2991,0.0012,-1.0000
16.6684,1.0000,6.5103,6.8356,0.3124,16.6276,16.7441,9.8320,0.0011,-1.0000
16.6660,1.0000,6.5268,1.2450,5.4277,16.6651,16.5691,15.1078,0.0011,-1.0000
16.6661,1.0000,6.5434,7.9051,0.3331,16.7154,16.7028,9.8026,0.0011,-1.0000
16.6706,1.0000,6.5603,1.3068,4.4321,16.6148,16.6987,15.4875,0.0010,-1.0000
16.6621,1.0000,6.5770,6.9107,0.3588,16.7534,16.6582,8.0270,0.0011,-1.0000
16.6663,1.0000,6.5935,1.4603,4.4268,16.5778,16.6254,15.2235,0.0011,-1.0000
16.6683,1.0000,6.6103,6.8997,0.3469,16.7108,16.6932,9.6888,0.0012,-1.0000
16.6664,1.0000,6.6269,1.2099,5.1423,16.7084,16.6154,15.2029,0.0013,-1.0000
16.6665,1.0000,6.6434,8.6302,0.3424,16.6684,16.6515,9.8074,0.0012,-1.0000
16.6669,1.0000,6.6604,1.4009,4.5779,16.6333,16.7904,15.4074,0.0009,-1.0000
16.6680,1.0000,6.6769,7.0032,0.3981,16.7014,16.5386,8.4046,0.0010,-1.0000
16.6647,1.0000,6.6935,1.4110,4.6897,16.6239,16.6577,15.2689,0.0011,-1.0000
16.6686,1.0000,6.7104,6.8437,0.3516,16.6602,16.7294,10.0144,0.0011,-1.0000
16.6666,1.0000,6.7268,1.3821,5.4109,16.8001,16.5439,14.9631,0.0013,-1.0000
16.6653,1.0000,6.7435,8.1328,0.3274,16.5469,16.6978,9.3533,0.0012,-1.0000
16.6681,1.0000,6.7603,1.3874,4.3118,16.6657,16.6819,15.3586,0.0014,-1.0000
16.6677,1.0000,6.7769,6.7140,0.3269,16.7398,16.6276,8.7018,0.0013,-1.0000
16.6627,1.0000,6.7935,1.5792,4.5534,16.5541,16.6470,15.3548,0.0011,-1.0000
16.6693,1.0000,6.8102,7.3435,0.3143,16.7065,16.6719,9.9528,0.0010,-1.0000
16.6690,1.0000,6.8271,1.3219,5.2603,16.6914,16.6948,15.3499,0.0013,-1.0000
16.6639,1.0000,6.8435,7.9251,0.3188,16.6372,16.6341,9.2334,0.0016,-1.0000
16.6680,1.0000,6.8603,1.2911,4.3258,16.6550,16.6786,15.2726,0.0014,-1.0000
16.6669,1.0000,6.8770,6.7181,0.3295,16.6791,16.6268,9.0333,0.0014,-1.0000
16.6663,1.0000,6.8935,1.3440,4.4428,16.7065,16.6320,15.1024,0.0008,-1.0000
16.6660,1.0000,6.9104,7.3992,0.3238,16.6445,16.7981,9.8274,0.0015,-1.0000
16.6682,1.0000,6.9269,1.4044,5.2993,16.6879,16.5229,15.1625,0.0010,-1.0000
16.6646,1.0000,6.9434,7.5928,0.3374,16.6364,16.6614,8.8402,0.0011,-1.0000
16.6679,1.0000,6.9603,1.5286,4.5753,16.6412,16.6465,15.3461,0.0015,-1.0000
16.6686,1.0000,6.9770,6.9692,0.3292,16.8068,16.6419,9.8787,0.0014,-1.0000
16.6657,1.0000,6.9937,1.3590,5.3384,16.5314,16.6502,14.2839,0.0012,-1.0000
16.6644,1.0000,7.0102,7.8199,0.3776,16.6706,16.6513,9.3608,0.0012,-1.0000
16.6687,1.0000,7.0268,1.2989,4.9091,16.6556,16.6591,15.3984,0.0009,-1.0000
16.6669,1.0000,7.0434,6.7620,0.3999,16.6507,16.6782,9.5215,0.0010,-1.0000
16.6643,1.0000,7.0602,2.3651,4.3165,16.6602,16.6365,15.4467,0.0014,-1.0000
16.6689,1.0000,7.0771,7.2895,0.3511,16.6595,16.6881,9.9311,0.0011,-1.0000
16.6672,1.0000,7.0935,1.2594,4.7732,16.6656,16.6341,14.2518,0.0013,-1.0000
16.6644,1.0000,7.1102,7.1557,0.3193,16.6874,16.6361,10.0733,0.0010,-1.0000
16.6687,1.0000,7.1268,1.1887,4.4450,16.6450,16.6596,15.4485,0.0013,-1.0000
16.6683,1.0000,7.1435,6.7558,0.4059,16.6963,16.6980,9.4058,0.0011,-1.0000
16.6624,1.0000,7.1602,2.3810,4.3575,16.6425,16.6139,15.1410,0.0013,-1.0000
16.6687,1.0000,7.1768,6.5621,0.3648,16.6443,16.6646,10.0915,0.0012,-1.0000
16.6689,1.0000,7.1936,1.2096,4.6454,16.6671,16.6704,15.4602,0.0012,-1.0000
16.6638,1.0000,7.2102,7.2908,0.3562,16.7057,16.6461,8.8244,0.0015,-1.0000
16.6674,1.0000,7.2268,1.4716,4.2938,16.6210,16.6633,15.3571,0.0011,-1.0000
16.6684,1.0000,7.2435,6.5717,0.3530,16.6716,16.6661,10.0374,0.0011,-1.0000
16.6658,1.0000,7.2601,1.2090,5.6055,16.6794,16.6506,15.1648,0.0015,-1.0000
16.6666,1.0000,7.2768,7.8205,0.3281,16.6548,16.6568,9.6464,0.0009,-1.0000
16.6678,1.0000,7.2935,1.3050,4.3714,16.6701,16.6602,15.3776,0.0011,-1.0000
16.6674,1.0000,7.3102,6.6276,0.3821,16.6744,16.6630,8.9861,0.0010,-1.0000
16.6654,1.0000,7.3270,1.4839,4.6294,16.6593,16.6498,15.0787,0.0011,-1.0000
16.6661,1.0000,7.3434,7.0090,0.3239,16.6650,16.6575,9.4648,0.0013,-1.0000
16.6699,1.0000,7.3603,1.2813,5.1965,16.6688,16.6678,15.4866,0.0011,-1.0000
16.6650,1.0000,7.3769,7.6762,0.4086,16.6741,16.6494,9.0271,0.0012,-1.0000
16.6639,1.0000,7.3935,1.5699,4.7844,16.6595,16.6422,15.0742,0.0011,-1.0000
16.6685,1.0000,7.4102,7.1916,0.3807,16.6660,16.6710,9.8094,0.0015,-1.0000
16.6668,1.0000,7.4268,1.1800,5.3392,16.6788,16.6554,15.3129,0.0012,-1.0000
16.6643,1.0000,7.4434,7.6216,0.4293,16.6622,16.6540,9.8881,0.0012,-1.0000
16.6697,1.0000,7.4602,1.5669,4.2208,16.6512,16.6660,15.4474,0.0011,-1.0000
16.6668,1.0000,7.4769,6.8601,0.3431,16.6787,16.6587,8.5950,0.0015,-1.0000
16.6656,1.0000,7.4936,1.3413,4.4801,16.6644,16.6487,15.2779,0.0012,-1.0000
16.6662,1.0000,7.5101,6.7644,0.3638,16.6625,16.6602,9.6390,0.0012,-1.0000
16.6689,1.0000,7.5270,1.2175,5.0344,16.6748,16.6673,15.4590,0.0012,-1.0000
16.6634,1.0000,7.5434,8.0622,0.3580,16.6683,16.5883,9.7571,0.0012,-1.0000
16.6682,1.0000,7.5602,1.3697,4.4155,16.6573,16.6626,15.5544,0.0011,-1.0000
16.6676,1.0000,7.5770,7.0199,0.9318,16.6675,16.6643,8.8399,0.0013,-1.0000
16.6678,1.0000,7.5935,1.2068,4.5730,16.7318,16.6548,15.0596,0.0011,-1.0000
16.6648,1.0000,7.6102,6.8299,0.3279,16.5971,16.6545,8.8380,0.0013,-1.0000
16.6689,1.0000,7.6272,1.1069,5.3918,16.6706,16.6625,15.3843,0.0010,-1.0000
16.6667,1.0000,7.6434,7.8231,0.3334,16.6734,16.6549,8.4914,0.0012,-1.0000
16.6637,1.0000,7.6602,1.5940,4.8701,16.6653,16.6485,15.4414,0.0009,-1.0000
16.6714,1.0000,7.6770,7.8153,0.3594,16.6643,16.6792,9.9745,0.0010,-1.0000
16.6646,1.0000,7.6935,1.2770,4.9872,16.6726,16.6452,14.8476,0.0012,-1.0000
16.6654,1.0000,7.7102,8.1619,0.3022,16.6641,16.6516,9.4956,0.0011,-1.0000
16.6681,1.0000,7.7269,1.2061,4.3871,16.6562,16.6632,15.3670,0.0012,-1.0000
16.6660,1.0000,7.7435,6.7038,0.4381,16.6893,16.6579,8.3888,0.0013,-1.0000
16.6654,1.0000,7.7601,1.7960,5.0173,16.6549,16.6521,15.3379,0.0012,-1.0000
16.6682,1.0000,7.7769,7.1547,0.3493,16.6601,16.6701,10.2287,0.0009,-1.0000
16.6681,1.0000,7.7935,1.2950,5.2018,16.6723,16.6645,14.8791,0.0012,-1.0000
16.6642,1.0000,7.8102,8.2676,0.3408,16.6658,16.6365,9.3717,0.0012,-1.0000
16.6678,1.0000,7.8271,1.3127,4.2667,16.6599,16.6643,15.3867,0.0011,-1.0000
16.6672,1.0000,7.8434,6.4404,0.3552,16.6788,16.6623,8.8882,0.0013,-1.0000
16.6660,1.0000,7.8601,1.7839,4.6030,16.6754,16.6570,15.5508,0.0013,-1.0000
16.6687,1.0000,7.8769,7.2632,0.2936,16.6451,16.6690,9.9448,0.0011,-1.0000
16.6654,1.0000,7.8935,1.2763,4.9526,16.6717,16.6446,15.1692,0.0012,-1.0000
16.6649,1.0000,7.9102,7.7730,0.3096,16.6707,16.6525,10.0085,0.0012,-1.0000
16.6697,1.0000,7.9269,1.1047,4.4966,16.6660,16.6760,15.3672,0.0012,-1.0000
16.6660,1.0000,7.9434,6.7231,0.3714,16.6798,16.6500,7.4967,0.0012,-1.0000
16.6657,1.0000,7.9602,1.4740,4.4018,16.6539,16.6481,15.4457,0.0010,-1.0000
16.6674,1.0000,7.9768,6.6429,0.3293,16.6603,16.6633,9.6663,0.0011,-1.0000
16.6699,1.0000,7.9937,1.3075,5.4317,16.6861,16.6652,15.4167,0.0014,-1.0000
16.6613,1.0000,8.0101,9.1524,0.3063,16.6605,16.6389,9.3570,0.0013,-1.0000
16.6679,1.0000,8.0268,1.2013,4.6357,16.6571,16.6632,15.5115,0.0011,-1.0000
16.6686,1.0000,8.0435,6.9965,0.3355,16.6715,16.6625,8.9515,0.0012,-1.0000
16.6657,1.0000,8.0602,1.2467,4.3537,16.6752,16.6544,14.8848,0.0013,-1.0000
16.6665,1.0000,8.0769,7.2812,0.3337,16.6486,16.6585,9.9305,0.0010,-1.0000
16.6688,1.0000,8.0935,1.1505,5.2732,16.6710,16.6631,15.3237,0.0013,-1.0000
16.6647,1.0000,8.1101,7.7097,0.3813,16.6717,16.6517,9.2160,0.0011,-1.0000
16.6658,1.0000,8.1268,1.7683,4.4711,16.6634,16.6560,15.4425,0.0012,-1.0000
16.6687,1.0000,8.1434,6.7273,0.3453,16.6666,16.6660,10.1617,0.0012,-1.0000
16.6672,1.0000,8.1602,1.3376,5.2718,16.6710,16.6672,15.4326,0.0013,-1.0000
16.6664,1.0000,8.1768,7.4347,0.3552,16.6598,16.6515,9.6688,0.0014,-1.0000
16.6677,1.0000,8.1935,1.2119,4.1636,16.6622,16.6625,15.3136,0.0013,-1.0000
16.6651,1.0000,8.2102,6.5032,0.3881,16.6731,16.6517,9.3013,0.0012,-1.0000
16.6658,1.0000,8.2268,1.2330,4.3959,16.6764,16.6531,15.3587,0.0011,-1.0000
16.6695,1.0000,8.2435,6.9813,0.3796,16.6594,16.6707,9.8943,0.0010,-1.0000
16.6669,1.0000,8.2602,1.3475,4.7962,16.6722,16.6570,15.1294,0.0015,-1.0000
16.6668,1.0000,8.2768,7.3492,0.3570,16.6619,16.6563,9.4850,0.0012,-1.0000
16.6666,1.0000,8.2936,1.2932,4.4598,16.6601,16.6576,15.2783,0.0012,-1.0000
16.6660,1.0000,8.3102,6.7752,0.4405,16.6789,16.6536,6.7203,0.0018,-1.0000
16.6649,1.0000,8.3269,1.5257,4.4128,16.6664,16.6509,15.3174,0.0013,-1.0000
16.6695,1.0000,8.3434,7.1701,0.3617,16.6660,16.6668,9.6529,0.0012,-1.0000
16.6658,1.0000,8.3602,1.3781,5.6288,16.6676,16.6571,15.2575,0.0015,-1.0000
16.6656,1.0000,8.3768,9.9312,0.3805,16.6627,16.6511,9.8319,0.0012,-1.0000
16.6662,1.0000,8.3935,1.3321,4.8849,16.6588,16.6601,15.3631,0.0010,-1.0000
16.6701,1.0000,8.4103,7.0129,0.3599,16.6752,16.6669,8.5958,0.0011,-1.0000
16.6640,1.0000,8.4268,1.3979,4.5908,16.6672,16.6502,14.9492,0.0011,-1.0000
16.6671,1.0000,8.4434,6.8182,0.3703,16.6605,16.6587,9.6663,0.0015,-1.0000
16.6689,1.0000,8.4602,1.2959,5.4939,16.6671,16.6663,15.3789,0.0010,-1.0000
16.6652,1.0000,8.4769,8.0702,0.3911,16.6760,16.6479,8.6473,0.0015,-1.0000
16.6686,1.0000,8.4936,1.7002,4.5057,16.6592,16.6748,15.2508,0.0013,-1.0000
16.6691,1.0000,8.5103,6.9909,0.3691,16.6676,16.6482,9.6169,0.0011,-1.0000
16.6658,1.0000,8.5269,1.2860,5.7115,16.6767,16.6605,15.1011,0.0011,-1.0000
16.6642,1.0000,8.5434,7.9994,0.3856,16.6567,16.6406,9.5299,0.0011,-1.0000
16.6690,1.0000,8.5603,1.4226,4.5844,16.6843,16.6683,15.3514,0.0014,-1.0000
16.6649,1.0000,8.5770,7.0299,0.3980,16.6591,16.6479,9.0998,0.0014,-1.0000
16.6666,1.0000,8.5935,1.5581,4.6585,16.6706,16.6642,15.0191,0.0014,-1.0000
16.6666,1.0000,8.6102,7.1095,0.4080,16.6515,16.6576,9.2696,0.0012,-1.0000
16.6685,1.0000,8.6269,1.3155,5.1725,16.6776,16.6592,15.2243,0.0009,-1.0000
16.6651,1.0000,8.6434,7.5471,0.3999,16.6574,16.6532,9.6120,0.0013,-1.0000
16.6662,1.0000,8.6603,1.6434,4.6084,16.6731,16.6512,15.2973,0.0013,-1.0000
16.6661,1.0000,8.6768,7.3871,0.3829,16.6689,16.6540,9.7016,0.0012,-1.0000
16.6695,1.0000,8.6936,1.4337,4.7072,16.6686,16.6740,15.1736,0.0017,-1.0000
16.6657,1.0000,8.7102,7.0399,0.3006,16.6641,16.6511,8.3816,0.0017,-1.0000
16.6684,1.0000,8.7269,1.3526,4.4204,16.6598,16.6661,15.1498,0.0013,-1.0000
16.6655,1.0000,8.7435,6.9510,0.3394,16.6622,16.6463,9.4398,0.0011,-1.0000
16.6677,1.0000,8.7603,1.4986,5.4467,16.6820,16.6609,15.2959,0.0014,-1.0000
16.6640,1.0000,8.7768,8.2679,0.3235,16.6600,16.6456,8.2950,0.0015,-1.0000
16.6668,1.0000,8.7935,1.5150,4.5891,16.6777,16.6621,15.3993,0.0011,-1.0000
16.6688,1.0000,8.8103,7.2054,0.4114,16.6566,16.6676,9.7666,0.0013,-1.0000
16.6665,1.0000,8.8269,1.3635,5.3666,16.6695,16.6535,15.0541,0.0012,-1.0000
16.6662,1.0000,8.8434,8.3496,0.3649,16.6543,16.6593,9.0603,0.0014,-1.0000
16.6668,1.0000,8.8602,1.2619,4.5467,16.6692,16.6557,15.4432,0.0011,-1.0000
16.6678,1.0000,8.8770,6.8997,0.4191,16.6757,16.6629,8.5119,0.0013,-1.0000
16.6661,1.0000,8.8935,1.5986,5.4306,16.6625,16.6491,15.0663,0.0012,-1.0000
16.6654,1.0000,8.9102,7.5976,0.3240,16.6680,16.6585,9.7880,0.0013,-1.0000
16.6690,1.0000,8.9269,1.2113,5.6361,16.6651,16.6633,15.3317,0.0013,-1.0000
16.6642,1.0000,8.9434,8.1498,0.3851,16.6733,16.6487,7.7428,0.0012,-1.0000
16.6678,1.0000,8.9601,1.5814,4.5786,16.6589,16.6636,15.3831,0.0011,-1.0000
16.6690,1.0000,8.9773,6.8694,0.3720,16.6668,16.6674,9.5456,0.0014,-1.0000
16.6671,1.0000,8.9936,1.3300,5.3477,16.6721,16.6575,14.7924,0.0013,-1.0000
16.6647,1.0000,9.0103,8.9050,0.3248,16.6584,16.6498,9.2705,0.0012,-1.0000
16.6678,1.0000,9.0268,1.2794,4.8467,16.6704,16.6551,15.1436,0.0013,-1.0000
16.6683,1.0000,9.0435,7.1200,0.3366,16.6771,16.6656,9.7460,0.0011,-1.0000
16.6653,1.0000,9.0602,1.8635,4.3588,16.6694,16.6439,15.1755,0.0011,-1.0000
16.6647,1.0000,9.0769,7.3780,0.3851,16.6611,16.6534,9.5603,0.0012,-1.0000
16.6668,1.0000,9.0936,1.5101,4.5980,16.6633,16.6630,15.3236,0.0011,-1.0000
16.6695,1.0000,9.1103,6.9184,0.4348,16.6761,16.6725,7.9637,0.0014,-1.0000
16.6647,1.0000,9.1268,1.4672,4.4980,16.6555,16.6378,15.0629,0.0014,-1.0000
16.6669,1.0000,9.1434,7.0917,0.3300,16.6623,16.6584,9.7439,0.0011,-1.0000
16.6690,1.0000,9.1605,1.3387,6.0765,16.6733,16.6679,15.3620,0.0010,-1.0000
16.6654,1.0000,9.1769,8.7081,0.5905,16.6833,16.6550,7.4893,0.0015,-1.0000
16.6653,1.0000,9.1935,1.5731,4.5806,16.6486,16.6424,15.2039,0.0012,-1.0000
16.6685,1.0000,9.2103,6.9139,0.3988,16.6660,16.6703,9.5031,0.0010,-1.0000
16.6668,1.0000,9.2270,1.3050,5.4722,16.6780,16.7049,15.1011,0.0012,-1.0000
16.6646,1.0000,9.2435,9.1642,0.3998,16.6651,16.5989,9.1470,0.0014,-1.0000
16.6691,1.0000,9.2602,1.4371,4.8463,16.6503,16.6645,15.3245,0.0012,-1.0000
16.6674,1.0000,9.2769,7.1664,0.3390,16.6797,16.6605,9.3301,0.0012,-1.0000
16.6650,1.0000,9.2936,1.6021,4.5366,16.7160,16.6476,15.1388,0.0011,-1.0000
16.6672,1.0000,9.3102,7.4504,0.3204,16.6079,16.6571,9.4359,0.0013,-1.0000
16.6677,1.0000,9.3271,1.3384,5.0496,16.6741,16.7403,15.3646,0.0013,-1.0000
16.6656,1.0000,9.3434,7.3295,0.3921,16.6713,16.5198,7.1468,0.0012,-1.0000
16.6667,1.0000,9.3602,1.5077,4.5086,16.6580,16.6515,15.5126,0.0009,-1.0000
16.6671,1.0000,9.3768,7.2198,0.3751,16.6657,16.6645,9.4321,0.0016,-1.0000
16.6670,1.0000,9.3936,1.3741,5.9806,16.7507,16.6606,15.0892,0.0014,-1.0000
16.6646,1.0000,9.4102,9.3715,0.3469,16.5869,16.6495,9.6353,0.0013,-1.0000
16.6682,1.0000,9.4268,1.1379,4.8338,16.6596,16.6603,15.4091,0.0012,-1.0000
16.6689,1.0000,9.4435,7.2308,0.4397,16.6722,16.6640,9.5807,0.0011,-1.0000
16.6646,1.0000,9.4607,1.5698,5.2922,16.6703,16.6538,14.9814,0.0011,-1.0000
16.6665,1.0000,9.4768,7.0135,0.2982,16.6578,16.6587,9.2836,0.0014,-1.0000
16.6680,1.0000,9.4936,1.2499,5.2089,16.6682,16.6637,15.4966,0.0010,-1.0000
16.6701,1.0000,9.5102,7.0824,0.3980,16.6724,16.6564,9.2377,0.0011,-1.0000
16.6616,1.0000,9.5268,1.6712,4.4925,16.6618,16.6547,15.4379,0.0010,-1.0000
16.6683,1.0000,9.5435,7.3737,0.3109,16.6662,16.7096,9.9306,0.0012,-1.0000
16.6662,1.0000,9.5602,1.1659,4.7018,16.6714,16.6095,15.2279,0.0010,-1.0000
16.6658,1.0000,9.5769,7.4175,0.2963,16.6654,16.6579,9.9976,0.0015,-1.0000
16.6691,1.0000,9.5936,1.2153,4.4554,16.6620,16.7029,15.3535,0.0013,-1.0000
16.6639,1.0000,9.6102,6.7777,0.3643,16.7194,16.6047,8.8539,0.0013,-1.0000
16.6670,1.0000,9.6268,1.3804,4.4396,16.6187,16.6609,15.4704,0.0011,-1.0000
16.6989,1.0000,9.6441,6.6589,0.3137,16.6666,16.7007,9.7184,0.0012,-1.0000
16.6662,1.0000,9.6603,1.3475,5.1789,16.7138,16.6530,14.6047,0.0012,-1.0000
16.6678,1.0000,9.6769,7.7495,0.3284,16.6139,16.6531,9.4453,0.0010,-1.0000
16.6662,1.0000,9.6936,1.1893,4.3740,16.6691,16.6550,15.2778,0.0011,-1.0000
16.6663,1.0000,9.7102,6.9807,0.3745,16.7100,16.6578,7.6761,0.0012,-1.0000
16.6662,1.0000,9.7268,2.0471,4.9911,16.6653,16.6513,15.3429,0.0011,-1.0000
16.6662,1.0000,9.7435,7.2069,0.3315,16.6625,16.6614,9.3392,0.0012,-1.0000
16.6697,1.0000,9.7605,1.3758,5.6477,16.6654,16.6676,15.3183,0.0014,-1.0000
16.6638,1.0000,9.7769,8.9804,0.2918,16.6662,16.6465,8.3538,0.0016,-1.0000
16.6664,1.0000,9.7935,1.3072,4.4011,16.6596,16.6531,15.3371,0.0010,-1.0000
16.6680,1.0000,9.8102,7.3211,0.3633,16.6708,16.6687,9.8342,0.0010,-1.0000
16.6666,1.0000,9.8269,1.3481,5.7418,16.6785,16.6539,15.1999,0.0012,-1.0000
16.6650,1.0000,9.8434,8.2912,0.3208,16.6559,16.6529,9.1456,0.0010,-1.0000
16.6687,1.0000,9.8602,1.3152,4.9025,16.6600,16.6660,15.5810,0.0010,-1.0000
16.6664,1.0000,9.8769,6.8343,0.3331,16.6761,16.6599,7.9535,0.0011,-1.0000
16.6667,1.0000,9.8935,1.4530,5.1170,16.6619,16.6556,15.1841,0.0010,-1.0000
16.7216,1.0000,9.9105,7.5063,0.3818,16.6606,16.7172,9.8554,0.0012,-1.0000
16.6665,1.0000,9.9269,1.0839,5.5593,16.6736,16.6558,15.0244,0.0011,-1.0000
16.6654,1.0000,9.9436,8.7057,0.3700,16.6681,16.6558,9.7987,0.0014,-1.0000
16.6664,1.0000,9.9601,1.4704,4.5351,16.6634,16.6584,15.4849,0.0013,-1.0000
16.6707,1.0000,9.9771,6.8605,0.3385,16.7259,16.6778,8.4566,0.0009,-1.0000
16.6655,1.0000,9.9938,1.6301,4.5784,16.6644,16.7211,15.1094,0.0018,-1.0000
16.6667,1.0000,10.0104,6.8554,0.3078,16.6628,16.6658,9.8011,0.0013,-1.0000
16.6675,1.0000,10.0273,1.1722,5.9596,16.6657,16.6606,15.2009,0.0012,-1.0000
16.6639,1.0000,10.0437,8.2208,0.3737,16.6878,16.6349,7.5823,0.0014,-1.0000
16.6688,1.0000,10.0603,1.6098,4.3444,16.7309,16.6919,15.2133,0.0012,-1.0000
16.6672,1.0000,10.0771,6.8632,0.3511,16.6747,16.6296,9.6897,0.0010,-1.0000
16.6664,1.0000,10.0937,1.4585,6.5560,16.6715,16.6311,14.9972,0.0012,-1.0000
16.6644,1.0000,10.1104,9.0509,0.3820,16.6443,16.6946,9.4783,0.0012,-1.0000
16.6690,1.0000,10.1271,1.4772,4.8263,16.6997,16.7506,15.2148,0.0011,-1.0000
16.6679,1.0000,10.1437,6.9393,0.4290,16.6388,16.5051,9.3715,0.0012,-1.0000
16.6649,1.0000,10.1603,1.6326,4.7663,16.6416,16.6500,14.2625,0.0017,-1.0000
16.6657,1.0000,10.1770,7.2152,0.5164,16.7033,16.6525,9.7090,0.0011,-1.0000
16.6686,1.0000,10.1939,1.5348,5.2155,16.7585,16.8390,15.3494,0.0014,-1.0000
16.6654,1.0000,10.2104,7.1329,0.5285,16.5154,16.5417,8.9180,0.0012,-1.0000
16.6658,1.0000,10.2269,2.3856,4.7597,16.6611,16.5859,15.1925,0.0010,-1.0000
16.6679,1.0000,10.2437,6.9426,0.3891,16.6617,16.6697,10.0128,0.0016,-1.0000
16.6668,1.0000,10.2602,1.4882,5.2523,16.8479,16.6656,15.2565,0.0012,-1.0000
16.6670,1.0000,10.2770,7.6230,0.3316,16.5504,16.6533,9.5561,0.0012,-1.0000
16.6677,1.0000,10.2937,1.3924,4.4211,16.5936,16.6721,15.2511,0.0012,-1.0000
16.6670,1.0000,10.3104,6.6557,0.3328,16.6777,16.6516,9.3607,0.0014,-1.0000
16.6663,1.0000,10.3272,1.4078,5.0318,16.6740,16.7690,15.0525,0.0015,-1.0000
16.6648,1.0000,10.3436,7.0963,0.3652,16.6635,16.5302,9.6431,0.0013,-1.0000
16.6677,1.0000,10.3602,1.4199,5.0414,16.6822,16.6553,15.4026,0.0011,-1.0000
16.6672,1.0000,10.3770,7.2895,0.3565,16.6634,16.6681,9.9831,0.0011,-1.0000
16.6659,1.0000,10.3936,1.7152,4.3052,16.7795,16.6471,15.2835,0.0010,-1.0000
16.6671,1.0000,10.4104,6.8861,0.2938,16.5390,16.6727,9.7790,0.0012,-1.0000
16.6678,1.0000,10.4270,1.2515,4.8381,16.6626,16.6607,15.1408,0.0011,-1.0000
16.6652,1.0000,10.4436,6.6845,0.3575,16.6778,16.6445,8.7252,0.0012,-1.0000
16.6655,1.0000,10.4601,1.3625,4.5351,16.6556,16.6479,15.3886,0.0012,-1.0000
16.6688,1.0000,10.4770,6.8927,0.4143,16.6823,16.6733,10.1725,0.0010,-1.0000
16.6663,1.0000,10.4937,1.5187,5.2974,16.6695,16.7052,15.2560,0.0011,-1.0000
16.6669,1.0000,10.5103,7.9183,0.3700,16.6537,16.6141,9.6886,0.0014,-1.0000
16.6669,1.0000,10.5270,1.2579,4.4004,16.6556,16.6595,15.3290,0.0012,-1.0000
16.6665,1.0000,10.5437,6.4999,0.3777,16.6817,16.6951,7.7583,0.0012,-1.0000
16.6669,1.0000,10.5603,1.4480,4.7284,16.7141,16.6103,15.2554,0.0009,-1.0000
16.6668,1.0000,10.5772,6.9244,0.3888,16.6226,16.6544,9.6754,0.0011,-1.0000
16.6669,1.0000,10.5937,1.3291,5.9628,16.6692,16.7164,15.0530,0.0013,-1.0000
16.6656,1.0000,10.6103,8.9357,0.3313,16.7040,16.5949,9.8113,0.0013,-1.0000
16.6682,1.0000,10.6270,1.3540,4.6745,16.6208,16.6756,15.3765,0.0011,-1.0000
16.6674,1.0000,10.6437,6.9781,0.3606,16.6645,16.6654,8.6647,0.0012,-1.0000
16.6652,1.0000,10.6603,1.6618,4.7794,16.7254,16.6761,15.0811,0.0017,-1.0000
16.6682,1.0000,10.6770,6.7827,0.3082,16.6030,16.6795,9.6633,0.0014,-1.0000
16.6656,1.0000,10.6937,1.2980,5.6409,16.6865,16.6482,15.3278,0.0012,-1.0000
16.6653,1.0000,10.7103,7.9998,0.3619,16.6763,16.6496,8.2971,0.0012,-1.0000
16.6659,1.0000,10.7270,1.5933,4.5258,16.6851,16.6862,15.3538,0.0013,-1.0000
16.6708,1.0000,10.7439,7.0147,0.3343,16.6908,16.6526,10.0854,0.0012,-1.0000
16.6660,1.0000,10.7602,1.3193,5.1106,16.6574,16.6287,14.8658,0.0013,-1.0000
16.6655,1.0000,10.7771,8.3516,0.3364,16.6576,16.7531,9.1826,0.0012,-1.0000
16.6689,1.0000,10.7937,1.3312,4.2001,16.6924,16.5887,15.2519,0.0013,-1.0000
16.6657,1.0000,10.8104,6.5661,0.3596,16.6613,16.6653,8.8049,0.0015,-1.0000
16.6658,1.0000,10.8271,1.7614,5.0035,16.6389,16.6444,15.1228,0.0010,-1.0000
16.6666,1.0000,10.8437,7.5688,0.3142,16.7621,16.5903,8.7457,0.0012,-1.0000
16.6690,1.0000,10.8605,1.3358,5.5837,16.5997,16.8372,15.4086,0.0009,-1.0000
16.6648,1.0000,10.8772,7.8589,0.3100,16.6772,16.5269,6.8714,0.0014,-1.0000
16.6666,1.0000,10.8937,1.5203,5.4490,16.6561,16.6419,15.0901,0.0014,-1.0000
16.6677,1.0000,10.9105,7.8435,0.3313,16.6004,16.6832,9.1951,0.0015,-1.0000
16.6670,1.0000,10.9273,1.4281,6.7564,16.8496,16.6463,14.3462,0.0018,-1.0000
16.6648,1.0000,10.9437,9.6544,0.3403,16.5376,16.6546,9.0662,0.0010,-1.0000
16.6665,1.0000,10.9602,1.5506,4.9455,16.6518,16.6636,15.3512,0.0013,-1.0000
16.6684,1.0000,10.9771,7.4867,0.4775,16.6949,16.6889,9.4142,0.0017,-1.0000
16.6662,1.0000,10.9937,2.2985,4.5455,16.6557,16.6137,15.0811,0.0012,-1.0000
16.6665,1.0000,11.0103,7.5874,0.3082,16.6620,16.6498,9.4387,0.0011,-1.0000
16.6680,1.0000,11.0271,1.3111,4.7655,16.6706,16.7941,15.4090,0.0013,-1.0000
16.6653,1.0000,11.0437,7.2740,0.5816,16.6966,16.5128,8.7265,0.0013,-1.0000
16.6672,1.0000,11.0602,1.5315,4.2720,16.6229,16.6724,15.3335,0.0012,-1.0000
16.6680,1.0000,11.0771,7.2097,0.3003,16.6596,16.6515,9.4435,0.0010,-1.0000
16.6647,1.0000,11.0936,1.3837,5.7456,16.8049,16.6090,15.0902,0.0012,-1.0000
16.6672,1.0000,11.1103,7.7854,0.3347,16.5229,16.6627,9.9631,0.0011,-1.0000
16.6681,1.0000,11.1273,1.3376,4.7372,16.6806,16.6686,15.4056,0.0011,-1.0000
16.6647,1.0000,11.1436,7.2069,0.3762,16.6612,16.6472,8.7549,0.0012,-1.0000
16.6674,1.0000,11.1603,1.5178,4.4584,16.6175,16.6667,15.3915,0.0014,-1.0000
16.6703,1.0000,11.1770,6.6989,0.3653,16.6711,16.6737,9.8821,0.0012,-1.0000
16.6642,1.0000,11.1937,1.2616,5.4480,16.6766,16.6766,15.0821,0.0013,-1.0000
16.6651,1.0000,11.2104,7.8913,0.3077,16.6561,16.7294,9.9773,0.0012,-1.0000
16.6987,1.0000,11.2272,1.2736,4.9595,16.6740,16.7638,15.2900,0.0010,-1.0000
16.6668,1.0000,11.2439,6.7901,0.3709,16.6833,16.6067,8.3436,0.0010,-1.0000
16.6658,1.0000,11.2602,1.5929,4.4176,16.6875,16.5743,15.0576,0.0011,-1.0000
16.6679,1.0000,11.2772,6.7511,0.3295,16.7380,16.7605,9.9511,0.0014,-1.0000
16.6658,1.0000,11.2937,1.4725,5.3504,16.7720,16.5420,14.8644,0.0012,-1.0000
16.6669,1.0000,11.3104,8.2615,0.3754,16.6182,16.6605,9.1945,0.0013,-1.0000
16.6660,1.0000,11.3275,1.5155,4.6495,16.5821,17.0342,15.3638,0.0012,-1.0000
16.6673,1.0000,11.3436,6.8081,0.4293,16.7697,16.2400,7.9404,0.0013,-1.0000
16.6662,1.0000,11.3602,1.6764,4.8048,16.5519,16.6525,15.4289,0.0010,-1.0000
16.6674,1.0000,11.3771,7.4652,0.3760,16.6702,16.6619,10.0309,0.0010,-1.0000
16.6674,1.0000,11.3937,1.6693,5.3144,17.0437,16.6706,15.2564,0.0011,-1.0000
16.6648,1.0000,11.4104,8.2989,0.3656,16.2485,16.6478,9.7984,0.0011,-1.0000
16.6686,1.0000,11.4275,1.2225,4.2479,16.6610,16.6595,15.2983,0.0012,-1.0000
16.6667,1.0000,11.4437,6.6297,0.3472,16.6695,16.7332,7.1330,0.0012,-1.0000
16.6661,1.0000,11.4601,1.4131,4.5563,16.6786,16.5754,15.0686,0.0013,-1.0000
16.6676,1.0000,11.4769,6.8483,0.3113,16.6554,16.6666,9.9285,0.0009,-1.0000
16.6674,1.0000,11.4937,1.3600,5.3348,16.6673,16.6669,15.4291,0.0013,-1.0000
16.6643,1.0000,11.5102,9.5989,0.4067,16.7426,16.6430,9.2670,0.0010,-1.0000
16.6679,1.0000,11.5269,1.5055,4.4629,16.5848,16.6583,15.4561,0.0011,-1.0000
16.6677,1.0000,11.5436,6.7370,0.3553,16.6746,16.6667,9.1574,0.0010,-1.0000
16.6656,1.0000,11.5601,1.2363,5.2246,16.6763,16.6502,15.2803,0.0011,-1.0000
16.6664,1.0000,11.5770,7.3754,0.3876,16.6529,16.6539,9.8924,0.0012,-1.0000
16.6682,1.0000,11.5936,1.2011,4.9299,16.6661,16.6759,15.4112,0.0013,-1.0000
16.6641,1.0000,11.6102,7.5087,0.3608,16.6764,16.6404,9.1740,0.0009,-1.0000
16.6678,1.0000,11.6269,1.3687,4.6725,16.6596,16.6666,15.4798,0.0012,-1.0000
16.6678,1.0000,11.6436,6.7607,0.3567,16.6615,16.6635,9.5672,0.0010,-1.0000
16.6666,1.0000,11.6602,1.2637,5.3490,16.6858,16.6541,15.1196,0.0010,-1.0000
16.6647,1.0000,11.6769,7.4662,0.3472,16.6500,16.6547,10.1015,0.0010,-1.0000
16.6696,1.0000,11.6942,1.1856,4.7441,16.6733,16.6596,15.4697,0.0011,-1.0000
58.6228,1.0000,11.7527,7.0951,0.3285,16.6730,58.6175,0.0013,0.0331,-1.0000
16.5588,1.0000,11.7689,1.5333,4.5401,16.6635,16.6068,6.8827,0.0010,-1.0000
16.9805,1.0000,11.7860,6.5525,0.3050,16.6632,16.9218,15.5506,0.0012,-1.0000
16.6678,1.0000,11.8024,1.1891,13.8923,16.6672,16.6749,8.2580,0.0011,-1.0000
16.6647,1.0000,11.8192,58.5836,4.7570,58.6243,16.6796,15.4134,0.0015,-1.0000
16.6670,1.0000,11.8359,9.7233,0.3487,16.6117,16.6128,9.8456,0.0012,-1.0000
16.6801,1.0000,11.8526,1.3704,5.7789,16.9296,16.6771,14.8603,0.0011,-1.0000
16.6642,1.0000,11.8692,8.4158,0.3383,16.6858,16.6930,8.9655,0.0010,-1.0000
16.6678,1.0000,11.8858,1.2651,4.4887,16.6888,16.6084,15.3198,0.0012,-1.0000
16.6676,1.0000,11.9024,6.7660,0.3132,16.6210,16.6708,8.9731,0.0012,-1.0000
16.6648,1.0000,11.9192,1.8153,5.2249,16.6862,16.6448,15.3243,0.0012,-1.0000
16.6675,1.0000,11.9359,7.7272,0.3272,16.7028,16.7101,9.8971,0.0010,-1.0000
16.6792,1.0000,11.9526,1.2870,5.4826,16.6162,16.6756,15.2949,0.0013,-1.0000
16.6667,1.0000,11.9693,7.6965,0.3893,16.6787,16.6688,8.5464,0.0011,-1.0000
16.6687,1.0000,11.9860,1.3193,4.3323,16.6527,16.6701,15.2029,0.0012,-1.0000
16.6653,1.0000,12.0028,6.8117,0.3382,16.7188,16.6796,9.5152,0.0017,-1.0000
16.6667,1.0000,12.0193,1.3792,5.9860,16.6849,16.6085,14.8192,0.0011,-1.0000
16.6650,1.0000,12.0359,8.1219,0.3835,16.6787,16.6339,8.8329,0.0012,-1.0000
16.6681,1.0000,12.0527,1.4662,5.0176,16.6799,16.7765,15.4452,0.0011,-1.0000
16.6669,1.0000,12.0694,7.1639,0.3135,16.6892,16.5860,8.5744,0.0014,-1.0000
16.6663,1.0000,12.0860,1.7882,5.0226,16.6185,16.6429,15.1642,0.0013,-1.0000
16.6653,1.0000,12.1025,7.7999,0.3124,16.6426,16.6729,9.1983,0.0012,-1.0000
16.6685,1.0000,12.1192,1.3300,5.3080,16.7845,16.5913,15.4922,0.0011,-1.0000
16.6646,1.0000,12.1359,8.0104,0.3164,16.5970,16.6975,8.2901,0.0010,-1.0000
16.6691,1.0000,12.1526,1.4774,4.6283,16.6522,16.6649,15.3627,0.0009,-1.0000
16.6667,1.0000,12.1694,7.4731,0.3337,16.6802,16.6447,9.8504,0.0010,-1.0000
16.6670,1.0000,12.1859,1.0976,5.3997,16.5996,16.6741,15.1035,0.0011,-1.0000
16.6662,1.0000,12.2025,8.4066,0.3438,16.7072,16.6549,9.9648,0.0014,-1.0000
16.6675,1.0000,12.2192,1.3010,4.6752,16.6723,16.6587,15.4612,0.0012,-1.0000
16.6661,1.0000,12.2359,6.7932,0.2972,16.6541,16.6643,8.7088,0.0012,-1.0000
16.6658,1.0000,12.2526,1.5695,4.4389,16.6834,16.6855,15.3791,0.0013,-1.0000
16.6691,1.0000,12.2698,6.6884,0.2930,16.6639,16.6885,9.8870,0.0012,-1.0000
16.6661,1.0000,12.2860,1.1962,5.7030,16.6670,16.6055,14.5531,0.0013,-1.0000
16.6641,1.0000,12.3026,7.9548,0.3139,16.6727,16.7544,9.8184,0.0012,-1.0000
16.6695,1.0000,12.3193,1.3050,4.5247,16.6940,16.5372,15.3359,0.0011,-1.0000
16.6660,1.0000,12.3359,6.8003,0.3546,16.6991,16.6628,8.7206,0.0011,-1.0000
16.6675,1.0000,12.3526,2.0515,4.3664,16.6160,16.6608,15.1472,0.0012,-1.0000
16.6714,1.0000,12.3693,6.9350,0.3211,16.7636,16.6220,9.8381,0.0012,-1.0000
16.6618,1.0000,12.3858,1.1999,5.0514,16.5461,16.6295,15.1712,0.0013,-1.0000
16.6659,1.0000,12.4024,7.9410,0.3397,16.6726,16.6562,9.8499,0.0012,-1.0000
16.6681,1.0000,12.4193,1.5126,4.3803,16.6708,16.6708,15.4517,0.0010,-1.0000
16.6678,1.0000,12.4359,6.7825,0.3359,16.6355,16.6673,8.3166,0.0013,-1.0000
16.6634,1.0000,12.4525,1.4570,4.4790,16.6398,16.6342,15.3377,0.0012,-1.0000
16.6680,1.0000,12.4696,6.8049,0.3702,16.6639,16.6950,9.7715,0.0007,-1.0000
16.6674,1.0000,12.4858,1.2181,5.2992,16.6799,16.6341,14.1479,0.0011,-1.0000
16.6661,1.0000,12.5025,8.3493,0.3301,16.6770,16.6607,10.2315,0.0011,-1.0000
16.6674,1.0000,12.5192,1.2952,4.2574,16.6428,16.6361,15.4209,0.0012,-1.0000
16.6682,1.0000,12.5359,6.9232,0.4015,16.7026,16.6665,8.2643,0.0013,-1.0000
16.6631,1.0000,12.5524,2.4857,4.3237,16.6424,16.6373,15.2615,0.0011,-1.0000
16.6674,1.0000,12.5691,6.4281,0.3122,16.6686,16.6652,10.0310,0.0011,-1.0000
16.6694,1.0000,12.5859,1.2140,6.0278,16.6441,16.6659,15.2397,0.0009,-1.0000
16.6642,1.0000,12.6024,8.4015,0.3445,16.6772,16.6482,8.8410,0.0011,-1.0000
16.6677,1.0000,12.6191,1.3747,4.3938,16.6458,16.6658,15.6030,0.0010,-1.0000
16.6682,1.0000,12.6359,6.6335,0.3750,16.6713,16.6651,9.4098,0.0010,-1.0000
16.6660,1.0000,12.6525,1.4248,4.6410,16.6746,16.6468,15.0798,0.0013,-1.0000
16.6665,1.0000,12.6692,7.8057,0.3492,16.6567,16.6565,10.0440,0.0011,-1.0000
16.6674,1.0000,12.6859,1.0615,5.9335,16.6729,16.6663,15.3480,0.0010,-1.0000
16.6642,1.0000,12.7024,7.2547,0.3681,16.6759,16.6476,9.0933,0.0009,-1.0000
16.6678,1.0000,12.7192,1.5657,4.3971,16.6575,16.6691,15.5627,0.0012,-1.0000
16.6682,1.0000,12.7358,6.6116,0.3620,16.6640,16.6613,9.6951,0.0011,-1.0000
16.6657,1.0000,12.7525,1.3172,4.5983,16.6734,16.6528,15.2209,0.0010,-1.0000
16.6673,1.0000,12.7692,7.5534,0.3273,16.6555,16.6640,9.9507,0.0011,-1.0000
16.6683,1.0000,12.7859,1.1051,4.9290,16.6759,16.6585,15.3221,0.0011,-1.0000
16.6627,1.0000,12.8024,6.9662,0.3698,16.6687,16.6441,8.9004,0.0013,-1.0000
16.6676,1.0000,12.8191,1.4308,4.6002,16.6613,16.6638,15.4790,0.0011,-1.0000
16.6701,1.0000,12.8360,6.7122,0.3296,16.6735,16.6714,10.2104,0.0009,-1.0000
16.6654,1.0000,12.8525,1.3351,5.5008,16.6687,16.6512,14.8804,0.0013,-1.0000
16.6660,1.0000,12.8691,7.7424,0.3139,16.6528,16.6525,9.9926,0.0012,-1.0000
16.6690,1.0000,12.8860,1.1836,4.3242,16.6699,16.6664,15.3650,0.0011,-1.0000
16.6638,1.0000,12.9024,6.4599,0.4302,16.6808,16.6461,7.6008,0.1071,-1.0000
16.6655,1.0000,12.9192,1.7695,4.9195,16.6610,16.6523,15.4582,0.0013,-1.0000
16.6697,1.0000,12.9359,6.6589,0.3204,16.6615,16.6747,9.8868,0.0009,-1.0000
16.6663,1.0000,12.9525,1.3003,5.1479,16.6768,16.6507,15.2350,0.0014,-1.0000
16.6664,1.0000,12.9691,8.9385,0.3169,16.6566,16.6583,10.0097,0.0009,-1.0000
16.6675,1.0000,12.9858,1.1927,4.3365,16.6587,16.6642,15.4408,0.0010,-1.0000
16.6663,1.0000,13.0024,6.7869,0.3880,16.6832,16.6501,9.0286,0.0010,-1.0000
16.6657,1.0000,13.0191,1.4141,4.7288,16.6601,16.6554,15.2924,0.0011,-1.0000
16.6671,1.0000,13.0358,6.6478,0.2982,16.6663,16.6640,10.0167,0.0010,-1.0000
16.6674,1.0000,13.0525,1.2225,5.0347,16.6740,16.6626,14.9885,0.0013,-1.0000
16.6657,1.0000,13.0691,7.6205,0.4110,16.6588,16.6544,9.9848,0.0012,-1.0000
16.6695,1.0000,13.0867,1.3618,4.5224,16.6630,16.8127,15.5240,0.0011,-1.0000
16.6659,1.0000,13.1024,6.6462,0.3383,16.6712,16.5052,7.5565,0.0011,-1.0000
16.6653,1.0000,13.1191,1.6727,4.2740,16.6709,16.6503,15.5712,0.0009,-1.0000
16.6671,1.0000,13.1358,6.6684,0.3087,16.6620,16.6643,9.4353,0.0011,-1.0000
16.6677,1.0000,13.1525,1.2877,5.3157,16.8236,16.6602,15.1796,0.0012,-1.0000
16.6649,1.0000,13.1692,8.9479,0.3295,16.5144,16.6483,8.8344,0.0012,-1.0000
16.6677,1.0000,13.1858,1.0780,4.8223,16.6592,16.6621,15.2041,0.0010,-1.0000
16.6680,1.0000,13.2025,7.2282,0.4054,16.6724,16.6629,9.8837,0.0010,-1.0000
16.6653,1.0000,13.2192,1.4794,5.3825,16.6697,16.6498,15.2738,0.0010,-1.0000
16.6649,1.0000,13.2358,7.8127,0.3208,16.6615,16.6506,9.6883,0.0013,-1.0000
16.6692,1.0000,13.2532,1.4568,4.4190,16.6702,16.6714,15.4883,0.0012,-1.0000
16.6689,1.0000,13.2693,6.7781,0.4575,16.6737,16.6631,6.2985,0.0011,-1.0000
16.6633,1.0000,13.2858,1.3748,4.6259,16.6589,16.6394,15.1418,0.0012,-1.0000
16.6673,1.0000,13.3024,6.9610,0.3778,16.6585,16.6651,10.0640,0.0013,-1.0000
16.6676,1.0000,13.3192,1.1817,5.7438,16.6799,16.6600,15.4107,0.0011,-1.0000
16.6652,1.0000,13.3359,10.3631,0.3734,16.6742,16.6511,8.9932,0.0013,-1.0000
16.6668,1.0000,13.3525,1.4965,4.4154,16.6484,16.6639,15.2985,0.0012,-1.0000
16.6699,1.0000,13.3693,6.5999,0.3239,16.6733,16.6681,10.0379,0.0008,-1.0000
16.6650,1.0000,13.3858,1.2480,5.2287,16.6674,16.6487,14.1604,0.0013,-1.0000
16.6643,1.0000,13.4024,7.6565,0.3601,16.6595,16.6511,9.7543,0.0009,-1.0000
16.6929,1.0000,13.4199,1.3639,4.2867,16.6714,16.6956,15.5882,0.0011,-1.0000
16.6623,1.0000,13.4359,6.6297,0.4182,16.6779,16.6402,7.4036,0.0012,-1.0000
16.6675,1.0000,13.4525,2.4868,4.4379,16.6595,16.6609,15.4135,0.0010,-1.0000
16.6687,1.0000,13.4692,6.8957,0.3135,16.6598,16.6685,9.8691,0.0010,-1.0000
16.6656,1.0000,13.4858,1.1061,5.1162,16.7049,16.6507,15.1967,0.0011,-1.0000
16.6668,1.0000,13.5025,9.2353,0.3152,16.6494,16.6596,9.5294,0.0011,-1.0000
16.6692,1.0000,13.5192,1.2462,4.4950,16.6680,16.6657,15.4663,0.0010,-1.0000
16.6641,1.0000,13.5360,6.7980,0.3941,16.6781,16.6471,8.0573,0.0011,-1.0000
16.6662,1.0000,13.5525,1.4527,4.5673,16.6598,16.6491,14.8802,0.0012,-1.0000
16.6671,1.0000,13.5692,7.1294,0.3252,16.6683,16.6635,10.0198,0.0011,-1.0000
16.6683,1.0000,13.5860,1.1982,5.7574,16.6756,16.6630,15.4260,0.0015,-1.0000
16.6645,1.0000,13.6024,8.5886,0.4768,16.6581,16.6493,8.5390,0.0013,-1.0000
16.6674,1.0000,13.6192,1.7676,4.3411,16.6581,16.6608,15.5743,0.0009,-1.0000
16.6678,1.0000,13.6359,6.6427,0.3054,16.6720,16.6630,9.7047,0.0012,-1.0000
16.6658,1.0000,13.6525,1.2354,5.7167,16.6724,16.6504,15.2623,0.0011,-1.0000
16.6670,1.0000,13.6692,8.1096,0.3383,16.6585,16.6625,9.9564,0.0011,-1.0000
16.6674,1.0000,13.6862,1.0856,4.4838,16.6683,16.6622,15.3662,0.0011,-1.0000
16.6675,1.0000,13.7025,6.9575,0.3482,16.6723,16.7132,8.7805,0.0013,-1.0000
16.6641,1.0000,13.7192,1.3869,4.4818,16.6588,16.5943,15.4927,0.0014,-1.0000
16.6684,1.0000,13.7359,6.7053,0.3075,16.6704,16.6700,9.9699,0.0011,-1.0000
16.6667,1.0000,13.7526,1.2947,4.9751,16.6705,16.6499,15.2361,0.0013,-1.0000
16.6664,1.0000,13.7692,7.9315,0.3436,16.7223,16.6619,10.0465,0.0013,-1.0000
16.6662,1.0000,13.7859,1.1000,4.4238,16.6022,16.6551,15.4213,0.0015,-1.0000
16.6676,1.0000,13.8024,6.6987,0.3754,16.6784,16.6568,8.2471,0.0012,-1.0000
16.6655,1.0000,13.8192,1.4125,4.5454,16.6586,16.6557,15.6184,0.0009,-1.0000
16.6686,1.0000,13.8360,6.6138,0.3672,16.6708,16.6659,9.8279,0.0009,-1.0000
16.6666,1.0000,13.8525,1.2322,5.0778,16.6635,16.6537,14.9874,0.0016,-1.0000
16.6652,1.0000,13.8692,8.4086,0.2917,16.6676,16.6528,9.4897,0.0012,-1.0000
16.9812,1.0000,13.8863,1.0364,4.3875,16.6633,17.0316,15.6392,0.0012,-1.0000
16.6832,1.0000,13.9029,6.8370,0.3781,16.6756,16.6472,9.3111,0.0011,-1.0000
16.6627,1.0000,13.9195,1.6645,4.5789,16.6630,16.6118,15.3372,0.0014,-1.0000
16.6678,1.0000,13.9362,7.1618,0.3885,16.6609,16.6697,9.8062,0.0009,-1.0000
16.6682,1.0000,13.9529,1.3913,5.0368,17.0433,16.6627,15.2909,0.0012,-1.0000
16.6643,1.0000,13.9695,7.3345,0.3578,16.6587,16.6475,9.1690,0.0014,-1.0000
16.6688,1.0000,13.9862,1.2730,4.4407,16.6198,16.6627,15.4942,0.0010,-1.0000
16.6675,1.0000,14.0028,6.8625,0.3563,16.6765,16.6656,9.3622,0.0014,-1.0000
16.6658,1.0000,14.0195,1.3705,4.9045,16.6715,16.6528,15.2966,0.0012,-1.0000
16.6663,1.0000,14.0362,7.4776,0.3340,16.6563,16.6566,9.8144,0.0008,-1.0000
16.6686,1.0000,14.0529,1.1676,5.2558,16.6701,16.6640,15.3243,0.0013,-1.0000
16.6643,1.0000,14.0695,7.3023,0.3013,16.6746,16.6525,8.5790,0.0010,-1.0000
16.6664,1.0000,14.0862,1.3547,4.5967,16.6617,16.6551,15.2984,0.0013,-1.0000
16.6693,1.0000,14.1029,6.8414,0.3071,16.6649,16.6732,9.8015,0.0014,-1.0000
16.6664,1.0000,14.1195,1.3380,5.1861,16.6714,16.6505,14.9771,0.0015,-1.0000
16.6654,1.0000,14.1362,8.0723,0.3098,16.6621,16.6552,9.5639,0.0013,-1.0000
16.6681,1.0000,14.1530,1.3555,4.8986,16.6623,16.6830,15.4579,0.0012,-1.0000
16.6662,1.0000,14.1696,6.8706,0.5045,16.6829,16.6310,9.1149,0.0011,-1.0000
16.6650,1.0000,14.1862,1.6715,4.6564,16.6599,16.6481,15.3069,0.0012,-1.0000
16.6684,1.0000,14.2028,7.0898,0.3006,16.6637,16.6661,10.0096,0.0011,-1.0000
16.6669,1.0000,14.2195,1.2240,5.0451,16.6942,16.6605,14.8928,0.0012,-1.0000
16.6661,1.0000,14.2362,7.5150,0.3219,16.6429,16.6521,9.2601,0.0009,-1.0000
16.6684,1.0000,14.2530,1.3403,4.4650,16.6567,16.6613,15.3950,0.0011,-1.0000
16.6658,1.0000,14.2695,6.6554,0.4086,16.6740,16.6540,9.1993,0.0012,-1.0000
16.6651,1.0000,14.2861,1.7665,5.2603,16.6707,16.6509,15.3681,0.0011,-1.0000
16.6668,1.0000,14.3027,7.3913,0.3128,16.6621,16.6615,9.8870,0.0010,-1.0000
16.6689,1.0000,14.3195,1.2653,4.8906,16.6710,16.6674,15.0634,0.0011,-1.0000
16.6658,1.0000,14.3363,7.4541,0.3082,16.6631,16.6581,9.8896,0.0010,-1.0000
16.6674,1.0000,14.3528,1.2814,4.4682,16.6583,16.6589,15.2208,0.0010,-1.0000
16.6670,1.0000,14.3695,6.7732,0.3921,16.6682,16.6576,8.9331,0.0012,-1.0000
16.6646,1.0000,14.3861,1.6026,4.3573,16.6747,16.6488,15.1095,0.0013,-1.0000
16.6664,1.0000,14.4027,6.7673,0.2941,16.6672,16.6618,9.8060,0.0011,-1.0000
16.6697,1.0000,14.4198,1.4367,5.6944,16.6674,16.6682,15.5141,0.0011,-1.0000
16.6641,1.0000,14.4362,7.7237,0.4057,16.6672,16.6510,8.0866,0.0014,-1.0000
16.6664,1.0000,14.4528,1.5382,4.4973,16.6566,16.6565,15.3276,0.0011,-1.0000
16.6714,1.0000,14.4697,6.8547,0.3139,16.6683,16.6760,9.6879,0.0011,-1.0000
16.6640,1.0000,14.4862,1.1530,5.1060,16.6762,16.6404,14.8452,0.0013,-1.0000
16.6657,1.0000,14.5028,8.5632,0.3187,16.6611,16.6578,9.8640,0.0012,-1.0000
16.6687,1.0000,14.5196,1.3277,4.4998,16.6632,16.6616,15.5485,0.0010,-1.0000
16.6643,1.0000,14.5362,6.9868,0.3188,16.6864,16.6507,7.6413,0.0012,-1.0000
16.6677,1.0000,14.5528,1.7938,4.4759,16.6520,16.6621,15.3197,0.0011,-1.0000
16.6675,1.0000,14.5696,6.7925,0.3131,16.6668,16.6617,9.8464,0.0012,-1.0000
16.6676,1.0000,14.5862,1.1118,5.9422,16.6717,16.6577,15.2195,0.0013,-1.0000
16.6642,1.0000,14.6027,9.0086,0.3220,16.6597,16.6479,9.7972,0.0013,-1.0000
16.6975,1.0000,14.6196,1.3412,4.5267,16.6697,16.6962,15.5984,0.0013,-1.0000
16.6665,1.0000,14.6362,6.8139,0.4050,16.6697,16.6575,8.6794,0.0013,-1.0000
16.6666,1.0000,14.6529,1.4365,4.5555,16.6662,16.6587,15.3820,0.0010,-1.0000
16.6678,1.0000,14.6696,6.8502,0.3380,16.6563,16.6613,9.8689,0.0012,-1.0000
16.6659,1.0000,14.6862,1.0965,5.0070,16.7049,16.6570,15.0452,0.0012,-1.0000
16.6655,1.0000,14.7028,7.9766,0.3964,16.6659,16.6501,9.2278,0.0010,-1.0000
16.6699,1.0000,14.7196,1.2756,4.5384,16.6668,16.6745,15.5090,0.0010,-1.0000
16.6655,1.0000,14.7363,6.7912,0.3740,16.6696,16.6545,7.9733,0.0013,-1.0000
16.6674,1.0000,14.7530,1.6105,5.2359,16.6660,16.6543,15.3566,0.0011,-1.0000
16.6648,1.0000,14.7695,7.4217,0.3333,16.6582,16.6474,9.8495,0.0011,-1.0000
16.6695,1.0000,14.7863,1.1645,5.4339,16.6846,16.6683,15.3976,0.0011,-1.0000
16.6633,1.0000,14.8028,8.6800,0.2806,16.6653,16.6422,9.9195,0.0010,-1.0000
16.6683,1.0000,14.8195,1.2961,4.4331,16.6659,16.6647,15.5463,0.0010,-1.0000
16.6667,1.0000,14.8364,6.7970,0.3363,16.6549,16.6568,9.3551,0.0013,-1.0000
16.6655,1.0000,14.8529,1.2692,4.4003,16.6777,16.6576,14.6870,0.0012,-1.0000
16.6667,1.0000,14.8695,6.7220,0.3144,16.6511,16.6619,10.1016,0.0012,-1.0000
16.6701,1.0000,14.8863,1.1169,5.4844,16.6722,16.6692,15.3505,0.0011,-1.0000
16.6627,1.0000,14.9028,7.3010,0.7175,16.6654,16.6402,9.0685,0.0021,-1.0000
16.6684,1.0000,14.9196,1.9696,4.4273,16.6652,16.6623,15.5315,0.0011,-1.0000
16.6677,1.0000,14.9364,6.5592,0.3191,16.6689,16.6622,9.8649,0.0011,-1.0000
16.6661,1.0000,14.9529,1.3173,4.9964,16.6805,16.6574,15.1327,0.0011,-1.0000
16.6669,1.0000,14.9696,7.5695,0.3294,16.6500,16.6642,9.9367,0.0012,-1.0000
16.6665,1.0000,14.9865,1.1293,4.4545,16.6695,16.6519,15.4742,0.0011,-1.0000
16.6652,1.0000,15.0028,6.7960,0.3937,16.6709,16.6515,7.5629,0.0012,-1.0000
16.6685,1.0000,15.0195,1.5232,4.3176,16.6667,16.6669,15.4330,0.0011,-1.0000
16.6687,1.0000,15.0363,6.7263,0.3313,16.6728,16.6647,9.9353,0.0011,-1.0000
16.6646,1.0000,15.0529,1.1767,6.5933,16.6599,16.6477,15.2159,0.0010,-1.0000
16.6659,1.0000,15.0696,9.0874,0.3587,16.6591,16.6533,9.8031,0.0009,-1.0000
16.6680,1.0000,15.0865,1.2327,4.5406,16.6756,16.6666,15.3598,0.0012,-1.0000
16.6658,1.0000,15.1028,6.7280,0.3704,16.6759,16.6492,8.4042,0.0014,-1.0000
16.6648,1.0000,15.1195,1.4306,4.5061,16.6596,16.6495,15.4363,0.0011,-1.0000
16.6692,1.0000,15.1363,6.8493,0.3586,16.6621,16.6683,9.6264,0.0009,-1.0000
16.6664,1.0000,15.1529,1.3054,5.4678,16.6761,16.6552,15.1600,0.0013,-1.0000
16.6666,1.0000,15.1696,8.2439,0.5419,16.6589,16.6580,9.8293,0.0016,-1.0000
16.6673,1.0000,15.1862,1.2121,4.7789,16.6577,16.6609,15.2524,0.0012,-1.0000
16.6665,1.0000,15.2028,7.0409,0.3698,16.6770,16.6561,8.2822,0.0012,-1.0000
16.6657,1.0000,15.2195,1.4938,4.4734,16.6643,16.6536,15.4822,0.0010,-1.0000
16.6678,1.0000,15.2363,6.8275,0.3328,16.6676,16.6595,9.7671,0.0011,-1.0000
16.6670,1.0000,15.2530,1.4075,5.8704,16.6697,16.6711,15.2465,0.0014,-1.0000
16.6657,1.0000,15.2695,8.3724,0.3289,16.6645,16.6386,9.8005,0.0012,-1.0000
16.6676,1.0000,15.2862,1.1703,4.3759,16.6619,16.6653,15.3136,0.0012,-1.0000
16.6686,1.0000,15.3030,6.8913,0.3396,16.6707,16.6676,7.5767,0.0012,-1.0000
16.6636,1.0000,15.3195,1.4233,4.3552,16.6816,16.6383,14.9864,0.0017,-1.0000
16.6681,1.0000,15.3363,6.8371,0.3284,16.6466,16.6640,10.1077,0.0011,-1.0000
16.6672,1.0000,15.3529,1.3503,5.7755,16.6729,16.6581,15.2743,0.0013,-1.0000
16.6650,1.0000,15.3695,9.0903,0.3718,16.6782,16.6572,8.6478,0.0011,-1.0000
16.6675,1.0000,15.3862,1.6500,4.4108,16.6468,16.6628,15.3834,0.0011,-1.0000
16.6696,1.0000,15.4029,6.5553,0.3226,16.6727,16.6637,9.8398,0.0012,-1.0000
16.6650,1.0000,15.4196,1.3825,5.1052,16.6661,16.6523,15.3606,0.0012,-1.0000
16.6664,1.0000,15.4363,8.0083,0.3194,16.6658,16.6511,9.8563,0.0012,-1.0000
16.6682,1.0000,15.4530,1.2780,4.2950,16.6709,16.6695,15.4364,0.0013,-1.0000
16.6654,1.0000,15.4696,6.8232,0.3143,16.6731,16.6475,8.8285,0.0014,-1.0000
16.6670,1.0000,15.4862,1.2904,4.3828,16.6618,16.6614,15.3826,0.0015,-1.0000
16.6667,1.0000,15.5028,6.7936,0.3650,16.6595,16.6592,9.7401,0.0009,-1.0000
16.6677,1.0000,15.5195,1.2316,4.9750,16.6788,16.6583,15.3205,0.0010,-1.0000
16.6665,1.0000,15.5363,7.8178,0.3490,16.6577,16.6584,9.5690,0.0011,-1.0000
16.6656,1.0000,15.5529,1.2773,4.3670,16.6693,16.6568,15.2328,0.0012,-1.0000
16.6665,1.0000,15.5695,6.9181,0.3764,16.6686,16.6503,8.9969,0.0013,-1.0000
16.6675,1.0000,15.5863,1.3367,4.6797,16.6672,16.6633,15.4180,0.0011,-1.0000
16.6681,1.0000,15.6029,7.0883,0.3242,16.6691,16.6652,9.8643,0.0011,-1.0000
16.6649,1.0000,15.6195,1.4227,5.3037,16.6654,16.6502,15.0510,0.0021,-1.0000
16.6666,1.0000,15.6362,7.6523,0.3585,16.6582,16.6523,9.5449,0.0010,-1.0000
16.6667,1.0000,15.6529,1.2443,4.4013,16.6713,16.6624,15.4616,0.0012,-1.0000
16.6673,1.0000,15.6696,6.8000,0.3416,16.6755,16.6571,7.7942,0.0011,-1.0000
16.6650,1.0000,15.6862,1.5970,4.9950,16.6598,16.6559,15.4018,0.0013,-1.0000
16.6676,1.0000,15.7028,7.1065,0.3217,16.6609,16.6640,10.1811,0.0010,-1.0000
16.6686,1.0000,15.7196,1.1994,5.8507,16.6703,16.6634,15.5496,0.0010,-1.0000
16.6642,1.0000,15.7362,8.8616,0.3259,16.6650,16.6480,9.3808,0.0014,-1.0000
16.6673,1.0000,15.7529,1.2530,4.2628,16.6633,16.6587,15.4144,0.0012,-1.0000
16.6685,1.0000,15.7697,6.4819,0.3081,16.6712,16.6674,9.5446,0.0012,-1.0000
16.6658,1.0000,15.7862,1.1128,5.0447,16.6730,16.6519,15.1658,0.0014,-1.0000
16.6660,1.0000,15.8028,7.2661,0.3330,16.6570,16.6594,9.9189,0.0011,-1.0000
16.6697,1.0000,15.8197,1.2428,5.0983,16.6648,16.6724,15.5875,0.0010,-1.0000
16.6628,1.0000,15.8363,7.1219,0.3777,16.6752,16.6407,9.6145,0.0015,-1.0000
16.6673,1.0000,15.8529,1.4844,4.4922,16.6603,16.6633,15.3892,0.0012,-1.0000
16.6688,1.0000,15.8696,6.7400,0.3157,16.6670,16.6618,9.7518,0.0012,-1.0000
16.6658,1.0000,15.8862,1.0836,4.5060,16.6831,16.6533,15.2323,0.0011,-1.0000
16.6658,1.0000,15.9028,7.0249,0.3096,16.6500,16.6561,9.9226,0.0010,-1.0000
16.6694,1.0000,15.9196,1.2729,4.2842,16.6707,16.6710,15.5136,0.0010,-1.0000
16.6658,1.0000,15.9362,6.9089,0.4204,16.6711,16.6498,9.2081,0.0010,-1.0000
16.6665,1.0000,15.9529,1.4204,4.8563,16.6625,16.6547,15.4159,0.0012,-1.0000
16.6664,1.0000,15.9696,6.7328,0.3339,16.6637,16.6578,9.8557,0.0011,-1.0000
16.6679,1.0000,15.9864,1.1561,5.1580,16.6805,16.6647,15.4188,0.0011,-1.0000
16.6646,1.0000,16.0029,7.4410,0.3150,16.6586,16.6455,9.4725,0.0013,-1.0000
16.6690,1.0000,16.0196,1.2375,4.1860,16.6637,16.6653,15.3665,0.0011,-1.0000
16.6663,1.0000,16.0363,6.8011,0.3026,16.6661,16.6859,8.4461,0.0014,-1.0000
16.6658,1.0000,16.0528,1.2447,4.3252,16.6754,16.6192,15.0657,0.0013,-1.0000
16.6666,1.0000,16.0696,7.1715,0.3261,16.6569,16.6600,9.9499,0.0013,-1.0000
16.6680,1.0000,16.0863,1.2977,5.1499,16.6742,16.6673,15.4587,0.0011,-1.0000
16.6657,1.0000,16.1028,8.2381,0.3826,16.6962,16.6482,9.3101,0.0013,-1.0000
16.6667,1.0000,16.1195,1.5521,4.4997,16.6277,16.6650,15.5293,0.0012,-1.0000
16.6691,1.0000,16.1363,6.7088,0.3058,16.6673,16.6639,8.1845,0.0012,-1.0000
16.6649,1.0000,16.1529,1.2073,4.7736,16.6766,16.6480,14.8319,0.0011,-1.0000
16.6662,1.0000,16.1696,7.3370,0.3518,16.6565,16.6568,9.6542,0.0012,-1.0000
16.6684,1.0000,16.1862,1.1342,4.7864,16.6731,16.6658,15.2888,0.0014,-1.0000
16.6637,1.0000,16.2028,8.4780,0.3848,16.6747,16.6448,9.6261,0.0011,-1.0000
16.6685,1.0000,16.2196,1.8151,4.7927,16.6570,16.6728,15.5626,0.0012,-1.0000
16.6676,1.0000,16.2367,7.0016,0.3255,16.6643,16.6574,9.9584,0.0012,-1.0000
16.6661,1.0000,16.2530,1.3755,4.8206,16.6757,16.6560,14.6968,0.0015,-1.0000
16.6668,1.0000,16.2696,7.0182,0.3302,16.6539,16.6544,10.1080,0.0012,-1.0000
16.6672,1.0000,16.2863,1.1090,4.7592,16.6803,16.6574,15.3754,0.0013,-1.0000
16.6668,1.0000,16.3028,6.6979,0.4059,16.6651,16.6604,8.6376,0.0012,-1.0000
16.6652,1.0000,16.3195,1.9576,4.6173,16.6660,16.6484,15.5139,0.0014,-1.0000
16.6693,1.0000,16.3364,6.5455,0.3310,16.6646,16.6761,10.0695,0.0008,-1.0000
16.6658,1.0000,16.3529,1.2806,5.2065,16.6655,16.6467,15.0403,0.0012,-1.0000
16.6650,1.0000,16.3695,8.0218,0.3381,16.6686,16.6550,10.1401,0.0013,-1.0000
16.6672,1.0000,16.3863,1.1332,4.4445,16.6560,16.6565,15.3575,0.0010,-1.0000
16.6693,1.0000,16.4029,6.6061,0.2933,16.6873,16.6714,7.9994,0.0012,-1.0000
16.6639,1.0000,16.4196,1.6053,4.5731,16.6563,16.6410,15.3266,0.0011,-1.0000
16.6663,1.0000,16.4362,6.5139,0.2979,16.6629,16.6646,10.0685,0.0011,-1.0000
16.6691,1.0000,16.4530,1.2980,5.2462,16.6639,16.6647,15.4586,0.0012,-1.0000
16.6656,1.0000,16.4696,8.6704,0.3297,16.6809,16.6549,9.0370,0.0011,-1.0000
16.6667,1.0000,16.4862,1.3132,4.2911,16.6498,16.6556,15.4237,0.0015,-1.0000
16.6679,1.0000,16.5029,6.5949,0.4038,16.6712,16.6656,9.8765,0.0010,-1.0000
16.6662,1.0000,16.5196,1.2048,4.8210,16.6728,16.6525,15.2993,0.0011,-1.0000
16.6664,1.0000,16.5362,7.6164,0.3584,16.6634,16.6576,9.7403,0.0011,-1.0000
16.6681,1.0000,16.5529,1.2303,4.3507,16.6625,16.6635,15.3928,0.0012,-1.0000
16.6642,1.0000,16.5695,6.7882,0.3380,16.6743,16.6548,9.0131,0.0015,-1.0000
16.6673,1.0000,16.5863,1.3524,4.6127,16.6613,16.6592,15.4945,0.0014,-1.0000
16.6684,1.0000,16.6029,6.9166,0.2920,16.6662,16.6652,10.2543,0.0011,-1.0000
16.6659,1.0000,16.6195,1.2695,4.8651,16.6712,16.6589,15.1466,0.0013,-1.0000
16.6657,1.0000,16.6362,7.6408,0.2932,16.6622,16.6503,10.0011,0.0011,-1.0000
16.6698,1.0000,16.6530,1.1632,4.2604,16.6661,16.6697,15.3928,0.0012,-1.0000
16.6648,1.0000,16.6696,6.4099,0.6110,16.6730,16.6532,9.2957,0.0014,-1.0000
16.6655,1.0000,16.6862,1.5110,4.3137,16.6675,16.6472,15.2599,0.0013,-1.0000
16.6681,1.0000,16.7028,6.6483,0.3255,16.6590,16.6712,10.1570,0.0009,-1.0000
16.6669,1.0000,16.7195,1.2755,4.6923,16.6787,16.6534,15.0038,0.0016,-1.0000
16.6653,1.0000,16.7362,7.3561,0.3132,16.6629,16.6539,9.7853,0.0014,-1.0000
16.6687,1.0000,16.7530,1.3861,4.4306,16.6557,16.6659,15.3647,0.0011,-1.0000
16.6671,1.0000,16.7696,6.5134,0.3602,16.6796,16.6567,8.3825,0.0011,-1.0000
16.6621,1.0000,16.7861,1.6479,4.3160,16.6623,16.6421,15.4578,0.0011,-1.0000
16.6691,1.0000,16.8028,6.8674,0.3209,16.6620,16.6725,10.3733,0.0011,-1.0000
16.6685,1.0000,16.8196,1.3002,5.8013,16.6751,16.6639,15.5234,0.0012,-1.0000
16.6640,1.0000,16.8363,8.2734,0.3075,16.6662,16.6498,8.6043,0.0013,-1.0000
16.6675,1.0000,16.8529,1.1832,4.3986,16.6488,16.6620,15.3529,0.0010,-1.0000
16.6690,1.0000,16.8696,6.2982,0.3300,16.6786,16.6681,9.7552,0.0012,-1.0000
16.6656,1.0000,16.8862,1.1389,4.9769,16.6714,16.6524,15.2704,0.0012,-1.0000
16.6661,1.0000,16.9028,8.0442,0.3239,16.6575,16.6564,9.7697,0.0012,-1.0000
16.6708,1.0000,16.9198,1.3076,4.8621,16.6689,16.7575,15.5228,0.0011,-1.0000
16.6643,1.0000,16.9362,6.9120,0.3596,16.6773,16.5560,8.3980,0.0012,-1.0000
16.6666,1.0000,16.9529,1.3809,4.3474,16.6622,16.6587,15.4764,0.0011,-1.0000
16.6689,1.0000,16.9696,6.8859,0.3073,16.6639,16.6734,10.0839,0.0009,-1.0000
16.6662,1.0000,16.9862,1.2336,5.3509,16.7661,16.6513,14.9909,0.0012,-1.0000
16.6665,1.0000,17.0028,8.1567,0.3004,16.5645,16.6573,9.8516,0.0011,-1.0000
16.6677,1.0000,17.0196,1.1810,4.4019,16.6649,16.6639,15.4087,0.0017,-1.0000
16.6657,1.0000,17.0362,6.5891,0.6165,16.6826,16.6173,8.5831,0.0010,-1.0000
16.6656,1.0000,17.0529,1.6590,4.4109,16.6602,16.6496,15.4795,0.0012,-1.0000
16.6675,1.0000,17.0696,6.8044,0.3927,16.6655,16.6670,10.0906,0.0012,-1.0000
16.6676,1.0000,17.0863,1.2535,5.2967,16.6730,16.6608,15.1006,0.0014,-1.0000
16.6654,1.0000,17.1028,8.0332,0.3457,16.6619,16.6525,9.5870,0.0014,-1.0000
16.6694,1.0000,17.1200,1.1687,4.2577,16.6575,16.6642,15.4360,0.0012,-1.0000
16.6664,1.0000,17.1363,6.5750,0.3070,16.6743,16.6619,7.6651,0.0013,-1.0000
16.6635,1.0000,17.1528,1.5587,4.6425,16.6697,16.6462,15.3238,0.0011,-1.0000
16.6683,1.0000,17.1696,7.0642,0.3267,16.6601,16.6633,10.2018,0.0011,-1.0000
16.6685,1.0000,17.1862,1.2271,5.8337,16.6725,16.6658,15.3392,0.0011,-1.0000
16.6651,1.0000,17.2028,8.9952,0.3178,16.6708,16.6540,10.1520,0.0011,-1.0000
16.6670,1.0000,17.2195,1.3217,4.3196,16.6537,16.6596,15.5022,0.0012,-1.0000
16.6688,1.0000,17.2365,6.4606,0.3309,16.6698,16.8818,8.9324,0.0012,-1.0000
16.6639,1.0000,17.2529,1.3253,4.3214,16.6740,16.4284,15.0388,0.0011,-1.0000
16.6679,1.0000,17.2695,6.5007,0.3126,16.6623,16.6631,9.9221,0.0010,-1.0000
16.6672,1.0000,17.2862,1.1559,5.0030,16.6669,16.6612,15.4614,0.0011,-1.0000
16.6648,1.0000,17.3028,7.9487,0.3475,16.8928,16.6547,9.4697,0.0014,-1.0000
16.6676,1.0000,17.3196,1.3884,4.3899,16.4376,16.6599,15.4064,0.0012,-1.0000
16.6684,1.0000,17.3364,6.7406,0.3348,16.6710,16.6639,9.6976,0.0011,-1.0000
16.6662,1.0000,17.3529,1.1986,4.8550,16.6688,16.6508,15.0703,0.0012,-1.0000
16.6660,1.0000,17.3696,7.1837,0.3102,16.6634,16.6593,10.1456,0.0011,-1.0000
16.6688,1.0000,17.3863,1.2524,4.7054,16.6675,16.6653,15.3611,0.0009,-1.0000
16.6641,1.0000,17.4028,6.9653,0.3125,16.6734,16.6489,8.5480,0.0013,-1.0000
16.6672,1.0000,17.4196,1.5790,4.3769,16.6596,16.6561,15.4590,0.0010,-1.0000
16.6673,1.0000,17.4362,6.5129,0.3183,16.6669,16.6641,9.8801,0.0012,-1.0000
16.6669,1.0000,17.4529,1.3029,5.3361,16.6757,16.6590,14.7505,0.0010,-1.0000
16.6648,1.0000,17.4696,8.0998,0.3165,16.6596,16.6523,9.3618,0.0011,-1.0000
16.6685,1.0000,17.4862,1.1959,4.3817,16.6629,16.6641,15.4227,0.0010,-1.0000
16.6669,1.0000,17.5029,6.7828,0.4014,16.6714,16.6593,9.0027,0.0018,-1.0000
16.6658,1.0000,17.5195,1.9075,5.0571,16.6671,16.6523,15.3504,0.0011,-1.0000
16.6693,1.0000,17.5363,7.2899,0.3401,16.6610,16.6763,10.1887,0.0009,-1.0000
16.6650,1.0000,17.5529,1.2403,5.6837,16.6724,16.6427,15.2056,0.0012,-1.0000
16.6655,1.0000,17.5696,7.6551,0.3483,16.6685,16.6559,9.7930,0.0013,-1.0000
16.6696,1.0000,17.5864,1.3009,4.4374,16.6597,16.6659,15.4123,0.0011,-1.0000
16.6648,1.0000,17.6028,6.4869,0.3829,16.6863,16.6480,8.5510,0.0016,-1.0000
16.6670,1.0000,17.6196,1.4357,4.3802,16.6519,16.6604,15.5987,0.0010,-1.0000
16.6661,1.0000,17.6362,6.8618,0.3305,16.6642,16.6575,9.6986,0.0013,-1.0000
16.6683,1.0000,17.6529,1.2520,5.2343,16.6755,16.6610,14.1689,0.0014,-1.0000
16.6649,1.0000,17.6696,8.0955,0.3189,16.6571,16.6521,10.1966,0.0010,-1.0000
16.7179,1.0000,17.6863,1.0607,4.3617,16.6698,16.7163,15.4161,0.0012,-1.0000
16.6668,1.0000,17.7029,6.9583,0.3192,16.6652,16.6586,8.3388,0.0011,-1.0000
16.6649,1.0000,17.7196,2.4908,4.2802,16.6694,16.6480,15.4882,0.0011,-1.0000
16.6679,1.0000,17.7363,6.4549,0.3228,16.6602,16.6665,10.0593,0.0011,-1.0000
16.6686,1.0000,17.7531,1.2992,5.6009,16.7258,16.6623,15.2898,0.0012,-1.0000
16.6634,1.0000,17.7696,8.3186,0.3158,16.6685,16.6445,9.3163,0.0012,-1.0000
16.6666,1.0000,17.7862,1.1587,4.3591,16.6564,16.6582,15.4876,0.0011,-1.0000
16.6690,1.0000,17.8030,6.6061,0.3176,16.6739,16.6695,7.7088,0.0010,-1.0000
16.6649,1.0000,17.8196,1.3710,4.8223,16.6728,16.6447,15.1642,0.0013,-1.0000
16.6671,1.0000,17.8364,7.3272,0.3077,16.6540,16.6645,10.0371,0.0014,-1.0000
16.6688,1.0000,17.8531,1.1692,5.0798,16.6652,16.6648,15.3318,0.0011,-1.0000
16.6638,1.0000,17.8696,8.9599,0.3132,16.6797,16.6462,8.6866,0.0012,-1.0000
16.6664,1.0000,17.8862,1.4789,4.3822,16.6525,16.6564,15.4491,0.0010,-1.0000
16.6695,1.0000,17.9030,6.6261,0.3203,16.6719,16.7080,10.3657,0.0010,-1.0000
16.6656,1.0000,17.9197,1.3318,5.3612,16.6741,16.6136,15.2868,0.0014,-1.0000
16.6661,1.0000,17.9363,7.9587,0.3273,16.6551,16.6622,9.8889,0.0011,-1.0000
16.6691,1.0000,17.9530,1.2063,3.9935,16.6631,16.6680,15.4731,0.0012,-1.0000
16.6658,1.0000,17.9697,6.3417,0.3310,16.7158,16.6503,9.3594,0.0011,-1.0000
16.6665,1.0000,17.9863,1.3253,4.6204,16.6225,16.6554,15.2825,0.0011,-1.0000
16.6667,1.0000,18.0030,6.7722,0.3055,16.6703,16.6600,9.9411,0.0011,-1.0000
16.6669,1.0000,18.0196,1.1934,4.7849,16.6778,16.6552,15.1977,0.0011,-1.0000
16.6655,1.0000,18.0363,7.2897,0.3245,16.6600,16.6568,9.8324,0.0010,-1.0000
16.6684,1.0000,18.0530,1.3716,4.7507,16.6638,16.6625,15.4394,0.0012,-1.0000
16.6670,1.0000,18.0696,6.7187,0.4126,16.6700,16.6555,8.5609,0.0010,-1.0000
16.6653,1.0000,18.0863,1.4565,4.2636,16.6642,16.6502,15.2575,0.0014,-1.0000
16.6703,1.0000,18.1030,6.8234,0.3659,16.6662,16.6751,9.6864,0.0013,-1.0000
16.6638,1.0000,18.1196,1.2215,4.7746,16.6720,16.6405,15.1423,0.0012,-1.0000
16.6653,1.0000,18.1363,8.0935,0.3853,16.6645,16.6530,9.9149,0.0012,-1.0000
16.6668,1.0000,18.1531,1.3910,4.4704,16.6593,16.6659,15.4648,0.0012,-1.0000
16.6681,1.0000,18.1698,6.9874,0.4813,16.6866,16.6615,8.6472,0.0012,-1.0000
16.6660,1.0000,18.1863,1.4967,4.1748,16.6500,16.6509,15.0157,0.0012,-1.0000
16.6666,1.0000,18.2028,6.7368,0.3547,16.6594,16.6606,10.0021,0.0012,-1.0000
16.6689,1.0000,18.2197,1.2000,5.7321,16.6738,16.6688,15.4180,0.0010,-1.0000
16.6642,1.0000,18.2363,8.0144,0.4268,16.6710,16.6458,9.1422,0.0013,-1.0000
16.6681,1.0000,18.2530,1.6340,4.5374,16.6589,16.6665,15.4840,0.0013,-1.0000
16.6681,1.0000,18.2696,6.6574,0.3862,16.6678,16.6625,9.6997,0.0011,-1.0000
16.6650,1.0000,18.2863,1.2495,5.4388,16.6776,16.6525,15.2571,0.0010,-1.0000
16.6669,1.0000,18.3029,7.5029,0.3417,16.6539,16.6592,10.2031,0.0010,-1.0000
16.6692,1.0000,18.3197,1.1809,4.7012,16.6739,16.6609,15.3625,0.0015,-1.0000
16.6655,1.0000,18.3364,6.9615,0.3766,16.6710,16.6512,8.7002,0.0015,-1.0000
16.6643,1.0000,18.3530,1.3943,4.3264,16.6615,16.6568,15.1162,0.0012,-1.0000
16.6687,1.0000,18.3696,6.4550,0.3221,16.6692,16.6654,10.1024,0.0014,-1.0000
16.6661,1.0000,18.3863,1.2966,5.5745,16.6703,16.6542,15.1985,0.0012,-1.0000
16.6652,1.0000,18.4029,7.9502,0.3595,16.6605,16.6537,10.0806,0.0013,-1.0000
16.7257,1.0000,18.4201,1.5393,4.4256,16.6637,16.7200,15.5623,0.0012,-1.0000
16.6685,1.0000,18.4363,6.5615,0.3914,16.6739,16.6620,8.3155,0.0010,-1.0000
16.6670,1.0000,18.4530,1.4543,4.2863,16.6642,16.6546,15.4298,0.0012,-1.0000
16.6668,1.0000,18.4697,6.5719,0.3352,16.6617,16.6631,9.6191,0.0011,-1.0000
16.6677,1.0000,18.4864,1.1563,5.1335,16.7272,16.6631,15.0358,0.0013,-1.0000
16.6636,1.0000,18.5030,8.3461,0.3207,16.6696,16.6449,9.9070,0.0011,-1.0000
16.6679,1.0000,18.5198,1.2234,4.3966,16.6632,16.6638,15.4619,0.0012,-1.0000
16.6677,1.0000,18.5363,7.0427,0.3637,16.6715,16.6597,8.6081,0.0014,-1.0000
16.6656,1.0000,18.5530,1.6266,4.4405,16.6735,16.6520,15.3838,0.0011,-1.0000
16.6680,1.0000,18.5697,6.7374,0.3161,16.6538,16.6658,9.7251,0.0011,-1.0000
16.6682,1.0000,18.5864,1.2009,5.3584,16.6720,16.6597,15.3360,0.0012,-1.0000
16.6648,1.0000,18.6029,8.0504,0.3119,16.6677,16.6571,9.9329,0.0012,-1.0000
16.6664,1.0000,18.6196,1.2673,4.7112,16.6601,16.6541,15.3939,0.0011,-1.0000
16.6687,1.0000,18.6365,6.9397,0.3665,16.6744,16.6669,9.5344,0.0012,-1.0000
16.6637,1.0000,18.6530,1.3226,4.1585,16.6683,16.6433,15.0799,0.0013,-1.0000
16.6682,1.0000,18.6697,6.7232,0.3845,16.6657,16.6643,10.1268,0.0017,-1.0000
16.6673,1.0000,18.6864,1.2590,5.3627,16.6610,16.6655,15.3684,0.0011,-1.0000
16.6660,1.0000,18.7029,7.1317,0.3683,16.6755,16.6523,9.1678,0.0011,-1.0000
16.6676,1.0000,18.7197,1.5621,4.3390,16.6512,16.6625,15.4363,0.0012,-1.0000
16.6686,1.0000,18.7364,6.5360,0.3242,16.6714,16.6653,10.0033,0.0011,-1.0000
16.6647,1.0000,18.7531,1.2959,4.4903,16.6745,16.6466,15.2567,0.0014,-1.0000
16.6661,1.0000,18.7697,7.4835,0.3185,16.6603,16.6562,10.0934,0.0014,-1.0000
16.6700,1.0000,18.7864,1.2248,4.2910,16.6704,16.6725,15.4398,0.0011,-1.0000
16.6631,1.0000,18.8029,6.6612,0.3274,16.6748,16.6429,8.3265,0.0011,-1.0000
16.6671,1.0000,18.8197,1.3884,4.3353,16.6563,16.6577,15.5095,0.0011,-1.0000
16.6685,1.0000,18.8365,6.5612,0.3236,16.6647,16.6692,10.1491,0.0012,-1.0000
16.6662,1.0000,18.8530,1.2314,5.3330,16.6820,16.6514,14.8750,0.0013,-1.0000
16.6649,1.0000,18.8696,8.3156,0.3406,16.6535,16.6493,9.9726,0.0013,-1.0000
16.6682,1.0000,18.8865,1.1468,4.3358,16.6642,16.6681,15.4309,0.0011,-1.0000
16.6647,1.0000,18.9029,6.5189,0.4264,16.6779,16.6511,7.1969,0.0012,-1.0000
16.6675,1.0000,18.9197,1.7750,4.2862,16.6618,16.6607,15.4806,0.0010,-1.0000
16.6692,1.0000,18.9364,6.6753,0.3066,16.6578,16.6656,10.0490,0.0013,-1.0000
16.6657,1.0000,18.9530,1.2360,5.4196,16.6765,16.6568,15.0820,0.0013,-1.0000
16.6665,1.0000,18.9697,9.4534,0.3195,16.6599,16.6505,10.0867,0.0011,-1.0000
16.6666,1.0000,18.9864,1.1790,4.7242,16.6682,16.6631,15.3833,0.0011,-1.0000
16.6668,1.0000,19.0030,6.6154,0.3850,16.6753,16.6551,8.9297,0.0012,-1.0000
16.6652,1.0000,19.0197,1.5739,4.3100,16.6670,16.6542,15.3965,0.0011,-1.0000
16.6702,1.0000,19.0365,6.5627,0.3536,16.6590,16.6789,10.0636,0.0012,-1.0000
16.6653,1.0000,19.0530,1.2788,5.0397,16.6724,16.6362,15.1199,0.0011,-1.0000
16.6647,1.0000,19.0697,7.7243,0.2912,16.6639,16.6509,9.6924,0.0010,-1.0000
16.6672,1.0000,19.0864,1.2565,4.4235,16.6619,16.6620,15.4571,0.0011,-1.0000
16.6681,1.0000,19.1030,6.6141,0.3783,16.6924,16.6641,9.2270,0.0015,-1.0000
16.6646,1.0000,19.1197,1.5153,4.5172,16.6475,16.6504,15.1486,0.0012,-1.0000
16.6677,1.0000,19.1363,6.9578,0.3193,16.6582,16.6615,10.0311,0.0010,-1.0000
16.6684,1.0000,19.1530,1.2037,5.5141,16.6694,16.6679,15.3467,0.0012,-1.0000
16.6651,1.0000,19.1698,7.4355,0.3535,16.6720,16.6516,9.0422,0.0013,-1.0000
16.6665,1.0000,19.1863,1.5006,4.3028,16.6583,16.6567,15.3089,0.0014,-1.0000
16.6689,1.0000,19.2030,6.6294,0.3138,16.6679,16.6658,7.6807,0.0014,-1.0000
16.6660,1.0000,19.2197,1.3199,5.3415,16.6761,16.6525,15.3690,0.0014,-1.0000
16.6656,1.0000,19.2363,7.6080,0.3125,16.6609,16.6545,10.0780,0.0012,-1.0000
16.6680,1.0000,19.2531,1.3463,5.1181,16.6651,16.6661,15.4858,0.0011,-1.0000
16.6658,1.0000,19.2697,8.9840,0.3331,16.6762,16.6512,9.3011,0.0015,-1.0000
16.6667,1.0000,19.2863,1.2825,4.3210,16.6612,16.6596,15.3089,0.0009,-1.0000
16.6684,1.0000,19.3030,6.5753,0.3129,16.6617,16.6658,9.8768,0.0011,-1.0000
16.6660,1.0000,19.3197,1.1790,5.0512,16.6747,16.6530,15.0797,0.0011,-1.0000
16.6654,1.0000,19.3364,7.3483,0.3543,16.6597,16.6540,9.4930,0.0016,-1.0000
16.6681,1.0000,19.3530,1.3495,4.5137,16.6671,16.6623,15.3422,0.0011,-1.0000
16.6667,1.0000,19.3697,6.7888,0.3835,16.6756,16.6592,8.5032,0.0013,-1.0000
16.6657,1.0000,19.3863,1.5720,4.4681,16.6631,16.6517,15.3692,0.0012,-1.0000
16.6683,1.0000,19.4030,7.1595,0.3505,16.6621,16.6664,9.9418,0.0008,-1.0000
16.6662,1.0000,19.4197,1.3185,5.8425,16.6695,16.6551,15.2847,0.0010,-1.0000
16.6650,1.0000,19.4364,8.1552,0.3566,16.6676,16.6579,9.1312,0.0010,-1.0000
16.7754,1.0000,19.4533,1.2811,4.3128,16.6588,16.8218,15.3066,0.0014,-1.0000
16.6662,1.0000,19.4700,6.7238,0.3505,16.6751,16.6055,8.5881,0.0012,-1.0000
16.6629,1.0000,19.4864,1.3695,5.1032,16.6635,16.6380,15.1429,0.0009,-1.0000
16.6682,1.0000,19.5031,7.5259,0.3374,16.6667,16.6664,10.1928,0.0009,-1.0000
16.6948,1.0000,19.5199,1.5137,5.3638,16.8322,16.6924,15.4908,0.0012,-1.0000
16.6658,1.0000,19.5365,8.0163,0.3340,16.6174,16.6519,9.6561,0.0012,-1.0000
16.6667,1.0000,19.5531,1.4938,4.3059,16.6469,16.6628,15.4280,0.0011,-1.0000
16.6683,1.0000,19.5699,6.4726,0.3045,16.6727,16.6638,9.0143,0.0010,-1.0000
16.6650,1.0000,19.5865,1.2002,4.5531,16.7017,16.6477,15.0414,0.0014,-1.0000
16.6659,1.0000,19.6031,6.9948,0.3427,16.6604,16.6565,9.9659,0.0009,-1.0000
16.6703,1.0000,19.6200,1.2335,5.5195,16.6704,16.7513,15.4629,0.0011,-1.0000
16.6651,1.0000,19.6365,7.6489,0.3779,16.6732,16.5718,8.4920,0.0010,-1.0000
16.6654,1.0000,19.6531,1.6049,4.2420,16.6563,16.6538,15.3188,0.0011,-1.0000
16.6687,1.0000,19.6700,6.6899,0.3291,16.6639,16.6681,10.1263,0.0012,-1.0000
16.6656,1.0000,19.6865,1.2871,4.8613,16.7599,16.6543,15.0775,0.0013,-1.0000
16.6645,1.0000,19.7030,8.0791,0.3256,16.5820,16.6496,10.2301,0.0013,-1.0000
16.6691,1.0000,19.7199,1.3338,4.2842,16.6618,16.6689,15.5021,0.0011,-1.0000
16.6684,1.0000,19.7366,6.5406,0.3580,16.6759,16.7024,9.0851,0.0012,-1.0000
16.6655,1.0000,19.7532,1.5754,4.3395,16.6623,16.6070,14.9555,0.0016,-1.0000
16.6663,1.0000,19.7698,6.4182,0.2953,16.6576,16.6556,9.5233,0.0013,-1.0000
16.6679,1.0000,19.7866,1.1654,5.2865,16.6792,16.6638,15.4665,0.0013,-1.0000
16.6654,1.0000,19.8030,7.6167,0.4421,16.7142,16.6478,9.5180,0.0015,-1.0000
16.6654,1.0000,19.8198,1.6498,4.3170,16.6165,16.6540,15.5433,0.0011,-1.0000
16.6689,1.0000,19.8366,7.1311,0.2917,16.6631,16.6658,8.7023,0.0008,-1.0000
16.6663,1.0000,19.8531,1.1957,4.3040,16.6746,16.6598,15.1933,0.0014,-1.0000
16.6676,1.0000,19.8698,7.1283,0.3285,16.6578,16.6588,10.1369,0.0011,-1.0000
16.6675,1.0000,19.8865,1.1094,5.6013,16.6617,16.6618,15.3770,0.0013,-1.0000
16.6643,1.0000,19.9031,7.9626,0.4022,16.6727,16.6479,9.3065,0.0013,-1.0000
16.6679,1.0000,19.9199,1.4648,4.3042,16.6687,16.6608,15.4749,0.0014,-1.0000
16.6671,1.0000,19.9365,6.5212,0.3703,16.6683,16.6611,9.7393,0.0014,-1.0000
16.6666,1.0000,19.9531,1.2830,4.6992,16.6709,16.6559,15.3612,0.0013,-1.0000
16.6651,1.0000,19.9698,7.3400,0.3427,16.6566,16.6583,10.0154,0.0010,-1.0000
16.6697,1.0000,19.9866,1.1843,4.8743,16.6692,16.6689,15.3852,0.0013,-1.0000
16.6650,1.0000,20.0032,6.9207,0.3340,16.6696,16.6502,8.2812,0.0013,-1.0000
16.6660,1.0000,20.0198,1.2934,4.4013,16.6646,16.6533,15.1918,0.0017,-1.0000
16.6694,1.0000,20.0365,6.6420,0.2897,16.6657,16.6677,9.8547,0.0013,-1.0000
16.6648,1.0000,20.0531,1.2823,5.8246,16.6775,16.6479,15.1833,0.0012,-1.0000
16.6656,1.0000,20.0698,8.3677,0.3904,16.6603,16.6573,10.0796,0.0011,-1.0000
16.6696,1.0000,20.0866,1.4601,4.3132,16.6622,16.6649,15.4054,0.0014,-1.0000
16.6680,1.0000,20.1032,6.8117,0.3548,16.6767,16.6637,8.2755,0.0012,-1.0000
16.6650,1.0000,20.1198,1.4634,4.3862,16.6577,16.6410,15.3730,0.0012,-1.0000
16.6674,1.0000,20.1365,6.5766,0.3181,16.6656,16.6631,10.1226,0.0011,-1.0000
16.6666,1.0000,20.1531,1.2580,4.9981,16.6741,16.6590,15.0421,0.0012,-1.0000
16.6661,1.0000,20.1699,8.3871,0.3287,16.6751,16.6564,9.8987,0.0012,-1.0000
16.6659,1.0000,20.1865,1.2668,4.6193,16.6493,16.6573,15.3045,0.0011,-1.0000
16.6697,1.0000,20.2031,6.5396,0.4326,16.6713,16.6683,9.3544,0.0009,-1.0000
16.6656,1.0000,20.2199,1.6160,4.6285,16.6670,16.6551,15.5137,0.0011,-1.0000
16.6667,1.0000,20.2365,6.7569,0.3552,16.6637,16.6543,9.9742,0.0011,-1.0000
16.6679,1.0000,20.2532,1.3517,4.9843,16.6649,16.6637,15.3999,0.0013,-1.0000
16.6652,1.0000,20.2698,7.3130,0.3123,16.6758,16.6498,9.8273,0.0011,-1.0000
16.6683,1.0000,20.2865,1.1403,4.4035,16.6660,16.6673,15.4441,0.0010,-1.0000
16.6666,1.0000,20.3031,6.6788,0.4214,16.6626,16.6625,9.9578,0.0011,-1.0000
16.6659,1.0000,20.3198,1.2622,4.2419,16.6716,16.6466,15.3789,0.0009,-1.0000
16.6664,1.0000,20.3365,6.8212,0.3352,16.6576,16.6607,10.0563,0.0012,-1.0000
16.6686,1.0000,20.3533,1.2218,4.3122,16.6752,16.7405,15.3057,0.0014,-1.0000
16.6648,1.0000,20.3699,6.7037,0.4917,16.6723,16.5716,9.0615,0.0013,-1.0000
16.6668,1.0000,20.3865,1.2665,4.2141,16.6557,16.6581,15.2988,0.0012,-1.0000
16.6699,1.0000,20.4032,6.6029,0.3337,16.6688,16.6742,10.1809,0.0013,-1.0000
16.6643,1.0000,20.4199,1.4338,5.2310,16.7512,16.6427,14.4944,0.0013,-1.0000
16.6668,1.0000,20.4365,7.5089,0.3248,16.5815,16.6597,9.8099,0.0013,-1.0000
16.6673,1.0000,20.4532,1.3578,4.3069,16.6661,16.6616,15.4416,0.0011,-1.0000
16.6660,1.0000,20.4698,6.4920,0.4243,16.6829,16.6539,8.5397,0.0013,-1.0000
16.6668,1.0000,20.4865,2.1469,4.4942,16.6522,16.6542,15.3232,0.0011,-1.0000
16.6662,1.0000,20.5032,6.8488,0.3251,16.6684,16.6618,10.0494,0.0012,-1.0000
16.6682,1.0000,20.5199,1.2188,5.4874,16.6704,16.6630,15.1554,0.0013,-1.0000
16.6638,1.0000,20.5365,8.1127,0.3875,16.6643,16.6448,5.6476,0.0011,-1.0000
16.6678,1.0000,20.5531,1.3298,4.4240,16.6630,16.6672,15.4574,0.0013,-1.0000
16.6676,1.0000,20.5698,6.6110,0.4005,16.6695,16.6529,9.2645,0.0012,-1.0000
16.6657,1.0000,20.5865,1.5060,4.4346,16.6737,16.6531,15.4497,0.0012,-1.0000
16.6678,1.0000,20.6031,10.9961,0.3146,16.6532,16.6647,9.8468,0.0011,-1.0000
16.6672,1.0000,20.6198,1.2083,5.8420,16.6756,16.6616,15.2202,0.0015,-1.0000
16.6661,1.0000,20.6366,7.3872,0.3273,16.6623,16.6595,10.1072,0.0011,-1.0000
16.6659,1.0000,20.6531,1.2022,4.4367,16.6615,16.6496,15.3045,0.0014,-1.0000
16.6689,1.0000,20.6700,6.8167,0.4990,16.6720,16.6718,8.3656,0.0009,-1.0000
16.6629,1.0000,20.6864,1.4394,4.8222,16.6706,16.6367,15.1580,0.0015,-1.0000
16.6688,1.0000,20.7031,6.5514,0.3081,16.6699,16.6707,10.2883,0.0013,-1.0000
16.6682,1.0000,20.7199,1.3432,5.8908,16.6569,16.6634,15.4868,0.0009,-1.0000
16.6646,1.0000,20.7365,8.3053,0.3241,16.6817,16.6480,9.7728,0.0016,-1.0000
16.6676,1.0000,20.7532,1.4772,4.2809,16.6454,16.6587,15.4521,0.0011,-1.0000
16.6680,1.0000,20.7699,6.3815,0.3443,16.6786,16.6644,9.6621,0.0011,-1.0000
16.6648,1.0000,20.7864,1.1754,4.2849,16.6727,16.6490,15.1520,0.0011,-1.0000
16.6667,1.0000,20.8031,6.8737,0.3306,16.6561,16.6620,9.9937,0.0010,-1.0000
16.6692,1.0000,20.8199,1.2053,4.5918,16.6670,16.6692,15.5331,0.0013,-1.0000
16.6644,1.0000,20.8365,7.0017,0.4372,16.6727,16.6471,9.5025,0.0013,-1.0000
16.6672,1.0000,20.8532,1.4958,4.2686,16.6572,16.6593,15.2001,0.0013,-1.0000
16.6682,1.0000,20.8699,6.6677,0.3284,16.6690,16.6720,9.4942,0.0014,-1.0000
16.6659,1.0000,20.8865,1.1346,4.6857,16.6783,16.6436,15.0620,0.0013,-1.0000
16.6663,1.0000,20.9031,7.1434,0.3719,16.6560,16.6601,9.9556,0.0013,-1.0000
16.6691,1.0000,20.9201,1.4580,4.3469,16.6662,16.7953,15.5534,0.0012,-1.0000
16.6638,1.0000,20.9367,7.1763,0.5051,16.6819,16.5775,8.0102,0.0011,-1.0000
16.6661,1.0000,20.9531,1.5802,4.2336,16.6531,16.5959,15.2518,0.0009,-1.0000
16.6685,1.0000,20.9699,6.7032,0.3467,16.6679,16.6686,10.2947,0.0014,-1.0000
16.6674,1.0000,20.9865,1.2409,5.1734,16.8060,16.6564,15.0059,0.0015,-1.0000
16.6649,1.0000,21.0031,8.5663,0.3527,16.5876,16.6460,9.8451,0.0012,-1.0000
16.6672,1.0000,21.0199,1.3432,4.3008,16.6038,16.6641,15.4596,0.0010,-1.0000
16.6675,1.0000,21.0365,6.3724,0.4546,16.6786,16.6616,9.1928,0.0010,-1.0000
16.6660,1.0000,21.0531,1.6489,4.5401,16.6665,16.6510,15.3422,0.0014,-1.0000
16.6680,1.0000,21.0700,6.7999,0.3319,16.6542,16.6680,10.3072,0.0011,-1.0000
16.6667,1.0000,21.0866,1.2034,5.1438,16.6721,16.6569,14.9936,0.0014,-1.0000
16.6652,1.0000,21.1031,7.4676,0.3477,16.6699,16.6568,9.7827,0.0010,-1.0000
16.6672,1.0000,21.1198,1.3075,4.1365,16.6592,16.6519,15.2906,0.0012,-1.0000
16.6677,1.0000,21.1365,6.3596,0.3394,16.6768,16.6635,8.6869,0.0010,-1.0000
16.6659,1.0000,21.1531,1.6617,4.4022,16.6670,16.6526,15.1524,0.0010,-1.0000
16.6657,1.0000,21.1699,6.8730,0.3957,16.6655,16.6540,9.9477,0.0011,-1.0000
16.6692,1.0000,21.1865,1.3599,5.5845,16.6610,16.6687,15.2887,0.0010,-1.0000
16.6639,1.0000,21.2030,7.9758,0.4345,16.6732,16.6442,9.8771,0.0012,-1.0000
16.6664,1.0000,21.2198,1.4992,4.3817,16.6614,16.6582,15.5478,0.0015,-1.0000
16.6699,1.0000,21.2365,6.7056,0.4337,16.6624,16.6696,9.0351,0.0010,-1.0000
16.6648,1.0000,21.2532,1.3788,4.0881,16.6773,16.6532,15.1323,0.0010,-1.0000
16.6670,1.0000,21.2698,6.7659,0.3313,16.6532,16.6595,9.9339,0.0012,-1.0000
16.6677,1.0000,21.2865,1.1089,5.2669,16.6656,16.6627,15.3689,0.0013,-1.0000
16.6654,1.0000,21.3031,7.6342,0.3681,16.6787,16.6489,8.5396,0.0011,-1.0000
16.6668,1.0000,21.3198,1.5197,4.3555,16.6623,16.6569,15.4468,0.0010,-1.0000
16.6683,1.0000,21.3367,6.7247,0.3406,16.6677,16.6662,9.6109,0.0012,-1.0000
16.6665,1.0000,21.3531,1.2924,5.6257,16.6728,16.6544,14.6206,0.0011,-1.0000
16.6646,1.0000,21.3698,8.1087,0.3889,16.6591,16.6514,9.4807,0.0011,-1.0000
16.6677,1.0000,21.3865,1.2091,4.3164,16.6644,16.6593,15.3147,0.0012,-1.0000
16.6669,1.0000,21.4031,7.0539,0.4347,16.6772,16.6632,8.7805,0.0012,-1.0000
16.6666,1.0000,21.4199,2.0326,4.2305,16.6641,16.6537,15.4374,0.0010,-1.0000
16.6691,1.0000,21.4367,7.1699,0.3679,16.6598,16.6853,9.4495,0.0011,-1.0000
16.6656,1.0000,21.4531,1.3434,5.1916,16.6662,16.6342,14.6217,0.0011,-1.0000
16.6651,1.0000,21.4698,7.8815,0.3295,16.6713,16.6514,9.6268,0.0011,-1.0000
16.6690,1.0000,21.4866,1.2150,4.4952,16.6625,16.6661,15.3232,0.0010,-1.0000
16.7083,1.0000,21.5032,7.2348,0.4420,16.6963,16.7055,8.1570,0.0011,-1.0000
16.6225,1.0000,21.5198,2.0112,4.3501,16.6429,16.5985,15.2689,0.0012,-1.0000
16.6668,1.0000,21.5365,7.0233,0.3761,16.6595,16.6624,10.2242,0.0010,-1.0000
16.6691,1.0000,21.5533,1.3418,5.7519,16.6743,16.6660,15.4791,0.0008,-1.0000
16.6653,1.0000,21.5698,8.5475,0.3640,16.7149,16.6530,9.3124,0.0013,-1.0000
16.6678,1.0000,21.5866,1.3285,4.3830,16.6071,16.6621,15.3626,0.0015,-1.0000
16.6672,1.0000,21.6031,6.4379,0.3374,16.6696,16.6569,9.2738,0.0015,-1.0000
16.6655,1.0000,21.6198,1.1862,4.4390,16.6754,16.6571,15.2400,0.0012,-1.0000
16.6667,1.0000,21.6365,7.3393,0.3744,16.6620,16.6539,10.0702,0.0011,-1.0000
16.6673,1.0000,21.6532,1.2980,5.0307,16.6708,16.6698,15.4295,0.0012,-1.0000
16.6655,1.0000,21.6699,7.3821,0.4122,16.6663,16.6474,8.8753,0.0009,-1.0000
16.6671,1.0000,21.6865,1.4157,4.3560,16.6659,16.6620,15.3026,0.0012,-1.0000
16.6674,1.0000,21.7031,6.5826,0.3056,16.6616,16.6574,9.8918,0.0010,-1.0000
16.6668,1.0000,21.7198,1.2390,5.6464,16.6792,16.6554,15.4041,0.0009,-1.0000
16.6659,1.0000,21.7365,7.7717,0.3420,16.6559,16.6567,9.9579,0.0015,-1.0000
16.6680,1.0000,21.7532,1.3581,4.4478,16.6702,16.6661,15.4192,0.0012,-1.0000
16.6652,1.0000,21.7698,6.7646,0.4065,16.6658,16.6542,8.5214,0.0013,-1.0000
16.6668,1.0000,21.7865,1.2501,4.4089,16.6637,16.6592,15.4431,0.0013,-1.0000
16.6691,1.0000,21.8031,6.6971,0.3333,16.6643,16.6677,9.6205,0.0010,-1.0000
16.6657,1.0000,21.8199,1.2457,5.3177,16.6738,16.7140,15.3032,0.0019,-1.0000
16.6664,1.0000,21.8366,8.1313,0.3333,16.6634,16.5908,9.9585,0.0010,-1.0000
16.6681,1.0000,21.8532,1.2146,4.4047,16.6665,16.6652,15.1515,0.0013,-1.0000
16.6652,1.0000,21.8699,7.0461,0.3129,16.6769,16.6484,8.1353,0.0010,-1.0000
16.6671,1.0000,21.8865,1.4087,4.4004,16.7238,16.6590,15.3727,0.0010,-1.0000
16.6680,1.0000,21.9031,6.6319,0.3781,16.5989,16.6593,9.7556,0.0012,-1.0000
16.6677,1.0000,21.9199,1.5122,6.0493,16.6767,16.6595,15.3761,0.0011,-1.0000
16.6660,1.0000,21.9366,8.5122,0.3599,16.6590,16.6587,8.5193,0.0011,-1.0000
16.6663,1.0000,21.9532,1.2852,4.3415,16.6683,16.6525,14.9827,0.0011,-1.0000
16.6663,1.0000,21.9699,6.9029,0.4014,16.6696,16.6502,9.0617,0.0011,-1.0000
16.6665,1.0000,21.9865,1.2820,6.2005,16.6698,16.6575,15.0830,0.0013,-1.0000
16.6650,1.0000,22.0032,8.1387,0.4437,16.6707,16.6527,9.6173,0.0011,-1.0000
16.6678,1.0000,22.0198,1.6685,4.9307,16.6635,16.6617,15.3903,0.0013,-1.0000
16.6672,1.0000,22.0368,7.5872,0.3904,16.6624,16.6614,9.4689,0.0012,-1.0000
16.6647,1.0000,22.0531,1.5731,4.3889,16.6659,16.6448,14.9122,0.0014,-1.0000
16.6687,1.0000,22.0699,7.0345,0.3667,16.6619,16.6665,9.8713,0.0010,-1.0000
16.6671,1.0000,22.0866,1.2699,4.6251,16.6688,16.6582,15.1825,0.0012,-1.0000
16.6652,1.0000,22.1031,7.1915,0.3693,16.6714,16.6536,9.3211,0.0011,-1.0000
16.6683,1.0000,22.1198,1.7316,4.3989,16.6535,16.6636,15.4864,0.0010,-1.0000
16.6699,1.0000,22.1366,6.7941,0.4312,16.6755,16.6659,8.6135,0.0013,-1.0000
16.6620,1.0000,22.1531,1.4741,4.9253,16.6680,16.6386,14.9522,0.0012,-1.0000
16.6674,1.0000,22.1699,7.3317,0.4179,16.6631,16.6600,10.0854,0.0011,-1.0000
16.6674,1.0000,22.1865,1.1759,4.3644,16.6716,16.6654,15.3444,0.0012,-1.0000
16.6645,1.0000,22.2031,8.0509,0.7070,16.6779,16.6510,9.0035,0.0011,-1.0000
16.6692,1.0000,22.2198,1.6851,4.3996,16.6476,16.6653,15.2805,0.0013,-1.0000
16.6667,1.0000,22.2365,6.5732,0.4177,16.6678,16.6576,9.8033,0.0012,-1.0000
16.6661,1.0000,22.2532,1.3196,5.1115,16.6736,16.6531,15.2414,0.0012,-1.0000
16.6670,1.0000,22.2699,7.6471,0.4603,16.6595,16.6622,9.8594,0.0012,-1.0000
16.6683,1.0000,22.2865,1.3834,4.8701,16.6736,16.6620,15.2017,0.0010,-1.0000
16.6640,1.0000,22.3031,6.8533,0.3725,16.6672,16.6455,8.6397,0.0010,-1.0000
16.6682,1.0000,22.3199,1.4105,4.3770,16.6619,16.6650,15.5257,0.0011,-1.0000
16.6682,1.0000,22.3367,6.8015,0.3848,16.6719,16.6616,9.3328,0.0011,-1.0000
16.6653,1.0000,22.3532,1.4591,5.4163,16.6728,16.6504,14.7077,0.0011,-1.0000
16.6666,1.0000,22.3698,8.0050,0.3314,16.6549,16.6528,10.1226,0.0011,-1.0000
16.6673,1.0000,22.3866,1.1378,4.5707,16.6738,16.6627,15.4689,0.0011,-1.0000
16.6667,1.0000,22.4031,7.3275,0.4119,16.6718,16.6489,8.9484,0.0014,-1.0000
16.6659,1.0000,22.4199,1.9417,4.3214,16.6611,16.6593,15.5175,0.0011,-1.0000
16.6679,1.0000,22.4366,6.5291,0.3224,16.6626,16.6656,9.9061,0.0012,-1.0000
16.6687,1.0000,22.4532,1.1924,5.4680,16.6726,16.6580,15.2448,0.0012,-1.0000
16.6644,1.0000,22.4698,7.6995,0.3555,16.6583,16.6515,9.1494,0.0014,-1.0000
16.6669,1.0000,22.4865,1.1406,4.9570,16.6685,16.6608,15.4175,0.0013,-1.0000
16.6667,1.0000,22.5031,6.7584,0.3906,16.6748,16.6563,8.9040,0.0014,-1.0000
16.6655,1.0000,22.5198,1.4117,4.6603,16.6675,16.6530,15.4205,0.0013,-1.0000
16.6680,1.0000,22.5366,7.5006,0.3291,16.6605,16.6710,9.5675,0.0011,-1.0000
16.6673,1.0000,22.5531,1.2420,5.1791,16.6686,16.6546,15.1489,0.0012,-1.0000
16.6657,1.0000,22.5698,7.7510,0.3247,16.6637,16.6553,10.0176,0.0010,-1.0000
16.6688,1.0000,22.5866,1.2311,4.5171,16.6600,16.6622,15.4474,0.0013,-1.0000
16.6655,1.0000,22.6031,7.1022,0.3808,16.6797,16.6543,9.1915,0.0015,-1.0000
16.6664,1.0000,22.6198,1.5046,4.5227,16.6644,16.6518,15.3421,0.0010,-1.0000
16.6661,1.0000,22.6365,6.6366,0.3459,16.6629,16.6606,10.0384,0.0010,-1.0000
16.6685,1.0000,22.6532,1.2132,4.7213,16.6717,16.6664,15.4252,0.0011,-1.0000
16.6649,1.0000,22.6699,7.4612,0.4193,16.6647,16.6513,8.8014,0.0009,-1.0000
16.6661,1.0000,22.6865,1.3085,4.4304,16.6602,16.6534,15.2612,0.0012,-1.0000
16.6695,1.0000,22.7031,6.6214,0.4131,16.6683,16.6717,10.1665,0.0011,-1.0000
16.6653,1.0000,22.7198,1.2398,5.5989,16.6753,16.6472,15.3595,0.0015,-1.0000
16.6649,1.0000,22.7365,7.8491,0.3687,16.6606,16.6573,9.9926,0.0010,-1.0000
16.6688,1.0000,22.7533,1.3908,4.9275,16.6601,16.6642,15.4251,0.0011,-1.0000
16.6666,1.0000,22.7698,6.5044,0.3766,16.6813,16.6595,8.5984,0.0014,-1.0000
16.6681,1.0000,22.7865,1.2862,4.5619,16.6565,16.6583,15.4614,0.0010,-1.0000
16.6661,1.0000,22.8031,6.6638,0.3317,16.6649,16.6557,10.0720,0.0013,-1.0000
16.6668,1.0000,22.8198,1.2380,6.0736,16.6720,16.6566,15.3808,0.0011,-1.0000
16.6665,1.0000,22.8366,8.0597,0.3467,16.6684,16.6552,9.9088,0.0011,-1.0000
16.6662,1.0000,22.8531,1.1960,4.3977,16.6677,16.6597,15.2861,0.0011,-1.0000
16.6675,1.0000,22.8698,6.5821,0.4219,16.6647,16.6607,8.9307,0.0011,-1.0000
16.6645,1.0000,22.8865,1.2747,4.5096,16.6660,16.6503,15.4544,0.0010,-1.0000
16.6702,1.0000,22.9032,6.7453,0.3219,16.6642,16.6767,10.1375,0.0012,-1.0000
16.6659,1.0000,22.9199,1.3724,5.3596,16.6677,16.6464,15.0336,0.0013,-1.0000
16.6651,1.0000,22.9365,7.7291,0.3260,16.6684,16.6501,10.0675,0.0011,-1.0000
16.6671,1.0000,22.9533,1.1950,4.3766,16.6581,16.6650,15.4304,0.0011,-1.0000
16.6680,1.0000,22.9698,6.5378,0.3612,16.6878,16.6598,7.0259,0.0013,-1.0000
16.6643,1.0000,22.9864,1.6115,4.3274,16.6567,16.6471,15.4390,0.0013,-1.0000
16.6682,1.0000,23.0032,6.5815,0.3306,16.6585,16.6680,10.2235,0.0010,-1.0000
16.6684,1.0000,23.0198,1.2333,5.3227,16.6745,16.6623,15.4262,0.0012,-1.0000
16.6645,1.0000,23.0365,9.6330,0.3776,16.6685,16.6491,9.9099,0.0015,-1.0000
16.6674,1.0000,23.0531,1.2068,4.3397,16.6543,16.6618,15.4955,0.0011,-1.0000
16.6676,1.0000,23.0699,6.4433,0.3348,16.6754,16.6659,9.1211,0.0011,-1.0000
16.6659,1.0000,23.0865,1.2347,4.3726,16.6706,16.6502,14.7963,0.0012,-1.0000
16.6664,1.0000,23.1031,6.7376,0.3275,16.6562,16.6610,9.8737,0.0012,-1.0000
16.6678,1.0000,23.1198,1.1652,5.1096,16.6695,16.6597,15.3640,0.0010,-1.0000
16.6659,1.0000,23.1365,7.5440,0.4023,16.6758,16.6523,9.1470,0.0011,-1.0000
16.6674,1.0000,23.1531,1.8526,4.4594,16.6587,16.6614,15.4371,0.0010,-1.0000
16.6678,1.0000,23.1699,6.7865,0.3621,16.6695,16.6680,9.6263,0.0009,-1.0000
16.6664,1.0000,23.1865,1.2944,4.5766,16.6682,16.6525,15.1637,0.0014,-1.0000
16.6661,1.0000,23.2031,7.5042,0.3598,16.6603,16.6594,9.4326,0.0013,-1.0000
16.6676,1.0000,23.2199,1.2231,4.5744,16.6679,16.6607,15.4483,0.0014,-1.0000
16.6641,1.0000,23.2365,7.0406,0.4130,16.6767,16.6456,8.8725,0.0013,-1.0000
16.6657,1.0000,23.2532,1.4874,5.1505,16.6620,16.6549,15.4610,0.0013,-1.0000
16.6718,1.0000,23.2700,7.2261,0.4110,16.6678,16.6827,10.1636,0.0009,-1.0000
16.6652,1.0000,23.2865,1.2110,5.4083,16.6707,16.6474,14.4053,0.0011,-1.0000
16.6655,1.0000,23.3031,7.7718,0.3281,16.6545,16.6539,9.8338,0.0012,-1.0000
16.6680,1.0000,23.3198,1.1927,4.3772,16.6610,16.6612,15.3925,0.0016,-1.0000
16.6670,1.0000,23.3368,6.5181,0.4417,16.6916,16.8780,8.1470,0.0011,-1.0000
16.6652,1.0000,23.3532,2.2407,5.1834,16.6588,16.4263,14.9890,0.0011,-1.0000
16.6676,1.0000,23.3699,6.8192,0.3384,16.6628,16.6643,9.9344,0.0009,-1.0000
16.6669,1.0000,23.3865,1.2669,6.2878,16.6692,16.6569,15.1818,0.0012,-1.0000
16.6649,1.0000,23.4031,8.7303,0.3439,16.8887,16.6538,10.0256,0.0011,-1.0000
16.6682,1.0000,23.4199,1.4361,4.3141,16.4364,16.6636,15.5748,0.0010,-1.0000
16.6669,1.0000,23.4365,6.7290,0.4328,16.6735,16.6589,8.8541,0.0013,-1.0000
16.6654,1.0000,23.4531,1.4740,4.3879,16.6665,16.6507,15.2898,0.0013,-1.0000
16.6667,1.0000,23.4699,6.6272,0.3291,16.6612,16.6610,10.1262,0.0014,-1.0000
16.6680,1.0000,23.4865,1.0877,5.6098,16.6714,16.6612,15.1155,0.0011,-1.0000
16.6660,1.0000,23.5031,7.8036,0.4109,16.6689,16.6594,9.9517,0.0009,-1.0000
16.6674,1.0000,23.5199,1.3595,4.3256,16.6578,16.6581,15.2874,0.0014,-1.0000
16.6674,1.0000,23.5366,6.5335,0.3867,16.6707,16.6654,7.0471,0.0013,-1.0000
16.6652,1.0000,23.5532,1.5444,4.3756,16.6690,16.6424,15.0897,0.0015,-1.0000
16.6672,1.0000,23.5698,6.7068,0.4484,16.6671,16.6624,10.0031,0.0013,-1.0000
16.7078,1.0000,23.5871,1.3691,5.7985,16.6675,17.0201,15.3411,0.0012,-1.0000
16.6242,1.0000,23.6035,9.6166,0.3848,16.6754,16.2875,9.3386,0.0012,-1.0000
16.6674,1.0000,23.6198,1.5512,4.3889,16.6521,16.6589,14.7890,0.0011,-1.0000
16.6686,1.0000,23.6366,6.6582,0.3675,16.6712,16.6665,9.0964,0.0009,-1.0000
16.6652,1.0000,23.6532,1.6777,4.5057,17.0311,16.6522,15.1130,0.0012,-1.0000
16.6671,1.0000,23.6699,6.9479,0.3307,16.2967,16.6589,9.9567,0.0011,-1.0000
16.6680,1.0000,23.6866,1.8687,5.1202,16.6679,16.6717,15.3084,0.0012,-1.0000
16.6645,1.0000,23.7031,7.5690,0.4217,16.6735,16.6466,9.3013,0.0010,-1.0000
16.6678,1.0000,23.7198,1.5380,4.4597,16.6603,16.6596,15.5450,0.0010,-1.0000
16.6671,1.0000,23.7366,6.7012,0.3897,16.6662,16.6640,10.0529,0.0013,-1.0000
16.6666,1.0000,23.7533,1.3620,5.1390,16.6799,16.6541,15.2856,0.0012,-1.0000
16.6661,1.0000,23.7698,7.3444,0.3554,16.6553,16.6533,9.4155,0.0014,-1.0000
16.6683,1.0000,23.7866,1.1135,4.5206,16.6667,16.6676,15.4331,0.0011,-1.0000
16.6656,1.0000,23.8031,6.6105,0.4265,16.6720,16.6654,9.1576,0.0012,-1.0000
16.6655,1.0000,23.8198,1.3673,4.5797,16.6656,16.6411,15.4724,0.0011,-1.0000
16.6691,1.0000,23.8367,7.2364,0.3505,16.6622,16.6660,10.1797,0.0012,-1.0000
16.6660,1.0000,23.8532,1.2335,5.4452,16.6768,16.6584,15.0523,0.0012,-1.0000
16.6664,1.0000,23.8699,7.5075,0.3928,16.6743,16.6527,9.9244,0.0015,-1.0000
16.6682,1.0000,23.8865,1.1676,4.2649,16.6487,16.6627,15.3578,0.0013,-1.0000
16.6654,1.0000,23.9031,6.4852,0.4107,16.6740,16.6546,9.0942,0.0009,-1.0000
16.6662,1.0000,23.9199,1.6049,4.4892,16.6673,16.6526,15.4523,0.0011,-1.0000
16.6677,1.0000,23.9365,6.7273,0.4121,16.6614,16.6658,9.9332,0.0011,-1.0000
16.6669,1.0000,23.9532,1.3035,5.3479,16.6726,16.6584,15.2332,0.0014,-1.0000
16.6654,1.0000,23.9698,7.5597,0.4001,16.6643,16.6495,9.8209,0.0011,-1.0000
16.6669,1.0000,23.9866,1.1994,4.3579,16.6607,16.6657,15.4885,0.0014,-1.0000
16.6691,1.0000,24.0032,6.7316,0.3827,16.6740,16.6616,8.8036,0.0014,-1.0000
16.6643,1.0000,24.0198,1.4238,4.4833,16.6669,16.6508,15.3667,0.0010,-1.0000
16.6665,1.0000,24.0366,6.8275,0.3698,16.6579,16.6606,9.9543,0.0011,-1.0000
16.6696,1.0000,24.0532,1.1759,5.7070,16.6740,16.6650,15.0192,0.0014,-1.0000
16.6629,1.0000,24.0698,7.8567,0.3884,16.6709,16.6416,9.1266,0.0013,-1.0000
16.6672,1.0000,24.0866,1.2828,4.2924,16.6586,16.6614,15.4393,0.0010,-1.0000
16.6692,1.0000,24.1031,6.7054,0.4350,16.6682,16.6657,7.7344,0.0014,-1.0000
16.6663,1.0000,24.1199,1.6444,4.8662,16.6756,16.6587,15.3579,0.0015,-1.0000
16.6658,1.0000,24.1365,7.5140,0.3690,16.6518,16.6588,9.9142,0.0013,-1.0000
16.6686,1.0000,24.1533,1.2208,6.2427,16.6681,16.6646,15.3791,0.0013,-1.0000
16.6648,1.0000,24.1699,8.9301,0.4363,16.6729,16.6456,9.0997,0.0017,-1.0000
16.6664,1.0000,24.1865,1.2992,4.5714,16.6673,16.6555,15.2849,0.0010,-1.0000
16.6685,1.0000,24.2032,6.7433,0.3581,16.6683,16.6655,9.9582,0.0012,-1.0000
16.6654,1.0000,24.2199,1.2838,5.0331,16.6750,16.6522,15.2917,0.0011,-1.0000
16.6676,1.0000,24.2365,7.5448,0.3577,16.6550,16.6649,9.9848,0.0013,-1.0000
16.6670,1.0000,24.2533,1.3695,4.9007,16.6628,16.6526,15.3748,0.0013,-1.0000
16.6642,1.0000,24.2698,6.7064,0.4370,16.6746,16.6533,7.7249,0.0011,-1.0000
16.6683,1.0000,24.2865,1.3592,4.4360,16.6615,16.6651,15.3625,0.0011,-1.0000
16.6670,1.0000,24.3032,6.6789,0.3472,16.6744,16.6593,9.9784,0.0012,-1.0000
16.6665,1.0000,24.3198,1.2765,5.3456,16.6611,16.6501,15.2482,0.0011,-1.0000
16.6668,1.0000,24.3366,8.9274,0.3088,16.6618,16.6634,10.0120,0.0013,-1.0000
16.6674,1.0000,24.3532,1.3015,4.3776,16.6723,16.6625,15.2114,0.0015,-1.0000
16.6668,1.0000,24.3699,6.6796,0.4943,16.6705,16.6515,8.7952,0.0012,-1.0000
16.6650,1.0000,24.3865,1.4006,4.5108,16.6596,16.6508,15.3079,0.0011,-1.0000
16.6680,1.0000,24.4031,6.6506,0.3535,16.6721,16.6638,9.9588,0.0011,-1.0000
16.6661,1.0000,24.4199,1.4495,5.1414,16.6717,16.6564,15.2836,0.0010,-1.0000
16.6657,1.0000,24.4365,7.8548,0.3326,16.6614,16.6559,9.8571,0.0013,-1.0000
16.6678,1.0000,24.4533,1.3418,4.3214,16.6592,16.6673,15.3411,0.0013,-1.0000
16.6670,1.0000,24.4698,6.7037,0.4690,16.6716,16.6577,7.3737,0.0014,-1.0000
16.6661,1.0000,24.4865,1.3716,4.4268,16.6647,16.6518,15.3560,0.0012,-1.0000
16.6678,1.0000,24.5032,6.7974,0.3296,16.6630,16.6624,9.9813,0.0011,-1.0000
16.6680,1.0000,24.5200,1.3248,5.2085,16.6741,16.6690,15.4497,0.0015,-1.0000
16.6629,1.0000,24.5365,9.2828,0.3440,16.6665,16.6383,9.4198,0.0013,-1.0000
16.6689,1.0000,24.5532,1.2944,4.2189,16.6604,16.6670,15.3999,0.0016,-1.0000
16.6683,1.0000,24.5700,6.6797,0.3508,16.6700,16.6641,8.7936,0.0011,-1.0000
16.6630,1.0000,24.5866,1.2174,4.5915,16.6801,16.6406,14.9691,0.0012,-1.0000
16.6690,1.0000,24.6031,7.2172,0.3315,16.6484,16.6661,9.6659,0.0011,-1.0000
16.6671,1.0000,24.6199,1.2652,5.2721,16.6746,16.6620,15.3673,0.0012,-1.0000
16.6652,1.0000,24.6365,7.8693,0.3712,16.6751,16.6520,9.2859,0.0016,-1.0000
16.6671,1.0000,24.6532,1.6704,4.3521,16.6487,16.6619,15.4516,0.0011,-1.0000
16.6684,1.0000,24.6699,6.9990,0.3297,16.6742,16.6607,10.0028,0.0012,-1.0000
16.6657,1.0000,24.6865,1.2930,4.9815,16.6708,16.6529,15.2233,0.0012,-1.0000
16.6674,1.0000,24.7031,7.3647,0.3550,16.6609,16.6672,9.9766,0.0011,-1.0000
16.6685,1.0000,24.7199,1.2089,4.5329,16.6693,16.6594,15.4851,0.0009,-1.0000
16.6635,1.0000,24.7365,6.6565,0.3289,16.6690,16.6421,9.2563,0.0012,-1.0000
16.6673,1.0000,24.7533,1.4284,4.4687,16.6611,16.6619,15.4977,0.0011,-1.0000
16.6695,1.0000,24.7700,6.6894,0.3441,16.6765,16.6673,9.6044,0.0010,-1.0000
16.6654,1.0000,24.7865,1.1733,4.9559,16.6705,16.6518,14.9423,0.0014,-1.0000
16.6637,1.0000,24.8031,7.3849,0.3205,16.6523,16.6485,9.7679,0.0013,-1.0000
16.6707,1.0000,24.8207,1.1630,4.5773,16.6696,16.6733,15.5712,0.0010,-1.0000
16.6631,1.0000,24.8366,7.0621,0.4148,16.6787,16.6407,6.7757,0.0013,-1.0000
16.6667,1.0000,24.8531,1.7080,4.5036,16.6621,16.6580,15.3235,0.0011,-1.0000
16.6703,1.0000,24.8699,6.8795,0.3018,16.6560,16.6736,10.1621,0.0011,-1.0000
16.6657,1.0000,24.8865,1.1004,5.5863,16.6826,16.6532,15.1533,0.0012,-1.0000
16.6648,1.0000,24.9031,9.8641,0.3213,16.6510,16.6503,9.9419,0.0011,-1.0000
16.6673,1.0000,24.9199,1.3333,4.9987,16.6648,16.6609,15.4711,0.0010,-1.0000
16.6677,1.0000,24.9365,6.5106,0.3842,16.6824,16.6641,8.9998,0.0012,-1.0000
16.6658,1.0000,24.9532,1.4986,4.4168,16.6622,16.6507,15.4775,0.0009,-1.0000
16.6678,1.0000,24.9700,6.7073,0.3370,16.6589,16.6676,10.0067,0.0010,-1.0000
16.6668,1.0000,24.9865,1.1884,5.3395,16.6685,16.6555,15.1912,0.0011,-1.0000
16.6643,1.0000,25.0032,7.6629,0.3592,16.6723,16.6503,9.9412,0.0012,-1.0000
16.6660,1.0000,25.0199,1.1721,4.7101,16.6587,16.6570,15.3362,0.0009,-1.0000
16.6698,1.0000,25.0365,6.6600,0.4034,16.6769,16.6738,8.7870,0.0011,-1.0000
16.6642,1.0000,25.0531,1.4628,4.4751,16.6645,16.6434,15.4011,0.0011,-1.0000
16.6686,1.0000,25.0699,6.7080,0.3392,16.6578,16.6698,10.2737,0.0008,-1.0000
16.6684,1.0000,25.0867,1.3200,5.5530,16.6626,16.6666,15.4420,0.0011,-1.0000
16.6643,1.0000,25.1031,7.8860,0.3242,16.6822,16.6461,8.7931,0.0013,-1.0000
16.6679,1.0000,25.1199,1.2415,4.5444,16.6500,16.6630,15.5545,0.0012,-1.0000
16.6678,1.0000,25.1367,6.3953,0.3823,16.6763,16.6690,9.8538,0.0012,-1.0000
16.6655,1.0000,25.1532,1.2232,4.9508,16.6762,16.6401,14.9989,0.0014,-1.0000
16.6665,1.0000,25.1699,7.8515,0.4134,16.6552,16.6587,9.9280,0.0014,-1.0000
16.6707,1.0000,25.1867,1.1072,4.5448,16.6702,16.6734,15.3398,0.0011,-1.0000
16.6646,1.0000,25.2031,6.8139,0.4315,16.6795,16.6477,8.2630,0.0011,-1.0000
16.6679,1.0000,25.2199,1.6398,4.2498,16.6508,16.6556,15.2293,0.0010,-1.0000
16.6675,1.0000,25.2366,6.7289,0.3944,16.6669,16.6633,9.7813,0.0012,-1.0000
16.6665,1.0000,25.2533,1.3326,6.0080,16.6834,16.6556,15.2350,0.0014,-1.0000
16.6637,1.0000,25.2699,8.3843,0.4052,16.6572,16.6512,9.7431,0.0012,-1.0000
16.6686,1.0000,25.2865,1.4251,4.3231,16.6634,16.7094,15.4344,0.0010,-1.0000
16.6673,1.0000,25.3031,6.8807,0.3403,16.6716,16.6188,8.9022,0.0008,-1.0000
16.6664,1.0000,25.3198,1.4193,4.6006,16.6644,16.6530,15.3686,0.0010,-1.0000
16.6675,1.0000,25.3367,6.9076,0.4184,16.6591,16.6632,9.8696,0.0012,-1.0000
16.6668,1.0000,25.3532,1.2740,5.2815,16.7165,16.6595,14.9695,0.0013,-1.0000
16.6658,1.0000,25.3699,7.7155,0.4065,16.6260,16.6505,9.6402,0.0015,-1.0000
16.6680,1.0000,25.3866,1.2832,4.3843,16.6607,16.6629,15.3420,0.0014,-1.0000
16.6682,1.0000,25.4033,6.7924,0.4051,16.6717,16.6672,7.7182,0.0013,-1.0000
16.6634,1.0000,25.4199,1.6886,5.0642,16.6681,16.6383,14.9660,0.0014,-1.0000
16.6681,1.0000,25.4366,7.0094,0.3836,16.6593,16.6667,9.8736,0.0011,-1.0000
16.6684,1.0000,25.4532,1.3192,6.1321,16.6727,16.6666,15.3613,0.0013,-1.0000
16.6640,1.0000,25.4699,8.9475,0.3263,16.6788,16.6422,9.0809,0.0009,-1.0000
16.6685,1.0000,25.4866,1.6710,4.5904,16.6470,16.6654,15.4735,0.0011,-1.0000
16.6841,1.0000,25.5033,6.7915,0.3646,16.6745,16.6775,8.8104,0.0013,-1.0000
16.6650,1.0000,25.5199,1.3039,5.0444,16.6764,16.6530,14.9834,0.0013,-1.0000
16.6671,1.0000,25.5365,7.5601,0.3326,16.6505,16.6614,9.9161,0.0012,-1.0000
16.6686,1.0000,25.5532,1.1907,5.6696,16.6731,16.6668,15.4046,0.0013,-1.0000
16.6644,1.0000,25.5699,7.8663,0.4385,16.6863,16.6488,8.2046,0.0010,-1.0000
16.6669,1.0000,25.5866,1.6684,4.5642,16.6602,16.6580,15.4436,0.0010,-1.0000
16.6683,1.0000,25.6032,6.7444,0.3413,16.6679,16.6780,8.9068,0.0012,-1.0000
16.6670,1.0000,25.6199,1.2608,5.8717,16.6756,16.6429,15.0735,0.0010,-1.0000
16.6650,1.0000,25.6365,8.4434,0.3348,16.6577,16.6564,10.0295,0.0012,-1.0000
16.6694,1.0000,25.6532,1.2130,5.0206,16.6655,16.6660,15.4757,0.0010,-1.0000
16.6632,1.0000,25.6699,7.7699,0.5421,16.6868,16.6477,8.8802,0.0008,-1.0000
16.6678,1.0000,25.6865,1.5681,4.4017,16.6516,16.6600,15.3889,0.0013,-1.0000
16.6696,1.0000,25.7033,6.6254,0.3194,16.6637,16.7633,10.0533,0.0011,-1.0000
16.6647,1.0000,25.7199,1.1890,5.3532,16.6740,16.5603,15.1906,0.0013,-1.0000
16.6665,1.0000,25.7366,7.7667,0.3595,16.6562,16.6568,9.5889,0.0014,-1.0000
16.6675,1.0000,25.7533,1.2697,4.4950,16.6674,16.6580,15.4353,0.0013,-1.0000
16.6679,1.0000,25.7699,6.7088,0.4001,16.7733,16.6642,8.3152,0.0012,-1.0000
16.6637,1.0000,25.7865,1.3684,4.5570,16.5691,16.6429,15.4749,0.0011,-1.0000
16.8751,1.0000,25.8037,7.0665,0.3907,16.6650,17.1320,10.0114,0.0014,-1.0000
16.4597,1.0000,25.8199,1.2213,5.1602,16.6673,16.1839,14.7825,0.0013,-1.0000
16.6651,1.0000,25.8366,8.3476,0.3594,16.6736,16.6538,9.9018,0.0012,-1.0000
16.6693,1.0000,25.8532,1.1668,4.4530,16.6507,16.6630,15.3655,0.0012,-1.0000
16.6672,1.0000,25.8700,7.1197,0.4047,17.1453,16.6657,8.9158,0.0012,-1.0000
16.6633,1.0000,25.8865,1.4004,4.5746,16.1948,16.6390,15.0724,0.0013,-1.0000
16.6678,1.0000,25.9031,6.7511,0.3313,16.6616,16.6678,10.0421,0.0011,-1.0000
16.7054,1.0000,25.9201,1.2959,5.1569,16.6713,16.7031,15.5638,0.0012,-1.0000
16.6642,1.0000,25.9366,7.7487,0.3116,16.6763,16.6487,9.6580,0.0012,-1.0000
16.6684,1.0000,25.9533,1.5653,4.5632,16.6466,16.6641,15.4566,0.0011,-1.0000
16.6672,1.0000,25.9701,6.6246,0.3540,16.6743,16.6635,8.9039,0.0014,-1.0000
16.6660,1.0000,25.9866,1.1382,4.7645,16.7128,16.6439,15.0908,0.0011,-1.0000
16.6676,1.0000,26.0033,6.9901,0.3653,16.6572,16.6609,10.0143,0.0011,-1.0000
16.6670,1.0000,26.0200,1.2061,5.2938,16.6719,16.6586,15.3120,0.0010,-1.0000
16.6651,1.0000,26.0366,7.7584,0.3719,16.6749,16.6529,9.4669,0.0012,-1.0000
16.6678,1.0000,26.0533,1.5520,4.5204,16.6543,16.6610,15.3575,0.0010,-1.0000
16.6681,1.0000,26.0700,6.6455,0.3489,16.6703,16.6607,9.6562,0.0015,-1.0000
16.6650,1.0000,26.0866,1.3455,4.5162,16.6693,16.6498,15.3142,0.0013,-1.0000
16.6658,1.0000,26.1031,7.1847,0.3381,16.6625,16.6563,9.7546,0.0016,-1.0000
16.6693,1.0000,26.1200,1.3024,5.1457,16.6698,16.6687,15.5672,0.0010,-1.0000
16.6629,1.0000,26.1365,7.0034,0.4213,16.6709,16.6394,9.1959,0.0013,-1.0000
16.6685,1.0000,26.1533,1.3344,4.5359,16.6592,16.7397,15.4851,0.0010,-1.0000
16.6697,1.0000,26.1701,6.9002,0.3383,16.6651,16.5933,9.6300,0.0012,-1.0000
16.6639,1.0000,26.1865,1.1002,5.2420,16.6801,16.6496,14.2001,0.0014,-1.0000
16.6668,1.0000,26.2031,7.4420,0.3307,16.6486,16.6556,9.9752,0.0011,-1.0000
16.6662,1.0000,26.2199,1.2532,4.5998,16.7467,16.6590,15.4252,0.0011,-1.0000
16.6670,1.0000,26.2365,6.9619,0.3974,16.6040,16.6543,8.8765,0.0011,-1.0000
16.6661,1.0000,26.2532,2.4482,4.9878,16.6597,16.6566,15.3629,0.0013,-1.0000
16.6682,1.0000,26.2699,6.6794,0.3462,16.6635,16.6672,9.8881,0.0011,-1.0000
16.6663,1.0000,26.2865,1.2325,5.5296,16.6692,16.6553,15.2199,0.0011,-1.0000
16.6655,1.0000,26.3031,7.7771,0.3648,16.6626,16.6504,9.9545,0.0010,-1.0000
16.6687,1.0000,26.3200,1.2924,4.5735,16.6640,16.6690,15.5605,0.0009,-1.0000
16.6660,1.0000,26.3366,6.7781,0.4028,16.6759,16.6538,8.5957,0.0012,-1.0000
16.6653,1.0000,26.3532,1.4342,4.6523,16.6645,16.6523,15.3882,0.0011,-1.0000
16.6678,1.0000,26.3699,6.6947,0.3363,16.6584,16.6659,10.3107,0.0011,-1.0000
16.6682,1.0000,26.3865,1.1076,5.3371,16.6787,16.6603,15.1918,0.0012,-1.0000
16.6641,1.0000,26.4032,8.0569,0.3641,16.6623,16.6528,10.0918,0.0012,-1.0000
16.6691,1.0000,26.4201,1.2630,4.3668,16.6605,16.6623,15.3865,0.0012,-1.0000
16.6672,1.0000,26.4366,6.3541,0.4807,16.6732,16.6196,7.1486,0.0014,-1.0000
16.6629,1.0000,26.4531,1.4672,4.7767,16.6688,16.6453,15.4025,0.0011,-1.0000
16.6690,1.0000,26.4699,6.5601,0.4172,16.6627,16.6698,10.1750,0.0010,-1.0000
16.6693,1.0000,26.4866,1.2743,5.4683,16.7070,16.6667,15.5115,0.0011,-1.0000
16.6640,1.0000,26.5032,9.4696,0.3219,16.6288,16.6490,9.9919,0.0011,-1.0000
16.6673,1.0000,26.5199,1.2418,4.5787,16.6536,16.6579,15.3393,0.0013,-1.0000
16.6673,1.0000,26.5366,6.4938,0.3847,16.6769,16.6614,9.7191,0.0012,-1.0000
16.6664,1.0000,26.5532,1.1538,4.5390,16.6763,16.6541,15.3140,0.0012,-1.0000
16.6667,1.0000,26.5699,6.6563,0.4188,16.6577,16.6626,9.9934,0.0011,-1.0000
16.6678,1.0000,26.5866,1.3170,5.0060,16.6662,16.6612,15.4051,0.0012,-1.0000
16.6636,1.0000,26.6031,6.9414,0.5139,16.6700,16.6475,9.3923,0.0011,-1.0000
16.6680,1.0000,26.6199,1.3388,4.5129,16.6625,16.6638,15.5889,0.0013,-1.0000
16.6689,1.0000,26.6366,6.6680,0.3448,16.6710,16.6676,9.4756,0.0010,-1.0000
16.6671,1.0000,26.6532,1.2546,4.8392,16.6703,16.6516,15.3163,0.0009,-1.0000
16.6649,1.0000,26.6700,7.2541,0.3414,16.6556,16.6516,9.8864,0.0012,-1.0000
16.7042,1.0000,26.6866,1.0735,5.3346,16.6707,16.7001,15.3572,0.0012,-1.0000
16.6652,1.0000,26.7032,7.1914,0.4113,16.6782,16.6481,8.8167,0.0011,-1.0000
16.6649,1.0000,26.7199,1.3343,4.5535,16.6623,16.6503,15.4767,0.0010,-1.0000
16.6695,1.0000,26.7366,6.7638,0.3773,16.6614,16.6752,9.9615,0.0012,-1.0000
16.6656,1.0000,26.7533,1.3415,5.1132,16.7111,16.6475,15.2302,0.0012,-1.0000
16.6668,1.0000,26.7699,7.8301,0.3562,16.6574,16.6568,9.9283,0.0011,-1.0000
16.6679,1.0000,26.7866,1.1723,5.0000,16.6586,16.6680,15.4409,0.0010,-1.0000
16.6662,1.0000,26.8032,6.7132,0.3442,16.6847,16.6543,8.1757,0.0014,-1.0000
16.6646,1.0000,26.8199,1.4160,4.4810,16.6561,16.6508,15.4434,0.0013,-1.0000
16.6705,1.0000,26.8367,6.7278,0.3587,16.6655,16.6758,9.7224,0.0010,-1.0000
16.6673,1.0000,26.8536,1.2259,6.0165,16.6755,16.6594,14.6269,0.0013,-1.0000
16.6642,1.0000,26.8699,8.4774,0.3888,16.6631,16.6419,8.6204,0.0012,-1.0000
16.6673,1.0000,26.8866,1.2060,4.4047,16.6574,16.6624,15.3474,0.0012,-1.0000
16.6665,1.0000,26.9032,6.9522,0.4552,16.6843,16.6550,8.1361,0.0011,-1.0000
16.6666,1.0000,26.9200,2.0310,5.2783,16.6698,16.6588,15.2594,0.0010,-1.0000
16.6661,1.0000,26.9366,8.0205,0.3806,16.6522,16.6539,9.8391,0.0012,-1.0000
16.6681,1.0000,26.9533,1.3137,4.8141,16.6722,16.6636,15.4772,0.0009,-1.0000
16.6662,1.0000,26.9699,8.5180,0.4593,16.6642,16.6555,8.7899,0.0011,-1.0000
16.6663,1.0000,26.9866,1.3981,4.4808,16.6669,16.6542,15.4690,0.0009,-1.0000
16.7611,1.0000,27.0038,6.8132,0.3868,16.6622,16.7595,9.4700,0.0013,-1.0000
16.6655,1.0000,27.0200,1.1854,5.6817,16.6719,16.6518,14.7840,0.0012,-1.0000
16.6661,1.0000,27.0367,7.8651,0.3364,16.6660,16.6535,9.8246,0.0012,-1.0000
16.6685,1.0000,27.0534,1.1841,4.8068,16.6630,16.6719,15.3347,0.0012,-1.0000
16.6665,1.0000,27.0701,7.2883,0.3999,16.7697,16.6505,7.8890,0.0010,-1.0000
16.6652,1.0000,27.0867,1.8663,4.6262,16.6616,16.6440,15.0888,0.0011,-1.0000
16.6677,1.0000,27.1033,6.8276,0.3396,16.6619,16.6661,9.4934,0.0011,-1.0000
16.6679,1.0000,27.1201,1.3358,5.9508,16.6819,16.6632,15.3559,0.0012,-1.0000
16.6666,1.0000,27.1367,8.7603,0.5916,16.6614,16.6508,8.7285,0.0010,-1.0000
16.6664,1.0000,27.1534,1.5538,4.3864,16.6535,16.6558,15.4326,0.0009,-1.0000
16.6674,1.0000,27.1702,7.1720,0.4121,16.6758,16.7269,9.0172,0.0014,-1.0000
16.6658,1.0000,27.1868,1.3059,5.6016,16.6738,16.6735,15.0770,0.0012,-1.0000
16.6671,1.0000,27.2034,7.9213,0.3865,16.6628,16.6520,10.0575,0.0010,-1.0000
16.6683,1.0000,27.2201,1.2222,4.8319,16.6664,16.6758,15.3214,0.0014,-1.0000
16.6648,1.0000,27.2368,7.7082,0.3952,16.7396,16.6500,8.4597,0.0011,-1.0000
16.6661,1.0000,27.2534,1.5954,4.5121,16.6824,16.6112,15.1865,0.0015,-1.0000
16.6675,1.0000,27.2701,6.5936,0.3405,16.6614,16.6493,9.2259,0.0012,-1.0000
16.6666,1.0000,27.2869,1.3528,6.0287,16.6868,16.7254,15.2659,0.0012,-1.0000
16.6665,1.0000,27.3033,8.1891,0.4094,16.6602,16.5645,8.3102,0.0014,-1.0000
16.6651,1.0000,27.3200,1.4230,4.9985,16.6195,16.6502,15.5173,0.0010,-1.0000
16.6673,1.0000,27.3368,7.4221,0.4082,16.6584,16.6651,9.9224,0.0015,-1.0000
16.6688,1.0000,27.3534,1.4582,5.0246,16.7345,16.6688,15.0364,0.0013,-1.0000
16.6649,1.0000,27.3701,8.2527,0.3551,16.5749,16.6505,9.7626,0.0010,-1.0000
16.6687,1.0000,27.3868,1.1322,4.3870,16.6582,16.6600,15.2909,0.0008,-1.0000
16.6676,1.0000,27.4034,6.7413,0.3645,16.6736,16.7339,7.9688,0.0012,-1.0000
16.6652,1.0000,27.4201,1.6309,4.5595,16.6764,16.5713,15.0283,0.0014,-1.0000
16.6661,1.0000,27.4367,6.8873,0.3565,16.6594,16.6613,9.7953,0.0011,-1.0000
16.6681,1.0000,27.4535,1.3680,5.8835,16.6676,16.6706,15.4883,0.0016,-1.0000
16.6638,1.0000,27.4700,8.7639,0.4452,16.7436,16.6410,9.3776,0.0013,-1.0000
16.6685,1.0000,27.4867,1.5414,4.5345,16.5797,16.6650,15.3718,0.0010,-1.0000
16.6686,1.0000,27.5034,6.8650,0.3420,16.6691,16.7263,9.5845,0.0011,-1.0000
16.6653,1.0000,27.5201,1.1805,5.0268,16.6786,16.5976,15.2147,0.0010,-1.0000
16.6666,1.0000,27.5367,7.2625,0.3353,16.6496,16.6583,9.7428,0.0011,-1.0000
16.6679,1.0000,27.5534,1.2921,4.8652,16.6724,16.6625,15.3278,0.0012,-1.0000
16.6670,1.0000,27.5701,7.1418,0.4274,16.7344,16.6572,8.1963,0.0010,-1.0000
16.6649,1.0000,27.5868,1.3816,4.4061,16.6060,16.6462,15.2148,0.0010,-1.0000
16.6677,1.0000,27.6034,6.9148,0.3512,16.6668,16.6689,9.4951,0.0012,-1.0000
16.6677,1.0000,27.6201,1.3329,5.5855,16.6713,16.6522,15.3431,0.0011,-1.0000
16.6658,1.0000,27.6367,8.4597,0.3894,16.6676,16.6517,9.3892,0.0009,-1.0000
16.6672,1.0000,27.6534,1.4304,4.9520,16.6551,16.6573,15.4218,0.0012,-1.0000
16.6664,1.0000,27.6702,7.1731,0.3738,16.6782,16.6697,9.4083,0.0011,-1.0000
16.6675,1.0000,27.6868,1.3078,4.9747,16.6623,16.7015,15.0961,0.0011,-1.0000
16.6659,1.0000,27.7033,7.2617,0.3780,16.6604,16.6034,9.1711,0.0013,-1.0000
16.6694,1.0000,27.7201,1.2341,4.4608,16.6650,16.6669,15.3886,0.0012,-1.0000
16.6655,1.0000,27.7369,7.2601,0.3971,16.6792,16.7291,8.3881,0.0016,-1.0000
16.6654,1.0000,27.7535,1.6042,4.9376,16.7117,16.5748,15.0568,0.0009,-1.0000
16.6661,1.0000,27.7701,7.4311,0.3251,16.6118,16.6608,9.6116,0.0012,-1.0000
16.6688,1.0000,27.7869,1.2767,5.5638,16.6772,16.7437,15.4130,0.0011,-1.0000
16.6637,1.0000,27.8033,8.3394,0.6035,16.7408,16.5612,8.8960,0.0013,-1.0000
16.6670,1.0000,27.8200,1.5171,4.6993,16.5849,16.6532,15.5604,0.0010,-1.0000
16.6690,1.0000,27.8368,7.0483,0.3760,16.6696,16.6788,9.9157,0.0010,-1.0000
16.6670,1.0000,27.8535,1.3299,4.8728,16.7543,16.7363,15.1836,0.0011,-1.0000
16.6649,1.0000,27.8701,7.6642,0.3699,16.5697,16.6123,9.7485,0.0011,-1.0000
16.6682,1.0000,27.8868,1.0919,4.5934,16.6599,16.6633,15.4242,0.0012,-1.0000
16.6662,1.0000,27.9034,6.7622,0.4186,16.6867,16.6650,8.0786,0.0015,-1.0000
16.6668,1.0000,27.9202,1.5518,4.6506,16.7493,16.6905,15.3391,0.0011,-1.0000
16.6672,1.0000,27.9368,6.8628,0.3753,16.6216,16.6079,9.8192,0.0012,-1.0000
16.6674,1.0000,27.9534,1.2378,5.2292,16.6708,16.6624,15.2322,0.0016,-1.0000
16.6644,1.0000,27.9702,8.5848,0.4118,16.6742,16.7550,9.8749,0.0011,-1.0000
16.6680,1.0000,27.9868,1.3502,4.4744,16.6995,16.5692,15.2908,0.0013,-1.0000
16.6681,1.0000,28.0035,6.7874,0.3899,16.6164,16.6875,9.4047,0.0012,-1.0000
16.6645,1.0000,28.0201,1.4285,4.5206,16.6713,16.6560,15.1423,0.0010,-1.0000
16.6678,1.0000,28.0368,6.8793,0.3888,16.7632,16.5827,9.6433,0.0011,-1.0000
16.6681,1.0000,28.0535,1.2770,4.8592,16.5782,16.7327,15.3433,0.0013,-1.0000
16.6638,1.0000,28.0701,7.2820,0.3765,16.6986,16.6414,8.8998,0.0012,-1.0000
16.6658,1.0000,28.0868,1.5125,5.0894,16.6649,16.6166,15.3336,0.0013,-1.0000
16.6711,1.0000,28.1034,6.9384,0.3654,16.5899,16.7286,9.9107,0.0009,-1.0000
16.6653,1.0000,28.1201,1.3885,5.2456,16.7424,16.6092,15.2378,0.0012,-1.0000
16.6664,1.0000,28.1368,7.7408,0.3264,16.6511,16.6585,9.8004,0.0013,-1.0000
16.6688,1.0000,28.1535,1.2818,4.5557,16.6240,16.6901,15.4004,0.0011,-1.0000
16.6634,1.0000,28.1702,6.8168,0.3491,16.7373,16.6647,7.7086,0.0010,-1.0000
16.6662,1.0000,28.1867,1.3702,4.4110,16.6200,16.6017,15.2522,0.0011,-1.0000
16.7355,1.0000,28.2036,6.8568,0.3406,16.6675,16.8092,7.0634,2.9806,-1.0000
16.6668,1.0000,28.2203,1.2884,5.4218,16.6997,16.7052,15.0043,0.0013,-1.0000
16.6648,1.0000,28.2368,8.9549,0.3782,16.6735,16.5240,9.4922,0.0011,-1.0000
16.6697,1.0000,28.2537,1.3486,4.4452,16.6078,16.6915,15.3945,0.0011,-1.0000
16.6656,1.0000,28.2702,6.7652,0.3494,16.8172,16.6395,8.5571,0.0013,-1.0000
16.6661,1.0000,28.2868,1.6996,4.5444,16.7153,16.6112,15.0931,0.0015,-1.0000
16.6669,1.0000,28.3035,7.0309,0.3723,16.5331,16.6714,9.9339,0.0016,-1.0000
16.6675,1.0000,28.3201,1.2956,5.8411,16.7005,16.6542,15.0738,0.0012,-1.0000
16.6641,1.0000,28.3368,8.0818,0.4301,16.6494,16.6431,10.0104,0.0011,-1.0000
16.6680,1.0000,28.3534,1.5168,4.3557,16.6191,16.6656,15.3293,0.0011,-1.0000
16.6686,1.0000,28.3701,6.7362,0.4082,16.6788,16.6691,9.3162,0.0014,-1.0000
16.6661,1.0000,28.3868,1.5794,4.4557,16.6632,16.6846,15.2104,0.0009,-1.0000
16.6663,1.0000,28.4034,6.6317,0.4087,16.6514,16.6811,9.4945,0.0014,-1.0000
16.6681,1.0000,28.4203,1.3352,5.1803,16.6725,16.6888,15.4408,0.0012,-1.0000
16.6656,1.0000,28.4370,7.3518,0.3922,16.6784,16.7561,8.8214,0.0012,-1.0000
16.6637,1.0000,28.4535,1.4734,4.3003,16.6947,16.5325,15.2416,0.0011,-1.0000
16.6699,1.0000,28.4703,7.1852,0.3299,16.6900,16.7107,10.1387,0.0010,-1.0000
16.6663,1.0000,28.4868,1.2468,5.0045,16.6972,16.5984,15.0705,0.0013,-1.0000
16.6656,1.0000,28.5035,7.9334,0.3120,16.7663,16.6406,9.8220,0.0012,-1.0000
16.6682,1.0000,28.5203,1.2897,4.4929,16.5400,16.7289,15.4172,0.0012,-1.0000
16.6659,1.0000,28.5368,6.5712,0.4134,16.7188,16.5545,8.0783,0.0012,-1.0000
16.6660,1.0000,28.5534,1.5265,4.5093,16.6080,16.6467,15.1824,0.0011,-1.0000
16.6677,1.0000,28.5703,6.8175,0.3297,16.6489,16.6680,10.0370,0.0009,-1.0000
16.6696,1.0000,28.5870,1.3102,5.3266,16.7380,16.6788,15.2203,0.0012,-1.0000
16.6637,1.0000,28.6034,8.4751,0.3125,16.5641,16.6353,8.4048,0.0012,-1.0000
16.6687,1.0000,28.6202,1.4630,4.4885,16.6543,16.6693,15.4170,0.0013,-1.0000
16.6654,1.0000,28.6370,6.6300,0.3851,16.6762,16.7160,8.0528,0.0011,-1.0000
16.6662,1.0000,28.6535,1.4575,5.3540,16.6903,16.5756,14.9825,0.0013,-1.0000
16.6656,1.0000,28.6702,8.2294,0.3338,16.6446,16.6579,9.8426,0.0011,-1.0000
16.6690,1.0000,28.6868,1.2506,6.0484,16.6800,16.6731,15.3381,0.0012,-1.0000
16.6647,1.0000,28.7034,8.6623,0.3675,16.7271,16.6462,9.3314,0.0013,-1.0000
16.6680,1.0000,28.7202,1.5918,4.4032,16.5845,16.6698,15.4568,0.0012,-1.0000
16.6668,1.0000,28.7368,6.8144,0.3192,16.6655,16.6551,8.5557,0.0012,-1.0000
16.6670,1.0000,28.7535,1.3337,4.9493,16.6821,16.6555,15.3680,0.0012,-1.0000
16.6660,1.0000,28.7701,7.3142,0.3355,16.6539,16.6543,9.7914,0.0012,-1.0000
16.6686,1.0000,28.7868,1.2118,5.5578,16.6783,16.6655,15.4378,0.0013,-1.0000
16.6643,1.0000,28.8033,8.0983,0.3993,16.6639,16.6458,9.3419,0.0011,-1.0000
16.6669,1.0000,28.8201,1.2864,4.6688,16.6629,16.6670,15.5361,0.0013,-1.0000
16.6698,1.0000,28.8369,6.8625,0.3577,16.6618,16.6692,9.8872,0.0010,-1.0000
16.6645,1.0000,28.8535,1.2262,5.0983,16.6738,16.6449,15.1885,0.0010,-1.0000
16.6671,1.0000,28.8702,7.3032,0.3239,16.6543,16.6620,10.0156,0.0012,-1.0000
16.6669,1.0000,28.8868,1.1297,4.3381,16.6747,16.6671,15.2511,0.0011,-1.0000
16.6645,1.0000,28.9034,6.7810,0.3780,16.6777,16.6411,8.6342,0.0013,-1.0000
16.6675,1.0000,28.9202,1.4556,4.2859,16.6539,16.7111,15.4676,0.0011,-1.0000
16.7546,1.0000,28.9375,6.6452,0.3438,16.6714,17.2954,9.9433,0.0011,-1.0000
16.6053,1.0000,28.9535,1.4147,4.9270,16.6768,16.0007,14.6355,0.0012,-1.0000
16.6657,1.0000,28.9702,8.0061,0.3248,16.6502,16.7068,9.8099,0.0012,-1.0000
16.6677,1.0000,28.9869,1.2427,4.0886,16.7179,16.6189,15.3315,0.0012,-1.0000
16.6653,1.0000,29.0035,7.3515,0.3529,17.3051,16.6418,6.9453,0.0009,-1.0000
16.6674,1.0000,29.0202,1.3643,4.5219,16.0119,16.7084,15.3580,0.0012,-1.0000
16.6672,1.0000,29.0368,6.8962,0.3358,16.7152,16.6075,10.1116,0.0015,-1.0000
16.6669,1.0000,29.0535,1.2861,5.7526,16.6284,16.6620,15.2998,0.0011,-1.0000
16.6650,1.0000,29.0702,9.6956,0.3696,16.6506,16.6585,9.8706,0.0009,-1.0000
16.6694,1.0000,29.0870,1.3493,4.2703,16.7155,16.7326,15.2998,0.0011,-1.0000
16.6651,1.0000,29.1042,6.4943,0.3447,16.6153,16.6373,7.9227,0.0016,-1.0000
16.6675,1.0000,29.1201,1.3611,4.8049,16.6703,16.6577,13.8773,0.0012,-1.0000
16.6659,1.0000,29.1368,6.7875,0.3648,16.6673,16.6631,9.7125,0.0013,-1.0000
16.6673,1.0000,29.1535,1.4315,5.5510,16.7420,16.7000,15.2903,0.0011,-1.0000
16.6644,1.0000,29.1702,8.7131,0.4281,16.6478,16.5812,9.9524,0.0016,-1.0000
16.6694,1.0000,29.1868,2.7792,4.4623,16.6668,16.6724,15.3236,0.0012,-1.0000
16.6671,1.0000,29.2035,6.9494,0.3190,16.6720,16.7691,8.2725,0.0012,-1.0000
16.6638,1.0000,29.2201,1.4087,4.4132,16.7095,16.5367,15.4125,0.0012,-1.0000
16.6698,1.0000,29.2368,6.6276,0.3347,16.5894,16.7008,10.1034,0.0010,-1.0000
16.6676,1.0000,29.2537,1.3474,5.3789,16.6805,16.7120,15.3169,0.0012,-1.0000
16.6632,1.0000,29.2701,8.4955,0.3027,16.7777,16.5241,9.3693,0.0012,-1.0000
16.6678,1.0000,29.2868,1.1229,4.4432,16.5445,16.7244,15.4789,0.0013,-1.0000
16.6681,1.0000,29.3034,6.5964,0.4032,16.7087,16.6597,8.7600,0.0009,-1.0000
16.6650,1.0000,29.3201,1.3937,4.6898,16.7211,16.6240,15.2050,0.0009,-1.0000
16.6680,1.0000,29.3369,7.1536,0.3380,16.5329,16.7029,10.0243,0.0010,-1.0000
16.6678,1.0000,29.3535,1.2442,5.0724,16.7319,16.6492,15.3570,0.0012,-1.0000
16.6645,1.0000,29.3703,7.8983,0.3835,16.6687,16.6335,8.5729,0.0012,-1.0000
16.6664,1.0000,29.3870,1.4182,4.3485,16.6318,16.6660,15.2913,0.0012,-1.0000
16.6692,1.0000,29.4035,6.6781,0.3179,16.7110,16.7126,9.8499,0.0011,-1.0000
16.6657,1.0000,29.4203,1.2909,5.2559,16.6595,16.6044,15.2861,0.0012,-1.0000
16.6668,1.0000,29.4369,8.0595,0.3453,16.6420,16.6553,9.8975,0.0012,-1.0000
16.6676,1.0000,29.4537,1.3737,4.1751,16.6728,16.8052,15.3044,0.0012,-1.0000
16.6655,1.0000,29.4702,6.8614,0.3156,16.7218,16.4964,7.8758,0.0010,-1.0000
16.6663,1.0000,29.4868,1.3173,4.3645,16.6140,16.6610,15.2466,0.0013,-1.0000
16.6684,1.0000,29.5036,6.7567,0.4882,16.6643,16.6690,10.0235,0.0009,-1.0000
16.6660,1.0000,29.5202,1.4994,5.6428,16.8161,16.6090,15.1701,0.0011,-1.0000
16.6659,1.0000,29.5368,8.6201,0.3464,16.5054,16.6565,9.9706,0.0010,-1.0000
16.6691,1.0000,29.5535,1.4131,4.2204,16.6677,16.6701,15.4103,0.0011,-1.0000
16.6662,1.0000,29.5702,6.6446,0.4557,16.6779,16.6618,8.6682,0.0011,-1.0000
16.6655,1.0000,29.5869,1.4376,4.3968,16.6185,16.6423,15.2504,0.0013,-1.0000
16.6693,1.0000,29.6034,6.6854,0.3175,16.6646,16.6736,9.5693,0.0011,-1.0000
16.6652,1.0000,29.6202,1.2582,5.6146,16.6784,16.6820,15.2985,0.0020,-1.0000
16.6647,1.0000,29.6368,7.9922,0.3826,16.6719,16.6194,9.9675,0.0012,-1.0000
16.6679,1.0000,29.6535,1.3907,5.0080,16.6513,16.6494,15.3766,0.0015,-1.0000
16.6686,1.0000,29.6702,7.1033,0.3863,16.6823,16.6606,8.6322,0.0012,-1.0000
16.6639,1.0000,29.6868,1.3816,4.3885,16.6903,16.6522,15.2675,0.0012,-1.0000
16.6685,1.0000,29.7034,6.6508,0.3218,16.6274,16.6896,9.8165,0.0012,-1.0000
16.6670,1.0000,29.7201,1.2713,5.4360,16.6556,16.6328,14.9425,0.0012,-1.0000
16.6648,1.0000,29.7368,8.0273,0.3353,16.6686,16.6526,10.1265,0.0012,-1.0000
16.6684,1.0000,29.7536,1.3836,4.7155,16.6599,16.6665,15.4434,0.0013,-1.0000
16.6681,1.0000,29.7702,6.8718,0.4977,16.6981,16.6639,8.3346,0.0010,-1.0000
16.6649,1.0000,29.7868,1.6891,4.3971,16.6412,16.6427,15.2913,0.0011,-1.0000
16.6669,1.0000,29.8034,6.5252,0.3371,16.6614,16.6636,10.0141,0.0010,-1.0000
16.6676,1.0000,29.8202,1.2216,5.4422,16.6743,16.6572,15.3704,0.0013,-1.0000
16.6660,1.0000,29.8369,8.3286,0.3193,16.6749,16.6534,8.9226,0.0010,-1.0000
16.6657,1.0000,29.8534,1.3502,4.9884,16.6521,16.6571,15.2563,0.0012,-1.0000
16.6690,1.0000,29.8702,6.6489,0.3325,16.6725,16.6679,10.1601,0.0008,-1.0000
16.6664,1.0000,29.8868,1.2850,5.3206,16.6657,16.6590,15.2597,0.0014,-1.0000
16.6667,1.0000,29.9034,7.7296,0.3279,16.6610,16.6594,9.9141,0.0012,-1.0000
16.6671,1.0000,29.9202,1.3992,4.2579,16.6645,16.6576,15.4514,0.0012,-1.0000
16.6661,1.0000,29.9368,6.5071,0.3355,16.6745,16.6549,8.7089,0.0011,-1.0000
16.6668,1.0000,29.9535,1.3978,4.4414,16.6669,16.6574,15.4780,0.0011,-1.0000
16.6666,1.0000,29.9702,6.7445,0.3397,16.6685,16.6606,9.6749,0.0015,-1.0000
16.6667,1.0000,29.9868,1.2043,5.1825,16.6666,16.6588,15.2434,0.0012,-1.0000
16.6656,1.0000,30.0034,7.9445,0.3248,16.6637,16.6528,10.0890,0.0012,-1.0000
16.6669,1.0000,30.0201,1.1780,4.3417,16.6673,16.6599,15.2665,0.0012,-1.0000
16.6679,1.0000,30.0368,6.9843,0.4003,16.6694,16.6620,8.5984,0.0012,-1.0000
16.6658,1.0000,30.0534,1.4138,4.3447,16.6674,16.6512,15.3171,0.0010,-1.0000
16.6667,1.0000,30.0701,6.5626,0.3338,16.6616,16.6605,10.0213,0.0013,-1.0000
16.6682,1.0000,30.0869,1.3922,6.2066,16.6676,16.6627,15.1433,0.0011,-1.0000
16.6637,1.0000,30.1033,8.0629,0.3338,16.6700,16.6513,8.7226,0.0011,-1.0000
16.6681,1.0000,30.1202,1.3330,4.3529,16.6601,16.6646,15.5938,0.0009,-1.0000
16.6685,1.0000,30.1368,6.6379,0.4432,16.6687,16.6595,8.8274,0.0016,-1.0000
16.6643,1.0000,30.1534,1.5179,5.1934,16.6707,16.6466,15.4496,0.0012,-1.0000
16.6682,1.0000,30.1702,7.9275,0.3168,16.6590,16.6652,9.7727,0.0011,-1.0000
16.6668,1.0000,30.1868,1.0700,5.4631,16.6753,16.6591,15.3302,0.0012,-1.0000
16.6657,1.0000,30.2034,7.8313,0.3429,16.6690,16.6558,8.6681,0.0010,-1.0000
16.6669,1.0000,30.2201,1.1958,4.4090,16.6542,16.6583,15.5000,0.0010,-1.0000
16.6675,1.0000,30.2368,6.8913,0.3457,16.6731,16.6621,10.1124,0.0012,-1.0000
16.6667,1.0000,30.2535,1.3273,5.6871,16.6682,16.6585,15.3070,0.0011,-1.0000
16.6667,1.0000,30.2702,7.9869,0.3542,16.6643,16.6569,10.0596,0.0013,-1.0000
16.6685,1.0000,30.2870,1.1570,4.3866,16.6664,16.6608,15.2981,0.0011,-1.0000
16.6642,1.0000,30.3034,6.5487,0.4030,16.6700,16.6873,8.7564,0.0012,-1.0000
16.6670,1.0000,30.3201,1.3504,4.3205,16.6671,16.6272,15.4502,0.0011,-1.0000
16.6678,1.0000,30.3369,6.5959,0.3589,16.6662,16.6615,10.0066,0.0011,-1.0000
16.6659,1.0000,30.3535,1.3615,5.1366,16.6699,16.6524,15.0324,0.0012,-1.0000
16.6667,1.0000,30.3702,7.9296,0.3181,16.6953,16.6545,10.1019,0.0011,-1.0000
16.6680,1.0000,30.3869,1.1757,4.3756,16.6347,16.6656,15.4445,0.0012,-1.0000
16.6659,1.0000,30.4034,6.6543,0.4181,16.6715,16.6542,8.8460,0.0011,-1.0000
16.6673,1.0000,30.4202,1.6187,4.3907,16.6622,16.6609,15.4070,0.0012,-1.0000
16.6685,1.0000,30.4369,6.5514,0.3176,16.6626,16.6677,10.0728,0.0014,-1.0000
16.6648,1.0000,30.4535,1.2198,5.0834,16.6735,16.6480,15.0339,0.0012,-1.0000
16.6643,1.0000,30.4701,7.8077,0.3605,16.6623,16.6498,10.0237,0.0014,-1.0000
16.6692,1.0000,30.4869,1.2525,4.1609,16.6683,16.6676,15.5043,0.0011,-1.0000
16.6666,1.0000,30.5035,6.5934,0.3416,16.6776,16.6587,7.1964,0.0013,-1.0000
16.6656,1.0000,30.5201,1.6130,4.5243,16.6575,16.6495,15.4434,0.0011,-1.0000
16.6671,1.0000,30.5368,6.6252,0.3210,16.6578,16.6628,10.0101,0.0010,-1.0000
16.7273,1.0000,30.5537,1.1619,5.2387,16.6759,16.7237,15.5038,0.0014,-1.0000
16.6648,1.0000,30.5702,9.4610,0.3746,16.6694,16.6447,9.6724,0.0013,-1.0000
16.6663,1.0000,30.5869,1.2046,4.3096,16.6582,16.6565,15.4283,0.0013,-1.0000
16.6682,1.0000,30.6035,6.6515,0.3587,16.6702,16.6655,9.2733,0.0010,-1.0000
16.6665,1.0000,30.6202,1.2184,4.2764,16.7337,16.6577,15.2272,0.0011,-1.0000
16.6666,1.0000,30.6369,6.9709,0.3472,16.6549,16.6626,9.9700,0.0013,-1.0000
16.6699,1.0000,30.6536,1.2269,4.8876,16.6636,16.6661,15.3997,0.0010,-1.0000
16.6622,1.0000,30.6703,7.3910,0.4702,16.6729,16.6408,9.6524,0.0011,-1.0000
16.6682,1.0000,30.6869,1.4289,4.4230,16.6655,16.6623,15.2828,0.0012,-1.0000
16.6673,1.0000,30.7035,6.6911,0.3266,16.6706,16.6605,9.8483,0.0011,-1.0000
16.6661,1.0000,30.7202,1.2651,4.3533,16.6763,16.6548,15.3923,0.0011,-1.0000
16.6667,1.0000,30.7369,6.9873,0.3274,16.6503,16.6592,10.0969,0.0012,-1.0000
16.6676,1.0000,30.7536,1.3781,4.5483,16.6708,16.6631,15.1405,0.0014,-1.0000
16.6654,1.0000,30.7702,6.8110,0.3865,16.6700,16.6523,9.4683,0.0015,-1.0000
16.6667,1.0000,30.7869,1.2613,4.2947,16.6631,16.6560,15.3459,0.0009,-1.0000
16.6699,1.0000,30.8037,6.5611,0.4405,16.6679,16.6677,9.5424,0.0015,-1.0000
16.6650,1.0000,30.8201,1.5209,4.6539,16.6713,16.6446,15.1984,0.0013,-1.0000
16.6660,1.0000,30.8369,7.1823,0.3199,16.6619,16.6584,10.1198,0.0013,-1.0000
16.6689,1.0000,30.8538,1.3089,4.7863,16.6651,16.9301,15.3342,0.0011,-1.0000
16.6630,1.0000,30.8702,7.1237,0.4191,16.6782,16.3826,7.7208,0.0012,-1.0000
16.6680,1.0000,30.8869,1.4449,4.3726,16.6546,16.6613,15.2663,0.0013,-1.0000
16.6675,1.0000,30.9034,6.5375,0.3331,16.6666,16.6598,9.8856,0.0012,-1.0000
16.6665,1.0000,30.9203,1.5945,5.0723,16.9407,16.6568,15.4189,0.0011,-1.0000
16.6652,1.0000,30.9369,8.6607,0.4391,16.3918,16.6526,9.8159,0.0010,-1.0000
16.6672,1.0000,30.9535,1.3938,4.3850,16.6693,16.6647,15.4913,0.0012,-1.0000
16.6688,1.0000,30.9702,6.7735,0.3903,16.6683,16.6633,9.2632,0.0009,-1.0000
16.6653,1.0000,30.9869,1.2367,4.5148,16.6662,16.6565,15.4059,0.0011,-1.0000
16.6694,1.0000,31.0038,6.8357,0.3215,16.6601,16.6648,10.1964,0.0013,-1.0000
16.6664,1.0000,31.0201,1.1722,4.8220,16.6712,16.6442,14.9955,0.0012,-1.0000
16.6648,1.0000,31.0369,7.3992,0.3166,16.6709,16.6584,9.3037,0.0013,-1.0000
16.6653,1.0000,31.0535,1.2495,4.0865,16.6670,16.6503,15.3706,0.0018,-1.0000
16.6695,1.0000,31.0702,6.4669,0.4033,16.6771,16.6689,9.0279,0.0011,-1.0000
16.6643,1.0000,31.0869,1.6474,5.1793,16.6551,16.6503,15.4679,0.0013,-1.0000
16.6699,1.0000,31.1036,7.3539,0.3466,16.6675,16.6746,9.8799,0.0010,-1.0000
16.6661,1.0000,31.1201,1.2779,5.0551,16.6584,16.6453,14.7767,0.0014,-1.0000
16.6646,1.0000,31.1369,7.6397,0.3282,16.6767,16.6515,10.1856,0.0011,-1.0000
16.6689,1.0000,31.1536,1.1811,4.9712,16.6585,16.6614,15.4444,0.0011,-1.0000
16.6676,1.0000,31.1703,6.7947,0.3499,16.6865,16.6660,7.2493,0.0012,-1.0000
16.6640,1.0000,31.1869,1.8675,4.3451,16.6559,16.6512,15.1749,0.0012,-1.0000
16.6675,1.0000,31.2034,6.4649,0.3234,16.6598,16.6510,10.0077,0.0011,-1.0000
16.6682,1.0000,31.2203,1.2156,5.1176,16.6717,16.6649,15.4774,0.0011,-1.0000
16.6640,1.0000,31.2369,9.4156,0.3159,16.6758,16.6425,9.6863,0.0013,-1.0000
17.0200,1.0000,31.2541,1.4753,4.3914,16.6643,17.0171,15.8383,0.0011,-1.0000
16.6693,1.0000,31.2707,6.6419,0.3118,16.6595,16.6744,8.0086,0.0012,-1.0000
16.6629,1.0000,31.2872,1.1865,4.6064,16.6746,16.6354,15.0102,0.0014,-1.0000
16.6672,1.0000,31.3039,6.9550,0.4037,16.6508,16.6608,10.1059,0.0013,-1.0000
16.6684,1.0000,31.3206,1.1776,6.2737,17.0255,16.6701,15.4213,0.0014,-1.0000
16.6654,1.0000,31.3373,8.6646,0.3859,16.6855,16.6422,9.4182,0.0014,-1.0000
16.6660,1.0000,31.3539,1.6238,4.3513,16.6455,16.6587,15.3685,0.0012,-1.0000
16.6684,1.0000,31.3706,6.5540,0.3695,16.6683,16.6631,9.4788,0.0012,-1.0000
16.6658,1.0000,31.3872,1.2472,4.9124,16.6804,16.6546,15.3778,0.0011,-1.0000
16.6654,1.0000,31.4039,7.2226,0.3188,16.6523,16.6543,10.0041,0.0014,-1.0000
16.6704,1.0000,31.4206,1.2886,4.5536,16.6666,16.6724,15.5006,0.0009,-1.0000
16.6638,1.0000,31.4373,7.1829,0.3221,16.6714,16.6458,8.8078,0.0015,-1.0000
16.6662,1.0000,31.4539,1.2757,4.4062,16.6641,16.6531,15.2676,0.0012,-1.0000
16.6685,1.0000,31.4706,6.6491,0.3520,16.6622,16.6672,9.8322,0.0011,-1.0000
16.6677,1.0000,31.4873,1.1707,5.2941,16.6805,16.6605,15.1322,0.0010,-1.0000
16.6648,1.0000,31.5040,7.8369,0.3112,16.6575,16.6540,9.9251,0.0012,-1.0000
16.6680,1.0000,31.5205,1.3842,4.4399,16.6596,16.6609,15.2866,0.0012,-1.0000
16.6667,1.0000,31.5373,6.8344,0.4416,16.6755,16.6594,9.3500,0.0012,-1.0000
16.6642,1.0000,31.5539,1.5272,4.2916,16.6694,16.6444,15.3713,0.0013,-1.0000
16.6689,1.0000,31.5706,6.7281,0.3862,16.6629,16.6680,10.2655,0.0010,-1.0000
16.6677,1.0000,31.5873,1.3729,5.1686,16.6706,16.6653,15.2782,0.0012,-1.0000
16.6647,1.0000,31.6039,7.3087,0.3438,16.6685,16.6487,9.0060,0.0014,-1.0000
16.6696,1.0000,31.6205,1.2719,4.0732,16.6519,16.6678,15.5202,0.0011,-1.0000
16.6672,1.0000,31.6374,6.4019,0.3682,16.6754,16.6614,8.5733,0.0013,-1.0000
16.6645,1.0000,31.6539,1.3856,5.4240,16.6737,16.6434,15.0463,0.0011,-1.0000
16.6666,1.0000,31.6706,7.6419,0.3365,16.6571,16.6570,10.1736,0.0013,-1.0000
16.6673,1.0000,31.6873,1.1462,5.7269,16.6764,16.6626,15.2880,0.0011,-1.0000
16.6661,1.0000,31.7039,8.0869,0.5489,16.6728,16.6586,9.3833,0.0014,-1.0000
16.6654,1.0000,31.7204,1.5967,4.3061,16.6535,16.6540,15.4433,0.0011,-1.0000
16.6706,1.0000,31.7373,6.4822,0.3249,16.6633,16.6782,8.4251,0.0011,-1.0000
16.6638,1.0000,31.7540,1.3735,4.6667,16.6704,16.6365,15.0298,0.0010,-1.0000
16.6676,1.0000,31.7706,7.2737,0.3528,16.6670,16.6600,9.9115,0.0010,-1.0000
16.6679,1.0000,31.7873,1.2097,5.5693,16.6620,16.6615,15.4871,0.0012,-1.0000
16.6643,1.0000,31.8039,8.2520,0.3744,16.6885,16.6505,8.8740,0.0012,-1.0000
16.6670,1.0000,31.8204,1.6056,4.4752,16.6466,16.6606,15.4846,0.0010,-1.0000
16.6708,1.0000,31.8374,6.7474,0.3135,16.6680,16.6747,10.3836,0.0008,-1.0000
16.6645,1.0000,31.8539,1.1730,5.0058,16.6710,16.6499,14.8865,0.0010,-1.0000
16.6656,1.0000,31.8706,7.7757,0.3268,16.6597,16.6499,10.0451,0.0009,-1.0000
16.6684,1.0000,31.8873,1.1750,4.2816,16.6668,16.6666,15.4049,0.0015,-1.0000
16.6658,1.0000,31.9039,6.2904,0.3707,16.6830,16.6509,8.9513,0.0013,-1.0000
16.6662,1.0000,31.9205,1.7624,4.1441,16.6601,16.6560,15.4207,0.0010,-1.0000
16.6674,1.0000,31.9373,6.6037,0.3469,16.6584,16.6616,10.1519,0.0013,-1.0000
16.6684,1.0000,31.9540,1.2603,5.4314,16.6779,16.6688,15.3765,0.0011,-1.0000
16.6644,1.0000,31.9706,7.6983,0.3212,16.6603,16.6399,9.8734,0.0012,-1.0000
16.6677,1.0000,31.9873,1.2342,3.9973,16.6640,16.6624,15.3443,0.0012,-1.0000
16.6666,1.0000,32.0040,6.5084,0.3732,16.6697,16.6560,8.9819,0.0012,-1.0000
16.6667,1.0000,32.0205,1.2909,4.3866,16.6799,16.6603,15.2938,0.0012,-1.0000
16.6661,1.0000,32.0372,6.7653,0.3307,16.6495,16.6566,10.3542,0.0012,-1.0000
16.6681,1.0000,32.0539,1.3167,5.4216,16.6706,16.6638,15.3211,0.0010,-1.0000
16.6632,1.0000,32.0706,7.6729,0.3394,16.6646,16.6448,9.9602,0.0013,-1.0000
16.6693,1.0000,32.0873,1.3654,4.1407,16.6688,16.6665,15.4678,0.0014,-1.0000
16.6685,1.0000,32.1039,6.3013,0.3690,16.6648,16.6644,8.6814,0.0014,-1.0000
16.6636,1.0000,32.1204,1.3414,4.2716,16.6728,16.6497,15.4252,0.0010,-1.0000
16.6690,1.0000,32.1373,6.6834,0.3190,16.6535,16.6653,9.6719,0.0011,-1.0000
16.6667,1.0000,32.1539,1.1973,4.9882,16.6737,16.6593,15.3613,0.0011,-1.0000
16.6648,1.0000,32.1706,7.9814,0.3327,16.6731,16.6502,9.5635,0.0016,-1.0000
16.6668,1.0000,32.1872,1.2233,4.9072,16.6574,16.6608,15.3207,0.0011,-1.0000
16.6682,1.0000,32.2039,6.9923,0.3114,16.6731,16.6643,9.5326,0.0010,-1.0000
16.6659,1.0000,32.2204,1.2966,4.5050,16.6678,16.6541,15.1732,0.0016,-1.0000
16.6667,1.0000,32.2372,7.0852,0.3060,16.6581,16.6615,10.1084,0.0012,-1.0000
16.6694,1.0000,32.2540,1.3387,5.0281,16.6680,16.6698,15.3136,0.0012,-1.0000
16.6628,1.0000,32.2706,7.1315,0.3708,16.6710,16.6439,8.5707,0.0010,-1.0000
16.6660,1.0000,32.2872,1.4794,4.2378,16.6628,16.6553,15.3950,0.0012,-1.0000
16.6699,1.0000,32.3040,6.5522,0.2949,16.6689,16.6996,9.8955,0.0008,-1.0000
16.6669,1.0000,32.3205,1.3551,5.0658,16.6796,16.6257,15.1359,0.0010,-1.0000
16.6662,1.0000,32.3374,8.0723,0.3051,16.6532,16.6586,10.2197,0.0011,-1.0000
16.6673,1.0000,32.3540,1.2592,4.6426,16.6616,16.6627,15.2031,0.0011,-1.0000
16.6668,1.0000,32.3706,6.8039,0.3843,16.7084,16.6509,8.0671,0.0013,-1.0000
16.6644,1.0000,32.3872,1.4885,4.4514,16.6342,16.6470,15.4550,0.0011,-1.0000
16.6679,1.0000,32.4040,6.4374,0.3645,16.6671,16.6688,10.3373,0.0011,-1.0000
16.6680,1.0000,32.4205,1.4584,6.1940,16.6734,16.6605,15.0535,0.0014,-1.0000
16.6657,1.0000,32.4373,8.5833,0.2890,16.6604,16.6549,10.1977,0.0011,-1.0000
16.6676,1.0000,32.4540,1.1909,4.2392,16.6549,16.6644,15.3084,0.0011,-1.0000
16.6677,1.0000,32.4707,6.3303,0.3491,16.6766,16.6656,8.5800,0.0013,-1.0000
16.6633,1.0000,32.4872,1.6054,4.6767,16.6682,16.6337,15.2711,0.0010,-1.0000
16.6680,1.0000,32.5040,6.4566,0.3608,16.6638,16.6674,10.2739,0.0011,-1.0000
16.6684,1.0000,32.5205,1.3549,5.7051,16.6732,16.6646,15.3856,0.0012,-1.0000
16.6649,1.0000,32.5373,8.0846,0.3426,16.6763,16.6523,9.6471,0.0012,-1.0000
16.6670,1.0000,32.5539,1.3617,4.2660,16.6419,16.6623,15.3297,0.0011,-1.0000
16.6698,1.0000,32.5707,6.3926,0.2948,16.6739,16.6673,9.6090,0.0012,-1.0000
16.6648,1.0000,32.5873,1.2777,4.8216,16.6721,16.6515,15.2114,0.0010,-1.0000
16.6668,1.0000,32.6039,7.0042,0.6651,16.6604,16.6539,10.0366,0.0014,-1.0000
16.6685,1.0000,32.6206,1.3316,4.9302,16.6692,16.6693,15.3847,0.0012,-1.0000
16.6639,1.0000,32.6372,7.0579,0.4169,16.6768,16.6457,8.5828,0.0018,-1.0000
16.6664,1.0000,32.6539,1.4391,4.4659,16.6620,16.6580,15.4062,0.0012,-1.0000
16.6681,1.0000,32.6707,6.6158,0.3403,16.6612,16.6664,10.0675,0.0011,-1.0000
16.6677,1.0000,32.6872,1.2832,5.1900,16.6783,16.6597,15.2688,0.0017,-1.0000
16.6637,1.0000,32.7039,8.0608,0.6276,16.6550,16.6500,9.8402,0.0012,-1.0000
16.6699,1.0000,32.7205,1.2506,4.4961,16.6647,16.6739,15.4748,0.0011,-1.0000
16.6656,1.0000,32.7372,6.5980,0.4798,16.6740,16.6474,8.7454,0.0012,-1.0000
16.6653,1.0000,32.7539,1.3894,4.3322,16.6678,16.6513,15.4863,0.0011,-1.0000
16.6689,1.0000,32.7707,6.8088,0.2985,16.6576,16.6703,10.1541,0.0015,-1.0000
16.6672,1.0000,32.7872,1.1980,5.2753,16.6830,16.6572,15.1380,0.0015,-1.0000
16.6650,1.0000,32.8039,7.9005,0.2951,16.6568,16.6519,10.0216,0.0012,-1.0000
16.8116,1.0000,32.8208,1.1636,4.3973,16.6592,16.8697,15.4359,0.0012,-1.0000
16.6662,1.0000,32.8375,6.5145,0.3855,16.6798,16.5912,8.6523,0.0010,-1.0000
16.6642,1.0000,32.8540,1.5174,4.0681,16.6661,16.6435,15.2705,0.0014,-1.0000
16.6681,1.0000,32.8707,6.6294,0.3739,16.6604,16.6645,10.3346,0.0010,-1.0000
16.6672,1.0000,32.8874,1.4325,5.4616,16.8821,16.6623,15.5110,0.0012,-1.0000
16.6643,1.0000,32.9040,7.9386,0.2928,16.6030,16.6504,9.0688,0.0014,-1.0000
16.6675,1.0000,32.9207,1.3714,4.2682,16.6522,16.6585,15.3751,0.0011,-1.0000
16.6686,1.0000,32.9374,6.3290,0.2996,16.6720,16.6672,8.8767,0.0013,-1.0000
16.6665,1.0000,32.9540,1.1494,5.2202,16.6707,16.6549,15.4008,0.0012,-1.0000
16.6664,1.0000,32.9707,7.5805,0.4072,16.6588,16.6580,10.0900,0.0012,-1.0000
16.6671,1.0000,32.9874,1.2823,5.4617,16.6656,16.6617,15.4125,0.0011,-1.0000
16.6653,1.0000,33.0041,7.7895,0.3426,16.6750,16.6555,9.0829,0.0013,-1.0000
16.6676,1.0000,33.0206,1.2529,4.3243,16.6632,16.6566,15.3423,0.0012,-1.0000
16.6674,1.0000,33.0374,6.5665,0.3222,16.6662,16.6644,9.6430,0.0011,-1.0000
16.6665,1.0000,33.0540,1.2480,5.2824,16.6697,16.6541,15.2971,0.0010,-1.0000
16.6665,1.0000,33.0707,7.5711,0.2943,16.6640,16.6599,10.2856,0.0012,-1.0000
16.6677,1.0000,33.0875,1.3134,4.9069,16.6644,16.6617,15.3505,0.0013,-1.0000
16.6648,1.0000,33.1040,7.0200,0.3788,16.6728,16.6522,9.6870,0.0012,-1.0000
16.6669,1.0000,33.1206,1.3560,4.1946,16.6621,16.6579,15.4633,0.0011,-1.0000
16.6689,1.0000,33.1375,6.3730,0.2982,16.6689,16.6665,10.4362,0.0010,-1.0000
16.6662,1.0000,33.1540,1.3097,4.9466,16.6702,16.6546,15.2606,0.0011,-1.0000
16.6659,1.0000,33.1708,6.9642,0.3147,16.6615,16.6563,10.1463,0.0013,-1.0000
16.6675,1.0000,33.1874,1.1933,4.4854,16.6649,16.6638,15.3608,0.0012,-1.0000
16.6669,1.0000,33.2041,6.2303,0.3046,16.6746,16.6569,8.9183,0.0010,-1.0000
16.6649,1.0000,33.2206,1.3928,4.0578,16.6630,16.6496,15.2446,0.0014,-1.0000
16.6684,1.0000,33.2375,6.5085,0.3357,16.6646,16.6699,10.5246,0.0010,-1.0000
16.6659,1.0000,33.2541,1.3017,5.2907,16.6723,16.6514,15.0251,0.0014,-1.0000
16.6672,1.0000,33.2708,7.7375,0.3010,16.6671,16.6572,9.8451,0.0011,-1.0000
16.7336,1.0000,33.2876,1.4035,4.1466,16.6573,16.7240,15.1627,0.0014,-1.0000
16.6646,1.0000,33.3041,6.1445,0.3694,16.6788,16.6528,7.5210,0.0013,-1.0000
42.6076,1.0000,33.3468,1.6247,4.3055,16.6611,42.5970,0.0008,0.0012,-1.0000
16.5572,1.0000,33.3632,6.8108,0.3299,16.6678,16.5550,9.1187,0.0007,-1.0000
16.6671,1.0000,33.3800,1.5601,5.1469,16.7342,16.6618,15.5444,0.0009,-1.0000
16.6689,1.0000,33.3966,9.1311,6.6670,16.6620,16.6639,15.1460,0.0013,-1.0000
16.6644,1.0000,33.4133,42.5952,4.1596,42.6016,16.6504,9.3920,0.0010,-1.0000
16.6679,1.0000,33.4300,7.4356,0.3257,16.5613,16.6590,15.4600,0.0012,-1.0000
16.6672,1.0000,33.4467,1.1160,0.4586,16.6696,16.6622,9.3425,0.0014,-1.0000
16.6659,1.0000,33.4632,1.5164,5.5403,16.6727,16.6546,15.1282,0.0010,-1.0000
16.6661,1.0000,33.4799,7.2583,0.3307,16.6601,16.6561,10.2959,0.0011,-1.0000
16.6699,1.0000,33.4966,1.1977,4.9165,16.6674,16.6688,15.4991,0.0012,-1.0000
16.6623,1.0000,33.5133,7.3187,0.4238,16.6715,16.6427,9.0443,0.0013,-1.0000
16.6685,1.0000,33.5300,1.5254,4.2751,16.6627,16.6631,15.3394,0.0013,-1.0000
16.6673,1.0000,33.5469,6.3590,0.3046,16.6643,16.9096,9.7550,0.0013,-1.0000
16.6668,1.0000,33.5632,1.1684,5.2423,16.6777,16.4101,15.0118,0.0012,-1.0000
16.6662,1.0000,33.5800,7.5972,0.2980,16.6507,16.6589,9.7082,0.0010,-1.0000
16.6683,1.0000,33.5968,1.3221,4.3160,16.6697,16.6624,15.4022,0.0011,-1.0000
16.6637,1.0000,33.6133,7.1532,0.3244,16.9196,16.6487,8.3261,0.0014,-1.0000
16.6673,1.0000,33.6299,1.3970,4.3043,16.4200,16.6584,15.3338,0.0010,-1.0000
16.6686,1.0000,33.6467,6.9494,0.3052,16.6668,16.6672,10.3104,0.0011,-1.0000
16.6675,1.0000,33.6632,1.2587,5.3452,16.6716,16.6575,15.1751,0.0012,-1.0000
16.6644,1.0000,33.6800,8.3219,0.3000,16.6576,16.6489,10.3889,0.0012,-1.0000
16.6687,1.0000,33.6966,1.3234,4.1411,16.6642,16.6672,15.3197,0.0011,-1.0000
16.6662,1.0000,33.7133,6.3555,0.3750,16.6768,16.6541,9.5497,0.0013,-1.0000
16.6653,1.0000,33.7299,1.4811,4.0966,16.6672,16.6503,15.4674,0.0010,-1.0000
16.6683,1.0000,33.7469,6.2594,0.3581,16.6580,16.6671,10.3085,0.0012,-1.0000
16.6661,1.0000,33.7632,1.3464,4.6978,16.6760,16.6592,14.7145,0.0012,-1.0000
16.6658,1.0000,33.7800,7.1034,0.3008,16.6627,16.6521,10.1160,0.0011,-1.0000
16.6687,1.0000,33.7968,1.1816,3.9674,16.6589,16.6676,15.4224,0.0012,-1.0000
16.6666,1.0000,33.8133,6.3575,0.3122,16.6760,16.6554,7.4862,0.0010,-1.0000
16.6652,1.0000,33.8299,1.9439,4.6202,16.6675,16.6454,15.3270,0.0012,-1.0000
16.6667,1.0000,33.8467,6.5355,0.3063,16.6603,16.6636,10.3413,0.0010,-1.0000
16.6683,1.0000,33.8632,1.2441,5.2181,16.6780,16.6626,15.3572,0.0014,-1.0000
16.6651,1.0000,33.8799,9.1680,0.2948,16.6642,16.6548,9.8560,0.0011,-1.0000
16.6687,1.0000,33.8966,1.3171,4.0276,16.6539,16.6664,15.3707,0.0010,-1.0000
16.6672,1.0000,33.9134,6.3212,0.3323,16.6704,16.6590,9.5597,0.0011,-1.0000
16.6655,1.0000,33.9300,1.3039,4.3187,16.6695,16.6518,14.8642,0.0013,-1.0000
16.6662,1.0000,33.9466,6.7981,0.3208,16.6622,16.6567,10.0239,0.0012,-1.0000
16.6688,1.0000,33.9632,1.2946,5.3564,16.6745,16.6670,15.4567,0.0014,-1.0000
16.6639,1.0000,33.9799,7.0982,0.4170,16.6686,16.6482,9.3713,0.0012,-1.0000
16.6675,1.0000,33.9966,1.7863,4.2898,16.6607,16.6634,15.4570,0.0010,-1.0000
16.6684,1.0000,34.0134,6.6317,0.3071,16.6651,16.6624,9.5924,0.0009,-1.0000
16.6667,1.0000,34.0300,1.2087,4.9439,16.6752,16.6568,15.0159,0.0013,-1.0000
16.6671,1.0000,34.0467,7.2753,0.2911,16.6567,16.6737,9.7553,0.0013,-1.0000
16.6672,1.0000,34.0632,1.2055,5.6142,16.6711,16.6437,15.3049,0.0009,-1.0000
16.6637,1.0000,34.0799,7.0691,0.3865,16.6706,16.6422,9.0558,0.0015,-1.0000
16.6672,1.0000,34.0967,1.6398,4.3347,16.6655,16.6631,15.3921,0.0011,-1.0000
16.6705,1.0000,34.1133,6.9168,0.2915,16.6851,16.7098,10.0235,0.0009,-1.0000
16.6642,1.0000,34.1300,1.3377,4.9874,16.6552,16.6090,15.2326,0.0012,-1.0000
16.6663,1.0000,34.1466,7.5854,0.3261,16.6522,16.6570,10.2112,0.0012,-1.0000
16.6691,1.0000,34.1632,1.2700,4.2605,16.6695,16.6679,15.3499,0.0012,-1.0000
16.6652,1.0000,34.1801,6.6853,0.3297,16.7178,16.6494,8.9458,0.0012,-1.0000
16.6672,1.0000,34.1966,1.3751,4.6719,16.6173,16.6598,15.2553,0.0011,-1.0000
16.6682,1.0000,34.2134,6.4447,0.3217,16.6651,16.6639,9.8398,0.0011,-1.0000
16.6651,1.0000,34.2299,1.3166,5.4889,16.6780,16.6479,14.8171,0.0012,-1.0000
16.6665,1.0000,34.2466,7.7028,0.3148,16.6594,16.6594,10.4877,0.0010,-1.0000
16.6667,1.0000,34.2632,1.4031,4.8146,16.6684,16.6575,15.4105,0.0014,-1.0000
16.6681,1.0000,34.2801,6.8233,0.3746,16.6752,16.6699,9.2380,0.0011,-1.0000
16.6652,1.0000,34.2966,1.8298,4.5335,16.6574,16.6409,14.5364,0.0012,-1.0000
16.6655,1.0000,34.3133,6.1710,0.3161,16.6684,16.6580,10.2351,0.0011,-1.0000
16.6704,1.0000,34.3300,1.2455,4.8117,16.6659,16.6691,15.4019,0.0012,-1.0000
16.6657,1.0000,34.3471,7.4305,0.6113,16.6816,16.6561,8.9478,0.0009,-1.0000
16.6642,1.0000,34.3631,2.1033,4.0470,16.6498,16.6366,14.8752,0.0015,-1.0000
16.6684,1.0000,34.3799,6.4219,0.3258,16.6663,16.6662,10.2150,0.0008,-1.0000
16.6677,1.0000,34.3967,1.2655,5.6856,16.6787,16.6937,15.3927,0.0010,-1.0000
16.6662,1.0000,34.4133,7.7073,0.3020,16.6677,16.6250,9.0490,0.0013,-1.0000
16.6671,1.0000,34.4300,1.7595,4.0650,16.6469,16.6593,15.3810,0.0012,-1.0000
16.6678,1.0000,34.4467,6.4501,0.2984,16.6738,16.6619,9.9752,0.0013,-1.0000
16.6655,1.0000,34.4637,1.2998,4.9071,16.7036,16.6509,15.0503,0.0011,-1.0000
16.6649,1.0000,34.4799,7.5753,0.2876,16.6338,16.6584,4.7151,0.0016,-1.0000
16.6689,1.0000,34.4966,1.2772,4.6332,16.6692,16.6553,15.3661,0.0010,-1.0000
16.6662,1.0000,34.5133,6.6861,0.3637,16.6712,16.6594,8.8439,0.0010,-1.0000
16.6663,1.0000,34.5299,1.5991,4.0309,16.6602,16.6551,15.2718,0.0013,-1.0000
16.6663,1.0000,34.5466,11.9421,0.3266,16.6678,16.6567,10.0683,0.0014,-1.0000
16.6698,1.0000,34.5631,1.2878,4.9819,16.6638,16.6626,15.5016,0.0011,-1.0000
16.6640,1.0000,34.5799,7.8142,0.3058,16.6699,16.6454,9.1408,0.0011,-1.0000
16.6658,1.0000,34.5966,1.3820,4.1372,16.6656,16.6565,15.4570,0.0012,-1.0000
16.6695,1.0000,34.6133,6.5872,0.3804,16.6670,16.6988,9.8120,0.0011,-1.0000
16.6652,1.0000,34.6299,1.1594,5.4027,16.6727,16.6211,15.3552,0.0014,-1.0000
16.6659,1.0000,34.6465,7.5037,0.3747,16.6542,16.6589,10.2156,0.0011,-1.0000
16.6690,1.0000,34.6632,1.1985,4.1428,16.6637,16.6682,15.4161,0.0013,-1.0000
16.6662,1.0000,34.6800,6.8858,0.3359,16.7070,16.6847,8.8222,0.0010,-1.0000
16.6653,1.0000,34.6965,1.2642,4.2500,16.6298,16.6178,15.2560,0.0011,-1.0000
16.6690,1.0000,34.7133,6.4422,0.3153,16.6679,16.6670,10.6825,0.0012,-1.0000
16.6653,1.0000,34.7300,1.2505,5.2638,16.6787,16.6546,14.6430,0.0010,-1.0000
16.6654,1.0000,34.7468,7.8615,0.3244,16.6948,16.6522,9.9516,0.0016,-1.0000
16.6703,1.0000,34.7634,1.3604,3.8758,16.6256,16.6747,15.0197,0.0012,-1.0000
16.6646,1.0000,34.7800,5.9832,0.3236,16.6760,16.6521,8.5562,0.0016,-1.0000
16.6662,1.0000,34.7966,2.0104,4.1118,16.6634,16.6439,15.2873,0.0016,-1.0000
16.6672,1.0000,34.8133,6.6990,0.3816,16.6604,16.6607,9.9770,0.0011,-1.0000
16.6668,1.0000,34.8299,1.6535,5.8597,16.6840,16.6588,15.3636,0.0014,-1.0000
16.6663,1.0000,34.8467,8.0945,0.3243,16.6644,16.6571,10.2862,0.0013,-1.0000
16.6677,1.0000,34.8632,1.3548,4.2170,16.6523,16.6630,15.3450,0.0011,-1.0000
16.6658,1.0000,34.8799,6.6826,0.3108,16.6703,16.6549,8.9920,0.0012,-1.0000
16.6667,1.0000,34.8966,1.2939,4.2153,16.6676,16.6542,15.4292,0.0011,-1.0000
16.6678,1.0000,34.9133,6.3696,0.3018,16.6653,16.6650,10.1549,0.0011,-1.0000
16.6661,1.0000,34.9300,1.3170,4.9410,16.6709,16.6538,15.2770,0.0010,-1.0000
16.6664,1.0000,34.9467,7.6618,0.2934,16.6634,16.6587,10.0661,0.0012,-1.0000
16.6670,1.0000,34.9632,1.2241,4.7408,16.6625,16.6564,15.3119,0.0011,-1.0000
16.6675,1.0000,34.9800,6.5090,0.3199,16.6741,16.6633,8.7281,0.0011,-1.0000
16.6665,1.0000,34.9966,1.3755,4.3589,16.6622,16.6545,15.4311,0.0014,-1.0000
16.7101,1.0000,35.0140,6.5915,0.3148,16.6677,16.7059,10.2520,0.0011,-1.0000
16.6664,1.0000,35.0300,1.3433,5.8226,16.6638,16.6523,14.5285,0.0012,-1.0000
16.6661,1.0000,35.0467,7.9344,0.3122,16.6707,16.6586,9.9055,0.0010,-1.0000
16.6667,1.0000,35.0632,1.2219,4.2520,16.6629,16.6618,15.3328,0.0011,-1.0000
16.6680,1.0000,35.0800,6.4531,0.3711,16.7161,16.6613,8.7789,0.0011,-1.0000
16.6638,1.0000,35.0967,2.1225,4.3332,16.6614,16.6423,15.4393,0.0012,-1.0000
16.6693,1.0000,35.1133,6.7521,0.3834,16.6676,16.6701,10.2198,0.0008,-1.0000
16.6687,1.0000,35.1301,1.3278,5.3003,16.6703,16.6678,15.3229,0.0012,-1.0000
16.6632,1.0000,35.1467,7.8815,0.2962,16.6697,16.6394,9.8952,0.0013,-1.0000
16.6686,1.0000,35.1632,1.2018,4.0942,16.6496,16.6653,15.4711,0.0012,-1.0000
16.6678,1.0000,35.1802,6.4495,0.2946,16.6774,16.6643,9.4292,0.0012,-1.0000
16.6636,1.0000,35.1966,1.3438,4.2937,16.6794,16.6395,15.0329,0.0011,-1.0000
16.6679,1.0000,35.2133,6.7429,0.2950,16.6506,16.6661,10.3328,0.0010,-1.0000
16.6685,1.0000,35.2300,1.1931,4.9674,16.6734,16.6645,15.4867,0.0011,-1.0000
16.6641,1.0000,35.2467,7.2337,0.2919,16.6745,16.6436,9.1856,0.0012,-1.0000
16.6669,1.0000,35.2633,1.6055,4.1954,16.6487,16.6643,15.3993,0.0011,-1.0000
16.6689,1.0000,35.2801,6.3325,0.2988,16.6741,16.6642,9.8695,0.0011,-1.0000
16.6659,1.0000,35.2966,1.1765,4.7328,16.6745,16.6534,15.0701,0.0015,-1.0000
16.6657,1.0000,35.3133,7.4571,0.2861,16.6526,16.6557,10.2197,0.0012,-1.0000
16.6687,1.0000,35.3302,1.2640,4.7403,16.6711,16.7684,15.4928,0.0012,-1.0000
16.6638,1.0000,35.3467,6.7939,0.4536,16.6721,16.5488,9.1053,0.0013,-1.0000
16.6668,1.0000,35.3632,1.5817,4.1109,16.6617,16.6598,15.3410,0.0011,-1.0000
16.6701,1.0000,35.3801,6.4349,0.2682,16.6634,16.6741,10.2415,0.0011,-1.0000
16.6653,1.0000,35.3967,1.2740,4.9336,16.7760,16.6498,14.3917,0.0014,-1.0000
16.6665,1.0000,35.4133,7.4421,0.3121,16.5570,16.6564,10.1491,0.0012,-1.0000
16.6687,1.0000,35.4302,1.3175,4.2780,16.6658,16.6671,15.4488,0.0011,-1.0000
16.6643,1.0000,35.4467,6.4313,0.3038,16.6832,16.6431,8.2468,0.0018,-1.0000
16.6658,1.0000,35.4632,2.2563,4.2985,16.6596,16.6555,15.4428,0.0008,-1.0000
16.6701,1.0000,35.4801,6.5061,0.2986,16.6646,16.6752,10.3442,0.0008,-1.0000
16.6649,1.0000,35.4967,1.2165,4.5750,16.6778,16.6474,14.7626,0.0013,-1.0000
16.6652,1.0000,35.5134,8.3947,0.3255,16.6524,16.6522,10.1670,0.0010,-1.0000
16.6702,1.0000,35.5301,1.2118,4.0239,16.6630,16.6732,15.3768,0.0012,-1.0000
16.6644,1.0000,35.5467,6.3304,0.4307,16.6851,16.6452,8.4992,0.0008,-1.0000
16.6658,1.0000,35.5632,1.8833,4.3325,16.6572,16.6552,15.3937,0.0012,-1.0000
16.6688,1.0000,35.5800,6.4841,0.2955,16.6601,16.6677,10.2909,0.0010,-1.0000
16.6674,1.0000,35.5968,1.2951,5.2573,16.6825,16.6577,15.2233,0.0011,-1.0000
16.6645,1.0000,35.6134,8.1449,0.3243,16.6543,16.6488,10.0451,0.0016,-1.0000
16.6679,1.0000,35.6300,1.2603,4.6272,16.6637,16.6625,15.3950,0.0014,-1.0000
16.6673,1.0000,35.6467,6.3763,0.3088,16.6781,16.6540,9.6221,0.0013,-1.0000
16.6663,1.0000,35.6632,1.4330,4.9063,16.6686,16.6537,15.1701,0.0013,-1.0000
16.6676,1.0000,35.6802,6.6030,0.3148,16.6571,16.7601,9.9605,0.0012,-1.0000
16.6654,1.0000,35.6967,1.2660,4.2549,16.6729,16.5641,15.0657,0.0012,-1.0000
16.6669,1.0000,35.7134,7.0307,0.5824,16.6632,16.6573,8.5921,0.0010,-1.0000
16.6650,1.0000,35.7300,1.4818,4.6474,16.6623,16.6468,15.4658,0.0014,-1.0000
16.6684,1.0000,35.7466,6.7990,0.3004,16.7684,16.6636,10.3447,0.0011,-1.0000
16.6674,1.0000,35.7634,1.4969,5.3272,16.5720,16.6685,15.4102,0.0011,-1.0000
16.6650,1.0000,35.7800,8.0645,0.2883,16.6666,16.6436,9.9585,0.0011,-1.0000
16.6671,1.0000,35.7966,1.1799,4.1958,16.6550,16.6620,15.3797,0.0011,-1.0000
16.6683,1.0000,35.8134,6.3174,0.3633,16.6713,16.6639,9.3627,0.0013,-1.0000
16.6638,1.0000,35.8300,1.2572,4.1886,16.6778,16.6464,14.9144,0.0013,-1.0000
16.6678,1.0000,35.8469,6.6840,0.3033,16.6542,16.7670,10.2907,0.0010,-1.0000
16.6688,1.0000,35.8632,1.2816,4.9190,16.6696,16.5633,15.2504,0.0013,-1.0000
16.6646,1.0000,35.8800,7.3003,0.3544,16.6725,16.6494,9.3157,0.0011,-1.0000
16.6684,1.0000,35.8968,1.7308,4.2136,16.6542,16.6691,15.3521,0.0011,-1.0000
16.6663,1.0000,35.9133,6.4754,0.3094,16.7743,16.6501,9.5191,0.0011,-1.0000
16.6666,1.0000,35.9301,1.3115,4.8969,16.5722,16.6546,15.3125,0.0011,-1.0000
16.6659,1.0000,35.9467,7.3329,0.3492,16.6587,16.6598,10.0517,0.0014,-1.0000
16.6700,1.0000,35.9633,1.3155,4.7091,16.6794,16.6682,15.3440,0.0011,-1.0000
16.6633,1.0000,35.9800,7.1304,0.3538,16.6602,16.6416,9.0378,0.0012,-1.0000
16.6673,1.0000,35.9966,1.3408,4.1917,16.6629,16.6613,15.3640,0.0010,-1.0000
16.9049,1.0000,36.0138,6.6067,0.3613,16.6675,16.9615,9.8891,0.0010,-1.0000
16.5189,1.0000,36.0301,1.3228,5.0022,16.6767,16.4677,15.0697,0.0011,-1.0000
16.6663,1.0000,36.0468,7.6031,0.3494,16.6507,16.6389,10.2106,0.0015,-1.0000
16.6688,1.0000,36.0634,1.2968,4.2488,16.6690,16.6661,15.4403,0.0013,-1.0000
16.6632,1.0000,36.0801,7.0711,0.3364,16.9716,16.6417,8.6463,0.0016,-1.0000
16.6687,1.0000,36.0968,1.3969,4.2625,16.4770,16.6646,15.3737,0.0011,-1.0000
16.6681,1.0000,36.1135,6.4266,0.2944,16.6467,16.6667,9.9451,0.0012,-1.0000
16.6660,1.0000,36.1301,1.2244,4.8868,16.6758,16.6535,15.0277,0.0011,-1.0000
16.6662,1.0000,36.1468,7.9944,0.2958,16.6512,16.6569,9.5032,0.0011,-1.0000
16.6671,1.0000,36.1634,1.2894,4.4456,16.6711,16.6554,15.4012,0.0012,-1.0000
16.6660,1.0000,36.1801,6.7207,0.3504,16.6760,16.6564,9.2447,0.0011,-1.0000
16.6655,1.0000,36.1967,1.6249,4.9089,16.6637,16.6520,15.3794,0.0009,-1.0000
16.6681,1.0000,36.2134,7.1523,0.3295,16.6659,16.6648,10.4609,0.0013,-1.0000
16.6674,1.0000,36.2301,1.2532,5.2017,16.6645,16.6630,15.2240,0.0010,-1.0000
16.6653,1.0000,36.2468,7.4116,0.3088,16.6644,16.6521,10.1951,0.0011,-1.0000
16.6675,1.0000,36.2634,1.2716,4.1663,16.6601,16.6608,15.3582,0.0012,-1.0000
16.6675,1.0000,36.2801,6.2025,0.3597,16.6723,16.6584,8.7315,0.0011,-1.0000
16.6646,1.0000,36.2967,1.4380,4.2436,16.6725,16.6487,15.4429,0.0011,-1.0000
16.6678,1.0000,36.3135,6.4560,0.3068,16.6617,16.6647,10.2854,0.0010,-1.0000
16.6685,1.0000,36.3301,1.3013,5.0518,16.6692,16.6638,15.1915,0.0013,-1.0000
16.6644,1.0000,36.3468,7.9262,0.3056,16.6670,16.6505,9.8254,0.0012,-1.0000
16.6685,1.0000,36.3634,1.2046,4.1799,16.6569,16.6635,15.3682,0.0011,-1.0000
16.6684,1.0000,36.3802,6.3784,0.4573,16.6731,16.6654,9.4286,0.0011,-1.0000
16.6631,1.0000,36.3967,1.4709,4.7202,16.6730,16.6355,15.2989,0.0011,-1.0000
16.6677,1.0000,36.4134,6.8247,0.3072,16.6592,16.6670,10.4106,0.0010,-1.0000
16.6680,1.0000,36.4302,1.2939,5.2665,16.6731,16.6628,15.3789,0.0012,-1.0000
16.6655,1.0000,36.4468,7.2360,0.3151,16.6773,16.6520,9.4749,0.0012,-1.0000
16.6654,1.0000,36.4633,1.3355,4.1475,16.6441,16.6544,15.4267,0.0012,-1.0000
16.6701,1.0000,36.4802,6.2555,0.3053,16.6740,16.6707,10.2604,0.0011,-1.0000
16.6654,1.0000,36.4968,1.2825,4.7828,16.6718,16.6506,15.1629,0.0012,-1.0000
16.6658,1.0000,36.5135,7.1759,0.3154,16.6613,16.6513,10.1921,0.0011,-1.0000
16.6691,1.0000,36.5302,1.2265,4.2654,16.6626,16.6686,15.4085,0.0013,-1.0000
16.6641,1.0000,36.5468,6.4094,0.3464,16.6795,16.6472,8.5506,0.0015,-1.0000
16.6668,1.0000,36.5633,1.4870,4.1485,16.6619,16.6570,15.3280,0.0011,-1.0000
16.6685,1.0000,36.5801,6.4580,0.3399,16.6597,16.6686,9.9680,0.0010,-1.0000
16.6671,1.0000,36.5968,1.2591,5.2812,16.6794,16.6565,15.2944,0.0013,-1.0000
16.6649,1.0000,36.6134,8.0955,0.3417,16.6575,16.6487,9.6548,0.0011,-1.0000
16.6706,1.0000,36.6301,1.3278,4.4070,16.6637,16.6756,15.4352,0.0011,-1.0000
16.6647,1.0000,36.6468,6.7002,0.3571,16.6767,16.6461,9.3149,0.0011,-1.0000
16.6644,1.0000,36.6633,1.3607,4.3104,16.6666,16.6494,15.4473,0.0011,-1.0000
16.6675,1.0000,36.6802,6.9929,0.3465,16.6565,16.6634,10.4272,0.0008,-1.0000
16.6687,1.0000,36.6968,1.2395,4.8872,16.6856,16.6657,15.2916,0.0011,-1.0000
16.6644,1.0000,36.7134,7.3303,0.3330,16.6557,16.6502,9.8871,0.0010,-1.0000
16.6681,1.0000,36.7301,1.2009,4.2160,16.6573,16.6635,15.4640,0.0011,-1.0000
16.6674,1.0000,36.7469,6.2354,0.3693,16.6697,16.6614,8.9967,0.0012,-1.0000
16.6661,1.0000,36.7634,1.3728,4.2013,16.6731,16.6531,15.1841,0.0011,-1.0000
16.6664,1.0000,36.7801,6.7619,0.3513,16.6584,16.6608,10.1647,0.0012,-1.0000
16.6673,1.0000,36.7968,1.1984,5.6002,16.6716,16.6602,15.4048,0.0012,-1.0000
16.6658,1.0000,36.8134,7.6636,0.3127,16.6720,16.6539,9.7868,0.0010,-1.0000
16.6672,1.0000,36.8301,1.4676,4.3472,16.6618,16.6593,15.4175,0.0013,-1.0000
16.6677,1.0000,36.8469,6.4948,0.3063,16.6687,16.6612,9.8389,0.0014,-1.0000
16.6665,1.0000,36.8633,1.2541,4.2353,16.6684,16.6564,15.1213,0.0011,-1.0000
16.6656,1.0000,36.8801,6.8659,0.3350,16.6624,16.6542,10.2556,0.0011,-1.0000
16.6680,1.0000,36.8968,1.2403,5.1209,16.6673,16.6623,15.5056,0.0015,-1.0000
16.6645,1.0000,36.9134,6.8209,0.6743,16.6714,16.6505,9.5952,0.0011,-1.0000
16.6678,1.0000,36.9302,1.5339,4.3423,16.6659,16.6610,15.4629,0.0010,-1.0000
16.6679,1.0000,36.9469,6.3975,0.3660,16.6628,16.6636,10.1689,0.0014,-1.0000
16.6670,1.0000,36.9634,1.1551,4.8594,16.6706,16.6575,15.1417,0.0013,-1.0000
16.6662,1.0000,36.9801,7.0544,0.2991,16.6596,16.6524,10.1445,0.0011,-1.0000
16.6647,1.0000,36.9967,1.1969,4.3817,16.6695,16.6519,15.3725,0.0012,-1.0000
16.6690,1.0000,37.0135,6.4936,0.3538,16.6737,16.6690,8.8987,0.0009,-1.0000
16.6650,1.0000,37.0301,1.5144,4.5935,16.6680,16.6479,15.3057,0.0011,-1.0000
16.6695,1.0000,37.0469,6.5071,0.3170,16.6605,16.6676,10.1842,0.0009,-1.0000
16.6659,1.0000,37.0633,1.2784,5.1665,16.6601,16.6512,15.0851,0.0012,-1.0000
16.6659,1.0000,37.0801,7.7691,0.2979,16.6769,16.6595,10.2961,0.0013,-1.0000
16.6694,1.0000,37.0972,1.3410,4.3386,16.6571,16.6689,15.4310,0.0011,-1.0000
16.6652,1.0000,37.1134,6.4825,0.3390,16.6778,16.6487,8.0750,0.0011,-1.0000
16.6641,1.0000,37.1300,1.5652,4.7630,16.6605,16.6451,15.3624,0.0009,-1.0000
16.6683,1.0000,37.1468,6.3625,0.3316,16.6678,16.6690,10.3397,0.0010,-1.0000
16.6677,1.0000,37.1633,1.2365,5.3412,16.6785,16.6596,15.3897,0.0011,-1.0000
16.6649,1.0000,37.1802,8.5724,0.2823,16.6600,16.6535,9.9553,0.0011,-1.0000
16.6684,1.0000,37.1967,1.2818,4.1409,16.6526,16.6610,15.2268,0.0014,-1.0000
16.6677,1.0000,37.2135,6.3282,0.3065,16.6761,16.6675,9.1527,0.0008,-1.0000
16.6650,1.0000,37.2301,1.2687,4.2527,16.6678,16.6480,15.0937,0.0013,-1.0000
16.6674,1.0000,37.2468,6.6973,0.3098,16.6612,16.6622,10.3090,0.0010,-1.0000
16.6679,1.0000,37.2635,1.4328,5.5477,16.6688,16.6628,15.4715,0.0011,-1.0000
16.6659,1.0000,37.2801,7.5142,0.4470,16.6754,16.6510,9.6196,0.0010,-1.0000
16.6661,1.0000,37.2968,1.5527,4.2765,16.6564,16.6593,15.3375,0.0011,-1.0000
16.6673,1.0000,37.3135,6.3522,0.3033,16.6699,16.6584,9.6824,0.0013,-1.0000
16.6671,1.0000,37.3301,1.1899,4.5013,16.6732,16.6566,15.2180,0.0013,-1.0000
16.6659,1.0000,37.3468,7.0303,0.3370,16.6611,16.6535,9.8774,0.0013,-1.0000
16.6676,1.0000,37.3633,1.3206,4.2758,16.6687,16.6633,15.3233,0.0012,-1.0000
16.6652,1.0000,37.3801,6.9746,0.3256,16.6684,16.6494,8.8553,0.0010,-1.0000
16.6672,1.0000,37.3967,1.4369,4.3943,16.6664,16.6639,15.4036,0.0011,-1.0000
16.6705,1.0000,37.4136,6.7747,0.3608,16.6619,16.6709,9.9416,0.0011,-1.0000
16.6643,1.0000,37.4302,1.3387,5.3965,16.6715,16.6464,14.7296,0.0017,-1.0000
16.6653,1.0000,37.4468,7.7933,0.3062,16.6577,16.6518,9.9285,0.0014,-1.0000
16.6685,1.0000,37.4634,1.2589,4.2730,16.6719,16.6706,15.4123,0.0011,-1.0000
16.6656,1.0000,37.4801,6.7280,0.3665,16.6813,16.6480,9.1476,0.0012,-1.0000
16.6667,1.0000,37.4967,1.9149,4.1669,16.6557,16.6572,15.4359,0.0010,-1.0000
16.6679,1.0000,37.5135,6.7218,0.3587,16.6606,16.6645,10.2373,0.0010,-1.0000
16.6671,1.0000,37.5301,1.2573,5.0056,16.6797,16.6568,15.2394,0.0013,-1.0000
16.6645,1.0000,37.5468,7.4998,0.3471,16.6572,16.6549,9.9061,0.0010,-1.0000
16.6689,1.0000,37.5634,1.2204,4.3973,16.6655,16.6641,15.3370,0.0010,-1.0000
16.6663,1.0000,37.5801,6.4264,0.3070,16.6725,16.6539,9.2496,0.0013,-1.0000
16.6653,1.0000,37.5968,1.4158,4.7296,16.6651,16.6543,15.4626,0.0012,-1.0000
16.6677,1.0000,37.6134,6.7482,0.3524,16.6629,16.6654,10.3257,0.0011,-1.0000
16.6673,1.0000,37.6301,1.3258,5.4535,16.6726,16.6569,15.3496,0.0012,-1.0000
16.6653,1.0000,37.6468,7.4037,0.3542,16.6629,16.6540,9.4833,0.0013,-1.0000
16.6679,1.0000,37.6637,1.1904,4.1602,16.6621,16.6617,15.3200,0.0011,-1.0000
16.6666,1.0000,37.6802,6.3385,0.3696,16.6740,16.6604,8.5927,0.0012,-1.0000
16.6654,1.0000,37.6967,1.3056,4.5150,16.6654,16.6501,15.3146,0.0014,-1.0000
16.6677,1.0000,37.7134,7.1698,0.3166,16.6617,16.6662,9.7204,0.0014,-1.0000
16.6683,1.0000,37.7301,1.3402,5.4547,16.6703,16.6633,15.4214,0.0014,-1.0000
16.6638,1.0000,37.7468,8.0668,0.2893,16.6682,16.6485,10.0890,0.0012,-1.0000
16.6661,1.0000,37.7634,1.3339,4.8147,16.6577,16.6582,15.4716,0.0013,-1.0000
16.6692,1.0000,37.7801,6.9446,0.3061,16.6741,16.6683,8.1951,0.0010,-1.0000
16.6646,1.0000,37.7967,1.2401,4.3109,16.6716,16.6462,15.3732,0.0009,-1.0000
16.6685,1.0000,37.8134,6.5585,0.3008,16.6573,16.6685,10.3253,0.0010,-1.0000
16.6679,1.0000,37.8302,1.1854,5.6438,16.6666,16.6705,15.3246,0.0009,-1.0000
16.6643,1.0000,37.8468,8.4729,0.3038,16.6762,16.6395,9.8036,0.0012,-1.0000
16.6655,1.0000,37.8633,1.2717,4.2591,16.6534,16.6560,15.3642,0.0012,-1.0000
16.6710,1.0000,37.8803,6.3422,0.3733,16.6759,16.6750,8.0110,0.0010,-1.0000
16.6640,1.0000,37.8968,1.3450,4.1653,16.6802,16.6438,15.1078,0.0012,-1.0000
16.6678,1.0000,37.9135,6.8349,0.2890,16.6484,16.6651,9.9836,0.0010,-1.0000
16.6681,1.0000,37.9302,1.2909,5.9967,16.6621,16.6621,15.2888,0.0013,-1.0000
16.6649,1.0000,37.9468,8.6626,0.3779,16.6847,16.6497,9.3969,0.0012,-1.0000
16.6659,1.0000,37.9633,1.5347,4.5690,16.6542,16.6545,15.3257,0.0013,-1.0000
16.6695,1.0000,37.9801,6.6804,0.3225,16.6727,16.6660,10.0994,0.0009,-1.0000
16.6652,1.0000,37.9967,1.3719,5.2395,16.6718,16.6518,15.2692,0.0012,-1.0000
16.6669,1.0000,38.0135,7.2519,0.3725,16.6588,16.6635,9.9729,0.0013,-1.0000
16.6688,1.0000,38.0301,1.3276,4.3797,16.6623,16.6615,15.2339,0.0011,-1.0000
16.6633,1.0000,38.0468,6.5655,0.3801,16.6746,16.6473,8.6871,0.0010,-1.0000
16.6681,1.0000,38.0633,1.3814,4.5236,16.6601,16.6634,15.4472,0.0010,-1.0000
16.6675,1.0000,38.0802,6.6894,0.4094,16.6724,16.6630,9.9826,0.0012,-1.0000
16.6657,1.0000,38.0968,1.4266,5.5018,16.6709,16.6481,14.9520,0.0011,-1.0000
16.6666,1.0000,38.1134,7.9590,0.3325,16.6558,16.6582,9.4769,0.0011,-1.0000
16.6686,1.0000,38.1303,1.2150,4.3728,16.6712,16.7355,15.4476,0.0012,-1.0000
16.6641,1.0000,38.1468,6.6791,0.4390,16.6734,16.5797,7.3677,0.0011,-1.0000
16.6672,1.0000,38.1633,1.6949,4.5809,16.6575,16.6579,15.3012,0.0012,-1.0000
16.6679,1.0000,38.1803,7.1802,0.2997,16.6664,16.6696,9.9573,0.0010,-1.0000
16.6666,1.0000,38.1968,1.2865,5.1818,16.7458,16.6540,15.0996,0.0012,-1.0000
16.6648,1.0000,38.2135,9.2109,0.3539,16.5880,16.6516,9.9659,0.0011,-1.0000
16.6672,1.0000,38.2301,1.3552,4.8003,16.6645,16.6623,15.3379,0.0012,-1.0000
16.6696,1.0000,38.2468,6.7116,0.3800,16.6774,16.6670,8.9066,0.0012,-1.0000
16.6640,1.0000,38.2634,1.5530,4.3018,16.6634,16.6469,15.3832,0.0013,-1.0000
16.6678,1.0000,38.2801,6.6846,0.3655,16.6594,16.6668,10.2045,0.0013,-1.0000
16.6676,1.0000,38.2968,1.3230,5.4568,16.6698,16.6580,15.3750,0.0009,-1.0000
16.6641,1.0000,38.3134,7.7591,0.3463,16.6763,16.6467,9.8249,0.0012,-1.0000
16.6677,1.0000,38.3301,1.2622,4.3670,16.6546,16.6659,15.4536,0.0011,-1.0000
16.6691,1.0000,38.3470,6.4611,0.3341,16.6756,16.8372,9.9994,0.0008,-1.0000
16.6649,1.0000,38.3633,1.2819,4.4262,16.6667,16.4798,15.0890,0.0011,-1.0000
16.6664,1.0000,38.3801,6.8206,0.3403,16.6552,16.6568,9.7504,0.0009,-1.0000
16.6701,1.0000,38.3974,1.2109,4.3979,16.6743,16.6709,15.3434,0.0012,-1.0000
16.6632,1.0000,38.4135,6.8368,0.3267,16.8448,16.5578,7.7668,0.0009,-1.0000
16.6677,1.0000,38.4302,1.3895,4.4795,16.4881,16.6617,15.2210,0.0010,-1.0000
16.6673,1.0000,38.4468,6.9054,0.3225,16.6647,16.6583,9.8746,0.0014,-1.0000
16.6668,1.0000,38.4633,1.3262,5.6986,16.7285,16.6614,15.2894,0.0013,-1.0000
16.6651,1.0000,38.4801,8.7897,0.3701,16.6042,16.6533,10.0784,0.0011,-1.0000
16.6681,1.0000,38.4968,1.4397,4.5283,16.6693,16.6633,15.4306,0.0011,-1.0000
16.6667,1.0000,38.5135,6.7820,0.3140,16.6673,16.6565,8.2885,0.0012,-1.0000
16.6666,1.0000,38.5301,1.3705,4.1676,16.6706,16.6541,15.1642,0.0010,-1.0000
16.6674,1.0000,38.5468,6.5739,0.3071,16.6611,16.6635,10.2860,0.0012,-1.0000
16.6671,1.0000,38.5633,1.2315,5.4404,16.6715,16.6583,15.2546,0.0012,-1.0000
16.6647,1.0000,38.5801,8.3666,0.4140,16.6656,16.6484,10.0038,0.0013,-1.0000
16.6693,1.0000,38.5969,1.4889,4.7064,16.6628,16.6711,15.4709,0.0009,-1.0000
16.6664,1.0000,38.6135,6.3766,0.3725,16.6728,16.6608,8.0617,0.0013,-1.0000
16.6648,1.0000,38.6301,1.4024,4.3256,16.6675,16.6418,15.3175,0.0011,-1.0000
16.6665,1.0000,38.6468,6.6434,0.3381,16.6572,16.6576,10.0485,0.0011,-1.0000
16.7204,1.0000,38.6635,1.1992,5.7406,16.6783,16.7224,15.5439,0.0011,-1.0000
16.6640,1.0000,38.6802,8.5976,0.3126,16.6717,16.6464,10.0527,0.0012,-1.0000
16.6679,1.0000,38.6968,1.3230,4.4358,16.6511,16.6634,15.3117,0.0011,-1.0000
16.6677,1.0000,38.7135,6.6079,0.3475,16.6651,16.6593,9.8577,0.0010,-1.0000
16.6659,1.0000,38.7302,1.1771,4.9335,16.7319,16.6537,15.3181,0.0011,-1.0000
16.6676,1.0000,38.7468,6.5930,0.3324,16.6558,16.6621,10.0141,0.0009,-1.0000
16.6673,1.0000,38.7635,1.3506,5.1666,16.6713,16.6610,15.2600,0.0013,-1.0000
16.6639,1.0000,38.7802,6.8006,0.4154,16.6678,16.6483,7.0122,0.0014,-1.0000
16.6682,1.0000,38.7968,1.3341,4.8379,16.6622,16.6631,15.3810,0.0011,-1.0000
16.6677,1.0000,38.8135,6.6471,0.3651,16.6701,16.6598,9.9965,0.0012,-1.0000
16.6662,1.0000,38.8302,1.3994,5.3473,16.6712,16.6565,15.1551,0.0014,-1.0000
16.6653,1.0000,38.8469,9.6350,0.3159,16.6581,16.6550,10.1702,0.0013,-1.0000
16.8518,1.0000,38.8638,1.2811,4.4809,16.6699,16.8707,15.3386,0.0012,-1.0000
16.4836,1.0000,38.8802,6.6616,0.3798,16.6692,16.4482,8.5582,0.0013,-1.0000
16.6653,1.0000,38.8968,1.4997,4.4013,16.6652,16.6542,15.3134,0.0011,-1.0000
16.6686,1.0000,38.9137,6.4837,0.3163,16.6627,16.6693,9.8263,0.0012,-1.0000
16.6663,1.0000,38.9302,1.5310,5.3832,16.8804,16.6496,14.8823,0.0015,-1.0000
16.6643,1.0000,38.9468,7.8887,0.8537,16.4580,16.6485,9.9404,0.0011,-1.0000
16.6664,1.0000,38.9633,1.3394,5.2664,16.6627,16.6595,15.4042,0.0011,-1.0000
16.6699,1.0000,38.9803,6.8421,0.5126,16.6799,16.6726,9.0288,0.0013,-1.0000
16.6659,1.0000,38.9968,1.7658,4.5933,16.6592,16.6521,14.9867,0.0013,-1.0000
16.6663,1.0000,39.0136,6.7079,0.3882,16.6564,16.6564,10.2021,0.0011,-1.0000
16.6706,1.0000,39.0303,1.2542,5.3191,16.6661,16.6727,15.2979,0.0012,-1.0000
16.6619,1.0000,39.0469,7.6433,0.7058,16.6803,16.6358,8.1184,0.0015,-1.0000
16.6664,1.0000,39.0634,1.6644,4.2964,16.6622,16.6597,15.2983,0.0010,-1.0000
16.6695,1.0000,39.0803,6.4530,0.3614,16.6646,16.6674,10.1112,0.0009,-1.0000
16.6638,1.0000,39.0969,1.3731,5.3432,16.6850,16.6446,7.0693,0.0013,-1.0000
16.6678,1.0000,39.1135,8.5162,0.2906,16.6458,16.6633,15.3591,0.0011,-1.0000
16.6694,1.0000,39.1303,1.3604,4.3509,16.6656,16.6701,15.4178,0.0010,-1.0000
16.6655,1.0000,39.1469,6.5556,4.7464,16.6790,16.6513,8.5813,0.0012,-1.0000
16.6642,1.0000,39.1633,9.5739,0.3048,16.6541,16.6415,15.0570,0.0009,-1.0000
16.6681,1.0000,39.1802,1.3033,0.3334,16.6704,16.6644,9.7585,0.0010,-1.0000
16.6673,1.0000,39.1968,1.2511,6.1238,16.6793,16.6646,15.3164,0.0012,-1.0000
16.6660,1.0000,39.2135,8.0691,0.4096,16.6631,16.6546,8.7892,0.0011,-1.0000
16.6675,1.0000,39.2302,1.5832,4.2789,16.6510,16.6652,15.3586,0.0012,-1.0000
16.6687,1.0000,39.2469,6.9051,0.3422,16.6714,16.6617,9.5978,0.0013,-1.0000
16.6658,1.0000,39.2635,1.3470,5.4741,16.6722,16.6493,14.9196,0.0014,-1.0000
16.6662,1.0000,39.2802,7.8647,0.3966,16.6630,16.6558,8.8987,0.0012,-1.0000
16.6670,1.0000,39.2968,1.3053,4.7419,16.6734,16.6613,15.2440,0.0012,-1.0000
16.6668,1.0000,39.3135,7.0628,0.3863,16.6715,16.6551,8.2448,0.0013,-1.0000
16.6654,1.0000,39.3302,1.7282,5.1073,16.6593,16.6519,15.3794,0.0013,-1.0000
16.6680,1.0000,39.3469,7.7560,0.3359,16.6667,16.6668,10.1022,0.0011,-1.0000
16.6684,1.0000,39.3635,1.4159,5.7357,16.6711,16.6662,15.2070,0.0013,-1.0000
16.6642,1.0000,39.3802,8.4087,0.3096,16.6628,16.6418,9.9504,0.0012,-1.0000
16.6671,1.0000,39.3968,1.2712,4.3905,16.6601,16.6597,15.3164,0.0013,-1.0000
16.6684,1.0000,39.4136,6.5638,0.3845,16.6756,16.6675,9.2162,0.0014,-1.0000
16.6626,1.0000,39.4302,1.4576,4.4599,16.6763,16.6375,6.1511,0.0013,-1.0000
16.6699,1.0000,39.4469,6.6899,0.3261,16.6514,16.6713,15.3378,0.0011,-1.0000
16.6666,1.0000,39.4634,1.3420,5.0326,16.6684,16.6577,15.3973,0.0012,-1.0000
16.6682,1.0000,39.4802,7.4498,5.3587,16.6786,16.6612,7.0470,0.0012,-1.0000
16.6650,1.0000,39.4969,10.4853,0.3823,16.6471,16.6450,15.2505,0.0011,-1.0000
16.6671,1.0000,39.5136,1.3323,0.3513,16.6787,16.6620,8.9205,0.0010,-1.0000
16.6695,1.0000,39.5303,1.2590,7.0118,16.6674,16.6688,15.1457,0.0013,-1.0000
16.6640,1.0000,39.5469,9.6135,0.3413,16.6729,16.6404,8.0389,0.0012,-1.0000
16.6666,1.0000,39.5635,1.3936,5.3654,16.6558,16.7337,15.2180,0.0010,-1.0000
16.6672,1.0000,39.5803,7.7407,0.3797,16.6719,16.6783,9.9748,0.0012,-1.0000
16.6663,1.0000,39.5969,1.5216,5.8629,16.6810,16.6332,15.0703,0.0015,-1.0000
16.6674,1.0000,39.6136,8.6004,0.3840,16.6517,16.6585,9.2536,0.0012,-1.0000
16.6661,1.0000,39.6303,1.5149,4.1788,16.7439,16.7017,15.1109,0.0014,-1.0000
16.6683,1.0000,39.6469,6.7023,0.4962,16.6886,16.6107,8.8434,0.0012,-1.0000
16.6656,1.0000,39.6634,1.5614,4.6954,16.6420,16.6318,15.1389,0.0013,-1.0000
16.6664,1.0000,39.6803,7.4037,0.3894,16.6676,16.7077,9.0025,0.0011,-1.0000
16.6681,1.0000,39.6969,1.5894,5.3877,16.7108,16.5809,15.2014,0.0010,-1.0000
16.6647,1.0000,39.7135,7.7665,0.3583,16.6206,16.6517,8.1240,0.0012,-1.0000
16.6679,1.0000,39.7302,1.4921,5.3912,16.6412,16.6582,15.3892,0.0011,-1.0000
16.6655,1.0000,39.7468,7.7047,0.4034,16.7161,16.6529,9.1099,0.0016,-1.0000
16.6681,1.0000,39.7636,1.3785,6.0108,16.5909,16.6759,15.3758,0.0013,-1.0000
16.6660,1.0000,39.7802,8.5271,0.3465,16.6623,16.6426,9.7808,0.0013,-1.0000
16.6680,1.0000,39.7970,1.2679,5.1145,16.6668,16.7233,15.2533,0.0014,-1.0000
16.6657,1.0000,39.8136,7.5415,0.3481,16.6620,16.6022,8.9186,0.0014,-1.0000
16.6670,1.0000,39.8302,1.2988,4.7488,16.6855,16.6492,14.9775,0.0015,-1.0000
16.6651,1.0000,39.8469,6.8605,0.3767,16.6526,16.6544,9.8071,0.0011,-1.0000
16.7373,1.0000,39.8638,1.4687,4.6124,16.7324,16.7414,15.3346,0.0012,-1.0000
16.6644,1.0000,39.8802,7.6823,0.4267,16.6138,16.6327,7.9614,0.0015,-1.0000
16.6661,1.0000,39.8969,1.6701,4.7059,16.6605,16.6557,15.5026,0.0008,-1.0000
16.6693,1.0000,39.9136,6.8463,0.3826,16.6631,16.6717,10.2390,0.0012,-1.0000
16.6669,1.0000,39.9303,1.4056,5.6034,16.7518,16.6469,15.2277,0.0010,-1.0000
16.6646,1.0000,39.9469,8.6700,0.3508,16.6439,16.6574,9.4992,0.0011,-1.0000
16.6687,1.0000,39.9636,1.1524,4.3657,16.6623,16.6593,15.2987,0.0012,-1.0000
16.6661,1.0000,39.9801,6.4317,0.3711,16.6810,16.6668,8.4058,0.0010,-1.0000
16.6668,1.0000,39.9969,1.4184,4.5349,16.6565,16.6471,15.4645,0.0010,-1.0000
16.6674,1.0000,40.0137,7.1574,0.3650,16.6651,16.6701,9.8114,0.0013,-1.0000
16.6678,1.0000,40.0303,1.3593,5.6430,16.6677,16.6621,15.2359,0.0012,-1.0000
16.6642,1.0000,40.0469,8.2604,0.3671,16.6754,16.6468,9.5094,0.0010,-1.0000
16.6675,1.0000,40.0636,1.1814,4.2278,16.6554,16.6608,15.4400,0.0011,-1.0000
16.6700,1.0000,40.0805,6.8575,0.3163,16.6778,16.9962,9.8229,0.0012,-1.0000
16.6629,1.0000,40.0970,1.4249,5.1058,16.6710,16.3119,15.0640,0.0014,-1.0000
16.6675,1.0000,40.1136,7.1370,0.3270,16.6555,16.6601,9.5510,0.0013,-1.0000
16.6680,1.0000,40.1304,1.2196,5.3475,16.6692,16.7751,15.1608,0.0010,-1.0000
16.6655,1.0000,40.1469,7.1725,0.3867,17.0063,16.5366,8.7851,0.0012,-1.0000
16.6673,1.0000,40.1636,1.2466,4.4140,16.3204,16.6658,15.3171,0.0011,-1.0000
16.6669,1.0000,40.1803,7.1078,0.4074,16.6677,16.7294,9.3490,0.0009,-1.0000
16.6668,1.0000,40.1969,1.6136,5.0990,16.7867,16.5806,15.2098,0.0013,-1.0000
16.6658,1.0000,40.2136,7.7502,0.3304,16.5464,16.6596,9.9272,0.0013,-1.0000
16.6679,1.0000,40.2303,1.3474,4.4953,16.6743,16.6765,15.3925,0.0010,-1.0000
16.6655,1.0000,40.2470,7.3798,0.4090,16.7379,16.6817,8.5681,0.0012,-1.0000
16.6675,1.0000,40.2637,1.3695,4.4485,16.5894,16.6835,15.2094,0.0013,-1.0000
16.6679,1.0000,40.2804,6.7317,0.3206,16.6685,16.6712,9.2097,0.0012,-1.0000
16.6630,1.0000,40.2969,1.2829,5.5574,16.6843,16.6280,5.0204,0.0016,-1.0000
16.6675,1.0000,40.3136,8.1125,0.3608,16.6892,16.6794,15.2648,0.0010,-1.0000
16.6702,1.0000,40.3305,1.4727,4.4858,16.6921,16.6531,15.3749,0.0009,-1.0000
16.6653,1.0000,40.3470,7.4605,6.1451,16.6824,16.6355,8.1456,0.0012,-1.0000
16.6660,1.0000,40.3637,11.6063,0.3637,16.6376,16.7542,15.1374,0.0012,-1.0000
16.6686,1.0000,40.3803,1.4135,0.3145,16.6851,16.5859,9.8300,0.0013,-1.0000
16.6659,1.0000,40.3970,1.2775,5.0930,16.6624,16.6509,15.2719,0.0013,-1.0000
16.6653,1.0000,40.4137,8.4891,0.3660,16.6446,16.6732,9.3783,0.0012,-1.0000
16.6682,1.0000,40.4304,1.6156,4.4328,16.7624,16.5847,15.3343,0.0012,-1.0000
16.6666,1.0000,40.4470,6.7548,0.3587,16.5949,16.7250,7.7795,0.0011,-1.0000
16.6665,1.0000,40.4636,1.3776,4.5568,16.6604,16.6405,15.3397,0.0012,-1.0000
16.6676,1.0000,40.4803,7.2939,0.3377,16.6811,16.6601,9.6114,0.0011,-1.0000
16.7068,1.0000,40.4972,1.2489,5.3150,16.5922,16.7981,15.2421,0.0014,-1.0000
16.6646,1.0000,40.5138,8.9441,0.3627,16.7330,16.5554,8.8322,0.0011,-1.0000
16.6673,1.0000,40.5304,1.2996,4.6324,16.6491,16.6549,15.1168,0.0013,-1.0000
16.6669,1.0000,40.5470,7.0475,0.4458,16.6692,16.6696,8.1995,0.0011,-1.0000
16.6671,1.0000,40.5638,1.5545,5.4468,16.8083,16.6913,15.1719,0.0011,-1.0000
16.6659,1.0000,40.5802,7.7222,0.3282,16.5651,16.6053,9.2726,0.0014,-1.0000
16.6674,1.0000,40.5971,1.5370,5.7018,16.6644,16.6622,15.4324,0.0012,-1.0000
16.6655,1.0000,40.6138,8.4694,0.3395,16.6777,16.7635,9.0192,0.0012,-1.0000
16.6681,1.0000,40.6303,1.5184,4.3489,16.6997,16.5418,15.1572,0.0012,-1.0000
16.6674,1.0000,40.6471,7.3316,0.3715,16.6139,16.6807,8.6258,0.0010,-1.0000
16.6663,1.0000,40.6637,1.2283,4.9968,16.6697,16.6408,15.2087,0.0010,-1.0000
16.6699,1.0000,40.6804,7.7431,0.4384,16.7718,16.6425,9.9249,0.0012,-1.0000
16.6642,1.0000,40.6970,1.3837,4.8120,16.5513,16.6375,15.3068,0.0011,-1.0000
16.6633,1.0000,40.7136,8.0538,0.3523,16.6908,16.6419,6.7604,0.0014,-1.0000
16.6684,1.0000,40.7303,1.4313,4.4678,16.6501,16.6691,15.4456,0.0011,-1.0000
16.6676,1.0000,40.7470,6.7159,0.3399,16.6546,16.6576,9.7633,0.0012,-1.0000
16.6665,1.0000,40.7637,1.3295,6.4234,16.6475,16.6633,15.2108,0.0011,-1.0000
16.6656,1.0000,40.7802,9.8804,0.3177,16.6505,16.6837,9.9735,0.0015,-1.0000
16.6664,1.0000,40.7970,1.2223,4.4749,16.6767,16.7013,15.4071,0.0012,-1.0000
16.6683,1.0000,40.8137,6.8929,0.4003,16.6656,16.6645,9.1386,0.0011,-1.0000
16.6663,1.0000,40.8303,1.4513,4.1816,16.6715,16.6184,15.2607,0.0013,-1.0000
16.6675,1.0000,40.8472,6.7087,0.3401,16.6923,16.7148,9.5237,0.0012,-1.0000
16.6663,1.0000,40.8637,1.2930,4.9331,16.7088,16.6390,14.7499,0.0013,-1.0000
16.6666,1.0000,40.8802,7.5251,0.3690,16.6732,16.6148,9.6585,0.0011,-1.0000
16.6665,1.0000,40.8970,1.3564,4.7888,16.6267,16.6583,15.4530,0.0010,-1.0000
16.6674,1.0000,40.9137,7.1900,0.3968,16.7244,16.7174,8.3520,0.0012,-1.0000
16.6637,1.0000,40.9303,1.8880,4.5036,16.6487,16.5512,15.3471,0.0011,-1.0000
16.6687,1.0000,40.9470,6.9552,0.3706,16.6242,16.6733,10.0320,0.0012,-1.0000
16.6681,1.0000,40.9637,1.2042,5.4020,16.6670,16.6681,15.3777,0.0010,-1.0000
16.6649,1.0000,40.9802,8.3644,0.3581,16.7254,16.6554,9.7436,0.0010,-1.0000
16.6675,1.0000,40.9970,1.2028,4.3569,16.5589,16.6457,15.4373,0.0013,-1.0000
16.6673,1.0000,41.0140,6.6406,0.3602,16.6819,16.6653,8.2622,0.0013,-1.0000
16.6647,1.0000,41.0303,1.2892,4.5668,16.6777,16.5004,14.6801,0.0014,-1.0000
16.6678,1.0000,41.0470,6.9108,0.3605,16.6649,16.6150,9.9084,0.0011,-1.0000
16.6689,1.0000,41.0638,1.2073,5.8039,16.6537,16.7661,15.1786,0.0011,-1.0000
16.6650,1.0000,41.0802,8.4017,0.4272,16.8656,16.5506,9.1265,0.0012,-1.0000
16.6668,1.0000,41.0971,1.8192,4.2876,16.5087,16.6642,15.3576,0.0012,-1.0000
16.6673,1.0000,41.1137,6.7054,0.3463,16.6225,16.6550,9.3878,0.0012,-1.0000
16.6671,1.0000,41.1303,1.5861,4.6366,16.7760,16.6560,15.2420,0.0014,-1.0000
16.6659,1.0000,41.1470,7.4228,0.4503,16.5602,16.6517,9.8697,0.0012,-1.0000
16.6677,1.0000,41.1638,1.3051,4.6760,16.6728,16.7588,15.3954,0.0011,-1.0000
16.6641,1.0000,41.1802,7.2659,0.4118,16.6655,16.5530,8.6150,0.0011,-1.0000
16.6677,1.0000,41.1970,1.4123,4.3426,16.6653,16.6701,15.4080,0.0013,-1.0000
16.6917,1.0000,41.2144,6.7808,0.3356,16.6602,16.6981,9.5743,0.0014,-1.0000
16.6654,1.0000,41.2304,1.3623,5.5423,16.7686,16.6455,14.4604,0.0013,-1.0000
16.6665,1.0000,41.2470,7.9369,0.3084,16.5618,16.6521,9.3227,0.0010,-1.0000
16.6693,1.0000,41.2639,1.2608,4.6598,16.6779,16.6745,15.3790,0.0014,-1.0000
16.6644,1.0000,41.2803,7.1226,0.3837,16.7084,16.6399,9.1498,0.0013,-1.0000
16.6644,1.0000,41.2969,2.1836,4.7229,16.6553,16.6436,15.2936,0.0010,-1.0000
16.6710,1.0000,41.3138,7.3283,0.3849,16.6610,16.7548,10.0001,0.0010,-1.0000
16.6644,1.0000,41.3303,1.2937,4.7358,16.6854,16.5638,14.9977,0.0011,-1.0000
16.6652,1.0000,41.3470,7.4889,0.3542,16.6525,16.6558,9.5955,0.0012,-1.0000
16.6687,1.0000,41.3639,1.3489,4.4572,16.6514,16.7332,15.3061,0.0011,-1.0000
16.6664,1.0000,41.3802,6.7536,0.4496,16.7643,16.5907,7.1706,0.0013,-1.0000
16.6652,1.0000,41.3970,1.5650,4.6368,16.5748,16.6426,15.4727,0.0011,-1.0000
16.6693,1.0000,41.4137,7.0592,0.3434,16.6644,16.7385,9.9968,0.0009,-1.0000
16.6669,1.0000,41.4304,1.4259,6.3983,16.7429,16.5968,15.0378,0.0012,-1.0000
16.6641,1.0000,41.4470,9.4189,0.3301,16.5983,16.6526,9.3690,0.0016,-1.0000
16.6701,1.0000,41.4637,1.1686,4.5603,16.6505,16.6705,15.3981,0.0013,-1.0000
16.6656,1.0000,41.4803,6.7408,0.4037,16.7465,16.6913,8.1717,0.0013,-1.0000
16.6663,1.0000,41.4970,1.5576,4.5092,16.6047,16.6664,15.4577,0.0010,-1.0000
16.6666,1.0000,41.5139,7.2822,0.4360,16.6604,16.6663,9.7708,0.0012,-1.0000
16.6677,1.0000,41.5304,1.2710,5.5972,16.6801,16.6599,14.9729,0.0013,-1.0000
16.6650,1.0000,41.5471,8.5182,0.3746,16.7010,16.6808,9.8621,0.0010,-1.0000
16.6676,1.0000,41.5638,1.2075,4.5695,16.6750,16.6102,15.2781,0.0014,-1.0000
16.6672,1.0000,41.5802,6.8946,0.3751,16.6763,16.6516,7.7952,0.0012,-1.0000
16.6646,1.0000,41.5972,1.6853,4.4829,16.6680,16.7630,15.4975,0.0010,-1.0000
16.6676,1.0000,41.6137,6.8174,0.3285,16.6895,16.5565,9.4422,0.0011,-1.0000
16.6867,1.0000,41.6305,1.3305,5.7444,16.6196,16.7292,15.2985,0.0011,-1.0000
16.6632,1.0000,41.6471,8.8552,0.3189,16.6603,16.6334,9.6978,0.0013,-1.0000
16.6673,1.0000,41.6637,1.2643,5.3080,16.7724,16.5895,15.3307,0.0011,-1.0000
16.6694,1.0000,41.6804,7.1136,0.3541,16.5649,16.7296,8.4194,0.0011,-1.0000
16.6646,1.0000,41.6971,1.4295,4.4580,16.7386,16.6335,15.0283,0.0011,-1.0000
16.6663,1.0000,41.7137,6.9345,0.3762,16.6428,16.6460,9.3581,0.0013,-1.0000
16.6689,1.0000,41.7306,1.2575,5.8099,16.5962,16.7271,15.3135,0.0011,-1.0000
16.6653,1.0000,41.7471,8.3090,0.4237,16.7388,16.5968,8.9329,0.0014,-1.0000
16.6655,1.0000,41.7637,1.6049,4.9546,16.6441,16.6437,15.0901,0.0013,-1.0000
16.6693,1.0000,41.7804,7.2866,0.3454,16.6539,16.7007,9.5325,0.0010,-1.0000
16.6683,1.0000,41.7972,1.4126,4.8615,16.7385,16.7082,15.1733,0.0012,-1.0000
16.6624,1.0000,41.8137,7.6625,0.3784,16.6070,16.5637,8.8156,0.0013,-1.0000
16.6689,1.0000,41.8306,1.5521,4.5898,16.6514,16.6678,15.3458,0.0012,-1.0000
16.6678,1.0000,41.8473,7.1674,0.4705,16.7094,16.8095,8.2330,0.0012,-1.0000
16.6653,1.0000,41.8637,1.5337,5.1344,16.7211,16.4857,14.8618,0.0016,-1.0000
16.6669,1.0000,41.8803,7.7470,0.3449,16.5726,16.6889,9.6852,0.0011,-1.0000
16.6680,1.0000,41.8971,1.3203,4.9245,16.6755,16.6592,15.0692,0.0012,-1.0000
16.6630,1.0000,41.9136,8.5763,0.3987,16.8210,16.5863,9.5673,0.0015,-1.0000
16.6683,1.0000,41.9304,1.6220,4.6391,16.4961,16.6602,15.4875,0.0012,-1.0000
16.6679,1.0000,41.9470,7.0025,0.4275,16.6991,16.6669,9.3732,0.0011,-1.0000
16.6666,1.0000,41.9637,1.5885,4.5973,16.6694,16.6586,15.2807,0.0010,-1.0000
16.6655,1.0000,41.9802,7.0178,0.3184,16.5956,16.6541,10.0786,0.0012,-1.0000
16.6682,1.0000,41.9971,1.1713,5.0426,16.6681,16.6648,15.4443,0.0011,-1.0000
16.6660,1.0000,42.0137,7.2924,0.4189,16.6754,16.6796,8.0721,0.0013,-1.0000
16.6659,1.0000,42.0303,1.3764,5.0368,16.6677,16.6240,15.2618,0.0012,-1.0000
16.6671,1.0000,42.0470,6.5744,0.3740,16.6629,16.6483,9.8407,0.0009,-1.0000
16.6669,1.0000,42.0636,1.2192,5.7892,16.6739,16.6576,15.3186,0.0012,-1.0000
16.6660,1.0000,42.0802,8.6065,0.3486,16.6888,16.6570,9.7013,0.0010,-1.0000
16.6683,1.0000,42.0971,1.3610,4.6019,16.6312,16.6932,15.3741,0.0012,-1.0000
16.6657,1.0000,42.1136,6.8067,0.3980,16.6565,16.6277,8.6809,0.0013,-1.0000
16.6654,1.0000,42.1303,1.3378,5.0815,16.6654,16.6498,15.3533,0.0011,-1.0000
16.6678,1.0000,42.1470,6.9554,0.3786,16.6644,16.6650,10.0701,0.0010,-1.0000
16.6676,1.0000,42.1636,1.3176,5.3994,16.7006,16.6635,15.2807,0.0013,-1.0000
16.6664,1.0000,42.1803,7.9455,0.3946,16.6362,16.6571,9.8736,0.0012,-1.0000
16.6678,1.0000,42.1971,1.2954,4.5137,16.6573,16.6605,15.2879,0.0012,-1.0000
16.6666,1.0000,42.2137,6.5939,0.4110,16.6719,16.6205,7.0072,0.0016,-1.0000
16.6658,1.0000,42.2304,1.3813,4.5006,16.6713,16.6503,15.4142,0.0009,-1.0000
16.6658,1.0000,42.2470,6.7823,0.4409,16.6659,16.6525,9.4630,0.0013,-1.0000
16.6674,1.0000,42.2638,1.3712,5.7305,16.6717,16.6695,5.4685,0.0011,-1.0000
16.6656,1.0000,42.2802,9.6119,0.3181,16.6671,16.6505,15.1956,0.0013,-1.0000
16.6685,1.0000,42.2970,1.2352,4.5360,16.6604,16.6648,15.4367,0.0010,-1.0000
16.6677,1.0000,42.3258,7.1882,5.5112,16.6603,28.6672,8.0588,0.0014,-1.0000
20.4083,1.0000,42.3341,11.1999,0.3520,16.6773,8.4005,0.0012,0.0011,-1.0000
16.4908,1.0000,42.3506,1.4538,0.3532,16.6577,16.4734,15.0286,0.0008,-1.0000
16.6668,1.0000,42.3674,1.2271,5.8531,16.6737,16.6610,9.2546,0.0011,-1.0000
16.6638,1.0000,42.3839,20.6077,4.5567,28.6781,16.6408,15.1064,0.0012,-1.0000
16.6684,1.0000,42.4005,8.3983,0.4231,8.4072,16.6662,10.0000,0.0009,-1.0000
16.6672,1.0000,42.4173,1.4439,5.3048,16.4837,16.6628,15.4220,0.0012,-1.0000
16.6662,1.0000,42.4340,7.4057,0.3686,16.6713,16.6537,9.4456,0.0011,-1.0000
16.6672,1.0000,42.4506,1.5330,4.3764,16.6483,16.6592,15.3291,0.0013,-1.0000
16.6677,1.0000,42.4673,6.6654,0.4255,16.6732,16.6611,9.1043,0.0012,-1.0000
16.6656,1.0000,42.4839,1.2396,4.6670,16.6715,16.6504,15.1777,0.0013,-1.0000
16.6665,1.0000,42.5005,7.2071,0.3752,16.6630,16.6606,9.9257,0.0014,-1.0000
16.6700,1.0000,42.5175,1.3288,4.7993,16.6688,16.6659,15.4080,0.0011,-1.0000
16.6645,1.0000,42.5339,7.5557,0.4146,16.6696,16.6510,8.9432,0.0011,-1.0000
16.6665,1.0000,42.5506,1.4713,4.5694,16.6590,16.6572,15.3186,0.0011,-1.0000
16.6677,1.0000,42.5675,6.7336,0.3359,16.6700,16.6636,9.8240,0.0010,-1.0000
16.6665,1.0000,42.5839,1.2566,4.8583,16.6761,16.6516,14.8694,0.0011,-1.0000
16.6659,1.0000,42.6006,7.7066,0.4201,16.6611,16.6522,9.7482,0.0015,-1.0000
16.6664,1.0000,42.6172,1.3372,4.5976,16.6654,16.6620,15.2088,0.0011,-1.0000
16.6685,1.0000,42.6340,6.8385,0.4476,16.6751,16.6598,8.3654,0.0010,-1.0000
16.6650,1.0000,42.6506,1.7811,4.6135,16.6613,16.6561,15.1997,0.0015,-1.0000
16.6697,1.0000,42.6674,6.9023,0.3464,16.6604,16.6677,9.6885,0.0012,-1.0000
16.6764,1.0000,42.6841,1.4520,4.8914,16.6695,16.6593,14.7094,0.0012,-1.0000
16.6655,1.0000,42.7005,8.2933,0.3447,16.6671,16.6524,9.5448,0.0012,-1.0000
16.6665,1.0000,42.7173,1.4549,4.6137,16.6657,16.6600,15.2764,0.0017,-1.0000
16.6669,1.0000,42.7339,6.9782,0.3743,16.6792,16.6583,7.8500,0.0016,-1.0000
16.6647,1.0000,42.7505,1.9484,4.9574,16.6695,16.6499,15.4972,0.0008,-1.0000
16.6704,1.0000,42.7674,7.1067,0.4333,16.6605,16.6774,10.1422,0.0011,-1.0000
16.6662,1.0000,42.7840,1.3819,5.7875,16.6687,16.6532,15.1186,0.0016,-1.0000
16.6646,1.0000,42.8005,8.8065,0.4129,16.6668,16.6484,9.5259,0.0012,-1.0000
16.6677,1.0000,42.8173,1.1519,4.4431,16.6566,16.6603,15.3569,0.0014,-1.0000
16.6682,1.0000,42.8340,6.5346,0.3556,16.6863,16.6681,8.8268,0.0011,-1.0000
16.6648,1.0000,42.8507,1.5330,4.6991,16.6634,16.6447,15.0141,0.0011,-1.0000
16.6671,1.0000,42.8672,7.1215,0.3794,16.6569,16.6594,9.6650,0.0012,-1.0000
16.6678,1.0000,42.8840,1.3020,5.3691,16.6688,16.6660,15.2694,0.0011,-1.0000
16.6638,1.0000,42.9005,7.8407,0.4060,16.6784,16.6464,8.4377,0.0011,-1.0000
16.6686,1.0000,42.9172,1.6295,4.5978,16.6537,16.6635,15.4139,0.0014,-1.0000
16.6677,1.0000,42.9341,6.9936,0.3367,16.6668,16.6624,9.8631,0.0012,-1.0000
16.6660,1.0000,42.9506,1.3953,5.6891,16.6748,16.6555,14.9187,0.0013,-1.0000
16.6668,1.0000,42.9672,8.2080,0.3749,16.6555,16.6559,9.6120,0.0012,-1.0000
16.6680,1.0000,42.9840,1.2480,4.4505,16.6712,16.6646,15.2742,0.0011,-1.0000
16.6648,1.0000,43.0005,6.7978,0.4479,16.6721,16.6519,8.8318,0.0012,-1.0000
16.6755,1.0000,43.0173,1.7355,4.7171,16.6648,16.6642,15.5114,0.0010,-1.0000
16.6679,1.0000,43.0340,7.0428,0.3607,16.6644,16.6627,9.7729,0.0012,-1.0000
16.6666,1.0000,43.0506,1.3892,5.3270,16.6746,16.6570,15.1932,0.0012,-1.0000
16.6651,1.0000,43.0674,7.8189,0.4001,16.6610,16.6563,9.3818,0.0015,-1.0000
16.6679,1.0000,43.0839,1.1515,4.4802,16.6725,16.6562,15.2000,0.0013,-1.0000
16.6665,1.0000,43.1006,6.8888,0.3911,16.6724,16.6742,7.8654,0.0010,-1.0000
16.6656,1.0000,43.1172,1.4625,5.6026,16.6662,16.6366,15.3729,0.0011,-1.0000
16.6680,1.0000,43.1345,7.2733,0.3646,16.6665,16.6644,9.8543,0.0011,-1.0000
16.6670,1.0000,43.1506,1.4550,5.1356,16.6643,16.6598,14.4722,0.0014,-1.0000
16.6658,1.0000,43.1673,8.8076,0.3878,16.6822,16.6570,9.8265,0.0011,-1.0000
16.6677,1.0000,43.1841,1.2623,4.3605,16.6430,16.6646,15.3168,0.0012,-1.0000
16.6675,1.0000,43.2005,6.8087,0.3871,16.6718,16.6576,9.5834,0.0011,-1.0000
16.6655,1.0000,43.2173,2.1863,4.9926,16.6682,16.6530,15.2602,0.0012,-1.0000
16.6659,1.0000,43.2339,6.8299,0.3335,16.6648,16.6566,10.0643,0.0012,-1.0000
16.6687,1.0000,43.2507,1.3463,6.1581,16.6722,16.6678,15.3443,0.0012,-1.0000
16.6656,1.0000,43.2674,7.0733,0.3852,16.6668,16.6511,8.1323,0.0012,-1.0000
16.6669,1.0000,43.2839,1.3914,4.2054,16.6615,16.6586,15.2985,0.0011,-1.0000
16.6681,1.0000,43.3005,6.5908,0.3469,16.6644,16.6677,9.8173,0.0011,-1.0000
16.6659,1.0000,43.3173,1.3222,5.5913,16.6779,16.6509,15.1904,0.0011,-1.0000
16.6653,1.0000,43.3339,8.5176,0.3838,16.6602,16.6529,9.5472,0.0013,-1.0000
16.6695,1.0000,43.3509,1.3590,4.5335,16.6660,16.7115,15.4155,0.0013,-1.0000
16.6643,1.0000,43.3674,6.8497,0.4472,16.6775,16.6071,7.4822,0.0012,-1.0000
16.6669,1.0000,43.3839,1.4592,4.6483,16.6596,16.6539,15.1417,0.0012,-1.0000
16.6676,1.0000,43.4005,7.1049,0.3406,16.6610,16.6663,9.2466,0.0011,-1.0000
16.6667,1.0000,43.4172,1.2945,5.6057,16.7220,16.6541,15.3660,0.0012,-1.0000
16.6665,1.0000,43.4340,9.1238,0.3503,16.6160,16.6555,9.6884,0.0012,-1.0000
16.6659,1.0000,43.4506,1.5108,4.9924,16.6617,16.6570,15.3040,0.0012,-1.0000
16.6678,1.0000,43.4673,7.4190,0.4412,16.6756,16.6650,8.7946,0.0013,-1.0000
16.6651,1.0000,43.4839,1.2867,4.8361,16.6631,16.6485,15.3427,0.0013,-1.0000
16.6678,1.0000,43.5005,6.9660,0.4112,16.6646,16.6665,9.6307,0.0012,-1.0000
16.6696,1.0000,43.5174,1.3519,5.2128,16.6645,16.6638,15.3560,0.0013,-1.0000
16.6632,1.0000,43.5340,7.8691,0.3609,16.6744,16.6472,9.1032,0.0013,-1.0000
16.6676,1.0000,43.5507,1.3042,4.8438,16.6562,16.6594,15.3274,0.0010,-1.0000
16.6672,1.0000,43.5673,7.0349,0.4199,16.6750,16.6581,8.8759,0.0012,-1.0000
16.6802,1.0000,43.5839,1.3062,4.7862,16.6736,16.6720,15.2549,0.0011,-1.0000
16.6655,1.0000,43.6006,7.5429,0.3830,16.6565,16.6584,9.9374,0.0012,-1.0000
16.6693,1.0000,43.6174,1.3310,5.1098,16.6680,16.6624,15.3521,0.0012,-1.0000
16.6642,1.0000,43.6339,7.7810,0.3609,16.6663,16.6504,7.8942,0.0011,-1.0000
16.6668,1.0000,43.6506,1.4159,4.5861,16.6808,16.6597,15.4052,0.0016,-1.0000
16.6690,1.0000,43.6673,6.7207,0.3787,16.6666,16.6653,9.4157,0.0012,-1.0000
16.6665,1.0000,43.6840,1.3093,6.0110,16.6703,16.6521,15.2606,0.0009,-1.0000
16.6648,1.0000,43.7005,8.7553,0.3811,16.6583,16.6576,9.7925,0.0010,-1.0000
16.7765,1.0000,43.7178,1.2529,4.5621,16.6677,16.8076,15.5337,0.0011,-1.0000
16.6649,1.0000,43.7340,7.2485,0.3726,16.6738,16.5273,8.0246,0.0012,-1.0000
16.6667,1.0000,43.7507,1.3901,4.4777,16.6612,16.6566,15.4430,0.0012,-1.0000
16.6685,1.0000,43.7678,6.8645,0.3756,16.6656,16.6691,9.5121,0.0013,-1.0000
16.6661,1.0000,43.7841,1.2727,5.2736,16.8167,16.6429,14.7128,0.0012,-1.0000
16.6652,1.0000,43.8006,8.5016,0.3248,16.6269,16.6585,9.8220,0.0012,-1.0000
16.6697,1.0000,43.8175,1.2124,4.2968,16.6657,16.6689,15.4634,0.0010,-1.0000
16.6634,1.0000,43.8341,7.1559,0.4578,16.6802,16.6462,8.6431,0.0012,-1.0000
16.6677,1.0000,43.8508,1.9286,4.4497,16.6533,16.6562,15.2669,0.0013,-1.0000
16.6681,1.0000,43.8676,6.8351,0.3272,16.6669,16.6676,10.0162,0.0009,-1.0000
16.6667,1.0000,43.8840,1.2042,5.4778,16.6777,16.6491,14.5747,0.0015,-1.0000
16.6658,1.0000,43.9006,8.0025,0.3630,16.6564,16.6562,9.8812,0.0011,-1.0000
16.6680,1.0000,43.9174,1.3880,4.3859,16.6644,16.6650,15.4290,0.0011,-1.0000
16.6668,1.0000,43.9341,6.6503,0.6527,16.6770,16.6587,8.2482,0.0013,-1.0000
16.6641,1.0000,43.9507,2.0734,4.5247,16.6580,16.6491,15.2760,0.0012,-1.0000
16.6694,1.0000,43.9675,6.7738,0.3961,16.6639,16.6723,9.7671,0.0011,-1.0000
16.6665,1.0000,43.9841,1.2347,5.7180,16.6740,16.6501,15.1395,0.0013,-1.0000
16.6650,1.0000,44.0007,8.4091,0.2987,16.6667,16.6535,10.0300,0.0012,-1.0000
16.6681,1.0000,44.0175,1.3716,4.5196,16.6568,16.6678,15.2613,0.0013,-1.0000
16.6671,1.0000,44.0341,6.9045,0.4036,16.6815,16.6556,8.4684,0.0011,-1.0000
16.6646,1.0000,44.0507,1.5089,4.7420,16.6613,16.6461,15.2167,0.0010,-1.0000
16.6677,1.0000,44.0674,6.6222,0.4026,16.6612,16.6680,10.0765,0.0012,-1.0000
16.6675,1.0000,44.0840,1.4050,5.6221,16.6766,16.6591,14.9990,0.0012,-1.0000
16.6660,1.0000,44.1007,8.1860,0.3485,16.6650,16.6541,10.2134,0.0011,-1.0000
16.6682,1.0000,44.1175,1.4283,4.3278,16.6541,16.6647,15.2621,0.0009,-1.0000
16.6663,1.0000,44.1341,6.5906,0.4522,16.6761,16.6538,7.2490,0.0012,-1.0000
16.6655,1.0000,44.1508,1.6590,4.1541,16.6685,16.6510,15.3438,0.0011,-1.0000
16.6664,1.0000,44.1674,6.4396,0.3813,16.6635,16.6560,9.8330,0.0016,-1.0000
16.6682,1.0000,44.1841,1.4020,5.7748,16.6754,16.6662,15.3604,0.0011,-1.0000
16.6645,1.0000,44.2006,9.4036,0.3300,16.6642,16.6483,9.8410,0.0014,-1.0000
16.6671,1.0000,44.2175,1.3061,4.5006,16.6609,16.6593,15.5733,0.0010,-1.0000
16.6698,1.0000,44.2341,6.8215,0.3258,16.6630,16.6718,9.6996,0.0012,-1.0000
16.6635,1.0000,44.2508,1.3044,4.2915,16.6745,16.6450,15.1662,0.0010,-1.0000
16.6712,1.0000,44.2676,6.8059,0.3549,16.6572,16.6720,10.1920,0.0012,-1.0000
16.6655,1.0000,44.2841,1.0853,5.2313,16.6665,16.6524,15.0613,0.0012,-1.0000
16.6642,1.0000,44.3006,6.9713,0.3929,16.6815,16.6472,9.3986,0.0011,-1.0000
16.6663,1.0000,44.3174,1.4778,4.7587,16.6540,16.6928,15.4526,0.0010,-1.0000
16.6699,1.0000,44.3343,6.4790,0.3208,16.6812,16.6776,9.8251,0.0008,-1.0000
16.6666,1.0000,44.3509,1.5899,4.8734,16.6620,16.6167,15.0298,0.0009,-1.0000
16.6655,1.0000,44.3675,7.2476,0.3444,16.6554,16.6551,9.4238,0.0011,-1.0000
16.6699,1.0000,44.3842,1.2392,4.7746,16.6991,16.6667,15.2884,0.0013,-1.0000
16.6619,1.0000,44.4006,6.8517,0.3788,16.6860,16.6385,8.2652,0.0012,-1.0000
16.6662,1.0000,44.4173,1.5859,4.4254,16.6257,16.6561,15.5325,0.0010,-1.0000
16.6710,1.0000,44.4342,7.2300,0.3676,16.6643,16.6762,10.0165,0.0011,-1.0000
16.6659,1.0000,44.4508,1.3768,5.1502,16.6773,16.6536,14.9147,0.0014,-1.0000
16.6662,1.0000,44.4674,8.3724,0.3619,16.6489,16.6542,9.6273,0.0012,-1.0000
16.6684,1.0000,44.4841,1.1225,4.2734,16.6617,16.6671,15.1668,0.0012,-1.0000
16.6633,1.0000,44.5007,6.6585,0.3750,16.6855,16.6413,8.1009,0.0014,-1.0000
16.6676,1.0000,44.5175,1.7372,4.5137,16.6635,16.6548,15.4128,0.0012,-1.0000
16.6676,1.0000,44.5341,7.0254,0.3089,16.6636,16.6654,9.7711,0.0014,-1.0000
16.6669,1.0000,44.5507,1.4989,5.2148,16.6791,16.6608,15.4338,0.0013,-1.0000
16.6649,1.0000,44.5675,8.5398,0.3343,16.6521,16.6535,9.9655,0.0013,-1.0000
16.6720,1.0000,44.5843,1.2406,4.5304,16.6622,16.6758,15.1513,0.0014,-1.0000
16.6641,1.0000,44.6008,6.8932,0.3694,16.6734,16.6375,8.1397,0.0013,-1.0000
16.6649,1.0000,44.6174,1.2255,4.5737,16.6696,16.6512,15.3393,0.0011,-1.0000
16.6671,1.0000,44.6341,6.6870,0.3976,16.6631,16.6586,9.7714,0.0011,-1.0000
16.6677,1.0000,44.6507,1.5228,5.7691,16.6882,16.6649,15.2622,0.0014,-1.0000
16.6652,1.0000,44.6674,8.4966,0.3703,16.6475,16.6493,10.1008,0.0012,-1.0000
16.6673,1.0000,44.6842,1.3108,4.6054,16.6606,16.6616,15.4160,0.0011,-1.0000
16.6684,1.0000,44.7007,6.8860,0.3389,16.6672,16.6697,7.9841,0.0012,-1.0000
16.6651,1.0000,44.7174,1.4012,4.2032,16.6733,16.6439,15.0321,0.0013,-1.0000
16.6675,1.0000,44.7342,6.5475,0.3829,16.6574,16.6648,10.0264,0.0011,-1.0000
16.6666,1.0000,44.7508,1.2442,5.6425,16.6697,16.6545,15.2471,0.0014,-1.0000
16.6649,1.0000,44.7675,8.6846,0.3954,16.6791,16.6533,8.1869,0.0010,-1.0000
16.6669,1.0000,44.7841,1.6103,4.9071,16.6522,16.6630,15.2704,0.0011,-1.0000
16.6692,1.0000,44.8007,6.6373,0.4049,16.6738,16.6646,10.0117,0.0011,-1.0000
16.6659,1.0000,44.8174,1.4061,6.0031,16.6640,16.6551,15.1349,0.0009,-1.0000
16.6661,1.0000,44.8341,8.4656,0.3334,16.6609,16.6583,9.5971,0.0011,-1.0000
16.7429,1.0000,44.8509,1.3914,4.3739,16.6695,16.7347,15.3625,0.0010,-1.0000
16.6665,1.0000,44.8674,6.6518,0.5821,16.6729,16.6596,8.9301,0.0013,-1.0000
16.6639,1.0000,44.8841,1.5193,4.3551,16.6638,16.6448,15.3961,0.0011,-1.0000
16.6695,1.0000,44.9007,7.0600,0.4148,16.6663,16.6736,10.0166,0.0012,-1.0000
16.6674,1.0000,44.9175,1.3710,5.1494,16.7442,16.6530,15.4758,0.0010,-1.0000
16.6643,1.0000,44.9341,7.7282,0.3744,16.6699,16.6497,9.5809,0.0012,-1.0000
16.6678,1.0000,44.9508,1.2477,4.3988,16.6526,16.6605,15.3266,0.0011,-1.0000
16.6682,1.0000,44.9678,6.6558,0.3304,16.6829,16.6692,8.7626,0.0013,-1.0000
16.6656,1.0000,44.9841,1.1756,4.5499,16.6634,16.6477,14.9925,0.0010,-1.0000
16.6667,1.0000,45.0007,7.0676,0.3929,16.6590,16.6578,9.9558,0.0013,-1.0000
16.6667,1.0000,45.0175,1.3331,4.9885,16.6688,16.6587,15.2687,0.0015,-1.0000
16.6650,1.0000,45.0341,7.9055,0.3232,16.6796,16.6508,9.7759,0.0011,-1.0000
16.6675,1.0000,45.0507,1.6538,4.6599,16.6572,16.6628,15.4647,0.0012,-1.0000
16.7296,1.0000,45.0679,6.7011,0.4357,16.6668,17.0464,9.9818,0.0011,-1.0000
16.6661,1.0000,45.0843,1.3883,4.1972,16.6663,16.4657,14.8155,0.0010,-1.0000
16.6666,1.0000,45.1008,6.8740,0.3038,16.6589,16.5224,9.8149,0.0013,-1.0000
16.6672,1.0000,45.1175,1.1968,4.9607,16.6705,16.6623,15.3056,0.0014,-1.0000
16.6661,1.0000,45.1343,7.0636,0.4133,17.0578,16.6567,8.8797,0.0013,-1.0000
16.6634,1.0000,45.1507,1.6494,4.4942,16.4763,16.6426,15.2291,0.0011,-1.0000
16.6701,1.0000,45.1675,6.7064,0.3595,16.5306,16.6693,10.2935,0.0007,-1.0000
16.6665,1.0000,45.1843,1.3553,4.7163,16.6720,16.6591,15.4212,0.0011,-1.0000
16.6664,1.0000,45.2008,7.7758,0.3718,16.6667,16.6582,8.9666,0.0010,-1.0000
16.6679,1.0000,45.2175,1.4122,4.2244,16.6495,16.6630,15.4405,0.0012,-1.0000
16.6665,1.0000,45.2342,6.3748,0.3592,16.6760,16.6555,9.7252,0.0011,-1.0000
16.6661,1.0000,45.2509,1.2366,4.8365,16.6678,16.6530,15.2225,0.0011,-1.0000
16.6674,1.0000,45.2676,7.6901,0.3504,16.6667,16.6594,9.9471,0.0012,-1.0000
16.6707,1.0000,45.2842,1.2212,4.6293,16.6724,16.6726,15.3343,0.0011,-1.0000
16.6628,1.0000,45.3009,6.9292,0.4226,16.6643,16.6423,8.3060,0.0011,-1.0000
16.6666,1.0000,45.3175,1.4291,4.5251,16.6620,16.6557,15.3856,0.0011,-1.0000
16.6680,1.0000,45.3343,6.7113,0.3428,16.6676,16.6633,10.2397,0.0012,-1.0000
16.6664,1.0000,45.3510,1.3358,5.7168,16.6852,16.6567,15.0926,0.0013,-1.0000
16.6649,1.0000,45.3675,8.3355,0.3388,16.6526,16.6511,9.9111,0.0011,-1.0000
16.8109,1.0000,45.3843,1.2685,4.1240,16.6642,16.8073,15.5348,0.0015,-1.0000
16.6688,1.0000,45.4009,6.4225,0.4485,16.6711,16.6633,8.3580,0.0008,-1.0000
16.6655,1.0000,45.4176,1.5628,4.5093,16.6659,16.6575,15.4348,0.0010,-1.0000
16.6679,1.0000,45.4344,6.7391,0.3400,16.6588,16.6613,9.8347,0.0010,-1.0000
16.6666,1.0000,45.4509,1.2709,5.7425,16.8144,16.6519,15.0343,0.0016,-1.0000
16.6644,1.0000,45.4676,8.3049,0.3845,16.6706,16.6544,9.7946,0.0011,-1.0000
16.6670,1.0000,45.4843,1.2215,4.4683,16.6665,16.6569,15.4380,0.0012,-1.0000
16.6690,1.0000,45.5009,6.8261,0.4086,16.6717,16.6668,9.3736,0.0012,-1.0000
16.6653,1.0000,45.5177,1.6161,4.3382,16.6609,16.6532,15.4192,0.0010,-1.0000
16.6671,1.0000,45.5343,6.8589,0.3303,16.6625,16.6593,9.8918,0.0011,-1.0000
16.6687,1.0000,45.5510,1.2181,4.8670,16.6646,16.6632,15.4781,0.0011,-1.0000
16.6640,1.0000,45.5676,7.2927,0.3421,16.6759,16.6515,8.3985,0.0012,-1.0000
16.6670,1.0000,45.5843,1.2326,4.4669,16.6616,16.6720,15.3463,0.0012,-1.0000
16.6686,1.0000,45.6010,6.7664,0.3916,16.6664,16.6532,10.0660,0.0012,-1.0000
16.6662,1.0000,45.6176,1.1838,5.5401,16.6716,16.6527,15.2488,0.0010,-1.0000
16.6646,1.0000,45.6343,8.2520,0.3441,16.6599,16.6560,10.1656,0.0011,-1.0000
16.6700,1.0000,45.6510,1.3245,4.3412,16.6797,16.6696,15.4270,0.0012,-1.0000
16.6655,1.0000,45.6676,6.5863,0.4700,16.6618,16.6537,8.7553,0.0012,-1.0000
16.6656,1.0000,45.6844,1.4030,4.5317,16.6613,16.6493,15.3787,0.0011,-1.0000
16.6680,1.0000,45.7009,6.4896,0.3337,16.6635,16.6611,9.8620,0.0013,-1.0000
16.6676,1.0000,45.7176,1.2413,5.8706,16.6781,16.6643,15.5101,0.0012,-1.0000
16.6650,1.0000,45.7343,7.8980,0.3894,16.6632,16.6490,10.1212,0.0011,-1.0000
16.6663,1.0000,45.7509,1.2697,4.4018,16.6588,16.6601,15.3833,0.0011,-1.0000
16.6693,1.0000,45.7678,6.7979,0.3449,16.6690,16.6665,9.1691,0.0012,-1.0000
16.6647,1.0000,45.7843,1.1532,4.4791,16.6741,16.6475,14.8985,0.0013,-1.0000
16.6673,1.0000,45.8009,6.5271,0.3665,16.6574,16.6630,9.8225,0.0011,-1.0000
16.6681,1.0000,45.8177,1.2754,5.5972,16.6674,16.6625,15.4517,0.0010,-1.0000
16.6651,1.0000,45.8343,7.4966,0.3968,16.6769,16.6471,9.4945,0.0011,-1.0000
16.6683,1.0000,45.8510,1.7478,4.4336,16.6562,16.6651,15.4905,0.0016,-1.0000
16.6671,1.0000,45.8677,6.8396,0.3646,16.6715,16.6607,9.1505,0.0010,-1.0000
16.6660,1.0000,45.8843,1.2093,4.9319,16.6719,16.6548,15.2434,0.0012,-1.0000
16.6652,1.0000,45.9009,7.1511,0.3317,16.6565,16.6539,9.8612,0.0013,-1.0000
16.6685,1.0000,45.9177,1.1730,5.1694,16.6729,16.6689,15.4838,0.0010,-1.0000
16.6648,1.0000,45.9344,7.5090,0.3907,16.6685,16.6507,8.4663,0.0011,-1.0000
16.6678,1.0000,45.9510,1.4099,4.6445,16.6630,16.6593,15.2920,0.0012,-1.0000
16.6687,1.0000,45.9678,6.7918,0.3328,16.6616,16.6696,9.9611,0.0009,-1.0000
16.6653,1.0000,45.9844,1.1839,5.5243,16.6770,16.6487,14.9920,0.0011,-1.0000
16.6663,1.0000,46.0009,8.1834,0.3330,16.6603,16.6519,9.7693,0.0015,-1.0000
16.6673,1.0000,46.0179,1.3658,4.5784,16.6668,16.6662,15.5575,0.0012,-1.0000
16.6664,1.0000,46.0343,6.7073,0.4599,16.6797,16.6528,8.2987,0.0013,-1.0000
16.6659,1.0000,46.0510,1.6554,4.2347,16.6596,16.6750,15.3078,0.0014,-1.0000
16.6678,1.0000,46.0677,6.8811,0.3775,16.6605,16.6445,9.5384,0.0010,-1.0000
16.6667,1.0000,46.0843,1.1072,5.5444,16.6742,16.6578,15.3106,0.0011,-1.0000
16.6655,1.0000,46.1009,8.3533,0.4075,16.6614,16.6558,9.6837,0.0011,-1.0000
16.6673,1.0000,46.1177,1.3657,4.6002,16.6836,16.6576,15.4335,0.0011,-1.0000
16.6675,1.0000,46.1343,7.1050,0.3883,16.6530,16.6619,8.6296,0.0012,-1.0000
16.6669,1.0000,46.1510,1.3461,4.3206,16.6658,16.6574,15.3479,0.0011,-1.0000
16.6676,1.0000,46.1678,6.9711,0.3201,16.6636,16.6656,10.2255,0.0011,-1.0000
16.6659,1.0000,46.1844,1.2230,5.9007,16.6658,16.6505,14.6394,0.0011,-1.0000
16.6650,1.0000,46.2009,8.0319,0.3614,16.6700,16.6517,9.6051,0.0011,-1.0000
16.6676,1.0000,46.2176,1.3084,4.4201,16.6657,16.6624,15.4928,0.0009,-1.0000
16.6676,1.0000,46.2343,6.4394,0.3658,16.6754,16.6627,7.7983,0.0014,-1.0000
16.6666,1.0000,46.2510,2.0097,4.5769,16.6593,16.6612,15.4364,0.0014,-1.0000
16.6657,1.0000,46.2677,7.0456,0.3166,16.6591,16.6554,10.0507,0.0015,-1.0000
16.6698,1.0000,46.2844,1.1686,4.9210,16.6696,16.6661,15.1506,0.0013,-1.0000
16.6638,1.0000,46.3009,8.8629,0.3473,16.6696,16.6483,8.4486,0.0014,-1.0000
16.6667,1.0000,46.3176,1.2233,4.4882,16.6701,16.6527,15.4707,0.0013,-1.0000
16.6696,1.0000,46.3345,6.6034,0.4432,16.6645,16.6711,8.9064,0.0010,-1.0000
16.6625,1.0000,46.3510,1.5141,5.9243,16.6763,16.6419,14.9751,0.0013,-1.0000
16.6690,1.0000,46.3677,8.1985,0.3759,16.6571,16.6660,9.8022,0.0010,-1.0000
16.6672,1.0000,46.3844,1.1806,5.9590,16.6608,16.6639,15.2867,0.0012,-1.0000
16.6658,1.0000,46.4009,7.7645,0.3446,16.6809,16.6542,9.3502,0.0009,-1.0000
16.6664,1.0000,46.4176,1.6655,4.6973,16.6500,16.6586,15.4346,0.0011,-1.0000
16.6691,1.0000,46.4345,6.8632,0.3569,16.6725,16.6699,9.8778,0.0011,-1.0000
16.6658,1.0000,46.4510,1.3759,5.0624,16.6720,16.6485,15.1410,0.0013,-1.0000
16.6651,1.0000,46.4677,7.3030,0.3824,16.6621,16.6573,10.0638,0.0010,-1.0000
16.6696,1.0000,46.4844,1.2226,4.5187,16.6665,16.6649,15.3928,0.0012,-1.0000
16.6656,1.0000,46.5009,6.7908,0.3483,16.6793,16.6519,9.2017,0.0009,-1.0000
16.6661,1.0000,46.5177,1.5060,4.4541,16.6581,16.6535,15.4663,0.0012,-1.0000
16.6680,1.0000,46.5346,6.5924,0.3303,16.6655,16.6999,9.9267,0.0014,-1.0000
16.6656,1.0000,46.5510,1.2707,5.8339,16.6734,16.6190,14.8529,0.0014,-1.0000
16.6656,1.0000,46.5676,7.4495,0.3739,16.6630,16.6540,9.8545,0.0010,-1.0000
16.6687,1.0000,46.5844,1.1859,4.5021,16.6618,16.6630,15.3585,0.0012,-1.0000
16.6659,1.0000,46.6010,6.7716,0.4876,16.7085,16.6608,9.1000,0.0011,-1.0000
16.6667,1.0000,46.6177,1.7645,4.5845,16.6278,16.6554,15.4739,0.0009,-1.0000
16.6670,1.0000,46.6345,6.7984,0.3390,16.6618,16.6614,9.8155,0.0012,-1.0000
16.6673,1.0000,46.6510,1.3033,4.9848,16.6707,16.6572,14.9319,0.0011,-1.0000
16.6658,1.0000,46.6677,7.5597,0.3054,16.6694,16.6501,9.9643,0.0012,-1.0000
16.6659,1.0000,46.6847,1.1808,4.6752,16.6639,16.6598,15.3950,0.0013,-1.0000
16.6677,1.0000,46.7009,6.8449,0.4496,16.6709,16.6617,9.0188,0.0010,-1.0000
16.6641,1.0000,46.7176,1.7239,4.8710,16.6663,16.6497,15.4893,0.0010,-1.0000
16.6693,1.0000,46.7343,6.6849,0.3386,16.6590,16.6709,10.1875,0.0010,-1.0000
16.6670,1.0000,46.7510,1.2634,5.4406,16.6678,16.6584,15.2464,0.0012,-1.0000
16.6659,1.0000,46.7677,7.6424,0.3587,16.6694,16.6533,9.7189,0.0013,-1.0000
16.6678,1.0000,46.7845,1.1595,4.3631,16.6573,16.6647,15.2613,0.0012,-1.0000
16.6671,1.0000,46.8009,6.4821,0.3722,16.6784,16.6553,8.9186,0.0014,-1.0000
16.6631,1.0000,46.8176,1.4105,4.8919,16.6671,16.6449,15.5402,0.0011,-1.0000
16.6684,1.0000,46.8343,6.9329,0.3961,16.6618,16.6763,10.2556,0.0009,-1.0000
16.6684,1.0000,46.8511,1.4022,5.3984,16.6754,16.6561,15.3617,0.0012,-1.0000
16.6659,1.0000,46.8677,7.7354,0.3493,16.6653,16.6502,9.4995,0.0011,-1.0000
16.6667,1.0000,46.8844,1.1037,4.4146,16.6522,16.6577,15.3855,0.0010,-1.0000
16.6674,1.0000,46.9009,6.4196,0.3372,16.6825,16.6618,9.4852,0.0014,-1.0000
16.6667,1.0000,46.9177,1.2932,5.0336,16.6657,16.6591,15.3566,0.0011,-1.0000
16.6656,1.0000,46.9344,7.1495,0.3687,16.6594,16.6543,10.0761,0.0013,-1.0000
16.6683,1.0000,46.9510,1.2712,4.1238,16.6648,16.6640,15.3526,0.0013,-1.0000
16.6655,1.0000,46.9676,7.1751,0.4364,16.6710,16.6509,8.5401,0.0010,-1.0000
16.6657,1.0000,46.9844,1.3012,4.2413,16.6697,16.6560,15.4555,0.0010,-1.0000
16.6688,1.0000,47.0010,6.5771,0.3125,16.6626,16.6677,9.9052,0.0013,-1.0000
16.6664,1.0000,47.0177,1.3100,5.3745,16.6721,16.6527,14.5986,0.0014,-1.0000
16.6661,1.0000,47.0343,8.1097,0.3757,16.6598,16.6570,9.8435,0.0015,-1.0000
16.6674,1.0000,47.0510,1.1991,4.4085,16.6644,16.6598,15.3953,0.0013,-1.0000
16.6668,1.0000,47.0677,6.7612,0.4491,16.6780,16.6620,9.1617,0.0011,-1.0000
16.6667,1.0000,47.0843,2.0527,4.5839,16.6624,16.6499,15.3917,0.0013,-1.0000
16.6672,1.0000,47.1010,6.8120,0.3469,16.6654,16.6648,9.9423,0.0012,-1.0000
16.6663,1.0000,47.1177,1.2631,5.2009,16.6678,16.6551,15.2553,0.0011,-1.0000
16.6647,1.0000,47.1343,7.4992,0.3867,16.6706,16.6613,10.0034,0.0011,-1.0000
16.6672,1.0000,47.1510,1.2568,4.4284,16.6588,16.6504,15.2897,0.0014,-1.0000
16.6699,1.0000,47.1677,6.7211,0.3804,16.6745,16.6714,9.4540,0.0011,-1.0000
16.6626,1.0000,47.1843,1.3987,4.4268,16.6640,16.6389,15.3822,0.0015,-1.0000
16.6703,1.0000,47.2009,6.6567,0.3657,16.6686,16.6761,10.1396,0.0011,-1.0000
16.6666,1.0000,47.2177,1.3593,4.9162,16.6572,16.6560,15.3993,0.0011,-1.0000
16.6648,1.0000,47.2343,7.2167,0.3350,16.6800,16.6520,8.3294,0.0011,-1.0000
16.6664,1.0000,47.2510,1.2551,4.3183,16.6458,16.6587,15.4577,0.0012,-1.0000
16.6681,1.0000,47.2677,6.5351,0.3226,16.6846,16.6631,9.7272,0.0010,-1.0000
16.6678,1.0000,47.2844,1.2553,5.5989,16.6651,16.6635,15.1980,0.0012,-1.0000
16.6646,1.0000,47.3009,8.3217,0.3246,16.6603,16.6460,9.8883,0.0012,-1.0000
16.6682,1.0000,47.3178,1.1999,4.3212,16.6661,16.6673,15.4543,0.0011,-1.0000
16.6671,1.0000,47.3343,6.9351,0.5501,16.6710,16.6600,8.0255,0.0011,-1.0000
16.6644,1.0000,47.3510,1.4642,4.9350,16.6720,16.6486,15.4384,0.0010,-1.0000
16.6685,1.0000,47.3677,6.7566,0.3517,16.6543,16.6677,9.6723,0.0012,-1.0000
16.6685,1.0000,47.3844,1.2115,5.9948,16.6756,16.6630,15.3224,0.0011,-1.0000
16.6638,1.0000,47.4009,8.6337,0.3138,16.6690,16.6412,9.7294,0.0017,-1.0000
16.6656,1.0000,47.4176,1.2092,4.6916,16.6570,16.6564,15.5746,0.0010,-1.0000
16.6704,1.0000,47.4345,6.9940,0.3353,16.6760,16.6763,10.0534,0.0012,-1.0000
16.6631,1.0000,47.4510,1.3394,4.4609,16.6736,16.6459,15.0452,0.0010,-1.0000
16.6690,1.0000,47.4677,6.9102,0.3234,16.6497,16.6659,10.0831,0.0013,-1.0000
16.6684,1.0000,47.4844,1.0807,4.3151,16.6627,16.6661,15.3795,0.0010,-1.0000
16.6655,1.0000,47.5009,6.6215,0.3326,16.6849,16.6463,9.9214,0.0011,-1.0000
16.6659,1.0000,47.5177,1.5998,4.9343,16.6545,16.6529,15.5558,0.0008,-1.0000
16.6681,1.0000,47.5343,6.5819,0.3412,16.6732,16.6662,9.4376,0.0010,-1.0000
16.6663,1.0000,47.5510,1.2854,4.3952,16.6765,16.6558,15.4043,0.0013,-1.0000
16.6646,1.0000,47.5677,6.7235,0.3370,16.6573,16.6535,10.1378,0.0012,-1.0000
16.6690,1.0000,47.5845,1.0963,4.4013,16.6607,16.6662,15.3860,0.0014,-1.0000
16.6676,1.0000,47.6010,7.2276,0.3478,16.6738,16.6605,7.6779,0.0011,-1.0000
16.6655,1.0000,47.6177,1.2497,4.2010,16.6644,16.7051,15.3608,0.0012,-1.0000
16.6663,1.0000,47.6343,6.5144,0.3380,16.6611,16.6049,9.9805,0.0011,-1.0000
16.6685,1.0000,47.6510,1.2786,5.8020,16.6736,16.6681,15.3381,0.0010,-1.0000
16.6637,1.0000,47.6676,8.9816,0.3263,16.6687,16.6446,9.9788,0.0011,-1.0000
16.6659,1.0000,47.6843,1.3429,4.9018,16.7136,16.6583,15.4723,0.0011,-1.0000
16.6707,1.0000,47.7010,6.6236,0.3905,16.6127,16.6719,8.2036,0.0011,-1.0000
16.6652,1.0000,47.7176,1.3289,4.4149,16.6774,16.6491,15.0692,0.0011,-1.0000
16.6667,1.0000,47.7343,6.6648,0.3455,16.6537,16.6584,9.8453,0.0012,-1.0000
16.6691,1.0000,47.7511,1.1850,5.0974,16.6647,16.6709,15.3938,0.0012,-1.0000
16.6633,1.0000,47.7677,8.4677,0.4087,16.6804,16.6429,7.6731,0.0010,-1.0000
16.6663,1.0000,47.7843,1.5787,4.4647,16.6572,16.6569,15.3581,0.0010,-1.0000
16.6687,1.0000,47.8010,6.8120,0.4069,16.6667,16.6679,9.8760,0.0012,-1.0000
16.6670,1.0000,47.8177,1.2756,6.1439,16.6817,16.6552,15.1787,0.0012,-1.0000
16.6650,1.0000,47.8343,8.9688,0.3039,16.6528,16.6512,9.4358,0.0017,-1.0000
16.7309,1.0000,47.8513,1.2977,4.6475,16.6635,16.7288,15.5221,0.0012,-1.0000
16.6669,1.0000,47.8678,6.7907,0.4536,16.6769,16.6566,7.7598,0.0012,-1.0000
16.6663,1.0000,47.8845,1.4751,4.4469,16.6644,16.6566,15.3712,0.0013,-1.0000
16.7784,1.0000,47.9014,7.2137,0.3151,16.6604,17.0312,10.1200,0.0011,-1.0000
16.6673,1.0000,47.9178,1.2052,5.7267,16.7377,16.3908,14.9569,0.0012,-1.0000
16.6649,1.0000,47.9346,8.8959,0.4338,16.6660,16.6513,9.7233,0.0011,-1.0000
16.6690,1.0000,47.9513,1.2838,4.4426,16.6662,16.6642,15.1749,0.0014,-1.0000
16.6659,1.0000,47.9679,6.9102,0.3828,17.0446,16.6576,8.4520,0.0013,-1.0000
16.6680,1.0000,47.9845,1.4325,4.5235,16.4014,16.6558,15.2997,0.0013,-1.0000
16.6647,1.0000,48.0011,6.9269,0.3787,16.6599,16.6522,9.9160,0.0014,-1.0000
16.6692,1.0000,48.0180,1.4877,5.6887,16.6738,16.6663,15.4846,0.0010,-1.0000
16.6632,1.0000,48.0345,8.2043,0.4277,16.6686,16.6455,9.3489,0.0011,-1.0000
16.6666,1.0000,48.0511,1.3547,4.4313,16.6652,16.6602,15.4455,0.0012,-1.0000
16.6684,1.0000,48.0679,6.7347,0.3732,16.6607,16.6636,7.6052,0.0011,-1.0000
16.6668,1.0000,48.0845,1.1806,4.9496,16.6743,16.6618,15.2728,0.0012,-1.0000
16.6664,1.0000,48.1012,7.2956,0.3033,16.6537,16.6567,9.9207,0.0011,-1.0000
16.6682,1.0000,48.1179,1.2135,6.1091,16.6672,16.6606,15.2747,0.0012,-1.0000
16.6646,1.0000,48.1345,9.0574,0.3887,16.6716,16.6491,8.7481,0.0012,-1.0000
16.6677,1.0000,48.1511,1.3877,4.6663,16.6706,16.6594,15.4453,0.0013,-1.0000
16.6684,1.0000,48.1679,6.7352,0.3387,16.6656,16.6701,8.1393,0.0011,-1.0000
16.6673,1.0000,48.1846,1.3845,5.3202,16.6693,16.6594,15.3533,0.0011,-1.0000
16.6655,1.0000,48.2011,7.8999,0.3603,16.6574,16.6514,9.7789,0.0013,-1.0000
16.6685,1.0000,48.2179,1.2125,5.4057,16.6668,16.6636,15.4531,0.0015,-1.0000
16.6648,1.0000,48.2346,8.5296,0.3891,16.6780,16.6523,9.4667,0.0011,-1.0000
16.6667,1.0000,48.2512,1.3050,4.5937,16.6686,16.6555,15.1782,0.0012,-1.0000
16.6691,1.0000,48.2680,6.8719,0.3261,16.6598,16.6879,10.1310,0.0010,-1.0000
16.6657,1.0000,48.2845,1.2089,5.0327,16.6719,16.6341,15.0945,0.0012,-1.0000
16.6664,1.0000,48.3011,7.1849,0.3461,16.6626,16.6569,10.1197,0.0012,-1.0000
16.6699,1.0000,48.3179,1.4763,4.3746,16.6636,16.6754,15.4498,0.0012,-1.0000
16.6627,1.0000,48.3345,6.5561,0.4253,16.6962,16.6355,8.2903,0.0013,-1.0000
16.6655,1.0000,48.3512,1.5382,4.3607,16.6430,16.6545,15.4129,0.0011,-1.0000
16.6690,1.0000,48.3679,6.5359,0.3409,16.6652,16.6653,10.0535,0.0010,-1.0000
16.6666,1.0000,48.3845,1.2243,5.7575,16.6859,16.6588,15.2508,0.0010,-1.0000
16.6655,1.0000,48.4011,8.3446,0.3707,16.6444,16.6562,9.9914,0.0011,-1.0000
16.6661,1.0000,48.4178,1.2404,4.6308,16.6616,16.6567,15.5605,0.0010,-1.0000
16.6693,1.0000,48.4347,6.6111,0.3588,16.6724,16.6747,6.6044,0.0009,-1.0000
16.6662,1.0000,48.4512,1.4067,4.4587,16.6670,16.6513,15.0229,0.0013,-1.0000
16.6671,1.0000,48.4679,6.6639,0.3074,16.6644,16.6568,9.6585,0.0012,-1.0000
16.6683,1.0000,48.4856,1.0950,5.6788,16.6625,16.7429,15.3945,0.0012,-1.0000
16.6644,1.0000,48.5011,10.0699,0.3826,16.6835,16.5677,7.3311,0.0016,-1.0000
16.6666,1.0000,48.5179,1.6271,4.2628,16.6606,16.6612,15.4473,0.0011,-1.0000
16.6692,1.0000,48.5345,6.9971,0.3273,16.6664,16.6610,9.8942,0.0011,-1.0000
16.6671,1.0000,48.5512,1.3470,5.0124,16.7534,16.6592,15.2765,0.0010,-1.0000
16.6637,1.0000,48.5678,9.2353,0.4304,16.5769,16.6498,8.4326,0.0010,-1.0000
16.6702,1.0000,48.5845,1.2128,4.3456,16.6684,16.6656,15.3416,0.0012,-1.0000
16.6648,1.0000,48.6012,6.7656,0.3928,16.6697,16.7587,8.6905,0.0013,-1.0000
16.6669,1.0000,48.6179,1.3815,5.1004,16.6695,16.5527,15.2888,0.0011,-1.0000
16.6665,1.0000,48.6345,8.2165,0.3486,16.6586,16.6586,9.9092,0.0011,-1.0000
16.6672,1.0000,48.6513,1.3224,5.5672,16.6761,16.6623,15.3622,0.0013,-1.0000
16.6660,1.0000,48.6679,8.0667,0.3149,16.7680,16.6495,9.4696,0.0012,-1.0000
16.6675,1.0000,48.6846,1.2627,4.3043,16.5609,16.6630,15.2782,0.0013,-1.0000
16.6669,1.0000,48.7011,6.7482,0.3371,16.6670,16.6543,9.4635,0.0012,-1.0000
16.6673,1.0000,48.7179,1.2986,4.5924,16.6727,16.6578,15.2835,0.0012,-1.0000
16.6656,1.0000,48.7345,7.1788,0.3329,16.6597,16.6579,10.0861,0.0010,-1.0000
16.6679,1.0000,48.7513,1.3835,4.3069,16.6715,16.6570,15.3654,0.0011,-1.0000
16.6663,1.0000,48.7680,7.1899,0.3527,16.6644,16.7192,9.3155,0.0012,-1.0000
16.6661,1.0000,48.7847,1.3729,4.3076,16.6680,16.6957,15.0614,0.0013,-1.0000
16.6674,1.0000,48.8012,6.5703,0.4063,16.6682,16.6236,9.0295,0.0013,-1.0000
16.6680,1.0000,48.8180,1.2902,4.8891,16.6677,16.6880,15.3492,0.0011,-1.0000
16.6658,1.0000,48.8347,7.4033,0.5370,16.7307,16.6609,8.2018,0.0012,-1.0000
16.6664,1.0000,48.8513,1.6332,5.4158,16.7063,16.6099,15.0918,0.0013,-1.0000
16.6681,1.0000,48.8681,7.5932,0.3971,16.6333,16.6760,9.7690,0.0012,-1.0000
16.6655,1.0000,48.8846,1.3374,5.4929,16.6984,16.6901,14.9166,0.0010,-1.0000
16.6642,1.0000,48.9011,8.4583,0.4467,16.6718,16.5529,9.3162,0.0011,-1.0000
16.6682,1.0000,48.9179,1.5170,4.9302,16.6188,16.6689,15.5241,0.0012,-1.0000
16.6690,1.0000,48.9347,6.9058,0.3737,16.6871,16.6630,8.2451,0.0010,-1.0000
16.6629,1.0000,48.9511,1.7724,5.1642,16.6999,16.6331,15.2050,0.0011,-1.0000
16.6686,1.0000,48.9679,7.2365,0.3121,16.5618,16.6678,9.7277,0.0011,-1.0000
16.6690,1.0000,48.9846,1.1435,5.4407,16.6800,16.6689,15.4004,0.0010,-1.0000
16.6652,1.0000,49.0012,8.4165,0.3103,16.6738,16.7028,9.9731,0.0010,-1.0000
16.6656,1.0000,49.0179,1.4271,4.7236,16.6412,16.5944,15.3862,0.0011,-1.0000
16.6695,1.0000,49.0347,6.9392,0.3136,16.6750,16.6816,9.1702,0.0009,-1.0000
16.6627,1.0000,49.0511,1.2670,4.5834,16.6779,16.6356,15.1953,0.0014,-1.0000
16.6691,1.0000,49.0679,6.7292,0.3651,16.7116,16.6723,10.0526,0.0010,-1.0000
16.6672,1.0000,49.0847,1.2069,5.0136,16.6023,16.6634,15.2792,0.0011,-1.0000
16.6654,1.0000,49.1012,7.5104,0.3346,16.6909,16.6494,9.1593,0.0014,-1.0000
16.6677,1.0000,49.1179,1.4390,4.6363,16.6429,16.6632,15.4040,0.0013,-1.0000
16.6784,1.0000,49.1352,6.6189,0.3787,16.6792,16.7770,9.2321,0.0012,-1.0000
16.6657,1.0000,49.1512,1.3833,4.4228,16.6719,16.5480,14.6041,0.0011,-1.0000
16.6654,1.0000,49.1679,7.4886,0.3213,16.6580,16.6525,9.7601,0.0011,-1.0000
16.6680,1.0000,49.1847,1.2578,4.6180,16.6721,16.6639,15.3486,0.0011,-1.0000
16.6667,1.0000,49.2012,7.5435,0.3776,16.7870,16.6522,8.6041,0.0015,-1.0000
16.6654,1.0000,49.2179,1.9425,4.3402,16.5581,16.6511,15.2706,0.0013,-1.0000
16.6672,1.0000,49.2345,6.8909,0.3671,16.6613,16.6604,9.9682,0.0010,-1.0000
16.6672,1.0000,49.2512,1.3141,5.1685,16.6730,16.6665,15.3801,0.0013,-1.0000
16.6669,1.0000,49.2680,8.0468,0.3813,16.6620,16.6557,9.5354,0.0014,-1.0000
16.6666,1.0000,49.2846,1.3796,4.4964,16.6604,16.7138,15.1702,0.0013,-1.0000
16.6690,1.0000,49.3012,6.6910,0.3119,16.6703,16.6158,8.9580,0.0012,-1.0000
16.6640,1.0000,49.3179,1.2851,5.4055,16.6758,16.6366,14.7522,0.0011,-1.0000
16.6663,1.0000,49.3346,7.1200,0.3332,16.6653,16.7129,9.6406,0.0013,-1.0000
16.6674,1.0000,49.3513,1.5424,4.5318,16.7234,16.6086,15.2927,0.0013,-1.0000
16.6666,1.0000,49.3679,7.6561,0.4987,16.6264,16.6584,8.2645,0.0012,-1.0000
16.6671,1.0000,49.3847,1.8831,4.2556,16.6458,16.7091,15.2555,0.0011,-1.0000
16.6657,1.0000,49.4011,7.0712,0.3981,16.7215,16.5991,9.6321,0.0012,-1.0000
16.6677,1.0000,49.4179,1.3146,5.4854,16.6172,16.6617,15.4318,0.0010,-1.0000
16.6647,1.0000,49.4346,8.3928,0.3261,16.6676,16.6494,9.9683,0.0009,-1.0000
16.6674,1.0000,49.4512,1.4527,4.3963,16.7176,16.7064,15.3776,0.0015,-1.0000
16.6680,1.0000,49.4680,6.9658,0.3102,16.6080,16.6780,8.8537,0.0010,-1.0000
16.6666,1.0000,49.4846,1.2291,4.3413,16.6700,16.6505,15.2443,0.0015,-1.0000
16.6664,1.0000,49.5012,6.6806,0.3459,16.6574,16.6694,9.3528,0.0012,-1.0000
16.6663,1.0000,49.5183,1.3272,4.8414,16.7141,16.7458,15.3379,0.0011,-1.0000
16.6651,1.0000,49.5346,7.8238,0.3601,16.6875,16.5246,8.6785,0.0016,-1.0000
16.6650,1.0000,49.5512,1.4048,4.7161,16.6595,16.6513,15.3359,0.0011,-1.0000
16.6705,1.0000,49.5681,7.3154,0.3753,16.6782,16.8040,10.2196,0.0009,-1.0000
16.6667,1.0000,49.5846,1.4067,4.8498,16.7548,16.5510,15.1705,0.0011,-1.0000
16.6653,1.0000,49.6012,7.8449,0.3131,16.5336,16.6694,9.7720,0.0011,-1.0000
16.6686,1.0000,49.6180,1.3143,4.4393,16.6564,16.7002,15.3269,0.0013,-1.0000
16.6669,1.0000,49.6346,6.5838,0.3801,16.8109,16.5741,7.3704,0.0013,-1.0000
16.6644,1.0000,49.6512,1.3794,4.7965,16.5598,16.6849,15.3802,0.0009,-1.0000
16.6672,1.0000,49.6679,6.8963,0.3286,16.6779,16.6616,10.1236,0.0011,-1.0000
16.6701,1.0000,49.6848,1.3719,5.1037,16.7086,16.6705,15.3246,0.0010,-1.0000
16.6641,1.0000,49.7012,9.2025,0.3112,16.5818,16.6522,8.4080,0.0010,-1.0000
16.6703,1.0000,49.7179,1.3038,4.3034,16.6936,16.6651,15.3998,0.0012,-1.0000
16.6635,1.0000,49.7346,6.5371,0.3246,16.6684,16.6625,9.8025,0.0011,-1.0000
16.6670,1.0000,49.7512,1.3447,5.5082,16.6795,16.6463,15.0104,0.0012,-1.0000
16.6663,1.0000,49.7681,8.2442,0.3656,16.6628,16.6945,9.7469,0.0012,-1.0000
16.6662,1.0000,49.7849,1.2638,4.4352,16.6736,16.6471,15.0773,0.0012,-1.0000
16.6671,1.0000,49.8011,6.8598,0.4217,16.6722,16.6188,8.5432,0.0010,-1.0000
16.6663,1.0000,49.8180,1.6347,4.6099,16.6551,16.7604,15.4490,0.0011,-1.0000
16.6671,1.0000,49.8346,6.9466,0.3112,16.7031,16.5465,9.7094,0.0011,-1.0000
16.6684,1.0000,49.8514,1.5684,5.7469,16.6556,16.6957,15.2476,0.0012,-1.0000
16.6650,1.0000,49.8679,8.0747,0.3033,16.6269,16.6165,9.0281,0.0012,-1.0000
16.6652,1.0000,49.8845,1.3103,4.9599,16.7693,16.6200,15.4031,0.0011,-1.0000
16.6689,1.0000,49.9012,6.8363,0.3699,16.5537,16.6770,9.6845,0.0010,-1.0000
16.6646,1.0000,49.9178,1.4469,5.2715,16.7051,16.6388,15.1524,0.0011,-1.0000
16.6691,1.0000,49.9347,7.5879,0.3636,16.6260,16.6725,10.2331,0.0011,-1.0000
16.6679,1.0000,49.9514,1.2160,5.3289,16.6270,16.6655,15.0962,0.0012,-1.0000
16.6639,1.0000,49.9679,6.9921,0.4982,16.6857,16.6435,9.5692,0.0011,-1.0000
16.6659,1.0000,49.9846,1.4853,4.2755,16.6468,16.6844,15.4450,0.0012,-1.0000
16.6708,1.0000,50.0013,6.4382,0.3131,16.6810,16.7351,9.8252,0.0010,-1.0000
16.6649,1.0000,50.0181,1.5680,4.6575,16.6759,16.6443,14.5509,0.0018,-1.0000
16.6652,1.0000,50.0346,7.0733,0.3021,16.6523,16.6135,9.6671,0.0011,-1.0000
16.6696,1.0000,50.0515,1.2381,4.3334,16.6909,16.7457,15.3899,0.0010,-1.0000
16.6635,1.0000,50.0680,6.9087,0.3987,16.7450,16.6123,8.4186,0.0014,-1.0000
16.6677,1.0000,50.0846,2.0917,4.3731,16.6558,16.6065,15.2048,0.0012,-1.0000
16.6685,1.0000,50.1014,6.9450,0.3562,16.6225,16.7302,9.9875,0.0010,-1.0000
16.6670,1.0000,50.1180,1.3548,5.2784,16.7556,16.6315,14.9356,0.0013,-1.0000
16.6646,1.0000,50.1345,8.1924,0.3100,16.6239,16.5656,9.9957,0.0011,-1.0000
16.6680,1.0000,50.1513,1.4002,4.4376,16.6139,16.6789,15.2924,0.0010,-1.0000
16.6674,1.0000,50.1679,6.7416,0.4304,16.7391,16.6431,8.7606,0.0013,-1.0000
16.6651,1.0000,50.1846,1.6949,4.3135,16.6407,16.6574,15.3853,0.0011,-1.0000
16.6688,1.0000,50.2012,6.5689,0.3737,16.5732,16.6700,9.8921,0.0014,-1.0000
16.6659,1.0000,50.2179,1.3855,5.6245,16.6884,16.6581,15.3249,0.0012,-1.0000
16.6662,1.0000,50.2346,7.8811,0.3116,16.6522,16.7090,9.8297,0.0009,-1.0000
16.6677,1.0000,50.2512,1.2712,4.5679,16.6658,16.6219,15.2343,0.0014,-1.0000
16.6661,1.0000,50.2680,6.7763,0.4050,16.6779,16.6438,9.2772,0.0012,-1.0000
16.6657,1.0000,50.2845,1.3317,5.0116,16.6665,16.6490,15.2818,0.0012,-1.0000
16.6686,1.0000,50.3012,6.8783,0.3544,16.7179,16.6760,9.9892,0.0013,-1.0000
16.6663,1.0000,50.3179,1.3861,5.1946,16.6300,16.6514,15.2792,0.0014,-1.0000
16.6648,1.0000,50.3345,7.3656,0.3630,16.6521,16.6475,9.6885,0.0010,-1.0000
16.6679,1.0000,50.3513,1.3657,4.3627,16.6566,16.6706,15.3001,0.0011,-1.0000
16.6691,1.0000,50.3680,6.6861,0.4023,16.6849,16.6649,8.3028,0.0012,-1.0000
16.6639,1.0000,50.3845,1.3706,4.4482,16.6607,16.6361,15.0416,0.0013,-1.0000
16.6670,1.0000,50.4011,6.9583,0.3605,16.6545,16.6647,10.1713,0.0012,-1.0000
16.6708,1.0000,50.4179,1.3692,5.9403,16.6775,16.6682,15.5040,0.0012,-1.0000
16.6628,1.0000,50.4346,8.3610,0.3906,16.6739,16.6494,9.2168,0.0013,-1.0000
16.6668,1.0000,50.4512,1.5932,4.1876,16.6445,16.6520,15.2277,0.0010,-1.0000
16.6696,1.0000,50.4680,6.4923,0.3022,16.6735,16.6852,9.6207,0.0009,-1.0000
16.6646,1.0000,50.4845,1.1627,5.4184,16.6777,16.6305,14.8404,0.0011,-1.0000
16.6656,1.0000,50.5011,7.4321,0.3643,16.6595,16.6601,10.0194,0.0010,-1.0000
16.7300,1.0000,50.5183,1.4231,4.4690,16.6589,16.8064,15.5622,0.0011,-1.0000
16.6032,1.0000,50.5346,7.0632,0.6523,16.6955,16.5139,7.7845,0.0014,-1.0000
16.6676,1.0000,50.5512,1.7891,4.2826,16.6403,16.6503,15.1815,0.0010,-1.0000
16.6682,1.0000,50.5680,6.6395,0.3593,16.6678,16.7620,9.9976,0.0012,-1.0000
16.6668,1.0000,50.5846,1.2432,5.1660,16.8164,16.5682,15.0190,0.0013,-1.0000
16.6653,1.0000,50.6012,8.7283,0.4098,16.5246,16.6499,9.8855,0.0013,-1.0000
16.6675,1.0000,50.6179,1.4676,4.4272,16.6574,16.7078,15.3620,0.0011,-1.0000
16.6671,1.0000,50.6345,6.7631,0.4515,16.7709,16.6069,8.9123,0.0012,-1.0000
16.6636,1.0000,50.6511,1.5478,4.4266,16.5771,16.6442,15.3828,0.0011,-1.0000
16.6694,1.0000,50.6679,6.7630,0.3964,16.6582,16.6776,10.2184,0.0012,-1.0000
16.6700,1.0000,50.6849,1.3447,4.9929,16.7168,16.7463,15.3977,0.0010,-1.0000
16.6625,1.0000,50.7011,7.6934,0.3209,16.6157,16.6066,9.4676,0.0015,-1.0000
16.6679,1.0000,50.7180,1.2600,4.2602,16.6511,16.6784,15.4626,0.0012,-1.0000
16.6679,1.0000,50.7347,6.4581,0.3179,16.6845,16.6585,8.4310,0.0013,-1.0000
16.6656,1.0000,50.7513,1.3473,4.4624,16.7583,16.6840,15.0449,0.0010,-1.0000
16.6663,1.0000,50.7680,7.1377,0.3150,16.6167,16.6140,9.9463,0.0011,-1.0000
16.6672,1.0000,50.7846,1.2147,5.5819,16.6873,16.6548,15.2244,0.0011,-1.0000
16.6658,1.0000,50.8012,8.2267,0.3849,16.6667,16.7508,9.0210,0.0011,-1.0000
16.6674,1.0000,50.8180,1.6382,4.3744,16.6926,16.5803,15.2923,0.0011,-1.0000
16.6669,1.0000,50.8347,6.6670,0.3246,16.6214,16.6782,2.5657,0.0016,-1.0000
16.6676,1.0000,50.8514,1.4292,5.5024,16.6633,16.6753,14.6641,0.0011,-1.0000
16.6652,1.0000,50.8679,7.7290,0.3697,16.7598,16.5681,9.7081,0.0013,-1.0000
16.6690,1.0000,50.8848,1.2870,6.0892,16.5880,16.7812,15.4091,0.0011,-1.0000
16.6658,1.0000,50.9012,14.1111,0.3685,16.6874,16.5886,8.7465,0.0016,-1.0000
16.6657,1.0000,50.9179,2.0099,4.3357,16.6830,16.6346,15.3560,0.0011,-1.0000
16.6672,1.0000,50.9347,6.8589,0.3217,16.5763,16.6946,9.8571,0.0012,-1.0000
16.6678,1.0000,50.9513,1.3708,4.6604,16.7903,16.6455,15.0847,0.0011,-1.0000
16.6642,1.0000,50.9679,7.8413,0.3834,16.5991,16.6381,9.9966,0.0014,-1.0000
16.6687,1.0000,50.9847,1.2773,4.3986,16.6433,16.6944,15.2835,0.0011,-1.0000
16.6679,1.0000,51.0013,6.8362,0.8128,16.7042,16.6878,7.2988,0.0011,-1.0000
16.6656,1.0000,51.0180,1.5597,4.4262,16.6542,16.5964,15.0180,0.0012,-1.0000
16.6663,1.0000,51.0346,6.6405,0.3595,16.6472,16.6471,9.9476,0.0010,-1.0000
16.6683,1.0000,51.0515,1.4096,5.8224,16.7046,16.8193,15.2733,0.0013,-1.0000
16.6663,1.0000,51.0680,9.3882,0.3724,16.6986,16.4968,7.9281,0.0016,-1.0000
16.6672,1.0000,51.0848,1.5771,4.6117,16.6064,16.6932,15.2762,0.0015,-1.0000
16.6659,1.0000,51.1012,6.6986,0.4332,16.6559,16.6199,8.9491,0.0014,-1.0000
16.6680,1.0000,51.1180,1.5444,5.7611,16.8304,16.6182,15.2776,0.0011,-1.0000
16.6634,1.0000,51.1346,8.5675,0.3344,16.5084,16.6415,9.9891,0.0012,-1.0000
16.6676,1.0000,51.1512,1.4151,4.7062,16.7048,16.6623,15.3400,0.0014,-1.0000
16.6689,1.0000,51.1680,7.6695,0.3579,16.6304,16.7156,8.6690,0.0011,-1.0000
16.6651,1.0000,51.1847,1.3389,4.2676,16.6296,16.6027,15.0954,0.0011,-1.0000
16.6652,1.0000,51.2011,6.6513,0.3736,16.6518,16.6507,9.7979,0.0011,-1.0000
16.6683,1.0000,51.2180,1.3209,5.2817,16.6699,16.7020,15.4768,0.0011,-1.0000
16.6661,1.0000,51.2346,8.0454,0.3567,16.7245,16.6217,8.8290,0.0014,-1.0000
16.6663,1.0000,51.2512,1.5062,4.3141,16.6116,16.6367,15.3949,0.0014,-1.0000
16.6682,1.0000,51.2680,6.8519,0.3680,16.6588,16.6665,9.7599,0.0012,-1.0000
16.6665,1.0000,51.2845,1.2239,5.0210,16.7103,16.6561,14.9504,0.0015,-1.0000
16.6656,1.0000,51.3011,7.7914,0.3210,16.6300,16.6820,10.0725,0.0011,-1.0000
16.6676,1.0000,51.3179,1.2403,4.9239,16.6442,16.6380,15.4853,0.0010,-1.0000
16.6649,1.0000,51.3346,6.9057,0.5504,16.6755,16.6498,8.6449,0.0018,-1.0000
16.6680,1.0000,51.3513,1.7041,4.4256,16.6651,16.6604,15.3718,0.0011,-1.0000
16.6679,1.0000,51.3681,6.6084,0.4085,16.6896,16.6689,9.7250,0.0009,-1.0000
16.6671,1.0000,51.3846,1.1516,5.4550,16.6464,16.6532,15.2204,0.0010,-1.0000
16.6651,1.0000,51.4011,8.0036,0.3351,16.6577,16.6530,9.9005,0.0015,-1.0000
16.6676,1.0000,51.4180,1.2876,4.5315,16.6680,16.6585,15.4820,0.0011,-1.0000
16.6676,1.0000,51.4346,6.9432,0.3364,16.6791,16.6634,7.7597,0.0010,-1.0000
16.6635,1.0000,51.4512,1.4315,4.7721,16.6634,16.6447,15.3038,0.0011,-1.0000
16.6695,1.0000,51.4679,6.7512,0.3258,16.6613,16.6688,10.3001,0.0013,-1.0000
16.6681,1.0000,51.4846,1.1751,5.3196,16.6660,16.6645,15.3635,0.0011,-1.0000
16.6644,1.0000,51.5011,8.9026,0.3419,16.6724,16.6483,9.7345,0.0012,-1.0000
16.6682,1.0000,51.5179,1.3400,4.3588,16.6527,16.6646,15.4818,0.0011,-1.0000
16.6679,1.0000,51.5346,6.3674,0.3297,16.6765,16.6595,8.0559,0.0012,-1.0000
16.6632,1.0000,51.5512,1.3002,5.0268,16.6743,16.6423,14.9743,0.0015,-1.0000
16.6682,1.0000,51.5679,6.9130,0.3098,16.6582,16.6627,10.0428,0.0011,-1.0000
16.6673,1.0000,51.5845,1.1815,4.6896,16.6737,16.6578,15.2213,0.0023,-1.0000
16.6650,1.0000,51.6012,8.6021,0.3594,16.6717,16.6540,8.5555,0.0011,-1.0000
16.6676,1.0000,51.6178,1.6666,4.3213,16.6521,16.6595,15.3765,0.0012,-1.0000
16.6684,1.0000,51.6346,6.6190,0.3636,16.6708,16.6694,10.0529,0.0011,-1.0000
16.6661,1.0000,51.6512,1.4340,5.4211,16.6672,16.6505,14.8532,0.0013,-1.0000
16.6649,1.0000,51.6679,8.0974,0.3517,16.6631,16.6510,10.1407,0.0012,-1.0000
16.6686,1.0000,51.6847,1.2813,4.3809,16.6663,16.6719,15.4429,0.0013,-1.0000
16.6652,1.0000,51.7011,6.6154,0.3953,16.6788,16.6467,7.9943,0.0012,-1.0000
16.6670,1.0000,51.7179,1.7958,4.3435,16.6607,16.6614,15.5119,0.0011,-1.0000
16.6675,1.0000,51.7346,6.5091,0.3630,16.6588,16.6636,9.8995,0.0010,-1.0000
16.6667,1.0000,51.7512,1.2274,5.0006,16.6803,16.6557,15.2321,0.0012,-1.0000
16.6656,1.0000,51.7680,8.6515,0.4008,16.6563,16.6516,9.4952,0.0011,-1.0000
16.7056,1.0000,51.7847,1.1483,4.8579,16.6676,16.7221,15.2277,0.0012,-1.0000
16.6668,1.0000,51.8011,6.7634,0.3509,16.6723,16.6099,7.8335,0.0011,-1.0000
16.6626,1.0000,51.8178,1.4227,4.5046,16.6649,16.6438,15.5411,0.0011,-1.0000
16.6695,1.0000,51.8346,7.1551,0.3532,16.6610,16.6722,10.3570,0.0005,-1.0000
16.6685,1.0000,51.8513,1.4931,6.1734,16.7572,16.6637,15.4167,0.0011,-1.0000
16.6640,1.0000,51.8679,8.7755,0.3117,16.6192,16.6527,9.3331,0.0011,-1.0000
16.6676,1.0000,51.8845,1.1018,4.3793,16.6500,16.6545,15.3384,0.0012,-1.0000
16.6676,1.0000,51.9011,6.3147,0.3262,16.6784,16.6655,10.2331,0.0011,-1.0000
16.6666,1.0000,51.9179,1.2457,5.3777,16.6729,16.6597,15.1426,0.0014,-1.0000
16.6658,1.0000,51.9346,7.3187,0.3180,16.6614,16.6548,9.6802,0.0012,-1.0000
16.6690,1.0000,51.9513,1.3148,4.4284,16.6621,16.6657,15.3018,0.0012,-1.0000
16.6665,1.0000,51.9679,6.4315,0.4435,16.6738,16.6501,8.4105,0.0013,-1.0000
16.6645,1.0000,51.9845,1.5155,4.3371,16.6678,16.6485,15.2289,0.0011,-1.0000
16.6703,1.0000,52.0012,6.9734,0.3524,16.6643,16.6717,10.1582,0.0011,-1.0000
16.6664,1.0000,52.0180,1.3626,5.7624,16.6765,16.6593,15.3268,0.0011,-1.0000
16.6652,1.0000,52.0346,8.2383,0.3598,16.6614,16.6473,9.9082,0.0014,-1.0000
16.6666,1.0000,52.0513,1.4182,4.4477,16.6557,16.6610,15.3998,0.0012,-1.0000
16.6684,1.0000,52.0679,6.5121,0.3301,16.6799,16.6599,9.1978,0.0013,-1.0000
16.6632,1.0000,52.0846,1.3312,5.0411,16.6703,16.6527,15.3970,0.0013,-1.0000
16.6714,1.0000,52.1012,6.7378,0.3408,16.6562,16.6621,9.3321,0.0011,-1.0000
16.6649,1.0000,52.1179,1.2599,5.1430,16.6695,16.6607,15.1631,0.0011,-1.0000
16.6665,1.0000,52.1346,7.4606,0.3469,16.6680,16.6556,10.2453,0.0011,-1.0000
16.6670,1.0000,52.1512,1.2549,4.8171,16.6607,16.6582,15.3987,0.0014,-1.0000
16.6690,1.0000,52.1681,7.3291,0.4137,16.6692,16.6673,9.5894,0.0012,-1.0000
16.6621,1.0000,52.1846,1.4967,4.2362,16.6692,16.6404,14.9731,0.0013,-1.0000
16.6690,1.0000,52.2011,6.4092,0.3971,16.6646,16.6637,10.0777,0.0012,-1.0000
16.6676,1.0000,52.2179,1.2581,5.6112,16.6665,16.6621,15.5320,0.0013,-1.0000
16.6651,1.0000,52.2346,7.0765,0.3261,16.6783,16.6540,9.0775,0.0014,-1.0000
16.6666,1.0000,52.2512,1.6661,4.3028,16.6505,16.6582,15.2597,0.0012,-1.0000
16.6691,1.0000,52.2681,6.5849,0.3152,16.6708,16.6722,9.6358,0.0012,-1.0000
16.6654,1.0000,52.2846,1.1287,5.2207,16.6704,16.6466,14.8131,0.0020,-1.0000
16.6653,1.0000,52.3011,7.5752,0.3562,16.6630,16.6522,10.2416,0.0011,-1.0000
16.6671,1.0000,52.3179,1.3975,4.4751,16.6657,16.6628,15.5041,0.0016,-1.0000
16.6678,1.0000,52.3346,7.0350,0.5859,16.6827,16.6616,9.6185,0.0012,-1.0000
16.6665,1.0000,52.3513,1.8316,4.3336,16.6565,16.6581,15.3309,0.0013,-1.0000
16.6662,1.0000,52.3679,6.4094,0.3524,16.6597,16.6566,10.0029,0.0010,-1.0000
16.6677,1.0000,52.3846,1.1572,4.6955,16.6706,16.6663,15.1625,0.0011,-1.0000
16.6641,1.0000,52.4011,7.0425,0.3506,16.6695,16.6447,10.2037,0.0008,-1.0000
16.6664,1.0000,52.4179,1.3256,4.3062,16.6662,16.6567,15.5400,0.0013,-1.0000
16.6697,1.0000,52.4347,6.6528,0.4675,16.6648,16.6688,8.5064,0.0013,-1.0000
16.6663,1.0000,52.4512,1.5026,4.2429,16.6748,16.6556,15.2464,0.0014,-1.0000
16.6665,1.0000,52.4679,6.4405,0.3120,16.6529,16.6602,9.9779,0.0011,-1.0000
16.6682,1.0000,52.4846,1.1154,5.0349,16.6652,16.6615,15.4204,0.0011,-1.0000
16.6646,1.0000,52.5011,8.1604,0.3067,16.6758,16.6544,9.0293,0.0010,-1.0000
16.6654,1.0000,52.5179,1.4079,4.5062,16.6640,16.6503,15.5478,0.0011,-1.0000
16.6686,1.0000,52.5346,6.6821,0.3234,16.6688,16.6674,9.3582,0.0011,-1.0000
16.6667,1.0000,52.5512,1.2398,4.8131,16.6689,16.6572,15.1702,0.0012,-1.0000
16.6669,1.0000,52.5679,7.6239,0.3708,16.6628,16.6644,10.0561,0.0010,-1.0000
16.6671,1.0000,52.5848,1.1010,5.0297,16.6576,16.6579,15.3464,0.0013,-1.0000
16.6652,1.0000,52.6012,7.3077,0.6544,16.6747,16.6549,8.9618,0.0011,-1.0000
16.6681,1.0000,52.6179,1.4855,4.4821,16.6652,16.6603,15.3382,0.0013,-1.0000
16.6670,1.0000,52.6348,6.6073,0.3847,16.6728,16.6605,9.9378,0.0011,-1.0000
16.6661,1.0000,52.6512,1.3100,4.8232,16.6660,16.6581,15.0535,0.0014,-1.0000
16.6666,1.0000,52.6679,7.6921,0.3648,16.6626,16.6556,10.1938,0.0011,-1.0000
16.8343,1.0000,52.6850,1.3205,4.4006,16.6679,16.8900,15.5509,0.0012,-1.0000
16.5942,1.0000,52.7012,6.7219,0.3558,16.6689,16.5150,7.8709,0.0011,-1.0000
16.6677,1.0000,52.7180,1.6031,4.3816,16.6668,16.6608,15.3918,0.0010,-1.0000
16.6694,1.0000,52.7348,6.4604,0.3373,16.6640,16.6719,9.8797,0.0011,-1.0000
16.6648,1.0000,52.7513,1.3380,5.2952,16.9023,16.6393,14.7151,0.0013,-1.0000
16.6661,1.0000,52.7681,8.6431,0.3750,16.5249,16.6623,10.0842,0.0012,-1.0000
16.6699,1.0000,52.7848,1.2677,4.8550,16.6682,16.6671,15.3118,0.0011,-1.0000
16.6632,1.0000,52.8013,6.7918,0.4482,16.6834,16.6470,8.3239,0.0011,-1.0000
16.6661,1.0000,52.8180,1.9227,4.4069,16.6493,16.6545,15.3517,0.0017,-1.0000
16.6691,1.0000,52.8347,6.5770,0.3185,16.6702,16.6665,10.0923,0.0011,-1.0000
16.6663,1.0000,52.8514,1.3540,5.2574,16.6772,16.6575,15.2897,0.0010,-1.0000
16.6654,1.0000,52.8680,8.3221,0.3666,16.6576,16.6511,9.7784,0.0010,-1.0000
16.6668,1.0000,52.8847,1.3012,4.4643,16.6603,16.6664,15.3731,0.0011,-1.0000
16.6682,1.0000,52.9012,6.5733,0.3771,16.6742,16.6586,9.0446,0.0011,-1.0000
16.6655,1.0000,52.9180,1.3666,4.5764,16.6672,16.6525,15.3657,0.0011,-1.0000
16.6677,1.0000,52.9347,6.8718,0.3109,16.6591,16.6641,9.9473,0.0012,-1.0000
16.6675,1.0000,52.9514,1.2922,5.1629,16.6737,16.6611,15.2872,0.0011,-1.0000
16.6651,1.0000,52.9680,7.6136,0.3165,16.6660,16.6534,9.9484,0.0014,-1.0000
16.6683,1.0000,52.9847,1.2858,4.2390,16.6611,16.6651,15.3843,0.0012,-1.0000
16.6663,1.0000,53.0012,6.7158,0.3133,16.6724,16.6524,7.5467,0.0012,-1.0000
16.6653,1.0000,53.0181,1.3728,4.4849,16.6699,16.6527,15.5039,0.0011,-1.0000
16.6686,1.0000,53.0348,6.7037,0.3846,16.6616,16.6685,10.0043,0.0014,-1.0000
16.6672,1.0000,53.0514,1.2794,5.4985,16.6740,16.6582,15.0230,0.0013,-1.0000
16.6648,1.0000,53.0680,9.1047,0.3702,16.6613,16.6446,10.0148,0.0012,-1.0000
16.6662,1.0000,53.0847,1.1474,4.3760,16.6603,16.6563,15.4483,0.0013,-1.0000
16.6689,1.0000,53.1015,6.6624,0.3387,16.6785,16.6705,9.2793,0.0010,-1.0000
16.6644,1.0000,53.1180,1.6337,4.3219,16.6692,16.6453,14.7784,0.0012,-1.0000
16.6672,1.0000,53.1347,6.6290,0.3425,16.6542,16.6633,10.1068,0.0010,-1.0000
16.6696,1.0000,53.1515,1.2068,5.4163,16.6633,16.6713,15.3302,0.0013,-1.0000
16.6636,1.0000,53.1680,7.3909,0.3365,16.6801,16.6433,8.9078,0.0018,-1.0000
16.6679,1.0000,53.1847,1.8655,4.4330,16.6537,16.6623,15.4358,0.0011,-1.0000
16.6686,1.0000,53.2013,6.5557,0.3425,16.6704,16.6680,9.8909,0.0013,-1.0000
16.6654,1.0000,53.2180,1.3397,5.0575,16.6799,16.6493,15.2937,0.0011,-1.0000
16.6662,1.0000,53.2347,7.7339,0.3560,16.6523,16.6581,9.9975,0.0010,-1.0000
16.6686,1.0000,53.2514,1.2251,4.3489,16.6692,16.6653,15.4117,0.0011,-1.0000
16.6640,1.0000,53.2681,6.7763,0.3661,16.6781,16.6475,9.0043,0.0012,-1.0000
16.6681,1.0000,53.2847,1.3544,4.4597,16.6591,16.6608,15.3405,0.0013,-1.0000
16.6666,1.0000,53.3013,6.6594,0.2829,16.6661,16.6595,9.8784,0.0011,-1.0000
16.6674,1.0000,53.3181,1.2521,5.3150,16.6740,16.6596,14.9772,0.0011,-1.0000
16.6662,1.0000,53.3347,7.6421,0.3036,16.6564,16.6607,9.3132,0.0013,-1.0000
16.6668,1.0000,53.3514,1.3186,4.3903,16.6686,16.6573,15.2777,0.0012,-1.0000
16.6671,1.0000,53.3680,6.7798,0.4237,16.6682,16.6571,8.3590,0.0013,-1.0000
16.6655,1.0000,53.3847,1.6809,5.0109,16.6676,16.6504,15.3390,0.0010,-1.0000
16.6711,1.0000,53.4014,7.3462,0.3163,16.6691,16.6743,9.9900,0.0010,-1.0000
16.6639,1.0000,53.4180,1.3784,5.3338,16.6661,16.6468,14.9886,0.0013,-1.0000
16.6655,1.0000,53.4347,8.2971,0.3429,16.6656,16.6537,9.7459,0.0010,-1.0000
16.6683,1.0000,53.4514,1.3104,4.3992,16.6583,16.6652,15.3583,0.0012,-1.0000
16.6670,1.0000,53.4681,6.6832,0.4106,16.6851,16.6596,8.5503,0.0013,-1.0000
16.6652,1.0000,53.4847,1.6569,4.6872,16.6569,16.6465,14.9916,0.0016,-1.0000
16.6669,1.0000,53.5012,6.9067,0.3354,16.6617,16.6626,9.9340,0.0010,-1.0000
16.6677,1.0000,53.5182,1.3056,5.1790,16.6729,16.6604,15.4931,0.0011,-1.0000
16.6657,1.0000,53.5347,8.1078,0.3648,16.6695,16.6556,8.7659,0.0011,-1.0000
16.6666,1.0000,53.5513,1.6533,4.4102,16.6551,16.6586,15.3962,0.0012,-1.0000
16.6686,1.0000,53.5681,6.7275,0.3106,16.6706,16.6651,10.0708,0.0013,-1.0000
16.6663,1.0000,53.5847,1.1661,5.2539,16.6700,16.6535,15.1992,0.0012,-1.0000
16.6642,1.0000,53.6013,7.8885,0.3583,16.6642,16.6508,9.9289,0.0011,-1.0000
16.6680,1.0000,53.6180,1.2613,4.8988,16.6656,16.6632,15.3546,0.0012,-1.0000
16.6674,1.0000,53.6347,6.5933,0.4169,16.6739,16.6624,8.4662,0.0011,-1.0000
16.6660,1.0000,53.6513,1.4532,4.4116,16.6630,16.6564,15.4191,0.0013,-1.0000
16.6673,1.0000,53.6680,6.7209,0.3601,16.6587,16.6604,9.7679,0.0009,-1.0000
16.6683,1.0000,53.6849,1.3074,5.8104,16.6702,16.6662,15.4427,0.0012,-1.0000
16.6644,1.0000,53.7012,8.1957,0.3241,16.6702,16.6411,10.0443,0.0015,-1.0000
16.6662,1.0000,53.7180,1.2358,4.3227,16.6653,16.6576,15.5076,0.0013,-1.0000
16.6684,1.0000,53.7347,6.8918,0.3591,16.6683,16.6624,8.6318,0.0009,-1.0000
16.6666,1.0000,53.7513,1.2222,4.6747,16.6790,16.6608,15.1798,0.0010,-1.0000
16.6671,1.0000,53.7681,6.5959,0.3534,16.6501,16.6594,9.6584,0.0008,-1.0000
16.6672,1.0000,53.7851,1.1487,6.1929,16.6661,16.8162,15.2622,0.0011,-1.0000
16.6651,1.0000,53.8014,8.0299,0.4722,16.6698,16.5666,8.0614,0.0014,-1.0000
16.6678,1.0000,53.8180,1.4800,4.7536,16.6699,16.5602,15.1994,0.0014,-1.0000
16.6670,1.0000,53.8347,7.0005,0.3652,16.6685,16.6598,10.0075,0.0012,-1.0000
16.6672,1.0000,53.8514,1.5530,5.5973,16.8262,16.6606,15.3461,0.0012,-1.0000
16.6654,1.0000,53.8680,8.5044,0.3169,16.6019,16.6560,9.8228,0.0011,-1.0000
16.6680,1.0000,53.8847,1.3593,4.4291,16.5676,16.6668,15.3273,0.0012,-1.0000
16.6667,1.0000,53.9013,6.6507,0.4772,16.6678,16.6546,8.8391,0.0012,-1.0000
16.6658,1.0000,53.9180,1.3132,4.4969,16.6687,16.6500,15.5273,0.0010,-1.0000
16.6677,1.0000,53.9348,6.8318,0.3190,16.6639,16.6676,10.1175,0.0012,-1.0000
16.6667,1.0000,53.9514,1.3384,5.0872,16.6758,16.6510,15.1209,0.0013,-1.0000
16.6656,1.0000,53.9680,7.8142,0.3516,16.6647,16.6558,9.7122,0.0010,-1.0000
16.6672,1.0000,53.9847,1.1219,4.3785,16.6585,16.6593,15.4465,0.0010,-1.0000
16.6665,1.0000,54.0013,6.5493,0.3297,16.6779,16.6573,8.1289,0.0011,-1.0000
16.6674,1.0000,54.0181,1.5286,4.6193,16.6610,16.6576,15.3734,0.0014,-1.0000
16.6657,1.0000,54.0347,6.9426,0.3553,16.6646,16.6541,9.5136,0.0012,-1.0000
16.6690,1.0000,54.0514,1.2116,5.3368,16.6684,16.6658,15.3423,0.0010,-1.0000
16.6638,1.0000,54.0680,8.5280,0.3583,16.6652,16.6502,8.6343,0.0013,-1.0000
16.6674,1.0000,54.0847,1.2826,4.6882,16.6666,16.6602,15.3767,0.0011,-1.0000
16.6705,1.0000,54.1014,7.1398,0.3757,16.6636,16.6696,9.2911,0.0013,-1.0000
16.6626,1.0000,54.1180,1.3221,4.9475,16.6748,16.6400,15.1118,0.0010,-1.0000
16.6675,1.0000,54.1347,8.0145,0.3503,16.6588,16.6652,10.0539,0.0011,-1.0000
16.6682,1.0000,54.1514,1.2823,4.4437,16.6680,16.6639,15.4055,0.0012,-1.0000
16.6643,1.0000,54.1680,7.3769,0.3835,16.6793,16.6478,8.0956,0.0012,-1.0000
16.6686,1.0000,54.1848,1.5268,4.5021,16.6483,16.6681,15.4568,0.0011,-1.0000
16.6667,1.0000,54.2013,6.6101,0.3634,16.6720,16.6570,9.6419,0.0010,-1.0000
16.6663,1.0000,54.2180,1.2569,5.4118,16.6733,16.6551,15.4144,0.0014,-1.0000
16.6663,1.0000,54.2347,8.5510,0.2942,16.6558,16.6565,10.3235,0.0012,-1.0000
16.6676,1.0000,54.2514,1.2102,4.3123,16.6767,16.6663,15.4332,0.0012,-1.0000
16.6658,1.0000,54.2683,7.0138,0.2953,16.6654,16.6479,8.4533,0.0010,-1.0000
16.6670,1.0000,54.2847,1.2392,4.1554,16.6641,16.6636,15.0012,0.0014,-1.0000
16.6681,1.0000,54.3013,6.3318,0.3109,16.6643,16.6622,9.9159,0.0011,-1.0000
16.6661,1.0000,54.3180,1.2320,5.3711,16.6759,16.6511,15.2327,0.0011,-1.0000
16.6655,1.0000,54.3347,8.1940,0.3293,16.6572,16.6537,10.1212,0.0010,-1.0000
16.6682,1.0000,54.3516,1.6609,4.7901,16.6722,16.6728,15.4217,0.0010,-1.0000
16.6661,1.0000,54.3681,6.7455,0.4161,16.6716,16.6455,9.0203,0.0013,-1.0000
16.6663,1.0000,54.3847,1.4175,4.2728,16.6608,16.6530,15.3553,0.0014,-1.0000
16.6675,1.0000,54.4013,6.5313,0.3110,16.6619,16.6676,9.6493,0.0009,-1.0000
16.6670,1.0000,54.4180,1.2500,4.7475,16.6835,16.6541,15.3584,0.0011,-1.0000
16.6642,1.0000,54.4348,7.6237,0.3368,16.6562,16.6505,9.9042,0.0011,-1.0000
16.6680,1.0000,54.4513,1.2960,4.6298,16.6617,16.6580,15.2686,0.0011,-1.0000
16.6672,1.0000,54.4680,7.0173,0.3184,16.6775,16.6625,8.8452,0.0011,-1.0000
16.6668,1.0000,54.4847,1.2944,4.5582,16.6633,16.6583,15.4122,0.0013,-1.0000
16.6683,1.0000,54.5013,6.7454,0.3237,16.6591,16.6647,9.9356,0.0011,-1.0000
16.6653,1.0000,54.5181,1.3879,5.3650,16.6651,16.6489,15.1537,0.0013,-1.0000
16.6664,1.0000,54.5347,7.8164,0.3914,16.6709,16.6614,10.0159,0.0011,-1.0000
16.6661,1.0000,54.5513,1.2447,4.3459,16.6674,16.6510,15.2683,0.0014,-1.0000
16.6698,1.0000,54.5681,6.7281,0.4373,16.6757,16.6715,7.7674,0.0011,-1.0000
16.6623,1.0000,54.5846,1.4934,4.8961,16.6579,16.6391,15.2954,0.0015,-1.0000
16.6700,1.0000,54.6013,6.6447,0.3998,16.6690,16.6730,10.1646,0.0013,-1.0000
16.6681,1.0000,54.6181,1.3810,5.1517,16.6589,16.6635,15.3890,0.0013,-1.0000
16.6647,1.0000,54.6347,8.9032,0.3053,16.6806,16.6455,9.6736,0.0014,-1.0000
16.6666,1.0000,54.6514,1.3425,4.2979,16.6477,16.6607,15.3634,0.0010,-1.0000
16.6695,1.0000,54.6680,6.5068,0.3376,16.6800,16.6665,8.2279,0.0012,-1.0000
16.6636,1.0000,54.6847,1.2727,4.4817,16.6738,16.6427,15.2553,0.0013,-1.0000
16.6668,1.0000,54.7013,6.9700,0.3582,16.6543,16.6618,10.0060,0.0012,-1.0000
16.6678,1.0000,54.7181,1.2963,5.7796,16.6697,16.6637,15.4930,0.0011,-1.0000
16.6656,1.0000,54.7347,8.4373,0.4102,16.6761,16.6529,8.8945,0.0010,-1.0000
16.6668,1.0000,54.7513,1.3859,4.5563,16.6507,16.6603,15.3890,0.0014,-1.0000
16.6694,1.0000,54.7689,6.6553,0.2830,16.6694,16.7078,10.2582,0.0011,-1.0000
16.6661,1.0000,54.7847,1.1692,5.1063,16.6733,16.5726,14.2706,0.0010,-1.0000
16.6655,1.0000,54.8013,7.7575,0.3260,16.6623,16.6561,9.8542,0.0010,-1.0000
16.6694,1.0000,54.8181,1.2698,4.6190,16.6676,16.6645,15.5034,0.0012,-1.0000
16.6627,1.0000,54.8347,6.4487,0.3824,16.7179,16.6477,8.2617,0.0011,-1.0000
16.6682,1.0000,54.8514,2.3006,4.4881,16.6171,16.6577,15.2701,0.0012,-1.0000
16.6665,1.0000,54.8680,6.8013,0.3788,16.6657,16.6654,10.0012,0.0011,-1.0000
16.6672,1.0000,54.8847,1.1598,5.3778,16.6747,16.6539,15.2711,0.0009,-1.0000
16.6661,1.0000,54.9012,8.3851,0.3711,16.6575,16.6586,9.0346,0.0011,-1.0000
16.6672,1.0000,54.9180,1.3865,4.7211,16.6643,16.6635,15.5131,0.0011,-1.0000
16.6670,1.0000,54.9348,6.6636,0.3810,16.6731,16.6602,8.8547,0.0010,-1.0000
16.6663,1.0000,54.9513,1.3817,5.0867,16.6621,16.6528,15.2517,0.0014,-1.0000
16.6675,1.0000,54.9681,7.6227,0.3225,16.6660,16.6639,10.1023,0.0011,-1.0000
16.6666,1.0000,54.9847,1.1492,5.3396,16.6711,16.6569,15.1931,0.0011,-1.0000
16.6649,1.0000,55.0012,7.8045,0.3861,16.6688,16.6515,9.4959,0.0012,-1.0000
16.6685,1.0000,55.0181,1.3995,4.2410,16.6614,16.6669,15.5233,0.0010,-1.0000
16.6665,1.0000,55.0347,6.5606,0.3648,16.6716,16.6560,8.5870,0.0011,-1.0000
16.6639,1.0000,55.0513,1.4626,4.5186,16.6658,16.6466,15.4752,0.0010,-1.0000
16.6686,1.0000,55.0680,7.1542,0.3249,16.6598,16.6685,10.3047,0.0011,-1.0000
16.6696,1.0000,55.0847,1.1424,5.7143,16.6746,16.6679,15.4274,0.0010,-1.0000
16.6643,1.0000,55.1013,8.0684,0.3153,16.6650,16.6497,9.9021,0.0011,-1.0000
16.6667,1.0000,55.1180,1.1705,4.3462,16.6540,16.6605,15.3614,0.0011,-1.0000
16.6697,1.0000,55.1349,6.3628,0.7938,16.6753,16.6721,7.9511,0.0013,-1.0000
16.6629,1.0000,55.1513,1.2393,4.4916,16.6757,16.6402,14.9455,0.0014,-1.0000
16.6681,1.0000,55.1680,6.7465,0.3412,16.6576,16.6654,10.1287,0.0012,-1.0000
16.6681,1.0000,55.1849,1.2981,5.1983,16.6686,16.6644,15.4231,0.0011,-1.0000
16.6648,1.0000,55.2012,8.7193,0.3969,16.6817,16.6449,9.2304,0.0013,-1.0000
16.6667,1.0000,55.2180,1.6933,4.4121,16.6488,16.6585,15.5452,0.0010,-1.0000
16.6688,1.0000,55.2348,6.5357,0.3279,16.6722,16.6690,9.2328,0.0012,-1.0000
16.6655,1.0000,55.2514,1.2403,4.6401,16.6744,16.6541,15.1086,0.0012,-1.0000
16.6660,1.0000,55.2681,7.4134,0.3537,16.6540,16.6581,9.7495,0.0012,-1.0000
16.6693,1.0000,55.2848,1.1124,5.2752,16.6652,16.6672,15.2721,0.0011,-1.0000
16.6653,1.0000,55.3013,7.4350,0.3778,16.6766,16.6489,8.8211,0.0011,-1.0000
16.6642,1.0000,55.3180,1.5439,4.8623,16.6626,16.6482,15.4095,0.0014,-1.0000
16.6698,1.0000,55.3349,6.9081,0.3576,16.6661,16.6691,9.9460,0.0012,-1.0000
16.6658,1.0000,55.3514,1.3937,4.9451,16.6775,16.6573,14.8872,0.0013,-1.0000
16.6662,1.0000,55.3680,7.8268,0.3310,16.6588,16.6555,9.6488,0.0011,-1.0000
16.6686,1.0000,55.3847,1.2373,5.0802,16.6562,16.6657,15.3711,0.0011,-1.0000
16.6657,1.0000,55.4013,6.7217,1.4147,16.6780,16.6517,8.2293,0.0013,-1.0000
16.6652,1.0000,55.4180,1.7690,4.6211,16.6666,16.6531,15.5331,0.0014,-1.0000
16.6677,1.0000,55.4348,7.0058,0.3666,16.6636,16.6613,9.9956,0.0009,-1.0000
16.6673,1.0000,55.4514,1.2932,5.1406,16.6742,16.6635,15.1657,0.0011,-1.0000
16.6650,1.0000,55.4680,8.4211,0.3176,16.6605,16.6545,9.1319,0.0012,-1.0000
16.6647,1.0000,55.4847,1.1186,4.3072,16.6616,16.6534,2.6560,12.5997,-1.0000
16.6703,1.0000,55.5013,6.6646,0.4099,16.6697,16.6746,8.4240,0.0009,-1.0000
16.6652,1.0000,55.5180,1.4966,5.2634,16.6718,16.6443,15.3638,0.0009,-1.0000
16.6674,1.0000,55.5347,7.5212,0.4239,16.6631,16.6887,9.8854,0.0014,-1.0000
16.6677,1.0000,55.5514,1.3976,5.9212,16.6576,16.6380,15.4332,0.0012,-1.0000
16.6656,1.0000,55.5680,8.2497,0.3303,16.6826,16.6552,8.9856,0.0010,-1.0000
16.6667,1.0000,55.5847,1.2793,4.4474,16.6521,16.6581,15.2898,0.0012,-1.0000
16.6683,1.0000,55.6014,6.8024,0.3779,16.6961,16.6643,8.3183,0.0014,-1.0000
16.6672,1.0000,55.6180,1.2035,5.1716,16.6469,16.6543,15.1942,0.0012,-1.0000
16.6658,1.0000,55.6347,7.6685,0.4413,16.6634,16.6547,9.9953,0.0011,-1.0000
16.6691,1.0000,55.6515,1.3671,5.0455,16.6668,16.6661,15.3811,0.0012,-1.0000
16.6647,1.0000,55.6680,8.3449,0.3692,16.6736,16.6473,8.8233,0.0016,-1.0000
16.6652,1.0000,55.6847,1.4591,4.4658,16.6637,16.6521,15.4188,0.0011,-1.0000
16.6686,1.0000,55.7013,6.6581,0.3570,16.6631,16.6679,9.8977,0.0012,-1.0000
16.6666,1.0000,55.7182,1.2832,5.4469,16.6770,16.6568,15.3391,0.0011,-1.0000
16.6653,1.0000,55.7347,7.8228,0.3736,16.6587,16.6532,9.3739,0.0013,-1.0000
16.6680,1.0000,55.7514,1.2321,4.3259,16.6588,16.6604,15.2733,0.0014,-1.0000
16.6668,1.0000,55.7681,6.7689,0.3988,16.6774,16.6588,8.1516,0.0011,-1.0000
16.6651,1.0000,55.7847,1.3164,5.2142,16.6658,16.6512,15.3135,0.0013,-1.0000
16.6697,1.0000,55.8013,7.2782,0.3826,16.6647,16.6716,9.8623,0.0009,-1.0000
16.6657,1.0000,55.8180,1.3854,5.4457,16.6685,16.6494,15.2882,0.0014,-1.0000
16.6656,1.0000,55.8347,8.5058,0.3705,16.6668,16.6548,9.7730,0.0010,-1.0000
16.6662,1.0000,55.8514,1.3361,4.5854,16.6593,16.6560,15.3832,0.0011,-1.0000
16.6710,1.0000,55.8681,6.8088,0.6065,16.6824,16.6753,7.5042,0.0014,-1.0000
16.6621,1.0000,55.8847,1.3596,4.5865,16.6585,16.6361,15.1667,0.0011,-1.0000
16.6683,1.0000,55.9012,6.8807,0.3952,16.6647,16.6646,10.2597,0.0014,-1.0000
16.6689,1.0000,55.9181,1.2718,6.0153,16.6642,16.6674,15.5473,0.0011,-1.0000
16.6634,1.0000,55.9348,9.1703,0.4657,16.6861,16.6432,9.8148,0.0015,-1.0000
16.6679,1.0000,55.9513,1.4681,4.1941,16.6441,16.6596,15.3041,0.0011,-1.0000
16.6918,1.0000,55.9683,6.4034,0.3136,16.6720,16.6867,8.4546,0.0013,-1.0000
16.6651,1.0000,55.9848,1.1188,4.5576,16.6775,16.6581,14.6889,0.0016,-1.0000
16.6666,1.0000,56.0013,6.8270,0.3200,16.6532,16.6518,9.7274,0.0010,-1.0000
16.6681,1.0000,56.0184,1.3542,4.9396,16.6673,16.6661,15.5866,0.0010,-1.0000
16.6644,1.0000,56.0347,8.2311,0.3656,16.6961,16.6463,9.0076,0.0011,-1.0000
16.6674,1.0000,56.0514,1.9677,4.5496,16.6682,16.6637,15.4015,0.0013,-1.0000
16.6686,1.0000,56.0681,6.9232,0.2937,16.6597,16.6664,10.1170,0.0008,-1.0000
16.6665,1.0000,56.0847,1.0785,4.7915,16.6750,16.6519,15.1789,0.0010,-1.0000
16.6662,1.0000,56.1014,7.6375,0.3472,16.6540,16.6604,9.8435,0.0010,-1.0000
16.6691,1.0000,56.1181,1.2608,4.3281,16.6710,16.6654,15.2661,0.0010,-1.0000
16.6627,1.0000,56.1347,6.5482,0.3567,16.6759,16.6411,8.6003,0.0010,-1.0000
16.6670,1.0000,56.1513,1.4719,4.6157,16.6614,16.6589,15.4530,0.0011,-1.0000
16.6712,1.0000,56.1688,6.8161,0.3183,16.6687,16.6749,10.0430,0.0011,-1.0000
16.6646,1.0000,56.1848,1.3982,5.3866,16.6752,16.6496,14.5022,0.0011,-1.0000
16.6660,1.0000,56.2013,8.0402,0.4129,16.6504,16.6517,9.8024,0.0011,-1.0000
16.6685,1.0000,56.2181,1.2047,4.4991,16.6653,16.6689,15.4368,0.0010,-1.0000
16.6643,1.0000,56.2347,6.6304,0.4270,16.6855,16.6645,8.0051,0.0010,-1.0000
16.6658,1.0000,56.2514,2.1463,4.5656,16.6595,16.6367,15.3851,0.0014,-1.0000
16.6692,1.0000,56.2682,6.8489,0.3422,16.6607,16.6699,10.1695,0.0013,-1.0000
16.6665,1.0000,56.2847,1.2313,5.6874,16.6785,16.6509,13.9775,0.0018,-1.0000
16.6667,1.0000,56.3013,8.6588,0.2979,16.6729,16.6629,9.8767,0.0011,-1.0000
16.6672,1.0000,56.3181,1.2501,4.3454,16.6432,16.6600,15.4176,0.0012,-1.0000
16.6671,1.0000,56.3347,6.4993,0.4954,16.6787,16.6580,8.5837,0.0011,-1.0000
16.6659,1.0000,56.3514,2.6719,4.7941,16.6597,16.6546,15.3238,0.0011,-1.0000
16.6664,1.0000,56.3681,6.7852,0.3025,16.6721,16.6576,9.8657,0.0012,-1.0000
16.6671,1.0000,56.3847,1.2411,5.2133,16.6683,16.6591,15.0922,0.0010,-1.0000
16.6652,1.0000,56.4013,8.0732,0.4197,16.6666,16.6537,9.9331,0.0011,-1.0000
16.6697,1.0000,56.4181,1.3298,4.2677,16.6629,16.6763,15.4212,0.0013,-1.0000
16.6659,1.0000,56.4348,6.7909,0.3322,16.6662,16.6436,8.2758,0.0011,-1.0000
16.6664,1.0000,56.4514,1.5659,4.3901,16.6675,16.6512,15.2237,0.0012,-1.0000
16.6673,1.0000,56.4681,6.7200,0.2955,16.6617,16.6632,10.0976,0.0012,-1.0000
16.6672,1.0000,56.4847,1.2536,5.6597,16.6886,16.6606,15.3783,0.0012,-1.0000
16.6653,1.0000,56.5013,8.3666,0.3669,16.6541,16.6498,10.0687,0.0014,-1.0000
16.6659,1.0000,56.5181,1.4261,4.3417,16.6586,16.6589,15.5714,0.0013,-1.0000
16.6714,1.0000,56.5349,6.5648,0.3529,16.6714,16.6752,8.8876,0.0012,-1.0000
16.6639,1.0000,56.5514,1.2808,4.4104,16.6689,16.6449,15.0655,0.0013,-1.0000
16.6675,1.0000,56.5681,6.5797,0.3066,16.6576,16.6632,9.8567,0.0009,-1.0000
16.6669,1.0000,56.5848,1.0863,4.8004,16.6658,16.6584,15.2512,0.0013,-1.0000
16.6651,1.0000,56.6013,7.7866,0.4086,16.6844,16.6484,9.9754,0.0011,-1.0000
16.6664,1.0000,56.6180,1.5783,4.4566,16.6550,16.6619,15.4476,0.0014,-1.0000
16.6688,1.0000,56.6347,6.8058,0.3690,16.6717,16.6613,9.8024,0.0010,-1.0000
16.6671,1.0000,56.6514,1.4057,4.5886,16.6672,16.6563,15.3679,0.0010,-1.0000
16.6656,1.0000,56.6681,6.6718,0.3388,16.6568,16.6716,9.2483,0.0009,-1.0000
16.6685,1.0000,56.6848,1.2129,4.8343,16.6698,16.6479,15.3515,0.0010,-1.0000
16.6639,1.0000,56.7013,6.8587,0.3709,16.6731,16.6470,8.1842,0.0011,-1.0000
16.6668,1.0000,56.7180,1.2876,4.6093,16.6652,16.6602,15.4834,0.0012,-1.0000
16.6693,1.0000,56.7348,7.4226,0.3175,16.6801,16.6716,10.1163,0.0011,-1.0000
16.6672,1.0000,56.7515,1.2951,5.5859,16.6567,16.6549,14.9891,0.0015,-1.0000
16.6653,1.0000,56.7681,8.4622,0.3454,16.6555,16.6495,9.6426,0.0016,-1.0000
16.6681,1.0000,56.7849,1.1758,4.4813,16.6666,16.6680,15.3027,0.0011,-1.0000
16.6655,1.0000,56.8013,6.5540,0.4241,16.6818,16.6454,8.9467,0.0014,-1.0000
16.6666,1.0000,56.8181,1.6639,4.5393,16.6665,16.6565,15.4509,0.0011,-1.0000
16.6671,1.0000,56.8347,7.0053,0.3554,16.6585,16.6628,9.7091,0.0012,-1.0000
16.6669,1.0000,56.8515,1.3639,5.4103,16.6787,16.6534,15.2715,0.0011,-1.0000
16.6647,1.0000,56.8681,7.6972,0.3223,16.6564,16.6544,9.7315,0.0010,-1.0000
16.6686,1.0000,56.8847,1.2044,4.5873,16.6646,16.6659,15.3567,0.0011,-1.0000
16.6663,1.0000,56.9013,6.9530,0.3483,16.6735,16.6554,8.2796,0.0010,-1.0000
16.6660,1.0000,56.9181,1.3806,4.4584,16.6630,16.6501,15.3887,0.0010,-1.0000
16.6679,1.0000,56.9348,6.9220,0.3142,16.6629,16.6663,10.0837,0.0013,-1.0000
16.6669,1.0000,56.9514,1.3081,6.2095,16.6739,16.6585,15.1833,0.0012,-1.0000
16.6648,1.0000,56.9681,8.3755,0.2955,16.6641,16.6523,9.3890,0.0014,-1.0000
16.6666,1.0000,56.9847,1.2601,4.9213,16.6583,16.6607,15.3809,0.0011,-1.0000
16.6700,1.0000,57.0014,6.5813,0.3332,16.6747,16.6680,8.4083,0.0012,-1.0000
16.6652,1.0000,57.0182,1.4740,4.9028,16.6666,16.6469,14.9371,0.0015,-1.0000
16.6661,1.0000,57.0347,7.2623,0.3123,16.6610,16.6599,9.7359,0.0011,-1.0000
16.7004,1.0000,57.0516,1.2785,7.0202,16.6682,16.6946,15.4357,0.0012,-1.0000
16.6389,1.0000,57.0681,8.2590,0.3855,16.6777,16.6269,8.6930,0.0013,-1.0000
16.6678,1.0000,57.0847,1.7082,4.5982,16.6563,16.6595,15.4114,0.0011,-1.0000
16.6674,1.0000,57.1022,6.9234,0.3727,16.6676,16.6632,9.7889,0.0011,-1.0000
16.6659,1.0000,57.1180,1.2576,5.0594,16.7034,16.6541,13.5399,0.0016,-1.0000
16.6669,1.0000,57.1347,7.9326,0.3439,16.6348,16.6573,9.8375,0.0012,-1.0000
16.6677,1.0000,57.1513,1.2467,4.8956,16.6677,16.6615,15.4731,0.0010,-1.0000
16.6646,1.0000,57.1680,6.8736,0.3723,16.6728,16.6528,8.7326,0.0010,-1.0000
16.6680,1.0000,57.1847,3.1130,4.4511,16.6635,16.6599,15.3754,0.0011,-1.0000
16.6679,1.0000,57.2013,6.8188,0.3628,16.6658,16.6661,9.8139,0.0012,-1.0000
16.6655,1.0000,57.2180,1.1871,5.2844,16.6697,16.6473,15.0153,0.0009,-1.0000
16.6656,1.0000,57.2346,7.9192,0.3508,16.6623,16.6545,10.0619,0.0010,-1.0000
16.7945,1.0000,57.2517,1.2831,4.5572,16.6680,16.8501,15.6112,0.0011,-1.0000
16.6642,1.0000,57.2682,6.8510,0.3222,16.6767,16.5901,8.4570,0.0012,-1.0000
16.6681,1.0000,57.2848,1.6308,4.4623,16.6567,16.6594,15.3431,0.0009,-1.0000
16.6661,1.0000,57.3014,6.5916,0.3058,16.6630,16.6610,9.3618,0.0011,-1.0000
16.6672,1.0000,57.3181,1.2377,5.2662,16.8623,16.6552,15.4113,0.0010,-1.0000
16.6644,1.0000,57.3348,8.1318,0.3054,16.6001,16.6547,9.9664,0.0010,-1.0000
16.6701,1.0000,57.3515,1.3152,4.9046,16.6669,16.6646,15.5174,0.0009,-1.0000
16.6667,1.0000,57.3682,7.2981,0.3498,16.6691,16.6607,9.0973,0.0011,-1.0000
16.6650,1.0000,57.3850,1.2430,4.6563,16.6636,16.6493,15.2274,0.0010,-1.0000
16.6681,1.0000,57.4014,6.6875,0.3210,16.6624,16.6648,9.6717,0.0013,-1.0000
16.6673,1.0000,57.4183,1.1465,4.9928,16.6737,16.6622,15.2275,0.0011,-1.0000
16.6642,1.0000,57.4349,7.5621,0.3729,16.6704,16.6460,9.7920,0.0012,-1.0000
16.9106,1.0000,57.4518,1.4206,4.5766,16.6572,16.8966,15.5535,0.0011,-1.0000
16.6698,1.0000,57.4684,6.9916,0.3657,16.6729,16.6737,9.3783,0.0009,-1.0000
16.6662,1.0000,57.4851,1.4335,4.6393,16.6733,16.6539,15.3244,0.0013,-1.0000
16.6672,1.0000,57.5017,6.8530,0.2945,16.6553,16.6617,9.5921,0.0011,-1.0000
16.6687,1.0000,57.5186,1.3422,6.0487,16.9038,16.6658,15.4114,0.0012,-1.0000
16.6636,1.0000,57.5351,7.2952,0.3123,16.6811,16.6410,9.2207,0.0012,-1.0000
16.6674,1.0000,57.5517,1.3282,4.7160,16.6624,16.6601,15.4502,0.0013,-1.0000
16.6676,1.0000,57.5685,7.0691,0.3152,16.6698,16.6611,9.4720,0.0011,-1.0000
16.6647,1.0000,57.5851,1.2530,4.7684,16.6762,16.6546,14.7017,0.0015,-1.0000
16.6663,1.0000,57.6017,7.4191,0.3306,16.6508,16.6604,9.9750,0.0014,-1.0000
16.6705,1.0000,57.6186,1.2085,5.9161,16.6674,16.7047,15.4649,0.0012,-1.0000
16.6651,1.0000,57.6351,7.1885,0.3816,16.6686,16.6150,8.0803,0.0013,-1.0000
16.6661,1.0000,57.6517,1.9514,4.6179,16.6624,16.6536,15.3528,0.0011,-1.0000
16.6681,1.0000,57.6685,6.6844,0.3094,16.6670,16.6654,9.2957,0.0011,-1.0000
16.6672,1.0000,57.6852,1.2386,5.6285,16.7141,16.6656,15.1756,0.0012,-1.0000
16.6648,1.0000,57.7017,8.5338,0.3602,16.6254,16.6500,9.9995,0.0013,-1.0000
16.6686,1.0000,57.7184,1.2996,5.1821,16.6603,16.6636,15.5306,0.0010,-1.0000
16.6658,1.0000,57.7351,7.3692,0.2964,16.6736,16.6563,7.8550,0.0009,-1.0000
16.6657,1.0000,57.7517,1.4885,4.4629,16.6740,16.6505,15.3690,0.0012,-1.0000
16.6681,1.0000,57.7689,6.6500,0.3131,16.6579,16.6675,10.0206,0.0012,-1.0000
16.6665,1.0000,57.7851,1.1319,5.1528,16.6733,16.6572,14.8509,0.0010,-1.0000
16.6657,1.0000,57.8017,8.8004,0.3520,16.6651,16.6552,9.7161,0.0011,-1.0000
16.6680,1.0000,57.8188,1.2804,4.4523,16.6578,16.7851,15.5388,0.0011,-1.0000
16.6673,1.0000,57.8351,6.6459,0.3070,16.6748,16.5376,7.9402,0.0012,-1.0000
16.6624,1.0000,57.8517,1.8052,4.5773,16.6650,16.6443,15.4558,0.0011,-1.0000
16.6690,1.0000,57.8684,6.9380,0.4406,16.6634,16.6690,9.9827,0.0009,-1.0000
16.6710,1.0000,57.8851,1.2452,5.5796,16.7932,16.6660,15.4435,0.0010,-1.0000
16.6645,1.0000,57.9017,8.5963,0.2932,16.5452,16.6571,8.7300,0.0012,-1.0000
16.6683,1.0000,57.9184,1.1877,4.5391,16.6504,16.6636,15.5192,0.0011,-1.0000
16.6684,1.0000,57.9353,6.6855,0.3039,16.6749,16.6614,9.7864,0.0012,-1.0000
16.6643,1.0000,57.9518,1.2210,5.0238,16.6737,16.6002,15.0645,0.0012,-1.0000
16.6657,1.0000,57.9684,7.9261,0.3277,16.6651,16.6550,10.0499,0.0010,-1.0000
16.6686,1.0000,57.9851,1.1431,4.3199,16.6705,16.6650,15.4252,0.0010,-1.0000
16.6666,1.0000,58.0017,6.8736,0.3533,16.7227,16.6574,8.9550,0.0010,-1.0000
16.6673,1.0000,58.0185,1.5345,4.4380,16.6083,16.6641,15.5310,0.0011,-1.0000
16.6668,1.0000,58.0351,6.6041,0.2940,16.6626,16.6563,9.7443,0.0012,-1.0000
16.6689,1.0000,58.0518,1.2382,5.7117,16.6724,16.6651,15.3362,0.0013,-1.0000
16.6627,1.0000,58.0684,7.7017,0.3467,16.6652,16.6401,9.5147,0.0010,-1.0000
16.6652,1.0000,58.0850,1.1321,4.5851,16.6739,16.6559,15.4547,0.0011,-1.0000
16.6705,1.0000,58.1018,6.9111,0.3602,16.6647,16.6734,9.2949,0.0008,-1.0000
16.6628,1.0000,58.1184,1.3272,4.7034,16.6752,16.6446,15.4017,0.0011,-1.0000
16.6694,1.0000,58.1351,7.1246,0.3204,16.6485,16.6705,9.8111,0.0010,-1.0000
16.6677,1.0000,58.1519,1.2002,4.9910,16.6616,16.6638,15.3389,0.0011,-1.0000
16.6649,1.0000,58.1684,7.3780,0.2905,16.6814,16.6502,9.6836,0.0014,-1.0000
16.6678,1.0000,58.1852,1.2419,4.5061,16.6516,16.6613,15.3736,0.0012,-1.0000
16.6667,1.0000,58.2017,6.8582,0.3105,16.6771,16.6604,9.6926,0.0010,-1.0000
16.6659,1.0000,58.2184,1.3236,4.4375,16.6728,16.6488,15.3883,0.0010,-1.0000
16.6669,1.0000,58.2351,6.9657,0.3244,16.6587,16.6597,10.0489,0.0011,-1.0000
16.6751,1.0000,58.2520,1.2862,4.9718,16.6696,16.6731,15.4271,0.0012,-1.0000
16.6639,1.0000,58.2685,6.9681,0.5313,16.6705,16.6523,8.4526,0.0012,-1.0000
16.6688,1.0000,58.2851,1.2593,4.1959,16.6578,16.6612,15.2578,0.0013,-1.0000
16.6674,1.0000,58.3017,6.6100,0.3241,16.6673,16.6640,9.4969,0.0012,-1.0000
16.6660,1.0000,58.3184,1.2447,5.2525,16.6806,16.6506,15.0862,0.0011,-1.0000
16.6665,1.0000,58.3351,8.1984,0.3490,16.6606,16.6607,9.9113,0.0013,-1.0000
16.6669,1.0000,58.3520,1.4017,4.5205,16.6684,16.6636,15.4109,0.0013,-1.0000
16.6665,1.0000,58.3685,7.1657,0.3988,16.6739,16.6497,9.0724,0.0012,-1.0000
16.6665,1.0000,58.3851,1.5641,4.5146,16.6594,16.6548,15.1844,0.0013,-1.0000
16.6665,1.0000,58.4017,6.7481,0.3506,16.6693,16.6608,9.6661,0.0011,-1.0000
16.6673,1.0000,58.4185,1.2512,5.7528,16.6746,16.6579,15.3022,0.0010,-1.0000
16.6658,1.0000,58.4352,7.5763,0.3364,16.6604,16.6564,9.9230,0.0011,-1.0000
16.7008,1.0000,58.4519,1.4690,4.6410,16.6626,16.6969,15.2843,0.0012,-1.0000
16.6686,1.0000,58.4685,6.9937,0.3962,16.6688,16.6603,8.3995,0.0012,-1.0000
16.6649,1.0000,58.4851,1.3546,4.5258,16.6657,16.6522,15.3323,0.0010,-1.0000
16.6670,1.0000,58.5017,6.7325,0.3042,16.6639,16.6618,9.9322,0.0010,-1.0000
16.7700,1.0000,58.5187,1.4113,5.3883,16.7050,16.7678,15.4443,0.0011,-1.0000
16.6649,1.0000,58.5352,8.2597,0.3134,16.6684,16.6468,9.5783,0.0014,-1.0000
16.6672,1.0000,58.5519,1.3190,4.6128,16.6608,16.6636,15.3785,0.0012,-1.0000
16.6671,1.0000,58.5686,6.7284,0.4131,16.6686,16.6592,8.6378,0.0012,-1.0000
16.6666,1.0000,58.5852,1.3225,4.4176,16.7773,16.6542,15.2958,0.0015,-1.0000
16.6666,1.0000,58.6020,7.0672,0.3868,16.6563,16.6607,9.6554,0.0009,-1.0000
16.6681,1.0000,58.6186,1.2836,5.6833,16.6712,16.6623,15.1516,0.0010,-1.0000
16.6644,1.0000,58.6352,8.0207,0.4052,16.6675,16.6440,9.0928,0.0011,-1.0000
16.6679,1.0000,58.6519,1.3568,4.4995,16.6623,16.6676,15.4877,0.0012,-1.0000
16.6695,1.0000,58.6687,7.0044,0.3275,16.6707,16.6662,9.7201,0.0016,-1.0000
16.6640,1.0000,58.6853,1.5093,5.2878,16.6725,16.6477,15.1006,0.0011,-1.0000
16.6661,1.0000,58.7018,7.5499,0.3190,16.6530,16.6595,9.8864,0.0013,-1.0000
16.6689,1.0000,58.7187,1.1786,4.4047,16.6754,16.7160,15.5469,0.0010,-1.0000
16.6638,1.0000,58.7353,6.9445,0.3227,16.6772,16.5930,8.0091,0.0016,-1.0000
16.6672,1.0000,58.7519,1.5458,4.3817,16.6579,16.6599,15.3497,0.0011,-1.0000
16.6693,1.0000,58.7696,6.7716,0.3099,16.6682,16.7306,9.7801,0.0011,-1.0000
16.6657,1.0000,58.7853,1.1677,5.2905,16.7242,16.5865,13.9062,0.0013,-1.0000
16.6658,1.0000,58.8018,8.5826,0.3714,16.6018,16.6546,9.7840,0.0012,-1.0000
16.6676,1.0000,58.8187,1.3092,4.5794,16.6678,16.6634,15.4102,0.0010,-1.0000
16.6663,1.0000,58.8353,6.9492,0.3609,16.7420,16.6532,8.9147,0.0012,-1.0000
16.6663,1.0000,58.8520,2.6793,4.5171,16.5968,16.6545,15.3996,0.0010,-1.0000
16.6670,1.0000,58.8686,6.8696,0.3163,16.6623,16.6625,10.0116,0.0011,-1.0000
16.6676,1.0000,58.8853,1.2521,5.0594,16.6726,16.6622,15.0792,0.0013,-1.0000
16.6663,1.0000,58.9018,7.7380,0.3164,16.6628,16.6552,9.7822,0.0011,-1.0000
16.6662,1.0000,58.9187,1.2537,4.5258,16.6630,16.6569,15.4977,0.0010,-1.0000
16.6665,1.0000,58.9353,6.6506,0.4161,16.6707,16.6579,7.7264,0.0010,-1.0000
16.6662,1.0000,58.9519,1.5816,4.4862,16.6706,16.6530,15.2733,0.0006,-1.0000
16.6690,1.0000,58.9687,6.8717,0.3707,16.6641,16.6708,9.5206,0.0012,-1.0000
16.6649,1.0000,58.9852,1.1582,5.3743,16.6645,16.6478,15.3308,0.0013,-1.0000
16.6669,1.0000,59.0018,8.9310,0.3408,16.6667,16.6583,9.8162,0.0010,-1.0000
16.6677,1.0000,59.0188,1.3790,4.6868,16.6611,16.6696,15.3277,0.0011,-1.0000
16.6666,1.0000,59.0353,7.1493,0.4099,16.6804,16.6489,8.9961,0.0012,-1.0000
16.6641,1.0000,59.0519,1.3157,4.4623,16.6571,16.6504,15.4068,0.0011,-1.0000
16.6704,1.0000,59.0688,6.8408,0.3699,16.6661,16.6729,10.0549,0.0008,-1.0000
16.6662,1.0000,59.0853,1.3406,5.3943,16.6791,16.6522,14.8483,0.0011,-1.0000
16.6651,1.0000,59.1019,7.6518,0.2917,16.6576,16.6526,10.0031,0.0010,-1.0000
16.6679,1.0000,59.1187,1.2424,4.4922,16.6580,16.6606,15.3694,0.0011,-1.0000
16.6674,1.0000,59.1357,6.6170,0.4032,16.6829,16.6673,8.7333,0.0013,-1.0000
16.6643,1.0000,59.1519,1.8025,4.3982,16.6621,16.6392,14.7629,0.0015,-1.0000
16.6674,1.0000,59.1686,6.6482,0.3433,16.6605,16.6655,9.9788,0.0011,-1.0000
16.6689,1.0000,59.1854,1.2900,5.6148,16.6684,16.6638,15.3591,0.0013,-1.0000
16.6643,1.0000,59.2018,7.9326,0.3623,16.6770,16.6527,9.2666,0.0011,-1.0000
16.6667,1.0000,59.2185,1.8749,4.4713,16.6485,16.6548,15.4560,0.0011,-1.0000
16.6702,1.0000,59.2354,6.6856,0.3221,16.6727,16.7329,9.7157,0.0010,-1.0000
16.6651,1.0000,59.2519,1.3033,4.9293,16.6726,16.5915,15.1303,0.0011,-1.0000
16.6647,1.0000,59.2686,7.3848,0.3714,16.6613,16.6510,9.9501,0.0010,-1.0000
16.6690,1.0000,59.2854,1.1976,4.4060,16.6618,16.6703,15.4077,0.0012,-1.0000
16.6646,1.0000,59.3018,7.0162,0.3509,16.7403,16.6483,8.4050,0.0010,-1.0000
16.6670,1.0000,59.3186,1.4596,4.4924,16.6028,16.6592,15.3525,0.0010,-1.0000
16.6682,1.0000,59.3353,6.6999,0.3113,16.6596,16.6649,9.8554,0.0012,-1.0000
16.6660,1.0000,59.3520,1.2614,5.4717,16.6791,16.6537,15.2139,0.0012,-1.0000
16.6668,1.0000,59.3686,8.2426,0.2887,16.6568,16.6586,9.2734,0.0011,-1.0000
16.6664,1.0000,59.3855,1.3054,4.5992,16.6667,16.6543,15.3459,0.0012,-1.0000
16.6673,1.0000,59.4018,6.8082,0.3844,16.6730,16.6648,7.8049,0.0012,-1.0000
16.6651,1.0000,59.4185,1.4386,5.0863,16.6623,16.6496,15.5571,0.0011,-1.0000
16.6679,1.0000,59.4353,7.3843,0.3740,16.6681,16.6681,10.0551,0.0011,-1.0000
16.6676,1.0000,59.4519,1.3070,6.6524,16.6622,16.6607,15.0896,0.0011,-1.0000
16.6651,1.0000,59.4686,8.8595,0.3117,16.6722,16.6496,10.1720,0.0012,-1.0000
16.6686,1.0000,59.4852,1.0913,4.4178,16.6564,16.6622,15.4774,0.0012,-1.0000
16.6660,1.0000,59.5022,6.6117,0.4164,16.6757,16.6604,8.3276,0.0012,-1.0000
16.6653,1.0000,59.5186,1.5699,4.4382,16.6697,16.6536,14.9698,0.0015,-1.0000
16.6674,1.0000,59.5352,6.4764,0.3536,16.6577,16.6626,9.9360,0.0012,-1.0000
16.6687,1.0000,59.5520,1.1834,5.6901,16.6701,16.6636,15.3598,0.0010,-1.0000
16.6652,1.0000,59.5686,8.3322,0.3801,16.6698,16.6521,8.6349,0.0012,-1.0000
16.6666,1.0000,59.5852,1.6821,4.3045,16.6617,16.6585,15.4170,0.0012,-1.0000
16.6680,1.0000,59.6020,6.7255,0.3252,16.6695,16.6639,9.7252,0.0011,-1.0000
16.6663,1.0000,59.6186,1.3027,4.9274,16.6713,16.6572,15.1949,0.0010,-1.0000
16.6660,1.0000,59.6353,8.0166,0.3381,16.6605,16.6550,9.9914,0.0014,-1.0000
16.6682,1.0000,59.6523,1.2402,5.0317,16.6661,16.6647,15.4667,0.0013,-1.0000
16.6646,1.0000,59.6686,6.9376,0.3502,16.6726,16.6475,7.9857,0.0010,-1.0000
16.6660,1.0000,59.6853,1.4612,4.4277,16.6671,16.6561,15.4154,0.0012,-1.0000
16.6697,1.0000,59.7019,6.6623,0.3578,16.6622,16.6691,9.8463,0.0013,-1.0000
16.6660,1.0000,59.7186,1.1965,5.3419,16.6745,16.6597,15.2669,0.0012,-1.0000
16.6652,1.0000,59.7352,8.6610,0.3365,16.6564,16.6502,9.7786,0.0015,-1.0000
16.6672,1.0000,59.7519,1.2394,4.6234,16.6629,16.6617,15.4006,0.0015,-1.0000
16.6684,1.0000,59.7687,6.8215,0.4413,16.6779,16.6647,9.2022,0.0008,-1.0000
16.6657,1.0000,59.7852,1.3913,4.6145,16.6682,16.6493,15.3749,0.0011,-1.0000
16.6675,1.0000,59.8019,6.8699,0.2959,16.6581,16.6625,9.4432,0.0010,-1.0000
16.6658,1.0000,59.8186,1.2595,5.2676,16.6697,16.6510,15.1614,0.0011,-1.0000
16.6672,1.0000,59.8353,7.4623,0.3878,16.6737,16.6653,9.9762,0.0011,-1.0000
16.6685,1.0000,59.8521,1.2733,4.6601,16.6592,16.6572,15.1983,0.0011,-1.0000
16.6675,1.0000,59.8688,7.2182,0.3984,16.6719,16.6629,7.9714,0.0013,-1.0000
16.6619,1.0000,59.8852,1.4885,4.4609,16.6595,16.6367,15.0934,0.0012,-1.0000
16.6686,1.0000,59.9018,6.6878,0.4770,16.6758,16.6668,10.0355,0.0009,-1.0000
16.6680,1.0000,59.9186,1.4574,5.0033,16.6667,16.6626,15.4298,0.0010,-1.0000
16.6655,1.0000,59.9353,8.6897,0.3572,16.6740,16.6510,8.9894,0.0011,-1.0000
16.6679,1.0000,59.9520,1.5421,4.4905,16.6451,16.7076,15.3170,0.0011,-1.0000
16.6669,1.0000,59.9686,6.6304,0.3263,16.6740,16.6168,9.7141,0.0012,-1.0000
16.6663,1.0000,59.9852,1.2319,4.6383,16.6731,16.6495,15.2408,0.0015,-1.0000
16.6656,1.0000,60.0018,7.6602,0.3159,16.6597,16.6568,9.8583,0.0010,-1.0000
16.6688,1.0000,60.0187,1.3894,4.9187,16.7157,16.6742,15.5642,0.0011,-1.0000
16.6671,1.0000,60.0353,6.9022,0.3895,16.6268,16.6521,8.3239,0.0012,-1.0000
16.6654,1.0000,60.0519,1.4068,4.4685,16.6584,16.6535,15.2168,0.0011,-1.0000
16.6660,1.0000,60.0686,6.7970,0.3595,16.6641,16.6557,9.4964,0.0011,-1.0000
16.6683,1.0000,60.0853,1.1090,5.9409,16.6847,16.6618,15.3312,0.0011,-1.0000
16.6646,1.0000,60.1019,8.3270,0.3549,16.6627,16.6472,9.4706,0.0011,-1.0000
16.6674,1.0000,60.1186,1.4356,4.3915,16.6631,16.6594,15.3599,0.0012,-1.0000
16.6670,1.0000,60.1353,7.1581,0.3651,16.6648,16.6590,9.3230,0.0014,-1.0000
16.6676,1.0000,60.1519,1.3294,4.7475,16.6710,16.6642,15.2728,0.0013,-1.0000
16.6664,1.0000,60.1686,7.1757,0.3292,16.6561,16.6573,9.8077,0.0012,-1.0000
16.6682,1.0000,60.1854,1.2983,4.5707,16.6670,16.6622,15.3630,0.0011,-1.0000
16.6639,1.0000,60.2018,7.3345,0.3424,16.6668,16.6464,8.3221,0.0011,-1.0000
16.6689,1.0000,60.2186,1.3898,4.5460,16.6729,16.6655,15.4480,0.0012,-1.0000
16.6665,1.0000,60.2353,6.8482,0.3712,16.6665,16.6546,9.7081,0.0015,-1.0000
16.6661,1.0000,60.2519,1.2975,5.2906,16.6725,16.6585,15.3636,0.0011,-1.0000
16.6657,1.0000,60.2687,8.3237,0.3313,16.6556,16.6515,9.3866,0.0012,-1.0000
16.6679,1.0000,60.2853,1.2160,4.4962,16.6739,16.6665,15.3556,0.0011,-1.0000
16.6666,1.0000,60.3018,6.9451,0.3677,16.6649,16.6547,8.4895,0.0012,-1.0000
16.6652,1.0000,60.3186,1.2936,5.0702,16.6681,16.6495,15.4156,0.0009,-1.0000
16.6689,1.0000,60.3353,7.2637,0.3574,16.6593,16.6672,10.0049,0.0013,-1.0000
16.6656,1.0000,60.3520,1.3100,5.5901,16.6757,16.6508,15.3440,0.0012,-1.0000
16.6661,1.0000,60.3686,8.1646,0.3380,16.6633,16.6583,9.8195,0.0010,-1.0000
16.6666,1.0000,60.3852,1.2330,4.3838,16.6587,16.6582,15.4217,0.0010,-1.0000
16.6699,1.0000,60.4019,6.6609,0.3219,16.6767,16.6744,8.2611,0.0012,-1.0000
16.6631,1.0000,60.4186,1.3056,4.4396,16.6596,16.6371,15.2072,0.0016,-1.0000
16.6677,1.0000,60.4353,6.8379,0.3153,16.6658,16.6630,10.3585,0.0011,-1.0000
16.6675,1.0000,60.4519,1.2352,5.5825,16.6656,16.6610,15.2380,0.0011,-1.0000
16.6649,1.0000,60.4686,8.4117,0.3457,16.6849,16.6562,9.5147,0.0009,-1.0000
16.6670,1.0000,60.4852,1.4283,4.3097,16.6463,16.6578,15.4081,0.0012,-1.0000
16.6685,1.0000,60.5019,6.3032,0.3454,16.6700,16.6675,8.8281,0.0011,-1.0000
16.6665,1.0000,60.5186,1.4218,4.6909,16.6691,16.6542,15.1437,0.0012,-1.0000
16.6669,1.0000,60.5352,7.1406,0.3075,16.6645,16.6567,9.9554,0.0012,-1.0000
16.6678,1.0000,60.5523,1.2481,5.2381,16.6646,16.7144,15.3767,0.0011,-1.0000
16.6657,1.0000,60.5686,7.8383,0.3687,16.6746,16.6021,8.6973,0.0011,-1.0000
16.6652,1.0000,60.5852,1.5089,4.5430,16.6633,16.6570,15.3867,0.0013,-1.0000
16.6690,1.0000,60.6019,6.7001,0.3785,16.6646,16.6691,10.1093,0.0012,-1.0000
16.6655,1.0000,60.6186,1.3369,5.8260,16.7234,16.6493,15.2684,0.0014,-1.0000
16.6675,1.0000,60.6352,7.9038,0.3367,16.6101,16.6624,10.0249,0.0010,-1.0000
16.6669,1.0000,60.6521,1.2689,4.1981,16.6643,16.6625,15.3115,0.0012,-1.0000
16.6668,1.0000,60.6686,6.5589,0.4085,16.6767,16.6534,8.6034,0.0014,-1.0000
16.6652,1.0000,60.6853,1.3794,4.2769,16.6578,16.6588,15.3933,0.0010,-1.0000
16.6693,1.0000,60.7018,6.6363,0.3196,16.6706,16.6646,9.8166,0.0012,-1.0000
16.6668,1.0000,60.7186,1.3496,6.9960,16.6709,16.6592,15.1966,0.0012,-1.0000
16.6638,1.0000,60.7352,8.0492,0.3347,16.6615,16.6519,9.8376,0.0011,-1.0000
16.6675,1.0000,60.7520,1.2643,4.5625,16.6662,16.6609,15.4265,0.0011,-1.0000
16.6693,1.0000,60.7687,6.8469,0.4983,16.6725,16.6670,7.5609,0.0013,-1.0000
16.6653,1.0000,60.7853,1.4613,4.9427,16.6677,16.6499,15.1824,0.0010,-1.0000
16.6670,1.0000,60.8018,6.8142,0.5843,16.6595,16.6593,10.0475,0.0011,-1.0000
16.6672,1.0000,60.8187,1.2330,5.7048,16.6680,16.6630,15.3907,0.0014,-1.0000
16.6646,1.0000,60.8352,9.1048,0.3485,16.6761,16.6473,9.4737,0.0011,-1.0000
16.6667,1.0000,60.8520,1.4665,4.4744,16.6590,16.6619,15.4832,0.0012,-1.0000
16.6695,1.0000,60.8687,6.6106,0.4175,16.6674,16.6680,9.8775,0.0011,-1.0000
16.6651,1.0000,60.8852,1.2707,4.5846,16.6721,16.6474,15.0539,0.0012,-1.0000
16.6672,1.0000,60.9018,7.1728,0.3590,16.6554,16.6647,9.9427,0.0010,-1.0000
16.6680,1.0000,60.9187,1.1773,4.4745,16.6686,16.6638,15.4926,0.0014,-1.0000
16.6645,1.0000,60.9353,6.7892,0.4389,16.6763,16.6493,8.7358,0.0012,-1.0000
16.6660,1.0000,60.9519,1.5920,4.2777,16.6565,16.6526,15.3113,0.0012,-1.0000
16.6707,1.0000,60.9687,6.7208,0.3020,16.6720,16.6733,10.2048,0.0013,-1.0000
16.6646,1.0000,60.9853,1.1695,5.1656,16.6732,16.6642,15.2563,0.0015,-1.0000
16.6660,1.0000,61.0018,7.9125,0.3749,16.6588,16.6414,9.4262,0.0011,-1.0000
16.6687,1.0000,61.0187,1.3401,4.1625,16.6594,16.6687,15.4917,0.0012,-1.0000
16.6648,1.0000,61.0353,6.4672,0.3577,16.6827,16.6502,8.4515,0.0012,-1.0000
16.6669,1.0000,61.0519,1.4063,4.6089,16.6732,16.6580,15.4013,0.0011,-1.0000
16.6682,1.0000,61.0687,7.2140,0.3690,16.6493,16.7095,9.9074,0.0011,-1.0000
16.6659,1.0000,61.0852,1.1757,5.2237,16.6772,16.6081,15.2688,0.0015,-1.0000
16.6658,1.0000,61.1019,8.1981,0.3480,16.6602,16.6562,10.1062,0.0013,-1.0000
16.6690,1.0000,61.1187,1.2556,4.4028,16.6653,16.6678,15.4547,0.0011,-1.0000
16.6659,1.0000,61.1353,6.8009,0.3691,16.7181,16.6543,9.0460,0.0011,-1.0000
16.6654,1.0000,61.1519,1.3379,4.5703,16.6162,16.6523,15.4224,0.0011,-1.0000
16.6684,1.0000,61.1686,6.5489,0.3514,16.6642,16.6671,10.1641,0.0011,-1.0000
16.6662,1.0000,61.1853,1.2119,4.8637,16.6773,16.6533,15.2722,0.0013,-1.0000
16.6646,1.0000,61.2018,7.6069,0.3845,16.6630,16.6510,9.8186,0.0012,-1.0000
16.6674,1.0000,61.2187,1.2288,4.1922,16.6598,16.6657,15.5279,0.0012,-1.0000
16.6699,1.0000,61.2355,6.5022,0.3575,16.6760,16.6702,8.9482,0.0014,-1.0000
16.6643,1.0000,61.2519,1.3795,4.4519,16.6621,16.6415,14.7446,0.0013,-1.0000
16.6672,1.0000,61.2687,6.8310,0.3363,16.6585,16.6603,10.0367,0.0011,-1.0000
16.6688,1.0000,61.2854,1.1366,5.3322,16.6729,16.6690,15.2992,0.0011,-1.0000
16.6633,1.0000,61.3018,7.7208,0.3759,16.6811,16.6397,8.5725,0.0013,-1.0000
16.6666,1.0000,61.3186,1.8956,4.4332,16.6518,16.6625,15.5598,0.0010,-1.0000
16.6692,1.0000,61.3353,6.6227,0.3222,16.6673,16.6665,8.3618,0.0014,-1.0000
16.6657,1.0000,61.3520,1.3683,5.2361,16.6787,16.6527,15.2157,0.0012,-1.0000
16.6671,1.0000,61.3686,8.0660,0.3113,16.6493,16.6633,9.7437,0.0009,-1.0000
16.6678,1.0000,61.3853,1.1012,5.2062,16.6690,16.6609,15.3711,0.0012,-1.0000
16.6655,1.0000,61.4018,8.3033,0.3336,16.6744,16.6483,9.2098,0.0011,-1.0000
16.6662,1.0000,61.4186,1.4358,4.5303,16.6610,16.6564,15.4935,0.0009,-1.0000
16.6686,1.0000,61.4354,6.9185,0.2925,16.6718,16.6699,9.8932,0.0010,-1.0000
16.6657,1.0000,61.4519,1.2881,4.9727,16.6708,16.6515,14.7023,0.0013,-1.0000
16.6660,1.0000,61.4686,7.4373,0.3324,16.6582,16.6575,9.9731,0.0010,-1.0000
16.6691,1.0000,61.4854,1.1620,4.4736,16.6643,16.6641,15.3293,0.0013,-1.0000
16.6661,1.0000,61.5018,6.7756,0.3627,16.6791,16.6488,8.3793,0.0011,-1.0000
16.6652,1.0000,61.5187,1.9479,4.4096,16.6607,16.6561,15.5110,0.0012,-1.0000
16.6681,1.0000,61.5353,6.6837,0.3238,16.6658,16.6638,9.7825,0.0011,-1.0000
16.6662,1.0000,61.5519,1.3336,5.8411,16.6737,16.6570,15.2761,0.0014,-1.0000
16.6652,1.0000,61.5686,8.2682,0.3008,16.6582,16.6529,10.0776,0.0012,-1.0000
16.6676,1.0000,61.5853,1.1439,4.4799,16.6649,16.6635,15.4274,0.0012,-1.0000
16.6678,1.0000,61.6019,6.8801,0.3581,16.6729,16.6564,8.6493,0.0009,-1.0000
16.6657,1.0000,61.6186,1.3795,4.3584,16.6655,16.6526,15.3107,0.0012,-1.0000
16.6678,1.0000,61.6353,6.5741,0.3214,16.6613,16.6670,10.0018,0.0012,-1.0000
16.6670,1.0000,61.6520,1.2347,5.7755,16.6727,16.6608,15.4071,0.0012,-1.0000
16.6644,1.0000,61.6686,8.0067,0.3483,16.6653,16.6471,9.3428,0.0012,-1.0000
16.6738,1.0000,61.6855,1.3408,4.9743,16.6607,16.7938,15.3972,0.0012,-1.0000
16.6673,1.0000,61.7018,6.6642,0.3708,16.6747,16.5351,8.3418,0.0011,-1.0000
16.6640,1.0000,61.7186,1.2524,4.9351,16.6707,16.6487,15.4922,0.0010,-1.0000
16.6694,1.0000,61.7354,7.3032,0.3122,16.6551,16.6709,10.2810,0.0008,-1.0000
16.6673,1.0000,61.7520,1.3954,5.3742,16.8012,16.6649,15.0383,0.0014,-1.0000
16.6657,1.0000,61.7687,8.1921,0.3227,16.5425,16.6490,10.0291,0.0012,-1.0000
16.9085,1.0000,61.7864,1.1555,4.1730,16.6562,16.9033,15.4842,0.0011,-1.0000
16.6659,1.0000,61.8021,6.3891,0.3889,16.6781,16.6595,8.2049,0.0017,-1.0000
16.6641,1.0000,61.8188,1.6254,4.1773,16.6739,16.6437,15.5170,0.0013,-1.0000
16.6683,1.0000,61.8355,6.6186,0.3690,16.6576,16.6684,10.2441,0.0007,-1.0000
16.6690,1.0000,61.8523,1.4177,5.1656,16.9124,16.6687,15.3519,0.0014,-1.0000
16.6641,1.0000,61.8689,8.4532,0.3068,16.6674,16.6452,9.7545,0.0012,-1.0000
16.6673,1.0000,61.8855,1.1255,4.4313,16.6508,16.6614,15.3819,0.0011,-1.0000
16.6683,1.0000,61.9021,6.4234,0.3531,16.6755,16.6618,9.4750,0.0010,-1.0000
16.6659,1.0000,61.9188,1.3153,4.6526,16.6787,16.6531,15.3191,0.0010,-1.0000
16.6674,1.0000,61.9356,6.8901,0.3781,16.6549,16.6670,10.2986,0.0010,-1.0000
16.6659,1.0000,61.9522,1.2783,4.3504,16.6686,16.6473,15.1848,0.0012,-1.0000
16.6663,1.0000,61.9689,7.1856,0.3205,16.6698,16.6568,10.0509,0.0011,-1.0000
16.6674,1.0000,61.9855,1.3330,4.1516,16.6614,16.6605,15.3470,0.0011,-1.0000
16.6674,1.0000,62.0021,6.3676,0.3231,16.6782,16.6625,10.1381,0.0011,-1.0000
16.6657,1.0000,62.0189,1.4614,4.5408,16.6578,16.6509,15.4294,0.0009,-1.0000
16.6663,1.0000,62.0355,6.6048,0.3523,16.6649,16.6558,9.9098,0.0011,-1.0000
16.6675,1.0000,62.0525,1.3122,4.3418,16.6689,16.6602,15.4174,0.0012,-1.0000
16.6644,1.0000,62.0688,6.5234,0.4232,16.6720,16.6556,8.3800,0.0012,-1.0000
16.6677,1.0000,62.0855,1.2206,4.3434,16.6600,16.6609,15.4237,0.0010,-1.0000
16.6702,1.0000,62.1023,6.7449,0.3604,16.6638,16.6733,9.8285,0.0013,-1.0000
16.6659,1.0000,62.1189,1.2412,5.6315,16.6685,16.6435,15.0252,0.0014,-1.0000
16.6655,1.0000,62.1356,8.2743,0.3629,16.6644,16.6559,9.8645,0.0011,-1.0000
16.6682,1.0000,62.1523,1.2361,4.5079,16.6683,16.6925,15.2645,0.0012,-1.0000
16.6651,1.0000,62.1688,6.8437,0.3405,16.6838,16.6233,8.9464,0.0013,-1.0000
16.6671,1.0000,62.1855,1.6169,4.3689,16.6547,16.6549,15.3949,0.0012,-1.0000
16.6671,1.0000,62.2021,6.7904,0.3475,16.6643,16.6660,9.5961,0.0012,-1.0000
16.6668,1.0000,62.2189,1.4268,5.1858,16.7034,16.6541,15.3187,0.0010,-1.0000
16.6657,1.0000,62.2355,7.6761,0.3056,16.6318,16.6554,9.9477,0.0012,-1.0000
16.6675,1.0000,62.2522,1.2587,4.3699,16.6624,16.6635,15.3884,0.0010,-1.0000
16.6663,1.0000,62.2689,7.0684,0.4031,16.6747,16.6550,7.5107,0.0013,-1.0000
16.6648,1.0000,62.2855,1.3343,4.3205,16.6630,16.6514,15.3762,0.0013,-1.0000
16.6686,1.0000,62.3021,6.7065,0.3703,16.6634,16.6706,10.2843,0.0011,-1.0000
16.6681,1.0000,62.3189,1.2738,5.7617,16.6714,16.6611,15.3791,0.0012,-1.0000
16.6643,1.0000,62.3355,9.1433,0.3056,16.6629,16.6504,8.5456,0.0009,-1.0000
16.6685,1.0000,62.3522,1.2741,4.3127,16.6587,16.6621,15.3486,0.0011,-1.0000
16.6671,1.0000,62.3689,6.3850,0.3279,16.6772,16.6600,10.0406,0.0012,-1.0000
16.6667,1.0000,62.3856,1.2809,5.8577,16.6698,16.6584,15.1223,0.0011,-1.0000
16.6647,1.0000,62.4021,8.1044,0.3570,16.6588,16.6518,10.0002,0.0012,-1.0000
16.6682,1.0000,62.4189,1.3124,4.2749,16.6705,16.6621,15.5840,0.0011,-1.0000
16.6673,1.0000,62.4356,6.6182,0.4188,16.6687,16.6628,9.1144,0.0012,-1.0000
16.6670,1.0000,62.4522,1.5349,4.4250,16.6667,16.6545,15.2535,0.0010,-1.0000
16.6658,1.0000,62.4689,6.6503,0.3106,16.6595,16.6608,10.0048,0.0013,-1.0000
16.6669,1.0000,62.4856,1.0770,4.8869,16.6697,16.7982,14.9704,0.0012,-1.0000
16.6659,1.0000,62.5022,7.5470,0.3727,16.6711,16.6171,9.9460,0.0013,-1.0000
16.9469,1.0000,62.5200,1.3999,4.3770,16.6626,16.9200,15.5759,0.0010,-1.0000
16.6681,1.0000,62.5359,6.6546,0.3762,16.6685,16.6693,6.9717,0.0017,-1.0000
16.7137,1.0000,62.5526,1.8264,4.3707,16.8063,16.7019,15.4130,0.0010,-1.0000
16.6667,1.0000,62.5692,6.6695,0.3297,16.6259,16.6301,10.1651,0.0009,-1.0000
16.6700,1.0000,62.5860,1.3429,4.8569,16.9290,16.7278,15.3253,0.0013,-1.0000
16.6644,1.0000,62.6026,9.6961,0.2846,16.6778,16.6297,10.0732,0.0012,-1.0000
16.6669,1.0000,62.6192,1.2877,4.0843,16.7100,16.5783,15.2517,0.0014,-1.0000
16.6678,1.0000,62.6359,6.4646,0.3881,16.6371,16.6594,9.4989,0.0013,-1.0000
16.6657,1.0000,62.6525,1.4008,4.1070,16.7382,16.6454,15.2419,0.0015,-1.0000
16.6670,1.0000,62.6692,6.5553,0.3188,16.6395,16.6685,10.0880,0.0011,-1.0000
16.6673,1.0000,62.6860,1.3253,4.5271,16.5856,16.6638,15.4477,0.0012,-1.0000
16.6655,1.0000,62.7024,7.1596,0.3048,16.6686,16.6527,7.4849,0.0014,-1.0000
16.6669,1.0000,62.7192,1.4020,4.4089,16.6542,16.7145,15.4906,0.0012,-1.0000
16.6691,1.0000,62.7359,6.5794,0.3041,16.6771,16.6104,9.5149,0.0012,-1.0000
16.6651,1.0000,62.7525,1.2148,6.4160,16.6729,16.6494,15.3912,0.0011,-1.0000
16.6669,1.0000,62.7693,9.1664,0.3122,16.6622,16.6594,9.8246,0.0012,-1.0000
16.6697,1.0000,62.7860,1.2229,4.3917,16.7211,16.6800,15.2786,0.0011,-1.0000
16.6647,1.0000,62.8025,7.0940,0.2993,16.6179,16.6452,8.9447,0.0013,-1.0000
16.6644,1.0000,62.8192,1.2570,4.3738,16.6586,16.6394,15.3280,0.0013,-1.0000
16.6696,1.0000,62.8360,6.8336,0.3744,16.6680,16.6799,9.9152,0.0010,-1.0000
16.6662,1.0000,62.8526,1.3996,5.4125,16.6902,16.6527,15.1646,0.0013,-1.0000
16.6649,1.0000,62.8692,7.6994,0.3346,16.6557,16.6518,9.8575,0.0013,-1.0000
16.6709,1.0000,62.8860,1.3102,4.5477,16.6468,16.6768,15.4081,0.0011,-1.0000
16.6635,1.0000,62.9024,6.7640,0.4121,16.6880,16.6326,7.1289,0.0012,-1.0000
16.6672,1.0000,62.9193,1.4867,4.3040,16.6623,16.6587,15.1647,0.0011,-1.0000
16.6651,1.0000,62.9359,6.7930,0.3611,16.6597,16.6475,10.0219,0.0012,-1.0000
16.6712,1.0000,62.9527,1.2674,5.5600,16.6903,16.6910,15.3618,0.0011,-1.0000
16.6634,1.0000,62.9692,9.5027,0.4527,16.6424,16.6298,9.4630,0.0011,-1.0000
16.6664,1.0000,62.9858,1.4929,4.5032,16.6690,16.6558,15.3125,0.0010,-1.0000
16.6698,1.0000,63.0027,6.6244,0.3094,16.6560,16.7384,9.1933,0.0013,-1.0000
16.6643,1.0000,63.0193,1.3278,4.5767,16.7007,16.5766,14.7461,0.0014,-1.0000
16.6659,1.0000,63.0359,7.1656,0.3237,16.6396,16.6605,9.8761,0.0012,-1.0000
16.6690,1.0000,63.0526,1.3421,5.1121,16.6630,16.7284,15.4205,0.0012,-1.0000
16.6665,1.0000,63.0692,7.5440,0.3765,16.7485,16.5974,8.7068,0.0012,-1.0000
16.6657,1.0000,63.0859,1.8290,4.4227,16.5863,16.6526,15.3699,0.0013,-1.0000
16.6682,1.0000,63.1026,6.7833,0.2993,16.6686,16.7599,9.1742,0.0010,-1.0000
16.6653,1.0000,63.1192,1.3069,5.7812,16.7365,16.5572,15.1128,0.0012,-1.0000
16.6677,1.0000,63.1359,7.8894,0.3096,16.6062,16.6637,9.9648,0.0011,-1.0000
16.6673,1.0000,63.1526,1.2811,5.0642,16.6605,16.6600,15.3203,0.0012,-1.0000
16.6664,1.0000,63.1693,7.5848,0.3872,16.7689,16.7047,9.2355,0.0011,-1.0000
16.6644,1.0000,63.1859,1.4433,4.7306,16.5662,16.6334,15.2922,0.0011,-1.0000
16.6691,1.0000,63.2029,6.6980,0.3215,16.6714,16.7129,10.0584,0.0009,-1.0000
16.6675,1.0000,63.2193,1.3381,5.0440,16.6695,16.6462,14.8616,0.0011,-1.0000
16.6642,1.0000,63.2359,7.4678,0.3189,16.7139,16.6635,9.7987,0.0012,-1.0000
16.6680,1.0000,63.2526,1.3400,4.2402,16.6410,16.6179,15.2902,0.0011,-1.0000
16.6669,1.0000,63.2693,6.6537,0.3230,16.7213,16.6604,6.6739,0.0012,-1.0000
16.6679,1.0000,63.2860,1.7833,4.3217,16.6548,16.7613,15.3357,0.0010,-1.0000
16.6663,1.0000,63.3025,6.8639,0.3716,16.6709,16.5846,10.0055,0.0008,-1.0000
16.6679,1.0000,63.3193,1.3266,5.4502,16.6266,16.6510,15.0919,0.0014,-1.0000
16.6657,1.0000,63.3360,9.9855,0.2908,16.6687,16.7131,10.1344,0.0013,-1.0000
16.6680,1.0000,63.3527,1.4245,4.0977,16.7703,16.5494,15.1110,0.0012,-1.0000
16.6678,1.0000,63.3694,6.5784,0.4281,16.5936,16.7467,8.6697,0.0013,-1.0000
16.6658,1.0000,63.3859,1.5574,4.2748,16.6600,16.6242,14.9344,0.0013,-1.0000
16.6642,1.0000,63.4025,6.5771,0.4007,16.7221,16.6169,9.9907,0.0011,-1.0000
16.6703,1.0000,63.4193,1.4367,4.4974,16.5579,16.7207,15.4656,0.0011,-1.0000
16.6638,1.0000,63.4360,8.0757,0.4380,16.7588,16.6108,9.5449,0.0011,-1.0000
16.6660,1.0000,63.4526,1.6885,4.2102,16.6333,16.6553,15.3304,0.0011,-1.0000
16.6700,1.0000,63.4693,6.6251,0.3779,16.6246,16.7034,8.3810,0.0011,-1.0000
16.6660,1.0000,63.4859,1.2539,4.6223,16.7291,16.6636,15.3247,0.0012,-1.0000
16.6672,1.0000,63.5026,7.0648,0.3616,16.6189,16.6324,9.8377,0.0012,-1.0000
16.6677,1.0000,63.5194,1.3236,4.8734,16.6626,16.6509,15.2656,0.0013,-1.0000
16.6641,1.0000,63.5360,8.3213,0.3428,16.7110,16.7460,8.4298,0.0013,-1.0000
16.6677,1.0000,63.5526,1.3378,4.4414,16.6728,16.5468,15.2256,0.0011,-1.0000
16.6675,1.0000,63.5693,6.7939,0.3642,16.6438,16.6736,9.9023,0.0012,-1.0000
16.6669,1.0000,63.5862,1.3834,5.3265,16.6608,16.9200,14.9417,0.0016,-1.0000
16.6653,1.0000,63.6025,8.3149,0.3070,16.7555,16.3438,9.5057,0.0014,-1.0000
16.6680,1.0000,63.6192,1.3202,4.4163,16.5545,16.6682,15.4207,0.0010,-1.0000
16.7016,1.0000,63.6359,6.7699,0.4369,16.6814,16.6942,8.6273,0.0013,-1.0000
16.6649,1.0000,63.6525,1.9767,4.4991,16.9292,16.6398,15.3443,0.0011,-1.0000
16.6677,1.0000,63.6692,6.8367,0.3605,16.3514,16.6691,10.1991,0.0010,-1.0000
16.6670,1.0000,63.6860,1.2463,5.2134,16.6767,16.6625,15.2209,0.0009,-1.0000
16.6659,1.0000,63.7026,8.0663,0.3396,16.7033,16.7323,9.9227,0.0014,-1.0000
16.6702,1.0000,63.7194,1.2942,4.2970,16.6479,16.6937,15.4132,0.0011,-1.0000
16.6643,1.0000,63.7360,6.4690,0.3722,16.6768,16.6163,8.6418,0.0012,-1.0000
16.6662,1.0000,63.7526,1.4407,4.3524,16.6706,16.6291,15.2940,0.0012,-1.0000
16.6666,1.0000,63.7694,6.8084,0.3451,16.7401,16.7043,9.9135,0.0013,-1.0000
16.6688,1.0000,63.7860,1.2790,4.9773,16.7048,16.6622,15.2040,0.0012,-1.0000
16.6637,1.0000,63.8025,7.9733,0.3403,16.6264,16.6119,10.0517,0.0013,-1.0000
16.6674,1.0000,63.8193,1.3338,4.7909,16.6371,16.6446,15.5013,0.0014,-1.0000
16.6699,1.0000,63.8362,6.7900,0.3659,16.7133,16.7583,8.9319,0.0014,-1.0000
16.6624,1.0000,63.8526,1.4570,4.4006,16.6706,16.5189,14.8708,0.0018,-1.0000
16.6680,1.0000,63.8693,6.5595,0.3171,16.6200,16.6621,10.0150,0.0011,-1.0000
16.6687,1.0000,63.8863,1.1419,5.8619,16.6526,16.8706,15.2613,0.0010,-1.0000
16.6635,1.0000,63.9025,7.8252,0.4023,16.7674,16.4439,8.5166,0.0012,-1.0000
16.6666,1.0000,63.9192,1.6462,4.3431,16.5273,16.6560,15.4980,0.0011,-1.0000
16.6699,1.0000,63.9360,6.6462,0.3333,16.6689,16.6753,9.8087,0.0008,-1.0000
16.6665,1.0000,63.9527,1.6083,5.0319,16.8794,16.7021,15.0101,0.0011,-1.0000
16.6715,1.0000,63.9693,7.9264,0.3218,16.4526,16.6105,9.3001,0.0014,-1.0000
16.6684,1.0000,63.9860,1.1568,4.5386,16.6631,16.6714,15.3456,0.0011,-1.0000
16.6655,1.0000,64.0025,6.8656,0.4340,16.6834,16.6540,7.9503,0.0014,-1.0000
16.6656,1.0000,64.0193,1.6909,4.8416,16.7110,16.6452,15.4145,0.0012,-1.0000
16.6684,1.0000,64.0359,7.3096,0.3717,16.6183,16.6730,9.9949,0.0013,-1.0000
16.6706,1.0000,64.0526,1.3250,5.5643,16.6789,16.6882,15.3499,0.0011,-1.0000
16.6615,1.0000,64.0693,8.7025,0.3509,16.6622,16.6269,9.6984,0.0012,-1.0000
16.6690,1.0000,64.0860,1.2295,4.2235,16.6525,16.6687,15.3121,0.0011,-1.0000
16.6657,1.0000,64.1025,6.6766,0.3567,16.6809,16.6457,7.8420,0.0014,-1.0000
16.6662,1.0000,64.1193,1.3368,4.3820,16.6977,16.6461,15.3500,0.0011,-1.0000
16.6689,1.0000,64.1360,6.9274,0.3263,16.6360,16.6859,9.9617,0.0011,-1.0000
16.6653,1.0000,64.1526,1.3551,6.8138,16.6785,16.6337,15.0422,0.0011,-1.0000
16.6645,1.0000,64.1692,8.8023,0.3191,16.6547,16.6508,10.0037,0.0011,-1.0000
16.6703,1.0000,64.1861,1.2951,4.3559,16.6540,16.6795,15.3960,0.0013,-1.0000
16.6671,1.0000,64.2027,6.7239,0.3140,16.6979,16.6663,8.2419,0.0012,-1.0000
16.6640,1.0000,64.2192,1.5903,4.1311,16.6437,16.6267,15.2199,0.0012,-1.0000
16.6674,1.0000,64.2360,6.6462,0.2817,16.6581,16.7281,9.7842,0.0012,-1.0000
16.6688,1.0000,64.2527,1.2819,5.4592,16.6903,16.6093,15.2408,0.0011,-1.0000
16.6630,1.0000,64.2693,8.4233,0.2875,16.6779,16.6343,9.5033,0.0012,-1.0000
16.6679,1.0000,64.2860,1.4053,4.4352,16.6361,16.7090,15.2285,0.0011,-1.0000
16.6696,1.0000,64.3026,6.9426,0.3290,16.7368,16.6481,9.5283,0.0011,-1.0000
16.6649,1.0000,64.3193,1.3671,4.5205,16.6203,16.6272,15.2099,0.0013,-1.0000
16.6661,1.0000,64.3360,7.1299,0.4182,16.6436,16.6998,9.4690,0.0011,-1.0000
16.6702,1.0000,64.3527,1.4795,4.7929,16.7189,16.6228,15.2972,0.0012,-1.0000
16.6623,1.0000,64.3692,7.1192,0.4715,16.6591,16.6335,8.2140,0.0012,-1.0000
16.6667,1.0000,64.3859,1.4160,4.4043,16.6368,16.6624,15.4801,0.0014,-1.0000
16.6896,1.0000,64.4028,7.2300,0.3172,16.7081,16.9677,10.0262,0.0012,-1.0000
16.6703,1.0000,64.4194,1.3243,4.8164,16.6329,16.4607,15.1591,0.0011,-1.0000
16.6619,1.0000,64.4360,8.4185,0.2990,16.6426,16.6130,9.9537,0.0013,-1.0000
16.6675,1.0000,64.4527,1.1807,4.3480,16.6688,16.6759,15.1995,0.0011,-1.0000
16.6674,1.0000,64.4694,6.9403,0.4086,16.9758,16.6964,8.8713,0.0010,-1.0000
16.6658,1.0000,64.4860,1.2773,4.8757,16.4725,16.6010,15.2616,0.0011,-1.0000
16.6662,1.0000,64.5030,6.6584,0.3438,16.6223,16.6505,9.8526,0.0012,-1.0000
16.6674,1.0000,64.5195,1.4754,5.7745,16.6843,16.7648,14.5429,0.0013,-1.0000
16.6659,1.0000,64.5360,7.8240,0.3092,16.7066,16.5680,9.8220,0.0012,-1.0000
16.6687,1.0000,64.5532,1.3385,4.5076,16.6102,16.7113,15.2556,0.0013,-1.0000
16.6638,1.0000,64.5693,6.7966,0.5105,16.6595,16.6291,6.9726,0.0015,-1.0000
16.6680,1.0000,64.5859,2.2206,4.2418,16.7742,16.5734,15.1562,0.0011,-1.0000
16.6676,1.0000,64.6026,6.7453,0.3096,16.5764,16.7294,9.9695,0.0011,-1.0000
16.6670,1.0000,64.6194,1.4544,5.6426,16.7215,16.6437,15.2338,0.0011,-1.0000
16.6752,1.0000,64.6360,9.6552,0.3245,16.6380,16.6442,10.1464,0.0012,-1.0000
16.6671,1.0000,64.6527,1.4160,4.4631,16.5804,16.7054,15.3897,0.0011,-1.0000
16.6675,1.0000,64.6693,6.7590,0.3644,16.7399,16.6364,9.3124,0.0010,-1.0000
16.6659,1.0000,64.6861,1.4088,4.2799,16.6537,16.6538,15.3681,0.0011,-1.0000
16.7071,1.0000,64.7028,6.4969,0.3146,16.6525,16.7658,9.6283,0.0010,-1.0000
16.6464,1.0000,64.7195,1.3145,5.6313,16.7131,16.5254,15.0535,0.0011,-1.0000
16.6635,1.0000,64.7360,7.3236,0.3071,16.6448,16.5962,9.8633,0.0013,-1.0000
16.6669,1.0000,64.7526,1.2846,4.6201,16.6637,16.6413,15.3967,0.0011,-1.0000
16.6705,1.0000,64.7697,7.1372,0.3346,16.7764,16.8591,8.4650,0.0009,-1.0000
16.6623,1.0000,64.7860,1.4706,4.2759,16.6250,16.4534,14.6594,0.0013,-1.0000
16.6674,1.0000,64.8026,6.7318,0.3176,16.6043,16.6780,9.4985,0.0011,-1.0000
16.6686,1.0000,64.8195,1.2435,6.1977,16.6478,16.6629,15.3939,0.0012,-1.0000
16.6652,1.0000,64.8360,8.3934,0.3672,16.8698,16.6077,9.2541,0.0011,-1.0000
16.6679,1.0000,64.8527,1.7928,4.5475,16.4634,16.6652,15.3401,0.0011,-1.0000
16.6676,1.0000,64.8696,7.1787,0.3486,16.6846,16.9391,9.8970,0.0011,-1.0000
16.6661,1.0000,64.8860,1.2678,4.5140,16.6713,16.3676,14.9326,0.0011,-1.0000
16.6665,1.0000,64.9025,7.3534,0.4239,16.6172,16.6582,10.0882,0.0012,-1.0000
16.6687,1.0000,64.9193,1.3239,4.6601,16.6736,16.6728,15.4022,0.0013,-1.0000
16.6633,1.0000,64.9360,7.0413,0.3714,16.9502,16.6705,8.4947,0.0010,-1.0000
16.6674,1.0000,64.9526,1.4336,4.3711,16.3774,16.6319,15.2490,0.0011,-1.0000
16.6707,1.0000,64.9695,6.5685,0.3302,16.6666,16.6595,9.7686,0.0010,-1.0000
16.6640,1.0000,64.9859,1.2693,4.6438,16.6825,16.6430,14.9037,0.0012,-1.0000
16.6661,1.0000,65.0025,8.1750,0.3668,16.6791,16.6531,9.9196,0.0012,-1.0000
16.6669,1.0000,65.0195,1.3816,4.4077,16.6387,16.6875,15.5036,0.0011,-1.0000
16.6662,1.0000,65.0360,6.8897,0.4342,16.6696,16.6320,8.7651,0.0012,-1.0000
16.6667,1.0000,65.0526,1.7380,4.5010,16.6521,16.6548,15.2091,0.0012,-1.0000
16.6676,1.0000,65.0693,6.7321,0.3580,16.6613,16.6660,9.9041,0.0011,-1.0000
16.6668,1.0000,65.0860,1.1829,5.5415,16.6950,16.6549,15.1435,0.0011,-1.0000
16.6660,1.0000,65.1026,7.8663,0.4118,16.6420,16.6514,10.1392,0.0013,-1.0000
16.6663,1.0000,65.1193,1.4447,4.3298,16.6636,16.6573,15.4222,0.0013,-1.0000
16.6688,1.0000,65.1360,6.7608,0.3842,16.6755,16.6679,9.0079,0.0010,-1.0000
16.6643,1.0000,65.1526,1.5101,4.8200,16.6646,16.6463,15.3725,0.0012,-1.0000
16.6680,1.0000,65.1693,6.5110,0.3531,16.6597,16.6682,9.8772,0.0008,-1.0000
16.6675,1.0000,65.1860,1.2338,5.2681,16.6650,16.6603,15.1962,0.0015,-1.0000
16.6654,1.0000,65.2025,7.6590,0.3478,16.6766,16.6538,9.9405,0.0013,-1.0000
16.6680,1.0000,65.2193,1.2725,4.6369,16.6542,16.6608,15.5085,0.0011,-1.0000
16.6685,1.0000,65.2361,6.7902,0.3885,16.6761,16.6672,8.6523,0.0009,-1.0000
16.6619,1.0000,65.2525,1.4626,4.3444,16.6683,16.6346,15.2102,0.0011,-1.0000
16.6692,1.0000,65.2693,6.7119,0.3141,16.6620,16.6698,10.1724,0.0011,-1.0000
16.6689,1.0000,65.2860,1.1515,5.1922,16.6690,16.6649,15.3101,0.0011,-1.0000
16.6642,1.0000,65.3025,8.0140,0.3317,16.6777,16.6475,9.7811,0.0013,-1.0000
16.6667,1.0000,65.3193,1.4234,4.2349,16.6443,16.6586,15.5504,0.0011,-1.0000
16.6697,1.0000,65.3361,6.4967,0.3369,16.6775,16.6706,9.0228,0.0013,-1.0000
16.6632,1.0000,65.3527,1.3535,4.4324,16.6749,16.6394,14.9674,0.0015,-1.0000
16.6675,1.0000,65.3693,6.8651,0.3428,16.6565,16.6654,10.0486,0.0012,-1.0000
16.6692,1.0000,65.3860,1.1069,5.5435,16.6660,16.6665,15.3680,0.0013,-1.0000
16.6635,1.0000,65.4025,7.6464,0.6912,16.6809,16.6465,8.6862,0.0014,-1.0000
16.6674,1.0000,65.4193,1.6703,4.4059,16.6482,16.6607,15.4809,0.0013,-1.0000
16.6694,1.0000,65.4360,6.6162,0.3657,16.6724,16.6693,9.9038,0.0013,-1.0000
16.6646,1.0000,65.4526,1.2973,5.7396,16.6745,16.6515,15.1592,0.0013,-1.0000
16.6664,1.0000,65.4693,7.9592,0.4469,16.6552,16.6562,9.1650,0.0012,-1.0000
16.6682,1.0000,65.4860,1.1784,4.8298,16.6673,16.6698,15.4376,0.0010,-1.0000
16.6650,1.0000,65.5025,6.7643,0.4126,16.6773,16.6448,8.9797,0.0012,-1.0000
16.6649,1.0000,65.5193,1.4910,5.5715,16.6612,16.6525,15.5646,0.0010,-1.0000
16.6703,1.0000,65.5360,7.4903,0.3536,16.6637,16.6757,10.0580,0.0010,-1.0000
16.6672,1.0000,65.5527,1.2311,5.2760,16.6797,16.6539,15.2264,0.0013,-1.0000
16.6648,1.0000,65.5693,7.6648,0.3278,16.6547,16.6502,9.6616,0.0012,-1.0000
16.6676,1.0000,65.5860,1.0866,4.4322,16.6589,16.6656,15.3632,0.0011,-1.0000
16.6666,1.0000,65.6026,6.6172,0.3702,16.6846,16.6567,8.9350,0.0011,-1.0000
16.6650,1.0000,65.6193,1.4265,4.5043,16.6638,16.6504,15.4287,0.0010,-1.0000
16.6704,1.0000,65.6361,6.9878,0.3391,16.6585,16.6727,10.2032,0.0009,-1.0000
16.6656,1.0000,65.6526,1.3012,5.0990,16.6737,16.6532,15.1666,0.0009,-1.0000
16.6651,1.0000,65.6693,7.7207,0.3353,16.6647,16.6486,9.4846,0.0008,-1.0000
16.6659,1.0000,65.6860,1.2205,4.3197,16.6581,16.6627,15.4312,0.0011,-1.0000
16.6699,1.0000,65.7026,6.4685,0.4198,16.6825,16.6672,9.0789,0.0013,-1.0000
16.6658,1.0000,65.7193,1.4856,5.0557,16.6631,16.6634,15.2706,0.0012,-1.0000
16.6648,1.0000,65.7359,7.1629,0.3390,16.6561,16.6405,9.9257,0.0013,-1.0000
16.6693,1.0000,65.7527,1.2307,4.8315,16.6699,16.6690,15.4472,0.0011,-1.0000
16.6640,1.0000,65.7693,7.5866,0.3809,16.6754,16.6491,8.6116,0.0012,-1.0000
16.6664,1.0000,65.7859,1.3911,4.4266,16.6726,16.6571,15.3842,0.0010,-1.0000
16.6697,1.0000,65.8026,6.7134,0.3285,16.6487,16.6744,9.5271,0.0013,-1.0000
16.6667,1.0000,65.8193,1.2205,6.2557,16.6777,16.6537,15.2480,0.0009,-1.0000
16.6658,1.0000,65.8360,8.0368,0.3192,16.6580,16.6522,10.1556,0.0012,-1.0000
16.6682,1.0000,65.8528,1.2717,4.8696,16.6636,16.6604,15.4134,0.0012,-1.0000
16.6659,1.0000,65.8693,7.1460,0.4088,16.6850,16.6490,8.9850,0.0015,-1.0000
16.6635,1.0000,65.8859,1.4045,4.7805,16.6654,16.6475,15.3212,0.0012,-1.0000
16.6703,1.0000,65.9025,6.4953,0.3325,16.6615,16.6768,9.8757,0.0012,-1.0000
16.6656,1.0000,65.9193,1.2458,4.9120,16.6709,16.6537,15.2520,0.0010,-1.0000
16.6667,1.0000,65.9361,7.6624,0.3570,16.6596,16.7078,9.7045,0.0012,-1.0000
16.6673,1.0000,65.9527,1.3250,5.1432,16.6549,16.6122,15.3021,0.0015,-1.0000
16.6672,1.0000,65.9693,6.8006,0.4640,16.6841,16.6531,7.7616,0.0013,-1.0000
16.6643,1.0000,65.9859,1.4007,4.6228,16.6636,16.6493,15.4382,0.0011,-1.0000
16.6688,1.0000,66.0025,7.0022,0.3289,16.7156,16.6681,10.1518,0.0011,-1.0000
16.6684,1.0000,66.0194,1.3087,5.2073,16.6206,16.6621,15.2902,0.0013,-1.0000
16.6629,1.0000,66.0360,8.8904,0.3830,16.6618,16.6465,9.4393,0.0011,-1.0000
16.6689,1.0000,66.0528,1.2101,4.3480,16.6572,16.6662,15.4587,0.0012,-1.0000
16.6675,1.0000,66.0694,6.5154,0.4590,16.6769,16.6628,7.6392,0.0013,-1.0000
16.6658,1.0000,66.0859,1.3704,4.4590,16.6725,16.6417,15.1162,0.0012,-1.0000
16.6652,1.0000,66.1026,7.2061,0.3334,16.6555,16.6560,10.0651,0.0012,-1.0000
16.6686,1.0000,66.1193,1.2064,5.8988,16.6744,16.6691,15.3797,0.0011,-1.0000
16.6644,1.0000,66.1359,9.0229,0.3574,16.6742,16.6468,9.7972,0.0010,-1.0000
16.6687,1.0000,66.1526,1.5238,4.5802,16.6515,16.6709,15.3609,0.0014,-1.0000
16.6669,1.0000,66.1693,6.5906,0.3518,16.6646,16.6578,8.8767,0.0012,-1.0000
16.6664,1.0000,66.1860,1.2882,4.4843,16.6770,16.6521,15.1907,0.0010,-1.0000
16.6668,1.0000,66.2025,6.8487,0.3386,16.6541,16.6561,9.8842,0.0011,-1.0000
16.6683,1.0000,66.2194,1.3085,5.3429,16.6788,16.6675,15.3886,0.0012,-1.0000
16.6636,1.0000,66.2359,7.7801,0.4495,16.6676,16.6459,8.7794,0.0011,-1.0000
16.6662,1.0000,66.2526,1.4605,4.4472,16.6612,16.6565,15.4574,0.0010,-1.0000
16.6709,1.0000,66.2694,6.7709,0.4129,16.6644,16.6763,10.1762,0.0010,-1.0000
16.6650,1.0000,66.2859,1.2776,5.5561,16.6772,16.6460,15.0318,0.0012,-1.0000
16.6664,1.0000,66.3025,7.8657,0.3426,16.6537,16.6564,9.7030,0.0011,-1.0000
16.6683,1.0000,66.3193,1.1981,4.4020,16.6630,16.6654,15.4701,0.0011,-1.0000
16.6641,1.0000,66.3360,6.4991,0.3682,16.6857,16.6520,8.3538,0.0010,-1.0000
16.6657,1.0000,66.3526,1.6132,4.7739,16.6562,16.6523,15.3757,0.0011,-1.0000
16.6685,1.0000,66.3693,6.9528,0.3226,16.6649,16.6672,10.1378,0.0010,-1.0000
16.6686,1.0000,66.3861,1.1941,5.4767,16.6737,16.6703,15.1915,0.0011,-1.0000
16.6649,1.0000,66.4025,8.2974,0.3247,16.6613,16.6421,9.7517,0.0009,-1.0000
16.6663,1.0000,66.4193,1.2760,4.3501,16.6581,16.6602,15.4642,0.0010,-1.0000
16.6703,1.0000,66.4361,6.5284,0.4573,16.6740,16.6721,9.6177,0.0011,-1.0000
16.6628,1.0000,66.4526,1.4774,4.7465,16.6804,16.6447,15.0488,0.0012,-1.0000
16.6678,1.0000,66.4693,6.8895,0.3202,16.6502,16.6626,10.0268,0.0011,-1.0000
16.6675,1.0000,66.4861,1.1951,5.2466,16.6669,16.6619,15.3868,0.0010,-1.0000
16.6662,1.0000,66.5025,7.0536,0.3461,16.6823,16.6510,9.3756,0.0011,-1.0000
16.6647,1.0000,66.5193,1.5949,4.4904,16.6542,16.6526,15.5033,0.0011,-1.0000
16.6689,1.0000,66.5360,6.6344,0.4002,16.6693,16.6656,9.8686,0.0011,-1.0000
16.6668,1.0000,66.5526,1.2740,4.5554,16.6715,16.6606,15.0577,0.0011,-1.0000
16.6666,1.0000,66.5693,7.2742,0.3559,16.6602,16.6593,9.7666,0.0011,-1.0000
16.6684,1.0000,66.5860,1.1483,5.0706,16.6600,16.6639,15.3773,0.0013,-1.0000
16.6631,1.0000,66.6026,6.7966,0.4287,16.6733,16.6431,8.1857,0.0010,-1.0000
16.6665,1.0000,66.6193,1.6018,4.6759,16.6692,16.6572,15.4513,0.0015,-1.0000
16.6700,1.0000,66.6361,6.8917,0.3787,16.6679,16.6708,10.0981,0.0012,-1.0000
16.6661,1.0000,66.6526,1.2851,5.2442,16.6737,16.6525,14.7165,0.0012,-1.0000
16.6668,1.0000,66.6693,8.4565,0.3154,16.6524,16.6589,9.7531,0.0011,-1.0000
16.6667,1.0000,66.6860,1.2045,4.3793,16.6628,16.6601,15.2383,0.0011,-1.0000
16.6665,1.0000,66.7025,6.5717,0.7663,16.6817,16.6551,8.7400,0.0015,-1.0000
16.6664,1.0000,66.7193,1.9348,4.5360,16.6623,16.6529,15.5366,0.0010,-1.0000
16.6670,1.0000,66.7360,6.9046,0.3812,16.6683,16.6667,10.0195,0.0014,-1.0000
16.6668,1.0000,66.7526,1.4202,4.8119,16.6681,16.6519,15.2460,0.0013,-1.0000
16.6652,1.0000,66.7693,7.9141,0.3439,16.6642,16.6543,9.7375,0.0012,-1.0000
16.6693,1.0000,66.7860,1.1150,4.2121,16.6613,16.6682,15.3394,0.0013,-1.0000
16.7059,1.0000,66.8027,6.6461,0.3771,16.6758,16.7005,6.5584,0.0016,-1.0000
16.6636,1.0000,66.8193,1.4044,4.7742,16.6614,16.6393,15.2657,0.0012,-1.0000
16.6674,1.0000,66.8360,6.9161,0.3947,16.6623,16.6650,9.7018,0.0015,-1.0000
16.6694,1.0000,66.8528,1.3269,5.8248,16.6764,16.6679,15.3715,0.0011,-1.0000
16.6650,1.0000,66.8694,10.1406,0.4196,16.7109,16.6529,8.8910,0.0013,-1.0000
16.6658,1.0000,66.8860,1.3723,4.8333,16.6473,16.6513,15.3241,0.0013,-1.0000
16.6706,1.0000,66.9027,6.9619,0.3371,16.6715,16.6717,10.1046,0.0012,-1.0000
16.6648,1.0000,66.9194,1.2952,5.0317,16.6776,16.6506,15.0774,0.0011,-1.0000
16.6647,1.0000,66.9360,7.7605,0.3859,16.6635,16.6483,9.5700,0.0012,-1.0000
16.6681,1.0000,66.9527,1.3256,4.3527,16.6588,16.6659,15.3589,0.0012,-1.0000
16.6683,1.0000,66.9693,6.5666,0.5223,16.6812,16.6612,9.0362,0.0012,-1.0000
16.6628,1.0000,66.9859,1.5720,4.7524,16.6616,16.6451,15.4735,0.0012,-1.0000
16.6690,1.0000,67.0026,7.0777,0.3462,16.6564,16.6688,9.6867,0.0011,-1.0000
16.6680,1.0000,67.0194,1.3057,5.7679,16.6745,16.6612,15.2983,0.0013,-1.0000
16.6650,1.0000,67.0360,7.6240,0.3728,16.6702,16.6505,9.3693,0.0011,-1.0000
16.6670,1.0000,67.0527,1.1704,4.5957,16.6531,16.6733,15.3491,0.0016,-1.0000
16.6678,1.0000,67.0694,6.9808,0.4534,16.6763,16.6555,9.2515,0.0012,-1.0000
16.6643,1.0000,67.0859,1.3616,5.0712,16.6685,16.6431,15.3798,0.0013,-1.0000
16.6667,1.0000,67.1026,7.2801,0.4073,16.6585,16.6622,10.1837,0.0011,-1.0000
16.6704,1.0000,67.1195,1.3225,5.1516,16.6806,16.6705,15.4244,0.0012,-1.0000
16.6643,1.0000,67.1360,7.4029,0.3479,16.6654,16.6469,9.2063,0.0018,-1.0000
16.6665,1.0000,67.1526,1.2618,4.3834,16.6515,16.6564,15.4276,0.0012,-1.0000
16.6676,1.0000,67.1693,6.4776,0.3553,16.6692,16.6633,9.9481,0.0012,-1.0000
16.6664,1.0000,67.1861,1.2445,4.4991,16.6804,16.6609,15.2485,0.0011,-1.0000
16.6657,1.0000,67.2026,7.4393,0.3418,16.6566,16.6557,10.0323,0.0011,-1.0000
16.6688,1.0000,67.2194,1.2278,4.8728,16.6630,16.6642,15.5033,0.0009,-1.0000
16.6654,1.0000,67.2360,6.7144,0.3872,16.6708,16.6553,9.5800,0.0010,-1.0000
16.6669,1.0000,67.2526,1.4112,4.3896,16.6687,16.6553,15.4010,0.0011,-1.0000
16.6673,1.0000,67.2694,6.6220,0.3945,16.6639,16.6655,10.0080,0.0011,-1.0000
16.6675,1.0000,67.2860,1.1598,5.6029,16.6721,16.6528,15.1917,0.0013,-1.0000
16.6652,1.0000,67.3026,7.0743,0.3804,16.6634,16.6581,9.7756,0.0012,-1.0000
16.6686,1.0000,67.3193,1.2530,4.4583,16.6627,16.6619,15.5394,0.0011,-1.0000
16.6647,1.0000,67.3360,6.6564,0.3821,16.6748,16.6553,8.6626,0.0012,-1.0000
16.6651,1.0000,67.3527,1.4599,4.4057,16.6637,16.6519,15.4218,0.0011,-1.0000
16.6710,1.0000,67.3695,6.8812,0.3308,16.6657,16.6744,9.6226,0.0009,-1.0000
16.6658,1.0000,67.3860,1.1211,5.0290,16.6707,16.6477,15.0358,0.0014,-1.0000
16.6652,1.0000,67.4026,7.9925,0.3354,16.6642,16.6570,9.6851,0.0011,-1.0000
16.6679,1.0000,67.4194,1.2289,4.4799,16.6594,16.6613,15.1839,0.0013,-1.0000
16.6673,1.0000,67.4361,7.0509,0.4155,16.6828,16.6592,9.4529,0.0013,-1.0000
16.6643,1.0000,67.4527,1.6101,4.3854,16.6581,16.6486,15.3005,0.0011,-1.0000
16.6680,1.0000,67.4694,6.9708,0.3881,16.6658,16.6660,10.0872,0.0010,-1.0000
16.6671,1.0000,67.4860,1.4758,5.6086,16.6691,16.6570,15.2490,0.0016,-1.0000
16.6655,1.0000,67.5026,7.2049,0.3278,16.6684,16.6517,9.4875,0.0012,-1.0000
16.6682,1.0000,67.5194,1.3468,4.4325,16.6565,16.6669,15.4564,0.0012,-1.0000
16.6678,1.0000,67.5361,6.5778,0.4165,16.6750,16.6640,7.0282,0.0011,-1.0000
16.6638,1.0000,67.5526,1.4065,4.7882,16.6669,16.6438,15.3145,0.0013,-1.0000
16.6674,1.0000,67.5693,7.1631,0.3811,16.6595,16.6623,10.1892,0.0010,-1.0000
16.6686,1.0000,67.5860,1.2092,5.6245,16.6744,16.6640,15.3569,0.0012,-1.0000
16.6651,1.0000,67.6026,9.6346,0.3527,16.6737,16.6532,10.0517,0.0014,-1.0000
16.6676,1.0000,67.6193,1.3280,4.4398,16.6525,16.6561,15.4178,0.0012,-1.0000
16.6695,1.0000,67.6361,6.4718,0.4086,16.6691,16.6731,8.1895,0.0012,-1.0000
16.6620,1.0000,67.6526,1.3057,4.3789,16.6717,16.6379,15.0979,0.0014,-1.0000
16.6694,1.0000,67.6694,6.6004,0.3905,16.6629,16.6718,9.9873,0.0011,-1.0000
16.6678,1.0000,67.6861,1.2371,7.1157,16.6647,16.6587,15.3311,0.0010,-1.0000
