frame_ms,focused,elapsed,CPU Main Thread Frame Time,CPU Render Thread Frame Time,CPU Total Frame Time,PlayerLoop,WaitForTargetFPS,Gfx.WaitForPresentOnGfxThread,Gfx.WaitForGfxCommandsFromMainThread
16.6693,1.0000,291.0112,1.4256,0.3246,16.7307,16.6975,15.1618,0.0012,-1.0000
16.6674,1.0000,291.0280,1.6392,0.3162,16.8269,16.6377,15.3510,0.0014,-1.0000
16.6664,1.0000,291.0447,1.5191,0.2754,16.4916,16.6957,15.2687,0.0010,-1.0000
16.6672,1.0000,291.0614,1.2704,0.2655,16.6437,16.6158,15.2823,0.0014,-1.0000
16.6666,1.0000,291.0780,1.5344,0.2799,16.7054,16.6408,15.0687,0.0012,-1.0000
16.6648,1.0000,291.0947,1.2851,0.2822,16.6463,16.7764,15.2662,0.0013,-1.0000
16.6688,1.0000,291.1112,1.4259,0.3222,16.7037,16.5500,15.2322,0.0013,-1.0000
16.6663,1.0000,291.1279,1.3322,0.3267,16.6245,16.6641,15.0583,0.0012,-1.0000
16.6668,1.0000,291.1446,1.5707,0.2736,16.6512,16.6379,15.2479,0.0012,-1.0000
16.6685,1.0000,291.1613,1.5089,0.2566,16.7850,16.6428,15.3223,0.0014,-1.0000
16.6650,1.0000,291.1779,1.3164,0.3573,16.5597,16.6454,15.1057,0.0013,-1.0000
16.6667,1.0000,291.1946,1.6046,0.2686,16.6751,16.6985,15.3984,0.0012,-1.0000
16.6667,1.0000,291.2112,1.3888,0.2885,16.6467,16.6112,15.4258,0.0014,-1.0000
16.6672,1.0000,291.2279,1.3189,0.3120,16.6530,16.6559,15.1995,0.0010,-1.0000
16.6661,1.0000,291.2446,1.5384,0.2699,16.6553,16.6529,15.3388,0.0013,-1.0000
16.6680,1.0000,291.2614,1.2991,0.2736,16.7077,16.6991,15.2907,0.0013,-1.0000
16.6660,1.0000,291.2779,1.1841,0.3766,16.6213,16.6198,14.9403,0.0014,-1.0000
16.6664,1.0000,291.2947,1.4554,0.2960,16.6651,16.6374,15.3609,0.0012,-1.0000
16.6681,1.0000,291.3112,1.3128,0.2907,16.6609,16.6632,15.3050,0.0012,-1.0000
16.6663,1.0000,291.3279,1.4067,0.3415,16.7093,16.6551,15.1267,0.0013,-1.0000
16.6658,1.0000,291.3446,1.6782,0.2660,16.6287,16.6551,15.2931,0.0012,-1.0000
16.6692,1.0000,291.3613,1.2751,0.2716,16.6465,16.6619,15.2176,0.0011,-1.0000
16.6651,1.0000,291.3779,1.3567,0.3277,16.6736,16.6519,15.1307,0.0011,-1.0000
16.6659,1.0000,291.3946,1.5270,0.2887,16.6656,16.6753,15.3574,0.0011,-1.0000
16.6678,1.0000,291.4112,1.3611,0.2688,16.6659,16.6373,15.4690,0.0011,-1.0000
16.6683,1.0000,291.4280,1.4431,0.3077,16.6730,16.6658,15.3393,0.0012,-1.0000
16.6646,1.0000,291.4445,1.5198,0.3137,16.6628,16.6425,15.3206,0.0011,-1.0000
16.6681,1.0000,291.4613,1.3163,0.2536,16.6835,16.6638,15.4549,0.0012,-1.0000
16.6657,1.0000,291.4779,1.1670,0.2760,16.6453,16.6514,15.2960,0.0011,-1.0000
16.6658,1.0000,291.4946,1.3249,0.2766,16.6784,16.6568,15.4286,0.0014,-1.0000
16.6673,1.0000,291.5111,1.3206,0.2720,16.6527,16.6597,15.3867,0.0013,-1.0000
16.6671,1.0000,291.5279,1.2077,0.3469,16.6740,16.6586,15.4812,0.0010,-1.0000
16.6669,1.0000,291.5446,1.3542,0.2755,16.6609,16.6590,15.4430,0.0012,-1.0000
16.6681,1.0000,291.5614,1.2270,0.2746,16.6651,16.6866,15.4022,0.0012,-1.0000
16.6646,1.0000,291.5780,1.2715,0.3061,16.6684,16.6215,15.0600,0.0013,-1.0000
16.6676,1.0000,291.5946,1.1762,0.2762,16.6691,16.6615,15.2403,0.0012,-1.0000
16.6674,1.0000,291.6112,1.2146,0.3306,16.6677,16.6601,15.3396,0.0015,-1.0000
16.6648,1.0000,291.6279,1.2834,0.2716,16.6980,16.6525,15.1226,0.0015,-1.0000
16.6682,1.0000,291.6446,1.5602,0.2730,16.6316,16.6630,15.4418,0.0010,-1.0000
16.6671,1.0000,291.6613,1.4201,0.2677,16.6697,16.6601,15.3264,0.0013,-1.0000
16.6663,1.0000,291.6779,1.3188,0.3666,16.6677,16.6568,15.1488,0.0011,-1.0000
16.6670,1.0000,291.6945,1.5286,0.2800,16.6607,16.6575,15.4000,0.0011,-1.0000
16.6664,1.0000,291.7111,1.2202,0.2938,16.6713,16.6561,15.4722,0.0010,-1.0000
16.6666,1.0000,291.7279,1.3321,0.3507,16.6684,16.6563,15.2330,0.0012,-1.0000
16.6648,1.0000,291.7446,1.5071,0.3292,16.6672,16.6535,15.4573,0.0012,-1.0000
16.6693,1.0000,291.7612,1.2563,0.3039,16.6670,16.6659,15.2180,0.0013,-1.0000
16.6664,1.0000,291.7779,1.1828,0.2688,16.6643,16.6549,15.3461,0.0011,-1.0000
16.6665,1.0000,291.7946,1.4219,0.2714,16.6652,16.6590,15.3570,0.0014,-1.0000
16.6680,1.0000,291.8112,1.1951,0.2777,16.6621,16.6637,15.2447,0.0010,-1.0000
16.6658,1.0000,291.8279,1.4466,0.3223,16.6748,16.6521,15.0630,0.0013,-1.0000
16.6652,1.0000,291.8445,1.3076,0.2668,16.6636,16.6507,15.3045,0.0012,-1.0000
16.6693,1.0000,291.8612,1.3005,0.3323,16.6683,16.6625,15.5086,0.0011,-1.0000
16.6656,1.0000,291.8779,1.4178,0.3549,16.6734,16.6576,15.4086,0.0011,-1.0000
16.6663,1.0000,291.8946,1.5878,0.2714,16.6629,16.6551,15.4491,0.0011,-1.0000
16.6689,1.0000,291.9113,1.3452,0.2403,16.6590,16.6664,15.4335,0.0012,-1.0000
16.6651,1.0000,291.9279,1.1527,0.4606,16.6711,16.6691,15.2234,0.0016,-1.0000
16.6647,1.0000,291.9445,1.2480,0.3051,16.6678,16.6275,15.3982,0.0014,-1.0000
16.6687,1.0000,291.9612,1.2050,0.3061,16.6632,16.6684,15.5029,0.0008,-1.0000
16.6674,1.0000,291.9779,1.2313,0.3681,16.6775,16.6599,15.2585,0.0013,-1.0000
16.6661,1.0000,291.9947,1.4443,0.2670,16.6793,16.6538,15.4455,0.0011,-1.0000
16.6672,1.0000,292.0111,1.2280,0.2677,16.6358,16.6616,15.1326,0.0010,-1.0000
16.6665,1.0000,292.0279,1.1646,0.2817,16.6758,16.6549,15.4358,0.0010,-1.0000
16.6657,1.0000,292.0445,1.4001,0.2776,16.6699,16.6535,15.4486,0.0010,-1.0000
16.6685,1.0000,292.0615,1.2073,0.2928,16.6634,16.6647,15.4979,0.0011,-1.0000
16.6664,1.0000,292.0779,1.5279,0.2784,16.6701,16.6543,15.0051,0.0011,-1.0000
16.6666,1.0000,292.0946,1.2179,0.2721,16.6645,16.6555,15.3161,0.0013,-1.0000
16.6679,1.0000,292.1111,1.2039,0.2654,16.6625,16.6597,15.3832,0.0013,-1.0000
16.6658,1.0000,292.1279,1.1655,0.3384,16.6753,16.6528,15.2936,0.0011,-1.0000
16.6654,1.0000,292.1445,1.6479,0.3059,16.6648,16.6553,15.5268,0.0009,-1.0000
16.6678,1.0000,292.1613,1.3378,0.2802,16.6663,16.6625,15.4196,0.0011,-1.0000
16.6668,1.0000,292.1779,1.2754,0.4114,16.6693,16.6579,15.2371,0.0011,-1.0000
16.6673,1.0000,292.1946,1.3580,0.2778,16.6619,16.6624,15.3562,0.0013,-1.0000
16.6674,1.0000,292.2112,1.1275,0.2959,16.6634,16.6596,15.1918,0.0012,-1.0000
16.6650,1.0000,292.2279,1.2418,0.3016,16.6701,16.6463,15.5104,0.0012,-1.0000
16.6667,1.0000,292.2445,1.4195,0.2908,16.6668,16.6570,15.4447,0.0013,-1.0000
16.6669,1.0000,292.2612,1.3046,0.3607,16.6718,16.6632,15.3116,0.0012,-1.0000
16.6666,1.0000,292.2779,1.4666,0.2529,16.6703,16.6562,15.4062,0.0010,-1.0000
16.6684,1.0000,292.2946,1.1347,0.2688,16.6561,16.6666,15.4062,0.0011,-1.0000
16.6667,1.0000,292.3111,1.2109,0.3178,16.6649,16.6527,15.0842,0.0015,-1.0000
16.6650,1.0000,292.3279,1.3505,0.2543,16.6718,16.6520,15.4115,0.0013,-1.0000
16.6670,1.0000,292.3446,1.2489,0.2773,16.6645,16.6615,15.4544,0.0011,-1.0000
16.6675,1.0000,292.3612,1.2590,0.3158,16.6748,16.6600,15.2272,0.0012,-1.0000
16.6645,1.0000,292.3778,1.5672,0.3059,16.6617,16.6497,15.4783,0.0011,-1.0000
16.6695,1.0000,292.3946,1.2390,0.2861,16.6606,16.6708,15.5338,0.0008,-1.0000
16.6669,1.0000,292.4111,1.2061,0.3862,16.6701,16.6589,15.2122,0.0018,-1.0000
16.6650,1.0000,292.4278,1.4316,0.2632,16.6686,16.6476,15.5587,0.0011,-1.0000
16.6690,1.0000,292.4447,1.1705,0.2593,16.6568,16.6699,15.4870,0.0009,-1.0000
16.6663,1.0000,292.4612,1.1359,0.2630,16.6803,16.6540,15.1545,0.0014,-1.0000
16.6635,1.0000,292.4778,1.4447,0.2787,16.6685,16.6471,15.3354,0.0010,-1.0000
16.6701,1.0000,292.4947,1.0880,0.3081,16.6552,16.6724,15.5495,0.0015,-1.0000
16.6667,1.0000,292.5111,1.1817,0.3270,16.6785,16.6526,15.1575,0.0014,-1.0000
16.6650,1.0000,292.5279,1.4981,0.2965,16.6639,16.6531,15.4247,0.0011,-1.0000
16.6684,1.0000,292.5446,1.3107,0.2576,16.6539,16.6640,15.3794,0.0013,-1.0000
16.6670,1.0000,292.5612,1.1213,0.2853,16.6828,16.6569,15.2721,0.0011,-1.0000
16.6636,1.0000,292.5779,1.4937,0.3090,16.6618,16.6469,15.4050,0.0013,-1.0000
16.6685,1.0000,292.5945,1.2273,0.2757,16.6623,16.6665,15.5258,0.0010,-1.0000
16.6690,1.0000,292.6111,1.2833,0.3284,16.6728,16.6694,15.4692,0.0011,-1.0000
16.6657,1.0000,292.6279,1.3834,0.2505,16.6664,16.6510,15.2761,0.0011,-1.0000
16.6666,1.0000,292.6446,1.2408,0.2438,16.6541,16.6565,15.4232,0.0011,-1.0000
16.6671,1.0000,292.6613,1.1398,0.2804,16.6738,16.6549,15.4131,0.0012,-1.0000
16.6662,1.0000,292.6779,1.1991,0.4279,16.6777,16.6604,15.2647,0.0013,-1.0000
16.6652,1.0000,292.6945,1.3734,0.2744,16.6623,16.6501,15.4410,0.0012,-1.0000
16.6691,1.0000,292.7112,1.2321,0.3265,16.6659,16.6640,15.4827,0.0010,-1.0000
16.6658,1.0000,292.7279,1.2408,0.2961,16.6647,16.6574,15.3001,0.0012,-1.0000
16.6675,1.0000,292.7446,1.3943,0.3276,16.6703,16.6587,15.4141,0.0012,-1.0000
16.6855,1.0000,292.7613,1.2080,0.2675,16.6580,16.6760,15.1673,0.0013,-1.0000
16.6661,1.0000,292.7780,1.1804,0.2760,16.6719,16.6377,15.3185,0.0013,-1.0000
16.6643,1.0000,292.7946,1.3562,0.2853,16.6659,16.6524,15.3611,0.0012,-1.0000
16.6708,1.0000,292.8113,1.2434,0.3485,16.6687,16.6713,15.4776,0.0009,-1.0000
16.6644,1.0000,292.8279,1.5074,0.3157,16.7045,16.6305,15.1601,0.0014,-1.0000
16.6668,1.0000,292.8446,1.3173,0.2681,16.6459,16.6597,15.3818,0.0013,-1.0000
16.6679,1.0000,292.8613,1.2901,0.2460,16.6595,16.6576,15.3412,0.0012,-1.0000
16.6658,1.0000,292.8779,1.1925,0.2845,16.6794,16.6551,15.1907,0.0014,-1.0000
16.6663,1.0000,292.8946,1.4689,0.2603,16.6604,16.6580,15.4762,0.0012,-1.0000
16.6696,1.0000,292.9116,1.2765,0.3143,16.6693,16.9213,15.4492,0.0011,-1.0000
16.6627,1.0000,292.9279,1.3150,0.2877,16.6667,16.3869,14.6636,0.0018,-1.0000
16.6669,1.0000,292.9446,1.4628,0.2679,16.6631,16.6615,15.3882,0.0011,-1.0000
16.6818,1.0000,292.9613,1.1805,0.2852,16.6659,16.7029,15.4398,0.0013,-1.0000
16.6660,1.0000,292.9779,1.4710,0.3888,16.9329,16.6270,15.2284,0.0013,-1.0000
16.6654,1.0000,292.9946,1.7215,0.2658,16.3961,16.6544,15.4540,0.0010,-1.0000
16.6692,1.0000,293.0112,1.2722,0.2716,16.6698,16.6645,15.4251,0.0012,-1.0000
16.6658,1.0000,293.0279,1.2616,0.3591,16.7130,16.6556,15.3639,0.0014,-1.0000
16.6674,1.0000,293.0446,1.3972,0.3115,16.6358,16.6609,15.4089,0.0011,-1.0000
16.6675,1.0000,293.0613,1.1995,0.2308,16.6634,16.6567,15.3277,0.0011,-1.0000
16.6649,1.0000,293.0779,1.2381,0.4748,16.6736,16.6544,15.1190,0.0011,-1.0000
16.6672,1.0000,293.0946,1.2903,0.2664,16.6642,16.6582,15.3913,0.0015,-1.0000
16.6669,1.0000,293.1111,1.2508,0.2607,16.6704,16.6606,15.4042,0.0013,-1.0000
16.6655,1.0000,293.1279,1.3278,0.3553,16.6670,16.6519,15.4171,0.0012,-1.0000
16.6682,1.0000,293.1446,1.5343,0.2862,16.6635,16.6652,15.3516,0.0009,-1.0000
16.6666,1.0000,293.1613,1.2653,0.2419,16.6671,16.6603,15.0603,0.0012,-1.0000
16.6666,1.0000,293.1779,1.2550,0.2422,16.6692,16.6507,15.3265,0.0014,-1.0000
16.6668,1.0000,293.1953,1.2338,0.2652,16.6597,16.6624,15.3883,0.0011,-1.0000
16.6674,1.0000,293.2112,1.3124,0.3585,16.6727,16.6609,14.2824,0.0014,-1.0000
16.6649,1.0000,293.2279,1.5987,0.2384,16.6697,16.6506,15.4761,0.0013,-1.0000
16.6689,1.0000,293.2448,1.3227,0.2703,16.6582,16.6675,15.5181,0.0012,-1.0000
16.6665,1.0000,293.2612,1.2730,0.5128,16.6710,16.6554,15.1822,0.0015,-1.0000
16.6657,1.0000,293.2779,2.3768,0.2684,16.6697,16.6552,15.4511,0.0014,-1.0000
16.6684,1.0000,293.2947,1.1732,0.2545,16.6582,16.6673,15.4610,0.0014,-1.0000
16.6666,1.0000,293.3112,1.1481,0.3172,16.6761,16.6530,15.2401,0.0012,-1.0000
16.6641,1.0000,293.3279,1.4717,0.3089,16.6635,16.6496,15.5678,0.0010,-1.0000
16.6696,1.0000,293.3447,1.2028,0.3034,16.6629,16.6717,15.4411,0.0012,-1.0000
16.6666,1.0000,293.3613,1.2047,0.3864,16.6774,16.6518,15.2619,0.0012,-1.0000
16.6647,1.0000,293.3779,1.4117,0.2531,16.6621,16.6531,15.0598,0.0011,-1.0000
16.6689,1.0000,293.3947,1.0808,0.2641,16.6577,16.6641,15.5051,0.0011,-1.0000
16.6672,1.0000,293.4112,1.2293,0.3239,16.6826,16.6571,15.2351,0.0013,-1.0000
16.6660,1.0000,293.4279,1.3885,0.2588,16.6610,16.6590,15.3046,0.0011,-1.0000
16.6648,1.0000,293.4446,1.5922,0.2702,16.6610,16.6398,15.4557,0.0010,-1.0000
16.6691,1.0000,293.4613,1.1578,0.3605,16.6735,16.6680,15.4048,0.0012,-1.0000
16.6661,1.0000,293.4779,1.4206,0.3322,16.6675,16.6584,15.1997,0.0010,-1.0000
16.6651,1.0000,293.4946,1.3532,0.2676,16.6727,16.6469,15.5155,0.0012,-1.0000
16.6689,1.0000,293.5112,1.1831,0.3007,16.6500,16.6707,15.4389,0.0014,-1.0000
16.6663,1.0000,293.5280,1.2621,0.3355,16.6762,16.6525,15.2548,0.0012,-1.0000
16.6649,1.0000,293.5446,1.4574,0.2690,16.6681,16.6502,15.3575,0.0012,-1.0000
16.6688,1.0000,293.5614,1.1305,0.2347,16.6555,16.6640,15.4147,0.0011,-1.0000
16.8186,1.0000,293.5782,1.2302,0.3408,16.6800,16.8124,15.2979,0.0016,-1.0000
16.6643,1.0000,293.5948,1.3963,0.2711,16.6625,16.6513,15.2914,0.0011,-1.0000
16.6690,1.0000,293.6113,1.2918,0.4638,16.6588,16.6650,15.2566,0.0013,-1.0000
16.6665,1.0000,293.6281,1.2481,0.3522,16.6721,16.6588,15.1988,0.0011,-1.0000
16.6625,1.0000,293.6447,1.5130,0.3073,16.8220,16.6404,15.3993,0.0012,-1.0000
16.6692,1.0000,293.6614,1.3587,0.2688,16.6598,16.6730,15.6764,0.0009,-1.0000
16.6684,1.0000,293.6781,1.4070,0.4254,16.6735,16.6634,15.2525,0.0012,-1.0000
16.6646,1.0000,293.6947,1.4590,0.2729,16.6678,16.6496,15.4242,0.0013,-1.0000
16.6681,1.0000,293.7113,1.2400,0.2336,16.6470,16.6640,15.5229,0.0011,-1.0000
16.6687,1.0000,293.7281,0.9958,0.3166,16.6799,16.6634,15.4774,0.0010,-1.0000
16.6614,1.0000,293.7447,1.4097,0.2871,16.6722,16.6406,15.3286,0.0013,-1.0000
16.6683,1.0000,293.7615,1.2240,0.2608,16.6575,16.6675,15.5538,0.0008,-1.0000
16.6693,1.0000,293.7780,1.1398,0.2784,16.6719,16.6671,14.8534,0.0014,-1.0000
16.6640,1.0000,293.7947,1.1848,0.2444,16.6726,16.6494,15.5048,0.0009,-1.0000
16.6695,1.0000,293.8114,1.3106,0.2693,16.6477,16.6691,15.3857,0.0011,-1.0000
16.6658,1.0000,293.8281,1.1131,0.3269,16.6741,16.6487,15.2297,0.0015,-1.0000
16.6649,1.0000,293.8447,1.8124,0.2748,16.6769,16.6513,15.4220,0.0011,-1.0000
16.6675,1.0000,293.8618,1.1437,0.2725,16.6575,16.6611,15.5289,0.0013,-1.0000
16.6676,1.0000,293.8781,1.2825,0.2667,16.6800,16.6660,14.7939,0.0015,-1.0000
16.6661,1.0000,293.8947,1.4173,0.2454,16.6584,16.6556,15.3939,0.0014,-1.0000
16.6697,1.0000,293.9114,1.2282,0.2509,16.6589,16.6702,15.3976,0.0011,-1.0000
16.6643,1.0000,293.9281,1.1310,0.3402,16.6684,16.6423,15.2078,0.0012,-1.0000
16.6646,1.0000,293.9447,1.8706,0.2581,16.6753,16.6476,15.4531,0.0014,-1.0000
16.6684,1.0000,293.9614,1.2603,0.3270,16.6653,16.6652,15.5170,0.0012,-1.0000
16.6673,1.0000,293.9781,1.2713,0.3002,16.6812,16.6647,15.4444,0.0010,-1.0000
16.6658,1.0000,293.9948,1.4331,0.2637,16.6526,16.6509,15.3340,0.0014,-1.0000
16.6710,1.0000,294.0114,1.1932,0.2800,16.6554,16.6673,15.3910,0.0011,-1.0000
16.6637,1.0000,294.0281,1.1470,0.2888,16.6731,16.6491,15.2675,0.0012,-1.0000
16.6663,1.0000,294.0447,1.2193,0.3079,16.6731,16.6576,15.4314,0.0015,-1.0000
16.6665,1.0000,294.0618,1.3156,0.2911,16.6601,16.6580,15.4219,0.0012,-1.0000
16.6672,1.0000,294.0781,1.2747,0.4430,16.6781,16.6589,14.6387,0.0011,-1.0000
16.6667,1.0000,294.0948,1.3804,0.2835,16.6597,16.6579,15.4269,0.0013,-1.0000
16.6677,1.0000,294.1114,1.2245,0.3169,16.6658,16.6600,15.4133,0.0012,-1.0000
16.6658,1.0000,294.1281,1.2348,0.2826,16.6663,16.6548,15.2710,0.0013,-1.0000
16.6656,1.0000,294.1447,2.0191,0.2645,16.6680,16.6550,15.2876,0.0012,-1.0000
16.6669,1.0000,294.1616,1.2296,0.2618,16.6678,16.6837,15.4554,0.0011,-1.0000
16.6679,1.0000,294.1780,1.2455,0.2799,16.6692,16.5088,14.8313,0.0012,-1.0000
16.6666,1.0000,294.1948,1.3822,0.3133,16.6637,16.6580,15.5385,0.0010,-1.0000
16.6672,1.0000,294.2113,1.3665,0.3286,16.6634,16.6586,15.3052,0.0013,-1.0000
16.6674,1.0000,294.2281,1.2272,0.2717,16.8197,16.6555,15.3499,0.0011,-1.0000
16.6661,1.0000,294.2448,1.6764,0.2639,16.5170,16.6573,15.3558,0.0012,-1.0000
16.6660,1.0000,294.2614,1.1184,0.3102,16.6684,16.6546,15.3343,0.0013,-1.0000
16.6678,1.0000,294.2781,1.3518,0.3320,16.6679,16.6634,15.4034,0.0011,-1.0000
16.6663,1.0000,294.2947,1.3045,0.2745,16.6650,16.6558,15.4082,0.0011,-1.0000
16.6672,1.0000,294.3114,1.3005,0.2848,16.6661,16.6617,15.3672,0.0011,-1.0000
16.6668,1.0000,294.3282,1.3191,0.2539,16.6636,16.6524,14.7664,0.0011,-1.0000
16.6665,1.0000,294.3448,1.2589,0.2825,16.6708,16.6612,15.2234,0.0013,-1.0000
16.6677,1.0000,294.3616,1.2466,0.2918,16.6649,16.6567,15.4585,0.0015,-1.0000
16.6660,1.0000,294.3781,1.2932,0.3613,16.6727,16.6538,15.1497,0.0011,-1.0000
16.6653,1.0000,294.3948,1.8848,0.3058,16.6615,16.6527,15.3446,0.0012,-1.0000
16.6698,1.0000,294.4115,1.4365,0.2766,16.6717,16.6651,15.2681,0.0013,-1.0000
16.6655,1.0000,294.4281,1.1968,0.3300,16.6690,16.6491,14.8157,0.0015,-1.0000
16.6666,1.0000,294.4448,1.5030,0.2769,16.6637,16.6618,15.4215,0.0012,-1.0000
16.6676,1.0000,294.4614,1.3068,0.2507,16.6622,16.6561,15.3960,0.0011,-1.0000
16.6651,1.0000,294.4781,1.3956,0.3565,16.6753,16.6513,15.4387,0.0011,-1.0000
16.6659,1.0000,294.4948,1.8318,0.2793,16.6580,16.6549,15.4694,0.0011,-1.0000
16.6689,1.0000,294.5114,1.2390,0.2990,16.6718,16.6680,15.4138,0.0011,-1.0000
16.6659,1.0000,294.5281,1.2589,0.3819,16.6665,16.6521,15.4259,0.0012,-1.0000
16.6675,1.0000,294.5449,1.2116,0.2789,16.6608,16.6620,15.4542,0.0009,-1.0000
16.6676,1.0000,294.5615,1.1846,0.2716,16.6628,16.6516,15.1595,0.0013,-1.0000
16.6655,1.0000,294.5781,1.2528,0.2589,16.6774,16.6560,15.4089,0.0011,-1.0000
16.6657,1.0000,294.5947,1.2249,0.2821,16.6621,16.6538,15.3735,0.0010,-1.0000
16.6683,1.0000,294.6113,1.2067,0.2752,16.6730,16.6638,15.3436,0.0012,-1.0000
16.6662,1.0000,294.6281,1.4907,0.2656,16.6614,16.6569,15.2541,0.0011,-1.0000
16.6654,1.0000,294.6447,1.2457,0.2787,16.6653,16.6538,15.3754,0.0013,-1.0000
16.6684,1.0000,294.6617,1.2792,0.3340,16.6617,16.7610,15.4872,0.0010,-1.0000
16.6668,1.0000,294.6781,1.3191,0.3538,16.6728,16.5606,14.9285,0.0013,-1.0000
16.6652,1.0000,294.6947,1.4016,0.2816,16.6657,16.6503,15.2946,0.0012,-1.0000
16.6699,1.0000,294.7113,1.2772,0.3167,16.6622,16.6727,15.3525,0.0011,-1.0000
16.6649,1.0000,294.7281,1.2730,0.3712,16.7710,16.6463,15.4543,0.0011,-1.0000
16.6659,1.0000,294.7448,1.6304,0.3019,16.5706,16.6588,15.3978,0.0011,-1.0000
16.6687,1.0000,294.7616,1.3546,0.3119,16.6586,16.6677,15.4022,0.0009,-1.0000
16.6659,1.0000,294.7781,1.3187,0.3202,16.6825,16.6479,15.0172,0.0016,-1.0000
16.6645,1.0000,294.7947,1.1905,0.2731,16.6553,16.6466,15.3003,0.0016,-1.0000
16.6697,1.0000,294.8114,1.2600,0.2889,16.6663,16.6717,15.4508,0.0013,-1.0000
16.6663,1.0000,294.8282,1.2643,0.3142,16.6795,16.6523,15.3348,0.0013,-1.0000
16.6662,1.0000,294.8448,1.6292,0.3042,16.6590,16.6549,15.1337,0.0013,-1.0000
16.6668,1.0000,294.8615,1.3446,0.2875,16.6553,16.6599,15.4316,0.0012,-1.0000
16.6667,1.0000,294.8781,1.2195,0.3170,16.6813,16.6542,15.1147,0.0012,-1.0000
16.6667,1.0000,294.8948,1.3162,0.3391,16.6627,16.6549,15.4158,0.0010,-1.0000
16.6674,1.0000,294.9114,1.5197,0.3314,16.6647,16.6638,15.4334,0.0010,-1.0000
16.6668,1.0000,294.9281,1.2269,0.3017,16.6693,16.6568,15.2568,0.0016,-1.0000
16.6663,1.0000,294.9448,1.5382,0.3227,16.6637,16.6532,15.3442,0.0013,-1.0000
16.6675,1.0000,294.9619,1.2381,0.2691,16.6632,16.6641,15.2597,0.0012,-1.0000
16.6672,1.0000,294.9781,1.2295,0.2717,16.6738,16.6563,14.3885,0.0014,-1.0000
16.6655,1.0000,294.9948,1.3981,0.2811,16.6662,16.6533,15.3349,0.0013,-1.0000
16.6680,1.0000,295.0114,1.3075,0.2995,16.6619,16.6644,15.4139,0.0010,-1.0000
16.6662,1.0000,295.0281,1.4032,0.4216,16.6731,16.6555,15.1230,0.0012,-1.0000
16.6668,1.0000,295.0448,2.2663,0.2827,16.6654,16.6578,15.3870,0.0012,-1.0000
16.6676,1.0000,295.0615,1.3171,0.2743,16.6608,16.6637,15.3100,0.0013,-1.0000
16.6663,1.0000,295.0781,1.2494,0.4142,16.6730,16.6525,15.1839,0.0011,-1.0000
16.6666,1.0000,295.0948,1.5310,0.2817,16.6642,16.6551,15.3022,0.0010,-1.0000
16.6665,1.0000,295.1114,1.2695,0.3205,16.6670,16.6558,15.2192,0.0014,-1.0000
16.6664,1.0000,295.1281,1.3525,0.3531,16.6744,16.6562,15.3210,0.0015,-1.0000
16.6659,1.0000,295.1447,1.4673,0.3263,16.6632,16.6532,15.3711,0.0012,-1.0000
16.6679,1.0000,295.1615,1.3517,0.2743,16.6651,16.6657,15.4363,0.0010,-1.0000
16.6672,1.0000,295.1781,1.4351,0.3390,16.6667,16.6542,15.1389,0.0012,-1.0000
16.6672,1.0000,295.1948,1.3339,0.2768,16.6659,16.6615,15.3602,0.0011,-1.0000
16.6740,1.0000,295.2115,1.2811,0.2738,16.6619,16.6633,15.3604,0.0011,-1.0000
16.6655,1.0000,295.2281,1.2283,0.4168,16.6750,16.5654,15.2621,0.0011,-1.0000
16.6655,1.0000,295.2448,1.5138,0.2655,16.6632,16.6532,15.4401,0.0010,-1.0000
16.6682,1.0000,295.2615,1.3002,0.2937,16.6724,16.6648,15.4137,0.0012,-1.0000
16.6677,1.0000,295.2781,1.3019,0.3183,16.7589,16.6602,15.1170,0.0015,-1.0000
16.6656,1.0000,295.2948,1.3021,0.2711,16.5744,16.6526,15.4042,0.0012,-1.0000
16.6682,1.0000,295.3115,1.2122,0.2591,16.6616,16.6577,15.3046,0.0011,-1.0000
16.6663,1.0000,295.3281,1.2498,0.3174,16.6745,16.6606,15.3510,0.0012,-1.0000
16.6654,1.0000,295.3447,1.5416,0.2856,16.6700,16.6503,15.3864,0.0014,-1.0000
16.6680,1.0000,295.3616,1.2472,0.3175,16.6614,16.6674,15.5306,0.0012,-1.0000
16.6667,1.0000,295.3781,1.3519,0.2773,16.6661,16.6506,14.4513,0.0012,-1.0000
16.6662,1.0000,295.3948,1.3084,0.2719,16.6700,16.6558,15.3274,0.0014,-1.0000
16.6677,1.0000,295.4114,1.2624,0.2739,16.6604,16.6631,15.3954,0.0011,-1.0000
16.6665,1.0000,295.4281,1.1356,0.3694,16.6770,16.6572,15.3945,0.0012,-1.0000
16.6636,1.0000,295.4447,2.1980,0.3097,16.6597,16.6445,15.4248,0.0009,-1.0000
16.6707,1.0000,295.4615,1.3269,0.3214,16.6642,16.6810,15.5101,0.0012,-1.0000
16.6657,1.0000,295.4781,1.2666,0.2761,16.6725,16.6464,15.1316,0.0013,-1.0000
16.6649,1.0000,295.4948,1.2613,0.2532,16.6667,16.6529,15.4088,0.0012,-1.0000
16.6682,1.0000,295.5114,1.2188,0.2587,16.6521,16.6645,15.3252,0.0013,-1.0000
16.6678,1.0000,295.5281,1.1694,0.2961,16.6895,16.6607,15.4257,0.0013,-1.0000
16.6622,1.0000,295.5447,1.5131,0.3064,16.6555,16.6420,15.3792,0.0014,-1.0000
16.6694,1.0000,295.5615,1.2428,0.2547,16.6602,16.6757,15.4926,0.0012,-1.0000
16.6678,1.0000,295.5782,1.3377,0.3682,16.6731,16.6569,15.1203,0.0013,-1.0000
16.6655,1.0000,295.5950,1.2336,0.2741,16.6698,16.6513,15.3557,0.0010,-1.0000
16.6688,1.0000,295.6114,1.2615,0.2839,16.6492,16.6651,15.2172,0.0014,-1.0000
16.6667,1.0000,295.6281,1.1820,0.2917,16.6848,16.6599,15.4444,0.0011,-1.0000
16.6626,1.0000,295.6447,1.5353,0.2743,16.6660,16.6412,15.3174,0.0013,-1.0000
16.6692,1.0000,295.6616,1.2945,0.6629,16.6599,16.6723,15.5330,0.0009,-1.0000
16.6681,1.0000,295.6781,1.4462,0.3521,16.6737,16.6583,15.1411,0.0013,-1.0000
16.6645,1.0000,295.6947,1.2141,0.4757,16.6699,16.6504,15.4082,0.0012,-1.0000
17.0446,1.0000,295.7125,1.3224,0.3037,16.6488,17.0416,15.8375,0.0014,-1.0000
16.6667,1.0000,295.7285,1.1382,0.3394,16.6797,16.6562,14.4607,0.0015,-1.0000
16.6648,1.0000,295.7451,1.5158,0.3273,16.6675,16.6542,15.3593,0.0011,-1.0000
16.6678,1.0000,295.7623,1.2411,0.2963,16.6588,16.7127,15.3778,0.0014,-1.0000
16.6683,1.0000,295.7785,1.2024,0.4195,17.0512,16.6120,14.4546,0.0014,-1.0000
16.6661,1.0000,295.7952,2.1942,0.3106,16.6640,16.6548,15.3017,0.0010,-1.0000
16.6675,1.0000,295.8117,1.2939,0.3011,16.6619,16.6635,15.3632,0.0014,-1.0000
16.6665,1.0000,295.8285,1.3334,0.2592,16.7206,16.6529,15.4404,0.0010,-1.0000
16.6654,1.0000,295.8451,2.1559,0.3378,16.6203,16.6525,15.4012,0.0011,-1.0000
16.6675,1.0000,295.8618,1.3516,0.2860,16.6640,16.6609,15.4733,0.0013,-1.0000
16.6671,1.0000,295.8785,1.2989,0.3355,16.6733,16.6588,15.3857,0.0013,-1.0000
16.6659,1.0000,295.8951,1.2113,0.2611,16.6630,16.6569,15.2964,0.0014,-1.0000
16.6682,1.0000,295.9118,1.2502,0.2565,16.6616,16.6620,15.4520,0.0012,-1.0000
16.6668,1.0000,295.9285,1.1861,0.2648,16.6689,16.6583,15.2521,0.0012,-1.0000
16.6667,1.0000,295.9452,1.2715,0.3262,16.6669,16.6541,15.2999,0.0015,-1.0000
16.6663,1.0000,295.9623,1.3593,0.2586,16.6656,17.0790,15.2747,0.0015,-1.0000
16.6678,1.0000,295.9793,1.2086,0.2862,16.6727,16.2333,14.6586,0.0012,-1.0000
16.6654,1.0000,295.9952,1.4048,0.2917,16.6682,16.6525,14.4703,0.0012,-1.0000
16.6669,1.0000,296.0118,1.3527,0.2615,16.6657,16.6589,15.2065,0.0013,-1.0000
16.6680,1.0000,296.0287,1.8028,0.2754,17.0900,16.7266,15.3382,0.0013,-1.0000
16.6666,1.0000,296.0452,1.5730,0.3699,16.2446,16.5879,15.0876,0.0011,-1.0000
16.6637,1.0000,296.0618,2.1808,0.3345,16.6625,16.6465,15.0609,0.0014,-1.0000
16.6689,1.0000,296.0786,1.4510,0.3351,16.6698,16.6650,15.3973,0.0011,-1.0000
16.6660,1.0000,296.0952,1.3865,0.3594,16.7360,16.6531,14.9774,0.0014,-1.0000
16.6663,1.0000,296.1118,1.4994,0.3957,16.5997,16.6584,15.2093,0.0013,-1.0000
16.6694,1.0000,296.1286,1.5837,0.2995,16.6557,16.6646,15.4106,0.0011,-1.0000
16.6653,1.0000,296.1453,1.2664,0.5536,16.6752,16.6769,15.1164,0.0012,-1.0000
16.6668,1.0000,296.1619,1.6743,0.3848,16.6623,16.6312,15.2579,0.0011,-1.0000
16.6680,1.0000,296.1786,1.4474,0.3007,16.6676,16.6636,15.2124,0.0011,-1.0000
16.6657,1.0000,296.1952,1.2526,0.3417,16.6743,16.6510,14.9880,0.0015,-1.0000
16.6654,1.0000,296.2117,1.5593,0.3281,16.6871,16.6517,15.2983,0.0020,-1.0000
16.6685,1.0000,296.2285,1.3723,0.3086,16.6406,16.6628,15.4531,0.0011,-1.0000
16.6660,1.0000,296.2452,1.4498,0.4242,16.6753,16.6530,15.3705,0.0013,-1.0000
16.6663,1.0000,296.2619,1.6613,0.3193,16.6614,16.6574,15.2858,0.0011,-1.0000
16.6679,1.0000,296.2787,1.3514,0.3016,16.6605,16.6552,15.2965,0.0011,-1.0000
16.6663,1.0000,296.2952,1.2085,0.3117,16.6722,16.6557,14.9004,0.0014,-1.0000
16.6650,1.0000,296.3117,1.2811,0.3500,16.6644,16.6514,15.0813,0.0013,-1.0000
16.6693,1.0000,296.3286,1.3705,0.3201,16.6680,16.6713,15.5615,0.0010,-1.0000
16.6662,1.0000,296.3452,1.3578,0.3748,16.6654,16.6516,14.6256,0.0014,-1.0000
16.6642,1.0000,296.3618,1.7538,0.3565,16.6653,16.6486,15.2244,0.0011,-1.0000
16.6725,1.0000,296.3792,1.5683,0.3022,16.6590,16.6812,15.3418,0.0013,-1.0000
16.6643,1.0000,296.3953,1.1088,0.3646,16.6812,16.6462,14.4627,0.0015,-1.0000
16.6648,1.0000,296.4117,2.0246,0.2807,16.6616,16.6487,15.1408,0.0012,-1.0000
16.6671,1.0000,296.4285,1.4229,0.3072,16.6559,16.6611,15.4426,0.0012,-1.0000
16.6672,1.0000,296.4452,1.3379,0.3785,16.6916,16.6550,14.7087,0.0014,-1.0000
16.6669,1.0000,296.4619,2.1819,0.3665,16.6581,16.6579,15.3670,0.0011,-1.0000
16.6672,1.0000,296.4785,1.5069,0.3115,16.6571,16.6621,15.3615,0.0013,-1.0000
16.6662,1.0000,296.4952,1.2173,0.2807,16.6709,16.6524,15.3079,0.0019,-1.0000
16.6675,1.0000,296.5118,1.9448,0.3096,16.6648,16.6618,15.3214,0.0012,-1.0000
16.6676,1.0000,296.5287,1.2898,0.3051,16.6674,16.6598,15.2751,0.0013,-1.0000
16.6650,1.0000,296.5452,1.2993,0.3042,16.6711,16.6463,15.2115,0.0013,-1.0000
16.6666,1.0000,296.5618,1.3425,0.3105,16.6617,16.6569,15.3959,0.0014,-1.0000
16.6689,1.0000,296.5786,1.3390,0.3027,16.6727,16.6670,15.4393,0.0012,-1.0000
16.6645,1.0000,296.5952,1.3833,0.2731,16.6709,16.6476,14.9605,0.0011,-1.0000
16.6680,1.0000,296.6118,1.4335,0.2614,16.6556,16.6649,15.4151,0.0012,-1.0000
16.6672,1.0000,296.6286,1.2597,0.2597,16.6650,16.6571,15.4266,0.0014,-1.0000
16.6663,1.0000,296.6451,1.2265,0.3367,16.6766,16.6563,15.0382,0.0013,-1.0000
16.6657,1.0000,296.6618,1.6859,0.2559,16.6565,16.6564,15.3707,0.0014,-1.0000
16.6689,1.0000,296.6786,1.2483,0.2860,16.6732,16.6679,15.3307,0.0010,-1.0000
16.6651,1.0000,296.6951,1.2288,0.2733,16.6663,16.6471,14.9996,0.0016,-1.0000
16.6678,1.0000,296.7118,1.6167,0.2589,16.6647,16.6653,15.4212,0.0013,-1.0000
16.6666,1.0000,296.7285,1.2843,0.2600,16.6652,16.6517,15.0906,0.0012,-1.0000
16.6663,1.0000,296.7452,1.3360,0.3574,16.6774,16.6551,15.2390,0.0013,-1.0000
16.6775,1.0000,296.7618,1.6460,0.2704,16.6565,16.6943,15.3362,0.0010,-1.0000
16.6704,1.0000,296.7785,1.2427,0.2820,16.6749,16.6406,15.4504,0.0014,-1.0000
16.6655,1.0000,296.7952,1.5600,0.3202,16.6612,16.6554,15.3293,0.0012,-1.0000
16.6662,1.0000,296.8117,1.4147,0.2696,16.6637,16.6581,15.3066,0.0013,-1.0000
16.6678,1.0000,296.8287,1.3573,0.2567,16.7023,16.6621,15.5068,0.0011,-1.0000
16.6653,1.0000,296.8451,1.1887,0.3021,16.6486,16.6502,14.5754,0.0015,-1.0000
16.6659,1.0000,296.8618,1.3246,0.2710,16.6637,16.6573,15.4755,0.0010,-1.0000
16.6701,1.0000,296.8786,1.3501,0.2538,16.6662,16.6725,15.4268,0.0011,-1.0000
16.6648,1.0000,296.8952,1.1541,0.3266,16.6708,16.6499,14.8691,0.0012,-1.0000
16.6667,1.0000,296.9117,2.0733,0.2491,16.6581,16.6602,15.3793,0.0012,-1.0000
16.6688,1.0000,296.9286,1.1807,0.2623,16.6644,16.6654,15.4977,0.0012,-1.0000
16.6648,1.0000,296.9452,1.2443,0.3289,16.6815,16.6455,15.0398,0.0015,-1.0000
16.6661,1.0000,296.9618,1.7796,0.2884,16.6588,16.6549,15.2697,0.0014,-1.0000
16.6691,1.0000,296.9786,1.2798,0.2666,16.6685,16.6641,15.4435,0.0012,-1.0000
16.6648,1.0000,296.9958,1.1663,0.3359,16.6763,16.6504,14.9646,0.0017,-1.0000
16.6677,1.0000,297.0117,1.6040,0.2995,16.6567,16.6625,14.5159,0.0012,-1.0000
16.6674,1.0000,297.0285,1.3839,0.2596,16.6641,16.6583,15.5154,0.0015,-1.0000
16.6661,1.0000,297.0451,1.2194,0.3077,16.6744,16.6552,15.2044,0.0012,-1.0000
16.6649,1.0000,297.0618,1.6844,0.3894,16.6597,16.6531,15.2780,0.0011,-1.0000
16.6694,1.0000,297.0786,2.1452,0.3134,16.6712,16.6711,15.3798,0.0013,-1.0000
16.6651,1.0000,297.0951,1.1413,0.4228,16.6672,16.6481,15.2965,0.0015,-1.0000
16.6681,1.0000,297.1118,1.4496,0.2890,16.6632,16.6692,15.4147,0.0011,-1.0000
16.6663,1.0000,297.1285,1.3739,0.3191,16.6610,16.6493,15.1823,0.0013,-1.0000
16.6671,1.0000,297.1452,1.2900,0.2946,16.6791,16.6602,15.3361,0.0012,-1.0000
16.6698,1.0000,297.1620,1.3502,0.2934,16.6566,16.6644,15.3675,0.0013,-1.0000
16.6635,1.0000,297.1785,1.2533,0.2926,16.6808,16.6468,15.0560,0.0013,-1.0000
16.6659,1.0000,297.1951,1.4658,0.3033,16.6583,16.6506,15.4000,0.0013,-1.0000
16.6690,1.0000,297.2118,1.3228,0.3183,16.6694,16.6670,15.4899,0.0011,-1.0000
16.6670,1.0000,297.2285,1.2955,0.3376,16.6759,16.6525,15.2956,0.0011,-1.0000
16.6650,1.0000,297.2451,1.5895,0.2580,16.6572,16.6522,15.4501,0.0013,-1.0000
16.6685,1.0000,297.2618,1.2493,0.2648,16.6594,16.6653,15.3829,0.0014,-1.0000
16.6661,1.0000,297.2785,1.1756,0.3106,16.6771,16.6579,15.1751,0.0014,-1.0000
16.6634,1.0000,297.2951,1.3557,0.2748,16.6630,16.6467,15.3758,0.0011,-1.0000
16.6702,1.0000,297.3118,1.2007,0.3016,16.6596,16.6737,15.5646,0.0012,-1.0000
16.6671,1.0000,297.3285,1.2809,0.3327,16.6737,16.6566,15.1317,0.0013,-1.0000
16.6660,1.0000,297.3452,1.4813,0.2710,16.6663,16.6551,15.2989,0.0014,-1.0000
16.6673,1.0000,297.3619,1.2698,0.2351,16.6539,16.6617,15.4193,0.0013,-1.0000
16.6663,1.0000,297.3785,1.1081,0.2839,16.6813,16.6603,15.1448,0.0012,-1.0000
16.6641,1.0000,297.3951,1.5234,0.2861,16.6649,16.6471,15.3631,0.0010,-1.0000
16.6706,1.0000,297.4119,1.3549,0.3095,16.6640,16.6762,15.4606,0.0012,-1.0000
16.6665,1.0000,297.4285,1.2407,0.3611,16.6700,16.6490,15.2677,0.0010,-1.0000
16.6649,1.0000,297.4452,1.5141,0.2406,16.6693,16.6543,15.5191,0.0012,-1.0000
16.6697,1.0000,297.4619,1.2832,0.2437,16.6543,16.6731,15.3967,0.0012,-1.0000
16.6655,1.0000,297.4785,1.2144,0.2952,16.6853,16.6451,15.2596,0.0011,-1.0000
16.6636,1.0000,297.4951,1.3800,0.2647,16.6579,16.6535,15.4350,0.0013,-1.0000
16.6686,1.0000,297.5118,1.1339,0.2612,16.6616,16.6638,15.4564,0.0010,-1.0000
16.6683,1.0000,297.5286,1.2748,0.3404,16.6846,16.6595,15.3613,0.0012,-1.0000
16.6650,1.0000,297.5451,1.3839,0.2594,16.6554,16.6487,15.3818,0.0013,-1.0000
16.6683,1.0000,297.5621,1.2176,0.2590,16.6612,16.6659,15.3884,0.0013,-1.0000
16.6673,1.0000,297.5786,1.2063,0.2538,16.6740,16.6592,15.0886,0.0012,-1.0000
16.6640,1.0000,297.5951,1.2970,0.2618,16.6685,16.6464,15.2184,0.0012,-1.0000
16.6680,1.0000,297.6117,1.2654,0.3202,16.6575,16.6657,15.5023,0.0011,-1.0000
16.6684,1.0000,297.6285,1.2759,0.2726,16.6747,16.6595,15.3043,0.0012,-1.0000
16.6648,1.0000,297.6452,1.5692,0.2516,16.6689,16.6540,15.3800,0.0012,-1.0000
16.6673,1.0000,297.6618,1.4269,0.2388,16.6548,16.6608,15.4203,0.0012,-1.0000
16.6677,1.0000,297.6785,1.1622,0.2782,16.6741,16.6592,15.2791,0.0011,-1.0000
16.6645,1.0000,297.6951,1.3539,0.2960,16.6679,16.6452,15.4001,0.0013,-1.0000
16.6674,1.0000,297.7118,1.2728,0.2640,16.6626,16.6646,15.4636,0.0011,-1.0000
16.6679,1.0000,297.7285,1.2393,0.2987,16.6712,16.6595,14.8564,0.0015,-1.0000
16.6660,1.0000,297.7455,1.3792,0.2791,16.6704,16.6561,15.4444,0.0013,-1.0000
16.6677,1.0000,297.7620,1.2439,0.2774,16.6543,16.6642,14.9641,0.0015,-1.0000
16.6663,1.0000,297.7785,1.1999,0.3037,16.6723,16.6525,14.7026,0.0012,-1.0000
16.6653,1.0000,297.7951,1.8014,0.2770,16.6681,16.6534,15.4312,0.0011,-1.0000
16.6676,1.0000,297.8117,1.2104,0.4003,16.6645,16.6613,15.4132,0.0011,-1.0000
16.6678,1.0000,297.8286,1.6985,0.3607,16.6744,16.6623,15.3007,0.0015,-1.0000
16.6661,1.0000,297.8452,1.9487,0.3349,16.6610,16.6559,15.2609,0.0014,-1.0000
16.6672,1.0000,297.8618,1.2210,0.2996,16.6618,16.6629,15.3003,0.0013,-1.0000
16.6673,1.0000,297.8785,1.2471,0.3169,16.6694,16.6557,15.3671,0.0013,-1.0000
16.6658,1.0000,297.8952,1.3603,0.3010,16.6703,16.6535,15.1957,0.0011,-1.0000
16.6663,1.0000,297.9118,1.3933,0.3186,16.6652,16.6550,15.4551,0.0013,-1.0000
16.6672,1.0000,297.9285,1.3612,0.3292,16.6726,16.6615,15.2392,0.0012,-1.0000
16.6668,1.0000,297.9451,1.2871,0.3752,16.6654,16.6537,15.4028,0.0012,-1.0000
16.6675,1.0000,297.9619,1.4569,0.2964,16.6641,16.6659,15.3301,0.0010,-1.0000
16.6659,1.0000,297.9785,1.1989,0.2959,16.6637,16.6533,15.1312,0.0012,-1.0000
16.6667,1.0000,297.9952,1.4215,0.2708,16.6697,16.6555,15.4470,0.0012,-1.0000
16.6670,1.0000,298.0117,1.2498,0.2579,16.6621,16.6563,15.4084,0.0017,-1.0000
16.6667,1.0000,298.0285,1.3349,0.3200,16.6756,16.6588,15.3605,0.0010,-1.0000
16.6662,1.0000,298.0452,1.5209,0.2536,16.6635,16.6535,15.4591,0.0011,-1.0000
16.6679,1.0000,298.0620,1.2071,0.2512,16.6644,16.6655,15.3793,0.0013,-1.0000
16.6666,1.0000,298.0785,1.2463,0.3105,16.6659,16.6583,15.1357,0.0012,-1.0000
16.6651,1.0000,298.0952,1.2973,0.2659,16.6671,16.6520,15.3291,0.0015,-1.0000
16.6683,1.0000,298.1118,1.1933,0.2560,16.6624,16.6614,15.2950,0.0012,-1.0000
16.6670,1.0000,298.1285,1.2847,0.2772,16.6744,16.6589,15.0299,0.0011,-1.0000
16.6644,1.0000,298.1451,1.5211,0.2781,16.6667,16.6486,15.3800,0.0012,-1.0000
16.6699,1.0000,298.1619,1.3217,0.3174,16.6623,16.6689,15.6056,0.0009,-1.0000
16.6664,1.0000,298.1786,1.3651,0.2636,16.6706,16.6569,14.3728,0.0012,-1.0000
16.6656,1.0000,298.1952,1.6275,0.2703,16.6676,16.6507,14.9866,0.0012,-1.0000
16.6688,1.0000,298.2118,1.2680,0.2540,16.6567,16.6664,15.4435,0.0013,-1.0000
16.6654,1.0000,298.2285,1.0621,0.3794,16.6774,16.6521,15.1843,0.0013,-1.0000
16.6656,1.0000,298.2451,2.2828,0.3015,16.6672,16.6533,15.3898,0.0010,-1.0000
16.6677,1.0000,298.2619,1.6629,0.2616,16.6598,16.6653,15.4333,0.0013,-1.0000
16.6674,1.0000,298.2785,1.2214,0.3460,16.6754,16.6566,14.9457,0.0018,-1.0000
16.6658,1.0000,298.2952,1.4665,0.3014,16.6616,16.6532,15.3384,0.0010,-1.0000
16.6683,1.0000,298.3118,1.2627,0.2414,16.6617,16.6659,15.4540,0.0010,-1.0000
16.6652,1.0000,298.3285,1.2308,0.3257,16.6744,16.6459,15.1775,0.0016,-1.0000
16.6669,1.0000,298.3452,1.7093,0.2737,16.6667,16.6570,15.2994,0.0011,-1.0000
16.6684,1.0000,298.3624,1.3135,0.2852,16.6622,16.6636,15.4834,0.0011,-1.0000
16.6659,1.0000,298.3785,1.2108,0.3313,16.6780,16.6538,14.6978,0.0013,-1.0000
16.6662,1.0000,298.3951,1.4670,0.2806,16.6562,16.6583,15.3104,0.0012,-1.0000
16.6676,1.0000,298.4119,1.3563,0.2660,16.6650,16.6597,15.2746,0.0012,-1.0000
16.6658,1.0000,298.4285,1.1787,0.4140,16.6726,16.6542,14.3460,0.0013,-1.0000
16.6655,1.0000,298.4454,1.9548,0.3376,16.6640,16.6548,15.4211,0.0011,-1.0000
16.6688,1.0000,298.4619,1.3467,0.5103,16.6671,16.6665,15.1553,0.0015,-1.0000
16.6674,1.0000,298.4786,1.3838,0.3922,16.6685,16.6583,15.3118,0.0012,-1.0000
16.6651,1.0000,298.4952,2.3072,0.3273,16.6639,16.6450,15.2978,0.0012,-1.0000
16.6686,1.0000,298.5118,1.2329,0.2952,16.6628,16.6678,15.3036,0.0013,-1.0000
16.6659,1.0000,298.5286,1.5097,0.3382,16.6761,16.6503,15.3114,0.0012,-1.0000
16.6662,1.0000,298.5452,1.3449,0.3080,16.6719,16.6540,15.3450,0.0012,-1.0000
16.6671,1.0000,298.5619,1.3459,0.3359,16.6549,16.6603,15.4005,0.0012,-1.0000
16.6670,1.0000,298.5785,1.3630,0.3066,16.6772,16.6567,15.2032,0.0015,-1.0000
16.6666,1.0000,298.5952,1.3376,0.3102,16.6601,16.6593,15.3482,0.0012,-1.0000
16.6673,1.0000,298.6117,1.3079,0.2871,16.6626,16.6568,15.2740,0.0012,-1.0000
16.6655,1.0000,298.6286,1.2586,0.3756,16.6703,16.6532,15.2121,0.0013,-1.0000
16.6668,1.0000,298.6452,1.4518,0.2870,16.6662,16.6573,15.3018,0.0012,-1.0000
16.6674,1.0000,298.6619,1.3098,0.2792,16.6685,16.6601,15.4180,0.0012,-1.0000
16.6655,1.0000,298.6785,1.3815,0.3168,16.6674,16.6506,15.2262,0.0010,-1.0000
16.6673,1.0000,298.6952,1.4398,0.2624,16.6641,16.6619,15.4005,0.0010,-1.0000
16.6675,1.0000,298.7118,1.3542,0.2687,16.6663,16.6587,15.3641,0.0011,-1.0000
16.6655,1.0000,298.7285,1.2407,0.2896,16.6706,16.6507,15.1530,0.0012,-1.0000
16.6678,1.0000,298.7452,1.4234,0.2650,16.6593,16.6627,15.4208,0.0012,-1.0000
16.6670,1.0000,298.7618,1.2604,0.3263,16.6717,16.6597,15.3378,0.0011,-1.0000
16.6662,1.0000,298.7785,1.2933,0.5597,16.6688,16.6524,15.2863,0.0012,-1.0000
16.6689,1.0000,298.7952,1.4965,0.2648,16.6594,16.6660,15.4688,0.0012,-1.0000
16.6667,1.0000,298.8118,1.2406,0.2907,16.6713,16.6538,15.2689,0.0012,-1.0000
16.6637,1.0000,298.8285,1.3203,0.3116,16.6700,16.6422,15.2539,0.0012,-1.0000
16.6686,1.0000,298.8452,1.3648,0.2601,16.6617,16.6678,15.3860,0.0011,-1.0000
16.6671,1.0000,298.8619,1.1961,0.2593,16.6779,16.6583,15.3874,0.0012,-1.0000
16.6633,1.0000,298.8784,1.3836,0.2906,16.6664,16.6442,15.1592,0.0011,-1.0000
16.6692,1.0000,298.8952,1.3870,0.2502,16.6514,16.6988,15.5417,0.0010,-1.0000
16.6673,1.0000,298.9118,1.2805,0.3034,16.6766,16.6269,14.0852,0.0014,-1.0000
16.6655,1.0000,298.9285,1.2696,0.3423,16.6692,16.6497,15.1708,0.0014,-1.0000
16.6679,1.0000,298.9452,1.4838,0.2490,16.6521,16.6620,15.4196,0.0013,-1.0000
16.6687,1.0000,298.9620,1.1560,0.4102,16.7080,16.6598,15.3358,0.0010,-1.0000
16.6622,1.0000,298.9784,2.5403,0.3188,16.6394,16.6382,14.9247,0.0017,-1.0000
16.6680,1.0000,298.9952,1.4774,0.2632,16.6599,16.6657,15.5599,0.0010,-1.0000
16.6689,1.0000,299.0118,1.2411,0.2742,16.6725,16.6701,15.3062,0.0013,-1.0000
16.6639,1.0000,299.0285,1.3228,0.2779,16.6719,16.6417,15.1218,0.0014,-1.0000
16.6690,1.0000,299.0455,1.7118,0.2438,16.6482,16.6660,15.4055,0.0011,-1.0000
16.6659,1.0000,299.0618,1.1048,0.2743,16.6730,16.6563,13.6427,0.0013,-1.0000
16.6667,1.0000,299.0786,1.3624,0.3161,16.6792,16.6566,15.3226,0.0012,-1.0000
16.6671,1.0000,299.0953,1.5185,0.2514,16.6507,16.6622,15.2922,0.0013,-1.0000
16.6672,1.0000,299.1118,1.2591,0.5087,16.6744,16.6563,14.7376,0.0014,-1.0000
16.6658,1.0000,299.1285,3.0127,0.3674,16.6652,16.6543,15.1674,0.0010,-1.0000
16.6668,1.0000,299.1452,1.3327,0.3127,16.6648,16.6607,15.3280,0.0011,-1.0000
16.6683,1.0000,299.1620,1.3685,0.3437,16.6722,16.6641,15.1664,0.0013,-1.0000
16.6636,1.0000,299.1785,1.9172,0.4017,16.6659,16.6417,15.0769,0.0013,-1.0000
16.6888,1.0000,299.1953,1.4856,0.2967,16.6621,16.6908,15.4643,0.0011,-1.0000
16.6656,1.0000,299.2118,1.3318,0.4116,16.6688,16.6561,15.2574,0.0014,-1.0000
16.6638,1.0000,299.2285,1.4964,0.3430,16.6751,16.6441,15.4369,0.0011,-1.0000
16.6702,1.0000,299.2453,1.5641,0.3067,16.6518,16.6711,15.4241,0.0015,-1.0000
16.6657,1.0000,299.2618,1.2250,0.3686,16.7000,16.6530,15.1833,0.0011,-1.0000
16.6642,1.0000,299.2785,1.3971,0.2869,16.6656,16.6468,15.4723,0.0012,-1.0000
16.6687,1.0000,299.2952,1.2063,0.3033,16.6521,16.6658,15.5079,0.0011,-1.0000
16.6665,1.0000,299.3117,1.2454,0.3160,16.6811,16.6579,15.3354,0.0013,-1.0000
16.6667,1.0000,299.3285,1.4681,0.3143,16.6632,16.6582,15.3660,0.0014,-1.0000
16.6674,1.0000,299.3452,1.1735,0.2737,16.6548,16.6620,15.3677,0.0012,-1.0000
16.6666,1.0000,299.3618,1.1569,0.2874,16.6738,16.6578,15.1391,0.0012,-1.0000
16.6657,1.0000,299.3785,1.3208,0.3017,16.6663,16.6517,15.3902,0.0011,-1.0000
16.6672,1.0000,299.3953,1.2907,0.2846,16.6664,16.6591,15.4711,0.0011,-1.0000
16.6671,1.0000,299.4117,1.2930,0.2530,16.6707,16.6588,15.2371,0.0014,-1.0000
16.6665,1.0000,299.4285,1.5177,0.3073,16.6679,16.6567,15.4775,0.0010,-1.0000
16.6680,1.0000,299.4453,1.2605,0.2489,16.6603,16.6610,15.4288,0.0013,-1.0000
16.6666,1.0000,299.4619,1.1866,0.2589,16.6690,16.6579,15.0657,0.0014,-1.0000
16.6661,1.0000,299.4785,1.4204,0.2632,16.6676,16.6567,15.2125,0.0010,-1.0000
16.6664,1.0000,299.4952,1.1780,0.2710,16.6658,16.6572,15.2281,0.0012,-1.0000
16.6675,1.0000,299.5117,1.2305,0.3189,16.6697,16.6612,15.3032,0.0013,-1.0000
16.6662,1.0000,299.5285,1.5907,0.2868,16.6668,16.6592,15.4878,0.0012,-1.0000
16.6675,1.0000,299.5454,1.4431,0.2700,16.6650,16.6577,15.4696,0.0013,-1.0000
16.6665,1.0000,299.5618,1.4279,0.2669,16.6667,16.6503,14.8768,0.0013,-1.0000
16.6666,1.0000,299.5785,1.3565,0.2493,16.6695,16.6566,15.3348,0.0015,-1.0000
16.6666,1.0000,299.5952,1.1702,0.2626,16.6693,16.6572,15.3050,0.0012,-1.0000
16.6667,1.0000,299.6118,1.1867,0.3518,16.6687,16.6593,15.2524,0.0013,-1.0000
16.6653,1.0000,299.6285,1.7724,0.2680,16.6611,16.6484,15.4420,0.0009,-1.0000
16.7001,1.0000,299.6453,1.3203,0.2586,16.6662,16.7023,15.4809,0.0011,-1.0000
16.6661,1.0000,299.6619,1.3511,0.3025,16.6663,16.6500,15.1163,0.0013,-1.0000
16.6667,1.0000,299.6785,1.4056,0.2867,16.6689,16.6559,15.4001,0.0011,-1.0000
16.6670,1.0000,299.6952,1.2056,0.2487,16.6568,16.6579,15.2679,0.0013,-1.0000
16.6665,1.0000,299.7118,1.2203,0.3637,16.7126,16.6583,15.4345,0.0010,-1.0000
16.6637,1.0000,299.7285,1.5320,0.2652,16.6610,16.6475,15.5487,0.0012,-1.0000
16.6707,1.0000,299.7453,1.2548,0.2729,16.6655,16.6743,15.5773,0.0011,-1.0000
16.6660,1.0000,299.7619,1.3885,0.2520,16.6671,16.6524,15.1318,0.0012,-1.0000
16.6668,1.0000,299.7786,1.2230,0.2538,16.6667,16.6604,15.4162,0.0016,-1.0000
16.6671,1.0000,299.7952,1.0980,0.2678,16.6549,16.6536,15.3642,0.0013,-1.0000
16.6668,1.0000,299.8118,1.0956,0.4271,16.6834,16.6590,15.3198,0.0010,-1.0000
16.6648,1.0000,299.8285,1.5193,0.2815,16.6618,16.6485,15.5572,0.0010,-1.0000
16.6685,1.0000,299.8452,1.2426,0.2841,16.6698,16.6706,15.5234,0.0010,-1.0000
16.6669,1.0000,299.8619,1.2878,0.2763,16.6632,16.6564,15.2660,0.0014,-1.0000
16.6658,1.0000,299.8785,1.3377,0.2797,16.6679,16.6546,15.3647,0.0013,-1.0000
16.6678,1.0000,299.8953,1.0903,0.2630,16.6562,16.6648,15.3678,0.0010,-1.0000
16.6669,1.0000,299.9118,1.1462,0.3333,16.6783,16.6580,15.0204,0.0013,-1.0000
16.6652,1.0000,299.9285,1.3887,0.2600,16.6648,16.6491,15.4769,0.0012,-1.0000
16.6707,1.0000,299.9464,1.2886,0.3198,16.6624,16.6791,15.4758,0.0013,-1.0000
16.6647,1.0000,299.9619,1.2958,0.3068,16.6730,16.6419,14.0607,0.0013,-1.0000
16.6661,1.0000,299.9785,1.6362,0.2574,16.6670,16.6556,15.2952,0.0012,-1.0000
16.6678,1.0000,299.9953,1.1710,0.2609,16.6570,16.6638,15.4480,0.0011,-1.0000
16.6657,1.0000,300.0117,1.2020,0.4492,16.6900,16.6514,14.0774,0.0016,-1.0000
16.6671,1.0000,300.0286,2.5798,0.3226,16.6526,16.6590,15.5596,0.0010,-1.0000
16.6672,1.0000,300.0453,1.3592,0.3047,16.6644,16.6584,15.4583,0.0013,-1.0000
16.6670,1.0000,300.0619,1.2145,0.4409,16.6741,16.6584,14.1487,0.0015,-1.0000
16.6664,1.0000,300.0786,2.5723,0.4913,16.6596,16.6529,15.2722,0.0015,-1.0000
16.6687,1.0000,300.0954,1.0982,0.3063,16.6678,16.6658,15.3826,0.0011,-1.0000
16.6652,1.0000,300.1118,1.1987,0.4037,16.6694,16.6500,15.0749,0.0016,-1.0000
16.6648,1.0000,300.1285,2.5082,0.3763,16.6685,16.6493,15.4043,0.0012,-1.0000
16.6677,1.0000,300.1452,1.3791,0.3185,16.6621,16.6669,15.4602,0.0013,-1.0000
16.6670,1.0000,300.1619,1.2820,0.3612,16.6765,16.6566,15.1708,0.0012,-1.0000
16.6645,1.0000,300.1786,1.5736,0.3182,16.6610,16.6495,15.2969,0.0013,-1.0000
16.6699,1.0000,300.1953,1.2440,0.2498,16.6567,16.6755,15.4285,0.0014,-1.0000
16.6667,1.0000,300.2118,1.2053,0.4868,16.6764,16.6492,15.3340,0.0015,-1.0000
16.6660,1.0000,300.2285,1.4844,0.2922,16.6650,16.6553,15.5327,0.0016,-1.0000
16.6664,1.0000,300.2454,1.3512,0.2640,16.6567,16.6609,15.3685,0.0011,-1.0000
16.6672,1.0000,300.2618,1.2455,0.2712,16.6849,16.6537,15.1720,0.0011,-1.0000
16.6661,1.0000,300.2785,1.3136,0.2923,16.6591,16.6574,15.5386,0.0012,-1.0000
16.6681,1.0000,300.2953,1.1206,0.2738,16.6630,16.6640,15.4001,0.0011,-1.0000
16.6665,1.0000,300.3120,1.2912,0.3319,16.6721,16.6590,15.2795,0.0012,-1.0000
16.6660,1.0000,300.3286,1.4805,0.2841,16.6611,16.6521,15.1317,0.0012,-1.0000
16.6668,1.0000,300.3459,1.1177,0.2864,16.6655,16.6626,15.3832,0.0012,-1.0000
16.6692,1.0000,300.3621,1.2628,0.3077,16.6726,16.6621,14.5497,0.0015,-1.0000
16.6636,1.0000,300.3785,1.3783,0.2614,16.6688,16.6413,14.9454,0.0018,-1.0000
16.6683,1.0000,300.3958,1.5192,0.2597,16.6611,16.6650,15.3881,0.0012,-1.0000
16.6675,1.0000,300.4118,1.2779,0.3296,16.6727,16.6578,14.0441,0.0013,-1.0000
16.6654,1.0000,300.4286,2.1108,0.3650,16.6731,16.6576,15.0131,0.0012,-1.0000
16.6669,1.0000,300.4453,1.6947,0.3137,16.6514,16.6549,15.2584,0.0012,-1.0000
16.6673,1.0000,300.4619,1.2757,0.3081,16.6728,16.6585,15.1822,0.0012,-1.0000
16.6643,1.0000,300.4785,2.6126,0.4469,16.6670,16.6496,15.1320,0.0014,-1.0000
16.6700,1.0000,300.4953,1.6433,0.3190,16.6679,16.6748,15.4285,0.0010,-1.0000
16.6678,1.0000,300.5119,1.3950,0.3297,16.6639,16.6556,14.9577,0.0013,-1.0000
16.6640,1.0000,300.5286,1.4750,0.3133,16.6682,16.6433,15.1140,0.0014,-1.0000
16.6674,1.0000,300.5453,1.5164,0.3723,16.6571,16.6638,15.3167,0.0012,-1.0000
16.6682,1.0000,300.5619,1.2456,0.3197,16.6865,16.6546,15.1859,0.0015,-1.0000
16.6628,1.0000,300.5785,1.6965,0.3277,16.6675,16.6462,15.4317,0.0011,-1.0000
16.6699,1.0000,300.5953,1.5279,0.3083,16.6530,16.6783,15.4671,0.0010,-1.0000
16.6669,1.0000,300.6118,1.3458,0.3574,16.6724,16.6483,15.0894,0.0014,-1.0000
16.6642,1.0000,300.6285,1.4671,0.3106,16.6644,16.6508,15.3429,0.0015,-1.0000
16.6688,1.0000,300.6453,1.2134,0.2841,16.6539,16.6668,15.3028,0.0011,-1.0000
16.6663,1.0000,300.6622,1.2100,0.3746,16.6893,16.6564,15.0681,0.0012,-1.0000
16.6659,1.0000,300.6786,1.5574,0.3446,16.6579,16.6500,14.4155,0.0015,-1.0000
16.6685,1.0000,300.6953,1.3066,0.3324,16.6588,16.6689,15.3348,0.0012,-1.0000
16.6663,1.0000,300.7119,1.3626,0.3333,16.6748,16.6528,15.1274,0.0016,-1.0000
16.6652,1.0000,300.7285,1.5872,0.3939,16.6665,16.6507,15.3287,0.0013,-1.0000
16.6681,1.0000,300.7453,2.2335,0.3127,16.6589,16.6630,15.4078,0.0014,-1.0000
16.6671,1.0000,300.7619,1.3328,0.3597,16.6793,16.6575,14.7423,0.0011,-1.0000
16.6641,1.0000,300.7785,1.5235,0.3288,16.6626,16.6500,15.3965,0.0016,-1.0000
16.6693,1.0000,300.7955,1.3208,0.2997,16.6591,16.6767,15.4779,0.0012,-1.0000
16.6671,1.0000,300.8119,1.2537,0.3416,16.6718,16.6502,14.9998,0.0014,-1.0000
16.6647,1.0000,300.8286,1.9142,0.2998,16.6663,16.6507,15.3272,0.0012,-1.0000
16.6693,1.0000,300.8452,1.2519,0.3457,16.6578,16.6661,15.3882,0.0013,-1.0000
16.6659,1.0000,300.8619,1.1975,0.3677,16.6861,16.6548,15.2226,0.0012,-1.0000
16.6651,1.0000,300.8785,1.6488,0.3704,16.6600,16.6513,15.3848,0.0013,-1.0000
16.6934,1.0000,300.8956,1.3222,0.3020,16.6591,16.6894,15.4935,0.0011,-1.0000
16.6689,1.0000,300.9118,1.2765,0.3327,16.6745,16.6636,14.5374,0.0013,-1.0000
16.6667,1.0000,300.9286,1.4309,0.3069,16.6641,16.6587,15.4524,0.0016,-1.0000
16.7585,1.0000,300.9460,1.2653,0.2722,16.6586,17.1682,15.4742,0.0012,-1.0000
16.6323,1.0000,300.9619,1.1949,0.2746,16.6968,16.1989,14.1313,0.0014,-1.0000
16.6650,1.0000,300.9786,2.1248,0.3104,16.6709,16.6525,15.4229,0.0013,-1.0000
16.6663,1.0000,300.9953,1.2047,0.2733,16.6677,16.6566,15.4671,0.0012,-1.0000
16.6690,1.0000,301.0118,1.6930,0.3313,17.1812,16.6669,15.4268,0.0012,-1.0000
16.6650,1.0000,301.0286,2.0662,0.2855,16.2099,16.6539,15.5251,0.0012,-1.0000
16.6697,1.0000,301.0455,1.2287,0.2593,16.6607,16.6715,15.4790,0.0011,-1.0000
16.6661,1.0000,301.0620,1.1882,0.2911,16.6640,16.6461,15.0380,0.0015,-1.0000
16.6641,1.0000,301.0786,1.2388,0.2615,16.6743,16.6498,15.4729,0.0013,-1.0000
16.6691,1.0000,301.0953,1.1276,0.2645,16.6626,16.6680,15.4419,0.0012,-1.0000
16.6667,1.0000,301.1118,1.1910,0.3506,16.6831,16.6592,15.2841,0.0013,-1.0000
16.6666,1.0000,301.1286,1.6063,0.2678,16.6559,16.6558,15.4496,0.0011,-1.0000
16.6672,1.0000,301.1454,1.1757,0.2682,16.6579,16.6637,15.3883,0.0013,-1.0000
16.6659,1.0000,301.1620,1.2247,0.2868,16.6760,16.6535,15.2587,0.0011,-1.0000
16.6641,1.0000,301.1786,1.3739,0.3290,16.6678,16.6478,15.3892,0.0012,-1.0000
16.6693,1.0000,301.1953,1.2050,0.2766,16.6635,16.6677,15.6316,0.0011,-1.0000
16.6671,1.0000,301.2118,1.2742,0.3063,16.6739,16.6598,15.2716,0.0013,-1.0000
16.6664,1.0000,301.2286,1.3935,0.3168,16.6626,16.6563,15.6023,0.0011,-1.0000
16.6682,1.0000,301.2454,1.2573,0.2569,16.6550,16.6671,15.4596,0.0012,-1.0000
16.6655,1.0000,301.2620,1.0348,0.3284,16.6751,16.6510,15.0345,0.0013,-1.0000
16.6659,1.0000,301.2786,1.3870,0.2729,16.6682,16.6519,15.3177,0.0012,-1.0000
16.6675,1.0000,301.2953,1.0527,0.2575,16.6641,16.6617,15.4811,0.0011,-1.0000
16.6664,1.0000,301.3121,1.2061,0.2703,16.6776,16.6601,15.3510,0.0015,-1.0000
16.6672,1.0000,301.3286,1.6153,0.3150,16.6604,16.6571,15.1891,0.0013,-1.0000
16.6670,1.0000,301.3453,1.3329,0.2780,16.6600,16.6611,15.4321,0.0012,-1.0000
16.6665,1.0000,301.3620,1.1795,0.2933,16.6697,16.6566,15.2101,0.0011,-1.0000
16.6667,1.0000,301.3786,1.3075,0.3907,16.6685,16.6534,15.3547,0.0011,-1.0000
16.6687,1.0000,301.3955,1.4668,0.3089,16.6666,16.6646,15.3964,0.0014,-1.0000
16.6654,1.0000,301.4119,1.2278,0.4211,16.6715,16.6496,15.1045,0.0016,-1.0000
16.6660,1.0000,301.4286,1.4452,0.3379,16.6665,16.6524,15.3362,0.0010,-1.0000
16.6684,1.0000,301.4461,1.2975,0.3026,16.6627,16.6657,15.3527,0.0012,-1.0000
16.6659,1.0000,301.4620,1.2667,0.5521,16.6760,16.6524,14.2776,0.0014,-1.0000
16.6665,1.0000,301.4786,1.5437,0.3112,16.6599,16.6556,15.3837,0.0014,-1.0000
16.6673,1.0000,301.4954,1.3148,0.3016,16.6612,16.6605,15.3875,0.0011,-1.0000
16.6664,1.0000,301.5119,1.3114,0.4012,16.6759,16.6525,15.1499,0.0012,-1.0000
16.6658,1.0000,301.5286,2.3731,0.2814,16.6633,16.6519,15.5263,0.0013,-1.0000
16.6684,1.0000,301.5454,1.2701,0.3592,16.6657,16.6705,15.4926,0.0012,-1.0000
16.6659,1.0000,301.5620,1.2718,0.3255,16.6713,16.6506,15.0475,0.0016,-1.0000
16.6649,1.0000,301.5786,1.5011,0.2598,16.6623,16.6477,15.3825,0.0012,-1.0000
16.6685,1.0000,301.5954,1.1245,0.2656,16.6597,16.6675,15.4037,0.0012,-1.0000
16.6674,1.0000,301.6119,1.1765,0.3943,16.6816,16.6584,14.6994,0.0011,-1.0000
16.6642,1.0000,301.6286,1.6015,0.2638,16.6615,16.6458,15.4721,0.0017,-1.0000
16.6705,1.0000,301.6453,1.2641,0.2902,16.6558,16.6749,15.5009,0.0012,-1.0000
16.6652,1.0000,301.6620,1.2625,0.3600,16.6757,16.6498,14.6799,0.0012,-1.0000
16.6658,1.0000,301.6786,1.9579,0.2831,16.6680,16.6529,15.2936,0.0012,-1.0000
16.6697,1.0000,301.6956,1.1722,0.2804,16.6540,16.6656,15.3480,0.0013,-1.0000
16.6646,1.0000,301.7119,1.1728,0.3323,16.6853,16.6478,15.0356,0.0015,-1.0000
16.6643,1.0000,301.7286,1.9687,0.2683,16.6606,16.6490,15.4935,0.0011,-1.0000
16.6704,1.0000,301.7454,1.3581,0.3082,16.6629,16.6763,15.5470,0.0013,-1.0000
16.6652,1.0000,301.7620,1.3162,0.3161,16.6758,16.6467,15.1960,0.0015,-1.0000
16.6665,1.0000,301.7786,1.6107,0.2676,16.6583,16.6568,15.2997,0.0014,-1.0000
16.6670,1.0000,301.7953,1.1543,0.2519,16.6564,16.6601,15.4461,0.0013,-1.0000
16.6671,1.0000,301.8119,1.1278,0.3441,16.6862,16.6551,15.2731,0.0012,-1.0000
16.6639,1.0000,301.8286,1.4496,0.2895,16.6575,16.6483,15.4936,0.0012,-1.0000
16.6683,1.0000,301.8453,1.3558,0.2720,16.6657,16.6728,15.5221,0.0010,-1.0000
16.6675,1.0000,301.8620,1.2128,0.3020,16.6695,16.6588,15.3697,0.0015,-1.0000
16.6658,1.0000,301.8786,1.3805,0.2628,16.6642,16.6542,15.4041,0.0015,-1.0000
16.6684,1.0000,301.8953,1.1536,0.2625,16.6553,16.6640,15.4257,0.0013,-1.0000
16.6688,1.0000,301.9120,1.1494,0.2807,16.6788,16.6615,15.1538,0.0012,-1.0000
16.6629,1.0000,301.9289,1.2877,0.2809,16.6670,16.6383,15.1168,0.0015,-1.0000
16.6654,1.0000,301.9452,1.2486,0.2751,16.6631,16.6584,15.1240,0.0013,-1.0000
16.6697,1.0000,301.9620,1.2371,0.3692,16.6747,16.6706,14.9160,0.0011,-1.0000
16.6667,1.0000,301.9786,1.5063,0.2973,16.6736,16.6560,15.2765,0.0011,-1.0000
16.6664,1.0000,301.9953,1.5201,0.3981,16.6476,16.6575,15.3948,0.0011,-1.0000
16.6682,1.0000,302.0119,1.5332,0.4436,16.6646,16.6593,15.1815,0.0013,-1.0000
16.6653,1.0000,302.0286,1.7534,0.6881,16.6788,16.6534,15.3956,0.0013,-1.0000
16.6650,1.0000,302.0453,1.3781,0.3504,16.6659,16.6533,15.4698,0.0010,-1.0000
16.6702,1.0000,302.0620,1.2615,0.3676,16.6668,16.6726,15.4401,0.0010,-1.0000
16.6639,1.0000,302.0787,1.4763,0.3808,16.6678,16.6465,15.1149,0.0015,-1.0000
16.6676,1.0000,302.0953,1.2563,0.3193,16.6632,16.6591,15.3581,0.0011,-1.0000
16.6708,1.0000,302.1120,1.1827,0.3224,16.6603,16.6777,15.1638,0.0014,-1.0000
16.6623,1.0000,302.1286,1.2313,0.6281,16.6807,16.6344,15.1109,0.0017,-1.0000
16.6670,1.0000,302.1453,1.5303,0.3453,16.6558,16.6620,15.4539,0.0012,-1.0000
16.6682,1.0000,302.1620,1.3000,0.4145,16.6669,16.6651,15.2393,0.0011,-1.0000
16.6660,1.0000,302.1786,1.5124,0.3422,16.6888,16.6496,15.3964,0.0012,-1.0000
16.6673,1.0000,302.1953,1.5218,0.2691,16.6441,16.6588,15.4330,0.0011,-1.0000
16.6678,1.0000,302.2119,1.2065,0.2900,16.6700,16.6640,14.9144,0.0015,-1.0000
16.6646,1.0000,302.2286,1.4247,0.2828,16.6756,16.6442,15.3705,0.0010,-1.0000
16.6666,1.0000,302.2456,1.2518,0.2705,16.6592,16.6600,15.5144,0.0010,-1.0000
16.6679,1.0000,302.2620,1.2247,0.3061,16.6682,16.6622,14.4485,0.0013,-1.0000
16.6665,1.0000,302.2786,1.7479,0.2912,16.6750,16.6594,15.3924,0.0012,-1.0000
16.6671,1.0000,302.2957,1.2726,0.2597,16.6528,16.6569,15.4275,0.0013,-1.0000
16.6671,1.0000,302.3119,1.1445,0.3482,16.6675,16.6599,14.8315,0.0013,-1.0000
16.6654,1.0000,302.3286,2.2123,0.2679,16.6708,16.6531,15.5037,0.0013,-1.0000
16.6690,1.0000,302.3454,1.2658,0.2944,16.6693,16.6654,15.4064,0.0012,-1.0000
16.6654,1.0000,302.3619,1.2281,0.3266,16.6656,16.6459,15.3647,0.0013,-1.0000
16.6639,1.0000,302.3786,1.8272,0.3048,16.6697,16.6511,15.4556,0.0011,-1.0000
16.6697,1.0000,302.3954,1.1482,0.2729,16.6616,16.6678,15.4301,0.0013,-1.0000
16.6664,1.0000,302.4119,1.2575,0.3273,16.6781,16.6554,15.1441,0.0016,-1.0000
16.6664,1.0000,302.4286,1.2801,0.2836,16.6563,16.6578,15.4843,0.0011,-1.0000
16.6677,1.0000,302.4454,1.1946,0.2936,16.6599,16.6620,15.3250,0.0013,-1.0000
16.6673,1.0000,302.4619,1.2360,0.3069,16.6764,16.6561,15.3568,0.0012,-1.0000
16.6643,1.0000,302.4787,1.5096,0.3191,16.6641,16.6555,15.4481,0.0013,-1.0000
16.6683,1.0000,302.4953,1.1724,0.2908,16.6662,16.6574,15.3517,0.0014,-1.0000
16.6670,1.0000,302.5118,1.3355,0.3111,16.6707,16.6581,15.1675,0.0012,-1.0000
16.6661,1.0000,302.5286,1.2982,0.2725,16.6653,16.6550,15.5792,0.0010,-1.0000
16.6683,1.0000,302.5454,1.2061,0.2938,16.6660,16.6651,15.4646,0.0012,-1.0000
16.6652,1.0000,302.5622,1.3041,0.3219,16.6670,16.6496,15.3324,0.0010,-1.0000
16.6650,1.0000,302.5786,1.4892,0.2602,16.6669,16.6572,15.1066,0.0012,-1.0000
16.6689,1.0000,302.5953,1.0748,0.2774,16.6634,16.6627,15.5577,0.0015,-1.0000
16.6671,1.0000,302.6118,1.1992,0.2848,16.6757,16.6613,15.4180,0.0012,-1.0000
16.6657,1.0000,302.6286,1.3162,0.4116,16.6585,16.6531,15.5076,0.0011,-1.0000
16.6678,1.0000,302.6453,1.5495,0.2966,16.6635,16.6641,15.4120,0.0012,-1.0000
16.6669,1.0000,302.6620,1.1033,0.4112,16.6703,16.6541,15.3607,0.0013,-1.0000
16.6650,1.0000,302.6786,1.2416,0.3411,16.6700,16.6526,15.3789,0.0012,-1.0000
16.6684,1.0000,302.6954,1.1444,0.3452,16.6613,16.6674,15.5146,0.0012,-1.0000
16.6663,1.0000,302.7119,1.2508,0.3610,16.6733,16.6548,15.2790,0.0013,-1.0000
16.6662,1.0000,302.7286,1.2921,0.3116,16.6633,16.6525,15.3971,0.0012,-1.0000
16.6682,1.0000,302.7454,1.2727,0.3077,16.6605,16.6642,15.4533,0.0012,-1.0000
16.6672,1.0000,302.7620,1.1513,0.3513,16.6776,16.6544,15.1382,0.0011,-1.0000
16.6639,1.0000,302.7786,1.3744,0.3714,16.6651,16.6476,15.4250,0.0013,-1.0000
16.6701,1.0000,302.7953,1.2545,0.3479,16.6618,16.6784,15.5920,0.0010,-1.0000
16.6664,1.0000,302.8119,1.2099,0.3565,16.6745,16.6501,15.3670,0.0012,-1.0000
16.6656,1.0000,302.8286,1.5150,0.2882,16.6633,16.6529,15.5135,0.0013,-1.0000
16.6671,1.0000,302.8453,1.2214,0.2544,16.6547,16.6589,15.4285,0.0012,-1.0000
16.6672,1.0000,302.8619,1.0852,0.2891,16.6882,16.6585,15.3621,0.0011,-1.0000
16.6661,1.0000,302.8786,1.2820,0.3103,16.6601,16.6553,15.4620,0.0011,-1.0000
16.6696,1.0000,302.8954,1.1380,0.2493,16.6616,16.6703,15.5028,0.0012,-1.0000
16.6642,1.0000,302.9119,1.2291,0.3245,16.6672,16.6481,14.7002,0.0017,-1.0000
16.6659,1.0000,302.9286,1.2953,0.2790,16.6683,16.6520,15.4099,0.0011,-1.0000
16.6718,1.0000,302.9455,1.1920,0.2718,16.6629,16.6762,15.5159,0.0016,-1.0000
16.6640,1.0000,302.9620,1.1663,0.3888,16.6803,16.6441,15.0243,0.0011,-1.0000
16.6625,1.0000,302.9785,1.9462,0.3183,16.6582,16.6465,15.2966,0.0012,-1.0000
16.6692,1.0000,302.9953,1.2406,0.2691,16.6603,16.6688,15.5955,0.0013,-1.0000
16.6673,1.0000,303.0118,1.1585,0.3688,16.6872,16.6585,15.2947,0.0012,-1.0000
16.6657,1.0000,303.0286,1.6185,0.2744,16.6543,16.6559,15.4651,0.0012,-1.0000
16.6685,1.0000,303.0453,1.3489,0.2779,16.6533,16.6676,15.5086,0.0011,-1.0000
16.6666,1.0000,303.0619,1.0722,0.2696,16.6755,16.6519,14.3969,0.0014,-1.0000
16.6652,1.0000,303.0786,1.3624,0.2867,16.6676,16.6503,15.5392,0.0010,-1.0000
16.6665,1.0000,303.0953,1.1895,0.2738,16.6634,16.6610,15.5000,0.0011,-1.0000
16.6698,1.0000,303.1118,1.1580,0.4051,16.6778,16.6682,15.3462,0.0010,-1.0000
16.6636,1.0000,303.1286,2.2536,0.2849,16.6612,16.6506,15.5704,0.0014,-1.0000
16.6692,1.0000,303.1454,1.1102,0.2608,16.6576,16.6650,15.4988,0.0012,-1.0000
16.6672,1.0000,303.1621,1.1599,0.2994,16.6678,16.6659,15.0599,0.0012,-1.0000
16.6649,1.0000,303.1789,1.3208,0.2703,16.6756,16.6436,15.2385,0.0014,-1.0000
16.6662,1.0000,303.1953,1.0790,0.2694,16.6588,16.6581,15.1365,0.0014,-1.0000
16.6688,1.0000,303.2119,1.1646,0.3554,16.6736,16.6659,14.1500,0.0011,-1.0000
16.6666,1.0000,303.2286,1.6050,0.2896,16.6763,16.6527,15.3686,0.0015,-1.0000
16.6669,1.0000,303.2453,1.4034,0.3952,16.6534,16.6583,15.4085,0.0011,-1.0000
16.6675,1.0000,303.2621,1.5202,0.3099,16.6660,16.6624,14.8432,0.0010,-1.0000
16.6655,1.0000,303.2786,2.5144,0.4024,16.6750,16.6506,14.6528,0.0013,-1.0000
16.6663,1.0000,303.2953,1.2825,0.3889,16.6621,16.6574,15.4539,0.0012,-1.0000
16.6685,1.0000,303.3119,1.2488,0.3546,16.6671,16.6661,14.8865,0.0011,-1.0000
16.6656,1.0000,303.3287,1.8180,0.4339,16.6725,16.6528,15.2062,0.0013,-1.0000
16.6673,1.0000,303.3453,1.9966,0.3322,16.6600,16.6568,15.2510,0.0010,-1.0000
16.6668,1.0000,303.3620,1.2024,0.4216,16.6658,16.6567,15.2519,0.0014,-1.0000
16.6664,1.0000,303.3786,1.7782,0.4436,16.6753,16.6560,15.3855,0.0012,-1.0000
16.6668,1.0000,303.3953,1.4452,0.3299,16.6629,16.6587,15.3319,0.0012,-1.0000
16.6679,1.0000,303.4120,1.4044,0.5504,16.6669,16.6610,15.3962,0.0011,-1.0000
16.6632,1.0000,303.4286,1.4030,0.5090,16.6660,16.6472,15.1120,0.0014,-1.0000
16.6690,1.0000,303.4453,1.2692,0.2777,16.6646,16.6660,15.4021,0.0010,-1.0000
16.6685,1.0000,303.4619,1.3251,0.2811,16.6667,16.6626,15.4152,0.0010,-1.0000
16.6653,1.0000,303.4786,1.2636,0.3813,16.6708,16.6521,15.3404,0.0010,-1.0000
16.6672,1.0000,303.4953,1.5338,0.2548,16.6555,16.6599,15.4021,0.0013,-1.0000
16.6665,1.0000,303.5119,1.2628,0.3159,16.6734,16.6572,15.3682,0.0012,-1.0000
16.6665,1.0000,303.5286,1.2462,0.3069,16.6728,16.6530,15.4065,0.0014,-1.0000
16.6653,1.0000,303.5453,1.3104,0.2967,16.6623,16.6546,15.4700,0.0014,-1.0000
16.6685,1.0000,303.5622,1.2564,0.2749,16.6691,16.6646,15.4473,0.0009,-1.0000
16.6657,1.0000,303.5786,1.2879,0.3088,16.6678,16.6514,14.9883,0.0013,-1.0000
16.6668,1.0000,303.5953,1.2449,0.2905,16.6626,16.6624,15.3674,0.0013,-1.0000
16.6677,1.0000,303.6119,1.1835,0.2518,16.6633,16.6555,15.3667,0.0015,-1.0000
16.6658,1.0000,303.6286,1.2163,0.3757,16.6751,16.6564,15.3679,0.0013,-1.0000
16.6659,1.0000,303.6453,1.6618,0.3217,16.6610,16.6546,15.4028,0.0010,-1.0000
16.6682,1.0000,303.6620,1.2935,0.2955,16.6709,16.6636,15.3048,0.0008,-1.0000
16.6653,1.0000,303.6786,1.2872,0.3682,16.6640,16.6551,15.0602,0.0012,-1.0000
16.6671,1.0000,303.6953,1.2870,0.2747,16.6657,16.6611,15.5085,0.0013,-1.0000
16.6684,1.0000,303.7119,1.2508,0.3544,16.6620,16.6603,15.4536,0.0013,-1.0000
16.6655,1.0000,303.7286,1.3578,0.3716,16.6725,16.6553,15.4544,0.0010,-1.0000
16.6659,1.0000,303.7453,1.5940,0.2833,16.6629,16.6543,15.5614,0.0010,-1.0000
16.6683,1.0000,303.7620,1.1512,0.2821,16.6685,16.6662,15.4519,0.0013,-1.0000
16.6659,1.0000,303.7786,1.2055,0.3288,16.6697,16.6567,15.3613,0.0013,-1.0000
16.6669,1.0000,303.7953,1.1997,0.2809,16.6637,16.6570,15.4808,0.0013,-1.0000
16.6678,1.0000,303.8119,1.0920,0.2765,16.6623,16.6562,15.3505,0.0012,-1.0000
16.6657,1.0000,303.8287,1.2130,0.3219,16.6742,16.6577,15.5227,0.0015,-1.0000
16.6657,1.0000,303.8452,1.2943,0.2910,16.6669,16.6519,15.3433,0.0017,-1.0000
16.6700,1.0000,303.8620,1.1750,0.2803,16.6668,16.6666,15.4782,0.0010,-1.0000
16.6647,1.0000,303.8789,1.3045,0.3478,16.6655,16.6517,14.9862,0.0015,-1.0000
16.6671,1.0000,303.8953,1.1332,0.2762,16.6679,16.6603,14.9226,0.0015,-1.0000
16.6688,1.0000,303.9119,1.3069,0.2611,16.6603,16.6600,15.4111,0.0013,-1.0000
16.6637,1.0000,303.9286,1.1873,0.4183,16.6767,16.6488,15.0847,0.0015,-1.0000
16.6657,1.0000,303.9453,1.6640,0.4332,16.6608,16.6593,15.5859,0.0011,-1.0000
16.6716,1.0000,303.9621,1.7361,0.3234,16.6700,16.6752,15.5107,0.0008,-1.0000
16.6642,1.0000,303.9787,1.2472,0.3833,16.6688,16.6421,15.2034,0.0014,-1.0000
16.6684,1.0000,303.9954,1.5625,0.3092,16.6564,16.6662,15.3431,0.0011,-1.0000
16.6665,1.0000,304.0119,1.0724,0.3189,16.6670,16.6536,15.3558,0.0012,-1.0000
16.6650,1.0000,304.0287,1.1638,0.3776,16.6851,16.6518,15.2606,0.0014,-1.0000
16.6666,1.0000,304.0453,1.4371,0.3607,16.6523,16.6595,15.5050,0.0010,-1.0000
16.6694,1.0000,304.0620,1.3219,0.3051,16.6760,16.6621,15.4840,0.0011,-1.0000
16.6653,1.0000,304.0786,1.2966,0.5396,16.6631,16.6566,15.2854,0.0017,-1.0000
16.6668,1.0000,304.0953,1.3898,0.2972,16.6604,16.6564,15.3661,0.0012,-1.0000
16.6679,1.0000,304.1119,1.1535,0.2895,16.6687,16.6652,15.4513,0.0010,-1.0000
16.6663,1.0000,304.1286,1.1769,0.3247,16.6703,16.6486,15.2109,0.0013,-1.0000
16.6658,1.0000,304.1453,1.3698,0.3014,16.6669,16.6586,15.4240,0.0013,-1.0000
16.6685,1.0000,304.1620,1.2892,0.3279,16.6646,16.6683,15.4981,0.0011,-1.0000
16.6657,1.0000,304.1786,1.2130,0.3401,16.6751,16.6476,14.9834,0.0015,-1.0000
16.6675,1.0000,304.1953,1.4365,0.2605,16.6565,16.6585,15.4266,0.0014,-1.0000
16.6682,1.0000,304.2119,1.2333,0.2799,16.6658,16.6653,15.4679,0.0013,-1.0000
16.6651,1.0000,304.2286,1.1693,0.2832,16.6790,16.6464,15.2346,0.0015,-1.0000
16.6660,1.0000,304.2453,1.6628,0.2711,16.6586,16.6564,15.5142,0.0011,-1.0000
16.6683,1.0000,304.2620,1.2305,0.2880,16.6672,16.6640,15.3059,0.0013,-1.0000
16.6650,1.0000,304.2786,1.1959,0.3260,16.6761,16.6523,15.4557,0.0012,-1.0000
16.6689,1.0000,304.2954,1.4102,0.2927,16.6564,16.6702,15.5367,0.0016,-1.0000
16.6656,1.0000,304.3118,1.1411,0.3621,16.6646,16.6462,15.3694,0.0011,-1.0000
16.6669,1.0000,304.3287,1.3563,0.2797,16.6724,16.6598,15.5910,0.0012,-1.0000
16.6667,1.0000,304.3454,1.1956,0.2689,16.6608,16.6549,15.3895,0.0013,-1.0000
16.6675,1.0000,304.3620,1.1318,0.2957,16.6805,16.6598,14.9214,0.0010,-1.0000
16.6650,1.0000,304.3786,1.2755,0.2836,16.6559,16.6516,15.4282,0.0013,-1.0000
16.6686,1.0000,304.3957,1.0674,0.2827,16.6703,16.6636,15.5772,0.0011,-1.0000
16.6663,1.0000,304.4119,1.2638,0.3122,16.6641,16.6560,14.7143,0.0013,-1.0000
16.6662,1.0000,304.4286,1.7370,0.2881,16.6682,16.6586,15.5399,0.0013,-1.0000
16.6675,1.0000,304.4454,1.2219,0.2569,16.6610,16.6577,15.4189,0.0015,-1.0000
16.6675,1.0000,304.4619,1.0850,0.3170,16.6724,16.6568,14.9307,0.0015,-1.0000
16.6643,1.0000,304.4786,1.9405,0.2801,16.6654,16.6504,15.4931,0.0012,-1.0000
16.6691,1.0000,304.4955,1.1174,0.2903,16.6691,16.6692,15.5855,0.0010,-1.0000
16.6667,1.0000,304.5121,1.2375,0.3132,16.6670,16.6559,15.1970,0.0013,-1.0000
16.6665,1.0000,304.5287,1.7246,0.2832,16.6650,16.6575,15.1718,0.0012,-1.0000
16.6664,1.0000,304.5453,1.1557,0.2643,16.6579,16.6573,15.3306,0.0013,-1.0000
16.6675,1.0000,304.5620,1.0826,0.2970,16.6777,16.6600,15.3703,0.0011,-1.0000
16.6651,1.0000,304.5786,1.4575,0.4109,16.6650,16.6492,15.4809,0.0012,-1.0000
16.6673,1.0000,304.5955,1.4842,0.3260,16.6670,16.6634,15.3947,0.0012,-1.0000
16.6673,1.0000,304.6118,1.3252,0.3852,16.6661,16.6640,14.6879,0.0012,-1.0000
16.6656,1.0000,304.6286,1.2884,0.3308,16.6701,16.6489,15.5448,0.0009,-1.0000
16.6689,1.0000,304.6453,1.1671,0.3136,16.6580,16.6667,15.4218,0.0012,-1.0000
16.6655,1.0000,304.6620,1.2676,0.3553,16.6705,16.6557,15.2469,0.0014,-1.0000
16.6669,1.0000,304.6786,1.9748,0.3274,16.6727,16.6537,15.3530,0.0012,-1.0000
16.6668,1.0000,304.6954,1.1032,0.2845,16.6566,16.7149,15.4822,0.0013,-1.0000
16.6679,1.0000,304.7118,1.2435,0.3507,16.6748,16.6101,15.3765,0.0011,-1.0000
16.6658,1.0000,304.7286,1.4071,0.2997,16.6639,16.6554,15.5721,0.0012,-1.0000
16.6668,1.0000,304.7454,1.2996,0.3045,16.6613,16.6597,15.4725,0.0011,-1.0000
16.6669,1.0000,304.7619,1.2312,0.2681,16.7231,16.6579,15.1525,0.0012,-1.0000
16.6659,1.0000,304.7786,1.2322,0.2970,16.6182,16.6540,15.5021,0.0012,-1.0000
16.6684,1.0000,304.7953,1.0819,0.2521,16.6640,16.6643,15.5336,0.0013,-1.0000
16.6673,1.0000,304.8119,1.1861,0.3282,16.6688,16.6572,15.3297,0.0014,-1.0000
16.6654,1.0000,304.8287,1.5042,0.2565,16.6657,16.6564,15.5196,0.0012,-1.0000
16.6684,1.0000,304.8454,1.1508,0.3018,16.6629,16.6591,15.3806,0.0012,-1.0000
16.6660,1.0000,304.8620,1.1293,0.2805,16.6731,16.6550,15.1444,0.0017,-1.0000
16.6656,1.0000,304.8786,1.3257,0.2941,16.6662,16.6517,15.4552,0.0014,-1.0000
16.6682,1.0000,304.8953,1.1355,0.2794,16.6662,16.6613,15.5130,0.0011,-1.0000
16.6673,1.0000,304.9119,1.2772,0.3471,16.6707,16.6616,15.4234,0.0012,-1.0000
16.6654,1.0000,304.9286,1.5088,0.2857,16.6657,16.6509,15.2149,0.0013,-1.0000
16.6670,1.0000,304.9453,1.1951,0.2535,16.6610,16.6604,15.5108,0.0012,-1.0000
16.6661,1.0000,304.9619,1.1466,0.2872,16.6696,16.6548,15.3227,0.0011,-1.0000
16.6670,1.0000,304.9786,1.2367,0.2984,16.6709,16.6584,15.4431,0.0012,-1.0000
16.6673,1.0000,304.9954,1.4346,0.2602,16.6610,16.6583,15.4917,0.0010,-1.0000
16.6659,1.0000,305.0118,1.1483,0.2704,16.6697,16.6550,15.1854,0.0011,-1.0000
16.6663,1.0000,305.0286,1.3308,0.2758,16.6644,16.6581,15.5902,0.0009,-1.0000
16.6682,1.0000,305.0460,1.2141,0.2884,16.6668,16.6621,15.4463,0.0015,-1.0000
16.6647,1.0000,305.0620,1.1655,0.2820,16.6683,16.6472,14.4453,0.0014,-1.0000
16.6677,1.0000,305.0787,1.4683,0.2686,16.6642,16.6651,15.4357,0.0011,-1.0000
16.6673,1.0000,305.0953,1.0669,0.2784,16.6671,16.6564,15.3411,0.0014,-1.0000
16.6674,1.0000,305.1119,1.2143,0.4597,16.6723,16.6605,15.2981,0.0012,-1.0000
16.6649,1.0000,305.1286,2.2005,0.3620,16.6560,16.6530,15.5164,0.0012,-1.0000
16.6678,1.0000,305.1453,1.2283,0.3587,16.6730,16.6613,15.4287,0.0011,-1.0000
16.6662,1.0000,305.1620,1.3138,0.4047,16.6653,16.6564,15.2053,0.0014,-1.0000
16.6669,1.0000,305.1787,1.3613,0.3166,16.6696,16.6607,15.4028,0.0012,-1.0000
16.6672,1.0000,305.1953,1.1352,0.3092,16.6617,16.6564,15.3812,0.0013,-1.0000
16.6662,1.0000,305.2119,1.2316,0.4216,16.6700,16.6554,15.3044,0.0012,-1.0000
16.6653,1.0000,305.2287,1.4497,0.2919,16.6653,16.6533,15.5050,0.0011,-1.0000
16.6699,1.0000,305.2454,1.2564,0.3284,16.6702,16.6694,15.2203,0.0015,-1.0000
16.6629,1.0000,305.2619,1.2736,0.3417,16.6657,16.6402,15.1817,0.0014,-1.0000
16.6692,1.0000,305.2787,1.3496,0.3193,16.6642,16.6685,15.5179,0.0010,-1.0000
16.6664,1.0000,305.2954,1.1475,0.3151,16.6627,16.6565,15.3660,0.0014,-1.0000
16.6658,1.0000,305.3119,1.4472,0.2949,16.6803,16.6517,14.9979,0.0014,-1.0000
16.6683,1.0000,305.3288,1.4572,0.2894,16.6495,16.7242,15.5806,0.0010,-1.0000
16.6689,1.0000,305.3453,1.1495,0.3350,16.6765,16.6042,15.1637,0.0013,-1.0000
16.6625,1.0000,305.3620,1.2892,0.4237,16.6661,16.6446,15.3261,0.0011,-1.0000
16.6672,1.0000,305.3786,1.6526,0.3659,16.6590,16.6619,15.4549,0.0011,-1.0000
16.6737,1.0000,305.3953,1.1428,0.3486,16.7330,16.6688,15.3424,0.0012,-1.0000
16.6659,1.0000,305.4119,1.4392,0.3029,16.6143,16.6547,15.1150,0.0014,-1.0000
16.6652,1.0000,305.4286,1.3172,0.2833,16.6533,16.6526,15.4684,0.0010,-1.0000
16.6699,1.0000,305.4454,1.2057,0.3278,16.6692,16.6729,15.4837,0.0012,-1.0000
16.6642,1.0000,305.4620,1.3247,0.3885,16.6772,16.6506,14.7532,0.0011,-1.0000
16.6676,1.0000,305.4786,1.5384,0.3182,16.6641,16.6616,15.3492,0.0011,-1.0000
16.6692,1.0000,305.4955,1.1828,0.3076,16.6592,16.6665,15.4109,0.0012,-1.0000
16.6623,1.0000,305.5118,1.1879,0.5020,16.6805,16.6408,15.1566,0.0011,-1.0000
16.6684,1.0000,305.5286,1.8964,0.3241,16.6587,16.6650,15.6807,0.0010,-1.0000
16.6684,1.0000,305.5453,1.3109,0.3081,16.6686,16.6659,15.4785,0.0010,-1.0000
16.6645,1.0000,305.5620,1.2543,0.3252,16.6767,16.6481,15.4303,0.0011,-1.0000
16.6687,1.0000,305.5793,1.4828,0.3061,16.6492,16.6719,15.4548,0.0014,-1.0000
16.6665,1.0000,305.5954,0.9831,0.4344,16.6720,16.6499,14.5230,0.0012,-1.0000
16.6666,1.0000,305.6119,1.1862,0.3162,16.6746,16.6570,15.3797,0.0010,-1.0000
16.6687,1.0000,305.6288,1.2165,0.3119,16.6564,16.6722,15.4055,0.0012,-1.0000
16.6665,1.0000,305.6453,1.2156,0.3396,16.6813,16.6402,15.2008,0.0012,-1.0000
16.6660,1.0000,305.6620,2.1256,0.2759,16.6584,16.6865,15.4839,0.0011,-1.0000
16.6668,1.0000,305.6786,1.2762,0.2965,16.6656,16.6308,15.2980,0.0016,-1.0000
16.6675,1.0000,305.6953,1.2660,0.3322,16.6864,16.6576,15.2342,0.0012,-1.0000
16.6661,1.0000,305.7119,1.4382,0.2781,16.6501,16.6555,15.3647,0.0013,-1.0000
16.6675,1.0000,305.7286,1.2016,0.3238,16.6948,16.6594,15.5856,0.0012,-1.0000
16.6657,1.0000,305.7453,1.3311,0.3335,16.6396,16.6576,15.4604,0.0010,-1.0000
16.6671,1.0000,305.7620,1.4220,0.2992,16.6667,16.6603,15.3846,0.0011,-1.0000
16.6676,1.0000,305.7786,1.2896,0.2776,16.6647,16.6575,15.3587,0.0012,-1.0000
16.6661,1.0000,305.7953,1.0727,0.3341,16.6687,16.6558,15.2776,0.0012,-1.0000
16.6669,1.0000,305.8119,1.1962,0.2746,16.6664,16.6576,15.3465,0.0013,-1.0000
16.6668,1.0000,305.8287,1.2739,0.3137,16.6700,16.6565,15.5035,0.0010,-1.0000
16.6670,1.0000,305.8453,1.2973,0.2716,16.6672,16.6573,15.1773,0.0013,-1.0000
16.6650,1.0000,305.8619,1.3770,0.3289,16.6653,16.6520,15.4804,0.0012,-1.0000
16.6681,1.0000,305.8787,1.3096,0.3283,16.6677,16.6655,15.4997,0.0012,-1.0000
16.6668,1.0000,305.8954,1.1519,0.2890,16.6652,16.6539,15.2618,0.0011,-1.0000
16.6665,1.0000,305.9119,1.4786,0.3258,16.6668,16.6559,15.4067,0.0013,-1.0000
16.6676,1.0000,305.9286,1.1703,0.2465,16.6602,16.6597,15.5098,0.0010,-1.0000
16.6663,1.0000,305.9453,1.1646,0.3589,16.6760,16.6547,15.3125,0.0015,-1.0000
16.6660,1.0000,305.9619,1.3908,0.2785,16.6646,16.6523,15.4156,0.0015,-1.0000
16.6683,1.0000,305.9787,1.2479,0.2756,16.6648,16.6674,15.4719,0.0012,-1.0000
16.6660,1.0000,305.9953,1.1489,0.3169,16.6710,16.6544,14.4791,0.0012,-1.0000
16.6663,1.0000,306.0118,1.3408,0.2834,16.6638,16.6560,15.3397,0.0012,-1.0000
16.6668,1.0000,306.0286,1.2353,0.2774,16.6610,16.6597,15.5604,0.0011,-1.0000
16.6668,1.0000,306.0453,1.1941,0.3637,16.6763,16.6574,15.0344,0.0011,-1.0000
16.6660,1.0000,306.0620,2.1740,0.2919,16.6632,16.6549,15.3820,0.0014,-1.0000
16.6694,1.0000,306.0788,1.3149,0.2985,16.6645,16.6712,15.5140,0.0011,-1.0000
16.6652,1.0000,306.0953,1.0979,0.3381,16.6678,16.6442,15.0162,0.0014,-1.0000
16.6665,1.0000,306.1119,1.6217,0.2669,16.6663,16.6587,15.3361,0.0012,-1.0000
16.6674,1.0000,306.1289,1.2717,0.2888,16.6625,16.6613,15.4210,0.0011,-1.0000
16.6660,1.0000,306.1453,1.1558,0.3517,16.6834,16.6506,14.9155,0.0014,-1.0000
16.6659,1.0000,306.1619,1.6265,0.2727,16.6550,16.6527,15.4754,0.0013,-1.0000
16.6704,1.0000,306.1786,1.3213,0.3242,16.6681,16.6709,15.4778,0.0012,-1.0000
16.6645,1.0000,306.1953,1.2393,0.4752,16.6715,16.6513,15.3048,0.0010,-1.0000
16.6662,1.0000,306.2119,1.7337,0.3204,16.6604,16.6517,15.3010,0.0013,-1.0000
16.6680,1.0000,306.2288,1.1760,0.3364,16.6604,16.6747,15.4190,0.0014,-1.0000
16.6658,1.0000,306.2453,1.1917,0.3728,16.6810,16.6385,15.1398,0.0011,-1.0000
16.6650,1.0000,306.2620,1.3453,0.3154,16.6611,16.6551,15.3709,0.0013,-1.0000
16.6691,1.0000,306.2787,1.3494,0.3188,16.6600,16.6924,15.4960,0.0010,-1.0000
16.6661,1.0000,306.2953,1.2544,0.3969,16.6876,16.6282,15.3129,0.0011,-1.0000
16.6635,1.0000,306.3119,1.4975,0.3554,16.6491,16.6979,15.4771,0.0010,-1.0000
16.7569,1.0000,306.3289,1.2830,0.3044,16.6633,16.7160,15.8044,0.0009,-1.0000
16.7066,1.0000,306.3455,1.1954,0.3151,16.7006,16.6897,15.1486,0.0013,-1.0000
16.6636,1.0000,306.3621,1.3141,0.2993,16.6371,16.6437,15.3942,0.0011,-1.0000
16.6691,1.0000,306.3788,1.2198,0.2528,16.7052,16.6684,15.5692,0.0011,-1.0000
16.6678,1.0000,306.3955,0.9105,0.4242,16.7267,16.6600,15.3499,0.0012,-1.0000
16.6650,1.0000,306.4120,1.5397,0.2886,16.6997,16.6541,15.3249,0.0013,-1.0000
16.6688,1.0000,306.4288,1.2486,0.2597,16.6521,16.6649,15.5158,0.0012,-1.0000
16.6664,1.0000,306.4454,1.0983,0.2863,16.6756,16.6527,15.3370,0.0012,-1.0000
16.6645,1.0000,306.4620,1.3087,0.3264,16.6693,16.6504,15.4757,0.0014,-1.0000
16.6668,1.0000,306.4788,1.3279,0.3176,16.6622,16.6594,15.2596,0.0013,-1.0000
16.6687,1.0000,306.4954,1.1478,0.3522,16.6756,16.6649,15.3097,0.0011,-1.0000
16.6659,1.0000,306.5120,1.3141,0.2759,16.6622,16.6553,15.4286,0.0012,-1.0000
16.6674,1.0000,306.5288,1.1733,0.2509,16.6583,16.6643,15.4976,0.0011,-1.0000
16.6683,1.0000,306.5455,1.3988,0.2764,16.6678,16.6572,15.0974,0.0014,-1.0000
16.6643,1.0000,306.5621,1.3537,0.2751,16.6737,16.6497,15.3158,0.0010,-1.0000
16.6670,1.0000,306.5788,1.2255,0.2807,16.6635,16.6568,15.3898,0.0013,-1.0000
16.6674,1.0000,306.5954,1.1657,0.4076,16.6740,16.6626,15.3749,0.0012,-1.0000
16.6674,1.0000,306.6120,1.5578,0.3352,16.6681,16.6590,15.4579,0.0012,-1.0000
16.6662,1.0000,306.6288,1.3327,0.2521,16.6581,16.6595,15.4494,0.0015,-1.0000
16.6683,1.0000,306.6455,1.2661,0.3013,16.6652,16.6641,15.3993,0.0012,-1.0000
16.6642,1.0000,306.6621,1.2865,0.2647,16.6707,16.6451,15.2698,0.0011,-1.0000
16.6678,1.0000,306.6790,1.1999,0.3249,16.6676,16.6615,15.4024,0.0010,-1.0000
16.6669,1.0000,306.6954,1.2087,0.3555,16.6687,16.6582,14.9523,0.0012,-1.0000
16.6673,1.0000,306.7120,1.2633,0.2863,16.6741,16.6944,15.4280,0.0012,-1.0000
16.6671,1.0000,306.7289,1.3740,0.3180,16.6541,16.6255,15.4197,0.0014,-1.0000
16.6664,1.0000,306.7459,1.2582,0.3928,16.6717,16.6482,14.5961,0.0017,-1.0000
16.6649,1.0000,306.7621,1.7047,0.2566,16.6679,16.6494,14.7249,0.0013,-1.0000
16.6684,1.0000,306.7788,1.2653,0.2760,16.7037,16.6647,15.5031,0.0010,-1.0000
16.6668,1.0000,306.7954,1.2041,0.2983,16.6368,16.6581,15.2129,0.0015,-1.0000
16.6663,1.0000,306.8120,2.0498,0.4355,16.6597,16.6556,15.4252,0.0011,-1.0000
16.6686,1.0000,306.8289,1.9233,0.4031,16.6582,16.6649,15.4784,0.0014,-1.0000
16.6660,1.0000,306.8454,1.1604,0.3679,16.6729,16.6484,14.8937,0.0015,-1.0000
16.6658,1.0000,306.8621,1.4435,0.3338,16.6669,16.6552,15.4154,0.0014,-1.0000
16.6686,1.0000,306.8788,1.2295,0.3733,16.6650,16.6642,15.3505,0.0013,-1.0000
16.6663,1.0000,306.8954,1.1851,0.3657,16.6759,16.6532,15.1725,0.0012,-1.0000
16.6649,1.0000,306.9120,1.7533,0.3282,16.6591,16.6502,15.4447,0.0009,-1.0000
16.6694,1.0000,306.9289,1.2382,0.3437,16.6641,16.6740,15.5986,0.0013,-1.0000
16.6656,1.0000,306.9454,1.3124,0.3525,16.6743,16.6498,15.1308,0.0013,-1.0000
16.6658,1.0000,306.9621,1.4796,0.3271,16.6632,16.6525,15.4582,0.0012,-1.0000
16.6682,1.0000,306.9794,1.2046,0.3063,16.6573,16.7632,15.2602,0.0012,-1.0000
16.6662,1.0000,306.9954,1.0740,0.4207,16.6833,16.5524,14.6920,0.0014,-1.0000
16.6653,1.0000,307.0119,1.5179,0.3081,16.6605,16.6531,15.4374,0.0012,-1.0000
16.6689,1.0000,307.0288,1.1933,0.3152,16.6635,16.6659,15.6307,0.0012,-1.0000
16.6674,1.0000,307.0461,1.5017,0.2961,16.7731,16.6565,15.3640,0.0012,-1.0000
16.6655,1.0000,307.0621,1.8589,0.2754,16.5620,16.6571,14.7319,0.0015,-1.0000
16.6667,1.0000,307.0788,1.2144,0.2602,16.6615,16.6729,15.3393,0.0011,-1.0000
16.6992,1.0000,307.0959,1.0337,0.3374,16.6747,16.6763,15.2888,0.0012,-1.0000
16.6658,1.0000,307.1120,1.2910,0.3723,16.6658,16.6501,14.9693,0.0013,-1.0000
16.6648,1.0000,307.1288,1.9237,0.2829,16.6670,16.6549,15.5634,0.0013,-1.0000
16.6686,1.0000,307.1455,1.3322,0.2835,16.6818,16.6638,15.3060,0.0009,-1.0000
16.6670,1.0000,307.1621,1.3861,0.2768,16.6870,16.6597,15.2062,0.0012,-1.0000
16.6670,1.0000,307.1788,1.6794,0.2833,16.6596,16.6560,15.4103,0.0012,-1.0000
16.7085,1.0000,307.1957,1.0902,0.3139,16.6634,16.7068,15.4224,0.0010,-1.0000
16.6644,1.0000,307.2120,1.3568,0.3747,16.6719,16.6456,15.0341,0.0013,-1.0000
16.6652,1.0000,307.2288,1.4523,0.2852,16.6686,16.6533,15.4658,0.0009,-1.0000
16.6715,1.0000,307.2456,1.2443,0.2874,16.6637,16.6736,15.5667,0.0011,-1.0000
16.6636,1.0000,307.2621,1.2833,0.4154,16.7174,16.6499,15.0695,0.0013,-1.0000
16.6665,1.0000,307.2788,1.6100,0.2664,16.6559,16.6553,15.5317,0.0011,-1.0000
16.6680,1.0000,307.2955,1.1864,0.2695,16.6604,16.6608,15.4587,0.0015,-1.0000
16.6665,1.0000,307.3120,1.1052,0.4638,16.6817,16.6548,15.3373,0.0012,-1.0000
16.6647,1.0000,307.3288,1.5792,0.2727,16.6602,16.6517,15.6208,0.0011,-1.0000
16.6700,1.0000,307.3456,1.1224,0.2881,16.6641,16.7324,15.4775,0.0010,-1.0000
16.6651,1.0000,307.3622,1.2006,0.3483,16.6693,16.5910,15.1207,0.0013,-1.0000
16.6662,1.0000,307.3788,1.3163,0.2639,16.6644,16.6548,15.4374,0.0011,-1.0000
16.6696,1.0000,307.3956,1.0297,0.2667,16.6582,16.6716,15.4600,0.0012,-1.0000
16.6642,1.0000,307.4120,1.2536,0.3938,16.7422,16.6454,15.0073,0.0014,-1.0000
16.6657,1.0000,307.4288,1.4687,0.2914,16.6014,16.6524,15.4815,0.0011,-1.0000
16.6681,1.0000,307.4455,1.2162,0.2557,16.6626,16.6657,15.5493,0.0010,-1.0000
16.6669,1.0000,307.4622,1.2104,0.3453,16.6822,16.6570,15.4738,0.0012,-1.0000
16.6655,1.0000,307.4788,1.6366,0.2966,16.6553,16.6560,15.4459,0.0013,-1.0000
16.6682,1.0000,307.4957,1.1696,0.2685,16.6602,16.7027,15.5588,0.0012,-1.0000
16.6665,1.0000,307.5121,1.1151,0.2724,16.6742,16.6180,14.1161,0.0014,-1.0000
16.6660,1.0000,307.5291,1.1821,0.3327,16.6661,16.6540,15.4148,0.0012,-1.0000
16.6684,1.0000,307.5455,1.2088,0.2533,16.6634,16.6680,14.7762,0.0012,-1.0000
16.6662,1.0000,307.5622,1.1425,0.4207,16.7115,16.6918,15.2738,0.0013,-1.0000
16.6651,1.0000,307.5788,2.5005,0.2738,16.6268,16.6143,15.1600,0.0012,-1.0000
16.6700,1.0000,307.5956,1.2379,0.3721,16.6620,16.6667,15.4600,0.0012,-1.0000
16.6653,1.0000,307.6121,1.8905,0.3572,16.6777,16.6474,14.9918,0.0015,-1.0000
16.6650,1.0000,307.6288,1.4169,0.4483,16.7026,16.6519,15.4189,0.0010,-1.0000
16.6691,1.0000,307.6457,1.4531,0.3292,16.6224,16.6694,15.4153,0.0010,-1.0000
16.6656,1.0000,307.6622,1.2055,0.4560,16.6771,16.6555,15.1236,0.0016,-1.0000
16.6664,1.0000,307.6788,1.6545,0.3432,16.6585,16.6519,15.2712,0.0010,-1.0000
16.6896,1.0000,307.6958,1.2318,0.3342,16.6594,16.6822,15.4145,0.0014,-1.0000
16.6663,1.0000,307.7121,1.2530,0.3928,16.6789,16.6335,15.2660,0.0010,-1.0000
16.6662,1.0000,307.7288,1.5303,0.3263,16.6655,16.6570,15.4089,0.0013,-1.0000
16.6681,1.0000,307.7456,1.3798,0.3970,16.6606,16.6613,15.4782,0.0012,-1.0000
16.6651,1.0000,307.7621,1.2664,0.3120,16.6913,16.6509,15.3694,0.0012,-1.0000
16.6671,1.0000,307.7788,1.3665,0.2995,16.6656,16.6606,15.5399,0.0012,-1.0000
16.6681,1.0000,307.7955,1.2467,0.2635,16.6660,16.6600,15.3626,0.0011,-1.0000
16.6657,1.0000,307.8120,1.1819,0.3389,16.6725,16.6556,15.3038,0.0014,-1.0000
16.6670,1.0000,307.8288,1.2803,0.2780,16.6594,16.6585,15.5242,0.0011,-1.0000
16.6670,1.0000,307.8455,1.1191,0.2903,16.6688,16.6607,15.4084,0.0011,-1.0000
16.6650,1.0000,307.8621,1.2967,0.3295,16.6686,16.6528,15.4370,0.0011,-1.0000
16.6673,1.0000,307.8788,1.3501,0.3107,16.6641,16.6586,15.5421,0.0010,-1.0000
16.6683,1.0000,307.8956,1.1329,0.2865,16.6671,16.6674,15.3436,0.0010,-1.0000
16.6642,1.0000,307.9121,1.2512,0.2853,16.6691,16.6461,15.0870,0.0012,-1.0000
16.6683,1.0000,307.9289,1.2147,0.2629,16.6612,16.6629,15.5717,0.0008,-1.0000
16.6675,1.0000,307.9455,1.1152,0.3644,16.6667,16.6579,15.3960,0.0012,-1.0000
16.6641,1.0000,307.9621,1.3227,0.3559,16.6770,16.6477,15.2793,0.0009,-1.0000
16.6673,1.0000,307.9788,1.5580,0.2690,16.6573,16.6631,15.4934,0.0008,-1.0000
16.6681,1.0000,307.9956,1.0903,0.2976,16.6732,16.6613,15.5648,0.0011,-1.0000
16.6666,1.0000,308.0121,1.2605,0.3542,16.6673,16.6584,15.1592,0.0013,-1.0000
16.6661,1.0000,308.0288,1.3680,0.2666,16.6559,16.6558,15.5192,0.0010,-1.0000
16.7521,1.0000,308.0456,1.1689,0.2631,16.6697,16.7865,15.4967,0.0010,-1.0000
16.5819,1.0000,308.0622,1.0953,0.3282,16.6697,16.5284,14.9315,0.0011,-1.0000
16.6650,1.0000,308.0788,1.4977,0.2617,16.6678,16.6517,15.4737,0.0012,-1.0000
16.6697,1.0000,308.0956,1.1354,0.2628,16.6653,16.6699,15.5474,0.0012,-1.0000
16.6651,1.0000,308.1120,1.2888,0.3149,16.7958,16.6511,15.2651,0.0011,-1.0000
16.6665,1.0000,308.1288,1.5957,0.2834,16.5379,16.6573,15.6165,0.0010,-1.0000
16.6691,1.0000,308.1455,1.1767,0.2641,16.6593,16.6649,15.5020,0.0013,-1.0000
16.6657,1.0000,308.1622,1.1210,0.3356,16.6792,16.6492,14.9651,0.0011,-1.0000
16.6649,1.0000,308.1788,1.3847,0.2733,16.6602,16.6528,15.3711,0.0012,-1.0000
16.6695,1.0000,308.1955,1.0397,0.2838,16.6665,16.6683,15.6364,0.0012,-1.0000
16.6660,1.0000,308.2120,1.1616,0.2769,16.6753,16.6557,15.3767,0.0013,-1.0000
16.6661,1.0000,308.2288,1.6825,0.2614,16.6591,16.6530,15.5600,0.0013,-1.0000
16.6679,1.0000,308.2457,1.2802,0.2534,16.6608,16.7539,15.5421,0.0010,-1.0000
16.6657,1.0000,308.2621,1.0304,0.2965,16.6768,16.5642,15.2160,0.0012,-1.0000
16.6645,1.0000,308.2787,1.2776,0.2593,16.6655,16.6525,15.5325,0.0014,-1.0000
16.6708,1.0000,308.2955,1.0917,0.3319,16.6616,16.6736,15.6664,0.0009,-1.0000
16.6661,1.0000,308.3120,1.2107,0.3341,16.7628,16.6528,15.2368,0.0011,-1.0000
16.6662,1.0000,308.3289,1.3470,0.2861,16.5727,16.6542,15.4992,0.0012,-1.0000
16.6704,1.0000,308.3456,1.1187,0.3186,16.6593,16.6718,15.4731,0.0013,-1.0000
16.6639,1.0000,308.3622,1.0056,0.5523,16.6832,16.6428,15.0593,0.0019,-1.0000
16.6638,1.0000,308.3788,1.4147,0.3466,16.6616,16.6448,15.3601,0.0013,-1.0000
16.6681,1.0000,308.3955,1.1538,0.2850,16.6632,16.6646,15.5725,0.0011,-1.0000
16.6682,1.0000,308.4121,1.1971,0.3809,16.6843,16.6658,15.4273,0.0012,-1.0000
16.6655,1.0000,308.4288,1.5817,0.3237,16.6544,16.6541,15.4996,0.0012,-1.0000
16.6680,1.0000,308.4455,1.2837,0.2765,16.6527,16.6662,15.5260,0.0013,-1.0000
16.6669,1.0000,308.4622,1.0913,0.2783,16.6720,16.6518,15.3640,0.0011,-1.0000
16.6648,1.0000,308.4788,1.2371,0.3207,16.6738,16.6523,15.4984,0.0009,-1.0000
16.6663,1.0000,308.4955,1.1533,0.2929,16.6617,16.6563,15.6213,0.0009,-1.0000
16.6688,1.0000,308.5121,1.1389,0.3370,16.6760,16.6698,15.4148,0.0011,-1.0000
16.6661,1.0000,308.5288,1.2866,0.3193,16.6606,16.6536,15.5884,0.0012,-1.0000
16.6688,1.0000,308.5456,1.1528,0.2528,16.6609,16.6683,15.5199,0.0013,-1.0000
16.6658,1.0000,308.5622,1.0340,0.2740,16.6638,16.6476,15.3147,0.0014,-1.0000
16.6646,1.0000,308.5788,1.2537,0.2981,16.6791,16.6503,15.4431,0.0015,-1.0000
16.6681,1.0000,308.5955,1.0638,0.2843,16.6620,16.6640,15.6113,0.0010,-1.0000
16.6679,1.0000,308.6121,1.1473,0.3964,16.6789,16.6638,15.4524,0.0009,-1.0000
16.6659,1.0000,308.6288,1.3313,0.2829,16.6571,16.6513,15.5610,0.0011,-1.0000
16.6669,1.0000,308.6458,1.2060,0.2515,16.6584,16.8686,15.4698,0.0011,-1.0000
16.6673,1.0000,308.6622,1.0514,0.3065,16.6723,16.4496,15.1176,0.0012,-1.0000
16.6654,1.0000,308.6788,1.2105,0.3325,16.6731,16.6551,15.4380,0.0013,-1.0000
16.6680,1.0000,308.6955,1.0891,0.2826,16.6603,16.6616,15.5931,0.0013,-1.0000
16.6666,1.0000,308.7121,1.3976,0.3001,16.8785,16.6603,15.4216,0.0014,-1.0000
16.6665,1.0000,308.7288,1.3306,0.2749,16.4585,16.6543,15.5129,0.0010,-1.0000
16.6705,1.0000,308.7456,1.2155,0.2777,16.6638,16.6662,15.4887,0.0016,-1.0000
16.6645,1.0000,308.7622,1.0672,0.3334,16.6695,16.6538,15.1470,0.0013,-1.0000
16.6647,1.0000,308.7788,1.2372,0.2593,16.6692,16.6486,15.2002,0.0014,-1.0000
16.6657,1.0000,308.7955,1.1404,0.2886,16.6622,16.6548,15.5438,0.0011,-1.0000
16.6686,1.0000,308.8120,1.1756,0.4830,16.6773,16.6657,15.4142,0.0013,-1.0000
16.6661,1.0000,308.8289,1.5052,0.4999,16.6655,16.6555,15.6104,0.0011,-1.0000
16.6677,1.0000,308.8455,1.4470,0.2882,16.6571,16.6615,15.3649,0.0012,-1.0000
16.6667,1.0000,308.8622,1.1100,0.3595,16.6627,16.6542,15.1948,0.0015,-1.0000
16.6669,1.0000,308.8788,1.2503,0.2836,16.6745,16.6590,15.5119,0.0011,-1.0000
16.6674,1.0000,308.8956,1.0439,0.2859,16.6655,16.6634,15.3719,0.0011,-1.0000
16.6658,1.0000,308.9121,1.2954,0.3757,16.6713,16.6491,15.0918,0.0013,-1.0000
16.6664,1.0000,308.9288,1.4579,0.3318,16.6631,16.6560,15.5141,0.0013,-1.0000
16.6679,1.0000,308.9455,1.1459,0.2911,16.6674,16.6593,15.4764,0.0013,-1.0000
16.6661,1.0000,308.9622,1.2902,0.3220,16.6748,16.6587,15.4609,0.0014,-1.0000
16.6665,1.0000,308.9788,1.5558,0.2742,16.6600,16.6581,15.3944,0.0011,-1.0000
16.6690,1.0000,308.9956,1.1406,0.2977,16.6646,16.6626,15.4123,0.0012,-1.0000
16.6648,1.0000,309.0121,1.1815,0.3486,16.6676,16.6511,15.2766,0.0012,-1.0000
16.6652,1.0000,309.0288,1.1964,0.2727,16.6675,16.6513,15.5191,0.0013,-1.0000
16.6694,1.0000,309.0455,1.2626,0.2719,16.6669,16.6660,15.5369,0.0012,-1.0000
16.6661,1.0000,309.0622,1.2489,0.3031,16.6724,16.6540,15.3413,0.0012,-1.0000
16.6658,1.0000,309.0789,1.3733,0.2777,16.6615,16.6556,15.3888,0.0011,-1.0000
16.6678,1.0000,309.0955,1.1306,0.2770,16.6590,16.6593,15.2943,0.0013,-1.0000
16.6658,1.0000,309.1121,1.1279,0.3135,16.6762,16.6554,15.4157,0.0017,-1.0000
16.6654,1.0000,309.1288,1.3112,0.3229,16.6645,16.6522,15.5462,0.0011,-1.0000
16.6700,1.0000,309.1455,1.2657,0.3189,16.6649,16.6706,15.5492,0.0009,-1.0000
16.6654,1.0000,309.1622,1.3630,0.2562,16.6680,16.6546,15.3907,0.0010,-1.0000
16.6668,1.0000,309.1788,1.2383,0.2974,16.6651,16.6590,15.4643,0.0011,-1.0000
16.6675,1.0000,309.1955,1.1048,0.2576,16.6592,16.6585,15.4482,0.0011,-1.0000
16.6658,1.0000,309.2121,1.1206,0.3400,16.6786,16.6503,15.3164,0.0011,-1.0000
16.6650,1.0000,309.2288,1.2627,0.2964,16.6634,16.6540,15.5783,0.0010,-1.0000
16.6688,1.0000,309.2456,1.1935,0.2727,16.6687,16.6669,15.4407,0.0011,-1.0000
16.6651,1.0000,309.2621,1.2093,0.3071,16.6692,16.6501,15.0290,0.0013,-1.0000
16.6681,1.0000,309.2788,1.3330,0.2732,16.6600,16.6578,15.5389,0.0012,-1.0000
16.6676,1.0000,309.2956,1.0747,0.2833,16.6626,16.6645,15.4749,0.0010,-1.0000
16.6626,1.0000,309.3120,1.2250,0.3258,16.6769,16.6422,15.3635,0.0012,-1.0000
16.6688,1.0000,309.3288,1.6198,0.2848,16.6606,16.6660,15.7481,0.0008,-1.0000
16.6685,1.0000,309.3455,1.1177,0.3140,16.6665,16.6663,15.4853,0.0012,-1.0000
16.6660,1.0000,309.3622,1.1887,0.2974,16.6741,16.6544,15.3015,0.0012,-1.0000
16.6672,1.0000,309.3788,1.2775,0.2501,16.6491,16.6601,15.4864,0.0013,-1.0000
16.6671,1.0000,309.3955,0.9173,0.2545,16.6727,16.6602,15.4576,0.0011,-1.0000
16.6664,1.0000,309.4121,1.1798,0.3634,16.6753,16.6532,15.4780,0.0013,-1.0000
16.6664,1.0000,309.4288,1.3517,0.2651,16.6628,16.6583,15.5118,0.0011,-1.0000
16.6678,1.0000,309.4460,1.1727,0.3210,16.6690,16.7397,15.5455,0.0014,-1.0000
16.6650,1.0000,309.4622,1.2013,0.2996,16.6703,16.5718,14.7730,0.0017,-1.0000
16.6668,1.0000,309.4789,1.1738,0.2904,16.6623,16.6572,15.5591,0.0011,-1.0000
16.6692,1.0000,309.4955,1.1452,0.2662,16.6671,16.6640,15.4250,0.0012,-1.0000
16.6645,1.0000,309.5121,1.1927,0.3186,16.7509,16.6511,15.3313,0.0015,-1.0000
16.6667,1.0000,309.5288,1.7972,0.2521,16.5817,16.6587,15.6638,0.0010,-1.0000
16.6682,1.0000,309.5456,1.0969,0.2897,16.6650,16.6626,15.5592,0.0012,-1.0000
16.6643,1.0000,309.5621,1.2378,0.2621,16.6728,16.6478,15.1008,0.0016,-1.0000
16.6681,1.0000,309.5789,1.3182,0.2644,16.6606,16.6660,15.5713,0.0011,-1.0000
16.6678,1.0000,309.5958,0.9939,0.2562,16.6668,16.6632,15.4241,0.0014,-1.0000
16.6662,1.0000,309.6121,1.1021,0.3256,16.6720,16.6547,14.9616,0.0011,-1.0000
16.6666,1.0000,309.6288,1.5455,0.2539,16.6554,16.6593,15.5495,0.0010,-1.0000
16.6675,1.0000,309.6464,1.0936,0.3208,16.6729,16.6558,15.5276,0.0010,-1.0000
16.6662,1.0000,309.6621,1.2377,0.3091,16.6719,16.6558,13.7517,0.0013,-1.0000
16.6658,1.0000,309.6788,1.6917,0.2899,16.6642,16.6546,15.4902,0.0014,-1.0000
16.6678,1.0000,309.6959,1.1085,0.2784,16.6690,16.8026,15.4369,0.0011,-1.0000
16.6665,1.0000,309.7120,1.1269,0.3125,16.6653,16.3556,14.9832,0.0012,-1.0000
16.6667,1.0000,309.7288,2.9025,0.2651,16.6659,16.6589,15.6649,0.0013,-1.0000
16.6684,1.0000,309.7455,1.1628,0.2995,16.6647,16.6632,15.5662,0.0011,-1.0000
16.6652,1.0000,309.7621,1.3649,0.3424,16.8148,16.6463,15.0161,0.0011,-1.0000
16.6654,1.0000,309.7787,1.3713,0.2547,16.5191,16.6546,15.6202,0.0013,-1.0000
16.6685,1.0000,309.7955,0.9926,0.2916,16.6679,16.6672,15.5284,0.0014,-1.0000
16.6669,1.0000,309.8120,1.0960,0.2960,16.6756,16.6538,15.4383,0.0010,-1.0000
16.6661,1.0000,309.8288,1.6289,0.2606,16.6569,16.6582,15.6401,0.0010,-1.0000
16.6683,1.0000,309.8455,1.0330,0.2774,16.6624,16.6644,15.4227,0.0013,-1.0000
16.6653,1.0000,309.8621,1.1374,0.2952,16.6763,16.6492,15.4659,0.0010,-1.0000
16.6667,1.0000,309.8788,1.2142,0.2738,16.6629,16.6585,15.6012,0.0010,-1.0000
16.6682,1.0000,309.8957,1.0171,0.2816,16.6663,16.6683,15.5355,0.0011,-1.0000
16.6633,1.0000,309.9120,1.2403,0.2812,16.6737,16.6399,15.1541,0.0013,-1.0000
16.6695,1.0000,309.9290,1.1820,0.2596,16.6593,16.6670,15.6489,0.0008,-1.0000
16.6677,1.0000,309.9456,1.0562,0.2708,16.6669,16.6874,14.4157,0.0017,-1.0000
16.6631,1.0000,309.9621,1.1316,0.3512,16.6791,16.6188,15.2552,0.0010,-1.0000
16.6667,1.0000,309.9792,1.4846,0.2698,16.6487,16.6575,15.6728,0.0011,-1.0000
16.6716,1.0000,309.9956,1.0168,0.3713,16.6745,16.6775,14.2942,0.0331,-1.0000
16.6624,1.0000,310.0121,2.2699,0.2934,16.6975,16.6379,15.3338,0.0018,-1.0000
16.6689,1.0000,310.0288,1.3628,0.2820,16.6270,16.6673,15.6265,0.0009,-1.0000
16.6683,1.0000,310.0455,0.9841,0.2731,16.6648,16.6610,14.8506,0.0014,-1.0000
16.6632,1.0000,310.0621,2.3499,0.2787,16.6885,16.6481,15.5113,0.0011,-1.0000
16.6885,1.0000,310.0789,1.3024,0.2731,16.6476,16.6816,15.5985,0.0012,-1.0000
16.6684,1.0000,310.0956,1.0397,0.3758,16.6752,16.6691,15.0289,0.0012,-1.0000
16.6644,1.0000,310.1121,1.8091,0.2867,16.6705,16.6430,15.3414,0.0014,-1.0000
16.6685,1.0000,310.1289,1.1356,0.2752,16.6567,16.6686,15.6003,0.0009,-1.0000
16.6666,1.0000,310.1455,1.0818,0.3406,16.6893,16.6529,15.3908,0.0014,-1.0000
16.6662,1.0000,310.1622,1.6388,0.2911,16.6787,16.6562,15.5097,0.0010,-1.0000
16.6671,1.0000,310.1789,1.3005,0.2776,16.6528,16.6631,15.4686,0.0011,-1.0000
16.6669,1.0000,310.1955,1.0671,0.3253,16.6768,16.6560,15.3459,0.0012,-1.0000
16.6652,1.0000,310.2121,1.2608,0.3358,16.6621,16.6539,15.4227,0.0012,-1.0000
16.6685,1.0000,310.2289,1.1453,0.2856,16.6648,16.6627,15.6509,0.0010,-1.0000
16.6670,1.0000,310.2456,1.1934,0.2889,16.6725,16.6579,15.4047,0.0012,-1.0000
16.6662,1.0000,310.2622,1.3086,0.2604,16.6645,16.6560,15.4452,0.0011,-1.0000
16.6667,1.0000,310.2789,1.2299,0.2780,16.6634,16.6559,15.4637,0.0010,-1.0000
16.6663,1.0000,310.2955,1.0108,0.2848,16.6710,16.6592,15.4328,0.0011,-1.0000
16.6656,1.0000,310.3121,1.2521,0.2733,16.6670,16.6518,15.3800,0.0012,-1.0000
16.6684,1.0000,310.3289,1.2099,0.2907,16.6652,16.6681,15.6734,0.0007,-1.0000
16.6674,1.0000,310.3456,1.1911,0.2920,16.6649,16.6577,15.3677,0.0011,-1.0000
16.6647,1.0000,310.3622,1.2254,0.2754,16.6686,16.6516,15.4928,0.0011,-1.0000
16.6683,1.0000,310.3789,1.2705,0.3009,16.6596,16.6632,15.4808,0.0010,-1.0000
16.6660,1.0000,310.3955,0.9939,0.3538,16.6763,16.6540,15.4174,0.0012,-1.0000
16.6641,1.0000,310.4121,1.2888,0.3057,16.6680,16.6474,15.4581,0.0013,-1.0000
16.6716,1.0000,310.4289,1.1574,0.2895,16.6611,16.6754,15.6221,0.0009,-1.0000
16.6654,1.0000,310.4456,1.1813,0.2871,16.6721,16.6534,15.1588,0.0017,-1.0000
16.6660,1.0000,310.4622,1.2354,0.3184,16.6633,16.6510,15.3628,0.0011,-1.0000
16.6678,1.0000,310.4792,1.1879,0.3133,16.6546,16.6669,15.5169,0.0012,-1.0000
16.6672,1.0000,310.4956,1.0523,0.3603,16.6851,16.6560,15.0832,0.0012,-1.0000
16.6638,1.0000,310.5121,1.4929,0.3128,16.6642,16.6457,15.4023,0.0013,-1.0000
16.6698,1.0000,310.5291,1.2872,0.3015,16.6592,16.6714,15.7150,0.0008,-1.0000
16.6656,1.0000,310.5455,1.1485,0.2923,16.6764,16.6451,15.2320,0.0015,-1.0000
16.6661,1.0000,310.5622,1.5712,0.2772,16.6663,16.6580,15.5914,0.0010,-1.0000
16.6687,1.0000,310.5790,1.2420,0.2515,16.6538,16.6642,15.5502,0.0012,-1.0000
16.6652,1.0000,310.5955,0.9555,0.2907,16.6824,16.6517,15.2107,0.0012,-1.0000
16.6666,1.0000,310.6121,1.4118,0.2625,16.6562,16.6592,15.4338,0.0012,-1.0000
16.6671,1.0000,310.6290,1.0654,0.2937,16.6661,16.6591,15.5581,0.0012,-1.0000
16.6664,1.0000,310.6455,1.1129,0.3176,16.6733,16.6558,15.1575,0.0016,-1.0000
16.6662,1.0000,310.6622,1.4396,0.3069,16.6608,16.6554,15.4620,0.0011,-1.0000
16.6680,1.0000,310.6789,1.2241,0.2797,16.6671,16.6629,15.4545,0.0012,-1.0000
16.6669,1.0000,310.6956,1.0998,0.3204,16.6692,16.6577,15.2940,0.0011,-1.0000
16.6659,1.0000,310.7121,1.4966,0.2811,16.6647,16.6606,15.4225,0.0013,-1.0000
16.6665,1.0000,310.7290,1.1923,0.2596,16.6648,16.6520,15.6085,0.0011,-1.0000
16.6665,1.0000,310.7456,1.2073,0.3637,16.6715,16.6554,15.2223,0.0011,-1.0000
16.6676,1.0000,310.7622,1.3627,0.2996,16.6678,16.6576,15.3614,0.0014,-1.0000
16.6695,1.0000,310.7790,1.2365,0.3000,16.6698,16.6740,15.3976,0.0011,-1.0000
16.6647,1.0000,310.7956,1.0426,0.3153,16.6633,16.6418,15.0299,0.0011,-1.0000
16.6659,1.0000,310.8121,1.4319,0.2723,16.6654,16.6429,15.2501,0.0011,-1.0000
16.6675,1.0000,310.8292,1.2945,0.2993,16.6682,16.6633,15.4985,0.0013,-1.0000
16.6660,1.0000,310.8456,1.2747,0.4052,16.6889,16.6521,14.8876,0.0011,-1.0000
16.6660,1.0000,310.8622,1.6107,0.3610,16.6550,16.6528,15.3730,0.0016,-1.0000
16.6676,1.0000,310.8788,1.3916,0.2915,16.6542,16.6567,15.4657,0.0014,-1.0000
16.6665,1.0000,310.8956,1.1633,0.3190,16.6738,16.6641,15.3221,0.0011,-1.0000
16.6667,1.0000,310.9121,1.7632,0.3161,16.6619,16.6553,15.4367,0.0012,-1.0000
16.6676,1.0000,310.9290,1.2785,0.2671,16.6611,16.6634,15.2718,0.0013,-1.0000
16.6663,1.0000,310.9455,1.1896,0.3060,16.6652,16.6497,15.1150,0.0016,-1.0000
16.6641,1.0000,310.9622,1.3407,0.2827,16.6736,16.6517,15.5139,0.0011,-1.0000
16.6695,1.0000,310.9789,1.2171,0.2748,16.6639,16.6659,15.4501,0.0013,-1.0000
16.6660,1.0000,310.9956,1.3901,0.3654,16.6744,16.6604,15.3738,0.0011,-1.0000
16.6674,1.0000,311.0121,1.5329,0.2815,16.6589,16.6566,15.3182,0.0010,-1.0000
16.6669,1.0000,311.0289,1.1368,0.2800,16.6594,16.6594,15.4946,0.0011,-1.0000
16.6663,1.0000,311.0455,1.2145,0.3418,16.6738,16.6556,15.2565,0.0013,-1.0000
16.6658,1.0000,311.0622,1.2854,0.3418,16.6693,16.6532,15.4434,0.0012,-1.0000
16.6678,1.0000,311.0790,1.3370,0.3285,16.6655,16.6653,15.5915,0.0011,-1.0000
16.6666,1.0000,311.0955,1.1635,0.3532,16.6690,16.6548,15.0250,0.0017,-1.0000
16.6672,1.0000,311.1121,1.3976,0.2808,16.6645,16.6599,15.4890,0.0012,-1.0000
16.6682,1.0000,311.1289,1.2084,0.2840,16.6611,16.6660,15.5087,0.0010,-1.0000
16.6646,1.0000,311.1455,1.0729,0.4616,16.6739,16.6443,15.3102,0.0013,-1.0000
16.6658,1.0000,311.1622,1.6280,0.3060,16.6637,16.6523,15.4796,0.0012,-1.0000
16.6700,1.0000,311.1790,1.1699,0.3108,16.6686,16.6706,15.5445,0.0010,-1.0000
16.6642,1.0000,311.1955,1.1561,0.3806,16.6784,16.6416,15.4146,0.0012,-1.0000
16.6668,1.0000,311.2121,1.3331,0.3071,16.6556,16.6574,15.4543,0.0013,-1.0000
16.6681,1.0000,311.2289,1.1714,0.2937,16.6607,16.6624,15.5762,0.0010,-1.0000
16.6659,1.0000,311.2455,1.1252,0.2837,16.6836,16.6550,15.4244,0.0011,-1.0000
16.6654,1.0000,311.2622,1.2258,0.2840,16.6531,16.6550,15.4297,0.0010,-1.0000
16.6685,1.0000,311.2788,1.2018,0.2817,16.6664,16.6637,15.5383,0.0010,-1.0000
16.6665,1.0000,311.2955,1.0852,0.3041,16.6702,16.6637,15.4546,0.0010,-1.0000
16.6658,1.0000,311.3121,1.2295,0.2802,16.6643,16.6467,15.5697,0.0011,-1.0000
16.6690,1.0000,311.3289,1.2243,0.2814,16.6630,16.6650,15.5009,0.0009,-1.0000
16.6645,1.0000,311.3456,1.1244,0.3044,16.6714,16.6533,15.1084,0.0014,-1.0000
16.6687,1.0000,311.3622,1.2077,0.2815,16.6743,16.6632,15.5291,0.0015,-1.0000
16.6673,1.0000,311.3790,1.0759,0.2816,16.6561,16.6566,15.5126,0.0012,-1.0000
16.6639,1.0000,311.3955,1.1629,0.3668,16.6732,16.6474,15.3126,0.0013,-1.0000
16.6687,1.0000,311.4121,1.5436,0.3055,16.6626,16.6687,15.6586,0.0009,-1.0000
16.6681,1.0000,311.4289,1.1326,0.2671,16.6717,16.6600,14.8092,0.0013,-1.0000
16.6634,1.0000,311.4455,1.1425,0.3180,16.6660,16.6465,15.4894,0.0012,-1.0000
16.6687,1.0000,311.4622,1.3336,0.2863,16.6554,16.6709,15.6621,0.0011,-1.0000
16.6677,1.0000,311.4792,1.0093,0.4263,16.6766,16.6617,15.5279,0.0010,-1.0000
16.6633,1.0000,311.4955,1.8496,0.2810,16.6687,16.6409,14.8783,0.0011,-1.0000
16.6693,1.0000,311.5121,1.1562,0.2927,16.6540,16.6697,15.3958,0.0011,-1.0000
16.6674,1.0000,311.5289,1.0077,0.3048,16.6787,16.6605,15.6675,0.0012,-1.0000
16.6662,1.0000,311.5455,1.1325,0.3043,16.6716,16.6551,15.3340,0.0013,-1.0000
16.6671,1.0000,311.5622,1.7615,0.2756,16.6489,16.6605,15.5154,0.0010,-1.0000
16.6676,1.0000,311.5789,1.2723,0.2737,16.6772,16.6588,15.5691,0.0011,-1.0000
16.6656,1.0000,311.5955,0.9916,0.3023,16.6697,16.6541,15.4352,0.0011,-1.0000
16.6654,1.0000,311.6121,1.3194,0.2865,16.6641,16.6555,15.5829,0.0010,-1.0000
16.6687,1.0000,311.6289,1.1442,0.2806,16.6687,16.6674,15.6097,0.0010,-1.0000
16.6665,1.0000,311.6455,1.0885,0.3097,16.6674,16.6522,15.3907,0.0012,-1.0000
16.6642,1.0000,311.6622,1.2175,0.2811,16.6628,16.6510,15.5683,0.0013,-1.0000
16.6692,1.0000,311.6789,1.0715,0.2807,16.6630,16.6680,15.5537,0.0016,-1.0000
16.6669,1.0000,311.6955,1.0569,0.2803,16.6786,16.6575,15.2788,0.0011,-1.0000
16.6644,1.0000,311.7121,1.2601,0.2828,16.6613,16.6512,15.6060,0.0011,-1.0000
16.6690,1.0000,311.7289,1.0815,0.3092,16.6587,16.6760,15.6496,0.0010,-1.0000
16.6679,1.0000,311.7456,1.1125,0.2890,16.6759,16.6503,15.2978,0.0013,-1.0000
16.6635,1.0000,311.7621,1.3775,0.2907,16.6656,16.6477,15.2943,0.0013,-1.0000
16.6684,1.0000,311.7788,1.0443,0.2671,16.6587,16.6654,15.4870,0.0012,-1.0000
16.6681,1.0000,311.7956,1.0253,0.2717,16.6857,16.6632,15.5194,0.0011,-1.0000
16.6628,1.0000,311.8120,1.3508,0.2661,16.6599,16.6381,15.4830,0.0011,-1.0000
16.6690,1.0000,311.8289,1.3521,0.2909,16.6566,16.6745,15.6986,0.0010,-1.0000
16.6682,1.0000,311.8457,1.1771,0.3512,16.6743,16.6512,15.3022,0.0013,-1.0000
16.6652,1.0000,311.8622,1.1429,0.2792,16.6742,16.6516,15.2299,0.0014,-1.0000
16.6706,1.0000,311.8790,1.1542,0.2704,16.6478,16.6732,15.6062,0.0009,-1.0000
16.6647,1.0000,311.8956,0.9751,0.3597,16.6850,16.6483,15.1717,0.0013,-1.0000
16.6633,1.0000,311.9121,1.3475,0.3314,16.6607,16.6441,15.1904,0.0010,-1.0000
16.6692,1.0000,311.9288,1.4203,0.2949,16.6605,16.6673,15.6781,0.0011,-1.0000
16.6669,1.0000,311.9455,1.0659,0.3689,16.6827,16.6598,15.6007,0.0009,-1.0000
16.6661,1.0000,311.9622,1.4755,0.3368,16.6603,16.6543,15.5297,0.0011,-1.0000
16.6674,1.0000,311.9789,1.4528,0.2757,16.6517,16.6619,15.5948,0.0014,-1.0000
16.6667,1.0000,311.9955,0.9878,0.2946,16.6755,16.6591,15.2255,0.0012,-1.0000
16.6649,1.0000,312.0121,1.0582,0.2893,16.6682,16.6487,15.4721,0.0011,-1.0000
16.6666,1.0000,312.0288,1.1237,0.2791,16.6626,16.6604,15.7387,0.0013,-1.0000
16.6691,1.0000,312.0455,1.0657,0.2668,16.6700,16.6708,15.6456,0.0009,-1.0000
16.6665,1.0000,312.0622,1.4323,0.2934,16.6681,16.6563,15.4246,0.0011,-1.0000
16.6661,1.0000,312.0789,1.1755,0.2629,16.6558,16.6562,15.5216,0.0011,-1.0000
16.6694,1.0000,312.0955,0.9206,0.2597,16.6670,16.6637,15.5082,0.0013,-1.0000
16.6651,1.0000,312.1121,1.0242,0.3322,16.6778,16.6527,15.4042,0.0011,-1.0000
16.6657,1.0000,312.1288,1.2305,0.3236,16.6646,16.6545,15.4735,0.0009,-1.0000
16.6680,1.0000,312.1455,1.1334,0.2947,16.6652,16.6632,15.5340,0.0011,-1.0000
16.6658,1.0000,312.1622,1.1540,0.3198,16.6729,16.6578,15.4578,0.0012,-1.0000
16.6670,1.0000,312.1788,1.2473,0.2821,16.6630,16.6560,15.5035,0.0012,-1.0000
16.6684,1.0000,312.1956,1.1802,0.2647,16.6623,16.6797,15.5642,0.0012,-1.0000
16.6652,1.0000,312.2121,1.1281,0.2952,16.6708,16.6363,15.3802,0.0012,-1.0000
16.6658,1.0000,312.2288,1.1992,0.2719,16.6680,16.6561,15.6416,0.0010,-1.0000
16.6684,1.0000,312.2455,1.1515,0.2837,16.6648,16.6612,15.5651,0.0013,-1.0000
16.6661,1.0000,312.2622,1.1143,0.3263,16.6882,16.6566,15.4518,0.0014,-1.0000
16.6670,1.0000,312.2788,1.2550,0.2847,16.6451,16.6543,15.4182,0.0010,-1.0000
16.8425,1.0000,312.2957,1.0132,0.2674,16.6651,16.8434,15.6371,0.0012,-1.0000
16.6647,1.0000,312.3123,1.0949,0.3488,16.6706,16.6437,15.3825,0.0010,-1.0000
16.6674,1.0000,312.3292,1.2036,0.3200,16.6660,16.6613,15.5390,0.0012,-1.0000
16.6669,1.0000,312.3457,1.2349,0.3461,16.6649,16.6589,14.5703,0.0013,-1.0000
16.6635,1.0000,312.3623,1.2050,0.3020,16.8538,16.6468,15.5303,0.0011,-1.0000
16.6700,1.0000,312.3791,1.2601,0.3336,16.6530,16.6771,15.5990,0.0014,-1.0000
16.6672,1.0000,312.3957,1.1212,0.3411,16.6691,16.6521,15.2974,0.0014,-1.0000
16.6656,1.0000,312.4123,2.0870,0.2811,16.6680,16.6524,15.4709,0.0011,-1.0000
16.6708,1.0000,312.4291,1.1156,0.2982,16.6537,16.6731,15.4883,0.0011,-1.0000
16.6639,1.0000,312.4457,1.0768,0.3074,16.6859,16.6416,15.4630,0.0011,-1.0000
16.6648,1.0000,312.4623,1.3532,0.3149,16.6607,16.6523,15.5537,0.0010,-1.0000
16.6687,1.0000,312.4791,1.1804,0.2759,16.6621,16.6699,15.5868,0.0014,-1.0000
16.6665,1.0000,312.4957,1.1833,0.3204,16.6847,16.6530,15.3118,0.0014,-1.0000
16.6659,1.0000,312.5123,1.1776,0.2646,16.6523,16.6535,15.3684,0.0015,-1.0000
16.6671,1.0000,312.5293,1.0976,0.2508,16.6599,16.6870,15.4372,0.0012,-1.0000
16.6672,1.0000,312.5457,1.0816,0.3189,16.6796,16.6321,15.1851,0.0012,-1.0000
16.6647,1.0000,312.5623,1.3396,0.2787,16.6624,16.6522,15.5349,0.0013,-1.0000
16.6692,1.0000,312.5791,1.2839,0.3112,16.6619,16.6709,15.4902,0.0012,-1.0000
16.6665,1.0000,312.5957,1.2486,0.3400,16.6958,16.6536,15.2327,0.0013,-1.0000
16.6668,1.0000,312.6123,1.4458,0.2740,16.6409,16.6584,15.4888,0.0013,-1.0000
16.6675,1.0000,312.6291,1.1163,0.2574,16.6589,16.6611,15.4541,0.0014,-1.0000
16.6658,1.0000,312.6457,1.1798,0.3295,16.6807,16.6408,15.3843,0.0013,-1.0000
16.6656,1.0000,312.6624,1.4197,0.2872,16.6631,16.6536,15.5493,0.0010,-1.0000
16.6677,1.0000,312.6791,1.1681,0.2894,16.6686,16.6651,15.4912,0.0012,-1.0000
16.6677,1.0000,312.6958,1.2055,0.2788,16.6767,16.6576,15.2937,0.0016,-1.0000
16.6638,1.0000,312.7122,1.2552,0.2889,16.6523,16.6476,15.3930,0.0017,-1.0000
16.6688,1.0000,312.7291,1.1033,0.2808,16.6621,16.6687,15.6492,0.0008,-1.0000
16.6667,1.0000,312.7458,1.1728,0.3431,16.6745,16.6611,15.3845,0.0013,-1.0000
16.6640,1.0000,312.7624,1.3621,0.3337,16.6678,16.6438,15.3315,0.0010,-1.0000
16.6698,1.0000,312.7791,1.2529,0.2811,16.6569,16.6706,15.5567,0.0011,-1.0000
16.6665,1.0000,312.7957,1.0184,0.3829,16.6764,16.6528,15.2504,0.0012,-1.0000
16.6651,1.0000,312.8123,1.2752,0.2834,16.6701,16.6505,15.4383,0.0012,-1.0000
16.6678,1.0000,312.8290,1.3115,0.3108,16.6507,16.6643,15.6116,0.0010,-1.0000
16.6693,1.0000,312.8458,1.1128,0.3451,16.6818,16.6695,15.2331,0.0012,-1.0000
16.6630,1.0000,312.8623,1.4011,0.3038,16.6622,16.6373,15.3540,0.0012,-1.0000
16.6676,1.0000,312.8792,1.2110,0.2642,16.6587,16.6703,15.6387,0.0011,-1.0000
16.6688,1.0000,312.8957,1.0515,0.3108,16.6714,16.6592,15.1800,0.0013,-1.0000
16.6636,1.0000,312.9123,1.4352,0.2878,16.6795,16.6518,15.5289,0.0012,-1.0000
16.7820,1.0000,312.9294,1.2819,0.2679,16.6460,16.8691,15.5985,0.0010,-1.0000
16.6647,1.0000,312.9458,1.0309,0.2948,16.6779,16.5342,15.2276,0.0010,-1.0000
16.6662,1.0000,312.9625,1.4777,0.2743,16.6669,16.6566,15.4936,0.0011,-1.0000
16.6683,1.0000,312.9792,1.1221,0.3280,16.6594,16.6665,15.4347,0.0013,-1.0000
16.6667,1.0000,312.9960,1.2694,0.3168,16.9048,16.6533,15.3619,0.0012,-1.0000
16.6646,1.0000,313.0124,1.3053,0.2832,16.5465,16.6457,15.2656,0.0015,-1.0000
16.6692,1.0000,313.0292,1.1615,0.2834,16.6660,16.6689,15.5924,0.0010,-1.0000
16.6662,1.0000,313.0459,1.2303,0.3504,16.6772,16.6502,15.3974,0.0012,-1.0000
16.6654,1.0000,313.0625,1.2900,0.2695,16.6638,16.6558,15.3918,0.0014,-1.0000
