frame_ms,focused,elapsed,CPU Main Thread Frame Time,CPU Render Thread Frame Time,CPU Total Frame Time,PlayerLoop,WaitForTargetFPS,Gfx.WaitForPresentOnGfxThread,Gfx.WaitForGfxCommandsFromMainThread
16.6666,1.0000,4.6837,1.0292,0.3746,16.6752,16.6567,14.8265,0.0010,-1.0000
16.6655,1.0000,4.6998,1.1724,0.3494,16.6673,16.6514,14.9054,0.0013,-1.0000
16.6691,1.0000,4.7164,1.1238,0.3354,16.6609,16.6649,15.5935,0.0013,-1.0000
16.6635,1.0000,4.7331,1.0548,0.5126,16.6721,16.6421,15.2134,0.0013,-1.0000
16.6684,1.0000,4.7498,1.8289,0.3622,16.6667,16.6661,15.5978,0.0012,-1.0000
16.6676,1.0000,4.7667,1.7446,0.3324,16.6603,16.7180,15.5409,0.0010,-1.0000
16.6656,1.0000,4.7832,1.0700,0.4240,16.6806,16.5416,15.1363,0.0012,-1.0000
16.6677,1.0000,4.7998,1.4277,0.3432,16.6522,16.6579,15.4970,0.0014,-1.0000
16.6667,1.0000,4.8164,1.0667,0.3580,16.6742,16.6584,15.4925,0.0012,-1.0000
16.6659,1.0000,4.8332,1.1755,0.4213,16.7804,16.6524,15.3685,0.0011,-1.0000
16.6664,1.0000,4.8499,1.4043,0.3653,16.5516,16.6657,15.4664,0.0010,-1.0000
16.6674,1.0000,4.8665,1.1591,0.3640,16.6676,16.6498,15.1888,0.0010,-1.0000
16.6656,1.0000,4.8831,1.1645,0.4517,16.6679,16.6533,15.5597,0.0011,-1.0000
16.6671,1.0000,4.8999,1.2824,0.3594,16.6611,16.6672,15.5757,0.0013,-1.0000
16.6686,1.0000,4.9164,1.1981,0.3813,16.6768,16.6577,15.5013,0.0011,-1.0000
16.6642,1.0000,4.9332,1.4598,0.4018,16.6585,16.6506,15.5592,0.0010,-1.0000
16.6688,1.0000,4.9498,1.0924,0.3636,16.6609,16.6681,15.5932,0.0009,-1.0000
16.6658,1.0000,4.9665,1.0902,0.5926,16.6764,16.6480,15.5947,0.0010,-1.0000
16.6673,1.0000,4.9832,1.1546,0.3668,16.6667,16.6560,15.4825,0.0010,-1.0000
16.6674,1.0000,4.9998,1.0905,0.3715,16.6598,16.6599,15.5652,0.0013,-1.0000
16.6672,1.0000,5.0164,1.0739,0.4002,16.6808,16.6578,15.5617,0.0011,-1.0000
16.6653,1.0000,5.0331,1.0520,0.3562,16.6577,16.6545,15.5946,0.0011,-1.0000
16.6673,1.0000,5.0498,1.1724,0.3936,16.6646,16.6606,15.5963,0.0011,-1.0000
16.6674,1.0000,5.0665,1.0931,0.5076,16.6689,16.6583,15.3158,0.0014,-1.0000
16.6661,1.0000,5.0831,1.0950,0.3854,16.6671,16.6548,15.5947,0.0011,-1.0000
16.6678,1.0000,5.0998,1.0584,0.3416,16.6629,16.6625,15.4719,0.0012,-1.0000
16.6666,1.0000,5.1164,1.0628,0.3909,16.6698,16.6588,15.3632,0.0012,-1.0000
16.6661,1.0000,5.1331,1.3409,0.3536,16.6672,16.6538,15.5184,0.0009,-1.0000
16.6687,1.0000,5.1499,1.0587,0.3404,16.6637,16.6680,15.5434,0.0012,-1.0000
16.6646,1.0000,5.1665,1.1891,0.3614,16.6719,16.6439,15.2656,0.0014,-1.0000
16.6667,1.0000,5.1832,1.2939,0.4554,16.6683,16.6582,15.4503,0.0010,-1.0000
16.6690,1.0000,5.1999,1.1344,0.3973,16.6626,16.6683,15.5418,0.0010,-1.0000
16.6657,1.0000,5.2165,1.1233,0.4779,16.6793,16.6508,14.8896,0.0013,-1.0000
16.6657,1.0000,5.2332,1.3767,0.4067,16.6535,16.6518,15.4528,0.0009,-1.0000
16.6697,1.0000,5.2499,1.2067,0.3477,16.6668,16.6669,15.4779,0.0015,-1.0000
16.6642,1.0000,5.2666,1.1252,0.5007,16.6785,16.7330,15.3461,0.0011,-1.0000
16.6664,1.0000,5.2831,1.7598,0.3595,16.6619,16.5684,15.4549,0.0009,-1.0000
16.6677,1.0000,5.2999,1.1980,0.3596,16.6607,16.6632,15.5944,0.0011,-1.0000
16.6667,1.0000,5.3164,1.1871,0.6139,16.6784,16.6534,15.3752,0.0014,-1.0000
16.6655,1.0000,5.3332,1.3857,0.3536,16.7425,16.6575,15.6053,0.0010,-1.0000
16.6682,1.0000,5.3499,1.1125,0.3744,16.5779,16.6579,15.4449,0.0013,-1.0000
16.6670,1.0000,5.3665,1.0677,0.3546,16.6726,16.6597,15.3105,0.0010,-1.0000
16.6647,1.0000,5.3831,1.2765,0.4316,16.6625,16.6497,15.5372,0.0011,-1.0000
16.6688,1.0000,5.3999,1.0509,0.4065,16.6673,16.6660,15.5889,0.0011,-1.0000
16.6666,1.0000,5.4164,1.2114,0.4145,16.6666,16.6575,14.9562,0.0014,-1.0000
16.6660,1.0000,5.4332,1.3480,0.3794,16.6690,16.6571,15.5923,0.0011,-1.0000
16.6699,1.0000,5.4499,1.1115,0.3186,16.6587,16.6685,15.3792,0.0012,-1.0000
16.6621,1.0000,5.4665,1.0756,0.6087,16.6742,16.6380,15.3258,0.0016,-1.0000
16.6686,1.0000,5.4832,1.6999,0.3695,16.6665,16.6681,15.6388,0.0010,-1.0000
16.6676,1.0000,5.4998,1.0637,0.3874,16.6657,16.6582,15.4856,0.0008,-1.0000
16.6662,1.0000,5.5164,1.2878,0.3934,16.6785,16.6553,15.4347,0.0012,-1.0000
16.6666,1.0000,5.5332,1.3104,0.3539,16.6467,16.6590,15.5664,0.0011,-1.0000
16.6672,1.0000,5.5499,1.0283,0.3901,16.6761,16.6889,15.5309,0.0009,-1.0000
16.6668,1.0000,5.5665,1.1717,0.3565,16.6675,16.6268,15.4809,0.0010,-1.0000
16.6665,1.0000,5.5832,1.2193,0.3631,16.6645,16.6589,15.5469,0.0010,-1.0000
16.6672,1.0000,5.5998,1.0916,0.3524,16.6684,16.6562,15.3184,0.0010,-1.0000
16.6662,1.0000,5.6164,1.1569,0.3233,16.6975,16.6544,15.5074,0.0010,-1.0000
16.7083,1.0000,5.6332,1.1450,0.3734,16.6356,16.7040,15.6473,0.0010,-1.0000
16.6679,1.0000,5.6499,1.1112,0.3753,16.6693,16.6603,14.9823,0.0014,-1.0000
16.6664,1.0000,5.6665,1.3367,0.4022,16.6645,16.6527,15.5973,0.0010,-1.0000
16.6684,1.0000,5.6833,1.1457,0.3511,16.6624,16.6643,15.4362,0.0012,-1.0000
16.6659,1.0000,5.6999,1.0555,0.4137,16.7129,16.6513,15.3318,0.0011,-1.0000
16.6644,1.0000,5.7164,1.6763,0.3384,16.6687,16.6507,15.5660,0.0009,-1.0000
16.6679,1.0000,5.7335,1.0542,0.3618,16.6628,16.6638,15.6228,0.0009,-1.0000
16.6684,1.0000,5.7499,1.2269,0.4083,16.6761,16.6596,14.5104,0.0015,-1.0000
16.6649,1.0000,5.7665,1.3179,0.3285,16.6617,16.6537,15.4387,0.0008,-1.0000
16.6690,1.0000,5.7833,1.0835,0.3197,16.6575,16.6663,15.5623,0.0012,-1.0000
16.6654,1.0000,5.7999,1.0399,0.4654,16.6729,16.6498,15.3907,0.0013,-1.0000
16.6658,1.0000,5.8164,2.1475,0.3944,16.6685,16.6530,15.5602,0.0010,-1.0000
16.6679,1.0000,5.8333,1.2138,0.4071,16.6634,16.6685,15.6731,0.0010,-1.0000
16.6667,1.0000,5.8499,1.1026,0.4173,16.6772,16.6502,15.4525,0.0013,-1.0000
16.6670,1.0000,5.8665,1.2575,0.3594,16.6597,16.6584,15.4985,0.0011,-1.0000
16.6671,1.0000,5.8833,1.0916,0.3258,16.6612,16.6617,15.5193,0.0011,-1.0000
16.6658,1.0000,5.8999,0.9941,0.3316,16.6781,16.6544,15.2351,0.0010,-1.0000
16.6660,1.0000,5.9165,1.1963,0.3282,16.6596,16.6529,15.4263,0.0011,-1.0000
16.6687,1.0000,5.9333,1.1590,0.3995,16.6672,16.6694,15.5591,0.0011,-1.0000
16.6667,1.0000,5.9500,1.1412,0.4488,16.6716,16.6529,15.1518,0.0014,-1.0000
16.6641,1.0000,5.9665,1.4182,0.3515,16.6638,16.6459,15.2500,0.0011,-1.0000
16.6702,1.0000,5.9833,1.2257,0.3472,16.6618,16.6685,15.6038,0.0010,-1.0000
16.6656,1.0000,5.9999,1.1088,0.4375,16.6805,16.6512,15.3466,0.0013,-1.0000
16.6661,1.0000,6.0165,1.4995,0.3972,16.6631,16.6572,15.4335,0.0010,-1.0000
16.6672,1.0000,6.0332,1.3948,0.3189,16.6546,16.6583,15.5851,0.0011,-1.0000
16.6670,1.0000,6.0499,1.0635,0.3469,16.6782,16.6570,15.4548,0.0011,-1.0000
16.6661,1.0000,6.0666,1.3032,0.3970,16.6606,16.6563,15.4536,0.0009,-1.0000
16.6672,1.0000,6.0832,1.2226,0.3544,16.6667,16.6611,15.4047,0.0010,-1.0000
16.6674,1.0000,6.0999,1.0720,0.3682,16.6671,16.6580,15.2909,0.0009,-1.0000
16.6651,1.0000,6.1164,1.2009,0.4197,16.6658,16.6537,15.5565,0.0013,-1.0000
16.6678,1.0000,6.1333,1.2015,0.3982,16.6654,16.6619,15.6730,0.0009,-1.0000
16.6655,1.0000,6.1499,1.2552,0.4163,16.6696,16.6520,14.7578,0.0013,-1.0000
16.6670,1.0000,6.1665,1.3659,0.4164,16.6679,16.6601,15.5877,0.0009,-1.0000
16.6706,1.0000,6.1834,1.0956,0.3646,16.6620,16.6733,15.5622,0.0010,-1.0000
16.6629,1.0000,6.1999,0.9877,0.5770,16.6721,16.6367,14.8230,0.0017,-1.0000
17.1882,1.0000,6.2171,1.8928,0.3282,16.6601,17.1945,16.0348,0.0012,-1.0000
16.6673,1.0000,6.2337,1.0712,0.3379,16.6682,16.6493,15.2721,0.0011,-1.0000
16.6636,1.0000,6.2505,1.1099,0.4288,16.6846,16.6414,15.4424,0.0012,-1.0000
16.6676,1.0000,6.2671,1.8116,0.3937,16.6471,16.6637,15.5180,0.0012,-1.0000
16.6682,1.0000,6.2837,1.1583,0.4431,17.2061,16.6582,15.0166,0.0012,-1.0000
16.6652,1.0000,6.3004,1.3763,0.3608,16.6616,16.6553,15.4806,0.0013,-1.0000
16.6689,1.0000,6.3171,1.1978,0.3853,16.6503,16.6631,15.5361,0.0012,-1.0000
16.6651,1.0000,6.3337,1.1446,0.3469,16.6737,16.6578,15.3623,0.0010,-1.0000
16.6671,1.0000,6.3504,1.6400,0.3584,16.6669,16.6539,15.5597,0.0010,-1.0000
16.6815,1.0000,6.3672,1.1734,0.3562,16.6636,16.6750,15.5026,0.0012,-1.0000
16.6664,1.0000,6.3838,1.1257,0.4294,16.6722,16.6551,15.2335,0.0012,-1.0000
16.6652,1.0000,6.4004,1.2945,0.3969,16.6685,16.6497,15.5211,0.0012,-1.0000
16.6683,1.0000,6.4171,1.0930,0.4005,16.6634,16.6660,15.3726,0.0011,-1.0000
16.6661,1.0000,6.4337,1.1711,0.4303,16.6845,16.6533,15.3383,0.0010,-1.0000
16.6678,1.0000,6.4504,1.4200,0.4264,16.6650,16.6675,15.6233,0.0012,-1.0000
16.6659,1.0000,6.4672,1.1276,0.3858,16.6593,16.6471,15.5040,0.0010,-1.0000
16.6670,1.0000,6.4837,1.2919,0.3966,16.6751,16.6561,15.3165,0.0013,-1.0000
16.6656,1.0000,6.5005,1.3140,0.3634,16.6632,16.6559,15.5122,0.0010,-1.0000
16.6694,1.0000,6.5171,1.0425,0.3821,16.6766,16.6658,15.5104,0.0012,-1.0000
16.6651,1.0000,6.5337,1.1421,0.4218,16.6561,16.6526,15.0388,0.0013,-1.0000
16.6656,1.0000,6.5504,1.3382,0.3809,16.6651,16.6520,15.6602,0.0009,-1.0000
16.6683,1.0000,6.5672,1.1429,0.3415,16.6652,16.6641,15.5530,0.0009,-1.0000
16.6654,1.0000,6.5838,1.1540,0.4523,16.6752,16.6533,14.8273,0.0013,-1.0000
16.6662,1.0000,6.6004,1.6125,0.3580,16.6636,16.6576,15.4973,0.0011,-1.0000
16.6690,1.0000,6.6171,0.9906,0.3782,16.6605,16.6687,15.6167,0.0008,-1.0000
16.6669,1.0000,6.6337,1.1099,0.4291,16.6725,16.6528,15.4072,0.0010,-1.0000
16.6648,1.0000,6.6504,1.8246,0.3338,16.6607,16.6557,15.6234,0.0010,-1.0000
16.6689,1.0000,6.6671,1.1590,0.4376,16.6652,16.6650,15.5417,0.0012,-1.0000
16.6664,1.0000,6.6838,1.0509,0.3897,16.6776,16.6513,15.3594,0.0012,-1.0000
16.6649,1.0000,6.7004,1.2446,0.3421,16.6629,16.6547,15.5428,0.0011,-1.0000
16.6697,1.0000,6.7174,1.0311,0.3769,16.6643,16.6684,15.5525,0.0012,-1.0000
16.6630,1.0000,6.7336,1.1218,0.5626,16.6738,16.6403,15.1392,0.0012,-1.0000
16.6681,1.0000,6.7504,1.2906,0.3462,16.6616,16.6665,15.5875,0.0008,-1.0000
16.6690,1.0000,6.7672,1.1108,0.3195,16.6624,16.6670,15.5627,0.0009,-1.0000
16.6674,1.0000,6.7839,1.1146,0.3687,16.6795,16.6618,15.4056,0.0012,-1.0000
16.6639,1.0000,6.8004,1.4997,0.4318,16.6485,16.6352,15.4076,0.0010,-1.0000
16.7503,1.0000,6.8172,1.0780,0.3400,16.6748,16.7471,15.6080,0.0010,-1.0000
16.6403,1.0000,6.8337,1.1030,0.4009,16.6773,16.6171,15.2217,0.0012,-1.0000
16.6686,1.0000,6.8505,1.2546,0.4181,16.6775,16.6693,15.8674,0.0008,-1.0000
16.6701,1.0000,6.8672,1.2265,0.3539,16.6451,16.6685,15.5598,0.0012,-1.0000
16.6633,1.0000,6.8838,1.1379,0.3596,16.7568,16.6417,15.3418,0.0013,-1.0000
16.6669,1.0000,6.9005,1.3941,0.3029,16.6245,16.6610,15.6473,0.0011,-1.0000
16.6694,1.0000,6.9172,0.8010,0.3633,16.6761,16.6657,15.4795,0.0009,-1.0000
16.6635,1.0000,6.9337,1.1072,0.3583,16.6792,16.6456,15.4667,0.0011,-1.0000
16.6691,1.0000,6.9505,1.2984,0.3250,16.6514,16.6725,15.7250,0.0008,-1.0000
16.6666,1.0000,6.9671,1.0126,0.3806,16.6702,16.6513,15.2382,0.0012,-1.0000
16.6661,1.0000,6.9838,1.1850,0.3457,16.6742,16.6538,15.5245,0.0012,-1.0000
16.6674,1.0000,7.0005,1.1776,0.3382,16.6536,16.6619,15.5954,0.0010,-1.0000
16.6678,1.0000,7.0171,0.9470,0.3659,16.6833,16.6620,15.3809,0.0010,-1.0000
16.6651,1.0000,7.0337,1.4119,0.4157,16.6596,16.6498,15.4992,0.0011,-1.0000
16.6668,1.0000,7.0505,1.1281,0.3321,16.6624,16.6662,15.6132,0.0008,-1.0000
16.6686,1.0000,7.0671,1.0653,0.4040,16.6700,16.6559,15.2996,0.0011,-1.0000
16.6644,1.0000,7.0838,1.2799,0.3671,16.6705,16.6526,15.5045,0.0009,-1.0000
16.6683,1.0000,7.1005,1.1494,0.3331,16.6591,16.6638,15.5847,0.0012,-1.0000
16.6667,1.0000,7.1171,1.0520,0.4247,16.6751,16.6589,15.4605,0.0011,-1.0000
16.6669,1.0000,7.1337,1.3549,0.3637,16.6650,16.6572,15.5343,0.0010,-1.0000
16.6670,1.0000,7.1505,1.1473,0.3774,16.6614,16.6603,15.6461,0.0009,-1.0000
16.6658,1.0000,7.1672,1.0780,0.3906,16.6727,16.6539,15.4841,0.0008,-1.0000
16.6657,1.0000,7.1838,1.1973,0.4175,16.6668,16.6548,15.4189,0.0010,-1.0000
16.6683,1.0000,7.2005,1.1216,0.3693,16.6654,16.6650,15.5580,0.0009,-1.0000
16.6665,1.0000,7.2172,1.0131,0.3261,16.6691,16.6546,15.2708,0.0010,-1.0000
16.6658,1.0000,7.2337,1.1688,0.3363,16.6635,16.6545,15.5421,0.0012,-1.0000
16.6685,1.0000,7.2506,1.2347,0.3470,16.6633,16.6633,15.5497,0.0010,-1.0000
16.6668,1.0000,7.2671,1.1059,0.4929,16.6747,16.6524,15.3936,0.0011,-1.0000
16.6644,1.0000,7.2838,1.3826,0.3573,16.6645,16.6520,15.5645,0.0009,-1.0000
16.6718,1.0000,7.3008,1.1111,0.3678,16.6640,16.6814,15.5609,0.0010,-1.0000
16.6638,1.0000,7.3171,1.1124,0.4068,16.6736,16.6375,14.6051,0.0014,-1.0000
16.6670,1.0000,7.3338,1.2577,0.3742,16.6622,16.6551,15.4870,0.0010,-1.0000
16.6678,1.0000,7.3507,1.0865,0.3376,16.6595,16.6656,15.5635,0.0010,-1.0000
16.6662,1.0000,7.3672,1.1191,0.4353,16.6937,16.6525,14.2894,0.0022,-1.0000
16.6657,1.0000,7.3838,2.0311,0.3873,16.6484,16.6527,15.5073,0.0011,-1.0000
16.6686,1.0000,7.4005,1.1667,0.3794,16.6640,16.6635,15.5909,0.0011,-1.0000
16.6656,1.0000,7.4171,1.1008,0.5557,16.6757,16.6525,15.3791,0.0013,-1.0000
16.6654,1.0000,7.4337,2.3610,0.3578,16.6627,16.6559,15.5950,0.0010,-1.0000
16.6685,1.0000,7.4505,1.1440,0.3328,16.6612,16.6641,15.6423,0.0009,-1.0000
16.6662,1.0000,7.4671,1.0711,0.4611,16.6725,16.6516,15.3071,0.0012,-1.0000
16.6657,1.0000,7.4838,1.2717,0.3853,16.6623,16.6550,15.5574,0.0009,-1.0000
16.6678,1.0000,7.5005,1.0599,0.3641,16.6643,16.6623,15.5622,0.0015,-1.0000
16.6663,1.0000,7.5171,1.0207,0.4280,16.6741,16.6561,15.4054,0.0010,-1.0000
16.6668,1.0000,7.5337,1.3433,0.3960,16.6612,16.6589,15.5939,0.0010,-1.0000
16.6688,1.0000,7.5505,1.0966,0.3368,16.6634,16.6623,15.6527,0.0010,-1.0000
16.6658,1.0000,7.5672,1.0990,0.3688,16.6717,16.6540,15.4541,0.0011,-1.0000
16.6666,1.0000,7.5839,1.2498,0.3234,16.6651,16.6588,15.4705,0.0012,-1.0000
16.6668,1.0000,7.6005,1.0640,0.3681,16.6685,16.6582,15.4817,0.0012,-1.0000
16.6661,1.0000,7.6171,1.0085,0.4090,16.6713,16.6540,15.4459,0.0009,-1.0000
16.6659,1.0000,7.6337,1.1989,0.4108,16.6634,16.6581,15.5857,0.0014,-1.0000
16.6677,1.0000,7.6506,1.1865,0.3981,16.6681,16.6610,15.6866,0.0007,-1.0000
16.6646,1.0000,7.6672,1.1748,0.3959,16.6670,16.6448,15.3165,0.0014,-1.0000
16.6685,1.0000,7.6838,1.2071,0.3404,16.6637,16.6657,15.5190,0.0011,-1.0000
16.6678,1.0000,7.7005,1.0708,0.3246,16.6673,16.6611,15.5487,0.0010,-1.0000
16.6645,1.0000,7.7171,0.9735,0.3329,16.6710,16.6470,15.5536,0.0009,-1.0000
16.6672,1.0000,7.7337,1.3268,0.3142,16.6538,16.6628,15.6530,0.0013,-1.0000
16.6681,1.0000,7.7505,1.1455,0.3956,16.6747,16.6654,15.5585,0.0008,-1.0000
16.6668,1.0000,7.7671,1.1112,0.3496,16.6705,16.6534,15.5738,0.0011,-1.0000
16.6668,1.0000,7.7841,1.0923,0.3391,16.6549,16.6604,15.5631,0.0009,-1.0000
16.6677,1.0000,7.8005,1.0083,0.3516,16.6706,16.6598,14.6351,0.0011,-1.0000
16.6641,1.0000,7.8171,1.1064,0.4237,16.6739,16.6503,15.5074,0.0013,-1.0000
16.7234,1.0000,7.8340,1.0785,0.3497,16.6620,16.7203,15.6710,0.0008,-1.0000
16.6681,1.0000,7.8506,1.0962,0.3700,16.6689,16.5243,15.2764,0.0011,-1.0000
16.6663,1.0000,7.8672,2.0234,0.3429,16.6683,16.6562,15.5648,0.0012,-1.0000
16.6676,1.0000,7.8839,1.1414,0.3189,16.6589,16.6646,15.5769,0.0010,-1.0000
16.6667,1.0000,7.9005,1.0483,0.3852,16.7285,16.6498,15.2045,0.0014,-1.0000
16.6668,1.0000,7.9173,1.2466,0.3390,16.6680,16.6571,15.5053,0.0011,-1.0000
16.6681,1.0000,7.9339,1.0902,0.3662,16.6656,16.5892,15.4435,0.0011,-1.0000
16.6657,1.0000,7.9506,1.0866,0.4258,16.6752,16.6526,15.5013,0.0011,-1.0000
16.6656,1.0000,7.9672,1.4436,0.4054,16.6592,16.6515,15.5122,0.0012,-1.0000
16.6680,1.0000,7.9839,1.1502,0.3663,16.6660,16.6616,15.5615,0.0009,-1.0000
16.6658,1.0000,8.0006,1.1446,0.3807,16.6757,16.6547,15.4765,0.0011,-1.0000
16.6676,1.0000,8.0172,1.1502,0.3459,16.6639,16.6619,15.5152,0.0011,-1.0000
16.6672,1.0000,8.0340,1.1381,0.3764,16.6603,16.7696,15.5079,0.0012,-1.0000
16.6655,1.0000,8.0506,1.0990,0.3856,16.6703,16.4970,15.3272,0.0012,-1.0000
16.6671,1.0000,8.0672,1.1770,0.3835,16.6629,16.6591,15.5487,0.0013,-1.0000
16.6669,1.0000,8.0839,1.1456,0.3446,16.6720,16.6591,15.5265,0.0011,-1.0000
16.6664,1.0000,8.1005,1.2605,0.4058,16.8227,16.6507,14.9374,0.0013,-1.0000
16.6676,1.0000,8.1172,1.1685,0.3577,16.5062,16.6610,15.5778,0.0014,-1.0000
16.6688,1.0000,8.1338,1.1091,0.3222,16.6696,16.6614,15.5575,0.0011,-1.0000
16.6627,1.0000,8.1505,1.1314,0.4032,16.6691,16.6434,15.3884,0.0016,-1.0000
16.6688,1.0000,8.1672,1.7118,0.3455,16.6613,16.6685,15.5499,0.0011,-1.0000
16.6671,1.0000,8.1839,1.0820,0.3544,16.6701,16.6562,15.2129,0.0012,-1.0000
16.6661,1.0000,8.2005,1.1026,0.3339,16.6717,16.6532,15.5414,0.0011,-1.0000
16.6688,1.0000,8.2172,1.2530,0.4098,16.6514,16.6669,15.5812,0.0014,-1.0000
16.6650,1.0000,8.2338,1.1174,0.3701,16.6778,16.6499,15.5458,0.0009,-1.0000
16.6665,1.0000,8.2505,1.4420,0.4085,16.6659,16.6585,15.6815,0.0012,-1.0000
16.6667,1.0000,8.2672,1.1100,0.3756,16.6632,16.6606,15.6072,0.0010,-1.0000
16.6674,1.0000,8.2839,1.0842,0.3530,16.6761,16.6564,15.1770,0.0016,-1.0000
16.6660,1.0000,8.3006,1.1030,0.3572,16.6592,16.6567,15.4454,0.0011,-1.0000
16.6677,1.0000,8.3172,0.9755,0.3770,16.6670,16.6560,15.3504,0.0012,-1.0000
16.6669,1.0000,8.3339,1.0523,0.3542,16.6705,16.6591,15.4239,0.0010,-1.0000
16.6657,1.0000,8.3505,1.4776,0.3667,16.6653,16.6521,15.5241,0.0010,-1.0000
16.6675,1.0000,8.3672,1.2103,0.3809,16.6673,16.6640,15.6055,0.0011,-1.0000
16.6672,1.0000,8.3839,1.3042,0.4380,16.6656,16.6558,15.4575,0.0010,-1.0000
16.6658,1.0000,8.4005,1.2340,0.3479,16.6681,16.6641,15.6212,0.0011,-1.0000
16.6687,1.0000,8.4173,1.1267,0.3257,16.6606,16.6546,15.5413,0.0011,-1.0000
16.6661,1.0000,8.4342,1.0572,0.4090,16.6727,16.6505,15.3122,0.0010,-1.0000
16.6671,1.0000,8.4509,1.1971,0.3391,16.6662,16.6576,15.0933,0.0013,-1.0000
16.6669,1.0000,8.4681,1.0417,0.3879,16.6739,16.6631,15.0582,0.0013,-1.0000
16.6664,1.0000,8.4840,1.1120,0.3709,16.6659,16.6467,14.3834,0.0016,-1.0000
16.6648,1.0000,8.5006,1.3369,0.3881,16.6598,16.6560,15.4158,0.0012,-1.0000
16.6684,1.0000,8.5174,1.5628,0.5753,16.6673,16.6656,15.4800,0.0012,-1.0000
16.6662,1.0000,8.5339,1.6033,0.4157,16.6737,16.6487,15.3169,0.0012,-1.0000
16.6664,1.0000,8.5507,2.2619,0.3585,16.6579,16.6566,15.5606,0.0010,-1.0000
16.6674,1.0000,8.5673,1.2387,0.3318,16.6649,16.6654,15.3118,0.0010,-1.0000
16.6671,1.0000,8.5840,1.1842,0.4081,16.6769,16.6531,15.2957,0.0010,-1.0000
16.6639,1.0000,8.6006,1.3304,0.4341,16.6585,16.6444,15.4215,0.0011,-1.0000
16.6703,1.0000,8.6174,1.0947,0.3664,16.6643,16.6711,15.5738,0.0009,-1.0000
16.6658,1.0000,8.6339,1.3524,0.6115,16.6752,16.6528,15.1211,0.0013,-1.0000
16.6667,1.0000,8.6506,1.3563,0.3411,16.6642,16.6560,15.5534,0.0011,-1.0000
16.6676,1.0000,8.6673,1.2218,0.3753,16.6534,16.6642,15.4395,0.0012,-1.0000
16.6665,1.0000,8.6840,1.0964,0.3618,16.6813,16.6512,15.3050,0.0014,-1.0000
16.6644,1.0000,8.7006,1.5301,0.3625,16.6618,16.6549,15.4625,0.0010,-1.0000
16.6689,1.0000,8.7173,1.1010,0.5199,16.6645,16.6657,15.4892,0.0013,-1.0000
16.6661,1.0000,8.7339,1.2230,0.3563,16.6741,16.6556,15.1313,0.0016,-1.0000
16.6664,1.0000,8.7508,1.3445,0.4193,16.6610,16.6564,15.6038,0.0009,-1.0000
16.6684,1.0000,8.7674,1.1912,0.3740,16.6629,16.6607,15.2126,0.0014,-1.0000
16.6726,1.0000,8.7840,1.1753,0.4870,16.6750,16.6620,15.3646,0.0014,-1.0000
16.6581,1.0000,8.8006,1.5226,0.4104,16.6650,16.6411,15.3410,0.0013,-1.0000
16.6684,1.0000,8.8174,1.0516,0.3947,16.6662,16.6659,15.4955,0.0010,-1.0000
16.6665,1.0000,8.8339,1.4465,0.3514,16.6707,16.6568,15.1898,0.0011,-1.0000
16.6672,1.0000,8.8507,1.2961,0.3417,16.6726,16.6607,15.5253,0.0010,-1.0000
16.6678,1.0000,8.8674,1.2988,0.3385,16.6498,16.6599,15.4489,0.0012,-1.0000
16.6657,1.0000,8.8840,1.1693,0.3516,16.6737,16.6522,15.2697,0.0012,-1.0000
16.6663,1.0000,8.9007,1.4657,0.3720,16.6653,16.6569,15.4058,0.0013,-1.0000
16.6683,1.0000,8.9174,1.1342,0.3657,16.6700,16.6625,14.7704,0.0016,-1.0000
16.6645,1.0000,8.9339,1.2097,0.4711,16.6704,16.6492,15.1838,0.0013,-1.0000
16.6682,1.0000,8.9507,1.3810,0.4313,16.6628,16.6645,15.3259,0.0010,-1.0000
16.6692,1.0000,8.9674,1.2497,0.4407,16.6662,16.6619,15.1823,0.0012,-1.0000
16.6632,1.0000,8.9840,1.8906,0.4701,16.6727,16.6409,15.2112,0.0015,-1.0000
16.6693,1.0000,9.0008,1.4643,0.4354,16.6582,16.6670,15.3563,0.0014,-1.0000
16.6655,1.0000,9.0173,1.3375,0.3857,16.6748,16.6430,14.9290,0.0012,-1.0000
16.6650,1.0000,9.0339,1.4781,0.4103,16.6736,16.6538,15.2828,0.0012,-1.0000
16.6699,1.0000,9.0508,1.4285,0.4142,16.6536,16.6766,15.5215,0.0009,-1.0000
16.6662,1.0000,9.0673,1.3090,0.3842,16.6793,16.6441,15.1097,0.0014,-1.0000
16.6657,1.0000,9.0840,1.7127,0.3362,16.6540,16.6512,15.4548,0.0011,-1.0000
16.6677,1.0000,9.1007,1.3697,0.3159,16.6618,16.6650,15.4261,0.0011,-1.0000
16.6664,1.0000,9.1174,1.1540,0.3670,16.6875,16.6554,15.2855,0.0013,-1.0000
16.6661,1.0000,9.1339,1.5325,0.3417,16.6545,16.6540,15.3926,0.0011,-1.0000
16.6662,1.0000,9.1508,1.1952,0.3272,16.6603,16.6616,15.6181,0.0010,-1.0000
16.6684,1.0000,9.1673,1.2380,0.3591,16.6744,16.6605,14.6707,0.0014,-1.0000
16.6659,1.0000,9.1840,1.3685,0.3753,16.6641,16.6519,15.3933,0.0011,-1.0000
16.6686,1.0000,9.2008,1.2600,0.3380,16.6627,16.6675,15.4785,0.0013,-1.0000
16.6656,1.0000,9.2173,1.0419,0.4546,16.6702,16.6474,15.1098,0.0013,-1.0000
16.6663,1.0000,9.2339,1.9884,0.3857,16.6704,16.6531,15.4069,0.0012,-1.0000
16.6682,1.0000,9.2510,1.2576,0.3187,16.6610,16.6655,15.5985,0.0011,-1.0000
16.6664,1.0000,9.2673,1.1874,0.3734,16.6787,16.6578,14.9808,0.0013,-1.0000
16.6674,1.0000,9.2840,1.5359,0.3498,16.6580,16.6526,15.4345,0.0011,-1.0000
16.6672,1.0000,9.3007,1.2447,0.3255,16.6625,16.6656,15.0316,0.0013,-1.0000
16.6656,1.0000,9.3173,1.0654,0.3564,16.6752,16.6460,15.2076,0.0010,-1.0000
16.6666,1.0000,9.3339,1.6757,0.3422,16.6677,16.6591,15.4469,0.0011,-1.0000
16.6680,1.0000,9.3508,1.2169,0.4657,16.6624,16.6609,15.3918,0.0011,-1.0000
16.6650,1.0000,9.3674,1.6322,0.6175,16.6763,16.6480,14.9296,0.0015,-1.0000
16.6657,1.0000,9.3840,1.4373,0.3203,16.6558,16.6557,15.3616,0.0011,-1.0000
16.6692,1.0000,9.4007,1.2109,0.4016,16.6691,16.6648,15.4937,0.0010,-1.0000
16.6652,1.0000,9.4173,1.2675,0.4446,16.6725,16.6517,15.4521,0.0011,-1.0000
16.6679,1.0000,9.4339,1.7168,0.3472,16.6577,16.6578,15.3908,0.0012,-1.0000
16.6665,1.0000,9.4507,1.2929,0.3321,16.6647,16.6569,15.5529,0.0014,-1.0000
16.6664,1.0000,9.4673,1.1700,0.3231,16.6741,16.6566,15.2520,0.0012,-1.0000
16.6647,1.0000,9.4839,1.1983,0.4029,16.6622,16.6539,15.4607,0.0012,-1.0000
16.6701,1.0000,9.5007,1.2654,0.3278,16.6679,16.6681,15.4919,0.0010,-1.0000
16.6650,1.0000,9.5173,1.1025,0.3978,16.6659,16.6488,15.4247,0.0012,-1.0000
16.6669,1.0000,9.5339,1.4031,0.3476,16.6660,16.6586,15.4222,0.0011,-1.0000
16.6684,1.0000,9.5507,1.1922,0.3403,16.6622,16.6682,15.6061,0.0011,-1.0000
16.6654,1.0000,9.5673,1.1750,0.3298,16.6773,16.6452,15.1282,0.0012,-1.0000
16.6666,1.0000,9.5840,1.2227,0.3553,16.6591,16.6591,15.4631,0.0015,-1.0000
16.6675,1.0000,9.6007,1.2352,0.4021,16.6672,16.6583,15.4498,0.0012,-1.0000
16.6645,1.0000,9.6173,1.0608,0.4141,16.6788,16.6481,15.3773,0.0012,-1.0000
16.6685,1.0000,9.6339,1.5155,0.3498,16.6552,16.6641,15.5597,0.0010,-1.0000
16.6678,1.0000,9.6506,1.1944,0.3738,16.6696,16.6669,15.0595,0.0010,-1.0000
16.6640,1.0000,9.6673,1.2071,0.3454,16.6678,16.6436,15.4767,0.0011,-1.0000
16.6683,1.0000,9.6840,1.2695,0.3906,16.6566,16.6679,15.5088,0.0010,-1.0000
16.6682,1.0000,9.7007,1.1035,0.6525,16.6711,16.6616,14.9909,0.0011,-1.0000
16.6634,1.0000,9.7172,1.6060,0.3650,16.6763,16.6452,15.4224,0.0013,-1.0000
16.7127,1.0000,9.7340,1.1657,0.3225,16.6514,16.7620,15.6556,0.0010,-1.0000
16.6692,1.0000,9.7507,1.1580,0.3700,16.6755,16.6102,15.0556,0.0010,-1.0000
16.6652,1.0000,9.7673,1.6692,0.3171,16.6699,16.6533,15.4149,0.0016,-1.0000
16.6671,1.0000,9.7843,1.2210,0.3176,16.6530,16.6640,15.5195,0.0010,-1.0000
16.6678,1.0000,9.8007,1.1054,0.4643,16.7716,16.6158,15.0729,0.0011,-1.0000
16.6657,1.0000,9.8173,1.5533,0.3222,16.6200,16.6544,15.4392,0.0011,-1.0000
16.6669,1.0000,9.8340,1.2366,0.3350,16.6619,16.6617,15.5473,0.0012,-1.0000
16.6682,1.0000,9.8507,1.1435,0.4243,16.7125,16.6613,15.5227,0.0010,-1.0000
16.6654,1.0000,9.8673,1.5416,0.3747,16.6245,16.6530,15.5002,0.0011,-1.0000
16.6682,1.0000,9.8840,1.2138,0.3140,16.6628,16.6630,15.4814,0.0010,-1.0000
16.6657,1.0000,9.9007,1.1129,0.3673,16.6703,16.6553,15.2331,0.0011,-1.0000
16.6674,1.0000,9.9173,1.1373,0.4226,16.6700,16.6562,15.4676,0.0013,-1.0000
16.6671,1.0000,9.9340,1.1514,0.3798,16.6609,16.6604,15.4978,0.0011,-1.0000
16.6665,1.0000,9.9507,1.1804,0.4539,16.6723,16.6571,15.1725,0.0012,-1.0000
16.6662,1.0000,9.9673,1.4210,0.4071,16.6656,16.6577,15.3802,0.0012,-1.0000
16.6695,1.0000,9.9841,1.1871,0.3267,16.6648,16.6643,15.4965,0.0009,-1.0000
16.6652,1.0000,10.0008,1.1611,0.4625,16.6696,16.7982,15.2108,0.0013,-1.0000
16.6649,1.0000,10.0174,1.4834,0.3848,16.6661,16.5928,15.3267,0.0013,-1.0000
16.6701,1.0000,10.0341,1.2756,0.3948,16.6667,16.6465,15.3356,0.0010,-1.0000
16.6651,1.0000,10.0508,1.1664,0.4521,16.6762,16.6568,15.2402,0.0015,-1.0000
16.6648,1.0000,10.0674,1.5860,0.3429,16.8102,16.6606,15.3132,0.0013,-1.0000
16.6690,1.0000,10.0841,1.2648,0.3734,16.6022,16.6266,15.4188,0.0008,-1.0000
16.6664,1.0000,10.1008,1.3099,0.3370,16.6616,16.6599,15.2348,0.0012,-1.0000
16.6663,1.0000,10.1175,1.4149,0.3458,16.6690,16.7018,15.3269,0.0013,-1.0000
16.6680,1.0000,10.1339,1.3458,0.3633,16.6689,16.5725,15.3121,0.0013,-1.0000
16.6668,1.0000,10.1507,1.2067,0.4224,16.6345,16.6609,15.3348,0.0012,-1.0000
16.6663,1.0000,10.1674,1.4240,0.4196,16.6736,16.6504,15.3644,0.0013,-1.0000
16.7835,1.0000,10.1843,1.3736,0.4196,16.7108,16.9081,15.5532,0.0012,-1.0000
16.5502,1.0000,10.2007,1.2587,0.3802,16.5811,16.4057,14.8111,0.0014,-1.0000
16.6665,1.0000,10.2174,1.3244,0.3446,16.6709,16.6535,15.4838,0.0010,-1.0000
16.6846,1.0000,10.2341,1.2845,0.3654,16.6602,16.7407,15.4109,0.0011,-1.0000
16.6639,1.0000,10.2507,1.3537,0.3534,16.9201,16.5852,15.1658,0.0013,-1.0000
16.6669,1.0000,10.2674,1.5929,0.3585,16.4158,16.6602,15.4433,0.0012,-1.0000
16.6685,1.0000,10.2842,1.1685,0.4264,16.6622,16.6680,15.4668,0.0012,-1.0000
16.6628,1.0000,10.3007,1.3287,0.4311,16.7517,16.6459,15.0747,0.0015,-1.0000
16.6679,1.0000,10.3181,1.4181,0.3589,16.5965,16.6589,15.3380,0.0012,-1.0000
16.6696,1.0000,10.3341,1.2155,0.4058,16.6685,16.6780,14.6213,0.0017,-1.0000
16.6641,1.0000,10.3507,1.1996,0.4210,16.6771,16.6387,15.1546,0.0014,-1.0000
16.7449,1.0000,10.3676,1.5699,0.4855,16.6554,16.8155,15.4607,0.0012,-1.0000
16.6657,1.0000,10.3841,1.3195,0.3838,16.6665,16.5194,15.2907,0.0013,-1.0000
16.6644,1.0000,10.4008,2.0547,0.3555,16.6887,16.6572,15.4117,0.0010,-1.0000
16.6691,1.0000,10.4175,1.4825,0.4800,16.6493,16.6905,15.4371,0.0010,-1.0000
16.6671,1.0000,10.4340,1.3533,0.4288,16.8278,16.6182,15.0497,0.0013,-1.0000
16.6668,1.0000,10.4509,1.2272,0.3429,16.5855,16.6572,15.5314,0.0013,-1.0000
16.6672,1.0000,10.4675,1.2445,0.3682,16.6660,16.6632,15.4069,0.0012,-1.0000
16.6663,1.0000,10.4841,1.2525,0.3789,16.7002,16.6558,15.4305,0.0013,-1.0000
16.6655,1.0000,10.5008,1.5670,0.4236,16.6274,16.6509,15.4993,0.0011,-1.0000
16.6663,1.0000,10.5176,1.1242,0.3317,16.6670,16.7641,15.4758,0.0011,-1.0000
16.6682,1.0000,10.5341,1.2548,0.4230,16.6736,16.5593,15.1363,0.0011,-1.0000
16.6662,1.0000,10.5508,1.2237,0.3434,16.6652,16.6543,15.5114,0.0014,-1.0000
16.6693,1.0000,10.5677,1.1503,0.3536,16.6595,16.7409,15.4374,0.0011,-1.0000
16.6656,1.0000,10.5841,1.2869,0.4555,16.7717,16.5781,13.5981,0.0016,-1.0000
16.6667,1.0000,10.6008,1.4217,0.3387,16.5683,16.6530,15.4477,0.0012,-1.0000
16.6681,1.0000,10.6177,1.1414,0.3526,16.6635,16.7677,15.4141,0.0013,-1.0000
16.6655,1.0000,10.6341,1.3022,0.5240,16.7514,16.5516,14.9369,0.0016,-1.0000
16.6656,1.0000,10.6508,2.9784,0.3814,16.5882,16.6492,15.4931,0.0010,-1.0000
16.6690,1.0000,10.6675,1.2041,0.3519,16.6620,16.6851,15.5347,0.0010,-1.0000
16.6655,1.0000,10.6842,1.3522,0.4848,16.7790,16.6702,15.3625,0.0014,-1.0000
16.6645,1.0000,10.7008,1.6129,0.3951,16.5624,16.6566,15.4272,0.0009,-1.0000
16.6692,1.0000,10.7175,1.1547,0.3401,16.6580,16.6822,15.5012,0.0009,-1.0000
16.6661,1.0000,10.7341,1.1495,0.3856,16.6954,16.6478,15.0211,0.0011,-1.0000
16.6675,1.0000,10.7509,1.3061,0.3461,16.6797,16.7008,15.4512,0.0012,-1.0000
16.6679,1.0000,10.7677,1.2285,0.3654,16.6651,16.6096,15.3563,0.0011,-1.0000
16.6647,1.0000,10.7842,1.1798,0.5776,16.6918,16.6387,14.7448,0.0010,-1.0000
16.6678,1.0000,10.8010,1.6256,0.3749,16.6573,16.7919,15.4267,0.0012,-1.0000
16.6684,1.0000,10.8179,1.2483,0.3626,16.7096,16.5704,15.2552,0.0012,-1.0000
16.6634,1.0000,10.8341,1.2522,0.4232,16.6195,16.6262,14.8214,0.0017,-1.0000
16.6659,1.0000,10.8508,1.8929,0.3765,16.6478,16.6795,15.4919,0.0012,-1.0000
16.6698,1.0000,10.8675,1.3638,0.3938,16.8026,16.5969,15.3424,0.0009,-1.0000
16.6645,1.0000,10.8841,1.3143,0.4194,16.5821,16.6943,15.4644,0.0013,-1.0000
16.6671,1.0000,10.9009,1.8032,0.3027,16.6349,16.6695,15.4554,0.0013,-1.0000
16.6684,1.0000,10.9175,1.1860,0.3515,16.6865,16.6395,15.0882,0.0014,-1.0000
16.6651,1.0000,10.9341,1.2533,0.4180,16.6057,16.6735,15.4465,0.0011,-1.0000
16.6675,1.0000,10.9508,1.2283,0.3560,16.7034,16.6551,15.5125,0.0014,-1.0000
16.6672,1.0000,10.9675,1.2125,0.3794,16.6792,16.6545,15.3915,0.0011,-1.0000
16.6659,1.0000,10.9842,1.5496,0.3633,16.6490,16.6622,15.4086,0.0011,-1.0000
16.6681,1.0000,11.0009,1.2257,0.3172,16.6817,16.7017,15.4494,0.0010,-1.0000
16.6671,1.0000,11.0175,1.1408,0.4025,16.6637,16.6140,15.2267,0.0011,-1.0000
16.6655,1.0000,11.0341,1.2618,0.3368,16.6635,16.6354,15.4017,0.0014,-1.0000
17.0103,1.0000,11.0515,1.2523,0.3661,16.6701,17.1615,15.8440,0.0012,-1.0000
16.6661,1.0000,11.0678,1.2512,0.4019,16.7101,16.4844,14.0276,0.0028,-1.0000
16.6654,1.0000,11.0845,1.3861,0.4181,16.6239,16.6616,15.4138,0.0011,-1.0000
16.6705,1.0000,11.1013,1.2321,0.3737,16.6444,16.6792,15.5465,0.0007,-1.0000
16.6651,1.0000,11.1178,1.3160,0.4534,17.1733,16.6058,14.9925,0.0016,-1.0000
16.6670,1.0000,11.1344,2.4542,0.3402,16.4947,16.6620,15.3465,0.0012,-1.0000
16.6669,1.0000,11.1513,1.2465,0.3728,16.6703,16.6575,15.5173,0.0010,-1.0000
16.6662,1.0000,11.1678,1.1317,0.4289,16.6882,16.6580,14.5662,0.0014,-1.0000
16.6652,1.0000,11.1844,1.6115,0.3652,16.6173,16.6418,15.3818,0.0012,-1.0000
16.6694,1.0000,11.2012,1.3141,0.3592,16.6717,16.6780,15.5533,0.0011,-1.0000
16.6659,1.0000,11.2178,1.1390,0.4199,16.6670,16.6812,15.0685,0.0016,-1.0000
16.6660,1.0000,11.2344,2.0905,0.3509,16.6685,16.6291,15.4168,0.0012,-1.0000
16.6691,1.0000,11.2512,1.2588,0.3726,16.6497,16.6676,15.5176,0.0010,-1.0000
16.6655,1.0000,11.2678,1.1236,0.4266,16.6871,16.6266,15.2026,0.0013,-1.0000
16.6650,1.0000,11.2844,1.6112,0.3357,16.6923,16.6455,15.4287,0.0014,-1.0000
16.6688,1.0000,11.3012,1.2110,0.3725,16.6373,16.6684,15.5895,0.0010,-1.0000
16.6661,1.0000,11.3178,1.1489,0.4115,16.6780,16.6523,14.9758,0.0011,-1.0000
16.6660,1.0000,11.3344,1.4224,0.3473,16.6370,16.6572,15.4474,0.0010,-1.0000
16.6795,1.0000,11.3515,1.2153,0.3354,16.6548,16.6737,15.5734,0.0012,-1.0000
16.6660,1.0000,11.3678,1.0772,0.3902,16.6771,16.6543,14.7664,0.0014,-1.0000
16.6664,1.0000,11.3844,1.6755,0.3905,16.6613,16.6588,15.5551,0.0010,-1.0000
16.6684,1.0000,11.4012,1.2089,0.3799,16.6659,16.6672,15.5639,0.0009,-1.0000
16.6664,1.0000,11.4178,1.0992,0.6811,16.6814,16.6514,15.2932,0.0015,-1.0000
16.6661,1.0000,11.4344,1.8863,0.3895,16.6618,16.6585,15.4764,0.0013,-1.0000
16.6680,1.0000,11.4511,1.1025,0.3769,16.6669,16.6597,14.2414,0.0013,-1.0000
16.6660,1.0000,11.4678,1.1022,0.4651,16.6766,16.6580,15.5511,0.0010,-1.0000
16.6670,1.0000,11.4847,1.3565,0.3352,16.6597,16.6609,15.4657,0.0013,-1.0000
16.6667,1.0000,11.5011,1.1808,0.4367,16.6673,16.6526,15.2510,0.0011,-1.0000
16.6646,1.0000,11.5178,2.4170,0.4067,16.6676,16.6526,15.5002,0.0015,-1.0000
16.6697,1.0000,11.5345,1.1056,0.3419,16.6662,16.6738,15.4964,0.0012,-1.0000
16.6683,1.0000,11.5513,1.1938,0.3834,16.6722,16.6577,15.1707,0.0013,-1.0000
16.6659,1.0000,11.5679,1.4004,0.3340,16.6622,16.6497,15.1399,0.0016,-1.0000
16.6657,1.0000,11.5845,1.1509,0.3026,16.6595,16.6527,15.2978,0.0013,-1.0000
16.6693,1.0000,11.6013,1.1759,0.4415,16.6836,16.6663,15.1069,0.0011,-1.0000
16.6636,1.0000,11.6178,1.4858,0.3918,16.6696,16.6456,15.2884,0.0013,-1.0000
16.6672,1.0000,11.6344,1.5077,0.4209,16.6607,16.6599,15.4597,0.0009,-1.0000
16.6675,1.0000,11.6512,1.3535,0.4916,16.6620,16.6623,15.4700,0.0008,-1.0000
16.6665,1.0000,11.6678,1.5581,0.3285,16.6745,16.6542,15.4947,0.0011,-1.0000
16.6667,1.0000,11.6845,1.3557,0.3110,16.6551,16.6582,15.4606,0.0010,-1.0000
16.6674,1.0000,11.7012,1.1990,0.3658,16.6682,16.6603,14.7868,0.0012,-1.0000
16.6648,1.0000,11.7178,1.1911,0.4013,16.6713,16.6518,15.3997,0.0012,-1.0000
16.6668,1.0000,11.7345,1.1582,0.3352,16.6636,16.6624,15.4570,0.0010,-1.0000
16.6685,1.0000,11.7512,1.1963,0.4782,16.6672,16.6618,14.9621,0.0009,-1.0000
16.6664,1.0000,11.7678,1.8721,0.3352,16.6693,16.6544,15.4577,0.0009,-1.0000
16.6673,1.0000,11.7845,1.2510,0.3264,16.6601,16.6617,15.4032,0.0015,-1.0000
16.6673,1.0000,11.8012,1.2044,0.3576,16.6703,16.6575,15.3091,0.0012,-1.0000
16.6659,1.0000,11.8178,1.6988,0.3488,16.6690,16.6560,15.4069,0.0012,-1.0000
16.6667,1.0000,11.8345,1.1957,0.3511,16.6635,16.6567,15.4737,0.0011,-1.0000
16.6673,1.0000,11.8512,1.2568,0.5830,16.6702,16.6611,15.3207,0.0012,-1.0000
16.6654,1.0000,11.8678,1.3469,0.3289,16.6667,16.6488,15.3668,0.0015,-1.0000
16.6705,1.0000,11.8846,1.2480,0.3599,16.6652,16.6741,15.4426,0.0009,-1.0000
16.6644,1.0000,11.9014,1.1819,0.4260,16.6669,16.6482,14.3959,0.0015,-1.0000
16.6647,1.0000,11.9178,1.3391,0.3694,16.6704,16.6501,15.1631,0.0012,-1.0000
16.6694,1.0000,11.9344,1.2804,0.3214,16.6570,16.6663,15.4718,0.0010,-1.0000
16.6658,1.0000,11.9512,1.2302,0.4326,16.6838,16.6567,15.3837,0.0012,-1.0000
16.6655,1.0000,11.9678,2.2508,0.4340,16.6584,16.6490,15.3762,0.0012,-1.0000
16.6707,1.0000,11.9845,1.4857,0.3836,16.6598,16.6710,15.4621,0.0010,-1.0000
16.6639,1.0000,12.0012,1.1933,0.3434,16.6759,16.6489,15.0716,0.0013,-1.0000
16.6658,1.0000,12.0178,1.2719,0.3220,16.6659,16.6544,15.3999,0.0012,-1.0000
16.6685,1.0000,12.0344,1.2715,0.3562,16.6574,16.6627,15.4493,0.0010,-1.0000
16.6665,1.0000,12.0512,1.2077,0.4077,16.6803,16.6555,15.4317,0.0012,-1.0000
16.6649,1.0000,12.0679,1.5759,0.3793,16.6598,16.6533,15.4729,0.0010,-1.0000
16.6696,1.0000,12.0847,1.2532,0.3384,16.6630,16.6281,15.3676,0.0010,-1.0000
16.6658,1.0000,12.1012,1.2125,0.3947,16.6715,16.6538,14.8542,0.0013,-1.0000
16.6667,1.0000,12.1178,1.2224,0.3396,16.6643,16.6567,15.4747,0.0014,-1.0000
16.6678,1.0000,12.1345,1.1792,0.3371,16.6994,16.6634,15.3876,0.0011,-1.0000
16.6637,1.0000,12.1511,1.2590,0.5961,16.6370,16.6454,15.3612,0.0013,-1.0000
16.6669,1.0000,12.1683,1.7977,0.3380,16.6646,16.6601,15.5006,0.0010,-1.0000
16.6693,1.0000,12.1845,1.1803,0.3507,16.6657,16.6682,14.5554,0.0014,-1.0000
16.6670,1.0000,12.2012,1.2745,0.4022,16.6731,16.6579,15.4823,0.0011,-1.0000
16.6661,1.0000,12.2186,1.2828,0.3678,16.6537,16.6563,15.3838,0.0013,-1.0000
16.6691,1.0000,12.2344,1.1585,0.3594,16.6671,16.6608,14.1504,0.0014,-1.0000
16.6637,1.0000,12.2512,2.1112,0.3320,16.6766,16.6510,15.5178,0.0010,-1.0000
16.6671,1.0000,12.2679,1.1743,0.3682,16.6664,16.6670,15.4367,0.0016,-1.0000
16.6678,1.0000,12.2845,1.2712,0.4306,16.6656,16.6528,15.2508,0.0019,-1.0000
16.6645,1.0000,12.3011,2.5088,0.3439,16.6699,16.6492,15.4563,0.0011,-1.0000
16.6692,1.0000,12.3179,1.1321,0.3917,16.6598,16.6710,15.4809,0.0008,-1.0000
16.6668,1.0000,12.3344,1.2284,0.3192,16.6763,16.6540,15.3985,0.0012,-1.0000
16.6650,1.0000,12.3512,1.4001,0.3590,16.6618,16.6537,15.5057,0.0011,-1.0000
16.6687,1.0000,12.3679,1.1920,0.3643,16.6572,16.6648,15.3411,0.0013,-1.0000
16.6660,1.0000,12.3845,1.1890,0.3569,16.6803,16.6543,15.3857,0.0014,-1.0000
16.6661,1.0000,12.4011,1.2538,0.4046,16.6632,16.6536,15.4264,0.0011,-1.0000
16.6700,1.0000,12.4179,1.1466,0.4060,16.6625,16.6729,15.4975,0.0010,-1.0000
16.6644,1.0000,12.4344,1.3222,0.3672,16.6733,16.6456,15.3439,0.0010,-1.0000
16.6658,1.0000,12.4512,1.2670,0.3782,16.6638,16.6573,15.5489,0.0011,-1.0000
16.6690,1.0000,12.4680,1.2259,0.3792,16.6617,16.6654,15.4725,0.0010,-1.0000
16.6652,1.0000,12.4845,1.1741,0.3786,16.6833,16.6495,14.9648,0.0012,-1.0000
16.6648,1.0000,12.5011,1.3006,0.3579,16.6549,16.6531,15.3531,0.0013,-1.0000
16.6692,1.0000,12.5179,1.1071,0.3337,16.6655,16.6649,15.4865,0.0009,-1.0000
16.6660,1.0000,12.5344,1.1915,0.4638,16.6759,16.6551,15.3626,0.0012,-1.0000
16.6670,1.0000,12.5512,1.6837,0.3783,16.6593,16.6574,15.4751,0.0012,-1.0000
16.6667,1.0000,12.5680,1.2987,0.3383,16.6607,16.6603,15.4619,0.0013,-1.0000
16.6668,1.0000,12.5845,1.1774,0.3905,16.6736,16.6550,14.9172,0.0014,-1.0000
16.6667,1.0000,12.6012,1.2912,0.3497,16.6641,16.6556,15.3127,0.0013,-1.0000
16.6675,1.0000,12.6178,1.1810,0.3848,16.6657,16.6621,15.4741,0.0010,-1.0000
16.6661,1.0000,12.6344,1.1974,0.3679,16.6703,16.6552,15.3121,0.0011,-1.0000
16.6664,1.0000,12.6538,1.7365,0.3794,16.6659,16.6579,15.5431,0.0012,-1.0000
16.6679,1.0000,12.6679,1.3417,0.3332,16.6638,16.6621,12.7632,0.0017,-1.0000
16.6669,1.0000,12.6846,1.1868,0.4365,16.6702,16.6567,15.3561,0.0013,-1.0000
16.6667,1.0000,12.7012,1.3418,0.3348,16.6646,16.6572,15.2297,0.0015,-1.0000
16.6667,1.0000,12.7179,1.1135,1.3124,16.6669,16.6524,15.4282,0.0011,-1.0000
16.6653,1.0000,12.7344,3.8973,0.4850,16.6711,16.6544,15.2351,0.0013,-1.0000
16.6673,1.0000,12.7512,1.2986,0.4197,16.6668,16.6615,15.5886,0.0010,-1.0000
16.6690,1.0000,12.7680,1.4256,0.3940,16.6680,16.6639,14.1560,0.0012,-1.0000
16.6645,1.0000,12.7845,1.2229,0.7035,16.6630,16.6453,14.7579,0.0013,-1.0000
16.6694,1.0000,12.8013,1.4177,0.3491,16.6630,16.6690,15.3862,0.0013,-1.0000
16.6669,1.0000,12.8180,1.0718,0.3611,16.6701,16.6561,15.1535,0.0014,-1.0000
16.6627,1.0000,12.8344,2.5068,0.4678,16.6736,16.6379,15.0564,0.0014,-1.0000
16.6670,1.0000,12.8511,1.8862,0.3779,16.6564,16.6620,15.6899,0.0011,-1.0000
16.6696,1.0000,12.8678,1.2813,0.4064,16.6790,16.6664,15.5298,0.0012,-1.0000
16.6662,1.0000,12.8845,1.5009,0.4055,16.6692,16.6573,15.2574,0.0010,-1.0000
16.6669,1.0000,12.9012,1.5800,0.3465,16.6475,16.6577,15.4365,0.0011,-1.0000
16.6677,1.0000,12.9181,0.9709,0.3118,16.6685,16.6641,15.3157,0.0012,-1.0000
16.6652,1.0000,12.9344,1.1351,0.3911,16.6745,16.6473,14.9451,0.0017,-1.0000
16.6667,1.0000,12.9513,1.3991,0.4064,16.6661,16.6595,15.5435,0.0010,-1.0000
16.6692,1.0000,12.9680,1.2198,0.4361,16.6668,16.6308,15.2258,0.0013,-1.0000
16.6626,1.0000,12.9845,1.3468,0.3751,16.6751,16.6419,15.0459,0.0013,-1.0000
16.6687,1.0000,13.0012,1.7002,0.3658,16.6565,16.6660,15.5423,0.0012,-1.0000
16.6690,1.0000,13.0180,1.1151,0.3950,16.6690,16.6671,15.3986,0.0016,-1.0000
16.6636,1.0000,13.0344,1.4033,0.3359,16.6736,16.6433,15.0824,0.0015,-1.0000
16.6695,1.0000,13.0512,1.5945,0.3652,16.6501,16.6659,15.4613,0.0011,-1.0000
16.6667,1.0000,13.0679,1.1224,0.3526,16.6741,16.6570,15.4181,0.0014,-1.0000
16.6645,1.0000,13.0845,1.2666,0.3501,16.6775,16.6532,15.0367,0.0013,-1.0000
16.6687,1.0000,13.1014,1.5594,0.4099,16.6525,16.6645,15.4397,0.0014,-1.0000
16.6697,1.0000,13.1180,1.2035,0.4172,16.6754,16.6657,15.1451,0.0013,-1.0000
16.6617,1.0000,13.1344,1.2373,0.6102,16.6654,16.6364,15.2519,0.0012,-1.0000
16.6662,1.0000,13.1511,1.6149,0.3215,16.6615,16.6578,15.5428,0.0010,-1.0000
16.6700,1.0000,13.1680,1.2235,0.3922,16.6743,16.6741,15.4415,0.0013,-1.0000
16.6637,1.0000,13.1845,1.5190,0.3788,16.6780,16.6411,14.7717,0.0013,-1.0000
16.6681,1.0000,13.2012,1.3830,0.3160,16.6448,16.6652,15.5202,0.0013,-1.0000
16.6675,1.0000,13.2179,1.1141,0.4221,16.6655,16.6996,15.1742,0.0012,-1.0000
16.6662,1.0000,13.2344,1.2312,0.4407,16.6857,16.6141,15.2541,0.0011,-1.0000
16.6667,1.0000,13.2513,1.8680,0.3272,16.6502,16.6573,15.5575,0.0012,-1.0000
16.6688,1.0000,13.2679,1.1440,0.3937,16.6737,16.6641,15.2280,0.0012,-1.0000
16.6638,1.0000,13.2845,1.5238,0.3294,16.7083,16.6477,15.2826,0.0014,-1.0000
16.6660,1.0000,13.3012,1.3586,0.3607,16.6235,16.6565,15.4654,0.0013,-1.0000
16.6696,1.0000,13.3178,1.0985,0.3651,16.6663,16.6676,15.2654,0.0009,-1.0000
16.6660,1.0000,13.3344,1.4348,0.3788,16.6751,16.6563,15.5269,0.0009,-1.0000
16.6752,1.0000,13.3512,1.3635,0.3451,16.6558,16.6669,15.4637,0.0011,-1.0000
16.6671,1.0000,13.3679,1.1898,0.4607,16.6636,16.6592,15.2357,0.0010,-1.0000
16.6642,1.0000,13.3845,1.4010,0.3768,16.6760,16.6474,15.4010,0.0012,-1.0000
16.6693,1.0000,13.4013,1.1281,0.3845,16.6656,16.6693,15.4840,0.0014,-1.0000
16.6665,1.0000,13.4178,1.2021,0.4442,16.6764,16.6529,15.1507,0.0011,-1.0000
16.6659,1.0000,13.4344,1.4223,0.3323,16.6693,16.6548,15.5033,0.0011,-1.0000
16.6676,1.0000,13.4526,1.2452,0.3312,16.6555,16.6617,15.5884,0.0011,-1.0000
16.6666,1.0000,13.4684,1.1838,0.3427,16.6794,16.6581,13.9662,0.0016,-1.0000
16.6664,1.0000,13.4845,1.5008,0.3238,16.6614,16.6531,14.9446,0.0013,-1.0000
16.6685,1.0000,13.5012,1.1502,0.3445,16.6633,16.6680,15.4916,0.0012,-1.0000
16.6654,1.0000,13.5178,1.0722,0.6646,16.6707,16.6488,15.3370,0.0013,-1.0000
16.6657,1.0000,13.5344,2.6900,0.4200,16.6669,16.6546,15.4579,0.0011,-1.0000
16.6680,1.0000,13.5512,1.7065,0.3928,16.6618,16.6636,15.6307,0.0010,-1.0000
16.6676,1.0000,13.5679,1.1750,0.4657,16.6776,16.6627,15.4051,0.0012,-1.0000
16.6659,1.0000,13.5845,1.3105,0.5734,16.6584,16.6513,15.4486,0.0011,-1.0000
16.6663,1.0000,13.6012,1.1955,0.3832,16.6633,16.6615,15.5201,0.0012,-1.0000
16.6672,1.0000,13.6180,1.0317,0.4218,16.6714,16.6591,14.7600,0.0011,-1.0000
16.6654,1.0000,13.6344,1.2565,0.4230,16.6714,16.6526,15.2884,0.0011,-1.0000
16.6704,1.0000,13.6513,1.2015,0.3554,16.6600,16.6686,15.5674,0.0013,-1.0000
16.6646,1.0000,13.6678,1.1403,0.5055,16.6701,16.6499,15.2270,0.0014,-1.0000
16.6656,1.0000,13.6845,1.8980,0.3740,16.6676,16.6496,15.4115,0.0013,-1.0000
16.6691,1.0000,13.7012,1.3630,0.3382,16.6619,16.6680,15.5447,0.0011,-1.0000
16.6667,1.0000,13.7179,1.0997,0.3401,16.6805,16.6556,15.0983,0.0011,-1.0000
16.6660,1.0000,13.7344,1.4213,0.3643,16.6608,16.6524,15.3864,0.0011,-1.0000
16.6686,1.0000,13.7512,1.2371,0.3168,16.6578,16.6614,15.4734,0.0008,-1.0000
16.6649,1.0000,13.7679,1.1217,0.4069,16.6761,16.6520,15.3235,0.0012,-1.0000
16.6676,1.0000,13.7845,1.5561,0.3783,16.6661,16.6626,15.4122,0.0010,-1.0000
16.6846,1.0000,13.8013,1.2648,0.3710,16.6631,16.6751,15.3454,0.0015,-1.0000
16.6664,1.0000,13.8179,1.1870,0.3857,16.6707,16.6537,15.2137,0.0012,-1.0000
16.6664,1.0000,13.8344,1.3269,0.3181,16.6621,16.6606,15.4306,0.0014,-1.0000
16.6686,1.0000,13.8512,1.2491,0.3557,16.6706,16.6585,15.3917,0.0013,-1.0000
16.6659,1.0000,13.8679,1.3279,0.4493,16.6845,16.6547,15.2160,0.0011,-1.0000
16.6653,1.0000,13.8845,1.4385,0.3450,16.6625,16.6555,15.4115,0.0012,-1.0000
16.6704,1.0000,13.9013,1.2286,0.3567,16.6699,16.6651,15.4663,0.0012,-1.0000
16.6629,1.0000,13.9179,1.2655,0.4030,16.6675,16.6495,15.2247,0.0015,-1.0000
16.6679,1.0000,13.9344,1.4371,0.3613,16.6636,16.6617,15.3941,0.0014,-1.0000
16.6681,1.0000,13.9513,1.2423,0.3670,16.6645,16.6650,15.6244,0.0010,-1.0000
16.6641,1.0000,13.9678,1.1974,0.4423,16.6739,16.6448,15.2452,0.0011,-1.0000
16.6674,1.0000,13.9846,1.4235,0.3687,16.6577,16.6648,15.5752,0.0011,-1.0000
16.6685,1.0000,14.0012,1.2662,0.4231,16.6701,16.6627,15.0982,0.0011,-1.0000
16.6656,1.0000,14.0179,1.0390,0.3589,16.6744,16.6531,15.4896,0.0011,-1.0000
16.6683,1.0000,14.0345,1.3987,0.2986,16.6527,16.6688,15.4431,0.0017,-1.0000
16.6665,1.0000,14.0512,1.0880,0.3872,16.6730,16.6493,15.3283,0.0012,-1.0000
16.6664,1.0000,14.0679,1.5629,0.3572,16.6707,16.6584,15.4469,0.0013,-1.0000
16.6667,1.0000,14.0848,1.1621,0.4180,16.6611,16.6529,15.4383,0.0014,-1.0000
16.6671,1.0000,14.1013,1.2235,0.4039,16.6798,16.6613,15.0548,0.0011,-1.0000
16.6658,1.0000,14.1178,1.3202,0.3805,16.6601,16.6509,15.3563,0.0013,-1.0000
16.6675,1.0000,14.1345,1.2102,0.3997,16.6687,16.6638,15.3404,0.0010,-1.0000
16.6663,1.0000,14.1512,1.2129,0.4106,16.6617,16.6516,15.3739,0.0012,-1.0000
16.6658,1.0000,14.1679,1.6052,0.3732,16.6706,16.6536,15.4675,0.0011,-1.0000
16.6689,1.0000,14.1846,1.2931,0.4219,16.6607,16.6659,15.4489,0.0013,-1.0000
16.6659,1.0000,14.2012,1.3223,0.3338,16.6741,16.6564,15.3499,0.0011,-1.0000
16.6653,1.0000,14.2178,1.2762,0.3602,16.6609,16.6517,15.4128,0.0012,-1.0000
16.6685,1.0000,14.2345,1.1852,0.3741,16.6624,16.6681,15.5283,0.0011,-1.0000
16.6658,1.0000,14.2512,1.2155,0.3997,16.6744,16.6490,15.1420,0.0012,-1.0000
16.6670,1.0000,14.2679,1.3052,0.3734,16.6660,16.6595,15.4321,0.0012,-1.0000
16.6681,1.0000,14.2846,1.2374,0.3117,16.6604,16.6619,15.4150,0.0009,-1.0000
16.6662,1.0000,14.3012,1.1387,0.4575,16.6784,16.6591,15.1467,0.0011,-1.0000
16.6641,1.0000,14.3178,1.5057,0.4198,16.6587,16.6422,15.4214,0.0014,-1.0000
16.6668,1.0000,14.3344,1.2261,0.3711,16.6689,16.6622,15.5308,0.0012,-1.0000
16.6702,1.0000,14.3513,1.2459,0.3780,16.6721,16.6705,15.6285,0.0014,-1.0000
16.6664,1.0000,14.3679,1.5110,0.4079,16.6693,16.6488,15.0536,0.0011,-1.0000
16.6654,1.0000,14.3845,1.2194,0.3686,16.6510,16.6529,15.3963,0.0011,-1.0000
16.6680,1.0000,14.4013,1.1301,0.3677,16.6694,16.6642,15.4272,0.0016,-1.0000
16.6647,1.0000,14.4179,1.0405,0.4171,16.6803,16.6528,15.0895,0.0015,-1.0000
16.6674,1.0000,14.4345,1.5939,0.3499,16.6596,16.6593,15.3796,0.0012,-1.0000
16.6681,1.0000,14.4512,1.2552,0.3749,16.6612,16.6615,15.3587,0.0020,-1.0000
16.6657,1.0000,14.4679,1.2355,0.7578,16.6728,16.6550,15.1333,0.0018,-1.0000
16.6682,1.0000,14.4846,1.5620,0.4149,16.6617,16.6630,15.3716,0.0014,-1.0000
16.6666,1.0000,14.5012,1.2784,0.3797,16.6675,16.6559,15.0825,0.0012,-1.0000
16.6667,1.0000,14.5179,1.3005,0.5101,16.6704,16.6579,15.3934,0.0010,-1.0000
16.6662,1.0000,14.5344,1.5196,0.4057,16.6635,16.6548,15.3563,0.0011,-1.0000
16.6669,1.0000,14.5512,1.2899,0.3530,16.6717,16.6597,15.5026,0.0009,-1.0000
16.6660,1.0000,14.5679,1.5722,0.4121,16.6654,16.6548,15.4586,0.0012,-1.0000
16.6681,1.0000,14.5847,1.2631,0.3576,16.6678,16.6642,15.4036,0.0012,-1.0000
16.6658,1.0000,14.6012,1.2972,0.3849,16.6648,16.6510,14.7960,0.0012,-1.0000
16.6671,1.0000,14.6179,1.1557,0.3760,16.6678,16.6597,15.3948,0.0011,-1.0000
16.6676,1.0000,14.6345,1.1948,0.3739,16.6642,16.6553,15.3454,0.0009,-1.0000
16.6658,1.0000,14.6512,1.2590,0.3901,16.6753,16.6539,15.4482,0.0012,-1.0000
16.6652,1.0000,14.6678,1.8537,0.3991,16.6605,16.6545,15.4439,0.0011,-1.0000
16.6690,1.0000,14.6846,1.2638,0.3936,16.6705,16.6683,15.5016,0.0010,-1.0000
16.6662,1.0000,14.7012,1.3087,0.3460,16.6644,16.6535,15.2560,0.0014,-1.0000
16.6661,1.0000,14.7179,1.2043,0.3994,16.6619,16.6538,15.4751,0.0010,-1.0000
16.6682,1.0000,14.7345,1.2093,0.3596,16.6625,16.6639,15.4095,0.0011,-1.0000
16.6664,1.0000,14.7512,1.1657,0.3320,16.6780,16.6580,14.7568,0.0417,-1.0000
16.6648,1.0000,14.7679,1.3961,0.3809,16.6631,16.6500,15.4539,0.0012,-1.0000
16.6695,1.0000,14.7847,1.1772,0.4557,16.6622,16.6696,15.4058,0.0013,-1.0000
16.6650,1.0000,14.8012,1.2531,0.4373,16.6726,16.6494,14.5282,0.0499,-1.0000
16.6666,1.0000,14.8179,1.8595,0.3475,16.6675,16.6570,15.4056,0.0011,-1.0000
16.6674,1.0000,14.8344,1.1948,0.3763,16.6584,16.6585,15.4255,0.0011,-1.0000
16.6672,1.0000,14.8512,1.2625,0.3938,16.6790,16.6571,15.5215,0.0009,-1.0000
16.6646,1.0000,14.8678,2.0712,0.4058,16.6606,16.6526,15.4691,0.0012,-1.0000
16.6902,1.0000,14.8845,1.2502,0.4291,16.6652,16.6882,15.4978,0.0013,-1.0000
16.6655,1.0000,14.9012,1.2316,0.4497,16.6671,16.6550,15.1575,0.0009,-1.0000
16.6664,1.0000,14.9179,1.1341,0.3452,16.6656,16.6585,15.4887,0.0011,-1.0000
16.6679,1.0000,14.9345,1.1820,0.3306,16.6609,16.6609,15.4139,0.0009,-1.0000
16.6664,1.0000,14.9512,1.1889,0.3481,16.6964,16.6568,15.3507,0.0011,-1.0000
16.6668,1.0000,14.9679,1.4965,0.3404,16.6640,16.6560,15.4160,0.0012,-1.0000
16.6670,1.0000,14.9847,1.1687,0.3445,16.6670,16.6610,15.4199,0.0013,-1.0000
16.6663,1.0000,15.0013,1.2457,0.4299,16.6701,16.6510,15.1286,0.0011,-1.0000
16.6664,1.0000,15.0180,1.3050,0.3840,16.6658,16.6616,15.3392,0.0013,-1.0000
16.6693,1.0000,15.0345,1.2385,0.3685,16.6649,16.6602,15.2533,0.0011,-1.0000
16.6635,1.0000,15.0512,1.2396,0.3959,16.6715,16.6494,15.2062,0.0012,-1.0000
16.6688,1.0000,15.0679,1.5211,0.3424,16.6603,16.6633,15.4892,0.0012,-1.0000
16.6695,1.0000,15.0847,1.3210,0.3517,16.6704,16.6662,15.4608,0.0014,-1.0000
16.6622,1.0000,15.1012,1.4055,0.4230,16.6695,16.6411,15.1949,0.0016,-1.0000
16.6665,1.0000,15.1179,1.4421,0.3234,16.6578,16.6634,15.4947,0.0013,-1.0000
16.6717,1.0000,15.1345,1.1727,0.4049,16.6708,16.6720,15.3284,0.0010,-1.0000
16.6618,1.0000,15.1512,1.2041,0.4379,16.6768,16.6386,15.4770,0.0011,-1.0000
16.6693,1.0000,15.1680,1.4446,0.3232,16.6499,16.6710,15.5100,0.0010,-1.0000
16.6667,1.0000,15.1846,1.1672,0.4353,16.6705,16.6538,15.1846,0.0011,-1.0000
16.6671,1.0000,15.2012,1.3423,0.3476,16.6816,16.6560,15.4337,0.0011,-1.0000
16.6671,1.0000,15.2181,1.1603,0.3299,16.6484,16.8123,15.4327,0.0011,-1.0000
16.6662,1.0000,15.2345,1.1598,0.3835,16.6807,16.5039,15.2255,0.0012,-1.0000
16.6662,1.0000,15.2512,1.4679,0.3937,16.6627,16.6559,15.4974,0.0011,-1.0000
16.6682,1.0000,15.2681,1.2211,0.3715,16.6645,16.6649,15.4463,0.0010,-1.0000
16.6658,1.0000,15.2846,1.3782,0.3991,16.8218,16.6504,14.9647,0.0013,-1.0000
16.6656,1.0000,15.3012,1.2768,0.3510,16.5132,16.6526,15.3635,0.0011,-1.0000
16.6681,1.0000,15.3179,1.1571,0.3516,16.6642,16.6712,15.4790,0.0012,-1.0000
16.6666,1.0000,15.3345,1.2173,0.3958,16.6754,16.6513,15.3217,0.0011,-1.0000
16.6662,1.0000,15.3512,1.6841,0.3717,16.6601,16.6557,15.5648,0.0010,-1.0000
16.6682,1.0000,15.3681,1.2877,0.3640,16.6607,16.6695,15.4714,0.0012,-1.0000
16.6664,1.0000,15.3846,1.1912,0.3615,16.6790,16.5634,15.1898,0.0011,-1.0000
16.6668,1.0000,15.4012,1.3283,0.3432,16.6596,16.6548,15.4454,0.0012,-1.0000
16.6683,1.0000,15.4179,1.0896,0.3184,16.6641,16.6660,15.4467,0.0013,-1.0000
16.6651,1.0000,15.4345,1.1966,0.3538,16.6811,16.6506,15.1811,0.0014,-1.0000
16.6658,1.0000,15.4512,1.3722,0.3781,16.6585,16.6540,15.5492,0.0011,-1.0000
16.6674,1.0000,15.4679,1.2081,0.3590,16.6636,16.6625,15.5088,0.0009,-1.0000
16.6679,1.0000,15.4846,1.2181,0.3661,16.6750,16.6629,15.1625,0.0010,-1.0000
16.6661,1.0000,15.5012,1.4682,0.3413,16.6600,16.6536,15.2913,0.0010,-1.0000
16.6676,1.0000,15.5179,1.1036,0.3273,16.6625,16.6635,15.5301,0.0009,-1.0000
16.6659,1.0000,15.5345,1.1525,0.5204,16.6700,16.6519,15.3990,0.0014,-1.0000
16.6671,1.0000,15.5513,1.4992,0.4100,16.6714,16.6580,15.4754,0.0011,-1.0000
16.6678,1.0000,15.5679,1.3611,0.3685,16.6621,16.6622,15.4199,0.0012,-1.0000
16.6662,1.0000,15.5846,1.1324,0.4321,16.6733,16.6549,15.3560,0.0012,-1.0000
16.6644,1.0000,15.6013,1.2515,0.3969,16.6609,16.6502,15.4582,0.0013,-1.0000
16.6695,1.0000,15.6179,1.1813,0.3887,16.6663,16.6685,15.4233,0.0012,-1.0000
16.6659,1.0000,15.6345,1.2409,0.4282,16.6716,16.6558,15.2408,0.0014,-1.0000
16.6659,1.0000,15.6512,1.2973,0.3514,16.6647,16.6526,15.4423,0.0011,-1.0000
16.6679,1.0000,15.6682,1.1906,0.3483,16.6577,16.6637,15.4150,0.0012,-1.0000
16.6683,1.0000,15.6846,1.2437,0.5239,16.6773,16.6843,14.9948,0.0021,-1.0000
16.6634,1.0000,15.7012,1.4136,0.3917,16.6657,16.6182,15.4020,0.0011,-1.0000
16.6672,1.0000,15.7180,1.2092,0.4093,16.6618,16.6690,15.3932,0.0012,-1.0000
16.6682,1.0000,15.7345,1.2472,0.3986,16.6725,16.6561,15.2938,0.0014,-1.0000
16.6653,1.0000,15.7512,1.6873,0.4115,16.6955,16.6548,15.4264,0.0013,-1.0000
16.6691,1.0000,15.7680,1.2149,0.3593,16.6275,16.6675,15.4268,0.0014,-1.0000
16.6669,1.0000,15.7847,1.2745,0.3719,16.6768,16.6576,15.1548,0.0012,-1.0000
16.6638,1.0000,15.8013,1.3612,0.4222,16.6646,16.6426,15.2585,0.0011,-1.0000
16.6687,1.0000,15.8180,1.2270,0.4395,16.6629,16.6662,15.4708,0.0012,-1.0000
16.6670,1.0000,15.8345,1.2391,0.3787,16.6776,16.6556,14.9489,0.0011,-1.0000
16.6653,1.0000,15.8512,1.5013,0.4109,16.6685,16.6516,15.5124,0.0013,-1.0000
16.6681,1.0000,15.8683,1.3828,0.3455,16.6526,16.6653,15.4391,0.0008,-1.0000
16.6670,1.0000,15.8846,1.1939,0.3378,16.6759,16.6603,14.7060,0.0009,-1.0000
16.6662,1.0000,15.9012,1.7054,0.3520,16.6652,16.6498,15.4282,0.0013,-1.0000
16.7093,1.0000,15.9180,1.1379,0.4146,16.6594,16.7041,15.5292,0.0015,-1.0000
16.6663,1.0000,15.9345,1.2249,0.3749,16.6738,16.6580,14.8663,0.0013,-1.0000
16.6663,1.0000,15.9513,1.9531,0.3982,16.6694,16.6577,15.5098,0.0010,-1.0000
16.6680,1.0000,15.9683,1.2204,0.3368,16.6589,16.6590,15.4000,0.0013,-1.0000
16.6667,1.0000,15.9846,1.1733,0.4605,16.7130,16.6551,14.7591,0.0013,-1.0000
16.6669,1.0000,16.0013,1.7906,0.3753,16.6661,16.6599,15.3693,0.0012,-1.0000
16.6673,1.0000,16.0182,1.1467,0.4190,16.6675,16.7432,15.4134,0.0014,-1.0000
16.6655,1.0000,16.0347,1.2576,0.4369,16.6688,16.5709,14.9567,0.0013,-1.0000
16.6681,1.0000,16.0513,1.8948,0.3437,16.6643,16.6592,14.7508,0.0014,-1.0000
16.6661,1.0000,16.0680,1.2893,0.3983,16.6687,16.6539,15.2305,0.0012,-1.0000
16.6668,1.0000,16.0847,1.3283,0.4064,16.7539,16.6599,15.1909,0.0013,-1.0000
16.6673,1.0000,16.1014,1.6127,0.3674,16.5800,16.6538,15.1943,0.0013,-1.0000
16.6673,1.0000,16.1181,1.9068,0.3922,16.6699,16.6622,14.8453,0.0014,-1.0000
16.6663,1.0000,16.1346,1.4218,0.4036,16.6653,16.6447,15.3502,0.0012,-1.0000
16.6655,1.0000,16.1513,1.4677,0.4116,16.6703,16.6531,15.3871,0.0011,-1.0000
16.6657,1.0000,16.1679,1.4577,0.4429,16.6641,16.6582,15.4552,0.0011,-1.0000
16.6671,1.0000,16.1847,1.8152,0.3403,16.6759,16.6586,15.4741,0.0011,-1.0000
16.6681,1.0000,16.2013,1.2932,0.4308,16.6561,16.5874,15.3246,0.0012,-1.0000
16.6667,1.0000,16.2180,1.2651,0.4022,16.6627,16.6586,15.3595,0.0014,-1.0000
16.6682,1.0000,16.2346,1.2017,0.4070,16.6668,16.6697,15.3918,0.0012,-1.0000
16.6648,1.0000,16.2513,1.1834,0.4721,16.7399,16.6393,15.2108,0.0014,-1.0000
16.6673,1.0000,16.2680,1.2613,0.3815,16.5955,16.6594,15.3407,0.0013,-1.0000
16.6665,1.0000,16.2847,1.2975,0.3319,16.6684,16.6613,15.3750,0.0011,-1.0000
16.6665,1.0000,16.3013,1.2767,0.4034,16.6818,16.6500,15.1746,0.0018,-1.0000
16.6653,1.0000,16.3179,1.4269,0.4084,16.6490,16.6535,15.4261,0.0014,-1.0000
16.6704,1.0000,16.3346,1.3174,0.3679,16.6681,16.6801,15.5169,0.0012,-1.0000
16.6650,1.0000,16.3513,1.2852,0.4512,16.6728,16.6399,14.9316,0.0012,-1.0000
16.6651,1.0000,16.3679,1.4735,0.4030,16.6592,16.6518,15.4036,0.0011,-1.0000
16.6690,1.0000,16.3846,1.2260,0.3369,16.6616,16.6632,15.4783,0.0011,-1.0000
16.6657,1.0000,16.4013,1.1618,0.4329,16.6906,16.6541,15.3647,0.0013,-1.0000
16.6671,1.0000,16.4179,1.7067,0.3816,16.6505,16.6589,15.4896,0.0012,-1.0000
16.6670,1.0000,16.4346,1.2469,0.3648,16.6612,16.6608,15.4720,0.0012,-1.0000
16.6665,1.0000,16.4513,1.1838,0.4133,16.6714,16.6543,15.4177,0.0011,-1.0000
16.6663,1.0000,16.4679,1.2878,0.3672,16.6632,16.6589,15.3900,0.0012,-1.0000
16.6679,1.0000,16.4846,1.1680,0.3599,16.6681,16.6566,15.4002,0.0012,-1.0000
16.6659,1.0000,16.5012,1.1874,0.3677,16.6705,16.6573,15.2876,0.0014,-1.0000
16.6655,1.0000,16.5179,1.2352,0.3614,16.6634,16.6561,15.5235,0.0011,-1.0000
16.6853,1.0000,16.5345,1.2677,0.4647,16.6679,16.6800,15.4928,0.0011,-1.0000
16.6653,1.0000,16.5513,1.2548,0.4379,16.6654,16.6553,15.4050,0.0011,-1.0000
16.6673,1.0000,16.5680,1.3680,0.3667,16.6661,16.6617,15.3717,0.0013,-1.0000
16.6672,1.0000,16.5847,1.1314,0.3479,16.6638,16.6540,15.3552,0.0014,-1.0000
16.6662,1.0000,16.6013,1.1859,0.4381,16.6891,16.6564,15.2788,0.0013,-1.0000
16.6658,1.0000,16.6179,1.2490,0.4007,16.6635,16.6551,15.4396,0.0013,-1.0000
16.6680,1.0000,16.6346,1.2886,0.4156,16.6722,16.6621,15.4276,0.0014,-1.0000
16.6649,1.0000,16.6513,1.2973,0.4586,16.6638,16.6494,15.1832,0.0013,-1.0000
16.6680,1.0000,16.6679,1.3762,0.3906,16.6657,16.6668,15.5688,0.0011,-1.0000
16.6687,1.0000,16.6847,1.2141,0.3580,16.6635,16.6641,15.4490,0.0013,-1.0000
16.6660,1.0000,16.7013,1.2328,0.4391,16.6715,16.6558,15.1301,0.0013,-1.0000
16.6660,1.0000,16.7180,1.4649,0.3063,16.6579,16.6497,15.1835,0.0009,-1.0000
16.6990,1.0000,16.7347,1.0966,0.3744,16.6741,16.6955,15.5041,0.0014,-1.0000
16.6650,1.0000,16.7513,1.2135,0.4259,16.6740,16.6460,15.1785,0.0013,-1.0000
16.6654,1.0000,16.7680,1.5241,0.4693,16.6675,16.6549,15.4035,0.0012,-1.0000
16.6703,1.0000,16.7847,1.4649,0.3734,16.6595,16.6667,15.5352,0.0011,-1.0000
16.6643,1.0000,16.8013,1.1899,0.5166,16.7059,16.6496,15.2423,0.0011,-1.0000
16.6664,1.0000,16.8180,1.4663,0.3616,16.6563,16.6562,15.4501,0.0013,-1.0000
16.6688,1.0000,16.8346,1.2502,0.3189,16.6639,16.7307,15.4791,0.0009,-1.0000
16.6663,1.0000,16.8513,1.1305,0.4424,16.6766,16.5863,15.3108,0.0013,-1.0000
16.6648,1.0000,16.8679,1.4063,0.4047,16.6606,16.6529,15.5018,0.0011,-1.0000
16.6683,1.0000,16.8847,1.2044,0.3583,16.6651,16.6662,15.5547,0.0008,-1.0000
16.6669,1.0000,16.9013,1.2507,0.3912,16.7394,16.6564,15.2276,0.0010,-1.0000
16.6663,1.0000,16.9180,1.2740,0.3391,16.5954,16.6557,15.4473,0.0014,-1.0000
16.6680,1.0000,16.9347,1.1500,0.3292,16.6607,16.6643,15.5145,0.0015,-1.0000
16.6655,1.0000,16.9513,1.1105,0.4499,16.6752,16.6511,15.0578,0.0015,-1.0000
16.6653,1.0000,16.9680,1.4274,0.4078,16.6650,16.6581,15.4809,0.0012,-1.0000
16.8937,1.0000,16.9849,1.2068,0.3442,16.6640,16.8899,15.7363,0.0014,-1.0000
16.6647,1.0000,17.0016,1.1481,0.4325,16.6739,16.6518,15.5295,0.0010,-1.0000
16.6662,1.0000,17.0182,1.5915,0.3519,16.6593,16.6564,15.4603,0.0010,-1.0000
16.6698,1.0000,17.0348,1.1760,0.3394,16.6662,16.6682,15.1281,0.0011,-1.0000
16.6637,1.0000,17.0515,1.1520,0.3858,16.8982,16.6464,15.4452,0.0011,-1.0000
16.6693,1.0000,17.0683,1.1213,0.3493,16.6617,16.6682,15.5420,0.0010,-1.0000
16.6664,1.0000,17.0848,1.1951,0.4924,16.6650,16.6509,15.1231,0.0013,-1.0000
16.6643,1.0000,17.1015,1.5388,0.3525,16.6765,16.6537,15.5015,0.0011,-1.0000
16.6686,1.0000,17.1182,1.1999,0.3893,16.6558,16.6625,15.5391,0.0009,-1.0000
16.6674,1.0000,17.1348,1.1252,0.4320,16.6778,16.6621,15.2766,0.0014,-1.0000
16.6657,1.0000,17.1515,1.5263,0.3522,16.6603,16.6515,15.4067,0.0010,-1.0000
16.6684,1.0000,17.1685,1.1511,0.3410,16.6616,16.6653,15.5277,0.0011,-1.0000
16.6678,1.0000,17.1849,1.1225,0.4080,16.6708,16.6073,14.9964,0.0014,-1.0000
16.6649,1.0000,17.2015,1.3839,0.3911,16.6710,16.6506,15.3316,0.0012,-1.0000
16.6673,1.0000,17.2182,1.2436,0.3766,16.6605,16.6571,15.4836,0.0012,-1.0000
16.6678,1.0000,17.2348,1.1364,0.3852,16.7249,16.6639,15.2712,0.0013,-1.0000
16.6650,1.0000,17.2515,1.6094,0.4253,16.6187,16.6482,15.4035,0.0013,-1.0000
16.6668,1.0000,17.2682,1.3176,0.3574,16.6621,16.6584,15.4203,0.0012,-1.0000
16.6682,1.0000,17.2849,1.1721,0.5114,16.6663,16.6605,15.4438,0.0011,-1.0000
16.6661,1.0000,17.3015,1.3910,0.3673,16.6737,16.6519,15.2229,0.0013,-1.0000
16.6654,1.0000,17.3182,1.2432,0.3958,16.6588,16.6559,15.4873,0.0010,-1.0000
16.6682,1.0000,17.3348,1.2367,0.3692,16.6685,16.6608,15.5161,0.0013,-1.0000
16.6653,1.0000,17.3516,1.2155,0.4173,16.6709,16.6563,15.2963,0.0012,-1.0000
16.6663,1.0000,17.3682,1.4278,0.3473,16.6619,16.6579,15.3591,0.0014,-1.0000
16.6693,1.0000,17.3850,1.1675,0.3454,16.6649,16.6612,15.4551,0.0011,-1.0000
16.6641,1.0000,17.4015,1.1432,0.4825,16.6693,16.6474,15.1667,0.0015,-1.0000
16.6678,1.0000,17.4182,1.3588,0.4137,16.6650,16.6635,15.5239,0.0011,-1.0000
16.6687,1.0000,17.4349,1.2972,0.3756,16.6674,16.6680,15.4905,0.0013,-1.0000
16.6627,1.0000,17.4515,1.2048,0.4052,16.6711,16.6372,15.3321,0.0013,-1.0000
16.6686,1.0000,17.4682,1.4793,0.3938,16.6560,16.6712,15.5563,0.0010,-1.0000
16.6685,1.0000,17.4849,1.1382,0.7982,16.6710,16.6571,15.2089,0.0023,-1.0000
16.6646,1.0000,17.5015,1.1760,0.3895,16.6790,16.6485,15.4808,0.0011,-1.0000
16.6677,1.0000,17.5182,1.3038,0.3677,16.6459,16.6656,15.5780,0.0012,-1.0000
16.6675,1.0000,17.5348,1.1139,0.4053,16.6803,16.6593,15.3172,0.0013,-1.0000
16.6652,1.0000,17.5515,1.4462,0.4540,16.6670,16.6490,15.5249,0.0010,-1.0000
16.6686,1.0000,17.5683,1.1662,0.3831,16.6565,16.6678,15.5754,0.0011,-1.0000
16.6681,1.0000,17.5849,1.0862,0.3948,16.6750,16.6594,15.3663,0.0014,-1.0000
16.6641,1.0000,17.6016,1.3405,0.4039,16.6685,16.6470,15.2786,0.0017,-1.0000
16.6688,1.0000,17.6182,1.1229,0.3140,16.6574,16.6670,15.3948,0.0013,-1.0000
16.6660,1.0000,17.6348,1.0914,0.3721,16.6780,16.6487,15.2772,0.0012,-1.0000
16.6665,1.0000,17.6515,1.2916,0.4967,16.6701,16.6585,15.5321,0.0011,-1.0000
16.6683,1.0000,17.6682,1.3669,0.4249,16.6567,16.6619,15.5308,0.0010,-1.0000
16.6661,1.0000,17.6849,1.2708,0.4448,16.6771,16.6538,14.8183,0.0014,-1.0000
16.6654,1.0000,17.7015,1.3701,0.3952,16.6584,16.6515,15.4425,0.0011,-1.0000
16.6691,1.0000,17.7183,1.1252,0.3936,16.6674,16.6671,15.4183,0.0013,-1.0000
16.6653,1.0000,17.7348,1.1300,0.4530,16.6714,16.6548,14.1974,0.0014,-1.0000
16.6668,1.0000,17.7515,1.8340,0.3539,16.6631,16.6567,15.5615,0.0011,-1.0000
16.6696,1.0000,17.7683,1.2082,0.4582,16.6608,16.6667,15.4152,0.0010,-1.0000
16.6646,1.0000,17.7849,1.2470,0.5864,16.6752,16.6488,14.6373,0.0015,-1.0000
16.6655,1.0000,17.8015,2.4560,0.3798,16.6638,16.6494,15.3141,0.0011,-1.0000
16.6693,1.0000,17.8183,1.0938,0.3661,16.6670,16.6710,15.5997,0.0010,-1.0000
16.6651,1.0000,17.8348,1.2504,0.3694,16.6769,16.6465,15.3277,0.0011,-1.0000
16.6656,1.0000,17.8516,2.0099,0.4200,16.6592,16.6537,15.4953,0.0011,-1.0000
16.6692,1.0000,17.8684,1.3339,0.3585,16.6578,16.6670,15.4302,0.0009,-1.0000
16.6652,1.0000,17.8849,1.0703,0.4367,16.6812,16.6487,15.0555,0.0010,-1.0000
16.6651,1.0000,17.9015,1.3175,0.3964,16.6585,16.6538,15.5258,0.0012,-1.0000
16.6704,1.0000,17.9182,1.1575,0.3533,16.6621,16.6709,15.5632,0.0010,-1.0000
16.6653,1.0000,17.9348,1.2358,0.4136,16.6762,16.6533,15.3540,0.0011,-1.0000
16.6665,1.0000,17.9515,1.5920,0.3396,16.6588,16.6587,15.5024,0.0013,-1.0000
16.6695,1.0000,17.9683,1.1267,0.3158,16.6617,16.6633,15.4855,0.0012,-1.0000
16.6633,1.0000,17.9848,1.1063,0.4158,16.6786,16.6479,15.2612,0.0011,-1.0000
16.6664,1.0000,18.0015,1.2980,0.3850,16.6620,16.6581,15.5192,0.0010,-1.0000
16.6710,1.0000,18.0183,1.1550,0.3314,16.6678,16.6717,14.8696,0.0012,-1.0000
16.6621,1.0000,18.0348,1.1766,0.3458,16.6731,16.6385,15.4568,0.0013,-1.0000
16.6688,1.0000,18.0516,1.3852,0.3553,16.6571,16.6711,15.3533,0.0009,-1.0000
16.6669,1.0000,18.0682,1.1379,0.4231,16.6654,16.6525,15.0600,0.0016,-1.0000
16.6667,1.0000,18.0849,1.8008,0.3462,16.6812,16.6574,15.4789,0.0011,-1.0000
16.6651,1.0000,18.1015,1.1805,0.4438,16.6484,16.6523,15.4816,0.0014,-1.0000
16.6689,1.0000,18.1182,1.3167,0.4641,16.6805,16.6668,15.4904,0.0011,-1.0000
16.6638,1.0000,18.1348,1.5910,0.3388,16.6626,16.6457,15.2948,0.0011,-1.0000
16.6686,1.0000,18.1516,1.1778,0.3801,16.6672,16.6702,15.6398,0.0008,-1.0000
16.6676,1.0000,18.1682,1.1693,0.3278,16.6604,16.6585,15.1396,0.0011,-1.0000
16.6663,1.0000,18.1849,1.1751,0.3359,16.6752,16.6555,15.4641,0.0011,-1.0000
16.6680,1.0000,18.2017,1.3495,0.3367,16.6536,16.6637,15.5145,0.0012,-1.0000
16.6660,1.0000,18.2182,1.0295,0.4159,16.6774,16.6524,15.1720,0.0012,-1.0000
16.6650,1.0000,18.2348,1.5174,0.3869,16.6670,16.6495,15.5257,0.0010,-1.0000
16.7563,1.0000,18.2518,1.1896,0.3262,16.6647,16.7610,15.7506,0.0009,-1.0000
16.6658,1.0000,18.2683,1.1475,0.3950,16.6743,16.6517,14.9872,0.0011,-1.0000
16.6659,1.0000,18.2849,1.4790,0.3455,16.6616,16.6503,15.4580,0.0012,-1.0000
16.6674,1.0000,18.3019,1.1222,0.3131,16.6572,16.6636,15.4810,0.0013,-1.0000
16.6667,1.0000,18.3183,1.0094,0.3970,16.7703,16.6580,15.0775,0.0010,-1.0000
16.6663,1.0000,18.3349,1.6632,0.3716,16.6605,16.6548,15.4716,0.0011,-1.0000
16.6673,1.0000,18.3517,1.1907,0.4575,16.6595,16.6644,15.4873,0.0011,-1.0000
16.6670,1.0000,18.3683,1.1813,0.4042,16.6718,16.6595,15.1581,0.0014,-1.0000
16.6667,1.0000,18.3850,1.5794,0.3807,16.6662,16.6507,15.3635,0.0015,-1.0000
16.6688,1.0000,18.4022,1.1821,0.4166,16.6632,16.6672,15.3629,0.0013,-1.0000
16.6650,1.0000,18.4183,1.1759,0.4658,16.6749,16.6479,14.7905,0.0019,-1.0000
16.6643,1.0000,18.4349,1.5000,0.3533,16.6690,16.6482,15.3080,0.0011,-1.0000
16.6695,1.0000,18.4517,1.2854,0.4213,16.6596,16.6683,15.6245,0.0010,-1.0000
16.6656,1.0000,18.4683,1.3026,0.3985,16.6781,16.6554,15.3239,0.0013,-1.0000
16.6648,1.0000,18.4850,1.8555,0.4225,16.6589,16.6494,15.4712,0.0012,-1.0000
16.6705,1.0000,18.5018,1.3387,0.3283,16.6558,16.6673,15.4446,0.0013,-1.0000
16.6649,1.0000,18.5183,1.0429,0.3471,16.6775,16.6494,14.8475,0.0010,-1.0000
16.6672,1.0000,18.5349,1.3302,0.3518,16.6668,16.6599,15.3597,0.0013,-1.0000
16.6664,1.0000,18.5517,1.1769,0.3998,16.6592,16.6586,15.4658,0.0010,-1.0000
16.6670,1.0000,18.5683,1.2210,0.4794,16.6780,16.6580,15.3345,0.0012,-1.0000
16.6648,1.0000,18.5850,1.8008,0.4171,16.6587,16.6544,15.4264,0.0014,-1.0000
16.6691,1.0000,18.6018,1.2989,0.3543,16.6687,16.6635,15.4862,0.0010,-1.0000
16.6664,1.0000,18.6183,1.1916,0.3670,16.6676,16.6537,15.2275,0.0012,-1.0000
16.6678,1.0000,18.6350,1.3221,0.3500,16.6667,16.6607,15.3801,0.0012,-1.0000
16.6657,1.0000,18.6517,1.2268,0.3661,16.6637,16.6519,15.3508,0.0012,-1.0000
16.6659,1.0000,18.6684,1.1761,0.3944,16.6733,16.6571,15.2319,0.0012,-1.0000
16.6659,1.0000,18.6850,1.4251,0.3589,16.6637,16.6538,15.3898,0.0012,-1.0000
16.6705,1.0000,18.7019,1.2793,0.4355,16.6712,16.6715,15.0085,0.0010,-1.0000
16.6633,1.0000,18.7183,1.2997,0.4191,16.6623,16.6395,14.5653,0.0017,-1.0000
16.6683,1.0000,18.7349,1.4239,0.3604,16.6659,16.6660,15.4292,0.0012,-1.0000
16.6669,1.0000,18.7517,1.2628,0.4057,16.6627,16.6578,15.4494,0.0010,-1.0000
16.6661,1.0000,18.7683,1.6617,0.4280,16.6816,16.6553,14.6837,0.0013,-1.0000
16.6678,1.0000,18.7850,2.0728,0.3907,16.6497,16.6641,15.4330,0.0014,-1.0000
16.6659,1.0000,18.8017,1.2357,0.4719,16.6747,16.6519,15.4399,0.0011,-1.0000
16.6672,1.0000,18.8183,1.2072,0.5001,16.6667,16.6559,14.9981,0.0012,-1.0000
16.6664,1.0000,18.8349,1.9702,0.3446,16.6642,16.6594,15.3719,0.0012,-1.0000
16.6668,1.0000,18.8518,1.2297,0.3347,16.6748,16.6567,15.4979,0.0013,-1.0000
16.6661,1.0000,18.8683,1.2106,0.7240,16.6613,16.6529,15.2831,0.0014,-1.0000
16.6677,1.0000,18.8851,1.6566,0.3627,16.6651,16.6662,15.4183,0.0011,-1.0000
16.6671,1.0000,18.9017,1.2859,0.3668,16.6687,16.6485,15.2176,0.0011,-1.0000
16.6657,1.0000,18.9183,1.1571,0.3853,16.6660,16.6609,15.4319,0.0009,-1.0000
16.6678,1.0000,18.9349,1.3686,0.4130,16.6615,16.6562,15.4519,0.0012,-1.0000
16.6664,1.0000,18.9517,1.2463,0.3958,16.6792,16.6500,15.3185,0.0012,-1.0000
16.6660,1.0000,18.9684,1.4297,0.3428,16.6593,16.6556,15.3807,0.0013,-1.0000
16.6687,1.0000,18.9851,1.2282,0.3416,16.6732,16.6620,15.3316,0.0012,-1.0000
16.6652,1.0000,19.0016,1.2032,0.3860,16.6677,16.6471,15.3965,0.0013,-1.0000
16.6656,1.0000,19.0183,1.3300,0.3589,16.6592,16.6544,15.4446,0.0014,-1.0000
16.6681,1.0000,19.0349,1.2737,0.3755,16.6661,16.6653,15.4631,0.0011,-1.0000
16.6675,1.0000,19.0517,1.3291,0.4612,16.6731,16.6571,15.1550,0.0011,-1.0000
16.6654,1.0000,19.0683,1.2487,0.4019,16.6578,16.6546,15.3763,0.0012,-1.0000
16.6677,1.0000,19.0853,1.2081,0.3509,16.6628,16.6637,15.3762,0.0011,-1.0000
16.6669,1.0000,19.1017,1.2007,0.4151,16.6749,16.6550,14.9868,0.0013,-1.0000
16.6651,1.0000,19.1183,1.5009,0.4275,16.6659,16.6523,15.4517,0.0011,-1.0000
16.6675,1.0000,19.1349,1.2770,0.4343,16.6635,16.6607,15.4959,0.0010,-1.0000
16.6669,1.0000,19.1516,1.2863,0.3686,16.6726,16.6634,15.4675,0.0010,-1.0000
16.6670,1.0000,19.1683,1.6667,0.3570,16.6646,16.6544,15.4253,0.0010,-1.0000
16.6685,1.0000,19.1851,1.1993,0.3867,16.6601,16.6661,15.3652,0.0011,-1.0000
16.6654,1.0000,19.2017,1.1632,0.4151,16.6689,16.6475,15.1669,0.0012,-1.0000
16.6657,1.0000,19.2183,1.1947,0.4123,16.6722,16.6556,15.3415,0.0012,-1.0000
16.6682,1.0000,19.2349,1.2279,0.3887,16.6632,16.6603,15.4665,0.0015,-1.0000
16.6664,1.0000,19.2517,1.2995,0.4389,16.6778,16.6601,15.4292,0.0011,-1.0000
16.6651,1.0000,19.2683,1.4792,0.4126,16.6579,16.6503,15.4219,0.0013,-1.0000
16.6680,1.0000,19.2851,1.3126,0.3443,16.6648,16.6610,15.4055,0.0012,-1.0000
16.6666,1.0000,19.3017,1.1922,0.3710,16.6693,16.6572,15.1960,0.0012,-1.0000
16.6670,1.0000,19.3184,1.2295,0.3536,16.6706,16.6594,15.2856,0.0016,-1.0000
16.6672,1.0000,19.3349,1.2271,0.3848,16.6589,16.6596,15.3805,0.0011,-1.0000
16.6663,1.0000,19.3517,1.2543,0.4379,16.6694,16.6518,15.4018,0.0011,-1.0000
16.6649,1.0000,19.3684,1.4600,0.4245,16.6660,16.6556,15.3720,0.0013,-1.0000
16.6697,1.0000,19.3851,1.3723,0.3825,16.6687,16.7381,15.2311,0.0010,-1.0000
16.6655,1.0000,19.4017,1.2775,0.4700,16.6699,16.5795,14.9106,0.0013,-1.0000
16.6656,1.0000,19.4183,1.2487,0.3593,16.6615,16.6553,15.4477,0.0015,-1.0000
16.6697,1.0000,19.4350,1.2823,0.3757,16.6635,16.6674,15.3309,0.0010,-1.0000
16.6651,1.0000,19.4517,1.5062,0.3617,16.7474,16.6511,15.3522,0.0014,-1.0000
16.6656,1.0000,19.4683,1.6675,0.3670,16.5884,16.6542,15.3684,0.0010,-1.0000
16.6696,1.0000,19.4851,1.2061,0.3992,16.6636,16.6692,15.4621,0.0012,-1.0000
16.6639,1.0000,19.5017,1.3350,0.3933,16.6769,16.6357,14.9856,0.0013,-1.0000
16.6675,1.0000,19.5183,1.2976,0.3597,16.6608,16.6631,15.4284,0.0010,-1.0000
16.6688,1.0000,19.5350,1.2848,0.3788,16.6628,16.6686,15.3846,0.0011,-1.0000
16.6653,1.0000,19.5517,1.2056,0.3887,16.6870,16.6431,15.3022,0.0013,-1.0000
16.6670,1.0000,19.5684,1.6488,0.3963,16.6444,16.6622,15.4231,0.0012,-1.0000
16.6677,1.0000,19.5850,1.2335,0.3613,16.6713,16.6579,14.7495,0.0013,-1.0000
16.6643,1.0000,19.6017,1.2823,0.4269,16.6804,16.6492,15.4167,0.0014,-1.0000
16.6681,1.0000,19.6188,1.3394,0.3971,16.6529,16.6624,15.4489,0.0011,-1.0000
16.6666,1.0000,19.6349,1.2378,0.4720,16.6726,16.6570,14.5241,0.0011,-1.0000
16.6663,1.0000,19.6517,1.9068,0.3530,16.6682,16.6543,15.4460,0.0012,-1.0000
16.6771,1.0000,19.6686,1.2308,0.3531,16.6588,16.6952,15.3614,0.0014,-1.0000
16.6667,1.0000,19.6850,1.2122,0.6498,16.6714,16.6327,15.1020,0.0012,-1.0000
16.6668,1.0000,19.7016,2.1315,0.3324,16.6664,16.6551,15.4225,0.0012,-1.0000
16.6660,1.0000,19.7186,1.2068,0.4533,16.6627,16.6557,15.3985,0.0010,-1.0000
16.6679,1.0000,19.7349,1.3324,0.3542,16.7044,16.6588,15.0666,0.0017,-1.0000
16.6676,1.0000,19.7517,1.5294,0.3816,16.6422,16.6585,15.4369,0.0011,-1.0000
16.6673,1.0000,19.7685,1.2313,0.3774,16.6648,16.6607,15.3662,0.0010,-1.0000
16.6655,1.0000,19.7850,1.2563,0.5439,16.6672,16.6512,15.2277,0.0013,-1.0000
16.6654,1.0000,19.8016,1.5902,0.5962,16.6683,16.6532,15.3280,0.0012,-1.0000
16.6683,1.0000,19.8184,1.2204,0.4564,16.6686,16.6665,15.4457,0.0014,-1.0000
16.6662,1.0000,19.8349,1.2933,0.4676,16.6714,16.6555,15.3496,0.0011,-1.0000
16.6673,1.0000,19.8517,1.4221,0.4243,16.6609,16.6543,15.4319,0.0011,-1.0000
16.6674,1.0000,19.8684,1.3237,0.4232,16.6610,16.6635,15.3944,0.0011,-1.0000
16.6665,1.0000,19.8850,1.2192,0.4658,16.6755,16.6536,14.9745,0.0011,-1.0000
16.6661,1.0000,19.9016,1.3045,0.4108,16.6666,16.6523,15.3552,0.0012,-1.0000
16.6680,1.0000,19.9184,1.2212,0.4444,16.6629,16.6676,15.4673,0.0011,-1.0000
16.6663,1.0000,19.9349,1.2681,0.8823,16.6731,16.6495,15.1766,0.0012,-1.0000
16.6655,1.0000,19.9516,1.6777,0.3694,16.6643,16.6530,15.4077,0.0010,-1.0000
16.6679,1.0000,19.9683,1.2957,0.3925,16.6611,16.6621,15.4914,0.0010,-1.0000
16.6661,1.0000,19.9850,1.1990,0.3589,16.6784,16.6545,15.2351,0.0012,-1.0000
16.6668,1.0000,20.0017,1.4714,0.3902,16.6600,16.6583,15.4587,0.0011,-1.0000
16.6687,1.0000,20.0184,1.2443,0.3398,16.6620,16.6648,15.4132,0.0014,-1.0000
16.6654,1.0000,20.0349,1.1695,0.4217,16.6705,16.6531,15.2992,0.0011,-1.0000
16.6661,1.0000,20.0517,1.4182,0.3639,16.6636,16.6587,15.5390,0.0011,-1.0000
16.6683,1.0000,20.0684,1.1982,0.3630,16.6664,16.6631,15.3704,0.0012,-1.0000
16.6658,1.0000,20.0850,1.2499,0.4391,16.6738,16.6480,15.2951,0.0012,-1.0000
16.6676,1.0000,20.1017,1.3525,0.3451,16.6617,16.6631,15.4109,0.0010,-1.0000
16.6659,1.0000,20.1184,1.1186,0.4108,16.6682,16.6510,15.3571,0.0014,-1.0000
16.6665,1.0000,20.1349,1.2914,0.3575,16.6734,16.6583,15.3499,0.0013,-1.0000
16.6658,1.0000,20.1517,1.3515,0.3899,16.6580,16.6553,15.5156,0.0012,-1.0000
16.6676,1.0000,20.1683,1.2511,0.4107,16.6740,16.6616,15.4533,0.0013,-1.0000
16.6688,1.0000,20.1851,1.2925,0.3729,16.6605,16.6626,15.2690,0.0009,-1.0000
16.6632,1.0000,20.2017,1.3071,0.4215,16.6669,16.6460,15.2875,0.0014,-1.0000
16.6696,1.0000,20.2190,1.1383,0.3690,16.6642,16.6685,15.3865,0.0009,-1.0000
16.6647,1.0000,20.2349,1.2068,0.5368,16.6694,16.6468,14.4067,0.0014,-1.0000
16.6666,1.0000,20.2517,1.3924,0.3675,16.6725,16.6619,15.5111,0.0009,-1.0000
16.6696,1.0000,20.2684,1.3570,0.3710,16.6546,16.6673,15.3939,0.0009,-1.0000
16.6638,1.0000,20.2850,1.2808,0.5665,16.6770,16.6464,15.3018,0.0013,-1.0000
16.6679,1.0000,20.3017,2.2390,0.4123,16.6559,16.6655,15.4223,0.0011,-1.0000
16.6686,1.0000,20.3183,1.1499,0.3832,16.6692,16.6635,14.2629,0.0011,-1.0000
16.6627,1.0000,20.3348,1.2726,0.4233,16.6757,16.6437,15.4503,0.0012,-1.0000
16.6670,1.0000,20.3517,1.3431,0.3921,16.6543,16.6622,15.7189,0.0009,-1.0000
16.6696,1.0000,20.3684,1.2418,0.4561,16.6730,16.6682,15.5174,0.0010,-1.0000
16.6662,1.0000,20.3851,2.3993,0.3641,16.6727,16.6572,15.1126,0.0013,-1.0000
16.6660,1.0000,20.4017,1.1921,0.3665,16.6507,16.6614,15.3106,0.0012,-1.0000
16.6701,1.0000,20.4185,0.9424,0.3257,16.6690,16.6645,15.3783,0.0015,-1.0000
16.6645,1.0000,20.4349,1.1497,0.3922,16.6758,16.6483,15.0994,0.0011,-1.0000
16.6645,1.0000,20.4517,1.5431,0.3696,16.6659,16.6509,15.4747,0.0010,-1.0000
16.6690,1.0000,20.4685,1.3495,0.4342,16.6699,16.6673,15.3708,0.0011,-1.0000
16.6660,1.0000,20.4850,1.2847,0.4924,16.6748,16.6529,15.1891,0.0012,-1.0000
16.6669,1.0000,20.5017,1.5479,0.3954,16.6587,16.6585,15.4142,0.0014,-1.0000
16.6682,1.0000,20.5184,1.1750,0.3699,16.6591,16.6638,15.3815,0.0014,-1.0000
16.6657,1.0000,20.5349,1.2952,0.4174,16.6753,16.6514,15.0466,0.0014,-1.0000
16.6664,1.0000,20.5517,1.4626,0.3959,16.6620,16.6581,15.4114,0.0011,-1.0000
16.6685,1.0000,20.5685,1.2429,0.3659,16.6666,16.6648,15.4595,0.0011,-1.0000
16.6643,1.0000,20.5850,1.2801,0.4356,16.6744,16.6488,15.0449,0.0014,-1.0000
16.6670,1.0000,20.6017,1.6032,0.3820,16.6602,16.6612,15.4685,0.0013,-1.0000
16.6691,1.0000,20.6190,1.2455,0.3610,16.6664,16.6639,15.4705,0.0010,-1.0000
16.6650,1.0000,20.6349,1.2038,0.4272,16.6739,16.6500,14.5982,0.0016,-1.0000
16.6671,1.0000,20.6517,1.6023,0.3457,16.6570,16.6594,15.4005,0.0011,-1.0000
16.6674,1.0000,20.6684,1.1912,0.3549,16.6701,16.6609,15.3494,0.0012,-1.0000
16.6648,1.0000,20.6850,1.1922,0.4958,16.6738,16.6471,15.1712,0.0011,-1.0000
16.6672,1.0000,20.7017,2.0503,0.4080,16.6601,16.6631,15.4505,0.0008,-1.0000
16.6699,1.0000,20.7185,1.2575,0.3678,16.6682,16.6675,15.3515,0.0011,-1.0000
16.6647,1.0000,20.7349,1.3104,0.6202,16.6709,16.6448,15.1123,0.0013,-1.0000
16.6655,1.0000,20.7517,1.4751,0.3459,16.6557,16.6582,15.4396,0.0012,-1.0000
16.6692,1.0000,20.7684,1.2114,0.3795,16.6707,16.6640,15.4434,0.0011,-1.0000
16.6636,1.0000,20.7850,1.3149,0.3920,16.6778,16.6448,15.2488,0.0012,-1.0000
16.6672,1.0000,20.8017,1.5311,0.4338,16.6561,16.6628,15.5469,0.0008,-1.0000
16.6690,1.0000,20.8184,1.2171,1.0122,16.6662,16.6683,15.3742,0.0010,-1.0000
16.6658,1.0000,20.8350,1.2193,0.3704,16.6738,16.6532,15.4429,0.0010,-1.0000
16.6673,1.0000,20.8518,1.3943,0.3386,16.6526,16.6612,15.4575,0.0014,-1.0000
16.6670,1.0000,20.8684,1.1149,0.3652,16.6697,16.6584,15.0399,0.0012,-1.0000
16.6647,1.0000,20.8850,1.2933,0.4662,16.6766,16.6479,15.3063,0.0014,-1.0000
16.6709,1.0000,20.9018,1.2089,0.3681,16.6621,16.6769,15.5124,0.0010,-1.0000
16.6654,1.0000,20.9184,1.2019,0.5599,16.6697,16.6261,14.8522,0.0013,-1.0000
16.6660,1.0000,20.9349,1.6173,0.3542,16.6678,16.6546,15.4852,0.0012,-1.0000
16.6674,1.0000,20.9518,1.3400,0.3905,16.6556,16.6632,15.5378,0.0010,-1.0000
16.6668,1.0000,20.9684,1.1861,0.3846,16.7083,16.6557,15.1314,0.0011,-1.0000
16.6660,1.0000,20.9850,1.7724,0.3768,16.6355,16.6547,15.3472,0.0011,-1.0000
16.6662,1.0000,21.0017,1.1681,0.3982,16.6636,16.6580,15.4485,0.0014,-1.0000
16.6677,1.0000,21.0184,1.1239,0.5248,16.6729,16.6614,15.3828,0.0010,-1.0000
16.6664,1.0000,21.0349,1.5229,0.4225,16.6650,16.6514,15.3189,0.0015,-1.0000
16.6673,1.0000,21.0517,1.3061,0.3601,16.6637,16.6650,15.4453,0.0010,-1.0000
16.6668,1.0000,21.0684,1.2080,0.4486,16.6669,16.6556,15.2010,0.0012,-1.0000
16.6670,1.0000,21.0850,1.2773,0.4221,16.6701,16.6608,15.4413,0.0012,-1.0000
16.6675,1.0000,21.1017,1.3309,0.3749,16.6598,16.6586,15.3261,0.0012,-1.0000
16.6662,1.0000,21.1184,1.2185,0.4376,16.6740,16.6547,15.0295,0.0010,-1.0000
16.6659,1.0000,21.1349,1.4532,0.3723,16.6641,16.6514,15.3942,0.0014,-1.0000
16.6685,1.0000,21.1518,1.2184,0.3994,16.6706,16.6679,15.5856,0.0008,-1.0000
16.6661,1.0000,21.1684,1.3311,0.4688,16.6684,16.6531,14.9506,0.0013,-1.0000
16.6656,1.0000,21.1850,1.6238,0.3912,16.6639,16.6533,15.2326,0.0012,-1.0000
16.6688,1.0000,21.2018,1.2557,0.3453,16.6602,16.6669,15.4095,0.0013,-1.0000
16.6655,1.0000,21.2184,1.0813,0.4479,16.6773,16.6494,15.0513,0.0013,-1.0000
16.6649,1.0000,21.2349,1.7009,0.4508,16.6625,16.6519,15.3775,0.0011,-1.0000
16.6687,1.0000,21.2517,1.4194,0.4241,16.6631,16.6654,15.6023,0.0008,-1.0000
16.6662,1.0000,21.2684,1.2558,0.4043,16.6767,16.6554,15.3832,0.0013,-1.0000
16.6668,1.0000,21.2851,1.5969,0.3510,16.6591,16.6585,15.3890,0.0014,-1.0000
16.6672,1.0000,21.3019,1.2730,0.3281,16.6603,16.6584,15.2691,0.0014,-1.0000
16.6665,1.0000,21.3184,1.0621,0.3805,16.6736,16.6578,14.6802,0.0012,-1.0000
16.6663,1.0000,21.3349,1.2707,0.3754,16.6641,16.6551,15.3710,0.0011,-1.0000
16.6679,1.0000,21.3517,1.2684,0.3841,16.6677,16.6614,15.5624,0.0008,-1.0000
16.6660,1.0000,21.3685,1.3877,0.3915,16.6682,16.6527,15.0656,0.0012,-1.0000
16.6656,1.0000,21.3850,1.9766,0.3642,16.6669,16.6534,15.0983,0.0016,-1.0000
16.7604,1.0000,21.4021,1.2828,0.3680,16.6639,16.8280,15.4722,0.0012,-1.0000
16.6655,1.0000,21.4185,1.0981,0.6423,16.6714,16.4688,14.8388,0.0012,-1.0000
16.6662,1.0000,21.4356,1.5856,0.4160,16.6632,16.6565,15.3369,0.0013,-1.0000
16.6676,1.0000,21.4518,1.5537,0.4497,16.6628,16.6616,14.2928,0.0014,-1.0000
16.6648,1.0000,21.4684,1.3546,0.5373,16.9528,16.6481,15.4489,0.0011,-1.0000
16.6683,1.0000,21.4853,1.6288,0.3940,16.4776,16.6698,15.4724,0.0013,-1.0000
16.6666,1.0000,21.5018,1.3177,0.4921,16.6651,16.6498,15.1423,0.0012,-1.0000
16.6665,1.0000,21.5185,2.3671,0.3408,16.6710,16.6549,15.5119,0.0011,-1.0000
16.6676,1.0000,21.5351,1.1979,0.4367,16.6562,16.6763,15.4825,0.0014,-1.0000
16.6667,1.0000,21.5518,1.1962,0.4450,16.6807,16.6432,15.1955,0.0014,-1.0000
16.6655,1.0000,21.5685,1.5062,0.3518,16.6595,16.6535,15.4295,0.0012,-1.0000
16.6696,1.0000,21.5852,1.1418,0.4179,16.6635,16.6682,15.3814,0.0013,-1.0000
16.6664,1.0000,21.6018,1.1929,0.4116,16.6878,16.6462,14.9323,0.0011,-1.0000
16.6650,1.0000,21.6185,1.4462,0.3507,16.6529,16.6504,15.3392,0.0014,-1.0000
16.6687,1.0000,21.6350,1.2226,0.3980,16.6633,16.6656,15.3698,0.0010,-1.0000
16.6651,1.0000,21.6518,1.2854,0.3617,16.6802,16.6507,15.0534,0.0011,-1.0000
16.6654,1.0000,21.6684,1.7125,0.3904,16.6580,16.6503,15.4231,0.0013,-1.0000
16.6692,1.0000,21.6855,1.3098,0.3842,16.6593,16.6679,15.5201,0.0010,-1.0000
16.6665,1.0000,21.7018,1.2945,0.3568,16.6763,16.6592,14.9228,0.0012,-1.0000
16.6667,1.0000,21.7185,1.5960,0.4176,16.6594,16.6557,15.2790,0.0011,-1.0000
16.6672,1.0000,21.7350,1.2258,0.3599,16.6588,16.6626,15.3551,0.0012,-1.0000
16.6660,1.0000,21.7518,1.1463,0.3875,16.6761,16.6527,15.4407,0.0013,-1.0000
16.6673,1.0000,21.7685,1.7350,0.4262,16.6676,16.6616,15.3839,0.0010,-1.0000
16.6675,1.0000,21.7852,1.3753,0.3580,16.6650,16.6631,15.4613,0.0012,-1.0000
16.6668,1.0000,21.8020,1.3061,0.4105,16.6713,16.6515,15.0741,0.0013,-1.0000
16.6654,1.0000,21.8185,1.2103,0.3829,16.6619,16.6610,14.9262,0.0013,-1.0000
16.6677,1.0000,21.8351,1.2765,0.3571,16.6701,16.6495,15.2882,0.0016,-1.0000
16.6665,1.0000,21.8518,1.2004,0.4745,16.6746,16.6527,15.2585,0.0009,-1.0000
16.6664,1.0000,21.8685,1.5758,0.4627,16.6633,16.6584,15.3486,0.0013,-1.0000
16.6688,1.0000,21.8852,1.7335,0.4859,16.6710,16.6632,15.2689,0.0011,-1.0000
16.6660,1.0000,21.9018,1.3595,0.4475,16.6599,16.6500,15.2371,0.0015,-1.0000
16.6643,1.0000,21.9184,1.3931,0.3555,16.6631,16.6522,15.3928,0.0014,-1.0000
16.6693,1.0000,21.9350,1.3083,0.4318,16.6671,16.6639,15.4836,0.0011,-1.0000
16.6661,1.0000,21.9518,1.3928,0.4159,16.6739,16.6558,15.3286,0.0017,-1.0000
16.6658,1.0000,21.9685,1.4115,0.3627,16.6607,16.6579,15.3646,0.0012,-1.0000
16.6685,1.0000,21.9851,1.2580,0.3399,16.6617,16.6606,15.3990,0.0014,-1.0000
16.6655,1.0000,22.0018,1.1788,0.4202,16.6720,16.6533,15.3082,0.0016,-1.0000
16.6663,1.0000,22.0184,1.3254,0.4310,16.6647,16.6558,15.4240,0.0011,-1.0000
16.6670,1.0000,22.0350,1.2920,0.3827,16.6669,16.6626,15.4904,0.0010,-1.0000
16.6668,1.0000,22.0518,1.2599,0.4744,16.6702,16.6587,15.2140,0.0010,-1.0000
16.6668,1.0000,22.0684,1.3432,0.3431,16.6625,16.6554,15.3928,0.0014,-1.0000
16.6692,1.0000,22.0856,1.2306,0.3796,16.6641,16.7412,15.4534,0.0011,-1.0000
16.6623,1.0000,22.1018,1.1710,0.4269,16.6713,16.5647,14.7475,0.0015,-1.0000
16.6677,1.0000,22.1184,1.4438,0.3983,16.6693,16.6642,15.5544,0.0009,-1.0000
16.6696,1.0000,22.1351,1.2609,0.3554,16.6636,16.6650,15.3920,0.0009,-1.0000
16.6645,1.0000,22.1518,1.2866,0.3920,16.7521,16.6502,15.4103,0.0012,-1.0000
16.6696,1.0000,22.1685,1.8159,0.3311,16.5727,16.6732,15.3872,0.0013,-1.0000
16.6650,1.0000,22.1851,1.1088,0.3609,16.6715,16.6467,15.1381,0.0010,-1.0000
16.6666,1.0000,22.2018,1.2719,0.3327,16.6736,16.6583,15.4230,0.0010,-1.0000
16.6688,1.0000,22.2185,1.2386,0.4043,16.6579,16.6791,15.4360,0.0010,-1.0000
16.6654,1.0000,22.2350,1.2849,0.3969,16.6829,16.6376,15.0131,0.0012,-1.0000
16.6665,1.0000,22.2518,1.5074,0.3485,16.6558,16.6549,15.5347,0.0010,-1.0000
16.6670,1.0000,22.2700,1.2341,0.3633,16.6670,16.6674,15.4147,0.0010,-1.0000
16.6663,1.0000,22.2864,1.2419,0.3268,16.6887,16.6479,13.6347,0.0019,-1.0000
16.6657,1.0000,22.3018,1.6230,0.3704,16.6476,16.6509,14.1300,0.0011,-1.0000
16.6680,1.0000,22.3186,1.1191,0.3423,16.6638,16.6656,15.4760,0.0012,-1.0000
16.6675,1.0000,22.3350,1.2514,1.2684,16.6779,16.6586,15.1442,0.0012,-1.0000
16.6660,1.0000,22.3518,3.0115,0.3464,16.6577,16.6560,15.3750,0.0011,-1.0000
16.6683,1.0000,22.3730,2.5193,0.3755,16.6592,16.6623,15.4082,0.0012,-1.0000
16.6656,1.0000,22.3852,1.1884,0.4768,16.6741,16.6511,10.5588,0.0030,-1.0000
16.6666,1.0000,22.4018,1.5128,0.4549,16.6675,16.6567,15.3484,0.0012,-1.0000
16.6679,1.0000,22.4186,1.2797,0.3860,16.6660,16.6640,15.4616,0.0012,-1.0000
16.6660,1.0000,22.4351,1.2525,0.5390,16.6728,16.6531,14.9620,0.0012,-1.0000
16.6649,1.0000,22.4518,6.0896,0.4352,16.6607,16.6481,15.3606,0.0010,-1.0000
16.6688,1.0000,22.4686,1.3069,0.4083,16.6659,16.6668,15.3294,0.0009,-1.0000
16.6665,1.0000,22.4852,1.2011,0.5632,16.6746,16.6577,15.0156,0.0012,-1.0000
16.6662,1.0000,22.5018,1.6898,0.4837,16.6635,16.6555,15.2460,0.0012,-1.0000
16.6673,1.0000,22.5186,1.2867,0.3941,16.6572,16.6618,15.3772,0.0013,-1.0000
16.6671,1.0000,22.5350,1.3362,0.8720,16.6748,16.6546,14.0891,0.0011,-1.0000
16.6650,1.0000,22.5518,1.6404,0.4402,16.6663,16.6513,15.4465,0.0013,-1.0000
16.6696,1.0000,22.5686,1.4083,0.4783,16.6642,16.6704,15.4626,0.0012,-1.0000
16.6658,1.0000,22.5852,1.2832,0.3806,16.6717,16.6499,15.0447,0.0016,-1.0000
16.6656,1.0000,22.6018,2.5645,0.3829,16.6639,16.6574,15.3617,0.0011,-1.0000
16.6683,1.0000,22.6186,1.2033,0.3405,16.6596,16.6652,15.3795,0.0010,-1.0000
16.6663,1.0000,22.6351,1.2064,0.4833,16.6802,16.6519,15.1625,0.0014,-1.0000
16.6661,1.0000,22.6518,1.6034,0.4389,16.6590,16.6546,15.3831,0.0011,-1.0000
16.6676,1.0000,22.6685,1.2945,0.3838,16.6665,16.6678,15.4182,0.0014,-1.0000
16.6658,1.0000,22.6851,1.2845,0.3408,16.6750,16.6443,15.2396,0.0012,-1.0000
16.6671,1.0000,22.7018,1.4877,0.4161,16.6614,16.6609,15.3992,0.0012,-1.0000
16.6676,1.0000,22.7185,1.2701,0.3745,16.6638,16.6597,15.3470,0.0016,-1.0000
16.6655,1.0000,22.7350,1.2479,0.4394,16.6774,16.6539,15.3473,0.0014,-1.0000
16.6663,1.0000,22.7526,1.4034,0.3860,16.6543,16.6562,15.5161,0.0012,-1.0000
16.6668,1.0000,22.7688,1.2604,0.3512,16.6707,16.6606,14.4339,0.0013,-1.0000
16.6674,1.0000,22.7851,1.3109,0.3539,16.6683,16.6574,14.6257,0.0011,-1.0000
16.6644,1.0000,22.8018,1.3050,0.3974,16.6630,16.6501,15.3871,0.0013,-1.0000
16.6685,1.0000,22.8187,1.1383,0.4872,16.6647,16.6661,15.4890,0.0011,-1.0000
16.6668,1.0000,22.8350,2.2252,0.4308,16.6686,16.6558,15.0106,0.0011,-1.0000
16.6667,1.0000,22.8518,2.0307,0.3704,16.6683,16.6593,15.4928,0.0011,-1.0000
16.6691,1.0000,22.8686,1.2619,0.3599,16.6584,16.6596,15.3065,0.0015,-1.0000
16.6650,1.0000,22.8851,1.1759,0.4269,16.6738,16.6544,15.1081,0.0012,-1.0000
16.6642,1.0000,22.9018,1.6441,0.3952,16.6648,16.6491,15.4013,0.0011,-1.0000
16.6696,1.0000,22.9185,1.1652,0.3862,16.6687,16.6714,15.4403,0.0010,-1.0000
16.6666,1.0000,22.9351,1.3511,0.5629,16.6683,16.6581,15.0040,0.0012,-1.0000
16.6671,1.0000,22.9519,1.5450,0.4406,16.6636,16.6638,15.3982,0.0012,-1.0000
16.6676,1.0000,22.9685,1.2466,0.4041,16.6572,16.6527,15.1046,0.0011,-1.0000
16.6644,1.0000,22.9851,1.2301,0.4712,16.6787,16.6482,15.2770,0.0012,-1.0000
16.6683,1.0000,23.0018,1.6530,0.3913,16.6674,16.6620,15.4846,0.0012,-1.0000
16.6668,1.0000,23.0185,1.2643,0.4599,16.6741,16.6709,15.1708,0.0011,-1.0000
16.6641,1.0000,23.0350,1.5467,0.3612,16.6635,16.6388,15.3989,0.0012,-1.0000
16.6693,1.0000,23.0518,1.3699,0.3254,16.6570,16.6706,15.4701,0.0010,-1.0000
16.6667,1.0000,23.0685,1.1762,0.4471,16.6709,16.6529,15.3300,0.0012,-1.0000
16.6651,1.0000,23.0851,1.4991,0.3389,16.6796,16.6509,15.3994,0.0013,-1.0000
16.6685,1.0000,23.1019,1.2387,0.3192,16.6461,16.6690,15.4031,0.0013,-1.0000
16.6666,1.0000,23.1197,1.1995,0.3913,16.6795,16.6541,15.1886,0.0012,-1.0000
16.6664,1.0000,23.1350,1.3217,0.3620,16.6630,16.6543,14.1648,0.0012,-1.0000
16.6672,1.0000,23.1519,1.2499,0.3583,16.6597,16.6646,15.5141,0.0010,-1.0000
16.6661,1.0000,23.1685,1.2643,0.4728,16.6780,16.6516,15.0860,0.0011,-1.0000
16.6669,1.0000,23.1851,1.4639,0.4651,16.6634,16.6569,15.2989,0.0015,-1.0000
16.6696,1.0000,23.2020,2.4880,0.4606,16.6637,16.6666,15.3299,0.0010,-1.0000
16.6646,1.0000,23.2190,1.1492,0.5227,16.6742,16.6528,14.9523,0.0012,-1.0000
16.6651,1.0000,23.2351,1.5644,0.4454,16.6599,16.6498,14.7672,0.0014,-1.0000
16.6693,1.0000,23.2519,1.3565,0.4222,16.6660,16.6648,15.3727,0.0010,-1.0000
16.6650,1.0000,23.2685,1.3356,0.4820,16.6767,16.6507,15.2224,0.0014,-1.0000
16.6673,1.0000,23.2852,1.6988,0.3868,16.6629,16.6624,15.4099,0.0013,-1.0000
16.6683,1.0000,23.3018,1.8810,0.3802,16.6596,16.6568,15.1885,0.0012,-1.0000
16.6654,1.0000,23.3186,1.2907,0.4873,16.6754,16.6559,15.3459,0.0013,-1.0000
16.6648,1.0000,23.3350,1.4271,0.4016,16.6601,16.6456,15.2830,0.0010,-1.0000
16.6691,1.0000,23.3518,1.2513,0.3753,16.6722,16.6691,15.5715,0.0011,-1.0000
16.6663,1.0000,23.3685,1.4668,0.3889,16.6660,16.6559,15.3043,0.0013,-1.0000
16.6662,1.0000,23.3852,1.3085,0.3502,16.6675,16.6589,15.3408,0.0012,-1.0000
16.6676,1.0000,23.4019,1.3614,0.3436,16.6535,16.6604,15.2753,0.0011,-1.0000
16.6654,1.0000,23.4185,1.0963,0.4327,16.6771,16.6509,14.6597,0.0013,-1.0000
16.6676,1.0000,23.4351,1.3502,0.3405,16.6646,16.6609,15.4203,0.0011,-1.0000
16.6685,1.0000,23.4518,1.3165,0.3917,16.6675,16.6684,15.3118,0.0011,-1.0000
16.6677,1.0000,23.4685,1.3836,0.4239,16.6706,16.6461,14.9742,0.0011,-1.0000
16.6627,1.0000,23.4851,1.9898,0.4012,16.6595,16.6543,15.4516,0.0011,-1.0000
16.6700,1.0000,23.5024,1.2394,0.4553,16.6694,16.6675,14.8712,0.0013,-1.0000
16.6636,1.0000,23.5184,1.3552,0.4447,16.6790,16.6438,14.7447,0.0014,-1.0000
16.6688,1.0000,23.5350,1.6703,0.3348,16.6554,16.6651,15.4511,0.0009,-1.0000
16.6676,1.0000,23.5518,1.2013,0.3546,16.6628,16.6645,15.2307,0.0012,-1.0000
16.6649,1.0000,23.5685,1.7948,0.4251,16.6775,16.6506,15.4794,0.0012,-1.0000
16.6668,1.0000,23.5853,1.8977,0.3920,16.6519,16.6575,15.2903,0.0012,-1.0000
16.6679,1.0000,23.6018,1.2130,0.5475,16.6724,16.6566,15.1758,0.0012,-1.0000
16.6668,1.0000,23.6185,1.4323,0.3856,16.6741,16.6591,15.3769,0.0012,-1.0000
16.6679,1.0000,23.6351,1.1700,0.4296,16.6608,16.6624,15.2994,0.0012,-1.0000
16.6653,1.0000,23.6519,1.3661,0.3836,16.6692,16.6501,15.3437,0.0010,-1.0000
16.6666,1.0000,23.6685,1.4794,0.3735,16.6658,16.6542,15.3972,0.0011,-1.0000
16.6651,1.0000,23.6852,1.2804,0.4327,16.6685,16.6562,15.3692,0.0012,-1.0000
16.6686,1.0000,23.7018,1.3613,0.4562,16.6738,16.6589,15.2951,0.0011,-1.0000
16.6655,1.0000,23.7184,1.3053,0.3543,16.6601,16.6526,15.4712,0.0014,-1.0000
16.6687,1.0000,23.7350,1.2554,0.3844,16.6627,16.6682,15.4901,0.0010,-1.0000
16.6661,1.0000,23.7518,1.2859,0.3662,16.6655,16.6567,15.3841,0.0011,-1.0000
16.6658,1.0000,23.7685,1.3629,0.3402,16.6677,16.6516,15.4352,0.0013,-1.0000
16.6685,1.0000,23.7852,1.1800,0.3107,16.6599,16.6655,15.4264,0.0013,-1.0000
16.6655,1.0000,23.8018,1.1768,0.3725,16.6771,16.6545,15.3338,0.0011,-1.0000
16.6666,1.0000,23.8184,1.2713,0.3357,16.6670,16.6556,15.3948,0.0011,-1.0000
16.6678,1.0000,23.8350,1.2148,0.3615,16.6607,16.6632,15.5172,0.0010,-1.0000
16.6678,1.0000,23.8518,1.2375,0.3389,16.6745,16.6585,14.7623,0.0013,-1.0000
16.6662,1.0000,23.8690,1.3195,0.3550,16.6628,16.6603,15.3586,0.0012,-1.0000
16.6662,1.0000,23.8851,1.2596,0.3754,16.6640,16.6520,14.7162,0.0015,-1.0000
16.6669,1.0000,23.9018,1.1450,0.4653,16.6725,16.6597,15.3842,0.0012,-1.0000
16.6666,1.0000,23.9185,1.8950,0.3803,16.6682,16.6492,14.8294,0.0011,-1.0000
16.6673,1.0000,23.9351,1.3001,0.4358,16.6702,16.6589,15.3925,0.0010,-1.0000
16.6664,1.0000,23.9519,1.9341,0.4251,16.6617,16.6569,15.3025,0.0013,-1.0000
16.6678,1.0000,23.9686,1.2742,0.4479,16.6727,16.7175,15.1541,0.0013,-1.0000
16.6671,1.0000,23.9858,1.8187,0.4074,16.6584,17.3049,15.1252,0.0017,-1.0000
16.6656,1.0000,24.0019,1.2650,0.3821,16.6684,16.0120,14.6840,0.0014,-1.0000
16.6672,1.0000,24.0187,1.3529,0.4303,16.6653,16.7033,15.2328,0.0011,-1.0000
16.6657,1.0000,24.0351,1.5620,0.4445,16.7280,16.6151,15.1749,0.0011,-1.0000
16.6680,1.0000,24.0521,2.1779,0.3697,17.3151,16.8396,15.3739,0.0012,-1.0000
16.6673,1.0000,24.0686,1.3266,0.4437,16.0210,16.5291,15.1217,0.0011,-1.0000
16.6646,1.0000,24.0852,1.4697,0.3701,16.7125,16.5506,15.2512,0.0013,-1.0000
16.6685,1.0000,24.1020,1.4390,0.3783,16.6242,16.6703,15.3681,0.0013,-1.0000
16.6664,1.0000,24.1191,1.4646,0.3266,16.8486,16.6727,15.1497,0.0014,-1.0000
16.6671,1.0000,24.1351,1.4059,0.3746,16.5373,16.6398,14.5342,0.0015,-1.0000
16.6668,1.0000,24.1518,1.2979,0.3748,16.5595,16.6533,15.4260,0.0014,-1.0000
16.6671,1.0000,24.1685,1.3007,0.3447,16.6808,16.6606,15.2839,0.0013,-1.0000
16.6671,1.0000,24.1852,1.5215,0.4656,16.6853,16.7164,15.2598,0.0012,-1.0000
16.6648,1.0000,24.2019,2.1041,0.3960,16.6507,16.5930,15.2546,0.0013,-1.0000
16.6685,1.0000,24.2185,1.2261,0.4276,16.6635,16.6564,15.0616,0.0014,-1.0000
16.6651,1.0000,24.2351,1.3748,0.4623,16.6694,16.6477,15.4118,0.0014,-1.0000
16.6676,1.0000,24.2521,1.4555,0.3595,16.7262,16.6637,15.4826,0.0012,-1.0000
16.6675,1.0000,24.2685,1.3369,0.4130,16.6024,16.6675,15.0756,0.0013,-1.0000
16.6707,1.0000,24.2851,1.5932,0.3992,16.6684,16.6504,15.3300,0.0010,-1.0000
16.6667,1.0000,24.3018,1.2343,0.3700,16.6578,16.6558,15.3073,0.0013,-1.0000
16.6671,1.0000,24.3185,1.1793,0.4147,16.6728,16.6608,15.4299,0.0015,-1.0000
16.6670,1.0000,24.3351,1.5900,0.4508,16.6775,16.6555,15.3792,0.0011,-1.0000
16.6667,1.0000,24.3519,1.3193,0.4508,16.6607,16.6614,15.4421,0.0012,-1.0000
16.6674,1.0000,24.3685,1.3472,0.4547,16.6645,16.6601,15.3327,0.0012,-1.0000
16.6658,1.0000,24.3852,1.2292,0.4143,16.6699,16.6536,15.2442,0.0012,-1.0000
16.6660,1.0000,24.4019,1.2749,0.4241,16.6643,16.6579,15.3822,0.0013,-1.0000
16.6684,1.0000,24.4185,1.2180,0.3783,16.6713,16.6543,15.3212,0.0012,-1.0000
16.6655,1.0000,24.4351,1.3260,0.4263,16.6690,16.6501,15.0994,0.0013,-1.0000
16.6671,1.0000,24.4518,1.4081,0.3723,16.6635,16.6607,15.4306,0.0013,-1.0000
16.6672,1.0000,24.4686,1.2742,0.3459,16.6681,16.7226,14.0839,0.0012,-1.0000
16.6662,1.0000,24.4851,1.3322,0.6829,16.6652,16.5908,15.1830,0.0012,-1.0000
16.6658,1.0000,24.5023,1.5494,0.3569,16.6587,16.6598,15.4150,0.0013,-1.0000
16.6679,1.0000,24.5185,1.2287,0.4332,16.6694,16.7116,14.2779,0.0310,-1.0000
16.6655,1.0000,24.5351,2.6374,0.3894,16.7317,16.5985,15.3344,0.0014,-1.0000
16.6683,1.0000,24.5519,1.4064,0.3913,16.6004,16.6749,15.3279,0.0009,-1.0000
16.6673,1.0000,24.5685,1.2434,0.3441,16.6677,16.7057,15.2646,0.0013,-1.0000
16.6652,1.0000,24.5852,2.4026,0.3279,16.7200,16.6027,15.2478,0.0012,-1.0000
16.6685,1.0000,24.6019,1.2628,0.4000,16.6074,16.6726,15.3578,0.0012,-1.0000
16.6664,1.0000,24.6188,1.3461,0.3923,16.6837,16.6441,15.2481,0.0015,-1.0000
16.6657,1.0000,24.6351,1.4393,0.4157,16.7146,16.6981,14.9877,0.0009,-1.0000
16.6676,1.0000,24.6520,1.3537,0.3731,16.6124,16.6703,15.4293,0.0009,-1.0000
16.6671,1.0000,24.6685,1.3133,0.4209,16.6828,16.6645,15.1021,0.0014,-1.0000
16.6656,1.0000,24.6852,1.3946,0.4932,16.6539,16.6506,15.3029,0.0012,-1.0000
16.6671,1.0000,24.7020,1.7093,0.4123,16.7070,16.7112,15.1629,0.0012,-1.0000
16.6670,1.0000,24.7186,1.2399,0.3894,16.6813,16.5864,14.7854,0.0015,-1.0000
16.6664,1.0000,24.7351,1.5614,0.4474,16.6743,16.6490,15.2243,0.0012,-1.0000
16.9348,1.0000,24.7525,1.3464,0.4280,16.6606,17.1532,15.7661,0.0012,-1.0000
16.6663,1.0000,24.7689,1.5471,0.4726,16.7196,16.4498,14.1868,0.0014,-1.0000
16.6643,1.0000,24.7855,1.7996,0.4352,16.5954,16.6406,15.2108,0.0011,-1.0000
16.6705,1.0000,24.8022,1.4234,0.4806,16.6581,16.7208,15.3625,0.0011,-1.0000
16.6662,1.0000,24.8188,1.3860,0.4198,17.1655,16.5639,15.1830,0.0014,-1.0000
16.6662,1.0000,24.8354,2.2619,0.4130,16.4602,16.7021,15.3060,0.0011,-1.0000
16.6671,1.0000,24.8523,1.4286,0.3272,16.6489,16.6576,15.4962,0.0013,-1.0000
16.6666,1.0000,24.8688,1.3572,0.4171,16.7299,16.6350,14.7511,0.0014,-1.0000
16.6650,1.0000,24.8855,1.3792,0.3465,16.5750,16.6799,15.3804,0.0012,-1.0000
16.6695,1.0000,24.9021,1.3951,0.4262,16.7118,16.6675,15.3903,0.0011,-1.0000
16.6662,1.0000,24.9188,1.1601,0.4052,16.6667,16.6304,14.9233,0.0011,-1.0000
16.6664,1.0000,24.9354,1.8824,0.3522,16.6453,16.6812,15.4018,0.0012,-1.0000
16.6676,1.0000,24.9525,1.2982,0.3536,16.6898,16.8333,15.3478,0.0013,-1.0000
16.6656,1.0000,24.9688,1.2759,0.4372,16.6781,16.4537,14.6394,0.0012,-1.0000
16.6650,1.0000,24.9855,1.7059,0.3535,16.6397,16.6423,15.4248,0.0011,-1.0000
16.6761,1.0000,25.0025,1.2783,0.3614,16.6925,16.8399,15.2926,0.0012,-1.0000
16.6666,1.0000,25.0188,1.4840,0.3538,16.8425,16.4841,14.7156,0.0013,-1.0000
16.6656,1.0000,25.0354,1.8131,0.3464,16.4631,16.6811,15.3966,0.0014,-1.0000
16.6688,1.0000,25.0522,1.2163,0.4154,16.6510,16.6494,15.3021,0.0009,-1.0000
16.6650,1.0000,25.0688,1.5461,0.8163,16.8498,16.6107,15.1584,0.0013,-1.0000
16.6665,1.0000,25.0854,1.7671,0.3959,16.4942,16.6536,15.3878,0.0012,-1.0000
16.6698,1.0000,25.1023,1.2828,0.3897,16.6913,16.6824,15.4831,0.0009,-1.0000
16.6637,1.0000,25.1187,1.3462,0.4744,16.6595,16.6259,15.1620,0.0014,-1.0000
16.6678,1.0000,25.1354,1.4508,0.3772,16.6202,16.6908,15.4098,0.0012,-1.0000
16.6682,1.0000,25.1521,1.2643,0.3715,16.6620,16.6319,15.2019,0.0012,-1.0000
16.6659,1.0000,25.1688,1.1983,0.3911,16.6935,16.6906,15.3510,0.0012,-1.0000
16.6883,1.0000,25.1857,1.4626,0.3611,16.6349,16.8136,15.4558,0.0011,-1.0000
16.6687,1.0000,25.2022,1.2798,0.3587,16.7025,16.5669,15.0549,0.0014,-1.0000
16.6660,1.0000,25.2189,1.4284,0.4383,16.6414,16.6398,15.3246,0.0013,-1.0000
16.6681,1.0000,25.2355,1.3380,0.3277,16.6994,16.6775,15.3314,0.0013,-1.0000
16.6660,1.0000,25.2522,1.3566,0.3908,16.8245,16.6662,15.2622,0.0010,-1.0000
16.6655,1.0000,25.2688,1.5103,0.3417,16.5757,16.5894,15.2686,0.0013,-1.0000
16.6694,1.0000,25.2855,1.3133,0.3967,16.6486,16.6824,15.3933,0.0011,-1.0000
16.6657,1.0000,25.3022,1.3449,0.4116,16.6881,16.7096,15.3164,0.0012,-1.0000
16.6642,1.0000,25.3188,1.4031,0.3530,16.6764,16.5563,15.3503,0.0011,-1.0000
16.6734,1.0000,25.3357,1.3194,0.3482,16.5982,16.6892,15.4614,0.0015,-1.0000
16.6630,1.0000,25.3522,1.2879,0.3951,16.6908,16.6350,14.8943,0.0015,-1.0000
16.6658,1.0000,25.3688,1.3921,0.3863,16.7191,16.6513,15.2017,0.0014,-1.0000
16.6698,1.0000,25.3856,1.2047,0.3773,16.5645,16.6795,15.2500,0.0011,-1.0000
16.6646,1.0000,25.4021,1.2259,0.6479,16.7015,16.6324,14.9401,0.0014,-1.0000
16.6663,1.0000,25.4189,1.7395,0.4518,16.6456,16.7043,15.2829,0.0014,-1.0000
16.6688,1.0000,25.4354,1.4481,0.4115,16.6608,16.6125,15.2684,0.0012,-1.0000
16.6654,1.0000,25.4522,1.4284,0.6165,16.6910,16.6483,15.4539,0.0013,-1.0000
16.6665,1.0000,25.4688,1.6909,0.4080,16.6432,16.6659,15.4168,0.0013,-1.0000
16.6681,1.0000,25.4856,1.4207,0.4183,16.7144,16.6585,15.3898,0.0013,-1.0000
16.6653,1.0000,25.5021,1.3426,0.3755,16.6231,16.6494,15.1729,0.0014,-1.0000
16.6665,1.0000,25.5188,1.1928,0.3885,16.6591,16.6512,15.4634,0.0013,-1.0000
16.6688,1.0000,25.5354,1.2476,0.4110,16.6765,16.6714,15.4559,0.0015,-1.0000
16.6666,1.0000,25.5522,1.2672,0.3850,16.6692,16.6563,15.2787,0.0011,-1.0000
16.6654,1.0000,25.5688,1.4750,0.3756,16.6591,16.6516,15.4052,0.0012,-1.0000
16.6672,1.0000,25.5855,1.1865,0.3359,16.6600,16.6524,15.3278,0.0012,-1.0000
16.6671,1.0000,25.6021,1.2137,0.3755,16.6803,16.6570,15.3088,0.0010,-1.0000
16.6659,1.0000,25.6188,1.3764,0.3504,16.6688,16.6552,15.3330,0.0012,-1.0000
16.6681,1.0000,25.6354,1.2451,0.3811,16.6630,16.6619,15.4235,0.0011,-1.0000
16.6654,1.0000,25.6521,1.3232,0.4263,16.6612,16.6531,15.4559,0.0011,-1.0000
16.6668,1.0000,25.6689,1.3470,0.3605,16.6667,16.6580,15.3471,0.0013,-1.0000
16.6675,1.0000,25.6855,1.3210,0.3195,16.6634,16.6642,14.7624,0.0012,-1.0000
16.6661,1.0000,25.7023,1.2372,0.3455,16.6708,16.6989,15.3541,0.0013,-1.0000
16.6667,1.0000,25.7188,1.1961,0.3352,16.6624,16.6109,15.2763,0.0012,-1.0000
16.6693,1.0000,25.7355,1.3096,0.4918,16.6674,16.6786,15.1555,0.0010,-1.0000
16.6625,1.0000,25.7522,1.9005,0.4626,16.6738,16.6817,15.1359,0.0012,-1.0000
16.6681,1.0000,25.7689,1.3435,0.3667,16.7080,16.6160,15.3321,0.0011,-1.0000
16.6677,1.0000,25.7855,1.3333,0.4980,16.6200,16.6679,15.1485,0.0014,-1.0000
16.6653,1.0000,25.8022,1.5221,0.4441,16.6885,16.6876,15.3858,0.0010,-1.0000
16.6688,1.0000,25.8188,1.5444,0.3898,16.6906,16.6285,15.3771,0.0013,-1.0000
16.6658,1.0000,25.8354,1.2827,0.3383,16.6242,16.6453,15.2577,0.0011,-1.0000
16.6667,1.0000,25.8521,1.5179,0.3117,16.6758,16.6541,15.4926,0.0010,-1.0000
16.6673,1.0000,25.8691,1.3009,0.3941,16.6955,16.7032,15.4178,0.0013,-1.0000
16.6674,1.0000,25.8855,1.2502,0.3860,16.6385,16.6729,14.7376,0.0013,-1.0000
16.6672,1.0000,25.9022,1.3862,0.3547,16.6548,16.6583,15.3976,0.0012,-1.0000
16.6667,1.0000,25.9193,1.1602,0.3583,16.6629,16.6694,15.3906,0.0013,-1.0000
16.6707,1.0000,25.9355,1.2838,0.3375,16.7122,16.6804,14.8040,0.0013,-1.0000
16.6661,1.0000,25.9522,1.9339,0.3771,16.6825,16.6050,15.4141,0.0013,-1.0000
16.6670,1.0000,25.9689,1.2591,0.3201,16.6688,16.6590,15.3144,0.0011,-1.0000
16.6663,1.0000,25.9856,1.2774,0.4002,16.6800,16.7543,15.2693,0.0010,-1.0000
16.6664,1.0000,26.0023,1.8748,0.3386,16.6897,16.5597,15.3316,0.0011,-1.0000
16.6688,1.0000,26.0191,1.1898,0.3718,16.6144,16.7040,15.3565,0.0012,-1.0000
16.6655,1.0000,26.0355,1.3435,0.3700,16.6680,16.6604,14.7972,0.0015,-1.0000
16.6664,1.0000,26.0522,1.4838,0.3843,16.7638,16.5648,15.3750,0.0015,-1.0000
16.6690,1.0000,26.0690,1.2273,0.3682,16.5690,16.7509,15.2206,0.0013,-1.0000
16.6651,1.0000,26.0856,1.3464,0.9712,16.7147,16.6457,14.9273,0.0016,-1.0000
16.6640,1.0000,26.1021,1.8615,0.3792,16.6700,16.5989,15.2683,0.0012,-1.0000
16.6704,1.0000,26.1189,1.1882,0.4531,16.5731,16.7060,15.4996,0.0009,-1.0000
16.6661,1.0000,26.1354,1.5285,0.5245,16.7612,16.6431,15.1897,0.0015,-1.0000
16.6651,1.0000,26.1522,1.7171,0.3800,16.6565,16.6449,15.4083,0.0010,-1.0000
16.6694,1.0000,26.1690,1.3294,0.3524,16.6075,16.6985,15.3610,0.0013,-1.0000
16.6652,1.0000,26.1856,1.2052,0.3626,16.7144,16.6613,15.1796,0.0013,-1.0000
16.6644,1.0000,26.2021,1.4522,0.3218,16.6535,16.5945,15.2324,0.0012,-1.0000
16.6725,1.0000,26.2190,1.2353,0.3434,16.6535,16.7236,15.3940,0.0015,-1.0000
16.6629,1.0000,26.2355,1.3361,0.3871,16.7084,16.7501,14.9881,0.0015,-1.0000
16.6675,1.0000,26.2522,1.4804,0.3322,16.6716,16.5003,15.3827,0.0011,-1.0000
16.6670,1.0000,26.2689,1.3608,0.3301,16.6032,16.6780,15.4293,0.0012,-1.0000
16.6640,1.0000,26.2855,1.3276,0.3785,16.7352,16.6328,15.2168,0.0015,-1.0000
16.6694,1.0000,26.3022,1.7606,0.4020,16.7601,16.6421,15.4694,0.0013,-1.0000
16.6685,1.0000,26.3189,1.1161,0.4033,16.5088,16.6616,15.3459,0.0011,-1.0000
16.6644,1.0000,26.3356,1.2472,0.3360,16.6864,16.6435,15.0408,0.0013,-1.0000
16.6658,1.0000,26.3521,1.4144,0.3994,16.6406,16.6542,15.1973,0.0014,-1.0000
16.6698,1.0000,26.3688,1.1713,0.4322,16.6512,16.6651,15.3800,0.0011,-1.0000
16.6649,1.0000,26.3855,1.3143,0.4202,16.6742,16.6459,15.2375,0.0011,-1.0000
16.6650,1.0000,26.4021,1.6012,0.3961,16.6534,16.6784,15.2426,0.0012,-1.0000
16.6702,1.0000,26.4189,1.4556,0.4747,16.6642,16.6426,15.3858,0.0014,-1.0000
16.6667,1.0000,26.4354,1.2836,0.4800,16.6754,16.6627,15.1749,0.0012,-1.0000
16.6658,1.0000,26.4521,1.4071,0.4630,16.6565,16.6307,15.3575,0.0010,-1.0000
16.6675,1.0000,26.4688,1.4343,0.3635,16.6866,16.6611,15.3611,0.0011,-1.0000
16.6673,1.0000,26.4855,1.2552,0.4388,16.6513,16.6583,15.0643,0.0009,-1.0000
16.6661,1.0000,26.5022,1.4866,0.4397,16.6724,16.6633,15.4053,0.0011,-1.0000
16.6696,1.0000,26.5189,1.2720,0.4580,16.6390,16.6601,15.3569,0.0013,-1.0000
16.6644,1.0000,26.5353,1.2988,0.4555,16.6700,16.6478,15.2308,0.0011,-1.0000
16.6654,1.0000,26.5521,1.5925,0.3643,16.6672,16.6531,15.4948,0.0011,-1.0000
16.6679,1.0000,26.5688,1.2568,0.3992,16.6734,16.6644,15.5092,0.0011,-1.0000
16.6667,1.0000,26.5855,1.3014,0.4207,16.6697,16.6570,15.2992,0.0012,-1.0000
16.6666,1.0000,26.6021,1.4155,0.3264,16.6571,16.6562,15.3988,0.0013,-1.0000
16.6677,1.0000,26.6188,1.1567,0.4079,16.6617,16.6606,15.4353,0.0011,-1.0000
16.6660,1.0000,26.6353,1.1539,0.4021,16.6725,16.6548,15.2927,0.0011,-1.0000
16.6661,1.0000,26.6521,1.3566,0.3831,16.6661,16.6546,15.5809,0.0012,-1.0000
16.6713,1.0000,26.6692,1.2560,0.3652,16.6652,16.6728,15.4313,0.0013,-1.0000
16.6625,1.0000,26.6854,1.2239,0.3795,16.6707,16.6404,14.9908,0.0013,-1.0000
16.6670,1.0000,26.7035,1.3610,0.3389,16.6638,16.6613,15.4950,0.0012,-1.0000
16.6689,1.0000,26.7189,1.0726,0.3362,16.6637,16.6617,13.9143,0.0013,-1.0000
16.6644,1.0000,26.7353,1.2397,0.3384,16.6840,16.6315,15.0699,0.0010,-1.0000
16.6660,1.0000,26.7521,1.6481,0.3780,16.6510,16.6582,15.4033,0.0012,-1.0000
16.6684,1.0000,26.7689,1.1650,0.5111,16.6707,16.6665,15.3263,0.0009,-1.0000
16.6671,1.0000,26.7858,2.7463,0.5157,16.6884,16.6581,14.7555,0.0015,-1.0000
16.6656,1.0000,26.8021,1.5605,0.3957,16.6394,16.6499,14.9471,0.0014,-1.0000
16.6676,1.0000,26.8188,1.2538,0.4023,16.6659,16.6632,15.1358,0.0014,-1.0000
16.6642,1.0000,26.8353,1.3391,0.4196,16.6750,16.6450,15.2514,0.0012,-1.0000
16.8177,1.0000,26.8527,1.9009,0.4026,16.6687,16.8210,15.6010,0.0012,-1.0000
16.6371,1.0000,26.8690,1.7018,0.5011,16.6594,16.4895,14.8103,0.0014,-1.0000
16.6639,1.0000,26.8856,1.5258,0.5107,16.6731,16.6399,15.2970,0.0012,-1.0000
16.6667,1.0000,26.9024,1.3924,0.4358,16.6534,16.6682,15.4342,0.0012,-1.0000
16.6677,1.0000,26.9189,1.2185,0.4468,16.9454,16.6188,15.1589,0.0011,-1.0000
16.6664,1.0000,26.9355,1.6784,0.4742,16.5247,16.6553,15.4893,0.0013,-1.0000
16.6683,1.0000,26.9526,1.3414,0.3646,16.6491,16.6665,15.4968,0.0010,-1.0000
16.6662,1.0000,26.9691,1.2327,0.4130,16.6758,16.6514,14.9125,0.0011,-1.0000
16.6645,1.0000,26.9855,1.4586,0.4056,16.6662,16.6493,15.2678,0.0012,-1.0000
16.6686,1.0000,27.0023,1.1646,0.3398,16.6634,16.6702,15.4295,0.0009,-1.0000
16.6666,1.0000,27.0189,1.1683,0.4041,16.6764,16.6521,15.3792,0.0013,-1.0000
16.6671,1.0000,27.0355,1.7373,0.4040,16.6609,16.6586,15.4065,0.0013,-1.0000
16.6670,1.0000,27.0524,1.3802,0.3019,16.6569,16.6602,15.5579,0.0011,-1.0000
16.6665,1.0000,27.0689,1.2400,0.3689,16.6795,16.6536,15.0333,0.0010,-1.0000
16.6660,1.0000,27.0855,1.2713,0.3538,16.6618,16.6540,15.3642,0.0013,-1.0000
16.6672,1.0000,27.1023,1.2509,0.3179,16.6677,16.6626,15.4915,0.0014,-1.0000
16.6675,1.0000,27.1192,1.1008,0.4283,16.6704,16.6608,14.4354,0.0014,-1.0000
16.6666,1.0000,27.1355,1.6191,0.3612,16.6623,16.6575,14.9555,0.0013,-1.0000
16.6687,1.0000,27.1523,1.2880,0.3213,16.6623,16.6634,15.3467,0.0012,-1.0000
16.6654,1.0000,27.1689,1.1697,0.4466,16.6703,16.6512,15.2127,0.0014,-1.0000
16.6649,1.0000,27.1856,2.2246,0.4213,16.6696,16.6478,15.2792,0.0012,-1.0000
16.6679,1.0000,27.2029,1.7005,0.4018,16.6670,16.6630,15.2773,0.0011,-1.0000
16.6664,1.0000,27.2189,1.3152,0.3927,16.6750,16.6112,14.7276,0.0010,-1.0000
16.6667,1.0000,27.2355,1.4371,0.4001,16.6622,16.6615,15.4892,0.0014,-1.0000
16.6676,1.0000,27.2523,1.3671,0.3544,16.6560,16.6575,15.4836,0.0012,-1.0000
16.6667,1.0000,27.2690,1.3845,0.3741,16.7170,16.6675,15.1274,0.0011,-1.0000
16.6660,1.0000,27.2857,1.8824,0.3853,16.6198,16.6415,15.3937,0.0012,-1.0000
16.6675,1.0000,27.3023,1.1707,0.3653,16.6701,16.6597,15.2756,0.0013,-1.0000
16.6656,1.0000,27.3189,1.1724,0.4748,16.6676,16.6544,15.2878,0.0012,-1.0000
16.6675,1.0000,27.3355,1.5389,0.4049,16.6794,16.6655,15.4466,0.0012,-1.0000
16.6697,1.0000,27.3523,1.2467,0.4127,16.6512,16.6617,15.2674,0.0013,-1.0000
16.6624,1.0000,27.3689,1.3828,0.3975,16.6684,16.6374,15.0995,0.0015,-1.0000
16.6675,1.0000,27.3855,1.3654,0.3347,16.6636,16.6635,15.3914,0.0013,-1.0000
16.6693,1.0000,27.4023,1.2177,0.3595,16.6752,16.6700,15.4381,0.0012,-1.0000
16.6634,1.0000,27.4189,1.3924,0.3549,16.6738,16.6426,15.1656,0.0015,-1.0000
16.6677,1.0000,27.4356,1.5365,0.3503,16.6463,16.6671,15.4910,0.0012,-1.0000
16.6687,1.0000,27.4522,1.2704,0.3548,16.6707,16.6585,15.2946,0.0057,-1.0000
16.6652,1.0000,27.4689,1.2307,0.4134,16.6799,16.6505,15.4148,0.0009,-1.0000
16.6671,1.0000,27.4857,1.4754,0.3133,16.6514,16.6625,15.4805,0.0011,-1.0000
16.6679,1.0000,27.5023,1.1750,0.3852,16.6772,16.6637,15.1724,0.0013,-1.0000
16.6651,1.0000,27.5190,1.3574,0.3234,16.6669,16.6470,15.2471,0.0013,-1.0000
16.6668,1.0000,27.5358,1.2348,0.3761,16.6588,16.6622,15.3808,0.0012,-1.0000
16.6676,1.0000,27.5523,1.1807,0.3516,16.6709,16.6575,15.0548,0.0014,-1.0000
16.6666,1.0000,27.5689,1.4898,0.3710,16.6723,16.6594,15.3952,0.0012,-1.0000
16.6678,1.0000,27.5856,1.3988,0.3655,16.6555,16.6590,15.3625,0.0011,-1.0000
16.6661,1.0000,27.6022,1.2799,0.4201,16.6716,16.6541,15.2415,0.0012,-1.0000
16.6661,1.0000,27.6190,1.6011,0.3413,16.6663,16.6570,15.3391,0.0011,-1.0000
16.6670,1.0000,27.6356,1.2629,0.4316,16.6698,16.6582,15.1000,0.0013,-1.0000
16.6671,1.0000,27.6522,1.2951,0.4176,16.6685,16.6561,15.2574,0.0014,-1.0000
16.6658,1.0000,27.6689,1.4112,0.3611,16.6627,16.6593,15.4629,0.0011,-1.0000
16.6691,1.0000,27.6857,1.3166,0.3922,16.6658,16.6650,15.4727,0.0012,-1.0000
16.6661,1.0000,27.7023,1.5568,0.4670,16.6683,16.6508,14.5282,0.0013,-1.0000
16.6651,1.0000,27.7189,1.3973,0.4553,16.6654,16.6491,15.3707,0.0012,-1.0000
16.6683,1.0000,27.7355,1.1954,0.3656,16.6686,16.6638,15.4260,0.0015,-1.0000
16.6659,1.0000,27.7522,1.1911,0.4569,16.6752,16.6544,15.2299,0.0012,-1.0000
16.6654,1.0000,27.7689,2.1212,0.3629,16.6627,16.6549,15.3918,0.0011,-1.0000
16.6691,1.0000,27.7856,1.2774,0.3845,16.6577,16.6674,15.5417,0.0009,-1.0000
16.6665,1.0000,27.8022,1.2359,0.4063,16.6719,16.6553,15.3035,0.0012,-1.0000
16.6661,1.0000,27.8189,1.4232,0.3576,16.6635,16.6564,15.4456,0.0011,-1.0000
16.6681,1.0000,27.8355,1.2619,0.3978,16.6621,16.6604,15.4437,0.0010,-1.0000
16.6656,1.0000,27.8522,1.1246,0.3427,16.6752,16.6531,15.3140,0.0010,-1.0000
16.6653,1.0000,27.8689,1.3503,0.3858,16.6657,16.6559,15.4255,0.0011,-1.0000
16.6689,1.0000,27.8861,1.2096,0.3943,16.6659,16.6676,15.4699,0.0012,-1.0000
16.6655,1.0000,27.9022,1.2155,0.3797,16.6693,16.6489,14.8512,0.0012,-1.0000
16.6681,1.0000,27.9190,1.3380,0.3534,16.6623,16.6648,15.4443,0.0012,-1.0000
16.6684,1.0000,27.9355,1.2294,0.3187,16.6638,16.6644,15.3753,0.0011,-1.0000
16.6646,1.0000,27.9523,1.1965,0.3225,16.6758,16.6485,15.3078,0.0011,-1.0000
16.6668,1.0000,27.9690,1.7965,0.3455,16.6579,16.6575,15.3537,0.0011,-1.0000
16.6676,1.0000,27.9856,1.2193,0.3798,16.6733,16.6599,15.1599,0.0016,-1.0000
16.6643,1.0000,28.0022,1.2878,0.3667,16.6741,16.6485,15.3904,0.0012,-1.0000
16.6682,1.0000,28.0189,1.3396,0.4349,16.6592,16.6701,15.5253,0.0012,-1.0000
16.6673,1.0000,28.0355,1.3025,0.4287,16.6663,16.6532,15.2837,0.0014,-1.0000
16.6660,1.0000,28.0523,1.4984,0.3662,16.6685,16.6537,15.5181,0.0013,-1.0000
16.6681,1.0000,28.0689,1.2569,0.3621,16.6570,16.6621,15.4091,0.0012,-1.0000
16.6654,1.0000,28.0856,1.1434,0.4169,16.6791,16.6559,15.4218,0.0011,-1.0000
16.6663,1.0000,28.1022,1.3680,0.3146,16.6631,16.6525,15.4591,0.0011,-1.0000
16.6695,1.0000,28.1194,1.1341,0.3705,16.6624,16.6719,15.5434,0.0011,-1.0000
16.6657,1.0000,28.1355,1.2519,0.5499,16.6726,16.6507,14.6951,0.0013,-1.0000
16.6661,1.0000,28.1522,1.2327,0.3671,16.6646,16.6549,15.5395,0.0014,-1.0000
16.6671,1.0000,28.1689,1.1920,0.3172,16.6600,16.6629,15.4460,0.0013,-1.0000
16.6669,1.0000,28.1856,1.1270,0.4494,16.6806,16.6581,14.1631,0.0012,-1.0000
16.6665,1.0000,28.2022,1.9541,0.3605,16.6602,16.6533,15.4059,0.0013,-1.0000
16.6680,1.0000,28.2190,1.1139,0.3219,16.6633,16.6657,15.4600,0.0013,-1.0000
16.6662,1.0000,28.2355,1.2155,0.4222,16.6715,16.6546,15.2531,0.0014,-1.0000
16.6652,1.0000,28.2522,2.4938,0.3444,16.6672,16.6489,15.3212,0.0014,-1.0000
16.6693,1.0000,28.2690,1.2461,0.3352,16.6615,16.6702,15.4445,0.0013,-1.0000
16.6655,1.0000,28.2859,1.2041,0.3712,16.6767,16.6467,15.2245,0.0009,-1.0000
16.6652,1.0000,28.3022,1.4000,0.2987,16.6652,16.6562,15.0418,0.0010,-1.0000
16.6687,1.0000,28.3188,1.3263,0.3484,16.6579,16.6656,15.4997,0.0010,-1.0000
16.6660,1.0000,28.3355,1.2242,0.4420,16.6797,16.6527,15.3961,0.0012,-1.0000
16.6654,1.0000,28.3522,1.4212,0.3749,16.6563,16.6551,15.5526,0.0011,-1.0000
16.6689,1.0000,28.3689,1.6132,0.3645,16.6642,16.6645,15.3799,0.0012,-1.0000
16.6659,1.0000,28.3856,1.1646,0.3975,16.6733,16.6566,15.3790,0.0014,-1.0000
16.6667,1.0000,28.4022,1.2553,0.3584,16.6619,16.6590,15.3980,0.0014,-1.0000
16.6674,1.0000,28.4189,1.1014,0.3534,16.6638,16.6576,15.3425,0.0013,-1.0000
16.6669,1.0000,28.4355,1.2831,0.3991,16.6722,16.6602,15.2117,0.0013,-1.0000
16.6658,1.0000,28.4522,1.2761,0.4069,16.6659,16.6568,15.4209,0.0014,-1.0000
16.6681,1.0000,28.4689,1.2595,0.3736,16.6674,16.6594,15.5202,0.0011,-1.0000
16.6659,1.0000,28.4856,1.3136,0.4067,16.6663,16.6531,15.0819,0.0015,-1.0000
16.6656,1.0000,28.5022,1.4471,0.3116,16.6693,16.6572,15.4677,0.0011,-1.0000
16.6679,1.0000,28.5189,1.2345,0.3196,16.6653,16.6625,15.4237,0.0013,-1.0000
16.6665,1.0000,28.5355,1.1378,0.3381,16.6686,16.6544,15.3106,0.0012,-1.0000
16.6658,1.0000,28.5522,1.5695,0.3415,16.6617,16.6545,15.4633,0.0011,-1.0000
16.6675,1.0000,28.5690,1.1882,0.3207,16.6659,16.6654,15.4689,0.0007,-1.0000
16.6670,1.0000,28.5856,1.2375,0.3316,16.6709,16.6566,15.2438,0.0011,-1.0000
16.6662,1.0000,28.6022,1.3425,0.3157,16.6630,16.6569,15.4781,0.0012,-1.0000
16.8670,1.0000,28.6195,1.1899,0.3072,16.6630,16.8629,15.5898,0.0012,-1.0000
16.6643,1.0000,28.6356,1.1957,0.3728,16.6736,16.6482,14.7679,0.0011,-1.0000
16.6677,1.0000,28.6525,1.4116,0.3276,16.6649,16.6654,15.5746,0.0009,-1.0000
16.6675,1.0000,28.6691,1.1777,0.3600,16.6655,16.6576,15.0877,0.0012,-1.0000
16.6646,1.0000,28.6858,1.2717,0.3540,16.8721,16.6510,15.4448,0.0011,-1.0000
16.6691,1.0000,28.7027,1.8792,0.4639,16.6565,16.6707,14.9849,0.0011,-1.0000
16.6663,1.0000,28.7191,1.0899,0.4391,16.6738,16.6492,14.9440,0.0015,-1.0000
16.6652,1.0000,28.7357,1.5686,0.3643,16.6662,16.6532,15.4903,0.0012,-1.0000
16.6688,1.0000,28.7525,1.2051,0.3514,16.6589,16.6685,15.5871,0.0013,-1.0000
16.6658,1.0000,28.7692,1.6845,0.4418,16.6811,16.6518,15.1150,0.0014,-1.0000
16.6655,1.0000,28.7858,1.7035,0.3646,16.6592,16.6497,15.3757,0.0014,-1.0000
16.6670,1.0000,28.8024,1.1615,0.3298,16.6613,16.6638,15.4757,0.0012,-1.0000
16.6683,1.0000,28.8191,1.0800,0.3934,16.6793,16.6631,15.4704,0.0011,-1.0000
16.6669,1.0000,28.8357,1.5352,0.3585,16.6607,16.6559,15.4419,0.0011,-1.0000
16.6677,1.0000,28.8531,1.2726,0.3028,16.6575,16.6641,15.5022,0.0011,-1.0000
16.6657,1.0000,28.8692,1.1868,0.3677,16.6719,16.6502,14.4794,0.0017,-1.0000
16.6655,1.0000,28.8858,1.1916,0.3182,16.6712,16.6549,15.3020,0.0012,-1.0000
16.7013,1.0000,28.9031,1.2128,0.3617,16.6652,16.8030,15.5448,0.0012,-1.0000
16.6651,1.0000,28.9191,1.1606,0.4716,16.6741,16.3026,14.7781,0.0014,-1.0000
16.6670,1.0000,28.9357,2.1694,0.4003,16.6603,16.6552,15.3102,0.0011,-1.0000
16.6688,1.0000,28.9527,1.3515,0.3004,16.6625,16.7383,15.5402,0.0010,-1.0000
16.6650,1.0000,28.9691,1.2569,0.3588,16.8129,16.5764,15.1106,0.0014,-1.0000
16.6670,1.0000,28.9858,1.5231,0.3530,16.5576,16.6599,15.4398,0.0010,-1.0000
16.6676,1.0000,29.0026,1.3438,0.3128,16.6634,16.6579,15.4467,0.0012,-1.0000
16.6661,1.0000,29.0191,1.1968,0.3227,16.7486,16.6568,15.2782,0.0013,-1.0000
16.6655,1.0000,29.0357,1.4641,0.3235,16.5860,16.6546,15.4839,0.0012,-1.0000
16.6676,1.0000,29.0525,1.2187,0.2769,16.6684,16.6633,15.4477,0.0011,-1.0000
16.6654,1.0000,29.0691,1.2098,0.4121,16.6670,16.6506,15.0885,0.0015,-1.0000
16.6665,1.0000,29.0858,1.3770,0.3167,16.6661,16.6603,15.4671,0.0011,-1.0000
16.6702,1.0000,29.1025,1.1695,0.3094,16.6635,16.6642,15.4728,0.0011,-1.0000
16.6649,1.0000,29.1192,1.2143,0.4487,16.6724,16.6554,15.1188,0.0014,-1.0000
16.6661,1.0000,29.1357,1.5605,0.3165,16.6588,16.6558,15.2997,0.0012,-1.0000
16.6694,1.0000,29.1526,1.1921,0.3528,16.6691,16.6747,15.5689,0.0013,-1.0000
16.6643,1.0000,29.1691,1.1900,0.3787,16.6720,16.6358,14.9967,0.0017,-1.0000
16.6673,1.0000,29.1858,1.5350,0.2953,16.6638,16.6626,15.4716,0.0010,-1.0000
16.6679,1.0000,29.2025,1.3546,0.2699,16.6642,16.6603,15.2383,0.0011,-1.0000
16.6659,1.0000,29.2191,1.1047,0.4196,16.6861,16.6535,15.4946,0.0013,-1.0000
16.6663,1.0000,29.2357,1.6370,0.3477,16.6460,16.6620,15.5549,0.0013,-1.0000
16.6675,1.0000,29.2525,1.1898,0.4127,16.6705,16.6623,15.3713,0.0015,-1.0000
16.6671,1.0000,29.2692,1.4208,0.2936,16.6691,16.6561,15.4868,0.0013,-1.0000
16.6672,1.0000,29.2863,1.1575,0.2912,16.6605,16.6605,15.2456,0.0011,-1.0000
16.6668,1.0000,29.3025,1.1056,0.3207,16.6703,16.6562,14.9170,0.0013,-1.0000
16.6663,1.0000,29.3191,1.2895,0.2907,16.6701,16.6587,15.4175,0.0012,-1.0000
16.6675,1.0000,29.3359,1.1680,0.3047,16.6653,16.6598,15.4398,0.0013,-1.0000
16.6663,1.0000,29.3525,1.4140,0.3628,16.6695,16.6574,15.1870,0.0013,-1.0000
16.6661,1.0000,29.3691,1.7377,0.3524,16.6643,16.6520,15.4806,0.0010,-1.0000
16.6683,1.0000,29.3860,1.2398,0.3154,16.6671,16.6682,15.4539,0.0010,-1.0000
16.6668,1.0000,29.4025,1.2183,0.3626,16.6685,16.5361,14.9141,0.0012,-1.0000
16.6655,1.0000,29.4191,1.4688,0.3521,16.6663,16.6536,15.4027,0.0012,-1.0000
16.6686,1.0000,29.4358,1.1701,0.3928,16.6608,16.6717,15.4021,0.0010,-1.0000
16.6655,1.0000,29.4525,1.2131,0.4471,16.6773,16.6455,15.2711,0.0012,-1.0000
16.6662,1.0000,29.4692,1.6205,0.3541,16.6634,16.6589,15.2992,0.0012,-1.0000
16.6709,1.0000,29.4861,1.2497,0.3798,16.6621,16.8382,15.3058,0.0011,-1.0000
16.6642,1.0000,29.5025,1.2688,0.4803,16.6810,16.4756,15.1104,0.0022,-1.0000
16.6659,1.0000,29.5191,1.3731,0.3192,16.6542,16.6544,15.4099,0.0012,-1.0000
16.6683,1.0000,29.5357,1.3584,0.2944,16.6675,16.6641,15.4432,0.0013,-1.0000
16.6656,1.0000,29.5525,1.5309,0.3416,16.8494,16.6515,15.3952,0.0010,-1.0000
16.6663,1.0000,29.5697,1.3636,0.3057,16.4859,16.6606,15.4196,0.0011,-1.0000
16.6666,1.0000,29.5860,1.2431,0.3294,16.6627,16.6532,14.8002,0.0013,-1.0000
16.6674,1.0000,29.6025,1.2197,0.3329,16.6743,16.6598,15.1189,0.0010,-1.0000
16.6669,1.0000,29.6191,1.2552,0.3059,16.6614,16.6576,15.4207,0.0012,-1.0000
16.6666,1.0000,29.6358,1.2399,0.3275,16.6705,16.6590,15.3437,0.0013,-1.0000
16.6668,1.0000,29.6525,1.8515,0.3015,16.6628,16.6554,15.3750,0.0012,-1.0000
16.6662,1.0000,29.6692,1.5400,0.3072,16.6689,16.6579,15.4167,0.0013,-1.0000
16.6672,1.0000,29.6858,1.2357,0.2971,16.6666,16.6578,15.3736,0.0013,-1.0000
16.6657,1.0000,29.7025,1.3138,0.3484,16.6685,16.6544,15.3242,0.0017,-1.0000
16.6667,1.0000,29.7203,1.2790,0.3394,16.6650,16.6586,15.4361,0.0011,-1.0000
16.6687,1.0000,29.7358,1.2399,0.3855,16.6667,16.6693,14.1235,0.0015,-1.0000
16.6655,1.0000,29.7525,1.2829,0.3926,16.6668,16.6440,15.1735,0.0014,-1.0000
16.6680,1.0000,29.7692,1.3282,0.3985,16.6626,16.6668,15.4352,0.0012,-1.0000
16.6667,1.0000,29.7859,1.2214,0.3329,16.6670,16.6552,15.1579,0.0012,-1.0000
16.6645,1.0000,29.8025,2.5442,0.4316,16.6799,16.6457,15.1092,0.0011,-1.0000
16.6681,1.0000,29.8194,1.4690,0.3635,16.6543,16.6619,15.4204,0.0009,-1.0000
16.6671,1.0000,29.8357,1.2300,0.3056,16.6778,16.6583,15.0037,0.0016,-1.0000
16.6663,1.0000,29.8525,1.4956,0.3171,16.6660,16.6530,15.4866,0.0009,-1.0000
16.6669,1.0000,29.8693,1.5350,0.2945,16.6552,16.6710,15.5054,0.0011,-1.0000
16.6669,1.0000,29.8858,1.2405,0.3043,16.6711,16.6474,14.4797,0.0010,-1.0000
16.6649,1.0000,29.9024,1.6528,0.2932,16.6683,16.6484,15.3737,0.0012,-1.0000
16.6678,1.0000,29.9191,1.1649,0.2842,16.6610,16.6630,15.4534,0.0012,-1.0000
16.6682,1.0000,29.9357,1.1638,0.3661,16.6819,16.6644,15.3408,0.0010,-1.0000
16.6658,1.0000,29.9525,2.1666,0.3385,16.6577,16.6505,15.5382,0.0011,-1.0000
16.6855,1.0000,29.9694,1.2734,0.2881,16.6565,16.6841,15.4853,0.0011,-1.0000
16.6670,1.0000,29.9858,1.2083,0.3132,16.6715,16.6561,15.1726,0.0013,-1.0000
16.6654,1.0000,30.0026,1.3223,0.2902,16.6728,16.6521,15.4220,0.0012,-1.0000
16.6679,1.0000,30.0192,1.1109,0.2841,16.6601,16.6652,15.4388,0.0009,-1.0000
16.6668,1.0000,30.0357,1.1974,0.4176,16.6919,16.6569,15.3805,0.0011,-1.0000
16.6671,1.0000,30.0525,1.4823,0.2872,16.6652,16.6587,15.5602,0.0013,-1.0000
16.6686,1.0000,30.0693,1.2288,0.3556,16.6602,16.6627,15.4337,0.0013,-1.0000
16.6652,1.0000,30.0859,1.2254,0.3719,16.6738,16.6524,15.1232,0.0016,-1.0000
16.6665,1.0000,30.1025,1.2751,0.3338,16.6657,16.6531,15.3290,0.0012,-1.0000
16.6675,1.0000,30.1193,1.0971,0.3538,16.6677,16.6628,15.3339,0.0014,-1.0000
16.6668,1.0000,30.1357,1.2271,0.4012,16.6739,16.6566,15.2558,0.0015,-1.0000
16.6651,1.0000,30.1526,1.5275,0.4057,16.6627,16.6501,15.5800,0.0012,-1.0000
16.6681,1.0000,30.1692,1.3226,0.3159,16.6616,16.6591,15.3670,0.0011,-1.0000
16.6674,1.0000,30.1858,1.3276,0.3254,16.6725,16.6567,15.2993,0.0014,-1.0000
16.6650,1.0000,30.2025,1.3989,0.3008,16.6672,16.6554,15.4994,0.0013,-1.0000
16.7124,1.0000,30.2193,1.0687,0.3199,16.6615,16.7058,15.3639,0.0012,-1.0000
16.6658,1.0000,30.2357,1.2909,0.3169,16.6693,16.6561,15.2860,0.0011,-1.0000
16.6653,1.0000,30.2525,1.3562,0.3049,16.6656,16.6527,15.5293,0.0011,-1.0000
16.6689,1.0000,30.2693,1.1545,0.3649,16.6634,16.6691,15.4801,0.0010,-1.0000
16.6662,1.0000,30.2859,1.3403,0.3091,16.7134,16.6508,15.2340,0.0009,-1.0000
16.6662,1.0000,30.3025,1.3687,0.2943,16.6648,16.6577,15.5068,0.0010,-1.0000
16.6679,1.0000,30.3192,1.1224,0.2924,16.6605,16.6637,15.5416,0.0012,-1.0000
16.6637,1.0000,30.3357,1.1878,0.3847,16.6790,16.6484,15.4181,0.0009,-1.0000
16.6675,1.0000,30.3527,1.4155,0.2851,16.6597,16.6625,15.6737,0.0011,-1.0000
16.6691,1.0000,30.3693,1.1497,0.2835,16.6660,16.6657,15.1706,0.0013,-1.0000
16.6659,1.0000,30.3859,1.1206,0.3129,16.6719,16.6523,15.3088,0.0012,-1.0000
16.6682,1.0000,30.4028,1.2296,0.2980,16.6557,16.6639,15.4500,0.0012,-1.0000
16.6664,1.0000,30.4192,0.9878,0.4215,16.6713,16.6542,15.1871,0.0013,-1.0000
16.6668,1.0000,30.4358,1.4935,0.3439,16.6741,16.6587,15.4603,0.0012,-1.0000
16.6658,1.0000,30.4526,1.3422,0.3625,16.6609,16.6531,15.4308,0.0011,-1.0000
16.6676,1.0000,30.4692,1.2123,0.4065,16.6733,16.6605,15.3114,0.0010,-1.0000
16.6651,1.0000,30.4858,1.4657,0.3588,16.6645,16.6525,15.4067,0.0011,-1.0000
16.6679,1.0000,30.5026,1.1971,0.3660,16.6686,16.6719,15.5418,0.0010,-1.0000
16.6669,1.0000,30.5192,1.2212,0.3003,16.6618,16.6508,15.1533,0.0015,-1.0000
16.6661,1.0000,30.5357,1.3480,0.3131,16.6684,16.6566,15.4631,0.0011,-1.0000
16.6677,1.0000,30.5526,1.2448,0.2818,16.6605,16.6614,15.5546,0.0012,-1.0000
16.6669,1.0000,30.5692,1.1290,0.3072,16.6797,16.6577,15.3571,0.0013,-1.0000
16.6662,1.0000,30.5858,1.4962,0.3295,16.6600,16.6509,15.4258,0.0011,-1.0000
16.6687,1.0000,30.6027,1.1924,0.3190,16.6652,16.6706,15.5073,0.0010,-1.0000
16.6654,1.0000,30.6193,1.1056,0.3455,16.6711,16.6515,14.7829,0.0012,-1.0000
16.6666,1.0000,30.6357,1.2991,0.3212,16.6668,16.6569,15.3795,0.0011,-1.0000
16.6683,1.0000,30.6534,1.2239,0.2938,16.6593,16.6653,15.5402,0.0010,-1.0000
16.6662,1.0000,30.6693,1.1619,0.4011,16.6800,16.6504,14.2182,0.0018,-1.0000
16.6646,1.0000,30.6858,1.8670,0.3554,16.6613,16.6500,15.2667,0.0011,-1.0000
16.6696,1.0000,30.7026,1.2758,0.3005,16.6660,16.6686,15.4381,0.0010,-1.0000
16.6658,1.0000,30.7192,1.1240,0.3740,16.6757,16.6527,15.4604,0.0011,-1.0000
16.6667,1.0000,30.7358,2.4304,0.4234,16.6598,16.6578,15.4354,0.0012,-1.0000
16.6684,1.0000,30.7526,1.3822,0.3385,16.6586,16.6606,15.4298,0.0010,-1.0000
16.6650,1.0000,30.7692,1.2292,0.3731,16.6771,16.6511,15.2788,0.0012,-1.0000
16.6658,1.0000,30.7858,1.1908,0.3646,16.6631,16.6551,15.4909,0.0013,-1.0000
16.6683,1.0000,30.8026,1.2209,0.3677,16.6666,16.6671,15.5445,0.0010,-1.0000
16.6650,1.0000,30.8192,1.2297,0.4020,16.6700,16.6473,15.1899,0.0014,-1.0000
16.6673,1.0000,30.8357,1.3711,0.3204,16.6608,16.6637,15.5649,0.0011,-1.0000
16.6679,1.0000,30.8525,1.1628,0.2855,16.6634,16.6611,15.4841,0.0011,-1.0000
16.6642,1.0000,30.8692,1.1212,0.3970,16.6762,16.6462,15.5448,0.0010,-1.0000
16.6696,1.0000,30.8863,1.4558,0.2778,16.6548,16.6734,15.5198,0.0011,-1.0000
16.6665,1.0000,30.9025,1.0978,0.3395,16.6720,16.6579,14.1578,0.0013,-1.0000
16.6649,1.0000,30.9191,1.1756,0.2704,16.6707,16.6473,15.5127,0.0010,-1.0000
16.6673,1.0000,30.9357,1.1003,0.3225,16.6541,16.6632,15.6247,0.0009,-1.0000
16.6680,1.0000,30.9525,1.1527,0.3654,16.6814,16.6636,15.1696,0.0009,-1.0000
16.6660,1.0000,30.9692,2.4985,0.3280,16.6664,16.6550,15.4924,0.0013,-1.0000
16.6678,1.0000,30.9859,1.1332,0.2766,16.6543,16.6640,15.5342,0.0010,-1.0000
16.6670,1.0000,31.0025,1.0374,0.4718,16.6706,16.6578,15.3938,0.0010,-1.0000
16.6645,1.0000,31.0192,1.4929,0.3122,16.6717,16.6520,15.4901,0.0014,-1.0000
16.6677,1.0000,31.0357,1.1611,0.3015,16.6630,16.6652,15.4813,0.0010,-1.0000
16.6678,1.0000,31.0525,1.1284,0.3469,16.6722,16.6614,15.5949,0.0009,-1.0000
16.6666,1.0000,31.0692,1.2624,0.3130,16.6665,16.6568,15.4912,0.0015,-1.0000
16.6690,1.0000,31.0861,1.1600,0.2947,16.6601,16.6675,15.4537,0.0011,-1.0000
16.6654,1.0000,31.1026,1.1826,0.3270,16.6722,16.6440,14.9764,0.0014,-1.0000
16.6658,1.0000,31.1192,1.0651,0.3473,16.6695,16.6552,15.3472,0.0011,-1.0000
16.7053,1.0000,31.1358,1.1638,0.3096,16.6661,16.7038,15.5310,0.0013,-1.0000
16.6648,1.0000,31.1526,1.2123,0.3905,16.6784,16.6467,15.4272,0.0012,-1.0000
16.6650,1.0000,31.1692,1.6659,0.3362,16.6554,16.6547,15.4582,0.0010,-1.0000
16.6690,1.0000,31.1860,1.3072,0.3569,16.6639,16.6667,15.4303,0.0011,-1.0000
16.6660,1.0000,31.2026,1.1713,0.5654,16.7134,16.6536,15.1997,0.0011,-1.0000
16.6662,1.0000,31.2192,1.2182,0.3192,16.6567,16.6607,15.4394,0.0013,-1.0000
16.6671,1.0000,31.2358,1.1955,0.2911,16.6635,16.6537,15.4144,0.0012,-1.0000
16.6662,1.0000,31.2525,1.2349,0.4631,16.6745,16.6577,15.5185,0.0010,-1.0000
16.6654,1.0000,31.2692,1.4526,0.3373,16.6625,16.6505,15.5024,0.0012,-1.0000
16.6689,1.0000,31.2861,1.2201,0.4062,16.6705,16.6677,15.5467,0.0013,-1.0000
16.6661,1.0000,31.3025,1.2379,0.3475,16.6631,16.6543,15.1699,0.0009,-1.0000
16.6674,1.0000,31.3192,1.1381,0.3037,16.6678,16.6637,15.5003,0.0012,-1.0000
16.6682,1.0000,31.3358,1.1467,0.3122,16.6589,16.6584,15.4149,0.0013,-1.0000
16.6644,1.0000,31.3525,1.1195,0.4735,16.6756,16.6487,15.1992,0.0013,-1.0000
16.6667,1.0000,31.3693,1.4833,0.3403,16.6625,16.6588,15.5531,0.0013,-1.0000
16.6696,1.0000,31.3860,1.1620,0.3532,16.6722,16.6725,15.4187,0.0011,-1.0000
16.6640,1.0000,31.4025,1.2420,0.5802,16.6692,16.6419,15.2887,0.0013,-1.0000
16.6679,1.0000,31.4193,1.4480,0.3035,16.6571,16.6665,15.4596,0.0012,-1.0000
16.6673,1.0000,31.4358,1.1043,0.6815,16.6665,16.6537,15.1924,0.0013,-1.0000
16.6654,1.0000,31.4526,1.2524,0.3648,16.6826,16.6516,15.5683,0.0010,-1.0000
16.6673,1.0000,31.4692,1.3520,0.3403,16.6505,16.6619,15.4107,0.0011,-1.0000
16.6673,1.0000,31.4859,1.2059,0.3192,16.6776,16.6625,15.4854,0.0012,-1.0000
16.6655,1.0000,31.5025,1.4598,0.3315,16.6642,16.6490,15.4883,0.0013,-1.0000
16.6667,1.0000,31.5192,1.0825,0.3347,16.6600,16.6671,15.4966,0.0014,-1.0000
16.6684,1.0000,31.5359,1.2500,0.3898,16.6708,16.6587,15.3397,0.0010,-1.0000
16.6642,1.0000,31.5525,1.1757,0.3379,16.6708,16.6461,15.4447,0.0015,-1.0000
16.6694,1.0000,31.5692,1.1593,0.3005,16.6572,16.6693,15.5207,0.0011,-1.0000
16.6663,1.0000,31.5859,1.1693,0.5116,16.6749,16.6566,15.4062,0.0014,-1.0000
16.6635,1.0000,31.6025,1.3179,0.3154,16.6686,16.6451,15.4895,0.0013,-1.0000
16.6689,1.0000,31.6194,1.1996,0.3816,16.6545,16.6741,15.6862,0.0008,-1.0000
16.6681,1.0000,31.6358,1.1474,0.3517,16.6765,16.6546,14.8814,0.0015,-1.0000
16.6640,1.0000,31.6525,1.2490,0.3287,16.6661,16.6489,15.5071,0.0009,-1.0000
16.6689,1.0000,31.6692,1.1548,0.3023,16.6529,16.6686,15.5755,0.0012,-1.0000
16.6670,1.0000,31.6859,0.9870,0.4198,16.6830,16.6582,14.1598,0.0013,-1.0000
16.6633,1.0000,31.7025,1.7717,0.3393,16.6641,16.6455,15.4997,0.0011,-1.0000
16.6685,1.0000,31.7193,1.1410,0.2949,16.6565,16.6658,15.6706,0.0009,-1.0000
16.6677,1.0000,31.7358,1.0917,0.3301,16.6766,16.6650,15.2205,0.0010,-1.0000
16.6653,1.0000,31.7525,2.4970,0.3022,16.6670,16.6512,15.5770,0.0010,-1.0000
16.6681,1.0000,31.7693,1.1447,0.2928,16.6530,16.6662,15.5956,0.0011,-1.0000
16.6675,1.0000,31.7860,0.9937,0.2963,16.6728,16.6619,15.2904,0.0014,-1.0000
16.6669,1.0000,31.8026,1.4436,0.3139,16.6734,16.6558,15.3619,0.0016,-1.0000
16.6666,1.0000,31.8193,1.0731,0.3153,16.6587,16.6575,15.3749,0.0012,-1.0000
16.6664,1.0000,31.8358,1.0693,0.3899,16.6742,16.6549,15.2206,0.0013,-1.0000
16.6673,1.0000,31.8526,1.3699,0.3404,16.6707,16.6555,15.5312,0.0010,-1.0000
16.6656,1.0000,31.8693,1.2919,0.3390,16.6654,16.6563,15.4449,0.0009,-1.0000
16.6709,1.0000,31.8862,1.2812,0.5258,16.6678,16.6739,15.3835,0.0014,-1.0000
16.6633,1.0000,31.9025,1.4329,0.3332,16.6651,16.6321,14.7631,0.0013,-1.0000
16.6632,1.0000,31.9191,1.1231,0.3669,16.6659,16.6489,15.5302,0.0009,-1.0000
16.6695,1.0000,31.9362,1.2103,0.3118,16.6660,16.6713,15.7387,0.0010,-1.0000
16.6674,1.0000,31.9526,1.2890,0.4244,16.6881,16.6614,14.1714,0.0015,-1.0000
16.6652,1.0000,31.9692,1.8673,0.2876,16.6420,16.6517,15.5507,0.0013,-1.0000
16.6679,1.0000,31.9859,1.1177,0.2813,16.6560,16.6648,15.5571,0.0010,-1.0000
16.6674,1.0000,32.0026,0.9311,0.3482,16.6786,16.6592,15.2538,0.0014,-1.0000
16.6669,1.0000,32.0193,2.4883,0.3194,16.6692,16.6581,15.5208,0.0012,-1.0000
16.6665,1.0000,32.0358,1.0995,0.3311,16.6600,16.6557,15.3777,0.0014,-1.0000
16.6664,1.0000,32.0526,1.1066,0.3289,16.6727,16.6589,15.3593,0.0013,-1.0000
16.6662,1.0000,32.0692,1.4041,0.3013,16.6678,16.6537,15.5601,0.0011,-1.0000
16.6670,1.0000,32.0860,1.1360,0.4310,16.6675,16.6671,15.6007,0.0013,-1.0000
16.6675,1.0000,32.1026,1.2760,0.3501,16.6648,16.6567,15.3529,0.0015,-1.0000
16.6651,1.0000,32.1192,1.2981,0.2988,16.6676,16.6506,15.4691,0.0012,-1.0000
16.6680,1.0000,32.1358,1.0919,0.2991,16.6612,16.6647,15.5922,0.0010,-1.0000
16.6667,1.0000,32.1525,1.0651,0.3624,16.6758,16.6573,15.4597,0.0013,-1.0000
16.6664,1.0000,32.1692,1.3021,0.3086,16.6650,16.6535,15.4941,0.0010,-1.0000
16.6697,1.0000,32.1860,1.1802,0.2899,16.6584,16.6729,15.5866,0.0010,-1.0000
16.6655,1.0000,32.2026,1.0713,0.3236,16.6741,16.6477,14.5471,0.0012,-1.0000
16.6653,1.0000,32.2192,1.1965,0.3464,16.6659,16.6548,15.3791,0.0013,-1.0000
16.6687,1.0000,32.2358,1.1583,0.3144,16.6620,16.6597,15.5130,0.0011,-1.0000
16.6651,1.0000,32.2525,1.0850,0.3366,16.6823,16.6524,14.9834,0.0010,-1.0000
16.6661,1.0000,32.2692,2.0990,0.3253,16.6586,16.6592,15.5030,0.0010,-1.0000
16.6683,1.0000,32.2859,1.2744,0.3044,16.6644,16.6592,15.4055,0.0011,-1.0000
16.6657,1.0000,32.3026,1.1454,0.3654,16.6694,16.6550,15.3591,0.0011,-1.0000
16.6656,1.0000,32.3192,1.6680,0.3410,16.6622,16.6582,15.4990,0.0012,-1.0000
16.6679,1.0000,32.3358,1.1551,0.3597,16.6685,16.6603,15.5787,0.0011,-1.0000
16.6671,1.0000,32.3526,1.2523,0.3759,16.6679,16.6581,15.2605,0.0009,-1.0000
16.6662,1.0000,32.3692,1.2946,0.3148,16.6637,16.6578,15.4799,0.0014,-1.0000
16.6677,1.0000,32.3859,1.1580,0.2933,16.6666,16.6581,15.5268,0.0010,-1.0000
16.6657,1.0000,32.4026,1.0804,0.3910,16.6690,16.6527,15.3144,0.0010,-1.0000
16.6655,1.0000,32.4192,1.3963,0.3318,16.6674,16.6543,15.5397,0.0010,-1.0000
16.6683,1.0000,32.4358,1.1764,0.3113,16.6677,16.6649,15.5709,0.0008,-1.0000
16.6665,1.0000,32.4526,1.1302,0.3566,16.6683,16.6573,15.4120,0.0010,-1.0000
16.6667,1.0000,32.4697,1.3371,0.3003,16.6622,16.6618,15.4280,0.0011,-1.0000
16.6672,1.0000,32.4859,1.1135,0.3006,16.6617,16.6558,14.1822,0.0014,-1.0000
16.6673,1.0000,32.5026,1.0931,0.3154,16.6722,16.6596,15.4002,0.0015,-1.0000
16.6671,1.0000,32.5193,1.2441,0.3106,16.6653,16.6581,15.3695,0.0014,-1.0000
16.6675,1.0000,32.5359,1.2327,0.3730,16.6707,16.6642,15.1569,0.0011,-1.0000
16.6634,1.0000,32.5525,2.4721,0.3659,16.6649,16.6362,15.2960,0.0014,-1.0000
16.6699,1.0000,32.5693,1.2579,0.4002,16.6691,16.6705,15.5127,0.0011,-1.0000
16.6665,1.0000,32.5860,1.2871,0.3845,16.6696,16.6607,15.1587,0.0014,-1.0000
16.6653,1.0000,32.6026,1.5060,0.3535,16.6762,16.6413,15.3161,0.0012,-1.0000
16.6685,1.0000,32.6194,1.3386,0.3151,16.6458,16.6699,15.3250,0.0012,-1.0000
16.6667,1.0000,32.6358,1.1566,0.4101,16.6798,16.6514,15.1512,0.0013,-1.0000
16.6631,1.0000,32.6525,1.5006,0.2996,16.6716,16.6466,15.4208,0.0012,-1.0000
16.6681,1.0000,32.6695,1.3234,0.4115,16.6509,16.6667,15.6384,0.0010,-1.0000
16.6676,1.0000,32.6859,1.3433,0.3516,16.6795,16.6618,15.0232,0.0011,-1.0000
16.6664,1.0000,32.7026,1.4988,0.3056,16.6607,16.6554,15.5846,0.0011,-1.0000
16.6675,1.0000,32.7192,1.2245,0.2754,16.6544,16.6602,15.5158,0.0014,-1.0000
16.6662,1.0000,32.7358,1.0273,0.2946,16.6738,16.6572,15.4315,0.0010,-1.0000
16.6661,1.0000,32.7525,1.6375,0.3095,16.6703,16.6551,15.6177,0.0012,-1.0000
16.6679,1.0000,32.7694,1.0695,0.3178,16.6640,16.6654,15.6120,0.0011,-1.0000
16.6669,1.0000,32.7859,1.1429,0.3830,16.6687,16.6553,15.1631,0.0011,-1.0000
16.6666,1.0000,32.8025,1.2244,0.3105,16.6657,16.6582,15.4646,0.0011,-1.0000
16.7037,1.0000,32.8196,1.0364,0.3207,16.6637,16.7943,15.5942,0.0016,-1.0000
16.6642,1.0000,32.8359,1.0522,0.3822,16.6738,16.5779,15.0876,0.0014,-1.0000
16.6669,1.0000,32.8526,1.4909,0.3153,16.6641,16.6321,15.5494,0.0014,-1.0000
16.6685,1.0000,32.8693,1.1923,0.3213,16.6677,16.6659,15.5144,0.0013,-1.0000
16.6652,1.0000,32.8859,1.1982,0.3529,16.8036,16.6489,15.3391,0.0013,-1.0000
16.6649,1.0000,32.9025,1.4889,0.3269,16.5883,16.6545,15.5622,0.0012,-1.0000
16.6696,1.0000,32.9193,1.0813,0.3583,16.6400,16.6634,15.5323,0.0009,-1.0000
16.6659,1.0000,32.9358,1.1500,0.4111,16.6765,16.6544,15.3136,0.0012,-1.0000
16.6657,1.0000,32.9526,1.3084,0.2884,16.6596,16.6563,15.6486,0.0012,-1.0000
16.6698,1.0000,32.9693,1.0909,0.3499,16.6634,16.6696,15.5259,0.0010,-1.0000
16.6632,1.0000,32.9859,1.1302,0.3656,16.6717,16.6420,15.1412,0.0017,-1.0000
16.6684,1.0000,33.0026,1.3399,0.3153,16.6633,16.6655,15.6287,0.0011,-1.0000
16.6682,1.0000,33.0194,1.0064,0.3334,16.6648,16.6608,15.1472,0.0012,-1.0000
16.6641,1.0000,33.0358,1.1425,0.3587,16.6795,16.6438,15.1340,0.0014,-1.0000
16.6852,1.0000,33.0533,1.4990,0.2917,16.6511,16.6828,15.5843,0.0011,-1.0000
16.6668,1.0000,33.0692,1.0356,0.3048,16.6743,16.6571,14.6150,0.0012,-1.0000
16.6653,1.0000,33.0859,1.5121,0.3677,16.6728,16.6540,15.5151,0.0011,-1.0000
16.6656,1.0000,33.1026,1.5084,0.3244,16.6527,16.6553,15.5878,0.0011,-1.0000
16.6697,1.0000,33.1193,1.0973,0.3156,16.6914,16.6708,15.6474,0.0010,-1.0000
16.6639,1.0000,33.1358,2.0407,0.3575,16.6660,16.6482,15.4890,0.0012,-1.0000
16.6704,1.0000,33.1527,1.1376,0.3102,16.6612,16.6719,15.6633,0.0009,-1.0000
16.6664,1.0000,33.1693,1.0661,0.2787,16.6629,16.6507,15.3428,0.0013,-1.0000
16.6653,1.0000,33.1859,1.0224,0.3252,16.6786,16.6506,15.5674,0.0013,-1.0000
16.6683,1.0000,33.2027,1.1582,0.3386,16.6570,16.6712,15.5485,0.0012,-1.0000
16.6658,1.0000,33.2193,1.0078,0.3679,16.6825,16.6488,14.9995,0.0010,-1.0000
16.6634,1.0000,33.2358,1.3063,0.3270,16.6604,16.6469,15.5600,0.0013,-1.0000
16.6693,1.0000,33.2526,1.0819,0.3524,16.6592,16.6700,15.8313,0.0007,-1.0000
16.6684,1.0000,33.2693,1.1209,0.3765,16.6798,16.6848,15.5602,0.0010,-1.0000
16.6646,1.0000,33.2859,1.6478,0.2975,16.6582,16.6293,15.4392,0.0010,-1.0000
16.6673,1.0000,33.3026,1.0857,0.2699,16.6534,16.6656,15.5937,0.0012,-1.0000
16.6684,1.0000,33.3193,0.8375,0.3081,16.6765,16.6600,15.3622,0.0012,-1.0000
16.6660,1.0000,33.3358,1.1232,0.3527,16.6931,16.6560,15.4408,0.0012,-1.0000
16.6643,1.0000,33.3526,1.1889,0.3538,16.6367,16.6534,15.6284,0.0010,-1.0000
16.6706,1.0000,33.3696,1.0701,0.3339,16.6739,16.6750,15.5751,0.0011,-1.0000
16.6657,1.0000,33.3859,1.2963,0.3537,16.6685,16.6453,14.9862,0.0013,-1.0000
16.6662,1.0000,33.4026,1.2137,0.3148,16.6651,16.6555,15.4201,0.0010,-1.0000
16.6678,1.0000,33.4194,1.0243,0.2779,16.6617,16.6655,15.5353,0.0010,-1.0000
16.6661,1.0000,33.4358,1.0984,0.4072,16.6848,16.6522,14.6113,0.0015,-1.0000
16.6660,1.0000,33.4526,1.6573,0.3152,16.6551,16.6556,15.5924,0.0009,-1.0000
16.6684,1.0000,33.4693,1.2339,0.3112,16.6649,16.6652,15.5287,0.0010,-1.0000
16.6660,1.0000,33.4859,1.1291,0.4570,16.6737,16.6558,15.4692,0.0011,-1.0000
16.6666,1.0000,33.5026,2.0392,0.3093,16.6608,16.6561,15.4717,0.0012,-1.0000
16.6698,1.0000,33.5195,1.0620,0.3005,16.6636,16.7085,15.5646,0.0011,-1.0000
16.6620,1.0000,33.5358,1.1356,0.3465,16.6737,16.6037,15.0290,0.0014,-1.0000
16.6683,1.0000,33.5526,1.1853,0.3306,16.6651,16.6584,15.5901,0.0011,-1.0000
16.6685,1.0000,33.5693,1.1831,0.3257,16.6651,16.6630,15.5917,0.0013,-1.0000
16.6623,1.0000,33.5859,1.1427,0.3477,16.7201,16.6451,15.5081,0.0012,-1.0000
16.6685,1.0000,33.6026,1.5734,0.3707,16.6133,16.6686,15.6895,0.0011,-1.0000
16.6700,1.0000,33.6194,1.0669,0.3199,16.6656,16.6682,15.5365,0.0010,-1.0000
16.6639,1.0000,33.6359,1.0696,0.3018,16.6717,16.6442,15.3657,0.0014,-1.0000
16.6675,1.0000,33.6526,1.1357,0.2915,16.6534,16.6613,15.6219,0.0011,-1.0000
16.6685,1.0000,33.6693,0.9780,0.3077,16.6752,16.6620,15.5317,0.0010,-1.0000
16.6642,1.0000,33.6859,1.1303,0.3192,16.6785,16.6455,15.3113,0.0011,-1.0000
16.6682,1.0000,33.7027,1.2769,0.3571,16.6546,16.6676,15.5588,0.0013,-1.0000
16.6664,1.0000,33.7193,1.0384,0.2988,16.6699,16.6556,14.9139,0.0011,-1.0000
16.6661,1.0000,33.7358,1.1291,0.3335,16.6720,16.6544,15.5168,0.0014,-1.0000
16.6663,1.0000,33.7526,1.3329,0.2895,16.6537,16.6619,15.6563,0.0011,-1.0000
16.6684,1.0000,33.7693,1.1075,0.4137,16.6763,16.6607,15.2685,0.0008,-1.0000
16.6652,1.0000,33.7860,1.7406,0.3541,16.6643,16.6596,15.4939,0.0016,-1.0000
16.6665,1.0000,33.8028,1.1362,0.3017,16.6631,16.6511,15.4398,0.0011,-1.0000
16.6686,1.0000,33.8192,1.0043,0.4408,16.6701,16.6165,15.3206,0.0010,-1.0000
16.6657,1.0000,33.8358,1.3913,0.3242,16.6691,16.6525,15.5427,0.0010,-1.0000
16.6685,1.0000,33.8526,1.1640,0.2980,16.6683,16.6688,15.6620,0.0009,-1.0000
16.6659,1.0000,33.8693,1.2102,0.3095,16.6588,16.6537,15.5138,0.0012,-1.0000
16.6663,1.0000,33.8859,1.2951,0.3339,16.6722,16.6547,15.5123,0.0012,-1.0000
16.6706,1.0000,33.9026,1.1087,0.3292,16.6598,16.6688,15.5173,0.0012,-1.0000
16.6634,1.0000,33.9193,1.0058,0.3006,16.6781,16.6475,15.2886,0.0011,-1.0000
16.6664,1.0000,33.9359,1.1385,0.3847,16.6628,16.6598,15.5552,0.0011,-1.0000
16.6695,1.0000,33.9528,1.1411,0.3009,16.6640,16.6630,15.5448,0.0010,-1.0000
16.6644,1.0000,33.9692,1.1503,0.4180,16.6791,16.6465,14.6156,0.0013,-1.0000
16.6660,1.0000,33.9860,1.3575,0.3221,16.6569,16.6566,15.4912,0.0010,-1.0000
16.6692,1.0000,34.0027,1.1032,0.3501,16.6695,16.6669,15.4550,0.0013,-1.0000
16.6666,1.0000,34.0193,1.1170,0.3961,16.6740,16.6518,15.1446,0.0012,-1.0000
16.6647,1.0000,34.0358,2.0295,0.3322,16.6560,16.6543,15.4689,0.0014,-1.0000
16.6691,1.0000,34.0526,1.1643,0.3350,16.6648,16.6651,15.6683,0.0008,-1.0000
16.6661,1.0000,34.0693,1.2105,0.4487,16.6766,16.6524,15.3692,0.0013,-1.0000
16.6660,1.0000,34.0859,1.5055,0.3588,16.6620,16.6545,15.5637,0.0012,-1.0000
16.6705,1.0000,34.1027,1.1840,0.3070,16.6626,16.6707,15.5716,0.0013,-1.0000
16.6631,1.0000,34.1193,0.9958,0.3417,16.6739,16.6470,15.3503,0.0012,-1.0000
16.6656,1.0000,34.1358,1.2816,0.3339,16.6622,16.6524,15.4573,0.0012,-1.0000
16.6687,1.0000,34.1526,1.0896,0.3259,16.6625,16.6657,15.5275,0.0008,-1.0000
16.6657,1.0000,34.1693,1.0975,0.3373,16.6804,16.6558,15.3921,0.0013,-1.0000
16.6677,1.0000,34.1860,1.2955,0.3043,16.6568,16.6597,15.5128,0.0013,-1.0000
16.6668,1.0000,34.2026,1.1938,0.3328,16.6607,16.6603,15.4861,0.0013,-1.0000
16.6663,1.0000,34.2193,1.1374,0.3169,16.6734,16.6497,14.9600,0.0011,-1.0000
16.6660,1.0000,34.2358,1.2624,0.3576,16.6660,16.6582,15.5276,0.0014,-1.0000
16.6691,1.0000,34.2527,1.1456,0.3127,16.6684,16.6660,15.6488,0.0015,-1.0000
16.6644,1.0000,34.2692,1.1728,0.4695,16.6712,16.6475,15.4347,0.0014,-1.0000
16.6668,1.0000,34.2866,1.6885,0.3310,16.6582,16.6627,15.5931,0.0012,-1.0000
16.6679,1.0000,34.3026,1.1291,0.3326,16.6661,16.6600,14.7175,0.0013,-1.0000
16.6649,1.0000,34.3192,1.0154,0.3028,16.6757,16.6498,15.5628,0.0010,-1.0000
16.6699,1.0000,34.3359,1.2111,0.3318,16.6567,16.6722,15.6313,0.0010,-1.0000
16.6656,1.0000,34.3526,1.0681,0.3755,16.6699,16.6542,15.1884,0.0010,-1.0000
16.6658,1.0000,34.3693,1.9408,0.3213,16.6677,16.6534,15.5339,0.0011,-1.0000
16.6677,1.0000,34.3860,1.0862,0.2897,16.6572,16.6652,15.5520,0.0013,-1.0000
16.6679,1.0000,34.4026,1.0398,0.3170,16.6803,16.6591,15.3977,0.0013,-1.0000
16.6652,1.0000,34.4193,1.4648,0.3143,16.6634,16.6535,15.4810,0.0011,-1.0000
16.7048,1.0000,34.4361,1.1182,0.2947,16.6614,16.6979,15.5788,0.0013,-1.0000
16.6664,1.0000,34.4527,1.1117,0.3619,16.6734,16.6588,15.2796,0.0010,-1.0000
16.6652,1.0000,34.4693,1.2598,0.3178,16.6684,16.6516,15.4808,0.0012,-1.0000
16.6681,1.0000,34.4860,1.1712,0.3395,16.6619,16.6660,15.5237,0.0012,-1.0000
16.6667,1.0000,34.5027,1.1174,0.3338,16.7066,16.6562,14.8130,0.0013,-1.0000
16.6661,1.0000,34.5193,1.3782,0.3162,16.6674,16.6538,15.4235,0.0011,-1.0000
16.6679,1.0000,34.5359,1.1695,0.3623,16.6597,16.6625,15.5702,0.0014,-1.0000
16.6661,1.0000,34.5526,1.1409,0.4356,16.6751,16.6560,15.3656,0.0013,-1.0000
16.6668,1.0000,34.5693,1.8418,0.3397,16.6661,16.6588,15.5405,0.0013,-1.0000
16.6686,1.0000,34.5860,1.2291,0.2838,16.6623,16.6634,15.4823,0.0012,-1.0000
16.6656,1.0000,34.6027,1.0907,0.3627,16.6706,16.6503,15.4238,0.0013,-1.0000
16.6667,1.0000,34.6194,1.2888,0.3169,16.6654,16.6602,15.4936,0.0012,-1.0000
16.6677,1.0000,34.6361,1.1169,0.3487,16.6665,16.8038,15.4289,0.0011,-1.0000
16.6657,1.0000,34.6527,1.1796,0.4277,16.6739,16.5096,15.2535,0.0012,-1.0000
16.6665,1.0000,34.6693,1.2252,0.3837,16.6591,16.6543,15.4434,0.0010,-1.0000
16.6700,1.0000,34.6860,1.1653,0.3375,16.6681,16.6702,15.5747,0.0012,-1.0000
16.6631,1.0000,34.7027,1.3743,0.3085,16.8145,16.6446,15.3765,0.0012,-1.0000
16.6660,1.0000,34.7193,1.2549,0.3160,16.5207,16.6614,15.4125,0.0011,-1.0000
16.6681,1.0000,34.7359,1.2101,0.3359,16.6626,16.6581,15.5579,0.0012,-1.0000
16.6671,1.0000,34.7527,1.0940,0.3345,16.6795,16.6569,15.5893,0.0012,-1.0000
16.6667,1.0000,34.7721,1.2669,0.3390,16.6530,16.6606,15.3700,0.0011,-1.0000
16.6673,1.0000,34.7861,1.2474,0.2881,16.6701,16.6573,12.0503,0.0017,-1.0000
16.6661,1.0000,34.8026,1.0992,0.3496,16.6664,16.6556,15.2581,0.0013,-1.0000
16.6652,1.0000,34.8193,1.0664,0.3698,16.6661,16.6558,15.5658,0.0013,-1.0000
16.6691,1.0000,34.8360,1.2893,0.4561,16.6694,16.6693,15.5490,0.0012,-1.0000
16.6654,1.0000,34.8526,4.6055,0.4192,16.6656,16.6461,15.1718,0.0012,-1.0000
16.6668,1.0000,34.8694,1.3962,0.3359,16.6634,16.6622,15.5388,0.0011,-1.0000
16.6691,1.0000,34.8861,1.0886,0.2872,16.6636,16.6659,14.8212,0.0011,-1.0000
16.6644,1.0000,34.9026,1.1189,0.3818,16.6786,16.6492,15.4146,0.0012,-1.0000
16.6667,1.0000,34.9194,1.4731,0.3241,16.6549,16.6658,15.5640,0.0011,-1.0000
16.6683,1.0000,34.9359,1.1221,0.4695,16.6697,16.6552,15.3494,0.0011,-1.0000
16.6661,1.0000,34.9527,1.8434,0.3105,16.6747,16.6568,15.5906,0.0011,-1.0000
16.6681,1.0000,34.9696,1.2329,0.3125,16.6569,16.6602,15.4084,0.0013,-1.0000
16.6663,1.0000,34.9860,1.1008,0.2958,16.6762,16.6579,14.6084,0.0012,-1.0000
16.6666,1.0000,35.0027,1.3045,0.3237,16.6633,16.6558,15.3897,0.0015,-1.0000
16.7324,1.0000,35.0195,1.0650,0.3078,16.6664,16.7232,15.5157,0.0013,-1.0000
16.6667,1.0000,35.0360,1.2505,0.4227,16.6692,16.6584,15.3375,0.0012,-1.0000
16.6667,1.0000,35.0527,2.0479,0.3508,16.6670,16.6541,15.6341,0.0009,-1.0000
16.6683,1.0000,35.0695,1.2644,0.3306,16.6653,16.6661,15.4868,0.0012,-1.0000
16.6660,1.0000,35.0861,1.2060,0.3453,16.7318,16.6531,15.2628,0.0015,-1.0000
16.6663,1.0000,35.1027,1.3192,0.3153,16.6674,16.6557,15.3695,0.0011,-1.0000
16.6945,1.0000,35.1196,1.0185,0.3253,16.6623,16.6887,15.4091,0.0013,-1.0000
16.6665,1.0000,35.1360,1.1777,0.4613,16.6759,16.6582,15.2159,0.0012,-1.0000
16.6655,1.0000,35.1527,1.3885,0.3153,16.6618,16.6541,15.5536,0.0013,-1.0000
16.6702,1.0000,35.1696,1.2846,0.3429,16.6644,16.6739,15.5703,0.0011,-1.0000
16.6648,1.0000,35.1861,1.2780,0.3172,16.6965,16.6466,15.1939,0.0014,-1.0000
16.6665,1.0000,35.2028,1.4408,0.3258,16.6664,16.6552,15.3629,0.0013,-1.0000
16.6699,1.0000,35.2196,1.0990,0.2856,16.6617,16.6696,15.5351,0.0011,-1.0000
16.6640,1.0000,35.2360,1.1022,0.3902,16.6839,16.6458,14.8858,0.0011,-1.0000
16.6649,1.0000,35.2527,1.4511,0.3517,16.6564,16.6507,15.6074,0.0012,-1.0000
16.6685,1.0000,35.2695,1.2908,0.3170,16.6639,16.6647,15.5646,0.0012,-1.0000
16.6669,1.0000,35.2861,1.1330,0.3254,16.6805,16.6581,15.2062,0.0016,-1.0000
16.6666,1.0000,35.3028,1.7591,0.3058,16.6555,16.6595,15.4204,0.0011,-1.0000
16.6680,1.0000,35.3195,1.0421,0.3067,16.6590,16.6607,15.4538,0.0012,-1.0000
16.6657,1.0000,35.3360,1.0989,0.3333,16.6723,16.6534,15.3497,0.0013,-1.0000
16.6666,1.0000,35.3528,1.4505,0.3190,16.6667,16.6577,15.5877,0.0010,-1.0000
16.6675,1.0000,35.3695,1.2380,0.3205,16.6675,16.6613,15.4800,0.0013,-1.0000
16.6665,1.0000,35.3861,1.2056,0.3374,16.6702,16.6579,15.4045,0.0014,-1.0000
16.6652,1.0000,35.4028,1.3024,0.3670,16.6625,16.6533,15.4454,0.0013,-1.0000
16.6691,1.0000,35.4195,1.0687,0.2886,16.6661,16.6650,15.4510,0.0009,-1.0000
16.6651,1.0000,35.4360,1.1798,0.3322,16.6698,16.6508,15.1063,0.0017,-1.0000
16.6676,1.0000,35.4528,1.2516,0.3080,16.6672,16.6614,15.6440,0.0012,-1.0000
16.6685,1.0000,35.4695,1.2061,0.3207,16.6621,16.6679,15.4675,0.0011,-1.0000
16.6627,1.0000,35.4860,1.2131,0.4554,16.6728,16.6381,14.9071,0.0019,-1.0000
16.6683,1.0000,35.5028,1.5425,0.3131,16.6596,16.6694,15.5833,0.0009,-1.0000
16.6693,1.0000,35.5195,1.0159,0.3136,16.6696,16.6643,15.3239,0.0010,-1.0000
16.6635,1.0000,35.5360,1.1990,0.3358,16.6787,16.6460,14.8503,0.0010,-1.0000
16.6684,1.0000,35.5529,1.7290,0.3243,16.6467,16.6696,15.5572,0.0011,-1.0000
16.6678,1.0000,35.5694,1.0851,0.4379,16.6763,16.6500,15.3172,0.0011,-1.0000
16.6635,1.0000,35.5861,1.3390,0.3838,16.6746,16.6502,15.4055,0.0012,-1.0000
16.6690,1.0000,35.6028,1.7949,0.3597,16.6556,16.6717,15.5733,0.0011,-1.0000
16.6680,1.0000,35.6195,1.1115,0.3618,16.6799,16.6526,15.0290,0.0011,-1.0000
16.6645,1.0000,35.6360,1.3312,0.3448,16.6591,16.6521,15.4030,0.0013,-1.0000
16.6925,1.0000,35.6529,1.2434,0.2893,16.6582,16.7723,15.5402,0.0012,-1.0000
16.6649,1.0000,35.6695,1.0976,0.3595,16.6812,16.5717,15.2069,0.0013,-1.0000
16.6667,1.0000,35.6861,1.6220,0.2950,16.6615,16.6536,15.3727,0.0014,-1.0000
16.6666,1.0000,35.7028,1.2477,0.3788,16.6603,16.6598,15.5179,0.0011,-1.0000
16.6667,1.0000,35.7195,1.2307,0.4856,16.7824,16.6565,15.4334,0.0013,-1.0000
16.6655,1.0000,35.7360,1.3634,0.3198,16.5817,16.6525,15.4864,0.0012,-1.0000
16.6682,1.0000,35.7528,1.2793,0.3314,16.6630,16.6670,15.6571,0.0012,-1.0000
16.6665,1.0000,35.7695,1.1407,0.3147,16.6685,16.6539,15.2761,0.0014,-1.0000
16.6670,1.0000,35.7862,1.2216,0.3209,16.6657,16.6571,15.5024,0.0014,-1.0000
16.7299,1.0000,35.8032,1.1647,0.3201,16.6606,16.6957,15.3335,0.0014,-1.0000
16.6679,1.0000,35.8195,1.0085,0.4006,16.6764,16.6595,15.1027,0.0014,-1.0000
16.6658,1.0000,35.8361,1.3762,0.3370,16.6621,16.6559,15.4625,0.0013,-1.0000
16.6678,1.0000,35.8531,1.1530,0.3706,16.6931,16.6593,15.4907,0.0012,-1.0000
16.6652,1.0000,35.8695,1.3612,0.4108,16.7056,16.6567,14.5485,0.0013,-1.0000
16.6673,1.0000,35.8862,1.5555,0.3393,16.6678,16.6566,15.4070,0.0011,-1.0000
16.6667,1.0000,35.9029,1.1918,0.3569,16.6657,16.6565,15.4211,0.0012,-1.0000
16.6673,1.0000,35.9195,1.1673,0.3596,16.6683,16.6582,15.3039,0.0012,-1.0000
16.6652,1.0000,35.9361,2.1068,0.3495,16.6663,16.6544,15.3915,0.0012,-1.0000
16.7105,1.0000,35.9529,1.2481,0.3217,16.6659,16.7017,15.5716,0.0010,-1.0000
16.6687,1.0000,35.9697,1.2340,0.4357,16.6658,16.6705,15.5142,0.0011,-1.0000
16.6650,1.0000,35.9862,1.3530,0.3425,16.6681,16.6436,15.0799,0.0013,-1.0000
16.6668,1.0000,36.0029,1.2616,0.3511,16.6637,16.6609,15.4245,0.0014,-1.0000
16.6674,1.0000,36.0196,1.1290,0.3179,16.7104,16.6552,15.3548,0.0013,-1.0000
16.6656,1.0000,36.0361,1.1548,0.3429,16.6808,16.6527,15.4203,0.0014,-1.0000
16.6652,1.0000,36.0529,1.5618,0.3639,16.6525,16.6523,15.5726,0.0012,-1.0000
16.6712,1.0000,36.0696,1.2351,0.3250,16.6707,16.6753,15.5105,0.0010,-1.0000
16.6618,1.0000,36.0862,1.2992,0.3426,16.6655,16.6892,15.3726,0.0013,-1.0000
16.6696,1.0000,36.1029,1.2309,0.3239,16.6610,16.6210,15.5862,0.0009,-1.0000
16.6829,1.0000,36.1196,1.0782,0.3042,16.6603,16.6810,15.5312,0.0011,-1.0000
16.6627,1.0000,36.1361,1.1637,0.3213,16.6838,16.6429,15.3572,0.0013,-1.0000
16.6689,1.0000,36.1529,1.3153,0.2892,16.6980,16.6667,15.6024,0.0010,-1.0000
16.6678,1.0000,36.1696,1.0338,0.3582,16.6281,16.6582,15.4606,0.0014,-1.0000
16.6629,1.0000,36.1862,1.1484,0.3766,16.6907,16.6426,15.4794,0.0014,-1.0000
16.6696,1.0000,36.2030,1.2846,0.3119,16.6516,16.6795,15.6798,0.0010,-1.0000
16.6675,1.0000,36.2196,1.0630,0.3412,16.6752,16.6538,14.4644,0.0016,-1.0000
16.6649,1.0000,36.2361,1.1960,0.3254,16.6671,16.6504,15.4692,0.0013,-1.0000
16.6691,1.0000,36.2530,1.1617,0.2995,16.6490,16.6685,15.6324,0.0010,-1.0000
16.6660,1.0000,36.2696,0.9987,0.4936,16.6887,16.6501,14.9587,0.0013,-1.0000
16.6644,1.0000,36.2862,2.1877,0.3410,16.6625,16.6502,15.5276,0.0010,-1.0000
16.6677,1.0000,36.3030,1.1796,0.3017,16.6593,16.6701,15.6140,0.0015,-1.0000
16.6686,1.0000,36.3196,1.0346,0.4723,16.6786,16.6594,15.3080,0.0011,-1.0000
16.6657,1.0000,36.3362,1.6900,0.3063,16.6582,16.6529,15.4187,0.0010,-1.0000
16.6675,1.0000,36.3529,1.1216,0.2985,16.6579,16.6611,15.5287,0.0015,-1.0000
16.6683,1.0000,36.3697,1.0544,0.4587,16.6807,16.6611,15.4014,0.0011,-1.0000
16.6638,1.0000,36.3862,1.3503,0.3454,16.6684,16.6436,15.3076,0.0010,-1.0000
16.6679,1.0000,36.4029,1.2329,0.3801,16.6623,16.6659,15.5685,0.0012,-1.0000
16.6674,1.0000,36.4196,1.1307,0.3769,16.6712,16.6554,15.2028,0.0014,-1.0000
16.6663,1.0000,36.4362,1.2584,0.3539,16.6721,16.6583,15.4547,0.0012,-1.0000
16.6822,1.0000,36.4530,1.3348,0.3060,16.6515,16.6758,15.5205,0.0012,-1.0000
16.6667,1.0000,36.4696,1.0961,0.3951,16.6756,16.6569,15.1932,0.0013,-1.0000
16.6655,1.0000,36.4863,1.4507,0.3322,16.6644,16.6541,15.3772,0.0011,-1.0000
16.6697,1.0000,36.5032,1.2020,0.3696,16.6666,16.6669,15.4842,0.0014,-1.0000
16.6637,1.0000,36.5196,1.1539,0.4876,16.6851,16.6447,14.9664,0.0014,-1.0000
16.6668,1.0000,36.5362,1.4621,0.3901,16.6664,16.6545,15.4388,0.0012,-1.0000
16.6683,1.0000,36.5530,1.2756,0.3807,16.6628,16.6940,15.6086,0.0011,-1.0000
16.6662,1.0000,36.5696,1.1809,0.4853,16.6777,16.6290,15.2642,0.0011,-1.0000
16.6655,1.0000,36.5862,1.6770,0.4163,16.6549,16.6526,15.4241,0.0011,-1.0000
16.6698,1.0000,36.6030,1.2144,0.3311,16.6630,16.6728,15.5394,0.0014,-1.0000
16.6642,1.0000,36.6196,1.0841,0.3429,16.7022,16.6420,15.4000,0.0014,-1.0000
16.6650,1.0000,36.6361,1.3635,0.3754,16.6396,16.6523,15.4429,0.0011,-1.0000
16.6706,1.0000,36.6531,1.2275,0.3741,16.6605,16.6735,15.5409,0.0009,-1.0000
16.6637,1.0000,36.6696,1.1316,0.3847,16.6828,16.6433,15.0684,0.0013,-1.0000
16.6681,1.0000,36.6863,1.2406,0.3407,16.6530,16.6648,15.4732,0.0012,-1.0000
16.6858,1.0000,36.7031,1.2084,0.3337,16.6602,16.6782,15.4137,0.0013,-1.0000
16.6659,1.0000,36.7196,1.1313,0.3578,16.6825,16.6509,15.3371,0.0012,-1.0000
16.6679,1.0000,36.7362,1.5739,0.3522,16.6524,16.6652,15.3364,0.0016,-1.0000
16.6679,1.0000,36.7530,1.1902,0.3749,16.6735,16.6595,15.2911,0.0013,-1.0000
16.6638,1.0000,36.7696,1.2634,0.4126,16.6878,16.6455,15.1109,0.0014,-1.0000
16.6678,1.0000,36.7863,1.3127,0.3865,16.6593,16.6631,15.4774,0.0013,-1.0000
16.6672,1.0000,36.8029,1.3269,0.9511,16.6741,16.6594,15.0243,0.0012,-1.0000
16.6658,1.0000,36.8196,1.3669,0.3677,16.6699,16.6546,15.5005,0.0011,-1.0000
16.6679,1.0000,36.8362,1.5329,0.3481,16.6549,16.6606,15.3892,0.0012,-1.0000
16.6664,1.0000,36.8530,1.1843,0.3665,16.6718,16.6584,15.4740,0.0011,-1.0000
16.6649,1.0000,36.8696,1.6339,0.4164,16.6681,16.6494,15.4864,0.0011,-1.0000
16.6675,1.0000,36.8863,1.1528,0.3256,16.6640,16.6634,15.4101,0.0011,-1.0000
16.6686,1.0000,36.9029,1.2700,0.4057,16.6694,16.6620,15.4273,0.0013,-1.0000
16.6660,1.0000,36.9196,1.1832,0.3290,16.6678,16.6566,15.3379,0.0012,-1.0000
16.6678,1.0000,36.9362,1.1618,0.3583,16.6579,16.6630,15.4857,0.0012,-1.0000
16.6664,1.0000,36.9530,1.2521,0.4352,16.6719,16.6529,15.4203,0.0011,-1.0000
16.6690,1.0000,36.9696,1.2334,0.4298,16.6694,16.6571,15.4439,0.0012,-1.0000
16.6643,1.0000,36.9863,1.3172,0.3261,16.6656,16.6614,15.4385,0.0014,-1.0000
16.6665,1.0000,37.0030,1.1759,0.4486,16.6725,16.6894,14.7389,0.0010,-1.0000
16.6658,1.0000,37.0196,1.2313,0.4001,16.6623,16.6189,15.4103,0.0013,-1.0000
16.6705,1.0000,37.0363,1.2112,0.3546,16.6651,16.6694,15.5446,0.0014,-1.0000
16.6648,1.0000,37.0530,1.2214,0.3860,16.6709,16.6517,15.2039,0.0016,-1.0000
16.6659,1.0000,37.0696,1.9497,0.3992,16.6994,16.6514,15.4202,0.0011,-1.0000
16.6689,1.0000,37.0864,1.2073,0.3530,16.6279,16.6726,15.4174,0.0010,-1.0000
16.6649,1.0000,37.1030,1.1229,0.4191,16.6792,16.6407,15.2970,0.0013,-1.0000
16.6669,1.0000,37.1197,1.4464,0.3977,16.6623,16.6568,15.4023,0.0012,-1.0000
16.6665,1.0000,37.1363,1.2301,0.3356,16.6600,16.6558,15.4030,0.0012,-1.0000
16.6670,1.0000,37.1530,1.2540,0.4375,16.6851,16.6584,15.3359,0.0013,-1.0000
16.6665,1.0000,37.1696,1.3424,0.3688,16.6529,16.6554,15.4618,0.0013,-1.0000
16.6675,1.0000,37.1863,1.2531,0.3925,16.6661,16.6638,15.3675,0.0012,-1.0000
16.6654,1.0000,37.2029,1.2515,0.4125,16.6647,16.6508,15.3756,0.0012,-1.0000
16.6667,1.0000,37.2196,1.3210,0.3453,16.6678,16.6607,15.4947,0.0011,-1.0000
16.6695,1.0000,37.2366,1.1922,0.3473,16.6640,16.6621,15.4123,0.0013,-1.0000
16.6637,1.0000,37.2529,1.2949,0.3768,16.6732,16.6464,14.9200,0.0017,-1.0000
16.6679,1.0000,37.2696,1.2741,0.3854,16.6597,16.6610,15.4437,0.0011,-1.0000
16.6675,1.0000,37.2864,1.1648,0.3512,16.6698,16.6626,15.4628,0.0011,-1.0000
16.6640,1.0000,37.3030,1.2484,0.3902,16.6733,16.6470,15.0984,0.0014,-1.0000
16.6680,1.0000,37.3196,1.7247,0.3482,16.6554,16.6627,15.4736,0.0012,-1.0000
16.6681,1.0000,37.3362,1.2157,0.3968,16.6698,16.6666,15.5279,0.0011,-1.0000
16.6642,1.0000,37.3529,1.1982,0.4596,16.6732,16.6420,15.4906,0.0011,-1.0000
16.6685,1.0000,37.3701,1.5470,0.3967,16.6570,16.6669,15.5549,0.0011,-1.0000
16.6675,1.0000,37.3863,1.1877,0.3225,16.6701,16.6624,14.6695,0.0012,-1.0000
16.6635,1.0000,37.4029,1.1374,0.4010,16.6753,16.6485,15.5564,0.0011,-1.0000
16.7186,1.0000,37.4198,1.1502,0.3680,16.6498,16.7781,15.5646,0.0012,-1.0000
16.6677,1.0000,37.4362,1.1104,0.4717,16.6742,16.5965,14.9683,0.0010,-1.0000
16.6667,1.0000,37.4530,1.9913,0.3376,16.6707,16.6558,15.5336,0.0014,-1.0000
16.6676,1.0000,37.4697,1.0909,0.3464,16.6567,16.6928,15.4555,0.0011,-1.0000
16.6660,1.0000,37.4863,1.2122,0.3678,16.7871,16.6233,15.3554,0.0012,-1.0000
16.6666,1.0000,37.5030,1.6268,0.3598,16.6055,16.6565,15.5166,0.0012,-1.0000
16.6651,1.0000,37.5197,1.1207,0.3508,16.6641,16.6613,15.5024,0.0011,-1.0000
16.6693,1.0000,37.5362,1.2364,0.3593,16.7024,16.6575,14.7954,0.0012,-1.0000
16.6656,1.0000,37.5530,1.2666,0.3870,16.6318,16.6553,15.5875,0.0011,-1.0000
16.6688,1.0000,37.5697,1.1385,0.3463,16.6654,16.6656,15.5009,0.0011,-1.0000
16.6654,1.0000,37.5864,1.1578,0.4786,16.6701,16.6564,15.2491,0.0013,-1.0000
16.6664,1.0000,37.6030,1.8609,0.3367,16.6664,16.6519,15.4262,0.0013,-1.0000
16.6677,1.0000,37.6197,1.0666,0.3736,16.6635,16.6653,15.5119,0.0014,-1.0000
16.6665,1.0000,37.6362,1.1632,0.4880,16.6745,16.6536,15.3862,0.0012,-1.0000
16.6663,1.0000,37.6530,1.4061,0.3870,16.6663,16.6540,15.6166,0.0012,-1.0000
16.6685,1.0000,37.6697,1.2243,0.3577,16.6606,16.6693,15.5118,0.0012,-1.0000
16.6663,1.0000,37.6864,1.1518,0.4447,16.6738,16.6528,15.4061,0.0011,-1.0000
16.6659,1.0000,37.7030,1.2660,0.3583,16.6629,16.6532,15.4915,0.0012,-1.0000
16.6669,1.0000,37.7197,1.0360,0.3360,16.6612,16.6603,15.5004,0.0011,-1.0000
16.6671,1.0000,37.7362,1.1559,0.4278,16.6781,16.6584,15.3448,0.0014,-1.0000
16.6659,1.0000,37.7530,1.2453,0.3998,16.6630,16.6553,15.6054,0.0011,-1.0000
16.6670,1.0000,37.7698,1.1603,0.4280,16.6619,16.6848,15.4937,0.0010,-1.0000
16.6682,1.0000,37.7863,1.1586,0.4177,16.6684,16.6358,15.2475,0.0012,-1.0000
16.6648,1.0000,37.8030,1.3122,0.3605,16.6676,16.6525,15.4906,0.0013,-1.0000
16.6688,1.0000,37.8197,1.0488,0.3400,16.6642,16.6662,15.4881,0.0013,-1.0000
16.6663,1.0000,37.8363,1.1900,0.3789,16.6930,16.6554,15.3734,0.0012,-1.0000
16.6666,1.0000,37.8530,1.3869,0.3590,16.6447,16.6543,15.5607,0.0010,-1.0000
16.6686,1.0000,37.8698,1.1604,0.3937,16.6616,16.6689,15.3745,0.0011,-1.0000
16.6646,1.0000,37.8864,1.1767,0.4046,16.6751,16.6432,15.0655,0.0015,-1.0000
16.6668,1.0000,37.9030,1.2807,0.3773,16.6654,16.6552,15.4112,0.0012,-1.0000
16.6684,1.0000,37.9198,1.0923,0.3500,16.6633,16.6633,15.4907,0.0011,-1.0000
16.6652,1.0000,37.9363,1.2930,0.4376,16.6806,16.6519,15.2829,0.0013,-1.0000
16.6656,1.0000,37.9530,1.5762,0.4300,16.6547,16.6544,15.5398,0.0012,-1.0000
16.6685,1.0000,37.9697,1.2425,0.3509,16.6639,16.6642,15.4940,0.0010,-1.0000
16.6664,1.0000,37.9863,1.1713,0.4504,16.6730,16.6534,15.3484,0.0011,-1.0000
16.6648,1.0000,38.0030,1.3676,0.3602,16.6615,16.6534,15.4397,0.0014,-1.0000
16.6688,1.0000,38.0197,1.1134,0.3867,16.6633,16.6644,15.5471,0.0008,-1.0000
16.6666,1.0000,38.0362,1.1694,0.3899,16.6733,16.6582,14.9493,0.0011,-1.0000
16.6666,1.0000,38.0530,1.3037,0.3386,16.6628,16.6592,15.5476,0.0011,-1.0000
16.6676,1.0000,38.0699,1.2121,0.3422,16.6613,16.6594,15.5016,0.0012,-1.0000
16.6658,1.0000,38.0863,1.1164,0.7935,16.6722,16.6574,15.1418,0.0014,-1.0000
16.6669,1.0000,38.1030,1.7076,0.4483,16.6661,16.6586,15.4964,0.0011,-1.0000
16.6703,1.0000,38.1199,1.1106,0.3813,16.6674,16.6714,15.4569,0.0012,-1.0000
16.6633,1.0000,38.1362,1.1564,0.4019,16.6676,16.6408,15.0988,0.0012,-1.0000
16.6667,1.0000,38.1530,1.5141,0.3651,16.6659,16.6579,15.5926,0.0012,-1.0000
16.6691,1.0000,38.1697,1.1608,0.4460,16.6670,16.6675,15.0014,0.0013,-1.0000
16.6644,1.0000,38.1863,1.2131,0.7272,16.6826,16.6478,15.2763,0.0014,-1.0000
16.6663,1.0000,38.2030,1.5406,0.3578,16.6513,16.6578,15.4864,0.0011,-1.0000
16.6676,1.0000,38.2197,1.0638,0.4154,16.6671,16.6590,14.6728,0.0011,-1.0000
16.6662,1.0000,38.2362,1.6645,0.5164,16.6762,16.6548,15.4967,0.0013,-1.0000
16.6691,1.0000,38.2531,1.3700,0.3485,16.6563,16.6746,15.5742,0.0009,-1.0000
16.6654,1.0000,38.2697,1.1704,0.3504,16.6669,16.6381,15.2061,0.0011,-1.0000
16.6666,1.0000,38.2864,1.9850,0.3494,16.6678,16.6539,15.4168,0.0012,-1.0000
16.6660,1.0000,38.3031,1.1566,0.3939,16.6623,16.6585,15.4579,0.0011,-1.0000
16.6682,1.0000,38.3197,1.0992,0.3929,16.6930,16.6600,15.4378,0.0014,-1.0000
16.6659,1.0000,38.3363,1.4304,0.3730,16.6484,16.6573,15.4841,0.0014,-1.0000
16.6677,1.0000,38.3530,1.2357,0.3461,16.6627,16.6632,15.5135,0.0010,-1.0000
16.6669,1.0000,38.3697,1.1993,0.4006,16.6678,16.6511,15.4285,0.0014,-1.0000
16.6663,1.0000,38.3863,1.2205,0.3398,16.6679,16.6577,15.4566,0.0011,-1.0000
16.6677,1.0000,38.4032,1.1718,0.3527,16.6668,16.6620,15.4652,0.0013,-1.0000
16.6661,1.0000,38.4197,1.1486,0.4328,16.6724,16.6546,15.0580,0.0014,-1.0000
16.6646,1.0000,38.4362,1.2213,0.3544,16.6601,16.6497,15.4968,0.0012,-1.0000
16.6716,1.0000,38.4531,1.1997,0.4425,16.6661,16.6776,15.6881,0.0011,-1.0000
16.6638,1.0000,38.4697,1.1949,0.4136,16.6716,16.6437,14.8215,0.0012,-1.0000
16.6663,1.0000,38.4863,1.5950,0.3527,16.6641,16.6570,15.4717,0.0013,-1.0000
16.6675,1.0000,38.5031,1.1511,0.4201,16.6579,16.6656,15.5400,0.0010,-1.0000
16.6662,1.0000,38.5197,0.9880,0.4912,16.6870,16.6484,14.5785,0.0015,-1.0000
16.6667,1.0000,38.5362,1.8207,0.4508,16.6533,16.6594,15.4164,0.0010,-1.0000
16.6682,1.0000,38.5530,1.1837,0.3779,16.6661,16.6660,15.5865,0.0012,-1.0000
16.6658,1.0000,38.5697,1.1242,0.4077,16.6753,16.6551,15.4008,0.0011,-1.0000
16.6661,1.0000,38.5863,2.0688,0.4263,16.6572,16.6496,15.3957,0.0014,-1.0000
16.6680,1.0000,38.6030,1.2419,0.3751,16.6678,16.6651,15.5268,0.0010,-1.0000
16.6666,1.0000,38.6199,1.0780,0.6361,16.6757,16.6542,15.3409,0.0011,-1.0000
16.6648,1.0000,38.6373,1.2532,0.6154,16.6650,16.6533,15.2212,0.0011,-1.0000
16.9345,1.0000,38.6536,1.2526,0.3494,16.6578,17.0737,14.4382,0.0011,-1.0000
16.6661,1.0000,38.6700,1.1368,0.3668,16.6741,16.5089,15.0870,0.0013,-1.0000
16.6661,1.0000,38.6866,1.3118,0.4159,16.6631,16.6551,15.4321,0.0011,-1.0000
16.6675,1.0000,38.7033,1.4305,0.5194,16.6609,16.6637,15.4717,0.0013,-1.0000
16.6671,1.0000,38.7200,2.6342,0.4339,17.0851,16.6573,15.3564,0.0011,-1.0000
16.6662,1.0000,38.7366,1.4208,0.4486,16.5193,16.6565,15.3875,0.0013,-1.0000
16.6670,1.0000,38.7532,1.2216,0.3710,16.6632,16.6571,15.4001,0.0014,-1.0000
16.6659,1.0000,38.7700,1.1905,0.4906,16.6719,16.6565,15.4279,0.0011,-1.0000
16.6658,1.0000,38.7866,1.2996,0.4890,16.6673,16.6555,15.4452,0.0012,-1.0000
16.6694,1.0000,38.8034,1.2674,0.4221,16.6655,16.6669,15.3904,0.0008,-1.0000
16.6655,1.0000,38.8200,1.2554,0.5131,16.6662,16.6976,15.2895,0.0016,-1.0000
16.6667,1.0000,38.8366,1.2273,0.4039,16.6653,16.6103,15.3774,0.0011,-1.0000
16.6692,1.0000,38.8532,1.2088,0.3862,16.6650,16.6640,15.4734,0.0012,-1.0000
16.6645,1.0000,38.8699,1.2757,0.4300,16.6761,16.6479,15.4432,0.0013,-1.0000
16.6657,1.0000,38.8866,1.4064,0.4071,16.7078,16.6548,15.5077,0.0012,-1.0000
16.6681,1.0000,38.9033,1.2315,0.4493,16.6191,16.6662,15.5069,0.0013,-1.0000
16.6663,1.0000,38.9200,1.1891,0.4604,16.6755,16.6540,15.2839,0.0012,-1.0000
16.6671,1.0000,38.9367,1.2033,0.4312,16.6567,16.6617,15.4698,0.0010,-1.0000
16.6674,1.0000,38.9532,1.1459,0.3897,16.6626,16.6572,15.2933,0.0011,-1.0000
16.6658,1.0000,38.9700,1.1578,0.5290,16.6757,16.6526,15.3681,0.0012,-1.0000
16.6655,1.0000,38.9866,1.3687,0.4627,16.6627,16.6533,15.4907,0.0014,-1.0000
16.6704,1.0000,39.0033,1.1910,0.4301,16.6710,16.6720,15.4400,0.0010,-1.0000
16.6646,1.0000,39.0200,1.3627,0.5543,16.6675,16.6486,15.4037,0.0013,-1.0000
16.6674,1.0000,39.0366,1.2832,0.3994,16.6613,16.6626,15.4757,0.0013,-1.0000
16.6690,1.0000,39.0532,1.1611,0.4080,16.6611,16.6634,15.4985,0.0011,-1.0000
16.6642,1.0000,39.0699,1.2305,0.4210,16.6801,16.6468,15.3750,0.0011,-1.0000
16.6667,1.0000,39.0866,1.2435,0.4398,16.6576,16.6612,15.4970,0.0013,-1.0000
16.6670,1.0000,39.1033,1.1856,0.4181,16.6719,16.6612,15.2759,0.0012,-1.0000
16.6651,1.0000,39.1200,1.1638,0.4472,16.6721,16.6745,15.4840,0.0011,-1.0000
16.6724,1.0000,39.1367,1.2703,0.4215,16.6552,16.6529,15.4903,0.0009,-1.0000
16.6632,1.0000,39.1532,1.1627,0.4361,16.6688,16.6449,15.2498,0.0013,-1.0000
16.6658,1.0000,39.1699,1.3835,0.4038,16.6693,16.6548,15.5832,0.0011,-1.0000
16.6663,1.0000,39.1867,1.1893,0.4148,16.6823,16.6586,15.4289,0.0010,-1.0000
16.6676,1.0000,39.2033,1.1612,0.5654,16.6638,16.6613,14.9908,0.0492,-1.0000
16.6662,1.0000,39.2200,1.3935,0.4096,16.6552,16.7262,15.4586,0.0013,-1.0000
16.6679,1.0000,39.2366,1.0702,0.3923,16.6640,16.5917,15.4660,0.0013,-1.0000
16.6664,1.0000,39.2533,1.2285,0.4182,16.6664,16.7164,15.2981,0.0018,-1.0000
16.6669,1.0000,39.2700,1.6210,0.3831,16.6694,16.5953,15.5192,0.0013,-1.0000
16.6679,1.0000,39.2867,1.2658,0.4055,16.7342,16.7065,15.5101,0.0012,-1.0000
16.6655,1.0000,39.3033,1.1240,0.4816,16.6005,16.6095,15.2928,0.0012,-1.0000
16.6659,1.0000,39.3199,1.4165,0.3979,16.7265,16.6592,15.5103,0.0011,-1.0000
16.6698,1.0000,39.3367,1.0745,0.3748,16.6042,16.6655,15.4150,0.0011,-1.0000
16.6660,1.0000,39.3532,1.1946,0.4294,16.7149,16.6502,14.8067,0.0013,-1.0000
16.6655,1.0000,39.3700,1.3153,0.4154,16.6182,16.6579,15.4272,0.0012,-1.0000
16.6676,1.0000,39.3867,1.1478,0.4086,16.6676,16.6606,15.5027,0.0013,-1.0000
16.6667,1.0000,39.4033,1.2491,0.4187,16.6760,16.6545,15.3095,0.0010,-1.0000
16.6641,1.0000,39.4199,1.8421,0.4350,16.6598,16.6487,15.4642,0.0012,-1.0000
16.6701,1.0000,39.4369,1.2291,0.4144,16.6666,16.6676,15.5700,0.0010,-1.0000
16.6652,1.0000,39.4532,1.1565,0.7432,16.6709,16.6545,15.2602,0.0011,-1.0000
16.6657,1.0000,39.4699,1.3437,0.4298,16.6641,16.6570,15.6287,0.0010,-1.0000
16.6688,1.0000,39.4866,1.1834,0.4239,16.6575,16.6642,15.5728,0.0010,-1.0000
16.6656,1.0000,39.5033,1.0961,0.4535,16.6757,16.6536,15.3329,0.0014,-1.0000
16.6665,1.0000,39.5199,1.3930,0.3507,16.6631,16.6581,15.3384,0.0014,-1.0000
16.6681,1.0000,39.5366,1.0271,0.3475,16.6647,16.6629,15.4922,0.0011,-1.0000
16.6684,1.0000,39.5532,1.0903,0.4371,16.6730,16.6570,15.3795,0.0012,-1.0000
16.6640,1.0000,39.5699,1.3191,0.4177,16.6624,16.6517,15.5666,0.0012,-1.0000
16.6683,1.0000,39.5866,1.3183,0.3672,16.6664,16.6605,15.3082,0.0012,-1.0000
16.6659,1.0000,39.6033,1.1694,0.3691,16.6728,16.6525,15.2628,0.0012,-1.0000
16.6668,1.0000,39.6201,1.2760,0.3600,16.6682,16.6617,15.4977,0.0011,-1.0000
16.6681,1.0000,39.6367,1.0838,0.4630,16.6620,16.6588,15.2267,0.0011,-1.0000
16.6653,1.0000,39.6532,1.3510,0.4058,16.6697,16.6514,15.2378,0.0013,-1.0000
16.6647,1.0000,39.6699,1.3883,0.3646,16.6619,16.6513,15.5585,0.0016,-1.0000
16.6699,1.0000,39.6867,1.1626,0.4362,16.6711,16.6699,15.2641,0.0013,-1.0000
16.6654,1.0000,39.7033,1.4310,0.5087,16.6688,16.6533,14.8908,0.0016,-1.0000
16.6678,1.0000,39.7201,1.4124,0.3675,16.6603,16.6652,15.5184,0.0015,-1.0000
16.6681,1.0000,39.7369,1.0913,0.4520,16.6598,16.6610,15.1787,0.0012,-1.0000
16.6632,1.0000,39.7531,1.4042,0.4754,16.6786,16.6377,14.8652,0.0019,-1.0000
16.6682,1.0000,39.7701,1.7606,0.3609,16.6617,16.6667,15.6051,0.0013,-1.0000
16.6675,1.0000,39.7866,1.1451,0.6198,16.6750,16.6549,15.0529,0.0010,-1.0000
16.6665,1.0000,39.8033,1.4809,0.4263,16.6715,16.6595,15.5103,0.0010,-1.0000
16.6679,1.0000,39.8200,1.7711,0.3254,16.6470,16.6605,15.4903,0.0011,-1.0000
16.6669,1.0000,39.8366,1.0600,0.3881,16.6770,16.6613,15.3640,0.0011,-1.0000
16.6663,1.0000,39.8532,1.6007,0.3780,16.6632,16.6554,15.4256,0.0012,-1.0000
16.6875,1.0000,39.8702,1.1480,0.3319,16.6677,16.6792,15.5605,0.0012,-1.0000
16.6463,1.0000,39.8866,1.1687,0.4511,16.6687,16.5936,15.1052,0.0011,-1.0000
16.6658,1.0000,39.9033,1.2962,0.3846,16.6701,16.6550,15.5087,0.0013,-1.0000
16.6682,1.0000,39.9200,1.2284,0.3504,16.6639,16.6621,15.4496,0.0014,-1.0000
16.6662,1.0000,39.9366,1.1174,0.4133,16.7334,16.6584,15.2727,0.0013,-1.0000
16.6651,1.0000,39.9532,1.4870,0.3610,16.6011,16.6498,15.4572,0.0012,-1.0000
16.6692,1.0000,39.9700,1.1449,0.4563,16.6630,16.6671,15.5715,0.0011,-1.0000
16.6677,1.0000,39.9867,1.2110,0.5010,16.6710,16.6635,15.2309,0.0013,-1.0000
16.6637,1.0000,40.0033,1.3844,0.3468,16.6678,16.6399,15.3869,0.0013,-1.0000
16.6691,1.0000,40.0207,1.1912,0.4096,16.6590,16.6727,15.4711,0.0010,-1.0000
16.6658,1.0000,40.0366,1.0946,0.4706,16.6772,16.6497,14.6916,0.0017,-1.0000
16.6649,1.0000,40.0532,1.4312,0.3700,16.6734,16.6535,15.3955,0.0014,-1.0000
16.6709,1.0000,40.0700,1.2516,0.3458,16.6483,16.6692,15.6040,0.0010,-1.0000
16.6644,1.0000,40.0866,1.2003,0.4452,16.6822,16.6488,15.2274,0.0011,-1.0000
16.6653,1.0000,40.1033,1.9564,0.3459,16.6589,16.6527,15.5280,0.0013,-1.0000
16.6693,1.0000,40.1201,1.2565,0.3753,16.6613,16.6682,15.4663,0.0010,-1.0000
16.6666,1.0000,40.1367,1.0638,0.4843,16.6789,16.6551,15.2657,0.0013,-1.0000
16.6659,1.0000,40.1532,1.4202,0.3333,16.6576,16.6558,15.4057,0.0011,-1.0000
16.6696,1.0000,40.1702,1.1229,0.3417,16.6604,16.6670,15.4440,0.0012,-1.0000
16.6623,1.0000,40.1866,1.2008,0.5449,16.6773,16.6408,15.0898,0.0015,-1.0000
16.6695,1.0000,40.2033,1.3881,0.4484,16.6647,16.6664,15.5085,0.0010,-1.0000
16.6673,1.0000,40.2200,1.2490,0.4289,16.6648,16.6616,14.9072,0.0013,-1.0000
16.6635,1.0000,40.2366,1.2217,0.5117,16.6775,16.6432,15.4014,0.0013,-1.0000
16.6692,1.0000,40.2533,1.5497,0.4421,16.6488,16.6722,15.4697,0.0012,-1.0000
16.6667,1.0000,40.2700,1.1567,0.4313,16.6749,16.6593,15.2341,0.0012,-1.0000
16.6663,1.0000,40.2867,1.7527,0.4380,16.6711,16.6556,15.4990,0.0011,-1.0000
16.6677,1.0000,40.3033,1.2405,0.3764,16.6502,16.6626,15.3808,0.0011,-1.0000
16.6676,1.0000,40.3200,1.2014,0.4475,16.6798,16.6590,15.1439,0.0013,-1.0000
16.6637,1.0000,40.3366,1.4238,0.4298,16.6665,16.6481,15.4195,0.0014,-1.0000
16.6702,1.0000,40.3533,1.1554,0.3748,16.6639,16.6777,15.5673,0.0009,-1.0000
16.6657,1.0000,40.3700,1.2805,0.4526,16.6707,16.6473,15.2815,0.0010,-1.0000
16.6661,1.0000,40.3866,1.5139,0.4053,16.6679,16.6563,15.3761,0.0012,-1.0000
16.6703,1.0000,40.4033,1.2268,0.4014,16.6556,16.6703,15.5165,0.0014,-1.0000
16.6637,1.0000,40.4200,1.1093,0.4056,16.6877,16.6436,15.3097,0.0013,-1.0000
16.6648,1.0000,40.4366,1.3645,0.4266,16.6566,16.6500,15.4656,0.0011,-1.0000
16.6674,1.0000,40.4532,1.2788,0.3705,16.6646,16.6681,15.4576,0.0012,-1.0000
16.6680,1.0000,40.4700,1.1522,0.4652,16.6826,16.6551,15.5010,0.0010,-1.0000
16.6670,1.0000,40.4866,1.3324,0.3926,16.6529,16.6584,15.4576,0.0010,-1.0000
16.6668,1.0000,40.5033,1.1833,0.4403,16.6578,16.6592,15.5150,0.0013,-1.0000
16.6672,1.0000,40.5200,1.2091,0.4449,16.6760,16.6627,15.4873,0.0013,-1.0000
16.6654,1.0000,40.5366,1.1527,0.4376,16.6641,16.6481,15.3650,0.0011,-1.0000
16.6666,1.0000,40.5535,1.2000,0.3582,16.6673,16.6639,15.5352,0.0012,-1.0000
16.6685,1.0000,40.5700,1.1428,0.4197,16.6681,16.6597,14.9544,0.0010,-1.0000
16.6664,1.0000,40.5867,1.1733,0.3843,16.6718,16.6570,15.3839,0.0015,-1.0000
16.7363,1.0000,40.6034,1.2819,0.3727,16.6558,16.7261,15.4733,0.0014,-1.0000
16.6665,1.0000,40.6201,1.1273,0.4767,16.6720,16.6600,14.0807,0.0013,-1.0000
16.6667,1.0000,40.6367,1.7043,0.3897,16.6697,16.6545,15.3763,0.0013,-1.0000
16.6666,1.0000,40.6533,1.2714,0.3758,16.6670,16.6613,15.4264,0.0013,-1.0000
16.6666,1.0000,40.6700,1.2514,0.6169,16.7344,16.6563,15.4586,0.0014,-1.0000
16.6649,1.0000,40.6867,2.5780,0.3724,16.6686,16.6536,15.3448,0.0015,-1.0000
16.6697,1.0000,40.7035,1.2767,0.4018,16.6634,16.6647,15.5139,0.0013,-1.0000
16.6656,1.0000,40.7200,1.2335,0.4376,16.6697,16.6549,14.4308,0.0014,-1.0000
16.6666,1.0000,40.7367,1.1958,0.3978,16.6646,16.6569,15.4518,0.0011,-1.0000
16.6677,1.0000,40.7533,1.3069,0.3990,16.6623,16.6615,15.5064,0.0011,-1.0000
16.6666,1.0000,40.7700,1.1495,0.5684,16.6737,16.6578,15.4424,0.0014,-1.0000
16.6660,1.0000,40.7867,2.2226,0.3752,16.6637,16.6531,15.4831,0.0011,-1.0000
16.6683,1.0000,40.8035,1.2036,0.4174,16.6652,16.6680,15.4475,0.0010,-1.0000
16.6661,1.0000,40.8201,1.1538,0.4543,16.6700,16.6496,15.1982,0.0013,-1.0000
16.6661,1.0000,40.8367,1.2137,0.4164,16.6672,16.6542,15.3881,0.0013,-1.0000
16.6682,1.0000,40.8533,1.1686,0.3520,16.6616,16.6628,15.4955,0.0012,-1.0000
16.6669,1.0000,40.8700,1.2195,0.4011,16.6790,16.6558,15.4378,0.0011,-1.0000
16.6658,1.0000,40.8867,1.4501,0.3694,16.6597,16.6558,15.5115,0.0011,-1.0000
16.6679,1.0000,40.9034,1.2643,0.4522,16.6630,16.6622,15.4761,0.0013,-1.0000
16.6660,1.0000,40.9200,1.1661,0.5840,16.6716,16.6582,15.3599,0.0011,-1.0000
16.6672,1.0000,40.9367,1.2166,0.3875,16.6643,16.6563,15.4880,0.0012,-1.0000
16.6671,1.0000,40.9533,1.1431,0.3839,16.6644,16.6591,15.3894,0.0012,-1.0000
16.6658,1.0000,40.9701,1.1845,0.3703,16.6703,16.6531,15.4882,0.0010,-1.0000
16.6671,1.0000,40.9867,1.2968,0.3520,16.6682,16.6562,15.3788,0.0014,-1.0000
16.6678,1.0000,41.0034,1.1667,0.4568,16.6655,16.6623,15.4690,0.0011,-1.0000
16.6655,1.0000,41.0200,1.2685,0.3823,16.6695,16.6524,15.2848,0.0012,-1.0000
16.6670,1.0000,41.0367,1.1636,0.4535,16.6628,16.6602,15.4685,0.0010,-1.0000
16.6673,1.0000,41.0533,1.2754,0.4679,16.6652,16.6590,15.4348,0.0012,-1.0000
16.6664,1.0000,41.0700,1.1919,0.5489,16.6722,16.6531,15.3537,0.0011,-1.0000
16.6661,1.0000,41.0867,1.3663,0.3679,16.6618,16.6597,15.3486,0.0013,-1.0000
16.6679,1.0000,41.1034,1.1901,0.3762,16.6704,16.6618,15.4366,0.0013,-1.0000
16.6659,1.0000,41.1200,1.2229,0.4083,16.6675,16.6530,15.3659,0.0015,-1.0000
16.6663,1.0000,41.1367,1.2981,0.4532,16.6616,16.6579,15.4411,0.0012,-1.0000
16.6683,1.0000,41.1533,1.3097,0.3726,16.6678,16.6628,15.5092,0.0012,-1.0000
16.6661,1.0000,41.1700,1.2237,0.4537,16.6706,16.6548,15.3552,0.0014,-1.0000
16.6654,1.0000,41.1868,1.2856,0.4436,16.6628,16.6722,15.4747,0.0013,-1.0000
16.6698,1.0000,41.2034,1.2156,0.3698,16.6660,16.6463,15.1038,0.0012,-1.0000
16.6629,1.0000,41.2200,1.1523,0.4804,16.6709,16.6483,15.4660,0.0012,-1.0000
16.6685,1.0000,41.2367,1.2980,0.3738,16.6636,16.6721,15.5792,0.0010,-1.0000
16.6681,1.0000,41.2533,1.1961,0.5200,16.6819,16.6556,15.3654,0.0012,-1.0000
16.6644,1.0000,41.2700,1.5412,0.3635,16.6549,16.6496,15.3787,0.0014,-1.0000
16.6687,1.0000,41.2868,1.1809,0.3697,16.6553,16.6684,15.4969,0.0011,-1.0000
16.6671,1.0000,41.3034,1.0920,0.5455,16.6810,16.6573,15.2479,0.0019,-1.0000
16.6664,1.0000,41.3200,1.2890,0.4485,16.6643,16.6528,15.4540,0.0011,-1.0000
16.6666,1.0000,41.3367,1.2694,0.3879,16.6573,16.6616,15.4841,0.0013,-1.0000
16.6668,1.0000,41.3533,1.1701,0.4104,16.6770,16.6564,15.4843,0.0012,-1.0000
16.6662,1.0000,41.3700,1.4074,0.4163,16.6669,16.6569,15.5632,0.0011,-1.0000
16.6680,1.0000,41.3867,1.1977,0.4075,16.6616,16.6626,15.4840,0.0010,-1.0000
16.6669,1.0000,41.4034,1.1762,0.5220,16.6704,16.6641,15.2918,0.0012,-1.0000
16.6667,1.0000,41.4201,1.1709,0.3610,16.6652,16.6494,15.3942,0.0012,-1.0000
16.6671,1.0000,41.4368,1.0926,0.3966,16.6648,16.6603,15.4465,0.0013,-1.0000
16.6663,1.0000,41.4533,1.1775,0.4717,16.6705,16.6570,15.3336,0.0012,-1.0000
16.6648,1.0000,41.4700,1.3712,0.4000,16.6730,16.6506,15.5723,0.0010,-1.0000
16.6697,1.0000,41.4868,1.2538,0.4213,16.6585,16.6748,15.4507,0.0012,-1.0000
16.6657,1.0000,41.5034,1.2125,0.6597,16.6685,16.6484,14.4066,0.0014,-1.0000
16.6647,1.0000,41.5200,1.3220,0.3577,16.6655,16.6501,15.3433,0.0012,-1.0000
16.6693,1.0000,41.5369,1.0776,0.4346,16.6582,16.6746,15.6036,0.0011,-1.0000
16.6662,1.0000,41.5533,1.2226,0.4201,16.6850,16.6505,15.0831,0.0013,-1.0000
16.6653,1.0000,41.5701,2.2405,0.4206,16.6573,16.6587,15.6085,0.0010,-1.0000
16.6676,1.0000,41.5867,1.3052,0.4170,16.6572,16.6552,15.4108,0.0013,-1.0000
16.6680,1.0000,41.6034,1.0697,0.4914,16.6838,16.6624,15.2657,0.0011,-1.0000
16.6656,1.0000,41.6200,1.5660,0.3582,16.6596,16.6524,15.3107,0.0014,-1.0000
16.6667,1.0000,41.6367,1.0491,0.4346,16.6669,16.6628,15.5465,0.0010,-1.0000
16.6688,1.0000,41.6533,1.2431,0.3904,16.6643,16.6620,14.7891,0.0013,-1.0000
16.6652,1.0000,41.6700,1.3955,0.3765,16.6701,16.6539,15.4347,0.0010,-1.0000
16.6680,1.0000,41.6868,1.3402,0.3719,16.6597,16.6634,15.4600,0.0011,-1.0000
16.6663,1.0000,41.7034,1.1153,0.5620,16.6709,16.6523,15.3453,0.0015,-1.0000
16.6659,1.0000,41.7200,1.8714,0.4060,16.6704,16.6554,15.4783,0.0011,-1.0000
16.6685,1.0000,41.7367,1.2179,0.4143,16.6632,16.6698,15.4706,0.0012,-1.0000
16.6663,1.0000,41.7533,1.2020,0.3840,16.6736,16.6484,15.2800,0.0013,-1.0000
16.6655,1.0000,41.7700,1.3056,0.3960,16.6613,16.6561,15.5681,0.0011,-1.0000
16.6682,1.0000,41.7868,1.1758,0.3435,16.6638,16.6642,15.4075,0.0014,-1.0000
16.6655,1.0000,41.8034,1.1975,0.4358,16.6787,16.6529,15.3199,0.0015,-1.0000
16.6655,1.0000,41.8200,1.3671,0.4662,16.6588,16.6515,15.4544,0.0010,-1.0000
16.6685,1.0000,41.8367,1.0864,0.3667,16.6651,16.6647,15.4787,0.0011,-1.0000
16.6665,1.0000,41.8533,1.2551,0.4457,16.6742,16.6572,15.3700,0.0012,-1.0000
16.6661,1.0000,41.8700,1.3314,0.3741,16.6620,16.6561,15.5246,0.0011,-1.0000
16.6692,1.0000,41.8868,1.1960,0.3568,16.6605,16.6659,15.5343,0.0013,-1.0000
16.6650,1.0000,41.9034,1.1849,0.4008,16.6729,16.6502,15.1525,0.0012,-1.0000
16.6656,1.0000,41.9200,1.2860,0.3905,16.6658,16.6515,15.3805,0.0013,-1.0000
16.6700,1.0000,41.9369,1.1303,0.3838,16.6641,16.8588,15.5171,0.0010,-1.0000
16.6661,1.0000,41.9533,1.1303,0.4649,16.6757,16.4671,15.2327,0.0012,-1.0000
16.6650,1.0000,41.9700,1.4962,0.4018,16.6601,16.6527,15.4546,0.0012,-1.0000
16.6692,1.0000,41.9868,1.2695,0.3694,16.6596,16.6684,15.5476,0.0014,-1.0000
16.6649,1.0000,42.0034,1.3404,0.4272,16.8665,16.6490,15.3635,0.0011,-1.0000
16.6653,1.0000,42.0200,1.2331,0.3769,16.4764,16.6509,15.2790,0.0013,-1.0000
16.6686,1.0000,42.0367,1.1964,0.3863,16.6602,16.6666,15.5060,0.0010,-1.0000
16.6667,1.0000,42.0533,1.1186,0.4257,16.6784,16.6558,15.3291,0.0012,-1.0000
16.6668,1.0000,42.0701,1.2844,0.4646,16.6602,16.6616,15.5871,0.0011,-1.0000
16.6695,1.0000,42.0868,1.3705,0.4476,16.6591,16.6595,15.3777,0.0013,-1.0000
16.6639,1.0000,42.1034,1.1595,0.4480,16.6755,16.6522,15.2362,0.0012,-1.0000
16.6669,1.0000,42.1200,1.3253,0.3599,16.6647,16.6598,15.4276,0.0012,-1.0000
16.6680,1.0000,42.1368,1.0732,0.3875,16.6702,16.6628,15.4369,0.0012,-1.0000
16.6643,1.0000,42.1533,1.2803,0.5159,16.6680,16.6467,15.2099,0.0014,-1.0000
16.6713,1.0000,42.1701,1.4146,0.4363,16.6615,16.6681,15.5686,0.0010,-1.0000
16.6640,1.0000,42.1868,1.2308,0.4076,16.6677,16.6558,15.4614,0.0010,-1.0000
16.6661,1.0000,42.2034,1.2245,0.4591,16.6736,16.6549,15.2336,0.0013,-1.0000
16.6667,1.0000,42.2201,1.4352,0.3474,16.6560,16.6589,15.3758,0.0009,-1.0000
16.6683,1.0000,42.2369,1.0979,0.4134,16.6765,16.6626,15.3991,0.0011,-1.0000
16.6637,1.0000,42.2532,1.1930,0.4368,16.6638,16.6018,15.1109,0.0012,-1.0000
16.6690,1.0000,42.2701,1.4198,0.3664,16.6648,16.6661,15.6734,0.0015,-1.0000
16.6677,1.0000,42.2867,1.2818,0.3999,16.6690,16.6631,14.9561,0.0013,-1.0000
16.6659,1.0000,42.3034,1.2623,0.4313,16.7135,16.6492,15.4032,0.0011,-1.0000
16.6669,1.0000,42.3201,1.4897,0.4099,16.6103,16.6639,15.4583,0.0014,-1.0000
16.6686,1.0000,42.3368,0.9909,0.5195,16.6745,16.6608,15.3069,0.0012,-1.0000
16.6646,1.0000,42.3533,1.7054,0.3939,16.6718,16.6461,15.0943,0.0018,-1.0000
16.6647,1.0000,42.3700,1.2450,0.3675,16.6580,16.6516,15.5537,0.0013,-1.0000
16.6698,1.0000,42.3867,1.2039,0.3792,16.6747,16.6697,15.5761,0.0008,-1.0000
16.6659,1.0000,42.4034,1.3524,0.5075,16.6717,16.6571,14.9708,0.0015,-1.0000
16.6668,1.0000,42.4200,1.5506,0.4302,16.6560,16.6623,15.3848,0.0014,-1.0000
16.6681,1.0000,42.4368,1.0966,0.3304,16.6578,16.6595,15.3111,0.0011,-1.0000
16.6662,1.0000,42.4533,1.0926,0.4775,16.6770,16.6556,15.1992,0.0012,-1.0000
16.6658,1.0000,42.4701,1.6849,0.4148,16.6651,16.6531,15.5071,0.0011,-1.0000
16.6693,1.0000,42.4867,1.2758,0.5168,16.6702,16.6698,15.1532,0.0015,-1.0000
16.6639,1.0000,42.5035,1.3469,0.5735,16.6686,16.6443,15.3522,0.0011,-1.0000
16.6690,1.0000,42.5202,1.4550,0.4165,16.6654,16.6703,15.2875,0.0012,-1.0000
16.6654,1.0000,42.5367,1.1448,0.4301,16.6612,16.6494,15.2122,0.0013,-1.0000
16.6668,1.0000,42.5533,1.5149,0.3781,16.6796,16.6569,15.5189,0.0012,-1.0000
16.6673,1.0000,42.5701,1.2907,0.3699,16.6542,16.6595,15.4724,0.0010,-1.0000
16.6665,1.0000,42.5867,1.3814,0.4216,16.6806,16.6568,15.2181,0.0011,-1.0000
16.6649,1.0000,42.6033,1.4359,0.3740,16.6587,16.6514,15.4932,0.0013,-1.0000
16.6680,1.0000,42.6201,1.1366,0.4339,16.6658,16.6657,15.5560,0.0009,-1.0000
16.6676,1.0000,42.6367,1.1859,0.4540,16.6677,16.6604,15.2522,0.0011,-1.0000
16.6658,1.0000,42.6533,1.4374,0.4076,16.6654,16.6562,15.3566,0.0012,-1.0000
16.6678,1.0000,42.6701,1.1569,0.3770,16.6597,16.6602,15.4301,0.0012,-1.0000
16.6660,1.0000,42.6867,1.1086,0.4230,16.6735,16.6507,15.3092,0.0013,-1.0000
16.6654,1.0000,42.7034,1.4070,0.4140,16.6696,16.6535,15.4264,0.0010,-1.0000
16.6677,1.0000,42.7201,1.2981,0.4047,16.6655,16.6648,15.5514,0.0008,-1.0000
16.6677,1.0000,42.7367,1.2288,0.4289,16.6711,16.6609,15.3361,0.0014,-1.0000
16.6665,1.0000,42.7533,1.3400,0.3984,16.6597,16.6539,15.3627,0.0009,-1.0000
16.6672,1.0000,42.7702,1.2259,0.3624,16.6613,16.6621,15.5731,0.0011,-1.0000
16.6667,1.0000,42.7867,1.1125,0.4204,16.6723,16.6568,15.3231,0.0014,-1.0000
16.6652,1.0000,42.8034,1.3232,0.4324,16.6692,16.6538,15.4470,0.0013,-1.0000
16.6702,1.0000,42.8201,1.2900,0.3967,16.6629,16.6670,15.3574,0.0008,-1.0000
16.6648,1.0000,42.8367,1.0881,0.3977,16.6712,16.6514,15.2533,0.0012,-1.0000
16.6657,1.0000,42.8533,1.3322,0.3729,16.6657,16.6558,15.4055,0.0011,-1.0000
16.6695,1.0000,42.8702,1.2053,0.4808,16.6620,16.6694,15.4424,0.0012,-1.0000
16.6653,1.0000,42.8868,1.3079,0.5635,16.6768,16.6461,15.1127,0.0014,-1.0000
16.6655,1.0000,42.9033,1.3967,0.4230,16.6606,16.6517,15.3435,0.0011,-1.0000
16.6692,1.0000,42.9201,1.2489,0.4030,16.6645,16.6737,15.5303,0.0009,-1.0000
16.6656,1.0000,42.9368,1.2255,0.5017,16.6809,16.6461,15.1468,0.0013,-1.0000
16.6659,1.0000,42.9533,1.5319,0.4158,16.6560,16.6570,15.3528,0.0014,-1.0000
16.6682,1.0000,42.9701,1.3068,0.3958,16.6597,16.6623,15.5011,0.0013,-1.0000
16.6654,1.0000,42.9867,1.1424,0.4850,16.6836,16.6525,15.2906,0.0011,-1.0000
16.6675,1.0000,43.0034,1.4980,0.3703,16.6569,16.6571,15.4682,0.0014,-1.0000
16.6673,1.0000,43.0201,1.3030,0.4335,16.6653,16.6605,15.4374,0.0013,-1.0000
16.6661,1.0000,43.0367,1.1597,0.4887,16.6722,16.6557,15.3276,0.0012,-1.0000
16.6659,1.0000,43.0533,1.3608,0.3893,16.6625,16.6609,15.4222,0.0014,-1.0000
16.6685,1.0000,43.0701,1.1872,0.4012,16.6655,16.6552,15.4271,0.0013,-1.0000
16.6661,1.0000,43.0867,1.2212,0.4336,16.6691,16.6569,15.3410,0.0013,-1.0000
16.6660,1.0000,43.1035,1.3266,0.3828,16.6642,16.6569,15.4419,0.0013,-1.0000
16.6677,1.0000,43.1201,1.2370,0.3905,16.6709,16.6595,15.2269,0.0014,-1.0000
16.6659,1.0000,43.1367,1.2261,0.4542,16.6642,16.6553,15.3371,0.0012,-1.0000
16.6660,1.0000,43.1533,1.3146,0.3570,16.6658,16.6541,15.4340,0.0014,-1.0000
16.6681,1.0000,43.1701,1.2136,0.4114,16.6658,16.6654,15.6228,0.0009,-1.0000
16.6654,1.0000,43.1867,1.4311,0.4670,16.6690,16.6511,15.0528,0.0014,-1.0000
16.6664,1.0000,43.2034,1.3168,0.3981,16.6642,16.6604,15.4799,0.0010,-1.0000
16.6695,1.0000,43.2201,1.2186,0.3679,16.6627,16.6696,15.4150,0.0010,-1.0000
16.6631,1.0000,43.2367,1.0414,0.4838,16.6743,16.6427,15.1030,0.0014,-1.0000
16.6680,1.0000,43.2533,1.5969,0.4114,16.6596,16.6622,15.4716,0.0011,-1.0000
16.6690,1.0000,43.2701,1.1791,0.4189,16.6678,16.6645,15.5742,0.0011,-1.0000
16.6639,1.0000,43.2867,1.2535,0.4223,16.6788,16.6491,15.2030,0.0015,-1.0000
16.6686,1.0000,43.3034,1.5383,0.3783,16.6523,16.6670,15.5585,0.0012,-1.0000
16.6677,1.0000,43.3201,1.1893,0.3844,16.6692,16.6608,15.1199,0.0013,-1.0000
16.6633,1.0000,43.3367,1.0890,0.4224,16.6728,16.6427,15.3865,0.0009,-1.0000
16.6688,1.0000,43.3533,1.4447,0.3504,16.6567,16.6726,15.6180,0.0010,-1.0000
16.6680,1.0000,43.3701,1.1072,0.5218,16.6765,16.6546,15.5017,0.0010,-1.0000
16.6657,1.0000,43.3867,1.5394,0.4014,16.6704,16.6562,15.4389,0.0011,-1.0000
16.6676,1.0000,43.4034,1.2552,0.3790,16.6511,16.6617,15.4798,0.0012,-1.0000
16.6665,1.0000,43.4201,1.0532,0.4316,16.6806,16.6600,15.3705,0.0009,-1.0000
16.6670,1.0000,43.4367,1.1518,0.3772,16.6627,16.6601,15.4220,0.0013,-1.0000
16.6662,1.0000,43.4533,1.2155,0.3869,16.6636,16.6557,15.4088,0.0012,-1.0000
16.6673,1.0000,43.4701,1.1807,0.4682,16.6700,16.6577,15.5120,0.0012,-1.0000
16.6650,1.0000,43.4867,1.2884,0.3777,16.6681,16.6536,15.4676,0.0013,-1.0000
16.6684,1.0000,43.5034,1.2365,0.4029,16.6679,16.6645,15.4986,0.0009,-1.0000
16.6661,1.0000,43.5201,1.2456,0.3875,16.6646,16.6576,15.3733,0.0012,-1.0000
16.6678,1.0000,43.5367,1.1444,0.3853,16.6664,16.6550,15.4553,0.0013,-1.0000
16.6674,1.0000,43.5533,1.1845,0.3599,16.6614,16.6612,15.4471,0.0015,-1.0000
16.6662,1.0000,43.5701,1.1648,0.4539,16.6737,16.7194,15.4321,0.0012,-1.0000
16.6646,1.0000,43.5867,1.2829,0.5300,16.6669,16.5902,15.3261,0.0015,-1.0000
16.6702,1.0000,43.6035,1.1982,0.4112,16.6636,16.6723,15.5219,0.0011,-1.0000
16.6649,1.0000,43.6201,1.2125,0.4263,16.6699,16.6503,15.2090,0.0017,-1.0000
16.6652,1.0000,43.6367,1.2857,0.3963,16.7285,16.6508,15.3142,0.0017,-1.0000
16.6705,1.0000,43.6534,1.2627,0.3501,16.5983,16.6725,15.4080,0.0015,-1.0000
16.6653,1.0000,43.6701,1.1489,0.4507,16.6827,16.6475,15.1410,0.0014,-1.0000
16.6671,1.0000,43.6868,1.4397,0.4152,16.6598,16.6591,15.3810,0.0012,-1.0000
16.6868,1.0000,43.7036,1.3349,0.3740,16.6593,16.6841,15.4149,0.0013,-1.0000
16.6668,1.0000,43.7201,1.2631,0.5579,16.6830,16.6476,14.9255,0.0015,-1.0000
16.6658,1.0000,43.7367,1.5050,0.4479,16.6564,16.6536,15.3349,0.0015,-1.0000
16.6679,1.0000,43.7533,1.2767,0.4525,16.6684,16.6632,15.4857,0.0013,-1.0000
16.6665,1.0000,43.7701,1.2675,0.3829,16.6958,16.6552,15.5031,0.0012,-1.0000
16.6670,1.0000,43.7868,1.7203,0.3810,16.6583,16.6598,15.3750,0.0012,-1.0000
16.6676,1.0000,43.8034,1.3172,0.3956,16.6616,16.6541,15.4891,0.0011,-1.0000
16.6652,1.0000,43.8201,1.1760,0.3971,16.6717,16.6560,15.4741,0.0012,-1.0000
16.6665,1.0000,43.8367,1.1508,0.4176,16.6650,16.6587,15.4830,0.0011,-1.0000
16.6698,1.0000,43.8534,1.2833,0.3887,16.6701,16.6657,15.5233,0.0010,-1.0000
16.6645,1.0000,43.8701,1.1636,0.4272,16.6636,16.6480,15.4343,0.0014,-1.0000
16.6673,1.0000,43.8868,1.1804,0.3872,16.6645,16.6575,15.4806,0.0016,-1.0000
16.6677,1.0000,43.9034,1.1746,0.3767,16.6675,16.6607,15.3057,0.0013,-1.0000
16.6653,1.0000,43.9201,1.1413,0.4747,16.6759,16.6523,15.3443,0.0016,-1.0000
16.6669,1.0000,43.9367,1.2121,0.3668,16.6592,16.6589,15.4267,0.0011,-1.0000
16.6675,1.0000,43.9533,1.1751,0.4072,16.6670,16.6635,15.4936,0.0012,-1.0000
16.6663,1.0000,43.9701,1.3533,0.4287,16.6693,16.6518,15.3158,0.0014,-1.0000
16.6665,1.0000,43.9868,1.3062,0.4063,16.6616,16.6595,15.3462,0.0012,-1.0000
16.6677,1.0000,44.0034,1.2307,0.4077,16.6671,16.6611,15.3017,0.0015,-1.0000
16.6639,1.0000,44.0200,1.1688,0.5104,16.6733,16.6446,15.4678,0.0011,-1.0000
16.6676,1.0000,44.0368,1.3348,0.4141,16.6602,16.6694,15.5537,0.0011,-1.0000
16.6684,1.0000,44.0533,1.3119,0.4683,16.6686,16.6598,15.1497,0.0013,-1.0000
16.6663,1.0000,44.0701,1.3576,0.5343,16.6697,16.6565,15.5629,0.0010,-1.0000
16.6674,1.0000,44.0867,1.1754,0.3616,16.6519,16.6625,15.4177,0.0011,-1.0000
16.6673,1.0000,44.1034,1.1146,0.3745,16.6773,16.6588,15.3840,0.0011,-1.0000
16.6655,1.0000,44.1201,1.5086,0.3801,16.6682,16.6527,15.4304,0.0015,-1.0000
16.6670,1.0000,44.1368,1.0926,0.3992,16.6644,16.6628,15.4385,0.0012,-1.0000
16.6670,1.0000,44.1533,1.2435,0.4332,16.6715,16.6586,15.3453,0.0012,-1.0000
16.6667,1.0000,44.1701,1.2733,0.4016,16.6670,16.6570,15.5744,0.0013,-1.0000
16.6674,1.0000,44.1868,1.2204,0.4317,16.6605,16.6592,15.4269,0.0011,-1.0000
16.6662,1.0000,44.2034,1.2228,0.4604,16.6709,16.6558,15.4149,0.0012,-1.0000
16.6671,1.0000,44.2201,1.3119,0.4063,16.6674,16.6597,15.5041,0.0011,-1.0000
16.6671,1.0000,44.2367,1.0809,0.5310,16.6653,16.6580,15.4862,0.0013,-1.0000
16.6662,1.0000,44.2533,1.2307,0.4067,16.6689,16.6542,15.4975,0.0012,-1.0000
16.6663,1.0000,44.2701,1.2395,0.4606,16.6642,16.6571,15.6056,0.0010,-1.0000
16.9973,1.0000,44.2872,1.1542,0.4176,16.6676,16.9984,15.7498,0.0012,-1.0000
16.6658,1.0000,44.3038,1.1699,0.3756,16.6683,16.6476,15.1023,0.0014,-1.0000
16.6665,1.0000,44.3204,1.1554,0.3760,16.6635,16.6569,15.3599,0.0010,-1.0000
16.6681,1.0000,44.3371,1.0502,0.4499,16.6649,16.6634,15.3885,0.0013,-1.0000
16.6657,1.0000,44.3537,1.2471,0.7005,17.0094,16.6526,15.2357,0.0010,-1.0000
16.6662,1.0000,44.3704,1.5439,0.4227,16.6578,16.6540,15.4079,0.0010,-1.0000
16.6680,1.0000,44.3871,1.2958,0.4163,16.6651,16.6647,15.4687,0.0014,-1.0000
16.6673,1.0000,44.4038,1.2733,0.6643,16.6734,16.6588,15.2131,0.0010,-1.0000
16.6648,1.0000,44.4204,1.4164,0.3532,16.6622,16.6483,15.4068,0.0015,-1.0000
16.6689,1.0000,44.4371,1.2448,0.4373,16.6626,16.6869,15.4974,0.0010,-1.0000
16.6655,1.0000,44.4536,1.1945,0.3895,16.6736,16.6355,15.3051,0.0012,-1.0000
16.6653,1.0000,44.4705,1.4446,0.3860,16.6696,16.6608,15.4103,0.0010,-1.0000
16.7090,1.0000,44.4872,1.2400,0.3481,16.6569,16.7187,15.4067,0.0011,-1.0000
16.6668,1.0000,44.5038,1.1885,0.4445,16.6958,16.6340,15.3880,0.0010,-1.0000
16.6663,1.0000,44.5205,1.3291,0.3584,16.6447,16.6564,15.4267,0.0012,-1.0000
16.6675,1.0000,44.5371,1.2493,0.4321,16.6689,16.6628,15.4505,0.0012,-1.0000
16.6670,1.0000,44.5537,1.3104,0.3621,16.7257,16.6526,15.2746,0.0010,-1.0000
16.6663,1.0000,44.5705,1.2446,0.3835,16.6429,16.6595,15.5532,0.0013,-1.0000
16.6663,1.0000,44.5872,1.2285,0.3653,16.6652,16.6572,15.3827,0.0014,-1.0000
16.6661,1.0000,44.6038,1.2109,0.4378,16.6720,16.6530,15.1306,0.0015,-1.0000
16.6672,1.0000,44.6204,1.3771,0.3869,16.6622,16.6625,15.4811,0.0015,-1.0000
16.6695,1.0000,44.6372,1.1046,0.3684,16.6679,16.6668,15.4389,0.0013,-1.0000
16.6639,1.0000,44.6537,1.2731,0.4449,16.6667,16.6458,15.2536,0.0014,-1.0000
16.6674,1.0000,44.6705,1.5209,0.3406,16.6608,16.6620,15.5793,0.0012,-1.0000
16.6676,1.0000,44.6871,1.1796,0.3750,16.6704,16.6620,15.4222,0.0012,-1.0000
16.6635,1.0000,44.7038,1.2264,0.3980,16.6775,16.6429,15.4136,0.0012,-1.0000
16.6697,1.0000,44.7205,1.3905,0.4360,16.6553,16.6742,15.5621,0.0012,-1.0000
16.6666,1.0000,44.7372,1.0814,0.4183,16.6702,16.6499,15.2431,0.0013,-1.0000
16.6662,1.0000,44.7537,1.2384,0.4180,16.6713,16.6503,15.3464,0.0013,-1.0000
16.6683,1.0000,44.7705,1.2280,0.3465,16.6510,16.6675,15.5182,0.0011,-1.0000
16.6652,1.0000,44.7871,1.1110,0.3956,16.6868,16.6477,15.2154,0.0012,-1.0000
16.6650,1.0000,44.8038,1.4055,0.4156,16.6607,16.6528,15.3987,0.0012,-1.0000
16.6705,1.0000,44.8205,1.3023,0.3672,16.6597,16.6704,15.5575,0.0012,-1.0000
16.6663,1.0000,44.8371,1.1477,0.4523,16.6774,16.6581,15.4446,0.0017,-1.0000
16.6665,1.0000,44.8537,1.4309,0.3754,16.6576,16.6560,15.4900,0.0013,-1.0000
16.6666,1.0000,44.8705,1.2529,0.3713,16.6605,16.6611,15.4957,0.0015,-1.0000
16.6667,1.0000,44.8871,1.1115,0.3572,16.6778,16.6513,15.3040,0.0012,-1.0000
16.6648,1.0000,44.9038,1.2116,0.4006,16.6669,16.6540,15.4645,0.0011,-1.0000
16.6684,1.0000,44.9205,1.1644,0.3395,16.6652,16.6658,15.4402,0.0010,-1.0000
16.6670,1.0000,44.9371,1.1637,0.4531,16.6721,16.6537,14.7316,0.0013,-1.0000
16.6656,1.0000,44.9537,1.3459,0.4314,16.6601,16.6538,15.4489,0.0010,-1.0000
16.6687,1.0000,44.9705,1.1880,0.3295,16.6622,16.6699,15.5681,0.0011,-1.0000
16.6665,1.0000,44.9872,1.2246,0.7361,16.6754,16.6523,15.1768,0.0014,-1.0000
16.6654,1.0000,45.0038,1.9209,0.3831,16.6626,16.6539,15.3272,0.0012,-1.0000
16.6673,1.0000,45.0205,1.2042,0.4045,16.6623,16.6695,15.4875,0.0011,-1.0000
16.6666,1.0000,45.0371,1.1005,0.3912,16.6790,16.6453,15.3410,0.0013,-1.0000
16.6661,1.0000,45.0537,1.4739,0.4084,16.6635,16.6594,15.5267,0.0012,-1.0000
16.6688,1.0000,45.0705,1.3253,0.3947,16.6632,16.6615,15.5572,0.0013,-1.0000
16.6651,1.0000,45.0871,1.1805,0.4375,16.6776,16.6526,15.3603,0.0012,-1.0000
16.6678,1.0000,45.1038,1.3028,0.3532,16.6539,16.6615,15.4964,0.0013,-1.0000
16.6674,1.0000,45.1204,1.1315,0.3663,16.6677,16.6548,15.4498,0.0013,-1.0000
16.6658,1.0000,45.1371,1.1025,0.4263,16.6712,16.6572,15.3654,0.0013,-1.0000
16.6643,1.0000,45.1537,1.2910,0.3608,16.6631,16.6521,15.4978,0.0013,-1.0000
16.6699,1.0000,45.1706,1.1637,0.3533,16.6697,16.6703,15.5702,0.0011,-1.0000
16.6659,1.0000,45.1871,1.2033,0.4335,16.6637,16.6524,15.2250,0.0013,-1.0000
16.6667,1.0000,45.2038,1.2906,0.3383,16.6658,16.6587,15.4221,0.0014,-1.0000
16.6669,1.0000,45.2205,1.1530,0.3805,16.6591,16.6618,15.3545,0.0012,-1.0000
16.6669,1.0000,45.2371,1.0990,0.4326,16.6784,16.6530,15.2502,0.0011,-1.0000
16.6643,1.0000,45.2536,1.4262,0.3358,16.6616,16.6543,15.4614,0.0013,-1.0000
16.6695,1.0000,45.2705,1.2353,0.4286,16.6674,16.6685,15.6725,0.0007,-1.0000
16.6659,1.0000,45.2871,1.3059,0.4114,16.6710,16.6535,15.2215,0.0012,-1.0000
16.6668,1.0000,45.3038,1.4017,0.3717,16.6615,16.6598,15.4472,0.0012,-1.0000
16.6687,1.0000,45.3206,1.1915,0.3275,16.6616,16.6665,15.3179,0.0012,-1.0000
16.6642,1.0000,45.3371,0.9949,0.4850,16.6760,16.6457,15.2219,0.0015,-1.0000
16.6650,1.0000,45.3537,1.4306,0.3612,16.6615,16.6555,15.5050,0.0012,-1.0000
16.6720,1.0000,45.3707,1.2114,0.4307,16.6691,16.6760,15.6668,0.0010,-1.0000
16.6624,1.0000,45.3871,1.3473,0.3960,16.6761,16.6379,15.0803,0.0013,-1.0000
16.6670,1.0000,45.4038,1.4221,0.3580,16.6542,16.6626,15.5770,0.0014,-1.0000
16.6681,1.0000,45.4204,1.1490,0.3318,16.6626,16.6665,15.4713,0.0013,-1.0000
16.6648,1.0000,45.4371,1.0080,0.3806,16.6860,16.6507,15.5160,0.0012,-1.0000
16.6682,1.0000,45.4537,1.5562,0.3259,16.6475,16.6661,15.5170,0.0010,-1.0000
16.6678,1.0000,45.4704,1.0845,1.0878,16.6693,16.6617,15.5098,0.0012,-1.0000
16.6640,1.0000,45.4871,1.1938,0.3678,16.6744,16.6434,15.5033,0.0011,-1.0000
16.6685,1.0000,45.5039,1.1333,0.3681,16.6585,16.6711,15.5137,0.0013,-1.0000
16.6679,1.0000,45.5205,1.1479,0.4013,16.6736,16.6584,15.1634,0.0014,-1.0000
16.6654,1.0000,45.5371,1.1507,0.3863,16.6703,16.6540,15.4311,0.0013,-1.0000
16.6691,1.0000,45.5537,1.1390,0.4112,16.6502,16.6684,15.4988,0.0010,-1.0000
16.6659,1.0000,45.5705,1.1559,0.4225,16.6798,16.6525,15.3799,0.0012,-1.0000
16.6646,1.0000,45.5871,1.4939,0.3876,16.6673,16.6470,15.4575,0.0014,-1.0000
16.6696,1.0000,45.6039,1.2217,0.3628,16.6620,16.6730,15.5174,0.0009,-1.0000
16.6669,1.0000,45.6205,1.1683,0.4761,16.6775,16.6562,15.1669,0.0014,-1.0000
16.6650,1.0000,45.6371,1.2711,0.4148,16.6622,16.6499,15.3837,0.0011,-1.0000
16.6680,1.0000,45.6537,1.1879,0.4073,16.6551,16.6650,15.3819,0.0010,-1.0000
16.6664,1.0000,45.6704,1.1542,0.3834,16.6821,16.6545,15.4415,0.0012,-1.0000
16.6653,1.0000,45.6871,1.4874,0.4542,16.6663,16.6527,15.4611,0.0010,-1.0000
16.6672,1.0000,45.7038,1.2649,0.3788,16.6586,16.6597,15.5220,0.0016,-1.0000
16.6680,1.0000,45.7205,1.2816,0.4016,16.6739,16.6629,15.4583,0.0009,-1.0000
16.6662,1.0000,45.7371,1.2113,0.3779,16.6640,16.6534,15.3874,0.0011,-1.0000
16.6684,1.0000,45.7537,1.1904,0.3744,16.6610,16.6691,15.5314,0.0009,-1.0000
16.6661,1.0000,45.7705,1.1359,0.3721,16.6677,16.6518,15.2677,0.0012,-1.0000
16.6661,1.0000,45.7871,1.2035,0.3975,16.6709,16.6544,15.4026,0.0011,-1.0000
16.6678,1.0000,45.8046,1.2653,0.3404,16.6623,16.6625,15.5126,0.0015,-1.0000
16.6659,1.0000,45.8205,1.1365,0.4520,16.6772,16.6581,14.5551,0.0012,-1.0000
16.6663,1.0000,45.8371,1.3828,0.3837,16.6610,16.6521,15.3828,0.0010,-1.0000
16.6688,1.0000,45.8537,1.2506,0.3456,16.6634,16.6654,15.5263,0.0011,-1.0000
16.6659,1.0000,45.8705,1.1483,0.3632,16.6715,16.6580,15.4186,0.0014,-1.0000
16.6658,1.0000,45.8871,2.1020,0.3681,16.6681,16.6508,15.4578,0.0011,-1.0000
16.6674,1.0000,45.9038,1.2683,0.3750,16.6615,16.6594,15.4534,0.0012,-1.0000
16.6670,1.0000,45.9205,1.1376,0.4183,16.6743,16.6559,15.3626,0.0011,-1.0000
16.6662,1.0000,45.9371,1.2380,0.4102,16.6689,16.6577,15.4797,0.0010,-1.0000
16.6677,1.0000,45.9537,1.1920,0.3948,16.6597,16.6602,15.3825,0.0009,-1.0000
16.6653,1.0000,45.9705,1.2047,0.3565,16.6684,16.6509,15.2554,0.0010,-1.0000
16.6673,1.0000,45.9871,1.2919,0.3526,16.6653,16.6626,15.5000,0.0013,-1.0000
16.6686,1.0000,46.0039,1.1768,0.3940,16.6674,16.6629,15.4550,0.0012,-1.0000
16.6628,1.0000,46.0205,1.2765,0.4770,16.6689,16.6437,15.2795,0.0014,-1.0000
16.6670,1.0000,46.0371,1.3944,0.3462,16.6591,16.6623,15.5244,0.0014,-1.0000
16.6691,1.0000,46.0537,1.1613,0.3819,16.6705,16.6689,15.1704,0.0013,-1.0000
16.6658,1.0000,46.0705,1.2065,0.3924,16.6727,16.6532,15.5704,0.0010,-1.0000
16.6676,1.0000,46.0871,1.3626,0.3275,16.6518,16.6639,15.4592,0.0014,-1.0000
16.6665,1.0000,46.1038,1.1365,0.3995,16.6690,16.6543,15.0051,0.0012,-1.0000
16.6652,1.0000,46.1204,1.4969,0.3900,16.6766,16.6525,15.5457,0.0010,-1.0000
16.6691,1.0000,46.1372,1.0818,0.3940,16.6615,16.6711,15.6194,0.0009,-1.0000
16.6665,1.0000,46.1537,1.2031,0.5008,16.6727,16.6525,15.3748,0.0010,-1.0000
16.6664,1.0000,46.1704,1.6479,0.3855,16.6620,16.6547,15.5941,0.0012,-1.0000
16.6678,1.0000,46.1872,1.1057,0.3783,16.6596,16.6626,15.4838,0.0013,-1.0000
16.6664,1.0000,46.2038,1.0513,0.4475,16.6822,16.6549,15.1187,0.0013,-1.0000
16.6646,1.0000,46.2205,1.2762,0.3648,16.6616,16.6515,15.4542,0.0014,-1.0000
16.6681,1.0000,46.2371,1.0593,0.3944,16.6638,16.6678,15.5349,0.0010,-1.0000
16.6678,1.0000,46.2537,1.1773,0.3997,16.6712,16.6557,15.4561,0.0012,-1.0000
16.6663,1.0000,46.2705,1.5343,0.3438,16.6643,16.6545,15.5853,0.0011,-1.0000
16.6672,1.0000,46.2872,1.1957,0.3457,16.6593,16.6631,15.4414,0.0012,-1.0000
16.6672,1.0000,46.3038,1.1317,0.3293,16.6769,16.6577,15.1074,0.0012,-1.0000
16.6645,1.0000,46.3204,1.1981,0.3924,16.6651,16.6520,15.4440,0.0012,-1.0000
16.8426,1.0000,46.3374,1.0677,0.3535,16.6621,16.8422,15.7011,0.0011,-1.0000
16.6653,1.0000,46.3539,1.2200,0.6674,16.6724,16.6505,14.6521,0.0012,-1.0000
16.6654,1.0000,46.3706,1.5485,0.3584,16.6672,16.6531,15.4908,0.0013,-1.0000
16.6695,1.0000,46.3874,1.2064,0.3761,16.6606,16.6699,15.4689,0.0009,-1.0000
16.6659,1.0000,46.4040,1.1396,0.4718,16.8519,16.6501,15.3767,0.0014,-1.0000
16.6660,1.0000,46.4206,1.9970,0.3560,16.6599,16.6560,15.4490,0.0012,-1.0000
16.6674,1.0000,46.4374,1.1610,0.3292,16.6622,16.7494,15.5027,0.0012,-1.0000
16.6665,1.0000,46.4539,1.1998,0.3347,16.6790,16.5671,15.3589,0.0011,-1.0000
16.6651,1.0000,46.4706,1.2718,0.4010,16.6598,16.6533,15.5712,0.0011,-1.0000
16.6683,1.0000,46.4874,1.2058,0.3685,16.6659,16.6676,15.5310,0.0010,-1.0000
16.6667,1.0000,46.5040,1.2453,0.3834,16.7573,16.6528,15.2327,0.0013,-1.0000
16.6666,1.0000,46.5207,1.2070,0.3748,16.5761,16.6579,15.4085,0.0010,-1.0000
16.6680,1.0000,46.5373,1.0810,0.3732,16.6612,16.6622,15.4013,0.0012,-1.0000
16.6661,1.0000,46.5539,1.1356,0.4100,16.6756,16.6535,15.2814,0.0013,-1.0000
16.6655,1.0000,46.5706,1.4187,0.3395,16.6621,16.6588,15.5920,0.0011,-1.0000
16.6678,1.0000,46.5874,1.2483,0.3922,16.6671,16.6582,15.5168,0.0009,-1.0000
16.6675,1.0000,46.6040,1.2593,0.3554,16.6710,16.6599,15.2839,0.0010,-1.0000
16.6658,1.0000,46.6206,1.3705,0.3382,16.6623,16.6542,15.3974,0.0010,-1.0000
16.6711,1.0000,46.6373,1.0657,0.3038,16.6672,16.6652,15.4379,0.0013,-1.0000
16.6665,1.0000,46.6539,1.1403,0.4019,16.6669,16.6549,15.3822,0.0013,-1.0000
16.6650,1.0000,46.6706,1.3749,0.3500,16.6699,16.6525,15.5996,0.0010,-1.0000
16.6730,1.0000,46.6875,1.2557,0.4007,16.6623,16.6788,15.4454,0.0013,-1.0000
16.6621,1.0000,46.7040,1.2261,0.3892,16.6742,16.6407,15.1882,0.0016,-1.0000
16.6668,1.0000,46.7206,1.2713,0.3252,16.6637,16.6589,15.4374,0.0012,-1.0000
16.6693,1.0000,46.7373,1.0519,0.3841,16.6608,16.6619,15.4314,0.0013,-1.0000
16.6640,1.0000,46.7539,1.2319,0.4703,16.6886,16.6497,15.3987,0.0016,-1.0000
16.6654,1.0000,46.7706,1.4508,0.3179,16.6515,16.6526,15.6147,0.0010,-1.0000
16.6706,1.0000,46.7873,1.2202,0.3547,16.6679,16.6695,15.4553,0.0012,-1.0000
16.6645,1.0000,46.8040,1.2289,0.4331,16.6715,16.6515,15.1137,0.0011,-1.0000
16.6670,1.0000,46.8206,1.2492,0.3545,16.6594,16.6575,15.3933,0.0016,-1.0000
16.6675,1.0000,46.8373,1.0367,0.4176,16.6608,16.6633,15.5181,0.0012,-1.0000
16.6646,1.0000,46.8539,1.2131,0.4227,16.6784,16.6518,15.5022,0.0010,-1.0000
16.6691,1.0000,46.8707,1.5364,0.3461,16.6602,16.6706,15.6307,0.0011,-1.0000
16.6664,1.0000,46.8873,1.2624,0.3221,16.6660,16.6512,15.2865,0.0015,-1.0000
16.6655,1.0000,46.9040,1.1435,0.3597,16.6716,16.6496,15.4653,0.0011,-1.0000
16.6690,1.0000,46.9207,1.1482,0.3703,16.6598,16.6701,15.4949,0.0014,-1.0000
16.6657,1.0000,46.9373,1.0385,0.4108,16.6798,16.6516,15.3271,0.0013,-1.0000
16.6661,1.0000,46.9539,1.3631,0.3411,16.6609,16.6551,15.4215,0.0012,-1.0000
16.6675,1.0000,46.9716,1.1830,0.3350,16.6587,16.6609,15.5381,0.0009,-1.0000
16.6657,1.0000,46.9873,1.1734,0.4183,16.6798,16.6548,8.9608,0.0022,-1.0000
16.6655,1.0000,47.0039,1.3231,0.3804,16.6609,16.6537,15.5430,0.0012,-1.0000
16.6679,1.0000,47.0208,1.2323,0.3308,16.6643,16.6646,15.6034,0.0008,-1.0000
16.6685,1.0000,47.0373,1.1219,0.6850,16.6691,16.6636,15.0524,0.0011,-1.0000
16.6651,1.0000,47.0538,7.6926,0.3463,16.6630,16.6519,15.5242,0.0012,-1.0000
16.6678,1.0000,47.0706,1.1096,0.3159,16.6607,16.6656,15.6004,0.0008,-1.0000
16.6688,1.0000,47.0873,1.0605,0.3824,16.6721,16.6624,15.4991,0.0012,-1.0000
16.6633,1.0000,47.1039,1.6100,0.3364,16.6720,16.6407,15.2070,0.0013,-1.0000
16.6663,1.0000,47.1205,1.1264,0.4112,16.6599,16.6616,15.6216,0.0012,-1.0000
16.6687,1.0000,47.1373,1.0643,0.3730,16.6751,16.6684,15.6315,0.0009,-1.0000
16.6662,1.0000,47.1538,1.1623,0.3895,16.6740,16.6521,15.2960,0.0011,-1.0000
16.6675,1.0000,47.1706,1.4323,0.3204,16.6490,16.6617,15.5733,0.0013,-1.0000
16.6679,1.0000,47.1873,1.0388,0.3205,16.6682,16.6600,15.4230,0.0012,-1.0000
16.6642,1.0000,47.2039,1.0360,0.6075,16.6760,16.6494,15.4028,0.0011,-1.0000
16.6692,1.0000,47.2206,1.3548,0.3795,16.6609,16.6703,15.5038,0.0009,-1.0000
16.6664,1.0000,47.2372,1.0871,0.4112,16.6702,16.6524,15.4375,0.0011,-1.0000
16.6653,1.0000,47.2538,1.2355,0.4101,16.6686,16.6549,15.5164,0.0011,-1.0000
16.6695,1.0000,47.2706,1.2452,0.3704,16.6579,16.6700,15.6778,0.0008,-1.0000
16.6645,1.0000,47.2872,1.1653,0.3194,16.6788,16.6491,15.4264,0.0012,-1.0000
16.6664,1.0000,47.3039,1.2139,0.3865,16.6613,16.6562,15.5666,0.0014,-1.0000
16.6693,1.0000,47.3206,1.1374,0.3399,16.6631,16.6687,15.5233,0.0012,-1.0000
16.6651,1.0000,47.3372,0.9910,0.3879,16.6791,16.6477,15.3168,0.0010,-1.0000
16.6671,1.0000,47.3538,1.2213,0.3792,16.6569,16.6580,15.6055,0.0011,-1.0000
16.6663,1.0000,47.3706,1.0881,0.3795,16.6644,16.6583,15.6354,0.0011,-1.0000
16.6678,1.0000,47.3873,1.1439,0.4683,16.6810,16.6610,15.5109,0.0012,-1.0000
16.6661,1.0000,47.4039,1.3296,0.3497,16.6569,16.6509,15.4974,0.0012,-1.0000
16.6683,1.0000,47.4206,1.0513,0.3151,16.6668,16.6661,15.4937,0.0011,-1.0000
16.6660,1.0000,47.4372,1.0215,0.4549,16.6669,16.6510,14.7891,0.0011,-1.0000
16.6653,1.0000,47.4538,1.1488,0.3893,16.6710,16.6546,15.5787,0.0011,-1.0000
16.6687,1.0000,47.4706,1.1517,0.3832,16.6603,16.6667,15.6877,0.0011,-1.0000
16.6663,1.0000,47.4873,1.1710,0.4343,16.6756,16.6842,15.4811,0.0010,-1.0000
16.6651,1.0000,47.5039,1.8605,0.4221,16.6602,16.6281,15.5344,0.0011,-1.0000
16.6682,1.0000,47.5206,1.0747,0.3380,16.6631,16.6587,15.5542,0.0011,-1.0000
16.6667,1.0000,47.5373,0.9774,0.3950,16.6748,16.6586,15.4159,0.0012,-1.0000
16.6672,1.0000,47.5538,1.2018,0.3454,16.6932,16.6580,15.5309,0.0011,-1.0000
16.6670,1.0000,47.5706,1.0923,0.3832,16.6359,16.6625,15.6279,0.0009,-1.0000
16.6655,1.0000,47.5873,1.1031,0.4641,16.6666,16.6492,15.3112,0.0013,-1.0000
16.6677,1.0000,47.6040,1.2413,0.3489,16.6676,16.6596,15.4432,0.0012,-1.0000
16.6678,1.0000,47.6206,1.1259,0.4334,16.6677,16.6549,15.4721,0.0011,-1.0000
16.6654,1.0000,47.6373,1.0335,0.6170,16.6736,16.6589,15.4786,0.0010,-1.0000
16.6678,1.0000,47.6539,1.3367,0.3896,16.6599,16.6620,15.5302,0.0010,-1.0000
16.6661,1.0000,47.6706,1.2149,0.3742,16.6701,16.6492,15.3144,0.0010,-1.0000
16.6658,1.0000,47.6873,1.1814,0.4020,16.6638,16.6543,15.2406,0.0013,-1.0000
16.6667,1.0000,47.7039,1.1791,0.4055,16.6679,16.6548,15.5914,0.0010,-1.0000
16.6680,1.0000,47.7206,1.1303,0.5190,16.6743,16.7197,15.6286,0.0012,-1.0000
16.6665,1.0000,47.7372,1.3336,0.4619,16.6586,16.6014,15.4973,0.0011,-1.0000
16.6647,1.0000,47.7538,1.4122,0.3537,16.6635,16.6529,15.5947,0.0011,-1.0000
16.6695,1.0000,47.7707,1.0620,0.3885,16.6628,16.6711,15.6071,0.0007,-1.0000
16.6670,1.0000,47.7873,1.0899,0.4740,16.7281,16.6537,15.3156,0.0014,-1.0000
16.6655,1.0000,47.8039,1.1026,0.3245,16.6100,16.6479,15.5117,0.0011,-1.0000
16.6658,1.0000,47.8206,1.0570,0.3366,16.6607,16.6596,15.6096,0.0009,-1.0000
16.6685,1.0000,47.8372,1.0632,0.3928,16.6813,16.6618,15.4111,0.0010,-1.0000
16.6640,1.0000,47.8538,1.3362,0.3556,16.6647,16.6470,15.6019,0.0013,-1.0000
16.6698,1.0000,47.8706,1.1346,0.3257,16.6582,16.6717,15.7953,0.0011,-1.0000
16.6672,1.0000,47.8873,1.0487,0.3687,16.6680,16.6595,15.4240,0.0010,-1.0000
16.6661,1.0000,47.9039,1.2496,0.4028,16.6705,16.6543,15.5192,0.0009,-1.0000
16.6680,1.0000,47.9206,1.0440,0.3591,16.6538,16.6614,15.4966,0.0011,-1.0000
16.6658,1.0000,47.9373,0.8753,0.4115,16.6791,16.6557,15.3980,0.0015,-1.0000
16.6654,1.0000,47.9538,1.2347,0.4295,16.6692,16.6538,15.5665,0.0012,-1.0000
16.6680,1.0000,47.9706,1.1342,0.3447,16.6633,16.6610,15.6656,0.0008,-1.0000
16.6667,1.0000,47.9872,1.1636,0.3943,16.6713,16.6583,15.4814,0.0010,-1.0000
16.6659,1.0000,48.0039,1.2561,0.3487,16.6648,16.6555,15.5861,0.0010,-1.0000
16.6678,1.0000,48.0206,1.0862,0.3581,16.6625,16.6599,15.5487,0.0014,-1.0000
16.6671,1.0000,48.0372,0.9944,0.3856,16.6698,16.6583,15.4437,0.0010,-1.0000
16.6660,1.0000,48.0538,1.1758,0.3417,16.6665,16.6538,15.6154,0.0012,-1.0000
16.6669,1.0000,48.0707,1.0679,0.3676,16.6653,16.7204,15.6356,0.0011,-1.0000
16.6670,1.0000,48.0873,1.1094,0.4045,16.6683,16.6005,15.4034,0.0009,-1.0000
16.6654,1.0000,48.1039,1.2130,0.3634,16.6669,16.6530,15.5719,0.0011,-1.0000
16.6694,1.0000,48.1206,1.0367,0.3439,16.6629,16.6689,15.5124,0.0010,-1.0000
16.6657,1.0000,48.1373,1.0835,0.3569,16.7290,16.6517,15.2879,0.0010,-1.0000
16.6665,1.0000,48.1538,1.1956,0.3938,16.6095,16.6568,15.5426,0.0011,-1.0000
16.6689,1.0000,48.1707,1.0800,0.3596,16.6607,16.6902,15.7311,0.0008,-1.0000
16.6652,1.0000,48.1873,1.1552,0.4397,16.6778,16.6243,15.1967,0.0015,-1.0000
16.6663,1.0000,48.2039,1.3624,0.4015,16.6609,16.6589,15.4497,0.0011,-1.0000
16.6678,1.0000,48.2206,1.1129,0.3838,16.6659,16.6561,15.5408,0.0013,-1.0000
16.6658,1.0000,48.2373,0.9583,0.4202,16.7001,16.6571,15.3913,0.0014,-1.0000
16.6666,1.0000,48.2538,1.4258,0.3652,16.6338,16.6605,15.5508,0.0012,-1.0000
16.6679,1.0000,48.2706,1.2081,0.4002,16.6691,16.6562,15.6259,0.0010,-1.0000
16.6664,1.0000,48.2873,1.1136,0.4078,16.6645,16.6572,15.4136,0.0011,-1.0000
16.6642,1.0000,48.3039,1.2644,0.3770,16.6668,16.6504,15.5683,0.0011,-1.0000
16.6695,1.0000,48.3206,1.1080,0.3724,16.6693,16.6689,15.6311,0.0011,-1.0000
16.6665,1.0000,48.3373,1.0287,0.3637,16.6651,16.6543,15.4594,0.0013,-1.0000
16.6657,1.0000,48.3538,1.2420,0.3687,16.6661,16.6565,15.5546,0.0013,-1.0000
16.6693,1.0000,48.3708,1.0811,0.3685,16.6592,16.7546,15.6557,0.0011,-1.0000
16.6638,1.0000,48.3872,1.0366,0.5718,16.6771,16.5594,15.1341,0.0010,-1.0000
16.6669,1.0000,48.4039,1.1932,0.4340,16.6640,16.6567,15.6871,0.0010,-1.0000
16.6698,1.0000,48.4207,1.1005,0.3758,16.6653,16.6687,15.5724,0.0012,-1.0000
16.6634,1.0000,48.4373,1.0977,0.4538,16.7645,16.6450,15.3318,0.0015,-1.0000
16.6676,1.0000,48.4538,1.4238,0.3335,16.5681,16.6604,15.5360,0.0013,-1.0000
16.6673,1.0000,48.4706,0.9687,0.3404,16.6652,16.6626,15.6455,0.0011,-1.0000
16.6651,1.0000,48.4872,1.0948,0.3563,16.6786,16.6503,15.5279,0.0009,-1.0000
16.6676,1.0000,48.5039,1.3114,0.3667,16.6535,16.6671,15.5965,0.0010,-1.0000
16.6685,1.0000,48.5206,1.1231,0.3976,16.6680,16.6651,15.2596,0.0009,-1.0000
16.6657,1.0000,48.5373,1.0158,0.3811,16.6704,16.6486,15.5467,0.0012,-1.0000
16.6680,1.0000,48.5538,1.1214,0.3170,16.6580,16.6638,15.5656,0.0010,-1.0000
16.6657,1.0000,48.5706,1.0693,0.3848,16.6757,16.6549,15.5883,0.0010,-1.0000
16.6663,1.0000,48.5872,1.4044,0.3321,16.6734,16.6535,15.4747,0.0009,-1.0000
16.6684,1.0000,48.6039,1.1003,0.3471,16.6582,16.6637,15.5582,0.0012,-1.0000
16.6656,1.0000,48.6206,1.0967,0.3730,16.6728,16.6568,15.5179,0.0011,-1.0000
16.6666,1.0000,48.6373,1.0656,0.4081,16.6646,16.6544,15.4865,0.0010,-1.0000
16.6679,1.0000,48.6539,1.1777,0.3939,16.6618,16.6636,15.5345,0.0010,-1.0000
16.6655,1.0000,48.6706,1.1038,0.3846,16.6725,16.6518,15.5220,0.0011,-1.0000
16.6666,1.0000,48.6873,1.1378,0.4523,16.6655,16.6577,15.5923,0.0012,-1.0000
16.6679,1.0000,48.7039,1.1668,0.4417,16.6629,16.6613,15.5933,0.0015,-1.0000
16.6664,1.0000,48.7206,1.1279,0.3439,16.6736,16.6598,15.4123,0.0009,-1.0000
16.6661,1.0000,48.7372,1.1286,0.3562,16.6605,16.6518,15.5364,0.0012,-1.0000
16.6684,1.0000,48.7547,1.0641,0.3279,16.6661,16.6709,15.6090,0.0010,-1.0000
16.6664,1.0000,48.7706,1.0663,0.4286,16.6700,16.6471,14.7724,0.0014,-1.0000
16.6653,1.0000,48.7872,1.2464,0.4126,16.6678,16.6539,15.5481,0.0012,-1.0000
16.6685,1.0000,48.8042,1.1146,0.3200,16.6600,16.8437,15.6392,0.0012,-1.0000
16.6660,1.0000,48.8206,1.0609,0.3927,16.6817,16.4751,15.1211,0.0013,-1.0000
16.6668,1.0000,48.8373,1.8732,0.3838,16.6588,16.6592,15.5848,0.0012,-1.0000
16.6681,1.0000,48.8539,1.1046,0.3727,16.6623,16.6626,15.5581,0.0011,-1.0000
16.6660,1.0000,48.8706,1.2030,0.4124,16.8514,16.6496,15.4635,0.0009,-1.0000
16.6661,1.0000,48.8873,1.3525,0.3473,16.4837,16.6601,15.5138,0.0009,-1.0000
16.6679,1.0000,48.9039,1.0729,0.3252,16.6678,16.6581,15.5955,0.0010,-1.0000
16.6660,1.0000,48.9206,1.1031,0.3955,16.6735,16.6557,15.1896,0.0013,-1.0000
16.6674,1.0000,48.9373,1.1848,0.3528,16.6589,16.6560,15.4867,0.0009,-1.0000
16.6668,1.0000,48.9538,1.1451,0.3628,16.6690,16.6595,15.5741,0.0011,-1.0000
16.6656,1.0000,48.9706,1.0614,0.4054,16.6679,16.6537,15.5247,0.0009,-1.0000
16.6668,1.0000,48.9873,1.4648,0.4130,16.6653,16.6637,15.6051,0.0008,-1.0000
16.6684,1.0000,49.0040,1.1683,0.3524,16.6656,16.6603,15.3478,0.0008,-1.0000
16.6651,1.0000,49.0206,1.0838,0.4785,16.6689,16.6449,15.1120,0.0011,-1.0000
16.6669,1.0000,49.0372,1.1279,0.3542,16.6624,16.6608,15.6197,0.0011,-1.0000
16.6700,1.0000,49.0539,1.0575,0.4276,16.6732,16.6689,15.5763,0.0010,-1.0000
16.6625,1.0000,49.0706,1.3116,0.4584,16.6716,16.6395,15.3351,0.0013,-1.0000
16.6687,1.0000,49.0873,1.5318,0.3648,16.6537,16.6662,15.6342,0.0009,-1.0000
16.6673,1.0000,49.1039,1.0401,0.3710,16.6692,16.6656,15.5141,0.0012,-1.0000
16.6649,1.0000,49.1206,1.0915,0.4092,16.6794,16.6442,15.5338,0.0011,-1.0000
16.6710,1.0000,49.1374,1.3030,0.3565,16.6481,16.6765,15.5232,0.0010,-1.0000
16.6656,1.0000,49.1538,1.0311,0.3918,16.6745,16.6437,15.2391,0.0014,-1.0000
16.6642,1.0000,49.1706,1.1498,0.3828,16.6746,16.6507,15.6037,0.0009,-1.0000
16.6663,1.0000,49.1872,1.1093,0.4315,16.6526,16.6589,15.6035,0.0010,-1.0000
16.6691,1.0000,49.2039,1.1521,0.3474,16.6898,16.6644,15.5167,0.0012,-1.0000
16.6661,1.0000,49.2206,1.4028,0.4150,16.6544,16.6566,15.5844,0.0012,-1.0000
16.6675,1.0000,49.2373,1.0457,0.3152,16.6589,16.6606,15.5641,0.0012,-1.0000
16.6661,1.0000,49.2538,1.0542,0.3675,16.6668,16.6565,15.3832,0.0012,-1.0000
16.6659,1.0000,49.2706,1.1464,0.3291,16.6722,16.6540,15.6717,0.0008,-1.0000
16.6680,1.0000,49.2873,1.0708,0.3416,16.6650,16.6659,15.4203,0.0009,-1.0000
16.6668,1.0000,49.3039,1.0952,0.3890,16.6695,16.6538,15.4298,0.0015,-1.0000
16.6655,1.0000,49.3206,1.2720,0.3629,16.6655,16.6530,15.5728,0.0010,-1.0000
16.6692,1.0000,49.3373,0.9817,0.3875,16.6620,16.6691,15.5902,0.0012,-1.0000
16.6671,1.0000,49.3539,1.2446,0.4141,16.6760,16.6566,15.1394,0.0011,-1.0000
16.6655,1.0000,49.3706,1.2224,0.3793,16.6627,16.6512,15.6003,0.0010,-1.0000
16.6677,1.0000,49.3873,1.0789,0.3306,16.6616,16.6640,15.4382,0.0011,-1.0000
16.6663,1.0000,49.4039,1.0776,0.4626,16.6788,16.6502,15.2698,0.0011,-1.0000
16.6655,1.0000,49.4206,1.5157,0.3860,16.6665,16.6527,15.4991,0.0010,-1.0000
16.6693,1.0000,49.4374,1.0499,0.3417,16.6616,16.6727,15.6186,0.0008,-1.0000
16.6662,1.0000,49.4539,1.2241,0.4544,16.6747,16.6464,15.1689,0.0017,-1.0000
16.6654,1.0000,49.4706,1.3794,0.4384,16.6597,16.6514,15.5776,0.0008,-1.0000
16.6693,1.0000,49.4873,1.1526,0.3318,16.6610,16.6644,15.5898,0.0012,-1.0000
16.6644,1.0000,49.5039,1.0530,0.4316,16.6845,16.6496,15.3856,0.0011,-1.0000
16.6656,1.0000,49.5206,1.4751,0.3318,16.6584,16.6558,15.6272,0.0010,-1.0000
16.6680,1.0000,49.5373,1.0726,0.3548,16.6602,16.6678,15.6020,0.0008,-1.0000
16.6670,1.0000,49.5538,1.0731,0.5349,16.6734,16.6536,15.4794,0.0010,-1.0000
16.6669,1.0000,49.5706,1.2627,0.3395,16.6589,16.6624,15.6294,0.0009,-1.0000
16.6687,1.0000,49.5873,1.0275,0.3271,16.6639,16.6552,15.4603,0.0013,-1.0000
16.6643,1.0000,49.6039,1.0648,0.3353,16.6761,16.6573,15.4154,0.0010,-1.0000
16.6664,1.0000,49.6206,1.1731,0.4129,16.6615,16.6555,15.5287,0.0011,-1.0000
16.6671,1.0000,49.6373,1.0317,0.3808,16.6719,16.6602,15.5449,0.0008,-1.0000
16.6667,1.0000,49.6538,1.1924,0.4549,16.6638,16.6550,15.5457,0.0011,-1.0000
16.6668,1.0000,49.6706,1.2408,0.3762,16.6658,16.6582,15.6634,0.0011,-1.0000
16.6678,1.0000,49.6873,1.1257,0.3839,16.6643,16.6619,15.5271,0.0011,-1.0000
16.6653,1.0000,49.7039,1.1144,0.3687,16.6704,16.6534,15.2116,0.0009,-1.0000
16.6671,1.0000,49.7206,1.1082,0.3650,16.6636,16.6583,15.6147,0.0011,-1.0000
16.6682,1.0000,49.7378,0.9936,0.3605,16.6663,16.6621,15.5624,0.0010,-1.0000
16.6649,1.0000,49.7538,1.1335,0.4712,16.6720,16.3250,14.8376,0.0015,-1.0000
16.6664,1.0000,49.7706,1.4409,0.3281,16.6632,16.6630,15.6716,0.0009,-1.0000
16.6681,1.0000,49.7873,1.0425,0.3356,16.6677,16.6612,15.5307,0.0012,-1.0000
16.6662,1.0000,49.8039,1.0985,0.3659,16.6726,16.6509,15.4340,0.0011,-1.0000
16.6675,1.0000,49.8206,1.4857,0.3656,16.6559,16.6629,15.5775,0.0009,-1.0000
16.6678,1.0000,49.8373,0.9906,0.3955,16.6715,16.6749,15.5086,0.0010,-1.0000
16.6652,1.0000,49.8538,1.1293,0.4313,16.6708,16.6333,15.4976,0.0011,-1.0000
16.6666,1.0000,49.8706,1.2157,0.3681,16.6604,16.6597,15.6615,0.0009,-1.0000
16.6681,1.0000,49.8873,1.0842,0.3478,16.6719,16.6636,15.4326,0.0010,-1.0000
16.6647,1.0000,49.9039,1.1651,0.3944,16.6854,16.6502,15.2376,0.0012,-1.0000
16.6676,1.0000,49.9206,1.1343,0.3946,16.6422,16.6607,15.5707,0.0012,-1.0000
16.6674,1.0000,49.9373,0.9971,0.4812,16.6690,16.6597,15.5631,0.0010,-1.0000
16.6650,1.0000,49.9538,1.2295,0.4107,16.6725,16.6491,15.1682,0.0011,-1.0000
16.6678,1.0000,49.9706,1.4113,0.3455,16.6584,16.6639,15.7016,0.0010,-1.0000
16.6680,1.0000,49.9873,1.0885,0.3373,16.6698,16.6676,15.5545,0.0009,-1.0000
16.6644,1.0000,50.0039,1.0952,0.4578,16.6699,16.6433,15.3168,0.0015,-1.0000
16.6689,1.0000,50.0206,1.4795,0.3664,16.6568,16.6654,15.6000,0.0009,-1.0000
16.6670,1.0000,50.0373,0.9614,0.3447,16.6716,16.6585,15.3375,0.0012,-1.0000
16.6665,1.0000,50.0539,1.1122,0.3426,16.6772,16.6548,15.4860,0.0012,-1.0000
16.6658,1.0000,50.0707,1.3244,0.3773,16.6522,16.6648,15.6272,0.0011,-1.0000
16.6687,1.0000,50.0873,1.0639,0.4047,16.6748,16.6527,15.3920,0.0012,-1.0000
16.6651,1.0000,50.1039,1.3191,0.4065,16.6672,16.6544,15.6066,0.0009,-1.0000
16.7884,1.0000,50.1207,1.1674,0.3829,16.6631,16.7846,15.6858,0.0012,-1.0000
16.6664,1.0000,50.1374,1.0365,0.5529,16.6752,16.6563,15.4830,0.0010,-1.0000
16.6927,1.0000,50.1540,1.2590,0.3478,16.6610,16.6844,15.4998,0.0010,-1.0000
16.6678,1.0000,50.1708,1.0464,0.3153,16.6630,16.6612,15.6465,0.0009,-1.0000
16.6664,1.0000,50.1876,1.0976,0.4024,16.7926,16.6546,15.4775,0.0012,-1.0000
16.6651,1.0000,50.2043,1.1723,0.3277,16.6645,16.6537,15.3890,0.0011,-1.0000
16.6694,1.0000,50.2209,1.1834,0.4154,16.6928,16.6687,15.2462,0.0011,-1.0000
16.6664,1.0000,50.2375,1.0136,0.3758,16.6697,16.6544,15.1780,0.0015,-1.0000
16.6654,1.0000,50.2540,1.1760,0.3899,16.6631,16.6547,15.3437,0.0013,-1.0000
16.6687,1.0000,50.2708,1.2635,0.5112,16.6623,16.6657,15.6204,0.0009,-1.0000
16.6656,1.0000,50.2875,1.4208,0.4339,16.6764,16.6541,15.1940,0.0013,-1.0000
16.6663,1.0000,50.3041,1.4745,0.4018,16.6640,16.6557,15.4287,0.0014,-1.0000
16.6955,1.0000,50.3210,1.3098,0.3666,16.6630,16.8104,15.5471,0.0011,-1.0000
16.6660,1.0000,50.3375,1.0439,0.5022,16.6735,16.5349,15.2642,0.0014,-1.0000
16.6652,1.0000,50.3541,1.4583,0.3503,16.6629,16.6534,15.4654,0.0012,-1.0000
16.6686,1.0000,50.3708,1.2254,0.3282,16.6642,16.6652,15.6299,0.0011,-1.0000
16.6662,1.0000,50.3875,1.2621,0.3973,16.8189,16.6557,15.4113,0.0009,-1.0000
16.6644,1.0000,50.4041,1.2690,0.4187,16.5444,16.6534,15.5085,0.0013,-1.0000
16.6700,1.0000,50.4209,1.1866,0.3341,16.6615,16.6673,15.5724,0.0011,-1.0000
16.6661,1.0000,50.4375,1.0343,0.4229,16.6730,16.6563,15.4406,0.0013,-1.0000
16.6657,1.0000,50.4541,1.2433,0.3868,16.6649,16.6531,15.5042,0.0011,-1.0000
16.6692,1.0000,50.4709,1.1436,0.3416,16.6609,16.6684,15.5456,0.0012,-1.0000
16.6647,1.0000,50.4875,1.0936,0.3953,16.6756,16.6465,14.7267,0.0013,-1.0000
16.6667,1.0000,50.5042,1.2145,0.3539,16.6659,16.6610,15.4480,0.0014,-1.0000
16.6691,1.0000,50.5211,1.1476,0.3428,16.6621,16.6658,15.5186,0.0015,-1.0000
16.6649,1.0000,50.5375,1.1212,0.4996,16.6772,16.6488,15.0514,0.0012,-1.0000
16.6674,1.0000,50.5542,1.9187,0.3558,16.6557,16.6649,15.5060,0.0009,-1.0000
16.6681,1.0000,50.5711,1.2114,0.3517,16.6685,16.6574,15.1519,0.0013,-1.0000
16.6649,1.0000,50.5875,1.1453,0.3806,16.6760,16.6480,14.9638,0.0014,-1.0000
16.6671,1.0000,50.6043,1.5965,0.3529,16.6590,16.6638,15.4683,0.0014,-1.0000
16.6677,1.0000,50.6209,1.1576,0.4281,16.6733,16.6651,15.2367,0.0012,-1.0000
16.6656,1.0000,50.6375,1.5040,0.4145,16.6691,16.6384,15.2345,0.0011,-1.0000
16.6660,1.0000,50.6541,1.6830,0.3726,16.6568,16.6577,15.4745,0.0012,-1.0000
16.6697,1.0000,50.6710,1.1939,0.6369,16.6745,16.6690,15.4441,0.0012,-1.0000
16.6636,1.0000,50.6875,1.4271,0.6635,16.6776,16.6456,15.2002,0.0013,-1.0000
16.6678,1.0000,50.7042,1.4022,0.4303,16.6480,16.6599,15.2149,0.0010,-1.0000
16.6672,1.0000,50.7209,1.1817,0.3870,16.6663,16.6602,15.4141,0.0012,-1.0000
16.6664,1.0000,50.7375,1.2231,0.3440,16.6791,16.6528,15.3502,0.0012,-1.0000
16.6662,1.0000,50.7541,1.4438,0.3668,16.6561,16.6571,15.4698,0.0011,-1.0000
16.6677,1.0000,50.7709,1.4438,0.4290,16.6683,16.6639,15.4969,0.0010,-1.0000
16.6665,1.0000,50.7875,1.2448,0.3913,16.6698,16.6545,15.4813,0.0016,-1.0000
16.6665,1.0000,50.8042,1.3014,0.3503,16.6623,16.6555,15.5035,0.0012,-1.0000
16.6678,1.0000,50.8209,1.1861,0.4231,16.6648,16.6608,15.4067,0.0010,-1.0000
16.6638,1.0000,50.8375,1.1656,0.3526,16.6734,16.6487,15.3790,0.0013,-1.0000
16.6671,1.0000,50.8541,1.1714,0.3817,16.6645,16.6636,15.5072,0.0012,-1.0000
16.6689,1.0000,50.8709,1.1503,0.4641,16.6643,16.6656,15.5394,0.0007,-1.0000
16.6666,1.0000,50.8875,1.2530,0.3485,16.6688,16.6531,15.3703,0.0013,-1.0000
16.6668,1.0000,50.9042,1.2685,0.3400,16.6571,16.6600,15.4627,0.0012,-1.0000
16.6663,1.0000,50.9208,1.1551,0.3801,16.6715,16.6544,15.3970,0.0014,-1.0000
16.6661,1.0000,50.9375,1.1253,0.3549,16.6748,16.6562,15.5031,0.0013,-1.0000
16.6681,1.0000,50.9541,1.2814,0.3445,16.6629,16.6660,15.5131,0.0011,-1.0000
16.6666,1.0000,50.9709,1.1961,0.3662,16.6695,16.6527,15.4434,0.0009,-1.0000
16.6665,1.0000,50.9875,1.2556,0.3830,16.6629,16.6575,15.4628,0.0012,-1.0000
16.6679,1.0000,51.0043,1.1514,0.3393,16.6645,16.6675,15.4989,0.0013,-1.0000
16.6661,1.0000,51.0209,1.1513,0.4021,16.6753,16.6474,15.1216,0.0017,-1.0000
16.6663,1.0000,51.0375,1.2080,0.3912,16.6617,16.6591,15.3270,0.0013,-1.0000
16.6675,1.0000,51.0541,1.1932,0.4329,16.6664,16.6572,15.5136,0.0013,-1.0000
16.6663,1.0000,51.0709,1.1670,0.4142,16.6777,16.6568,15.5070,0.0012,-1.0000
16.6665,1.0000,51.0876,1.5239,0.4541,16.6575,16.6568,15.3802,0.0014,-1.0000
16.6691,1.0000,51.1042,1.3308,0.3641,16.6675,16.6618,15.2260,0.0014,-1.0000
16.6647,1.0000,51.1208,1.1421,0.4569,16.6661,16.6512,15.3420,0.0012,-1.0000
16.6676,1.0000,51.1376,1.1482,0.3804,16.6664,16.6607,15.5040,0.0011,-1.0000
16.6663,1.0000,51.1541,1.2747,0.4351,16.6666,16.6537,15.2384,0.0011,-1.0000
16.6667,1.0000,51.1709,1.4338,0.3976,16.6715,16.6582,15.4709,0.0011,-1.0000
16.6656,1.0000,51.1875,1.3079,0.3840,16.6605,16.6526,15.4148,0.0013,-1.0000
16.6682,1.0000,51.2042,1.1556,0.4070,16.6718,16.6652,15.4960,0.0010,-1.0000
16.6670,1.0000,51.2208,1.4141,0.4048,16.6629,16.6570,15.3517,0.0012,-1.0000
16.6652,1.0000,51.2375,1.1861,0.3470,16.6672,16.6531,15.4819,0.0012,-1.0000
16.6683,1.0000,51.2541,1.2365,0.4415,16.6609,16.6648,15.5024,0.0010,-1.0000
16.6660,1.0000,51.2709,1.1682,0.5204,16.6745,16.6539,15.4560,0.0010,-1.0000
16.6657,1.0000,51.2875,1.3039,0.3849,16.6659,16.6579,15.4880,0.0013,-1.0000
16.6696,1.0000,51.3042,1.1703,0.3298,16.6608,16.6674,15.5462,0.0013,-1.0000
16.6650,1.0000,51.3208,1.1617,0.3700,16.6737,16.6509,15.4306,0.0012,-1.0000
16.6657,1.0000,51.3375,1.1968,0.4307,16.6621,16.6560,15.4432,0.0013,-1.0000
16.6688,1.0000,51.3544,1.1687,0.3414,16.6650,16.6666,15.5300,0.0014,-1.0000
16.6648,1.0000,51.3708,1.1197,0.3828,16.6762,16.6482,15.1192,0.0015,-1.0000
16.6675,1.0000,51.3875,1.2187,0.3800,16.6599,16.6617,15.4239,0.0012,-1.0000
16.6680,1.0000,51.4042,1.2114,0.3311,16.6645,16.6621,15.4946,0.0011,-1.0000
16.6638,1.0000,51.4208,1.1349,0.4155,16.6757,16.6487,15.5274,0.0011,-1.0000
16.6685,1.0000,51.4376,1.5276,0.3784,16.6565,16.6676,15.5674,0.0011,-1.0000
16.6678,1.0000,51.4541,1.2362,0.3778,16.6700,16.6611,14.8902,0.0012,-1.0000
16.6646,1.0000,51.4708,1.1658,0.3545,16.6700,16.6477,15.5933,0.0011,-1.0000
16.6695,1.0000,51.4876,1.1203,0.3265,16.6559,16.6717,15.5060,0.0013,-1.0000
16.6659,1.0000,51.5042,1.0989,0.3713,16.6748,16.6536,15.2010,0.0011,-1.0000
16.6638,1.0000,51.5208,1.7696,0.3655,16.6700,16.6514,15.5086,0.0012,-1.0000
16.6714,1.0000,51.5376,1.0532,0.3934,16.6558,16.6864,15.5591,0.0009,-1.0000
16.6658,1.0000,51.5546,1.1641,0.3890,16.6798,16.6363,15.2914,0.0012,-1.0000
16.6658,1.0000,51.5708,1.4513,0.3432,16.6617,16.6579,14.3844,0.0014,-1.0000
16.6683,1.0000,51.5875,1.1412,0.3461,16.6580,16.6625,15.5058,0.0011,-1.0000
16.6660,1.0000,51.6041,1.1260,0.5946,16.6977,16.6537,15.4041,0.0015,-1.0000
16.6643,1.0000,51.6207,1.3434,0.3740,16.6463,16.6523,15.5863,0.0009,-1.0000
16.6681,1.0000,51.6375,2.2718,0.3417,16.6664,16.6654,15.5607,0.0008,-1.0000
16.6678,1.0000,51.6540,1.1555,0.4008,16.6709,16.6601,15.4761,0.0015,-1.0000
16.6661,1.0000,51.6708,1.2481,0.3433,16.6625,16.6528,15.5953,0.0008,-1.0000
16.6688,1.0000,51.6875,1.0650,0.3308,16.6598,16.6688,15.5986,0.0011,-1.0000
16.6653,1.0000,51.7041,1.1039,0.3458,16.6740,16.6470,15.3781,0.0011,-1.0000
16.6656,1.0000,51.7208,1.1827,0.3484,16.6690,16.6569,15.5820,0.0012,-1.0000
16.6690,1.0000,51.7375,1.0565,0.3476,16.6617,16.6648,15.6012,0.0007,-1.0000
16.6659,1.0000,51.7540,1.0687,0.3857,16.6796,16.6537,15.3270,0.0014,-1.0000
16.6677,1.0000,51.7709,1.2676,0.3210,16.6560,16.6575,15.5703,0.0010,-1.0000
16.6679,1.0000,51.7875,1.0737,0.3444,16.6658,16.6625,15.4170,0.0013,-1.0000
16.6658,1.0000,51.8041,1.0629,0.5576,16.6741,16.6502,15.1970,0.0015,-1.0000
16.6648,1.0000,51.8208,1.3253,0.4330,16.6632,16.6513,15.5259,0.0014,-1.0000
16.6688,1.0000,51.8375,1.0860,0.4249,16.6671,16.6644,15.5467,0.0015,-1.0000
16.6657,1.0000,51.8541,1.2439,0.4325,16.6743,16.6553,15.4311,0.0012,-1.0000
16.6670,1.0000,51.8708,1.4518,0.4054,16.6603,16.6576,15.5991,0.0009,-1.0000
16.6677,1.0000,51.8875,1.1241,0.3441,16.6601,16.6615,15.5340,0.0011,-1.0000
16.6659,1.0000,51.9041,1.1160,0.3516,16.6719,16.6510,15.4283,0.0011,-1.0000
16.6666,1.0000,51.9208,1.2228,0.4130,16.6657,16.6581,15.3822,0.0009,-1.0000
16.6675,1.0000,51.9375,1.0573,0.3735,16.6661,16.6597,15.5849,0.0010,-1.0000
16.6655,1.0000,51.9540,1.1261,0.3417,16.6720,16.6550,15.5413,0.0012,-1.0000
16.6676,1.0000,51.9708,1.2215,0.3986,16.6610,16.6604,15.6673,0.0011,-1.0000
16.6665,1.0000,51.9875,1.2748,0.3379,16.6672,16.6584,15.5318,0.0010,-1.0000
16.6678,1.0000,52.0041,1.0734,0.3389,16.6684,16.6697,15.3698,0.0011,-1.0000
16.6660,1.0000,52.0208,1.1125,0.3492,16.6634,16.6457,15.4936,0.0010,-1.0000
16.6691,1.0000,52.0375,0.9919,0.3624,16.6684,16.6624,15.5965,0.0010,-1.0000
16.6645,1.0000,52.0540,1.1254,0.4110,16.6665,16.6515,15.4622,0.0011,-1.0000
16.6666,1.0000,52.0708,1.2988,0.3921,16.6796,16.6574,15.5534,0.0011,-1.0000
16.6679,1.0000,52.0875,1.1509,0.3351,16.6540,16.6601,15.5147,0.0010,-1.0000
16.6655,1.0000,52.1041,1.0644,0.3928,16.6724,16.6551,15.4504,0.0012,-1.0000
16.6695,1.0000,52.1208,1.1881,0.3812,16.6618,16.6668,15.4977,0.0013,-1.0000
16.6651,1.0000,52.1375,1.1027,0.3471,16.6659,16.6515,15.4574,0.0011,-1.0000
16.6662,1.0000,52.1540,1.1443,0.4500,16.6692,16.6556,15.4353,0.0011,-1.0000
16.6660,1.0000,52.1708,1.2033,0.3444,16.6643,16.6551,15.6340,0.0007,-1.0000
16.6687,1.0000,52.1875,1.1673,0.3553,16.6756,16.6666,15.5675,0.0011,-1.0000
16.6656,1.0000,52.2041,1.1928,0.3598,16.6613,16.6511,15.2907,0.0009,-1.0000
16.6667,1.0000,52.2208,1.2188,0.3375,16.6641,16.6612,15.5350,0.0010,-1.0000
16.6677,1.0000,52.2375,1.0201,0.3688,16.6633,16.6753,15.5088,0.0012,-1.0000
16.6644,1.0000,52.2540,1.0979,0.4386,16.6757,16.6359,15.2323,0.0014,-1.0000
16.6679,1.0000,52.2709,1.3596,0.3874,16.6603,16.7450,15.7022,0.0009,-1.0000
16.6685,1.0000,52.2875,1.1249,0.4095,16.6693,16.5846,15.4746,0.0011,-1.0000
16.6651,1.0000,52.3041,1.1651,0.5736,16.6835,16.6441,15.3556,0.0013,-1.0000
16.6674,1.0000,52.3208,1.4020,0.3554,16.6440,16.6616,15.5571,0.0013,-1.0000
16.6668,1.0000,52.3375,1.0419,0.3668,16.7533,16.6584,15.3875,0.0011,-1.0000
16.6662,1.0000,52.3540,1.1089,0.5148,16.5953,16.6517,15.5269,0.0011,-1.0000
16.6678,1.0000,52.3708,1.2869,0.4282,16.6542,16.6673,15.6330,0.0012,-1.0000
16.6660,1.0000,52.3875,1.1032,0.4484,16.6710,16.6534,15.2536,0.0011,-1.0000
16.6672,1.0000,52.4042,1.2696,0.3781,16.6679,16.7247,15.5949,0.0010,-1.0000
16.6668,1.0000,52.4208,1.1234,0.3568,16.6591,16.5933,15.3705,0.0011,-1.0000
16.6666,1.0000,52.4375,1.0329,0.4214,16.6764,16.6574,15.3631,0.0012,-1.0000
16.6649,1.0000,52.4540,1.3986,0.3783,16.6620,16.6489,15.5673,0.0010,-1.0000
16.6689,1.0000,52.4708,1.1288,0.3611,16.7340,16.6685,15.7198,0.0007,-1.0000
16.6677,1.0000,52.4874,1.2213,0.3571,16.6027,16.6587,15.4725,0.0010,-1.0000
16.6633,1.0000,52.5041,1.2928,0.3558,16.6654,16.6482,15.6042,0.0010,-1.0000
16.6683,1.0000,52.5208,1.0805,0.3411,16.6565,16.6714,15.6628,0.0010,-1.0000
16.6675,1.0000,52.5374,0.9479,0.4969,16.6764,16.6578,15.5131,0.0010,-1.0000
16.6660,1.0000,52.5540,1.1850,0.3718,16.6666,16.6547,15.5893,0.0012,-1.0000
16.6677,1.0000,52.5708,1.0428,0.3218,16.6557,16.6621,15.6864,0.0011,-1.0000
16.6669,1.0000,52.5874,1.0075,0.4083,16.6791,16.6640,15.1852,0.0016,-1.0000
16.6647,1.0000,52.6041,1.1437,0.3342,16.6656,16.6462,15.5733,0.0009,-1.0000
16.6689,1.0000,52.6208,1.0642,0.3367,16.6626,16.6716,15.6367,0.0009,-1.0000
16.6668,1.0000,52.6375,0.9746,0.4360,16.6706,16.6528,15.4905,0.0009,-1.0000
16.6670,1.0000,52.6541,1.4768,0.3471,16.6721,16.6570,15.5213,0.0010,-1.0000
16.6665,1.0000,52.6708,1.0720,0.3233,16.6534,16.6604,15.6831,0.0012,-1.0000
16.6672,1.0000,52.6875,1.0339,0.3785,16.6809,16.6549,15.4563,0.0011,-1.0000
16.6673,1.0000,52.7041,1.1612,0.3679,16.6618,16.6564,15.5812,0.0012,-1.0000
16.6655,1.0000,52.7208,1.1342,0.3505,16.6667,16.6615,15.6283,0.0010,-1.0000
16.6672,1.0000,52.7374,0.9760,0.4341,16.6704,16.6547,15.5095,0.0012,-1.0000
16.6668,1.0000,52.7540,1.1972,0.3808,16.6634,16.6563,15.4707,0.0012,-1.0000
16.6682,1.0000,52.7710,1.0738,0.3293,16.6643,16.6684,15.6731,0.0010,-1.0000
16.6661,1.0000,52.7874,1.0322,0.3357,16.6711,16.6492,14.7965,0.0011,-1.0000
16.6671,1.0000,52.8041,1.1435,0.4586,16.6639,16.6587,15.5606,0.0011,-1.0000
16.6666,1.0000,52.8208,1.1841,0.3054,16.6646,16.6597,15.5460,0.0012,-1.0000
16.6662,1.0000,52.8374,0.9939,0.3915,16.6785,16.6533,15.4864,0.0011,-1.0000
16.6670,1.0000,52.8541,1.8511,0.3957,16.6582,16.6585,15.6033,0.0011,-1.0000
16.6663,1.0000,52.8709,1.0968,0.4011,16.6689,16.6586,15.4480,0.0012,-1.0000
16.6670,1.0000,52.8875,1.1123,0.3603,16.6693,16.6546,15.2917,0.0012,-1.0000
16.6664,1.0000,52.9041,1.1657,0.3342,16.6620,16.6567,15.5164,0.0010,-1.0000
16.6667,1.0000,52.9208,1.0539,0.3589,16.6693,16.6571,15.5475,0.0011,-1.0000
16.6673,1.0000,52.9375,1.2095,0.3819,16.6687,16.6592,15.4462,0.0010,-1.0000
16.6647,1.0000,52.9540,1.3613,0.3721,16.6643,16.6504,15.4836,0.0012,-1.0000
16.6689,1.0000,52.9708,1.1390,0.3970,16.6655,16.6665,15.7359,0.0008,-1.0000
16.6670,1.0000,52.9875,1.1079,0.3998,16.6656,16.6595,15.5055,0.0009,-1.0000
16.6660,1.0000,53.0041,1.2117,0.3874,16.6674,16.6568,15.5149,0.0011,-1.0000
16.6676,1.0000,53.0209,1.1655,0.3702,16.6582,16.6587,15.4773,0.0014,-1.0000
16.6664,1.0000,53.0375,0.9292,0.3934,16.6743,16.6576,15.3292,0.0009,-1.0000
16.6661,1.0000,53.0540,1.1527,0.3963,16.6684,16.6540,15.5883,0.0010,-1.0000
16.6679,1.0000,53.0708,1.1404,0.4175,16.6657,16.6669,15.6636,0.0009,-1.0000
16.6668,1.0000,53.0875,1.1799,0.3903,16.6682,16.6545,15.3894,0.0014,-1.0000
16.6669,1.0000,53.1041,1.3271,0.3479,16.6657,16.6596,15.5222,0.0010,-1.0000
16.6671,1.0000,53.1209,1.0644,0.3703,16.6630,16.6593,15.4316,0.0011,-1.0000
16.6658,1.0000,53.1375,1.0023,0.4536,16.6758,16.6521,15.2329,0.0012,-1.0000
16.6658,1.0000,53.1540,1.2633,0.3678,16.6632,16.6530,15.5702,0.0013,-1.0000
16.6685,1.0000,53.1708,1.1363,0.3284,16.6681,16.6798,15.6604,0.0009,-1.0000
16.6659,1.0000,53.1875,1.2265,0.4883,16.6705,16.6381,15.4564,0.0009,-1.0000
16.6657,1.0000,53.2041,1.4179,0.3472,16.6620,16.6552,15.4869,0.0011,-1.0000
16.6684,1.0000,53.2208,1.0816,0.3750,16.6614,16.6616,15.5958,0.0010,-1.0000
16.6662,1.0000,53.2374,1.0183,0.3829,16.6887,16.6556,15.1699,0.0012,-1.0000
16.6654,1.0000,53.2540,1.1805,0.4218,16.6481,16.6538,15.6141,0.0008,-1.0000
16.6704,1.0000,53.2708,1.1672,0.3837,16.6636,16.6682,15.7096,0.0008,-1.0000
16.6643,1.0000,53.2874,1.0644,0.4125,16.6694,16.6541,15.4425,0.0015,-1.0000
16.6667,1.0000,53.3041,1.4841,0.3345,16.6648,16.6611,15.6133,0.0009,-1.0000
16.6676,1.0000,53.3208,1.0388,0.3248,16.6623,16.6567,15.5713,0.0011,-1.0000
16.6650,1.0000,53.3375,0.9573,0.4525,16.6761,16.6556,15.0703,0.0014,-1.0000
16.6676,1.0000,53.3540,1.2098,0.3597,16.6622,16.6601,15.5239,0.0009,-1.0000
16.6675,1.0000,53.3708,1.0464,0.3325,16.6698,16.6608,15.6160,0.0013,-1.0000
16.6657,1.0000,53.3875,1.0839,0.4161,16.6655,16.6523,15.3527,0.0010,-1.0000
16.6668,1.0000,53.4041,1.5838,0.3643,16.6642,16.6606,15.5920,0.0011,-1.0000
16.6677,1.0000,53.4209,1.1352,0.3604,16.6688,16.6637,15.4842,0.0012,-1.0000
16.6655,1.0000,53.4375,1.0434,0.3903,16.6694,16.6476,15.1665,0.0013,-1.0000
16.6685,1.0000,53.4541,1.2986,0.4221,16.6614,16.6649,15.5827,0.0010,-1.0000
16.7562,1.0000,53.4710,1.0675,0.4313,16.6683,16.7456,15.4469,0.0008,-1.0000
16.6635,1.0000,53.4875,1.1783,0.3358,16.6741,16.6448,15.4288,0.0013,-1.0000
16.6682,1.0000,53.5043,1.4796,0.3454,16.6572,16.6698,15.6610,0.0011,-1.0000
16.6792,1.0000,53.5213,1.0811,0.4555,16.6758,16.7266,15.4714,0.0013,-1.0000
16.6658,1.0000,53.5376,1.2976,0.3307,16.7549,16.4468,14.8479,0.0015,-1.0000
16.6680,1.0000,53.5542,1.2145,0.3286,16.6523,16.6656,15.5431,0.0009,-1.0000
16.6673,1.0000,53.5710,1.0076,0.3774,16.6790,16.6598,15.4428,0.0012,-1.0000
16.6641,1.0000,53.5876,1.2535,0.4688,16.8851,16.6421,15.2549,0.0013,-1.0000
16.6672,1.0000,53.6042,1.5976,0.3648,16.4559,16.6639,15.5597,0.0012,-1.0000
16.6683,1.0000,53.6209,1.1212,0.4195,16.6759,16.6556,15.3744,0.0008,-1.0000
16.6665,1.0000,53.6376,1.2155,0.3805,16.6707,16.6587,15.5842,0.0011,-1.0000
16.6675,1.0000,53.6541,1.3857,0.3392,16.6517,16.6609,15.5071,0.0012,-1.0000
16.6663,1.0000,53.6709,1.1030,0.4107,16.6722,16.6557,15.4896,0.0010,-1.0000
16.6674,1.0000,53.6876,1.2801,0.3467,16.6635,16.6586,15.4345,0.0010,-1.0000
16.6666,1.0000,53.7043,1.0733,0.3463,16.6674,16.6606,15.5191,0.0010,-1.0000
16.6663,1.0000,53.7209,1.1523,0.3785,16.6707,16.6548,15.4069,0.0009,-1.0000
16.6667,1.0000,53.7376,1.1651,0.3944,16.6644,16.6585,15.5807,0.0009,-1.0000
16.6671,1.0000,53.7542,1.2229,0.3307,16.6669,16.6602,15.5198,0.0010,-1.0000
16.6664,1.0000,53.7711,1.1403,0.3420,16.6694,16.6565,15.5837,0.0010,-1.0000
16.6657,1.0000,53.7910,1.2468,0.3772,16.6631,16.6536,15.3801,0.0012,-1.0000
16.6659,1.0000,53.8043,1.0769,0.3901,16.6675,16.6592,11.9311,0.0012,-1.0000
16.6694,1.0000,53.8210,1.1393,0.3629,16.6693,16.6651,15.3275,0.0013,-1.0000
16.6648,1.0000,53.8376,1.0717,0.3846,16.6653,16.6531,15.4940,0.0013,-1.0000
16.6691,1.0000,53.8544,1.2722,0.9015,16.6619,16.6719,15.5786,0.0011,-1.0000
16.6661,1.0000,53.8710,4.7268,0.4863,16.6652,16.6469,14.9784,0.0013,-1.0000
16.6660,1.0000,53.8876,1.3363,0.3786,16.6722,16.6542,15.4849,0.0013,-1.0000
16.6689,1.0000,53.9044,1.1575,0.3619,16.6604,16.6704,15.4858,0.0013,-1.0000
16.6658,1.0000,53.9210,1.0925,0.6727,16.6830,16.6490,15.1113,0.0012,-1.0000
16.6641,1.0000,53.9376,1.6670,0.3944,16.6563,16.6492,15.4125,0.0015,-1.0000
16.6676,1.0000,53.9542,1.1678,0.3829,16.6620,16.6675,15.5958,0.0009,-1.0000
16.6679,1.0000,53.9710,1.1833,0.5078,16.6798,16.6605,15.2675,0.0009,-1.0000
16.6666,1.0000,53.9876,1.5362,0.4005,16.6587,16.6578,15.4283,0.0010,-1.0000
16.6683,1.0000,54.0044,1.2352,0.4208,16.6568,16.6662,15.5426,0.0012,-1.0000
16.6659,1.0000,54.0210,1.0706,0.4044,16.6745,16.6495,15.2595,0.0012,-1.0000
16.6657,1.0000,54.0376,1.3919,0.3682,16.6681,16.6544,15.5016,0.0010,-1.0000
16.6669,1.0000,54.0543,1.2283,0.3374,16.6669,16.6633,15.5120,0.0014,-1.0000
16.6678,1.0000,54.0710,1.1223,0.4616,16.6756,16.6609,15.4098,0.0013,-1.0000
16.6654,1.0000,54.0876,1.3889,0.3484,16.6584,16.6508,15.2647,0.0011,-1.0000
16.6680,1.0000,54.1043,1.1516,0.3234,16.6619,16.6648,15.5974,0.0011,-1.0000
16.6674,1.0000,54.1210,1.1495,0.3891,16.6718,16.6600,15.4270,0.0013,-1.0000
16.6658,1.0000,54.1376,1.2496,0.4159,16.6698,16.6528,15.3918,0.0017,-1.0000
16.6660,1.0000,54.1542,1.3849,0.3153,16.6588,16.6604,15.4739,0.0011,-1.0000
16.6680,1.0000,54.1710,1.0660,0.4085,16.6732,16.6584,15.4533,0.0014,-1.0000
16.6669,1.0000,54.1876,1.2312,0.4027,16.6690,16.6562,15.4546,0.0014,-1.0000
16.6672,1.0000,54.2044,1.2594,0.3585,16.6613,16.6614,15.4607,0.0013,-1.0000
16.6662,1.0000,54.2210,1.1849,0.4700,16.6696,16.6542,14.9975,0.0013,-1.0000
16.6665,1.0000,54.2377,1.2033,0.3858,16.6671,16.6559,15.4662,0.0013,-1.0000
16.6695,1.0000,54.2543,1.1998,0.3642,16.6656,16.6694,15.4592,0.0010,-1.0000
16.6651,1.0000,54.2710,1.1992,0.5088,16.6718,16.6463,15.3034,0.0013,-1.0000
16.6641,1.0000,54.2876,1.6550,0.3907,16.6632,16.6505,15.3884,0.0014,-1.0000
16.6702,1.0000,54.3044,1.1880,0.3537,16.6643,16.6694,15.5601,0.0009,-1.0000
16.6652,1.0000,54.3210,1.2088,0.4128,16.6804,16.6542,15.2780,0.0014,-1.0000
16.6658,1.0000,54.3376,1.3413,0.3474,16.6565,16.6521,15.4371,0.0013,-1.0000
16.6687,1.0000,54.3542,1.2607,0.3425,16.6583,16.6783,15.5221,0.0011,-1.0000
16.6658,1.0000,54.3710,1.1082,0.4226,16.6784,16.6397,15.4324,0.0014,-1.0000
16.6651,1.0000,54.3876,1.3748,0.4540,16.6647,16.6537,15.4010,0.0011,-1.0000
16.6699,1.0000,54.4044,1.2138,0.3777,16.6605,16.6693,15.5669,0.0013,-1.0000
16.6658,1.0000,54.4210,1.1550,0.5508,16.6868,16.6554,15.4194,0.0012,-1.0000
16.6675,1.0000,54.4377,1.2058,0.3563,16.6482,16.6597,15.4725,0.0011,-1.0000
16.6668,1.0000,54.4542,1.2513,0.3203,16.6612,16.6554,15.3151,0.0012,-1.0000
16.6655,1.0000,54.4710,1.1008,0.3858,16.6770,16.6540,15.4329,0.0011,-1.0000
16.6666,1.0000,54.4876,1.2347,0.3883,16.6642,16.6580,15.4745,0.0012,-1.0000
16.6684,1.0000,54.5044,1.1864,0.4261,16.6705,16.6662,15.4945,0.0012,-1.0000
16.6642,1.0000,54.5209,1.3390,0.4123,16.6648,16.6455,15.2266,0.0011,-1.0000
16.6682,1.0000,54.5376,1.2200,0.3648,16.6626,16.6677,15.5671,0.0012,-1.0000
16.6677,1.0000,54.5542,1.1823,0.3570,16.6668,16.6644,15.4169,0.0012,-1.0000
16.6637,1.0000,54.5709,1.1701,0.4179,16.6744,16.6444,15.5599,0.0011,-1.0000
16.6678,1.0000,54.5877,1.4177,0.3533,16.6535,16.6633,15.5340,0.0012,-1.0000
16.6685,1.0000,54.6043,1.0992,0.4441,16.6753,16.6611,15.3400,0.0009,-1.0000
16.6657,1.0000,54.6210,1.2462,0.3397,16.6739,16.6581,15.6021,0.0011,-1.0000
16.6706,1.0000,54.6378,1.0833,0.3510,16.6525,16.6644,15.4880,0.0011,-1.0000
16.6644,1.0000,54.6542,1.1280,0.3377,16.6718,16.6485,15.1557,0.0014,-1.0000
16.6666,1.0000,54.6710,1.3201,0.3490,16.6698,16.6576,15.5680,0.0013,-1.0000
16.6669,1.0000,54.6877,1.0548,0.3824,16.6675,16.6653,15.4237,0.0012,-1.0000
16.6665,1.0000,54.7043,1.1749,0.5935,16.6752,16.6483,14.9577,0.0014,-1.0000
16.6655,1.0000,54.7210,1.4907,0.3866,16.6580,16.6554,15.5020,0.0010,-1.0000
16.6685,1.0000,54.7377,1.0881,0.3600,16.6658,16.6988,15.4288,0.0011,-1.0000
16.6672,1.0000,54.7542,1.2403,0.3701,16.6752,16.6237,15.2889,0.0014,-1.0000
16.6660,1.0000,54.7710,1.6888,0.3554,16.6582,16.6526,15.5428,0.0011,-1.0000
16.6667,1.0000,54.7877,1.1523,0.3405,16.6632,16.6608,15.4424,0.0013,-1.0000
16.6670,1.0000,54.8043,1.2687,0.5299,16.7085,16.6572,15.4258,0.0013,-1.0000
16.6650,1.0000,54.8210,1.3334,0.3639,16.6329,16.6552,15.4342,0.0013,-1.0000
16.6684,1.0000,54.8377,1.1086,0.3843,16.6615,16.6623,15.4719,0.0010,-1.0000
16.6666,1.0000,54.8542,1.2170,0.4087,16.6691,16.6576,15.3722,0.0012,-1.0000
16.6659,1.0000,54.8710,1.2298,0.3348,16.6654,16.6546,15.5699,0.0011,-1.0000
16.6680,1.0000,54.8877,1.2198,0.4276,16.6636,16.6658,15.3622,0.0015,-1.0000
16.6660,1.0000,54.9043,1.1896,0.3774,16.6705,16.6519,15.3912,0.0011,-1.0000
16.6662,1.0000,54.9210,1.2842,0.3510,16.6661,16.6577,15.4256,0.0011,-1.0000
16.6709,1.0000,54.9381,1.0835,0.3634,16.6628,16.6715,15.5543,0.0013,-1.0000
16.6638,1.0000,54.9542,1.3022,0.4236,16.6751,16.6408,14.3890,0.0014,-1.0000
16.6658,1.0000,54.9710,1.2593,0.3693,16.6609,16.6548,15.6242,0.0011,-1.0000
16.6717,1.0000,54.9878,1.2306,0.3606,16.6662,16.6743,15.4687,0.0010,-1.0000
16.6628,1.0000,55.0043,1.1153,0.5772,16.6849,16.6392,15.0471,0.0014,-1.0000
16.6656,1.0000,55.0210,2.2505,0.4301,16.6520,16.6564,15.3972,0.0013,-1.0000
16.6698,1.0000,55.0380,1.0296,0.5327,16.6637,17.0166,15.5109,0.0010,-1.0000
16.6655,1.0000,55.0543,1.2046,0.5185,16.6862,16.3047,15.0563,0.0013,-1.0000
16.6658,1.0000,55.0710,1.5903,0.3579,16.6491,16.6507,15.4478,0.0010,-1.0000
16.6685,1.0000,55.0877,1.2575,0.3519,16.6648,16.6649,15.4657,0.0012,-1.0000
16.6655,1.0000,55.1043,1.5045,0.3904,17.0259,16.6491,15.3742,0.0015,-1.0000
16.6655,1.0000,55.1210,1.2465,0.4147,16.3154,16.6594,15.4879,0.0014,-1.0000
16.6685,1.0000,55.1377,1.2014,0.3610,16.6597,16.6601,15.5477,0.0011,-1.0000
16.6663,1.0000,55.1542,1.1976,0.4264,16.6749,16.6554,15.3348,0.0011,-1.0000
16.6675,1.0000,55.1710,1.2732,0.3886,16.6581,16.6593,15.5692,0.0010,-1.0000
16.6667,1.0000,55.1877,1.1700,0.3494,16.6679,16.6638,15.4180,0.0012,-1.0000
16.6657,1.0000,55.2043,1.1108,0.3802,16.6688,16.6509,15.2642,0.0011,-1.0000
16.6676,1.0000,55.2210,1.3191,0.4334,16.6646,16.6640,15.4415,0.0013,-1.0000
16.8413,1.0000,55.2381,1.0891,0.3508,16.6672,16.8364,15.6282,0.0012,-1.0000
16.6627,1.0000,55.2543,1.2444,0.6107,16.6730,16.6385,15.0130,0.0017,-1.0000
16.6697,1.0000,55.2712,1.3853,0.3473,16.6593,16.6687,15.7057,0.0012,-1.0000
16.6689,1.0000,55.2879,1.2211,0.3707,16.6728,16.6665,15.3786,0.0013,-1.0000
16.6636,1.0000,55.3045,1.2066,0.3585,16.8476,16.6456,15.2018,0.0012,-1.0000
16.6675,1.0000,55.3211,1.6237,0.3703,16.6464,16.6593,15.3917,0.0011,-1.0000
16.6683,1.0000,55.3378,0.9615,0.3913,16.6763,16.6619,15.5160,0.0012,-1.0000
16.6635,1.0000,55.3544,1.2861,0.4281,16.6770,16.6499,15.4974,0.0015,-1.0000
16.6685,1.0000,55.3714,1.4421,0.4676,16.6546,16.7832,15.6155,0.0010,-1.0000
16.6670,1.0000,55.3878,1.2661,0.4342,16.6669,16.5379,15.0207,0.0012,-1.0000
16.6663,1.0000,55.4045,1.1444,0.3749,16.6706,16.6545,15.4341,0.0015,-1.0000
16.6680,1.0000,55.4213,1.1507,0.3853,16.6576,16.6648,15.4474,0.0012,-1.0000
16.6661,1.0000,55.4378,1.1667,0.3715,16.7945,16.6541,15.0649,0.0017,-1.0000
16.6648,1.0000,55.4544,1.5159,0.4623,16.5476,16.6511,15.4425,0.0012,-1.0000
16.6684,1.0000,55.4712,1.2185,0.3782,16.6639,16.6677,15.5083,0.0008,-1.0000
16.6672,1.0000,55.4878,1.2159,0.3916,16.6734,16.6573,15.3012,0.0012,-1.0000
16.6659,1.0000,55.5045,1.5875,0.3718,16.6631,16.6533,15.4370,0.0012,-1.0000
16.6686,1.0000,55.5212,1.2073,0.3614,16.6594,16.6690,15.5524,0.0011,-1.0000
16.6663,1.0000,55.5378,1.1585,0.4555,16.6760,16.6508,15.3855,0.0012,-1.0000
16.6660,1.0000,55.5544,1.3550,0.4064,16.6657,16.6535,15.4632,0.0013,-1.0000
16.6682,1.0000,55.5718,1.2147,0.3423,16.6626,16.6646,15.5861,0.0010,-1.0000
16.6657,1.0000,55.5879,1.1152,0.4662,16.6769,16.6514,14.6223,0.0016,-1.0000
16.6659,1.0000,55.6045,1.2642,0.5210,16.6614,16.6537,15.3473,0.0014,-1.0000
16.6695,1.0000,55.6212,1.1890,0.3826,16.6626,16.6685,15.4894,0.0012,-1.0000
16.6652,1.0000,55.6380,1.0766,0.4677,16.6757,16.7360,15.2550,0.0012,-1.0000
16.6667,1.0000,55.6544,2.0279,0.3876,16.6617,16.5716,15.2900,0.0012,-1.0000
16.6676,1.0000,55.6712,1.3049,0.3608,16.6624,16.6580,15.4997,0.0010,-1.0000
16.6659,1.0000,55.6878,1.1775,0.4003,16.6783,16.6533,15.3415,0.0014,-1.0000
16.6682,1.0000,55.7045,1.4798,0.3766,16.7458,16.6665,15.4490,0.0011,-1.0000
16.6666,1.0000,55.7212,1.2803,0.3791,16.5806,16.6534,15.3143,0.0012,-1.0000
16.6655,1.0000,55.7378,1.1571,0.4138,16.6672,16.6530,15.3132,0.0014,-1.0000
16.6659,1.0000,55.7544,1.3102,0.3912,16.6633,16.6575,15.4262,0.0011,-1.0000
16.6680,1.0000,55.7712,1.2161,0.4128,16.6756,16.6607,15.4130,0.0009,-1.0000
16.6661,1.0000,55.7878,1.3380,0.3750,16.6626,16.6550,15.2256,0.0010,-1.0000
16.6654,1.0000,55.8045,1.3384,0.4458,16.6622,16.6516,15.4170,0.0013,-1.0000
16.6698,1.0000,55.8212,1.2301,0.4101,16.6665,16.6707,15.5420,0.0010,-1.0000
16.6653,1.0000,55.8378,1.2465,0.6915,16.6697,16.6508,15.2314,0.0011,-1.0000
16.6671,1.0000,55.8544,1.4283,0.3845,16.6646,16.6605,15.4930,0.0012,-1.0000
16.6686,1.0000,55.8714,1.2333,0.4168,16.6600,16.6639,15.5211,0.0012,-1.0000
16.6646,1.0000,55.8878,1.1273,0.4703,16.6797,16.6459,15.1153,0.0014,-1.0000
16.6651,1.0000,55.9045,1.4182,0.3676,16.6604,16.6570,15.3864,0.0012,-1.0000
16.6684,1.0000,55.9212,1.1662,0.3916,16.6684,16.6600,15.5070,0.0012,-1.0000
16.6660,1.0000,55.9378,1.1417,0.4454,16.6761,16.6550,14.8121,0.0012,-1.0000
16.6674,1.0000,55.9544,1.5290,0.3493,16.6559,16.6627,15.4811,0.0013,-1.0000
16.6682,1.0000,55.9712,1.2692,0.4111,16.6652,16.6626,15.6004,0.0011,-1.0000
16.6650,1.0000,55.9878,1.1518,0.4119,16.6691,16.6471,15.2806,0.0009,-1.0000
16.6654,1.0000,56.0045,1.8417,0.3593,16.6640,16.6542,15.3784,0.0014,-1.0000
16.6685,1.0000,56.0212,1.1801,0.4410,16.6707,16.6649,15.2227,0.0016,-1.0000
16.6645,1.0000,56.0378,1.0610,0.4238,16.6733,16.6489,15.5309,0.0009,-1.0000
16.6691,1.0000,56.0544,1.3655,0.4037,16.6565,16.6700,15.5958,0.0008,-1.0000
16.6675,1.0000,56.0712,1.2744,0.3770,16.6625,16.6582,14.7707,0.0010,-1.0000
16.6649,1.0000,56.0878,1.4406,0.3671,16.6731,16.6512,15.4270,0.0013,-1.0000
16.6691,1.0000,56.1045,1.1170,0.3620,16.6570,16.6696,15.4174,0.0013,-1.0000
16.6661,1.0000,56.1212,1.0737,0.4066,16.6778,16.6518,15.2838,0.0012,-1.0000
16.6659,1.0000,56.1378,1.8863,0.4071,16.6667,16.6534,15.4951,0.0010,-1.0000
16.6671,1.0000,56.1544,1.2231,0.4041,16.6599,16.6664,15.5472,0.0013,-1.0000
16.6676,1.0000,56.1712,1.2509,0.4183,16.6787,16.6560,15.3111,0.0013,-1.0000
16.6668,1.0000,56.1878,1.3665,0.3813,16.6618,16.6619,15.4674,0.0012,-1.0000
16.6684,1.0000,56.2045,1.1572,0.3684,16.6618,16.6583,15.4779,0.0012,-1.0000
16.6648,1.0000,56.2212,1.1180,0.5036,16.6753,16.6511,14.8301,0.0012,-1.0000
16.6661,1.0000,56.2378,1.3436,0.4349,16.6647,16.6560,15.3924,0.0010,-1.0000
16.6718,1.0000,56.2545,1.1931,0.4481,16.6706,16.6705,15.4584,0.0014,-1.0000
16.6651,1.0000,56.2712,1.1788,0.4940,16.6679,16.6534,15.1750,0.0013,-1.0000
16.6655,1.0000,56.2878,1.8196,0.4001,16.6602,16.6471,15.3346,0.0014,-1.0000
16.6676,1.0000,56.3045,1.2623,0.3807,16.6642,16.6609,15.3252,0.0015,-1.0000
16.6677,1.0000,56.3212,1.2103,0.4930,16.6815,16.6569,15.1446,0.0012,-1.0000
16.6631,1.0000,56.3378,1.4765,0.4206,16.6670,16.6469,15.4394,0.0012,-1.0000
16.6689,1.0000,56.3544,1.3109,0.3961,16.6566,16.6651,15.5826,0.0011,-1.0000
16.6662,1.0000,56.3711,1.3341,0.4218,16.6710,16.6575,15.3925,0.0011,-1.0000
16.6661,1.0000,56.3878,1.5109,0.3815,16.6673,16.6577,15.4923,0.0011,-1.0000
16.6683,1.0000,56.4046,1.2062,0.3632,16.6552,16.6609,15.4152,0.0011,-1.0000
16.6663,1.0000,56.4212,1.0811,0.3835,16.6721,16.6530,15.2429,0.0014,-1.0000
16.6664,1.0000,56.4378,1.2639,0.3543,16.6662,16.6590,15.5263,0.0010,-1.0000
16.6682,1.0000,56.4544,1.1643,0.3847,16.6669,16.6626,15.4555,0.0015,-1.0000
16.6652,1.0000,56.4712,1.2443,0.5250,16.6712,16.6510,15.5382,0.0010,-1.0000
16.6665,1.0000,56.4878,1.4083,0.4497,16.6621,16.6581,15.3965,0.0012,-1.0000
16.6689,1.0000,56.5046,1.1314,0.4085,16.6674,16.6642,15.4602,0.0015,-1.0000
16.6643,1.0000,56.5212,1.2052,0.4347,16.6715,16.6502,15.0418,0.0014,-1.0000
16.6670,1.0000,56.5379,1.1117,0.4285,16.6603,16.6577,15.4797,0.0015,-1.0000
16.6691,1.0000,56.5545,1.2602,0.3619,16.6661,16.6686,14.8850,0.0014,-1.0000
16.6640,1.0000,56.5712,1.2019,0.5425,16.6735,16.6429,15.2238,0.0014,-1.0000
16.6674,1.0000,56.5879,1.6069,0.4279,16.6598,16.6593,15.4578,0.0009,-1.0000
16.6680,1.0000,56.6045,1.1763,0.5700,16.6673,16.6622,15.2267,0.0012,-1.0000
16.6647,1.0000,56.6211,1.7820,0.4134,16.6777,16.6496,15.4765,0.0012,-1.0000
16.6701,1.0000,56.6379,1.4177,0.3577,16.6534,16.6736,15.5447,0.0010,-1.0000
16.6657,1.0000,56.6546,1.2009,0.4566,16.6684,16.7637,15.1716,0.0019,-1.0000
16.6642,1.0000,56.6712,1.4341,0.3422,16.6706,16.5362,15.2949,0.0013,-1.0000
16.6669,1.0000,56.6879,1.1720,0.3378,16.6570,16.6811,15.4929,0.0011,-1.0000
16.6685,1.0000,56.7045,1.1279,0.3326,16.6818,16.6471,15.3956,0.0012,-1.0000
16.6663,1.0000,56.7212,1.5906,0.3973,16.7744,16.6559,15.5180,0.0012,-1.0000
16.7798,1.0000,56.7380,1.2396,0.3289,16.5437,16.7774,15.5920,0.0011,-1.0000
16.6654,1.0000,56.7545,1.1871,0.3880,16.6893,16.6481,15.3075,0.0011,-1.0000
16.6667,1.0000,56.7713,1.2500,0.3631,16.6543,16.6604,15.5542,0.0013,-1.0000
16.6678,1.0000,56.7880,1.1367,0.3344,16.6642,16.6600,15.4427,0.0010,-1.0000
16.6658,1.0000,56.8046,1.1841,0.3928,16.7883,16.6538,15.2668,0.0014,-1.0000
16.6665,1.0000,56.8213,1.3391,0.3304,16.6568,16.6532,15.5061,0.0010,-1.0000
16.6669,1.0000,56.8380,1.1052,0.3921,16.6703,16.6665,15.5369,0.0014,-1.0000
16.6688,1.0000,56.8545,1.2160,0.3372,16.6696,16.6593,15.3687,0.0010,-1.0000
16.6644,1.0000,56.8713,1.3855,0.3908,16.6634,16.6501,15.5450,0.0010,-1.0000
16.6686,1.0000,56.8880,1.1459,0.3333,16.6607,16.6998,15.5004,0.0010,-1.0000
16.6662,1.0000,56.9046,1.1280,0.3983,16.6761,16.6177,15.3122,0.0015,-1.0000
16.6650,1.0000,56.9213,1.2896,0.3695,16.6694,16.6563,15.4274,0.0011,-1.0000
16.6695,1.0000,56.9380,1.1041,0.4069,16.6587,16.6685,15.5275,0.0011,-1.0000
16.6659,1.0000,56.9545,1.1984,0.4042,16.7092,16.6485,15.1491,0.0012,-1.0000
16.6661,1.0000,56.9713,1.3042,0.3646,16.6266,16.6587,15.4639,0.0010,-1.0000
16.6702,1.0000,56.9882,1.2275,0.3226,16.6646,16.6707,15.5111,0.0011,-1.0000
16.6641,1.0000,57.0047,1.1395,0.6440,16.6777,16.6442,14.3810,0.0018,-1.0000
16.6652,1.0000,57.0213,1.4982,0.3659,16.6575,16.6520,15.3189,0.0013,-1.0000
16.6677,1.0000,57.0379,1.1939,0.3379,16.6674,16.6628,15.5408,0.0010,-1.0000
16.6673,1.0000,57.0545,1.1579,0.3795,16.6810,16.6556,15.4626,0.0010,-1.0000
16.6667,1.0000,57.0713,2.2613,0.3512,16.6554,16.6603,15.4694,0.0011,-1.0000
16.6682,1.0000,57.0881,1.3318,0.3902,16.6600,16.6669,15.3974,0.0011,-1.0000
16.6659,1.0000,57.1047,1.1208,0.3958,16.6709,16.6470,15.0914,0.0013,-1.0000
16.6640,1.0000,57.1213,1.1918,0.4298,16.6648,16.6516,15.3475,0.0013,-1.0000
16.6694,1.0000,57.1386,1.1897,0.4133,16.6692,16.6681,15.5568,0.0008,-1.0000
16.6667,1.0000,57.1545,1.2681,0.3961,16.6773,16.6541,14.5067,0.0012,-1.0000
16.6663,1.0000,57.1713,1.5541,0.3818,16.6567,16.6515,15.4211,0.0011,-1.0000
16.6688,1.0000,57.1880,1.3026,0.3318,16.6599,16.6682,15.5210,0.0010,-1.0000
16.6649,1.0000,57.2046,1.1103,0.5536,16.6773,16.6476,15.2758,0.0012,-1.0000
16.6672,1.0000,57.2213,2.1465,0.3477,16.6649,16.6606,15.4528,0.0010,-1.0000
16.6666,1.0000,57.2380,1.2291,0.3777,16.6607,16.6580,15.5037,0.0010,-1.0000
16.6655,1.0000,57.2545,1.1459,0.4845,16.6784,16.6540,15.2107,0.0012,-1.0000
16.6673,1.0000,57.2713,1.3706,0.3587,16.6571,16.6610,15.5166,0.0010,-1.0000
16.6691,1.0000,57.2881,1.2066,0.3303,16.6692,16.6651,15.4749,0.0013,-1.0000
16.6637,1.0000,57.3046,1.1528,0.5025,16.6668,16.6427,15.1863,0.0013,-1.0000
16.6678,1.0000,57.3213,1.4420,0.3511,16.6624,16.6632,15.4735,0.0011,-1.0000
16.6691,1.0000,57.3380,1.1433,0.3550,16.6695,16.6665,15.4618,0.0010,-1.0000
16.6616,1.0000,57.3545,1.1888,0.3776,16.6759,16.6400,15.2926,0.0011,-1.0000
16.6686,1.0000,57.3713,1.4549,0.4113,16.6515,16.6642,15.6032,0.0008,-1.0000
16.6689,1.0000,57.3880,1.1882,0.4030,16.6707,16.6737,15.3325,0.0012,-1.0000
16.6642,1.0000,57.4046,1.2037,0.3562,16.6762,16.6438,15.3688,0.0012,-1.0000
16.6691,1.0000,57.4213,1.3462,0.3164,16.6483,16.6671,15.4829,0.0012,-1.0000
16.6710,1.0000,57.4380,1.0603,0.4418,16.6721,16.6627,15.1496,0.0014,-1.0000
16.6642,1.0000,57.4545,1.3395,0.3313,16.6825,16.6472,15.5073,0.0010,-1.0000
16.6677,1.0000,57.4713,1.2737,0.3935,16.6522,16.6694,15.5819,0.0011,-1.0000
16.6670,1.0000,57.4880,1.1827,0.4392,16.6751,16.6539,15.4677,0.0009,-1.0000
16.6669,1.0000,57.5046,1.5115,0.3433,16.6715,16.6568,15.4220,0.0014,-1.0000
16.6665,1.0000,57.5213,1.1387,0.3758,16.6546,16.6581,15.4639,0.0012,-1.0000
16.6676,1.0000,57.5379,1.0860,0.4005,16.6773,16.6606,15.3044,0.0014,-1.0000
16.6642,1.0000,57.5545,1.1850,0.3716,16.6631,16.6495,15.4997,0.0010,-1.0000
16.6684,1.0000,57.5713,1.2334,0.3562,16.6660,16.6684,15.6000,0.0009,-1.0000
16.6674,1.0000,57.5879,1.1928,0.3876,16.6660,16.6605,15.4942,0.0009,-1.0000
16.6674,1.0000,57.6046,1.3545,0.3592,16.6684,16.6580,15.4297,0.0012,-1.0000
16.6664,1.0000,57.6213,1.1487,0.3988,16.6565,16.6612,15.4225,0.0013,-1.0000
16.6670,1.0000,57.6380,1.0672,0.4244,16.6761,16.6543,15.4274,0.0009,-1.0000
16.6656,1.0000,57.6545,1.1650,0.3893,16.6679,16.6573,15.3335,0.0011,-1.0000
16.6655,1.0000,57.6712,1.2270,0.3468,16.6674,16.6576,15.6010,0.0012,-1.0000
16.6698,1.0000,57.6880,1.2371,0.4499,16.6701,16.6690,15.5315,0.0009,-1.0000
16.6656,1.0000,57.7046,1.2257,0.5592,16.6625,16.6513,15.3168,0.0017,-1.0000
16.6663,1.0000,57.7213,1.3224,0.3404,16.6655,16.6553,15.4967,0.0012,-1.0000
16.6688,1.0000,57.7380,1.0554,0.3441,16.6647,16.6621,15.4393,0.0012,-1.0000
16.6662,1.0000,57.7545,1.1363,0.4691,16.6780,16.6561,15.3457,0.0010,-1.0000
16.6652,1.0000,57.7713,1.3328,0.3835,16.6611,16.6547,15.5866,0.0011,-1.0000
16.6852,1.0000,57.7880,1.1573,0.3622,16.6642,16.6817,15.5349,0.0015,-1.0000
16.6665,1.0000,57.8046,1.2210,0.6883,16.6706,16.6524,15.3375,0.0014,-1.0000
16.6654,1.0000,57.8213,1.3093,0.3542,16.6649,16.6526,15.4966,0.0011,-1.0000
16.6696,1.0000,57.8380,1.0668,0.3405,16.6648,16.6652,15.5505,0.0011,-1.0000
16.6648,1.0000,57.8546,1.1453,0.4229,16.6914,16.6557,15.4076,0.0011,-1.0000
16.6666,1.0000,57.8713,1.3133,0.3582,16.6620,16.6548,15.4872,0.0009,-1.0000
16.6676,1.0000,57.8880,1.1547,0.3978,16.6607,16.6613,15.4828,0.0011,-1.0000
16.6666,1.0000,57.9047,1.1135,0.3989,16.6734,16.6565,15.2271,0.0013,-1.0000
16.6663,1.0000,57.9213,1.2471,0.3490,16.6656,16.6616,15.4038,0.0011,-1.0000
16.6675,1.0000,57.9380,1.1665,0.3803,16.6639,16.6578,15.4823,0.0010,-1.0000
16.6657,1.0000,57.9545,1.1774,0.4145,16.6699,16.6519,15.3256,0.0012,-1.0000
16.6673,1.0000,57.9714,1.4283,0.3835,16.6652,16.6629,15.5722,0.0012,-1.0000
16.6675,1.0000,57.9880,1.2566,0.4303,16.6704,16.6534,15.2289,0.0013,-1.0000
16.6652,1.0000,58.0046,1.1743,0.4045,16.6673,16.6545,15.1357,0.0013,-1.0000
16.6682,1.0000,58.0213,1.3249,0.3447,16.6608,16.6658,15.5262,0.0011,-1.0000
16.6692,1.0000,58.0380,1.0893,0.4355,16.6738,16.6587,15.4642,0.0013,-1.0000
16.6626,1.0000,58.0545,1.4232,0.4211,16.6625,16.6456,15.2118,0.0013,-1.0000
16.6665,1.0000,58.0713,1.5174,0.3474,16.6625,16.6595,15.6283,0.0014,-1.0000
16.6686,1.0000,58.0880,1.1383,0.3625,16.6749,16.6678,15.5087,0.0010,-1.0000
16.6645,1.0000,58.1046,1.1928,0.4100,16.6697,16.6450,15.4419,0.0013,-1.0000
16.6679,1.0000,58.1223,1.4327,0.3171,16.6532,16.6672,15.5634,0.0011,-1.0000
16.6685,1.0000,58.1380,1.0297,0.3271,16.6672,16.6637,14.2022,0.0015,-1.0000
16.6637,1.0000,58.1545,1.1581,0.3335,16.6773,16.6441,15.4762,0.0011,-1.0000
16.6713,1.0000,58.1714,1.2019,0.3576,16.6529,16.6723,15.6116,0.0010,-1.0000
16.6645,1.0000,58.1880,1.1025,0.4256,16.6751,16.6520,15.2436,0.0014,-1.0000
16.6662,1.0000,58.2046,2.4599,0.3500,16.6732,16.6557,15.4085,0.0011,-1.0000
16.6692,1.0000,58.2214,1.1661,0.3983,16.6523,16.6677,15.5170,0.0011,-1.0000
16.6653,1.0000,58.2380,1.0591,0.4283,16.6816,16.6487,15.2731,0.0011,-1.0000
16.6654,1.0000,58.2545,1.4071,0.4660,16.6607,16.6561,15.3796,0.0014,-1.0000
16.6684,1.0000,58.2713,1.2460,0.3848,16.6635,16.6630,15.5763,0.0012,-1.0000
16.6659,1.0000,58.2880,1.1492,0.4334,16.6777,16.6536,15.4032,0.0012,-1.0000
16.6660,1.0000,58.3046,1.3742,0.3559,16.6591,16.6570,15.4915,0.0011,-1.0000
16.6680,1.0000,58.3213,1.2749,0.4029,16.6643,16.6650,15.3727,0.0012,-1.0000
16.6666,1.0000,58.3380,1.0854,0.4274,16.6727,16.6541,15.3905,0.0013,-1.0000
16.6667,1.0000,58.3545,1.2490,0.3483,16.6624,16.6578,15.4051,0.0015,-1.0000
16.6682,1.0000,58.3713,1.1645,0.4120,16.6650,16.6629,15.4492,0.0012,-1.0000
16.6657,1.0000,58.3880,1.2911,0.4102,16.6737,16.6500,15.2667,0.0011,-1.0000
16.6653,1.0000,58.4046,1.2620,0.3650,16.6634,16.6539,15.3960,0.0014,-1.0000
16.6683,1.0000,58.4214,1.2510,0.4530,16.6669,16.6711,15.5088,0.0010,-1.0000
16.6670,1.0000,58.4381,1.2122,0.4771,16.6743,16.6659,14.4889,0.0012,-1.0000
16.6647,1.0000,58.4545,1.3821,0.3633,16.6584,16.6346,15.3364,0.0015,-1.0000
16.6701,1.0000,58.4715,1.2562,0.3799,16.6620,16.6704,15.4776,0.0012,-1.0000
16.6652,1.0000,58.4880,1.1611,0.4312,16.6814,16.6462,15.0606,0.0014,-1.0000
16.6641,1.0000,58.5046,2.1758,0.4236,16.6777,16.6481,15.4361,0.0011,-1.0000
16.6709,1.0000,58.5215,1.2966,0.3777,16.6440,16.7124,15.5288,0.0011,-1.0000
16.6650,1.0000,58.5380,1.1914,0.4194,16.6813,16.6123,15.0289,0.0016,-1.0000
16.6649,1.0000,58.5545,1.5842,0.3483,16.6563,16.6544,15.4677,0.0013,-1.0000
16.6690,1.0000,58.5713,1.2109,0.3778,16.6553,16.6669,15.6171,0.0008,-1.0000
16.6662,1.0000,58.5880,1.1822,0.4547,16.7216,16.6504,15.2609,0.0015,-1.0000
16.6650,1.0000,58.6046,1.5817,0.3611,16.6217,16.6544,15.4468,0.0014,-1.0000
16.6688,1.0000,58.6213,1.1853,0.3826,16.6622,16.6662,15.5185,0.0012,-1.0000
16.6660,1.0000,58.6380,1.0485,0.4369,16.6765,16.6528,15.3874,0.0014,-1.0000
16.6674,1.0000,58.6546,1.3877,0.3844,16.6603,16.6651,15.4691,0.0012,-1.0000
16.6680,1.0000,58.6714,1.2059,0.3821,16.6620,16.6589,15.5684,0.0012,-1.0000
16.6647,1.0000,58.6880,1.1463,0.3941,16.6748,16.6489,15.1952,0.0012,-1.0000
16.6668,1.0000,58.7046,1.2642,0.3854,16.6618,16.6541,15.2219,0.0014,-1.0000
16.6683,1.0000,58.7214,1.1948,0.3304,16.6748,16.6662,15.4947,0.0013,-1.0000
16.6638,1.0000,58.7380,1.0891,0.5338,16.6688,16.6450,15.3179,0.0016,-1.0000
16.6689,1.0000,58.7546,1.4524,0.4477,16.6610,16.6683,15.5277,0.0011,-1.0000
16.6677,1.0000,58.7713,1.4307,0.3434,16.6622,16.6575,15.1481,0.0012,-1.0000
16.6675,1.0000,58.7880,1.1702,0.3750,16.6762,16.6578,15.5290,0.0011,-1.0000
16.6663,1.0000,58.8047,1.3255,0.3166,16.6532,16.6593,15.4301,0.0012,-1.0000
16.6661,1.0000,58.8213,1.1391,0.4399,16.6769,16.6552,15.2315,0.0014,-1.0000
16.6647,1.0000,58.8380,1.5073,0.3560,16.6662,16.6506,15.4935,0.0011,-1.0000
16.6679,1.0000,58.8546,1.1274,0.3884,16.6660,16.6644,15.5421,0.0009,-1.0000
16.6683,1.0000,58.8713,1.2279,0.3889,16.6693,16.6637,15.3166,0.0008,-1.0000
16.6661,1.0000,58.8880,1.4225,0.3394,16.6649,16.6559,15.4129,0.0012,-1.0000
16.6680,1.0000,58.9048,1.1558,0.3433,16.6582,16.6827,15.4065,0.0012,-1.0000
16.6659,1.0000,58.9213,1.1210,0.4655,16.6716,16.6315,15.1539,0.0012,-1.0000
16.6636,1.0000,58.9380,1.3460,0.4032,16.6708,16.6469,15.5025,0.0012,-1.0000
16.6678,1.0000,58.9545,1.2419,0.4452,16.6649,16.6658,15.5328,0.0012,-1.0000
16.6794,1.0000,58.9713,1.2746,0.4905,16.6938,16.6764,15.5548,0.0010,-1.0000
16.6546,1.0000,58.9880,1.4760,0.3677,16.6418,16.6380,15.4290,0.0012,-1.0000
16.6685,1.0000,59.0047,1.1433,0.3355,16.6549,16.6703,15.4248,0.0011,-1.0000
16.6671,1.0000,59.0214,1.1318,0.3703,16.6737,16.6519,15.3266,0.0012,-1.0000
16.6644,1.0000,59.0380,1.1111,0.3412,16.6853,16.6415,15.3019,0.0011,-1.0000
16.6676,1.0000,59.0545,1.2079,0.3724,16.6475,16.6640,15.5266,0.0015,-1.0000
16.6671,1.0000,59.0713,1.2445,0.4350,16.6824,16.6597,15.5491,0.0012,-1.0000
16.6671,1.0000,59.0880,1.3240,0.4084,16.6647,16.6557,15.4787,0.0014,-1.0000
16.6669,1.0000,59.1047,1.3384,0.3138,16.6503,16.6624,15.4655,0.0013,-1.0000
16.6664,1.0000,59.1213,1.1358,0.4290,16.6725,16.6557,15.0993,0.0012,-1.0000
16.6667,1.0000,59.1380,1.1094,0.3686,16.6683,16.6553,15.4687,0.0011,-1.0000
16.6678,1.0000,59.1546,1.1755,0.3900,16.6642,16.6602,15.4515,0.0012,-1.0000
16.6668,1.0000,59.1713,1.1953,0.4944,16.6706,16.6599,15.4563,0.0011,-1.0000
16.6655,1.0000,59.1880,1.5549,0.3867,16.6653,16.6496,15.4583,0.0015,-1.0000
16.6682,1.0000,59.2047,1.1853,0.4489,16.6645,16.6712,15.4818,0.0013,-1.0000
16.6659,1.0000,59.2213,1.2074,0.4462,16.6684,16.6476,14.9487,0.0013,-1.0000
16.6667,1.0000,59.2380,1.2025,0.3766,16.6701,16.6603,15.4151,0.0013,-1.0000
16.6685,1.0000,59.2546,1.1896,0.4628,16.6586,16.6600,15.4388,0.0010,-1.0000
16.6650,1.0000,59.2714,1.1878,0.4459,16.6804,16.6532,15.3280,0.0017,-1.0000
16.6651,1.0000,59.2879,1.6977,0.3486,16.6577,16.6513,15.4157,0.0014,-1.0000
16.6705,1.0000,59.3047,1.2438,0.4079,16.6702,16.6667,15.4588,0.0009,-1.0000
16.6651,1.0000,59.3213,1.2201,0.4781,16.6694,16.6561,15.4432,0.0012,-1.0000
16.6666,1.0000,59.3380,1.3233,0.4348,16.6623,16.6567,15.3724,0.0010,-1.0000
16.6684,1.0000,59.3546,1.2341,0.3324,16.6588,16.6610,15.3601,0.0013,-1.0000
16.6658,1.0000,59.3713,1.2068,0.3482,16.6747,16.6536,15.4360,0.0010,-1.0000
16.6639,1.0000,59.3880,1.2118,0.4067,16.6663,16.6492,15.5228,0.0011,-1.0000
16.6696,1.0000,59.4047,1.2830,0.3493,16.6661,16.6710,15.4374,0.0008,-1.0000
16.6665,1.0000,59.4213,1.2997,0.4385,16.6710,16.6544,15.2687,0.0012,-1.0000
16.6666,1.0000,59.4380,1.2165,0.3695,16.6635,16.6587,15.4443,0.0012,-1.0000
16.6683,1.0000,59.4546,1.1248,0.3852,16.6572,16.6631,15.4779,0.0013,-1.0000
16.6651,1.0000,59.4713,1.2322,0.4485,16.6783,16.6480,15.2715,0.0013,-1.0000
16.6666,1.0000,59.4880,1.3848,0.3953,16.6631,16.6593,15.5004,0.0010,-1.0000
16.6677,1.0000,59.5047,1.2130,0.3517,16.6674,16.6640,15.4934,0.0010,-1.0000
16.6635,1.0000,59.5213,1.1837,0.3817,16.6731,16.6419,15.4842,0.0015,-1.0000
16.6698,1.0000,59.5381,1.3751,0.3917,16.6573,16.6738,15.3796,0.0009,-1.0000
16.6665,1.0000,59.5545,1.1578,0.3379,16.6676,16.6536,15.0847,0.0014,-1.0000
16.6673,1.0000,59.5713,1.1694,0.3417,16.6747,16.6722,15.6128,0.0011,-1.0000
16.6671,1.0000,59.5880,1.1562,0.4800,16.6497,16.6506,15.4088,0.0011,-1.0000
16.6665,1.0000,59.6047,1.2934,0.4889,16.6830,16.6464,15.2990,0.0015,-1.0000
16.6655,1.0000,59.6213,1.5670,0.4125,16.6624,16.6555,15.3422,0.0012,-1.0000
16.6673,1.0000,59.6381,1.0581,0.4259,16.6815,16.6620,15.5337,0.0012,-1.0000
16.6672,1.0000,59.6545,1.2408,0.3911,16.6621,16.6604,15.3036,0.0010,-1.0000
16.6659,1.0000,59.6713,1.3459,0.4063,16.6556,16.6534,15.5401,0.0011,-1.0000
16.6678,1.0000,59.6881,1.3120,0.3494,16.6632,16.6671,15.4687,0.0013,-1.0000
16.6666,1.0000,59.7046,1.1270,0.4112,16.6701,16.6577,15.1680,0.0013,-1.0000
16.6655,1.0000,59.7213,1.3555,0.3603,16.6687,16.6480,15.4897,0.0011,-1.0000
16.6705,1.0000,59.7385,1.1118,0.3839,16.6610,16.6784,15.5507,0.0011,-1.0000
16.6656,1.0000,59.7545,1.1970,0.3732,16.6765,16.6442,14.7164,0.0016,-1.0000
16.6640,1.0000,59.7713,1.4884,0.3606,16.6664,16.6484,15.5362,0.0013,-1.0000
16.6680,1.0000,59.7880,1.1572,0.3932,16.6558,16.6657,15.5407,0.0011,-1.0000
16.6672,1.0000,59.8046,1.1261,0.4545,16.6891,16.6599,15.3243,0.0012,-1.0000
16.6638,1.0000,59.8212,1.9262,0.3627,16.6540,16.6480,15.4782,0.0011,-1.0000
16.6667,1.0000,59.8379,1.1110,0.4125,16.6565,16.6637,15.6644,0.0013,-1.0000
16.6705,1.0000,59.8546,1.1238,0.9032,16.6726,16.6714,15.6192,0.0010,-1.0000
16.6662,1.0000,59.8713,1.3342,0.3858,16.6678,16.6526,15.4867,0.0011,-1.0000
16.6665,1.0000,59.8880,1.1684,0.3475,16.6546,16.6599,15.4558,0.0011,-1.0000
16.6677,1.0000,59.9047,0.9979,0.3405,16.6698,16.6621,15.4948,0.0010,-1.0000
16.6660,1.0000,59.9213,1.0510,0.3376,16.6796,16.6520,14.9641,0.0009,-1.0000
16.6656,1.0000,59.9380,1.1648,0.3955,16.6616,16.6539,15.4608,0.0012,-1.0000
16.6700,1.0000,59.9546,1.2029,0.3494,16.6683,16.6686,15.5073,0.0013,-1.0000
16.6640,1.0000,59.9714,1.1661,0.4603,16.6722,16.6540,15.5440,0.0015,-1.0000
16.6688,1.0000,59.9880,1.6870,0.3670,16.6614,16.6593,15.3798,0.0012,-1.0000
16.6670,1.0000,60.0047,1.1915,0.3419,16.6622,16.6578,15.4549,0.0013,-1.0000
16.6660,1.0000,60.0213,1.1598,0.3508,16.6767,16.6550,15.4621,0.0013,-1.0000
16.6663,1.0000,60.0380,1.1084,0.3527,16.6629,16.6590,15.4540,0.0013,-1.0000
16.6684,1.0000,60.0545,1.2780,0.4171,16.6680,16.6596,15.2329,0.0014,-1.0000
16.6636,1.0000,60.0713,1.2012,0.3258,16.6665,16.6517,15.6134,0.0011,-1.0000
16.6690,1.0000,60.0881,1.1912,0.3541,16.6637,16.6736,15.5726,0.0010,-1.0000
16.6671,1.0000,60.1047,1.2034,0.3564,16.6669,16.6512,15.1656,0.0014,-1.0000
16.6654,1.0000,60.1213,1.4249,0.3534,16.6680,16.6511,15.3739,0.0011,-1.0000
16.6695,1.0000,60.1381,1.0370,0.3302,16.6589,16.6674,15.4552,0.0013,-1.0000
16.6654,1.0000,60.1545,1.0998,0.4251,16.6823,16.6526,15.2670,0.0012,-1.0000
16.6649,1.0000,60.1713,1.4839,0.4063,16.6614,16.6509,15.5507,0.0013,-1.0000
16.6694,1.0000,60.1880,1.2764,0.4074,16.6594,16.6712,15.5768,0.0008,-1.0000
16.6670,1.0000,60.2047,1.2109,0.4270,16.6771,16.6566,15.3708,0.0008,-1.0000
16.6656,1.0000,60.2213,1.3843,0.3626,16.6621,16.6537,15.4934,0.0012,-1.0000
16.6675,1.0000,60.2380,1.0987,0.3293,16.6589,16.6615,15.4781,0.0009,-1.0000
16.6668,1.0000,60.2546,1.0933,0.3535,16.6793,16.6592,15.3285,0.0013,-1.0000
16.6650,1.0000,60.2713,1.2849,0.3837,16.6656,16.6504,15.5287,0.0014,-1.0000
16.6673,1.0000,60.2880,1.1590,0.3558,16.6616,16.6665,15.4632,0.0009,-1.0000
16.6680,1.0000,60.3047,1.1824,0.4334,16.6702,16.6579,15.4256,0.0009,-1.0000
16.6660,1.0000,60.3213,1.3291,0.3487,16.6682,16.6536,15.4765,0.0012,-1.0000
16.6672,1.0000,60.3383,1.1201,0.3413,16.6585,16.6634,15.5056,0.0010,-1.0000
16.6668,1.0000,60.3546,1.2023,0.3905,16.6748,16.6559,14.8401,0.0014,-1.0000
16.6658,1.0000,60.3713,1.2314,0.3478,16.6659,16.6548,15.6107,0.0011,-1.0000
16.6676,1.0000,60.3881,1.1760,0.3607,16.6621,16.6644,15.5745,0.0008,-1.0000
16.6683,1.0000,60.4047,1.1564,0.3903,16.6718,16.6579,15.3397,0.0014,-1.0000
16.6649,1.0000,60.4213,1.8145,0.3384,16.6652,16.6545,15.3468,0.0014,-1.0000
16.6679,1.0000,60.4382,1.0428,0.3644,16.6622,16.6652,15.4983,0.0012,-1.0000
16.6663,1.0000,60.4545,1.0889,0.3790,16.6725,16.6517,14.4499,0.0015,-1.0000
16.6642,1.0000,60.4713,1.3163,0.4167,16.6672,16.6489,15.4495,0.0010,-1.0000
16.6689,1.0000,60.4880,1.3059,0.3172,16.6631,16.6695,15.5818,0.0010,-1.0000
16.6677,1.0000,60.5046,1.1654,0.4042,16.6747,16.6599,15.4566,0.0010,-1.0000
16.6668,1.0000,60.5213,2.2003,0.3875,16.6610,16.6594,15.4911,0.0011,-1.0000
16.6672,1.0000,60.5380,1.1983,0.3998,16.6558,16.6607,15.4995,0.0011,-1.0000
16.6664,1.0000,60.5546,1.0866,0.3706,16.6764,16.6564,15.0520,0.0015,-1.0000
16.6672,1.0000,60.5713,1.2023,0.3781,16.6678,16.6568,15.5065,0.0011,-1.0000
16.6670,1.0000,60.5880,1.1669,0.3700,16.6677,16.6636,15.5055,0.0012,-1.0000
16.6657,1.0000,60.6047,1.1597,0.4279,16.6690,16.6509,15.3145,0.0013,-1.0000
16.6657,1.0000,60.6213,1.6030,0.4484,16.6655,16.6534,15.4209,0.0012,-1.0000
16.6697,1.0000,60.6381,1.1490,0.3616,16.6653,16.6673,15.5698,0.0008,-1.0000
16.6653,1.0000,60.6545,1.1567,0.3913,16.6736,16.6519,14.9442,0.0015,-1.0000
16.6661,1.0000,60.6714,1.3348,0.3583,16.6617,16.6567,15.4856,0.0011,-1.0000
16.6681,1.0000,60.6881,1.2314,0.3875,16.6620,16.6610,15.4301,0.0011,-1.0000
16.6664,1.0000,60.7047,1.0967,0.4662,16.6769,16.6537,14.6792,0.0011,-1.0000
16.6650,1.0000,60.7213,1.7063,0.3797,16.6612,16.6532,15.3700,0.0014,-1.0000
16.6701,1.0000,60.7381,1.1698,0.3923,16.6659,16.6711,15.5450,0.0009,-1.0000
16.6649,1.0000,60.7546,1.2295,0.4710,16.6713,16.6862,15.0323,0.0016,-1.0000
16.6657,1.0000,60.7713,1.9732,0.4247,16.6628,16.6165,15.4281,0.0014,-1.0000
16.6696,1.0000,60.7881,1.2817,0.3296,16.6616,16.6654,15.5116,0.0011,-1.0000
16.6652,1.0000,60.8047,1.1249,0.3733,16.6803,16.6503,15.2256,0.0012,-1.0000
16.6653,1.0000,60.8213,1.6521,0.4450,16.6973,16.6541,15.5160,0.0011,-1.0000
16.6692,1.0000,60.8380,1.1870,0.3166,16.6255,16.6677,15.5715,0.0009,-1.0000
16.6657,1.0000,60.8546,1.1523,0.4184,16.6747,16.6533,15.4241,0.0012,-1.0000
16.6670,1.0000,60.8713,1.4235,0.3465,16.6601,16.6581,15.4525,0.0012,-1.0000
16.6670,1.0000,60.8880,1.1369,0.3811,16.6621,16.6586,15.4383,0.0013,-1.0000
16.6663,1.0000,60.9047,1.0952,0.4008,16.6766,16.6545,15.3236,0.0010,-1.0000
16.6662,1.0000,60.9213,1.2279,0.3656,16.6624,16.6570,15.5187,0.0011,-1.0000
16.6696,1.0000,60.9380,1.2045,0.3991,16.6669,16.6681,15.4804,0.0011,-1.0000
16.6633,1.0000,60.9545,1.2190,0.4327,16.6682,16.6483,15.4577,0.0013,-1.0000
16.6688,1.0000,60.9713,1.3298,0.3872,16.6626,16.6648,15.6485,0.0009,-1.0000
16.6676,1.0000,60.9881,1.1370,0.3178,16.6647,16.6607,15.4043,0.0013,-1.0000
16.6652,1.0000,61.0047,1.1863,0.4043,16.6763,16.6480,15.3377,0.0013,-1.0000
16.6660,1.0000,61.0213,1.1893,0.3326,16.6574,16.6582,15.3072,0.0010,-1.0000
16.6677,1.0000,61.0380,1.0149,0.3304,16.6736,16.6603,15.4896,0.0011,-1.0000
16.6648,1.0000,61.0545,1.2550,0.3495,16.6718,16.6515,15.5672,0.0010,-1.0000
16.6689,1.0000,61.0714,1.3085,0.4101,16.6585,16.6744,15.7015,0.0013,-1.0000
16.6668,1.0000,61.0880,1.3500,0.4437,16.6659,16.6491,15.1680,0.0015,-1.0000
16.6665,1.0000,61.1047,1.1696,0.3393,16.6680,16.6572,15.4205,0.0015,-1.0000
16.6683,1.0000,61.1216,1.0834,0.3633,16.6583,16.7513,15.3109,0.0012,-1.0000
16.6668,1.0000,61.1380,0.9715,0.4052,16.6843,16.5623,15.0834,0.0013,-1.0000
16.6642,1.0000,61.1545,1.4796,0.3810,16.6581,16.6507,15.5241,0.0012,-1.0000
16.6679,1.0000,61.1714,1.2350,0.3761,16.6671,16.6705,15.6547,0.0011,-1.0000
16.6681,1.0000,61.1881,1.4391,0.3593,16.7626,16.6569,15.2149,0.0011,-1.0000
16.6657,1.0000,61.2046,1.4771,0.3285,16.5710,16.6499,15.3347,0.0012,-1.0000
16.6681,1.0000,61.2214,1.1255,0.3383,16.6590,16.6685,15.5384,0.0012,-1.0000
16.6656,1.0000,61.2380,1.0146,0.4122,16.6796,16.6520,15.2720,0.0015,-1.0000
16.6660,1.0000,61.2545,1.4406,0.4230,16.6658,16.6538,15.4976,0.0011,-1.0000
16.6686,1.0000,61.2713,1.3137,0.3664,16.6589,16.6685,15.6467,0.0009,-1.0000
16.6670,1.0000,61.2880,1.1286,0.4445,16.6775,16.6563,14.7552,0.0013,-1.0000
16.6666,1.0000,61.3047,1.3782,0.3425,16.6607,16.6558,15.3268,0.0015,-1.0000
16.6678,1.0000,61.3214,1.1549,0.3807,16.6613,16.6621,15.4295,0.0016,-1.0000
16.6664,1.0000,61.3381,1.0204,0.4880,16.6775,16.6527,15.0650,0.0015,-1.0000
16.6647,1.0000,61.3545,1.8999,0.4033,16.6662,16.6499,15.3473,0.0013,-1.0000
16.6701,1.0000,61.3714,1.3275,0.3439,16.6648,16.7132,15.6082,0.0010,-1.0000
16.6651,1.0000,61.3880,1.2310,0.4863,16.6723,16.6033,15.3212,0.0012,-1.0000
16.6654,1.0000,61.4046,1.5863,0.3967,16.6620,16.6577,15.4363,0.0011,-1.0000
16.6684,1.0000,61.4213,1.3012,0.3423,16.6579,16.6628,15.4662,0.0012,-1.0000
16.6664,1.0000,61.4381,1.1039,0.4311,16.7234,16.6584,15.4662,0.0011,-1.0000
16.6664,1.0000,61.4546,1.2807,0.4599,16.6132,16.6534,15.3595,0.0012,-1.0000
16.6680,1.0000,61.4714,1.2201,0.4048,16.6659,16.6621,15.6034,0.0011,-1.0000
16.6646,1.0000,61.4880,1.1953,0.3590,16.6714,16.6513,15.3113,0.0014,-1.0000
16.6668,1.0000,61.5047,1.1910,0.4518,16.6683,16.6644,15.5207,0.0010,-1.0000
16.6685,1.0000,61.5214,1.2926,0.3714,16.6628,16.6616,15.5098,0.0010,-1.0000
16.6644,1.0000,61.5380,1.0576,0.4419,16.6710,16.6446,15.3572,0.0011,-1.0000
16.6686,1.0000,61.5546,1.3388,0.3460,16.6597,16.6681,15.5440,0.0014,-1.0000
16.6684,1.0000,61.5714,1.1426,0.3412,16.6731,16.6612,15.4858,0.0012,-1.0000
16.6624,1.0000,61.5879,1.1504,0.3761,16.6706,16.6447,15.4322,0.0015,-1.0000
16.6696,1.0000,61.6048,1.2862,0.3633,16.6526,16.6725,15.6331,0.0010,-1.0000
16.6684,1.0000,61.6213,1.1225,0.3576,16.6758,16.6587,15.0521,0.0014,-1.0000
16.6636,1.0000,61.6380,1.1742,0.4029,16.6700,16.6555,15.4598,0.0014,-1.0000
16.6707,1.0000,61.6547,1.2107,0.3311,16.6521,16.6643,15.5245,0.0011,-1.0000
16.6651,1.0000,61.6713,1.0381,0.4838,16.6819,16.6464,15.2621,0.0013,-1.0000
16.6638,1.0000,61.6880,1.6051,0.4551,16.6700,16.6480,15.5246,0.0011,-1.0000
16.6686,1.0000,61.7047,1.1943,0.3713,16.6638,16.6666,15.5046,0.0013,-1.0000
16.6678,1.0000,61.7213,1.1391,0.3935,16.6749,16.6621,15.3755,0.0011,-1.0000
16.6655,1.0000,61.7380,1.3827,0.3335,16.6563,16.6576,15.4771,0.0012,-1.0000
16.6675,1.0000,61.7546,1.1223,0.3495,16.6555,16.6611,15.5231,0.0010,-1.0000
16.6667,1.0000,61.7713,1.1605,0.3642,16.6739,16.6564,15.2189,0.0014,-1.0000
16.6660,1.0000,61.7880,1.2854,0.3822,16.6700,16.6480,15.4513,0.0011,-1.0000
16.6670,1.0000,61.8047,1.1791,0.3792,16.6663,16.6645,15.5030,0.0011,-1.0000
16.6686,1.0000,61.8214,1.1364,0.4641,16.6707,16.6570,15.3858,0.0012,-1.0000
16.6661,1.0000,61.8380,1.4363,0.4067,16.6666,16.6533,15.4578,0.0014,-1.0000
16.6662,1.0000,61.8546,1.1954,0.3549,16.6574,16.6584,15.5207,0.0014,-1.0000
16.6671,1.0000,61.8713,1.1600,0.3796,16.6747,16.6596,15.4829,0.0013,-1.0000
16.6654,1.0000,61.8880,1.2699,0.4178,16.6671,16.6528,15.5117,0.0010,-1.0000
16.6686,1.0000,61.9047,1.1938,0.3179,16.6623,16.6670,15.4764,0.0011,-1.0000
16.6660,1.0000,61.9213,1.1358,0.4075,16.6669,16.6515,15.3011,0.0011,-1.0000
16.6662,1.0000,61.9380,1.1750,0.3704,16.6680,16.6586,15.5012,0.0011,-1.0000
16.6683,1.0000,61.9548,1.1398,0.3282,16.6614,16.6636,15.4399,0.0012,-1.0000
16.6659,1.0000,61.9714,1.1892,0.4242,16.6766,16.6552,14.7055,0.0019,-1.0000
16.6661,1.0000,61.9880,1.3491,0.3647,16.6609,16.6498,15.3811,0.0013,-1.0000
16.6678,1.0000,62.0048,1.1563,0.3527,16.6674,16.7308,15.4736,0.0015,-1.0000
16.6656,1.0000,62.0213,1.2222,0.4103,16.6730,16.5861,15.3776,0.0014,-1.0000
16.6669,1.0000,62.0380,1.9478,0.4143,16.6672,16.6614,15.5102,0.0012,-1.0000
16.6677,1.0000,62.0546,1.2673,0.3627,16.6587,16.6550,15.3166,0.0011,-1.0000
16.6659,1.0000,62.0713,1.2555,0.3517,16.7399,16.6555,15.4308,0.0012,-1.0000
16.6657,1.0000,62.0880,1.2068,0.3250,16.5943,16.6573,15.5671,0.0011,-1.0000
16.6685,1.0000,62.1047,1.1497,0.4152,16.6718,16.6636,15.5185,0.0008,-1.0000
16.6666,1.0000,62.1213,1.3369,0.4701,16.6633,16.6574,15.3934,0.0013,-1.0000
16.6653,1.0000,62.1381,1.2235,0.3505,16.6639,16.6562,15.4964,0.0010,-1.0000
16.7024,1.0000,62.1548,1.0887,0.4233,16.6648,16.6980,15.4530,0.0011,-1.0000
16.6649,1.0000,62.1713,1.1441,0.3916,16.6706,16.6533,15.1169,0.0015,-1.0000
16.6672,1.0000,62.1880,1.2625,0.3264,16.6657,16.6607,15.5568,0.0011,-1.0000
16.6684,1.0000,62.2048,1.1587,0.3652,16.6648,16.6655,15.4552,0.0012,-1.0000
16.6636,1.0000,62.2213,1.2438,0.4383,16.7062,16.6414,15.0736,0.0015,-1.0000
16.6679,1.0000,62.2380,1.5351,0.3107,16.6612,16.6626,15.5475,0.0010,-1.0000
16.6681,1.0000,62.2546,1.1027,0.3543,16.6686,16.6623,15.4044,0.0012,-1.0000
16.6647,1.0000,62.2714,1.2088,0.4267,16.6763,16.6502,15.6159,0.0012,-1.0000
16.6697,1.0000,62.2881,1.5661,0.3262,16.6514,16.6683,15.5474,0.0012,-1.0000
16.6673,1.0000,62.3047,1.1137,0.3407,16.6704,16.6554,15.2730,0.0012,-1.0000
16.6640,1.0000,62.3213,1.2566,0.3292,16.6724,16.6502,15.4583,0.0012,-1.0000
16.6691,1.0000,62.3380,1.0330,0.3403,16.6584,16.6646,15.5841,0.0013,-1.0000
16.6670,1.0000,62.3546,1.1194,0.4328,16.6774,16.6612,15.4346,0.0011,-1.0000
16.6658,1.0000,62.3714,1.3811,0.3487,16.6640,16.6550,15.5252,0.0011,-1.0000
16.7376,1.0000,62.3881,1.1904,0.3782,16.6577,16.7351,15.5272,0.0016,-1.0000
16.6663,1.0000,62.4048,1.0791,0.3759,16.6724,16.6547,15.4602,0.0011,-1.0000
16.6675,1.0000,62.4215,1.2251,0.4173,16.6699,16.6584,15.4159,0.0012,-1.0000
16.6657,1.0000,62.4381,1.1282,0.3208,16.6638,16.6533,15.4454,0.0013,-1.0000
16.6669,1.0000,62.4547,1.2063,0.3844,16.7448,16.6589,15.4031,0.0012,-1.0000
16.6668,1.0000,62.4715,1.1930,0.3590,16.6635,16.6580,15.6136,0.0013,-1.0000
16.6677,1.0000,62.4881,1.2413,0.3528,16.6685,16.6598,15.3986,0.0012,-1.0000
16.6660,1.0000,62.5048,1.2067,0.3654,16.6624,16.6532,15.3856,0.0011,-1.0000
16.6677,1.0000,62.5215,1.2543,0.3399,16.6674,16.7193,15.4712,0.0014,-1.0000
16.6659,1.0000,62.5382,1.0431,0.3238,16.6681,16.5953,15.4330,0.0011,-1.0000
16.6669,1.0000,62.5547,1.2597,0.3399,16.6693,16.6581,15.3293,0.0010,-1.0000
16.6663,1.0000,62.5714,1.2664,0.3369,16.6632,16.6580,15.4688,0.0011,-1.0000
16.6678,1.0000,62.5882,1.2465,0.4019,16.7286,16.6641,15.5029,0.0011,-1.0000
16.6671,1.0000,62.6048,1.1612,0.3609,16.6037,16.6554,14.3496,0.0013,-1.0000
16.6655,1.0000,62.6214,1.3276,0.3466,16.6667,16.6513,15.2962,0.0014,-1.0000
16.6679,1.0000,62.6382,1.1879,0.3355,16.6661,16.6634,15.5168,0.0009,-1.0000
16.6669,1.0000,62.6547,1.1598,0.3782,16.6743,16.6545,15.2652,0.0009,-1.0000
16.6643,1.0000,62.6714,2.3046,0.3352,16.6663,16.6500,15.4652,0.0010,-1.0000
16.6695,1.0000,62.6882,1.3536,0.3409,16.6604,16.6666,15.4300,0.0009,-1.0000
16.6651,1.0000,62.7048,1.1452,0.4063,16.6741,16.6520,15.2150,0.0011,-1.0000
16.6673,1.0000,62.7214,1.3883,0.3618,16.6641,16.6604,15.4888,0.0010,-1.0000
16.6671,1.0000,62.7381,1.1841,0.3096,16.6587,16.6581,15.5286,0.0012,-1.0000
16.6662,1.0000,62.7547,1.2353,0.4518,16.6745,16.6599,15.3194,0.0012,-1.0000
16.6664,1.0000,62.7714,1.4357,0.3243,16.6615,16.6580,15.6148,0.0010,-1.0000
16.6679,1.0000,62.7882,1.1704,0.3773,16.6687,16.6617,15.4966,0.0012,-1.0000
16.6657,1.0000,62.8048,1.1282,0.4194,16.6666,16.6520,15.3217,0.0014,-1.0000
16.6667,1.0000,62.8214,1.3391,0.3321,16.6686,16.6563,15.3842,0.0013,-1.0000
16.6691,1.0000,62.8382,1.0419,0.3132,16.6660,16.6675,15.4505,0.0012,-1.0000
16.6636,1.0000,62.8547,1.1638,0.4001,16.6713,16.6425,15.3872,0.0011,-1.0000
16.6685,1.0000,62.8714,1.3287,0.4438,16.6610,16.6627,15.5760,0.0012,-1.0000
16.6671,1.0000,62.8881,1.2707,0.3709,16.6647,16.6632,15.5467,0.0010,-1.0000
16.6636,1.0000,62.9048,1.2154,0.4166,16.6774,16.6466,15.5088,0.0012,-1.0000
16.6674,1.0000,62.9214,1.2542,0.3708,16.6523,16.6627,15.5670,0.0014,-1.0000
16.6687,1.0000,62.9381,1.0851,0.3332,16.6702,16.6659,15.2806,0.0014,-1.0000
16.6651,1.0000,62.9546,1.1156,0.3207,16.6719,16.6511,15.4727,0.0011,-1.0000
16.6690,1.0000,62.9715,1.1368,0.3223,16.6539,16.6692,15.6270,0.0011,-1.0000
16.6675,1.0000,62.9882,1.0942,0.3945,16.6698,16.6622,15.3074,0.0013,-1.0000
16.6660,1.0000,63.0048,1.3837,0.2897,16.6735,16.6518,15.2827,0.0012,-1.0000
16.6674,1.0000,63.0215,1.1771,0.3572,16.6584,16.6561,15.4787,0.0010,-1.0000
16.6660,1.0000,63.0382,1.0410,0.3489,16.6774,16.6591,15.4180,0.0015,-1.0000
16.6683,1.0000,63.0547,1.3532,0.3843,16.6717,16.6575,15.2027,0.0010,-1.0000
16.6668,1.0000,63.0715,1.3678,0.3506,16.6631,16.6611,15.6081,0.0014,-1.0000
16.6650,1.0000,63.0881,1.1762,0.3682,16.6657,16.6491,15.1325,0.0011,-1.0000
16.6668,1.0000,63.1048,1.2393,0.3767,16.6689,16.6570,15.3082,0.0011,-1.0000
16.6658,1.0000,63.1214,1.4535,0.2975,16.6676,16.6542,15.4745,0.0011,-1.0000
16.6679,1.0000,63.1382,1.0514,0.4255,16.6723,16.6670,15.5544,0.0010,-1.0000
16.6666,1.0000,63.1547,1.5153,0.3773,16.6580,16.6540,15.3026,0.0011,-1.0000
16.6658,1.0000,63.1714,1.3476,0.3299,16.6659,16.6539,15.5376,0.0012,-1.0000
16.6690,1.0000,63.1882,1.1783,0.3867,16.6625,16.6686,15.5374,0.0010,-1.0000
16.6651,1.0000,63.2048,1.1114,0.4299,16.6757,16.6499,15.1741,0.0014,-1.0000
16.6660,1.0000,63.2214,1.3504,0.3172,16.6630,16.6529,15.3485,0.0011,-1.0000
16.8791,1.0000,63.2385,1.1149,0.3047,16.6616,16.9660,15.7145,0.0011,-1.0000
16.6661,1.0000,63.2549,1.1300,0.3748,16.6789,16.5638,15.3963,0.0013,-1.0000
16.6670,1.0000,63.2717,1.4743,0.3683,16.6602,16.6522,15.5220,0.0010,-1.0000
16.6673,1.0000,63.2884,1.3033,0.3035,16.6611,16.6628,15.4850,0.0011,-1.0000
16.6657,1.0000,63.3050,1.2502,0.3439,16.9756,16.6518,15.4048,0.0010,-1.0000
16.6668,1.0000,63.3217,1.1663,0.3134,16.5750,16.6636,15.5019,0.0014,-1.0000
16.6684,1.0000,63.3383,1.1292,0.3017,16.6609,16.6578,15.4871,0.0012,-1.0000
16.6654,1.0000,63.3549,1.1765,0.3441,16.6734,16.6533,15.3718,0.0016,-1.0000
16.6641,1.0000,63.3716,1.2457,0.3129,16.6615,16.6482,15.5617,0.0011,-1.0000
16.6698,1.0000,63.3884,1.1604,0.3319,16.6722,16.6702,15.5924,0.0012,-1.0000
16.6662,1.0000,63.4050,1.1693,0.4150,16.6678,16.6531,15.3223,0.0009,-1.0000
16.6668,1.0000,63.4217,1.2798,0.2896,16.6630,16.6602,15.5083,0.0013,-1.0000
16.6672,1.0000,63.4384,1.0855,0.2997,16.6564,16.6601,15.4744,0.0011,-1.0000
16.6666,1.0000,63.4549,1.0763,0.3654,16.6789,16.6538,15.2391,0.0011,-1.0000
16.6660,1.0000,63.4716,1.3297,0.3179,16.6620,16.6563,15.5609,0.0011,-1.0000
16.6681,1.0000,63.4884,1.1504,0.3618,16.6692,16.6627,15.5472,0.0010,-1.0000
16.6679,1.0000,63.5051,1.1843,0.3898,16.6698,16.6685,15.2185,0.0011,-1.0000
16.6652,1.0000,63.5218,1.4132,0.3090,16.6637,16.6409,15.2678,0.0011,-1.0000
16.6675,1.0000,63.5383,1.0940,0.2919,16.6640,16.6579,15.2791,0.0012,-1.0000
16.6651,1.0000,63.5549,1.1142,0.4162,16.6720,16.6521,15.5930,0.0012,-1.0000
16.6690,1.0000,63.5718,1.4489,0.3699,16.6799,16.6767,15.6368,0.0011,-1.0000
16.6661,1.0000,63.5883,1.3719,0.3022,16.6516,16.6419,15.1324,0.0014,-1.0000
16.6645,1.0000,63.6050,1.3772,0.3035,16.6674,16.6511,15.5427,0.0013,-1.0000
16.8069,1.0000,63.6218,1.0577,0.3544,16.6602,16.8083,15.4438,0.0011,-1.0000
16.5326,1.0000,63.6384,1.0387,0.4240,16.6879,16.5185,15.2776,0.0011,-1.0000
16.6665,1.0000,63.6549,1.5082,0.3047,16.6530,16.6548,15.4193,0.0011,-1.0000
16.6677,1.0000,63.6717,1.1066,0.3806,16.6596,16.6632,15.4703,0.0014,-1.0000
16.6659,1.0000,63.6883,1.3632,0.3559,16.8176,16.6506,15.0646,0.0011,-1.0000
16.6663,1.0000,63.7050,1.2396,0.3264,16.5278,16.6556,15.4264,0.0010,-1.0000
16.6682,1.0000,63.7217,1.2343,0.3353,16.6637,16.6816,15.5279,0.0009,-1.0000
16.6657,1.0000,63.7384,1.1912,0.3212,16.6741,16.6350,15.4160,0.0014,-1.0000
16.6659,1.0000,63.7549,1.5845,0.3038,16.6595,16.6540,15.4969,0.0012,-1.0000
16.6697,1.0000,63.7718,1.2281,0.3043,16.6638,16.6724,15.6132,0.0011,-1.0000
16.6648,1.0000,63.7883,1.1526,0.3487,16.6918,16.6439,15.0255,0.0015,-1.0000
16.6666,1.0000,63.8050,1.2176,0.3539,16.6462,16.6578,15.4698,0.0013,-1.0000
16.6692,1.0000,63.8219,1.1559,0.3467,16.6628,16.7759,15.4927,0.0014,-1.0000
16.6651,1.0000,63.8384,1.0578,0.4316,16.6823,16.5395,15.0864,0.0014,-1.0000
16.6652,1.0000,63.8549,1.6170,0.3375,16.6540,16.6520,15.4583,0.0011,-1.0000
16.6706,1.0000,63.8717,1.1865,0.3229,16.6659,16.6714,15.5780,0.0009,-1.0000
16.6643,1.0000,63.8884,1.2818,0.5220,16.7864,16.6523,15.3802,0.0012,-1.0000
16.6671,1.0000,63.9050,1.4516,0.3376,16.5501,16.6548,15.4848,0.0011,-1.0000
16.6680,1.0000,63.9218,1.1924,0.3146,16.6605,16.6660,15.4215,0.0012,-1.0000
16.6656,1.0000,63.9384,1.0918,0.4077,16.6789,16.6496,15.1066,0.0014,-1.0000
16.6653,1.0000,63.9549,1.2712,0.3236,16.6621,16.6497,15.4248,0.0012,-1.0000
16.6695,1.0000,63.9718,1.1690,0.3465,16.6644,16.6709,15.5708,0.0011,-1.0000
16.6661,1.0000,63.9884,1.2431,0.4161,16.6766,16.6511,15.3121,0.0012,-1.0000
16.6651,1.0000,64.0050,1.5416,0.3973,16.6602,16.6500,15.4083,0.0014,-1.0000
16.6685,1.0000,64.0217,1.2237,0.2925,16.6579,16.6662,15.5417,0.0013,-1.0000
16.6660,1.0000,64.0383,1.0990,0.3168,16.6809,16.6517,15.2577,0.0012,-1.0000
16.6660,1.0000,64.0549,1.3377,0.3253,16.6627,16.6560,15.5225,0.0012,-1.0000
16.6698,1.0000,64.0717,1.2402,0.3136,16.6580,16.6673,15.6348,0.0010,-1.0000
16.6648,1.0000,64.0883,1.1230,0.3903,16.6758,16.6529,15.4540,0.0012,-1.0000
16.6661,1.0000,64.1050,1.3926,0.3141,16.6605,16.6569,15.4506,0.0013,-1.0000
16.6676,1.0000,64.1217,1.1323,0.3433,16.6638,16.6615,15.5309,0.0012,-1.0000
16.6667,1.0000,64.1383,1.0313,0.3534,16.6756,16.6544,15.3695,0.0014,-1.0000
16.6652,1.0000,64.1549,1.1974,0.3134,16.6620,16.6551,15.5053,0.0014,-1.0000
16.6700,1.0000,64.1718,1.2050,0.2922,16.6662,16.6688,15.6120,0.0015,-1.0000
16.6637,1.0000,64.1883,1.1291,0.3620,16.6708,16.6419,15.2121,0.0015,-1.0000
16.6677,1.0000,64.2050,1.2833,0.3356,16.6636,16.6651,15.4812,0.0013,-1.0000
16.6683,1.0000,64.2217,1.1483,0.3700,16.6654,16.6608,15.4221,0.0014,-1.0000
16.6648,1.0000,64.2384,1.0550,0.3821,16.6790,16.6510,15.4261,0.0014,-1.0000
16.6660,1.0000,64.2549,1.4278,0.3512,16.6510,16.7084,15.4085,0.0009,-1.0000
16.6687,1.0000,64.2717,1.1823,0.3443,16.6734,16.6083,15.2888,0.0014,-1.0000
16.6637,1.0000,64.2883,1.2372,0.2799,16.6711,16.6476,15.4954,0.0011,-1.0000
16.6711,1.0000,64.3051,1.2235,0.3318,16.6625,16.6760,15.6194,0.0011,-1.0000
16.6665,1.0000,64.3217,1.2990,0.3720,16.7168,16.6531,15.2673,0.0015,-1.0000
16.6656,1.0000,64.3383,1.3179,0.3038,16.6163,16.6524,15.5211,0.0015,-1.0000
16.6679,1.0000,64.3549,1.1511,0.4150,16.6551,16.6628,15.4741,0.0011,-1.0000
16.6670,1.0000,64.3717,1.0554,0.3471,16.6850,16.6609,15.5872,0.0011,-1.0000
16.6629,1.0000,64.3883,1.3840,0.2882,16.6637,16.6411,15.5162,0.0013,-1.0000
16.6689,1.0000,64.4050,1.1294,0.3635,16.6618,16.6690,15.5744,0.0010,-1.0000
16.6677,1.0000,64.4217,1.1875,0.3764,16.6715,16.6600,15.3397,0.0010,-1.0000
16.6645,1.0000,64.4383,1.0722,0.3047,16.6707,16.6474,15.4545,0.0012,-1.0000
16.6681,1.0000,64.4549,1.1233,0.2911,16.6491,16.6738,15.6438,0.0011,-1.0000
16.6677,1.0000,64.4716,1.0936,0.4157,16.6766,16.6514,15.4720,0.0010,-1.0000
16.6646,1.0000,64.4883,1.3188,0.2881,16.6694,16.6509,15.5702,0.0009,-1.0000
16.6674,1.0000,64.5050,1.1918,0.2911,16.6550,16.6662,15.6304,0.0011,-1.0000
16.6682,1.0000,64.5217,1.0287,0.4744,16.6827,16.6636,15.4360,0.0014,-1.0000
16.6654,1.0000,64.5383,1.1784,0.2940,16.6608,16.6520,15.3669,0.0012,-1.0000
16.6685,1.0000,64.5549,1.0796,0.2977,16.6573,16.6643,15.5834,0.0012,-1.0000
16.6661,1.0000,64.5717,1.0345,0.3373,16.6736,16.6541,15.5108,0.0011,-1.0000
16.6654,1.0000,64.5883,1.2260,0.3712,16.6725,16.6510,15.4550,0.0011,-1.0000
16.6682,1.0000,64.6051,1.2835,0.3479,16.6614,16.6672,15.6090,0.0012,-1.0000
16.6664,1.0000,64.6216,1.0795,0.3828,16.6739,16.6456,15.3353,0.0013,-1.0000
16.6670,1.0000,64.6383,1.1421,0.3123,16.6634,16.6601,15.5666,0.0011,-1.0000
16.6670,1.0000,64.6549,1.1949,0.3057,16.6600,16.6603,15.5080,0.0011,-1.0000
16.6672,1.0000,64.6716,1.0569,0.3064,16.6807,16.6561,15.4776,0.0012,-1.0000
16.6666,1.0000,64.6883,1.3088,0.3037,16.6560,16.6563,15.5557,0.0014,-1.0000
16.6663,1.0000,64.7050,1.0924,0.3166,16.6690,16.6572,15.5362,0.0013,-1.0000
16.6672,1.0000,64.7217,1.1510,0.3930,16.6688,16.6601,15.4289,0.0013,-1.0000
16.6646,1.0000,64.7383,1.1768,0.3221,16.6662,16.6497,15.5555,0.0011,-1.0000
16.6694,1.0000,64.7550,1.0989,0.3080,16.6645,16.6713,15.6156,0.0012,-1.0000
16.6673,1.0000,64.7716,1.1194,0.3470,16.6663,16.6559,15.4026,0.0012,-1.0000
16.6651,1.0000,64.7883,1.2295,0.3349,16.6682,16.6572,15.5596,0.0010,-1.0000
16.6683,1.0000,64.8051,1.0933,0.2813,16.6574,16.6640,15.5280,0.0013,-1.0000
16.6653,1.0000,64.8216,1.0546,0.4214,16.6805,16.6478,15.1900,0.0013,-1.0000
16.6655,1.0000,64.8383,1.2516,0.3039,16.6647,16.6547,15.5198,0.0011,-1.0000
16.6692,1.0000,64.8550,1.0965,0.3365,16.6651,16.6686,15.5956,0.0010,-1.0000
16.6658,1.0000,64.8717,1.1346,0.4175,16.6742,16.6506,15.4650,0.0012,-1.0000
16.6663,1.0000,64.8883,1.4562,0.3221,16.6573,16.6555,15.5213,0.0013,-1.0000
16.6712,1.0000,64.9052,1.1338,0.2916,16.6631,16.6726,15.4525,0.0010,-1.0000
16.6633,1.0000,64.9216,1.0716,0.3334,16.6773,16.5399,15.2389,0.0012,-1.0000
16.6641,1.0000,64.9383,1.1840,0.3546,16.6606,16.6529,15.5248,0.0011,-1.0000
16.6709,1.0000,64.9549,1.1325,0.3370,16.6630,16.6699,15.6036,0.0008,-1.0000
16.6655,1.0000,64.9717,1.2179,0.3666,16.7863,16.6549,15.5559,0.0012,-1.0000
16.6662,1.0000,64.9883,1.2992,0.3104,16.5493,16.6568,15.5319,0.0012,-1.0000
16.6668,1.0000,65.0050,1.1272,0.2973,16.6605,16.6589,15.5285,0.0011,-1.0000
16.6662,1.0000,65.0216,1.0651,0.3447,16.6776,16.6562,15.3758,0.0014,-1.0000
16.6675,1.0000,65.0383,1.0978,0.3107,16.6643,16.6580,15.5592,0.0011,-1.0000
16.6671,1.0000,65.0549,1.1236,0.3170,16.6656,16.6609,15.4218,0.0017,-1.0000
16.6645,1.0000,65.0716,1.1291,0.3891,16.6675,16.6524,15.3883,0.0010,-1.0000
16.6678,1.0000,65.0883,1.2788,0.3086,16.6662,16.6614,15.5676,0.0012,-1.0000
16.6685,1.0000,65.1051,1.0973,0.3008,16.6665,16.6691,15.5764,0.0013,-1.0000
16.6646,1.0000,65.1216,1.2371,0.4007,16.6688,16.6431,15.4100,0.0011,-1.0000
16.6687,1.0000,65.1383,1.2635,0.2934,16.6606,16.6633,15.5871,0.0012,-1.0000
16.6666,1.0000,65.1550,1.0924,0.3075,16.6691,16.6587,15.4533,0.0012,-1.0000
16.6629,1.0000,65.1716,1.0913,0.3345,16.6784,16.5290,15.4666,0.0011,-1.0000
16.6669,1.0000,65.1883,1.2318,0.3126,16.6541,16.6612,15.6782,0.0009,-1.0000
16.6705,1.0000,65.2050,1.0750,0.3374,16.6716,16.6705,15.2999,0.0010,-1.0000
16.6649,1.0000,65.2216,1.2040,0.2971,16.6692,16.6532,15.5673,0.0013,-1.0000
16.6683,1.0000,65.2383,1.0613,0.2877,16.6506,16.6657,15.5919,0.0009,-1.0000
16.6668,1.0000,65.2549,0.9823,0.4065,16.6674,16.6567,15.2768,0.0012,-1.0000
16.6632,1.0000,65.2716,1.3693,0.2928,16.6779,16.6462,15.6923,0.0009,-1.0000
16.6684,1.0000,65.2884,1.0847,0.3116,16.6614,16.6750,15.6834,0.0008,-1.0000
16.6675,1.0000,65.3050,1.0729,0.7296,16.6748,16.6533,15.2916,0.0012,-1.0000
16.6667,1.0000,65.3217,1.3787,0.3069,16.6651,16.6566,15.5692,0.0011,-1.0000
16.6681,1.0000,65.3384,0.9529,0.3047,16.6528,16.6630,15.5016,0.0012,-1.0000
16.6660,1.0000,65.3549,0.9909,0.3140,16.6831,16.6590,14.7208,0.0011,-1.0000
16.6656,1.0000,65.3716,1.3603,0.3376,16.6622,16.6497,15.5677,0.0013,-1.0000
16.7273,1.0000,65.3884,1.0863,0.3374,16.6648,16.7248,15.6703,0.0011,-1.0000
16.6670,1.0000,65.4050,1.1600,0.4049,16.6706,16.6578,15.4928,0.0011,-1.0000
16.6660,1.0000,65.4217,1.9368,0.3269,16.6681,16.6554,15.5053,0.0011,-1.0000
16.6677,1.0000,65.4384,1.0804,0.3798,16.6573,16.6637,15.4231,0.0011,-1.0000
16.6667,1.0000,65.4550,1.0531,0.3540,16.7335,16.6573,15.4646,0.0011,-1.0000
16.6667,1.0000,65.4717,1.1638,0.4014,16.6665,16.6552,15.5258,0.0011,-1.0000
16.6653,1.0000,65.4884,1.1489,0.3375,16.6634,16.6609,15.6057,0.0010,-1.0000
16.6680,1.0000,65.5050,1.2396,0.3179,16.6725,16.6591,15.5005,0.0009,-1.0000
16.6666,1.0000,65.5217,1.1916,0.3522,16.6661,16.6570,15.5222,0.0011,-1.0000
16.6676,1.0000,65.5384,1.1282,0.3133,16.6635,16.6603,15.5366,0.0011,-1.0000
16.6660,1.0000,65.5550,1.0541,0.3540,16.6692,16.6568,15.2959,0.0011,-1.0000
16.6676,1.0000,65.5717,1.1577,0.3114,16.6670,16.6583,15.4958,0.0011,-1.0000
16.6677,1.0000,65.5886,1.1339,0.3173,16.6659,16.6636,15.5450,0.0012,-1.0000
16.6651,1.0000,65.6051,1.1228,0.3746,16.6692,16.6482,14.9750,0.0014,-1.0000
16.6663,1.0000,65.6217,1.3595,0.3414,16.6653,16.6578,15.4805,0.0012,-1.0000
16.6680,1.0000,65.6385,1.1612,0.3250,16.6668,16.6624,15.6098,0.0016,-1.0000
16.6666,1.0000,65.6550,1.1171,0.3794,16.6741,16.6546,15.3660,0.0010,-1.0000
16.6654,1.0000,65.6717,1.6717,0.3259,16.6580,16.6525,15.6009,0.0010,-1.0000
16.6685,1.0000,65.6884,1.1760,0.2836,16.6659,16.6695,15.4262,0.0008,-1.0000
16.6656,1.0000,65.7050,1.0508,0.3500,16.6722,16.6465,15.3951,0.0011,-1.0000
16.6654,1.0000,65.7217,1.2877,0.3109,16.6643,16.6509,15.5192,0.0012,-1.0000
16.6687,1.0000,65.7384,1.0503,0.3215,16.6624,16.6711,15.6321,0.0010,-1.0000
16.6660,1.0000,65.7550,1.2421,0.3957,16.6795,16.6509,15.4172,0.0011,-1.0000
16.6663,1.0000,65.7717,1.2505,0.3403,16.6580,16.6552,15.5599,0.0009,-1.0000
16.6683,1.0000,65.7884,1.1306,0.3021,16.6575,16.6630,15.5743,0.0013,-1.0000
16.6663,1.0000,65.8050,1.0379,0.3412,16.6809,16.6587,15.4138,0.0012,-1.0000
16.7234,1.0000,65.8217,1.2326,0.3035,16.6613,16.7089,15.5135,0.0009,-1.0000
16.6099,1.0000,65.8384,1.0943,0.2988,16.6635,16.6113,15.5394,0.0012,-1.0000
16.6671,1.0000,65.8550,1.0872,0.3370,16.6729,16.6497,15.4009,0.0013,-1.0000
16.6668,1.0000,65.8717,1.2436,0.3620,16.6681,16.6590,15.6224,0.0010,-1.0000
16.6681,1.0000,65.8886,1.1946,0.2855,16.7172,16.6633,15.5717,0.0010,-1.0000
16.6646,1.0000,65.9050,1.0707,0.4000,16.6199,16.6488,15.0459,0.0015,-1.0000
16.6677,1.0000,65.9217,1.2474,0.3572,16.6584,16.6633,15.5851,0.0011,-1.0000
16.6713,1.0000,65.9384,1.0356,0.3193,16.6676,16.6646,15.5333,0.0013,-1.0000
16.6634,1.0000,65.9549,1.0904,0.3750,16.6727,16.6426,15.5050,0.0010,-1.0000
16.6688,1.0000,65.9718,1.6014,0.3376,16.6579,16.6676,15.7126,0.0007,-1.0000
16.6698,1.0000,65.9885,1.0770,0.3303,16.6723,16.6678,15.2220,0.0012,-1.0000
16.6641,1.0000,66.0051,1.1298,0.3087,16.6757,16.6416,15.2549,0.0015,-1.0000
16.6668,1.0000,66.0218,1.1364,0.3136,16.6507,16.6599,15.4693,0.0011,-1.0000
16.6675,1.0000,66.0384,0.9542,0.3989,16.6762,16.6612,15.2629,0.0014,-1.0000
16.6639,1.0000,66.0549,1.4444,0.3546,16.6785,16.6423,15.5070,0.0010,-1.0000
16.6701,1.0000,66.0718,1.3850,0.3441,16.6519,16.6784,15.7226,0.0007,-1.0000
16.6660,1.0000,66.0884,1.1894,0.4266,16.6685,16.6469,15.2844,0.0012,-1.0000
16.6647,1.0000,66.1050,1.3968,0.2820,16.6710,16.6487,15.4178,0.0010,-1.0000
16.6686,1.0000,66.1217,1.1346,0.3017,16.6539,16.6688,15.5098,0.0012,-1.0000
16.6673,1.0000,66.1384,0.9547,0.3838,16.6879,16.6570,15.4944,0.0010,-1.0000
16.6648,1.0000,66.1550,1.3606,0.2981,16.6571,16.6469,15.5171,0.0011,-1.0000
16.6680,1.0000,66.1720,1.2296,0.3005,16.6571,16.6675,15.6540,0.0008,-1.0000
16.6673,1.0000,66.1884,1.1576,0.3898,16.6778,16.6557,15.2115,0.0013,-1.0000
16.6659,1.0000,66.2050,1.1616,0.3093,16.6685,16.6544,15.5295,0.0011,-1.0000
16.6672,1.0000,66.2217,1.1286,0.2775,16.6551,16.6630,15.5417,0.0010,-1.0000
16.6662,1.0000,66.2384,1.0124,0.3025,16.6770,16.6586,15.4774,0.0011,-1.0000
16.6662,1.0000,66.2550,1.4427,0.3039,16.6639,16.6517,15.5367,0.0012,-1.0000
16.6682,1.0000,66.2718,1.1236,0.2988,16.6628,16.6674,15.6247,0.0010,-1.0000
16.6665,1.0000,66.2884,1.1201,0.4646,16.6718,16.6512,14.1515,0.0011,-1.0000
16.6663,1.0000,66.3051,1.1800,0.3265,16.6668,16.6569,15.4976,0.0010,-1.0000
16.6695,1.0000,66.3218,1.1135,0.3049,16.6601,16.6676,15.5409,0.0011,-1.0000
16.6651,1.0000,66.3384,1.0415,0.4074,16.6773,16.6490,15.2490,0.0010,-1.0000
16.6649,1.0000,66.3550,2.4985,0.3384,16.6598,16.6533,15.4828,0.0014,-1.0000
16.6689,1.0000,66.3717,1.1581,0.3172,16.6655,16.6743,15.6353,0.0012,-1.0000
16.6665,1.0000,66.3884,1.1252,0.4065,16.6767,16.6439,15.3633,0.0013,-1.0000
16.6663,1.0000,66.4051,1.3988,0.3343,16.6593,16.6581,15.5389,0.0012,-1.0000
16.6679,1.0000,66.4218,1.1690,0.2974,16.6612,16.6644,15.5287,0.0012,-1.0000
16.6661,1.0000,66.4384,1.0380,0.3452,16.6844,16.6520,15.1372,0.0014,-1.0000
16.6659,1.0000,66.4550,1.2792,0.3087,16.6533,16.6565,15.4316,0.0010,-1.0000
16.6678,1.0000,66.4718,1.1179,0.3571,16.6665,16.6664,15.6346,0.0011,-1.0000
16.6655,1.0000,66.4884,1.1340,0.3975,16.6735,16.6459,15.3623,0.0015,-1.0000
16.6672,1.0000,66.5052,1.5136,0.3292,16.6615,16.6639,15.5551,0.0010,-1.0000
16.6696,1.0000,66.5218,1.2237,0.3407,16.6651,16.6586,15.3710,0.0012,-1.0000
16.6635,1.0000,66.5384,1.0306,0.5232,16.6760,16.6474,15.3332,0.0014,-1.0000
16.6668,1.0000,66.5550,1.2820,0.3046,16.6561,16.6604,15.6185,0.0012,-1.0000
16.6688,1.0000,66.5718,1.1076,0.3029,16.6744,16.6645,15.5723,0.0013,-1.0000
16.6629,1.0000,66.5883,1.2861,0.3845,16.6678,16.6447,15.4275,0.0013,-1.0000
16.6682,1.0000,66.6051,1.3126,0.3138,16.6561,16.6707,15.7157,0.0009,-1.0000
16.6687,1.0000,66.6217,1.0404,0.3394,16.6687,16.6604,15.2319,0.0012,-1.0000
16.6653,1.0000,66.6384,1.0907,0.3082,16.6727,16.6524,15.5727,0.0011,-1.0000
16.6685,1.0000,66.6551,1.2161,0.2764,16.6524,16.6672,15.4973,0.0011,-1.0000
16.6667,1.0000,66.6717,0.9541,0.3472,16.6779,16.6570,15.3528,0.0011,-1.0000
16.6667,1.0000,66.6884,1.4270,0.3065,16.6682,16.6515,15.5397,0.0012,-1.0000
16.6659,1.0000,66.7051,1.0785,0.3165,16.6602,16.6574,15.5333,0.0013,-1.0000
16.6674,1.0000,66.7217,1.1689,0.3647,16.6767,16.6589,15.4622,0.0012,-1.0000
16.6650,1.0000,66.7384,1.3029,0.3424,16.6673,16.6537,15.5606,0.0010,-1.0000
16.6694,1.0000,66.7550,1.1103,0.3045,16.6613,16.6632,15.6059,0.0011,-1.0000
16.6663,1.0000,66.7717,1.1228,0.3322,16.6669,16.6592,15.4648,0.0013,-1.0000
16.6661,1.0000,66.7884,1.1950,0.3075,16.6670,16.6556,15.5662,0.0013,-1.0000
16.6678,1.0000,66.8051,1.0919,0.3092,16.6633,16.6604,15.5042,0.0010,-1.0000
16.6659,1.0000,66.8217,1.0561,0.3307,16.6715,16.6586,15.3578,0.0011,-1.0000
16.6630,1.0000,66.8383,1.1930,0.3100,16.6688,16.6390,15.5548,0.0012,-1.0000
16.6703,1.0000,66.8550,1.0879,0.3310,16.6651,16.6786,15.6324,0.0014,-1.0000
16.6673,1.0000,66.8717,1.1549,0.3343,16.6701,16.6554,15.6320,0.0011,-1.0000
16.6662,1.0000,66.8884,1.2995,0.2922,16.6682,16.6537,15.4182,0.0013,-1.0000
16.6687,1.0000,66.9054,1.0831,0.2938,16.6458,16.7632,15.5197,0.0011,-1.0000
16.6653,1.0000,66.9217,1.0445,0.3255,16.6857,16.5492,14.6859,0.0013,-1.0000
16.6655,1.0000,66.9384,1.0224,0.3046,16.6650,16.6571,15.5835,0.0012,-1.0000
16.6670,1.0000,66.9550,1.2340,0.3692,16.6627,16.6584,15.6003,0.0008,-1.0000
16.6679,1.0000,66.9717,1.2423,0.4081,16.7746,16.6627,15.5403,0.0008,-1.0000
16.6649,1.0000,66.9884,1.8617,0.3098,16.5595,16.6529,15.5576,0.0011,-1.0000
16.6688,1.0000,67.0051,1.0721,0.2834,16.6658,16.6669,15.6191,0.0008,-1.0000
16.6660,1.0000,67.0217,1.0567,0.3264,16.6661,16.6553,15.3888,0.0013,-1.0000
16.6669,1.0000,67.0384,1.1210,0.3558,16.6702,16.6580,15.5512,0.0013,-1.0000
16.6675,1.0000,67.0550,1.0935,0.3500,16.6604,16.6570,15.5306,0.0014,-1.0000
16.6665,1.0000,67.0717,1.0469,0.4140,16.6751,16.6593,15.5507,0.0012,-1.0000
16.6660,1.0000,67.0884,1.2649,0.3466,16.6641,16.6532,15.5439,0.0012,-1.0000
16.6677,1.0000,67.1051,1.1054,0.3942,16.6668,16.6730,15.6338,0.0010,-1.0000
16.6670,1.0000,67.1217,1.1247,0.4520,16.6674,16.6543,15.3620,0.0012,-1.0000
16.6661,1.0000,67.1384,1.1070,0.3145,16.6686,16.6465,15.4588,0.0010,-1.0000
16.6671,1.0000,67.1550,1.1077,0.3103,16.6631,16.6594,15.4877,0.0011,-1.0000
16.6669,1.0000,67.1717,1.0380,0.3768,16.6825,16.6556,15.4873,0.0009,-1.0000
16.6656,1.0000,67.1884,1.2910,0.3165,16.6646,16.6542,15.4965,0.0011,-1.0000
16.6692,1.0000,67.2051,1.1864,0.3272,16.6558,16.6682,15.5852,0.0011,-1.0000
16.6654,1.0000,67.2217,1.1702,0.3107,16.6683,16.6485,15.3638,0.0013,-1.0000
16.6668,1.0000,67.2384,1.1671,0.3391,16.6651,16.6557,15.6076,0.0010,-1.0000
16.6690,1.0000,67.2551,1.1562,0.2939,16.6623,16.6713,15.5788,0.0011,-1.0000
16.6652,1.0000,67.2718,1.0814,0.4201,16.6780,16.6482,14.5819,0.0011,-1.0000
16.6644,1.0000,67.2884,1.2832,0.3300,16.6582,16.6507,15.4213,0.0013,-1.0000
16.6694,1.0000,67.3051,1.0471,0.3499,16.6639,16.6783,15.5937,0.0008,-1.0000
16.6666,1.0000,67.3217,1.0908,0.3448,16.6816,16.6453,15.3917,0.0011,-1.0000
16.6651,1.0000,67.3384,2.0648,0.3562,16.6587,16.6540,15.5617,0.0011,-1.0000
16.6685,1.0000,67.3550,1.2278,0.3223,16.6591,16.6639,15.5984,0.0011,-1.0000
16.6667,1.0000,67.3717,1.0835,0.3272,16.6855,16.6557,15.5416,0.0011,-1.0000
16.6651,1.0000,67.3884,1.2522,0.3350,16.6539,16.6544,15.5465,0.0011,-1.0000
16.6686,1.0000,67.4051,1.0907,0.3014,16.6619,16.6656,15.5771,0.0016,-1.0000
16.6660,1.0000,67.4217,1.0642,0.3502,16.6732,16.6528,15.4729,0.0011,-1.0000
16.6674,1.0000,67.4384,1.1127,0.3102,16.6641,16.6636,15.5093,0.0010,-1.0000
16.6666,1.0000,67.4550,1.1068,0.3365,16.6624,16.6560,15.3462,0.0014,-1.0000
16.6684,1.0000,67.4718,1.0868,0.3211,16.6746,16.6577,15.5064,0.0010,-1.0000
16.6649,1.0000,67.4884,1.1787,0.3720,16.6621,16.6497,15.4070,0.0013,-1.0000
16.6675,1.0000,67.5051,1.1531,0.3561,16.6733,16.6612,15.5190,0.0015,-1.0000
16.6661,1.0000,67.5217,1.3083,0.3433,16.6664,16.6562,15.4958,0.0014,-1.0000
16.6655,1.0000,67.5384,1.1503,0.3475,16.6685,16.6610,15.5602,0.0012,-1.0000
16.6687,1.0000,67.5550,1.2410,0.2838,16.6588,16.6582,15.5414,0.0011,-1.0000
16.6664,1.0000,67.5717,1.1406,0.3051,16.6702,16.6538,15.4542,0.0010,-1.0000
16.6668,1.0000,67.5884,1.1589,0.3029,16.6655,16.6625,15.4255,0.0012,-1.0000
16.6668,1.0000,67.6051,1.0995,0.4207,16.6694,16.6559,15.4859,0.0011,-1.0000
16.6661,1.0000,67.6217,1.1156,0.4550,16.6671,16.6521,15.4000,0.0013,-1.0000
16.6656,1.0000,67.6385,1.1985,0.3142,16.6629,16.6598,15.4924,0.0013,-1.0000
16.6701,1.0000,67.6551,1.2356,0.3473,16.6712,16.6661,14.9766,0.0012,-1.0000
16.6643,1.0000,67.6717,1.1687,0.4043,16.6659,16.5500,15.3545,0.0012,-1.0000
16.6666,1.0000,67.6884,1.2505,0.2975,16.6610,16.6592,15.6521,0.0009,-1.0000
16.6685,1.0000,67.7051,1.1660,0.4719,16.6691,16.6677,15.5589,0.0013,-1.0000
16.6658,1.0000,67.7217,1.6879,0.3409,16.6755,16.6545,15.3532,0.0011,-1.0000
16.6656,1.0000,67.7384,1.1939,0.2923,16.6530,16.6533,15.5547,0.0013,-1.0000
16.6682,1.0000,67.7553,1.0060,0.3707,16.6661,16.6649,15.5061,0.0010,-1.0000
16.6668,1.0000,67.7718,1.1073,0.3665,16.6766,16.6194,15.1138,0.0011,-1.0000
16.6674,1.0000,67.7884,1.3001,0.2912,16.6633,16.6582,15.4457,0.0011,-1.0000
16.6671,1.0000,67.8051,1.0972,0.3239,16.6616,16.6577,15.5523,0.0012,-1.0000
16.6683,1.0000,67.8217,1.1576,0.3900,16.7110,16.6586,15.4103,0.0015,-1.0000
16.6628,1.0000,67.8384,1.5043,0.3784,16.6291,16.6530,15.5306,0.0011,-1.0000
16.6693,1.0000,67.8551,1.2111,0.3451,16.6672,16.6624,15.5039,0.0009,-1.0000
16.6656,1.0000,67.8717,1.1038,0.3790,16.6674,16.6520,15.2182,0.0014,-1.0000
16.6666,1.0000,67.8884,1.2468,0.3170,16.6677,16.6596,15.5239,0.0010,-1.0000
16.6685,1.0000,67.9051,1.1214,0.3021,16.6622,16.6639,15.5787,0.0012,-1.0000
16.6655,1.0000,67.9217,1.1575,0.4718,16.6714,16.6542,15.4835,0.0010,-1.0000
16.6657,1.0000,67.9384,1.4325,0.3446,16.6606,16.6555,15.5596,0.0012,-1.0000
16.6683,1.0000,67.9550,1.1347,0.3575,16.6674,16.6633,15.4187,0.0010,-1.0000
16.6647,1.0000,67.9717,1.0837,0.2878,16.6723,16.6511,15.6780,0.0009,-1.0000
16.6687,1.0000,67.9885,1.1696,0.3209,16.6634,16.6662,15.6480,0.0011,-1.0000
16.6670,1.0000,68.0051,1.0946,0.3888,16.6636,16.6598,15.3208,0.0011,-1.0000
16.6676,1.0000,68.0218,1.2433,0.3693,16.6712,16.6591,15.6005,0.0011,-1.0000
16.6660,1.0000,68.0384,0.9719,0.2946,16.6588,16.6569,15.4301,0.0012,-1.0000
16.6672,1.0000,68.0550,1.0171,0.3399,16.6742,16.6562,15.1900,0.0013,-1.0000
16.6655,1.0000,68.0717,1.3377,0.3119,16.6680,16.6529,15.5849,0.0010,-1.0000
16.6656,1.0000,68.0885,1.0574,0.3174,16.6692,16.6566,15.5494,0.0011,-1.0000
16.6690,1.0000,68.1051,1.2254,0.4202,16.6663,16.6667,15.2393,0.0012,-1.0000
16.6665,1.0000,68.1217,1.4647,0.3051,16.6656,16.6544,15.5474,0.0012,-1.0000
16.6688,1.0000,68.1384,1.0667,0.3045,16.6612,16.6650,15.5698,0.0012,-1.0000
16.6648,1.0000,68.1550,1.1058,0.4427,16.6644,16.6543,15.4005,0.0012,-1.0000
16.6658,1.0000,68.1717,1.4257,0.3381,16.6748,16.6540,15.6190,0.0010,-1.0000
16.6669,1.0000,68.1884,1.1057,0.3104,16.6633,16.6622,15.6055,0.0011,-1.0000
16.6684,1.0000,68.2051,1.0939,0.4158,16.6732,16.6627,15.4959,0.0009,-1.0000
16.6652,1.0000,68.2217,1.2529,0.3129,16.6629,16.6515,15.4448,0.0012,-1.0000
16.6677,1.0000,68.2385,1.0339,0.2825,16.6615,16.6631,15.5984,0.0013,-1.0000
16.6667,1.0000,68.2550,1.0555,0.3985,16.6698,16.6566,15.3838,0.0011,-1.0000
16.6651,1.0000,68.2717,1.1657,0.3132,16.6719,16.6501,15.5680,0.0012,-1.0000
16.6700,1.0000,68.2885,1.2055,0.2787,16.6598,16.6743,15.5934,0.0011,-1.0000
16.6649,1.0000,68.3051,1.0632,0.3590,16.6728,16.6447,15.2173,0.0013,-1.0000
16.6662,1.0000,68.3217,1.2718,0.3141,16.6658,16.6548,15.3719,0.0011,-1.0000
16.6697,1.0000,68.3385,1.0810,0.3062,16.6581,16.6650,15.5899,0.0011,-1.0000
16.6651,1.0000,68.3550,1.0795,0.3759,16.6845,16.6540,15.3697,0.0012,-1.0000
16.6640,1.0000,68.3717,1.4258,0.3587,16.6556,16.6508,15.5944,0.0011,-1.0000
16.6694,1.0000,68.3885,1.2818,0.2834,16.6643,16.6700,15.6108,0.0008,-1.0000
16.6660,1.0000,68.4051,1.0739,0.3987,16.6741,16.6526,15.3849,0.0014,-1.0000
16.6663,1.0000,68.4217,1.2828,0.2954,16.6635,16.6547,15.5022,0.0011,-1.0000
16.6691,1.0000,68.4384,1.0553,0.3027,16.6583,16.6646,15.5891,0.0014,-1.0000
16.6659,1.0000,68.4550,1.0583,0.2995,16.6783,16.6556,15.3462,0.0012,-1.0000
16.6648,1.0000,68.4717,1.2665,0.3216,16.6630,16.6502,15.6349,0.0010,-1.0000
16.6692,1.0000,68.4884,1.1512,0.3046,16.6634,16.6699,15.6269,0.0011,-1.0000
16.6646,1.0000,68.5051,1.0745,0.3676,16.6736,16.6498,15.1072,0.0013,-1.0000
16.6683,1.0000,68.5218,1.3080,0.3365,16.6649,16.6630,15.5802,0.0011,-1.0000
16.6676,1.0000,68.5385,1.0142,0.3064,16.6580,16.6598,15.4689,0.0014,-1.0000
16.6644,1.0000,68.5550,1.0416,0.4687,16.6776,16.6451,15.1219,0.0013,-1.0000
16.6683,1.0000,68.5717,1.5414,0.3048,16.6591,16.6658,15.6465,0.0009,-1.0000
16.6677,1.0000,68.5885,1.0819,0.3586,16.6722,16.6618,15.4776,0.0013,-1.0000
16.6650,1.0000,68.6051,1.1896,0.3908,16.6716,16.6492,15.3049,0.0011,-1.0000
16.6671,1.0000,68.6217,1.5216,0.3132,16.6535,16.6641,15.5656,0.0011,-1.0000
16.6689,1.0000,68.6385,1.0183,0.3962,16.6733,16.6646,15.5371,0.0011,-1.0000
16.6639,1.0000,68.6550,1.1831,0.5636,16.6719,16.6414,15.4463,0.0011,-1.0000
16.6657,1.0000,68.6717,1.3430,0.3203,16.6575,16.6579,15.6528,0.0011,-1.0000
16.6711,1.0000,68.6885,1.0972,0.2996,16.6720,16.6752,15.2490,0.0008,-1.0000
16.6625,1.0000,68.7050,1.1261,0.3585,16.6744,16.6443,15.3014,0.0014,-1.0000
16.7691,1.0000,68.7220,1.1938,0.2974,16.6508,16.8301,15.6838,0.0010,-1.0000
16.6676,1.0000,68.7385,1.0039,0.4985,16.6646,16.5941,15.1985,0.0013,-1.0000
16.6655,1.0000,68.7551,1.4250,0.3413,16.6824,16.6484,15.5146,0.0012,-1.0000
16.6679,1.0000,68.7719,1.3412,0.3227,16.6517,16.6656,15.6269,0.0010,-1.0000
16.6679,1.0000,68.7886,1.1446,0.3438,16.8419,16.6614,15.4491,0.0012,-1.0000
16.6645,1.0000,68.8052,1.3941,0.3463,16.6064,16.6440,15.2871,0.0012,-1.0000
16.6663,1.0000,68.8218,1.1326,0.3166,16.6569,16.6651,15.5351,0.0011,-1.0000
16.6682,1.0000,68.8385,1.0375,0.3059,16.6746,16.6556,15.5248,0.0008,-1.0000
16.6668,1.0000,68.8551,1.2108,0.3711,16.6732,16.6609,15.5343,0.0013,-1.0000
16.6843,1.0000,68.8720,1.3556,0.3355,16.6522,16.6741,15.6099,0.0011,-1.0000
16.6662,1.0000,68.8885,1.1289,0.3422,16.6751,16.6555,15.2053,0.0012,-1.0000
16.6673,1.0000,68.9052,1.1300,0.3352,16.6643,16.6569,15.5361,0.0012,-1.0000
16.6672,1.0000,68.9223,1.1253,0.3976,16.6694,16.6599,15.5474,0.0011,-1.0000
16.6658,1.0000,68.9385,1.0629,0.4007,16.6841,16.6555,14.5315,0.0010,-1.0000
16.6654,1.0000,68.9551,1.4489,0.3055,16.6635,16.6514,15.4946,0.0012,-1.0000
16.6717,1.0000,68.9719,1.1192,0.3633,16.6670,16.6725,15.6903,0.0009,-1.0000
16.6652,1.0000,68.9885,1.1113,0.5763,16.6686,16.6524,15.3149,0.0016,-1.0000
16.6653,1.0000,69.0052,2.1230,0.3604,16.6647,16.6535,15.4223,0.0011,-1.0000
16.6674,1.0000,69.0219,1.1556,0.2913,16.6601,16.6599,15.5165,0.0013,-1.0000
16.6658,1.0000,69.0385,0.9806,0.3594,16.6835,16.6528,15.2625,0.0011,-1.0000
16.6659,1.0000,69.0551,1.3356,0.3010,16.6623,16.6563,15.5744,0.0011,-1.0000
16.6692,1.0000,69.0719,1.2298,0.3314,16.6628,16.6681,15.5055,0.0010,-1.0000
16.6655,1.0000,69.0885,1.1420,0.3462,16.6685,16.6479,15.4358,0.0010,-1.0000
16.6669,1.0000,69.1052,1.3896,0.3185,16.6619,16.6594,15.4888,0.0014,-1.0000
16.6668,1.0000,69.1219,1.0806,0.2844,16.6650,16.6569,15.4704,0.0012,-1.0000
16.6663,1.0000,69.1385,1.1613,0.3380,16.6796,16.6541,15.4145,0.0009,-1.0000
16.6667,1.0000,69.1551,1.2111,0.3204,16.6580,16.6607,15.4891,0.0014,-1.0000
16.6700,1.0000,69.1719,1.1688,0.3036,16.6687,16.6654,15.6855,0.0010,-1.0000
16.6621,1.0000,69.1885,1.1850,0.3571,16.6666,16.6410,15.2189,0.0015,-1.0000
16.6688,1.0000,69.2052,1.2384,0.3429,16.6623,16.6672,15.6231,0.0011,-1.0000
16.6681,1.0000,69.2219,1.1699,0.3101,16.6686,16.6633,15.4934,0.0011,-1.0000
16.6638,1.0000,69.2385,0.9787,0.3750,16.6752,16.6473,15.4376,0.0013,-1.0000
16.6689,1.0000,69.2551,1.4205,0.3039,16.6506,16.6623,15.6205,0.0011,-1.0000
16.6669,1.0000,69.2719,1.0429,0.3264,16.6746,16.6577,15.6020,0.0011,-1.0000
16.6637,1.0000,69.2885,1.1687,0.2941,16.6732,16.6489,15.5677,0.0011,-1.0000
16.6715,1.0000,69.3053,1.2085,0.3067,16.6575,16.6804,15.5713,0.0010,-1.0000
16.6652,1.0000,69.3219,1.0406,0.3341,16.6706,16.6462,15.4501,0.0011,-1.0000
16.6655,1.0000,69.3385,1.0544,0.3109,16.6661,16.6545,15.4567,0.0011,-1.0000
16.6690,1.0000,69.3551,1.0802,0.3024,16.6563,16.6633,15.5349,0.0012,-1.0000
16.6654,1.0000,69.3718,1.1076,0.3410,16.6901,16.6546,15.5420,0.0010,-1.0000
16.6654,1.0000,69.3885,1.1946,0.3339,16.6549,16.6529,15.5810,0.0011,-1.0000
16.6685,1.0000,69.4053,1.1965,0.3915,16.6652,16.6712,15.5802,0.0009,-1.0000
16.6668,1.0000,69.4218,1.1267,0.3792,16.6719,16.6467,15.3303,0.0013,-1.0000
16.6656,1.0000,69.4385,1.1114,0.3111,16.6635,16.6534,15.4995,0.0011,-1.0000
16.6673,1.0000,69.4551,1.0702,0.2930,16.6609,16.6635,15.5384,0.0013,-1.0000
16.6675,1.0000,69.4718,1.0900,0.3374,16.6823,16.6576,15.5060,0.0008,-1.0000
16.6658,1.0000,69.4885,1.3153,0.3711,16.6575,16.6540,15.5370,0.0011,-1.0000
16.6665,1.0000,69.5052,1.1527,0.3341,16.6606,16.6632,15.5459,0.0011,-1.0000
16.6678,1.0000,69.5219,1.1238,0.3835,16.6729,16.6578,15.4893,0.0010,-1.0000
16.6664,1.0000,69.5385,1.1508,0.3064,16.6660,16.6557,15.4605,0.0011,-1.0000
16.6680,1.0000,69.5552,1.1159,0.3400,16.6619,16.6645,15.6002,0.0010,-1.0000
16.6665,1.0000,69.5719,1.1160,0.3080,16.6724,16.6541,14.9837,0.0014,-1.0000
16.6653,1.0000,69.5885,1.1672,0.3237,16.6664,16.6466,15.4986,0.0011,-1.0000
16.6683,1.0000,69.6052,1.1939,0.3159,16.6640,16.6681,15.5570,0.0012,-1.0000
16.6673,1.0000,69.6219,1.0632,0.4864,16.6750,16.6565,15.4016,0.0011,-1.0000
16.6649,1.0000,69.6385,1.6690,0.3393,16.6659,16.6540,15.5490,0.0011,-1.0000
16.6700,1.0000,69.6552,1.1465,0.2954,16.6560,16.6656,15.5198,0.0012,-1.0000
16.6652,1.0000,69.6719,1.1093,0.4013,16.6758,16.6556,15.4771,0.0012,-1.0000
16.6653,1.0000,69.6885,1.2535,0.2985,16.6662,16.6505,15.5041,0.0011,-1.0000
16.6685,1.0000,69.7053,1.1039,0.3285,16.6622,16.6612,15.4528,0.0011,-1.0000
16.6657,1.0000,69.7219,1.1441,0.3702,16.6735,16.6560,15.3906,0.0013,-1.0000
16.6657,1.0000,69.7386,1.1768,0.3143,16.6672,16.6576,15.4635,0.0012,-1.0000
16.6695,1.0000,69.7552,1.1449,0.3080,16.6598,16.6590,15.4759,0.0012,-1.0000
16.6647,1.0000,69.7719,1.2071,0.3352,16.6707,16.6495,15.4560,0.0013,-1.0000
16.6671,1.0000,69.7885,1.2640,0.3143,16.6666,16.6613,15.5540,0.0013,-1.0000
16.6672,1.0000,69.8053,1.1927,0.3202,16.6687,16.6587,15.5025,0.0011,-1.0000
16.6650,1.0000,69.8218,1.1815,0.3681,16.6676,16.6535,14.9620,0.0013,-1.0000
16.6667,1.0000,69.8385,1.1917,0.3439,16.6597,16.6559,15.5881,0.0010,-1.0000
16.6691,1.0000,69.8552,1.1059,0.3436,16.6695,16.6679,15.5575,0.0009,-1.0000
16.6645,1.0000,69.8718,1.1550,0.4041,16.6681,16.6537,15.5588,0.0013,-1.0000
16.6671,1.0000,69.8885,1.6900,0.2937,16.6627,16.6553,15.5726,0.0011,-1.0000
16.7272,1.0000,69.9053,1.0666,0.3005,16.6639,16.7270,15.5881,0.0012,-1.0000
16.6636,1.0000,69.9219,1.1094,0.3022,16.6752,16.6450,15.5067,0.0013,-1.0000
16.6683,1.0000,69.9386,1.0935,0.2951,16.6614,16.6649,15.6043,0.0010,-1.0000
16.6686,1.0000,69.9552,1.0815,0.3274,16.6633,16.6656,15.3898,0.0010,-1.0000
16.6650,1.0000,69.9719,1.1375,0.3050,16.7354,16.6517,15.6295,0.0010,-1.0000
16.6693,1.0000,69.9887,1.1368,0.2648,16.6533,16.6687,15.5292,0.0013,-1.0000
16.6656,1.0000,70.0052,1.0595,0.3891,16.6718,16.6444,15.1767,0.0012,-1.0000
16.6650,1.0000,70.0219,1.2746,0.2994,16.6738,16.6500,15.5876,0.0011,-1.0000
16.6670,1.0000,70.0386,1.0214,0.3419,16.6600,16.6654,15.6450,0.0009,-1.0000
16.6680,1.0000,70.0552,1.1380,0.3435,16.6800,16.6615,15.4430,0.0011,-1.0000
16.6665,1.0000,70.0719,1.4665,0.3325,16.6576,16.6570,15.6520,0.0011,-1.0000
16.6690,1.0000,70.0887,1.0610,0.3086,16.6579,16.6663,15.4959,0.0014,-1.0000
16.6654,1.0000,70.1053,1.0194,0.3164,16.6725,16.6521,15.3576,0.0015,-1.0000
16.6650,1.0000,70.1219,1.2172,0.2933,16.6691,16.6480,15.4398,0.0012,-1.0000
16.6666,1.0000,70.1387,1.0037,0.3093,16.6657,16.6655,15.5582,0.0011,-1.0000
16.6697,1.0000,70.1552,1.1689,0.3153,16.6767,16.6620,15.2731,0.0010,-1.0000
16.6654,1.0000,70.1719,1.2928,0.3672,16.6627,16.6559,15.6136,0.0013,-1.0000
16.6672,1.0000,70.1888,1.2070,0.3295,16.6561,16.6582,15.5135,0.0011,-1.0000
16.6673,1.0000,70.2052,1.1061,0.2961,16.6730,16.6579,15.1551,0.0011,-1.0000
16.6659,1.0000,70.2219,1.3873,0.2916,16.6695,16.6555,15.5879,0.0012,-1.0000
16.6679,1.0000,70.2386,1.0408,0.2876,16.6644,16.6659,15.4301,0.0012,-1.0000
16.6668,1.0000,70.2552,1.1435,0.3821,16.6667,16.6550,15.3731,0.0012,-1.0000
16.6653,1.0000,70.2719,1.5015,0.3245,16.6668,16.6516,15.5792,0.0011,-1.0000
16.6685,1.0000,70.2886,1.0662,0.3374,16.6630,16.6667,15.5795,0.0013,-1.0000
16.6670,1.0000,70.3053,1.2343,0.3259,16.6746,16.6561,15.3553,0.0012,-1.0000
16.6659,1.0000,70.3219,1.2804,0.3065,16.6645,16.6514,15.4554,0.0011,-1.0000
16.6675,1.0000,70.3387,1.0712,0.3368,16.6614,16.6684,15.5526,0.0010,-1.0000
16.6657,1.0000,70.3552,1.0857,0.4606,16.6757,16.6477,15.1808,0.0014,-1.0000
16.6663,1.0000,70.3719,1.2994,0.3090,16.6659,16.6564,15.5408,0.0010,-1.0000
16.6696,1.0000,70.3889,1.1948,0.3200,16.6595,16.6694,15.5585,0.0010,-1.0000
16.6650,1.0000,70.4053,1.1148,0.4135,16.6785,16.6538,15.1301,0.0013,-1.0000
16.6658,1.0000,70.4219,1.4652,0.3199,16.6574,16.6489,15.4196,0.0013,-1.0000
16.6682,1.0000,70.4387,1.1146,0.3218,16.6647,16.6652,15.5223,0.0009,-1.0000
16.6662,1.0000,70.4552,1.1101,0.3520,16.6784,16.6672,15.3012,0.0012,-1.0000
16.6637,1.0000,70.4719,1.5220,0.3428,16.6645,16.6351,15.4677,0.0015,-1.0000
16.6701,1.0000,70.4886,1.2279,0.3341,16.6583,16.6721,15.6001,0.0009,-1.0000
16.6661,1.0000,70.5053,1.1415,0.3061,16.6738,16.6537,15.4811,0.0013,-1.0000
16.6658,1.0000,70.5219,1.3647,0.2904,16.6763,16.6534,15.4867,0.0014,-1.0000
16.6686,1.0000,70.5387,1.1658,0.2950,16.6428,16.6661,15.5928,0.0011,-1.0000
16.6655,1.0000,70.5552,1.0708,0.3660,16.6803,16.6499,15.1868,0.0014,-1.0000
16.6674,1.0000,70.5719,1.1713,0.3392,16.6646,16.6590,15.5436,0.0011,-1.0000
16.6672,1.0000,70.5886,1.1655,0.2888,16.6623,16.6607,15.5494,0.0009,-1.0000
16.6634,1.0000,70.6052,1.0722,0.4392,16.6756,16.6454,15.5625,0.0010,-1.0000
16.6688,1.0000,70.6219,1.4614,0.3114,16.6601,16.6693,15.6093,0.0012,-1.0000
16.6670,1.0000,70.6386,1.1141,0.2855,16.6673,16.6588,15.3508,0.0012,-1.0000
16.6665,1.0000,70.6552,1.1104,0.2829,16.6699,16.6562,15.5418,0.0011,-1.0000
16.6675,1.0000,70.6720,1.0820,0.3678,16.6530,16.6636,15.5375,0.0009,-1.0000
16.6670,1.0000,70.6886,1.0589,0.3917,16.6768,16.6543,15.1921,0.0013,-1.0000
16.6637,1.0000,70.7052,1.3066,0.3299,16.6663,16.6493,15.5517,0.0013,-1.0000
16.6724,1.0000,70.7220,1.1132,0.3091,16.6649,16.6788,15.6251,0.0008,-1.0000
16.6642,1.0000,70.7386,1.1253,0.4536,16.6723,16.6480,15.3185,0.0010,-1.0000
16.6650,1.0000,70.7552,1.4609,0.2992,16.6638,16.6467,15.4770,0.0010,-1.0000
16.6680,1.0000,70.7721,1.0965,0.3288,16.6567,16.6667,15.6647,0.0012,-1.0000
16.6678,1.0000,70.7886,1.0528,0.3634,16.6899,16.6556,15.2595,0.0009,-1.0000
16.6653,1.0000,70.8052,1.3283,0.3728,16.6598,16.6555,15.5246,0.0012,-1.0000
16.6680,1.0000,70.8219,1.1685,0.3814,16.6555,16.6639,15.5624,0.0012,-1.0000
16.6678,1.0000,70.8386,1.0006,0.3889,16.6757,16.6572,15.4545,0.0010,-1.0000
16.6649,1.0000,70.8552,1.3948,0.3362,16.6643,16.6510,15.5085,0.0014,-1.0000
16.6683,1.0000,70.8720,1.1293,0.3216,16.6637,16.6661,15.6636,0.0015,-1.0000
16.6672,1.0000,70.8886,1.1000,0.3540,16.6739,16.6625,15.3292,0.0013,-1.0000
16.6725,1.0000,70.9053,1.2020,0.3264,16.6657,16.6544,15.3351,0.0011,-1.0000
16.6668,1.0000,70.9220,1.1411,0.2912,16.6600,16.6588,15.5182,0.0011,-1.0000
16.6659,1.0000,70.9386,1.0007,0.4467,16.6756,16.6557,15.4531,0.0015,-1.0000
16.6664,1.0000,70.9552,1.3318,0.3467,16.6722,16.6604,15.5629,0.0014,-1.0000
16.6691,1.0000,70.9720,1.3181,0.3811,16.6634,16.6604,15.4463,0.0013,-1.0000
16.6654,1.0000,70.9886,1.1393,0.3183,16.6675,16.6511,15.4334,0.0013,-1.0000
16.6675,1.0000,71.0053,1.2014,0.2889,16.6645,16.6611,15.5652,0.0011,-1.0000
16.6661,1.0000,71.0219,1.0963,0.3096,16.6698,16.6534,15.4741,0.0015,-1.0000
16.6668,1.0000,71.0386,1.2123,0.3852,16.6694,16.6584,15.4909,0.0012,-1.0000
16.6664,1.0000,71.0552,1.2164,0.2958,16.6614,16.6578,15.5666,0.0011,-1.0000
16.6805,1.0000,71.0720,1.0948,0.3121,16.6714,16.6713,15.6292,0.0012,-1.0000
16.6660,1.0000,71.0886,1.1774,0.3372,16.6625,16.6550,15.4204,0.0011,-1.0000
16.6668,1.0000,71.1053,1.1661,0.3111,16.6679,16.6568,15.5933,0.0011,-1.0000
16.6689,1.0000,71.1221,1.0900,0.3027,16.6667,16.6684,15.5199,0.0012,-1.0000
16.6634,1.0000,71.1386,1.0405,0.3529,16.6806,16.6414,15.1160,0.0014,-1.0000
16.6672,1.0000,71.1552,1.2333,0.2942,16.6633,16.6623,15.6193,0.0013,-1.0000
16.6696,1.0000,71.1720,1.0620,0.3298,16.6654,16.6662,15.6686,0.0009,-1.0000
16.6645,1.0000,71.1886,1.1469,0.3822,16.6789,16.6504,15.5340,0.0011,-1.0000
16.6698,1.0000,71.2054,1.5241,0.3179,16.6502,16.6715,15.5667,0.0010,-1.0000
16.6655,1.0000,71.2219,1.0414,0.3005,16.6693,16.6529,15.2279,0.0013,-1.0000
16.6666,1.0000,71.2386,0.9967,0.3349,16.6744,16.6571,15.5802,0.0011,-1.0000
16.6675,1.0000,71.2552,1.1149,0.3294,16.6578,16.6658,15.5404,0.0012,-1.0000
16.6658,1.0000,71.2719,1.1036,0.3700,16.6798,16.6492,15.4871,0.0011,-1.0000
16.6658,1.0000,71.2886,1.4239,0.3351,16.6615,16.6534,15.5469,0.0010,-1.0000
16.6685,1.0000,71.3053,1.0755,0.3315,16.6653,16.6687,15.6407,0.0011,-1.0000
16.6670,1.0000,71.3220,1.1242,0.4455,16.6751,16.6571,15.3969,0.0012,-1.0000
16.6657,1.0000,71.3386,1.1608,0.3014,16.6584,16.6524,15.4461,0.0011,-1.0000
16.6676,1.0000,71.3552,1.1050,0.3245,16.6606,16.6640,15.5531,0.0009,-1.0000
16.6668,1.0000,71.3720,1.0268,0.3284,16.6773,16.6573,15.5090,0.0010,-1.0000
16.6648,1.0000,71.3886,1.2585,0.3740,16.6659,16.6525,15.5667,0.0011,-1.0000
16.6687,1.0000,71.4054,1.2047,0.3330,16.6611,16.6692,15.5496,0.0011,-1.0000
16.6656,1.0000,71.4220,1.1097,0.3369,16.6715,16.6480,15.1533,0.0013,-1.0000
16.6669,1.0000,71.4386,1.1470,0.3085,16.6657,16.6563,15.4918,0.0013,-1.0000
16.6695,1.0000,71.4553,1.0845,0.3082,16.6616,16.6729,15.5975,0.0013,-1.0000
16.6646,1.0000,71.4719,1.1185,0.4399,16.6794,16.6411,15.3841,0.0013,-1.0000
16.6652,1.0000,71.4886,1.4935,0.3476,16.6584,16.6557,15.5307,0.0011,-1.0000
16.6681,1.0000,71.5053,1.1630,0.3173,16.6641,16.6618,15.6110,0.0009,-1.0000
16.6673,1.0000,71.5220,1.0738,0.3560,16.6843,16.6610,15.5203,0.0011,-1.0000
16.6672,1.0000,71.5386,1.2555,0.3272,16.6514,16.6558,15.4995,0.0011,-1.0000
16.6671,1.0000,71.5552,1.1237,0.3370,16.6633,16.6604,15.5473,0.0014,-1.0000
16.6664,1.0000,71.5719,1.0497,0.3316,16.6707,16.6543,15.5362,0.0009,-1.0000
16.6644,1.0000,71.5886,1.1396,0.3350,16.6706,16.6497,15.5966,0.0011,-1.0000
16.6686,1.0000,71.6053,1.1551,0.3184,16.6657,16.6676,15.6325,0.0012,-1.0000
16.6665,1.0000,71.6220,1.1114,0.3906,16.6698,16.6554,15.4668,0.0014,-1.0000
16.6675,1.0000,71.6386,1.1168,0.3475,16.6632,16.6586,15.4134,0.0013,-1.0000
16.6681,1.0000,71.6553,1.0516,0.3244,16.6573,16.6671,15.5751,0.0012,-1.0000
16.6656,1.0000,71.6719,1.0337,0.3882,16.6768,16.6456,15.2657,0.0013,-1.0000
16.6657,1.0000,71.6886,1.1871,0.4018,16.6640,16.6570,15.5158,0.0010,-1.0000
16.6683,1.0000,71.7053,1.2437,0.2946,16.6678,16.6617,15.5313,0.0011,-1.0000
16.6661,1.0000,71.7219,1.0902,0.3785,16.6777,16.6537,15.5495,0.0013,-1.0000
16.6653,1.0000,71.7386,1.3785,0.3256,16.6556,16.6534,15.5844,0.0012,-1.0000
16.6688,1.0000,71.7552,1.1400,0.3307,16.6659,16.6654,15.5518,0.0011,-1.0000
16.6659,1.0000,71.7719,1.1291,0.3016,16.6703,16.6562,15.5643,0.0010,-1.0000
16.6663,1.0000,71.7886,1.1027,0.3040,16.6635,16.6581,15.4880,0.0010,-1.0000
16.6694,1.0000,71.8053,1.0675,0.4217,16.6616,16.6642,15.3438,0.0010,-1.0000
16.6640,1.0000,71.8219,1.1122,0.3813,16.6743,16.6480,15.2660,0.0013,-1.0000
16.6660,1.0000,71.8386,1.0907,0.3686,16.6641,16.6668,15.5296,0.0010,-1.0000
16.6696,1.0000,71.8553,1.1693,0.3170,16.6673,16.6563,15.4256,0.0010,-1.0000
16.6652,1.0000,71.8719,1.3190,0.3897,16.6742,16.6512,15.2474,0.0013,-1.0000
16.6681,1.0000,71.8887,1.3805,0.3011,16.6569,16.6632,15.5625,0.0012,-1.0000
16.6689,1.0000,71.9054,1.1364,0.3230,16.6748,16.6734,15.1514,0.0012,-1.0000
16.6625,1.0000,71.9219,1.2296,0.4136,16.6653,16.6300,15.2680,0.0013,-1.0000
16.6679,1.0000,71.9386,1.4021,0.3076,16.6607,16.6690,15.5841,0.0010,-1.0000
16.6670,1.0000,71.9552,1.0994,0.7306,16.6724,16.6538,15.5526,0.0009,-1.0000
16.6663,1.0000,71.9719,1.5205,0.3505,16.6842,16.6550,15.6099,0.0013,-1.0000
16.6683,1.0000,71.9887,1.3604,0.3100,16.6397,16.6708,15.5983,0.0010,-1.0000
16.6661,1.0000,72.0053,1.0837,0.4123,16.6779,16.6488,15.4004,0.0015,-1.0000
16.6662,1.0000,72.0220,1.1000,0.3024,16.6628,16.6565,15.4640,0.0010,-1.0000
16.6677,1.0000,72.0387,1.0436,0.3061,16.6624,16.6608,15.5432,0.0013,-1.0000
16.6661,1.0000,72.0552,1.0713,0.3897,16.6804,16.6566,15.3298,0.0012,-1.0000
16.6666,1.0000,72.0720,1.2468,0.3117,16.6592,16.6580,15.5818,0.0011,-1.0000
16.6672,1.0000,72.0887,1.1912,0.3206,16.6653,16.6862,15.5444,0.0010,-1.0000
16.6672,1.0000,72.1053,1.1164,0.3049,16.6693,16.6282,15.4514,0.0011,-1.0000
16.6663,1.0000,72.1219,1.3254,0.3436,16.6650,16.6571,15.5229,0.0014,-1.0000
16.6667,1.0000,72.1387,1.0749,0.3506,16.6664,16.6656,15.5599,0.0011,-1.0000
16.6679,1.0000,72.1552,1.1405,0.3463,16.6961,16.6523,15.4081,0.0011,-1.0000
16.6646,1.0000,72.1719,1.1759,0.3865,16.6372,16.6537,15.5971,0.0013,-1.0000
16.6713,1.0000,72.1887,1.1327,0.2998,16.6663,16.6703,15.6033,0.0011,-1.0000
16.6643,1.0000,72.2053,1.1044,0.3095,16.6740,16.6462,15.3080,0.0012,-1.0000
16.6663,1.0000,72.2219,1.2427,0.2913,16.6609,16.6541,15.3556,0.0011,-1.0000
16.6672,1.0000,72.2386,1.0549,0.2937,16.6618,16.6612,15.5684,0.0014,-1.0000
16.6669,1.0000,72.2552,1.0656,0.3530,16.6819,16.6550,15.3676,0.0012,-1.0000
16.6638,1.0000,72.2719,1.3369,0.3268,16.6574,16.6521,15.6440,0.0010,-1.0000
16.6697,1.0000,72.2887,1.2968,0.2846,16.6632,16.6707,15.5574,0.0011,-1.0000
16.6676,1.0000,72.3054,1.0913,0.3876,16.6701,16.6984,15.4345,0.0015,-1.0000
16.6652,1.0000,72.3219,1.2858,0.3061,16.6641,16.6115,15.3877,0.0010,-1.0000
16.6693,1.0000,72.3387,1.0072,0.3199,16.6601,16.6629,15.5809,0.0013,-1.0000
16.6631,1.0000,72.3552,1.1121,0.3301,16.6794,16.6466,15.2077,0.0014,-1.0000
16.6657,1.0000,72.3719,1.2621,0.3749,16.7091,16.6567,15.6212,0.0009,-1.0000
16.6693,1.0000,72.3886,1.2227,0.3056,16.6202,16.6704,15.5986,0.0010,-1.0000
16.6657,1.0000,72.4053,1.0805,0.3872,16.6724,16.6543,15.5303,0.0012,-1.0000
16.6683,1.0000,72.4220,1.4374,0.3000,16.6545,16.6629,15.5721,0.0010,-1.0000
16.6667,1.0000,72.4386,1.0347,0.3228,16.6631,16.6542,15.2917,0.0013,-1.0000
16.6664,1.0000,72.4552,1.0709,0.2936,16.6783,16.6574,15.4720,0.0011,-1.0000
16.6766,1.0000,72.4726,1.1226,0.3833,16.6636,16.6735,15.5794,0.0009,-1.0000
16.6668,1.0000,72.4886,1.0896,0.4309,16.6719,16.6562,14.8742,0.0013,-1.0000
16.6646,1.0000,72.5053,1.3608,0.3172,16.6633,16.6498,15.5589,0.0009,-1.0000
16.6681,1.0000,72.5220,1.1841,0.3239,16.6665,16.6644,15.6215,0.0010,-1.0000
16.6666,1.0000,72.5386,1.0927,0.3850,16.6827,16.6571,15.3433,0.0012,-1.0000
16.6665,1.0000,72.5552,1.7805,0.3131,16.6645,16.6605,15.5486,0.0011,-1.0000
16.6681,1.0000,72.5720,1.0893,0.2969,16.6573,16.6632,15.5051,0.0008,-1.0000
16.6655,1.0000,72.5886,1.0419,0.7932,16.6725,16.6488,15.3598,0.0011,-1.0000
16.6650,1.0000,72.6053,1.3124,0.3150,16.6654,16.6523,15.5438,0.0012,-1.0000
16.6705,1.0000,72.6220,1.1109,0.3213,16.6695,16.6737,15.6135,0.0009,-1.0000
16.6656,1.0000,72.6386,1.1572,0.3206,16.6724,16.6534,15.3431,0.0012,-1.0000
16.6667,1.0000,72.6552,1.2881,0.3258,16.6576,16.6575,15.5078,0.0013,-1.0000
16.6674,1.0000,72.6720,1.1074,0.2915,16.6592,16.6627,15.5939,0.0013,-1.0000
16.6661,1.0000,72.6886,1.0589,0.3384,16.6819,16.6508,15.3170,0.0013,-1.0000
