frame_ms,focused,elapsed,CPU Main Thread Frame Time,CPU Render Thread Frame Time,CPU Total Frame Time,PlayerLoop,WaitForTargetFPS,Gfx.WaitForPresentOnGfxThread,Gfx.WaitForGfxCommandsFromMainThread
16.6679,1.0000,5.0085,1.0455,0.2441,16.6639,16.6051,15.5555,0.0009,-1.0000
16.6655,1.0000,5.0247,0.7915,0.2658,16.6733,16.6562,15.1685,0.0009,-1.0000
16.6686,1.0000,5.0415,1.0602,0.2831,16.6386,16.7084,15.8248,0.0008,-1.0000
16.6657,1.0000,5.0580,0.9543,0.2471,16.7352,16.5990,15.5486,0.0011,-1.0000
16.6659,1.0000,5.0747,1.0487,0.3247,16.6096,16.6817,15.7312,0.0010,-1.0000
16.6676,1.0000,5.0913,1.4868,0.2589,16.6594,16.6802,15.8568,0.0008,-1.0000
16.6660,1.0000,5.1079,0.8824,0.2646,16.7133,16.6387,15.7954,0.0008,-1.0000
16.6671,1.0000,5.1247,1.0494,0.3417,16.6038,16.6681,15.9465,0.0009,-1.0000
16.6663,1.0000,5.1413,0.9496,0.2017,16.6855,16.6565,15.7684,0.0012,-1.0000
16.6665,1.0000,5.1580,0.8227,0.2619,16.6840,16.6608,15.8145,0.0010,-1.0000
16.6683,1.0000,5.1748,0.8425,0.2801,16.6419,16.7249,15.9092,0.0007,-1.0000
16.6653,1.0000,5.1913,0.7208,0.2180,16.6719,16.5964,15.5780,0.0011,-1.0000
16.6678,1.0000,5.2080,0.8871,0.3049,16.6600,16.6773,15.8733,0.0009,-1.0000
16.6658,1.0000,5.2248,0.8454,0.2258,16.6635,16.7509,15.7318,0.0008,-1.0000
16.6687,1.0000,5.2414,0.8150,0.2145,16.7288,16.5785,15.6626,0.0009,-1.0000
16.6659,1.0000,5.2581,1.0173,0.2189,16.6000,16.6650,15.5356,0.0009,-1.0000
16.6657,1.0000,5.2746,0.8032,0.2158,16.6819,16.6292,15.5707,0.0010,-1.0000
16.6680,1.0000,5.2916,1.0181,0.3245,16.7547,16.6625,15.9076,0.0010,-1.0000
16.6656,1.0000,5.3079,0.9151,0.2418,16.5839,16.6526,15.4422,0.0011,-1.0000
16.6665,1.0000,5.3247,1.1281,0.2620,16.6704,16.6587,15.9283,0.0009,-1.0000
16.6677,1.0000,5.3414,1.0577,0.2508,16.6328,16.6711,15.6370,0.0013,-1.0000
16.6661,1.0000,5.3579,0.7539,0.2485,16.6682,16.6517,15.6647,0.0009,-1.0000
16.6677,1.0000,5.3748,1.2094,0.2274,16.6575,16.6733,15.9324,0.0009,-1.0000
16.6661,1.0000,5.3914,0.7295,0.2270,16.6631,16.6833,15.4609,0.0010,-1.0000
16.6666,1.0000,5.4080,1.0328,0.2434,16.6761,16.6836,15.7625,0.0011,-1.0000
16.6674,1.0000,5.4248,0.9860,0.2206,16.6551,16.6556,15.6791,0.0012,-1.0000
16.6659,1.0000,5.4413,0.7400,0.2675,16.6788,16.6454,15.6647,0.0008,-1.0000
16.6672,1.0000,5.4581,1.2216,0.2225,16.6875,16.6884,15.9036,0.0010,-1.0000
16.6664,1.0000,5.4747,0.9200,0.2179,16.6878,16.6674,15.6816,0.0008,-1.0000
16.6671,1.0000,5.4915,0.9751,0.2571,16.6601,16.6943,15.8231,0.0011,-1.0000
16.6664,1.0000,5.5080,0.9798,0.1983,16.6486,16.6277,15.5613,0.0011,-1.0000
16.6660,1.0000,5.5247,0.7839,0.2268,16.6927,16.6688,15.7688,0.0009,-1.0000
16.6677,1.0000,5.5414,0.9851,0.2462,16.6707,16.6096,15.7646,0.0008,-1.0000
16.6676,1.0000,5.5592,0.8702,0.2297,16.6986,17.2793,15.6463,0.0008,-1.0000
16.6680,1.0000,5.5748,1.0653,0.2374,16.6325,16.0677,14.4528,0.0013,-1.0000
16.6677,1.0000,5.5915,0.8993,0.2098,16.6723,16.6700,15.3412,0.0013,-1.0000
16.6638,1.0000,5.6084,0.8443,0.2506,16.6144,17.1429,15.3609,0.0010,-1.0000
16.6700,1.0000,5.6248,1.6322,0.2679,17.2858,16.1896,15.3638,0.0010,-1.0000
16.6672,1.0000,5.6952,1.6136,0.3259,16.0731,70.3158,15.3180,0.0010,-1.0000
55.3794,1.0000,5.6976,1.3276,0.3141,16.6761,2.4647,0.0019,0.0015,-1.0000
16.2409,1.0000,5.7132,1.7811,0.2643,17.1469,15.7993,14.3581,0.0009,-1.0000
16.6698,1.0000,5.7298,0.8248,0.3165,16.1965,16.3467,15.5178,0.0009,-1.0000
16.6667,1.0000,5.7463,54.9968,0.3055,70.3239,16.6562,15.2661,0.0015,-1.0000
16.6636,1.0000,5.7630,2.4615,0.2159,2.4702,16.6411,15.5133,0.0012,-1.0000
16.6688,1.0000,5.7797,1.4403,0.2040,15.8025,16.6721,15.7526,0.0011,-1.0000
16.6692,1.0000,5.7965,0.8280,0.2780,16.3526,16.6760,15.3668,0.0011,-1.0000
16.6633,1.0000,5.8131,1.3885,0.2833,16.6640,16.6402,15.3544,0.0011,-1.0000
16.6670,1.0000,5.8297,1.1268,0.2299,16.6458,16.6627,15.6078,0.0012,-1.0000
16.6676,1.0000,5.8463,0.9182,0.3101,16.6763,16.6492,15.6366,0.0010,-1.0000
16.6659,1.0000,5.8631,1.3078,0.2957,16.6836,16.6594,15.5729,0.0008,-1.0000
16.6664,1.0000,5.8797,1.2846,0.2579,16.6466,16.6764,15.4753,0.0012,-1.0000
16.6705,1.0000,5.8969,1.0537,0.2844,16.6673,17.1548,15.7126,0.0010,-1.0000
16.6637,1.0000,5.9131,1.0116,0.2716,16.6550,16.1631,14.9415,0.0009,-1.0000
16.6659,1.0000,5.9297,1.0855,0.2520,16.6647,16.6655,15.5171,0.0011,-1.0000
16.6700,1.0000,5.9464,1.2000,0.2847,16.6804,16.7049,15.6276,0.0013,-1.0000
16.6646,1.0000,5.9630,1.4412,0.2883,17.1610,16.6190,15.2145,0.0008,-1.0000
16.6660,1.0000,5.9796,1.2205,0.2565,16.1695,16.6573,15.5797,0.0010,-1.0000
16.6691,1.0000,6.0067,1.1474,0.3015,16.6696,26.9560,15.8198,0.0009,-1.0000
16.6644,1.0000,6.0133,1.0760,0.2913,16.7109,6.6780,5.0219,0.0013,-1.0000
16.6673,1.0000,6.0298,1.4037,0.2718,16.6248,16.4420,15.5100,0.0009,-1.0000
16.6686,1.0000,6.0649,1.0767,0.2312,16.6616,35.0896,15.4705,0.0011,-1.0000
20.1700,1.0000,6.0668,11.1353,0.3118,26.9625,1.9532,0.0019,0.0017,-1.0000
16.2365,1.0000,6.0827,1.6549,0.2216,6.6835,15.9257,14.9952,0.0010,-1.0000
16.6687,1.0000,6.0997,0.9313,0.2391,16.4457,16.8954,15.8382,0.0009,-1.0000
16.6679,1.0000,6.1162,19.6181,0.2981,35.0975,16.4829,15.3143,0.0009,-1.0000
16.6823,1.0000,6.1327,1.9500,0.2444,1.9584,16.6383,15.2528,0.0012,-1.0000
16.6673,1.0000,6.1495,0.9295,0.2547,15.9280,16.6766,15.8137,0.0012,-1.0000
16.6676,1.0000,6.1661,1.0563,0.2711,16.9001,16.7081,15.6394,0.0008,-1.0000
16.6651,1.0000,6.1828,1.1676,0.2764,16.4896,16.6008,15.5147,0.0012,-1.0000
16.6666,1.0000,6.1995,1.3845,0.2403,16.6426,16.6615,15.6973,0.0013,-1.0000
16.6695,1.0000,6.2163,0.8615,0.2445,16.6816,16.7974,15.6313,0.0009,-1.0000
16.6644,1.0000,6.2331,1.0677,0.2536,16.7142,16.5214,15.3344,0.0010,-1.0000
16.6668,1.0000,6.2495,1.0851,0.2479,16.6058,16.6826,15.4151,0.0010,-1.0000
16.6675,1.0000,6.2661,0.9631,0.2507,16.6660,16.7107,15.5530,0.0010,-1.0000
16.6666,1.0000,6.2828,1.1653,0.2826,16.8037,16.5726,15.5743,0.0008,-1.0000
16.6684,1.0000,6.2995,1.1862,0.2392,16.5259,16.7052,15.5209,0.0012,-1.0000
16.6655,1.0000,6.3162,1.2666,0.2571,16.6867,16.6752,15.3198,0.0010,-1.0000
16.6653,1.0000,6.3327,1.1566,0.2433,16.7155,16.6414,15.5139,0.0012,-1.0000
16.6691,1.0000,6.3496,0.9975,0.2696,16.5778,16.6899,15.7497,0.0009,-1.0000
16.6651,1.0000,6.3661,1.1831,0.2850,16.7112,16.6287,15.3919,0.0009,-1.0000
16.6679,1.0000,6.3828,1.3544,0.2652,16.6811,16.7234,15.7228,0.0011,-1.0000
16.6687,1.0000,6.3996,1.1264,0.2667,16.6460,16.6526,15.5840,0.0010,-1.0000
16.6633,1.0000,6.4160,0.9390,0.2598,16.6952,16.5932,15.4042,0.0009,-1.0000
16.6678,1.0000,6.4328,1.2359,0.2281,16.6338,16.6863,15.8594,0.0010,-1.0000
16.6662,1.0000,6.4497,0.9998,0.2286,16.7284,16.7937,15.6449,0.0008,-1.0000
16.6663,1.0000,6.4660,1.0677,0.2937,16.6584,16.4962,15.3383,0.0012,-1.0000
16.6687,1.0000,6.4828,1.1882,0.2071,16.5976,16.6943,15.7988,0.0010,-1.0000
16.6655,1.0000,6.4995,0.8260,0.2291,16.6903,16.6383,15.5541,0.0008,-1.0000
16.6656,1.0000,6.5160,1.1480,0.2524,16.7981,16.6379,15.6478,0.0011,-1.0000
16.6689,1.0000,6.5328,1.1569,0.2432,16.5006,16.6704,15.8648,0.0008,-1.0000
16.6657,1.0000,6.5494,0.8947,0.2398,16.7002,16.6537,15.4812,0.0012,-1.0000
16.6669,1.0000,6.5660,1.0833,0.2488,16.6442,16.6671,15.8144,0.0012,-1.0000
16.6656,1.0000,6.5827,0.9889,0.2543,16.6420,16.6535,15.7466,0.0007,-1.0000
16.6670,1.0000,6.5994,0.8047,0.2768,16.6763,16.6650,15.7799,0.0008,-1.0000
16.6674,1.0000,6.6162,1.1716,0.2234,16.6583,16.6880,15.6835,0.0011,-1.0000
16.6656,1.0000,6.6361,0.8513,0.2496,16.6724,17.0333,15.5074,0.0008,-1.0000
16.6677,1.0000,6.6494,0.9062,0.2481,16.6579,16.3042,12.4030,0.0011,-1.0000
16.6662,1.0000,6.6660,0.8842,0.2276,16.6696,16.6611,15.6945,0.0008,-1.0000
16.6671,1.0000,6.6829,1.0033,0.2535,16.6945,16.6878,15.8633,0.0009,-1.0000
16.6699,1.0000,6.6996,1.5250,0.2185,17.0378,16.6638,15.6038,0.0009,-1.0000
16.6637,1.0000,6.7161,3.8999,0.2323,16.3095,16.6205,15.3486,0.0010,-1.0000
16.6674,1.0000,6.7328,0.9660,0.2604,16.6647,16.7072,15.8055,0.0010,-1.0000
16.6660,1.0000,6.7494,0.8239,0.2289,16.6923,16.5926,15.6777,0.0010,-1.0000
16.6663,1.0000,6.7660,1.0588,0.2793,16.6701,16.6581,15.7386,0.0012,-1.0000
16.6681,1.0000,6.7829,1.2711,0.2431,16.6256,16.6694,15.9114,0.0011,-1.0000
16.6694,1.0000,6.7998,0.9008,0.2406,16.7120,16.7671,15.2918,0.0010,-1.0000
16.6639,1.0000,6.8161,0.9139,0.2423,16.5978,16.5509,15.1136,0.0013,-1.0000
16.6658,1.0000,6.8328,0.9183,0.2378,16.6622,16.6997,15.6224,0.0009,-1.0000
16.6663,1.0000,6.8493,0.7569,0.3303,16.6752,16.6111,15.5708,0.0012,-1.0000
16.6691,1.0000,6.8661,1.4748,0.3259,16.7757,16.6850,15.9124,0.0008,-1.0000
16.6657,1.0000,6.8828,1.4359,0.2597,16.5572,16.6566,15.5464,0.0013,-1.0000
16.6659,1.0000,6.8994,1.0766,0.2418,16.7039,16.6512,15.6171,0.0010,-1.0000
16.6691,1.0000,6.9162,1.0392,0.2308,16.6140,16.6779,15.7135,0.0010,-1.0000
16.6656,1.0000,6.9329,0.7716,0.2644,16.6909,16.6529,15.4372,0.0013,-1.0000
16.6653,1.0000,6.9494,1.1087,0.2567,16.6616,16.6543,15.4312,0.0010,-1.0000
16.6684,1.0000,6.9660,1.0330,0.2873,16.6546,16.6728,15.8635,0.0011,-1.0000
16.6664,1.0000,6.9828,0.9634,0.2758,16.6839,16.6554,15.6621,0.0010,-1.0000
16.6657,1.0000,6.9994,1.2145,0.2506,16.6591,16.6573,15.7508,0.0009,-1.0000
16.6679,1.0000,7.0161,1.2222,0.2413,16.6578,16.6756,15.6322,0.0011,-1.0000
16.6656,1.0000,7.0327,0.8081,0.2384,16.6781,16.6477,15.6293,0.0010,-1.0000
16.6675,1.0000,7.0494,0.9925,0.2555,16.6601,16.6674,15.8884,0.0009,-1.0000
16.6659,1.0000,7.0660,0.9058,0.2742,16.6609,16.6610,15.6764,0.0014,-1.0000
16.6666,1.0000,7.0827,1.0422,0.2415,16.6802,16.6575,15.9173,0.0008,-1.0000
16.6683,1.0000,7.0995,1.0174,0.2075,16.6515,16.6757,15.8983,0.0008,-1.0000
16.6653,1.0000,7.1161,0.7781,0.2188,16.6721,16.6976,15.5877,0.0011,-1.0000
16.6676,1.0000,7.1328,0.9834,0.2261,16.6652,16.6304,15.7023,0.0012,-1.0000
16.6653,1.0000,7.1493,0.7395,0.2466,16.6608,16.6459,15.7550,0.0007,-1.0000
16.6671,1.0000,7.1660,0.7763,0.2439,16.6802,16.7182,15.9146,0.0009,-1.0000
16.6667,1.0000,7.1828,1.1091,0.2281,16.7015,16.6103,15.7475,0.0011,-1.0000
16.6666,1.0000,7.1994,0.9267,0.2182,16.6352,16.6632,15.7451,0.0008,-1.0000
16.6676,1.0000,7.2162,0.8901,0.2148,16.6494,16.7177,15.8021,0.0009,-1.0000
16.6659,1.0000,7.2327,0.8030,0.2479,16.7228,16.6059,15.4767,0.0015,-1.0000
16.6667,1.0000,7.2499,0.8615,0.2435,16.6144,16.6644,15.9154,0.0009,-1.0000
16.6672,1.0000,7.2660,0.9174,0.2301,16.6665,16.6685,15.3024,0.0009,-1.0000
16.6659,1.0000,7.2828,0.9147,0.2350,16.7228,16.6884,15.7782,0.0009,-1.0000
16.6675,1.0000,7.2995,1.1276,0.2156,16.6098,16.6785,15.7929,0.0008,-1.0000
16.6660,1.0000,7.3161,0.7479,0.2181,16.6683,16.6452,15.6261,0.0008,-1.0000
16.6666,1.0000,7.3327,1.3654,0.2552,16.6726,16.6683,15.8622,0.0009,-1.0000
16.6677,1.0000,7.3495,0.9094,0.2168,16.6925,16.7021,15.8361,0.0009,-1.0000
16.6657,1.0000,7.3660,0.8849,0.2409,16.6827,16.6206,15.6968,0.0009,-1.0000
16.6681,1.0000,7.3828,1.0185,0.2096,16.6483,16.6740,15.8682,0.0011,-1.0000
16.6652,1.0000,7.3994,0.8051,0.2098,16.6719,16.7209,15.6171,0.0008,-1.0000
16.6682,1.0000,7.4161,0.8650,0.2410,16.7061,16.6000,15.7972,0.0009,-1.0000
16.6667,1.0000,7.4328,0.9229,0.2298,16.6237,16.6773,15.7090,0.0011,-1.0000
16.6655,1.0000,7.4495,0.8047,0.2317,16.6793,16.6720,15.5475,0.0017,-1.0000
16.6684,1.0000,7.4661,1.1030,0.2432,16.7239,16.6120,15.7442,0.0010,-1.0000
16.6651,1.0000,7.4828,0.8018,0.2062,16.6044,16.6989,15.5969,0.0011,-1.0000
16.6674,1.0000,7.5008,0.9671,0.2896,16.6824,16.6618,15.7964,0.0008,-1.0000
16.6664,1.0000,7.5162,1.1233,0.2088,16.6766,16.6490,14.0921,0.0013,-1.0000
16.6664,1.0000,7.5327,0.8668,0.3083,16.6168,16.6638,15.6089,0.0010,-1.0000
16.6671,1.0000,7.5495,1.1010,0.2185,16.7028,16.6686,15.8216,0.0009,-1.0000
16.6663,1.0000,7.5660,0.8646,0.2371,16.6661,16.6502,15.7077,0.0007,-1.0000
16.6663,1.0000,7.5827,2.5557,0.2459,16.6543,16.6752,15.8913,0.0009,-1.0000
16.6671,1.0000,7.5995,1.0540,0.2299,16.6669,16.6774,15.8586,0.0008,-1.0000
16.6664,1.0000,7.6161,0.8459,0.2253,16.6732,16.6475,15.6557,0.0009,-1.0000
16.6678,1.0000,7.6328,0.9418,0.2117,16.6532,16.6765,15.8360,0.0010,-1.0000
16.6658,1.0000,7.6495,0.7830,0.1953,16.6792,16.7274,15.5771,0.0008,-1.0000
16.6671,1.0000,7.6660,0.8178,0.2333,16.6812,16.5672,15.6590,0.0009,-1.0000
16.6667,1.0000,7.6828,0.9910,0.2102,16.6506,16.6663,15.8386,0.0008,-1.0000
16.6659,1.0000,7.6994,0.8395,0.2671,16.6811,16.6400,15.6741,0.0011,-1.0000
16.6677,1.0000,7.7161,1.1495,0.2191,16.7309,16.6610,15.8579,0.0008,-1.0000
16.6666,1.0000,7.7328,0.9073,0.2598,16.5720,16.6658,15.7534,0.0008,-1.0000
16.6662,1.0000,7.7494,0.8268,0.2253,16.6709,16.6495,15.6839,0.0009,-1.0000
16.6669,1.0000,7.7660,0.9651,0.2121,16.6434,16.6706,15.8458,0.0011,-1.0000
16.6675,1.0000,7.7828,0.8021,0.2608,16.6659,16.6894,15.8959,0.0008,-1.0000
16.6666,1.0000,7.7995,0.9117,0.2497,16.6719,16.6868,15.6102,0.0014,-1.0000
16.6679,1.0000,7.8162,0.9645,0.2313,16.6530,16.6705,15.6133,0.0011,-1.0000
16.6662,1.0000,7.8328,0.8238,0.2479,16.6748,16.6547,15.5204,0.0010,-1.0000
16.6660,1.0000,7.8495,0.7927,0.2182,16.6939,16.6540,15.6256,0.0010,-1.0000
16.6681,1.0000,7.8661,1.0750,0.2526,16.6920,16.6661,15.7052,0.0008,-1.0000
16.6654,1.0000,7.8828,1.0560,0.2572,16.6754,16.6762,15.6179,0.0008,-1.0000
16.6661,1.0000,7.8994,1.1332,0.2363,16.6599,16.6249,15.6761,0.0009,-1.0000
16.6683,1.0000,7.9161,1.0276,0.2565,16.6586,16.6639,15.8283,0.0008,-1.0000
16.6656,1.0000,7.9328,0.9599,0.2400,16.6716,16.6940,15.6470,0.0011,-1.0000
16.6676,1.0000,7.9495,1.0577,0.2286,16.6806,16.6323,15.7641,0.0010,-1.0000
16.6677,1.0000,7.9661,0.9483,0.2009,16.6288,16.6595,15.5415,0.0009,-1.0000
16.6664,1.0000,7.9829,0.8348,0.2307,16.6691,16.6622,15.6167,0.0009,-1.0000
16.6657,1.0000,7.9997,1.0458,0.2330,16.6986,16.8833,15.5695,0.0011,-1.0000
16.6699,1.0000,8.0163,0.8673,0.2469,16.6369,16.4706,15.5452,0.0009,-1.0000
16.6651,1.0000,8.0329,1.1169,0.2565,16.6644,16.6539,15.4824,0.0012,-1.0000
16.6651,1.0000,8.0494,1.0446,0.2509,16.6686,16.5981,15.4672,0.0011,-1.0000
16.6689,1.0000,8.0661,1.3128,0.2203,16.8883,16.6761,15.8553,0.0013,-1.0000
16.6653,1.0000,8.0828,0.9244,0.2458,16.4780,16.6545,15.5686,0.0011,-1.0000
16.6658,1.0000,8.0995,1.1703,0.2553,16.6620,16.6541,15.6303,0.0011,-1.0000
16.6693,1.0000,8.1162,1.1298,0.2324,16.6027,16.6924,15.8026,0.0010,-1.0000
16.6654,1.0000,8.1328,0.8196,0.2414,16.6824,16.6560,15.4967,0.0010,-1.0000
16.6659,1.0000,8.1494,1.0847,0.2420,16.6602,16.6591,15.5771,0.0009,-1.0000
16.6676,1.0000,8.1661,1.0230,0.1947,16.6578,16.6658,15.8080,0.0010,-1.0000
16.6662,1.0000,8.1828,0.8892,0.2424,16.6984,16.6430,15.5958,0.0009,-1.0000
16.6663,1.0000,8.1994,1.1584,0.2555,16.6614,16.6533,15.6066,0.0015,-1.0000
16.6682,1.0000,8.2162,1.0811,0.2093,16.6630,16.6708,15.8425,0.0011,-1.0000
16.6657,1.0000,8.2328,0.8569,0.2459,16.6717,16.6765,15.4947,0.0013,-1.0000
16.6666,1.0000,8.2495,1.0463,0.2406,16.6494,16.6603,15.6148,0.0011,-1.0000
16.6691,1.0000,8.2662,1.0452,0.2123,16.6571,16.6719,15.6857,0.0012,-1.0000
16.6648,1.0000,8.2828,0.8271,0.2605,16.6769,16.6445,15.4391,0.0012,-1.0000
16.6698,1.0000,8.2995,1.1807,0.2408,16.6818,16.6625,15.6106,0.0009,-1.0000
16.6671,1.0000,8.3164,1.0447,0.2741,16.6643,16.7424,15.5377,0.0009,-1.0000
16.6646,1.0000,8.3328,0.9853,0.2529,16.6781,16.5929,15.2207,0.0013,-1.0000
16.6647,1.0000,8.3494,1.2042,0.2202,16.6497,16.6225,15.5772,0.0015,-1.0000
16.6700,1.0000,8.3662,1.0511,0.3165,16.6684,16.7369,15.8857,0.0008,-1.0000
16.6642,1.0000,8.3828,1.2039,0.2882,16.7513,16.6119,15.4264,0.0011,-1.0000
16.6668,1.0000,8.3995,1.3710,0.2531,16.6001,16.6578,15.6724,0.0009,-1.0000
16.6683,1.0000,8.4163,1.0442,0.2469,16.6265,16.6914,15.6238,0.0013,-1.0000
16.6649,1.0000,8.4329,0.8506,0.2801,16.7430,16.6172,15.4178,0.0011,-1.0000
16.6672,1.0000,8.4495,1.1844,0.2355,16.6177,16.6850,15.5040,0.0012,-1.0000
16.6688,1.0000,8.4661,0.9846,0.2179,16.6619,16.6675,15.7443,0.0008,-1.0000
16.6649,1.0000,8.4829,1.0664,0.2611,16.6975,16.6686,15.5499,0.0012,-1.0000
16.6657,1.0000,8.4994,1.1982,0.2585,16.6226,16.6544,15.5767,0.0012,-1.0000
16.6686,1.0000,8.5162,1.1800,0.2590,16.6890,16.6860,15.8312,0.0009,-1.0000
16.6658,1.0000,8.5329,0.9221,0.2606,16.6735,16.6646,15.4826,0.0013,-1.0000
16.6668,1.0000,8.5496,1.1176,0.2404,16.6736,16.6960,15.5167,0.0011,-1.0000
16.6687,1.0000,8.5662,1.0765,0.2001,16.6580,16.6569,15.6530,0.0008,-1.0000
16.6652,1.0000,8.5829,0.8540,0.2579,16.6911,16.6339,15.6061,0.0009,-1.0000
16.6671,1.0000,8.5998,1.1808,0.2525,16.6702,16.9014,15.5504,0.0011,-1.0000
16.6680,1.0000,8.6163,1.1783,0.2342,16.7012,16.4306,15.3602,0.0010,-1.0000
16.6650,1.0000,8.6328,1.0028,0.2414,16.6627,16.6344,15.4691,0.0009,-1.0000
16.6664,1.0000,8.6495,1.0265,0.2764,16.6398,16.6904,15.6847,0.0011,-1.0000
16.6676,1.0000,8.6666,1.3497,0.2954,16.9069,17.1302,15.7463,0.0008,-1.0000
16.6682,1.0000,8.6832,1.0692,0.2458,16.4367,16.2557,15.1153,0.0009,-1.0000
16.6648,1.0000,8.6995,1.1643,0.2578,16.6402,16.5798,15.0352,0.0013,-1.0000
16.6686,1.0000,8.7162,1.0046,0.2585,16.6948,16.6847,15.5688,0.0010,-1.0000
16.6688,1.0000,8.7330,1.3832,0.2617,17.1352,16.6726,15.4327,0.0010,-1.0000
16.6632,1.0000,8.7495,1.1395,0.2819,16.2616,16.6231,15.4133,0.0010,-1.0000
16.6662,1.0000,8.7661,1.5433,0.2536,16.5847,16.6615,15.5995,0.0009,-1.0000
16.6693,1.0000,8.7830,1.1147,0.2554,16.6901,16.7070,15.7654,0.0014,-1.0000
16.6652,1.0000,8.7995,1.2390,0.2685,16.6794,16.6289,15.3096,0.0011,-1.0000
16.6653,1.0000,8.8160,1.2085,0.2535,16.6291,16.6119,15.6016,0.0015,-1.0000
16.6695,1.0000,8.8330,1.0613,0.3000,16.6662,16.8253,15.9273,0.0007,-1.0000
16.6669,1.0000,8.8498,0.9406,0.2601,16.7124,16.6402,15.2648,0.0011,-1.0000
16.6650,1.0000,8.8665,1.3183,0.2508,16.6340,16.9605,15.1949,0.0012,-1.0000
16.6690,1.0000,8.8829,1.0090,0.2515,16.6154,16.2569,15.2822,0.0011,-1.0000
16.6667,1.0000,8.8996,0.8970,0.2932,16.8303,16.7249,15.4322,0.0010,-1.0000
16.6650,1.0000,8.9166,1.3741,0.2706,16.6469,16.9985,15.0956,0.0011,-1.0000
16.6659,1.0000,8.9328,1.7646,0.2462,16.9653,16.2443,15.2322,0.0011,-1.0000
16.6699,1.0000,8.9496,0.9737,0.2742,16.2625,16.7017,15.5832,0.0009,-1.0000
16.6646,1.0000,8.9661,1.2915,0.2938,16.7312,16.6325,15.4367,0.0009,-1.0000
16.6659,1.0000,8.9828,1.9019,0.2430,17.0036,16.6517,15.7408,0.0009,-1.0000
16.6693,1.0000,8.9996,1.0111,0.2196,16.2484,16.6860,15.7726,0.0008,-1.0000
16.6641,1.0000,9.0162,1.1173,0.2522,16.7074,16.6636,15.4056,0.0010,-1.0000
16.6671,1.0000,9.0328,1.1954,0.2369,16.6393,16.6187,15.6276,0.0010,-1.0000
16.6664,1.0000,9.0495,0.9101,0.2328,16.6562,16.6727,15.7654,0.0009,-1.0000
16.6666,1.0000,9.0660,0.9125,0.2612,16.6924,16.6915,15.6257,0.0008,-1.0000
16.6699,1.0000,9.0829,1.2569,0.2276,16.6693,16.6185,15.8189,0.0009,-1.0000
16.6648,1.0000,9.0995,0.9900,0.2330,16.6239,16.6483,15.4082,0.0012,-1.0000
16.6657,1.0000,9.1161,0.9066,0.2173,16.6773,16.6542,15.6375,0.0010,-1.0000
16.6681,1.0000,9.1328,1.0648,0.2148,16.6948,16.6835,15.7493,0.0011,-1.0000
16.6664,1.0000,9.1497,0.7984,0.2725,16.6246,16.8917,15.5546,0.0010,-1.0000
16.6666,1.0000,9.1661,1.2389,0.2579,16.6551,16.4529,15.4451,0.0011,-1.0000
16.6679,1.0000,9.1830,1.0157,0.2035,16.6579,16.6800,15.6583,0.0014,-1.0000
16.6697,1.0000,9.1997,0.9326,0.2823,16.6878,16.6835,15.5163,0.0010,-1.0000
16.6660,1.0000,9.2163,1.3358,0.2449,16.8961,16.6030,15.2229,0.0012,-1.0000
16.6666,1.0000,9.2329,1.0067,0.2412,16.4573,16.6568,15.2492,0.0013,-1.0000
16.6670,1.0000,9.2496,1.0204,0.2515,16.6852,16.6521,15.3047,0.0011,-1.0000
16.6653,1.0000,9.2661,1.1659,0.2930,16.6919,16.6754,15.3430,0.0011,-1.0000
16.6663,1.0000,9.2829,1.3788,0.3054,16.6122,16.6380,15.6416,0.0007,-1.0000
16.6655,1.0000,9.2994,1.4062,0.3375,16.6650,16.6526,15.4989,0.0009,-1.0000
16.6669,1.0000,9.3161,1.3461,0.2916,16.6599,16.6668,15.7163,0.0008,-1.0000
16.6685,1.0000,9.3329,1.3311,0.2535,16.6816,16.6645,15.6886,0.0009,-1.0000
16.6648,1.0000,9.3496,0.9958,0.2535,16.6436,16.6572,15.4667,0.0012,-1.0000
16.6663,1.0000,9.3660,1.1529,0.2779,16.6581,16.6558,15.5766,0.0009,-1.0000
16.6664,1.0000,9.3828,0.9497,0.2878,16.6712,16.6672,15.8955,0.0009,-1.0000
16.6675,1.0000,9.3995,0.9749,0.2732,16.6711,16.6893,15.7471,0.0009,-1.0000
16.6665,1.0000,9.4161,1.1894,0.2306,16.6635,16.6368,15.7211,0.0009,-1.0000
16.6671,1.0000,9.4328,1.0784,0.2006,16.6593,16.6593,15.7153,0.0007,-1.0000
16.6659,1.0000,9.4494,0.7710,0.2128,16.6717,16.7003,15.6890,0.0010,-1.0000
16.6672,1.0000,9.4660,0.9414,0.2413,16.6935,16.6233,15.7600,0.0012,-1.0000
16.6663,1.0000,9.4827,0.9148,0.2143,16.6422,16.6569,15.8167,0.0008,-1.0000
16.6672,1.0000,9.4995,0.9431,0.2364,16.6644,16.7171,15.8845,0.0009,-1.0000
16.6672,1.0000,9.5161,1.0105,0.2465,16.7048,16.6132,15.5473,0.0009,-1.0000
16.6655,1.0000,9.5327,0.8623,0.2351,16.6285,16.6526,15.6252,0.0011,-1.0000
16.6680,1.0000,9.5495,0.8397,0.2196,16.6605,16.7156,15.8833,0.0008,-1.0000
16.6657,1.0000,9.5660,0.8318,0.2846,16.7231,16.6106,15.5717,0.0008,-1.0000
16.6669,1.0000,9.5827,1.0649,0.2339,16.6182,16.6614,15.9137,0.0009,-1.0000
16.6670,1.0000,9.5994,1.0265,0.2201,16.6565,16.6690,15.8168,0.0009,-1.0000
16.6662,1.0000,9.6161,0.8317,0.2371,16.7207,16.6938,15.7575,0.0009,-1.0000
16.6680,1.0000,9.6329,1.0379,0.2264,16.6154,16.6946,15.7382,0.0011,-1.0000
16.6655,1.0000,9.6495,0.7466,0.2184,16.6661,16.6382,15.6136,0.0008,-1.0000
16.6672,1.0000,9.6661,0.8516,0.2324,16.6734,16.6677,15.7864,0.0010,-1.0000
16.6663,1.0000,9.6829,0.9354,0.2106,16.6979,16.6825,15.7061,0.0010,-1.0000
16.6669,1.0000,9.6995,0.9554,0.2801,16.6990,16.6283,15.5742,0.0008,-1.0000
16.6676,1.0000,9.7161,1.0237,0.2208,16.6414,16.6640,15.7959,0.0011,-1.0000
16.6687,1.0000,9.7330,0.8803,0.2233,16.6720,16.7716,15.6592,0.0008,-1.0000
16.6652,1.0000,9.7495,0.9754,0.2496,16.6872,16.5603,15.2050,0.0014,-1.0000
16.6674,1.0000,9.7661,1.0533,0.1866,16.6316,16.6760,15.5830,0.0010,-1.0000
16.6645,1.0000,9.7828,0.8669,0.2307,16.6686,16.6572,15.6356,0.0009,-1.0000
16.6679,1.0000,9.7995,1.1118,0.3121,16.7775,16.6158,15.7897,0.0010,-1.0000
16.6660,1.0000,9.8161,1.3540,0.2793,16.5667,16.7026,15.7029,0.0011,-1.0000
16.6663,1.0000,9.8327,1.0918,0.2436,16.6812,16.6478,15.7231,0.0009,-1.0000
16.6716,1.0000,9.8496,1.0206,0.2107,16.6612,16.6704,15.9445,0.0009,-1.0000
16.6635,1.0000,9.8661,0.8247,0.2123,16.6197,16.6637,15.3050,0.0012,-1.0000
16.6654,1.0000,9.8829,0.9990,0.2596,16.7068,16.7171,15.5374,0.0010,-1.0000
16.6683,1.0000,9.8996,0.9237,0.1908,16.6509,16.6808,15.6031,0.0011,-1.0000
16.6675,1.0000,9.9162,0.7249,0.2902,16.6764,16.5901,15.5030,0.0011,-1.0000
16.6663,1.0000,9.9329,1.3576,0.3092,16.6705,16.6633,15.4386,0.0009,-1.0000
16.6683,1.0000,9.9502,1.1791,0.2076,16.7218,16.6846,15.4463,0.0013,-1.0000
16.6667,1.0000,9.9662,1.0765,0.2376,16.6864,16.6325,14.7761,0.0012,-1.0000
16.6699,1.0000,9.9832,1.0860,0.3148,16.5959,16.8353,15.5372,0.0011,-1.0000
16.6654,0.0000,10.0032,1.2238,0.2493,16.6696,19.9594,14.9387,0.0018,-1.0000
16.6660,0.0000,10.0163,1.2373,0.2825,16.6934,13.1670,11.6220,0.0017,-1.0000
16.6674,0.0000,10.0329,1.8549,0.2718,16.6402,16.6347,15.3406,0.0014,-1.0000
16.6666,0.0000,10.0496,1.2963,0.3007,16.8440,16.7416,15.4095,0.0011,-1.0000
16.6664,0.0000,10.0661,5.0189,0.3593,19.9700,16.5795,15.3488,0.0009,-1.0000
16.6671,0.0000,10.0829,1.5433,0.2979,13.1766,16.6591,15.5011,0.0010,-1.0000
16.6676,0.0000,10.0997,1.2925,0.2720,16.6436,16.6526,15.4469,0.0011,-1.0000
16.6659,0.0000,10.1162,1.3308,0.3285,16.7505,16.6554,15.1104,0.0013,-1.0000
16.6668,0.0000,10.1329,1.2293,0.2935,16.5890,16.6780,15.3300,0.0013,-1.0000
16.6652,0.0000,10.1495,1.1565,0.3164,16.6678,16.6329,15.4197,0.0011,-1.0000
16.6668,0.0000,10.1661,1.2045,0.3110,16.6617,16.6471,15.5087,0.0011,-1.0000
16.6692,0.0000,10.1829,1.5435,0.2824,16.6635,16.6676,15.6249,0.0010,-1.0000
16.6645,0.0000,10.1995,1.3463,0.6866,16.6862,16.6474,15.4195,0.0013,-1.0000
16.6644,0.0000,10.2161,1.2122,0.2991,16.6408,16.6521,15.4426,0.0011,-1.0000
16.6677,0.0000,10.2328,1.1371,0.2980,16.6539,16.6677,15.7994,0.0012,-1.0000
16.6667,0.0000,10.2495,1.0414,0.3341,16.6765,16.6621,15.6285,0.0008,-1.0000
16.6653,0.0000,10.2660,1.2264,0.2770,16.6562,16.6542,15.4740,0.0010,-1.0000
16.6692,0.0000,10.2828,1.2084,0.2388,16.6564,16.6719,15.9112,0.0007,-1.0000
16.6651,0.0000,10.2994,0.8668,0.2567,16.6726,16.6565,15.5860,0.0011,-1.0000
16.6679,0.0000,10.3161,1.0326,0.2957,16.6676,16.7066,15.7008,0.0010,-1.0000
16.6685,0.0000,10.3328,1.1794,0.2500,16.6582,16.6287,15.5288,0.0008,-1.0000
16.6643,0.0000,10.3494,0.7599,0.2507,16.6772,16.6480,15.5961,0.0010,-1.0000
16.6659,0.0000,10.3660,1.0696,0.2924,16.6610,16.6573,15.7274,0.0009,-1.0000
16.6677,0.0000,10.3827,1.0047,0.2512,16.7121,16.6664,15.9311,0.0010,-1.0000
16.6655,0.0000,10.3994,1.0992,0.2614,16.6352,16.6614,15.7525,0.0008,-1.0000
16.6671,0.0000,10.4161,1.0509,0.2376,16.6539,16.6552,15.9038,0.0009,-1.0000
16.6688,0.0000,10.4328,0.9287,0.2356,16.6610,16.6709,15.8422,0.0008,-1.0000
16.6648,0.0000,10.4494,0.7343,0.2244,16.6712,16.6520,15.5603,0.0013,-1.0000
16.6689,0.0000,10.4661,0.9085,0.2094,16.6674,16.6735,15.8831,0.0009,-1.0000
16.6684,0.0000,10.4829,0.7505,0.2002,16.6634,16.6648,15.6607,0.0010,-1.0000
16.6649,0.0000,10.4995,0.8279,0.2645,16.6768,16.6528,15.4696,0.0012,-1.0000
16.6646,0.0000,10.5160,1.0904,0.2201,16.6561,16.6520,15.5509,0.0011,-1.0000
16.6705,0.0000,10.5329,0.7893,0.2607,16.6794,16.6752,15.9250,0.0011,-1.0000
16.6650,0.0000,10.5495,1.0028,0.2789,16.6720,16.6536,15.4303,0.0011,-1.0000
16.6673,0.0000,10.5661,1.1818,0.2626,16.6597,16.6854,15.6926,0.0010,-1.0000
16.6653,0.0000,10.5828,1.1000,0.2560,16.6566,16.6321,15.6957,0.0007,-1.0000
16.6673,0.0000,10.5995,0.7488,0.2811,16.6822,16.6615,15.7436,0.0007,-1.0000
16.6669,0.0000,10.6161,1.2217,0.2412,16.6610,16.6635,15.6702,0.0008,-1.0000
16.6660,0.0000,10.6327,0.9916,0.2491,16.6914,16.6587,15.6366,0.0011,-1.0000
16.6688,0.0000,10.6495,0.9358,0.2261,16.6381,16.6682,15.7864,0.0008,-1.0000
16.6653,0.0000,10.6661,0.9173,0.2309,16.6667,16.6566,15.5411,0.0011,-1.0000
16.6675,0.0000,10.6828,0.9923,0.2323,16.6690,16.6618,15.6617,0.0012,-1.0000
16.6673,0.0000,10.6995,1.0209,0.2270,16.6642,16.6599,15.4017,0.0011,-1.0000
16.6657,0.0000,10.7161,0.8812,0.2826,16.6742,16.6588,15.5173,0.0014,-1.0000
16.6664,0.0000,10.7328,1.1143,0.2613,16.6629,16.6604,15.6407,0.0011,-1.0000
16.6683,0.0000,10.7495,0.9990,0.2689,16.6692,16.6618,15.5411,0.0009,-1.0000
16.6661,0.0000,10.7661,1.2567,0.2536,16.6667,16.6577,15.5647,0.0009,-1.0000
16.6675,0.0000,10.7829,1.1402,0.2827,16.6654,16.6652,15.5744,0.0009,-1.0000
16.6661,0.0000,10.7995,1.0186,0.2868,16.6673,16.6566,15.5108,0.0012,-1.0000
16.6668,0.0000,10.8161,1.1193,0.2654,16.6682,16.6613,15.6150,0.0011,-1.0000
16.6644,0.0000,10.8327,1.0918,0.2461,16.6644,16.6512,15.5095,0.0010,-1.0000
16.6668,0.0000,10.8493,1.0899,0.2756,16.6712,16.6625,16.0063,0.0009,-1.0000
16.6681,0.0000,10.8661,1.1446,0.2375,16.6619,16.6705,15.8680,0.0007,-1.0000
16.6665,0.0000,10.8828,1.0451,0.2515,16.6680,16.6624,15.6522,0.0009,-1.0000
16.6671,0.0000,10.8994,1.1409,0.2143,16.6556,16.6594,15.7771,0.0007,-1.0000
16.6675,0.0000,10.9161,0.6556,0.2314,16.6662,16.6658,15.7147,0.0006,-1.0000
16.6655,0.0000,10.9328,0.8017,0.2767,16.6758,16.6538,15.6511,0.0006,-1.0000
16.6673,0.0000,10.9495,1.0093,0.2261,16.6677,16.6652,15.6931,0.0010,-1.0000
16.6673,0.0000,10.9660,0.8813,0.2411,16.6644,16.6610,15.5488,0.0010,-1.0000
16.6661,0.0000,10.9828,0.9504,0.2359,16.6717,16.6588,15.8021,0.0006,-1.0000
16.6669,0.0000,10.9994,1.0020,0.2344,16.6593,16.6615,15.7599,0.0006,-1.0000
16.6669,0.0000,11.0161,0.9711,0.2306,16.6707,16.6635,15.7817,0.0006,-1.0000
16.6669,0.0000,11.0328,1.1111,0.2371,16.6669,16.6616,15.6573,0.0007,-1.0000
16.6667,0.0000,11.0494,0.8558,0.2308,16.6643,16.6628,15.6707,0.0011,-1.0000
16.6671,0.0000,11.0660,0.9010,0.2676,16.6665,16.6602,15.7010,0.0008,-1.0000
16.6659,0.0000,11.0828,0.8811,0.2305,16.6688,16.6592,15.7708,0.0008,-1.0000
16.6674,0.0000,11.0995,1.0036,0.2322,16.6671,16.6652,15.7643,0.0008,-1.0000
16.6678,0.0000,11.1162,0.9913,0.2388,16.6684,16.6607,15.6036,0.0010,-1.0000
16.6657,0.0000,11.1328,0.9582,0.2535,16.6659,16.6567,15.3744,0.0011,-1.0000
16.6684,0.0000,11.1495,0.8873,0.2410,16.6640,16.6656,15.7435,0.0008,-1.0000
16.6656,0.0000,11.1660,0.9000,0.2632,16.6704,16.6574,15.6268,0.0008,-1.0000
16.6666,0.0000,11.1828,1.0561,0.2682,16.6679,16.6606,15.8053,0.0005,-1.0000
16.6659,0.0000,11.1995,1.2810,0.2319,16.6627,16.6578,15.6681,0.0009,-1.0000
16.6675,0.0000,11.2161,0.9212,0.2468,16.6721,16.6635,15.6790,0.0007,-1.0000
16.6664,0.0000,11.2328,1.0296,0.2346,16.6637,16.6626,15.7099,0.0008,-1.0000
16.6662,0.0000,11.2494,0.8546,0.2305,16.6658,16.6596,15.7718,0.0007,-1.0000
16.6668,0.0000,11.2660,0.9888,0.2230,16.6635,16.6629,15.7816,0.0007,-1.0000
16.6684,0.0000,11.2828,0.9839,0.2371,16.6684,16.6675,15.7833,0.0008,-1.0000
16.6670,0.0000,11.2995,0.9520,0.2288,16.6674,16.6607,15.5732,0.0008,-1.0000
16.6663,0.0000,11.3161,0.8869,0.2237,16.6643,16.6595,15.6569,0.0008,-1.0000
16.6667,0.0000,11.3328,0.8806,0.2741,16.6672,16.6600,15.6895,0.0009,-1.0000
16.6683,0.0000,11.3495,0.8833,0.2573,16.6734,16.6666,15.5801,0.0009,-1.0000
16.6653,0.0000,11.3661,1.0865,0.2428,16.6669,16.6549,15.4764,0.0011,-1.0000
16.6663,0.0000,11.3828,1.0016,0.2330,16.6647,16.6603,15.6548,0.0009,-1.0000
16.6663,0.0000,11.3994,0.9696,0.2509,16.6653,16.6572,15.6552,0.0008,-1.0000
16.6665,0.0000,11.4161,1.0857,0.3440,16.6731,16.6612,15.7313,0.0007,-1.0000
16.6667,0.0000,11.4328,1.1772,0.2414,16.6617,16.6622,15.7649,0.0010,-1.0000
16.6679,0.0000,11.4495,1.0045,0.2325,16.6664,16.6681,15.5726,0.0008,-1.0000
16.6670,0.0000,11.4660,1.0013,0.2362,16.6624,16.6596,15.6127,0.0008,-1.0000
16.6659,0.0000,11.4828,0.9291,0.2643,16.6663,16.6585,15.7686,0.0008,-1.0000
16.6677,0.0000,11.4995,0.8960,0.2432,16.6666,16.6651,15.7248,0.0008,-1.0000
16.6655,0.0000,11.5161,1.0945,0.2384,16.6730,16.6584,15.6774,0.0009,-1.0000
16.6664,0.0000,11.5328,1.0458,0.2722,16.6657,16.6603,15.7181,0.0007,-1.0000
16.6669,0.0000,11.5494,0.8888,0.2724,16.6634,16.6628,15.6832,0.0007,-1.0000
16.6668,0.0000,11.5660,0.9391,0.2638,16.6700,16.6617,15.7808,0.0006,-1.0000
16.6691,0.0000,11.5829,0.9799,0.2338,16.6633,16.6708,15.8462,0.0006,-1.0000
16.6659,0.0000,11.5995,0.9415,0.2274,16.6651,16.6532,15.5197,0.0010,-1.0000
16.6666,0.0000,11.6162,0.9791,0.2174,16.6674,16.6642,15.3813,0.0010,-1.0000
16.6664,0.0000,11.6329,0.8803,0.2221,16.6672,16.6557,15.4631,0.0010,-1.0000
16.6683,0.0000,11.6495,0.8242,0.2510,16.6775,16.6654,15.5109,0.0010,-1.0000
16.6650,0.0000,11.6661,1.1324,0.2878,16.6602,16.6559,15.4817,0.0009,-1.0000
16.6675,0.0000,11.6828,1.2818,0.2701,16.6707,16.6607,15.5817,0.0010,-1.0000
16.6671,0.0000,11.6995,1.1916,0.2793,16.6617,16.6647,15.5291,0.0009,-1.0000
16.6674,0.0000,11.7162,1.1531,0.2830,16.6720,16.6614,15.4569,0.0008,-1.0000
16.6670,0.0000,11.7329,1.1731,0.2852,16.6625,16.6585,15.5497,0.0009,-1.0000
16.6669,0.0000,11.7496,1.0778,0.3087,16.6666,16.6617,15.4356,0.0012,-1.0000
16.6660,0.0000,11.7661,1.1347,0.2872,16.6708,16.6557,15.4176,0.0009,-1.0000
16.6651,0.0000,11.7828,1.2039,0.2734,16.6678,16.6575,15.5878,0.0011,-1.0000
16.6675,0.0000,11.7995,1.1076,0.4436,16.6659,16.6632,15.6696,0.0007,-1.0000
16.6665,0.0000,11.8161,1.2250,0.2590,16.6689,16.6606,15.6701,0.0008,-1.0000
16.6663,0.0000,11.8328,1.2369,0.3405,16.6621,16.6613,15.7566,0.0008,-1.0000
16.6684,0.0000,11.8495,1.0687,0.2404,16.6624,16.6647,15.7703,0.0007,-1.0000
16.6673,0.0000,11.8661,0.9927,0.2431,16.6685,16.6644,15.4681,0.0011,-1.0000
16.6658,0.0000,11.8828,0.9894,0.2368,16.6662,16.6564,15.5723,0.0009,-1.0000
16.6660,0.0000,11.8994,0.9039,0.2282,16.6656,16.6596,15.6596,0.0006,-1.0000
16.6687,0.0000,11.9162,0.8935,0.2686,16.6706,16.6662,15.7256,0.0008,-1.0000
16.6646,0.0000,11.9328,1.1951,0.2899,16.6719,16.6509,15.6139,0.0009,-1.0000
16.6671,0.0000,11.9495,1.0831,0.2346,16.6623,16.6645,15.6850,0.0008,-1.0000
16.6664,0.0000,11.9660,0.9990,0.2453,16.6653,16.6604,15.6574,0.0008,-1.0000
16.6677,0.0000,11.9828,0.9399,0.2498,16.6721,16.6619,15.8505,0.0007,-1.0000
16.6665,0.0000,11.9995,1.0360,0.2499,16.6576,16.6625,15.7074,0.0008,-1.0000
16.6657,0.0000,12.0161,0.9786,0.2385,16.6691,16.6584,15.5573,0.0010,-1.0000
16.6695,0.0000,12.0329,1.0022,0.2319,16.6661,16.6705,15.6893,0.0008,-1.0000
16.6671,0.0000,12.0495,0.8105,0.2402,16.6670,16.6574,15.3490,0.0011,-1.0000
16.6654,0.0000,12.0661,0.9542,0.2454,16.6681,16.6559,15.5766,0.0010,-1.0000
16.6659,0.0000,12.0828,1.1001,0.2335,16.6632,16.6602,15.6890,0.0007,-1.0000
16.6693,0.0000,12.0995,0.9803,0.3280,16.6772,16.6653,15.6155,0.0008,-1.0000
16.6656,0.0000,12.1162,1.3074,0.3118,16.6658,16.6573,15.4520,0.0013,-1.0000
16.6659,0.0000,12.1328,1.0781,0.3053,16.6622,16.6643,15.4728,0.0011,-1.0000
16.6682,0.0000,12.1495,0.9702,0.2923,16.6665,16.6583,15.6960,0.0012,-1.0000
16.6668,0.0000,12.1661,1.0490,0.2919,16.6725,16.6582,15.4955,0.0014,-1.0000
16.6667,0.0000,12.1829,1.2038,0.2741,16.6640,16.6612,15.6515,0.0007,-1.0000
16.6665,0.0000,12.1995,1.1904,0.2442,16.6704,16.6568,15.3570,0.0010,-1.0000
16.6666,0.0000,12.2162,0.9610,0.2545,16.6653,16.6605,15.5109,0.0009,-1.0000
16.6672,0.0000,12.2329,1.1614,0.2854,16.6652,16.6636,15.5850,0.0011,-1.0000
16.6671,0.0000,12.2496,1.0089,0.2868,16.6674,16.6598,15.5274,0.0009,-1.0000
16.6669,0.0000,12.2661,1.2988,0.2720,16.6639,16.6596,15.5287,0.0012,-1.0000
16.6660,0.0000,12.2829,1.1486,0.3025,16.6668,16.6577,15.5893,0.0008,-1.0000
16.6670,0.0000,12.2995,1.0776,0.2649,16.6701,16.6591,15.4443,0.0009,-1.0000
16.6671,0.0000,12.3161,1.1312,0.3200,16.6678,16.6620,15.6423,0.0007,-1.0000
16.6677,0.0000,12.3329,1.1299,0.2560,16.6670,16.6650,15.6125,0.0009,-1.0000
16.6669,0.0000,12.3496,1.0674,0.2951,16.6643,16.6591,15.5748,0.0011,-1.0000
16.6668,0.0000,12.3661,1.2137,0.2419,16.6647,16.6596,15.4229,0.0010,-1.0000
16.6649,0.0000,12.3828,1.0186,0.2770,16.6674,16.6541,15.4877,0.0010,-1.0000
16.6684,0.0000,12.3995,1.0514,0.2712,16.6714,16.6616,15.5834,0.0010,-1.0000
16.6670,0.0000,12.4162,1.0828,0.2694,16.6668,16.6625,15.5027,0.0010,-1.0000
16.6660,0.0000,12.4328,1.2356,0.3168,16.6670,16.6560,15.5496,0.0009,-1.0000
16.6661,0.0000,12.4495,1.1651,0.2946,16.6614,16.6590,15.5200,0.0008,-1.0000
16.6680,0.0000,12.4661,1.0771,0.2924,16.6683,16.6732,15.5450,0.0010,-1.0000
16.6669,0.0000,12.4829,1.1588,0.2808,16.6699,16.6549,15.6201,0.0007,-1.0000
16.6672,0.0000,12.4996,1.1055,0.2864,16.6626,16.6654,15.5064,0.0010,-1.0000
16.6657,0.0000,12.5162,1.1379,0.2444,16.6642,16.6491,15.4223,0.0013,-1.0000
16.6662,0.0000,12.5329,1.1273,0.2499,16.6794,16.6606,15.4484,0.0011,-1.0000
16.6681,0.0000,12.5496,1.0340,0.2710,16.6617,16.6637,15.4918,0.0010,-1.0000
16.6675,0.0000,12.5661,1.1580,0.2542,16.6726,16.6622,15.4543,0.0012,-1.0000
16.6664,0.0000,12.5829,1.2255,0.2985,16.6563,16.6556,15.5207,0.0010,-1.0000
16.6647,0.0000,12.5995,1.2110,0.3163,16.6674,16.6513,15.5286,0.0011,-1.0000
16.6679,0.0000,12.6162,1.1709,0.3093,16.6707,16.6656,15.4736,0.0011,-1.0000
16.6657,0.0000,12.6328,1.2067,0.3057,16.6702,16.6557,15.5111,0.0010,-1.0000
16.6683,0.0000,12.6495,1.1337,0.2929,16.6644,16.6652,15.5941,0.0009,-1.0000
16.6661,0.0000,12.6661,1.1216,0.2743,16.6588,16.6601,15.5273,0.0010,-1.0000
16.6665,0.0000,12.6828,1.1908,0.2521,16.6715,16.6586,15.6770,0.0010,-1.0000
16.6693,0.0000,12.6996,1.1436,0.2568,16.6615,16.6704,15.5022,0.0007,-1.0000
16.6662,0.0000,12.7162,1.0701,0.2852,16.6708,16.6572,15.3682,0.0011,-1.0000
16.6644,0.0000,12.7328,1.1316,0.2592,16.6664,16.6491,15.5209,0.0010,-1.0000
16.6666,0.0000,12.7495,0.9803,0.3313,16.6643,16.6600,15.5727,0.0008,-1.0000
16.6676,0.0000,12.7661,1.1675,0.3126,16.6789,16.6613,15.5808,0.0008,-1.0000
16.6672,0.0000,12.7829,1.2879,0.2683,16.6668,16.6607,15.5732,0.0007,-1.0000
16.6677,0.0000,12.7995,1.1270,0.2651,16.6563,16.6649,15.5951,0.0008,-1.0000
16.6655,0.0000,12.8162,1.0864,0.2657,16.6654,16.6566,15.5825,0.0009,-1.0000
16.6669,0.0000,12.8329,1.0796,0.3126,16.6681,16.6622,15.5506,0.0008,-1.0000
16.6676,0.0000,12.8496,1.0862,0.2726,16.6668,16.6608,15.5438,0.0009,-1.0000
16.6667,0.0000,12.8661,1.0687,0.2552,16.6710,16.6601,15.4178,0.0013,-1.0000
16.6648,0.0000,12.8828,1.0729,0.2668,16.6629,16.6534,15.4685,0.0010,-1.0000
16.6690,0.0000,12.8996,1.1105,0.2712,16.6691,16.6679,15.6049,0.0010,-1.0000
16.6658,0.0000,12.9162,1.1158,0.2823,16.6680,16.6580,15.4118,0.0010,-1.0000
16.6661,0.0000,12.9328,1.2409,0.2814,16.6676,16.6553,15.4648,0.0009,-1.0000
16.6674,0.0000,12.9496,1.1839,0.2687,16.6598,16.6636,15.5826,0.0009,-1.0000
16.6662,0.0000,12.9661,1.0623,0.3034,16.6746,16.6589,15.4981,0.0010,-1.0000
16.6670,0.0000,12.9828,1.2450,0.2788,16.6653,16.6605,15.6430,0.0009,-1.0000
16.6692,0.0000,12.9996,1.1896,0.2512,16.6613,16.6728,15.4579,0.0007,-1.0000
16.6661,0.0000,13.0162,1.0799,0.2970,16.6701,16.6521,15.3951,0.0013,-1.0000
16.6659,0.0000,13.0329,1.1597,0.2548,16.6653,16.6551,15.3020,0.0012,-1.0000
16.6661,0.0000,13.0495,1.0163,0.2935,16.6664,16.6590,15.4928,0.0009,-1.0000
16.6665,0.0000,13.0661,1.2138,0.3125,16.6798,16.6613,15.5935,0.0008,-1.0000
16.6666,0.0000,13.0829,1.2553,0.2978,16.6600,16.6596,15.7112,0.0007,-1.0000
16.6684,0.0000,13.0995,1.3519,0.2580,16.6628,16.6643,15.6029,0.0009,-1.0000
16.6669,0.0000,13.1162,1.1652,0.2695,16.6648,16.6630,15.4947,0.0011,-1.0000
16.6654,0.0000,13.1328,1.0668,0.2448,16.6670,16.6548,15.4436,0.0013,-1.0000
16.6685,0.0000,13.1497,0.9478,0.3173,16.6648,16.6665,15.6300,0.0009,-1.0000
16.6668,0.0000,13.1661,1.0604,0.2836,16.6706,16.6571,15.2621,0.0014,-1.0000
16.6654,0.0000,13.1828,1.1670,0.3515,16.6698,16.6528,15.5660,0.0009,-1.0000
16.6668,0.0000,13.1995,1.2102,0.2488,16.6616,16.6639,15.4921,0.0009,-1.0000
16.6664,0.0000,13.2161,1.0354,0.3542,16.6740,16.6585,15.5412,0.0008,-1.0000
16.6668,0.0000,13.2328,1.3933,0.2719,16.6641,16.6618,15.6025,0.0009,-1.0000
16.6680,0.0000,13.2496,1.0856,0.2780,16.6597,16.6701,15.5582,0.0008,-1.0000
16.6664,0.0000,13.2661,1.1704,0.2657,16.6697,16.6551,15.4724,0.0011,-1.0000
16.6659,0.0000,13.2829,1.1164,0.2594,16.6638,16.6580,15.5838,0.0011,-1.0000
16.6677,0.0000,13.2995,1.0583,0.3151,16.6671,16.6633,15.4345,0.0011,-1.0000
16.6676,0.0000,13.3162,1.1111,0.2653,16.6763,16.6627,15.4283,0.0011,-1.0000
16.6656,0.0000,13.3329,1.1814,0.2896,16.6616,16.6626,15.5696,0.0009,-1.0000
16.6671,0.0000,13.3495,1.0731,0.2680,16.6638,16.6553,15.5334,0.0011,-1.0000
16.6665,0.0000,13.3661,1.2277,0.2577,16.6692,16.6600,15.4644,0.0009,-1.0000
16.6687,0.0000,13.3830,1.2330,0.2598,16.6698,16.6674,15.5151,0.0009,-1.0000
16.6657,0.0000,13.3996,1.0920,0.2569,16.6694,16.6523,15.3352,0.0013,-1.0000
16.6645,0.0000,13.4161,1.1207,0.2683,16.6612,16.6514,15.4464,0.0012,-1.0000
16.6678,0.0000,13.4328,1.1944,0.3017,16.6665,16.6670,15.6706,0.0008,-1.0000
16.6670,0.0000,13.4496,1.1509,0.3195,16.6752,16.6593,15.4633,0.0009,-1.0000
16.6679,0.0000,13.4661,1.3157,0.3116,16.6606,16.6642,15.4141,0.0010,-1.0000
16.6677,0.0000,13.4829,1.2037,0.2594,16.6577,16.6617,15.6007,0.0010,-1.0000
16.6668,0.0000,13.4996,0.9956,0.2658,16.6729,16.6583,15.3789,0.0012,-1.0000
16.6676,0.0000,13.5163,1.1949,0.2957,16.6663,16.6617,15.4672,0.0014,-1.0000
16.6663,0.0000,13.5329,1.2490,0.2738,16.6713,16.6587,15.3104,0.0017,-1.0000
16.6663,0.0000,13.5503,1.0598,0.2922,16.6684,16.6551,15.3952,0.0008,-1.0000
16.6663,0.0000,13.5670,1.2781,0.3031,16.6664,16.6589,14.7857,0.0010,-1.0000
16.6664,0.0000,13.5829,1.1929,0.3828,16.6697,16.6584,14.6699,0.0011,-1.0000
16.6893,0.0000,13.5997,1.3469,0.2709,16.6669,16.6854,15.5850,0.0015,-1.0000
16.6658,0.0000,13.6162,1.2587,0.3534,16.6630,16.6574,15.2601,0.0010,-1.0000
16.6658,0.0000,13.6329,1.8719,0.2745,16.6658,16.6555,15.4307,0.0009,-1.0000
16.6669,0.0000,13.6495,1.9875,0.2644,16.6648,16.6673,15.6387,0.0008,-1.0000
16.6661,0.0000,13.6661,1.0985,0.2978,16.6925,16.6542,15.5771,0.0012,-1.0000
16.6685,0.0000,13.6829,1.3963,0.2532,16.6645,16.6640,15.7337,0.0008,-1.0000
16.6672,0.0000,13.6996,1.2236,0.2479,16.6617,16.6640,15.4753,0.0010,-1.0000
16.6647,0.0000,13.7162,1.0277,0.2511,16.6728,16.6511,15.4444,0.0010,-1.0000
16.6673,0.0000,13.7328,1.0758,0.3120,16.6596,16.6618,15.6961,0.0009,-1.0000
16.6655,0.0000,13.7495,0.9296,0.3156,16.6698,16.6587,15.6638,0.0010,-1.0000
16.6689,0.0000,13.7661,1.1878,0.2525,16.6718,16.6695,15.7094,0.0009,-1.0000
16.6667,0.0000,13.7874,1.2058,0.2382,16.6574,16.6613,15.5472,0.0015,-1.0000
16.6651,0.0000,13.7996,0.9647,0.2395,16.6677,16.6534,10.7560,0.0010,-1.0000
16.6671,0.0000,13.8162,0.9941,0.2759,16.6641,16.6623,15.5678,0.0007,-1.0000
16.6669,0.0000,13.8328,0.9587,0.2750,16.6755,16.6617,15.6714,0.0009,-1.0000
16.6668,0.0000,13.8496,1.1120,0.7166,16.6681,16.6632,15.6397,0.0008,-1.0000
16.6676,0.0000,13.8662,5.8962,0.2873,16.6587,16.6627,15.5525,0.0008,-1.0000
16.6656,0.0000,13.8828,1.0933,0.2875,16.6676,16.6562,15.4911,0.0010,-1.0000
16.6680,0.0000,13.8996,0.9891,0.4983,16.6666,16.6658,15.6947,0.0008,-1.0000
16.6664,0.0000,13.9162,1.0223,0.3934,16.6680,16.6582,15.4980,0.0011,-1.0000
16.6665,0.0000,13.9329,1.1094,0.3013,16.6691,16.6651,15.5690,0.0008,-1.0000
16.6663,0.0000,13.9495,1.1641,0.2855,16.6624,16.6551,15.5017,0.0010,-1.0000
16.6669,0.0000,13.9661,0.9706,0.3683,16.6719,16.6630,15.6044,0.0009,-1.0000
16.6668,0.0000,13.9829,1.1590,0.2993,16.6639,16.6607,15.7860,0.0008,-1.0000
16.6662,0.0000,13.9995,1.0950,0.3241,16.6711,16.6611,15.6814,0.0012,-1.0000
16.6681,0.0000,14.0162,1.1523,0.2944,16.6606,16.6655,15.6835,0.0008,-1.0000
16.6664,0.0000,14.0329,1.0577,0.2434,16.6674,16.6613,15.5195,0.0009,-1.0000
16.6663,0.0000,14.0495,0.8739,0.2512,16.6658,16.6586,15.5645,0.0009,-1.0000
16.6675,0.0000,14.0661,0.9789,0.2495,16.6663,16.6633,15.6774,0.0011,-1.0000
16.6664,0.0000,14.0828,0.9810,0.3324,16.6707,16.6594,15.7202,0.0008,-1.0000
16.6666,0.0000,14.0995,1.1407,0.3138,16.6671,16.6627,15.7049,0.0007,-1.0000
16.6671,0.0000,14.1162,1.0932,0.2568,16.6640,16.6617,15.5898,0.0007,-1.0000
16.6661,0.0000,14.1328,0.9842,0.2713,16.6685,16.6553,15.5140,0.0012,-1.0000
16.6687,0.0000,14.1496,0.9382,0.2421,16.6645,16.6684,15.6870,0.0009,-1.0000
16.6668,0.0000,14.1662,0.9570,0.2638,16.6676,16.6603,15.3979,0.0013,-1.0000
16.6664,0.0000,14.1830,1.0711,0.3142,16.6696,16.6564,15.6009,0.0008,-1.0000
16.6659,0.0000,14.1996,1.1399,0.2541,16.6618,16.6578,15.4445,0.0015,-1.0000
16.6666,0.0000,14.2162,0.9802,0.3358,16.6749,16.6599,15.5724,0.0010,-1.0000
16.6675,0.0000,14.2329,1.2610,0.2794,16.6679,16.6618,15.6604,0.0009,-1.0000
16.6686,0.0000,14.2496,1.0547,0.2702,16.6635,16.6683,15.4915,0.0015,-1.0000
16.6662,0.0000,14.2662,1.2115,0.2600,16.6635,16.6568,15.3692,0.0010,-1.0000
16.6652,0.0000,14.2829,1.0865,0.2484,16.6661,16.6564,15.5038,0.0010,-1.0000
16.6684,0.0000,14.2996,1.0005,0.2737,16.6682,16.6632,15.5115,0.0009,-1.0000
16.6666,0.0000,14.3163,1.1754,0.2858,16.6747,16.6586,15.5463,0.0010,-1.0000
16.6675,0.0000,14.3329,1.2867,0.2995,16.6642,16.6641,15.4886,0.0009,-1.0000
16.6679,0.0000,14.3497,1.1514,0.2759,16.6625,16.6596,15.3521,0.0009,-1.0000
16.6661,0.0000,14.3662,1.1507,0.2725,16.6705,16.6588,15.1495,0.0015,-1.0000
16.6657,0.0000,14.3829,1.1112,0.2815,16.6654,16.6554,15.4123,0.0013,-1.0000
16.6664,0.0000,14.4021,1.1745,0.3102,16.6714,16.6561,15.4392,0.0011,-1.0000
16.6661,0.0000,14.4163,1.3065,0.3940,16.6673,16.6589,12.8435,0.0012,-1.0000
16.6666,0.0000,14.4329,1.5077,0.3474,16.6677,16.6597,15.5035,0.0009,-1.0000
16.6690,0.0000,14.4497,1.2419,0.3613,16.6643,16.6673,15.5277,0.0011,-1.0000
16.6668,0.0000,14.4663,1.2156,0.4202,16.6628,16.6585,15.2488,0.0011,-1.0000
16.6669,0.0000,14.4830,3.8141,0.4290,16.6652,16.6573,15.2735,0.0012,-1.0000
16.6665,0.0000,14.4996,1.1554,0.6550,16.6652,16.6595,15.4137,0.0011,-1.0000
16.6655,0.0000,14.5163,1.1384,0.3495,16.6747,16.6559,15.3504,0.0009,-1.0000
16.6668,0.0000,14.5329,1.4085,0.4368,16.6668,16.6601,15.4400,0.0012,-1.0000
16.6686,0.0000,14.5496,1.3825,0.3411,16.6656,16.6666,15.5070,0.0008,-1.0000
16.6660,0.0000,14.5662,1.2447,0.3160,16.6673,16.6584,15.4787,0.0012,-1.0000
16.6652,0.0000,14.5829,1.3046,0.3410,16.6621,16.6549,15.5629,0.0009,-1.0000
16.6680,0.0000,14.5996,1.2189,0.3376,16.6653,16.6646,15.5607,0.0009,-1.0000
16.6666,0.0000,14.6163,1.1587,0.3067,16.6730,16.6592,15.4309,0.0009,-1.0000
16.6669,0.0000,14.6329,1.1785,0.3885,16.6654,16.6614,15.3919,0.0009,-1.0000
16.6677,0.0000,14.6496,1.0911,0.2644,16.6614,16.6587,15.5740,0.0008,-1.0000
16.6657,0.0000,14.6661,1.1029,0.3688,16.6712,16.6583,15.5705,0.0006,-1.0000
16.6670,0.0000,14.6829,1.2274,0.2791,16.6663,16.6622,15.6870,0.0008,-1.0000
16.6687,0.0000,14.6996,1.2685,0.2921,16.6686,16.6644,15.4543,0.0012,-1.0000
16.6643,0.0000,14.7162,1.0836,0.2890,16.6650,16.6540,15.4343,0.0009,-1.0000
16.6671,0.0000,14.7329,1.0869,0.2670,16.6639,16.6619,15.5639,0.0009,-1.0000
16.6677,0.0000,14.7496,0.9742,0.3193,16.6684,16.6635,15.5303,0.0010,-1.0000
16.6653,0.0000,14.7661,1.2089,0.3456,16.6717,16.6530,15.4785,0.0012,-1.0000
16.6672,0.0000,14.7829,1.2187,0.2759,16.6612,16.6619,15.5411,0.0008,-1.0000
16.6671,0.0000,14.7996,1.0965,0.2877,16.6680,16.6707,15.4990,0.0012,-1.0000
16.6686,0.0000,14.8163,1.1320,0.3079,16.6706,16.6573,15.4839,0.0010,-1.0000
16.6662,0.0000,14.8330,1.1730,0.2997,16.6600,16.6581,15.2707,0.0012,-1.0000
16.6660,0.0000,14.8497,1.1201,0.2732,16.6678,16.6529,15.1686,0.0013,-1.0000
16.6657,0.0000,14.8662,1.1705,0.4207,16.6771,16.6590,15.3362,0.0010,-1.0000
16.6672,0.0000,14.8829,1.1721,0.3082,16.6647,16.6615,15.5064,0.0008,-1.0000
16.6680,0.0000,14.8996,1.3860,0.3058,16.6664,16.6633,15.5019,0.0010,-1.0000
16.6662,0.0000,14.9163,1.4832,0.4407,16.6604,16.6588,15.4798,0.0011,-1.0000
16.6661,0.0000,14.9330,1.3216,0.2832,16.6655,16.6527,15.4117,0.0010,-1.0000
16.6672,0.0000,14.9496,1.1542,0.2598,16.6679,16.6653,15.3706,0.0009,-1.0000
16.6661,0.0000,14.9661,1.1602,0.2906,16.6711,16.6545,15.4961,0.0009,-1.0000
16.6677,0.0000,14.9830,1.1778,0.3177,16.6684,16.6650,15.6556,0.0009,-1.0000
16.6672,0.0000,14.9997,1.2396,0.3106,16.6597,16.6634,15.3950,0.0012,-1.0000
16.6670,0.0000,15.0163,1.2937,0.2841,16.6716,16.6555,15.4166,0.0010,-1.0000
16.6647,0.0000,15.0329,1.1575,0.2492,16.6609,16.6547,15.3894,0.0010,-1.0000
16.6674,0.0000,15.0496,1.0085,0.3124,16.6717,16.6612,15.5024,0.0011,-1.0000
16.6693,0.0000,15.0662,1.2672,0.2988,16.6708,16.6686,15.5938,0.0008,-1.0000
16.6653,0.0000,15.0829,1.2379,0.3098,16.6636,16.6548,15.5257,0.0012,-1.0000
16.6678,0.0000,15.0997,1.2642,0.2876,16.6611,16.6611,15.4442,0.0013,-1.0000
16.6674,0.0000,15.1163,1.1576,0.2881,16.6677,16.6606,15.0057,0.0016,-1.0000
16.6658,0.0000,15.1330,1.0737,0.3006,16.6762,16.6541,15.2073,0.0011,-1.0000
16.6671,0.0000,15.1496,1.1281,0.3219,16.6625,16.6620,15.3767,0.0015,-1.0000
16.6716,0.0000,15.1663,1.2156,0.3446,16.6685,16.6767,15.3816,0.0012,-1.0000
16.6621,0.0000,15.1839,1.6531,0.5171,16.6689,16.6373,15.3904,0.0013,-1.0000
16.6667,0.0000,15.1997,1.4456,0.3483,16.6625,16.6597,14.3065,0.0012,-1.0000
16.6668,0.0000,15.2163,1.2838,0.3819,16.6687,16.6583,15.0937,0.0011,-1.0000
16.6672,0.0000,15.2329,1.2935,0.3162,16.6883,16.6602,15.5071,0.0013,-1.0000
16.6652,0.0000,15.2498,1.2454,0.5651,16.6449,16.6547,15.4175,0.0012,-1.0000
16.6669,0.0000,15.2663,2.3517,0.3763,16.6670,16.6601,15.1989,0.0013,-1.0000
16.6663,0.0000,15.2830,1.5634,0.3391,16.6663,16.6583,15.2461,0.0011,-1.0000
16.6687,0.0000,15.2996,1.1519,0.3562,16.6677,16.6691,15.4356,0.0011,-1.0000
16.6669,0.0000,15.3163,1.2362,0.4247,16.6617,16.6576,15.4556,0.0010,-1.0000
16.6667,0.0000,15.3330,1.4602,0.4058,16.6666,16.6587,15.0513,0.0012,-1.0000
16.6659,0.0000,15.3496,1.4112,0.3646,16.6641,16.6594,15.4896,0.0010,-1.0000
16.6665,0.0000,15.3662,1.2326,0.3832,16.6758,16.6573,15.3638,0.0013,-1.0000
16.6682,0.0000,15.3829,1.2008,0.4106,16.6654,16.6632,15.4879,0.0009,-1.0000
16.6656,0.0000,15.3996,1.6060,0.3227,16.6661,16.6553,15.3621,0.0009,-1.0000
16.6662,0.0000,15.4162,1.1685,0.3719,16.6662,16.6588,15.5122,0.0010,-1.0000
16.6667,0.0000,15.4329,1.2925,0.2864,16.6645,16.6626,15.6164,0.0009,-1.0000
16.6671,0.0000,15.4496,1.1742,0.3627,16.6712,16.6603,15.5316,0.0009,-1.0000
16.6667,0.0000,15.4661,1.2921,0.2794,16.6617,16.6611,15.5124,0.0008,-1.0000
16.6672,0.0000,15.4829,1.1454,0.2603,16.6649,16.6635,15.6696,0.0008,-1.0000
16.6672,0.0000,15.4996,1.0450,0.2790,16.6680,16.6622,15.5956,0.0008,-1.0000
16.6652,0.0000,15.5162,1.1277,0.2525,16.6658,16.6538,15.4992,0.0013,-1.0000
16.6679,0.0000,15.5330,1.1476,0.2807,16.6666,16.6718,15.6888,0.0007,-1.0000
16.6676,0.0000,15.5496,0.9928,0.2721,16.6695,16.6570,15.4604,0.0010,-1.0000
16.6663,0.0000,15.5661,1.0655,0.2450,16.6682,16.6568,15.3656,0.0012,-1.0000
16.6675,0.0000,15.5830,1.1527,0.2601,16.6592,16.6628,15.6320,0.0008,-1.0000
16.6662,0.0000,15.5996,0.9822,0.2541,16.6784,16.6670,15.3812,0.0009,-1.0000
16.6670,0.0000,15.6163,1.1954,0.2970,16.6640,16.6510,15.3611,0.0010,-1.0000
16.6658,0.0000,15.6329,1.2898,0.3164,16.6639,16.6574,15.4741,0.0013,-1.0000
16.6666,0.0000,15.6495,1.0300,0.2545,16.6692,16.6665,15.6003,0.0008,-1.0000
16.6675,0.0000,15.6661,1.2849,0.3107,16.6741,16.6545,15.6291,0.0007,-1.0000
16.6666,0.0000,15.6829,1.2888,0.2932,16.6584,16.6629,15.7297,0.0007,-1.0000
16.6669,0.0000,15.6996,1.1818,0.2272,16.6645,16.6605,15.5167,0.0009,-1.0000
16.6661,0.0000,15.7162,1.0654,0.2350,16.6726,16.6602,15.5488,0.0011,-1.0000
16.6675,0.0000,15.7329,1.0245,0.2314,16.6600,16.6621,15.6415,0.0008,-1.0000
16.6651,0.0000,15.7495,0.9322,0.2888,16.6685,16.6555,15.6218,0.0009,-1.0000
16.6680,0.0000,15.7661,1.1424,0.2547,16.6667,16.6655,15.7013,0.0006,-1.0000
16.6683,0.0000,15.7830,1.1102,0.2233,16.6663,16.6667,15.6783,0.0010,-1.0000
16.6669,0.0000,15.7996,1.0195,0.2370,16.6681,16.6594,15.4131,0.0011,-1.0000
16.6652,0.0000,15.8162,1.0328,0.2229,16.6602,16.6524,15.4938,0.0009,-1.0000
16.6665,0.0000,15.8328,0.9630,0.2728,16.6708,16.6594,15.6898,0.0007,-1.0000
16.6690,0.0000,15.8496,0.9872,0.2698,16.6738,16.6702,15.7200,0.0007,-1.0000
16.6645,0.0000,15.8662,1.2451,0.2491,16.6674,16.6526,15.3659,0.0010,-1.0000
16.6682,0.0000,15.8829,1.1572,0.2334,16.6593,16.6611,15.6221,0.0007,-1.0000
16.6653,0.0000,15.9017,0.9689,0.2249,16.6653,16.6589,15.7104,0.0008,-1.0000
16.6660,0.0000,15.9162,0.9494,0.2819,16.6764,16.6600,13.4296,0.0011,-1.0000
16.6669,0.0000,15.9328,1.2856,0.2391,16.6596,16.6622,15.6374,0.0011,-1.0000
16.6673,0.0000,15.9496,1.0382,0.3477,16.6665,16.6626,15.5515,0.0007,-1.0000
16.6669,0.0000,15.9661,0.9473,0.4103,16.6639,16.6653,15.4891,0.0008,-1.0000
16.6693,0.0000,15.9830,3.2296,0.2789,16.6655,16.6647,15.7430,0.0007,-1.0000
16.6655,0.0000,15.9996,1.0235,0.3268,16.6668,16.6543,15.3716,0.0014,-1.0000
16.6661,0.0000,16.0163,1.1103,0.2845,16.6684,16.6576,15.3912,0.0011,-1.0000
16.6676,0.0000,16.0330,1.1753,0.2959,16.6711,16.6643,15.4044,0.0010,-1.0000
16.6673,0.0000,16.0496,0.9208,0.3185,16.6717,16.6640,15.3541,0.0009,-1.0000
16.6677,0.0000,16.0662,1.2812,0.3178,16.6612,16.6669,15.2876,0.0012,-1.0000
16.6646,0.0000,16.0829,1.2652,0.4721,16.6634,16.6454,15.4942,0.0010,-1.0000
16.6660,0.0000,16.0995,1.2590,0.3362,16.6704,16.6571,15.4704,0.0011,-1.0000
16.6687,0.0000,16.1163,1.3089,0.3373,16.6720,16.6667,15.5945,0.0009,-1.0000
16.6660,0.0000,16.1329,1.3778,0.3078,16.6752,16.6568,15.4770,0.0012,-1.0000
16.6677,0.0000,16.1496,1.1502,0.2726,16.6527,16.6650,15.5637,0.0013,-1.0000
16.6644,0.0000,16.1661,1.1857,0.2521,16.6632,16.6490,15.4072,0.0012,-1.0000
16.6694,0.0000,16.1829,1.0713,0.2678,16.6735,16.6682,15.6123,0.0008,-1.0000
16.6666,0.0000,16.1996,1.1786,0.2670,16.6633,16.6576,15.4393,0.0011,-1.0000
16.6657,0.0000,16.2162,1.1002,0.2822,16.6726,16.6567,15.4316,0.0010,-1.0000
16.6681,0.0000,16.2329,1.2405,0.2657,16.6568,16.6652,15.6033,0.0006,-1.0000
16.6653,0.0000,16.2496,1.0548,0.2726,16.6753,16.6540,15.5094,0.0011,-1.0000
16.6679,0.0000,16.2661,1.2173,0.2972,16.6652,16.6646,15.5342,0.0011,-1.0000
16.6664,0.0000,16.2829,1.2239,0.2504,16.6632,16.6595,15.4757,0.0010,-1.0000
16.6656,0.0000,16.2995,1.0608,0.2788,16.6721,16.6546,15.4345,0.0010,-1.0000
16.6670,0.0000,16.3162,1.1433,0.2786,16.6606,16.6617,15.6829,0.0007,-1.0000
16.6659,0.0000,16.3328,1.1290,0.2859,16.6715,16.6592,15.6482,0.0009,-1.0000
16.6703,0.0000,16.3497,1.1821,0.2636,16.6665,16.6781,15.7171,0.0008,-1.0000
16.6663,0.0000,16.3662,1.2185,0.2733,16.6616,16.6522,15.1406,0.0013,-1.0000
16.6663,0.0000,16.3829,0.9782,0.2461,16.6675,16.6547,15.2980,0.0011,-1.0000
16.6666,0.0000,16.3996,1.0102,0.2384,16.6646,16.6570,15.4755,0.0011,-1.0000
16.6669,0.0000,16.4162,0.9599,0.3519,16.6850,16.6589,15.4009,0.0009,-1.0000
16.6643,0.0000,16.4328,1.5099,0.3343,16.6615,16.6525,15.4849,0.0009,-1.0000
16.6680,0.0000,16.4496,1.3551,0.3064,16.6634,16.6667,15.5158,0.0008,-1.0000
16.6663,0.0000,16.4661,1.1801,0.3254,16.6648,16.6576,15.4927,0.0009,-1.0000
16.6689,0.0000,16.4829,1.2570,0.2940,16.6664,16.6678,15.7199,0.0008,-1.0000
16.6670,0.0000,16.4996,1.1670,0.2535,16.6586,16.6586,15.4564,0.0012,-1.0000
16.6658,0.0000,16.5163,1.1500,0.2552,16.6730,16.6582,15.4793,0.0008,-1.0000
16.6663,0.0000,16.5329,1.1641,0.2427,16.6630,16.6570,15.3703,0.0011,-1.0000
16.6679,0.0000,16.5496,0.9472,0.2917,16.6749,16.6635,15.5041,0.0008,-1.0000
16.6668,0.0000,16.5661,1.2010,0.2902,16.6666,16.6603,15.4302,0.0011,-1.0000
16.6652,0.0000,16.5829,1.1780,0.2817,16.6659,16.6534,15.6598,0.0008,-1.0000
16.6683,0.0000,16.5996,1.2857,0.2742,16.6638,16.6649,15.5967,0.0009,-1.0000
16.6661,0.0000,16.6163,1.1587,0.2797,16.6704,16.6581,15.4726,0.0010,-1.0000
16.6657,0.0000,16.6332,1.2289,0.2765,16.6679,16.6564,15.4862,0.0010,-1.0000
16.6675,0.0000,16.6505,0.9928,0.2477,16.6599,16.6654,15.2787,0.0008,-1.0000
16.6667,0.0000,16.6662,1.0676,0.2989,16.6712,16.6580,14.5179,0.0010,-1.0000
16.6657,0.0000,16.6829,1.1843,0.2977,16.6649,16.6578,15.6009,0.0008,-1.0000
16.6677,0.0000,16.7004,1.1691,0.3035,16.6625,16.6646,15.4431,0.0008,-1.0000
16.6681,0.0000,16.7163,1.3858,0.2702,16.6724,16.6619,14.4310,0.0015,-1.0000
16.6652,0.0000,16.7329,2.1390,0.2781,16.6649,16.6530,15.4440,0.0013,-1.0000
16.6667,0.0000,16.7496,1.0560,0.3294,16.6634,16.6608,15.5828,0.0008,-1.0000
16.6668,0.0000,16.7661,1.2205,0.2670,16.6719,16.6601,15.5726,0.0009,-1.0000
16.6676,0.0000,16.7829,2.2291,0.2642,16.6687,16.6653,15.5472,0.0010,-1.0000
16.6666,0.0000,16.7995,1.2072,0.2565,16.6606,16.6590,15.4778,0.0010,-1.0000
16.6667,0.0000,16.8162,1.0767,0.2668,16.6663,16.6633,15.6357,0.0006,-1.0000
16.6664,0.0000,16.8329,1.0864,0.2472,16.6659,16.6566,15.6167,0.0010,-1.0000
16.6667,0.0000,16.8495,1.1170,0.2514,16.6715,16.6600,15.6405,0.0009,-1.0000
16.6674,0.0000,16.8662,1.1801,0.2434,16.6646,16.6660,15.6058,0.0010,-1.0000
16.6655,0.0000,16.8829,1.0268,0.2430,16.6694,16.6531,15.5428,0.0010,-1.0000
16.6668,0.0000,16.8995,1.0387,0.2393,16.6630,16.6637,15.6855,0.0008,-1.0000
16.6664,0.0000,16.9162,1.0185,0.3203,16.6650,16.6623,15.6586,0.0007,-1.0000
16.6673,0.0000,16.9328,1.0592,0.2468,16.6721,16.6616,15.7058,0.0007,-1.0000
16.6662,0.0000,16.9495,1.1089,0.2315,16.6582,16.6610,15.6005,0.0011,-1.0000
16.6662,0.0000,16.9661,0.9774,0.2352,16.6686,16.6625,15.5609,0.0010,-1.0000
16.6688,0.0000,16.9829,1.0026,0.2336,16.6676,16.6727,15.7277,0.0010,-1.0000
16.6651,0.0000,16.9995,0.9549,0.2421,16.6661,16.6473,15.5621,0.0010,-1.0000
16.6668,0.0000,17.0162,1.0589,0.2295,16.6657,16.6616,15.7505,0.0009,-1.0000
16.6673,0.0000,17.0349,1.1008,0.2316,16.6676,16.6671,15.5812,0.0007,-1.0000
16.6659,0.0000,17.0495,0.9438,0.2450,16.6787,16.6562,13.2648,0.0010,-1.0000
16.6675,0.0000,17.0661,1.0844,0.2312,16.6536,16.6648,15.7330,0.0008,-1.0000
16.6664,0.0000,17.0828,0.9101,0.2474,16.6659,16.6593,15.7250,0.0008,-1.0000
16.6674,0.0000,17.0997,1.0851,0.3538,16.6729,16.6651,15.7196,0.0006,-1.0000
16.6681,0.0000,17.1163,3.3906,0.2877,16.6618,16.6658,15.3845,0.0013,-1.0000
16.6658,0.0000,17.1329,0.9308,0.2991,16.6701,16.6542,15.3600,0.0010,-1.0000
16.6664,0.0000,17.1495,0.9335,0.2657,16.6645,16.6579,15.5362,0.0010,-1.0000
16.6660,0.0000,17.1661,0.9445,0.4212,16.6709,16.6585,15.5077,0.0012,-1.0000
16.6668,0.0000,17.1829,1.2799,0.3268,16.6733,16.6631,15.7823,0.0008,-1.0000
16.6671,0.0000,17.1996,1.2929,0.2869,16.6612,16.6613,15.5544,0.0009,-1.0000
16.6668,0.0000,17.2162,1.1201,0.2814,16.6637,16.6614,15.4411,0.0011,-1.0000
16.6664,0.0000,17.2328,1.1497,0.3199,16.6638,16.6600,15.6991,0.0007,-1.0000
16.6660,0.0000,17.2495,0.8800,0.2698,16.6684,16.6600,15.7246,0.0009,-1.0000
16.6671,0.0000,17.2661,1.1058,0.2600,16.6673,16.6626,15.7576,0.0008,-1.0000
16.6679,0.0000,17.2829,1.2191,0.3193,16.6664,16.6667,15.6827,0.0007,-1.0000
16.6669,0.0000,17.2995,0.9599,0.2703,16.6653,16.6625,15.5573,0.0008,-1.0000
16.6657,0.0000,17.3162,0.9345,0.2837,16.6646,16.6571,15.6272,0.0009,-1.0000
16.6683,0.0000,17.3329,0.9042,0.2803,16.6666,16.6656,15.7232,0.0008,-1.0000
16.6658,0.0000,17.3495,0.9833,0.2599,16.6719,16.6587,15.6255,0.0008,-1.0000
16.6670,0.0000,17.3661,1.1041,0.3077,16.6681,16.6646,15.5360,0.0012,-1.0000
16.6665,0.0000,17.3828,1.0287,0.2674,16.6626,16.6567,15.6005,0.0010,-1.0000
16.6674,0.0000,17.3996,0.9415,0.2700,16.6708,16.6653,15.6907,0.0009,-1.0000
16.6665,0.0000,17.4162,1.0322,0.3363,16.6640,16.6582,15.6188,0.0008,-1.0000
16.6670,0.0000,17.4328,1.1273,0.2695,16.6698,16.6613,15.7137,0.0007,-1.0000
16.6672,0.0000,17.4496,1.0549,0.2545,16.6623,16.6646,15.6584,0.0008,-1.0000
16.6671,0.0000,17.4661,0.9734,0.2746,16.6707,16.6629,15.5819,0.0008,-1.0000
16.6666,0.0000,17.4829,1.0381,0.2534,16.6640,16.6593,15.6627,0.0011,-1.0000
16.6675,0.0000,17.4996,0.9465,0.2870,16.6661,16.6633,15.6476,0.0010,-1.0000
16.6658,0.0000,17.5163,1.0051,0.2688,16.6696,16.6561,15.5763,0.0008,-1.0000
16.6665,0.0000,17.5329,1.0799,0.2718,16.6693,16.6618,15.4476,0.0014,-1.0000
16.6677,0.0000,17.5495,0.9958,0.2438,16.6647,16.6629,15.6019,0.0008,-1.0000
16.6673,0.0000,17.5661,1.0148,0.2532,16.6692,16.6635,15.6814,0.0009,-1.0000
16.6669,0.0000,17.5829,1.0790,0.2445,16.6626,16.6604,15.6168,0.0008,-1.0000
16.6667,0.0000,17.5995,1.2130,0.2308,16.6667,16.6617,15.6717,0.0007,-1.0000
16.6679,0.0000,17.6163,1.0600,0.2365,16.6677,16.6633,15.5230,0.0012,-1.0000
16.6646,0.0000,17.6328,0.9810,0.2412,16.6693,16.6549,15.3977,0.0009,-1.0000
16.6688,0.0000,17.6496,1.0427,0.2398,16.6660,16.6666,15.6793,0.0008,-1.0000
16.6670,0.0000,17.6662,0.9891,0.2604,16.6676,16.6611,15.4560,0.0013,-1.0000
16.6661,0.0000,17.6829,1.1389,0.2728,16.6696,16.6584,15.5935,0.0012,-1.0000
16.6667,0.0000,17.6996,1.2563,0.2494,16.6610,16.6609,15.5032,0.0010,-1.0000
16.6684,0.0000,17.7163,0.9861,0.2746,16.6723,16.6644,15.5012,0.0009,-1.0000
16.6658,0.0000,17.7329,1.2042,0.3221,16.6672,16.6593,15.4852,0.0012,-1.0000
16.6662,0.0000,17.7495,1.0638,0.2796,16.6650,16.6561,15.5558,0.0009,-1.0000
16.6666,0.0000,17.7661,1.1567,0.2512,16.6669,16.6616,15.6801,0.0007,-1.0000
16.6664,0.0000,17.7829,1.1621,0.2769,16.6710,16.6598,15.6893,0.0008,-1.0000
16.6668,0.0000,17.7995,1.1726,0.2567,16.6659,16.6609,15.5608,0.0009,-1.0000
16.6666,0.0000,17.8162,1.0992,0.2426,16.6622,16.6603,15.6127,0.0009,-1.0000
16.6663,0.0000,17.8328,0.9804,0.3653,16.6670,16.6603,15.7100,0.0009,-1.0000
16.6675,0.0000,17.8495,0.9698,0.2310,16.6656,16.6658,15.7472,0.0007,-1.0000
16.6670,0.0000,17.8661,1.0991,0.2534,16.6655,16.6614,15.5359,0.0007,-1.0000
16.6665,0.0000,17.8829,1.0468,0.2295,16.6658,16.6589,15.6882,0.0007,-1.0000
16.6667,0.0000,17.8995,0.9494,0.2221,16.6655,16.6624,15.6789,0.0007,-1.0000
16.6666,0.0000,17.9161,0.9180,0.2718,16.6701,16.6603,15.6874,0.0008,-1.0000
16.6680,0.0000,17.9328,1.1248,0.2368,16.6674,16.6649,15.7526,0.0008,-1.0000
16.6658,0.0000,17.9495,0.9701,0.2251,16.6639,16.6587,15.6371,0.0008,-1.0000
16.6670,0.0000,17.9661,0.9829,0.2330,16.6681,16.6635,15.6578,0.0007,-1.0000
16.6664,0.0000,17.9828,0.9718,0.2290,16.6654,16.6615,15.7434,0.0009,-1.0000
16.6663,0.0000,17.9995,0.9112,0.2424,16.6700,16.6634,15.6995,0.0008,-1.0000
16.6673,0.0000,18.0162,1.0205,0.2339,16.6639,16.6608,15.7361,0.0006,-1.0000
16.6664,0.0000,18.0329,1.0053,0.2262,16.6678,16.6582,15.5856,0.0011,-1.0000
16.6673,0.0000,18.0495,0.9169,0.2345,16.6667,16.6636,15.6255,0.0007,-1.0000
16.6673,0.0000,18.0661,0.9631,0.2238,16.6689,16.6643,15.7145,0.0007,-1.0000
16.6666,0.0000,18.0829,0.9238,0.2409,16.6659,16.6610,15.7799,0.0008,-1.0000
16.6671,0.0000,18.0996,1.0715,0.2296,16.6634,16.6635,15.6351,0.0006,-1.0000
16.6664,0.0000,18.1162,1.0371,0.2341,16.6688,16.6573,15.4344,0.0012,-1.0000
16.6670,0.0000,18.1329,0.9489,0.2445,16.6695,16.6625,15.5791,0.0007,-1.0000
16.6673,0.0000,18.1495,0.8798,0.2953,16.6663,16.6631,15.6917,0.0007,-1.0000
16.6660,0.0000,18.1661,1.0277,0.2978,16.6693,16.6578,15.6003,0.0008,-1.0000
16.6678,0.0000,18.1829,1.2215,0.2414,16.6630,16.6643,15.7549,0.0007,-1.0000
16.6665,0.0000,18.1996,1.0826,0.2384,16.6683,16.6589,15.5666,0.0009,-1.0000
16.6672,0.0000,18.2162,0.9707,0.2487,16.6691,16.6630,15.4892,0.0014,-1.0000
16.6648,0.0000,18.2328,1.0566,0.2313,16.6633,16.6507,15.5351,0.0010,-1.0000
16.6680,0.0000,18.2495,0.9086,0.2432,16.6702,16.6688,15.7824,0.0010,-1.0000
16.6662,0.0000,18.2661,1.0914,0.2405,16.6656,16.6581,15.7015,0.0008,-1.0000
16.6663,0.0000,18.2829,1.1726,0.2635,16.6699,16.6609,15.7371,0.0007,-1.0000
16.6670,0.0000,18.2995,1.1147,0.2254,16.6565,16.6601,15.5290,0.0010,-1.0000
16.6671,0.0000,18.3162,0.8852,0.2375,16.6739,16.6633,15.7977,0.0006,-1.0000
16.6671,0.0000,18.3329,0.9556,0.2484,16.6635,16.6638,15.7281,0.0007,-1.0000
16.6667,0.0000,18.3495,0.9232,0.2264,16.6664,16.6592,15.6949,0.0007,-1.0000
16.6680,0.0000,18.3662,1.1300,0.2612,16.6649,16.6683,15.6907,0.0007,-1.0000
16.6674,0.0000,18.3829,0.8646,0.2405,16.6682,16.6616,15.5042,0.0011,-1.0000
16.6688,0.0000,18.3996,0.9349,0.2385,16.6693,16.6671,15.4773,0.0010,-1.0000
16.6645,0.0000,18.4163,0.9636,0.2862,16.6644,16.6489,15.3872,0.0016,-1.0000
16.6661,0.0000,18.4329,0.9767,0.2978,16.6746,16.6576,15.4949,0.0011,-1.0000
16.6680,0.0000,18.4496,1.1564,0.3071,16.6694,16.6619,15.5116,0.0012,-1.0000
16.6650,0.0000,18.4664,1.1888,0.2639,16.6747,16.6545,15.4459,0.0009,-1.0000
16.6667,0.0000,18.4829,1.2600,0.2661,16.6568,16.6613,15.3292,0.0014,-1.0000
16.6677,0.0000,18.4995,1.1615,0.2692,16.6645,16.6639,15.5909,0.0012,-1.0000
16.6662,0.0000,18.5162,1.1489,0.2711,16.6695,16.6624,15.6053,0.0009,-1.0000
16.6663,0.0000,18.5329,1.2077,0.3742,16.6608,16.6578,15.5521,0.0008,-1.0000
16.6681,0.0000,18.5496,1.3306,0.2904,16.6672,16.6611,15.4197,0.0009,-1.0000
16.6664,0.0000,18.5661,1.0718,0.2980,16.6701,16.6589,15.5074,0.0010,-1.0000
16.6653,0.0000,18.5829,1.0561,0.3024,16.6687,16.6577,15.5929,0.0011,-1.0000
16.6689,0.0000,18.5996,1.1048,0.3085,16.6642,16.6650,15.5858,0.0008,-1.0000
16.6653,0.0000,18.6163,1.2404,0.3056,16.6678,16.6555,15.4087,0.0012,-1.0000
16.6666,0.0000,18.6329,1.1503,0.3134,16.6664,16.6597,15.4994,0.0009,-1.0000
16.6672,0.0000,18.6496,1.0638,0.3083,16.6635,16.6634,15.6261,0.0008,-1.0000
16.6667,0.0000,18.6661,1.0785,0.3122,16.6716,16.6608,15.5823,0.0011,-1.0000
16.6667,0.0000,18.6829,1.2456,0.3039,16.6622,16.6606,15.7068,0.0007,-1.0000
16.6667,0.0000,18.6996,1.1593,0.3124,16.6654,16.6601,15.4751,0.0008,-1.0000
16.6654,0.0000,18.7162,1.0363,0.2475,16.6687,16.6585,15.4839,0.0009,-1.0000
16.6694,0.0000,18.7329,1.0773,0.2752,16.6666,16.6700,15.6900,0.0009,-1.0000
16.6666,0.0000,18.7496,0.9532,0.2778,16.6665,16.6611,15.5166,0.0011,-1.0000
16.6653,0.0000,18.7661,1.1841,0.2735,16.6662,16.6546,15.4465,0.0013,-1.0000
16.6672,0.0000,18.7829,1.1737,0.2426,16.6631,16.6589,15.5459,0.0011,-1.0000
16.6660,0.0000,18.7995,0.9789,0.2831,16.6763,16.6590,15.4942,0.0011,-1.0000
16.6679,0.0000,18.8162,1.1433,0.2890,16.6686,16.6633,15.6936,0.0007,-1.0000
16.6669,0.0000,18.8329,1.2068,0.2771,16.6620,16.6610,15.6066,0.0010,-1.0000
16.6653,0.0000,18.8495,1.1119,0.2551,16.6646,16.6552,15.5706,0.0010,-1.0000
16.6662,0.0000,18.8662,1.1636,0.2450,16.6643,16.6628,15.6254,0.0008,-1.0000
16.6679,0.0000,18.8828,0.9690,0.2606,16.6690,16.6624,15.6849,0.0010,-1.0000
16.6678,0.0000,18.8996,1.0533,0.2453,16.6675,16.6667,15.7474,0.0007,-1.0000
16.6659,0.0000,18.9162,1.0835,0.3652,16.6604,16.6565,15.6074,0.0010,-1.0000
16.6666,0.0000,18.9328,1.0365,0.2343,16.6685,16.6610,15.7302,0.0010,-1.0000
16.6666,0.0000,18.9495,0.9764,0.2290,16.6675,16.6605,15.7151,0.0007,-1.0000
16.6694,0.0000,18.9662,0.9183,0.2579,16.6726,16.6703,15.6501,0.0008,-1.0000
16.6672,0.0000,18.9829,1.0479,0.2353,16.6628,16.6623,15.6368,0.0010,-1.0000
16.6634,0.0000,18.9995,0.9297,0.3263,16.6661,16.6459,15.4654,0.0012,-1.0000
16.6664,0.0000,19.0161,0.9446,0.2239,16.6658,16.6641,15.7264,0.0009,-1.0000
16.6669,0.0000,19.0329,1.0192,0.2590,16.6768,16.6586,15.7197,0.0007,-1.0000
16.6691,0.0000,19.0495,1.0240,0.3693,16.6704,16.6654,15.6524,0.0009,-1.0000
16.6676,0.0000,19.0662,1.1789,0.2356,16.6526,16.6659,15.6101,0.0009,-1.0000
16.6645,0.0000,19.0829,0.9370,0.2420,16.6684,16.6533,15.6083,0.0009,-1.0000
16.6666,0.0000,19.0995,0.9382,0.2297,16.6640,16.6593,15.5215,0.0010,-1.0000
16.6689,0.0000,19.1163,1.0119,0.2623,16.6714,16.6678,15.5190,0.0010,-1.0000
16.6657,0.0000,19.1329,1.0551,0.2633,16.6734,16.6547,15.4037,0.0011,-1.0000
16.6678,0.0000,19.1496,1.0440,0.2548,16.6601,16.6638,15.5582,0.0009,-1.0000
16.6667,0.0000,19.1665,1.1366,0.2638,16.6648,16.6596,15.4605,0.0011,-1.0000
16.6667,0.0000,19.1829,1.1477,0.2721,16.6758,16.6578,15.1386,0.0013,-1.0000
16.6667,0.0000,19.1996,1.2497,0.2938,16.6619,16.6574,15.5082,0.0009,-1.0000
16.6654,0.0000,19.2162,1.1048,0.2793,16.6710,16.6577,15.4099,0.0013,-1.0000
16.6679,0.0000,19.2329,1.1981,0.4495,16.6673,16.6634,15.6303,0.0008,-1.0000
16.6655,0.0000,19.2496,1.5178,0.3023,16.6648,16.6586,15.5628,0.0009,-1.0000
16.6672,0.0000,19.2661,1.1482,0.3085,16.6646,16.6621,15.5943,0.0009,-1.0000
16.6678,0.0000,19.2830,1.2463,0.3560,16.6634,16.6619,15.4769,0.0009,-1.0000
16.6651,0.0000,19.2995,1.0321,0.3288,16.6704,16.6535,15.3395,0.0011,-1.0000
16.6690,0.0000,19.3163,1.0948,0.3124,16.6642,16.6677,15.6490,0.0009,-1.0000
16.6652,0.0000,19.3329,1.0667,0.3340,16.6685,16.6624,15.5123,0.0009,-1.0000
16.6673,0.0000,19.3496,1.1840,0.3104,16.6695,16.6540,15.5666,0.0009,-1.0000
16.6689,0.0000,19.3662,1.3130,0.2871,16.6598,16.6672,15.4221,0.0009,-1.0000
16.6652,0.0000,19.3829,1.0174,0.2861,16.6741,16.6553,15.2988,0.0010,-1.0000
16.6660,0.0000,19.3996,1.1494,0.2849,16.6693,16.6562,15.4372,0.0012,-1.0000
16.6676,0.0000,19.4162,1.0863,0.2806,16.6599,16.6615,15.5516,0.0012,-1.0000
16.6670,0.0000,19.4329,1.2442,0.3177,16.6740,16.6608,15.5422,0.0012,-1.0000
16.6655,0.0000,19.4496,1.3556,0.2761,16.6637,16.6555,15.3523,0.0015,-1.0000
16.6667,0.0000,19.4661,1.2176,0.2744,16.6640,16.6585,15.5284,0.0011,-1.0000
16.6683,0.0000,19.4829,1.1090,0.2452,16.6692,16.6660,15.7792,0.0009,-1.0000
16.6662,0.0000,19.4996,1.1173,0.3108,16.6682,16.6597,15.5878,0.0010,-1.0000
16.6666,0.0000,19.5162,1.3016,0.2429,16.6622,16.6584,15.5953,0.0009,-1.0000
16.6672,0.0000,19.5330,1.1290,0.2492,16.6643,16.6624,15.3902,0.0010,-1.0000
16.6647,0.0000,19.5495,0.8857,0.2524,16.6724,16.6542,15.4175,0.0010,-1.0000
16.6693,0.0000,19.5661,1.0711,0.2507,16.6664,16.6674,15.6397,0.0009,-1.0000
16.6659,0.0000,19.5829,1.0617,0.3555,16.6650,16.6564,15.6269,0.0011,-1.0000
16.6671,0.0000,19.5996,1.2711,0.2816,16.6690,16.6678,15.5797,0.0009,-1.0000
16.6671,0.0000,19.6163,1.2355,0.2584,16.6605,16.6542,15.5290,0.0010,-1.0000
16.6668,0.0000,19.6329,1.0267,0.2853,16.6741,16.6594,15.4738,0.0012,-1.0000
16.6679,0.0000,19.6496,1.0284,0.2663,16.6644,16.6613,15.4873,0.0009,-1.0000
16.6647,0.0000,19.6661,1.0875,0.2635,16.6742,16.6534,15.4755,0.0012,-1.0000
16.6672,0.0000,19.6829,1.1242,0.2699,16.6611,16.6614,15.6919,0.0010,-1.0000
16.6660,0.0000,19.6996,1.1843,0.2817,16.6667,16.6605,15.4695,0.0014,-1.0000
16.6677,0.0000,19.7162,1.1728,0.2771,16.6700,16.6598,15.4794,0.0008,-1.0000
16.6675,0.0000,19.7329,1.1768,0.2619,16.6603,16.6635,15.5821,0.0009,-1.0000
16.6648,0.0000,19.7495,0.9681,0.2886,16.6682,16.6505,15.5151,0.0011,-1.0000
16.6679,0.0000,19.7661,1.1896,0.2632,16.6669,16.6652,15.7052,0.0007,-1.0000
16.6675,0.0000,19.7830,1.1793,0.2713,16.6662,16.6625,15.5537,0.0009,-1.0000
16.6667,0.0000,19.7996,1.0804,0.2977,16.6718,16.6583,15.3530,0.0011,-1.0000
16.6669,0.0000,19.8163,1.1341,0.2384,16.6571,16.6609,15.5809,0.0010,-1.0000
16.6671,0.0000,19.8329,0.9591,0.2788,16.6715,16.6577,15.4049,0.0010,-1.0000
16.6654,0.0000,19.8498,1.1079,0.2977,16.6692,16.6599,15.5929,0.0010,-1.0000
16.6676,0.0000,19.8662,1.3043,0.2536,16.6656,16.6612,15.1545,0.0012,-1.0000
16.6666,0.0000,19.8829,1.0789,0.3016,16.6684,16.6582,15.4972,0.0013,-1.0000
16.6673,0.0000,19.8996,1.2515,0.2674,16.6645,16.6603,15.5524,0.0009,-1.0000
16.6682,0.0000,19.9163,1.0659,0.2827,16.6673,16.6681,15.5698,0.0012,-1.0000
16.6653,0.0000,19.9329,1.5053,0.2948,16.6690,16.6511,15.4145,0.0012,-1.0000
16.6692,0.0000,19.9497,1.1594,0.2704,16.6653,16.6647,15.4257,0.0011,-1.0000
16.6650,0.0000,19.9662,1.1066,0.2663,16.6668,16.6542,15.2737,0.0012,-1.0000
16.6664,0.0000,19.9830,1.0973,0.3275,16.6757,16.6570,15.3452,0.0012,-1.0000
16.6647,0.0000,19.9995,1.2353,0.3798,16.6591,16.6550,15.3675,0.0012,-1.0000
16.6683,0.0000,20.0169,1.2377,0.2869,16.6732,16.6624,15.5839,0.0010,-1.0000
16.6647,0.0000,20.0329,1.3789,0.3142,16.6628,16.6588,14.5415,0.0013,-1.0000
16.6678,0.0000,20.0495,1.3102,0.2743,16.6649,16.6597,15.4489,0.0011,-1.0000
16.6689,0.0000,20.0661,1.2865,0.2673,16.6613,16.6664,15.6325,0.0009,-1.0000
16.6659,0.0000,20.0829,1.0771,0.3894,16.6685,16.6558,15.6605,0.0008,-1.0000
16.6658,0.0000,20.0996,2.1161,0.3043,16.6652,16.6601,15.5214,0.0011,-1.0000
16.6675,0.0000,20.1163,1.2092,0.3163,16.6657,16.6617,15.4933,0.0009,-1.0000
16.6670,0.0000,20.1329,1.0327,0.3163,16.6737,16.6609,15.5201,0.0011,-1.0000
16.6689,0.0000,20.1496,0.9944,0.3187,16.6626,16.6706,15.5636,0.0010,-1.0000
16.6655,0.0000,20.1662,1.1375,0.2975,16.6665,16.6517,15.3526,0.0013,-1.0000
16.6667,0.0000,20.1829,1.1673,0.2917,16.6677,16.6593,15.5359,0.0013,-1.0000
16.6648,0.0000,20.1996,1.1396,0.2961,16.6669,16.6544,15.4733,0.0015,-1.0000
16.6685,0.0000,20.2163,1.1058,0.3899,16.6780,16.6644,15.4483,0.0011,-1.0000
16.6676,0.0000,20.2330,1.2975,0.3122,16.6598,16.6614,15.5634,0.0009,-1.0000
16.6656,0.0000,20.2496,1.1219,0.3213,16.6672,16.6545,15.4835,0.0011,-1.0000
16.6658,0.0000,20.2661,1.1796,0.2873,16.6610,16.6548,15.5850,0.0010,-1.0000
16.6672,0.0000,20.2830,1.2149,0.2761,16.6715,16.6630,15.6717,0.0008,-1.0000
16.6669,0.0000,20.2996,1.0968,0.2973,16.6696,16.6600,15.4221,0.0008,-1.0000
16.6682,0.0000,20.3163,1.1698,0.2496,16.6627,16.6628,15.5964,0.0009,-1.0000
16.6656,0.0000,20.3329,1.0686,0.2611,16.6612,16.6581,15.5476,0.0010,-1.0000
16.6673,0.0000,20.3496,0.9904,0.2602,16.6691,16.6630,15.5891,0.0010,-1.0000
16.6677,0.0000,20.3662,1.2368,0.3040,16.6660,16.6586,15.4384,0.0010,-1.0000
16.6658,0.0000,20.3830,1.0652,0.2773,16.6702,16.6554,15.5614,0.0009,-1.0000
16.6679,0.0000,20.3996,1.1095,0.2850,16.6651,16.6655,15.4539,0.0014,-1.0000
16.6679,0.0000,20.4163,1.0728,0.3579,16.6710,16.6578,15.1900,0.0016,-1.0000
16.6639,0.0000,20.4329,1.2189,0.2694,16.6679,16.6480,15.3738,0.0014,-1.0000
16.6672,0.0000,20.4496,1.0933,0.2797,16.6635,16.6636,15.6043,0.0010,-1.0000
16.6657,0.0000,20.4661,1.2101,0.3382,16.6732,16.6560,15.5722,0.0008,-1.0000
16.6667,0.0000,20.4829,1.4662,0.3033,16.6669,16.6611,15.7540,0.0005,-1.0000
16.6684,0.0000,20.4996,1.2726,0.3689,16.6555,16.6665,15.5867,0.0009,-1.0000
16.6649,0.0000,20.5162,1.0582,0.2517,16.6700,16.6536,15.6307,0.0009,-1.0000
16.6670,0.0000,20.5329,1.0828,0.2600,16.6623,16.6631,15.7288,0.0008,-1.0000
16.6670,0.0000,20.5495,0.9066,0.2525,16.6665,16.6616,15.5097,0.0011,-1.0000
16.6666,0.0000,20.5661,1.0786,0.2471,16.6725,16.6609,15.7517,0.0007,-1.0000
16.6690,0.0000,20.5829,1.0221,0.2868,16.6592,16.6679,15.8559,0.0006,-1.0000
16.6651,0.0000,20.5995,0.9336,0.2347,16.6682,16.6542,15.5396,0.0010,-1.0000
16.6663,0.0000,20.6163,1.1504,0.2734,16.6674,16.6614,15.5295,0.0008,-1.0000
16.6695,0.0000,20.6329,0.9082,0.2339,16.6663,16.6676,15.5137,0.0008,-1.0000
16.6662,0.0000,20.6496,0.8113,0.2848,16.6739,16.6569,15.5103,0.0011,-1.0000
16.6668,0.0000,20.6662,1.1134,0.3121,16.6601,16.6600,15.5111,0.0010,-1.0000
16.6652,0.0000,20.6829,1.1313,0.2788,16.6667,16.6532,15.5760,0.0011,-1.0000
16.6673,0.0000,20.6996,1.1531,0.2842,16.6756,16.6642,15.6067,0.0007,-1.0000
16.6666,0.0000,20.7166,1.1456,0.2767,16.6646,16.6596,15.4904,0.0008,-1.0000
16.6679,0.0000,20.7329,1.1478,0.2651,16.6681,16.6637,15.2113,0.0011,-1.0000
16.6655,0.0000,20.7495,1.0762,0.2832,16.6592,16.6559,15.5449,0.0008,-1.0000
16.6686,0.0000,20.7662,1.0564,0.2691,16.6700,16.6651,15.6166,0.0009,-1.0000
16.6664,0.0000,20.7829,1.1683,0.3610,16.6661,16.6556,15.3614,0.0011,-1.0000
16.6656,0.0000,20.7996,1.4511,0.3284,16.6711,16.6553,15.3770,0.0010,-1.0000
16.6682,0.0000,20.8163,1.1102,0.3182,16.6628,16.6670,15.5862,0.0008,-1.0000
16.6667,0.0000,20.8329,1.0474,0.3908,16.6730,16.6574,15.3456,0.0012,-1.0000
16.6665,0.0000,20.8498,1.2932,0.3205,16.6642,16.6541,15.5021,0.0012,-1.0000
16.6668,0.0000,20.8663,1.2773,0.3330,16.6619,16.6635,15.2026,0.0008,-1.0000
16.6664,0.0000,20.8829,1.0799,0.3472,16.6752,16.6546,15.3077,0.0010,-1.0000
16.6663,0.0000,20.8996,1.3106,0.3413,16.6658,16.6591,15.5271,0.0010,-1.0000
16.6662,0.0000,20.9162,1.1507,0.3204,16.6629,16.6580,15.5200,0.0009,-1.0000
16.6686,0.0000,20.9329,1.4601,0.3513,16.6718,16.6640,15.6041,0.0009,-1.0000
16.6654,0.0000,20.9496,1.3458,0.3097,16.6623,16.6590,15.4513,0.0009,-1.0000
16.6665,0.0000,20.9661,1.1309,0.2701,16.6658,16.6570,15.4581,0.0011,-1.0000
16.6674,0.0000,20.9829,1.1371,0.2586,16.6643,16.6621,15.7172,0.0007,-1.0000
16.6668,0.0000,20.9996,1.0590,0.2809,16.6714,16.6611,15.5376,0.0014,-1.0000
16.6676,0.0000,21.0163,1.2067,0.2570,16.6659,16.6598,15.5902,0.0009,-1.0000
16.6662,0.0000,21.0330,1.1977,0.2586,16.6638,16.6600,15.3107,0.0013,-1.0000
16.6646,0.0000,21.0495,0.9442,0.2926,16.6683,16.6550,15.4244,0.0013,-1.0000
16.6680,0.0000,21.0661,1.1219,0.2538,16.6678,16.6623,15.6741,0.0008,-1.0000
16.6690,0.0000,21.0830,1.0685,0.3608,16.6675,16.6654,15.6209,0.0008,-1.0000
16.6658,0.0000,21.0996,1.3482,0.2796,16.6674,16.6528,15.4249,0.0011,-1.0000
16.6662,0.0000,21.1163,1.2292,0.2710,16.6623,16.6594,15.5334,0.0011,-1.0000
16.6656,0.0000,21.1329,0.9873,0.2805,16.6686,16.6549,15.5210,0.0011,-1.0000
16.6688,0.0000,21.1496,1.0435,0.2908,16.6739,16.6691,15.7013,0.0012,-1.0000
16.6673,0.0000,21.1662,1.2269,0.3170,16.6608,16.6587,15.4033,0.0014,-1.0000
16.6657,0.0000,21.1829,1.1246,0.2783,16.6666,16.6566,15.5793,0.0008,-1.0000
16.6674,0.0000,21.1997,1.1326,0.2705,16.6616,16.6604,15.2933,0.0012,-1.0000
16.6661,0.0000,21.2163,0.9669,0.2963,16.6758,16.6590,15.3166,0.0013,-1.0000
16.6674,0.0000,21.2330,1.2539,0.3260,16.6670,16.6571,15.3834,0.0010,-1.0000
16.6668,0.0000,21.2497,1.0764,0.3568,16.6655,16.6579,15.2819,0.0012,-1.0000
16.6670,0.0000,21.2662,1.3659,0.3713,16.6689,16.6558,15.1438,0.0013,-1.0000
16.6639,0.0000,21.2829,1.3411,0.3028,16.6674,16.6500,15.5423,0.0012,-1.0000
16.6650,0.0000,21.2994,1.2726,0.3415,16.6672,16.6542,15.5753,0.0009,-1.0000
16.6707,0.0000,21.3163,1.3747,0.3609,16.6669,16.6841,15.8787,0.0009,-1.0000
16.6641,0.0000,21.3329,1.5108,0.3538,16.6646,16.6440,15.4047,0.0013,-1.0000
16.6708,0.0000,21.3496,1.1063,0.2637,16.6570,16.6726,15.6371,0.0010,-1.0000
16.6664,0.0000,21.3662,1.0781,0.2197,16.6584,16.6576,15.4462,0.0011,-1.0000
16.6666,0.0000,21.3830,0.8043,0.2786,16.6904,16.6582,15.5066,0.0012,-1.0000
16.6673,0.0000,21.4003,1.2380,0.3026,16.6504,16.6622,15.4414,0.0011,-1.0000
16.6664,0.0000,21.4163,1.0344,0.3089,16.6804,16.6507,14.3260,0.0012,-1.0000
16.6668,0.0000,21.4330,1.2102,0.3561,16.6662,16.6570,15.4180,0.0010,-1.0000
16.6663,0.0000,21.4496,1.1502,0.3446,16.6672,16.6562,15.3513,0.0018,-1.0000
16.6657,0.0000,21.4661,1.2196,0.5618,16.6736,16.6539,15.3777,0.0011,-1.0000
16.6684,0.0000,21.4829,2.3235,0.4132,16.6608,16.6644,15.7157,0.0009,-1.0000
16.6655,0.0000,21.4996,1.2378,0.4109,16.6661,16.6553,15.4476,0.0009,-1.0000
16.6661,0.0000,21.5163,1.3030,0.3069,16.6646,16.6573,15.5846,0.0008,-1.0000
16.6666,0.0000,21.5329,1.2751,0.3146,16.6608,16.6586,15.4578,0.0012,-1.0000
16.6664,0.0000,21.5496,0.9477,0.3437,16.6722,16.6627,15.4939,0.0011,-1.0000
16.6681,0.0000,21.5662,1.2070,0.2838,16.6637,16.6610,15.4746,0.0010,-1.0000
16.6658,0.0000,21.5829,1.0719,0.3947,16.6645,16.6566,15.5557,0.0011,-1.0000
16.6679,0.0000,21.5996,1.1999,0.3152,16.6658,16.6626,15.4714,0.0009,-1.0000
16.6661,0.0000,21.6163,1.1679,0.3221,16.6695,16.6558,15.4146,0.0010,-1.0000
16.6656,0.0000,21.6329,1.1853,0.2845,16.6682,16.6576,15.5314,0.0010,-1.0000
16.6681,0.0000,21.6496,1.0994,0.3154,16.6643,16.6638,15.6511,0.0010,-1.0000
16.6664,0.0000,21.6661,1.1900,0.2981,16.6700,16.6601,15.5614,0.0012,-1.0000
16.6658,0.0000,21.6829,1.2400,0.2576,16.6632,16.6587,15.6474,0.0010,-1.0000
16.6684,0.0000,21.6996,1.1249,0.2461,16.6639,16.6643,15.5683,0.0010,-1.0000
16.6665,0.0000,21.7163,1.0116,0.2641,16.6699,16.6586,15.4273,0.0013,-1.0000
16.6662,0.0000,21.7329,1.0973,0.3132,16.6667,16.6544,15.4483,0.0014,-1.0000
16.6662,0.0000,21.7495,1.0099,0.3192,16.6651,16.6618,15.6668,0.0008,-1.0000
16.6658,0.0000,21.7661,1.0946,0.2861,16.6714,16.6564,15.6538,0.0011,-1.0000
16.6681,0.0000,21.7829,1.2297,0.2784,16.6668,16.6644,15.6259,0.0011,-1.0000
16.6681,0.0000,21.7996,1.2044,0.2582,16.6613,16.6666,15.5678,0.0009,-1.0000
16.6672,0.0000,21.8163,0.9942,0.2455,16.6677,16.6565,15.5660,0.0012,-1.0000
16.6631,0.0000,21.8328,1.0016,0.2648,16.6626,16.6477,15.3541,0.0013,-1.0000
16.6681,0.0000,21.8496,1.0372,0.2477,16.6705,16.6676,15.8064,0.0009,-1.0000
16.6680,0.0000,21.8662,1.0978,0.2656,16.6740,16.6640,15.5039,0.0007,-1.0000
16.6657,0.0000,21.8829,1.0892,0.2703,16.6649,16.6560,15.5169,0.0009,-1.0000
16.6667,0.0000,21.8995,1.2924,0.2428,16.6536,16.6585,15.5899,0.0008,-1.0000
16.6683,0.0000,21.9162,0.8602,0.2776,16.6738,16.6661,15.6467,0.0006,-1.0000
16.6649,0.0000,21.9328,1.1592,0.2920,16.6715,16.6532,15.6084,0.0009,-1.0000
16.6691,0.0000,21.9496,1.1384,0.2666,16.6630,16.6685,15.5633,0.0012,-1.0000
16.6659,0.0000,21.9662,1.0678,0.2481,16.6645,16.6613,15.4919,0.0011,-1.0000
16.6657,0.0000,21.9829,1.0186,0.2575,16.6722,16.6540,15.6956,0.0009,-1.0000
16.6658,0.0000,21.9996,1.0436,0.3269,16.6595,16.6590,15.5976,0.0008,-1.0000
16.6701,0.0000,22.0163,1.1041,0.2747,16.6754,16.6696,15.5692,0.0008,-1.0000
16.6651,0.0000,22.0330,1.1683,0.2533,16.6681,16.6543,15.4243,0.0011,-1.0000
16.6666,0.0000,22.0496,0.9573,0.2763,16.6598,16.6587,15.4080,0.0013,-1.0000
16.6669,0.0000,22.0661,1.0605,0.2770,16.6646,16.6646,15.5799,0.0009,-1.0000
16.6660,0.0000,22.0829,1.0994,0.2938,16.6768,16.6546,15.6608,0.0008,-1.0000
16.6682,0.0000,22.0996,1.2289,0.3108,16.6618,16.6702,15.6561,0.0007,-1.0000
16.6667,0.0000,22.1163,1.2492,0.2521,16.6653,16.6552,15.4476,0.0009,-1.0000
16.6653,0.0000,22.1329,1.0838,0.2959,16.6708,16.6534,15.4419,0.0013,-1.0000
16.6688,0.0000,22.1497,0.9926,0.2394,16.6603,16.6666,15.6182,0.0009,-1.0000
16.6664,0.0000,22.1662,1.0131,0.3052,16.6772,16.6631,15.2411,0.0012,-1.0000
16.6668,0.0000,22.1829,1.2065,0.2782,16.6628,16.6546,15.6407,0.0009,-1.0000
16.6651,0.0000,22.1996,1.2097,0.2633,16.6601,16.6529,15.4037,0.0011,-1.0000
16.6679,0.0000,22.2163,1.0473,0.3370,16.6739,16.6652,15.5435,0.0008,-1.0000
16.6671,0.0000,22.2329,1.4209,0.2652,16.6714,16.6606,15.5399,0.0008,-1.0000
16.6670,0.0000,22.2496,1.0129,0.3105,16.6626,16.6624,15.5657,0.0009,-1.0000
16.6674,0.0000,22.2662,1.2479,0.2851,16.6588,16.6615,15.4132,0.0012,-1.0000
16.6655,0.0000,22.2830,1.1207,0.2439,16.6712,16.6537,15.4516,0.0011,-1.0000
16.6661,0.0000,22.2996,1.1197,0.2686,16.6670,16.6576,15.4495,0.0009,-1.0000
16.6692,0.0000,22.3163,1.0957,0.2634,16.6695,16.6670,15.5775,0.0008,-1.0000
16.6659,0.0000,22.3329,1.2469,0.3016,16.6696,16.6551,15.5233,0.0010,-1.0000
16.6653,0.0000,22.3496,1.2009,0.2910,16.6621,16.6546,15.4871,0.0009,-1.0000
16.6681,0.0000,22.3662,1.2071,0.2749,16.6650,16.6636,15.5503,0.0007,-1.0000
16.6653,0.0000,22.3829,1.0886,0.2602,16.6751,16.6553,15.5656,0.0011,-1.0000
16.6678,0.0000,22.4007,1.1307,0.2806,16.6628,16.6629,15.6179,0.0009,-1.0000
16.6684,0.0000,22.4163,1.1667,0.4222,16.6613,16.6649,14.2238,0.0014,-1.0000
16.6662,0.0000,22.4329,1.1124,0.2638,16.6703,16.6574,15.4657,0.0011,-1.0000
16.6668,0.0000,22.4497,1.0885,0.2435,16.6621,16.6660,15.4196,0.0015,-1.0000
16.6665,0.0000,22.4661,1.0443,0.4718,16.6695,16.6497,15.1668,0.0014,-1.0000
16.6671,0.0000,22.4829,2.4395,0.3684,16.6727,16.6595,15.6075,0.0009,-1.0000
16.6656,0.0000,22.4996,1.1906,0.4475,16.6657,16.6554,15.5345,0.0010,-1.0000
16.6658,0.0000,22.5162,1.2447,0.3008,16.6739,16.6569,15.6032,0.0008,-1.0000
16.6680,0.0000,22.5329,1.4815,0.3129,16.6576,16.6664,15.5971,0.0008,-1.0000
16.6670,0.0000,22.5496,1.0509,0.3330,16.6679,16.6591,15.4377,0.0009,-1.0000
16.6671,0.0000,22.5662,1.1198,0.2926,16.6623,16.6629,15.5308,0.0009,-1.0000
16.6649,0.0000,22.5829,1.0528,0.2960,16.6624,16.6536,15.5674,0.0010,-1.0000
16.6687,0.0000,22.5996,1.0685,0.3536,16.6729,16.6651,15.6098,0.0008,-1.0000
16.6666,0.0000,22.6164,1.2201,0.2930,16.6655,16.6614,15.3705,0.0009,-1.0000
16.6668,0.0000,22.6329,1.1311,0.3175,16.6696,16.6579,15.1868,0.0013,-1.0000
16.6674,0.0000,22.6496,1.0849,0.2923,16.6609,16.6623,15.4871,0.0011,-1.0000
16.6657,0.0000,22.6661,1.0545,0.3459,16.6717,16.6510,15.5298,0.0011,-1.0000
16.6656,0.0000,22.6829,1.2899,0.2965,16.6695,16.6571,15.6998,0.0008,-1.0000
16.6686,0.0000,22.6996,1.4696,0.2969,16.6651,16.6677,15.5816,0.0008,-1.0000
16.6666,0.0000,22.7163,1.1739,0.3028,16.6712,16.6593,15.3970,0.0013,-1.0000
16.6662,0.0000,22.7329,1.1201,0.3195,16.6584,16.6557,15.4682,0.0015,-1.0000
16.6683,0.0000,22.7496,0.9563,0.3076,16.6628,16.6662,15.5250,0.0008,-1.0000
16.6662,0.0000,22.7663,1.0853,0.3352,16.6753,16.8071,15.3855,0.0010,-1.0000
16.6666,0.0000,22.7829,1.2611,0.3101,16.6671,16.5052,15.2682,0.0014,-1.0000
16.6654,0.0000,22.7995,1.1858,0.3345,16.6628,16.6550,15.4741,0.0009,-1.0000
16.6674,0.0000,22.8163,1.1402,0.3856,16.6736,16.6652,15.6452,0.0008,-1.0000
16.6660,0.0000,22.8329,1.4205,0.3577,16.8160,16.6549,15.4867,0.0009,-1.0000
16.6672,0.0000,22.8496,1.2353,0.2949,16.5130,16.6731,15.6454,0.0008,-1.0000
16.6672,0.0000,22.8662,1.1799,0.2861,16.6615,16.6526,15.4591,0.0007,-1.0000
16.6655,0.0000,22.8829,1.0192,0.3946,16.6725,16.6565,15.5520,0.0010,-1.0000
16.6692,0.0000,22.8996,1.1675,0.2815,16.6614,16.6657,15.6266,0.0009,-1.0000
16.6651,0.0000,22.9162,1.0269,0.2988,16.6790,16.6514,15.4409,0.0010,-1.0000
16.6679,0.0000,22.9329,1.1924,0.3272,16.6589,16.6708,15.6102,0.0008,-1.0000
16.6672,0.0000,22.9496,1.1035,0.2547,16.6631,16.6547,15.3529,0.0014,-1.0000
16.6655,0.0000,22.9662,1.0380,0.3317,16.6733,16.7644,15.4133,0.0012,-1.0000
16.6664,0.0000,22.9829,1.2095,0.3216,16.6590,16.5509,15.5601,0.0011,-1.0000
16.6674,0.0000,22.9995,1.0598,0.3168,16.6783,16.6613,15.6445,0.0008,-1.0000
16.6662,0.0000,23.0162,1.3003,0.3108,16.6621,16.6604,15.6587,0.0009,-1.0000
16.6660,0.0000,23.0329,1.3499,0.2946,16.7717,16.6571,15.5293,0.0009,-1.0000
16.6693,0.0000,23.0495,0.9894,0.2546,16.5570,16.6652,15.5319,0.0011,-1.0000
16.6667,0.0000,23.0661,1.0157,0.2463,16.6677,16.6630,15.6266,0.0010,-1.0000
16.6647,0.0000,23.0829,1.0006,0.3044,16.6668,16.6537,15.6007,0.0011,-1.0000
16.6668,0.0000,23.0995,1.1265,0.2627,16.6637,16.6595,15.6827,0.0009,-1.0000
16.6679,0.0000,23.1163,1.1319,0.2817,16.6714,16.6652,15.6245,0.0008,-1.0000
16.6666,0.0000,23.1329,1.0354,0.2875,16.6702,16.6589,15.4104,0.0008,-1.0000
16.6669,0.0000,23.1496,1.0519,0.2430,16.6602,16.6642,15.6828,0.0008,-1.0000
16.6659,0.0000,23.1661,0.9760,0.3108,16.6650,16.6559,15.6187,0.0007,-1.0000
16.6671,0.0000,23.1829,1.0400,0.2728,16.6712,16.6577,15.7415,0.0006,-1.0000
16.6683,0.0000,23.1996,1.2474,0.2587,16.6650,16.6677,15.3568,0.0008,-1.0000
16.6674,0.0000,23.2164,0.9804,0.2502,16.6708,16.6640,15.4301,0.0012,-1.0000
16.6669,0.0000,23.2330,1.0361,0.2429,16.6627,16.6562,15.1556,0.0014,-1.0000
16.6666,0.0000,23.2497,0.9154,0.2667,16.6639,16.6565,15.4235,0.0011,-1.0000
16.6668,0.0000,23.2662,1.3099,0.8511,16.6757,16.6566,15.3226,0.0010,-1.0000
16.6664,0.0000,23.2830,1.2327,0.5189,16.6729,16.6531,15.0772,0.0013,-1.0000
16.6687,0.0000,23.2997,1.4992,0.2995,16.6666,16.6615,15.1682,0.0015,-1.0000
16.6644,0.0000,23.3163,1.2316,0.3245,16.6666,16.6473,14.5022,0.0023,-1.0000
16.6661,0.0000,23.3329,1.3325,0.5655,16.6677,16.6554,15.4770,0.0008,-1.0000
16.7022,0.0000,23.3496,1.5740,0.2997,16.6632,16.6963,15.4187,0.0009,-1.0000
16.6317,0.0000,23.3662,1.4920,0.8010,16.6734,16.6256,15.4129,0.0010,-1.0000
16.6661,0.0000,23.3829,2.1424,0.2731,16.6578,16.6556,15.4468,0.0011,-1.0000
16.6664,0.0000,23.3995,1.1769,0.2730,16.6625,16.6594,15.5949,0.0010,-1.0000
16.6671,0.0000,23.4162,1.2763,0.3170,16.7035,16.6611,15.5858,0.0010,-1.0000
16.6676,0.0000,23.4329,1.2113,0.2743,16.6333,16.6605,15.5749,0.0010,-1.0000
16.6663,0.0000,23.4496,1.2075,0.2706,16.6626,16.6589,15.4787,0.0010,-1.0000
16.6670,0.0000,23.4661,1.0636,0.2793,16.6657,16.6672,15.3654,0.0011,-1.0000
16.6666,0.0000,23.4829,1.0743,0.2880,16.6679,16.6550,15.6555,0.0010,-1.0000
16.6669,0.0000,23.4998,1.0844,0.3163,16.6681,16.6578,15.6012,0.0011,-1.0000
16.6661,0.0000,23.5162,1.1790,0.2883,16.6665,16.6558,15.2866,0.0013,-1.0000
16.6672,0.0000,23.5329,1.3007,0.2883,16.6740,16.6626,15.4779,0.0012,-1.0000
16.6655,0.0000,23.5495,0.9984,0.2707,16.6621,16.6574,15.4748,0.0012,-1.0000
16.6689,0.0000,23.5662,1.0554,0.3768,16.6644,16.6677,15.6876,0.0008,-1.0000
16.6667,0.0000,23.5830,1.3678,0.3467,16.6628,16.6588,15.5869,0.0009,-1.0000
16.6668,0.0000,23.5996,1.1834,0.3424,16.6693,16.6577,15.4682,0.0013,-1.0000
16.6668,0.0000,23.6163,1.1812,0.3354,16.6638,16.6590,15.4620,0.0011,-1.0000
16.6650,0.0000,23.6329,0.9792,0.2964,16.6739,16.6582,15.4746,0.0010,-1.0000
16.6681,0.0000,23.6496,1.0710,0.3130,16.6667,16.6617,15.6614,0.0010,-1.0000
16.6661,0.0000,23.6661,1.1881,0.3431,16.6659,16.6584,15.5790,0.0010,-1.0000
16.6681,0.0000,23.6829,1.1958,0.3127,16.6669,16.6619,15.7162,0.0008,-1.0000
16.6662,0.0000,23.6996,1.1824,0.2906,16.6647,16.6588,15.4671,0.0009,-1.0000
16.6682,0.0000,23.7163,0.9990,0.3051,16.6669,16.6620,15.4815,0.0011,-1.0000
16.6662,0.0000,23.7329,1.0785,0.3231,16.6655,16.6580,15.5100,0.0011,-1.0000
16.6652,0.0000,23.7496,0.9446,0.3006,16.6694,16.6525,15.5264,0.0015,-1.0000
16.6681,0.0000,23.7661,1.1907,0.2992,16.6665,16.6632,15.6884,0.0010,-1.0000
16.6671,0.0000,23.7829,1.1794,0.3427,16.6696,16.6659,15.6134,0.0007,-1.0000
16.6646,0.0000,23.7995,1.1468,0.3283,16.6662,16.6484,15.4995,0.0011,-1.0000
16.6694,0.0000,23.8163,1.1246,0.2429,16.6604,16.6699,15.6886,0.0007,-1.0000
16.6661,0.0000,23.8329,0.9737,0.2836,16.6709,16.6577,15.4323,0.0011,-1.0000
16.6668,0.0000,23.8496,1.0515,0.2620,16.6731,16.6589,15.6141,0.0009,-1.0000
16.6673,0.0000,23.8662,1.1476,0.2775,16.6538,16.6596,15.3906,0.0011,-1.0000
16.6666,0.0000,23.8829,0.9804,0.3290,16.6766,16.6595,15.5537,0.0009,-1.0000
16.6648,0.0000,23.8995,1.2242,0.3113,16.6652,16.6520,15.5586,0.0011,-1.0000
16.6680,0.0000,23.9162,1.0438,0.3354,16.6664,16.6661,15.7352,0.0014,-1.0000
16.6669,0.0000,23.9329,1.2681,0.3025,16.6672,16.6611,15.6302,0.0010,-1.0000
16.6666,0.0000,23.9496,1.1048,0.3041,16.6670,16.6567,15.4658,0.0009,-1.0000
16.6672,0.0000,23.9661,1.0922,0.2692,16.6578,16.6628,15.5736,0.0010,-1.0000
16.6663,0.0000,23.9829,0.9294,0.2565,16.6729,16.6583,15.6518,0.0008,-1.0000
16.6656,0.0000,23.9995,1.0297,0.2631,16.6678,16.6573,15.6095,0.0009,-1.0000
16.6679,0.0000,24.0162,1.1899,0.2803,16.6630,16.6643,15.6808,0.0009,-1.0000
16.6673,0.0000,24.0330,1.0884,0.3061,16.6699,16.6619,15.5221,0.0009,-1.0000
16.6661,0.0000,24.0496,1.0057,0.3290,16.6652,16.6574,15.4501,0.0010,-1.0000
16.6668,0.0000,24.0661,1.0469,0.2609,16.6638,16.6584,15.6423,0.0008,-1.0000
16.6668,0.0000,24.0829,0.9825,0.3082,16.6709,16.6602,15.7224,0.0006,-1.0000
16.6668,0.0000,24.0995,1.1388,0.3030,16.6695,16.6617,15.6772,0.0009,-1.0000
16.6671,0.0000,24.1163,1.2064,0.2564,16.6645,16.6612,15.6041,0.0009,-1.0000
16.6673,0.0000,24.1329,1.0152,0.2533,16.6650,16.6625,15.5480,0.0011,-1.0000
16.6671,0.0000,24.1496,0.9370,0.2473,16.6666,16.6575,15.6097,0.0010,-1.0000
16.6663,0.0000,24.1665,0.9833,0.2942,16.6681,16.6609,15.6427,0.0008,-1.0000
16.6674,0.0000,24.1829,1.0562,0.2521,16.6680,16.6613,15.1270,0.0008,-1.0000
16.6651,0.0000,24.1995,1.1134,0.2578,16.6705,16.6517,15.4851,0.0011,-1.0000
16.6660,0.0000,24.2161,1.0467,0.2553,16.6644,16.6589,15.5198,0.0009,-1.0000
16.6678,0.0000,24.2328,1.0173,0.3825,16.6689,16.6651,15.8144,0.0007,-1.0000
16.6680,0.0000,24.2496,1.5329,0.3106,16.6687,16.6637,15.6914,0.0009,-1.0000
16.6667,0.0000,24.2661,1.1653,0.3226,16.6586,16.6572,15.4079,0.0013,-1.0000
16.6651,0.0000,24.2829,1.1381,0.2711,16.6641,16.6540,15.4023,0.0009,-1.0000
16.6671,0.0000,24.2995,0.8500,0.3265,16.6708,16.6601,15.4628,0.0009,-1.0000
16.6686,0.0000,24.3163,0.9713,0.4023,16.6717,16.6686,15.6189,0.0009,-1.0000
16.6663,0.0000,24.3329,1.2479,0.3598,16.6651,16.6559,15.4367,0.0013,-1.0000
16.6652,0.0000,24.3496,1.2506,0.3097,16.6608,16.6560,15.5440,0.0014,-1.0000
16.6671,0.0000,24.3662,1.1963,0.3490,16.6661,16.6610,15.4598,0.0009,-1.0000
16.6667,0.0000,24.3829,1.0491,0.3297,16.6755,16.6590,15.6080,0.0010,-1.0000
16.6675,0.0000,24.3996,1.2181,0.3053,16.6638,16.6631,15.7141,0.0007,-1.0000
16.6667,0.0000,24.4162,1.1104,0.3212,16.6628,16.6586,15.5902,0.0010,-1.0000
16.6680,0.0000,24.4329,1.2006,0.2564,16.6678,16.6661,15.6376,0.0009,-1.0000
16.6665,0.0000,24.4497,1.0497,0.2661,16.6646,16.6595,15.4004,0.0010,-1.0000
16.6663,0.0000,24.4661,0.9481,0.2786,16.6695,16.6539,15.2176,0.0013,-1.0000
16.6657,0.0000,24.4829,1.0671,0.2816,16.6657,16.6547,15.5523,0.0011,-1.0000
16.6683,0.0000,24.4996,1.0273,0.3199,16.6733,16.6643,15.6081,0.0010,-1.0000
16.6670,0.0000,24.5163,1.2582,0.3803,16.6689,16.6588,15.4309,0.0012,-1.0000
16.6660,0.0000,24.5330,1.4346,0.2714,16.6626,16.6569,15.5197,0.0012,-1.0000
16.6647,0.0000,24.5495,1.1009,0.3270,16.6622,16.6532,15.4816,0.0012,-1.0000
16.6688,0.0000,24.5661,1.0554,0.3597,16.6720,16.6658,15.7157,0.0009,-1.0000
16.6656,0.0000,24.5829,1.2266,0.3161,16.6676,16.6569,15.6069,0.0011,-1.0000
16.6661,0.0000,24.5995,1.1357,0.3086,16.6649,16.6601,15.6250,0.0009,-1.0000
16.6689,0.0000,24.6163,1.1701,0.2439,16.6601,16.6641,15.4194,0.0012,-1.0000
16.6669,0.0000,24.6329,0.9491,0.3151,16.6719,16.6605,15.4778,0.0013,-1.0000
16.6656,0.0000,24.6495,1.0488,0.3010,16.6635,16.6563,15.5539,0.0012,-1.0000
16.6663,0.0000,24.6661,1.0345,0.3145,16.6665,16.6581,15.6885,0.0008,-1.0000
16.6678,0.0000,24.6829,1.2437,0.3224,16.6709,16.6623,15.7460,0.0007,-1.0000
16.6668,0.0000,24.6996,1.1812,0.2827,16.6680,16.6656,15.5551,0.0009,-1.0000
16.6661,0.0000,24.7162,1.1010,0.2817,16.6632,16.6530,15.5546,0.0010,-1.0000
16.6659,0.0000,24.7328,0.9688,0.2627,16.6642,16.6581,15.7146,0.0008,-1.0000
16.6662,0.0000,24.7495,0.9156,0.3101,16.6686,16.6613,15.7992,0.0008,-1.0000
16.6671,0.0000,24.7661,1.1097,0.2640,16.6726,16.6631,15.8235,0.0009,-1.0000
16.6666,0.0000,24.7829,1.0973,0.2789,16.6587,16.6609,15.7600,0.0009,-1.0000
16.6670,0.0000,24.7995,0.9425,0.2595,16.6639,16.6619,15.7144,0.0008,-1.0000
16.6673,0.0000,24.8162,0.8611,0.3129,16.6663,16.6610,15.7859,0.0010,-1.0000
16.6673,0.0000,24.8328,0.8386,0.2750,16.6684,16.6644,15.7896,0.0007,-1.0000
16.6687,0.0000,24.8496,0.9001,0.2464,16.6665,16.6652,15.7418,0.0007,-1.0000
16.6663,0.0000,24.8667,0.9465,0.2451,16.6674,16.6567,15.4993,0.0014,-1.0000
16.6664,0.0000,24.8829,0.8739,0.2448,16.6668,16.6603,15.0876,0.0012,-1.0000
16.6663,0.0000,24.8995,0.8744,0.2532,16.6707,16.6565,15.6177,0.0010,-1.0000
16.6682,0.0000,24.9163,0.9226,0.3037,16.6721,16.6660,15.5822,0.0010,-1.0000
16.6657,0.0000,24.9329,1.1559,0.2771,16.6644,16.6540,15.5221,0.0013,-1.0000
16.6658,0.0000,24.9496,1.5714,0.2879,16.6672,16.6561,15.5332,0.0011,-1.0000
16.6683,0.0000,24.9661,1.0375,0.3489,16.6633,16.6638,15.5987,0.0010,-1.0000
16.6686,0.0000,24.9829,1.0824,0.3535,16.6742,16.6706,15.6643,0.0007,-1.0000
16.6644,0.0000,24.9996,1.1307,0.3131,16.6619,16.6499,15.6399,0.0010,-1.0000
16.6667,0.0000,25.0162,1.1219,0.2667,16.6626,16.6561,15.5677,0.0013,-1.0000
16.6653,0.0000,25.0329,1.0641,0.3774,16.6701,16.6573,15.5349,0.0008,-1.0000
16.6672,0.0000,25.0496,1.0057,0.2694,16.6791,16.6626,15.5319,0.0010,-1.0000
16.6689,0.0000,25.0662,1.0090,0.3243,16.6563,16.6663,15.6152,0.0011,-1.0000
16.6668,0.0000,25.0829,1.0869,0.3927,16.6634,16.6581,15.5224,0.0009,-1.0000
16.6664,0.0000,25.0996,1.1215,0.3135,16.6637,16.6583,15.6110,0.0011,-1.0000
16.6665,0.0000,25.1163,1.1297,0.3129,16.6689,16.6568,15.4093,0.0009,-1.0000
16.6653,0.0000,25.1329,1.0499,0.3334,16.6743,16.6535,15.5120,0.0010,-1.0000
16.6682,0.0000,25.1496,1.1345,0.2757,16.6666,16.6654,15.6122,0.0008,-1.0000
16.6671,0.0000,25.1662,1.0462,0.3252,16.6666,16.6609,15.5167,0.0014,-1.0000
16.6659,0.0000,25.1829,1.2465,0.2777,16.6648,16.6518,15.5822,0.0010,-1.0000
16.6653,0.0000,25.1996,1.1406,0.4230,16.6603,16.6576,15.6158,0.0012,-1.0000
16.6678,0.0000,25.2162,1.0525,0.3905,16.6723,16.6631,15.5511,0.0011,-1.0000
16.6678,0.0000,25.2329,1.1426,0.2820,16.6705,16.6646,15.6408,0.0009,-1.0000
16.6671,0.0000,25.2496,1.0688,0.2782,16.6599,16.6565,15.5046,0.0009,-1.0000
16.6647,0.0000,25.2661,1.0405,0.2894,16.6638,16.6536,15.6251,0.0009,-1.0000
16.6695,0.0000,25.2829,1.1110,0.2780,16.6698,16.6627,15.6375,0.0009,-1.0000
16.6681,0.0000,25.2995,1.0228,0.3459,16.6727,16.6653,15.6297,0.0009,-1.0000
16.6663,0.0000,25.3162,1.1508,0.3043,16.6645,16.6589,15.6878,0.0008,-1.0000
16.6678,0.0000,25.3329,1.0275,0.2748,16.6608,16.6628,15.7145,0.0007,-1.0000
16.6661,0.0000,25.3496,1.0241,0.2564,16.6681,16.6586,15.5396,0.0009,-1.0000
16.6670,0.0000,25.3662,1.0348,0.2668,16.6711,16.6622,15.4874,0.0011,-1.0000
16.6684,0.0000,25.3829,0.9702,0.2654,16.6653,16.6630,15.6109,0.0010,-1.0000
16.6659,0.0000,25.3996,0.9476,0.2855,16.6692,16.6558,15.5022,0.0014,-1.0000
16.6658,0.0000,25.4162,1.1175,0.3209,16.6657,16.6563,15.4935,0.0012,-1.0000
16.6661,0.0000,25.4328,1.1736,0.3315,16.6693,16.6564,15.6753,0.0010,-1.0000
16.6669,0.0000,25.4496,1.0507,0.2817,16.6709,16.6626,15.6818,0.0007,-1.0000
16.6670,0.0000,25.4661,1.1522,0.3095,16.6650,16.6631,15.5824,0.0010,-1.0000
16.6677,0.0000,25.4829,1.1616,0.2494,16.6631,16.6624,15.6948,0.0010,-1.0000
16.6661,0.0000,25.4996,0.9801,0.2796,16.6624,16.6577,15.6302,0.0010,-1.0000
16.6661,0.0000,25.5162,0.9800,0.2912,16.6681,16.6550,15.6343,0.0010,-1.0000
16.6668,0.0000,25.5329,1.0797,0.2718,16.6690,16.6623,15.7657,0.0007,-1.0000
16.6664,0.0000,25.5495,0.9665,0.3018,16.6699,16.6569,15.7172,0.0010,-1.0000
16.6686,0.0000,25.5661,1.0262,0.2380,16.6654,16.6673,15.7753,0.0007,-1.0000
16.6658,0.0000,25.5829,1.0196,0.3354,16.6614,16.6591,15.7437,0.0009,-1.0000
16.6668,0.0000,25.5995,0.8959,0.2391,16.6677,16.6609,15.6432,0.0009,-1.0000
16.6689,0.0000,25.6163,0.9385,0.2372,16.6627,16.6646,15.6544,0.0008,-1.0000
16.6659,0.0000,25.6329,0.8911,0.2583,16.6735,16.6564,15.4441,0.0011,-1.0000
16.6661,0.0000,25.6495,0.9144,0.2627,16.6655,16.6573,15.5897,0.0012,-1.0000
16.6685,0.0000,25.6662,1.0167,0.2919,16.6675,16.6644,15.4934,0.0010,-1.0000
16.6666,0.0000,25.6829,1.0095,0.3229,16.6724,16.6582,15.5542,0.0010,-1.0000
16.6666,0.0000,25.6996,1.2110,0.2833,16.6646,16.6583,15.4925,0.0011,-1.0000
16.6654,0.0000,25.7163,1.0665,0.2629,16.6644,16.6571,15.4802,0.0011,-1.0000
16.6672,0.0000,25.7329,1.1700,0.2870,16.6722,16.6584,15.5206,0.0013,-1.0000
16.6660,0.0000,25.7495,1.1029,0.2839,16.6661,16.6600,15.6267,0.0008,-1.0000
16.6669,0.0000,25.7661,1.1646,0.2619,16.6660,16.6592,15.6636,0.0008,-1.0000
16.6676,0.0000,25.7830,1.1756,0.2762,16.6643,16.6628,15.6478,0.0008,-1.0000
16.6657,0.0000,25.7995,1.1365,0.2762,16.6651,16.6550,15.4885,0.0012,-1.0000
16.6670,0.0000,25.8162,1.0322,0.2630,16.6666,16.6627,15.6865,0.0010,-1.0000
16.6665,0.0000,25.8328,0.9949,0.3520,16.6664,16.6588,15.6847,0.0009,-1.0000
16.6680,0.0000,25.8497,1.0141,0.2785,16.6699,16.6657,15.7522,0.0010,-1.0000
16.6661,0.0000,25.8662,1.1652,0.2623,16.6610,16.6589,15.3587,0.0009,-1.0000
16.6657,0.0000,25.8830,0.9751,0.2479,16.6687,16.7012,15.6602,0.0011,-1.0000
16.6681,0.0000,25.8995,0.9732,0.2482,16.6645,16.6177,15.5180,0.0015,-1.0000
16.6657,0.0000,25.9162,0.9128,0.3012,16.6714,16.6584,15.7240,0.0009,-1.0000
16.6680,0.0000,25.9329,1.2993,0.2558,16.6665,16.6647,15.7352,0.0008,-1.0000
16.6646,0.0000,25.9495,1.0399,0.2616,16.7085,16.6525,15.5574,0.0010,-1.0000
16.6666,0.0000,25.9661,1.0982,0.2423,16.6238,16.6596,15.7181,0.0008,-1.0000
16.6675,0.0000,25.9829,0.9335,0.2366,16.6654,16.6660,15.9215,0.0008,-1.0000
16.6670,0.0000,25.9995,0.9287,0.3114,16.6710,16.6614,15.7753,0.0010,-1.0000
16.6669,0.0000,26.0162,1.0941,0.2291,16.6584,16.6606,15.7717,0.0008,-1.0000
16.6661,0.0000,26.0329,0.9405,0.2740,16.6642,16.6611,15.6465,0.0009,-1.0000
16.6673,0.0000,26.0495,0.7439,0.2372,16.6712,16.6590,15.7374,0.0008,-1.0000
16.6668,0.0000,26.0661,0.8851,0.2396,16.6671,16.6630,15.8371,0.0007,-1.0000
16.6666,0.0000,26.0828,0.8879,0.2871,16.6664,16.6612,15.8759,0.0008,-1.0000
16.6663,0.0000,26.0995,1.0136,0.2280,16.6666,16.6616,15.7956,0.0007,-1.0000
16.6683,0.0000,26.1163,0.9206,0.2248,16.6644,16.6651,15.7222,0.0009,-1.0000
16.6659,0.0000,26.1328,0.8250,0.2374,16.6682,16.6572,15.6236,0.0008,-1.0000
16.6676,0.0000,26.1495,0.7847,0.2313,16.6669,16.6623,15.7694,0.0010,-1.0000
16.6671,0.0000,26.1661,0.8653,0.2596,16.6669,16.6619,15.7272,0.0010,-1.0000
16.6655,0.0000,26.1828,0.9419,0.2348,16.6715,16.6567,15.8085,0.0010,-1.0000
16.6667,0.0000,26.1995,1.0327,0.2296,16.6637,16.6626,15.7461,0.0007,-1.0000
16.6678,0.0000,26.2162,0.8918,0.2361,16.6682,16.6632,15.7181,0.0008,-1.0000
16.6691,0.0000,26.2329,0.9337,0.2316,16.6684,16.6696,15.7719,0.0007,-1.0000
16.6653,0.0000,26.2495,0.8470,0.2453,16.6625,16.6521,15.5943,0.0010,-1.0000
16.6650,0.0000,26.2661,0.9153,0.2368,16.6673,16.6553,15.6630,0.0009,-1.0000
16.6692,0.0000,26.2834,0.9440,0.2347,16.6684,16.6673,15.8402,0.0007,-1.0000
16.6651,0.0000,26.2995,0.8972,0.2684,16.6772,16.6549,10.3780,0.0016,-1.0000
16.6675,0.0000,26.3161,1.0568,0.2734,16.6592,16.6626,15.7745,0.0008,-1.0000
16.6682,0.0000,26.3328,0.9917,0.3057,16.6613,16.6665,15.7907,0.0007,-1.0000
16.6658,0.0000,26.3495,0.8264,0.3932,16.6735,16.6575,15.7361,0.0008,-1.0000
16.6671,0.0000,26.3661,6.2759,0.2729,16.6610,16.6619,15.5952,0.0007,-1.0000
16.6679,0.0000,26.3829,0.8871,0.2530,16.6685,16.6628,15.6990,0.0008,-1.0000
16.6659,0.0000,26.3995,0.8751,0.2476,16.6723,16.6581,15.5039,0.0013,-1.0000
16.6656,0.0000,26.4161,0.9203,0.3108,16.6637,16.6545,15.6721,0.0011,-1.0000
16.6664,0.0000,26.4328,1.0663,0.2583,16.6683,16.6605,15.7750,0.0007,-1.0000
16.6686,0.0000,26.4495,0.9628,0.2969,16.6699,16.6674,15.6724,0.0009,-1.0000
16.6669,0.0000,26.4661,1.1528,0.2587,16.6660,16.6580,15.5406,0.0012,-1.0000
16.6673,0.0000,26.4829,0.9808,0.2557,16.6605,16.6612,15.5578,0.0009,-1.0000
16.6651,0.0000,26.4995,0.8845,0.3268,16.6666,16.6504,15.5938,0.0013,-1.0000
16.6664,0.0000,26.5161,0.9939,0.2760,16.6745,16.6590,15.7496,0.0007,-1.0000
16.6670,0.0000,26.5329,1.1163,0.2971,16.6658,16.6618,15.7631,0.0008,-1.0000
16.6677,0.0000,26.5496,1.1025,0.2580,16.6704,16.6639,15.5340,0.0007,-1.0000
16.6661,0.0000,26.5662,1.0554,0.2493,16.6590,16.6576,15.5996,0.0010,-1.0000
16.6663,0.0000,26.5829,0.9084,0.3316,16.6650,16.6598,15.3409,0.0012,-1.0000
16.6685,0.0000,26.5996,0.8978,0.3068,16.6677,16.6643,15.6620,0.0009,-1.0000
16.6652,0.0000,26.6163,1.1293,0.3397,16.6707,16.6606,15.5450,0.0009,-1.0000
16.6662,0.0000,26.6329,1.0570,0.3064,16.6650,16.6512,15.6046,0.0008,-1.0000
16.6677,0.0000,26.6496,1.3176,0.2552,16.6661,16.6647,15.7135,0.0007,-1.0000
16.6668,0.0000,26.6661,1.0013,0.2981,16.6712,16.6615,15.6251,0.0010,-1.0000
16.6654,0.0000,26.6829,1.1145,0.2748,16.6685,16.6537,15.7618,0.0009,-1.0000
16.6688,0.0000,26.6996,1.0456,0.2331,16.6570,16.6711,15.6605,0.0011,-1.0000
16.6654,0.0000,26.7162,0.9503,0.2605,16.6723,16.6495,15.5545,0.0012,-1.0000
16.6666,0.0000,26.7329,1.0353,0.2678,16.6684,16.6610,15.7015,0.0009,-1.0000
16.6688,0.0000,26.7496,0.8908,0.2721,16.6597,16.6658,15.6667,0.0008,-1.0000
16.6659,0.0000,26.7661,1.0097,0.2738,16.6785,16.6566,15.6060,0.0011,-1.0000
16.6664,0.0000,26.7829,1.0935,0.2604,16.6557,16.6583,15.5392,0.0009,-1.0000
16.6681,0.0000,26.7996,0.9587,0.2757,16.6675,16.6641,15.6290,0.0009,-1.0000
16.6666,0.0000,26.8163,0.9982,0.2800,16.6731,16.6579,15.5390,0.0012,-1.0000
16.6664,0.0000,26.8329,1.0495,0.3145,16.6642,16.6563,15.5147,0.0014,-1.0000
16.6674,0.0000,26.8496,1.1180,0.2549,16.6654,16.6610,15.6698,0.0009,-1.0000
16.6655,0.0000,26.8662,1.0342,0.3127,16.6715,16.6587,15.5655,0.0007,-1.0000
16.6661,0.0000,26.8829,1.1176,0.2908,16.6658,16.6572,15.6790,0.0009,-1.0000
16.6691,0.0000,26.8996,1.1403,0.2425,16.6640,16.6662,15.5792,0.0010,-1.0000
16.6660,0.0000,26.9162,0.9904,0.2968,16.6681,16.6544,15.5695,0.0010,-1.0000
16.6659,0.0000,26.9329,1.0924,0.2735,16.6649,16.6582,15.6473,0.0009,-1.0000
16.6667,0.0000,26.9495,0.9773,0.2648,16.6640,16.6609,15.6391,0.0007,-1.0000
16.6672,0.0000,26.9661,1.0859,0.2694,16.6745,16.6663,15.6950,0.0008,-1.0000
16.6670,0.0000,26.9829,1.0838,0.2688,16.6613,16.6590,15.7728,0.0008,-1.0000
16.6659,0.0000,26.9996,1.0099,0.2750,16.6646,16.6593,15.5963,0.0007,-1.0000
16.6655,0.0000,27.0162,1.0209,0.2480,16.6655,16.6552,15.6882,0.0010,-1.0000
16.6678,0.0000,27.0329,0.9705,0.2523,16.6723,16.6652,15.7364,0.0008,-1.0000
16.6683,0.0000,27.0496,0.8854,0.2677,16.6653,16.6651,15.6688,0.0010,-1.0000
16.6673,0.0000,27.0663,1.0620,0.2940,16.6666,16.6599,15.5276,0.0012,-1.0000
16.6654,0.0000,27.0829,0.9659,0.2584,16.6615,16.6547,15.4148,0.0010,-1.0000
16.6673,0.0000,27.0996,0.9281,0.2560,16.6705,16.6579,15.5720,0.0008,-1.0000
16.6673,0.0000,27.1163,0.9956,0.3117,16.6721,16.6629,15.5260,0.0011,-1.0000
16.6651,0.0000,27.1329,1.1311,0.3072,16.6689,16.6530,15.5382,0.0010,-1.0000
16.6679,0.0000,27.1496,1.2387,0.3026,16.6624,16.6669,15.7371,0.0008,-1.0000
16.6657,0.0000,27.1661,1.0849,0.2848,16.6647,16.6542,15.6302,0.0011,-1.0000
16.6661,0.0000,27.1829,1.1356,0.2705,16.6703,16.6608,15.8182,0.0007,-1.0000
16.6687,0.0000,27.1996,1.1139,0.2615,16.6598,16.6701,15.6391,0.0009,-1.0000
16.6659,0.0000,27.2162,0.9289,0.2996,16.6733,16.6540,15.6108,0.0007,-1.0000
16.6672,0.0000,27.2329,1.0228,0.2419,16.6594,16.6615,15.6449,0.0009,-1.0000
16.6677,0.0000,27.2496,0.8416,0.3051,16.6666,16.6642,15.6647,0.0010,-1.0000
16.6666,0.0000,27.2662,1.0298,0.2735,16.6764,16.6587,15.2457,0.0012,-1.0000
16.6649,0.0000,27.2829,1.0420,0.2922,16.6602,16.6532,15.5735,0.0008,-1.0000
16.6686,0.0000,27.2996,1.0154,0.3216,16.6677,16.6643,15.5981,0.0008,-1.0000
16.6679,0.0000,27.3163,0.9984,0.3592,16.6714,16.6647,15.6497,0.0010,-1.0000
16.6652,0.0000,27.3329,1.4113,0.2911,16.6672,16.6531,15.3564,0.0014,-1.0000
16.6673,0.0000,27.3496,1.0785,0.2971,16.6599,16.6659,15.6544,0.0009,-1.0000
16.6669,0.0000,27.3662,1.0650,0.2709,16.6707,16.6573,15.5417,0.0009,-1.0000
16.6647,0.0000,27.3829,1.0140,0.3723,16.6718,16.6533,15.6371,0.0010,-1.0000
16.6685,0.0000,27.3996,1.2952,0.2671,16.6607,16.6644,15.6564,0.0008,-1.0000
16.6674,0.0000,27.4163,1.0105,0.3524,16.6722,16.6617,15.6563,0.0009,-1.0000
16.6658,0.0000,27.4329,1.1146,0.2865,16.6649,16.6574,15.5864,0.0009,-1.0000
16.6663,0.0000,27.4496,1.0151,0.2793,16.6599,16.6563,15.5915,0.0007,-1.0000
16.6665,0.0000,27.4661,1.0072,0.3339,16.6713,16.6612,15.6489,0.0010,-1.0000
16.6674,0.0000,27.4829,1.0042,0.2886,16.6690,16.6637,15.8298,0.0007,-1.0000
16.6672,0.0000,27.4996,1.0699,0.3230,16.6648,16.6646,15.6572,0.0009,-1.0000
16.6680,0.0000,27.5163,1.0637,0.2502,16.6626,16.6605,15.6257,0.0009,-1.0000
16.6647,0.0000,27.5329,1.0113,0.2563,16.6665,16.6521,15.4804,0.0012,-1.0000
16.6681,0.0000,27.5496,0.8331,0.2680,16.6689,16.6610,15.5881,0.0008,-1.0000
16.6672,0.0000,27.5662,1.0065,0.3185,16.6714,16.6624,15.6943,0.0009,-1.0000
16.6651,0.0000,27.5829,1.0338,0.3140,16.6687,16.6547,14.8200,0.0014,-1.0000
16.6676,0.0000,27.5996,1.1705,0.3102,16.6600,16.6624,15.6842,0.0009,-1.0000
16.6669,0.0000,27.6163,1.0720,0.2874,16.6686,16.6605,15.5530,0.0009,-1.0000
16.6674,0.0000,27.6330,0.9672,0.2927,16.6700,16.6715,15.5809,0.0008,-1.0000
16.7481,0.0000,27.6497,1.8334,0.2633,16.6617,16.7314,15.5075,0.0013,-1.0000
16.6656,0.0000,27.6662,0.9774,0.3078,16.6684,16.6548,15.5273,0.0011,-1.0000
16.6670,0.0000,27.6830,1.1064,0.2837,16.6669,16.6610,15.6556,0.0012,-1.0000
16.6664,0.0000,27.6997,1.0898,0.3114,16.6798,16.6606,15.6079,0.0010,-1.0000
16.6676,0.0000,27.7164,1.2225,0.3003,16.7395,16.6612,15.5220,0.0009,-1.0000
16.6667,0.0000,27.7330,1.1264,0.2947,16.6624,16.6580,15.5667,0.0011,-1.0000
16.6659,0.0000,27.7496,1.0038,0.2971,16.6669,16.6595,15.5901,0.0011,-1.0000
16.6684,0.0000,27.7662,1.0516,0.2905,16.6667,16.6641,15.6342,0.0010,-1.0000
16.6673,0.0000,27.7831,1.1383,0.2966,16.6685,16.6602,15.5681,0.0009,-1.0000
16.6669,0.0000,27.7997,1.0901,0.3007,16.6648,16.6629,15.4103,0.0012,-1.0000
16.6675,0.0000,27.8164,1.0680,0.2685,16.6665,16.6576,15.4061,0.0010,-1.0000
16.6659,0.0000,27.8330,1.0288,0.3176,16.6713,16.6529,15.3936,0.0012,-1.0000
16.6663,0.0000,27.8497,1.0910,0.3652,16.6685,16.6580,15.5541,0.0012,-1.0000
16.6667,0.0000,27.8663,1.2513,0.3873,16.6712,16.6601,15.4686,0.0013,-1.0000
16.6671,0.0000,27.8830,1.2503,0.3570,16.6663,16.6634,15.5113,0.0011,-1.0000
16.6656,0.0000,27.8997,1.2581,0.3029,16.6619,16.6515,15.6160,0.0010,-1.0000
16.6668,0.0000,27.9163,1.1029,0.3116,16.6656,16.6588,15.6145,0.0010,-1.0000
16.6661,0.0000,27.9330,1.1901,0.3269,16.6675,16.6586,15.6756,0.0007,-1.0000
16.6675,0.0000,27.9497,1.1508,0.2660,16.6714,16.6636,15.6090,0.0007,-1.0000
16.6674,0.0000,27.9662,1.0341,0.2776,16.6588,16.6628,15.6314,0.0009,-1.0000
16.6675,0.0000,27.9830,1.0432,0.2562,16.6649,16.6620,15.6502,0.0009,-1.0000
16.6643,0.0000,27.9996,0.9820,0.3198,16.6644,16.6520,15.5486,0.0010,-1.0000
16.6681,0.0000,28.0163,1.0538,0.2696,16.6694,16.6617,15.6241,0.0009,-1.0000
16.6676,0.0000,28.0330,1.0307,0.2897,16.6695,16.6636,15.5906,0.0008,-1.0000
16.6654,0.0000,28.0496,1.0109,0.2859,16.6698,16.6540,15.5006,0.0013,-1.0000
16.6693,0.0000,28.0663,1.1023,0.3119,16.6594,16.6718,15.7281,0.0010,-1.0000
16.6661,0.0000,28.0830,1.0364,0.3572,16.6678,16.6504,15.4908,0.0012,-1.0000
16.6653,0.0000,28.0996,1.0719,0.2942,16.6712,16.6541,15.6179,0.0009,-1.0000
16.6674,0.0000,28.1163,1.1521,0.2608,16.6603,16.6634,15.6933,0.0010,-1.0000
16.6666,0.0000,28.1330,0.9427,0.3344,16.6807,16.6579,15.5749,0.0008,-1.0000
16.6674,0.0000,28.1497,1.1581,0.2679,16.6599,16.6628,15.3542,0.0009,-1.0000
16.6672,0.0000,28.1663,1.0349,0.2832,16.6610,16.6651,15.5886,0.0010,-1.0000
16.6667,0.0000,28.1830,0.9687,0.2830,16.6701,16.6508,15.6037,0.0010,-1.0000
16.6660,0.0000,28.1998,1.0815,0.2849,16.6650,16.6581,15.3729,0.0011,-1.0000
16.6670,0.0000,28.2163,1.3072,0.2831,16.6696,16.6608,15.1576,0.0012,-1.0000
16.6658,0.0000,28.2329,1.0753,0.2928,16.6745,16.6580,15.6420,0.0009,-1.0000
16.6677,0.0000,28.2496,1.0460,0.3265,16.6591,16.6618,15.7022,0.0008,-1.0000
16.6660,0.0000,28.2662,1.2840,0.3044,16.6656,16.6581,15.7289,0.0008,-1.0000
16.6674,0.0000,28.2830,1.5020,0.2839,16.6685,16.6615,15.6710,0.0007,-1.0000
16.6657,0.0000,28.2996,1.0147,0.2701,16.6640,16.6575,15.6117,0.0011,-1.0000
16.6690,0.0000,28.3163,0.9587,0.2643,16.6682,16.6665,15.7313,0.0008,-1.0000
16.6663,0.0000,28.3330,0.9284,0.3410,16.6647,16.6572,15.6544,0.0012,-1.0000
16.6658,0.0000,28.3496,0.9896,0.2787,16.6678,16.6565,15.6286,0.0009,-1.0000
16.6681,0.0000,28.3663,1.0447,0.2902,16.6643,16.6630,15.5486,0.0011,-1.0000
16.6657,0.0000,28.3830,0.9342,0.2950,16.6743,16.6557,15.4752,0.0010,-1.0000
16.6664,0.0000,28.3996,1.0014,0.3000,16.6651,16.6606,15.6659,0.0009,-1.0000
16.6673,0.0000,28.4163,1.0270,0.3208,16.6634,16.6578,15.6696,0.0009,-1.0000
16.6648,0.0000,28.4329,1.1133,0.3688,16.6708,16.6552,15.7356,0.0008,-1.0000
16.6669,0.0000,28.4496,1.1796,0.3130,16.6640,16.6636,15.8182,0.0007,-1.0000
16.6692,0.0000,28.4662,0.9935,0.2721,16.6675,16.6677,15.7406,0.0007,-1.0000
16.6675,0.0000,28.4830,0.9872,0.2743,16.6643,16.6620,15.7282,0.0008,-1.0000
16.6952,0.0000,28.4997,0.9187,0.2805,16.6604,16.6856,15.5338,0.0012,-1.0000
16.6368,0.0000,28.5163,0.8447,0.2835,16.6685,16.6269,15.5808,0.0011,-1.0000
16.6667,0.0000,28.5330,0.9262,0.2858,16.6745,16.6604,15.6042,0.0013,-1.0000
16.6677,0.0000,28.5497,0.9329,0.2989,16.6706,16.6616,15.5957,0.0011,-1.0000
16.6651,0.0000,28.5662,1.1506,0.2915,16.6937,16.6545,15.6587,0.0010,-1.0000
16.6669,0.0000,28.5829,1.0449,0.2997,16.6339,16.6619,15.8276,0.0006,-1.0000
16.6662,0.0000,28.5996,1.0550,0.2826,16.6676,16.6649,15.7737,0.0008,-1.0000
16.6680,0.0000,28.6163,1.0646,0.2972,16.6685,16.6603,15.6610,0.0010,-1.0000
16.6662,0.0000,28.6329,0.9946,0.2716,16.6606,16.6589,15.6034,0.0011,-1.0000
16.6668,0.0000,28.6496,0.8336,0.2470,16.6673,16.6608,15.7005,0.0009,-1.0000
16.6684,0.0000,28.6662,0.8904,0.2935,16.6701,16.6650,15.6815,0.0008,-1.0000
16.6670,0.0000,28.6830,0.9985,0.2716,16.6660,16.6581,15.5348,0.0007,-1.0000
16.6662,0.0000,28.6997,1.0542,0.3015,16.6651,16.6568,15.5124,0.0017,-1.0000
16.6662,0.0000,28.7163,0.9591,0.2783,16.6670,16.6604,15.5847,0.0009,-1.0000
16.6678,0.0000,28.7330,0.9824,0.3194,16.6717,16.6633,15.6915,0.0009,-1.0000
16.6642,0.0000,28.7496,1.1224,0.3067,16.6663,16.6501,15.6323,0.0011,-1.0000
16.6685,0.0000,28.7662,1.1426,0.2692,16.6646,16.6721,15.7884,0.0009,-1.0000
16.6655,0.0000,28.7830,1.0745,0.2563,16.6669,16.6525,15.6314,0.0010,-1.0000
16.6668,0.0000,28.7996,0.9708,0.3099,16.6707,16.6592,15.6400,0.0008,-1.0000
16.6686,0.0000,28.8163,1.0168,0.2608,16.6567,16.6682,15.7804,0.0007,-1.0000
16.6656,0.0000,28.8330,0.8827,0.3012,16.6777,16.6555,15.5907,0.0010,-1.0000
16.6675,0.0000,28.8496,1.0198,0.3211,16.6586,16.6612,15.6315,0.0008,-1.0000
16.6656,0.0000,28.8662,1.0184,0.2665,16.6651,16.6555,15.4632,0.0010,-1.0000
16.6695,0.0000,28.8830,0.8870,0.2851,16.6753,16.6697,15.7149,0.0007,-1.0000
16.6654,0.0000,28.8997,1.0637,0.2791,16.6627,16.6536,15.6989,0.0012,-1.0000
16.6661,0.0000,28.9163,1.0288,0.3238,16.6679,16.6558,15.5957,0.0011,-1.0000
16.6665,0.0000,28.9330,1.1911,0.2749,16.6621,16.6610,15.7369,0.0008,-1.0000
16.6664,0.0000,28.9497,0.9540,0.2606,16.6775,16.6612,15.5763,0.0009,-1.0000
16.6675,0.0000,28.9662,0.9534,0.3138,16.6613,16.6612,15.5057,0.0009,-1.0000
16.6670,0.0000,28.9830,1.0590,0.2622,16.6630,16.6611,15.7126,0.0009,-1.0000
16.6670,0.0000,28.9997,0.9232,0.3188,16.6670,16.6605,15.6034,0.0008,-1.0000
16.6662,0.0000,29.0163,1.0838,0.2995,16.6677,16.6557,15.3974,0.0012,-1.0000
16.6656,0.0000,29.0330,1.1545,0.2785,16.6678,16.6557,15.5296,0.0008,-1.0000
16.6669,0.0000,29.0497,0.9476,0.2874,16.6682,16.6641,15.6824,0.0009,-1.0000
16.6672,0.0000,29.0662,1.0561,0.3587,16.6685,16.6590,15.6850,0.0011,-1.0000
16.6672,0.0000,29.0830,1.2568,0.2879,16.6628,16.6624,15.7346,0.0010,-1.0000
16.6652,0.0000,29.0996,1.1253,0.2574,16.6622,16.6565,15.6282,0.0011,-1.0000
16.6687,0.0000,29.1164,0.9811,0.2535,16.6704,16.6647,15.5836,0.0008,-1.0000
16.6675,0.0000,29.1330,0.9731,0.2980,16.6660,16.6622,15.5027,0.0011,-1.0000
16.6663,0.0000,29.1497,0.9267,0.2982,16.6691,16.6572,15.4725,0.0011,-1.0000
16.6670,0.0000,29.1662,1.0271,0.2841,16.6625,16.6589,15.6226,0.0010,-1.0000
16.6665,0.0000,29.1830,1.0804,0.3160,16.6712,16.6594,15.5780,0.0009,-1.0000
16.6658,0.0000,29.1997,1.1583,0.3147,16.6702,16.6551,15.5469,0.0008,-1.0000
16.6672,0.0000,29.2163,1.1834,0.2690,16.6651,16.6633,15.6203,0.0007,-1.0000
16.6675,0.0000,29.2330,1.0353,0.3036,16.6674,16.6605,15.5437,0.0011,-1.0000
16.6643,0.0000,29.2496,1.0803,0.3087,16.6670,16.6520,15.5842,0.0012,-1.0000
16.6690,0.0000,29.2663,1.1073,0.2647,16.6617,16.6660,15.7447,0.0009,-1.0000
16.6672,0.0000,29.2830,1.0422,0.2856,16.6699,16.6625,15.5851,0.0010,-1.0000
16.6656,0.0000,29.2996,1.1155,0.2856,16.6678,16.6546,15.5175,0.0011,-1.0000
16.6671,0.0000,29.3163,1.0667,0.2674,16.6579,16.6613,15.6918,0.0009,-1.0000
16.6672,0.0000,29.3330,0.9204,0.3792,16.6731,16.6622,15.6515,0.0009,-1.0000
16.6671,0.0000,29.3497,1.0762,0.3033,16.6702,16.6620,15.6788,0.0010,-1.0000
16.6657,0.0000,29.3663,1.1358,0.2638,16.6617,16.6589,15.6145,0.0008,-1.0000
16.6739,0.0000,29.3830,0.9683,0.2947,16.6666,16.6784,15.7088,0.0008,-1.0000
16.6635,0.0000,29.3997,1.0095,0.2783,16.6681,16.6491,15.3902,0.0012,-1.0000
16.6657,0.0000,29.4164,0.9819,0.3164,16.6687,16.6555,15.4675,0.0014,-1.0000
16.6663,0.0000,29.4330,1.0433,0.2656,16.6650,16.6584,15.3723,0.0011,-1.0000
16.6649,0.0000,29.4497,0.9682,0.4204,16.6858,16.6530,15.4110,0.0014,-1.0000
16.6673,0.0000,29.4662,1.2577,0.3134,16.6577,16.6601,15.4943,0.0012,-1.0000
16.6681,0.0000,29.4831,1.1864,0.3180,16.6643,16.6629,15.6989,0.0009,-1.0000
16.6661,0.0000,29.4997,1.2846,0.3152,16.6666,16.6571,15.4766,0.0013,-1.0000
16.6659,0.0000,29.5163,1.2403,0.3127,16.6610,16.6558,15.5608,0.0010,-1.0000
16.6674,0.0000,29.5330,1.1646,0.2969,16.6671,16.6620,15.5635,0.0012,-1.0000
16.6673,0.0000,29.5497,0.9629,0.3509,16.6713,16.6646,15.5306,0.0010,-1.0000
16.6665,0.0000,29.5663,1.1792,0.3326,16.6645,16.6538,15.5920,0.0010,-1.0000
16.6673,0.0000,29.5830,1.0939,0.3006,16.6622,16.6620,15.5794,0.0009,-1.0000
16.6661,0.0000,29.5997,1.0970,0.2993,16.6686,16.6567,15.5020,0.0013,-1.0000
16.6669,0.0000,29.6164,1.1329,0.2994,16.6732,16.6613,15.3934,0.0012,-1.0000
16.6676,0.0000,29.6331,1.0607,0.3600,16.6617,16.6616,15.3570,0.0013,-1.0000
16.6661,0.0000,29.6497,1.0812,0.3096,16.6698,16.6537,15.3109,0.0011,-1.0000
16.6671,0.0000,29.6663,1.1533,0.3665,16.6646,16.6584,15.5112,0.0013,-1.0000
16.6662,0.0000,29.6831,1.2664,0.3406,16.6683,16.6579,15.6034,0.0009,-1.0000
