frame_ms,focused,elapsed,CPU Main Thread Frame Time,CPU Render Thread Frame Time,CPU Total Frame Time,PlayerLoop,WaitForTargetFPS,Gfx.WaitForPresentOnGfxThread,Gfx.WaitForGfxCommandsFromMainThread
16.7094,1.0000,409.1425,1.4147,4.3233,16.6603,16.7037,15.2324,0.0010,-1.0000
16.6666,1.0000,409.1593,6.6718,0.2657,16.6766,16.6603,9.4388,0.0007,-1.0000
16.6668,1.0000,409.1757,1.3970,4.2185,16.6601,16.6530,15.2414,0.0013,-1.0000
16.6674,1.0000,409.1926,6.5826,0.2618,16.6633,16.6628,9.9157,0.0012,-1.0000
16.6662,1.0000,409.2091,1.4701,5.0576,16.7116,16.6515,15.0845,0.0013,-1.0000
16.6668,1.0000,409.2257,7.2211,0.2564,16.6690,16.6586,9.3860,0.0011,-1.0000
16.6677,1.0000,409.2424,1.4101,4.3040,16.6618,16.6658,15.3420,0.0012,-1.0000
16.6659,1.0000,409.2591,6.7458,0.3618,16.6731,16.6509,8.2308,0.0011,-1.0000
16.6639,1.0000,409.2757,1.5659,5.2757,16.6609,16.6461,15.3774,0.0014,-1.0000
16.6701,1.0000,409.2924,7.2715,0.2760,16.6668,16.6716,10.2353,0.0010,-1.0000
16.6679,1.0000,409.3091,1.3223,4.8980,16.6765,16.6629,15.1869,0.0011,-1.0000
16.6633,1.0000,409.3257,8.4191,0.2679,16.6604,16.6493,9.7710,0.0010,-1.0000
16.6686,1.0000,409.3423,1.2675,4.0264,16.6526,16.6648,15.4986,0.0009,-1.0000
16.6665,1.0000,409.3592,6.4353,0.3092,16.6789,16.6598,10.0914,0.0012,-1.0000
16.6673,1.0000,409.3758,1.4747,4.8133,16.6728,16.6541,15.2214,0.0012,-1.0000
16.6649,1.0000,409.3924,6.8775,0.2790,16.6578,16.6528,9.9826,0.0013,-1.0000
16.6694,1.0000,409.4091,1.1651,4.3618,16.6724,16.6712,15.3522,0.0015,-1.0000
16.6638,1.0000,409.4257,6.5676,0.5716,16.6696,16.6430,8.4219,0.0012,-1.0000
16.6667,1.0000,409.4423,1.4314,4.1198,16.6640,16.6562,15.2874,0.0011,-1.0000
16.6689,1.0000,409.4593,6.6691,0.2708,16.6604,16.6706,10.0861,0.0011,-1.0000
16.6659,1.0000,409.4757,1.3174,5.1132,16.6803,16.6512,15.0148,0.0015,-1.0000
16.6648,1.0000,409.4924,8.2200,0.2690,16.6533,16.6523,10.0319,0.0010,-1.0000
16.8293,1.0000,409.5093,1.3675,4.4672,16.6628,16.8267,15.5168,0.0015,-1.0000
16.6673,1.0000,409.5259,6.5833,0.3045,16.6812,16.6630,7.5114,0.0011,-1.0000
16.6646,1.0000,409.5425,1.6344,4.2914,16.6608,16.6450,15.2062,0.0011,-1.0000
16.6672,1.0000,409.5594,6.6194,0.2703,16.6605,16.6651,10.2922,0.0009,-1.0000
16.6681,1.0000,409.5759,1.3080,5.0445,16.8345,16.6645,15.0920,0.0013,-1.0000
16.6647,1.0000,409.5926,9.1502,0.3211,16.6718,16.6466,10.0977,0.0014,-1.0000
16.6671,1.0000,409.6093,1.4377,4.2486,16.6533,16.6626,15.4163,0.0012,-1.0000
16.6695,1.0000,409.6261,6.3726,0.2888,16.6732,16.6678,9.1367,0.0012,-1.0000
16.6639,1.0000,409.6425,1.5713,4.3633,16.6731,16.6453,15.0899,0.0014,-1.0000
16.6670,1.0000,409.6592,6.5479,0.2883,16.6548,16.6585,10.1286,0.0011,-1.0000
16.6696,1.0000,409.6761,1.2453,4.7971,16.6692,16.6814,15.2809,0.0012,-1.0000
16.6643,1.0000,409.6926,7.5302,0.2521,16.6780,16.6349,9.7362,0.0014,-1.0000
16.6656,1.0000,409.7092,1.5536,4.7603,16.6547,16.6513,15.2915,0.0011,-1.0000
16.6710,1.0000,409.7260,6.5291,0.3243,16.6667,16.6733,9.7640,0.0009,-1.0000
16.6623,1.0000,409.7424,1.3994,4.3775,16.6925,16.6413,14.9876,0.0014,-1.0000
16.6694,1.0000,409.7593,6.8972,0.2719,16.6453,16.6680,10.4822,0.0010,-1.0000
16.6668,1.0000,409.7759,1.3589,5.2788,16.6596,16.6585,15.3156,0.0012,-1.0000
16.6651,1.0000,409.7926,6.9086,0.2939,16.6824,16.6510,9.8316,0.0013,-1.0000
16.6678,1.0000,409.8092,1.6523,4.1568,16.6500,16.6658,15.3501,0.0011,-1.0000
16.6680,1.0000,409.8260,6.1848,0.2669,16.6772,16.6615,10.0919,0.0011,-1.0000
16.6656,1.0000,409.8425,1.3416,4.4096,16.6679,16.6471,14.9195,0.0015,-1.0000
16.6664,1.0000,409.8592,6.8187,0.2584,16.6597,16.6540,9.8392,0.0012,-1.0000
16.6688,1.0000,409.8761,1.3143,4.2360,16.6737,16.6742,15.4053,0.0011,-1.0000
16.6640,1.0000,409.8926,6.5687,0.3128,16.6727,16.6426,7.1689,0.0012,-1.0000
16.6666,1.0000,409.9092,1.7259,4.2760,16.6563,16.6562,15.3153,0.0010,-1.0000
16.6691,1.0000,409.9260,6.8135,0.3109,16.6622,16.6750,10.0781,0.0011,-1.0000
16.6661,1.0000,409.9425,1.2675,6.5793,16.6835,16.6482,15.1865,0.0012,-1.0000
16.6663,1.0000,409.9593,9.4730,0.3287,16.6526,16.6539,10.2802,0.0010,-1.0000
16.6677,1.0000,409.9760,1.3400,4.2091,16.6630,16.6660,15.2926,0.0010,-1.0000
16.6669,1.0000,409.9929,6.5954,0.2677,16.6832,16.6578,8.1528,0.0011,-1.0000
16.6665,1.0000,410.0093,1.4605,4.2374,16.6572,16.6498,14.8761,0.0012,-1.0000
16.6671,1.0000,410.0260,6.3727,0.2920,16.6626,16.6617,9.7749,0.0014,-1.0000
16.6666,1.0000,410.0425,1.3722,5.6580,16.6773,16.6542,15.1573,0.0011,-1.0000
16.6678,1.0000,410.0593,8.5041,0.3170,16.6692,16.6573,8.4436,0.0013,-1.0000
16.6655,1.0000,410.0759,1.7728,4.3882,16.6592,16.6521,15.3101,0.0012,-1.0000
16.6668,1.0000,410.0926,6.8854,0.2727,16.6715,16.6598,9.7409,0.0011,-1.0000
16.6664,1.0000,410.1093,1.4954,5.4158,16.6645,16.6588,15.1481,0.0015,-1.0000
16.6658,1.0000,410.1259,8.2127,0.2900,16.6682,16.6495,9.9745,0.0010,-1.0000
16.6682,1.0000,410.1425,1.3406,4.4429,16.6619,16.6649,15.2927,0.0011,-1.0000
16.6668,1.0000,410.1593,6.9179,0.2871,16.6696,16.7086,8.7473,0.0011,-1.0000
16.6657,1.0000,410.1759,1.5096,4.3284,16.6682,16.6022,15.3358,0.0012,-1.0000
16.6692,1.0000,410.1927,6.6738,0.2763,16.6581,16.6638,9.9833,0.0011,-1.0000
16.6653,1.0000,410.2093,1.3711,5.8150,16.6722,16.6572,15.0700,0.0010,-1.0000
16.6647,1.0000,410.2259,7.9609,0.2655,16.7174,16.6563,9.7354,0.0011,-1.0000
16.6689,1.0000,410.2425,1.2650,4.2595,16.6126,16.6616,15.3004,0.0013,-1.0000
16.6667,1.0000,410.2594,6.6790,0.2688,16.6731,16.6557,8.5538,0.0012,-1.0000
16.6647,1.0000,410.2759,1.5859,4.2578,16.6666,16.6476,14.8861,0.0013,-1.0000
16.6682,1.0000,410.2927,6.9198,0.2976,16.6652,16.6642,9.8542,0.0013,-1.0000
16.6675,1.0000,410.3092,1.3598,5.9319,16.6697,16.6585,15.0364,0.0014,-1.0000
16.6634,1.0000,410.3259,8.1012,0.3291,16.6664,16.6499,9.1308,0.0009,-1.0000
16.6681,1.0000,410.3425,1.7601,4.7591,16.6562,16.6617,15.4032,0.0013,-1.0000
16.6710,1.0000,410.3595,6.8093,0.3012,16.6740,16.6760,10.1232,0.0010,-1.0000
16.6630,1.0000,410.3759,1.6205,4.7830,16.6673,16.6299,14.9222,0.0013,-1.0000
16.6665,1.0000,410.3926,7.5188,0.2630,16.6594,16.6583,9.6484,0.0011,-1.0000
16.6692,1.0000,410.4093,1.2570,4.6794,16.6689,16.6692,15.3909,0.0011,-1.0000
16.6635,1.0000,410.4259,6.5518,0.3910,16.6896,16.6493,8.7411,0.0013,-1.0000
16.6661,1.0000,410.4424,1.7065,4.8985,16.6409,16.6519,15.3770,0.0011,-1.0000
16.6703,1.0000,410.4600,7.0093,0.2779,16.6663,16.7951,10.4455,0.0007,-1.0000
16.6656,1.0000,410.4760,1.2770,4.8768,16.6792,16.5274,14.3956,0.0015,-1.0000
16.6663,1.0000,410.4926,7.9069,0.2907,16.6581,16.6567,9.6820,0.0011,-1.0000
16.6683,1.0000,410.5094,1.2733,3.9696,16.6592,16.6674,15.3263,0.0011,-1.0000
16.6636,1.0000,410.5259,6.3488,0.2813,16.8054,16.6668,8.2821,0.0013,-1.0000
16.6687,1.0000,410.5425,2.1304,4.3415,16.5371,16.6425,15.2284,0.0012,-1.0000
16.6669,1.0000,410.5593,6.9735,0.2597,16.6656,16.6592,10.0425,0.0011,-1.0000
16.6663,1.0000,410.5759,1.3398,5.0422,16.6776,16.6547,15.2326,0.0012,-1.0000
16.6658,1.0000,410.5926,8.3836,0.3057,16.6761,16.6623,9.8696,0.0011,-1.0000
16.6690,1.0000,410.6094,1.4127,4.1863,16.6504,16.6586,15.4210,0.0011,-1.0000
16.6643,1.0000,410.6259,6.6156,0.3297,16.6683,16.6501,7.8224,0.0011,-1.0000
16.6671,1.0000,410.6425,1.4211,4.3120,16.6631,16.6585,15.2773,0.0014,-1.0000
16.6689,1.0000,410.6595,6.7918,0.2681,16.6707,16.6676,9.9741,0.0010,-1.0000
16.6657,1.0000,410.6759,1.2364,5.3006,16.6681,16.6548,15.0635,0.0013,-1.0000
16.6657,1.0000,410.6926,8.8267,0.2809,16.6589,16.6516,10.1508,0.0010,-1.0000
16.6673,1.0000,410.7093,1.3798,4.8525,16.6661,16.6608,15.3383,0.0011,-1.0000
16.6693,1.0000,410.7260,6.6927,0.2687,16.6756,16.6670,9.0430,0.0012,-1.0000
16.6650,1.0000,410.7425,1.5900,4.2342,16.6636,16.6533,15.2822,0.0014,-1.0000
16.6687,1.0000,410.7594,6.4998,0.2735,16.6600,16.6671,10.1091,0.0011,-1.0000
16.6655,1.0000,410.7759,1.3213,5.2548,16.6697,16.6507,14.9799,0.0014,-1.0000
16.6637,1.0000,410.7926,7.6230,0.2701,16.6751,16.6480,9.4394,0.0011,-1.0000
16.6938,1.0000,410.8093,1.3693,4.4323,16.6618,16.6894,15.4188,0.0014,-1.0000
16.6686,1.0000,410.8261,6.5570,0.6997,16.6756,16.6671,9.6360,0.0011,-1.0000
16.6651,1.0000,410.8425,1.6695,4.3097,16.6598,16.6437,14.9449,0.0013,-1.0000
16.6669,1.0000,410.8593,7.2076,0.2632,16.6554,16.6641,9.8946,0.0010,-1.0000
16.6684,1.0000,410.8760,1.2692,4.8269,16.6964,16.6630,15.2939,0.0014,-1.0000
16.6653,1.0000,410.8926,7.0305,0.2655,16.6789,16.6501,9.2972,0.0014,-1.0000
16.6673,1.0000,410.9092,1.6975,4.2575,16.6532,16.6584,15.3983,0.0013,-1.0000
16.6669,1.0000,410.9260,6.7683,0.2541,16.6722,16.6610,9.9149,0.0011,-1.0000
16.6664,1.0000,410.9425,1.3675,4.2580,16.6716,16.6629,15.1657,0.0012,-1.0000
16.6668,1.0000,410.9594,7.3513,0.3171,16.6587,16.6561,9.9506,0.0009,-1.0000
16.6678,1.0000,410.9760,1.2587,4.3350,16.6660,16.6604,15.2213,0.0011,-1.0000
16.6650,1.0000,410.9926,6.7451,0.3353,16.6688,16.6537,9.1580,0.0011,-1.0000
16.6679,1.0000,411.0093,1.4959,4.3726,16.6722,16.6562,15.3059,0.0011,-1.0000
16.6667,1.0000,411.0260,6.7045,0.2660,16.6641,16.6611,9.6388,0.0013,-1.0000
16.6669,1.0000,411.0425,1.4379,5.0839,16.6688,16.6559,14.9449,0.0013,-1.0000
16.6658,1.0000,411.0593,7.4946,0.3252,16.6635,16.6589,10.0698,0.0010,-1.0000
16.6696,1.0000,411.0761,1.3491,4.5819,16.6638,16.6695,15.4094,0.0010,-1.0000
16.6648,1.0000,411.0927,7.0208,0.3655,16.6701,16.6483,8.8946,0.0014,-1.0000
16.6668,1.0000,411.1093,1.7095,4.4643,16.6650,16.6531,15.2681,0.0013,-1.0000
16.6677,1.0000,411.1261,6.5883,0.2655,16.6677,16.6613,9.8010,0.0013,-1.0000
16.6657,1.0000,411.1425,1.2590,5.0141,16.6793,16.6562,15.0017,0.0014,-1.0000
16.6658,1.0000,411.1593,7.7530,0.2751,16.6593,16.6565,9.8923,0.0010,-1.0000
16.6678,1.0000,411.1760,1.3835,4.3581,16.6617,16.6628,15.3005,0.0012,-1.0000
16.6664,1.0000,411.1926,6.8593,0.3182,16.6692,16.6571,9.0581,0.0010,-1.0000
16.6670,1.0000,411.2093,1.6530,4.4776,16.6653,16.6569,15.3653,0.0009,-1.0000
16.6695,1.0000,411.2262,6.7634,0.3094,16.6644,16.6777,9.8977,0.0012,-1.0000
16.6651,1.0000,411.2426,1.3609,5.0783,16.6712,16.6685,14.9586,0.0012,-1.0000
16.6660,1.0000,411.2593,7.5980,0.2662,16.6661,16.6237,9.7677,0.0013,-1.0000
16.6669,1.0000,411.2760,1.2905,4.3307,16.6646,16.6602,15.2340,0.0010,-1.0000
16.6681,1.0000,411.2930,6.7781,0.3380,16.6902,16.6648,7.9283,0.0012,-1.0000
16.6649,1.0000,411.3093,1.7086,4.7672,16.6794,16.6408,14.8804,0.0013,-1.0000
16.6675,1.0000,411.3260,6.8549,0.2786,16.6322,16.6629,9.9966,0.0012,-1.0000
16.6667,1.0000,411.3426,1.4249,5.5748,16.6686,16.6588,15.2360,0.0011,-1.0000
16.6663,1.0000,411.3593,8.7351,0.2541,16.6759,16.6537,8.4820,0.0011,-1.0000
16.6664,1.0000,411.3760,1.7593,4.3801,16.6517,16.6608,15.3566,0.0013,-1.0000
16.6676,1.0000,411.3927,6.6651,0.2822,16.6714,16.6642,9.8634,0.0013,-1.0000
16.6683,1.0000,411.4094,1.4216,6.1147,16.6670,16.6580,15.2203,0.0013,-1.0000
16.6626,1.0000,411.4260,8.1710,0.2651,16.6621,16.6413,8.4618,0.0013,-1.0000
16.6669,1.0000,411.4425,1.3025,4.5946,16.6687,16.6590,15.3003,0.0013,-1.0000
16.6695,1.0000,411.4594,6.7998,0.2799,16.6736,16.6722,10.0321,0.0009,-1.0000
16.6675,1.0000,411.4760,1.4364,5.5083,16.6700,16.7105,15.0586,0.0012,-1.0000
16.6658,1.0000,411.4926,8.1787,0.2495,16.6506,16.6013,9.7617,0.0014,-1.0000
16.6686,1.0000,411.5094,1.3578,4.3153,16.6654,16.6625,15.2175,0.0009,-1.0000
16.6659,1.0000,411.5260,6.6392,0.2946,16.6813,16.6519,8.6334,0.0012,-1.0000
16.6635,1.0000,411.5425,1.6506,4.4460,16.7206,16.6461,15.2953,0.0011,-1.0000
16.9939,1.0000,411.5598,6.8382,0.3445,16.6102,16.9959,10.5608,0.0010,-1.0000
16.6659,1.0000,411.5763,1.4440,5.3513,16.6734,16.6490,14.8946,0.0011,-1.0000
16.6662,1.0000,411.5929,8.0172,0.2475,16.6620,16.6597,9.8977,0.0012,-1.0000
16.6674,1.0000,411.6097,1.3499,4.2708,16.6536,16.6626,15.4837,0.0010,-1.0000
16.6667,1.0000,411.6263,6.4341,0.3213,17.0057,16.6555,7.4340,0.0011,-1.0000
16.6656,1.0000,411.6429,1.7534,4.1256,16.6590,16.6519,15.2081,0.0011,-1.0000
16.6679,1.0000,411.6599,6.7608,0.2672,16.6687,16.6623,10.2883,0.0010,-1.0000
16.6665,1.0000,411.6763,1.1777,6.0858,16.6709,16.6561,14.9756,0.0013,-1.0000
16.6664,1.0000,411.6931,9.2204,0.2661,16.6651,16.6599,10.0179,0.0011,-1.0000
16.6677,1.0000,411.7097,1.4429,4.0077,16.6608,16.6588,15.1279,0.0011,-1.0000
16.6668,1.0000,411.7263,6.3734,0.3736,16.6719,16.6572,8.3305,0.0010,-1.0000
16.6660,1.0000,411.7429,1.6792,4.2697,16.6646,16.6534,15.3589,0.0012,-1.0000
16.6672,1.0000,411.7598,6.6408,0.3459,16.6684,16.6603,10.1190,0.0012,-1.0000
16.6667,1.0000,411.7763,1.5294,5.3051,16.6686,16.6575,15.0877,0.0013,-1.0000
16.6655,1.0000,411.7930,8.3258,0.2916,16.6661,16.6478,10.1376,0.0011,-1.0000
16.6702,1.0000,411.8098,1.2930,4.2860,16.6616,16.6768,15.2509,0.0013,-1.0000
16.6665,1.0000,411.8263,6.5403,0.3094,16.6712,16.6495,8.3150,0.0011,-1.0000
16.6640,1.0000,411.8429,1.5687,4.1887,16.6679,16.6489,15.3907,0.0012,-1.0000
16.6680,1.0000,411.8596,6.5091,0.2554,16.6563,16.6660,9.9520,0.0012,-1.0000
16.6668,1.0000,411.8764,1.4244,5.2121,16.6882,16.6594,15.2809,0.0013,-1.0000
16.6644,1.0000,411.8929,8.3338,0.2606,16.6585,16.6436,9.9593,0.0011,-1.0000
16.6684,1.0000,411.9097,1.2570,4.6838,16.6571,16.6651,15.3928,0.0011,-1.0000
16.6699,1.0000,411.9266,6.7129,0.2715,16.6744,16.6737,9.4187,0.0012,-1.0000
16.6627,1.0000,411.9429,1.3771,4.5321,16.6709,16.6386,14.8382,0.0013,-1.0000
16.6680,1.0000,411.9597,6.6834,0.2714,16.6523,16.6616,9.9052,0.0012,-1.0000
16.6674,1.0000,411.9763,1.2712,4.4302,16.6724,16.6563,15.2066,0.0011,-1.0000
16.6642,1.0000,411.9930,7.2537,0.2918,16.6857,16.6469,9.6804,0.0011,-1.0000
16.6660,1.0000,412.0096,1.7989,4.3281,16.6485,16.6562,15.3191,0.0011,-1.0000
16.6701,1.0000,412.0264,6.7553,0.2690,16.6709,16.6729,9.2032,0.0010,-1.0000
16.6654,1.0000,412.0429,1.4486,4.3838,16.6673,16.6504,14.9274,0.0014,-1.0000
16.6666,1.0000,412.0596,6.9654,0.2691,16.6561,16.6617,10.3047,0.0013,-1.0000
16.6677,1.0000,412.0764,1.3359,4.8345,16.6629,16.6635,15.1875,0.0012,-1.0000
16.6653,1.0000,412.0930,7.4686,0.4655,16.6808,16.6478,9.4940,0.0017,-1.0000
16.6666,1.0000,412.1096,1.7216,4.4570,16.6590,16.6584,15.2823,0.0015,-1.0000
16.6713,1.0000,412.1266,6.3558,0.2873,16.6692,16.6767,9.9242,0.0012,-1.0000
16.6634,1.0000,412.1429,1.4744,4.1861,16.6731,16.6423,14.7493,0.0016,-1.0000
16.6667,1.0000,412.1596,7.1522,0.2942,16.6571,16.6531,9.4119,0.0009,-1.0000
16.6672,1.0000,412.1764,1.3747,4.1118,16.6668,16.6658,15.2654,0.0011,-1.0000
16.6664,1.0000,412.1930,6.7509,0.3101,16.6869,16.6528,9.4484,0.0014,-1.0000
16.6670,1.0000,412.2097,1.8916,4.3457,16.6534,16.6574,15.3198,0.0013,-1.0000
16.6731,1.0000,412.2264,7.2403,0.2629,16.6609,16.6760,9.9202,0.0012,-1.0000
16.6678,1.0000,412.2430,1.3995,5.2694,16.6758,16.6451,15.1886,0.0012,-1.0000
16.6639,1.0000,412.2597,7.2037,0.2562,16.6613,16.6517,9.9993,0.0013,-1.0000
16.6693,1.0000,412.2764,1.3359,4.4907,16.6676,16.6676,15.2764,0.0012,-1.0000
16.6667,1.0000,412.2930,6.7554,0.2901,16.6868,16.6537,8.9932,0.0013,-1.0000
16.6644,1.0000,412.3096,1.4548,4.3736,16.6545,16.6475,15.3047,0.0010,-1.0000
16.6689,1.0000,412.3264,6.6514,0.2659,16.6598,16.6672,10.0953,0.0011,-1.0000
16.6678,1.0000,412.3430,1.3899,4.9073,16.6773,16.6635,15.2828,0.0011,-1.0000
16.6633,1.0000,412.3596,7.6590,0.2506,16.6644,16.6419,10.0230,0.0012,-1.0000
16.6650,1.0000,412.3763,1.3416,4.2658,16.6557,16.6529,15.3929,0.0012,-1.0000
16.6706,1.0000,412.3930,6.5707,0.2727,16.6765,16.6754,9.5085,0.0012,-1.0000
16.6656,1.0000,412.4097,1.3797,4.4640,16.6745,16.6479,14.9651,0.0012,-1.0000
16.6674,1.0000,412.4263,6.6181,0.2667,16.6521,16.6586,9.6703,0.0014,-1.0000
16.6673,1.0000,412.4433,1.2590,4.5881,16.6597,16.7116,15.2076,0.0011,-1.0000
16.6658,1.0000,412.4597,7.1658,0.3552,16.6830,16.6036,8.0668,0.0018,-1.0000
16.6665,1.0000,412.4763,1.6814,4.4553,16.6583,16.6582,15.1421,0.0014,-1.0000
16.6674,1.0000,412.4931,6.9871,0.2676,16.6688,16.6611,9.8743,0.0012,-1.0000
16.6680,1.0000,412.5096,1.5031,5.4950,16.7214,16.6629,14.8994,0.0012,-1.0000
16.6650,1.0000,412.5263,8.5352,0.2462,16.6119,16.6469,9.9625,0.0012,-1.0000
16.6683,1.0000,412.5429,1.5148,4.9900,16.6657,16.6676,15.2402,0.0013,-1.0000
16.6667,1.0000,412.5598,6.7858,0.3549,16.6689,16.6584,9.6519,0.0012,-1.0000
16.6658,1.0000,412.5763,1.7625,4.2503,16.6728,16.6524,15.0726,0.0010,-1.0000
16.6651,1.0000,412.5930,6.6832,0.3178,16.6554,16.6508,10.1076,0.0011,-1.0000
16.6687,1.0000,412.6097,1.4257,4.3507,16.6762,16.6681,15.4198,0.0014,-1.0000
16.6663,1.0000,412.6263,7.0056,0.3353,16.6692,16.6546,9.4265,0.0014,-1.0000
16.6662,1.0000,412.6429,1.5790,4.1096,16.6615,16.6575,15.2086,0.0011,-1.0000
16.6685,1.0000,412.6599,6.5419,0.2623,16.6584,16.6701,10.0793,0.0009,-1.0000
16.6663,1.0000,412.6763,1.2466,5.1905,16.6755,16.6516,14.9582,0.0012,-1.0000
16.6666,1.0000,412.6930,7.2276,0.2620,16.6627,16.6568,9.8626,0.0012,-1.0000
16.6669,1.0000,412.7097,1.4477,4.2890,16.6657,16.6552,15.2356,0.0011,-1.0000
16.6662,1.0000,412.7263,6.5893,0.3193,16.6794,16.6565,8.6751,0.0012,-1.0000
16.6646,1.0000,412.7428,1.6922,4.5017,16.6618,16.6506,15.3482,0.0011,-1.0000
16.6690,1.0000,412.7597,6.7930,0.2897,16.6664,16.6690,10.3327,0.0007,-1.0000
16.6668,1.0000,412.7763,1.4188,5.2262,16.6640,16.6572,14.8429,0.0028,-1.0000
16.6660,1.0000,412.7930,7.9805,0.2810,16.6647,16.6558,9.4513,0.0012,-1.0000
16.6671,1.0000,412.8096,1.3013,4.2737,16.6582,16.6599,15.2142,0.0012,-1.0000
16.6685,1.0000,412.8264,6.3354,0.3540,16.6770,16.6625,8.6725,0.0012,-1.0000
16.6651,1.0000,412.8429,1.8120,4.7815,16.6660,16.6509,15.1713,0.0010,-1.0000
16.6662,1.0000,412.8596,7.2035,0.2879,16.6647,16.6582,10.1103,0.0010,-1.0000
16.6686,1.0000,412.8764,1.4447,5.3711,16.6689,16.6646,15.2843,0.0012,-1.0000
16.6656,1.0000,412.8930,7.9897,0.3265,16.6713,16.6539,9.0389,0.0014,-1.0000
16.6674,1.0000,412.9096,1.4786,4.2772,16.6601,16.6586,15.3309,0.0014,-1.0000
16.6677,1.0000,412.9264,6.5472,0.2607,16.6666,16.6624,8.2387,0.0013,-1.0000
16.6657,1.0000,412.9429,1.3792,4.9189,16.6737,16.6499,15.1503,0.0013,-1.0000
16.6659,1.0000,412.9597,7.6139,0.2709,16.6634,16.6631,9.8496,0.0011,-1.0000
16.6695,1.0000,412.9765,1.3260,4.6007,16.6664,16.6646,15.2806,0.0010,-1.0000
16.6655,1.0000,412.9930,8.4225,0.3562,16.6728,16.6473,9.2605,0.0012,-1.0000
16.6657,1.0000,413.0096,1.4980,4.4043,16.6593,16.6551,15.2802,0.0011,-1.0000
16.6681,1.0000,413.0265,6.8126,0.2656,16.6708,16.6677,9.4647,0.0013,-1.0000
16.6663,1.0000,413.0429,1.3830,4.6980,16.6752,16.6500,15.0583,0.0010,-1.0000
16.6656,1.0000,413.0597,7.3855,0.2595,16.6577,16.6537,9.9546,0.0013,-1.0000
16.6676,1.0000,413.0764,1.3736,4.3773,16.6630,16.6604,15.1991,0.0013,-1.0000
16.6671,1.0000,413.0931,7.2014,0.6415,16.6771,16.6608,8.2776,0.0011,-1.0000
16.6658,1.0000,413.1096,1.5911,4.1425,16.6604,16.6494,14.9124,0.0013,-1.0000
16.6679,1.0000,413.1264,6.6978,0.2933,16.6636,16.6665,10.0242,0.0014,-1.0000
16.6671,1.0000,413.1430,1.4600,6.0692,16.6692,16.6577,15.1701,0.0011,-1.0000
16.6649,1.0000,413.1597,8.3822,0.4118,16.6704,16.6494,8.7075,0.0014,-1.0000
16.6663,1.0000,413.1763,1.7358,4.0901,16.6577,16.6577,15.2970,0.0011,-1.0000
16.6689,1.0000,413.1930,6.6405,0.2732,16.6748,16.6689,8.9266,0.0013,-1.0000
16.6667,1.0000,413.2097,1.4863,5.3947,16.6671,16.6542,15.2005,0.0012,-1.0000
16.6655,1.0000,413.2263,7.9407,0.2730,16.6578,16.6572,9.9317,0.0012,-1.0000
16.6930,1.0000,413.2432,1.3592,5.3093,16.6651,16.6898,15.4261,0.0011,-1.0000
16.6639,1.0000,413.2597,7.7408,0.3298,16.6764,16.6450,8.7130,0.0012,-1.0000
16.6674,1.0000,413.2764,1.4524,4.3349,16.6640,16.6605,15.2092,0.0012,-1.0000
16.6665,1.0000,413.2932,6.7245,0.2620,16.6655,16.6598,9.1287,0.0014,-1.0000
16.6679,1.0000,413.3097,1.2623,5.0360,16.6995,16.6601,14.8256,0.0015,-1.0000
16.6642,1.0000,413.3263,7.9307,0.3033,16.6546,16.6480,9.7867,0.0011,-1.0000
16.6672,1.0000,413.3429,1.4501,4.9046,16.6694,16.6592,15.4233,0.0013,-1.0000
16.6682,1.0000,413.3597,7.5295,0.2977,16.6687,16.6670,9.7922,0.0008,-1.0000
16.6667,1.0000,413.3764,1.8332,4.4190,16.6700,16.6531,15.2526,0.0012,-1.0000
16.6667,1.0000,413.3930,6.8601,0.2647,16.6565,16.6618,9.7456,0.0011,-1.0000
16.6669,1.0000,413.4097,1.2347,4.3737,16.6667,16.6587,15.2306,0.0010,-1.0000
16.6651,1.0000,413.4263,6.8741,0.2896,16.6757,16.6482,8.3510,0.0010,-1.0000
16.6673,1.0000,413.4429,1.3994,4.3837,16.6628,16.6589,15.3627,0.0012,-1.0000
16.6679,1.0000,413.4597,6.9154,0.2786,16.6708,16.6661,9.9779,0.0011,-1.0000
16.6668,1.0000,413.4764,1.4268,5.2918,16.6690,16.6516,14.8709,0.0017,-1.0000
16.6645,1.0000,413.4930,8.2963,0.3362,16.6573,16.6521,9.6988,0.0012,-1.0000
16.6699,1.0000,413.5098,1.2949,4.4583,16.6665,16.6739,15.3581,0.0014,-1.0000
16.6641,1.0000,413.5264,6.6871,0.3581,16.6755,16.6505,7.4443,0.0012,-1.0000
16.6663,1.0000,413.5429,1.7789,4.4610,16.6605,16.6488,15.2845,0.0011,-1.0000
16.6695,1.0000,413.5598,6.9524,0.2596,16.6600,16.6733,9.9731,0.0012,-1.0000
16.6667,1.0000,413.5764,1.3141,5.4472,16.6826,16.6553,15.0699,0.0013,-1.0000
16.6651,1.0000,413.5930,9.2054,0.2669,16.6610,16.6541,9.6677,0.0013,-1.0000
16.6681,1.0000,413.6097,1.3630,4.7438,16.6554,16.6636,15.2868,0.0010,-1.0000
16.6666,1.0000,413.6265,6.6992,0.3169,16.6809,16.6649,6.7348,0.0011,-1.0000
16.6659,1.0000,413.6429,1.5838,4.3595,16.6637,16.6445,15.0158,0.0015,-1.0000
16.6672,1.0000,413.6597,6.9852,0.2732,16.6625,16.6601,9.8335,0.0010,-1.0000
16.6683,1.0000,413.6764,1.3757,5.6593,16.6718,16.6606,15.1213,0.0011,-1.0000
16.6631,1.0000,413.6930,9.9289,0.3130,16.6757,16.6451,8.4365,0.0013,-1.0000
16.6664,1.0000,413.7096,1.6273,5.0764,16.6557,16.6554,15.3638,0.0015,-1.0000
16.6693,1.0000,413.7264,6.8255,0.3029,16.6697,16.6729,10.0986,0.0014,-1.0000
16.6669,1.0000,413.7429,1.5383,5.0303,16.6704,16.6600,15.1172,0.0013,-1.0000
16.6657,1.0000,413.7598,8.2078,0.2586,16.6536,16.6532,9.7817,0.0012,-1.0000
16.6679,1.0000,413.7764,1.2901,4.2227,16.6612,16.6597,15.1724,0.0012,-1.0000
16.6672,1.0000,413.7931,6.5733,0.3280,16.6800,16.6624,9.5842,0.0011,-1.0000
16.6651,1.0000,413.8097,1.5412,4.4986,16.6684,16.6462,15.0096,0.0010,-1.0000
16.6678,1.0000,413.8264,6.8698,0.2738,16.6624,16.6655,10.0294,0.0012,-1.0000
16.6671,1.0000,413.8429,1.4858,5.9818,16.6680,16.6603,15.1894,0.0013,-1.0000
16.6666,1.0000,413.8597,7.0779,0.2878,16.6725,16.6600,9.9625,0.0010,-1.0000
16.6671,1.0000,413.8764,1.6356,4.3100,16.6548,16.6540,15.2677,0.0012,-1.0000
16.6667,1.0000,413.8930,6.6351,0.2938,16.6734,16.6604,8.6659,0.0020,-1.0000
16.6667,1.0000,413.9097,1.4697,4.4833,16.6685,16.6529,15.3868,0.0011,-1.0000
16.6656,1.0000,413.9263,6.6964,0.2764,16.6693,16.6624,9.7385,0.0013,-1.0000
16.6689,1.0000,413.9429,1.3852,5.4197,16.6621,16.6630,15.3852,0.0012,-1.0000
16.6641,1.0000,413.9597,7.9925,0.2651,16.6685,16.6482,10.0062,0.0012,-1.0000
16.6656,1.0000,413.9763,1.2649,4.4622,16.6616,16.6568,15.2843,0.0014,-1.0000
16.6717,1.0000,413.9931,6.9229,0.2576,16.6709,16.6745,8.6178,0.0012,-1.0000
16.6627,1.0000,414.0096,1.2766,4.3845,16.6725,16.6402,15.0254,0.0012,-1.0000
16.6675,1.0000,414.0264,6.6408,0.2643,16.6559,16.6652,9.9884,0.0011,-1.0000
16.6686,1.0000,414.0430,1.3711,5.9362,16.6637,16.6667,15.1588,0.0011,-1.0000
16.6637,1.0000,414.0597,8.0556,0.2698,16.6841,16.6449,9.0390,0.0010,-1.0000
16.6667,1.0000,414.0763,1.6136,4.4677,16.6492,16.6540,15.3281,0.0011,-1.0000
16.6700,1.0000,414.0932,6.6758,0.3176,16.6731,16.6775,9.7845,0.0012,-1.0000
16.6638,1.0000,414.1097,1.5067,5.3763,16.6783,16.6388,14.9351,0.0014,-1.0000
16.6675,1.0000,414.1264,7.6047,0.2691,16.6541,16.6602,9.7256,0.0011,-1.0000
16.6712,1.0000,414.1432,1.3248,4.3609,16.6607,16.6712,15.2155,0.0013,-1.0000
16.6640,1.0000,414.1597,6.8916,0.3532,16.6876,16.6478,8.8795,0.0013,-1.0000
16.6656,1.0000,414.1763,1.7024,4.5434,16.6488,16.6525,15.3485,0.0012,-1.0000
16.6691,1.0000,414.1931,6.9335,0.3037,16.6675,16.6696,9.9796,0.0010,-1.0000
16.6662,1.0000,414.2097,1.4540,4.6982,16.6814,16.6523,15.1754,0.0014,-1.0000
16.6658,1.0000,414.2263,7.7674,0.3048,16.6575,16.6595,9.5345,0.0010,-1.0000
16.6696,1.0000,414.2430,1.3031,4.4235,16.6599,16.7543,15.3569,0.0012,-1.0000
16.6637,1.0000,414.2596,6.6889,0.3095,16.6774,16.5572,8.3398,0.0019,-1.0000
16.6684,1.0000,414.2763,1.4755,4.3613,16.6611,16.6649,15.3427,0.0011,-1.0000
16.6661,1.0000,414.2930,7.1240,0.2608,16.6684,16.6592,9.3123,0.0013,-1.0000
16.6674,1.0000,414.3096,1.3966,5.0688,16.7643,16.6561,15.0769,0.0010,-1.0000
16.6651,1.0000,414.3263,8.2156,0.3127,16.5665,16.6515,9.9635,0.0011,-1.0000
16.6695,1.0000,414.3430,1.3210,4.4776,16.6728,16.6706,15.3348,0.0010,-1.0000
16.6661,1.0000,414.3597,7.3459,0.3557,16.6685,16.6534,8.3796,0.0013,-1.0000
16.6649,1.0000,414.3763,1.5781,4.5311,16.6646,16.6479,15.2666,0.0017,-1.0000
16.6701,1.0000,414.3931,6.6868,0.2667,16.6599,16.7167,9.9621,0.0011,-1.0000
16.6645,1.0000,414.4096,1.3344,4.8088,16.6809,16.6002,15.0419,0.0012,-1.0000
16.6654,1.0000,414.4263,8.2724,0.2618,16.6658,16.6531,9.8182,0.0012,-1.0000
16.6671,1.0000,414.4430,1.3795,4.6100,16.6565,16.6627,15.4754,0.0010,-1.0000
16.6680,1.0000,414.4597,6.7536,0.3015,16.7280,16.6579,9.1282,0.0008,-1.0000
16.6656,1.0000,414.4763,1.5570,4.4370,16.6092,16.6523,15.3295,0.0012,-1.0000
16.6675,1.0000,414.4931,6.8335,0.2440,16.6611,16.6702,9.9612,0.0010,-1.0000
16.6674,1.0000,414.5096,1.1865,5.5600,16.6719,16.6563,15.0750,0.0013,-1.0000
16.6651,1.0000,414.5263,7.5291,0.2646,16.6668,16.6468,9.5850,0.0010,-1.0000
16.6802,1.0000,414.5430,1.3216,4.5259,16.6607,16.6975,15.4023,0.0012,-1.0000
16.6674,1.0000,414.5597,6.7082,0.3613,16.6793,16.6387,7.9243,0.0014,-1.0000
16.6636,1.0000,414.5763,1.5799,4.9344,16.6667,16.6445,15.2840,0.0011,-1.0000
16.6687,1.0000,414.5930,7.0610,0.2723,16.6560,16.6682,10.2444,0.0010,-1.0000
16.6686,1.0000,414.6098,1.2940,5.6749,16.7061,16.6715,15.3864,0.0010,-1.0000
16.6643,1.0000,414.6263,8.7127,0.2604,16.6469,16.6397,9.0964,0.0013,-1.0000
16.6671,1.0000,414.6429,1.3594,4.3535,16.6516,16.6591,15.3035,0.0012,-1.0000
16.6678,1.0000,414.6598,6.4230,0.3220,16.6753,16.6616,9.8535,0.0011,-1.0000
16.6674,1.0000,414.6763,1.2840,4.9505,16.6817,16.6586,15.2672,0.0013,-1.0000
16.6663,1.0000,414.6930,7.5418,0.2842,16.6504,16.6560,9.9457,0.0012,-1.0000
16.6677,1.0000,414.7098,1.3542,4.6221,16.6670,16.6672,15.3218,0.0010,-1.0000
16.6661,1.0000,414.7263,6.8075,0.3236,16.6719,16.6529,8.5546,0.0016,-1.0000
16.6666,1.0000,414.7429,1.3900,4.4383,16.6679,16.6555,15.3564,0.0008,-1.0000
16.6662,1.0000,414.7596,6.7088,0.2651,16.6646,16.6541,9.9479,0.0010,-1.0000
16.6686,1.0000,414.7766,1.3446,5.4835,16.6770,16.8128,15.3272,0.0012,-1.0000
16.6649,1.0000,414.7930,8.0970,0.3079,16.6625,16.5004,9.5120,0.0011,-1.0000
16.6675,1.0000,414.8097,1.2986,4.4656,16.6639,16.6591,15.2327,0.0012,-1.0000
16.6668,1.0000,414.8263,6.7053,0.2676,16.6635,16.6579,9.1106,0.0012,-1.0000
16.6655,1.0000,414.8429,1.4844,4.9452,16.8237,16.6520,15.3048,0.0010,-1.0000
16.6670,1.0000,414.8596,6.9876,0.2856,16.5114,16.6604,9.6708,0.0011,-1.0000
16.6681,1.0000,414.8766,1.4249,4.8896,16.6684,16.6607,15.1779,0.0012,-1.0000
16.6642,1.0000,414.8930,7.5460,0.2686,16.6673,16.6508,8.3874,0.0011,-1.0000
16.6675,1.0000,414.9096,1.3460,4.5735,16.6609,16.6593,15.3917,0.0010,-1.0000
16.7049,1.0000,414.9266,6.9884,0.3535,16.6694,16.7089,9.8198,0.0012,-1.0000
16.6645,1.0000,414.9430,1.4812,5.9006,16.6694,16.6444,14.9812,0.0014,-1.0000
16.6651,1.0000,414.9597,8.2628,0.3052,16.6597,16.6512,9.6413,0.0012,-1.0000
16.6700,1.0000,414.9765,1.2663,4.5921,16.6665,16.6694,15.3041,0.0014,-1.0000
16.6646,1.0000,414.9930,6.8874,0.5126,16.7193,16.6555,8.3527,0.0012,-1.0000
16.6666,1.0000,415.0097,1.6615,4.4794,16.6548,16.6505,15.2940,0.0012,-1.0000
16.6685,1.0000,415.0264,7.0086,0.2906,16.6606,16.6627,9.1670,0.0011,-1.0000
16.6658,1.0000,415.0430,1.3638,5.2339,16.6797,16.6588,15.1777,0.0011,-1.0000
16.6647,1.0000,415.0597,8.3014,0.2934,16.6645,16.6495,9.8878,0.0014,-1.0000
16.6677,1.0000,415.0764,1.3551,5.1912,16.6589,16.6635,15.2997,0.0011,-1.0000
16.6686,1.0000,415.0934,7.4950,0.3328,16.6714,16.6776,8.1871,0.0012,-1.0000
16.6632,1.0000,415.1097,1.4800,4.5187,16.6679,16.6193,14.8316,0.0013,-1.0000
16.6691,1.0000,415.1264,6.7605,0.2635,16.6578,16.6708,10.0267,0.0010,-1.0000
16.6680,1.0000,415.1430,1.3627,5.7788,16.6716,16.6632,14.6644,0.0011,-1.0000
16.6633,1.0000,415.1597,8.4902,0.2747,16.6945,16.6434,9.4352,0.0010,-1.0000
16.6674,1.0000,415.1763,1.7865,4.8021,16.6295,16.6591,15.4545,0.0011,-1.0000
16.6684,1.0000,415.1932,6.6432,0.3313,16.6782,16.6645,8.8155,0.0010,-1.0000
16.6646,1.0000,415.2097,1.9975,4.5916,16.6729,16.6508,15.0864,0.0013,-1.0000
16.6688,1.0000,415.2264,7.2069,0.2556,16.6533,16.6690,9.6160,0.0011,-1.0000
16.6673,1.0000,415.2430,1.2031,5.1739,16.6659,16.6596,15.1941,0.0016,-1.0000
16.6643,1.0000,415.2597,7.8481,0.2971,16.6741,16.6454,8.5603,0.0009,-1.0000
16.6691,1.0000,415.2764,1.5629,4.3606,16.6586,16.6666,15.2862,0.0012,-1.0000
16.7203,1.0000,415.2932,7.0522,0.2958,16.6771,16.7165,9.8349,0.0010,-1.0000
16.6641,1.0000,415.3098,1.4639,5.2811,16.6695,16.7408,15.1233,0.0011,-1.0000
16.6661,1.0000,415.3264,8.0839,0.2989,16.6536,16.5577,9.7655,0.0011,-1.0000
16.6688,1.0000,415.3431,1.3792,4.6839,16.6754,16.6691,15.3329,0.0011,-1.0000
63.3587,1.0000,415.4068,6.8804,0.3008,16.7310,63.3349,0.0011,0.0011,-1.0000
16.5498,1.0000,415.4229,1.6164,4.4907,16.7502,16.5479,7.1984,0.0008,-1.0000
16.6688,1.0000,415.4398,6.7908,0.2621,16.5652,16.6688,15.3674,0.0010,-1.0000
16.6666,1.0000,415.4563,1.3350,13.3918,16.6795,16.6552,8.5982,0.0011,-1.0000
16.6666,1.0000,415.4730,63.3330,4.4725,63.3423,16.6516,15.4424,0.0010,-1.0000
16.6670,1.0000,415.4897,9.3488,0.2838,16.5539,16.6672,9.5855,0.0013,-1.0000
16.6681,1.0000,415.5067,1.3002,5.2850,16.6781,16.6619,15.1695,0.0011,-1.0000
16.6650,1.0000,415.5229,8.0566,0.2697,16.6647,16.6480,8.8893,0.0013,-1.0000
16.6668,1.0000,415.5397,1.2081,5.1654,16.6594,16.6583,15.4627,0.0015,-1.0000
16.6683,1.0000,415.5564,7.0806,0.3351,16.6752,16.6618,9.8266,0.0011,-1.0000
16.6655,1.0000,415.5731,1.4911,4.4888,16.6723,16.6513,15.1840,0.0012,-1.0000
16.6655,1.0000,415.5897,7.7574,0.2700,16.6578,16.6565,9.6097,0.0013,-1.0000
16.6697,1.0000,415.6064,1.1941,5.0488,16.6666,16.6666,15.3710,0.0011,-1.0000
16.6647,1.0000,415.6229,6.8345,0.3173,16.6712,16.6507,9.0260,0.0011,-1.0000
16.6674,1.0000,415.6397,1.4659,4.5607,16.6600,16.6613,15.3786,0.0010,-1.0000
16.6687,1.0000,415.6566,7.0459,0.2596,16.6649,16.6676,9.8378,0.0012,-1.0000
16.6649,1.0000,415.6730,1.2941,5.2512,16.6751,16.6403,14.7891,0.0015,-1.0000
16.6655,1.0000,415.6897,7.6237,0.2755,16.6602,16.6555,9.6868,0.0013,-1.0000
16.6701,1.0000,415.7064,1.2817,4.6049,16.6694,16.6740,15.4245,0.0012,-1.0000
16.6647,1.0000,415.7230,6.8288,0.3430,16.6798,16.6445,7.7946,0.0011,-1.0000
16.6660,1.0000,415.7397,1.8497,4.4643,16.6501,16.6536,15.3481,0.0010,-1.0000
16.6682,1.0000,415.7564,6.9671,0.2574,16.6649,16.6656,9.8064,0.0012,-1.0000
16.6667,1.0000,415.7730,1.2482,5.8184,16.6849,16.6582,15.1747,0.0011,-1.0000
16.6650,1.0000,415.7897,8.8492,0.2635,16.6559,16.6518,9.8184,0.0011,-1.0000
16.7149,1.0000,415.8065,1.3041,4.5245,16.6605,16.7116,15.3200,0.0011,-1.0000
16.6664,1.0000,415.8230,6.8580,0.5309,16.6739,16.6657,8.7291,0.0012,-1.0000
16.6665,1.0000,415.8397,1.4821,4.2574,16.6673,16.6437,15.3417,0.0013,-1.0000
16.6674,1.0000,415.8566,6.8323,0.2960,16.6608,16.6607,9.2920,0.0010,-1.0000
16.6665,1.0000,415.8730,1.3904,5.2326,16.7207,16.6588,15.0466,0.0010,-1.0000
16.6666,1.0000,415.8897,7.9354,0.2927,16.6755,16.6544,8.7759,0.0011,-1.0000
16.6669,1.0000,415.9066,1.3004,4.9944,16.6523,16.6590,15.2871,0.0012,-1.0000
16.6683,1.0000,415.9235,7.3677,0.3389,16.6695,16.6728,7.9156,0.0011,-1.0000
16.6643,1.0000,415.9397,1.6109,5.3997,16.6678,16.6322,14.7318,0.0011,-1.0000
16.6670,1.0000,415.9564,7.8778,0.2875,16.6630,16.6611,9.4920,0.0013,-1.0000
16.6703,1.0000,415.9731,1.3706,5.9019,16.6674,16.6643,15.3394,0.0012,-1.0000
16.6642,1.0000,415.9898,8.7567,0.3189,16.6848,16.6474,8.3861,0.0014,-1.0000
16.6661,1.0000,416.0064,1.8996,4.5859,16.6466,16.6599,15.1451,0.0013,-1.0000
16.6664,1.0000,416.0230,7.1675,0.2827,16.6705,16.6553,9.7725,0.0010,-1.0000
16.6671,1.0000,416.0397,1.3231,5.6363,16.6745,16.6603,15.3506,0.0013,-1.0000
16.6663,1.0000,416.0564,8.2599,0.3026,16.6585,16.6562,8.9863,0.0010,-1.0000
16.6683,1.0000,416.0731,1.5138,4.5214,16.6692,16.6601,15.1965,0.0011,-1.0000
16.6662,1.0000,416.0898,6.8818,0.2780,16.6638,16.6576,8.8692,0.0011,-1.0000
16.6671,1.0000,416.1064,1.3082,5.2449,16.6700,16.6529,15.1980,0.0008,-1.0000
16.6663,1.0000,416.1230,7.6693,0.3187,16.6654,16.6591,8.9179,0.0012,-1.0000
16.6681,1.0000,416.1399,1.4623,4.9061,16.6697,16.6653,15.4566,0.0009,-1.0000
16.6651,1.0000,416.1565,7.7870,0.3133,16.6674,16.6444,7.6367,0.0014,-1.0000
16.6663,1.0000,416.1730,1.4539,5.2878,16.6637,16.6520,15.3322,0.0013,-1.0000
16.6679,1.0000,416.1898,7.7403,0.2848,16.6687,16.6646,9.4529,0.0011,-1.0000
16.6651,1.0000,416.2064,1.2076,6.1711,16.6769,16.6505,14.9728,0.0012,-1.0000
16.6654,1.0000,416.2230,9.0071,0.2604,16.6556,16.6607,9.5110,0.0012,-1.0000
16.6684,1.0000,416.2400,1.3182,4.9579,16.6603,16.6629,15.4496,0.0011,-1.0000
16.6640,1.0000,416.2564,7.2109,0.3147,16.6729,16.6470,8.5317,0.0011,-1.0000
16.6687,1.0000,416.2731,1.6764,4.6107,16.6597,16.6610,15.3928,0.0012,-1.0000
16.6688,1.0000,416.2903,7.1486,0.3189,16.6684,16.6720,8.8272,0.0011,-1.0000
16.6657,1.0000,416.3064,1.2118,4.8940,16.6720,16.6438,14.4732,0.0014,-1.0000
16.6665,1.0000,416.3230,8.1143,0.2730,16.6562,16.6563,9.1852,0.0013,-1.0000
16.6675,1.0000,416.3399,1.2671,4.6544,16.6682,16.6649,15.3383,0.0011,-1.0000
16.6669,1.0000,416.3564,7.8436,0.4148,16.6832,16.6564,8.4096,0.0013,-1.0000
16.6644,1.0000,416.3730,2.1693,4.7487,16.6546,16.6504,15.2923,0.0012,-1.0000
16.6665,1.0000,416.3897,7.4696,0.2779,16.6650,16.6582,9.7001,0.0013,-1.0000
16.6694,1.0000,416.4064,1.3252,5.6579,16.6736,16.6708,15.3552,0.0012,-1.0000
16.6655,1.0000,416.4229,8.2457,0.2643,16.6650,16.6484,9.4145,0.0011,-1.0000
16.6667,1.0000,416.4397,1.3567,4.5222,16.6589,16.6604,15.3672,0.0012,-1.0000
16.6676,1.0000,416.4565,6.9567,0.2725,16.6654,16.6619,9.0485,0.0012,-1.0000
16.6651,1.0000,416.4730,1.3144,4.3673,16.6802,16.6502,14.9307,0.0015,-1.0000
16.6679,1.0000,416.4898,7.2323,0.3108,16.6575,16.6666,9.7431,0.0011,-1.0000
16.6676,1.0000,416.5064,1.2920,5.8365,16.6687,16.6601,15.2445,0.0012,-1.0000
16.6641,1.0000,416.5229,7.6125,0.3012,16.6706,16.6467,9.2350,0.0014,-1.0000
16.6684,1.0000,416.5397,1.7180,4.5568,16.6576,16.6660,15.4546,0.0011,-1.0000
16.6680,1.0000,416.5566,6.9226,0.3184,16.6744,16.6653,10.0018,0.0012,-1.0000
16.6664,1.0000,416.5731,1.4143,4.9661,16.6697,16.6525,14.9030,0.0017,-1.0000
16.6653,1.0000,416.5897,7.4101,0.3135,16.6550,16.6544,9.5321,0.0013,-1.0000
16.6687,1.0000,416.6065,1.2103,4.7280,16.6729,16.6619,15.3634,0.0012,-1.0000
16.6658,1.0000,416.6231,6.6629,0.3547,16.6753,16.6559,8.8437,0.0015,-1.0000
16.6656,1.0000,416.6397,1.7474,4.5524,16.6626,16.6442,15.2002,0.0015,-1.0000
16.6682,1.0000,416.6565,7.1211,0.3059,16.6638,16.6703,10.0030,0.0009,-1.0000
16.6670,1.0000,416.6731,1.2971,4.6499,16.6711,16.6578,14.7464,0.0013,-1.0000
16.6659,1.0000,416.6898,7.8105,0.2665,16.6673,16.6560,9.7947,0.0011,-1.0000
16.6906,1.0000,416.7064,1.4424,4.4855,16.6526,16.6826,15.2512,0.0013,-1.0000
16.6663,1.0000,416.7230,6.6666,0.3489,16.6782,16.6577,8.3564,0.0011,-1.0000
16.6654,1.0000,416.7397,1.9100,4.5592,16.6660,16.6511,15.3903,0.0011,-1.0000
16.6704,1.0000,416.7565,6.8604,0.2962,16.6652,16.6839,9.9617,0.0011,-1.0000
16.6651,1.0000,416.7731,1.4300,5.2166,16.6915,16.6842,14.5375,0.0013,-1.0000
16.6648,1.0000,416.7897,8.3003,0.2752,16.6665,16.6053,10.0116,0.0012,-1.0000
16.6676,1.0000,416.8068,1.2594,4.5051,16.6587,16.6627,15.3980,0.0011,-1.0000
16.6671,1.0000,416.8230,6.7208,0.2878,16.6938,16.6563,6.9324,0.0012,-1.0000
16.6643,1.0000,416.8397,2.1459,4.3361,16.6957,16.6496,15.4185,0.0011,-1.0000
16.6691,1.0000,416.8564,6.5928,0.2621,16.6139,16.6703,9.9822,0.0011,-1.0000
16.6681,1.0000,416.8732,1.2635,5.3743,16.6715,16.6647,15.0962,0.0012,-1.0000
16.6642,1.0000,416.8897,9.7228,0.2732,16.6652,16.6456,9.7228,0.0010,-1.0000
16.6675,1.0000,416.9064,1.2304,4.4893,16.6566,16.6600,15.4060,0.0012,-1.0000
16.6672,1.0000,416.9230,6.6869,0.3745,16.6778,16.6629,7.9457,0.0010,-1.0000
16.6660,1.0000,416.9397,1.5669,4.2301,16.6748,16.6494,15.2544,0.0013,-1.0000
16.6659,1.0000,416.9564,6.9223,0.3164,16.6544,16.6614,9.8108,0.0013,-1.0000
16.6690,1.0000,416.9732,1.2527,5.4007,16.6675,16.6697,15.3033,0.0011,-1.0000
16.6636,1.0000,416.9898,8.7162,0.3027,16.6720,16.6384,9.3897,0.0013,-1.0000
16.6685,1.0000,417.0064,1.3935,4.5118,16.6580,16.6672,15.3667,0.0013,-1.0000
16.6681,1.0000,417.0234,6.8495,0.2812,16.6698,16.7613,9.8363,0.0012,-1.0000
16.6664,1.0000,417.0397,1.3652,4.4657,16.6801,16.5543,14.9864,0.0011,-1.0000
16.6660,1.0000,417.0564,7.2474,0.2593,16.6476,16.6572,10.0308,0.0012,-1.0000
16.6679,1.0000,417.0732,1.2991,4.8459,16.6748,16.6602,15.2260,0.0011,-1.0000
16.6646,1.0000,417.0897,6.9240,0.2883,16.7701,16.6501,8.4667,0.0013,-1.0000
16.6665,1.0000,417.1064,1.5664,4.7622,16.5645,16.6588,15.4109,0.0011,-1.0000
16.6696,1.0000,417.1231,6.6252,0.2953,16.6675,16.6716,9.6583,0.0011,-1.0000
16.6654,1.0000,417.1397,1.4326,5.0481,16.6701,16.6514,14.1237,0.0013,-1.0000
16.6652,1.0000,417.1564,8.1822,0.2652,16.6585,16.6517,9.4255,0.0013,-1.0000
16.6968,1.0000,417.1732,1.2467,4.8589,16.6652,16.6954,15.2994,0.0011,-1.0000
16.6656,1.0000,417.1898,7.0123,0.5085,16.6810,16.6516,8.7874,0.0014,-1.0000
16.6664,1.0000,417.2065,2.5263,4.6945,16.6613,16.6570,15.3303,0.0011,-1.0000
16.6677,1.0000,417.2231,7.2252,0.2720,16.6603,16.6696,9.6675,0.0010,-1.0000
16.6667,1.0000,417.2398,1.3948,6.1318,16.7045,16.6482,15.1380,0.0014,-1.0000
16.6659,1.0000,417.2564,7.8630,0.2669,16.6608,16.6484,9.3678,0.0013,-1.0000
16.6675,1.0000,417.2732,1.3255,4.4315,16.6665,16.6958,15.3082,0.0012,-1.0000
16.6670,1.0000,417.2899,7.0017,0.3385,16.6790,16.6271,8.2687,0.0013,-1.0000
16.6677,1.0000,417.3065,1.5086,4.3885,16.6584,16.6574,15.0361,0.0013,-1.0000
16.6646,1.0000,417.3231,7.2794,0.3020,16.6573,16.6578,9.2500,0.0015,-1.0000
16.6679,1.0000,417.3399,1.3866,6.0575,16.7042,16.6639,15.3201,0.0011,-1.0000
16.6662,1.0000,417.3565,8.3574,0.3020,16.6367,16.6486,8.2005,0.0012,-1.0000
16.6642,1.0000,417.3731,1.6199,5.5453,16.6671,16.6466,15.3044,0.0010,-1.0000
16.6688,1.0000,417.3899,7.4064,0.3365,16.6672,16.6664,9.6152,0.0010,-1.0000
16.6672,1.0000,417.4066,1.3425,4.8704,16.6735,16.6590,15.0259,0.0009,-1.0000
16.6655,1.0000,417.4232,8.4469,0.2847,16.6605,16.6566,9.2256,0.0011,-1.0000
16.6678,1.0000,417.4399,1.3412,4.4412,16.6547,16.6578,15.1789,0.0014,-1.0000
16.6669,1.0000,417.4565,7.0503,0.3557,16.6752,16.6530,8.8239,0.0011,-1.0000
16.6636,1.0000,417.4731,1.6318,4.7399,16.6687,16.6472,15.3467,0.0007,-1.0000
16.6701,1.0000,417.4898,7.4301,0.3108,16.6681,16.6693,10.2709,0.0010,-1.0000
16.6668,1.0000,417.5065,1.4772,5.2390,16.6675,16.6644,15.1322,0.0014,-1.0000
16.6652,1.0000,417.5230,7.8284,0.2707,16.6623,16.6510,9.3100,0.0012,-1.0000
16.6669,1.0000,417.5398,1.2996,4.2412,16.6544,16.6605,15.3666,0.0014,-1.0000
16.6679,1.0000,417.5566,6.3973,0.3011,16.6772,16.6587,7.8772,0.0018,-1.0000
16.6655,1.0000,417.5732,1.5305,4.7086,16.6735,16.6487,14.8766,0.0013,-1.0000
16.6673,1.0000,417.5898,7.3395,0.2666,16.6600,16.6606,9.6526,0.0011,-1.0000
16.6686,1.0000,417.6065,1.2927,5.9834,16.6697,16.6634,15.3478,0.0011,-1.0000
16.6634,1.0000,417.6230,8.7801,0.2851,16.6705,16.6483,9.2271,0.0011,-1.0000
16.6676,1.0000,417.6398,1.7707,4.5632,16.6571,16.6614,15.4839,0.0009,-1.0000
16.6687,1.0000,417.6566,7.0073,0.3201,16.6697,16.6647,8.1783,0.0011,-1.0000
16.6654,1.0000,417.6731,1.3143,4.2930,16.6737,16.6469,14.8828,0.0012,-1.0000
16.6649,1.0000,417.6898,7.4200,0.2771,16.6574,16.6562,9.5376,0.0011,-1.0000
16.6691,1.0000,417.7065,1.1766,6.0533,16.6690,16.6661,15.3141,0.0010,-1.0000
16.6651,1.0000,417.7230,8.4850,0.3104,16.6746,16.6516,8.9732,0.0015,-1.0000
16.6654,1.0000,417.7397,1.7628,4.5925,16.6571,16.6530,15.4329,0.0011,-1.0000
16.6697,1.0000,417.7567,7.1176,0.2673,16.6643,16.6741,9.8677,0.0009,-1.0000
16.6660,1.0000,417.7731,1.3508,5.4678,16.6747,16.6537,14.7254,0.0014,-1.0000
16.6663,1.0000,417.7898,7.6776,0.2776,16.6602,16.6512,9.7778,0.0014,-1.0000
16.6682,1.0000,417.8066,1.2190,4.4268,16.6591,16.6691,15.2773,0.0013,-1.0000
16.6661,1.0000,417.8231,6.8054,0.3725,16.6834,16.6506,8.7534,0.0013,-1.0000
16.6644,1.0000,417.8398,1.9271,4.5945,16.6638,16.6514,15.2748,0.0012,-1.0000
16.6690,1.0000,417.8565,6.8720,0.2811,16.6595,16.6679,10.1109,0.0009,-1.0000
16.6667,1.0000,417.8731,1.3903,5.3169,16.6785,16.6541,14.9967,0.0013,-1.0000
16.6656,1.0000,417.8898,7.8962,0.2764,16.6611,16.6533,10.0490,0.0011,-1.0000
16.6677,1.0000,417.9066,1.3753,4.3594,16.6588,16.6628,15.2596,0.0011,-1.0000
16.6668,1.0000,417.9230,6.5562,0.8421,16.6769,16.6574,7.6205,0.0012,-1.0000
16.6656,1.0000,417.9405,1.6561,4.3738,16.6632,16.6544,15.2749,0.0015,-1.0000
16.6675,1.0000,417.9566,6.6031,0.2975,16.6618,16.6635,8.4340,0.0014,-1.0000
16.6669,1.0000,417.9732,1.4018,5.8915,16.6720,16.6585,15.0659,0.0012,-1.0000
16.6657,1.0000,417.9898,9.0362,0.3078,16.6664,16.6515,9.5552,0.0015,-1.0000
16.6679,1.0000,418.0065,1.3779,5.2736,16.6616,16.6641,15.2949,0.0015,-1.0000
16.6666,1.0000,418.0231,8.2286,0.4217,16.6717,16.6602,8.4650,0.0010,-1.0000
16.6672,1.0000,418.0398,1.5915,4.8966,16.6672,16.6600,15.2694,0.0012,-1.0000
16.6668,1.0000,418.0566,7.0953,0.3990,16.6598,16.6555,9.7564,0.0010,-1.0000
16.6661,1.0000,418.0732,1.3679,5.2322,16.6717,16.6585,14.9918,0.0011,-1.0000
16.6654,1.0000,418.0898,8.1946,0.5594,16.6688,16.6507,9.7795,0.0011,-1.0000
16.6682,1.0000,418.1065,1.3894,4.4785,16.6699,16.6646,15.1621,0.0011,-1.0000
16.6671,1.0000,418.1230,6.8986,0.4355,16.6648,16.6552,8.5831,0.0012,-1.0000
16.6666,1.0000,418.1398,1.6656,4.5659,16.6669,16.6619,15.3864,0.0012,-1.0000
16.8581,1.0000,418.1568,6.8705,0.3112,16.6598,16.8494,9.7895,0.0014,-1.0000
16.6704,1.0000,418.1735,1.5013,5.8098,16.6722,16.6925,14.8749,0.0013,-1.0000
16.6618,1.0000,418.1900,8.0712,0.3137,16.6632,16.6148,9.2528,0.0015,-1.0000
16.6671,1.0000,418.2074,1.2748,4.8170,16.6711,16.6596,15.3271,0.0007,-1.0000
16.6676,1.0000,418.2232,7.0586,0.3491,16.8588,16.6622,7.4718,0.0011,-1.0000
16.6649,1.0000,418.2401,1.8162,5.3378,16.7038,16.6493,15.3723,0.0014,-1.0000
16.6685,1.0000,418.2567,7.3609,0.3107,16.6241,16.6684,9.5821,0.0011,-1.0000
16.6685,1.0000,418.2734,1.3320,5.7961,16.6676,16.6615,15.2172,0.0013,-1.0000
16.6641,1.0000,418.2900,9.1896,0.3378,16.6699,16.6517,8.1339,0.0011,-1.0000
16.6671,1.0000,418.3067,1.2758,4.8587,16.6574,16.6576,15.2570,0.0011,-1.0000
16.6681,1.0000,418.3235,7.0855,0.3887,16.6750,16.7501,9.5295,0.0011,-1.0000
16.6669,1.0000,418.3400,1.4430,5.8942,16.6702,16.5662,14.9701,0.0012,-1.0000
16.6642,1.0000,418.3567,8.5174,0.4062,16.6610,16.6544,9.7555,0.0011,-1.0000
16.6691,1.0000,418.3734,1.3992,4.7477,16.6647,16.6687,15.2503,0.0012,-1.0000
16.6674,1.0000,418.3901,7.2199,0.3783,16.7601,16.6622,8.7699,0.0010,-1.0000
16.6645,1.0000,418.4067,1.5949,4.5702,16.5767,16.6449,15.1146,0.0014,-1.0000
16.6689,1.0000,418.4233,6.8985,0.3829,16.6624,16.6685,9.8041,0.0010,-1.0000
16.6661,1.0000,418.4401,1.4170,5.3178,16.6767,16.6553,14.9985,0.0012,-1.0000
16.6668,1.0000,418.4567,7.8919,0.3470,16.6701,16.6548,9.6411,0.0011,-1.0000
16.6675,1.0000,418.4734,1.5289,4.7844,16.6528,16.6633,15.2662,0.0012,-1.0000
16.8378,1.0000,418.4905,6.8638,0.3815,16.6780,16.8286,9.3026,0.0013,-1.0000
16.6655,1.0000,418.5069,1.6555,4.6098,16.6654,16.6210,14.6954,0.0013,-1.0000
16.6661,1.0000,418.5234,7.0126,0.3706,16.6645,16.6538,9.4592,0.0011,-1.0000
16.7372,1.0000,418.5403,1.3957,5.2947,16.6722,16.7356,15.3118,0.0010,-1.0000
16.6667,1.0000,418.5570,7.5250,0.3904,16.8685,16.6553,8.0870,0.0011,-1.0000
16.6658,1.0000,418.5737,1.9243,4.6335,16.6312,16.6504,14.9780,0.0013,-1.0000
16.6663,1.0000,418.5905,7.1939,0.4032,16.6621,16.6564,9.3652,0.0010,-1.0000
16.6670,1.0000,418.6069,1.4224,5.0770,16.7461,16.6560,14.7545,0.0015,-1.0000
16.6664,1.0000,418.6235,8.5681,0.3877,16.6683,16.6548,9.8265,0.0011,-1.0000
16.6675,1.0000,418.6403,1.6714,4.6771,16.6617,16.6626,15.1809,0.0012,-1.0000
16.6667,1.0000,418.6570,7.2901,0.4205,16.6655,16.6562,8.2790,0.0015,-1.0000
16.6658,1.0000,418.6736,1.9004,4.6081,16.6645,16.6548,15.1144,0.0008,-1.0000
16.6675,1.0000,418.6903,6.8276,0.4165,16.6639,16.6603,9.6237,0.0010,-1.0000
16.6674,1.0000,418.7071,1.4804,5.9512,16.6721,16.6608,15.3003,0.0013,-1.0000
16.6725,1.0000,418.7235,8.3759,0.3218,16.6659,16.6616,8.5582,0.0013,-1.0000
16.6586,1.0000,418.7403,1.5395,4.6320,16.6637,16.6474,15.3197,0.0010,-1.0000
16.6690,1.0000,418.7571,7.0360,0.3452,16.6684,16.7363,8.8078,0.0011,-1.0000
16.6657,1.0000,418.7736,1.3589,4.6261,16.6696,16.5829,14.8750,0.0014,-1.0000
16.6670,1.0000,418.7902,8.1027,0.3197,16.6705,16.6616,9.8244,0.0010,-1.0000
16.6682,1.0000,418.8069,1.3265,4.9832,16.6538,16.6619,15.2143,0.0014,-1.0000
16.6651,1.0000,418.8235,7.9275,0.4139,16.7447,16.6522,9.0357,0.0011,-1.0000
16.6653,1.0000,418.8402,1.7066,4.7108,16.5923,16.6512,15.3471,0.0013,-1.0000
16.6699,1.0000,418.8570,6.8364,0.2865,16.6700,16.7968,9.4435,0.0008,-1.0000
16.6648,1.0000,418.8736,1.4461,5.2527,16.6707,16.5245,15.1124,0.0011,-1.0000
16.6662,1.0000,418.8903,7.6157,0.3048,16.6623,16.6587,9.9006,0.0010,-1.0000
16.6675,1.0000,418.9071,1.3029,4.5528,16.6586,16.6624,15.1337,0.0014,-1.0000
16.6670,1.0000,418.9235,7.3525,0.3311,16.8049,16.6568,8.9073,0.0018,-1.0000
16.6664,1.0000,418.9402,1.4109,4.2941,16.5337,16.6517,15.3041,0.0010,-1.0000
16.6668,1.0000,418.9569,6.7570,0.3688,16.6668,16.6633,9.8281,0.0011,-1.0000
16.6685,1.0000,418.9737,1.5271,5.6268,16.6719,16.6627,15.0879,0.0013,-1.0000
16.6640,1.0000,418.9903,7.7486,0.3036,16.6659,16.6487,9.0273,0.0010,-1.0000
16.6690,1.0000,419.0074,1.3466,4.4783,16.6590,16.6641,15.1053,0.0011,-1.0000
16.6671,1.0000,419.0237,6.8343,0.2858,16.6722,16.6623,8.0212,0.0011,-1.0000
16.6658,1.0000,419.0403,1.5734,4.6558,16.6732,16.6447,15.0950,0.0013,-1.0000
16.6660,1.0000,419.0570,7.6205,0.3089,16.6591,16.6654,9.7038,0.0011,-1.0000
16.6675,1.0000,419.0738,1.5573,5.6513,16.6729,16.6543,14.9495,0.0011,-1.0000
16.6648,1.0000,419.0902,8.6398,0.2815,16.6730,16.6468,8.8098,0.0016,-1.0000
16.9713,1.0000,419.1080,1.5483,4.5723,16.6542,16.9697,15.5362,0.0011,-1.0000
16.6674,1.0000,419.1238,6.9603,0.3538,16.6745,16.6665,5.7405,0.0013,-1.0000
16.6654,1.0000,419.1405,1.7037,4.3789,16.6646,16.6456,14.9717,0.0015,-1.0000
16.6684,1.0000,419.1574,7.8354,0.3433,16.6557,16.6681,10.0394,0.0011,-1.0000
16.6675,1.0000,419.1739,1.4324,6.4113,16.9765,16.6588,14.9935,0.0013,-1.0000
16.6642,1.0000,419.1905,10.9248,0.8380,16.6754,16.6455,9.4358,0.0013,-1.0000
16.6683,1.0000,419.2072,1.6722,4.7162,16.6526,16.6629,15.3543,0.0011,-1.0000
16.6678,1.0000,419.2239,6.6281,0.3330,16.6770,16.6649,8.3272,0.0011,-1.0000
16.6647,1.0000,419.2406,1.6639,5.0126,16.6693,16.6481,15.0898,0.0012,-1.0000
16.6678,1.0000,419.2573,7.2086,0.2750,16.6551,16.6628,9.6638,0.0012,-1.0000
16.6800,1.0000,419.2742,1.3072,5.2098,16.6705,16.7845,15.2336,0.0011,-1.0000
16.6639,1.0000,419.2906,8.3366,0.4499,16.6743,16.4991,8.1712,0.0013,-1.0000
16.6712,1.0000,419.3071,1.5571,4.7331,16.6576,16.6597,15.3403,0.0012,-1.0000
16.6703,1.0000,419.3238,6.9978,0.2785,16.6713,16.6772,10.1267,0.0009,-1.0000
16.6672,1.0000,419.3406,1.5496,5.5058,16.8272,16.6589,15.3200,0.0013,-1.0000
16.6654,1.0000,419.3572,8.3263,0.2751,16.5096,16.6519,9.6282,0.0013,-1.0000
16.6678,1.0000,419.3747,1.3185,4.4964,16.6650,16.6641,15.1061,0.0015,-1.0000
16.6659,1.0000,419.3906,6.5499,0.2874,16.6837,16.6535,5.6704,0.0015,-1.0000
16.6670,1.0000,419.4072,1.3375,4.4428,16.6682,16.6570,14.8656,0.0012,-1.0000
16.6662,1.0000,419.4238,7.0226,0.3199,16.6601,16.6623,9.7732,0.0011,-1.0000
16.6698,1.0000,419.4407,1.5564,5.8295,16.6725,16.6673,15.2744,0.0011,-1.0000
16.6622,1.0000,419.4572,10.9815,0.5219,16.6621,16.6411,9.4164,0.0011,-1.0000
16.6684,1.0000,419.4739,1.7904,4.8146,16.6644,16.6612,15.2266,0.0011,-1.0000
16.6694,1.0000,419.4907,6.8880,0.5048,16.6702,16.6711,8.8949,0.0012,-1.0000
16.6648,1.0000,419.5072,1.3917,4.7692,16.6776,16.6421,14.8445,0.0012,-1.0000
16.6662,1.0000,419.5238,7.2245,0.3440,16.6507,16.6671,9.8912,0.0010,-1.0000
16.6678,1.0000,419.5409,1.4336,5.3262,16.6682,16.6551,15.2952,0.0012,-1.0000
16.6652,1.0000,419.5573,7.7756,0.4655,16.6818,16.6550,9.1202,0.0013,-1.0000
16.6657,1.0000,419.5739,1.7964,4.9128,16.6506,16.6542,15.2635,0.0011,-1.0000
16.6697,1.0000,419.5906,6.7753,0.3601,16.6750,16.6890,9.4541,0.0011,-1.0000
16.6660,1.0000,419.6072,1.3585,4.8863,16.6633,16.6379,15.1116,0.0015,-1.0000
16.6669,1.0000,419.6239,7.5340,0.2753,16.6632,16.6583,9.9754,0.0012,-1.0000
16.6688,1.0000,419.6408,1.3896,4.5900,16.6608,16.6652,15.2143,0.0010,-1.0000
16.6639,1.0000,419.6573,7.2342,0.3653,16.6962,16.6456,8.3189,0.0013,-1.0000
16.6666,1.0000,419.6739,1.5248,4.5551,16.6478,16.6543,15.2933,0.0009,-1.0000
16.6683,1.0000,419.6906,6.6821,0.2874,16.6681,16.6683,9.9406,0.0010,-1.0000
16.6666,1.0000,419.7073,1.4496,5.5667,16.6769,16.6665,15.1516,0.0011,-1.0000
16.6657,1.0000,419.7238,8.3261,0.2864,16.6553,16.6415,9.4180,0.0012,-1.0000
16.6680,1.0000,419.7407,1.3599,4.4010,16.6611,16.6685,15.4390,0.0013,-1.0000
16.6671,1.0000,419.7574,6.7268,0.4889,16.6771,16.6573,8.3616,0.0012,-1.0000
16.6662,1.0000,419.7739,1.5138,4.4845,16.6751,16.6485,14.9357,0.0013,-1.0000
16.6676,1.0000,419.7906,7.2222,0.2702,16.6499,16.6628,9.8771,0.0011,-1.0000
16.6658,1.0000,419.8072,1.2282,4.9728,16.6773,16.6533,14.5777,0.0014,-1.0000
16.6650,1.0000,419.8238,8.2941,0.3130,16.6691,16.6502,9.9510,0.0016,-1.0000
16.6691,1.0000,419.8410,1.7112,4.2648,16.6580,16.6668,15.2712,0.0015,-1.0000
16.6666,1.0000,419.8572,6.7845,0.4059,16.6731,16.6573,8.3990,0.0011,-1.0000
16.6653,1.0000,419.8738,2.0742,4.2622,16.6623,16.6548,15.3100,0.0011,-1.0000
16.6685,1.0000,419.8906,6.6975,0.2594,16.6583,16.6650,9.7284,0.0010,-1.0000
16.6677,1.0000,419.9074,1.3939,5.9048,16.6762,16.6542,15.2647,0.0012,-1.0000
16.6639,1.0000,419.9238,8.2574,0.2554,16.6668,16.6501,9.3801,0.0012,-1.0000
16.6685,1.0000,419.9406,1.3431,4.2041,16.6635,16.6617,15.2974,0.0010,-1.0000
16.6674,1.0000,419.9572,6.9352,0.3995,16.6747,16.6626,9.5032,0.0008,-1.0000
16.6660,1.0000,419.9740,1.3881,4.6413,16.6649,16.6776,14.1692,0.0012,-1.0000
16.6652,1.0000,419.9906,7.2688,0.3086,16.6599,16.6278,9.7272,0.0011,-1.0000
16.6694,1.0000,420.0078,1.3631,4.7397,16.6702,16.6678,15.2403,0.0013,-1.0000
16.6673,1.0000,420.0239,7.1584,0.3623,16.6738,16.6502,6.5066,0.0014,-1.0000
16.6648,1.0000,420.0406,2.5071,4.8070,16.6888,16.6448,15.0921,0.0011,-1.0000
16.6644,1.0000,420.0572,6.8997,0.2724,16.6357,16.6550,9.6392,0.0010,-1.0000
16.6706,1.0000,420.0741,1.4261,6.7536,16.6803,16.6779,15.3415,0.0013,-1.0000
16.6651,1.0000,420.0906,10.1421,0.4051,16.6626,16.6463,8.2202,0.0019,-1.0000
16.6671,1.0000,420.1072,1.5513,4.5639,16.6543,16.6603,15.0871,0.0011,-1.0000
16.6678,1.0000,420.1239,7.0154,0.4771,16.6624,16.6637,9.3808,0.0010,-1.0000
16.6660,1.0000,420.1406,1.3351,4.9609,16.6862,16.6516,15.1429,0.0011,-1.0000
16.6661,1.0000,420.1573,8.4244,0.3639,16.6556,16.6530,9.2892,0.0015,-1.0000
16.6667,1.0000,420.1740,1.5718,4.5773,16.6683,16.6557,15.2291,0.0011,-1.0000
16.6670,1.0000,420.1906,7.2818,0.5417,16.6741,16.6617,8.0295,0.0022,-1.0000
16.6647,1.0000,420.2072,1.5071,4.5896,16.6638,16.6457,15.2342,0.0015,-1.0000
16.6680,1.0000,420.2238,7.3626,0.4705,16.6630,16.6640,9.5598,0.0010,-1.0000
16.6674,1.0000,420.2407,1.4254,5.5041,16.6644,16.6591,15.3615,0.0014,-1.0000
16.6648,1.0000,420.2572,8.6307,0.2715,16.6723,16.6117,8.6717,0.0011,-1.0000
16.6686,1.0000,420.2739,1.4101,4.3946,16.6545,16.6680,15.3106,0.0013,-1.0000
16.6682,1.0000,420.2906,7.1036,0.2718,16.6721,16.6565,9.1536,0.0011,-1.0000
16.6648,1.0000,420.3072,1.2963,5.4564,16.6678,16.6487,15.1267,0.0010,-1.0000
16.6663,1.0000,420.3238,7.9390,0.2685,16.6601,16.6567,9.8719,0.0011,-1.0000
16.6683,1.0000,420.3406,1.3559,4.7352,16.6776,16.6652,15.3728,0.0009,-1.0000
16.6650,1.0000,420.3572,7.5024,0.3096,16.6678,16.6476,8.4221,0.0013,-1.0000
16.6664,1.0000,420.3739,1.5209,4.6610,16.6582,16.6613,15.3723,0.0013,-1.0000
16.6679,1.0000,420.3906,6.7840,0.2610,16.6646,16.6621,10.1005,0.0011,-1.0000
16.6668,1.0000,420.4072,1.2913,5.7316,16.6755,16.6580,15.1795,0.0013,-1.0000
16.6658,1.0000,420.4238,8.2246,0.2978,16.6579,16.6558,9.9029,0.0012,-1.0000
16.6692,1.0000,420.4406,1.2877,4.5159,16.6687,16.6621,15.4358,0.0016,-1.0000
16.6637,1.0000,420.4572,6.5607,0.2937,16.6707,16.6489,8.5400,0.0011,-1.0000
16.6678,1.0000,420.4738,1.4772,4.2060,16.6668,16.6621,15.4625,0.0012,-1.0000
16.6682,1.0000,420.4907,6.7519,0.2627,16.6643,16.6650,10.0521,0.0011,-1.0000
16.6661,1.0000,420.5072,1.2242,5.3449,16.6705,16.6538,15.0894,0.0011,-1.0000
16.6669,1.0000,420.5238,8.1084,0.3073,16.6593,16.6570,9.5714,0.0013,-1.0000
16.6675,1.0000,420.5406,1.1983,4.5406,16.6688,16.6589,15.4391,0.0011,-1.0000
16.6656,1.0000,420.5572,6.6123,0.2929,16.6752,16.6532,9.0912,0.0011,-1.0000
16.6648,1.0000,420.5739,1.5632,4.3524,16.6636,16.6517,15.2869,0.0012,-1.0000
16.6696,1.0000,420.5906,7.0842,0.2947,16.6661,16.6689,9.9679,0.0010,-1.0000
16.6663,1.0000,420.6072,1.2185,5.2742,16.6697,16.6597,15.1437,0.0014,-1.0000
16.6653,1.0000,420.6238,7.5611,0.2829,16.6619,16.6511,9.8638,0.0011,-1.0000
16.6706,1.0000,420.6406,1.3638,4.7233,16.6595,16.6681,15.4023,0.0012,-1.0000
16.6657,1.0000,420.6574,6.7002,0.2942,16.6766,16.6568,9.2375,0.0011,-1.0000
16.6626,1.0000,420.6743,1.5145,4.9129,16.6696,16.6409,15.0042,0.0013,-1.0000
16.6694,1.0000,420.6910,6.7860,0.3089,16.6605,16.6642,9.2286,0.0009,-1.0000
16.6670,1.0000,420.7072,1.2641,4.8313,16.6764,16.6623,13.9286,0.0010,-1.0000
16.6653,1.0000,420.7237,7.4181,0.3404,16.6677,16.6484,9.4084,0.0013,-1.0000
16.6678,1.0000,420.7407,1.6356,4.7658,16.6509,16.6626,15.4365,0.0010,-1.0000
16.6693,1.0000,420.7574,7.4350,0.3530,16.6723,16.6666,8.7836,0.0012,-1.0000
16.6618,1.0000,420.7739,2.7326,5.2270,16.6722,16.6384,14.5917,0.0016,-1.0000
16.6682,1.0000,420.7905,7.2393,0.4811,16.6569,16.6638,9.8607,0.0011,-1.0000
16.6684,1.0000,420.8073,1.2248,5.7335,16.6713,16.6686,15.3479,0.0013,-1.0000
16.6649,1.0000,420.8239,7.8815,0.4462,16.6773,16.6490,9.0928,0.0013,-1.0000
16.6678,1.0000,420.8406,2.0452,4.4814,16.6475,16.6621,14.9873,0.0010,-1.0000
16.6671,1.0000,420.8573,6.8016,0.3244,16.6706,16.6606,7.8283,0.0011,-1.0000
16.6666,1.0000,420.8739,1.3194,4.9280,16.6774,16.6539,15.0831,0.0013,-1.0000
16.6665,1.0000,420.8905,7.5546,0.2842,16.6578,16.6586,9.4880,0.0011,-1.0000
16.6673,1.0000,420.9072,1.6733,6.2597,16.6702,16.6621,15.3520,0.0013,-1.0000
16.6653,1.0000,420.9238,8.8313,0.3509,16.6687,16.6536,9.5385,0.0015,-1.0000
16.6659,1.0000,420.9405,1.5697,4.6083,16.6623,16.6553,15.0115,0.0009,-1.0000
16.6705,1.0000,420.9573,7.1694,0.2691,16.6666,16.6693,10.0173,0.0011,-1.0000
16.6657,1.0000,420.9739,1.3087,4.9932,16.6708,16.6544,15.0062,0.0012,-1.0000
16.6657,1.0000,420.9906,7.1139,0.4186,16.6630,16.6558,9.8648,0.0010,-1.0000
16.6675,1.0000,421.0073,1.6430,5.1094,16.6622,16.6606,15.3150,0.0012,-1.0000
16.6671,1.0000,421.0238,6.6509,0.3463,16.6776,16.6560,8.0855,0.0013,-1.0000
16.6656,1.0000,421.0405,1.6472,4.2541,16.6636,16.6562,15.4262,0.0013,-1.0000
16.6675,1.0000,421.0572,6.7898,0.2542,16.6646,16.6642,9.7624,0.0009,-1.0000
16.6666,1.0000,421.0739,1.3441,5.4831,16.6708,16.6572,15.2284,0.0010,-1.0000
16.6661,1.0000,421.0906,8.5694,0.2822,16.6646,16.6587,9.4934,0.0014,-1.0000
16.6679,1.0000,421.1072,1.2286,4.2393,16.6640,16.6575,15.2633,0.0011,-1.0000
16.6664,1.0000,421.1237,6.9007,0.3847,16.6715,16.6596,9.3910,0.0011,-1.0000
16.6668,1.0000,421.1406,1.4274,4.3475,16.6654,16.6587,15.4475,0.0013,-1.0000
16.6661,1.0000,421.1572,7.1638,0.2618,16.6676,16.6567,9.7826,0.0013,-1.0000
16.6678,1.0000,421.1740,1.3929,4.8931,16.6656,16.6632,15.3518,0.0011,-1.0000
16.6658,1.0000,421.1906,7.2674,0.2753,16.6679,16.6473,9.5336,0.0013,-1.0000
16.6675,1.0000,421.2072,1.2099,4.9575,16.6674,16.6614,15.3622,0.0016,-1.0000
16.6666,1.0000,421.2238,6.8730,0.2515,16.6651,16.6597,9.3670,0.0013,-1.0000
16.6669,1.0000,421.2406,1.3101,4.5022,16.6726,16.6589,15.2747,0.0012,-1.0000
16.6668,1.0000,421.2574,7.1124,0.2567,16.6568,16.6573,9.7733,0.0009,-1.0000
16.6665,1.0000,421.2740,1.2974,4.9968,16.6703,16.6580,15.1084,0.0011,-1.0000
16.6637,1.0000,421.2909,7.2916,0.3113,16.6686,16.6422,7.3437,0.0014,-1.0000
16.6681,1.0000,421.3072,1.3829,4.5592,16.6691,16.6601,14.8750,0.0012,-1.0000
16.6684,1.0000,421.3238,6.8832,0.3532,16.6687,16.6630,9.9138,0.0009,-1.0000
16.6670,1.0000,421.3406,1.5482,4.9892,16.6705,16.6772,15.2128,0.0012,-1.0000
16.6661,1.0000,421.3572,9.2970,0.7458,16.6512,16.6418,8.9867,0.0011,-1.0000
16.6663,1.0000,421.3739,1.7837,4.7747,16.6662,16.6559,15.2710,0.0012,-1.0000
16.6677,1.0000,421.3906,6.7481,0.3998,16.6710,16.6591,8.8029,0.0010,-1.0000
16.6648,1.0000,421.4072,1.4634,4.9528,16.6867,16.6475,15.3048,0.0012,-1.0000
16.6671,1.0000,421.4238,7.6545,0.5309,16.6524,16.6652,10.0128,0.0011,-1.0000
16.6689,1.0000,421.4409,1.3835,5.5289,16.6644,16.6659,15.3280,0.0011,-1.0000
16.6649,1.0000,421.4572,7.8553,0.3297,16.6683,16.6513,9.5377,0.0012,-1.0000
16.6676,1.0000,421.4739,1.3414,4.4838,16.6554,16.6633,15.3846,0.0013,-1.0000
16.6682,1.0000,421.4906,6.6514,0.3140,16.6723,16.6608,8.7631,0.0011,-1.0000
16.6646,1.0000,421.5072,1.3367,5.1376,16.6735,16.6451,15.2291,0.0011,-1.0000
16.6670,1.0000,421.5238,7.1127,0.3714,16.6599,16.6582,9.9551,0.0013,-1.0000
16.6684,1.0000,421.5410,1.2772,5.2440,16.6723,16.6644,15.3841,0.0011,-1.0000
16.6635,1.0000,421.5572,7.8963,0.3109,16.6718,16.6459,9.3467,0.0014,-1.0000
16.6687,1.0000,421.5739,1.4147,4.3301,16.6551,16.6669,15.3686,0.0012,-1.0000
16.6684,1.0000,421.5906,6.7021,0.2915,16.6667,16.6625,7.9220,0.0013,-1.0000
16.6644,1.0000,421.6072,1.2791,4.4773,16.6743,16.6461,15.0108,0.0010,-1.0000
16.6673,1.0000,421.6237,7.2981,0.3209,16.6562,16.6618,9.7786,0.0012,-1.0000
16.6690,1.0000,421.6406,1.2972,5.5806,16.6742,16.6630,15.4600,0.0012,-1.0000
16.6639,1.0000,421.6572,8.7393,0.3658,16.6732,16.6499,8.9976,0.0012,-1.0000
16.6667,1.0000,421.6739,1.6340,4.6347,16.6546,16.6612,15.2706,0.0013,-1.0000
16.6684,1.0000,421.6907,6.8818,0.3073,16.6703,16.6674,9.5497,0.0010,-1.0000
16.6665,1.0000,421.7072,1.2018,4.8585,16.6722,16.6495,15.0512,0.0012,-1.0000
16.6664,1.0000,421.7238,7.6513,0.2737,16.6582,16.6590,9.8924,0.0013,-1.0000
16.7132,1.0000,421.7406,1.3892,4.7097,16.6675,16.7072,15.4440,0.0015,-1.0000
16.6648,1.0000,421.7574,7.1170,0.3881,16.6779,16.6525,8.4604,0.0013,-1.0000
16.6682,1.0000,421.7739,1.5971,4.7498,16.6585,16.6613,15.1504,0.0012,-1.0000
16.6675,1.0000,421.7907,6.7655,0.2864,16.6672,16.6646,9.9741,0.0012,-1.0000
16.6658,1.0000,421.8073,1.2615,5.5544,16.7158,16.6481,15.0073,0.0010,-1.0000
16.6648,1.0000,421.8239,8.1908,0.3847,16.6622,16.6527,9.8656,0.0011,-1.0000
16.6701,1.0000,421.8416,1.5096,4.0926,16.6698,16.6701,15.1475,0.0014,-1.0000
16.6639,1.0000,421.8573,6.6893,0.3282,16.6751,16.6439,6.6592,0.0015,-1.0000
16.6662,1.0000,421.8739,1.6398,4.2912,16.6580,16.6591,15.1742,0.0011,-1.0000
16.6685,1.0000,421.8906,6.7857,0.4039,16.6608,16.6622,9.5217,0.0010,-1.0000
16.6675,1.0000,421.9073,1.5210,6.2522,16.6812,16.6600,15.3129,0.0008,-1.0000
16.6650,1.0000,421.9239,9.9834,0.3302,16.6541,16.6521,9.8400,0.0011,-1.0000
16.6679,1.0000,421.9407,1.4836,4.8568,16.6673,16.6654,15.3340,0.0010,-1.0000
16.6672,1.0000,421.9572,7.1398,0.3770,16.6706,16.6547,8.8710,0.0014,-1.0000
16.6661,1.0000,421.9742,1.3460,4.4483,16.6686,16.6569,15.3086,0.0012,-1.0000
16.6673,1.0000,421.9908,6.8107,0.2597,16.6610,16.6610,9.4747,0.0014,-1.0000
16.6661,1.0000,422.0073,1.3304,5.4328,16.6744,16.6546,15.0411,0.0011,-1.0000
16.6651,1.0000,422.0238,7.7822,0.2735,16.6637,16.6537,9.4285,0.0012,-1.0000
16.6700,1.0000,422.0406,1.3472,4.7837,16.6658,16.6706,15.3950,0.0010,-1.0000
16.6653,1.0000,422.0573,7.1852,0.3212,16.6692,16.6510,8.1509,0.0011,-1.0000
16.6662,1.0000,422.0739,1.6121,4.5949,16.6633,16.6492,15.2795,0.0012,-1.0000
16.6685,1.0000,422.0908,7.2238,0.4827,16.6623,16.6707,9.9182,0.0013,-1.0000
16.6655,1.0000,422.1073,1.2740,5.8688,16.6806,16.6527,15.0343,0.0012,-1.0000
16.6667,1.0000,422.1239,8.4990,0.4422,16.6614,16.6505,10.3200,0.0008,-1.0000
17.0569,1.0000,422.1412,1.3681,4.8098,16.6579,17.0592,15.6395,0.0012,-1.0000
16.6349,1.0000,422.1577,6.7513,0.3806,16.6816,16.6329,8.2681,0.0011,-1.0000
16.6650,1.0000,422.1743,1.6170,4.6513,16.6638,16.6262,15.2180,0.0015,-1.0000
16.6678,1.0000,422.1910,6.3301,0.3584,16.6604,16.6677,9.7048,0.0009,-1.0000
16.6675,1.0000,422.2076,1.4183,5.5968,17.0721,16.6574,14.9541,0.0011,-1.0000
16.6646,1.0000,422.2242,8.3646,0.2503,16.6430,16.6530,10.2240,0.0011,-1.0000
16.6672,1.0000,422.2409,1.4066,4.2973,16.6348,16.6616,8.7114,6.7146,-1.0000
16.6700,1.0000,422.2577,6.9620,0.3023,16.6769,16.6706,8.6675,0.0009,-1.0000
16.6626,1.0000,422.2742,1.7025,5.0122,16.6661,16.6396,15.0820,0.0016,-1.0000
16.6683,1.0000,422.2910,6.4279,0.3048,16.6609,16.6677,9.9529,0.0011,-1.0000
16.6683,1.0000,422.3077,1.2353,5.8534,16.6670,16.6784,15.3439,0.0011,-1.0000
16.6651,1.0000,422.3242,8.0024,0.2781,16.6806,16.6338,9.4079,0.0011,-1.0000
16.6674,1.0000,422.3409,1.5562,4.5677,16.6481,16.6629,15.3594,0.0012,-1.0000
16.6670,1.0000,422.3577,6.7140,0.2947,16.6748,16.6569,8.1743,0.0013,-1.0000
16.6664,1.0000,422.3743,1.3335,4.8916,16.6887,16.6530,14.7407,0.0014,-1.0000
16.6678,1.0000,422.3910,7.2253,0.2980,16.6425,16.6614,9.7545,0.0012,-1.0000
16.6667,1.0000,422.4077,1.3023,6.3655,16.6719,16.6655,15.2205,0.0013,-1.0000
16.6663,1.0000,422.4242,8.4816,0.3321,16.6665,16.6532,7.7976,0.0010,-1.0000
16.6662,1.0000,422.4409,1.9109,4.5409,16.6606,16.6558,15.2831,0.0010,-1.0000
16.6670,1.0000,422.4577,6.9059,0.3219,16.6704,16.6589,8.9709,0.0012,-1.0000
16.6665,1.0000,422.4742,1.4435,5.4092,16.6751,16.6554,14.8223,0.0012,-1.0000
16.6667,1.0000,422.4910,8.8548,0.4003,16.6642,16.6547,9.9429,0.0008,-1.0000
16.6677,1.0000,422.5078,1.3717,4.4909,16.6639,16.7910,15.2719,0.0012,-1.0000
16.6667,1.0000,422.5244,7.6866,0.3331,16.6675,16.6431,7.4828,0.0012,-1.0000
16.6647,1.0000,422.5410,1.8322,4.1917,16.6641,16.6007,14.9475,0.0013,-1.0000
16.6670,1.0000,422.5577,6.7110,0.3251,16.6637,16.6730,9.9485,0.0011,-1.0000
16.6681,1.0000,422.5746,1.5179,6.0082,16.7996,16.7800,15.3011,0.0015,-1.0000
16.6654,1.0000,422.5910,9.1593,0.3263,16.6555,16.5084,8.4461,0.0010,-1.0000
16.6672,1.0000,422.6076,1.6515,4.3597,16.6093,16.6567,15.2873,0.0013,-1.0000
16.6684,1.0000,422.6244,6.7231,0.2748,16.6805,16.7342,9.7687,0.0010,-1.0000
16.6657,1.0000,422.6414,1.4777,5.1096,16.7914,16.5426,15.0223,0.0014,-1.0000
16.6658,1.0000,422.6577,8.0613,0.2808,16.5171,16.6700,8.8333,0.0012,-1.0000
16.6707,1.0000,422.6747,1.3679,4.5721,16.6646,16.6655,15.1672,0.0010,-1.0000
16.6644,1.0000,422.6910,6.9644,0.3122,16.7439,16.6410,8.3477,0.0016,-1.0000
16.6676,1.0000,422.7076,1.5193,5.3326,16.5527,16.6671,15.2965,0.0010,-1.0000
16.6697,1.0000,422.7243,7.8359,0.3314,16.6783,16.6747,9.1952,0.0011,-1.0000
16.6651,1.0000,422.7411,1.4970,5.2667,16.6754,16.7006,15.1951,0.0010,-1.0000
16.6677,1.0000,422.7578,8.2924,0.4986,16.6504,16.6324,9.6070,0.0012,-1.0000
16.7127,1.0000,422.7748,1.3692,4.5345,16.6737,16.6704,15.0440,0.0012,-1.0000
16.6407,1.0000,422.7910,7.4784,0.3748,16.6834,16.6170,7.1765,0.0015,-1.0000
16.6664,1.0000,422.8076,1.5048,5.1501,16.7140,16.6590,15.1939,0.0013,-1.0000
16.6695,1.0000,422.8245,7.0246,0.3402,16.6441,16.6770,9.9573,0.0012,-1.0000
16.6668,1.0000,422.8410,1.6251,5.6537,16.6810,16.6557,14.3476,0.0011,-1.0000
16.6654,1.0000,422.8577,9.4396,0.3630,16.6252,16.6484,9.6388,0.0013,-1.0000
16.6676,1.0000,422.8744,1.4637,4.4965,16.6656,16.6666,15.1437,0.0014,-1.0000
16.6679,1.0000,422.8910,6.7190,0.4105,16.6859,16.6567,8.0759,0.0012,-1.0000
16.6646,1.0000,422.9077,2.3069,4.4165,16.6652,16.6514,15.3183,0.0013,-1.0000
16.6678,1.0000,422.9244,7.0084,0.3202,16.6577,16.6746,9.8720,0.0012,-1.0000
16.6674,1.0000,422.9410,1.5214,5.6746,16.6752,16.6532,15.1506,0.0012,-1.0000
16.6646,1.0000,422.9577,8.5800,0.3319,16.6653,16.6492,9.6973,0.0013,-1.0000
16.6671,1.0000,422.9745,1.3318,4.5377,16.6588,16.6575,15.1550,0.0012,-1.0000
16.6691,1.0000,422.9912,6.8020,0.3043,16.6838,16.6820,7.7515,0.0012,-1.0000
16.6652,1.0000,423.0077,1.5013,4.6135,16.6612,16.6243,14.9043,0.0012,-1.0000
16.6666,1.0000,423.0243,6.9508,0.3228,16.6579,16.7224,9.8480,0.0009,-1.0000
16.6672,1.0000,423.0411,1.5013,6.5775,16.6648,16.6059,15.1927,0.0012,-1.0000
16.6656,1.0000,423.0576,8.9297,0.3468,16.6931,16.6486,8.9255,0.0012,-1.0000
16.6664,1.0000,423.0744,1.7185,4.3811,16.6336,16.7071,15.3645,0.0011,-1.0000
16.6690,1.0000,423.0911,6.8739,0.3310,16.7308,16.6264,8.8953,0.0011,-1.0000
16.6654,1.0000,423.1077,1.4119,5.1510,16.6155,16.6411,14.6276,0.0014,-1.0000
16.6667,1.0000,423.1243,7.7225,0.3281,16.6567,16.7284,9.4873,0.0012,-1.0000
16.6677,1.0000,423.1412,1.3417,5.1866,16.7146,16.5973,15.2198,0.0013,-1.0000
16.6645,1.0000,423.1577,7.7302,0.4273,16.6354,16.6501,8.5182,0.0009,-1.0000
16.6660,1.0000,423.1743,2.0118,4.5313,16.6513,16.6541,15.3147,0.0011,-1.0000
16.6698,1.0000,423.1912,7.2406,0.4525,16.7378,16.7265,9.7427,0.0010,-1.0000
16.6670,1.0000,423.2077,1.3760,5.5643,16.6079,16.6583,15.0334,0.0013,-1.0000
16.6666,1.0000,423.2243,8.1313,0.2908,16.6589,16.6427,9.5019,0.0012,-1.0000
16.6694,1.0000,423.2413,1.3382,4.6014,16.6604,16.7037,15.2636,0.0011,-1.0000
16.6638,1.0000,423.2578,6.9834,0.2884,16.7350,16.6473,8.8605,0.0012,-1.0000
16.6656,1.0000,423.2744,1.6236,4.5058,16.6684,16.6022,15.1006,0.0012,-1.0000
16.6690,1.0000,423.2910,7.1408,0.3000,16.6517,16.6676,9.2463,0.0013,-1.0000
16.6660,1.0000,423.3078,1.4389,4.8307,16.7154,16.7630,15.1821,0.0012,-1.0000
16.6652,1.0000,423.3243,7.7854,0.2835,16.6574,16.5524,9.8645,0.0012,-1.0000
16.6686,1.0000,423.3410,1.5006,4.8778,16.6101,16.6724,15.3398,0.0011,-1.0000
16.6666,1.0000,423.3578,7.4197,0.3061,16.6764,16.6925,8.7569,0.0011,-1.0000
16.6671,1.0000,423.3743,1.5796,4.3108,16.7722,16.5727,15.1172,0.0010,-1.0000
16.6674,1.0000,423.3911,6.6865,0.2758,16.5607,16.7395,9.7825,0.0013,-1.0000
16.6672,1.0000,423.4082,1.3312,5.6044,16.6801,16.7663,14.9056,0.0014,-1.0000
16.6635,1.0000,423.4242,7.9345,0.2903,16.7008,16.4903,9.1315,0.0014,-1.0000
16.6687,1.0000,423.4411,1.4542,4.4899,16.5813,16.7189,15.3575,0.0013,-1.0000
16.6669,1.0000,423.4582,6.9557,0.2983,16.7503,16.6283,7.4173,0.0012,-1.0000
16.6661,1.0000,423.4744,1.8594,4.3978,16.7763,16.6434,14.4718,0.0014,-1.0000
16.6673,1.0000,423.4911,7.3577,0.2700,16.4993,16.6681,9.2983,0.0011,-1.0000
16.6675,1.0000,423.5078,1.3597,5.2244,16.7279,16.7038,15.0653,0.0012,-1.0000
16.6662,1.0000,423.5242,9.2098,0.4614,16.6395,16.6029,8.8014,0.0011,-1.0000
16.6663,1.0000,423.5410,2.1700,5.0249,16.6528,16.6484,15.4173,0.0012,-1.0000
16.6670,1.0000,423.5580,7.3691,0.3571,16.6770,16.7841,9.6030,0.0012,-1.0000
16.6705,1.0000,423.5744,1.6371,5.2365,16.7150,16.5666,14.6219,0.0010,-1.0000
16.6631,1.0000,423.5911,7.8013,0.4679,16.6121,16.6293,9.2488,0.0014,-1.0000
16.6681,1.0000,423.6078,1.2296,4.4476,16.6584,16.6478,15.1195,0.0014,-1.0000
16.6670,1.0000,423.6247,7.1804,0.4201,16.7952,16.9171,7.9981,0.0012,-1.0000
16.6651,1.0000,423.6410,1.9436,4.9440,16.5766,16.3486,14.7783,0.0013,-1.0000
16.6651,1.0000,423.6577,7.3793,0.3275,16.6400,16.6491,9.6784,0.0013,-1.0000
16.6688,1.0000,423.6743,1.5267,5.7420,16.6572,16.6702,15.2840,0.0014,-1.0000
16.6647,1.0000,423.6910,8.9183,0.3620,16.9285,16.6527,8.5387,0.0010,-1.0000
16.6672,1.0000,423.7076,1.5687,4.3144,16.3598,16.6542,15.2478,0.0012,-1.0000
16.6691,1.0000,423.7243,6.9697,0.3106,16.6569,16.7085,9.7508,0.0014,-1.0000
16.6661,1.0000,423.7411,1.3853,5.1558,16.6789,16.6768,15.1185,0.0011,-1.0000
16.6640,1.0000,423.7577,8.1130,0.3116,16.6627,16.6605,9.7872,0.0014,-1.0000
16.6721,1.0000,423.7745,1.4052,4.6879,16.6618,16.6778,15.2532,0.0014,-1.0000
16.6639,1.0000,423.7911,6.9564,0.2977,16.7178,16.6661,8.9345,0.0014,-1.0000
16.6660,1.0000,423.8078,1.5571,4.3633,16.6865,16.6421,15.1753,0.0011,-1.0000
16.6678,1.0000,423.8244,6.8722,0.2716,16.6697,16.6360,9.7677,0.0011,-1.0000
16.6665,1.0000,423.8411,1.4229,5.5549,16.6880,16.7173,14.7905,0.0014,-1.0000
16.6656,1.0000,423.8578,7.7303,0.2764,16.6764,16.6188,9.9121,0.0012,-1.0000
16.6663,1.0000,423.8744,1.4656,4.3520,16.6514,16.5766,15.0643,0.0011,-1.0000
16.6678,1.0000,423.8910,6.8674,0.4016,16.6456,16.6610,8.9961,0.0012,-1.0000
16.6649,1.0000,423.9076,1.9258,4.4148,16.7262,16.6476,15.3815,0.0012,-1.0000
16.6706,1.0000,423.9243,6.7057,0.3011,16.6268,16.6783,10.1041,0.0011,-1.0000
16.6652,1.0000,423.9410,1.5112,5.4005,16.5845,16.6509,15.2906,0.0010,-1.0000
16.6658,1.0000,423.9577,7.6638,0.2691,16.6690,16.6484,9.6688,0.0013,-1.0000
16.6669,1.0000,423.9750,1.2650,4.2048,16.6565,16.7013,15.1272,0.0013,-1.0000
16.6692,1.0000,423.9911,6.5729,0.4632,16.6887,16.6338,7.2943,0.0012,-1.0000
16.6621,1.0000,424.0076,1.3592,4.3810,16.6609,16.6267,15.0488,0.0013,-1.0000
16.6683,1.0000,424.0242,6.9781,0.3292,16.6571,16.6711,10.1751,0.0007,-1.0000
16.6684,1.0000,424.0411,1.5724,5.3902,16.7114,16.6663,15.3908,0.0011,-1.0000
16.6652,1.0000,424.0577,9.3389,0.2488,16.6451,16.6494,9.2372,0.0016,-1.0000
16.6662,1.0000,424.0743,1.5766,4.2648,16.6353,16.6534,15.1420,0.0014,-1.0000
16.6694,1.0000,424.0911,6.4953,0.2709,16.6783,16.6693,8.8147,0.0013,-1.0000
16.6652,1.0000,424.1077,1.2743,4.5526,16.6749,16.6499,15.0152,0.0016,-1.0000
16.6667,1.0000,424.1242,7.4109,0.3480,16.6583,16.6670,9.5791,0.0012,-1.0000
16.6683,1.0000,424.1410,1.5098,5.6537,16.6611,16.6608,15.4145,0.0009,-1.0000
16.6638,1.0000,424.1577,7.8542,0.4485,16.6783,16.6422,8.7963,0.0011,-1.0000
16.6660,1.0000,424.1743,1.6330,4.4704,16.6580,16.6585,15.3472,0.0011,-1.0000
16.6692,1.0000,424.1911,7.0868,0.3679,16.6750,16.7073,10.0766,0.0010,-1.0000
16.6668,1.0000,424.2077,1.2452,5.3705,16.6695,16.6218,15.1435,0.0011,-1.0000
16.6654,1.0000,424.2242,7.8449,0.2649,16.6508,16.6594,9.7716,0.0013,-1.0000
16.6695,1.0000,424.2416,1.3100,4.5896,16.6650,16.8908,15.2809,0.0012,-1.0000
16.6641,1.0000,424.2577,6.6302,0.4269,16.7153,16.4788,7.5291,0.0014,-1.0000
16.6677,1.0000,424.2744,1.4774,4.2665,16.6319,16.7256,15.2457,0.0012,-1.0000
16.6670,1.0000,424.2910,6.8865,0.3037,16.6683,16.5323,9.7938,0.0012,-1.0000
16.6664,1.0000,424.3078,1.6086,6.0313,16.8992,16.7152,15.1067,0.0010,-1.0000
16.6661,1.0000,424.3242,8.9488,0.3901,16.4895,16.5969,9.6892,0.0012,-1.0000
16.6685,1.0000,424.3411,1.4784,4.5392,16.7327,16.6794,15.2700,0.0012,-1.0000
16.6669,1.0000,424.3578,6.7379,0.6006,16.5409,16.7203,8.5594,0.0013,-1.0000
16.6642,1.0000,424.3743,1.6077,4.6605,16.7244,16.5638,15.0660,0.0011,-1.0000
16.6686,1.0000,424.3911,6.9070,0.3407,16.6048,16.6721,10.1169,0.0010,-1.0000
16.6668,1.0000,424.4077,1.4081,5.5105,16.6896,16.6621,15.1514,0.0014,-1.0000
16.6641,1.0000,424.4243,8.1601,0.3747,16.7315,16.6895,9.7834,0.0010,-1.0000
16.6696,1.0000,424.4412,1.4966,4.3876,16.5724,16.6891,15.2407,0.0014,-1.0000
16.6676,1.0000,424.4578,6.5543,0.3327,16.6804,16.6717,7.8480,0.0014,-1.0000
16.6644,1.0000,424.4744,1.5090,4.5585,16.6719,16.6200,15.1395,0.0012,-1.0000
16.6677,1.0000,424.4911,6.9052,0.3160,16.6989,16.7107,8.9490,0.0012,-1.0000
16.6679,1.0000,424.5078,1.4472,5.1255,16.7000,16.6068,15.0903,0.0009,-1.0000
16.6639,1.0000,424.5242,8.8223,0.2994,16.6825,16.6295,9.5341,0.0011,-1.0000
16.6667,1.0000,424.5411,1.4791,5.1243,16.6286,16.7677,15.4707,0.0011,-1.0000
16.6685,1.0000,424.5578,7.7609,0.2794,16.7203,16.5612,7.1395,0.0010,-1.0000
16.6668,1.0000,424.5744,1.5156,4.5871,16.6168,16.6766,14.8360,0.0013,-1.0000
16.6716,1.0000,424.5911,7.0948,0.3036,16.6396,16.6871,9.7114,0.0015,-1.0000
16.6676,1.0000,424.6078,1.2960,5.6149,16.7749,16.5860,15.0807,0.0012,-1.0000
16.6642,1.0000,424.6243,9.4205,0.3836,16.5695,16.7009,9.3065,0.0013,-1.0000
16.6669,1.0000,424.6410,1.8394,4.6229,16.6861,16.6548,15.3969,0.0011,-1.0000
16.6694,1.0000,424.6580,6.9742,0.3113,16.6958,16.6990,9.8127,0.0009,-1.0000
16.6653,1.0000,424.6744,1.5041,4.4384,16.5952,16.6157,14.6894,0.0016,-1.0000
16.6667,1.0000,424.6911,7.3933,0.2700,16.7101,16.6735,9.5337,0.0012,-1.0000
16.6668,1.0000,424.7077,1.2566,4.7850,16.6618,16.6536,15.2767,0.0013,-1.0000
16.6659,1.0000,424.7243,6.8861,0.3242,16.7081,16.6771,7.7041,0.0013,-1.0000
16.6664,1.0000,424.7410,1.9245,4.5276,16.6247,16.6131,15.2764,0.0013,-1.0000
16.6698,1.0000,424.7578,7.1390,0.2731,16.6832,16.7025,9.7887,0.0013,-1.0000
16.6649,1.0000,424.7745,1.3755,5.4719,16.6625,16.7379,15.0753,0.0013,-1.0000
16.6669,1.0000,424.7910,8.9720,0.2876,16.6860,16.5221,9.7137,0.0014,-1.0000
16.6675,1.0000,424.8078,1.3352,4.4912,16.6207,16.6911,15.2786,0.0011,-1.0000
16.6657,1.0000,424.8243,6.9130,0.2717,16.7109,16.6303,8.5647,0.0015,-1.0000
16.6677,1.0000,424.8410,1.6614,4.2409,16.7487,16.6256,15.2927,0.0011,-1.0000
16.6672,1.0000,424.8582,6.8070,0.3338,16.5316,16.6696,9.8771,0.0015,-1.0000
16.6669,1.0000,424.8743,1.4114,5.4012,16.7015,16.6416,14.6481,0.0011,-1.0000
16.6648,1.0000,424.8910,8.0643,0.3118,16.6396,16.6586,9.5905,0.0011,-1.0000
16.6700,1.0000,424.9078,1.3317,4.4016,16.6337,16.6781,15.1775,0.0012,-1.0000
16.6644,1.0000,424.9243,6.7911,0.7146,16.6806,16.6490,6.3022,0.0013,-1.0000
16.6677,1.0000,424.9410,1.9923,4.8482,16.6511,16.6751,15.1586,0.0012,-1.0000
16.6664,1.0000,424.9577,7.0672,0.4011,16.6673,16.6257,9.3315,0.0011,-1.0000
16.6665,1.0000,424.9745,1.4992,6.0132,16.6916,16.6379,15.2329,0.0012,-1.0000
16.6667,1.0000,424.9910,10.3456,0.5052,16.6608,16.6534,7.6739,0.0010,-1.0000
16.6637,1.0000,425.0078,1.5151,4.7399,16.6861,16.6466,15.2544,0.0012,-1.0000
16.6690,1.0000,425.0242,7.2937,0.4319,16.6350,16.6703,10.0585,0.0011,-1.0000
16.6668,1.0000,425.0409,1.4039,5.7176,16.6484,16.6545,15.2845,0.0011,-1.0000
16.6665,1.0000,425.0577,8.9787,0.3260,16.6639,16.6637,9.4190,0.0010,-1.0000
16.6686,1.0000,425.0745,1.3906,4.2931,16.6536,16.6924,15.3306,0.0012,-1.0000
16.6657,1.0000,425.0910,6.6108,0.3996,16.6775,16.6263,8.8846,0.0014,-1.0000
16.6666,1.0000,425.1076,1.3689,4.5086,16.6628,16.6459,15.2867,0.0009,-1.0000
16.6674,1.0000,425.1243,7.2436,0.3201,16.6721,16.6654,10.0502,0.0008,-1.0000
16.6665,1.0000,425.1409,1.3604,5.3941,16.7019,16.6524,15.2349,0.0012,-1.0000
16.6647,1.0000,425.1577,7.7408,0.3816,16.6382,16.6546,10.0033,0.0012,-1.0000
16.6680,1.0000,425.1744,1.3583,4.3991,16.6552,16.6637,15.3178,0.0012,-1.0000
16.6669,1.0000,425.1911,6.6143,0.4077,16.6758,16.6624,6.1491,0.0012,-1.0000
16.6656,1.0000,425.2076,1.4159,4.3592,16.6607,16.6454,14.9572,0.0015,-1.0000
16.6689,1.0000,425.2242,6.6504,0.3063,16.6631,16.6676,9.5671,0.0012,-1.0000
16.6664,1.0000,425.2410,1.3447,6.4167,16.6710,16.6577,15.3040,0.0013,-1.0000
16.6752,1.0000,425.2576,10.5120,0.2985,16.6729,16.6614,9.6063,0.0012,-1.0000
16.6668,1.0000,425.2743,1.6872,4.4468,16.6538,16.6620,15.4412,0.0010,-1.0000
16.7095,1.0000,425.2913,7.0992,0.2887,16.6750,16.7145,8.4682,0.0010,-1.0000
16.6236,1.0000,425.3076,1.3520,4.7026,16.6674,16.5965,14.8560,0.0017,-1.0000
16.6673,1.0000,425.3242,7.0540,0.3041,16.6696,16.6639,10.1345,0.0012,-1.0000
16.6798,1.0000,425.3411,1.2201,4.5895,16.6698,16.6761,15.3028,0.0013,-1.0000
16.6637,1.0000,425.3576,8.2454,0.2906,16.7251,16.6430,9.3729,0.0011,-1.0000
16.6671,1.0000,425.3743,1.7389,4.2036,16.6064,16.6618,15.4449,0.0011,-1.0000
16.6695,1.0000,425.3911,6.5282,0.2713,16.6720,16.6702,9.7874,0.0010,-1.0000
16.6654,1.0000,425.4077,1.3716,4.1917,16.6847,16.6507,14.9820,0.0011,-1.0000
16.6665,1.0000,425.4243,7.2691,0.3020,16.6520,16.6586,9.3645,0.0011,-1.0000
16.6686,1.0000,425.4411,1.2157,4.1151,16.6685,16.6654,15.3736,0.0011,-1.0000
16.6643,1.0000,425.4577,6.8817,0.2977,16.6780,16.6459,8.4095,0.0011,-1.0000
16.6682,1.0000,425.4743,1.6676,4.9506,16.6600,16.6610,15.3765,0.0011,-1.0000
16.6665,1.0000,425.4912,7.2930,0.3188,16.6683,16.6580,10.1726,0.0010,-1.0000
16.6669,1.0000,425.5077,1.2904,5.1321,16.6755,16.6586,15.0934,0.0012,-1.0000
16.6656,1.0000,425.5242,8.2355,0.2632,16.6565,16.6526,9.9309,0.0011,-1.0000
16.6673,1.0000,425.5418,1.2831,4.2528,16.6702,16.6602,15.4036,0.0012,-1.0000
16.6668,1.0000,425.5576,6.4845,0.2819,16.6671,16.6597,7.1934,0.0016,-1.0000
16.6667,1.0000,425.5744,1.5640,4.3244,16.6672,16.6539,15.4410,0.0010,-1.0000
16.6769,1.0000,425.5910,6.7206,0.2665,16.6611,16.6761,9.2007,0.0011,-1.0000
16.6668,1.0000,425.6077,1.2555,5.7521,16.6681,16.6560,15.2864,0.0011,-1.0000
16.6644,1.0000,425.6242,9.4653,0.3348,16.6682,16.6492,10.0095,0.0013,-1.0000
16.6670,1.0000,425.6415,1.2117,5.3754,16.6626,16.6614,15.4524,0.0012,-1.0000
16.6685,1.0000,425.6577,7.4742,0.5158,16.6847,16.6668,8.3700,0.0011,-1.0000
16.6647,1.0000,425.6743,1.3684,4.4316,16.6651,16.6466,15.2152,0.0012,-1.0000
16.6681,1.0000,425.6911,6.6386,0.4439,16.6570,16.6669,10.0170,0.0014,-1.0000
16.6685,1.0000,425.7078,1.2079,5.0245,16.6685,16.6629,15.1784,0.0010,-1.0000
16.6639,1.0000,425.7242,8.2960,0.3433,16.6749,16.6422,9.0361,0.0012,-1.0000
16.6674,1.0000,425.7410,1.4304,4.4564,16.6548,16.6594,15.4637,0.0013,-1.0000
16.6687,1.0000,425.7578,6.6490,0.3133,16.6763,16.6723,9.5923,0.0013,-1.0000
16.6650,1.0000,425.7744,1.4834,4.6639,16.6743,16.6425,14.9451,0.0017,-1.0000
16.6670,1.0000,425.7911,7.6050,0.2666,16.6533,16.6591,9.6859,0.0010,-1.0000
16.6678,1.0000,425.8077,1.1943,4.8006,16.6664,16.6597,15.3398,0.0012,-1.0000
16.6655,1.0000,425.8242,7.0788,0.3289,16.6836,16.6517,9.6587,0.0012,-1.0000
16.6667,1.0000,425.8410,1.6957,4.6526,16.6529,16.6560,15.1986,0.0012,-1.0000
16.6680,1.0000,425.8578,6.9723,0.3845,16.6694,16.6923,10.0846,0.0012,-1.0000
16.6659,1.0000,425.8743,1.3187,4.9103,16.6701,16.6232,15.1958,0.0010,-1.0000
16.6668,1.0000,425.8910,6.9919,0.2872,16.6609,16.6577,10.2126,0.0010,-1.0000
16.6685,1.0000,425.9082,1.4562,4.4780,16.6649,16.6678,15.2555,0.0014,-1.0000
16.6629,1.0000,425.9242,6.6067,0.2760,16.7010,16.6448,7.7441,0.0013,-1.0000
16.6688,1.0000,425.9410,1.4263,4.4197,16.6325,16.6664,15.5274,0.0013,-1.0000
16.6671,1.0000,425.9577,6.4443,0.2954,16.6670,16.6559,9.9428,0.0013,-1.0000
16.6666,1.0000,425.9743,1.4109,4.8746,16.6781,16.6562,15.1440,0.0011,-1.0000
16.6652,1.0000,425.9910,8.8997,0.2968,16.6538,16.6491,10.1610,0.0011,-1.0000
16.6703,1.0000,426.0078,1.1376,4.4075,16.6745,16.6771,15.3755,0.0010,-1.0000
16.6646,1.0000,426.0242,6.7119,0.3495,16.6654,16.6451,7.8123,0.0011,-1.0000
16.6656,1.0000,426.0410,1.5111,4.3675,16.6655,16.6533,15.3841,0.0014,-1.0000
16.6676,1.0000,426.0576,6.4871,0.2560,16.6579,16.6616,10.0739,0.0009,-1.0000
16.6681,1.0000,426.0743,1.3002,5.3769,16.6870,16.6649,15.2965,0.0011,-1.0000
16.6656,1.0000,426.0910,8.8318,0.2833,16.6551,16.6617,9.8449,0.0010,-1.0000
16.6663,1.0000,426.1077,1.2676,4.2166,16.6617,16.6452,15.3375,0.0012,-1.0000
16.6680,1.0000,426.1243,6.5870,0.2953,16.6694,16.6675,10.0225,0.0012,-1.0000
16.6666,1.0000,426.1410,1.3670,4.3024,16.6737,16.6553,15.1493,0.0012,-1.0000
16.6661,1.0000,426.1577,6.8155,0.3411,16.6701,16.6546,9.2099,0.0011,-1.0000
16.6679,1.0000,426.1745,1.3063,4.5291,16.6533,16.6626,15.1988,0.0011,-1.0000
16.6669,1.0000,426.1911,6.6439,0.3288,16.6773,16.6561,7.8477,0.0015,-1.0000
16.6659,1.0000,426.2077,1.5047,4.6664,16.6651,16.6517,14.9318,0.0012,-1.0000
16.6684,1.0000,426.2243,7.4435,0.3391,16.6639,16.6606,9.0709,0.0011,-1.0000
16.6660,1.0000,426.2411,1.4625,5.5749,16.6728,16.6558,15.3585,0.0010,-1.0000
16.6662,1.0000,426.2577,8.8067,0.3279,16.6688,16.6509,7.8233,0.0012,-1.0000
16.6652,1.0000,426.2744,1.7185,5.1231,16.6610,16.6520,15.3776,0.0012,-1.0000
16.6672,1.0000,426.2910,7.5885,0.2861,16.6706,16.6888,9.8932,0.0010,-1.0000
16.6679,1.0000,426.3078,1.2959,6.0956,16.6684,16.6294,15.2932,0.0012,-1.0000
16.6652,1.0000,426.3243,8.8272,0.2670,16.6607,16.6528,9.4892,0.0010,-1.0000
16.6731,1.0000,426.3410,1.2732,4.9475,16.6636,16.6647,15.1500,0.0010,-1.0000
16.6668,1.0000,426.3577,6.7951,0.3206,16.6981,16.6602,9.9798,0.0011,-1.0000
16.6655,1.0000,426.3743,1.3349,4.5536,16.6391,16.6534,14.6067,0.0012,-1.0000
16.6664,1.0000,426.3910,7.1626,0.4137,16.6631,16.6540,9.9124,0.0013,-1.0000
16.6691,1.0000,426.4078,1.5133,4.3606,16.6732,16.6678,15.2801,0.0010,-1.0000
16.6650,1.0000,426.4243,6.6796,0.3246,16.6695,16.6488,8.4660,0.0013,-1.0000
16.6672,1.0000,426.4415,2.0452,4.0910,16.6627,16.6593,15.3135,0.0011,-1.0000
16.6677,1.0000,426.4580,6.7402,0.2872,16.6628,16.6609,8.8737,0.0012,-1.0000
16.6670,1.0000,426.4743,1.3867,5.8107,16.6789,16.6585,14.7556,0.0014,-1.0000
16.6642,1.0000,426.4910,8.1820,0.3191,16.6602,16.6440,9.4086,0.0013,-1.0000
16.6678,1.0000,426.5077,1.3446,4.7042,16.6691,16.6650,15.2565,0.0012,-1.0000
16.6681,1.0000,426.5245,7.7863,0.3904,16.6698,16.7871,9.4156,0.0012,-1.0000
16.6657,1.0000,426.5411,1.9013,4.4624,16.6690,16.6318,14.9288,0.0015,-1.0000
16.6659,1.0000,426.5578,7.2347,0.4827,16.6549,16.6128,9.1327,0.0011,-1.0000
16.6672,1.0000,426.5745,1.4071,5.0235,16.6725,16.6765,15.0445,0.0012,-1.0000
16.6665,1.0000,426.5915,7.3702,0.4288,16.7991,16.7017,5.8816,0.0013,-1.0000
16.6672,1.0000,426.6078,1.7016,5.4740,16.6429,16.5770,14.6085,0.0012,-1.0000
16.6671,1.0000,426.6243,7.4793,0.3502,16.6223,16.6593,9.8169,0.0012,-1.0000
16.6679,1.0000,426.6412,1.6305,5.9214,16.6855,16.7544,15.3387,0.0014,-1.0000
16.6658,1.0000,426.6578,10.8191,0.3981,16.7125,16.5308,8.8872,0.0012,-1.0000
16.6670,1.0000,426.6744,1.9671,4.4988,16.5863,16.6640,15.1172,0.0012,-1.0000
16.6661,1.0000,426.6910,6.8417,0.2782,16.6688,16.6440,9.9556,0.0014,-1.0000
16.6668,1.0000,426.7077,1.4145,4.4088,16.7659,16.6601,15.3243,0.0010,-1.0000
16.6660,1.0000,426.7242,7.6424,0.2876,16.5421,16.6562,10.1872,0.0015,-1.0000
16.6663,1.0000,426.7411,1.5453,4.3532,16.6726,16.6513,15.4086,0.0010,-1.0000
16.6685,1.0000,426.7578,6.6867,0.3082,16.6523,16.7525,8.1892,0.0012,-1.0000
16.6649,1.0000,426.7744,1.3346,4.1124,16.6689,16.5598,15.2328,0.0011,-1.0000
16.6668,1.0000,426.7910,6.4671,0.3184,16.6649,16.6710,9.9166,0.0011,-1.0000
16.6688,1.0000,426.8077,1.2415,5.1930,16.6591,16.6692,15.3443,0.0010,-1.0000
16.6650,1.0000,426.8243,8.5622,0.2728,16.7615,16.6482,9.2970,0.0010,-1.0000
16.6680,1.0000,426.8410,1.3259,4.2775,16.5683,16.6566,15.3131,0.0019,-1.0000
16.6673,1.0000,426.8579,6.7542,0.3607,16.6790,16.7462,9.8518,0.0011,-1.0000
16.6662,1.0000,426.8744,1.3236,4.3811,16.6767,16.5721,14.2706,0.0011,-1.0000
16.6668,1.0000,426.8910,7.3498,0.2807,16.6569,16.6534,9.9030,0.0012,-1.0000
16.6671,1.0000,426.9077,1.3415,4.6264,16.6656,16.6573,15.3048,0.0014,-1.0000
16.6671,1.0000,426.9243,6.8937,0.3041,16.7566,16.6663,6.7802,0.0011,-1.0000
16.6651,1.0000,426.9410,2.3005,4.4849,16.5824,16.6412,15.3558,0.0012,-1.0000
16.6676,1.0000,426.9577,6.7498,0.2793,16.6630,16.6639,9.4327,0.0013,-1.0000
16.6690,1.0000,426.9747,1.3510,5.4732,16.6667,16.7435,15.2225,0.0013,-1.0000
16.6686,1.0000,426.9911,9.8852,0.3161,16.6760,16.5988,8.7837,0.0011,-1.0000
16.6620,1.0000,427.0080,1.2839,4.4355,16.6506,16.6221,15.0214,0.0014,-1.0000
16.6681,1.0000,427.0244,7.2298,0.3013,16.6728,16.6680,9.0456,0.0010,-1.0000
16.6671,1.0000,427.0413,1.5197,4.9816,16.7555,16.7216,15.0017,0.0016,-1.0000
16.6649,1.0000,427.0577,7.8147,0.2865,16.6139,16.5712,8.9688,0.0016,-1.0000
16.6682,1.0000,427.0745,1.5989,5.1590,16.6337,16.6695,15.1934,0.0013,-1.0000
16.6667,1.0000,427.0912,7.6220,0.6936,16.6795,16.7290,8.3788,0.0011,-1.0000
16.6660,1.0000,427.1077,1.7185,4.6763,16.7341,16.5760,15.0665,0.0011,-1.0000
16.6664,1.0000,427.1243,7.6008,0.4569,16.5802,16.6553,9.6261,0.0015,-1.0000
16.6685,1.0000,427.1411,1.4747,4.9705,16.6778,16.7212,15.3677,0.0010,-1.0000
16.6636,1.0000,427.1577,8.3495,0.4309,16.7387,16.5935,9.6496,0.0009,-1.0000
16.6845,1.0000,427.1744,1.5082,4.6104,16.5842,16.6735,15.2819,0.0012,-1.0000
16.6699,1.0000,427.1911,7.0280,0.3226,16.6640,16.6790,8.5629,0.0012,-1.0000
16.6663,1.0000,427.2079,1.3525,4.5173,16.7294,16.7089,15.1922,0.0009,-1.0000
16.6667,1.0000,427.2244,6.9434,0.3775,16.6013,16.6505,9.8418,0.0012,-1.0000
16.6671,1.0000,427.2412,1.3905,5.3410,16.6809,16.6559,15.1972,0.0015,-1.0000
16.6648,1.0000,427.2578,8.1152,0.3650,16.6891,16.6544,8.4688,0.0012,-1.0000
16.6661,1.0000,427.2745,1.5157,4.5296,16.7197,16.6733,15.2139,0.0012,-1.0000
16.7602,1.0000,427.2914,6.8073,0.3497,16.6606,16.7563,9.7659,0.0009,-1.0000
16.6656,1.0000,427.3080,1.4574,5.2934,16.6653,16.6272,14.8365,0.0012,-1.0000
16.6771,1.0000,427.3247,8.1848,0.3049,16.6637,16.7918,9.2636,0.0012,-1.0000
16.6680,1.0000,427.3413,1.4580,4.3966,16.6803,16.5496,14.9538,0.0012,-1.0000
16.6659,1.0000,427.3579,6.9898,0.3949,16.7676,16.6487,8.6354,0.0012,-1.0000
16.6660,1.0000,427.3746,1.7899,4.9184,16.6382,16.6834,15.2395,0.0011,-1.0000
16.6668,1.0000,427.3912,7.5271,0.3874,16.8013,16.5955,9.5248,0.0012,-1.0000
16.6688,1.0000,427.4082,1.5946,5.9721,16.5598,16.7034,15.3052,0.0012,-1.0000
16.6647,1.0000,427.4245,8.0121,0.3098,16.6579,16.6474,9.0252,0.0018,-1.0000
16.6671,1.0000,427.4412,1.4427,4.6054,16.6927,16.6380,15.1699,0.0010,-1.0000
16.6674,1.0000,427.4583,7.0700,0.3406,16.6037,16.8262,9.9120,0.0012,-1.0000
16.6662,1.0000,427.4745,1.3970,4.8584,16.7135,16.4977,14.4532,0.0018,-1.0000
16.6640,1.0000,427.4912,7.6206,0.4043,16.6591,16.6505,9.6696,0.0013,-1.0000
16.6707,1.0000,427.5080,1.4670,4.5235,16.6478,16.7055,15.3417,0.0010,-1.0000
16.6651,1.0000,427.5245,6.9139,0.3830,16.8370,16.6559,7.9781,0.0016,-1.0000
16.6649,1.0000,427.5412,2.0429,4.6430,16.5064,16.5983,15.2645,0.0013,-1.0000
16.6694,1.0000,427.5579,6.9800,0.3207,16.6595,16.6830,9.2434,0.0017,-1.0000
16.6666,1.0000,427.5746,1.3626,5.8084,16.7153,16.7562,15.2408,0.0010,-1.0000
16.6665,1.0000,427.5912,8.6767,0.3081,16.6662,16.5394,8.9799,0.0011,-1.0000
16.6655,1.0000,427.6082,1.3322,5.1146,16.6060,16.6794,15.2219,0.0013,-1.0000
16.6695,1.0000,427.6244,7.4386,0.3696,16.6933,16.6398,7.3936,0.0010,-1.0000
16.6636,1.0000,427.6411,1.5141,4.7345,16.7661,16.6067,15.4494,0.0010,-1.0000
16.6695,1.0000,427.6580,7.5582,0.2717,16.5498,16.6855,10.0450,0.0009,-1.0000
16.6658,1.0000,427.6744,1.4560,5.4873,16.6879,16.6411,15.0216,0.0012,-1.0000
16.6656,1.0000,427.6912,9.2455,0.3522,16.6483,16.6568,9.6580,0.0010,-1.0000
16.6675,1.0000,427.7078,1.1562,4.2911,16.6146,16.6753,15.2986,0.0013,-1.0000
16.6669,1.0000,427.7245,6.6399,0.3178,16.6960,16.6521,6.6809,0.0013,-1.0000
16.6653,1.0000,427.7412,1.6181,4.4408,16.6511,16.6711,15.0554,0.0013,-1.0000
16.6671,1.0000,427.7579,6.9978,0.2816,16.6657,16.7021,10.1015,0.0010,-1.0000
16.6690,1.0000,427.7747,1.3755,5.8149,16.6836,16.6845,15.3086,0.0014,-1.0000
16.6647,1.0000,427.7912,9.9700,0.3332,16.6627,16.5932,8.4520,0.0010,-1.0000
16.6673,1.0000,427.8081,1.6149,4.3482,16.6799,16.7020,15.3272,0.0012,-1.0000
16.6690,1.0000,427.8245,6.5998,0.3139,16.7107,16.6833,8.2409,0.0014,-1.0000
16.6655,1.0000,427.8412,1.3746,5.3110,16.6937,16.5989,15.1126,0.0012,-1.0000
16.6653,1.0000,427.8578,8.1401,0.3251,16.6015,16.6463,9.7380,0.0013,-1.0000
16.6692,1.0000,427.8746,1.3735,5.5181,16.7093,16.7265,15.2421,0.0011,-1.0000
16.6640,1.0000,427.8911,8.4409,0.3481,16.6935,16.5449,7.9858,0.0011,-1.0000
16.6672,1.0000,427.9078,1.4850,4.5804,16.6090,16.6650,15.3955,0.0011,-1.0000
16.6682,1.0000,427.9245,6.9068,0.3105,16.6550,16.6754,9.7554,0.0010,-1.0000
16.6670,1.0000,427.9412,1.4830,5.7652,16.7353,16.6566,15.1459,0.0012,-1.0000
16.6648,1.0000,427.9579,8.5581,0.3802,16.5536,16.6519,9.9010,0.0013,-1.0000
16.6690,1.0000,427.9746,1.2683,4.5737,16.6724,16.6751,15.2552,0.0011,-1.0000
16.6668,1.0000,427.9913,6.9191,0.3569,16.6857,16.6954,8.8962,0.0014,-1.0000
16.6647,1.0000,428.0078,1.5094,4.3739,16.6662,16.5828,14.9384,0.0016,-1.0000
16.6682,1.0000,428.0245,6.7500,0.3746,16.6603,16.6785,10.0978,0.0013,-1.0000
16.6666,1.0000,428.0411,1.4187,5.3988,16.6858,16.6466,15.0129,0.0012,-1.0000
16.6660,1.0000,428.0578,7.7982,0.2828,16.7058,16.6576,10.0004,0.0011,-1.0000
16.6672,1.0000,428.0745,1.6427,4.2660,16.5909,16.6591,15.3687,0.0013,-1.0000
16.6670,1.0000,428.0911,6.5799,0.3222,16.6905,16.6539,8.1140,0.0011,-1.0000
16.6657,1.0000,428.1078,1.6327,4.2305,16.6588,16.6521,15.3903,0.0010,-1.0000
16.6684,1.0000,428.1244,6.6562,0.2769,16.6656,16.6777,9.7219,0.0010,-1.0000
16.6662,1.0000,428.1412,1.2889,6.0175,16.6685,16.6490,15.3419,0.0013,-1.0000
16.6652,1.0000,428.1578,8.5384,0.2768,16.6625,16.6534,8.7282,0.0011,-1.0000
16.6683,1.0000,428.1746,1.2606,4.4387,16.6606,16.6655,15.2957,0.0012,-1.0000
16.6661,1.0000,428.1911,6.9545,0.3092,16.6873,16.6561,8.0602,0.0013,-1.0000
16.6669,1.0000,428.2078,1.3057,5.2175,16.6575,16.6544,15.3195,0.0013,-1.0000
16.6653,1.0000,428.2244,7.9240,0.2911,16.6617,16.6593,9.7051,0.0013,-1.0000
16.6683,1.0000,428.2412,1.3684,5.5108,16.6734,16.6640,15.0902,0.0010,-1.0000
16.6651,1.0000,428.2578,8.5946,0.3087,16.6647,16.6461,9.7922,0.0011,-1.0000
16.6683,1.0000,428.2751,1.3336,4.5922,16.6630,16.7313,15.2925,0.0012,-1.0000
16.6666,1.0000,428.2913,6.9530,0.2941,16.6679,16.6042,5.8000,0.0013,-1.0000
16.6648,1.0000,428.3078,1.5729,4.2264,16.6738,16.6289,14.8795,0.0014,-1.0000
16.6692,1.0000,428.3245,6.8529,0.2636,16.6552,16.7213,9.9746,0.0016,-1.0000
16.6665,1.0000,428.3413,1.4378,5.8601,16.7407,16.6072,15.1886,0.0012,-1.0000
16.6650,1.0000,428.3578,10.8025,0.3191,16.6154,16.6497,9.0273,0.0015,-1.0000
16.6671,1.0000,428.3745,1.7476,4.4438,16.6373,16.7054,15.3225,0.0015,-1.0000
16.7530,1.0000,428.3915,6.7453,0.3695,16.7301,16.7385,10.1105,0.0011,-1.0000
16.6656,1.0000,428.4079,1.4172,4.7574,16.6158,16.6200,15.0479,0.0014,-1.0000
16.6652,1.0000,428.4248,7.6210,0.3139,16.6586,16.6525,9.2350,0.0012,-1.0000
16.6694,1.0000,428.4413,1.3819,4.3184,16.7123,16.7281,15.0585,0.0014,-1.0000
16.6652,1.0000,428.4579,6.6271,0.2918,16.7490,16.6390,7.7127,0.0012,-1.0000
16.6669,1.0000,428.4747,1.5706,5.4229,16.6303,16.6578,15.2717,0.0012,-1.0000
16.6675,1.0000,428.4914,7.4164,0.5679,16.6604,16.6841,9.4011,0.0013,-1.0000
16.6664,1.0000,428.5080,1.6685,5.9901,16.7369,16.6483,14.9751,0.0012,-1.0000
16.6670,1.0000,428.5245,8.9255,0.5177,16.6486,16.6245,9.3621,0.0013,-1.0000
16.6671,1.0000,428.5413,1.3850,4.6000,16.6669,16.6704,15.0694,0.0014,-1.0000
16.6957,1.0000,428.5582,7.2817,0.4079,16.6950,16.8855,9.4821,0.0013,-1.0000
16.6363,1.0000,428.5746,1.6717,4.5422,16.6573,16.4225,14.8844,0.0011,-1.0000
16.6675,1.0000,428.5913,7.2612,0.4436,16.6329,16.6724,9.2696,0.0013,-1.0000
16.6684,1.0000,428.6085,1.5995,4.9974,16.6816,16.7079,15.2206,0.0012,-1.0000
16.6632,1.0000,428.6244,7.4028,0.3692,16.8959,16.5452,8.1908,0.0013,-1.0000
16.6667,1.0000,428.6412,1.5370,4.4638,16.4331,16.6994,15.3476,0.0010,-1.0000
16.6699,1.0000,428.6580,7.4018,0.3529,16.6813,16.6870,9.6052,0.0010,-1.0000
16.6652,1.0000,428.6746,1.4863,5.2481,16.7192,16.6278,15.1180,0.0013,-1.0000
16.6664,1.0000,428.6913,8.3534,0.4049,16.5540,16.6981,9.8673,0.0012,-1.0000
16.6682,1.0000,428.7079,1.3507,4.4279,16.7055,16.6411,15.1427,0.0011,-1.0000
16.6660,1.0000,428.7245,7.0811,0.4121,16.6959,16.6570,7.7939,0.0013,-1.0000
16.6633,1.0000,428.7412,1.5085,4.4934,16.6370,16.6375,15.2278,0.0014,-1.0000
16.6692,1.0000,428.7580,6.8299,0.3580,16.7071,16.6954,10.1015,0.0009,-1.0000
16.6679,1.0000,428.7746,1.4972,5.6966,16.6489,16.6282,14.9592,0.0013,-1.0000
16.6648,1.0000,428.7913,8.8623,0.3217,16.6663,16.6415,9.5874,0.0011,-1.0000
16.6678,1.0000,428.8081,1.4084,4.1749,16.6452,16.7855,15.4022,0.0011,-1.0000
16.6688,1.0000,428.8246,6.5932,0.3019,16.7025,16.5461,8.1378,0.0011,-1.0000
16.6648,1.0000,428.8413,1.6680,4.5636,16.6379,16.6531,15.0458,0.0013,-1.0000
16.6666,1.0000,428.8579,7.0534,0.2870,16.6501,16.6476,9.7885,0.0011,-1.0000
16.6688,1.0000,428.8746,1.3821,5.6124,16.7943,16.6417,15.3193,0.0011,-1.0000
16.6644,1.0000,428.8912,8.4077,0.2672,16.5570,16.6385,9.3894,0.0010,-1.0000
16.6672,1.0000,428.9079,1.6058,4.5161,16.6620,16.6629,15.4434,0.0010,-1.0000
16.7096,1.0000,428.9245,6.8580,0.2753,16.6557,16.7016,8.0495,0.0012,-1.0000
16.6236,1.0000,428.9412,1.3212,4.5204,16.6511,16.6098,14.8456,0.0012,-1.0000
16.6664,1.0000,428.9579,7.2479,0.2795,16.6489,16.6574,9.4931,0.0009,-1.0000
16.7201,1.0000,428.9749,1.2181,5.8104,16.6706,16.7798,15.4354,0.0012,-1.0000
16.6638,1.0000,428.9913,8.6093,0.3518,16.7108,16.5865,9.3507,0.0013,-1.0000
16.6681,1.0000,429.0079,1.7629,4.4430,16.6188,16.6464,15.2969,0.0012,-1.0000
16.6676,1.0000,429.0245,7.1635,0.2662,16.6655,16.6621,9.5172,0.0010,-1.0000
16.6664,1.0000,429.0412,1.3432,4.3986,16.7873,16.6567,15.3481,0.0012,-1.0000
16.6672,1.0000,429.0580,7.2346,0.2624,16.5943,16.6852,9.9007,0.0012,-1.0000
16.6672,1.0000,429.0747,1.3482,4.5101,16.6540,16.6395,15.2082,0.0014,-1.0000
16.6635,1.0000,429.0912,7.1438,0.4686,16.6705,16.6375,8.4872,0.0011,-1.0000
16.6670,1.0000,429.1082,1.3072,4.4077,16.6658,16.6588,15.3965,0.0011,-1.0000
16.6685,1.0000,429.1245,6.7835,0.3617,16.6941,16.6695,9.6629,0.0008,-1.0000
16.6677,1.0000,429.1412,1.4300,5.2398,16.6513,16.6577,15.3911,0.0009,-1.0000
16.6655,1.0000,429.1579,8.1492,0.2777,16.6478,16.6525,9.9389,0.0012,-1.0000
16.6679,1.0000,429.1750,1.2612,4.7865,16.6647,16.6661,15.1356,0.0012,-1.0000
16.6661,1.0000,429.1913,7.0059,0.3897,16.6791,16.6483,8.0092,0.0012,-1.0000
16.6654,1.0000,429.2079,1.2658,4.5708,16.6670,16.6497,15.3407,0.0012,-1.0000
16.6683,1.0000,429.2245,6.7129,0.5542,16.6614,16.6750,10.0129,0.0011,-1.0000
16.6666,1.0000,429.2412,1.5294,5.3471,16.6768,16.6480,14.9978,0.0010,-1.0000
16.6661,1.0000,429.2580,8.6385,0.3409,16.6583,16.6561,9.2823,0.0012,-1.0000
16.6671,1.0000,429.2747,1.3078,4.5391,16.6579,16.6603,15.2365,0.0012,-1.0000
16.6694,1.0000,429.2914,6.6612,0.3759,16.6866,16.6691,8.5355,0.0015,-1.0000
16.6628,1.0000,429.3079,1.6489,5.0271,16.6580,16.6311,15.1894,0.0011,-1.0000
16.6674,1.0000,429.3245,7.3724,0.3647,16.6648,16.6651,10.2022,0.0015,-1.0000
16.6687,1.0000,429.3413,1.4228,5.9212,16.6709,16.6628,15.4599,0.0010,-1.0000
16.6658,1.0000,429.3579,8.1323,0.2585,16.6804,16.6561,9.2327,0.0013,-1.0000
16.6665,1.0000,429.3745,1.4405,4.3007,16.6405,16.6540,15.3475,0.0009,-1.0000
16.6675,1.0000,429.3915,6.4614,0.2705,16.6722,16.6637,8.9266,0.0012,-1.0000
16.6662,1.0000,429.4079,1.2018,4.8322,16.6716,16.6586,15.0143,0.0012,-1.0000
16.6661,1.0000,429.4245,7.4222,0.2718,16.6657,16.6516,9.7203,0.0011,-1.0000
16.6676,1.0000,429.4413,1.3055,5.6235,16.6626,16.6643,15.4819,0.0012,-1.0000
16.6649,1.0000,429.4579,7.7362,0.3035,16.6724,16.6509,9.4073,0.0011,-1.0000
16.6671,1.0000,429.4745,1.6430,4.5654,16.6668,16.6615,15.2306,0.0012,-1.0000
16.6695,1.0000,429.4913,6.9299,0.2677,16.6603,16.6678,9.3122,0.0008,-1.0000
16.6653,1.0000,429.5079,1.1811,5.6961,16.6723,16.6481,15.1234,0.0011,-1.0000
16.6668,1.0000,429.5245,7.2430,0.2565,16.6594,16.6606,9.8774,0.0011,-1.0000
16.6685,1.0000,429.5413,1.4296,4.7332,16.6681,16.6654,15.4117,0.0012,-1.0000
16.6638,1.0000,429.5579,7.3549,0.2818,16.6770,16.6472,8.3426,0.0012,-1.0000
16.6673,1.0000,429.5746,1.5237,4.3319,16.6573,16.6578,15.3202,0.0012,-1.0000
16.6690,1.0000,429.5912,6.7820,0.2409,16.6683,16.6662,9.9290,0.0011,-1.0000
16.6670,1.0000,429.6080,1.2523,5.5496,16.6759,16.7183,15.0373,0.0011,-1.0000
16.6659,1.0000,429.6245,8.3036,0.2524,16.6566,16.5946,9.6655,0.0010,-1.0000
16.6674,1.0000,429.6414,1.3364,4.1945,16.6648,16.6647,15.5148,0.0014,-1.0000
16.6669,1.0000,429.6581,6.7360,0.3219,16.6743,16.6577,8.6203,0.0014,-1.0000
16.6661,1.0000,429.6746,1.6800,4.7856,16.7272,16.6497,14.9622,0.0012,-1.0000
16.6673,1.0000,429.6913,6.9290,0.2729,16.6036,16.6729,9.8246,0.0012,-1.0000
16.9585,1.0000,429.7084,1.1484,6.3014,16.6750,16.9378,15.3778,0.0011,-1.0000
16.6626,1.0000,429.7248,8.0406,0.4184,16.6697,16.6396,9.5181,0.0012,-1.0000
16.6658,1.0000,429.7415,1.6861,4.5150,16.6593,16.6565,15.4611,0.0013,-1.0000
16.6698,1.0000,429.7582,6.8479,0.2745,16.6826,16.6721,9.1715,0.0009,-1.0000
16.6635,1.0000,429.7748,1.5591,4.3361,16.9492,16.6435,15.4281,0.0011,-1.0000
16.6690,1.0000,429.7916,7.1208,0.2552,16.6490,16.6702,10.1268,0.0013,-1.0000
16.6680,1.0000,429.8083,1.1940,5.1086,16.6644,16.6633,15.2513,0.0011,-1.0000
16.6648,1.0000,429.8248,7.4998,0.2620,16.6801,16.6469,9.8760,0.0013,-1.0000
16.6675,1.0000,429.8416,1.2144,4.1403,16.6522,16.6580,15.3339,0.0011,-1.0000
16.6681,1.0000,429.8583,6.5419,0.3361,16.6773,16.6638,9.5822,0.0012,-1.0000
16.6658,1.0000,429.8749,1.4107,4.3089,16.6735,16.6529,14.9594,0.0018,-1.0000
16.6662,1.0000,429.8915,6.7694,0.2727,16.6570,16.6563,9.8786,0.0011,-1.0000
16.6697,1.0000,429.9083,1.3228,5.7553,16.6658,16.6710,15.3738,0.0010,-1.0000
16.6627,1.0000,429.9249,7.0803,0.3340,16.6737,16.6387,9.0224,0.0012,-1.0000
16.6677,1.0000,429.9415,1.6914,4.4599,16.6618,16.6588,15.3739,0.0010,-1.0000
16.6679,1.0000,429.9586,6.7770,0.2743,16.6659,16.6620,10.1077,0.0014,-1.0000
16.6662,1.0000,429.9749,1.2957,4.9611,16.6825,16.6539,14.9766,0.0010,-1.0000
16.6658,1.0000,429.9916,7.6151,0.3071,16.6492,16.6591,9.8701,0.0011,-1.0000
16.6691,1.0000,430.0089,1.2832,4.4028,16.6685,16.6664,15.2405,0.0014,-1.0000
16.6641,1.0000,430.0248,6.5538,0.2914,16.6712,16.6437,8.2976,0.0014,-1.0000
16.6671,1.0000,430.0416,1.6761,4.6627,16.6629,16.6553,15.4151,0.0012,-1.0000
16.6674,1.0000,430.0585,6.7882,0.3098,16.6674,16.6626,10.2294,0.0010,-1.0000
16.6671,1.0000,430.0750,1.4244,5.0234,16.6768,16.7482,14.9310,0.0013,-1.0000
16.6642,1.0000,430.0916,8.3450,0.2784,16.6563,16.5615,9.0579,0.0011,-1.0000
16.6701,1.0000,430.1083,1.2389,4.3096,16.6629,16.6701,15.3386,0.0014,-1.0000
16.6654,1.0000,430.1248,6.4319,0.6139,16.6707,16.6545,7.9796,0.0013,-1.0000
16.6663,1.0000,430.1416,1.8159,5.4641,16.7579,16.6537,15.2015,0.0014,-1.0000
16.6675,1.0000,430.1587,7.5029,0.4414,16.5698,16.6999,9.9952,0.0011,-1.0000
16.6677,1.0000,430.1750,1.3298,5.8936,16.6775,16.6244,14.7120,0.0016,-1.0000
16.6656,1.0000,430.1916,8.6738,0.3869,16.6631,16.6541,9.8850,0.0010,-1.0000
16.6676,1.0000,430.2082,1.4507,4.7908,16.6616,16.6631,15.2788,0.0009,-1.0000
16.6659,1.0000,430.2248,6.7040,0.3910,16.7084,16.6542,8.1573,0.0010,-1.0000
16.6657,1.0000,430.2416,1.9106,4.6147,16.6328,16.6508,15.5001,0.0010,-1.0000
16.6673,1.0000,430.2582,6.7683,0.3783,16.6628,16.6644,9.6511,0.0013,-1.0000
16.6677,1.0000,430.2748,1.3832,5.8028,16.6731,16.6576,15.0663,0.0014,-1.0000
16.6647,1.0000,430.2915,8.4960,0.3222,16.6635,16.6543,9.6063,0.0012,-1.0000
16.6674,1.0000,430.3082,1.1495,4.4216,16.6590,16.6609,15.3630,0.0011,-1.0000
16.6685,1.0000,430.3248,7.0120,0.3706,16.6723,16.6644,8.3647,0.0012,-1.0000
16.6648,1.0000,430.3416,1.5897,4.6576,16.6658,16.6505,15.3502,0.0012,-1.0000
16.6681,1.0000,430.3583,7.0471,0.2770,16.6621,16.6609,9.9209,0.0011,-1.0000
16.6669,1.0000,430.3748,1.2970,5.6298,16.6687,16.6596,15.2859,0.0011,-1.0000
16.6664,1.0000,430.3916,8.2988,0.2680,16.6728,16.6587,9.9814,0.0009,-1.0000
16.6669,1.0000,430.4083,1.2991,4.3579,16.6588,16.6566,15.2694,0.0015,-1.0000
16.6681,1.0000,430.4248,6.7391,0.3059,16.6694,16.6662,8.9367,0.0011,-1.0000
16.6634,1.0000,430.4415,1.3724,4.2973,16.6685,16.6430,15.4812,0.0011,-1.0000
16.6693,1.0000,430.4582,6.6761,0.3123,16.6673,16.6673,10.0806,0.0010,-1.0000
16.6681,1.0000,430.4750,1.3857,5.1598,16.6650,16.6666,15.2246,0.0010,-1.0000
16.6649,1.0000,430.4916,7.7286,0.2946,16.6756,16.6470,9.5617,0.0012,-1.0000
16.6673,1.0000,430.5082,1.1608,4.2045,16.6511,16.6612,15.3228,0.0011,-1.0000
16.6675,1.0000,430.5247,6.5857,0.2598,16.6744,16.6578,9.7432,0.0012,-1.0000
16.6657,1.0000,430.5415,1.4408,4.3230,16.6784,16.6513,15.4970,0.0011,-1.0000
16.6664,1.0000,430.5583,7.0841,0.2861,16.6573,16.6579,10.0939,0.0011,-1.0000
16.6679,1.0000,430.5751,1.3371,4.7521,16.6697,16.6657,15.3298,0.0014,-1.0000
16.6650,1.0000,430.5916,6.9135,0.3199,16.6664,16.6545,8.8620,0.0013,-1.0000
16.6671,1.0000,430.6082,1.1532,4.1456,16.6600,16.6569,15.2713,0.0012,-1.0000
16.6701,1.0000,430.6248,6.5631,0.2646,16.6655,16.6683,10.1074,0.0012,-1.0000
16.6649,1.0000,430.6416,1.3344,5.3269,16.6747,16.6499,15.2518,0.0009,-1.0000
16.6661,1.0000,430.6582,7.7920,0.2620,16.6641,16.6525,9.9799,0.0012,-1.0000
16.6659,1.0000,430.6749,1.3842,4.2879,16.6656,16.6581,15.3526,0.0013,-1.0000
16.6681,1.0000,430.6919,6.5596,0.3355,16.6784,16.6619,9.4590,0.0016,-1.0000
16.6656,1.0000,430.7082,1.3973,4.3880,16.6594,16.6575,14.8611,0.0012,-1.0000
16.6681,1.0000,430.7248,6.6718,0.2595,16.6620,16.6639,9.6961,0.0010,-1.0000
16.6667,1.0000,430.7416,1.3043,5.9097,16.6660,16.6523,15.3012,0.0009,-1.0000
16.6655,1.0000,430.7582,7.2019,0.6210,16.6702,16.6502,9.0190,0.0012,-1.0000
16.6682,1.0000,430.7750,1.7951,4.8295,16.6666,16.6631,15.3828,0.0011,-1.0000
16.6663,1.0000,430.7917,6.9670,0.5364,16.6750,16.6541,8.5931,0.0016,-1.0000
16.6672,1.0000,430.8083,1.3501,5.3197,16.6624,16.6594,14.8645,0.0015,-1.0000
16.6662,1.0000,430.8248,7.6301,0.3447,16.6592,16.6550,9.8519,0.0013,-1.0000
16.6682,1.0000,430.8417,1.2791,5.4824,16.6724,16.6615,15.3662,0.0013,-1.0000
16.6642,1.0000,430.8583,8.0598,0.4368,16.6641,16.6481,8.7649,0.0010,-1.0000
16.6682,1.0000,430.8750,1.7936,4.4897,16.6698,16.6660,15.2346,0.0010,-1.0000
16.6670,1.0000,430.8916,6.8020,0.3953,16.6649,16.6531,9.7769,0.0012,-1.0000
16.6663,1.0000,430.9083,1.2940,4.9239,16.6722,16.6613,15.1241,0.0012,-1.0000
16.6650,1.0000,430.9247,7.8831,0.3730,16.6569,16.6508,9.8008,0.0010,-1.0000
16.6690,1.0000,430.9417,1.4302,4.5076,16.6744,16.6702,15.5723,0.0012,-1.0000
16.6664,1.0000,430.9582,6.8746,0.3424,16.6619,16.6525,8.1625,0.0009,-1.0000
16.6656,1.0000,430.9749,1.5357,4.3945,16.6700,16.6544,15.3138,0.0013,-1.0000
16.6674,1.0000,430.9917,6.8488,0.2773,16.6595,16.6604,10.1654,0.0008,-1.0000
16.6667,1.0000,431.0082,1.0964,5.7446,16.6781,16.6601,15.1190,0.0012,-1.0000
16.6654,1.0000,431.0247,8.4890,0.3111,16.6609,16.6486,9.9365,0.0009,-1.0000
16.6683,1.0000,431.0416,1.3390,4.2352,16.6627,16.6642,15.5662,0.0010,-1.0000
16.6668,1.0000,431.0583,6.4945,0.2987,16.6712,16.6573,8.7384,0.0010,-1.0000
16.6662,1.0000,431.0750,1.5399,4.4250,16.6696,16.6555,15.2922,0.0012,-1.0000
16.6676,1.0000,431.0916,6.7112,0.2566,16.6573,16.6650,9.4205,0.0012,-1.0000
16.6670,1.0000,431.1082,1.0970,5.5396,16.6724,16.6507,15.0999,0.0011,-1.0000
16.6663,1.0000,431.1248,7.9182,0.3164,16.6667,16.6579,9.6216,0.0011,-1.0000
16.7335,1.0000,431.1423,1.3621,4.5598,16.6640,16.7261,15.4772,0.0010,-1.0000
16.6679,1.0000,431.1585,7.2437,0.3389,16.6756,16.6662,7.7542,0.0011,-1.0000
16.6657,1.0000,431.1749,1.5495,4.5739,16.6593,16.6444,15.1419,0.0013,-1.0000
16.6670,1.0000,431.1916,7.0355,0.3160,16.6666,16.6592,10.0164,0.0010,-1.0000
16.6678,1.0000,431.2084,1.2478,5.1372,16.7341,16.6661,15.3586,0.0011,-1.0000
16.6645,1.0000,431.2249,8.9108,0.2626,16.6780,16.6441,9.7674,0.0013,-1.0000
16.6687,1.0000,431.2417,1.5015,4.2824,16.6548,16.6630,15.5386,0.0010,-1.0000
16.6669,1.0000,431.2583,6.6419,0.3275,16.6679,16.6582,8.5034,0.0012,-1.0000
16.6654,1.0000,431.2750,1.3060,4.2177,16.6769,16.6498,15.1208,0.0014,-1.0000
16.6665,1.0000,431.2917,6.8758,0.3219,16.6561,16.6601,10.0921,0.0013,-1.0000
16.6691,1.0000,431.3083,1.1233,4.9223,16.6711,16.6650,15.3114,0.0010,-1.0000
16.6643,1.0000,431.3248,8.1536,0.3233,16.6669,16.6476,8.7214,0.0013,-1.0000
16.6658,1.0000,431.3416,1.5277,4.3095,16.6581,16.6616,15.3716,0.0011,-1.0000
16.6703,1.0000,431.3583,6.5666,0.3122,16.6679,16.6715,9.8428,0.0012,-1.0000
16.6652,1.0000,431.3752,1.3530,5.5609,16.6744,16.6448,15.1424,0.0012,-1.0000
16.6653,1.0000,431.3916,7.9251,0.2748,16.6561,16.6561,9.3438,0.0011,-1.0000
16.6690,1.0000,431.4084,1.2889,4.4753,16.6690,16.6703,15.4424,0.0011,-1.0000
16.6637,1.0000,431.4249,6.8281,0.3117,16.6816,16.6433,8.1547,0.0010,-1.0000
16.6684,1.0000,431.4417,1.5008,5.0633,16.6556,16.6657,15.4708,0.0012,-1.0000
16.6673,1.0000,431.4584,7.3117,0.3711,16.6640,16.6634,9.3517,0.0016,-1.0000
16.6668,1.0000,431.4749,1.2266,5.7720,16.6785,16.6536,14.9280,0.0014,-1.0000
16.6659,1.0000,431.4916,8.4880,0.4824,16.6533,16.6559,9.7702,0.0013,-1.0000
16.6670,1.0000,431.5084,1.1941,4.9858,16.6728,16.6557,15.3272,0.0012,-1.0000
16.6660,1.0000,431.5248,7.3108,0.5001,16.6737,16.6560,7.1038,0.0012,-1.0000
16.6670,1.0000,431.5418,1.7241,5.0197,16.6630,16.6604,15.4437,0.0012,-1.0000
16.6661,1.0000,431.5588,6.8854,0.3049,16.6655,16.6533,9.5569,0.0013,-1.0000
16.6679,1.0000,431.5750,1.3272,5.6889,16.6635,16.6631,14.0015,0.0014,-1.0000
16.6660,1.0000,431.5917,9.5515,0.3425,16.6659,16.6561,9.8174,0.0010,-1.0000
16.6674,1.0000,431.6083,1.2154,4.5498,16.6706,16.6564,15.1833,0.0011,-1.0000
16.8854,1.0000,431.6252,7.0953,0.3317,16.6627,16.8855,8.3045,0.0013,-1.0000
16.6625,1.0000,431.6418,2.6605,4.7355,16.6712,16.6376,15.2164,0.0011,-1.0000
16.6686,1.0000,431.6585,6.8379,0.3748,16.6639,16.6704,10.2870,0.0010,-1.0000
16.6707,1.0000,431.6753,1.4717,5.2549,16.6647,16.6669,15.2381,0.0012,-1.0000
16.6629,1.0000,431.6918,8.5797,0.3286,16.8957,16.6447,9.2817,0.0016,-1.0000
16.6675,1.0000,431.7085,1.4199,4.3210,16.6459,16.6607,15.3796,0.0012,-1.0000
16.6695,1.0000,431.7251,6.3824,0.3010,16.6776,16.6658,9.4212,0.0010,-1.0000
16.6637,1.0000,431.7418,1.4274,4.5392,16.6770,16.6430,15.0157,0.0015,-1.0000
16.6678,1.0000,431.7585,7.3617,0.4007,16.6548,16.6629,10.0184,0.0012,-1.0000
16.6670,1.0000,431.7752,1.2801,5.0150,16.6691,16.6613,15.3979,0.0010,-1.0000
16.6653,1.0000,431.7918,7.2438,0.3678,16.6759,16.6530,9.2479,0.0013,-1.0000
16.6669,1.0000,431.8085,1.6258,4.4504,16.6524,16.6555,15.2504,0.0014,-1.0000
16.6682,1.0000,431.8252,6.6432,0.3096,16.6711,16.6701,9.9166,0.0011,-1.0000
16.6664,1.0000,431.8419,1.2623,5.1779,16.6705,16.6477,14.9107,0.0011,-1.0000
16.6665,1.0000,431.8585,7.4040,0.3518,16.6621,16.6621,9.7461,0.0013,-1.0000
16.6674,1.0000,431.8752,1.4039,4.5616,16.6639,16.6618,15.3404,0.0010,-1.0000
16.6648,1.0000,431.8918,6.7526,0.3528,16.6793,16.6493,8.5521,0.0013,-1.0000
16.6656,1.0000,431.9084,1.7356,4.6088,16.6567,16.6510,15.3731,0.0012,-1.0000
16.6706,1.0000,431.9252,6.9146,0.3405,16.6706,16.6747,9.7007,0.0009,-1.0000
16.6657,1.0000,431.9418,1.3204,5.5340,16.6709,16.6487,15.0385,0.0013,-1.0000
16.6656,1.0000,431.9585,8.0965,0.3030,16.6614,16.6521,9.6902,0.0012,-1.0000
16.6681,1.0000,431.9752,1.2766,4.5654,16.6570,16.6683,15.3794,0.0010,-1.0000
16.6673,1.0000,431.9918,6.9730,0.3707,16.6840,16.6558,7.9002,0.0014,-1.0000
16.6660,1.0000,432.0085,1.6088,4.6098,16.6591,16.6538,15.3454,0.0010,-1.0000
16.6672,1.0000,432.0251,6.9608,0.2712,16.6612,16.6617,9.4795,0.0011,-1.0000
16.6679,1.0000,432.0418,1.2877,4.9842,16.6766,16.6654,15.1557,0.0016,-1.0000
16.6646,1.0000,432.0585,8.7541,0.2846,16.6646,16.6438,9.7866,0.0012,-1.0000
16.6673,1.0000,432.0751,1.3073,4.4023,16.6626,16.6657,15.4481,0.0010,-1.0000
16.6678,1.0000,432.0919,7.1814,0.7918,16.6706,16.6596,9.7412,0.0011,-1.0000
16.6656,1.0000,432.1085,1.5083,4.9001,16.6735,16.6572,15.0573,0.0010,-1.0000
16.6658,1.0000,432.1250,6.8565,0.2979,16.6532,16.6507,9.9570,0.0014,-1.0000
16.6684,1.0000,432.1418,1.2165,4.7147,16.6735,16.6630,15.4738,0.0012,-1.0000
16.6634,1.0000,432.1584,6.9181,0.2999,16.6706,16.6463,8.6910,0.0012,-1.0000
16.6687,1.0000,432.1751,1.5987,4.5148,16.6666,16.6655,15.4889,0.0012,-1.0000
16.6696,1.0000,432.1919,6.6928,0.2608,16.6594,16.6687,9.7823,0.0012,-1.0000
16.6649,1.0000,432.2085,1.1880,5.6202,16.6712,16.6499,15.2590,0.0010,-1.0000
16.6665,1.0000,432.2251,7.9548,0.2825,16.6549,16.6595,9.2900,0.0010,-1.0000
16.6679,1.0000,432.2420,1.1754,4.4362,16.6724,16.6624,15.4045,0.0016,-1.0000
16.6657,1.0000,432.2585,6.8852,0.3160,16.6785,16.6462,7.9191,0.0016,-1.0000
16.6652,1.0000,432.2751,1.3897,4.9750,16.6592,16.6573,15.3517,0.0011,-1.0000
16.6687,1.0000,432.2918,7.3685,0.2785,16.6684,16.6676,10.0387,0.0010,-1.0000
16.6664,1.0000,432.3085,1.2562,6.4362,16.6725,16.6489,15.2605,0.0012,-1.0000
16.6652,1.0000,432.3250,8.7259,0.2904,16.6572,16.6555,9.4321,0.0012,-1.0000
16.6687,1.0000,432.3421,1.3043,4.1670,16.6658,16.6638,15.5078,0.0012,-1.0000
16.6666,1.0000,432.3586,6.6281,0.3355,16.6776,16.6620,7.9050,0.0011,-1.0000
16.6633,1.0000,432.3751,1.3873,4.5272,16.6587,16.6399,15.1165,0.0011,-1.0000
16.6697,1.0000,432.3918,7.2219,0.2748,16.6634,16.6727,10.1053,0.0010,-1.0000
16.6672,1.0000,432.4086,1.1547,5.5314,16.6719,16.6594,15.2704,0.0012,-1.0000
16.6689,1.0000,432.4252,8.7559,0.2851,16.6723,16.6687,8.7861,0.0012,-1.0000
16.6677,1.0000,432.4420,1.5223,4.4692,16.6474,16.6456,15.0162,0.0013,-1.0000
16.6649,1.0000,432.4586,6.5668,0.2667,16.6791,16.6527,9.1561,0.0017,-1.0000
16.6657,1.0000,432.4752,1.3877,5.2503,16.6693,16.6497,15.0193,0.0012,-1.0000
16.6657,1.0000,432.4919,7.8812,0.3446,16.6812,16.6604,9.9280,0.0011,-1.0000
16.6690,1.0000,432.5085,1.6277,4.6726,16.6564,16.6643,15.2565,0.0014,-1.0000
16.6634,1.0000,432.5250,7.4948,0.3243,16.6629,16.6487,9.1692,0.0013,-1.0000
16.6686,1.0000,432.5418,1.6290,4.8721,16.6595,16.6650,15.5091,0.0010,-1.0000
16.6683,1.0000,432.5585,6.7316,0.2668,16.6692,16.6702,9.8345,0.0010,-1.0000
16.6654,1.0000,432.5751,1.4064,4.7138,16.6718,16.6406,15.3453,0.0012,-1.0000
16.6676,1.0000,432.5918,7.4783,0.3021,16.6564,16.6645,9.6431,0.0012,-1.0000
16.6674,1.0000,432.6089,1.1546,4.7152,16.6723,16.6642,15.3933,0.0012,-1.0000
16.6659,1.0000,432.6251,6.8346,0.3321,16.6812,16.6462,8.8166,0.0010,-1.0000
16.6641,1.0000,432.6418,1.2938,4.3309,16.6509,16.6466,15.4742,0.0011,-1.0000
16.6702,1.0000,432.6586,7.0200,0.2619,16.6738,16.6756,10.1240,0.0011,-1.0000
16.6650,1.0000,432.6751,1.2697,5.7453,16.6764,16.6469,15.0877,0.0014,-1.0000
16.6655,1.0000,432.6918,7.8291,0.2846,16.6570,16.6542,9.0876,0.0010,-1.0000
16.6694,1.0000,432.7086,1.1712,4.5666,16.6544,16.6679,15.4483,0.0012,-1.0000
16.6656,1.0000,432.7250,6.5509,0.3005,16.6852,16.6533,8.4069,0.0014,-1.0000
16.6655,1.0000,432.7418,1.5577,5.0740,16.6566,16.6496,15.4815,0.0011,-1.0000
16.6683,1.0000,432.7585,7.5654,0.2807,16.6620,16.6692,10.3092,0.0011,-1.0000
16.6665,1.0000,432.7751,1.2185,5.7796,16.6767,16.6543,15.2612,0.0011,-1.0000
16.6653,1.0000,432.7918,8.2450,0.2862,16.6624,16.6541,9.7217,0.0012,-1.0000
16.6679,1.0000,432.8087,1.1671,4.3474,16.6578,16.6647,15.3528,0.0012,-1.0000
16.6672,1.0000,432.8250,6.3588,0.2893,16.6789,16.6558,8.0622,0.0013,-1.0000
16.6648,1.0000,432.8418,1.3916,4.8357,16.6637,16.6496,15.3723,0.0013,-1.0000
16.6671,1.0000,432.8585,6.9318,0.3134,16.6627,16.6622,10.1704,0.0013,-1.0000
16.6676,1.0000,432.8751,1.3102,5.9987,16.6743,16.6619,15.2598,0.0014,-1.0000
16.6660,1.0000,432.8918,8.5928,0.2586,16.6647,16.6538,9.7249,0.0013,-1.0000
16.6682,1.0000,432.9085,1.2760,4.4825,16.6577,16.6674,15.4216,0.0012,-1.0000
16.6677,1.0000,432.9250,6.4907,0.3056,16.6698,16.6555,8.0706,0.0016,-1.0000
16.6636,1.0000,432.9418,1.4009,4.5641,16.6699,16.6459,15.5693,0.0011,-1.0000
16.6679,1.0000,432.9585,6.9281,0.3207,16.6626,16.6644,9.6352,0.0012,-1.0000
16.6686,1.0000,432.9751,1.2442,6.1223,16.6782,16.6641,15.3352,0.0012,-1.0000
16.6643,1.0000,432.9918,8.5839,0.2972,16.6654,16.6483,9.9939,0.0011,-1.0000
16.6652,1.0000,433.0084,1.0753,4.7728,16.6535,16.6568,15.3600,0.0012,-1.0000
16.6714,1.0000,433.0251,7.0282,0.3032,16.6718,16.6768,7.9368,0.0010,-1.0000
16.6631,1.0000,433.0417,1.3276,4.3032,16.6720,16.6412,15.2892,0.0011,-1.0000
16.6687,1.0000,433.0585,6.6533,0.2500,16.6568,16.6659,10.3113,0.0012,-1.0000
16.6667,1.0000,433.0755,1.2959,5.8710,16.6639,16.6541,15.4603,0.0011,-1.0000
16.6646,1.0000,433.0918,8.7390,0.2745,16.6864,16.6499,8.9764,0.0012,-1.0000
16.6660,1.0000,433.1084,1.3508,4.3780,16.6509,16.6575,15.5508,0.0011,-1.0000
16.6701,1.0000,433.1251,6.3530,0.2803,16.6745,16.6768,8.7174,0.0007,-1.0000
16.6659,1.0000,433.1418,1.1924,4.4458,16.6675,16.6497,15.3112,0.0010,-1.0000
16.6665,1.0000,433.1585,7.6720,0.2688,16.6577,16.6573,9.8264,0.0012,-1.0000
16.6680,1.0000,433.1752,1.1058,5.6609,16.6635,16.6602,15.4110,0.0011,-1.0000
16.6645,1.0000,433.1918,7.9587,0.5431,16.6849,16.6504,9.3630,0.0012,-1.0000
16.6684,1.0000,433.2085,1.3376,4.5119,16.6597,16.6638,15.4326,0.0011,-1.0000
16.6674,1.0000,433.2251,6.8297,0.3082,16.6666,16.6481,9.3490,0.0011,-1.0000
16.6658,1.0000,433.2418,1.2479,4.6422,16.6698,16.6528,15.2764,0.0012,-1.0000
16.6675,1.0000,433.2585,7.2863,0.2782,16.6592,16.6617,8.9922,0.0013,-1.0000
16.6672,1.0000,433.2752,1.2299,4.3541,16.6819,16.6581,15.2941,0.0011,-1.0000
16.6664,1.0000,433.2919,7.2980,0.3000,16.6591,16.6549,9.2550,0.0015,-1.0000
16.6669,1.0000,433.3086,1.3751,5.6091,16.6621,16.6601,15.0631,0.0013,-1.0000
16.6655,1.0000,433.3250,7.6683,0.2897,16.6722,16.6399,7.8658,0.0012,-1.0000
16.6673,1.0000,433.3418,1.3625,5.3475,16.6694,16.6667,15.4623,0.0011,-1.0000
16.6674,1.0000,433.3586,7.3981,0.3282,16.6655,16.6584,8.6505,0.0014,-1.0000
16.6651,1.0000,433.3751,1.5955,6.0560,16.6729,16.6448,15.1569,0.0013,-1.0000
16.6671,1.0000,433.3918,8.7732,0.2785,16.6493,16.6653,9.9753,0.0011,-1.0000
16.6674,1.0000,433.4085,1.2032,5.3567,16.6760,16.6597,15.4620,0.0012,-1.0000
16.6643,1.0000,433.4250,8.0060,0.3325,16.6692,16.6503,9.3107,0.0009,-1.0000
16.6667,1.0000,433.4418,1.4864,4.4899,16.6538,16.6592,15.5758,0.0010,-1.0000
16.6712,1.0000,433.4586,6.6887,0.2739,16.6732,16.6736,10.0038,0.0010,-1.0000
16.6638,1.0000,433.4751,1.1963,4.9325,16.6684,16.6452,15.2059,0.0011,-1.0000
16.6664,1.0000,433.4918,7.3386,0.2591,16.6587,16.6570,9.4756,0.0011,-1.0000
16.6684,1.0000,433.5085,1.0824,4.2695,16.6659,16.6668,15.3869,0.0012,-1.0000
16.6663,1.0000,433.5251,6.6687,0.3503,16.6846,16.6468,9.1630,0.0013,-1.0000
16.6676,1.0000,433.5419,1.4378,5.4196,16.6553,16.6679,15.4571,0.0011,-1.0000
16.6654,1.0000,433.5585,7.1805,0.2687,16.6658,16.6458,9.7740,0.0009,-1.0000
16.6674,1.0000,433.5752,1.2782,4.9534,16.6774,16.6578,15.2798,0.0011,-1.0000
16.6636,1.0000,433.5919,7.4829,0.2908,16.6565,16.6477,9.5811,0.0014,-1.0000
16.6688,1.0000,433.6089,1.2099,4.3546,16.6809,16.6665,15.2330,0.0011,-1.0000
16.6673,1.0000,433.6250,6.8713,0.3604,16.6566,16.6591,8.4739,0.0011,-1.0000
16.6623,1.0000,433.6417,1.3768,4.6135,16.6677,16.6435,15.5739,0.0010,-1.0000
16.6690,1.0000,433.6585,7.0657,0.3368,16.6556,16.6696,10.2349,0.0011,-1.0000
16.6701,1.0000,433.6752,1.4324,5.6317,16.6733,16.6686,15.4289,0.0012,-1.0000
16.6643,1.0000,433.6918,8.1845,0.2674,16.6678,16.6524,9.1343,0.0011,-1.0000
16.6669,1.0000,433.7085,1.0685,4.2981,16.6494,16.6633,15.3771,0.0011,-1.0000
16.6682,1.0000,433.7251,6.4338,0.2702,16.6755,16.6826,9.4902,0.0011,-1.0000
16.6655,1.0000,433.7418,1.2388,5.0950,16.6773,16.6247,15.2832,0.0011,-1.0000
16.6656,1.0000,433.7585,7.5171,0.2803,16.6610,16.6560,10.1441,0.0011,-1.0000
16.6680,1.0000,433.7752,1.2849,4.5769,16.6710,16.6689,15.4937,0.0011,-1.0000
16.6935,1.0000,433.7918,7.1912,0.3506,16.6933,16.6830,8.6639,0.0011,-1.0000
16.6649,1.0000,433.8085,1.3403,4.1679,16.6339,16.6507,15.3325,0.0010,-1.0000
16.6673,1.0000,433.8252,6.5106,0.2461,16.6642,16.6670,10.0716,0.0010,-1.0000
16.6673,1.0000,433.8418,1.1737,5.0973,16.6777,16.6538,15.2324,0.0014,-1.0000
16.6641,1.0000,433.8585,8.0180,0.2780,16.6913,16.6489,9.7093,0.0010,-1.0000
16.6683,1.0000,433.8764,1.3173,4.5395,16.6589,16.6656,15.3778,0.0011,-1.0000
16.6682,1.0000,433.8919,6.5943,0.4755,16.6783,16.6644,7.1409,0.0016,-1.0000
16.6655,1.0000,433.9084,1.4200,4.5226,16.6626,16.6439,15.0824,0.0013,-1.0000
16.6664,1.0000,433.9250,6.9391,0.2740,16.6572,16.6630,9.5778,0.0010,-1.0000
16.6677,1.0000,433.9417,1.2867,5.1456,16.6744,16.6574,15.4676,0.0012,-1.0000
16.6674,1.0000,433.9584,9.5222,0.3569,16.6757,16.6849,8.0555,0.0010,-1.0000
16.6643,1.0000,433.9750,1.5602,4.3565,16.6538,16.6234,15.4469,0.0011,-1.0000
16.6691,1.0000,433.9918,7.0842,0.3068,16.6727,16.6698,8.6357,0.0007,-1.0000
16.6661,1.0000,434.0084,1.1886,5.2498,16.6656,16.6539,15.3884,0.0014,-1.0000
16.6671,1.0000,434.0250,8.6284,0.2585,16.6937,16.6608,10.1712,0.0011,-1.0000
16.6668,1.0000,434.0417,1.1751,6.7742,16.6308,16.6566,15.5204,0.0011,-1.0000
16.6641,1.0000,434.0584,8.0337,0.2761,16.6772,16.6498,8.4684,0.0010,-1.0000
16.6688,1.0000,434.0751,1.2640,4.3555,16.6633,16.6649,15.5822,0.0009,-1.0000
16.6679,1.0000,434.0918,6.4885,0.2964,16.6703,16.6640,9.4788,0.0011,-1.0000
16.6657,1.0000,434.1084,1.1349,4.9875,16.6655,16.6508,14.9196,0.0009,-1.0000
16.6664,1.0000,434.1250,8.1804,0.2662,16.6586,16.6567,10.2223,0.0012,-1.0000
16.6684,1.0000,434.1421,1.0816,4.4428,16.6726,16.6713,15.6313,0.0013,-1.0000
16.6662,1.0000,434.1587,7.1840,0.2744,16.6738,16.6479,8.9214,0.0013,-1.0000
16.6648,1.0000,434.1751,1.7304,4.2760,16.6603,16.6491,15.1014,0.0013,-1.0000
16.6688,1.0000,434.1920,6.4330,0.3075,16.6656,16.6975,9.6012,0.0011,-1.0000
16.6668,1.0000,434.2085,1.0385,5.0692,16.6811,16.6235,15.1294,0.0014,-1.0000
16.6650,1.0000,434.2250,7.7254,0.2913,16.6574,16.6525,10.0252,0.0012,-1.0000
16.6795,1.0000,434.2420,1.5463,4.4972,16.6585,16.6721,15.6322,0.0010,-1.0000
16.6694,1.0000,434.2585,7.0949,0.3071,16.7074,16.6654,7.2977,0.0011,-1.0000
16.6663,1.0000,434.2752,1.4927,4.1933,16.6333,16.6525,15.4090,0.0011,-1.0000
16.6682,1.0000,434.2919,6.6262,0.2497,16.6612,16.6622,9.6402,0.0013,-1.0000
16.6656,1.0000,434.3085,1.0390,6.0744,16.6791,16.6528,15.1265,0.0013,-1.0000
16.6656,1.0000,434.3251,9.3667,0.2872,16.6736,16.6557,9.7812,0.0011,-1.0000
16.6675,1.0000,434.3418,1.2421,4.6746,16.6625,16.6619,15.5253,0.0012,-1.0000
16.6672,1.0000,434.3586,7.0209,0.2946,16.6729,16.6622,9.4331,0.0010,-1.0000
16.6641,1.0000,434.3752,1.5246,4.5005,16.6623,16.6443,15.1517,0.0013,-1.0000
16.6677,1.0000,434.3918,6.8734,0.2739,16.6631,16.6657,9.5527,0.0012,-1.0000
16.6693,1.0000,434.4086,1.1353,5.4554,16.6697,16.6688,15.3969,0.0011,-1.0000
16.6646,1.0000,434.4250,7.2288,0.2946,16.6718,16.6484,9.4100,0.0011,-1.0000
16.6678,1.0000,434.4418,1.4912,4.8507,16.6519,16.6642,15.5277,0.0013,-1.0000
16.6680,1.0000,434.4586,7.1118,0.3231,16.6722,16.6600,9.8959,0.0011,-1.0000
16.6660,1.0000,434.4752,1.2706,4.7804,16.6779,16.6529,15.1989,0.0010,-1.0000
16.6663,1.0000,434.4919,7.2374,0.3463,16.6571,16.6582,9.7364,0.0012,-1.0000
16.6684,1.0000,434.5087,1.1349,4.2086,16.6714,16.6622,15.3577,0.0013,-1.0000
16.6657,1.0000,434.5251,6.7629,0.3633,16.6700,16.6467,8.0434,0.0014,-1.0000
16.6671,1.0000,434.5418,1.4528,4.3727,16.6628,16.6557,15.3646,0.0011,-1.0000
16.6665,1.0000,434.5585,6.9204,0.2713,16.6682,16.6529,9.9329,0.0009,-1.0000
16.6666,1.0000,434.5752,1.3032,6.6433,16.6782,16.6596,15.2429,0.0014,-1.0000
16.6647,1.0000,434.5918,8.6022,0.3353,16.6603,16.6457,9.6649,0.0010,-1.0000
16.6686,1.0000,434.6085,1.2896,4.2265,16.6671,16.6635,15.5621,0.0013,-1.0000
16.6664,1.0000,434.6252,6.7191,0.3466,16.6631,16.6616,9.3204,0.0010,-1.0000
16.6658,1.0000,434.6418,1.4153,4.1641,16.6698,16.6502,15.0845,0.0014,-1.0000
16.6660,1.0000,434.6586,6.9801,0.2615,16.6552,16.6578,9.8988,0.0010,-1.0000
16.6696,1.0000,434.6752,1.0999,6.1310,16.6718,16.6650,15.2642,0.0010,-1.0000
16.6669,1.0000,434.6919,7.3406,0.4541,16.6720,16.6560,9.4650,0.0011,-1.0000
16.6699,1.0000,434.7085,1.5643,4.3915,16.6586,16.6630,15.3829,0.0010,-1.0000
16.6644,1.0000,434.7252,6.7579,0.3253,16.6671,16.6498,10.0515,0.0015,-1.0000
16.6658,1.0000,434.7419,1.3994,5.2997,16.6751,16.6498,14.6444,0.0014,-1.0000
16.6659,1.0000,434.7585,7.1898,0.3071,16.6666,16.6564,9.7833,0.0016,-1.0000
16.6682,1.0000,434.7753,1.2785,4.3263,16.6754,16.6651,15.4497,0.0011,-1.0000
16.6645,1.0000,434.7918,6.5966,0.2886,16.6622,16.6435,8.6548,0.0012,-1.0000
16.6681,1.0000,434.8085,2.0041,4.2922,16.6604,16.6599,15.4430,0.0010,-1.0000
16.6663,1.0000,434.8251,6.8716,0.3186,16.6661,16.6537,9.9430,0.0013,-1.0000
16.6666,1.0000,434.8419,1.2141,5.4994,16.6762,16.6584,15.3389,0.0010,-1.0000
16.6671,1.0000,434.8585,7.9875,0.2763,16.6550,16.6578,9.9742,0.0013,-1.0000
16.6672,1.0000,434.8753,1.2157,4.4802,16.6695,16.6640,15.3870,0.0012,-1.0000
16.6657,1.0000,434.8919,6.7096,0.3311,16.6641,16.6503,8.5461,0.0013,-1.0000
16.6659,1.0000,434.9085,1.3182,4.5131,16.6672,16.6531,15.2542,0.0011,-1.0000
16.6697,1.0000,434.9251,6.6831,0.2744,16.6668,16.6696,9.5323,0.0014,-1.0000
16.6652,1.0000,434.9418,1.2757,5.4260,16.6737,16.6458,14.8815,0.0011,-1.0000
16.6650,1.0000,434.9585,8.1028,0.3196,16.6605,16.6562,10.0532,0.0012,-1.0000
16.6677,1.0000,434.9752,1.3978,5.2516,16.6608,16.6659,15.4267,0.0012,-1.0000
16.6681,1.0000,434.9919,7.1359,0.2965,16.6801,16.6589,9.3711,0.0011,-1.0000
16.6711,1.0000,435.0085,1.7633,4.8187,16.6562,16.6588,15.3989,0.0011,-1.0000
16.6666,1.0000,435.0251,6.6019,0.3229,16.6635,16.6618,9.6395,0.0011,-1.0000
16.6668,1.0000,435.0418,1.2379,5.6168,16.6735,16.6538,15.2443,0.0014,-1.0000
16.6648,1.0000,435.0585,7.2870,0.2818,16.6670,16.6539,9.7237,0.0011,-1.0000
16.6698,1.0000,435.0754,1.2586,4.3434,16.6684,16.7847,15.4013,0.0012,-1.0000
16.6659,1.0000,435.0919,7.0212,0.3742,16.6715,16.5377,7.2026,0.0011,-1.0000
16.6648,1.0000,435.1085,1.4079,4.4112,16.6628,16.6494,15.3902,0.0010,-1.0000
16.6677,1.0000,435.1251,6.9292,0.3294,16.6617,16.6611,9.8229,0.0010,-1.0000
16.6678,1.0000,435.1418,1.3819,5.4360,16.7940,16.6622,15.5808,0.0010,-1.0000
16.6660,1.0000,435.1586,9.3339,0.2736,16.5477,16.6634,9.9607,0.0012,-1.0000
16.6651,1.0000,435.1752,1.2583,4.3772,16.6582,16.6415,15.2553,0.0011,-1.0000
16.6692,1.0000,435.1919,6.8371,0.2796,16.6695,16.6709,8.0267,0.0011,-1.0000
16.6662,1.0000,435.2085,1.0802,4.6539,16.6713,16.6478,15.1622,0.0012,-1.0000
16.6664,1.0000,435.2251,6.7018,0.2988,16.6744,16.6621,10.0317,0.0011,-1.0000
16.6674,1.0000,435.2419,1.3849,5.1275,16.6515,16.6582,15.5568,0.0012,-1.0000
16.6651,1.0000,435.2585,8.6434,0.3744,16.6806,16.6505,8.9287,0.0015,-1.0000
16.6680,1.0000,435.2752,1.4839,4.3579,16.6565,16.6642,15.4305,0.0011,-1.0000
16.6677,1.0000,435.2919,6.6293,0.3059,16.6707,16.6639,9.3562,0.0010,-1.0000
16.6658,1.0000,435.3085,1.0998,4.7030,16.6683,16.6483,15.3772,0.0009,-1.0000
16.6668,1.0000,435.3251,7.7203,0.2919,16.6594,16.6576,9.9422,0.0011,-1.0000
16.6659,1.0000,435.3420,1.2322,4.9931,16.6723,16.6583,15.5046,0.0016,-1.0000
16.6664,1.0000,435.3585,7.3067,0.3155,16.6743,16.6559,8.2624,0.0010,-1.0000
16.6667,1.0000,435.3752,1.2701,4.5467,16.6576,16.6603,15.4303,0.0012,-1.0000
16.6674,1.0000,435.3920,6.7145,0.2803,16.6664,16.6586,9.9477,0.0010,-1.0000
16.6669,1.0000,435.4085,1.1520,5.4289,16.6668,16.6576,15.1803,0.0010,-1.0000
16.6663,1.0000,435.4251,8.3922,0.3085,16.6644,16.6573,9.9802,0.0012,-1.0000
16.6674,1.0000,435.4419,1.2285,4.2809,16.6688,16.7279,15.4563,0.0010,-1.0000
16.6660,1.0000,435.4585,6.7097,0.3009,16.6680,16.5846,9.1129,0.0009,-1.0000
16.6658,1.0000,435.4752,1.4761,4.9247,16.6669,16.6566,15.5050,0.0011,-1.0000
16.6686,1.0000,435.4920,6.6762,0.2753,16.6656,16.6728,10.2514,0.0011,-1.0000
16.6677,1.0000,435.5085,1.2707,5.3536,16.7366,16.6539,15.0362,0.0011,-1.0000
16.6651,1.0000,435.5251,7.4710,0.2854,16.5929,16.6538,9.9370,0.0015,-1.0000
16.6675,1.0000,435.5418,1.1503,4.7832,16.6642,16.6577,15.4818,0.0010,-1.0000
16.6662,1.0000,435.5585,6.4208,0.3637,16.6819,16.6554,9.1431,0.0012,-1.0000
16.6633,1.0000,435.5751,1.6165,4.1440,16.6639,16.6470,15.4980,0.0013,-1.0000
16.6722,1.0000,435.5919,6.7156,0.2790,16.6631,16.6825,10.2341,0.0009,-1.0000
16.6661,1.0000,435.6086,1.1748,4.9654,16.6668,16.6496,15.1453,0.0012,-1.0000
16.6644,1.0000,435.6251,7.5111,0.2809,16.6642,16.6484,9.6218,0.0011,-1.0000
16.6676,1.0000,435.6419,1.1479,4.3748,16.6546,16.6634,15.4505,0.0010,-1.0000
16.6679,1.0000,435.6588,6.4475,0.3263,16.6933,16.6625,8.0892,0.0016,-1.0000
16.6659,1.0000,435.6752,1.5031,4.4117,16.6596,16.6432,14.9301,0.0012,-1.0000
16.6667,1.0000,435.6918,7.0254,0.3117,16.6571,16.6597,9.9300,0.0009,-1.0000
16.6672,1.0000,435.7086,1.2118,5.9840,16.6739,16.6633,15.3977,0.0011,-1.0000
16.6657,1.0000,435.7251,8.5716,0.3230,16.6742,16.6505,9.4759,0.0014,-1.0000
16.6674,1.0000,435.7419,1.7117,4.4273,16.6526,16.6593,15.5333,0.0011,-1.0000
16.6673,1.0000,435.7585,6.7290,0.3188,16.6682,16.6634,9.0277,0.0018,-1.0000
16.6663,1.0000,435.7751,1.2642,4.6115,16.6727,16.6545,15.2827,0.0012,-1.0000
16.6660,1.0000,435.7919,7.1730,0.3154,16.6600,16.6552,9.5533,0.0012,-1.0000
16.6677,1.0000,435.8085,1.1246,4.8353,16.6678,16.6573,15.2567,0.0011,-1.0000
16.6665,1.0000,435.8252,7.6339,0.3596,16.6729,16.6619,9.3713,0.0010,-1.0000
16.6664,1.0000,435.8418,1.3701,5.1587,16.6635,16.6493,15.0515,0.0015,-1.0000
16.6687,1.0000,435.8587,7.1012,0.2952,16.6659,16.6691,9.8316,0.0011,-1.0000
16.6662,1.0000,435.8752,1.3994,5.5461,16.6663,16.6517,15.1703,0.0013,-1.0000
16.6651,1.0000,435.8918,7.2897,0.3100,16.6703,16.6483,9.5341,0.0015,-1.0000
16.6658,1.0000,435.9085,1.5965,4.6194,16.6578,16.6608,15.4986,0.0012,-1.0000
16.6699,1.0000,435.9251,6.8373,0.2876,16.6800,16.6690,9.8151,0.0012,-1.0000
16.6656,1.0000,435.9418,1.4802,4.7674,16.6623,16.6487,15.1551,0.0012,-1.0000
16.6661,1.0000,435.9585,7.1128,0.3032,16.6574,16.6535,10.0009,0.0010,-1.0000
16.6693,1.0000,435.9753,1.1608,4.6433,16.6671,16.6740,15.4509,0.0013,-1.0000
16.6653,1.0000,435.9919,6.8531,0.3394,16.6791,16.6397,8.8303,0.0013,-1.0000
16.6657,1.0000,436.0085,1.4924,4.3630,16.6589,16.6596,15.2797,0.0010,-1.0000
16.6675,1.0000,436.0251,6.6516,0.2673,16.6630,16.6608,9.9542,0.0011,-1.0000
16.6669,1.0000,436.0418,1.2213,5.4441,16.6857,16.6581,14.6919,0.0010,-1.0000
16.6647,1.0000,436.0585,7.8081,0.2993,16.6505,16.6507,9.9991,0.0010,-1.0000
16.6677,1.0000,436.0752,1.3786,4.3185,16.6680,16.6676,15.4762,0.0010,-1.0000
16.6677,1.0000,436.0918,6.7058,0.3590,16.6695,16.6533,9.4773,0.0011,-1.0000
16.6669,1.0000,436.1085,1.9651,4.4094,16.6670,16.6590,15.5216,0.0010,-1.0000
16.6665,1.0000,436.1251,6.6506,0.2900,16.6581,16.6904,10.1969,0.0011,-1.0000
16.6670,1.0000,436.1418,1.1903,4.9093,16.6764,16.6241,15.2304,0.0012,-1.0000
16.6657,1.0000,436.1585,7.1753,0.2877,16.6625,16.6547,9.8529,0.0008,-1.0000
16.6674,1.0000,436.1752,1.1363,4.4307,16.6689,16.6650,15.4368,0.0012,-1.0000
16.6908,1.0000,436.1919,6.4927,0.3725,16.7005,16.6802,8.6055,0.0010,-1.0000
16.6631,1.0000,436.2085,1.3923,4.4165,16.6319,16.6437,15.4194,0.0008,-1.0000
16.6686,1.0000,436.2251,6.8009,0.3095,16.6631,16.6666,10.0863,0.0010,-1.0000
16.6692,1.0000,436.2422,1.2272,5.7759,16.6759,16.9276,15.5074,0.0014,-1.0000
16.6636,1.0000,436.2585,8.0739,0.2756,16.6898,16.3855,9.1526,0.0016,-1.0000
16.6674,1.0000,436.2752,1.2235,4.5741,16.6504,16.6628,15.4882,0.0010,-1.0000
16.6673,1.0000,436.2919,6.5796,0.2829,16.6745,16.6590,9.5351,0.0012,-1.0000
16.6658,1.0000,436.3085,1.4186,4.3179,16.9376,16.6483,15.2912,0.0012,-1.0000
16.6668,1.0000,436.3251,7.2315,0.2810,16.3954,16.6583,10.1053,0.0013,-1.0000
16.6669,1.0000,436.3419,1.1734,4.9476,16.6715,16.6593,15.5848,0.0010,-1.0000
16.6653,1.0000,436.3585,7.1233,0.3454,16.6703,16.6570,8.3153,0.0010,-1.0000
16.6681,1.0000,436.3752,1.3558,4.3690,16.6576,16.6627,15.4638,0.0010,-1.0000
16.6690,1.0000,436.3920,6.5518,0.2496,16.6664,16.6677,9.6231,0.0010,-1.0000
16.6652,1.0000,436.4086,1.0733,6.0124,16.6680,16.6452,14.8917,0.0013,-1.0000
16.6648,1.0000,436.4251,8.3409,0.2879,16.6660,16.6527,9.9925,0.0012,-1.0000
16.6682,1.0000,436.4418,1.1975,4.5400,16.6698,16.6721,15.5599,0.0011,-1.0000
16.6653,1.0000,436.4585,7.0440,0.3365,16.6788,16.6421,7.8577,0.0011,-1.0000
16.6677,1.0000,436.4752,1.7520,4.4376,16.6563,16.6636,15.4948,0.0010,-1.0000
16.6675,1.0000,436.4920,6.6590,0.2734,16.6621,16.6628,10.0068,0.0011,-1.0000
16.6664,1.0000,436.5085,1.1115,5.6541,16.6809,16.6559,14.9553,0.0011,-1.0000
16.6656,1.0000,436.5251,8.7834,0.3352,16.6510,16.6513,10.0160,0.0012,-1.0000
16.6689,1.0000,436.5419,1.1678,4.4310,16.6705,16.6695,15.6342,0.0010,-1.0000
16.6658,1.0000,436.5586,6.6550,0.3724,16.6720,16.6466,9.5140,0.0009,-1.0000
16.6662,1.0000,436.5752,1.6992,4.5006,16.6646,16.6569,15.4939,0.0012,-1.0000
16.6675,1.0000,436.5919,6.6344,0.3148,16.6594,16.6654,10.0522,0.0012,-1.0000
16.6666,1.0000,436.6086,1.0342,4.9162,16.6787,16.6580,15.3279,0.0010,-1.0000
16.6671,1.0000,436.6252,7.1317,0.2718,16.6575,16.6565,9.6458,0.0013,-1.0000
16.6662,1.0000,436.6419,1.1617,4.4783,16.6647,16.6575,15.4524,0.0012,-1.0000
16.6666,1.0000,436.6585,6.6124,0.3471,16.6737,16.6520,9.2035,0.0009,-1.0000
16.6669,1.0000,436.6752,1.3291,4.6909,16.6667,16.6621,15.4669,0.0011,-1.0000
16.6703,1.0000,436.6920,7.0094,0.2876,16.6665,16.6691,10.1753,0.0011,-1.0000
16.6640,1.0000,436.7086,1.2038,4.7755,16.6675,16.6457,15.1861,0.0012,-1.0000
16.6654,1.0000,436.7251,7.4474,0.2836,16.6601,16.6511,9.4745,0.0011,-1.0000
16.6692,1.0000,436.7420,1.1940,4.2197,16.6709,16.6688,15.5754,0.0013,-1.0000
16.6914,1.0000,436.7589,6.4920,0.4210,16.6798,16.6808,7.5103,0.0013,-1.0000
16.6399,1.0000,436.7752,1.4585,4.6650,16.6555,16.6268,14.6794,0.0016,-1.0000
16.6674,1.0000,436.7919,7.1757,0.2903,16.6589,16.6626,10.0443,0.0011,-1.0000
16.6695,1.0000,436.8087,1.0920,5.7158,16.6773,16.6691,15.4252,0.0011,-1.0000
16.6651,1.0000,436.8253,9.1696,0.3538,16.6906,16.7766,9.1232,0.0010,-1.0000
16.6661,1.0000,436.8419,1.9459,4.2185,16.6348,16.5276,15.2842,0.0012,-1.0000
16.6688,1.0000,436.8587,6.6172,0.2948,16.6708,16.6725,9.2708,0.0010,-1.0000
16.6650,1.0000,436.8752,1.2425,4.7787,16.6793,16.6381,13.7882,0.0012,-1.0000
16.6656,1.0000,436.8919,7.6521,0.3493,16.7857,16.6531,9.3718,0.0012,-1.0000
16.6679,1.0000,436.9086,1.2421,4.7116,16.5355,16.6626,15.3651,0.0009,-1.0000
16.6674,1.0000,436.9254,7.4003,0.4739,16.6853,16.7014,8.2769,0.0016,-1.0000
16.6657,1.0000,436.9419,2.8486,4.5162,16.6495,16.6082,14.9306,0.0011,-1.0000
16.6665,1.0000,436.9586,7.2800,0.3132,16.6621,16.6566,9.6589,0.0013,-1.0000
16.6670,1.0000,436.9753,1.2963,5.4012,16.6713,16.6608,15.4890,0.0013,-1.0000
16.6673,1.0000,436.9919,8.4232,0.3719,16.7138,16.6544,8.7027,0.0020,-1.0000
16.6641,1.0000,437.0085,1.6764,4.6179,16.6184,16.6547,15.3443,0.0011,-1.0000
16.6696,1.0000,437.0251,6.9963,0.2769,16.6655,16.6690,9.4415,0.0009,-1.0000
16.6663,1.0000,437.0419,1.1706,4.7459,16.6704,16.6497,15.4485,0.0010,-1.0000
16.6671,1.0000,437.0586,7.9498,0.2809,16.6625,16.6622,9.9499,0.0011,-1.0000
16.6675,1.0000,437.0753,1.3095,5.7592,16.6618,16.6587,15.3420,0.0011,-1.0000
16.6646,1.0000,437.0919,7.2265,0.3447,16.6781,16.6466,8.2825,0.0014,-1.0000
16.6679,1.0000,437.1086,1.2002,4.4077,16.6593,16.6645,15.4451,0.0011,-1.0000
16.6682,1.0000,437.1252,6.7109,0.3165,16.6714,16.6682,9.7853,0.0011,-1.0000
16.6656,1.0000,437.1419,1.3154,5.3706,16.6697,16.6455,15.0469,0.0013,-1.0000
16.6654,1.0000,437.1586,8.3628,0.2820,16.6561,16.6534,9.9516,0.0013,-1.0000
16.6683,1.0000,437.1753,1.2183,4.5372,16.6730,16.6672,15.3666,0.0012,-1.0000
16.6658,1.0000,437.1919,6.8815,0.3650,16.6786,16.6550,8.8727,0.0011,-1.0000
16.6655,1.0000,437.2085,1.5973,4.4067,16.6557,16.6478,15.4734,0.0010,-1.0000
16.6944,1.0000,437.2256,6.7003,0.2756,16.6620,16.6983,10.0147,0.0009,-1.0000
16.6654,1.0000,437.2419,1.2995,5.7293,16.6758,16.6438,14.7010,0.0016,-1.0000
16.6658,1.0000,437.2586,7.7817,0.2820,16.6669,16.6569,9.9525,0.0013,-1.0000
16.7224,1.0000,437.2754,1.1731,4.4335,16.6565,16.7169,15.3896,0.0011,-1.0000
