frame_ms,focused,elapsed,CPU Main Thread Frame Time,CPU Render Thread Frame Time,CPU Total Frame Time,PlayerLoop,WaitForTargetFPS,Gfx.WaitForPresentOnGfxThread,Gfx.WaitForGfxCommandsFromMainThread
16.6695,0.0000,132.1377,1.1652,0.2712,16.6687,16.6666,15.2790,0.0011,-1.0000
16.6675,0.0000,132.1542,1.1926,0.4085,16.6626,16.6508,15.2969,0.0012,-1.0000
16.6646,0.0000,132.1709,2.8489,0.3865,17.1455,16.6587,15.4100,0.0012,-1.0000
16.6666,0.0000,132.1876,1.5465,0.5394,16.6422,16.6570,15.3381,0.0012,-1.0000
17.3667,0.0000,132.2050,1.3866,0.3684,16.6772,17.3622,15.9554,0.0011,-1.0000
15.9643,0.0000,132.2209,1.3524,0.3394,16.6616,15.9394,14.6222,0.0011,-1.0000
16.6706,0.0000,132.2376,1.2474,0.3411,16.6668,16.6724,15.5611,0.0010,-1.0000
16.6659,0.0000,132.2550,1.3175,0.3436,16.6646,16.6611,15.0918,0.0014,-1.0000
16.6654,0.0000,132.2710,1.4057,0.3323,17.3725,16.6505,14.5624,0.0014,-1.0000
16.6684,0.0000,132.2876,1.3166,0.2957,15.9496,16.6623,15.2823,0.0011,-1.0000
16.6669,0.0000,132.3042,1.1101,0.3795,16.6797,16.6524,15.3615,0.0011,-1.0000
16.6627,0.0000,132.3208,1.5676,0.3662,16.6719,16.6454,15.3107,0.0012,-1.0000
16.6701,0.0000,132.3376,2.0868,0.3361,16.6599,16.6752,15.5862,0.0008,-1.0000
16.6705,0.0000,132.3550,1.3786,0.3317,16.6724,16.6690,15.3433,0.0012,-1.0000
16.6638,0.0000,132.3710,1.2898,0.3385,16.6618,16.6430,14.4940,0.0016,-1.0000
16.6678,0.0000,132.3876,1.3334,0.3208,16.6517,16.6604,15.3744,0.0010,-1.0000
17.4944,0.0000,132.4052,1.0881,0.3386,16.6817,17.4918,15.7068,0.0012,-1.0000
16.6639,0.0000,132.4217,1.3244,0.3321,16.6807,16.6412,15.1599,0.0015,-1.0000
16.6666,0.0000,132.4384,2.1476,0.4448,16.6532,16.6638,15.4673,0.0011,-1.0000
16.6684,0.0000,132.4551,1.2846,0.3608,16.6682,16.6595,15.3751,0.0010,-1.0000
16.6657,0.0000,132.4718,1.7833,0.3536,17.5022,16.6543,15.4195,0.0012,-1.0000
16.6669,0.0000,132.4884,1.4797,0.3215,16.6506,16.6591,15.3423,0.0013,-1.0000
16.6679,0.0000,132.5051,1.1954,0.3878,16.6717,16.6610,15.3333,0.0010,-1.0000
16.6626,0.0000,132.5217,1.2834,0.3099,16.6693,16.6437,15.3773,0.0012,-1.0000
16.6884,0.0000,132.5388,1.2335,0.3095,16.6637,16.6917,15.5869,0.0008,-1.0000
16.6667,0.0000,132.5550,1.3153,0.3804,16.6673,16.6535,14.8798,0.0013,-1.0000
16.6645,0.0000,132.5717,1.3265,0.3622,16.6715,16.6540,15.5386,0.0010,-1.0000
16.6697,0.0000,132.5885,1.2652,0.2956,16.6518,16.6682,15.4842,0.0011,-1.0000
16.6665,0.0000,132.6052,1.1040,0.3341,16.6993,16.6568,15.3185,0.0009,-1.0000
16.6625,0.0000,132.6217,1.7721,0.3331,16.6616,16.6396,15.2143,0.0012,-1.0000
16.6672,0.0000,132.6384,1.1144,0.3188,16.6616,16.6630,15.6254,0.0013,-1.0000
16.6713,0.0000,132.6551,1.1828,0.3281,16.6782,16.8061,15.4770,0.0012,-1.0000
16.6656,0.0000,132.6718,1.3370,0.3046,16.6692,16.5234,15.2366,0.0012,-1.0000
16.6667,0.0000,132.6884,1.4240,0.2922,16.6473,16.6564,15.3796,0.0010,-1.0000
16.6678,0.0000,132.7052,1.0364,0.3152,16.6689,16.6621,15.4534,0.0010,-1.0000
16.6655,0.0000,132.7218,1.3280,0.3185,16.8140,16.6497,15.3071,0.0014,-1.0000
16.6662,0.0000,132.7384,1.2852,0.3188,16.5323,16.6577,15.4027,0.0013,-1.0000
16.6678,0.0000,132.7551,1.2758,0.2832,16.6639,16.6614,15.4252,0.0010,-1.0000
16.6666,0.0000,132.7718,1.2077,0.3238,16.6726,16.6534,15.4095,0.0012,-1.0000
16.6673,0.0000,132.7884,1.3413,0.2823,16.6608,16.6593,15.4514,0.0012,-1.0000
16.6671,0.0000,132.8051,1.2536,0.3159,16.6666,16.6577,15.3856,0.0012,-1.0000
16.6655,0.0000,132.8218,1.2353,0.2869,16.6721,16.6529,15.3794,0.0010,-1.0000
16.6671,0.0000,132.8385,1.2428,0.2795,16.6630,16.6577,15.3975,0.0012,-1.0000
16.6661,0.0000,132.8550,1.2065,0.3230,16.6680,16.6593,15.3848,0.0013,-1.0000
16.6671,0.0000,132.8718,1.2707,0.3553,16.6678,16.6543,15.3839,0.0014,-1.0000
16.6660,0.0000,132.8884,1.2723,0.2822,16.6635,16.6570,15.3868,0.0014,-1.0000
16.6683,0.0000,132.9051,1.2590,0.2871,16.6666,16.6627,15.1145,0.0009,-1.0000
16.6660,0.0000,132.9218,1.2731,0.6360,16.6682,16.6570,15.3692,0.0011,-1.0000
16.6660,0.0000,132.9384,1.2688,0.2679,16.6629,16.6539,15.4325,0.0011,-1.0000
16.6686,0.0000,132.9550,1.2689,0.3287,16.6648,16.6655,15.4137,0.0014,-1.0000
16.6672,0.0000,132.9718,1.5471,0.3143,16.6710,16.6577,15.2508,0.0011,-1.0000
16.6663,0.0000,132.9885,1.2865,0.2792,16.6667,16.6542,15.3225,0.0010,-1.0000
16.6666,0.0000,133.0056,1.2199,0.3234,16.6626,16.6544,15.3503,0.0011,-1.0000
16.6663,0.0000,133.0217,1.2503,0.3601,16.6756,16.6558,14.7880,0.0011,-1.0000
16.6670,0.0000,133.0384,1.4057,0.3100,16.6678,16.6596,15.4793,0.0010,-1.0000
16.6669,0.0000,133.0551,1.3306,0.2603,16.6651,16.6679,15.3600,0.0011,-1.0000
16.6660,0.0000,133.0717,1.3029,0.3240,16.6650,16.6402,15.2680,0.0014,-1.0000
16.6650,0.0000,133.0884,1.8663,0.3070,16.6648,16.6542,15.4935,0.0012,-1.0000
16.6677,0.0000,133.1051,1.1790,0.3302,16.6697,16.6642,15.3954,0.0011,-1.0000
20.1656,0.0000,133.1254,1.3065,0.3048,16.6798,20.1633,15.2927,0.0014,-1.0000
13.1648,0.0000,133.1383,1.3708,0.3314,16.6497,13.1352,11.7197,0.0010,-1.0000
16.6699,0.0000,133.1550,1.1595,0.2848,16.6631,16.6728,15.6981,0.0010,-1.0000
17.6721,0.0000,133.1731,1.2677,0.3884,16.6723,17.6740,15.2837,0.0010,-1.0000
15.6598,0.0000,133.1884,4.8692,0.2824,20.1766,15.6346,14.0753,0.0012,-1.0000
16.6702,0.0000,133.2052,1.4146,0.2404,13.1425,16.6721,15.5322,0.0009,-1.0000
18.3388,0.0000,133.2236,0.9735,0.3668,16.6793,18.3312,15.0273,0.0012,-1.0000
15.0642,0.0000,133.2384,2.3897,0.3153,17.6844,15.0425,13.5081,0.0019,-1.0000
16.6676,0.0000,133.2551,1.5580,0.2616,15.6430,16.6635,15.5097,0.0011,-1.0000
17.4404,0.0000,133.2727,1.1388,0.3871,16.6805,17.4358,15.4649,0.0009,-1.0000
15.8976,0.0000,133.2885,3.3025,0.3113,18.3426,15.8813,14.6021,0.0009,-1.0000
16.6687,0.0000,133.3053,1.5328,0.2576,15.0501,16.6678,15.5267,0.0011,-1.0000
19.1271,0.0000,133.3243,1.1526,0.2943,16.6713,19.1240,15.1191,0.0012,-1.0000
14.2042,0.0000,133.3385,1.9702,0.2979,17.4445,14.1828,12.8675,0.0009,-1.0000
16.6670,0.0000,133.3550,1.2783,0.2799,15.8883,16.6652,15.5523,0.0012,-1.0000
16.6693,0.0000,133.3719,1.1399,0.3966,16.6753,16.6663,15.5709,0.0011,-1.0000
16.6659,0.0000,133.3885,4.0034,0.2793,19.1338,16.6508,15.2130,0.0013,-1.0000
16.6667,0.0000,133.4052,1.3142,0.2613,14.1897,16.6603,15.3218,0.0012,-1.0000
16.6667,0.0000,133.4218,1.1117,0.2907,16.6721,16.6562,15.2650,0.0014,-1.0000
16.6667,0.0000,133.4385,1.0940,0.3370,16.6753,16.6574,15.3199,0.0010,-1.0000
16.6667,0.0000,133.4550,1.4366,0.3033,16.6600,16.6567,15.3890,0.0011,-1.0000
16.6684,0.0000,133.4719,1.3370,0.3455,16.6696,16.6636,15.5677,0.0010,-1.0000
16.6658,0.0000,133.4885,1.3896,0.3331,16.6649,16.6511,15.3384,0.0012,-1.0000
16.6668,0.0000,133.5052,1.3364,0.3159,16.6666,16.6595,15.4320,0.0011,-1.0000
16.6666,0.0000,133.5218,1.2667,0.3115,16.6649,16.6599,15.4671,0.0012,-1.0000
16.6670,0.0000,133.5385,1.0947,0.2844,16.6740,16.6601,15.4759,0.0012,-1.0000
16.6660,0.0000,133.5551,1.3115,0.2972,16.6604,16.6535,15.3410,0.0015,-1.0000
16.6685,0.0000,133.5719,1.2264,0.2747,16.6677,16.6634,15.5121,0.0011,-1.0000
16.6656,0.0000,133.5885,1.1914,0.3060,16.6685,16.6512,15.3856,0.0015,-1.0000
16.6666,0.0000,133.6052,1.1828,0.3436,16.6700,16.6592,15.4452,0.0012,-1.0000
20.3672,0.0000,133.6256,1.3110,0.2865,16.6621,20.3621,15.2287,0.0013,-1.0000
12.9634,0.0000,133.6384,1.1501,0.2923,16.6741,12.9396,11.5436,0.0014,-1.0000
16.6694,0.0000,133.6550,1.2640,0.2891,16.6605,16.6692,15.5667,0.0007,-1.0000
16.6683,0.0000,133.6719,1.2127,0.3439,16.6690,16.6633,15.5252,0.0010,-1.0000
16.6652,0.0000,133.6885,5.1320,0.3426,20.3733,16.6515,15.3785,0.0012,-1.0000
16.6656,0.0000,133.7052,1.3947,0.2714,12.9468,16.6558,15.4289,0.0014,-1.0000
16.6699,0.0000,133.7230,1.1018,0.2890,16.6760,16.6864,15.3739,0.0013,-1.0000
16.6633,0.0000,133.7385,1.1369,0.3110,16.6731,16.6246,14.0200,0.0013,-1.0000
16.6679,0.0000,133.7551,1.2717,0.2944,16.6613,16.6637,15.3945,0.0013,-1.0000
18.6065,0.0000,133.7739,1.2254,0.3623,16.6646,18.6024,15.4686,0.0012,-1.0000
14.7245,0.0000,133.7885,1.3109,0.5197,16.6986,14.7043,13.1812,0.0011,-1.0000
16.6688,0.0000,133.8054,2.6037,0.2816,16.6342,16.6660,15.4978,0.0011,-1.0000
16.8751,0.0000,133.8222,1.2676,0.3006,16.6721,16.8951,15.3424,0.0013,-1.0000
16.6650,0.0000,133.8387,3.1326,0.2938,18.6120,16.6241,15.2394,0.0014,-1.0000
16.6683,0.0000,133.8558,1.5223,0.2822,14.7110,16.6648,15.2348,0.0014,-1.0000
17.0972,0.0000,133.8736,1.1673,0.3084,16.6738,17.0894,15.1565,0.0014,-1.0000
16.6618,0.0000,133.8902,1.5511,0.3204,16.9052,16.6129,14.2777,0.0018,-1.0000
16.6678,0.0000,133.9059,1.3834,0.3393,16.6338,16.6638,14.1556,0.0011,-1.0000
16.6689,0.0000,133.9226,1.4282,0.5132,16.6734,16.6646,15.1920,0.0013,-1.0000
16.6649,0.0000,133.9391,1.9314,0.3190,17.1287,16.6520,13.8369,0.0015,-1.0000
16.6680,0.0000,133.9561,2.3336,0.4099,16.6215,16.6640,15.3828,0.0011,-1.0000
16.6667,0.0000,133.9724,2.5070,0.4436,16.6707,16.6583,14.5107,0.0012,-1.0000
16.6659,0.0000,133.9892,1.4710,1.6910,16.6729,16.6545,15.0846,0.0012,-1.0000
16.6657,0.0000,134.0058,2.8137,0.3552,16.6612,16.6567,15.4119,0.0011,-1.0000
16.6685,0.0000,134.0225,1.2801,0.4606,16.6725,16.6630,15.3469,0.0013,-1.0000
16.6650,0.0000,134.0391,2.1465,0.7891,16.6673,16.6534,13.8068,0.0011,-1.0000
16.6697,0.0000,134.0559,1.5688,0.3293,16.6624,16.6689,15.3599,0.0013,-1.0000
16.6665,0.0000,134.0727,1.2437,0.3317,16.6654,16.6545,15.2115,0.0011,-1.0000
16.6654,0.0000,134.0892,1.3147,1.3145,16.6707,16.6524,14.1275,0.0015,-1.0000
16.6671,0.0000,134.1059,2.8460,0.3808,16.6615,16.6601,15.3872,0.0012,-1.0000
16.6668,0.0000,134.1225,1.3071,0.4303,16.6781,16.6581,15.3414,0.0013,-1.0000
16.6662,0.0000,134.1392,1.4416,1.0947,16.6647,16.6542,13.8875,0.0010,-1.0000
16.6670,0.0000,134.1558,2.5236,0.4090,16.6615,16.6615,15.3306,0.0012,-1.0000
16.6673,0.0000,134.1724,1.2717,0.3533,16.6684,16.6559,15.3307,0.0012,-1.0000
16.6666,0.0000,134.1892,1.3151,1.4851,16.6681,16.6620,15.4675,0.0010,-1.0000
16.6652,0.0000,134.2058,2.7654,0.3385,16.6634,16.6521,15.3525,0.0012,-1.0000
18.4463,0.0000,134.2244,1.3296,0.3443,16.6696,18.4459,15.1618,0.0010,-1.0000
14.8854,0.0000,134.2391,1.3240,0.6328,16.6643,14.8612,13.3634,0.0015,-1.0000
16.6703,0.0000,134.2559,1.1932,0.3653,16.6714,16.6757,15.5860,0.0010,-1.0000
16.6666,0.0000,134.2726,1.2985,0.3877,16.6594,16.6543,15.1953,0.0011,-1.0000
16.6651,0.0000,134.2892,3.2829,0.3305,18.4556,16.6493,14.1880,0.0013,-1.0000
16.6682,0.0000,134.3059,1.4962,0.3017,14.8690,16.6646,15.2712,0.0012,-1.0000
17.3762,0.0000,134.3234,1.0886,0.3915,16.6838,17.3743,15.7765,0.0011,-1.0000
16.6630,0.0000,134.3398,1.4577,0.7126,16.6662,16.6360,14.9647,0.0014,-1.0000
16.6689,0.0000,134.3566,2.4601,0.3423,16.6589,16.6668,15.4336,0.0011,-1.0000
16.6895,0.0000,134.3732,1.3920,0.3707,16.6737,16.6821,15.2928,0.0011,-1.0000
16.6660,0.0000,134.3899,1.5966,0.4036,17.3849,16.6529,15.3404,0.0013,-1.0000
16.6642,0.0000,134.4066,1.6702,0.3212,16.6450,16.6515,15.3193,0.0014,-1.0000
16.6695,0.0000,134.4232,1.2319,0.5447,16.6760,16.6644,15.3370,0.0011,-1.0000
16.6657,0.0000,134.4399,1.3880,0.5575,16.6925,16.6549,15.4059,0.0012,-1.0000
16.6658,0.0000,134.4565,1.3108,0.3483,16.6635,16.6544,15.4387,0.0015,-1.0000
16.6677,0.0000,134.4731,1.3309,0.3466,16.6593,16.6620,15.4097,0.0016,-1.0000
16.6668,0.0000,134.4899,1.3262,0.3857,16.6737,16.6581,15.1801,0.0012,-1.0000
16.6667,0.0000,134.5065,1.2479,0.3989,16.6643,16.6603,15.3600,0.0015,-1.0000
16.6667,0.0000,134.5233,1.2142,0.3341,16.6622,16.6590,15.4172,0.0010,-1.0000
16.6674,0.0000,134.5399,1.2507,0.4322,16.6702,16.6561,12.9856,0.0011,-1.0000
16.6657,0.0000,134.5565,1.4765,0.3584,16.6670,16.6521,15.1888,0.0011,-1.0000
16.6674,0.0000,134.5731,1.2988,0.3860,16.6694,16.6598,15.4392,0.0011,-1.0000
16.6667,0.0000,134.5898,1.2410,0.4072,16.6689,16.6576,15.3689,0.0014,-1.0000
16.6672,0.0000,134.6066,3.6694,0.3382,16.6663,16.6630,15.3718,0.0009,-1.0000
16.6661,0.0000,134.6232,1.4622,0.3638,16.6617,16.6544,15.3241,0.0017,-1.0000
16.6672,0.0000,134.6399,1.2194,0.3640,16.6681,16.6584,14.7767,0.0012,-1.0000
16.6667,0.0000,134.6565,1.2871,0.3580,16.6655,16.6590,15.3960,0.0010,-1.0000
16.6654,0.0000,134.6731,1.2898,0.3946,16.6713,16.6536,15.4025,0.0013,-1.0000
16.6683,0.0000,134.6900,1.3285,0.4572,16.6630,16.6649,15.5481,0.0009,-1.0000
16.6665,0.0000,134.7066,1.8806,0.4324,16.6671,16.6557,15.2040,0.0012,-1.0000
16.6666,0.0000,134.7232,1.2621,0.3365,16.6677,16.6598,15.4116,0.0013,-1.0000
16.6678,0.0000,134.7400,1.2494,0.3862,16.6615,16.6669,15.3308,0.0012,-1.0000
16.6659,0.0000,134.7566,1.1158,0.3804,16.6736,16.6445,15.0596,0.0013,-1.0000
16.6658,0.0000,134.7731,1.4504,0.3593,16.6643,16.6543,15.2952,0.0012,-1.0000
16.6679,0.0000,134.7903,1.2470,0.3629,16.6690,16.6627,15.6350,0.0008,-1.0000
16.6662,0.0000,134.8065,1.3347,0.4165,16.6795,16.6556,12.9472,0.0016,-1.0000
16.6661,0.0000,134.8232,1.5835,0.3730,16.6532,16.6574,15.3732,0.0011,-1.0000
16.6684,0.0000,134.8400,1.3578,0.3331,16.6624,16.6662,15.3867,0.0012,-1.0000
16.6661,0.0000,134.8569,1.0265,0.3596,16.6714,16.6506,15.0619,0.0010,-1.0000
16.6654,0.0000,134.8731,3.7069,0.3454,16.6639,16.6547,14.9846,0.0014,-1.0000
16.6684,0.0000,134.8899,1.2832,0.3389,16.6663,16.6653,15.5631,0.0011,-1.0000
16.6672,0.0000,134.9065,1.2780,0.4799,16.6756,16.6560,15.2977,0.0013,-1.0000
16.6657,0.0000,134.9232,1.5875,0.3360,16.6600,16.6586,15.4889,0.0008,-1.0000
16.6688,0.0000,134.9399,1.6687,0.3625,16.6620,16.6659,15.3657,0.0012,-1.0000
16.6650,0.0000,134.9565,1.1008,0.3826,16.6728,16.6489,15.0398,0.0038,-1.0000
16.6653,0.0000,134.9732,1.3569,0.3619,16.6638,16.6558,15.4389,0.0014,-1.0000
16.6685,0.0000,134.9900,1.1687,0.3360,16.6673,16.6640,15.1758,0.0011,-1.0000
16.6664,0.0000,135.0065,1.2990,0.4481,16.6760,16.6536,14.2921,0.0014,-1.0000
16.6657,0.0000,135.0233,1.6051,0.3643,16.6581,16.6584,15.4768,0.0010,-1.0000
16.6691,0.0000,135.0399,1.2156,0.3747,16.6632,16.6640,15.1801,0.0011,-1.0000
16.6669,0.0000,135.0566,1.4871,0.5469,16.6730,16.6543,15.2022,0.0011,-1.0000
16.6661,0.0000,135.0731,2.3599,0.3806,16.6628,16.6555,15.3669,0.0009,-1.0000
16.6662,0.0000,135.0900,1.1806,0.4122,16.6666,16.6585,15.4938,0.0010,-1.0000
16.6668,0.0000,135.1067,1.4828,0.4450,16.6744,16.6561,15.2586,0.0009,-1.0000
16.6665,0.0000,135.1236,1.4508,0.3234,16.6642,16.6596,15.1123,0.0014,-1.0000
16.6676,0.0000,135.1400,1.2876,0.3430,16.6643,16.6561,15.1193,0.0011,-1.0000
16.6714,0.0000,135.1567,1.1635,0.4473,16.6681,16.6761,14.7111,0.0011,-1.0000
16.6604,0.0000,135.1731,1.3961,0.3303,16.6640,16.6280,15.2904,0.0011,-1.0000
16.6688,0.0000,135.1899,1.5460,0.2996,16.6700,16.6664,15.5708,0.0008,-1.0000
16.6664,0.0000,135.2066,1.5354,0.3182,16.6656,16.6584,15.0877,0.0012,-1.0000
16.6656,0.0000,135.2232,1.9634,0.3045,16.6894,16.6491,15.3112,0.0012,-1.0000
16.6678,0.0000,135.2399,1.3366,0.3297,16.6380,16.6640,15.3631,0.0013,-1.0000
16.6681,0.0000,135.2566,1.0946,0.9598,16.6761,16.6599,14.5878,0.0010,-1.0000
16.6616,0.0000,135.2730,1.5692,0.3091,16.6675,16.6414,15.4118,0.0012,-1.0000
16.6697,0.0000,135.2899,1.3368,0.3237,16.6570,16.6751,15.9334,0.0009,-1.0000
16.6688,0.0000,135.3067,1.2993,0.4287,16.6723,16.6685,15.3069,0.0013,-1.0000
16.6662,0.0000,135.3233,2.0706,0.3349,16.6672,16.6496,15.1444,0.0013,-1.0000
16.6665,0.0000,135.3399,1.2285,0.2332,16.6474,16.6546,15.0856,0.0011,-1.0000
17.2593,0.0000,135.3575,0.7408,0.2937,16.6810,17.2576,16.0273,0.0012,-1.0000
16.6651,0.0000,135.3737,1.3601,0.3227,16.6788,16.6451,14.8453,0.0012,-1.0000
16.6668,0.0000,135.3905,1.5038,0.7180,16.6610,16.6602,15.5355,0.0010,-1.0000
17.1263,0.0000,135.4078,1.5681,0.2995,16.6638,17.1210,15.8111,0.0012,-1.0000
16.6647,0.0000,135.4243,1.2289,0.3709,17.2697,16.6379,15.0065,0.0012,-1.0000
16.6676,0.0000,135.4409,1.7986,0.3182,16.6554,16.6601,15.3810,0.0013,-1.0000
16.6744,0.0000,135.4580,1.1236,0.2980,16.6696,16.7018,15.4414,0.0011,-1.0000
16.6637,0.0000,135.4742,1.3086,0.3489,17.1328,16.6095,13.4542,0.0011,-1.0000
16.6651,0.0000,135.4909,1.6301,0.3373,16.6561,16.6538,15.5476,0.0014,-1.0000
16.6701,0.0000,135.5079,1.2780,0.3320,16.6693,16.6690,15.4540,0.0011,-1.0000
16.6658,0.0000,135.5243,1.2590,0.4625,16.7158,16.6519,14.7156,0.0014,-1.0000
16.6661,0.0000,135.5409,3.1543,0.2907,16.6199,16.6538,15.3539,0.0014,-1.0000
17.2692,0.0000,135.5586,1.1050,0.2941,16.6616,17.3680,16.0639,0.0012,-1.0000
16.6647,0.0000,135.5748,1.2134,1.2027,16.6795,16.5454,14.9469,0.0011,-1.0000
16.6639,0.0000,135.5915,1.9345,0.2983,16.6627,16.6521,15.5580,0.0013,-1.0000
16.6713,0.0000,135.6093,1.2983,0.3069,16.6632,16.8979,15.5160,0.0010,-1.0000
16.6648,0.0000,135.6248,1.3028,0.5855,17.3791,16.4213,14.2215,0.0013,-1.0000
16.6663,0.0000,135.6416,1.5975,0.2866,16.5548,16.6592,15.4750,0.0011,-1.0000
16.7125,0.0000,135.6584,1.0929,0.3107,16.6593,16.7122,15.4824,0.0013,-1.0000
16.6664,0.0000,135.6748,1.3809,0.3341,16.9092,16.6503,13.1839,0.0013,-1.0000
16.6645,0.0000,135.6915,2.1985,0.3229,16.4305,16.6517,15.5452,0.0010,-1.0000
17.5123,0.0000,135.7092,1.1834,0.3737,16.6669,17.5175,16.2790,0.0008,-1.0000
16.6517,0.0000,135.7258,1.2283,0.5342,16.7210,16.6288,15.0918,0.0013,-1.0000
16.6673,0.0000,135.7424,3.4651,0.2961,16.6602,16.6605,15.3735,0.0011,-1.0000
16.6674,0.0000,135.7591,1.1057,0.2677,16.6590,16.6588,15.4666,0.0010,-1.0000
16.6657,0.0000,135.7757,1.2376,0.3802,17.5285,16.6529,15.2264,0.0016,-1.0000
16.6666,0.0000,135.7923,1.5357,0.2995,16.6389,16.6586,15.4954,0.0012,-1.0000
16.6677,0.0000,135.8092,1.2857,0.3214,16.6701,16.6583,15.4221,0.0010,-1.0000
16.6658,0.0000,135.8257,1.1911,0.3027,16.6691,16.6564,15.1977,0.0014,-1.0000
16.6668,0.0000,135.8424,1.4248,0.2841,16.6624,16.6607,15.4973,0.0012,-1.0000
16.6675,0.0000,135.8592,1.1621,0.2889,16.6682,16.6564,15.3247,0.0011,-1.0000
16.6666,0.0000,135.8757,1.2349,0.3159,16.6662,16.6556,15.2655,0.0011,-1.0000
16.6668,0.0000,135.8923,1.4572,0.2942,16.6649,16.6573,15.3999,0.0013,-1.0000
17.1090,0.0000,135.9096,1.1621,0.2992,16.6703,17.1030,15.9525,0.0011,-1.0000
16.6659,0.0000,135.9262,1.3305,0.2988,16.6673,16.6476,15.2044,0.0011,-1.0000
16.6651,0.0000,135.9428,1.3888,0.3113,16.6661,16.6542,15.4363,0.0014,-1.0000
16.6706,0.0000,135.9598,1.2560,0.3382,16.6664,16.6725,15.4849,0.0009,-1.0000
16.6650,0.0000,135.9762,1.1491,0.3702,17.1149,16.6440,15.0238,0.0015,-1.0000
16.6666,0.0000,135.9928,1.4420,0.3665,16.6582,16.6614,15.3617,0.0010,-1.0000
16.6677,0.0000,136.0096,1.2166,0.2959,16.6614,16.6574,15.4072,0.0012,-1.0000
16.6653,0.0000,136.0262,1.1863,0.3497,16.6822,16.6530,15.2990,0.0010,-1.0000
16.6672,0.0000,136.0428,1.6186,0.3466,16.6547,16.6589,15.5016,0.0013,-1.0000
16.6682,0.0000,136.0596,1.2986,0.2906,16.6713,16.6783,15.3846,0.0012,-1.0000
16.6651,0.0000,136.0762,1.2490,0.3071,16.6684,16.6106,15.0148,0.0011,-1.0000
16.6668,0.0000,136.0927,1.3528,0.2863,16.6629,16.6603,15.2920,0.0012,-1.0000
16.6675,0.0000,136.1104,1.1559,0.3600,16.6671,16.6583,15.4667,0.0009,-1.0000
16.6656,0.0000,136.1261,1.2923,0.3441,16.7123,16.6531,14.0725,0.0015,-1.0000
16.6649,0.0000,136.1428,1.5947,0.2799,16.6202,16.6549,15.4949,0.0012,-1.0000
16.6701,0.0000,136.1595,1.3670,0.3031,16.6691,16.6667,15.4958,0.0012,-1.0000
16.6658,0.0000,136.1762,1.1905,0.3562,16.6670,16.6566,15.1691,0.0013,-1.0000
16.6664,0.0000,136.1927,2.5791,0.3254,16.6622,16.6581,15.4730,0.0011,-1.0000
16.6677,0.0000,136.2095,1.1589,0.2701,16.6631,16.6596,15.5098,0.0010,-1.0000
16.6663,0.0000,136.2262,1.1696,0.3713,16.6737,16.6583,15.4225,0.0012,-1.0000
16.6643,0.0000,136.2428,1.4860,0.3008,16.6653,16.6498,15.3912,0.0013,-1.0000
16.6697,0.0000,136.2596,1.1839,0.3070,16.6666,16.6707,14.2628,0.0009,-1.0000
16.6662,0.0000,136.2762,1.1486,0.2992,16.6685,16.6498,15.1144,0.0014,-1.0000
16.6658,0.0000,136.2927,1.2345,0.3061,16.6677,16.6599,15.5297,0.0012,-1.0000
16.6682,0.0000,136.3095,1.2573,0.3110,16.6568,16.6589,15.6142,0.0009,-1.0000
16.6669,0.0000,136.3263,2.4070,0.4333,16.6804,16.6588,15.3629,0.0013,-1.0000
16.6644,0.0000,136.3428,1.5341,0.2871,16.6595,16.6463,15.2272,0.0016,-1.0000
16.6694,0.0000,136.3596,1.1289,0.2884,16.6682,16.6829,15.4678,0.0012,-1.0000
16.6653,0.0000,136.3762,1.0437,0.3383,16.6687,16.6362,14.5419,0.0010,-1.0000
16.6676,0.0000,136.3928,1.2944,0.3090,16.6701,16.6604,15.3760,0.0010,-1.0000
16.6677,0.0000,136.4103,1.4173,0.3263,16.6541,16.6631,15.4544,0.0012,-1.0000
16.6653,0.0000,136.4262,1.2142,0.3425,16.6936,16.6472,13.6988,0.0020,-1.0000
16.6663,0.0000,136.4428,2.0932,0.3098,16.6458,16.6582,15.4412,0.0013,-1.0000
16.6676,0.0000,136.4603,1.2833,0.3479,16.6682,16.6617,15.4882,0.0013,-1.0000
16.6666,0.0000,136.4762,1.2075,0.4361,16.6736,16.6551,14.1643,0.0017,-1.0000
16.6641,0.0000,136.4927,2.9469,0.3027,16.6592,16.6531,15.4190,0.0013,-1.0000
17.0233,0.0000,136.5101,1.2155,0.3039,16.6663,17.0542,15.9714,0.0009,-1.0000
16.6653,0.0000,136.5265,1.1721,0.3863,16.6710,16.6169,14.9957,0.0013,-1.0000
16.6661,0.0000,136.5432,2.4896,0.3001,16.6645,16.6557,15.4721,0.0013,-1.0000
16.6685,0.0000,136.5599,1.2330,0.3020,16.6612,16.6658,15.4963,0.0012,-1.0000
16.6660,0.0000,136.5766,1.0816,0.4088,17.0636,16.6521,15.2286,0.0009,-1.0000
16.6652,0.0000,136.5931,1.6200,0.3708,16.6268,16.6522,15.3570,0.0013,-1.0000
16.6696,0.0000,136.6101,1.1823,0.2885,16.6644,16.6688,15.4484,0.0010,-1.0000
16.6647,0.0000,136.6265,1.1682,0.3486,16.6758,16.6486,14.9761,0.0012,-1.0000
16.6666,0.0000,136.6432,1.4225,0.3022,16.6610,16.6575,15.4930,0.0011,-1.0000
16.7529,0.0000,136.6609,1.2938,0.4509,16.6605,16.7544,15.5064,0.0016,-1.0000
16.6643,0.0000,136.6774,1.2194,0.4503,16.6800,16.5808,14.2412,0.0013,-1.0000
16.6664,0.0000,136.6932,1.6711,0.2955,16.6578,16.6594,14.6736,0.0012,-1.0000
16.6684,0.0000,136.7102,1.1633,0.2937,16.6655,16.6798,15.5602,0.0011,-1.0000
16.6660,0.0000,136.7267,1.2464,0.5246,16.7648,16.6349,14.5382,0.0012,-1.0000
16.6664,0.0000,136.7433,2.3383,0.2780,16.6532,16.6560,15.2954,0.0013,-1.0000
16.6678,0.0000,136.7600,1.9848,0.3446,16.6674,16.6619,15.4243,0.0012,-1.0000
16.6658,0.0000,136.7766,1.1187,0.3269,16.6902,16.6511,15.3174,0.0013,-1.0000
16.6654,0.0000,136.7934,2.0954,0.3081,16.6456,16.6564,15.2487,0.0013,-1.0000
16.6691,0.0000,136.8102,1.3596,0.2975,16.6643,16.6641,15.3139,0.0013,-1.0000
16.6662,0.0000,136.8267,1.2362,0.3394,16.6717,16.6593,13.9063,0.0011,-1.0000
16.6667,0.0000,136.8433,1.3325,0.3303,16.6614,16.6535,15.2705,0.0013,-1.0000
16.6681,0.0000,136.8600,1.4062,0.3996,16.6645,16.6630,15.3015,0.0011,-1.0000
16.6652,0.0000,136.8766,1.3488,0.9544,16.6716,16.6526,14.6738,0.0012,-1.0000
16.6656,0.0000,136.8932,2.7516,0.3735,16.6694,16.6563,15.4478,0.0014,-1.0000
16.6684,0.0000,136.9100,1.3815,0.3359,16.6621,16.6636,15.4747,0.0012,-1.0000
16.6661,0.0000,136.9266,1.3602,0.6491,16.6728,16.6502,15.2527,0.0011,-1.0000
16.6665,0.0000,136.9433,1.9775,0.3319,16.6616,16.6589,15.4359,0.0013,-1.0000
16.6683,0.0000,136.9601,1.2070,0.3664,16.6644,16.6613,15.4577,0.0011,-1.0000
16.6658,0.0000,136.9766,1.1875,0.3435,16.6742,16.6527,15.1859,0.0014,-1.0000
16.7155,0.0000,136.9932,1.3964,0.3357,16.6605,16.7063,15.3805,0.0012,-1.0000
16.6188,0.0000,137.0100,1.2219,0.3091,16.6669,16.6097,15.4189,0.0011,-1.0000
16.6657,0.0000,137.0266,1.2024,0.3558,16.6722,16.6560,15.2567,0.0011,-1.0000
16.6667,0.0000,137.0433,1.4658,0.2906,16.6626,16.6598,15.3821,0.0012,-1.0000
16.6682,0.0000,137.0600,1.3246,0.2933,16.7155,16.6588,15.3465,0.0011,-1.0000
16.6651,0.0000,137.0766,1.1896,0.3355,16.6188,16.6543,15.2580,0.0012,-1.0000
16.6664,0.0000,137.0932,1.3983,0.2882,16.6654,16.6571,15.3437,0.0012,-1.0000
16.6672,0.0000,137.1100,1.2764,0.3168,16.6689,16.6588,15.4897,0.0011,-1.0000
16.6666,0.0000,137.1266,1.3112,0.3550,16.6690,16.6549,15.3508,0.0014,-1.0000
16.6657,0.0000,137.1433,1.3950,0.2935,16.6628,16.6588,15.4751,0.0012,-1.0000
16.6686,0.0000,137.1601,1.3121,0.2943,16.6652,16.6667,15.1955,0.0011,-1.0000
16.6666,0.0000,137.1767,1.1677,0.3248,16.6690,16.6501,15.1563,0.0012,-1.0000
16.6660,0.0000,137.1933,1.3025,0.3060,16.6636,16.6605,15.2673,0.0012,-1.0000
16.6667,0.0000,137.2100,1.1826,0.3740,16.6677,16.6541,15.3499,0.0011,-1.0000
16.6642,0.0000,137.2266,1.4699,0.3567,16.6769,16.6486,15.4318,0.0009,-1.0000
16.6688,0.0000,137.2433,1.4925,0.3157,16.6598,16.6738,15.4553,0.0011,-1.0000
16.6689,0.0000,137.2600,1.3918,0.3165,16.6688,16.6605,15.1688,0.0010,-1.0000
16.6654,0.0000,137.2766,1.3029,0.3025,16.6636,16.6512,15.3151,0.0011,-1.0000
16.6685,0.0000,137.2932,1.2159,0.3022,16.6546,16.6607,15.4501,0.0011,-1.0000
16.6644,0.0000,137.3103,1.2173,0.3054,16.6816,16.6559,15.4806,0.0009,-1.0000
16.6641,0.0000,137.3266,1.4906,0.2841,16.6706,16.6395,14.1641,0.0019,-1.0000
16.6695,0.0000,137.3434,1.3349,0.2905,16.6615,16.6735,15.5027,0.0010,-1.0000
16.6676,0.0000,137.3609,1.2091,0.2902,16.6705,16.6561,15.1679,0.0012,-1.0000
16.6655,0.0000,137.3767,1.1745,0.3090,16.6689,16.6544,14.1670,0.0016,-1.0000
16.6655,0.0000,137.3932,2.4733,0.2762,16.6467,16.6527,15.3558,0.0011,-1.0000
18.4531,0.0000,137.4119,1.1697,0.3092,16.6814,18.5270,15.6820,0.0009,-1.0000
15.1696,0.0000,137.4268,1.4869,0.3511,16.6666,15.0745,13.7261,0.0009,-1.0000
16.6688,0.0000,137.4436,2.4860,0.3034,16.6643,16.6724,15.7500,0.0010,-1.0000
16.7253,0.0000,137.4618,1.2960,0.3202,16.6593,17.0982,15.4434,0.0009,-1.0000
16.6643,0.0000,137.4769,2.8440,0.2793,18.5368,16.2687,13.7977,0.0014,-1.0000
16.6686,0.0000,137.4938,1.3476,0.2763,15.0803,16.6690,15.4817,0.0011,-1.0000
18.4006,0.0000,137.5127,0.9210,0.3153,16.6790,18.3891,15.1034,0.0012,-1.0000
14.9294,0.0000,137.5269,1.6541,0.3338,17.1088,14.9124,11.8875,0.0014,-1.0000
17.0353,0.0000,137.5447,2.4699,0.2797,16.2767,17.0345,15.9594,0.0007,-1.0000
16.6696,0.0000,137.5607,1.1859,0.3546,16.6779,16.6640,14.5332,0.0011,-1.0000
16.6654,0.0000,137.5773,3.2847,0.4265,18.3986,16.6546,13.8294,0.0010,-1.0000
16.6675,0.0000,137.5940,3.0243,0.2789,14.9194,16.6602,15.4309,0.0011,-1.0000
16.6666,0.0000,137.6108,1.0746,0.3161,17.0418,16.6575,15.2624,0.0014,-1.0000
16.6666,0.0000,137.6273,2.1296,1.1552,16.6731,16.6549,15.1571,0.0012,-1.0000
16.6634,0.0000,137.6440,2.8243,0.3075,16.6633,16.6468,15.4574,0.0011,-1.0000
16.6702,0.0000,137.6608,1.2281,0.3908,16.6691,16.6698,15.4634,0.0010,-1.0000
16.6668,0.0000,137.6774,1.3936,0.3601,16.6686,16.6616,15.1810,0.0011,-1.0000
16.6653,0.0000,137.6939,1.4966,0.3014,16.6648,16.6477,15.3384,0.0013,-1.0000
16.6671,0.0000,137.7108,1.1884,0.3080,16.6535,16.6663,15.6315,0.0011,-1.0000
16.6674,0.0000,137.7273,1.2054,0.3220,16.6774,16.6540,13.4931,0.0013,-1.0000
16.6658,0.0000,137.7440,1.4795,0.2931,16.6713,16.6586,15.4363,0.0013,-1.0000
16.6682,0.0000,137.7607,1.3080,0.3036,16.6567,16.6655,15.5000,0.0011,-1.0000
16.6664,0.0000,137.7773,1.0337,1.7931,16.6750,16.6521,15.3129,0.0010,-1.0000
16.6662,0.0000,137.7939,3.1595,0.2803,16.6628,16.6578,15.4580,0.0010,-1.0000
16.6686,0.0000,137.8107,1.2211,0.2861,16.6669,16.6643,15.6179,0.0012,-1.0000
16.6657,0.0000,137.8273,1.1643,0.2864,16.6734,16.6508,15.2789,0.0013,-1.0000
16.6649,0.0000,137.8440,1.3381,0.2948,16.6609,16.6530,15.4717,0.0012,-1.0000
16.6686,0.0000,137.8622,1.1989,0.3600,16.6655,16.6673,15.5213,0.0009,-1.0000
16.6663,0.0000,137.8773,1.0451,0.3269,16.6751,16.6048,13.5770,0.0016,-1.0000
16.6650,0.0000,137.8939,1.3707,0.3033,16.6611,16.6525,15.4476,0.0011,-1.0000
16.6695,0.0000,137.9108,1.1801,0.3017,16.6606,16.6706,15.5836,0.0010,-1.0000
16.6665,0.0000,137.9273,1.1452,0.4228,16.7257,16.6514,15.2416,0.0014,-1.0000
16.6654,0.0000,137.9440,3.0263,0.3192,16.6136,16.6565,15.4853,0.0013,-1.0000
16.6669,0.0000,137.9607,1.2038,0.2958,16.6607,16.6603,15.4870,0.0012,-1.0000
16.6675,0.0000,137.9774,1.0858,0.3493,16.6795,16.6562,15.2947,0.0012,-1.0000
16.6652,0.0000,137.9940,1.4083,0.3162,16.6602,16.6558,15.4032,0.0014,-1.0000
16.6683,0.0000,138.0108,1.1699,0.2919,16.6651,16.7765,15.3648,0.0010,-1.0000
16.6663,0.0000,138.0273,1.1721,0.3508,16.6685,16.5423,15.0139,0.0014,-1.0000
16.6668,0.0000,138.0440,1.3603,0.3571,16.6652,16.6592,15.4555,0.0013,-1.0000
16.7113,0.0000,138.0609,1.2512,0.3359,16.6639,16.7046,15.4979,0.0012,-1.0000
16.6670,0.0000,138.0774,1.4109,0.4278,16.7854,16.6526,15.0473,0.0016,-1.0000
16.6652,0.0000,138.0939,1.5268,0.3278,16.5507,16.6539,15.3790,0.0011,-1.0000
16.7794,0.0000,138.1112,1.2023,0.3131,16.6676,16.7808,15.6146,0.0008,-1.0000
16.6655,0.0000,138.1275,1.2055,0.3428,16.7158,16.6493,14.7947,0.0012,-1.0000
16.6666,0.0000,138.1442,1.6035,0.3478,16.6615,16.6588,15.4004,0.0011,-1.0000
16.6683,0.0000,138.1617,1.2739,0.2810,16.6625,16.6666,15.4050,0.0010,-1.0000
16.6643,0.0000,138.1775,1.1654,0.3336,16.7900,16.6465,13.6797,0.0016,-1.0000
16.6652,0.0000,138.1940,1.8529,0.3538,16.6580,16.6516,15.4183,0.0013,-1.0000
16.6697,0.0000,138.2109,1.2570,0.3234,16.6673,16.6693,15.6579,0.0008,-1.0000
16.6664,0.0000,138.2275,1.2603,0.5769,16.6767,16.6544,15.1628,0.0011,-1.0000
16.6669,0.0000,138.2442,2.9657,0.3197,16.6577,16.7223,15.2547,0.0014,-1.0000
16.6667,0.0000,138.2608,1.2323,0.2803,16.6587,16.5984,15.3873,0.0010,-1.0000
16.6665,0.0000,138.2775,1.0106,0.3341,16.6787,16.6515,15.3310,0.0011,-1.0000
16.6655,0.0000,138.2941,1.4905,0.4229,16.6629,16.6545,15.4301,0.0011,-1.0000
16.6676,0.0000,138.3111,1.4657,0.3063,16.7314,16.6625,15.4855,0.0014,-1.0000
16.6669,0.0000,138.3275,1.2096,0.3394,16.6073,16.6573,14.9379,0.0010,-1.0000
16.6657,0.0000,138.3441,1.3194,0.3377,16.6604,16.6561,15.4861,0.0012,-1.0000
16.6683,0.0000,138.3608,1.2236,0.4139,16.6614,16.6616,15.4354,0.0013,-1.0000
16.6649,0.0000,138.3774,1.1754,0.3264,16.6709,16.6535,15.4079,0.0014,-1.0000
16.6679,0.0000,138.3941,1.7181,0.3549,16.6657,16.6618,15.5339,0.0010,-1.0000
16.6674,0.0000,138.4109,1.1689,0.3454,16.6652,16.6628,15.4664,0.0014,-1.0000
16.6636,0.0000,138.4274,1.2248,0.3556,16.6704,16.6468,15.1827,0.0011,-1.0000
16.6695,0.0000,138.4442,1.2444,0.3356,16.6608,16.6711,15.6241,0.0012,-1.0000
16.6680,0.0000,138.4611,1.1268,0.3600,16.6689,16.6971,15.4255,0.0012,-1.0000
16.6666,0.0000,138.4775,1.1951,0.3870,16.6717,16.6178,15.0641,0.0014,-1.0000
16.6645,0.0000,138.4941,1.4632,0.3510,16.6543,16.6497,15.4218,0.0012,-1.0000
16.6688,0.0000,138.5109,1.0456,0.3793,16.6786,16.6011,15.5809,0.0009,-1.0000
16.6668,0.0000,138.5275,1.2707,0.4153,16.7073,16.6529,15.1622,0.0015,-1.0000
16.6666,0.0000,138.5442,1.5515,0.3476,16.6277,16.6598,15.4391,0.0010,-1.0000
16.6658,0.0000,138.5608,1.2267,0.2827,16.6569,16.6565,15.3817,0.0010,-1.0000
16.6683,0.0000,138.5775,1.0192,0.3646,16.6792,16.6612,15.2707,0.0011,-1.0000
16.6645,0.0000,138.5940,1.4889,0.2935,16.6612,16.6526,15.2909,0.0014,-1.0000
16.9372,0.0000,138.6122,1.2196,0.3354,16.6684,16.9358,15.8446,0.0009,-1.0000
16.6660,0.0000,138.6277,1.2736,0.3149,16.6648,16.6492,14.1726,0.0016,-1.0000
16.6653,0.0000,138.6444,1.3892,0.2793,16.6707,16.6546,15.4633,0.0012,-1.0000
16.6692,0.0000,138.6625,1.3601,0.3021,16.6610,16.6666,15.3979,0.0011,-1.0000
16.6662,0.0000,138.6778,1.0903,0.3695,16.9458,16.2328,13.9877,0.0011,-1.0000
16.6642,0.0000,138.6943,2.4752,0.2944,16.6584,16.6509,15.4535,0.0012,-1.0000
16.6694,0.0000,138.7112,1.1901,0.3282,16.6625,16.6712,15.6935,0.0008,-1.0000
16.6661,0.0000,138.7282,1.2672,0.3509,17.0963,16.6530,14.7205,0.0010,-1.0000
16.6664,0.0000,138.7444,2.2436,0.2927,16.2426,16.6550,14.8469,0.0015,-1.0000
16.6676,0.0000,138.7612,1.1961,0.2731,16.6586,16.6624,15.4226,0.0012,-1.0000
16.6665,0.0000,138.7778,0.9768,1.2813,16.6793,16.6559,15.1105,0.0013,-1.0000
16.6645,0.0000,138.7943,1.9314,0.3886,16.6628,16.6812,15.3533,0.0009,-1.0000
16.6693,0.0000,138.8112,1.8068,0.3483,16.6631,16.6397,15.5226,0.0012,-1.0000
16.6662,0.0000,138.8278,1.2386,0.3835,16.6708,16.6547,15.2681,0.0011,-1.0000
16.6656,0.0000,138.8444,1.5440,0.4422,16.6644,16.6546,15.3617,0.0013,-1.0000
16.6690,0.0000,138.8612,1.3270,0.3352,16.6888,16.6703,15.4652,0.0012,-1.0000
16.6657,0.0000,138.8778,1.1159,0.3984,16.6481,16.6507,15.2052,0.0012,-1.0000
16.6668,0.0000,138.8944,1.3855,0.3718,16.6632,16.6618,15.4321,0.0013,-1.0000
16.6659,0.0000,138.9111,1.2916,0.3546,16.6616,16.6517,15.4441,0.0010,-1.0000
16.6672,0.0000,138.9278,1.2038,0.8085,16.6801,16.6608,14.5848,0.0012,-1.0000
16.6654,0.0000,138.9444,1.4441,0.3754,16.6591,16.6541,15.4461,0.0012,-1.0000
16.6684,0.0000,138.9611,1.2284,0.3300,16.6717,16.6668,15.2377,0.0013,-1.0000
16.6661,0.0000,138.9778,1.2066,1.4326,16.6599,16.6548,15.3665,0.0013,-1.0000
16.6660,0.0000,138.9943,2.0746,0.3278,16.6683,16.6568,15.4152,0.0012,-1.0000
16.6688,0.0000,139.0112,1.2069,0.4092,16.6619,16.6678,15.5273,0.0009,-1.0000
16.6658,0.0000,139.0278,1.4275,0.4100,16.6746,16.6513,15.1181,0.0012,-1.0000
16.6651,0.0000,139.0444,1.2870,0.3654,16.6627,16.6564,15.3700,0.0009,-1.0000
16.8750,0.0000,139.0623,1.2402,0.3757,16.6639,16.8893,15.6902,0.0011,-1.0000
16.6657,0.0000,139.0780,1.1395,0.3908,16.6765,16.6341,14.1655,0.0015,-1.0000
16.6652,0.0000,139.0945,1.5319,0.3523,16.6599,16.6548,15.4197,0.0014,-1.0000
16.7868,0.0000,139.1125,1.2857,0.4196,16.6634,16.8206,15.6404,0.0010,-1.0000
16.6655,0.0000,139.1281,1.1983,0.4142,16.8997,16.6145,14.1969,0.0014,-1.0000
16.6650,0.0000,139.1447,2.4671,0.3844,16.6429,16.6515,15.4374,0.0012,-1.0000
16.6695,0.0000,139.1615,1.2337,0.3265,16.6627,16.6711,15.5006,0.0012,-1.0000
16.6665,0.0000,139.1781,1.1789,0.4352,16.8318,16.6557,15.0662,0.0012,-1.0000
16.6648,0.0000,139.1946,2.4163,0.3456,16.6243,16.6500,15.3851,0.0014,-1.0000
16.6683,0.0000,139.2115,1.2129,0.3266,16.6588,16.6664,15.5017,0.0012,-1.0000
16.6660,0.0000,139.2281,1.1693,0.3997,16.6793,16.6530,15.3307,0.0013,-1.0000
16.6660,0.0000,139.2448,1.5883,0.3342,16.6665,16.6566,15.3876,0.0009,-1.0000
16.7915,0.0000,139.2616,1.2636,0.3432,16.6582,16.7885,15.5626,0.0011,-1.0000
16.6646,0.0000,139.2782,1.1635,0.3706,16.6761,16.6526,15.2297,0.0012,-1.0000
16.6659,0.0000,139.2947,1.3213,0.3307,16.6622,16.6502,15.4217,0.0016,-1.0000
16.7220,0.0000,139.3128,1.2680,0.3169,16.6654,16.7248,15.6834,0.0011,-1.0000
16.6663,0.0000,139.3282,1.2246,0.4076,16.7982,16.6468,13.8903,0.0017,-1.0000
16.6657,0.0000,139.3449,1.4215,0.2988,16.6617,16.6579,15.3935,0.0011,-1.0000
16.6677,0.0000,139.3616,1.2270,0.2904,16.6580,16.6658,15.4384,0.0014,-1.0000
16.6666,0.0000,139.3783,1.0402,0.3887,16.7344,16.6524,15.1163,0.0012,-1.0000
16.6659,0.0000,139.3948,2.7551,0.2911,16.6560,16.6575,15.3894,0.0013,-1.0000
16.6682,0.0000,139.4116,1.2629,0.2887,16.6665,16.6679,15.5306,0.0011,-1.0000
16.6657,0.0000,139.4283,1.2259,0.3852,16.6742,16.6485,15.1564,0.0011,-1.0000
16.6640,0.0000,139.4448,1.5349,0.3105,16.6601,16.6489,15.3106,0.0010,-1.0000
16.6700,0.0000,139.4616,1.2672,0.3009,16.6653,16.6729,15.5583,0.0012,-1.0000
16.6661,0.0000,139.4782,1.1364,0.3401,16.6782,16.6551,15.2937,0.0012,-1.0000
16.6654,0.0000,139.4948,1.4910,0.3187,16.6573,16.6548,15.4046,0.0011,-1.0000
17.2434,0.0000,139.5123,1.3374,0.3256,16.6552,17.2438,16.1636,0.0010,-1.0000
16.6664,0.0000,139.5288,1.1134,0.3748,16.6808,16.6459,15.0624,0.0012,-1.0000
16.6650,0.0000,139.5455,1.3600,0.3131,16.6637,16.6536,15.4683,0.0013,-1.0000
16.6679,0.0000,139.5622,1.2492,0.2834,16.6625,16.6665,15.5052,0.0012,-1.0000
16.6677,0.0000,139.5789,1.0792,0.3991,17.2541,16.6591,15.3995,0.0012,-1.0000
16.6663,0.0000,139.5955,1.5821,0.3327,16.6572,16.6588,15.4215,0.0012,-1.0000
16.6679,0.0000,139.6129,1.1842,0.3096,16.6615,16.7547,15.4097,0.0013,-1.0000
16.6653,0.0000,139.6288,1.1603,0.3125,16.6733,16.5533,14.4247,0.0015,-1.0000
16.6664,0.0000,139.6455,1.2584,0.3132,16.6677,16.6585,15.4835,0.0010,-1.0000
16.6684,0.0000,139.6623,1.2358,0.3270,16.6697,16.7798,15.3956,0.0011,-1.0000
16.6654,0.0000,139.6788,1.3438,0.3857,16.7664,16.5372,15.0064,0.0014,-1.0000
16.6687,0.0000,139.6955,2.1272,0.2853,16.5617,16.6656,15.3872,0.0010,-1.0000
16.6670,0.0000,139.7121,1.1741,0.3471,16.6664,16.6553,15.3342,0.0014,-1.0000
16.6647,0.0000,139.7289,1.3831,0.3971,16.7882,16.6510,15.0922,0.0013,-1.0000
16.6642,0.0000,139.7454,1.5294,0.3252,16.5468,16.6494,15.3329,0.0011,-1.0000
16.6697,0.0000,139.7622,1.2772,0.3169,16.6752,16.6720,15.6957,0.0013,-1.0000
16.6670,0.0000,139.7789,1.3196,0.4005,16.6647,16.6378,15.4270,0.0011,-1.0000
16.6646,0.0000,139.7955,1.5575,0.3036,16.6603,16.6481,15.2706,0.0008,-1.0000
16.6695,0.0000,139.8121,1.3153,0.3046,16.6561,16.6670,15.4928,0.0011,-1.0000
16.6660,0.0000,139.8294,0.9750,0.3423,16.6798,16.6609,15.4481,0.0009,-1.0000
16.6663,0.0000,139.8455,1.2098,0.3351,16.6681,16.6545,14.0487,0.0017,-1.0000
16.6658,0.0000,139.8622,1.3766,0.2889,16.6562,16.6580,15.4673,0.0010,-1.0000
16.6678,0.0000,139.8788,1.1726,0.3396,16.6743,16.6590,15.4057,0.0010,-1.0000
16.6654,0.0000,139.8955,1.2118,0.3499,16.6700,16.6545,15.4799,0.0009,-1.0000
16.6691,0.0000,139.9121,2.6046,0.2940,16.6637,16.6655,15.4164,0.0016,-1.0000
16.6656,0.0000,139.9288,1.1894,0.3683,16.6660,16.6528,15.1544,0.0012,-1.0000
16.6668,0.0000,139.9455,1.2523,0.3062,16.6677,16.6589,15.4282,0.0010,-1.0000
16.6670,0.0000,139.9622,1.1733,0.3331,16.6617,16.6612,15.1728,0.0010,-1.0000
16.6675,0.0000,139.9789,1.2474,1.1389,16.6745,16.6579,15.4365,0.0011,-1.0000
16.6626,0.0000,139.9954,1.4968,0.3036,16.6624,16.6448,15.4439,0.0014,-1.0000
16.6701,0.0000,140.0121,1.2296,0.2566,16.6669,16.6761,15.6512,0.0011,-1.0000
16.8354,0.0000,140.0291,1.4873,0.2819,16.6694,16.8267,15.3796,0.0012,-1.0000
16.4953,0.0000,140.0454,1.2203,0.3547,16.6668,16.4737,15.2390,0.0014,-1.0000
16.6694,0.0000,140.0622,1.1998,0.3000,16.6513,16.6715,15.6735,0.0012,-1.0000
16.6667,0.0000,140.0788,1.0236,0.3357,16.6834,16.6577,15.3912,0.0011,-1.0000
16.6674,0.0000,140.0955,1.4457,0.2619,16.8385,16.6599,15.4551,0.0011,-1.0000
16.6658,0.0000,140.1121,1.2338,0.2976,16.4805,16.6572,15.3830,0.0013,-1.0000
16.6713,0.0000,140.1291,0.9967,0.3024,16.6786,16.6653,15.4599,0.0012,-1.0000
16.6620,0.0000,140.1455,1.2652,0.2986,16.6657,16.5959,13.7382,0.0010,-1.0000
16.6673,0.0000,140.1622,1.2036,0.2989,16.6692,16.6596,15.3963,0.0018,-1.0000
16.6687,0.0000,140.1789,1.2726,0.3544,16.6658,16.6624,15.4067,0.0011,-1.0000
16.6656,0.0000,140.1955,1.2040,1.2895,16.7267,16.6504,15.1367,0.0014,-1.0000
16.6638,0.0000,140.2120,2.8565,0.3169,16.6050,16.6515,15.3801,0.0013,-1.0000
16.6701,0.0000,140.2289,1.2614,0.2962,16.6682,16.6671,15.6124,0.0009,-1.0000
16.6662,0.0000,140.2455,1.2544,0.3556,16.6727,16.6597,15.3344,0.0012,-1.0000
16.6667,0.0000,140.2622,1.5124,0.3119,16.6602,16.6551,15.3934,0.0012,-1.0000
16.6673,0.0000,140.2789,1.2703,0.2790,16.6598,16.6604,15.3845,0.0014,-1.0000
16.6661,0.0000,140.2955,1.0538,0.2991,16.6745,16.6584,14.8366,0.0012,-1.0000
16.6647,0.0000,140.3121,1.3240,0.3088,16.6683,16.6546,15.4553,0.0011,-1.0000
18.6887,0.0000,140.3310,1.2605,0.3417,16.6647,18.6856,15.4627,0.0011,-1.0000
14.6440,0.0000,140.3455,1.2746,0.5586,16.6687,14.6244,13.2349,0.0010,-1.0000
16.6696,0.0000,140.3627,1.8202,0.2987,16.6662,16.6693,15.3985,0.0010,-1.0000
16.6678,0.0000,140.3788,1.1978,0.3532,16.6627,16.6606,14.4748,0.0013,-1.0000
16.6652,0.0000,140.3955,3.2217,0.2927,18.6945,16.6542,15.3814,0.0010,-1.0000
16.6677,0.0000,140.4121,1.3884,0.4072,14.6323,16.6607,15.4470,0.0012,-1.0000
20.7849,0.0000,140.4330,1.2696,0.3961,16.6762,20.7793,15.4433,0.0014,-1.0000
12.5448,0.0000,140.4454,2.1842,0.3379,16.6693,12.5236,11.2716,0.0010,-1.0000
16.6714,0.0000,140.4622,1.2715,0.3197,16.6634,16.6755,15.6837,0.0011,-1.0000
18.7366,0.0000,140.4810,1.2123,0.3415,16.6692,18.7281,15.3269,0.0022,-1.0000
14.6320,0.0000,140.4954,5.3345,0.2756,20.7890,14.6096,13.1082,0.0010,-1.0000
16.6698,0.0000,140.5121,1.2508,0.2736,12.5307,16.6742,15.7450,0.0010,-1.0000
16.6670,0.0000,140.5289,0.9908,0.3979,16.6839,16.6584,15.5644,0.0010,-1.0000
16.6664,0.0000,140.5455,3.3992,0.3558,18.7398,16.6553,15.3899,0.0011,-1.0000
16.6669,0.0000,140.5623,1.5004,0.2677,14.6158,16.6602,15.3499,0.0011,-1.0000
16.6680,0.0000,140.5790,0.9282,0.3689,16.6806,16.6592,15.2909,0.0014,-1.0000
16.6655,0.0000,140.5955,1.0929,0.2930,16.6671,16.6527,15.3146,0.0013,-1.0000
16.6661,0.0000,140.6121,1.2643,0.3135,16.6645,16.6581,15.4437,0.0017,-1.0000
16.6673,0.0000,140.6289,1.3092,0.3525,16.6693,16.6649,15.5557,0.0013,-1.0000
16.6677,0.0000,140.6457,1.3669,0.3097,16.6691,16.6537,15.2758,0.0014,-1.0000
16.6655,0.0000,140.6622,1.3368,0.3046,16.6616,16.6561,14.9169,0.0015,-1.0000
16.6677,0.0000,140.6790,1.2128,0.2993,16.6664,16.6606,15.4047,0.0012,-1.0000
16.6663,0.0000,140.6956,1.1079,0.3839,16.6743,16.6581,15.2420,0.0013,-1.0000
16.6671,0.0000,140.7121,1.3764,0.3950,16.6632,16.6576,15.2629,0.0009,-1.0000
16.6663,0.0000,140.7290,1.7376,0.3561,16.6648,16.6525,15.4050,0.0009,-1.0000
17.0367,0.0000,140.7459,1.2546,0.3472,16.6685,17.0330,15.3408,0.0011,-1.0000
16.2952,0.0000,140.7626,1.4146,0.3037,16.6685,16.2827,15.0184,0.0009,-1.0000
16.6695,0.0000,140.7789,1.3934,0.2933,16.6671,16.6654,14.9456,0.0012,-1.0000
17.4094,0.0000,140.7971,1.2464,0.3155,16.6610,17.4023,15.3752,0.0012,-1.0000
15.9212,0.0000,140.8121,1.6912,0.2939,17.0409,15.9022,13.6803,0.0015,-1.0000
16.6692,0.0000,140.8289,1.2634,0.3622,16.2911,16.6647,15.6104,0.0010,-1.0000
16.7394,0.0000,140.8460,1.7183,0.4408,16.6749,16.7285,15.3112,0.0014,-1.0000
16.6649,0.0000,140.8623,2.0263,0.4045,17.4140,16.6520,13.5819,0.0011,-1.0000
16.6685,0.0000,140.8790,2.2208,0.3247,15.9102,16.6687,15.4406,0.0013,-1.0000
17.2431,0.0000,140.8962,1.0535,0.4305,16.6739,17.2295,15.1331,0.0010,-1.0000
16.0875,0.0000,140.9122,1.4158,0.4412,16.7393,16.0682,14.7727,0.0011,-1.0000
16.6679,0.0000,140.9289,3.0692,0.3629,16.6599,16.6635,15.5938,0.0010,-1.0000
16.6689,0.0000,140.9457,1.2265,0.4435,16.6793,16.6670,15.4956,0.0012,-1.0000
16.6651,0.0000,140.9622,2.0956,0.3682,17.2408,16.6506,13.9491,0.0012,-1.0000
16.6666,0.0000,140.9789,1.2942,0.3148,16.0756,16.6619,15.4733,0.0008,-1.0000
16.6686,0.0000,140.9957,1.0690,0.3091,16.6701,16.6619,15.4533,0.0011,-1.0000
16.6652,0.0000,141.0122,1.1700,0.7161,16.6746,16.6555,15.2306,0.0012,-1.0000
16.6669,0.0000,141.0289,2.7006,0.3272,16.6589,16.6573,15.3370,0.0012,-1.0000
20.8812,0.0000,141.0500,1.1879,0.3240,16.6690,20.8827,15.3643,0.0012,-1.0000
12.4504,0.0000,141.0622,1.2074,0.3641,16.6715,12.3906,10.9487,0.0016,-1.0000
16.6686,0.0000,141.0790,1.4235,0.3372,16.6641,16.6669,15.4912,0.0010,-1.0000
18.9568,0.0000,141.0979,1.3191,0.2973,16.6651,18.9526,15.4923,0.0015,-1.0000
14.6885,0.0000,141.1125,5.5172,0.3175,20.9295,14.6709,13.1223,0.0010,-1.0000
16.6685,0.0000,141.1293,1.4404,0.3074,12.3985,16.6648,15.5430,0.0007,-1.0000
18.7043,0.0000,141.1480,1.1746,0.4907,16.6736,18.6975,15.5467,0.0012,-1.0000
14.9365,0.0000,141.1628,3.4589,0.3260,18.9636,14.9147,13.5956,0.0011,-1.0000
16.6701,0.0000,141.1796,1.5477,0.3014,14.6790,16.6771,15.7526,0.0009,-1.0000
19.4429,0.0000,141.1991,1.1211,0.3938,16.6719,19.4387,15.2260,0.0013,-1.0000
13.8879,0.0000,141.2127,3.1498,0.3598,18.7084,13.8639,12.4051,0.0011,-1.0000
16.6702,0.0000,141.2296,1.3181,0.2905,14.9203,16.6718,15.7275,0.0009,-1.0000
16.6664,0.0000,141.2462,0.9234,0.3629,16.6842,16.6555,15.3237,0.0013,-1.0000
16.6670,0.0000,141.2629,4.2116,0.3626,19.4501,16.6606,15.4187,0.0012,-1.0000
16.6651,0.0000,141.2796,1.4577,0.2812,13.8710,16.6558,15.4682,0.0013,-1.0000
16.6680,0.0000,141.2972,0.9433,0.3072,16.6784,16.6625,15.1598,0.0011,-1.0000
16.6641,0.0000,141.3128,1.3304,0.3263,16.6645,16.6489,14.2759,0.0015,-1.0000
16.6687,0.0000,141.3296,1.2406,0.3108,16.6688,16.6642,15.5672,0.0009,-1.0000
16.6680,0.0000,141.3463,1.1865,0.3835,16.6636,16.6614,15.3957,0.0014,-1.0000
16.6656,0.0000,141.3629,1.5014,0.3512,16.6729,16.6539,14.1513,0.0011,-1.0000
16.6660,0.0000,141.3801,2.3718,0.2932,16.6569,16.6568,15.4708,0.0012,-1.0000
19.1826,0.0000,141.3988,1.0958,0.3394,16.6713,19.1785,15.5979,0.0014,-1.0000
14.9724,0.0000,141.4135,1.2641,1.1884,16.6706,14.9536,13.5374,0.0012,-1.0000
16.6693,0.0000,141.4304,2.5013,0.2901,16.6622,16.6698,15.6816,0.0008,-1.0000
19.7122,0.0000,141.4502,1.1848,0.4890,16.6660,19.7112,15.3538,0.0013,-1.0000
13.6208,0.0000,141.4637,3.5794,0.3084,19.1881,13.6035,12.1653,0.0012,-1.0000
16.6652,0.0000,141.4804,1.4153,0.3358,14.9604,16.6533,15.4054,0.0012,-1.0000
20.0839,0.0000,141.5006,0.9873,0.3732,16.6772,20.0833,15.2317,0.0015,-1.0000
13.2514,0.0000,141.5136,4.3559,0.3623,19.7207,13.2351,11.8168,0.0010,-1.0000
16.6669,0.0000,141.5304,1.4372,0.3449,13.6134,16.6571,15.5655,0.0010,-1.0000
18.6959,0.0000,141.5491,1.2466,0.3832,16.6625,18.6901,15.2271,0.0013,-1.0000
14.6701,0.0000,141.5637,4.8501,0.4223,20.0933,14.6555,13.5160,0.0008,-1.0000
16.6695,0.0000,141.5804,1.4172,0.3539,13.2439,16.6686,15.5346,0.0012,-1.0000
16.7641,0.0000,141.5980,1.0904,0.4085,16.6663,16.8526,15.5705,0.0014,-1.0000
16.6650,0.0000,141.6138,3.4614,0.3082,18.6982,16.5502,14.5470,0.0016,-1.0000
16.6677,0.0000,141.6306,1.1389,0.3076,14.6622,16.7422,15.5348,0.0011,-1.0000
16.6665,0.0000,141.6484,1.1328,0.3036,16.6774,16.5752,15.2876,0.0012,-1.0000
16.6669,0.0000,141.6638,1.2810,0.3289,16.8654,16.6599,13.9670,0.0018,-1.0000
16.6661,0.0000,141.6805,2.0016,0.3899,16.5597,16.6565,15.4932,0.0010,-1.0000
18.0012,0.0000,141.6986,1.2059,0.3395,16.7517,18.0458,15.4731,0.0012,-1.0000
15.3291,0.0000,141.7137,1.2860,0.3845,16.5839,15.2579,13.9646,0.0008,-1.0000
16.6710,0.0000,141.7305,2.6914,0.3220,16.6688,16.6758,15.8559,0.0007,-1.0000
18.4473,0.0000,141.7493,1.1621,0.3478,16.6650,18.4464,15.5993,0.0011,-1.0000
15.0937,0.0000,141.7640,2.5718,0.3349,18.0558,15.0689,13.5435,0.0010,-1.0000
16.6699,0.0000,141.7807,1.2926,0.3122,15.2641,16.6701,15.6924,0.0009,-1.0000
18.7450,0.0000,141.7995,0.8187,0.3466,16.6822,18.7382,15.4601,0.0014,-1.0000
14.5850,0.0000,141.8139,2.8460,0.2780,18.4567,14.5625,13.2591,0.0009,-1.0000
16.6683,0.0000,141.8307,1.5246,0.2875,15.0760,16.6694,15.7348,0.0008,-1.0000
16.6705,0.0000,141.8475,0.9765,0.3181,16.6784,16.6657,15.4713,0.0011,-1.0000
16.6647,0.0000,141.8641,3.2769,0.2743,18.7497,16.6525,15.1771,0.0012,-1.0000
16.6668,0.0000,141.8808,1.3025,0.2821,14.5691,16.6587,15.4916,0.0013,-1.0000
17.4282,0.0000,141.8982,0.9338,0.3107,16.6761,17.4228,16.0833,0.0010,-1.0000
16.6661,0.0000,141.9149,1.1931,0.3514,16.6756,16.6475,15.2544,0.0012,-1.0000
16.6644,0.0000,141.9314,1.4740,0.3329,16.6624,16.6514,15.2692,0.0011,-1.0000
16.6696,0.0000,141.9482,1.1657,0.3092,16.6682,16.6702,15.6151,0.0011,-1.0000
16.6661,0.0000,141.9648,1.3382,0.3099,17.4337,16.6523,14.9961,0.0010,-1.0000
16.6644,0.0000,141.9814,1.3920,0.3919,16.6582,16.6515,15.3450,0.0010,-1.0000
16.6699,0.0000,141.9982,1.3811,0.3572,16.6590,16.6734,15.5287,0.0011,-1.0000
16.6660,0.0000,142.0147,1.0539,1.9451,16.6802,16.6497,15.4093,0.0014,-1.0000
16.6640,0.0000,142.0314,1.6550,0.3537,16.6613,16.6500,15.4584,0.0011,-1.0000
16.6700,0.0000,142.0482,1.3054,0.3372,16.6580,16.6738,15.6247,0.0012,-1.0000
16.6659,0.0000,142.0648,1.1435,0.3772,16.6829,16.6497,15.1798,0.0011,-1.0000
16.6648,0.0000,142.0814,1.2389,0.2928,16.6596,16.6537,15.4150,0.0012,-1.0000
16.6706,0.0000,142.0982,1.1906,0.2930,16.6568,16.6724,15.5742,0.0007,-1.0000
16.6654,0.0000,142.1147,1.0479,1.0752,16.6826,16.6512,15.3809,0.0012,-1.0000
16.6641,0.0000,142.1314,1.4686,0.3258,16.6582,16.6500,15.5732,0.0008,-1.0000
16.6690,0.0000,142.1482,1.2376,0.5283,16.6610,16.6699,15.6117,0.0009,-1.0000
16.6666,0.0000,142.1648,1.0970,0.4094,16.6813,16.6564,15.3299,0.0013,-1.0000
16.6668,0.0000,142.1815,1.2690,0.3202,16.6602,16.6590,15.3656,0.0010,-1.0000
16.6673,0.0000,142.1982,1.0761,0.3219,16.6562,16.6627,15.5118,0.0014,-1.0000
16.6660,0.0000,142.2147,1.0572,0.3581,16.6774,16.6552,15.3748,0.0010,-1.0000
16.6666,0.0000,142.2315,1.3252,0.4620,16.6647,16.6555,15.5994,0.0010,-1.0000
16.6676,0.0000,142.2483,1.2923,0.3257,16.6670,16.6682,15.4282,0.0010,-1.0000
16.6680,0.0000,142.2649,1.1495,0.3342,16.6706,16.6583,14.1659,0.0014,-1.0000
16.6663,0.0000,142.2815,1.2796,0.3025,16.6626,16.6532,15.1957,0.0013,-1.0000
16.6663,0.0000,142.2982,1.0550,0.3154,16.6631,16.6561,15.4437,0.0013,-1.0000
16.6660,0.0000,142.3147,1.2390,0.4194,16.6779,16.6574,15.3303,0.0012,-1.0000
16.6640,0.0000,142.3314,2.4910,0.3367,16.6691,16.6496,15.5497,0.0010,-1.0000
16.6704,0.0000,142.3482,1.4560,0.3666,16.6626,16.6717,15.5600,0.0009,-1.0000
16.6656,0.0000,142.3648,1.2111,0.3733,16.6650,16.6537,15.4463,0.0013,-1.0000
16.6667,0.0000,142.3815,1.3257,0.3298,16.6659,16.6566,15.4576,0.0011,-1.0000
16.6674,0.0000,142.3982,1.0989,0.3196,16.6558,16.6609,15.5317,0.0012,-1.0000
16.6661,0.0000,142.4147,1.1103,0.3382,16.6804,16.6554,15.2843,0.0012,-1.0000
16.6650,0.0000,142.4315,1.2063,0.3561,16.6631,16.6536,15.5745,0.0010,-1.0000
16.6684,0.0000,142.4482,1.1977,0.3056,16.6646,16.6662,15.5252,0.0015,-1.0000
16.6667,0.0000,142.4648,1.1279,0.3566,16.6708,16.6560,14.6258,0.0012,-1.0000
16.6659,0.0000,142.4815,1.3697,0.3782,16.6640,16.6543,15.4660,0.0010,-1.0000
16.6697,0.0000,142.4985,1.0782,0.3284,16.6602,16.6706,15.5222,0.0010,-1.0000
16.6651,0.0000,142.5147,1.1396,1.0720,16.6758,16.6488,14.7955,0.0018,-1.0000
16.6658,0.0000,142.5315,2.0288,0.3370,16.6646,16.6552,15.4116,0.0010,-1.0000
16.6663,0.0000,142.5482,1.1872,0.3054,16.6611,16.6641,15.5396,0.0012,-1.0000
16.6682,0.0000,142.5648,1.1473,0.4470,16.6807,16.6547,14.2965,0.0012,-1.0000
16.6657,0.0000,142.5815,1.8516,0.3928,16.6599,16.6572,15.4563,0.0009,-1.0000
16.6685,0.0000,142.5982,1.2425,0.2969,16.6625,16.6671,15.4272,0.0013,-1.0000
16.6655,0.0000,142.6147,1.1232,0.4672,16.6719,16.6508,13.5801,0.0013,-1.0000
16.6654,0.0000,142.6315,2.3570,0.3145,16.6630,16.6571,15.6821,0.0009,-1.0000
16.6693,0.0000,142.6483,1.2001,0.3332,16.6653,16.6674,15.5399,0.0011,-1.0000
16.6661,0.0000,142.6648,1.2386,1.8204,16.6748,16.6572,15.1698,0.0012,-1.0000
16.6632,0.0000,142.6814,3.0691,0.3386,16.6590,16.6438,15.4397,0.0011,-1.0000
16.6703,0.0000,142.6982,0.9743,0.3137,16.6636,16.6753,15.6637,0.0011,-1.0000
16.8434,0.0000,142.7150,1.1264,0.3567,16.6761,16.8345,15.3470,0.0013,-1.0000
16.4872,0.0000,142.7315,1.4861,0.3030,16.6666,16.4666,15.2086,0.0009,-1.0000
16.6711,0.0000,142.7482,1.2030,0.2911,16.6500,16.6725,15.4530,0.0011,-1.0000
17.2972,0.0000,142.7655,1.0103,0.6881,16.6845,17.2845,15.2014,0.0025,-1.0000
16.0308,0.0000,142.7814,1.4864,0.3418,16.8469,16.0107,14.7256,0.0007,-1.0000
16.6715,0.0000,142.7982,1.2571,0.3495,16.4732,16.6775,15.6772,0.0010,-1.0000
16.6664,0.0000,142.8148,1.2184,0.4178,16.6828,16.6602,15.2141,0.0013,-1.0000
16.6627,0.0000,142.8315,2.0806,0.3579,17.2964,16.6382,15.3293,0.0007,-1.0000
16.6702,0.0000,142.8482,1.2844,0.2985,16.0164,16.6694,15.4711,0.0010,-1.0000
16.6684,0.0000,142.8648,0.9991,0.3766,16.6859,16.6617,15.4455,0.0011,-1.0000
16.6657,0.0000,142.8816,1.4449,0.4158,16.6719,16.6590,15.3045,0.0010,-1.0000
16.6642,0.0000,142.8981,1.3082,0.3649,16.6450,16.6495,15.3199,0.0013,-1.0000
16.6692,0.0000,142.9149,1.1972,0.3590,16.6767,16.6664,15.5063,0.0012,-1.0000
16.6659,0.0000,142.9315,1.2150,0.3471,16.6697,16.6548,15.3439,0.0016,-1.0000
16.6667,0.0000,142.9482,1.3533,0.3011,16.6692,16.6569,15.3940,0.0010,-1.0000
16.6679,0.0000,142.9650,1.3279,0.3602,16.6575,16.6615,15.4528,0.0010,-1.0000
16.6656,0.0000,142.9815,1.1589,0.3539,16.6746,16.6520,15.2561,0.0013,-1.0000
16.6656,0.0000,142.9982,1.3093,0.4170,16.6647,16.6561,15.4596,0.0010,-1.0000
16.6683,0.0000,143.0148,1.2618,0.3786,16.6648,16.6635,15.5122,0.0012,-1.0000
16.6663,0.0000,143.0315,1.2074,0.3358,16.6723,16.6536,15.2812,0.0014,-1.0000
16.6672,0.0000,143.0482,1.3944,0.3661,16.6612,16.6591,15.4575,0.0011,-1.0000
16.6685,0.0000,143.0649,1.1954,0.3320,16.6638,16.6687,15.1840,0.0013,-1.0000
16.6644,0.0000,143.0815,1.1499,0.3425,16.6736,16.6370,15.1013,0.0010,-1.0000
16.6643,0.0000,143.0981,1.3708,0.3777,16.6630,16.6536,15.5263,0.0009,-1.0000
16.6705,0.0000,143.1148,1.2001,0.3793,16.6694,16.7264,15.6170,0.0010,-1.0000
16.6650,0.0000,143.1315,1.4834,0.6238,16.6823,16.5991,15.2670,0.0013,-1.0000
16.6668,0.0000,143.1484,1.5340,0.3085,16.6465,16.6587,15.3464,0.0011,-1.0000
16.6694,0.0000,143.1649,1.1263,0.2997,16.6605,16.6672,15.0939,0.0012,-1.0000
16.6651,0.0000,143.1815,1.1079,0.3758,16.7343,16.6471,14.8979,0.0014,-1.0000
16.6649,0.0000,143.1981,1.3305,0.3642,16.6074,16.6531,15.5176,0.0011,-1.0000
16.6696,0.0000,143.2148,1.3111,0.3067,16.6680,16.6674,15.5660,0.0009,-1.0000
16.6649,0.0000,143.2315,1.5718,0.4030,16.6771,16.6531,15.4776,0.0014,-1.0000
16.6669,0.0000,143.2482,1.7477,0.2919,16.6568,16.6573,15.3231,0.0012,-1.0000
16.6676,0.0000,143.2648,1.1339,0.2881,16.6602,16.6593,15.4019,0.0013,-1.0000
16.6661,0.0000,143.2815,1.1002,0.3308,16.6765,16.6581,15.3904,0.0011,-1.0000
16.6662,0.0000,143.2981,1.1738,0.3239,16.6621,16.6566,15.4401,0.0010,-1.0000
16.6675,0.0000,143.3148,1.3326,0.3132,16.6656,16.6597,15.5391,0.0012,-1.0000
16.6664,0.0000,143.3315,1.2556,0.3239,16.6680,16.6580,15.1707,0.0012,-1.0000
16.6667,0.0000,143.3482,1.2664,0.3049,16.6667,16.6581,15.5118,0.0011,-1.0000
16.7244,0.0000,143.3650,1.2155,0.3198,16.6645,16.7195,15.5285,0.0011,-1.0000
16.6638,0.0000,143.3815,1.1192,0.5877,16.6689,16.6497,14.5897,0.0015,-1.0000
16.6682,0.0000,143.3983,1.4860,0.2886,16.6667,16.6578,15.5086,0.0011,-1.0000
16.7735,0.0000,143.4151,1.1452,0.2957,16.6665,16.7652,15.5330,0.0012,-1.0000
16.6639,0.0000,143.4316,1.1898,0.3206,16.7288,16.6468,14.5472,0.0014,-1.0000
16.6679,0.0000,143.4483,2.0584,0.3228,16.6646,16.6607,15.4629,0.0011,-1.0000
16.6670,0.0000,143.4651,1.1478,0.2962,16.6665,16.6612,15.4350,0.0015,-1.0000
16.6662,0.0000,143.4817,1.2309,0.3219,16.7760,16.6534,14.7135,0.0013,-1.0000
16.6663,0.0000,143.4983,2.0983,0.2753,16.6561,16.6582,15.4243,0.0014,-1.0000
16.6683,0.0000,143.5151,1.1968,0.3535,16.6689,16.6635,15.5369,0.0010,-1.0000
16.6654,0.0000,143.5316,1.2246,0.3393,16.6707,16.6466,14.3510,0.0014,-1.0000
16.6666,0.0000,143.5483,1.9384,0.3140,16.6626,16.6631,15.5076,0.0008,-1.0000
18.8136,0.0000,143.5672,1.2326,0.3033,16.6660,18.8078,15.5892,0.0012,-1.0000
14.7169,0.0000,143.5818,1.1255,0.3791,16.6757,14.6991,13.4842,0.0011,-1.0000
16.6689,0.0000,143.5985,2.2944,0.3122,16.6552,16.6686,15.5870,0.0011,-1.0000
18.9727,0.0000,143.6175,1.1549,0.4578,16.6711,18.9667,15.4997,0.0011,-1.0000
14.4248,0.0000,143.6318,3.2175,0.3336,18.8182,14.4065,13.1445,0.0011,-1.0000
16.6666,0.0000,143.6486,1.2136,0.2918,14.7056,16.6598,15.6940,0.0008,-1.0000
17.5084,0.0000,143.6662,1.0805,0.2992,16.6760,17.5061,15.2737,0.0015,-1.0000
15.8259,0.0000,143.6819,3.4659,0.2854,18.9779,15.8142,14.4584,0.0008,-1.0000
16.6686,0.0000,143.6986,1.2607,0.3166,14.4133,16.6655,15.5480,0.0009,-1.0000
16.6670,0.0000,143.7154,0.9650,0.2974,16.6673,16.6555,15.4122,0.0012,-1.0000
16.6659,0.0000,143.7318,2.2312,0.2788,17.5165,16.6516,15.2292,0.0013,-1.0000
16.6656,0.0000,143.7486,1.3545,0.2817,15.8220,16.6588,15.5621,0.0011,-1.0000
16.6715,0.0000,143.7654,1.1165,0.3007,16.6738,16.6724,15.5345,0.0012,-1.0000
16.6626,0.0000,143.7819,1.2419,0.3220,16.6665,16.6210,15.1260,0.0013,-1.0000
16.6668,0.0000,143.7986,1.4209,0.3017,16.6604,16.6599,15.4986,0.0013,-1.0000
16.6694,0.0000,143.8153,1.0956,0.3039,16.6672,16.6602,15.4185,0.0012,-1.0000
16.6647,0.0000,143.8318,1.1366,0.3392,16.7018,16.6515,15.2057,0.0012,-1.0000
16.6646,0.0000,143.8486,1.4936,0.3197,16.6318,16.6521,15.6403,0.0012,-1.0000
16.6701,0.0000,143.8656,1.1599,0.3531,16.6696,16.9716,15.5555,0.0010,-1.0000
16.6652,0.0000,143.8819,1.2403,0.3840,16.6706,16.3487,14.9082,0.0011,-1.0000
16.6659,0.0000,143.8986,1.4444,0.3099,16.6603,16.6531,15.5404,0.0011,-1.0000
16.6758,0.0000,143.9157,1.0112,0.3218,16.6608,16.6777,15.4641,0.0011,-1.0000
16.6661,0.0000,143.9318,1.4151,0.5592,16.9820,16.6453,14.9245,0.0012,-1.0000
16.6646,0.0000,143.9486,1.4392,0.3064,16.3592,16.6536,15.6396,0.0010,-1.0000
16.6694,0.0000,143.9653,1.1113,0.2861,16.6613,16.6680,15.5805,0.0013,-1.0000
16.6669,0.0000,143.9819,1.2125,0.3078,16.6890,16.6558,15.4446,0.0011,-1.0000
16.6648,0.0000,143.9986,1.7192,0.2734,16.6558,16.6518,15.3705,0.0011,-1.0000
16.6692,0.0000,144.0153,1.0130,0.2629,16.6620,16.6666,15.4571,0.0012,-1.0000
16.6653,0.0000,144.0318,1.0860,0.3373,16.6771,16.6494,15.2802,0.0013,-1.0000
16.6650,0.0000,144.0485,1.2098,0.2939,16.6664,16.6548,15.6420,0.0008,-1.0000
16.6695,0.0000,144.0653,1.2799,0.2835,16.6604,16.6667,15.5300,0.0010,-1.0000
16.6657,0.0000,144.0819,1.2081,0.3143,16.6759,16.6545,15.2571,0.0012,-1.0000
16.6672,0.0000,144.0986,1.3680,0.3049,16.6578,16.6597,15.4189,0.0011,-1.0000
16.7276,0.0000,144.1161,1.0117,0.2779,16.6615,16.7235,15.5496,0.0012,-1.0000
16.6660,0.0000,144.1319,1.1355,0.3920,16.6756,16.6522,14.5922,0.0014,-1.0000
16.6660,0.0000,144.1487,1.3960,0.3326,16.6626,16.6571,15.5973,0.0011,-1.0000
16.6685,0.0000,144.1653,1.2397,0.2807,16.6695,16.6652,15.4513,0.0013,-1.0000
16.6660,0.0000,144.1820,1.1727,0.2946,16.7320,16.6522,15.4634,0.0010,-1.0000
16.6668,0.0000,144.1987,2.0588,0.3208,16.6605,16.6572,15.3807,0.0011,-1.0000
16.6671,0.0000,144.2153,1.0589,0.2832,16.6649,16.6597,15.4795,0.0012,-1.0000
16.6660,0.0000,144.2319,1.2126,0.3203,16.6750,16.6564,14.7725,0.0011,-1.0000
16.6646,0.0000,144.2486,1.1877,0.2958,16.6628,16.6504,15.4578,0.0009,-1.0000
16.6698,0.0000,144.2653,1.2753,0.3001,16.6647,16.6718,15.5479,0.0008,-1.0000
16.6658,0.0000,144.2820,1.1788,0.7361,16.6683,16.6528,15.2626,0.0011,-1.0000
16.6673,0.0000,144.2986,1.8828,0.2911,16.6661,16.6587,15.4703,0.0011,-1.0000
16.6680,0.0000,144.3154,1.1914,0.3607,16.6567,16.6659,15.5177,0.0012,-1.0000
16.8093,0.0000,144.3321,1.1228,0.2744,16.6796,16.7960,15.0683,0.0013,-1.0000
16.5201,0.0000,144.3486,1.3889,0.3235,16.6624,16.5020,15.3078,0.0009,-1.0000
16.6689,0.0000,144.3655,1.1871,0.3534,16.6673,16.6706,15.5313,0.0012,-1.0000
16.6662,0.0000,144.3820,1.1467,0.4065,16.6773,16.6491,15.2456,0.0013,-1.0000
16.6657,0.0000,144.3986,1.7262,0.2747,16.8076,16.6542,15.5015,0.0009,-1.0000
16.6695,0.0000,144.4153,1.1933,0.2655,16.5089,16.6672,15.5359,0.0011,-1.0000
16.6655,0.0000,144.4319,1.1380,0.2981,16.6811,16.6533,15.2706,0.0014,-1.0000
16.6644,0.0000,144.4486,1.4022,0.2896,16.6576,16.6526,15.5553,0.0008,-1.0000
16.6695,0.0000,144.4653,1.1517,0.2705,16.6625,16.6677,15.5402,0.0008,-1.0000
16.6673,0.0000,144.4820,1.1302,0.3260,16.6758,16.6613,15.3520,0.0009,-1.0000
16.6651,0.0000,144.4987,1.3814,0.3385,16.6618,16.6540,15.4725,0.0010,-1.0000
16.6663,0.0000,144.5153,1.0964,0.2895,16.6586,16.6589,15.3628,0.0010,-1.0000
18.5848,0.0000,144.5338,1.1264,0.3480,16.6765,18.5824,15.4543,0.0012,-1.0000
14.7489,0.0000,144.5486,1.3080,0.2767,16.6697,14.7318,13.6504,0.0008,-1.0000
16.6684,0.0000,144.5654,1.1805,0.3213,16.6609,16.6635,15.5076,0.0011,-1.0000
18.2782,0.0000,144.5836,1.2950,0.2951,16.6666,18.2737,15.2825,0.0012,-1.0000
15.0538,0.0000,144.5986,3.1269,0.2852,18.5931,15.0366,13.8696,0.0008,-1.0000
16.6693,0.0000,144.6154,1.0806,0.2993,14.7394,16.6677,15.5279,0.0012,-1.0000
16.6664,0.0000,144.6320,1.1547,0.3501,16.6722,16.6611,15.3179,0.0014,-1.0000
16.6670,0.0000,144.6488,2.9901,0.3518,18.2836,16.6596,15.2027,0.0014,-1.0000
16.6671,0.0000,144.6654,1.1665,0.2791,15.0436,16.6506,15.2410,0.0013,-1.0000
16.6632,0.0000,144.6820,1.1383,0.3180,16.6742,16.6465,15.0692,0.0026,-1.0000
16.6659,0.0000,144.6985,1.3417,0.3772,16.6712,16.6537,15.4492,0.0012,-1.0000
16.6703,0.0000,144.7153,1.4554,0.2970,16.6727,16.6767,15.7639,0.0010,-1.0000
16.6660,0.0000,144.7319,1.4084,0.3658,16.6596,16.6543,15.2716,0.0013,-1.0000
16.6644,0.0000,144.7486,1.5745,0.2741,16.6548,16.6499,15.3446,0.0012,-1.0000
16.6677,0.0000,144.7653,1.2034,0.2540,16.6597,16.6678,15.6083,0.0010,-1.0000
16.6669,0.0000,144.7820,0.9118,0.3414,16.6836,16.6584,15.3712,0.0014,-1.0000
16.6641,0.0000,144.7986,1.3809,0.3263,16.6627,16.6467,15.4736,0.0010,-1.0000
16.6721,0.0000,144.8154,1.3041,0.2905,16.6559,16.6826,15.6358,0.0010,-1.0000
16.6655,0.0000,144.8319,1.0585,0.2776,16.6752,16.6508,15.2734,0.0013,-1.0000
16.6678,0.0000,144.8487,1.2857,0.2878,16.6665,16.6595,15.4406,0.0011,-1.0000
20.0533,0.0000,144.8688,1.1722,0.3816,16.6529,20.0448,14.8610,0.0011,-1.0000
13.2787,0.0000,144.8820,1.0457,0.4211,16.6910,13.2668,11.7884,0.0011,-1.0000
16.6663,0.0000,144.8987,1.3759,0.3596,16.6606,16.6555,14.7996,0.0014,-1.0000
16.6631,0.0000,144.9152,1.2177,2.2122,16.6693,16.6450,15.4668,0.0013,-1.0000
16.6705,0.0000,144.9319,5.1830,0.3889,20.0560,16.6798,15.8592,0.0008,-1.0000
16.6682,0.0000,144.9487,1.4774,1.7380,13.2757,16.6601,15.5053,0.0010,-1.0000
16.6649,0.0000,144.9654,1.8542,0.3265,16.6633,16.6516,15.2963,0.0012,-1.0000
16.6666,0.0000,144.9820,1.1769,0.2798,16.6503,16.6583,15.4531,0.0010,-1.0000
16.6685,0.0000,144.9987,0.8199,0.3727,16.6861,16.6622,15.3498,0.0010,-1.0000
16.6651,0.0000,145.0153,1.1537,0.3778,16.6700,16.6545,15.3163,0.0013,-1.0000
16.6649,0.0000,145.0319,1.3541,0.3292,16.6606,16.6535,15.4461,0.0013,-1.0000
16.6701,0.0000,145.0487,1.2043,0.3238,16.6654,16.6690,15.6342,0.0007,-1.0000
16.6657,0.0000,145.0654,1.3112,0.3220,16.6711,16.6563,15.3740,0.0012,-1.0000
16.6667,0.0000,145.0820,1.3368,0.3018,16.6640,16.6575,15.3647,0.0012,-1.0000
16.6677,0.0000,145.0987,1.2062,0.2862,16.6599,16.6591,15.4879,0.0011,-1.0000
16.6654,0.0000,145.1153,1.0337,0.3728,16.6764,16.6543,15.2443,0.0010,-1.0000
16.6664,0.0000,145.1319,1.2810,0.3337,16.6663,16.6609,15.4751,0.0013,-1.0000
16.6682,0.0000,145.1495,1.2915,0.2921,16.6658,16.6636,15.4077,0.0014,-1.0000
16.6638,0.0000,145.1653,1.1703,0.5435,16.6684,16.6448,14.3685,0.0014,-1.0000
16.6687,0.0000,145.1820,1.4088,0.3019,16.6628,16.6660,15.4935,0.0008,-1.0000
16.6683,0.0000,145.1989,1.1845,0.3641,16.6695,16.6615,15.4127,0.0012,-1.0000
16.6643,0.0000,145.2153,1.2542,0.2861,16.6724,16.6478,14.2789,0.0015,-1.0000
16.6663,0.0000,145.2319,2.2755,0.3154,16.6531,16.6567,15.4275,0.0012,-1.0000
17.9501,0.0000,145.2500,1.1717,0.3033,16.6741,17.9529,15.3060,0.0014,-1.0000
15.3829,0.0000,145.2653,1.2477,0.3523,16.6725,15.3597,14.0591,0.0009,-1.0000
16.6689,0.0000,145.2820,2.3676,0.3343,16.6564,16.6672,15.5275,0.0009,-1.0000
19.4786,0.0000,145.3015,1.2290,0.3687,16.6644,19.4738,15.2806,0.0011,-1.0000
13.8510,0.0000,145.3152,2.6457,0.3200,17.9648,13.8255,12.5703,0.0010,-1.0000
16.6688,0.0000,145.3319,1.2994,0.2927,15.3682,16.6729,15.8003,0.0009,-1.0000
18.3194,0.0000,145.3504,1.1387,0.3716,16.6752,18.3201,15.3378,0.0009,-1.0000
15.0143,0.0000,145.3653,4.1920,0.2662,19.4840,14.9985,13.6436,0.0010,-1.0000
16.6673,0.0000,145.3820,1.2544,0.2526,13.8314,16.6579,15.4987,0.0011,-1.0000
17.0576,0.0000,145.3991,0.8719,0.3076,16.6798,17.0540,15.4377,0.0014,-1.0000
16.3831,0.0000,145.4154,2.9816,0.3448,18.3290,16.3699,15.1673,0.0008,-1.0000
16.6665,0.0000,145.4320,1.3538,0.3055,15.0056,16.6593,15.5168,0.0009,-1.0000
19.5075,0.0000,145.4517,1.1580,0.3368,16.6655,19.5090,15.9188,0.0008,-1.0000
14.0953,0.0000,145.4657,1.6147,0.2845,17.0627,14.0774,12.7919,0.0008,-1.0000
16.6682,0.0000,145.4824,1.2018,0.2952,16.3773,16.6623,15.3566,0.0014,-1.0000
19.0361,0.0000,145.5015,1.1415,0.3061,16.6656,19.0248,15.3116,0.0015,-1.0000
14.3214,0.0000,145.5156,3.5893,0.3463,19.5190,14.3034,12.9559,0.0009,-1.0000
16.6698,0.0000,145.5323,1.2847,0.3685,14.0870,16.6745,15.6805,0.0012,-1.0000
16.6884,0.0000,145.5498,1.3042,0.3453,16.6720,16.6839,15.6293,0.0012,-1.0000
16.6639,0.0000,145.5658,3.7114,0.2803,19.0341,16.6469,14.6906,0.0013,-1.0000
16.6697,0.0000,145.5825,1.3468,0.3017,14.3089,16.6689,15.4741,0.0012,-1.0000
19.0733,0.0000,145.6017,0.9928,0.3429,16.6806,19.1746,16.2961,0.0010,-1.0000
15.3102,0.0000,145.6167,1.0530,0.3367,16.6947,15.1741,13.8469,0.0009,-1.0000
16.6679,0.0000,145.6334,1.9548,0.2993,16.6559,16.6678,15.5857,0.0009,-1.0000
17.7320,0.0000,145.6513,1.1937,0.3672,16.6798,17.7288,15.3545,0.0008,-1.0000
15.6006,0.0000,145.6668,2.8775,0.3341,19.1862,15.5801,14.2608,0.0010,-1.0000
16.6697,0.0000,145.6835,1.3265,0.2823,15.1810,16.6689,15.5831,0.0010,-1.0000
19.7485,0.0000,145.7034,1.0810,0.3079,16.6761,19.7442,15.5099,0.0010,-1.0000
13.5817,0.0000,145.7167,2.3735,0.3148,17.7399,13.5586,12.0815,0.0013,-1.0000
16.6704,0.0000,145.7334,1.3184,0.2875,15.5878,16.7222,15.7170,0.0010,-1.0000
19.4277,0.0000,145.7530,1.0846,0.3761,16.6760,19.3744,15.8786,0.0012,-1.0000
14.4407,0.0000,145.7673,4.2337,0.4105,19.7555,14.4194,13.1039,0.0010,-1.0000
16.6690,0.0000,145.7840,1.4760,0.2715,13.5650,16.6675,15.6106,0.0011,-1.0000
16.6752,0.0000,145.8007,1.0042,0.3043,16.7297,16.6709,15.4170,0.0011,-1.0000
16.6663,0.0000,145.8174,3.4947,0.2970,19.3845,16.6519,15.3616,0.0012,-1.0000
16.6657,0.0000,145.8339,1.3145,0.2728,14.4261,16.6564,15.2608,0.0012,-1.0000
16.6681,0.0000,145.8507,1.0560,0.3527,16.6744,16.6619,15.5738,0.0011,-1.0000
16.6654,0.0000,145.8673,1.2526,0.3272,16.6818,16.6515,15.4067,0.0011,-1.0000
16.6659,0.0000,145.8840,1.2890,0.3923,16.6617,16.6568,15.5554,0.0007,-1.0000
16.6703,0.0000,145.9007,1.3944,0.3293,16.6650,16.6796,15.5443,0.0012,-1.0000
16.6662,0.0000,145.9174,1.0872,0.3202,16.6723,16.6435,15.2722,0.0012,-1.0000
16.6636,0.0000,145.9339,1.2438,0.2925,16.6605,16.6479,15.4074,0.0013,-1.0000
16.6699,0.0000,145.9508,1.1006,0.2703,16.6643,16.6722,15.6020,0.0009,-1.0000
16.6656,0.0000,145.9674,1.1340,0.3474,16.6880,16.6489,15.0697,0.0011,-1.0000
16.6637,0.0000,145.9839,1.3699,0.3180,16.6543,16.6448,15.5036,0.0011,-1.0000
16.6696,0.0000,146.0007,1.2394,0.3177,16.6567,16.6747,15.6118,0.0009,-1.0000
16.6666,0.0000,146.0174,1.0691,0.3160,16.6823,16.6538,15.3597,0.0011,-1.0000
16.6656,0.0000,146.0339,1.5783,0.3204,16.6598,16.6540,15.4519,0.0011,-1.0000
16.6689,0.0000,146.0508,1.1399,0.3029,16.6514,16.6691,15.6117,0.0008,-1.0000
16.6663,0.0000,146.0674,1.0620,0.2961,16.6833,16.6545,15.2369,0.0013,-1.0000
16.6646,0.0000,146.0840,1.2930,0.3281,16.6634,16.6434,15.2783,0.0009,-1.0000
16.6698,0.0000,146.1007,1.2009,0.3390,16.6608,16.6721,15.4991,0.0013,-1.0000
16.6652,0.0000,146.1173,1.0564,0.3465,16.6788,16.6491,15.3021,0.0015,-1.0000
16.6680,0.0000,146.1339,1.4163,0.3490,16.6684,16.6599,15.4840,0.0008,-1.0000
16.6670,0.0000,146.1508,1.3644,0.3105,16.6508,16.6575,15.5689,0.0009,-1.0000
16.7337,0.0000,146.1675,1.1717,0.3244,16.6824,16.7299,15.1254,0.0012,-1.0000
16.5981,0.0000,146.1840,1.3454,0.2995,16.6582,16.5828,15.3776,0.0008,-1.0000
16.6673,0.0000,146.2011,1.1751,0.3102,16.6682,16.6605,15.5187,0.0010,-1.0000
16.6670,0.0000,146.2174,1.0872,0.3315,16.6658,16.6593,14.5126,0.0010,-1.0000
16.6644,0.0000,146.2339,1.6032,0.2766,16.7403,16.6520,15.4164,0.0009,-1.0000
16.6700,0.0000,146.2507,1.2044,0.2967,16.5910,16.6713,15.5092,0.0007,-1.0000
18.1019,0.0000,146.2688,1.1408,0.3196,16.6688,18.0879,15.1583,0.0012,-1.0000
15.2282,0.0000,146.2840,2.1453,0.3205,16.6684,15.2089,13.9452,0.0010,-1.0000
16.6696,0.0000,146.3007,1.2349,0.3096,16.6597,16.6730,15.6661,0.0011,-1.0000
17.1575,0.0000,146.3179,1.1612,0.3594,16.6812,17.1441,15.2548,0.0013,-1.0000
16.1739,0.0000,146.3339,2.9285,0.2988,18.1000,16.1594,14.8300,0.0013,-1.0000
16.6693,0.0000,146.3509,1.2625,0.2691,15.2155,16.6669,15.5475,0.0010,-1.0000
18.2027,0.0000,146.3690,1.0054,0.3869,16.6830,18.1926,15.1291,0.0012,-1.0000
15.1272,0.0000,146.3840,1.8882,0.3308,17.1557,15.1143,13.8039,0.0010,-1.0000
16.6687,0.0000,146.4007,1.3279,0.3218,16.1671,16.6691,15.6230,0.0013,-1.0000
18.9905,0.0000,146.4198,1.1182,0.3654,16.6761,18.9783,15.2435,0.0009,-1.0000
14.3422,0.0000,146.4339,3.0616,0.3065,18.2025,14.3240,12.8389,0.0013,-1.0000
16.8432,0.0000,146.4509,1.3094,0.2860,15.1195,16.8415,15.8492,0.0007,-1.0000
20.5883,0.0000,146.4716,1.0448,0.3745,16.6795,20.5911,15.3392,0.0012,-1.0000
12.7411,0.0000,146.4841,3.7334,0.3338,18.9873,12.7074,11.2324,0.0012,-1.0000
16.6696,0.0000,146.5009,1.4838,0.3281,14.3323,16.6702,15.6494,0.0010,-1.0000
19.9740,0.0000,146.5209,0.9917,0.4006,16.8485,19.9738,15.4827,0.0011,-1.0000
13.3582,0.0000,146.5340,5.2507,0.3089,20.6022,13.3356,12.0476,0.0012,-1.0000
16.6694,0.0000,146.5509,1.4736,0.2947,12.7173,16.6721,15.6832,0.0009,-1.0000
19.0675,0.0000,146.5700,1.0196,0.2963,16.6770,19.0594,15.2811,0.0011,-1.0000
14.2637,0.0000,146.5842,4.4901,0.2982,19.9848,14.2447,12.9492,0.0012,-1.0000
16.6670,0.0000,146.6009,1.2870,0.3169,13.3427,16.6585,15.5651,0.0011,-1.0000
16.9717,0.0000,146.6179,0.9879,0.3767,16.6807,16.9703,15.4452,0.0010,-1.0000
16.4054,0.0000,146.6341,3.7774,0.2942,19.0720,16.3909,13.6982,0.0008,-1.0000
16.6688,0.0000,146.6510,1.2943,0.2811,14.2523,16.6682,15.5507,0.0007,-1.0000
16.6672,0.0000,146.6676,1.0923,0.3704,16.6661,16.6562,15.2652,0.0011,-1.0000
16.6660,0.0000,146.6842,1.5242,0.3621,16.9796,16.6514,15.2886,0.0013,-1.0000
16.6668,0.0000,146.7009,2.6921,0.3168,16.3978,16.6578,15.5174,0.0014,-1.0000
16.6673,0.0000,146.7176,1.1167,0.3542,16.6760,16.6623,15.5597,0.0011,-1.0000
16.6668,0.0000,146.7342,1.3896,0.3680,16.6676,16.6545,15.2776,0.0015,-1.0000
16.6669,0.0000,146.7510,1.3615,0.2997,16.6617,16.6608,15.5216,0.0012,-1.0000
16.6666,0.0000,146.7676,1.1387,0.2968,16.6657,16.6595,15.3735,0.0012,-1.0000
16.6663,0.0000,146.7842,1.1014,0.3086,16.6713,16.6538,15.3339,0.0010,-1.0000
16.6650,0.0000,146.8010,1.3754,0.2880,16.6630,16.6504,15.4833,0.0010,-1.0000
16.6692,0.0000,146.8177,1.1376,0.3119,16.6699,16.6740,15.4663,0.0010,-1.0000
16.6676,0.0000,146.8342,1.2845,0.3402,16.6683,16.6532,15.2662,0.0012,-1.0000
16.6642,0.0000,146.8509,1.3187,0.3334,16.6636,16.6465,15.2797,0.0013,-1.0000
16.6688,0.0000,146.8676,1.1664,0.2685,16.6566,16.6674,15.4430,0.0012,-1.0000
16.6660,0.0000,146.8842,1.2065,0.3864,16.6839,16.6472,15.3219,0.0012,-1.0000
16.6667,0.0000,146.9009,1.3857,0.3386,16.6678,16.6592,15.5080,0.0011,-1.0000
16.6676,0.0000,146.9176,1.3654,0.2888,16.6561,16.6611,15.3700,0.0011,-1.0000
16.6658,0.0000,146.9341,1.2230,0.3019,16.6779,16.6555,15.3819,0.0013,-1.0000
16.6662,0.0000,146.9509,1.3240,0.2815,16.6565,16.6577,15.5751,0.0007,-1.0000
16.6687,0.0000,146.9687,1.1500,0.3067,16.6667,16.6701,15.5189,0.0010,-1.0000
16.6663,0.0000,146.9842,1.2899,0.3113,16.6695,16.6492,14.1923,0.0012,-1.0000
16.6667,0.0000,147.0010,1.2723,0.2678,16.6640,16.6584,15.4033,0.0012,-1.0000
16.6675,0.0000,147.0176,1.0820,0.2847,16.6651,16.6617,15.3083,0.0013,-1.0000
16.6662,0.0000,147.0342,1.1503,0.3280,16.6787,16.6546,15.3324,0.0013,-1.0000
16.6635,0.0000,147.0509,2.4559,0.3317,16.6579,16.6457,15.5771,0.0009,-1.0000
16.6700,0.0000,147.0676,1.2538,0.4172,16.6669,16.6723,15.6084,0.0009,-1.0000
16.6681,0.0000,147.0844,1.3519,0.3576,16.6704,16.6705,15.3423,0.0012,-1.0000
16.6643,0.0000,147.1009,1.3209,0.2861,16.6657,16.6357,15.1994,0.0010,-1.0000
16.6698,0.0000,147.1176,1.0676,0.2634,16.6532,16.6700,15.5162,0.0011,-1.0000
18.8349,0.0000,147.1365,1.0633,0.3431,16.6812,18.8367,15.1822,0.0014,-1.0000
14.4933,0.0000,147.1507,1.3270,0.3426,16.6813,14.4608,13.2586,0.0009,-1.0000
16.6701,0.0000,147.1676,1.4360,0.2847,16.6448,16.6744,15.7557,0.0008,-1.0000
16.6661,0.0000,147.1843,1.1524,0.3505,16.6777,16.6568,15.3684,0.0009,-1.0000
16.6644,0.0000,147.2009,3.6530,0.2804,18.8463,16.6491,15.4459,0.0008,-1.0000
16.6701,0.0000,147.2176,1.2014,0.2890,14.4673,16.6704,15.5586,0.0009,-1.0000
19.5515,0.0000,147.2380,0.9177,0.3022,16.6827,19.5478,15.4220,0.0014,-1.0000
13.7783,0.0000,147.2507,1.2874,0.2919,16.6657,13.7524,11.5540,0.0015,-1.0000
16.6681,0.0000,147.2675,1.2024,0.2891,16.6556,16.6656,15.7569,0.0011,-1.0000
21.6202,0.0000,147.2896,1.1107,0.3532,16.6779,21.6274,15.5006,0.0012,-1.0000
11.7125,0.0000,147.3009,4.1243,0.3564,19.5590,11.6856,9.9238,0.0012,-1.0000
16.6698,0.0000,147.3176,2.1972,0.2583,13.7601,16.6928,15.5785,0.0014,-1.0000
17.6537,0.0000,147.3354,0.9077,0.3238,16.6720,17.6838,16.3660,0.0011,-1.0000
16.6646,0.0000,147.3518,6.1258,0.2819,21.6387,16.5860,15.0153,0.0012,-1.0000
16.6653,0.0000,147.3685,1.7607,0.2758,11.6931,16.6548,15.5122,0.0007,-1.0000
16.6690,0.0000,147.3852,1.1129,0.3184,16.7019,16.6639,15.5173,0.0009,-1.0000
16.6657,0.0000,147.4019,1.3163,0.3442,17.6959,16.6581,15.3939,0.0010,-1.0000
16.6672,0.0000,147.4186,1.5696,0.2902,16.5974,16.6561,15.4270,0.0012,-1.0000
16.6683,0.0000,147.4353,1.1417,0.2846,16.6613,16.6640,15.4943,0.0010,-1.0000
16.6653,0.0000,147.4518,1.1450,0.3439,16.6738,16.6421,15.3518,0.0013,-1.0000
16.6662,0.0000,147.4686,1.2633,0.3498,16.6679,16.6593,15.6166,0.0010,-1.0000
16.6770,0.0000,147.4854,1.2278,0.2910,16.6652,16.6718,15.4838,0.0013,-1.0000
16.6571,0.0000,147.5019,1.1689,0.3463,16.6782,16.6412,15.0251,0.0012,-1.0000
16.6675,0.0000,147.5186,1.2889,0.3010,16.6534,16.6607,15.4829,0.0013,-1.0000
16.6668,0.0000,147.5353,1.0413,0.2976,16.6678,16.6573,15.4979,0.0012,-1.0000
16.6649,0.0000,147.5518,1.1869,0.3300,16.6819,16.6519,15.1883,0.0010,-1.0000
16.6670,0.0000,147.5686,1.6150,0.3289,16.6511,16.6600,15.6270,0.0008,-1.0000
16.6685,0.0000,147.5853,1.1762,0.3087,16.6707,16.6614,15.4184,0.0012,-1.0000
16.6659,0.0000,147.6020,1.1579,0.3840,16.6663,16.6561,15.2711,0.0014,-1.0000
16.6672,0.0000,147.6186,1.4625,0.2806,16.6611,16.6591,15.4064,0.0011,-1.0000
17.1829,0.0000,147.6359,1.0322,0.2670,16.6677,17.1836,16.0194,0.0012,-1.0000
16.6648,0.0000,147.6523,1.2418,0.5293,16.6697,16.6427,15.0804,0.0012,-1.0000
16.6628,0.0000,147.6690,1.3836,0.5025,16.6648,16.6476,15.5423,0.0010,-1.0000
16.6707,0.0000,147.6859,1.2515,0.3249,16.6671,16.6758,15.6735,0.0012,-1.0000
16.6659,0.0000,147.7024,1.1631,0.4237,17.1950,16.6515,13.5849,0.0014,-1.0000
16.6661,0.0000,147.7194,1.5610,0.3734,16.6520,16.6550,15.4525,0.0013,-1.0000
16.6701,0.0000,147.7359,1.1044,0.3130,16.6543,16.6716,15.2076,0.0014,-1.0000
16.6640,0.0000,147.7523,1.0008,0.5033,16.6852,16.6069,13.3012,0.0010,-1.0000
16.6643,0.0000,147.7691,3.0652,0.3184,16.6619,16.6521,15.5438,0.0009,-1.0000
16.6712,0.0000,147.7858,1.2014,0.3905,16.6630,16.6751,15.5802,0.0009,-1.0000
16.6657,0.0000,147.8025,1.4625,0.4786,16.7192,16.6498,15.2229,0.0010,-1.0000
16.6667,0.0000,147.8191,3.3050,0.3278,16.6155,16.6553,15.4089,0.0012,-1.0000
16.6686,0.0000,147.8371,1.1074,0.3070,16.6587,16.6642,15.3652,0.0014,-1.0000
16.6647,0.0000,147.8523,1.0936,0.3819,16.6849,16.6493,13.7532,0.0015,-1.0000
16.6670,0.0000,147.8692,1.4257,0.4105,16.6609,16.6624,15.5520,0.0010,-1.0000
16.6662,0.0000,147.8858,1.2455,0.3640,16.6651,16.6541,15.3320,0.0011,-1.0000
16.6679,0.0000,147.9025,1.2973,0.4061,16.6736,16.6580,15.2605,0.0014,-1.0000
16.6664,0.0000,147.9191,2.8954,0.3310,16.6577,16.6571,15.4265,0.0013,-1.0000
16.6670,0.0000,147.9358,1.1094,0.3547,16.6714,16.6594,15.3444,0.0011,-1.0000
16.6657,0.0000,147.9523,1.3209,0.4436,16.6652,16.6545,15.3398,0.0012,-1.0000
16.6651,0.0000,147.9690,1.3960,0.3848,16.6674,16.6530,15.5416,0.0008,-1.0000
16.6688,0.0000,147.9858,1.2293,0.3377,16.6656,16.6682,15.5977,0.0010,-1.0000
16.6671,0.0000,148.0025,1.3139,0.3056,16.6679,16.6573,15.3006,0.0015,-1.0000
16.6635,0.0000,148.0190,1.3135,0.2823,16.6630,16.6478,15.3815,0.0010,-1.0000
16.6705,0.0000,148.0358,1.1106,0.3101,16.6595,16.6762,15.6090,0.0012,-1.0000
16.6664,0.0000,148.0527,1.0695,0.2903,16.6758,16.6564,15.2857,0.0012,-1.0000
16.6636,0.0000,148.0690,1.3551,0.2622,16.6671,16.6440,15.0392,0.0010,-1.0000
16.6676,0.0000,148.0857,1.2654,0.2660,16.6542,16.6646,15.4506,0.0011,-1.0000
18.8285,0.0000,148.1059,1.0660,0.3190,16.6843,18.8421,15.2593,0.0011,-1.0000
14.5039,0.0000,148.1190,1.3695,0.3642,16.6669,14.4692,11.8323,0.0014,-1.0000
16.6692,0.0000,148.1358,1.6036,0.3283,16.6503,16.6720,15.6368,0.0010,-1.0000
19.6775,0.0000,148.1556,1.2129,0.3943,16.6701,19.6758,15.0611,0.0012,-1.0000
13.6531,0.0000,148.1690,3.5820,0.3911,18.8525,13.6257,12.0613,0.0013,-1.0000
16.6700,0.0000,148.1859,2.6359,0.3303,14.4769,16.6721,15.5002,0.0008,-1.0000
17.6726,0.0000,148.2035,1.0344,0.4419,16.6793,17.6626,15.3423,0.0012,-1.0000
15.6597,0.0000,148.2191,4.6136,0.3153,19.6890,15.6405,14.4205,0.0009,-1.0000
16.6790,0.0000,148.2359,1.5634,0.3347,13.6335,16.6817,15.4557,0.0011,-1.0000
16.6669,0.0000,148.2524,1.1707,0.3289,16.6810,16.6515,15.1916,0.0011,-1.0000
16.6640,0.0000,148.2691,2.3190,0.3391,17.6741,16.6512,15.4380,0.0010,-1.0000
16.6693,0.0000,148.2858,1.2194,0.3212,15.6490,16.6666,15.3882,0.0010,-1.0000
16.6671,0.0000,148.3025,1.2247,0.4565,16.6902,16.6584,15.2603,0.0010,-1.0000
16.6669,0.0000,148.3192,1.4588,0.3584,16.6612,16.6571,15.3705,0.0009,-1.0000
16.6660,0.0000,148.3358,1.2124,0.3585,16.6593,16.6594,15.3127,0.0014,-1.0000
17.0103,0.0000,148.3532,1.2774,0.3497,16.6744,17.0017,15.7256,0.0009,-1.0000
16.6653,0.0000,148.3694,1.3968,0.3683,16.6674,16.3853,14.7688,0.0014,-1.0000
16.6680,0.0000,148.3862,1.2855,0.3257,16.6661,16.6634,15.4729,0.0009,-1.0000
16.6658,0.0000,148.4028,1.3452,0.3343,16.6692,16.6519,15.2415,0.0012,-1.0000
16.6639,0.0000,148.4194,1.2749,0.4968,17.2769,16.6528,15.3195,0.0009,-1.0000
16.6685,0.0000,148.4361,1.6151,0.3410,16.3956,16.6661,15.5746,0.0009,-1.0000
16.6672,0.0000,148.4527,1.1894,0.5194,16.6726,16.6574,15.4153,0.0015,-1.0000
16.6665,0.0000,148.4695,1.4096,0.4190,16.6614,16.6578,15.4208,0.0013,-1.0000
16.6678,0.0000,148.4862,1.3321,0.2902,16.6600,16.6638,15.3203,0.0013,-1.0000
16.6675,0.0000,148.5028,1.0904,0.3686,16.6738,16.6582,15.2660,0.0012,-1.0000
16.6659,0.0000,148.5195,1.2405,0.4052,16.6652,16.6516,15.2717,0.0009,-1.0000
16.6663,0.0000,148.5361,1.2359,0.3591,16.6652,16.6617,15.3986,0.0012,-1.0000
16.6674,0.0000,148.5527,1.3420,0.4784,16.6733,16.6538,15.4197,0.0012,-1.0000
16.6660,0.0000,148.5695,1.3910,0.3465,16.6689,16.6559,15.5436,0.0008,-1.0000
16.6679,0.0000,148.5862,1.3789,0.3922,16.6619,16.6612,15.3607,0.0011,-1.0000
16.6658,0.0000,148.6028,1.2619,0.3863,16.6708,16.6539,15.3154,0.0012,-1.0000
16.6646,0.0000,148.6193,1.2330,0.3466,16.6634,16.6471,15.4099,0.0009,-1.0000
16.6686,0.0000,148.6361,1.1112,0.3297,16.6636,16.6567,15.6317,0.0008,-1.0000
18.4768,0.0000,148.6546,1.2986,0.3258,16.6712,18.4713,15.4991,0.0013,-1.0000
14.8536,0.0000,148.6693,1.3374,0.3065,16.6632,14.8322,13.4743,0.0012,-1.0000
16.6704,0.0000,148.6861,1.2362,0.2607,16.6533,16.6745,15.7276,0.0009,-1.0000
16.6678,0.0000,148.7028,1.0240,0.7116,16.6791,16.6601,15.4407,0.0013,-1.0000
16.6656,0.0000,148.7194,2.9712,0.3118,18.4822,16.6534,15.3219,0.0012,-1.0000
16.6658,0.0000,148.7361,1.3568,0.2392,14.8379,16.6523,15.4617,0.0012,-1.0000
16.6679,0.0000,148.7527,0.9462,0.2867,16.6818,16.6616,15.4783,0.0010,-1.0000
16.6667,0.0000,148.7694,1.2181,0.2726,16.6706,16.6585,15.4989,0.0014,-1.0000
16.6661,0.0000,148.7861,1.3300,0.2752,16.6647,16.6910,15.4883,0.0012,-1.0000
19.2412,0.0000,148.8054,1.1893,0.2813,16.6608,19.2047,15.3513,0.0013,-1.0000
14.1107,0.0000,148.8195,1.1824,0.2988,16.6704,14.1553,12.7819,0.0009,-1.0000
16.6700,0.0000,148.8361,1.1580,0.3160,16.6671,16.6066,15.6111,0.0011,-1.0000
16.6678,0.0000,148.8527,1.2015,0.4446,16.6998,16.6592,15.4590,0.0010,-1.0000
16.6655,0.0000,148.8695,3.8520,0.2914,19.2153,16.6570,15.3990,0.0011,-1.0000
16.6667,0.0000,148.8861,1.3725,0.3090,14.1591,16.6576,15.4726,0.0012,-1.0000
16.6679,0.0000,148.9029,0.9942,0.2902,16.6134,16.6604,15.4014,0.0012,-1.0000
16.6659,0.0000,148.9194,1.1992,0.3258,16.6679,16.6531,15.1299,0.0014,-1.0000
16.6664,0.0000,148.9361,1.2569,0.2659,16.6668,16.6561,15.4537,0.0010,-1.0000
16.6680,0.0000,148.9527,1.1838,0.3216,16.6663,16.6680,15.3924,0.0013,-1.0000
16.6656,0.0000,148.9695,1.2572,0.2991,16.6702,16.6492,14.0394,0.0012,-1.0000
16.6650,0.0000,148.9861,1.5214,0.3341,16.6626,16.6530,15.4349,0.0013,-1.0000
16.7609,0.0000,149.0029,1.2014,0.3143,16.6646,16.7645,15.6501,0.0011,-1.0000
16.6657,0.0000,149.0195,1.2741,1.6765,16.6776,16.6490,15.3614,0.0012,-1.0000
16.6666,0.0000,149.0362,2.6085,0.2812,16.6578,16.6569,15.4828,0.0012,-1.0000
16.6677,0.0000,149.0528,1.2169,0.2733,16.6600,16.7048,15.4487,0.0012,-1.0000
16.6660,0.0000,149.0696,1.1131,0.8890,16.7740,16.6098,15.3270,0.0016,-1.0000
16.6656,0.0000,149.0862,1.2865,0.3202,16.6584,16.6634,15.4339,0.0013,-1.0000
16.6688,0.0000,149.1029,1.1728,0.3111,16.6658,16.6554,15.5149,0.0011,-1.0000
16.6662,0.0000,149.1196,1.2549,0.3926,16.7137,16.6559,15.2635,0.0012,-1.0000
16.6665,0.0000,149.1362,1.2811,0.3002,16.6192,16.6597,15.4751,0.0011,-1.0000
16.6672,0.0000,149.1537,1.2282,0.3334,16.6714,16.6640,15.4443,0.0013,-1.0000
16.6668,0.0000,149.1696,1.1393,0.4551,16.6641,15.9069,14.3125,0.0014,-1.0000
16.6644,0.0000,149.1862,1.3909,0.2886,16.6642,16.6507,15.4795,0.0012,-1.0000
16.6703,0.0000,149.2029,1.1834,0.3926,16.6678,16.6679,15.5635,0.0010,-1.0000
16.6644,0.0000,149.2195,1.2182,0.3486,17.4185,16.6521,15.2776,0.0010,-1.0000
16.6671,0.0000,149.2362,1.5929,0.3445,15.9171,16.6619,15.3715,0.0012,-1.0000
16.6675,0.0000,149.2528,1.1698,0.2647,16.6592,16.6592,15.4450,0.0012,-1.0000
16.6662,0.0000,149.2695,1.1032,0.3948,16.6767,16.6539,15.5434,0.0013,-1.0000
16.6680,0.0000,149.2862,1.3735,0.3878,16.6605,16.6610,15.4865,0.0010,-1.0000
16.6662,0.0000,149.3029,1.2892,0.2972,16.6713,16.6566,15.4756,0.0012,-1.0000
16.6658,0.0000,149.3196,1.2130,0.3113,16.6682,16.6563,15.3030,0.0011,-1.0000
16.6675,0.0000,149.3362,1.1092,0.3159,16.6621,16.6591,15.4008,0.0011,-1.0000
16.6674,0.0000,149.3529,1.1732,0.3214,16.6696,16.6651,15.4275,0.0013,-1.0000
16.6663,0.0000,149.3696,1.1796,0.3171,16.6662,16.6498,13.1221,0.0011,-1.0000
16.6654,0.0000,149.3862,1.3522,0.4603,16.6641,16.6527,15.5077,0.0012,-1.0000
16.6687,0.0000,149.4030,1.2573,0.3416,16.6679,16.6631,15.4928,0.0015,-1.0000
16.6651,0.0000,149.4196,1.2359,0.3667,16.6762,16.6488,15.2305,0.0012,-1.0000
16.6669,0.0000,149.4362,3.5265,0.3187,16.6601,16.6627,15.4930,0.0011,-1.0000
16.6674,0.0000,149.4528,1.1436,0.3314,16.6619,16.6623,15.3711,0.0011,-1.0000
16.6658,0.0000,149.4696,1.1689,0.3077,16.6734,16.6489,15.3406,0.0009,-1.0000
16.6659,0.0000,149.4862,1.4172,0.2736,16.6589,16.6570,15.4569,0.0010,-1.0000
16.6681,0.0000,149.5029,1.1686,0.2772,16.6706,16.6597,15.4623,0.0013,-1.0000
16.6668,0.0000,149.5196,1.2900,0.4122,16.6731,16.6601,15.5470,0.0009,-1.0000
16.6732,0.0000,149.5363,1.3072,0.3674,16.6580,16.6640,15.4450,0.0012,-1.0000
16.6874,0.0000,149.5529,1.1990,0.3273,16.6651,16.6842,15.3180,0.0012,-1.0000
16.6658,0.0000,149.5696,1.1961,0.2786,16.6692,16.6473,15.2425,0.0012,-1.0000
16.6663,0.0000,149.5862,1.1119,0.3301,16.6683,16.6574,15.3992,0.0010,-1.0000
16.6679,0.0000,149.6029,1.2178,0.3469,16.6733,16.6605,15.4420,0.0010,-1.0000
16.6660,0.0000,149.6196,1.3646,0.4287,16.6955,16.6538,15.3995,0.0012,-1.0000
16.6660,0.0000,149.6362,1.4037,0.4596,16.6566,16.6592,15.4894,0.0013,-1.0000
16.6674,0.0000,149.6528,1.2571,0.4860,16.6668,16.6614,15.3092,0.0015,-1.0000
16.6662,0.0000,149.6696,1.2175,0.3410,16.6693,16.6533,14.3093,0.0011,-1.0000
16.6686,0.0000,149.6863,1.2529,0.3207,16.6629,16.6644,15.4347,0.0013,-1.0000
16.6664,0.0000,149.7033,1.1683,0.3224,16.6674,16.6931,15.3635,0.0012,-1.0000
16.6656,0.0000,149.7196,1.3504,0.3341,16.6704,16.6149,14.9654,0.0011,-1.0000
16.6672,0.0000,149.7363,2.3429,0.2919,16.6623,16.6591,15.4815,0.0009,-1.0000
16.6672,0.0000,149.7529,1.2283,0.3103,16.6741,16.6593,15.4017,0.0014,-1.0000
16.6667,0.0000,149.7696,1.3284,0.3582,16.7042,16.6532,15.3668,0.0012,-1.0000
16.6670,0.0000,149.7863,1.6483,0.3035,16.6244,16.6637,13.8818,0.0011,-1.0000
16.6656,0.0000,149.8029,1.1769,0.3235,16.6684,16.6457,15.0832,0.0013,-1.0000
16.8048,0.0000,149.8198,1.2562,0.3752,16.6707,16.8008,15.6439,0.0012,-1.0000
16.6647,0.0000,149.8364,1.2851,0.4178,16.6634,16.6440,15.0082,0.0012,-1.0000
16.6674,0.0000,149.8530,2.7806,0.4860,16.6749,16.6603,15.3609,0.0013,-1.0000
16.6700,0.0000,149.8698,1.5611,0.3536,16.6565,16.6625,15.5421,0.0013,-1.0000
16.6653,0.0000,149.8864,1.1557,0.3881,16.8130,16.6496,15.2510,0.0013,-1.0000
16.6651,0.0000,149.9031,1.6345,0.3092,16.6554,16.6554,15.5231,0.0011,-1.0000
16.6694,0.0000,149.9198,1.2979,0.2816,16.6687,16.6661,15.3295,0.0013,-1.0000
16.6655,0.0000,149.9364,1.1192,0.3907,16.6739,16.6541,14.9395,0.0012,-1.0000
16.6668,0.0000,149.9529,1.3971,0.3222,16.6582,16.6574,15.4876,0.0013,-1.0000
16.6675,0.0000,149.9701,1.1312,0.2760,16.6630,16.6661,15.6399,0.0009,-1.0000
16.6663,0.0000,149.9864,1.3349,0.3579,16.6757,16.6485,13.7467,0.0014,-1.0000
16.6648,0.0000,150.0030,1.7133,0.3607,16.6630,16.6545,15.4588,0.0014,-1.0000
16.6700,0.0000,150.0199,1.1683,0.2861,16.6658,16.6668,15.5881,0.0010,-1.0000
16.6664,0.0000,150.0364,1.0251,0.3351,16.6761,16.6566,15.0282,0.0229,-1.0000
16.6654,0.0000,150.0530,2.9002,0.3026,16.6573,16.6524,15.5104,0.0010,-1.0000
16.6674,0.0000,150.0698,1.1942,0.2850,16.6626,16.6570,15.5186,0.0011,-1.0000
16.6676,0.0000,150.0864,1.0773,0.3645,16.6778,16.6562,15.3900,0.0013,-1.0000
16.6660,0.0000,150.1031,1.6052,0.2941,16.6674,16.6577,15.3751,0.0014,-1.0000
16.6672,0.0000,150.1198,1.1408,0.3270,16.6622,16.6577,15.4304,0.0013,-1.0000
16.6659,0.0000,150.1364,1.1374,0.4153,16.6676,16.6532,13.9273,0.0012,-1.0000
16.6671,0.0000,150.1533,1.2651,0.2933,16.6661,16.6633,15.4532,0.0012,-1.0000
16.6684,0.0000,150.1698,1.2811,0.2898,16.6670,16.6601,15.0423,0.0015,-1.0000
16.6651,0.0000,150.1863,1.2257,0.7163,16.6682,16.6465,13.3064,0.0015,-1.0000
16.6664,0.0000,150.2030,2.7251,0.2904,16.6624,16.6587,15.5667,0.0009,-1.0000
16.6708,0.0000,150.2210,1.2087,0.4276,16.6722,17.0946,15.5398,0.0013,-1.0000
16.6640,0.0000,150.2364,1.6165,1.2929,16.6712,16.2197,14.0283,0.0012,-1.0000
16.6661,0.0000,150.2530,3.3386,0.3764,16.6560,16.6575,15.4394,0.0013,-1.0000
16.6665,0.0000,150.2698,1.0911,0.4188,16.6683,16.6579,15.5857,0.0011,-1.0000
16.6668,0.0000,150.2864,1.5531,0.4183,17.1059,16.6555,14.0244,0.0012,-1.0000
16.6653,0.0000,150.3031,2.1899,0.3344,16.2300,16.6537,15.4701,0.0015,-1.0000
16.7549,0.0000,150.3205,1.2170,0.3431,16.6666,16.7541,15.6100,0.0017,-1.0000
16.6669,0.0000,150.3365,1.0709,0.4534,16.6665,16.6501,14.7075,0.0011,-1.0000
16.6662,0.0000,150.3531,2.6298,0.3625,16.6646,16.6610,15.4156,0.0013,-1.0000
16.6655,0.0000,150.3698,1.1821,0.3061,16.6624,16.6534,15.5396,0.0011,-1.0000
16.7457,0.0000,150.3871,1.1425,0.3719,16.7646,17.2599,15.4745,0.0009,-1.0000
16.6646,0.0000,150.4032,1.9412,0.3175,16.6603,16.1285,14.7725,0.0016,-1.0000
16.6664,0.0000,150.4199,1.2442,0.3217,16.6716,16.6574,15.4044,0.0013,-1.0000
16.6684,0.0000,150.4366,1.1126,0.2938,16.6633,16.6639,15.3867,0.0012,-1.0000
16.6667,0.0000,150.4531,1.7843,0.3167,17.2702,16.6616,15.2684,0.0009,-1.0000
16.6668,0.0000,150.4699,1.3543,0.3091,16.1364,16.6509,15.5357,0.0011,-1.0000
16.6675,0.0000,150.4874,1.2516,0.3054,16.6653,16.6612,15.3538,0.0011,-1.0000
16.6660,0.0000,150.5032,1.2757,0.3340,16.6741,16.6519,14.2966,0.0016,-1.0000
16.6672,0.0000,150.5199,1.3921,0.3573,16.6712,16.6588,15.4288,0.0013,-1.0000
16.6673,0.0000,150.5367,1.1141,0.3306,16.6601,16.6573,15.4188,0.0010,-1.0000
16.6658,0.0000,150.5531,1.3060,0.5545,16.6723,16.6514,15.1415,0.0015,-1.0000
16.6669,0.0000,150.5699,2.3545,0.2889,16.6615,16.6597,15.5575,0.0012,-1.0000
16.6672,0.0000,150.5871,1.2288,0.3870,16.6693,16.6572,15.3045,0.0010,-1.0000
16.6665,0.0000,150.6032,1.2374,0.4603,16.6678,16.6531,13.6524,0.0015,-1.0000
16.6641,0.0000,150.6198,1.5084,0.2852,16.6625,16.6500,15.4781,0.0012,-1.0000
16.6674,0.0000,150.6365,1.1005,0.3497,16.6698,16.6645,15.5592,0.0012,-1.0000
16.6691,0.0000,150.6532,1.3514,0.4806,16.6687,16.6619,15.2788,0.0013,-1.0000
16.6644,0.0000,150.6699,2.9995,0.3103,16.6621,16.6514,14.9399,0.0012,-1.0000
16.6659,0.0000,150.6865,1.1707,0.3320,16.6583,16.6560,15.5524,0.0011,-1.0000
16.6687,0.0000,150.7032,1.1039,0.3023,16.6718,16.6674,15.5562,0.0010,-1.0000
16.6672,0.0000,150.7199,1.3815,0.9106,16.6718,16.6579,15.3798,0.0013,-1.0000
16.6650,0.0000,150.7366,1.7109,0.2720,16.6599,16.6534,15.3887,0.0011,-1.0000
16.6685,0.0000,150.7531,1.1026,0.2837,16.6631,16.6621,15.4330,0.0014,-1.0000
16.6667,0.0000,150.7702,1.1101,0.3116,16.6754,16.6562,15.3020,0.0014,-1.0000
16.6638,0.0000,150.7865,1.2768,0.3265,16.6673,16.6467,14.7834,0.0013,-1.0000
16.6706,0.0000,150.8032,1.2637,0.2679,16.6619,16.6744,15.5989,0.0009,-1.0000
16.6660,0.0000,150.8199,1.2276,0.3521,16.6716,16.6545,15.3558,0.0011,-1.0000
16.6662,0.0000,150.8365,1.3528,0.4032,16.6656,16.6596,15.4272,0.0012,-1.0000
16.6682,0.0000,150.8532,1.8620,0.3144,16.6540,16.6605,15.5962,0.0010,-1.0000
16.6679,0.0000,150.8699,1.0745,0.4132,16.6815,16.6604,15.2377,0.0012,-1.0000
16.6632,0.0000,150.8865,1.2973,0.3392,16.6627,16.6459,15.4197,0.0010,-1.0000
16.6708,0.0000,150.9033,1.2308,0.3673,16.6678,16.6679,15.5347,0.0011,-1.0000
16.8319,0.0000,150.9202,1.0630,0.3444,16.6700,16.8216,15.1436,0.0013,-1.0000
16.4999,0.0000,150.9366,1.4215,0.3401,16.6714,16.4889,15.0344,0.0012,-1.0000
16.6669,0.0000,150.9532,1.2253,0.3130,16.6548,16.6619,15.3443,0.0013,-1.0000
16.7247,0.0000,150.9701,1.1317,0.3482,16.6777,16.8570,15.2574,0.0010,-1.0000
16.6632,0.0000,150.9866,1.6769,0.3594,16.8339,16.4999,15.2074,0.0011,-1.0000
16.6660,0.0000,151.0033,1.4532,0.3388,16.4964,16.6564,15.4542,0.0014,-1.0000
16.6694,0.0000,151.0201,1.3159,0.3552,16.6722,16.7945,15.4862,0.0015,-1.0000
16.6661,0.0000,151.0366,1.5979,0.2983,16.8690,16.5229,14.7380,0.0012,-1.0000
16.6655,0.0000,151.0532,1.2910,0.3091,16.5101,16.6582,15.4613,0.0015,-1.0000
16.6679,0.0000,151.0701,1.2008,0.2774,16.6662,16.6631,15.5650,0.0013,-1.0000
16.6665,0.0000,151.0866,1.3070,0.4082,16.8043,16.6499,14.4811,0.0012,-1.0000
16.6664,0.0000,151.1033,1.7834,0.2845,16.5337,16.6549,15.4821,0.0012,-1.0000
16.6660,0.0000,151.1199,1.1952,0.3121,16.6667,16.6564,15.4968,0.0012,-1.0000
16.6671,0.0000,151.1366,1.0964,0.5095,16.6739,16.6567,15.3820,0.0012,-1.0000
16.6665,0.0000,151.1532,2.1679,0.2809,16.6612,16.6591,15.5036,0.0016,-1.0000
16.6670,0.0000,151.1699,1.1714,0.3039,16.6644,16.6606,15.4506,0.0014,-1.0000
16.6666,0.0000,151.1866,1.1582,0.3475,16.6656,16.6563,15.3958,0.0012,-1.0000
16.6669,0.0000,151.2033,1.2733,0.2843,16.6656,16.6593,15.5185,0.0012,-1.0000
16.6663,0.0000,151.2200,1.1537,0.2970,16.6671,16.6572,15.4899,0.0012,-1.0000
16.6667,0.0000,151.2366,1.2085,0.3346,16.6686,16.6546,15.2896,0.0010,-1.0000
16.6649,0.0000,151.2531,1.2596,0.2572,16.6659,16.6538,15.4451,0.0009,-1.0000
16.6692,0.0000,151.2699,1.1395,0.2995,16.6670,16.6683,15.6697,0.0008,-1.0000
16.6664,0.0000,151.2866,1.1661,1.6823,16.6671,16.6539,14.9650,0.0011,-1.0000
16.6657,0.0000,151.3033,1.3639,0.2532,16.6639,16.6540,15.5501,0.0012,-1.0000
16.6692,0.0000,151.3211,1.2076,0.2618,16.6611,16.6729,15.5849,0.0012,-1.0000
16.6661,0.0000,151.3366,0.9978,1.4483,16.6762,16.6495,13.9918,0.0019,-1.0000
16.6642,0.0000,151.3531,1.6878,0.2946,16.6626,16.6517,15.5244,0.0011,-1.0000
16.6701,0.0000,151.3701,1.1027,0.2603,16.6610,16.6740,15.6108,0.0008,-1.0000
16.6657,0.0000,151.3866,1.0867,0.3037,16.6823,16.6506,15.1724,0.0010,-1.0000
16.6653,0.0000,151.4032,2.6561,0.2743,16.6587,16.6502,15.5140,0.0013,-1.0000
16.6689,0.0000,151.4199,1.1263,0.3099,16.6586,16.6657,15.5230,0.0011,-1.0000
16.6662,0.0000,151.4366,1.0622,0.6562,16.6832,16.6583,15.3609,0.0012,-1.0000
16.6659,0.0000,151.4532,1.4772,0.2819,16.6604,16.6562,15.5108,0.0013,-1.0000
16.6676,0.0000,151.4699,1.1351,0.2949,16.6579,16.6648,15.5605,0.0010,-1.0000
16.6683,0.0000,151.4867,1.1417,0.3234,16.6736,16.6549,15.5069,0.0011,-1.0000
16.6649,0.0000,151.5033,1.2965,0.2858,16.6671,16.6511,15.3003,0.0010,-1.0000
16.6680,0.0000,151.5199,1.1442,0.2858,16.6650,16.6610,15.4305,0.0014,-1.0000
16.6661,0.0000,151.5366,1.1032,0.2770,16.6758,16.6559,15.4680,0.0011,-1.0000
16.6657,0.0000,151.5531,1.1470,0.2876,16.6664,16.6579,15.5106,0.0014,-1.0000
16.6678,0.0000,151.5700,1.3497,0.2891,16.6593,16.6608,15.5496,0.0011,-1.0000
16.6666,0.0000,151.5866,1.2291,0.3025,16.6693,16.6561,15.3910,0.0013,-1.0000
16.6672,0.0000,151.6033,1.1862,0.2930,16.6645,16.6636,15.5442,0.0013,-1.0000
16.6678,0.0000,151.6200,1.1460,0.3178,16.6656,16.6533,15.1683,0.0013,-1.0000
16.6651,0.0000,151.6366,1.1100,0.3462,16.6707,16.6517,15.3499,0.0009,-1.0000
16.6646,0.0000,151.6532,1.2638,0.2840,16.6646,16.6511,15.5333,0.0012,-1.0000
16.6693,0.0000,151.6699,1.1180,0.3247,16.6756,16.6657,15.5522,0.0011,-1.0000
16.6665,0.0000,151.6866,1.4833,0.3214,16.6638,16.6556,15.4659,0.0010,-1.0000
16.6666,0.0000,151.7033,1.3009,0.2739,16.6611,16.6581,15.4240,0.0014,-1.0000
16.6673,0.0000,151.7199,1.1165,0.2786,16.6595,16.6608,15.5318,0.0014,-1.0000
16.6663,0.0000,151.7366,1.1124,0.2646,16.6744,16.6581,15.3646,0.0011,-1.0000
16.6662,0.0000,151.7531,1.1887,0.3162,16.6645,16.6540,15.3762,0.0010,-1.0000
16.6688,0.0000,151.7702,1.2329,0.2880,16.6665,16.6678,15.6655,0.0009,-1.0000
16.6646,0.0000,151.7866,1.1274,0.4230,16.6695,16.6421,14.3672,0.0011,-1.0000
16.6678,0.0000,151.8033,1.2922,0.3698,16.6686,16.6641,15.4482,0.0013,-1.0000
16.6677,0.0000,151.8210,1.2766,0.2716,16.6621,16.6608,15.3112,0.0012,-1.0000
16.6654,0.0000,151.8366,1.0015,0.2997,16.6800,16.6503,14.1769,0.0014,-1.0000
16.6649,0.0000,151.8531,2.2736,0.3089,16.6511,16.6506,15.4858,0.0014,-1.0000
16.6687,0.0000,151.8708,1.2147,0.2957,16.6729,16.6688,15.6674,0.0008,-1.0000
16.6667,0.0000,151.8866,1.3482,0.3084,16.6721,16.6553,14.3825,0.0016,-1.0000
16.6669,0.0000,151.9033,2.4720,0.2871,16.6605,16.6598,15.5065,0.0011,-1.0000
16.6659,0.0000,151.9200,1.1633,0.2967,16.6577,16.6561,15.4692,0.0013,-1.0000
16.6670,0.0000,151.9366,1.0005,0.3800,16.6766,16.6564,15.3661,0.0011,-1.0000
16.6663,0.0000,151.9531,2.2714,0.2880,16.6642,16.6586,15.5696,0.0009,-1.0000
16.6681,0.0000,151.9699,1.1520,0.3245,16.6680,16.6627,15.5999,0.0010,-1.0000
16.6662,0.0000,151.9866,1.1855,0.3408,16.6654,16.6580,15.4413,0.0012,-1.0000
16.6663,0.0000,152.0032,1.2891,0.2867,16.6649,16.6555,15.4345,0.0012,-1.0000
16.6686,0.0000,152.0200,1.0880,0.3199,16.6662,16.6688,15.4383,0.0011,-1.0000
16.6657,0.0000,152.0366,1.0617,0.2912,16.6700,16.6519,15.2427,0.0014,-1.0000
16.6650,0.0000,152.0531,1.2157,0.2915,16.6656,16.6520,15.5018,0.0008,-1.0000
16.6688,0.0000,152.0699,1.2197,0.3705,16.6626,16.6704,15.6868,0.0010,-1.0000
16.6675,0.0000,152.0866,1.2294,0.3221,16.6780,16.6538,15.3703,0.0010,-1.0000
16.6658,0.0000,152.1032,1.4076,0.2729,16.6608,16.6556,15.4881,0.0013,-1.0000
16.6665,0.0000,152.1199,1.1496,0.2990,16.6589,16.6610,15.5005,0.0011,-1.0000
16.7870,0.0000,152.1368,0.9824,0.3536,16.6801,16.7803,15.6013,0.0013,-1.0000
16.6641,0.0000,152.1533,1.2823,0.2747,16.6643,16.6443,15.1695,0.0015,-1.0000
16.6665,0.0000,152.1700,1.1664,0.3203,16.6644,16.6580,15.5912,0.0010,-1.0000
16.6717,0.0000,152.1868,1.1593,0.3078,16.6690,16.6721,15.6207,0.0012,-1.0000
16.6640,0.0000,152.2034,1.1778,0.3821,16.7914,16.6495,15.3405,0.0013,-1.0000
16.6673,0.0000,152.2200,1.4733,0.2765,16.6528,16.6583,15.5311,0.0010,-1.0000
16.6674,0.0000,152.2368,1.0659,0.2628,16.6647,16.6609,15.5072,0.0011,-1.0000
16.6659,0.0000,152.2533,1.0497,0.2995,16.6824,16.6519,15.1811,0.0012,-1.0000
16.6651,0.0000,152.2700,1.3076,0.3322,16.6604,16.6536,15.7194,0.0009,-1.0000
16.6690,0.0000,152.2868,1.1256,0.2884,16.6665,16.6667,15.5523,0.0011,-1.0000
16.6668,0.0000,152.3034,1.1525,0.3870,16.6704,16.6564,15.2517,0.0013,-1.0000
16.6665,0.0000,152.3201,1.4693,0.2925,16.6609,16.6590,15.4600,0.0014,-1.0000
16.6677,0.0000,152.3368,0.9336,0.2805,16.6612,16.6568,15.4090,0.0011,-1.0000
16.6658,0.0000,152.3533,1.1130,0.5502,16.6756,16.6558,14.5742,0.0013,-1.0000
16.6649,0.0000,152.3700,1.4033,0.2935,16.6655,16.6544,15.6228,0.0010,-1.0000
17.5257,0.0000,152.3876,1.1976,0.2991,16.6689,17.5222,15.4939,0.0010,-1.0000
15.8059,0.0000,152.4033,1.2460,0.8293,16.6660,15.7911,14.6080,0.0010,-1.0000
16.6707,0.0000,152.4201,2.0803,0.2887,16.6641,16.6727,15.6452,0.0012,-1.0000
17.6320,0.0000,152.4378,1.0307,0.3231,16.6623,17.6227,15.3717,0.0011,-1.0000
15.6986,0.0000,152.4532,2.0273,0.2868,17.5298,15.6792,14.4442,0.0009,-1.0000
16.6695,0.0000,152.4701,1.1824,0.3603,15.7982,16.6709,15.5892,0.0010,-1.0000
16.8521,0.0000,152.4870,1.0264,0.3469,16.6817,16.8456,15.6353,0.0014,-1.0000
16.6637,0.0000,152.5036,2.2500,0.4339,17.6343,16.6407,15.1822,0.0010,-1.0000
16.6684,0.0000,152.5202,1.2340,0.3507,15.6864,16.6641,15.5478,0.0013,-1.0000
18.6927,0.0000,152.5389,1.0809,0.2956,16.6798,18.6876,15.5565,0.0011,-1.0000
14.7289,0.0000,152.5535,1.2088,0.3519,16.8579,14.7079,13.5879,0.0009,-1.0000
16.6693,0.0000,152.5704,1.4573,0.2909,16.6499,16.6715,15.8249,0.0007,-1.0000
17.4424,0.0000,152.5878,1.1149,0.3483,16.6720,17.4378,15.3802,0.0013,-1.0000
15.8880,0.0000,152.6036,3.1300,0.3181,18.6982,15.8658,14.4402,0.0010,-1.0000
16.6693,0.0000,152.6204,1.1192,0.3080,14.7139,16.6705,15.6754,0.0009,-1.0000
16.6672,0.0000,152.6370,0.8458,1.0249,16.6787,16.6580,15.2490,0.0012,-1.0000
16.6646,0.0000,152.6535,2.0568,0.2817,17.4495,16.6492,15.5068,0.0008,-1.0000
16.6698,0.0000,152.6703,1.4249,0.3103,15.8730,16.6717,15.6645,0.0009,-1.0000
16.6668,0.0000,152.6871,0.9940,0.3264,16.6782,16.6609,15.4543,0.0012,-1.0000
16.6651,0.0000,152.7036,1.4078,0.2870,16.6672,16.6467,15.2951,0.0013,-1.0000
16.6684,0.0000,152.7208,1.1419,0.3826,16.6559,16.6640,15.5047,0.0011,-1.0000
17.1954,0.0000,152.7376,1.0063,0.2872,16.6790,17.1881,14.8759,0.0013,-1.0000
16.1719,0.0000,152.7538,1.2053,0.3315,16.6712,16.1555,14.7481,0.0008,-1.0000
16.6686,0.0000,152.7703,1.3499,0.2817,16.6562,16.6640,14.7662,0.0011,-1.0000
16.8029,0.0000,152.7872,1.1581,0.3683,16.6731,16.8000,15.6732,0.0012,-1.0000
16.6634,0.0000,152.8038,2.3105,0.2994,17.1988,16.6448,15.3850,0.0011,-1.0000
16.6681,0.0000,152.8205,1.4066,0.2928,16.1631,16.6669,15.6004,0.0014,-1.0000
17.9368,0.0000,152.8386,1.8965,0.2784,16.6717,17.9421,15.2318,0.0014,-1.0000
15.3966,0.0000,152.8537,1.1257,0.3465,16.8101,15.3693,14.0436,0.0011,-1.0000
16.6664,0.0000,152.8705,1.2586,0.3096,16.6537,16.6582,15.5294,0.0010,-1.0000
16.6669,0.0000,152.8871,1.0650,0.3403,16.6754,16.6556,15.4432,0.0013,-1.0000
16.6664,0.0000,152.9038,2.7090,0.2887,17.9533,16.6584,15.5518,0.0011,-1.0000
16.6658,0.0000,152.9204,1.3245,0.3045,15.3773,16.6536,15.5170,0.0014,-1.0000
16.6954,0.0000,152.9377,1.1275,0.3281,16.6672,16.6947,15.6136,0.0012,-1.0000
16.6649,0.0000,152.9537,1.2111,0.2987,16.6646,16.6492,14.8468,0.0014,-1.0000
16.6649,0.0000,152.9704,1.1055,0.2772,16.6671,16.6518,15.4775,0.0010,-1.0000
17.3607,0.0000,152.9879,1.1352,0.2616,16.6616,17.3619,15.9910,0.0011,-1.0000
16.5240,0.0000,153.0044,1.0797,0.3097,16.7056,16.5012,15.2008,0.0011,-1.0000
16.6689,0.0000,153.0211,1.8011,0.2961,16.6595,16.6674,15.6295,0.0009,-1.0000
17.3226,0.0000,153.0385,1.1736,0.3189,16.6597,17.3203,15.2036,0.0013,-1.0000
16.0090,0.0000,153.0543,1.3695,0.3588,17.3727,15.9891,14.7048,0.0010,-1.0000
16.6702,0.0000,153.0711,1.2995,0.2992,16.5085,16.6702,15.5967,0.0007,-1.0000
16.6658,0.0000,153.0878,1.0370,0.3233,16.6745,16.6582,15.1931,0.0011,-1.0000
16.6653,0.0000,153.1044,2.1155,0.2850,17.3311,16.6530,15.3923,0.0009,-1.0000
16.6682,0.0000,153.1211,1.2833,0.3169,15.9959,16.6633,15.4989,0.0012,-1.0000
16.6663,0.0000,153.1377,1.0726,0.3028,16.6782,16.6568,15.3203,0.0012,-1.0000
16.6671,0.0000,153.1544,1.4639,0.2746,16.6675,16.6588,15.4756,0.0011,-1.0000
16.6673,0.0000,153.1711,1.2596,0.2866,16.6600,16.6584,15.4565,0.0013,-1.0000
16.6659,0.0000,153.1877,1.1628,0.4118,16.6724,16.6570,14.8824,0.0011,-1.0000
16.6660,0.0000,153.2044,1.3351,0.2966,16.6649,16.6538,15.4997,0.0009,-1.0000
16.6658,0.0000,153.2211,1.1820,0.3378,16.6679,16.6593,15.5680,0.0012,-1.0000
16.6690,0.0000,153.2377,1.2003,0.3102,16.6667,16.6636,15.3209,0.0008,-1.0000
16.6656,0.0000,153.2543,1.7732,0.2832,16.6654,16.6542,15.5032,0.0012,-1.0000
16.6684,0.0000,153.2711,1.1530,0.2661,16.6616,16.6682,15.7143,0.0009,-1.0000
16.6663,0.0000,153.2878,1.0901,0.3100,16.6667,16.6554,15.2033,0.0012,-1.0000
16.6639,0.0000,153.3043,1.3411,0.3168,16.6708,16.6483,15.4763,0.0009,-1.0000
16.6706,0.0000,153.3212,1.1502,0.2783,16.6610,16.6773,15.7010,0.0009,-1.0000
16.6650,0.0000,153.3378,0.9528,0.3757,16.6760,16.6482,15.2254,0.0011,-1.0000
16.6652,0.0000,153.3543,1.4511,0.3016,16.6644,16.6528,15.5261,0.0008,-1.0000
16.6693,0.0000,153.3711,1.1711,0.2625,16.6547,16.6690,15.5825,0.0010,-1.0000
16.6658,0.0000,153.3877,0.9754,0.3870,16.6875,16.6525,15.3688,0.0016,-1.0000
16.6646,0.0000,153.4044,1.4216,0.2583,16.6571,16.6535,15.5213,0.0009,-1.0000
16.6703,0.0000,153.4211,1.1260,0.3099,16.6602,16.6706,15.5750,0.0011,-1.0000
16.6657,0.0000,153.4377,1.0854,0.3305,16.6773,16.6538,15.4600,0.0011,-1.0000
16.6653,0.0000,153.4543,1.2820,0.3123,16.6613,16.6551,15.5343,0.0012,-1.0000
16.6684,0.0000,153.4711,1.1312,0.2778,16.6598,16.6663,15.6604,0.0007,-1.0000
16.6677,0.0000,153.4878,1.0945,0.3284,16.6794,16.6602,15.4014,0.0011,-1.0000
16.6638,0.0000,153.5044,1.1927,0.2801,16.6621,16.6476,15.4359,0.0012,-1.0000
16.6684,0.0000,153.5212,1.1198,0.3155,16.6630,16.6675,15.6511,0.0010,-1.0000
16.6672,0.0000,153.5377,1.0052,0.3526,16.6743,16.6521,15.2200,0.0012,-1.0000
16.6663,0.0000,153.5543,1.2576,0.3026,16.6699,16.6577,15.4189,0.0010,-1.0000
16.6681,0.0000,153.5711,1.2105,0.2586,16.6564,16.6657,15.6868,0.0010,-1.0000
16.6662,0.0000,153.5878,1.0153,0.3271,16.6773,16.6543,15.3975,0.0012,-1.0000
16.6664,0.0000,153.6044,1.4307,0.2746,16.6597,16.6594,15.3884,0.0009,-1.0000
16.6667,0.0000,153.6211,1.2379,0.3130,16.6651,16.6579,15.4532,0.0011,-1.0000
16.6667,0.0000,153.6377,0.9778,0.2986,16.6747,16.6566,15.3685,0.0012,-1.0000
16.6675,0.0000,153.6543,1.2556,0.3117,16.6629,16.6634,15.5717,0.0010,-1.0000
16.6677,0.0000,153.6711,1.2699,0.3204,16.6676,16.6579,15.4720,0.0010,-1.0000
16.6653,0.0000,153.6877,1.2033,0.2843,16.6664,16.6546,15.3536,0.0011,-1.0000
16.6655,0.0000,153.7044,1.2867,0.3423,16.6638,16.6534,15.5191,0.0010,-1.0000
16.6671,0.0000,153.7211,1.0906,0.3352,16.6715,16.6621,15.5848,0.0010,-1.0000
16.6669,0.0000,153.7377,1.1847,0.3321,16.6666,16.6602,15.5436,0.0009,-1.0000
16.6652,0.0000,153.7543,1.2999,0.3105,16.6649,16.6542,15.5091,0.0008,-1.0000
16.6702,0.0000,153.7715,1.1334,0.2664,16.6607,16.6752,15.7027,0.0010,-1.0000
16.6649,0.0000,153.7877,1.0761,0.2952,16.6694,16.6463,14.5344,0.0015,-1.0000
16.6658,0.0000,153.8044,1.1158,0.2772,16.6671,16.6558,15.4565,0.0010,-1.0000
16.6815,0.0000,153.8221,1.1438,0.2926,16.6603,16.6814,15.5289,0.0009,-1.0000
16.6657,0.0000,153.8378,0.9716,0.6217,16.6849,16.6498,14.3316,0.0015,-1.0000
16.6649,0.0000,153.8543,2.1105,0.2841,16.6555,16.6540,15.5395,0.0010,-1.0000
16.6696,0.0000,153.8711,1.1981,0.2826,16.6633,16.6692,15.5750,0.0009,-1.0000
16.6656,0.0000,153.8877,1.1515,0.2859,16.6916,16.6496,15.2106,0.0011,-1.0000
16.6659,0.0000,153.9044,2.3168,0.3039,16.6588,16.6544,15.5608,0.0011,-1.0000
16.6699,0.0000,153.9217,1.1134,0.3028,16.6622,16.6691,15.5050,0.0008,-1.0000
16.6649,0.0000,153.9378,1.0933,0.4514,16.6787,16.6594,14.5528,0.0015,-1.0000
16.6654,0.0000,153.9543,1.4376,0.2945,16.6593,16.6448,15.2914,0.0012,-1.0000
16.6694,0.0000,153.9711,1.0926,0.2815,16.6628,16.6897,15.6123,0.0008,-1.0000
16.6655,0.0000,153.9878,1.1627,0.4249,16.6795,16.6263,15.4277,0.0012,-1.0000
16.6674,0.0000,154.0044,2.1053,0.3702,16.6687,16.6576,15.5024,0.0012,-1.0000
16.6677,0.0000,154.0211,1.3523,0.2691,16.6530,16.6636,15.4992,0.0011,-1.0000
16.6654,0.0000,154.0378,1.0768,0.3160,16.7007,16.6486,15.1643,0.0010,-1.0000
16.6668,0.0000,154.0543,1.1976,0.2809,16.6367,16.6614,15.5485,0.0014,-1.0000
16.6667,0.0000,154.0711,1.1541,0.2834,16.6658,16.6592,15.6284,0.0010,-1.0000
16.6666,0.0000,154.0878,1.1630,0.3209,16.6742,16.6565,14.8106,0.0011,-1.0000
16.6659,0.0000,154.1044,1.4832,0.2768,16.6581,16.6555,15.4739,0.0009,-1.0000
16.6687,0.0000,154.1211,1.1116,0.2817,16.6693,16.6667,15.5528,0.0016,-1.0000
16.6658,0.0000,154.1378,1.0297,1.1859,16.6677,16.6512,15.4621,0.0015,-1.0000
16.6648,0.0000,154.1543,1.8446,0.3245,16.6655,16.6514,15.5564,0.0009,-1.0000
16.6699,0.0000,154.1712,1.1804,0.2722,16.6637,16.6709,15.6477,0.0011,-1.0000
16.6659,0.0000,154.1878,1.1122,0.3190,16.6757,16.6534,15.3066,0.0016,-1.0000
16.6654,0.0000,154.2044,1.1877,0.2789,16.6605,16.6551,15.5096,0.0011,-1.0000
16.6694,0.0000,154.2212,1.0942,0.2474,16.6581,16.6692,15.5657,0.0012,-1.0000
16.6661,0.0000,154.2378,1.0219,0.3228,16.6800,16.6542,13.9680,0.0013,-1.0000
16.6643,0.0000,154.2543,1.3450,0.2781,16.6623,16.6493,15.4962,0.0011,-1.0000
16.6706,0.0000,154.2712,1.1444,0.2730,16.6626,16.6751,15.6977,0.0011,-1.0000
16.6647,0.0000,154.2878,1.1022,1.4277,16.6768,16.6482,15.1194,0.0011,-1.0000
16.6666,0.0000,154.3044,2.6851,0.2570,16.6636,16.6561,15.5225,0.0011,-1.0000
16.6675,0.0000,154.3212,1.1520,0.2952,16.6561,16.6620,15.4287,0.0013,-1.0000
16.6657,0.0000,154.3378,0.9762,0.3712,16.6852,16.6536,15.2844,0.0014,-1.0000
16.6657,0.0000,154.3543,1.5275,0.2674,16.6579,16.6543,15.5193,0.0011,-1.0000
16.6695,0.0000,154.3711,1.1325,0.2888,16.6638,16.6632,15.5499,0.0008,-1.0000
16.6654,0.0000,154.3878,1.2317,0.2953,16.6727,16.6553,15.5369,0.0014,-1.0000
16.6665,0.0000,154.4044,1.3677,0.2734,16.6633,16.6568,15.5401,0.0013,-1.0000
16.6680,0.0000,154.4211,1.1338,0.2665,16.6633,16.6591,15.4301,0.0012,-1.0000
16.6658,0.0000,154.4378,1.1121,0.2897,16.6724,16.6558,15.3995,0.0012,-1.0000
16.6672,0.0000,154.4543,1.1167,0.2755,16.6644,16.6650,15.5358,0.0014,-1.0000
16.6672,0.0000,154.4714,1.1152,0.3033,16.6657,16.6562,15.6440,0.0014,-1.0000
16.6649,0.0000,154.4877,1.2276,0.3166,16.6684,16.6500,14.7228,0.0017,-1.0000
16.6688,0.0000,154.5044,1.2550,0.2683,16.6643,16.6638,15.5013,0.0011,-1.0000
18.1967,0.0000,154.5227,1.1276,0.2825,16.6727,18.1962,15.4259,0.0011,-1.0000
15.1322,0.0000,154.5377,1.0106,0.3452,16.6672,15.1036,13.9673,0.0013,-1.0000
16.6697,0.0000,154.5543,1.9254,0.2769,16.6585,16.6739,15.7471,0.0009,-1.0000
17.5911,0.0000,154.5722,1.1614,0.2777,16.6718,17.5876,15.5117,0.0012,-1.0000
15.7400,0.0000,154.5877,2.7689,0.2819,18.2075,15.7167,13.9685,0.0008,-1.0000
16.6705,0.0000,154.6044,1.1352,0.2442,15.1104,16.6749,15.7159,0.0008,-1.0000
16.8230,0.0000,154.6221,0.9257,0.2879,16.6806,16.8134,15.6659,0.0011,-1.0000
16.6642,0.0000,154.6379,2.0749,0.2435,17.5974,16.6486,14.3909,0.0013,-1.0000
16.6683,0.0000,154.6545,1.7475,0.2215,15.7229,16.6648,15.5940,0.0012,-1.0000
17.7670,0.0000,154.6724,0.9581,0.2948,16.6829,17.7632,15.4752,0.0010,-1.0000
15.5640,0.0000,154.6879,1.1459,0.3592,16.8240,15.5434,14.4129,0.0007,-1.0000
16.6690,0.0000,154.7047,2.2568,0.2496,16.6570,16.6646,15.5316,0.0007,-1.0000
16.6672,0.0000,154.7213,1.0692,0.3328,16.6725,16.6620,15.3174,0.0014,-1.0000
16.6654,0.0000,154.7379,2.2871,0.3057,17.7753,16.6500,15.4720,0.0010,-1.0000
16.6657,0.0000,154.7544,1.1298,0.2866,15.5512,16.6572,15.5251,0.0010,-1.0000
16.6688,0.0000,154.7712,1.1320,0.2789,16.6720,16.6627,15.5872,0.0008,-1.0000
16.6658,0.0000,154.7879,1.3432,0.2724,16.6725,16.6572,15.5991,0.0008,-1.0000
16.6679,0.0000,154.8046,1.1768,0.3109,16.6585,16.6639,15.6216,0.0009,-1.0000
16.6659,0.0000,154.8212,1.1311,0.4006,16.6650,16.6550,15.3850,0.0012,-1.0000
16.6658,0.0000,154.8379,1.0746,0.2869,16.6713,16.6556,15.5409,0.0009,-1.0000
16.6688,0.0000,154.8545,1.0574,0.2684,16.6635,16.6673,15.5409,0.0011,-1.0000
16.6667,0.0000,154.8713,1.0414,0.3341,16.6718,16.6617,15.4856,0.0011,-1.0000
16.6629,0.0000,154.8878,1.2690,0.2627,16.6642,16.6386,15.2772,0.0009,-1.0000
16.6716,0.0000,154.9046,1.1137,0.2937,16.6637,16.6771,15.6412,0.0011,-1.0000
18.0772,0.0000,154.9227,1.1251,0.2820,16.6751,18.0667,15.2533,0.0012,-1.0000
15.2520,0.0000,154.9378,1.1750,0.3336,16.6729,15.2288,13.9615,0.0008,-1.0000
16.6698,0.0000,154.9545,1.3605,0.2502,16.6467,16.6722,15.7980,0.0009,-1.0000
16.6674,0.0000,154.9712,1.0346,0.3225,16.6836,16.6588,15.6439,0.0010,-1.0000
16.6667,0.0000,154.9879,2.8122,0.2792,18.0791,16.6572,15.5302,0.0010,-1.0000
16.6656,0.0000,155.0045,1.2667,0.2396,15.2354,16.6562,15.5246,0.0014,-1.0000
17.7880,0.0000,155.0224,0.8730,0.3117,16.6791,17.7858,15.4693,0.0011,-1.0000
15.5431,0.0000,155.0378,1.0138,0.3615,16.6680,15.5218,14.2457,0.0009,-1.0000
16.6698,0.0000,155.0545,1.1258,0.2642,16.6660,16.6702,15.7770,0.0010,-1.0000
17.8117,0.0000,155.0725,1.1301,0.3027,16.6646,17.8093,15.5436,0.0012,-1.0000
15.5201,0.0000,155.0879,2.3153,0.2976,17.7963,15.5018,14.2499,0.0007,-1.0000
16.6677,0.0000,155.1045,1.2754,0.2369,15.5285,16.6643,15.6125,0.0011,-1.0000
17.0672,0.0000,155.1224,0.8923,0.2752,16.6768,17.0605,15.5167,0.0011,-1.0000
16.2668,0.0000,155.1379,2.2650,0.3114,17.8201,16.2522,14.3616,0.0013,-1.0000
16.6671,0.0000,155.1545,1.2509,0.3067,15.5087,16.6610,15.5659,0.0010,-1.0000
18.0114,0.0000,155.1726,1.0505,0.3418,16.6723,18.0052,15.4876,0.0011,-1.0000
15.4365,0.0000,155.1880,1.5428,0.3187,17.0713,15.4148,14.2815,0.0009,-1.0000
16.6693,0.0000,155.2047,1.8894,0.2888,16.2602,16.6745,15.6000,0.0009,-1.0000
16.6665,0.0000,155.2213,1.0942,0.3210,16.6709,16.6518,15.4748,0.0009,-1.0000
16.6660,0.0000,155.2380,2.5166,0.2438,18.0160,16.6567,15.6466,0.0007,-1.0000
16.6683,0.0000,155.2546,1.1325,0.3057,15.4219,16.6639,15.4991,0.0011,-1.0000
16.6660,0.0000,155.2714,1.0735,0.2620,16.6835,16.6563,15.4501,0.0010,-1.0000
16.6643,0.0000,155.2879,1.1763,0.2487,16.6603,16.6460,15.4851,0.0010,-1.0000
16.6691,0.0000,155.3047,1.0092,0.2708,16.6641,16.6710,15.7073,0.0011,-1.0000
16.6666,0.0000,155.3213,1.1638,0.3165,16.6722,16.6549,15.4914,0.0012,-1.0000
16.6648,0.0000,155.3380,1.2053,0.2813,16.6666,16.6511,15.5309,0.0008,-1.0000
16.6691,0.0000,155.3546,1.1598,0.2725,16.6531,16.6705,15.7116,0.0011,-1.0000
18.1439,0.0000,155.3729,0.9626,0.4922,16.6793,18.1399,15.4585,0.0013,-1.0000
15.1868,0.0000,155.3879,1.1623,0.2579,16.6636,15.1633,13.9758,0.0011,-1.0000
16.6692,0.0000,155.4047,1.1196,0.2710,16.6576,16.6711,15.8137,0.0007,-1.0000
16.6682,0.0000,155.4214,0.9575,0.3247,16.6778,16.6621,15.4816,0.0013,-1.0000
16.6664,0.0000,155.4380,2.6801,0.2573,18.1499,16.6581,15.4725,0.0010,-1.0000
16.6670,0.0000,155.4546,1.1864,0.2446,15.1697,16.6588,15.3746,0.0012,-1.0000
16.6675,0.0000,155.4715,0.8564,0.2662,16.6776,16.6606,15.5872,0.0011,-1.0000
16.6646,0.0000,155.4881,1.1792,0.2617,16.6704,16.6499,13.8630,0.0012,-1.0000
16.6659,0.0000,155.5047,1.1849,0.3606,16.6676,16.6571,15.5053,0.0012,-1.0000
16.7012,0.0000,155.5223,1.2830,0.3272,16.6677,16.7000,15.6458,0.0010,-1.0000
16.6644,0.0000,155.5380,1.0721,0.3384,16.6699,16.6499,14.4796,0.0015,-1.0000
16.6692,0.0000,155.5546,2.7858,0.2665,16.6587,16.6622,15.5397,0.0009,-1.0000
17.6313,0.0000,155.5725,1.1505,0.2898,16.6648,17.6264,15.6302,0.0010,-1.0000
15.6990,0.0000,155.5881,1.0531,0.2784,16.7099,15.6801,14.2884,0.0011,-1.0000
16.6682,0.0000,155.6047,2.1691,0.3018,16.6583,16.6624,15.4073,0.0011,-1.0000
18.8714,0.0000,155.6236,1.1215,0.2661,16.6699,18.8646,15.4291,0.0010,-1.0000
14.4596,0.0000,155.6380,1.9952,0.3000,17.6376,14.4424,13.2854,0.0009,-1.0000
16.6711,0.0000,155.6547,1.3905,0.3245,15.6883,16.6766,15.7161,0.0009,-1.0000
17.4693,0.0000,155.6723,1.2542,0.3535,16.6707,17.4582,15.2803,0.0013,-1.0000
15.8620,0.0000,155.6880,3.4346,0.2641,18.8737,15.8437,14.5865,0.0008,-1.0000
16.6689,0.0000,155.7048,1.1563,0.2506,14.4491,16.6703,15.5811,0.0010,-1.0000
16.6663,0.0000,155.7214,0.9593,0.4599,16.6859,16.6505,15.4413,0.0011,-1.0000
16.6632,0.0000,155.7380,2.1763,0.2684,17.4703,16.6464,15.5694,0.0010,-1.0000
16.6713,0.0000,155.7547,1.2563,0.2594,15.8506,16.6764,15.6975,0.0011,-1.0000
16.6665,0.0000,155.7714,1.0882,0.2648,16.6809,16.6604,15.5565,0.0010,-1.0000
16.6633,0.0000,155.7880,1.2082,0.2910,16.6603,16.6437,15.4279,0.0008,-1.0000
16.6704,0.0000,155.8048,1.0764,0.2516,16.6523,16.6747,15.5690,0.0011,-1.0000
16.6662,0.0000,155.8216,0.9775,0.2832,16.6840,16.6889,15.3997,0.0016,-1.0000
16.6631,0.0000,155.8380,1.1026,0.2790,16.6713,16.6035,14.9846,0.0015,-1.0000
16.6692,0.0000,155.8547,1.2150,0.2772,16.6503,16.6690,15.8052,0.0008,-1.0000
16.6685,0.0000,155.8715,1.1044,0.3013,16.6856,16.6614,15.4439,0.0013,-1.0000
16.6660,0.0000,155.8881,1.2881,0.3111,16.7007,16.6560,15.3641,0.0014,-1.0000
16.6663,0.0000,155.9048,1.6174,0.2299,16.6107,16.6582,15.4212,0.0012,-1.0000
16.6672,0.0000,155.9214,0.8628,0.3064,16.6773,16.6548,15.4103,0.0013,-1.0000
16.6662,0.0000,155.9381,1.2162,0.5408,16.6707,16.6567,15.4073,0.0013,-1.0000
16.6670,0.0000,155.9546,1.2905,0.2872,16.6661,16.6592,15.5644,0.0010,-1.0000
16.6669,0.0000,155.9714,1.2356,0.2934,16.6671,16.6594,15.5509,0.0009,-1.0000
16.6663,0.0000,155.9881,1.2430,0.3474,16.6639,16.6561,15.5335,0.0009,-1.0000
16.6679,0.0000,156.0048,1.2479,0.2988,16.6653,16.6616,15.5092,0.0013,-1.0000
16.6664,0.0000,156.0214,1.0936,0.2747,16.6673,16.6566,15.4582,0.0016,-1.0000
16.6663,0.0000,156.0381,1.1070,0.3411,16.6681,16.6573,15.2098,0.0012,-1.0000
16.6664,0.0000,156.0547,1.1216,0.2982,16.6643,16.6582,15.5288,0.0015,-1.0000
16.6678,0.0000,156.0716,1.1511,0.2823,16.6698,16.7653,15.5292,0.0010,-1.0000
16.6660,0.0000,156.0881,1.1968,0.3714,16.6658,16.5486,15.0332,0.0012,-1.0000
16.6660,0.0000,156.1047,1.4462,0.2789,16.6662,16.6577,15.5647,0.0012,-1.0000
16.6686,0.0000,156.1214,1.1278,0.2835,16.6670,16.6626,15.5320,0.0009,-1.0000
16.6649,0.0000,156.1381,1.2353,0.3970,16.7767,16.6511,15.4416,0.0013,-1.0000
