frame_ms,focused,elapsed,CPU Main Thread Frame Time,CPU Render Thread Frame Time,CPU Total Frame Time,PlayerLoop,WaitForTargetFPS,Gfx.WaitForPresentOnGfxThread,Gfx.WaitForGfxCommandsFromMainThread
16.6669,1.0000,352.3680,1.2500,0.3849,16.6684,16.6545,15.1841,0.0009,-1.0000
16.6655,1.0000,352.3846,1.4973,0.4142,16.6637,16.6539,15.2557,0.0010,-1.0000
16.6693,1.0000,352.4014,1.9347,0.3711,16.6722,16.7027,15.3041,0.0012,-1.0000
16.6652,1.0000,352.4179,1.3925,0.5863,16.6678,16.6149,15.1373,0.0012,-1.0000
16.6665,1.0000,352.4346,1.4693,0.3325,16.6634,16.6580,15.2866,0.0011,-1.0000
16.6692,1.0000,352.4513,1.3974,0.3524,16.6619,16.6643,15.1643,0.0013,-1.0000
16.6646,1.0000,352.4679,1.3973,0.4306,16.7128,16.6485,15.0009,0.0015,-1.0000
16.6662,1.0000,352.4846,1.4764,0.3364,16.6244,16.6545,15.3302,0.0013,-1.0000
16.6684,1.0000,352.5014,1.3701,0.4081,16.6672,16.6666,15.2237,0.0012,-1.0000
16.6656,1.0000,352.5180,1.4988,0.4340,16.6744,16.6505,14.9817,0.0012,-1.0000
16.6666,1.0000,352.5346,1.6462,0.3331,16.6586,16.6563,15.1332,0.0011,-1.0000
16.6697,1.0000,352.5513,1.3231,0.3148,16.6621,16.6690,15.3584,0.0012,-1.0000
16.6649,1.0000,352.5679,1.4416,0.3969,16.6764,16.6469,15.0888,0.0014,-1.0000
16.6652,1.0000,352.5846,1.6672,0.3856,16.6609,16.6538,15.2957,0.0013,-1.0000
16.6775,1.0000,352.6016,1.5218,0.3331,16.6647,16.7094,15.3378,0.0011,-1.0000
16.6659,1.0000,352.6180,1.3091,0.4088,16.6793,16.6152,14.6200,0.0016,-1.0000
16.6665,1.0000,352.6346,1.5567,0.3316,16.6578,16.6579,15.2438,0.0012,-1.0000
16.6679,1.0000,352.6512,1.3569,0.3181,16.6615,16.6604,15.2350,0.0012,-1.0000
16.6653,1.0000,352.6679,1.3706,0.4890,16.7207,16.6538,15.1307,0.0013,-1.0000
16.6655,1.0000,352.6846,1.9937,0.3589,16.6251,16.6559,15.2899,0.0010,-1.0000
16.6681,1.0000,352.7014,1.4130,0.3345,16.6663,16.6648,15.3562,0.0012,-1.0000
16.6670,1.0000,352.7180,1.4240,0.3806,16.6700,16.6528,15.1705,0.0012,-1.0000
16.6668,1.0000,352.7346,1.5218,0.3064,16.6637,16.6582,15.2098,0.0012,-1.0000
16.6685,1.0000,352.7512,1.3649,0.3727,16.6638,16.6616,15.2752,0.0012,-1.0000
16.6648,1.0000,352.7680,1.3072,0.3906,16.6742,16.6522,15.2809,0.0015,-1.0000
16.6653,1.0000,352.7846,1.4809,0.3546,16.6629,16.6537,15.2321,0.0012,-1.0000
16.6676,1.0000,352.8013,1.4474,0.3895,16.6682,16.6623,15.4156,0.0012,-1.0000
16.6673,1.0000,352.8179,1.3850,0.3861,16.6704,16.6588,15.2102,0.0013,-1.0000
16.6672,1.0000,352.8346,1.3701,0.3246,16.6623,16.6591,15.4061,0.0014,-1.0000
16.6665,1.0000,352.8512,1.4205,0.3393,16.6618,16.6558,15.2176,0.0013,-1.0000
16.6664,1.0000,352.8680,1.2454,0.3232,16.6700,16.6573,15.1666,0.0014,-1.0000
16.6674,1.0000,352.8846,1.4472,0.3106,16.6677,16.6596,15.3019,0.0013,-1.0000
16.6662,1.0000,352.9013,1.2516,0.3843,16.6690,16.6564,15.4078,0.0013,-1.0000
16.6659,1.0000,352.9179,1.4368,0.3765,16.6653,16.6550,14.7766,0.0013,-1.0000
16.6679,1.0000,352.9348,1.4892,0.2860,16.6658,16.6783,15.2447,0.0011,-1.0000
16.6688,1.0000,352.9512,1.3563,0.2935,16.6695,16.6456,15.1362,0.0010,-1.0000
16.6640,1.0000,352.9679,1.2474,0.3604,16.6652,16.6493,15.1614,0.0014,-1.0000
16.6678,1.0000,352.9846,1.8772,0.2804,16.6633,16.6627,15.2965,0.0012,-1.0000
16.6677,1.0000,353.0013,1.4326,0.2755,16.6875,16.6597,15.3697,0.0012,-1.0000
16.6662,1.0000,353.0179,1.5083,0.3832,16.6550,16.6519,15.2851,0.0013,-1.0000
16.6665,1.0000,353.0346,1.4868,0.2872,16.6580,16.6589,15.3857,0.0010,-1.0000
16.6672,1.0000,353.0512,1.3649,0.2896,16.6711,16.6588,15.3188,0.0011,-1.0000
16.6656,1.0000,353.0680,1.2888,0.2804,16.6703,16.6549,15.0881,0.0015,-1.0000
16.6670,1.0000,353.0846,1.3655,0.2863,16.6613,16.6604,15.3450,0.0013,-1.0000
16.6672,1.0000,353.1013,1.2720,0.2978,16.6682,16.6575,15.3514,0.0014,-1.0000
16.6667,1.0000,353.1179,1.3387,0.3812,16.6675,16.6574,15.2200,0.0015,-1.0000
16.6660,1.0000,353.1346,1.5658,0.2723,16.6636,16.6524,15.4132,0.0016,-1.0000
16.6684,1.0000,353.1512,1.3139,0.3244,16.6693,16.6662,15.4621,0.0011,-1.0000
16.6656,1.0000,353.1679,1.3046,0.7344,16.6663,16.6557,15.2943,0.0013,-1.0000
16.6673,1.0000,353.1846,1.4362,0.2856,16.6668,16.6603,15.3004,0.0013,-1.0000
16.6677,1.0000,353.2012,1.2378,0.3123,16.6603,16.6566,15.1539,0.0012,-1.0000
16.6660,1.0000,353.2179,1.2029,0.3451,16.6744,16.6563,15.2281,0.0012,-1.0000
16.6657,1.0000,353.2348,1.3602,0.3518,16.6652,16.6529,15.3741,0.0014,-1.0000
16.6699,1.0000,353.2512,1.3590,0.3111,16.6699,16.6688,15.2206,0.0013,-1.0000
16.6647,1.0000,353.2679,1.5015,0.3198,16.6653,16.6506,15.2370,0.0021,-1.0000
16.6664,1.0000,353.2846,1.4269,0.2781,16.6656,16.6580,15.2889,0.0011,-1.0000
16.6677,1.0000,353.3013,1.2776,0.2824,16.6613,16.6622,15.3228,0.0012,-1.0000
16.6656,1.0000,353.3179,1.4469,0.3267,16.6779,16.6553,15.2090,0.0010,-1.0000
16.6664,1.0000,353.3346,1.4115,0.3036,16.6605,16.6539,15.3266,0.0015,-1.0000
16.6696,1.0000,353.3513,1.3680,0.3441,16.6672,16.6671,15.3526,0.0010,-1.0000
16.6649,1.0000,353.3679,1.3380,0.3942,16.6699,16.6481,14.8905,0.0013,-1.0000
16.6661,1.0000,353.3846,1.4451,0.3496,16.6650,16.6567,15.2375,0.0013,-1.0000
16.6679,1.0000,353.4014,1.3260,0.3194,16.6628,16.6649,15.3682,0.0014,-1.0000
16.6655,1.0000,353.4180,1.3130,0.3795,16.6782,16.6498,15.0118,0.0014,-1.0000
16.6659,1.0000,353.4345,1.7558,0.3405,16.6585,16.6513,15.3130,0.0012,-1.0000
16.6681,1.0000,353.4514,1.4180,0.2857,16.6648,16.6652,15.3400,0.0011,-1.0000
16.6673,1.0000,353.4680,1.2951,0.3963,16.6764,16.6583,14.8902,0.0014,-1.0000
16.6663,1.0000,353.4846,1.6365,0.2911,16.6596,16.6532,15.2572,0.0014,-1.0000
16.6674,1.0000,353.5013,1.3371,0.3117,16.6593,16.6627,15.2746,0.0014,-1.0000
16.6661,1.0000,353.5179,1.3241,0.3217,16.6747,16.6538,15.2672,0.0011,-1.0000
16.6657,1.0000,353.5347,1.7667,0.2965,16.6689,16.6526,15.3908,0.0014,-1.0000
16.6675,1.0000,353.5511,1.3944,0.3498,16.6623,16.6608,15.2350,0.0012,-1.0000
16.6673,1.0000,353.5679,1.3865,0.3447,16.6725,16.6590,15.4493,0.0011,-1.0000
16.6656,1.0000,353.5846,1.3854,0.2653,16.6636,16.6540,15.2120,0.0012,-1.0000
16.6690,1.0000,353.6013,1.2604,0.2830,16.6609,16.6662,15.3621,0.0010,-1.0000
16.6660,1.0000,353.6180,1.4241,0.3052,16.6708,16.6633,15.1139,0.0014,-1.0000
16.6643,1.0000,353.6346,1.2086,0.3573,16.6687,16.6355,15.1903,0.0014,-1.0000
16.6677,1.0000,353.6512,1.4408,0.3185,16.6636,16.6642,15.4394,0.0011,-1.0000
16.6682,1.0000,353.6679,1.3025,0.3185,16.6759,16.6572,15.3128,0.0013,-1.0000
16.6664,1.0000,353.6846,1.5477,0.2934,16.6752,16.6593,15.3734,0.0013,-1.0000
16.6679,1.0000,353.7014,1.4439,0.2996,16.6451,16.6564,15.2900,0.0013,-1.0000
16.6664,1.0000,353.7180,1.2238,0.2902,16.6746,16.6475,15.2209,0.0011,-1.0000
16.6657,1.0000,353.7346,1.3424,0.2675,16.6662,16.6573,15.3575,0.0011,-1.0000
16.6667,1.0000,353.7511,1.2844,0.2953,16.6712,16.6557,15.2780,0.0012,-1.0000
16.6685,1.0000,353.7679,1.3649,0.3590,16.6707,16.6647,15.4330,0.0014,-1.0000
16.6653,1.0000,353.7846,1.4253,0.2825,16.6575,16.6501,15.3731,0.0014,-1.0000
16.6672,1.0000,353.8022,1.2986,0.3029,16.6665,16.7064,15.3168,0.0012,-1.0000
16.6669,1.0000,353.8179,1.3764,0.2820,16.6636,16.4942,14.1617,0.0013,-1.0000
16.6664,1.0000,353.8346,1.2300,0.2890,16.6739,16.6562,15.3477,0.0014,-1.0000
16.6670,1.0000,353.8511,1.2758,0.3505,16.6594,16.6594,15.3660,0.0014,-1.0000
16.6657,1.0000,353.8679,1.3883,0.4626,16.7160,16.6561,15.2846,0.0011,-1.0000
16.6636,1.0000,353.8845,2.3309,0.3283,16.6216,16.6471,15.4372,0.0013,-1.0000
16.6707,1.0000,353.9012,1.3074,0.3811,16.6658,16.6751,15.5600,0.0010,-1.0000
16.6683,1.0000,353.9180,1.2917,0.3748,16.6678,16.6645,15.3456,0.0012,-1.0000
16.6633,1.0000,353.9346,1.3704,0.3220,16.6650,16.6450,15.1654,0.0014,-1.0000
16.6683,1.0000,353.9511,1.2090,0.3163,16.6534,16.6590,15.3150,0.0012,-1.0000
16.6676,1.0000,353.9680,1.1139,0.3337,16.6819,16.6610,15.4491,0.0011,-1.0000
16.6635,1.0000,353.9845,1.3176,0.3328,16.6758,16.6454,15.3612,0.0013,-1.0000
16.6695,1.0000,354.0012,1.4780,0.3500,16.6542,16.6705,15.4659,0.0008,-1.0000
16.6686,1.0000,354.0181,1.3427,0.3207,16.6670,16.6666,15.2448,0.0012,-1.0000
16.6639,1.0000,354.0345,1.2109,0.3202,16.6701,16.6413,15.1075,0.0013,-1.0000
16.6681,1.0000,354.0511,1.2832,0.2923,16.6533,16.6642,15.4412,0.0016,-1.0000
16.6668,1.0000,354.0679,1.2038,0.3511,16.6784,16.6611,15.4242,0.0014,-1.0000
16.6640,1.0000,354.0845,1.4203,0.2865,16.6768,16.6452,15.2916,0.0016,-1.0000
16.6711,1.0000,354.1015,1.5324,0.3239,16.6519,16.6782,15.5089,0.0010,-1.0000
16.6664,1.0000,354.1180,1.2213,0.2978,16.6722,16.6471,14.7893,0.0012,-1.0000
16.6655,1.0000,354.1346,1.2354,0.2957,16.6699,16.6555,15.1464,0.0012,-1.0000
16.6674,1.0000,354.1512,1.3521,0.2755,16.6534,16.6609,15.3886,0.0010,-1.0000
16.6664,1.0000,354.1679,1.1681,0.4666,16.6895,16.6516,15.2992,0.0015,-1.0000
16.6665,1.0000,354.1846,1.8561,0.3677,16.6564,16.6577,15.2855,0.0011,-1.0000
16.6657,1.0000,354.2012,1.5077,0.3186,16.6650,16.6547,15.3679,0.0010,-1.0000
16.6688,1.0000,354.2180,1.2712,0.3077,16.6717,16.6649,15.5082,0.0008,-1.0000
16.6659,1.0000,354.2346,1.3507,0.2853,16.6614,16.6551,15.1904,0.0012,-1.0000
16.6664,1.0000,354.2512,1.3713,0.2984,16.6661,16.6581,15.3405,0.0015,-1.0000
16.6681,1.0000,354.2680,1.2856,0.2850,16.6624,16.6608,15.4746,0.0011,-1.0000
16.6654,1.0000,354.2845,1.1557,0.3160,16.6732,16.6525,15.1111,0.0017,-1.0000
16.6653,1.0000,354.3012,1.4633,0.3117,16.6644,16.6522,15.4348,0.0011,-1.0000
16.6709,1.0000,354.3180,1.3160,0.2863,16.6679,16.6735,15.5577,0.0012,-1.0000
16.6641,1.0000,354.3346,1.1849,0.4598,16.6704,16.6490,14.9064,0.0019,-1.0000
16.6663,1.0000,354.3512,1.5399,0.2941,16.6617,16.6558,15.3895,0.0012,-1.0000
16.6700,1.0000,354.3680,1.2161,0.3011,16.6589,16.6671,15.4648,0.0011,-1.0000
16.6677,1.0000,354.3846,1.1145,0.3109,16.6825,16.6522,15.3737,0.0011,-1.0000
16.6638,1.0000,354.4012,1.7408,0.2906,16.6604,16.6536,15.4558,0.0010,-1.0000
16.6683,1.0000,354.4179,1.2653,0.2870,16.6644,16.6600,15.3347,0.0014,-1.0000
16.6665,1.0000,354.4346,1.2010,0.2962,16.6771,16.6573,15.3249,0.0015,-1.0000
16.6666,1.0000,354.4511,1.2773,0.2968,16.6625,16.6593,15.2272,0.0011,-1.0000
16.6687,1.0000,354.4680,1.1964,0.3000,16.6618,16.6604,15.5833,0.0012,-1.0000
16.6645,1.0000,354.4846,1.3238,0.3342,16.6684,16.6490,15.1375,0.0015,-1.0000
16.6656,1.0000,354.5016,1.3309,0.3381,16.6662,16.6561,15.4445,0.0011,-1.0000
16.6683,1.0000,354.5179,1.4308,0.2972,16.6689,16.6637,14.5820,0.0016,-1.0000
16.6664,1.0000,354.5346,1.0758,0.3237,16.6709,16.6569,15.4126,0.0011,-1.0000
16.6686,1.0000,354.5512,1.5099,0.3006,16.6593,16.6642,15.3166,0.0011,-1.0000
16.6658,1.0000,354.5679,1.2103,0.4575,16.6632,16.6550,15.2038,0.0011,-1.0000
16.6664,1.0000,354.5846,2.0801,0.3000,16.6717,16.6552,15.3557,0.0012,-1.0000
16.6674,1.0000,354.6013,1.2432,0.3454,16.6657,16.6644,15.3584,0.0014,-1.0000
16.6669,1.0000,354.6179,1.3462,0.4997,16.6737,16.6538,15.2029,0.0010,-1.0000
16.6643,1.0000,354.6345,1.4498,0.3599,16.6642,16.6532,15.3521,0.0012,-1.0000
16.6687,1.0000,354.6512,1.2982,0.3378,16.6629,16.6641,15.5251,0.0011,-1.0000
16.6684,1.0000,354.6680,1.3050,0.4205,16.6740,16.6653,15.3659,0.0013,-1.0000
16.6638,1.0000,354.6846,1.4498,0.3484,16.6625,16.6464,15.3339,0.0014,-1.0000
16.6685,1.0000,354.7012,1.2996,0.3024,16.6598,16.6653,15.3173,0.0011,-1.0000
16.6674,1.0000,354.7180,1.1378,0.3923,16.6713,16.6596,15.3796,0.0014,-1.0000
16.6634,1.0000,354.7346,1.2977,0.3428,16.6753,16.6469,14.8539,0.0015,-1.0000
16.6692,1.0000,354.7512,1.3110,0.3479,16.6549,16.6649,15.3660,0.0013,-1.0000
16.6680,1.0000,354.7680,1.3467,0.4058,16.6729,16.6651,15.4507,0.0012,-1.0000
16.6642,1.0000,354.7846,1.2788,0.4498,16.6688,16.6459,15.0198,0.0012,-1.0000
16.6689,1.0000,354.8013,1.7923,0.3779,16.6564,16.6680,15.3730,0.0013,-1.0000
16.6664,1.0000,354.8180,1.2973,0.3493,16.6723,16.6534,15.3608,0.0013,-1.0000
16.6657,1.0000,354.8346,1.2131,0.4126,16.6757,16.6546,15.1211,0.0013,-1.0000
16.6667,1.0000,354.8512,1.6247,0.3734,16.6550,16.6567,15.4080,0.0013,-1.0000
16.6692,1.0000,354.8680,1.2935,0.3535,16.6769,16.6668,15.3800,0.0011,-1.0000
16.6663,1.0000,354.8846,1.2914,0.4504,16.6623,16.6854,15.3096,0.0014,-1.0000
16.6665,1.0000,354.9013,1.5324,0.3722,16.6636,16.6262,15.2931,0.0012,-1.0000
16.6665,1.0000,354.9180,1.2471,0.3710,16.6655,16.6570,15.1885,0.0013,-1.0000
16.6664,1.0000,354.9346,1.2853,0.3950,16.6764,16.6568,15.2294,0.0013,-1.0000
16.6666,1.0000,354.9511,1.3744,0.3386,16.6948,16.6570,15.3648,0.0013,-1.0000
16.6686,1.0000,354.9680,1.3317,0.3585,16.6345,16.6627,15.5052,0.0012,-1.0000
16.6647,1.0000,354.9846,1.4672,0.3657,16.6657,16.6500,15.1568,0.0011,-1.0000
16.6673,1.0000,355.0013,1.4259,0.3228,16.6661,16.6585,15.3006,0.0013,-1.0000
16.6677,1.0000,355.0180,1.2909,0.3748,16.6654,16.6624,15.4155,0.0011,-1.0000
16.6657,1.0000,355.0346,1.1561,0.4341,16.6732,16.6527,15.2446,0.0012,-1.0000
16.6662,1.0000,355.0511,1.4921,0.3875,16.6606,16.6577,15.3058,0.0012,-1.0000
16.6688,1.0000,355.0680,1.3565,0.3539,16.6666,16.6634,15.4628,0.0013,-1.0000
16.6655,1.0000,355.0846,1.2454,0.4136,16.6722,16.6554,15.2574,0.0014,-1.0000
16.6666,1.0000,355.1013,1.4069,0.3460,16.6618,16.6564,15.3880,0.0011,-1.0000
16.6684,1.0000,355.1180,1.3504,0.3464,16.6658,16.6597,15.2940,0.0013,-1.0000
16.6640,1.0000,355.1346,1.1993,0.3792,16.6723,16.6455,15.0118,0.0012,-1.0000
16.6673,1.0000,355.1511,1.3966,0.3335,16.6658,16.6592,15.4230,0.0011,-1.0000
16.6681,1.0000,355.1681,1.2673,0.3795,16.6659,16.6684,15.4946,0.0014,-1.0000
16.6645,1.0000,355.1846,1.3644,0.5139,16.6736,16.6411,14.9893,0.0013,-1.0000
16.6682,1.0000,355.2012,1.6329,0.3430,16.6550,16.6639,15.3917,0.0012,-1.0000
16.6678,1.0000,355.2179,1.2348,0.3178,16.6678,16.6616,15.4091,0.0010,-1.0000
16.6646,1.0000,355.2346,1.1727,0.4149,16.6797,16.6493,15.3102,0.0015,-1.0000
16.6673,1.0000,355.2512,1.6508,0.3292,16.6503,16.6619,15.3831,0.0012,-1.0000
16.6699,1.0000,355.2682,1.2704,0.3893,16.6720,16.6675,15.3500,0.0014,-1.0000
16.6635,1.0000,355.2846,1.2513,0.3849,16.6714,16.6484,14.7935,0.0019,-1.0000
16.6677,1.0000,355.3014,1.3374,0.3272,16.6583,16.6553,15.2967,0.0012,-1.0000
16.6667,1.0000,355.3179,1.2771,0.3975,16.6711,16.6555,14.8978,0.0017,-1.0000
16.6662,1.0000,355.3346,1.3157,0.3570,16.6781,16.6563,15.3259,0.0013,-1.0000
16.6676,1.0000,355.3513,1.8533,0.4141,16.6604,16.6631,15.3395,0.0014,-1.0000
16.6668,1.0000,355.3679,1.3574,0.4075,16.6647,16.6541,15.1816,0.0014,-1.0000
16.6655,1.0000,355.3846,1.7559,0.3442,16.6648,16.6514,15.3853,0.0014,-1.0000
16.6691,1.0000,355.4013,1.3289,0.3925,16.6650,16.6706,15.3957,0.0011,-1.0000
16.6659,1.0000,355.4179,1.3219,0.3826,16.6725,16.6509,15.0276,0.0015,-1.0000
16.6662,1.0000,355.4347,1.4710,0.3461,16.6631,16.6569,15.4302,0.0012,-1.0000
16.6668,1.0000,355.4511,1.2647,0.4112,16.6598,16.6576,15.2193,0.0012,-1.0000
16.6669,1.0000,355.4680,1.2737,0.4273,16.6799,16.6587,15.4635,0.0011,-1.0000
16.6668,1.0000,355.4846,1.6217,0.3243,16.6602,16.6543,15.2543,0.0013,-1.0000
16.6671,1.0000,355.5013,1.2258,0.4036,16.6673,16.6597,15.3328,0.0014,-1.0000
16.6669,1.0000,355.5179,1.4370,0.3473,16.6669,16.6580,15.3241,0.0014,-1.0000
16.6697,1.0000,355.5348,1.1940,0.4309,16.6683,16.6647,15.3452,0.0011,-1.0000
16.6630,1.0000,355.5511,1.3988,0.3643,16.6640,16.6425,15.1322,0.0012,-1.0000
16.6669,1.0000,355.5679,1.3250,0.3461,16.6703,16.6564,15.6480,0.0010,-1.0000
16.6674,1.0000,355.5846,1.3324,0.3576,16.6687,16.6620,15.3203,0.0012,-1.0000
16.6657,1.0000,355.6013,1.3182,0.4242,16.6762,16.6541,15.3660,0.0011,-1.0000
16.6655,1.0000,355.6179,1.5089,0.3223,16.6520,16.6551,15.3238,0.0013,-1.0000
16.6689,1.0000,355.6347,1.0075,0.3926,16.6642,16.6670,15.4787,0.0010,-1.0000
16.6645,1.0000,355.6511,1.3404,0.3764,16.6707,16.6516,14.9702,0.0016,-1.0000
16.6690,1.0000,355.6679,1.2869,0.3689,16.6634,16.6633,15.4632,0.0010,-1.0000
16.6663,1.0000,355.6846,1.3300,0.3321,16.6629,16.6575,15.3340,0.0014,-1.0000
16.6665,1.0000,355.7014,1.1871,0.4378,16.6757,16.6548,15.2078,0.0017,-1.0000
16.6666,1.0000,355.7182,1.6799,0.4063,16.6595,16.6612,15.0965,0.0013,-1.0000
16.6684,1.0000,355.7347,1.1989,0.3682,16.6711,16.6599,15.1270,0.0012,-1.0000
16.6647,1.0000,355.7512,1.3221,0.4110,16.6668,16.6514,15.0016,0.0015,-1.0000
16.6664,1.0000,355.7679,1.4453,0.2844,16.6636,16.6589,15.5096,0.0013,-1.0000
16.6688,1.0000,355.7848,1.5633,0.3462,16.6692,16.6776,15.4062,0.0012,-1.0000
16.6666,1.0000,355.8013,1.5315,0.4951,16.6696,16.6365,14.8852,0.0014,-1.0000
16.6668,1.0000,355.8179,1.6487,0.3049,16.6606,16.6605,15.3911,0.0011,-1.0000
16.6674,1.0000,355.8346,1.1480,0.2971,16.6672,16.6590,15.4076,0.0013,-1.0000
16.6643,1.0000,355.8511,1.2698,0.3883,16.6889,16.6489,15.3869,0.0012,-1.0000
16.6683,1.0000,355.8680,1.7496,0.3134,16.6472,16.6651,15.5060,0.0012,-1.0000
16.6676,1.0000,355.8846,1.2682,0.3235,16.6691,16.6595,15.0796,0.0018,-1.0000
16.6657,1.0000,355.9012,1.2499,0.3110,16.6690,16.6538,15.4276,0.0015,-1.0000
16.6686,1.0000,355.9181,1.2608,0.2940,16.6570,16.6676,15.4478,0.0012,-1.0000
16.6652,1.0000,355.9346,1.1577,0.3532,16.6734,16.6473,15.1160,0.0013,-1.0000
16.6647,1.0000,355.9511,1.5777,0.3037,16.6685,16.6541,15.3412,0.0011,-1.0000
16.6690,1.0000,355.9679,1.2244,0.3224,16.6624,16.6642,15.4854,0.0013,-1.0000
16.6672,1.0000,355.9846,1.2186,0.3081,16.6783,16.6597,15.3345,0.0016,-1.0000
16.6671,1.0000,356.0013,1.5299,0.3161,16.6559,16.6588,15.2605,0.0013,-1.0000
16.8962,1.0000,356.0183,1.3117,0.2843,16.6612,16.8951,15.4930,0.0011,-1.0000
16.6647,1.0000,356.0348,1.1773,0.3761,16.6729,16.6403,14.2136,0.0013,-1.0000
16.6655,1.0000,356.0514,1.3238,0.3388,16.6684,16.6541,15.3695,0.0012,-1.0000
16.6690,1.0000,356.0683,1.3972,0.2981,16.6691,16.6660,15.5511,0.0011,-1.0000
16.6655,1.0000,356.0848,1.4007,0.3562,16.9066,16.6585,15.2157,0.0014,-1.0000
16.6667,1.0000,356.1015,2.4253,0.3008,16.6509,16.6551,15.3654,0.0015,-1.0000
16.6672,1.0000,356.1182,1.2834,0.3117,16.6622,16.6610,15.3291,0.0010,-1.0000
16.6682,1.0000,356.1349,1.1134,0.3471,16.6744,16.6630,15.4195,0.0012,-1.0000
16.6632,1.0000,356.1513,1.4413,0.2996,16.6678,16.6403,15.1458,0.0013,-1.0000
16.6671,1.0000,356.1681,1.2882,0.3015,16.6637,16.6612,15.6088,0.0011,-1.0000
16.6696,1.0000,356.1849,1.3307,0.2821,16.6699,16.6715,15.4490,0.0010,-1.0000
16.6655,1.0000,356.2015,1.2420,0.3308,16.6737,16.6484,15.0639,0.0014,-1.0000
16.6674,1.0000,356.2182,1.4935,0.2889,16.6492,16.6589,15.3868,0.0011,-1.0000
16.6663,1.0000,356.2349,1.0512,0.2875,16.6686,16.6558,15.3825,0.0016,-1.0000
16.6667,1.0000,356.2514,1.2214,0.3792,16.6819,16.6567,15.1330,0.0017,-1.0000
16.6654,1.0000,356.2682,1.5831,0.3673,16.6584,16.6535,15.5177,0.0011,-1.0000
16.6686,1.0000,356.2849,1.2708,0.2819,16.6678,16.6657,15.4478,0.0008,-1.0000
16.6662,1.0000,356.3015,1.2717,0.4678,16.6660,16.6552,15.3080,0.0013,-1.0000
16.6667,1.0000,356.3182,1.5222,0.2847,16.6650,16.6611,15.4560,0.0012,-1.0000
16.6671,1.0000,356.3349,1.1346,0.2887,16.6625,16.6573,15.3808,0.0011,-1.0000
16.6671,1.0000,356.3515,1.2171,0.3111,16.6730,16.6583,15.2508,0.0013,-1.0000
16.6649,1.0000,356.3681,1.3459,0.2905,16.6627,16.6490,15.2538,0.0012,-1.0000
16.6688,1.0000,356.3850,1.2037,0.2843,16.6707,16.7024,15.5084,0.0012,-1.0000
16.6652,1.0000,356.4015,1.2753,0.2918,16.6673,16.6149,15.2385,0.0012,-1.0000
16.6670,1.0000,356.4182,1.4059,0.3239,16.6685,16.6623,15.4420,0.0012,-1.0000
16.6939,1.0000,356.4349,1.3940,0.2936,16.6580,16.6830,15.3391,0.0012,-1.0000
16.6657,1.0000,356.4514,1.1930,0.2773,16.7116,16.6525,15.2214,0.0015,-1.0000
16.6663,1.0000,356.4682,1.3752,0.2697,16.6240,16.6580,15.4753,0.0012,-1.0000
16.6674,1.0000,356.4849,1.2192,0.2984,16.6716,16.6616,15.4405,0.0011,-1.0000
16.6666,1.0000,356.5015,1.3427,0.3993,16.6931,16.6555,15.3236,0.0012,-1.0000
16.6655,1.0000,356.5182,1.4292,0.3324,16.6619,16.6548,15.4377,0.0011,-1.0000
16.6685,1.0000,356.5349,1.1810,0.3023,16.6667,16.6642,15.3822,0.0011,-1.0000
16.6668,1.0000,356.5514,1.2199,0.2891,16.6708,16.6555,15.3140,0.0011,-1.0000
16.6665,1.0000,356.5682,1.3309,0.3313,16.6646,16.6578,15.5670,0.0011,-1.0000
16.6662,1.0000,356.5849,1.2161,0.2990,16.6634,16.6588,15.3082,0.0014,-1.0000
16.6684,1.0000,356.6016,1.2807,0.3418,16.6733,16.6617,15.2718,0.0012,-1.0000
16.6645,1.0000,356.6182,1.3402,0.3543,16.6645,16.6477,15.2887,0.0011,-1.0000
16.6686,1.0000,356.6350,1.0894,0.3018,16.6664,16.6665,15.4736,0.0012,-1.0000
16.6656,1.0000,356.6514,1.3493,0.3044,16.6690,16.6486,15.0626,0.0014,-1.0000
16.6653,1.0000,356.6682,1.3884,0.2757,16.6713,16.6543,15.3294,0.0013,-1.0000
16.6677,1.0000,356.6849,1.3579,0.2883,16.6567,16.6588,15.4401,0.0014,-1.0000
16.6682,1.0000,356.7016,1.1921,0.3686,16.6790,16.6673,15.1796,0.0012,-1.0000
16.6634,1.0000,356.7181,1.5846,0.3716,16.6590,16.6388,15.0542,0.0012,-1.0000
16.6700,1.0000,356.7349,1.3234,0.3490,16.6631,16.6762,15.4539,0.0011,-1.0000
16.6669,1.0000,356.7515,1.2173,0.3396,16.6674,16.6498,15.3563,0.0011,-1.0000
16.6656,1.0000,356.7682,1.4864,0.3618,16.6781,16.6578,15.2268,0.0014,-1.0000
16.6676,1.0000,356.7849,1.5835,0.2944,16.6476,16.6559,15.2914,0.0013,-1.0000
16.6667,1.0000,356.8015,1.2208,0.2990,16.6864,16.6571,15.3978,0.0012,-1.0000
16.6662,1.0000,356.8182,1.2923,0.3971,16.6580,16.6546,15.3815,0.0015,-1.0000
16.6655,1.0000,356.8348,1.4293,0.2857,16.6690,16.6545,15.4295,0.0011,-1.0000
16.6693,1.0000,356.8515,1.3634,0.3116,16.6647,16.6687,15.5053,0.0013,-1.0000
16.6658,1.0000,356.8682,1.2580,0.3120,16.6669,16.6510,15.0415,0.0012,-1.0000
16.6665,1.0000,356.8849,1.2717,0.3044,16.6637,16.6603,15.4307,0.0012,-1.0000
16.6674,1.0000,356.9016,1.2235,0.3073,16.6616,16.6585,15.3208,0.0013,-1.0000
16.6664,1.0000,356.9182,1.1618,0.4229,16.6771,16.6554,15.1304,0.0013,-1.0000
16.6667,1.0000,356.9349,1.6081,0.3144,16.6610,16.6602,15.3976,0.0012,-1.0000
16.6683,1.0000,356.9515,1.2281,0.3126,16.6681,16.6667,15.2841,0.0012,-1.0000
16.6664,1.0000,356.9682,1.3361,0.3469,16.6669,16.6493,15.3901,0.0014,-1.0000
16.6662,1.0000,356.9848,1.5236,0.2998,16.6639,16.6571,15.4795,0.0011,-1.0000
16.6669,1.0000,357.0016,1.2617,0.3354,16.6678,16.6590,15.4514,0.0011,-1.0000
16.6666,1.0000,357.0182,1.3814,0.3032,16.6772,16.6564,15.3472,0.0013,-1.0000
16.6658,1.0000,357.0348,1.2578,0.3022,16.6599,16.6560,15.3843,0.0013,-1.0000
16.6672,1.0000,357.0514,1.1765,0.3244,16.6663,16.6562,15.4536,0.0013,-1.0000
16.6675,1.0000,357.0682,1.2064,0.3558,16.6678,16.6604,15.4913,0.0012,-1.0000
16.6672,1.0000,357.0849,1.3077,0.3493,16.6654,16.6613,15.3192,0.0013,-1.0000
16.6670,1.0000,357.1016,1.2705,0.3170,16.6656,16.6544,15.3233,0.0015,-1.0000
16.6660,1.0000,357.1182,1.2012,0.3803,16.6658,16.6552,15.2557,0.0014,-1.0000
16.6651,1.0000,357.1348,1.1676,0.3015,16.6693,16.6564,15.4200,0.0013,-1.0000
16.6685,1.0000,357.1514,1.3405,0.3368,16.6709,16.6637,15.3948,0.0013,-1.0000
16.6668,1.0000,357.1682,1.3294,0.3279,16.6639,16.6529,15.3537,0.0015,-1.0000
16.6661,1.0000,357.1849,1.3981,0.3061,16.6643,16.6579,15.4782,0.0011,-1.0000
16.6680,1.0000,357.2015,1.2349,0.3165,16.6644,16.6606,15.3336,0.0012,-1.0000
16.6660,1.0000,357.2182,1.2676,0.3141,16.6737,16.6531,15.1514,0.0013,-1.0000
16.6654,1.0000,357.2349,1.2975,0.3096,16.6620,16.6557,15.3444,0.0014,-1.0000
16.6683,1.0000,357.2514,1.1784,0.2913,16.6670,16.6654,15.4214,0.0012,-1.0000
16.6655,1.0000,357.2684,1.3257,0.4129,16.6705,16.6493,15.4025,0.0011,-1.0000
16.6668,1.0000,357.2849,1.5003,0.3045,16.6627,16.6605,15.1218,0.0014,-1.0000
16.6678,1.0000,357.3015,1.3100,0.3099,16.6639,16.6612,15.3545,0.0013,-1.0000
16.6661,1.0000,357.3182,1.2427,0.3761,16.6746,16.6540,15.3447,0.0013,-1.0000
16.6660,1.0000,357.3348,1.2455,0.2774,16.6591,16.6572,15.2354,0.0013,-1.0000
16.6677,1.0000,357.3514,1.5373,0.2961,16.6698,16.6592,15.4366,0.0010,-1.0000
16.6661,1.0000,357.3682,1.3055,0.3093,16.6701,16.6566,15.3528,0.0014,-1.0000
16.6674,1.0000,357.3850,1.3078,0.3341,16.6628,16.6611,15.4269,0.0014,-1.0000
16.6674,1.0000,357.4016,1.4205,0.3038,16.6664,16.6576,15.0894,0.0013,-1.0000
16.6663,1.0000,357.4183,1.2214,0.3133,16.6682,16.6549,15.3451,0.0011,-1.0000
16.6666,1.0000,357.4349,1.3022,0.3072,16.6651,16.6553,15.1400,0.0015,-1.0000
16.6674,1.0000,357.4514,1.2327,0.5767,16.6701,16.6584,15.3510,0.0013,-1.0000
16.6652,1.0000,357.4682,1.5665,0.3415,16.6684,16.6532,15.3380,0.0011,-1.0000
16.6673,1.0000,357.4849,1.3084,0.3932,16.6659,16.6601,15.3929,0.0012,-1.0000
16.6680,1.0000,357.5016,1.5138,0.3450,16.6642,16.6645,15.2071,0.0011,-1.0000
16.6654,1.0000,357.5182,1.3061,0.5073,16.6689,16.6492,15.1384,0.0013,-1.0000
16.6675,1.0000,357.5349,1.3141,0.3348,16.6616,16.6640,15.3239,0.0015,-1.0000
16.6663,1.0000,357.5515,1.2658,0.3495,16.6681,16.6515,15.3585,0.0011,-1.0000
16.6666,1.0000,357.5682,1.4559,0.6697,16.6742,16.6586,15.2850,0.0009,-1.0000
16.6658,1.0000,357.5848,1.5095,0.3666,16.6588,16.6551,15.3795,0.0014,-1.0000
16.6698,1.0000,357.6017,1.3384,0.3422,16.6738,16.6650,15.4174,0.0010,-1.0000
16.6643,1.0000,357.6182,1.2916,0.3191,16.6611,16.6498,14.6503,0.0012,-1.0000
16.6670,1.0000,357.6349,1.3728,0.2753,16.6680,16.6601,15.4441,0.0010,-1.0000
16.6686,1.0000,357.6515,1.2742,0.2767,16.6637,16.6581,15.3517,0.0013,-1.0000
16.6646,1.0000,357.6682,1.2468,0.4241,16.6749,16.6531,15.2470,0.0015,-1.0000
16.6665,1.0000,357.6849,1.9981,0.2905,16.6600,16.6590,15.4310,0.0012,-1.0000
16.6908,1.0000,357.7019,1.2147,0.3154,16.6693,16.6824,15.3901,0.0013,-1.0000
16.6674,1.0000,357.7182,1.3052,0.3591,16.6689,16.5644,14.8833,0.0015,-1.0000
16.6659,1.0000,357.7349,1.4047,0.2885,16.6618,16.6580,15.3203,0.0011,-1.0000
16.6670,1.0000,357.7515,1.2266,0.2704,16.6666,16.6583,15.2145,0.0012,-1.0000
16.6665,1.0000,357.7682,1.2910,0.3179,16.6908,16.6556,15.4135,0.0012,-1.0000
16.6656,1.0000,357.7849,1.6798,0.2867,16.6679,16.6782,15.3914,0.0011,-1.0000
16.6843,1.0000,357.8016,1.3366,0.3209,16.6664,16.6629,15.4248,0.0013,-1.0000
16.6636,1.0000,357.8182,1.4426,0.2999,16.6673,16.6430,15.2439,0.0012,-1.0000
16.6672,1.0000,357.8349,1.2408,0.3017,16.6649,16.6573,15.3869,0.0011,-1.0000
16.6676,1.0000,357.8515,1.2860,0.2901,16.6872,16.6616,15.3710,0.0012,-1.0000
16.6654,1.0000,357.8683,1.2372,0.3747,16.6740,16.6644,15.2849,0.0020,-1.0000
16.6663,1.0000,357.8849,1.3980,0.2877,16.6531,16.6454,15.3855,0.0015,-1.0000
16.6684,1.0000,357.9016,1.2692,0.3144,16.6662,16.6620,15.4439,0.0014,-1.0000
16.6665,1.0000,357.9182,1.2892,0.4636,16.6708,16.6557,15.3141,0.0012,-1.0000
16.6669,1.0000,357.9350,1.3774,0.2895,16.6742,16.6587,15.3746,0.0015,-1.0000
16.6677,1.0000,357.9517,1.2583,0.2951,16.6546,16.7362,15.0193,0.0019,-1.0000
16.6663,1.0000,357.9684,1.2169,0.3167,16.6709,16.6620,14.7256,0.0016,-1.0000
16.6654,1.0000,357.9850,1.3399,0.2971,16.6663,16.6192,15.2247,0.0013,-1.0000
16.6677,1.0000,358.0020,1.2825,0.3944,16.6699,16.9395,15.3826,0.0015,-1.0000
16.6660,1.0000,358.0183,1.7149,0.3150,16.7470,16.3820,14.7294,0.0013,-1.0000
16.6663,1.0000,358.0351,1.9341,0.3072,16.6722,16.6533,15.2339,0.0012,-1.0000
16.6675,1.0000,358.0518,1.3929,0.3051,16.6278,16.8306,15.1432,0.0012,-1.0000
16.6673,1.0000,358.0683,1.5554,0.5235,16.9501,16.4502,15.1494,0.0012,-1.0000
16.6660,1.0000,358.0853,1.6515,0.3068,16.3932,16.7352,15.3540,0.0015,-1.0000
16.6635,1.0000,358.1017,1.4180,0.3057,16.6635,16.5620,15.0708,0.0013,-1.0000
16.6700,1.0000,358.1184,1.6864,0.3212,16.8415,16.7428,15.0196,0.0012,-1.0000
16.6660,1.0000,358.1349,1.2993,0.2970,16.4612,16.5800,15.0338,0.0013,-1.0000
16.6666,1.0000,358.1515,1.3801,0.3087,16.7446,16.6591,15.4523,0.0011,-1.0000
16.6692,1.0000,358.1683,1.4900,0.3500,16.5695,16.7269,15.3550,0.0011,-1.0000
16.6652,1.0000,358.1849,1.7220,0.3218,16.7528,16.5898,15.2262,0.0013,-1.0000
16.6658,1.0000,358.2016,1.5449,0.3324,16.5907,16.6548,15.2765,0.0015,-1.0000
16.6678,1.0000,358.2183,1.2060,0.2953,16.6680,16.6664,15.4094,0.0011,-1.0000
16.6659,1.0000,358.2349,1.3705,0.4455,16.7344,16.6508,15.3588,0.0016,-1.0000
16.6673,1.0000,358.2515,1.3622,0.3435,16.5986,16.6661,15.3621,0.0012,-1.0000
16.6680,1.0000,358.2683,1.3766,0.2902,16.6628,16.6559,15.4785,0.0011,-1.0000
16.6665,1.0000,358.2850,1.2555,0.3360,16.6751,16.6659,15.2948,0.0014,-1.0000
16.6656,1.0000,358.3016,1.2904,0.2919,16.6599,16.6436,15.0987,0.0012,-1.0000
16.6676,1.0000,358.3183,1.3027,0.3059,16.6747,16.6557,15.3647,0.0012,-1.0000
16.6651,1.0000,358.3349,1.1761,0.3144,16.6650,16.6520,15.2062,0.0014,-1.0000
16.6676,1.0000,358.3515,1.3694,0.3076,16.6787,16.6576,15.4236,0.0011,-1.0000
16.6673,1.0000,358.3687,1.5435,0.3155,16.6539,16.6645,15.4146,0.0011,-1.0000
16.6657,1.0000,358.3849,1.2897,0.4257,16.6678,16.6532,14.5356,0.0017,-1.0000
16.6676,1.0000,358.4016,1.4444,0.2913,16.6616,16.6613,15.3324,0.0014,-1.0000
16.6673,1.0000,358.4183,1.2328,0.3002,16.6660,16.6580,15.3915,0.0011,-1.0000
16.6656,1.0000,358.4352,1.2485,0.3974,16.6731,16.6504,15.2023,0.0012,-1.0000
16.6667,1.0000,358.4515,2.1161,0.3253,16.6623,16.7214,15.0323,0.0012,-1.0000
16.6671,1.0000,358.4684,1.3273,0.2932,16.6699,16.6067,15.3904,0.0013,-1.0000
16.6669,1.0000,358.4849,1.2650,0.3189,16.6674,16.6517,14.9767,0.0015,-1.0000
16.6665,1.0000,358.5017,1.4469,0.2977,16.6593,16.7137,15.3102,0.0011,-1.0000
16.6670,1.0000,358.5182,1.6881,0.3189,16.7295,16.5995,15.1919,0.0012,-1.0000
16.6665,1.0000,358.5349,1.2146,0.3899,16.6169,16.6586,15.2241,0.0014,-1.0000
16.6651,1.0000,358.5515,1.6731,0.3196,16.6624,16.6949,15.3531,0.0011,-1.0000
16.6691,1.0000,358.5683,1.4025,0.3671,16.7226,16.6191,15.4887,0.0012,-1.0000
16.6669,1.0000,358.5849,1.4062,0.3258,16.6085,16.6663,15.2331,0.0010,-1.0000
16.6640,1.0000,358.6016,1.4330,0.2936,16.6681,16.6367,15.3947,0.0011,-1.0000
16.6690,1.0000,358.6183,1.3407,0.2915,16.7025,16.7292,15.3403,0.0010,-1.0000
16.6671,1.0000,358.6351,1.1292,0.3323,16.6272,16.6560,15.3700,0.0012,-1.0000
16.6635,1.0000,358.6515,1.4321,0.2926,16.6753,16.6276,14.9619,0.0018,-1.0000
16.6698,1.0000,358.6683,1.2409,0.3074,16.6443,16.6986,15.5377,0.0010,-1.0000
16.6672,1.0000,358.6851,1.3881,0.2931,16.7394,16.6963,15.1714,0.0017,-1.0000
16.6646,1.0000,358.7016,1.2848,0.3354,16.6661,16.5688,14.7228,0.0014,-1.0000
16.6678,1.0000,358.7183,1.6640,0.3520,16.6353,16.6839,15.3509,0.0013,-1.0000
16.6672,1.0000,358.7351,1.1597,0.3307,16.7077,16.7895,15.3339,0.0013,-1.0000
16.6660,1.0000,358.7515,1.5231,0.4090,16.7077,16.5277,15.1363,0.0012,-1.0000
16.6660,1.0000,358.7683,1.8444,0.2962,16.5784,16.6660,15.4650,0.0010,-1.0000
16.6688,1.0000,358.7851,1.3317,0.2904,16.6923,16.7171,15.1784,0.0014,-1.0000
16.6661,1.0000,358.8016,1.4543,0.3555,16.8011,16.5424,15.0197,0.0015,-1.0000
16.6671,1.0000,358.8184,1.3900,0.3025,16.5370,16.7404,15.4284,0.0011,-1.0000
16.6677,1.0000,358.8350,1.1999,0.3115,16.6743,16.6248,14.9903,0.0011,-1.0000
16.6652,1.0000,358.8515,1.5373,0.3715,16.7270,16.6396,15.2016,0.0012,-1.0000
16.6633,1.0000,358.8682,1.5208,0.2978,16.5510,16.6578,15.4029,0.0010,-1.0000
16.6679,1.0000,358.8850,1.3110,0.3367,16.7516,16.6528,15.4494,0.0010,-1.0000
16.6702,1.0000,358.9018,1.6331,0.3308,16.6350,16.6929,15.3063,0.0012,-1.0000
16.6642,1.0000,358.9182,1.4367,0.2809,16.6486,16.6361,15.0607,0.0015,-1.0000
16.6676,1.0000,358.9350,1.2540,0.2528,16.6647,16.6998,15.4419,0.0010,-1.0000
16.6675,1.0000,358.9515,1.2025,0.4025,16.6593,16.6254,15.2787,0.0011,-1.0000
16.6637,1.0000,358.9682,1.3852,0.3638,16.7024,16.6253,15.4091,0.0012,-1.0000
16.6681,1.0000,358.9852,1.5738,0.3073,16.6443,16.8236,15.4735,0.0010,-1.0000
16.6688,1.0000,359.0016,1.2565,0.3429,16.7080,16.5088,14.8851,0.0016,-1.0000
16.6650,1.0000,359.0183,1.3452,0.3901,16.6340,16.6667,15.2962,0.0013,-1.0000
16.6691,1.0000,359.0350,1.2150,0.3268,16.6323,16.6646,15.2882,0.0015,-1.0000
16.6655,1.0000,359.0515,1.3490,0.3898,16.8305,16.6138,14.9837,0.0013,-1.0000
16.6644,1.0000,359.0682,1.6216,0.3963,16.5173,16.6502,15.4866,0.0011,-1.0000
16.6671,1.0000,359.0849,1.3691,0.3446,16.6752,16.6582,15.5202,0.0014,-1.0000
16.6686,1.0000,359.1016,1.3748,0.3819,16.6743,16.6613,15.2035,0.0013,-1.0000
16.6656,1.0000,359.1183,1.6289,0.3079,16.6220,16.6601,15.3144,0.0011,-1.0000
16.6684,1.0000,359.1349,1.1626,0.2732,16.6582,16.6693,15.4189,0.0011,-1.0000
16.6665,1.0000,359.1515,1.1365,0.3096,16.6646,16.6806,14.7597,0.0013,-1.0000
16.6631,1.0000,359.1682,1.4564,0.3124,16.6689,16.6893,15.4979,0.0015,-1.0000
16.6683,1.0000,359.1851,1.3448,0.2733,16.6681,16.6799,15.5832,0.0009,-1.0000
16.6694,1.0000,359.2016,1.2488,0.3635,16.6782,16.6406,15.0424,0.0010,-1.0000
16.6652,1.0000,359.2183,1.9192,0.2948,16.6895,16.6452,15.3509,0.0014,-1.0000
16.6673,1.0000,359.2350,1.1901,0.2666,16.6956,16.6942,15.3255,0.0012,-1.0000
16.6682,1.0000,359.2516,1.0958,0.3002,16.6880,16.6489,14.9520,0.0013,-1.0000
16.6641,1.0000,359.2683,1.5973,0.2951,16.6489,16.6136,15.1137,0.0014,-1.0000
16.6679,1.0000,359.2851,1.2932,0.3101,16.6536,16.7217,15.3570,0.0011,-1.0000
16.6673,1.0000,359.3016,1.3674,0.3529,16.7035,16.5638,15.1353,0.0011,-1.0000
16.6664,1.0000,359.3183,1.6955,0.3121,16.6593,16.6570,15.3627,0.0012,-1.0000
16.6677,1.0000,359.3350,1.4983,0.2943,16.6222,16.6590,15.3414,0.0012,-1.0000
16.6682,1.0000,359.3515,1.3635,0.3289,16.7289,16.6683,15.1924,0.0019,-1.0000
16.6640,1.0000,359.3682,1.4270,0.3021,16.5724,16.6417,15.3796,0.0016,-1.0000
16.6649,1.0000,359.3849,1.2930,0.3217,16.6667,16.6480,15.4429,0.0011,-1.0000
16.6704,1.0000,359.4018,1.3166,0.3524,16.6691,16.7560,15.1782,0.0014,-1.0000
16.6673,1.0000,359.4183,1.4738,0.3182,16.6778,16.5774,14.8228,0.0015,-1.0000
16.6654,1.0000,359.4355,1.2608,0.2989,16.6507,16.6480,15.4114,0.0011,-1.0000
16.6674,1.0000,359.4515,1.2042,0.3275,16.6551,16.6671,14.6485,0.0013,-1.0000
16.6667,1.0000,359.4683,1.5764,0.4861,16.7650,16.6579,15.2528,0.0011,-1.0000
16.6654,1.0000,359.4849,1.7532,0.2810,16.5887,16.6545,15.2859,0.0011,-1.0000
16.6677,1.0000,359.5016,1.2354,0.4115,16.6570,16.6665,15.2671,0.0011,-1.0000
16.6665,1.0000,359.5183,2.0171,0.3902,16.6751,16.6446,15.2708,0.0014,-1.0000
16.6672,1.0000,359.5349,1.4038,0.3695,16.6672,16.6625,15.2694,0.0011,-1.0000
16.6671,1.0000,359.5515,1.3671,0.3370,16.6632,16.6636,15.3160,0.0014,-1.0000
16.6663,1.0000,359.5683,1.3982,0.3790,16.6756,16.6507,15.2619,0.0012,-1.0000
16.6662,1.0000,359.5850,1.3727,0.3495,16.6542,16.6605,15.1506,0.0013,-1.0000
16.6688,1.0000,359.6018,1.3919,0.3877,16.6720,16.6671,14.8881,0.0011,-1.0000
16.6640,1.0000,359.6183,1.3460,0.5271,16.6732,16.6369,14.8663,0.0016,-1.0000
16.6665,1.0000,359.6349,1.3877,0.4133,16.6601,16.6590,15.3656,0.0011,-1.0000
16.6687,1.0000,359.6516,1.5087,0.4398,16.6697,16.6630,15.3511,0.0015,-1.0000
16.6654,1.0000,359.6682,1.7777,0.4260,16.6772,16.6544,15.0310,0.0016,-1.0000
16.6681,1.0000,359.6850,1.7694,0.3806,16.6459,16.7278,15.3559,0.0011,-1.0000
16.6670,1.0000,359.7016,1.2923,0.4049,16.6672,16.5977,15.1286,0.0013,-1.0000
16.6655,1.0000,359.7183,1.3103,0.4065,16.6707,16.6511,15.2332,0.0014,-1.0000
16.6663,1.0000,359.7350,1.6226,0.3306,16.6627,16.7079,15.4093,0.0014,-1.0000
16.6684,1.0000,359.7516,1.3711,0.4269,16.7369,16.6127,14.9635,0.0012,-1.0000
16.6670,1.0000,359.7683,1.4674,0.4357,16.6066,16.6612,15.1462,0.0012,-1.0000
16.6658,1.0000,359.7850,1.4169,0.3249,16.6601,16.7103,15.2410,0.0014,-1.0000
16.6669,1.0000,359.8016,1.2974,0.4068,16.7156,16.6032,15.1811,0.0012,-1.0000
16.6674,1.0000,359.8183,1.6479,0.4719,16.6220,16.6528,15.1284,0.0013,-1.0000
16.6659,1.0000,359.8349,1.5135,0.3478,16.6712,16.6485,15.3727,0.0013,-1.0000
16.6683,1.0000,359.8516,1.4677,0.3517,16.7192,16.7228,15.3074,0.0011,-1.0000
16.6659,1.0000,359.8683,1.4208,0.3803,16.6126,16.6453,15.0317,0.0012,-1.0000
16.6673,1.0000,359.8850,1.5230,0.3334,16.6623,16.6721,15.3441,0.0012,-1.0000
16.6690,1.0000,359.9019,1.2744,0.3315,16.6568,16.8725,15.1284,0.0016,-1.0000
16.6647,1.0000,359.9183,1.4139,0.4528,16.7317,16.4808,14.9404,0.0014,-1.0000
16.6656,1.0000,359.9349,1.6124,0.3164,16.6540,16.5830,15.2714,0.0013,-1.0000
16.6694,1.0000,359.9516,1.3267,0.3607,16.6814,16.6822,15.3935,0.0012,-1.0000
16.6657,1.0000,359.9684,1.7424,0.3670,16.8814,16.7599,14.5346,0.0015,-1.0000
16.6658,1.0000,359.9850,1.5389,0.3363,16.4899,16.5741,15.0732,0.0014,-1.0000
16.6678,1.0000,360.0016,1.3105,0.3149,16.5907,16.6618,15.2014,0.0013,-1.0000
16.6668,1.0000,360.0184,1.2873,0.4742,16.6897,16.6904,15.1344,0.0010,-1.0000
16.6654,1.0000,360.0349,2.2245,0.3902,16.7701,16.5549,15.2405,0.0014,-1.0000
16.6700,1.0000,360.0516,1.4996,0.3170,16.5822,16.7540,15.4251,0.0011,-1.0000
16.6652,1.0000,360.0683,1.4592,0.4022,16.6710,16.6277,14.7213,0.0012,-1.0000
16.6660,1.0000,360.0850,1.5547,0.3078,16.6998,16.6284,15.2934,0.0017,-1.0000
16.8981,1.0000,360.1021,1.3130,0.2979,16.5621,17.0041,15.5844,0.0012,-1.0000
16.6638,1.0000,360.1186,1.3277,0.5208,16.7659,16.5562,13.9154,0.0017,-1.0000
16.6645,1.0000,360.1352,1.9051,0.3329,16.6382,16.6434,15.2421,0.0014,-1.0000
16.6688,1.0000,360.1518,1.3333,0.3495,16.6376,16.6786,15.4084,0.0013,-1.0000
16.6663,1.0000,360.1686,1.4184,0.3540,17.0159,16.6899,15.2891,0.0011,-1.0000
16.6673,1.0000,360.1852,2.6390,0.3394,16.5680,16.6094,15.3277,0.0013,-1.0000
16.6694,1.0000,360.2020,1.4000,0.2667,16.6502,16.6807,15.2910,0.0014,-1.0000
16.6641,1.0000,360.2186,1.2688,0.3405,16.6863,16.7315,15.0545,0.0017,-1.0000
16.6654,1.0000,360.2352,1.3995,0.2876,16.7006,16.5441,15.1882,0.0012,-1.0000
16.6680,1.0000,360.2518,1.2807,0.3259,16.6188,16.6752,15.3630,0.0013,-1.0000
16.6663,1.0000,360.2686,1.3879,0.3588,16.6915,16.6455,15.2635,0.0012,-1.0000
16.6665,1.0000,360.2852,1.6751,0.3347,16.7422,16.6202,15.1898,0.0013,-1.0000
16.6685,1.0000,360.3019,1.3547,0.3064,16.5522,16.7006,15.3419,0.0011,-1.0000
16.6658,1.0000,360.3185,1.3108,0.3898,16.6848,16.6072,15.1811,0.0014,-1.0000
16.6633,1.0000,360.3351,1.3809,0.3261,16.6548,16.6573,15.3772,0.0012,-1.0000
16.6710,1.0000,360.3517,1.4290,0.2997,16.6288,16.6746,15.4218,0.0013,-1.0000
16.6650,1.0000,360.3685,1.3574,0.3648,16.7099,16.6472,15.2462,0.0014,-1.0000
16.6674,1.0000,360.3852,1.4246,0.3055,16.6162,16.6872,15.3891,0.0010,-1.0000
16.6679,1.0000,360.4019,1.2787,0.2794,16.6644,16.6556,15.2914,0.0012,-1.0000
16.6650,1.0000,360.4185,1.2515,0.3726,16.6849,16.6334,15.1464,0.0012,-1.0000
16.6672,1.0000,360.4352,1.3996,0.3359,16.6575,16.6331,15.3583,0.0009,-1.0000
16.6686,1.0000,360.4518,1.2974,0.2971,16.6965,16.6659,15.2718,0.0013,-1.0000
16.6628,1.0000,360.4684,1.3628,0.2991,16.6669,16.6390,15.2432,0.0016,-1.0000
16.6690,1.0000,360.4852,1.4858,0.3157,16.6443,16.6698,15.5288,0.0011,-1.0000
16.6704,1.0000,360.5019,1.2740,0.3055,16.6418,16.6678,15.3221,0.0011,-1.0000
16.6634,1.0000,360.5185,1.3925,0.3557,16.6772,16.6431,15.0875,0.0014,-1.0000
16.6656,1.0000,360.5351,1.3945,0.2952,16.6474,16.6557,15.2903,0.0014,-1.0000
16.6688,1.0000,360.5518,1.1402,0.3372,16.6769,16.6658,15.3893,0.0011,-1.0000
16.6641,1.0000,360.5685,1.3443,0.3150,16.6796,16.6505,15.1002,0.0014,-1.0000
16.6683,1.0000,360.5851,1.5538,0.2980,16.6530,16.6640,15.4154,0.0012,-1.0000
16.6686,1.0000,360.6019,1.3640,0.2810,16.6630,16.6638,15.4220,0.0012,-1.0000
16.6657,1.0000,360.6185,1.2756,0.3798,16.6737,16.6521,15.1959,0.0009,-1.0000
16.6659,1.0000,360.6351,1.5490,0.3182,16.6580,16.6568,15.2576,0.0014,-1.0000
16.6676,1.0000,360.6517,1.2473,0.3035,16.6709,16.6590,15.4449,0.0015,-1.0000
16.6659,1.0000,360.6685,1.2404,0.4227,16.6745,16.6558,15.3989,0.0013,-1.0000
16.6648,1.0000,360.6851,1.4549,0.3447,16.6621,16.6520,15.3447,0.0014,-1.0000
16.6701,1.0000,360.7019,1.3973,0.3451,16.6657,16.6736,15.4726,0.0011,-1.0000
16.6670,1.0000,360.7185,1.2127,0.3651,16.6676,16.6515,15.2246,0.0012,-1.0000
16.6659,1.0000,360.7351,1.2551,0.2965,16.6648,16.6562,15.3856,0.0014,-1.0000
16.6669,1.0000,360.7517,1.3057,0.2972,16.6602,16.6540,15.2555,0.0013,-1.0000
16.6663,1.0000,360.7685,1.1999,0.3658,16.6823,16.6602,15.5114,0.0012,-1.0000
16.6648,1.0000,360.7851,1.4253,0.2903,16.6630,16.6498,15.4183,0.0015,-1.0000
16.6703,1.0000,360.8019,1.2691,0.3435,16.6655,16.6709,15.3203,0.0010,-1.0000
16.6662,1.0000,360.8185,1.3969,0.2942,16.6629,16.6517,15.0132,0.0017,-1.0000
16.6657,1.0000,360.8351,1.1470,0.2943,16.6703,16.6562,15.3135,0.0015,-1.0000
16.6690,1.0000,360.8519,1.2299,0.4468,16.6576,16.6646,15.3793,0.0013,-1.0000
16.6646,1.0000,360.8685,1.3492,0.3407,16.6798,16.6496,15.1729,0.0016,-1.0000
16.6649,1.0000,360.8851,1.6367,0.3347,16.6622,16.6533,15.3821,0.0011,-1.0000
16.6695,1.0000,360.9019,1.3410,0.2984,16.6649,16.6641,15.5164,0.0012,-1.0000
16.6655,1.0000,360.9185,1.2836,0.3830,16.6756,16.6515,15.1686,0.0015,-1.0000
16.6643,1.0000,360.9351,1.4750,0.2953,16.6596,16.6491,15.4041,0.0012,-1.0000
16.6704,1.0000,360.9517,1.2702,0.3417,16.6623,16.6737,15.5348,0.0010,-1.0000
16.6662,1.0000,360.9684,1.1462,0.3158,16.6733,16.6561,15.3824,0.0010,-1.0000
16.6660,1.0000,360.9852,1.4813,0.3353,16.6627,16.6544,15.4253,0.0012,-1.0000
16.6670,1.0000,361.0018,1.2437,0.2683,16.6563,16.6602,15.3293,0.0013,-1.0000
16.6673,1.0000,361.0185,1.1377,0.4628,16.6812,16.6579,15.2617,0.0013,-1.0000
16.6657,1.0000,361.0351,1.2724,0.3273,16.6658,16.6523,15.3341,0.0017,-1.0000
16.6682,1.0000,361.0518,1.2280,0.3020,16.6628,16.7174,15.3651,0.0011,-1.0000
16.6666,1.0000,361.0686,1.3297,0.3162,16.6697,16.6023,15.2584,0.0015,-1.0000
16.6646,1.0000,361.0851,1.3949,0.2700,16.6684,16.6510,15.3288,0.0015,-1.0000
16.6695,1.0000,361.1019,1.3164,0.2974,16.6607,16.6688,15.4797,0.0012,-1.0000
16.6661,1.0000,361.1185,1.3510,0.3584,16.7269,16.6507,15.0280,0.0017,-1.0000
16.6655,1.0000,361.1351,1.3418,0.3295,16.6129,16.6553,15.2571,0.0016,-1.0000
16.6684,1.0000,361.1518,1.3209,0.2837,16.6591,16.6615,15.3343,0.0013,-1.0000
16.6658,1.0000,361.1685,1.1878,0.3563,16.6787,16.6533,15.0336,0.0016,-1.0000
16.6665,1.0000,361.1851,1.6209,0.3352,16.6621,16.6562,15.2540,0.0013,-1.0000
16.6674,1.0000,361.2018,1.3965,0.3474,16.6638,16.6593,15.4152,0.0013,-1.0000
16.6673,1.0000,361.2185,1.3256,0.4167,16.6713,16.6635,15.3952,0.0011,-1.0000
16.6649,1.0000,361.2352,1.6184,0.4002,16.6646,16.6453,15.4307,0.0012,-1.0000
16.6678,1.0000,361.2522,1.4008,0.2999,16.6640,16.6604,15.2353,0.0013,-1.0000
16.6668,1.0000,361.2685,1.2429,0.3777,16.6679,16.6579,14.9779,0.0013,-1.0000
16.6651,1.0000,361.2851,1.2670,0.2859,16.6752,16.6557,15.2285,0.0015,-1.0000
16.6690,1.0000,361.3018,1.2135,0.3153,16.6542,16.6642,15.4506,0.0013,-1.0000
16.6659,1.0000,361.3184,1.4235,0.4699,16.6697,16.6576,15.3089,0.0011,-1.0000
16.6664,1.0000,361.3351,1.6784,0.3370,16.6663,16.6589,15.4572,0.0013,-1.0000
16.6680,1.0000,361.3517,1.4257,0.3570,16.6630,16.6614,15.4111,0.0013,-1.0000
16.6661,1.0000,361.3685,1.2118,0.4057,16.6716,16.6534,15.2349,0.0014,-1.0000
16.6667,1.0000,361.3851,1.3476,0.3399,16.6660,16.6574,15.3688,0.0014,-1.0000
16.6672,1.0000,361.4019,1.2007,0.3575,16.6673,16.6601,15.4124,0.0013,-1.0000
16.6665,1.0000,361.4185,1.2489,0.3710,16.6715,16.6572,15.0256,0.0013,-1.0000
16.6661,1.0000,361.4352,1.4173,0.3870,16.6638,16.6539,15.3790,0.0011,-1.0000
16.6680,1.0000,361.4517,1.2872,0.3171,16.6661,16.6617,15.3588,0.0012,-1.0000
16.6660,1.0000,361.4684,1.2460,0.4372,16.6687,16.6528,15.2964,0.0009,-1.0000
16.6665,1.0000,361.4852,1.6307,0.3710,16.6668,16.6572,15.5132,0.0012,-1.0000
16.6659,1.0000,361.5018,1.2737,0.3536,16.6642,16.6545,15.3845,0.0013,-1.0000
16.6683,1.0000,361.5185,1.3016,0.3828,16.6721,16.6630,15.2992,0.0009,-1.0000
16.6651,1.0000,361.5351,1.3556,0.2965,16.6618,16.6522,15.2929,0.0013,-1.0000
16.6676,1.0000,361.5518,1.1426,0.3170,16.6666,16.6656,15.4711,0.0009,-1.0000
16.6681,1.0000,361.5685,1.2689,0.3440,16.6626,16.6587,15.3380,0.0012,-1.0000
16.6659,1.0000,361.5851,1.3626,0.3006,16.6707,16.6557,15.4369,0.0012,-1.0000
16.6667,1.0000,361.6018,1.3579,0.2901,16.6608,16.6666,15.3978,0.0011,-1.0000
16.6664,1.0000,361.6184,1.1932,0.3136,16.6738,16.6489,15.3175,0.0014,-1.0000
16.6653,1.0000,361.6351,1.3191,0.3661,16.6683,16.6524,15.3910,0.0010,-1.0000
16.6686,1.0000,361.6517,1.2173,0.3529,16.6641,16.6660,15.5280,0.0017,-1.0000
16.6669,1.0000,361.6684,1.2674,0.3451,16.6764,16.6555,15.4891,0.0012,-1.0000
16.6655,1.0000,361.6851,1.3298,0.2971,16.6577,16.6538,15.4236,0.0013,-1.0000
16.6685,1.0000,361.7019,1.2603,0.2804,16.6599,16.6643,15.3633,0.0017,-1.0000
16.6658,1.0000,361.7184,1.1364,0.3398,16.6751,16.6557,15.0364,0.0010,-1.0000
16.6659,1.0000,361.7351,1.1651,0.3052,16.6641,16.6539,15.4924,0.0010,-1.0000
16.6680,1.0000,361.7517,1.2290,0.3271,16.6631,16.6684,15.4485,0.0012,-1.0000
16.6660,1.0000,361.7685,1.2992,0.3526,16.6723,16.6509,15.3990,0.0021,-1.0000
16.6670,1.0000,361.7851,1.6183,0.3112,16.6649,16.6566,15.3821,0.0016,-1.0000
16.6678,1.0000,361.8018,1.1602,0.2866,16.6619,16.6671,15.4329,0.0010,-1.0000
16.6665,1.0000,361.8185,1.2188,0.3230,16.6782,16.6514,15.3608,0.0010,-1.0000
16.6636,1.0000,361.8351,1.2498,0.3258,16.6600,16.6484,15.4401,0.0012,-1.0000
16.6703,1.0000,361.8517,1.2729,0.3304,16.6645,16.6718,15.5061,0.0010,-1.0000
16.6657,1.0000,361.8685,1.2331,0.3268,16.6769,16.6517,15.4154,0.0013,-1.0000
16.6674,1.0000,361.8851,1.2895,0.3042,16.6609,16.6624,15.3955,0.0013,-1.0000
16.6680,1.0000,361.9019,1.2067,0.3268,16.6561,16.6616,15.3630,0.0019,-1.0000
16.6656,1.0000,361.9185,1.1645,0.3347,16.6807,16.6500,15.1262,0.0013,-1.0000
16.6638,1.0000,361.9351,1.2346,0.3053,16.6602,16.6457,15.5026,0.0011,-1.0000
16.6694,1.0000,361.9518,1.2654,0.3634,16.6714,16.6723,15.4913,0.0010,-1.0000
16.6670,1.0000,361.9684,1.2967,0.3512,16.6721,16.6552,15.3649,0.0010,-1.0000
16.6654,1.0000,361.9851,1.5221,0.3297,16.6609,16.6526,15.5042,0.0013,-1.0000
16.6678,1.0000,362.0018,1.1419,0.2825,16.6528,16.6654,15.3434,0.0013,-1.0000
16.6668,1.0000,362.0185,1.1799,0.5208,16.6808,16.6590,15.1601,0.0012,-1.0000
16.6645,1.0000,362.0350,1.2893,0.2873,16.6642,16.6460,15.4283,0.0017,-1.0000
16.6679,1.0000,362.0517,1.1472,0.2971,16.6605,16.6667,15.5946,0.0013,-1.0000
16.6678,1.0000,362.0684,1.3207,0.4043,16.6733,16.6640,15.4630,0.0010,-1.0000
16.6665,1.0000,362.0851,1.4976,0.3179,16.6679,16.6559,15.4469,0.0012,-1.0000
16.6676,1.0000,362.1019,1.2161,0.2847,16.6533,16.6615,15.4758,0.0012,-1.0000
16.6673,1.0000,362.1184,1.0706,0.3593,16.6737,16.6617,15.2203,0.0012,-1.0000
16.6633,1.0000,362.1350,1.1998,0.3018,16.6714,16.6425,15.4786,0.0016,-1.0000
16.6697,1.0000,362.1523,1.2075,0.2952,16.6637,16.6744,15.6206,0.0009,-1.0000
16.6667,1.0000,362.1685,1.1844,0.3817,16.6700,16.6703,14.8169,0.0011,-1.0000
16.6657,1.0000,362.1852,1.4401,0.3341,16.6709,16.6407,15.3728,0.0012,-1.0000
16.6680,1.0000,362.2019,1.1623,0.2943,16.6497,16.6629,15.2870,0.0011,-1.0000
16.6669,1.0000,362.2184,1.0528,0.3951,16.6825,16.6585,15.1213,0.0013,-1.0000
16.6645,1.0000,362.2351,1.8524,0.3623,16.6792,16.6495,15.5093,0.0012,-1.0000
16.6667,1.0000,362.2517,1.2664,0.3410,16.6507,16.6630,15.4654,0.0013,-1.0000
16.6716,1.0000,362.2686,1.3745,0.3982,16.6711,16.6757,15.2394,0.0010,-1.0000
16.6620,1.0000,362.2851,1.5357,0.3220,16.6666,16.6350,15.0035,0.0015,-1.0000
16.6689,1.0000,362.3019,1.1390,0.3326,16.6580,16.6652,15.4065,0.0012,-1.0000
16.6678,1.0000,362.3185,1.1962,0.3312,16.6702,16.6611,15.1727,0.0013,-1.0000
16.6643,1.0000,362.3351,1.4348,0.5070,16.6869,16.6474,15.3700,0.0012,-1.0000
16.6676,1.0000,362.3517,1.6296,0.3536,16.6446,16.6620,15.3572,0.0011,-1.0000
16.6672,1.0000,362.3685,1.2572,0.4007,16.6737,16.6619,15.2244,0.0013,-1.0000
16.6656,1.0000,362.3851,1.4870,0.2964,16.6702,16.6532,15.3305,0.0011,-1.0000
16.6698,1.0000,362.4019,1.2758,0.3242,16.6559,16.6675,15.3995,0.0012,-1.0000
16.6649,1.0000,362.4185,1.3039,0.3393,16.6704,16.6495,14.9872,0.0015,-1.0000
16.6642,1.0000,362.4351,1.4362,0.3410,16.6713,16.6486,15.2235,0.0016,-1.0000
16.6678,1.0000,362.4517,1.3213,0.3249,16.6624,16.6646,15.4672,0.0010,-1.0000
16.6691,1.0000,362.4685,1.2667,0.4843,16.6777,16.6664,15.3302,0.0012,-1.0000
16.6652,1.0000,362.4852,1.6607,0.3186,16.6589,16.6474,15.2420,0.0013,-1.0000
16.6683,1.0000,362.5019,1.4239,0.3124,16.6567,16.6628,15.3126,0.0015,-1.0000
16.6658,1.0000,362.5185,1.1964,0.4668,16.6713,16.6533,15.1286,0.0013,-1.0000
16.6659,1.0000,362.5351,1.3350,0.4279,16.6787,16.6532,15.4006,0.0013,-1.0000
16.6982,1.0000,362.5521,1.4041,0.3547,16.6587,16.6941,15.3711,0.0014,-1.0000
16.6374,1.0000,362.5685,1.3487,0.3567,16.6724,16.6306,15.0285,0.0014,-1.0000
16.6658,1.0000,362.5851,1.5236,0.3746,16.6623,16.6489,15.4435,0.0011,-1.0000
16.6675,1.0000,362.6022,1.2515,0.3277,16.6613,16.6656,15.3776,0.0012,-1.0000
16.6665,1.0000,362.6185,1.3216,0.3315,16.7040,16.6551,14.6510,0.0014,-1.0000
16.6669,1.0000,362.6351,1.6007,0.3282,16.6397,16.6532,15.4006,0.0013,-1.0000
16.6676,1.0000,362.6518,1.2043,0.3250,16.6584,16.6605,15.4030,0.0012,-1.0000
16.6674,1.0000,362.6685,1.2866,0.4044,16.6744,16.6579,15.2403,0.0010,-1.0000
16.6644,1.0000,362.6852,2.0032,0.3967,16.6656,16.6480,15.3909,0.0012,-1.0000
16.6685,1.0000,362.7019,1.2514,0.3447,16.6625,16.6662,15.3343,0.0014,-1.0000
16.6665,1.0000,362.7184,1.2563,0.4329,16.6706,16.6558,15.1207,0.0014,-1.0000
16.6665,1.0000,362.7352,1.4163,0.3179,16.6678,16.6580,15.4768,0.0011,-1.0000
16.6662,1.0000,362.7517,1.2558,0.3229,16.6570,16.6570,15.4010,0.0014,-1.0000
16.6678,1.0000,362.7685,1.3303,0.3737,16.6743,16.6582,15.4011,0.0013,-1.0000
16.6646,1.0000,362.7851,1.5334,0.3313,16.6656,16.6493,15.4261,0.0013,-1.0000
16.6695,1.0000,362.8019,1.1794,0.3852,16.6667,16.6715,15.5228,0.0010,-1.0000
16.6660,1.0000,362.8185,1.2545,0.3235,16.6669,16.6524,15.1738,0.0013,-1.0000
16.6649,1.0000,362.8351,1.2556,0.3240,16.6678,16.6503,15.4224,0.0013,-1.0000
16.6690,1.0000,362.8518,1.2220,0.3246,16.6574,16.6650,15.4517,0.0012,-1.0000
16.7102,1.0000,362.8685,1.1474,0.3662,16.6813,16.7048,15.3073,0.0014,-1.0000
16.6636,1.0000,362.8852,1.4770,0.3824,16.6618,16.6419,15.3676,0.0013,-1.0000
16.6676,1.0000,362.9019,1.2267,0.3471,16.6595,16.6663,15.5154,0.0010,-1.0000
16.6683,1.0000,362.9185,1.2120,0.2996,16.6733,16.6622,15.1577,0.0014,-1.0000
16.6649,1.0000,362.9352,1.3964,0.3472,16.7159,16.6498,15.4451,0.0010,-1.0000
16.6686,1.0000,362.9518,1.2730,0.3150,16.6494,16.6678,15.4533,0.0012,-1.0000
16.6689,1.0000,362.9687,1.1497,0.4331,16.6748,16.6647,15.3406,0.0013,-1.0000
16.6632,1.0000,362.9853,1.5032,0.3272,16.6704,16.6405,15.0370,0.0014,-1.0000
16.6672,1.0000,363.0018,1.2036,0.3164,16.6568,16.6650,15.3725,0.0014,-1.0000
16.6694,1.0000,363.0186,1.2132,0.3297,16.6763,16.6686,15.4621,0.0013,-1.0000
16.6632,1.0000,363.0351,1.3224,0.3563,16.6761,16.6382,15.1765,0.0014,-1.0000
16.6691,1.0000,363.0518,1.6023,0.3110,16.6506,16.6687,15.5161,0.0008,-1.0000
16.6664,1.0000,363.0685,1.2911,0.3092,16.6727,16.6556,15.3554,0.0013,-1.0000
16.6651,1.0000,363.0851,1.2052,0.3407,16.6786,16.6490,15.1254,0.0012,-1.0000
16.6684,1.0000,363.1019,1.4606,0.3268,16.6474,16.6659,15.5052,0.0013,-1.0000
16.6686,1.0000,363.1185,1.1514,0.3370,16.6783,16.6619,15.4199,0.0013,-1.0000
16.6651,1.0000,363.1352,1.2989,0.4285,16.6658,16.6513,15.1764,0.0013,-1.0000
16.6661,1.0000,363.1518,1.5225,0.3248,16.6571,16.6751,15.4112,0.0014,-1.0000
16.6687,1.0000,363.1686,1.1592,0.3223,16.6740,16.6436,15.2582,0.0012,-1.0000
16.6656,1.0000,363.1852,1.2405,0.4824,16.6719,16.6496,15.2968,0.0011,-1.0000
16.6661,1.0000,363.2018,1.4734,0.2998,16.6608,16.6559,15.4072,0.0012,-1.0000
16.6693,1.0000,363.2186,1.2625,0.3407,16.6855,16.6665,15.5172,0.0012,-1.0000
16.6635,1.0000,363.2352,1.3839,0.3203,16.6546,16.6476,14.7489,0.0013,-1.0000
16.6686,1.0000,363.2517,1.3516,0.3246,16.6594,16.6621,15.4253,0.0010,-1.0000
16.6683,1.0000,363.2686,1.2472,0.3139,16.6637,16.6690,15.5150,0.0016,-1.0000
16.6639,1.0000,363.2852,1.1480,0.4089,16.6761,16.6411,15.0469,0.0012,-1.0000
16.6672,1.0000,363.3018,1.8975,0.3661,16.6573,16.6615,15.4819,0.0011,-1.0000
16.6700,1.0000,363.3187,1.2359,0.3631,16.6702,16.6727,15.5068,0.0011,-1.0000
16.6638,1.0000,363.3351,1.1522,0.3762,16.6793,16.6411,15.1564,0.0015,-1.0000
16.6679,1.0000,363.3524,1.5931,0.3134,16.6497,16.6627,15.5155,0.0013,-1.0000
16.6680,1.0000,363.3705,1.1781,0.2974,16.6684,16.6617,14.5736,0.0012,-1.0000
16.6625,1.0000,363.3851,1.1648,0.3592,16.6833,16.6440,13.4954,0.0016,-1.0000
16.6689,1.0000,363.4019,1.4831,0.3149,16.6503,16.6697,15.6643,0.0011,-1.0000
16.6701,1.0000,363.4186,1.1460,0.4124,16.6717,16.6867,15.2398,0.0011,-1.0000
16.6628,1.0000,363.4352,2.0871,0.2895,16.6697,16.6238,15.2386,0.0012,-1.0000
16.6683,1.0000,363.4518,3.1473,0.2914,16.6519,16.6664,15.3528,0.0013,-1.0000
16.6676,1.0000,363.4685,1.0041,0.4920,16.6763,16.6674,15.3468,0.0013,-1.0000
16.6639,1.0000,363.4851,1.4457,0.3119,16.6983,16.6349,15.3024,0.0011,-1.0000
16.6672,1.0000,363.5019,1.3840,0.2968,16.6330,16.6623,15.5444,0.0009,-1.0000
16.6694,1.0000,363.5186,1.3124,0.3195,16.6753,16.6720,15.1883,0.0012,-1.0000
16.6660,1.0000,363.5352,1.3189,0.2992,16.6775,16.6462,15.2091,0.0012,-1.0000
16.6665,1.0000,363.5518,1.3315,0.2945,16.6439,16.6588,15.3443,0.0014,-1.0000
16.6681,1.0000,363.5687,1.1171,0.3510,16.6693,16.6604,15.1774,0.0010,-1.0000
16.6649,1.0000,363.5852,1.4824,0.3071,16.6820,16.6531,14.5983,0.0020,-1.0000
16.7174,1.0000,363.6020,1.4356,0.2897,16.6565,16.7099,15.5057,0.0012,-1.0000
16.6669,1.0000,363.6186,1.3129,0.3381,16.6673,16.6608,15.0951,0.0012,-1.0000
16.6662,1.0000,363.6352,1.4820,0.3469,16.6703,16.6535,15.3192,0.0011,-1.0000
16.6672,1.0000,363.6519,2.0532,0.3268,16.6621,16.6641,15.4261,0.0010,-1.0000
16.6673,1.0000,363.6686,1.2028,0.3010,16.7185,16.6538,15.2154,0.0013,-1.0000
16.6630,1.0000,363.6852,1.5644,0.3505,16.6705,16.6380,15.4091,0.0013,-1.0000
16.6692,1.0000,363.7019,1.3331,0.3445,16.6631,16.6708,15.4918,0.0011,-1.0000
16.6670,1.0000,363.7186,1.2366,0.4911,16.6744,16.6790,15.4881,0.0012,-1.0000
16.6667,1.0000,363.7353,1.4370,0.2880,16.6676,16.6368,15.4192,0.0013,-1.0000
16.6665,1.0000,363.7518,1.2276,0.3642,16.6455,16.6612,15.3414,0.0010,-1.0000
16.6686,1.0000,363.7687,1.1777,0.2975,16.6776,16.6638,15.4571,0.0009,-1.0000
16.6641,1.0000,363.7853,1.1896,0.3223,16.6875,16.6415,15.0763,0.0015,-1.0000
16.6680,1.0000,363.8019,1.2162,0.2806,16.6458,16.6627,15.3896,0.0012,-1.0000
16.6674,1.0000,363.8187,1.3184,0.3546,16.6712,16.6615,15.4716,0.0011,-1.0000
16.6638,1.0000,363.8352,1.2054,0.3620,16.6759,16.6450,15.1135,0.0012,-1.0000
16.6701,1.0000,363.8519,1.5638,0.2845,16.6513,16.6716,15.5225,0.0011,-1.0000
16.6680,1.0000,363.8686,1.2718,0.3340,16.6702,16.6631,15.2624,0.0016,-1.0000
16.6632,1.0000,363.8852,1.1886,0.4378,16.6720,16.6410,15.0884,0.0011,-1.0000
16.6683,1.0000,363.9019,1.5306,0.2892,16.6523,16.6644,15.3592,0.0010,-1.0000
16.6675,1.0000,363.9186,1.1478,0.3575,16.6807,16.6614,15.5099,0.0013,-1.0000
16.6668,1.0000,363.9352,1.3988,0.3461,16.6738,16.6563,15.4274,0.0012,-1.0000
16.6640,1.0000,363.9518,1.5517,0.3186,16.6497,16.6499,15.3313,0.0013,-1.0000
16.6707,1.0000,363.9687,1.3041,0.2854,16.6718,16.6773,15.5208,0.0014,-1.0000
16.6658,1.0000,363.9853,1.1500,0.2968,16.6698,16.6437,15.2395,0.0013,-1.0000
16.6650,1.0000,364.0019,1.2278,0.3295,16.6660,16.6557,15.4136,0.0011,-1.0000
16.6686,1.0000,364.0187,1.3174,0.2880,16.6579,16.6648,15.4635,0.0014,-1.0000
16.6655,1.0000,364.0352,1.1549,0.2959,16.6872,16.6495,15.1945,0.0015,-1.0000
16.6651,1.0000,364.0518,1.4029,0.2882,16.6557,16.6506,15.3825,0.0011,-1.0000
16.6698,1.0000,364.0687,1.2409,0.3082,16.6640,16.6739,15.6262,0.0011,-1.0000
16.6665,1.0000,364.0853,1.2001,0.3000,16.6751,16.6535,15.0673,0.0014,-1.0000
16.6655,1.0000,364.1020,1.4537,0.3258,16.6589,16.6549,15.2697,0.0015,-1.0000
16.6690,1.0000,364.1186,1.2671,0.2704,16.6580,16.6599,15.4105,0.0013,-1.0000
16.6651,1.0000,364.1352,1.0462,0.3456,16.6826,16.6472,15.3379,0.0009,-1.0000
16.6654,1.0000,364.1518,1.5846,0.3424,16.6628,16.6516,15.4741,0.0011,-1.0000
16.6701,1.0000,364.1687,1.3835,0.2542,16.6657,16.6700,15.6502,0.0008,-1.0000
16.6651,1.0000,364.1852,1.2481,0.3268,16.6745,16.6526,15.2728,0.0014,-1.0000
16.6657,1.0000,364.2019,1.3088,0.2755,16.6575,16.6537,15.3211,0.0013,-1.0000
16.6698,1.0000,364.2187,1.1763,0.2645,16.6588,16.6754,15.4944,0.0015,-1.0000
16.6648,1.0000,364.2352,1.0188,0.3386,16.6811,16.6382,15.3166,0.0017,-1.0000
16.6629,1.0000,364.2517,1.3786,0.3165,16.6616,16.6443,15.4855,0.0015,-1.0000
16.6704,1.0000,364.2686,1.3315,0.2598,16.6616,16.6745,15.6456,0.0015,-1.0000
16.6674,1.0000,364.2852,1.1798,0.3596,16.6891,16.6626,15.1934,0.0015,-1.0000
16.6636,1.0000,364.3018,1.3196,0.2638,16.6488,16.6454,15.3442,0.0009,-1.0000
16.6690,1.0000,364.3186,1.1575,0.2852,16.6515,16.6692,15.6113,0.0009,-1.0000
16.6674,1.0000,364.3352,1.0273,0.2628,16.6812,16.6580,15.2951,0.0013,-1.0000
16.6663,1.0000,364.3518,1.4679,0.3020,16.6709,16.6569,15.3863,0.0013,-1.0000
16.6654,1.0000,364.3685,1.3004,0.3156,16.6531,16.6530,15.4520,0.0013,-1.0000
16.6687,1.0000,364.3853,1.0571,0.3098,16.6770,16.6650,15.5467,0.0014,-1.0000
16.6667,1.0000,364.4019,1.3617,0.3324,16.6671,16.6578,15.3112,0.0015,-1.0000
16.6664,1.0000,364.4185,1.2691,0.3020,16.6651,16.6545,15.4572,0.0014,-1.0000
16.6681,1.0000,364.4353,1.1998,0.2803,16.6611,16.6638,15.4215,0.0012,-1.0000
16.6655,1.0000,364.4518,1.1169,0.3091,16.6746,16.6498,15.2337,0.0012,-1.0000
16.6632,1.0000,364.4685,1.3451,0.3277,16.6676,16.6479,15.5188,0.0013,-1.0000
16.6709,1.0000,364.4852,1.1958,0.3033,16.6632,16.6764,15.6063,0.0009,-1.0000
16.6663,1.0000,364.5019,1.2410,0.3548,16.6741,16.6741,15.4046,0.0014,-1.0000
16.6664,1.0000,364.5186,1.4150,0.2945,16.6600,16.6374,15.4309,0.0014,-1.0000
16.6678,1.0000,364.5353,1.1278,0.2524,16.6546,16.6615,15.3734,0.0013,-1.0000
16.6663,1.0000,364.5518,1.0695,0.3451,16.6832,16.6545,15.3267,0.0010,-1.0000
16.6647,1.0000,364.5685,1.2681,0.3270,16.6831,16.6517,15.4731,0.0012,-1.0000
16.6688,1.0000,364.5852,1.2047,0.3304,16.6457,16.6636,15.5593,0.0011,-1.0000
16.6674,1.0000,364.6019,1.2865,0.3023,16.6714,16.6610,15.4111,0.0010,-1.0000
16.6654,1.0000,364.6186,1.3266,0.2984,16.6648,16.6572,15.3570,0.0012,-1.0000
16.6683,1.0000,364.6353,1.1776,0.2647,16.6598,16.6587,15.4197,0.0012,-1.0000
16.6656,1.0000,364.6518,1.1029,0.3041,16.6713,16.6560,15.3248,0.0009,-1.0000
16.6654,1.0000,364.6685,1.2486,0.2774,16.6697,16.6528,15.4533,0.0011,-1.0000
16.6693,1.0000,364.6853,1.2986,0.3110,16.6663,16.6699,15.5283,0.0008,-1.0000
16.6621,1.0000,364.7018,1.2368,0.3832,16.6679,16.6342,15.3077,0.0010,-1.0000
16.6701,1.0000,364.7185,1.3298,0.3118,16.6653,16.6771,15.6469,0.0009,-1.0000
16.6665,1.0000,364.7353,1.1981,0.2668,16.6610,16.6639,15.5007,0.0012,-1.0000
16.6649,1.0000,364.7517,1.1405,0.3378,16.6799,16.6399,15.4195,0.0011,-1.0000
16.6684,1.0000,364.7686,1.3254,0.2924,16.6432,16.6676,15.6458,0.0009,-1.0000
16.6678,1.0000,364.7853,1.0294,0.2877,16.6845,16.6624,15.4268,0.0014,-1.0000
16.6637,1.0000,364.8018,1.1618,0.2683,16.6746,16.6444,15.1977,0.0011,-1.0000
16.6688,1.0000,364.8187,1.2194,0.2997,16.6477,16.6691,15.5817,0.0008,-1.0000
16.6680,1.0000,364.8352,1.0207,0.2783,16.6751,16.6572,15.0171,0.0012,-1.0000
16.6647,1.0000,364.8518,1.2342,0.3527,16.6718,16.6496,15.5061,0.0012,-1.0000
16.6681,1.0000,364.8686,1.4456,0.2851,16.6524,16.6658,15.4981,0.0011,-1.0000
16.6673,1.0000,364.8852,1.0864,0.4078,16.6772,16.6588,15.2356,0.0013,-1.0000
16.6652,1.0000,364.9022,1.6386,0.2770,16.6670,16.6525,15.4805,0.0011,-1.0000
16.6681,1.0000,364.9187,1.1421,0.3242,16.6588,16.6677,15.0485,0.0014,-1.0000
16.6676,1.0000,364.9353,1.1667,0.3551,16.6746,16.6538,15.0500,0.0012,-1.0000
16.6642,1.0000,364.9518,1.4217,0.2722,16.6676,16.6475,15.1887,0.0010,-1.0000
16.6679,1.0000,364.9685,1.1709,0.2776,16.6609,16.6631,15.5885,0.0010,-1.0000
16.6691,1.0000,364.9853,1.6174,0.3383,16.6790,16.6637,15.4670,0.0010,-1.0000
16.6652,1.0000,365.0019,1.6023,0.3041,16.6643,16.6523,15.3797,0.0015,-1.0000
16.6649,1.0000,365.0189,1.4575,0.3033,16.6552,16.6525,15.4390,0.0012,-1.0000
16.6697,1.0000,365.0354,1.0735,0.2948,16.6715,16.6710,15.1110,0.0013,-1.0000
16.6648,1.0000,365.0518,1.1957,0.2853,16.6727,16.6474,14.9478,0.0017,-1.0000
16.6664,1.0000,365.0686,1.2707,0.3027,16.6620,16.6587,15.5228,0.0010,-1.0000
16.6689,1.0000,365.0853,1.2123,0.4352,16.6604,16.6686,15.3034,0.0012,-1.0000
16.6630,1.0000,365.1019,1.5586,0.4035,16.6805,16.6392,14.7050,0.0013,-1.0000
16.6688,1.0000,365.1186,1.6983,0.3275,16.6559,16.6710,15.4931,0.0010,-1.0000
16.6678,1.0000,365.1353,1.1348,0.4150,16.6670,16.6578,15.3806,0.0011,-1.0000
16.6669,1.0000,365.1519,1.3639,0.5595,16.6786,16.6546,15.2154,0.0012,-1.0000
16.6649,1.0000,365.1685,1.9332,0.3256,16.6485,16.6535,15.4845,0.0014,-1.0000
16.6697,1.0000,365.1853,1.1768,0.3730,16.6790,16.6681,15.4346,0.0010,-1.0000
16.6637,1.0000,365.2019,1.2761,0.4086,16.6687,16.6470,14.9325,0.0012,-1.0000
16.6670,1.0000,365.2185,1.4379,0.3437,16.6640,16.6585,15.4744,0.0012,-1.0000
16.6686,1.0000,365.2352,1.1673,0.3412,16.6617,16.6678,15.4605,0.0011,-1.0000
16.6669,1.0000,365.2518,1.2325,0.3732,16.6757,16.6540,15.3186,0.0015,-1.0000
16.6670,1.0000,365.2686,1.7133,0.3180,16.6556,16.6603,15.4806,0.0010,-1.0000
16.6706,1.0000,365.2855,1.1829,0.2851,16.6658,16.6982,15.3533,0.0013,-1.0000
16.6642,1.0000,365.3019,1.2062,0.3236,16.6759,16.6140,14.6725,0.0010,-1.0000
16.6667,1.0000,365.3186,1.3340,0.3072,16.6635,16.6574,15.4950,0.0014,-1.0000
16.6703,1.0000,365.3355,1.1783,0.3234,16.6686,16.6744,15.3750,0.0013,-1.0000
16.6639,1.0000,365.3518,1.3435,0.4223,16.7088,16.6418,14.8230,0.0015,-1.0000
16.6682,1.0000,365.3686,1.9407,0.2884,16.6232,16.6628,15.4195,0.0013,-1.0000
16.6673,1.0000,365.3854,1.1612,0.3048,16.6647,16.6601,15.2110,0.0012,-1.0000
16.6632,1.0000,365.4019,1.2978,0.4199,16.6847,16.6448,15.1244,0.0012,-1.0000
16.6678,1.0000,365.4186,1.8174,0.3637,16.6522,16.6649,15.5476,0.0016,-1.0000
16.6686,1.0000,365.4353,1.2419,0.6154,16.6710,16.6610,15.1674,0.0015,-1.0000
16.6655,1.0000,365.4521,1.4479,0.3122,16.6705,16.6538,15.4138,0.0014,-1.0000
16.6681,1.0000,365.4691,1.5195,0.2830,16.6534,16.6632,15.1273,0.0009,-1.0000
16.6669,1.0000,365.4855,1.1157,0.3116,16.6727,16.6608,14.7464,0.0011,-1.0000
16.6655,1.0000,365.5019,1.4924,0.2996,16.6690,16.6507,15.0552,0.0012,-1.0000
16.6665,1.0000,365.5187,1.2386,0.4105,16.6627,16.6616,15.4147,0.0012,-1.0000
16.6689,1.0000,365.5352,1.5345,0.4294,16.6709,16.6569,15.0369,0.0010,-1.0000
16.6666,1.0000,365.5518,1.9133,0.3540,16.6706,16.6582,15.4173,0.0012,-1.0000
16.6690,1.0000,365.5688,1.5943,0.3425,16.6590,16.6620,15.4545,0.0011,-1.0000
16.6649,1.0000,365.5852,1.2456,0.3547,16.6705,16.6524,15.1757,0.0013,-1.0000
16.6667,1.0000,365.6020,1.6187,0.3063,16.6684,16.6580,15.4013,0.0010,-1.0000
16.6689,1.0000,365.6186,1.2396,0.3531,16.6681,16.6608,15.2330,0.0013,-1.0000
16.6644,1.0000,365.6352,1.2060,0.4026,16.6726,16.6508,15.3887,0.0011,-1.0000
16.6670,1.0000,365.6519,1.4752,0.3398,16.6613,16.6617,15.4158,0.0015,-1.0000
16.6682,1.0000,365.6687,1.2561,0.3835,16.6671,16.6624,15.2866,0.0012,-1.0000
16.6657,1.0000,365.6853,1.4262,0.3985,16.6696,16.6468,15.0764,0.0016,-1.0000
16.6654,1.0000,365.7019,1.2609,0.3469,16.6599,16.6554,15.3380,0.0011,-1.0000
16.6682,1.0000,365.7186,1.2442,0.3073,16.6725,16.6635,15.5259,0.0010,-1.0000
16.6669,1.0000,365.7352,1.3745,0.3584,16.6739,16.6544,15.0975,0.0015,-1.0000
16.6637,1.0000,365.7518,1.5683,0.3255,16.6559,16.6524,15.4401,0.0012,-1.0000
16.6696,1.0000,365.7687,1.3163,0.3165,16.6634,16.6689,15.5615,0.0012,-1.0000
16.6668,1.0000,365.7852,1.1363,0.4033,16.6731,16.6519,15.1287,0.0012,-1.0000
16.6652,1.0000,365.8019,1.5552,0.2929,16.6640,16.6536,15.3990,0.0013,-1.0000
16.6677,1.0000,365.8186,1.2112,0.3404,16.6606,16.6631,15.4640,0.0013,-1.0000
16.6670,1.0000,365.8353,1.1063,0.3203,16.6776,16.6591,15.2995,0.0014,-1.0000
16.6636,1.0000,365.8517,1.5217,0.2944,16.6613,16.6460,15.4635,0.0016,-1.0000
16.6703,1.0000,365.8687,1.2534,0.2955,16.6620,16.6775,15.6637,0.0009,-1.0000
16.6662,1.0000,365.8852,1.1979,0.3439,16.6718,16.6520,14.7335,0.0018,-1.0000
16.6654,1.0000,365.9019,1.3581,0.2981,16.6679,16.6538,15.4297,0.0012,-1.0000
16.6692,1.0000,365.9186,1.1812,0.3684,16.6526,16.6659,15.3462,0.0011,-1.0000
16.6664,1.0000,365.9352,1.0127,0.3828,16.6851,16.6565,15.3268,0.0013,-1.0000
16.6640,1.0000,365.9517,1.9168,0.3158,16.6603,16.6456,15.4287,0.0012,-1.0000
16.6683,1.0000,365.9685,1.2227,0.3252,16.6632,16.6679,15.7034,0.0012,-1.0000
16.6693,1.0000,365.9854,1.3186,0.3444,16.6749,16.6675,15.4815,0.0013,-1.0000
16.6647,1.0000,366.0019,1.3281,0.2889,16.6664,16.6471,15.1481,0.0013,-1.0000
16.6684,1.0000,366.0186,1.2157,0.4706,16.6528,16.6623,15.5040,0.0013,-1.0000
16.6682,1.0000,366.0354,0.9631,0.2934,16.6756,16.6601,15.3654,0.0010,-1.0000
16.6622,1.0000,366.0518,1.1845,0.3394,16.6770,16.6471,15.0063,0.0018,-1.0000
16.6673,1.0000,366.0687,1.4976,0.2961,16.6563,16.6653,15.5307,0.0009,-1.0000
16.6695,1.0000,366.0853,1.1568,0.3034,16.6709,16.6582,15.0654,0.0013,-1.0000
16.6648,1.0000,366.1019,1.2934,0.3590,16.6694,16.6519,15.2706,0.0013,-1.0000
16.6689,1.0000,366.1187,1.6393,0.2998,16.6552,16.7756,15.4566,0.0013,-1.0000
16.6657,1.0000,366.1353,1.1342,0.3086,16.6754,16.5453,15.2280,0.0012,-1.0000
16.6639,1.0000,366.1517,1.5914,0.3202,16.6674,16.6449,15.3727,0.0013,-1.0000
16.6689,1.0000,366.1685,1.3801,0.2891,16.6605,16.6706,15.7208,0.0009,-1.0000
16.6673,1.0000,366.1852,1.3175,0.3162,16.7846,16.6614,15.3840,0.0013,-1.0000
16.6638,1.0000,366.2018,1.3163,0.3271,16.5552,16.6491,15.4101,0.0012,-1.0000
16.6688,1.0000,366.2186,1.2710,0.3239,16.6525,16.6687,15.5616,0.0010,-1.0000
16.6684,1.0000,366.2352,0.9489,0.4755,16.6775,16.6609,15.1040,0.0012,-1.0000
16.6632,1.0000,366.2517,1.2761,0.2872,16.6692,16.6484,15.5069,0.0012,-1.0000
16.6702,1.0000,366.2686,1.2378,0.2729,16.6571,16.6759,15.6774,0.0009,-1.0000
16.6663,1.0000,366.2853,1.1058,0.3046,16.6752,16.6522,15.2623,0.0012,-1.0000
16.6658,1.0000,366.3019,1.5558,0.2893,16.6686,16.6543,15.4013,0.0013,-1.0000
16.6676,1.0000,366.3186,1.1405,0.2945,16.6552,16.6622,15.4653,0.0012,-1.0000
16.6667,1.0000,366.3353,0.9974,0.3355,16.6840,16.6582,15.4062,0.0012,-1.0000
16.6647,1.0000,366.3518,1.3886,0.2826,16.6611,16.6506,15.3623,0.0011,-1.0000
16.6688,1.0000,366.3686,1.2518,0.3595,16.6629,16.6660,15.5402,0.0011,-1.0000
16.6670,1.0000,366.3852,1.1956,0.3556,16.6706,16.6593,15.4888,0.0015,-1.0000
16.6664,1.0000,366.4019,1.2507,0.2803,16.6671,16.6551,15.4345,0.0012,-1.0000
16.6661,1.0000,366.4186,1.2871,0.2700,16.6586,16.6615,15.4677,0.0013,-1.0000
16.6685,1.0000,366.4352,1.1247,0.3340,16.6739,16.6611,15.3748,0.0011,-1.0000
16.6641,1.0000,366.4518,1.1688,0.3384,16.6670,16.6457,15.4730,0.0011,-1.0000
16.6656,1.0000,366.4685,1.2195,0.2876,16.6631,16.6584,15.5871,0.0010,-1.0000
16.6706,1.0000,366.4853,1.1925,0.3127,16.6693,16.6748,15.5263,0.0012,-1.0000
16.6658,1.0000,366.5019,1.2851,0.3155,16.6706,16.6531,15.1418,0.0017,-1.0000
16.6672,1.0000,366.5186,1.1719,0.2803,16.6533,16.6611,15.5013,0.0013,-1.0000
16.6691,1.0000,366.5354,1.0703,0.3124,16.6649,16.6671,15.1057,0.0015,-1.0000
16.6643,1.0000,366.5518,1.1472,0.4342,16.6823,16.6436,15.0741,0.0011,-1.0000
16.6669,1.0000,366.5686,1.5096,0.3039,16.6618,16.6601,15.5359,0.0011,-1.0000
16.6677,1.0000,366.5854,1.1583,0.4229,16.6697,16.6608,15.2066,0.0012,-1.0000
16.6655,1.0000,366.6019,1.5596,0.3677,16.6780,16.6510,15.0831,0.0015,-1.0000
16.6676,1.0000,366.6186,1.5686,0.2970,16.6535,16.6629,15.3263,0.0013,-1.0000
16.6674,1.0000,366.6352,1.1232,0.2772,16.6688,16.6581,15.4345,0.0011,-1.0000
16.6660,1.0000,366.6518,1.4528,0.3325,16.6707,16.6492,15.4031,0.0015,-1.0000
16.6656,1.0000,366.6685,1.5667,0.3009,16.6608,16.6579,15.5808,0.0011,-1.0000
16.6695,1.0000,366.6854,1.3353,0.3375,16.6721,16.6686,15.5365,0.0011,-1.0000
16.6630,1.0000,366.7018,1.2225,0.3566,16.6688,16.6416,15.2294,0.0011,-1.0000
16.6692,1.0000,366.7185,1.2446,0.3274,16.6577,16.6666,15.5283,0.0011,-1.0000
16.6661,1.0000,366.7352,1.0759,0.2921,16.6658,16.6600,15.4688,0.0012,-1.0000
16.6671,1.0000,366.7518,1.1309,0.5341,16.6792,16.6558,15.4652,0.0009,-1.0000
16.6669,1.0000,366.7686,1.4112,0.2868,16.6500,16.6645,15.5413,0.0009,-1.0000
16.6672,1.0000,366.7853,1.1370,0.3006,16.6729,16.6521,15.3583,0.0015,-1.0000
16.6660,1.0000,366.8019,1.1900,0.3275,16.6691,16.6561,15.3339,0.0015,-1.0000
16.6662,1.0000,366.8186,1.1894,0.3284,16.6648,16.6579,15.4808,0.0012,-1.0000
16.6672,1.0000,366.8352,1.1219,0.3042,16.6740,16.6605,15.4465,0.0013,-1.0000
16.6673,1.0000,366.8518,1.2917,0.2680,16.6611,16.6574,15.3903,0.0013,-1.0000
16.6666,1.0000,366.8686,1.3200,0.2774,16.6651,16.6599,15.4762,0.0010,-1.0000
16.6674,1.0000,366.8853,1.1758,0.2925,16.6660,16.6561,15.4259,0.0012,-1.0000
16.6645,1.0000,366.9019,1.2127,0.3624,16.6687,16.6525,15.1968,0.0013,-1.0000
16.6650,1.0000,366.9185,1.2657,0.3355,16.6666,16.6538,15.5264,0.0011,-1.0000
16.6724,1.0000,366.9354,1.1825,0.3440,16.6688,16.6740,15.5430,0.0015,-1.0000
16.6629,1.0000,366.9518,1.2288,0.3817,16.6664,16.6441,14.9079,0.0015,-1.0000
16.6671,1.0000,366.9686,1.4547,0.2629,16.6616,16.6652,15.6730,0.0010,-1.0000
16.6685,1.0000,366.9852,1.1263,0.2788,16.6608,16.6615,15.4085,0.0012,-1.0000
16.6636,1.0000,367.0018,1.1292,0.3411,16.6839,16.6467,15.4229,0.0010,-1.0000
16.6681,1.0000,367.0187,1.7347,0.2778,16.6529,16.6644,15.6435,0.0011,-1.0000
16.6691,1.0000,367.0353,0.9908,0.3425,16.6738,16.6689,15.3686,0.0012,-1.0000
16.6638,1.0000,367.0518,1.2517,0.2801,16.6688,16.6428,15.1528,0.0012,-1.0000
16.6675,1.0000,367.0685,1.2230,0.2667,16.6545,16.6613,15.6285,0.0014,-1.0000
16.6691,1.0000,367.0854,1.0197,0.2712,16.6717,16.6700,15.5027,0.0011,-1.0000
16.6655,1.0000,367.1020,1.2992,0.3979,16.6801,16.6478,15.1467,0.0014,-1.0000
16.6637,1.0000,367.1185,1.4891,0.2800,16.6520,16.6494,15.3550,0.0014,-1.0000
16.6695,1.0000,367.1352,1.0313,0.2839,16.6693,16.6687,15.6352,0.0008,-1.0000
16.6674,1.0000,367.1518,1.1661,0.3669,16.6798,16.6603,15.1916,0.0009,-1.0000
16.6666,1.0000,367.1685,1.4995,0.3168,16.6579,16.6537,15.4295,0.0013,-1.0000
16.6676,1.0000,367.1854,1.2929,0.2729,16.6569,16.6663,15.4367,0.0010,-1.0000
16.6658,1.0000,367.2019,1.0325,0.3526,16.6768,16.6466,14.9874,0.0012,-1.0000
16.6654,1.0000,367.2186,1.4678,0.3308,16.6690,16.6530,15.4075,0.0012,-1.0000
16.6686,1.0000,367.2353,1.2231,0.3407,16.6627,16.6669,15.4599,0.0013,-1.0000
16.6655,1.0000,367.2518,1.2284,0.7361,16.6779,16.6511,15.1237,0.0014,-1.0000
16.6667,1.0000,367.2686,1.6578,0.3197,16.6576,16.6569,15.3915,0.0011,-1.0000
16.6697,1.0000,367.2853,1.2440,0.2730,16.6613,16.6690,15.3721,0.0011,-1.0000
16.6656,1.0000,367.3019,1.2056,0.3471,16.6763,16.6493,15.3411,0.0013,-1.0000
16.6662,1.0000,367.3186,1.5260,0.3498,16.6612,16.6525,15.3796,0.0012,-1.0000
16.6681,1.0000,367.3353,1.2641,0.3157,16.6651,16.6626,15.4094,0.0010,-1.0000
16.6652,1.0000,367.3518,1.2954,0.3210,16.6794,16.6493,15.3065,0.0015,-1.0000
16.6665,1.0000,367.3686,1.3068,0.3280,16.6620,16.6587,15.5324,0.0011,-1.0000
16.6668,1.0000,367.3854,1.2715,0.2941,16.6618,16.6577,15.4763,0.0012,-1.0000
16.6676,1.0000,367.4020,1.2521,0.4642,16.6737,16.6550,15.1393,0.0010,-1.0000
16.6666,1.0000,367.4186,1.3412,0.2905,16.6584,16.6602,15.3460,0.0014,-1.0000
16.6665,1.0000,367.4353,1.1252,0.2992,16.6685,16.6556,15.3844,0.0012,-1.0000
16.6662,1.0000,367.4518,1.1798,0.2940,16.6692,16.6553,15.1733,0.0012,-1.0000
16.6668,1.0000,367.4685,1.5145,0.3115,16.6645,16.6598,15.5992,0.0010,-1.0000
16.6672,1.0000,367.4854,1.3126,0.3026,16.6699,16.6613,15.4457,0.0010,-1.0000
16.6673,1.0000,367.5019,1.2699,0.3778,16.6646,16.6531,15.2158,0.0011,-1.0000
16.6666,1.0000,367.5186,1.4808,0.2999,16.6630,16.6586,15.4258,0.0011,-1.0000
16.6664,1.0000,367.5356,1.0597,0.2985,16.6682,16.7779,15.3546,0.0013,-1.0000
16.6666,1.0000,367.5518,1.2146,0.3007,16.6725,16.5048,15.0499,0.0013,-1.0000
16.6661,1.0000,367.5686,1.4360,0.3350,16.6645,16.6578,15.5915,0.0010,-1.0000
16.6682,1.0000,367.5853,1.2316,0.3001,16.6676,16.6592,15.4882,0.0011,-1.0000
16.6665,1.0000,367.6019,1.4218,0.2948,16.8156,16.6574,15.2726,0.0014,-1.0000
16.6673,1.0000,367.6186,1.4534,0.2988,16.5129,16.6603,15.3550,0.0012,-1.0000
16.6671,1.0000,367.6353,1.0655,0.2999,16.6676,16.6588,15.4370,0.0014,-1.0000
16.6668,1.0000,367.6519,1.1699,0.3555,16.6687,16.6533,15.1060,0.0013,-1.0000
16.6628,1.0000,367.6685,1.3835,0.2989,16.6665,16.6425,15.4033,0.0013,-1.0000
16.6706,1.0000,367.6853,1.3041,0.3220,16.6689,16.6715,15.6811,0.0010,-1.0000
16.6655,1.0000,367.7019,1.2199,0.3628,16.6706,16.6545,15.3164,0.0013,-1.0000
16.6664,1.0000,367.7186,1.5458,0.2990,16.6657,16.6594,15.4949,0.0011,-1.0000
16.6684,1.0000,367.7353,1.2378,0.2569,16.6512,16.6622,15.2631,0.0011,-1.0000
16.6661,1.0000,367.7518,0.9892,0.3568,16.6793,16.6522,15.3731,0.0013,-1.0000
16.6648,1.0000,367.7686,1.3366,0.3046,16.6636,16.6503,15.5891,0.0011,-1.0000
16.6688,1.0000,367.7853,1.1633,0.3165,16.6693,16.6730,15.4708,0.0012,-1.0000
16.6656,1.0000,367.8019,1.3977,0.2723,16.6727,16.6465,15.2508,0.0012,-1.0000
16.6661,1.0000,367.8188,1.2776,0.2743,16.6613,16.6554,15.4672,0.0012,-1.0000
16.6681,1.0000,367.8353,1.0599,0.2798,16.6584,16.6627,15.1748,0.0012,-1.0000
16.6675,1.0000,367.8518,1.2009,0.3058,16.6835,16.6555,15.4274,0.0010,-1.0000
16.6636,1.0000,367.8685,1.3943,0.2753,16.6559,16.6479,15.5043,0.0011,-1.0000
16.6707,1.0000,367.8853,1.1870,0.4029,16.6650,16.6731,15.5190,0.0008,-1.0000
16.6653,1.0000,367.9019,1.4864,0.3583,16.6723,16.6533,15.3440,0.0013,-1.0000
16.6658,1.0000,367.9186,1.2266,0.3396,16.6642,16.6522,15.4161,0.0011,-1.0000
16.6694,1.0000,367.9353,1.1422,0.3141,16.6557,16.6704,15.4144,0.0015,-1.0000
16.6657,1.0000,367.9518,1.1532,0.3984,16.6817,16.6498,15.3044,0.0011,-1.0000
16.6653,1.0000,367.9686,1.3077,0.3740,16.6635,16.6499,15.3997,0.0013,-1.0000
16.6676,1.0000,367.9853,1.2349,0.3460,16.6605,16.6607,15.4229,0.0011,-1.0000
16.6671,1.0000,368.0020,1.2542,0.3263,16.6823,16.6628,15.0379,0.0016,-1.0000
16.6655,1.0000,368.0186,1.3440,0.3553,16.6603,16.6511,15.1676,0.0013,-1.0000
16.6673,1.0000,368.0353,1.2486,0.3434,16.6589,16.6626,15.3043,0.0014,-1.0000
16.6679,1.0000,368.0518,1.2366,0.3793,16.6690,16.6577,15.2728,0.0012,-1.0000
16.6629,1.0000,368.0685,1.6232,0.3071,16.6724,16.6482,15.5686,0.0016,-1.0000
16.6685,1.0000,368.0852,1.4821,0.3017,16.6596,16.6649,15.5319,0.0011,-1.0000
16.6684,1.0000,368.1020,1.3570,0.3259,16.6715,16.6641,15.4415,0.0015,-1.0000
16.6649,1.0000,368.1186,1.3836,0.2644,16.6667,16.6506,15.3504,0.0012,-1.0000
16.6682,1.0000,368.1353,1.0779,0.2792,16.6565,16.6660,15.4139,0.0011,-1.0000
16.6667,1.0000,368.1518,1.1318,0.3088,16.6732,16.6525,15.2271,0.0011,-1.0000
16.6652,1.0000,368.1685,1.2212,0.3365,16.6718,16.6505,15.5497,0.0013,-1.0000
16.6672,1.0000,368.1852,1.2988,0.2923,16.6589,16.6583,15.5398,0.0012,-1.0000
16.6682,1.0000,368.2019,1.2510,0.3796,16.6760,16.6676,15.3411,0.0012,-1.0000
16.6655,1.0000,368.2190,1.4244,0.2880,16.6625,16.6515,15.3980,0.0010,-1.0000
16.6701,1.0000,368.2354,1.0997,0.3314,16.6588,16.6722,14.9476,0.0015,-1.0000
16.6642,1.0000,368.2518,1.1170,0.3082,16.6662,16.6460,15.1167,0.0011,-1.0000
16.6637,1.0000,368.2685,1.3252,0.3785,16.6772,16.6459,15.4400,0.0013,-1.0000
16.6682,1.0000,368.2852,1.2527,0.3622,16.6599,16.6675,15.5508,0.0010,-1.0000
16.6724,1.0000,368.3021,1.7232,0.4445,16.6832,16.6780,15.4399,0.0014,-1.0000
16.6618,1.0000,368.3186,1.5278,0.3336,16.6548,16.6374,14.8765,0.0018,-1.0000
16.6677,1.0000,368.3353,1.2044,0.2889,16.6530,16.6609,15.3097,0.0009,-1.0000
16.6681,1.0000,368.3520,1.1157,0.3167,16.6742,16.6639,15.3910,0.0011,-1.0000
16.6644,1.0000,368.3686,1.2359,0.4120,16.6890,16.6473,14.9869,0.0015,-1.0000
16.6674,1.0000,368.3853,1.7592,0.3703,16.6475,16.6566,15.3795,0.0014,-1.0000
16.6685,1.0000,368.4020,1.3502,0.3872,16.6692,16.6681,15.3982,0.0013,-1.0000
16.6655,1.0000,368.4186,1.2715,0.5616,16.6734,16.6487,15.3712,0.0012,-1.0000
16.6669,1.0000,368.4353,1.6591,0.3470,16.6571,16.6597,15.4676,0.0012,-1.0000
16.6685,1.0000,368.4519,1.2757,0.3219,16.6645,16.6697,15.2591,0.0017,-1.0000
16.6635,1.0000,368.4686,1.2684,0.3201,16.6783,16.6371,15.1720,0.0016,-1.0000
16.6680,1.0000,368.4853,1.2764,0.3423,16.6576,16.6668,15.4857,0.0013,-1.0000
16.6687,1.0000,368.5019,1.1912,0.3825,16.6681,16.6651,15.0330,0.0015,-1.0000
16.6651,1.0000,368.5186,1.4088,0.3809,16.6799,16.6492,15.4330,0.0014,-1.0000
16.6679,1.0000,368.5352,1.4635,0.3046,16.6466,16.6639,15.3676,0.0013,-1.0000
16.6688,1.0000,368.5520,1.1798,0.4260,16.6734,16.6678,15.3248,0.0012,-1.0000
16.6638,1.0000,368.5686,1.6304,0.3183,16.6735,16.6440,15.1992,0.0012,-1.0000
16.6638,1.0000,368.5852,1.2144,0.3305,16.6578,16.6477,15.3542,0.0013,-1.0000
16.6706,1.0000,368.6020,1.2945,0.3804,16.6720,16.6758,15.4703,0.0011,-1.0000
16.6659,1.0000,368.6186,1.3418,0.3618,16.6786,16.6536,15.2525,0.0012,-1.0000
16.6669,1.0000,368.6354,1.4434,0.3105,16.6542,16.6556,15.3839,0.0012,-1.0000
16.6667,1.0000,368.6518,1.2920,0.3365,16.6557,16.6566,14.9998,0.0012,-1.0000
16.6665,1.0000,368.6686,1.2041,0.3610,16.6831,16.6596,15.5792,0.0009,-1.0000
16.6675,1.0000,368.6856,1.3998,0.3311,16.6637,16.6599,15.3583,0.0015,-1.0000
16.6667,1.0000,368.7019,1.2705,0.3914,16.6643,16.6558,14.9134,0.0012,-1.0000
16.6658,1.0000,368.7186,1.6556,0.2970,16.6651,16.6527,15.4432,0.0011,-1.0000
16.6682,1.0000,368.7354,1.0795,0.3754,16.6678,16.6721,15.4477,0.0013,-1.0000
16.6664,1.0000,368.7518,1.2999,0.3555,16.6695,16.6493,15.0884,0.0015,-1.0000
16.6660,1.0000,368.7686,1.7416,0.3257,16.6651,16.6568,15.4911,0.0012,-1.0000
16.6689,1.0000,368.7853,1.2084,0.3047,16.6604,16.6640,15.3618,0.0012,-1.0000
16.6660,1.0000,368.8019,1.2230,0.4850,16.6822,16.6543,15.2447,0.0014,-1.0000
16.6647,1.0000,368.8185,1.5597,0.3229,16.6600,16.6445,15.4699,0.0011,-1.0000
16.6688,1.0000,368.8353,1.1643,0.2966,16.6666,16.6681,15.4902,0.0011,-1.0000
16.6666,1.0000,368.8519,1.3011,0.3546,16.6748,16.6553,15.3454,0.0013,-1.0000
16.6656,1.0000,368.8686,1.4080,0.2849,16.6636,16.6575,15.4053,0.0011,-1.0000
16.6689,1.0000,368.8854,1.1735,0.2679,16.6528,16.6636,15.4259,0.0012,-1.0000
16.6660,1.0000,368.9019,1.1763,0.3150,16.6758,16.6506,15.2974,0.0012,-1.0000
16.6631,1.0000,368.9185,1.3083,0.3186,16.6644,16.6472,15.4450,0.0012,-1.0000
16.6715,1.0000,368.9353,1.2510,0.3149,16.6673,16.6760,15.5965,0.0015,-1.0000
16.6660,1.0000,368.9518,1.2365,0.3014,16.6752,16.6554,15.1345,0.0013,-1.0000
16.6645,1.0000,368.9686,1.3516,0.2671,16.6597,16.6501,15.4163,0.0010,-1.0000
16.6690,1.0000,368.9853,1.2009,0.2503,16.6541,16.6878,15.4160,0.0015,-1.0000
16.6668,1.0000,369.0020,1.0777,0.2924,16.6842,16.6409,15.3378,0.0013,-1.0000
16.6631,1.0000,369.0186,1.5195,0.3559,16.6642,16.6396,15.2159,0.0011,-1.0000
16.6689,1.0000,369.0353,1.2328,0.2914,16.6581,16.6682,15.5248,0.0012,-1.0000
16.6679,1.0000,369.0518,1.2703,0.2848,16.6967,16.6595,15.1829,0.0010,-1.0000
16.6649,1.0000,369.0686,1.3015,0.3013,16.6520,16.6494,15.5618,0.0014,-1.0000
16.6682,1.0000,369.0853,1.4225,0.2691,16.6480,16.6662,15.4186,0.0011,-1.0000
16.6685,1.0000,369.1021,1.1421,0.3005,16.6764,16.6675,15.2430,0.0013,-1.0000
16.6630,1.0000,369.1185,1.4755,0.3296,16.6680,16.6405,15.1457,0.0013,-1.0000
16.6691,1.0000,369.1353,1.0862,0.2749,16.6585,16.6644,15.5555,0.0011,-1.0000
16.6675,1.0000,369.1519,1.2462,0.3218,16.6738,16.6597,15.1800,0.0012,-1.0000
16.6656,1.0000,369.1686,1.4230,0.3403,16.6786,16.6565,15.4862,0.0014,-1.0000
16.6682,1.0000,369.1854,1.4933,0.2772,16.6497,16.6608,15.4119,0.0013,-1.0000
16.6670,1.0000,369.2020,1.1075,0.2920,16.6715,16.6570,15.0440,0.0012,-1.0000
16.6640,1.0000,369.2185,1.4785,0.3107,16.6682,16.6464,15.4083,0.0014,-1.0000
16.6687,1.0000,369.2353,1.1689,0.3130,16.6651,16.6665,15.5131,0.0012,-1.0000
16.6674,1.0000,369.2518,1.2475,0.3031,16.6726,16.6584,15.2339,0.0012,-1.0000
16.6655,1.0000,369.2686,1.6119,0.2712,16.6672,16.6523,15.3904,0.0013,-1.0000
16.6679,1.0000,369.2853,1.2368,0.2693,16.6551,16.6630,15.4368,0.0013,-1.0000
16.6677,1.0000,369.3021,1.1519,0.3102,16.6765,16.6642,15.3451,0.0016,-1.0000
16.6636,1.0000,369.3186,1.4232,0.3098,16.6675,16.6343,15.0304,0.0016,-1.0000
16.6680,1.0000,369.3353,1.2610,0.2672,16.6617,16.6632,15.4362,0.0014,-1.0000
16.6679,1.0000,369.3518,1.2250,0.3559,16.6740,16.6605,15.4086,0.0013,-1.0000
16.6667,1.0000,369.3686,1.3173,0.3398,16.6780,16.6577,15.5062,0.0014,-1.0000
16.6672,1.0000,369.3853,1.6023,0.2708,16.6445,16.6604,15.3283,0.0014,-1.0000
16.6688,1.0000,369.4019,1.2256,0.2800,16.6711,16.6592,15.3264,0.0013,-1.0000
16.6622,1.0000,369.4185,1.2505,0.3016,16.6681,16.6470,15.2898,0.0016,-1.0000
16.6690,1.0000,369.4353,1.1502,0.3528,16.6670,16.6656,15.5127,0.0012,-1.0000
16.6673,1.0000,369.4518,1.3303,0.2881,16.6697,16.6564,15.1643,0.0013,-1.0000
16.6653,1.0000,369.4686,1.3315,0.3123,16.6686,16.6526,15.5321,0.0010,-1.0000
16.6678,1.0000,369.4853,1.3559,0.2878,16.6561,16.6656,15.4497,0.0014,-1.0000
16.6667,1.0000,369.5019,1.1516,0.3076,16.6760,16.6517,15.3278,0.0015,-1.0000
16.6669,1.0000,369.5186,1.4906,0.2741,16.6651,16.6572,15.4174,0.0013,-1.0000
16.6667,1.0000,369.5353,1.1194,0.3170,16.6613,16.6609,15.3708,0.0014,-1.0000
16.6669,1.0000,369.5518,1.2144,0.3552,16.6751,16.6535,15.3514,0.0015,-1.0000
16.6664,1.0000,369.5687,1.3221,0.3309,16.6616,16.6573,15.5657,0.0011,-1.0000
16.6666,1.0000,369.5853,1.2385,0.2888,16.6672,16.6582,15.2663,0.0012,-1.0000
16.6689,1.0000,369.6020,1.2885,0.4229,16.6718,16.6646,15.3140,0.0013,-1.0000
16.6652,1.0000,369.6186,1.3005,0.2742,16.6626,16.6470,15.1177,0.0013,-1.0000
16.6672,1.0000,369.6353,1.0904,0.3054,16.6665,16.6618,15.4102,0.0013,-1.0000
16.6670,1.0000,369.6518,1.3903,0.3036,16.6674,16.6552,15.3919,0.0012,-1.0000
16.6646,1.0000,369.6686,1.3493,0.2990,16.6748,16.6518,15.5246,0.0013,-1.0000
16.6698,1.0000,369.6853,1.5280,0.3157,16.6567,16.6690,15.4183,0.0014,-1.0000
16.6652,1.0000,369.7019,1.2500,0.3678,16.6722,16.6487,15.2327,0.0011,-1.0000
16.6673,1.0000,369.7186,1.2619,0.2731,16.6641,16.6595,15.4691,0.0011,-1.0000
16.6671,1.0000,369.7353,1.1258,0.2824,16.6601,16.6588,15.4435,0.0014,-1.0000
16.6670,1.0000,369.7519,1.2492,0.3394,16.6797,16.6565,15.2947,0.0012,-1.0000
16.6639,1.0000,369.7686,1.4147,0.2943,16.6587,16.6485,15.4169,0.0011,-1.0000
16.6689,1.0000,369.7853,1.1893,0.3187,16.6691,16.6712,15.4470,0.0009,-1.0000
16.6669,1.0000,369.8020,1.2137,0.3143,16.6688,16.6524,15.2661,0.0012,-1.0000
16.6664,1.0000,369.8186,1.3602,0.2961,16.6654,16.6584,15.4628,0.0011,-1.0000
16.6669,1.0000,369.8352,1.2304,0.2651,16.6564,16.6557,15.3183,0.0014,-1.0000
16.6666,1.0000,369.8518,1.2230,0.2889,16.6799,16.6575,15.3529,0.0011,-1.0000
16.6648,1.0000,369.8685,1.3850,0.2959,16.6620,16.6527,15.5170,0.0011,-1.0000
16.6680,1.0000,369.8853,1.1948,0.3028,16.6678,16.6649,15.5832,0.0011,-1.0000
16.6755,1.0000,369.9020,1.3359,0.3048,16.6646,16.6724,15.3440,0.0015,-1.0000
16.6584,1.0000,369.9186,1.3034,0.2833,16.6661,16.6391,15.2998,0.0010,-1.0000
16.6678,1.0000,369.9353,1.1346,0.3059,16.6595,16.6646,15.4928,0.0013,-1.0000
16.6664,1.0000,369.9519,1.0805,0.3232,16.6727,16.6586,15.2652,0.0012,-1.0000
16.6653,1.0000,369.9686,1.3270,0.3142,16.6836,16.6485,15.1955,0.0017,-1.0000
16.6672,1.0000,369.9853,1.3385,0.2806,16.6468,16.6638,15.5170,0.0012,-1.0000
16.6685,1.0000,370.0020,1.1704,0.3008,16.6730,16.6656,15.4169,0.0012,-1.0000
16.6648,1.0000,370.0186,1.3921,0.3619,16.6698,16.6459,15.2818,0.0012,-1.0000
16.6684,1.0000,370.0353,1.4512,0.2779,16.6570,16.6654,15.4437,0.0014,-1.0000
16.6673,1.0000,370.0521,1.1452,0.2834,16.6711,16.6597,15.3465,0.0015,-1.0000
16.6625,1.0000,370.0685,1.2472,0.2680,16.6751,16.6413,15.1605,0.0013,-1.0000
16.6672,1.0000,370.0853,1.3627,0.3573,16.6539,16.7154,15.7174,0.0011,-1.0000
16.6708,1.0000,370.1020,1.2203,0.3413,16.6732,16.6235,15.3858,0.0011,-1.0000
16.6650,1.0000,370.1186,1.3116,0.3807,16.6688,16.6527,15.1574,0.0013,-1.0000
16.6663,1.0000,370.1353,1.4797,0.3069,16.6475,16.6580,15.4563,0.0014,-1.0000
16.6697,1.0000,370.1519,0.9968,0.4075,16.7215,16.6672,15.3156,0.0014,-1.0000
16.6655,1.0000,370.1686,1.2364,0.4228,16.6321,16.6519,15.3217,0.0012,-1.0000
16.6664,1.0000,370.1853,1.4937,0.3428,16.6612,16.6559,15.2721,0.0017,-1.0000
16.6683,1.0000,370.2021,1.2002,0.4150,16.6662,16.6577,15.2061,0.0012,-1.0000
16.6667,1.0000,370.2186,1.3500,0.3645,16.6774,16.6539,15.1304,0.0013,-1.0000
16.6656,1.0000,370.2353,1.3286,0.3633,16.6631,16.6523,15.3346,0.0015,-1.0000
16.6669,1.0000,370.2518,1.3821,0.3867,16.6672,16.6604,15.3341,0.0013,-1.0000
16.6672,1.0000,370.2686,1.4500,0.5401,16.6705,16.6563,15.6062,0.0011,-1.0000
16.6652,1.0000,370.2852,1.5220,0.3569,16.6644,16.6484,15.2743,0.0013,-1.0000
16.6648,1.0000,370.3019,1.3161,0.3026,16.6628,16.6504,15.4959,0.0012,-1.0000
16.6699,1.0000,370.3186,1.3249,0.2646,16.6696,16.6738,15.4009,0.0014,-1.0000
16.6659,1.0000,370.3353,1.0486,0.3231,16.6686,16.7145,15.3010,0.0012,-1.0000
16.6652,1.0000,370.3518,1.3727,0.2869,16.6589,16.5925,15.3680,0.0013,-1.0000
16.6687,1.0000,370.3687,1.1533,0.3610,16.6577,16.6698,15.5045,0.0012,-1.0000
16.6657,1.0000,370.3853,1.2713,0.3216,16.6815,16.6526,15.2607,0.0011,-1.0000
16.6660,1.0000,370.4019,1.4123,0.3227,16.7228,16.6535,15.4480,0.0014,-1.0000
16.6681,1.0000,370.4186,1.2233,0.2701,16.6001,16.6661,15.4596,0.0012,-1.0000
16.6680,1.0000,370.4353,1.1641,0.3363,16.6786,16.6573,15.3782,0.0010,-1.0000
16.6631,1.0000,370.4518,1.3909,0.2828,16.6606,16.6464,15.3915,0.0018,-1.0000
16.6699,1.0000,370.4687,1.2040,0.2793,16.6616,16.6779,15.6415,0.0010,-1.0000
16.6659,1.0000,370.4853,1.2049,0.3129,16.6762,16.6482,15.2211,0.0016,-1.0000
16.6655,1.0000,370.5019,1.2779,0.2817,16.6660,16.6507,15.4680,0.0012,-1.0000
16.6684,1.0000,370.5187,1.2530,0.2821,16.6543,16.6658,15.4712,0.0014,-1.0000
16.6670,1.0000,370.5352,1.0352,0.3092,16.6871,16.6586,15.2684,0.0013,-1.0000
16.6647,1.0000,370.5518,1.4254,0.2907,16.6588,16.6473,15.4547,0.0011,-1.0000
16.6683,1.0000,370.5686,1.1816,0.2870,16.6587,16.6687,15.6807,0.0011,-1.0000
16.6668,1.0000,370.5852,1.1930,0.3993,16.6735,16.6559,15.3456,0.0012,-1.0000
16.6668,1.0000,370.6020,1.3888,0.2941,16.6673,16.6608,15.5012,0.0010,-1.0000
16.6674,1.0000,370.6186,1.1914,0.2859,16.6562,16.6595,15.2677,0.0013,-1.0000
16.6666,1.0000,370.6352,0.9870,0.3111,16.6763,16.6494,15.3900,0.0015,-1.0000
16.6651,1.0000,370.6519,1.3090,0.2831,16.6644,16.6562,15.4720,0.0011,-1.0000
16.7575,1.0000,370.6688,1.1587,0.3224,16.6704,16.8144,15.5025,0.0012,-1.0000
16.6031,1.0000,370.6854,1.3905,0.3753,16.6710,16.5267,15.0807,0.0011,-1.0000
16.6645,1.0000,370.7019,1.2579,0.2982,16.6601,16.6493,15.2903,0.0014,-1.0000
16.7629,1.0000,370.7194,1.1830,0.2903,16.6655,16.7651,15.5812,0.0019,-1.0000
16.6222,1.0000,370.7354,1.3105,0.3391,16.8275,16.6084,14.6759,0.0018,-1.0000
16.6633,1.0000,370.7518,1.4447,0.3432,16.5365,16.6468,15.4073,0.0012,-1.0000
16.6693,1.0000,370.7687,1.3578,0.2711,16.6569,16.6687,15.6298,0.0012,-1.0000
16.6686,1.0000,370.7854,1.1818,0.3174,16.7736,16.6615,15.2244,0.0012,-1.0000
16.6637,1.0000,370.8020,1.9307,0.3157,16.6180,16.6463,15.2824,0.0013,-1.0000
17.1741,1.0000,370.8193,1.2383,0.3632,16.6543,17.1831,16.0407,0.0012,-1.0000
16.6639,1.0000,370.8358,1.0372,0.3453,16.6765,16.6449,15.3860,0.0011,-1.0000
16.6636,1.0000,370.8524,1.4358,0.2799,16.6714,16.6444,15.4687,0.0013,-1.0000
16.6685,1.0000,370.8692,1.3626,0.2916,16.6552,16.6695,15.5899,0.0010,-1.0000
16.6672,1.0000,370.8858,1.1406,0.3526,17.1932,16.6562,15.4313,0.0011,-1.0000
16.6656,1.0000,370.9025,1.2574,0.3114,16.6556,16.6546,15.4762,0.0015,-1.0000
16.6686,1.0000,370.9193,1.1745,0.2901,16.6522,16.6691,15.4451,0.0011,-1.0000
16.6665,1.0000,370.9359,1.0787,0.3076,16.6775,16.6485,15.1531,0.0013,-1.0000
16.6654,1.0000,370.9524,1.2238,0.2856,16.6649,16.6501,15.0954,0.0014,-1.0000
16.6669,1.0000,370.9692,1.1770,0.2844,16.6634,16.6664,15.6520,0.0010,-1.0000
16.6672,1.0000,370.9858,1.2228,0.3526,16.6806,16.6554,15.4153,0.0012,-1.0000
16.6673,1.0000,371.0025,1.4940,0.3577,16.6594,16.6557,15.4482,0.0013,-1.0000
16.6668,1.0000,371.0192,1.5532,0.3034,16.6586,16.6597,15.4554,0.0011,-1.0000
16.6677,1.0000,371.0359,1.0132,0.2777,16.6749,16.6616,15.2561,0.0013,-1.0000
16.6641,1.0000,371.0524,1.2387,0.3547,16.6642,16.6467,15.1200,0.0014,-1.0000
16.6664,1.0000,371.0695,1.2059,0.2998,16.6649,16.6615,15.5938,0.0010,-1.0000
16.6704,1.0000,371.0860,1.2030,0.2832,16.6681,16.6701,14.8767,0.0012,-1.0000
16.6641,1.0000,371.1025,1.4044,0.3643,16.6733,16.6435,14.8524,0.0016,-1.0000
16.6679,1.0000,371.1192,1.5254,0.2814,16.6553,16.6652,15.3401,0.0014,-1.0000
16.6674,1.0000,371.1359,1.0665,0.4499,16.6687,16.6566,15.3026,0.0014,-1.0000
16.6634,1.0000,371.1524,1.7921,0.3777,16.6799,16.6412,15.3192,0.0008,-1.0000
16.6688,1.0000,371.1693,1.7896,0.3335,16.6525,16.6749,15.5976,0.0009,-1.0000
16.6677,1.0000,371.1859,1.3235,0.3662,16.6759,16.6544,15.1961,0.0013,-1.0000
16.6647,1.0000,371.2025,1.3523,0.3313,16.6662,16.6502,15.3276,0.0012,-1.0000
16.6686,1.0000,371.2192,1.3212,0.3331,16.6498,16.6652,15.5081,0.0012,-1.0000
16.6663,1.0000,371.2358,1.0763,0.3276,16.6841,16.6598,15.0199,0.0011,-1.0000
16.6641,1.0000,371.2523,1.4567,0.3528,16.6633,16.6475,15.4867,0.0012,-1.0000
16.6695,1.0000,371.2692,1.3213,0.3241,16.6578,16.6697,15.6963,0.0012,-1.0000
16.6666,1.0000,371.2858,1.1557,0.4197,16.6727,16.6586,15.3667,0.0012,-1.0000
16.6656,1.0000,371.3025,1.6386,0.3244,16.6693,16.6538,15.4215,0.0014,-1.0000
16.6691,1.0000,371.3193,1.1596,0.3075,16.6544,16.6741,15.5219,0.0011,-1.0000
16.6663,1.0000,371.3358,0.9721,0.3196,16.6770,16.6454,15.1457,0.0013,-1.0000
16.6640,1.0000,371.3524,1.2905,0.3105,16.6665,16.6503,15.5002,0.0014,-1.0000
16.6685,1.0000,371.3694,1.2308,0.3070,16.6611,16.6683,15.5761,0.0009,-1.0000
16.6679,1.0000,371.3858,1.1511,0.3535,16.6852,16.6564,15.1978,0.0011,-1.0000
16.6651,1.0000,371.4025,1.4983,0.3111,16.6549,16.6540,15.4869,0.0014,-1.0000
16.6676,1.0000,371.4192,1.1485,0.2837,16.6590,16.6605,15.4990,0.0011,-1.0000
16.6663,1.0000,371.4359,1.0913,0.2710,16.6787,16.6581,15.3895,0.0010,-1.0000
16.6637,1.0000,371.4523,1.4573,0.2610,16.6647,16.6463,15.4325,0.0012,-1.0000
16.6668,1.0000,371.4691,1.1657,0.2882,16.6623,16.6666,15.7851,0.0010,-1.0000
16.6709,1.0000,371.4862,1.1603,0.3467,16.6694,16.6712,15.6165,0.0014,-1.0000
16.6653,1.0000,371.5025,1.2673,0.2936,16.6664,16.6482,14.9688,0.0019,-1.0000
16.6671,1.0000,371.5192,1.2127,0.2647,16.6532,16.6574,15.5320,0.0013,-1.0000
16.6677,1.0000,371.5359,0.8808,0.2597,16.6724,16.6617,15.3394,0.0013,-1.0000
16.6658,1.0000,371.5524,1.0532,0.2854,16.6809,16.6548,15.2733,0.0013,-1.0000
16.6644,1.0000,371.5691,1.6778,0.2892,16.6589,16.6496,15.6181,0.0012,-1.0000
16.6704,1.0000,371.5858,1.1239,0.2697,16.6662,16.6699,15.5605,0.0011,-1.0000
16.6640,1.0000,371.6025,1.3209,0.3376,16.6707,16.6489,15.4720,0.0015,-1.0000
16.6684,1.0000,371.6192,1.3803,0.2640,16.6638,16.6645,15.2639,0.0010,-1.0000
16.6669,1.0000,371.6358,1.0306,0.2682,16.6578,16.6583,15.4656,0.0014,-1.0000
16.6659,1.0000,371.6524,1.1082,0.2677,16.6787,16.6575,15.4598,0.0012,-1.0000
16.6676,1.0000,371.6692,1.1754,0.2565,16.6586,16.6585,15.5047,0.0014,-1.0000
16.6666,1.0000,371.6859,1.3993,0.2938,16.6725,16.6577,15.2325,0.0013,-1.0000
16.6651,1.0000,371.7024,1.1910,0.3218,16.6671,16.6525,15.3841,0.0013,-1.0000
16.6694,1.0000,371.7192,1.1967,0.2762,16.6660,16.6692,15.4831,0.0011,-1.0000
16.6663,1.0000,371.7358,1.1523,0.3676,16.6676,16.6557,15.3615,0.0012,-1.0000
16.6658,1.0000,371.7523,1.4237,0.2992,16.6655,16.6528,15.4936,0.0013,-1.0000
16.6672,1.0000,371.7692,1.2672,0.3013,16.6600,16.6632,15.6042,0.0015,-1.0000
16.6663,1.0000,371.7858,1.1848,0.3395,16.6781,16.6549,15.3853,0.0012,-1.0000
16.6665,1.0000,371.8025,1.2928,0.2703,16.6653,16.6575,15.5566,0.0010,-1.0000
16.6690,1.0000,371.8192,1.1576,0.2633,16.6611,16.6646,15.5714,0.0012,-1.0000
16.6658,1.0000,371.8358,1.0574,0.3157,16.6712,16.6567,15.3759,0.0011,-1.0000
16.6661,1.0000,371.8524,1.2683,0.2554,16.6630,16.6566,15.4915,0.0013,-1.0000
16.6683,1.0000,371.8692,1.0995,0.2551,16.6658,16.6641,15.3904,0.0013,-1.0000
16.6660,1.0000,371.8858,1.0917,0.3071,16.6731,16.6459,15.2847,0.0013,-1.0000
16.6655,1.0000,371.9025,1.2792,0.2884,16.6658,16.6551,15.5198,0.0009,-1.0000
16.6691,1.0000,371.9192,1.1637,0.2758,16.6656,16.6664,15.3984,0.0014,-1.0000
16.6655,1.0000,371.9358,1.2722,0.3472,16.6765,16.6572,15.3238,0.0015,-1.0000
16.6644,1.0000,371.9523,1.3597,0.3111,16.6558,16.6459,15.3159,0.0013,-1.0000
16.6693,1.0000,371.9696,1.1345,0.2918,16.6627,16.6706,15.7715,0.0009,-1.0000
16.6673,1.0000,371.9859,1.2662,0.3211,16.6748,16.6601,14.7201,0.0012,-1.0000
16.6632,1.0000,372.0024,1.3320,0.2769,16.6660,16.6474,15.4768,0.0015,-1.0000
16.6695,1.0000,372.0192,1.3289,0.2635,16.6533,16.6689,15.6347,0.0012,-1.0000
16.6677,1.0000,372.0358,0.8982,0.3673,16.6777,16.6571,14.3446,0.0012,-1.0000
16.6654,1.0000,372.0524,1.9391,0.3014,16.6693,16.6548,15.4714,0.0011,-1.0000
16.6687,1.0000,372.0692,1.1694,0.2583,16.6548,16.6671,15.6189,0.0013,-1.0000
16.6658,1.0000,372.0858,1.0331,0.3104,16.6788,16.6521,15.2166,0.0011,-1.0000
16.6661,1.0000,372.1025,2.3112,0.2984,16.6653,16.6528,15.4961,0.0014,-1.0000
16.6683,1.0000,372.1192,1.1824,0.2780,16.6629,16.6665,15.3962,0.0011,-1.0000
16.6662,1.0000,372.1358,1.0469,0.3301,16.6776,16.6519,15.4139,0.0014,-1.0000
16.6657,1.0000,372.1524,1.4344,0.3146,16.6612,16.6532,15.4532,0.0015,-1.0000
16.6673,1.0000,372.1695,1.1554,0.3019,16.6621,16.6609,15.5913,0.0010,-1.0000
16.7088,1.0000,372.1859,1.2691,0.2730,16.6768,16.7048,15.0982,0.0011,-1.0000
16.6643,1.0000,372.2025,1.2367,0.2785,16.6614,16.6450,15.2588,0.0010,-1.0000
16.6679,1.0000,372.2192,1.1984,0.2976,16.6622,16.6643,15.5622,0.0011,-1.0000
16.6675,1.0000,372.2359,1.0684,0.2723,16.6692,16.6619,15.4222,0.0013,-1.0000
16.6658,1.0000,372.2524,1.6054,0.2820,16.7155,16.6529,15.5526,0.0015,-1.0000
16.6679,1.0000,372.2692,1.3853,0.3029,16.6532,16.6647,15.6224,0.0011,-1.0000
16.6676,1.0000,372.2859,1.1009,0.3203,16.6712,16.6584,15.3081,0.0014,-1.0000
16.6646,1.0000,372.3025,1.2381,0.2779,16.6709,16.6447,15.3300,0.0013,-1.0000
16.6666,1.0000,372.3192,1.0989,0.2986,16.6614,16.6617,15.5106,0.0010,-1.0000
16.6683,1.0000,372.3359,1.0414,0.3300,16.6743,16.6628,15.4997,0.0017,-1.0000
16.6664,1.0000,372.3532,1.3487,0.2753,16.6697,16.6593,15.5005,0.0012,-1.0000
16.6668,1.0000,372.3693,1.3137,0.2631,16.6536,16.6549,14.2604,0.0013,-1.0000
16.6666,1.0000,372.3859,1.1499,0.2680,16.6703,16.6579,14.9682,0.0013,-1.0000
16.6667,1.0000,372.4025,1.1611,0.2809,16.6706,16.6547,15.4058,0.0012,-1.0000
16.6660,1.0000,372.4192,1.1574,0.3682,16.6685,16.6591,15.4652,0.0011,-1.0000
16.6670,1.0000,372.4359,2.3931,0.3239,16.6642,16.6551,15.4028,0.0011,-1.0000
16.6668,1.0000,372.4525,1.6880,0.3474,16.6688,16.6569,15.3923,0.0013,-1.0000
16.6660,1.0000,372.4692,1.2478,0.3215,16.6640,16.6574,15.5274,0.0011,-1.0000
16.6691,1.0000,372.4860,1.1929,0.3223,16.6697,16.6667,15.2603,0.0012,-1.0000
16.6650,1.0000,372.5026,1.2510,0.3834,16.6635,16.6490,14.5312,0.0019,-1.0000
16.6670,1.0000,372.5194,1.2631,0.3225,16.6654,16.6574,15.2799,0.0012,-1.0000
16.6687,1.0000,372.5360,1.1291,0.3865,16.6657,16.6651,15.1497,0.0014,-1.0000
16.6633,1.0000,372.5524,1.4048,0.4583,16.6769,16.6416,15.2412,0.0012,-1.0000
16.6699,1.0000,372.5692,2.1162,0.3540,16.6600,16.6714,15.5784,0.0014,-1.0000
16.6657,1.0000,372.5859,1.3762,0.5097,16.6661,16.6504,15.2764,0.0015,-1.0000
16.6660,1.0000,372.6026,1.5139,0.3352,16.6756,16.6560,15.2799,0.0012,-1.0000
16.6676,1.0000,372.6193,1.3991,0.3362,16.6501,16.6632,15.3815,0.0013,-1.0000
16.6662,1.0000,372.6359,1.0912,0.3540,16.6816,16.6558,15.1999,0.0012,-1.0000
16.6649,1.0000,372.6524,1.3722,0.3947,16.6597,16.6496,15.4720,0.0015,-1.0000
16.6704,1.0000,372.6693,1.3745,0.3296,16.6634,16.6730,15.5830,0.0010,-1.0000
16.6653,1.0000,372.6859,1.2801,0.3670,16.6722,16.6548,15.1555,0.0014,-1.0000
16.6670,1.0000,372.7026,1.4549,0.3104,16.6647,16.6551,15.4327,0.0011,-1.0000
16.6676,1.0000,372.7194,1.1761,0.3170,16.6566,16.6678,15.3206,0.0012,-1.0000
16.6659,1.0000,372.7358,1.0889,0.3562,16.6804,16.6442,15.1843,0.0010,-1.0000
16.6641,1.0000,372.7524,1.4977,0.3494,16.6645,16.6503,15.4632,0.0010,-1.0000
16.6695,1.0000,372.7692,1.2211,0.3427,16.6645,16.6715,15.6380,0.0010,-1.0000
16.6670,1.0000,372.7859,1.3456,0.3483,16.6787,16.6565,15.3099,0.0015,-1.0000
16.6657,1.0000,372.8026,1.4584,0.3046,16.6540,16.6560,15.3574,0.0010,-1.0000
16.6682,1.0000,372.8192,1.1861,0.2956,16.6567,16.6668,15.4756,0.0015,-1.0000
16.6670,1.0000,372.8359,1.0322,0.3947,16.6791,16.6533,15.2651,0.0013,-1.0000
16.6646,1.0000,372.8524,1.3448,0.3649,16.6645,16.6492,15.4292,0.0016,-1.0000
16.6702,1.0000,372.8694,1.2974,0.3052,16.6642,16.6777,15.5980,0.0011,-1.0000
16.6651,1.0000,372.8859,1.1895,0.3631,16.6765,16.6435,15.0963,0.0016,-1.0000
16.6663,1.0000,372.9025,1.3872,0.3458,16.6635,16.6530,15.3653,0.0014,-1.0000
16.6678,1.0000,372.9192,1.2184,0.4843,16.6577,16.6656,15.4994,0.0012,-1.0000
16.6659,1.0000,372.9359,1.0787,0.3812,16.6897,16.6536,15.3202,0.0014,-1.0000
16.6644,1.0000,372.9524,1.5455,0.3999,16.6528,16.6513,15.4236,0.0012,-1.0000
16.6684,1.0000,372.9692,1.2863,0.2604,16.6618,16.6660,15.6007,0.0010,-1.0000
16.6678,1.0000,372.9859,1.1649,0.2933,16.6738,16.6615,15.5110,0.0011,-1.0000
16.6662,1.0000,373.0025,1.3318,0.3203,16.6624,16.6556,15.4851,0.0011,-1.0000
16.6674,1.0000,373.0194,1.2264,0.2792,16.6588,16.6664,15.4885,0.0011,-1.0000
16.6662,1.0000,373.0359,1.0643,0.2711,16.6735,16.6494,15.1611,0.0013,-1.0000
16.6647,1.0000,373.0524,1.1494,0.2905,16.6699,16.6540,15.4442,0.0014,-1.0000
16.6683,1.0000,373.0692,1.1693,0.3079,16.6644,16.6633,15.6345,0.0010,-1.0000
16.6674,1.0000,373.0859,1.1769,0.3030,16.6760,16.6605,15.4600,0.0012,-1.0000
16.6668,1.0000,373.1025,1.4867,0.3136,16.6578,16.6550,15.3904,0.0010,-1.0000
16.6671,1.0000,373.1198,1.2086,0.2639,16.6623,16.6617,15.4687,0.0012,-1.0000
16.6663,1.0000,373.1359,1.0276,0.3157,16.6705,16.6554,14.4945,0.0016,-1.0000
16.6665,1.0000,373.1525,1.1994,0.3154,16.6697,16.6572,15.4729,0.0010,-1.0000
16.6684,1.0000,373.1693,1.2636,0.2704,16.6640,16.6658,15.5689,0.0012,-1.0000
16.6665,1.0000,373.1859,1.1917,0.3627,16.6703,16.6541,15.1912,0.0014,-1.0000
16.6656,1.0000,373.2025,2.1597,0.2895,16.6645,16.6509,15.3898,0.0013,-1.0000
16.6675,1.0000,373.2192,1.1831,0.2717,16.6648,16.6810,15.4378,0.0011,-1.0000
16.6662,1.0000,373.2359,1.0955,0.3838,16.6765,16.6351,15.2603,0.0011,-1.0000
16.6652,1.0000,373.2524,1.4611,0.2756,16.6641,16.6543,15.4336,0.0012,-1.0000
16.6682,1.0000,373.2694,1.2596,0.2769,16.6585,16.6608,15.6005,0.0010,-1.0000
16.6659,1.0000,373.2858,1.2420,0.3984,16.6910,16.6556,15.0740,0.0012,-1.0000
16.6673,1.0000,373.3025,1.3737,0.2809,16.6461,16.6609,15.5505,0.0009,-1.0000
16.6673,1.0000,373.3192,1.2197,0.2787,16.6629,16.6597,15.4643,0.0012,-1.0000
16.6672,1.0000,373.3359,1.0593,0.3002,16.6694,16.6586,15.3956,0.0017,-1.0000
16.6643,1.0000,373.3524,1.5805,0.3025,16.6640,16.6510,15.3660,0.0011,-1.0000
16.6696,1.0000,373.3692,1.1095,0.3152,16.6693,16.6664,15.6060,0.0011,-1.0000
16.6654,1.0000,373.3858,1.1942,0.3521,16.6689,16.6515,15.3988,0.0013,-1.0000
16.6654,1.0000,373.4025,1.2614,0.3220,16.6685,16.6535,15.4642,0.0011,-1.0000
16.6688,1.0000,373.4192,1.2836,0.2879,16.6583,16.6665,15.5273,0.0011,-1.0000
16.6664,1.0000,373.4359,1.0596,0.2788,16.6756,16.6562,15.3212,0.0011,-1.0000
16.6665,1.0000,373.4524,1.2515,0.2762,16.6614,16.6582,15.4316,0.0013,-1.0000
16.6672,1.0000,373.4692,1.1883,0.3086,16.6615,16.6607,15.5770,0.0012,-1.0000
16.6664,1.0000,373.4859,1.1377,0.3331,16.6755,16.6523,15.3524,0.0013,-1.0000
16.6670,1.0000,373.5025,1.3336,0.3141,16.6657,16.6558,15.4853,0.0012,-1.0000
16.6696,1.0000,373.5193,1.2250,0.2918,16.6671,16.6756,15.4805,0.0013,-1.0000
16.6646,1.0000,373.5359,1.0824,0.3543,16.6710,16.6401,15.0851,0.0014,-1.0000
16.6674,1.0000,373.5525,1.2984,0.3144,16.6612,16.6610,15.4451,0.0018,-1.0000
16.6677,1.0000,373.5693,1.1693,0.3196,16.6641,16.6565,15.5155,0.0012,-1.0000
16.6649,1.0000,373.5858,1.1936,0.4117,16.6873,16.6477,15.1254,0.0012,-1.0000
16.6654,1.0000,373.6025,1.5535,0.3232,16.6508,16.6530,15.4989,0.0013,-1.0000
16.6696,1.0000,373.6192,1.2136,0.3574,16.6723,16.6706,15.2972,0.0012,-1.0000
16.6664,1.0000,373.6359,1.1396,0.3685,16.6678,16.6517,15.0704,0.0016,-1.0000
16.6663,1.0000,373.6524,1.5212,0.2772,16.6586,16.6554,15.3519,0.0012,-1.0000
16.6673,1.0000,373.6692,1.1527,0.3139,16.6601,16.6629,15.6092,0.0009,-1.0000
16.6656,1.0000,373.6859,1.3724,0.3333,16.6808,16.6572,15.3953,0.0014,-1.0000
16.6654,1.0000,373.7025,1.5795,0.2827,16.6612,16.6504,15.4444,0.0013,-1.0000
16.6682,1.0000,373.7192,1.3019,0.3053,16.6637,16.6697,15.4532,0.0012,-1.0000
16.6682,1.0000,373.7359,1.0521,0.2925,16.6716,16.6557,15.3920,0.0012,-1.0000
16.6653,1.0000,373.7524,1.2602,0.3264,16.6654,16.6572,15.3421,0.0015,-1.0000
16.6683,1.0000,373.7693,1.2046,0.2748,16.6575,16.6597,15.5407,0.0011,-1.0000
16.6657,1.0000,373.7859,1.2151,0.3089,16.6775,16.6527,15.2339,0.0012,-1.0000
16.6650,1.0000,373.8025,1.2625,0.2830,16.6645,16.6540,15.4799,0.0014,-1.0000
16.6677,1.0000,373.8192,1.3140,0.2671,16.6675,16.6641,15.4477,0.0014,-1.0000
16.6677,1.0000,373.8359,1.1175,0.3307,16.6696,16.6600,15.4313,0.0013,-1.0000
16.6663,1.0000,373.8525,1.4178,0.2709,16.6625,16.6557,15.4323,0.0017,-1.0000
16.6668,1.0000,373.8693,1.1727,0.2717,16.6614,16.6603,15.4279,0.0012,-1.0000
16.6672,1.0000,373.8859,1.2149,0.3093,16.6724,16.6661,15.3043,0.0012,-1.0000
16.6659,1.0000,373.9025,1.2271,0.3037,16.6677,16.6486,15.4796,0.0015,-1.0000
16.6675,1.0000,373.9193,1.2217,0.2577,16.6639,16.6620,15.5461,0.0010,-1.0000
16.6677,1.0000,373.9359,1.2312,0.2966,16.6689,16.6587,15.2706,0.0011,-1.0000
16.6653,1.0000,373.9524,1.3605,0.2813,16.6740,16.6549,15.4495,0.0013,-1.0000
16.7972,1.0000,373.9695,1.1672,0.3332,16.6568,16.7880,15.5485,0.0012,-1.0000
16.5365,1.0000,373.9859,1.1147,0.3183,16.6716,16.5262,14.9026,0.0014,-1.0000
16.6662,1.0000,374.0025,1.3863,0.2643,16.6679,16.6635,15.4315,0.0011,-1.0000
16.6684,1.0000,374.0193,1.2040,0.3055,16.6645,16.6540,15.5103,0.0012,-1.0000
16.6661,1.0000,374.0359,1.2382,0.3995,16.7981,16.6569,15.2008,0.0012,-1.0000
16.6672,1.0000,374.0524,1.6219,0.2937,16.5350,16.6607,15.4642,0.0011,-1.0000
16.6677,1.0000,374.0693,1.2314,0.2621,16.6718,16.6623,15.5765,0.0012,-1.0000
16.6658,1.0000,374.0859,1.1422,0.3169,16.6617,16.6500,14.8143,0.0015,-1.0000
16.6663,1.0000,374.1025,1.4549,0.2909,16.6648,16.6557,15.4527,0.0015,-1.0000
16.6669,1.0000,374.1192,1.1954,0.2748,16.6699,16.6618,15.3332,0.0012,-1.0000
16.6663,1.0000,374.1359,1.0845,0.3058,16.6732,16.6540,15.4412,0.0011,-1.0000
16.6651,1.0000,374.1525,1.8341,0.2787,16.6599,16.6516,15.5225,0.0013,-1.0000
16.6696,1.0000,374.1693,1.2013,0.3008,16.6636,16.6708,15.5314,0.0010,-1.0000
16.6661,1.0000,374.1859,1.3273,0.3243,16.6720,16.6539,15.0810,0.0016,-1.0000
16.6667,1.0000,374.2025,1.2115,0.2703,16.6627,16.6581,15.4188,0.0013,-1.0000
16.7695,1.0000,374.2197,1.1278,0.3508,16.6595,16.9571,15.5582,0.0015,-1.0000
16.6665,1.0000,374.2360,1.1383,0.2866,16.6796,16.3996,15.0525,0.0012,-1.0000
16.6653,1.0000,374.2525,1.5710,0.3110,16.6632,16.6503,15.4501,0.0014,-1.0000
16.6689,1.0000,374.2693,1.2379,0.2909,16.6677,16.6691,15.6318,0.0010,-1.0000
16.6674,1.0000,374.2860,1.3974,0.3783,17.0259,16.6568,15.2743,0.0012,-1.0000
16.6647,1.0000,374.3026,1.3457,0.3044,16.4100,16.6521,15.4060,0.0012,-1.0000
16.6690,1.0000,374.3193,1.1988,0.2778,16.6573,16.6648,15.4989,0.0008,-1.0000
16.6658,1.0000,374.3360,1.0360,0.3356,16.6775,16.6561,15.4234,0.0014,-1.0000
16.6643,1.0000,374.3525,1.3813,0.2895,16.6667,16.6521,15.4752,0.0011,-1.0000
16.6697,1.0000,374.3694,1.2449,0.3020,16.6595,16.6705,15.6735,0.0010,-1.0000
16.6664,1.0000,374.3860,1.1648,0.2915,16.6729,16.6514,15.2245,0.0012,-1.0000
16.6650,1.0000,374.4026,1.2312,0.2715,16.6649,16.6530,15.5181,0.0010,-1.0000
16.6693,1.0000,374.4194,1.1756,0.2593,16.6596,16.6684,15.5427,0.0011,-1.0000
16.6653,1.0000,374.4359,0.9957,0.4692,16.6809,16.6529,15.2905,0.0012,-1.0000
16.6654,1.0000,374.4525,1.4256,0.3079,16.6605,16.6529,15.4303,0.0012,-1.0000
16.6679,1.0000,374.4693,1.1337,0.2462,16.6607,16.6649,15.5629,0.0014,-1.0000
16.6680,1.0000,374.4860,1.1246,0.2679,16.6769,16.6625,15.2648,0.0014,-1.0000
16.6653,1.0000,374.5026,1.3611,0.2651,16.6614,16.6509,15.4388,0.0012,-1.0000
16.6737,1.0000,374.5194,1.2215,0.2730,16.6604,16.6878,15.4914,0.0011,-1.0000
16.6612,1.0000,374.5359,1.1002,0.3052,16.6724,16.6289,15.3339,0.0013,-1.0000
16.6642,1.0000,374.5525,1.3965,0.2833,16.6715,16.6511,15.5316,0.0011,-1.0000
16.6685,1.0000,374.5695,1.2108,0.2780,16.6585,16.6621,15.6704,0.0012,-1.0000
16.6680,1.0000,374.5860,1.1947,0.4780,16.6994,16.6667,15.2534,0.0015,-1.0000
16.6654,1.0000,374.6027,1.2936,0.2557,16.6399,16.6504,15.5002,0.0010,-1.0000
16.6689,1.0000,374.6194,1.1184,0.2486,16.6584,16.6693,15.3931,0.0014,-1.0000
16.6659,1.0000,374.6360,0.9903,0.2664,16.6697,16.6450,15.2215,0.0010,-1.0000
16.6644,1.0000,374.6525,1.4115,0.2760,16.6757,16.6528,15.5423,0.0011,-1.0000
16.6686,1.0000,374.6694,1.1490,0.2580,16.6595,16.6692,15.6450,0.0011,-1.0000
16.6666,1.0000,374.6860,1.2748,0.3230,16.6810,16.6540,15.2787,0.0012,-1.0000
16.6668,1.0000,374.7027,1.4221,0.2685,16.6548,16.6561,15.4434,0.0013,-1.0000
16.6671,1.0000,374.7193,1.1094,0.2472,16.6597,16.6626,15.4148,0.0012,-1.0000
16.6667,1.0000,374.7359,1.0230,0.2760,16.6784,16.6565,15.2354,0.0012,-1.0000
16.6647,1.0000,374.7531,1.3744,0.2911,16.6630,16.6494,15.6220,0.0011,-1.0000
16.6687,1.0000,374.7693,1.2113,0.2947,16.6645,16.6678,14.3827,0.0011,-1.0000
16.6679,1.0000,374.7859,1.2461,0.3270,16.6710,16.6655,15.4195,0.0011,-1.0000
16.6658,1.0000,374.8026,1.4197,0.2603,16.6648,16.6503,15.3986,0.0012,-1.0000
16.6672,1.0000,374.8192,1.0264,0.2751,16.6560,16.6619,15.5680,0.0010,-1.0000
16.6668,1.0000,374.8359,2.2838,0.2641,16.6745,16.6561,15.5400,0.0011,-1.0000
16.6662,1.0000,374.8525,1.2451,0.3222,16.6748,16.6542,15.3696,0.0013,-1.0000
16.6667,1.0000,374.8692,1.2504,0.2744,16.6601,16.6613,15.5404,0.0011,-1.0000
16.6687,1.0000,374.8860,1.0926,0.3132,16.6719,16.6646,15.5354,0.0012,-1.0000
16.6640,1.0000,374.9026,1.1148,0.3547,16.6654,16.6453,15.4377,0.0013,-1.0000
16.6685,1.0000,374.9192,1.2835,0.2820,16.6631,16.6584,15.6066,0.0008,-1.0000
16.6690,1.0000,374.9360,1.1198,0.2587,16.6698,16.6665,15.5451,0.0012,-1.0000
16.6620,1.0000,374.9525,1.1278,0.2853,16.6760,16.6409,15.2674,0.0014,-1.0000
16.9753,1.0000,374.9703,1.2063,0.2587,16.6546,16.9714,16.0008,0.0008,-1.0000
16.6690,1.0000,374.9864,1.0507,0.3374,16.6676,16.6651,14.6357,0.0015,-1.0000
16.6645,1.0000,375.0029,1.1200,0.3070,16.6772,16.6511,15.0361,0.0015,-1.0000
16.6681,1.0000,375.0196,1.3726,0.3089,16.6498,16.6624,15.6258,0.0012,-1.0000
16.6682,1.0000,375.0366,0.9695,0.3060,16.9791,16.6638,15.3281,0.0013,-1.0000
16.6648,1.0000,375.0528,2.0277,0.3295,16.6735,16.6434,14.8428,0.0014,-1.0000
16.6663,1.0000,375.0697,1.6141,0.2685,16.6603,16.6626,15.5766,0.0010,-1.0000
16.6686,1.0000,375.0863,1.0353,0.3771,16.6724,16.6556,15.2899,0.0014,-1.0000
16.6664,1.0000,375.1030,1.3341,0.3696,16.6750,16.6558,15.3432,0.0011,-1.0000
16.6941,1.0000,375.1197,1.7991,0.2947,16.6528,16.6915,15.4409,0.0014,-1.0000
16.6643,1.0000,375.1363,1.0851,0.3061,16.6741,16.6442,15.0536,0.0010,-1.0000
16.6655,1.0000,375.1529,1.3642,0.3036,16.6660,16.6529,15.2369,0.0012,-1.0000
16.6659,1.0000,375.1696,1.3113,0.3087,16.6665,16.6604,15.6133,0.0012,-1.0000
16.6681,1.0000,375.1864,1.2490,0.3101,16.7025,16.6587,15.3213,0.0011,-1.0000
16.6661,1.0000,375.2030,1.5897,0.3082,16.6548,16.6565,15.0849,0.0017,-1.0000
16.6682,1.0000,375.2197,1.4148,0.2584,16.6622,16.6603,15.4793,0.0013,-1.0000
16.6664,1.0000,375.2363,1.0459,0.2663,16.6692,16.6552,15.2104,0.0010,-1.0000
16.6667,1.0000,375.2529,1.3364,0.3471,16.6673,16.6562,15.5043,0.0013,-1.0000
16.6668,1.0000,375.2697,1.5702,0.2748,16.6663,16.6597,15.5197,0.0012,-1.0000
16.6665,1.0000,375.2863,1.1796,0.3831,16.6700,16.6559,15.3421,0.0013,-1.0000
16.6663,1.0000,375.3029,1.4436,0.2858,16.6643,16.6562,15.5030,0.0012,-1.0000
16.6691,1.0000,375.3197,1.1507,0.2589,16.6657,16.6706,15.5877,0.0010,-1.0000
16.6662,1.0000,375.3363,1.1387,0.3088,16.6688,16.6509,15.3971,0.0012,-1.0000
16.6658,1.0000,375.3529,1.3124,0.2726,16.6643,16.6517,15.4914,0.0012,-1.0000
16.6686,1.0000,375.3697,1.1520,0.2861,16.6645,16.6649,15.5363,0.0011,-1.0000
16.6652,1.0000,375.3863,1.0816,0.3584,16.6811,16.6478,15.4423,0.0011,-1.0000
16.6640,1.0000,375.4029,1.2523,0.2833,16.6619,16.6483,15.4313,0.0011,-1.0000
16.6771,1.0000,375.4197,1.1592,0.2934,16.6618,16.6822,15.6438,0.0010,-1.0000
16.6662,1.0000,375.4363,1.1276,0.3427,16.6756,16.6515,14.9269,0.0012,-1.0000
16.6652,1.0000,375.4528,1.2041,0.2762,16.6570,16.6508,15.4708,0.0012,-1.0000
16.6691,1.0000,375.4697,1.2161,0.2525,16.6554,16.6712,15.6876,0.0011,-1.0000
16.6665,1.0000,375.4863,1.0372,0.2980,16.6910,16.6524,15.4026,0.0010,-1.0000
16.6638,1.0000,375.5029,1.7236,0.2795,16.6603,16.6502,15.5177,0.0012,-1.0000
16.6681,1.0000,375.5197,1.1787,0.2980,16.6585,16.6663,15.5965,0.0012,-1.0000
16.6677,1.0000,375.5363,0.9825,0.2669,16.6807,16.6617,15.4007,0.0012,-1.0000
16.6652,1.0000,375.5528,1.2487,0.2960,16.6626,16.6489,15.4774,0.0014,-1.0000
16.6685,1.0000,375.5696,1.1312,0.2648,16.6578,16.6687,15.6656,0.0010,-1.0000
16.6683,1.0000,375.5864,1.0684,0.3334,16.6736,16.6593,15.3964,0.0011,-1.0000
16.6652,1.0000,375.6030,1.2595,0.2607,16.6697,16.6494,15.4043,0.0012,-1.0000
16.6662,1.0000,375.6196,1.1702,0.2771,16.6569,16.6594,15.4882,0.0014,-1.0000
16.6681,1.0000,375.6363,1.0019,0.3076,16.6765,16.6650,14.2363,0.0012,-1.0000
16.6654,1.0000,375.6529,1.2616,0.2947,16.6686,16.6513,15.5625,0.0010,-1.0000
16.6685,1.0000,375.6697,1.2438,0.2658,16.6572,16.6671,15.6731,0.0009,-1.0000
16.6667,1.0000,375.6863,1.1697,0.2994,16.6673,16.6578,15.4974,0.0014,-1.0000
16.6626,1.0000,375.7029,2.4275,0.2666,16.6741,16.6406,15.4533,0.0013,-1.0000
16.6701,1.0000,375.7197,1.0879,0.2586,16.6594,16.6753,15.7060,0.0010,-1.0000
16.6674,1.0000,375.7364,0.9931,0.2717,16.6763,16.6577,15.1260,0.0012,-1.0000
16.6648,1.0000,375.7528,1.1589,0.2581,16.6677,16.6481,15.5043,0.0013,-1.0000
16.6698,1.0000,375.7698,1.1860,0.2450,16.6479,16.6725,15.6625,0.0009,-1.0000
16.6661,1.0000,375.7863,0.9681,0.2925,16.6845,16.6511,15.0587,0.0014,-1.0000
16.6647,1.0000,375.8029,1.5301,0.2502,16.6667,16.6513,15.5156,0.0014,-1.0000
16.6658,1.0000,375.8196,1.1422,0.3396,16.6565,16.6557,15.5194,0.0012,-1.0000
16.6705,1.0000,375.8363,1.0090,0.2987,16.6826,16.6737,15.2430,0.0013,-1.0000
16.6652,1.0000,375.8529,1.5908,0.2726,16.6602,16.6467,15.4546,0.0014,-1.0000
16.6656,1.0000,375.8696,1.1342,0.2729,16.6590,16.6557,15.4775,0.0015,-1.0000
16.6699,1.0000,375.8863,1.1349,0.3559,16.6627,16.6717,15.5705,0.0013,-1.0000
16.6639,1.0000,375.9030,1.4295,0.2976,16.6831,16.6491,15.2361,0.0013,-1.0000
16.6662,1.0000,375.9196,1.1907,0.3389,16.6558,16.6633,15.4835,0.0012,-1.0000
16.6714,1.0000,375.9364,1.1765,0.2522,16.6625,16.6715,15.5860,0.0010,-1.0000
16.6624,1.0000,375.9529,1.0994,0.3299,16.6810,16.6358,15.2996,0.0011,-1.0000
16.6677,1.0000,375.9696,1.4118,0.2772,16.6590,16.6612,15.6605,0.0010,-1.0000
16.6699,1.0000,375.9864,1.1779,0.2509,16.6705,16.6705,15.5632,0.0010,-1.0000
16.6644,1.0000,376.0030,1.0839,0.2963,16.6815,16.6453,15.3581,0.0014,-1.0000
16.6655,1.0000,376.0204,1.3354,0.2871,16.6449,16.6570,15.5754,0.0011,-1.0000
16.6687,1.0000,376.0364,0.9998,0.3049,16.6688,16.6639,13.9572,0.0013,-1.0000
16.6651,1.0000,376.0529,1.1060,0.2998,16.6809,16.6537,15.1986,0.0012,-1.0000
16.6688,1.0000,376.0698,1.2857,0.2679,16.6555,16.6627,15.6387,0.0011,-1.0000
16.6665,1.0000,376.0863,1.0808,0.2831,16.6645,16.6575,15.3145,0.0016,-1.0000
16.6663,1.0000,376.1030,2.7055,0.2680,16.6719,16.6542,15.4895,0.0009,-1.0000
16.6671,1.0000,376.1199,1.4540,0.2739,16.6625,16.7539,15.3948,0.0011,-1.0000
16.6672,1.0000,376.1363,1.0225,0.3202,16.6732,16.5416,14.9119,0.0013,-1.0000
16.6653,1.0000,376.1529,1.3414,0.2827,16.6666,16.6545,15.5389,0.0013,-1.0000
16.7314,1.0000,376.1699,1.1639,0.2847,16.6633,16.7281,15.6131,0.0010,-1.0000
16.6666,1.0000,376.1864,1.3581,0.3328,16.7841,16.6582,15.1459,0.0012,-1.0000
16.6671,1.0000,376.2031,1.6282,0.2806,16.5495,16.6552,15.4453,0.0013,-1.0000
16.6669,1.0000,376.2197,1.1146,0.2532,16.6621,16.6582,15.4575,0.0014,-1.0000
16.6663,1.0000,376.2364,1.1140,0.2761,16.7365,16.6528,15.5053,0.0013,-1.0000
16.6649,1.0000,376.2529,1.5111,0.3176,16.6680,16.6554,15.5103,0.0010,-1.0000
16.7452,1.0000,376.2701,1.2085,0.3096,16.6654,16.7416,15.7642,0.0010,-1.0000
16.6663,1.0000,376.2864,1.1993,0.3004,16.6691,16.6541,15.0678,0.0014,-1.0000
16.6667,1.0000,376.3031,1.1459,0.3184,16.6620,16.6556,15.5765,0.0011,-1.0000
16.6681,1.0000,376.3198,1.1439,0.2648,16.6626,16.6681,15.5025,0.0014,-1.0000
16.6663,1.0000,376.3365,0.9763,0.3180,16.7515,16.6488,15.0221,0.0012,-1.0000
16.6640,1.0000,376.3530,1.5849,0.2844,16.6634,16.6510,15.4707,0.0012,-1.0000
16.6689,1.0000,376.3699,1.0779,0.2815,16.6637,16.6684,15.6031,0.0011,-1.0000
16.6672,1.0000,376.3864,1.1642,0.2984,16.6773,16.6572,15.3407,0.0012,-1.0000
16.6656,1.0000,376.4031,1.6254,0.3330,16.6591,16.6533,15.5024,0.0012,-1.0000
16.6677,1.0000,376.4199,1.1793,0.2995,16.6592,16.6639,15.5489,0.0012,-1.0000
16.6668,1.0000,376.4365,1.0642,0.2831,16.6766,16.6556,15.2415,0.0011,-1.0000
16.6653,1.0000,376.4530,1.3150,0.2803,16.6663,16.6523,15.4591,0.0011,-1.0000
16.6688,1.0000,376.4698,1.1494,0.3082,16.6620,16.6667,15.7059,0.0012,-1.0000
16.6673,1.0000,376.4865,1.1137,0.2817,16.6726,16.6604,15.3936,0.0012,-1.0000
16.6657,1.0000,376.5031,1.4128,0.2833,16.6644,16.6511,15.5036,0.0012,-1.0000
16.6680,1.0000,376.5198,1.1922,0.2965,16.6599,16.6684,15.5145,0.0013,-1.0000
16.6655,1.0000,376.5364,0.9595,0.3123,16.6752,16.6498,14.8794,0.0012,-1.0000
16.6654,1.0000,376.5530,1.2654,0.3589,16.6689,16.6535,15.5011,0.0013,-1.0000
16.6686,1.0000,376.5698,1.1460,0.2842,16.6602,16.6670,15.6274,0.0013,-1.0000
16.6660,1.0000,376.5866,1.1523,0.2795,16.6773,16.6530,15.4456,0.0013,-1.0000
16.6661,1.0000,376.6031,1.7690,0.2884,16.6595,16.6580,15.0514,0.0012,-1.0000
16.7324,1.0000,376.6200,1.1514,0.2711,16.6604,16.7256,15.2535,0.0012,-1.0000
16.6668,1.0000,376.6365,1.0381,0.3206,16.6766,16.6553,15.3901,0.0009,-1.0000
16.6622,1.0000,376.6530,1.2061,0.2709,16.6615,16.6464,15.5912,0.0008,-1.0000
16.6692,1.0000,376.6698,1.6052,0.2673,16.6679,16.6714,15.8074,0.0011,-1.0000
16.6684,1.0000,376.6866,1.4708,0.2640,16.7343,16.6626,15.6229,0.0011,-1.0000
16.6667,1.0000,376.7032,1.2638,0.2773,16.6633,16.6567,15.0727,0.0012,-1.0000
16.6668,1.0000,376.7198,1.0544,0.2282,16.6524,16.6543,15.5189,0.0015,-1.0000
16.6664,1.0000,376.7365,0.8629,0.2684,16.6782,16.6596,15.5250,0.0012,-1.0000
16.6662,1.0000,376.7531,1.0382,0.3317,16.6723,16.6558,15.2625,0.0014,-1.0000
16.6667,1.0000,376.7706,1.5824,0.2816,16.6674,16.6596,15.6311,0.0012,-1.0000
16.6684,1.0000,376.7866,1.1335,0.3557,16.6627,16.6660,14.5265,0.0015,-1.0000
16.6657,1.0000,376.8032,1.1331,0.3525,16.6673,16.6625,15.3188,0.0015,-1.0000
16.6675,1.0000,376.8199,1.3917,0.2749,16.6641,16.6479,15.4836,0.0011,-1.0000
16.6668,1.0000,376.8365,1.0271,0.2822,16.6676,16.6536,15.3406,0.0012,-1.0000
16.6651,1.0000,376.8531,2.1380,0.3048,16.6752,16.6497,15.6055,0.0013,-1.0000
16.6677,1.0000,376.8698,1.3422,0.3226,16.6739,16.6631,15.5907,0.0011,-1.0000
16.6669,1.0000,376.8865,1.1633,0.3076,16.6590,16.6617,15.2271,0.0010,-1.0000
16.6657,1.0000,376.9031,1.3116,0.2850,16.6636,16.6549,15.5129,0.0012,-1.0000
16.6678,1.0000,376.9199,1.0429,0.2580,16.6587,16.6624,15.5891,0.0009,-1.0000
16.6685,1.0000,376.9366,1.0712,0.2679,16.6707,16.6713,15.4334,0.0011,-1.0000
16.6645,1.0000,376.9531,1.4337,0.3161,16.6695,16.6366,15.3037,0.0013,-1.0000
16.6850,1.0000,376.9701,1.1406,0.3069,16.6628,16.8020,15.7163,0.0009,-1.0000
16.6689,1.0000,376.9865,1.0720,0.3539,16.6702,16.5345,15.2506,0.0013,-1.0000
16.6654,1.0000,377.0032,1.2368,0.2803,16.6826,16.6534,15.5961,0.0012,-1.0000
16.6685,1.0000,377.0200,1.3318,0.2664,16.6457,16.6680,15.4474,0.0011,-1.0000
16.6659,1.0000,377.0365,1.0851,0.3242,16.8153,16.6457,15.2848,0.0011,-1.0000
16.6659,1.0000,377.0531,1.2824,0.2734,16.5446,16.6543,15.5985,0.0011,-1.0000
16.6661,1.0000,377.0698,1.0560,0.3101,16.6634,16.6580,15.6662,0.0011,-1.0000
16.6688,1.0000,377.0865,1.2193,0.3104,16.6795,16.6652,15.5922,0.0011,-1.0000
16.6649,1.0000,377.1032,1.3598,0.2852,16.6556,16.6490,15.5027,0.0013,-1.0000
16.6692,1.0000,377.1199,1.0545,0.2672,16.6632,16.6673,15.4495,0.0016,-1.0000
16.6664,1.0000,377.1366,0.9908,0.2771,16.6665,16.6597,15.5389,0.0011,-1.0000
16.6657,1.0000,377.1531,1.0717,0.2812,16.6740,16.6472,15.2559,0.0014,-1.0000
16.6666,1.0000,377.1698,1.1450,0.2976,16.6579,16.6596,15.6672,0.0009,-1.0000
16.6685,1.0000,377.1866,1.2156,0.2691,16.6757,16.6655,15.5309,0.0013,-1.0000
16.6625,1.0000,377.2032,1.1190,0.2537,16.6699,16.6408,15.4490,0.0015,-1.0000
16.6700,1.0000,377.2198,1.3898,0.3389,16.6569,16.6723,15.6519,0.0009,-1.0000
16.6664,1.0000,377.2365,0.9914,0.2770,16.6679,16.6555,15.3114,0.0012,-1.0000
16.6644,1.0000,377.2531,1.1331,0.3061,16.6747,16.6487,15.5413,0.0012,-1.0000
16.7145,1.0000,377.2708,1.1903,0.2415,16.6493,16.7143,15.6737,0.0010,-1.0000
16.6668,1.0000,377.2865,1.0192,0.3813,16.6800,16.6559,14.5658,0.0015,-1.0000
16.6631,1.0000,377.3031,1.3432,0.3100,16.6656,16.6461,15.6628,0.0012,-1.0000
16.6710,1.0000,377.3199,1.1064,0.3390,16.6567,16.6770,15.8285,0.0007,-1.0000
16.6661,1.0000,377.3367,1.0394,0.6627,16.7218,16.6548,15.5289,0.0011,-1.0000
16.6656,1.0000,377.3531,2.0887,0.2706,16.6648,16.6534,14.8659,0.0013,-1.0000
16.6679,1.0000,377.3699,0.9820,0.2570,16.6525,16.6659,15.3799,0.0014,-1.0000
16.6676,1.0000,377.3866,0.8476,0.2692,16.6855,16.6559,15.5273,0.0011,-1.0000
16.6648,1.0000,377.4032,1.1247,0.3129,16.6632,16.6521,15.1408,0.0011,-1.0000
16.6674,1.0000,377.4199,1.7864,0.2618,16.6615,16.6626,15.5485,0.0014,-1.0000
16.6699,1.0000,377.4367,1.2846,0.2903,16.6744,16.6680,15.5234,0.0010,-1.0000
16.6625,1.0000,377.4531,1.1274,0.3738,16.6656,16.6421,15.0926,0.0016,-1.0000
16.6682,1.0000,377.4699,1.5105,0.2641,16.6603,16.6690,15.6930,0.0009,-1.0000
16.6670,1.0000,377.4866,1.1128,0.2765,16.6701,16.6536,15.4261,0.0012,-1.0000
16.6668,1.0000,377.5033,1.1434,0.3481,16.6780,16.6577,15.4566,0.0026,-1.0000
16.6671,1.0000,377.5200,1.5483,0.2592,16.6510,16.6587,15.5293,0.0011,-1.0000
16.6693,1.0000,377.5367,0.9752,0.3226,16.6766,16.6664,15.2884,0.0013,-1.0000
16.6627,1.0000,377.5531,1.2265,0.3157,16.6634,16.6396,15.0989,0.0016,-1.0000
16.6676,1.0000,377.5705,1.1986,0.2651,16.6659,16.6629,15.7243,0.0009,-1.0000
16.6673,1.0000,377.5866,1.1284,0.3053,16.6680,16.6629,14.6322,0.0014,-1.0000
16.6642,1.0000,377.6032,1.3763,0.3210,16.6784,16.6491,15.5093,0.0012,-1.0000
16.6696,1.0000,377.6200,1.5392,0.2976,16.6490,16.6712,15.4946,0.0013,-1.0000
16.6673,1.0000,377.6366,0.9376,0.4602,16.6699,16.6558,15.3406,0.0012,-1.0000
16.6656,1.0000,377.6531,2.0293,0.2661,16.6704,16.6558,15.4667,0.0011,-1.0000
16.6672,1.0000,377.6700,1.1387,0.2691,16.6567,16.6603,15.5495,0.0015,-1.0000
16.6675,1.0000,377.6866,1.1752,0.3124,16.6790,16.6637,15.1948,0.0014,-1.0000
16.6634,1.0000,377.7032,1.3138,0.2566,16.6644,16.6438,15.4618,0.0013,-1.0000
16.6700,1.0000,377.7200,1.1880,0.3945,16.6640,16.6702,15.6294,0.0010,-1.0000
16.6671,1.0000,377.7366,1.1093,0.4041,16.6681,16.6601,15.3703,0.0013,-1.0000
16.6655,1.0000,377.7532,1.4673,0.2684,16.6734,16.6524,15.4953,0.0012,-1.0000
16.6676,1.0000,377.7705,1.1808,0.2804,16.6511,16.6640,15.5884,0.0013,-1.0000
16.6681,1.0000,377.7867,1.0394,0.2731,16.6774,16.6627,14.4371,0.0012,-1.0000
16.6636,1.0000,377.8033,1.2884,0.2877,16.6683,16.6430,15.2650,0.0012,-1.0000
16.6699,1.0000,377.8200,1.1559,0.3351,16.6602,16.6705,15.5165,0.0013,-1.0000
16.6678,1.0000,377.8367,1.0745,0.3880,16.6740,16.6601,15.2803,0.0012,-1.0000
16.6632,1.0000,377.8532,2.2246,0.3677,16.6737,16.6434,14.8783,0.0013,-1.0000
16.6690,1.0000,377.8700,1.3771,0.2726,16.6516,16.6673,15.5447,0.0014,-1.0000
16.6669,1.0000,377.8866,1.1524,0.2845,16.6799,16.6495,15.2117,0.0012,-1.0000
16.6653,1.0000,377.9033,1.3784,0.3076,16.6712,16.6529,15.0885,0.0014,-1.0000
16.6688,1.0000,377.9200,1.7636,0.3146,16.6525,16.6680,15.4955,0.0012,-1.0000
16.6665,1.0000,377.9366,1.1214,0.3523,16.6797,16.6575,15.4077,0.0011,-1.0000
16.6657,1.0000,377.9532,1.4363,0.3851,16.6597,16.6567,15.2433,0.0014,-1.0000
16.6676,1.0000,377.9699,1.5628,0.2924,16.6612,16.6562,15.5550,0.0011,-1.0000
16.6678,1.0000,377.9867,1.1713,0.3056,16.6762,16.6612,15.1426,0.0011,-1.0000
16.6632,1.0000,378.0032,1.2485,0.3780,16.6665,16.6416,15.2660,0.0012,-1.0000
16.6666,1.0000,378.0199,1.4124,0.2930,16.6661,16.6599,15.5429,0.0012,-1.0000
16.6686,1.0000,378.0366,1.1001,0.3283,16.6653,16.6650,15.5242,0.0009,-1.0000
16.6664,1.0000,378.0532,1.5172,0.3350,16.6725,16.6553,15.3343,0.0013,-1.0000
16.6662,1.0000,378.0699,1.3745,0.2688,16.6510,16.6600,15.5711,0.0011,-1.0000
16.6685,1.0000,378.0867,1.1158,0.2626,16.6660,16.6622,15.4980,0.0011,-1.0000
16.6661,1.0000,378.1033,1.1400,0.3273,16.6734,16.6495,15.1232,0.0017,-1.0000
16.6663,1.0000,378.1199,1.3199,0.3141,16.6640,16.6587,15.4656,0.0010,-1.0000
16.6675,1.0000,378.1367,1.0878,0.3011,16.6696,16.6637,15.5051,0.0012,-1.0000
16.6660,1.0000,378.1532,1.1630,0.3491,16.6733,16.6503,15.2763,0.0014,-1.0000
