frame_ms,focused,elapsed,CPU Main Thread Frame Time,CPU Render Thread Frame Time,CPU Total Frame Time,PlayerLoop,WaitForTargetFPS,Gfx.WaitForPresentOnGfxThread,Gfx.WaitForGfxCommandsFromMainThread
16.6677,1.0000,132.2232,1.2085,0.3664,16.6731,16.6551,14.8417,0.0014,-1.0000
16.6662,1.0000,132.2397,1.3323,0.8171,16.6605,16.6542,15.1716,0.0012,-1.0000
16.6660,1.0000,132.2565,2.0990,0.3818,16.6730,16.6538,15.3379,0.0012,-1.0000
16.6687,1.0000,132.2732,1.4330,0.6467,16.6663,16.6616,15.2448,0.0011,-1.0000
16.6642,1.0000,132.2898,1.8119,0.3735,16.6663,16.6497,15.1948,0.0013,-1.0000
16.6677,1.0000,132.3065,1.4813,0.3826,16.6657,16.6637,15.2137,0.0011,-1.0000
16.6664,1.0000,132.3233,1.3147,0.3590,16.6632,16.6574,15.2576,0.0013,-1.0000
16.6667,1.0000,132.3398,1.4155,0.3894,16.6716,16.6468,15.0148,0.0010,-1.0000
16.6651,1.0000,132.3565,1.4535,0.4077,16.6587,16.6516,15.3508,0.0011,-1.0000
16.6681,1.0000,132.3733,1.4488,0.4366,16.6725,16.6664,15.3297,0.0011,-1.0000
16.6670,1.0000,132.3898,1.3985,0.4490,16.6759,16.6505,14.8701,0.0014,-1.0000
16.6671,1.0000,132.4065,1.6308,0.3474,16.6567,16.6586,15.2593,0.0012,-1.0000
16.6679,1.0000,132.4232,1.2998,0.4294,16.6600,16.6658,15.3902,0.0011,-1.0000
16.6648,1.0000,132.4397,1.3355,0.4533,16.6761,16.6495,15.2234,0.0019,-1.0000
16.6670,1.0000,132.4565,1.7789,0.4038,16.6604,16.6558,15.2972,0.0011,-1.0000
16.6677,1.0000,132.4732,1.3980,0.3596,16.6673,16.6647,15.2991,0.0014,-1.0000
16.6679,1.0000,132.4899,1.2744,0.3715,16.6756,16.6606,15.2877,0.0011,-1.0000
16.6650,1.0000,132.5065,1.4240,0.3594,16.6600,16.6442,15.1025,0.0014,-1.0000
16.6666,1.0000,132.5232,1.3572,0.3406,16.6641,16.6615,15.3530,0.0011,-1.0000
16.6681,1.0000,132.5398,1.3641,0.3871,16.6757,16.6561,15.3768,0.0014,-1.0000
16.6655,1.0000,132.5566,1.3714,0.4202,16.6718,16.7117,15.2531,0.0017,-1.0000
16.6669,1.0000,132.5733,1.5403,0.3437,16.6544,16.6975,15.2405,0.0011,-1.0000
16.7778,1.0000,132.5903,1.3074,0.3318,16.6702,16.9675,15.3197,0.0009,-1.0000
16.6643,1.0000,132.6067,1.2778,0.4124,16.6665,16.4280,14.9291,0.0012,-1.0000
16.6680,1.0000,132.6234,1.4569,0.3322,16.7213,16.6884,15.2664,0.0012,-1.0000
16.6663,1.0000,132.6399,1.4559,0.3293,16.7076,16.6151,15.0883,0.0012,-1.0000
16.6664,1.0000,132.6566,1.6471,0.3568,16.9786,16.6471,14.9966,0.0014,-1.0000
16.6662,1.0000,132.6734,1.4978,0.3763,16.4391,16.7163,15.3524,0.0011,-1.0000
16.6683,1.0000,132.6899,1.4205,0.3713,16.6979,16.5631,15.2112,0.0011,-1.0000
16.6663,1.0000,132.7066,1.5257,0.3470,16.6254,16.6625,15.2659,0.0012,-1.0000
16.6655,1.0000,132.7233,1.6492,0.3077,16.6564,16.6423,15.2790,0.0012,-1.0000
16.6678,1.0000,132.7398,1.3628,0.3505,16.7266,16.6760,15.4024,0.0012,-1.0000
16.6669,1.0000,132.7566,1.3503,0.3113,16.5723,16.6653,15.2303,0.0012,-1.0000
16.6659,1.0000,132.7733,1.3953,0.3619,16.6709,16.6471,15.2761,0.0014,-1.0000
16.6693,1.0000,132.7901,1.3620,0.2730,16.6498,16.7164,15.3012,0.0012,-1.0000
16.6664,1.0000,132.8070,1.2723,0.3647,16.6843,16.6142,15.0784,0.0011,-1.0000
16.6635,1.0000,132.8232,1.4335,0.2916,16.6738,16.6285,14.9530,0.0011,-1.0000
16.6687,1.0000,132.8398,1.3697,0.2963,16.6564,16.6656,15.4719,0.0010,-1.0000
16.6682,1.0000,132.8566,1.4140,0.3368,16.7280,16.6642,15.4822,0.0010,-1.0000
16.6645,1.0000,132.8732,1.5344,0.2925,16.6253,16.6451,15.2560,0.0012,-1.0000
16.6692,1.0000,132.8900,1.6743,0.2643,16.6377,16.6769,15.2977,0.0011,-1.0000
16.6666,1.0000,132.9066,1.1925,0.2702,16.6734,16.6497,15.1859,0.0015,-1.0000
16.6656,1.0000,132.9233,1.1808,0.2933,16.6731,16.6586,15.1623,0.0012,-1.0000
16.6671,1.0000,132.9398,1.3879,0.3074,16.6534,16.6476,15.3737,0.0011,-1.0000
16.6702,1.0000,132.9567,1.3781,0.3025,16.6873,16.6842,15.5375,0.0013,-1.0000
16.6635,1.0000,132.9733,1.4623,0.2908,16.6598,16.6277,15.1576,0.0015,-1.0000
16.6662,1.0000,132.9899,1.4952,0.2806,16.6696,16.6615,15.4152,0.0011,-1.0000
16.6676,1.0000,133.0067,1.2726,0.2678,16.6574,16.6639,15.2453,0.0015,-1.0000
16.6664,1.0000,133.0233,1.1449,0.4234,16.6964,16.6491,15.1418,0.0014,-1.0000
16.6664,1.0000,133.0398,1.4687,0.2550,16.6397,16.6516,15.3002,0.0014,-1.0000
16.6667,1.0000,133.0566,1.2453,0.3419,16.6714,16.6610,15.3231,0.0016,-1.0000
16.6681,1.0000,133.0734,1.4171,0.3479,16.6745,16.7263,15.2581,0.0012,-1.0000
16.6654,1.0000,133.0901,1.5059,0.3201,16.6595,16.5811,15.0719,0.0014,-1.0000
16.6665,1.0000,133.1066,1.3498,0.3525,16.6603,16.6631,15.1907,0.0011,-1.0000
16.6680,1.0000,133.1233,1.3361,0.3337,16.6683,16.7232,15.3170,0.0014,-1.0000
16.6663,1.0000,133.1398,1.4671,0.5992,16.7379,16.5930,15.2425,0.0012,-1.0000
16.6650,1.0000,133.1566,1.5077,0.2865,16.5903,16.6521,15.5044,0.0016,-1.0000
16.6683,1.0000,133.1733,1.4715,0.2840,16.6721,16.7280,15.4139,0.0011,-1.0000
16.6658,1.0000,133.1899,1.4045,0.3258,16.7318,16.5918,15.1565,0.0014,-1.0000
16.6658,1.0000,133.2066,1.3491,0.2999,16.6023,16.6576,15.3631,0.0009,-1.0000
16.6679,1.0000,133.2233,1.1462,0.2772,16.6590,16.6702,15.4145,0.0015,-1.0000
16.6685,1.0000,133.2399,1.3130,0.2929,16.7357,16.7194,15.1188,0.0012,-1.0000
16.6668,1.0000,133.2567,1.4339,0.2850,16.6008,16.6488,15.2614,0.0011,-1.0000
16.6665,1.0000,133.2733,1.2935,0.4040,16.6645,16.6395,15.2005,0.0016,-1.0000
16.6663,1.0000,133.2902,1.2542,0.3084,16.6776,16.8156,15.3368,0.0012,-1.0000
16.6669,1.0000,133.3067,1.5994,0.3331,16.7287,16.5332,14.8410,0.0015,-1.0000
16.6653,1.0000,133.3233,1.3861,0.2953,16.6596,16.6214,15.1636,0.0014,-1.0000
16.6687,1.0000,133.3399,1.4371,0.3116,16.6498,16.6561,15.2547,0.0010,-1.0000
16.6672,1.0000,133.3570,1.4777,0.4151,16.8272,16.8459,15.1686,0.0012,-1.0000
16.6652,1.0000,133.3734,1.6904,0.3325,16.5434,16.4765,14.5650,0.0014,-1.0000
16.6663,1.0000,133.3901,1.4563,0.3136,16.6310,16.6499,15.1001,0.0010,-1.0000
16.6664,1.0000,133.4068,1.4000,0.4132,16.6670,16.7062,15.2422,0.0012,-1.0000
16.6668,1.0000,133.4233,1.6760,0.3877,16.8595,16.5607,15.1086,0.0015,-1.0000
16.6666,1.0000,133.4399,1.9102,0.4784,16.4895,16.7144,15.3579,0.0011,-1.0000
16.6674,1.0000,133.4567,1.5485,0.2862,16.6597,16.6534,14.6969,0.0015,-1.0000
16.6661,1.0000,133.4733,1.4628,0.3723,16.7149,16.6372,15.0920,0.0013,-1.0000
16.6678,1.0000,133.4900,1.4505,0.2816,16.5691,16.7025,15.2653,0.0015,-1.0000
17.0023,1.0000,133.5070,1.3553,0.3761,16.7235,16.9843,15.2000,0.0013,-1.0000
16.3309,1.0000,133.5233,1.9549,0.3845,16.6616,16.3022,14.9440,0.0012,-1.0000
16.6651,1.0000,133.5399,1.5438,0.3113,16.6463,16.6578,15.3432,0.0013,-1.0000
16.6682,1.0000,133.5567,1.4359,0.3259,16.7121,16.7008,15.2472,0.0012,-1.0000
16.6659,1.0000,133.5733,1.7831,0.3048,16.9951,16.6039,15.1527,0.0014,-1.0000
16.6659,1.0000,133.5900,1.3568,0.2677,16.3129,16.6467,15.3772,0.0012,-1.0000
16.6998,1.0000,133.6071,1.3133,0.3098,16.6660,16.9936,15.4451,0.0012,-1.0000
16.6651,1.0000,133.6233,1.4526,0.3735,16.7089,16.3411,14.6525,0.0011,-1.0000
16.6671,1.0000,133.6399,1.4497,0.2803,16.6133,16.6730,15.2667,0.0014,-1.0000
16.6729,1.0000,133.6570,1.2685,0.3419,16.6554,16.6580,15.4576,0.0010,-1.0000
16.6667,1.0000,133.6733,1.5473,0.5168,17.0055,16.6250,14.9405,0.0016,-1.0000
16.6667,1.0000,133.6900,1.6874,0.3094,16.3522,16.6504,15.4340,0.0013,-1.0000
16.6673,1.0000,133.7070,1.4050,0.2865,16.6816,16.6684,15.4094,0.0012,-1.0000
16.6659,1.0000,133.7233,1.1994,0.3345,16.6661,16.6583,14.6416,0.0012,-1.0000
16.6665,1.0000,133.7399,1.6827,0.2760,16.6335,16.6537,15.3229,0.0011,-1.0000
16.6681,1.0000,133.7567,1.2151,0.3403,16.6581,16.6580,15.4723,0.0011,-1.0000
16.6655,1.0000,133.7733,1.2577,0.3491,16.6764,16.6874,15.2221,0.0015,-1.0000
16.6670,1.0000,133.7901,2.0153,0.2954,16.6675,16.6964,15.2755,0.0013,-1.0000
16.6686,1.0000,133.8069,1.3294,0.3531,16.6620,16.6956,15.1900,0.0014,-1.0000
16.6638,1.0000,133.8233,1.1845,0.3148,16.6668,16.5919,15.0309,0.0012,-1.0000
16.6680,1.0000,133.8399,1.4636,0.2886,16.6967,16.6975,15.3864,0.0015,-1.0000
16.6668,1.0000,133.8567,1.4196,0.4215,16.7045,16.6737,15.3970,0.0012,-1.0000
16.6668,1.0000,133.8734,1.5044,0.3185,16.7073,16.6029,15.2247,0.0016,-1.0000
16.6664,1.0000,133.8900,1.5595,0.3362,16.6008,16.6561,15.3234,0.0012,-1.0000
16.6693,1.0000,133.9068,1.3096,0.3413,16.7054,16.7293,15.4312,0.0010,-1.0000
16.6636,1.0000,133.9233,1.2755,0.3476,16.6824,16.5430,15.0668,0.0013,-1.0000
16.6672,1.0000,133.9398,1.3765,0.2953,16.6113,16.6592,15.3935,0.0011,-1.0000
16.6681,1.0000,133.9575,1.3313,0.2831,16.6640,16.6652,15.4520,0.0012,-1.0000
16.6661,1.0000,133.9744,1.2969,0.3547,16.7398,16.6645,14.4381,0.0013,-1.0000
16.6658,1.0000,133.9900,1.4751,0.2761,16.5520,16.6471,13.8949,0.0013,-1.0000
16.6682,1.0000,134.0067,1.2646,0.2915,16.6657,16.6703,15.4033,0.0012,-1.0000
16.6664,1.0000,134.0234,1.2118,0.3426,16.6745,16.7004,15.2975,0.0017,-1.0000
16.6655,1.0000,134.0399,2.2250,0.4828,16.6733,16.6014,15.2817,0.0013,-1.0000
16.6687,1.0000,134.0567,2.7511,0.3545,16.6548,16.6823,15.4074,0.0011,-1.0000
16.6662,1.0000,134.0733,1.2656,0.5360,16.6800,16.6409,15.1294,0.0014,-1.0000
16.6659,1.0000,134.0900,1.4015,0.3925,16.7100,16.6489,15.3687,0.0013,-1.0000
16.6685,1.0000,134.1068,1.3183,0.3819,16.6089,16.6816,15.3706,0.0012,-1.0000
16.6669,1.0000,134.1235,1.2738,0.4263,16.6919,16.7695,15.2152,0.0013,-1.0000
16.6654,1.0000,134.1399,1.5102,0.3495,16.6505,16.5296,15.1462,0.0010,-1.0000
16.6688,1.0000,134.1568,1.2785,0.3631,16.6567,16.6716,15.4419,0.0014,-1.0000
16.6664,1.0000,134.1734,1.3097,0.3362,16.6926,16.6550,14.8522,0.0018,-1.0000
16.6657,1.0000,134.1900,1.5531,0.3542,16.7795,16.6410,15.0922,0.0011,-1.0000
16.6670,1.0000,134.2068,1.3823,0.3390,16.5376,16.6645,15.3746,0.0012,-1.0000
16.6662,1.0000,134.2233,1.2282,0.5168,16.6827,16.6486,14.9929,0.0012,-1.0000
16.6662,1.0000,134.2399,1.8010,0.4248,16.6657,16.6547,15.2640,0.0011,-1.0000
16.6689,1.0000,134.2568,1.5474,0.3969,16.6516,16.6753,15.5017,0.0011,-1.0000
16.6657,1.0000,134.2733,1.2887,0.3979,16.6751,16.6432,14.9537,0.0017,-1.0000
16.6664,1.0000,134.2900,1.6544,0.3391,16.6590,16.6595,15.2633,0.0013,-1.0000
16.6669,1.0000,134.3068,1.3895,0.3408,16.6629,16.7263,15.2766,0.0014,-1.0000
16.6666,1.0000,134.3233,1.1724,0.4452,16.6840,16.5919,15.1170,0.0012,-1.0000
16.6656,1.0000,134.3398,1.6879,0.3451,16.6529,16.6461,15.3263,0.0010,-1.0000
16.6718,1.0000,134.3568,1.3947,0.4115,16.6683,16.7748,15.4040,0.0012,-1.0000
16.6626,1.0000,134.3733,1.4482,0.6861,16.7352,16.5484,15.0977,0.0012,-1.0000
16.6659,1.0000,134.3900,1.4735,0.3302,16.6015,16.6536,15.2645,0.0013,-1.0000
16.6678,1.0000,134.4068,1.3188,0.3394,16.6552,16.7287,15.2703,0.0011,-1.0000
16.6670,1.0000,134.4233,1.3696,0.5509,16.7845,16.6032,14.9837,0.0015,-1.0000
16.6640,1.0000,134.4399,1.4493,0.3537,16.5584,16.6338,15.3149,0.0012,-1.0000
16.6692,1.0000,134.4568,1.3877,0.3680,16.6619,16.6659,15.3440,0.0010,-1.0000
16.6662,1.0000,134.4734,1.4574,0.4153,16.7375,16.7060,15.0388,0.0011,-1.0000
16.6668,1.0000,134.4901,1.6179,0.3419,16.6133,16.6587,15.2580,0.0012,-1.0000
16.6672,1.0000,134.5068,1.3174,0.3249,16.6427,16.6671,15.1433,0.0013,-1.0000
16.6660,1.0000,134.5234,1.3204,0.3931,16.6736,16.6474,15.0976,0.0013,-1.0000
16.6659,1.0000,134.5400,1.6658,0.3650,16.7159,16.6854,15.3033,0.0012,-1.0000
16.6689,1.0000,134.5568,1.3994,0.3954,16.6678,16.7031,15.3351,0.0010,-1.0000
16.6661,1.0000,134.5733,1.5224,0.4215,16.6773,16.5726,15.1289,0.0014,-1.0000
16.6663,1.0000,134.5901,1.5484,0.3434,16.6564,16.7601,15.3313,0.0012,-1.0000
16.6679,1.0000,134.6067,1.3809,0.3452,16.6927,16.5770,15.1604,0.0012,-1.0000
16.6658,1.0000,134.6234,1.3667,0.3970,16.7111,16.6633,15.1413,0.0012,-1.0000
16.6661,1.0000,134.6400,1.4424,0.3456,16.5815,16.6903,15.2174,0.0013,-1.0000
16.6675,1.0000,134.6567,1.4275,0.3326,16.7684,16.5710,15.3417,0.0011,-1.0000
16.6670,1.0000,134.6734,1.4153,0.4072,16.5858,16.7019,15.2348,0.0012,-1.0000
16.6665,1.0000,134.6900,1.5207,0.3394,16.6724,16.6661,15.1933,0.0013,-1.0000
16.6672,1.0000,134.7068,1.4713,0.3589,16.6990,16.6508,15.2333,0.0011,-1.0000
16.6661,1.0000,134.7234,1.2279,0.4354,16.5785,16.6688,15.1375,0.0013,-1.0000
16.6662,1.0000,134.7400,1.4658,0.3697,16.7105,16.6471,15.2862,0.0012,-1.0000
16.6682,1.0000,134.7567,1.4713,0.4267,16.6743,16.6617,15.4003,0.0009,-1.0000
16.6659,1.0000,134.7734,1.4162,0.3489,16.6619,16.6578,15.2611,0.0017,-1.0000
16.6669,1.0000,134.7901,1.5299,0.3424,16.6781,16.6923,15.3341,0.0012,-1.0000
16.6674,1.0000,134.8067,1.3598,0.3423,16.6562,16.6082,14.9887,0.0013,-1.0000
16.6661,1.0000,134.8234,1.2604,0.3738,16.6699,16.6501,15.1825,0.0013,-1.0000
16.6665,1.0000,134.8401,1.3948,0.3493,16.6685,16.7900,15.2760,0.0014,-1.0000
16.6686,1.0000,134.8567,1.3569,0.4653,16.7014,16.5366,15.1821,0.0011,-1.0000
16.6632,1.0000,134.8733,1.6178,0.3675,16.6187,16.6388,15.1843,0.0010,-1.0000
16.6699,1.0000,134.8902,1.4661,0.3909,16.6601,16.6783,15.4136,0.0010,-1.0000
16.6666,1.0000,134.9067,1.5126,0.4371,16.7997,16.6056,15.0390,0.0015,-1.0000
16.6646,1.0000,134.9233,1.3531,0.3614,16.5480,16.6485,15.3469,0.0012,-1.0000
16.6686,1.0000,134.9403,1.4536,0.3267,16.6470,16.6701,15.4343,0.0010,-1.0000
16.6661,1.0000,134.9567,1.2638,0.4295,16.6890,16.6498,14.9584,0.0013,-1.0000
16.6665,1.0000,134.9733,1.5653,0.3907,16.6160,16.6543,15.1239,0.0013,-1.0000
16.6658,1.0000,134.9900,1.3005,0.3206,16.6569,16.6592,15.4098,0.0014,-1.0000
16.6687,1.0000,135.0067,1.2344,0.3605,16.6785,16.7045,15.3157,0.0015,-1.0000
16.6662,1.0000,135.0233,1.6898,0.3807,16.6595,16.6147,15.2080,0.0010,-1.0000
16.6671,1.0000,135.0399,1.5292,0.3633,16.6629,16.6411,15.4250,0.0014,-1.0000
16.6667,1.0000,135.0566,1.2476,0.3952,16.6665,16.6570,15.2439,0.0016,-1.0000
16.6660,1.0000,135.0733,1.3872,0.3648,16.7140,16.6570,15.3106,0.0010,-1.0000
16.6660,1.0000,135.0900,1.4055,0.3809,16.6243,16.6817,15.2717,0.0010,-1.0000
16.6691,1.0000,135.1068,1.2144,0.3442,16.6502,16.6413,15.4493,0.0013,-1.0000
16.6646,1.0000,135.1233,1.4114,0.3848,16.6651,16.6013,14.8368,0.0015,-1.0000
16.6675,1.0000,135.1398,1.3452,0.3461,16.6651,16.6601,15.2527,0.0011,-1.0000
16.6686,1.0000,135.1568,1.4086,0.3452,16.6891,16.6682,15.5344,0.0011,-1.0000
16.6649,1.0000,135.1733,1.1906,0.4414,16.6492,16.6465,15.0772,0.0015,-1.0000
16.6676,1.0000,135.1901,1.7629,0.4055,16.6608,16.6636,15.3774,0.0013,-1.0000
16.6688,1.0000,135.2090,1.4061,0.3565,16.6681,16.6645,15.0568,0.0011,-1.0000
16.6641,1.0000,135.2233,1.1326,0.4289,16.6777,16.6455,13.0770,0.0018,-1.0000
16.6669,1.0000,135.2399,1.5679,0.3781,16.6559,16.6605,15.4015,0.0011,-1.0000
16.6684,1.0000,135.2568,1.2849,0.3249,16.6717,16.6650,15.3866,0.0009,-1.0000
16.6653,1.0000,135.2733,1.6063,0.3304,16.6751,16.6453,14.9013,0.0014,-1.0000
16.6667,1.0000,135.2900,3.5670,0.3296,16.6547,16.6589,15.3998,0.0013,-1.0000
16.6682,1.0000,135.3067,1.2578,0.3413,16.6706,16.6633,15.3648,0.0012,-1.0000
16.6650,1.0000,135.3233,1.2772,0.3613,16.6765,16.6463,15.0841,0.0014,-1.0000
16.6671,1.0000,135.3399,1.7422,0.3145,16.6552,16.6582,15.3724,0.0013,-1.0000
16.6672,1.0000,135.3568,1.2575,0.3832,16.6680,16.6572,15.3461,0.0013,-1.0000
16.6656,1.0000,135.3734,1.2972,0.4126,16.6743,16.6574,14.6133,0.0014,-1.0000
16.6676,1.0000,135.3900,1.5608,0.3033,16.6576,16.6595,14.9885,0.0011,-1.0000
16.6675,1.0000,135.4068,1.2843,0.4373,16.6685,16.6578,15.4259,0.0012,-1.0000
16.6654,1.0000,135.4233,1.3092,0.4017,16.6657,16.6540,15.1402,0.0012,-1.0000
16.6669,1.0000,135.4399,2.0424,0.3727,16.6658,16.6565,15.4350,0.0015,-1.0000
16.6677,1.0000,135.4567,1.6698,0.2987,16.6699,16.6606,15.4161,0.0011,-1.0000
16.6665,1.0000,135.4733,1.2310,0.3233,16.6687,16.6555,15.2953,0.0012,-1.0000
16.6659,1.0000,135.4900,1.5124,0.2999,16.6623,16.6554,15.3616,0.0015,-1.0000
16.6683,1.0000,135.5066,1.2201,0.3430,16.6655,16.6610,15.4089,0.0011,-1.0000
16.6671,1.0000,135.5234,1.2431,0.2997,16.6702,16.6596,15.3353,0.0015,-1.0000
16.6656,1.0000,135.5399,1.3591,0.3185,16.6648,16.6949,15.1556,0.0013,-1.0000
16.6667,1.0000,135.5567,1.2923,0.3310,16.6646,16.7026,15.4154,0.0013,-1.0000
16.6665,1.0000,135.5734,1.2505,0.3456,16.6698,16.6486,15.3926,0.0012,-1.0000
16.6669,1.0000,135.5900,1.3225,0.3605,16.6695,16.6606,15.2276,0.0012,-1.0000
16.6673,1.0000,135.6067,1.5375,0.4284,16.7039,16.6793,15.2794,0.0013,-1.0000
16.6671,1.0000,135.6234,1.2858,0.3029,16.7113,16.6386,15.3705,0.0012,-1.0000
16.6663,1.0000,135.6399,1.2544,0.3443,16.6575,16.6352,15.1871,0.0014,-1.0000
16.6663,1.0000,135.6567,1.4315,0.3136,16.6703,16.7039,15.4484,0.0014,-1.0000
16.6654,1.0000,135.6733,1.3989,0.3062,16.6888,16.5697,15.2540,0.0012,-1.0000
16.6679,1.0000,135.6900,1.2670,0.3750,16.6479,16.6604,15.4320,0.0012,-1.0000
16.6710,1.0000,135.7068,1.4466,0.3411,16.6444,16.6747,15.3974,0.0012,-1.0000
16.6627,1.0000,135.7234,1.2542,0.3004,16.7129,16.6984,14.8967,0.0012,-1.0000
16.6679,1.0000,135.7399,1.3142,0.2937,16.5780,16.5965,15.3397,0.0017,-1.0000
16.6681,1.0000,135.7569,1.2270,0.2950,16.6698,16.6808,15.2845,0.0011,-1.0000
16.6647,1.0000,135.7734,1.2759,0.3387,16.6871,16.6862,14.7378,0.0014,-1.0000
16.6666,1.0000,135.7900,1.8008,0.2913,16.7093,16.6055,15.2478,0.0012,-1.0000
16.6673,1.0000,135.8068,1.2548,0.3528,16.6065,16.6543,15.3581,0.0013,-1.0000
16.6668,1.0000,135.8233,1.3950,0.3044,16.6928,16.6602,14.5997,0.0010,-1.0000
16.6667,1.0000,135.8399,1.9468,0.3065,16.6964,16.6475,15.3909,0.0012,-1.0000
16.6665,1.0000,135.8567,1.3566,0.3211,16.6159,16.6707,15.3853,0.0012,-1.0000
16.6678,1.0000,135.8734,1.2948,0.3624,16.6641,16.6497,15.2099,0.0011,-1.0000
16.6653,1.0000,135.8900,2.0594,0.3024,16.6702,16.6488,14.9629,0.0013,-1.0000
16.6669,1.0000,135.9067,1.2552,0.3322,16.6558,16.6610,15.3687,0.0010,-1.0000
16.6683,1.0000,135.9234,1.2839,0.3975,16.6811,16.6627,15.2075,0.0017,-1.0000
16.6659,1.0000,135.9399,1.4385,0.3582,16.6609,16.6452,15.1475,0.0014,-1.0000
16.6672,1.0000,135.9567,1.6841,0.3442,16.6591,16.6587,15.4110,0.0010,-1.0000
16.6661,1.0000,135.9734,1.2912,0.2999,16.6699,16.6612,15.3871,0.0013,-1.0000
16.6674,1.0000,135.9900,1.4533,0.3449,16.6740,16.6574,15.1340,0.0018,-1.0000
16.6661,1.0000,136.0066,1.4961,0.3542,16.6557,16.6499,15.3135,0.0009,-1.0000
16.6651,1.0000,136.0233,1.2465,0.3035,16.6679,16.6551,15.4662,0.0015,-1.0000
16.7295,1.0000,136.0400,1.2726,0.3640,16.6692,16.7334,15.3153,0.0012,-1.0000
16.6652,1.0000,136.0567,1.5216,0.3455,16.6684,16.6888,15.3730,0.0021,-1.0000
16.6677,1.0000,136.0734,1.3357,0.3531,16.6615,16.6127,15.4004,0.0015,-1.0000
16.7040,1.0000,136.0902,1.1872,0.4196,16.6636,16.7690,15.3711,0.0013,-1.0000
16.6658,1.0000,136.1068,1.4169,0.3566,16.7454,16.6427,15.2542,0.0013,-1.0000
16.6671,1.0000,136.1234,1.3138,0.2947,16.6988,16.5958,15.2681,0.0011,-1.0000
16.6679,1.0000,136.1400,1.2106,0.2925,16.6210,16.6636,15.3117,0.0013,-1.0000
16.6662,1.0000,136.1568,1.3965,0.3342,16.7783,16.7094,15.3362,0.0011,-1.0000
16.6655,1.0000,136.1734,1.3876,0.3425,16.6516,16.5993,15.3380,0.0013,-1.0000
16.6695,1.0000,136.1901,1.3265,0.2911,16.6051,16.6747,15.2362,0.0011,-1.0000
16.6649,1.0000,136.2068,1.3505,0.3298,16.6743,16.6396,15.3742,0.0014,-1.0000
16.6683,1.0000,136.2235,1.3721,0.3627,16.7185,16.7120,15.3444,0.0011,-1.0000
16.6666,1.0000,136.2400,1.2602,0.3222,16.6074,16.6645,15.2756,0.0012,-1.0000
16.6660,1.0000,136.2568,1.4371,0.3640,16.6853,16.6511,15.3339,0.0013,-1.0000
16.6665,1.0000,136.2736,1.2638,0.3334,16.6505,16.7617,15.3940,0.0012,-1.0000
16.6667,1.0000,136.2903,1.3668,0.3011,16.7208,16.6499,15.2371,0.0012,-1.0000
16.6671,1.0000,136.3068,1.3874,0.3342,16.6750,16.5954,14.9845,0.0015,-1.0000
16.6657,1.0000,136.3234,1.3154,0.3229,16.6603,16.6019,15.3609,0.0010,-1.0000
16.6671,1.0000,136.3401,1.3667,0.3539,16.7707,16.7602,15.3985,0.0012,-1.0000
16.6691,1.0000,136.3569,1.4115,0.3516,16.6598,16.5965,15.1703,0.0014,-1.0000
16.6645,1.0000,136.3735,1.6091,0.3662,16.6037,16.6374,14.8964,0.0013,-1.0000
16.6665,1.0000,136.3902,1.2401,0.3803,16.6121,16.6897,15.2116,0.0013,-1.0000
16.6680,1.0000,136.4068,1.3606,0.3496,16.7694,16.5827,15.2890,0.0011,-1.0000
16.6658,1.0000,136.4234,1.4251,0.5639,16.6079,16.6983,15.4097,0.0012,-1.0000
16.6667,1.0000,136.4401,1.7396,0.3178,16.6461,16.6628,15.4130,0.0012,-1.0000
16.6682,1.0000,136.4571,1.4769,0.3394,16.6992,16.6484,15.2814,0.0012,-1.0000
16.6650,1.0000,136.4735,1.2925,0.3513,16.5939,16.6637,14.5624,0.0018,-1.0000
16.6667,1.0000,136.4901,1.2874,0.2944,16.7083,16.6396,15.2577,0.0011,-1.0000
16.6680,1.0000,136.5069,1.2486,0.4917,16.6729,16.6792,15.4012,0.0012,-1.0000
16.6663,1.0000,136.5235,1.3656,0.3795,16.6593,16.6396,15.0439,0.0014,-1.0000
16.6659,1.0000,136.5401,2.0998,0.3106,16.6745,16.6982,15.3665,0.0012,-1.0000
16.6677,1.0000,136.5568,1.3808,0.2814,16.6492,16.6080,15.4017,0.0012,-1.0000
16.6665,1.0000,136.5735,1.2768,0.3818,16.6894,16.6573,15.2059,0.0011,-1.0000
16.6661,1.0000,136.5902,1.5942,0.3314,16.6489,16.7520,15.3537,0.0013,-1.0000
16.6672,1.0000,136.6068,1.3307,0.2916,16.7067,16.5517,15.2970,0.0011,-1.0000
16.6671,1.0000,136.6235,1.2054,0.3959,16.6165,16.6757,15.2321,0.0012,-1.0000
16.6644,1.0000,136.6400,1.4503,0.2784,16.6667,16.6345,15.1928,0.0015,-1.0000
16.6698,1.0000,136.6567,1.3967,0.3329,16.7604,16.6362,15.4936,0.0013,-1.0000
16.6670,1.0000,136.6735,1.2535,0.3649,16.5599,16.6690,15.1356,0.0012,-1.0000
16.6666,1.0000,136.6902,1.4424,0.2780,16.6844,16.6471,15.2918,0.0011,-1.0000
16.6660,1.0000,136.7067,1.4404,0.2905,16.6432,16.6471,15.2582,0.0017,-1.0000
16.6671,1.0000,136.7235,1.1412,0.4701,16.6447,16.6642,15.2857,0.0013,-1.0000
16.6658,1.0000,136.7400,1.5322,0.2755,16.6775,16.6542,15.2132,0.0013,-1.0000
16.6673,1.0000,136.7576,1.3541,0.3498,16.6575,16.6920,15.4357,0.0010,-1.0000
16.6694,1.0000,136.7736,1.3873,0.3284,16.6565,16.7201,14.5225,0.0016,-1.0000
16.6666,1.0000,136.7904,1.3769,0.3297,16.6725,16.7926,15.0033,0.0016,-1.0000
16.6669,1.0000,136.8068,1.4396,0.2830,16.6634,16.4963,14.9305,0.0016,-1.0000
16.6668,1.0000,136.8236,1.2549,0.3581,16.7005,16.6912,15.1236,0.0014,-1.0000
16.6652,1.0000,136.8401,2.1965,0.5460,16.7318,16.6479,14.8967,0.0016,-1.0000
16.6653,1.0000,136.8568,1.7879,0.4757,16.8047,16.6022,15.3845,0.0012,-1.0000
16.6682,1.0000,136.8738,1.5641,0.4019,16.5058,16.6553,15.3326,0.0014,-1.0000
16.6664,1.0000,136.8904,1.5660,0.4650,16.7023,16.7227,14.9777,0.0012,-1.0000
16.6671,1.0000,136.9068,1.7495,0.3031,16.6591,16.5496,14.8308,0.0018,-1.0000
16.6673,1.0000,136.9235,1.2163,0.3268,16.6109,16.6839,15.0801,0.0015,-1.0000
16.6690,1.0000,136.9401,1.3214,0.4865,16.6633,16.6523,15.0625,0.0021,-1.0000
16.6646,1.0000,136.9569,1.7437,0.4060,16.7336,16.6466,15.1032,0.0014,-1.0000
16.6658,1.0000,136.9734,1.7170,0.4028,16.5590,16.6457,15.1242,0.0016,-1.0000
16.6675,1.0000,136.9901,1.6024,0.4267,16.6932,16.6596,15.0745,0.0016,-1.0000
16.6665,1.0000,137.0069,1.5872,0.6220,16.6631,16.7116,15.3694,0.0012,-1.0000
16.6663,1.0000,137.0235,1.5421,0.3230,16.6579,16.6008,15.0926,0.0012,-1.0000
16.6657,1.0000,137.0400,1.5202,0.4271,16.6553,16.6493,15.2910,0.0011,-1.0000
16.6682,1.0000,137.0568,1.5836,0.3743,16.6682,16.6726,15.3910,0.0017,-1.0000
16.6665,1.0000,137.0735,1.3410,0.3960,16.7220,16.6543,15.0778,0.0014,-1.0000
16.6665,1.0000,137.0901,1.5069,0.3988,16.6111,16.6456,15.2026,0.0011,-1.0000
16.6680,1.0000,137.1069,1.3572,0.3132,16.6584,16.6745,15.3407,0.0012,-1.0000
16.6653,1.0000,137.1236,1.2798,0.3580,16.6840,16.6377,14.9075,0.0013,-1.0000
16.6666,1.0000,137.1400,1.5751,0.2836,16.6672,16.6539,14.9502,0.0015,-1.0000
16.7053,1.0000,137.1569,1.4418,0.2710,16.6551,16.7107,15.4475,0.0015,-1.0000
16.6657,1.0000,137.1736,1.3324,0.3722,16.6851,16.6552,14.2811,0.0014,-1.0000
16.6641,1.0000,137.1901,1.7293,0.3197,16.6472,16.6437,15.1629,0.0015,-1.0000
16.6692,1.0000,137.2068,1.7021,0.3547,16.6615,16.6655,15.4474,0.0011,-1.0000
16.6656,1.0000,137.2234,1.2611,0.4794,16.7200,16.6556,15.2482,0.0011,-1.0000
16.6667,1.0000,137.2400,2.3732,0.3232,16.6675,16.6577,15.3973,0.0015,-1.0000
16.6680,1.0000,137.2569,1.4795,0.2546,16.6515,16.6691,15.5078,0.0010,-1.0000
16.6663,1.0000,137.2734,1.2166,0.3172,16.6733,16.6480,15.1901,0.0015,-1.0000
16.6670,1.0000,137.2902,1.4062,0.3038,16.6646,16.7189,15.3948,0.0012,-1.0000
16.6673,1.0000,137.3068,1.2589,0.2999,16.6655,16.5988,15.2379,0.0016,-1.0000
16.6655,1.0000,137.3234,1.1602,0.3320,16.6785,16.6481,15.2650,0.0014,-1.0000
16.6640,1.0000,137.3400,1.4563,0.3409,16.6584,16.6995,15.5093,0.0010,-1.0000
16.6702,1.0000,137.3569,1.3230,0.2883,16.7289,16.6228,15.5190,0.0011,-1.0000
16.6662,1.0000,137.3735,1.3592,0.2966,16.6080,16.6594,15.0825,0.0012,-1.0000
16.6660,1.0000,137.3901,1.3818,0.2942,16.6572,16.6975,15.3150,0.0015,-1.0000
16.6685,1.0000,137.4068,1.1894,0.3207,16.7064,16.6250,15.3311,0.0011,-1.0000
16.6661,1.0000,137.4235,1.1028,0.3326,16.6329,16.6506,15.3299,0.0013,-1.0000
16.6646,1.0000,137.4402,1.5758,0.3466,16.6702,16.6466,15.4031,0.0014,-1.0000
16.6702,1.0000,137.4569,1.3810,0.3647,16.7051,16.7360,15.3560,0.0010,-1.0000
16.6654,1.0000,137.4735,1.2928,0.3588,16.6346,16.6398,15.1723,0.0014,-1.0000
16.6664,1.0000,137.4902,1.3194,0.3529,16.6599,16.6531,15.2958,0.0011,-1.0000
16.6677,1.0000,137.5068,1.2420,0.2768,16.6558,16.6733,15.3537,0.0012,-1.0000
16.6663,1.0000,137.5235,1.3784,0.3534,16.7447,16.6868,15.2731,0.0012,-1.0000
16.6645,1.0000,137.5401,1.4660,0.3152,16.6496,16.6156,15.2616,0.0011,-1.0000
16.6679,1.0000,137.5568,1.3561,0.3104,16.6625,16.6431,15.4515,0.0012,-1.0000
16.6699,1.0000,137.5738,1.3182,0.3041,16.6829,16.7845,15.2855,0.0012,-1.0000
16.6640,1.0000,137.5901,1.4125,0.2930,16.6960,16.5403,15.0115,0.0013,-1.0000
16.6683,1.0000,137.6070,1.3530,0.2821,16.6239,16.6932,15.4054,0.0013,-1.0000
16.6663,1.0000,137.6237,1.1904,0.3387,16.6504,16.7277,14.9383,0.0013,-1.0000
16.6652,1.0000,137.6400,1.4977,0.3314,16.7937,16.4970,14.9560,0.0013,-1.0000
16.6674,1.0000,137.6568,1.5274,0.2983,16.5488,16.7181,15.5699,0.0010,-1.0000
16.6675,1.0000,137.6736,1.2861,0.3675,16.7044,16.6612,15.1903,0.0015,-1.0000
16.6659,1.0000,137.6902,1.7881,0.3766,16.7402,16.6283,15.1594,0.0013,-1.0000
16.6661,1.0000,137.7069,1.5396,0.2799,16.5068,16.6948,15.3281,0.0011,-1.0000
16.6682,1.0000,137.7236,1.1472,0.3468,16.7261,16.6464,15.1867,0.0013,-1.0000
16.6667,1.0000,137.7401,1.4693,0.4032,16.6724,16.6486,15.2228,0.0012,-1.0000
16.6669,1.0000,137.7576,1.4674,0.3455,16.6384,16.8501,15.4701,0.0012,-1.0000
16.6669,1.0000,137.7736,1.3656,0.7702,16.7037,16.2802,14.5232,0.0016,-1.0000
16.6647,1.0000,137.7902,1.4581,0.3232,16.6563,16.5935,14.9174,0.0014,-1.0000
16.6683,1.0000,137.8068,1.4247,0.3025,16.6575,16.6493,15.3204,0.0015,-1.0000
16.6675,1.0000,137.8236,1.3788,0.3267,16.8611,16.7780,15.4595,0.0012,-1.0000
16.6662,1.0000,137.8400,1.7553,0.4118,16.5299,16.5337,14.9807,0.0013,-1.0000
16.6654,1.0000,137.8568,1.6746,0.3005,16.6014,16.6588,15.5278,0.0011,-1.0000
16.6682,1.0000,137.8735,1.3273,0.2967,16.6570,16.6685,15.4671,0.0011,-1.0000
16.6667,1.0000,137.8902,1.3173,0.3569,16.7870,16.6178,15.2057,0.0012,-1.0000
16.6671,1.0000,137.9068,1.5517,0.2902,16.5425,16.6553,15.3623,0.0012,-1.0000
16.6672,1.0000,137.9234,1.1296,0.2919,16.6662,16.6681,15.4100,0.0011,-1.0000
16.6663,1.0000,137.9400,1.2002,0.3796,16.6770,16.6554,15.3306,0.0014,-1.0000
16.6662,1.0000,137.9568,1.4109,0.3430,16.6268,16.6511,15.5089,0.0010,-1.0000
16.6678,1.0000,137.9735,1.2918,0.2915,16.6631,16.6699,15.4334,0.0012,-1.0000
16.6661,1.0000,137.9901,1.2566,0.3100,16.6766,16.6831,15.3629,0.0013,-1.0000
16.6661,1.0000,138.0068,1.3231,0.3276,16.6636,16.6341,15.4284,0.0012,-1.0000
16.6674,1.0000,138.0235,1.1409,0.3485,16.6587,16.6331,15.4551,0.0012,-1.0000
16.6671,1.0000,138.0400,1.2353,0.3524,16.6778,16.6546,15.3968,0.0011,-1.0000
16.6673,1.0000,138.0567,1.3189,0.2883,16.6923,16.6628,15.3902,0.0012,-1.0000
16.6667,1.0000,138.0735,1.2042,0.3011,16.6444,16.6845,15.4825,0.0013,-1.0000
16.6654,1.0000,138.0901,1.1764,0.2979,16.6423,16.6225,15.2482,0.0013,-1.0000
16.6663,1.0000,138.1068,1.2566,0.3321,16.6633,16.6582,15.2966,0.0012,-1.0000
16.6684,1.0000,138.1235,1.2712,0.2952,16.6717,16.6643,15.3419,0.0011,-1.0000
16.6659,1.0000,138.1400,1.2007,0.3868,16.6955,16.6555,15.2030,0.0012,-1.0000
16.6676,1.0000,138.1568,1.3728,0.2928,16.6313,16.6629,15.5594,0.0010,-1.0000
16.6663,1.0000,138.1735,1.3603,0.4395,16.6658,16.6555,15.4486,0.0012,-1.0000
16.6657,1.0000,138.1901,1.3210,0.3964,16.6722,16.6528,15.3452,0.0065,-1.0000
16.6665,1.0000,138.2068,1.4512,0.3029,16.6636,16.6596,15.5058,0.0011,-1.0000
16.6692,1.0000,138.2235,1.1024,0.3056,16.6713,16.6686,15.3523,0.0010,-1.0000
16.6644,1.0000,138.2400,1.2060,0.3748,16.6654,16.6483,15.2048,0.0014,-1.0000
16.6683,1.0000,138.2569,1.3012,0.2951,16.6609,16.6677,15.5632,0.0013,-1.0000
16.6677,1.0000,138.2734,1.1528,0.3893,16.6667,16.6481,15.0945,0.0013,-1.0000
16.6635,1.0000,138.2901,1.3152,0.3736,16.6779,16.6520,15.5831,0.0009,-1.0000
16.6690,1.0000,138.3068,1.4420,0.3783,16.6576,16.6678,15.4761,0.0012,-1.0000
16.6674,1.0000,138.3235,1.1030,0.4204,16.6786,16.6595,15.0477,0.0015,-1.0000
16.6650,1.0000,138.3400,1.5520,0.2908,16.6576,16.6527,15.2757,0.0014,-1.0000
16.6674,1.0000,138.3567,1.0679,0.2979,16.6591,16.6603,15.5667,0.0011,-1.0000
16.6681,1.0000,138.3738,1.1902,0.3251,16.6753,16.6662,15.4004,0.0011,-1.0000
16.6658,1.0000,138.3901,1.6106,0.3581,16.6682,16.6515,14.9234,0.0014,-1.0000
16.6661,1.0000,138.4071,1.3757,0.3351,16.6603,16.6556,15.4468,0.0011,-1.0000
16.6682,1.0000,138.4236,1.0922,0.3222,16.6679,16.6663,15.0351,0.0013,-1.0000
16.6654,1.0000,138.4400,1.2645,0.5017,16.6747,16.6528,15.0644,0.0013,-1.0000
16.6671,1.0000,138.4568,1.7265,0.3243,16.6606,16.6560,15.4861,0.0010,-1.0000
16.6685,1.0000,138.4736,1.2077,0.3219,16.6635,16.6680,15.3855,0.0011,-1.0000
16.6652,1.0000,138.4901,1.6298,0.4491,16.6746,16.6453,15.0485,0.0016,-1.0000
16.6647,1.0000,138.5067,1.5872,0.3810,16.6633,16.6529,15.3870,0.0013,-1.0000
16.6687,1.0000,138.5234,1.1689,0.3650,16.6642,16.6693,15.3704,0.0013,-1.0000
16.6659,1.0000,138.5400,1.2814,0.4679,16.6788,16.6510,15.4788,0.0011,-1.0000
16.6682,1.0000,138.5568,1.5953,0.3453,16.6554,16.6641,15.4192,0.0013,-1.0000
16.6668,1.0000,138.5735,1.2646,0.3800,16.6606,16.6589,15.3610,0.0012,-1.0000
16.6662,1.0000,138.5901,1.2977,0.3244,16.6774,16.6520,15.3108,0.0012,-1.0000
16.6665,1.0000,138.6068,1.1712,0.3493,16.6603,16.6600,15.4807,0.0012,-1.0000
16.6686,1.0000,138.6235,1.2439,0.3808,16.6728,16.6627,15.2839,0.0013,-1.0000
16.6652,1.0000,138.6400,1.2966,0.2930,16.6681,16.6533,15.4031,0.0012,-1.0000
16.8839,1.0000,138.6571,1.3400,0.3088,16.6613,16.8809,15.6841,0.0013,-1.0000
16.6670,1.0000,138.6737,1.1783,0.3784,16.6678,16.6560,15.1325,0.0016,-1.0000
16.6657,1.0000,138.6903,1.3773,0.3074,16.6698,16.6557,15.4293,0.0015,-1.0000
16.6665,1.0000,138.7070,1.2488,0.3104,16.6621,16.6552,15.4660,0.0014,-1.0000
16.6671,1.0000,138.7237,1.1955,0.3591,16.8893,16.6623,15.2544,0.0011,-1.0000
16.6654,1.0000,138.7402,1.5217,0.2911,16.6646,16.6505,15.4616,0.0013,-1.0000
16.6706,1.0000,138.7570,1.2249,0.3136,16.6650,16.6767,15.5819,0.0014,-1.0000
16.6641,1.0000,138.7736,1.1880,0.3393,16.6643,16.6408,15.3278,0.0012,-1.0000
16.6671,1.0000,138.7903,1.4068,0.3176,16.6717,16.6590,15.4216,0.0010,-1.0000
16.6666,1.0000,138.8075,1.1879,0.2909,16.6583,16.6588,15.3140,0.0015,-1.0000
16.6672,1.0000,138.8237,1.0932,0.3770,16.6886,16.6591,14.8157,0.0014,-1.0000
16.6646,1.0000,138.8402,1.3118,0.3120,16.6503,16.6532,15.3595,0.0012,-1.0000
16.6685,1.0000,138.8570,1.2365,0.3146,16.6678,16.6642,15.4767,0.0010,-1.0000
16.6669,1.0000,138.8737,1.3434,0.6826,16.6676,16.6566,15.2838,0.0011,-1.0000
16.6658,1.0000,138.8904,1.8418,0.3627,16.6678,16.6543,15.1616,0.0012,-1.0000
16.6680,1.0000,138.9070,1.2925,0.4033,16.6601,16.6623,15.3225,0.0013,-1.0000
16.6670,1.0000,138.9237,1.1862,0.3507,16.6733,16.6596,15.0696,0.0016,-1.0000
16.6640,1.0000,138.9402,1.3718,0.4088,16.6649,16.6465,15.4228,0.0013,-1.0000
16.6696,1.0000,138.9571,1.4916,0.3704,16.6629,16.6726,15.5796,0.0011,-1.0000
16.6666,1.0000,138.9737,1.3385,0.4753,16.6709,16.6554,14.9695,0.0012,-1.0000
16.6648,1.0000,138.9903,1.5886,0.4138,16.6689,16.6490,15.3617,0.0010,-1.0000
16.6691,1.0000,139.0070,1.2226,0.3452,16.6546,16.6655,15.3691,0.0013,-1.0000
16.6674,1.0000,139.0237,1.0915,0.4148,16.6808,16.6640,15.3298,0.0013,-1.0000
16.6633,1.0000,139.0402,1.6845,0.3754,16.6655,16.6411,15.3151,0.0011,-1.0000
16.6694,1.0000,139.0570,1.2863,0.3672,16.6577,16.6747,15.5943,0.0011,-1.0000
16.6673,1.0000,139.0737,1.2948,0.3967,16.6730,16.6548,15.3468,0.0012,-1.0000
16.6670,1.0000,139.0903,1.3327,0.3301,16.6743,16.6566,15.3149,0.0013,-1.0000
16.6664,1.0000,139.1070,1.3248,0.3179,16.6490,16.6580,15.4354,0.0013,-1.0000
16.6675,1.0000,139.1238,1.0796,0.4526,16.6838,16.6621,15.1664,0.0015,-1.0000
16.6628,1.0000,139.1402,1.3066,0.4199,16.6629,16.6410,15.2374,0.0014,-1.0000
16.6697,1.0000,139.1571,1.3388,0.3394,16.6651,16.6746,15.5146,0.0012,-1.0000
16.6673,1.0000,139.1737,1.2215,0.4527,16.6667,16.6576,15.0129,0.0016,-1.0000
16.6646,1.0000,139.1903,1.4944,0.3308,16.6717,16.6502,15.3871,0.0012,-1.0000
16.6701,1.0000,139.2071,1.4023,0.3455,16.6487,16.6730,15.4215,0.0014,-1.0000
16.6653,1.0000,139.2237,1.1586,0.4363,16.6822,16.6468,15.0136,0.0014,-1.0000
16.6667,1.0000,139.2402,1.6430,0.3823,16.6665,16.6587,15.2884,0.0011,-1.0000
16.6663,1.0000,139.2571,1.2617,0.3263,16.6575,16.6562,15.4387,0.0010,-1.0000
16.6683,1.0000,139.2738,1.2498,0.5277,16.6838,16.6643,15.1764,0.0013,-1.0000
16.6648,1.0000,139.2903,1.6314,0.4764,16.6574,16.6463,15.2366,0.0011,-1.0000
16.6705,1.0000,139.3072,1.3689,0.3609,16.6672,16.6809,15.2346,0.0013,-1.0000
16.6660,1.0000,139.3238,1.2163,0.3688,16.6657,16.6432,15.0317,0.0013,-1.0000
16.6647,1.0000,139.3402,1.4865,0.4681,16.6745,16.6660,14.9858,0.0017,-1.0000
16.6669,1.0000,139.3571,1.4084,0.4054,16.6548,16.6393,15.5360,0.0013,-1.0000
16.6679,1.0000,139.3737,1.4451,0.4409,16.6923,16.6622,15.3672,0.0013,-1.0000
16.6639,1.0000,139.3903,1.6098,0.4492,16.6559,16.6467,15.4344,0.0011,-1.0000
16.6694,1.0000,139.4070,1.6790,0.3246,16.6752,16.6691,15.4676,0.0010,-1.0000
16.6665,1.0000,139.4237,1.1016,0.2882,16.6471,16.6565,15.2995,0.0014,-1.0000
16.6666,1.0000,139.4402,1.2938,0.2792,16.6715,16.6563,15.2037,0.0012,-1.0000
16.6654,1.0000,139.4570,1.2112,0.2826,16.6538,16.6556,15.4973,0.0014,-1.0000
16.6704,1.0000,139.4738,1.2004,0.2960,16.6777,16.6733,15.3815,0.0014,-1.0000
16.6642,1.0000,139.4903,1.3554,0.4015,16.6656,16.6448,15.1042,0.0011,-1.0000
16.6675,1.0000,139.5070,1.4515,0.2994,16.6647,16.6601,15.4610,0.0011,-1.0000
16.6682,1.0000,139.5236,1.1568,0.2948,16.6627,16.6647,15.2393,0.0010,-1.0000
16.6635,1.0000,139.5402,1.2902,0.3632,16.6834,16.6479,15.3447,0.0018,-1.0000
16.6678,1.0000,139.5570,1.5397,0.2996,16.6535,16.6638,15.5431,0.0011,-1.0000
16.6692,1.0000,139.5737,1.1979,0.3782,16.6677,16.6650,15.2377,0.0012,-1.0000
16.6648,1.0000,139.5903,1.4245,0.3574,16.6734,16.6479,15.4416,0.0013,-1.0000
16.6671,1.0000,139.6070,1.3013,0.3455,16.6557,16.6622,15.2194,0.0010,-1.0000
16.6674,1.0000,139.6237,1.1195,0.4629,16.6724,16.6576,15.2786,0.0013,-1.0000
16.6658,1.0000,139.6402,1.4259,0.2844,16.6748,16.6556,15.3864,0.0013,-1.0000
16.6672,1.0000,139.6570,1.2048,0.3616,16.6577,16.6579,15.4871,0.0010,-1.0000
16.6675,1.0000,139.6736,1.4416,0.5448,16.6703,16.6615,15.2652,0.0011,-1.0000
16.6656,1.0000,139.6903,1.3776,0.3275,16.6661,16.6556,15.5145,0.0012,-1.0000
16.6693,1.0000,139.7070,1.2679,0.3002,16.6645,16.6680,15.3634,0.0012,-1.0000
16.6665,1.0000,139.7236,1.1698,0.3690,16.6659,16.6568,15.1076,0.0013,-1.0000
16.6659,1.0000,139.7402,1.3953,0.2981,16.6694,16.6536,15.3250,0.0013,-1.0000
16.6671,1.0000,139.7571,1.1400,0.3073,16.6635,16.6606,15.5266,0.0011,-1.0000
16.6670,1.0000,139.7737,1.3033,0.3125,16.6766,16.6540,15.3644,0.0013,-1.0000
16.6661,1.0000,139.7903,1.5481,0.2919,16.6660,16.6561,15.4003,0.0014,-1.0000
16.6669,1.0000,139.8071,1.3275,0.3023,16.6627,16.6610,15.3061,0.0012,-1.0000
16.6667,1.0000,139.8237,1.1325,0.3030,16.6706,16.6560,15.1929,0.0016,-1.0000
16.6669,1.0000,139.8403,1.2883,0.2984,16.6630,16.6635,15.4060,0.0012,-1.0000
16.6660,1.0000,139.8570,1.2543,0.3793,16.6661,16.6503,15.3446,0.0014,-1.0000
16.6671,1.0000,139.8737,1.3536,0.5632,16.6700,16.6553,15.2425,0.0012,-1.0000
16.6651,1.0000,139.8903,1.4614,0.3500,16.6641,16.6554,15.4299,0.0012,-1.0000
16.6695,1.0000,139.9070,1.2561,0.3079,16.6739,16.6673,15.4219,0.0011,-1.0000
16.6657,1.0000,139.9237,1.3042,0.3510,16.6602,16.6543,15.2567,0.0014,-1.0000
16.6657,1.0000,139.9403,1.4115,0.3212,16.6642,16.6576,15.4456,0.0013,-1.0000
16.6666,1.0000,139.9570,1.2245,0.3765,16.6624,16.6549,15.5043,0.0011,-1.0000
16.6680,1.0000,139.9738,1.2443,0.3576,16.6750,16.6641,15.3267,0.0013,-1.0000
16.6649,1.0000,139.9903,1.3964,0.2776,16.6636,16.6468,15.1995,0.0012,-1.0000
16.6686,1.0000,140.0070,1.2107,0.3033,16.6670,16.6652,15.4804,0.0011,-1.0000
16.6676,1.0000,140.0236,1.1494,0.2988,16.6645,16.6590,15.0693,0.0015,-1.0000
16.6651,1.0000,140.0402,1.3363,0.3188,16.6744,16.6510,15.5309,0.0012,-1.0000
16.6676,1.0000,140.0571,1.4459,0.3005,16.6557,16.6678,15.4979,0.0013,-1.0000
16.6667,1.0000,140.0737,1.1840,0.3997,16.6737,16.6542,15.0465,0.0015,-1.0000
16.6653,1.0000,140.0903,1.5883,0.2993,16.6668,16.6530,15.4461,0.0014,-1.0000
16.6676,1.0000,140.1072,1.1187,0.3120,16.6598,16.6648,15.5055,0.0014,-1.0000
16.6675,1.0000,140.1237,1.1685,0.3266,16.6771,16.6575,15.1466,0.0012,-1.0000
16.6644,1.0000,140.1402,1.6062,0.3275,16.6630,16.6488,15.3736,0.0015,-1.0000
16.6694,1.0000,140.1571,1.2057,0.3312,16.6617,16.6695,15.6712,0.0011,-1.0000
16.6664,1.0000,140.1737,1.1577,0.2927,16.6725,16.6539,15.2667,0.0012,-1.0000
16.6661,1.0000,140.1903,1.5096,0.3182,16.6660,16.6579,15.3336,0.0012,-1.0000
16.6658,1.0000,140.2070,1.2738,0.2633,16.6569,16.6552,15.4487,0.0014,-1.0000
16.6699,1.0000,140.2238,0.9972,0.3240,16.6784,16.6716,15.4060,0.0010,-1.0000
16.6639,1.0000,140.2402,1.3860,0.3875,16.6628,16.6427,15.1926,0.0017,-1.0000
16.6679,1.0000,140.2570,1.3231,0.3653,16.6660,16.6613,15.5031,0.0010,-1.0000
16.6677,1.0000,140.2738,1.2051,0.3341,16.6626,16.6664,15.2899,0.0014,-1.0000
16.6629,1.0000,140.2903,1.2648,0.3207,16.6827,16.6406,15.1439,0.0014,-1.0000
16.6698,1.0000,140.3070,1.4484,0.3015,16.6524,16.6706,15.5016,0.0012,-1.0000
16.6686,1.0000,140.3238,1.1573,0.3639,16.6692,16.6661,15.4312,0.0011,-1.0000
16.6641,1.0000,140.3402,1.3751,0.3281,16.6761,16.6437,15.1693,0.0014,-1.0000
16.7109,1.0000,140.3570,1.4950,0.3421,16.6494,16.7074,15.5988,0.0008,-1.0000
16.6683,1.0000,140.3737,1.1675,0.3293,16.6778,16.6651,15.3068,0.0012,-1.0000
16.6630,1.0000,140.3904,1.2336,0.3682,16.6753,16.6416,15.3192,0.0011,-1.0000
16.6657,1.0000,140.4070,1.4728,0.3366,16.6517,16.6589,15.5022,0.0011,-1.0000
16.6721,1.0000,140.4237,1.1074,0.3935,16.7147,16.6739,15.4853,0.0012,-1.0000
16.6642,1.0000,140.4403,1.3566,0.3023,16.6752,16.6495,15.1712,0.0014,-1.0000
16.6680,1.0000,140.4572,1.3210,0.2808,16.6511,16.6640,15.4524,0.0011,-1.0000
16.6672,1.0000,140.4738,1.1557,0.3284,16.6650,16.6581,15.0734,0.0014,-1.0000
16.6640,1.0000,140.4904,1.1870,0.3953,16.6825,16.6498,15.2098,0.0015,-1.0000
16.6670,1.0000,140.5071,1.4766,0.2960,16.6585,16.6634,15.4768,0.0012,-1.0000
16.6680,1.0000,140.5238,1.2103,0.3039,16.6738,16.6560,15.3444,0.0009,-1.0000
16.6668,1.0000,140.5403,1.5834,0.3671,16.6671,16.6573,14.9478,0.0016,-1.0000
16.6670,1.0000,140.5570,1.4384,0.2845,16.6592,16.6554,15.3580,0.0011,-1.0000
16.6663,1.0000,140.5738,1.1854,0.2777,16.6732,16.6600,15.3423,0.0013,-1.0000
16.6667,1.0000,140.5904,1.3103,0.4450,16.6640,16.6547,15.3471,0.0010,-1.0000
16.6660,1.0000,140.6071,1.7080,0.3059,16.6675,16.6622,15.4511,0.0013,-1.0000
16.6677,1.0000,140.6237,1.2961,0.2993,16.6644,16.6549,15.3369,0.0012,-1.0000
16.6653,1.0000,140.6403,1.3163,0.3268,16.6684,16.6572,15.3659,0.0013,-1.0000
16.6684,1.0000,140.6571,1.3064,0.2981,16.6639,16.6638,15.5378,0.0010,-1.0000
16.6671,1.0000,140.6737,1.2096,0.2829,16.6714,16.6548,15.2317,0.0014,-1.0000
16.6660,1.0000,140.6904,1.3166,0.2998,16.6634,16.6578,15.4179,0.0012,-1.0000
16.6675,1.0000,140.7071,1.2898,0.2970,16.6651,16.6597,15.4255,0.0016,-1.0000
16.6663,1.0000,140.7237,1.1247,0.3237,16.6729,16.6532,15.2452,0.0013,-1.0000
16.6629,1.0000,140.7402,1.4216,0.2808,16.6635,16.6446,15.3929,0.0013,-1.0000
16.6700,1.0000,140.7572,1.2387,0.2973,16.6672,16.7682,15.7898,0.0010,-1.0000
16.6704,1.0000,140.7738,1.2325,0.3061,16.6710,16.5713,15.2423,0.0017,-1.0000
16.6627,1.0000,140.7904,1.4066,0.2905,16.6619,16.6411,14.9615,0.0012,-1.0000
16.6674,1.0000,140.8070,1.2503,0.2892,16.6512,16.6605,15.3795,0.0014,-1.0000
16.6670,1.0000,140.8237,0.9774,0.3137,16.7761,16.6604,15.4340,0.0011,-1.0000
16.6663,1.0000,140.8408,1.3269,0.3993,16.5828,16.6571,15.3394,0.0014,-1.0000
16.6665,1.0000,140.8570,1.6783,0.2948,16.6529,16.6590,14.9891,0.0011,-1.0000
16.6681,1.0000,140.8738,1.2795,0.3048,16.6683,16.6613,15.3894,0.0010,-1.0000
16.6652,1.0000,140.8903,1.2252,0.3022,16.6683,16.6516,15.0273,0.0017,-1.0000
16.6660,1.0000,140.9070,1.3162,0.3951,16.6657,16.6571,15.4818,0.0011,-1.0000
16.6691,1.0000,140.9238,1.6683,0.4968,16.6682,16.6690,15.5047,0.0012,-1.0000
16.6641,1.0000,140.9402,1.2708,0.5716,16.6698,16.6430,15.1325,0.0010,-1.0000
16.6671,1.0000,140.9570,1.6229,0.3439,16.6601,16.6618,15.5917,0.0014,-1.0000
16.6695,1.0000,140.9737,1.1742,0.3622,16.6646,16.6672,15.3541,0.0013,-1.0000
16.6647,1.0000,140.9904,1.1628,0.4216,16.6795,16.6510,15.4255,0.0012,-1.0000
16.6687,1.0000,141.0072,1.5097,0.3702,16.6517,16.6674,15.3499,0.0014,-1.0000
16.6665,1.0000,141.0237,1.0691,0.3855,16.6697,16.6504,15.0656,0.0012,-1.0000
16.6647,1.0000,141.0403,1.3115,0.3234,16.6750,16.6518,15.4411,0.0012,-1.0000
16.6684,1.0000,141.0571,1.2242,0.3892,16.6592,16.6714,15.4731,0.0009,-1.0000
16.6680,1.0000,141.0738,1.3162,0.3715,16.6779,16.6558,15.2689,0.0012,-1.0000
16.6640,1.0000,141.0904,1.5839,0.3187,16.6600,16.6452,15.3094,0.0011,-1.0000
16.6678,1.0000,141.1070,1.2094,0.2946,16.6603,16.6607,15.4434,0.0014,-1.0000
16.6683,1.0000,141.1237,1.1973,0.3148,16.6813,16.6713,15.3914,0.0013,-1.0000
16.6636,1.0000,141.1403,1.3855,0.2969,16.6669,16.6411,15.3084,0.0012,-1.0000
16.6688,1.0000,141.1571,1.3345,0.3258,16.6554,16.6648,15.6147,0.0012,-1.0000
16.6673,1.0000,141.1737,1.2158,0.3049,16.6690,16.6568,15.2861,0.0013,-1.0000
16.6652,1.0000,141.1904,1.2785,0.3062,16.6802,16.6533,15.4230,0.0012,-1.0000
16.6681,1.0000,141.2071,1.3311,0.3410,16.6494,16.6636,15.4426,0.0011,-1.0000
16.6664,1.0000,141.2237,1.0486,0.2964,16.6738,16.6544,15.1949,0.0019,-1.0000
16.6665,1.0000,141.2403,1.3692,0.3026,16.6658,16.6571,15.3223,0.0013,-1.0000
16.6670,1.0000,141.2571,1.2290,0.3229,16.6618,16.6574,15.4917,0.0011,-1.0000
16.6666,1.0000,141.2737,1.2199,0.3447,16.6745,16.6566,15.2883,0.0013,-1.0000
16.6658,1.0000,141.2904,1.4579,0.3321,16.6635,16.6521,15.4960,0.0013,-1.0000
16.6684,1.0000,141.3071,1.3334,0.3013,16.6674,16.6682,15.3216,0.0012,-1.0000
16.6661,1.0000,141.3237,1.1645,0.2901,16.6662,16.6550,15.2586,0.0013,-1.0000
16.6672,1.0000,141.3403,1.3670,0.3606,16.6656,16.6597,15.4866,0.0011,-1.0000
16.6664,1.0000,141.3570,1.1547,0.3462,16.6603,16.6553,15.3789,0.0013,-1.0000
16.6666,1.0000,141.3737,1.3454,0.3103,16.6762,16.6575,15.3929,0.0010,-1.0000
16.6661,1.0000,141.3904,1.3950,0.2921,16.6647,16.6525,15.4191,0.0012,-1.0000
16.6676,1.0000,141.4071,1.1718,0.3059,16.6686,16.6630,15.4557,0.0016,-1.0000
16.6666,1.0000,141.4237,1.2748,0.3045,16.6655,16.6567,15.2708,0.0012,-1.0000
16.6664,1.0000,141.4403,1.2633,0.4148,16.6678,16.6561,15.2347,0.0014,-1.0000
16.6670,1.0000,141.4576,1.2318,0.2733,16.6612,16.6614,15.4218,0.0015,-1.0000
16.6672,1.0000,141.4737,1.2057,0.3435,16.6712,16.6590,14.5434,0.0016,-1.0000
16.6639,1.0000,141.4903,1.3845,0.3381,16.6652,16.6505,15.4518,0.0016,-1.0000
16.6689,1.0000,141.5070,1.4199,0.3473,16.6648,16.6673,15.4990,0.0012,-1.0000
16.6668,1.0000,141.5237,1.2379,0.4207,16.6696,16.6570,15.3623,0.0015,-1.0000
16.6660,1.0000,141.5403,2.1140,0.3419,16.6668,16.6528,15.3403,0.0012,-1.0000
16.6679,1.0000,141.5571,1.1972,0.3808,16.6585,16.6674,15.4910,0.0008,-1.0000
16.6663,1.0000,141.5737,1.1670,0.3628,16.6768,16.6545,15.1222,0.0015,-1.0000
16.6653,1.0000,141.5903,1.2931,0.3512,16.6661,16.6485,15.4320,0.0011,-1.0000
16.6688,1.0000,141.6072,1.3112,0.3332,16.6611,16.6716,15.5185,0.0014,-1.0000
16.6666,1.0000,141.6237,1.1755,0.4395,16.6754,16.6512,15.0190,0.0013,-1.0000
16.6659,1.0000,141.6403,1.5308,0.3632,16.6629,16.6541,15.2620,0.0013,-1.0000
16.6681,1.0000,141.6571,1.2153,0.3774,16.6567,16.6674,15.5800,0.0011,-1.0000
16.6657,1.0000,141.6737,1.1516,0.4553,16.6814,16.6499,15.1262,0.0014,-1.0000
16.6648,1.0000,141.6903,1.6306,0.4040,16.6621,16.6520,15.4666,0.0012,-1.0000
16.6692,1.0000,141.7070,1.3906,0.3055,16.6623,16.6665,15.5141,0.0012,-1.0000
16.6675,1.0000,141.7237,1.0863,0.4080,16.6767,16.6642,15.3874,0.0011,-1.0000
16.6649,1.0000,141.7402,1.5224,0.2830,16.6596,16.6448,15.4170,0.0008,-1.0000
16.6685,1.0000,141.7572,1.1843,0.2829,16.6594,16.6669,15.5549,0.0011,-1.0000
16.6663,1.0000,141.7738,1.1511,0.3097,16.6739,16.6533,15.0664,0.0016,-1.0000
16.6664,1.0000,141.7904,1.2757,0.2993,16.6774,16.6502,15.1274,0.0012,-1.0000
16.6670,1.0000,141.8070,1.2269,0.3337,16.6535,16.6602,15.4379,0.0011,-1.0000
16.6675,1.0000,141.8237,1.1109,0.3942,16.6766,16.6611,15.4006,0.0012,-1.0000
16.6653,1.0000,141.8402,1.5852,0.3957,16.6658,16.6527,15.4222,0.0012,-1.0000
16.6679,1.0000,141.8571,1.5218,0.2759,16.6590,16.6660,15.5981,0.0011,-1.0000
16.6671,1.0000,141.8737,1.2212,0.3150,16.6682,16.6561,15.4533,0.0010,-1.0000
16.6665,1.0000,141.8904,1.2594,0.2973,16.6695,16.6569,15.4348,0.0013,-1.0000
16.6676,1.0000,141.9070,1.2290,0.3080,16.6604,16.6601,15.4530,0.0012,-1.0000
16.6655,1.0000,141.9237,1.0668,0.3078,16.6767,16.6528,15.4106,0.0012,-1.0000
16.6668,1.0000,141.9403,1.2017,0.3376,16.6643,16.6565,15.4189,0.0012,-1.0000
16.6684,1.0000,141.9572,1.2207,0.3874,16.6665,16.6662,15.3846,0.0015,-1.0000
16.6655,1.0000,141.9737,1.2056,0.3158,16.6690,16.6506,15.1940,0.0013,-1.0000
16.6663,1.0000,141.9905,1.2408,0.3240,16.6613,16.6560,15.4677,0.0012,-1.0000
16.6678,1.0000,142.0070,1.2363,0.3873,16.6645,16.6626,15.1308,0.0012,-1.0000
16.6687,1.0000,142.0238,1.2796,0.4068,16.6764,16.6641,14.9738,0.0012,-1.0000
16.6625,1.0000,142.0402,1.4552,0.3143,16.6605,16.6394,15.3025,0.0013,-1.0000
16.6687,1.0000,142.0571,1.1869,0.4227,16.6639,16.6702,15.5188,0.0012,-1.0000
16.6687,1.0000,142.0737,1.5306,0.5195,16.6712,16.6622,15.1478,0.0012,-1.0000
16.6648,1.0000,142.0903,1.6889,0.3819,16.6749,16.6494,15.2184,0.0013,-1.0000
16.6679,1.0000,142.1071,1.3358,0.3207,16.6478,16.6604,15.4440,0.0011,-1.0000
16.6665,1.0000,142.1237,1.1507,1.1792,16.6776,16.6590,15.3520,0.0010,-1.0000
16.6659,1.0000,142.1403,1.5130,0.4369,16.6721,16.6603,15.3277,0.0013,-1.0000
16.6678,1.0000,142.1571,1.4296,0.3631,16.6586,16.6387,15.5407,0.0011,-1.0000
16.6671,1.0000,142.1737,1.2151,0.3206,16.6691,16.6563,14.6462,0.0014,-1.0000
16.6652,1.0000,142.1904,1.3059,0.3608,16.6682,16.6471,15.1957,0.0011,-1.0000
16.6686,1.0000,142.2071,1.3313,0.3602,16.6891,16.6650,15.5217,0.0011,-1.0000
16.6671,1.0000,142.2238,1.0968,0.3305,16.6491,16.6540,15.2331,0.0016,-1.0000
16.6642,1.0000,142.2402,2.0088,0.4321,16.6678,16.6470,15.1753,0.0011,-1.0000
16.6661,1.0000,142.2570,1.4505,0.3246,16.6566,16.6593,15.5289,0.0011,-1.0000
16.6690,1.0000,142.2737,1.1419,0.3664,16.6757,16.6649,15.4226,0.0010,-1.0000
16.6658,1.0000,142.2904,1.4190,0.4345,16.6662,16.6564,15.2951,0.0013,-1.0000
16.6667,1.0000,142.3070,1.4704,0.3192,16.6556,16.6564,15.3439,0.0013,-1.0000
16.6685,1.0000,142.3238,1.1292,0.3560,16.6671,16.6617,15.4414,0.0012,-1.0000
16.6642,1.0000,142.3402,1.2412,0.3674,16.6734,16.6491,15.1761,0.0016,-1.0000
16.6670,1.0000,142.3570,1.3599,0.3459,16.6658,16.6611,15.5913,0.0011,-1.0000
16.6686,1.0000,142.3738,1.3110,0.4316,16.6653,16.7057,15.4783,0.0012,-1.0000
16.6643,1.0000,142.3903,1.2188,0.4001,16.6713,16.6062,15.3006,0.0012,-1.0000
16.6688,1.0000,142.4071,1.4717,0.3293,16.6578,16.7122,15.5432,0.0012,-1.0000
16.6666,1.0000,142.4237,1.0686,0.3372,16.6681,16.6114,14.5913,0.0014,-1.0000
16.6660,1.0000,142.4402,1.2265,0.3227,16.7152,16.6526,15.4901,0.0012,-1.0000
16.6687,1.0000,142.4572,1.3044,0.3157,16.6142,16.6698,15.5957,0.0010,-1.0000
16.6656,1.0000,142.4737,1.1679,0.4195,16.7219,16.6521,15.1819,0.0010,-1.0000
16.6657,1.0000,142.4903,2.0187,0.3132,16.6204,16.6522,15.4888,0.0012,-1.0000
16.6678,1.0000,142.5070,1.1614,0.4156,16.6598,16.6639,15.5537,0.0011,-1.0000
16.7591,1.0000,142.5239,1.0730,0.3270,16.6795,16.7566,15.5673,0.0012,-1.0000
16.6662,1.0000,142.5404,1.4691,0.3509,16.6612,16.6475,15.1205,0.0015,-1.0000
16.6653,1.0000,142.5571,1.1624,0.3764,16.6605,16.6516,15.4912,0.0012,-1.0000
16.6695,1.0000,142.5738,1.1091,0.3137,16.6715,16.6712,15.4204,0.0009,-1.0000
16.6641,1.0000,142.5904,1.1882,0.3711,16.7673,16.6485,15.4853,0.0013,-1.0000
16.6686,1.0000,142.6071,1.5255,0.4355,16.6581,16.6688,15.5181,0.0014,-1.0000
16.6662,1.0000,142.6238,1.1592,0.3475,16.6598,16.6532,15.3355,0.0012,-1.0000
16.6673,1.0000,142.6404,1.2498,0.3365,16.6791,16.6625,15.4477,0.0011,-1.0000
16.6654,1.0000,142.6571,1.1620,0.3127,16.6568,16.6490,15.4844,0.0011,-1.0000
16.6678,1.0000,142.6738,1.1492,0.3647,16.6772,16.6562,15.1594,0.0015,-1.0000
16.6648,1.0000,142.6904,1.3163,0.3331,16.6620,16.6522,15.4692,0.0011,-1.0000
16.6693,1.0000,142.7072,1.2139,0.3183,16.6739,16.6727,15.5915,0.0011,-1.0000
16.6658,1.0000,142.7238,1.1636,0.5016,16.6593,16.6531,15.1651,0.0012,-1.0000
16.6662,1.0000,142.7404,1.4953,0.3168,16.6647,16.6569,15.4818,0.0011,-1.0000
16.6694,1.0000,142.7572,1.1820,0.3648,16.6593,16.6661,15.5306,0.0009,-1.0000
16.6655,1.0000,142.7738,1.0800,0.3733,16.6806,16.6521,15.2556,0.0015,-1.0000
16.6649,1.0000,142.7905,1.4868,0.3220,16.6614,16.6521,15.4781,0.0013,-1.0000
16.6690,1.0000,142.8071,1.1743,0.3848,16.6657,16.6675,15.4032,0.0016,-1.0000
16.6654,1.0000,142.8238,1.1345,0.3495,16.6760,16.6535,15.2644,0.0012,-1.0000
16.6668,1.0000,142.8403,1.3949,0.3231,16.6608,16.6559,15.4992,0.0010,-1.0000
16.6677,1.0000,142.8571,1.1723,0.3113,16.6598,16.6645,15.5023,0.0011,-1.0000
16.6664,1.0000,142.8738,1.2625,0.3885,16.6767,16.6528,15.4353,0.0011,-1.0000
16.6652,1.0000,142.8904,1.3877,0.3260,16.6623,16.6528,15.4442,0.0015,-1.0000
16.6682,1.0000,142.9071,1.1553,0.3234,16.6644,16.6655,15.5461,0.0015,-1.0000
16.6669,1.0000,142.9238,1.1606,0.3514,16.6740,16.6606,15.3919,0.0013,-1.0000
16.6661,1.0000,142.9403,1.2163,0.3048,16.6627,16.6482,15.4424,0.0013,-1.0000
16.6694,1.0000,142.9572,1.2071,0.3221,16.6606,16.6672,15.5098,0.0010,-1.0000
16.6647,1.0000,142.9738,1.1176,0.3578,16.6749,16.6484,15.2444,0.0017,-1.0000
16.6656,1.0000,142.9905,1.2671,0.3335,16.6710,16.6559,15.4885,0.0012,-1.0000
16.6677,1.0000,143.0072,1.2046,0.4243,16.6567,16.6669,15.5119,0.0013,-1.0000
16.6668,1.0000,143.0238,1.1562,0.4676,16.6775,16.6543,15.0656,0.0013,-1.0000
16.6647,1.0000,143.0403,1.4018,0.3337,16.6576,16.6479,15.4400,0.0012,-1.0000
16.6681,1.0000,143.0572,1.1661,0.3069,16.6630,16.6692,15.6519,0.0010,-1.0000
16.6685,1.0000,143.0738,1.1537,0.4578,16.6767,16.6586,15.2669,0.0012,-1.0000
16.6640,1.0000,143.0905,1.5874,0.3432,16.6643,16.6521,15.4808,0.0014,-1.0000
16.9104,1.0000,143.1075,1.2069,0.3222,16.6557,16.9685,15.6630,0.0015,-1.0000
16.5950,1.0000,143.1240,1.0163,0.3598,16.6782,16.5164,15.2548,0.0012,-1.0000
16.6658,1.0000,143.1405,1.3904,0.3492,16.6665,16.6576,15.4349,0.0015,-1.0000
16.6690,1.0000,143.1573,1.1699,0.3206,16.6603,16.6736,15.6201,0.0010,-1.0000
16.6665,1.0000,143.1740,1.3040,0.3671,16.9801,16.6424,15.3212,0.0016,-1.0000
16.6645,1.0000,143.1906,1.2604,0.3256,16.5263,16.6494,15.4687,0.0011,-1.0000
16.6675,1.0000,143.2075,1.2211,0.3236,16.6652,16.6677,15.4502,0.0010,-1.0000
16.6679,1.0000,143.2240,1.0525,0.3484,16.6854,16.6576,15.3130,0.0011,-1.0000
16.6658,1.0000,143.2406,1.3191,0.3445,16.6533,16.6569,15.4813,0.0014,-1.0000
16.6676,1.0000,143.2573,1.1793,0.2595,16.6573,16.6590,15.5759,0.0010,-1.0000
16.6661,1.0000,143.2740,1.2163,0.2951,16.6760,16.6592,15.4228,0.0015,-1.0000
16.6664,1.0000,143.2907,1.3432,0.3165,16.6655,16.6549,15.3877,0.0013,-1.0000
16.6668,1.0000,143.3073,1.1743,0.3527,16.6667,16.6584,15.3094,0.0015,-1.0000
16.6678,1.0000,143.3240,1.0820,0.3142,16.6670,16.6589,15.3301,0.0015,-1.0000
16.6659,1.0000,143.3406,1.2349,0.3081,16.6675,16.6579,15.5221,0.0010,-1.0000
16.6670,1.0000,143.3573,1.2660,0.2876,16.6641,16.6599,15.4202,0.0011,-1.0000
16.6662,1.0000,143.3740,1.3475,0.2877,16.6678,16.6549,15.3606,0.0012,-1.0000
16.6673,1.0000,143.3907,1.3269,0.3002,16.6668,16.6596,15.3773,0.0015,-1.0000
16.6678,1.0000,143.4074,1.1344,0.3300,16.6672,16.6597,15.4412,0.0012,-1.0000
16.6656,1.0000,143.4240,1.2383,0.3445,16.6690,16.6516,15.1793,0.0014,-1.0000
16.6649,1.0000,143.4406,1.2929,0.3422,16.6641,16.6498,15.4440,0.0012,-1.0000
16.6700,1.0000,143.4574,1.2808,0.3531,16.6697,16.6669,15.4316,0.0013,-1.0000
16.6656,1.0000,143.4740,1.2172,0.3487,16.6706,16.6544,15.0200,0.0017,-1.0000
16.6666,1.0000,143.4906,1.4709,0.2996,16.6626,16.6535,15.4224,0.0010,-1.0000
16.6683,1.0000,143.5074,1.2045,0.2867,16.6602,16.6671,15.3878,0.0013,-1.0000
16.6648,1.0000,143.5240,1.2335,0.2844,16.6770,16.6447,14.9310,0.0016,-1.0000
16.6655,1.0000,143.5405,1.6329,0.2855,16.6643,16.6556,15.3325,0.0011,-1.0000
16.6683,1.0000,143.5573,1.2301,0.2918,16.6625,16.6653,15.4978,0.0011,-1.0000
16.6665,1.0000,143.5740,1.2781,0.3762,16.6778,16.6524,15.3221,0.0011,-1.0000
16.6665,1.0000,143.5906,1.7121,0.3254,16.6549,16.6585,15.4767,0.0012,-1.0000
16.6693,1.0000,143.6074,1.3223,0.3321,16.6637,16.6704,15.4942,0.0011,-1.0000
16.6655,1.0000,143.6240,1.1665,0.3172,16.6739,16.6903,15.2568,0.0017,-1.0000
16.6631,1.0000,143.6405,1.3290,0.3309,16.6624,16.6019,15.3742,0.0012,-1.0000
16.6724,1.0000,143.6574,1.1805,0.2850,16.6680,16.6847,15.6793,0.0009,-1.0000
16.6637,1.0000,143.6740,1.1751,0.2882,16.6804,16.6377,15.1014,0.0012,-1.0000
16.6662,1.0000,143.6906,1.4318,0.2867,16.7008,16.6646,15.3326,0.0016,-1.0000
16.6690,1.0000,143.7078,1.2266,0.2512,16.6087,16.6596,15.5099,0.0012,-1.0000
16.6659,1.0000,143.7241,1.0043,0.3149,16.6952,16.7341,14.8330,0.0012,-1.0000
16.6647,1.0000,143.7405,1.5348,0.3308,16.6483,16.5671,15.3989,0.0012,-1.0000
16.6698,1.0000,143.7573,1.3305,0.3429,16.6731,16.6687,15.6182,0.0012,-1.0000
16.6652,1.0000,143.7740,1.1484,0.3650,16.6702,16.6508,15.4709,0.0011,-1.0000
16.6665,1.0000,143.7907,1.8999,0.2835,16.7437,16.6599,15.3914,0.0014,-1.0000
16.6684,1.0000,143.8074,1.1668,0.2497,16.5747,16.6577,15.3906,0.0016,-1.0000
16.6668,1.0000,143.8240,1.0491,0.3055,16.6777,16.6589,15.3415,0.0011,-1.0000
16.6636,1.0000,143.8405,1.1790,0.3007,16.6603,16.6469,15.5040,0.0011,-1.0000
16.6700,1.0000,143.8573,1.2666,0.2889,16.6702,16.6701,15.6295,0.0012,-1.0000
16.6646,1.0000,143.8740,1.2653,0.3124,16.6670,16.6542,15.4888,0.0012,-1.0000
16.6680,1.0000,143.8906,1.3161,0.3039,16.6672,16.6607,15.3783,0.0014,-1.0000
16.6668,1.0000,143.9073,1.1420,0.3547,16.6543,16.6625,14.9367,0.0013,-1.0000
16.6661,1.0000,143.9240,1.0392,0.2729,16.6784,16.6529,15.3922,0.0011,-1.0000
16.6678,1.0000,143.9405,1.1641,0.3380,16.6626,16.6628,15.4773,0.0011,-1.0000
16.6664,1.0000,143.9573,1.2810,0.3561,16.6689,16.6529,15.4866,0.0011,-1.0000
16.6654,1.0000,143.9740,1.7245,0.3186,16.6708,16.6516,15.4221,0.0014,-1.0000
16.6671,1.0000,143.9907,1.2596,0.2986,16.6620,16.6674,15.3508,0.0010,-1.0000
16.6671,1.0000,144.0073,1.1844,0.3277,16.6732,16.6579,15.3589,0.0011,-1.0000
16.6673,1.0000,144.0240,1.1655,0.3097,16.6621,16.6594,15.5325,0.0013,-1.0000
16.6668,1.0000,144.0405,1.2281,0.3512,16.6587,16.6560,15.5080,0.0010,-1.0000
16.6667,1.0000,144.0573,1.3155,0.3595,16.6745,16.6585,15.4274,0.0010,-1.0000
16.6656,1.0000,144.0739,1.2974,0.2740,16.6659,16.6527,15.4167,0.0010,-1.0000
16.6676,1.0000,144.0906,1.1256,0.2866,16.6685,16.6654,15.4226,0.0012,-1.0000
16.6665,1.0000,144.1073,1.1465,0.4134,16.6653,16.6580,15.4886,0.0013,-1.0000
16.6665,1.0000,144.1239,1.2298,0.3275,16.6672,16.6538,15.5251,0.0011,-1.0000
16.6684,1.0000,144.1406,1.2349,0.2811,16.6603,16.6673,15.4141,0.0012,-1.0000
16.6661,1.0000,144.1573,1.2415,0.3046,16.6733,16.6538,15.5560,0.0013,-1.0000
16.6641,1.0000,144.1739,1.1680,0.2887,16.6661,16.6521,15.5273,0.0010,-1.0000
16.6695,1.0000,144.1907,1.1276,0.2890,16.6622,16.6701,15.5251,0.0015,-1.0000
16.6659,1.0000,144.2073,1.2516,0.2849,16.6761,16.6523,15.2281,0.0013,-1.0000
16.6661,1.0000,144.2239,1.0964,0.3440,16.6635,16.6546,15.4436,0.0013,-1.0000
16.6694,1.0000,144.2407,1.1234,0.3112,16.6594,16.6703,15.4985,0.0012,-1.0000
16.6655,1.0000,144.2573,1.1434,0.3415,16.6794,16.6430,15.3828,0.0011,-1.0000
16.6645,1.0000,144.2739,1.4228,0.2873,16.6612,16.6514,15.4457,0.0011,-1.0000
16.6685,1.0000,144.2907,1.2097,0.2934,16.6646,16.6685,15.5910,0.0011,-1.0000
16.6665,1.0000,144.3073,1.1703,0.4740,16.6813,16.6577,15.3146,0.0013,-1.0000
16.6659,1.0000,144.3239,1.2591,0.2700,16.6532,16.6534,15.4747,0.0010,-1.0000
16.6683,1.0000,144.3406,1.2045,0.2777,16.6582,16.6645,15.5343,0.0012,-1.0000
16.6667,1.0000,144.3573,1.0762,0.2953,16.6762,16.6546,15.2482,0.0013,-1.0000
16.6651,1.0000,144.3739,1.3417,0.3050,16.6669,16.6527,15.5030,0.0010,-1.0000
16.6676,1.0000,144.3907,1.1775,0.2854,16.6625,16.6648,15.4738,0.0013,-1.0000
16.6674,1.0000,144.4073,1.1291,0.2978,16.6734,16.6582,15.3260,0.0012,-1.0000
16.6662,1.0000,144.4240,1.4049,0.3038,16.6634,16.6572,15.4906,0.0012,-1.0000
16.6667,1.0000,144.4405,1.1485,0.3050,16.6601,16.6594,15.5120,0.0015,-1.0000
16.6678,1.0000,144.4573,1.1897,0.3311,16.6733,16.6605,15.4636,0.0011,-1.0000
16.6652,1.0000,144.4740,1.3309,0.3081,16.6665,16.6529,15.4177,0.0012,-1.0000
16.6675,1.0000,144.4907,1.1652,0.2868,16.6653,16.6643,15.3808,0.0016,-1.0000
16.6664,1.0000,144.5073,1.1456,0.3364,16.6677,16.6568,15.2688,0.0011,-1.0000
16.6668,1.0000,144.5240,1.1953,0.3256,16.6687,16.6560,15.3318,0.0019,-1.0000
16.6669,1.0000,144.5406,1.2340,0.2595,16.6610,16.6603,15.3858,0.0012,-1.0000
16.6670,1.0000,144.5573,1.2817,0.3074,16.6725,16.6578,15.2783,0.0013,-1.0000
16.6659,1.0000,144.5739,1.3871,0.3751,16.6664,16.6540,15.3933,0.0010,-1.0000
16.6694,1.0000,144.5907,1.3223,0.2699,16.6644,16.6666,15.5366,0.0011,-1.0000
16.6652,1.0000,144.6073,1.2731,0.3837,16.6696,16.6479,15.2647,0.0011,-1.0000
16.6665,1.0000,144.6240,1.3781,0.3021,16.6667,16.6576,15.4228,0.0013,-1.0000
16.6679,1.0000,144.6406,1.2596,0.2797,16.6628,16.6669,15.3621,0.0012,-1.0000
16.6663,1.0000,144.6573,1.1287,0.6732,16.6781,16.6490,15.2806,0.0014,-1.0000
16.6665,1.0000,144.6740,1.3819,0.3167,16.6587,16.6545,15.4287,0.0013,-1.0000
16.6896,1.0000,144.6914,1.2334,0.3432,16.6676,16.7795,15.4905,0.0012,-1.0000
16.6653,1.0000,144.7074,1.3041,0.3131,16.6765,16.5537,14.4047,0.0016,-1.0000
16.6657,1.0000,144.7240,1.3667,0.3201,16.6594,16.6567,15.3556,0.0014,-1.0000
16.6683,1.0000,144.7406,1.2243,0.3597,16.6637,16.6604,15.4791,0.0015,-1.0000
16.6662,1.0000,144.7574,1.2878,0.3141,16.7904,16.6562,15.2297,0.0011,-1.0000
16.6673,1.0000,144.7740,2.1473,0.2894,16.5642,16.6594,15.4554,0.0013,-1.0000
16.6686,1.0000,144.7908,1.2997,0.3169,16.6651,16.6640,15.3864,0.0014,-1.0000
16.6642,1.0000,144.8073,1.1798,0.2859,16.6686,16.6594,15.2876,0.0013,-1.0000
16.6655,1.0000,144.8240,1.4253,0.2890,16.6646,16.6436,15.4509,0.0015,-1.0000
16.6699,1.0000,144.8406,1.2030,0.2820,16.6680,16.6671,15.4339,0.0012,-1.0000
16.6650,1.0000,144.8575,1.2760,0.2750,16.6748,16.6517,15.4257,0.0012,-1.0000
16.6663,1.0000,144.8740,1.3704,0.2916,16.6688,16.6648,15.2893,0.0013,-1.0000
16.6687,1.0000,144.8907,1.1911,0.2891,16.6522,16.6530,15.2893,0.0012,-1.0000
16.6651,1.0000,144.9073,1.2317,0.3457,16.6762,16.6563,15.4083,0.0011,-1.0000
16.6667,1.0000,144.9240,1.2247,0.3930,16.6609,16.6561,15.4553,0.0012,-1.0000
16.6679,1.0000,144.9407,1.3741,0.4242,16.6745,16.6630,15.4791,0.0012,-1.0000
16.6654,1.0000,144.9573,1.3623,0.3399,16.6617,16.6505,15.3168,0.0012,-1.0000
16.6668,1.0000,144.9740,1.2468,0.3137,16.6659,16.6612,15.3450,0.0010,-1.0000
16.6673,1.0000,144.9907,1.1992,0.3792,16.6646,16.6534,15.3716,0.0012,-1.0000
16.6660,1.0000,145.0073,1.1826,0.3815,16.6736,16.6596,15.2813,0.0012,-1.0000
16.6662,1.0000,145.0240,1.3322,0.3356,16.6604,16.6566,15.4623,0.0012,-1.0000
16.6684,1.0000,145.0406,1.3151,0.3802,16.6709,16.6606,15.4077,0.0012,-1.0000
16.6662,1.0000,145.0573,1.2805,0.3605,16.6617,16.6569,15.3089,0.0013,-1.0000
16.6650,1.0000,145.0740,1.3770,0.3788,16.6680,16.6545,15.4861,0.0012,-1.0000
16.6688,1.0000,145.0907,1.1929,0.3436,16.6654,16.6649,15.5233,0.0015,-1.0000
16.6667,1.0000,145.1073,1.2517,0.3615,16.6688,16.6560,15.3541,0.0011,-1.0000
16.6654,1.0000,145.1240,1.3467,0.2929,16.6657,16.6559,15.4875,0.0010,-1.0000
16.6688,1.0000,145.1406,1.1674,0.3291,16.6624,16.6663,15.4647,0.0011,-1.0000
16.6658,1.0000,145.1573,1.1401,0.3221,16.6741,16.6516,15.3207,0.0015,-1.0000
16.6670,1.0000,145.1740,1.3007,0.2980,16.6642,16.6593,15.4529,0.0014,-1.0000
16.6676,1.0000,145.1907,1.1673,0.2866,16.6635,16.6669,15.4295,0.0011,-1.0000
16.6656,1.0000,145.2074,1.2003,0.3261,16.6755,16.6442,15.1959,0.0009,-1.0000
16.6659,1.0000,145.2240,1.3291,0.3260,16.6619,16.6558,15.3690,0.0013,-1.0000
16.6678,1.0000,145.2406,1.2049,0.2960,16.6683,16.6626,15.5204,0.0012,-1.0000
16.6663,1.0000,145.2573,1.2360,0.3998,16.6770,16.6563,15.2405,0.0014,-1.0000
16.6672,1.0000,145.2740,1.4471,0.2784,16.6537,16.6615,15.4904,0.0009,-1.0000
16.7543,1.0000,145.2910,1.2856,0.3394,16.6637,16.7525,15.4696,0.0013,-1.0000
16.6638,1.0000,145.3074,1.1409,0.3600,16.6706,16.6399,14.9818,0.0013,-1.0000
16.6672,1.0000,145.3241,1.4144,0.2804,16.6650,16.6590,15.4617,0.0013,-1.0000
16.6672,1.0000,145.3407,1.1698,0.3607,16.6708,16.6621,15.4694,0.0012,-1.0000
16.6654,1.0000,145.3574,1.2813,0.3426,16.7655,16.6484,15.4937,0.0009,-1.0000
16.6679,1.0000,145.3741,1.6568,0.2979,16.6489,16.6669,15.5199,0.0014,-1.0000
16.6667,1.0000,145.3907,1.1963,0.3281,16.6673,16.6580,15.1695,0.0012,-1.0000
16.6664,1.0000,145.4074,1.1914,0.2850,16.6719,16.6539,15.4672,0.0013,-1.0000
16.6673,1.0000,145.4242,1.1538,0.3472,16.6564,16.6623,15.4654,0.0014,-1.0000
16.6722,1.0000,145.4406,1.1454,0.4137,16.6751,16.6622,15.2648,0.0014,-1.0000
16.6635,1.0000,145.4574,1.4872,0.3252,16.6662,16.6472,15.6117,0.0010,-1.0000
16.6692,1.0000,145.4741,1.1857,0.3008,16.6627,16.6706,15.6564,0.0010,-1.0000
16.6706,1.0000,145.4908,1.1956,0.3056,16.6718,16.6661,15.4881,0.0013,-1.0000
16.6639,1.0000,145.5075,1.3963,0.2915,16.6716,16.6526,15.3912,0.0013,-1.0000
16.6665,1.0000,145.5241,1.0346,0.2551,16.6536,16.6536,15.4446,0.0014,-1.0000
16.6678,1.0000,145.5407,1.0128,0.2975,16.6771,16.6609,15.4525,0.0011,-1.0000
16.6657,1.0000,145.5574,1.1764,0.3743,16.6754,16.6541,15.4727,0.0011,-1.0000
16.6671,1.0000,145.5741,1.2604,0.3005,16.6627,16.6628,15.5181,0.0011,-1.0000
16.6681,1.0000,145.5909,1.2079,0.3463,16.6626,16.6599,15.3849,0.0016,-1.0000
16.6647,1.0000,145.6074,1.2071,0.3411,16.6702,16.6494,14.7233,0.0013,-1.0000
16.6684,1.0000,145.6241,1.1807,0.2994,16.6626,16.6641,15.4338,0.0012,-1.0000
16.6666,1.0000,145.6407,1.1432,0.3347,16.6716,16.6552,15.3754,0.0011,-1.0000
16.6655,1.0000,145.6574,1.2726,0.3803,16.6703,16.6524,15.4121,0.0013,-1.0000
16.6674,1.0000,145.6741,1.9250,0.3102,16.6591,16.6617,15.4996,0.0013,-1.0000
16.6671,1.0000,145.6908,1.2288,0.3075,16.6726,16.6589,15.4909,0.0011,-1.0000
16.6651,1.0000,145.7074,1.2780,0.3493,16.6655,16.6535,15.2236,0.0013,-1.0000
16.6662,1.0000,145.7241,1.2389,0.3455,16.6613,16.6569,15.3608,0.0011,-1.0000
16.6685,1.0000,145.7407,1.1604,0.2907,16.6700,16.6668,15.4899,0.0011,-1.0000
16.6671,1.0000,145.7574,1.1664,0.5018,16.6675,16.6577,14.8458,0.0010,-1.0000
16.6650,1.0000,145.7740,1.4286,0.3680,16.6620,16.6535,15.4676,0.0011,-1.0000
16.6727,1.0000,145.7909,1.2949,0.3398,16.6638,16.6822,15.4967,0.0012,-1.0000
16.6626,1.0000,145.8075,1.1760,0.4038,16.6748,16.6341,14.9305,0.0014,-1.0000
16.6654,1.0000,145.8241,1.8105,0.2881,16.6656,16.6503,15.3136,0.0015,-1.0000
16.6689,1.0000,145.8408,1.1846,0.3359,16.6620,16.7201,15.5476,0.0012,-1.0000
16.6659,1.0000,145.8574,1.1841,0.4758,16.6957,16.5974,14.5138,0.0014,-1.0000
16.6654,1.0000,145.8741,1.7024,0.3438,16.6461,16.6561,15.4857,0.0011,-1.0000
16.6682,1.0000,145.8909,1.3351,0.3076,16.6583,16.6657,15.4053,0.0013,-1.0000
16.6669,1.0000,145.9074,1.1710,0.4149,16.7306,16.6552,15.0728,0.0015,-1.0000
16.6660,1.0000,145.9241,2.0819,0.3014,16.6067,16.6538,15.3519,0.0011,-1.0000
16.6677,1.0000,145.9407,1.1694,0.3237,16.6643,16.6684,15.3899,0.0014,-1.0000
16.6660,1.0000,145.9575,1.2590,0.3755,16.6758,16.6461,15.0710,0.0016,-1.0000
16.6657,1.0000,145.9741,1.5807,0.3740,16.6641,16.6554,15.3392,0.0011,-1.0000
16.6682,1.0000,145.9908,1.3007,0.3380,16.6627,16.6617,15.3801,0.0013,-1.0000
16.6661,1.0000,146.0075,1.2769,0.3945,16.6783,16.7249,15.2976,0.0009,-1.0000
16.6665,1.0000,146.0241,1.5732,0.3418,16.6572,16.5884,15.4152,0.0010,-1.0000
16.6689,1.0000,146.0408,1.3152,0.2963,16.6640,16.6651,15.5144,0.0010,-1.0000
16.6656,1.0000,146.0575,1.2798,0.3053,16.6713,16.6467,15.2921,0.0013,-1.0000
16.6648,1.0000,146.0741,1.4262,0.2979,16.7337,16.6548,15.3104,0.0011,-1.0000
16.6678,1.0000,146.0908,1.1721,0.2997,16.5972,16.6613,15.4279,0.0012,-1.0000
16.6669,1.0000,146.1075,1.1496,0.3249,16.6761,16.6583,15.1010,0.0014,-1.0000
16.6664,1.0000,146.1241,1.3535,0.3356,16.6573,16.6538,15.4163,0.0011,-1.0000
16.6777,1.0000,146.1410,1.3434,0.3006,16.6635,16.6769,15.4056,0.0012,-1.0000
16.6661,1.0000,146.1575,1.2321,0.3761,16.6704,16.6511,15.0583,0.0014,-1.0000
16.6663,1.0000,146.1741,1.5560,0.3015,16.6681,16.6542,15.2058,0.0014,-1.0000
16.8479,1.0000,146.1911,1.2360,0.2994,16.6619,16.8408,15.6124,0.0014,-1.0000
16.6404,1.0000,146.2076,1.2699,0.3088,16.6878,16.6341,15.2131,0.0016,-1.0000
16.6664,1.0000,146.2243,1.5915,0.3184,16.6623,16.6538,15.3346,0.0013,-1.0000
16.6692,1.0000,146.2409,1.4469,0.2926,16.6635,16.6618,15.4305,0.0012,-1.0000
16.6643,1.0000,146.2576,1.2267,0.3791,16.8508,16.6501,15.4268,0.0014,-1.0000
16.6669,1.0000,146.2743,1.4193,0.3255,16.6439,16.6537,15.4289,0.0012,-1.0000
16.6683,1.0000,146.2910,1.3176,0.3614,16.6641,16.6640,15.3677,0.0014,-1.0000
16.6651,1.0000,146.3076,1.2297,0.3373,16.6725,16.6493,15.3945,0.0011,-1.0000
16.6645,1.0000,146.3242,1.2219,0.2986,16.6602,16.6510,15.5054,0.0013,-1.0000
16.6695,1.0000,146.3408,1.2234,0.3652,16.6620,16.6687,15.5829,0.0010,-1.0000
16.6662,1.0000,146.3576,1.2948,0.3145,16.6740,16.6565,14.9850,0.0011,-1.0000
16.6676,1.0000,146.3743,1.2536,0.3027,16.6593,16.6637,15.5147,0.0011,-1.0000
16.6665,1.0000,146.3909,1.1442,0.2974,16.6580,16.6510,15.4561,0.0010,-1.0000
16.6659,1.0000,146.4076,1.0847,0.3379,16.6767,16.6572,15.3530,0.0014,-1.0000
16.6660,1.0000,146.4242,1.6703,0.3041,16.6655,16.6559,15.4861,0.0012,-1.0000
16.6682,1.0000,146.4408,1.1477,0.2975,16.6732,16.6650,15.5408,0.0010,-1.0000
16.6658,1.0000,146.4576,1.1939,0.3198,16.6598,16.6550,15.4149,0.0011,-1.0000
16.6663,1.0000,146.4743,1.3027,0.2894,16.6654,16.6641,15.4391,0.0015,-1.0000
16.6687,1.0000,146.4909,1.1685,0.2844,16.6633,16.6529,15.2928,0.0010,-1.0000
16.6658,1.0000,146.5076,1.1230,0.3541,16.6743,16.6541,15.4505,0.0013,-1.0000
16.6649,1.0000,146.5242,1.2388,0.2958,16.6641,16.6550,15.3892,0.0011,-1.0000
16.6692,1.0000,146.5408,1.2233,0.3741,16.6750,16.6655,15.5290,0.0009,-1.0000
16.6657,1.0000,146.5576,1.3587,0.3583,16.6615,16.6572,15.4648,0.0013,-1.0000
16.6672,1.0000,146.5743,1.2020,0.3034,16.6629,16.6593,15.5029,0.0011,-1.0000
16.6684,1.0000,146.5910,1.2647,0.2691,16.6625,16.6597,15.2979,0.0012,-1.0000
16.6652,1.0000,146.6076,1.1355,0.3601,16.6727,16.6533,15.2857,0.0013,-1.0000
16.6664,1.0000,146.6243,1.1910,0.3313,16.6660,16.6590,15.4831,0.0013,-1.0000
16.6681,1.0000,146.6408,1.1552,0.2976,16.6686,16.6622,15.4009,0.0013,-1.0000
16.6651,1.0000,146.6576,1.3606,0.3418,16.6690,16.6524,15.4557,0.0010,-1.0000
16.6675,1.0000,146.6743,1.3661,0.2832,16.6623,16.6622,15.3753,0.0012,-1.0000
16.6669,1.0000,146.6910,1.1743,0.2794,16.6669,16.6597,15.4920,0.0013,-1.0000
16.6659,1.0000,146.7076,1.2597,0.3362,16.6706,16.6478,15.1979,0.0014,-1.0000
16.6663,1.0000,146.7243,1.1953,0.2689,16.6615,16.6570,15.4238,0.0013,-1.0000
16.6853,1.0000,146.7408,1.2857,0.2753,16.6715,16.6817,15.2767,0.0014,-1.0000
16.6645,1.0000,146.7576,1.1663,0.3553,16.6706,16.6525,15.5852,0.0013,-1.0000
16.6687,1.0000,146.7743,1.4487,0.3079,16.6576,16.6650,15.4717,0.0013,-1.0000
16.6661,1.0000,146.7910,1.2319,0.3568,16.6649,16.6559,15.1959,0.0016,-1.0000
16.6657,1.0000,146.8076,1.4035,0.2822,16.6891,16.6514,15.4301,0.0013,-1.0000
16.6677,1.0000,146.8243,1.0659,0.2921,16.6610,16.6621,15.4906,0.0012,-1.0000
16.6675,1.0000,146.8409,1.1920,0.4020,16.6741,16.6634,15.4912,0.0013,-1.0000
16.6650,1.0000,146.8579,1.4583,0.3027,16.6662,16.6464,15.4903,0.0010,-1.0000
16.6678,1.0000,146.8743,1.2201,0.2795,16.6595,16.6683,15.1175,0.0017,-1.0000
16.6689,1.0000,146.8910,1.1703,0.3152,16.6703,16.6631,15.3327,0.0014,-1.0000
16.6646,1.0000,146.9076,1.1708,0.2846,16.6732,16.6457,15.1978,0.0014,-1.0000
16.6673,1.0000,146.9243,1.1550,0.2821,16.6548,16.6639,15.4879,0.0013,-1.0000
16.6673,1.0000,146.9408,1.5490,0.2963,16.6757,16.6566,15.1642,0.0012,-1.0000
16.6650,1.0000,146.9576,1.3290,0.3057,16.6736,16.6508,15.6061,0.0010,-1.0000
16.6684,1.0000,146.9744,1.4466,0.3039,16.6550,16.6688,15.4865,0.0013,-1.0000
16.6664,1.0000,146.9909,1.1746,0.3606,16.6716,16.6550,15.1239,0.0014,-1.0000
16.6658,1.0000,147.0076,1.4911,0.2700,16.6657,16.6537,15.4431,0.0011,-1.0000
16.6679,1.0000,147.0244,1.0438,0.2927,16.6587,16.6681,15.5132,0.0013,-1.0000
16.6661,1.0000,147.0408,1.1808,0.3606,16.6769,16.6517,15.2483,0.0017,-1.0000
16.6652,1.0000,147.0576,1.5297,0.3270,16.6640,16.6539,15.5427,0.0010,-1.0000
16.6705,1.0000,147.0743,1.2093,0.3204,16.6618,16.6738,15.5527,0.0014,-1.0000
16.6656,1.0000,147.0909,1.1536,0.5037,16.6770,16.6493,15.3718,0.0013,-1.0000
16.6652,1.0000,147.1076,1.4015,0.2984,16.6609,16.6538,15.5009,0.0012,-1.0000
16.6678,1.0000,147.1244,1.1101,0.3272,16.6608,16.6641,15.4833,0.0010,-1.0000
16.6670,1.0000,147.1408,1.1195,0.5022,16.6835,16.6560,15.0787,0.0013,-1.0000
16.6645,1.0000,147.1576,1.2761,0.2896,16.6583,16.6525,15.6017,0.0010,-1.0000
16.6690,1.0000,147.1743,1.1521,0.3723,16.6628,16.6676,15.5216,0.0015,-1.0000
16.6664,1.0000,147.1909,1.1797,0.3075,16.6723,16.6532,15.3500,0.0013,-1.0000
16.6654,1.0000,147.2076,1.5760,0.2940,16.6640,16.6529,15.2787,0.0013,-1.0000
16.6687,1.0000,147.2244,1.0496,0.2752,16.6606,16.6725,15.4414,0.0011,-1.0000
16.6665,1.0000,147.2408,1.1444,0.3853,16.6776,16.6461,15.0441,0.0013,-1.0000
16.6648,1.0000,147.2576,1.3018,0.3339,16.6620,16.6516,15.6752,0.0012,-1.0000
16.6690,1.0000,147.2743,1.3728,0.2885,16.6612,16.6706,15.5714,0.0010,-1.0000
16.6661,1.0000,147.2910,1.2299,0.3897,16.6824,16.6540,15.3740,0.0013,-1.0000
16.6646,1.0000,147.3075,1.6009,0.2941,16.6556,16.6473,15.4357,0.0012,-1.0000
16.6689,1.0000,147.3243,0.9753,0.3241,16.6588,16.6730,15.5825,0.0011,-1.0000
16.6679,1.0000,147.3409,1.0980,0.2784,16.6813,16.6595,15.3646,0.0010,-1.0000
16.6669,1.0000,147.3576,1.2787,0.2705,16.6633,16.6496,14.9003,0.0013,-1.0000
16.6654,1.0000,147.3743,1.2103,0.2907,16.6546,16.6560,15.4255,0.0015,-1.0000
16.6675,1.0000,147.3909,1.0894,0.3367,16.6808,16.6591,15.4153,0.0012,-1.0000
16.6660,1.0000,147.4076,1.2936,0.3750,16.6702,16.6555,15.3342,0.0015,-1.0000
16.6689,1.0000,147.4244,1.7479,0.3233,16.6602,16.6680,15.4967,0.0011,-1.0000
16.6675,1.0000,147.4409,1.2290,0.3414,16.6655,16.6569,15.2837,0.0016,-1.0000
16.6646,1.0000,147.4576,1.2424,0.3400,16.6682,16.6470,15.3707,0.0013,-1.0000
16.6657,1.0000,147.4743,1.3198,0.2912,16.6635,16.6559,15.3543,0.0013,-1.0000
16.6677,1.0000,147.4910,1.1701,0.3105,16.6781,16.6600,15.4822,0.0009,-1.0000
16.6668,1.0000,147.5076,1.3713,0.3442,16.6690,16.6581,15.3435,0.0014,-1.0000
16.6657,1.0000,147.5243,1.2749,0.2974,16.6561,16.6556,15.4682,0.0011,-1.0000
16.6689,1.0000,147.5409,1.3002,0.3373,16.6645,16.6630,15.3975,0.0013,-1.0000
16.6663,1.0000,147.5576,1.1769,0.3405,16.6680,16.6573,15.1694,0.0013,-1.0000
16.6654,1.0000,147.5742,1.3130,0.2814,16.6670,16.6455,15.4188,0.0014,-1.0000
16.6682,1.0000,147.5910,1.1866,0.2931,16.6647,16.6699,15.5162,0.0014,-1.0000
16.6673,1.0000,147.6076,1.2643,0.6197,16.6737,16.6540,15.1726,0.0013,-1.0000
16.6652,1.0000,147.6243,1.4864,0.3022,16.6679,16.6512,15.3667,0.0013,-1.0000
16.6675,1.0000,147.6409,1.2251,0.2790,16.6546,16.6592,15.4067,0.0011,-1.0000
16.6693,1.0000,147.6579,1.1522,0.2793,16.6800,16.6671,15.3390,0.0013,-1.0000
16.6639,1.0000,147.6743,1.4800,0.3775,16.6644,16.6456,14.8410,0.0012,-1.0000
16.6683,1.0000,147.6910,1.2830,0.2963,16.6600,16.6658,15.5020,0.0011,-1.0000
16.6671,1.0000,147.7076,1.2512,0.4243,16.6678,16.6548,15.2995,0.0012,-1.0000
16.6645,1.0000,147.7243,1.3265,0.4011,16.6768,16.6497,15.3720,0.0012,-1.0000
16.6681,1.0000,147.7409,1.8034,0.3306,16.6553,16.6611,15.4579,0.0013,-1.0000
16.6679,1.0000,147.7580,1.1627,0.3311,16.6751,16.6637,15.4372,0.0012,-1.0000
16.6662,1.0000,147.7743,1.3541,0.3249,16.6661,16.6540,14.9976,0.0011,-1.0000
16.6657,1.0000,147.7911,1.2765,0.4395,16.6589,16.6648,15.3850,0.0012,-1.0000
16.6680,1.0000,147.8076,1.2019,0.3463,16.6701,16.6459,15.0957,0.0009,-1.0000
16.6652,1.0000,147.8243,1.2251,0.3847,16.6724,16.6575,15.4573,0.0013,-1.0000
16.6678,1.0000,147.8409,1.6553,0.4014,16.6628,16.6604,15.4934,0.0010,-1.0000
16.6665,1.0000,147.8576,1.2786,0.3504,16.6770,16.6582,15.4910,0.0012,-1.0000
16.6673,1.0000,147.8743,1.5494,0.3718,16.6544,16.6583,15.4743,0.0013,-1.0000
16.6675,1.0000,147.8910,1.1988,0.3143,16.6657,16.6633,15.3446,0.0015,-1.0000
16.6664,1.0000,147.9076,1.1659,0.3312,16.6690,16.6505,15.3359,0.0014,-1.0000
16.6625,1.0000,147.9242,1.1658,0.2906,16.6668,16.6482,15.4740,0.0017,-1.0000
16.6697,1.0000,147.9408,1.1826,0.3520,16.6669,16.6707,15.7171,0.0009,-1.0000
16.6673,1.0000,147.9577,1.3170,0.3428,16.6735,16.6617,15.5457,0.0012,-1.0000
16.6671,1.0000,147.9743,1.3128,0.3113,16.6587,16.6563,14.9324,0.0013,-1.0000
16.6664,1.0000,147.9910,1.1725,0.2984,16.6545,16.6574,15.4302,0.0012,-1.0000
16.6672,1.0000,148.0076,0.9524,0.3563,16.6778,16.6589,15.4352,0.0015,-1.0000
16.6648,1.0000,148.0243,1.1147,0.4129,16.6701,16.6526,15.2976,0.0012,-1.0000
16.6662,1.0000,148.0408,1.7226,0.3062,16.6669,16.6554,15.4874,0.0012,-1.0000
16.6690,1.0000,148.0577,1.2259,0.2941,16.6661,16.6669,15.5368,0.0015,-1.0000
16.6663,1.0000,148.0743,1.2224,0.3298,16.6678,16.6585,15.2561,0.0013,-1.0000
16.6665,1.0000,148.0910,1.3539,0.2870,16.6610,16.6551,15.4501,0.0010,-1.0000
16.6670,1.0000,148.1080,1.1666,0.2677,16.6625,16.6609,15.3695,0.0012,-1.0000
16.6673,1.0000,148.1244,1.1283,0.3301,16.6745,16.6696,14.8201,0.0014,-1.0000
16.6656,1.0000,148.1409,1.4007,0.2928,16.6680,16.6457,15.2299,0.0013,-1.0000
16.6694,1.0000,148.1578,1.2040,0.3006,16.6632,16.6665,15.4660,0.0012,-1.0000
16.6636,1.0000,148.1743,1.2900,0.3473,16.6690,16.6436,15.1385,0.0018,-1.0000
16.6678,1.0000,148.1910,1.8481,0.3570,16.6783,16.6628,15.4755,0.0012,-1.0000
16.6679,1.0000,148.2077,1.4145,0.3164,16.6539,16.6624,15.3597,0.0011,-1.0000
16.6648,1.0000,148.2243,1.1992,0.3759,16.6776,16.6474,15.2178,0.0014,-1.0000
16.6666,1.0000,148.2409,1.5033,0.3735,16.6536,16.6603,15.4186,0.0012,-1.0000
16.6684,1.0000,148.2577,1.1862,0.3244,16.6718,16.6670,14.9060,0.0011,-1.0000
16.6663,1.0000,148.2743,1.3016,0.3369,16.6729,16.6511,15.3375,0.0010,-1.0000
16.6669,1.0000,148.2910,1.4282,0.3170,16.6568,16.6624,15.3811,0.0013,-1.0000
16.6685,1.0000,148.3078,1.2404,0.4450,16.6671,16.6611,15.3808,0.0014,-1.0000
16.6656,1.0000,148.3243,1.7599,0.3473,16.6745,16.6531,14.9928,0.0016,-1.0000
16.6662,1.0000,148.3409,1.3122,0.3930,16.6595,16.6563,15.3216,0.0014,-1.0000
16.6678,1.0000,148.3577,1.2797,0.3301,16.6704,16.6580,15.4824,0.0011,-1.0000
16.6656,1.0000,148.3743,1.2787,0.3731,16.6710,16.6529,15.2408,0.0019,-1.0000
16.6675,1.0000,148.3910,1.6590,0.4562,16.6639,16.6613,15.2480,0.0011,-1.0000
16.6681,1.0000,148.4078,1.3333,0.3507,16.6665,16.6699,15.2509,0.0012,-1.0000
16.6658,1.0000,148.4244,1.1745,0.5750,16.6680,16.6392,14.1923,0.0017,-1.0000
16.6658,1.0000,148.4409,1.4101,0.3405,16.6629,16.6518,15.1037,0.0014,-1.0000
16.6662,1.0000,148.4577,1.4117,0.4481,16.6719,16.6553,15.4141,0.0013,-1.0000
16.6681,1.0000,148.4744,1.4181,0.4492,16.6836,16.6578,15.3135,0.0012,-1.0000
16.6662,1.0000,148.4910,2.4450,0.4158,16.6528,16.6525,15.2420,0.0011,-1.0000
16.6662,1.0000,148.5076,1.5468,0.4306,16.6632,16.6586,15.4284,0.0011,-1.0000
16.6681,1.0000,148.5244,1.2397,0.3535,16.6657,16.6663,15.2997,0.0013,-1.0000
16.6660,1.0000,148.5409,1.3430,0.3849,16.6683,16.6479,14.8378,0.0015,-1.0000
16.6666,1.0000,148.5576,1.4092,0.3290,16.6621,16.6587,15.2749,0.0016,-1.0000
16.6658,1.0000,148.5743,1.2290,0.3428,16.6667,16.6541,15.4463,0.0013,-1.0000
16.6672,1.0000,148.5910,1.3657,0.5268,16.6778,16.6596,15.3411,0.0013,-1.0000
16.6671,1.0000,148.6077,1.8083,0.3322,16.6584,16.6595,15.3368,0.0011,-1.0000
16.6664,1.0000,148.6243,1.3821,0.3317,16.6679,16.6536,15.1172,0.0012,-1.0000
16.6669,1.0000,148.6409,1.2063,0.3400,16.6631,16.6598,15.3808,0.0013,-1.0000
16.6664,1.0000,148.6577,1.3171,0.3255,16.6675,16.6574,15.5001,0.0013,-1.0000
16.6676,1.0000,148.6743,1.3214,0.3409,16.6697,16.6598,15.4470,0.0012,-1.0000
16.6658,1.0000,148.6910,1.5351,0.3190,16.6631,16.6527,15.3860,0.0015,-1.0000
16.6667,1.0000,148.7076,1.2776,0.3359,16.6680,16.6580,15.4056,0.0011,-1.0000
16.6681,1.0000,148.7244,1.1560,0.3484,16.6670,16.6626,15.4023,0.0015,-1.0000
16.6665,1.0000,148.7409,1.2114,0.3648,16.6702,16.6507,15.2710,0.0016,-1.0000
16.6662,1.0000,148.7576,1.2650,0.3103,16.6630,16.6566,15.2835,0.0010,-1.0000
16.6671,1.0000,148.7743,1.2512,0.3627,16.6671,16.6613,15.3368,0.0015,-1.0000
16.6682,1.0000,148.7910,1.2589,0.3730,16.6718,16.6600,15.4678,0.0012,-1.0000
16.6646,1.0000,148.8076,1.3776,0.3561,16.6593,16.6537,15.2621,0.0012,-1.0000
16.6670,1.0000,148.8242,1.3721,0.3022,16.6652,16.6553,15.4820,0.0013,-1.0000
16.6688,1.0000,148.8409,1.3230,0.2960,16.6707,16.6720,15.5238,0.0010,-1.0000
16.6624,1.0000,148.8576,1.1905,0.3210,16.6688,16.6334,15.1810,0.0017,-1.0000
16.6698,1.0000,148.8743,1.3903,0.3177,16.6631,16.6713,15.5808,0.0013,-1.0000
16.6677,1.0000,148.8911,1.1720,0.2866,16.6639,16.6621,15.3533,0.0012,-1.0000
16.6669,1.0000,148.9077,1.1472,0.3423,16.6841,16.6472,15.2705,0.0015,-1.0000
16.6661,1.0000,148.9243,1.4508,0.2785,16.6427,16.6564,15.2758,0.0012,-1.0000
16.6662,1.0000,148.9409,1.0891,0.3124,16.6792,16.6533,15.2264,0.0012,-1.0000
16.6669,1.0000,148.9576,1.3075,0.2967,16.6737,16.6567,15.4394,0.0011,-1.0000
16.6641,1.0000,148.9742,1.3750,0.3162,16.6603,16.6516,15.3517,0.0011,-1.0000
16.6704,1.0000,148.9910,1.3795,0.3572,16.6672,16.6728,15.4282,0.0012,-1.0000
16.6660,1.0000,149.0076,1.4258,0.3330,16.6639,16.6508,15.2595,0.0015,-1.0000
16.6655,1.0000,149.0243,1.2160,0.2947,16.6664,16.6552,15.2806,0.0015,-1.0000
16.6672,1.0000,149.0409,1.2988,0.2971,16.6589,16.6610,15.4865,0.0011,-1.0000
16.6666,1.0000,149.0576,1.2434,0.3231,16.6820,16.6535,15.2444,0.0015,-1.0000
16.6668,1.0000,149.0742,1.3898,0.3247,16.6601,16.6562,15.4107,0.0016,-1.0000
16.6682,1.0000,149.0910,1.3735,0.2953,16.6650,16.6650,15.4913,0.0015,-1.0000
16.6662,1.0000,149.1077,1.1732,0.3578,16.6715,16.6537,15.2748,0.0012,-1.0000
16.6658,1.0000,149.1243,1.4072,0.2997,16.6630,16.6513,15.3994,0.0014,-1.0000
16.6690,1.0000,149.1410,1.2439,0.2598,16.6647,16.6669,15.4008,0.0013,-1.0000
16.6651,1.0000,149.1576,1.1720,0.3699,16.6753,16.6432,14.9445,0.0016,-1.0000
16.6655,1.0000,149.1743,1.3776,0.2712,16.6661,16.6521,15.4329,0.0013,-1.0000
16.6695,1.0000,149.1910,1.2504,0.2952,16.6607,16.6701,15.4813,0.0011,-1.0000
16.6654,1.0000,149.2077,1.2648,0.3380,16.6808,16.6458,15.1839,0.0014,-1.0000
16.6642,1.0000,149.2243,1.6966,0.3503,16.6537,16.6506,15.3527,0.0014,-1.0000
16.6689,1.0000,149.2408,1.2177,0.3367,16.6612,16.6706,15.4785,0.0013,-1.0000
16.6665,1.0000,149.2576,1.1875,0.4052,16.6817,16.6537,15.2937,0.0011,-1.0000
16.6665,1.0000,149.2743,1.4603,0.2986,16.6569,16.6563,15.4994,0.0011,-1.0000
16.6690,1.0000,149.2911,1.2965,0.3160,16.6581,16.6670,15.4103,0.0014,-1.0000
16.6650,1.0000,149.3076,1.1910,0.4369,16.6785,16.6490,15.1124,0.0015,-1.0000
16.6662,1.0000,149.3243,1.3588,0.2852,16.6622,16.6569,15.4594,0.0012,-1.0000
16.6690,1.0000,149.3410,1.1556,0.3368,16.6642,16.6684,15.2928,0.0012,-1.0000
16.6651,1.0000,149.3576,1.2551,0.3591,16.6766,16.6427,14.4176,0.0011,-1.0000
16.6657,1.0000,149.3743,1.5349,0.2753,16.6603,16.6548,15.3782,0.0012,-1.0000
16.6695,1.0000,149.3910,1.1963,0.2886,16.6664,16.6940,15.4111,0.0010,-1.0000
16.6653,1.0000,149.4076,1.3742,0.3588,16.6796,16.6271,15.3551,0.0012,-1.0000
16.6655,1.0000,149.4243,2.2237,0.3212,16.6534,16.6513,15.3373,0.0011,-1.0000
16.9568,1.0000,149.4413,1.2754,0.2635,16.6625,16.9561,15.8060,0.0016,-1.0000
16.6649,1.0000,149.4579,1.2823,0.3486,16.7039,16.6491,15.2716,0.0021,-1.0000
16.6660,1.0000,149.4746,1.2707,0.3280,16.6375,16.6556,15.4190,0.0012,-1.0000
16.6681,1.0000,149.4912,1.3128,0.3113,16.6598,16.6655,15.4789,0.0013,-1.0000
16.6666,1.0000,149.5079,1.1484,0.8588,16.9657,16.6536,15.4323,0.0013,-1.0000
16.6664,1.0000,149.5246,1.3755,0.2986,16.6589,16.6581,15.4743,0.0011,-1.0000
16.6674,1.0000,149.5413,1.2352,0.2854,16.6626,16.6612,15.4433,0.0013,-1.0000
16.6653,1.0000,149.5579,1.1851,0.3671,16.6746,16.6522,14.7413,0.0015,-1.0000
16.6660,1.0000,149.5745,1.2200,0.3007,16.6629,16.6520,15.3577,0.0012,-1.0000
16.6923,1.0000,149.5914,1.1827,0.3053,16.6668,16.7411,15.5317,0.0013,-1.0000
16.6679,1.0000,149.6080,1.2165,0.3304,16.6715,16.6095,15.3188,0.0015,-1.0000
16.6660,1.0000,149.6247,1.9094,0.3298,16.6616,16.6562,15.4185,0.0014,-1.0000
16.6673,1.0000,149.6414,1.2929,0.2665,16.6597,16.6574,15.2785,0.0013,-1.0000
16.6663,1.0000,149.6580,1.2079,0.3472,16.7492,16.5893,15.1532,0.0012,-1.0000
16.6644,1.0000,149.6745,1.2888,0.2868,16.6194,16.6458,15.3169,0.0013,-1.0000
16.6690,1.0000,149.6913,1.2357,0.2998,16.6652,16.6684,15.5191,0.0009,-1.0000
16.6661,1.0000,149.7079,1.3771,0.3091,16.6661,16.6572,15.1533,0.0012,-1.0000
16.6671,1.0000,149.7246,1.4348,0.2926,16.6703,16.6584,15.4622,0.0012,-1.0000
16.6683,1.0000,149.7412,1.3278,0.2798,16.6540,16.6666,15.4375,0.0013,-1.0000
16.6650,1.0000,149.7580,1.1482,0.3088,16.6751,16.7019,15.3663,0.0013,-1.0000
16.6665,1.0000,149.7747,1.5029,0.2944,16.6658,16.6933,15.4402,0.0014,-1.0000
16.6673,1.0000,149.7914,1.1948,0.4185,16.6680,16.6522,15.3933,0.0013,-1.0000
16.6639,1.0000,149.8080,1.2276,0.3097,16.6779,16.6298,15.3664,0.0013,-1.0000
16.6695,1.0000,149.8247,1.3340,0.2933,16.7122,16.7082,15.4811,0.0013,-1.0000
16.6665,1.0000,149.8412,1.2518,0.3062,16.7025,16.6221,15.0907,0.0011,-1.0000
16.6661,1.0000,149.8580,1.2574,0.2858,16.6602,16.6502,15.4927,0.0010,-1.0000
16.6675,1.0000,149.8748,1.2618,0.3191,16.6365,16.7089,15.2769,0.0012,-1.0000
16.6675,1.0000,149.8913,1.2258,0.4339,16.7157,16.5703,15.1226,0.0012,-1.0000
16.6644,1.0000,149.9079,1.5304,0.3046,16.6304,16.6438,15.4067,0.0012,-1.0000
16.6687,1.0000,149.9247,1.1561,0.2928,16.6607,16.6737,15.5829,0.0009,-1.0000
16.6665,1.0000,149.9412,1.4307,0.3726,16.7177,16.6475,15.2032,0.0015,-1.0000
16.6660,1.0000,149.9579,1.4465,0.2887,16.5779,16.6572,15.5386,0.0010,-1.0000
16.6684,1.0000,149.9747,1.2358,0.2749,16.6513,16.6688,15.4763,0.0011,-1.0000
16.6663,1.0000,149.9913,1.0896,0.3706,16.6842,16.7095,15.2505,0.0012,-1.0000
16.6639,1.0000,150.0079,1.4428,0.2975,16.6565,16.5827,15.4056,0.0012,-1.0000
16.6693,1.0000,150.0246,1.1174,0.3274,16.6659,16.6820,15.6103,0.0010,-1.0000
16.6672,1.0000,150.0412,1.1914,0.3597,16.6793,16.6567,15.4518,0.0012,-1.0000
16.6637,1.0000,150.0579,1.4582,0.2975,16.7193,16.6394,15.5354,0.0015,-1.0000
16.6692,1.0000,150.0746,1.1760,0.3106,16.5895,16.6735,15.6654,0.0011,-1.0000
16.6676,1.0000,150.0913,1.0709,0.3615,16.6908,16.6619,15.4393,0.0011,-1.0000
16.6652,1.0000,150.1080,1.2037,0.2937,16.6651,16.6465,15.3925,0.0016,-1.0000
16.6652,1.0000,150.1246,1.1025,0.2750,16.6465,16.6489,15.4660,0.0014,-1.0000
16.6701,1.0000,150.1412,1.0066,0.3413,16.6827,16.6749,15.4416,0.0012,-1.0000
16.6655,1.0000,150.1579,1.2212,0.2935,16.6709,16.6497,15.3384,0.0012,-1.0000
16.6656,1.0000,150.1746,1.2525,0.2852,16.6571,16.6573,15.4992,0.0016,-1.0000
16.6687,1.0000,150.1913,1.1815,0.2643,16.6564,16.6662,15.4984,0.0012,-1.0000
16.6659,1.0000,150.2082,1.2320,0.3823,16.6838,16.6546,15.3139,0.0014,-1.0000
16.6646,1.0000,150.2245,1.3102,0.2852,16.6581,16.6495,15.1594,0.0015,-1.0000
16.6693,1.0000,150.2411,1.1565,0.3130,16.6653,16.6752,15.5904,0.0010,-1.0000
16.6673,1.0000,150.2579,1.1662,0.3072,16.6744,16.6562,15.5922,0.0010,-1.0000
16.6663,1.0000,150.2747,1.3393,0.3836,16.6633,16.7076,15.4539,0.0012,-1.0000
16.6677,1.0000,150.2914,1.4885,0.3323,16.6564,16.6129,15.3342,0.0012,-1.0000
16.6658,1.0000,150.3080,1.0835,0.4095,16.6823,16.6569,15.2326,0.0016,-1.0000
16.6648,1.0000,150.3247,1.0628,0.3623,16.6657,16.6991,15.4551,0.0014,-1.0000
16.6691,1.0000,150.3412,1.2524,0.3587,16.7166,16.6178,15.4142,0.0012,-1.0000
16.6663,1.0000,150.3580,1.2776,0.3795,16.6215,16.6490,15.3280,0.0013,-1.0000
16.6670,1.0000,150.3748,1.4228,0.3902,16.6668,16.7164,15.4661,0.0011,-1.0000
16.6688,1.0000,150.3917,1.2425,0.3267,16.7077,16.6190,15.0411,0.0018,-1.0000
16.6627,1.0000,150.4079,1.2021,0.4103,16.6262,16.6291,15.0852,0.0013,-1.0000
16.6685,1.0000,150.4246,1.3198,0.3233,16.6572,16.6711,15.4679,0.0011,-1.0000
16.6693,1.0000,150.4413,1.2493,0.3404,16.7265,16.7378,15.4638,0.0010,-1.0000
16.6620,1.0000,150.4580,1.5759,0.2814,16.6303,16.6097,15.2059,0.0014,-1.0000
16.6700,1.0000,150.4747,1.5427,0.2993,16.6375,16.6724,15.5075,0.0014,-1.0000
16.6665,1.0000,150.4915,1.2019,0.3292,16.6778,16.6714,15.1286,0.0012,-1.0000
16.6655,1.0000,150.5080,1.2730,0.3345,16.7475,16.6771,14.2976,0.0018,-1.0000
16.6682,1.0000,150.5247,1.4025,0.2758,16.6190,16.6429,15.3547,0.0013,-1.0000
16.6669,1.0000,150.5412,1.1632,0.3797,16.6794,16.6403,15.1147,0.0011,-1.0000
16.6630,1.0000,150.5580,1.5416,0.3166,16.6814,16.7322,15.4749,0.0012,-1.0000
16.6705,1.0000,150.5747,2.3779,0.2882,16.6868,16.5921,15.4128,0.0010,-1.0000
16.6661,1.0000,150.5914,1.2872,0.4148,16.6521,16.6590,15.2836,0.0013,-1.0000
16.6676,1.0000,150.6081,1.5245,0.2854,16.6491,16.6970,15.3417,0.0014,-1.0000
16.6670,1.0000,150.6248,1.2564,0.2860,16.7396,16.5695,15.2662,0.0012,-1.0000
16.6670,1.0000,150.6413,1.1783,0.3547,16.5997,16.7129,14.9938,0.0014,-1.0000
16.6654,1.0000,150.6580,1.3741,0.3228,16.6674,16.6377,15.2742,0.0013,-1.0000
16.6651,1.0000,150.6747,1.3538,0.3107,16.7056,16.6399,15.4454,0.0011,-1.0000
16.6712,1.0000,150.6917,1.3019,0.3045,16.5805,17.0242,15.1040,0.0014,-1.0000
16.6630,1.0000,150.7080,1.7180,0.5413,16.7235,16.3089,14.8622,0.0016,-1.0000
16.6685,1.0000,150.7248,1.3623,0.2944,16.6474,16.6898,15.3725,0.0012,-1.0000
16.6671,1.0000,150.7412,1.1930,0.4383,16.6483,16.6308,14.9166,0.0013,-1.0000
16.6643,1.0000,150.7580,1.9191,0.3467,17.0346,16.6758,15.0325,0.0014,-1.0000
16.6673,1.0000,150.7746,1.4450,0.2771,16.3179,16.6213,15.3803,0.0012,-1.0000
16.6695,1.0000,150.7915,1.3162,0.3721,16.7012,16.6706,15.4506,0.0010,-1.0000
16.6650,1.0000,150.8081,1.7127,0.4164,16.6400,16.7685,14.8207,0.0015,-1.0000
16.6680,1.0000,150.8250,1.6423,0.3084,16.6836,16.5392,15.2911,0.0011,-1.0000
16.6664,1.0000,150.8413,1.2397,0.2959,16.6280,16.6691,14.6600,0.0013,-1.0000
16.6660,1.0000,150.8580,1.2186,0.3939,16.6783,16.6366,15.2382,0.0011,-1.0000
16.6661,1.0000,150.8746,1.9466,0.2899,16.7766,16.6234,15.3646,0.0010,-1.0000
16.6687,1.0000,150.8913,1.2469,0.4753,16.5502,16.6711,15.1039,0.0010,-1.0000
16.6661,1.0000,150.9080,2.0077,0.4034,16.6792,16.6509,15.4687,0.0012,-1.0000
16.6669,1.0000,150.9254,1.3969,0.3444,16.6451,16.6664,15.3328,0.0013,-1.0000
16.6676,1.0000,150.9412,1.2578,0.4091,16.6306,16.6525,14.2675,0.0013,-1.0000
16.6647,1.0000,150.9580,1.5661,0.3279,16.6807,16.6471,15.5446,0.0011,-1.0000
16.6930,1.0000,150.9754,1.1805,0.3532,16.6606,16.9936,15.3360,0.0016,-1.0000
16.6420,1.0000,150.9913,1.3323,0.4012,16.6763,16.3923,14.6882,0.0012,-1.0000
16.6655,1.0000,151.0081,2.3836,0.3571,16.6627,16.6718,15.4497,0.0011,-1.0000
16.6712,1.0000,151.0247,1.1012,0.3923,16.6555,16.6747,15.2343,0.0012,-1.0000
16.6633,1.0000,151.0413,1.6560,0.3260,17.0045,16.6382,15.2408,0.0013,-1.0000
16.6659,1.0000,151.0581,1.7025,0.3075,16.4005,16.6743,15.4550,0.0011,-1.0000
16.6668,1.0000,151.0747,1.2210,0.2857,16.6811,16.6121,15.3288,0.0012,-1.0000
16.6678,1.0000,151.0913,1.4388,0.4276,16.6862,16.6433,15.3940,0.0012,-1.0000
16.6673,1.0000,151.1080,1.3961,0.2847,16.6484,16.7092,15.4070,0.0012,-1.0000
16.6666,1.0000,151.1249,1.2181,0.2894,16.6836,16.7156,15.4082,0.0016,-1.0000
16.6672,1.0000,151.1412,1.2821,0.2840,16.6225,16.5107,15.0323,0.0012,-1.0000
16.6655,1.0000,151.1580,1.2480,0.2938,16.6530,16.6519,15.5625,0.0011,-1.0000
16.6664,1.0000,151.1746,1.3007,0.2897,16.7181,16.6664,15.4156,0.0012,-1.0000
16.6678,1.0000,151.1913,1.3056,0.4299,16.7268,16.6524,15.3820,0.0012,-1.0000
16.6650,1.0000,151.2079,1.4768,0.3089,16.5205,16.6445,15.4869,0.0011,-1.0000
16.6713,1.0000,151.2248,1.0883,0.3364,16.6609,16.7448,15.5040,0.0010,-1.0000
16.6640,1.0000,151.2412,1.2495,0.3234,16.6764,16.5888,14.8597,0.0013,-1.0000
16.6658,1.0000,151.2579,1.2687,0.2986,16.6615,16.6447,15.5733,0.0014,-1.0000
16.6672,1.0000,151.2747,1.1566,0.2798,16.6521,16.6730,15.3007,0.0014,-1.0000
16.6669,1.0000,151.2913,1.2399,0.3427,16.7549,16.6459,15.2596,0.0012,-1.0000
16.6655,1.0000,151.3079,1.7277,0.2941,16.5987,16.6537,15.4115,0.0011,-1.0000
16.6690,1.0000,151.3246,1.0703,0.3483,16.6534,16.6712,15.5210,0.0011,-1.0000
16.6658,1.0000,151.3412,1.3709,0.3914,16.6839,16.6530,15.2484,0.0011,-1.0000
16.6654,1.0000,151.3580,1.3847,0.3138,16.6555,16.6537,15.4247,0.0013,-1.0000
16.6685,1.0000,151.3746,1.2413,0.2596,16.6613,16.6598,15.3847,0.0012,-1.0000
16.6657,1.0000,151.3913,1.1489,0.3346,16.6797,16.6577,15.3119,0.0013,-1.0000
16.6653,1.0000,151.4079,1.4034,0.3349,16.6638,16.6457,15.5009,0.0013,-1.0000
16.6684,1.0000,151.4246,1.2276,0.3268,16.6632,16.6678,15.5263,0.0010,-1.0000
16.6680,1.0000,151.4411,1.2737,0.3140,16.6698,16.6577,15.3607,0.0010,-1.0000
16.6638,1.0000,151.4579,1.3444,0.2840,16.6674,16.6525,15.6891,0.0010,-1.0000
16.6695,1.0000,151.4746,1.1435,0.2651,16.6526,16.6761,15.4977,0.0013,-1.0000
16.6670,1.0000,151.4913,1.1401,0.3424,16.6752,16.6612,15.4538,0.0013,-1.0000
16.6628,1.0000,151.5079,1.2956,0.2842,16.6658,16.6800,15.3897,0.0016,-1.0000
16.6708,1.0000,151.5247,0.9624,0.2822,16.6600,16.6333,15.5228,0.0011,-1.0000
16.6663,1.0000,151.5412,1.1771,0.2819,16.6845,16.6452,15.2512,0.0013,-1.0000
16.6651,1.0000,151.5580,1.2060,0.2904,16.6714,16.7100,15.5774,0.0013,-1.0000
16.6676,1.0000,151.5746,1.2890,0.3438,16.6890,16.6063,15.4292,0.0013,-1.0000
16.6676,1.0000,151.5913,1.1095,0.3107,16.6424,16.6686,15.0937,0.0013,-1.0000
16.6644,1.0000,151.6080,1.3926,0.2830,16.6541,16.6894,15.4152,0.0013,-1.0000
16.6678,1.0000,151.6247,1.1313,0.2845,16.7177,16.6212,15.4275,0.0011,-1.0000
16.6689,1.0000,151.6412,1.1757,0.3895,16.6139,16.6612,14.9869,0.0013,-1.0000
16.6642,1.0000,151.6579,1.5735,0.3213,16.6779,16.6448,15.5998,0.0011,-1.0000
16.6679,1.0000,151.6748,1.2729,0.3272,16.6977,16.7323,15.5025,0.0012,-1.0000
16.6675,1.0000,151.6913,1.1921,0.3350,16.6295,16.6395,15.1112,0.0012,-1.0000
16.6642,1.0000,151.7080,1.6728,0.2897,16.6706,16.6452,15.4315,0.0015,-1.0000
16.6665,1.0000,151.7247,1.0439,0.2736,16.6538,16.6813,15.4520,0.0013,-1.0000
16.6692,1.0000,151.7413,1.2284,0.3363,16.7418,16.7002,15.3812,0.0010,-1.0000
16.6663,1.0000,151.7580,1.5267,0.2763,16.6479,16.5930,15.3964,0.0011,-1.0000
16.6668,1.0000,151.7747,1.2125,0.2844,16.6530,16.6633,15.4256,0.0012,-1.0000
16.6694,1.0000,151.7917,1.2279,0.2969,16.6894,16.8138,15.4179,0.0011,-1.0000
16.6618,1.0000,151.8079,1.3182,0.3288,16.7081,16.4984,15.0343,0.0014,-1.0000
16.6693,1.0000,151.8247,1.1955,0.3141,16.6020,16.6767,15.5827,0.0012,-1.0000
16.6675,1.0000,151.8412,1.2365,0.3032,16.6720,16.6949,15.0487,0.0015,-1.0000
16.6659,1.0000,151.8580,1.3944,0.2966,16.8242,16.5632,15.3667,0.0014,-1.0000
16.6682,1.0000,151.8747,1.4628,0.2650,16.5077,16.7168,15.4843,0.0011,-1.0000
16.6669,1.0000,151.8914,1.0925,0.3897,16.6834,16.6614,15.0389,0.0015,-1.0000
16.6639,1.0000,151.9079,1.6445,0.3635,16.7038,16.6230,15.3345,0.0015,-1.0000
16.6680,1.0000,151.9248,1.1952,0.2818,16.5709,16.7204,15.5019,0.0010,-1.0000
16.6685,1.0000,151.9413,1.2313,0.3688,16.7264,16.6214,15.2314,0.0010,-1.0000
16.6662,1.0000,151.9581,1.6208,0.3056,16.6722,16.6644,15.3140,0.0016,-1.0000
16.6664,1.0000,151.9747,1.2872,0.2767,16.6324,16.6571,15.2188,0.0013,-1.0000
16.6680,1.0000,151.9918,1.2170,0.2767,16.7301,16.9922,15.2056,0.0011,-1.0000
16.6648,1.0000,152.0080,1.3889,0.2966,16.6318,16.2931,14.5834,0.0018,-1.0000
16.6665,1.0000,152.0247,1.3486,0.2693,16.6758,16.6643,15.4498,0.0012,-1.0000
16.6687,1.0000,152.0415,1.4365,0.3728,16.6669,16.7915,15.1585,0.0010,-1.0000
16.6657,1.0000,152.0580,1.7854,0.3448,17.0030,16.5118,15.1843,0.0013,-1.0000
16.6685,1.0000,152.0747,1.7080,0.3241,16.3019,16.6872,15.3486,0.0012,-1.0000
16.6661,1.0000,152.0914,1.2128,0.4292,16.6719,16.6597,15.0818,0.0013,-1.0000
16.6657,1.0000,152.1079,1.6321,0.3203,16.8018,16.5895,15.0276,0.0012,-1.0000
16.6667,1.0000,152.1247,1.3263,0.2992,16.5215,16.6634,15.5034,0.0013,-1.0000
16.6670,1.0000,152.1411,1.3373,0.3575,16.6964,16.6531,15.1255,0.0015,-1.0000
16.6639,1.0000,152.1579,1.5765,0.3655,16.6715,16.6465,15.5580,0.0011,-1.0000
16.6701,1.0000,152.1747,1.5606,0.3555,16.5988,16.6793,15.5740,0.0012,-1.0000
16.6667,1.0000,152.1913,1.1586,0.3397,16.6739,16.6574,15.0568,0.0012,-1.0000
16.6731,1.0000,152.2081,1.5261,0.2811,16.6617,16.7008,15.5423,0.0010,-1.0000
16.6675,1.0000,152.2247,1.0874,0.2967,16.6537,16.6121,15.2617,0.0013,-1.0000
16.6676,1.0000,152.2413,1.1037,0.4058,16.6885,16.6910,15.1757,0.0012,-1.0000
16.6644,1.0000,152.2579,1.5995,0.3161,16.6662,16.5984,15.3141,0.0013,-1.0000
16.6679,1.0000,152.2746,1.1578,0.2987,16.7129,16.6641,15.4928,0.0009,-1.0000
16.6684,1.0000,152.2914,1.3490,0.3344,16.6217,16.6991,15.3595,0.0014,-1.0000
16.6650,1.0000,152.3080,1.5139,0.2979,16.7019,16.6171,15.2425,0.0012,-1.0000
16.6700,1.0000,152.3247,1.2830,0.2965,16.6068,16.7288,15.3643,0.0014,-1.0000
16.6646,1.0000,152.3412,1.1705,0.3230,16.6719,16.5824,15.3068,0.0012,-1.0000
16.6657,1.0000,152.3579,1.3382,0.3516,16.7079,16.6545,15.5979,0.0010,-1.0000
16.6676,1.0000,152.3747,1.3732,0.3315,16.6269,16.6670,15.5224,0.0011,-1.0000
16.6674,1.0000,152.3913,1.3629,0.3384,16.7398,16.6550,15.2382,0.0012,-1.0000
16.6651,1.0000,152.4080,1.2741,0.2886,16.5924,16.6534,15.5120,0.0017,-1.0000
16.6693,1.0000,152.4247,1.0552,0.3688,16.6620,16.6707,15.4898,0.0012,-1.0000
16.6657,1.0000,152.4411,1.1435,0.3537,16.6774,16.6438,15.2514,0.0012,-1.0000
16.6642,1.0000,152.4579,1.4155,0.3190,16.6640,16.6482,15.6344,0.0010,-1.0000
16.6683,1.0000,152.4746,1.1396,0.2779,16.6627,16.6680,15.5216,0.0012,-1.0000
16.6670,1.0000,152.4913,1.1794,0.3619,16.6828,16.6621,15.4936,0.0012,-1.0000
16.6649,1.0000,152.5079,1.3910,0.2910,16.6538,16.6491,15.5430,0.0011,-1.0000
16.6688,1.0000,152.5246,1.0128,0.2844,16.6559,16.6731,15.6858,0.0010,-1.0000
16.6666,1.0000,152.5413,1.1450,0.2761,16.6748,16.6499,15.4946,0.0016,-1.0000
16.6653,1.0000,152.5579,1.1676,0.2835,16.6698,16.6513,15.0932,0.0015,-1.0000
16.6689,1.0000,152.5746,1.1051,0.2885,16.6566,16.6638,15.5181,0.0013,-1.0000
16.6669,1.0000,152.5913,0.9864,0.3346,16.6831,16.6617,15.4166,0.0012,-1.0000
16.6653,1.0000,152.6079,1.1537,0.3808,16.6604,16.6522,15.5197,0.0014,-1.0000
16.6686,1.0000,152.6247,1.5566,0.2912,16.6592,16.6646,15.5478,0.0011,-1.0000
16.6663,1.0000,152.6412,1.1442,0.2847,16.6722,16.6542,15.1712,0.0013,-1.0000
16.6645,1.0000,152.6579,1.2438,0.2933,16.6708,16.6503,15.6708,0.0010,-1.0000
16.6687,1.0000,152.6747,1.1311,0.2833,16.6603,16.6689,15.6381,0.0011,-1.0000
16.6669,1.0000,152.6912,1.1155,0.3725,16.6750,16.6587,15.2595,0.0013,-1.0000
16.6661,1.0000,152.7080,1.4818,0.2910,16.6624,16.6540,15.4985,0.0009,-1.0000
16.9406,1.0000,152.7250,0.9785,0.2599,16.6578,16.9510,15.7005,0.0014,-1.0000
16.6278,1.0000,152.7415,1.0296,0.2889,16.6761,16.5720,15.1575,0.0013,-1.0000
16.6649,1.0000,152.7580,1.3975,0.2753,16.6668,16.6522,15.5286,0.0011,-1.0000
16.6688,1.0000,152.7749,1.1546,0.3301,16.6627,16.6698,15.6157,0.0014,-1.0000
16.6660,1.0000,152.7916,1.2489,0.3502,16.9606,16.6509,15.4084,0.0014,-1.0000
16.6674,1.0000,152.8087,1.4131,0.2897,16.6106,16.6594,15.4298,0.0009,-1.0000
16.6674,1.0000,152.8248,1.1224,0.2662,16.6596,16.6611,14.3107,0.0014,-1.0000
16.6661,1.0000,152.8414,1.0527,0.3497,16.6791,16.6498,15.2091,0.0014,-1.0000
16.6651,1.0000,152.8580,1.2414,0.2943,16.6606,16.6533,15.5739,0.0010,-1.0000
16.6683,1.0000,152.8748,1.2285,0.3037,16.6691,16.6665,15.6958,0.0011,-1.0000
16.6662,1.0000,152.8914,2.3487,0.5263,16.6713,16.6602,15.4383,0.0013,-1.0000
16.6660,1.0000,152.9081,1.4389,0.3122,16.6593,16.6513,15.4731,0.0010,-1.0000
16.6698,1.0000,152.9248,1.0785,0.2792,16.6607,16.6716,15.6097,0.0012,-1.0000
16.6652,1.0000,152.9415,0.9695,0.3316,16.6739,16.6499,15.3342,0.0014,-1.0000
16.6649,1.0000,152.9580,1.2203,0.3022,16.6695,16.6504,15.5571,0.0013,-1.0000
16.6679,1.0000,152.9748,1.1773,0.2957,16.6593,16.6651,15.6820,0.0011,-1.0000
16.6672,1.0000,152.9915,1.0605,0.4232,16.6804,16.6606,15.4316,0.0013,-1.0000
16.6666,1.0000,153.0081,1.3140,0.2717,16.6598,16.6537,15.4222,0.0015,-1.0000
16.6678,1.0000,153.0248,1.0920,0.3231,16.6584,16.6610,15.5832,0.0011,-1.0000
16.6666,1.0000,153.0415,0.9822,0.3260,16.6745,16.6513,15.2780,0.0010,-1.0000
16.6651,1.0000,153.0580,1.2278,0.3039,16.6705,16.6812,15.4405,0.0015,-1.0000
16.6685,1.0000,153.0752,1.2300,0.3365,16.6644,16.6416,15.5978,0.0013,-1.0000
16.6658,1.0000,153.0917,1.0769,0.3714,16.6720,16.6473,14.9566,0.0013,-1.0000
16.6673,1.0000,153.1082,1.3723,0.2985,16.6608,16.6565,15.0995,0.0012,-1.0000
16.6772,1.0000,153.1255,1.2394,0.3239,16.6897,17.0217,15.5262,0.0014,-1.0000
16.6670,1.0000,153.1416,1.0427,0.3889,16.6526,16.2075,14.7517,0.0013,-1.0000
16.6650,1.0000,153.1581,1.6895,0.2989,16.6567,16.6536,15.3891,0.0012,-1.0000
16.6680,1.0000,153.1749,1.5558,0.3443,16.6647,16.6633,15.6440,0.0010,-1.0000
16.6662,1.0000,153.1915,1.4940,0.3449,17.0324,16.6561,15.3937,0.0013,-1.0000
16.6669,1.0000,153.2082,1.4545,0.3364,16.3137,16.6573,15.5109,0.0014,-1.0000
16.6675,1.0000,153.2249,1.2635,0.2778,16.6622,16.6592,15.4582,0.0012,-1.0000
16.6669,1.0000,153.2416,1.0181,0.3226,16.6714,16.6570,15.3364,0.0014,-1.0000
16.6662,1.0000,153.2581,1.2613,0.3087,16.6661,16.6593,15.3509,0.0012,-1.0000
16.6673,1.0000,153.2749,1.1447,0.2844,16.6658,16.6558,15.5207,0.0013,-1.0000
16.6661,1.0000,153.2915,1.1996,0.3105,16.6685,16.6557,15.2986,0.0011,-1.0000
16.6667,1.0000,153.3082,1.3193,0.3497,16.6661,16.6862,15.3930,0.0011,-1.0000
16.6678,1.0000,153.3249,1.3071,0.2761,16.6688,16.6349,15.4538,0.0011,-1.0000
16.6662,1.0000,153.3415,1.1336,0.2907,16.6644,16.6528,15.3829,0.0012,-1.0000
16.6665,1.0000,153.3581,1.3560,0.2987,16.6640,16.6597,15.4220,0.0019,-1.0000
16.6673,1.0000,153.3749,1.2923,0.3060,16.6955,16.6592,15.6061,0.0011,-1.0000
16.6659,1.0000,153.3915,1.1798,0.3019,16.6443,16.6525,15.1891,0.0013,-1.0000
16.6666,1.0000,153.4082,1.2690,0.3115,16.6623,16.6592,15.5257,0.0012,-1.0000
16.6678,1.0000,153.4249,1.2358,0.2931,16.6684,16.6609,15.4852,0.0012,-1.0000
16.6658,1.0000,153.4415,1.0519,0.4113,16.6699,16.6514,15.0669,0.0013,-1.0000
16.6676,1.0000,153.4581,1.4624,0.3001,16.6619,16.6652,15.4905,0.0011,-1.0000
16.6675,1.0000,153.4749,1.1322,0.2859,16.6676,16.6573,15.5387,0.0015,-1.0000
16.6657,1.0000,153.4915,1.1745,0.3688,16.6699,16.6549,15.4192,0.0013,-1.0000
16.6665,1.0000,153.5082,1.5835,0.3067,16.6603,16.6581,15.4194,0.0013,-1.0000
16.6679,1.0000,153.5249,1.1733,0.2873,16.6743,16.6568,15.4844,0.0015,-1.0000
16.6658,1.0000,153.5415,1.1168,0.3338,16.6671,16.6559,14.9052,0.0016,-1.0000
16.6651,1.0000,153.5580,1.2340,0.3208,16.6641,16.6539,15.3923,0.0013,-1.0000
16.6720,1.0000,153.5750,1.2372,0.3307,16.6674,16.6760,15.5994,0.0012,-1.0000
16.6641,1.0000,153.5915,1.1707,0.4698,16.6659,16.6485,15.1273,0.0015,-1.0000
16.6646,1.0000,153.6082,1.7491,0.2981,16.6640,16.6477,15.4306,0.0013,-1.0000
16.6701,1.0000,153.6251,1.2604,0.2779,16.6605,16.6714,15.5444,0.0012,-1.0000
16.6655,1.0000,153.6416,1.0750,0.3623,16.6862,16.6529,15.1017,0.0016,-1.0000
16.6660,1.0000,153.6582,1.5196,0.3083,16.6602,16.6532,15.2804,0.0014,-1.0000
16.6699,1.0000,153.6749,1.2159,0.2528,16.6556,16.6696,15.5262,0.0012,-1.0000
16.6637,1.0000,153.6915,1.1258,0.3261,16.6809,16.6412,15.1075,0.0013,-1.0000
16.6657,1.0000,153.7082,1.5496,0.3395,16.6637,16.6544,15.4160,0.0013,-1.0000
16.6704,1.0000,153.7250,1.3715,0.2932,16.6626,16.6702,15.4135,0.0011,-1.0000
16.6643,1.0000,153.7415,1.1418,0.3255,16.6814,16.6495,15.2035,0.0013,-1.0000
16.6666,1.0000,153.7581,1.5326,0.3337,16.6516,16.6556,15.5307,0.0011,-1.0000
16.6672,1.0000,153.7749,1.2367,0.2745,16.6624,16.6642,15.6096,0.0010,-1.0000
16.6665,1.0000,153.7916,1.2553,0.3222,16.6797,16.6548,15.2767,0.0012,-1.0000
16.6646,1.0000,153.8082,1.4451,0.2792,16.6597,16.6498,15.4273,0.0012,-1.0000
16.6698,1.0000,153.8249,1.1236,0.3094,16.6638,16.6673,15.6031,0.0010,-1.0000
16.6654,1.0000,153.8415,1.0535,0.3804,16.6727,16.6516,15.3768,0.0012,-1.0000
16.6664,1.0000,153.8581,1.3767,0.2837,16.6647,16.6606,15.5554,0.0010,-1.0000
16.6681,1.0000,153.8749,1.2212,0.2728,16.6580,16.6798,15.5942,0.0012,-1.0000
16.6660,1.0000,153.8915,1.0630,0.3715,16.6755,16.6368,15.3583,0.0015,-1.0000
16.6640,1.0000,153.9081,1.2738,0.3210,16.6612,16.6474,15.5410,0.0012,-1.0000
16.6708,1.0000,153.9249,1.1042,0.3150,16.6684,16.6729,15.6636,0.0013,-1.0000
16.6655,1.0000,153.9415,1.0848,0.4221,16.6894,16.6534,15.3406,0.0015,-1.0000
16.6667,1.0000,153.9581,1.2772,0.2936,16.6464,16.6557,15.3954,0.0011,-1.0000
16.6678,1.0000,153.9749,1.1055,0.2684,16.6549,16.6608,15.5909,0.0011,-1.0000
16.6660,1.0000,153.9915,1.0078,0.3242,16.6823,16.6551,15.1794,0.0012,-1.0000
16.6653,1.0000,154.0081,1.3113,0.3081,16.6641,16.6508,15.5295,0.0012,-1.0000
16.6705,1.0000,154.0249,1.2591,0.2944,16.6644,16.6722,15.6138,0.0009,-1.0000
16.6645,1.0000,154.0415,1.0686,0.3786,16.6698,16.6505,15.3925,0.0014,-1.0000
16.6661,1.0000,154.0581,1.4744,0.2840,16.6639,16.6539,15.4740,0.0011,-1.0000
16.6679,1.0000,154.0749,1.1201,0.2708,16.6587,16.6661,15.6549,0.0009,-1.0000
16.6666,1.0000,154.0915,1.0575,0.3143,16.6814,16.6530,15.4383,0.0012,-1.0000
16.6647,1.0000,154.1082,1.2566,0.2760,16.6612,16.6511,15.2516,0.0014,-1.0000
16.6696,1.0000,154.1250,1.1784,0.2792,16.6625,16.6662,15.5881,0.0011,-1.0000
16.6635,1.0000,154.1415,1.0103,0.3319,16.6761,16.6459,15.1679,0.0014,-1.0000
16.6682,1.0000,154.1581,1.2137,0.3377,16.6637,16.6668,15.6596,0.0012,-1.0000
16.6683,1.0000,154.1750,1.3982,0.2775,16.6594,16.7482,15.5992,0.0012,-1.0000
16.6663,1.0000,154.1915,1.0768,0.4278,16.6752,16.5717,15.3732,0.0014,-1.0000
16.6663,1.0000,154.2083,1.4765,0.2608,16.6539,16.6582,15.5329,0.0012,-1.0000
16.6691,1.0000,154.2249,1.0061,0.3035,16.6735,16.6625,15.4450,0.0011,-1.0000
16.6644,1.0000,154.2415,1.1478,0.2648,16.7569,16.6498,15.3052,0.0012,-1.0000
16.6663,1.0000,154.2581,1.1970,0.2723,16.5806,16.6586,15.4891,0.0012,-1.0000
16.6684,1.0000,154.2749,1.1240,0.2830,16.6666,16.6642,15.6574,0.0011,-1.0000
16.6655,1.0000,154.2916,1.2162,0.2834,16.6719,16.6494,15.1678,0.0012,-1.0000
16.6672,1.0000,154.3082,1.3433,0.3091,16.6595,16.6590,15.3659,0.0012,-1.0000
16.6676,1.0000,154.3249,1.1688,0.2874,16.6667,16.6631,15.5194,0.0012,-1.0000
16.6662,1.0000,154.3415,1.0056,0.3656,16.6737,16.6534,15.3929,0.0012,-1.0000
16.6660,1.0000,154.3581,1.4805,0.2653,16.6593,16.6573,15.5045,0.0012,-1.0000
16.6680,1.0000,154.3749,1.2917,0.2824,16.6676,16.6592,15.4943,0.0012,-1.0000
16.6665,1.0000,154.3915,1.1423,0.2916,16.6718,16.6570,15.0260,0.0015,-1.0000
16.6652,1.0000,154.4082,1.2592,0.2696,16.6618,16.6530,15.4895,0.0012,-1.0000
16.6674,1.0000,154.4249,1.1516,0.3036,16.6668,16.6645,15.4330,0.0011,-1.0000
16.6675,1.0000,154.4415,1.1640,0.2981,16.6684,16.6571,15.4802,0.0015,-1.0000
16.6656,1.0000,154.4581,1.6294,0.3260,16.6658,16.6541,15.5778,0.0014,-1.0000
16.6688,1.0000,154.4749,1.1620,0.3074,16.6610,16.6655,15.6149,0.0011,-1.0000
16.6656,1.0000,154.4915,1.2302,0.2978,16.6727,16.6562,15.4011,0.0015,-1.0000
16.6655,1.0000,154.5082,1.1755,0.2713,16.6657,16.6553,15.4449,0.0011,-1.0000
16.6769,1.0000,154.5249,1.0751,0.2596,16.6624,16.7020,15.5524,0.0013,-1.0000
16.6663,1.0000,154.5416,1.0494,0.2943,16.6736,16.6231,15.3117,0.0013,-1.0000
16.6657,1.0000,154.5581,1.2538,0.2543,16.6661,16.6553,15.4666,0.0013,-1.0000
16.6685,1.0000,154.5749,1.2093,0.2891,16.6640,16.6628,15.5361,0.0011,-1.0000
16.6658,1.0000,154.5916,1.1483,0.2935,16.7117,16.6532,15.3890,0.0016,-1.0000
16.6673,1.0000,154.6082,1.3098,0.2702,16.6323,16.6613,15.4836,0.0012,-1.0000
16.6663,1.0000,154.6249,1.1874,0.2745,16.6647,16.6580,15.4803,0.0012,-1.0000
16.6668,1.0000,154.6416,1.1257,0.3171,16.6715,16.6556,15.4224,0.0012,-1.0000
16.6660,1.0000,154.6581,1.2625,0.2949,16.6620,16.6563,15.1442,0.0014,-1.0000
16.6698,1.0000,154.6749,1.1763,0.3086,16.6697,16.6659,15.5286,0.0011,-1.0000
16.6647,1.0000,154.6915,1.1764,0.3064,16.6675,16.6519,15.3432,0.0011,-1.0000
16.6669,1.0000,154.7082,1.2318,0.2783,16.6647,16.6571,15.4889,0.0011,-1.0000
16.6679,1.0000,154.7249,1.5105,0.2947,16.6660,16.6656,15.1661,0.0015,-1.0000
16.6651,1.0000,154.7415,1.1359,0.2761,16.6741,16.6476,15.3656,0.0015,-1.0000
16.6667,1.0000,154.7581,1.3072,0.3215,16.6605,16.6552,15.5125,0.0016,-1.0000
16.6682,1.0000,154.7748,1.1671,0.2547,16.6663,16.6622,15.6456,0.0011,-1.0000
16.6666,1.0000,154.7916,1.4977,0.3551,16.6751,16.6594,15.4648,0.0012,-1.0000
16.6665,1.0000,154.8082,1.2803,0.2771,16.6590,16.6554,15.4838,0.0013,-1.0000
16.6667,1.0000,154.8249,1.1408,0.2740,16.6636,16.6585,15.5681,0.0011,-1.0000
16.6667,1.0000,154.8415,1.0156,0.3609,16.6706,16.6538,15.3947,0.0014,-1.0000
16.6668,1.0000,154.8581,1.1930,0.2711,16.6691,16.6627,15.5453,0.0013,-1.0000
16.6672,1.0000,154.8749,1.1701,0.2789,16.6646,16.6577,15.6503,0.0013,-1.0000
16.6655,1.0000,154.8915,1.0893,0.3511,16.6688,16.6528,15.4164,0.0011,-1.0000
16.6679,1.0000,154.9082,1.2575,0.2862,16.6623,16.6626,15.5574,0.0011,-1.0000
16.6658,1.0000,154.9249,1.1161,0.2884,16.6709,16.6585,15.3683,0.0013,-1.0000
16.6667,1.0000,154.9415,1.0063,0.3201,16.6667,16.6546,15.4422,0.0013,-1.0000
16.6671,1.0000,154.9581,1.2353,0.2908,16.6616,16.6619,15.5534,0.0010,-1.0000
16.6670,1.0000,154.9748,1.1040,0.3615,16.6706,16.6556,15.2830,0.0011,-1.0000
16.6632,1.0000,154.9914,1.2886,0.5891,16.6682,16.6459,15.5476,0.0011,-1.0000
16.6704,1.0000,155.0082,1.2110,0.2812,16.6630,16.6770,15.8006,0.0010,-1.0000
16.6675,1.0000,155.0249,1.1074,0.3817,16.6711,16.6583,15.2366,0.0012,-1.0000
16.6653,1.0000,155.0416,1.3715,0.5593,16.6644,16.6477,15.2406,0.0013,-1.0000
16.6679,1.0000,155.0581,1.0973,0.2379,16.6522,16.6603,15.2650,0.0012,-1.0000
16.6683,1.0000,155.0749,0.8752,0.3443,16.6847,16.6638,15.3577,0.0011,-1.0000
16.6629,1.0000,155.0914,1.4204,0.2860,16.6705,16.6349,15.2867,0.0017,-1.0000
16.6687,1.0000,155.1082,1.4057,0.2911,16.6592,16.6720,15.7012,0.0010,-1.0000
16.6676,1.0000,155.1249,1.3939,0.3529,16.6695,16.6658,15.3853,0.0013,-1.0000
16.6662,1.0000,155.1415,1.3050,0.4293,16.6759,16.6459,15.3320,0.0011,-1.0000
16.6665,1.0000,155.1581,1.3467,0.2408,16.6444,16.6576,15.5648,0.0011,-1.0000
16.6665,1.0000,155.1749,0.9698,0.2801,16.6807,16.6567,15.6033,0.0013,-1.0000
16.6664,1.0000,155.1915,1.2790,0.3667,16.6759,16.6450,15.4584,0.0014,-1.0000
16.6673,1.0000,155.2082,1.3125,0.2728,16.6555,16.6601,15.5932,0.0010,-1.0000
16.6681,1.0000,155.2249,1.0914,0.2768,16.6668,16.6647,15.5142,0.0014,-1.0000
16.6641,1.0000,155.2415,1.0523,0.3385,16.6664,16.6433,15.2099,0.0014,-1.0000
16.6680,1.0000,155.2581,1.1852,0.2729,16.6629,16.6651,15.6066,0.0010,-1.0000
16.6680,1.0000,155.2749,1.0659,0.2722,16.6692,16.6643,15.5516,0.0015,-1.0000
16.6652,1.0000,155.2915,1.1491,0.3683,16.6764,16.6476,15.4669,0.0011,-1.0000
16.6659,1.0000,155.3081,1.4319,0.2663,16.6523,16.6544,15.5153,0.0011,-1.0000
16.6691,1.0000,155.3249,1.0576,0.3435,16.6723,16.6670,15.5364,0.0009,-1.0000
16.6660,1.0000,155.3415,1.1114,0.3263,16.6742,16.6544,15.4606,0.0012,-1.0000
16.6654,1.0000,155.3581,1.1794,0.2760,16.6568,16.6556,15.5903,0.0011,-1.0000
16.6677,1.0000,155.3749,1.1378,0.2610,16.6623,16.6598,15.5311,0.0012,-1.0000
16.6662,1.0000,155.3915,1.1292,0.3139,16.6765,16.6557,15.3557,0.0013,-1.0000
16.6655,1.0000,155.4081,1.1922,0.3400,16.6638,16.6550,15.5875,0.0012,-1.0000
16.6688,1.0000,155.4249,1.0641,0.2962,16.6649,16.6698,15.6166,0.0013,-1.0000
16.6677,1.0000,155.4415,1.1271,0.2621,16.6680,16.6582,15.4233,0.0011,-1.0000
16.6647,1.0000,155.4581,1.2982,0.2705,16.6640,16.6496,15.4498,0.0012,-1.0000
16.6677,1.0000,155.4749,1.0664,0.3134,16.6620,16.6633,15.5586,0.0012,-1.0000
16.6667,1.0000,155.4915,1.0515,0.3016,16.6777,16.6556,15.3503,0.0013,-1.0000
16.6656,1.0000,155.5082,1.2335,0.2942,16.6693,16.6527,15.5443,0.0012,-1.0000
16.6694,1.0000,155.5249,1.1983,0.2576,16.6577,16.6675,15.5502,0.0012,-1.0000
16.6661,1.0000,155.5416,1.1035,0.3069,16.6721,16.6555,15.3901,0.0011,-1.0000
16.6656,1.0000,155.5581,1.3040,0.3374,16.6647,16.6517,15.3765,0.0012,-1.0000
16.6690,1.0000,155.5749,1.1070,0.2603,16.6606,16.6643,15.4549,0.0014,-1.0000
16.6647,1.0000,155.5915,1.1159,0.2980,16.6776,16.6472,15.4059,0.0017,-1.0000
16.6658,1.0000,155.6082,1.2642,0.2796,16.6657,16.6566,15.5702,0.0011,-1.0000
16.6885,1.0000,155.6251,1.2738,0.2762,16.6615,16.6870,15.5585,0.0010,-1.0000
16.6659,1.0000,155.6416,1.2077,0.3451,16.6757,16.6534,15.1873,0.0013,-1.0000
16.6668,1.0000,155.6581,1.2395,0.2555,16.6569,16.6560,15.3943,0.0014,-1.0000
16.6668,1.0000,155.6749,1.0853,0.3888,16.6643,16.6584,15.5257,0.0011,-1.0000
16.6671,1.0000,155.6916,1.1272,0.2800,16.6960,16.6590,15.4187,0.0011,-1.0000
16.6643,1.0000,155.7082,1.4645,0.2663,16.6628,16.6518,15.4949,0.0014,-1.0000
16.8562,1.0000,155.7251,1.2602,0.3369,16.6655,16.8568,15.6753,0.0012,-1.0000
16.6633,1.0000,155.7417,1.1317,0.3886,16.6666,16.6442,15.3718,0.0013,-1.0000
16.6674,1.0000,155.7583,1.2391,0.2839,16.6684,16.6618,15.5515,0.0011,-1.0000
16.6692,1.0000,155.7752,1.1555,0.3200,16.6603,16.6634,15.5962,0.0010,-1.0000
16.6645,1.0000,155.7918,1.1801,0.3074,16.8667,16.6517,15.1276,0.0014,-1.0000
16.6667,1.0000,155.8085,1.2713,0.3023,16.6549,16.7089,15.3776,0.0013,-1.0000
16.6673,1.0000,155.8251,1.1095,0.2737,16.6693,16.6076,15.4924,0.0010,-1.0000
16.6659,1.0000,155.8417,1.0661,0.3193,16.6723,16.6551,15.5883,0.0010,-1.0000
16.6678,1.0000,155.8583,1.5226,0.2773,16.6620,16.6649,15.4445,0.0013,-1.0000
16.6676,1.0000,155.8751,1.3306,0.2756,16.7172,16.6558,15.3429,0.0012,-1.0000
16.6646,1.0000,155.8918,1.1142,0.3173,16.6158,16.6567,15.5287,0.0011,-1.0000
16.6676,1.0000,155.9084,1.0658,0.2829,16.6634,16.6539,15.4274,0.0009,-1.0000
16.6672,1.0000,155.9251,1.2191,0.3743,16.6733,16.6621,15.3551,0.0014,-1.0000
16.6645,1.0000,155.9417,1.3115,0.2582,16.6658,16.6478,15.5659,0.0010,-1.0000
16.6690,1.0000,155.9585,1.1270,0.2817,16.6670,16.6723,15.5513,0.0012,-1.0000
16.6686,1.0000,155.9751,1.2255,0.3484,16.6621,16.6564,15.0561,0.0014,-1.0000
16.6637,1.0000,155.9917,1.3055,0.2593,16.6706,16.6486,15.3713,0.0010,-1.0000
16.6685,1.0000,156.0084,1.0809,0.2650,16.6567,16.6625,15.5441,0.0013,-1.0000
16.6664,1.0000,156.0251,1.1200,0.3697,16.6813,16.6577,15.3351,0.0012,-1.0000
16.6651,1.0000,156.0417,1.5984,0.3335,16.6662,16.6519,15.5463,0.0012,-1.0000
16.6705,1.0000,156.0584,1.2762,0.2816,16.6584,16.6796,15.5678,0.0011,-1.0000
16.6652,1.0000,156.0751,1.1170,0.3903,16.6703,16.6384,15.3990,0.0013,-1.0000
16.6648,1.0000,156.0918,1.3212,0.2818,16.6664,16.6526,15.3523,0.0015,-1.0000
16.6683,1.0000,156.1084,1.1043,0.2628,16.6595,16.6647,15.4791,0.0013,-1.0000
16.6687,1.0000,156.1252,1.1107,0.3228,16.6924,16.6623,15.5334,0.0011,-1.0000
16.6629,1.0000,156.1417,1.2382,0.3135,16.6490,16.6406,15.1398,0.0011,-1.0000
16.6690,1.0000,156.1583,1.2987,0.2899,16.6607,16.6679,15.6088,0.0011,-1.0000
16.7138,1.0000,156.1754,1.1843,0.2770,16.6754,16.7099,15.4289,0.0011,-1.0000
16.6641,1.0000,156.1918,1.1276,0.3026,16.6725,16.6433,14.8784,0.0016,-1.0000
16.6691,1.0000,156.2085,1.4996,0.2548,16.6486,16.6691,15.5427,0.0012,-1.0000
16.6662,1.0000,156.2252,1.0577,0.3214,16.6764,16.6542,15.4233,0.0014,-1.0000
