frame_ms,focused,elapsed,CPU Main Thread Frame Time,CPU Render Thread Frame Time,CPU Total Frame Time,PlayerLoop,WaitForTargetFPS,Gfx.WaitForPresentOnGfxThread,Gfx.WaitForGfxCommandsFromMainThread
16.6669,1.0000,41.8010,1.3519,0.3802,16.6881,16.5773,15.3934,0.0009,-1.0000
16.6666,1.0000,41.8177,1.2919,0.3707,16.6213,16.6673,15.4091,0.0010,-1.0000
16.6663,1.0000,41.8343,1.3024,0.3749,16.6604,16.6481,15.2586,0.0015,-1.0000
16.6658,1.0000,41.8510,1.2652,0.3622,16.7235,16.6752,15.4328,0.0008,-1.0000
16.6680,1.0000,41.8676,1.1826,0.3640,16.5839,16.6498,15.4757,0.0010,-1.0000
16.6661,1.0000,41.8842,1.2572,0.4487,16.6746,16.6596,15.4115,0.0010,-1.0000
16.6679,1.0000,41.9012,1.3881,0.3987,16.6541,16.7273,15.5316,0.0009,-1.0000
16.6688,1.0000,41.9178,1.2418,0.3902,16.6808,16.6041,15.0359,0.0013,-1.0000
16.6656,1.0000,41.9344,1.1731,0.3970,16.6553,16.6641,15.0077,0.0013,-1.0000
16.6661,1.0000,41.9511,1.2469,0.3514,16.6656,16.6488,15.1082,0.0014,-1.0000
16.6662,1.0000,41.9677,1.1949,0.5245,16.7342,16.6627,15.0983,0.0013,-1.0000
16.6683,1.0000,41.9843,1.5668,0.4600,16.6124,16.6607,15.2471,0.0013,-1.0000
16.6661,1.0000,42.0011,1.6548,0.5058,16.6733,16.6586,15.2602,0.0013,-1.0000
16.6646,1.0000,42.0176,1.5391,0.4677,16.6573,16.6369,15.2031,0.0012,-1.0000
16.6691,1.0000,42.0344,1.5631,0.5162,16.6709,16.6757,15.3776,0.0010,-1.0000
16.6667,1.0000,42.0511,1.4123,0.4644,16.6689,16.6573,15.2417,0.0012,-1.0000
16.6662,1.0000,42.0678,1.3969,0.4051,16.6738,16.6649,15.2103,0.0016,-1.0000
16.6659,1.0000,42.0843,1.4326,0.5079,16.6438,16.6395,15.1453,0.0016,-1.0000
16.6685,1.0000,42.1010,1.2971,0.4316,16.6834,16.6715,15.4089,0.0014,-1.0000
16.6661,1.0000,42.1177,1.4144,0.3899,16.6662,16.6493,15.2217,0.0013,-1.0000
16.6676,1.0000,42.1344,1.4529,0.4904,16.6740,16.6616,15.2622,0.0012,-1.0000
16.6678,1.0000,42.1511,1.4926,0.3585,16.6474,16.6684,15.1491,0.0013,-1.0000
16.6656,1.0000,42.1679,1.2612,0.4824,16.6810,16.7037,15.1187,0.0016,-1.0000
16.6669,1.0000,42.1844,1.4262,0.4749,16.6579,16.6590,14.9688,0.0011,-1.0000
16.6658,1.0000,42.2010,1.3982,0.3871,16.6692,16.5990,15.1803,0.0018,-1.0000
16.6673,1.0000,42.2177,1.5179,0.4374,16.6768,16.6547,15.0963,0.0015,-1.0000
16.6682,1.0000,42.2345,1.5834,0.4480,16.7141,16.7177,15.0644,0.0016,-1.0000
16.6665,1.0000,42.2511,1.6893,0.4849,16.6682,16.6060,15.0502,0.0015,-1.0000
16.6671,1.0000,42.2678,1.4170,0.5463,16.6087,16.6478,15.1431,0.0014,-1.0000
16.6661,1.0000,42.2844,1.5572,0.3967,16.6690,16.7088,15.1313,0.0013,-1.0000
16.6675,1.0000,42.3011,1.6518,0.3873,16.7279,16.6050,15.0195,0.0013,-1.0000
16.6673,1.0000,42.3178,1.5543,0.3904,16.6167,16.6644,15.0355,0.0017,-1.0000
16.6649,1.0000,42.3345,1.5030,0.4816,16.6571,16.6444,15.0739,0.0013,-1.0000
16.6666,1.0000,42.3511,1.5762,0.4632,16.7194,16.7233,14.9713,0.0016,-1.0000
16.6661,1.0000,42.3678,1.5842,0.4177,16.6158,16.6587,15.1158,0.0012,-1.0000
16.6669,1.0000,42.3843,1.6268,0.3815,16.6762,16.6275,15.2451,0.0011,-1.0000
16.6692,1.0000,42.4012,1.5689,0.4121,16.6554,16.7036,15.4264,0.0010,-1.0000
16.6656,1.0000,42.4178,1.7509,0.4278,16.7337,16.6508,15.0812,0.0012,-1.0000
16.6658,1.0000,42.4344,1.5415,0.3508,16.6675,16.6073,15.1833,0.0017,-1.0000
16.6677,1.0000,42.4511,1.3812,0.3729,16.6351,16.6660,15.3356,0.0011,-1.0000
16.6667,1.0000,42.4678,1.2764,0.3851,16.7136,16.7455,15.2668,0.0010,-1.0000
16.6660,1.0000,42.4843,1.5685,0.4264,16.6585,16.5801,15.3104,0.0012,-1.0000
16.6679,1.0000,42.5011,1.4222,0.4805,16.6131,16.6734,15.3619,0.0010,-1.0000
16.6659,1.0000,42.5178,1.3292,0.3698,16.6719,16.6898,15.2313,0.0012,-1.0000
16.6691,1.0000,42.5345,1.4776,0.3448,16.7523,16.5873,15.1321,0.0013,-1.0000
16.6663,1.0000,42.5511,1.2682,0.3770,16.5874,16.7102,15.0375,0.0017,-1.0000
16.6670,1.0000,42.5679,1.3103,0.3633,16.6808,16.6815,15.1795,0.0013,-1.0000
16.6663,1.0000,42.5843,1.4574,0.3958,16.6966,16.6125,14.8566,0.0012,-1.0000
16.6664,1.0000,42.6011,1.4537,0.5274,16.5951,16.6794,15.2570,0.0011,-1.0000
16.6672,1.0000,42.6178,1.6709,0.4315,16.7181,16.6535,15.1460,0.0012,-1.0000
16.6672,1.0000,42.6344,1.5003,0.4606,16.6927,16.6380,15.0893,0.0014,-1.0000
16.6652,1.0000,42.6511,1.7547,0.4140,16.6221,16.6758,15.0945,0.0010,-1.0000
16.6666,1.0000,42.6678,1.4212,0.5978,16.6876,16.6541,15.1564,0.0013,-1.0000
16.6677,1.0000,42.6843,1.5062,0.5073,16.6617,16.6521,15.0606,0.0015,-1.0000
16.6673,1.0000,42.7011,1.5473,0.4191,16.6465,16.6601,15.2735,0.0012,-1.0000
16.6661,1.0000,42.7179,1.5802,0.4251,16.6837,16.7655,15.0626,0.0011,-1.0000
16.6674,1.0000,42.7344,1.4965,0.5463,16.6611,16.5378,14.9117,0.0013,-1.0000
16.6663,1.0000,42.7511,1.5902,0.4657,16.6609,16.6671,15.1213,0.0015,-1.0000
16.6668,1.0000,42.7677,1.3852,0.5197,16.6698,16.6507,15.2042,0.0013,-1.0000
16.6650,1.0000,42.7842,1.7020,0.4670,16.7747,16.6169,15.2121,0.0014,-1.0000
16.6666,1.0000,42.8010,1.6247,0.4599,16.5464,16.6604,15.4932,0.0011,-1.0000
16.6690,1.0000,42.8178,1.5447,0.4659,16.6766,16.6663,15.2202,0.0011,-1.0000
16.6638,1.0000,42.8343,1.4454,0.4432,16.6581,16.6538,15.1414,0.0014,-1.0000
16.6680,1.0000,42.8510,1.4032,0.3392,16.6238,16.6628,15.3857,0.0010,-1.0000
16.6667,1.0000,42.8677,1.1658,0.3810,16.6660,16.6615,15.3634,0.0014,-1.0000
16.6665,1.0000,42.8843,1.4449,0.4265,16.6743,16.6880,15.2123,0.0009,-1.0000
16.6671,1.0000,42.9012,1.5109,0.4257,16.6611,16.6868,15.3413,0.0008,-1.0000
16.6666,1.0000,42.9177,1.2759,0.4238,16.6695,16.6472,15.1539,0.0012,-1.0000
16.6666,1.0000,42.9344,1.2965,0.3972,16.6678,16.6518,15.2969,0.0011,-1.0000
16.6666,1.0000,42.9510,1.4746,0.3822,16.6949,16.6715,15.3742,0.0010,-1.0000
16.6657,1.0000,42.9677,1.3446,0.4112,16.6938,16.6805,15.3364,0.0009,-1.0000
16.6678,1.0000,42.9843,1.4924,0.3752,16.6540,16.6274,15.3568,0.0011,-1.0000
16.6665,1.0000,43.0011,1.3538,0.4383,16.6579,16.6577,15.3890,0.0011,-1.0000
16.6671,1.0000,43.0178,1.2962,0.3760,16.6778,16.7231,15.2913,0.0011,-1.0000
16.6664,1.0000,43.0343,1.3431,0.3894,16.6864,16.5590,15.1674,0.0011,-1.0000
16.6670,1.0000,43.0510,1.2693,0.3763,16.6330,16.6710,15.4096,0.0009,-1.0000
16.6666,1.0000,43.0677,1.2674,0.3763,16.6650,16.6533,15.3867,0.0011,-1.0000
16.6677,1.0000,43.0843,1.4306,0.4669,16.7306,16.6699,15.3876,0.0010,-1.0000
16.6662,1.0000,43.1010,1.3903,0.3590,16.5658,16.6476,15.3773,0.0011,-1.0000
16.6676,1.0000,43.1177,1.2601,0.3502,16.6774,16.6706,15.4442,0.0010,-1.0000
16.6677,1.0000,43.1345,1.2653,0.4059,16.6599,16.7066,15.2045,0.0009,-1.0000
16.6635,1.0000,43.1518,1.2812,0.4133,16.6778,16.6003,15.1568,0.0012,-1.0000
16.6662,1.0000,43.1676,1.2686,0.3931,16.6545,16.6506,14.3880,0.0014,-1.0000
16.6673,1.0000,43.1842,1.2253,0.3805,16.6783,16.6638,15.3530,0.0011,-1.0000
16.6673,1.0000,43.2010,1.5011,0.3789,16.7162,16.6670,15.5995,0.0009,-1.0000
16.6667,1.0000,43.2176,1.4425,0.5129,16.6087,16.6609,15.3914,0.0011,-1.0000
16.6669,1.0000,43.2344,2.2612,0.3996,16.6570,16.6614,15.4258,0.0010,-1.0000
16.6667,1.0000,43.2510,1.3098,0.4328,16.6698,16.6575,15.3229,0.0014,-1.0000
16.6661,1.0000,43.2677,1.0668,0.4044,16.6733,16.6614,15.3194,0.0011,-1.0000
16.6674,1.0000,43.2842,1.2685,0.4246,16.6668,16.6597,15.4096,0.0010,-1.0000
16.6670,1.0000,43.3010,1.2344,0.4091,16.6679,16.6650,15.4228,0.0009,-1.0000
16.6659,1.0000,43.3177,1.3329,0.4252,16.6636,16.6506,15.3163,0.0010,-1.0000
16.6665,1.0000,43.3343,1.3408,0.4015,16.6682,16.6626,15.4016,0.0014,-1.0000
16.6672,1.0000,43.3510,1.2487,0.4114,16.6673,16.6626,15.4749,0.0013,-1.0000
16.6675,1.0000,43.3676,1.2412,0.3997,16.6719,16.6608,15.4051,0.0011,-1.0000
16.6664,1.0000,43.3842,1.3329,0.3884,16.6564,16.6635,15.3918,0.0010,-1.0000
16.6686,1.0000,43.4011,1.2592,0.3517,16.6689,16.6673,15.4937,0.0010,-1.0000
16.6648,1.0000,43.4177,1.1862,0.4494,16.6687,16.6987,15.1207,0.0011,-1.0000
16.6664,1.0000,43.4343,1.2545,0.3593,16.6671,16.6043,15.2935,0.0010,-1.0000
16.6678,1.0000,43.4510,1.2705,0.3459,16.6696,16.6697,15.4303,0.0013,-1.0000
16.6663,1.0000,43.4677,1.1724,0.4150,16.6751,16.7008,15.2643,0.0010,-1.0000
16.6665,1.0000,43.4843,1.5768,0.3736,16.7058,16.6254,15.3199,0.0012,-1.0000
16.6665,1.0000,43.5010,1.3098,0.3916,16.6098,16.6480,15.2325,0.0010,-1.0000
16.6663,1.0000,43.5177,1.2379,0.3592,16.6762,16.7082,15.3385,0.0012,-1.0000
16.6672,1.0000,43.5343,1.4353,0.3738,16.7076,16.6125,15.3072,0.0011,-1.0000
16.6673,1.0000,43.5510,1.3045,0.4371,16.6335,16.6661,15.3674,0.0011,-1.0000
16.6683,1.0000,43.5677,1.4144,0.4366,16.6543,16.6663,15.4201,0.0011,-1.0000
16.6658,1.0000,43.5844,1.3683,0.4271,16.7147,16.6996,15.2352,0.0015,-1.0000
16.6658,1.0000,43.6011,1.3043,0.4012,16.6191,16.6512,15.3132,0.0011,-1.0000
16.6675,1.0000,43.6177,1.2975,0.3613,16.6724,16.6549,15.3137,0.0013,-1.0000
16.6661,1.0000,43.6344,1.2449,0.3727,16.6744,16.6860,15.3288,0.0011,-1.0000
16.6668,1.0000,43.6511,1.4633,0.3496,16.7083,16.6789,15.3045,0.0014,-1.0000
16.6655,1.0000,43.6677,1.3368,0.4718,16.6576,16.6011,15.2439,0.0013,-1.0000
16.6682,1.0000,43.6843,1.3397,0.3853,16.6618,16.6862,15.4164,0.0011,-1.0000
16.6667,1.0000,43.7012,1.3563,0.4042,16.6927,16.7901,15.4181,0.0013,-1.0000
16.6664,1.0000,43.7177,1.3731,0.3685,16.6856,16.5288,15.2123,0.0011,-1.0000
16.6673,1.0000,43.7344,1.3558,0.3600,16.6064,16.6734,15.3519,0.0010,-1.0000
16.6663,1.0000,43.7511,1.2686,0.4073,16.6920,16.6814,15.3104,0.0013,-1.0000
16.6667,1.0000,43.7677,1.3705,0.3627,16.7960,16.5849,15.2733,0.0010,-1.0000
16.6680,1.0000,43.7843,1.3151,0.3527,16.5350,16.7152,15.3602,0.0012,-1.0000
16.6656,1.0000,43.8017,1.3205,0.3986,16.6808,16.6457,15.3883,0.0014,-1.0000
16.6668,1.0000,43.8187,1.3698,0.3724,16.6877,16.6432,14.6746,0.0009,-1.0000
16.6666,1.0000,43.8344,1.3108,0.4472,16.5918,16.6819,13.8702,0.0010,-1.0000
16.6667,1.0000,43.8510,1.3534,0.3733,16.7222,16.6564,15.3714,0.0010,-1.0000
16.6669,1.0000,43.8677,1.2557,0.3580,16.6515,16.6583,15.3449,0.0011,-1.0000
16.6667,1.0000,43.8843,1.9676,0.4862,16.6488,16.6666,15.3501,0.0011,-1.0000
16.6683,1.0000,43.9012,2.8105,0.4309,16.6880,16.7181,15.3962,0.0011,-1.0000
16.6648,1.0000,43.9177,1.2840,0.4638,16.6622,16.5848,15.0798,0.0010,-1.0000
16.6674,1.0000,43.9344,1.3122,0.4457,16.6642,16.6597,15.2495,0.0010,-1.0000
16.6659,1.0000,43.9512,1.3152,0.5020,16.6729,16.7572,15.3750,0.0010,-1.0000
16.6674,1.0000,43.9677,1.3207,0.4280,16.7241,16.5566,15.0584,0.0011,-1.0000
16.6678,1.0000,43.9844,1.5041,0.3829,16.5911,16.6900,15.3425,0.0012,-1.0000
16.6663,1.0000,44.0011,1.4088,0.5250,16.6661,16.6395,15.2547,0.0012,-1.0000
16.6655,1.0000,44.0177,1.3813,0.4754,16.7631,16.6421,15.0485,0.0013,-1.0000
16.6677,1.0000,44.0344,1.4969,0.4062,16.5625,16.6460,15.2891,0.0009,-1.0000
16.6665,1.0000,44.0510,1.3466,0.4073,16.6976,16.6590,15.2528,0.0013,-1.0000
16.6669,1.0000,44.0677,1.3836,0.3720,16.6473,16.6612,15.3983,0.0010,-1.0000
16.6656,1.0000,44.0842,1.5925,0.5021,16.6484,16.6596,15.3044,0.0010,-1.0000
16.6682,1.0000,44.1011,1.3558,0.4170,16.6526,16.6670,15.4413,0.0009,-1.0000
16.6658,1.0000,44.1177,1.4049,0.4120,16.6651,16.6811,15.1948,0.0013,-1.0000
16.6660,1.0000,44.1344,1.2617,0.4154,16.6673,16.6858,15.2806,0.0010,-1.0000
16.6673,1.0000,44.1510,1.3539,0.3815,16.6651,16.6474,15.3620,0.0010,-1.0000
16.6667,1.0000,44.1677,1.2246,0.4692,16.6755,16.6598,15.3472,0.0012,-1.0000
16.6670,1.0000,44.1843,1.4850,0.4038,16.6876,16.6680,15.4698,0.0008,-1.0000
16.6674,1.0000,44.2011,1.4044,0.4083,16.6915,16.6930,15.5442,0.0010,-1.0000
16.6658,1.0000,44.2177,1.2844,0.4043,16.6530,16.6113,15.2739,0.0009,-1.0000
16.6677,1.0000,44.2344,1.3114,0.3681,16.6656,16.6819,15.3949,0.0011,-1.0000
16.6658,1.0000,44.2511,1.1972,0.3935,16.6734,16.6865,15.2479,0.0010,-1.0000
16.6674,1.0000,44.2677,1.1476,0.4271,16.6990,16.5873,15.2544,0.0010,-1.0000
16.6661,1.0000,44.2842,1.3365,0.3917,16.6172,16.6549,15.3904,0.0011,-1.0000
16.6669,1.0000,44.3010,1.2860,0.4205,16.6890,16.6581,15.5151,0.0009,-1.0000
16.6680,1.0000,44.3177,1.4376,0.4236,16.6934,16.6702,15.4316,0.0012,-1.0000
16.6655,1.0000,44.3343,1.3319,0.4693,16.5933,16.6542,15.3739,0.0010,-1.0000
16.6671,1.0000,44.3510,1.2632,0.4029,16.6609,16.6637,15.4105,0.0007,-1.0000
16.6669,1.0000,44.3677,1.1422,0.4783,16.6638,16.7056,15.2573,0.0007,-1.0000
16.6679,1.0000,44.3842,1.2373,0.3976,16.6766,16.6155,15.2575,0.0010,-1.0000
16.6659,1.0000,44.4011,1.2792,0.3829,16.6597,16.6679,15.5109,0.0010,-1.0000
16.6666,1.0000,44.4177,1.2525,0.4683,16.6704,16.6533,15.2826,0.0010,-1.0000
16.6660,1.0000,44.4343,1.4475,0.4141,16.7120,16.6602,15.2812,0.0011,-1.0000
16.6668,1.0000,44.4510,1.3568,0.4515,16.6218,16.6579,15.3585,0.0010,-1.0000
16.6669,1.0000,44.4677,1.1558,0.4286,16.6744,16.6553,15.3793,0.0009,-1.0000
16.6671,1.0000,44.4843,1.3694,0.4395,16.6608,16.6743,15.3971,0.0010,-1.0000
16.6668,1.0000,44.5010,1.3777,0.4623,16.6664,16.6519,15.4875,0.0011,-1.0000
16.6660,1.0000,44.5176,1.2982,0.4349,16.6648,16.6591,15.3557,0.0010,-1.0000
16.6676,1.0000,44.5343,1.2751,0.4304,16.6621,16.6583,15.4242,0.0010,-1.0000
16.6661,1.0000,44.5510,1.2761,0.3968,16.6814,16.6593,15.3475,0.0010,-1.0000
16.6681,1.0000,44.5678,1.1631,0.3959,16.6591,16.6716,15.4123,0.0009,-1.0000
16.6670,1.0000,44.5843,1.3024,0.4798,16.6651,16.6608,15.0431,0.0014,-1.0000
16.6645,1.0000,44.6010,1.2329,0.4124,16.6649,16.6432,15.3012,0.0013,-1.0000
16.6681,1.0000,44.6177,1.3109,0.4870,16.6652,16.6641,15.4141,0.0010,-1.0000
16.6667,1.0000,44.6343,1.2583,0.4416,16.6789,16.6591,15.3746,0.0010,-1.0000
16.6674,1.0000,44.6511,1.6164,0.4812,16.6690,16.7285,15.4877,0.0010,-1.0000
16.6664,1.0000,44.6677,1.3408,0.4269,16.6504,16.5986,15.0705,0.0015,-1.0000
16.6657,1.0000,44.6842,1.2487,0.4348,16.6701,16.6503,15.3858,0.0011,-1.0000
16.6670,1.0000,44.7011,1.2833,0.3734,16.6647,16.7119,15.4931,0.0009,-1.0000
16.6659,1.0000,44.7177,1.2398,0.4466,16.7350,16.6101,15.1969,0.0010,-1.0000
16.6693,1.0000,44.7344,1.5266,0.4014,16.6049,16.6703,15.4207,0.0012,-1.0000
16.6667,1.0000,44.7511,1.2634,0.4060,16.6574,16.7088,15.1980,0.0013,-1.0000
16.6655,1.0000,44.7677,1.2179,0.3896,16.7168,16.6109,15.0984,0.0012,-1.0000
16.6668,1.0000,44.7842,1.4122,0.4141,16.6161,16.6562,15.4447,0.0010,-1.0000
16.6662,1.0000,44.8010,1.2481,0.4212,16.6771,16.6582,15.4009,0.0011,-1.0000
16.6676,1.0000,44.8177,1.5094,0.4249,16.7161,16.7145,15.3161,0.0010,-1.0000
16.6657,1.0000,44.8344,1.5112,0.4098,16.6171,16.6551,15.3096,0.0011,-1.0000
16.6680,1.0000,44.8511,1.2105,0.4786,16.6631,16.6726,15.4186,0.0010,-1.0000
16.6664,1.0000,44.8677,1.2560,0.4287,16.6642,16.6508,15.3413,0.0013,-1.0000
16.6665,1.0000,44.8843,1.3973,0.4417,16.7205,16.6924,15.2778,0.0012,-1.0000
16.6677,1.0000,44.9012,1.3441,0.4483,16.6611,16.6640,15.3496,0.0012,-1.0000
16.6676,1.0000,44.9178,1.2531,0.5125,16.6781,16.6356,15.1158,0.0011,-1.0000
16.6649,1.0000,44.9345,1.3080,0.4823,16.6571,16.7378,15.1662,0.0013,-1.0000
16.6661,1.0000,44.9510,1.4135,0.4885,16.6993,16.5523,15.1768,0.0014,-1.0000
16.6674,1.0000,44.9677,1.3133,0.4988,16.6723,16.6782,15.3758,0.0012,-1.0000
16.6693,1.0000,44.9844,1.5184,0.4325,16.6450,16.7067,15.1725,0.0013,-1.0000
16.6662,1.0000,45.0011,1.5704,0.4344,16.7452,16.5700,15.2417,0.0013,-1.0000
16.6664,1.0000,45.0178,1.3743,0.4510,16.5583,16.7182,15.1805,0.0013,-1.0000
16.6650,1.0000,45.0351,1.3013,0.3872,16.6848,16.6390,15.2191,0.0014,-1.0000
16.6670,1.0000,45.0514,1.5330,0.4540,16.7134,16.6459,14.3394,0.0011,-1.0000
16.6674,1.0000,45.0677,1.3268,0.4129,16.5773,16.6769,14.9910,0.0016,-1.0000
16.6659,1.0000,45.0843,1.5363,0.4806,16.7273,16.6573,15.2564,0.0012,-1.0000
16.6676,1.0000,45.1011,1.4184,0.5393,16.6467,16.6670,15.4244,0.0011,-1.0000
16.6662,1.0000,45.1177,2.3051,0.3887,16.6520,16.6528,15.2248,0.0011,-1.0000
16.6663,1.0000,45.1344,1.6841,0.4492,16.6833,16.6868,15.3018,0.0010,-1.0000
16.6696,1.0000,45.1512,1.3997,0.3932,16.6635,16.6468,15.3815,0.0009,-1.0000
16.6641,1.0000,45.1677,1.2415,0.4189,16.6741,16.6281,15.1802,0.0012,-1.0000
16.6672,1.0000,45.1844,1.4270,0.3731,16.6593,16.7689,15.3457,0.0011,-1.0000
16.6696,1.0000,45.2011,1.3838,0.3634,16.6926,16.5651,15.2431,0.0012,-1.0000
16.6655,1.0000,45.2178,1.2644,0.3663,16.6534,16.6695,15.1904,0.0014,-1.0000
16.6658,1.0000,45.2344,1.4467,0.3950,16.6338,16.6466,15.2071,0.0014,-1.0000
16.6665,1.0000,45.2510,1.4219,0.4692,16.7749,16.6154,15.2247,0.0012,-1.0000
16.6667,1.0000,45.2677,1.3209,0.3960,16.5726,16.6693,15.3107,0.0009,-1.0000
16.6673,1.0000,45.2843,1.4779,0.4588,16.6770,16.6551,15.3874,0.0009,-1.0000
16.6658,1.0000,45.3010,1.4385,0.3883,16.6560,16.6574,15.4025,0.0013,-1.0000
16.6700,1.0000,45.3177,1.3896,0.3549,16.6216,16.6680,15.4516,0.0009,-1.0000
16.6639,1.0000,45.3344,1.3577,0.4096,16.6756,16.6603,15.3880,0.0010,-1.0000
16.6671,1.0000,45.3510,1.2665,0.4324,16.6614,16.6862,15.2459,0.0013,-1.0000
16.6683,1.0000,45.3679,1.2534,0.3929,16.6629,16.6975,15.3751,0.0010,-1.0000
16.6646,1.0000,45.3843,1.2149,0.3948,16.6752,16.6366,15.0468,0.0010,-1.0000
16.6672,1.0000,45.4011,1.2712,0.3989,16.6678,16.6598,15.4678,0.0012,-1.0000
16.6660,1.0000,45.4177,1.4387,0.3941,16.6924,16.6721,15.2949,0.0012,-1.0000
16.6664,1.0000,45.4344,1.3212,0.4972,16.7045,16.6750,15.3879,0.0010,-1.0000
16.6675,1.0000,45.4510,1.5887,0.3968,16.6428,16.6346,15.3117,0.0011,-1.0000
16.6661,1.0000,45.4677,1.1907,0.5638,16.6652,16.6457,15.3643,0.0010,-1.0000
16.6670,1.0000,45.4844,1.3760,0.4346,16.6774,16.7190,15.4231,0.0010,-1.0000
16.6684,1.0000,45.5011,1.2860,0.4739,16.6803,16.5787,15.2647,0.0010,-1.0000
16.6659,1.0000,45.5177,1.3217,0.3921,16.6403,16.6596,15.2140,0.0011,-1.0000
16.6678,1.0000,45.5344,1.2804,0.3763,16.6512,16.6640,15.3907,0.0012,-1.0000
16.6654,1.0000,45.5510,1.2949,0.4529,16.7242,16.6541,15.2200,0.0011,-1.0000
16.6671,1.0000,45.5677,1.3127,0.5061,16.5853,16.6667,15.4691,0.0010,-1.0000
16.6676,1.0000,45.5843,1.4444,0.4308,16.6659,16.6629,15.2701,0.0010,-1.0000
16.6660,1.0000,45.6010,1.2717,0.4550,16.6719,16.6998,15.3953,0.0011,-1.0000
16.6670,1.0000,45.6177,1.4327,0.3222,16.6608,16.6157,15.3063,0.0013,-1.0000
16.6658,1.0000,45.6343,1.1965,0.4693,16.6734,16.6525,15.3368,0.0012,-1.0000
16.6669,1.0000,45.6510,1.3915,0.5237,16.6701,16.6653,15.4328,0.0009,-1.0000
16.6664,1.0000,45.6676,1.3034,0.4024,16.7065,16.6504,15.4515,0.0011,-1.0000
16.6681,1.0000,45.6843,1.3081,0.3878,16.6227,16.6710,15.5602,0.0008,-1.0000
16.6663,1.0000,45.7010,1.3145,0.3518,16.6587,16.6586,15.4826,0.0010,-1.0000
16.6661,1.0000,45.7177,1.2314,0.4108,16.6719,16.6580,15.3045,0.0010,-1.0000
16.6678,1.0000,45.7344,1.1979,0.3361,16.6556,16.6698,15.4135,0.0012,-1.0000
16.6671,1.0000,45.7510,1.1098,0.4849,16.6772,16.6548,15.3426,0.0013,-1.0000
16.6650,1.0000,45.7677,1.1753,0.3813,16.6667,16.6576,15.2684,0.0012,-1.0000
16.6677,1.0000,45.7842,1.3524,0.3569,16.6646,16.6591,15.4463,0.0012,-1.0000
16.6658,1.0000,45.8010,1.2551,0.3423,16.6770,16.6622,15.5146,0.0009,-1.0000
16.6679,1.0000,45.8177,1.3112,0.3663,16.6614,16.6660,15.4331,0.0010,-1.0000
16.6668,1.0000,45.8344,1.3880,0.3884,16.6640,16.6564,15.3550,0.0010,-1.0000
16.6665,1.0000,45.8510,1.2116,0.3645,16.6653,16.6575,15.3514,0.0011,-1.0000
16.6664,1.0000,45.8677,1.1466,0.3814,16.6681,16.6598,15.2150,0.0015,-1.0000
16.6668,1.0000,45.8843,1.2319,0.4124,16.6729,16.7074,15.3151,0.0014,-1.0000
16.6665,1.0000,45.9011,1.3001,0.3799,16.6626,16.6204,15.4096,0.0010,-1.0000
16.6668,1.0000,45.9177,1.3048,0.4354,16.6645,16.6533,15.2420,0.0010,-1.0000
16.6669,1.0000,45.9344,1.4431,0.4013,16.6658,16.6951,15.3190,0.0012,-1.0000
16.6676,1.0000,45.9510,1.3909,0.3775,16.7128,16.6253,15.3552,0.0011,-1.0000
16.6667,1.0000,45.9677,1.2100,0.3940,16.6286,16.6575,15.4025,0.0010,-1.0000
16.6667,1.0000,45.9845,1.4102,0.3526,16.6623,16.7157,15.4502,0.0010,-1.0000
16.6674,1.0000,46.0011,1.3749,0.4050,16.7012,16.6092,15.1433,0.0014,-1.0000
16.6662,1.0000,46.0177,1.2688,0.4007,16.6316,16.6585,15.2428,0.0012,-1.0000
16.6667,1.0000,46.0344,1.2539,0.3606,16.6633,16.6592,15.2592,0.0013,-1.0000
16.6663,1.0000,46.0510,1.2645,0.4830,16.7223,16.6962,15.2237,0.0012,-1.0000
16.6670,1.0000,46.0678,1.4644,0.4033,16.6160,16.6768,15.4092,0.0011,-1.0000
16.6665,1.0000,46.0843,1.4146,0.4768,16.6662,16.6536,15.1765,0.0013,-1.0000
16.6673,1.0000,46.1011,1.3987,0.4009,16.6669,16.6662,15.4278,0.0011,-1.0000
16.6661,1.0000,46.1177,1.4710,0.4132,16.7029,16.6782,15.2273,0.0010,-1.0000
16.6660,1.0000,46.1343,1.2665,0.4838,16.6834,16.6089,15.2884,0.0009,-1.0000
16.6689,1.0000,46.1512,1.4759,0.4271,16.6605,16.6853,15.4398,0.0010,-1.0000
16.6670,1.0000,46.1679,1.2372,0.4534,16.6726,16.7613,15.0809,0.0012,-1.0000
16.6648,1.0000,46.1843,1.4498,0.4481,16.6846,16.5450,15.1124,0.0010,-1.0000
16.6666,1.0000,46.2010,1.3196,0.3899,16.6137,16.6714,15.4776,0.0009,-1.0000
16.6670,1.0000,46.2177,1.2445,0.5098,16.6927,16.6879,15.3271,0.0011,-1.0000
16.6680,1.0000,46.2345,1.6790,0.4018,16.7686,16.6050,15.3493,0.0011,-1.0000
16.6669,1.0000,46.2511,1.4316,0.3925,16.5515,16.7052,15.2349,0.0011,-1.0000
16.6662,1.0000,46.2677,1.1930,0.3556,16.6776,16.6563,15.2219,0.0012,-1.0000
16.6660,1.0000,46.2843,1.3601,0.3684,16.6937,16.6268,15.2628,0.0011,-1.0000
16.6662,1.0000,46.3013,1.2543,0.4256,16.6113,16.6804,15.3309,0.0014,-1.0000
16.6685,1.0000,46.3178,1.4692,0.3954,16.7144,16.6790,15.0867,0.0012,-1.0000
16.6654,1.0000,46.3344,1.4332,0.4004,16.6635,16.6442,15.2149,0.0012,-1.0000
16.6671,1.0000,46.3511,1.3629,0.3644,16.6333,16.6621,15.2447,0.0012,-1.0000
16.6665,1.0000,46.3678,1.3481,0.5065,16.6855,16.6821,15.3319,0.0014,-1.0000
16.6665,1.0000,46.3843,1.5909,0.4229,16.6855,16.6164,15.2982,0.0014,-1.0000
16.6684,1.0000,46.4011,1.4279,0.4026,16.6516,16.6845,15.4259,0.0012,-1.0000
16.6662,1.0000,46.4179,1.4158,0.4609,16.6679,16.7676,15.1797,0.0014,-1.0000
16.6654,1.0000,46.4344,1.3487,0.4115,16.6884,16.5213,15.1411,0.0011,-1.0000
16.6672,1.0000,46.4511,1.3169,0.4288,16.6226,16.6697,15.3228,0.0014,-1.0000
16.6664,1.0000,46.4677,1.2573,0.4470,16.6929,16.6514,15.3218,0.0012,-1.0000
16.6669,1.0000,46.4843,1.5865,0.4500,16.7753,16.6422,15.3511,0.0009,-1.0000
16.6663,1.0000,46.5010,1.3791,0.5362,16.5273,16.6531,15.3720,0.0012,-1.0000
16.6671,1.0000,46.5177,1.3453,0.4043,16.6756,16.6674,15.3649,0.0012,-1.0000
16.6673,1.0000,46.5344,1.3284,0.3474,16.6566,16.6553,15.3610,0.0012,-1.0000
16.6693,1.0000,46.5510,1.2901,0.3757,16.6495,16.6561,15.3262,0.0010,-1.0000
16.6684,1.0000,46.5677,1.2798,0.3968,16.6608,16.6718,15.4732,0.0010,-1.0000
16.6672,1.0000,46.5843,1.3013,0.3850,16.6745,16.6936,15.2386,0.0009,-1.0000
16.6664,1.0000,46.6011,1.2930,0.3776,16.6619,16.6835,15.3542,0.0011,-1.0000
16.6664,1.0000,46.6177,1.3290,0.3545,16.6613,16.6436,15.3209,0.0011,-1.0000
16.6671,1.0000,46.6344,1.1974,0.4129,16.6792,16.6411,15.3455,0.0013,-1.0000
16.6663,1.0000,46.6511,1.4539,0.3818,16.7002,16.6939,15.3430,0.0010,-1.0000
16.6664,1.0000,46.6678,1.3283,0.3917,16.6902,16.6752,15.2767,0.0011,-1.0000
16.6684,1.0000,46.6843,1.3214,0.3769,16.6505,16.6159,15.3855,0.0011,-1.0000
16.6657,1.0000,46.7010,1.2943,0.3835,16.6470,16.6630,15.4839,0.0009,-1.0000
16.6676,1.0000,46.7181,1.3498,0.3827,16.7007,16.7112,15.4215,0.0009,-1.0000
16.6668,1.0000,46.7344,1.3974,0.3692,16.6811,16.5862,14.8640,0.0010,-1.0000
16.6663,1.0000,46.7510,1.2293,0.4134,16.6219,16.6528,15.3405,0.0012,-1.0000
16.6666,1.0000,46.7677,1.1783,0.3475,16.6688,16.6641,15.3444,0.0011,-1.0000
16.6679,1.0000,46.7842,1.2888,0.4455,16.7164,16.6583,15.3089,0.0014,-1.0000
16.6664,1.0000,46.8010,1.7215,0.4237,16.5927,16.6649,15.5105,0.0008,-1.0000
16.6690,1.0000,46.8178,1.3111,0.4382,16.6596,16.6756,15.3760,0.0010,-1.0000
16.6660,1.0000,46.8345,1.3184,0.5717,16.6712,16.6954,14.9591,0.0014,-1.0000
16.6689,1.0000,46.8512,1.3480,0.4057,16.6649,16.6152,14.9742,0.0015,-1.0000
16.6643,1.0000,46.8678,1.1537,0.4242,16.6711,16.6423,14.9278,0.0017,-1.0000
16.6664,1.0000,46.8844,1.2985,0.6141,16.6850,16.6620,14.8830,0.0012,-1.0000
16.6670,1.0000,46.9012,1.7347,0.4767,16.7050,16.6667,15.1881,0.0013,-1.0000
16.6660,1.0000,46.9178,1.6394,0.5176,16.6267,16.6438,15.0761,0.0013,-1.0000
16.6680,1.0000,46.9345,1.7126,0.4848,16.6532,16.6645,15.0347,0.0013,-1.0000
16.6695,1.0000,46.9512,1.7779,0.4321,16.6718,16.6705,14.9925,0.0013,-1.0000
16.6645,1.0000,46.9678,1.4768,0.4098,16.6755,16.6473,14.9956,0.0013,-1.0000
16.6671,1.0000,46.9843,1.5663,0.4008,16.6530,16.6595,14.8993,0.0012,-1.0000
16.6666,1.0000,47.0011,1.6286,0.5075,16.6718,16.6520,15.2507,0.0014,-1.0000
16.6655,1.0000,47.0177,1.6763,0.4542,16.6809,16.6469,15.0984,0.0013,-1.0000
16.6655,1.0000,47.0343,1.6504,0.5174,16.6570,16.6574,15.2254,0.0013,-1.0000
16.6672,1.0000,47.0510,1.7589,0.4058,16.6705,16.6575,15.4693,0.0010,-1.0000
16.6670,1.0000,47.0678,1.3999,0.4316,16.6618,16.6647,15.3921,0.0011,-1.0000
16.6667,1.0000,47.0846,1.5477,0.4542,16.6555,16.6596,15.1656,0.0013,-1.0000
16.6677,1.0000,47.1011,1.4307,0.3680,16.6632,16.6629,15.0407,0.0013,-1.0000
16.6664,1.0000,47.1178,1.1873,0.4224,16.6640,16.7064,15.0717,0.0011,-1.0000
16.6655,1.0000,47.1344,1.2715,0.3921,16.6720,16.6069,15.1815,0.0012,-1.0000
16.6674,1.0000,47.1511,1.4927,0.4551,16.6663,16.6623,15.3801,0.0012,-1.0000
16.6665,1.0000,47.1678,1.6213,0.5333,16.6707,16.7082,15.3335,0.0013,-1.0000
16.6668,1.0000,47.1843,1.6334,0.4169,16.7139,16.6161,15.1711,0.0013,-1.0000
16.6674,1.0000,47.2010,1.4242,0.4117,16.6131,16.6589,15.4853,0.0011,-1.0000
16.6656,1.0000,47.2177,1.2810,0.4159,16.6682,16.7068,15.3013,0.0011,-1.0000
16.6689,1.0000,47.2344,1.3733,0.4165,16.7147,16.6184,15.2965,0.0012,-1.0000
16.6639,1.0000,47.2510,1.4434,0.4256,16.6219,16.6459,15.2895,0.0009,-1.0000
16.6684,1.0000,47.2677,1.1726,0.4482,16.6661,16.6636,15.5044,0.0010,-1.0000
16.6664,1.0000,47.2843,1.4045,0.3940,16.7138,16.7084,15.3159,0.0009,-1.0000
16.6670,1.0000,47.3011,1.3207,0.3931,16.6269,16.6475,15.3869,0.0011,-1.0000
16.6649,1.0000,47.3177,1.3556,0.4029,16.6532,16.6603,15.3373,0.0009,-1.0000
16.6691,1.0000,47.3344,1.1582,0.4337,16.6701,16.6734,15.3206,0.0009,-1.0000
16.6653,1.0000,47.3511,1.3918,0.3768,16.7157,16.6857,15.3332,0.0011,-1.0000
16.6673,1.0000,47.3677,1.2594,0.3567,16.6535,16.6114,15.3284,0.0013,-1.0000
16.6665,1.0000,47.3843,1.3222,0.3728,16.6658,16.6638,15.3383,0.0010,-1.0000
16.6674,1.0000,47.4013,1.3520,0.4012,16.6793,16.7891,15.5422,0.0013,-1.0000
16.6661,1.0000,47.4177,1.3513,0.4056,16.6918,16.5463,15.1301,0.0010,-1.0000
16.6658,1.0000,47.4344,1.2816,0.3560,16.6174,16.6811,15.4337,0.0009,-1.0000
16.6674,1.0000,47.4511,1.3245,0.3454,16.6700,16.6649,15.4793,0.0010,-1.0000
16.6657,1.0000,47.4677,1.2458,0.3689,16.7968,16.5929,15.4303,0.0010,-1.0000
16.6672,1.0000,47.4843,1.4153,0.3282,16.5526,16.7109,15.5153,0.0009,-1.0000
16.6696,1.0000,47.5012,1.2466,0.4182,16.6865,16.6853,15.5767,0.0011,-1.0000
16.6667,1.0000,47.5178,1.1844,0.3400,16.6704,16.6194,15.0760,0.0017,-1.0000
16.6663,1.0000,47.5345,1.1618,0.3145,16.5982,16.6775,15.0656,0.0015,-1.0000
16.6674,1.0000,47.5511,1.1947,0.3259,16.7168,16.6689,15.1882,0.0017,-1.0000
16.6666,1.0000,47.5679,1.1075,0.4930,16.6925,16.6526,15.1843,0.0015,-1.0000
16.6660,1.0000,47.5844,1.5415,0.5056,16.6282,16.6669,14.5236,0.0017,-1.0000
16.6664,1.0000,47.6017,1.6103,0.3940,16.6866,16.6483,15.2677,0.0014,-1.0000
16.6650,1.0000,47.6177,1.4791,0.4077,16.6777,16.6243,14.2845,0.0018,-1.0000
16.6709,1.0000,47.6344,1.4667,0.5412,16.6617,16.6889,15.3719,0.0009,-1.0000
16.6648,1.0000,47.6512,2.1415,0.3764,16.6753,16.7663,15.3464,0.0012,-1.0000
16.6669,1.0000,47.6677,1.3792,0.5954,16.6558,16.5283,15.0372,0.0015,-1.0000
16.6652,1.0000,47.6843,2.3382,0.4236,16.6301,16.6684,15.2352,0.0014,-1.0000
16.6670,1.0000,47.7010,1.3157,0.5011,16.6956,16.6454,15.4899,0.0009,-1.0000
16.6655,1.0000,47.7176,1.4189,0.4970,16.7751,16.6354,15.4413,0.0009,-1.0000
16.6682,1.0000,47.7344,1.4896,0.4238,16.5356,16.6692,15.3903,0.0010,-1.0000
16.6673,1.0000,47.7511,1.4318,0.4404,16.6744,16.6575,15.3178,0.0009,-1.0000
16.6664,1.0000,47.7677,1.1543,0.4404,16.6511,16.6555,15.3164,0.0013,-1.0000
16.6668,1.0000,47.7843,1.1931,0.4593,16.6412,16.6604,15.3623,0.0012,-1.0000
16.6668,1.0000,47.8010,1.2778,0.3782,16.6747,16.6613,15.4862,0.0010,-1.0000
16.6680,1.0000,47.8177,1.3387,0.3783,16.6643,16.6923,15.3802,0.0013,-1.0000
16.6668,1.0000,47.8345,1.3379,0.4193,16.6640,16.7033,15.1292,0.0013,-1.0000
16.6638,1.0000,47.8510,1.2970,0.3489,16.6673,16.6151,15.2793,0.0012,-1.0000
16.6682,1.0000,47.8677,1.1742,0.3517,16.6683,16.6691,15.5313,0.0011,-1.0000
16.6660,1.0000,47.8843,1.3109,0.4006,16.6996,16.6658,15.4711,0.0009,-1.0000
16.6666,1.0000,47.9011,1.5725,0.3644,16.7105,16.7095,15.5644,0.0009,-1.0000
16.6682,1.0000,47.9177,1.3347,0.3503,16.6209,16.6037,15.3469,0.0012,-1.0000
16.6659,1.0000,47.9343,1.1364,0.3483,16.6740,16.6420,15.4269,0.0008,-1.0000
16.6667,1.0000,47.9511,1.1937,0.3383,16.6712,16.7122,15.4871,0.0010,-1.0000
16.6668,1.0000,47.9677,1.1445,0.3314,16.7155,16.6001,15.3982,0.0010,-1.0000
16.6693,1.0000,47.9843,1.2557,0.3412,16.6101,16.6598,15.4772,0.0010,-1.0000
16.6657,1.0000,48.0011,1.2142,0.4556,16.6494,16.6543,15.1188,0.0017,-1.0000
16.6671,1.0000,48.0177,1.2238,0.3502,16.7181,16.6645,15.0561,0.0015,-1.0000
16.6655,1.0000,48.0343,1.2009,0.3439,16.6071,16.6454,15.2398,0.0012,-1.0000
16.6653,1.0000,48.0510,1.1815,0.4647,16.6693,16.6541,15.4061,0.0010,-1.0000
16.6664,1.0000,48.0677,1.5341,0.3948,16.6640,16.7102,15.4495,0.0007,-1.0000
16.6681,1.0000,48.0843,1.6068,0.4337,16.6738,16.6118,15.4261,0.0015,-1.0000
16.6674,1.0000,48.1010,1.4043,0.3547,16.6547,16.6618,15.5349,0.0012,-1.0000
16.6655,1.0000,48.1176,1.2471,0.3804,16.6615,16.6581,15.4153,0.0009,-1.0000
16.6669,1.0000,48.1343,1.2599,0.3357,16.7154,16.6580,15.5116,0.0011,-1.0000
16.6687,1.0000,48.1511,1.1843,0.3528,16.6186,16.6746,15.4795,0.0010,-1.0000
16.6670,1.0000,48.1677,1.1258,0.3699,16.6689,16.6565,15.2840,0.0012,-1.0000
16.6667,1.0000,48.1843,1.2419,0.3358,16.6644,16.6609,15.2563,0.0014,-1.0000
16.6666,1.0000,48.2010,1.1457,0.3630,16.6645,16.6516,15.2368,0.0012,-1.0000
16.6645,1.0000,48.2177,1.1936,0.3894,16.6829,16.6469,15.3800,0.0012,-1.0000
16.6676,1.0000,48.2344,1.3710,0.4021,16.6643,16.6738,15.5182,0.0009,-1.0000
16.6670,1.0000,48.2511,1.4031,0.4662,16.6700,16.6654,15.3539,0.0013,-1.0000
16.6665,1.0000,48.2677,1.4139,0.3572,16.6594,16.6453,15.3628,0.0010,-1.0000
16.6687,1.0000,48.2844,1.2657,0.3399,16.6543,16.6677,15.4732,0.0011,-1.0000
16.6660,1.0000,48.3011,1.1548,0.3541,16.6811,16.6644,15.2169,0.0011,-1.0000
16.6667,1.0000,48.3177,1.3102,0.3800,16.6723,16.6544,15.2138,0.0012,-1.0000
16.6664,1.0000,48.3344,1.2813,0.3752,16.6529,16.6606,15.1650,0.0015,-1.0000
16.6662,1.0000,48.3511,1.1928,0.4644,16.6751,16.6981,15.3620,0.0011,-1.0000
16.6661,1.0000,48.3676,1.4468,0.4488,16.6731,16.6113,15.2919,0.0015,-1.0000
16.6668,1.0000,48.3842,1.4394,0.4321,16.6621,16.6580,15.5224,0.0012,-1.0000
16.6668,1.0000,48.4011,1.4939,0.3747,16.6689,16.7058,15.5941,0.0007,-1.0000
16.6673,1.0000,48.4177,1.3352,0.4594,16.7048,16.6191,15.3188,0.0011,-1.0000
16.6656,1.0000,48.4343,1.3178,0.3696,16.6179,16.6516,15.3607,0.0011,-1.0000
16.6677,1.0000,48.4511,1.1343,0.3502,16.6638,16.7157,15.4714,0.0013,-1.0000
16.6673,1.0000,48.4677,1.1108,0.3707,16.7104,16.6147,15.2318,0.0010,-1.0000
16.6664,1.0000,48.4843,1.2990,0.3818,16.6264,16.6592,15.3469,0.0011,-1.0000
16.6658,1.0000,48.5010,1.2897,0.3718,16.6585,16.6510,15.2922,0.0018,-1.0000
16.6659,1.0000,48.5176,1.2426,0.3768,16.7231,16.6989,15.3787,0.0015,-1.0000
16.6679,1.0000,48.5343,1.3818,0.3617,16.6218,16.6653,15.5641,0.0009,-1.0000
16.6656,1.0000,48.5510,1.3113,0.3650,16.6677,16.6516,15.4991,0.0009,-1.0000
16.6695,1.0000,48.5678,1.3572,0.3401,16.6589,16.7026,15.5805,0.0011,-1.0000
16.6667,1.0000,48.5843,1.3188,0.3130,16.7040,16.6472,15.2834,0.0009,-1.0000
16.6658,1.0000,48.6010,1.1002,0.3503,16.6707,16.6269,15.2367,0.0013,-1.0000
16.6676,1.0000,48.6177,1.1516,0.3416,16.6564,16.6679,15.4543,0.0011,-1.0000
16.6677,1.0000,48.6345,1.1209,0.3652,16.7091,16.7671,15.3647,0.0012,-1.0000
16.6669,1.0000,48.6511,1.3627,0.3691,16.6557,16.5787,15.1847,0.0011,-1.0000
16.6665,1.0000,48.6678,1.3891,0.4547,16.6336,16.6759,15.1380,0.0012,-1.0000
16.6655,1.0000,48.6843,1.2123,0.3556,16.6744,16.6604,15.1877,0.0011,-1.0000
16.6673,1.0000,48.7011,1.4010,0.3770,16.7753,16.5848,15.4194,0.0011,-1.0000
16.6652,1.0000,48.7177,1.3928,0.4361,16.5876,16.7122,15.3093,0.0014,-1.0000
16.6683,1.0000,48.7345,1.5365,0.4017,16.6851,16.7093,15.3814,0.0011,-1.0000
16.6674,1.0000,48.7511,1.4714,0.3765,16.6679,16.6007,15.1223,0.0013,-1.0000
16.6656,1.0000,48.7677,1.1644,0.3969,16.5918,16.6486,15.1938,0.0014,-1.0000
16.6673,1.0000,48.7843,1.4016,0.3774,16.7189,16.6771,15.2731,0.0016,-1.0000
16.6652,1.0000,48.8011,1.3267,0.4539,16.7184,16.6463,15.3966,0.0012,-1.0000
16.6684,1.0000,48.8179,1.4773,0.3979,16.6096,16.7554,15.3656,0.0012,-1.0000
16.6665,1.0000,48.8344,1.4533,0.4768,16.6569,16.5577,15.0569,0.0014,-1.0000
16.6672,1.0000,48.8511,1.4023,0.3783,16.6841,16.6543,15.2165,0.0011,-1.0000
16.6661,1.0000,48.8678,1.2485,0.3818,16.6527,16.7635,15.1685,0.0012,-1.0000
16.6669,1.0000,48.8843,1.3887,0.4344,16.7632,16.5470,15.0662,0.0011,-1.0000
16.6661,1.0000,48.9011,1.4996,0.3907,16.5661,16.6758,15.3830,0.0011,-1.0000
16.6685,1.0000,48.9177,1.4365,0.4809,16.6623,16.6380,15.2520,0.0018,-1.0000
16.6651,1.0000,48.9343,1.5936,0.4418,16.7709,16.6333,15.2773,0.0012,-1.0000
16.6673,1.0000,48.9510,1.4796,0.3924,16.5541,16.6631,15.4323,0.0012,-1.0000
16.6676,1.0000,48.9677,1.2916,0.3772,16.6833,16.6647,15.3830,0.0012,-1.0000
16.6669,1.0000,48.9843,1.3841,0.3922,16.6454,16.6594,15.2321,0.0013,-1.0000
16.6660,1.0000,49.0011,1.3548,0.4200,16.6399,16.6573,15.2713,0.0012,-1.0000
16.6661,1.0000,49.0178,1.2295,0.3775,16.6699,16.6534,15.2697,0.0013,-1.0000
16.6651,1.0000,49.0343,1.2806,0.3947,16.6732,16.6828,15.2088,0.0010,-1.0000
16.6672,1.0000,49.0510,1.4258,0.4466,16.6673,16.6768,15.4701,0.0011,-1.0000
16.6671,1.0000,49.0681,1.3847,0.3976,16.6649,16.6699,15.4293,0.0011,-1.0000
16.6689,1.0000,49.0844,1.3822,0.5150,16.6604,16.6501,14.7811,0.0011,-1.0000
16.6659,1.0000,49.1011,1.4727,0.3689,16.6893,16.6802,15.2155,0.0011,-1.0000
16.6657,1.0000,49.1177,1.2055,0.3943,16.6820,16.6654,15.1750,0.0012,-1.0000
16.6673,1.0000,49.1344,1.2396,0.4358,16.6769,16.6310,15.2883,0.0010,-1.0000
16.6682,1.0000,49.1512,1.8678,0.4267,16.6590,16.6750,15.4217,0.0009,-1.0000
16.6654,1.0000,49.1678,1.4634,0.4651,16.6887,16.7003,14.9576,0.0015,-1.0000
16.6676,1.0000,49.1843,1.4891,0.3878,16.6729,16.5714,15.1721,0.0014,-1.0000
16.6668,1.0000,49.2010,1.3417,0.3822,16.6377,16.6551,15.3723,0.0011,-1.0000
16.6651,1.0000,49.2176,1.2524,0.5000,16.6829,16.6502,15.2741,0.0015,-1.0000
16.6687,1.0000,49.2345,1.7412,0.4428,16.7087,16.7332,15.3335,0.0011,-1.0000
16.6662,1.0000,49.2511,1.3978,0.5101,16.5797,16.5994,15.1047,0.0014,-1.0000
16.6644,1.0000,49.2677,1.2815,0.4053,16.6626,16.6417,15.2580,0.0010,-1.0000
16.6683,1.0000,49.2843,1.3743,0.4096,16.6571,16.7173,15.5031,0.0007,-1.0000
16.6667,1.0000,49.3010,1.3984,0.4669,16.7412,16.6106,15.3408,0.0012,-1.0000
16.6664,1.0000,49.3177,1.4933,0.3889,16.6071,16.6632,15.4142,0.0009,-1.0000
16.6665,1.0000,49.3343,1.3825,0.4460,16.6475,16.6605,15.2731,0.0011,-1.0000
16.6653,1.0000,49.3510,1.2133,0.4258,16.7241,16.6499,15.4739,0.0009,-1.0000
16.6680,1.0000,49.3677,1.2685,0.3706,16.6169,16.6663,15.5046,0.0007,-1.0000
16.6659,1.0000,49.3842,1.2481,0.4635,16.6701,16.6586,15.5028,0.0009,-1.0000
16.6683,1.0000,49.4011,1.3862,0.4038,16.6672,16.6718,15.5846,0.0008,-1.0000
16.6665,1.0000,49.4177,1.1750,0.3718,16.6558,16.6511,15.1765,0.0014,-1.0000
16.6665,1.0000,49.4344,1.1608,0.3938,16.6728,16.6632,15.3850,0.0010,-1.0000
16.6682,1.0000,49.4510,1.1549,0.3799,16.6648,16.6626,15.4957,0.0012,-1.0000
16.6665,1.0000,49.4677,1.0865,0.3943,16.6787,16.6596,15.3359,0.0012,-1.0000
16.6664,1.0000,49.4843,1.4730,0.4337,16.6583,16.6557,15.3195,0.0012,-1.0000
16.6651,1.0000,49.5010,1.2771,0.4922,16.6695,16.6536,15.3959,0.0008,-1.0000
16.6669,1.0000,49.5177,1.1656,0.4091,16.6711,16.6616,15.3737,0.0013,-1.0000
16.6686,1.0000,49.5343,1.3222,0.4255,16.6670,16.6706,15.5077,0.0008,-1.0000
16.6649,1.0000,49.5509,1.3349,0.4166,16.6623,16.6496,15.3827,0.0012,-1.0000
16.6679,1.0000,49.5678,1.2568,0.3804,16.6589,16.7243,15.5820,0.0009,-1.0000
16.6665,1.0000,49.5843,1.2865,0.3535,16.6664,16.6017,15.2126,0.0012,-1.0000
16.6659,1.0000,49.6010,1.1620,0.3915,16.6773,16.6579,15.4355,0.0009,-1.0000
16.6687,1.0000,49.6178,1.2656,0.3711,16.6550,16.7126,15.4628,0.0010,-1.0000
16.6658,1.0000,49.6343,1.1417,0.4066,16.7311,16.6037,15.1856,0.0009,-1.0000
16.6661,1.0000,49.6510,1.3879,0.4097,16.6103,16.6602,15.5268,0.0011,-1.0000
16.6662,1.0000,49.6677,1.2215,0.3580,16.6649,16.7074,15.3901,0.0009,-1.0000
16.6679,1.0000,49.6843,1.2488,0.3873,16.7204,16.6140,15.4002,0.0011,-1.0000
16.6665,1.0000,49.7010,1.4169,0.3979,16.6123,16.6610,15.0673,0.0008,-1.0000
16.6651,1.0000,49.7176,1.1326,0.3546,16.6675,16.6558,15.4521,0.0009,-1.0000
16.6687,1.0000,49.7344,1.3165,0.4039,16.7128,16.7134,15.5868,0.0008,-1.0000
16.6662,1.0000,49.7511,1.2127,0.4452,16.6193,16.6581,15.3374,0.0012,-1.0000
16.6665,1.0000,49.7677,1.5927,0.3811,16.6660,16.6527,15.1304,0.0010,-1.0000
16.6668,1.0000,49.7843,1.2030,0.3802,16.6609,16.6690,15.5276,0.0009,-1.0000
16.6665,1.0000,49.8011,1.1259,0.4038,16.7205,16.6802,15.5202,0.0009,-1.0000
16.6694,1.0000,49.8178,1.3196,0.4034,16.6646,16.6706,15.3292,0.0010,-1.0000
16.6666,1.0000,49.8344,1.5214,0.3558,16.6584,16.6311,15.2168,0.0012,-1.0000
16.6651,1.0000,49.8512,1.1405,0.3586,16.6745,16.7441,15.1253,0.0012,-1.0000
16.6676,1.0000,49.8677,1.1592,0.3865,16.6863,16.5750,15.1810,0.0013,-1.0000
16.6668,1.0000,49.8843,1.3402,0.4525,16.6781,16.6497,15.3509,0.0013,-1.0000
16.6674,1.0000,49.9011,1.4130,0.4868,16.6395,16.6974,15.2883,0.0011,-1.0000
16.6646,1.0000,49.9177,1.6176,0.5305,16.7518,16.5789,15.2018,0.0011,-1.0000
16.6658,1.0000,49.9343,1.3925,0.3916,16.5829,16.7024,15.4622,0.0009,-1.0000
16.6678,1.0000,49.9510,1.2973,0.4819,16.6579,16.6674,15.5869,0.0009,-1.0000
16.6666,1.0000,49.9677,1.4077,0.3849,16.7053,16.6633,15.3940,0.0010,-1.0000
16.6679,1.0000,49.9844,1.3759,0.3479,16.5847,16.7126,15.4162,0.0006,-1.0000
16.6662,1.0000,50.0011,1.2393,0.3660,16.7070,16.6086,15.3804,0.0011,-1.0000
16.6660,1.0000,50.0177,1.0797,0.4061,16.6733,16.6499,15.3776,0.0008,-1.0000
16.6685,1.0000,50.0345,1.2681,0.4246,16.6690,16.6917,15.5042,0.0010,-1.0000
16.6660,1.0000,50.0511,1.2958,0.3697,16.7189,16.6796,15.2388,0.0013,-1.0000
16.6673,1.0000,50.0678,1.2270,0.3842,16.6149,16.6130,15.2369,0.0011,-1.0000
16.6668,1.0000,50.0844,1.2714,0.4384,16.6561,16.6993,15.1010,0.0013,-1.0000
16.6648,1.0000,50.1012,1.1862,0.3757,16.7000,16.6982,15.2279,0.0014,-1.0000
16.6672,1.0000,50.1177,1.4395,0.4206,16.6868,16.5557,15.1662,0.0014,-1.0000
16.6663,1.0000,50.1343,1.3750,0.3912,16.6214,16.6674,15.4365,0.0009,-1.0000
16.6671,1.0000,50.1510,1.5967,0.3950,16.7081,16.6659,15.5381,0.0009,-1.0000
16.6667,1.0000,50.1677,1.4689,0.4343,16.7049,16.6300,15.3818,0.0009,-1.0000
16.6689,1.0000,50.1843,1.3880,0.3529,16.5612,16.6764,15.4594,0.0012,-1.0000
16.6655,1.0000,50.2010,1.2299,0.3629,16.6728,16.6487,15.3516,0.0018,-1.0000
16.6674,1.0000,50.2177,1.1268,0.3857,16.6711,16.6598,15.4779,0.0010,-1.0000
16.6658,1.0000,50.2343,1.2470,0.3594,16.6350,16.6554,15.2862,0.0012,-1.0000
16.6684,1.0000,50.2511,1.2156,0.5484,16.6832,16.6705,15.3462,0.0012,-1.0000
16.6654,1.0000,50.2678,1.2956,0.3808,16.6558,16.6859,15.2440,0.0013,-1.0000
16.6681,1.0000,50.2845,1.1806,0.4166,16.6676,16.6968,15.1505,0.0014,-1.0000
16.6645,1.0000,50.3010,1.3683,0.3885,16.6619,16.6228,15.0554,0.0012,-1.0000
16.6658,1.0000,50.3177,1.3229,0.4388,16.6774,16.6623,15.4496,0.0010,-1.0000
16.6671,1.0000,50.3344,1.4406,0.4618,16.6935,16.6622,15.4415,0.0010,-1.0000
16.6684,1.0000,50.3511,1.5445,0.4265,16.7054,16.7108,15.4241,0.0008,-1.0000
16.6673,1.0000,50.3678,1.5661,0.3481,16.6294,16.6033,15.2456,0.0012,-1.0000
16.6672,1.0000,50.3843,1.2118,0.3478,16.6690,16.6525,15.2293,0.0012,-1.0000
16.6672,1.0000,50.4012,1.2197,0.3368,16.6679,16.7198,15.3011,0.0013,-1.0000
16.6640,1.0000,50.4177,1.2858,0.3918,16.7179,16.5652,15.1699,0.0014,-1.0000
16.6672,1.0000,50.4343,1.3564,0.4171,16.6110,16.6622,15.3875,0.0009,-1.0000
16.6669,1.0000,50.4510,1.4220,0.3788,16.6610,16.6623,15.4290,0.0010,-1.0000
16.6674,1.0000,50.4677,1.4176,0.3634,16.7282,16.6677,15.4293,0.0010,-1.0000
16.6664,1.0000,50.4843,1.3941,0.4105,16.5722,16.6647,15.3481,0.0013,-1.0000
16.6675,1.0000,50.5010,1.2735,0.3627,16.6685,16.6504,15.2877,0.0012,-1.0000
16.6654,1.0000,50.5177,1.2323,0.3830,16.6681,16.7034,15.3657,0.0010,-1.0000
16.6676,1.0000,50.5344,1.2374,0.3682,16.6747,16.6153,15.3864,0.0009,-1.0000
16.6678,1.0000,50.5510,1.3153,0.3601,16.6728,16.6740,15.3008,0.0006,-1.0000
16.6658,1.0000,50.5677,1.3615,0.3358,16.6579,16.6444,15.3585,0.0012,-1.0000
16.6664,1.0000,50.5843,1.3367,0.3493,16.7093,16.6541,15.3784,0.0012,-1.0000
16.6653,1.0000,50.6011,1.2279,0.3343,16.6226,16.6575,15.5015,0.0009,-1.0000
16.6681,1.0000,50.6177,1.3725,0.3779,16.6822,16.6668,15.3643,0.0008,-1.0000
16.6682,1.0000,50.6345,1.2848,0.3337,16.6519,16.6740,15.3811,0.0010,-1.0000
16.6643,1.0000,50.6510,1.2747,0.3652,16.6614,16.6403,15.2219,0.0014,-1.0000
16.6674,1.0000,50.6677,1.1552,0.4255,16.6633,16.6653,15.4174,0.0010,-1.0000
16.6668,1.0000,50.6842,1.3016,0.3636,16.6737,16.6545,15.2902,0.0010,-1.0000
16.6660,1.0000,50.7010,1.2916,0.3877,16.6828,16.6609,15.5591,0.0008,-1.0000
16.6683,1.0000,50.7177,1.4172,0.3945,16.6487,16.6652,15.5305,0.0009,-1.0000
16.6663,1.0000,50.7344,1.2468,0.4246,16.6719,16.6606,15.3352,0.0009,-1.0000
16.6658,1.0000,50.7510,1.3631,0.3574,16.6605,16.6517,15.3826,0.0011,-1.0000
16.6663,1.0000,50.7676,1.1009,0.3512,16.6665,16.6644,15.3838,0.0010,-1.0000
16.6679,1.0000,50.7843,1.1340,0.3962,16.6712,16.6626,15.5596,0.0013,-1.0000
16.6675,1.0000,50.8011,1.3243,0.3641,16.6674,16.7178,15.5413,0.0009,-1.0000
16.6698,1.0000,50.8177,1.2677,0.3593,16.6584,16.6083,15.1126,0.0012,-1.0000
16.6641,1.0000,50.8344,1.2798,0.3461,16.6697,16.6583,15.2324,0.0013,-1.0000
16.6666,1.0000,50.8511,1.1014,0.3305,16.6681,16.7111,15.1205,0.0017,-1.0000
16.6661,1.0000,50.8676,1.1755,0.4087,16.7253,16.6001,15.2631,0.0009,-1.0000
16.6662,1.0000,50.8843,1.4945,0.3698,16.6161,16.6703,15.4115,0.0008,-1.0000
16.6683,1.0000,50.9011,1.4244,0.3818,16.6668,16.7045,15.2538,0.0012,-1.0000
16.6641,1.0000,50.9176,1.5888,0.4275,16.7189,16.5998,15.2099,0.0014,-1.0000
16.6679,1.0000,50.9343,1.3358,0.3166,16.6065,16.6671,15.5866,0.0010,-1.0000
16.6668,1.0000,50.9510,1.2582,0.4051,16.6775,16.6581,15.5688,0.0010,-1.0000
16.6672,1.0000,50.9677,1.4496,0.3697,16.7116,16.7172,15.5579,0.0008,-1.0000
16.6682,1.0000,50.9843,1.3885,0.3455,16.6059,16.6664,15.2976,0.0011,-1.0000
16.6662,1.0000,51.0011,1.0794,0.3431,16.6721,16.6905,15.3738,0.0011,-1.0000
16.6666,1.0000,51.0178,1.0883,0.3161,16.6635,16.6303,15.2178,0.0011,-1.0000
16.6674,1.0000,51.0345,1.1582,0.3702,16.7240,16.6874,15.3051,0.0012,-1.0000
16.6671,1.0000,51.0511,1.3676,0.3805,16.6735,16.5986,15.1429,0.0012,-1.0000
16.6695,1.0000,51.0677,1.3153,0.3578,16.6976,16.6591,15.2420,0.0011,-1.0000
16.6676,1.0000,51.0844,1.4112,0.4351,16.6374,16.7643,15.3359,0.0009,-1.0000
16.6670,1.0000,51.1011,1.3811,0.4732,16.6950,16.5789,15.3356,0.0010,-1.0000
16.6664,1.0000,51.1177,1.4544,0.3588,16.6070,16.6608,15.4111,0.0008,-1.0000
16.6650,1.0000,51.1344,1.4159,0.3236,16.6652,16.6780,15.3861,0.0015,-1.0000
16.6684,1.0000,51.1510,1.4275,0.3677,16.7701,16.5982,15.4627,0.0010,-1.0000
16.6664,1.0000,51.1678,1.2422,0.3521,16.5857,16.7306,15.3522,0.0012,-1.0000
16.6665,1.0000,51.1843,1.2489,0.3379,16.6680,16.6360,15.3475,0.0010,-1.0000
16.6688,1.0000,51.2010,1.2907,0.3236,16.6838,16.6397,15.5414,0.0012,-1.0000
16.6651,1.0000,51.2178,1.1346,0.3892,16.6046,16.7248,15.4382,0.0010,-1.0000
16.6668,1.0000,51.2344,1.3773,0.3215,16.7372,16.6314,15.3152,0.0014,-1.0000
16.6663,1.0000,51.2510,1.2875,0.3532,16.6420,16.6504,15.3251,0.0009,-1.0000
16.6663,1.0000,51.2677,1.0969,0.3371,16.6458,16.6522,15.4969,0.0010,-1.0000
16.6679,1.0000,51.2843,1.2856,0.4585,16.7302,16.6879,15.5342,0.0009,-1.0000
16.6668,1.0000,51.3010,1.3149,0.4154,16.6370,16.6361,15.5271,0.0010,-1.0000
16.6689,1.0000,51.3178,1.3242,0.3373,16.6557,16.6748,15.4528,0.0009,-1.0000
16.6646,1.0000,51.3345,1.1542,0.3421,16.6571,16.7332,14.9942,0.0016,-1.0000
16.6666,1.0000,51.3510,1.1529,0.3741,16.6927,16.5570,15.1471,0.0013,-1.0000
16.6674,1.0000,51.3678,1.1081,0.3705,16.6418,16.6677,15.4777,0.0011,-1.0000
16.6649,1.0000,51.3842,1.2210,0.5628,16.6825,16.6456,15.3223,0.0013,-1.0000
16.6674,1.0000,51.4011,1.7377,0.4232,16.7414,16.6418,15.6206,0.0012,-1.0000
16.6655,1.0000,51.4176,1.4088,0.3778,16.5631,16.6563,15.4248,0.0013,-1.0000
16.6692,1.0000,51.4344,1.1889,0.3915,16.6738,16.6736,15.6065,0.0010,-1.0000
16.6664,1.0000,51.4510,1.3222,0.3976,16.6506,16.6555,15.2394,0.0010,-1.0000
16.6660,1.0000,51.4677,1.0200,0.3265,16.6467,16.6584,15.3340,0.0010,-1.0000
16.6660,1.0000,51.4844,1.2302,0.3218,16.6615,16.6551,15.3128,0.0011,-1.0000
16.6671,1.0000,51.5010,1.0664,0.4502,16.6806,16.6870,15.3758,0.0012,-1.0000
16.6667,1.0000,51.5177,1.4148,0.3565,16.6621,16.6850,15.4223,0.0013,-1.0000
16.6679,1.0000,51.5344,1.3234,0.3470,16.6646,16.6682,15.4666,0.0011,-1.0000
16.6665,1.0000,51.5511,1.3414,0.4645,16.6602,16.6584,15.2944,0.0012,-1.0000
16.6739,1.0000,51.5678,1.3100,0.3993,16.6914,16.6707,15.2869,0.0011,-1.0000
16.6686,1.0000,51.5844,1.2614,0.3713,16.6894,16.6963,15.1865,0.0010,-1.0000
16.6655,1.0000,51.6011,1.2005,0.4941,16.6742,16.6080,15.1919,0.0013,-1.0000
16.6650,1.0000,51.6176,1.3629,0.4034,16.6648,16.6410,15.3344,0.0011,-1.0000
16.6669,1.0000,51.6343,1.3826,0.4199,16.6762,16.7084,15.6246,0.0010,-1.0000
16.6680,1.0000,51.6511,1.5086,0.5055,16.7040,16.5987,15.6185,0.0008,-1.0000
16.6686,1.0000,51.6678,1.4147,0.5225,16.6151,16.6705,15.3757,0.0011,-1.0000
16.6657,1.0000,51.6843,1.3056,0.3209,16.6469,16.6524,15.3026,0.0012,-1.0000
16.6670,1.0000,51.7010,1.0831,0.3986,16.7123,16.6627,15.5115,0.0011,-1.0000
16.6654,1.0000,51.7176,0.9795,0.3859,16.6037,16.6528,15.4302,0.0010,-1.0000
16.6665,1.0000,51.7343,1.2936,0.3761,16.6777,16.6657,15.5917,0.0008,-1.0000
16.6675,1.0000,51.7511,1.3483,0.4014,16.6588,16.7159,15.4593,0.0009,-1.0000
16.6661,1.0000,51.7676,1.1497,0.3945,16.6692,16.6050,15.3955,0.0011,-1.0000
16.6674,1.0000,51.7843,1.2215,0.3291,16.6582,16.6631,15.6212,0.0011,-1.0000
16.6660,1.0000,51.8010,1.0730,0.3342,16.6704,16.6624,15.5743,0.0008,-1.0000
16.6665,1.0000,51.8177,1.2557,0.3571,16.7214,16.6607,15.5286,0.0009,-1.0000
16.6672,1.0000,51.8343,1.2084,0.3718,16.6107,16.6601,15.5419,0.0009,-1.0000
16.6675,1.0000,51.8511,1.0408,0.3606,16.6687,16.6696,15.5564,0.0010,-1.0000
16.6670,1.0000,51.8677,1.0873,0.3474,16.6679,16.6548,15.4900,0.0011,-1.0000
16.6654,1.0000,51.8843,1.1312,0.3810,16.6650,16.6590,15.4795,0.0009,-1.0000
16.6680,1.0000,51.9010,1.1174,0.3569,16.6659,16.6661,15.5926,0.0010,-1.0000
16.6666,1.0000,51.9177,1.1120,0.3713,16.6750,16.6621,15.4047,0.0010,-1.0000
16.6657,1.0000,51.9343,1.1635,0.3882,16.6606,16.6532,15.4009,0.0011,-1.0000
16.6676,1.0000,51.9511,1.1787,0.3404,16.6648,16.6650,15.6178,0.0009,-1.0000
16.6678,1.0000,51.9677,1.0725,0.3713,16.6712,16.6695,15.4595,0.0009,-1.0000
16.6659,1.0000,51.9843,1.2566,0.3360,16.6674,16.6582,15.4745,0.0011,-1.0000
16.6664,1.0000,52.0010,1.2511,0.3686,16.6581,16.6559,15.4843,0.0010,-1.0000
16.6674,1.0000,52.0177,1.0462,0.4334,16.6698,16.6701,15.4719,0.0010,-1.0000
16.6662,1.0000,52.0344,1.2093,0.3770,16.6754,16.6968,15.4516,0.0010,-1.0000
16.6661,1.0000,52.0510,1.1825,0.3885,16.6645,16.6114,15.3299,0.0008,-1.0000
16.6664,1.0000,52.0677,1.1709,0.4093,16.6610,16.6663,15.5919,0.0010,-1.0000
16.6686,1.0000,52.0844,1.1972,0.3994,16.6759,16.7187,15.4975,0.0010,-1.0000
16.6659,1.0000,52.1010,1.2443,0.3884,16.7040,16.6085,15.1788,0.0011,-1.0000
16.6665,1.0000,52.1177,1.2805,0.3449,16.6172,16.6553,15.4035,0.0011,-1.0000
16.6663,1.0000,52.1344,1.0733,0.3988,16.6713,16.6984,15.4699,0.0009,-1.0000
16.6689,1.0000,52.1511,1.2204,0.5180,16.7243,16.6322,15.4647,0.0011,-1.0000
16.6656,1.0000,52.1677,1.4285,0.4726,16.6163,16.6512,15.3613,0.0011,-1.0000
16.6665,1.0000,52.1843,1.2507,0.3830,16.6617,16.6630,15.4124,0.0010,-1.0000
16.6669,1.0000,52.2011,1.2279,0.3340,16.7037,16.6972,15.5414,0.0011,-1.0000
16.6670,1.0000,52.2177,1.1662,0.4064,16.6396,16.6702,15.4220,0.0011,-1.0000
16.6685,1.0000,52.2345,1.2887,0.3279,16.6570,16.6855,15.3424,0.0010,-1.0000
16.6667,1.0000,52.2511,1.2498,0.3380,16.6690,16.6418,15.0324,0.0014,-1.0000
16.6647,1.0000,52.2678,1.1544,0.3771,16.7027,16.6979,15.2783,0.0010,-1.0000
16.6665,1.0000,52.2843,1.2469,0.3817,16.6762,16.5992,15.3170,0.0011,-1.0000
16.6661,1.0000,52.3010,1.3423,0.4230,16.6938,16.6546,15.4836,0.0010,-1.0000
16.6674,1.0000,52.3179,1.6080,0.3987,16.6503,16.7695,15.5333,0.0009,-1.0000
16.6670,1.0000,52.3344,1.4184,0.4186,16.7046,16.5637,15.2376,0.0013,-1.0000
16.6665,1.0000,52.3511,1.2812,0.3456,16.6054,16.6713,15.4040,0.0011,-1.0000
16.6673,1.0000,52.3677,1.1699,0.3180,16.6593,16.6767,15.4482,0.0011,-1.0000
16.6659,1.0000,52.3843,1.2352,0.3492,16.7756,16.5993,15.4332,0.0008,-1.0000
16.6675,1.0000,52.4011,1.3248,0.3361,16.5705,16.7093,15.6275,0.0007,-1.0000
16.6660,1.0000,52.4177,1.2660,0.3203,16.6772,16.6580,15.4164,0.0010,-1.0000
16.6669,1.0000,52.4344,1.2272,0.3327,16.6823,16.6334,15.4088,0.0010,-1.0000
16.6667,1.0000,52.4510,1.1654,0.3346,16.6047,16.6911,15.5381,0.0009,-1.0000
16.6668,1.0000,52.4677,1.0809,0.3392,16.7148,16.6656,15.5020,0.0008,-1.0000
16.6686,1.0000,52.4844,1.2407,0.3562,16.6630,16.6648,15.5060,0.0009,-1.0000
16.6662,1.0000,52.5012,1.2237,0.3619,16.6388,16.6848,15.3534,0.0009,-1.0000
16.6652,1.0000,52.5177,1.1520,0.3251,16.6957,16.6627,15.3310,0.0013,-1.0000
16.6676,1.0000,52.5344,1.1628,0.3234,16.6707,16.6079,15.5180,0.0009,-1.0000
16.6656,1.0000,52.5510,1.1576,0.3535,16.6710,16.6530,15.4498,0.0010,-1.0000
16.6678,1.0000,52.5678,1.3299,0.3246,16.6911,16.7955,15.5590,0.0009,-1.0000
16.6676,1.0000,52.5845,1.3302,0.3072,16.6678,16.5354,15.2857,0.0012,-1.0000
16.6645,1.0000,52.6011,1.0889,0.3233,16.6135,16.6492,15.2630,0.0010,-1.0000
16.6676,1.0000,52.6177,1.2022,0.3167,16.6579,16.6626,15.5148,0.0009,-1.0000
16.6672,1.0000,52.6343,1.2356,0.3472,16.8014,16.6344,15.4925,0.0009,-1.0000
16.6688,1.0000,52.6511,1.2486,0.4592,16.5427,16.6858,15.5346,0.0012,-1.0000
16.6656,1.0000,52.6677,1.3854,0.3402,16.6554,16.6414,15.2158,0.0013,-1.0000
16.6658,1.0000,52.6842,1.1470,0.4048,16.6679,16.6514,15.3568,0.0009,-1.0000
16.6668,1.0000,52.7010,1.1410,0.3492,16.6400,16.6624,15.5725,0.0008,-1.0000
16.6666,1.0000,52.7177,1.1502,0.4425,16.6941,16.6610,15.5328,0.0009,-1.0000
16.6671,1.0000,52.7344,1.4243,0.3710,16.6487,16.6994,15.5226,0.0009,-1.0000
16.6671,1.0000,52.7511,1.2936,0.3561,16.6577,16.6845,15.2919,0.0009,-1.0000
16.6665,1.0000,52.7678,1.0891,0.3627,16.6677,16.6508,15.4405,0.0009,-1.0000
16.6664,1.0000,52.7843,1.1273,0.3641,16.6662,16.6500,15.4513,0.0012,-1.0000
16.6683,1.0000,52.8011,1.1760,0.3627,16.7048,16.6721,15.5613,0.0010,-1.0000
16.6639,1.0000,52.8178,1.3916,0.3483,16.6901,16.6721,15.3488,0.0010,-1.0000
16.6677,1.0000,52.8344,1.2090,0.3121,16.6571,16.6518,15.4264,0.0011,-1.0000
16.6662,1.0000,52.8510,1.1974,0.3326,16.6555,16.6327,15.4631,0.0010,-1.0000
16.6680,1.0000,52.8677,1.1097,0.3441,16.6785,16.7151,15.5975,0.0009,-1.0000
16.6651,1.0000,52.8842,1.3222,0.3269,16.6780,16.5791,15.4517,0.0010,-1.0000
16.6679,1.0000,52.9011,1.2241,0.3109,16.6572,16.6812,15.6969,0.0011,-1.0000
16.6668,1.0000,52.9177,1.1687,0.3053,16.6375,16.6443,15.3912,0.0007,-1.0000
16.6663,1.0000,52.9344,1.1168,0.3253,16.7211,16.6630,15.4318,0.0011,-1.0000
16.6671,1.0000,52.9510,1.1263,0.3715,16.5847,16.6590,15.5860,0.0009,-1.0000
16.6671,1.0000,52.9677,0.9831,0.3377,16.6871,16.6648,15.5960,0.0009,-1.0000
16.6673,1.0000,52.9844,1.2523,0.3275,16.6506,16.7247,15.5008,0.0010,-1.0000
16.6669,1.0000,53.0011,1.2301,0.3493,16.6687,16.5973,15.3479,0.0011,-1.0000
16.6649,1.0000,53.0177,1.0721,0.3356,16.6643,16.6541,15.4063,0.0016,-1.0000
16.6671,1.0000,53.0343,1.0680,0.3352,16.6704,16.6633,15.5786,0.0008,-1.0000
16.6661,1.0000,53.0510,1.2229,0.3576,16.7314,16.6616,15.5128,0.0010,-1.0000
16.6675,1.0000,53.0677,1.2482,0.3378,16.6038,16.6647,15.6268,0.0009,-1.0000
16.6688,1.0000,53.0843,1.2461,0.3454,16.6602,16.6741,15.3143,0.0011,-1.0000
16.6653,1.0000,53.1010,1.0840,0.3265,16.6686,16.6484,15.4669,0.0016,-1.0000
16.6668,1.0000,53.1178,1.1479,0.3146,16.6669,16.6660,15.5061,0.0009,-1.0000
16.6667,1.0000,53.1344,1.0371,0.3585,16.6695,16.6605,15.3087,0.0008,-1.0000
16.6654,1.0000,53.1510,1.3588,0.4053,16.6810,16.6494,15.4789,0.0009,-1.0000
16.6672,1.0000,53.1677,1.1796,0.3320,16.6555,16.6608,15.4939,0.0012,-1.0000
16.6663,1.0000,53.1842,1.1588,0.3777,16.6721,16.6569,15.3994,0.0011,-1.0000
16.6675,1.0000,53.2011,1.3509,0.3316,16.6684,16.6673,15.6400,0.0011,-1.0000
16.6668,1.0000,53.2177,1.1696,0.3971,16.6557,16.6582,15.4408,0.0008,-1.0000
16.6663,1.0000,53.2344,1.1655,0.3564,16.6673,16.6632,15.5411,0.0008,-1.0000
16.6685,1.0000,53.2511,1.2566,0.3313,16.6623,16.6671,15.2395,0.0012,-1.0000
16.6657,1.0000,53.2678,1.0262,0.4841,16.6723,16.7010,15.3205,0.0013,-1.0000
16.6677,1.0000,53.2843,1.2167,0.3649,16.6642,16.6156,15.4235,0.0009,-1.0000
16.6651,1.0000,53.3010,1.1211,0.4348,16.6698,16.6581,15.4787,0.0009,-1.0000
16.6673,1.0000,53.3178,1.4263,0.3785,16.6733,16.7223,15.4951,0.0011,-1.0000
16.6667,1.0000,53.3344,1.3791,0.4698,16.7064,16.5991,15.1950,0.0009,-1.0000
16.6670,1.0000,53.3510,1.1910,0.3738,16.6214,16.6598,15.5124,0.0010,-1.0000
16.6664,1.0000,53.3677,1.1785,0.3844,16.6638,16.7062,15.5419,0.0010,-1.0000
16.6669,1.0000,53.3843,1.2262,0.3751,16.7276,16.6171,15.4523,0.0009,-1.0000
16.7124,1.0000,53.4011,1.4030,0.3769,16.6047,16.7129,15.6735,0.0009,-1.0000
16.6662,1.0000,53.4178,1.1464,0.3422,16.6645,16.6598,15.3527,0.0014,-1.0000
16.6661,1.0000,53.4344,1.1634,0.3750,16.7115,16.6907,15.4716,0.0010,-1.0000
16.6681,1.0000,53.4511,1.1638,0.3701,16.6219,16.6719,15.5276,0.0009,-1.0000
16.6659,1.0000,53.4677,1.0385,0.3562,16.7182,16.6505,15.4256,0.0010,-1.0000
16.6673,1.0000,53.4844,1.3056,0.3742,16.6670,16.6854,15.4629,0.0009,-1.0000
16.6676,1.0000,53.5012,1.2180,0.3763,16.6957,16.6847,15.5489,0.0008,-1.0000
16.6649,1.0000,53.5177,1.1432,0.3448,16.6770,16.6005,15.3419,0.0021,-1.0000
16.6671,1.0000,53.5344,1.2241,0.3303,16.6555,16.6743,15.5830,0.0009,-1.0000
16.6659,1.0000,53.5511,1.2216,0.3407,16.6905,16.7418,15.4787,0.0009,-1.0000
16.6694,1.0000,53.5678,1.1350,0.3359,16.6911,16.5942,15.4826,0.0008,-1.0000
16.6664,1.0000,53.5844,1.2566,0.3146,16.6057,16.6853,15.2277,0.0014,-1.0000
16.6660,1.0000,53.6011,1.0903,0.3656,16.6795,16.6577,15.2996,0.0011,-1.0000
16.6660,1.0000,53.6177,1.2621,0.3207,16.7459,16.5931,15.4283,0.0011,-1.0000
16.6669,1.0000,53.6345,1.1105,0.3618,16.6005,16.7378,15.4897,0.0010,-1.0000
16.6662,1.0000,53.6511,1.4561,0.3561,16.6926,16.6285,15.4879,0.0012,-1.0000
16.6667,1.0000,53.6678,1.3571,0.3522,16.6642,16.6449,15.4131,0.0012,-1.0000
16.6673,1.0000,53.6843,1.1639,0.3413,16.5978,16.6738,15.5050,0.0010,-1.0000
16.6670,1.0000,53.7011,1.2471,0.3283,16.7432,16.6614,15.6528,0.0010,-1.0000
16.6661,1.0000,53.7177,1.1394,0.3498,16.6344,16.6535,15.4573,0.0010,-1.0000
16.6671,1.0000,53.7345,1.2309,0.3270,16.6502,16.7113,15.5974,0.0011,-1.0000
16.6677,1.0000,53.7512,1.1677,0.3267,16.6788,16.6597,15.3589,0.0012,-1.0000
16.6666,1.0000,53.7678,1.0075,0.3647,16.6663,16.6208,15.3578,0.0009,-1.0000
16.6664,1.0000,53.7845,1.1951,0.3298,16.6577,16.6717,15.4940,0.0009,-1.0000
16.6662,1.0000,53.8012,1.1128,0.3697,16.7167,16.7346,15.3872,0.0008,-1.0000
16.6671,1.0000,53.8178,1.2996,0.4239,16.6668,16.5603,15.3600,0.0010,-1.0000
16.6669,1.0000,53.8345,1.2621,0.3365,16.6271,16.6803,15.4071,0.0008,-1.0000
16.6662,1.0000,53.8511,1.1769,0.3868,16.6774,16.6427,15.4215,0.0011,-1.0000
16.6672,1.0000,53.8677,1.3464,0.3593,16.7392,16.6434,15.5856,0.0010,-1.0000
16.6670,1.0000,53.8843,1.1990,0.3520,16.5651,16.6622,15.4893,0.0010,-1.0000
16.6839,1.0000,53.9011,1.2719,0.3343,16.6851,16.6763,15.6778,0.0008,-1.0000
16.6665,1.0000,53.9178,1.2200,0.3799,16.6478,16.6661,15.3454,0.0009,-1.0000
16.6674,1.0000,53.9344,1.0568,0.3395,16.6480,16.6525,15.4737,0.0010,-1.0000
16.6657,1.0000,53.9511,1.1717,0.3403,16.6679,16.6628,15.5778,0.0009,-1.0000
16.6670,1.0000,53.9678,0.9975,0.3991,16.6821,16.6917,15.4912,0.0010,-1.0000
16.6664,1.0000,53.9844,1.3196,0.3589,16.6723,16.7031,15.4235,0.0012,-1.0000
16.6671,1.0000,54.0016,1.1780,0.3291,16.6586,16.6302,15.4834,0.0010,-1.0000
16.6665,1.0000,54.0178,1.0841,0.3707,16.6680,16.6626,15.0093,0.0011,-1.0000
16.6674,1.0000,54.0345,1.1994,0.3299,16.6968,16.6674,15.4848,0.0009,-1.0000
16.6658,1.0000,54.0511,1.2790,0.3941,16.7097,16.6763,15.4254,0.0009,-1.0000
16.6679,1.0000,54.0679,1.1459,0.3248,16.6356,16.6423,15.5119,0.0010,-1.0000
16.6658,1.0000,54.0847,1.6521,0.3397,16.6683,16.6538,15.2673,0.0013,-1.0000
16.6664,1.0000,54.1012,1.1818,0.3937,16.6729,16.7027,14.6539,0.0009,-1.0000
16.6672,1.0000,54.1177,1.2498,0.3224,16.6813,16.5795,15.3640,0.0009,-1.0000
16.6664,1.0000,54.1344,1.1295,0.3532,16.6489,16.6621,15.5131,0.0008,-1.0000
16.6676,1.0000,54.1511,1.3852,0.5086,16.6594,16.6660,15.5562,0.0009,-1.0000
16.6658,1.0000,54.1678,2.0480,0.4021,16.7079,16.6561,15.3740,0.0013,-1.0000
16.6676,1.0000,54.1843,1.2147,0.4043,16.5844,16.6623,14.9050,0.0009,-1.0000
16.6663,1.0000,54.2011,1.1480,0.3655,16.6676,16.6601,15.5123,0.0011,-1.0000
16.6661,1.0000,54.2178,1.1093,0.4351,16.6725,16.7014,15.5073,0.0009,-1.0000
16.6667,1.0000,54.2345,1.2814,0.3531,16.6620,16.6199,15.4197,0.0010,-1.0000
16.6676,1.0000,54.2515,1.7565,0.4714,16.6676,16.6626,15.3487,0.0009,-1.0000
16.6667,1.0000,54.2677,1.1467,0.4594,16.6659,16.6626,14.9761,0.0011,-1.0000
16.6667,1.0000,54.2843,1.1934,0.3847,16.7065,16.6599,15.4317,0.0009,-1.0000
16.6660,1.0000,54.3010,1.1991,0.3642,16.6253,16.6626,15.5770,0.0009,-1.0000
16.6677,1.0000,54.3178,1.3126,0.3951,16.6684,16.6677,15.5825,0.0009,-1.0000
16.6664,1.0000,54.3344,1.6854,0.4298,16.6682,16.6577,15.4007,0.0009,-1.0000
16.6679,1.0000,54.3511,1.2275,0.3392,16.6645,16.6656,15.5318,0.0010,-1.0000
16.6664,1.0000,54.3677,1.0847,0.3607,16.6670,16.6597,15.5472,0.0008,-1.0000
16.6673,1.0000,54.3843,1.0844,0.3385,16.6724,16.6631,15.4536,0.0009,-1.0000
16.6660,1.0000,54.4011,1.2561,0.3505,16.6630,16.6621,15.5299,0.0010,-1.0000
16.6669,1.0000,54.4177,1.1325,0.3414,16.6712,16.6546,15.3905,0.0010,-1.0000
16.6711,1.0000,54.4346,1.1117,0.3382,16.6654,16.6920,15.3310,0.0007,-1.0000
16.6645,1.0000,54.4511,1.2082,0.3503,16.6693,16.6382,14.9721,0.0012,-1.0000
16.6635,1.0000,54.4678,1.1314,0.3440,16.6683,16.6402,15.2830,0.0011,-1.0000
16.6686,1.0000,54.4847,1.2630,0.3477,16.6597,16.6768,15.3921,0.0010,-1.0000
16.6671,1.0000,54.5012,1.3601,0.5093,16.7013,16.6981,14.4190,0.0012,-1.0000
16.6652,1.0000,54.5178,1.6648,0.3969,16.6477,16.6109,15.0249,0.0012,-1.0000
16.6677,1.0000,54.5345,1.3561,0.3970,16.6460,16.6665,15.3191,0.0010,-1.0000
16.6678,1.0000,54.5512,1.2832,0.5449,16.6824,16.7121,15.3319,0.0012,-1.0000
16.6658,1.0000,54.5678,2.2779,0.4788,16.7055,16.6054,15.3633,0.0012,-1.0000
16.6679,1.0000,54.5844,1.5848,0.3927,16.6166,16.6696,15.2255,0.0014,-1.0000
16.6651,1.0000,54.6012,1.3464,0.3883,16.6728,16.6917,15.3611,0.0009,-1.0000
16.6674,1.0000,54.6178,1.3790,0.3948,16.7196,16.6278,15.3556,0.0012,-1.0000
16.6676,1.0000,54.6346,1.2407,0.4018,16.6114,16.6585,15.1625,0.0016,-1.0000
16.6670,1.0000,54.6512,1.4424,0.4444,16.6767,16.6650,15.1057,0.0016,-1.0000
16.6672,1.0000,54.6680,1.3299,0.4286,16.6984,16.6954,15.1407,0.0011,-1.0000
16.6668,1.0000,54.6845,1.2711,0.4292,16.6350,16.6728,15.0368,0.0018,-1.0000
16.6668,1.0000,54.7012,1.4946,0.4222,16.6662,16.6424,15.1071,0.0012,-1.0000
16.6669,1.0000,54.7179,1.5576,0.4767,16.6726,16.6755,15.1246,0.0013,-1.0000
16.6668,1.0000,54.7347,1.5535,0.4749,16.7036,16.7016,15.1041,0.0014,-1.0000
16.6667,1.0000,54.7512,1.6343,0.5006,16.6818,16.5815,14.9689,0.0012,-1.0000
16.6669,1.0000,54.7679,1.5341,0.4375,16.6511,16.6688,15.2149,0.0011,-1.0000
16.6677,1.0000,54.7846,1.5492,0.4234,16.6859,16.7609,15.0837,0.0013,-1.0000
16.6659,1.0000,54.8014,1.5958,0.4056,16.7122,16.5970,15.0143,0.0017,-1.0000
16.6669,1.0000,54.8179,1.6112,0.4295,16.5906,16.6363,14.8321,0.0015,-1.0000
16.6652,1.0000,54.8346,1.4528,0.4802,16.6773,16.6764,15.0185,0.0013,-1.0000
16.6679,1.0000,54.8512,1.6756,0.5140,16.7714,16.5865,15.1752,0.0008,-1.0000
16.6661,1.0000,54.8679,1.5810,0.4832,16.6081,16.7110,15.1588,0.0013,-1.0000
16.6655,1.0000,54.8844,1.8025,0.4318,16.6461,16.6267,15.2292,0.0012,-1.0000
16.6673,1.0000,54.9012,1.6568,0.4115,16.6838,16.6606,15.4224,0.0010,-1.0000
16.6658,1.0000,54.9178,1.4105,0.4656,16.5947,16.6651,15.2876,0.0010,-1.0000
16.6666,1.0000,54.9345,1.5507,0.4559,16.7189,16.6599,15.3127,0.0010,-1.0000
16.6674,1.0000,54.9511,1.3963,0.3784,16.6341,16.6553,15.4582,0.0011,-1.0000
16.6661,1.0000,54.9678,1.2371,0.3988,16.6672,16.6755,15.3122,0.0011,-1.0000
16.6665,1.0000,54.9845,1.3764,0.3498,16.6712,16.6986,15.3340,0.0013,-1.0000
16.6685,1.0000,55.0012,1.3462,0.4412,16.6647,16.6016,15.2272,0.0010,-1.0000
16.6656,1.0000,55.0178,1.1960,0.3869,16.6606,16.6811,15.2768,0.0009,-1.0000
16.6675,1.0000,55.0353,1.3620,0.4597,16.6809,16.7724,15.2785,0.0013,-1.0000
16.6659,1.0000,55.0512,1.3634,0.4239,16.7052,16.5300,9.7731,0.0019,-1.0000
16.6693,1.0000,55.0679,1.3734,0.3729,16.6084,16.6864,15.2382,0.0010,-1.0000
16.6650,1.0000,55.0844,1.4033,0.4114,16.6876,16.6304,15.0310,0.0014,-1.0000
16.6659,1.0000,55.1011,1.4924,1.3033,16.7789,16.6209,15.0856,0.0011,-1.0000
16.6692,1.0000,55.1182,6.7553,0.5007,16.5373,16.6781,15.1961,0.0016,-1.0000
16.6676,1.0000,55.1346,1.4472,0.4090,16.6953,16.6612,14.6590,0.0014,-1.0000
16.6663,1.0000,55.1513,1.5977,0.5486,16.6380,16.6600,15.0656,0.0015,-1.0000
16.6680,1.0000,55.1680,1.5343,0.4800,16.6277,16.6470,14.9238,0.0015,-1.0000
16.6638,1.0000,55.1845,1.4804,0.7233,16.6866,16.6645,15.0000,0.0017,-1.0000
16.6668,1.0000,55.2012,2.0010,0.5529,16.6722,16.6700,15.2561,0.0013,-1.0000
16.6642,1.0000,55.2178,1.5927,0.4951,16.6715,16.6675,15.2972,0.0011,-1.0000
16.6685,1.0000,55.2345,1.7215,0.4864,16.6567,16.6777,15.3449,0.0011,-1.0000
16.6666,1.0000,55.2512,1.6628,0.4722,16.6730,16.6478,15.3022,0.0012,-1.0000
16.6674,1.0000,55.2679,1.4125,0.4115,16.6781,16.6730,15.3307,0.0009,-1.0000
16.6663,1.0000,55.2845,1.3693,0.3711,16.6738,16.6762,15.2749,0.0009,-1.0000
16.6680,1.0000,55.3012,1.3313,0.4884,16.6841,16.6287,15.2162,0.0010,-1.0000
16.6648,1.0000,55.3178,1.3444,0.3761,16.6548,16.6435,15.3478,0.0012,-1.0000
16.6673,1.0000,55.3346,1.3413,0.3990,16.6793,16.7168,15.4066,0.0014,-1.0000
16.6667,1.0000,55.3511,1.4002,0.4650,16.6842,16.5771,15.3407,0.0011,-1.0000
16.6669,1.0000,55.3678,1.4113,0.3523,16.6358,16.6648,15.4667,0.0009,-1.0000
16.6651,1.0000,55.3843,1.2947,0.3318,16.6501,16.6489,15.4178,0.0009,-1.0000
16.6676,1.0000,55.4012,1.3087,0.3938,16.7224,16.6826,15.5797,0.0009,-1.0000
16.6669,1.0000,55.4178,1.2351,0.3268,16.5827,16.6494,15.4271,0.0009,-1.0000
16.6677,1.0000,55.4345,1.1970,0.3534,16.6709,16.6633,15.2784,0.0009,-1.0000
16.6661,1.0000,55.4512,1.2301,0.3371,16.6548,16.7019,15.3408,0.0012,-1.0000
16.6665,1.0000,55.4678,1.1019,0.3222,16.6883,16.6075,15.2991,0.0011,-1.0000
16.6668,1.0000,55.4843,1.2211,0.3541,16.6553,16.6706,15.5451,0.0013,-1.0000
16.6677,1.0000,55.5012,1.3836,0.4133,16.6706,16.6620,15.4132,0.0011,-1.0000
16.6649,1.0000,55.5178,1.3598,0.3644,16.7093,16.6501,15.3950,0.0011,-1.0000
16.6690,1.0000,55.5345,1.3072,0.3193,16.6134,16.6674,15.4926,0.0010,-1.0000
16.6643,1.0000,55.5510,1.1242,0.3979,16.6758,16.6517,15.4120,0.0010,-1.0000
16.6672,1.0000,55.5678,1.2473,0.3447,16.6686,16.6831,15.5650,0.0008,-1.0000
16.6691,1.0000,55.5844,1.2540,0.3192,16.6568,16.6526,15.3882,0.0013,-1.0000
16.6647,1.0000,55.6011,1.1738,0.3956,16.6743,16.6485,15.4972,0.0009,-1.0000
16.6667,1.0000,55.6177,1.2389,0.3150,16.6573,16.6631,15.5973,0.0009,-1.0000
16.6665,1.0000,55.6344,1.1170,0.3468,16.6891,16.6580,15.5149,0.0009,-1.0000
16.6684,1.0000,55.6511,1.2627,0.4070,16.6595,16.6716,15.6281,0.0008,-1.0000
16.6661,1.0000,55.6678,1.1504,0.3174,16.6545,16.6571,15.3749,0.0011,-1.0000
16.6659,1.0000,55.6843,1.0647,0.3619,16.6683,16.6579,15.5481,0.0011,-1.0000
16.6678,1.0000,55.7014,1.1423,0.3134,16.6631,16.6626,15.6207,0.0012,-1.0000
16.6663,1.0000,55.7178,1.0426,0.3870,16.6779,16.6613,14.7488,0.0009,-1.0000
16.6660,1.0000,55.7345,1.2812,0.3336,16.6625,16.7208,15.5074,0.0008,-1.0000
16.6675,1.0000,55.7511,1.1087,0.3767,16.6644,16.5965,15.3379,0.0009,-1.0000
16.6658,1.0000,55.7677,1.0406,0.4307,16.6686,16.6635,15.3533,0.0009,-1.0000
16.6678,1.0000,55.7844,1.9115,0.3515,16.6665,16.7089,15.5715,0.0008,-1.0000
16.6666,1.0000,55.8011,1.2126,0.4303,16.7262,16.6154,15.5013,0.0009,-1.0000
16.6673,1.0000,55.8178,1.2576,0.3974,16.6017,16.6696,15.5314,0.0010,-1.0000
16.6661,1.0000,55.8345,1.3091,0.3771,16.6688,16.7076,15.4319,0.0009,-1.0000
16.6656,1.0000,55.8511,1.1365,0.3681,16.7141,16.6029,15.3720,0.0012,-1.0000
16.6676,1.0000,55.8677,1.1129,0.3709,16.6207,16.6642,15.5385,0.0009,-1.0000
16.6670,1.0000,55.8844,1.1372,0.3680,16.6758,16.6627,15.4976,0.0009,-1.0000
16.6672,1.0000,55.9012,1.2749,0.3775,16.7133,16.7085,15.4616,0.0011,-1.0000
16.6655,1.0000,55.9178,1.2294,0.3871,16.6078,16.6479,15.4406,0.0009,-1.0000
16.6665,1.0000,55.9344,1.1247,0.4132,16.6694,16.6533,15.4903,0.0010,-1.0000
16.6670,1.0000,55.9511,1.1641,0.3325,16.6691,16.6795,15.5810,0.0009,-1.0000
16.6675,1.0000,55.9678,1.2455,0.3354,16.7142,16.6886,15.5108,0.0008,-1.0000
16.6673,1.0000,55.9845,1.2064,0.3515,16.6532,16.6436,15.4476,0.0012,-1.0000
16.6661,1.0000,56.0011,1.1620,0.3266,16.6582,16.6354,15.4138,0.0010,-1.0000
16.6666,1.0000,56.0179,1.0975,0.3181,16.6845,16.7536,15.4084,0.0007,-1.0000
16.6676,1.0000,56.0345,1.1771,0.3599,16.6943,16.5798,15.3255,0.0010,-1.0000
16.6648,1.0000,56.0511,1.1947,0.3446,16.6501,16.6594,15.4654,0.0007,-1.0000
16.6684,1.0000,56.0679,1.2207,0.3702,16.6414,16.7095,15.5681,0.0010,-1.0000
16.6661,1.0000,56.0844,1.3445,0.3285,16.7596,16.5761,15.2210,0.0013,-1.0000
16.6675,1.0000,56.1012,1.2532,0.3314,16.5859,16.7214,15.5309,0.0010,-1.0000
16.6660,1.0000,56.1178,1.1931,0.3116,16.6641,16.6365,15.3728,0.0011,-1.0000
16.6672,1.0000,56.1345,1.1404,0.3284,16.7153,16.6594,15.3823,0.0008,-1.0000
16.6662,1.0000,56.1511,1.3539,0.3521,16.5817,16.6730,15.5157,0.0008,-1.0000
16.6668,1.0000,56.1678,1.1896,0.3465,16.7278,16.6587,15.4110,0.0010,-1.0000
16.6669,1.0000,56.1844,1.2627,0.3445,16.6436,16.6452,15.4400,0.0009,-1.0000
16.6672,1.0000,56.2011,1.2761,0.3257,16.6649,16.6697,15.5662,0.0007,-1.0000
16.6652,1.0000,56.2178,1.1564,0.3580,16.6789,16.6817,15.4540,0.0009,-1.0000
16.6678,1.0000,56.2345,1.2468,0.3529,16.6653,16.6678,15.5430,0.0009,-1.0000
16.6670,1.0000,56.2511,1.2043,0.3587,16.6506,16.6201,15.3503,0.0009,-1.0000
16.6662,1.0000,56.2679,1.1023,0.3351,16.6751,16.7808,15.4683,0.0009,-1.0000
16.6685,1.0000,56.2844,1.2266,0.3586,16.6869,16.5417,15.3485,0.0009,-1.0000
16.6647,1.0000,56.3011,1.1238,0.3379,16.6736,16.6554,15.5114,0.0009,-1.0000
16.6667,1.0000,56.3178,1.2689,0.3425,16.6259,16.6557,15.5721,0.0011,-1.0000
16.6669,1.0000,56.3345,1.3119,0.3587,16.7860,16.6474,15.5400,0.0011,-1.0000
16.6664,1.0000,56.3510,1.1921,0.3591,16.5482,16.6524,15.5247,0.0010,-1.0000
16.6684,1.0000,56.3678,1.1432,0.3525,16.6606,16.6674,15.6336,0.0009,-1.0000
16.6655,1.0000,56.3843,1.0826,0.3218,16.6611,16.6548,15.5171,0.0009,-1.0000
16.7219,1.0000,56.4012,1.1063,0.3450,16.6526,16.7208,15.7137,0.0008,-1.0000
16.6673,1.0000,56.4178,1.1267,0.3407,16.6579,16.6641,15.4015,0.0010,-1.0000
16.6724,1.0000,56.4351,1.0327,0.3468,16.6732,16.6917,15.4474,0.0010,-1.0000
16.6593,1.0000,56.4512,1.1369,0.3265,16.6603,16.6820,14.4823,0.0013,-1.0000
16.6679,1.0000,56.4678,1.0064,0.3964,16.7260,16.6441,15.3958,0.0009,-1.0000
16.6664,1.0000,56.4845,1.2615,0.3608,16.6701,16.6594,15.5181,0.0010,-1.0000
16.6667,1.0000,56.5012,1.2427,0.5566,16.6980,16.6776,15.5157,0.0009,-1.0000
16.6674,1.0000,56.5179,2.1985,0.3824,16.6884,16.6896,15.3550,0.0010,-1.0000
16.6665,1.0000,56.5345,1.2474,0.3665,16.6495,16.6084,15.4246,0.0011,-1.0000
16.6663,1.0000,56.5512,1.1402,0.3830,16.6651,16.6596,15.4382,0.0010,-1.0000
16.6673,1.0000,56.5679,1.1609,0.3682,16.6834,16.7265,15.5156,0.0009,-1.0000
16.6663,1.0000,56.5844,1.3335,0.3521,16.6953,16.5678,15.3186,0.0017,-1.0000
16.6684,1.0000,56.6012,1.1826,0.4128,16.6142,16.6687,15.5411,0.0010,-1.0000
16.6656,1.0000,56.6178,1.2203,0.3520,16.6643,16.6475,15.3986,0.0007,-1.0000
16.6665,1.0000,56.6345,1.2100,0.4588,16.7313,16.6751,15.5633,0.0009,-1.0000
16.6675,1.0000,56.6512,1.2474,0.3969,16.5736,16.6583,15.4431,0.0013,-1.0000
16.6660,1.0000,56.6679,1.1263,0.4128,16.6746,16.6577,15.4140,0.0011,-1.0000
16.6674,1.0000,56.6845,1.2478,0.3265,16.6543,16.7102,15.4662,0.0014,-1.0000
16.6669,1.0000,56.7011,1.1111,0.3408,16.6803,16.6073,15.5515,0.0010,-1.0000
16.6655,1.0000,56.7178,1.2137,0.3369,16.6638,16.6575,15.4793,0.0010,-1.0000
16.6669,1.0000,56.7344,1.2427,0.3329,16.6646,16.6679,15.5587,0.0008,-1.0000
16.6686,1.0000,56.7512,1.2425,0.3417,16.7152,16.6664,15.6017,0.0008,-1.0000
16.6651,1.0000,56.7678,1.0548,0.3312,16.6126,16.6541,15.5048,0.0010,-1.0000
16.6679,1.0000,56.7844,1.1773,0.3149,16.6626,16.6644,15.6201,0.0009,-1.0000
16.6665,1.0000,56.8012,1.1083,0.3106,16.6726,16.6659,15.6301,0.0007,-1.0000
16.6661,1.0000,56.8178,1.0638,0.3399,16.6722,16.6547,15.4945,0.0011,-1.0000
16.6671,1.0000,56.8345,1.1481,0.3748,16.6596,16.6677,15.6040,0.0008,-1.0000
16.6662,1.0000,56.8511,1.0433,0.3173,16.6698,16.6552,15.5373,0.0008,-1.0000
16.6665,1.0000,56.8678,1.0348,0.3079,16.6707,16.6638,15.6753,0.0012,-1.0000
16.6667,1.0000,56.8844,1.1590,0.3098,16.6602,16.6611,15.5689,0.0009,-1.0000
16.6664,1.0000,56.9011,1.0628,0.3475,16.6727,16.6590,15.5881,0.0009,-1.0000
16.6681,1.0000,56.9179,1.1171,0.3174,16.6604,16.6731,15.5852,0.0009,-1.0000
16.6653,1.0000,56.9344,0.9873,0.3526,16.6682,16.6472,15.4490,0.0009,-1.0000
16.6673,1.0000,56.9511,1.0911,0.3259,16.6667,16.6650,15.6621,0.0009,-1.0000
16.6670,1.0000,56.9678,1.0697,0.3173,16.6647,16.7028,15.5571,0.0009,-1.0000
16.6674,1.0000,56.9844,1.0870,0.3149,16.6786,16.6301,15.4588,0.0010,-1.0000
16.6661,1.0000,57.0011,1.1971,0.3174,16.6535,16.6504,15.4826,0.0009,-1.0000
16.6666,1.0000,57.0178,1.0021,0.3752,16.6698,16.7087,15.4937,0.0008,-1.0000
16.6671,1.0000,57.0345,1.1449,0.3473,16.7093,16.6141,15.4827,0.0010,-1.0000
16.6658,1.0000,57.0511,1.1701,0.3337,16.6353,16.6586,15.5424,0.0009,-1.0000
16.6674,1.0000,57.0684,1.1669,0.3396,16.6560,16.7195,15.6456,0.0009,-1.0000
16.6665,1.0000,57.0844,1.2139,0.3445,16.7149,16.6090,14.7366,0.0013,-1.0000
16.6685,1.0000,57.1012,1.1301,0.3327,16.6194,16.6722,15.4248,0.0009,-1.0000
16.6653,1.0000,57.1178,1.1152,0.3099,16.6634,16.6484,15.4050,0.0010,-1.0000
16.6659,1.0000,57.1345,1.0731,0.5009,16.7246,16.7000,15.5470,0.0010,-1.0000
16.6682,1.0000,57.1513,1.8711,0.4671,16.6147,16.6691,15.5394,0.0009,-1.0000
16.6665,1.0000,57.1679,1.2464,0.5012,16.6785,16.6540,15.2552,0.0008,-1.0000
16.6659,1.0000,57.1844,1.2423,0.4318,16.6536,16.6631,15.4760,0.0010,-1.0000
16.6669,1.0000,57.2012,1.1518,0.3559,16.7047,16.6911,15.5755,0.0010,-1.0000
16.6677,1.0000,57.2179,1.1287,0.3741,16.6758,16.6292,15.4405,0.0011,-1.0000
16.6660,1.0000,57.2345,1.3979,0.3819,16.6601,16.6645,15.4930,0.0012,-1.0000
16.6673,1.0000,57.2513,1.1861,0.4304,16.6678,16.7606,15.3958,0.0007,-1.0000
16.6659,1.0000,57.2678,1.1146,0.3656,16.6966,16.5624,15.2667,0.0009,-1.0000
16.6668,1.0000,57.2844,1.1875,0.3586,16.6337,16.6621,15.6350,0.0008,-1.0000
16.6661,1.0000,57.3012,1.1702,0.3756,16.6698,16.6871,15.5811,0.0009,-1.0000
16.6668,1.0000,57.3178,1.3639,0.3389,16.7661,16.6003,15.4272,0.0010,-1.0000
16.6667,1.0000,57.3345,1.2949,0.3132,16.5677,16.7056,15.4307,0.0014,-1.0000
16.6672,1.0000,57.3512,1.0261,0.3906,16.6668,16.6694,15.5494,0.0010,-1.0000
16.6673,1.0000,57.3678,1.1052,0.3695,16.6923,16.6297,15.4717,0.0010,-1.0000
16.6663,1.0000,57.3844,1.1720,0.3315,16.6050,16.6876,15.4897,0.0008,-1.0000
16.6686,1.0000,57.4013,1.2735,0.3349,16.7101,16.6743,15.6777,0.0008,-1.0000
16.6645,1.0000,57.4178,1.1190,0.3129,16.6743,16.6303,15.2801,0.0016,-1.0000
16.6675,1.0000,57.4345,1.1568,0.3675,16.6349,16.6795,15.5227,0.0009,-1.0000
16.6668,1.0000,57.4512,1.1972,0.3076,16.6925,16.6847,15.4740,0.0008,-1.0000
16.6665,1.0000,57.4678,0.9959,0.3927,16.6804,16.6073,15.4848,0.0008,-1.0000
16.6659,1.0000,57.4844,1.3486,0.3670,16.6363,16.6721,15.5895,0.0009,-1.0000
16.6673,1.0000,57.5013,1.1561,0.3294,16.6846,16.7729,15.5899,0.0008,-1.0000
16.6669,1.0000,57.5178,1.2097,0.3276,16.6905,16.5568,15.3800,0.0009,-1.0000
16.6668,1.0000,57.5345,1.1215,0.3723,16.6120,16.6533,15.5300,0.0010,-1.0000
16.6674,1.0000,57.5512,1.0817,0.3339,16.6766,16.6617,15.5286,0.0009,-1.0000
16.6668,1.0000,57.5679,1.1821,0.3240,16.7778,16.6427,15.4945,0.0008,-1.0000
16.6664,1.0000,57.5844,1.1759,0.3945,16.5617,16.6535,15.3936,0.0013,-1.0000
16.6673,1.0000,57.6011,1.1223,0.3189,16.6584,16.6602,15.4930,0.0008,-1.0000
16.6662,1.0000,57.6178,1.1321,0.3348,16.6673,16.6551,15.4888,0.0008,-1.0000
16.6657,1.0000,57.6344,1.1474,0.3426,16.6485,16.6597,15.5241,0.0010,-1.0000
16.6674,1.0000,57.6512,1.2586,0.4077,16.6597,16.6876,15.6469,0.0008,-1.0000
16.6665,1.0000,57.6678,1.1664,0.3768,16.6665,16.6672,15.4482,0.0009,-1.0000
16.6676,1.0000,57.6847,1.1656,0.3290,16.6608,16.6830,15.5929,0.0010,-1.0000
16.6657,1.0000,57.7013,1.1347,0.3046,16.6646,16.6505,15.2105,0.0013,-1.0000
16.6678,1.0000,57.7179,1.0399,0.3696,16.6929,16.6534,14.8642,0.0009,-1.0000
16.6660,1.0000,57.7346,1.2181,0.3069,16.6733,16.6779,15.3439,0.0009,-1.0000
16.6676,1.0000,57.7513,1.0892,0.4857,16.6882,16.7019,15.3599,0.0009,-1.0000
16.6664,1.0000,57.7679,1.4388,0.3904,16.6559,16.6038,15.2782,0.0010,-1.0000
16.6667,1.0000,57.7844,1.7883,0.3853,16.6587,16.6604,15.4189,0.0007,-1.0000
16.6666,1.0000,57.8013,1.3331,0.4129,16.6834,16.7220,15.5159,0.0008,-1.0000
16.7012,1.0000,57.8178,1.3408,0.4010,16.7075,16.6052,15.4289,0.0007,-1.0000
16.6662,1.0000,57.8345,1.3247,0.3530,16.6096,16.6557,15.5507,0.0009,-1.0000
16.6671,1.0000,57.8512,1.2409,0.3635,16.6654,16.6654,15.4911,0.0010,-1.0000
16.6683,1.0000,57.8679,1.2052,0.4038,16.7276,16.6681,15.4783,0.0011,-1.0000
16.6651,1.0000,57.8845,1.1756,0.3506,16.6109,16.6554,15.3634,0.0011,-1.0000
16.6669,1.0000,57.9012,1.1042,0.3784,16.6611,16.6649,15.5871,0.0008,-1.0000
16.6669,1.0000,57.9179,1.1731,0.3441,16.6701,16.6985,15.3856,0.0012,-1.0000
16.6664,1.0000,57.9345,1.1886,0.3891,16.6753,16.6136,15.3716,0.0008,-1.0000
16.6668,1.0000,57.9512,1.2907,0.3283,16.6621,16.6657,15.6079,0.0008,-1.0000
16.6669,1.0000,57.9678,1.0767,0.3305,16.6702,16.6634,15.5113,0.0009,-1.0000
16.6673,1.0000,57.9845,1.3113,0.3303,16.7038,16.6690,15.5486,0.0008,-1.0000
16.6667,1.0000,58.0013,1.2411,0.3154,16.6179,16.6593,15.4097,0.0012,-1.0000
16.6657,1.0000,58.0178,1.0573,0.3260,16.6708,16.6530,15.4082,0.0009,-1.0000
16.6680,1.0000,58.0345,1.1511,0.3158,16.6685,16.6706,15.5685,0.0009,-1.0000
16.6653,1.0000,58.0512,1.1195,0.3457,16.6750,16.6519,15.3885,0.0009,-1.0000
16.6842,1.0000,58.0679,1.2482,0.3263,16.6642,16.6890,15.5408,0.0009,-1.0000
16.6666,1.0000,58.0847,1.2441,0.3827,16.6584,16.6539,15.3784,0.0011,-1.0000
16.6685,1.0000,58.1013,1.1009,0.4002,16.6761,16.6662,14.4633,0.0010,-1.0000
16.6650,1.0000,58.1179,1.2625,0.3708,16.6570,16.6475,15.3685,0.0012,-1.0000
16.6662,1.0000,58.1345,1.1474,0.3653,16.6953,16.6547,15.4806,0.0010,-1.0000
16.6663,1.0000,58.1512,1.2746,0.4186,16.6602,16.6705,15.4067,0.0010,-1.0000
16.6673,1.0000,58.1679,2.2013,0.4074,16.6797,16.6581,15.4871,0.0010,-1.0000
16.6673,1.0000,58.1845,1.2777,0.4256,16.6545,16.6589,15.4262,0.0010,-1.0000
16.6669,1.0000,58.2013,1.1733,0.4287,16.6604,16.7042,15.5431,0.0011,-1.0000
16.6665,1.0000,58.2179,1.2629,0.3737,16.6762,16.6209,15.2884,0.0011,-1.0000
16.6673,1.0000,58.2346,1.1700,0.3926,16.6650,16.6607,15.3391,0.0011,-1.0000
16.6667,1.0000,58.2514,1.2318,0.3767,16.6652,16.7269,15.2977,0.0010,-1.0000
16.6660,1.0000,58.2679,1.1600,0.3890,16.7109,16.5884,15.1983,0.0010,-1.0000
16.6662,1.0000,58.2845,1.3314,0.3983,16.6267,16.6592,15.5186,0.0011,-1.0000
16.6678,1.0000,58.3013,1.3201,0.4206,16.6673,16.7121,15.5558,0.0007,-1.0000
16.6672,1.0000,58.3179,1.4281,0.3660,16.7339,16.6168,15.3419,0.0011,-1.0000
16.6663,1.0000,58.3346,1.3889,0.3607,16.5945,16.6558,15.2066,0.0009,-1.0000
16.6664,1.0000,58.3512,1.1396,0.3931,16.6649,16.6532,15.4120,0.0010,-1.0000
16.6661,1.0000,58.3679,1.1554,0.3754,16.7180,16.7072,15.5580,0.0010,-1.0000
16.6670,1.0000,58.3845,1.2738,0.4530,16.6232,16.6611,15.5061,0.0010,-1.0000
16.6676,1.0000,58.4013,1.4482,0.3614,16.6622,16.6701,15.6119,0.0009,-1.0000
16.6655,1.0000,58.4179,1.2400,0.3617,16.6587,16.6548,15.3358,0.0013,-1.0000
16.6663,1.0000,58.4346,1.1484,0.3769,16.7115,16.6890,15.3588,0.0006,-1.0000
16.6672,1.0000,58.4512,1.1541,0.3892,16.6661,16.6231,15.5215,0.0008,-1.0000
16.6669,1.0000,58.4679,1.0572,0.3692,16.6759,16.6616,15.4889,0.0009,-1.0000
16.6662,1.0000,58.4846,1.3176,0.3697,16.6597,16.7526,15.5139,0.0008,-1.0000
16.6677,1.0000,58.5013,1.3298,0.3489,16.6932,16.5835,15.4877,0.0009,-1.0000
16.6655,1.0000,58.5179,1.1007,0.3672,16.6282,16.6600,15.3281,0.0010,-1.0000
16.6673,1.0000,58.5347,1.1718,0.4065,16.6665,16.7005,15.4153,0.0008,-1.0000
16.6663,1.0000,58.5512,1.2377,0.4082,16.7590,16.5769,15.2760,0.0011,-1.0000
16.6675,1.0000,58.5680,1.0947,0.3616,16.5894,16.7233,15.4994,0.0009,-1.0000
16.6662,1.0000,58.5845,1.3310,0.3475,16.6658,16.6473,15.3263,0.0010,-1.0000
16.6669,1.0000,58.6012,1.2843,0.3704,16.7066,16.6567,15.4759,0.0011,-1.0000
16.6674,1.0000,58.6179,1.2998,0.3686,16.5824,16.6565,15.4684,0.0009,-1.0000
16.6656,1.0000,58.6346,1.2231,0.4347,16.7293,16.6535,15.3629,0.0008,-1.0000
16.6673,1.0000,58.6513,1.3199,0.3894,16.6534,16.6898,15.4799,0.0013,-1.0000
16.6679,1.0000,58.6680,1.1797,0.3806,16.6625,16.6935,15.3804,0.0008,-1.0000
16.6663,1.0000,58.6846,1.1870,0.3749,16.6617,16.6031,15.3206,0.0010,-1.0000
16.6663,1.0000,58.7012,1.2896,0.3442,16.6584,16.6542,15.4606,0.0010,-1.0000
16.6671,1.0000,58.7181,1.2085,0.3613,16.6949,16.7648,15.4746,0.0009,-1.0000
16.6669,1.0000,58.7346,1.3123,0.4041,16.6998,16.5584,15.1173,0.0010,-1.0000
16.6664,1.0000,58.7513,1.2815,0.3849,16.6086,16.7028,15.4004,0.0009,-1.0000
16.6662,1.0000,58.7679,1.1925,0.3530,16.6597,16.6314,15.2736,0.0008,-1.0000
16.6673,1.0000,58.7845,1.2890,0.3957,16.7702,16.6178,15.4464,0.0012,-1.0000
16.6659,1.0000,58.8012,1.4400,0.4053,16.5641,16.6667,15.5911,0.0008,-1.0000
16.6676,1.0000,58.8182,1.3010,0.3849,16.7090,16.6572,15.5267,0.0009,-1.0000
16.6666,1.0000,58.8346,1.3570,0.3680,16.6369,16.6683,14.9345,0.0017,-1.0000
16.6667,1.0000,58.8512,1.1701,0.3510,16.6225,16.6507,15.3768,0.0014,-1.0000
16.6664,1.0000,58.8679,1.0750,0.3465,16.6715,16.6668,15.5413,0.0009,-1.0000
16.6666,1.0000,58.8845,1.1295,0.3838,16.6634,16.6821,15.5233,0.0008,-1.0000
16.6674,1.0000,58.9013,1.7321,0.4103,16.6746,16.7097,15.6568,0.0008,-1.0000
16.6661,1.0000,58.9179,1.2722,0.3407,16.6553,16.6308,15.3515,0.0013,-1.0000
16.6674,1.0000,58.9346,1.1244,0.3716,16.6717,16.6733,15.4745,0.0008,-1.0000
16.6664,1.0000,58.9512,1.1579,0.3479,16.6867,16.6575,15.4909,0.0008,-1.0000
16.6655,1.0000,58.9679,1.0520,0.3668,16.7150,16.6829,15.5334,0.0009,-1.0000
16.6681,1.0000,58.9845,1.2782,0.3969,16.6367,16.6257,15.5408,0.0008,-1.0000
16.6665,1.0000,59.0013,1.1985,0.3469,16.6786,16.6580,15.4356,0.0014,-1.0000
16.6668,1.0000,59.0179,1.1656,0.3628,16.6629,16.7050,15.4621,0.0012,-1.0000
16.6669,1.0000,59.0345,1.1485,0.4025,16.6877,16.5850,15.4275,0.0009,-1.0000
16.6660,1.0000,59.0512,1.0844,0.3735,16.6321,16.6603,15.5246,0.0006,-1.0000
16.6676,1.0000,59.0679,1.2213,0.3744,16.6644,16.6677,15.6279,0.0008,-1.0000
16.6671,1.0000,59.0845,1.2416,0.3285,16.7103,16.6652,15.4343,0.0009,-1.0000
16.6665,1.0000,59.1012,1.1565,0.3302,16.5902,16.6585,15.5435,0.0010,-1.0000
16.6660,1.0000,59.1179,1.1351,0.3498,16.6653,16.6578,15.4390,0.0013,-1.0000
16.6671,1.0000,59.1346,1.0390,0.3327,16.6740,16.7042,15.4974,0.0010,-1.0000
16.6676,1.0000,59.1512,1.2297,0.4058,16.6708,16.6246,15.3998,0.0010,-1.0000
16.6665,1.0000,59.1680,1.1140,0.3667,16.6650,16.6506,15.4774,0.0011,-1.0000
16.6659,1.0000,59.1845,1.2172,0.3924,16.6636,16.6675,15.3296,0.0009,-1.0000
16.6673,1.0000,59.2012,1.2058,0.3991,16.7100,16.6556,15.6428,0.0007,-1.0000
16.6663,1.0000,59.2178,1.2237,0.3844,16.6309,16.6596,15.4649,0.0008,-1.0000
16.6661,1.0000,59.2345,1.1721,0.3824,16.6559,16.6646,15.5886,0.0009,-1.0000
16.6680,1.0000,59.2513,1.3369,0.3311,16.6729,16.6643,15.5453,0.0009,-1.0000
16.6660,1.0000,59.2679,1.0119,0.3446,16.6608,16.6584,15.4395,0.0011,-1.0000
16.6673,1.0000,59.2844,1.1940,0.3357,16.6650,16.6606,15.5405,0.0013,-1.0000
16.6673,1.0000,59.3012,1.0750,0.3432,16.6693,16.6701,15.6597,0.0007,-1.0000
16.6653,1.0000,59.3178,1.1182,0.3303,16.6700,16.6528,15.5310,0.0011,-1.0000
16.6669,1.0000,59.3345,1.2176,0.3144,16.6643,16.6605,15.5445,0.0010,-1.0000
16.6671,1.0000,59.3512,1.1185,0.3191,16.6660,16.6691,15.6000,0.0011,-1.0000
16.6665,1.0000,59.3678,1.0094,0.3274,16.6752,16.6549,15.5148,0.0010,-1.0000
16.6662,1.0000,59.3844,1.1205,0.3203,16.6582,16.6571,15.5834,0.0010,-1.0000
16.6682,1.0000,59.4012,1.1148,0.3172,16.6657,16.6796,15.7024,0.0008,-1.0000
16.6659,1.0000,59.4179,1.0680,0.3226,16.6753,16.6883,15.4085,0.0015,-1.0000
16.6674,1.0000,59.4346,1.1391,0.3365,16.6611,16.6280,15.3822,0.0009,-1.0000
16.6672,1.0000,59.4515,1.0725,0.3609,16.6611,16.6582,15.4386,0.0012,-1.0000
16.6663,1.0000,59.4679,0.9763,0.3608,16.6851,16.7175,15.0814,0.0011,-1.0000
16.6660,1.0000,59.4845,1.2782,0.3837,16.6935,16.5989,15.4058,0.0013,-1.0000
16.6670,1.0000,59.5013,1.2448,0.3605,16.6337,16.6660,15.5405,0.0009,-1.0000
16.6663,1.0000,59.5179,1.2182,0.4618,16.6642,16.6974,15.3651,0.0009,-1.0000
16.6675,1.0000,59.5346,1.6348,0.3867,16.7236,16.6217,15.5332,0.0009,-1.0000
16.6666,1.0000,59.5512,1.1917,0.4389,16.6040,16.6647,15.5291,0.0009,-1.0000
16.6669,1.0000,59.5679,1.1246,0.4117,16.6712,16.6724,15.6215,0.0010,-1.0000
16.6673,1.0000,59.5846,1.3313,0.3642,16.7025,16.7022,15.4262,0.0009,-1.0000
16.6658,1.0000,59.6013,1.0876,0.3615,16.6271,16.6425,15.3866,0.0013,-1.0000
16.6694,1.0000,59.6180,1.1347,0.3998,16.6698,16.6707,15.4901,0.0009,-1.0000
16.6646,1.0000,59.6346,1.0498,0.4173,16.6775,16.6540,15.3557,0.0009,-1.0000
16.6671,1.0000,59.6513,1.2751,0.4392,16.7091,16.7169,15.5170,0.0009,-1.0000
16.6661,1.0000,59.6679,1.2544,0.4897,16.6488,16.5992,15.3397,0.0008,-1.0000
16.6667,1.0000,59.6845,1.1793,0.4529,16.6771,16.6578,15.4300,0.0010,-1.0000
16.6673,1.0000,59.7013,1.2974,0.3219,16.6600,16.7560,15.6285,0.0008,-1.0000
16.6667,1.0000,59.7179,1.1989,0.3232,16.7216,16.5751,15.4192,0.0009,-1.0000
16.6665,1.0000,59.7346,1.2587,0.3155,16.6045,16.6840,15.5120,0.0009,-1.0000
16.6681,1.0000,59.7513,1.2268,0.3383,16.6628,16.6863,15.3269,0.0011,-1.0000
16.6668,1.0000,59.7679,1.1265,0.3306,16.7613,16.5837,15.3303,0.0009,-1.0000
16.6666,1.0000,59.7845,1.1549,0.3190,16.5808,16.7009,15.4193,0.0012,-1.0000
16.6660,1.0000,59.8012,1.1713,0.3626,16.6899,16.6482,15.5358,0.0010,-1.0000
16.6669,1.0000,59.8179,1.3589,0.3657,16.6932,16.6585,15.5706,0.0008,-1.0000
16.6672,1.0000,59.8346,1.2523,0.3398,16.5895,16.6865,15.4241,0.0010,-1.0000
16.6678,1.0000,59.8513,1.2806,0.3411,16.7078,16.6635,15.3453,0.0010,-1.0000
16.6659,1.0000,59.8679,1.1112,0.3456,16.6539,16.6430,15.4515,0.0014,-1.0000
16.6679,1.0000,59.8845,1.0869,0.3310,16.6633,16.6680,15.4714,0.0009,-1.0000
16.6652,1.0000,59.9013,1.2609,0.4454,16.6924,16.7023,15.4841,0.0009,-1.0000
16.6664,1.0000,59.9179,1.3174,0.3408,16.6703,16.5954,15.2686,0.0013,-1.0000
16.6682,1.0000,59.9346,1.1900,0.3582,16.6498,16.6547,15.5379,0.0008,-1.0000
16.6660,1.0000,59.9513,1.1954,0.3490,16.6745,16.7660,15.4326,0.0044,-1.0000
16.6658,1.0000,59.9679,1.2173,0.3477,16.7091,16.5548,15.3126,0.0008,-1.0000
16.6669,1.0000,59.9846,1.3253,0.3504,16.6005,16.6810,15.3987,0.0010,-1.0000
16.6677,1.0000,60.0013,1.1160,0.3662,16.6605,16.6686,15.3596,0.0011,-1.0000
16.6655,1.0000,60.0178,1.3289,0.3682,16.7721,16.6052,15.3561,0.0013,-1.0000
16.6679,1.0000,60.0345,1.2414,0.3417,16.5605,16.6632,15.6302,0.0009,-1.0000
16.6653,1.0000,60.0512,1.2811,0.3685,16.6880,16.6590,15.5065,0.0009,-1.0000
16.6684,1.0000,60.0682,1.3078,0.3228,16.6753,16.6726,15.6237,0.0009,-1.0000
16.6660,1.0000,60.0845,1.2477,0.4055,16.6121,16.6496,15.1135,0.0011,-1.0000
16.6673,1.0000,60.1012,1.0319,0.3308,16.6692,16.6615,15.5002,0.0011,-1.0000
16.6661,1.0000,60.1179,1.1516,0.3300,16.6638,16.7009,15.4396,0.0010,-1.0000
16.6666,1.0000,60.1346,1.0483,0.4354,16.6797,16.6658,15.4587,0.0012,-1.0000
16.6672,1.0000,60.1513,1.5351,0.3761,16.6562,16.6694,15.4602,0.0009,-1.0000
16.6661,1.0000,60.1679,1.1603,0.4710,16.6677,16.6438,15.3428,0.0007,-1.0000
16.6664,1.0000,60.1845,1.2600,0.3585,16.7060,16.6664,15.5217,0.0010,-1.0000
16.6671,1.0000,60.2013,1.2058,0.3644,16.6709,16.6906,15.6129,0.0007,-1.0000
16.6667,1.0000,60.2179,1.2082,0.4115,16.6753,16.6151,15.4554,0.0010,-1.0000
16.6678,1.0000,60.2346,1.3002,0.3872,16.6498,16.6751,15.5524,0.0008,-1.0000
16.6664,1.0000,60.2514,1.1439,0.3721,16.6712,16.7262,15.2434,0.0013,-1.0000
16.6663,1.0000,60.2679,1.0768,0.3648,16.6954,16.5566,15.2931,0.0012,-1.0000
16.6666,1.0000,60.2845,1.1587,0.3547,16.6198,16.6584,15.5428,0.0010,-1.0000
16.6661,1.0000,60.3013,1.1217,0.4075,16.6811,16.6596,15.5944,0.0009,-1.0000
16.6678,1.0000,60.3179,1.4816,0.4332,16.7323,16.6750,15.4784,0.0010,-1.0000
16.6657,1.0000,60.3345,1.2621,0.3212,16.5631,16.6480,15.3579,0.0012,-1.0000
16.6678,1.0000,60.3512,1.1143,0.4068,16.6636,16.6666,15.6156,0.0010,-1.0000
16.6663,1.0000,60.3679,1.0644,0.3413,16.6644,16.7031,15.5219,0.0011,-1.0000
16.6661,1.0000,60.3844,1.1955,0.3573,16.6814,16.6125,15.5107,0.0009,-1.0000
16.6684,1.0000,60.4013,1.2890,0.3637,16.6544,16.6990,15.7000,0.0008,-1.0000
16.6656,1.0000,60.4179,1.0499,0.3205,16.6718,16.6299,15.2911,0.0013,-1.0000
16.6672,1.0000,60.4346,1.1801,0.3629,16.7081,16.6657,15.4734,0.0009,-1.0000
16.6668,1.0000,60.4512,1.1009,0.3524,16.6176,16.6575,15.4098,0.0009,-1.0000
16.6662,1.0000,60.4679,0.9982,0.3973,16.7046,16.6587,15.4857,0.0012,-1.0000
16.6674,1.0000,60.4845,1.3374,0.3941,16.6360,16.6653,15.6015,0.0008,-1.0000
16.6665,1.0000,60.5013,1.1917,0.3731,16.6719,16.6618,15.5782,0.0010,-1.0000
16.6658,1.0000,60.5179,1.2465,0.3769,16.6638,16.6553,15.4529,0.0010,-1.0000
16.6675,1.0000,60.5345,1.1720,0.3143,16.6639,16.6599,15.5713,0.0007,-1.0000
16.6666,1.0000,60.5512,1.0632,0.3331,16.6710,16.6617,15.5638,0.0009,-1.0000
16.6683,1.0000,60.5679,1.0823,0.3663,16.6679,16.6739,15.5533,0.0008,-1.0000
16.6668,1.0000,60.5845,1.2014,0.3421,16.6608,16.6582,15.3737,0.0012,-1.0000
16.6649,1.0000,60.6012,1.0880,0.3347,16.6655,16.6460,15.4551,0.0013,-1.0000
16.6674,1.0000,60.6178,1.0966,0.3189,16.6666,16.6639,15.5919,0.0009,-1.0000
16.6663,1.0000,60.6345,1.1197,0.3725,16.6818,16.6605,15.6073,0.0009,-1.0000
16.6667,1.0000,60.6513,1.2833,0.4117,16.6655,16.7198,15.6061,0.0008,-1.0000
16.6668,1.0000,60.6679,1.1897,0.3438,16.6519,16.6048,15.3308,0.0014,-1.0000
16.6671,1.0000,60.6845,1.0710,0.3822,16.6687,16.6659,15.5033,0.0010,-1.0000
16.6665,1.0000,60.7012,1.0523,0.3301,16.6656,16.6990,15.5714,0.0011,-1.0000
16.6667,1.0000,60.7179,1.1127,0.3543,16.7254,16.6191,15.4252,0.0011,-1.0000
16.7147,1.0000,60.7346,1.2723,0.3456,16.6098,16.7155,15.5904,0.0010,-1.0000
16.6668,1.0000,60.7514,1.1616,0.3301,16.6707,16.7088,15.4854,0.0009,-1.0000
16.6657,1.0000,60.7679,1.1264,0.3978,16.7048,16.6059,15.3361,0.0010,-1.0000
16.6679,1.0000,60.7845,1.1928,0.3686,16.6248,16.6601,15.6173,0.0008,-1.0000
16.6654,1.0000,60.8014,1.1240,0.3944,16.7216,16.6587,15.5948,0.0009,-1.0000
16.6680,1.0000,60.8180,1.2225,0.3573,16.7150,16.7158,15.2440,0.0009,-1.0000
16.6660,1.0000,60.8346,1.2687,0.3154,16.6121,16.6559,15.3556,0.0011,-1.0000
16.6663,1.0000,60.8513,1.0420,0.3319,16.6653,16.6500,15.3807,0.0009,-1.0000
16.6671,1.0000,60.8680,1.0629,0.4152,16.6630,16.6752,15.5341,0.0009,-1.0000
16.6674,1.0000,60.8846,1.4707,0.3880,16.7215,16.6875,15.4664,0.0008,-1.0000
16.6670,1.0000,60.9014,1.2991,0.4213,16.6615,16.6238,15.4703,0.0010,-1.0000
16.6666,1.0000,60.9182,1.2684,0.3430,16.6545,16.6593,15.4030,0.0009,-1.0000
16.6661,1.0000,60.9347,1.1403,0.3713,16.6810,16.7465,14.9947,0.0009,-1.0000
16.6668,1.0000,60.9513,1.2201,0.3972,16.6925,16.5773,15.4124,0.0011,-1.0000
16.6666,1.0000,60.9679,1.1524,0.3689,16.6292,16.6691,15.4676,0.0009,-1.0000
16.6681,1.0000,60.9847,1.2552,0.3909,16.6657,16.7229,15.4358,0.0008,-1.0000
16.6663,1.0000,61.0013,1.7506,0.5089,16.7517,16.5579,15.3478,0.0010,-1.0000
16.6664,1.0000,61.0180,1.1639,0.3614,16.5826,16.7109,15.4448,0.0008,-1.0000
16.6671,1.0000,61.0347,1.2004,0.4118,16.6736,16.6639,15.3787,0.0009,-1.0000
16.6659,1.0000,61.0513,1.2865,0.3692,16.7288,16.6331,15.3671,0.0011,-1.0000
16.6665,1.0000,61.0680,1.2092,0.3588,16.5639,16.6808,15.4565,0.0010,-1.0000
16.6677,1.0000,61.0846,1.2652,0.3800,16.7163,16.6653,15.4698,0.0010,-1.0000
16.6666,1.0000,61.1014,1.2843,0.3920,16.6695,16.6540,15.3592,0.0009,-1.0000
16.6662,1.0000,61.1180,1.2647,0.3817,16.6391,16.6611,15.3328,0.0010,-1.0000
16.6666,1.0000,61.1347,1.2232,0.3740,16.6862,16.6882,15.4765,0.0008,-1.0000
16.6668,1.0000,61.1513,1.1944,0.3932,16.6712,16.6284,15.4558,0.0010,-1.0000
16.6668,1.0000,61.1680,1.2942,0.4244,16.6603,16.6612,15.4767,0.0010,-1.0000
16.6666,1.0000,61.1846,1.3275,0.3333,16.6667,16.7523,15.4496,0.0009,-1.0000
16.6679,1.0000,61.2013,1.2108,0.3834,16.6931,16.5615,15.4446,0.0009,-1.0000
16.6657,1.0000,61.2180,1.1715,0.3337,16.6331,16.6651,15.3460,0.0009,-1.0000
16.6665,1.0000,61.2347,1.1835,0.3639,16.6660,16.6536,15.4948,0.0010,-1.0000
16.6670,1.0000,61.2512,1.3015,0.3443,16.7576,16.6386,15.4513,0.0010,-1.0000
16.6666,1.0000,61.2679,1.1159,0.3636,16.5678,16.6645,15.5287,0.0009,-1.0000
16.6669,1.0000,61.2845,1.3178,0.3933,16.6704,16.6557,15.4596,0.0009,-1.0000
16.6657,1.0000,61.3012,1.1575,0.3983,16.6583,16.6590,15.5918,0.0010,-1.0000
16.6951,1.0000,61.3182,1.1863,0.3574,16.6434,16.6944,15.6367,0.0009,-1.0000
16.6671,1.0000,61.3347,1.1349,0.4264,16.6692,16.6646,14.9659,0.0008,-1.0000
16.6673,1.0000,61.3514,1.1952,0.3597,16.6616,16.7042,15.3415,0.0009,-1.0000
16.6665,1.0000,61.3681,1.0664,0.3187,16.6633,16.6944,15.3206,0.0009,-1.0000
16.6650,1.0000,61.3846,1.0566,0.3988,16.6993,16.6148,15.3219,0.0013,-1.0000
16.6681,1.0000,61.4014,1.6979,0.4318,16.6698,16.6723,15.6393,0.0011,-1.0000
16.6662,1.0000,61.4180,1.3617,0.4437,16.7105,16.6610,15.3835,0.0009,-1.0000
16.6669,1.0000,61.4347,1.3726,0.3903,16.7014,16.7042,15.4602,0.0012,-1.0000
16.6679,1.0000,61.4513,1.2915,0.3821,16.6192,16.5993,15.4757,0.0009,-1.0000
16.6653,1.0000,61.4680,1.0316,0.3621,16.6770,16.6653,15.4134,0.0009,-1.0000
16.6676,1.0000,61.4846,1.2763,0.3988,16.6666,16.7139,15.4795,0.0008,-1.0000
16.6655,1.0000,61.5013,1.2428,0.4058,16.7093,16.5794,15.4642,0.0010,-1.0000
16.6686,1.0000,61.5180,1.1226,0.3698,16.6049,16.6703,15.5730,0.0010,-1.0000
16.6659,1.0000,61.5346,1.2507,0.3472,16.6702,16.6541,15.4442,0.0009,-1.0000
16.6660,1.0000,61.5513,1.2337,0.3680,16.7189,16.6609,15.4800,0.0015,-1.0000
16.6679,1.0000,61.5680,1.1143,0.3757,16.5840,16.6658,15.4347,0.0013,-1.0000
16.6677,1.0000,61.5846,1.0962,0.3917,16.6752,16.6723,15.4644,0.0008,-1.0000
16.6651,1.0000,61.6013,1.2088,0.3685,16.6614,16.6885,15.4774,0.0011,-1.0000
16.6672,1.0000,61.6179,1.1793,0.3605,16.6659,16.6204,15.4587,0.0011,-1.0000
16.6678,1.0000,61.6347,1.2298,0.4261,16.6713,16.6660,15.5468,0.0009,-1.0000
16.6659,1.0000,61.6514,1.2068,0.3671,16.6782,16.6604,15.3995,0.0009,-1.0000
16.6667,1.0000,61.6680,1.2099,0.3513,16.6938,16.6566,15.3263,0.0010,-1.0000
16.6678,1.0000,61.6846,1.1609,0.3642,16.6253,16.6654,15.5011,0.0009,-1.0000
16.6663,1.0000,61.7013,1.1181,0.4360,16.6715,16.6573,15.5289,0.0013,-1.0000
16.6686,1.0000,61.7181,1.2600,0.3492,16.6660,16.6835,15.4752,0.0008,-1.0000
16.6685,1.0000,61.7348,1.3292,0.3588,16.6610,16.6527,15.1543,0.0014,-1.0000
16.6661,1.0000,61.7514,1.1636,0.4116,16.6707,16.6598,15.0777,0.0014,-1.0000
16.7368,1.0000,61.7681,1.1269,0.3971,16.6631,16.7229,15.2237,0.0012,-1.0000
16.6659,1.0000,61.7846,1.2074,0.4642,16.6916,16.6517,15.2641,0.0013,-1.0000
16.6651,1.0000,61.8014,1.4968,0.4392,16.6612,16.6561,15.4783,0.0011,-1.0000
16.6675,1.0000,61.8181,1.5805,0.4494,16.6687,16.6669,15.5080,0.0009,-1.0000
16.6671,1.0000,61.8348,1.4978,0.4667,16.7313,16.6626,15.4285,0.0010,-1.0000
16.6672,1.0000,61.8514,1.3864,0.3825,16.6580,16.6566,15.2416,0.0011,-1.0000
16.6659,1.0000,61.8683,1.1766,0.3902,16.6620,16.6565,15.3987,0.0013,-1.0000
16.6665,1.0000,61.8848,1.1577,0.4250,16.6730,16.7131,14.9665,0.0011,-1.0000
16.6668,1.0000,61.9014,1.2330,0.4516,16.6693,16.6117,15.2934,0.0015,-1.0000
16.6668,1.0000,61.9181,1.4136,0.4812,16.6626,16.6630,15.5135,0.0010,-1.0000
16.6668,1.0000,61.9347,1.2565,0.4684,16.6625,16.7033,15.2728,0.0008,-1.0000
16.6670,1.0000,61.9514,1.7457,0.3890,16.7184,16.6168,15.4704,0.0009,-1.0000
16.6672,1.0000,61.9680,1.3166,0.4141,16.6174,16.6669,15.5082,0.0009,-1.0000
16.6670,1.0000,61.9847,1.1483,0.3521,16.6683,16.7151,15.5042,0.0008,-1.0000
16.6678,1.0000,62.0015,1.4295,0.4049,16.7078,16.6125,15.3992,0.0011,-1.0000
16.6651,1.0000,62.0180,1.1454,0.3583,16.6213,16.6499,15.3437,0.0008,-1.0000
16.6671,1.0000,62.0347,1.1577,0.3773,16.6732,16.6627,15.5440,0.0008,-1.0000
16.6673,1.0000,62.0514,1.2101,0.4504,16.7212,16.7033,15.5117,0.0011,-1.0000
16.6660,1.0000,62.0681,1.2119,0.3780,16.6190,16.6670,15.4728,0.0010,-1.0000
16.6660,1.0000,62.0846,1.3052,0.4604,16.6556,16.6535,15.4919,0.0009,-1.0000
16.6681,1.0000,62.1014,1.1179,0.3698,16.6681,16.6738,15.5793,0.0009,-1.0000
16.6659,1.0000,62.1181,1.1904,0.3108,16.7089,16.6783,15.4359,0.0011,-1.0000
16.6668,1.0000,62.1347,1.1930,0.3871,16.6732,16.6269,15.5234,0.0009,-1.0000
16.6669,1.0000,62.1514,1.1606,0.3679,16.6585,16.6528,15.5737,0.0009,-1.0000
16.6678,1.0000,62.1682,1.0935,0.3515,16.6798,16.7821,15.4267,0.0010,-1.0000
16.6652,1.0000,62.1846,1.2411,0.3218,16.6837,16.5422,15.3306,0.0011,-1.0000
16.6679,1.0000,62.2014,1.1026,0.3188,16.6319,16.6777,15.6899,0.0010,-1.0000
16.6662,1.0000,62.2181,1.0778,0.3725,16.6576,16.6851,15.4906,0.0010,-1.0000
16.6679,1.0000,62.2348,1.3543,0.3392,16.7879,16.6009,15.5275,0.0010,-1.0000
16.6655,1.0000,62.2515,1.2104,0.3286,16.5476,16.7083,15.4058,0.0013,-1.0000
16.6669,1.0000,62.2680,0.9869,0.3281,16.6832,16.6428,15.2971,0.0012,-1.0000
16.6669,1.0000,62.2846,1.1932,0.3873,16.6906,16.6478,15.5423,0.0009,-1.0000
16.6657,1.0000,62.3014,1.0722,0.3953,16.6065,16.6740,15.6333,0.0008,-1.0000
16.6677,1.0000,62.3181,1.3013,0.3350,16.7148,16.6688,15.5684,0.0008,-1.0000
16.6666,1.0000,62.3348,1.3446,0.3176,16.6489,16.6605,15.4676,0.0010,-1.0000
16.6667,1.0000,62.3514,1.1047,0.3317,16.6532,16.6561,15.4050,0.0013,-1.0000
16.6690,1.0000,62.3682,1.0399,0.3544,16.6786,16.7220,15.5247,0.0008,-1.0000
16.6653,1.0000,62.3846,1.0995,0.3379,16.6748,16.5903,15.2703,0.0011,-1.0000
16.6665,1.0000,62.4014,1.1918,0.3695,16.6657,16.6662,15.5761,0.0009,-1.0000
16.6663,1.0000,62.4181,1.2497,0.4296,16.6618,16.7399,15.4849,0.0010,-1.0000
16.6667,1.0000,62.4347,1.1961,0.3644,16.7292,16.5623,15.3553,0.0011,-1.0000
16.6675,1.0000,62.4513,1.3190,0.3343,16.5970,16.6743,15.5911,0.0007,-1.0000
16.6666,1.0000,62.4680,1.0889,0.3232,16.6719,16.6584,15.5283,0.0008,-1.0000
16.6672,1.0000,62.4847,1.2540,0.3258,16.7459,16.6374,15.5743,0.0010,-1.0000
16.6661,1.0000,62.5014,1.2061,0.3134,16.5668,16.6615,15.3695,0.0010,-1.0000
16.6665,1.0000,62.5180,1.0825,0.3278,16.6788,16.6526,15.5633,0.0009,-1.0000
16.6673,1.0000,62.5347,1.1293,0.3889,16.6639,16.6681,15.6394,0.0008,-1.0000
16.6667,1.0000,62.5513,1.0624,0.4593,16.6431,16.6601,15.6076,0.0009,-1.0000
16.6670,1.0000,62.5681,1.2909,0.3432,16.6670,16.6742,15.6024,0.0009,-1.0000
16.7087,1.0000,62.5847,1.0881,0.3698,16.6567,16.7197,15.3601,0.0010,-1.0000
16.6667,1.0000,62.6015,1.0280,0.4318,16.6737,16.7116,15.5481,0.0010,-1.0000
16.6677,1.0000,62.6181,1.0516,0.3730,16.6657,16.6420,15.4814,0.0009,-1.0000
16.6671,1.0000,62.6348,1.0709,0.3708,16.6794,16.6360,15.4756,0.0009,-1.0000
16.6658,1.0000,62.6514,1.3584,0.4089,16.7260,16.6677,15.4831,0.0009,-1.0000
16.6664,1.0000,62.6682,1.1625,0.4310,16.7175,16.6840,15.4550,0.0012,-1.0000
16.6663,1.0000,62.6847,1.1596,0.3542,16.6477,16.6264,15.3514,0.0013,-1.0000
16.6674,1.0000,62.7014,1.1591,0.3579,16.6422,16.6597,15.6538,0.0010,-1.0000
16.6675,1.0000,62.7182,1.1839,0.4183,16.6737,16.7077,15.5635,0.0009,-1.0000
16.6671,1.0000,62.7348,1.2278,0.3481,16.6903,16.5899,15.4181,0.0008,-1.0000
16.6653,1.0000,62.7514,1.2737,0.3756,16.6319,16.6553,15.4985,0.0010,-1.0000
16.6672,1.0000,62.7680,1.0049,0.3837,16.6656,16.6583,15.6196,0.0009,-1.0000
16.6671,1.0000,62.7846,1.1432,0.3544,16.7134,16.6671,15.6003,0.0009,-1.0000
16.6669,1.0000,62.8014,1.1710,0.3877,16.5963,16.6633,15.6925,0.0008,-1.0000
16.6661,1.0000,62.8181,1.1555,0.3264,16.6602,16.6645,15.5370,0.0010,-1.0000
16.6669,1.0000,62.8348,1.0377,0.3328,16.6635,16.6953,15.5321,0.0008,-1.0000
16.6660,1.0000,62.8514,1.0657,0.3277,16.6726,16.6169,15.4324,0.0010,-1.0000
16.6675,1.0000,62.8680,0.9703,0.3563,16.6689,16.6666,15.6351,0.0009,-1.0000
16.6661,1.0000,62.8846,1.1265,0.3589,16.6696,16.6567,15.4911,0.0010,-1.0000
16.6671,1.0000,62.9014,1.1623,0.3640,16.7014,16.6709,15.6876,0.0007,-1.0000
16.6668,1.0000,62.9181,1.1832,0.3165,16.6218,16.6571,15.5877,0.0008,-1.0000
16.6661,1.0000,62.9347,1.0304,0.3314,16.6729,16.6544,15.5113,0.0012,-1.0000
16.6681,1.0000,62.9514,1.1646,0.3263,16.6616,16.6679,15.5300,0.0007,-1.0000
16.6663,1.0000,62.9680,0.9823,0.3207,16.6763,16.6601,15.5106,0.0011,-1.0000
16.6675,1.0000,62.9847,1.0684,0.3773,16.6628,16.6674,15.6080,0.0008,-1.0000
16.6667,1.0000,63.0015,1.1420,0.3217,16.6591,16.6648,15.5126,0.0012,-1.0000
16.6659,1.0000,63.0180,1.1370,0.3369,16.6738,16.6487,15.3775,0.0010,-1.0000
16.6662,1.0000,63.0347,1.1486,0.3259,16.6660,16.6599,15.5550,0.0008,-1.0000
16.6663,1.0000,63.0514,1.0584,0.3509,16.6731,16.6578,15.5834,0.0010,-1.0000
16.6669,1.0000,63.0680,1.1511,0.3538,16.6717,16.6620,15.5796,0.0009,-1.0000
16.6665,1.0000,63.0847,1.2699,0.3337,16.6553,16.6600,15.6038,0.0008,-1.0000
16.6690,1.0000,63.1014,1.1038,0.3249,16.6661,16.6660,15.4533,0.0013,-1.0000
16.6659,1.0000,63.1181,1.0736,0.3218,16.6625,16.7094,15.5182,0.0010,-1.0000
16.6655,1.0000,63.1347,1.0815,0.3430,16.6682,16.6075,15.4322,0.0012,-1.0000
16.6671,1.0000,63.1514,1.0553,0.4521,16.6652,16.6677,15.6054,0.0008,-1.0000
16.6666,1.0000,63.1682,1.2115,0.3424,16.6721,16.7013,15.4822,0.0014,-1.0000
16.6667,1.0000,63.1846,1.1904,0.3561,16.7159,16.6197,15.3708,0.0013,-1.0000
16.6665,1.0000,63.2014,1.1742,0.3396,16.6123,16.6541,15.6399,0.0008,-1.0000
16.6664,1.0000,63.2182,1.0615,0.3204,16.6735,16.7089,15.6399,0.0008,-1.0000
16.6672,1.0000,63.2347,1.2178,0.3583,16.7073,16.6168,15.3281,0.0013,-1.0000
16.6670,1.0000,63.2514,1.2474,0.3770,16.6251,16.6654,15.5882,0.0009,-1.0000
16.6660,1.0000,63.2680,1.0133,0.3085,16.6590,16.6582,15.5470,0.0009,-1.0000
16.6678,1.0000,63.2847,1.0682,0.4584,16.7136,16.7087,15.6410,0.0008,-1.0000
16.6660,1.0000,63.3014,1.2873,0.3622,16.6220,16.6581,15.5703,0.0012,-1.0000
16.6672,1.0000,63.3181,1.0762,0.3815,16.6707,16.6645,15.5426,0.0009,-1.0000
16.6666,1.0000,63.3348,1.1104,0.3560,16.6636,16.6593,15.4950,0.0011,-1.0000
16.6693,1.0000,63.3515,1.0667,0.4441,16.7141,16.6878,15.5495,0.0009,-1.0000
16.6671,1.0000,63.3682,1.0866,0.3709,16.6636,16.6436,15.4217,0.0011,-1.0000
16.6653,1.0000,63.3847,1.1210,0.3585,16.6699,16.6351,15.3837,0.0010,-1.0000
16.6664,1.0000,63.4015,1.1631,0.3507,16.6655,16.7563,15.5987,0.0009,-1.0000
16.6689,1.0000,63.4182,1.1373,0.3908,16.6933,16.5884,15.4673,0.0008,-1.0000
16.6656,1.0000,63.4348,1.2209,0.4285,16.6495,16.6711,15.4699,0.0009,-1.0000
16.6665,1.0000,63.4515,1.2503,0.3611,16.6405,16.6785,15.4497,0.0013,-1.0000
16.6663,1.0000,63.4680,1.1567,0.3353,16.7613,16.5858,15.4833,0.0009,-1.0000
16.6668,1.0000,63.4847,1.1203,0.3223,16.5943,16.7288,15.6308,0.0008,-1.0000
16.6668,1.0000,63.5015,1.2002,0.3839,16.6768,16.6549,15.5137,0.0012,-1.0000
16.6674,1.0000,63.5181,1.2274,0.3330,16.6837,16.6343,15.5356,0.0009,-1.0000
16.6665,1.0000,63.5348,1.1015,0.3158,16.5907,16.6813,15.5363,0.0012,-1.0000
16.6666,1.0000,63.5514,1.0971,0.3802,16.7341,16.6418,15.5433,0.0009,-1.0000
16.6668,1.0000,63.5681,1.1401,0.3656,16.6603,16.6678,15.6407,0.0009,-1.0000
16.6675,1.0000,63.5847,1.0979,0.3723,16.6401,16.6728,15.4295,0.0012,-1.0000
16.6671,1.0000,63.6015,1.1436,0.3246,16.6877,16.6776,15.5383,0.0007,-1.0000
16.6658,1.0000,63.6181,1.0976,0.3095,16.6466,16.6535,15.4887,0.0010,-1.0000
16.6668,1.0000,63.6347,1.0261,0.3323,16.6733,16.6300,15.5379,0.0010,-1.0000
16.6676,1.0000,63.6516,1.2423,0.3594,16.6793,16.7879,15.5825,0.0008,-1.0000
16.6659,1.0000,63.6681,1.1389,0.3346,16.6835,16.5225,15.1747,0.0009,-1.0000
16.6663,1.0000,63.6847,1.1637,0.3428,16.6592,16.6784,15.3471,0.0012,-1.0000
16.6669,1.0000,63.7014,1.0912,0.3693,16.6350,16.6461,15.6529,0.0008,-1.0000
16.6662,1.0000,63.7180,1.2044,0.3935,16.7950,16.6381,15.5542,0.0008,-1.0000
16.6670,1.0000,63.7348,1.3467,0.3870,16.5286,16.6635,15.6372,0.0008,-1.0000
16.6669,1.0000,63.7514,1.3304,0.3677,16.6841,16.6608,15.5670,0.0012,-1.0000
16.6680,1.0000,63.7681,0.9919,0.3238,16.6514,16.6651,15.5589,0.0008,-1.0000
16.6656,1.0000,63.7846,1.0830,0.3568,16.6433,16.6535,15.4660,0.0010,-1.0000
16.6657,1.0000,63.8014,1.0257,0.3141,16.6682,16.6586,15.6087,0.0010,-1.0000
16.6678,1.0000,63.8181,1.0927,0.3768,16.6670,16.6996,15.6512,0.0009,-1.0000
16.6654,1.0000,63.8348,1.1052,0.3367,16.6709,16.6649,15.5507,0.0008,-1.0000
16.6681,1.0000,63.8515,1.1866,0.3601,16.6601,16.6858,15.5067,0.0009,-1.0000
16.6670,1.0000,63.8681,1.0491,0.3215,16.6637,16.6359,15.4481,0.0011,-1.0000
16.6666,1.0000,63.8847,1.0475,0.3769,16.7059,16.7002,15.5832,0.0010,-1.0000
16.6662,1.0000,63.9015,1.1134,0.3176,16.6706,16.6664,15.5236,0.0013,-1.0000
16.6675,1.0000,63.9182,1.1781,0.5255,16.6909,16.6230,15.5100,0.0009,-1.0000
16.6663,1.0000,63.9348,1.1868,0.3441,16.6404,16.6511,15.4612,0.0009,-1.0000
16.6668,1.0000,63.9514,1.1160,0.3724,16.7058,16.6942,15.4538,0.0013,-1.0000
16.6668,1.0000,63.9681,1.1412,0.3750,16.6732,16.5967,15.5196,0.0009,-1.0000
16.6669,1.0000,63.9847,1.1120,0.3713,16.6292,16.6632,15.5877,0.0008,-1.0000
16.6672,1.0000,64.0015,1.1889,0.3624,16.6571,16.6620,15.5115,0.0008,-1.0000
16.6659,1.0000,64.0181,1.2391,0.3555,16.6993,16.6552,15.4622,0.0009,-1.0000
16.6673,1.0000,64.0347,1.0760,0.3599,16.6017,16.6654,15.5470,0.0009,-1.0000
16.6664,1.0000,64.0514,1.0748,0.3800,16.6696,16.6544,15.5378,0.0008,-1.0000
16.6672,1.0000,64.0682,1.1497,0.3593,16.6684,16.7280,15.6235,0.0009,-1.0000
