frame_ms,focused,elapsed,CPU Main Thread Frame Time,CPU Render Thread Frame Time,CPU Total Frame Time,PlayerLoop,WaitForTargetFPS,Gfx.WaitForPresentOnGfxThread,Gfx.WaitForGfxCommandsFromMainThread
16.6678,1.0000,5.0751,1.3350,0.3600,16.6633,16.6643,15.2294,0.0013,-1.0000
16.6686,1.0000,5.0912,1.2774,0.3623,16.6740,16.6616,14.6584,0.0012,-1.0000
16.6652,1.0000,5.1078,1.3280,0.3441,16.6618,16.6513,15.3424,0.0012,-1.0000
16.6679,1.0000,5.1245,1.1674,0.3769,16.6609,16.6663,15.4360,0.0014,-1.0000
16.6665,1.0000,5.1413,1.4339,0.3338,16.6737,16.6522,15.3038,0.0011,-1.0000
16.6630,1.0000,5.1578,2.0019,0.3264,16.6702,16.6453,15.2581,0.0011,-1.0000
16.6693,1.0000,5.1744,1.3075,0.3261,16.6594,16.6679,15.4380,0.0010,-1.0000
16.6690,1.0000,5.1913,1.2287,0.4496,16.6770,16.6690,15.5304,0.0010,-1.0000
16.6632,1.0000,5.2078,1.3470,0.3458,16.6616,16.6420,15.1357,0.0013,-1.0000
16.6692,1.0000,5.2246,1.3861,0.3883,16.6525,16.6755,15.4962,0.0013,-1.0000
16.6680,1.0000,5.2412,1.2285,0.3239,16.6753,16.6579,15.1461,0.0012,-1.0000
16.6647,1.0000,5.2578,1.1375,0.3691,16.6786,16.6440,15.1177,0.0012,-1.0000
16.6671,1.0000,5.2744,1.5051,0.3278,16.6508,16.6623,15.4070,0.0010,-1.0000
16.6669,1.0000,5.2912,1.1779,0.4485,16.6830,16.6606,15.5066,0.0012,-1.0000
16.6639,1.0000,5.3079,1.5103,0.4154,16.6682,16.6476,15.1028,0.0014,-1.0000
16.6688,1.0000,5.3245,1.5250,0.3319,16.6536,16.6630,15.2877,0.0014,-1.0000
16.6700,1.0000,5.3413,1.2539,0.3474,16.6700,16.6712,15.2571,0.0014,-1.0000
16.6633,1.0000,5.3578,1.1528,0.3601,16.6705,16.6403,15.0989,0.0013,-1.0000
16.6674,1.0000,5.3744,1.5435,0.3645,16.6570,16.6629,15.4428,0.0011,-1.0000
16.6673,1.0000,5.3915,1.3737,0.4904,16.6707,16.6606,15.4946,0.0013,-1.0000
16.6633,1.0000,5.4078,1.4126,0.3659,16.6818,16.6423,14.9016,0.0013,-1.0000
16.6668,1.0000,5.4245,1.5400,0.3693,16.6498,16.6635,15.5328,0.0015,-1.0000
16.6693,1.0000,5.4412,1.2189,0.3287,16.6714,16.6689,15.3110,0.0015,-1.0000
16.6648,1.0000,5.4578,1.1645,0.3560,16.6704,16.6513,15.4096,0.0014,-1.0000
16.6685,1.0000,5.4745,1.7393,0.3073,16.6500,16.6649,15.4545,0.0011,-1.0000
16.6667,1.0000,5.4911,1.1292,0.3918,16.6696,16.6562,15.1208,0.0011,-1.0000
16.6651,1.0000,5.5078,1.3563,0.3266,16.6772,16.6542,15.4431,0.0011,-1.0000
16.6707,1.0000,5.5246,1.2407,0.3270,16.6592,16.6733,15.3851,0.0011,-1.0000
16.6644,1.0000,5.5411,1.2094,0.3674,16.6729,16.6462,15.1677,0.0014,-1.0000
16.6673,1.0000,5.5579,1.5346,0.3262,16.6658,16.6577,15.4540,0.0013,-1.0000
16.6668,1.0000,5.5744,1.2102,0.3319,16.6623,16.6630,15.3529,0.0011,-1.0000
16.6669,1.0000,5.5911,1.2865,0.3519,16.6828,16.6571,15.3855,0.0015,-1.0000
16.6653,1.0000,5.6078,1.4771,0.3252,16.6557,16.6525,15.4396,0.0010,-1.0000
16.6678,1.0000,5.6246,1.2020,0.3204,16.6653,16.6639,15.4259,0.0010,-1.0000
16.6663,1.0000,5.6419,1.3088,0.4460,16.6710,16.6568,15.2533,0.0013,-1.0000
16.6649,1.0000,5.6578,1.2701,0.3106,16.6661,16.6512,14.6030,0.0013,-1.0000
16.6694,1.0000,5.6744,1.2117,0.3824,16.6600,16.6689,15.3464,0.0012,-1.0000
16.6669,1.0000,5.6911,1.2370,0.3504,16.6733,16.6552,15.3243,0.0011,-1.0000
16.6629,1.0000,5.7078,1.4022,0.3263,16.6654,16.6450,15.4691,0.0011,-1.0000
16.6688,1.0000,5.7245,2.0470,0.3711,16.6594,16.6690,15.6301,0.0009,-1.0000
16.6700,1.0000,5.7413,1.3209,0.4511,16.6778,16.6737,15.2619,0.0012,-1.0000
16.6634,1.0000,5.7578,1.3294,0.3282,16.6642,16.6401,14.9710,0.0015,-1.0000
16.6685,1.0000,5.7744,1.1750,0.2941,16.6521,16.6627,15.4726,0.0014,-1.0000
16.6677,1.0000,5.7911,1.0379,0.3932,16.6751,16.6630,15.3569,0.0009,-1.0000
16.6646,1.0000,5.8080,1.4107,0.3369,16.6831,16.6518,15.4676,0.0013,-1.0000
16.6656,1.0000,5.8245,1.6677,0.3799,16.6508,16.6510,15.2166,0.0012,-1.0000
16.6690,1.0000,5.8412,1.1884,0.4080,16.6705,16.6719,15.3056,0.0012,-1.0000
16.6662,1.0000,5.8578,1.3050,0.3218,16.6716,16.6521,15.3984,0.0012,-1.0000
16.6684,1.0000,5.8744,1.1829,0.3331,16.6614,16.6666,15.2986,0.0015,-1.0000
16.6652,1.0000,5.8932,1.4332,0.4847,16.6584,16.6499,15.0338,0.0011,-1.0000
16.6657,1.0000,5.9078,1.3652,0.3429,16.6809,16.6552,12.4888,0.0016,-1.0000
16.6713,1.0000,5.9245,1.2524,0.4321,16.6605,16.6654,15.4428,0.0012,-1.0000
16.6669,1.0000,5.9411,1.3663,0.3338,16.6750,16.6592,15.3190,0.0011,-1.0000
16.6659,1.0000,5.9578,1.6149,0.4548,16.6590,16.6539,15.4948,0.0012,-1.0000
16.6686,1.0000,5.9744,4.1647,0.3241,16.6638,16.6643,15.4722,0.0013,-1.0000
16.6657,1.0000,5.9911,1.2210,0.3921,16.6738,16.6563,15.3240,0.0010,-1.0000
16.6649,1.0000,6.0077,1.3388,0.3482,16.6681,16.6521,15.4844,0.0012,-1.0000
16.6697,1.0000,6.0245,1.1573,0.3880,16.6618,16.6735,15.5027,0.0011,-1.0000
16.6672,1.0000,6.0411,1.1907,0.3512,16.6731,16.6527,15.1904,0.0016,-1.0000
16.6637,1.0000,6.0578,1.3309,0.3210,16.6651,16.6499,15.4541,0.0010,-1.0000
16.6691,1.0000,6.0745,1.1665,0.3117,16.6593,16.6628,15.3111,0.0011,-1.0000
16.6666,1.0000,6.0911,1.1694,0.3986,16.6830,16.6557,14.5717,0.0011,-1.0000
16.6653,1.0000,6.1077,1.4603,0.3323,16.6626,16.6515,15.4710,0.0010,-1.0000
16.6676,1.0000,6.1244,1.1947,0.4186,16.6594,16.6664,15.5808,0.0008,-1.0000
16.6678,1.0000,6.1413,1.3504,0.5186,16.6726,16.6558,15.2058,0.0009,-1.0000
16.6652,1.0000,6.1597,2.0828,0.3242,16.6644,16.6537,15.1644,0.0014,-1.0000
16.6675,1.0000,6.1747,1.1793,0.3194,16.6602,16.6631,13.5993,0.0012,-1.0000
16.6677,1.0000,6.1911,1.0851,0.3817,16.6764,16.6558,15.0196,0.0010,-1.0000
16.6652,1.0000,6.2078,1.4487,0.3883,16.6644,16.6507,15.4634,0.0014,-1.0000
16.6668,1.0000,6.2246,1.4875,0.3429,16.6637,16.6618,15.4423,0.0011,-1.0000
16.6678,1.0000,6.2412,3.0625,0.3071,16.6722,16.6716,15.1039,0.0016,-1.0000
16.6662,1.0000,6.2578,1.6350,0.3230,16.6648,16.6480,15.3234,0.0012,-1.0000
16.6675,1.0000,6.2744,1.1858,0.3267,16.6591,16.6603,15.3092,0.0012,-1.0000
16.6679,1.0000,6.2913,1.2184,0.3733,16.6693,16.6598,15.3703,0.0012,-1.0000
16.6642,1.0000,6.3079,1.5661,0.3752,16.6794,16.6448,14.9407,0.0012,-1.0000
16.6714,1.0000,6.3245,1.3235,0.3801,16.6574,16.6673,15.1314,0.0013,-1.0000
16.6650,1.0000,6.3413,1.3500,0.3845,16.6698,16.6648,15.2759,0.0012,-1.0000
16.6642,1.0000,6.3578,1.2881,0.3201,16.6698,16.6447,15.2133,0.0012,-1.0000
16.6678,1.0000,6.3744,1.7029,0.3816,16.6542,16.6621,15.3993,0.0011,-1.0000
16.6684,1.0000,6.3915,1.5340,0.4013,16.6749,16.6595,15.4313,0.0011,-1.0000
16.6637,1.0000,6.4078,1.3876,0.3167,16.6749,16.6466,14.6390,0.0016,-1.0000
16.6677,1.0000,6.4245,1.4297,0.3485,16.6550,16.6610,15.3892,0.0011,-1.0000
16.6684,1.0000,6.4412,1.2618,0.3385,16.6707,16.6682,15.4243,0.0010,-1.0000
16.6648,1.0000,6.4578,1.2272,0.3619,16.6701,16.6498,15.1169,0.0012,-1.0000
16.6679,1.0000,6.4745,2.0055,0.3239,16.6551,16.6625,15.3876,0.0013,-1.0000
16.6670,1.0000,6.4914,1.2704,0.3634,16.6676,16.6581,15.2356,0.0013,-1.0000
16.6644,1.0000,6.5078,1.2429,0.4331,16.6767,16.6486,14.8103,0.0015,-1.0000
16.6672,1.0000,6.5246,1.5316,0.3490,16.6598,16.6604,15.4481,0.0011,-1.0000
16.6686,1.0000,6.5412,1.2734,0.3436,16.6712,16.6693,15.1121,0.0011,-1.0000
16.6663,1.0000,6.5580,1.4211,0.4336,16.6682,16.6578,15.0196,0.0014,-1.0000
16.6673,1.0000,6.5744,1.8367,0.3156,16.6568,16.6536,15.0793,0.0014,-1.0000
16.6667,1.0000,6.5912,1.2113,0.3360,16.6687,16.6562,15.1790,0.0011,-1.0000
16.6664,1.0000,6.6078,1.5560,0.4444,16.6781,16.6542,15.4273,0.0012,-1.0000
16.6669,1.0000,6.6246,1.6366,0.3871,16.6672,16.6608,15.3666,0.0014,-1.0000
16.6667,1.0000,6.6413,1.5729,0.3779,16.6627,16.6588,15.2188,0.0011,-1.0000
16.6670,1.0000,6.6579,1.4758,0.3201,16.6648,16.6587,15.2033,0.0012,-1.0000
16.6673,1.0000,6.6745,1.2255,0.3309,16.6632,16.6606,15.3770,0.0012,-1.0000
16.6667,1.0000,6.6911,1.2928,0.3525,16.6699,16.6526,15.3476,0.0012,-1.0000
16.6645,1.0000,6.7078,1.4387,0.3491,16.6673,16.6512,15.3931,0.0013,-1.0000
16.6686,1.0000,6.7246,1.4543,0.3310,16.6667,16.6672,15.3088,0.0012,-1.0000
16.6670,1.0000,6.7412,1.2822,0.3240,16.6710,16.6608,15.2170,0.0013,-1.0000
16.6665,1.0000,6.7578,1.3036,0.3018,16.6618,16.6506,15.2936,0.0015,-1.0000
16.6682,1.0000,6.7744,1.2567,0.3752,16.6589,16.6667,15.3780,0.0014,-1.0000
16.6673,1.0000,6.7912,1.3571,0.3407,16.6749,16.6592,15.2591,0.0011,-1.0000
16.6684,1.0000,6.8080,1.4424,0.3620,16.6698,16.6634,15.3044,0.0011,-1.0000
16.6640,1.0000,6.8245,1.3555,0.4116,16.6600,16.6418,14.9836,0.0013,-1.0000
16.6681,1.0000,6.8412,1.2875,0.4278,16.6759,16.6579,15.2738,0.0010,-1.0000
16.6661,1.0000,6.8579,1.3991,0.3316,16.6704,16.6552,15.2125,0.0011,-1.0000
16.6662,1.0000,6.8745,1.3576,0.4242,16.6756,16.6560,15.2061,0.0014,-1.0000
16.6670,1.0000,6.8913,1.6566,0.3637,16.6533,16.6555,15.1544,0.0013,-1.0000
16.6666,1.0000,6.9080,1.3829,0.4207,16.6684,16.6567,15.1745,0.0011,-1.0000
16.6670,1.0000,6.9245,1.4414,0.3615,16.6666,16.6544,14.8182,0.0014,-1.0000
16.6657,1.0000,6.9411,1.4485,0.4374,16.6672,16.6496,15.3114,0.0011,-1.0000
16.6666,1.0000,6.9578,1.4996,0.4232,16.6663,16.6635,15.3692,0.0014,-1.0000
16.6667,1.0000,6.9746,1.4810,0.5652,16.6682,16.6547,15.3575,0.0014,-1.0000
16.6668,1.0000,6.9912,1.8346,0.3600,16.6664,16.6583,14.8693,0.0016,-1.0000
16.6685,1.0000,7.0079,1.3367,0.4350,16.6580,16.6644,15.2317,0.0012,-1.0000
16.6664,1.0000,7.0246,1.2926,0.3699,16.6717,16.6596,15.3658,0.0013,-1.0000
16.6661,1.0000,7.0412,1.2958,0.3945,16.6631,16.6463,14.8583,0.0015,-1.0000
16.6659,1.0000,7.0579,1.7872,0.3736,16.6667,16.6580,15.3062,0.0012,-1.0000
16.6675,1.0000,7.0745,1.4310,0.3734,16.6749,16.6622,15.3251,0.0015,-1.0000
16.6661,1.0000,7.0912,1.2923,0.3491,16.6709,16.6475,15.0900,0.0011,-1.0000
16.6676,1.0000,7.1079,1.7862,0.3659,16.6569,16.6584,15.2773,0.0012,-1.0000
16.6656,1.0000,7.1245,1.3506,0.3205,16.6685,16.6529,15.2465,0.0012,-1.0000
16.6673,1.0000,7.1413,1.3355,0.4127,16.6742,16.6605,15.3587,0.0013,-1.0000
16.6663,1.0000,7.1579,1.5561,0.3942,16.6583,16.6529,14.9771,0.0013,-1.0000
16.6662,1.0000,7.1744,1.3796,0.3459,16.6694,16.6622,15.3734,0.0011,-1.0000
16.6667,1.0000,7.1912,1.4051,0.3490,16.6615,16.6544,15.3456,0.0012,-1.0000
16.6678,1.0000,7.2078,1.3005,0.3842,16.6704,16.6604,15.2173,0.0015,-1.0000
16.6674,1.0000,7.2246,1.6745,0.4084,16.6630,16.6598,15.4156,0.0010,-1.0000
16.6669,1.0000,7.2412,1.2879,0.3180,16.6707,16.6638,15.3601,0.0011,-1.0000
16.6659,1.0000,7.2578,1.3075,0.4235,16.6624,16.6490,15.2222,0.0013,-1.0000
16.6659,1.0000,7.2744,1.4414,0.3556,16.6687,16.6573,15.3753,0.0011,-1.0000
16.6675,1.0000,7.2913,1.2429,0.3733,16.6682,16.6638,15.3974,0.0010,-1.0000
16.6666,1.0000,7.3079,1.3025,0.3810,16.6726,16.6506,14.9040,0.0011,-1.0000
16.6659,1.0000,7.3245,1.4254,0.3233,16.6579,16.6570,15.2704,0.0012,-1.0000
16.6674,1.0000,7.3412,1.2808,0.3346,16.6660,16.6589,15.3395,0.0011,-1.0000
16.6686,1.0000,7.3585,1.2648,0.4232,16.6744,16.6629,15.3929,0.0012,-1.0000
16.6652,1.0000,7.3744,1.7455,0.3150,16.6599,16.6504,14.5086,0.0020,-1.0000
16.6664,1.0000,7.3912,1.3854,0.3694,16.6653,16.6606,15.3158,0.0013,-1.0000
16.6671,1.0000,7.4078,1.3181,0.3291,16.6677,16.6574,15.3360,0.0012,-1.0000
16.6671,1.0000,7.4245,1.2685,0.9079,16.6728,16.6604,15.2192,0.0011,-1.0000
16.6656,1.0000,7.4412,2.1399,0.3666,16.6602,16.6540,15.4717,0.0013,-1.0000
16.6673,1.0000,7.4579,1.3434,0.3103,16.6691,16.6631,15.4196,0.0012,-1.0000
16.6676,1.0000,7.4745,1.3202,0.4199,16.6663,16.6616,15.4149,0.0012,-1.0000
16.6658,1.0000,7.4912,1.4399,0.3136,16.6678,16.6488,15.1929,0.0011,-1.0000
16.6680,1.0000,7.5079,1.1810,0.3146,16.6625,16.6646,15.4289,0.0012,-1.0000
16.6657,1.0000,7.5245,1.2424,0.3561,16.6720,16.6494,15.2952,0.0013,-1.0000
16.6682,1.0000,7.5412,1.2452,0.3841,16.6707,16.6623,15.3230,0.0013,-1.0000
16.6649,1.0000,7.5580,1.4547,0.3537,16.6587,16.6535,15.3327,0.0011,-1.0000
16.6683,1.0000,7.5745,1.2344,0.3198,16.6746,16.6609,15.2021,0.0015,-1.0000
16.6669,1.0000,7.5912,1.3527,0.4433,16.6597,16.6581,15.1149,0.0013,-1.0000
16.6650,1.0000,7.6078,1.3379,0.2968,16.6715,16.6473,15.2075,0.0012,-1.0000
16.6663,1.0000,7.6245,1.3196,0.3299,16.6631,16.6549,15.4995,0.0012,-1.0000
16.6684,1.0000,7.6416,1.4573,0.8212,16.6711,16.6656,15.3921,0.0015,-1.0000
16.6662,1.0000,7.6578,1.5417,0.3878,16.6702,16.6560,14.7304,0.0016,-1.0000
16.6662,1.0000,7.6744,1.4384,0.3768,16.6564,16.6585,15.4144,0.0012,-1.0000
16.6685,1.0000,7.6912,1.1542,0.3663,16.6632,16.6616,15.5802,0.0013,-1.0000
16.6656,1.0000,7.7078,1.2719,0.4241,16.6737,16.6531,15.3487,0.0010,-1.0000
16.6658,1.0000,7.7246,1.9238,0.3099,16.6648,16.6560,15.4271,0.0013,-1.0000
16.6683,1.0000,7.7412,1.2427,0.3149,16.6666,16.6664,15.3344,0.0010,-1.0000
16.6657,1.0000,7.7578,1.0799,0.4115,16.6706,16.6509,15.2614,0.0013,-1.0000
16.6674,1.0000,7.7744,1.3031,0.3143,16.6630,16.6625,15.4091,0.0012,-1.0000
16.6669,1.0000,7.7912,1.2276,0.3249,16.6641,16.6551,15.5550,0.0009,-1.0000
16.6659,1.0000,7.8079,1.3308,0.3328,16.6757,16.6540,15.3347,0.0011,-1.0000
16.6667,1.0000,7.8245,1.3881,0.3470,16.6598,16.6604,15.2607,0.0014,-1.0000
16.6682,1.0000,7.8413,1.2519,0.3095,16.6713,16.6656,15.4528,0.0010,-1.0000
16.6661,1.0000,7.8578,1.0990,0.3571,16.6641,16.6530,15.1008,0.0014,-1.0000
16.6648,1.0000,7.8744,1.3177,0.3063,16.6626,16.6535,15.4188,0.0010,-1.0000
16.6695,1.0000,7.8913,1.3981,0.3569,16.6676,16.6691,15.5602,0.0009,-1.0000
16.6662,1.0000,7.9079,1.2115,0.3979,16.6742,16.6537,15.2626,0.0015,-1.0000
16.6651,1.0000,7.9245,1.5507,0.3244,16.6626,16.6523,15.3381,0.0012,-1.0000
16.6680,1.0000,7.9413,1.2334,0.3238,16.6611,16.7189,15.5008,0.0011,-1.0000
16.6657,1.0000,7.9578,1.1078,0.3722,16.6779,16.5970,15.2516,0.0014,-1.0000
16.6665,1.0000,7.9745,1.3893,0.3563,16.6639,16.6587,15.5150,0.0013,-1.0000
16.6687,1.0000,7.9912,1.3131,0.2853,16.6610,16.6684,15.4673,0.0012,-1.0000
16.6656,1.0000,8.0079,1.2171,0.3105,16.7271,16.6489,15.2417,0.0014,-1.0000
16.6667,1.0000,8.0245,1.3442,0.3133,16.6057,16.6582,15.4072,0.0012,-1.0000
16.6669,1.0000,8.0412,1.1422,0.3028,16.6661,16.6573,15.4178,0.0010,-1.0000
16.6672,1.0000,8.0579,1.1998,0.4484,16.6787,16.6633,15.4027,0.0013,-1.0000
16.6650,1.0000,8.0744,1.4056,0.3531,16.6586,16.6506,15.3903,0.0012,-1.0000
16.6692,1.0000,8.0913,1.2497,0.3260,16.6664,16.6634,15.5030,0.0012,-1.0000
16.6659,1.0000,8.1079,1.2382,0.3479,16.6662,16.6564,15.1470,0.0014,-1.0000
16.6667,1.0000,8.1245,1.2592,0.3122,16.6726,16.6564,15.3310,0.0012,-1.0000
16.6664,1.0000,8.1413,1.2590,0.3783,16.6588,16.6583,14.7116,0.0012,-1.0000
16.6648,1.0000,8.1578,1.1592,0.3817,16.6715,16.6502,15.2718,0.0012,-1.0000
16.6697,1.0000,8.1744,1.5082,0.3187,16.6667,16.6710,15.5512,0.0010,-1.0000
16.6673,1.0000,8.1912,1.3240,0.3888,16.6656,16.6593,15.3309,0.0010,-1.0000
16.6630,1.0000,8.2078,1.9453,0.3118,16.6666,16.6433,15.3817,0.0013,-1.0000
16.6686,1.0000,8.2245,1.3771,0.3189,16.6573,16.6688,15.6070,0.0011,-1.0000
16.6680,1.0000,8.2412,1.1189,0.3621,16.6791,16.6625,15.3935,0.0011,-1.0000
16.6650,1.0000,8.2578,1.3273,0.3172,16.6693,16.6561,15.1428,0.0013,-1.0000
16.6659,1.0000,8.2744,1.2602,0.2869,16.6508,16.6534,15.4864,0.0012,-1.0000
16.6692,1.0000,8.2912,1.0605,0.3339,16.6755,16.6685,15.5502,0.0011,-1.0000
16.6643,1.0000,8.3079,1.2675,0.5376,16.6704,16.6466,15.4781,0.0011,-1.0000
16.6681,1.0000,8.3245,1.5119,0.2932,16.6639,16.6659,15.3745,0.0013,-1.0000
16.6670,1.0000,8.3412,1.1657,0.3095,16.6605,16.6596,15.4924,0.0012,-1.0000
16.6654,1.0000,8.3578,1.1169,0.3105,16.6783,16.6514,15.4064,0.0012,-1.0000
16.6675,1.0000,8.3745,1.1676,0.2985,16.6544,16.6642,15.4882,0.0009,-1.0000
16.6676,1.0000,8.3912,1.2898,0.3055,16.6729,16.6603,15.2742,0.0013,-1.0000
16.6671,1.0000,8.4078,1.1657,0.3097,16.6686,16.6575,15.2933,0.0013,-1.0000
16.6680,1.0000,8.4246,1.2440,0.3314,16.6589,16.6603,15.4074,0.0013,-1.0000
16.6652,1.0000,8.4411,1.1752,0.3253,16.6728,16.6565,15.0447,0.0011,-1.0000
16.6649,1.0000,8.4578,1.3844,0.3605,16.6681,16.6515,15.4445,0.0011,-1.0000
16.6691,1.0000,8.4745,1.3623,0.3510,16.6664,16.6722,15.5101,0.0013,-1.0000
16.6667,1.0000,8.4912,1.2514,0.3934,16.6688,16.6544,15.3025,0.0012,-1.0000
16.6647,1.0000,8.5078,1.6108,0.2886,16.6646,16.6479,15.4369,0.0012,-1.0000
16.6690,1.0000,8.5245,1.2060,0.2891,16.6590,16.6679,15.4333,0.0012,-1.0000
16.6668,1.0000,8.5412,1.1607,0.3339,16.6809,16.6543,15.3437,0.0011,-1.0000
16.6665,1.0000,8.5579,1.3507,0.3562,16.6656,16.6564,15.4438,0.0013,-1.0000
16.6663,1.0000,8.5744,1.2099,0.3299,16.6563,16.6576,15.3135,0.0011,-1.0000
16.6676,1.0000,8.5913,1.2336,0.4217,16.6783,16.6604,15.4731,0.0013,-1.0000
16.6676,1.0000,8.6079,1.3090,0.3003,16.6629,16.6595,15.1278,0.0015,-1.0000
16.6659,1.0000,8.6245,1.2113,0.3216,16.6651,16.6522,15.2706,0.0010,-1.0000
16.6680,1.0000,8.6414,1.3429,0.3359,16.6660,16.6646,15.2854,0.0012,-1.0000
16.6656,1.0000,8.6579,1.1858,0.3726,16.6703,16.6457,14.9693,0.0015,-1.0000
16.6637,1.0000,8.6744,1.5302,0.3612,16.6708,16.6497,15.3781,0.0015,-1.0000
16.7112,1.0000,8.6916,1.3801,0.4125,16.6622,16.9448,15.7007,0.0011,-1.0000
16.6662,1.0000,8.7079,1.3779,0.3898,16.6748,16.4232,14.9323,0.0013,-1.0000
16.6659,1.0000,8.7247,1.6744,0.3355,16.6570,16.6529,15.3173,0.0013,-1.0000
16.6677,1.0000,8.7415,1.2703,0.3438,16.6573,16.6592,15.3567,0.0011,-1.0000
16.6659,1.0000,8.7579,1.2429,0.3945,16.9531,16.6564,15.0102,0.0014,-1.0000
16.6671,1.0000,8.7745,1.4897,0.4408,16.4343,16.6589,15.3803,0.0010,-1.0000
16.6681,1.0000,8.7912,1.3343,0.3037,16.6615,16.6638,15.4408,0.0011,-1.0000
16.6650,1.0000,8.8080,1.3011,0.5657,16.6680,16.6501,15.0225,0.0015,-1.0000
16.6672,1.0000,8.8246,1.6445,0.3237,16.6651,16.6553,15.3040,0.0012,-1.0000
16.6663,1.0000,8.8413,1.2776,0.3206,16.6684,16.6604,15.2506,0.0013,-1.0000
16.6676,1.0000,8.8580,1.2219,0.6244,16.6744,16.6594,15.2857,0.0012,-1.0000
16.6648,1.0000,8.8745,1.6264,0.3314,16.6606,16.6474,15.2291,0.0013,-1.0000
16.6696,1.0000,8.8912,1.3501,0.3880,16.6643,16.6674,15.4486,0.0012,-1.0000
16.6664,1.0000,8.9080,1.4086,0.3515,16.6697,16.6535,15.3032,0.0012,-1.0000
16.6641,1.0000,8.9246,1.3722,0.3640,16.6696,16.6506,15.0642,0.0014,-1.0000
16.6684,1.0000,8.9412,1.4170,0.3271,16.6567,16.6659,15.3550,0.0012,-1.0000
16.6692,1.0000,8.9580,1.2176,0.3304,16.6769,16.6665,15.4817,0.0013,-1.0000
16.6627,1.0000,8.9746,1.3490,0.4190,16.6630,16.6405,15.1563,0.0013,-1.0000
16.6668,1.0000,8.9911,1.5850,0.3302,16.6589,16.6562,15.4497,0.0013,-1.0000
16.6711,1.0000,9.0079,1.3094,0.2956,16.6727,16.6785,15.6885,0.0008,-1.0000
16.6641,1.0000,9.0245,1.1829,0.3869,16.6764,16.6425,15.3933,0.0011,-1.0000
16.6670,1.0000,9.0412,1.4831,0.2888,16.6505,16.6645,15.4877,0.0010,-1.0000
16.6692,1.0000,9.0580,1.2052,0.2781,16.6625,16.6619,15.4319,0.0012,-1.0000
16.6641,1.0000,9.0745,0.9892,0.3107,16.6881,16.6484,15.2985,0.0017,-1.0000
16.6672,1.0000,9.0911,1.2482,0.3209,16.6527,16.6579,15.4853,0.0011,-1.0000
16.6686,1.0000,9.1079,1.1757,0.3897,16.6726,16.6641,14.3112,0.0010,-1.0000
16.6641,1.0000,9.1246,1.2286,0.3439,16.6716,16.6501,15.4877,0.0010,-1.0000
16.6714,1.0000,9.1414,1.3481,0.3454,16.6587,16.6779,15.3128,0.0010,-1.0000
16.6645,1.0000,9.1579,1.1715,0.3327,16.6658,16.6450,15.0510,0.0012,-1.0000
16.6648,1.0000,9.1745,2.3521,0.3181,16.6717,16.6509,15.4312,0.0014,-1.0000
16.6695,1.0000,9.1912,1.1614,0.3826,16.6587,16.6720,15.4232,0.0012,-1.0000
16.6657,1.0000,9.2079,1.3638,0.3949,16.6876,16.6469,15.3332,0.0011,-1.0000
16.6646,1.0000,9.2247,1.5925,0.3212,16.6549,16.6484,15.4156,0.0010,-1.0000
16.6697,1.0000,9.2413,1.2183,0.3131,16.6600,16.6717,15.3839,0.0012,-1.0000
16.6673,1.0000,9.2580,1.2473,0.3203,16.6839,16.6607,14.5423,0.0013,-1.0000
16.6643,1.0000,9.2745,1.3125,0.3241,16.6560,16.6453,15.2086,0.0016,-1.0000
16.6675,1.0000,9.2911,1.2319,0.3196,16.6557,16.6601,15.3928,0.0014,-1.0000
16.6685,1.0000,9.3081,1.2865,0.3359,16.6799,16.6689,14.6524,0.0014,-1.0000
16.6648,1.0000,9.3246,2.1169,0.3993,16.6719,16.6496,14.7382,0.0014,-1.0000
16.6679,1.0000,9.3413,1.4351,0.3145,16.6544,16.6635,15.4479,0.0010,-1.0000
16.6678,1.0000,9.3581,1.2658,0.3276,16.6675,16.7189,15.1103,0.0013,-1.0000
16.6646,1.0000,9.3746,2.0154,0.4712,16.6772,16.5850,15.1297,0.0017,-1.0000
16.6681,1.0000,9.3913,1.9101,0.3179,16.6583,16.6689,15.4579,0.0012,-1.0000
16.6662,1.0000,9.4079,1.2144,0.3905,16.6738,16.6470,15.1701,0.0012,-1.0000
16.6657,1.0000,9.4245,1.6075,0.3474,16.7300,16.6546,15.4615,0.0010,-1.0000
16.7849,1.0000,9.4421,1.4536,0.3194,16.5937,16.7842,15.4543,0.0009,-1.0000
16.6448,1.0000,9.4581,1.2099,0.4027,16.6806,16.6293,14.1663,0.0015,-1.0000
16.6659,1.0000,9.4748,1.4754,0.3113,16.6567,16.6595,15.2984,0.0012,-1.0000
16.6670,1.0000,9.4913,1.1920,0.3423,16.6634,16.6585,15.2582,0.0013,-1.0000
16.6664,1.0000,9.5080,1.3293,0.4178,16.7936,16.6542,15.3964,0.0011,-1.0000
16.6654,1.0000,9.5246,2.4612,0.3142,16.6375,16.6544,15.4813,0.0014,-1.0000
16.6691,1.0000,9.5413,1.3595,0.3213,16.6687,16.6693,15.5165,0.0010,-1.0000
16.6670,1.0000,9.5582,1.3988,0.3199,16.6687,16.6532,15.1810,0.0011,-1.0000
16.6664,1.0000,9.5747,1.2563,0.3111,16.6628,16.6582,15.2254,0.0013,-1.0000
16.6664,1.0000,9.5912,1.1716,0.3554,16.6621,16.6539,15.3983,0.0013,-1.0000
16.6668,1.0000,9.6080,1.1513,0.3729,16.6786,16.6579,15.3942,0.0016,-1.0000
16.6631,1.0000,9.6245,1.4709,0.3175,16.6635,16.6455,15.3629,0.0011,-1.0000
16.6709,1.0000,9.6418,1.4313,0.3125,16.6683,16.6785,15.6559,0.0012,-1.0000
16.6668,1.0000,9.6580,1.2542,0.3188,16.6632,16.6526,14.6322,0.0017,-1.0000
16.6657,1.0000,9.6747,1.2619,0.3175,16.6667,16.6533,15.1875,0.0013,-1.0000
16.6665,1.0000,9.6917,1.2816,0.2862,16.6519,16.6606,15.3789,0.0011,-1.0000
16.6674,1.0000,9.7080,1.0216,0.3657,16.6868,16.6595,14.5557,0.0012,-1.0000
16.6653,1.0000,9.7248,2.0183,0.4076,16.6625,16.6535,15.4791,0.0014,-1.0000
16.6674,1.0000,9.7414,1.4644,0.3274,16.6618,16.6651,15.2444,0.0012,-1.0000
16.6686,1.0000,9.7580,1.2810,0.4226,16.6690,16.6606,15.3125,0.0012,-1.0000
16.6650,1.0000,9.7747,2.1026,0.3317,16.6684,16.6517,15.3855,0.0011,-1.0000
16.6669,1.0000,9.7912,1.1730,0.3177,16.6616,16.6598,15.4588,0.0013,-1.0000
16.6666,1.0000,9.8081,1.4195,0.4017,16.6730,16.6585,15.4685,0.0013,-1.0000
16.6665,1.0000,9.8246,1.3464,0.3667,16.6697,16.6552,15.2395,0.0013,-1.0000
16.6670,1.0000,9.8414,1.2647,0.3118,16.6605,16.6607,15.4979,0.0010,-1.0000
16.6667,1.0000,9.8580,1.1996,0.3458,16.6687,16.6590,15.2215,0.0013,-1.0000
16.6675,1.0000,9.8747,1.1886,0.3188,16.6673,16.6586,15.3758,0.0010,-1.0000
16.6662,1.0000,9.8913,1.4144,0.3346,16.6629,16.6578,15.2991,0.0010,-1.0000
16.6665,1.0000,9.9080,1.1619,0.3735,16.6694,16.6541,15.2892,0.0010,-1.0000
16.6657,1.0000,9.9246,1.4361,0.3428,16.6676,16.6485,15.4837,0.0012,-1.0000
16.6685,1.0000,9.9414,1.2817,0.3712,16.6689,16.6699,15.5032,0.0010,-1.0000
16.6667,1.0000,9.9580,1.3578,0.3335,16.6676,16.6560,15.3667,0.0008,-1.0000
16.6664,1.0000,9.9748,1.3639,0.3073,16.6639,16.7074,15.4292,0.0012,-1.0000
16.6678,1.0000,9.9913,1.1636,0.3087,16.6559,16.7054,15.2068,0.0013,-1.0000
16.6660,1.0000,10.0104,1.1656,0.3151,16.6788,16.6353,15.2095,0.0013,-1.0000
16.6646,1.0000,10.0247,1.2884,0.3298,16.6648,16.6496,12.9770,0.0012,-1.0000
16.6691,1.0000,10.0416,1.2773,0.3507,16.7172,16.7291,15.4034,0.0011,-1.0000
16.6664,1.0000,10.0581,1.4973,0.4384,16.7156,16.5722,14.9578,0.0010,-1.0000
16.6658,1.0000,10.0747,1.4244,0.6379,16.6436,16.6545,15.2048,0.0014,-1.0000
16.6683,1.0000,10.0914,3.6715,0.3351,16.6585,16.7234,15.2779,0.0011,-1.0000
16.6668,1.0000,10.1080,1.3246,0.3716,16.7402,16.5607,15.3414,0.0013,-1.0000
16.6647,1.0000,10.1247,1.6134,0.3884,16.5812,16.6499,15.4503,0.0013,-1.0000
16.6669,1.0000,10.1415,1.4482,0.5140,16.6619,16.6593,15.3540,0.0008,-1.0000
16.6684,1.0000,10.1580,1.4443,0.4216,16.7321,16.6640,15.2080,0.0010,-1.0000
16.6661,1.0000,10.1747,1.2179,0.3816,16.5696,16.6565,15.4892,0.0011,-1.0000
16.6675,1.0000,10.1913,1.1983,0.3517,16.6576,16.6687,15.3573,0.0012,-1.0000
16.6670,1.0000,10.2081,1.3045,0.4125,16.6664,16.7043,15.3140,0.0013,-1.0000
16.6650,1.0000,10.2247,1.4546,0.3869,16.6722,16.5965,15.3309,0.0014,-1.0000
16.6664,1.0000,10.2415,1.1662,0.3088,16.6651,16.6679,15.3560,0.0011,-1.0000
16.6677,1.0000,10.2580,1.3101,0.3341,16.6777,16.6616,15.2130,0.0011,-1.0000
16.6659,1.0000,10.2747,1.3889,0.3485,16.7134,16.6484,15.4857,0.0011,-1.0000
16.6682,1.0000,10.2913,1.2640,0.3225,16.6044,16.6720,15.3873,0.0013,-1.0000
16.6673,1.0000,10.3082,1.3109,0.3333,16.6762,16.6609,15.3343,0.0011,-1.0000
16.6633,1.0000,10.3246,1.4472,0.3411,16.6698,16.6384,15.2516,0.0012,-1.0000
16.6692,1.0000,10.3414,1.1618,0.3083,16.6571,16.6766,15.4770,0.0008,-1.0000
16.6679,1.0000,10.3581,1.2830,0.3656,16.6809,16.6624,15.3167,0.0010,-1.0000
16.6659,1.0000,10.3747,1.3254,0.3430,16.6698,16.6422,14.9949,0.0015,-1.0000
16.6664,1.0000,10.3913,1.3857,0.2891,16.6459,16.6580,15.3629,0.0011,-1.0000
16.6682,1.0000,10.4080,1.1987,0.3131,16.6845,16.6613,15.2249,0.0015,-1.0000
16.6661,1.0000,10.4247,1.3446,0.4940,16.6726,16.6559,15.3445,0.0013,-1.0000
16.6655,1.0000,10.4413,1.6454,0.3138,16.6524,16.6540,15.3414,0.0010,-1.0000
16.6690,1.0000,10.4580,1.2939,0.3458,16.6666,16.6690,15.4901,0.0011,-1.0000
16.6654,1.0000,10.4748,1.4348,0.3487,16.6698,16.6516,15.2758,0.0013,-1.0000
16.6674,1.0000,10.4913,1.3102,0.3073,16.6650,16.7139,15.3174,0.0013,-1.0000
16.6674,1.0000,10.5081,1.3117,0.3148,16.6629,16.6048,15.2948,0.0011,-1.0000
16.6656,1.0000,10.5247,1.1773,0.6219,16.6765,16.6501,15.0145,0.0016,-1.0000
16.6655,1.0000,10.5414,1.3745,0.3059,16.6616,16.7084,15.3683,0.0012,-1.0000
16.6692,1.0000,10.5582,1.3947,0.4205,16.7239,16.6221,15.2547,0.0013,-1.0000
16.6663,1.0000,10.5747,1.3083,0.4521,16.6139,16.6534,15.0966,0.0013,-1.0000
16.6657,1.0000,10.5913,1.6341,0.3080,16.6590,16.7004,15.3574,0.0013,-1.0000
16.6698,1.0000,10.6081,1.3391,0.2984,16.7169,16.6313,15.3975,0.0013,-1.0000
16.6639,1.0000,10.6247,1.3661,0.3248,16.6319,16.6277,15.1535,0.0013,-1.0000
16.6652,1.0000,10.6414,1.5556,0.3091,16.6643,16.6475,15.4480,0.0013,-1.0000
16.6699,1.0000,10.6581,1.3419,0.3379,16.7103,16.7305,15.3338,0.0010,-1.0000
16.6654,1.0000,10.6747,1.2327,0.3354,16.6413,16.6423,15.1146,0.0012,-1.0000
16.6671,1.0000,10.6913,1.4725,0.2863,16.6380,16.6764,15.2612,0.0012,-1.0000
16.6676,1.0000,10.7080,1.1983,0.2872,16.6554,16.6502,15.4652,0.0012,-1.0000
16.6661,1.0000,10.7248,1.3954,0.3720,16.7387,16.6900,15.3965,0.0013,-1.0000
16.6662,1.0000,10.7414,1.5264,0.3183,16.6512,16.6125,15.2696,0.0012,-1.0000
16.6700,1.0000,10.7581,1.4142,0.3456,16.6855,16.6737,15.3820,0.0012,-1.0000
16.6634,1.0000,10.7748,1.1836,0.2982,16.6592,16.7354,15.2520,0.0013,-1.0000
16.6673,1.0000,10.7913,1.2922,0.3021,16.6989,16.5887,15.3161,0.0012,-1.0000
16.7074,1.0000,10.8087,1.3418,0.2953,16.6214,17.1249,15.3930,0.0012,-1.0000
16.6384,1.0000,10.8248,1.2898,0.3775,16.6826,16.2215,14.6870,0.0011,-1.0000
16.6648,1.0000,10.8414,1.4818,0.3015,16.7448,16.5579,15.3528,0.0013,-1.0000
16.6711,1.0000,10.8582,1.2712,0.3639,16.5988,16.7479,15.4107,0.0013,-1.0000
16.6645,1.0000,10.8748,1.7305,0.4575,17.1351,16.6638,15.0650,0.0013,-1.0000
16.6662,1.0000,10.8914,1.5334,0.3034,16.2310,16.6036,15.2811,0.0012,-1.0000
16.8408,1.0000,10.9084,1.2037,0.2861,16.5656,16.8994,15.5391,0.0013,-1.0000
16.6666,1.0000,10.9249,1.3359,0.3670,16.7588,16.6064,14.9493,0.0015,-1.0000
16.6638,1.0000,10.9415,1.5975,0.3627,16.6743,16.6402,15.3646,0.0011,-1.0000
16.6687,1.0000,10.9585,1.3217,0.3166,16.6125,16.7003,15.4366,0.0011,-1.0000
16.6668,1.0000,10.9751,1.3588,0.4995,16.9104,16.6859,15.0091,0.0010,-1.0000
16.6662,1.0000,10.9915,1.6553,0.2880,16.6162,16.5925,15.0845,0.0012,-1.0000
16.6671,1.0000,11.0083,1.2749,0.3072,16.6483,16.6507,15.4195,0.0012,-1.0000
16.6669,1.0000,11.0250,1.2625,0.3241,16.7102,16.7690,15.2696,0.0012,-1.0000
16.6667,1.0000,11.0416,1.6758,0.3260,16.6970,16.5375,15.2474,0.0011,-1.0000
16.6679,1.0000,11.0584,1.5068,0.2853,16.6033,16.6834,15.3436,0.0012,-1.0000
16.6660,1.0000,11.0750,1.2301,0.3287,16.6613,16.6474,15.0078,0.0011,-1.0000
16.6667,1.0000,11.0914,1.4980,0.3604,16.7785,16.6006,15.3394,0.0013,-1.0000
16.6679,1.0000,11.1083,1.2887,0.3346,16.5471,16.6749,15.3104,0.0014,-1.0000
16.6639,1.0000,11.1248,1.3384,0.3511,16.6949,16.6336,15.3271,0.0011,-1.0000
16.6681,1.0000,11.1417,1.6387,0.3325,16.6594,16.6649,15.4969,0.0010,-1.0000
16.6686,1.0000,11.1583,1.2599,0.4057,16.6095,16.6722,15.2562,0.0009,-1.0000
16.6633,1.0000,11.1748,1.3629,0.3415,16.6852,16.6374,15.3289,0.0013,-1.0000
16.6689,1.0000,11.1915,1.3052,0.3876,16.6430,16.7061,15.4915,0.0011,-1.0000
16.6682,1.0000,11.2082,1.1670,0.3115,16.6723,16.6310,15.4962,0.0012,-1.0000
16.6630,1.0000,11.2249,1.4149,0.3174,16.6810,16.7100,15.3981,0.0013,-1.0000
16.6689,1.0000,11.2415,1.3074,0.3400,16.6448,16.5825,15.2918,0.0008,-1.0000
16.6678,1.0000,11.2582,1.2134,0.4543,16.7132,16.6621,15.2061,0.0017,-1.0000
16.6642,1.0000,11.2748,1.1337,0.3259,16.6395,16.6515,15.4623,0.0012,-1.0000
16.6678,1.0000,11.2914,1.3108,0.3048,16.7174,16.6619,15.4809,0.0012,-1.0000
16.6679,1.0000,11.3082,1.2899,0.4097,16.5887,16.6594,15.2541,0.0013,-1.0000
16.6644,1.0000,11.3248,1.4542,0.3863,16.6702,16.6536,15.3708,0.0013,-1.0000
16.6696,1.0000,11.3415,1.1879,0.3069,16.6607,16.6661,15.5706,0.0011,-1.0000
16.6667,1.0000,11.3582,1.1796,0.3696,16.6698,16.6573,15.3730,0.0013,-1.0000
16.6656,1.0000,11.3748,1.4041,0.3266,16.6689,16.6565,15.4845,0.0011,-1.0000
16.6679,1.0000,11.3915,1.2817,0.3161,16.6612,16.6603,15.3779,0.0012,-1.0000
16.6668,1.0000,11.4087,1.0940,0.5821,16.6738,16.6595,15.3543,0.0013,-1.0000
16.6664,1.0000,11.4248,1.2831,0.3181,16.6658,16.6568,14.4599,0.0013,-1.0000
16.6657,1.0000,11.4415,1.1706,0.3212,16.6649,16.6576,15.5488,0.0010,-1.0000
16.6677,1.0000,11.4581,1.2811,0.3226,16.6684,16.6579,15.4660,0.0011,-1.0000
16.6659,1.0000,11.4749,1.3037,0.3201,16.6679,16.6557,15.5456,0.0010,-1.0000
16.6689,1.0000,11.4914,2.1960,0.3186,16.6667,16.6648,15.3976,0.0009,-1.0000
16.6655,1.0000,11.5081,1.1075,0.3605,16.6663,16.6563,15.5461,0.0010,-1.0000
16.6663,1.0000,11.5248,1.1906,0.3198,16.6662,16.6536,15.4901,0.0013,-1.0000
16.6675,1.0000,11.5414,1.1089,0.3281,16.6634,16.6631,15.6096,0.0012,-1.0000
16.6660,1.0000,11.5582,1.2663,0.3497,16.6733,16.6548,15.4627,0.0009,-1.0000
16.6663,1.0000,11.5748,1.1094,0.3302,16.6655,16.6585,15.3360,0.0011,-1.0000
16.6688,1.0000,11.5920,1.1621,0.3071,16.6614,16.7032,15.4653,0.0012,-1.0000
16.6659,1.0000,11.6081,1.0519,0.3885,16.6722,16.5801,14.7115,0.0014,-1.0000
16.6660,1.0000,11.6248,1.1911,0.3801,16.6635,16.6496,15.4204,0.0009,-1.0000
16.6684,1.0000,11.6416,1.3215,0.3441,16.6673,16.6662,15.5075,0.0011,-1.0000
16.6664,1.0000,11.6581,1.2361,0.4274,16.7142,16.6531,15.1831,0.0012,-1.0000
16.6652,1.0000,11.6750,1.8670,0.3849,16.6245,16.6550,15.5193,0.0009,-1.0000
16.6702,1.0000,11.6918,1.2284,0.3249,16.6588,16.6678,15.3147,0.0010,-1.0000
16.6640,1.0000,11.7082,1.1577,0.3888,16.6760,16.6496,14.6861,0.0015,-1.0000
16.6664,1.0000,11.7249,1.4687,0.3605,16.6620,16.6544,15.3350,0.0011,-1.0000
16.6683,1.0000,11.7415,1.1345,0.3315,16.6640,16.6619,15.3443,0.0012,-1.0000
16.6653,1.0000,11.7582,1.3519,0.4097,16.6773,16.6548,15.3973,0.0014,-1.0000
16.6666,1.0000,11.7748,1.9617,0.3872,16.6597,16.6572,15.4167,0.0013,-1.0000
16.6687,1.0000,11.7915,1.3179,0.3171,16.6629,16.6628,15.4171,0.0012,-1.0000
16.6657,1.0000,11.8083,1.3160,0.4024,16.6705,16.6579,15.3027,0.0013,-1.0000
16.6663,1.0000,11.8248,1.2562,0.3226,16.6648,16.6488,15.2432,0.0012,-1.0000
16.6674,1.0000,11.8415,1.2392,0.3201,16.6653,16.6602,15.4970,0.0011,-1.0000
16.6662,1.0000,11.8582,1.2444,0.4550,16.6723,16.6555,15.3572,0.0010,-1.0000
16.6651,1.0000,11.8748,1.3539,0.3225,16.6700,16.6581,15.4763,0.0011,-1.0000
16.6683,1.0000,11.8919,1.4043,0.3334,16.6578,16.6608,15.3897,0.0012,-1.0000
16.6669,1.0000,11.9082,1.1617,0.3610,16.6690,16.6568,14.9990,0.0013,-1.0000
16.6668,1.0000,11.9249,1.2974,0.3222,16.6643,16.6585,15.3967,0.0013,-1.0000
16.6688,1.0000,11.9416,1.1803,0.4220,16.6665,16.6992,15.3168,0.0010,-1.0000
16.6644,1.0000,11.9582,1.2698,0.3205,16.6690,16.6163,14.8140,0.0018,-1.0000
16.6642,1.0000,11.9749,1.6567,0.3240,16.6649,16.6542,15.4471,0.0012,-1.0000
16.6716,1.0000,11.9915,1.2602,0.4300,16.6670,16.6754,15.3346,0.0012,-1.0000
16.6658,1.0000,12.0082,1.3811,0.3540,16.7072,16.6550,15.2045,0.0013,-1.0000
16.6646,1.0000,12.0248,1.8001,0.3245,16.6253,16.6459,15.3627,0.0012,-1.0000
16.6687,1.0000,12.0415,1.2059,0.3188,16.6617,16.6665,15.5395,0.0010,-1.0000
16.6664,1.0000,12.0582,1.3394,0.3977,16.6843,16.6528,15.3036,0.0010,-1.0000
16.6650,1.0000,12.0748,1.4493,0.3589,16.6649,16.6550,15.3446,0.0012,-1.0000
16.6692,1.0000,12.0914,1.2818,0.2820,16.6541,16.6653,15.3211,0.0012,-1.0000
16.6663,1.0000,12.1082,1.1259,0.3790,16.6754,16.6519,15.4806,0.0013,-1.0000
16.6668,1.0000,12.1249,1.3478,0.3824,16.6627,16.6565,15.3567,0.0013,-1.0000
16.6670,1.0000,12.1416,1.3090,0.3614,16.6637,16.6636,15.4061,0.0014,-1.0000
16.6658,1.0000,12.1582,1.3426,0.3465,16.6762,16.6648,15.2132,0.0012,-1.0000
16.6658,1.0000,12.1749,1.1699,0.3082,16.6616,16.6438,15.3845,0.0011,-1.0000
16.6676,1.0000,12.1914,1.2985,0.3098,16.6649,16.6605,15.3549,0.0013,-1.0000
16.6673,1.0000,12.2082,1.2557,0.3328,16.6731,16.6591,15.5020,0.0014,-1.0000
16.6664,1.0000,12.2250,1.4506,0.2947,16.6748,16.6569,15.4507,0.0011,-1.0000
16.6669,1.0000,12.2415,1.2581,0.2864,16.6528,16.6599,14.8030,0.0013,-1.0000
16.6663,1.0000,12.2582,1.3042,0.3136,16.6684,16.6544,15.3714,0.0010,-1.0000
16.6674,1.0000,12.2754,1.1556,0.3007,16.6686,16.6588,15.4161,0.0013,-1.0000
16.8155,1.0000,12.2916,1.2050,0.3484,16.6656,16.8088,14.6265,0.0013,-1.0000
16.6635,1.0000,12.3084,1.8554,0.3484,16.6693,16.6465,15.4192,0.0015,-1.0000
16.6677,1.0000,12.3250,1.2818,0.3086,16.6629,16.6650,15.3740,0.0012,-1.0000
16.6685,1.0000,12.3418,1.2413,0.4335,16.6676,16.6662,14.5017,0.0012,-1.0000
16.6641,1.0000,12.3583,2.1806,0.3104,16.8183,16.6426,14.8966,0.0015,-1.0000
16.6990,1.0000,12.3754,1.2258,0.3042,16.6544,16.8072,15.5238,0.0009,-1.0000
16.6750,1.0000,12.3917,1.2898,0.4702,16.6725,16.4943,14.9770,0.0011,-1.0000
16.6644,1.0000,12.4084,2.1631,0.3292,16.6763,16.6535,15.4422,0.0013,-1.0000
16.6675,1.0000,12.4252,1.7446,0.3128,16.6515,16.6599,15.4841,0.0012,-1.0000
16.6679,1.0000,12.4418,1.2823,0.5107,16.8378,16.7025,15.0242,0.0013,-1.0000
16.6654,1.0000,12.4584,1.5161,0.3264,16.5426,16.6148,15.4229,0.0013,-1.0000
16.6679,1.0000,12.4751,1.2100,0.3263,16.6616,16.6610,15.4449,0.0014,-1.0000
16.6661,1.0000,12.4916,1.1746,0.4105,16.6676,16.6579,15.2374,0.0013,-1.0000
16.6663,1.0000,12.5084,1.6768,0.2843,16.7105,16.6557,15.4604,0.0013,-1.0000
16.6678,1.0000,12.5251,1.1906,0.3132,16.6237,16.6625,15.4494,0.0010,-1.0000
16.6668,1.0000,12.5417,1.2145,0.4253,16.6697,16.6556,15.3448,0.0010,-1.0000
16.6659,1.0000,12.5586,1.4191,0.3631,16.6666,16.7128,15.2786,0.0012,-1.0000
16.6683,1.0000,12.5752,1.1937,0.3051,16.6642,16.6052,14.9965,0.0019,-1.0000
16.6660,1.0000,12.5916,1.2124,0.3262,16.6730,16.6550,15.1423,0.0012,-1.0000
16.6666,1.0000,12.6084,1.3095,0.4640,16.6638,16.6571,15.5112,0.0013,-1.0000
16.6670,1.0000,12.6251,1.4334,0.3648,16.7223,16.6557,15.3202,0.0011,-1.0000
16.6669,1.0000,12.6418,1.6066,0.4206,16.6151,16.6551,15.3772,0.0012,-1.0000
16.6654,1.0000,12.6583,1.5115,0.3588,16.6637,16.6552,15.3410,0.0014,-1.0000
16.6680,1.0000,12.6751,1.1447,0.3601,16.6679,16.6637,15.5588,0.0011,-1.0000
16.6664,1.0000,12.6916,1.3343,0.3871,16.6663,16.6571,15.0926,0.0013,-1.0000
16.6660,1.0000,12.7084,1.2766,0.2991,16.6637,16.6536,15.5589,0.0011,-1.0000
16.6684,1.0000,12.7251,1.3128,0.2996,16.6633,16.6703,15.5166,0.0013,-1.0000
16.6665,1.0000,12.7417,1.1034,0.3506,16.6720,16.6491,15.2996,0.0020,-1.0000
16.6650,1.0000,12.7584,1.5632,0.3230,16.6669,16.6543,15.3566,0.0012,-1.0000
16.6689,1.0000,12.7751,1.0936,0.3648,16.6613,16.6657,15.5001,0.0010,-1.0000
16.6660,1.0000,12.7916,1.1522,0.3577,16.6796,16.6534,15.3462,0.0013,-1.0000
16.6659,1.0000,12.8084,1.3471,0.3230,16.6584,16.6547,15.5394,0.0013,-1.0000
16.6672,1.0000,12.8250,1.2965,0.3165,16.6623,16.6598,15.4234,0.0011,-1.0000
16.6678,1.0000,12.8417,1.1642,0.3990,16.6751,16.6614,15.2418,0.0012,-1.0000
16.6642,1.0000,12.8583,1.3056,0.3179,16.6630,16.6510,15.4636,0.0011,-1.0000
16.6684,1.0000,12.8751,1.1138,0.3123,16.6631,16.6661,15.5620,0.0012,-1.0000
16.6674,1.0000,12.8917,1.2352,0.3494,16.6676,16.6548,15.2482,0.0013,-1.0000
16.6663,1.0000,12.9084,1.4182,0.3112,16.6703,16.6573,15.3845,0.0012,-1.0000
16.6643,1.0000,12.9250,1.1862,0.3076,16.6596,16.6532,15.4262,0.0010,-1.0000
16.6691,1.0000,12.9417,1.1027,0.3896,16.6749,16.6672,15.3810,0.0011,-1.0000
16.6658,1.0000,12.9584,1.4053,0.3323,16.6638,16.6538,15.4690,0.0010,-1.0000
16.6685,1.0000,12.9752,1.2716,0.3401,16.6655,16.6685,15.5383,0.0011,-1.0000
16.6666,1.0000,12.9916,1.2258,0.3669,16.6607,16.6519,15.0755,0.0013,-1.0000
16.6655,1.0000,13.0084,1.2853,0.3101,16.6751,16.6502,15.4622,0.0011,-1.0000
16.6684,1.0000,13.0251,1.1839,0.3366,16.6617,16.6670,15.5166,0.0012,-1.0000
16.6657,1.0000,13.0417,1.1294,0.3351,16.6794,16.6518,15.1430,0.0012,-1.0000
16.6653,1.0000,13.0584,1.5750,0.3604,16.6627,16.6514,15.4526,0.0012,-1.0000
16.6700,1.0000,13.0751,1.1865,0.3057,16.6585,16.6706,15.3744,0.0013,-1.0000
16.6657,1.0000,13.0916,1.1490,0.3474,16.6762,16.6527,15.1673,0.0013,-1.0000
16.6667,1.0000,13.1084,1.5074,0.3433,16.6610,16.6573,15.5116,0.0011,-1.0000
16.6664,1.0000,13.1251,1.1978,0.3197,16.6594,16.6586,15.4309,0.0012,-1.0000
16.6673,1.0000,13.1418,1.2950,0.3495,16.6807,16.6559,15.3575,0.0011,-1.0000
16.6644,1.0000,13.1583,1.4840,0.3610,16.6621,16.6518,15.3462,0.0012,-1.0000
16.6690,1.0000,13.1751,1.1446,0.3037,16.6667,16.6647,15.5076,0.0010,-1.0000
16.6668,1.0000,13.1916,1.2266,0.3530,16.6675,16.6636,15.3229,0.0018,-1.0000
16.6661,1.0000,13.2084,1.2972,0.3105,16.6643,16.6523,15.5112,0.0012,-1.0000
16.6675,1.0000,13.2251,1.3045,0.3175,16.6602,16.6641,15.4579,0.0010,-1.0000
16.6663,1.0000,13.2417,1.1560,0.3927,16.6715,16.6542,15.2175,0.0015,-1.0000
16.6639,1.0000,13.2583,1.3389,0.4097,16.6712,16.6559,15.4175,0.0011,-1.0000
16.6696,1.0000,13.2751,1.1396,0.3504,16.6609,16.6633,15.6015,0.0009,-1.0000
16.6671,1.0000,13.2916,1.2049,0.3693,16.6730,16.6625,15.1755,0.0017,-1.0000
16.6656,1.0000,13.3084,1.4351,0.3101,16.6634,16.6511,15.4180,0.0010,-1.0000
16.6678,1.0000,13.3251,1.2373,0.3014,16.6634,16.6658,15.4069,0.0011,-1.0000
16.6667,1.0000,13.3417,1.0608,0.7766,16.6705,16.6515,15.2201,0.0014,-1.0000
16.6660,1.0000,13.3584,1.4850,0.3624,16.6712,16.6573,15.5038,0.0012,-1.0000
16.6679,1.0000,13.3751,1.2320,0.3125,16.6596,16.6630,15.5071,0.0012,-1.0000
16.6664,1.0000,13.3917,1.2577,0.4241,16.6748,16.6567,14.9521,0.0015,-1.0000
16.6674,1.0000,13.4084,1.4296,0.3149,16.6604,16.6558,15.4161,0.0011,-1.0000
16.6669,1.0000,13.4252,1.1521,0.3221,16.6652,16.6683,15.4788,0.0013,-1.0000
16.6666,1.0000,13.4417,1.1547,0.5992,16.6719,16.6489,15.0306,0.0013,-1.0000
16.6648,1.0000,13.4584,1.7024,0.3308,16.6658,16.6508,15.3266,0.0013,-1.0000
16.6689,1.0000,13.4755,1.2385,0.3317,16.6645,16.6690,15.4868,0.0012,-1.0000
16.6669,1.0000,13.4916,1.1881,0.4206,16.6783,16.6546,14.6540,0.0013,-1.0000
16.6658,1.0000,13.5084,1.6168,0.3292,16.6586,16.7295,15.5027,0.0011,-1.0000
16.6701,1.0000,13.5251,1.3227,0.3046,16.6587,16.6091,15.4860,0.0009,-1.0000
16.6641,1.0000,13.5417,1.1809,0.3428,16.6779,16.6291,15.3231,0.0014,-1.0000
16.6640,1.0000,13.5584,1.9993,0.3567,16.6655,16.6515,15.4139,0.0012,-1.0000
16.6705,1.0000,13.5751,1.2255,0.3194,16.7384,16.6709,15.4324,0.0010,-1.0000
16.6652,1.0000,13.5916,1.1217,0.3903,16.6180,16.6533,15.3096,0.0011,-1.0000
16.6670,1.0000,13.6084,1.3045,0.3290,16.6393,16.6598,15.4369,0.0010,-1.0000
16.6670,1.0000,13.6251,1.2368,0.3186,16.6588,16.6543,15.3554,0.0015,-1.0000
16.6665,1.0000,13.6418,1.2373,0.3467,16.6792,16.6594,15.2516,0.0013,-1.0000
16.6643,1.0000,13.6583,1.3423,0.3612,16.6630,16.6477,15.2628,0.0013,-1.0000
16.6692,1.0000,13.6751,1.2218,0.3586,16.6692,16.6683,15.4874,0.0010,-1.0000
16.6671,1.0000,13.6916,1.2972,0.3952,16.6640,16.6573,14.8817,0.0013,-1.0000
16.6662,1.0000,13.7084,1.4064,0.3171,16.6682,16.6596,15.5713,0.0011,-1.0000
16.6686,1.0000,13.7252,1.3834,0.3041,16.6557,16.6617,15.3609,0.0010,-1.0000
16.6651,1.0000,13.7417,1.1798,0.3256,16.6767,16.6512,15.1078,0.0017,-1.0000
16.6659,1.0000,13.7584,1.7740,0.3099,16.6661,16.6558,15.4917,0.0011,-1.0000
16.6674,1.0000,13.7751,1.0870,0.3292,16.6685,16.6627,15.5072,0.0010,-1.0000
16.6669,1.0000,13.7916,1.2995,0.3749,16.6709,16.6554,15.3661,0.0013,-1.0000
16.6666,1.0000,13.8084,1.5420,0.3182,16.6605,16.6588,15.5852,0.0012,-1.0000
16.6682,1.0000,13.8253,1.1626,0.3166,16.6636,16.6601,15.3617,0.0012,-1.0000
16.6658,1.0000,13.8417,1.1544,0.3397,16.6726,16.6567,15.1413,0.0012,-1.0000
16.6688,1.0000,13.8586,1.2879,0.3160,16.6640,16.6700,15.4641,0.0013,-1.0000
16.6743,1.0000,13.8752,1.0721,0.3194,16.6673,16.7014,15.1634,0.0010,-1.0000
16.6650,1.0000,13.8917,1.2971,0.3426,16.6680,16.6027,15.0508,0.0012,-1.0000
16.6667,1.0000,13.9084,1.5143,0.3248,16.6658,16.6589,15.4168,0.0010,-1.0000
16.6687,1.0000,13.9252,1.2044,0.3151,16.6815,16.6629,15.3636,0.0012,-1.0000
16.6641,1.0000,13.9417,1.5373,0.3383,16.7140,16.6498,14.6903,0.0013,-1.0000
16.6677,1.0000,13.9584,1.5505,0.3751,16.6117,16.6609,15.4589,0.0010,-1.0000
16.6688,1.0000,13.9752,1.2410,0.3229,16.6676,16.6650,15.4528,0.0013,-1.0000
16.6639,1.0000,13.9916,1.2980,0.4299,16.6723,16.6457,14.9820,0.0012,-1.0000
16.6676,1.0000,14.0084,1.9582,0.3369,16.6593,16.6612,15.5358,0.0014,-1.0000
16.6674,1.0000,14.0251,1.2010,0.3210,16.6695,16.6666,15.2209,0.0012,-1.0000
16.6656,1.0000,14.0417,1.2107,0.3346,16.6759,16.6417,15.1941,0.0013,-1.0000
16.6646,1.0000,14.0584,1.6627,0.3429,16.6571,16.6517,15.4740,0.0011,-1.0000
16.6699,1.0000,14.0751,1.1238,0.3297,16.6693,16.6711,15.3717,0.0011,-1.0000
16.6654,1.0000,14.0916,1.4443,0.3513,16.6772,16.6495,15.4684,0.0013,-1.0000
16.6684,1.0000,14.1084,1.4463,0.3035,16.6518,16.6658,15.5411,0.0012,-1.0000
16.6666,1.0000,14.1251,1.1764,0.3310,16.6589,16.6605,14.9529,0.0011,-1.0000
16.6645,1.0000,14.1418,1.2983,0.3282,16.6804,16.6476,15.3449,0.0013,-1.0000
16.6693,1.0000,14.1584,1.1799,0.3395,16.6577,16.6665,15.3956,0.0011,-1.0000
16.6661,1.0000,14.1750,1.1234,0.4190,16.6736,16.6595,14.9677,0.0011,-1.0000
16.6651,1.0000,14.1916,1.7061,0.3360,16.6692,16.6516,15.4352,0.0012,-1.0000
16.6704,1.0000,14.2085,1.3015,0.3292,16.6555,16.6755,15.5776,0.0012,-1.0000
16.6702,1.0000,14.2251,1.2697,0.6618,16.6738,16.6500,15.1569,0.0013,-1.0000
16.6598,1.0000,14.2417,1.6908,0.3568,16.6687,16.6457,15.3670,0.0011,-1.0000
16.6685,1.0000,14.2585,1.2152,0.3033,16.6589,16.6703,15.4583,0.0013,-1.0000
16.6676,1.0000,14.2751,1.0968,0.3221,16.6859,16.6548,15.1890,0.0012,-1.0000
16.6640,1.0000,14.2916,1.4921,0.3764,16.6605,16.6498,15.4670,0.0011,-1.0000
16.6697,1.0000,14.3085,1.2776,0.3164,16.6534,16.6719,15.6422,0.0013,-1.0000
16.6653,1.0000,14.3251,1.2111,0.3617,16.6795,16.6513,15.2941,0.0011,-1.0000
16.6658,1.0000,14.3417,1.4646,0.2896,16.6629,16.6524,15.4415,0.0013,-1.0000
16.6688,1.0000,14.3584,1.1816,0.3139,16.6574,16.6647,15.5413,0.0009,-1.0000
16.6662,1.0000,14.3751,1.0280,0.3494,16.6808,16.6629,15.3628,0.0012,-1.0000
16.6652,1.0000,14.3917,1.3559,0.3355,16.6606,16.6498,15.3908,0.0012,-1.0000
16.6680,1.0000,14.4084,1.2097,0.3026,16.6601,16.6637,15.4622,0.0014,-1.0000
16.6665,1.0000,14.4251,1.1224,0.3644,16.6727,16.6597,15.3976,0.0013,-1.0000
16.6657,1.0000,14.4417,1.2985,0.3300,16.6713,16.6489,15.3329,0.0012,-1.0000
16.6661,1.0000,14.4584,1.2578,0.3002,16.6579,16.6571,15.5039,0.0015,-1.0000
16.6737,1.0000,14.4752,1.1999,0.3827,16.6725,16.6714,15.3905,0.0013,-1.0000
16.6630,1.0000,14.4916,1.2608,0.3627,16.6695,16.6481,15.3295,0.0013,-1.0000
16.6694,1.0000,14.5084,1.3150,0.3036,16.6571,16.6696,15.6216,0.0011,-1.0000
16.6673,1.0000,14.5251,1.1520,0.3394,16.6642,16.6586,15.4207,0.0012,-1.0000
16.6654,1.0000,14.5417,1.2795,0.3048,16.6801,16.6583,15.3532,0.0017,-1.0000
16.6663,1.0000,14.5585,1.3173,0.3338,16.6557,16.6532,15.4634,0.0012,-1.0000
16.6677,1.0000,14.5751,1.0467,0.3188,16.6777,16.6628,15.3342,0.0011,-1.0000
16.6664,1.0000,14.5916,1.2363,0.3461,16.6669,16.6554,15.0513,0.0013,-1.0000
16.6666,1.0000,14.6084,1.3034,0.3104,16.6672,16.6639,15.5747,0.0011,-1.0000
16.6673,1.0000,14.6251,1.1884,0.3242,16.6617,16.6562,15.3164,0.0013,-1.0000
16.6665,1.0000,14.6418,1.3274,0.3425,16.6706,16.6530,15.3621,0.0012,-1.0000
16.6640,1.0000,14.6584,1.6026,0.2919,16.6638,16.6492,15.3561,0.0012,-1.0000
16.6703,1.0000,14.6751,1.0880,0.3245,16.6729,16.6699,15.3491,0.0012,-1.0000
16.6654,1.0000,14.6916,1.3383,0.3857,16.6664,16.6550,15.3559,0.0011,-1.0000
16.6671,1.0000,14.7084,1.2895,0.3025,16.6618,16.6605,15.5132,0.0012,-1.0000
16.6687,1.0000,14.7252,1.2923,0.3501,16.6583,16.6622,15.3617,0.0011,-1.0000
16.6643,1.0000,14.7417,1.3194,0.3442,16.6778,16.6530,15.1177,0.0011,-1.0000
16.6660,1.0000,14.7584,1.2978,0.3055,16.6643,16.6540,15.4725,0.0010,-1.0000
16.6736,1.0000,14.7753,1.1461,0.3401,16.6684,16.6989,15.5674,0.0011,-1.0000
16.6662,1.0000,14.7916,1.2989,0.3553,16.6708,16.6285,15.0799,0.0014,-1.0000
16.6664,1.0000,14.8085,1.5341,0.2917,16.6616,16.6567,15.4719,0.0013,-1.0000
16.6669,1.0000,14.8251,1.1802,0.3412,16.6620,16.6587,15.3480,0.0010,-1.0000
16.6669,1.0000,14.8417,1.1303,0.3168,16.7072,16.6587,15.4034,0.0010,-1.0000
16.6640,1.0000,14.8584,1.5475,0.3157,16.6373,16.6460,15.4148,0.0010,-1.0000
16.6678,1.0000,14.8751,1.1833,0.3189,16.6658,16.6679,15.5980,0.0012,-1.0000
16.6699,1.0000,14.8917,1.3096,0.3077,16.6676,16.6644,15.3015,0.0012,-1.0000
16.6637,1.0000,14.9084,1.2542,0.3264,16.6675,16.6520,15.3893,0.0011,-1.0000
16.7185,1.0000,14.9252,1.2302,0.2941,16.6537,16.7116,15.4846,0.0011,-1.0000
16.6665,1.0000,14.9418,1.0684,0.3534,16.6755,16.6544,15.3800,0.0009,-1.0000
16.6655,1.0000,14.9585,1.3608,0.3844,16.6743,16.6556,15.4111,0.0012,-1.0000
16.6681,1.0000,14.9752,1.2618,0.3397,16.6602,16.6661,15.4651,0.0012,-1.0000
16.6668,1.0000,14.9919,1.2257,0.3194,16.7214,16.6561,15.2673,0.0011,-1.0000
16.6667,1.0000,15.0085,1.2732,0.3272,16.6628,16.6606,15.2900,0.0013,-1.0000
16.6674,1.0000,15.0252,1.2433,0.3388,16.6642,16.6550,15.3389,0.0014,-1.0000
16.6657,1.0000,15.0418,1.1997,0.3377,16.6739,16.6568,15.2169,0.0012,-1.0000
16.6660,1.0000,15.0585,1.3876,0.5656,16.6647,16.6559,15.4253,0.0012,-1.0000
16.6680,1.0000,15.0752,1.3692,0.3952,16.6707,16.6644,15.3886,0.0012,-1.0000
16.6667,1.0000,15.0917,1.3146,0.4566,16.6637,16.6522,15.2225,0.0012,-1.0000
16.6667,1.0000,15.1085,1.4390,0.4178,16.6650,16.6579,15.5063,0.0009,-1.0000
16.6667,1.0000,15.1251,1.2292,0.5282,16.6653,16.6603,15.4123,0.0011,-1.0000
16.6671,1.0000,15.1419,1.2745,0.4592,16.6737,16.6552,15.1699,0.0009,-1.0000
16.6654,1.0000,15.1585,1.4284,0.3489,16.6618,16.6538,15.2869,0.0012,-1.0000
16.6678,1.0000,15.1752,1.1507,0.3987,16.6665,16.6656,15.4669,0.0011,-1.0000
16.6662,1.0000,15.1917,1.2469,0.4865,16.6704,16.6515,14.7651,0.0016,-1.0000
16.6672,1.0000,15.2085,1.4841,0.3597,16.6640,16.6552,15.4461,0.0010,-1.0000
16.6676,1.0000,15.2252,1.3655,0.3151,16.6617,16.6634,15.4498,0.0010,-1.0000
16.6653,1.0000,15.2418,1.1974,0.3939,16.6760,16.6529,15.2529,0.0013,-1.0000
16.6649,1.0000,15.2584,1.8845,0.3188,16.6623,16.6525,15.4146,0.0012,-1.0000
16.6685,1.0000,15.2753,1.2076,0.3156,16.6634,16.6674,15.4867,0.0010,-1.0000
16.6671,1.0000,15.2917,1.2124,0.3008,16.6720,16.6583,15.0036,0.0016,-1.0000
16.6665,1.0000,15.3085,1.3987,0.2897,16.6621,16.6560,15.5565,0.0011,-1.0000
16.6671,1.0000,15.3251,1.2363,0.3029,16.6597,16.6610,15.3349,0.0013,-1.0000
16.6672,1.0000,15.3418,1.1794,0.3094,16.6749,16.6542,15.4219,0.0012,-1.0000
16.6650,1.0000,15.3584,1.6530,0.3272,16.6674,16.6568,15.4390,0.0011,-1.0000
16.6693,1.0000,15.3752,1.0984,0.3449,16.6649,16.6929,15.5227,0.0014,-1.0000
16.6664,1.0000,15.3918,1.3247,0.4088,16.6701,16.6292,15.2318,0.0014,-1.0000
16.6658,1.0000,15.4085,1.2308,0.3514,16.6634,16.6537,15.3891,0.0012,-1.0000
16.6675,1.0000,15.4252,1.2162,0.3240,16.6640,16.6632,15.4938,0.0013,-1.0000
16.6660,1.0000,15.4418,1.1689,0.3202,16.7016,16.6479,14.8211,0.0010,-1.0000
16.6665,1.0000,15.4585,1.3958,0.2945,16.6393,16.6611,15.4110,0.0012,-1.0000
16.6671,1.0000,15.4752,1.2634,0.3100,16.6625,16.6588,15.4680,0.0011,-1.0000
16.6655,1.0000,15.4917,1.1683,0.4278,16.6741,16.6531,15.2155,0.0012,-1.0000
16.6676,1.0000,15.5085,1.8258,0.3028,16.6574,16.6642,15.4886,0.0011,-1.0000
16.6682,1.0000,15.5252,1.2490,0.3067,16.6700,16.6605,15.3563,0.0012,-1.0000
16.6658,1.0000,15.5418,1.1896,0.4460,16.6672,16.6530,15.3623,0.0015,-1.0000
16.6664,1.0000,15.5585,1.4362,0.3101,16.6614,16.6571,15.4322,0.0009,-1.0000
16.6683,1.0000,15.5751,1.1747,0.3722,16.6724,16.6606,15.3589,0.0010,-1.0000
16.6641,1.0000,15.5917,1.3030,0.3424,16.6707,16.6513,15.1299,0.0011,-1.0000
16.6677,1.0000,15.6085,1.2893,0.3469,16.6628,16.6627,15.5585,0.0012,-1.0000
16.7533,1.0000,15.6254,1.2238,0.3165,16.6653,16.7479,15.4709,0.0012,-1.0000
16.6640,1.0000,15.6419,1.3005,0.3641,16.6693,16.6464,14.8600,0.0015,-1.0000
16.6672,1.0000,15.6585,1.5203,0.2993,16.6591,16.6616,15.3374,0.0011,-1.0000
16.6682,1.0000,15.6752,1.1029,0.3210,16.6712,16.6644,15.4751,0.0011,-1.0000
16.6647,1.0000,15.6918,1.2757,0.4057,16.7582,16.6504,15.3638,0.0011,-1.0000
16.6678,1.0000,15.7086,1.7848,0.2905,16.6554,16.6633,15.5638,0.0012,-1.0000
16.6676,1.0000,15.7253,1.3233,0.3525,16.6685,16.6632,15.2990,0.0014,-1.0000
16.6645,1.0000,15.7418,1.1882,0.3086,16.6730,16.6479,15.4069,0.0011,-1.0000
16.6683,1.0000,15.7586,1.2855,0.3265,16.6590,16.6695,15.4737,0.0013,-1.0000
16.6677,1.0000,15.7752,1.0984,0.4921,16.6709,16.6580,15.2703,0.0011,-1.0000
16.6649,1.0000,15.7918,1.3627,0.2908,16.6704,16.6491,15.4130,0.0010,-1.0000
16.6679,1.0000,15.8091,1.2399,0.3683,16.6551,16.6662,15.5878,0.0014,-1.0000
16.6684,1.0000,15.8254,1.1946,0.3721,16.6773,16.7108,13.8298,0.0013,-1.0000
16.6632,1.0000,15.8419,1.3865,0.3071,16.6670,16.5971,15.3034,0.0011,-1.0000
16.6698,1.0000,15.8587,1.2351,0.3368,16.6577,16.6762,15.4570,0.0016,-1.0000
16.6654,1.0000,15.8752,1.0769,0.3417,16.6736,16.6467,15.0022,0.0016,-1.0000
16.6644,1.0000,15.8918,2.8800,0.3210,16.7205,16.6479,15.5568,0.0011,-1.0000
16.6692,1.0000,15.9086,1.2926,0.3700,16.6057,16.6709,15.5351,0.0015,-1.0000
16.6677,1.0000,15.9252,1.2174,0.3123,16.6853,16.6604,15.1304,0.0013,-1.0000
16.6646,1.0000,15.9419,1.6430,0.3098,16.6568,16.6489,15.2874,0.0015,-1.0000
16.6684,1.0000,15.9586,1.0900,0.2792,16.6544,16.6696,15.4628,0.0011,-1.0000
16.6675,1.0000,15.9753,1.1341,0.3656,16.6779,16.6560,15.2867,0.0013,-1.0000
16.6634,1.0000,15.9917,1.5287,0.3360,16.6689,16.6487,15.2974,0.0015,-1.0000
16.6701,1.0000,16.0086,1.3600,0.2856,16.6565,16.6720,15.6404,0.0011,-1.0000
16.6665,1.0000,16.0253,1.2056,0.3687,16.6788,16.6616,15.3249,0.0012,-1.0000
16.6654,1.0000,16.0419,1.3677,0.3072,16.6649,16.6400,15.2594,0.0014,-1.0000
16.6678,1.0000,16.0588,1.3500,0.2870,16.6565,16.6623,15.4627,0.0012,-1.0000
16.6667,1.0000,16.0752,1.0304,0.3710,16.6815,16.6552,15.1780,0.0012,-1.0000
16.6670,1.0000,16.0918,1.3352,0.3575,16.6739,16.6727,15.4215,0.0011,-1.0000
16.6661,1.0000,16.1085,1.3791,0.3059,16.6507,16.6404,15.4670,0.0011,-1.0000
16.6671,1.0000,16.1252,1.1984,0.3226,16.6712,16.6621,15.3769,0.0012,-1.0000
16.6664,1.0000,16.1420,1.4758,0.3448,16.6639,16.6594,15.4575,0.0012,-1.0000
16.6668,1.0000,16.1585,1.2501,0.3264,16.6818,16.6522,15.2482,0.0011,-1.0000
16.6670,1.0000,16.1752,1.1723,0.3388,16.6495,16.6540,15.2244,0.0013,-1.0000
16.6641,1.0000,16.1918,1.2841,0.3407,16.6699,16.6523,15.3717,0.0014,-1.0000
17.0329,1.0000,16.2091,1.2007,0.3284,16.6746,17.0356,15.9935,0.0009,-1.0000
16.6662,1.0000,16.2257,1.4029,0.3684,16.6616,16.6518,14.9584,0.0016,-1.0000
16.6655,1.0000,16.2422,1.4281,0.3321,16.6627,16.6501,15.2336,0.0014,-1.0000
16.6679,1.0000,16.2590,1.2793,0.3540,16.6604,16.6648,15.4095,0.0011,-1.0000
16.6665,1.0000,16.2756,1.0409,0.3649,17.0447,16.6509,14.9762,0.0016,-1.0000
16.6645,1.0000,16.2921,1.6915,0.3403,16.6649,16.6536,15.4168,0.0013,-1.0000
16.6695,1.0000,16.3091,1.4149,0.3439,16.6592,16.6685,15.6064,0.0014,-1.0000
16.6665,1.0000,16.3256,1.2541,0.4051,16.6743,16.6569,14.9647,0.0013,-1.0000
16.6650,1.0000,16.3422,1.6730,0.3221,16.6607,16.6458,15.3108,0.0012,-1.0000
16.6692,1.0000,16.3591,1.2357,0.2775,16.6612,16.7801,15.4230,0.0008,-1.0000
16.6658,1.0000,16.3756,1.0606,0.3846,16.6780,16.5396,15.2200,0.0011,-1.0000
16.6653,1.0000,16.3922,1.6905,0.3342,16.6686,16.6530,15.5169,0.0012,-1.0000
16.6692,1.0000,16.4090,1.3336,0.3074,16.6549,16.6673,15.4042,0.0011,-1.0000
16.6654,1.0000,16.4256,1.3560,0.3676,16.7904,16.6557,15.0406,0.0018,-1.0000
16.6656,1.0000,16.4422,1.3185,0.3367,16.5489,16.6522,15.3144,0.0011,-1.0000
16.6691,1.0000,16.4590,1.1349,0.3118,16.6608,16.6738,15.4227,0.0012,-1.0000
16.6657,1.0000,16.4757,1.2618,0.4189,16.6755,16.6462,15.1003,0.0015,-1.0000
16.6655,1.0000,16.4922,1.6132,0.3421,16.6655,16.6506,15.3143,0.0014,-1.0000
16.6681,1.0000,16.5089,1.3369,0.3545,16.6608,16.6626,15.4707,0.0009,-1.0000
16.6669,1.0000,16.5256,1.2497,0.3959,16.6848,16.6578,15.3766,0.0012,-1.0000
16.6668,1.0000,16.5423,1.5444,0.3253,16.6561,16.6591,15.4697,0.0013,-1.0000
16.6665,1.0000,16.5590,1.3350,0.3153,16.6585,16.6547,15.4207,0.0013,-1.0000
16.6665,1.0000,16.5756,1.1907,0.3639,16.6722,16.6613,15.3446,0.0011,-1.0000
16.6659,1.0000,16.5921,1.2798,0.3895,16.6669,16.6529,15.4040,0.0011,-1.0000
16.6697,1.0000,16.6097,1.1879,0.3145,16.6674,16.7117,15.5288,0.0012,-1.0000
16.6655,1.0000,16.6257,1.2325,0.3215,16.6633,16.6096,14.0609,0.0021,-1.0000
16.6645,1.0000,16.6423,1.3152,0.3500,16.6708,16.6478,15.2977,0.0013,-1.0000
16.6686,1.0000,16.6589,1.2478,0.3134,16.6611,16.6648,15.1709,0.0011,-1.0000
16.6669,1.0000,16.6756,1.1814,0.3739,16.7214,16.6575,15.3037,0.0013,-1.0000
16.6633,1.0000,16.6921,2.5470,0.3482,16.6209,16.6469,15.3736,0.0014,-1.0000
16.6698,1.0000,16.7090,1.3488,0.3674,16.6567,16.6692,15.7480,0.0009,-1.0000
16.6687,1.0000,16.7258,1.4928,0.3812,16.6728,16.6677,15.4149,0.0012,-1.0000
16.6631,1.0000,16.7422,1.3524,0.3576,16.6665,16.6398,14.8839,0.0017,-1.0000
16.6685,1.0000,16.7589,1.2719,0.3315,16.6542,16.6663,15.4606,0.0011,-1.0000
16.6674,1.0000,16.7756,0.9204,0.3255,16.6764,16.6596,15.4944,0.0013,-1.0000
16.6650,1.0000,16.7921,1.2514,0.3908,16.6789,16.6503,15.1943,0.0013,-1.0000
16.6684,1.0000,16.8091,1.7549,0.3014,16.6498,16.6663,15.5452,0.0011,-1.0000
16.6698,1.0000,16.8256,1.2042,0.3716,16.6742,16.6844,14.8976,0.0014,-1.0000
16.6627,1.0000,16.8422,1.1639,0.3959,16.6691,16.6205,15.4175,0.0013,-1.0000
16.6677,1.0000,16.8589,1.4546,0.3318,16.6588,16.6632,15.3998,0.0009,-1.0000
16.6667,1.0000,16.8756,1.1200,0.3579,16.6739,16.6620,15.1911,0.0012,-1.0000
16.6654,1.0000,16.8922,1.7851,0.3205,16.6952,16.6518,15.4373,0.0012,-1.0000
16.6661,1.0000,16.9089,1.2017,0.3412,16.6292,16.6588,15.5166,0.0010,-1.0000
16.6688,1.0000,16.9256,1.2624,0.4157,16.6707,16.6661,15.2205,0.0012,-1.0000
16.6664,1.0000,16.9423,1.4696,0.3180,16.6704,16.6573,15.3586,0.0011,-1.0000
16.6673,1.0000,16.9589,1.2134,0.3190,16.6600,16.6580,15.4671,0.0012,-1.0000
16.6665,1.0000,16.9757,1.1413,0.4710,16.6668,16.6601,15.4148,0.0013,-1.0000
16.6637,1.0000,16.9921,1.4445,0.3374,16.6740,16.6426,15.2904,0.0015,-1.0000
16.6693,1.0000,17.0089,1.2975,0.3189,16.6662,16.6700,15.6340,0.0014,-1.0000
16.6681,1.0000,17.0256,1.1897,0.3656,16.6662,16.6619,15.2401,0.0011,-1.0000
16.6632,1.0000,17.0422,1.2440,0.3429,16.6696,16.6493,15.4552,0.0013,-1.0000
16.6694,1.0000,17.0590,1.3507,0.3094,16.6510,16.6677,15.5103,0.0010,-1.0000
16.6670,1.0000,17.0756,1.0344,0.4362,16.6776,16.6589,15.0279,0.0016,-1.0000
16.6640,1.0000,17.0921,1.4208,0.3416,16.6703,16.6477,15.3670,0.0011,-1.0000
17.0677,1.0000,17.1094,1.1928,0.3138,16.6563,17.1288,16.0117,0.0012,-1.0000
16.6673,1.0000,17.1260,1.1565,0.3886,16.6764,16.5953,15.2482,0.0012,-1.0000
16.6648,1.0000,17.1427,1.6294,0.3661,16.6676,16.6500,15.3638,0.0010,-1.0000
16.8579,1.0000,17.1599,1.2797,0.3148,16.6548,17.0561,15.5621,0.0013,-1.0000
16.6660,1.0000,17.1762,1.1162,0.3611,17.1396,16.4045,14.9580,0.0010,-1.0000
16.6641,1.0000,17.1927,1.3458,0.3262,16.6059,16.6499,15.3823,0.0015,-1.0000
16.6678,1.0000,17.2096,1.2850,0.3163,16.6590,16.6640,15.6319,0.0011,-1.0000
16.6679,1.0000,17.2263,1.4928,0.3961,17.1133,16.6621,15.3425,0.0013,-1.0000
16.6657,1.0000,17.2428,1.4455,0.3118,16.4147,16.6527,15.2649,0.0012,-1.0000
16.6681,1.0000,17.2596,1.2660,0.3087,16.6576,16.6664,15.3815,0.0013,-1.0000
16.6667,1.0000,17.2762,1.0309,0.4193,16.6724,16.6530,15.2723,0.0013,-1.0000
16.6659,1.0000,17.2927,1.3182,0.3709,16.6713,16.6544,15.3895,0.0012,-1.0000
16.6674,1.0000,17.3096,1.3865,0.3109,16.6610,16.6631,15.5465,0.0012,-1.0000
16.6665,1.0000,17.3262,1.2832,0.3503,16.6751,16.6558,15.1627,0.0011,-1.0000
16.6666,1.0000,17.3429,1.3793,0.3051,16.6621,16.6579,15.4076,0.0013,-1.0000
16.6669,1.0000,17.3595,1.2638,0.3233,16.6624,16.6554,15.3091,0.0013,-1.0000
16.6691,1.0000,17.3763,1.1152,0.3715,16.6724,16.6664,15.4699,0.0010,-1.0000
16.6630,1.0000,17.3928,1.4920,0.2999,16.6648,16.6458,15.2038,0.0013,-1.0000
16.6684,1.0000,17.4096,1.2490,0.3678,16.6668,16.6693,15.5247,0.0011,-1.0000
16.6680,1.0000,17.4262,1.3449,0.3083,16.6640,16.6545,15.2283,0.0016,-1.0000
16.6652,1.0000,17.4428,1.1955,0.3230,16.6744,16.6566,15.3474,0.0010,-1.0000
16.6681,1.0000,17.4596,1.4408,0.3051,16.6538,16.6623,15.4904,0.0012,-1.0000
16.6660,1.0000,17.4763,1.1435,0.3214,16.6782,16.6513,15.1064,0.0014,-1.0000
16.6647,1.0000,17.4927,1.4242,0.3248,16.6633,16.6495,15.3666,0.0011,-1.0000
16.6683,1.0000,17.5095,1.3082,0.3076,16.6666,16.6672,15.5196,0.0012,-1.0000
16.6671,1.0000,17.5262,1.1703,0.3813,16.6734,16.6582,15.0827,0.0011,-1.0000
16.6661,1.0000,17.5428,1.5436,0.3085,16.6608,16.6568,15.4115,0.0012,-1.0000
16.6682,1.0000,17.5596,1.2817,0.3086,16.6573,16.6615,15.4893,0.0012,-1.0000
16.6666,1.0000,17.5762,1.1466,0.3958,16.6754,16.6557,15.2343,0.0011,-1.0000
16.6657,1.0000,17.5927,1.5742,0.3158,16.6669,16.6572,15.4811,0.0013,-1.0000
16.6674,1.0000,17.6095,1.2443,0.3118,16.6665,16.6588,15.4685,0.0012,-1.0000
16.6674,1.0000,17.6262,1.1707,0.3226,16.6714,16.6578,15.3078,0.0010,-1.0000
16.6659,1.0000,17.6429,1.4202,0.3137,16.6642,16.6559,15.3325,0.0014,-1.0000
16.6668,1.0000,17.6599,1.1748,0.3312,16.6655,16.6568,15.3260,0.0011,-1.0000
16.6691,1.0000,17.6762,1.1890,0.3013,16.6681,16.6665,14.5610,0.0013,-1.0000
16.6635,1.0000,17.6928,1.3488,0.3318,16.6671,16.6464,15.2778,0.0011,-1.0000
16.6684,1.0000,17.7095,1.3218,0.3213,16.6654,16.6659,15.5702,0.0014,-1.0000
16.6667,1.0000,17.7263,1.3293,0.3548,16.6654,16.6696,15.4050,0.0012,-1.0000
16.6676,1.0000,17.7429,2.1039,0.3717,16.6758,16.6427,15.2724,0.0014,-1.0000
16.6663,1.0000,17.7596,1.3675,0.2930,16.6551,16.6560,15.3447,0.0012,-1.0000
16.6663,1.0000,17.7762,1.0942,0.3800,16.6754,16.6543,15.0578,0.0015,-1.0000
16.6647,1.0000,17.7927,1.2636,0.3374,16.6802,16.6483,15.3752,0.0012,-1.0000
16.6691,1.0000,17.8096,1.3689,0.3272,16.6535,16.6654,15.6078,0.0010,-1.0000
16.6661,1.0000,17.8262,1.3099,0.3622,16.6679,16.6582,15.0252,0.0012,-1.0000
16.6662,1.0000,17.8428,1.5950,0.3439,16.6647,16.6549,15.3100,0.0017,-1.0000
16.6679,1.0000,17.8596,1.2721,0.3128,16.6566,16.6643,15.4479,0.0011,-1.0000
16.6674,1.0000,17.8763,1.0565,0.3823,16.6732,16.6583,15.0299,0.0013,-1.0000
16.6645,1.0000,17.8928,1.6321,0.3332,16.6664,16.6477,15.0505,0.0013,-1.0000
16.6697,1.0000,17.9096,1.3427,0.3205,16.6635,16.6726,15.5106,0.0009,-1.0000
16.6669,1.0000,17.9262,1.2154,0.4217,16.6739,16.6537,15.0022,0.0014,-1.0000
16.6655,1.0000,17.9429,1.6270,0.3523,16.6682,16.6512,15.3858,0.0011,-1.0000
16.6675,1.0000,17.9595,1.5960,0.3138,16.6554,16.6609,15.3653,0.0015,-1.0000
16.6674,1.0000,17.9764,1.1608,0.3664,16.6830,16.6587,15.2112,0.0011,-1.0000
16.6640,1.0000,17.9927,1.6497,0.3249,16.6639,16.6319,15.2155,0.0011,-1.0000
16.6681,1.0000,18.0095,1.2641,0.3251,16.6598,16.6654,15.5601,0.0011,-1.0000
16.6679,1.0000,18.0262,1.2940,0.3788,16.6703,16.6593,15.4181,0.0012,-1.0000
16.6657,1.0000,18.0429,1.4460,0.3594,16.6671,16.6558,15.3725,0.0011,-1.0000
16.6667,1.0000,18.0596,1.4154,0.2961,16.6570,16.6544,15.3876,0.0013,-1.0000
16.6674,1.0000,18.0762,1.1040,0.3167,16.6750,16.6630,15.0292,0.0011,-1.0000
16.6667,1.0000,18.0927,1.2398,0.3440,16.6679,16.6554,15.4187,0.0011,-1.0000
16.6656,1.0000,18.1095,1.2820,0.3173,16.6652,16.6564,15.5074,0.0013,-1.0000
16.6697,1.0000,18.1263,1.2653,0.3511,16.6628,16.6698,15.3333,0.0009,-1.0000
16.6647,1.0000,18.1430,1.6327,0.3074,16.6703,16.6514,15.1819,0.0014,-1.0000
16.6677,1.0000,18.1595,1.2355,0.3332,16.6638,16.6581,15.1436,0.0009,-1.0000
16.6895,1.0000,18.1764,1.1479,0.3241,16.6647,16.6850,15.0943,0.0014,-1.0000
16.6651,1.0000,18.1928,1.3354,0.3453,16.6774,16.6454,15.1660,0.0012,-1.0000
16.6692,1.0000,18.2096,1.4680,0.3433,16.6624,16.6704,15.5640,0.0013,-1.0000
16.6654,1.0000,18.2263,1.5136,0.4166,16.6664,16.6491,15.2899,0.0011,-1.0000
16.6641,1.0000,18.2428,1.5893,0.4426,16.6956,16.6465,15.3979,0.0011,-1.0000
16.6685,1.0000,18.2595,1.4782,0.3078,16.6541,16.6678,15.6078,0.0015,-1.0000
16.6685,1.0000,18.2763,1.1046,0.3772,16.6810,16.6642,15.3997,0.0011,-1.0000
16.6657,1.0000,18.2928,1.3581,0.3057,16.6591,16.6498,15.1846,0.0017,-1.0000
16.6659,1.0000,18.3096,1.2477,0.2900,16.6547,16.6559,15.4327,0.0010,-1.0000
16.7185,1.0000,18.3264,1.0585,0.3650,16.6743,16.7170,15.4450,0.0011,-1.0000
16.6633,1.0000,18.3430,1.2631,0.3840,16.6741,16.6487,14.7254,0.0018,-1.0000
16.6687,1.0000,18.3596,1.4634,0.3065,16.6603,16.6679,15.3994,0.0011,-1.0000
16.6678,1.0000,18.3764,1.2219,0.3230,16.6632,16.6612,15.4353,0.0013,-1.0000
16.6645,1.0000,18.3929,1.2707,0.4319,16.7246,16.6504,15.2690,0.0011,-1.0000
16.6658,1.0000,18.4096,1.9216,0.2983,16.6567,16.6511,15.3874,0.0011,-1.0000
16.6695,1.0000,18.4263,1.2672,0.3211,16.6758,16.6698,15.4119,0.0015,-1.0000
16.6648,1.0000,18.4429,1.2244,0.3160,16.6722,16.6510,15.3656,0.0012,-1.0000
16.6683,1.0000,18.4597,1.3801,0.3330,16.6616,16.6637,15.4561,0.0013,-1.0000
16.6674,1.0000,18.4763,1.2626,0.3095,16.6586,16.6549,15.1400,0.0012,-1.0000
16.6652,1.0000,18.4928,1.2562,0.2979,16.6771,16.6527,15.2778,0.0013,-1.0000
16.6671,1.0000,18.5096,1.2844,0.3110,16.6597,16.6608,15.5837,0.0010,-1.0000
16.6681,1.0000,18.5263,1.2063,0.3522,16.6733,16.6630,15.3799,0.0015,-1.0000
16.6631,1.0000,18.5429,1.5135,0.3438,16.6645,16.6438,15.4501,0.0011,-1.0000
16.6705,1.0000,18.5598,1.3738,0.3189,16.6610,16.6757,15.4722,0.0010,-1.0000
16.6668,1.0000,18.5762,1.0758,0.3214,16.6700,16.6491,14.9335,0.0011,-1.0000
16.6638,1.0000,18.5928,1.2815,0.2883,16.6728,16.6488,15.4952,0.0011,-1.0000
16.6681,1.0000,18.6096,1.1929,0.3110,16.6519,16.6711,15.5880,0.0013,-1.0000
16.6680,1.0000,18.6262,1.2023,0.4477,16.6854,16.6579,15.4062,0.0012,-1.0000
16.6640,1.0000,18.6429,1.7143,0.2868,16.6589,16.6457,15.4834,0.0009,-1.0000
16.9660,1.0000,18.6603,1.1527,0.3103,16.6566,16.9680,15.7136,0.0011,-1.0000
16.6680,1.0000,18.6766,1.0818,0.3242,16.6790,16.6591,14.5499,0.0016,-1.0000
16.6631,1.0000,18.6931,1.2505,0.3047,16.6666,16.6480,15.4647,0.0012,-1.0000
16.6703,1.0000,18.7099,1.1615,0.2971,16.6532,16.6697,15.6090,0.0010,-1.0000
16.6664,1.0000,18.7266,1.2532,0.3986,16.9760,16.6587,14.8458,0.0011,-1.0000
16.6645,1.0000,18.7432,2.1075,0.3200,16.6675,16.6505,15.3867,0.0011,-1.0000
16.6701,1.0000,18.7599,1.1821,0.3117,16.6552,16.6731,15.5324,0.0012,-1.0000
16.6651,1.0000,18.7766,1.0594,0.3173,16.6771,16.6466,15.3701,0.0011,-1.0000
16.6656,1.0000,18.7931,1.8115,0.3087,16.6667,16.6548,15.2735,0.0014,-1.0000
16.6685,1.0000,18.8102,1.2628,0.2925,16.6585,16.6670,15.5414,0.0014,-1.0000
16.6663,1.0000,18.8266,1.1394,0.3521,16.6841,16.6541,15.0650,0.0013,-1.0000
16.6655,1.0000,18.8432,1.2749,0.3915,16.6557,16.6508,15.5040,0.0013,-1.0000
16.6681,1.0000,18.8599,1.3800,0.3502,16.6624,16.6677,15.4983,0.0010,-1.0000
16.6671,1.0000,18.8765,1.1241,0.3243,16.6758,16.6559,15.1807,0.0010,-1.0000
16.6653,1.0000,18.8932,1.5874,0.3089,16.6642,16.6547,15.5268,0.0009,-1.0000
16.6652,1.0000,18.9098,1.1454,0.3136,16.6585,16.6531,15.4509,0.0013,-1.0000
16.6690,1.0000,18.9265,1.1681,0.4182,16.6764,16.6695,15.5695,0.0011,-1.0000
16.6657,1.0000,18.9432,1.4740,0.3114,16.6643,16.6521,15.2160,0.0014,-1.0000
16.6680,1.0000,18.9600,1.1268,0.3025,16.6632,16.6668,15.4439,0.0010,-1.0000
16.6679,1.0000,18.9767,1.2010,0.2952,16.6597,16.6587,15.0168,0.0013,-1.0000
16.6640,1.0000,18.9931,1.0987,0.5311,16.6774,16.6505,15.2971,0.0011,-1.0000
16.6683,1.0000,19.0100,1.4348,0.3130,16.6596,16.6661,15.5190,0.0009,-1.0000
16.6676,1.0000,19.0265,1.2216,0.4275,16.6763,16.6529,15.3218,0.0012,-1.0000
16.6643,1.0000,19.0432,1.6405,0.2918,16.6672,16.6508,15.4958,0.0011,-1.0000
16.6687,1.0000,19.0600,1.3521,0.3285,16.6589,16.6680,15.5220,0.0013,-1.0000
16.6671,1.0000,19.0765,1.1461,0.3340,16.6765,16.6566,15.2275,0.0010,-1.0000
16.6651,1.0000,19.0931,1.3299,0.3271,16.6630,16.6574,15.3947,0.0010,-1.0000
16.6687,1.0000,19.1102,1.1538,0.2913,16.6581,16.6630,15.5468,0.0010,-1.0000
16.6670,1.0000,19.1266,1.1441,0.4165,16.6767,16.6587,14.8955,0.0012,-1.0000
16.6650,1.0000,19.1433,1.4277,0.3857,16.6649,16.6448,15.2283,0.0011,-1.0000
16.6681,1.0000,19.1599,1.2616,0.3777,16.6655,16.6650,15.3356,0.0012,-1.0000
16.6665,1.0000,19.1765,1.1147,0.3280,16.6718,16.6598,15.3470,0.0011,-1.0000
16.6667,1.0000,19.1931,1.7622,0.4112,16.6706,16.6563,15.4693,0.0010,-1.0000
16.6664,1.0000,19.2099,1.4152,0.2855,16.6530,16.6566,15.5179,0.0011,-1.0000
16.6671,1.0000,19.2266,1.3281,0.7299,16.6730,16.6585,15.2608,0.0015,-1.0000
16.6637,1.0000,19.2432,1.3116,0.3460,16.6686,16.6466,15.4620,0.0011,-1.0000
16.6891,1.0000,19.2599,1.1857,0.3148,16.6668,16.6916,15.5992,0.0013,-1.0000
16.6682,1.0000,19.2769,1.1376,0.4000,16.6649,16.6629,15.4914,0.0011,-1.0000
16.6627,1.0000,19.2931,1.3961,0.2919,16.6682,16.6406,15.0487,0.0018,-1.0000
16.6696,1.0000,19.3100,1.1836,0.2705,16.6528,16.6708,15.6890,0.0009,-1.0000
16.6674,1.0000,19.3266,1.0910,0.3201,16.6988,16.6607,15.2424,0.0010,-1.0000
16.6665,1.0000,19.3432,1.1701,0.3449,16.6731,16.6541,15.3558,0.0013,-1.0000
16.6654,1.0000,19.3599,1.5902,0.3278,16.6490,16.6539,15.4814,0.0012,-1.0000
16.6680,1.0000,19.3766,0.9812,0.3095,16.6787,16.6660,15.4885,0.0010,-1.0000
16.6667,1.0000,19.3932,1.4169,0.3715,16.6682,16.6582,15.2535,0.0016,-1.0000
16.6667,1.0000,19.4099,1.2970,0.2966,16.6634,16.6581,15.4752,0.0012,-1.0000
16.6685,1.0000,19.4266,1.1712,0.3259,16.6612,16.6644,15.3711,0.0014,-1.0000
16.6650,1.0000,19.4432,1.1764,0.3507,16.6740,16.6506,15.3298,0.0012,-1.0000
16.6663,1.0000,19.4599,1.4030,0.3137,16.6667,16.6555,15.4312,0.0012,-1.0000
16.6673,1.0000,19.4767,1.1815,0.3874,16.6664,16.6621,15.4309,0.0011,-1.0000
16.6672,1.0000,19.4932,1.2916,0.3465,16.6735,16.6598,15.0391,0.0012,-1.0000
16.6661,1.0000,19.5099,1.3196,0.3148,16.6599,16.6558,15.5259,0.0011,-1.0000
16.6677,1.0000,19.5267,1.2230,0.3314,16.6637,16.6650,15.4630,0.0014,-1.0000
16.6653,1.0000,19.5432,1.2299,0.3611,16.6698,16.6442,15.0622,0.0013,-1.0000
16.6672,1.0000,19.5600,1.6192,0.3224,16.6697,16.6606,15.4300,0.0010,-1.0000
16.6678,1.0000,19.5767,1.1286,0.3346,16.6650,16.6633,14.4538,0.0010,-1.0000
16.6835,1.0000,19.5931,1.2007,0.3752,16.6750,16.6717,15.0593,0.0013,-1.0000
16.6676,1.0000,19.6099,1.5807,0.3450,16.6537,16.6613,15.5057,0.0011,-1.0000
16.6673,1.0000,19.6266,1.2295,0.3066,16.6682,16.6601,15.3594,0.0013,-1.0000
16.6656,1.0000,19.6433,2.2085,0.6160,16.6718,16.6492,15.3739,0.0015,-1.0000
16.6662,1.0000,19.6599,1.6110,0.3276,16.6809,16.6607,15.3306,0.0010,-1.0000
16.6676,1.0000,19.6768,1.1544,0.3527,16.6705,16.6620,15.4452,0.0012,-1.0000
16.6666,1.0000,19.6931,1.2994,0.3418,16.6700,16.6496,15.1349,0.0013,-1.0000
16.6669,1.0000,19.7099,1.2736,0.3090,16.6584,16.6602,15.5838,0.0011,-1.0000
16.6675,1.0000,19.7267,1.3289,0.3235,16.6693,16.6605,15.4613,0.0010,-1.0000
16.6641,1.0000,19.7433,1.2153,0.3049,16.6728,16.6487,15.0016,0.0013,-1.0000
16.6679,1.0000,19.7599,1.5133,0.3078,16.6587,16.6616,15.4590,0.0013,-1.0000
16.6674,1.0000,19.7766,1.0751,0.3356,16.6684,16.6656,15.4919,0.0011,-1.0000
16.6644,1.0000,19.7931,1.1984,0.3897,16.6702,16.6449,15.3015,0.0013,-1.0000
16.6685,1.0000,19.8100,1.6456,0.2897,16.6574,16.6667,15.5873,0.0014,-1.0000
16.6689,1.0000,19.8266,1.2016,0.3324,16.6693,16.6638,15.3076,0.0014,-1.0000
16.6647,1.0000,19.8433,1.1723,0.3092,16.6752,16.6533,15.3601,0.0014,-1.0000
16.6659,1.0000,19.8599,1.3418,0.3254,16.6534,16.6544,15.3676,0.0015,-1.0000
16.6694,1.0000,19.8767,1.0779,0.3681,16.6729,16.6667,15.4097,0.0012,-1.0000
16.6653,1.0000,19.8933,1.3547,0.3235,16.6720,16.6528,15.2857,0.0017,-1.0000
16.6660,1.0000,19.9099,1.2918,0.3438,16.6625,16.6583,15.4230,0.0010,-1.0000
16.6684,1.0000,19.9267,1.2854,0.3028,16.6637,16.6605,15.4888,0.0011,-1.0000
16.6652,1.0000,19.9432,1.2559,0.3720,16.6757,16.6547,15.0883,0.0011,-1.0000
16.6661,1.0000,19.9599,1.3653,0.3308,16.6620,16.6563,15.5380,0.0010,-1.0000
16.6683,1.0000,19.9766,1.2342,0.3207,16.6664,16.6667,15.3637,0.0014,-1.0000
16.6644,1.0000,19.9931,1.1707,0.3873,16.6695,16.6471,15.3387,0.0011,-1.0000
16.6843,1.0000,20.0099,1.5650,0.2990,16.6628,16.6851,15.5877,0.0011,-1.0000
16.6674,1.0000,20.0267,1.1172,0.3468,16.6639,16.6589,15.4197,0.0015,-1.0000
16.6639,1.0000,20.0433,1.3014,0.3134,16.6747,16.6489,15.1495,0.0011,-1.0000
16.6684,1.0000,20.0600,1.3076,0.3324,16.6544,16.6611,15.4902,0.0012,-1.0000
16.6688,1.0000,20.0767,1.0963,0.3268,16.6936,16.6673,15.3841,0.0011,-1.0000
16.6638,1.0000,20.0932,1.2376,0.5401,16.6684,16.6454,15.1031,0.0012,-1.0000
16.6690,1.0000,20.1101,1.4984,0.2892,16.6574,16.6690,15.5149,0.0009,-1.0000
16.6672,1.0000,20.1267,1.1697,0.3195,16.6687,16.6544,15.3192,0.0014,-1.0000
16.6631,1.0000,20.1433,1.2819,0.3882,16.6768,16.6411,14.9737,0.0013,-1.0000
16.6664,1.0000,20.1599,1.5409,0.3782,16.6557,16.6574,15.4405,0.0011,-1.0000
16.6856,1.0000,20.1767,1.1529,0.5112,16.6790,16.6894,15.4862,0.0009,-1.0000
16.6643,1.0000,20.1932,1.3338,0.3615,16.6668,16.6507,15.3602,0.0012,-1.0000
16.6691,1.0000,20.2099,1.6660,0.3117,16.6496,16.6655,15.5703,0.0014,-1.0000
16.6681,1.0000,20.2267,1.2160,0.3886,16.6640,16.6637,15.4794,0.0011,-1.0000
16.6637,1.0000,20.2433,1.2020,0.5052,16.6964,16.6450,15.2867,0.0012,-1.0000
16.6681,1.0000,20.2604,1.2895,0.3519,16.6581,16.6653,15.4551,0.0010,-1.0000
16.6683,1.0000,20.2766,1.0935,0.3654,16.6740,16.6613,14.7021,0.0013,-1.0000
16.6647,1.0000,20.2932,1.1829,0.4126,16.6731,16.6524,15.4230,0.0010,-1.0000
16.6678,1.0000,20.3111,1.3572,0.3169,16.6530,16.6625,15.4816,0.0010,-1.0000
16.6676,1.0000,20.3267,1.2091,0.4171,16.6725,16.6631,13.9699,0.0013,-1.0000
16.6655,1.0000,20.3433,1.9583,0.3201,16.6697,16.6495,15.3353,0.0013,-1.0000
16.6651,1.0000,20.3600,1.2281,0.3980,16.6607,16.6554,15.5070,0.0011,-1.0000
16.6697,1.0000,20.3766,1.1799,0.3450,16.6713,16.6685,15.3252,0.0010,-1.0000
16.6654,1.0000,20.3932,2.6917,0.3841,16.6721,16.6517,15.5212,0.0011,-1.0000
16.6689,1.0000,20.4101,1.3130,0.3426,16.6581,16.6729,15.4916,0.0010,-1.0000
16.6690,1.0000,20.4266,1.1473,0.3102,16.6627,16.6535,15.1251,0.0011,-1.0000
16.6643,1.0000,20.4432,1.3419,0.3228,16.6759,16.6466,15.3896,0.0014,-1.0000
16.6673,1.0000,20.4599,1.1295,0.3725,16.6590,16.6637,15.6000,0.0012,-1.0000
16.6691,1.0000,20.4769,1.1801,0.3718,16.6828,16.6675,15.4889,0.0013,-1.0000
16.6633,1.0000,20.4932,1.5274,0.3366,16.6637,16.6452,14.9415,0.0015,-1.0000
16.6690,1.0000,20.5099,1.2557,0.3187,16.6545,16.6653,15.5653,0.0014,-1.0000
16.6686,1.0000,20.5267,1.0625,0.3216,16.6708,16.6636,15.4915,0.0011,-1.0000
16.6629,1.0000,20.5433,1.1771,0.3804,16.6773,16.6409,15.2204,0.0017,-1.0000
17.0851,1.0000,20.5612,1.7021,0.3575,16.6557,17.0782,16.0087,0.0011,-1.0000
16.6695,1.0000,20.5770,1.0985,0.3452,16.6724,16.6702,14.4805,0.0012,-1.0000
16.6622,1.0000,20.5935,1.1712,0.4336,16.6736,16.6421,15.4609,0.0012,-1.0000
16.6708,1.0000,20.6104,1.4193,0.3218,16.6496,16.6780,15.8171,0.0009,-1.0000
16.6665,1.0000,20.6272,1.0685,0.3350,17.0852,16.6569,15.4100,0.0011,-1.0000
16.6665,1.0000,20.6438,2.1880,0.3296,16.6783,16.6572,15.0527,0.0012,-1.0000
16.6661,1.0000,20.6604,1.1799,0.2952,16.6482,16.7014,15.3549,0.0013,-1.0000
16.6676,1.0000,20.6772,0.8594,0.3456,16.6848,16.6150,15.3847,0.0011,-1.0000
16.6676,1.0000,20.6937,1.2453,0.4047,16.6674,16.6617,14.9961,0.0013,-1.0000
16.6657,1.0000,20.7104,1.6031,0.3228,16.6670,16.6509,15.3860,0.0011,-1.0000
16.6670,1.0000,20.7271,1.3451,0.3267,16.7095,16.6564,15.2766,0.0017,-1.0000
16.6660,1.0000,20.7437,1.2289,0.3685,16.6239,16.6542,15.1965,0.0013,-1.0000
16.6676,1.0000,20.7604,1.6643,0.3360,16.6725,16.6693,15.4773,0.0011,-1.0000
16.6667,1.0000,20.7771,1.2637,0.4101,16.6608,16.6470,15.3778,0.0016,-1.0000
16.6667,1.0000,20.7936,1.3779,0.4154,16.6660,16.6576,15.3744,0.0013,-1.0000
16.6665,1.0000,20.8104,1.4563,0.3351,16.6635,16.6612,15.4518,0.0012,-1.0000
16.6682,1.0000,20.8271,1.1908,0.3836,16.6780,16.6617,15.3485,0.0011,-1.0000
16.6649,1.0000,20.8437,1.2673,0.4187,16.6553,16.6531,15.3951,0.0014,-1.0000
16.6678,1.0000,20.8604,1.2817,0.3349,16.6662,16.6583,15.3967,0.0013,-1.0000
16.6663,1.0000,20.8770,1.2078,0.5862,16.6692,16.6571,15.4567,0.0011,-1.0000
16.6666,1.0000,20.8937,1.3121,0.3300,16.6712,16.6559,15.3449,0.0011,-1.0000
16.6663,1.0000,20.9104,1.2565,0.3686,16.6626,16.6611,15.4799,0.0011,-1.0000
16.6677,1.0000,20.9271,1.2603,0.3297,16.6674,16.6599,15.2618,0.0013,-1.0000
16.6661,1.0000,20.9437,1.1992,0.3336,16.6653,16.6548,15.4471,0.0011,-1.0000
16.6662,1.0000,20.9609,1.3097,0.3393,16.6649,17.0780,15.3749,0.0013,-1.0000
16.6674,1.0000,20.9772,1.1802,0.4285,16.6693,16.2245,14.6008,0.0017,-1.0000
16.6644,1.0000,20.9936,1.3965,0.3668,16.6691,16.6299,15.1101,0.0013,-1.0000
16.6694,1.0000,21.0105,1.2066,0.3269,16.6640,16.6750,15.6566,0.0013,-1.0000
16.6676,1.0000,21.0272,1.7020,0.3568,17.1157,16.6601,14.9489,0.0014,-1.0000
16.6653,1.0000,21.0437,1.6220,0.3407,16.2352,16.6455,15.2446,0.0012,-1.0000
16.6674,1.0000,21.0606,1.5185,0.3059,16.6375,16.6623,15.4256,0.0011,-1.0000
16.6676,1.0000,21.0771,1.0168,0.4322,16.6841,16.6563,15.1107,0.0013,-1.0000
16.6654,1.0000,21.0936,1.7097,0.3589,16.6711,16.6538,15.4356,0.0013,-1.0000
16.6665,1.0000,21.1104,1.3998,0.3310,16.6561,16.6589,15.4757,0.0011,-1.0000
16.6679,1.0000,21.1270,1.2357,0.3869,16.6724,16.6617,15.3584,0.0010,-1.0000
16.6659,1.0000,21.1438,1.5444,0.3171,16.6649,16.6559,15.4680,0.0011,-1.0000
16.6670,1.0000,21.1604,1.2166,0.3423,16.6630,16.6675,15.2533,0.0012,-1.0000
16.6671,1.0000,21.1770,1.1821,0.3974,16.6666,16.6504,15.3086,0.0012,-1.0000
16.6661,1.0000,21.1936,1.3021,0.3201,16.6700,16.6516,15.4074,0.0012,-1.0000
16.6679,1.0000,21.2104,1.1870,0.3188,16.6645,16.6665,15.6034,0.0010,-1.0000
16.6666,1.0000,21.2271,1.4129,0.3620,16.6768,16.6526,15.1303,0.0011,-1.0000
16.6664,1.0000,21.2437,1.3404,0.3314,16.6592,16.6556,15.3837,0.0012,-1.0000
16.6682,1.0000,21.2604,1.2433,0.3277,16.6616,16.6651,15.4046,0.0013,-1.0000
16.6648,1.0000,21.2770,1.0620,0.4113,16.6764,16.6468,15.1617,0.0016,-1.0000
16.6642,1.0000,21.2936,1.5210,0.3492,16.6624,16.6492,15.4934,0.0011,-1.0000
16.6702,1.0000,21.3105,1.2704,0.3957,16.6640,16.6748,15.5512,0.0013,-1.0000
16.6672,1.0000,21.3271,1.2591,0.3172,16.6754,16.6531,14.9454,0.0012,-1.0000
16.6636,1.0000,21.3437,1.4833,0.3249,16.6563,16.6475,15.4458,0.0014,-1.0000
16.6689,1.0000,21.3606,1.1550,0.3456,16.6575,16.6707,15.5643,0.0012,-1.0000
16.6677,1.0000,21.3771,1.1224,0.3382,16.6839,16.6624,15.1300,0.0012,-1.0000
16.6641,1.0000,21.3937,1.7062,0.3359,16.6622,16.6463,15.2216,0.0014,-1.0000
16.6833,1.0000,21.4105,1.2004,0.3867,16.6549,16.6802,15.5537,0.0012,-1.0000
16.6678,1.0000,21.4271,1.1051,0.3840,16.6784,16.6617,15.0829,0.0012,-1.0000
16.6667,1.0000,21.4437,1.5309,0.3449,16.6709,16.6578,15.3998,0.0013,-1.0000
16.6663,1.0000,21.4604,1.4234,0.3013,16.6554,16.6574,15.4215,0.0013,-1.0000
16.6669,1.0000,21.4771,1.1252,0.3762,16.6873,16.6572,15.3657,0.0015,-1.0000
16.6663,1.0000,21.4936,1.5775,0.3303,16.6700,16.6569,15.3948,0.0011,-1.0000
16.6669,1.0000,21.5106,1.2567,0.3379,16.6664,16.6599,15.5537,0.0011,-1.0000
16.6671,1.0000,21.5271,1.2346,0.3438,16.6659,16.6571,15.2375,0.0010,-1.0000
16.6660,1.0000,21.5437,1.2896,0.3030,16.6655,16.6563,15.4017,0.0012,-1.0000
16.6671,1.0000,21.5605,1.2610,0.3343,16.6653,16.6611,15.4153,0.0013,-1.0000
16.6668,1.0000,21.5771,1.1047,0.3925,16.6689,16.6564,15.2459,0.0014,-1.0000
16.6648,1.0000,21.5936,1.4185,0.3171,16.6663,16.6499,15.4352,0.0011,-1.0000
16.6692,1.0000,21.6104,1.2529,0.3289,16.6650,16.6732,15.5904,0.0010,-1.0000
16.6661,1.0000,21.6270,1.2444,0.3233,16.6691,16.6532,15.2974,0.0012,-1.0000
16.6659,1.0000,21.6438,1.4090,0.3103,16.6649,16.6538,15.4813,0.0010,-1.0000
16.6687,1.0000,21.6604,1.2136,0.2902,16.6580,16.6740,15.2635,0.0013,-1.0000
16.6662,1.0000,21.6771,1.0816,0.3527,16.6818,16.6436,15.4098,0.0012,-1.0000
16.6645,1.0000,21.6936,1.3545,0.3948,16.6620,16.6482,15.4553,0.0012,-1.0000
16.6683,1.0000,21.7104,1.1714,0.3616,16.6614,16.6646,15.6394,0.0013,-1.0000
16.6681,1.0000,21.7272,1.4091,0.3930,16.6867,16.6667,15.3213,0.0012,-1.0000
16.6662,1.0000,21.7437,1.2328,0.3439,16.6543,16.6602,15.2220,0.0013,-1.0000
16.6670,1.0000,21.7605,1.1913,0.3147,16.6559,16.6525,15.4422,0.0012,-1.0000
16.6678,1.0000,21.7771,1.0236,0.3917,16.6719,16.6615,15.2973,0.0012,-1.0000
16.6642,1.0000,21.7936,1.3438,0.3802,16.6758,16.6433,15.3792,0.0012,-1.0000
16.6665,1.0000,21.8105,1.4369,0.3896,16.6690,16.6593,15.4991,0.0012,-1.0000
16.6677,1.0000,21.8271,1.2085,0.3850,16.6607,16.6620,15.1893,0.0013,-1.0000
16.6670,1.0000,21.8437,1.3628,0.3353,16.6731,16.6601,15.4299,0.0010,-1.0000
16.6675,1.0000,21.8606,1.2630,0.3160,16.6538,16.6573,15.3788,0.0011,-1.0000
16.6663,1.0000,21.8771,1.1591,0.3980,16.6672,16.6552,15.0622,0.0012,-1.0000
16.6661,1.0000,21.8937,1.4712,0.3262,16.6712,16.6576,15.3797,0.0012,-1.0000
16.6675,1.0000,21.9106,1.2289,0.3503,16.6691,16.6595,15.3885,0.0011,-1.0000
16.6664,1.0000,21.9271,1.2769,0.3158,16.6660,16.6592,14.9347,0.0015,-1.0000
16.6658,1.0000,21.9437,1.5918,0.3388,16.6628,16.6503,15.4432,0.0013,-1.0000
16.6695,1.0000,21.9605,1.2768,0.3380,16.6669,16.6719,15.4981,0.0013,-1.0000
16.6660,1.0000,21.9772,1.2700,0.4087,16.6697,16.6493,15.2433,0.0012,-1.0000
16.6632,1.0000,21.9936,1.7229,0.3179,16.6685,16.6446,15.3595,0.0011,-1.0000
16.6717,1.0000,22.0105,1.2058,0.3415,16.6582,16.6813,15.6358,0.0011,-1.0000
16.6653,1.0000,22.0270,1.1726,0.3543,16.6823,16.6443,15.2635,0.0013,-1.0000
16.6642,1.0000,22.0437,1.4046,0.3785,16.6587,16.6491,15.5130,0.0012,-1.0000
16.6722,1.0000,22.0605,1.2840,0.3338,16.6532,16.6856,15.4969,0.0012,-1.0000
16.6639,1.0000,22.0771,1.0442,0.3910,16.6928,16.6396,14.9083,0.0012,-1.0000
16.6625,1.0000,22.0936,1.3795,0.4100,16.6540,16.6433,15.4791,0.0013,-1.0000
16.6704,1.0000,22.1105,1.1348,0.3424,16.6566,16.6762,15.7398,0.0009,-1.0000
16.6667,1.0000,22.1271,1.1873,0.3403,16.6954,16.6576,15.0239,0.0014,-1.0000
16.6656,1.0000,22.1438,1.7301,0.3720,16.6485,16.6525,15.3988,0.0012,-1.0000
16.6696,1.0000,22.1605,1.1630,0.3331,16.6500,16.6730,15.3176,0.0012,-1.0000
16.6661,1.0000,22.1771,0.9353,0.4126,16.6836,16.6525,15.1588,0.0008,-1.0000
16.6648,1.0000,22.1936,1.6322,0.3300,16.6651,16.6477,15.4419,0.0011,-1.0000
16.6682,1.0000,22.2106,1.2526,0.4183,16.6602,16.6681,15.5770,0.0010,-1.0000
16.6689,1.0000,22.2272,1.3540,0.3887,16.6821,16.6644,15.0399,0.0011,-1.0000
16.6617,1.0000,22.2437,1.4926,0.3366,16.6630,16.6364,15.2150,0.0014,-1.0000
16.6690,1.0000,22.2604,1.2049,0.3195,16.6558,16.6659,15.5629,0.0011,-1.0000
16.6673,1.0000,22.2771,1.0899,0.3534,16.6756,16.6642,15.4887,0.0013,-1.0000
16.6668,1.0000,22.2936,1.6231,0.3562,16.6756,16.6575,15.0339,0.0013,-1.0000
16.6655,1.0000,22.3104,1.4201,0.3193,16.6442,16.6548,15.4743,0.0010,-1.0000
16.6699,1.0000,22.3271,1.1019,0.3803,16.6730,16.6663,15.3678,0.0014,-1.0000
16.6655,1.0000,22.3437,1.1739,0.3642,16.6722,16.6508,15.2053,0.0012,-1.0000
16.6671,1.0000,22.3605,1.6223,0.3205,16.6668,16.6595,15.5092,0.0013,-1.0000
16.6672,1.0000,22.3771,1.1791,0.3297,16.6629,16.6572,15.2346,0.0018,-1.0000
16.6662,1.0000,22.3937,1.2970,0.4096,16.6758,16.6549,15.4200,0.0012,-1.0000
16.6660,1.0000,22.4104,1.4443,0.3461,16.6611,16.6572,15.5009,0.0011,-1.0000
16.6680,1.0000,22.4271,1.1489,0.3413,16.6696,16.6614,15.4462,0.0014,-1.0000
16.6665,1.0000,22.4437,1.4207,0.4521,16.6660,16.6579,15.3927,0.0011,-1.0000
16.6670,1.0000,22.4604,1.2337,0.3116,16.6639,16.6569,15.4773,0.0012,-1.0000
16.6674,1.0000,22.4771,1.1552,0.3095,16.6656,16.6639,15.4020,0.0012,-1.0000
16.6655,1.0000,22.4936,1.2137,0.3419,16.6696,16.6531,15.3642,0.0012,-1.0000
16.6666,1.0000,22.5104,1.2640,0.3334,16.6662,16.6566,15.4974,0.0012,-1.0000
16.6699,1.0000,22.5271,1.1779,0.3418,16.6651,16.6683,15.4257,0.0011,-1.0000
16.6633,1.0000,22.5437,1.2601,0.3262,16.6737,16.6437,15.2129,0.0016,-1.0000
16.6660,1.0000,22.5604,1.2873,0.3423,16.6620,16.6540,15.5167,0.0012,-1.0000
16.6686,1.0000,22.5772,1.1580,0.3869,16.6658,16.6642,15.4468,0.0012,-1.0000
16.6664,1.0000,22.5937,1.2411,0.3419,16.6793,16.6597,15.0089,0.0013,-1.0000
16.6668,1.0000,22.6104,1.4290,0.3316,16.6544,16.6554,15.4032,0.0015,-1.0000
16.6680,1.0000,22.6271,1.1364,0.3282,16.6622,16.6590,15.4390,0.0012,-1.0000
16.6659,1.0000,22.6438,1.2159,0.4118,16.6730,16.6580,15.3638,0.0011,-1.0000
16.6662,1.0000,22.6604,1.6493,0.3936,16.6694,16.6533,15.3939,0.0011,-1.0000
16.6676,1.0000,22.6772,1.2505,0.3804,16.6641,16.6691,15.4590,0.0010,-1.0000
16.6662,1.0000,22.6936,1.2184,0.3995,16.6675,16.6460,15.2413,0.0016,-1.0000
16.6661,1.0000,22.7104,1.2931,0.3302,16.6685,16.6603,15.4910,0.0010,-1.0000
16.6675,1.0000,22.7274,1.2581,0.3588,16.6624,16.6583,15.4533,0.0013,-1.0000
16.6665,1.0000,22.7437,1.2089,0.4172,16.6784,16.6572,14.9356,0.0010,-1.0000
16.6664,1.0000,22.7604,1.4029,0.3404,16.6547,16.6550,15.4367,0.0013,-1.0000
16.6680,1.0000,22.7772,1.1679,0.3369,16.6687,16.7747,15.3978,0.0011,-1.0000
16.6660,1.0000,22.7936,1.2036,0.4059,16.6675,16.5436,15.2899,0.0013,-1.0000
16.6644,1.0000,22.8105,1.7202,0.3393,16.6667,16.6530,15.4595,0.0010,-1.0000
16.6707,1.0000,22.8273,1.2166,0.4093,16.6628,16.6744,15.4116,0.0012,-1.0000
16.6649,1.0000,22.8438,1.3757,0.4070,16.7831,16.6460,15.0225,0.0012,-1.0000
16.6658,1.0000,22.8604,1.2523,0.3409,16.5523,16.6539,15.3560,0.0012,-1.0000
16.6691,1.0000,22.8772,1.1924,0.3071,16.6606,16.6695,15.4723,0.0010,-1.0000
16.6662,1.0000,22.8937,1.2614,0.4850,16.6848,16.6482,15.1471,0.0013,-1.0000
16.6663,1.0000,22.9104,1.6222,0.3527,16.6559,16.6592,15.3648,0.0013,-1.0000
16.6681,1.0000,22.9271,1.2962,0.3851,16.6624,16.6623,15.3691,0.0015,-1.0000
16.6665,1.0000,22.9438,1.1961,0.4172,16.6790,16.6555,15.2969,0.0015,-1.0000
16.6647,1.0000,22.9604,1.4997,0.4280,16.6587,16.6488,15.4335,0.0011,-1.0000
16.6686,1.0000,22.9772,1.2930,0.3363,16.6677,16.6654,15.4397,0.0013,-1.0000
16.6663,1.0000,22.9937,1.2916,0.3425,16.6726,16.6566,15.1602,0.0014,-1.0000
16.6665,1.0000,23.0104,1.3568,0.3398,16.6654,16.6586,15.3789,0.0012,-1.0000
16.6672,1.0000,23.0271,1.2144,0.3891,16.6571,16.6595,15.4094,0.0010,-1.0000
16.6680,1.0000,23.0438,1.2242,0.3182,16.6741,16.6601,15.1068,0.0011,-1.0000
16.6654,1.0000,23.0605,1.4949,0.3955,16.6665,16.6496,15.3320,0.0011,-1.0000
16.6661,1.0000,23.0771,1.2783,0.3677,16.6670,16.6570,15.3633,0.0014,-1.0000
16.6682,1.0000,23.0938,1.2488,0.4173,16.6694,16.6992,15.5342,0.0010,-1.0000
16.6653,1.0000,23.1104,1.5516,0.4531,16.6702,16.6126,15.0857,0.0012,-1.0000
16.6659,1.0000,23.1271,1.3164,0.3554,16.6601,16.6541,15.4677,0.0010,-1.0000
16.6654,1.0000,23.1438,1.2922,0.3311,16.6668,16.6572,15.3167,0.0015,-1.0000
16.6695,1.0000,23.1605,1.1639,0.4403,16.7104,16.6687,7.9064,0.0020,-1.0000
16.6659,1.0000,23.1771,1.5256,0.4064,16.6224,16.6497,14.5868,0.0014,-1.0000
16.6659,1.0000,23.1936,1.1854,0.3409,16.6625,16.6576,15.4502,0.0013,-1.0000
16.6685,1.0000,23.2105,1.3393,0.7474,16.6645,16.6676,15.5136,0.0012,-1.0000
16.6655,1.0000,23.2271,8.7609,1.1784,16.6778,16.6481,15.1176,0.0014,-1.0000
16.6673,1.0000,23.2438,2.0617,0.3412,16.6581,16.6626,15.3260,0.0014,-1.0000
16.6687,1.0000,23.2606,1.2063,0.3044,16.6645,16.6686,15.3901,0.0011,-1.0000
16.6644,1.0000,23.2770,1.1527,0.3788,16.6772,16.6150,15.1116,0.0014,-1.0000
16.6656,1.0000,23.2936,1.5288,0.3628,16.6569,16.6554,15.5599,0.0010,-1.0000
16.6688,1.0000,23.3104,1.3352,0.3522,16.6701,16.6672,15.4020,0.0012,-1.0000
16.6645,1.0000,23.3270,1.2772,0.4105,16.6777,16.6493,15.4227,0.0011,-1.0000
16.6691,1.0000,23.3438,1.5021,0.3406,16.6534,16.6665,15.6006,0.0012,-1.0000
16.6679,1.0000,23.3604,1.0945,0.4458,16.6633,16.6605,15.3929,0.0013,-1.0000
16.6655,1.0000,23.3771,1.2639,0.3395,16.6754,16.6560,15.4250,0.0010,-1.0000
16.6667,1.0000,23.3937,1.2255,0.3654,16.6565,16.6604,15.3992,0.0011,-1.0000
16.6674,1.0000,23.4105,1.0647,0.3309,16.6743,16.6572,15.4476,0.0016,-1.0000
16.6660,1.0000,23.4271,1.2663,0.4210,16.6689,16.6555,15.1628,0.0013,-1.0000
16.6669,1.0000,23.4438,1.2298,0.3355,16.6647,16.6622,15.5088,0.0011,-1.0000
16.6870,1.0000,23.4605,1.2601,0.3688,16.6696,16.6771,15.3445,0.0013,-1.0000
16.6461,1.0000,23.4771,1.2080,0.4112,16.6657,16.6364,15.1186,0.0013,-1.0000
16.6658,1.0000,23.4936,1.4914,0.3368,16.6634,16.6538,15.4200,0.0011,-1.0000
16.6690,1.0000,23.5105,1.1522,0.3470,16.6705,16.6661,15.5471,0.0009,-1.0000
16.6655,1.0000,23.5271,1.3312,0.4014,16.6859,16.6555,14.9757,0.0013,-1.0000
16.6665,1.0000,23.5438,1.5162,0.3603,16.6450,16.6556,15.3975,0.0012,-1.0000
16.6680,1.0000,23.5606,1.2327,0.4185,16.6618,16.6657,15.4856,0.0014,-1.0000
16.6659,1.0000,23.5771,1.1179,0.4069,16.6744,16.6526,15.0596,0.0012,-1.0000
16.6665,1.0000,23.5936,1.6785,0.3625,16.6642,16.6559,15.4085,0.0012,-1.0000
16.6679,1.0000,23.6105,1.2568,0.4188,16.6635,16.6659,15.5209,0.0012,-1.0000
16.6656,1.0000,23.6297,1.1788,0.3578,16.6749,16.6529,15.1748,0.0013,-1.0000
16.6667,1.0000,23.6440,1.5917,0.3383,16.6623,16.6567,12.5334,0.0011,-1.0000
16.6682,1.0000,23.6606,1.2462,0.3573,16.6637,16.6606,15.2375,0.0012,-1.0000
16.6660,1.0000,23.6771,1.1439,0.4971,16.6751,16.6576,15.0539,0.0009,-1.0000
16.6659,1.0000,23.6937,1.4767,0.3564,16.6621,16.6656,15.4071,0.0013,-1.0000
16.6787,1.0000,23.7106,4.1219,0.3474,16.6658,16.6686,15.5176,0.0009,-1.0000
16.6643,1.0000,23.7271,1.4216,0.4082,16.6680,16.6455,15.0759,0.0024,-1.0000
16.6679,1.0000,23.7438,1.6025,0.3264,16.6664,16.6604,15.3535,0.0015,-1.0000
16.6662,1.0000,23.7605,1.2571,0.3331,16.6734,16.6606,15.2992,0.0013,-1.0000
16.6666,1.0000,23.7771,1.1496,0.3584,16.6787,16.6549,15.2411,0.0011,-1.0000
16.6674,1.0000,23.7937,1.5670,0.3399,16.6549,16.6613,15.4948,0.0012,-1.0000
16.6674,1.0000,23.8106,1.3051,0.3815,16.6684,16.6591,15.4444,0.0011,-1.0000
16.6652,1.0000,23.8271,1.3602,0.4090,16.6703,16.6506,15.1387,0.0011,-1.0000
16.6681,1.0000,23.8438,1.4125,0.3305,16.6634,16.6616,15.4522,0.0012,-1.0000
16.6961,1.0000,23.8606,1.1653,0.3377,16.6701,16.6924,15.4977,0.0011,-1.0000
16.6666,1.0000,23.8771,1.2136,0.3885,16.6696,16.6506,15.0721,0.0014,-1.0000
16.6636,1.0000,23.8938,1.5107,0.3695,16.6598,16.6432,15.5073,0.0011,-1.0000
16.6710,1.0000,23.9107,1.2082,0.3846,16.6700,16.6748,15.5027,0.0011,-1.0000
16.6656,1.0000,23.9271,1.1933,0.3555,16.7024,16.6533,15.0441,0.0014,-1.0000
16.6658,1.0000,23.9438,1.5769,0.4136,16.6624,16.6578,15.4297,0.0013,-1.0000
16.6684,1.0000,23.9605,1.1349,0.3249,16.6514,16.6611,15.4863,0.0013,-1.0000
16.6660,1.0000,23.9772,1.1710,0.3762,16.6829,16.6545,15.3041,0.0012,-1.0000
16.6648,1.0000,23.9937,1.6078,0.3234,16.6625,16.6513,15.3410,0.0014,-1.0000
16.6687,1.0000,24.0108,1.2268,0.3327,16.6661,16.6666,15.5879,0.0009,-1.0000
16.6677,1.0000,24.0273,1.1737,0.4114,16.6709,16.6628,15.0470,0.0013,-1.0000
16.6654,1.0000,24.0438,1.3491,0.3418,16.6646,16.6470,15.3154,0.0012,-1.0000
16.6668,1.0000,24.0607,1.3087,0.2997,16.6589,16.6593,15.4044,0.0013,-1.0000
16.6649,1.0000,24.0771,1.0779,0.3827,16.6741,16.6523,14.5592,0.0384,-1.0000
16.6687,1.0000,24.0937,1.6142,0.3298,16.6739,16.6655,15.5467,0.0010,-1.0000
16.6675,1.0000,24.1106,1.3303,0.3832,16.6581,16.6601,15.4488,0.0012,-1.0000
16.6650,1.0000,24.1271,1.2535,0.4371,16.6686,16.6500,15.2689,0.0013,-1.0000
16.6699,1.0000,24.1439,2.0546,0.3614,16.6599,16.6673,15.4736,0.0012,-1.0000
16.6651,1.0000,24.1605,1.1176,0.3576,16.6737,16.6555,15.2799,0.0015,-1.0000
16.6632,1.0000,24.1771,1.2102,0.3738,16.6707,16.6416,15.3285,0.0013,-1.0000
16.6678,1.0000,24.1937,1.3799,0.3359,16.6587,16.6660,15.5668,0.0011,-1.0000
16.6690,1.0000,24.2105,1.1920,0.3812,16.6763,16.6630,15.3399,0.0011,-1.0000
16.6643,1.0000,24.2272,1.3742,0.3777,16.6669,16.6485,15.3977,0.0012,-1.0000
16.6690,1.0000,24.2439,1.3118,0.3198,16.6498,16.6676,15.4263,0.0012,-1.0000
16.6676,1.0000,24.2605,1.0981,0.3496,16.6742,16.6633,15.2007,0.0011,-1.0000
16.6635,1.0000,24.2771,1.3215,0.3576,16.6720,16.6412,15.3719,0.0010,-1.0000
16.6678,1.0000,24.2937,1.2497,0.3529,16.6561,16.6642,15.5700,0.0011,-1.0000
16.6683,1.0000,24.3105,1.2401,1.1907,16.6756,16.6656,15.3680,0.0015,-1.0000
16.6656,1.0000,24.3272,1.4614,0.3085,16.6738,16.6549,15.3732,0.0013,-1.0000
16.6691,1.0000,24.3440,1.2682,0.3208,16.6492,16.6674,15.3420,0.0015,-1.0000
16.6651,1.0000,24.3605,1.0932,0.4546,16.6715,16.6463,15.1262,0.0013,-1.0000
16.6667,1.0000,24.3772,1.2961,0.3245,16.6740,16.6575,15.4390,0.0010,-1.0000
16.6637,1.0000,24.3937,1.2798,0.3513,16.6646,16.6462,15.4230,0.0012,-1.0000
16.6699,1.0000,24.4105,1.3234,0.5030,16.6780,16.6730,15.5328,0.0010,-1.0000
16.6642,1.0000,24.4271,1.5187,0.3526,16.6565,16.6504,15.4182,0.0012,-1.0000
16.6691,1.0000,24.4438,1.2173,0.3417,16.6664,16.6666,15.4429,0.0013,-1.0000
16.6681,1.0000,24.4605,1.2220,0.3392,16.6538,16.6636,15.3443,0.0011,-1.0000
16.6634,1.0000,24.4772,1.1391,0.3222,16.6806,16.6429,15.3909,0.0011,-1.0000
16.6683,1.0000,24.4937,1.2310,0.3240,16.6588,16.6661,15.4489,0.0013,-1.0000
16.6674,1.0000,24.5105,1.2220,0.3468,16.6746,16.6617,15.5425,0.0014,-1.0000
16.6644,1.0000,24.5271,1.3179,0.3010,16.6734,16.6498,15.3645,0.0011,-1.0000
16.6693,1.0000,24.5438,1.2509,0.3162,16.6504,16.6718,15.6328,0.0011,-1.0000
16.6679,1.0000,24.5606,1.2158,0.3411,16.6730,16.6562,15.2847,0.0012,-1.0000
16.6629,1.0000,24.5771,1.1175,0.3074,16.6697,16.6450,15.2597,0.0015,-1.0000
16.6695,1.0000,24.5937,1.2846,0.3052,16.6570,16.6676,15.6190,0.0010,-1.0000
16.6676,1.0000,24.6105,1.0379,0.4162,16.6807,16.6599,15.3864,0.0011,-1.0000
16.6638,1.0000,24.6271,1.3703,0.4058,16.6665,16.6510,15.4877,0.0013,-1.0000
16.6687,1.0000,24.6438,1.3842,0.3008,16.6529,16.6648,15.5512,0.0014,-1.0000
16.6682,1.0000,24.6606,1.0475,0.4490,16.6747,16.6695,15.3671,0.0014,-1.0000
16.6638,1.0000,24.6771,1.2720,0.3214,16.6682,16.6412,15.2018,0.0012,-1.0000
16.6679,1.0000,24.6937,1.1618,0.3321,16.6584,16.6666,15.5812,0.0011,-1.0000
16.6690,1.0000,24.7106,1.1118,0.4045,16.6718,16.6678,15.5197,0.0010,-1.0000
16.6641,1.0000,24.7272,1.3009,0.3501,16.6796,16.6403,15.3028,0.0014,-1.0000
16.6683,1.0000,24.7438,1.4381,0.3113,16.6506,16.6657,15.3205,0.0013,-1.0000
16.6678,1.0000,24.7605,1.0841,0.3135,16.6731,16.6607,15.3973,0.0011,-1.0000
16.6647,1.0000,24.7771,1.1470,0.3054,16.6781,16.6524,15.3546,0.0012,-1.0000
16.6677,1.0000,24.7937,1.3361,0.3320,16.6495,16.6599,15.4681,0.0012,-1.0000
16.6672,1.0000,24.8105,1.3437,0.4238,16.6735,16.6627,15.3563,0.0010,-1.0000
16.6656,1.0000,24.8272,1.2622,0.3093,16.6690,16.6543,15.3464,0.0011,-1.0000
16.6698,1.0000,24.8439,1.2968,0.3066,16.6609,16.6663,15.4439,0.0011,-1.0000
16.6643,1.0000,24.8605,1.1905,0.4125,16.6679,16.6483,15.1555,0.0012,-1.0000
16.6664,1.0000,24.8771,1.3051,0.3256,16.6704,16.6578,15.5042,0.0012,-1.0000
16.6674,1.0000,24.8938,1.3068,0.3397,16.6638,16.6601,15.4066,0.0014,-1.0000
16.6670,1.0000,24.9105,1.2207,0.3912,16.6767,16.6600,15.3907,0.0011,-1.0000
16.6667,1.0000,24.9272,1.4915,0.3259,16.6582,16.6551,15.4092,0.0012,-1.0000
16.6662,1.0000,24.9438,1.1523,0.3349,16.6660,16.6589,15.4119,0.0010,-1.0000
16.6673,1.0000,24.9605,1.2519,0.3986,16.6686,16.6589,15.3031,0.0012,-1.0000
16.6659,1.0000,24.9772,1.2682,0.3350,16.6691,16.6547,15.4449,0.0013,-1.0000
16.6665,1.0000,24.9939,1.2447,0.4027,16.6639,16.6572,15.3979,0.0008,-1.0000
16.6678,1.0000,25.0105,1.2461,0.3290,16.6674,16.6646,15.0824,0.0013,-1.0000
16.6660,1.0000,25.0271,1.3544,0.3324,16.6671,16.6538,15.4681,0.0012,-1.0000
16.6692,1.0000,25.0439,1.2082,0.3109,16.6635,16.6646,15.4244,0.0016,-1.0000
16.6653,1.0000,25.0605,1.2585,0.3559,16.6653,16.6507,15.2438,0.0013,-1.0000
16.6645,1.0000,25.0771,1.5809,0.3225,16.6733,16.6500,15.3397,0.0012,-1.0000
16.6687,1.0000,25.0937,1.1843,0.3419,16.6619,16.6670,15.6063,0.0012,-1.0000
16.6686,1.0000,25.1105,1.2385,0.4148,16.6747,16.6676,15.4761,0.0009,-1.0000
16.6644,1.0000,25.1271,1.4057,0.3350,16.6606,16.6469,15.4088,0.0010,-1.0000
16.6678,1.0000,25.1439,1.3089,0.3056,16.6573,16.6605,15.4445,0.0012,-1.0000
16.6704,1.0000,25.1606,1.0593,0.4287,16.6737,16.6693,14.9711,0.0020,-1.0000
16.6613,1.0000,25.1771,1.1904,0.3254,16.6769,16.6364,15.0650,0.0014,-1.0000
16.6683,1.0000,25.1938,1.2373,0.3330,16.6577,16.6660,15.4381,0.0011,-1.0000
16.6685,1.0000,25.2105,1.2149,0.5543,16.6697,16.6602,15.4088,0.0012,-1.0000
16.6655,1.0000,25.2272,1.6957,0.4303,16.6807,16.6523,15.5371,0.0009,-1.0000
16.6678,1.0000,25.2439,1.5701,0.3346,16.6461,16.6655,15.3497,0.0013,-1.0000
16.6675,1.0000,25.2605,1.2267,0.4013,16.6752,16.6523,15.2204,0.0013,-1.0000
16.6637,1.0000,25.2772,1.2501,0.3522,16.6687,16.6476,15.2841,0.0014,-1.0000
16.6690,1.0000,25.2937,1.1141,0.3190,16.6615,16.6674,15.4866,0.0013,-1.0000
16.6672,1.0000,25.3106,1.3144,0.3668,16.6756,16.6607,15.5009,0.0013,-1.0000
16.6657,1.0000,25.3272,1.4306,0.3940,16.6630,16.6544,15.3157,0.0012,-1.0000
16.6941,1.0000,25.3444,1.3621,0.3292,16.6554,16.6866,15.3958,0.0011,-1.0000
16.6670,1.0000,25.3605,1.1795,0.4200,16.6753,16.6580,14.7985,0.0013,-1.0000
16.6652,1.0000,25.3772,1.1582,0.3063,16.6696,16.6524,15.4630,0.0013,-1.0000
16.6666,1.0000,25.3938,1.3373,0.3594,16.6630,16.6578,15.3572,0.0014,-1.0000
16.6688,1.0000,25.4105,1.2895,0.4056,16.6955,16.6672,15.4243,0.0011,-1.0000
16.6652,1.0000,25.4272,1.8581,0.3789,16.6669,16.6506,15.4510,0.0011,-1.0000
16.6676,1.0000,25.4440,1.1880,0.3460,16.6612,16.6680,15.4749,0.0012,-1.0000
16.7077,1.0000,25.4606,1.2993,0.3486,16.6655,16.7074,15.1563,0.0011,-1.0000
16.6622,1.0000,25.4772,1.2419,0.3475,16.6756,16.6270,15.2110,0.0012,-1.0000
16.6692,1.0000,25.4938,1.1980,0.3479,16.6585,16.6709,15.4731,0.0011,-1.0000
16.6681,1.0000,25.5106,1.1919,0.4399,16.6790,16.6665,15.4574,0.0011,-1.0000
16.6645,1.0000,25.5272,1.5499,0.3479,16.7186,16.6455,15.1893,0.0013,-1.0000
16.6690,1.0000,25.5439,1.4146,0.3265,16.6343,16.6671,15.4505,0.0011,-1.0000
16.6668,1.0000,25.5606,1.1966,0.4685,16.6774,16.6554,15.0596,0.0012,-1.0000
16.6635,1.0000,25.5772,1.2079,0.4091,16.6766,16.6462,15.3876,0.0011,-1.0000
16.6676,1.0000,25.5939,1.4549,0.3611,16.6543,16.6693,15.6188,0.0010,-1.0000
16.6690,1.0000,25.6106,1.2154,0.4588,16.6752,16.6631,15.1953,0.0011,-1.0000
16.6651,1.0000,25.6272,1.5949,0.3337,16.6642,16.6481,15.3628,0.0013,-1.0000
16.6675,1.0000,25.6441,1.2576,0.3385,16.6533,16.6642,15.3814,0.0013,-1.0000
16.6676,1.0000,25.6606,1.0497,0.3757,16.6776,16.6624,14.9835,0.0011,-1.0000
16.6636,1.0000,25.6772,1.4664,0.3421,16.6733,16.6477,15.4893,0.0013,-1.0000
16.6693,1.0000,25.6938,1.2839,0.3275,16.6568,16.6669,15.5511,0.0009,-1.0000
16.6673,1.0000,25.7106,1.2815,0.3522,16.6710,16.6684,15.4831,0.0011,-1.0000
16.6654,1.0000,25.7272,1.6776,0.3321,16.6702,16.6457,15.3289,0.0013,-1.0000
16.6698,1.0000,25.7440,1.1573,0.3341,16.6548,16.6690,15.3592,0.0011,-1.0000
16.6648,1.0000,25.7605,1.1148,0.3810,16.6742,16.6497,15.2506,0.0011,-1.0000
16.6670,1.0000,25.7772,1.1841,0.3721,16.6768,16.6577,15.4268,0.0011,-1.0000
16.6645,1.0000,25.7938,1.3157,0.3864,16.6539,16.6528,15.3468,0.0012,-1.0000
16.6688,1.0000,25.8106,1.3074,0.3598,16.6789,16.6639,15.0596,0.0012,-1.0000
16.6668,1.0000,25.8272,1.3976,0.3484,16.6595,16.6561,15.3790,0.0011,-1.0000
16.6688,1.0000,25.8440,1.2299,0.3532,16.6666,16.6664,15.4834,0.0017,-1.0000
16.6652,1.0000,25.8606,1.3047,0.4074,16.6616,16.6491,15.0933,0.0012,-1.0000
16.6656,1.0000,25.8772,1.6031,0.3478,16.6730,16.6561,15.3931,0.0012,-1.0000
16.6679,1.0000,25.8939,1.2761,0.3551,16.6651,16.6591,15.3937,0.0014,-1.0000
16.6672,1.0000,25.9106,1.1814,0.3638,16.6765,16.6581,15.2991,0.0012,-1.0000
16.6659,1.0000,25.9272,1.5544,0.3635,16.6585,16.6545,15.4456,0.0012,-1.0000
16.6679,1.0000,25.9439,1.2617,0.3581,16.6653,16.6668,15.3068,0.0012,-1.0000
16.6662,1.0000,25.9606,1.2639,0.3341,16.6687,16.6502,15.3222,0.0015,-1.0000
16.6648,1.0000,25.9773,1.3579,0.3495,16.6673,16.6528,15.4767,0.0011,-1.0000
16.6690,1.0000,25.9938,1.2074,0.4566,16.6630,16.6659,15.4349,0.0011,-1.0000
16.6666,1.0000,26.0105,1.3587,0.3905,16.6768,16.6574,15.4353,0.0011,-1.0000
16.6669,1.0000,26.0272,1.3263,0.3367,16.6596,16.6564,15.3927,0.0012,-1.0000
16.6665,1.0000,26.0441,1.1747,0.3306,16.6610,16.6620,15.3773,0.0011,-1.0000
16.6671,1.0000,26.0606,1.2300,0.3927,16.6740,16.6501,15.0497,0.0015,-1.0000
16.6651,1.0000,26.0772,1.2209,0.3991,16.6668,16.6551,15.3806,0.0014,-1.0000
16.6656,1.0000,26.0938,1.2623,0.3778,16.6654,16.6524,15.4793,0.0013,-1.0000
16.6709,1.0000,26.1107,1.2837,0.3990,16.6738,16.6744,15.6224,0.0011,-1.0000
16.6632,1.0000,26.1272,1.5989,0.3449,16.6592,16.6446,15.1219,0.0014,-1.0000
16.6680,1.0000,26.1439,1.2731,0.3300,16.6639,16.6625,15.5147,0.0012,-1.0000
16.6681,1.0000,26.1607,1.1718,0.3299,16.6596,16.6702,15.3345,0.0012,-1.0000
16.6632,1.0000,26.1772,1.0505,0.3594,16.6842,16.6358,15.1582,0.0015,-1.0000
16.6687,1.0000,26.1938,1.5212,0.3365,16.6537,16.6692,15.6044,0.0012,-1.0000
16.6696,1.0000,26.2106,1.1466,0.3409,16.6694,16.6667,15.5148,0.0014,-1.0000
16.6632,1.0000,26.2272,1.3344,0.3572,16.6809,16.6406,15.2417,0.0017,-1.0000
16.6684,1.0000,26.2439,1.4761,0.3245,16.6455,16.6652,15.4839,0.0013,-1.0000
16.6668,1.0000,26.2605,1.0636,0.3871,16.6769,16.6618,15.1975,0.0017,-1.0000
16.6649,1.0000,26.2772,1.1505,0.3549,16.6764,16.6513,15.4881,0.0011,-1.0000
16.6671,1.0000,26.2939,1.3972,0.3479,16.6493,16.7486,15.5259,0.0012,-1.0000
16.6690,1.0000,26.3106,1.1800,0.4674,16.6723,16.5723,15.3323,0.0011,-1.0000
16.6650,1.0000,26.3272,1.4627,0.3697,16.6706,16.6555,15.3187,0.0010,-1.0000
16.6676,1.0000,26.3439,1.1620,0.3284,16.6604,16.6608,15.4922,0.0013,-1.0000
16.6664,1.0000,26.3605,1.2215,0.3500,16.7573,16.6566,15.3670,0.0012,-1.0000
16.6646,1.0000,26.3772,1.2387,0.3262,16.5810,16.6504,15.5439,0.0012,-1.0000
16.6674,1.0000,26.3938,1.3356,0.4003,16.6643,16.6604,15.4228,0.0014,-1.0000
16.6694,1.0000,26.4107,1.1672,0.4433,16.6697,16.6673,15.5037,0.0010,-1.0000
16.6654,1.0000,26.4272,1.2884,0.3332,16.6663,16.6505,15.1205,0.0012,-1.0000
16.6674,1.0000,26.4438,1.1055,0.3551,16.6599,16.6600,15.4832,0.0010,-1.0000
16.6670,1.0000,26.4606,1.2363,0.3348,16.6675,16.6596,15.5339,0.0013,-1.0000
16.6655,1.0000,26.4772,1.1623,0.4065,16.6764,16.6534,15.1789,0.0014,-1.0000
16.6680,1.0000,26.4938,1.5287,0.3409,16.6603,16.6644,15.4505,0.0011,-1.0000
16.6674,1.0000,26.5106,1.1756,0.4867,16.6679,16.6601,15.4943,0.0010,-1.0000
16.6652,1.0000,26.5272,1.1247,0.4009,16.6690,16.6523,15.2283,0.0012,-1.0000
16.6669,1.0000,26.5438,1.4731,0.3327,16.6611,16.6585,15.4679,0.0014,-1.0000
16.6679,1.0000,26.5607,1.2123,0.3632,16.6716,16.6646,15.5481,0.0010,-1.0000
16.6636,1.0000,26.5772,1.1647,0.4849,16.6700,16.6449,15.0913,0.0012,-1.0000
16.6679,1.0000,26.5938,1.4227,0.3455,16.6605,16.6698,15.5223,0.0010,-1.0000
16.6695,1.0000,26.6106,1.1889,0.3301,16.6672,16.6624,15.4012,0.0012,-1.0000
16.6642,1.0000,26.6272,1.1155,0.3623,16.6752,16.6479,15.0453,0.0010,-1.0000
16.6683,1.0000,26.6440,1.5521,0.3271,16.6527,16.6644,15.5046,0.0012,-1.0000
16.6682,1.0000,26.6605,1.1466,0.3393,16.6757,16.6584,14.9799,0.0014,-1.0000
16.6652,1.0000,26.6772,1.2596,0.3707,16.6712,16.6492,15.5434,0.0009,-1.0000
16.6668,1.0000,26.6939,1.6017,0.3808,16.6570,16.6607,15.4926,0.0014,-1.0000
16.6694,1.0000,26.7106,1.1585,0.3919,16.6769,16.6643,15.2926,0.0014,-1.0000
16.6639,1.0000,26.7273,1.6769,0.3826,16.6679,16.6496,15.2873,0.0012,-1.0000
16.6666,1.0000,26.7439,1.1045,0.3473,16.6590,16.6540,15.2553,0.0010,-1.0000
16.6690,1.0000,26.7606,1.1666,0.3510,16.6699,16.6607,15.2088,0.0014,-1.0000
16.6645,1.0000,26.7772,1.3706,0.3882,16.6751,16.6515,14.8611,0.0017,-1.0000
16.6655,1.0000,26.7938,1.3611,0.4657,16.6600,16.6553,15.5269,0.0011,-1.0000
16.6702,1.0000,26.8107,1.3977,0.4553,16.6640,16.6697,15.4028,0.0009,-1.0000
16.6644,1.0000,26.8272,1.4505,0.3485,16.6692,16.6478,15.0489,0.0014,-1.0000
16.6683,1.0000,26.8439,1.7890,0.3373,16.6622,16.6631,15.4316,0.0012,-1.0000
16.6662,1.0000,26.8606,1.1272,0.4888,16.6624,16.6567,13.8320,0.0012,-1.0000
16.6667,1.0000,26.8772,1.2658,0.3820,16.6785,16.6567,15.0825,0.0011,-1.0000
16.6668,1.0000,26.8940,1.5976,0.3729,16.6584,16.6643,15.5167,0.0011,-1.0000
16.6686,1.0000,26.9106,1.2303,0.3850,16.6717,16.6634,15.2424,0.0017,-1.0000
16.6656,1.0000,26.9272,2.8234,0.4211,16.6657,16.6459,15.1088,0.0012,-1.0000
16.6665,1.0000,26.9439,1.5729,0.3499,16.6646,16.6610,15.4879,0.0010,-1.0000
16.6688,1.0000,26.9606,1.1465,0.3180,16.6723,16.6604,15.3785,0.0016,-1.0000
16.6625,1.0000,26.9774,1.4197,0.4095,16.6751,16.8501,15.0559,0.0014,-1.0000
16.6681,1.0000,26.9938,1.5358,0.3505,16.6565,16.4550,15.2541,0.0011,-1.0000
16.6682,1.0000,27.0106,1.1722,0.4028,16.6698,16.6629,15.1262,0.0009,-1.0000
16.6640,1.0000,27.0271,1.2799,0.4317,16.6711,16.6471,15.3812,0.0012,-1.0000
16.6690,1.0000,27.0439,1.7932,0.3855,16.8596,16.6683,15.5586,0.0011,-1.0000
16.6694,1.0000,27.0608,1.1997,0.3806,16.4622,16.6709,15.4623,0.0013,-1.0000
16.6618,1.0000,27.0771,1.5356,0.3923,16.6722,16.6331,15.0710,0.0014,-1.0000
16.8510,1.0000,27.0940,1.2648,0.3128,16.6544,16.8504,15.8111,0.0009,-1.0000
16.6665,1.0000,27.1107,1.1085,0.3395,16.6755,16.6598,14.7928,0.0012,-1.0000
16.6656,1.0000,27.1273,1.2068,0.3973,16.6823,16.6526,15.3809,0.0010,-1.0000
16.6684,1.0000,27.1446,1.5606,0.3789,16.6420,16.6659,15.4746,0.0011,-1.0000
16.6665,1.0000,27.1607,1.0383,0.3472,16.8574,16.6580,14.2488,0.0012,-1.0000
16.6655,1.0000,27.1773,1.8658,0.4557,16.6675,16.6514,15.5026,0.0011,-1.0000
16.6676,1.0000,27.1940,1.2708,0.3512,16.6603,16.6631,15.5510,0.0009,-1.0000
16.6670,1.0000,27.2107,1.1901,0.3331,16.6753,16.6575,15.3604,0.0010,-1.0000
16.6662,1.0000,27.2274,2.4081,0.3350,16.6667,16.6738,15.5068,0.0011,-1.0000
16.6674,1.0000,27.2441,1.1475,0.3493,16.6606,16.6445,15.3280,0.0011,-1.0000
16.6670,1.0000,27.2607,1.1112,0.3912,16.6705,16.6584,15.1616,0.0014,-1.0000
16.6636,1.0000,27.2773,1.2959,0.3301,16.6659,16.6463,15.5380,0.0012,-1.0000
16.6703,1.0000,27.2940,1.1660,0.3527,16.6823,16.6730,15.5893,0.0010,-1.0000
16.6665,1.0000,27.3108,1.3156,0.4826,16.6526,16.6588,15.2313,0.0011,-1.0000
16.6652,1.0000,27.3274,1.4953,0.3153,16.6678,16.6533,15.4602,0.0009,-1.0000
16.6690,1.0000,27.3441,1.1072,0.3246,16.6534,16.6678,15.4601,0.0011,-1.0000
16.6669,1.0000,27.3610,1.0826,0.4265,16.6800,16.6543,15.3063,0.0013,-1.0000
16.6656,1.0000,27.3774,1.4263,0.3274,16.6675,16.6524,14.9842,0.0012,-1.0000
16.6649,1.0000,27.3940,1.1920,0.3399,16.6624,16.6498,15.3527,0.0012,-1.0000
16.6697,1.0000,27.4108,1.2065,0.4130,16.6777,16.6722,15.3755,0.0013,-1.0000
16.6651,1.0000,27.4274,1.3465,0.3841,16.6636,16.6479,15.2555,0.0010,-1.0000
16.6668,1.0000,27.4441,1.6672,0.3438,16.6621,16.6627,15.4292,0.0011,-1.0000
16.6686,1.0000,27.4608,1.2960,0.3573,16.6575,16.6602,15.4189,0.0012,-1.0000
16.6652,1.0000,27.4775,1.2952,0.4203,16.6817,16.6501,15.1731,0.0012,-1.0000
16.6654,1.0000,27.4940,1.3912,0.3436,16.6578,16.6547,15.3778,0.0011,-1.0000
16.6683,1.0000,27.5108,1.2321,0.3203,16.6710,16.6666,15.5596,0.0009,-1.0000
16.6668,1.0000,27.5274,1.2401,0.4632,16.6702,16.6553,15.1667,0.0014,-1.0000
16.6668,1.0000,27.5441,1.4757,0.3400,16.6593,16.6568,15.4102,0.0010,-1.0000
16.6665,1.0000,27.5608,1.2760,0.3415,16.6631,16.6583,15.3565,0.0011,-1.0000
16.6682,1.0000,27.5774,1.1060,0.4118,16.6754,16.6579,15.2565,0.0013,-1.0000
16.6655,1.0000,27.5940,1.4871,0.4002,16.6652,16.6528,15.4432,0.0013,-1.0000
16.6674,1.0000,27.6108,1.2456,0.3590,16.6670,16.6655,15.5032,0.0011,-1.0000
16.6663,1.0000,27.6274,1.3006,0.5475,16.6679,16.6524,15.1825,0.0015,-1.0000
16.6669,1.0000,27.6442,1.3999,0.3255,16.6672,16.6542,15.4776,0.0011,-1.0000
16.6674,1.0000,27.6609,1.2085,0.3488,16.6620,16.6612,15.2674,0.0012,-1.0000
16.6656,1.0000,27.6774,1.1612,0.3982,16.6750,16.6538,15.2610,0.0011,-1.0000
16.6668,1.0000,27.6940,1.4682,0.3388,16.6632,16.6556,15.4383,0.0011,-1.0000
16.6667,1.0000,27.7109,1.1754,0.3732,16.6648,16.6614,15.5099,0.0010,-1.0000
16.6669,1.0000,27.7275,1.3925,0.3289,16.6709,16.6551,15.1903,0.0017,-1.0000
16.6663,1.0000,27.7441,1.3913,0.3340,16.6628,16.6609,15.3076,0.0013,-1.0000
16.6689,1.0000,27.7608,1.2162,0.3826,16.6638,16.6598,15.4479,0.0012,-1.0000
16.6662,1.0000,27.7774,1.1505,0.3791,16.6716,16.6537,15.1201,0.0012,-1.0000
16.6638,1.0000,27.7939,1.4633,0.4534,16.6639,16.6483,15.4533,0.0014,-1.0000
16.6688,1.0000,27.8109,1.3521,0.3460,16.6697,16.6726,15.6379,0.0012,-1.0000
16.6678,1.0000,27.8274,1.2106,0.3727,16.6691,16.6555,14.9786,0.0011,-1.0000
16.6646,1.0000,27.8440,1.5324,0.3486,16.6623,16.6490,15.4265,0.0011,-1.0000
16.6690,1.0000,27.8607,1.1938,0.3066,16.6556,16.6671,15.5748,0.0010,-1.0000
16.6662,1.0000,27.8774,1.0337,0.5158,16.6815,16.6570,15.4156,0.0012,-1.0000
16.6661,1.0000,27.8940,1.6756,0.3133,16.6650,16.6549,15.2759,0.0011,-1.0000
16.6674,1.0000,27.9108,1.2213,0.3750,16.6572,16.6621,15.3865,0.0012,-1.0000
16.6671,1.0000,27.9274,1.0909,0.3293,16.6762,16.6547,15.0565,0.0014,-1.0000
16.6634,1.0000,27.9440,1.2401,0.6091,16.6667,16.6488,15.4448,0.0013,-1.0000
16.6686,1.0000,27.9608,1.3780,0.3324,16.6631,16.6670,15.6858,0.0008,-1.0000
16.6676,1.0000,27.9775,1.2742,0.4067,16.6713,16.6641,15.3387,0.0012,-1.0000
16.6674,1.0000,27.9940,1.5967,0.3240,16.6628,16.6540,15.3061,0.0012,-1.0000
16.6663,1.0000,28.0107,1.2028,0.3119,16.6563,16.6588,15.5389,0.0012,-1.0000
16.6675,1.0000,28.0274,0.9804,0.3766,16.6737,16.6625,15.5096,0.0011,-1.0000
16.6668,1.0000,28.0441,1.3238,0.3260,16.6729,16.6554,15.3105,0.0014,-1.0000
16.6659,1.0000,28.0608,1.3463,0.3345,16.6634,16.6531,15.3766,0.0010,-1.0000
16.6677,1.0000,28.0774,1.1182,0.3341,16.6674,16.6654,15.2433,0.0012,-1.0000
16.6658,1.0000,28.0940,1.1514,0.3398,16.6720,16.6527,15.2560,0.0013,-1.0000
16.6654,1.0000,28.1107,1.3434,0.3361,16.6645,16.6551,15.5883,0.0010,-1.0000
16.6702,1.0000,28.1275,1.2754,0.4633,16.6612,16.6708,15.5112,0.0013,-1.0000
16.6634,1.0000,28.1441,1.4207,0.3798,16.6746,16.6417,14.9539,0.0013,-1.0000
16.6685,1.0000,28.1608,1.3953,0.3688,16.6617,16.6643,15.3188,0.0012,-1.0000
16.6669,1.0000,28.1774,1.0654,0.3626,16.6636,16.6555,15.2655,0.0016,-1.0000
16.6668,1.0000,28.1939,1.1583,0.3983,16.6808,16.6563,15.4650,0.0014,-1.0000
16.6664,1.0000,28.2107,1.6864,0.4320,16.6525,16.6602,15.5271,0.0011,-1.0000
16.6675,1.0000,28.2275,1.3443,0.3582,16.6734,16.6616,15.4138,0.0015,-1.0000
16.6664,1.0000,28.2441,1.3882,0.3375,16.6650,16.6559,15.2231,0.0010,-1.0000
16.6649,1.0000,28.2608,1.1898,0.3605,16.6649,16.6532,15.4709,0.0014,-1.0000
16.6696,1.0000,28.2774,1.1319,0.3283,16.6671,16.6677,15.2747,0.0015,-1.0000
16.6653,1.0000,28.2940,1.2461,0.4176,16.6691,16.6529,15.5350,0.0010,-1.0000
16.6653,1.0000,28.3108,1.4315,0.3283,16.6648,16.6526,15.5218,0.0010,-1.0000
16.6687,1.0000,28.3274,1.1809,0.3310,16.6622,16.6696,15.4394,0.0011,-1.0000
16.6671,1.0000,28.3440,1.3910,0.3263,16.6758,16.6531,15.1990,0.0016,-1.0000
16.6653,1.0000,28.3607,1.1167,0.3315,16.6614,16.6572,15.4177,0.0011,-1.0000
16.6693,1.0000,28.3774,1.1296,0.3525,16.6601,16.6686,15.4403,0.0011,-1.0000
16.6660,1.0000,28.3941,1.2290,0.4233,16.6776,16.6519,15.3905,0.0015,-1.0000
16.6635,1.0000,28.4107,1.4525,0.3353,16.6633,16.6459,15.4209,0.0012,-1.0000
16.7461,1.0000,28.4277,1.2382,0.3952,16.6644,16.7480,15.5244,0.0008,-1.0000
16.6666,1.0000,28.4442,1.2270,0.3242,16.6778,16.6540,15.1527,0.0012,-1.0000
16.6659,1.0000,28.4608,1.2597,0.3671,16.6626,16.6602,15.2722,0.0014,-1.0000
16.6674,1.0000,28.4776,1.2239,0.3169,16.6528,16.6642,15.3598,0.0011,-1.0000
16.6668,1.0000,28.4941,1.2226,0.4358,16.7557,16.6498,15.0223,0.0011,-1.0000
16.6668,1.0000,28.5108,1.4998,0.3903,16.6636,16.6528,15.4676,0.0014,-1.0000
16.6664,1.0000,28.5275,1.3863,0.3559,16.6694,16.6625,15.3963,0.0010,-1.0000
16.6674,1.0000,28.5442,1.3033,0.4436,16.6750,16.6574,15.2617,0.0013,-1.0000
16.6661,1.0000,28.5609,1.6261,0.3947,16.6603,16.6556,15.2577,0.0013,-1.0000
16.6670,1.0000,28.5775,1.1835,0.3194,16.6623,16.6611,15.2401,0.0013,-1.0000
16.6662,1.0000,28.5940,1.2652,0.4983,16.6710,16.6549,15.1886,0.0012,-1.0000
16.6660,1.0000,28.6108,1.3939,0.4237,16.6665,16.6551,15.5944,0.0010,-1.0000
16.6684,1.0000,28.6276,1.3965,0.3124,16.6643,16.6659,15.4363,0.0011,-1.0000
16.6659,1.0000,28.6442,1.4195,0.3804,16.6694,16.6517,14.9321,0.0013,-1.0000
16.6672,1.0000,28.6608,1.4651,0.3132,16.6639,16.6601,15.3045,0.0013,-1.0000
16.6699,1.0000,28.6776,1.0594,0.3547,16.6628,16.6691,15.4396,0.0010,-1.0000
16.6635,1.0000,28.6940,1.2283,0.4353,16.6763,16.6402,15.1186,0.0013,-1.0000
16.6661,1.0000,28.7108,1.7182,0.3898,16.6615,16.6531,15.5208,0.0012,-1.0000
16.6684,1.0000,28.7275,1.3543,0.3286,16.6684,16.6661,15.5163,0.0009,-1.0000
16.6658,1.0000,28.7441,1.2284,0.4363,16.6809,16.6553,15.1188,0.0010,-1.0000
16.6666,1.0000,28.7608,1.5203,0.3886,16.6505,16.6649,15.4652,0.0012,-1.0000
16.6676,1.0000,28.7775,1.1309,0.2965,16.6608,16.6545,15.3456,0.0012,-1.0000
16.6656,1.0000,28.7940,1.1488,0.3421,16.6732,16.6556,15.3646,0.0013,-1.0000
16.6651,1.0000,28.8109,1.5354,0.3322,16.6643,16.6540,15.4549,0.0011,-1.0000
16.6697,1.0000,28.8275,1.1985,0.4382,16.6731,16.6681,15.3158,0.0013,-1.0000
16.6656,1.0000,28.8442,1.3076,0.3471,16.6624,16.6569,15.3906,0.0011,-1.0000
16.6671,1.0000,28.8608,1.2897,0.3265,16.6642,16.6582,15.3113,0.0012,-1.0000
16.6676,1.0000,28.8776,1.1979,0.3319,16.6609,16.6655,15.4299,0.0012,-1.0000
16.6660,1.0000,28.8942,1.3510,0.3819,16.6749,16.6500,14.9886,0.0013,-1.0000
16.6654,1.0000,28.9108,1.2651,0.4068,16.6667,16.6493,15.2705,0.0012,-1.0000
16.6704,1.0000,28.9276,1.3455,0.3357,16.6664,16.6704,15.5063,0.0010,-1.0000
16.6654,1.0000,28.9442,1.2344,0.4381,16.6752,16.6474,15.2209,0.0012,-1.0000
16.6658,1.0000,28.9608,1.6602,0.4003,16.6619,16.6577,15.4606,0.0013,-1.0000
16.6674,1.0000,28.9776,1.3774,0.3338,16.6584,16.6616,15.4774,0.0016,-1.0000
16.6659,1.0000,28.9941,1.1631,0.3923,16.6816,16.6540,14.9479,0.0013,-1.0000
16.6657,1.0000,29.0108,1.4251,0.3911,16.6581,16.6488,15.5234,0.0013,-1.0000
16.6703,1.0000,29.0276,1.1959,0.3266,16.6668,16.6746,15.5483,0.0013,-1.0000
16.6645,1.0000,29.0442,1.1824,0.4058,16.6725,16.6467,15.2292,0.0015,-1.0000
16.6664,1.0000,29.0609,1.7046,0.3944,16.6632,16.6587,15.4582,0.0011,-1.0000
16.6696,1.0000,29.0775,1.1242,0.3695,16.6564,16.6801,15.3887,0.0012,-1.0000
16.6649,1.0000,29.0940,1.1245,0.3547,16.6841,16.6328,15.2427,0.0011,-1.0000
16.6659,1.0000,29.1108,1.4159,0.3166,16.6570,16.6577,15.6025,0.0011,-1.0000
16.6685,1.0000,29.1283,1.1994,0.3796,16.6673,16.6624,15.4920,0.0011,-1.0000
16.6650,1.0000,29.1441,1.2899,0.5341,16.6902,16.6525,13.9699,0.0013,-1.0000
16.6668,1.0000,29.1607,1.3889,0.3335,16.6419,16.6573,15.4568,0.0013,-1.0000
16.6695,1.0000,29.1774,1.0540,0.3269,16.6661,16.6645,15.5363,0.0012,-1.0000
16.6638,1.0000,29.1940,1.1692,0.3811,16.6714,16.6511,15.4347,0.0013,-1.0000
16.6647,1.0000,29.2107,2.6812,0.3238,16.6623,16.6503,15.6563,0.0009,-1.0000
16.6723,1.0000,29.2276,1.1989,0.3906,16.6653,16.6806,15.6106,0.0009,-1.0000
16.6640,1.0000,29.2441,1.1270,0.3402,16.6746,16.6451,15.1002,0.0010,-1.0000
16.6657,1.0000,29.2607,1.2150,0.3330,16.6605,16.6501,15.4773,0.0013,-1.0000
16.6695,1.0000,29.2775,0.9931,0.3034,16.6572,16.6694,15.4655,0.0010,-1.0000
16.6662,1.0000,29.2940,1.0696,0.4274,16.6917,16.6506,15.1545,0.0015,-1.0000
16.6646,1.0000,29.3108,1.5438,0.3646,16.6577,16.6480,15.5085,0.0013,-1.0000
16.6694,1.0000,29.3274,1.1713,0.3227,16.6588,16.6650,15.3779,0.0010,-1.0000
16.6659,1.0000,29.3441,1.2024,0.4502,16.6799,16.6556,15.4081,0.0010,-1.0000
16.6655,1.0000,29.3607,1.4942,0.3662,16.6631,16.6558,15.5134,0.0012,-1.0000
16.6683,1.0000,29.3774,1.1383,0.3186,16.6568,16.6605,15.5344,0.0011,-1.0000
16.6658,1.0000,29.3971,1.2854,0.3511,16.6731,16.6535,15.4477,0.0012,-1.0000
16.6652,1.0000,29.4110,1.2465,0.4207,16.6656,16.6561,12.3744,0.0013,-1.0000
16.6687,1.0000,29.4275,1.1410,0.3475,16.6653,16.6634,15.1584,0.0017,-1.0000
16.6661,1.0000,29.4442,1.1247,0.3189,16.6702,16.6545,15.3545,0.0013,-1.0000
16.6669,1.0000,29.4609,1.2046,0.4040,16.6624,16.6610,15.4409,0.0012,-1.0000
16.6672,1.0000,29.4776,4.2804,0.3329,16.6639,16.6564,15.4084,0.0014,-1.0000
16.6663,1.0000,29.4941,1.5031,0.4031,16.6724,16.6564,15.2496,0.0013,-1.0000
16.6673,1.0000,29.5108,1.2986,0.3762,16.6633,16.6568,15.5781,0.0010,-1.0000
16.6709,1.0000,29.5276,1.2188,0.3077,16.6707,16.7120,15.4612,0.0012,-1.0000
16.6655,1.0000,29.5442,1.2465,0.3184,16.6655,16.6063,15.2970,0.0010,-1.0000
16.6659,1.0000,29.5609,1.4058,0.3314,16.6660,16.6580,15.3667,0.0012,-1.0000
16.6695,1.0000,29.5775,1.0775,0.3155,16.6654,16.6640,15.3270,0.0012,-1.0000
16.6643,1.0000,29.5941,1.2496,0.3905,16.7226,16.6485,15.3094,0.0014,-1.0000
16.6664,1.0000,29.6108,1.3081,0.3776,16.6169,16.6567,15.5346,0.0010,-1.0000
16.7539,1.0000,29.6279,1.2901,0.3777,16.6666,16.7473,15.5246,0.0011,-1.0000
16.6661,1.0000,29.6443,1.3356,0.3802,16.6733,16.6102,15.0496,0.0009,-1.0000
16.6660,1.0000,29.6610,1.3375,0.3322,16.6587,16.6590,15.2401,0.0011,-1.0000
16.6677,1.0000,29.6776,1.1208,0.3198,16.6645,16.6561,15.3691,0.0013,-1.0000
16.6660,1.0000,29.6941,1.2215,0.4282,16.7550,16.6553,15.4746,0.0011,-1.0000
16.6659,1.0000,29.7109,1.5597,0.3413,16.6665,16.6567,15.5626,0.0010,-1.0000
16.6689,1.0000,29.7277,1.4179,0.3699,16.6680,16.6657,15.3916,0.0012,-1.0000
16.6658,1.0000,29.7443,1.2855,0.3357,16.6655,16.7244,15.2699,0.0011,-1.0000
16.6667,1.0000,29.7610,1.1793,0.3336,16.6642,16.6820,15.3225,0.0012,-1.0000
16.6676,1.0000,29.7777,1.0931,0.3211,16.6642,16.6548,15.3208,0.0013,-1.0000
16.6675,1.0000,29.7943,1.2729,0.3350,16.6740,16.6619,15.3099,0.0011,-1.0000
16.6643,1.0000,29.8111,1.4533,0.3701,16.7343,16.6606,15.2698,0.0013,-1.0000
16.6684,1.0000,29.8276,1.3583,0.3426,16.6919,16.6176,15.2846,0.0012,-1.0000
16.6661,1.0000,29.8444,1.3328,0.3671,16.6648,16.7111,15.2035,0.0013,-1.0000
16.6667,1.0000,29.8610,1.3508,0.3375,16.6739,16.6551,15.2833,0.0012,-1.0000
16.6679,1.0000,29.8778,1.3895,0.3534,16.6698,16.5614,15.2007,0.0013,-1.0000
16.6658,1.0000,29.8942,1.3321,0.4301,16.6255,16.6278,15.0614,0.0013,-1.0000
16.6668,1.0000,29.9110,1.5063,0.3286,16.7212,16.6563,15.4958,0.0010,-1.0000
16.6662,1.0000,29.9276,1.3705,0.3469,16.6657,16.6657,15.3411,0.0012,-1.0000
16.6671,1.0000,29.9443,1.3592,0.3870,16.5986,16.6574,15.4383,0.0011,-1.0000
16.6669,1.0000,29.9609,1.5649,0.3390,16.6366,16.6587,15.3666,0.0012,-1.0000
16.6677,1.0000,29.9778,1.1596,0.3399,16.6649,16.7143,15.4139,0.0014,-1.0000
16.6656,1.0000,29.9941,1.3233,0.3418,16.6743,16.5912,15.2053,0.0015,-1.0000
16.6666,1.0000,30.0109,1.2179,0.4071,16.6666,16.6556,15.5326,0.0012,-1.0000
16.6673,1.0000,30.0276,1.2911,0.3258,16.6675,16.6676,15.4880,0.0010,-1.0000
16.6662,1.0000,30.0443,1.2989,0.4338,16.7240,16.6532,15.1654,0.0012,-1.0000
16.6663,1.0000,30.0610,1.3842,0.3339,16.6017,16.6595,15.3152,0.0014,-1.0000
16.6678,1.0000,30.0779,1.1215,0.3199,16.6634,16.6609,15.3756,0.0014,-1.0000
16.6664,1.0000,30.0942,1.1784,0.4424,16.6759,16.6665,14.7154,0.0012,-1.0000
16.6655,1.0000,30.1109,1.4864,0.3420,16.6620,16.6438,15.5127,0.0013,-1.0000
16.6689,1.0000,30.1276,1.3428,0.3377,16.6673,16.6624,15.4858,0.0009,-1.0000
16.6658,1.0000,30.1444,1.2838,0.4642,16.6691,16.6580,15.3258,0.0013,-1.0000
16.6673,1.0000,30.1609,1.9499,0.3642,16.6756,16.6562,15.2036,0.0014,-1.0000
16.6681,1.0000,30.1776,1.1300,0.3007,16.6527,16.6740,15.3361,0.0010,-1.0000
16.6644,1.0000,30.1942,1.1757,0.3356,16.6709,16.6401,15.3178,0.0011,-1.0000
16.6675,1.0000,30.2110,1.3309,0.3641,16.6669,16.6659,15.5859,0.0010,-1.0000
16.6677,1.0000,30.2277,1.4513,0.3681,16.6648,16.6556,15.3308,0.0012,-1.0000
16.6654,1.0000,30.2443,1.3364,0.4063,16.6836,16.6486,14.9397,0.0010,-1.0000
16.6677,1.0000,30.2610,1.3213,0.3270,16.6503,16.7167,15.4750,0.0010,-1.0000
16.6659,1.0000,30.2777,1.0788,0.3450,16.6740,16.6540,15.3421,0.0014,-1.0000
16.6663,1.0000,30.2941,1.3235,0.4685,16.6646,16.5853,15.2947,0.0012,-1.0000
16.6668,1.0000,30.3111,1.7076,0.3319,16.6569,16.7203,15.5410,0.0010,-1.0000
16.6676,1.0000,30.3276,1.2406,0.3779,16.7251,16.6045,15.1983,0.0012,-1.0000
16.6656,1.0000,30.3443,1.3105,0.3608,16.6842,16.6430,15.2480,0.0010,-1.0000
16.6680,1.0000,30.3610,1.2891,0.3485,16.5933,16.7168,15.4075,0.0013,-1.0000
16.6690,1.0000,30.3776,1.1789,0.3938,16.7297,16.6146,15.2667,0.0015,-1.0000
16.6635,1.0000,30.3942,1.4050,0.6084,16.6138,16.6461,15.1584,0.0014,-1.0000
16.6666,1.0000,30.4109,1.3942,0.3498,16.6515,16.6579,15.5193,0.0011,-1.0000
16.6693,1.0000,30.4278,1.3082,0.4183,16.7250,16.7543,15.4947,0.0012,-1.0000
16.6633,1.0000,30.4443,1.3462,0.4153,16.6234,16.6098,15.0713,0.0013,-1.0000
16.6702,1.0000,30.4611,1.4865,0.3388,16.6553,16.6768,15.4478,0.0011,-1.0000
16.6658,1.0000,30.4778,1.1372,0.3026,16.6646,16.6615,15.0627,0.0016,-1.0000
16.6664,1.0000,30.4943,1.2584,0.4321,16.7665,16.6886,15.1255,0.0015,-1.0000
16.6667,1.0000,30.5110,1.5373,0.3166,16.6191,16.6048,15.4239,0.0012,-1.0000
16.6672,1.0000,30.5276,1.2276,0.3929,16.6865,16.6498,15.2576,0.0009,-1.0000
16.6676,1.0000,30.5446,1.5972,0.3122,16.6717,16.7965,15.4337,0.0012,-1.0000
16.6659,1.0000,30.5611,1.5620,0.3621,16.6982,16.5343,15.0673,0.0017,-1.0000
16.6673,1.0000,30.5777,1.1796,0.3933,16.6144,16.6559,15.1420,0.0011,-1.0000
16.6664,1.0000,30.5943,1.3914,0.3355,16.6586,16.6870,15.1255,0.0011,-1.0000
16.6662,1.0000,30.6109,1.3614,0.3176,16.8081,16.5704,15.3444,0.0010,-1.0000
16.6672,1.0000,30.6276,1.4653,0.3977,16.5452,16.7075,15.3570,0.0012,-1.0000
16.6686,1.0000,30.6445,1.5129,0.3696,16.6657,16.6942,15.2378,0.0015,-1.0000
16.6651,1.0000,30.6610,1.5607,0.3539,16.6968,16.6104,14.9937,0.0013,-1.0000
16.6671,1.0000,30.6777,1.2249,0.3231,16.5783,16.6820,15.3607,0.0009,-1.0000
16.6684,1.0000,30.6943,1.3492,0.3989,16.7162,16.6669,15.2781,0.0011,-1.0000
16.6648,1.0000,30.7110,1.4547,0.3865,16.7047,16.6464,15.2151,0.0013,-1.0000
16.6665,1.0000,30.7277,1.6155,0.3873,16.6212,16.6476,15.2834,0.0014,-1.0000
16.6666,1.0000,30.7444,1.3204,0.3618,16.6919,16.6843,15.2853,0.0011,-1.0000
16.6684,1.0000,30.7610,1.3875,0.3835,16.6768,16.6124,15.1730,0.0012,-1.0000
16.6654,1.0000,30.7779,1.4298,0.3054,16.6562,16.8576,15.3442,0.0012,-1.0000
16.6675,1.0000,30.7944,1.3627,0.3519,16.6579,16.6446,15.1683,0.0013,-1.0000
16.6660,1.0000,30.8111,1.3978,0.3473,16.6936,16.4655,15.1821,0.0011,-1.0000
16.6677,1.0000,30.8277,1.4379,0.3499,16.6213,16.6813,14.8801,0.0017,-1.0000
16.6654,1.0000,30.8443,1.5122,0.3488,16.8674,16.6376,15.0943,0.0015,-1.0000
16.6670,1.0000,30.8611,1.4749,0.4463,16.6533,16.7466,15.2969,0.0012,-1.0000
16.6664,1.0000,30.8776,1.2822,0.3731,16.4752,16.5293,15.1070,0.0013,-1.0000
16.6677,1.0000,30.8942,1.7994,0.3691,16.6915,16.6584,15.1952,0.0013,-1.0000
16.6662,1.0000,30.9110,1.5418,0.3364,16.6479,16.6610,15.4076,0.0010,-1.0000
16.6670,1.0000,30.9276,1.4486,0.3673,16.7557,16.6600,15.2637,0.0014,-1.0000
16.6666,1.0000,30.9444,1.4208,0.3977,16.5378,16.6977,15.2234,0.0015,-1.0000
16.6673,1.0000,30.9611,1.4616,0.4298,16.6670,16.7314,15.2001,0.0011,-1.0000
16.6666,1.0000,30.9778,1.2523,0.3674,16.6698,16.6374,15.1618,0.0011,-1.0000
16.6667,1.0000,30.9943,1.3944,0.3795,16.6702,16.6300,15.1080,0.0011,-1.0000
16.6665,1.0000,31.0110,1.4727,0.4626,16.7081,16.6307,15.1868,0.0012,-1.0000
16.6672,1.0000,31.0277,1.5296,0.3644,16.7411,16.7025,15.2855,0.0012,-1.0000
16.6665,1.0000,31.0445,1.4743,0.3829,16.6474,16.6076,15.3028,0.0015,-1.0000
16.6669,1.0000,31.0611,1.5209,0.3656,16.6404,16.6524,14.9781,0.0012,-1.0000
16.6664,1.0000,31.0777,1.4425,0.2977,16.6399,16.7143,15.1989,0.0012,-1.0000
16.6681,1.0000,31.0944,1.4156,0.3214,16.7129,16.7954,15.2621,0.0010,-1.0000
16.6678,1.0000,31.1111,1.3031,0.5183,16.6176,16.4372,15.0403,0.0014,-1.0000
16.6656,1.0000,31.1276,1.6729,0.3726,16.6632,16.6371,15.0057,0.0016,-1.0000
16.6658,1.0000,31.1444,1.5142,0.3297,16.7257,16.6587,15.2746,0.0014,-1.0000
16.6668,1.0000,31.1620,1.5323,0.3957,16.8062,17.6630,15.1414,0.0012,-1.0000
16.6674,1.0000,31.1777,1.3951,0.3967,16.4491,15.7136,14.0471,0.0013,-1.0000
16.6659,1.0000,31.1942,1.6299,0.4182,16.6469,16.5919,14.8082,0.0016,-1.0000
16.6677,1.0000,31.2110,1.3828,0.3798,16.6684,16.6648,15.4785,0.0013,-1.0000
16.6658,1.0000,31.2277,2.5204,0.4740,17.6735,16.6446,15.3044,0.0013,-1.0000
16.6663,1.0000,31.2443,1.6655,0.6407,15.7243,16.6581,14.6178,0.0012,-1.0000
16.6659,1.0000,31.2609,1.7820,0.3324,16.6023,16.6525,15.4693,0.0013,-1.0000
16.6702,1.0000,31.2777,1.1850,0.3242,16.6743,16.6733,15.4768,0.0011,-1.0000
16.6650,1.0000,31.2942,1.3388,0.3376,16.6550,16.6495,15.2338,0.0016,-1.0000
16.6669,1.0000,31.3110,2.0389,0.3216,16.6669,16.6565,15.3728,0.0013,-1.0000
16.6680,1.0000,31.3281,1.1816,0.3579,16.6608,16.6681,15.3578,0.0013,-1.0000
16.6652,1.0000,31.3443,1.1953,0.3451,16.6828,16.6384,14.8703,0.0013,-1.0000
16.6658,1.0000,31.3610,1.4140,0.3559,16.6602,16.6668,15.4233,0.0013,-1.0000
16.7172,1.0000,31.3777,1.2822,0.3099,16.6656,16.7144,15.4289,0.0014,-1.0000
16.6653,1.0000,31.3944,1.3087,0.3654,16.6798,16.6483,15.1361,0.0011,-1.0000
16.6669,1.0000,31.4111,1.7667,0.3180,16.6482,16.6511,15.2448,0.0013,-1.0000
16.6673,1.0000,31.4277,1.2421,0.2994,16.6769,16.6667,15.3103,0.0013,-1.0000
16.6660,1.0000,31.4443,1.2840,0.3716,16.7249,16.6537,14.7802,0.0014,-1.0000
16.6655,1.0000,31.4610,1.5109,0.3126,16.6588,16.6956,15.4416,0.0013,-1.0000
16.6692,1.0000,31.4779,1.4048,0.3262,16.6600,16.6318,15.4137,0.0015,-1.0000
16.6664,1.0000,31.4942,1.3550,0.4580,16.6772,16.6369,14.9565,0.0014,-1.0000
16.6663,1.0000,31.5111,1.8722,0.3181,16.6639,16.6983,15.4148,0.0010,-1.0000
16.6664,1.0000,31.5277,1.2529,0.3074,16.7035,16.6124,15.2619,0.0011,-1.0000
16.6674,1.0000,31.5443,1.2163,0.3760,16.6426,16.6562,15.4082,0.0011,-1.0000
16.6655,1.0000,31.5611,1.6795,0.3452,16.6490,16.7030,15.3181,0.0012,-1.0000
16.6695,1.0000,31.5778,1.2823,0.3244,16.7071,16.6307,15.3369,0.0012,-1.0000
16.6650,1.0000,31.5942,1.3492,0.3337,16.6217,16.6422,15.1604,0.0016,-1.0000
16.6669,1.0000,31.6110,1.2467,0.3094,16.6645,16.6624,15.5156,0.0012,-1.0000
16.6662,1.0000,31.6277,1.3841,0.3263,16.7119,16.7028,15.4060,0.0017,-1.0000
16.6670,1.0000,31.6445,1.2927,0.6242,16.6400,16.6647,15.2771,0.0012,-1.0000
16.6659,1.0000,31.6610,1.4803,0.3178,16.6511,16.6343,15.2549,0.0011,-1.0000
16.6676,1.0000,31.6777,1.1454,0.3274,16.6723,16.6938,15.4212,0.0012,-1.0000
16.6662,1.0000,31.6943,1.2950,0.3159,16.7127,16.6840,15.3658,0.0011,-1.0000
16.6672,1.0000,31.7110,1.3863,0.3593,16.6743,16.6051,15.3303,0.0010,-1.0000
16.6666,1.0000,31.7280,1.3784,0.3048,16.6421,16.6585,15.3703,0.0013,-1.0000
16.6662,1.0000,31.7444,1.2714,0.3548,16.7027,16.7474,14.9189,0.0010,-1.0000
16.6667,1.0000,31.7610,1.3170,0.3180,16.6942,16.5609,15.3818,0.0011,-1.0000
16.6758,1.0000,31.7777,1.2736,0.3052,16.6134,16.6843,15.3484,0.0009,-1.0000
16.6673,1.0000,31.7943,1.2872,0.3416,16.6674,16.7018,15.3079,0.0010,-1.0000
16.6677,1.0000,31.8111,1.8272,0.2982,16.7557,16.5647,15.4522,0.0012,-1.0000
16.6662,1.0000,31.8278,1.1778,0.2900,16.5693,16.7401,15.2749,0.0014,-1.0000
16.6660,1.0000,31.8444,1.3351,0.3438,16.6915,16.6264,15.2100,0.0013,-1.0000
16.6650,1.0000,31.8610,1.3928,0.2905,16.7116,16.6304,15.4160,0.0012,-1.0000
16.6701,1.0000,31.8778,1.1109,0.3238,16.5732,16.7166,15.4514,0.0014,-1.0000
16.6659,1.0000,31.8944,1.4639,0.3525,16.7506,16.6359,15.2789,0.0012,-1.0000
16.6663,1.0000,31.9111,1.4150,0.3141,16.6360,16.6530,15.3227,0.0012,-1.0000
16.6662,1.0000,31.9278,1.2131,0.3328,16.6380,16.6583,15.3860,0.0013,-1.0000
16.6943,1.0000,31.9445,1.2633,0.3710,16.7255,16.7428,15.3990,0.0012,-1.0000
16.6630,1.0000,31.9611,1.3556,0.3609,16.6463,16.5730,15.2649,0.0014,-1.0000
16.6675,1.0000,31.9777,1.3292,0.3072,16.6627,16.6435,15.3174,0.0013,-1.0000
16.6677,1.0000,31.9946,1.2710,0.3186,16.6682,16.8206,15.4372,0.0010,-1.0000
16.6669,1.0000,32.0111,1.3422,0.3509,16.7522,16.4995,14.8199,0.0012,-1.0000
16.6657,1.0000,32.0277,1.3069,0.3533,16.5823,16.6634,15.3861,0.0015,-1.0000
16.6678,1.0000,32.0445,1.3251,0.2884,16.6509,16.6660,15.2842,0.0012,-1.0000
16.6667,1.0000,32.0611,1.3823,0.3810,16.8291,16.6102,15.2715,0.0011,-1.0000
16.6639,1.0000,32.0777,1.6786,0.3084,16.5100,16.6513,15.2540,0.0013,-1.0000
16.6706,1.0000,32.0943,1.2760,0.3303,16.6721,16.6722,15.5827,0.0010,-1.0000
16.6658,1.0000,32.1110,1.3805,0.3041,16.6750,16.6553,15.3931,0.0012,-1.0000
16.6665,1.0000,32.1277,1.3375,0.2899,16.6194,16.6569,15.3878,0.0013,-1.0000
16.6678,1.0000,32.1445,1.3959,0.2715,16.6590,16.6669,15.4237,0.0015,-1.0000
16.6665,1.0000,32.1611,1.0883,0.3986,16.6795,16.6856,15.1645,0.0014,-1.0000
16.6657,1.0000,32.1777,1.2608,0.3164,16.6648,16.6467,15.3980,0.0009,-1.0000
16.6683,1.0000,32.1943,1.2676,0.3624,16.6652,16.6164,15.4916,0.0012,-1.0000
16.6660,1.0000,32.2110,1.2421,0.3786,16.6775,16.6517,15.4023,0.0011,-1.0000
16.6667,1.0000,32.2277,1.5197,0.3047,16.6956,16.6616,15.5512,0.0010,-1.0000
16.6678,1.0000,32.2445,1.2478,0.3257,16.6544,16.6617,15.3933,0.0011,-1.0000
16.6652,1.0000,32.2610,1.1233,0.3965,16.6261,16.6482,15.3143,0.0012,-1.0000
16.6661,1.0000,32.2777,1.2479,0.3044,16.6617,16.6816,15.4961,0.0010,-1.0000
16.6694,1.0000,32.2943,1.1090,0.3531,16.6699,16.6428,15.3452,0.0011,-1.0000
16.6641,1.0000,32.3110,1.2668,0.3314,16.6715,16.6450,15.1193,0.0012,-1.0000
16.6673,1.0000,32.3277,1.3326,0.2997,16.6581,16.6649,15.4313,0.0015,-1.0000
16.6674,1.0000,32.3443,1.1847,0.2907,16.6900,16.6593,15.3950,0.0012,-1.0000
16.6661,1.0000,32.3610,1.2966,0.5304,16.6521,16.6563,15.3521,0.0014,-1.0000
16.6662,1.0000,32.3776,1.5245,0.2930,16.6542,16.6535,15.4766,0.0012,-1.0000
16.6710,1.0000,32.3944,1.2321,0.3166,16.6718,16.6770,15.5807,0.0009,-1.0000
16.6617,1.0000,32.4110,1.2629,0.3356,16.6684,16.6350,14.8682,0.0014,-1.0000
16.6689,1.0000,32.4277,1.3026,0.3099,16.6661,16.6671,15.6005,0.0011,-1.0000
16.6681,1.0000,32.4444,1.1754,0.3208,16.6612,16.6649,15.3167,0.0011,-1.0000
16.6630,1.0000,32.4610,1.0950,0.3312,16.6870,16.6419,15.2148,0.0012,-1.0000
16.6667,1.0000,32.4777,1.7652,0.3022,16.6445,16.6606,15.4608,0.0010,-1.0000
16.8360,1.0000,32.4947,1.0654,0.3512,16.6746,16.9361,15.5676,0.0013,-1.0000
16.6661,1.0000,32.5112,1.3467,0.3052,16.6746,16.5494,15.2296,0.0013,-1.0000
16.6663,1.0000,32.5278,1.4258,0.2740,16.6514,16.6568,15.4384,0.0014,-1.0000
16.6697,1.0000,32.5445,1.1989,0.2903,16.6680,16.6704,15.4880,0.0010,-1.0000
16.6636,1.0000,32.5612,1.3671,0.3810,16.9465,16.6434,15.3966,0.0011,-1.0000
16.6644,1.0000,32.5779,1.3185,0.3166,16.5582,16.6528,15.4109,0.0013,-1.0000
16.6700,1.0000,32.5944,1.2169,0.3115,16.6648,16.6721,15.4373,0.0014,-1.0000
16.6665,1.0000,32.6112,1.1811,0.3620,16.6819,16.6568,15.2974,0.0012,-1.0000
16.6658,1.0000,32.6278,1.2454,0.3148,16.6525,16.6519,15.3742,0.0011,-1.0000
16.6681,1.0000,32.6446,1.2409,0.5493,16.6594,16.6673,15.4696,0.0010,-1.0000
16.6662,1.0000,32.6612,1.2332,0.5240,16.6797,16.6515,15.2894,0.0010,-1.0000
16.6667,1.0000,32.6779,1.3580,0.4054,16.6663,16.6584,15.4793,0.0014,-1.0000
16.6664,1.0000,32.6945,1.2766,0.5962,16.6602,16.6544,15.4829,0.0012,-1.0000
16.6667,1.0000,32.7112,1.1964,0.3615,16.6773,16.6579,15.2804,0.0011,-1.0000
16.6678,1.0000,32.7279,1.3607,0.3375,16.6605,16.6619,15.4573,0.0011,-1.0000
16.6664,1.0000,32.7446,1.1775,0.3399,16.6681,16.6546,15.3824,0.0012,-1.0000
16.6665,1.0000,32.7612,1.1702,0.4858,16.6645,16.6562,15.1886,0.0013,-1.0000
16.6649,1.0000,32.7778,1.3763,0.4021,16.6661,16.6533,15.5100,0.0014,-1.0000
16.6697,1.0000,32.7945,1.2034,0.3983,16.6712,16.6707,15.4363,0.0012,-1.0000
16.6656,1.0000,32.8112,1.2710,0.3932,16.6641,16.6502,15.3287,0.0011,-1.0000
16.6660,1.0000,32.8278,1.4662,0.3444,16.6649,16.6541,15.3260,0.0011,-1.0000
16.6687,1.0000,32.8445,1.1416,0.2781,16.6614,16.6684,15.5351,0.0011,-1.0000
16.6655,1.0000,32.8612,1.2329,0.5348,16.6799,16.6502,15.3905,0.0012,-1.0000
16.6648,1.0000,32.8778,1.3203,0.3672,16.6604,16.6506,15.5106,0.0010,-1.0000
16.6698,1.0000,32.8945,1.3270,0.3009,16.6622,16.6672,15.5994,0.0010,-1.0000
16.6654,1.0000,32.9112,1.1323,0.3261,16.6778,16.6557,15.2140,0.0011,-1.0000
16.6654,1.0000,32.9278,1.2584,0.3436,16.6605,16.6499,15.4606,0.0010,-1.0000
16.6689,1.0000,32.9445,1.1390,0.2786,16.6580,16.6693,15.5770,0.0011,-1.0000
16.6689,1.0000,32.9615,1.0668,0.3646,16.6764,16.6666,15.4413,0.0011,-1.0000
16.6636,1.0000,32.9779,1.4403,0.3456,16.6648,16.6406,14.8483,0.0014,-1.0000
16.6663,1.0000,32.9944,1.1882,0.2977,16.6571,16.6575,15.4487,0.0011,-1.0000
16.6696,1.0000,33.0113,1.0909,0.3069,16.6769,16.6689,15.5976,0.0009,-1.0000
16.6653,1.0000,33.0278,1.2240,0.4782,16.6785,16.6512,15.2372,0.0013,-1.0000
16.6667,1.0000,33.0445,1.7909,0.2992,16.6509,16.6585,15.5135,0.0012,-1.0000
16.6682,1.0000,33.0613,1.2075,0.3011,16.6645,16.6594,15.5049,0.0011,-1.0000
16.6657,1.0000,33.0779,1.0704,0.2818,16.6786,16.6584,15.3429,0.0011,-1.0000
16.6656,1.0000,33.0944,1.4125,0.3040,16.6607,16.6503,15.4481,0.0013,-1.0000
16.6874,1.0000,33.1113,1.1438,0.3054,16.6667,16.6902,15.6654,0.0012,-1.0000
16.6648,1.0000,33.1279,1.1536,0.3313,16.6686,16.6444,15.2097,0.0014,-1.0000
16.6676,1.0000,33.1446,1.3144,0.3031,16.6672,16.6636,15.5283,0.0015,-1.0000
16.6677,1.0000,33.1613,1.2008,0.3483,16.6585,16.6571,15.2591,0.0011,-1.0000
16.6637,1.0000,33.1778,1.0234,0.3577,16.6999,16.6497,15.1312,0.0011,-1.0000
16.6693,1.0000,33.1944,1.4331,0.2981,16.6551,16.6671,15.5652,0.0013,-1.0000
16.6683,1.0000,33.2113,1.1340,0.2976,16.6719,16.6642,15.4300,0.0013,-1.0000
16.6641,1.0000,33.2279,1.3970,0.4553,16.6665,16.6420,15.1971,0.0017,-1.0000
16.6674,1.0000,33.2446,1.5176,0.2972,16.6591,16.6647,15.4493,0.0013,-1.0000
16.6690,1.0000,33.2614,1.1004,0.3063,16.6749,16.6619,15.4225,0.0014,-1.0000
16.6615,1.0000,33.2778,1.2327,0.3268,16.6747,16.6406,15.2056,0.0014,-1.0000
16.6684,1.0000,33.2944,1.4432,0.3141,16.6517,16.6647,15.6062,0.0011,-1.0000
16.6700,1.0000,33.3113,1.2141,0.3037,16.6740,16.6733,15.6535,0.0011,-1.0000
16.6645,1.0000,33.3279,1.2378,0.3257,16.6724,16.6445,15.2030,0.0014,-1.0000
16.6677,1.0000,33.3446,1.4334,0.3073,16.6485,16.6635,15.4459,0.0012,-1.0000
16.6708,1.0000,33.3612,1.0575,0.2865,16.6706,16.6720,15.3220,0.0014,-1.0000
16.6608,1.0000,33.3778,1.0186,0.2956,16.6824,16.6320,15.3326,0.0013,-1.0000
16.6683,1.0000,33.3950,1.4403,0.2976,16.6530,16.6660,15.5405,0.0010,-1.0000
16.6684,1.0000,33.4112,1.2164,0.3082,16.6721,16.6658,14.7721,0.0015,-1.0000
16.6652,1.0000,33.4279,1.3484,0.3199,16.6828,16.6529,15.3891,0.0011,-1.0000
16.6666,1.0000,33.4445,1.2982,0.2806,16.6402,16.6597,15.4868,0.0012,-1.0000
16.6675,1.0000,33.4612,1.1244,0.4195,16.6735,16.6591,15.3113,0.0012,-1.0000
16.6660,1.0000,33.4779,1.8922,0.3020,16.6737,16.6558,15.4903,0.0010,-1.0000
16.6687,1.0000,33.4945,1.2624,0.3091,16.6610,16.6685,15.4224,0.0010,-1.0000
16.6657,1.0000,33.5112,1.1717,0.3665,16.6679,16.6534,15.5560,0.0014,-1.0000
16.6669,1.0000,33.5279,1.3466,0.3318,16.6677,16.6565,15.4705,0.0013,-1.0000
16.6666,1.0000,33.5447,1.1644,0.3332,16.6644,16.6572,15.4455,0.0014,-1.0000
16.6663,1.0000,33.5612,1.2450,0.3008,16.6774,16.6565,15.2352,0.0013,-1.0000
16.6663,1.0000,33.5778,1.0958,0.3056,16.6621,16.6561,15.4684,0.0015,-1.0000
16.6678,1.0000,33.5944,1.1846,0.3447,16.6651,16.6656,15.5303,0.0010,-1.0000
16.6676,1.0000,33.6112,1.2101,0.3109,16.6667,16.6593,15.4954,0.0012,-1.0000
16.6647,1.0000,33.6278,1.4199,0.3069,16.6644,16.6518,15.4893,0.0011,-1.0000
16.6698,1.0000,33.6447,1.1863,0.2985,16.6632,16.6718,15.4884,0.0011,-1.0000
16.6655,1.0000,33.6612,1.1342,0.2880,16.6732,16.6482,14.9074,0.0013,-1.0000
16.6643,1.0000,33.6778,1.1625,0.3391,16.6678,16.6502,15.4843,0.0013,-1.0000
16.6688,1.0000,33.6944,1.1615,0.3166,16.6604,16.6670,15.5714,0.0013,-1.0000
16.6668,1.0000,33.7112,1.1819,0.3702,16.6823,16.6591,15.4041,0.0011,-1.0000
16.6658,1.0000,33.7279,1.7394,0.3013,16.6565,16.6543,15.4638,0.0011,-1.0000
16.6667,1.0000,33.7445,1.1644,0.3398,16.6574,16.6559,15.4624,0.0012,-1.0000
16.6687,1.0000,33.7612,1.0941,0.3948,16.6752,16.6669,15.4367,0.0009,-1.0000
16.6635,1.0000,33.7778,1.2538,0.2960,16.6668,16.6475,15.4242,0.0011,-1.0000
16.6683,1.0000,33.7945,1.1892,0.2947,16.6627,16.6726,15.6463,0.0010,-1.0000
16.6679,1.0000,33.8112,1.1923,0.3607,16.6641,16.6590,15.3680,0.0009,-1.0000
16.6654,1.0000,33.8278,1.2294,0.3008,16.6741,16.6529,15.4157,0.0014,-1.0000
16.6679,1.0000,33.8446,1.2223,0.2937,16.6548,16.6606,15.5479,0.0011,-1.0000
16.6688,1.0000,33.8613,1.0255,0.3138,16.6800,16.6696,15.2867,0.0013,-1.0000
16.6624,1.0000,33.8778,1.2899,0.2942,16.6666,16.6366,15.3138,0.0012,-1.0000
16.6687,1.0000,33.8946,1.2359,0.3282,16.6611,16.6710,15.5561,0.0010,-1.0000
16.6675,1.0000,33.9112,1.1117,0.3915,16.6698,16.6555,15.1313,0.0018,-1.0000
16.6656,1.0000,33.9279,1.3811,0.2986,16.6799,16.6504,15.5519,0.0010,-1.0000
16.6664,1.0000,33.9445,1.3217,0.2893,16.6451,16.6597,15.2955,0.0012,-1.0000
16.6685,1.0000,33.9612,1.1138,0.3147,16.6796,16.6651,15.4892,0.0012,-1.0000
16.6661,1.0000,33.9779,1.5222,0.3142,16.6660,16.6573,15.0848,0.0015,-1.0000
16.6661,1.0000,33.9944,1.0975,0.3437,16.6589,16.6577,15.3122,0.0011,-1.0000
16.6692,1.0000,34.0112,1.3627,0.3539,16.6662,16.6648,15.5969,0.0013,-1.0000
16.6658,1.0000,34.0279,1.1743,0.3375,16.6732,16.6611,15.3544,0.0015,-1.0000
16.6663,1.0000,34.0445,1.5709,0.3380,16.6654,16.6506,15.3398,0.0012,-1.0000
16.6669,1.0000,34.0613,1.3443,0.3011,16.6662,16.6581,15.4784,0.0013,-1.0000
16.6663,1.0000,34.0779,1.0664,0.3590,16.6735,16.6576,15.3486,0.0012,-1.0000
16.6656,1.0000,34.0944,1.3049,0.3577,16.6707,16.6513,15.4553,0.0010,-1.0000
16.6680,1.0000,34.1112,1.3096,0.3164,16.6594,16.6652,15.6222,0.0010,-1.0000
16.6677,1.0000,34.1279,1.1784,0.3140,16.6670,16.6588,15.4297,0.0010,-1.0000
16.6655,1.0000,34.1446,1.3077,0.3207,16.6660,16.6544,15.3100,0.0015,-1.0000
16.6670,1.0000,34.1612,1.1952,0.3818,16.6594,16.6631,15.3060,0.0011,-1.0000
16.6664,1.0000,34.1779,1.0418,0.2934,16.6739,16.6523,15.3628,0.0011,-1.0000
16.6654,1.0000,34.1944,1.2279,0.3135,16.6673,16.6539,15.5095,0.0013,-1.0000
16.6683,1.0000,34.2115,1.3426,0.2965,16.6629,16.6721,15.5659,0.0008,-1.0000
16.6677,1.0000,34.2280,1.3559,0.3799,16.6728,16.6533,15.0542,0.0012,-1.0000
16.6651,1.0000,34.2445,1.2882,0.2992,16.6618,16.6538,15.2913,0.0010,-1.0000
16.6695,1.0000,34.2613,1.1431,0.2784,16.6612,16.6678,15.4645,0.0010,-1.0000
16.6651,1.0000,34.2779,1.1052,0.3094,16.6794,16.6508,15.2276,0.0014,-1.0000
16.6647,1.0000,34.2944,1.5976,0.3493,16.6611,16.6528,15.5415,0.0010,-1.0000
16.6691,1.0000,34.3113,1.3616,0.3276,16.6620,16.6668,15.6231,0.0012,-1.0000
16.6671,1.0000,34.3279,1.2020,0.3034,16.6774,16.6561,15.2950,0.0012,-1.0000
16.6656,1.0000,34.3445,1.4216,0.2894,16.6604,16.6545,15.4206,0.0011,-1.0000
16.6678,1.0000,34.3612,1.1101,0.3388,16.6598,16.6623,15.4738,0.0012,-1.0000
16.6665,1.0000,34.3779,1.0424,0.3757,16.6763,16.6538,15.4645,0.0023,-1.0000
16.6673,1.0000,34.3946,1.3598,0.3065,16.6661,16.6595,15.4864,0.0012,-1.0000
16.6658,1.0000,34.4111,1.2326,0.3065,16.6639,16.6570,15.3853,0.0011,-1.0000
16.6678,1.0000,34.4279,1.1869,0.3033,16.6713,16.6599,15.4685,0.0013,-1.0000
16.6655,1.0000,34.4445,1.1868,0.3148,16.6626,16.6534,15.5120,0.0012,-1.0000
16.6676,1.0000,34.4615,1.1719,0.2965,16.6689,16.6608,15.4797,0.0012,-1.0000
16.6669,1.0000,34.4779,1.2701,0.3422,16.6658,16.6569,15.2101,0.0013,-1.0000
16.6652,1.0000,34.4950,1.1900,0.3029,16.6693,16.6553,15.3794,0.0011,-1.0000
16.6672,1.0000,34.5111,1.1401,0.3027,16.6627,16.6592,10.3013,0.0012,-1.0000
16.6672,1.0000,34.5278,1.1797,0.2956,16.6692,16.6609,15.4304,0.0010,-1.0000
16.6650,1.0000,34.5444,1.4453,0.3055,16.6664,16.6494,15.6115,0.0009,-1.0000
16.6688,1.0000,34.5612,1.2748,0.3801,16.6636,16.6664,15.6861,0.0012,-1.0000
16.6679,1.0000,34.5778,6.3568,0.3433,16.6680,16.6616,15.4221,0.0012,-1.0000
16.6640,1.0000,34.5944,1.2293,0.2979,16.6694,16.6517,15.3266,0.0010,-1.0000
16.6663,1.0000,34.6110,1.0370,0.2755,16.6567,16.6563,15.6304,0.0010,-1.0000
16.6688,1.0000,34.6279,0.9791,0.3953,16.6744,16.6651,15.6660,0.0012,-1.0000
16.6667,1.0000,34.6445,1.2382,0.4554,16.6702,16.6598,15.1535,0.0012,-1.0000
16.6648,1.0000,34.6611,1.3239,0.2948,16.6600,16.6535,15.4497,0.0012,-1.0000
16.6707,1.0000,34.6779,1.0250,0.3842,16.6642,16.6715,15.5275,0.0008,-1.0000
16.6647,1.0000,34.6945,0.9975,0.3595,16.6728,16.6481,15.2728,0.0015,-1.0000
16.6651,1.0000,34.7110,1.5046,0.3322,16.6682,16.6500,15.5413,0.0010,-1.0000
16.6688,1.0000,34.7279,1.2026,0.3446,16.6611,16.6729,15.7161,0.0009,-1.0000
16.6666,1.0000,34.7445,1.1426,0.3063,16.6812,16.6522,15.3258,0.0011,-1.0000
16.6660,1.0000,34.7612,1.3736,0.3146,16.6579,16.6547,15.5117,0.0011,-1.0000
16.6676,1.0000,34.7780,1.1079,0.3077,16.6577,16.6582,15.3852,0.0014,-1.0000
16.6668,1.0000,34.7946,0.9555,0.3075,16.6817,16.6602,15.0684,0.0012,-1.0000
16.6645,1.0000,34.8111,1.3255,0.2954,16.6625,16.6509,15.4321,0.0012,-1.0000
16.6686,1.0000,34.8279,1.1415,0.3632,16.6637,16.6682,15.5137,0.0010,-1.0000
16.6670,1.0000,34.8445,1.2716,0.3375,16.6668,16.6536,15.2632,0.0012,-1.0000
16.6667,1.0000,34.8612,1.5907,0.2858,16.6690,16.6604,15.4839,0.0012,-1.0000
16.6677,1.0000,34.8779,1.2175,0.2831,16.6584,16.6603,15.3907,0.0012,-1.0000
16.6659,1.0000,34.8946,1.1532,0.3927,16.6770,16.6506,15.1688,0.0016,-1.0000
16.6671,1.0000,34.9111,1.3889,0.3023,16.6624,16.6607,15.4216,0.0011,-1.0000
16.6676,1.0000,34.9281,1.1748,0.3043,16.6692,16.6587,15.5473,0.0012,-1.0000
16.6655,1.0000,34.9445,1.2683,0.3194,16.6703,16.6549,14.7633,0.0012,-1.0000
16.6673,1.0000,34.9613,1.4801,0.3355,16.6598,16.6643,15.4816,0.0012,-1.0000
16.6683,1.0000,34.9780,1.2379,0.3117,16.6692,16.6619,15.3746,0.0015,-1.0000
16.6639,1.0000,34.9945,1.1100,0.3876,16.6672,16.6415,15.0968,0.0013,-1.0000
16.6683,1.0000,35.0112,1.8903,0.3071,16.6630,16.6717,15.4974,0.0012,-1.0000
16.6683,1.0000,35.0280,1.1815,0.3518,16.6730,16.6557,15.3995,0.0011,-1.0000
16.6642,1.0000,35.0445,1.2852,0.3523,16.6730,16.6472,15.1860,0.0016,-1.0000
16.6679,1.0000,35.0613,1.5432,0.2841,16.6500,16.6631,15.5070,0.0014,-1.0000
16.6669,1.0000,35.0779,1.1737,0.2922,16.6817,16.6594,15.1729,0.0015,-1.0000
16.6656,1.0000,35.0945,1.2548,0.3266,16.6665,16.6533,15.3513,0.0010,-1.0000
16.6672,1.0000,35.1111,1.4594,0.3001,16.6562,16.6598,15.5402,0.0011,-1.0000
16.6676,1.0000,35.1279,1.1545,0.4044,16.6715,16.6653,15.5254,0.0011,-1.0000
16.6645,1.0000,35.1446,1.4851,0.2972,16.6683,16.6458,15.5306,0.0012,-1.0000
16.6680,1.0000,35.1612,1.3010,0.3357,16.6612,16.6631,15.4363,0.0012,-1.0000
16.6691,1.0000,35.1780,1.1185,0.3405,16.6678,16.6687,15.6153,0.0013,-1.0000
16.6672,1.0000,35.1946,1.1387,0.2969,16.6739,16.6567,15.2208,0.0016,-1.0000
16.6632,1.0000,35.2111,1.1139,0.2994,16.6525,16.6422,15.2773,0.0015,-1.0000
16.6685,1.0000,35.2279,1.2255,0.2954,16.6700,16.6738,15.6872,0.0011,-1.0000
16.6671,1.0000,35.2445,1.0518,0.3012,16.6781,16.6567,15.3635,0.0013,-1.0000
16.6669,1.0000,35.2612,1.4341,0.3385,16.6678,16.6569,15.4488,0.0011,-1.0000
16.6677,1.0000,35.2779,1.3634,0.2885,16.6498,16.6601,15.5009,0.0011,-1.0000
16.6654,1.0000,35.2945,0.9851,0.3063,16.6802,16.6577,15.3700,0.0010,-1.0000
16.6667,1.0000,35.3112,1.2916,0.2994,16.6654,16.6559,15.3691,0.0013,-1.0000
16.6671,1.0000,35.3280,1.2068,0.3337,16.6655,16.6626,15.5235,0.0015,-1.0000
16.6664,1.0000,35.3445,1.1580,0.2792,16.6686,16.6551,15.1919,0.0010,-1.0000
16.6666,1.0000,35.3612,1.2867,0.3084,16.6659,16.6563,15.5200,0.0011,-1.0000
16.6672,1.0000,35.3779,1.2855,0.3576,16.6647,16.6612,15.5405,0.0011,-1.0000
16.6674,1.0000,35.3946,1.1376,0.3663,16.6721,16.6552,15.3300,0.0012,-1.0000
16.6641,1.0000,35.4111,1.4620,0.3310,16.6641,16.6495,15.2049,0.0013,-1.0000
16.6685,1.0000,35.4282,1.1352,0.3022,16.6644,16.6684,15.6641,0.0010,-1.0000
16.6673,1.0000,35.4445,1.1195,0.3109,16.6700,16.6581,14.9770,0.0018,-1.0000
16.6660,1.0000,35.4612,1.3243,0.3526,16.6648,16.6567,15.4888,0.0009,-1.0000
16.6671,1.0000,35.4780,1.4435,0.2790,16.6573,16.6638,15.5133,0.0013,-1.0000
16.6665,1.0000,35.4945,1.0030,0.3293,16.6764,16.6526,15.1127,0.0012,-1.0000
16.6659,1.0000,35.5111,1.6793,0.3153,16.6665,16.6526,15.4953,0.0012,-1.0000
16.6648,1.0000,35.5283,1.1668,0.3182,16.6649,16.6539,15.4089,0.0011,-1.0000
16.6698,1.0000,35.5446,1.1493,0.3579,16.6737,16.6738,14.9869,0.0010,-1.0000
16.6670,1.0000,35.5613,1.5388,0.3117,16.6615,16.6582,15.3249,0.0014,-1.0000
16.6673,1.0000,35.5780,1.1560,0.2686,16.6601,16.6601,15.3219,0.0012,-1.0000
16.6663,1.0000,35.5946,1.2440,0.3613,16.6600,16.6561,15.1095,0.0013,-1.0000
16.6664,1.0000,35.6111,1.6859,0.3584,16.6809,16.6511,15.2707,0.0012,-1.0000
16.6689,1.0000,35.6279,1.3318,0.3468,16.6673,16.6662,15.5518,0.0011,-1.0000
16.6658,1.0000,35.6448,1.3370,0.3404,16.6711,16.6524,15.3981,0.0010,-1.0000
16.6645,1.0000,35.6612,1.5451,0.3280,16.6675,16.6431,15.1675,0.0012,-1.0000
16.6675,1.0000,35.6780,1.3791,0.3479,16.6599,16.6640,14.9423,0.0013,-1.0000
16.6680,1.0000,35.6947,1.1132,0.3439,16.6766,16.6600,14.7952,0.0019,-1.0000
16.6647,1.0000,35.7111,1.2529,0.2999,16.6667,16.6473,15.2311,0.0015,-1.0000
16.9180,1.0000,35.7283,1.4744,0.5313,16.6531,16.9123,15.8113,0.0015,-1.0000
16.6466,1.0000,35.7449,1.7205,0.3646,16.6731,16.6440,15.0080,0.0012,-1.0000
16.6618,1.0000,35.7614,1.8627,0.3394,16.6708,16.6383,15.2403,0.0014,-1.0000
16.6693,1.0000,35.7782,1.4146,0.3025,16.6566,16.6698,15.5293,0.0012,-1.0000
16.6683,1.0000,35.7948,1.0994,0.2916,16.9208,16.6578,15.2481,0.0012,-1.0000
16.6639,1.0000,35.8114,1.6350,0.3044,16.6549,16.6467,15.3401,0.0012,-1.0000
16.9162,1.0000,35.8292,1.3963,0.3137,16.6481,16.9089,15.7587,0.0016,-1.0000
16.6674,1.0000,35.8450,1.1392,0.3635,16.6796,16.6622,14.6112,0.0016,-1.0000
16.6644,1.0000,35.8617,1.4083,0.3003,16.6675,16.6483,15.5674,0.0013,-1.0000
16.6697,1.0000,35.8785,1.3054,0.3113,16.6560,16.6738,15.6026,0.0011,-1.0000
16.6669,1.0000,35.8951,1.1485,0.3142,16.9181,16.6510,15.1675,0.0013,-1.0000
16.6644,1.0000,35.9116,2.0496,0.2963,16.6704,16.6524,15.2990,0.0016,-1.0000
16.6684,1.0000,35.9285,1.0798,0.2832,16.6559,16.6672,15.5390,0.0009,-1.0000
16.6669,1.0000,35.9450,1.0700,0.3140,16.6834,16.6499,15.3379,0.0013,-1.0000
16.6662,1.0000,35.9617,1.4823,0.3456,16.6611,16.6581,15.5209,0.0011,-1.0000
16.6687,1.0000,35.9785,1.3515,0.3146,16.6606,16.6656,15.4406,0.0011,-1.0000
16.6654,1.0000,35.9950,1.1272,0.3041,16.6772,16.6480,15.1395,0.0013,-1.0000
16.6666,1.0000,36.0116,1.3106,0.2974,16.6607,16.6575,15.4865,0.0010,-1.0000
16.6653,1.0000,36.0284,1.1358,0.3072,16.6683,16.6563,15.5126,0.0010,-1.0000
16.6682,1.0000,36.0451,1.2234,0.3005,16.6753,16.6622,15.2584,0.0011,-1.0000
16.6634,1.0000,36.0617,1.5069,0.3725,16.6580,16.6454,15.4768,0.0012,-1.0000
16.6696,1.0000,36.0784,1.1697,0.3070,16.6669,16.6751,15.5892,0.0011,-1.0000
16.6674,1.0000,36.0950,1.1427,0.3237,16.6637,16.6565,15.4840,0.0013,-1.0000
16.6663,1.0000,36.1116,1.4025,0.3114,16.6698,16.6573,15.2968,0.0011,-1.0000
16.6665,1.0000,36.1284,1.1675,0.2960,16.6514,16.6583,15.6127,0.0012,-1.0000
16.6674,1.0000,36.1452,1.0845,0.3440,16.6818,16.6597,15.4597,0.0010,-1.0000
16.6654,1.0000,36.1617,1.1714,0.3453,16.6653,16.6510,15.0941,0.0011,-1.0000
16.6670,1.0000,36.1784,1.3593,0.3049,16.6656,16.7107,15.5114,0.0013,-1.0000
16.6699,1.0000,36.1951,1.0443,0.3475,16.6675,16.6233,15.3987,0.0012,-1.0000
16.6635,1.0000,36.2116,1.1989,0.3927,16.6687,16.6410,15.3882,0.0013,-1.0000
16.6690,1.0000,36.2284,1.5556,0.2841,16.6580,16.6659,15.6250,0.0011,-1.0000
16.6675,1.0000,36.2451,1.1978,0.3642,16.7180,16.6707,14.5773,0.0013,-1.0000
16.6627,1.0000,36.2617,1.2235,0.3470,16.6339,16.6303,15.4100,0.0012,-1.0000
16.6675,1.0000,36.2783,1.2513,0.2879,16.6498,16.6636,15.4997,0.0010,-1.0000
16.6709,1.0000,36.2951,1.0396,0.3043,16.6736,16.6750,15.4556,0.0014,-1.0000
16.6627,1.0000,36.3116,2.0922,0.3727,16.6840,16.6408,15.2806,0.0013,-1.0000
16.6685,1.0000,36.3284,1.2192,0.2989,16.6401,16.6674,15.5637,0.0011,-1.0000
16.6674,1.0000,36.3450,1.1627,0.3850,16.6702,16.6559,15.2061,0.0011,-1.0000
16.6657,1.0000,36.3617,1.2180,0.3584,16.6839,16.6555,15.4460,0.0011,-1.0000
16.6677,1.0000,36.3785,1.3590,0.2963,16.6488,16.6632,15.5151,0.0012,-1.0000
16.6672,1.0000,36.3951,1.1024,0.3186,16.6755,16.6604,15.1552,0.0012,-1.0000
16.6657,1.0000,36.4116,1.4484,0.3116,16.6652,16.6536,15.3794,0.0011,-1.0000
16.6667,1.0000,36.4284,1.2083,0.3641,16.6634,16.6570,15.5876,0.0011,-1.0000
16.6672,1.0000,36.4450,1.1470,0.3127,16.6714,16.6600,15.4059,0.0012,-1.0000
16.6639,1.0000,36.4618,1.5037,0.3033,16.6693,16.6513,15.4605,0.0010,-1.0000
16.6695,1.0000,36.4785,1.2726,0.3549,16.6616,16.6693,15.4934,0.0009,-1.0000
16.6693,1.0000,36.4951,1.0683,0.3480,16.6661,16.6606,15.2212,0.0011,-1.0000
16.6626,1.0000,36.5116,1.2527,0.3054,16.6684,16.6429,15.4299,0.0012,-1.0000
16.6695,1.0000,36.5285,1.1899,0.3211,16.6591,16.6704,15.5171,0.0012,-1.0000
16.6660,1.0000,36.5451,1.1749,0.3659,16.6777,16.6562,15.1919,0.0013,-1.0000
16.6656,1.0000,36.5618,1.4379,0.3118,16.6703,16.6511,15.3541,0.0013,-1.0000
16.6682,1.0000,36.5785,1.2116,0.3035,16.6520,16.6674,15.3781,0.0012,-1.0000
16.6662,1.0000,36.5950,1.1519,0.2824,16.6790,16.6560,15.1499,0.0013,-1.0000
16.6666,1.0000,36.6116,1.4626,0.3118,16.6657,16.6647,15.4174,0.0011,-1.0000
16.6670,1.0000,36.6285,1.2955,0.3044,16.6590,16.6509,15.4756,0.0012,-1.0000
16.6665,1.0000,36.6451,1.2877,0.4543,16.6762,16.6516,15.3093,0.0013,-1.0000
16.6666,1.0000,36.6617,1.5046,0.3745,16.6646,16.6589,15.4010,0.0013,-1.0000
16.6668,1.0000,36.6784,1.2460,0.3192,16.6743,16.6604,15.4808,0.0016,-1.0000
16.6676,1.0000,36.6950,1.1739,0.3230,16.6615,16.6585,15.3344,0.0014,-1.0000
16.6651,1.0000,36.7116,1.3411,0.3271,16.6607,16.6514,15.4700,0.0011,-1.0000
16.6682,1.0000,36.7285,1.2563,0.3089,16.6669,16.6749,15.5940,0.0009,-1.0000
16.6667,1.0000,36.7450,1.1780,0.3962,16.6699,16.6403,15.1445,0.0013,-1.0000
16.6646,1.0000,36.7617,1.3226,0.3192,16.6670,16.6489,15.4865,0.0011,-1.0000
16.6691,1.0000,36.7784,1.1803,0.3222,16.6604,16.6716,15.5703,0.0012,-1.0000
16.6665,1.0000,36.7950,1.0797,0.3881,16.6871,16.6544,15.3657,0.0015,-1.0000
16.6668,1.0000,36.8117,1.4948,0.2887,16.6520,16.6552,15.4025,0.0012,-1.0000
16.6672,1.0000,36.8284,1.1612,0.2969,16.6563,16.6626,15.5498,0.0011,-1.0000
16.6670,1.0000,36.8450,1.1000,0.3248,16.6806,16.6537,15.2578,0.0013,-1.0000
16.6648,1.0000,36.8617,1.2869,0.3022,16.6640,16.6564,15.5560,0.0010,-1.0000
16.6673,1.0000,36.8784,1.2513,0.2905,16.6639,16.6635,15.5251,0.0013,-1.0000
16.6681,1.0000,36.8951,1.1113,0.3358,16.6711,16.6536,15.2894,0.0011,-1.0000
16.6652,1.0000,36.9116,1.3946,0.2993,16.6626,16.6548,15.3872,0.0011,-1.0000
16.6673,1.0000,36.9285,1.0994,0.3185,16.6635,16.6599,15.5906,0.0010,-1.0000
16.6667,1.0000,36.9450,1.1375,0.4085,16.6757,16.5946,15.1733,0.0014,-1.0000
16.6657,1.0000,36.9617,1.3628,0.3290,16.6626,16.6561,15.5499,0.0011,-1.0000
16.6692,1.0000,36.9785,1.2664,0.3232,16.6642,16.6684,15.4974,0.0012,-1.0000
16.6676,1.0000,36.9951,1.0681,0.3372,16.7317,16.6582,15.1487,0.0013,-1.0000
16.6656,1.0000,37.0116,1.4196,0.3175,16.6033,16.6421,15.2583,0.0012,-1.0000
16.6688,1.0000,37.0285,1.1051,0.3013,16.6639,16.6667,15.5386,0.0013,-1.0000
16.6648,1.0000,37.0450,1.1698,0.3234,16.6801,16.6498,15.2581,0.0011,-1.0000
16.6669,1.0000,37.0618,1.5079,0.3289,16.6704,16.6594,15.4825,0.0012,-1.0000
16.6673,1.0000,37.0784,1.3822,0.3085,16.6518,16.6604,15.3349,0.0012,-1.0000
16.6656,1.0000,37.0950,1.1265,0.3804,16.6755,16.6497,15.3976,0.0012,-1.0000
16.6675,1.0000,37.1116,1.3903,0.3049,16.6606,16.6628,15.4369,0.0015,-1.0000
16.6667,1.0000,37.1284,1.1756,0.2981,16.6678,16.6567,15.3656,0.0013,-1.0000
16.6665,1.0000,37.1451,1.3240,0.3120,16.6701,16.6534,15.4221,0.0012,-1.0000
16.6659,1.0000,37.1617,1.2510,0.3318,16.6592,16.6550,15.3604,0.0011,-1.0000
16.6683,1.0000,37.1784,1.2244,0.3605,16.6727,16.6630,15.4919,0.0011,-1.0000
16.6656,1.0000,37.1951,1.2897,0.2866,16.6676,16.6546,15.0940,0.0015,-1.0000
16.6659,1.0000,37.2116,1.2301,0.3128,16.6626,16.6535,15.4462,0.0014,-1.0000
16.6710,1.0000,37.2286,1.2936,0.4196,16.6637,16.6829,15.6383,0.0010,-1.0000
16.6642,1.0000,37.2451,1.1699,0.3328,16.6711,16.6376,14.9157,0.0014,-1.0000
16.6653,1.0000,37.2617,1.5589,0.3317,16.6635,16.6612,15.3791,0.0013,-1.0000
16.6685,1.0000,37.2784,1.2056,0.2949,16.6609,16.6555,15.5188,0.0010,-1.0000
16.6658,1.0000,37.2950,1.0436,0.4043,16.6932,16.6571,15.4276,0.0013,-1.0000
16.6660,1.0000,37.3116,1.7203,0.3938,16.6478,16.6540,15.4156,0.0010,-1.0000
16.6686,1.0000,37.3284,1.2809,0.3422,16.6697,16.6641,15.4924,0.0011,-1.0000
16.6669,1.0000,37.3451,1.1354,0.3084,16.6649,16.6578,15.3870,0.0011,-1.0000
16.6651,1.0000,37.3617,1.2279,0.3239,16.6658,16.6509,15.4672,0.0012,-1.0000
16.7312,1.0000,37.3788,1.2371,0.3450,16.6624,16.8568,15.5664,0.0011,-1.0000
16.6657,1.0000,37.3952,1.1704,0.3578,16.6735,16.4640,15.0704,0.0012,-1.0000
16.6660,1.0000,37.4116,1.2696,0.3101,16.6675,16.6576,15.3487,0.0014,-1.0000
16.6679,1.0000,37.4285,1.1825,0.3393,16.6600,16.6612,15.5465,0.0009,-1.0000
16.6665,1.0000,37.4451,1.2893,0.3459,16.9263,16.6567,15.2963,0.0012,-1.0000
16.6667,1.0000,37.4618,1.3923,0.3128,16.4733,16.6602,15.4489,0.0011,-1.0000
16.6678,1.0000,37.4786,1.3072,0.3746,16.6650,16.6606,15.4547,0.0012,-1.0000
16.6639,1.0000,37.4951,1.1136,0.3570,16.6690,16.6461,14.9487,0.0016,-1.0000
16.6687,1.0000,37.5116,1.3589,0.3415,16.6657,16.6662,15.5288,0.0013,-1.0000
16.6683,1.0000,37.5285,1.2099,0.3104,16.6692,16.6665,15.5362,0.0013,-1.0000
16.6638,1.0000,37.5451,1.2048,0.3967,16.6704,16.6426,15.3657,0.0013,-1.0000
16.6685,1.0000,37.5618,1.6957,0.3314,16.6540,16.6668,15.5056,0.0010,-1.0000
16.6662,1.0000,37.5784,1.1361,0.3009,16.6736,16.6579,14.6047,0.0012,-1.0000
16.6646,1.0000,37.5950,1.1289,0.2842,16.6763,16.6492,15.5279,0.0010,-1.0000
16.6684,1.0000,37.6116,1.2757,0.3120,16.6510,16.6653,15.5873,0.0010,-1.0000
16.6685,1.0000,37.6285,1.1600,0.3872,16.6745,16.6685,15.5894,0.0010,-1.0000
16.6655,1.0000,37.6452,2.0520,0.2972,16.6667,16.6491,15.3050,0.0013,-1.0000
16.6672,1.0000,37.6618,1.1204,0.3462,16.6566,16.6611,15.3900,0.0010,-1.0000
16.6680,1.0000,37.6785,1.0769,0.3541,16.6722,16.6633,15.5061,0.0011,-1.0000
16.6674,1.0000,37.6953,1.0779,0.3007,16.6769,16.6626,15.3370,0.0012,-1.0000
16.6662,1.0000,37.7117,1.3427,0.3209,16.6576,16.6476,15.2259,0.0010,-1.0000
16.6659,1.0000,37.7286,1.2699,0.2983,16.6696,16.6513,15.4281,0.0011,-1.0000
16.6661,1.0000,37.7451,1.1557,0.3135,16.6739,16.6536,15.2351,0.0012,-1.0000
16.6672,1.0000,37.7618,1.3243,0.3522,16.6758,16.6615,15.4316,0.0012,-1.0000
16.6683,1.0000,37.7786,1.4205,0.3609,16.6585,16.6602,15.4142,0.0012,-1.0000
16.6647,1.0000,37.7951,1.2221,0.3558,16.6626,16.6473,15.1092,0.0012,-1.0000
16.6665,1.0000,37.8117,1.4171,0.3362,16.6637,16.6548,15.3672,0.0019,-1.0000
16.6680,1.0000,37.8285,1.2286,0.3237,16.6706,16.6631,15.5020,0.0014,-1.0000
16.6656,1.0000,37.8451,1.2447,0.8191,16.6734,16.6543,15.2906,0.0012,-1.0000
16.6668,1.0000,37.8618,1.5365,0.3359,16.6581,16.6575,15.4792,0.0012,-1.0000
16.6691,1.0000,37.8785,1.2855,0.3058,16.6631,16.6652,15.3463,0.0012,-1.0000
16.6651,1.0000,37.8952,1.1596,0.4016,16.6720,16.6506,15.2610,0.0013,-1.0000
16.6650,1.0000,37.9117,1.3626,0.3214,16.6640,16.6534,15.3064,0.0015,-1.0000
16.6686,1.0000,37.9285,1.1769,0.3391,16.6656,16.6633,15.5387,0.0009,-1.0000
16.6663,1.0000,37.9451,1.3173,0.3274,16.6746,16.6565,15.1340,0.0012,-1.0000
16.6663,1.0000,37.9618,1.3882,0.3157,16.6610,16.6547,15.3697,0.0011,-1.0000
16.6677,1.0000,37.9786,1.3454,0.3513,16.6631,16.6623,15.3806,0.0011,-1.0000
16.8044,1.0000,37.9953,1.1236,0.3112,16.6722,16.7964,15.3797,0.0012,-1.0000
16.6655,1.0000,38.0118,1.5211,0.3395,16.6655,16.6475,15.3591,0.0012,-1.0000
16.6664,1.0000,38.0286,1.2839,0.3524,16.6646,16.6578,15.4669,0.0012,-1.0000
16.6670,1.0000,38.0452,1.2805,0.3435,16.6719,16.6579,15.4325,0.0011,-1.0000
16.6659,1.0000,38.0620,1.4155,0.3728,16.8077,16.7120,15.3663,0.0011,-1.0000
16.6674,1.0000,38.0787,1.2871,0.3568,16.6574,16.7103,15.2949,0.0012,-1.0000
16.6681,1.0000,38.0954,1.1896,0.5176,16.6663,16.6529,15.4439,0.0012,-1.0000
16.6656,1.0000,38.1119,1.2245,0.3370,16.6665,16.6342,14.7556,0.0014,-1.0000
16.6679,1.0000,38.1287,1.3444,0.3566,16.7211,16.6880,15.4637,0.0012,-1.0000
16.6653,1.0000,38.1454,1.4141,0.3799,16.7187,16.6246,15.3797,0.0014,-1.0000
16.6670,1.0000,38.1620,1.2079,0.3859,16.6635,16.6246,15.0704,0.0014,-1.0000
16.6663,1.0000,38.1787,1.8772,0.3556,16.6443,16.7226,15.2454,0.0013,-1.0000
16.6740,1.0000,38.1953,1.2232,0.3593,16.6968,16.5784,15.2488,0.0014,-1.0000
16.6661,1.0000,38.2118,1.2436,0.3874,16.6358,16.6541,15.1371,0.0014,-1.0000
16.6646,1.0000,38.2287,1.5528,0.5238,16.6348,16.6494,15.5543,0.0011,-1.0000
16.6685,1.0000,38.2458,1.4758,0.4549,16.7311,16.6636,15.2875,0.0013,-1.0000
16.6675,1.0000,38.2621,1.3280,0.3952,16.5900,16.6648,14.7010,0.0018,-1.0000
16.6672,1.0000,38.2787,1.5153,0.3247,16.6634,16.6501,15.1210,0.0017,-1.0000
16.6660,1.0000,38.2953,1.0939,0.3862,16.6569,16.7040,15.3116,0.0011,-1.0000
16.6672,1.0000,38.3120,1.3748,0.4211,16.6720,16.6093,15.3077,0.0012,-1.0000
16.6663,1.0000,38.3286,1.9621,0.4052,16.6759,16.6525,15.2611,0.0014,-1.0000
16.6665,1.0000,38.3453,1.5268,0.3689,16.6618,16.6539,15.3821,0.0017,-1.0000
16.6683,1.0000,38.3621,1.3912,0.3864,16.7137,16.8351,15.3749,0.0013,-1.0000
16.6649,1.0000,38.3786,1.3000,0.4118,16.6195,16.4848,15.1884,0.0011,-1.0000
16.6675,1.0000,38.3954,1.3897,0.3506,16.6637,16.7047,15.4784,0.0013,-1.0000
16.6671,1.0000,38.4119,1.2701,0.2981,16.6631,16.6170,15.2156,0.0013,-1.0000
16.6661,1.0000,38.4286,1.4588,0.3283,16.8440,16.6527,15.2408,0.0019,-1.0000
16.6666,1.0000,38.4453,1.2950,0.3157,16.4935,16.6707,15.3932,0.0010,-1.0000
16.6672,1.0000,38.4620,1.2255,0.3643,16.7145,16.6403,15.4033,0.0012,-1.0000
16.6661,1.0000,38.4786,1.3996,0.4091,16.6261,16.6487,15.2721,0.0011,-1.0000
16.6664,1.0000,38.4953,1.4101,0.3722,16.6628,16.6631,15.3841,0.0012,-1.0000
16.6678,1.0000,38.5118,1.2771,0.3515,16.6807,16.6582,15.4138,0.0014,-1.0000
16.6684,1.0000,38.5287,1.2358,0.3237,16.6499,16.6684,15.4086,0.0010,-1.0000
16.6634,1.0000,38.5453,1.3756,0.3171,16.6573,16.6404,15.0470,0.0009,-1.0000
16.6675,1.0000,38.5620,1.2778,0.3310,16.6725,16.6648,15.4010,0.0013,-1.0000
16.6682,1.0000,38.5789,1.2428,0.3715,16.6672,16.8966,15.1912,0.0016,-1.0000
16.6659,1.0000,38.5953,1.2585,0.3881,16.6775,16.4208,14.9566,0.0016,-1.0000
16.6669,1.0000,38.6118,1.5923,0.4072,16.6499,16.6568,15.2411,0.0013,-1.0000
16.6671,1.0000,38.6288,1.2625,0.4142,16.6733,16.7484,15.6143,0.0010,-1.0000
16.6660,1.0000,38.6454,1.7039,0.4260,16.9054,16.5718,14.7330,0.0015,-1.0000
16.6656,1.0000,38.6619,1.4626,0.3626,16.4297,16.6513,15.2520,0.0012,-1.0000
16.6678,1.0000,38.6792,1.4143,0.3457,16.6658,17.1376,15.3454,0.0012,-1.0000
16.6683,1.0000,38.6954,1.1334,0.6112,16.7582,16.2477,14.5955,0.0017,-1.0000
16.6741,1.0000,38.7118,1.8374,0.3317,16.5823,16.5856,15.3173,0.0013,-1.0000
16.9082,1.0000,38.7291,1.3976,0.3539,16.6600,17.0488,15.6996,0.0011,-1.0000
16.6637,1.0000,38.7456,1.7914,0.4977,17.1483,16.5805,15.0904,0.0012,-1.0000
16.6668,1.0000,38.7623,1.6504,0.4032,16.2574,16.6424,15.2313,0.0012,-1.0000
16.6683,1.0000,38.7790,1.2568,0.3271,16.5937,16.6923,15.4103,0.0013,-1.0000
16.6661,1.0000,38.7956,1.3480,0.3792,17.0606,16.6289,14.9622,0.0017,-1.0000
16.6642,1.0000,38.8123,1.4888,0.3330,16.5914,16.6931,15.3316,0.0013,-1.0000
16.6711,1.0000,38.8289,1.4098,0.3334,16.6519,16.6047,15.1547,0.0012,-1.0000
16.6645,1.0000,38.8456,1.2808,0.4307,16.7030,16.6422,15.3240,0.0012,-1.0000
16.6665,1.0000,38.8623,1.6648,0.3149,16.6397,16.7656,15.3152,0.0011,-1.0000
16.6674,1.0000,38.8789,1.3602,0.3975,16.7036,16.5873,15.3300,0.0012,-1.0000
16.6663,1.0000,38.8957,1.4483,0.4181,16.6140,16.6449,15.3497,0.0012,-1.0000
16.6658,1.0000,38.9123,1.3168,0.3911,16.6519,16.6818,15.2214,0.0013,-1.0000
16.6682,1.0000,38.9289,1.4495,0.3133,16.7738,16.5759,15.2299,0.0013,-1.0000
16.6663,1.0000,38.9456,1.2560,0.3624,16.5956,16.7152,15.1925,0.0015,-1.0000
16.6664,1.0000,38.9622,1.2940,0.3186,16.6545,16.6465,15.2494,0.0013,-1.0000
16.6673,1.0000,38.9790,1.4591,0.7647,16.6902,16.6509,15.3000,0.0015,-1.0000
16.6662,1.0000,38.9956,1.3446,0.4151,16.5838,16.6813,14.9405,0.0014,-1.0000
16.6671,1.0000,39.0121,1.5213,0.3493,16.7240,16.6445,15.2879,0.0011,-1.0000
16.6683,1.0000,39.0290,1.3961,0.3526,16.6552,16.6889,15.4916,0.0014,-1.0000
16.6659,1.0000,39.0456,1.3492,0.7153,16.6600,16.6455,15.2423,0.0011,-1.0000
16.6672,1.0000,39.0624,1.7396,0.3453,16.6894,16.6850,15.3292,0.0011,-1.0000
16.6670,1.0000,39.0790,1.3555,0.3563,16.6523,16.6249,15.2083,0.0011,-1.0000
16.6641,1.0000,39.0955,1.1959,0.4069,16.6996,16.6247,15.0109,0.0018,-1.0000
16.6686,1.0000,39.1122,1.4019,0.3623,16.6560,16.7807,15.4770,0.0011,-1.0000
16.6672,1.0000,39.1290,1.3550,0.3912,16.6941,16.5493,15.4037,0.0011,-1.0000
16.6649,1.0000,39.1456,1.4155,0.4185,16.6337,16.6496,15.2202,0.0011,-1.0000
16.6685,1.0000,39.1622,1.6122,0.3572,16.6335,16.6584,15.2901,0.0013,-1.0000
16.6668,1.0000,39.1789,1.3021,0.3560,16.7888,16.6194,15.3951,0.0012,-1.0000
16.6646,1.0000,39.1955,1.1440,0.3019,16.5602,16.6543,15.0706,0.0013,-1.0000
16.6697,1.0000,39.2121,1.4282,0.3532,16.6584,16.6703,15.5543,0.0009,-1.0000
16.6670,1.0000,39.2290,1.3665,0.3857,16.6668,16.6586,15.6026,0.0013,-1.0000
16.6657,1.0000,39.2455,1.2229,0.4181,16.6277,16.6475,15.1097,0.0015,-1.0000
16.6665,1.0000,39.2622,1.5822,0.3270,16.6625,16.6659,15.3670,0.0013,-1.0000
16.6669,1.0000,39.2789,1.1149,0.3754,16.6795,16.6786,15.3776,0.0011,-1.0000
16.6663,1.0000,39.2956,1.0545,0.3174,16.6682,16.6997,15.3745,0.0014,-1.0000
16.6669,1.0000,39.3123,1.5362,0.3340,16.6575,16.6940,15.3249,0.0012,-1.0000
16.6668,1.0000,39.3289,1.2977,0.3656,16.6743,16.6138,15.3821,0.0012,-1.0000
16.6708,1.0000,39.3456,1.2995,0.3282,16.6875,16.6740,15.2485,0.0014,-1.0000
16.6661,1.0000,39.3623,1.3240,0.4018,16.7085,16.6721,15.4086,0.0012,-1.0000
16.6681,1.0000,39.3790,1.3679,0.3495,16.7033,16.6262,15.3203,0.0011,-1.0000
16.6657,1.0000,39.3956,1.2303,0.4110,16.6234,16.6349,15.1551,0.0015,-1.0000
16.6667,1.0000,39.4122,1.4241,0.3113,16.6838,16.7133,15.3400,0.0012,-1.0000
16.6684,1.0000,39.4289,1.2622,0.4120,16.6804,16.5792,15.4945,0.0013,-1.0000
16.6649,1.0000,39.4455,1.3046,0.4369,16.6346,16.6506,15.3088,0.0012,-1.0000
16.6665,1.0000,39.4622,1.4783,0.3483,16.6432,16.6605,15.4433,0.0010,-1.0000
16.6723,1.0000,39.4790,1.3720,0.3338,16.7219,16.6647,15.4351,0.0011,-1.0000
16.6619,1.0000,39.4955,1.0833,0.3592,16.5883,16.6444,15.0690,0.0011,-1.0000
16.6651,1.0000,39.5121,1.3406,0.3363,16.6595,16.6581,15.3874,0.0013,-1.0000
16.6709,1.0000,39.5290,1.2160,0.3686,16.6679,16.7303,15.3684,0.0010,-1.0000
16.6651,1.0000,39.5456,1.2282,0.4058,16.6745,16.5804,15.1460,0.0013,-1.0000
16.6667,1.0000,39.5622,1.5742,0.3444,16.6536,16.6637,15.3770,0.0011,-1.0000
16.6665,1.0000,39.5789,1.2695,0.3854,16.6655,16.6658,15.3278,0.0013,-1.0000
16.6680,1.0000,39.5955,1.3612,0.3359,16.7401,16.6570,15.0857,0.0014,-1.0000
16.6657,1.0000,39.6121,1.4330,0.4090,16.5897,16.6509,15.3601,0.0011,-1.0000
16.6680,1.0000,39.6289,1.2854,0.4804,16.6715,16.6623,15.5515,0.0011,-1.0000
16.6654,1.0000,39.6456,1.3365,0.3996,16.6759,16.6512,15.2342,0.0017,-1.0000
16.6669,1.0000,39.6622,1.5697,0.4141,16.6669,16.6639,15.2110,0.0013,-1.0000
16.6672,1.0000,39.6789,1.2899,0.4169,16.6605,16.6583,15.4106,0.0012,-1.0000
16.6666,1.0000,39.6957,1.1096,0.4123,16.6713,16.6609,15.1435,0.0015,-1.0000
16.6671,1.0000,39.7121,1.4151,0.3496,16.6602,16.6525,15.0264,0.0016,-1.0000
16.6663,1.0000,39.7290,1.4517,0.3502,16.6739,16.6640,15.4808,0.0012,-1.0000
16.6671,1.0000,39.7457,1.2464,0.4054,16.6674,16.6566,15.2684,0.0012,-1.0000
16.6668,1.0000,39.7622,1.5161,0.4117,16.6713,16.6455,15.1143,0.0012,-1.0000
16.6658,1.0000,39.7789,1.6243,0.3643,16.6621,16.6493,15.4030,0.0010,-1.0000
16.6687,1.0000,39.7956,1.1820,0.3315,16.6746,16.6665,15.3731,0.0013,-1.0000
16.6654,1.0000,39.8122,1.3868,0.4060,16.6685,16.6986,15.2711,0.0013,-1.0000
16.6655,1.0000,39.8289,1.5301,0.3219,16.6574,16.6077,15.3503,0.0013,-1.0000
16.6682,1.0000,39.8456,1.2450,0.3521,16.6589,16.6676,15.4460,0.0014,-1.0000
16.6661,1.0000,39.8622,1.2919,0.4209,16.6770,16.6995,15.3028,0.0011,-1.0000
16.6668,1.0000,39.8789,1.4263,0.3333,16.7075,16.6487,15.3247,0.0012,-1.0000
16.6672,1.0000,39.8957,1.2560,0.3876,16.6152,16.6235,15.3376,0.0016,-1.0000
16.6663,1.0000,39.9121,1.2200,0.3883,16.6759,16.7030,15.2034,0.0012,-1.0000
16.6660,1.0000,39.9289,1.3958,0.3763,16.7086,16.6065,15.4557,0.0013,-1.0000
16.6725,1.0000,39.9457,1.3229,0.3558,16.6576,16.7205,15.4354,0.0010,-1.0000
16.6591,1.0000,39.9622,1.2839,0.3886,16.6334,16.5844,15.1687,0.0012,-1.0000
16.6700,1.0000,39.9791,1.4982,0.3415,16.7133,16.7449,15.4915,0.0011,-1.0000
16.6667,1.0000,39.9957,1.1493,0.3587,16.6153,16.6531,14.7731,0.0019,-1.0000
16.6643,1.0000,40.0121,1.2841,0.3519,16.7306,16.6161,14.9304,0.0010,-1.0000
16.6686,1.0000,40.0290,1.4144,0.4069,16.5924,16.7005,15.5506,0.0010,-1.0000
16.6678,1.0000,40.0457,1.2524,0.3600,16.7531,16.6661,15.2135,0.0013,-1.0000
16.6655,1.0000,40.0623,1.8781,0.3263,16.6641,16.6177,15.0475,0.0015,-1.0000
16.6689,1.0000,40.0790,1.6849,0.4138,16.6244,16.6744,15.2083,0.0012,-1.0000
16.6669,1.0000,40.0959,1.1490,0.3656,16.7100,16.8088,15.2778,0.0011,-1.0000
16.6641,1.0000,40.1121,1.4511,0.4267,16.6747,16.4871,14.9831,0.0015,-1.0000
16.6676,1.0000,40.1291,1.5685,0.3467,16.6259,16.6940,15.4693,0.0010,-1.0000
16.6673,1.0000,40.1457,1.4647,0.3662,16.6851,16.6671,15.1669,0.0014,-1.0000
16.6669,1.0000,40.1622,1.5298,0.3874,16.8194,16.5709,15.2399,0.0012,-1.0000
16.6669,1.0000,40.1790,1.5025,0.3321,16.4967,16.7186,15.2384,0.0012,-1.0000
16.6674,1.0000,40.1956,1.2233,0.3658,16.7041,16.6660,15.1949,0.0011,-1.0000
16.6654,1.0000,40.2122,1.4990,0.3296,16.6759,16.6239,15.3387,0.0012,-1.0000
16.6675,1.0000,40.2291,1.3296,0.3352,16.5798,16.6831,15.3615,0.0012,-1.0000
16.6669,1.0000,40.2455,1.4791,0.3528,16.7277,16.6336,15.0751,0.0014,-1.0000
16.6657,1.0000,40.2622,1.4698,0.3285,16.6761,16.6544,15.4386,0.0010,-1.0000
16.6693,1.0000,40.2790,1.2841,0.3943,16.6368,16.6879,15.4989,0.0012,-1.0000
16.6657,1.0000,40.2956,1.3202,0.3180,16.6935,16.6702,15.1381,0.0014,-1.0000
16.6649,1.0000,40.3122,1.5570,0.4307,16.6425,16.6084,15.2981,0.0014,-1.0000
16.6686,1.0000,40.3289,1.2146,0.3307,16.6619,16.6694,15.4963,0.0014,-1.0000
16.6663,1.0000,40.3457,1.1877,0.3469,16.6969,16.7862,15.3522,0.0013,-1.0000
16.6667,1.0000,40.3622,1.5307,0.3600,16.6787,16.5117,15.1593,0.0012,-1.0000
16.6665,1.0000,40.3789,1.3088,0.3267,16.6163,16.6770,15.3716,0.0011,-1.0000
16.6666,1.0000,40.3957,1.1717,0.3256,16.6777,16.6559,15.1869,0.0011,-1.0000
16.6650,1.0000,40.4120,1.4327,0.3367,16.7950,16.6092,15.2982,0.0014,-1.0000
16.6680,1.0000,40.4289,1.3512,0.3453,16.5208,16.6745,15.6297,0.0010,-1.0000
16.6675,1.0000,40.4455,1.3043,0.4512,16.6858,16.6541,15.3758,0.0009,-1.0000
16.6639,1.0000,40.4621,1.4677,0.3396,16.6646,16.6428,15.4216,0.0010,-1.0000
16.6684,1.0000,40.4789,1.3096,0.3358,16.6164,16.6694,15.5447,0.0013,-1.0000
16.6690,1.0000,40.4956,1.0434,0.3794,16.6820,16.6678,15.2500,0.0011,-1.0000
16.6648,1.0000,40.5121,1.2775,0.4202,16.6617,16.6741,15.3033,0.0017,-1.0000
16.6675,1.0000,40.5289,1.2203,0.3111,16.6501,16.6373,15.5357,0.0012,-1.0000
16.6689,1.0000,40.5456,1.1234,0.3732,16.6773,16.6437,15.4472,0.0012,-1.0000
16.6643,1.0000,40.5622,1.4168,0.3287,16.6768,16.6508,15.2078,0.0015,-1.0000
16.6677,1.0000,40.5789,1.3693,0.3636,16.6828,16.6608,15.3754,0.0011,-1.0000
16.6682,1.0000,40.5956,1.1002,0.3215,16.6458,16.6986,15.3866,0.0013,-1.0000
16.6644,1.0000,40.6121,1.1952,0.3949,16.6529,16.6132,15.1040,0.0015,-1.0000
16.6684,1.0000,40.6289,1.4417,0.3262,16.6594,16.6622,15.5040,0.0010,-1.0000
16.6665,1.0000,40.6456,1.2842,0.3193,16.6685,16.6580,15.4514,0.0009,-1.0000
16.6670,1.0000,40.6622,1.3105,0.3557,16.7085,16.6564,15.1610,0.0011,-1.0000
16.6676,1.0000,40.6789,1.5077,0.3647,16.6241,16.6577,15.2165,0.0014,-1.0000
16.6661,1.0000,40.6956,1.1572,0.3748,16.6718,16.6556,15.2753,0.0011,-1.0000
16.6678,1.0000,40.7122,1.2055,0.4419,16.6682,16.6564,15.4206,0.0012,-1.0000
16.6657,1.0000,40.7290,1.4942,0.3633,16.6669,16.6572,14.8698,0.0013,-1.0000
16.6664,1.0000,40.7455,1.4394,0.3964,16.6678,16.6513,15.1511,0.0012,-1.0000
16.6680,1.0000,40.7623,1.3788,0.3598,16.6663,16.6638,15.4969,0.0008,-1.0000
16.6651,1.0000,40.7788,1.2345,0.4125,16.6670,16.6476,15.2762,0.0012,-1.0000
16.6663,1.0000,40.7955,1.7860,0.3927,16.6680,16.6585,15.4549,0.0011,-1.0000
16.6669,1.0000,40.8121,1.4984,0.3331,16.6604,16.6614,15.5047,0.0013,-1.0000
16.6669,1.0000,40.8288,1.1658,0.4240,16.6738,16.6584,15.4115,0.0014,-1.0000
16.6652,1.0000,40.8455,1.3700,0.3291,16.6575,16.6547,15.3829,0.0017,-1.0000
16.6694,1.0000,40.8622,1.2023,0.3244,16.6665,16.6675,15.4889,0.0013,-1.0000
16.6668,1.0000,40.8789,1.1555,0.3231,16.6693,16.6550,15.3135,0.0010,-1.0000
16.6644,1.0000,40.8955,1.2453,0.3466,16.6666,16.6490,15.4131,0.0014,-1.0000
16.6681,1.0000,40.9121,1.2703,0.3330,16.6621,16.6695,15.4292,0.0013,-1.0000
16.6671,1.0000,40.9289,1.1771,0.4149,16.6760,16.6548,15.4536,0.0014,-1.0000
16.6630,1.0000,40.9454,1.3403,0.3277,16.6643,16.6448,15.4635,0.0012,-1.0000
16.6701,1.0000,40.9622,1.2343,0.3268,16.6577,16.6730,15.6051,0.0012,-1.0000
16.6680,1.0000,40.9790,1.2390,0.3509,16.6781,16.6629,15.5572,0.0009,-1.0000
16.6631,1.0000,40.9955,1.1998,0.3239,16.6633,16.6416,15.1398,0.0012,-1.0000
16.6665,1.0000,41.0121,1.1800,0.3133,16.6522,16.6621,15.5801,0.0010,-1.0000
16.6701,1.0000,41.0288,1.0667,0.3776,16.6809,16.6705,15.5161,0.0009,-1.0000
16.6637,1.0000,41.0455,1.1045,0.3208,16.6731,16.6471,15.4724,0.0011,-1.0000
16.6698,1.0000,41.0623,1.5006,0.2985,16.6498,16.6695,15.5353,0.0013,-1.0000
16.6683,1.0000,41.0789,1.0812,0.4025,16.6685,16.6639,15.0015,0.0015,-1.0000
16.6627,1.0000,41.0955,1.1534,0.3286,16.6782,16.6366,15.3201,0.0012,-1.0000
16.6689,1.0000,41.1121,1.1736,0.3467,16.6550,16.6689,15.5296,0.0013,-1.0000
16.6666,1.0000,41.1288,1.1328,0.3897,16.6787,16.6561,15.3771,0.0017,-1.0000
16.6652,1.0000,41.1456,1.6611,0.3765,16.6756,16.6551,15.4666,0.0012,-1.0000
16.6695,1.0000,41.1629,1.3153,0.3052,16.6455,16.6645,15.3357,0.0014,-1.0000
16.6660,1.0000,41.1789,1.1377,0.4331,16.6771,16.6585,14.1767,0.0014,-1.0000
16.6667,1.0000,41.1955,1.2771,0.3388,16.6640,16.6568,15.3371,0.0013,-1.0000
16.6668,1.0000,41.2122,1.1875,0.3259,16.6638,16.6632,15.4828,0.0012,-1.0000
16.6669,1.0000,41.2289,1.3277,0.4015,16.6726,16.6498,15.4729,0.0012,-1.0000
16.6660,1.0000,41.2455,2.4803,0.3328,16.6662,16.6576,15.3053,0.0013,-1.0000
16.6675,1.0000,41.2623,1.3183,0.3351,16.6650,16.6620,15.3903,0.0012,-1.0000
16.6667,1.0000,41.2788,1.1791,0.3275,16.6750,16.6585,15.0392,0.0012,-1.0000
16.6651,1.0000,41.2955,1.1757,0.3261,16.6590,16.6492,15.4580,0.0014,-1.0000
16.6684,1.0000,41.3122,1.3510,0.3259,16.6659,16.6676,15.4790,0.0013,-1.0000
16.6669,1.0000,41.3289,1.2705,0.3491,16.6704,16.6587,15.1367,0.0013,-1.0000
16.6652,1.0000,41.3455,1.6180,0.3418,16.6675,16.6487,15.0474,0.0014,-1.0000
16.6686,1.0000,41.3623,1.1897,0.3441,16.6571,16.6677,15.4052,0.0015,-1.0000
16.6669,1.0000,41.3789,1.1874,0.4201,16.6769,16.6530,15.2855,0.0013,-1.0000
16.6648,1.0000,41.3956,1.5206,0.4026,16.6683,16.6502,15.3251,0.0015,-1.0000
16.6667,1.0000,41.4121,1.5997,0.3219,16.6576,16.6619,15.3962,0.0012,-1.0000
16.6688,1.0000,41.4288,1.2609,0.4238,16.6775,16.6600,15.4697,0.0012,-1.0000
16.6644,1.0000,41.4455,1.3659,0.3586,16.6632,16.6532,15.4856,0.0010,-1.0000
16.6691,1.0000,41.4622,1.3234,0.3209,16.6589,16.6660,15.4849,0.0009,-1.0000
16.6660,1.0000,41.4789,1.2645,0.3235,16.6708,16.6526,15.4083,0.0013,-1.0000
16.6670,1.0000,41.4956,1.1888,0.3341,16.6683,16.6995,15.3718,0.0010,-1.0000
16.6665,1.0000,41.5121,1.1662,0.3400,16.6622,16.6188,15.4130,0.0011,-1.0000
16.6666,1.0000,41.5288,1.1801,0.3953,16.6751,16.6549,15.4367,0.0014,-1.0000
16.6658,1.0000,41.5455,1.2428,0.3907,16.6609,16.6560,15.3828,0.0013,-1.0000
16.6681,1.0000,41.5623,1.3268,0.3896,16.7088,16.6636,15.4218,0.0014,-1.0000
16.6660,1.0000,41.5788,1.2044,0.4041,16.6288,16.6568,15.2538,0.0013,-1.0000
16.6673,1.0000,41.5956,1.2165,0.3116,16.6631,16.6605,15.4821,0.0010,-1.0000
16.6669,1.0000,41.6121,1.2719,0.3396,16.6642,16.6561,15.3847,0.0012,-1.0000
16.6673,1.0000,41.6289,1.2400,0.3661,16.6716,16.6608,15.4055,0.0013,-1.0000
16.6652,1.0000,41.6456,1.4015,0.3175,16.6654,16.6491,15.1741,0.0013,-1.0000
16.6700,1.0000,41.6622,1.1775,0.4109,16.6703,16.6685,15.3605,0.0012,-1.0000
16.6653,1.0000,41.6790,1.2700,0.3409,16.6650,16.6518,15.3453,0.0014,-1.0000
16.6657,1.0000,41.6956,1.2538,0.4631,16.6707,16.6521,15.1080,0.0014,-1.0000
16.6666,1.0000,41.7121,1.4735,0.3785,16.6585,16.6572,15.3214,0.0010,-1.0000
16.6677,1.0000,41.7290,1.3066,0.4054,16.6791,16.6582,15.4656,0.0009,-1.0000
16.6660,1.0000,41.7455,1.3049,0.4481,16.6633,16.6535,15.2601,0.0013,-1.0000
16.6652,1.0000,41.7622,1.5420,0.4143,16.6628,16.6537,15.3189,0.0011,-1.0000
16.6683,1.0000,41.7789,1.3344,0.4604,16.6671,16.6604,15.4548,0.0012,-1.0000
16.6664,1.0000,41.7955,1.1915,0.3780,16.6692,16.6604,14.9545,0.0012,-1.0000
16.6671,1.0000,41.8121,1.3920,0.3963,16.6628,16.6532,15.3064,0.0011,-1.0000
16.6677,1.0000,41.8289,1.3335,0.3491,16.6631,16.6586,15.3901,0.0013,-1.0000
16.6659,1.0000,41.8456,1.2041,0.4562,16.6701,16.6576,15.3371,0.0012,-1.0000
16.6682,1.0000,41.8623,1.7049,0.3966,16.6701,16.6618,15.3195,0.0014,-1.0000
16.6651,1.0000,41.8788,1.3457,0.4280,16.6624,16.6513,15.1779,0.0013,-1.0000
16.6659,1.0000,41.8959,1.2671,0.4234,16.6679,16.8127,15.4670,0.0011,-1.0000
16.6677,1.0000,41.9121,1.3190,0.3874,16.6671,16.5009,14.9777,0.0012,-1.0000
16.6668,1.0000,41.9288,1.3408,0.4548,16.6722,16.6564,15.3683,0.0011,-1.0000
16.6674,1.0000,41.9456,1.4720,0.3171,16.6611,16.6633,15.5314,0.0012,-1.0000
16.6657,1.0000,41.9622,1.3446,0.3376,16.8221,16.6488,15.3246,0.0013,-1.0000
16.6676,1.0000,41.9791,1.5219,0.4075,16.5111,16.6615,15.3471,0.0012,-1.0000
16.6650,1.0000,41.9955,1.2869,0.3820,16.6657,16.6485,14.9072,0.0014,-1.0000
16.6678,1.0000,42.0121,1.1307,0.4318,16.6743,16.6587,15.3955,0.0010,-1.0000
16.6675,1.0000,42.0289,1.3226,0.3748,16.6590,16.6639,15.4352,0.0014,-1.0000
16.6662,1.0000,42.0455,1.3130,0.4515,16.6724,16.6519,15.2680,0.0012,-1.0000
16.6679,1.0000,42.0623,1.7396,0.3834,16.6586,16.6604,15.4041,0.0011,-1.0000
16.6654,1.0000,42.0791,1.2617,0.3947,16.6675,16.8128,15.1428,0.0012,-1.0000
16.6691,1.0000,42.0956,1.2272,0.4015,16.6736,16.5069,15.1284,0.0013,-1.0000
16.6634,1.0000,42.1121,1.3824,0.4000,16.6617,16.6449,14.9921,0.0015,-1.0000
16.6677,1.0000,42.1289,1.2551,0.4318,16.6694,16.6634,15.5778,0.0012,-1.0000
16.6666,1.0000,42.1457,1.6686,0.3759,16.8231,16.6582,15.3802,0.0012,-1.0000
16.6678,1.0000,42.1623,1.3771,0.4553,16.5181,16.6547,14.9835,0.0012,-1.0000
16.6656,1.0000,42.1789,1.6513,0.3236,16.6549,16.6495,15.2246,0.0013,-1.0000
16.6672,1.0000,42.1957,1.0844,0.3606,16.6737,16.8295,15.3795,0.0012,-1.0000
16.6662,1.0000,42.2121,1.2766,0.5502,16.6682,16.4851,15.0771,0.0010,-1.0000
16.6666,1.0000,42.2289,1.6702,0.4586,16.6655,16.6600,15.4972,0.0010,-1.0000
16.6679,1.0000,42.2457,1.4235,0.3240,16.6596,16.6637,15.3470,0.0012,-1.0000
16.6666,1.0000,42.2622,1.4486,0.4959,16.8390,16.6524,14.9954,0.0020,-1.0000
16.6663,1.0000,42.2789,1.4071,0.3484,16.4948,16.6533,15.4622,0.0010,-1.0000
16.6669,1.0000,42.2955,1.1617,0.3529,16.6685,16.6547,15.1146,0.0012,-1.0000
16.6669,1.0000,42.3122,1.3156,0.3926,16.6748,16.6575,15.4595,0.0011,-1.0000
16.6673,1.0000,42.3289,1.6551,0.3703,16.6632,16.6588,15.3484,0.0011,-1.0000
16.6664,1.0000,42.3456,1.1902,0.3826,16.6652,16.6564,15.4323,0.0012,-1.0000
16.6666,1.0000,42.3623,1.5388,0.3394,16.6638,16.6590,15.3830,0.0010,-1.0000
16.6672,1.0000,42.3789,1.1966,0.4445,16.6661,16.6550,15.2950,0.0011,-1.0000
16.6653,1.0000,42.3956,1.3088,0.3735,16.6672,16.6561,15.3819,0.0012,-1.0000
16.6671,1.0000,42.4122,1.2229,0.3533,16.6667,16.6603,15.3453,0.0011,-1.0000
16.6672,1.0000,42.4290,1.2749,0.3928,16.6694,16.6591,15.4189,0.0012,-1.0000
16.6667,1.0000,42.4455,1.3588,0.4034,16.6644,16.6497,15.2493,0.0011,-1.0000
16.6681,1.0000,42.4623,1.2731,0.3488,16.6650,16.6659,15.3557,0.0012,-1.0000
16.6655,1.0000,42.4789,1.3139,0.3692,16.6693,16.6534,15.1758,0.0013,-1.0000
16.6674,1.0000,42.4955,1.2387,0.3708,16.6704,16.6610,15.3369,0.0012,-1.0000
16.6675,1.0000,42.5122,1.3991,0.3902,16.6575,16.6584,15.4107,0.0012,-1.0000
16.6636,1.0000,42.5289,1.3088,0.4704,16.6741,16.6514,15.2181,0.0012,-1.0000
16.6691,1.0000,42.5456,1.4759,0.3296,16.6618,16.6658,15.5139,0.0011,-1.0000
16.6681,1.0000,42.5623,1.3230,0.3475,16.6695,16.6614,15.3809,0.0016,-1.0000
16.6652,1.0000,42.5789,1.2465,0.4666,16.6672,16.6505,15.0268,0.0013,-1.0000
16.6670,1.0000,42.5955,1.4321,0.3732,16.6591,16.6604,15.4164,0.0011,-1.0000
16.6679,1.0000,42.6122,1.1504,0.3840,16.6740,16.6619,15.4908,0.0011,-1.0000
16.6663,1.0000,42.6289,1.2786,0.4614,16.6713,16.6550,15.3731,0.0010,-1.0000
16.6669,1.0000,42.6456,1.6221,0.4026,16.6592,16.6570,15.4482,0.0011,-1.0000
16.9168,1.0000,42.6626,1.2427,0.3345,16.6686,16.9087,15.4629,0.0012,-1.0000
16.6680,1.0000,42.6792,1.1700,0.4068,16.6718,16.6714,15.1410,0.0012,-1.0000
16.6660,1.0000,42.6958,1.2805,0.4168,16.6650,16.6418,15.4567,0.0011,-1.0000
16.6668,1.0000,42.7124,1.2075,0.3738,16.6679,16.6557,15.3173,0.0013,-1.0000
16.6676,1.0000,42.7293,1.4444,0.3761,16.9203,16.6588,15.4442,0.0015,-1.0000
16.6650,1.0000,42.7458,1.5293,0.3719,16.6806,16.6499,15.1080,0.0015,-1.0000
16.6669,1.0000,42.7624,1.1838,0.3546,16.6520,16.6543,15.3574,0.0011,-1.0000
16.6671,1.0000,42.7792,1.3370,0.3972,16.6666,16.6623,15.4250,0.0012,-1.0000
16.6667,1.0000,42.7958,1.2132,0.3771,16.6706,16.6532,15.1944,0.0013,-1.0000
16.6674,1.0000,42.8125,1.5402,0.3950,16.6603,16.6624,15.3870,0.0015,-1.0000
16.6661,1.0000,42.8292,1.2956,0.4244,16.6631,16.6560,15.2761,0.0012,-1.0000
16.6665,1.0000,42.8458,1.2362,0.4408,16.6712,16.6539,15.2809,0.0012,-1.0000
16.6658,1.0000,42.8624,1.4573,0.4161,16.6624,16.6570,15.4712,0.0012,-1.0000
16.6707,1.0000,42.8792,1.2739,0.3527,16.6723,16.6695,15.5196,0.0010,-1.0000
16.6654,1.0000,42.8959,1.3786,0.4555,16.6648,16.6508,15.1392,0.0014,-1.0000
16.6649,1.0000,42.9124,1.3716,0.3345,16.6629,16.6552,15.3001,0.0011,-1.0000
16.6679,1.0000,42.9292,1.1845,0.3399,16.6653,16.6615,15.4880,0.0013,-1.0000
16.6659,1.0000,42.9458,1.1490,0.4499,16.6782,16.6535,15.0415,0.0016,-1.0000
16.6658,1.0000,42.9624,1.5102,0.3212,16.6618,16.6541,15.4725,0.0011,-1.0000
16.6703,1.0000,42.9793,1.3540,0.3545,16.6633,16.6719,15.5432,0.0011,-1.0000
16.6653,1.0000,42.9958,1.1720,0.5316,16.6700,16.6513,15.0728,0.0013,-1.0000
16.6644,1.0000,43.0124,1.6102,0.3584,16.6620,16.6496,15.3383,0.0014,-1.0000
16.6701,1.0000,43.0292,1.1805,0.3356,16.6617,16.6726,15.4999,0.0011,-1.0000
16.6651,1.0000,43.0458,1.1276,0.4282,16.6815,16.6457,15.3424,0.0014,-1.0000
16.6638,1.0000,43.0625,1.5768,0.3691,16.6631,16.6511,15.4568,0.0011,-1.0000
16.6695,1.0000,43.0793,1.3099,0.3513,16.6577,16.6688,15.4158,0.0009,-1.0000
16.6664,1.0000,43.0958,1.1715,0.3474,16.6819,16.6544,14.8336,0.0013,-1.0000
16.6666,1.0000,43.1124,1.3017,0.3386,16.6563,16.6562,15.3501,0.0013,-1.0000
16.6682,1.0000,43.1291,1.1933,0.3357,16.6585,16.6620,15.5417,0.0010,-1.0000
16.6652,1.0000,43.1458,1.2519,0.4157,16.6775,16.6533,15.4551,0.0012,-1.0000
16.6661,1.0000,43.1624,1.8194,0.3571,16.6643,16.6549,15.4024,0.0012,-1.0000
16.8701,1.0000,43.1794,1.3047,0.3528,16.6652,16.8727,15.5116,0.0012,-1.0000
16.4834,1.0000,43.1958,1.1191,0.3912,16.6710,16.4762,15.0904,0.0012,-1.0000
16.6673,1.0000,43.2124,1.1969,0.3448,16.6622,16.6491,15.4755,0.0012,-1.0000
16.6677,1.0000,43.2293,1.2512,0.3382,16.6620,16.6550,15.5342,0.0011,-1.0000
16.6644,1.0000,43.2458,1.1780,0.3580,16.8822,16.6535,14.9187,0.0014,-1.0000
16.6675,1.0000,43.2625,1.3849,0.3319,16.4886,16.6600,15.4315,0.0010,-1.0000
16.6677,1.0000,43.2791,1.1722,0.3648,16.6582,16.6640,15.2963,0.0014,-1.0000
16.6644,1.0000,43.2958,1.1192,0.4543,16.6637,16.6482,15.4753,0.0013,-1.0000
16.6682,1.0000,43.3124,1.7336,0.3635,16.6614,16.6664,15.4140,0.0011,-1.0000
16.6675,1.0000,43.3291,1.2273,0.4048,16.6674,16.6613,15.4136,0.0013,-1.0000
16.6666,1.0000,43.3458,1.3661,0.3352,16.6729,16.6552,15.4844,0.0011,-1.0000
16.6669,1.0000,43.3625,1.1717,0.3451,16.6562,16.6592,15.4365,0.0012,-1.0000
16.6673,1.0000,43.3792,1.2512,0.4085,16.6740,16.6656,15.2638,0.0016,-1.0000
16.6662,1.0000,43.3959,1.2462,0.3294,16.6701,16.6473,15.2850,0.0012,-1.0000
16.6674,1.0000,43.4124,1.1695,0.4252,16.6648,16.6589,15.4068,0.0013,-1.0000
16.6679,1.0000,43.4293,1.2214,0.3914,16.6683,16.6607,15.3274,0.0013,-1.0000
16.6645,1.0000,43.4458,1.4001,0.4023,16.6764,16.6455,14.8155,0.0014,-1.0000
16.6653,1.0000,43.4624,1.3610,0.3775,16.6588,16.6568,15.5161,0.0011,-1.0000
16.6693,1.0000,43.4793,1.2507,0.4086,16.6674,16.6652,15.5453,0.0009,-1.0000
16.6653,1.0000,43.4958,1.3318,0.5726,16.6716,16.6530,14.9859,0.0015,-1.0000
16.6673,1.0000,43.5124,1.8285,0.3633,16.6553,16.6627,15.3949,0.0013,-1.0000
16.6684,1.0000,43.5292,1.1396,0.3300,16.6641,16.6623,15.5819,0.0010,-1.0000
16.6650,1.0000,43.5458,1.1189,0.4614,16.6733,16.6479,15.1862,0.0012,-1.0000
16.6666,1.0000,43.5625,1.6658,0.3403,16.6622,16.6602,15.3802,0.0011,-1.0000
16.6669,1.0000,43.5791,1.2665,0.3622,16.6705,16.6603,15.2336,0.0011,-1.0000
16.6634,1.0000,43.5957,1.0792,0.3527,16.6724,16.6487,15.5061,0.0010,-1.0000
16.6703,1.0000,43.6124,1.4606,0.3819,16.6583,16.6710,15.7107,0.0011,-1.0000
16.6680,1.0000,43.6292,1.2786,0.3333,16.6678,16.6622,15.5384,0.0012,-1.0000
16.6646,1.0000,43.6458,1.4255,0.3406,16.6690,16.6457,15.2041,0.0015,-1.0000
16.6662,1.0000,43.6624,1.1417,0.3494,16.6560,16.6583,15.4482,0.0014,-1.0000
16.6695,1.0000,43.6791,0.9592,0.4119,16.6779,16.6644,15.5005,0.0019,-1.0000
16.6637,1.0000,43.6958,1.1223,0.4724,16.6722,16.6490,15.4599,0.0011,-1.0000
16.6679,1.0000,43.7124,1.4400,0.3035,16.6559,16.6677,15.5565,0.0011,-1.0000
16.6687,1.0000,43.7293,1.2089,0.3316,16.6661,16.6619,15.4293,0.0011,-1.0000
16.6643,1.0000,43.7458,1.1620,0.3299,16.6727,16.6494,15.0630,0.0012,-1.0000
16.6663,1.0000,43.7625,1.1878,0.3288,16.6568,16.6563,15.3591,0.0011,-1.0000
16.6687,1.0000,43.7792,1.1101,0.3358,16.6757,16.6650,15.5523,0.0012,-1.0000
16.6662,1.0000,43.7958,1.2315,0.4466,16.6712,16.6577,15.3397,0.0012,-1.0000
16.6667,1.0000,43.8125,1.5853,0.3264,16.6582,16.6591,15.4892,0.0012,-1.0000
16.6675,1.0000,43.8292,1.2962,0.3118,16.6640,16.6600,15.3506,0.0015,-1.0000
16.6657,1.0000,43.8458,1.1114,0.4258,16.6737,16.6502,14.7022,0.0015,-1.0000
16.6668,1.0000,43.8625,1.3170,0.3262,16.6666,16.6582,15.3793,0.0012,-1.0000
16.6683,1.0000,43.8792,1.1687,0.3439,16.6679,16.6635,15.4997,0.0012,-1.0000
16.6645,1.0000,43.8959,1.3074,0.4231,16.6697,16.6500,15.4364,0.0011,-1.0000
16.6674,1.0000,43.9124,1.9468,0.3306,16.6603,16.6618,15.3939,0.0012,-1.0000
16.6674,1.0000,43.9291,1.2777,0.3417,16.6667,16.6609,15.3830,0.0010,-1.0000
16.6646,1.0000,43.9458,1.1623,0.3356,16.6723,16.6523,15.5277,0.0012,-1.0000
16.6684,1.0000,43.9625,1.2124,0.3618,16.6587,16.6644,15.5292,0.0013,-1.0000
16.6681,1.0000,43.9792,1.2669,0.4394,16.6691,16.6629,15.3392,0.0016,-1.0000
16.6635,1.0000,43.9958,1.2768,0.3008,16.6694,16.6455,15.3624,0.0011,-1.0000
16.6705,1.0000,44.0124,1.1237,0.3282,16.6595,16.6732,15.5490,0.0010,-1.0000
16.6673,1.0000,44.0293,1.1339,0.4380,16.6727,16.6566,14.9090,0.0013,-1.0000
16.6635,1.0000,44.0458,1.3221,0.3478,16.6720,16.6449,15.2255,0.0013,-1.0000
16.6695,1.0000,44.0627,1.2822,0.3849,16.6532,16.6673,15.4970,0.0012,-1.0000
16.6673,1.0000,44.0791,1.1230,0.4921,16.6821,16.6592,14.9305,0.0010,-1.0000
16.6643,1.0000,44.0958,1.7462,0.3437,16.6672,16.6481,15.5055,0.0011,-1.0000
16.6676,1.0000,44.1124,1.4180,0.3304,16.6537,16.6683,15.4708,0.0011,-1.0000
16.6681,1.0000,44.1292,1.1683,0.4067,16.6774,16.6575,15.3403,0.0011,-1.0000
16.6639,1.0000,44.1458,1.7275,0.3027,16.6688,16.6461,15.2055,0.0019,-1.0000
16.6696,1.0000,44.1625,1.1416,0.3539,16.6555,16.6690,15.4267,0.0013,-1.0000
16.6655,1.0000,44.1791,1.1962,0.4002,16.6771,16.6491,15.3726,0.0014,-1.0000
16.6652,1.0000,44.1958,1.3158,0.3653,16.6688,16.6525,15.4328,0.0016,-1.0000
16.6692,1.0000,44.2124,1.4385,0.3623,16.6554,16.6671,15.4674,0.0012,-1.0000
16.6655,1.0000,44.2292,1.2406,0.3651,16.6788,16.6606,15.3152,0.0010,-1.0000
16.6668,1.0000,44.2458,1.2750,0.3357,16.6601,16.6509,15.3736,0.0012,-1.0000
16.6661,1.0000,44.2625,1.2182,0.3331,16.6608,16.6557,15.4374,0.0011,-1.0000
16.6686,1.0000,44.2791,1.1982,0.4110,16.6755,16.6656,15.4344,0.0012,-1.0000
16.6649,1.0000,44.2958,1.3441,0.3252,16.6693,16.6503,15.4756,0.0011,-1.0000
16.6676,1.0000,44.3125,1.2762,0.3185,16.6605,16.6638,15.4016,0.0010,-1.0000
16.6671,1.0000,44.3291,1.2170,0.3830,16.6642,16.6558,15.4010,0.0011,-1.0000
16.6668,1.0000,44.3458,1.2300,0.3221,16.6748,16.6596,15.4746,0.0012,-1.0000
16.6662,1.0000,44.3625,1.1736,0.3230,16.6587,16.6570,15.4794,0.0014,-1.0000
16.6677,1.0000,44.3792,1.2610,0.3489,16.6715,16.6591,15.4436,0.0011,-1.0000
16.6637,1.0000,44.3959,1.2536,0.3278,16.6639,16.6484,15.4970,0.0012,-1.0000
16.6698,1.0000,44.4124,1.1838,0.3275,16.6684,16.6728,15.2185,0.0009,-1.0000
16.6662,1.0000,44.4292,1.1761,0.3866,16.6658,16.6566,15.3537,0.0011,-1.0000
16.6665,1.0000,44.4458,1.2144,0.3218,16.6681,16.6560,15.3633,0.0013,-1.0000
16.6667,1.0000,44.4625,1.1502,0.3882,16.6554,16.6606,15.4404,0.0012,-1.0000
16.6667,1.0000,44.4792,1.4532,0.3974,16.6797,16.6573,15.4037,0.0012,-1.0000
16.6655,1.0000,44.4958,1.3017,0.3384,16.6654,16.6517,15.4200,0.0012,-1.0000
16.6688,1.0000,44.5125,1.2912,0.3097,16.6646,16.6709,15.5255,0.0009,-1.0000
16.6660,1.0000,44.5292,1.2189,0.3556,16.6699,16.6560,15.4387,0.0016,-1.0000
16.6664,1.0000,44.5458,1.2520,0.3141,16.6654,16.6534,15.4902,0.0013,-1.0000
16.6664,1.0000,44.5625,1.2306,0.3140,16.6587,16.6595,15.5319,0.0012,-1.0000
16.6676,1.0000,44.5792,1.1443,0.3931,16.6780,16.6605,15.3474,0.0013,-1.0000
16.6643,1.0000,44.5958,1.2156,0.3231,16.6653,16.6511,15.4476,0.0015,-1.0000
16.6694,1.0000,44.6125,1.1619,0.3600,16.6619,16.6697,15.4984,0.0012,-1.0000
16.6673,1.0000,44.6291,1.1266,0.5013,16.6680,16.6516,15.2136,0.0014,-1.0000
16.6660,1.0000,44.6459,1.3118,0.3409,16.6688,16.6601,15.2985,0.0012,-1.0000
16.6678,1.0000,44.6625,1.2022,0.3435,16.6584,16.6572,15.2404,0.0012,-1.0000
16.6654,1.0000,44.6792,1.1699,0.4681,16.6796,16.6517,15.1728,0.0012,-1.0000
16.6655,1.0000,44.6958,1.4365,0.3637,16.6608,16.6530,15.1795,0.0013,-1.0000
17.0571,1.0000,44.7129,1.3602,0.4101,16.6699,17.1011,15.8270,0.0011,-1.0000
16.6063,1.0000,44.7295,1.4153,0.3984,16.6685,16.5460,15.3496,0.0010,-1.0000
16.6656,1.0000,44.7462,1.4775,0.3366,16.6609,16.6561,15.4778,0.0013,-1.0000
16.6718,1.0000,44.7629,1.4722,0.3379,16.6604,16.6706,15.4373,0.0013,-1.0000
16.6625,1.0000,44.7795,1.2724,0.3673,17.1125,16.6036,15.3813,0.0014,-1.0000
16.6657,1.0000,44.7961,1.1953,0.3653,16.5555,16.6523,15.5056,0.0011,-1.0000
16.6701,1.0000,44.8129,1.1768,0.3404,16.6638,16.6743,15.5419,0.0010,-1.0000
16.6647,1.0000,44.8294,1.2318,0.4072,16.7039,16.6445,15.1198,0.0010,-1.0000
16.6652,1.0000,44.8461,1.2206,0.3191,16.6332,16.6527,15.5252,0.0011,-1.0000
16.6695,1.0000,44.8629,1.1452,0.3191,16.6600,16.6703,15.5042,0.0011,-1.0000
16.6656,1.0000,44.8794,1.1313,0.4347,16.6867,16.6485,15.2922,0.0015,-1.0000
16.6649,1.0000,44.8961,1.5236,0.3371,16.6543,16.6517,15.5345,0.0011,-1.0000
16.6670,1.0000,44.9127,1.1267,0.4117,16.6608,16.6619,15.5123,0.0009,-1.0000
16.6686,1.0000,44.9295,1.1646,0.3936,16.6805,16.6690,15.5932,0.0013,-1.0000
16.6656,1.0000,44.9461,1.3547,0.3459,16.6579,16.6501,15.4142,0.0010,-1.0000
16.6677,1.0000,44.9629,1.1162,0.3183,16.6593,16.6663,15.5373,0.0011,-1.0000
16.6663,1.0000,44.9795,1.1486,0.4307,16.6697,16.6491,15.2846,0.0010,-1.0000
16.6676,1.0000,44.9961,1.0744,0.4236,16.6780,16.6593,15.4152,0.0012,-1.0000
16.6670,1.0000,45.0127,1.2349,0.3685,16.6582,16.6585,15.5289,0.0012,-1.0000
16.6676,1.0000,45.0295,1.1278,0.3460,16.6764,16.6595,15.4849,0.0010,-1.0000
16.6649,1.0000,45.0461,1.3633,0.3683,16.6593,16.6523,15.3585,0.0013,-1.0000
16.6667,1.0000,45.0628,1.2430,0.3719,16.6685,16.6613,15.3619,0.0012,-1.0000
16.6677,1.0000,45.0794,1.1281,0.3609,16.6685,16.6562,15.4128,0.0012,-1.0000
16.6663,1.0000,45.0961,1.1732,0.3768,16.6682,16.6630,15.4757,0.0012,-1.0000
16.6662,1.0000,45.1127,1.2922,0.3565,16.6607,16.6494,15.4330,0.0012,-1.0000
16.6675,1.0000,45.1295,1.2980,0.3341,16.6705,16.6615,15.3387,0.0008,-1.0000
16.6665,1.0000,45.1462,1.2420,0.3396,16.6649,16.6555,15.4217,0.0012,-1.0000
16.6675,1.0000,45.1629,1.1863,0.3535,16.6737,16.6618,15.4007,0.0012,-1.0000
16.6658,1.0000,45.1794,1.2150,0.4077,16.6582,16.6518,15.2192,0.0011,-1.0000
16.6651,1.0000,45.1961,1.3218,0.3629,16.6701,16.6534,15.5321,0.0012,-1.0000
16.6686,1.0000,45.2127,1.2326,0.3176,16.6639,16.6662,15.5335,0.0010,-1.0000
16.6666,1.0000,45.2295,1.2597,0.3259,16.6714,16.6599,15.5316,0.0012,-1.0000
16.6652,1.0000,45.2461,1.4314,0.3792,16.6610,16.6571,15.3773,0.0011,-1.0000
16.6693,1.0000,45.2629,1.1199,0.3589,16.6613,16.6516,15.4230,0.0011,-1.0000
16.6668,1.0000,45.2794,1.1314,0.3431,16.6735,16.6504,15.1790,0.0013,-1.0000
16.6643,1.0000,45.2961,1.1269,0.4097,16.6682,16.6506,15.4910,0.0015,-1.0000
16.6684,1.0000,45.3129,1.2786,0.3969,16.6654,16.7254,15.5690,0.0009,-1.0000
16.6673,1.0000,45.3294,1.2274,0.3389,16.6752,16.6009,15.1638,0.0013,-1.0000
16.6657,1.0000,45.3461,1.4698,0.3389,16.6606,16.6500,15.5521,0.0012,-1.0000
16.6667,1.0000,45.3628,1.1584,0.3141,16.6584,16.6600,15.4294,0.0011,-1.0000
16.6683,1.0000,45.3795,1.1550,0.3363,16.7344,16.6650,15.5249,0.0012,-1.0000
16.6644,1.0000,45.3961,1.4354,0.3523,16.6097,16.6467,15.4974,0.0011,-1.0000
16.6669,1.0000,45.4127,1.0966,0.3954,16.6586,16.6621,15.5160,0.0009,-1.0000
16.6699,1.0000,45.4295,1.2294,0.3634,16.6677,16.6708,15.6006,0.0008,-1.0000
16.6650,1.0000,45.4461,1.1386,0.3166,16.6746,16.6501,15.3508,0.0012,-1.0000
16.6667,1.0000,45.4628,1.1481,0.3165,16.6555,16.6573,15.5257,0.0011,-1.0000
16.6674,1.0000,45.4796,1.1452,0.3339,16.6679,16.6602,15.5627,0.0012,-1.0000
16.6656,1.0000,45.4961,1.0694,0.3401,16.6791,16.6543,15.1274,0.0013,-1.0000
16.6679,1.0000,45.5127,1.2978,0.3187,16.6596,16.6632,15.5672,0.0009,-1.0000
16.6677,1.0000,45.5296,1.1305,0.3315,16.6660,16.6612,15.4583,0.0011,-1.0000
16.6645,1.0000,45.5461,1.0962,0.4112,16.6693,16.6439,15.0127,0.0014,-1.0000
16.6695,1.0000,45.5629,1.5255,0.3100,16.6624,16.6854,15.4795,0.0011,-1.0000
16.6657,1.0000,45.5795,1.0950,0.3584,16.6721,16.6378,15.0375,0.0014,-1.0000
16.6650,1.0000,45.5961,1.2018,0.3937,16.6729,16.6488,15.3312,0.0012,-1.0000
16.6684,1.0000,45.6127,1.6298,0.4248,16.6527,16.6665,15.5265,0.0011,-1.0000
16.6670,1.0000,45.6295,1.2045,0.4562,16.6951,16.6591,15.4468,0.0013,-1.0000
16.6654,1.0000,45.6462,1.5989,0.8121,16.6492,16.6524,15.3589,0.0012,-1.0000
16.6676,1.0000,45.6628,1.3158,0.3631,16.6577,16.6457,15.4049,0.0013,-1.0000
16.6680,1.0000,45.6795,1.1389,0.3715,16.6739,16.6624,15.4464,0.0013,-1.0000
16.6647,1.0000,45.6961,1.2108,0.4158,16.6673,16.6496,15.2852,0.0011,-1.0000
16.6650,1.0000,45.7127,1.2921,0.3696,16.6767,16.6544,15.5466,0.0012,-1.0000
16.6699,1.0000,45.7295,1.2395,0.3872,16.6531,16.6689,15.6689,0.0010,-1.0000
16.6665,1.0000,45.7461,1.2146,0.4336,16.6726,16.6565,15.2589,0.0011,-1.0000
16.6655,1.0000,45.7628,1.3633,0.3287,16.6586,16.6533,15.3434,0.0009,-1.0000
16.6680,1.0000,45.7795,1.1064,0.3103,16.6623,16.6627,15.4458,0.0011,-1.0000
16.6659,1.0000,45.7961,0.9988,0.4307,16.6767,16.6554,15.3459,0.0009,-1.0000
16.6668,1.0000,45.8128,1.3964,0.4122,16.6663,16.6581,15.5379,0.0012,-1.0000
16.6677,1.0000,45.8295,1.3091,0.3232,16.6622,16.6609,15.5457,0.0012,-1.0000
16.6657,1.0000,45.8461,1.2156,0.4728,16.6711,16.6525,15.0382,0.0015,-1.0000
16.6669,1.0000,45.8628,1.3086,0.3493,16.6646,16.6414,15.4062,0.0014,-1.0000
16.6675,1.0000,45.8794,1.1189,0.3415,16.6668,16.6611,15.3611,0.0011,-1.0000
16.6661,1.0000,45.8962,1.1141,0.4411,16.6702,16.6563,15.4641,0.0011,-1.0000
16.6662,1.0000,45.9127,1.6127,0.3736,16.6782,16.6595,15.4179,0.0013,-1.0000
16.6678,1.0000,45.9295,1.2336,0.3377,16.6486,16.6611,15.5999,0.0012,-1.0000
16.6662,1.0000,45.9461,1.2988,0.3563,16.6695,16.6544,15.2641,0.0012,-1.0000
16.6669,1.0000,45.9628,1.1910,0.3331,16.6648,16.6465,15.5247,0.0012,-1.0000
16.6682,1.0000,45.9799,1.2401,0.3476,16.6674,16.6641,15.4483,0.0011,-1.0000
16.6646,1.0000,45.9961,1.0599,0.4611,16.6697,16.6423,14.9825,0.0016,-1.0000
16.6677,1.0000,46.0128,1.3892,0.3235,16.6783,16.6676,15.5611,0.0010,-1.0000
16.6672,1.0000,46.0295,1.1205,0.3526,16.6545,16.6574,15.4289,0.0014,-1.0000
16.6659,1.0000,46.0462,1.2147,0.4038,16.6751,16.6547,15.4406,0.0011,-1.0000
16.6672,1.0000,46.0629,1.6588,0.3264,16.6516,16.6430,15.4087,0.0013,-1.0000
16.6674,1.0000,46.0796,1.1053,0.3446,16.6764,16.6588,15.2435,0.0012,-1.0000
16.6672,1.0000,46.0962,1.2269,0.4100,16.6652,16.6554,15.3094,0.0011,-1.0000
16.6638,1.0000,46.1127,1.2129,0.4177,16.6796,16.6507,15.4433,0.0012,-1.0000
16.6695,1.0000,46.1295,1.2328,0.3464,16.6517,16.6689,15.5583,0.0014,-1.0000
16.6657,1.0000,46.1463,1.4139,0.3476,16.6693,16.6712,15.1716,0.0014,-1.0000
16.6669,1.0000,46.1628,1.3447,0.3721,16.6652,16.6403,15.2677,0.0013,-1.0000
16.6673,1.0000,46.1795,1.2062,0.3594,16.6583,16.6619,15.3936,0.0013,-1.0000
16.6664,1.0000,46.1962,1.1091,0.4737,16.6767,16.6556,15.3826,0.0015,-1.0000
16.6660,1.0000,46.2127,1.4982,0.3788,16.6805,16.6571,15.4088,0.0012,-1.0000
16.6682,1.0000,46.2295,1.3715,0.3568,16.6483,16.6643,15.5678,0.0009,-1.0000
16.6656,1.0000,46.2462,1.2670,0.4137,16.6708,16.6705,15.2657,0.0013,-1.0000
16.6670,1.0000,46.2628,1.2714,0.3484,16.6645,16.6467,15.4434,0.0012,-1.0000
16.6678,1.0000,46.2795,1.2471,0.3644,16.6649,16.6568,14.7299,0.0012,-1.0000
16.6657,1.0000,46.2962,1.0956,0.3546,16.6721,16.6577,15.4605,0.0013,-1.0000
16.6679,1.0000,46.3129,1.4036,0.3386,16.6795,16.6605,15.3687,0.0009,-1.0000
16.6671,1.0000,46.3295,1.2020,0.4831,16.6564,16.6514,14.9435,0.0010,-1.0000
16.6647,1.0000,46.3461,1.9256,0.3283,16.6647,16.6524,15.5045,0.0012,-1.0000
16.6682,1.0000,46.3629,1.1958,0.3950,16.6673,16.6618,15.3406,0.0011,-1.0000
16.6675,1.0000,46.3795,1.2910,0.4396,16.6722,16.6600,15.2518,0.0013,-1.0000
16.6630,1.0000,46.3962,1.7068,0.4018,16.6598,16.6453,15.5332,0.0013,-1.0000
16.6700,1.0000,46.4127,1.1468,0.3682,16.6614,16.6777,15.4880,0.0009,-1.0000
16.6659,1.0000,46.4295,1.3200,0.4046,16.6708,16.6510,15.3817,0.0015,-1.0000
16.6658,1.0000,46.4461,1.4071,0.3194,16.6696,16.6524,15.4293,0.0015,-1.0000
16.6701,1.0000,46.4629,1.1109,0.3192,16.6521,16.6571,15.5055,0.0012,-1.0000
16.6643,1.0000,46.4795,1.1885,0.3965,16.6862,16.6450,15.1546,0.0013,-1.0000
16.6650,1.0000,46.4961,1.2675,0.3348,16.6601,16.6510,15.2768,0.0014,-1.0000
16.6684,1.0000,46.5127,1.2217,0.3400,16.6761,16.6647,15.5514,0.0011,-1.0000
16.6672,1.0000,46.5295,1.1502,0.4534,16.6685,16.6609,15.4277,0.0017,-1.0000
16.6664,1.0000,46.5461,1.4890,0.3259,16.6543,16.6574,15.4400,0.0013,-1.0000
16.6681,1.0000,46.5630,1.3730,0.3214,16.6591,16.6613,15.4971,0.0013,-1.0000
16.6662,1.0000,46.5795,1.1118,0.3279,16.6722,16.6536,15.1496,0.0013,-1.0000
16.6643,1.0000,46.5961,1.2311,0.4005,16.6696,16.6497,15.4474,0.0012,-1.0000
16.6689,1.0000,46.6127,1.2160,0.3268,16.6668,16.6684,15.5041,0.0010,-1.0000
16.6674,1.0000,46.6295,1.1625,0.3461,16.6724,16.6561,15.4096,0.0011,-1.0000
16.6665,1.0000,46.6462,1.5029,0.3411,16.6621,16.6608,15.4471,0.0013,-1.0000
16.6663,1.0000,46.6629,1.2011,0.3142,16.6576,16.6534,15.2207,0.0012,-1.0000
16.6670,1.0000,46.6795,1.1633,0.3907,16.6767,16.6584,15.2121,0.0016,-1.0000
16.6661,1.0000,46.6962,1.2453,0.3743,16.6650,16.6696,15.4840,0.0011,-1.0000
16.6671,1.0000,46.7127,1.2123,0.3831,16.6703,16.6484,15.4844,0.0010,-1.0000
16.6665,1.0000,46.7296,1.4313,0.3709,16.6624,16.6543,15.5536,0.0014,-1.0000
16.6668,1.0000,46.7461,1.4446,0.3455,16.6679,16.6605,15.2889,0.0015,-1.0000
16.7021,1.0000,46.7631,1.1842,0.3284,16.6779,16.7311,15.4284,0.0010,-1.0000
16.6637,1.0000,46.7795,1.1624,0.3258,16.6577,16.6117,15.0860,0.0013,-1.0000
16.6657,1.0000,46.7961,1.0989,0.3542,16.6623,16.6556,15.4738,0.0012,-1.0000
16.6665,1.0000,46.8128,1.3703,0.5248,16.6696,16.6568,15.5036,0.0011,-1.0000
16.6685,1.0000,46.8296,1.3016,0.3772,16.7428,16.6634,15.4469,0.0010,-1.0000
16.6665,1.0000,46.8462,1.5243,0.3146,16.6209,16.6565,15.3239,0.0014,-1.0000
16.6672,1.0000,46.8629,1.1808,0.3428,16.6648,16.6604,15.4226,0.0012,-1.0000
16.6662,1.0000,46.8795,1.1521,0.3594,16.6662,16.6529,15.2835,0.0010,-1.0000
16.6654,1.0000,46.8962,1.2155,0.3749,16.6718,16.6527,15.4243,0.0012,-1.0000
16.6696,1.0000,46.9128,1.3309,0.3633,16.6667,16.6685,15.3966,0.0011,-1.0000
16.6648,1.0000,46.9295,1.2363,0.4204,16.6709,16.6526,15.2847,0.0016,-1.0000
16.6669,1.0000,46.9462,1.3684,0.3262,16.6619,16.6577,15.3762,0.0011,-1.0000
16.6691,1.0000,46.9630,1.2271,0.3396,16.6610,16.6696,15.4470,0.0011,-1.0000
16.6650,1.0000,46.9796,1.2706,0.5468,16.6768,16.6448,14.6933,0.0015,-1.0000
16.6651,1.0000,46.9962,1.3662,0.3361,16.6616,16.6526,15.0853,0.0012,-1.0000
16.6672,1.0000,47.0127,1.2804,0.3725,16.6665,16.6615,15.5840,0.0012,-1.0000
16.6673,1.0000,47.0295,1.2213,0.3545,16.6794,16.6592,15.5922,0.0010,-1.0000
16.6670,1.0000,47.0462,1.9498,0.5486,16.6556,16.6604,15.4928,0.0010,-1.0000
16.8154,1.0000,47.0633,1.5662,0.3161,16.6610,16.9579,15.5958,0.0011,-1.0000
16.6659,1.0000,47.0797,1.0764,0.3569,16.6696,16.5074,15.1872,0.0012,-1.0000
16.6652,1.0000,47.0963,1.0658,0.3779,16.6677,16.6502,15.3021,0.0017,-1.0000
16.6652,1.0000,47.1128,1.1663,0.3322,16.6694,16.6533,15.4788,0.0011,-1.0000
16.6697,1.0000,47.1297,1.3607,0.3217,16.9669,16.6736,15.6344,0.0010,-1.0000
16.6665,1.0000,47.1464,1.3186,0.4024,16.5159,16.6533,15.3751,0.0011,-1.0000
16.6672,1.0000,47.1630,1.3463,0.3213,16.6588,16.6586,15.3237,0.0014,-1.0000
16.6667,1.0000,47.1797,1.1736,0.3399,16.6598,16.6587,15.3530,0.0013,-1.0000
16.6659,1.0000,47.1963,1.0379,0.3535,16.6822,16.6499,15.2681,0.0016,-1.0000
16.6671,1.0000,47.2129,1.2767,0.4162,16.6640,16.6612,15.4744,0.0010,-1.0000
16.6676,1.0000,47.2297,1.3337,0.4085,16.6673,16.6605,15.4698,0.0013,-1.0000
16.6667,1.0000,47.2463,1.3044,0.4864,16.6686,16.6566,15.0822,0.0012,-1.0000
16.6664,1.0000,47.2630,1.3798,0.3430,16.6594,16.6628,15.4164,0.0013,-1.0000
16.6675,1.0000,47.2797,1.1856,0.3648,16.6693,16.6600,15.3266,0.0012,-1.0000
16.6638,1.0000,47.2963,1.1892,0.4373,16.6685,16.6435,14.9646,0.0014,-1.0000
16.6683,1.0000,47.3130,1.5729,0.3675,16.6653,16.6656,15.5347,0.0009,-1.0000
16.7255,1.0000,47.3299,1.2447,0.4357,16.6720,16.7229,15.2071,0.0015,-1.0000
16.6621,1.0000,47.3464,1.3320,0.4246,16.6694,16.6379,15.2692,0.0015,-1.0000
16.6706,1.0000,47.3632,1.6777,0.3290,16.6523,16.6749,15.5116,0.0009,-1.0000
16.6662,1.0000,47.3797,1.1296,0.4731,16.6738,16.6536,15.2981,0.0012,-1.0000
16.6646,1.0000,47.3964,1.5140,0.3191,16.7335,16.6490,15.4425,0.0013,-1.0000
16.6679,1.0000,47.4130,1.3671,0.3189,16.6461,16.6627,15.3754,0.0011,-1.0000
16.6666,1.0000,47.4297,1.1619,0.3306,16.6836,16.6572,15.3204,0.0013,-1.0000
16.6664,1.0000,47.4464,1.3543,0.2984,16.6643,16.6540,15.5051,0.0011,-1.0000
16.6677,1.0000,47.4631,1.2051,0.3461,16.6581,16.6995,15.4686,0.0012,-1.0000
16.6667,1.0000,47.4797,1.2862,0.3425,16.6718,16.6204,15.2597,0.0014,-1.0000
16.6660,1.0000,47.4964,1.3353,0.3263,16.6652,16.6580,15.4148,0.0012,-1.0000
16.6662,1.0000,47.5130,1.1476,0.3696,16.6624,16.6567,15.4425,0.0011,-1.0000
16.6685,1.0000,47.5297,1.2294,0.3738,16.7086,16.6627,15.4510,0.0012,-1.0000
16.6653,1.0000,47.5464,1.3593,0.2995,16.6286,16.6530,15.4981,0.0012,-1.0000
16.6675,1.0000,47.5632,1.2419,0.3120,16.6677,16.6630,15.4735,0.0011,-1.0000
16.6677,1.0000,47.5797,1.2130,0.3466,16.6645,16.6570,15.2921,0.0011,-1.0000
16.6661,1.0000,47.5964,1.2105,0.3211,16.6711,16.6565,15.4561,0.0010,-1.0000
16.6673,1.0000,47.6133,1.1535,0.3242,16.6618,16.8009,15.5423,0.0010,-1.0000
16.6662,1.0000,47.6297,1.1882,0.3290,16.6726,16.5146,15.0796,0.0011,-1.0000
16.6643,1.0000,47.6464,1.3634,0.3427,16.6653,16.6495,15.4295,0.0011,-1.0000
16.6691,1.0000,47.6631,1.1992,0.3158,16.6649,16.6688,15.3770,0.0012,-1.0000
16.6663,1.0000,47.6797,1.2574,0.4187,16.8115,16.6552,15.3081,0.0013,-1.0000
16.6663,1.0000,47.6964,1.4336,0.3356,16.5245,16.6546,15.3985,0.0013,-1.0000
16.6667,1.0000,47.7130,1.2190,0.3588,16.6570,16.6639,15.5298,0.0010,-1.0000
16.6680,1.0000,47.7297,1.2906,0.4295,16.6776,16.6588,15.2964,0.0011,-1.0000
16.6632,1.0000,47.7463,1.3459,0.3381,16.6635,16.6467,15.4020,0.0011,-1.0000
16.6699,1.0000,47.7631,1.2547,0.3442,16.6621,16.6767,15.6622,0.0010,-1.0000
16.6677,1.0000,47.7798,1.1327,0.3786,16.6711,16.6599,15.4152,0.0013,-1.0000
16.6660,1.0000,47.7964,1.3616,0.3383,16.6664,16.6508,15.0929,0.0012,-1.0000
16.6660,1.0000,47.8130,1.2438,0.3264,16.6530,16.6571,15.4289,0.0012,-1.0000
16.6671,1.0000,47.8297,1.0132,0.4083,16.6836,16.6643,15.1553,0.0015,-1.0000
16.6654,1.0000,47.8463,1.2430,0.3850,16.6691,16.6490,15.3932,0.0011,-1.0000
16.6684,1.0000,47.8631,1.5568,0.3525,16.6597,16.6704,15.5337,0.0010,-1.0000
16.6664,1.0000,47.8797,1.2269,0.4773,16.6657,16.6507,15.2246,0.0010,-1.0000
16.6664,1.0000,47.8964,1.5076,0.3553,16.6735,16.6576,15.5408,0.0013,-1.0000
16.8992,1.0000,47.9134,1.2546,0.3372,16.6570,16.9525,15.6125,0.0011,-1.0000
16.6677,1.0000,47.9300,1.1354,0.3422,16.6795,16.5949,15.2171,0.0012,-1.0000
16.6655,1.0000,47.9466,1.4250,0.3037,16.6600,16.6542,15.4655,0.0015,-1.0000
16.6688,1.0000,47.9635,1.1157,0.3557,16.6664,16.6647,15.3691,0.0011,-1.0000
16.6670,1.0000,47.9801,1.3390,0.3888,16.9644,16.6550,15.1325,0.0012,-1.0000
16.6649,1.0000,47.9966,1.3766,0.3371,16.6042,16.6554,15.2535,0.0012,-1.0000
16.6685,1.0000,48.0132,1.1873,0.3351,16.6623,16.6635,15.5371,0.0014,-1.0000
16.6661,1.0000,48.0299,1.2944,0.3552,16.6731,16.6528,15.4508,0.0011,-1.0000
16.6644,1.0000,48.0465,1.5211,0.3684,16.6640,16.6491,15.4709,0.0012,-1.0000
16.6714,1.0000,48.0635,1.4010,0.3246,16.6648,16.6810,15.6065,0.0012,-1.0000
16.6641,1.0000,48.0800,1.1248,0.5626,16.6730,16.6443,15.0647,0.0015,-1.0000
16.6657,1.0000,48.0966,1.2009,0.3473,16.6618,16.6519,15.4182,0.0014,-1.0000
16.6678,1.0000,48.1132,1.1771,0.3309,16.6558,16.6604,15.5376,0.0011,-1.0000
16.6671,1.0000,48.1299,1.0731,0.3740,16.6908,16.6671,15.3373,0.0011,-1.0000
16.6656,1.0000,48.1467,1.5783,0.3484,16.6544,16.6797,15.5201,0.0014,-1.0000
16.6688,1.0000,48.1634,1.2322,0.3238,16.6591,16.6436,15.4515,0.0010,-1.0000
16.6661,1.0000,48.1799,1.1217,0.3901,16.6674,16.6491,15.0767,0.0013,-1.0000
16.6654,1.0000,48.1966,1.3293,0.3286,16.6750,16.6551,15.4863,0.0010,-1.0000
16.6681,1.0000,48.2132,1.1585,0.3184,16.6872,16.6640,15.4587,0.0013,-1.0000
16.6665,1.0000,48.2300,1.1910,0.4124,16.6534,16.6538,15.3417,0.0012,-1.0000
16.6662,1.0000,48.2466,1.5710,0.3364,16.6584,16.6556,15.4267,0.0011,-1.0000
16.6679,1.0000,48.2634,1.1677,0.3324,16.6643,16.6679,15.4531,0.0012,-1.0000
16.6669,1.0000,48.2799,1.2042,0.3235,16.6723,16.6509,15.3896,0.0012,-1.0000
16.6657,1.0000,48.2966,1.3109,0.3438,16.6624,16.6597,15.4991,0.0012,-1.0000
16.6673,1.0000,48.3132,1.2278,0.3443,16.6634,16.6553,15.4400,0.0012,-1.0000
16.6674,1.0000,48.3300,1.2138,0.3305,16.6787,16.6599,15.4192,0.0012,-1.0000
16.6634,1.0000,48.3466,1.2600,0.3223,16.6607,16.6470,15.4774,0.0012,-1.0000
16.6700,1.0000,48.3634,1.1592,0.3605,16.6684,16.6717,15.5828,0.0011,-1.0000
16.7043,1.0000,48.3802,1.2139,0.3258,16.6642,16.6947,15.0657,0.0011,-1.0000
16.6655,1.0000,48.3967,1.2395,0.3378,16.6686,16.6491,15.1241,0.0015,-1.0000
16.6691,1.0000,48.4133,1.1685,0.3121,16.6552,16.6680,15.3964,0.0011,-1.0000
16.6659,1.0000,48.4301,1.0876,0.4015,16.6805,16.6538,15.2082,0.0013,-1.0000
16.6643,1.0000,48.4466,1.6278,0.4069,16.7056,16.6507,15.1279,0.0012,-1.0000
16.6671,1.0000,48.4634,1.5236,0.3281,16.6572,16.6606,15.5509,0.0012,-1.0000
16.6689,1.0000,48.4801,1.2704,0.4252,16.6762,16.6630,15.3535,0.0013,-1.0000
16.6665,1.0000,48.4967,1.4439,0.4417,16.6631,16.6585,15.1826,0.0011,-1.0000
16.6653,1.0000,48.5132,1.5219,0.3027,16.6593,16.6551,15.3888,0.0012,-1.0000
16.6686,1.0000,48.5300,1.1085,0.3134,16.6679,16.6660,15.6247,0.0010,-1.0000
16.6662,1.0000,48.5467,1.3080,0.3388,16.6705,16.6569,15.3159,0.0012,-1.0000
16.6650,1.0000,48.5634,1.4745,0.3659,16.6667,16.6514,15.4226,0.0011,-1.0000
16.6696,1.0000,48.5800,1.2652,0.3384,16.6622,16.6694,15.4414,0.0011,-1.0000
16.6662,1.0000,48.5967,1.0401,0.3057,16.6737,16.6577,15.3286,0.0014,-1.0000
16.6659,1.0000,48.6132,1.3395,0.3427,16.6653,16.6569,15.4136,0.0012,-1.0000
16.6675,1.0000,48.6300,1.2278,0.3191,16.6589,16.6596,15.5162,0.0013,-1.0000
16.6658,1.0000,48.6467,1.2267,0.3352,16.6765,16.6554,15.3380,0.0014,-1.0000
16.6670,1.0000,48.6633,1.3275,0.3313,16.6664,16.6596,15.3930,0.0012,-1.0000
16.6678,1.0000,48.6801,1.2421,0.3327,16.6649,16.6637,15.3666,0.0015,-1.0000
16.6660,1.0000,48.6967,1.1419,0.4224,16.6683,16.6493,15.2898,0.0010,-1.0000
16.6658,1.0000,48.7132,1.3159,0.3119,16.6637,16.6577,15.4288,0.0010,-1.0000
16.6675,1.0000,48.7301,1.2656,0.3512,16.6679,16.7418,15.5457,0.0011,-1.0000
16.6672,1.0000,48.7466,1.2954,0.4238,16.6738,16.5760,15.3454,0.0015,-1.0000
16.6653,1.0000,48.7633,1.3583,0.3280,16.6582,16.6545,15.4858,0.0012,-1.0000
16.6690,1.0000,48.7800,1.2280,0.4192,16.6658,16.6700,15.5321,0.0013,-1.0000
16.6662,1.0000,48.7967,1.1947,0.3122,16.7510,16.6512,15.3801,0.0011,-1.0000
16.6655,1.0000,48.8133,1.2287,0.3560,16.5844,16.6559,15.4259,0.0011,-1.0000
16.6687,1.0000,48.8301,1.1674,0.3047,16.6619,16.6605,15.3119,0.0012,-1.0000
16.6657,1.0000,48.8467,1.1364,0.3974,16.6786,16.6568,15.3499,0.0010,-1.0000
16.6652,1.0000,48.8633,1.2695,0.3574,16.6618,16.6503,15.4721,0.0011,-1.0000
16.6699,1.0000,48.8800,1.2292,0.3836,16.6649,16.6704,15.5518,0.0010,-1.0000
16.6658,1.0000,48.8967,1.3473,0.3574,16.6689,16.6560,15.3605,0.0013,-1.0000
16.6661,1.0000,48.9133,1.3055,0.3362,16.6665,16.6571,15.3690,0.0011,-1.0000
16.6677,1.0000,48.9300,1.1771,0.3044,16.6576,16.6615,15.4600,0.0011,-1.0000
16.6659,1.0000,48.9466,1.1175,0.3730,16.6778,16.6535,15.3952,0.0012,-1.0000
16.6653,1.0000,48.9633,1.2939,0.3607,16.6647,16.6541,15.4829,0.0011,-1.0000
16.6683,1.0000,48.9801,1.2869,0.3133,16.6650,16.6657,15.5210,0.0012,-1.0000
16.6670,1.0000,48.9967,1.2003,0.3307,16.6706,16.6579,15.2446,0.0018,-1.0000
16.6655,1.0000,49.0132,1.2569,0.3315,16.6627,16.6538,15.3825,0.0014,-1.0000
16.6677,1.0000,49.0300,1.1700,0.3497,16.6618,16.6624,15.4648,0.0012,-1.0000
16.6658,1.0000,49.0466,1.1436,0.4636,16.6735,16.6532,15.2848,0.0010,-1.0000
16.6667,1.0000,49.0634,1.4117,0.3441,16.6678,16.6590,15.5144,0.0010,-1.0000
16.6681,1.0000,49.0800,1.2699,0.3519,16.6628,16.6643,15.4092,0.0011,-1.0000
16.6662,1.0000,49.0967,1.1963,0.4094,16.6707,16.6572,15.3381,0.0012,-1.0000
16.6671,1.0000,49.1132,1.3671,0.3160,16.6609,16.6581,15.3971,0.0017,-1.0000
16.6679,1.0000,49.1300,1.1436,0.3148,16.6666,16.6615,15.5071,0.0011,-1.0000
16.6664,1.0000,49.1467,1.2540,0.3618,16.6726,16.6578,15.2912,0.0011,-1.0000
16.6641,1.0000,49.1634,1.3179,0.3350,16.6670,16.6434,15.3089,0.0012,-1.0000
16.6687,1.0000,49.1801,1.2592,0.3599,16.6659,16.6640,15.3966,0.0012,-1.0000
16.6666,1.0000,49.1967,1.1531,0.3646,16.6701,16.6568,15.3154,0.0014,-1.0000
16.6663,1.0000,49.2132,1.3653,0.3221,16.6698,16.6556,15.4706,0.0011,-1.0000
16.6689,1.0000,49.2301,1.3335,0.3386,16.6542,16.6670,15.5619,0.0010,-1.0000
16.6648,1.0000,49.2467,1.2660,0.4018,16.6730,16.6515,15.1654,0.0013,-1.0000
16.6668,1.0000,49.2633,1.3399,0.3175,16.6653,16.6586,15.5039,0.0011,-1.0000
16.6691,1.0000,49.2801,1.1838,0.3797,16.6630,16.6694,15.4100,0.0012,-1.0000
16.6644,1.0000,49.2966,1.1041,0.3870,16.6768,16.6420,15.2724,0.0013,-1.0000
16.6663,1.0000,49.3133,1.4847,0.3192,16.6612,16.6627,15.4491,0.0014,-1.0000
16.6808,1.0000,49.3304,1.1534,0.3204,16.6666,16.6704,15.3718,0.0011,-1.0000
16.6663,1.0000,49.3467,1.2578,0.3714,16.6802,16.6561,14.8491,0.0014,-1.0000
16.6633,1.0000,49.3632,1.3681,0.2971,16.6521,16.6463,15.4776,0.0014,-1.0000
16.6696,1.0000,49.3800,1.2119,0.3693,16.6708,16.6776,15.7269,0.0011,-1.0000
16.6671,1.0000,49.3967,1.2974,0.3264,16.6788,16.6545,15.4151,0.0014,-1.0000
16.6672,1.0000,49.4133,1.8054,0.3062,16.6643,16.6621,15.4166,0.0013,-1.0000
16.6660,1.0000,49.4301,1.1672,0.2789,16.6523,16.6555,15.4899,0.0012,-1.0000
16.6672,1.0000,49.4467,0.9495,0.2947,16.6848,16.6555,15.2089,0.0012,-1.0000
16.6655,1.0000,49.4633,1.2381,0.2988,16.6622,16.6560,15.4894,0.0010,-1.0000
16.6685,1.0000,49.4801,1.2442,0.2940,16.6718,16.6635,15.5223,0.0011,-1.0000
16.6666,1.0000,49.4967,1.1642,0.3856,16.6658,16.6553,15.3512,0.0011,-1.0000
16.6657,1.0000,49.5132,1.4451,0.3230,16.6634,16.6534,15.4202,0.0016,-1.0000
16.6682,1.0000,49.5301,1.1655,0.2967,16.6635,16.6682,15.5622,0.0012,-1.0000
16.6676,1.0000,49.5467,1.1400,0.3335,16.6733,16.6589,15.1570,0.0014,-1.0000
16.6641,1.0000,49.5634,1.3025,0.3160,16.6640,16.6479,15.4950,0.0012,-1.0000
16.6701,1.0000,49.5801,1.2314,0.3028,16.6604,16.6698,15.4374,0.0013,-1.0000
16.6658,1.0000,49.5967,1.1047,0.3685,16.6769,16.6530,15.2962,0.0011,-1.0000
16.6658,1.0000,49.6132,1.5003,0.3471,16.6678,16.6567,15.4223,0.0011,-1.0000
16.6679,1.0000,49.6305,1.1515,0.3099,16.6562,16.6654,15.5550,0.0012,-1.0000
16.6660,1.0000,49.6467,1.2311,0.3752,16.6790,16.6479,14.8572,0.0014,-1.0000
16.6649,1.0000,49.6633,1.3555,0.3378,16.6621,16.6512,15.4089,0.0014,-1.0000
16.6674,1.0000,49.6800,1.2333,0.3096,16.6653,16.6644,15.5666,0.0012,-1.0000
16.6680,1.0000,49.6967,1.1091,0.4456,16.6763,16.6656,15.4123,0.0010,-1.0000
16.6644,1.0000,49.7132,1.7891,0.3146,16.6569,16.6494,15.4829,0.0010,-1.0000
16.6697,1.0000,49.7302,1.2410,0.3009,16.6584,16.7563,15.6128,0.0009,-1.0000
16.6669,1.0000,49.7467,1.0965,0.3535,16.6711,16.5700,15.2502,0.0012,-1.0000
16.6661,1.0000,49.7633,1.2521,0.3080,16.6733,16.6553,15.3586,0.0014,-1.0000
16.6660,1.0000,49.7800,1.1655,0.3059,16.6576,16.6579,15.4414,0.0013,-1.0000
16.6679,1.0000,49.7967,1.1423,0.3139,16.7639,16.6608,15.4663,0.0012,-1.0000
16.6659,1.0000,49.8133,1.3186,0.3791,16.5792,16.6573,15.3456,0.0010,-1.0000
16.6681,1.0000,49.8301,1.2948,0.3233,16.6638,16.7688,15.3999,0.0010,-1.0000
16.6669,1.0000,49.8467,1.2150,0.3108,16.6657,16.5511,15.2678,0.0012,-1.0000
16.6655,1.0000,49.8633,1.1929,0.3416,16.6685,16.6535,15.3915,0.0011,-1.0000
16.6663,1.0000,49.8800,1.3105,0.3213,16.6654,16.6573,15.4920,0.0011,-1.0000
16.6681,1.0000,49.8968,1.3677,0.3645,16.7791,16.6650,15.5214,0.0016,-1.0000
16.6658,1.0000,49.9132,1.2818,0.3859,16.5598,16.6523,15.1357,0.0013,-1.0000
16.6678,1.0000,49.9300,1.2607,0.3094,16.6622,16.6641,15.4662,0.0011,-1.0000
16.6668,1.0000,49.9467,1.1641,0.3250,16.6653,16.6578,15.3675,0.0012,-1.0000
16.6662,1.0000,49.9633,1.1421,0.4566,16.6735,16.6537,15.2593,0.0015,-1.0000
16.6662,1.0000,49.9801,1.5153,0.3218,16.6610,16.6557,15.4583,0.0012,-1.0000
16.6683,1.0000,49.9967,1.1965,0.3274,16.6720,16.6633,15.3775,0.0014,-1.0000
16.6659,1.0000,50.0132,1.2889,0.4533,16.6673,16.6538,15.2866,0.0012,-1.0000
16.6667,1.0000,50.0301,1.3928,0.3195,16.6626,16.6628,15.4966,0.0012,-1.0000
16.6668,1.0000,50.0467,1.1962,0.3036,16.6638,16.6579,15.3856,0.0011,-1.0000
16.6668,1.0000,50.0634,1.2844,0.3308,16.6711,16.6546,15.2589,0.0013,-1.0000
16.6657,1.0000,50.0800,1.3659,0.3338,16.6636,16.6542,15.3103,0.0012,-1.0000
16.6696,1.0000,50.0967,1.1650,0.3200,16.6701,16.6675,15.4352,0.0014,-1.0000
16.6657,1.0000,50.1132,1.2706,0.5433,16.6684,16.6522,15.3713,0.0014,-1.0000
16.6655,1.0000,50.1300,1.3941,0.3210,16.6637,16.6559,15.5674,0.0013,-1.0000
16.6672,1.0000,50.1468,1.3425,0.3174,16.6621,16.6618,15.4284,0.0010,-1.0000
16.6672,1.0000,50.1634,1.2307,0.3001,16.6773,16.6600,15.0918,0.0012,-1.0000
16.6669,1.0000,50.1801,1.2797,0.3088,16.6610,16.6571,15.3162,0.0013,-1.0000
16.7476,1.0000,50.1968,1.0869,0.3982,16.6638,16.7404,15.4011,0.0013,-1.0000
16.6651,1.0000,50.2133,1.2322,0.4181,16.6704,16.6501,15.1465,0.0012,-1.0000
16.6664,1.0000,50.2302,1.5669,0.3516,16.6693,16.6564,15.5514,0.0011,-1.0000
16.6676,1.0000,50.2468,1.3394,0.3204,16.6682,16.6583,15.2621,0.0013,-1.0000
16.6675,1.0000,50.2636,1.3380,0.6499,16.7507,16.6584,15.4613,0.0011,-1.0000
16.6659,1.0000,50.2801,1.5019,0.3471,16.6601,16.6494,14.8655,0.0011,-1.0000
16.6651,1.0000,50.2967,1.1038,0.3404,16.6665,16.6542,15.4758,0.0011,-1.0000
16.6682,1.0000,50.3134,1.3946,0.2968,16.6692,16.6605,15.4998,0.0012,-1.0000
16.6654,1.0000,50.3301,1.1960,0.6717,16.6712,16.6592,15.2794,0.0013,-1.0000
16.6640,1.0000,50.3467,1.7826,0.3116,16.6593,16.6437,15.4397,0.0011,-1.0000
16.6705,1.0000,50.3634,1.1771,0.3162,16.6628,16.6758,15.5406,0.0013,-1.0000
16.6637,1.0000,50.3800,1.1593,0.5845,16.6689,16.6437,15.4550,0.0013,-1.0000
16.6700,1.0000,50.3968,1.3787,0.3049,16.6681,16.6727,15.6247,0.0009,-1.0000
16.6668,1.0000,50.4134,1.2030,0.2925,16.6518,16.6588,15.3638,0.0012,-1.0000
16.6658,1.0000,50.4301,1.1336,0.3109,16.6846,16.6520,15.4174,0.0011,-1.0000
16.6672,1.0000,50.4468,1.1874,0.3129,16.6522,16.6587,15.4488,0.0011,-1.0000
16.6665,1.0000,50.4635,1.0466,0.3197,16.6797,16.6610,15.4550,0.0012,-1.0000
16.6658,1.0000,50.4802,1.2937,0.3565,16.6689,16.6511,15.1373,0.0013,-1.0000
16.6672,1.0000,50.4967,1.2332,0.3118,16.6612,16.6610,15.3014,0.0011,-1.0000
16.6684,1.0000,50.5134,1.2089,0.2947,16.6672,16.6640,15.5085,0.0011,-1.0000
16.6640,1.0000,50.5301,1.2045,0.3735,16.6708,16.6435,15.2709,0.0017,-1.0000
16.6685,1.0000,50.5468,1.5125,0.3588,16.6610,16.6631,15.4976,0.0010,-1.0000
16.6677,1.0000,50.5636,1.3583,0.3270,16.6689,16.6642,15.1785,0.0011,-1.0000
16.6650,1.0000,50.5801,1.1543,0.3282,16.6740,16.6463,15.2347,0.0014,-1.0000
16.6694,1.0000,50.5969,1.3713,0.3206,16.6529,16.6695,15.3626,0.0015,-1.0000
16.6655,1.0000,50.6133,1.1646,0.4610,16.6716,16.6501,15.2427,0.0012,-1.0000
16.6657,1.0000,50.6301,1.4843,0.3649,16.6744,16.6560,15.5130,0.0011,-1.0000
16.6663,1.0000,50.6468,1.4100,0.3655,16.6545,16.6568,15.4917,0.0015,-1.0000
16.6678,1.0000,50.6634,1.3053,0.3276,16.6810,16.6653,15.2400,0.0014,-1.0000
16.6662,1.0000,50.6801,1.4060,0.3746,16.6586,16.6563,15.5207,0.0011,-1.0000
16.6689,1.0000,50.6969,1.1421,0.3169,16.6646,16.6671,15.4759,0.0011,-1.0000
16.6660,1.0000,50.7133,1.1636,0.3861,16.6634,16.6493,15.1352,0.0013,-1.0000
16.6655,1.0000,50.7301,1.4239,0.3074,16.6727,16.6539,15.5520,0.0012,-1.0000
16.6685,1.0000,50.7469,1.1347,0.3212,16.6640,16.6661,15.3884,0.0014,-1.0000
16.6663,1.0000,50.7634,1.1900,0.5254,16.6777,16.6536,15.2650,0.0013,-1.0000
16.6646,1.0000,50.7801,1.5126,0.3139,16.6590,16.6463,15.4725,0.0015,-1.0000
16.6695,1.0000,50.7968,1.1007,0.3406,16.6623,16.6727,15.5586,0.0009,-1.0000
16.6666,1.0000,50.8134,1.2761,0.3399,16.6759,16.6554,15.3083,0.0013,-1.0000
16.6653,1.0000,50.8301,1.3874,0.3195,16.6637,16.6504,15.5216,0.0013,-1.0000
16.6678,1.0000,50.8469,1.1724,0.2923,16.6544,16.6696,15.4145,0.0012,-1.0000
16.6668,1.0000,50.8634,1.1129,0.4243,16.6805,16.6522,15.2115,0.0014,-1.0000
16.6645,1.0000,50.8800,1.3456,0.3166,16.6642,16.6482,15.2935,0.0012,-1.0000
16.6702,1.0000,50.8969,1.1277,0.3617,16.6589,16.6753,15.4806,0.0010,-1.0000
16.6670,1.0000,50.9133,1.2541,0.3204,16.6803,16.6515,15.1431,0.0013,-1.0000
16.6649,1.0000,50.9301,1.4392,0.3469,16.6620,16.6511,15.5539,0.0015,-1.0000
16.6678,1.0000,50.9468,1.3536,0.2988,16.6564,16.6729,15.4479,0.0008,-1.0000
16.6666,1.0000,50.9634,1.1935,0.3347,16.6840,16.6442,15.3717,0.0013,-1.0000
16.6670,1.0000,50.9802,1.5065,0.2965,16.6613,16.6569,15.4948,0.0010,-1.0000
16.6662,1.0000,50.9968,1.0958,0.3130,16.6592,16.6595,15.3678,0.0014,-1.0000
16.6673,1.0000,51.0133,1.2240,0.3558,16.6847,16.6582,15.4183,0.0011,-1.0000
16.6667,1.0000,51.0301,1.2708,0.3008,16.6550,16.6591,15.4716,0.0011,-1.0000
16.6662,1.0000,51.0468,1.1606,0.3140,16.6654,16.6551,15.3967,0.0013,-1.0000
16.6672,1.0000,51.0635,1.2901,0.3534,16.6681,16.6595,15.3039,0.0013,-1.0000
16.6653,1.0000,51.0801,1.2388,0.3557,16.6666,16.6534,15.3303,0.0011,-1.0000
16.6720,1.0000,51.0968,1.1863,0.3258,16.6675,16.6717,15.5390,0.0010,-1.0000
16.6629,1.0000,51.1133,1.2573,0.4003,16.6641,16.6517,15.2491,0.0011,-1.0000
16.6665,1.0000,51.1301,1.3542,0.3471,16.6679,16.6576,15.5492,0.0014,-1.0000
16.6682,1.0000,51.1469,1.3219,0.3144,16.6611,16.6599,15.3651,0.0011,-1.0000
16.6660,1.0000,51.1635,1.1314,0.4242,16.6796,16.6538,14.9995,0.0019,-1.0000
16.6643,1.0000,51.1801,1.4011,0.3392,16.6603,16.6505,15.3778,0.0013,-1.0000
16.6738,1.0000,51.1968,1.1068,0.3167,16.6669,16.6755,15.5247,0.0012,-1.0000
16.6619,1.0000,51.2134,1.2936,0.3840,16.6701,16.6821,15.2732,0.0011,-1.0000
16.6674,1.0000,51.2303,1.6522,0.3314,16.6646,16.6238,15.5622,0.0011,-1.0000
16.6661,1.0000,51.2468,1.2717,0.3181,16.6574,16.6597,15.2068,0.0014,-1.0000
16.6674,1.0000,51.2634,1.1495,0.3686,16.6851,16.6551,15.2832,0.0010,-1.0000
16.6652,1.0000,51.2801,1.4078,0.3282,16.6916,16.6522,15.4656,0.0013,-1.0000
16.7072,1.0000,51.2971,1.0604,0.3839,16.6322,16.7090,15.6047,0.0011,-1.0000
16.6660,1.0000,51.3134,1.4514,0.3392,16.6693,16.6499,14.7405,0.0014,-1.0000
16.6669,1.0000,51.3302,1.3709,0.3153,16.6641,16.6587,15.4512,0.0010,-1.0000
16.6675,1.0000,51.3469,1.1853,0.3688,16.6600,16.6713,15.3502,0.0012,-1.0000
16.6656,1.0000,51.3635,1.1031,0.4095,16.7188,16.6438,15.0086,0.0015,-1.0000
16.6666,1.0000,51.3801,1.9082,0.3243,16.6586,16.6553,15.3979,0.0013,-1.0000
16.6680,1.0000,51.3970,1.2062,0.3269,16.6668,16.6634,15.4990,0.0012,-1.0000
16.6659,1.0000,51.4134,1.3199,0.3879,16.6817,16.6531,15.0441,0.0015,-1.0000
16.6663,1.0000,51.4301,1.6335,0.3964,16.6539,16.6570,15.4965,0.0012,-1.0000
16.6692,1.0000,51.4469,1.2565,0.3087,16.6652,16.6645,15.4917,0.0011,-1.0000
16.6649,1.0000,51.4635,1.1631,0.4558,16.6722,16.6486,15.1602,0.0013,-1.0000
16.6656,1.0000,51.4802,1.6074,0.4242,16.6633,16.6526,15.4249,0.0011,-1.0000
16.6689,1.0000,51.4972,1.1591,0.3350,16.6650,16.7255,15.3809,0.0013,-1.0000
16.6657,1.0000,51.5134,1.1715,0.4029,16.6749,16.5906,15.0214,0.0013,-1.0000
16.6661,1.0000,51.5302,1.4869,0.3584,16.6608,16.6561,15.5478,0.0013,-1.0000
16.6694,1.0000,51.5469,1.2268,0.3304,16.6612,16.6666,15.4021,0.0013,-1.0000
16.6653,1.0000,51.5636,1.3436,0.3549,16.7366,16.6470,15.1144,0.0012,-1.0000
16.6655,1.0000,51.5801,1.5678,0.3393,16.6015,16.6532,15.2428,0.0012,-1.0000
16.6694,1.0000,51.5969,1.1068,0.3397,16.6657,16.6721,15.4296,0.0009,-1.0000
16.6658,1.0000,51.6134,1.2629,0.3680,16.6775,16.6486,15.1160,0.0011,-1.0000
16.6662,1.0000,51.6301,1.5314,0.3298,16.6576,16.6550,15.5171,0.0011,-1.0000
16.6671,1.0000,51.6470,1.4092,0.3038,16.6617,16.6636,15.4780,0.0012,-1.0000
16.6674,1.0000,51.6636,1.2414,0.3799,16.6827,16.6533,15.1010,0.0014,-1.0000
16.6638,1.0000,51.6801,1.5313,0.3284,16.6582,16.6445,15.2165,0.0011,-1.0000
16.6706,1.0000,51.6969,1.1369,0.3037,16.6647,16.6706,15.5034,0.0011,-1.0000
16.6646,1.0000,51.7134,1.1842,0.4000,16.6744,16.6491,15.1851,0.0011,-1.0000
16.6669,1.0000,51.7302,1.5509,0.3988,16.6653,16.6544,15.4796,0.0013,-1.0000
16.6674,1.0000,51.7469,1.4270,0.3062,16.6528,16.6612,15.2786,0.0012,-1.0000
16.6674,1.0000,51.7635,1.1656,0.3367,16.6803,16.6555,15.1653,0.0012,-1.0000
16.6646,1.0000,51.7801,1.4626,0.3582,16.6636,16.6469,15.4189,0.0013,-1.0000
16.6690,1.0000,51.7968,1.1733,0.3236,16.6639,16.6632,15.3520,0.0011,-1.0000
16.6658,1.0000,51.8135,1.3814,0.3795,16.6715,16.6567,15.3681,0.0013,-1.0000
16.6667,1.0000,51.8302,1.4886,0.3139,16.6673,16.6569,15.5091,0.0010,-1.0000
16.6675,1.0000,51.8468,1.2267,0.3088,16.6565,16.6623,15.3932,0.0013,-1.0000
16.6656,1.0000,51.8635,1.3099,0.3633,16.6711,16.6533,15.2877,0.0011,-1.0000
16.6658,1.0000,51.8801,1.2870,0.3155,16.6665,16.6559,15.4968,0.0011,-1.0000
16.6686,1.0000,51.8969,1.1467,0.3183,16.6650,16.6638,15.4832,0.0012,-1.0000
16.6661,1.0000,51.9135,1.2676,0.3816,16.6703,16.6606,15.3336,0.0010,-1.0000
16.6666,1.0000,51.9302,1.3645,0.2927,16.6629,16.6568,15.4203,0.0012,-1.0000
16.6673,1.0000,51.9468,1.1581,0.3058,16.6629,16.6618,15.4700,0.0013,-1.0000
16.6662,1.0000,51.9635,1.1790,0.3010,16.6709,16.6540,15.3690,0.0011,-1.0000
16.6669,1.0000,51.9802,1.3260,0.3570,16.6684,16.6576,15.5125,0.0011,-1.0000
16.6684,1.0000,51.9968,1.2351,0.3180,16.6650,16.6654,15.3705,0.0016,-1.0000
16.6644,1.0000,52.0134,1.1904,0.3496,16.6708,16.6509,15.1924,0.0015,-1.0000
16.6662,1.0000,52.0301,1.2839,0.3041,16.6625,16.6573,15.4545,0.0013,-1.0000
16.6702,1.0000,52.0470,1.1437,0.3454,16.6655,16.7517,15.5397,0.0011,-1.0000
16.6640,1.0000,52.0635,1.2934,0.4078,16.6743,16.5610,15.2467,0.0014,-1.0000
16.6664,1.0000,52.0802,1.4569,0.3378,16.6607,16.6582,15.4195,0.0012,-1.0000
16.6696,1.0000,52.0969,1.2014,0.3247,16.6656,16.6720,15.4655,0.0014,-1.0000
16.6664,1.0000,52.1134,1.2107,0.3231,16.7614,16.6524,15.3067,0.0014,-1.0000
16.6657,1.0000,52.1302,1.3127,0.3082,16.5709,16.6519,15.3555,0.0012,-1.0000
16.6670,1.0000,52.1469,1.2375,0.3049,16.6661,16.6610,15.3750,0.0013,-1.0000
16.6666,1.0000,52.1635,1.2049,0.4074,16.6816,16.6561,15.2146,0.0017,-1.0000
16.6672,1.0000,52.1802,1.3442,0.6122,16.6622,16.6566,15.4208,0.0011,-1.0000
16.6678,1.0000,52.1970,1.2948,0.3954,16.6613,16.6604,15.4315,0.0015,-1.0000
16.6652,1.0000,52.2134,1.2844,0.3928,16.6706,16.6664,15.1334,0.0014,-1.0000
16.6667,1.0000,52.2303,1.4396,0.3236,16.6660,16.6967,15.4027,0.0015,-1.0000
16.6657,1.0000,52.2470,1.2349,0.3452,16.6667,16.8150,15.1188,0.0020,-1.0000
16.6688,1.0000,52.2636,1.2270,0.3388,16.6709,16.5291,15.2946,0.0013,-1.0000
16.6657,1.0000,52.2803,1.5315,0.3606,16.6765,16.6802,15.0558,0.0012,-1.0000
16.6649,1.0000,52.2969,1.2925,0.3622,16.7060,16.6059,15.2988,0.0011,-1.0000
16.6700,1.0000,52.3138,1.6942,0.3187,16.8240,16.9125,15.4652,0.0012,-1.0000
16.6652,1.0000,52.3303,1.2331,0.4587,16.5390,16.4476,15.0620,0.0012,-1.0000
16.6657,1.0000,52.3468,1.6232,0.3208,16.6898,16.5676,15.2611,0.0010,-1.0000
16.6678,1.0000,52.3636,1.3062,0.3454,16.6156,16.6717,15.4026,0.0012,-1.0000
16.6664,1.0000,52.3802,1.4462,0.3493,16.9224,16.6470,15.1075,0.0014,-1.0000
16.6667,1.0000,52.3969,1.3844,0.3227,16.4579,16.6592,15.3624,0.0011,-1.0000
16.6674,1.0000,52.4135,1.3053,0.3378,16.5766,16.6694,15.3919,0.0011,-1.0000
16.6708,1.0000,52.4303,1.2681,0.5921,16.6807,16.6727,15.3609,0.0010,-1.0000
16.6619,1.0000,52.4469,1.5381,0.3342,16.6568,16.6876,15.3569,0.0012,-1.0000
16.6664,1.0000,52.4635,1.2959,0.3408,16.6673,16.5909,15.3179,0.0013,-1.0000
16.6706,1.0000,52.4803,1.2764,0.3679,16.6796,16.6720,15.2987,0.0011,-1.0000
16.6633,1.0000,52.4968,1.3104,0.2933,16.6865,16.6375,15.2381,0.0012,-1.0000
16.6672,1.0000,52.5134,1.3297,0.3388,16.6998,16.6684,15.4899,0.0011,-1.0000
16.6670,1.0000,52.5302,1.2717,0.3732,16.5998,16.6556,15.5025,0.0012,-1.0000
16.6666,1.0000,52.5469,1.3720,0.3976,16.6833,16.6586,15.2878,0.0012,-1.0000
16.6658,1.0000,52.5637,1.3981,0.3433,16.6465,16.7762,15.4118,0.0013,-1.0000
16.6678,1.0000,52.5802,1.1774,0.3620,16.6772,16.5398,15.2069,0.0013,-1.0000
16.6668,1.0000,52.5968,1.1518,0.3378,16.6634,16.6576,15.4326,0.0012,-1.0000
16.6663,1.0000,52.6134,1.3698,0.3137,16.6675,16.6500,15.4530,0.0013,-1.0000
16.6678,1.0000,52.6302,1.3634,0.3148,16.7878,16.6669,15.5111,0.0013,-1.0000
16.6672,1.0000,52.6469,1.3313,0.3086,16.5482,16.6673,15.2933,0.0012,-1.0000
16.6631,1.0000,52.6634,1.2236,0.2961,16.6664,16.6341,15.3362,0.0011,-1.0000
16.6707,1.0000,52.6802,1.1955,0.3354,16.6580,16.6833,15.4616,0.0011,-1.0000
16.7424,1.0000,52.6969,1.1546,0.3997,16.6755,16.7322,15.1456,0.0014,-1.0000
16.6641,1.0000,52.7134,1.3722,0.3024,16.6764,16.6313,15.3021,0.0011,-1.0000
16.6684,1.0000,52.7304,1.2968,0.3653,16.6419,16.7232,15.6594,0.0010,-1.0000
16.6684,1.0000,52.7469,1.2207,0.4390,16.6913,16.6107,15.1963,0.0013,-1.0000
16.6660,1.0000,52.7636,1.5848,0.3525,16.7417,16.6637,15.3144,0.0015,-1.0000
16.6673,1.0000,52.7803,1.3281,0.3066,16.6395,16.7059,15.4721,0.0012,-1.0000
16.6682,1.0000,52.7972,1.0630,0.3125,16.7302,16.6185,15.3532,0.0014,-1.0000
16.6639,1.0000,52.8135,1.4132,0.3728,16.6190,16.6392,14.9012,0.0012,-1.0000
16.6663,1.0000,52.8303,1.3479,0.2919,16.6719,16.7090,15.4916,0.0012,-1.0000
16.6715,1.0000,52.8469,1.2323,0.3577,16.7136,16.6219,15.4086,0.0011,-1.0000
16.6639,1.0000,52.8636,1.2641,0.3797,16.6284,16.6538,15.2361,0.0016,-1.0000
16.6666,1.0000,52.8803,1.7366,0.3074,16.6470,16.6593,15.4504,0.0013,-1.0000
16.6680,1.0000,52.8971,1.2165,0.4027,16.7179,16.7265,15.3512,0.0010,-1.0000
16.6660,1.0000,52.9136,1.2119,0.3812,16.6302,16.7095,15.0611,0.0011,-1.0000
16.6656,1.0000,52.9303,1.4160,0.3257,16.6641,16.5720,15.3752,0.0012,-1.0000
16.6685,1.0000,52.9470,1.2073,0.3421,16.6687,16.6769,15.4135,0.0011,-1.0000
16.6664,1.0000,52.9637,1.3741,0.3718,16.7357,16.6804,15.3821,0.0011,-1.0000
16.6660,1.0000,52.9804,1.6471,0.3502,16.7191,16.6185,15.1484,0.0012,-1.0000
16.6671,1.0000,52.9970,1.1962,0.3134,16.5816,16.6485,15.2045,0.0012,-1.0000
16.6666,1.0000,53.0136,1.2621,0.3338,16.6857,16.7624,15.3091,0.0014,-1.0000
16.6668,1.0000,53.0304,1.2972,0.4243,16.6896,16.5654,15.3306,0.0010,-1.0000
16.6675,1.0000,53.0470,1.4684,0.3873,16.6285,16.6656,15.3076,0.0014,-1.0000
16.6660,1.0000,53.0637,1.4427,0.3754,16.6579,16.6794,15.2860,0.0017,-1.0000
16.6660,1.0000,53.0802,1.4520,0.3151,16.7727,16.5771,15.2853,0.0012,-1.0000
16.6679,1.0000,53.0970,1.2336,0.3578,16.5744,16.7322,15.4450,0.0012,-1.0000
16.6660,1.0000,53.1136,1.3565,0.3175,16.6744,16.6520,15.1667,0.0012,-1.0000
16.6669,1.0000,53.1303,1.3916,0.3189,16.6884,16.6223,15.4146,0.0012,-1.0000
16.6672,1.0000,53.1470,1.2907,0.3221,16.5842,16.6993,15.4539,0.0012,-1.0000
16.6676,1.0000,53.1638,1.2860,0.3553,16.7401,16.7419,15.2511,0.0010,-1.0000
16.6651,1.0000,53.1803,1.4839,0.3078,16.6620,16.5374,15.2996,0.0012,-1.0000
16.6687,1.0000,53.1973,1.2064,0.2828,16.6317,16.7522,15.4494,0.0010,-1.0000
16.6657,1.0000,53.2136,1.2441,0.3459,16.7077,16.6119,14.3872,0.0014,-1.0000
16.6659,1.0000,53.2303,1.4898,0.3305,16.7521,16.5970,15.3585,0.0011,-1.0000
16.6688,1.0000,53.2472,1.2367,0.2803,16.5465,16.8050,15.3728,0.0011,-1.0000
16.6663,1.0000,53.2638,1.3016,0.6455,16.7627,16.6382,15.1184,0.0010,-1.0000
16.6659,1.0000,53.2803,2.2235,0.3014,16.6233,16.5274,15.2091,0.0014,-1.0000
16.6681,1.0000,53.2972,1.2375,0.3108,16.6053,16.8977,15.3899,0.0011,-1.0000
16.6660,1.0000,53.3136,1.4310,0.3859,16.8155,16.4203,15.1537,0.0009,-1.0000
16.6652,1.0000,53.3302,1.5185,0.3573,16.6485,16.6138,15.2950,0.0012,-1.0000
16.6681,1.0000,53.3470,1.3169,0.3209,16.5375,16.6706,15.5203,0.0012,-1.0000
16.6667,1.0000,53.3636,1.5067,0.3800,16.9073,16.6538,15.3578,0.0012,-1.0000
16.6667,1.0000,53.3803,1.2652,0.3156,16.4302,16.6615,15.4148,0.0011,-1.0000
16.6677,1.0000,53.3970,1.3176,0.3020,16.6218,16.6634,15.4195,0.0014,-1.0000
16.6666,1.0000,53.4135,1.1489,0.3634,16.6788,16.6496,15.2279,0.0012,-1.0000
16.6674,1.0000,53.4304,1.2947,0.3403,16.6629,16.6975,15.3987,0.0013,-1.0000
16.6666,1.0000,53.4470,1.2454,0.3971,16.6703,16.7138,15.2414,0.0012,-1.0000
16.6656,1.0000,53.4637,1.2425,0.3461,16.6750,16.6290,15.2409,0.0014,-1.0000
16.6662,1.0000,53.4803,1.4202,0.3222,16.6602,16.6305,15.3761,0.0011,-1.0000
16.6695,1.0000,53.4971,1.2974,0.3125,16.7078,16.6817,15.2986,0.0011,-1.0000
16.6643,1.0000,53.5136,1.4711,0.3912,16.7233,16.6838,14.7714,0.0017,-1.0000
16.6671,1.0000,53.5303,1.3869,0.3046,16.6372,16.5989,15.3458,0.0011,-1.0000
16.6683,1.0000,53.5470,1.2535,0.3103,16.6385,16.6939,15.4696,0.0010,-1.0000
16.6640,1.0000,53.5637,1.3820,0.4102,16.6902,16.6730,15.0640,0.0012,-1.0000
16.6657,1.0000,53.5802,1.9105,0.3086,16.6934,16.5666,15.2975,0.0011,-1.0000
16.6699,1.0000,53.5970,1.2521,0.3046,16.6069,16.6738,15.5134,0.0015,-1.0000
16.6689,1.0000,53.6135,1.2227,0.4201,16.7031,16.6577,15.4108,0.0016,-1.0000
16.6638,1.0000,53.6303,1.6080,0.3167,16.6823,16.6521,15.3822,0.0014,-1.0000
16.6673,1.0000,53.6470,1.2679,0.3112,16.5735,16.6565,15.4233,0.0011,-1.0000
16.6662,1.0000,53.6636,1.1591,0.3441,16.6822,16.6626,15.2469,0.0010,-1.0000
16.6666,1.0000,53.6803,1.2452,0.3427,16.6670,16.6987,15.3202,0.0014,-1.0000
16.6683,1.0000,53.6970,1.2685,0.3174,16.6604,16.6209,15.4035,0.0011,-1.0000
16.6648,1.0000,53.7135,1.2320,0.3158,16.6648,16.6431,14.9169,0.0014,-1.0000
16.6683,1.0000,53.7304,1.4144,0.3886,16.6714,16.6786,15.6209,0.0009,-1.0000
16.6680,1.0000,53.7470,1.3771,0.3168,16.7084,16.6537,15.3094,0.0012,-1.0000
16.6642,1.0000,53.7636,1.2160,0.4398,16.6299,16.6490,15.1630,0.0016,-1.0000
16.6672,1.0000,53.7802,1.7247,0.3252,16.6520,16.6556,15.3897,0.0013,-1.0000
16.6691,1.0000,53.7970,1.0565,0.3275,16.6876,16.6760,15.4622,0.0012,-1.0000
16.6634,1.0000,53.8136,1.3431,0.5003,16.6637,16.6357,15.1921,0.0012,-1.0000
16.6683,1.0000,53.8303,1.4848,0.3542,16.6572,16.6674,15.3958,0.0011,-1.0000
16.6693,1.0000,53.8471,1.2644,0.3050,16.6639,16.6623,15.4211,0.0011,-1.0000
16.6618,1.0000,53.8636,1.2126,0.3471,16.6866,16.6401,15.0592,0.0014,-1.0000
16.6696,1.0000,53.8804,1.4421,0.3358,16.6460,16.6722,15.5012,0.0011,-1.0000
16.6665,1.0000,53.8970,1.2703,0.3334,16.6754,16.6483,15.0338,0.0020,-1.0000
16.6646,1.0000,53.9134,1.2398,0.3364,16.6722,16.6489,15.3659,0.0012,-1.0000
16.6679,1.0000,53.9302,1.5799,0.3263,16.6485,16.6623,15.5839,0.0011,-1.0000
16.6677,1.0000,53.9470,1.1698,0.3402,16.6826,16.6711,15.4875,0.0010,-1.0000
16.6652,1.0000,53.9636,1.6127,0.3078,16.6587,16.6899,15.2140,0.0013,-1.0000
16.6665,1.0000,53.9803,1.2819,0.3146,16.6569,16.6368,15.3815,0.0012,-1.0000
16.6700,1.0000,53.9971,1.0773,0.3118,16.6695,16.6561,15.3981,0.0012,-1.0000
16.6653,1.0000,54.0135,1.1824,0.4170,16.6813,16.6931,15.1051,0.0017,-1.0000
16.6661,1.0000,54.0302,1.4747,0.3494,16.6984,16.6065,15.4605,0.0012,-1.0000
16.6673,1.0000,54.0470,1.2543,0.2774,16.6440,16.6616,15.4557,0.0011,-1.0000
16.6670,1.0000,54.0637,1.2570,0.3206,16.6665,16.7110,15.1974,0.0013,-1.0000
16.6657,1.0000,54.0802,1.5866,0.3295,16.7030,16.5993,15.2212,0.0014,-1.0000
16.6691,1.0000,54.0971,1.1446,0.3728,16.6147,16.6805,15.5082,0.0011,-1.0000
16.6659,1.0000,54.1135,1.2047,0.3947,16.6699,16.6428,14.7280,0.0013,-1.0000
16.6666,1.0000,54.1303,1.5121,0.3884,16.7196,16.7096,15.4771,0.0011,-1.0000
16.6696,1.0000,54.1473,1.3766,0.3066,16.6069,16.7807,15.3858,0.0011,-1.0000
16.6635,1.0000,54.1637,1.1712,0.3642,16.6917,16.5352,14.5500,0.0016,-1.0000
16.6675,1.0000,54.1803,1.9131,0.3411,16.6527,16.6558,15.2428,0.0011,-1.0000
16.6674,1.0000,54.1971,1.2314,0.3478,16.7187,16.7026,15.3693,0.0014,-1.0000
16.6657,1.0000,54.2136,1.3939,0.3971,16.7917,16.7004,15.2163,0.0011,-1.0000
16.6672,1.0000,54.2304,1.9836,0.3193,16.5448,16.5474,15.4257,0.0014,-1.0000
16.6677,1.0000,54.2473,1.4119,0.3559,16.6649,16.9393,15.2280,0.0013,-1.0000
16.6669,1.0000,54.2637,1.3318,0.3485,16.7121,16.3893,14.9168,0.0011,-1.0000
16.6649,1.0000,54.2803,1.4831,0.3755,16.7099,16.6564,15.2863,0.0015,-1.0000
16.6679,1.0000,54.2972,1.1200,0.3299,16.5566,16.8406,15.4139,0.0011,-1.0000
16.6664,1.0000,54.3136,1.7099,0.3242,16.9517,16.4244,15.0692,0.0010,-1.0000
16.6658,1.0000,54.3303,1.4712,0.3621,16.3991,16.7174,15.4531,0.0012,-1.0000
16.6691,1.0000,54.3471,1.3687,0.3147,16.6671,16.6807,15.4111,0.0010,-1.0000
16.6662,1.0000,54.3637,1.4255,0.3766,16.8494,16.6312,15.0776,0.0015,-1.0000
16.6652,1.0000,54.3803,1.3540,0.3047,16.4338,16.6678,15.3533,0.0011,-1.0000
16.6684,1.0000,54.3971,1.2630,0.3070,16.7254,16.6570,15.3849,0.0012,-1.0000
16.6654,1.0000,54.4135,1.2683,0.3001,16.6908,16.6238,15.1808,0.0012,-1.0000
16.6675,1.0000,54.4303,1.5518,0.3778,16.6418,16.6888,15.5406,0.0011,-1.0000
16.6669,1.0000,54.4470,1.3137,0.3438,16.6766,16.6784,15.3160,0.0014,-1.0000
16.6666,1.0000,54.4637,1.2711,0.3314,16.6662,16.6015,15.1770,0.0011,-1.0000
16.6655,1.0000,54.4803,1.4416,0.3180,16.6346,16.6520,15.3160,0.0017,-1.0000
16.6675,1.0000,54.4971,1.1470,0.3315,16.6974,16.7927,15.4062,0.0011,-1.0000
16.6674,1.0000,54.5138,1.3610,0.3412,16.6886,16.5871,15.2674,0.0013,-1.0000
16.6664,1.0000,54.5303,1.4232,0.3925,16.6105,16.5961,14.8230,0.0012,-1.0000
16.6663,1.0000,54.5470,1.3343,0.3545,16.6612,16.6668,15.4027,0.0011,-1.0000
16.6681,1.0000,54.5637,1.3853,0.3470,16.8017,16.6200,15.3474,0.0013,-1.0000
16.6658,1.0000,54.5803,1.3186,0.3224,16.5971,16.6516,15.2310,0.0013,-1.0000
16.6672,1.0000,54.5970,1.7716,0.3552,16.6058,16.6602,15.4182,0.0012,-1.0000
16.6678,1.0000,54.6135,1.2625,0.3206,16.6763,16.6593,15.3471,0.0014,-1.0000
16.6660,1.0000,54.6303,1.2712,0.3359,16.6295,16.6514,15.3011,0.0010,-1.0000
16.6645,1.0000,54.6470,1.4191,0.3354,16.6607,16.6523,15.2213,0.0012,-1.0000
16.6688,1.0000,54.6638,1.2406,0.3352,16.6708,16.6946,15.3554,0.0013,-1.0000
16.6672,1.0000,54.6803,1.3104,0.3483,16.6696,16.6200,15.1830,0.0012,-1.0000
16.6644,1.0000,54.6969,1.3490,0.3492,16.6615,16.6563,15.3947,0.0013,-1.0000
16.6682,1.0000,54.7135,1.4297,0.3478,16.6620,16.6425,15.4820,0.0013,-1.0000
16.6675,1.0000,54.7303,1.3376,0.3657,16.7057,16.6591,15.3761,0.0012,-1.0000
16.6646,1.0000,54.7470,1.4356,0.3761,16.6301,16.6521,15.3768,0.0012,-1.0000
16.6675,1.0000,54.7636,1.2600,0.3371,16.6640,16.6592,15.4047,0.0012,-1.0000
16.6681,1.0000,54.7803,1.1593,0.3290,16.6511,16.6608,15.4351,0.0013,-1.0000
16.6660,1.0000,54.7969,1.2817,0.2932,16.6683,16.6545,15.2621,0.0015,-1.0000
16.6669,1.0000,54.8136,1.2741,0.2922,16.6616,16.6616,15.4933,0.0011,-1.0000
16.6671,1.0000,54.8303,1.2532,0.3548,16.6680,16.6563,15.2587,0.0015,-1.0000
16.6675,1.0000,54.8469,1.2243,0.3253,16.6693,16.6763,15.3322,0.0013,-1.0000
16.6654,1.0000,54.8636,1.3906,0.3402,16.6639,16.6342,15.3946,0.0010,-1.0000
16.6673,1.0000,54.8803,1.1670,0.3238,16.6714,16.6595,15.2898,0.0014,-1.0000
16.6667,1.0000,54.8970,1.3961,0.3924,16.6669,16.6551,15.3384,0.0013,-1.0000
16.6670,1.0000,54.9135,1.3424,0.3869,16.6857,16.6583,15.1535,0.0012,-1.0000
16.6666,1.0000,54.9303,1.2387,0.3590,16.6438,16.6754,15.4172,0.0011,-1.0000
16.6664,1.0000,54.9469,1.3681,0.3486,16.6702,16.6407,15.3442,0.0013,-1.0000
16.6674,1.0000,54.9636,1.3152,0.3803,16.6658,16.6576,15.3842,0.0011,-1.0000
16.6664,1.0000,54.9803,1.5034,0.3228,16.6681,16.6594,15.3290,0.0013,-1.0000
16.6669,1.0000,54.9970,1.2570,0.3733,16.6833,16.6571,15.3352,0.0013,-1.0000
16.6650,1.0000,55.0135,1.2950,0.3788,16.6490,16.6492,15.2570,0.0014,-1.0000
16.6685,1.0000,55.0303,1.2722,0.3704,16.6663,16.6637,15.5473,0.0010,-1.0000
16.6980,1.0000,55.0470,1.3290,0.3234,16.6688,16.6957,15.4589,0.0018,-1.0000
16.6650,1.0000,55.0637,1.3208,0.2938,16.6670,16.6495,15.2170,0.0014,-1.0000
16.6678,1.0000,55.0803,1.3905,0.3033,16.6578,16.6642,15.1206,0.0013,-1.0000
16.7441,1.0000,55.0971,1.1148,0.2947,16.6716,16.7326,15.2771,0.0012,-1.0000
16.6650,1.0000,55.1136,1.2350,0.3567,16.7052,16.6474,15.0605,0.0014,-1.0000
16.6659,1.0000,55.1303,1.4310,0.4149,16.6599,16.6557,15.5277,0.0010,-1.0000
16.6675,1.0000,55.1471,1.5423,0.4240,16.6743,16.6630,15.5006,0.0009,-1.0000
16.6670,1.0000,55.1638,1.4541,0.4091,16.7437,16.7493,15.0853,0.0012,-1.0000
16.6663,1.0000,55.1803,1.5854,0.3153,16.6573,16.5623,15.2764,0.0014,-1.0000
16.6686,1.0000,55.1972,1.1266,0.3114,16.6634,16.6657,15.4463,0.0014,-1.0000
16.6656,1.0000,55.2136,1.1613,0.4221,16.6729,16.6488,15.1150,0.0013,-1.0000
16.6649,1.0000,55.2305,1.6627,0.3715,16.7591,16.6544,15.5600,0.0012,-1.0000
16.6681,1.0000,55.2470,1.2842,0.3241,16.5715,16.6633,15.3134,0.0014,-1.0000
16.6674,1.0000,55.2637,1.2177,0.3703,16.6758,16.6579,15.2237,0.0013,-1.0000
16.6664,1.0000,55.2804,1.5323,0.3081,16.6586,16.6549,15.4365,0.0013,-1.0000
16.6663,1.0000,55.2970,1.0930,0.3249,16.6627,16.6562,15.3750,0.0011,-1.0000
16.6676,1.0000,55.3138,1.3485,0.3983,16.6717,16.6612,15.4315,0.0012,-1.0000
16.6655,1.0000,55.3303,1.4328,0.3483,16.6676,16.6530,15.1553,0.0012,-1.0000
16.6658,1.0000,55.3470,1.2171,0.3247,16.6643,16.6540,15.4272,0.0010,-1.0000
16.6684,1.0000,55.3637,1.2799,0.3693,16.6649,16.6632,15.5159,0.0010,-1.0000
16.6662,1.0000,55.3804,1.2284,0.3679,16.6713,16.6576,15.3378,0.0012,-1.0000
16.6665,1.0000,55.3971,1.4962,0.3216,16.6631,16.6583,15.4234,0.0013,-1.0000
16.6673,1.0000,55.4136,1.2253,0.2993,16.6625,16.6574,15.3443,0.0013,-1.0000
16.6668,1.0000,55.4304,1.1462,0.3502,16.6716,16.6573,15.2563,0.0012,-1.0000
16.6664,1.0000,55.4470,1.3184,0.4010,16.6659,16.6601,15.3618,0.0016,-1.0000
16.6672,1.0000,55.4638,1.2336,0.3510,16.6671,16.7048,15.3376,0.0012,-1.0000
16.6667,1.0000,55.4805,1.3117,0.3715,16.6685,16.6065,14.8716,0.0012,-1.0000
16.6664,1.0000,55.4971,1.3997,0.3583,16.6665,16.6572,15.3106,0.0014,-1.0000
16.6667,1.0000,55.5136,1.2966,0.3443,16.6701,16.5590,15.3083,0.0013,-1.0000
16.6707,1.0000,55.5305,1.3660,0.3570,16.7155,16.6673,15.2686,0.0012,-1.0000
16.6637,1.0000,55.5471,1.7337,0.3833,16.6177,16.6450,14.9308,0.0021,-1.0000
16.6661,1.0000,55.5638,1.3449,0.3280,16.7634,16.6576,15.3086,0.0013,-1.0000
17.0976,1.0000,55.5811,1.2493,0.4329,16.5687,17.1530,15.6327,0.0011,-1.0000
16.6658,1.0000,55.5974,1.3974,0.5231,16.6784,16.5430,15.0491,0.0010,-1.0000
16.6671,1.0000,55.6140,1.7122,0.3903,16.6549,16.6545,15.4269,0.0013,-1.0000
16.6667,1.0000,55.6308,1.3476,0.3333,16.6665,16.6583,15.5541,0.0011,-1.0000
16.6664,1.0000,55.6475,1.5189,0.3799,17.1652,16.6543,15.2234,0.0014,-1.0000
16.6684,1.0000,55.6641,1.4926,0.3307,16.6002,16.6613,15.4302,0.0014,-1.0000
16.6656,1.0000,55.6808,1.2261,0.3685,16.6632,16.6534,15.3492,0.0015,-1.0000
16.6661,1.0000,55.6975,1.1028,0.3301,16.6698,16.6577,15.4585,0.0012,-1.0000
16.6670,1.0000,55.7140,1.4293,0.3100,16.6640,16.6605,15.3643,0.0011,-1.0000
16.6668,1.0000,55.7309,1.2296,0.3460,16.6705,16.6584,15.5503,0.0009,-1.0000
16.6690,1.0000,55.7475,1.3025,0.4469,16.6629,16.6591,15.2593,0.0012,-1.0000
16.6648,1.0000,55.7643,1.1977,0.4359,16.6673,16.6524,15.3145,0.0016,-1.0000
16.6656,1.0000,55.7808,1.2950,0.3345,16.6689,16.6501,15.2348,0.0013,-1.0000
16.6679,1.0000,55.7975,1.1071,0.3211,16.6681,16.6642,15.3992,0.0012,-1.0000
16.6659,1.0000,55.8141,1.3984,0.3720,16.6707,16.6517,14.5517,0.0012,-1.0000
16.6670,1.0000,55.8308,1.3364,0.4569,16.6640,16.6585,15.4937,0.0012,-1.0000
16.6700,1.0000,55.8476,1.4140,0.3381,16.6590,16.6729,15.4254,0.0012,-1.0000
16.6659,1.0000,55.8642,1.2638,0.5878,16.6737,16.6463,15.3627,0.0011,-1.0000
16.6646,1.0000,55.8808,2.0986,0.3435,16.6609,16.6499,15.3462,0.0012,-1.0000
16.6673,1.0000,55.8977,1.1635,0.3818,16.6657,16.6615,15.4432,0.0014,-1.0000
16.6669,1.0000,55.9141,1.2462,0.3613,16.6853,16.6600,14.8382,0.0013,-1.0000
16.6657,1.0000,55.9308,1.2823,0.3547,16.6569,16.6476,15.0262,0.0014,-1.0000
16.6663,1.0000,55.9476,1.3024,0.3894,16.6593,16.6648,15.4463,0.0011,-1.0000
16.6693,1.0000,55.9642,1.2169,0.4337,16.6708,16.6593,15.0704,0.0012,-1.0000
16.6644,1.0000,55.9809,1.8205,0.4237,16.6714,16.6463,15.1492,0.0013,-1.0000
16.6669,1.0000,55.9974,1.6199,0.3246,16.6569,16.6589,15.2945,0.0012,-1.0000
16.6676,1.0000,56.0141,1.2173,0.5071,16.6742,16.6609,15.3435,0.0010,-1.0000
16.6659,1.0000,56.0308,1.5876,0.4934,16.6707,16.6529,15.3616,0.0011,-1.0000
16.6666,1.0000,56.0475,1.4961,0.3235,16.6561,16.6579,15.5190,0.0011,-1.0000
16.6686,1.0000,56.0643,1.3632,0.3200,16.6671,16.6632,15.3193,0.0012,-1.0000
16.6639,1.0000,56.0807,1.3161,0.4132,16.6699,16.6488,14.9853,0.0018,-1.0000
16.6692,1.0000,56.0975,1.2901,0.3406,16.6618,16.6681,15.4915,0.0010,-1.0000
16.6716,1.0000,56.1145,1.1376,0.3801,16.6661,16.6710,15.3037,0.0015,-1.0000
16.6608,1.0000,56.1308,1.3427,0.4136,16.6728,16.6335,14.5733,0.0020,-1.0000
16.6659,1.0000,56.1475,1.6617,0.3159,16.6577,16.6556,15.5247,0.0011,-1.0000
16.6681,1.0000,56.1641,1.1752,0.3518,16.6779,16.6664,15.3931,0.0013,-1.0000
16.6665,1.0000,56.1808,1.3657,0.4455,16.6828,16.6575,15.3535,0.0012,-1.0000
16.6659,1.0000,56.1975,2.0583,0.3203,16.6438,16.6559,15.4195,0.0011,-1.0000
16.6679,1.0000,56.2140,1.1298,0.3284,16.6625,16.6643,15.4263,0.0010,-1.0000
16.6675,1.0000,56.2309,1.2721,0.3671,16.6743,16.6593,15.4536,0.0012,-1.0000
16.6653,1.0000,56.2474,1.3028,0.3170,16.6658,16.6465,15.3714,0.0012,-1.0000
16.6662,1.0000,56.2641,1.2350,0.3372,16.6641,16.6608,15.5224,0.0011,-1.0000
16.6686,1.0000,56.2809,1.2370,0.3460,16.6733,16.6646,15.4482,0.0012,-1.0000
16.6649,1.0000,56.2975,1.2044,0.3573,16.6696,16.6464,14.7454,0.0015,-1.0000
16.6677,1.0000,56.3141,1.2739,0.3144,16.6558,16.6608,15.4419,0.0011,-1.0000
16.6688,1.0000,56.3309,1.1375,0.3890,16.6693,16.6637,15.5282,0.0011,-1.0000
16.6653,1.0000,56.3474,1.2152,0.3693,16.6750,16.6500,15.2235,0.0011,-1.0000
16.6655,1.0000,56.3641,1.8992,0.3187,16.6570,16.6566,15.4697,0.0014,-1.0000
16.6692,1.0000,56.3808,1.2178,0.3162,16.6689,16.6639,15.5154,0.0010,-1.0000
16.6654,1.0000,56.3975,1.1342,0.3466,16.6735,16.6510,15.3793,0.0015,-1.0000
16.6665,1.0000,56.4140,1.4255,0.3178,16.6594,16.6572,15.2948,0.0011,-1.0000
16.6673,1.0000,56.4308,1.1851,0.2858,16.6660,16.6644,15.4406,0.0009,-1.0000
16.6665,1.0000,56.4475,1.1473,0.3330,16.6738,16.6543,15.3081,0.0009,-1.0000
16.6668,1.0000,56.4641,1.2698,0.3389,16.6609,16.6546,15.3424,0.0011,-1.0000
16.6675,1.0000,56.4809,1.3611,0.3472,16.6661,16.6580,15.5144,0.0013,-1.0000
16.6662,1.0000,56.4974,1.2230,0.3262,16.6742,16.6549,15.0013,0.0011,-1.0000
16.6649,1.0000,56.5140,1.3451,0.3581,16.6650,16.6526,15.4785,0.0012,-1.0000
16.6688,1.0000,56.5308,1.3111,0.3436,16.6647,16.6660,15.5658,0.0009,-1.0000
16.6682,1.0000,56.5475,1.1422,0.3554,16.6679,16.6563,15.2691,0.0012,-1.0000
16.6648,1.0000,56.5642,1.6524,0.3094,16.6638,16.6484,15.3324,0.0011,-1.0000
16.6667,1.0000,56.5808,1.1730,0.3019,16.6621,16.6563,15.3683,0.0011,-1.0000
16.6684,1.0000,56.5975,1.0991,0.3690,16.6769,16.6624,15.3153,0.0013,-1.0000
16.6670,1.0000,56.6141,1.3860,0.3341,16.6687,16.6639,15.3230,0.0016,-1.0000
16.6652,1.0000,56.6308,1.3147,0.3064,16.6590,16.6522,15.2999,0.0014,-1.0000
16.6668,1.0000,56.6476,1.2868,0.3153,16.6639,16.6541,15.4644,0.0013,-1.0000
16.6664,1.0000,56.6641,1.3455,0.3462,16.6705,16.6549,15.0309,0.0021,-1.0000
16.6667,1.0000,56.6808,1.3394,0.3501,16.6744,16.6557,15.4131,0.0016,-1.0000
16.6676,1.0000,56.6975,1.3506,0.3121,16.6632,16.6604,15.4996,0.0012,-1.0000
16.6655,1.0000,56.7140,1.1883,0.8764,16.6648,16.6558,15.3713,0.0013,-1.0000
16.6660,1.0000,56.7308,1.6216,0.2957,16.6640,16.6617,15.4508,0.0011,-1.0000
16.6680,1.0000,56.7475,1.2408,0.3032,16.6638,16.6551,15.3655,0.0011,-1.0000
16.6666,1.0000,56.7641,1.1593,0.3674,16.6698,16.6587,15.4147,0.0012,-1.0000
16.6677,1.0000,56.7808,1.2834,0.2883,16.6647,16.6614,15.4843,0.0013,-1.0000
16.6653,1.0000,56.7974,1.2103,0.3070,16.6699,16.6514,15.3199,0.0014,-1.0000
16.6688,1.0000,56.8142,1.2884,0.3327,16.6640,16.6626,15.4298,0.0012,-1.0000
16.6651,1.0000,56.8308,1.2426,0.3176,16.6672,16.6530,15.0965,0.0012,-1.0000
16.6670,1.0000,56.8475,1.1757,0.3787,16.6717,16.6642,15.4351,0.0012,-1.0000
16.6702,1.0000,56.8642,1.3301,0.3609,16.6603,16.6668,15.2840,0.0012,-1.0000
16.6635,1.0000,56.8808,1.2316,0.3604,16.6706,16.6408,15.1556,0.0012,-1.0000
16.6683,1.0000,56.8976,1.5552,0.3112,16.6615,16.6656,15.5085,0.0012,-1.0000
16.6668,1.0000,56.9141,1.2280,0.3420,16.6731,16.6563,15.2780,0.0016,-1.0000
16.6663,1.0000,56.9308,1.3815,0.3600,16.6776,16.6526,15.4270,0.0014,-1.0000
16.6678,1.0000,56.9475,1.4837,0.3456,16.6501,16.6644,15.3846,0.0013,-1.0000
16.6669,1.0000,56.9642,1.1558,0.3802,16.6755,16.6537,15.1892,0.0012,-1.0000
16.6654,1.0000,56.9809,1.3767,0.3576,16.6670,16.6511,15.0553,0.0017,-1.0000
16.6667,1.0000,56.9974,1.2240,0.3229,16.6629,16.6571,15.3479,0.0012,-1.0000
16.6689,1.0000,57.0141,1.2783,0.3994,16.6745,16.6697,15.3782,0.0011,-1.0000
16.6648,1.0000,57.0308,1.4635,0.4074,16.6630,16.6447,15.1514,0.0012,-1.0000
16.6658,1.0000,57.0474,1.5941,0.3397,16.6616,16.6567,15.4808,0.0011,-1.0000
16.6688,1.0000,57.0642,1.3079,0.3534,16.6655,16.6635,15.3691,0.0009,-1.0000
16.6658,1.0000,57.0808,1.2901,0.3501,16.6808,16.6540,15.2265,0.0011,-1.0000
16.6657,1.0000,57.0975,1.4920,0.3367,16.6548,16.6542,15.3859,0.0012,-1.0000
16.6680,1.0000,57.1141,1.1745,0.3583,16.6646,16.6638,15.3855,0.0010,-1.0000
16.6665,1.0000,57.1308,1.2932,0.3678,16.6724,16.6580,15.3776,0.0012,-1.0000
16.6667,1.0000,57.1482,1.4263,0.3476,16.6635,16.6558,15.5238,0.0010,-1.0000
16.6666,1.0000,57.1641,1.2670,0.3370,16.6628,16.6579,10.1804,0.0016,-1.0000
16.6668,1.0000,57.1807,1.2773,0.3894,16.6718,16.6592,15.5056,0.0009,-1.0000
16.6662,1.0000,57.1974,1.2790,0.3142,16.6666,16.6573,15.4145,0.0009,-1.0000
16.6677,1.0000,57.2140,1.1310,0.5228,16.6647,16.6612,15.5716,0.0011,-1.0000
16.6670,1.0000,57.2308,6.4764,0.3450,16.6666,16.6560,15.4990,0.0013,-1.0000
16.6652,1.0000,57.2474,1.1526,0.3698,16.6675,16.6526,15.4526,0.0011,-1.0000
16.6682,1.0000,57.2640,1.2420,0.3318,16.6662,16.6645,15.5552,0.0009,-1.0000
16.6670,1.0000,57.2807,1.0886,0.3990,16.6707,16.6619,15.5564,0.0009,-1.0000
16.6659,1.0000,57.2974,1.1557,0.2980,16.6649,16.6529,15.4694,0.0010,-1.0000
16.6684,1.0000,57.3141,1.1987,0.3100,16.6599,16.6650,15.4981,0.0010,-1.0000
16.6665,1.0000,57.3307,1.1083,0.3068,16.6721,16.6551,14.9560,0.0013,-1.0000
16.6635,1.0000,57.3473,1.1046,0.3481,16.6699,16.6449,15.4504,0.0012,-1.0000
16.6693,1.0000,57.3641,1.1821,0.3579,16.6618,16.6686,15.6362,0.0009,-1.0000
16.6678,1.0000,57.3808,1.1659,0.3801,16.6764,16.6604,15.2975,0.0013,-1.0000
16.6652,1.0000,57.3975,1.6975,0.3041,16.6660,16.6530,15.2024,0.0012,-1.0000
16.6672,1.0000,57.4141,1.1935,0.3032,16.6522,16.6642,15.4429,0.0012,-1.0000
16.6666,1.0000,57.4309,1.0312,0.2931,16.6764,16.6491,15.3519,0.0013,-1.0000
16.6666,1.0000,57.4475,1.3611,0.4169,16.6692,16.6573,15.0176,0.0012,-1.0000
16.6686,1.0000,57.4642,1.4494,0.3113,16.6627,16.6674,15.3948,0.0012,-1.0000
16.6656,1.0000,57.4808,1.2202,0.4135,16.6746,16.6498,15.3216,0.0011,-1.0000
16.6658,1.0000,57.4975,1.2961,0.3119,16.6584,16.6561,15.2136,0.0011,-1.0000
16.9351,1.0000,57.5143,1.6383,0.3998,16.6653,16.9250,15.7402,0.0012,-1.0000
16.6669,1.0000,57.5311,1.2714,0.3625,16.6777,16.6647,14.7621,0.0017,-1.0000
16.6651,1.0000,57.5477,1.3271,0.3616,16.6589,16.6439,14.9104,0.0013,-1.0000
16.6686,1.0000,57.5646,1.4415,0.3325,16.6646,16.6672,15.4302,0.0014,-1.0000
16.6671,1.0000,57.5811,1.1832,0.3346,16.9334,16.6565,15.0724,0.0014,-1.0000
16.6647,1.0000,57.5977,1.9010,0.3286,16.6745,16.6498,15.4602,0.0012,-1.0000
16.6680,1.0000,57.6143,1.7320,0.3099,16.6541,16.6655,15.4872,0.0011,-1.0000
16.6684,1.0000,57.6311,1.2355,0.3512,16.6760,16.6640,15.5285,0.0010,-1.0000
16.6627,1.0000,57.6478,1.5827,0.2923,16.6670,16.6414,15.3637,0.0012,-1.0000
16.6685,1.0000,57.6644,1.1883,0.2956,16.6580,16.6662,15.4424,0.0012,-1.0000
16.6681,1.0000,57.6810,1.1771,0.3398,16.6733,16.6630,14.9540,0.0011,-1.0000
16.6637,1.0000,57.6977,1.1341,0.3258,16.6742,16.6484,15.4971,0.0011,-1.0000
16.6697,1.0000,57.7144,1.2766,0.2990,16.6492,16.6725,15.5401,0.0009,-1.0000
16.6662,1.0000,57.7311,1.2225,0.5018,16.6737,16.6494,15.2395,0.0010,-1.0000
16.6651,1.0000,57.7477,1.7078,0.3733,16.6708,16.6530,15.3773,0.0013,-1.0000
16.6684,1.0000,57.7644,1.1506,0.2997,16.6565,16.6630,15.5283,0.0011,-1.0000
16.6670,1.0000,57.7811,1.1313,0.3017,16.6831,16.6617,15.3517,0.0012,-1.0000
16.6666,1.0000,57.7977,1.4087,0.3058,16.6597,16.6534,15.4936,0.0013,-1.0000
16.6674,1.0000,57.8144,1.2744,0.2845,16.6608,16.6659,15.2980,0.0011,-1.0000
16.6661,1.0000,57.8311,1.1334,0.3564,16.6707,16.6520,15.3283,0.0012,-1.0000
16.6665,1.0000,57.8477,1.3087,0.3252,16.6705,16.6556,15.4823,0.0012,-1.0000
16.6682,1.0000,57.8644,1.1583,0.3677,16.6625,16.6644,15.5060,0.0010,-1.0000
16.6660,1.0000,57.8811,1.3670,0.3924,16.6744,16.6533,15.3579,0.0013,-1.0000
16.6656,1.0000,57.8978,1.3224,0.3060,16.6619,16.6534,15.4732,0.0012,-1.0000
16.6685,1.0000,57.9143,1.1717,0.3117,16.6648,16.6650,15.2001,0.0012,-1.0000
16.6663,1.0000,57.9311,1.1572,0.3082,16.6746,16.6562,15.5515,0.0012,-1.0000
16.6652,1.0000,57.9477,1.2941,0.3081,16.6619,16.6546,15.4007,0.0012,-1.0000
16.6691,1.0000,57.9644,1.1788,0.3697,16.6613,16.6666,15.3731,0.0012,-1.0000
16.6661,1.0000,57.9811,1.4634,0.2948,16.6734,16.6505,15.4065,0.0012,-1.0000
16.6659,1.0000,57.9977,1.1034,0.2978,16.6645,16.6573,15.3511,0.0011,-1.0000
16.6685,1.0000,58.0143,1.2527,0.2985,16.6624,16.6623,15.4809,0.0010,-1.0000
16.6658,1.0000,58.0311,1.2919,0.2866,16.6784,16.6517,15.4750,0.0013,-1.0000
16.6658,1.0000,58.0477,1.2427,0.3016,16.6600,16.6520,15.4846,0.0010,-1.0000
16.6691,1.0000,58.0646,1.3049,0.3169,16.6671,16.6708,15.5417,0.0012,-1.0000
16.6660,1.0000,58.0811,1.1801,0.3271,16.6728,16.6504,15.1936,0.0012,-1.0000
16.6657,1.0000,58.0977,1.1753,0.2968,16.6615,16.6544,15.4234,0.0011,-1.0000
16.6675,1.0000,58.1143,1.1665,0.2810,16.6607,16.6627,15.4478,0.0014,-1.0000
16.6663,1.0000,58.1311,1.1277,0.3182,16.6817,16.6569,15.5164,0.0011,-1.0000
16.6654,1.0000,58.1477,1.4554,0.2959,16.6595,16.6490,15.4900,0.0011,-1.0000
16.6680,1.0000,58.1645,1.2296,0.3246,16.6627,16.6677,15.4684,0.0009,-1.0000
16.6692,1.0000,58.1811,1.2131,0.3487,16.6710,16.6673,15.3881,0.0012,-1.0000
16.6640,1.0000,58.1977,1.1394,0.3454,16.6658,16.6408,15.4673,0.0011,-1.0000
16.6676,1.0000,58.2143,1.1578,0.3057,16.6571,16.6632,15.4449,0.0012,-1.0000
16.6668,1.0000,58.2311,1.1981,0.3421,16.6765,16.6532,15.3915,0.0010,-1.0000
16.6659,1.0000,58.2477,1.2774,0.2966,16.6792,16.6550,15.3662,0.0013,-1.0000
16.6675,1.0000,58.2644,1.1722,0.3735,16.6503,16.6645,15.5446,0.0011,-1.0000
16.6663,1.0000,58.2811,1.2170,0.3902,16.6728,16.6555,15.2372,0.0011,-1.0000
16.6671,1.0000,58.2977,1.2606,0.3281,16.6628,16.6569,15.4110,0.0011,-1.0000
16.6675,1.0000,58.3144,1.2873,0.3070,16.6634,16.6629,15.4266,0.0014,-1.0000
16.6660,1.0000,58.3311,1.1186,0.5076,16.6732,16.6518,15.1635,0.0013,-1.0000
16.6669,1.0000,58.3477,1.4173,0.3523,16.6638,16.6595,15.4194,0.0012,-1.0000
16.6687,1.0000,58.3645,1.2447,0.3465,16.6652,16.6700,15.4307,0.0013,-1.0000
16.6645,1.0000,58.3810,1.2350,0.4901,16.6743,16.6396,15.1198,0.0010,-1.0000
16.6660,1.0000,58.3978,1.4871,0.3185,16.6611,16.6553,15.4495,0.0014,-1.0000
16.6696,1.0000,58.4144,1.2387,0.3039,16.6678,16.6730,15.3609,0.0012,-1.0000
16.6660,1.0000,58.4311,1.2379,0.3928,16.6817,16.6475,15.1414,0.0016,-1.0000
16.6646,1.0000,58.4477,1.5186,0.3176,16.6491,16.6504,15.4319,0.0012,-1.0000
16.6685,1.0000,58.4645,1.2043,0.3211,16.6624,16.7209,15.5781,0.0010,-1.0000
16.6662,1.0000,58.4811,1.3107,0.3641,16.6837,16.6007,15.2592,0.0013,-1.0000
16.6664,1.0000,58.4977,1.5043,0.3151,16.6579,16.6598,15.4250,0.0016,-1.0000
16.6684,1.0000,58.5143,1.2172,0.3082,16.6579,16.6604,15.4671,0.0016,-1.0000
16.6660,1.0000,58.5311,1.1418,0.3596,16.7279,16.6548,15.3132,0.0011,-1.0000
16.6642,1.0000,58.5477,1.3401,0.3146,16.6094,16.6531,15.4676,0.0010,-1.0000
16.6707,1.0000,58.5646,1.2328,0.3520,16.6686,16.6760,15.5297,0.0012,-1.0000
16.6657,1.0000,58.5811,1.1916,0.4015,16.6691,16.6482,15.0220,0.0013,-1.0000
16.6639,1.0000,58.5977,1.3405,0.4290,16.6635,16.6484,15.3593,0.0012,-1.0000
16.9152,1.0000,58.6147,1.1844,0.3458,16.6601,16.9187,15.7669,0.0011,-1.0000
16.6658,1.0000,58.6312,1.1450,0.3695,16.6854,16.6510,14.4221,0.0015,-1.0000
16.6654,1.0000,58.6480,1.6248,0.3182,16.6597,16.6528,15.5060,0.0011,-1.0000
16.6685,1.0000,58.6646,1.2880,0.3059,16.6563,16.6622,15.3785,0.0010,-1.0000
16.6654,1.0000,58.6813,1.1501,0.4249,16.9272,16.6546,15.2902,0.0014,-1.0000
16.6664,1.0000,58.6980,2.2274,0.3464,16.6616,16.6599,15.4686,0.0013,-1.0000
16.6686,1.0000,58.7147,1.1456,0.3076,16.6612,16.6606,15.4162,0.0011,-1.0000
16.6660,1.0000,58.7313,1.2825,0.3560,16.6710,16.6507,15.1929,0.0012,-1.0000
16.6657,1.0000,58.7480,1.3632,0.3275,16.6637,16.6564,15.3624,0.0010,-1.0000
16.6688,1.0000,58.7650,1.1900,0.3544,16.6683,16.7227,15.4966,0.0011,-1.0000
16.6667,1.0000,58.7813,1.2432,0.3801,16.6715,16.5962,15.1701,0.0013,-1.0000
16.6655,1.0000,58.7980,1.4562,0.3356,16.6608,16.6561,15.4281,0.0013,-1.0000
16.6682,1.0000,58.8148,1.2928,0.3577,16.6651,16.6639,15.3948,0.0012,-1.0000
16.6668,1.0000,58.8312,1.2250,0.3239,16.7312,16.6576,15.1207,0.0012,-1.0000
16.6661,1.0000,58.8480,1.4245,0.3106,16.6045,16.6567,15.5528,0.0012,-1.0000
16.6676,1.0000,58.8648,1.2265,0.3813,16.6638,16.6579,15.3998,0.0011,-1.0000
16.6661,1.0000,58.8813,1.2679,0.3896,16.6720,16.6541,15.2361,0.0013,-1.0000
16.6652,1.0000,58.8980,1.5355,0.3102,16.6666,16.6559,15.4170,0.0015,-1.0000
16.6696,1.0000,58.9147,1.1025,0.3520,16.6667,16.6684,15.3777,0.0012,-1.0000
16.6650,1.0000,58.9312,1.2568,0.3603,16.6680,16.6497,15.1963,0.0016,-1.0000
16.6677,1.0000,58.9480,1.4164,0.3306,16.6626,16.6594,15.5903,0.0010,-1.0000
16.6669,1.0000,58.9648,1.2377,0.3054,16.6645,16.6643,15.3999,0.0014,-1.0000
16.6642,1.0000,58.9814,1.2889,0.4595,16.6773,16.6477,15.0799,0.0014,-1.0000
16.6689,1.0000,58.9981,1.4515,0.3198,16.6578,16.7182,15.4019,0.0014,-1.0000
16.6675,1.0000,59.0147,1.0680,0.3173,16.6678,16.6092,15.0818,0.0011,-1.0000
16.6642,1.0000,59.0312,1.2626,0.3519,16.6722,16.6479,15.4218,0.0010,-1.0000
16.6687,1.0000,59.0480,1.5666,0.3090,16.6557,16.6644,15.6163,0.0011,-1.0000
16.6670,1.0000,59.0647,1.3148,0.3313,16.7260,16.6602,14.4157,0.0012,-1.0000
16.6633,1.0000,59.0812,1.5260,0.3364,16.6188,16.6443,15.4057,0.0012,-1.0000
16.6676,1.0000,59.0980,1.2252,0.2967,16.6572,16.6652,15.6483,0.0011,-1.0000
16.6704,1.0000,59.1148,1.0472,0.4643,16.6724,16.6727,15.5005,0.0010,-1.0000
16.6633,1.0000,59.1312,2.2432,0.3456,16.6691,16.6431,15.3160,0.0014,-1.0000
16.6686,1.0000,59.1481,1.2375,0.3126,16.6532,16.6648,15.6459,0.0010,-1.0000
16.6682,1.0000,59.1647,1.0160,0.3491,16.6714,16.6622,15.3550,0.0013,-1.0000
16.6636,1.0000,59.1813,1.1711,0.2924,16.6815,16.6463,15.0796,0.0012,-1.0000
16.6684,1.0000,59.1980,1.3260,0.2825,16.6521,16.6680,15.5510,0.0011,-1.0000
16.6677,1.0000,59.2147,1.0175,0.3953,16.6723,16.6586,15.4499,0.0011,-1.0000
16.6651,1.0000,59.2313,1.3058,0.3743,16.6720,16.6464,15.2099,0.0013,-1.0000
16.6684,1.0000,59.2480,1.5656,0.2983,16.6548,16.6644,15.4815,0.0011,-1.0000
16.6679,1.0000,59.2647,1.1159,0.3063,16.6776,16.6644,15.4121,0.0011,-1.0000
16.6628,1.0000,59.2813,1.2073,0.3574,16.6692,16.6396,15.3672,0.0013,-1.0000
17.0638,1.0000,59.2985,1.4353,0.3467,16.6557,17.1409,15.8833,0.0009,-1.0000
16.5844,1.0000,59.3150,1.1817,0.3387,16.6721,16.4967,15.1643,0.0011,-1.0000
16.6642,1.0000,59.3315,1.2512,0.3425,16.6758,16.6513,15.3513,0.0013,-1.0000
16.6696,1.0000,59.3484,1.2710,0.3526,16.6481,16.6702,15.5908,0.0011,-1.0000
16.6661,1.0000,59.3650,1.2564,0.3812,17.1508,16.6523,15.1659,0.0013,-1.0000
16.6657,1.0000,59.3816,1.3312,0.3878,16.5052,16.6544,15.4630,0.0012,-1.0000
16.6648,1.0000,59.3984,1.2986,0.3393,16.6593,16.6504,15.4717,0.0010,-1.0000
16.6698,1.0000,59.4150,1.0781,0.3767,16.6805,16.6717,15.0397,0.0010,-1.0000
16.6647,1.0000,59.4315,1.4848,0.3234,16.6614,16.6487,15.3807,0.0012,-1.0000
16.6688,1.0000,59.4484,1.1900,0.3399,16.6629,16.6673,15.6174,0.0010,-1.0000
16.6665,1.0000,59.4650,1.1777,0.3509,16.6573,16.6569,15.2505,0.0014,-1.0000
16.6648,1.0000,59.4817,1.6310,0.3203,16.6807,16.6517,15.5018,0.0012,-1.0000
16.6690,1.0000,59.4983,1.2662,0.3083,16.6570,16.6673,15.4234,0.0010,-1.0000
16.6667,1.0000,59.5150,1.0489,0.3922,16.6749,16.6555,15.3868,0.0011,-1.0000
16.6655,1.0000,59.5315,1.4050,0.3582,16.6657,16.6542,15.4459,0.0014,-1.0000
16.6699,1.0000,59.5484,1.1485,0.4580,16.6594,16.6689,15.6416,0.0010,-1.0000
16.6648,1.0000,59.5650,1.2428,0.3330,16.6763,16.6476,15.1049,0.0014,-1.0000
16.6648,1.0000,59.5816,1.2676,0.3049,16.6646,16.6514,15.3829,0.0012,-1.0000
16.6692,1.0000,59.5983,1.2069,0.3764,16.6631,16.6682,15.5520,0.0010,-1.0000
16.6667,1.0000,59.6150,1.0259,0.3995,16.6789,16.6591,15.4061,0.0013,-1.0000
16.6648,1.0000,59.6315,1.5416,0.3203,16.6577,16.6508,15.3819,0.0012,-1.0000
16.6687,1.0000,59.6484,1.2670,0.2934,16.6589,16.6640,15.5664,0.0013,-1.0000
16.6662,1.0000,59.6650,1.1151,0.3560,16.6760,16.6578,15.1960,0.0013,-1.0000
16.6652,1.0000,59.6816,1.2518,0.3273,16.6684,16.6522,15.4949,0.0012,-1.0000
16.6695,1.0000,59.6984,1.2674,0.3683,16.6596,16.6807,15.5129,0.0012,-1.0000
16.6676,1.0000,59.7151,1.0961,0.3703,16.6721,16.6487,15.2807,0.0013,-1.0000
16.6635,1.0000,59.7316,1.4605,0.3022,16.6663,16.6418,15.2613,0.0014,-1.0000
16.6684,1.0000,59.7483,1.1559,0.2959,16.6593,16.6698,15.5019,0.0012,-1.0000
16.6663,1.0000,59.7650,1.1664,0.3795,16.6909,16.6522,15.3167,0.0012,-1.0000
16.6651,1.0000,59.7816,1.3667,0.3506,16.6596,16.6584,15.4758,0.0010,-1.0000
16.6673,1.0000,59.7983,1.3790,0.3011,16.6509,16.6559,15.3159,0.0012,-1.0000
16.6678,1.0000,59.8150,1.1666,0.3829,16.6792,16.6613,15.3632,0.0010,-1.0000
16.6662,1.0000,59.8315,1.3341,0.3606,16.6609,16.6575,15.2829,0.0012,-1.0000
16.6683,1.0000,59.8484,1.1816,0.3205,16.6673,16.6578,15.5053,0.0009,-1.0000
16.6656,1.0000,59.8650,1.3388,0.3161,16.6632,16.6585,15.1302,0.0017,-1.0000
16.6636,1.0000,59.8816,1.2971,0.3500,16.6689,16.6440,15.4653,0.0014,-1.0000
16.6700,1.0000,59.8984,1.3734,0.3805,16.6678,16.6749,15.5942,0.0012,-1.0000
16.6665,1.0000,59.9150,1.1515,0.3643,16.6677,16.6567,15.0884,0.0013,-1.0000
16.6652,1.0000,59.9315,1.5268,0.3445,16.6668,16.6512,15.4065,0.0009,-1.0000
16.6692,1.0000,59.9483,1.1774,0.3032,16.6509,16.6642,15.5948,0.0011,-1.0000
16.6678,1.0000,59.9651,1.0792,0.3326,16.6825,16.6651,15.2480,0.0011,-1.0000
16.6625,1.0000,59.9817,1.5670,0.4644,16.6673,16.6399,15.0735,0.0016,-1.0000
16.6697,1.0000,59.9984,1.2438,0.3099,16.6594,16.6708,15.4015,0.0013,-1.0000
16.6689,1.0000,60.0151,1.0680,0.4048,16.6731,16.6610,15.1393,0.0018,-1.0000
16.6626,1.0000,60.0315,1.4158,0.3270,16.6761,16.6438,14.9794,0.0011,-1.0000
16.6683,1.0000,60.0483,1.5648,0.3161,16.6485,16.6642,15.5051,0.0015,-1.0000
16.6678,1.0000,60.0651,1.2679,0.3337,16.6788,16.6589,15.1826,0.0012,-1.0000
16.6635,1.0000,60.0816,1.5193,0.3035,16.6710,16.6512,14.9739,0.0016,-1.0000
16.6679,1.0000,60.0983,1.6635,0.4076,16.6522,16.6607,15.5394,0.0011,-1.0000
16.6692,1.0000,60.1150,1.1574,0.9314,16.6728,16.6748,15.4511,0.0014,-1.0000
16.6665,1.0000,60.1315,1.4749,0.4845,16.6673,16.6476,15.1218,0.0012,-1.0000
16.6649,1.0000,60.1483,1.6757,0.2922,16.6588,16.6540,15.5455,0.0011,-1.0000
16.6689,1.0000,60.1651,1.1202,0.2971,16.6677,16.6702,15.3377,0.0011,-1.0000
16.6660,1.0000,60.1817,1.2223,0.4455,16.6842,16.6502,15.1530,0.0015,-1.0000
16.6651,1.0000,60.1983,1.5247,0.3287,16.6570,16.6485,15.3270,0.0013,-1.0000
16.6692,1.0000,60.2151,1.1071,0.3331,16.6619,16.6796,15.5270,0.0011,-1.0000
16.6672,1.0000,60.2317,1.3313,0.4132,16.6804,16.6436,15.1137,0.0012,-1.0000
16.6641,1.0000,60.2483,1.4957,0.3420,16.6611,16.6509,15.2901,0.0015,-1.0000
16.6688,1.0000,60.2652,1.3199,0.3034,16.6570,16.6668,15.4169,0.0012,-1.0000
16.6662,1.0000,60.2817,1.1515,0.3675,16.6905,16.6507,15.0833,0.0011,-1.0000
16.6656,1.0000,60.2983,1.5285,0.3729,16.6532,16.6552,15.3922,0.0011,-1.0000
16.6685,1.0000,60.3151,1.3591,0.3365,16.6599,16.6660,15.4746,0.0012,-1.0000
16.6656,1.0000,60.3315,1.2486,0.4224,16.6763,16.6478,15.2460,0.0013,-1.0000
16.6675,1.0000,60.3483,1.5661,0.3346,16.6608,16.6627,15.5409,0.0011,-1.0000
16.6678,1.0000,60.3650,1.2617,0.3610,16.6638,16.6567,15.2209,0.0011,-1.0000
16.6657,1.0000,60.3816,1.1901,0.3733,16.6758,16.6556,15.4909,0.0015,-1.0000
16.6652,1.0000,60.3984,1.4004,0.3856,16.6579,16.6535,15.4651,0.0011,-1.0000
16.6685,1.0000,60.4150,1.1207,0.3788,16.6714,16.6641,15.4256,0.0011,-1.0000
16.6660,1.0000,60.4316,1.4347,0.3193,16.6662,16.6576,15.2816,0.0012,-1.0000
16.6670,1.0000,60.4484,1.1632,0.4030,16.6649,16.6582,15.5516,0.0010,-1.0000
16.6670,1.0000,60.4650,1.1874,0.3136,16.6610,16.6601,15.3461,0.0014,-1.0000
16.6656,1.0000,60.4817,1.2372,0.3747,16.6719,16.6530,15.3622,0.0011,-1.0000
16.6665,1.0000,60.4983,1.3746,0.3308,16.6669,16.6551,15.3504,0.0012,-1.0000
16.6692,1.0000,60.5151,1.1057,0.3129,16.6668,16.6680,15.4462,0.0011,-1.0000
16.6654,1.0000,60.5315,1.3125,0.4198,16.6692,16.6509,15.1129,0.0013,-1.0000
16.6672,1.0000,60.5483,1.2896,0.3386,16.6623,16.6589,15.5491,0.0010,-1.0000
16.6683,1.0000,60.5651,1.3036,0.3019,16.6637,16.6637,15.4600,0.0012,-1.0000
16.6644,1.0000,60.5816,1.2202,0.4104,16.6773,16.6493,15.1303,0.0019,-1.0000
16.6665,1.0000,60.5983,1.5370,0.3638,16.6609,16.6575,15.5085,0.0012,-1.0000
16.6695,1.0000,60.6150,1.1085,0.3153,16.6666,16.6667,15.4515,0.0012,-1.0000
16.6657,1.0000,60.6315,1.2027,0.3551,16.6732,16.6540,15.3682,0.0013,-1.0000
16.6682,1.0000,60.6485,1.5170,0.2968,16.6585,16.6639,15.5659,0.0010,-1.0000
16.6648,1.0000,60.6650,1.1477,0.3516,16.6645,16.6482,15.0632,0.0013,-1.0000
16.6650,1.0000,60.6816,1.2139,0.3186,16.6744,16.6531,15.4169,0.0012,-1.0000
16.6696,1.0000,60.6986,1.2844,0.3335,16.6642,16.6701,15.4880,0.0013,-1.0000
16.6667,1.0000,60.7150,1.0969,0.3599,16.6748,16.6535,15.0639,0.0016,-1.0000
16.6655,1.0000,60.7316,1.5839,0.3130,16.6578,16.6569,15.4107,0.0011,-1.0000
16.6679,1.0000,60.7486,1.2348,0.3119,16.6607,16.6634,15.3018,0.0013,-1.0000
16.6658,1.0000,60.7649,1.1806,0.4819,16.6797,16.6481,14.7293,0.0012,-1.0000
16.6649,1.0000,60.7816,1.5877,0.4151,16.6624,16.6529,15.4994,0.0012,-1.0000
16.6691,1.0000,60.7983,1.2450,0.3551,16.6654,16.6699,15.4564,0.0013,-1.0000
16.6668,1.0000,60.8151,1.3603,0.3911,16.6739,16.6567,15.3038,0.0012,-1.0000
16.6655,1.0000,60.8315,1.9177,0.3604,16.6587,16.6541,15.2775,0.0013,-1.0000
16.6684,1.0000,60.8484,1.1525,0.3413,16.6601,16.6681,15.5906,0.0011,-1.0000
16.6654,1.0000,60.8650,1.2121,0.3737,16.6768,16.6486,15.2739,0.0012,-1.0000
16.6653,1.0000,60.8816,1.3517,0.4123,16.6654,16.6506,15.3744,0.0013,-1.0000
16.6672,1.0000,60.8984,1.3752,0.3428,16.6629,16.6629,15.4437,0.0012,-1.0000
16.6682,1.0000,60.9150,1.0761,0.4039,16.6785,16.6640,15.2809,0.0014,-1.0000
16.6654,1.0000,60.9315,1.3737,0.3126,16.6589,16.6527,15.3853,0.0012,-1.0000
16.6686,1.0000,60.9484,1.2749,0.2814,16.6579,16.6646,15.5650,0.0010,-1.0000
16.6658,1.0000,60.9650,1.2181,0.3484,16.6700,16.6551,15.1568,0.0014,-1.0000
16.6671,1.0000,60.9817,1.3816,0.3238,16.6723,16.6552,15.2830,0.0013,-1.0000
16.6656,1.0000,60.9983,1.2661,0.3138,16.6607,16.6577,15.3537,0.0011,-1.0000
16.6679,1.0000,61.0150,1.0983,0.3861,16.6738,16.6603,15.4061,0.0010,-1.0000
16.6673,1.0000,61.0315,1.4971,0.3198,16.6649,16.6613,15.4636,0.0015,-1.0000
16.6661,1.0000,61.0483,1.3709,0.3518,16.6640,16.6578,15.4686,0.0014,-1.0000
16.6667,1.0000,61.0650,1.3027,0.3275,16.6662,16.6567,15.2308,0.0011,-1.0000
16.6664,1.0000,61.0816,1.2532,0.3288,16.6684,16.6560,15.4186,0.0011,-1.0000
16.6672,1.0000,61.0984,1.1959,0.3149,16.6698,16.6588,15.4822,0.0011,-1.0000
16.6667,1.0000,61.1150,1.1876,0.3815,16.6670,16.6547,15.2863,0.0012,-1.0000
16.6663,1.0000,61.1315,1.4250,0.3542,16.6653,16.6564,15.5044,0.0012,-1.0000
16.6683,1.0000,61.1485,1.2361,0.4061,16.6656,16.6670,15.5150,0.0011,-1.0000
16.6649,1.0000,61.1649,1.1761,0.3398,16.6696,16.6462,15.0599,0.0013,-1.0000
16.6657,1.0000,61.1816,1.3671,0.3223,16.6640,16.6541,15.5364,0.0012,-1.0000
16.6685,1.0000,61.1983,1.1508,0.3495,16.6649,16.6668,15.5428,0.0010,-1.0000
16.6666,1.0000,61.2150,1.1508,0.4099,16.6777,16.6603,15.3167,0.0010,-1.0000
16.6671,1.0000,61.2316,1.5849,0.3476,16.6554,16.6558,15.3601,0.0013,-1.0000
16.7472,1.0000,61.2485,1.1166,0.3357,16.6616,16.7409,15.5436,0.0012,-1.0000
16.6649,1.0000,61.2651,1.1231,0.3217,16.6745,16.6495,15.1049,0.0012,-1.0000
16.6654,1.0000,61.2817,1.3425,0.3602,16.6692,16.6500,15.4458,0.0012,-1.0000
16.6674,1.0000,61.2984,1.2946,0.3817,16.6661,16.6677,15.4651,0.0013,-1.0000
16.6680,1.0000,61.3151,1.1957,0.3298,16.7525,16.6579,15.4337,0.0010,-1.0000
16.6659,1.0000,61.3316,1.5433,0.3253,16.6591,16.6529,15.3033,0.0011,-1.0000
16.6658,1.0000,61.3484,1.2028,0.3020,16.6586,16.6557,15.6213,0.0011,-1.0000
16.6681,1.0000,61.3651,1.2011,0.3025,16.6761,16.6678,15.1619,0.0015,-1.0000
16.6640,1.0000,61.3817,1.2230,0.3664,16.6662,16.6442,15.4021,0.0012,-1.0000
16.6693,1.0000,61.3986,1.3481,0.2853,16.6623,16.6755,15.6122,0.0011,-1.0000
16.6672,1.0000,61.4150,1.0330,0.3631,16.6638,16.6556,15.1640,0.0019,-1.0000
16.6651,1.0000,61.4316,1.5044,0.3196,16.6755,16.6520,15.5137,0.0012,-1.0000
16.6695,1.0000,61.4485,1.2412,0.2981,16.6516,16.6665,15.5332,0.0011,-1.0000
16.6667,1.0000,61.4651,1.0621,0.3080,16.6837,16.6530,15.0985,0.0014,-1.0000
16.6642,1.0000,61.4818,1.4899,0.3340,16.6643,16.6488,15.2967,0.0011,-1.0000
16.6672,1.0000,61.4984,1.1371,0.3354,16.6608,16.6629,15.3326,0.0012,-1.0000
16.6671,1.0000,61.5151,1.1319,0.3570,16.6769,16.6590,15.3405,0.0011,-1.0000
16.6672,1.0000,61.5316,1.5532,0.3035,16.6640,16.6571,15.4063,0.0012,-1.0000
16.6661,1.0000,61.5484,1.3509,0.3322,16.6580,16.6545,15.5563,0.0010,-1.0000
16.6675,1.0000,61.5651,1.3288,0.3086,16.6714,16.6627,15.3603,0.0012,-1.0000
16.6658,1.0000,61.5817,1.3172,0.3879,16.6675,16.6538,15.4008,0.0011,-1.0000
16.6667,1.0000,61.5984,1.2491,0.3293,16.6660,16.6591,15.5186,0.0010,-1.0000
16.6679,1.0000,61.6151,1.0969,0.4143,16.6641,16.6625,15.4839,0.0011,-1.0000
16.6666,1.0000,61.6316,1.3010,0.3246,16.6706,16.6557,15.3802,0.0011,-1.0000
16.6673,1.0000,61.6485,1.2518,0.3120,16.6620,16.6625,15.4088,0.0011,-1.0000
16.6675,1.0000,61.6650,1.1390,0.3014,16.6676,16.6531,15.1970,0.0013,-1.0000
16.6653,1.0000,61.6817,1.1772,0.3539,16.6714,16.6503,15.4782,0.0013,-1.0000
16.6688,1.0000,61.6984,1.2742,0.3449,16.6658,16.6671,15.5604,0.0009,-1.0000
16.6679,1.0000,61.7151,1.2524,0.3604,16.6730,16.6613,15.3044,0.0014,-1.0000
16.6648,1.0000,61.7317,1.4543,0.3192,16.6624,16.6492,15.3137,0.0013,-1.0000
16.6685,1.0000,61.7485,1.1708,0.3081,16.6578,16.6662,15.4687,0.0012,-1.0000
16.6656,1.0000,61.7651,1.1054,0.3885,16.6754,16.6502,15.2019,0.0012,-1.0000
16.6651,1.0000,61.7817,1.3554,0.3597,16.6708,16.6503,15.4242,0.0011,-1.0000
16.6682,1.0000,61.7984,1.3337,0.3215,16.6590,16.6669,15.4513,0.0011,-1.0000
16.6675,1.0000,61.8152,1.1963,0.4455,16.6770,16.6646,15.3074,0.0011,-1.0000
16.6654,1.0000,61.8317,1.4468,0.3297,16.6598,16.6494,15.3181,0.0015,-1.0000
16.6684,1.0000,61.8484,1.2249,0.2859,16.6587,16.6634,15.5814,0.0012,-1.0000
16.6668,1.0000,61.8651,1.2144,0.3508,16.6755,16.6558,15.2837,0.0013,-1.0000
16.6659,1.0000,61.8817,1.3557,0.3157,16.6723,16.6556,15.3909,0.0015,-1.0000
16.6655,1.0000,61.8985,1.3303,0.3219,16.6582,16.6542,15.4898,0.0013,-1.0000
16.6677,1.0000,61.9151,1.0808,0.3165,16.6728,16.6587,15.2512,0.0013,-1.0000
16.6670,1.0000,61.9316,1.3707,0.3240,16.6654,16.6617,15.4047,0.0016,-1.0000
16.6669,1.0000,61.9486,1.2632,0.3196,16.6655,16.6581,15.5492,0.0011,-1.0000
16.6666,1.0000,61.9651,1.1630,0.3328,16.6639,16.6560,14.3194,0.0011,-1.0000
16.6651,1.0000,61.9818,1.4061,0.3881,16.6665,16.6540,15.4236,0.0011,-1.0000
16.6683,1.0000,61.9984,1.2553,0.3649,16.6708,16.6629,15.3275,0.0011,-1.0000
16.6669,1.0000,62.0151,1.1074,0.3943,16.6666,16.6582,14.9091,0.0010,-1.0000
16.6672,1.0000,62.0317,2.3352,0.3253,16.6652,16.6616,15.3772,0.0012,-1.0000
16.6658,1.0000,62.0484,1.2291,0.3071,16.6621,16.6493,15.4801,0.0011,-1.0000
16.6676,1.0000,62.0652,1.3339,0.5078,16.6712,16.6611,15.2559,0.0013,-1.0000
16.6633,1.0000,62.0817,1.7480,0.3426,16.6674,16.6456,15.3009,0.0017,-1.0000
16.6701,1.0000,62.0984,1.2830,0.3389,16.6725,16.6747,15.5508,0.0012,-1.0000
16.6665,1.0000,62.1151,1.1679,0.3655,16.6580,16.6557,15.3707,0.0013,-1.0000
16.6665,1.0000,62.1317,1.4036,0.3600,16.6696,16.6536,15.4226,0.0011,-1.0000
16.6676,1.0000,62.1485,1.3432,0.2774,16.6538,16.6643,15.4941,0.0013,-1.0000
16.6656,1.0000,62.1651,1.1226,0.3942,16.6829,16.6515,15.0985,0.0012,-1.0000
16.6647,1.0000,62.1817,1.2836,0.3222,16.6646,16.6500,15.3965,0.0012,-1.0000
16.6686,1.0000,62.1985,1.2296,0.3568,16.6626,16.6679,15.6564,0.0011,-1.0000
16.6679,1.0000,62.2151,1.1691,0.5850,16.6758,16.6592,15.2543,0.0014,-1.0000
16.6657,1.0000,62.2317,1.5517,0.3642,16.6602,16.6564,15.3584,0.0014,-1.0000
16.6684,1.0000,62.2485,1.2524,0.2772,16.6569,16.6649,15.4736,0.0012,-1.0000
16.6670,1.0000,62.2651,1.0102,0.3058,16.6749,16.6586,15.2807,0.0013,-1.0000
16.6631,1.0000,62.2817,1.4031,0.3762,16.6673,16.6420,15.3557,0.0013,-1.0000
16.6682,1.0000,62.2985,1.2966,0.3244,16.6648,16.6658,15.5016,0.0010,-1.0000
16.6687,1.0000,62.3151,1.1901,0.3853,16.6746,16.6605,15.4036,0.0012,-1.0000
16.6658,1.0000,62.3316,1.3765,0.3354,16.6692,16.6569,15.3543,0.0012,-1.0000
16.6671,1.0000,62.3484,1.2849,0.3539,16.6501,16.6567,15.5661,0.0010,-1.0000
16.6670,1.0000,62.3651,1.1634,0.3067,16.6747,16.6621,15.3187,0.0012,-1.0000
16.6657,1.0000,62.3818,1.2555,0.3239,16.6685,16.6529,15.4018,0.0013,-1.0000
16.6673,1.0000,62.3985,1.3015,0.3283,16.6663,16.6612,15.4802,0.0012,-1.0000
16.6668,1.0000,62.4151,1.0892,0.3980,16.6658,16.6571,15.3260,0.0013,-1.0000
16.6655,1.0000,62.4316,1.3422,0.3219,16.6707,16.6531,15.4289,0.0011,-1.0000
16.6682,1.0000,62.4484,1.2498,0.3206,16.6623,16.6504,15.3732,0.0011,-1.0000
16.6672,1.0000,62.4651,1.1798,0.3829,16.6704,16.6631,15.3539,0.0013,-1.0000
16.6635,1.0000,62.4817,1.3296,0.3367,16.6656,16.6430,15.4104,0.0017,-1.0000
16.6696,1.0000,62.4984,1.2233,0.3850,16.6740,16.6701,15.4453,0.0010,-1.0000
16.6676,1.0000,62.5151,1.2759,0.3244,16.6581,16.6599,15.1878,0.0014,-1.0000
16.6644,1.0000,62.5316,1.3075,0.3597,16.6731,16.6497,15.4682,0.0012,-1.0000
16.6698,1.0000,62.5485,1.2311,0.3082,16.6507,16.6701,15.5882,0.0010,-1.0000
16.6655,1.0000,62.5651,1.2238,0.4720,16.6781,16.6506,15.1247,0.0015,-1.0000
16.6644,1.0000,62.5817,1.4707,0.3043,16.6680,16.6490,15.3412,0.0012,-1.0000
16.6701,1.0000,62.5984,1.1803,0.3280,16.6588,16.6747,15.5596,0.0011,-1.0000
16.6657,1.0000,62.6151,1.0807,0.4465,16.6804,16.6489,15.4135,0.0011,-1.0000
16.6660,1.0000,62.6316,1.5245,0.3345,16.6599,16.6532,15.4440,0.0014,-1.0000
16.6681,1.0000,62.6485,1.3066,0.3188,16.6571,16.6620,15.5296,0.0012,-1.0000
16.6670,1.0000,62.6651,1.1142,0.4082,16.6850,16.6568,15.2256,0.0011,-1.0000
16.6642,1.0000,62.6817,1.2341,0.3520,16.6589,16.6519,15.3612,0.0014,-1.0000
16.7047,1.0000,62.6985,1.2074,0.4512,16.6618,16.7020,15.4723,0.0012,-1.0000
16.6699,1.0000,62.7152,1.1311,0.3692,16.6707,16.6677,15.3854,0.0012,-1.0000
16.6651,1.0000,62.7317,1.4299,0.3649,16.6662,16.6488,15.2835,0.0011,-1.0000
16.6665,1.0000,62.7485,1.2893,0.3213,16.6596,16.6609,15.2662,0.0013,-1.0000
16.6669,1.0000,62.7651,1.2285,0.3594,16.7092,16.6566,15.1870,0.0012,-1.0000
16.6660,1.0000,62.7818,1.2809,0.3043,16.6768,16.6558,15.4168,0.0013,-1.0000
16.6677,1.0000,62.7984,1.3637,0.3850,16.6586,16.6583,15.4295,0.0012,-1.0000
16.6663,1.0000,62.8152,1.3935,0.3242,16.6699,16.6578,15.3567,0.0012,-1.0000
16.6664,1.0000,62.8317,1.4681,0.3313,16.6659,16.6623,15.3401,0.0012,-1.0000
16.6678,1.0000,62.8484,1.2375,0.4392,16.6647,16.6533,15.3917,0.0013,-1.0000
16.6667,1.0000,62.8651,1.2275,0.3424,16.6682,16.6584,15.2674,0.0010,-1.0000
16.6639,1.0000,62.8817,1.2996,0.3555,16.6677,16.6472,15.4346,0.0015,-1.0000
16.6688,1.0000,62.8986,1.3209,0.3962,16.6714,16.6684,15.5614,0.0011,-1.0000
16.6761,1.0000,62.9155,1.2601,0.4155,16.6625,16.6692,15.1540,0.0010,-1.0000
16.6636,1.0000,62.9317,1.3900,0.3526,16.6669,16.6469,14.8549,0.0014,-1.0000
16.6673,1.0000,62.9485,1.2111,0.3120,16.6556,16.6618,15.6113,0.0011,-1.0000
16.6676,1.0000,62.9655,1.1060,0.4624,16.6765,16.6616,15.2442,0.0009,-1.0000
16.6645,1.0000,62.9818,1.5140,0.3191,16.6785,16.6526,14.7574,0.0015,-1.0000
16.6685,1.0000,62.9985,1.7906,0.3150,16.6560,16.6631,15.4289,0.0012,-1.0000
16.6673,1.0000,63.0152,1.0493,0.4118,16.6695,16.6601,15.2577,0.0012,-1.0000
16.6658,1.0000,63.0317,1.4164,0.4039,16.6696,16.6533,15.2503,0.0011,-1.0000
16.6681,1.0000,63.0485,1.8938,0.3060,16.6610,16.6666,15.4673,0.0011,-1.0000
16.6675,1.0000,63.0652,1.2329,0.3182,16.6718,16.6590,15.3360,0.0011,-1.0000
16.6641,1.0000,63.0818,1.4011,0.3591,16.6685,16.6414,15.2411,0.0010,-1.0000
16.6681,1.0000,63.0985,1.4020,0.3637,16.6624,16.6637,15.5226,0.0012,-1.0000
16.6675,1.0000,63.1151,1.1980,0.3177,16.6767,16.6634,15.3184,0.0013,-1.0000
16.6663,1.0000,63.1317,1.3217,0.3560,16.6689,16.6544,15.4953,0.0011,-1.0000
16.6677,1.0000,63.1486,1.3992,0.3067,16.6503,16.6631,15.5857,0.0011,-1.0000
16.6667,1.0000,63.1651,1.1399,0.3773,16.6719,16.6527,15.1787,0.0013,-1.0000
16.6655,1.0000,63.1818,1.3431,0.3197,16.6715,16.6538,15.3965,0.0012,-1.0000
16.6675,1.0000,63.1984,1.1576,0.3056,16.6628,16.6612,15.5101,0.0013,-1.0000
16.6678,1.0000,63.2152,1.0763,0.3265,16.6737,16.6624,15.3915,0.0013,-1.0000
16.6664,1.0000,63.2318,1.4727,0.3706,16.6616,16.6573,15.2714,0.0012,-1.0000
16.6682,1.0000,63.2485,1.2562,0.3093,16.6612,16.6603,15.4024,0.0013,-1.0000
16.6656,1.0000,63.2652,1.1499,0.3423,16.6693,16.6586,15.0661,0.0012,-1.0000
16.6646,1.0000,63.2818,1.2694,0.5264,16.6706,16.6505,15.4522,0.0011,-1.0000
16.6685,1.0000,63.2985,1.3845,0.3339,16.6656,16.6621,15.4592,0.0013,-1.0000
16.6668,1.0000,63.3152,1.2566,0.3649,16.6693,16.6608,15.3182,0.0013,-1.0000
16.6650,1.0000,63.3317,1.5912,0.3023,16.6674,16.6508,15.3622,0.0014,-1.0000
16.6694,1.0000,63.3486,1.1976,0.3520,16.6588,16.7685,15.5246,0.0011,-1.0000
16.6662,1.0000,63.3651,1.2017,0.3853,16.6704,16.5557,15.2514,0.0012,-1.0000
16.6653,1.0000,63.3818,1.3410,0.3334,16.6709,16.6536,15.3670,0.0011,-1.0000
16.6680,1.0000,63.3985,1.2874,0.3226,16.6590,16.6619,15.4894,0.0012,-1.0000
16.6666,1.0000,63.4151,1.2427,0.3493,16.7762,16.6590,15.1938,0.0014,-1.0000
16.6664,1.0000,63.4317,1.3031,0.3556,16.5646,16.6543,15.4201,0.0011,-1.0000
16.6683,1.0000,63.4485,1.2855,0.3122,16.6621,16.6653,15.5381,0.0011,-1.0000
16.6657,1.0000,63.4651,1.1712,0.3270,16.6699,16.6518,15.2687,0.0013,-1.0000
16.6657,1.0000,63.4818,1.4638,0.3465,16.6673,16.6542,15.4960,0.0010,-1.0000
16.6681,1.0000,63.4984,1.2331,0.3278,16.6628,16.6619,15.3172,0.0011,-1.0000
16.6670,1.0000,63.5151,1.1257,0.3554,16.6752,16.6602,15.3406,0.0011,-1.0000
16.6641,1.0000,63.5316,1.3818,0.3253,16.6606,16.6468,15.3817,0.0010,-1.0000
16.6687,1.0000,63.5485,1.1571,0.3613,16.6629,16.6850,15.7018,0.0010,-1.0000
16.6687,1.0000,63.5652,1.3434,0.4135,16.6699,16.6470,15.3658,0.0012,-1.0000
16.6657,1.0000,63.5818,1.3183,0.3318,16.6696,16.6573,15.1689,0.0014,-1.0000
16.6665,1.0000,63.5984,1.2644,0.3126,16.6536,16.6536,15.4732,0.0012,-1.0000
16.7037,1.0000,63.6152,0.9822,0.3380,16.6928,16.7253,15.4934,0.0012,-1.0000
16.6663,1.0000,63.6317,1.2800,0.4065,16.6556,16.6262,15.2649,0.0014,-1.0000
16.6639,1.0000,63.6485,1.4868,0.3033,16.6676,16.6473,15.5422,0.0014,-1.0000
16.6708,1.0000,63.6652,1.1791,0.3092,16.6628,16.6765,15.3640,0.0012,-1.0000
16.6661,1.0000,63.6818,1.2307,0.3807,16.7356,16.6533,15.2419,0.0013,-1.0000
16.6650,1.0000,63.6985,1.3598,0.3199,16.6347,16.6511,15.4556,0.0012,-1.0000
16.6677,1.0000,63.7152,1.1039,0.2834,16.6539,16.6669,15.5275,0.0013,-1.0000
16.6666,1.0000,63.7318,1.3109,0.4762,16.6839,16.6552,15.2719,0.0014,-1.0000
16.6655,1.0000,63.7485,1.4098,0.3248,16.6622,16.6548,15.4526,0.0013,-1.0000
16.6689,1.0000,63.7652,1.1941,0.3162,16.6593,16.6664,15.3993,0.0010,-1.0000
16.6668,1.0000,63.7818,1.1381,0.3641,16.6741,16.6562,15.1158,0.0013,-1.0000
16.6657,1.0000,63.7985,1.3818,0.3212,16.6647,16.6556,15.4443,0.0014,-1.0000
16.6674,1.0000,63.8153,1.2012,0.3835,16.6629,16.6619,15.4980,0.0017,-1.0000
16.6663,1.0000,63.8317,1.2659,0.4842,16.6752,16.6560,15.0998,0.0013,-1.0000
16.6654,1.0000,63.8485,1.5387,0.3469,16.6648,16.6543,15.5780,0.0010,-1.0000
16.6692,1.0000,63.8652,1.2098,0.3151,16.6635,16.6655,15.3855,0.0012,-1.0000
16.6653,1.0000,63.8818,1.1624,0.4630,16.6703,16.6538,15.3261,0.0015,-1.0000
16.6661,1.0000,63.8985,1.5547,0.3109,16.6655,16.6554,15.5028,0.0010,-1.0000
16.6699,1.0000,63.9152,1.0750,0.2944,16.6627,16.6685,15.3934,0.0010,-1.0000
16.6617,1.0000,63.9317,1.2787,0.3705,16.6749,16.6412,15.3487,0.0014,-1.0000
16.6692,1.0000,63.9485,1.3263,0.3321,16.6624,16.6681,15.6782,0.0013,-1.0000
16.6683,1.0000,63.9652,1.1513,0.3288,16.6641,16.6644,15.4277,0.0013,-1.0000
16.6645,1.0000,63.9819,1.2739,0.3294,16.6781,16.6426,15.2989,0.0013,-1.0000
16.6677,1.0000,63.9985,1.2911,0.2965,16.6495,16.6655,15.4532,0.0011,-1.0000
16.6697,1.0000,64.0153,0.9887,0.3147,16.6760,16.6690,15.4480,0.0012,-1.0000
16.6618,1.0000,64.0317,1.2354,0.4094,16.6748,16.6372,15.1470,0.0014,-1.0000
16.6693,1.0000,64.0485,1.3423,0.3150,16.6515,16.6696,15.6089,0.0010,-1.0000
16.6688,1.0000,64.0653,1.2112,0.3847,16.6731,16.6655,15.3335,0.0013,-1.0000
16.6647,1.0000,64.0818,1.2196,0.3666,16.6785,16.6438,15.0800,0.0014,-1.0000
16.6682,1.0000,64.0985,1.4886,0.3317,16.6461,16.6649,15.4985,0.0012,-1.0000
16.6669,1.0000,64.1152,1.0595,0.3339,16.6767,16.6603,15.0799,0.0011,-1.0000
16.6631,1.0000,64.1317,1.3307,0.3744,16.6772,16.6449,15.2305,0.0013,-1.0000
16.6698,1.0000,64.1485,1.5621,0.3241,16.6546,16.6620,15.6297,0.0008,-1.0000
16.6657,1.0000,64.1652,1.1651,0.4205,16.6748,16.6554,15.2733,0.0013,-1.0000
16.6675,1.0000,64.1818,1.5790,0.3161,16.6723,16.6599,15.4913,0.0009,-1.0000
16.6665,1.0000,64.1985,1.4133,0.3163,16.6539,16.6585,15.3831,0.0012,-1.0000
16.6673,1.0000,64.2152,1.0313,0.3057,16.6693,16.6598,15.4017,0.0012,-1.0000
16.6649,1.0000,64.2318,1.3806,0.3953,16.6635,16.6537,15.5000,0.0012,-1.0000
16.6677,1.0000,64.2485,1.1673,0.3122,16.6681,16.6607,15.3660,0.0011,-1.0000
16.6678,1.0000,64.2652,1.2742,0.3246,16.6672,16.6630,15.3582,0.0014,-1.0000
16.6665,1.0000,64.2818,1.2567,0.3249,16.6687,16.6535,15.3351,0.0012,-1.0000
16.6668,1.0000,64.2985,1.1525,0.3080,16.6624,16.6619,15.2535,0.0011,-1.0000
16.6667,1.0000,64.3152,1.2934,0.3687,16.6687,16.6517,15.2977,0.0011,-1.0000
16.6653,1.0000,64.3317,1.3033,0.3116,16.6723,16.6529,15.3754,0.0012,-1.0000
16.6685,1.0000,64.3485,1.3169,0.3478,16.6623,16.6690,15.6345,0.0010,-1.0000
16.6670,1.0000,64.3652,1.4073,0.3691,16.6715,16.6552,15.4230,0.0011,-1.0000
16.6660,1.0000,64.3818,1.3525,0.3001,16.6610,16.6551,15.3338,0.0011,-1.0000
16.6675,1.0000,64.3987,1.2763,0.3222,16.6615,16.6637,15.4871,0.0013,-1.0000
16.6664,1.0000,64.4152,1.0333,0.3707,16.6778,16.6500,14.9396,0.0012,-1.0000
16.6649,1.0000,64.4317,1.2309,0.3439,16.6646,16.6530,15.4544,0.0014,-1.0000
16.6704,1.0000,64.4487,1.3200,0.3207,16.6639,16.6738,15.5892,0.0010,-1.0000
16.6653,1.0000,64.4652,1.1749,0.4948,16.6742,16.6495,14.6163,0.0013,-1.0000
16.6660,1.0000,64.4819,1.7091,0.3388,16.6602,16.6533,15.3827,0.0012,-1.0000
16.6675,1.0000,64.4985,1.1972,0.3155,16.6610,16.6587,15.3643,0.0016,-1.0000
16.6668,1.0000,64.5152,1.0836,0.3179,16.6825,16.6601,15.3928,0.0013,-1.0000
16.6660,1.0000,64.5317,2.0315,0.3299,16.6591,16.6569,15.4262,0.0012,-1.0000
16.6674,1.0000,64.5485,1.2689,0.2830,16.6621,16.6598,15.5786,0.0010,-1.0000
16.6665,1.0000,64.5653,1.2930,0.4303,16.6670,16.6602,15.3989,0.0010,-1.0000
16.6680,1.0000,64.5818,1.2657,0.2964,16.6692,16.6532,15.2972,0.0014,-1.0000
16.6657,1.0000,64.5985,1.2293,0.3076,16.6664,16.6607,15.4263,0.0013,-1.0000
16.6669,1.0000,64.6151,1.0801,0.3164,16.6694,16.6527,15.3165,0.0012,-1.0000
16.6658,1.0000,64.6317,1.2602,0.3271,16.6692,16.6607,15.5557,0.0009,-1.0000
16.6675,1.0000,64.6486,1.3545,0.3629,16.6620,16.6616,15.5482,0.0012,-1.0000
16.6667,1.0000,64.6652,1.2329,0.3365,16.6695,16.6539,15.3314,0.0013,-1.0000
16.6662,1.0000,64.6818,1.3350,0.3067,16.6609,16.6559,15.4474,0.0009,-1.0000
16.6677,1.0000,64.6985,1.1040,0.3109,16.6680,16.6668,15.4734,0.0012,-1.0000
16.6671,1.0000,64.7152,1.1124,0.3117,16.6709,16.6539,15.3018,0.0011,-1.0000
16.6652,1.0000,64.7318,1.3212,0.3065,16.6631,16.6523,15.3520,0.0011,-1.0000
17.2039,1.0000,64.7491,1.2074,0.3165,16.6636,17.2017,16.1027,0.0010,-1.0000
16.6651,1.0000,64.7658,1.1921,0.4139,16.6759,16.6855,15.2471,0.0013,-1.0000
16.6653,1.0000,64.7823,1.3511,0.2817,16.6637,16.6189,15.4153,0.0011,-1.0000
16.6698,1.0000,64.7990,1.2996,0.2961,16.6610,16.6655,15.4478,0.0013,-1.0000
16.6648,1.0000,64.8158,1.0979,0.3407,17.2108,16.6529,15.4409,0.0012,-1.0000
16.6660,1.0000,64.8322,1.4371,0.3074,16.6954,16.6565,15.3125,0.0012,-1.0000
16.6682,1.0000,64.8491,1.2022,0.3602,16.6273,16.6646,15.5495,0.0011,-1.0000
16.6659,1.0000,64.8657,1.2164,0.3623,16.6751,16.6510,15.3726,0.0010,-1.0000
16.6673,1.0000,64.8824,1.2107,0.3523,16.6623,16.6611,15.3350,0.0015,-1.0000
16.6670,1.0000,64.8992,1.3429,0.3182,16.6651,16.6601,15.3487,0.0016,-1.0000
16.6665,1.0000,64.9157,1.1136,0.3305,16.6727,16.6562,15.2716,0.0013,-1.0000
16.6653,1.0000,64.9322,1.2773,0.3902,16.6600,16.6550,15.3660,0.0011,-1.0000
16.6692,1.0000,64.9491,1.3244,0.3744,16.6692,16.6631,15.6190,0.0012,-1.0000
16.6656,1.0000,64.9657,1.3095,0.3213,16.6695,16.6576,15.2552,0.0015,-1.0000
16.6667,1.0000,64.9824,1.3831,0.3747,16.6649,16.6923,15.4215,0.0013,-1.0000
16.6687,1.0000,64.9993,1.2878,0.3227,16.6632,16.7996,15.3343,0.0011,-1.0000
16.6647,1.0000,65.0157,1.0430,0.3497,16.6717,16.4780,15.1513,0.0011,-1.0000
16.6666,1.0000,65.0322,1.4008,0.3224,16.6663,16.6604,15.3169,0.0013,-1.0000
16.6672,1.0000,65.0490,1.2696,0.3239,16.7012,16.6565,15.5297,0.0011,-1.0000
16.6664,1.0000,65.0658,1.4639,0.4064,16.8093,16.6571,15.2864,0.0012,-1.0000
16.6656,1.0000,65.0823,1.3254,0.3287,16.4879,16.6542,15.3264,0.0014,-1.0000
16.6686,1.0000,65.0991,1.3422,0.3084,16.6685,16.6677,15.2962,0.0013,-1.0000
16.6659,1.0000,65.1157,1.1256,0.3194,16.6651,16.6511,15.2950,0.0010,-1.0000
16.6661,1.0000,65.1322,1.3694,0.3157,16.6667,16.6551,15.4307,0.0012,-1.0000
16.6690,1.0000,65.1492,1.3264,0.3895,16.6616,16.6662,15.6030,0.0010,-1.0000
16.6653,1.0000,65.1657,1.3699,0.3683,16.6776,16.6539,15.1909,0.0014,-1.0000
16.6668,1.0000,65.1823,1.3551,0.3225,16.6605,16.6582,15.4076,0.0012,-1.0000
16.6686,1.0000,65.1991,1.2234,0.2968,16.6631,16.6670,15.5028,0.0012,-1.0000
16.6645,1.0000,65.2157,1.0619,0.4108,16.6753,16.6466,14.8248,0.0015,-1.0000
16.6670,1.0000,65.2325,1.4614,0.3429,16.6626,16.6630,15.4358,0.0013,-1.0000
16.6688,1.0000,65.2491,1.2494,0.3120,16.6657,16.6614,15.2991,0.0013,-1.0000
16.6638,1.0000,65.2657,1.1629,0.4986,16.6762,16.6432,15.2954,0.0012,-1.0000
16.6681,1.0000,65.2825,1.8203,0.3276,16.6567,16.6674,15.4998,0.0014,-1.0000
16.6669,1.0000,65.2990,1.2259,0.3175,16.6719,16.6547,15.1077,0.0013,-1.0000
16.6653,1.0000,65.3157,1.3610,0.3062,16.6725,16.6533,15.4937,0.0012,-1.0000
16.6701,1.0000,65.3323,1.3467,0.3078,16.6526,16.6728,15.2709,0.0011,-1.0000
16.6649,1.0000,65.3490,1.1660,0.4016,16.6757,16.6471,15.3236,0.0014,-1.0000
16.6643,1.0000,65.3657,1.5457,0.3097,16.6635,16.6467,15.5079,0.0012,-1.0000
16.6695,1.0000,65.3825,1.1584,0.3469,16.6616,16.6758,15.5056,0.0015,-1.0000
16.6666,1.0000,65.3991,1.4010,0.3212,16.6835,16.6516,15.2299,0.0012,-1.0000
16.6657,1.0000,65.4157,1.3219,0.3028,16.6564,16.6517,15.2917,0.0014,-1.0000
16.6671,1.0000,65.4322,1.1379,0.2931,16.6541,16.6633,15.4499,0.0011,-1.0000
16.6671,1.0000,65.4490,1.1686,0.3787,16.6863,16.6594,15.4502,0.0013,-1.0000
16.6667,1.0000,65.4657,1.4203,0.3292,16.6614,16.6535,15.4996,0.0010,-1.0000
16.6666,1.0000,65.4825,1.3585,0.3482,16.6605,16.6621,15.4877,0.0010,-1.0000
16.6680,1.0000,65.4991,1.2123,0.5589,16.6709,16.6592,15.0675,0.0013,-1.0000
16.6649,1.0000,65.5157,1.2078,0.3401,16.6682,16.6536,15.3404,0.0012,-1.0000
16.6684,1.0000,65.5323,1.1527,0.3182,16.6614,16.6636,15.4112,0.0012,-1.0000
16.6676,1.0000,65.5491,1.1733,0.4201,16.6707,16.6614,15.4322,0.0014,-1.0000
16.6649,1.0000,65.5657,1.5904,0.3467,16.6678,16.6480,15.3315,0.0012,-1.0000
16.6679,1.0000,65.5824,1.3119,0.4024,16.6616,16.6688,15.3807,0.0014,-1.0000
16.6667,1.0000,65.5990,1.2510,0.3214,16.6726,16.6510,15.1448,0.0011,-1.0000
16.6673,1.0000,65.6157,1.2275,0.3284,16.6720,16.6593,15.3429,0.0011,-1.0000
16.6664,1.0000,65.6323,1.3152,0.3531,16.6562,16.6590,15.3399,0.0011,-1.0000
16.6668,1.0000,65.6491,1.2866,0.5258,16.6777,16.6558,15.3092,0.0012,-1.0000
16.6663,1.0000,65.6657,1.5051,0.4177,16.6600,16.6538,15.3096,0.0013,-1.0000
16.6673,1.0000,65.6824,1.3152,0.3316,16.6684,16.7093,15.4202,0.0010,-1.0000
16.6670,1.0000,65.6990,1.3176,0.4579,16.6682,16.6113,15.2962,0.0014,-1.0000
16.6653,1.0000,65.7157,1.3451,0.3609,16.6654,16.6534,15.4610,0.0014,-1.0000
16.6693,1.0000,65.7324,1.3429,0.3249,16.6631,16.6665,15.3860,0.0013,-1.0000
16.6652,1.0000,65.7491,1.2881,0.6034,16.7177,16.6486,15.2572,0.0015,-1.0000
16.6637,1.0000,65.7657,1.3138,0.3553,16.6215,16.6436,15.3942,0.0014,-1.0000
16.6866,1.0000,65.7825,1.1908,0.3722,16.6630,16.6931,15.5393,0.0010,-1.0000
16.6655,1.0000,65.7991,1.2791,0.3735,16.6769,16.6491,15.3205,0.0012,-1.0000
16.6657,1.0000,65.8158,1.3899,0.3315,16.6592,16.6570,15.4544,0.0012,-1.0000
16.6705,1.0000,65.8326,1.2480,0.3182,16.6513,16.7278,15.3764,0.0011,-1.0000
16.6645,1.0000,65.8491,1.1524,0.3992,16.7015,16.5884,14.9648,0.0018,-1.0000
16.6640,1.0000,65.8657,1.3274,0.3188,16.6593,16.6492,15.3330,0.0011,-1.0000
16.6702,1.0000,65.8827,1.2012,0.3402,16.6652,16.6763,15.5533,0.0010,-1.0000
16.6667,1.0000,65.8991,1.3502,0.4050,16.7382,16.6467,14.7076,0.0015,-1.0000
16.6648,1.0000,65.9157,1.6219,0.3432,16.5985,16.6538,15.3525,0.0013,-1.0000
16.6690,1.0000,65.9324,1.3152,0.3078,16.6560,16.6645,15.4277,0.0013,-1.0000
16.6663,1.0000,65.9491,1.1221,0.3582,16.6869,16.6550,15.1350,0.0019,-1.0000
16.6639,1.0000,65.9657,1.9374,0.3647,16.6579,16.6441,15.3678,0.0010,-1.0000
16.6696,1.0000,65.9826,1.3000,0.3335,16.6640,16.6736,15.4950,0.0010,-1.0000
16.6671,1.0000,65.9992,1.2350,0.4417,16.6746,16.6527,14.9976,0.0012,-1.0000
16.6643,1.0000,66.0157,1.5180,0.3703,16.6670,16.6500,15.3013,0.0014,-1.0000
16.6686,1.0000,66.0325,1.2752,0.3339,16.6515,16.6678,15.3351,0.0014,-1.0000
16.6659,1.0000,66.0491,1.1775,0.5591,16.6821,16.6519,14.9572,0.0014,-1.0000
16.6662,1.0000,66.0658,1.6537,0.3950,16.6630,16.6559,15.3914,0.0013,-1.0000
16.6693,1.0000,66.0825,1.3475,0.4021,16.6585,16.6673,15.3569,0.0010,-1.0000
16.6656,1.0000,66.0991,1.3309,0.4133,16.6761,16.6499,15.3151,0.0013,-1.0000
16.6650,1.0000,66.1157,1.6933,0.3360,16.6625,16.6506,15.3612,0.0011,-1.0000
16.6870,1.0000,66.1324,1.2632,0.3338,16.6641,16.6884,15.5329,0.0015,-1.0000
16.6660,1.0000,66.1491,1.3093,0.3430,16.6777,16.6558,14.6583,0.0015,-1.0000
16.6643,1.0000,66.1657,1.3333,0.3445,16.6596,16.6498,15.2026,0.0014,-1.0000
16.6695,1.0000,66.1825,1.2883,0.3186,16.6580,16.6724,15.4745,0.0010,-1.0000
16.6662,1.0000,66.1991,1.1538,0.5580,16.6959,16.6530,15.4032,0.0010,-1.0000
16.6659,1.0000,66.2157,1.9957,0.3533,16.6644,16.6536,15.3816,0.0017,-1.0000
16.6702,1.0000,66.2324,1.4458,0.3461,16.6573,16.6696,15.4846,0.0012,-1.0000
16.6639,1.0000,66.2491,1.1966,0.3645,16.6814,16.6467,15.2525,0.0014,-1.0000
16.6656,1.0000,66.2658,1.2486,0.3870,16.6628,16.6538,15.4619,0.0011,-1.0000
16.6677,1.0000,66.2824,1.2702,0.3398,16.6623,16.6637,15.4665,0.0011,-1.0000
16.6670,1.0000,66.2991,1.1835,0.4399,16.6795,16.6554,14.7498,0.0011,-1.0000
16.6662,1.0000,66.3158,1.3926,0.3441,16.6560,16.6565,15.3042,0.0013,-1.0000
16.6673,1.0000,66.3323,1.1907,0.3216,16.6615,16.6626,15.3343,0.0012,-1.0000
16.6669,1.0000,66.3491,1.1963,0.6054,16.6743,16.6563,14.9232,0.0017,-1.0000
16.6661,1.0000,66.3658,1.9046,0.3681,16.6640,16.6555,15.4232,0.0012,-1.0000
16.6677,1.0000,66.3825,1.3508,0.3340,16.6648,16.6671,15.4473,0.0012,-1.0000
16.6665,1.0000,66.3991,1.3271,0.4536,16.6708,16.6526,14.4986,0.0012,-1.0000
16.6676,1.0000,66.4158,1.7313,0.3333,16.6650,16.6590,15.3390,0.0012,-1.0000
16.6674,1.0000,66.4324,1.2311,0.3390,16.6644,16.6600,15.4001,0.0014,-1.0000
16.6658,1.0000,66.4491,1.2185,0.4565,16.6766,16.6539,14.9244,0.0012,-1.0000
16.6661,1.0000,66.4657,2.1526,0.3791,16.6620,16.6530,15.2852,0.0012,-1.0000
16.6681,1.0000,66.4825,1.3187,0.3470,16.6676,16.6626,15.4536,0.0009,-1.0000
16.6657,1.0000,66.4991,1.2582,0.4850,16.6703,16.6563,15.0099,0.0012,-1.0000
16.6662,1.0000,66.5157,1.7278,0.4013,16.6630,16.6555,15.4364,0.0013,-1.0000
16.6693,1.0000,66.5324,1.3666,0.3394,16.6619,16.6703,15.5023,0.0012,-1.0000
16.6648,1.0000,66.5491,1.2078,0.4312,16.6711,16.6474,15.1460,0.0014,-1.0000
16.6659,1.0000,66.5658,1.6453,0.3724,16.6649,16.6520,15.4280,0.0012,-1.0000
16.6689,1.0000,66.5825,1.2174,0.3341,16.6631,16.6709,15.3812,0.0011,-1.0000
16.6663,1.0000,66.5992,1.1667,0.4414,16.6801,16.6567,15.2009,0.0009,-1.0000
16.6673,1.0000,66.6158,1.4997,0.3474,16.6586,16.6526,15.2744,0.0014,-1.0000
16.6663,1.0000,66.6323,1.2225,0.3060,16.6596,16.6584,15.3653,0.0013,-1.0000
16.6671,1.0000,66.6492,1.2885,0.4209,16.6804,16.6558,15.3431,0.0012,-1.0000
16.6651,1.0000,66.6657,1.4547,0.3825,16.6663,16.6507,15.3352,0.0012,-1.0000
16.6691,1.0000,66.6825,1.3766,0.3412,16.6614,16.6696,15.5007,0.0013,-1.0000
16.6660,1.0000,66.6991,1.2914,0.4337,16.6695,16.6454,15.3439,0.0014,-1.0000
16.6646,1.0000,66.7157,1.3112,0.3449,16.6659,16.6549,15.3579,0.0012,-1.0000
16.6698,1.0000,66.7324,1.3140,0.3249,16.6595,16.6649,15.4555,0.0011,-1.0000
16.6660,1.0000,66.7491,1.1676,0.4034,16.6812,16.6519,15.4039,0.0014,-1.0000
16.6666,1.0000,66.7658,1.2999,0.4172,16.6557,16.6586,15.4890,0.0012,-1.0000
16.6677,1.0000,66.7825,1.2955,0.3595,16.6633,16.6578,15.5005,0.0011,-1.0000
16.6654,1.0000,66.7991,1.2079,0.4575,16.6754,16.6569,15.3089,0.0012,-1.0000
16.6676,1.0000,66.8159,1.2464,0.3510,16.6615,16.6624,15.4855,0.0011,-1.0000
16.6664,1.0000,66.8323,1.1685,0.3498,16.6679,16.6539,15.2115,0.0015,-1.0000
16.6663,1.0000,66.8491,1.1561,0.3996,16.6663,16.6559,15.4120,0.0012,-1.0000
16.6669,1.0000,66.8658,1.3466,0.3156,16.6662,16.6572,15.4528,0.0013,-1.0000
16.6673,1.0000,66.8824,1.1757,0.4319,16.6722,16.6613,15.4570,0.0015,-1.0000
16.6653,1.0000,66.8991,1.4408,0.3498,16.6625,16.6533,15.3930,0.0021,-1.0000
16.6667,1.0000,66.9157,1.2425,0.3760,16.6653,16.6596,15.3598,0.0011,-1.0000
16.6685,1.0000,66.9324,1.2032,0.3317,16.6652,16.6646,15.4785,0.0012,-1.0000
16.6667,1.0000,66.9491,1.2028,0.3617,16.6706,16.6506,15.4414,0.0012,-1.0000
16.6657,1.0000,66.9657,1.2582,0.3625,16.6620,16.6554,15.4887,0.0013,-1.0000
16.6675,1.0000,66.9825,1.2986,0.4361,16.6681,16.6617,15.4463,0.0014,-1.0000
16.6660,1.0000,66.9991,1.1847,0.4237,16.6746,16.6553,15.2226,0.0016,-1.0000
16.6668,1.0000,67.0157,1.2078,0.3674,16.6601,16.6577,15.4997,0.0010,-1.0000
16.6678,1.0000,67.0323,1.1654,0.3420,16.6640,16.6645,15.4531,0.0011,-1.0000
16.6666,1.0000,67.0491,1.2140,0.3642,16.6699,16.6572,15.4898,0.0012,-1.0000
16.6656,1.0000,67.0658,1.4308,0.3843,16.6637,16.6551,15.3777,0.0011,-1.0000
16.6685,1.0000,67.0824,1.1569,0.3887,16.6650,16.6651,15.4069,0.0012,-1.0000
16.6666,1.0000,67.0991,1.2100,0.3945,16.6726,16.6566,15.3608,0.0014,-1.0000
16.6663,1.0000,67.1157,1.1662,0.3446,16.6653,16.6562,15.4447,0.0011,-1.0000
16.6671,1.0000,67.1323,1.2764,0.3247,16.6625,16.6592,15.3306,0.0013,-1.0000
16.6673,1.0000,67.1492,1.2567,0.3838,16.6743,16.6609,15.5083,0.0012,-1.0000
16.6654,1.0000,67.1658,1.2943,0.3928,16.6659,16.6479,15.1825,0.0012,-1.0000
16.8151,1.0000,67.1829,1.2102,0.3490,16.6649,16.8148,15.4008,0.0012,-1.0000
16.5182,1.0000,67.1991,1.3271,0.3604,16.6684,16.4692,14.7237,0.0014,-1.0000
16.6672,1.0000,67.2157,1.1512,0.3510,16.6710,16.6631,15.5220,0.0012,-1.0000
16.6695,1.0000,67.2327,1.4643,0.3405,16.6576,16.6687,15.3390,0.0011,-1.0000
16.6632,1.0000,67.2491,1.4126,0.4146,16.8235,16.6422,15.0257,0.0014,-1.0000
16.6678,1.0000,67.2658,1.7440,0.3350,16.5078,16.6628,15.4589,0.0012,-1.0000
16.6680,1.0000,67.2824,1.1399,0.4565,16.6699,16.6607,15.3574,0.0011,-1.0000
16.6655,1.0000,67.2991,1.3284,0.3657,16.6790,16.6563,15.3529,0.0013,-1.0000
16.6659,1.0000,67.3158,1.6150,0.3756,16.6518,16.6581,15.4701,0.0012,-1.0000
16.6693,1.0000,67.3324,1.2028,0.4004,16.6707,16.6639,15.1753,0.0014,-1.0000
16.6654,1.0000,67.3491,1.3021,0.5954,16.6686,16.6554,15.2751,0.0014,-1.0000
16.6667,1.0000,67.3658,1.3020,0.3431,16.6653,16.6573,15.3829,0.0012,-1.0000
16.6677,1.0000,67.3824,1.1870,0.4180,16.6654,16.6606,15.4393,0.0011,-1.0000
16.6667,1.0000,67.3992,1.4864,0.4416,16.6720,16.6571,15.2822,0.0010,-1.0000
16.6666,1.0000,67.4160,1.3785,0.4181,16.6650,16.6598,15.3238,0.0013,-1.0000
16.6696,1.0000,67.4325,1.2732,0.4100,16.6662,16.6636,15.0229,0.0012,-1.0000
16.6640,1.0000,67.4491,1.2200,0.4525,16.6692,16.5873,15.0526,0.0011,-1.0000
16.6668,1.0000,67.4660,1.3736,0.3904,16.6665,16.6598,15.2692,0.0012,-1.0000
16.6667,1.0000,67.4827,1.3345,0.4108,16.6706,16.6511,15.1474,0.0017,-1.0000
16.6648,1.0000,67.4991,1.6393,0.3503,16.6738,16.6555,15.1057,0.0014,-1.0000
16.6682,1.0000,67.5158,1.5335,0.3995,16.6563,16.6597,15.3710,0.0010,-1.0000
16.6671,1.0000,67.5323,1.3894,0.3728,16.6712,16.6603,15.3134,0.0013,-1.0000
16.6658,1.0000,67.5491,1.5019,0.3175,16.6600,16.6555,15.4852,0.0012,-1.0000
16.6684,1.0000,67.5659,1.5485,0.3207,16.6643,16.6673,15.4790,0.0013,-1.0000
16.6662,1.0000,67.5824,1.2877,0.3751,16.6679,16.6497,15.1765,0.0012,-1.0000
16.6646,1.0000,67.5991,1.3457,0.3388,16.6685,16.6528,15.5066,0.0011,-1.0000
16.6695,1.0000,67.6158,1.1690,0.3364,16.6628,16.6751,15.4238,0.0012,-1.0000
16.6674,1.0000,67.6324,1.1868,0.3613,16.6779,16.6516,15.3066,0.0011,-1.0000
16.6648,1.0000,67.6492,1.4719,0.3346,16.6590,16.6479,15.5039,0.0012,-1.0000
16.6708,1.0000,67.6659,1.1452,0.3630,16.6601,16.6762,15.2319,0.0013,-1.0000
16.6636,1.0000,67.6824,1.2501,0.3226,16.6851,16.6416,14.8732,0.0015,-1.0000
16.6644,1.0000,67.6991,1.3433,0.3252,16.6615,16.6519,15.4924,0.0014,-1.0000
16.6685,1.0000,67.7158,1.1427,0.4349,16.6567,16.6656,15.4915,0.0011,-1.0000
16.6685,1.0000,67.7324,1.4423,0.5054,16.6865,16.6631,15.4127,0.0012,-1.0000
