frame_ms,focused,elapsed,CPU Main Thread Frame Time,CPU Render Thread Frame Time,CPU Total Frame Time,PlayerLoop,WaitForTargetFPS,Gfx.WaitForPresentOnGfxThread,Gfx.WaitForGfxCommandsFromMainThread
16.6673,1.0000,5.0669,1.0942,0.3975,16.6590,16.7725,15.3126,0.0014,-1.0000
16.6649,1.0000,5.0829,1.1037,0.3639,16.6993,16.5406,14.6788,0.0010,-1.0000
16.6671,1.0000,5.0995,1.2873,0.3525,16.6344,16.6810,15.5296,0.0012,-1.0000
16.6664,1.0000,5.1163,1.3889,0.3740,16.6686,16.6764,15.4452,0.0010,-1.0000
16.6690,1.0000,5.1330,1.4584,0.3760,16.7798,16.6042,15.3944,0.0012,-1.0000
16.6670,1.0000,5.1496,1.8608,0.3578,16.5465,16.7253,15.2439,0.0012,-1.0000
16.6657,1.0000,5.1662,1.1500,0.3627,16.6859,16.6434,15.1103,0.0014,-1.0000
16.6661,1.0000,5.1829,1.2302,0.3436,16.6822,16.6248,15.4290,0.0011,-1.0000
16.6668,1.0000,5.1996,1.2084,0.4434,16.6105,16.6814,15.3975,0.0009,-1.0000
16.6665,1.0000,5.2162,1.4804,0.4602,16.7337,16.6495,15.3201,0.0013,-1.0000
16.6693,1.0000,5.2330,1.5318,0.3686,16.6506,16.6810,15.6243,0.0014,-1.0000
16.6667,1.0000,5.2497,1.1949,0.3552,16.6305,16.6772,15.2771,0.0010,-1.0000
16.6647,1.0000,5.2662,1.2830,0.3534,16.6869,16.6614,15.3044,0.0014,-1.0000
16.6671,1.0000,5.2830,1.3285,0.3899,16.6544,16.6698,15.4260,0.0011,-1.0000
16.6660,1.0000,5.2995,1.0548,0.3865,16.6873,16.6067,15.3592,0.0009,-1.0000
16.6681,1.0000,5.3164,1.3993,0.3966,16.6847,16.8290,15.5599,0.0011,-1.0000
16.6656,1.0000,5.3329,1.3558,0.4281,16.6673,16.4934,15.1285,0.0010,-1.0000
16.6670,1.0000,5.3495,1.2427,0.3708,16.6756,16.6590,15.4983,0.0013,-1.0000
16.6667,1.0000,5.3662,1.2467,0.3695,16.6123,16.6643,15.4611,0.0013,-1.0000
16.6667,1.0000,5.3828,1.2680,0.3822,16.8346,16.6313,15.5081,0.0011,-1.0000
16.6669,1.0000,5.3995,1.3640,0.3622,16.4989,16.6627,15.4706,0.0014,-1.0000
16.6668,1.0000,5.4162,1.1596,0.4406,16.6644,16.6603,15.4131,0.0013,-1.0000
16.6661,1.0000,5.4328,1.2021,0.3454,16.6693,16.6623,15.5918,0.0010,-1.0000
16.6672,1.0000,5.4495,1.1224,0.3438,16.6368,16.6605,15.4705,0.0008,-1.0000
16.6667,1.0000,5.4661,1.1907,0.3925,16.6681,16.6622,15.5060,0.0010,-1.0000
16.6686,1.0000,5.4829,1.2462,0.3947,16.6659,16.7043,15.6016,0.0011,-1.0000
16.6654,1.0000,5.4996,1.0695,0.3500,16.6670,16.6966,15.4637,0.0014,-1.0000
16.6679,1.0000,5.5163,1.1891,0.3467,16.6650,16.6496,15.5397,0.0009,-1.0000
16.6649,1.0000,5.5329,1.1553,0.3927,16.6667,16.6312,15.4041,0.0011,-1.0000
16.6680,1.0000,5.5495,1.1014,0.4305,16.7100,16.6754,15.4369,0.0011,-1.0000
16.6659,1.0000,5.5661,1.2318,0.3423,16.7028,16.6815,15.5733,0.0009,-1.0000
16.6663,1.0000,5.5829,1.1091,0.4282,16.6553,16.6274,15.5052,0.0009,-1.0000
16.6675,1.0000,5.5995,1.2259,0.3662,16.6366,16.6588,15.4715,0.0011,-1.0000
16.6665,1.0000,5.6163,1.2375,0.3475,16.6807,16.7121,15.3763,0.0009,-1.0000
16.6681,1.0000,5.6334,1.1070,0.3438,16.6864,16.5862,15.3220,0.0009,-1.0000
16.6659,1.0000,5.6495,1.1212,0.3469,16.6321,16.6543,14.9287,0.0010,-1.0000
16.6664,1.0000,5.6661,1.1862,0.3645,16.6640,16.6587,15.5146,0.0008,-1.0000
16.6668,1.0000,5.6829,1.3350,0.3605,16.7176,16.6690,15.5573,0.0011,-1.0000
16.6673,1.0000,5.6995,1.2632,0.3755,16.5922,16.6563,15.4233,0.0011,-1.0000
16.6667,1.0000,5.7162,1.7246,0.3671,16.6599,16.6639,15.4893,0.0009,-1.0000
16.6664,1.0000,5.7329,1.1434,0.3471,16.6640,16.7043,15.5765,0.0010,-1.0000
16.6668,1.0000,5.7495,1.1108,0.5207,16.6738,16.6178,15.4716,0.0010,-1.0000
16.6660,1.0000,5.7660,1.2321,0.3370,16.6615,16.6579,15.6558,0.0009,-1.0000
16.6673,1.0000,5.7829,1.1737,0.3908,16.6687,16.6698,15.6188,0.0010,-1.0000
16.6679,1.0000,5.7996,1.1270,0.4268,16.7093,16.6677,15.4889,0.0009,-1.0000
16.6655,1.0000,5.8161,1.1447,0.3895,16.6228,16.6492,15.5014,0.0011,-1.0000
16.6768,1.0000,5.8329,1.0014,0.4051,16.6626,16.6758,15.5441,0.0012,-1.0000
16.6581,1.0000,5.8495,1.0501,0.3616,16.6749,16.6514,15.5009,0.0010,-1.0000
16.6658,1.0000,5.8661,1.1778,0.3634,16.6730,16.6608,15.4220,0.0010,-1.0000
16.6669,1.0000,5.8842,1.1468,0.3722,16.6549,16.6564,15.5994,0.0011,-1.0000
16.6665,1.0000,5.8994,1.1305,0.3498,16.6808,16.6703,13.3047,0.0012,-1.0000
16.6668,1.0000,5.9161,1.1494,0.4288,16.6568,16.6554,15.5859,0.0008,-1.0000
16.6666,1.0000,5.9327,1.2379,0.3873,16.6663,16.6644,15.6617,0.0008,-1.0000
16.6678,1.0000,5.9495,1.0562,0.3645,16.6611,16.6611,15.5924,0.0011,-1.0000
16.6653,1.0000,5.9660,3.3645,0.3432,16.6754,16.6592,15.4606,0.0009,-1.0000
16.6680,1.0000,5.9828,1.0691,0.3607,16.6605,16.6666,15.7664,0.0008,-1.0000
16.6660,1.0000,5.9994,1.0020,0.5349,16.6691,16.6560,15.5906,0.0009,-1.0000
16.6679,1.0000,6.0162,1.0675,0.4188,16.6661,16.7111,15.6581,0.0007,-1.0000
16.6662,1.0000,6.0328,1.1977,0.3372,16.6648,16.6184,15.3716,0.0010,-1.0000
16.6650,1.0000,6.0494,0.8993,0.3568,16.6722,16.6526,15.4801,0.0012,-1.0000
16.6678,1.0000,6.0661,1.0645,0.3687,16.6616,16.7031,15.6741,0.0009,-1.0000
16.6661,1.0000,6.0827,1.0523,0.3881,16.7175,16.6224,15.6192,0.0010,-1.0000
16.6677,1.0000,6.0994,1.2458,0.3676,16.6245,16.6578,15.6852,0.0009,-1.0000
16.6669,1.0000,6.1163,1.1714,0.3376,16.6589,16.7143,15.5177,0.0009,-1.0000
16.6667,1.0000,6.1328,1.0282,0.3504,16.7081,16.6087,15.2757,0.0013,-1.0000
16.6673,1.0000,6.1497,1.0023,0.3313,16.6282,16.6656,15.6603,0.0009,-1.0000
16.6669,1.0000,6.1661,0.9717,0.3491,16.6630,16.6641,15.3689,0.0012,-1.0000
16.6655,1.0000,6.1829,1.1961,0.3721,16.7194,16.6901,15.4775,0.0009,-1.0000
16.6668,1.0000,6.1996,1.3319,0.3790,16.6141,16.6653,15.3735,0.0008,-1.0000
16.6670,1.0000,6.2162,1.0045,0.3583,16.6706,16.6643,15.4682,0.0011,-1.0000
16.6672,1.0000,6.2329,1.2940,0.3497,16.6693,16.6713,15.5449,0.0011,-1.0000
16.6663,1.0000,6.2496,1.2119,0.3738,16.6959,16.6918,15.4402,0.0011,-1.0000
16.6672,1.0000,6.2662,1.2909,0.3586,16.6702,16.6222,15.5230,0.0011,-1.0000
16.6669,1.0000,6.2830,1.1952,0.3920,16.6692,16.6559,15.4531,0.0011,-1.0000
16.6672,1.0000,6.2997,1.1253,0.3590,16.6761,16.7620,15.4152,0.0010,-1.0000
16.6663,1.0000,6.3162,1.2508,0.3429,16.6979,16.5663,15.3187,0.0009,-1.0000
16.6665,1.0000,6.3329,1.0983,0.4052,16.6277,16.6704,15.4997,0.0008,-1.0000
16.6657,1.0000,6.3495,1.2019,0.3556,16.6615,16.6702,15.5609,0.0009,-1.0000
16.6686,1.0000,6.3662,1.3463,0.3507,16.7682,16.6084,15.5224,0.0009,-1.0000
16.6661,1.0000,6.3829,1.2466,0.3586,16.5719,16.6940,15.5347,0.0010,-1.0000
16.6689,1.0000,6.3996,1.1698,0.3868,16.6754,16.6979,15.6033,0.0011,-1.0000
16.6644,1.0000,6.4162,1.1085,0.4125,16.6752,16.6090,15.3244,0.0010,-1.0000
16.6670,1.0000,6.4329,1.0852,0.3790,16.6134,16.6945,15.5709,0.0008,-1.0000
16.6655,1.0000,6.4496,1.1584,0.3507,16.6993,16.6392,15.3693,0.0009,-1.0000
16.6672,1.0000,6.4661,1.0934,0.3882,16.7036,16.6606,15.4729,0.0010,-1.0000
16.6676,1.0000,6.4829,1.2836,0.4037,16.6158,16.6798,15.6971,0.0009,-1.0000
16.6674,1.0000,6.4996,1.1226,0.3703,16.6994,16.6858,15.4327,0.0008,-1.0000
16.6666,1.0000,6.5162,1.2690,0.3796,16.6447,16.6260,15.4626,0.0010,-1.0000
16.6669,1.0000,6.5330,1.1868,0.3645,16.6654,16.6617,15.3933,0.0010,-1.0000
16.6664,1.0000,6.5497,0.9819,0.3882,16.6851,16.7387,15.3659,0.0012,-1.0000
16.6671,1.0000,6.5661,1.2522,0.3533,16.6912,16.5725,15.3775,0.0014,-1.0000
16.6662,1.0000,6.5830,1.1626,0.3845,16.6311,16.6614,15.5442,0.0010,-1.0000
16.6672,1.0000,6.5995,1.2671,0.3888,16.6674,16.6555,15.4847,0.0010,-1.0000
16.6657,1.0000,6.6162,1.3715,0.3580,16.7441,16.6374,15.4194,0.0008,-1.0000
16.6673,1.0000,6.6328,1.1936,0.3777,16.5781,16.6630,15.4501,0.0011,-1.0000
16.6673,1.0000,6.6495,1.1165,0.3538,16.6665,16.6596,15.6074,0.0010,-1.0000
16.6667,1.0000,6.6661,1.1698,0.3764,16.6609,16.6649,15.5107,0.0013,-1.0000
16.6659,1.0000,6.6828,1.2173,0.4460,16.6427,16.6561,15.6136,0.0009,-1.0000
16.6667,1.0000,6.6996,1.2120,0.3461,16.6678,16.6623,15.4942,0.0011,-1.0000
16.6666,1.0000,6.7162,1.0510,0.3608,16.6641,16.6875,15.4091,0.0011,-1.0000
16.6673,1.0000,6.7329,1.1527,0.3702,16.6699,16.6890,15.5356,0.0010,-1.0000
16.6675,1.0000,6.7496,1.0416,0.4875,16.6610,16.6778,15.5272,0.0010,-1.0000
16.6652,1.0000,6.7661,1.1670,0.3514,16.6674,16.6287,15.4414,0.0009,-1.0000
16.6685,1.0000,6.7830,1.2774,0.3649,16.6925,16.7022,15.5299,0.0009,-1.0000
16.6670,1.0000,6.7996,1.1526,0.3569,16.6944,16.6817,15.1735,0.0015,-1.0000
16.6658,1.0000,6.8162,1.1496,0.3525,16.6834,16.5951,15.3195,0.0010,-1.0000
16.6668,1.0000,6.8329,1.1865,0.3670,16.6346,16.6618,15.5037,0.0008,-1.0000
16.6671,1.0000,6.8496,1.1715,0.4630,16.7079,16.7085,15.5393,0.0009,-1.0000
16.6664,1.0000,6.8661,1.5065,0.6878,16.6882,16.5830,15.3142,0.0008,-1.0000
16.6664,1.0000,6.8828,1.2746,0.3419,16.6001,16.6588,15.5820,0.0007,-1.0000
16.6684,1.0000,6.8996,1.1575,0.3783,16.6668,16.6763,15.6794,0.0010,-1.0000
16.6664,1.0000,6.9162,1.1686,0.3917,16.7142,16.6512,15.3394,0.0010,-1.0000
16.6654,1.0000,6.9328,1.2680,0.4778,16.5885,16.6600,15.4374,0.0010,-1.0000
16.6670,1.0000,6.9495,1.0759,0.3263,16.6632,16.6604,15.4657,0.0012,-1.0000
16.6664,1.0000,6.9661,0.9956,0.4155,16.6820,16.7062,15.4946,0.0008,-1.0000
16.7882,1.0000,6.9830,1.3109,0.3528,16.6570,16.7371,15.8028,0.0011,-1.0000
16.6664,1.0000,6.9996,1.2219,0.3625,16.6654,16.6636,15.3752,0.0010,-1.0000
16.6668,1.0000,7.0163,1.1935,0.3428,16.6654,16.6648,15.6973,0.0010,-1.0000
16.6677,1.0000,7.0331,1.2110,0.3897,16.7109,16.6661,15.4443,0.0011,-1.0000
16.6665,1.0000,7.0496,0.9331,0.3369,16.7421,16.6578,15.2575,0.0014,-1.0000
16.6667,1.0000,7.0663,1.2875,0.3506,16.6682,16.6603,15.5781,0.0011,-1.0000
16.6666,1.0000,7.0829,0.9666,0.3564,16.6694,16.6572,15.5515,0.0008,-1.0000
16.6665,1.0000,7.0996,1.2212,0.3798,16.6715,16.6617,15.7393,0.0011,-1.0000
16.6677,1.0000,7.1164,1.3985,0.3761,16.6636,16.6687,15.5618,0.0010,-1.0000
16.6656,1.0000,7.1329,1.0812,0.4007,16.6663,16.6582,15.3768,0.0011,-1.0000
16.6673,1.0000,7.1496,1.1050,0.3335,16.6626,16.6600,15.6232,0.0009,-1.0000
16.6668,1.0000,7.1663,0.9216,0.3350,16.6666,16.6609,15.5582,0.0010,-1.0000
16.6669,1.0000,7.1828,1.1061,0.3586,16.6742,16.6608,15.6072,0.0010,-1.0000
16.6666,1.0000,7.1997,1.2806,0.3555,16.6632,16.6641,15.5817,0.0011,-1.0000
16.6659,1.0000,7.2163,1.0362,0.3366,16.6652,16.6584,15.4842,0.0009,-1.0000
16.6675,1.0000,7.2330,1.1019,0.3234,16.6657,16.6683,15.5957,0.0011,-1.0000
16.6667,1.0000,7.2497,1.0524,0.4019,16.6658,16.7052,15.5628,0.0009,-1.0000
16.6665,1.0000,7.2663,1.0813,0.3362,16.6688,16.6169,15.4982,0.0013,-1.0000
16.6663,1.0000,7.2829,1.1735,0.3407,16.6631,16.6606,15.2630,0.0012,-1.0000
16.6674,1.0000,7.2997,1.0717,0.3475,16.6735,16.7052,15.5293,0.0010,-1.0000
16.6665,1.0000,7.3163,1.1413,0.3479,16.7107,16.6197,15.5320,0.0011,-1.0000
16.6667,1.0000,7.3329,1.1174,0.3383,16.6224,16.6572,15.5792,0.0010,-1.0000
16.6667,1.0000,7.3498,1.3966,0.3859,16.6657,16.7193,15.5163,0.0012,-1.0000
16.6664,1.0000,7.3664,1.1749,0.3233,16.7101,16.6045,15.1694,0.0010,-1.0000
16.6675,1.0000,7.3829,1.0866,0.3210,16.6249,16.6658,15.4539,0.0009,-1.0000
16.6689,1.0000,7.3997,1.0768,0.3186,16.6619,16.6731,15.6020,0.0008,-1.0000
16.6651,1.0000,7.4163,1.2019,0.4000,16.7244,16.6890,15.4428,0.0011,-1.0000
16.6659,1.0000,7.4330,1.4342,0.3836,16.6104,16.6626,15.5640,0.0011,-1.0000
16.6673,1.0000,7.4498,1.2107,0.3518,16.6706,16.6578,15.4093,0.0012,-1.0000
16.6664,1.0000,7.4663,1.0700,0.3631,16.6788,16.6641,15.3999,0.0011,-1.0000
16.6671,1.0000,7.4829,1.2451,0.3820,16.6953,16.6917,15.6172,0.0010,-1.0000
16.6660,1.0000,7.4997,1.0975,0.3789,16.6680,16.6192,15.5806,0.0009,-1.0000
16.6673,1.0000,7.5164,1.2475,0.3523,16.6636,16.6583,15.5383,0.0011,-1.0000
16.6672,1.0000,7.5332,1.2630,0.3853,16.6694,16.7584,15.4787,0.0011,-1.0000
16.6661,1.0000,7.5497,1.0735,0.3533,16.6969,16.5726,15.2652,0.0010,-1.0000
16.6669,1.0000,7.5663,1.0376,0.3313,16.6244,16.6642,15.5737,0.0009,-1.0000
16.6665,1.0000,7.5829,1.1187,0.4185,16.6636,16.6900,15.5451,0.0009,-1.0000
16.6661,1.0000,7.5996,1.2786,0.3485,16.7641,16.5932,15.6761,0.0011,-1.0000
16.6677,1.0000,7.6164,1.3065,0.3260,16.5778,16.7123,15.5335,0.0009,-1.0000
16.6668,1.0000,7.6330,1.0897,0.3275,16.6687,16.6522,15.2818,0.0011,-1.0000
16.6668,1.0000,7.6496,1.1440,0.3427,16.6948,16.6496,15.5964,0.0009,-1.0000
16.6665,1.0000,7.6663,0.9161,0.3379,16.5977,16.6793,15.5895,0.0012,-1.0000
16.6660,1.0000,7.6829,1.1778,0.3417,16.7173,16.6540,15.5740,0.0010,-1.0000
16.6687,1.0000,7.6998,1.3695,0.3202,16.6573,16.6694,15.6562,0.0011,-1.0000
16.6652,1.0000,7.7163,1.0521,0.3285,16.6545,16.6574,15.3323,0.0010,-1.0000
16.6669,1.0000,7.7330,1.0888,0.3219,16.6844,16.6877,15.5942,0.0009,-1.0000
16.6667,1.0000,7.7496,1.0792,0.4071,16.6591,16.6161,15.5201,0.0010,-1.0000
16.6666,1.0000,7.7664,1.0121,0.3883,16.6747,16.6683,15.5823,0.0012,-1.0000
16.6670,1.0000,7.7831,1.3239,0.3308,16.6624,16.7569,15.5092,0.0010,-1.0000
16.6670,1.0000,7.7997,1.0926,0.3302,16.6926,16.5614,15.3625,0.0010,-1.0000
16.6683,1.0000,7.8164,1.0950,0.3676,16.6211,16.6703,15.5732,0.0010,-1.0000
16.6658,1.0000,7.8330,1.0848,0.4177,16.6739,16.6565,15.5337,0.0010,-1.0000
16.6667,1.0000,7.8496,1.2469,0.4541,16.7624,16.6306,15.5591,0.0011,-1.0000
16.6668,1.0000,7.8664,1.1975,0.3178,16.5680,16.6635,15.3808,0.0013,-1.0000
16.6658,1.0000,7.8829,1.0958,0.3419,16.6766,16.6530,15.3033,0.0012,-1.0000
16.6667,1.0000,7.8996,1.1218,0.3207,16.6629,16.6647,15.7074,0.0008,-1.0000
16.6670,1.0000,7.9163,1.0703,0.4050,16.6364,16.6617,15.5852,0.0011,-1.0000
16.6667,1.0000,7.9330,1.2817,0.3564,16.6690,16.6664,15.6581,0.0009,-1.0000
16.6664,1.0000,7.9497,1.3486,0.3135,16.6585,16.6812,15.4502,0.0014,-1.0000
16.6666,1.0000,7.9663,0.9564,0.3487,16.6699,16.6779,15.3646,0.0013,-1.0000
16.6667,1.0000,7.9829,1.0754,0.3624,16.6665,16.6577,15.5938,0.0011,-1.0000
16.6669,1.0000,7.9996,1.0073,0.3695,16.6711,16.6597,15.5702,0.0009,-1.0000
16.6694,1.0000,8.0164,1.2296,0.3882,16.6870,16.7002,15.6043,0.0009,-1.0000
16.6648,1.0000,8.0331,1.3122,0.3084,16.6832,16.6603,15.2557,0.0011,-1.0000
16.6661,1.0000,8.0496,1.0630,0.3171,16.6627,16.6245,15.2746,0.0011,-1.0000
16.6681,1.0000,8.0664,1.0886,0.3101,16.6645,16.6963,15.6323,0.0011,-1.0000
16.6659,1.0000,8.0830,1.0950,0.4152,16.7067,16.6639,15.2982,0.0010,-1.0000
16.6665,1.0000,8.0996,1.4035,0.3354,16.6668,16.5829,15.6267,0.0009,-1.0000
16.6674,1.0000,8.1164,1.3487,0.3142,16.6296,16.6697,15.5402,0.0010,-1.0000
16.6669,1.0000,8.1332,1.0631,0.3841,16.7030,16.6571,15.3825,0.0011,-1.0000
16.6662,1.0000,8.1496,1.3649,0.3315,16.6701,16.6614,15.1898,0.0013,-1.0000
16.6665,1.0000,8.1663,0.9556,0.3686,16.5888,16.6607,15.6357,0.0011,-1.0000
16.7000,1.0000,8.1830,1.1284,0.5673,16.6746,16.6989,15.6478,0.0009,-1.0000
16.6650,1.0000,8.1998,1.2739,0.3944,16.6626,16.6963,15.3610,0.0011,-1.0000
16.6670,1.0000,8.2163,1.4703,0.3380,16.6666,16.6168,15.3887,0.0010,-1.0000
16.6680,1.0000,8.2330,1.0239,0.3176,16.6652,16.6686,15.6603,0.0009,-1.0000
16.6662,1.0000,8.2497,1.0502,0.3971,16.7044,16.6599,15.5479,0.0010,-1.0000
16.6660,1.0000,8.2663,1.3344,0.3524,16.7020,16.6622,15.5480,0.0010,-1.0000
16.6671,1.0000,8.2830,1.2270,0.3309,16.6217,16.6619,15.4480,0.0010,-1.0000
16.6676,1.0000,8.2997,1.0076,0.3634,16.6733,16.6624,15.4371,0.0012,-1.0000
16.6677,1.0000,8.3164,1.1109,0.3945,16.6653,16.6654,15.5110,0.0011,-1.0000
16.6658,1.0000,8.3330,1.1135,0.3919,16.6680,16.6565,15.5186,0.0011,-1.0000
16.6667,1.0000,8.3497,1.2130,0.3421,16.6669,16.6591,15.6003,0.0010,-1.0000
16.6668,1.0000,8.3664,1.2241,0.3204,16.6679,16.6662,15.4445,0.0012,-1.0000
16.6664,1.0000,8.3829,1.1534,0.3272,16.6714,16.6530,15.4912,0.0009,-1.0000
16.6685,1.0000,8.3997,1.1368,0.3199,16.6624,16.6727,15.7469,0.0009,-1.0000
16.6649,1.0000,8.4164,1.0579,0.3741,16.6647,16.6536,15.3784,0.0011,-1.0000
16.6665,1.0000,8.4330,1.2213,0.3361,16.6713,16.6653,15.4718,0.0014,-1.0000
16.6670,1.0000,8.4497,1.1607,0.3006,16.6582,16.6584,15.5185,0.0015,-1.0000
16.6665,1.0000,8.4663,0.9247,0.3336,16.6781,16.6648,15.4763,0.0009,-1.0000
16.6670,1.0000,8.4829,1.2742,0.3101,16.6590,16.7024,15.6306,0.0011,-1.0000
16.6673,1.0000,8.4997,1.1923,0.3696,16.6700,16.6220,15.6095,0.0011,-1.0000
16.6662,1.0000,8.5163,1.1386,0.3239,16.6644,16.6547,15.5199,0.0009,-1.0000
16.6676,1.0000,8.5331,1.1877,0.3202,16.6695,16.7053,15.5494,0.0010,-1.0000
16.7066,1.0000,8.5497,1.0708,0.3366,16.7075,16.6633,15.2672,0.0011,-1.0000
16.6660,1.0000,8.5664,1.0114,0.3220,16.6270,16.6554,15.5555,0.0010,-1.0000
16.6665,1.0000,8.5830,1.1341,0.3489,16.6599,16.7025,15.6157,0.0010,-1.0000
16.6668,1.0000,8.5997,1.1550,0.3418,16.7115,16.6198,15.5822,0.0008,-1.0000
16.6672,1.0000,8.6164,1.3951,0.3279,16.6679,16.6674,15.5210,0.0010,-1.0000
16.6679,1.0000,8.6331,1.0991,0.3255,16.6603,16.6675,15.3564,0.0010,-1.0000
16.6664,1.0000,8.6498,1.0857,0.3342,16.7074,16.7025,15.3816,0.0011,-1.0000
16.6661,1.0000,8.6664,1.0369,0.4338,16.6245,16.6533,15.4014,0.0010,-1.0000
16.6661,1.0000,8.6830,1.1455,0.3570,16.6726,16.6541,15.5599,0.0010,-1.0000
16.6671,1.0000,8.6999,1.3103,0.3384,16.6746,16.6690,15.4631,0.0010,-1.0000
16.6668,1.0000,8.7164,1.3199,0.3480,16.7104,16.6842,15.3859,0.0009,-1.0000
16.6668,1.0000,8.7331,1.2510,0.3119,16.6591,16.6278,15.5564,0.0010,-1.0000
16.6678,1.0000,8.7497,1.0933,0.4105,16.6592,16.6585,15.5570,0.0008,-1.0000
16.6654,1.0000,8.7665,1.2049,0.4017,16.6742,16.7440,15.5495,0.0012,-1.0000
16.6669,1.0000,8.7830,1.2971,0.3402,16.6888,16.5849,15.4190,0.0008,-1.0000
16.6675,1.0000,8.7998,1.0705,0.3233,16.6320,16.6765,15.5400,0.0010,-1.0000
16.6673,1.0000,8.8165,1.1007,0.3835,16.6641,16.6927,15.5003,0.0011,-1.0000
16.6658,1.0000,8.8331,1.1933,0.3822,16.7493,16.5822,15.3978,0.0010,-1.0000
16.6678,1.0000,8.8498,1.1652,0.3868,16.5898,16.7010,15.5445,0.0009,-1.0000
16.6661,1.0000,8.8665,1.1357,0.3249,16.6818,16.6626,15.4719,0.0012,-1.0000
16.6670,1.0000,8.8831,1.1917,0.3396,16.6995,16.7198,15.4362,0.0009,-1.0000
16.6666,1.0000,8.8998,1.1837,0.3324,16.5878,16.6091,15.5072,0.0009,-1.0000
16.6665,1.0000,8.9164,1.1562,0.3476,16.7061,16.6478,15.5395,0.0013,-1.0000
16.6659,1.0000,8.9330,1.1896,0.3454,16.6684,16.6588,15.5180,0.0010,-1.0000
16.6682,1.0000,8.9498,1.2827,0.3226,16.7248,16.6723,15.5025,0.0010,-1.0000
16.6665,1.0000,8.9664,1.1011,0.3212,16.6143,16.6938,15.4933,0.0010,-1.0000
16.6678,1.0000,8.9830,1.1075,0.3225,16.6528,16.6128,15.5538,0.0011,-1.0000
16.6655,1.0000,8.9997,1.1398,0.3226,16.6640,16.6561,15.5559,0.0010,-1.0000
16.6676,1.0000,9.0166,1.1687,0.3081,16.6773,16.7636,15.6121,0.0011,-1.0000
16.6664,1.0000,9.0331,1.1993,0.3211,16.6991,16.5585,15.1574,0.0010,-1.0000
16.6663,1.0000,9.0497,1.0580,0.3510,16.6186,16.6727,15.3124,0.0012,-1.0000
16.6669,1.0000,9.0664,1.0990,0.3183,16.6611,16.6504,15.5650,0.0010,-1.0000
16.6664,1.0000,9.0829,1.1506,0.3597,16.7692,16.6372,15.4605,0.0010,-1.0000
16.6662,1.0000,9.0997,1.4002,0.3860,16.5636,16.6590,15.7296,0.0009,-1.0000
16.6673,1.0000,9.1164,1.3592,0.3144,16.6775,16.6663,15.4715,0.0014,-1.0000
16.6677,1.0000,9.1331,1.0844,0.3266,16.6556,16.6663,15.3213,0.0011,-1.0000
16.6669,1.0000,9.1498,1.1757,0.3087,16.6417,16.6660,15.4728,0.0012,-1.0000
16.6673,1.0000,9.1664,0.9287,0.3620,16.6640,16.6584,15.4223,0.0010,-1.0000
16.6648,1.0000,9.1830,1.1934,0.3320,16.6715,16.6791,15.3427,0.0011,-1.0000
16.6672,1.0000,9.1998,1.3436,0.3352,16.6718,16.6894,15.5200,0.0012,-1.0000
16.6672,1.0000,9.2164,1.1921,0.4138,16.6729,16.6498,15.4316,0.0009,-1.0000
16.6669,1.0000,9.2331,1.2349,0.3671,16.6654,16.6622,15.5194,0.0011,-1.0000
16.6673,1.0000,9.2501,1.3353,0.3356,16.6845,16.6769,15.4187,0.0008,-1.0000
16.6655,1.0000,9.2665,1.1683,0.3160,16.6945,16.6689,15.0443,0.0011,-1.0000
16.6676,1.0000,9.2831,1.2174,0.3289,16.6549,16.6243,15.2498,0.0010,-1.0000
16.6669,1.0000,9.2998,1.1418,0.3576,16.6679,16.6846,15.4134,0.0009,-1.0000
16.6664,1.0000,9.3165,1.2570,0.3273,16.6834,16.6991,15.3918,0.0011,-1.0000
16.6658,1.0000,9.3330,1.6237,0.3829,16.6748,16.5673,15.3546,0.0009,-1.0000
16.6667,1.0000,9.3497,1.3736,0.3287,16.6296,16.6605,15.6354,0.0008,-1.0000
16.6673,1.0000,9.3665,1.2701,0.3546,16.6895,16.6672,15.3599,0.0011,-1.0000
16.6664,1.0000,9.3829,1.3065,0.3570,16.7047,16.6561,15.3415,0.0009,-1.0000
16.6692,1.0000,9.3998,1.2120,0.3080,16.5726,16.6734,15.7312,0.0009,-1.0000
16.6640,1.0000,9.4164,1.0243,0.4022,16.6654,16.6513,15.3171,0.0010,-1.0000
16.6668,1.0000,9.4332,1.3067,0.3238,16.6726,16.7046,15.5975,0.0009,-1.0000
16.6679,1.0000,9.4498,1.3137,0.3134,16.6616,16.6205,15.3476,0.0010,-1.0000
16.6664,1.0000,9.4664,0.9410,0.3755,16.6793,16.6637,15.4177,0.0011,-1.0000
16.6667,1.0000,9.4830,1.3332,0.3452,16.6573,16.6587,15.5872,0.0010,-1.0000
16.6661,1.0000,9.4998,1.1062,0.3503,16.7099,16.6633,15.6329,0.0010,-1.0000
16.6668,1.0000,9.5163,1.2720,0.3569,16.6258,16.6574,15.5528,0.0008,-1.0000
16.6672,1.0000,9.5331,1.2450,0.3673,16.6689,16.6671,15.6023,0.0012,-1.0000
16.6671,1.0000,9.5497,1.0706,0.3315,16.6641,16.6623,15.4863,0.0010,-1.0000
16.6684,1.0000,9.5664,1.0294,0.3214,16.6677,16.6643,15.6124,0.0010,-1.0000
16.6664,1.0000,9.5830,1.1042,0.3293,16.6620,16.6608,15.3675,0.0013,-1.0000
16.6654,1.0000,9.5997,1.0637,0.4576,16.6718,16.6529,15.4856,0.0010,-1.0000
16.6673,1.0000,9.6165,1.1750,0.3199,16.6674,16.6680,15.4473,0.0010,-1.0000
16.6675,1.0000,9.6331,1.0511,0.3742,16.6709,16.6608,15.3779,0.0011,-1.0000
16.6648,1.0000,9.6497,1.2922,0.3598,16.6678,16.6519,15.4564,0.0009,-1.0000
16.6671,1.0000,9.6663,1.1663,0.3677,16.6589,16.6636,15.6354,0.0009,-1.0000
16.6667,1.0000,9.6829,1.2196,0.3521,16.6738,16.6599,15.6826,0.0010,-1.0000
16.6668,1.0000,9.6998,1.2817,0.5385,16.6672,16.6667,15.6193,0.0011,-1.0000
16.6668,1.0000,9.7164,1.1948,0.3216,16.6571,16.6957,15.4982,0.0010,-1.0000
16.6666,1.0000,9.7330,1.0272,0.3071,16.6687,16.6245,15.5076,0.0010,-1.0000
16.6660,1.0000,9.7497,0.9762,0.3471,16.6647,16.6635,15.5757,0.0010,-1.0000
16.6672,1.0000,9.7665,1.0463,0.3167,16.6717,16.7037,15.6661,0.0009,-1.0000
16.6667,1.0000,9.7830,1.1966,0.3411,16.7002,16.6289,15.2052,0.0011,-1.0000
16.6668,1.0000,9.7997,1.1160,0.3297,16.6297,16.6543,15.5754,0.0013,-1.0000
16.6673,1.0000,9.8164,1.0869,0.3606,16.6681,16.7024,15.5632,0.0011,-1.0000
16.6687,1.0000,9.8331,1.0367,0.3436,16.7089,16.6244,15.3070,0.0009,-1.0000
16.6649,1.0000,9.8497,1.4226,0.4217,16.6340,16.6594,15.4005,0.0011,-1.0000
16.6660,1.0000,9.8664,1.0777,0.3775,16.6590,16.6511,15.4989,0.0010,-1.0000
16.6666,1.0000,9.8830,1.1385,0.4074,16.7080,16.7045,15.4775,0.0010,-1.0000
16.6670,1.0000,9.8997,1.3165,0.3777,16.6308,16.6578,15.6392,0.0011,-1.0000
16.6674,1.0000,9.9164,1.2578,0.3517,16.6657,16.6632,15.5827,0.0010,-1.0000
16.6676,1.0000,9.9331,1.1513,0.4235,16.6563,16.6586,15.6067,0.0010,-1.0000
16.6650,1.0000,9.9499,1.2262,0.3953,16.7097,16.6810,15.4041,0.0010,-1.0000
16.6672,1.0000,9.9664,1.0175,0.4242,16.6627,16.6424,15.3843,0.0014,-1.0000
16.6667,1.0000,9.9830,1.0796,0.3237,16.6682,16.6562,15.5499,0.0009,-1.0000
16.6687,1.0000,10.0000,1.0508,0.3462,16.6644,16.7731,15.6573,0.0011,-1.0000
16.6662,1.0000,10.0165,1.2760,0.3447,16.6863,16.5621,15.1646,0.0012,-1.0000
16.6664,1.0000,10.0332,1.2566,0.3340,16.6473,16.6683,15.2798,0.0010,-1.0000
16.6671,1.0000,10.0499,1.1055,0.3489,16.6613,16.7001,15.3116,0.0008,-1.0000
16.6660,1.0000,10.0664,1.1149,0.6213,16.7797,16.5710,15.3655,0.0011,-1.0000
16.6666,1.0000,10.0830,1.3966,0.4545,16.5686,16.7107,15.5375,0.0011,-1.0000
16.6665,1.0000,10.0998,1.3877,0.4967,16.6742,16.6496,15.5717,0.0009,-1.0000
16.6667,1.0000,10.1165,1.3877,0.3885,16.7062,16.6997,15.3536,0.0009,-1.0000
16.6682,1.0000,10.1331,1.2042,0.5110,16.5759,16.6477,15.4455,0.0010,-1.0000
16.6658,1.0000,10.1497,1.1724,0.4260,16.7163,16.6369,15.4595,0.0009,-1.0000
16.6658,1.0000,10.1664,1.0770,0.4849,16.6551,16.6566,15.5619,0.0010,-1.0000
16.6678,1.0000,10.1830,1.3453,0.3624,16.7052,16.6694,15.6016,0.0010,-1.0000
16.6659,1.0000,10.1998,1.2013,0.3767,16.6540,16.6815,15.5408,0.0011,-1.0000
16.8444,1.0000,10.2166,1.1765,0.3691,16.6433,16.8042,15.6498,0.0011,-1.0000
16.6671,1.0000,10.2333,1.0937,0.3196,16.6616,16.6722,15.6359,0.0011,-1.0000
16.6663,1.0000,10.2501,1.0668,0.4463,16.6736,16.7566,15.4749,0.0009,-1.0000
16.6676,1.0000,10.2666,1.1397,0.3649,16.6864,16.5563,15.3723,0.0013,-1.0000
16.6664,1.0000,10.2833,1.1530,0.3777,16.8091,16.6729,15.3485,0.0012,-1.0000
16.6660,1.0000,10.2999,1.0354,0.3492,16.6775,16.6431,15.3646,0.0011,-1.0000
16.6671,1.0000,10.3166,1.2809,0.3680,16.7624,16.6409,15.5225,0.0009,-1.0000
16.6663,1.0000,10.3332,1.1826,0.3624,16.5619,16.6548,15.5723,0.0010,-1.0000
16.6667,1.0000,10.3499,1.3234,0.3674,16.6784,16.6659,15.5883,0.0011,-1.0000
16.6670,1.0000,10.3666,1.2775,0.3385,16.6488,16.6624,15.4515,0.0012,-1.0000
16.6669,1.0000,10.3831,1.1176,0.3561,16.6462,16.6672,15.4366,0.0011,-1.0000
16.6679,1.0000,10.3999,1.0814,0.3749,16.6593,16.6620,15.7036,0.0009,-1.0000
16.6663,1.0000,10.4166,1.0765,0.3544,16.6707,16.6844,15.4092,0.0009,-1.0000
16.6659,1.0000,10.4333,1.2095,0.3399,16.6673,16.6751,15.4952,0.0011,-1.0000
16.6664,1.0000,10.4499,1.2293,0.3536,16.6725,16.6547,15.3507,0.0010,-1.0000
16.6676,1.0000,10.4666,0.9574,0.3661,16.6683,16.6588,15.5567,0.0011,-1.0000
16.6671,1.0000,10.4832,1.2744,0.3808,16.6907,16.6702,15.4930,0.0010,-1.0000
16.6668,1.0000,10.5000,1.1785,0.3548,16.6807,16.6985,15.6744,0.0009,-1.0000
16.6670,1.0000,10.5167,1.3031,0.3483,16.6596,16.6152,15.4954,0.0011,-1.0000
16.6665,1.0000,10.5334,1.1009,0.3310,16.6644,16.6623,15.2801,0.0014,-1.0000
16.6672,1.0000,10.5500,1.1764,0.4102,16.6751,16.7378,15.3837,0.0013,-1.0000
16.6669,1.0000,10.5666,1.0235,0.3356,16.7040,16.5540,15.4271,0.0011,-1.0000
16.6658,1.0000,10.5832,1.1184,0.4227,16.6208,16.6591,15.5469,0.0009,-1.0000
16.6665,1.0000,10.5999,1.3809,0.3886,16.6682,16.6538,15.6652,0.0009,-1.0000
16.6672,1.0000,10.6166,1.3527,0.3518,16.7430,16.6623,15.5574,0.0012,-1.0000
16.6662,1.0000,10.6332,1.1260,0.3612,16.5601,16.6684,15.4715,0.0007,-1.0000
16.6695,1.0000,10.6500,1.1115,0.3353,16.6644,16.6699,15.6626,0.0009,-1.0000
16.6670,1.0000,10.6667,0.9877,0.3636,16.6586,16.7086,15.3146,0.0008,-1.0000
16.6633,1.0000,10.6831,1.1038,0.3315,16.6675,16.5932,15.2722,0.0013,-1.0000
16.6676,1.0000,10.7000,1.1961,0.3352,16.6732,16.6693,15.6473,0.0009,-1.0000
16.6674,1.0000,10.7165,1.0061,0.5819,16.6760,16.6631,15.5247,0.0009,-1.0000
16.6662,1.0000,10.7332,1.3929,0.4246,16.7168,16.6600,15.6278,0.0013,-1.0000
16.6670,1.0000,10.7499,1.3197,0.3665,16.5996,16.6604,15.5501,0.0011,-1.0000
16.6667,1.0000,10.7666,1.0211,0.4675,16.6744,16.6650,15.7109,0.0010,-1.0000
16.6663,1.0000,10.7832,1.1374,0.3375,16.6678,16.6596,15.5833,0.0010,-1.0000
16.6666,1.0000,10.7999,1.0310,0.3313,16.6652,16.6616,15.5872,0.0009,-1.0000
16.6668,1.0000,10.8165,1.1094,0.3165,16.6652,16.6626,15.6600,0.0012,-1.0000
16.6665,1.0000,10.8333,0.9531,0.3877,16.6695,16.6678,15.6104,0.0010,-1.0000
16.6673,1.0000,10.8499,1.0754,0.3557,16.6647,16.6602,15.4193,0.0011,-1.0000
16.6675,1.0000,10.8667,1.0735,0.3173,16.6663,16.6594,15.3106,0.0010,-1.0000
16.6667,1.0000,10.8832,1.0014,0.3254,16.6677,16.6547,15.3921,0.0009,-1.0000
16.6659,1.0000,10.8999,1.0565,0.3681,16.6726,16.6620,15.6584,0.0008,-1.0000
16.6671,1.0000,10.9165,1.2402,0.3415,16.6653,16.6621,15.5702,0.0009,-1.0000
16.6664,1.0000,10.9332,1.3476,0.3600,16.6659,16.6591,15.6774,0.0009,-1.0000
16.6666,1.0000,10.9500,1.2615,0.3387,16.6602,16.7084,15.4773,0.0010,-1.0000
16.6667,1.0000,10.9665,1.0027,0.3670,16.6676,16.6158,15.4845,0.0010,-1.0000
16.6672,1.0000,10.9831,1.0911,0.3308,16.6667,16.6667,15.6376,0.0011,-1.0000
16.6663,1.0000,10.9999,0.9808,0.3833,16.6644,16.6991,15.6553,0.0011,-1.0000
16.6668,1.0000,11.0166,1.2304,0.3387,16.7132,16.6236,15.5431,0.0010,-1.0000
16.6672,1.0000,11.0333,1.1305,0.3599,16.6210,16.6611,15.4509,0.0008,-1.0000
16.6663,1.0000,11.0500,1.0282,0.3339,16.6713,16.7059,15.3780,0.0014,-1.0000
16.6673,1.0000,11.0666,1.0430,0.3404,16.7045,16.6168,15.4899,0.0013,-1.0000
16.6664,1.0000,11.0832,1.0795,0.3618,16.6291,16.6669,15.6020,0.0011,-1.0000
16.6670,1.0000,11.1000,1.2094,0.3538,16.6667,16.6580,15.6863,0.0012,-1.0000
16.6663,1.0000,11.1166,1.3266,0.3369,16.7116,16.6981,15.3493,0.0009,-1.0000
16.6661,1.0000,11.1333,1.1258,0.3351,16.6223,16.6557,15.4548,0.0012,-1.0000
16.6673,1.0000,11.1499,1.0642,0.2961,16.6724,16.6659,15.6183,0.0012,-1.0000
16.6672,1.0000,11.1666,0.9705,0.3336,16.6635,16.6654,15.5856,0.0010,-1.0000
16.6664,1.0000,11.1832,1.3477,0.3818,16.7035,16.6842,15.6148,0.0009,-1.0000
16.6678,1.0000,11.2000,1.1998,0.3259,16.6605,16.6324,15.5370,0.0010,-1.0000
16.6660,1.0000,11.2166,1.0466,0.3406,16.6711,16.6519,15.3188,0.0010,-1.0000
16.6676,1.0000,11.2334,1.0790,0.3140,16.6707,16.7581,15.5821,0.0012,-1.0000
16.6665,1.0000,11.2499,1.0684,0.3257,16.6891,16.5779,15.4452,0.0010,-1.0000
16.6666,1.0000,11.2666,1.0944,0.3854,16.6380,16.6690,15.5591,0.0013,-1.0000
16.6662,1.0000,11.2833,1.3321,0.3321,16.6573,16.6850,15.4581,0.0010,-1.0000
16.6668,1.0000,11.2999,1.1749,0.3420,16.7627,16.5940,15.5476,0.0010,-1.0000
16.6675,1.0000,11.3166,1.1319,0.3783,16.5837,16.7106,15.6435,0.0011,-1.0000
16.6666,1.0000,11.3333,1.1087,0.3384,16.6747,16.6627,15.5376,0.0011,-1.0000
16.6670,1.0000,11.3500,1.2262,0.3451,16.6900,16.6353,15.3845,0.0010,-1.0000
16.6676,1.0000,11.3667,1.0454,0.3315,16.5985,16.6967,15.4335,0.0010,-1.0000
16.6665,1.0000,11.3832,1.0658,0.3369,16.7163,16.6430,15.3886,0.0010,-1.0000
16.6679,1.0000,11.4003,1.1242,0.3530,16.6682,16.6738,15.6174,0.0012,-1.0000
16.6651,1.0000,11.4165,1.2503,0.3763,16.6403,16.6533,14.6983,0.0010,-1.0000
16.6666,1.0000,11.4333,1.2622,0.3450,16.7022,16.6779,15.5796,0.0010,-1.0000
16.6664,1.0000,11.4499,1.2535,0.3446,16.6491,16.6337,15.4964,0.0010,-1.0000
16.6674,1.0000,11.4665,1.0554,0.3861,16.6793,16.6509,15.5995,0.0010,-1.0000
16.6662,1.0000,11.4832,1.9539,0.3286,16.6592,16.7588,15.6847,0.0008,-1.0000
16.6670,1.0000,11.4999,1.0974,0.3881,16.6827,16.5599,15.5697,0.0009,-1.0000
16.6665,1.0000,11.5166,1.1364,0.3318,16.6382,16.6699,15.6249,0.0008,-1.0000
16.6669,1.0000,11.5332,1.0501,0.3349,16.6564,16.6586,15.4908,0.0010,-1.0000
16.6670,1.0000,11.5498,1.0734,0.3540,16.7644,16.6403,15.4127,0.0009,-1.0000
16.6673,1.0000,11.5665,0.9893,0.3487,16.5652,16.6585,15.6870,0.0009,-1.0000
16.6662,1.0000,11.5831,1.0442,0.3584,16.6745,16.6555,15.6968,0.0010,-1.0000
16.6667,1.0000,11.5998,1.1668,0.3280,16.6639,16.6631,15.8370,0.0008,-1.0000
16.6695,1.0000,11.6167,1.2268,0.3339,16.6462,16.6725,15.5476,0.0011,-1.0000
16.6642,1.0000,11.6331,0.9705,0.3385,16.6638,16.6520,15.3924,0.0010,-1.0000
16.6672,1.0000,11.6498,0.9579,0.3145,16.6604,16.6834,15.7128,0.0010,-1.0000
16.6666,1.0000,11.6668,0.8252,0.4071,16.6676,16.6789,15.6636,0.0008,-1.0000
16.6670,1.0000,11.6833,1.1235,0.3608,16.6791,16.6589,15.4651,0.0010,-1.0000
16.6667,1.0000,11.7001,1.2587,0.3351,16.6584,16.6686,15.3655,0.0010,-1.0000
16.6662,1.0000,11.7166,0.9698,0.3443,16.6887,16.6142,15.3048,0.0010,-1.0000
16.6667,1.0000,11.7333,1.0147,0.3807,16.6843,16.6923,15.5983,0.0011,-1.0000
16.6666,1.0000,11.7499,1.1929,0.3452,16.6640,16.6217,15.5297,0.0009,-1.0000
16.6700,1.0000,11.7668,1.3020,0.3598,16.7167,16.6859,15.6002,0.0012,-1.0000
16.6641,1.0000,11.7834,1.3084,0.3366,16.6194,16.7090,15.2152,0.0014,-1.0000
16.6659,1.0000,11.7999,1.0930,0.3430,16.6974,16.5530,15.3634,0.0012,-1.0000
16.6677,1.0000,11.8166,1.0913,0.3341,16.6263,16.6649,15.6540,0.0010,-1.0000
16.6667,1.0000,11.8334,1.0844,0.3822,16.6929,16.6629,15.6210,0.0011,-1.0000
16.6682,1.0000,11.8501,1.4922,0.3329,16.7157,16.6698,15.3172,0.0013,-1.0000
16.6668,1.0000,11.8667,1.1883,0.3441,16.5582,16.6551,15.1670,0.0011,-1.0000
16.6685,1.0000,11.8833,1.0101,0.3944,16.6699,16.6732,15.0996,0.0011,-1.0000
16.6660,1.0000,11.9001,1.0409,0.3346,16.6687,16.7277,15.3965,0.0010,-1.0000
16.6666,1.0000,11.9169,1.3511,0.3971,16.6767,16.5873,15.0660,0.0014,-1.0000
16.6663,1.0000,11.9337,1.4869,0.4609,16.6623,16.6465,14.9211,0.0013,-1.0000
16.6670,1.0000,11.9501,1.5727,0.3753,16.6822,16.6636,14.6266,0.0019,-1.0000
16.6679,1.0000,11.9668,1.3305,0.5282,16.7374,16.6624,14.9849,0.0017,-1.0000
16.6659,1.0000,11.9833,1.5200,0.4232,16.5964,16.6547,15.1868,0.0014,-1.0000
16.6682,1.0000,12.0001,1.7241,0.5229,16.6556,16.6579,15.0970,0.0013,-1.0000
16.6660,1.0000,12.0169,2.0350,0.5221,16.6720,16.6523,15.0136,0.0015,-1.0000
16.6674,1.0000,12.0335,1.6762,0.5110,16.6712,16.6658,14.9340,0.0013,-1.0000
16.6675,1.0000,12.0501,1.4670,0.5141,16.6642,16.6551,14.8760,0.0012,-1.0000
16.6662,1.0000,12.0667,1.5593,0.5100,16.6679,16.6545,15.0629,0.0020,-1.0000
16.6657,1.0000,12.0833,1.6375,0.5300,16.6644,16.6532,15.0859,0.0013,-1.0000
16.6689,1.0000,12.1003,1.7306,0.5080,16.6761,16.6742,15.3472,0.0012,-1.0000
16.6646,1.0000,12.1168,1.7779,0.5050,16.6661,16.6344,14.7036,0.0015,-1.0000
16.6649,1.0000,12.1333,1.5897,0.4974,16.6651,16.6418,15.0246,0.0013,-1.0000
16.6660,1.0000,12.1499,1.5661,0.4935,16.6623,16.6608,15.4458,0.0012,-1.0000
16.6676,1.0000,12.1666,1.3258,0.6343,16.6853,16.6701,15.6186,0.0010,-1.0000
16.6663,1.0000,12.1833,1.9295,0.4639,16.6454,16.6993,15.4469,0.0010,-1.0000
16.6661,1.0000,12.2000,1.6161,0.3631,16.6492,16.6116,15.2913,0.0010,-1.0000
16.6669,1.0000,12.2165,1.2135,0.3442,16.6664,16.6621,15.4779,0.0010,-1.0000
16.6677,1.0000,12.2333,1.0507,0.3575,16.6760,16.7147,15.6038,0.0011,-1.0000
16.6663,1.0000,12.2499,1.2516,0.3654,16.7052,16.6089,15.3557,0.0011,-1.0000
16.6663,1.0000,12.2666,1.3196,0.3280,16.6170,16.6623,15.6104,0.0013,-1.0000
16.6677,1.0000,12.2833,1.1831,0.3233,16.6672,16.7131,15.4476,0.0010,-1.0000
16.6659,1.0000,12.2999,1.1102,0.3757,16.7207,16.6140,15.4111,0.0010,-1.0000
16.6676,1.0000,12.3166,1.2522,0.3405,16.6144,16.6583,15.4800,0.0009,-1.0000
16.6668,1.0000,12.3333,1.0509,0.3506,16.6671,16.6657,15.5623,0.0010,-1.0000
16.6655,1.0000,12.3499,1.2648,0.3794,16.7191,16.6885,15.2214,0.0014,-1.0000
16.6671,1.0000,12.3668,1.2019,0.3640,16.6188,16.7299,15.4268,0.0011,-1.0000
16.6671,1.0000,12.3832,1.1773,0.3413,16.6636,16.5959,15.3309,0.0011,-1.0000
16.6680,1.0000,12.4000,1.1024,0.3717,16.6714,16.6860,15.7221,0.0008,-1.0000
16.6670,1.0000,12.4167,1.4658,0.4434,16.6936,16.6949,15.3236,0.0011,-1.0000
16.6663,1.0000,12.4336,1.3021,0.3643,16.7348,16.6020,15.3397,0.0012,-1.0000
16.6662,1.0000,12.4501,1.2640,0.3299,16.6005,16.6636,15.1723,0.0011,-1.0000
16.6665,1.0000,12.4667,0.9634,0.4312,16.6918,16.7431,15.3831,0.0013,-1.0000
16.6676,1.0000,12.4833,1.3700,0.3835,16.7026,16.5940,15.4815,0.0009,-1.0000
16.6668,1.0000,12.5000,1.2612,0.4456,16.6083,16.6626,15.3961,0.0010,-1.0000
16.6662,1.0000,12.5167,1.4899,0.3777,16.6694,16.6766,15.4444,0.0010,-1.0000
16.6668,1.0000,12.5333,1.3586,0.3657,16.7484,16.5950,15.3491,0.0008,-1.0000
16.6662,1.0000,12.5499,1.1115,0.4029,16.5999,16.7058,15.4570,0.0010,-1.0000
16.6673,1.0000,12.5667,1.2659,0.3628,16.6705,16.6529,15.3729,0.0009,-1.0000
16.6661,1.0000,12.5832,1.2313,0.3509,16.6828,16.6431,15.4943,0.0008,-1.0000
16.6671,1.0000,12.6000,1.2451,0.4156,16.6002,16.6795,15.7114,0.0008,-1.0000
16.6668,1.0000,12.6167,1.2479,0.3903,16.7107,16.6579,15.3708,0.0011,-1.0000
16.6684,1.0000,12.6333,1.2792,0.3563,16.6582,16.6721,15.4370,0.0009,-1.0000
16.6658,1.0000,12.6500,1.1480,0.3669,16.6484,16.6624,15.3854,0.0014,-1.0000
16.6656,1.0000,12.6667,0.9672,0.4108,16.6848,16.6814,15.4849,0.0009,-1.0000
16.6672,1.0000,12.6832,1.2859,0.3368,16.6634,16.6158,15.4005,0.0014,-1.0000
16.6661,1.0000,12.7000,1.2343,0.3769,16.6789,16.6593,15.5168,0.0012,-1.0000
16.6670,1.0000,12.7167,1.2756,0.3931,16.6685,16.7591,15.4800,0.0009,-1.0000
16.6682,1.0000,12.7333,1.1957,0.3514,16.6864,16.5691,15.4236,0.0011,-1.0000
16.6666,1.0000,12.7500,1.2138,0.3485,16.6210,16.6767,15.4469,0.0012,-1.0000
16.6657,1.0000,12.7666,1.1414,0.3374,16.6647,16.6341,15.3763,0.0013,-1.0000
16.6669,1.0000,12.7832,1.2784,0.3517,16.7636,16.6419,15.4440,0.0010,-1.0000
16.6677,1.0000,12.7999,1.1446,0.3424,16.5750,16.6681,15.6128,0.0010,-1.0000
16.6663,1.0000,12.8166,1.2287,0.3321,16.6824,16.6537,15.5859,0.0012,-1.0000
16.6663,1.0000,12.8332,1.2564,0.3308,16.6393,16.6644,15.6157,0.0010,-1.0000
16.6688,1.0000,12.8500,1.1969,0.3424,16.6467,16.6699,15.5706,0.0011,-1.0000
16.6665,1.0000,12.8667,1.0543,0.3489,16.6736,16.6597,15.3622,0.0011,-1.0000
16.7334,1.0000,12.8833,1.0665,0.3319,16.6594,16.7445,15.3514,0.0011,-1.0000
16.6675,1.0000,12.9001,1.0479,0.3330,16.6691,16.6851,15.5214,0.0011,-1.0000
16.6661,1.0000,12.9167,1.0980,0.3665,16.6760,16.6555,15.3883,0.0009,-1.0000
16.6670,1.0000,12.9334,1.2964,0.3603,16.6673,16.6558,15.5147,0.0010,-1.0000
16.6670,1.0000,12.9501,1.3920,0.3483,16.7503,16.6477,15.4205,0.0011,-1.0000
16.6666,1.0000,12.9668,1.1626,0.3757,16.6903,16.7010,15.3977,0.0010,-1.0000
16.6664,1.0000,12.9832,1.2663,0.3270,16.6609,16.6264,15.4141,0.0010,-1.0000
16.6666,1.0000,13.0000,1.1399,0.3422,16.6609,16.6623,15.6605,0.0010,-1.0000
16.6669,1.0000,13.0168,1.2263,0.3894,16.6526,16.7521,15.6202,0.0009,-1.0000
16.6672,1.0000,13.0334,1.3024,0.3783,16.7072,16.5445,15.3088,0.0011,-1.0000
16.6656,1.0000,13.0499,1.2115,0.3199,16.6313,16.6534,15.4342,0.0013,-1.0000
16.6677,1.0000,13.0666,1.0009,0.3262,16.6671,16.6645,15.6603,0.0010,-1.0000
16.6661,1.0000,13.0832,1.1313,0.3333,16.7575,16.6629,15.5595,0.0010,-1.0000
16.6692,1.0000,13.1002,1.2350,0.3296,16.5508,16.6719,15.7193,0.0009,-1.0000
16.6669,1.0000,13.1168,1.2180,0.3103,16.6592,16.6579,15.1838,0.0009,-1.0000
16.6643,1.0000,13.1334,1.0033,0.3334,16.6696,16.6947,15.3105,0.0010,-1.0000
16.6666,1.0000,13.1500,1.1026,0.3291,16.6680,16.6106,15.4622,0.0010,-1.0000
16.6674,1.0000,13.1667,0.9515,0.3773,16.6790,16.6701,15.5715,0.0008,-1.0000
16.6666,1.0000,13.1833,1.4729,0.3693,16.6661,16.6550,15.6014,0.0012,-1.0000
16.6666,1.0000,13.2001,1.3831,0.3406,16.7017,16.6715,15.5610,0.0009,-1.0000
16.6661,1.0000,13.2166,1.1473,0.3662,16.6157,16.6531,15.4249,0.0014,-1.0000
16.6684,1.0000,13.2333,1.0979,0.3270,16.6751,16.6688,15.6460,0.0010,-1.0000
16.6662,1.0000,13.2500,1.0523,0.3642,16.6601,16.6628,15.5242,0.0012,-1.0000
16.6670,1.0000,13.2667,1.1096,0.3238,16.6765,16.6603,15.5180,0.0010,-1.0000
16.6658,1.0000,13.2833,1.2269,0.3202,16.6585,16.6582,15.3036,0.0010,-1.0000
16.6666,1.0000,13.3000,1.0216,0.3345,16.6743,16.6561,15.3721,0.0014,-1.0000
16.6675,1.0000,13.3166,1.1376,0.3491,16.6680,16.6672,15.5930,0.0010,-1.0000
16.6666,1.0000,13.3333,1.1412,0.3687,16.6659,16.6612,15.5758,0.0008,-1.0000
16.6659,1.0000,13.3500,1.3535,0.3223,16.6638,16.6567,15.5086,0.0010,-1.0000
16.6675,1.0000,13.3667,1.2828,0.3334,16.6609,16.6664,15.3347,0.0014,-1.0000
16.6665,1.0000,13.3832,1.0734,0.3257,16.6726,16.6539,15.3269,0.0008,-1.0000
16.6684,1.0000,13.4000,1.0848,0.3462,16.6671,16.6721,15.7494,0.0012,-1.0000
16.6652,1.0000,13.4167,1.1472,0.3515,16.6626,16.6997,15.4014,0.0010,-1.0000
16.6671,1.0000,13.4333,1.3302,0.3321,16.6721,16.6162,15.4926,0.0011,-1.0000
16.6666,1.0000,13.4500,1.3263,0.3181,16.6584,16.6647,15.5017,0.0008,-1.0000
16.6664,1.0000,13.4667,0.9215,0.3747,16.6776,16.6961,15.4633,0.0011,-1.0000
16.6672,1.0000,13.4832,1.2975,0.3596,16.7057,16.6290,15.5025,0.0010,-1.0000
16.6655,1.0000,13.5000,1.1227,0.3383,16.6215,16.6542,15.6318,0.0009,-1.0000
16.6681,1.0000,13.5168,1.1619,0.3675,16.6696,16.7137,15.5719,0.0011,-1.0000
16.6660,1.0000,13.5334,1.2321,0.3364,16.7012,16.6094,15.2972,0.0014,-1.0000
16.6676,1.0000,13.5500,1.1255,0.3801,16.6342,16.6636,15.5432,0.0010,-1.0000
16.6673,1.0000,13.5667,1.0216,0.3473,16.6595,16.6682,15.5653,0.0011,-1.0000
16.6662,1.0000,13.5833,1.1408,0.3614,16.7183,16.6966,15.2985,0.0013,-1.0000
16.6674,1.0000,13.6001,1.3109,0.3671,16.6149,16.6983,15.3533,0.0011,-1.0000
16.6657,1.0000,13.6168,1.1195,0.3325,16.6685,16.6201,15.2912,0.0009,-1.0000
16.6683,1.0000,13.6335,1.1013,0.3389,16.6742,16.6979,15.4140,0.0009,-1.0000
16.6660,1.0000,13.6501,1.3968,0.3540,16.7026,16.6558,15.3140,0.0013,-1.0000
16.6656,1.0000,13.6667,1.3439,0.3372,16.7056,16.6180,15.4596,0.0010,-1.0000
16.6661,1.0000,13.6833,1.3280,0.3572,16.6261,16.6573,15.4798,0.0009,-1.0000
16.6670,1.0000,13.7002,1.2829,0.3769,16.7042,16.7943,15.5473,0.0009,-1.0000
16.6669,1.0000,13.7167,1.3406,0.3851,16.6620,16.5354,15.3516,0.0010,-1.0000
16.6674,1.0000,13.7333,1.1576,0.3262,16.6234,16.6698,15.5903,0.0008,-1.0000
16.6674,1.0000,13.7501,1.1768,0.3260,16.6622,16.7042,15.5272,0.0011,-1.0000
16.6661,1.0000,13.7667,1.2462,0.3259,16.7996,16.5769,15.4471,0.0011,-1.0000
16.6664,1.0000,13.7833,1.1830,0.3160,16.5407,16.7075,15.4165,0.0010,-1.0000
16.6663,1.0000,13.8000,1.0787,0.3299,16.6747,16.6540,15.5528,0.0013,-1.0000
16.6678,1.0000,13.8167,1.1761,0.3417,16.7098,16.6455,15.5024,0.0010,-1.0000
16.6666,1.0000,13.8334,1.1287,0.3437,16.5820,16.6828,15.5140,0.0008,-1.0000
16.6676,1.0000,13.8501,1.2899,0.3540,16.7124,16.6712,15.4735,0.0010,-1.0000
16.6661,1.0000,13.8667,1.0999,0.3098,16.6589,16.6498,15.2992,0.0010,-1.0000
16.6668,1.0000,13.8833,1.1422,0.3279,16.6506,16.6610,15.4793,0.0011,-1.0000
16.6672,1.0000,13.9001,1.1685,0.3843,16.6882,16.7027,15.6729,0.0009,-1.0000
16.6663,1.0000,13.9167,1.1970,0.3386,16.6773,16.6102,15.3941,0.0010,-1.0000
16.6667,1.0000,13.9335,1.3495,0.3233,16.6557,16.6630,15.5695,0.0011,-1.0000
16.6666,1.0000,13.9503,1.1808,0.3161,16.6658,16.7553,15.3141,0.0013,-1.0000
16.8346,1.0000,13.9668,1.0291,0.3409,16.7084,16.7228,15.2884,0.0012,-1.0000
16.6666,1.0000,13.9834,1.2153,0.3150,16.6159,16.6693,15.5951,0.0011,-1.0000
16.6665,1.0000,14.0002,1.0924,0.3416,16.6682,16.6562,15.5892,0.0008,-1.0000
16.6679,1.0000,14.0169,1.4401,0.3638,16.7609,16.6521,15.5603,0.0010,-1.0000
16.6663,1.0000,14.0336,1.4331,0.3149,16.7275,16.6529,15.4131,0.0009,-1.0000
16.6660,1.0000,14.0502,1.0732,0.3183,16.6739,16.6513,15.3446,0.0016,-1.0000
16.6687,1.0000,14.0669,1.0659,0.3293,16.6612,16.6718,15.6077,0.0010,-1.0000
16.6667,1.0000,14.0834,1.0909,0.3233,16.6588,16.6558,15.4968,0.0009,-1.0000
16.6653,1.0000,14.1002,1.2390,0.3803,16.6597,16.6540,15.5789,0.0011,-1.0000
16.6679,1.0000,14.1170,1.3050,0.2996,16.6563,16.7011,15.4367,0.0010,-1.0000
16.6666,1.0000,14.1337,1.0629,0.3569,16.6776,16.6812,15.3433,0.0010,-1.0000
16.6674,1.0000,14.1502,1.1582,0.3376,16.6624,16.4666,15.3625,0.0013,-1.0000
16.6656,1.0000,14.1669,1.0740,0.3290,16.6597,16.6508,15.4410,0.0010,-1.0000
16.6670,1.0000,14.1835,1.2635,0.3126,16.7066,16.6925,15.5726,0.0010,-1.0000
16.6666,1.0000,14.2004,1.3371,0.4075,16.6873,16.6820,15.5503,0.0013,-1.0000
16.6667,1.0000,14.2168,1.1028,0.3332,16.6564,16.5947,15.3104,0.0011,-1.0000
16.6676,1.0000,14.2336,1.2087,0.3167,16.6556,16.6796,15.6460,0.0011,-1.0000
16.6659,1.0000,14.2502,1.1189,0.3286,16.6976,16.6976,15.4542,0.0009,-1.0000
16.6679,1.0000,14.2669,1.1305,0.3094,16.6878,16.5992,15.5088,0.0009,-1.0000
16.6656,1.0000,14.2835,1.2832,0.3172,16.5993,16.6505,15.4494,0.0010,-1.0000
16.6678,1.0000,14.3002,1.0328,0.3380,16.6851,16.6670,15.4900,0.0008,-1.0000
16.6656,1.0000,14.3168,1.2424,0.3362,16.7033,16.6526,15.4643,0.0013,-1.0000
16.6665,1.0000,14.3335,1.0896,0.3811,16.6043,16.6644,15.6727,0.0010,-1.0000
16.6672,1.0000,14.3503,1.2003,0.3568,16.6560,16.6862,15.6272,0.0011,-1.0000
16.6671,1.0000,14.3670,1.1763,0.3308,16.6727,16.6858,15.2600,0.0017,-1.0000
16.6673,1.0000,14.3834,1.1872,0.3253,16.6591,16.6122,15.1307,0.0013,-1.0000
16.6676,1.0000,14.4002,0.9906,0.3233,16.6698,16.6654,15.5988,0.0013,-1.0000
16.6650,1.0000,14.4168,1.0581,0.3383,16.6915,16.6557,15.3957,0.0010,-1.0000
16.6678,1.0000,14.4336,1.4242,0.3257,16.6923,16.6725,15.6140,0.0011,-1.0000
16.6662,1.0000,14.4502,1.4801,0.3217,16.6176,16.6474,15.3305,0.0013,-1.0000
16.6667,1.0000,14.4668,1.0652,0.3541,16.6714,16.6647,15.5002,0.0010,-1.0000
16.6676,1.0000,14.4834,1.2591,0.3142,16.6617,16.6635,15.6245,0.0010,-1.0000
16.6669,1.0000,14.5002,1.0577,0.3220,16.6788,16.6619,15.6678,0.0012,-1.0000
16.6672,1.0000,14.5172,1.3157,0.3291,16.6530,16.6930,15.5129,0.0009,-1.0000
16.6664,1.0000,14.5336,1.1638,0.3075,16.6699,16.6246,15.1552,0.0011,-1.0000
16.6669,1.0000,14.5502,1.0376,0.3136,16.6687,16.6661,15.3265,0.0012,-1.0000
16.6663,1.0000,14.5669,0.9930,0.3619,16.6676,16.6545,15.6150,0.0010,-1.0000
16.6668,1.0000,14.5834,1.1792,0.3267,16.7007,16.6587,15.4236,0.0009,-1.0000
16.6660,1.0000,14.6002,1.4683,0.4073,16.6316,16.6587,15.6907,0.0009,-1.0000
16.6678,1.0000,14.6170,1.3385,0.3765,16.6712,16.6724,15.4929,0.0011,-1.0000
16.6657,1.0000,14.6335,1.0387,0.3549,16.6607,16.6524,15.3824,0.0012,-1.0000
16.6676,1.0000,14.6502,1.2344,0.3178,16.6634,16.7078,15.6413,0.0009,-1.0000
16.6660,1.0000,14.6668,0.9674,0.3177,16.6644,16.6183,15.4462,0.0010,-1.0000
16.7007,1.0000,14.6834,1.1784,0.3594,16.6774,16.6918,15.5971,0.0011,-1.0000
16.6677,1.0000,14.7004,1.2689,0.3433,16.6581,16.7258,15.5381,0.0008,-1.0000
16.6661,1.0000,14.7169,1.0656,0.3292,16.7131,16.6011,15.2926,0.0012,-1.0000
16.6657,1.0000,14.7335,1.1710,0.3331,16.6232,16.6563,15.5638,0.0010,-1.0000
16.6668,1.0000,14.7502,1.0933,0.3357,16.6965,16.7084,15.5647,0.0010,-1.0000
16.6916,1.0000,14.7670,1.1868,0.3389,16.7322,16.6452,15.6065,0.0012,-1.0000
16.6659,1.0000,14.7835,1.3072,0.3411,16.6073,16.6548,15.4667,0.0014,-1.0000
16.6681,1.0000,14.8003,1.0916,0.3018,16.6613,16.6656,15.5198,0.0010,-1.0000
16.6654,1.0000,14.8169,1.1429,0.3286,16.7131,16.7049,15.3938,0.0014,-1.0000
16.6682,1.0000,14.8336,1.0375,0.3809,16.6503,16.6605,15.6158,0.0009,-1.0000
16.6660,1.0000,14.8503,1.1871,0.3504,16.6603,16.6604,15.4790,0.0010,-1.0000
16.6684,1.0000,14.8671,1.1449,0.3275,16.6713,16.6905,15.2725,0.0013,-1.0000
16.6643,1.0000,14.8835,1.3100,0.3171,16.7109,16.6464,15.2649,0.0009,-1.0000
16.6673,1.0000,14.9003,1.0436,0.3321,16.6665,16.6239,15.6328,0.0010,-1.0000
16.6682,1.0000,14.9170,1.1804,0.3399,16.6658,16.7013,15.4039,0.0011,-1.0000
16.6655,1.0000,14.9337,1.4164,0.3531,16.6977,16.7432,15.5093,0.0011,-1.0000
16.6662,1.0000,14.9503,1.3805,0.3184,16.6523,16.5448,15.3911,0.0013,-1.0000
16.6689,1.0000,14.9671,0.9900,0.3767,16.6286,16.7020,15.4948,0.0011,-1.0000
16.7628,1.0000,14.9841,1.2964,0.3261,16.7070,16.7868,15.3042,0.0012,-1.0000
16.6674,1.0000,15.0007,1.2325,0.3269,16.7495,16.5676,14.7527,0.0012,-1.0000
16.6677,1.0000,15.0172,1.1526,0.3219,16.5500,16.7450,14.9178,0.0014,-1.0000
16.6667,1.0000,15.0341,1.2060,0.4522,16.7083,16.6494,14.6793,0.0013,-1.0000
16.6667,1.0000,15.0505,1.4816,0.7631,16.7955,16.6202,14.5186,0.0014,-1.0000
16.6651,1.0000,15.0672,1.8138,0.4443,16.5763,16.6592,15.0575,0.0011,-1.0000
16.6669,1.0000,15.0837,1.8257,0.9744,16.7564,16.6593,15.1026,0.0012,-1.0000
16.6645,1.0000,15.1004,1.9687,0.5549,16.6617,16.6452,15.3853,0.0017,-1.0000
16.6670,1.0000,15.1171,2.1000,1.3674,16.6310,16.6676,15.5005,0.0011,-1.0000
16.6661,1.0000,15.1337,1.6003,0.4786,16.6672,16.6692,15.4641,0.0012,-1.0000
16.6674,1.0000,15.1504,1.5556,0.4159,16.6671,16.6342,15.5859,0.0009,-1.0000
16.6668,1.0000,15.1670,1.2582,0.3386,16.6511,16.6588,15.5365,0.0010,-1.0000
16.6665,1.0000,15.1837,1.1661,0.3303,16.6732,16.7524,15.5750,0.0018,-1.0000
16.6680,1.0000,15.2005,1.2040,0.3495,16.6745,16.5679,15.3473,0.0011,-1.0000
16.6649,1.0000,15.2170,1.0476,0.3292,16.6392,16.6603,15.3406,0.0009,-1.0000
16.6682,1.0000,15.2337,1.1212,0.3053,16.6636,16.6610,15.6454,0.0009,-1.0000
16.6670,1.0000,15.2503,1.1756,0.3799,16.7572,16.6310,15.4496,0.0010,-1.0000
16.6660,1.0000,15.2670,1.2196,0.3488,16.5744,16.6643,15.6433,0.0008,-1.0000
16.6667,1.0000,15.2836,1.3191,0.3344,16.6655,16.6564,15.5099,0.0009,-1.0000
16.6668,1.0000,15.3003,1.0148,0.3128,16.6664,16.6627,15.6195,0.0009,-1.0000
16.6672,1.0000,15.3170,1.1806,0.3082,16.6366,16.6647,15.7057,0.0011,-1.0000
16.6670,1.0000,15.3337,1.0200,0.3370,16.6700,16.6651,15.5345,0.0013,-1.0000
16.6671,1.0000,15.3505,1.1455,0.4843,16.6620,16.6954,15.5166,0.0012,-1.0000
16.6662,1.0000,15.3671,1.0423,0.2963,16.6670,16.6821,15.1861,0.0009,-1.0000
16.6659,1.0000,15.3836,0.9580,0.3101,16.6700,16.6400,15.2658,0.0009,-1.0000
16.6682,1.0000,15.4004,1.1294,0.3636,16.6705,16.6821,15.6816,0.0009,-1.0000
16.6674,1.0000,15.4171,1.1777,0.3771,16.7013,16.6611,15.2842,0.0013,-1.0000
16.6658,1.0000,15.4339,1.4950,0.3068,16.6879,16.6951,15.3801,0.0011,-1.0000
16.6664,1.0000,15.4505,1.3734,0.2975,16.6446,16.6018,15.1450,0.0014,-1.0000
16.6667,1.0000,15.4670,0.9996,0.3589,16.6882,16.6673,15.3299,0.0013,-1.0000
16.6669,1.0000,15.4837,1.3755,0.3499,16.6677,16.7020,15.4250,0.0012,-1.0000
16.6657,1.0000,15.5003,1.3141,0.3970,16.7018,16.5775,15.4036,0.0011,-1.0000
16.6683,1.0000,15.5171,1.4555,0.3319,16.6069,16.6647,15.5570,0.0013,-1.0000
16.6669,1.0000,15.5338,1.3363,0.3896,16.6745,16.6583,15.3393,0.0012,-1.0000
16.6666,1.0000,15.5503,1.2758,0.4057,16.7081,16.6594,15.2795,0.0010,-1.0000
16.6669,1.0000,15.5670,1.1731,0.3291,16.5825,16.6649,15.4972,0.0010,-1.0000
16.6658,1.0000,15.5836,1.1064,0.3606,16.6710,16.6548,15.4900,0.0009,-1.0000
16.6668,1.0000,15.6004,1.3177,0.3810,16.6653,16.7077,15.6984,0.0009,-1.0000
16.6675,1.0000,15.6171,1.3791,0.4292,16.6658,16.6157,15.4233,0.0010,-1.0000
16.6681,1.0000,15.6338,1.1667,0.3378,16.6709,16.6688,15.4208,0.0010,-1.0000
16.6654,1.0000,15.6503,1.1638,0.3199,16.6609,16.6526,15.4045,0.0012,-1.0000
16.6676,1.0000,15.6671,1.0084,0.3249,16.7132,16.6673,15.6115,0.0009,-1.0000
16.6664,1.0000,15.6836,1.1914,0.3393,16.6219,16.6610,15.4918,0.0010,-1.0000
16.6659,1.0000,15.7004,1.2467,0.3406,16.6755,16.6530,15.5645,0.0012,-1.0000
16.6667,1.0000,15.7169,1.2468,0.3238,16.6587,16.6615,15.4928,0.0011,-1.0000
16.6669,1.0000,15.7336,1.0549,0.3237,16.6731,16.6613,15.6891,0.0013,-1.0000
16.6663,1.0000,15.7503,1.1683,0.4414,16.6680,16.6628,15.5651,0.0009,-1.0000
16.6677,1.0000,15.7671,1.0874,0.3460,16.6585,16.6659,15.6038,0.0010,-1.0000
16.6679,1.0000,15.7837,1.1678,0.3246,16.6666,16.6620,15.4905,0.0014,-1.0000
16.6663,1.0000,15.8003,0.9710,0.3351,16.6663,16.6566,15.3740,0.0010,-1.0000
16.6664,1.0000,15.8170,1.0971,0.3284,16.6676,16.6578,15.4903,0.0012,-1.0000
16.6671,1.0000,15.8337,1.0610,0.3769,16.6716,16.6665,15.5963,0.0009,-1.0000
16.6670,1.0000,15.8503,1.1698,0.4285,16.6688,16.6600,15.5361,0.0009,-1.0000
16.6656,1.0000,15.8671,1.2813,0.3704,16.6630,16.6588,15.5402,0.0011,-1.0000
16.6687,1.0000,15.8837,1.1664,0.3291,16.6630,16.7161,15.4999,0.0009,-1.0000
16.7184,1.0000,15.9005,1.0693,0.3224,16.6719,16.6679,15.0732,0.0012,-1.0000
16.6138,1.0000,15.9170,1.1228,0.3582,16.6670,16.5959,15.3337,0.0012,-1.0000
16.6669,1.0000,15.9338,1.1176,0.4554,16.6645,16.7092,15.4805,0.0008,-1.0000
16.6660,1.0000,15.9504,1.2151,0.4024,16.7224,16.6108,15.2966,0.0013,-1.0000
16.6661,1.0000,15.9670,1.5933,0.4248,16.6752,16.6631,15.3720,0.0014,-1.0000
16.6681,1.0000,15.9836,1.2612,0.3332,16.6022,16.7049,15.6962,0.0010,-1.0000
16.6666,1.0000,16.0004,1.2279,0.3390,16.7161,16.6268,15.4769,0.0012,-1.0000
16.6667,1.0000,16.0170,1.3130,0.3182,16.6160,16.6509,15.5443,0.0010,-1.0000
16.6674,1.0000,16.0338,1.2899,0.3052,16.6684,16.6665,15.5275,0.0008,-1.0000
16.6652,1.0000,16.0504,1.0078,0.3493,16.7109,16.6936,15.3317,0.0011,-1.0000
16.6671,1.0000,16.0670,1.1488,0.3291,16.6327,16.6567,15.5453,0.0009,-1.0000
16.6671,1.0000,16.0836,1.1058,0.3939,16.6576,16.6603,15.5590,0.0009,-1.0000
16.6672,1.0000,16.1004,1.1380,0.3827,16.6731,16.6739,15.4599,0.0008,-1.0000
16.6663,1.0000,16.1172,1.3607,0.3407,16.7006,16.6919,15.5233,0.0009,-1.0000
16.6662,1.0000,16.1337,1.1105,0.3185,16.6618,16.6148,15.4354,0.0012,-1.0000
16.6687,1.0000,16.1504,1.1003,0.3405,16.6658,16.6832,15.6108,0.0013,-1.0000
16.6647,1.0000,16.1671,1.2133,0.3367,16.6797,16.7446,15.4156,0.0009,-1.0000
16.6669,1.0000,16.1836,1.1676,0.3514,16.6978,16.5627,15.4887,0.0009,-1.0000
16.6670,1.0000,16.2004,1.1782,0.3212,16.6201,16.6615,15.6562,0.0009,-1.0000
16.6666,1.0000,16.2170,1.0712,0.3411,16.6888,16.6820,15.4420,0.0013,-1.0000
16.6676,1.0000,16.2337,1.3282,0.3301,16.7498,16.6060,15.6209,0.0009,-1.0000
16.6670,1.0000,16.2504,1.0733,0.3225,16.5694,16.7053,15.5539,0.0011,-1.0000
16.6676,1.0000,16.2671,1.0043,0.3263,16.6673,16.6590,15.5290,0.0010,-1.0000
16.6652,1.0000,16.2837,1.2391,0.3098,16.6866,16.6418,15.3191,0.0010,-1.0000
16.6676,1.0000,16.3004,0.9842,0.3498,16.6113,16.6814,15.5329,0.0009,-1.0000
16.6673,1.0000,16.3170,1.1504,0.3188,16.7113,16.6573,15.4297,0.0010,-1.0000
16.6656,1.0000,16.3337,1.1290,0.3485,16.6645,16.6469,15.5187,0.0010,-1.0000
16.6675,1.0000,16.3505,1.3216,0.3343,16.6480,16.7017,15.6275,0.0010,-1.0000
16.6666,1.0000,16.3671,1.1476,0.3807,16.6870,16.6538,15.3963,0.0010,-1.0000
16.6665,1.0000,16.3836,1.2266,0.3293,16.6632,16.6260,15.4363,0.0011,-1.0000
16.6684,1.0000,16.4004,1.1273,0.3365,16.6520,16.6676,15.6716,0.0012,-1.0000
16.6650,1.0000,16.4172,1.0732,0.3594,16.7086,16.7534,15.3877,0.0014,-1.0000
16.6667,1.0000,16.4337,1.2565,0.3240,16.6600,16.5563,15.3064,0.0010,-1.0000
16.6673,1.0000,16.4505,1.1888,0.3495,16.6307,16.6734,15.3878,0.0011,-1.0000
16.6682,1.0000,16.4670,0.9948,0.3439,16.6743,16.6523,15.2966,0.0011,-1.0000
16.6654,1.0000,16.4836,1.3643,0.3356,16.7591,16.6358,15.3000,0.0012,-1.0000
16.6677,1.0000,16.5004,1.2492,0.3225,16.5614,16.6628,15.5624,0.0009,-1.0000
16.6660,1.0000,16.5170,1.2844,0.3126,16.6793,16.6581,15.5299,0.0011,-1.0000
16.6669,1.0000,16.5338,1.3544,0.3725,16.6579,16.6654,15.3170,0.0009,-1.0000
16.6662,1.0000,16.5503,1.3347,0.3432,16.6415,16.6539,15.3311,0.0010,-1.0000
16.6678,1.0000,16.5671,1.0994,0.3352,16.6677,16.6627,15.2776,0.0011,-1.0000
16.6658,1.0000,16.5836,1.1272,0.3513,16.6644,16.6802,15.4761,0.0011,-1.0000
16.6670,1.0000,16.6004,1.3476,0.3416,16.6714,16.7008,15.5587,0.0011,-1.0000
16.6676,1.0000,16.6172,1.3218,0.3679,16.6599,16.6433,15.4578,0.0010,-1.0000
16.6687,1.0000,16.6338,1.3842,0.3399,16.6693,16.6885,15.2327,0.0011,-1.0000
16.6661,1.0000,16.6504,1.2032,0.3604,16.6856,16.6412,15.2585,0.0011,-1.0000
16.6659,1.0000,16.6671,1.1409,0.3418,16.7081,16.6848,15.4058,0.0009,-1.0000
16.6676,1.0000,16.6837,1.1843,0.3740,16.6494,16.6228,15.4123,0.0008,-1.0000
16.6650,1.0000,16.7004,1.4547,0.3945,16.6958,16.6520,15.5361,0.0012,-1.0000
16.6674,1.0000,16.7171,1.3818,0.3599,16.6488,16.7071,15.4049,0.0010,-1.0000
16.6678,1.0000,16.7337,1.2780,0.3468,16.6906,16.5881,15.4243,0.0010,-1.0000
16.6669,1.0000,16.7504,1.2096,0.3534,16.6302,16.6676,15.4656,0.0008,-1.0000
16.6673,1.0000,16.7671,1.1146,0.3456,16.6588,16.6519,15.4829,0.0010,-1.0000
16.6661,1.0000,16.7837,1.3011,0.3734,16.7130,16.6595,15.3524,0.0010,-1.0000
16.6659,1.0000,16.8004,1.1630,0.3664,16.5949,16.6535,15.4459,0.0011,-1.0000
16.6668,1.0000,16.8170,1.2012,0.3527,16.6753,16.6604,15.5043,0.0009,-1.0000
16.6675,1.0000,16.8339,1.1680,0.3578,16.6591,16.7150,15.3861,0.0011,-1.0000
16.6665,1.0000,16.8504,1.3063,0.4129,16.6666,16.6031,15.1859,0.0015,-1.0000
16.6664,1.0000,16.8672,1.2068,0.4350,16.6606,16.6686,15.5040,0.0011,-1.0000
16.6690,1.0000,16.8836,1.1552,0.4063,16.6664,16.6668,15.2697,0.0011,-1.0000
16.6659,1.0000,16.9005,1.3279,0.3853,16.7219,16.6558,15.4221,0.0011,-1.0000
16.6667,1.0000,16.9171,1.4160,0.4034,16.6104,16.6567,15.2422,0.0009,-1.0000
16.6675,1.0000,16.9338,1.1635,0.3860,16.6755,16.6617,15.3094,0.0014,-1.0000
16.6651,1.0000,16.9505,1.3958,0.4176,16.6747,16.6538,15.1198,0.0015,-1.0000
16.6671,1.0000,16.9671,1.2327,0.4126,16.6642,16.6533,15.0785,0.0013,-1.0000
16.6660,1.0000,16.9837,1.4133,0.4284,16.6656,16.6616,15.1700,0.0012,-1.0000
16.6684,1.0000,17.0005,1.3508,0.4168,16.6718,16.6658,15.3587,0.0013,-1.0000
16.6672,1.0000,17.0173,1.5326,0.4202,16.6628,16.6606,15.1812,0.0012,-1.0000
16.6667,1.0000,17.0339,1.5734,0.4770,16.6612,16.6479,14.9003,0.0017,-1.0000
16.6661,1.0000,17.0504,1.4904,0.3912,16.6683,16.6631,15.2226,0.0012,-1.0000
16.6655,1.0000,17.0671,1.3059,0.4439,16.6736,16.6486,15.2459,0.0013,-1.0000
16.6685,1.0000,17.0836,1.4779,0.5956,16.6708,16.6650,15.3620,0.0011,-1.0000
16.6672,1.0000,17.1004,1.7460,0.4424,16.6577,16.6599,15.5189,0.0011,-1.0000
16.6656,1.0000,17.1172,1.4394,0.4861,16.6728,16.7041,15.1774,0.0016,-1.0000
16.6663,1.0000,17.1337,1.4014,0.3809,16.6557,16.6049,15.1275,0.0013,-1.0000
16.6674,1.0000,17.1504,1.3019,0.4281,16.6726,16.6627,15.3993,0.0011,-1.0000
16.6643,1.0000,17.1671,1.1398,0.4035,16.6678,16.6882,15.4493,0.0009,-1.0000
16.6683,1.0000,17.1837,1.5252,0.3977,16.7130,16.6357,15.4902,0.0011,-1.0000
16.6677,1.0000,17.2005,1.4762,0.7240,16.6134,16.6633,15.5298,0.0009,-1.0000
16.6671,1.0000,17.2172,1.2622,0.3769,16.6707,16.7001,15.3294,0.0012,-1.0000
16.6664,1.0000,17.2338,1.2381,0.3477,16.6942,16.6055,15.0948,0.0013,-1.0000
16.6673,1.0000,17.2505,1.1444,0.3623,16.6433,16.6608,15.3479,0.0009,-1.0000
16.6672,1.0000,17.2671,1.1324,0.3800,16.6734,16.6463,15.2255,0.0014,-1.0000
16.6648,1.0000,17.2838,1.3695,0.4791,16.7096,16.7420,15.3189,0.0012,-1.0000
16.6671,1.0000,17.3004,1.5094,0.4249,16.6150,16.6194,15.2877,0.0012,-1.0000
16.6681,1.0000,17.3171,1.3117,0.5091,16.6710,16.6716,15.3424,0.0017,-1.0000
16.6656,1.0000,17.3338,1.4196,0.3983,16.6553,16.6581,15.3297,0.0010,-1.0000
16.6678,1.0000,17.3505,1.4220,0.4010,16.7503,16.6941,15.2450,0.0011,-1.0000
16.6652,1.0000,17.3672,1.3302,0.5148,16.6262,16.6061,15.2712,0.0010,-1.0000
16.6687,1.0000,17.3837,1.3274,0.4776,16.6798,16.6586,15.2013,0.0010,-1.0000
16.6658,1.0000,17.4006,1.3273,0.4097,16.6667,16.7685,15.4320,0.0012,-1.0000
16.6670,1.0000,17.4171,1.4478,0.4380,16.7022,16.5656,15.1443,0.0016,-1.0000
16.6662,1.0000,17.4338,1.3340,0.3772,16.6141,16.6567,15.2145,0.0010,-1.0000
16.6676,1.0000,17.4506,1.4562,0.4084,16.6673,16.7003,15.2450,0.0010,-1.0000
16.6653,1.0000,17.4671,1.3352,0.4212,16.7772,16.5641,14.9970,0.0013,-1.0000
16.6668,1.0000,17.4837,1.4194,0.5006,16.5738,16.7072,15.4374,0.0008,-1.0000
16.6679,1.0000,17.5005,1.4411,0.4386,16.6661,16.6679,15.3457,0.0013,-1.0000
16.6660,1.0000,17.5171,1.4543,0.4071,16.7089,16.6310,15.2533,0.0010,-1.0000
16.6658,1.0000,17.5338,1.5656,0.3784,16.5724,16.6741,15.2266,0.0011,-1.0000
16.6665,1.0000,17.5504,1.2687,0.4553,16.7147,16.6504,15.2712,0.0010,-1.0000
16.6690,1.0000,17.5672,1.3211,0.4839,16.6764,16.6729,15.2782,0.0013,-1.0000
16.6668,1.0000,17.5838,1.3767,0.4090,16.6415,16.6627,15.2278,0.0012,-1.0000
16.6662,1.0000,17.6007,1.4461,0.3815,16.6814,16.7060,15.3142,0.0013,-1.0000
16.6690,1.0000,17.6173,1.3780,0.4021,16.6561,16.6113,14.9243,0.0015,-1.0000
16.6643,1.0000,17.6338,1.3937,0.4372,16.6808,16.6230,15.1800,0.0011,-1.0000
16.6691,1.0000,17.6507,1.4337,0.4119,16.6716,16.8586,15.3157,0.0011,-1.0000
16.6645,1.0000,17.6671,1.3906,0.4333,16.7169,16.4510,14.9658,0.0013,-1.0000
16.6669,1.0000,17.6838,1.6850,0.4138,16.6221,16.7020,15.1594,0.0009,-1.0000
16.6660,1.0000,17.7005,1.4415,0.5070,16.6344,16.6168,15.3086,0.0013,-1.0000
16.6674,1.0000,17.7171,1.5415,0.4464,16.8685,16.6385,15.2885,0.0012,-1.0000
16.6669,1.0000,17.7338,1.4836,0.4024,16.4594,16.6547,15.2754,0.0013,-1.0000
16.6659,1.0000,17.7504,1.5415,0.4133,16.7106,16.6528,15.2770,0.0015,-1.0000
16.6680,1.0000,17.7672,1.3067,0.4502,16.6248,16.6689,15.3171,0.0013,-1.0000
16.6662,1.0000,17.7838,1.3487,0.5171,16.6466,16.6501,15.0544,0.0014,-1.0000
16.6673,1.0000,17.8005,1.3781,0.4092,16.6625,16.6640,15.0762,0.0013,-1.0000
16.6665,1.0000,17.8171,1.3754,0.4333,16.6635,16.6722,15.2947,0.0011,-1.0000
16.6665,1.0000,17.8338,1.3508,0.4323,16.6774,16.7001,15.2070,0.0016,-1.0000
16.6669,1.0000,17.8505,1.5945,0.4140,16.6594,16.6352,15.1608,0.0014,-1.0000
16.6670,1.0000,17.8673,1.5866,0.5034,16.6742,16.6669,15.3086,0.0012,-1.0000
16.6659,1.0000,17.8837,1.3764,0.4246,16.6817,16.6496,15.0369,0.0012,-1.0000
16.6682,1.0000,17.9006,1.4917,0.4117,16.7078,16.7110,15.3996,0.0012,-1.0000
16.6660,1.0000,17.9171,1.4727,0.3937,16.6433,16.5995,15.0612,0.0014,-1.0000
16.6680,1.0000,17.9339,1.3570,0.4275,16.6764,16.6592,15.1922,0.0010,-1.0000
16.6647,1.0000,17.9506,1.6113,0.4237,16.6587,16.6931,15.1734,0.0014,-1.0000
16.6675,1.0000,17.9671,1.3101,0.4461,16.7215,16.5828,15.1153,0.0012,-1.0000
16.6659,1.0000,17.9837,1.5369,0.4122,16.6090,16.6554,15.1509,0.0014,-1.0000
16.6670,1.0000,18.0004,1.4661,0.4113,16.6703,16.6594,15.3238,0.0013,-1.0000
16.6665,1.0000,18.0172,1.5182,0.3951,16.7016,16.6660,15.2976,0.0011,-1.0000
16.6661,1.0000,18.0338,1.4665,0.5118,16.5899,16.6535,14.9814,0.0015,-1.0000
16.6677,1.0000,18.0505,1.5027,0.4795,16.6627,16.6677,15.2645,0.0013,-1.0000
16.6671,1.0000,18.0672,1.3347,0.3932,16.6680,16.7031,14.6864,0.0017,-1.0000
16.6674,1.0000,18.0837,1.3676,0.4204,16.6744,16.6094,15.1882,0.0014,-1.0000
16.6659,1.0000,18.1005,1.6705,0.4056,16.6616,16.6522,15.3796,0.0011,-1.0000
16.6651,1.0000,18.1171,1.4017,0.4342,16.6742,16.6575,15.3024,0.0014,-1.0000
16.6681,1.0000,18.1337,2.0150,0.4161,16.7138,16.6595,15.3530,0.0013,-1.0000
16.6668,1.0000,18.1504,1.4198,0.4042,16.6177,16.6660,15.4248,0.0011,-1.0000
16.6669,1.0000,18.1671,1.2713,0.3916,16.6601,16.6565,15.3000,0.0011,-1.0000
16.6674,1.0000,18.1837,1.3539,0.3785,16.6646,16.6624,15.2692,0.0016,-1.0000
16.6656,1.0000,18.2005,1.3048,0.3994,16.6675,16.6475,15.4068,0.0010,-1.0000
16.6670,1.0000,18.2171,1.2402,0.4446,16.6742,16.6624,15.2939,0.0011,-1.0000
16.6674,1.0000,18.2338,1.3556,0.4153,16.6647,16.6639,15.3351,0.0012,-1.0000
16.6669,1.0000,18.2504,1.3919,0.3890,16.6728,16.6545,15.2298,0.0014,-1.0000
16.6671,1.0000,18.2672,1.2397,0.4134,16.6562,16.6627,15.2545,0.0011,-1.0000
16.6658,1.0000,18.2837,1.3676,0.5267,16.6700,16.6525,15.2503,0.0011,-1.0000
16.6665,1.0000,18.3004,1.3275,0.3911,16.6728,16.6628,15.3322,0.0011,-1.0000
16.6677,1.0000,18.3172,1.4230,0.4214,16.6628,16.6591,15.2945,0.0013,-1.0000
16.6658,1.0000,18.3338,1.4067,0.3930,16.6712,16.6569,15.1626,0.0011,-1.0000
16.6658,1.0000,18.3508,1.4010,0.4118,16.6605,16.6968,15.3419,0.0013,-1.0000
16.6666,1.0000,18.3672,1.3295,0.4489,16.6708,16.6168,14.8977,0.0012,-1.0000
16.6671,1.0000,18.3836,1.3632,0.3828,16.6672,16.6510,15.2229,0.0012,-1.0000
16.6674,1.0000,18.4005,1.4935,0.4155,16.6663,16.7202,15.5083,0.0009,-1.0000
16.6665,1.0000,18.4171,1.3538,0.4153,16.7056,16.6017,15.1743,0.0013,-1.0000
16.6682,1.0000,18.4339,1.7178,0.4095,16.6246,16.6651,15.4311,0.0011,-1.0000
16.6640,1.0000,18.4505,1.4265,0.3920,16.6578,16.6881,15.2554,0.0013,-1.0000
16.6677,1.0000,18.4671,1.2111,0.3932,16.7286,16.6217,15.2389,0.0012,-1.0000
16.6676,1.0000,18.4837,1.4261,0.3665,16.6092,16.6685,15.3752,0.0013,-1.0000
16.6671,1.0000,18.5005,1.2333,0.3796,16.6732,16.6581,15.3591,0.0015,-1.0000
16.6674,1.0000,18.5173,1.4317,0.3653,16.6956,16.7119,15.2345,0.0016,-1.0000
16.6655,1.0000,18.5339,1.3815,0.3808,16.6294,16.6378,15.0597,0.0015,-1.0000
16.6674,1.0000,18.5505,1.2919,0.4653,16.6757,16.6762,15.1167,0.0015,-1.0000
16.6671,1.0000,18.5671,1.2976,0.4191,16.6655,16.6467,15.2034,0.0013,-1.0000
16.6656,1.0000,18.5837,1.4759,0.4144,16.7203,16.6952,15.3100,0.0011,-1.0000
16.6676,1.0000,18.6006,1.5767,0.4118,16.6462,16.6107,15.3499,0.0012,-1.0000
16.6651,1.0000,18.6172,1.5582,0.4943,16.6839,16.6497,15.1972,0.0010,-1.0000
16.6687,1.0000,18.6339,1.4420,0.4011,16.6557,16.7909,15.1802,0.0012,-1.0000
16.6650,1.0000,18.6505,1.3841,0.3948,16.7029,16.5410,15.3038,0.0010,-1.0000
16.6668,1.0000,18.6672,1.2594,0.4021,16.6186,16.6965,15.3578,0.0014,-1.0000
16.6677,1.0000,18.6838,1.4514,0.3877,16.6576,16.6617,15.2139,0.0010,-1.0000
16.6668,1.0000,18.7005,1.6094,0.7090,16.7980,16.5858,15.3261,0.0011,-1.0000
16.6672,1.0000,18.7172,1.2361,0.5507,16.5480,16.7315,15.2923,0.0010,-1.0000
16.6684,1.0000,18.7339,1.3374,0.4836,16.7049,16.6445,15.1456,0.0015,-1.0000
16.6660,1.0000,18.7505,1.4468,0.4318,16.6697,16.6273,15.1734,0.0012,-1.0000
16.6660,1.0000,18.7673,1.2589,0.3944,16.5932,16.6871,15.2354,0.0014,-1.0000
16.6674,1.0000,18.7838,1.4385,0.4644,16.7391,16.6439,15.0391,0.0011,-1.0000
16.6668,1.0000,18.8005,1.4975,0.4337,16.6543,16.6762,15.2325,0.0013,-1.0000
16.6665,1.0000,18.8172,1.4527,0.3857,16.6369,16.6388,15.3152,0.0012,-1.0000
16.6667,1.0000,18.8339,1.4500,0.3889,16.6951,16.6998,15.2827,0.0013,-1.0000
16.6663,1.0000,18.8505,1.6037,0.3902,16.6524,16.6066,15.2885,0.0013,-1.0000
16.6671,1.0000,18.8672,1.4424,0.4257,16.6856,16.6673,15.2403,0.0010,-1.0000
16.6669,1.0000,18.8838,1.3223,0.4369,16.6476,16.7404,15.1764,0.0014,-1.0000
16.6654,1.0000,18.9004,1.4158,0.3898,16.7083,16.5429,15.1590,0.0012,-1.0000
16.6674,1.0000,18.9171,1.3167,0.4080,16.6145,16.6827,15.4019,0.0014,-1.0000
16.6676,1.0000,18.9339,1.4260,0.3982,16.6762,16.6729,15.1697,0.0013,-1.0000
16.6664,1.0000,18.9505,1.5626,0.5474,16.7485,16.6128,15.1321,0.0010,-1.0000
16.6676,1.0000,18.9672,1.3827,0.3888,16.5500,16.6578,15.2457,0.0011,-1.0000
16.6662,1.0000,18.9837,1.2795,0.4480,16.6897,16.6588,15.2315,0.0012,-1.0000
16.6654,1.0000,19.0004,1.5021,0.4665,16.6823,16.6531,15.3803,0.0015,-1.0000
16.6677,1.0000,19.0172,1.4797,0.4321,16.6215,16.6684,15.3881,0.0011,-1.0000
16.6667,1.0000,19.0339,1.4109,0.4966,16.6667,16.6594,15.1889,0.0012,-1.0000
16.6662,1.0000,19.0505,1.4264,0.4243,16.6667,16.6765,15.1378,0.0013,-1.0000
16.6680,1.0000,19.0671,1.2714,0.3973,16.6600,16.7003,15.3388,0.0012,-1.0000
16.6659,1.0000,19.0837,1.2794,0.4236,16.6763,16.6309,15.3304,0.0011,-1.0000
16.6673,1.0000,19.1005,1.4691,0.4148,16.6674,16.6789,15.4153,0.0009,-1.0000
16.6652,1.0000,19.1172,1.5374,0.5029,16.6846,16.6378,15.2092,0.0012,-1.0000
16.6678,1.0000,19.1338,1.3606,0.3939,16.7086,16.6926,15.2376,0.0009,-1.0000
16.6650,1.0000,19.1504,1.2993,0.4128,16.6381,16.6148,15.3093,0.0011,-1.0000
16.6670,1.0000,19.1670,1.2624,0.4491,16.6868,16.6651,15.5199,0.0010,-1.0000
16.6668,1.0000,19.1837,1.4275,0.4570,16.6454,16.7049,15.5851,0.0009,-1.0000
16.6663,1.0000,19.2005,1.4540,0.4213,16.6992,16.5816,15.5041,0.0011,-1.0000
16.6663,1.0000,19.2170,1.3045,0.3662,16.6209,16.6534,15.3733,0.0013,-1.0000
16.6674,1.0000,19.2337,1.1443,0.3371,16.6706,16.6702,15.6535,0.0009,-1.0000
16.6673,1.0000,19.2504,1.1195,0.3563,16.7118,16.6659,15.5681,0.0009,-1.0000
16.6661,1.0000,19.2671,1.0763,0.3424,16.5869,16.6558,15.5192,0.0011,-1.0000
16.6667,1.0000,19.2836,1.2789,0.3528,16.6582,16.6617,15.4740,0.0012,-1.0000
16.6661,1.0000,19.3004,1.0160,0.3617,16.6753,16.7026,15.5663,0.0011,-1.0000
16.6667,1.0000,19.3170,1.0968,0.3503,16.6715,16.6196,15.3985,0.0012,-1.0000
16.6671,1.0000,19.3337,1.1354,0.3527,16.6612,16.6602,15.5845,0.0009,-1.0000
16.6685,1.0000,19.3504,1.1867,0.3416,16.6673,16.6713,15.5195,0.0011,-1.0000
16.6660,1.0000,19.3672,1.1354,0.3674,16.7076,16.6559,15.3401,0.0063,-1.0000
16.6659,1.0000,19.3836,1.2199,0.3460,16.6246,16.6531,15.3840,0.0011,-1.0000
16.6680,1.0000,19.4003,1.0748,0.3755,16.6653,16.6665,15.7413,0.0010,-1.0000
16.6660,1.0000,19.4170,1.1504,0.4126,16.6775,16.6625,15.5993,0.0009,-1.0000
16.6666,1.0000,19.4337,1.3092,0.3391,16.6615,16.6634,15.6601,0.0010,-1.0000
16.6684,1.0000,19.4505,1.2680,0.3391,16.6584,16.6683,15.5717,0.0011,-1.0000
16.6650,1.0000,19.4670,0.9242,0.3848,16.6718,16.6482,15.4032,0.0009,-1.0000
16.6661,1.0000,19.4836,1.0623,0.3574,16.6672,16.6608,15.6613,0.0007,-1.0000
16.6686,1.0000,19.5004,1.0022,0.3673,16.6690,16.6717,15.7402,0.0008,-1.0000
16.6659,1.0000,19.5170,1.0953,0.3688,16.6750,16.6534,15.5550,0.0010,-1.0000
16.6672,1.0000,19.5337,1.2441,0.3476,16.6541,16.6641,15.6189,0.0010,-1.0000
16.6665,1.0000,19.5504,0.9988,0.3446,16.6658,16.6606,15.5204,0.0009,-1.0000
16.6663,1.0000,19.5670,0.9305,0.3527,16.6775,16.6559,15.6049,0.0012,-1.0000
16.6664,1.0000,19.5836,1.0977,0.3429,16.6595,16.7032,15.6128,0.0009,-1.0000
16.6671,1.0000,19.6004,1.0443,0.3425,16.6703,16.6198,15.7059,0.0013,-1.0000
16.6677,1.0000,19.6171,1.1391,0.3346,16.6658,16.6669,15.5884,0.0011,-1.0000
16.6654,1.0000,19.6337,1.0498,0.3351,16.6615,16.6959,15.2007,0.0011,-1.0000
16.6681,1.0000,19.6504,1.0900,0.3611,16.7081,16.6267,15.6243,0.0011,-1.0000
16.6658,1.0000,19.6670,0.9128,0.3415,16.6245,16.6585,15.5622,0.0011,-1.0000
16.6663,1.0000,19.6837,1.0773,0.3840,16.6723,16.7097,15.6325,0.0009,-1.0000
16.6673,1.0000,19.7005,1.4944,0.3588,16.7007,16.6198,15.4976,0.0012,-1.0000
16.6666,1.0000,19.7170,1.0013,0.3543,16.6315,16.6522,15.3826,0.0014,-1.0000
16.6675,1.0000,19.7337,1.0954,0.3452,16.6641,16.6659,15.6172,0.0012,-1.0000
16.6687,1.0000,19.7505,1.0765,0.3543,16.7157,16.7156,15.5381,0.0009,-1.0000
16.6646,1.0000,19.7671,1.1210,0.3537,16.6260,16.6481,15.2649,0.0010,-1.0000
16.6681,1.0000,19.7838,1.2682,0.4068,16.6573,16.6841,15.5398,0.0010,-1.0000
16.6666,1.0000,19.8004,1.0477,0.3625,16.6717,16.6411,15.2855,0.0009,-1.0000
16.6687,1.0000,19.8172,1.1762,0.3919,16.7227,16.7215,15.4039,0.0010,-1.0000
16.6673,1.0000,19.8338,1.3822,0.3593,16.6546,16.5944,15.1615,0.0011,-1.0000
16.6660,1.0000,19.8505,1.1434,0.3741,16.6911,16.6565,15.1774,0.0018,-1.0000
16.6638,1.0000,19.8673,1.3548,0.4772,16.6478,16.7405,15.2604,0.0012,-1.0000
16.6686,1.0000,19.8837,1.3165,0.4228,16.7292,16.5808,15.3526,0.0009,-1.0000
16.6676,1.0000,19.9005,1.4322,0.4083,16.6038,16.6977,15.5074,0.0011,-1.0000
16.6647,1.0000,19.9171,1.4774,0.4115,16.6655,16.6391,15.3126,0.0011,-1.0000
16.6680,1.0000,19.9337,1.4790,0.3347,16.7472,16.6004,15.5030,0.0009,-1.0000
16.6678,1.0000,19.9506,1.2274,0.3993,16.5876,16.7142,15.4618,0.0011,-1.0000
16.6667,1.0000,19.9672,1.1891,0.3757,16.7055,16.6986,15.1159,0.0017,-1.0000
16.6669,1.0000,19.9838,1.3254,0.3722,16.6464,16.6130,15.0809,0.0014,-1.0000
16.6653,1.0000,20.0005,1.0965,0.3695,16.6064,16.6555,15.1106,0.0012,-1.0000
16.6867,1.0000,20.0172,1.2513,0.4194,16.7216,16.6848,15.3264,0.0013,-1.0000
16.6657,1.0000,20.0339,1.5811,0.4461,16.7071,16.6487,15.2426,0.0014,-1.0000
16.6661,1.0000,20.0504,1.5307,0.4599,16.6227,16.6648,15.1025,0.0013,-1.0000
16.6673,1.0000,20.0671,1.5439,0.4330,16.6646,16.6787,15.4921,0.0010,-1.0000
16.6663,1.0000,20.0838,1.3572,0.4632,16.6932,16.6246,15.3616,0.0009,-1.0000
16.6669,1.0000,20.1005,1.4046,0.5203,16.6573,16.6552,15.4891,0.0012,-1.0000
16.6679,1.0000,20.1173,1.5613,0.4586,16.6719,16.7524,15.4027,0.0010,-1.0000
16.6660,1.0000,20.1338,1.1856,0.4056,16.6849,16.5610,15.2020,0.0011,-1.0000
16.6674,1.0000,20.1505,1.2619,0.4082,16.6303,16.6741,15.3812,0.0009,-1.0000
16.6650,1.0000,20.1672,1.1650,0.3943,16.6619,16.6447,15.4103,0.0009,-1.0000
16.6671,1.0000,20.1836,1.3486,0.4155,16.7593,16.6333,15.3291,0.0013,-1.0000
16.6672,1.0000,20.2005,1.3577,0.4524,16.5680,16.6604,15.4971,0.0010,-1.0000
16.6664,1.0000,20.2173,1.2918,0.3825,16.6813,16.6617,15.2978,0.0012,-1.0000
16.6686,1.0000,20.2338,1.2335,0.3866,16.6521,16.6643,15.3650,0.0011,-1.0000
16.6654,1.0000,20.2504,1.3030,0.3895,16.6397,16.6524,15.3931,0.0010,-1.0000
16.6666,1.0000,20.2671,1.1622,0.3897,16.6664,16.6660,15.3989,0.0013,-1.0000
16.6667,1.0000,20.2838,1.3627,0.3779,16.6681,16.6907,15.3058,0.0011,-1.0000
16.6679,1.0000,20.3005,1.2981,0.4098,16.6714,16.6827,15.3699,0.0013,-1.0000
16.6657,1.0000,20.3171,1.2587,0.3750,16.6584,16.6425,15.3491,0.0013,-1.0000
16.6672,1.0000,20.3338,1.2659,0.4050,16.6717,16.6629,15.5225,0.0009,-1.0000
16.6658,1.0000,20.3504,1.3837,0.4122,16.6973,16.6644,15.5202,0.0012,-1.0000
16.6668,1.0000,20.3672,1.3114,0.3946,16.6890,16.6840,15.3692,0.0017,-1.0000
16.6664,1.0000,20.3836,1.2920,0.3696,16.6486,16.6260,15.4527,0.0011,-1.0000
16.6673,1.0000,20.4004,1.1394,0.4052,16.6684,16.6597,15.6986,0.0010,-1.0000
16.6668,1.0000,20.4171,1.1428,0.3687,16.6704,16.6989,15.5710,0.0008,-1.0000
16.6668,1.0000,20.4337,1.3131,0.3393,16.6895,16.5982,15.5907,0.0009,-1.0000
16.6666,1.0000,20.4504,1.1722,0.3466,16.6304,16.6548,15.5135,0.0013,-1.0000
16.6663,1.0000,20.4671,0.9602,0.3451,16.6646,16.6618,15.4225,0.0013,-1.0000
16.6675,1.0000,20.4837,1.1271,0.3512,16.7031,16.6655,15.3565,0.0012,-1.0000
16.6674,1.0000,20.5004,1.0063,0.3435,16.6040,16.6584,15.5045,0.0009,-1.0000
16.6662,1.0000,20.5171,1.1400,0.3958,16.6603,16.6599,15.6046,0.0009,-1.0000
16.6663,1.0000,20.5338,1.2380,0.4158,16.6674,16.7038,15.3597,0.0016,-1.0000
16.6663,1.0000,20.5504,1.3076,0.3426,16.6717,16.6168,15.4375,0.0011,-1.0000
16.6675,1.0000,20.5670,1.1531,0.3486,16.6646,16.6630,15.5612,0.0010,-1.0000
16.6668,1.0000,20.5836,1.0545,0.3529,16.6653,16.6625,15.5823,0.0010,-1.0000
16.6675,1.0000,20.6004,1.3429,0.3814,16.7094,16.6680,15.7203,0.0010,-1.0000
16.6665,1.0000,20.6172,1.1780,0.3279,16.6210,16.6623,15.4873,0.0013,-1.0000
16.6682,1.0000,20.6338,1.1007,0.3676,16.6685,16.6600,15.3202,0.0012,-1.0000
16.6653,1.0000,20.6504,1.0792,0.3688,16.6674,16.6577,15.3471,0.0013,-1.0000
16.6671,1.0000,20.6670,0.9468,0.3784,16.6734,16.6569,15.5438,0.0012,-1.0000
16.6657,1.0000,20.6836,1.1739,0.3910,16.6687,16.6613,15.6731,0.0010,-1.0000
16.6673,1.0000,20.7004,1.3384,0.4932,16.6670,16.6618,15.7448,0.0009,-1.0000
16.6659,1.0000,20.7170,1.3093,0.3687,16.6634,16.6591,15.4950,0.0010,-1.0000
16.6681,1.0000,20.7337,1.1120,0.3459,16.6612,16.6703,15.5940,0.0011,-1.0000
16.6659,1.0000,20.7504,0.9872,0.4119,16.6665,16.6576,15.5258,0.0010,-1.0000
16.6678,1.0000,20.7672,0.9161,0.3534,16.6665,16.6686,15.5638,0.0011,-1.0000
16.6669,1.0000,20.7837,1.1631,0.3685,16.6637,16.6572,15.2215,0.0009,-1.0000
16.6666,1.0000,20.8004,1.0752,0.3765,16.6756,16.6619,15.3654,0.0010,-1.0000
16.6655,1.0000,20.8171,1.1310,0.3676,16.6630,16.7009,15.3930,0.0012,-1.0000
16.6690,1.0000,20.8338,1.1037,0.4366,16.6753,16.6296,15.3815,0.0013,-1.0000
16.6673,1.0000,20.8506,1.4347,0.4084,16.6632,16.6628,15.3177,0.0015,-1.0000
16.6653,1.0000,20.8673,1.2953,0.4851,16.6678,16.7024,15.1569,0.0014,-1.0000
16.6680,1.0000,20.8837,1.3069,0.4016,16.7066,16.6082,15.1564,0.0011,-1.0000
16.6668,1.0000,20.9005,1.2468,0.4515,16.6361,16.6637,15.3838,0.0010,-1.0000
16.7860,1.0000,20.9173,1.3437,0.4573,16.6708,16.8203,15.4950,0.0013,-1.0000
16.6685,1.0000,20.9339,1.5450,0.5026,16.7109,16.6064,15.3029,0.0012,-1.0000
16.6657,1.0000,20.9506,1.4508,0.5388,16.6148,16.6615,15.3277,0.0011,-1.0000
16.6680,1.0000,20.9673,1.2786,0.3897,16.6725,16.6631,15.2453,0.0009,-1.0000
16.6651,1.0000,20.9838,1.3242,0.4235,16.8283,16.6990,15.4068,0.0010,-1.0000
16.6680,1.0000,21.0006,1.3021,0.3852,16.6162,16.6661,15.3546,0.0010,-1.0000
16.6659,1.0000,21.0173,1.3328,0.4616,16.6700,16.6639,15.3417,0.0012,-1.0000
16.6663,1.0000,21.0340,1.4166,0.4450,16.6706,16.6470,15.1800,0.0010,-1.0000
16.6670,1.0000,21.0506,1.2913,0.5038,16.7082,16.6980,15.3136,0.0011,-1.0000
16.6688,1.0000,21.0674,1.3105,0.3697,16.6735,16.6260,15.4579,0.0009,-1.0000
16.6665,1.0000,21.0838,1.3209,0.4108,16.6730,16.6513,15.1890,0.0013,-1.0000
16.6650,1.0000,21.1007,1.4660,0.4655,16.6541,16.7371,15.4990,0.0010,-1.0000
16.6658,1.0000,21.1173,1.3836,0.3938,16.7039,16.5770,15.3955,0.0011,-1.0000
16.6703,1.0000,21.1340,1.1671,0.4896,16.6333,16.6798,15.3897,0.0013,-1.0000
16.6658,1.0000,21.1507,1.4609,0.4000,16.6603,16.6874,15.1042,0.0017,-1.0000
16.6662,1.0000,21.1673,1.2373,0.3694,16.7445,16.5746,15.0861,0.0014,-1.0000
16.6658,1.0000,21.1839,1.1805,0.3495,16.5826,16.7079,15.4057,0.0013,-1.0000
16.6683,1.0000,21.2007,1.2888,0.5268,16.6871,16.6842,15.3792,0.0010,-1.0000
16.6658,1.0000,21.2173,1.5820,0.4984,16.6960,16.6336,15.2161,0.0010,-1.0000
16.6675,1.0000,21.2340,1.4871,0.3785,16.5824,16.6776,15.2342,0.0010,-1.0000
16.6665,1.0000,21.2506,1.3007,0.4320,16.7155,16.6376,15.3482,0.0013,-1.0000
16.6657,1.0000,21.2672,1.3038,0.4147,16.6922,16.6488,15.3387,0.0011,-1.0000
16.6679,1.0000,21.2840,1.4163,0.4919,16.6409,16.6861,15.4119,0.0012,-1.0000
16.6667,1.0000,21.3007,1.4425,0.3824,16.6857,16.6894,15.1107,0.0011,-1.0000
16.6674,1.0000,21.3173,1.2883,0.3862,16.6452,16.6103,15.2591,0.0013,-1.0000
16.6636,1.0000,21.3339,1.3087,0.3610,16.6555,16.6353,15.2883,0.0013,-1.0000
16.6686,1.0000,21.3508,1.2731,0.4438,16.6934,16.7810,15.5876,0.0009,-1.0000
16.6658,1.0000,21.3674,1.5775,0.5336,16.6975,16.5447,15.1592,0.0016,-1.0000
16.6685,1.0000,21.3839,1.3495,0.4128,16.6187,16.6754,15.3303,0.0011,-1.0000
16.6651,1.0000,21.4006,1.3459,0.3430,16.6423,16.6403,15.2182,0.0013,-1.0000
16.6689,1.0000,21.4173,1.1925,0.3978,16.7878,16.6448,15.4602,0.0010,-1.0000
16.6661,1.0000,21.4340,1.3841,0.3844,16.5524,16.6490,15.2768,0.0013,-1.0000
16.6652,1.0000,21.4506,1.3437,0.4898,16.6832,16.6492,15.3810,0.0014,-1.0000
16.6669,1.0000,21.4672,1.4213,0.3847,16.6478,16.6633,15.3663,0.0012,-1.0000
16.6689,1.0000,21.4839,1.1836,0.4208,16.6533,16.6660,15.4934,0.0007,-1.0000
16.6653,1.0000,21.5006,1.3710,0.3748,16.6579,16.6526,15.3092,0.0012,-1.0000
16.6658,1.0000,21.5172,1.2667,0.4315,16.6568,16.6807,15.4395,0.0011,-1.0000
16.6678,1.0000,21.5340,1.2959,0.3573,16.6694,16.6996,15.5302,0.0011,-1.0000
16.6683,1.0000,21.5507,1.1714,0.4088,16.6734,16.6623,15.3399,0.0010,-1.0000
16.6651,1.0000,21.5673,1.3424,0.3842,16.6599,16.6484,15.2231,0.0014,-1.0000
16.6678,1.0000,21.5839,1.2400,0.3579,16.6864,16.6686,15.4397,0.0011,-1.0000
16.6651,1.0000,21.6006,1.1685,0.4601,16.7056,16.6715,15.4685,0.0009,-1.0000
16.6681,1.0000,21.6173,1.3216,0.4822,16.6704,16.6249,15.2372,0.0009,-1.0000
16.6664,1.0000,21.6340,1.4244,0.3670,16.6559,16.6628,15.2914,0.0011,-1.0000
16.6670,1.0000,21.6506,1.2277,0.4900,16.6766,16.6975,15.2357,0.0016,-1.0000
16.6643,1.0000,21.6672,1.2023,0.4291,16.6788,16.5690,15.3593,0.0009,-1.0000
16.6688,1.0000,21.6838,1.3867,0.3921,16.6316,16.6715,15.6383,0.0010,-1.0000
16.6667,1.0000,21.7007,1.3705,0.4948,16.6715,16.6605,15.4749,0.0011,-1.0000
16.6685,1.0000,21.7173,1.4603,0.4025,16.7061,16.6649,15.1361,0.0014,-1.0000
16.6659,1.0000,21.7339,1.2090,0.3450,16.5758,16.6511,15.2530,0.0014,-1.0000
16.6679,1.0000,21.7506,1.0322,0.4023,16.6779,16.6691,15.4727,0.0010,-1.0000
16.6659,1.0000,21.7674,1.1845,0.4939,16.6685,16.7086,15.1867,0.0013,-1.0000
16.6669,1.0000,21.7839,1.5273,0.5334,16.6725,16.6062,15.1964,0.0015,-1.0000
16.6665,1.0000,21.8006,1.3966,0.4151,16.6591,16.6574,15.3424,0.0012,-1.0000
16.6670,1.0000,21.8173,1.1949,0.4429,16.6764,16.6626,15.3138,0.0013,-1.0000
16.6654,1.0000,21.8339,1.5210,0.3985,16.7183,16.6500,15.2113,0.0012,-1.0000
16.6684,1.0000,21.8507,1.4083,0.3988,16.6142,16.6740,15.3310,0.0011,-1.0000
16.6663,1.0000,21.8673,1.3136,0.4556,16.6651,16.6431,15.1094,0.0012,-1.0000
16.6675,1.0000,21.8839,1.3469,0.4741,16.6703,16.6621,15.1619,0.0014,-1.0000
16.6654,1.0000,21.9006,1.4378,0.3961,16.6588,16.6548,15.3385,0.0009,-1.0000
16.6674,1.0000,21.9173,1.3418,0.4663,16.6824,16.6675,15.3416,0.0009,-1.0000
16.6670,1.0000,21.9339,1.5325,0.4774,16.6515,16.6539,15.2397,0.0014,-1.0000
16.6666,1.0000,21.9507,1.4990,0.4114,16.6710,16.6608,15.3934,0.0012,-1.0000
16.6678,1.0000,21.9673,1.3157,0.4126,16.6629,16.6564,15.1583,0.0012,-1.0000
16.6667,1.0000,21.9839,1.3247,0.4662,16.6747,16.6650,15.2134,0.0014,-1.0000
16.6657,1.0000,22.0006,1.4128,0.3872,16.6617,16.6524,15.2080,0.0012,-1.0000
16.6653,1.0000,22.0172,1.2662,0.5043,16.6703,16.6496,15.3174,0.0014,-1.0000
16.6683,1.0000,22.0340,1.4969,0.6021,16.6655,16.6670,15.5324,0.0009,-1.0000
16.6669,1.0000,22.0506,1.4501,0.4652,16.6739,16.7061,15.2971,0.0010,-1.0000
16.6665,1.0000,22.0673,1.4432,0.4160,16.6607,16.6121,14.9470,0.0014,-1.0000
16.6665,1.0000,22.0839,1.3306,0.3732,16.6563,16.6509,15.2200,0.0010,-1.0000
16.6665,1.0000,22.1007,1.1333,0.4113,16.6741,16.7096,15.4102,0.0012,-1.0000
16.6681,1.0000,22.1173,1.4079,0.5593,16.7142,16.6148,15.2371,0.0012,-1.0000
16.6651,1.0000,22.1340,1.6639,0.4258,16.6207,16.6503,15.3312,0.0011,-1.0000
16.6678,1.0000,22.1506,1.4298,0.4008,16.6582,16.7070,14.9958,0.0010,-1.0000
16.6645,1.0000,22.1672,1.2981,0.4270,16.7184,16.6134,15.2805,0.0011,-1.0000
16.6683,1.0000,22.1838,1.3767,0.3851,16.6226,16.6609,15.4732,0.0015,-1.0000
16.6677,1.0000,22.2007,1.3184,0.4961,16.6569,16.6716,15.5427,0.0011,-1.0000
16.6660,1.0000,22.2173,1.7103,0.4235,16.7142,16.6935,15.2155,0.0008,-1.0000
16.6670,1.0000,22.2339,1.3318,0.3533,16.6193,16.6667,15.4046,0.0009,-1.0000
16.6656,1.0000,22.2505,1.1861,0.4110,16.6665,16.6423,15.4151,0.0010,-1.0000
16.6695,1.0000,22.2674,1.1277,0.4201,16.6785,16.7104,15.5743,0.0010,-1.0000
16.6645,1.0000,22.2839,1.4771,0.4568,16.7001,16.6477,15.1556,0.0012,-1.0000
16.6662,1.0000,22.3005,1.2611,0.3824,16.6742,16.6166,15.3961,0.0010,-1.0000
16.6671,1.0000,22.3172,1.2263,0.3417,16.6484,16.6582,15.5278,0.0013,-1.0000
16.6670,1.0000,22.3340,1.1348,0.4406,16.7191,16.7744,15.4925,0.0009,-1.0000
16.6664,1.0000,22.3506,1.4912,0.3964,16.6552,16.5611,15.3149,0.0011,-1.0000
16.6666,1.0000,22.3673,1.2197,0.4455,16.6223,16.6672,15.3463,0.0009,-1.0000
16.6667,1.0000,22.3839,1.1291,0.3654,16.6639,16.7076,15.1954,0.0010,-1.0000
16.6676,1.0000,22.4006,1.2810,0.3737,16.7811,16.5625,15.4966,0.0010,-1.0000
16.6682,1.0000,22.4173,1.2451,0.4138,16.5683,16.7269,15.4761,0.0011,-1.0000
16.6655,1.0000,22.4339,1.3199,0.3985,16.6737,16.6445,15.2115,0.0012,-1.0000
16.6678,1.0000,22.4508,1.5113,0.3615,16.7142,16.6729,15.4633,0.0010,-1.0000
16.6673,1.0000,22.4673,1.0651,0.4377,16.5694,16.6691,15.0004,0.0011,-1.0000
16.6650,1.0000,22.4839,1.2494,0.4241,16.7344,16.6357,15.3389,0.0011,-1.0000
16.6680,1.0000,22.5006,1.4320,0.3640,16.6517,16.6610,15.4216,0.0011,-1.0000
16.6654,1.0000,22.5173,1.2085,0.4416,16.6803,16.6664,15.3102,0.0011,-1.0000
16.6675,1.0000,22.5341,1.6679,0.3881,16.6767,16.6933,15.4017,0.0009,-1.0000
16.6651,1.0000,22.5505,1.2956,0.4696,16.6428,16.6018,15.2548,0.0010,-1.0000
16.6687,1.0000,22.5673,1.2383,0.4331,16.6679,16.6629,15.5795,0.0011,-1.0000
16.6643,1.0000,22.5838,1.3551,0.3436,16.6733,16.7358,15.4269,0.0011,-1.0000
16.6699,1.0000,22.6006,1.2907,0.3469,16.6991,16.5901,15.5826,0.0009,-1.0000
16.6646,1.0000,22.6173,1.3463,0.3397,16.6077,16.6453,15.3532,0.0009,-1.0000
16.6664,1.0000,22.6339,1.0820,0.3650,16.6688,16.6548,15.4098,0.0015,-1.0000
16.6676,1.0000,22.6505,1.3079,0.4032,16.7410,16.6415,15.5473,0.0011,-1.0000
16.6666,1.0000,22.6673,1.0062,0.3614,16.5975,16.6658,15.5007,0.0011,-1.0000
16.6662,1.0000,22.6837,1.2908,0.3442,16.6518,16.6512,15.4608,0.0014,-1.0000
16.6668,1.0000,22.7006,1.2435,0.3478,16.6598,16.6693,15.6474,0.0008,-1.0000
16.6660,1.0000,22.7171,1.0931,0.3626,16.6474,16.6506,15.3924,0.0010,-1.0000
16.6683,1.0000,22.7339,1.1644,0.3402,16.6715,16.6703,15.6581,0.0010,-1.0000
16.6662,1.0000,22.7505,1.1891,0.3829,16.6568,16.6849,15.5010,0.0010,-1.0000
16.6672,1.0000,22.7673,1.0211,0.3348,16.6746,16.7015,15.5865,0.0013,-1.0000
16.6666,1.0000,22.7839,1.2572,0.3369,16.6558,16.6419,15.3822,0.0009,-1.0000
16.6676,1.0000,22.8006,1.0111,0.3501,16.6760,16.6738,15.4471,0.0010,-1.0000
16.6668,1.0000,22.8173,1.1829,0.3318,16.6910,16.6534,15.4718,0.0011,-1.0000
16.6664,1.0000,22.8340,1.1136,0.3450,16.7071,16.6912,15.3068,0.0012,-1.0000
16.6660,1.0000,22.8506,1.2587,0.3748,16.6480,16.6135,15.4158,0.0011,-1.0000
16.6684,1.0000,22.8674,1.2256,0.3383,16.6801,16.6617,15.5078,0.0010,-1.0000
16.6663,1.0000,22.8839,1.1808,0.4000,16.6596,16.7077,15.3254,0.0011,-1.0000
16.6661,1.0000,22.9005,1.3834,0.3384,16.6977,16.5724,15.5282,0.0008,-1.0000
16.6674,1.0000,22.9172,1.1967,0.3493,16.6206,16.6642,15.5872,0.0008,-1.0000
16.6661,1.0000,22.9339,1.1528,0.3382,16.6679,16.6698,15.5813,0.0009,-1.0000
16.6666,1.0000,22.9507,1.3814,0.3415,16.7136,16.6562,15.4124,0.0010,-1.0000
16.6678,1.0000,22.9672,1.0432,0.3357,16.5777,16.6611,15.2743,0.0012,-1.0000
16.6665,1.0000,22.9838,1.0759,0.3686,16.6693,16.6580,15.5312,0.0009,-1.0000
16.6666,1.0000,23.0006,1.0877,0.3273,16.6762,16.7039,15.4979,0.0008,-1.0000
16.6664,1.0000,23.0172,1.2427,0.3289,16.6621,16.6159,15.4176,0.0011,-1.0000
16.6673,1.0000,23.0339,1.3855,0.3459,16.6673,16.6609,15.4535,0.0010,-1.0000
16.6680,1.0000,23.0506,1.1260,0.3542,16.6642,16.6703,15.2299,0.0009,-1.0000
16.6663,1.0000,23.0673,1.2053,0.4172,16.7093,16.6513,15.5243,0.0011,-1.0000
16.6674,1.0000,23.0838,1.1971,0.4127,16.6225,16.6680,15.4068,0.0009,-1.0000
16.6661,1.0000,23.1006,1.2065,0.3561,16.6676,16.6555,15.4793,0.0011,-1.0000
16.6666,1.0000,23.1173,1.4389,0.3445,16.6768,16.6660,15.4018,0.0009,-1.0000
16.6665,1.0000,23.1339,1.1259,0.3757,16.6585,16.6493,15.3798,0.0013,-1.0000
16.6672,1.0000,23.1506,1.2603,0.3420,16.6748,16.6698,15.3934,0.0010,-1.0000
16.6682,1.0000,23.1673,1.1750,0.3458,16.6624,16.6597,15.3566,0.0017,-1.0000
16.6665,1.0000,23.1839,1.2635,0.3366,16.6731,16.6576,15.2402,0.0012,-1.0000
16.6669,1.0000,23.2007,1.2682,0.3765,16.6555,16.6600,15.2111,0.0010,-1.0000
16.6678,1.0000,23.2173,1.2752,0.3885,16.6771,16.6581,15.0960,0.0012,-1.0000
16.6652,1.0000,23.2339,1.3020,0.3747,16.6674,16.6549,15.1905,0.0018,-1.0000
16.6660,1.0000,23.2506,1.4161,0.6673,16.6669,16.6559,15.3555,0.0014,-1.0000
16.6663,1.0000,23.2672,1.4477,0.4460,16.6692,16.6550,15.4338,0.0009,-1.0000
16.6667,1.0000,23.2839,1.5608,0.4648,16.6671,16.7028,15.5333,0.0010,-1.0000
16.6675,1.0000,23.3006,1.4630,0.3635,16.6622,16.6236,15.3120,0.0013,-1.0000
16.6675,1.0000,23.3173,1.2991,0.3645,16.6632,16.6633,15.4066,0.0011,-1.0000
16.6671,1.0000,23.3340,1.2202,0.3391,16.6608,16.7030,15.3256,0.0011,-1.0000
16.6681,1.0000,23.3506,1.1686,0.4208,16.7093,16.6173,15.2487,0.0012,-1.0000
16.6657,1.0000,23.3673,1.3107,0.4723,16.6301,16.6602,15.2145,0.0012,-1.0000
16.6659,1.0000,23.3838,1.2559,0.4155,16.6705,16.6889,15.2405,0.0010,-1.0000
16.6664,1.0000,23.4006,1.3767,0.4330,16.7101,16.6274,15.5354,0.0009,-1.0000
16.6666,1.0000,23.4172,1.3676,0.4404,16.6243,16.6534,15.5145,0.0011,-1.0000
16.6679,1.0000,23.4340,1.4449,0.3517,16.6683,16.6665,15.5550,0.0009,-1.0000
16.6674,1.0000,23.4507,1.4475,0.4060,16.6960,16.7039,15.2455,0.0010,-1.0000
16.6652,1.0000,23.4672,1.0910,0.3313,16.6333,16.6493,15.3388,0.0010,-1.0000
16.6666,1.0000,23.4838,1.1379,0.4146,16.6593,16.6627,15.4797,0.0011,-1.0000
16.6661,1.0000,23.5006,1.1107,0.4006,16.6730,16.6639,15.5218,0.0009,-1.0000
16.6679,1.0000,23.5173,1.4571,0.3449,16.7111,16.7145,15.4835,0.0011,-1.0000
16.6665,1.0000,23.5341,1.3095,0.3804,16.6565,16.5975,15.4383,0.0010,-1.0000
16.6660,1.0000,23.5505,1.1821,0.3898,16.6696,16.6543,15.2665,0.0010,-1.0000
16.6686,1.0000,23.5674,1.1414,0.3221,16.6694,16.7571,15.5934,0.0010,-1.0000
16.6667,1.0000,23.5839,1.2297,0.3304,16.7207,16.6014,15.2523,0.0013,-1.0000
16.6665,1.0000,23.6006,1.1580,0.3368,16.6039,16.6447,15.4695,0.0012,-1.0000
16.6666,1.0000,23.6174,1.3867,0.3214,16.6606,16.6881,15.4103,0.0010,-1.0000
16.6674,1.0000,23.6343,1.1626,0.3524,16.7637,16.5844,15.2516,0.0010,-1.0000
16.6652,1.0000,23.6508,1.3478,0.3367,16.6084,16.7047,14.8328,0.0013,-1.0000
16.6674,1.0000,23.6673,1.1740,0.3667,16.6527,16.6695,15.2619,0.0011,-1.0000
16.6667,1.0000,23.6839,1.2768,0.3721,16.6953,16.6524,15.4106,0.0011,-1.0000
16.6672,1.0000,23.7008,1.3317,0.3575,16.5903,16.7009,15.3886,0.0013,-1.0000
16.6665,1.0000,23.7173,1.8707,0.3725,16.7120,16.6088,15.2052,0.0011,-1.0000
16.6666,1.0000,23.7339,1.4066,0.3329,16.6756,16.6588,15.4948,0.0009,-1.0000
16.6663,1.0000,23.7507,1.2406,0.3688,16.6595,16.6737,15.4877,0.0009,-1.0000
16.6675,1.0000,23.7673,1.3111,0.4366,16.7076,16.6832,15.4508,0.0012,-1.0000
16.6672,1.0000,23.7840,1.4024,0.3556,16.6169,16.6358,15.3483,0.0010,-1.0000
16.6673,1.0000,23.8006,1.1630,0.3910,16.6654,16.6471,15.2811,0.0011,-1.0000
16.6669,1.0000,23.8174,1.1851,0.3879,16.6801,16.7557,15.0076,0.0009,-1.0000
16.6682,1.0000,23.8341,1.2312,0.3903,16.6897,16.5740,15.2773,0.0010,-1.0000
16.6671,1.0000,23.8508,1.2865,0.3874,16.6425,16.6864,15.0992,0.0011,-1.0000
16.6621,1.0000,23.8672,1.3646,0.4617,16.6539,16.5834,14.8611,0.0012,-1.0000
16.6696,1.0000,23.8838,1.7471,0.3831,16.7634,16.6511,15.4534,0.0010,-1.0000
16.6654,1.0000,23.9006,1.2952,0.4949,16.5829,16.6549,15.6140,0.0009,-1.0000
16.6680,1.0000,23.9173,1.5859,0.5250,16.7001,16.6690,15.4776,0.0010,-1.0000
16.6672,1.0000,23.9340,1.7212,0.3039,16.5906,16.6603,15.3257,0.0010,-1.0000
16.6664,1.0000,23.9507,1.1964,0.3411,16.6565,16.6528,15.2987,0.0012,-1.0000
16.6662,1.0000,23.9673,1.0399,0.3472,16.6613,16.6615,15.3144,0.0012,-1.0000
16.6674,1.0000,23.9839,1.1902,0.3685,16.6756,16.6966,15.3657,0.0011,-1.0000
16.6666,1.0000,24.0007,1.3334,0.3780,16.6687,16.6916,15.2864,0.0014,-1.0000
16.8661,1.0000,24.0176,1.3526,0.4026,16.6598,16.8440,15.5687,0.0012,-1.0000
16.6676,1.0000,24.0342,1.3458,0.3760,16.6686,16.6510,15.2976,0.0011,-1.0000
16.6661,1.0000,24.0508,1.3298,0.3782,16.7039,16.6715,15.1203,0.0011,-1.0000
16.6668,1.0000,24.0676,1.4042,0.3353,16.6990,16.6885,15.3375,0.0011,-1.0000
16.6671,1.0000,24.0842,1.2742,0.4060,16.8518,16.6549,15.1858,0.0009,-1.0000
16.6673,1.0000,24.1008,1.3520,0.3894,16.6576,16.6219,15.4285,0.0012,-1.0000
16.6663,1.0000,24.1176,1.5499,0.4062,16.6786,16.7193,15.3778,0.0011,-1.0000
16.6658,1.0000,24.1341,1.3499,0.3963,16.6951,16.5622,15.0611,0.0010,-1.0000
16.6676,1.0000,24.1508,1.4681,0.4217,16.6604,16.6587,15.5067,0.0010,-1.0000
16.6682,1.0000,24.1675,1.1922,0.3706,16.6299,16.6599,15.4136,0.0010,-1.0000
16.6649,1.0000,24.1840,1.3401,0.4289,16.7272,16.6566,15.3343,0.0008,-1.0000
16.6668,1.0000,24.2009,1.5001,0.3586,16.5692,16.6556,15.5271,0.0010,-1.0000
16.6668,1.0000,24.2174,1.1509,0.4650,16.6659,16.6606,15.3173,0.0013,-1.0000
16.6700,1.0000,24.2344,1.2449,0.3501,16.6684,16.7465,15.5627,0.0009,-1.0000
16.6653,1.0000,24.2508,1.3215,0.3314,16.6636,16.5791,14.9103,0.0012,-1.0000
16.6662,1.0000,24.2674,1.1275,0.4674,16.6614,16.6560,15.4651,0.0009,-1.0000
16.6661,1.0000,24.2841,1.3421,0.3832,16.6659,16.6604,15.3878,0.0010,-1.0000
16.6669,1.0000,24.3008,1.1829,0.4660,16.7545,16.6673,15.4116,0.0011,-1.0000
16.6679,1.0000,24.3174,1.6677,0.3751,16.5868,16.6570,15.3600,0.0011,-1.0000
16.6656,1.0000,24.3341,1.1898,0.3600,16.6628,16.6639,15.4594,0.0011,-1.0000
16.6673,1.0000,24.3508,1.2717,0.4066,16.6676,16.6537,15.4761,0.0011,-1.0000
16.6664,1.0000,24.3675,1.2546,0.4085,16.6739,16.6605,15.5059,0.0008,-1.0000
16.6668,1.0000,24.3840,1.2958,0.4302,16.6645,16.6579,15.3145,0.0014,-1.0000
16.6673,1.0000,24.4008,1.2036,0.3524,16.6700,16.6672,15.6196,0.0009,-1.0000
16.6665,1.0000,24.4175,1.1767,0.3853,16.6602,16.6581,15.3330,0.0010,-1.0000
16.6660,1.0000,24.4341,1.1538,0.3384,16.6666,16.6586,15.4616,0.0013,-1.0000
16.6673,1.0000,24.4509,1.3422,0.4311,16.6639,16.6607,15.4842,0.0008,-1.0000
16.6662,1.0000,24.4674,1.0468,0.3551,16.6743,16.6528,15.3379,0.0009,-1.0000
16.6674,1.0000,24.4840,1.3244,0.3513,16.6649,16.6693,15.6029,0.0010,-1.0000
16.6663,1.0000,24.5008,1.1956,0.3450,16.6648,16.6582,15.5112,0.0010,-1.0000
16.6684,1.0000,24.5175,1.1758,0.3983,16.6676,16.7116,15.4501,0.0014,-1.0000
16.6651,1.0000,24.5342,1.3141,0.3439,16.6584,16.6067,15.4039,0.0013,-1.0000
16.6673,1.0000,24.5508,1.0655,0.3729,16.6748,16.6682,15.3875,0.0011,-1.0000
16.6679,1.0000,24.5675,1.1461,0.3696,16.6642,16.7072,15.4271,0.0012,-1.0000
16.6656,1.0000,24.5841,1.2603,0.3397,16.7188,16.6123,15.1575,0.0016,-1.0000
16.6666,1.0000,24.6008,1.2017,0.3545,16.6125,16.6518,15.5357,0.0011,-1.0000
16.6656,1.0000,24.6176,1.2796,0.4599,16.6752,16.7065,15.5126,0.0009,-1.0000
16.6692,1.0000,24.6342,1.2789,0.3865,16.7142,16.6218,15.3634,0.0011,-1.0000
16.6654,1.0000,24.6508,1.4534,0.3668,16.6203,16.6572,15.3046,0.0012,-1.0000
16.6670,1.0000,24.6675,1.1149,0.3463,16.6581,16.6602,15.4844,0.0010,-1.0000
16.6669,1.0000,24.6841,1.1932,0.4434,16.7132,16.7063,15.4407,0.0011,-1.0000
16.6662,1.0000,24.7009,1.2574,0.4879,16.6285,16.6517,15.3465,0.0010,-1.0000
16.6670,1.0000,24.7175,1.3515,0.4148,16.6644,16.6547,15.2329,0.0011,-1.0000
16.6682,1.0000,24.7342,1.1748,0.3485,16.6670,16.6887,15.4538,0.0011,-1.0000
16.6663,1.0000,24.7509,1.2646,0.4036,16.7139,16.6848,15.3007,0.0013,-1.0000
16.6654,1.0000,24.7675,1.3042,0.3950,16.6584,16.5928,15.2547,0.0012,-1.0000
16.6667,1.0000,24.7841,1.4206,0.3304,16.6606,16.6627,15.4577,0.0013,-1.0000
16.6661,1.0000,24.8008,1.2341,0.3852,16.6963,16.7433,15.4188,0.0011,-1.0000
16.6685,1.0000,24.8175,1.3827,0.3986,16.6931,16.5880,15.4450,0.0009,-1.0000
16.6667,1.0000,24.8343,1.3370,0.3404,16.6010,16.6941,15.4307,0.0010,-1.0000
16.6679,1.0000,24.8510,1.2041,0.3633,16.6693,16.6759,15.2390,0.0010,-1.0000
16.6662,1.0000,24.8675,1.3237,0.3950,16.7489,16.5764,15.2684,0.0010,-1.0000
16.6679,1.0000,24.8841,1.1422,0.3466,16.5940,16.7290,15.3524,0.0011,-1.0000
16.6649,1.0000,24.9008,1.2626,0.4652,16.7010,16.6291,15.4081,0.0011,-1.0000
16.6671,1.0000,24.9176,1.4358,0.3823,16.6830,16.6467,15.4752,0.0008,-1.0000
16.6661,1.0000,24.9341,1.3071,0.3450,16.5828,16.7003,15.4130,0.0010,-1.0000
16.6669,1.0000,24.9509,1.3754,0.3927,16.7358,16.6579,15.5206,0.0011,-1.0000
16.6672,1.0000,24.9675,1.2198,0.3504,16.6357,16.6333,15.4013,0.0011,-1.0000
16.6677,1.0000,24.9841,1.1708,0.3337,16.6526,16.6768,15.4597,0.0010,-1.0000
16.6682,1.0000,25.0009,1.2861,0.3262,16.7054,16.7008,15.4880,0.0010,-1.0000
16.6668,1.0000,25.0175,1.1362,0.3227,16.6634,16.6120,15.2332,0.0010,-1.0000
16.6664,1.0000,25.0343,1.2311,0.3929,16.6400,16.6521,15.3192,0.0013,-1.0000
16.6658,1.0000,25.0509,1.2157,0.3919,16.6841,16.7509,15.1327,0.0009,-1.0000
16.6668,1.0000,25.0675,1.2120,0.4894,16.7078,16.5608,15.2200,0.0010,-1.0000
16.6666,1.0000,25.0841,1.3776,0.3742,16.6189,16.6728,15.2546,0.0011,-1.0000
16.6671,1.0000,25.1009,1.3318,0.3779,16.6611,16.6526,15.4136,0.0010,-1.0000
16.6663,1.0000,25.1175,1.6176,0.3982,16.7586,16.6237,15.3765,0.0010,-1.0000
16.6664,1.0000,25.1341,1.3399,0.3550,16.5679,16.6503,15.4286,0.0011,-1.0000
16.6673,1.0000,25.1508,1.4173,0.3376,16.6797,16.6626,15.4696,0.0009,-1.0000
16.6666,1.0000,25.1675,1.2377,0.3665,16.6602,16.6682,15.5172,0.0009,-1.0000
16.6673,1.0000,25.1841,1.2462,0.3432,16.6304,16.6727,15.5412,0.0012,-1.0000
16.6673,1.0000,25.2009,1.2203,0.4370,16.6571,16.6550,15.3089,0.0014,-1.0000
16.6664,1.0000,25.2175,1.1921,0.3830,16.6681,16.6833,15.2410,0.0017,-1.0000
16.6672,1.0000,25.2342,1.1499,0.3912,16.6743,16.6979,15.2797,0.0011,-1.0000
16.6662,1.0000,25.2508,1.1302,0.3708,16.6793,16.6409,15.3596,0.0015,-1.0000
16.6677,1.0000,25.2676,1.3445,0.3809,16.6618,16.6647,15.3549,0.0012,-1.0000
16.6652,1.0000,25.2841,1.4406,0.4392,16.6898,16.6544,15.2591,0.0011,-1.0000
16.6670,1.0000,25.3009,1.4171,0.3739,16.7044,16.6899,15.3238,0.0013,-1.0000
16.6668,1.0000,25.3175,1.2796,0.3687,16.6472,16.6119,15.3540,0.0011,-1.0000
16.6664,1.0000,25.3341,1.3089,0.4113,16.6737,16.6574,15.3974,0.0011,-1.0000
16.6662,1.0000,25.3509,1.3941,0.3561,16.6608,16.7210,15.3095,0.0012,-1.0000
16.6684,1.0000,25.3676,1.3652,0.4449,16.6962,16.5715,15.2628,0.0011,-1.0000
16.6660,1.0000,25.3840,1.2568,0.3741,16.6183,16.6559,15.1638,0.0010,-1.0000
16.6673,1.0000,25.4007,1.2590,0.3418,16.6637,16.6587,15.5782,0.0011,-1.0000
16.6655,1.0000,25.4174,1.4103,0.3850,16.7279,16.6616,15.4536,0.0010,-1.0000
16.6678,1.0000,25.4341,1.3076,0.3772,16.5777,16.6656,15.5988,0.0009,-1.0000
16.6674,1.0000,25.4509,1.4912,0.3938,16.6619,16.6626,15.3397,0.0013,-1.0000
16.6652,1.0000,25.4674,1.0796,0.3642,16.6649,16.6942,15.2637,0.0013,-1.0000
16.6691,1.0000,25.4841,1.2071,0.3449,16.6672,16.6308,15.4427,0.0009,-1.0000
16.6660,1.0000,25.5008,1.0658,0.4057,16.6725,16.6585,15.4162,0.0010,-1.0000
16.6662,1.0000,25.5174,1.3217,0.3336,16.6685,16.6567,15.4049,0.0020,-1.0000
16.6671,1.0000,25.5342,1.4298,0.3555,16.7006,16.6624,15.4167,0.0012,-1.0000
16.6658,1.0000,25.5508,1.1874,0.3685,16.6376,16.6560,15.4108,0.0009,-1.0000
16.6674,1.0000,25.5675,1.2414,0.3609,16.6657,16.6640,15.5521,0.0009,-1.0000
16.6663,1.0000,25.5840,1.2499,0.3519,16.6625,16.6575,15.3731,0.0009,-1.0000
16.6677,1.0000,25.6009,1.2442,0.3326,16.6695,16.6646,15.5838,0.0007,-1.0000
16.6678,1.0000,25.6176,1.2443,0.4093,16.6627,16.6601,15.1890,0.0015,-1.0000
16.6666,1.0000,25.6341,1.1107,0.3431,16.6700,16.6555,15.2672,0.0012,-1.0000
16.6661,1.0000,25.6508,1.2834,0.3363,16.6638,16.6544,15.3830,0.0011,-1.0000
16.6659,1.0000,25.6674,1.0801,0.4770,16.6710,16.6617,15.5034,0.0013,-1.0000
16.6685,1.0000,25.6840,1.4698,0.4199,16.6691,16.6637,15.4957,0.0010,-1.0000
16.6653,1.0000,25.7008,1.3869,0.4437,16.6636,16.6562,15.3445,0.0009,-1.0000
16.6674,1.0000,25.7174,1.2702,0.3734,16.6609,16.6660,15.3673,0.0016,-1.0000
16.6669,1.0000,25.7341,1.1571,0.3765,16.6679,16.6592,15.5598,0.0010,-1.0000
16.6657,1.0000,25.7509,1.1671,0.3549,16.6699,16.7004,15.4846,0.0010,-1.0000
16.6685,1.0000,25.7676,1.3110,0.4411,16.6628,16.6226,15.2595,0.0015,-1.0000
16.6654,1.0000,25.7841,1.2975,0.3448,16.6717,16.6497,15.3102,0.0012,-1.0000
16.6677,1.0000,25.8009,1.0984,0.3798,16.6668,16.7167,15.4915,0.0009,-1.0000
16.6666,1.0000,25.8174,1.2147,0.3738,16.7077,16.6064,15.2964,0.0012,-1.0000
16.6673,1.0000,25.8342,1.3615,0.4220,16.6299,16.6661,15.4774,0.0013,-1.0000
16.6669,1.0000,25.8509,1.3382,0.3594,16.6563,16.7163,15.4143,0.0010,-1.0000
16.6649,1.0000,25.8676,1.2243,0.4653,16.7235,16.5966,15.3594,0.0012,-1.0000
16.6676,1.0000,25.8840,1.3089,0.3906,16.6136,16.6587,15.3581,0.0010,-1.0000
16.6669,1.0000,25.9008,1.1871,0.3471,16.6734,16.6603,15.5739,0.0008,-1.0000
16.6661,1.0000,25.9175,1.3014,0.4604,16.7241,16.7033,15.4308,0.0011,-1.0000
16.6676,1.0000,25.9342,1.2360,0.3448,16.6036,16.6677,15.5210,0.0010,-1.0000
16.6655,1.0000,25.9509,1.3001,0.4307,16.6649,16.6507,15.4290,0.0012,-1.0000
16.6683,1.0000,25.9675,1.0857,0.3651,16.6666,16.6801,15.3058,0.0014,-1.0000
16.6670,1.0000,25.9842,1.2715,0.3764,16.7094,16.6746,15.3499,0.0011,-1.0000
16.6673,1.0000,26.0008,1.1458,0.3647,16.6748,16.6254,15.3500,0.0011,-1.0000
16.6654,1.0000,26.0175,1.2206,0.3723,16.6575,16.6468,15.3866,0.0011,-1.0000
16.6667,1.0000,26.0343,1.3729,0.3995,16.6865,16.7550,15.5152,0.0010,-1.0000
16.6663,1.0000,26.0508,1.3233,0.4062,16.6827,16.5774,15.2183,0.0011,-1.0000
16.6682,1.0000,26.0675,1.2743,0.4231,16.6325,16.6698,15.3464,0.0013,-1.0000
16.6671,1.0000,26.0841,1.2591,0.3694,16.6536,16.6881,15.3245,0.0012,-1.0000
16.6675,1.0000,26.1009,1.2390,0.3767,16.7620,16.5953,15.4769,0.0011,-1.0000
16.6658,1.0000,26.1175,1.3582,0.3947,16.5834,16.7006,15.3624,0.0010,-1.0000
16.6664,1.0000,26.1342,1.3223,0.3511,16.6760,16.6560,15.3383,0.0010,-1.0000
16.6667,1.0000,26.1508,1.3627,0.3689,16.6943,16.6408,15.4039,0.0009,-1.0000
16.6683,1.0000,26.1675,1.1173,0.3999,16.6023,16.7014,15.4064,0.0010,-1.0000
16.6668,1.0000,26.1841,1.3372,0.3931,16.7077,16.6543,15.3745,0.0013,-1.0000
16.6661,1.0000,26.2009,1.3169,0.3752,16.6627,16.6343,15.4063,0.0009,-1.0000
16.6655,1.0000,26.2175,1.2358,0.4033,16.6476,16.6956,15.2498,0.0012,-1.0000
16.6681,1.0000,26.2342,1.2939,0.3813,16.7082,16.6678,15.3874,0.0009,-1.0000
16.6660,1.0000,26.2508,1.2784,0.3532,16.6612,16.6068,15.3962,0.0011,-1.0000
16.6678,1.0000,26.2675,1.2271,0.3660,16.6402,16.6758,15.5083,0.0012,-1.0000
16.6668,1.0000,26.2842,1.4447,0.4398,16.7013,16.7536,15.4378,0.0010,-1.0000
16.6666,1.0000,26.3009,1.2795,0.3662,16.6741,16.5553,15.2053,0.0012,-1.0000
16.6668,1.0000,26.3175,1.2095,0.3637,16.6127,16.6631,15.2096,0.0012,-1.0000
16.6667,1.0000,26.3341,1.1664,0.3549,16.6830,16.6531,15.4690,0.0011,-1.0000
16.6658,1.0000,26.3507,1.3149,0.4181,16.7599,16.6302,15.3570,0.0010,-1.0000
16.6678,1.0000,26.3675,1.3487,0.3971,16.5640,16.6614,15.5373,0.0011,-1.0000
16.6664,1.0000,26.3840,1.4522,0.3979,16.6713,16.6599,15.4062,0.0010,-1.0000
16.6683,1.0000,26.4008,1.1831,0.3725,16.6595,16.6618,15.6122,0.0009,-1.0000
16.6653,1.0000,26.4174,1.2721,0.3959,16.6363,16.6541,15.4661,0.0009,-1.0000
16.6680,1.0000,26.4341,1.1231,0.3566,16.6670,16.6646,15.5972,0.0010,-1.0000
16.6663,1.0000,26.4509,1.2527,0.3344,16.6657,16.6983,15.5071,0.0009,-1.0000
16.6662,1.0000,26.4675,1.0487,0.3998,16.6681,16.6835,15.3340,0.0011,-1.0000
16.6678,1.0000,26.4841,1.1870,0.3694,16.6611,16.6492,15.4457,0.0008,-1.0000
16.6675,1.0000,26.5009,1.0663,0.4102,16.6702,16.6766,15.4740,0.0010,-1.0000
16.6668,1.0000,26.5175,1.1901,0.4347,16.7046,16.6568,15.3653,0.0008,-1.0000
16.6682,1.0000,26.5343,1.3482,0.3703,16.6898,16.7007,15.4422,0.0010,-1.0000
16.6663,1.0000,26.5509,1.2027,0.3924,16.6553,16.6098,15.2621,0.0010,-1.0000
16.6663,1.0000,26.5675,1.2015,0.3420,16.6832,16.6477,15.3313,0.0010,-1.0000
16.6661,1.0000,26.5841,1.2908,0.3635,16.6644,16.6979,15.3823,0.0012,-1.0000
16.6691,1.0000,26.6009,1.2577,0.4269,16.7089,16.5827,15.4110,0.0014,-1.0000
16.6655,1.0000,26.6175,1.3467,0.4206,16.6183,16.6564,14.9422,0.0018,-1.0000
16.6675,1.0000,26.6341,1.3151,0.3581,16.6570,16.6665,15.3202,0.0013,-1.0000
16.6651,1.0000,26.6508,1.3150,0.3928,16.7055,16.6456,15.3843,0.0011,-1.0000
16.6673,1.0000,26.6674,1.1705,0.4396,16.5914,16.6637,15.4747,0.0049,-1.0000
16.6679,1.0000,26.6841,1.7125,0.3731,16.6651,16.6708,15.3590,0.0013,-1.0000
16.6650,1.0000,26.7009,1.3449,0.5147,16.6745,16.6944,15.3502,0.0015,-1.0000
16.6684,1.0000,26.7175,1.2602,0.3598,16.6533,16.6183,15.2363,0.0011,-1.0000
16.6666,1.0000,26.7341,1.1841,0.4214,16.6712,16.6544,15.3252,0.0013,-1.0000
16.6663,1.0000,26.7508,1.3107,0.3950,16.6790,16.6597,15.4051,0.0013,-1.0000
16.6682,1.0000,26.7676,1.3430,0.3686,16.7033,16.6655,15.3760,0.0011,-1.0000
16.6656,1.0000,26.7841,1.3812,0.6963,16.6269,16.6489,15.1761,0.0012,-1.0000
16.6677,1.0000,26.8008,1.3275,0.3907,16.6623,16.6552,15.2664,0.0011,-1.0000
16.6665,1.0000,26.8175,1.2535,0.4169,16.6679,16.6657,15.3666,0.0012,-1.0000
16.6667,1.0000,26.8342,1.2882,0.4133,16.6748,16.6562,15.2374,0.0013,-1.0000
16.6678,1.0000,26.8508,1.4716,0.4111,16.6583,16.6584,15.1891,0.0013,-1.0000
16.6653,1.0000,26.8676,1.3878,0.4482,16.6643,16.6546,15.2888,0.0012,-1.0000
16.6680,1.0000,26.8841,1.2978,0.3998,16.6763,16.6548,15.1852,0.0014,-1.0000
16.6643,1.0000,26.9008,1.4177,0.4515,16.6659,16.6533,15.4599,0.0013,-1.0000
16.6684,1.0000,26.9175,1.4678,0.3857,16.6666,16.6707,15.3939,0.0013,-1.0000
16.6664,1.0000,26.9342,1.3646,0.4427,16.6639,16.6552,15.3018,0.0015,-1.0000
16.6654,1.0000,26.9509,1.4685,0.5289,16.6644,16.6442,15.0481,0.0010,-1.0000
16.6662,1.0000,26.9674,1.1921,0.3915,16.6618,16.6533,15.3232,0.0013,-1.0000
16.6674,1.0000,26.9841,1.2757,0.4123,16.6801,16.7122,15.5693,0.0010,-1.0000
16.6666,1.0000,27.0009,1.3517,0.4460,16.6654,16.6213,15.4748,0.0012,-1.0000
16.6663,1.0000,27.0175,1.5949,0.4143,16.6522,16.6553,15.3703,0.0012,-1.0000
16.6660,1.0000,27.0342,1.3286,0.3633,16.6592,16.6963,15.4823,0.0011,-1.0000
16.6672,1.0000,27.0507,1.1416,0.3706,16.7181,16.6237,15.2884,0.0012,-1.0000
16.6688,1.0000,27.0675,1.1450,0.3616,16.6278,16.6656,15.5437,0.0010,-1.0000
16.6645,1.0000,27.0841,1.2836,0.3671,16.6612,16.7027,15.3814,0.0010,-1.0000
16.6677,1.0000,27.1009,1.2132,0.4011,16.7027,16.6167,15.5320,0.0011,-1.0000
16.6672,1.0000,27.1175,1.3339,0.3623,16.6290,16.6586,15.3012,0.0011,-1.0000
16.6686,1.0000,27.1341,1.1209,0.3897,16.6716,16.6668,15.3043,0.0015,-1.0000
16.6662,1.0000,27.1508,1.3204,0.4100,16.7086,16.6979,15.4256,0.0013,-1.0000
16.6664,1.0000,27.1675,1.0837,0.3899,16.6243,16.6629,15.4623,0.0010,-1.0000
16.6678,1.0000,27.1842,1.3564,0.3929,16.6652,16.6742,15.3617,0.0011,-1.0000
16.6665,1.0000,27.2009,1.3609,0.5258,16.6739,16.6485,15.3112,0.0011,-1.0000
16.6663,1.0000,27.2175,1.2706,0.3803,16.7059,16.6741,15.2207,0.0012,-1.0000
16.6687,1.0000,27.2343,1.1993,0.3614,16.6699,16.6414,15.3794,0.0014,-1.0000
16.6646,1.0000,27.2508,1.3116,0.3961,16.6845,16.6408,15.2544,0.0014,-1.0000
16.6678,1.0000,27.2677,1.3362,0.4037,16.6580,16.7774,15.3675,0.0012,-1.0000
16.6661,1.0000,27.2842,1.4522,0.4854,16.6820,16.5324,15.1017,0.0009,-1.0000
16.6660,1.0000,27.3009,1.2608,0.4129,16.6532,16.6632,15.2771,0.0012,-1.0000
16.6674,1.0000,27.3176,1.3850,0.3884,16.6505,16.7027,15.3343,0.0009,-1.0000
16.6666,1.0000,27.3342,1.4089,0.3895,16.7876,16.5847,15.2635,0.0013,-1.0000
16.6662,1.0000,27.3510,1.4295,0.4087,16.5412,16.7040,15.3296,0.0011,-1.0000
16.6677,1.0000,27.3677,1.3848,0.3802,16.6706,16.6676,15.0555,0.0014,-1.0000
16.6667,1.0000,27.3841,1.3673,0.3926,16.7108,16.6338,15.0267,0.0011,-1.0000
16.6670,1.0000,27.4009,1.3198,0.3827,16.5933,16.6864,15.4325,0.0015,-1.0000
16.6666,1.0000,27.4176,1.3734,0.3934,16.7129,16.6427,15.2436,0.0013,-1.0000
16.6670,1.0000,27.4343,1.6112,0.4143,16.6782,16.6881,15.3044,0.0012,-1.0000
16.6661,1.0000,27.4510,1.6059,0.4653,16.6420,16.6478,15.0998,0.0012,-1.0000
16.6673,1.0000,27.4676,1.2523,0.3950,16.6945,16.6710,15.1554,0.0010,-1.0000
16.6662,1.0000,27.4841,1.3977,0.3941,16.6506,16.6098,15.1416,0.0012,-1.0000
16.6668,1.0000,27.5009,1.3824,0.4234,16.6993,16.6768,15.1561,0.0011,-1.0000
16.6655,1.0000,27.5176,1.5465,0.4229,16.6591,16.7463,15.3328,0.0011,-1.0000
16.6675,1.0000,27.5343,1.5145,0.4101,16.6795,16.5417,15.1273,0.0011,-1.0000
16.6666,1.0000,27.5509,1.4667,0.4368,16.6182,16.6634,15.1212,0.0011,-1.0000
16.7869,1.0000,27.5677,1.5200,0.4090,16.6872,16.7713,15.4253,0.0009,-1.0000
16.6662,1.0000,27.5842,1.4125,0.4246,16.7536,16.6227,15.1719,0.0011,-1.0000
16.6672,1.0000,27.6010,1.4128,0.3745,16.5497,16.6648,15.3873,0.0011,-1.0000
16.6645,1.0000,27.6177,1.5410,0.4713,16.6711,16.6532,15.3259,0.0011,-1.0000
16.6684,1.0000,27.6344,1.3449,0.3878,16.7796,16.6623,15.2711,0.0012,-1.0000
16.6666,1.0000,27.6509,1.4498,0.4006,16.6309,16.6570,15.2210,0.0012,-1.0000
16.6704,1.0000,27.6677,1.2762,0.3702,16.6726,16.6660,15.2809,0.0010,-1.0000
16.6634,1.0000,27.6842,1.3262,0.4359,16.6607,16.6986,15.2352,0.0013,-1.0000
16.6670,1.0000,27.7011,1.3900,0.4162,16.6681,16.6799,15.4262,0.0011,-1.0000
16.6664,1.0000,27.7176,1.4348,0.5303,16.6642,16.6421,15.2209,0.0010,-1.0000
16.6668,1.0000,27.7343,1.3805,0.3954,16.6730,16.6638,15.3444,0.0013,-1.0000
16.6665,1.0000,27.7511,1.4621,0.3817,16.7070,16.6617,15.3175,0.0014,-1.0000
16.6667,1.0000,27.7677,1.2527,0.3699,16.6879,16.7033,15.2014,0.0011,-1.0000
16.6671,1.0000,27.7843,1.4201,0.3979,16.6506,16.5965,15.2301,0.0010,-1.0000
16.6674,1.0000,27.8010,1.3180,0.4303,16.6720,16.6616,15.3622,0.0013,-1.0000
16.6674,1.0000,27.8177,1.3429,0.4380,16.6701,16.7094,15.3295,0.0013,-1.0000
16.6663,1.0000,27.8343,1.5008,0.4023,16.7112,16.5721,15.2194,0.0010,-1.0000
16.6685,1.0000,27.8512,1.3652,0.4328,16.6044,16.6713,15.2927,0.0014,-1.0000
16.6650,1.0000,27.8677,1.2980,0.4437,16.6697,16.6383,14.9665,0.0013,-1.0000
16.6672,1.0000,27.8843,1.3783,0.4034,16.7177,16.6684,15.1588,0.0011,-1.0000
16.6667,1.0000,27.9010,1.3516,0.4764,16.5813,16.6473,15.2989,0.0012,-1.0000
16.6658,1.0000,27.9177,1.3770,0.4073,16.6814,16.6608,15.2909,0.0012,-1.0000
16.6679,1.0000,27.9345,1.6708,0.4117,16.6497,16.7506,15.2156,0.0013,-1.0000
16.6667,1.0000,27.9511,1.5083,0.4563,16.6790,16.5611,15.0131,0.0012,-1.0000
16.6664,1.0000,27.9677,1.3467,0.3840,16.6566,16.6590,14.9926,0.0012,-1.0000
16.6664,1.0000,27.9842,1.3686,0.4493,16.6691,16.6519,14.9478,0.0014,-1.0000
16.6669,1.0000,28.0010,1.5336,0.4283,16.7614,16.6647,15.3509,0.0016,-1.0000
16.6676,1.0000,28.0177,1.5465,0.4895,16.5706,16.6578,15.2370,0.0012,-1.0000
16.6665,1.0000,28.0345,1.6650,0.4263,16.6682,16.6618,15.1723,0.0010,-1.0000
16.6664,1.0000,28.0510,1.7025,0.3853,16.6606,16.6512,14.9664,0.0014,-1.0000
16.6666,1.0000,28.0676,1.3124,0.4317,16.6732,16.6594,15.2157,0.0015,-1.0000
16.6665,1.0000,28.0842,1.4196,0.3902,16.6682,16.6581,15.2807,0.0012,-1.0000
16.6678,1.0000,28.1011,1.4884,0.4329,16.6723,16.6651,15.1557,0.0013,-1.0000
16.6659,1.0000,28.1178,1.6834,0.4930,16.6605,16.6419,15.1144,0.0010,-1.0000
16.6659,1.0000,28.1343,1.4422,0.4605,16.6684,16.6622,15.1355,0.0012,-1.0000
16.6670,1.0000,28.1510,1.3761,0.4734,16.6684,16.6531,15.1697,0.0011,-1.0000
16.6678,1.0000,28.1677,1.5080,0.4253,16.6758,16.6663,15.2939,0.0011,-1.0000
16.6670,1.0000,28.1842,1.5261,0.4065,16.6519,16.6573,15.1516,0.0013,-1.0000
16.6656,1.0000,28.2011,1.5254,0.5675,16.6725,16.6492,15.0913,0.0012,-1.0000
16.6667,1.0000,28.2177,1.4823,0.4344,16.6618,16.7110,15.0697,0.0015,-1.0000
16.6663,1.0000,28.2344,1.3713,0.4496,16.6759,16.5986,15.1587,0.0017,-1.0000
16.6675,1.0000,28.2510,1.5048,0.4667,16.6669,16.6592,15.1608,0.0013,-1.0000
16.6663,1.0000,28.2678,1.5565,0.3981,16.6575,16.7125,15.3003,0.0014,-1.0000
16.6669,1.0000,28.2844,1.6401,0.5115,16.7206,16.6063,15.0041,0.0014,-1.0000
16.6929,1.0000,28.3011,1.4384,0.4307,16.6080,16.6780,15.2078,0.0010,-1.0000
16.6662,1.0000,28.3177,1.4972,0.4335,16.6674,16.7035,15.0560,0.0011,-1.0000
16.6698,1.0000,28.3344,1.4107,0.4705,16.7225,16.6257,15.1690,0.0012,-1.0000
16.6659,1.0000,28.3511,1.6006,0.4194,16.6164,16.6559,15.1196,0.0013,-1.0000
16.6666,1.0000,28.3678,1.4693,0.4238,16.6868,16.6476,15.1197,0.0012,-1.0000
16.6658,1.0000,28.3843,1.6468,0.4645,16.7106,16.7018,15.0705,0.0012,-1.0000
16.6671,1.0000,28.4011,1.4555,0.4367,16.6366,16.6773,14.9648,0.0012,-1.0000
16.6661,1.0000,28.4177,1.5348,0.4841,16.6691,16.6348,15.1509,0.0011,-1.0000
16.6680,1.0000,28.4345,1.5266,0.4754,16.6578,16.6821,15.2734,0.0012,-1.0000
16.6657,1.0000,28.4512,1.6299,0.5024,16.7100,16.6766,15.1906,0.0012,-1.0000
16.6670,1.0000,28.4677,1.7112,0.4510,16.6870,16.6256,14.8952,0.0015,-1.0000
16.6661,1.0000,28.4842,1.4827,0.4679,16.6423,16.6336,15.1382,0.0012,-1.0000
16.6671,1.0000,28.5012,1.4073,0.4253,16.6905,16.7600,15.5021,0.0010,-1.0000
16.6683,1.0000,28.5177,1.4850,0.4232,16.6855,16.5963,15.1709,0.0015,-1.0000
16.6658,1.0000,28.5345,1.7287,0.5188,16.6331,16.6549,15.2047,0.0015,-1.0000
16.6660,1.0000,28.5511,1.4939,0.3761,16.6414,16.6769,15.0948,0.0012,-1.0000
16.6668,1.0000,28.5678,1.2569,0.4204,16.7679,16.5712,14.9951,0.0011,-1.0000
16.6654,1.0000,28.5843,1.4240,0.5497,16.6047,16.7050,15.2097,0.0010,-1.0000
16.6711,1.0000,28.6012,1.4484,0.4112,16.6657,16.7311,15.4283,0.0011,-1.0000
16.6643,1.0000,28.6177,1.5806,0.4531,16.6870,16.5673,14.8619,0.0020,-1.0000
16.6677,1.0000,28.6344,1.5746,0.4093,16.5788,16.6990,15.2279,0.0010,-1.0000
16.6655,1.0000,28.6510,1.4944,0.4784,16.7117,16.6362,15.1021,0.0013,-1.0000
16.6672,1.0000,28.6677,1.3019,0.5469,16.7426,16.6706,15.2574,0.0011,-1.0000
16.6669,1.0000,28.6843,1.7032,0.3941,16.5782,16.6539,15.3225,0.0010,-1.0000
16.6654,1.0000,28.7011,1.4700,0.4842,16.7070,16.6827,15.3119,0.0013,-1.0000
16.6673,1.0000,28.7177,1.5329,0.4002,16.6444,16.6155,15.1605,0.0012,-1.0000
16.6665,1.0000,28.7343,1.4122,0.4157,16.6786,16.6672,15.2711,0.0012,-1.0000
16.6659,1.0000,28.7512,1.3301,0.4199,16.6617,16.7920,15.3338,0.0016,-1.0000
16.6701,1.0000,28.7677,1.3696,0.3815,16.6912,16.5130,15.1928,0.0012,-1.0000
16.6648,1.0000,28.7843,1.4540,0.4766,16.6220,16.6695,15.2485,0.0009,-1.0000
16.6678,1.0000,28.8010,1.3948,0.3696,16.6739,16.6563,15.3734,0.0011,-1.0000
16.6659,1.0000,28.8176,1.4566,0.3829,16.7983,16.6237,15.3354,0.0010,-1.0000
16.6670,1.0000,28.8343,1.3186,0.4731,16.5206,16.6601,15.4153,0.0010,-1.0000
16.6672,1.0000,28.8510,1.4202,0.4203,16.6767,16.6616,15.3976,0.0010,-1.0000
16.6660,1.0000,28.8677,1.2820,0.4124,16.6638,16.6497,15.4136,0.0011,-1.0000
16.6664,1.0000,28.8842,1.2871,0.3720,16.6309,16.6627,15.3007,0.0012,-1.0000
16.6673,1.0000,28.9010,1.2438,0.3989,16.6679,16.6568,15.4851,0.0009,-1.0000
16.6665,1.0000,28.9176,1.2629,0.4060,16.6701,16.6858,15.2879,0.0010,-1.0000
16.6682,1.0000,28.9344,1.2347,0.3923,16.6579,16.7002,15.3152,0.0010,-1.0000
16.6657,1.0000,28.9511,1.3603,0.4981,16.6696,16.6404,15.3007,0.0012,-1.0000
16.6666,1.0000,28.9677,1.1707,0.3891,16.6638,16.6549,15.3100,0.0013,-1.0000
16.6668,1.0000,28.9842,1.3968,0.4415,16.6935,16.6679,15.4108,0.0010,-1.0000
16.6675,1.0000,29.0011,1.3836,0.4439,16.7074,16.6975,15.4819,0.0009,-1.0000
16.6673,1.0000,29.0178,1.3386,0.3919,16.6480,16.6167,15.2992,0.0013,-1.0000
16.6662,1.0000,29.0344,1.3435,0.4212,16.6620,16.6521,15.2554,0.0011,-1.0000
16.6662,1.0000,29.0511,1.2560,0.3806,16.6754,16.7004,15.1103,0.0010,-1.0000
16.6660,1.0000,29.0676,1.2146,0.4054,16.7051,16.5696,15.2805,0.0009,-1.0000
16.6673,1.0000,29.0842,1.3161,0.3984,16.6268,16.6658,15.4595,0.0011,-1.0000
16.6680,1.0000,29.1010,1.3955,0.5106,16.6618,16.6660,15.4942,0.0011,-1.0000
16.6655,1.0000,29.1179,1.5889,0.5065,16.7087,16.6489,15.4318,0.0011,-1.0000
16.6670,1.0000,29.1342,1.2882,0.3936,16.5766,16.6672,14.6236,0.0011,-1.0000
16.6681,1.0000,29.1509,1.2051,0.3876,16.6722,16.6585,15.4807,0.0010,-1.0000
16.6655,1.0000,29.1676,1.1705,0.4466,16.6743,16.7000,15.4567,0.0010,-1.0000
16.6686,1.0000,29.1842,1.2157,0.4230,16.6562,16.6244,15.4013,0.0013,-1.0000
16.6653,1.0000,29.2009,2.0424,0.4621,16.6743,16.6439,15.5722,0.0010,-1.0000
16.6667,1.0000,29.2175,1.1767,0.4246,16.6674,16.6630,15.4119,0.0009,-1.0000
16.6668,1.0000,29.2342,1.2425,0.4066,16.7076,16.6588,15.5753,0.0008,-1.0000
16.6671,1.0000,29.2509,1.2218,0.3863,16.6341,16.6616,15.4926,0.0009,-1.0000
16.6668,1.0000,29.2676,1.0706,0.3817,16.6525,16.6587,15.5006,0.0010,-1.0000
16.6667,1.0000,29.2842,1.2501,0.4247,16.6700,16.6594,15.4451,0.0011,-1.0000
16.6658,1.0000,29.3009,1.0824,0.4487,16.6667,16.6492,15.4754,0.0010,-1.0000
16.6677,1.0000,29.3176,1.1679,0.3884,16.6695,16.6687,15.5259,0.0007,-1.0000
16.6659,1.0000,29.3342,1.1569,0.4240,16.6671,16.6532,15.4692,0.0013,-1.0000
16.6673,1.0000,29.3510,1.2133,0.4313,16.6677,16.6660,15.5915,0.0008,-1.0000
16.6677,1.0000,29.3676,1.1729,0.4142,16.6570,16.6559,15.3942,0.0010,-1.0000
16.6653,1.0000,29.3843,1.1420,0.3808,16.6771,16.6505,15.4154,0.0010,-1.0000
16.6676,1.0000,29.4010,1.1825,0.4082,16.6607,16.6662,15.4563,0.0010,-1.0000
16.6683,1.0000,29.4176,1.0737,0.4432,16.6738,16.6539,15.2870,0.0014,-1.0000
16.6672,1.0000,29.4344,1.2606,0.4360,16.6640,16.6657,15.4248,0.0011,-1.0000
16.6669,1.0000,29.4511,1.2340,0.4730,16.6584,16.6980,15.2995,0.0010,-1.0000
16.6665,1.0000,29.4676,1.2090,0.3886,16.6738,16.6194,15.1719,0.0013,-1.0000
16.6674,1.0000,29.4842,1.3657,0.3735,16.6616,16.6594,15.4471,0.0008,-1.0000
16.6654,1.0000,29.5010,1.2396,0.3810,16.6727,16.7016,15.4681,0.0009,-1.0000
16.6672,1.0000,29.5176,1.3974,0.4063,16.7071,16.6197,15.3462,0.0011,-1.0000
16.6658,1.0000,29.5345,1.4460,0.4541,16.6261,16.6511,15.4134,0.0012,-1.0000
16.6687,1.0000,29.5510,1.2114,0.4205,16.6671,16.7074,15.2252,0.0013,-1.0000
16.6658,1.0000,29.5676,1.2327,0.3768,16.7101,16.6155,15.3063,0.0014,-1.0000
16.6673,1.0000,29.5842,1.2725,0.4131,16.6285,16.6585,15.4120,0.0009,-1.0000
16.6674,1.0000,29.6010,1.2366,0.3928,16.6596,16.6693,15.5151,0.0011,-1.0000
16.6663,1.0000,29.6178,1.4808,0.4746,16.7139,16.7031,15.3061,0.0012,-1.0000
16.6667,1.0000,29.6344,1.3077,0.4132,16.6223,16.6489,15.2153,0.0009,-1.0000
16.6675,1.0000,29.6510,1.2455,0.3944,16.6661,16.6560,15.3207,0.0011,-1.0000
16.6659,1.0000,29.6677,1.1531,0.4272,16.6773,16.6704,15.3602,0.0011,-1.0000
16.6681,1.0000,29.6844,1.3960,0.4237,16.7116,16.7244,15.3865,0.0010,-1.0000
16.6652,1.0000,29.7011,1.4328,0.4935,16.6574,16.5679,15.0618,0.0013,-1.0000
16.6667,1.0000,29.7177,1.3341,0.3933,16.6648,16.6633,15.2495,0.0009,-1.0000
16.6664,1.0000,29.7345,1.3092,0.3828,16.6787,16.8484,15.2777,0.0011,-1.0000
16.6672,1.0000,29.7510,1.3367,0.4896,16.7327,16.4793,15.0757,0.0011,-1.0000
16.6675,1.0000,29.7677,1.5045,0.3969,16.5762,16.6728,15.4129,0.0012,-1.0000
16.6655,1.0000,29.7844,1.4130,0.4896,16.6712,16.6846,15.3150,0.0012,-1.0000
16.6672,1.0000,29.8010,1.5695,0.4464,16.8558,16.5796,15.2699,0.0013,-1.0000
16.6667,1.0000,29.8177,1.4025,0.4436,16.4874,16.7048,15.3172,0.0010,-1.0000
16.6657,1.0000,29.8344,1.2587,0.4774,16.6813,16.6596,15.3625,0.0011,-1.0000
16.6677,1.0000,29.8511,1.3683,0.4796,16.6924,16.6522,15.3777,0.0013,-1.0000
16.6666,1.0000,29.8678,1.3084,0.5067,16.5865,16.6724,15.1970,0.0010,-1.0000
16.6669,1.0000,29.8843,1.3866,0.4727,16.7134,16.6412,15.2028,0.0010,-1.0000
16.6661,1.0000,29.9010,1.2959,0.4000,16.6671,16.6663,15.4070,0.0010,-1.0000
16.6679,1.0000,29.9177,1.2733,0.3902,16.6602,16.6643,15.4020,0.0010,-1.0000
16.6662,1.0000,29.9345,1.4746,0.4122,16.6802,16.7026,15.3842,0.0010,-1.0000
16.6668,1.0000,29.9511,1.4373,0.4221,16.6485,16.5863,15.2095,0.0009,-1.0000
16.6669,1.0000,29.9677,1.2580,0.4386,16.6736,16.6667,15.3006,0.0012,-1.0000
16.6665,1.0000,29.9844,1.2611,0.4143,16.6716,16.7793,15.2557,0.0010,-1.0000
16.6670,1.0000,30.0010,1.3173,0.4056,16.7107,16.5356,15.2490,0.0014,-1.0000
16.6672,1.0000,30.0177,1.3757,0.4849,16.5938,16.6711,15.4072,0.0012,-1.0000
16.6664,1.0000,30.0345,1.3650,0.4668,16.6749,16.6545,15.3745,0.0010,-1.0000
16.6680,1.0000,30.0511,1.5224,0.3869,16.7868,16.6318,15.0744,0.0011,-1.0000
16.6665,1.0000,30.0677,1.2849,0.4025,16.5432,16.6432,14.9781,0.0011,-1.0000
16.6652,1.0000,30.0842,1.2627,0.4267,16.6791,16.6551,15.3278,0.0011,-1.0000
16.6687,1.0000,30.1012,1.2789,0.5698,16.6629,16.6684,15.4774,0.0010,-1.0000
16.6657,1.0000,30.1178,1.5564,0.5915,16.6431,16.6572,15.1090,0.0012,-1.0000
16.6666,1.0000,30.1344,1.6641,0.4310,16.6529,16.6514,15.1809,0.0010,-1.0000
16.6672,1.0000,30.1510,1.3263,0.4002,16.6630,16.6893,15.2081,0.0012,-1.0000
16.6671,1.0000,30.1678,1.1899,0.4534,16.6773,16.7070,15.2940,0.0013,-1.0000
16.6668,1.0000,30.1844,1.5469,0.4192,16.6682,16.6508,15.2622,0.0012,-1.0000
16.6658,1.0000,30.2011,1.4692,0.6134,16.6607,16.6362,15.2346,0.0013,-1.0000
16.6673,1.0000,30.2177,1.4798,0.3891,16.6986,16.6594,15.1426,0.0014,-1.0000
16.6662,1.0000,30.2344,1.4119,0.4597,16.7165,16.6832,14.9851,0.0014,-1.0000
16.6662,1.0000,30.2511,1.3875,0.4468,16.6618,16.6189,15.2285,0.0014,-1.0000
16.6683,1.0000,30.2678,1.4002,0.4331,16.6469,16.6670,15.1829,0.0013,-1.0000
16.6660,1.0000,30.2845,1.5158,0.5887,16.6683,16.7099,15.0699,0.0013,-1.0000
16.6676,1.0000,30.3010,1.6969,0.3922,16.6921,16.5566,15.1199,0.0011,-1.0000
16.6662,1.0000,30.3177,1.3889,0.5120,16.6268,16.6541,15.2911,0.0010,-1.0000
16.6667,1.0000,30.3343,1.4827,0.4597,16.6765,16.6578,15.2452,0.0011,-1.0000
16.6649,1.0000,30.3510,1.6392,0.4213,16.7207,16.6462,15.2727,0.0011,-1.0000
16.6665,1.0000,30.3677,1.4355,0.5822,16.5665,16.6609,15.1844,0.0014,-1.0000
16.6677,1.0000,30.3842,1.3619,0.4875,16.6633,16.6634,15.2206,0.0012,-1.0000
16.6665,1.0000,30.4011,1.4113,0.4559,16.6677,16.7228,15.2570,0.0013,-1.0000
16.6662,1.0000,30.4176,1.3724,0.4219,16.6542,16.5898,14.9310,0.0014,-1.0000
16.6683,1.0000,30.4344,1.4749,0.4615,16.6683,16.6693,15.3116,0.0014,-1.0000
16.6662,1.0000,30.4511,1.4414,0.7118,16.6704,16.6511,15.2394,0.0013,-1.0000
16.6664,1.0000,30.4677,1.4647,0.5089,16.7325,16.6622,15.1856,0.0014,-1.0000
16.6668,1.0000,30.4843,1.6576,0.4734,16.5973,16.6545,15.2839,0.0013,-1.0000
16.6680,1.0000,30.5010,1.3562,0.5001,16.6795,16.6684,15.3491,0.0014,-1.0000
16.6665,1.0000,30.5177,1.4104,0.4403,16.6598,16.6551,15.2469,0.0010,-1.0000
16.6657,1.0000,30.5344,1.4751,0.4497,16.6709,16.6512,15.1576,0.0015,-1.0000
16.6683,1.0000,30.5511,1.3694,0.4770,16.6617,16.6685,15.2897,0.0009,-1.0000
16.6656,1.0000,30.5676,1.3176,0.4167,16.6761,16.6452,15.0505,0.0016,-1.0000
16.6675,1.0000,30.5843,1.4074,0.4668,16.6650,16.6713,15.3272,0.0012,-1.0000
16.6672,1.0000,30.6011,1.4920,0.5346,16.6593,16.6512,15.2722,0.0011,-1.0000
16.6671,1.0000,30.6178,1.3778,0.4438,16.6762,16.6617,15.1914,0.0013,-1.0000
16.6676,1.0000,30.6345,1.5934,0.4294,16.6525,16.6621,15.1653,0.0011,-1.0000
16.6657,1.0000,30.6510,1.3430,0.3688,16.6804,16.6514,14.8496,0.0017,-1.0000
16.6674,1.0000,30.6677,1.3778,0.3912,16.6603,16.6595,15.3473,0.0010,-1.0000
16.6664,1.0000,30.6844,1.4689,0.4721,16.6703,16.7127,15.3248,0.0011,-1.0000
16.6663,1.0000,30.7011,1.4953,0.5594,16.6722,16.5986,15.1256,0.0015,-1.0000
16.6663,1.0000,30.7179,1.8000,0.4985,16.6607,16.6631,15.2475,0.0013,-1.0000
16.6670,1.0000,30.7344,1.3109,0.4021,16.6679,16.7044,14.8163,0.0016,-1.0000
16.6677,1.0000,30.7510,1.3867,0.4087,16.7232,16.6108,15.1521,0.0013,-1.0000
16.6671,1.0000,30.7677,1.4713,0.4571,16.6071,16.6602,15.3180,0.0011,-1.0000
16.6661,1.0000,30.7844,1.4142,0.5404,16.6713,16.7045,15.3363,0.0012,-1.0000
16.6663,1.0000,30.8010,1.8873,0.4677,16.7135,16.6082,15.1599,0.0012,-1.0000
16.6679,1.0000,30.8177,1.4575,0.4274,16.6193,16.6527,15.2798,0.0011,-1.0000
16.6658,1.0000,30.8343,1.3411,0.4081,16.6701,16.6585,15.2997,0.0015,-1.0000
16.6676,1.0000,30.8511,1.3677,0.4994,16.7145,16.7125,15.3878,0.0013,-1.0000
16.6658,1.0000,30.8678,1.4474,0.5430,16.6169,16.6501,15.1532,0.0011,-1.0000
16.6671,1.0000,30.8843,1.3715,0.5083,16.6632,16.6513,15.0627,0.0014,-1.0000
16.6665,1.0000,30.9012,1.3571,0.4782,16.6667,16.6747,15.2948,0.0016,-1.0000
16.6688,1.0000,30.9178,1.3235,0.4946,16.7229,16.7070,15.1295,0.0014,-1.0000
16.6646,1.0000,30.9344,1.4957,0.4507,16.6584,16.5832,15.1219,0.0012,-1.0000
16.6668,1.0000,30.9511,1.5872,0.4603,16.6611,16.6610,15.1623,0.0014,-1.0000
16.6672,1.0000,30.9678,1.3782,0.4078,16.6839,16.7613,15.1403,0.0014,-1.0000
16.6667,1.0000,30.9843,1.5764,0.4639,16.7182,16.5811,15.0874,0.0013,-1.0000
16.6662,1.0000,31.0011,1.4603,0.4388,16.5913,16.6506,15.2385,0.0012,-1.0000
16.6669,1.0000,31.0178,1.4973,0.4348,16.6697,16.7006,15.1579,0.0015,-1.0000
16.6665,1.0000,31.0345,1.6194,0.4747,16.7696,16.5618,15.1965,0.0012,-1.0000
16.6666,1.0000,31.0511,1.4922,0.4383,16.5895,16.7195,15.1431,0.0014,-1.0000
16.6673,1.0000,31.0678,1.4109,0.4466,16.6584,16.6644,15.1800,0.0011,-1.0000
16.6665,1.0000,31.0843,1.5419,0.4117,16.7112,16.6230,15.1124,0.0011,-1.0000
16.6671,1.0000,31.1011,1.3639,0.4553,16.5708,16.6826,15.2998,0.0012,-1.0000
16.6669,1.0000,31.1178,1.5747,0.4662,16.7277,16.6423,15.1631,0.0012,-1.0000
16.6667,1.0000,31.1344,1.4833,0.4732,16.6741,16.6507,15.1400,0.0011,-1.0000
16.6672,1.0000,31.1511,1.5094,0.4868,16.6340,16.6744,14.9932,0.0012,-1.0000
16.6649,1.0000,31.1678,1.3816,0.4778,16.6937,16.6700,15.2140,0.0009,-1.0000
16.6674,1.0000,31.1845,1.4776,0.4219,16.6516,16.7446,15.1289,0.0011,-1.0000
16.6646,1.0000,31.2011,1.5092,0.5152,16.6593,16.5146,15.0998,0.0014,-1.0000
16.6660,1.0000,31.2177,1.6797,0.4844,16.6837,16.7805,15.3636,0.0012,-1.0000
16.6695,1.0000,31.2344,1.4553,0.4305,16.6790,16.5710,15.2700,0.0010,-1.0000
16.6671,1.0000,31.2511,1.6144,0.4289,16.7537,16.6567,15.2495,0.0017,-1.0000
16.6677,1.0000,31.2678,1.4134,0.3881,16.5224,16.6535,15.2409,0.0015,-1.0000
16.6661,1.0000,31.2843,1.4158,0.4938,16.7860,16.6178,15.0863,0.0016,-1.0000
16.6667,1.0000,31.3011,1.3000,0.5130,16.5777,16.6585,15.2770,0.0013,-1.0000
16.6663,1.0000,31.3177,1.4057,0.4026,16.6659,16.6489,15.0779,0.0015,-1.0000
16.6671,1.0000,31.3343,1.4110,0.4967,16.6626,16.6669,15.2267,0.0021,-1.0000
16.6671,1.0000,31.3511,1.5305,0.4146,16.6260,16.6482,15.3656,0.0011,-1.0000
16.6663,1.0000,31.3678,1.3803,0.4575,16.6679,16.6570,15.2512,0.0015,-1.0000
16.6672,1.0000,31.3843,1.5696,0.4078,16.6596,16.6914,15.0086,0.0013,-1.0000
16.6657,1.0000,31.4011,1.4382,0.4211,16.6762,16.6999,15.3269,0.0012,-1.0000
16.6672,1.0000,31.4177,1.2812,0.4195,16.6587,16.6353,15.2698,0.0015,-1.0000
16.6669,1.0000,31.4345,1.4042,0.4084,16.6662,16.6721,15.2267,0.0012,-1.0000
16.6661,1.0000,31.4512,1.6816,0.4870,16.6995,16.6451,15.1788,0.0012,-1.0000
16.6670,1.0000,31.4679,1.3719,0.4742,16.7088,16.6836,15.0434,0.0014,-1.0000
16.6660,1.0000,31.4843,1.3640,0.4218,16.6439,16.6167,15.0559,0.0012,-1.0000
16.6673,1.0000,31.5011,1.4443,0.4088,16.6851,16.6577,15.2697,0.0011,-1.0000
16.6672,1.0000,31.5178,1.4650,0.5049,16.6564,16.7244,15.1867,0.0012,-1.0000
16.6658,1.0000,31.5344,1.6387,0.4350,16.6917,16.5479,15.2106,0.0011,-1.0000
16.6671,1.0000,31.5510,1.5597,0.4459,16.6245,16.6552,15.2485,0.0011,-1.0000
16.6666,1.0000,31.5677,1.3871,0.4512,16.6663,16.6637,15.3538,0.0011,-1.0000
16.6663,1.0000,31.5842,1.5365,0.4188,16.7334,16.6573,15.2671,0.0013,-1.0000
16.6685,1.0000,31.6010,1.3360,0.3691,16.5561,16.6721,15.5093,0.0010,-1.0000
16.6663,1.0000,31.6178,1.4056,0.4223,16.6636,16.6475,15.3591,0.0014,-1.0000
16.6661,1.0000,31.6345,1.3088,0.3989,16.6719,16.7135,15.2510,0.0013,-1.0000
16.6660,1.0000,31.6510,1.3892,0.3928,16.6647,16.5957,15.0728,0.0012,-1.0000
16.6671,1.0000,31.6677,1.1618,0.3945,16.6814,16.6603,15.2721,0.0012,-1.0000
16.6683,1.0000,31.6843,1.2868,0.3878,16.6570,16.6711,15.3514,0.0012,-1.0000
16.6662,1.0000,31.7011,1.4614,0.4651,16.7216,16.6545,15.4147,0.0013,-1.0000
16.6671,1.0000,31.7178,1.5216,0.4336,16.6040,16.6627,15.1838,0.0012,-1.0000
16.6662,1.0000,31.7343,1.3869,0.4835,16.6678,16.6494,15.2431,0.0013,-1.0000
16.6662,1.0000,31.7510,1.3184,0.4353,16.6790,16.6637,15.4166,0.0011,-1.0000
16.6672,1.0000,31.7677,1.2385,0.4741,16.6628,16.6508,15.3245,0.0013,-1.0000
16.6668,1.0000,31.7843,1.4776,0.4909,16.6716,16.6651,15.3408,0.0010,-1.0000
16.6672,1.0000,31.8010,1.4049,0.3645,16.6582,16.6555,15.2969,0.0012,-1.0000
16.6663,1.0000,31.8177,1.2459,0.4271,16.6722,16.6612,15.2644,0.0012,-1.0000
16.6665,1.0000,31.8344,1.3248,0.3964,16.6589,16.6529,15.3788,0.0011,-1.0000
16.6666,1.0000,31.8510,1.3234,0.4363,16.6728,16.6669,15.3493,0.0013,-1.0000
16.6674,1.0000,31.8678,1.3575,0.4045,16.6629,16.6568,15.3559,0.0009,-1.0000
16.6659,1.0000,31.8843,1.3952,0.4417,16.6698,16.6548,15.2009,0.0019,-1.0000
16.6674,1.0000,31.9010,1.2731,0.3887,16.6608,16.6613,15.4641,0.0010,-1.0000
16.6655,1.0000,31.9177,1.3162,0.3873,16.6758,16.7039,15.3820,0.0012,-1.0000
16.6691,1.0000,31.9345,1.2998,0.4095,16.6647,16.6247,15.2744,0.0017,-1.0000
16.6651,1.0000,31.9511,1.4521,0.4342,16.6625,16.6379,15.2321,0.0014,-1.0000
16.6664,1.0000,31.9678,1.1962,0.4503,16.6702,16.7134,15.1852,0.0012,-1.0000
16.6676,1.0000,31.9843,1.3210,0.4348,16.7116,16.6123,15.1185,0.0014,-1.0000
16.6667,1.0000,32.0010,1.3486,0.4041,16.6347,16.6558,15.4142,0.0010,-1.0000
16.6668,1.0000,32.0179,1.4043,0.5150,16.6479,16.7068,15.3426,0.0011,-1.0000
16.6663,1.0000,32.0344,1.5273,0.4115,16.7208,16.5998,15.0694,0.0012,-1.0000
16.6664,1.0000,32.0510,1.4928,0.4178,16.6202,16.6621,15.2505,0.0017,-1.0000
16.6654,1.0000,32.0676,1.2405,0.4148,16.6652,16.6484,15.3027,0.0011,-1.0000
16.6671,1.0000,32.0842,1.3631,0.4552,16.7165,16.7017,15.5797,0.0009,-1.0000
16.6679,1.0000,32.1010,1.5293,0.3956,16.6086,16.6710,15.6264,0.0010,-1.0000
16.6647,1.0000,32.1177,1.4101,0.3826,16.6705,16.6624,15.4854,0.0010,-1.0000
16.6677,1.0000,32.1343,1.3445,0.3606,16.6541,16.6547,15.4718,0.0011,-1.0000
16.6662,1.0000,32.1510,1.1208,0.3583,16.7075,16.6799,15.4993,0.0010,-1.0000
16.6678,1.0000,32.1677,1.0433,0.3315,16.6777,16.6344,15.5590,0.0010,-1.0000
16.6665,1.0000,32.1842,1.1760,0.3291,16.6688,16.6638,15.2954,0.0009,-1.0000
16.6664,1.0000,32.2011,1.1817,0.4081,16.6608,16.7537,15.5448,0.0016,-1.0000
16.6680,1.0000,32.2177,1.1798,0.3942,16.6857,16.5783,15.3903,0.0010,-1.0000
16.6662,1.0000,32.2344,1.0746,0.3657,16.6403,16.6575,15.4471,0.0010,-1.0000
16.6672,1.0000,32.2511,1.3675,0.3414,16.6712,16.6838,15.3915,0.0011,-1.0000
16.6664,1.0000,32.2677,1.2075,0.3254,16.7606,16.5917,15.3236,0.0010,-1.0000
16.6668,1.0000,32.2844,1.1868,0.3853,16.5853,16.7116,15.3754,0.0015,-1.0000
16.6664,1.0000,32.3010,1.2095,0.4008,16.6646,16.6540,15.3830,0.0013,-1.0000
16.6660,1.0000,32.3176,1.2911,0.4160,16.6901,16.6308,15.4341,0.0010,-1.0000
16.6672,1.0000,32.3344,1.2672,0.4161,16.5987,16.6958,15.5801,0.0013,-1.0000
16.6677,1.0000,32.3512,1.3347,0.3303,16.7184,16.6511,15.2643,0.0011,-1.0000
16.6656,1.0000,32.3677,1.2700,0.3758,16.6608,16.6550,15.2662,0.0011,-1.0000
16.6674,1.0000,32.3843,1.1957,0.3252,16.6370,16.6659,15.3753,0.0015,-1.0000
16.6674,1.0000,32.4011,1.1147,0.3721,16.7017,16.6957,15.4637,0.0011,-1.0000
16.6654,1.0000,32.4177,1.3861,0.3570,16.6579,16.6064,15.3597,0.0010,-1.0000
16.6666,1.0000,32.4343,1.3877,0.3350,16.6618,16.6663,15.4919,0.0012,-1.0000
16.6669,1.0000,32.4512,1.2892,0.4221,16.6720,16.7542,15.4653,0.0011,-1.0000
16.6673,1.0000,32.4677,1.2310,0.3571,16.7026,16.5800,15.2245,0.0010,-1.0000
16.6663,1.0000,32.4843,1.2461,0.3586,16.6138,16.6663,15.4557,0.0010,-1.0000
16.6666,1.0000,32.5010,1.1734,0.3438,16.6717,16.6314,15.5357,0.0009,-1.0000
16.6677,1.0000,32.5176,1.2878,0.3781,16.7603,16.6374,15.5146,0.0011,-1.0000
16.6668,1.0000,32.5344,1.3543,0.4109,16.5854,16.6641,15.4351,0.0011,-1.0000
16.6661,1.0000,32.5510,1.2095,0.3728,16.6728,16.6566,15.2446,0.0011,-1.0000
16.6671,1.0000,32.5677,1.0949,0.3841,16.6375,16.6575,15.4771,0.0014,-1.0000
16.6656,1.0000,32.5842,1.1217,0.3565,16.6439,16.6601,15.2746,0.0011,-1.0000
16.6669,1.0000,32.6011,1.2278,0.3750,16.6708,16.6593,15.5806,0.0012,-1.0000
16.6672,1.0000,32.6177,1.4109,0.4158,16.6628,16.6964,15.2913,0.0012,-1.0000
16.6676,1.0000,32.6344,1.1790,0.7443,16.6638,16.6799,15.4101,0.0009,-1.0000
16.6670,1.0000,32.6510,1.3846,0.3512,16.6656,16.6605,15.3964,0.0011,-1.0000
16.6665,1.0000,32.6677,1.0778,0.4110,16.6652,16.6506,15.3310,0.0012,-1.0000
16.6666,1.0000,32.6843,1.4042,0.4057,16.7028,16.6735,15.3863,0.0014,-1.0000
16.6658,1.0000,32.7011,1.2687,0.5241,16.6868,16.6660,15.3071,0.0011,-1.0000
16.6673,1.0000,32.7177,1.2635,0.3724,16.6685,16.6276,15.3254,0.0010,-1.0000
16.6662,1.0000,32.7343,1.3185,0.3940,16.6576,16.6613,15.3039,0.0009,-1.0000
16.6668,1.0000,32.7510,1.2856,0.4034,16.6807,16.7149,15.4805,0.0011,-1.0000
16.6658,1.0000,32.7676,1.3582,0.3935,16.6722,16.5672,15.4233,0.0010,-1.0000
16.6681,1.0000,32.7843,1.3013,0.4760,16.6332,16.6704,15.6135,0.0010,-1.0000
16.6661,1.0000,32.8010,1.3564,0.3331,16.6668,16.6610,15.4174,0.0011,-1.0000
16.6680,1.0000,32.8176,1.2332,0.3348,16.7208,16.6642,15.4543,0.0010,-1.0000
16.6658,1.0000,32.8343,1.1431,0.3152,16.5718,16.6576,15.5318,0.0009,-1.0000
16.6683,1.0000,32.8510,1.0559,0.3454,16.6766,16.6671,15.5348,0.0013,-1.0000
16.6650,1.0000,32.8677,1.2424,0.4102,16.6664,16.6973,15.3659,0.0011,-1.0000
16.6656,1.0000,32.8841,1.2088,0.3811,16.6706,16.6048,15.4472,0.0012,-1.0000
16.6680,1.0000,32.9010,1.1249,0.3326,16.6643,16.6742,15.7690,0.0009,-1.0000
16.6649,1.0000,32.9175,1.1307,0.3373,16.6734,16.6526,15.5195,0.0009,-1.0000
16.6689,1.0000,32.9343,1.3305,0.3307,16.7046,16.6711,15.6628,0.0011,-1.0000
16.6656,1.0000,32.9510,1.1564,0.3625,16.6095,16.6563,15.4858,0.0011,-1.0000
16.6672,1.0000,32.9676,0.9043,0.3837,16.6798,16.6571,15.3869,0.0014,-1.0000
16.6686,1.0000,32.9842,1.1323,0.3175,16.6581,16.6702,15.5430,0.0009,-1.0000
16.6662,1.0000,33.0010,1.0073,0.3410,16.6765,16.6613,15.4510,0.0010,-1.0000
16.6661,1.0000,33.0176,1.1696,0.3433,16.6630,16.6604,15.2949,0.0011,-1.0000
16.6661,1.0000,33.0344,1.2686,0.3645,16.6630,16.6494,15.5361,0.0010,-1.0000
16.6677,1.0000,33.0510,1.1261,0.3868,16.6769,16.6667,15.3859,0.0011,-1.0000
16.6669,1.0000,33.0676,1.2095,0.3242,16.6692,16.6598,15.4849,0.0009,-1.0000
16.6655,1.0000,33.0842,1.3645,0.3495,16.6674,16.6579,15.4447,0.0012,-1.0000
16.6665,1.0000,33.1010,1.1124,0.3745,16.6559,16.6533,15.6496,0.0012,-1.0000
16.6672,1.0000,33.1177,1.2800,0.3631,16.6725,16.6681,15.4705,0.0015,-1.0000
16.6678,1.0000,33.1343,1.1741,0.3578,16.6665,16.6642,15.4971,0.0010,-1.0000
16.6663,1.0000,33.1510,1.2122,0.3279,16.6648,16.7043,15.4685,0.0010,-1.0000
16.6861,1.0000,33.1677,1.0027,0.3316,16.6587,16.6336,15.4970,0.0010,-1.0000
16.6666,1.0000,33.1843,1.1962,0.3566,16.6734,16.6599,15.4330,0.0013,-1.0000
16.6671,1.0000,33.2012,1.1662,0.3409,16.6714,16.7065,15.4749,0.0010,-1.0000
16.6668,1.0000,33.2177,1.2353,0.3851,16.7114,16.6152,15.1101,0.0010,-1.0000
16.6669,1.0000,33.2344,1.1356,0.3804,16.6404,16.6646,15.1445,0.0013,-1.0000
16.6665,1.0000,33.2511,1.2258,0.3604,16.6663,16.7024,15.3811,0.0008,-1.0000
16.6674,1.0000,33.2678,1.2306,0.3555,16.7124,16.6172,15.3222,0.0012,-1.0000
16.6664,1.0000,33.2843,1.5041,0.4889,16.6212,16.6539,15.2053,0.0012,-1.0000
16.6669,1.0000,33.3010,1.5188,0.3916,16.6729,16.6653,15.4095,0.0010,-1.0000
16.6660,1.0000,33.3177,1.3206,0.3550,16.7092,16.6918,15.4197,0.0010,-1.0000
16.6676,1.0000,33.3344,1.2938,0.3864,16.6241,16.6727,15.3971,0.0012,-1.0000
16.6670,1.0000,33.3511,1.4475,0.4101,16.6614,16.6545,15.3914,0.0010,-1.0000
16.6657,1.0000,33.3678,1.2548,0.4138,16.6719,16.6618,15.4242,0.0011,-1.0000
16.6667,1.0000,33.3843,1.2712,0.3577,16.6986,16.6851,15.3275,0.0015,-1.0000
16.6677,1.0000,33.4010,1.2745,0.3673,16.6794,16.6282,15.5715,0.0011,-1.0000
16.6661,1.0000,33.4177,1.2620,0.3404,16.6609,16.6551,15.4330,0.0012,-1.0000
16.6669,1.0000,33.4345,1.2366,0.3139,16.6672,16.7553,15.4435,0.0010,-1.0000
16.6667,1.0000,33.4511,1.3559,0.3465,16.6910,16.5805,15.3445,0.0011,-1.0000
16.6667,1.0000,33.4677,1.0557,0.3243,16.6345,16.6595,15.4167,0.0010,-1.0000
16.6676,1.0000,33.4843,1.2211,0.3462,16.6614,16.6931,15.4670,0.0009,-1.0000
16.6662,1.0000,33.5011,1.3111,0.3448,16.7617,16.5870,15.4028,0.0011,-1.0000
16.6670,1.0000,33.5177,1.2349,0.3158,16.5872,16.7190,15.3988,0.0012,-1.0000
16.6664,1.0000,33.5344,1.2416,0.3847,16.6663,16.6395,15.4035,0.0011,-1.0000
16.6669,1.0000,33.5510,1.2252,0.3584,16.6995,16.6443,15.3757,0.0011,-1.0000
16.6666,1.0000,33.5677,1.1831,0.3444,16.5932,16.6766,15.5086,0.0011,-1.0000
16.6667,1.0000,33.5843,1.3189,0.3528,16.7255,16.6619,15.3940,0.0010,-1.0000
16.6673,1.0000,33.6011,1.2349,0.3588,16.6464,16.6620,15.5185,0.0010,-1.0000
16.6658,1.0000,33.6178,1.2676,0.3342,16.6506,16.6563,15.3480,0.0013,-1.0000
16.6691,1.0000,33.6344,1.1669,0.3477,16.6830,16.7019,15.4163,0.0011,-1.0000
16.6656,1.0000,33.6510,1.2671,0.3388,16.6681,16.6082,15.3477,0.0012,-1.0000
16.6647,1.0000,33.6677,1.1426,0.3496,16.6692,16.6505,15.4130,0.0010,-1.0000
16.6684,1.0000,33.6844,1.3073,0.3581,16.6627,16.7632,15.5174,0.0010,-1.0000
16.6665,1.0000,33.7011,1.2842,0.3979,16.7085,16.5634,15.3848,0.0010,-1.0000
16.6658,1.0000,33.7177,1.2593,0.3644,16.6155,16.6731,15.2814,0.0014,-1.0000
16.6670,1.0000,33.7344,1.2366,0.3176,16.6572,16.6462,15.5404,0.0012,-1.0000
16.6679,1.0000,33.7510,1.2448,0.3552,16.7697,16.6323,15.4007,0.0010,-1.0000
16.6663,1.0000,33.7677,1.1775,0.3332,16.5709,16.6594,15.4646,0.0010,-1.0000
16.6666,1.0000,33.7843,1.3905,0.3668,16.6791,16.6601,15.3689,0.0013,-1.0000
16.6667,1.0000,33.8010,1.1045,0.3512,16.6513,16.6545,15.4178,0.0010,-1.0000
16.6670,1.0000,33.8176,1.2307,0.3481,16.6390,16.6581,15.5759,0.0009,-1.0000
16.6670,1.0000,33.8343,1.1938,0.3356,16.6662,16.6689,15.5466,0.0010,-1.0000
16.6679,1.0000,33.8511,1.2904,0.3550,16.6681,16.6971,15.4686,0.0009,-1.0000
16.6656,1.0000,33.8678,1.2359,0.3616,16.6605,16.6909,15.4340,0.0014,-1.0000
16.6666,1.0000,33.8842,1.0813,0.3860,16.6647,16.6300,15.3021,0.0012,-1.0000
16.6675,1.0000,33.9010,1.1214,0.3446,16.6748,16.6601,15.6485,0.0009,-1.0000
16.6672,1.0000,33.9178,1.2276,0.3218,16.7044,16.6769,15.4354,0.0011,-1.0000
16.6680,1.0000,33.9345,1.2555,0.3470,16.6982,16.6809,15.2629,0.0011,-1.0000
16.6654,1.0000,33.9512,1.3264,0.4622,16.6362,16.6256,15.1410,0.0010,-1.0000
16.6659,1.0000,33.9677,1.0104,0.3942,16.6666,16.6393,15.3505,0.0009,-1.0000
16.6668,1.0000,33.9843,1.2404,0.3612,16.6842,16.7153,15.4371,0.0011,-1.0000
16.6670,1.0000,34.0011,1.4167,0.4461,16.6888,16.5802,15.3284,0.0011,-1.0000
16.6669,1.0000,34.0177,1.4839,0.3211,16.6337,16.6601,15.3930,0.0013,-1.0000
16.6660,1.0000,34.0344,1.2880,0.4576,16.6461,16.6538,15.3884,0.0011,-1.0000
16.6666,1.0000,34.0510,1.2772,0.3352,16.7219,16.6666,15.3843,0.0010,-1.0000
16.6675,1.0000,34.0676,1.2508,0.3723,16.5872,16.6584,15.5240,0.0013,-1.0000
16.6662,1.0000,34.0842,1.2655,0.3698,16.6683,16.6615,15.4531,0.0009,-1.0000
16.6671,1.0000,34.1011,1.2642,0.3196,16.6606,16.7072,15.6204,0.0009,-1.0000
16.6664,1.0000,34.1177,1.2808,0.3241,16.6726,16.6127,15.4024,0.0009,-1.0000
16.6682,1.0000,34.1344,1.1328,0.3269,16.6649,16.6619,15.3653,0.0013,-1.0000
16.6672,1.0000,34.1510,1.2075,0.3234,16.6676,16.6619,15.3208,0.0011,-1.0000
16.6650,1.0000,34.1676,1.0860,0.3420,16.7150,16.6488,15.4042,0.0011,-1.0000
16.6675,1.0000,34.1842,1.2098,0.3457,16.6199,16.6631,15.5460,0.0010,-1.0000
16.6651,1.0000,34.2010,1.2951,0.4486,16.6694,16.6524,15.5336,0.0008,-1.0000
16.6691,1.0000,34.2179,1.3401,0.3979,16.6711,16.7845,15.4577,0.0010,-1.0000
16.6667,1.0000,34.2344,1.2436,0.3828,16.6557,16.5482,15.1418,0.0012,-1.0000
16.6664,1.0000,34.2510,1.1159,0.3448,16.6703,16.6556,15.3414,0.0011,-1.0000
16.6660,1.0000,34.2677,1.1180,0.3244,16.6584,16.6592,15.4429,0.0012,-1.0000
16.6670,1.0000,34.2843,1.3257,0.4232,16.7913,16.6607,15.3901,0.0013,-1.0000
16.6674,1.0000,34.3010,1.4051,0.3421,16.5562,16.6636,15.3458,0.0011,-1.0000
16.6662,1.0000,34.3176,1.3130,0.3491,16.6631,16.6510,15.1026,0.0013,-1.0000
16.6646,1.0000,34.3342,1.2152,0.4270,16.6654,16.6548,15.5254,0.0011,-1.0000
16.6688,1.0000,34.3510,1.2698,0.3394,16.6671,16.6681,15.6947,0.0009,-1.0000
16.6654,1.0000,34.3678,1.3168,0.3730,16.6710,16.6565,15.4365,0.0009,-1.0000
16.6702,1.0000,34.3843,1.5473,0.3192,16.6585,16.7105,15.3279,0.0010,-1.0000
16.6651,1.0000,34.4010,1.1285,0.2965,16.6597,16.6150,15.4826,0.0012,-1.0000
16.6669,1.0000,34.4177,0.9724,0.3633,16.6741,16.6595,15.3990,0.0012,-1.0000
16.6668,1.0000,34.4344,1.2191,0.3262,16.6631,16.7052,15.4411,0.0011,-1.0000
16.6667,1.0000,34.4511,1.3818,0.4285,16.7176,16.6204,15.3339,0.0010,-1.0000
16.6659,1.0000,34.4676,1.1311,0.3482,16.6216,16.6512,15.3012,0.0012,-1.0000
16.6663,1.0000,34.4845,1.2594,0.3513,16.6660,16.7114,15.6002,0.0008,-1.0000
16.6684,1.0000,34.5010,1.2631,0.3357,16.7123,16.6175,14.6985,0.0010,-1.0000
16.6671,1.0000,34.5176,1.2856,0.3363,16.6268,16.6582,15.4488,0.0011,-1.0000
16.6661,1.0000,34.5343,1.3490,0.3353,16.6582,16.6594,15.4426,0.0009,-1.0000
16.6679,1.0000,34.5510,1.1105,0.3812,16.7171,16.7098,15.4054,0.0012,-1.0000
16.6666,1.0000,34.5676,1.9178,0.3324,16.6237,16.6538,15.4401,0.0011,-1.0000
16.6660,1.0000,34.5842,1.2083,0.3993,16.6660,16.6687,15.4750,0.0009,-1.0000
16.6666,1.0000,34.6010,1.2156,0.3537,16.6661,16.6532,15.5590,0.0011,-1.0000
16.6669,1.0000,34.6177,1.3036,0.3977,16.7186,16.6986,15.4867,0.0010,-1.0000
16.6666,1.0000,34.6343,1.2127,0.4409,16.6613,16.6071,15.3962,0.0009,-1.0000
16.6679,1.0000,34.6509,1.1927,0.3591,16.6758,16.6631,15.4650,0.0009,-1.0000
16.6663,1.0000,34.6677,1.0932,0.3308,16.6594,16.7490,15.5433,0.0011,-1.0000
16.6671,1.0000,34.6843,1.2109,0.3416,16.7040,16.5906,15.3718,0.0011,-1.0000
16.6657,1.0000,34.7010,1.2099,0.4022,16.6127,16.6520,15.5161,0.0011,-1.0000
16.6679,1.0000,34.7177,1.1975,0.3423,16.6706,16.6957,15.4002,0.0011,-1.0000
16.6665,1.0000,34.7343,1.2045,0.3669,16.7563,16.5768,15.3158,0.0013,-1.0000
16.6660,1.0000,34.7510,1.2178,0.3388,16.5977,16.7098,15.4543,0.0009,-1.0000
16.6668,1.0000,34.7677,1.1353,0.3258,16.6584,16.6503,15.4926,0.0009,-1.0000
16.6669,1.0000,34.7843,1.2943,0.3923,16.7021,16.6484,15.3077,0.0011,-1.0000
16.6667,1.0000,34.8011,1.2598,0.3389,16.5838,16.6922,15.3302,0.0012,-1.0000
16.6668,1.0000,34.8177,1.2549,0.3482,16.7162,16.6416,15.3624,0.0014,-1.0000
16.6670,1.0000,34.8344,1.1567,0.3473,16.6577,16.6615,15.3284,0.0008,-1.0000
16.6676,1.0000,34.8511,1.3393,0.3399,16.6543,16.6674,15.4314,0.0011,-1.0000
16.6655,1.0000,34.8679,1.3608,0.4376,16.6998,16.6929,15.2252,0.0011,-1.0000
16.6677,1.0000,34.8843,1.2780,0.3956,16.6491,16.6108,15.1974,0.0011,-1.0000
16.6661,1.0000,34.9010,1.3324,0.3672,16.6682,16.6519,15.3982,0.0014,-1.0000
16.6660,1.0000,34.9178,1.2348,0.4145,16.6749,16.7643,15.4435,0.0011,-1.0000
16.6688,1.0000,34.9344,1.4666,0.3601,16.6998,16.5600,15.2834,0.0011,-1.0000
16.6660,1.0000,34.9512,1.4122,0.5105,16.6182,16.6859,15.3072,0.0010,-1.0000
16.6661,1.0000,34.9677,1.2523,0.3256,16.6586,16.6396,15.2404,0.0012,-1.0000
16.6664,1.0000,34.9842,1.3198,0.3477,16.7708,16.6142,15.4590,0.0011,-1.0000
16.6678,1.0000,35.0010,1.2753,0.3472,16.5666,16.6658,15.6156,0.0013,-1.0000
16.6660,1.0000,35.0177,1.3776,0.3771,16.6934,16.6618,15.4829,0.0010,-1.0000
16.6673,1.0000,35.0344,1.3983,0.4393,16.6464,16.6606,15.5349,0.0009,-1.0000
16.6669,1.0000,35.0511,1.1542,0.3588,16.6202,16.6598,15.2698,0.0011,-1.0000
16.6674,1.0000,35.0677,1.0490,0.3283,16.6718,16.6605,15.4197,0.0014,-1.0000
16.6657,1.0000,35.0843,1.1781,0.3214,16.6694,16.6832,15.4771,0.0008,-1.0000
16.6679,1.0000,35.1011,1.1247,0.3518,16.6677,16.6848,15.5843,0.0009,-1.0000
16.6651,1.0000,35.1178,1.3890,0.4393,16.6665,16.6496,15.3424,0.0011,-1.0000
16.6680,1.0000,35.1344,1.2391,0.3287,16.6675,16.6581,15.3265,0.0010,-1.0000
16.6675,1.0000,35.1511,1.2052,0.3864,16.6895,16.6861,15.3097,0.0010,-1.0000
16.6650,1.0000,35.1677,1.0994,0.4293,16.6916,16.6666,15.3005,0.0011,-1.0000
16.6671,1.0000,35.1843,1.3061,0.3245,16.6554,16.6149,15.4355,0.0010,-1.0000
16.6672,1.0000,35.2011,1.3306,0.5502,16.6641,16.6696,15.5435,0.0011,-1.0000
16.6664,1.0000,35.2177,1.3754,0.3669,16.6944,16.7042,15.3948,0.0010,-1.0000
16.6671,1.0000,35.2344,1.3651,0.3423,16.6735,16.5816,15.3915,0.0011,-1.0000
16.6675,1.0000,35.2510,1.1783,0.3759,16.6207,16.6606,15.4573,0.0012,-1.0000
16.6671,1.0000,35.2677,1.1251,0.3626,16.6755,16.6648,15.3529,0.0013,-1.0000
16.6657,1.0000,35.2843,1.3086,0.4657,16.7113,16.6551,15.4132,0.0010,-1.0000
16.6668,1.0000,35.3010,1.1892,0.3848,16.5886,16.6633,15.4141,0.0010,-1.0000
16.6667,1.0000,35.3177,1.2023,0.3500,16.6671,16.6553,15.4609,0.0011,-1.0000
16.6686,1.0000,35.3344,1.3109,0.4151,16.6718,16.7220,15.4897,0.0010,-1.0000
16.6657,1.0000,35.3512,1.2406,0.4010,16.6620,16.6083,15.3151,0.0011,-1.0000
16.6662,1.0000,35.3678,1.2482,0.3962,16.6700,16.6633,15.1788,0.0012,-1.0000
16.6668,1.0000,35.3843,1.1930,0.3345,16.6611,16.6463,15.2962,0.0013,-1.0000
16.6665,1.0000,35.4010,1.2315,0.3644,16.7298,16.6553,15.4988,0.0010,-1.0000
16.6669,1.0000,35.4177,1.2919,0.3709,16.6178,16.6634,15.5627,0.0011,-1.0000
16.6684,1.0000,35.4343,1.4832,0.3830,16.6713,16.6643,15.5383,0.0011,-1.0000
16.6652,1.0000,35.4511,1.3485,0.3844,16.6532,16.6557,15.4457,0.0014,-1.0000
16.6662,1.0000,35.4676,1.1551,0.3223,16.6611,16.6539,15.3670,0.0011,-1.0000
16.6672,1.0000,35.4842,1.0995,0.4178,16.6699,16.6661,15.5174,0.0010,-1.0000
16.6660,1.0000,35.5011,1.1246,0.3376,16.6722,16.6569,15.5735,0.0010,-1.0000
16.6695,1.0000,35.5178,1.2091,0.3386,16.6628,16.6719,15.4409,0.0008,-1.0000
16.6646,1.0000,35.5345,1.2857,0.3485,16.6597,16.6513,15.3544,0.0010,-1.0000
16.6657,1.0000,35.5510,1.1478,0.3395,16.6718,16.6593,15.2446,0.0009,-1.0000
16.6677,1.0000,35.5677,1.0828,0.3419,16.6625,16.6624,15.5797,0.0010,-1.0000
16.6661,1.0000,35.5842,1.2298,0.3381,16.6790,16.6561,15.5102,0.0008,-1.0000
16.6682,1.0000,35.6010,1.2959,0.3540,16.6577,16.6744,15.6243,0.0008,-1.0000
16.6658,1.0000,35.6178,1.4139,0.3941,16.6647,16.6976,15.4308,0.0009,-1.0000
16.6664,1.0000,35.6344,1.0820,0.3547,16.6681,16.6108,15.2850,0.0014,-1.0000
16.6677,1.0000,35.6510,1.1452,0.3101,16.6629,16.6633,15.4722,0.0010,-1.0000
16.6663,1.0000,35.6678,1.0492,0.3871,16.6798,16.7038,15.5622,0.0011,-1.0000
16.6668,1.0000,35.6843,1.2657,0.3745,16.7031,16.6246,15.4164,0.0012,-1.0000
16.6668,1.0000,35.7011,1.3243,0.3814,16.6174,16.6549,15.5365,0.0008,-1.0000
16.6671,1.0000,35.7177,1.1899,0.3194,16.6695,16.7077,15.3980,0.0011,-1.0000
16.6665,1.0000,35.7343,1.1404,0.3325,16.7091,16.6184,15.1647,0.0010,-1.0000
16.6677,1.0000,35.7510,1.2070,0.3611,16.6299,16.6599,15.5232,0.0009,-1.0000
16.6667,1.0000,35.7677,1.1176,0.3538,16.6607,16.6638,15.4570,0.0012,-1.0000
16.6665,1.0000,35.7843,1.3086,0.4009,16.7140,16.6907,15.4060,0.0010,-1.0000
16.6664,1.0000,35.8010,1.4530,0.3765,16.6247,16.6619,15.4900,0.0013,-1.0000
16.6674,1.0000,35.8177,1.1360,0.3459,16.6666,16.6655,15.5220,0.0011,-1.0000
16.6674,1.0000,35.8345,1.2060,0.3370,16.6707,16.6733,15.3917,0.0010,-1.0000
16.6667,1.0000,35.8511,1.2838,0.3390,16.6973,16.6991,15.3361,0.0010,-1.0000
16.6652,1.0000,35.8678,1.1704,0.4217,16.6682,16.5870,15.3106,0.0011,-1.0000
16.6671,1.0000,35.8843,1.1422,0.3718,16.6714,16.6722,15.3387,0.0009,-1.0000
16.6670,1.0000,35.9012,1.2808,0.3301,16.6807,16.7456,15.5076,0.0010,-1.0000
16.6666,1.0000,35.9178,1.3616,0.3351,16.7060,16.5894,15.2521,0.0013,-1.0000
16.6669,1.0000,35.9344,1.2752,0.3879,16.5926,16.6647,15.3962,0.0011,-1.0000
16.6665,1.0000,35.9511,1.3326,0.4599,16.6788,16.6936,15.3842,0.0014,-1.0000
16.6659,1.0000,35.9676,1.2372,0.3295,16.7517,16.5730,15.3647,0.0011,-1.0000
16.6674,1.0000,35.9843,1.3360,0.3705,16.5950,16.7237,15.5378,0.0011,-1.0000
16.6683,1.0000,36.0011,1.2674,0.3459,16.6707,16.6446,15.4699,0.0009,-1.0000
16.6669,1.0000,36.0177,1.3081,0.3487,16.6997,16.6517,15.4480,0.0011,-1.0000
16.6662,1.0000,36.0344,1.2073,0.3825,16.5787,16.6786,15.2436,0.0012,-1.0000
16.6663,1.0000,36.0510,1.1850,0.3493,16.7298,16.6487,15.3621,0.0011,-1.0000
16.6673,1.0000,36.0677,1.1741,0.3646,16.6520,16.6719,15.4204,0.0009,-1.0000
16.6662,1.0000,36.0843,1.2027,0.4123,16.6589,16.6602,15.4712,0.0009,-1.0000
16.6665,1.0000,36.1011,1.4338,0.3556,16.6851,16.6771,15.5578,0.0010,-1.0000
16.6671,1.0000,36.1178,1.2858,0.3394,16.6553,16.6181,15.3990,0.0010,-1.0000
16.6667,1.0000,36.1344,1.2505,0.3710,16.6793,16.6607,15.4008,0.0014,-1.0000
16.6680,1.0000,36.1512,1.1878,0.3271,16.6670,16.7798,15.4168,0.0011,-1.0000
16.6647,1.0000,36.1677,1.1183,0.3339,16.6837,16.5335,15.3125,0.0012,-1.0000
16.6674,1.0000,36.1843,1.2182,0.3627,16.6240,16.6758,15.4734,0.0012,-1.0000
16.6673,1.0000,36.2011,1.2587,0.4024,16.6674,16.6718,15.4618,0.0011,-1.0000
16.6655,1.0000,36.2176,1.3621,0.3872,16.7876,16.6017,15.3212,0.0012,-1.0000
16.6697,1.0000,36.2344,1.2200,0.3546,16.5409,16.6771,15.6263,0.0010,-1.0000
16.6650,1.0000,36.2510,1.2013,0.3752,16.6818,16.6496,15.4196,0.0010,-1.0000
16.6671,1.0000,36.2678,1.2089,0.3749,16.6776,16.6791,15.2079,0.0012,-1.0000
16.6665,1.0000,36.2843,1.2796,0.3201,16.6069,16.6446,15.3622,0.0014,-1.0000
16.6672,1.0000,36.3010,1.0500,0.4295,16.6843,16.6575,15.3576,0.0012,-1.0000
16.6655,1.0000,36.3177,1.2289,0.5836,16.6568,16.7098,15.3598,0.0012,-1.0000
16.6681,1.0000,36.3344,1.4699,0.3475,16.6856,16.6578,15.4723,0.0010,-1.0000
16.6655,1.0000,36.3511,1.2810,0.3705,16.6506,16.6663,15.3120,0.0014,-1.0000
16.6680,1.0000,36.3678,1.2988,0.4917,16.6643,16.6582,15.4120,0.0010,-1.0000
16.6653,1.0000,36.3843,1.3491,0.3409,16.7165,16.6560,15.3430,0.0010,-1.0000
16.6672,1.0000,36.4011,1.1842,0.3672,16.6639,16.6889,15.5400,0.0010,-1.0000
16.6669,1.0000,36.4177,1.3530,0.4242,16.6732,16.6277,15.4445,0.0009,-1.0000
16.6675,1.0000,36.4345,1.2453,0.3559,16.6653,16.6599,15.4396,0.0009,-1.0000
16.6667,1.0000,36.4512,1.3121,0.7277,16.6621,16.7069,15.3014,0.0012,-1.0000
16.6670,1.0000,36.4677,1.1481,0.4096,16.6963,16.5714,15.2301,0.0012,-1.0000
16.6665,1.0000,36.4843,1.1824,0.3645,16.6336,16.6637,15.4368,0.0014,-1.0000
16.6670,1.0000,36.5010,1.2193,0.3988,16.6666,16.6579,15.5257,0.0011,-1.0000
16.6680,1.0000,36.5177,1.4042,0.4198,16.7135,16.6710,15.4034,0.0014,-1.0000
16.6647,1.0000,36.5344,1.3399,0.4845,16.5774,16.6459,15.3415,0.0010,-1.0000
16.6667,1.0000,36.5510,1.2253,0.3961,16.6717,16.6553,15.4465,0.0010,-1.0000
16.6683,1.0000,36.5677,1.1310,0.3481,16.6642,16.7176,15.5074,0.0009,-1.0000
16.6654,1.0000,36.5842,1.2663,0.3855,16.6790,16.6030,15.4438,0.0010,-1.0000
16.6680,1.0000,36.6010,1.3035,0.3330,16.6530,16.6660,15.6162,0.0010,-1.0000
16.6670,1.0000,36.6178,1.2079,0.3757,16.6613,16.6645,15.4083,0.0014,-1.0000
16.6673,1.0000,36.6344,1.2092,0.4100,16.7242,16.6594,15.2903,0.0012,-1.0000
16.6661,1.0000,36.6510,1.1583,0.3491,16.6092,16.6586,15.4578,0.0011,-1.0000
16.6646,1.0000,36.6676,1.0485,0.3928,16.6725,16.6490,15.4499,0.0009,-1.0000
16.6670,1.0000,36.6843,1.2547,0.4230,16.6717,16.6689,15.6061,0.0010,-1.0000
16.6681,1.0000,36.7011,1.3678,0.6869,16.6672,16.6588,15.5183,0.0009,-1.0000
16.6657,1.0000,36.7177,1.1995,0.3748,16.6659,16.6611,15.3438,0.0013,-1.0000
16.6677,1.0000,36.7343,1.1982,0.3843,16.6554,16.6590,15.5275,0.0012,-1.0000
16.6671,1.0000,36.7510,1.0618,0.3430,16.6757,16.6635,15.3429,0.0010,-1.0000
16.6658,1.0000,36.7677,1.1395,0.3881,16.6653,16.6598,15.4369,0.0009,-1.0000
16.6674,1.0000,36.7843,1.3159,0.3514,16.6671,16.6570,15.3406,0.0010,-1.0000
16.6664,1.0000,36.8010,1.1301,0.4178,16.6649,16.6600,15.4841,0.0010,-1.0000
16.6673,1.0000,36.8177,1.3196,0.3718,16.6708,16.6626,15.5239,0.0010,-1.0000
16.6656,1.0000,36.8343,1.2217,0.3967,16.6662,16.6588,15.5124,0.0009,-1.0000
16.6692,1.0000,36.8511,1.3154,0.3537,16.6626,16.7175,15.4251,0.0009,-1.0000
16.6647,1.0000,36.8677,1.1752,0.4330,16.6661,16.6010,15.2028,0.0011,-1.0000
16.6668,1.0000,36.8842,1.1377,0.4079,16.6689,16.6576,15.4378,0.0010,-1.0000
16.6686,1.0000,36.9011,1.1456,0.4128,16.6648,16.7140,15.6504,0.0008,-1.0000
16.6645,1.0000,36.9176,1.2916,0.3696,16.7260,16.6048,15.4299,0.0012,-1.0000
16.6691,1.0000,36.9344,1.3970,0.3398,16.6082,16.6779,15.6492,0.0010,-1.0000
16.6660,1.0000,36.9512,1.2188,0.3267,16.6635,16.6888,15.2850,0.0012,-1.0000
16.6662,1.0000,36.9677,1.0628,0.3888,16.7204,16.6198,15.2509,0.0011,-1.0000
16.6668,1.0000,36.9843,1.1738,0.3139,16.6102,16.6596,15.1464,0.0013,-1.0000
16.6662,1.0000,37.0010,1.0276,0.4128,16.6846,16.6580,15.5573,0.0009,-1.0000
16.6666,1.0000,37.0177,1.4028,0.3646,16.6968,16.7001,15.4619,0.0012,-1.0000
16.6682,1.0000,37.0345,1.3678,0.4224,16.6267,16.6729,15.3758,0.0010,-1.0000
16.6660,1.0000,37.0511,1.5119,0.3498,16.6659,16.6539,15.2480,0.0012,-1.0000
16.6673,1.0000,37.0678,1.0997,0.3333,16.6643,16.6734,15.4457,0.0012,-1.0000
16.6648,1.0000,37.0843,1.2371,0.4030,16.7058,16.6674,15.3411,0.0012,-1.0000
16.6688,1.0000,37.1013,1.2958,0.3811,16.6796,16.6436,15.4381,0.0012,-1.0000
16.6653,1.0000,37.1178,1.4045,0.4002,16.6606,16.6517,15.1501,0.0013,-1.0000
16.6670,1.0000,37.1345,1.2262,0.4072,16.6800,16.7471,15.3213,0.0014,-1.0000
16.6678,1.0000,37.1511,1.3252,0.3750,16.6740,16.5881,15.3305,0.0013,-1.0000
16.6662,1.0000,37.1678,1.2044,0.3464,16.6493,16.6618,15.3467,0.0011,-1.0000
16.6680,1.0000,37.1844,1.5004,0.3822,16.6583,16.6893,15.3381,0.0014,-1.0000
16.6913,1.0000,37.2012,1.4244,0.3996,16.7534,16.6039,15.3058,0.0013,-1.0000
16.6637,1.0000,37.2177,1.2563,0.4102,16.5947,16.7026,15.3342,0.0010,-1.0000
16.6672,1.0000,37.2344,1.3143,0.4039,16.6697,16.6619,15.3774,0.0012,-1.0000
16.6658,1.0000,37.2510,1.3501,0.3860,16.6971,16.6376,15.3894,0.0011,-1.0000
16.6675,1.0000,37.2678,1.2971,0.4131,16.6108,16.6807,15.4962,0.0009,-1.0000
16.6656,1.0000,37.2844,1.3676,0.3680,16.7089,16.6554,15.3279,0.0012,-1.0000
16.6663,1.0000,37.3011,1.2833,0.3937,16.6687,16.6478,15.4166,0.0013,-1.0000
16.6694,1.0000,37.3178,1.2471,0.3467,16.6440,16.6897,15.5315,0.0011,-1.0000
16.6652,1.0000,37.3345,1.1837,0.3773,16.6872,16.6819,15.2716,0.0011,-1.0000
16.6666,1.0000,37.3511,1.3264,0.3275,16.6622,16.6195,15.3021,0.0011,-1.0000
16.6664,1.0000,37.3678,1.2302,0.3763,16.6530,16.6563,15.4206,0.0010,-1.0000
16.6668,1.0000,37.3844,1.1570,0.3729,16.6967,16.7553,15.3159,0.0013,-1.0000
16.6673,1.0000,37.4011,1.4092,0.3790,16.6894,16.5481,15.3545,0.0013,-1.0000
16.6678,1.0000,37.4178,1.3165,0.4535,16.6259,16.6839,15.4111,0.0011,-1.0000
16.6658,1.0000,37.4345,1.2346,0.3587,16.6625,16.6439,15.2426,0.0011,-1.0000
16.6661,1.0000,37.4511,1.4383,0.4458,16.7614,16.6266,15.2988,0.0011,-1.0000
16.6666,1.0000,37.4677,1.1922,0.4334,16.5543,16.6609,15.4176,0.0011,-1.0000
16.6667,1.0000,37.4843,1.2716,0.3697,16.6903,16.6607,15.4861,0.0011,-1.0000
16.6674,1.0000,37.5011,1.4003,0.3671,16.6521,16.6660,15.5587,0.0010,-1.0000
16.6663,1.0000,37.5177,1.3266,0.3654,16.6330,16.6601,15.4299,0.0011,-1.0000
16.6672,1.0000,37.5344,1.2424,0.4558,16.6664,16.6554,15.4452,0.0010,-1.0000
16.6668,1.0000,37.5511,1.1737,0.3841,16.6670,16.7076,15.3439,0.0011,-1.0000
16.6668,1.0000,37.5678,1.1061,0.3745,16.6720,16.7042,15.4225,0.0013,-1.0000
16.6667,1.0000,37.5843,1.2292,0.4077,16.6677,16.6223,15.3243,0.0012,-1.0000
16.6667,1.0000,37.6011,1.2092,0.3829,16.6627,16.6600,15.3964,0.0014,-1.0000
16.6672,1.0000,37.6179,1.3628,0.4017,16.7138,16.6678,15.3588,0.0011,-1.0000
16.6672,1.0000,37.6345,1.2804,0.3714,16.7110,16.6888,15.2488,0.0013,-1.0000
16.6657,1.0000,37.6511,1.2967,0.3652,16.6279,16.6088,15.1680,0.0010,-1.0000
16.6667,1.0000,37.6678,1.2626,0.3848,16.6672,16.6570,15.4157,0.0012,-1.0000
16.6671,1.0000,37.6844,1.3083,0.3685,16.6749,16.7109,15.4035,0.0011,-1.0000
16.6666,1.0000,37.7012,1.4388,0.4015,16.6955,16.5775,15.4747,0.0010,-1.0000
16.6660,1.0000,37.7177,1.4397,0.4312,16.6155,16.6554,15.3216,0.0011,-1.0000
16.6680,1.0000,37.7344,1.2404,0.3385,16.6623,16.6690,15.4991,0.0011,-1.0000
16.6658,1.0000,37.7510,1.3065,0.3904,16.7176,16.6562,15.3982,0.0011,-1.0000
16.6671,1.0000,37.7678,1.1018,0.3675,16.5831,16.6678,15.4860,0.0013,-1.0000
16.6666,1.0000,37.7844,1.3329,0.3605,16.6615,16.6503,15.4066,0.0014,-1.0000
16.6658,1.0000,37.8011,1.1689,0.4380,16.6752,16.7006,15.4458,0.0012,-1.0000
16.6681,1.0000,37.8177,1.2570,0.3591,16.6627,16.6203,15.4459,0.0010,-1.0000
16.6671,1.0000,37.8344,1.1808,0.3704,16.6757,16.6680,15.4933,0.0014,-1.0000
16.6676,1.0000,37.8511,1.2422,0.3688,16.6573,16.6632,15.4039,0.0014,-1.0000
16.6661,1.0000,37.8678,1.2539,0.4251,16.7062,16.6590,15.2645,0.0011,-1.0000
16.6665,1.0000,37.8843,1.1734,0.3678,16.6257,16.6501,15.2374,0.0011,-1.0000
16.6674,1.0000,37.9011,1.1733,0.3638,16.6738,16.6702,15.5354,0.0010,-1.0000
16.6665,1.0000,37.9178,1.2583,0.3768,16.6717,16.6587,15.4071,0.0012,-1.0000
16.6666,1.0000,37.9344,1.3934,0.3724,16.6658,16.6592,15.3650,0.0010,-1.0000
16.6659,1.0000,37.9511,1.4118,0.3652,16.6559,16.6513,15.4373,0.0010,-1.0000
16.6667,1.0000,37.9677,1.1338,0.3799,16.6762,16.6627,15.3971,0.0011,-1.0000
16.6674,1.0000,37.9843,1.2505,0.3721,16.6665,16.6611,15.5051,0.0011,-1.0000
16.6666,1.0000,38.0011,1.2933,0.3773,16.6683,16.6618,15.5507,0.0010,-1.0000
16.6686,1.0000,38.0178,1.2128,0.3762,16.6577,16.6688,15.3454,0.0023,-1.0000
16.6657,1.0000,38.0344,1.2646,0.3665,16.6678,16.6513,15.3801,0.0012,-1.0000
16.6669,1.0000,38.0511,1.1548,0.3710,16.6666,16.6649,15.3549,0.0012,-1.0000
16.6659,1.0000,38.0677,1.1104,0.3981,16.6682,16.6536,15.1919,0.0011,-1.0000
16.6675,1.0000,38.0843,1.3212,0.3615,16.6758,16.7137,15.4394,0.0009,-1.0000
16.6688,1.0000,38.1011,1.2705,0.3539,16.6594,16.6145,15.4505,0.0011,-1.0000
16.6660,1.0000,38.1178,1.3093,0.3783,16.6713,16.6616,15.3208,0.0010,-1.0000
16.6654,1.0000,38.1344,1.4605,0.3872,16.6605,16.6957,15.2587,0.0010,-1.0000
16.6676,1.0000,38.1510,1.2739,0.5810,16.7197,16.6180,15.2902,0.0010,-1.0000
16.6653,1.0000,38.1677,1.1627,0.3805,16.6224,16.6519,15.4230,0.0011,-1.0000
16.6677,1.0000,38.1843,1.3400,0.3594,16.6695,16.7168,15.5592,0.0010,-1.0000
16.6657,1.0000,38.2011,1.4363,0.3929,16.7023,16.6077,15.5545,0.0011,-1.0000
16.6686,1.0000,38.2177,1.3267,0.3879,16.6247,16.6689,15.3878,0.0011,-1.0000
16.6673,1.0000,38.2344,1.2280,0.3347,16.6575,16.6652,15.4542,0.0012,-1.0000
16.6669,1.0000,38.2511,1.1567,0.3517,16.7225,16.6951,15.3233,0.0011,-1.0000
16.6659,1.0000,38.2678,1.0524,0.3582,16.6124,16.6737,15.3325,0.0010,-1.0000
16.6667,1.0000,38.2844,1.2801,0.3727,16.6751,16.6349,15.3633,0.0012,-1.0000
16.6659,1.0000,38.3011,1.2098,0.4453,16.6726,16.6758,15.4017,0.0010,-1.0000
16.6670,1.0000,38.3178,1.3705,0.3564,16.7036,16.6820,15.3088,0.0008,-1.0000
16.6665,1.0000,38.3344,1.3405,0.3698,16.6822,16.6181,15.4865,0.0009,-1.0000
16.6662,1.0000,38.3511,1.2703,0.3923,16.6416,16.6632,15.5705,0.0012,-1.0000
16.6686,1.0000,38.3680,1.2734,0.3806,16.6824,16.7775,15.3773,0.0010,-1.0000
16.6672,1.0000,38.3844,1.3724,0.3645,16.6878,16.5551,15.0867,0.0013,-1.0000
16.6652,1.0000,38.4011,1.1308,0.4026,16.6227,16.6608,15.3982,0.0009,-1.0000
16.6667,1.0000,38.4178,1.0915,0.4143,16.6706,16.6811,15.4065,0.0011,-1.0000
16.6669,1.0000,38.4344,1.3993,0.3609,16.7851,16.5945,15.4154,0.0009,-1.0000
16.6660,1.0000,38.4512,1.4669,0.4273,16.5631,16.7056,15.4320,0.0011,-1.0000
16.6696,1.0000,38.4678,1.2617,0.3843,16.6682,16.6640,15.3805,0.0012,-1.0000
16.6665,1.0000,38.4844,1.2735,0.3444,16.6867,16.6493,15.2330,0.0013,-1.0000
16.6653,1.0000,38.5011,1.1783,0.4046,16.6004,16.6645,15.3959,0.0011,-1.0000
16.6677,1.0000,38.5178,1.2727,0.3459,16.7113,16.6792,15.3355,0.0011,-1.0000
16.6665,1.0000,38.5345,1.2824,0.4484,16.6700,16.6377,15.2229,0.0011,-1.0000
16.6658,1.0000,38.5511,1.4151,0.3895,16.6574,16.6654,15.2242,0.0012,-1.0000
16.6676,1.0000,38.5678,1.2674,0.3631,16.6708,16.6938,15.4720,0.0012,-1.0000
16.6658,1.0000,38.5843,1.3425,0.3885,16.6866,16.6095,15.3185,0.0010,-1.0000
16.6685,1.0000,38.6011,1.4138,0.3590,16.6451,16.6617,15.5317,0.0012,-1.0000
16.6663,1.0000,38.6180,1.4401,0.4300,16.6718,16.7907,15.3514,0.0012,-1.0000
16.6668,1.0000,38.6344,1.2205,0.4097,16.7010,16.5224,15.1023,0.0014,-1.0000
16.6672,1.0000,38.6511,1.2901,0.3558,16.6155,16.6764,15.4544,0.0010,-1.0000
16.6657,1.0000,38.6678,1.1288,0.3881,16.6680,16.6420,15.2944,0.0011,-1.0000
16.6682,1.0000,38.6843,1.4380,0.4096,16.7975,16.6461,15.4605,0.0013,-1.0000
16.6660,1.0000,38.7012,1.4187,0.4804,16.5295,16.6529,15.3759,0.0014,-1.0000
16.6657,1.0000,38.7177,1.2210,0.3823,16.6833,16.6508,15.1403,0.0011,-1.0000
16.6683,1.0000,38.7344,1.3466,0.3764,16.6484,16.6712,15.4424,0.0016,-1.0000
16.6655,1.0000,38.7511,1.1842,0.4279,16.6531,16.6519,15.3930,0.0011,-1.0000
16.6680,1.0000,38.7677,1.2759,0.3884,16.6609,16.6621,15.4660,0.0013,-1.0000
16.6665,1.0000,38.7844,1.5094,0.3887,16.6578,16.6874,15.4196,0.0010,-1.0000
16.6668,1.0000,38.8011,1.2273,0.3930,16.6783,16.7148,15.3814,0.0012,-1.0000
16.6670,1.0000,38.8178,1.2581,0.3799,16.6579,16.6500,15.3203,0.0012,-1.0000
16.6676,1.0000,38.8345,1.1948,0.3697,16.6681,16.6404,15.3174,0.0014,-1.0000
16.6676,1.0000,38.8512,1.2667,0.4049,16.6941,16.6721,15.3224,0.0012,-1.0000
16.6650,1.0000,38.8678,1.3322,0.4665,16.7206,16.6802,14.9580,0.0010,-1.0000
16.6657,1.0000,38.8844,1.3285,0.3948,16.6566,16.6077,15.3568,0.0011,-1.0000
16.6681,1.0000,38.9011,1.3220,0.3972,16.6470,16.6659,15.5347,0.0012,-1.0000
16.6674,1.0000,38.9179,1.3485,0.4055,16.6811,16.7174,15.3122,0.0009,-1.0000
16.6655,1.0000,38.9344,1.7211,0.3513,16.6873,16.5595,15.1645,0.0014,-1.0000
16.6665,1.0000,38.9512,1.2501,0.4078,16.6135,16.6631,15.5089,0.0012,-1.0000
16.6672,1.0000,38.9678,1.1300,0.4450,16.6719,16.6592,15.3087,0.0009,-1.0000
16.6683,1.0000,38.9843,1.4042,0.4622,16.7245,16.6731,15.3805,0.0014,-1.0000
16.6673,1.0000,39.0011,1.3938,0.4237,16.5671,16.6557,15.3925,0.0011,-1.0000
16.6657,1.0000,39.0178,1.1532,0.4132,16.6696,16.6555,15.3754,0.0014,-1.0000
16.6668,1.0000,39.0345,1.3497,0.5659,16.6655,16.7047,15.3798,0.0012,-1.0000
16.6655,1.0000,39.0510,1.2913,0.4364,16.6809,16.6056,15.3367,0.0009,-1.0000
16.6726,1.0000,39.0678,1.2620,0.4496,16.6639,16.6741,15.3468,0.0012,-1.0000
16.6640,1.0000,39.0842,1.2789,0.4029,16.6636,16.6522,15.3320,0.0012,-1.0000
16.6686,1.0000,39.1011,1.3239,0.4001,16.7119,16.6718,15.6952,0.0010,-1.0000
16.6668,1.0000,39.1179,1.2680,0.3892,16.6115,16.6620,15.1656,0.0011,-1.0000
16.6669,1.0000,39.1346,1.3262,0.4099,16.6809,16.6533,15.1862,0.0010,-1.0000
16.6662,1.0000,39.1510,1.3193,0.3809,16.6580,16.6579,15.0258,0.0012,-1.0000
16.6675,1.0000,39.1678,0.9756,0.4069,16.6776,16.6655,15.4723,0.0010,-1.0000
16.6658,1.0000,39.1843,1.4953,0.4639,16.6692,16.6546,15.3611,0.0012,-1.0000
16.6664,1.0000,39.2011,1.4659,0.4473,16.6598,16.6570,15.5678,0.0011,-1.0000
16.6671,1.0000,39.2177,1.6308,0.3791,16.6645,16.6623,15.4511,0.0010,-1.0000
16.6667,1.0000,39.2344,1.1921,0.4073,16.6725,16.6618,15.5411,0.0009,-1.0000
16.6666,1.0000,39.2510,1.2925,0.3610,16.6609,16.6595,15.4375,0.0010,-1.0000
16.6676,1.0000,39.2678,1.0883,0.3428,16.6623,16.6658,15.5449,0.0008,-1.0000
16.6670,1.0000,39.2844,1.2103,0.3878,16.6687,16.6602,15.3774,0.0012,-1.0000
16.6675,1.0000,39.3011,1.1197,0.4018,16.6675,16.6630,15.4002,0.0012,-1.0000
16.6669,1.0000,39.3178,1.2216,0.3765,16.6656,16.7062,15.3824,0.0012,-1.0000
16.6652,1.0000,39.3344,1.1200,0.3889,16.6732,16.6123,15.2739,0.0012,-1.0000
16.6650,1.0000,39.3510,1.2819,0.4240,16.6667,16.6457,15.5112,0.0011,-1.0000
16.6696,1.0000,39.3679,1.2613,0.4343,16.6691,16.7261,15.5683,0.0008,-1.0000
16.6658,1.0000,39.3845,1.3230,0.3935,16.7141,16.6031,15.1370,0.0011,-1.0000
16.6669,1.0000,39.4011,1.3373,0.3627,16.6195,16.6669,15.3373,0.0012,-1.0000
16.6668,1.0000,39.4179,1.1333,0.3920,16.6517,16.7001,15.3964,0.0011,-1.0000
16.6672,1.0000,39.4344,1.1573,0.4092,16.7320,16.6263,15.2835,0.0010,-1.0000
16.6666,1.0000,39.4511,1.4650,0.5165,16.6094,16.6519,15.2430,0.0013,-1.0000
16.6669,1.0000,39.4678,1.3283,0.4087,16.6724,16.6618,15.4103,0.0009,-1.0000
16.6665,1.0000,39.4844,1.3027,0.3630,16.7062,16.7019,15.4019,0.0012,-1.0000
16.6661,1.0000,39.5012,1.3418,0.4322,16.6332,16.6606,15.4523,0.0011,-1.0000
16.6671,1.0000,39.5178,1.4077,0.3716,16.6588,16.6702,15.3536,0.0009,-1.0000
16.6661,1.0000,39.5345,1.2505,0.4120,16.6686,16.6523,15.3313,0.0012,-1.0000
16.6673,1.0000,39.5511,1.2989,0.3895,16.7082,16.6894,15.2980,0.0012,-1.0000
16.6675,1.0000,39.5678,1.2074,0.3589,16.6678,16.6222,15.0735,0.0013,-1.0000
16.6663,1.0000,39.5844,1.3157,0.3880,16.6766,16.6582,15.3617,0.0010,-1.0000
16.6673,1.0000,39.6013,1.3198,0.3956,16.6598,16.7593,15.4166,0.0012,-1.0000
16.6659,1.0000,39.6179,1.3905,0.4522,16.6961,16.5616,15.1282,0.0010,-1.0000
16.6668,1.0000,39.6345,1.5476,0.4187,16.6289,16.6609,15.2347,0.0012,-1.0000
16.6668,1.0000,39.6512,1.2953,0.4234,16.6812,16.6853,15.3364,0.0010,-1.0000
16.6675,1.0000,39.6678,1.3417,0.4111,16.7668,16.5837,15.2416,0.0012,-1.0000
16.6671,1.0000,39.6844,1.4325,0.3783,16.5683,16.7428,15.3519,0.0011,-1.0000
16.6661,1.0000,39.7013,1.4254,0.4036,16.6677,16.6340,15.4020,0.0011,-1.0000
16.6662,1.0000,39.7177,1.3480,0.4466,16.6933,16.6198,15.2075,0.0012,-1.0000
16.6670,1.0000,39.7345,1.3407,0.4127,16.5900,16.6904,15.4350,0.0012,-1.0000
16.6666,1.0000,39.7512,1.3900,0.3882,16.7516,16.6495,15.3018,0.0014,-1.0000
16.6666,1.0000,39.7678,1.2311,0.4308,16.6421,16.6660,15.2366,0.0013,-1.0000
16.6669,1.0000,39.7844,1.4112,0.3698,16.6277,16.6566,15.3554,0.0011,-1.0000
16.6670,1.0000,39.8011,1.2541,0.3830,16.6973,16.6822,15.3870,0.0009,-1.0000
16.6659,1.0000,39.8178,1.3466,0.3752,16.6559,16.6128,15.3280,0.0009,-1.0000
16.6660,1.0000,39.8344,1.4280,0.3850,16.6741,16.6643,15.3138,0.0010,-1.0000
16.6679,1.0000,39.8513,1.3001,0.3890,16.6641,16.7770,15.4604,0.0010,-1.0000
16.6671,1.0000,39.8678,1.2948,0.3981,16.6896,16.5431,15.1102,0.0014,-1.0000
16.6664,1.0000,39.8843,1.2841,0.3958,16.6191,16.6634,15.3037,0.0011,-1.0000
16.6670,1.0000,39.9011,1.3496,0.3894,16.6701,16.6614,15.5192,0.0011,-1.0000
16.6674,1.0000,39.9177,1.3156,0.4144,16.7836,16.6273,15.3115,0.0012,-1.0000
16.6659,1.0000,39.9344,1.4317,0.4225,16.5498,16.6574,15.4317,0.0010,-1.0000
16.6674,1.0000,39.9511,1.3588,0.3718,16.6707,16.6541,15.4356,0.0012,-1.0000
16.6661,1.0000,39.9677,1.1411,0.4369,16.6683,16.6578,15.3612,0.0011,-1.0000
16.6667,1.0000,39.9843,1.3145,0.4651,16.6340,16.6676,15.4652,0.0011,-1.0000
16.6656,1.0000,40.0011,1.2247,0.5004,16.6644,16.6557,15.4596,0.0011,-1.0000
16.6668,1.0000,40.0178,1.2177,0.3755,16.6608,16.6924,15.2839,0.0012,-1.0000
16.6664,1.0000,40.0345,1.2957,0.4220,16.6640,16.6773,15.4361,0.0009,-1.0000
16.6680,1.0000,40.0512,1.2012,0.3959,16.6740,16.6920,15.2908,0.0010,-1.0000
16.6671,1.0000,40.0678,1.1950,0.4245,16.6614,16.6332,15.2487,0.0013,-1.0000
16.6665,1.0000,40.0844,1.4076,0.4396,16.6982,16.6904,15.3419,0.0012,-1.0000
16.6672,1.0000,40.1012,1.2402,0.3718,16.6835,16.6660,15.4032,0.0010,-1.0000
16.6672,1.0000,40.1179,1.4002,0.4525,16.6984,16.6148,15.1928,0.0013,-1.0000
16.6675,1.0000,40.1345,1.3831,0.4237,16.6397,16.6619,15.1541,0.0010,-1.0000
16.6663,1.0000,40.1512,1.3473,0.4256,16.6969,16.7070,15.1162,0.0013,-1.0000
16.6660,1.0000,40.1678,1.2621,0.4028,16.6743,16.5686,15.1971,0.0015,-1.0000
16.6676,1.0000,40.1844,1.4207,0.4014,16.6220,16.6608,15.3677,0.0013,-1.0000
16.6651,1.0000,40.2011,1.5068,0.5079,16.6697,16.6510,15.3022,0.0012,-1.0000
16.7089,1.0000,40.2178,1.5894,0.4042,16.7141,16.7079,15.3451,0.0011,-1.0000
16.6667,1.0000,40.2345,1.3699,0.4337,16.5768,16.6659,15.3357,0.0012,-1.0000
16.6656,1.0000,40.2512,1.2918,0.4840,16.6697,16.6490,15.3413,0.0013,-1.0000
16.6688,1.0000,40.2679,1.3478,0.4107,16.6586,16.7270,15.3407,0.0011,-1.0000
16.6648,1.0000,40.2844,1.3615,0.4471,16.7146,16.5919,15.2284,0.0014,-1.0000
16.6671,1.0000,40.3012,1.3290,0.4175,16.6738,16.6660,15.3849,0.0015,-1.0000
16.6668,1.0000,40.3178,1.3065,0.3624,16.6556,16.6588,15.2387,0.0014,-1.0000
16.6663,1.0000,40.3344,1.3855,0.4904,16.7348,16.6597,15.3700,0.0013,-1.0000
16.6667,1.0000,40.3515,1.3621,0.4141,16.5994,16.6571,15.4491,0.0010,-1.0000
16.6663,1.0000,40.3679,1.2798,0.4472,16.6726,16.6604,14.9862,0.0010,-1.0000
16.6670,1.0000,40.3844,1.4188,0.4454,16.6669,16.6541,15.3211,0.0012,-1.0000
16.6667,1.0000,40.4011,1.2883,0.3699,16.6667,16.6678,15.5519,0.0012,-1.0000
16.6676,1.0000,40.4178,1.2070,0.4325,16.6645,16.6601,15.3652,0.0011,-1.0000
16.6664,1.0000,40.4344,1.6734,0.3659,16.6671,16.6540,15.4393,0.0011,-1.0000
16.6660,1.0000,40.4512,1.3319,0.3528,16.6596,16.6608,15.4162,0.0012,-1.0000
16.6675,1.0000,40.4678,1.1149,0.4036,16.6743,16.6600,15.3434,0.0011,-1.0000
16.6679,1.0000,40.4844,1.2938,0.3844,16.6669,16.6741,15.5030,0.0009,-1.0000
16.6669,1.0000,40.5012,1.2136,0.4174,16.6607,16.6566,15.3730,0.0014,-1.0000
16.6669,1.0000,40.5179,1.2436,0.3734,16.6670,16.6667,15.3593,0.0010,-1.0000
16.6661,1.0000,40.5346,1.3156,0.4265,16.6655,16.6476,14.9401,0.0015,-1.0000
16.6661,1.0000,40.5512,1.1699,0.4108,16.6809,16.7160,15.0695,0.0013,-1.0000
16.6662,1.0000,40.5678,1.2824,0.4371,16.6638,16.5937,15.3173,0.0012,-1.0000
16.6669,1.0000,40.5844,1.3064,0.4910,16.6778,16.6640,15.3040,0.0013,-1.0000
16.6668,1.0000,40.6012,1.7063,0.4376,16.6567,16.7100,15.4534,0.0012,-1.0000
16.6662,1.0000,40.6178,1.6455,0.4699,16.7244,16.6072,15.2983,0.0013,-1.0000
16.6688,1.0000,40.6346,1.2753,0.3981,16.6008,16.6644,15.2709,0.0013,-1.0000
16.6656,1.0000,40.6512,1.3592,0.4318,16.6713,16.6982,15.2161,0.0010,-1.0000
16.6671,1.0000,40.6678,1.2557,0.3978,16.7179,16.6172,15.1138,0.0013,-1.0000
16.6672,1.0000,40.6844,1.3078,0.4331,16.6142,16.6626,15.3651,0.0013,-1.0000
16.6671,1.0000,40.7012,1.3919,0.4694,16.6725,16.6564,15.1218,0.0011,-1.0000
16.6656,1.0000,40.7178,1.4811,0.4895,16.7050,16.6913,15.1888,0.0011,-1.0000
16.6680,1.0000,40.7346,1.5023,0.3771,16.6239,16.6672,15.3945,0.0011,-1.0000
16.6667,1.0000,40.7512,1.2962,0.4228,16.6698,16.6613,15.1815,0.0015,-1.0000
16.6651,1.0000,40.7678,1.5331,0.3918,16.6647,16.6558,15.2286,0.0013,-1.0000
16.6676,1.0000,40.7845,1.5016,0.4274,16.6987,16.6837,15.3768,0.0009,-1.0000
16.6672,1.0000,40.8012,1.2716,0.4930,16.6754,16.6327,15.2467,0.0012,-1.0000
16.6665,1.0000,40.8179,1.4784,0.4391,16.6702,16.6443,15.2265,0.0011,-1.0000
16.6666,1.0000,40.8346,1.4259,0.3647,16.6653,16.7556,15.2637,0.0014,-1.0000
16.6673,1.0000,40.8512,1.3060,0.3837,16.6902,16.5783,15.2269,0.0011,-1.0000
16.6663,1.0000,40.8679,1.3846,0.4629,16.6398,16.6731,15.2415,0.0009,-1.0000
16.6689,1.0000,40.8846,1.4165,0.4136,16.6519,16.6805,15.1638,0.0010,-1.0000
16.6665,1.0000,40.9013,1.4906,0.3963,16.7632,16.5865,14.8984,0.0013,-1.0000
16.6654,1.0000,40.9179,1.3501,0.3884,16.5855,16.7002,15.0828,0.0013,-1.0000
16.6679,1.0000,40.9346,1.4308,0.3888,16.6818,16.6576,15.0905,0.0012,-1.0000
16.6654,1.0000,40.9513,1.5151,0.4892,16.6897,16.6451,15.1309,0.0013,-1.0000
16.6676,1.0000,40.9679,1.6867,0.3832,16.5969,16.6895,15.1286,0.0011,-1.0000
16.6658,1.0000,40.9844,1.6162,0.4946,16.7098,16.6301,15.2349,0.0013,-1.0000
16.6650,1.0000,41.0011,1.5655,0.3795,16.6659,16.6519,15.4754,0.0010,-1.0000
16.6695,1.0000,41.0179,1.5129,0.4707,16.6539,16.6990,15.4538,0.0010,-1.0000
16.6647,1.0000,41.0346,1.5597,0.4680,16.6980,16.6506,15.1955,0.0011,-1.0000
16.6666,1.0000,41.0511,1.3937,0.4138,16.6382,16.6336,15.3179,0.0012,-1.0000
16.6668,1.0000,41.0678,1.1755,0.3884,16.6582,16.6528,15.4280,0.0011,-1.0000
16.6685,1.0000,41.0846,1.2444,0.4140,16.7081,16.7951,15.4448,0.0010,-1.0000
16.6662,1.0000,41.1012,1.4540,0.3488,16.6577,16.5231,15.1515,0.0010,-1.0000
16.6658,1.0000,41.1179,1.3151,0.3918,16.6396,16.6705,15.3473,0.0012,-1.0000
16.6685,1.0000,41.1346,1.2235,0.3754,16.6585,16.6573,15.0591,0.0013,-1.0000
16.6660,1.0000,41.1511,1.3496,0.4593,16.8032,16.6137,15.0844,0.0013,-1.0000
16.6663,1.0000,41.1678,1.3703,0.3892,16.5318,16.6560,15.3230,0.0012,-1.0000
16.6675,1.0000,41.1844,1.3219,0.4128,16.6789,16.6611,15.3525,0.0012,-1.0000
16.6660,1.0000,41.2012,1.5969,0.4943,16.6674,16.6637,15.4153,0.0012,-1.0000
16.6675,1.0000,41.2178,1.5278,0.3935,16.6222,16.6571,15.1475,0.0010,-1.0000
16.6680,1.0000,41.2345,1.3319,0.3592,16.6638,16.6654,15.1644,0.0014,-1.0000
16.6658,1.0000,41.2512,1.3072,0.3797,16.6692,16.6768,15.1492,0.0013,-1.0000
16.6674,1.0000,41.2680,1.2472,0.4134,16.6712,16.7033,15.1928,0.0012,-1.0000
16.6656,1.0000,41.2845,1.5081,0.5072,16.6650,16.6195,15.0106,0.0012,-1.0000
16.6657,1.0000,41.3012,1.4990,0.4419,16.6743,16.6631,15.2368,0.0012,-1.0000
16.6680,1.0000,41.3178,1.5260,0.4346,16.6864,16.6803,15.3231,0.0010,-1.0000
16.6663,1.0000,41.3346,1.5091,0.4310,16.7122,16.6829,15.2837,0.0010,-1.0000
16.6663,1.0000,41.3513,1.6077,0.4128,16.6285,16.6135,15.1513,0.0012,-1.0000
16.6680,1.0000,41.3680,1.4253,0.4787,16.6705,16.6773,15.1343,0.0009,-1.0000
16.6664,1.0000,41.3845,1.3558,0.4372,16.6879,16.6925,15.0036,0.0017,-1.0000
16.6665,1.0000,41.4011,1.3980,0.3926,16.6905,16.5652,15.1390,0.0011,-1.0000
16.6669,1.0000,41.4178,1.4610,0.3999,16.6208,16.6629,15.2587,0.0014,-1.0000
16.6675,1.0000,41.4345,1.5418,0.4019,16.6855,16.6567,15.2611,0.0013,-1.0000
16.6673,1.0000,41.4514,1.6871,0.4477,16.7009,16.6708,15.1675,0.0012,-1.0000
16.6658,1.0000,41.4679,1.4249,0.4194,16.5734,16.6509,14.9641,0.0013,-1.0000
16.6665,1.0000,41.4844,1.4025,0.4977,16.6715,16.6579,15.1801,0.0013,-1.0000
16.6672,1.0000,41.5012,1.3942,0.4561,16.6652,16.6950,15.2803,0.0011,-1.0000
16.6670,1.0000,41.5179,1.5025,0.3879,16.6809,16.6244,15.2585,0.0014,-1.0000
16.6660,1.0000,41.5347,1.6854,0.4723,16.6596,16.6512,15.1997,0.0013,-1.0000
16.6683,1.0000,41.5513,1.4764,0.5056,16.6669,16.6690,14.9966,0.0013,-1.0000
16.6656,1.0000,41.5679,1.4137,0.4842,16.7040,16.6425,14.8476,0.0013,-1.0000
16.6679,1.0000,41.5845,1.3642,0.4773,16.6345,16.6662,15.1340,0.0013,-1.0000
16.6661,1.0000,41.6012,1.4501,0.4518,16.6599,16.6490,15.2658,0.0016,-1.0000
16.6671,1.0000,41.6179,1.6712,0.5896,16.6809,16.6498,15.0482,0.0013,-1.0000
16.6659,1.0000,41.6345,1.7938,0.4368,16.6538,16.6599,15.1564,0.0011,-1.0000
16.6671,1.0000,41.6512,1.5309,0.4452,16.6757,16.6611,15.1984,0.0011,-1.0000
16.6667,1.0000,41.6679,1.3817,0.4182,16.6593,16.6570,15.2086,0.0020,-1.0000
16.6653,1.0000,41.6845,1.6005,0.3991,16.6597,16.6515,15.2488,0.0013,-1.0000
16.6692,1.0000,41.7014,1.5023,0.4186,16.6687,16.6753,15.1453,0.0015,-1.0000
16.6657,1.0000,41.7179,1.4615,0.3834,16.6699,16.6472,14.8777,0.0013,-1.0000
16.6660,1.0000,41.7345,1.4469,0.4209,16.6661,16.6522,14.9340,0.0013,-1.0000
16.6650,1.0000,41.7511,1.4016,0.4527,16.6600,16.6446,15.2662,0.0012,-1.0000
16.6686,1.0000,41.7679,1.5286,0.5216,16.6864,16.6750,15.4284,0.0012,-1.0000
16.6668,1.0000,41.7846,1.7683,0.5407,16.6595,16.7182,15.1237,0.0012,-1.0000
16.6661,1.0000,41.8011,1.7173,0.5039,16.6612,16.5946,14.8825,0.0015,-1.0000
16.6671,1.0000,41.8178,1.3784,0.3711,16.6509,16.6552,15.2439,0.0012,-1.0000
16.6674,1.0000,41.8346,1.2453,0.5602,16.6820,16.7107,15.2063,0.0011,-1.0000
16.6679,1.0000,41.8513,1.5934,0.4603,16.7281,16.6151,15.0710,0.0013,-1.0000
16.6664,1.0000,41.8679,1.7107,0.7100,16.6030,16.6549,15.1610,0.0013,-1.0000
16.6651,1.0000,41.8846,1.4101,0.4014,16.6632,16.6918,15.1135,0.0012,-1.0000
16.6666,1.0000,41.9012,1.5035,0.4028,16.7191,16.6113,15.1113,0.0013,-1.0000
16.6685,1.0000,41.9179,1.5426,0.5442,16.6249,16.6755,15.2545,0.0010,-1.0000
16.6661,1.0000,41.9345,1.4924,0.3947,16.6654,16.6500,15.1654,0.0015,-1.0000
16.6673,1.0000,41.9513,1.5773,0.4359,16.7017,16.7148,15.2587,0.0012,-1.0000
16.6677,1.0000,41.9681,1.4986,0.4442,16.6190,16.6657,15.1516,0.0013,-1.0000
16.6653,1.0000,41.9845,1.4198,0.4621,16.6833,16.6456,14.6955,0.0015,-1.0000
16.6676,1.0000,42.0014,1.4834,0.4390,16.6580,16.6684,15.2210,0.0011,-1.0000
16.6673,1.0000,42.0179,1.4549,0.4584,16.7230,16.6867,14.9284,0.0017,-1.0000
16.6654,1.0000,42.0346,1.5126,0.5236,16.6765,16.6057,15.2011,0.0011,-1.0000
16.6676,1.0000,42.0512,1.9490,0.6056,16.6560,16.6533,14.8885,0.0012,-1.0000
16.6670,1.0000,42.0680,1.4461,0.3906,16.6770,16.7502,14.7975,0.0013,-1.0000
16.6652,1.0000,42.0844,1.7572,0.4251,16.6976,16.5652,15.0731,0.0013,-1.0000
16.6666,1.0000,42.1012,1.4037,0.4299,16.6153,16.6652,15.3710,0.0012,-1.0000
16.6674,1.0000,42.1180,1.7637,0.5339,16.6631,16.6869,15.2779,0.0010,-1.0000
16.6667,1.0000,42.1345,1.9512,0.4543,16.7593,16.5845,15.0146,0.0012,-1.0000
16.6665,1.0000,42.1512,1.4908,0.3630,16.5739,16.7095,15.2796,0.0013,-1.0000
16.6676,1.0000,42.1679,1.2931,0.5394,16.6732,16.6557,15.3544,0.0010,-1.0000
16.6672,1.0000,42.1845,1.4082,0.4546,16.6950,16.6666,15.2374,0.0012,-1.0000
16.6659,1.0000,42.2013,1.5684,0.4528,16.5919,16.6408,15.2817,0.0017,-1.0000
16.6669,1.0000,42.2179,1.4292,0.3613,16.7172,16.6663,15.0954,0.0010,-1.0000
16.6672,1.0000,42.2346,1.3001,0.4084,16.6638,16.6951,15.2365,0.0011,-1.0000
16.6676,1.0000,42.2515,1.4279,0.4420,16.6762,16.7207,15.0300,0.0014,-1.0000
16.6658,1.0000,42.2681,1.3577,0.3773,16.6499,16.5804,14.7402,0.0015,-1.0000
16.6671,1.0000,42.2847,1.5697,0.4685,16.6755,16.6206,14.6511,0.0016,-1.0000
16.6668,1.0000,42.3015,1.4573,0.4561,16.7044,16.7886,14.7998,0.0010,-1.0000
16.6679,1.0000,42.3180,1.6894,0.4876,16.7310,16.5132,14.6738,0.0012,-1.0000
16.6658,1.0000,42.3346,1.8389,0.5197,16.5915,16.6602,14.9253,0.0012,-1.0000
16.6674,1.0000,42.3513,1.9682,0.6407,16.6326,16.6703,15.0265,0.0011,-1.0000
16.6670,1.0000,42.3681,1.9874,0.5547,16.8006,16.6123,14.7773,0.0012,-1.0000
16.6657,1.0000,42.3845,1.8377,0.4644,16.5236,16.6529,14.8626,0.0011,-1.0000
16.6669,1.0000,42.4013,1.7334,0.5494,16.6711,16.6547,14.5515,0.0009,-1.0000
16.6671,1.0000,42.4179,1.6427,0.6237,16.6829,16.6533,15.0042,0.0012,-1.0000
16.6682,1.0000,42.4346,1.8340,0.5308,16.6246,16.6617,14.9753,0.0013,-1.0000
16.6651,1.0000,42.4515,1.7889,0.7550,16.6649,16.8456,15.0118,0.0013,-1.0000
16.6667,1.0000,42.4680,2.1022,0.5201,16.6658,16.4942,14.7739,0.0011,-1.0000
16.6670,1.0000,42.4846,1.6479,0.5861,16.6652,16.6962,14.8200,0.0011,-1.0000
16.6674,1.0000,42.5014,1.6850,0.6200,16.6730,16.6465,15.0856,0.0010,-1.0000
16.6652,1.0000,42.5180,1.8326,0.8416,16.8567,16.6466,14.9753,0.0015,-1.0000
16.6680,1.0000,42.5348,1.7189,0.8107,16.5040,16.6630,14.9873,0.0012,-1.0000
16.6667,1.0000,42.5514,1.8750,0.4606,16.7076,16.7015,14.8471,0.0010,-1.0000
16.6668,1.0000,42.5680,1.5596,0.5427,16.6574,16.5920,14.8465,0.0012,-1.0000
16.6676,1.0000,42.5846,1.6699,0.5722,16.6579,16.6549,14.9291,0.0013,-1.0000
16.6656,1.0000,42.6015,1.6746,0.4774,16.6741,16.7505,15.0489,0.0012,-1.0000
16.6670,1.0000,42.6181,1.8531,0.5188,16.7128,16.5164,14.7232,0.0012,-1.0000
16.6661,1.0000,42.6346,1.7443,0.4985,16.6024,16.6544,14.6912,0.0018,-1.0000
16.6681,1.0000,42.6513,1.7243,0.7962,16.6669,16.6544,14.8792,0.0011,-1.0000
16.6667,1.0000,42.6680,1.7004,0.5610,16.7623,16.6669,14.8344,0.0012,-1.0000
16.6723,1.0000,42.6845,1.7921,0.5852,16.5282,16.6649,14.9843,0.0011,-1.0000
16.6718,1.0000,42.7015,1.9613,0.5531,16.6665,16.6772,15.0346,0.0012,-1.0000
16.6615,1.0000,42.7180,1.7741,0.6954,16.6653,16.6814,14.6077,0.0012,-1.0000
16.6677,1.0000,42.7347,1.8311,0.6217,16.6783,16.6007,14.7826,0.0013,-1.0000
16.6667,1.0000,42.7513,1.6795,0.5387,16.6758,16.6592,14.8351,0.0013,-1.0000
16.6681,1.0000,42.7680,1.6416,0.8913,16.6888,16.6743,14.9063,0.0011,-1.0000
16.6643,1.0000,42.7846,2.0726,0.6033,16.6928,16.6238,14.9527,0.0014,-1.0000
16.6674,1.0000,42.8013,1.8161,1.0046,16.6146,16.6611,14.9660,0.0010,-1.0000
16.6662,1.0000,42.8180,1.8224,0.6034,16.6714,16.6540,14.7879,0.0012,-1.0000
16.6679,1.0000,42.8346,1.7666,0.8202,16.6854,16.6838,14.9807,0.0015,-1.0000
16.6666,1.0000,42.8514,1.6695,0.5644,16.6344,16.6300,14.9662,0.0012,-1.0000
16.6670,1.0000,42.8681,1.6940,0.6039,16.6730,16.6551,14.8733,0.0012,-1.0000
16.6669,1.0000,42.8846,1.8648,0.5681,16.6660,16.6726,14.7807,0.0016,-1.0000
16.6666,1.0000,42.9013,1.7016,0.5333,16.6951,16.6353,14.9850,0.0012,-1.0000
16.6667,1.0000,42.9180,1.6626,0.5587,16.6419,16.6636,14.9874,0.0012,-1.0000
16.6664,1.0000,42.9347,1.7807,0.5526,16.6660,16.6495,15.0528,0.0013,-1.0000
16.6666,1.0000,42.9514,1.8904,0.5732,16.6833,16.6531,14.9443,0.0010,-1.0000
16.6683,1.0000,42.9680,1.6491,0.6489,16.6464,16.6572,14.8797,0.0011,-1.0000
16.6674,1.0000,42.9846,1.6747,0.5812,16.6758,16.6603,14.9786,0.0013,-1.0000
16.6656,1.0000,43.0014,1.5953,0.5754,16.6606,16.7220,15.0379,0.0012,-1.0000
25.9798,1.0000,43.0274,1.7080,0.5073,16.6642,25.9031,14.8496,0.0015,-1.0000
7.3530,1.0000,43.0348,1.7760,0.5034,16.6695,7.4650,5.6118,0.0014,-1.0000
16.6661,1.0000,43.0513,1.6797,0.5654,16.6721,16.5671,14.6152,0.0012,-1.0000
16.6727,1.0000,43.0681,1.6832,0.5963,16.7339,16.6566,14.9628,0.0011,-1.0000
16.6611,1.0000,43.0845,11.0518,0.4925,25.9161,16.5951,14.4761,0.0012,-1.0000
16.6674,1.0000,43.1015,1.8519,0.6116,7.4747,16.7215,15.0776,0.0012,-1.0000
16.6662,1.0000,43.1181,1.9507,0.4889,16.5780,16.5925,14.6985,0.0016,-1.0000
16.6659,1.0000,43.1346,1.6923,0.5709,16.6771,16.6509,14.8273,0.0010,-1.0000
16.6673,1.0000,43.1513,2.1180,0.8810,16.6087,16.6634,14.9975,0.0012,-1.0000
16.6669,1.0000,43.1682,1.6426,0.5305,16.7337,16.7134,14.9231,0.0012,-1.0000
16.6775,1.0000,43.1846,1.8924,0.5467,16.6059,16.6914,14.7002,0.0012,-1.0000
16.6657,1.0000,43.2015,1.8223,0.5363,16.6620,16.6205,14.9854,0.0012,-1.0000
16.6669,1.0000,43.2180,1.6648,0.5234,16.6754,16.6668,14.7387,0.0011,-1.0000
16.6672,1.0000,43.2347,1.7891,0.6254,16.7247,16.6926,14.8774,0.0012,-1.0000
16.6666,1.0000,43.2516,1.9900,0.4936,16.7040,16.6055,14.8308,0.0016,-1.0000
16.6666,1.0000,43.2681,1.6339,0.5225,16.6315,16.6493,14.6073,0.0014,-1.0000
16.6659,1.0000,43.2848,1.9271,0.5333,16.6775,16.7564,14.7376,0.0015,-1.0000
16.6674,1.0000,43.3014,1.8143,0.6129,16.7036,16.5664,14.7156,0.0019,-1.0000
16.6662,1.0000,43.3181,1.7730,0.6172,16.6160,16.6589,15.0140,0.0013,-1.0000
16.6661,1.0000,43.3346,2.0403,0.7026,16.6634,16.6545,12.3374,0.0012,-1.0000
16.6711,1.0000,43.3514,2.0174,0.8772,16.7698,16.6246,15.0448,0.0014,-1.0000
16.6622,1.0000,43.3681,1.8490,0.5136,16.5782,16.6899,14.6405,0.0013,-1.0000
16.6671,1.0000,43.3846,1.6437,0.9070,16.6697,16.6431,15.0217,0.0013,-1.0000
16.6671,1.0000,43.4014,4.3159,0.4634,16.6640,16.6255,14.9736,0.0014,-1.0000
16.6662,1.0000,43.4180,1.5786,0.5294,16.6418,16.6869,14.8202,0.0015,-1.0000
16.6670,1.0000,43.4346,2.0484,0.5109,16.7032,16.6319,15.1469,0.0010,-1.0000
16.6668,1.0000,43.4513,1.6199,0.5011,16.6543,16.6662,15.2647,0.0012,-1.0000
16.6662,1.0000,43.4679,1.6504,0.5342,16.6360,16.6567,14.9737,0.0015,-1.0000
16.6663,1.0000,43.4846,1.8652,0.4606,16.6978,16.6813,15.0885,0.0013,-1.0000
16.6656,1.0000,43.5012,1.4841,0.4348,16.6410,16.6077,15.2263,0.0010,-1.0000
16.6675,1.0000,43.5180,1.3999,0.4410,16.6751,16.6684,15.2868,0.0014,-1.0000
16.6684,1.0000,43.5349,1.6813,0.4868,16.6664,16.8044,15.1501,0.0012,-1.0000
16.6661,1.0000,43.5512,1.5915,0.4376,16.6908,16.4998,14.8541,0.0012,-1.0000
16.6677,1.0000,43.5680,1.3805,0.4070,16.6165,16.6781,15.1525,0.0011,-1.0000
16.6663,1.0000,43.5846,1.3802,0.5557,16.6772,16.6486,15.1362,0.0014,-1.0000
16.6675,1.0000,43.6013,1.6532,0.4376,16.8158,16.6190,14.8965,0.0011,-1.0000
16.6667,1.0000,43.6181,1.6444,0.5012,16.5087,16.6468,15.1812,0.0014,-1.0000
16.6657,1.0000,43.6345,1.5245,0.4254,16.6885,16.6543,14.7895,0.0018,-1.0000
16.6669,1.0000,43.6512,1.5112,0.4966,16.6599,16.6570,15.1426,0.0019,-1.0000
16.6666,1.0000,43.6679,1.7214,0.3915,16.6309,16.6582,15.2024,0.0010,-1.0000
16.6677,1.0000,43.6845,1.4641,0.5542,16.6570,16.6622,15.2264,0.0012,-1.0000
16.6660,1.0000,43.7013,1.8632,0.4706,16.6631,16.6793,15.2044,0.0013,-1.0000
16.6678,1.0000,43.7179,1.5125,0.4575,16.6666,16.6990,15.1816,0.0011,-1.0000
16.6645,1.0000,43.7345,1.4545,0.4921,16.6657,16.6290,15.0402,0.0014,-1.0000
16.6669,1.0000,43.7512,1.4343,0.4285,16.6726,16.6559,15.3845,0.0010,-1.0000
16.6692,1.0000,43.7680,1.4736,0.3834,16.6877,16.6953,15.4573,0.0009,-1.0000
16.6662,1.0000,43.7846,1.5161,0.4933,16.7071,16.6866,15.0474,0.0018,-1.0000
16.6650,1.0000,43.8012,1.5875,0.3937,16.6365,16.6011,15.1778,0.0011,-1.0000
16.6682,1.0000,43.8179,1.2703,0.3663,16.6614,16.6596,15.3430,0.0011,-1.0000
16.6676,1.0000,43.8346,1.2367,0.4913,16.7034,16.7091,15.3033,0.0009,-1.0000
16.6659,1.0000,43.8512,1.6375,0.3716,16.6957,16.5669,15.1907,0.0014,-1.0000
16.6667,1.0000,43.8679,1.4221,0.3957,16.6092,16.6544,15.2150,0.0009,-1.0000
16.6680,1.0000,43.8845,1.3157,0.3734,16.6674,16.6642,15.1768,0.0014,-1.0000
16.6652,1.0000,43.9012,1.4046,0.4251,16.7177,16.6556,15.3408,0.0011,-1.0000
16.6661,1.0000,43.9179,1.3748,0.4059,16.5762,16.6585,15.2523,0.0011,-1.0000
16.6679,1.0000,43.9346,1.4383,0.3893,16.6630,16.6621,15.2806,0.0013,-1.0000
16.6659,1.0000,43.9513,1.4861,0.4151,16.6726,16.6990,15.0788,0.0017,-1.0000
16.6666,1.0000,43.9678,1.3135,0.4046,16.6636,16.6108,15.0840,0.0012,-1.0000
16.6671,1.0000,43.9844,1.4050,0.4031,16.6665,16.6642,15.3419,0.0012,-1.0000
16.6671,1.0000,44.0012,1.3799,0.4523,16.6710,16.6609,15.3526,0.0012,-1.0000
16.6666,1.0000,44.0180,1.6182,0.4323,16.7079,16.6645,15.3221,0.0010,-1.0000
16.6667,1.0000,44.0346,1.5253,0.4258,16.6186,16.6542,15.2030,0.0013,-1.0000
16.6668,1.0000,44.0513,1.3210,0.4603,16.6725,16.6582,15.1244,0.0013,-1.0000
16.6671,1.0000,44.0679,1.3070,0.4617,16.6690,16.6559,15.1555,0.0011,-1.0000
16.6673,1.0000,44.0845,1.3412,0.4521,16.6733,16.6717,15.3193,0.0012,-1.0000
16.6654,1.0000,44.1013,1.4501,0.4914,16.6637,16.6409,15.2529,0.0016,-1.0000
16.6669,1.0000,44.1179,1.5326,0.4059,16.6669,16.6518,15.1289,0.0012,-1.0000
16.6670,1.0000,44.1345,1.4993,0.4648,16.6647,16.6640,15.1884,0.0011,-1.0000
16.6674,1.0000,44.1512,1.3516,0.5289,16.6817,16.6575,15.3213,0.0011,-1.0000
16.6661,1.0000,44.1679,1.3866,0.5040,16.6514,16.6540,15.3515,0.0012,-1.0000
16.6648,1.0000,44.1844,1.5214,0.4648,16.6614,16.6516,15.3015,0.0012,-1.0000
16.6675,1.0000,44.2012,1.4742,0.4489,16.6725,16.6633,15.4337,0.0011,-1.0000
16.6663,1.0000,44.2178,1.3349,0.4081,16.6679,16.6522,15.2511,0.0010,-1.0000
16.6684,1.0000,44.2346,1.3012,0.3922,16.6630,16.7158,15.4610,0.0011,-1.0000
16.6657,1.0000,44.2512,1.3490,0.4541,16.6607,16.6093,15.3284,0.0013,-1.0000
16.6670,1.0000,44.2679,1.2286,0.4421,16.6706,16.6654,15.3819,0.0010,-1.0000
16.6662,1.0000,44.2845,1.3999,0.3694,16.6581,16.6992,15.2934,0.0010,-1.0000
16.6669,1.0000,44.3012,1.2537,0.4345,16.7224,16.6151,15.2784,0.0010,-1.0000
16.6670,1.0000,44.3178,1.2795,0.3985,16.6163,16.6563,15.3263,0.0012,-1.0000
16.6669,1.0000,44.3345,1.2825,0.3891,16.6726,16.7012,15.3727,0.0009,-1.0000
16.6668,1.0000,44.3512,1.4050,0.4258,16.7066,16.6258,15.4422,0.0011,-1.0000
16.6664,1.0000,44.3679,1.3355,0.4650,16.6216,16.6488,15.4182,0.0009,-1.0000
16.6664,1.0000,44.3844,1.3288,0.4129,16.6648,16.6611,15.3141,0.0011,-1.0000
16.6673,1.0000,44.4012,1.3278,0.4185,16.7081,16.7015,15.5909,0.0009,-1.0000
16.6689,1.0000,44.4180,1.1823,0.4246,16.6327,16.6975,15.3544,0.0011,-1.0000
16.6663,1.0000,44.4348,1.2302,0.4148,16.6564,16.7737,15.1496,0.0014,-1.0000
16.6658,1.0000,44.4513,1.3460,0.3969,16.6664,16.5482,15.0215,0.0012,-1.0000
16.6679,1.0000,44.4679,1.1097,0.3997,16.7082,16.6554,15.0853,0.0011,-1.0000
16.6660,1.0000,44.4845,1.3419,0.4691,16.7069,16.6182,15.2719,0.0011,-1.0000
16.6678,1.0000,44.5012,1.6228,0.4585,16.7840,16.6619,15.4256,0.0012,-1.0000
16.6653,1.0000,44.5180,1.5254,0.4605,16.5562,16.7576,15.2971,0.0011,-1.0000
16.6672,1.0000,44.5347,1.5689,0.3993,16.6622,16.5707,15.1408,0.0013,-1.0000
16.6681,1.0000,44.5513,1.3456,0.3913,16.6251,16.6769,15.1022,0.0014,-1.0000
16.6672,1.0000,44.5679,1.2351,0.4762,16.6693,16.6772,15.1455,0.0011,-1.0000
16.6634,1.0000,44.5844,1.4594,0.4185,16.7657,16.5646,15.3518,0.0013,-1.0000
16.6673,1.0000,44.6012,1.4288,0.4301,16.5783,16.7134,15.6055,0.0012,-1.0000
16.6661,1.0000,44.6179,1.5735,0.4529,16.6854,16.6539,15.4144,0.0010,-1.0000
16.6694,1.0000,44.6346,1.5305,0.3886,16.6852,16.6657,15.2984,0.0014,-1.0000
16.6661,1.0000,44.6512,1.2117,0.4324,16.5715,16.6616,15.2263,0.0012,-1.0000
16.6658,1.0000,44.6678,1.1068,0.3694,16.7207,16.6469,15.3961,0.0010,-1.0000
16.6672,1.0000,44.6845,1.2382,0.4225,16.6600,16.6799,15.5088,0.0010,-1.0000
16.6666,1.0000,44.7013,1.3658,0.4525,16.6733,16.6581,15.3073,0.0014,-1.0000
16.6655,1.0000,44.7179,1.4340,0.3602,16.6698,16.6747,15.2395,0.0013,-1.0000
16.6692,1.0000,44.7346,1.2500,0.3702,16.6539,16.6220,15.4210,0.0012,-1.0000
16.6651,1.0000,44.7512,1.1702,0.3975,16.6872,16.6584,15.2867,0.0013,-1.0000
16.6684,1.0000,44.7680,1.3495,0.3853,16.6654,16.7903,15.3950,0.0009,-1.0000
16.6661,1.0000,44.7846,1.4340,0.5059,16.6807,16.5333,15.1347,0.0013,-1.0000
16.6666,1.0000,44.8012,1.1996,0.4052,16.6292,16.6578,15.1701,0.0012,-1.0000
16.6676,1.0000,44.8179,1.3706,0.4235,16.6663,16.6603,15.3805,0.0015,-1.0000
16.6685,1.0000,44.8345,1.3941,0.4044,16.7972,16.6270,15.2839,0.0012,-1.0000
16.6658,1.0000,44.8512,1.3971,0.4177,16.5434,16.6586,15.2763,0.0014,-1.0000
16.6661,1.0000,44.8679,1.4865,0.3941,16.6654,16.6554,15.2462,0.0016,-1.0000
16.6678,1.0000,44.8844,1.2781,0.4033,16.6680,16.6570,15.1244,0.0011,-1.0000
16.6659,1.0000,44.9012,1.3418,0.4096,16.6350,16.6540,15.2921,0.0013,-1.0000
16.6651,1.0000,44.9178,1.3806,0.4139,16.6680,16.6563,15.2533,0.0012,-1.0000
16.6677,1.0000,44.9346,1.4077,0.4431,16.6641,16.7107,15.4148,0.0011,-1.0000
16.6672,1.0000,44.9513,1.5316,0.5887,16.6653,16.6710,15.0527,0.0011,-1.0000
16.6674,1.0000,44.9679,1.3608,0.4485,16.6624,16.6627,15.2513,0.0012,-1.0000
16.6666,1.0000,44.9845,1.4018,0.3944,16.6631,16.6485,15.3011,0.0016,-1.0000
16.6662,1.0000,45.0012,1.2949,0.4201,16.7193,16.6612,15.2748,0.0013,-1.0000
16.6678,1.0000,45.0179,1.6170,0.3976,16.6798,16.6865,15.2284,0.0012,-1.0000
16.6660,1.0000,45.0346,1.4103,0.4010,16.6719,16.6108,15.1653,0.0013,-1.0000
16.6648,1.0000,45.0512,1.3457,0.4981,16.6581,16.6467,15.1481,0.0013,-1.0000
16.6670,1.0000,45.0678,1.3850,0.4202,16.6704,16.6959,15.4662,0.0013,-1.0000
16.6670,1.0000,45.0844,1.4568,0.3806,16.6958,16.5939,15.4924,0.0010,-1.0000
16.6660,1.0000,45.1011,1.4442,0.3890,16.6201,16.6539,15.4921,0.0011,-1.0000
16.6674,1.0000,45.1178,1.4977,0.3843,16.6537,16.6639,15.4260,0.0010,-1.0000
16.6666,1.0000,45.1345,1.2289,0.3412,16.7017,16.6617,15.3951,0.0009,-1.0000
16.6672,1.0000,45.1511,1.1008,0.4162,16.6005,16.6629,15.5207,0.0011,-1.0000
16.6657,1.0000,45.1678,1.1607,0.3497,16.6596,16.6525,15.4578,0.0011,-1.0000
16.6674,1.0000,45.1844,1.2368,0.3426,16.6694,16.7173,15.5459,0.0009,-1.0000
16.6657,1.0000,45.2012,1.2659,0.3458,16.6678,16.6020,15.3816,0.0010,-1.0000
16.6675,1.0000,45.2178,1.1414,0.3805,16.6692,16.6686,15.4775,0.0009,-1.0000
16.6667,1.0000,45.2345,1.1936,0.3422,16.6581,16.6576,15.5767,0.0010,-1.0000
16.6669,1.0000,45.2511,1.1704,0.3972,16.7249,16.6586,15.4994,0.0009,-1.0000
16.6669,1.0000,45.2678,1.2196,0.3331,16.6091,16.6676,15.5676,0.0009,-1.0000
16.6663,1.0000,45.2844,1.1901,0.3343,16.6743,16.6539,15.4898,0.0010,-1.0000
16.6669,1.0000,45.3011,1.0799,0.3794,16.6635,16.6630,15.5589,0.0011,-1.0000
16.6665,1.0000,45.3178,1.1586,0.3526,16.6643,16.6601,15.5564,0.0010,-1.0000
16.6661,1.0000,45.3344,1.0988,0.3770,16.6738,16.6601,15.5440,0.0011,-1.0000
16.6678,1.0000,45.3511,1.1632,0.3363,16.6600,16.6649,15.5994,0.0009,-1.0000
16.6674,1.0000,45.3679,1.1035,0.3353,16.6684,16.6674,15.3555,0.0010,-1.0000
16.6657,1.0000,45.3844,1.1030,0.3332,16.6659,16.6480,15.2832,0.0012,-1.0000
16.6669,1.0000,45.4011,1.1152,0.3277,16.6661,16.6615,15.6808,0.0009,-1.0000
16.6670,1.0000,45.4178,1.0648,0.3500,16.6723,16.6650,15.5249,0.0009,-1.0000
16.6665,1.0000,45.4344,1.3112,0.3433,16.6736,16.6600,15.5354,0.0011,-1.0000
16.6669,1.0000,45.4512,1.3637,0.3269,16.6546,16.6631,15.5622,0.0010,-1.0000
16.6671,1.0000,45.4678,0.9799,0.3563,16.6667,16.7105,15.4849,0.0010,-1.0000
16.6656,1.0000,45.4843,1.1395,0.3630,16.6710,16.6047,15.4050,0.0014,-1.0000
16.6670,1.0000,45.5011,1.1237,0.4258,16.6656,16.6586,15.7092,0.0008,-1.0000
16.6671,1.0000,45.5178,1.0998,0.3268,16.6691,16.7098,15.5730,0.0011,-1.0000
16.6669,1.0000,45.5345,1.2248,0.3524,16.7165,16.6182,15.3919,0.0016,-1.0000
16.6808,1.0000,45.5511,1.1985,0.3449,16.6106,16.6769,15.5072,0.0010,-1.0000
16.6659,1.0000,45.5678,0.9490,0.3388,16.6636,16.6973,15.6577,0.0010,-1.0000
16.6675,1.0000,45.5844,1.1358,0.3398,16.7155,16.6245,15.5626,0.0010,-1.0000
16.6672,1.0000,45.6012,1.2248,0.3546,16.6236,16.6641,15.7526,0.0011,-1.0000
16.6663,1.0000,45.6178,1.1688,0.3245,16.6820,16.6579,15.4473,0.0011,-1.0000
16.6684,1.0000,45.6345,1.0387,0.3363,16.7026,16.7050,15.5507,0.0010,-1.0000
16.6649,1.0000,45.6511,1.0609,0.3060,16.6292,16.6512,15.5411,0.0008,-1.0000
16.6668,1.0000,45.6678,0.9104,0.3419,16.6704,16.6575,15.6275,0.0010,-1.0000
16.6674,1.0000,45.6844,1.2095,0.3237,16.6642,16.7043,15.6857,0.0009,-1.0000
16.6665,1.0000,45.7012,1.1533,0.3317,16.7102,16.6519,15.5504,0.0012,-1.0000
16.6669,1.0000,45.7178,1.1094,0.3243,16.6570,16.6252,15.4292,0.0008,-1.0000
16.6664,1.0000,45.7344,1.0290,0.3122,16.6615,16.6759,15.6267,0.0012,-1.0000
16.6666,1.0000,45.7512,1.0176,0.3384,16.7106,16.7254,15.6404,0.0009,-1.0000
16.6672,1.0000,45.7678,1.1005,0.3250,16.6570,16.5944,15.6023,0.0010,-1.0000
16.6660,1.0000,45.7844,1.1951,0.3156,16.6304,16.6629,15.5952,0.0009,-1.0000
16.6666,1.0000,45.8011,1.0479,0.3275,16.6813,16.6821,15.6042,0.0011,-1.0000
16.6679,1.0000,45.8178,1.0842,0.3076,16.7302,16.6013,15.6105,0.0013,-1.0000
16.6680,1.0000,45.8345,0.9910,0.3090,16.6000,16.7376,15.6083,0.0010,-1.0000
16.6661,1.0000,45.8512,1.0669,0.3319,16.6678,16.6281,15.4809,0.0009,-1.0000
16.6662,1.0000,45.8679,1.0768,0.3450,16.6871,16.6508,15.5340,0.0009,-1.0000
16.6656,1.0000,45.8844,0.9895,0.3378,16.6063,16.6619,15.5037,0.0010,-1.0000
16.6673,1.0000,45.9011,1.1284,0.3478,16.7442,16.6619,15.7402,0.0009,-1.0000
16.6670,1.0000,45.9178,1.1467,0.3567,16.6358,16.6550,15.6231,0.0009,-1.0000
16.6667,1.0000,45.9345,1.1157,0.3660,16.6571,16.6738,15.6773,0.0009,-1.0000
16.6677,1.0000,45.9513,1.1573,0.3273,16.6668,16.7091,15.4400,0.0017,-1.0000
16.6659,1.0000,45.9678,0.9207,0.3262,16.6667,16.6022,15.4437,0.0010,-1.0000
16.6674,1.0000,45.9844,1.0310,0.3162,16.6594,16.6587,15.6327,0.0008,-1.0000
16.6671,1.0000,46.0013,0.9957,0.3668,16.6791,16.7871,15.7108,0.0009,-1.0000
16.6667,1.0000,46.0179,1.2673,0.3235,16.7146,16.5320,15.2810,0.0014,-1.0000
16.6665,1.0000,46.0345,1.1577,0.3435,16.6074,16.6735,15.5096,0.0010,-1.0000
16.6673,1.0000,46.0512,1.0250,0.3119,16.6633,16.6523,15.4387,0.0010,-1.0000
16.6669,1.0000,46.0679,1.0754,0.3495,16.7930,16.6352,15.5192,0.0011,-1.0000
16.6666,1.0000,46.0844,1.2497,0.3397,16.5389,16.6595,15.2734,0.0011,-1.0000
16.6656,1.0000,46.1012,1.1629,0.3439,16.6791,16.6575,15.6174,0.0009,-1.0000
16.6665,1.0000,46.1178,1.2125,0.3125,16.6582,16.6569,15.4563,0.0013,-1.0000
16.6671,1.0000,46.1344,1.1151,0.3949,16.6418,16.6618,15.5415,0.0011,-1.0000
16.6681,1.0000,46.1511,1.3850,0.3385,16.6654,16.6716,15.6390,0.0010,-1.0000
16.6656,1.0000,46.1678,1.0394,0.3347,16.6640,16.6760,15.5341,0.0011,-1.0000
16.6671,1.0000,46.1845,1.1992,0.3185,16.6624,16.7031,15.6432,0.0010,-1.0000
16.6667,1.0000,46.2012,1.1193,0.3303,16.6668,16.6332,15.5542,0.0010,-1.0000
16.6672,1.0000,46.2178,1.0313,0.3455,16.6771,16.6636,15.5673,0.0009,-1.0000
16.6677,1.0000,46.2345,1.1411,0.3075,16.6811,16.6769,15.5387,0.0011,-1.0000
16.6663,1.0000,46.2512,1.0591,0.3264,16.7089,16.6779,15.4936,0.0009,-1.0000
16.6687,1.0000,46.2679,1.0780,0.3164,16.6390,16.6441,15.5494,0.0011,-1.0000
16.6641,1.0000,46.2844,1.0955,0.3440,16.6689,16.6346,15.0145,0.0012,-1.0000
16.6684,1.0000,46.3012,1.1374,0.3314,16.6828,16.7128,15.5364,0.0009,-1.0000
16.6678,1.0000,46.3178,1.1831,0.3247,16.6833,16.5887,15.4402,0.0010,-1.0000
16.6636,1.0000,46.3344,1.0940,0.3550,16.6513,16.6495,15.4525,0.0013,-1.0000
16.6676,1.0000,46.3511,1.6187,0.3374,16.6412,16.6618,15.6706,0.0010,-1.0000
16.6661,1.0000,46.3678,1.1754,0.3462,16.7182,16.6585,15.5917,0.0010,-1.0000
16.6668,1.0000,46.3844,1.1473,0.3674,16.5953,16.6655,15.6143,0.0010,-1.0000
16.6675,1.0000,46.4012,1.1958,0.3321,16.6555,16.6607,15.7338,0.0009,-1.0000
16.6663,1.0000,46.4178,0.9901,0.3355,16.6676,16.7043,15.5570,0.0010,-1.0000
16.6665,1.0000,46.4344,1.0656,0.3216,16.6631,16.6157,15.5336,0.0011,-1.0000
16.6663,1.0000,46.4511,1.0503,0.3114,16.6708,16.6626,15.5597,0.0008,-1.0000
16.6678,1.0000,46.4678,0.9260,0.3348,16.6660,16.6671,15.6162,0.0010,-1.0000
16.6669,1.0000,46.4844,1.1465,0.3419,16.7095,16.6641,15.6216,0.0009,-1.0000
16.6662,1.0000,46.5011,1.0808,0.3281,16.6211,16.6560,15.6131,0.0011,-1.0000
16.6666,1.0000,46.5179,1.1021,0.3089,16.6677,16.6712,15.5328,0.0010,-1.0000
16.6673,1.0000,46.5345,1.0498,0.3283,16.6723,16.6527,15.4230,0.0013,-1.0000
16.6657,1.0000,46.5511,1.0417,0.3346,16.6694,16.6568,15.4778,0.0009,-1.0000
16.6673,1.0000,46.5678,1.0420,0.3237,16.6619,16.6627,15.7040,0.0010,-1.0000
16.6665,1.0000,46.5843,1.1377,0.3488,16.6772,16.6584,15.5755,0.0011,-1.0000
16.6670,1.0000,46.6011,1.2285,0.3426,16.6588,16.6695,15.7456,0.0014,-1.0000
16.6676,1.0000,46.6178,1.1782,0.3330,16.6623,16.6582,15.5711,0.0011,-1.0000
16.6672,1.0000,46.6344,0.9576,0.3839,16.6681,16.6668,15.5511,0.0010,-1.0000
16.6669,1.0000,46.6511,1.0821,0.3290,16.6634,16.6551,15.6170,0.0010,-1.0000
16.6670,1.0000,46.6678,0.9225,0.3382,16.6745,16.6714,15.5754,0.0009,-1.0000
16.6683,1.0000,46.6845,1.0860,0.3413,16.6633,16.6644,15.4585,0.0012,-1.0000
16.6652,1.0000,46.7013,1.1149,0.3830,16.6716,16.7039,15.3246,0.0011,-1.0000
16.6655,1.0000,46.7178,1.0370,0.3494,16.6611,16.6004,15.3001,0.0010,-1.0000
16.6678,1.0000,46.7344,1.0954,0.3901,16.6771,16.6676,15.6126,0.0011,-1.0000
16.6666,1.0000,46.7511,1.2045,0.4085,16.6716,16.7015,15.6123,0.0009,-1.0000
16.6670,1.0000,46.7678,1.3780,0.3501,16.7106,16.6273,15.5675,0.0009,-1.0000
16.6661,1.0000,46.7844,1.2993,0.3438,16.6055,16.6507,15.5089,0.0010,-1.0000
16.6673,1.0000,46.8012,1.0539,0.3509,16.6732,16.7115,15.6631,0.0010,-1.0000
16.6661,1.0000,46.8178,1.0884,0.3602,16.7062,16.6151,15.4274,0.0011,-1.0000
16.6670,1.0000,46.8344,1.0589,0.3710,16.6322,16.6604,15.5998,0.0009,-1.0000
16.6687,1.0000,46.8512,1.1410,0.3872,16.6560,16.6813,15.6210,0.0009,-1.0000
16.6644,1.0000,46.8679,1.0474,0.4457,16.7171,16.6776,15.3885,0.0011,-1.0000
16.6671,1.0000,46.8844,1.1866,0.3421,16.6198,16.6626,15.5006,0.0009,-1.0000
16.6666,1.0000,46.9012,1.0598,0.3628,16.6658,16.6564,15.7303,0.0013,-1.0000
16.6677,1.0000,46.9179,1.0593,0.3685,16.6872,16.6916,15.5693,0.0010,-1.0000
16.6673,1.0000,46.9346,1.2880,0.3621,16.6827,16.6826,15.4057,0.0009,-1.0000
16.6668,1.0000,46.9512,1.1611,0.3355,16.6678,16.5998,15.2991,0.0011,-1.0000
16.6668,1.0000,46.9679,0.9248,0.3329,16.6610,16.6905,15.3836,0.0011,-1.0000
16.6656,1.0000,46.9845,1.1214,0.4116,16.6977,16.7384,15.4780,0.0013,-1.0000
16.6666,1.0000,47.0011,1.2759,0.3888,16.6911,16.5635,15.5398,0.0010,-1.0000
16.6665,1.0000,47.0179,1.2996,0.3674,16.6064,16.6799,15.6120,0.0011,-1.0000
16.6675,1.0000,47.0346,1.3061,0.4426,16.6965,16.6802,15.4244,0.0013,-1.0000
16.6664,1.0000,47.0511,1.2593,0.3398,16.7443,16.5880,15.4290,0.0011,-1.0000
16.6666,1.0000,47.0678,1.0227,0.3375,16.5679,16.7111,15.6961,0.0010,-1.0000
16.6664,1.0000,47.0844,1.0669,0.4035,16.6857,16.6495,15.6040,0.0009,-1.0000
16.6679,1.0000,47.1012,1.2545,0.3673,16.6859,16.6693,15.7207,0.0010,-1.0000
16.6673,1.0000,47.1179,1.1582,0.3312,16.5930,16.6802,15.4211,0.0008,-1.0000
16.6657,1.0000,47.1345,1.0140,0.3544,16.7153,16.6341,15.4266,0.0010,-1.0000
16.6671,1.0000,47.1511,1.0447,0.3901,16.6548,16.6620,15.6065,0.0011,-1.0000
16.6665,1.0000,47.1678,0.9475,0.4559,16.6755,16.6681,15.5991,0.0010,-1.0000
16.6667,1.0000,47.1844,1.2583,0.3686,16.6856,16.6939,15.6333,0.0011,-1.0000
16.6663,1.0000,47.2012,1.2067,0.3512,16.6393,16.6123,15.6455,0.0011,-1.0000
16.6666,1.0000,47.2178,1.0546,0.3509,16.6670,16.6659,15.4752,0.0010,-1.0000
16.6682,1.0000,47.2346,1.0680,0.3419,16.6728,16.7635,15.6164,0.0009,-1.0000
16.6667,1.0000,47.2512,1.0595,0.3474,16.6992,16.6005,15.3863,0.0009,-1.0000
16.6668,1.0000,47.2679,0.9658,0.3548,16.6177,16.6374,15.5017,0.0010,-1.0000
16.6655,1.0000,47.2845,1.1897,0.3671,16.6718,16.6345,15.3378,0.0012,-1.0000
16.6661,1.0000,47.3011,1.1462,0.3714,16.7689,16.6378,15.5874,0.0012,-1.0000
16.6674,1.0000,47.3178,1.2133,0.3612,16.6067,16.6621,15.6678,0.0009,-1.0000
16.6666,1.0000,47.3344,1.1348,0.3816,16.6432,16.6611,15.6037,0.0009,-1.0000
16.6679,1.0000,47.3512,1.2956,0.3492,16.6399,16.6990,15.6359,0.0011,-1.0000
16.6672,1.0000,47.3679,1.0493,0.3361,16.6424,16.6337,15.2328,0.0013,-1.0000
16.6679,1.0000,47.3844,0.9936,0.3499,16.6671,16.6611,15.3959,0.0009,-1.0000
16.6661,1.0000,47.4012,1.0563,0.3673,16.6654,16.6846,15.4799,0.0009,-1.0000
16.6668,1.0000,47.4179,1.0621,0.3774,16.7062,16.6880,15.4027,0.0011,-1.0000
16.6675,1.0000,47.4346,1.3993,0.3683,16.6409,16.6589,15.3831,0.0010,-1.0000
16.6662,1.0000,47.4513,1.2646,0.3685,16.6678,16.6494,15.2659,0.0012,-1.0000
16.6663,1.0000,47.4679,1.2041,0.4071,16.6912,16.6673,15.2554,0.0012,-1.0000
16.6657,1.0000,47.4845,1.2841,0.3755,16.6957,16.6759,15.3299,0.0011,-1.0000
16.6677,1.0000,47.5012,1.2745,0.3976,16.6668,16.6224,15.4745,0.0010,-1.0000
16.6677,1.0000,47.5179,1.3824,0.3894,16.6570,16.6681,15.4921,0.0008,-1.0000
16.6658,1.0000,47.5347,1.4107,0.3957,16.6735,16.6954,15.4085,0.0011,-1.0000
16.6672,1.0000,47.5512,1.3452,0.4236,16.6817,16.5843,15.2186,0.0011,-1.0000
16.6674,1.0000,47.5679,1.1468,0.3514,16.6286,16.6628,15.4916,0.0010,-1.0000
16.6659,1.0000,47.5845,1.1751,0.3776,16.6748,16.6600,15.4023,0.0011,-1.0000
16.6657,1.0000,47.6012,1.2859,0.3759,16.7026,16.6570,15.4459,0.0013,-1.0000
16.6671,1.0000,47.6179,1.3648,0.3662,16.5903,16.6591,15.3078,0.0011,-1.0000
16.6680,1.0000,47.6345,1.1701,0.3680,16.6700,16.6649,15.3639,0.0014,-1.0000
16.6670,1.0000,47.6512,1.2566,0.4029,16.6672,16.7101,15.4759,0.0011,-1.0000
16.6665,1.0000,47.6678,1.2099,0.3744,16.6638,16.6026,15.4193,0.0009,-1.0000
16.6668,1.0000,47.6844,1.3501,0.3530,16.6658,16.6730,15.4867,0.0013,-1.0000
16.6665,1.0000,47.7013,1.2997,0.3720,16.6713,16.6511,15.4955,0.0012,-1.0000
16.6666,1.0000,47.7178,1.2336,0.3755,16.7178,16.6608,15.2955,0.0012,-1.0000
16.6679,1.0000,47.7346,1.1824,0.3665,16.6097,16.6612,15.4942,0.0011,-1.0000
16.6669,1.0000,47.7512,1.1851,0.3687,16.6800,16.6562,15.3805,0.0013,-1.0000
16.6667,1.0000,47.7679,1.1546,0.3911,16.6591,16.6634,15.3568,0.0012,-1.0000
16.6658,1.0000,47.7845,1.3643,0.4025,16.6673,16.6535,15.3610,0.0012,-1.0000
16.6674,1.0000,47.8012,1.1659,0.4355,16.6691,16.6627,15.2686,0.0012,-1.0000
16.6671,1.0000,47.8179,1.2744,0.4067,16.6637,16.6590,15.3138,0.0011,-1.0000
16.6674,1.0000,47.8346,1.3058,0.4658,16.6709,16.6701,15.4091,0.0010,-1.0000
16.6656,1.0000,47.8513,1.2914,0.4083,16.6608,16.6479,15.2577,0.0015,-1.0000
16.6657,1.0000,47.8679,1.3925,0.4954,16.6697,16.6530,15.3103,0.0010,-1.0000
16.6671,1.0000,47.8845,1.3440,0.3859,16.6663,16.6610,15.3771,0.0015,-1.0000
16.6682,1.0000,47.9013,1.2598,0.4341,16.6791,16.6641,15.4737,0.0010,-1.0000
16.6661,1.0000,47.9179,1.3883,0.4053,16.6573,16.6585,15.2624,0.0013,-1.0000
16.6662,1.0000,47.9346,1.3413,0.3896,16.6603,16.7178,15.3117,0.0011,-1.0000
16.6664,1.0000,47.9513,1.2825,0.3993,16.6669,16.5984,15.2542,0.0014,-1.0000
16.6666,1.0000,47.9679,1.1889,0.4379,16.6720,16.6629,15.2608,0.0011,-1.0000
16.6671,1.0000,47.9845,1.3949,0.4043,16.6658,16.7008,15.4148,0.0015,-1.0000
16.6665,1.0000,48.0012,1.4053,0.4911,16.7249,16.6114,15.3100,0.0013,-1.0000
16.6677,1.0000,48.0179,1.3428,0.4372,16.6063,16.6686,15.4389,0.0013,-1.0000
16.6665,1.0000,48.0346,1.4010,0.3483,16.6688,16.7055,15.2833,0.0013,-1.0000
16.6680,1.0000,48.0512,1.2848,0.3929,16.7074,16.6182,15.1101,0.0012,-1.0000
16.6665,1.0000,48.0679,1.3001,0.4214,16.6176,16.6589,15.3670,0.0010,-1.0000
16.6666,1.0000,48.0845,1.2289,0.4352,16.6749,16.6652,15.2431,0.0012,-1.0000
16.6670,1.0000,48.1013,1.4211,0.4049,16.7121,16.6992,15.4211,0.0011,-1.0000
16.6661,1.0000,48.1180,1.5070,0.3852,16.6253,16.6622,15.1723,0.0014,-1.0000
16.6666,1.0000,48.1345,1.2907,0.4395,16.6659,16.6398,15.2129,0.0012,-1.0000
16.6676,1.0000,48.1513,1.4209,0.4274,16.6726,16.6874,15.3822,0.0012,-1.0000
16.6661,1.0000,48.1679,1.2772,0.4332,16.7087,16.6773,15.2783,0.0011,-1.0000
16.6670,1.0000,48.1846,1.4889,0.3941,16.6701,16.6305,15.3238,0.0012,-1.0000
16.6665,1.0000,48.2013,1.4259,0.4207,16.6456,16.6461,15.2677,0.0012,-1.0000
16.6674,1.0000,48.2181,1.3042,0.4287,16.6951,16.7949,15.2034,0.0011,-1.0000
16.6673,1.0000,48.2346,1.3980,0.4151,16.6844,16.5380,15.1664,0.0012,-1.0000
16.6661,1.0000,48.2513,1.3055,0.4116,16.6392,16.7075,15.3518,0.0012,-1.0000
16.6664,1.0000,48.2680,1.3773,0.3865,16.6534,16.6526,15.3167,0.0009,-1.0000
16.6678,1.0000,48.2845,1.5906,0.8204,16.8027,16.5697,15.1458,0.0012,-1.0000
16.6658,1.0000,48.3013,1.3701,0.4185,16.5460,16.7280,15.3023,0.0010,-1.0000
16.6669,1.0000,48.3179,1.3547,0.3965,16.7145,16.6326,15.0883,0.0012,-1.0000
16.6668,1.0000,48.3346,1.3349,0.4260,16.6591,16.6488,15.2905,0.0014,-1.0000
16.6672,1.0000,48.3515,1.4223,0.4294,16.5774,16.7052,15.3525,0.0010,-1.0000
16.6668,1.0000,48.3680,1.4252,0.5004,16.7358,16.6292,14.9261,0.0014,-1.0000
16.6658,1.0000,48.3845,1.5432,0.4214,16.6400,16.6475,15.1383,0.0011,-1.0000
16.6673,1.0000,48.4013,1.3570,0.4197,16.6559,16.6743,15.4109,0.0016,-1.0000
16.6660,1.0000,48.4179,1.3517,0.4702,16.7144,16.6751,15.2924,0.0012,-1.0000
16.6681,1.0000,48.4347,1.7014,0.4091,16.6390,16.6653,15.3390,0.0010,-1.0000
16.6660,1.0000,48.4513,1.5081,0.3692,16.6549,16.6120,15.2057,0.0013,-1.0000
16.6668,1.0000,48.4680,1.2621,0.4307,16.6813,16.7916,15.1978,0.0017,-1.0000
16.6678,1.0000,48.4846,1.3814,0.3651,16.6813,16.5261,15.1295,0.0010,-1.0000
16.6660,1.0000,48.5012,1.3253,0.5087,16.6744,16.6616,15.2768,0.0013,-1.0000
16.6666,1.0000,48.5179,1.4050,0.3959,16.6198,16.6585,15.3825,0.0013,-1.0000
16.6663,1.0000,48.5346,1.5924,0.5068,16.7984,16.6211,15.1830,0.0017,-1.0000
16.6658,1.0000,48.5512,1.3954,0.4385,16.5337,16.6608,15.3793,0.0010,-1.0000
16.6668,1.0000,48.5678,1.3835,0.3992,16.6691,16.6587,15.1134,0.0013,-1.0000
16.6667,1.0000,48.5844,1.2746,0.3979,16.6667,16.6640,15.4813,0.0011,-1.0000
16.6682,1.0000,48.6012,1.4364,0.3835,16.6283,16.6599,15.5600,0.0011,-1.0000
16.6659,1.0000,48.6179,1.2804,0.7027,16.6662,16.6602,15.3895,0.0011,-1.0000
16.6677,1.0000,48.6346,1.5441,0.3771,16.6647,16.6927,15.3581,0.0011,-1.0000
16.6664,1.0000,48.6513,1.1817,0.3976,16.6695,16.6887,15.3538,0.0011,-1.0000
16.6671,1.0000,48.6679,1.0992,0.4339,16.6673,16.6401,15.3652,0.0010,-1.0000
16.6659,1.0000,48.6845,1.2696,0.3661,16.6665,16.6771,15.4761,0.0011,-1.0000
16.6684,1.0000,48.7014,1.3335,0.4363,16.6992,16.6706,15.4157,0.0013,-1.0000
16.6663,1.0000,48.7179,1.3337,0.3781,16.6956,16.6707,15.1181,0.0010,-1.0000
16.6670,1.0000,48.7346,1.2736,0.3659,16.6465,16.6245,15.3487,0.0010,-1.0000
16.6680,1.0000,48.7513,1.1997,0.5714,16.6830,16.6618,15.2828,0.0009,-1.0000
16.6658,1.0000,48.7680,1.2537,0.4234,16.6779,16.7215,15.2607,0.0012,-1.0000
16.6672,1.0000,48.7846,1.5516,0.4876,16.6775,16.5552,15.1586,0.0011,-1.0000
16.6666,1.0000,48.8012,1.2750,0.4280,16.6309,16.6630,15.3563,0.0011,-1.0000
16.6670,1.0000,48.8179,1.3777,0.3998,16.6690,16.6559,15.3616,0.0012,-1.0000
16.6676,1.0000,48.8346,1.4593,0.4686,16.7298,16.6715,15.3522,0.0013,-1.0000
16.6669,1.0000,48.8513,1.3952,0.4267,16.5631,16.6582,15.3078,0.0010,-1.0000
16.6653,1.0000,48.8680,1.3055,0.4378,16.6698,16.6480,15.3027,0.0013,-1.0000
16.6668,1.0000,48.8845,1.2930,0.4095,16.6634,16.6981,15.1455,0.0012,-1.0000
16.6673,1.0000,48.9013,1.3180,0.4212,16.6796,16.6208,15.4433,0.0011,-1.0000
16.6679,1.0000,48.9179,1.3491,0.4127,16.6685,16.6624,15.3339,0.0012,-1.0000
16.6656,1.0000,48.9346,1.3438,0.4200,16.6564,16.6600,15.3584,0.0012,-1.0000
16.6662,1.0000,48.9513,1.5515,0.5057,16.7056,16.6495,15.3117,0.0012,-1.0000
16.6671,1.0000,48.9679,1.1762,0.3845,16.6283,16.6572,15.2349,0.0014,-1.0000
16.6656,1.0000,48.9844,1.3272,0.3984,16.6706,16.6571,15.4686,0.0011,-1.0000
16.6679,1.0000,49.0012,1.3003,0.4308,16.6692,16.6676,15.5346,0.0011,-1.0000
16.6656,1.0000,49.0179,1.3369,0.4231,16.6576,16.6546,15.3597,0.0013,-1.0000
16.6670,1.0000,49.0346,1.4209,0.3769,16.6643,16.6640,15.3478,0.0012,-1.0000
16.6688,1.0000,49.0513,1.1875,0.3940,16.6632,16.6698,15.3076,0.0011,-1.0000
16.6655,1.0000,49.0679,1.1322,0.3965,16.6736,16.6488,15.3226,0.0011,-1.0000
16.6659,1.0000,49.0845,1.2937,0.4338,16.6614,16.6579,15.3890,0.0010,-1.0000
16.6666,1.0000,49.1012,1.3148,0.4272,16.6712,16.6584,15.5223,0.0011,-1.0000
16.6668,1.0000,49.1180,1.3610,0.5004,16.6775,16.6676,15.3510,0.0010,-1.0000
16.6668,1.0000,49.1345,1.3251,0.4091,16.6562,16.6541,15.3067,0.0011,-1.0000
16.6668,1.0000,49.1512,1.2682,0.3801,16.6637,16.6652,15.5226,0.0010,-1.0000
16.6678,1.0000,49.1680,1.1350,0.4374,16.6645,16.7112,15.4221,0.0013,-1.0000
16.6665,1.0000,49.1844,1.3156,0.4105,16.6736,16.6041,15.2559,0.0016,-1.0000
16.6656,1.0000,49.2012,1.3465,0.3786,16.6601,16.6643,15.3943,0.0010,-1.0000
16.6676,1.0000,49.2179,1.1415,0.4115,16.6712,16.7062,15.4581,0.0010,-1.0000
16.6666,1.0000,49.2345,1.2878,0.3907,16.7174,16.6173,15.2259,0.0017,-1.0000
16.6670,1.0000,49.2512,1.3467,0.3867,16.6110,16.6588,15.4552,0.0009,-1.0000
16.6668,1.0000,49.2680,1.2691,0.3782,16.6705,16.7182,15.3763,0.0012,-1.0000
16.6664,1.0000,49.2845,1.2473,0.4084,16.7125,16.5967,15.2057,0.0016,-1.0000
16.6665,1.0000,49.3012,1.3901,0.3708,16.6236,16.6599,15.4594,0.0011,-1.0000
16.6682,1.0000,49.3179,1.2029,0.3838,16.6654,16.6713,15.4918,0.0014,-1.0000
16.6673,1.0000,49.3346,1.3408,0.4834,16.7258,16.7028,15.3436,0.0012,-1.0000
16.6679,1.0000,49.3514,1.3892,0.3540,16.6029,16.6703,15.3189,0.0013,-1.0000
16.6641,1.0000,49.3680,1.1993,0.3779,16.6655,16.6534,15.0638,0.0015,-1.0000
16.6656,1.0000,49.3845,1.1781,0.3992,16.6784,16.6396,15.2706,0.0012,-1.0000
16.6680,1.0000,49.4013,1.3580,0.4164,16.7103,16.7018,15.6060,0.0009,-1.0000
16.6665,1.0000,49.4179,1.3498,0.4407,16.6792,16.6255,15.4013,0.0014,-1.0000
16.6665,1.0000,49.4345,1.5882,0.3902,16.6616,16.6427,15.3232,0.0010,-1.0000
16.6667,1.0000,49.4514,1.3681,0.3564,16.6460,16.7767,15.4635,0.0009,-1.0000
16.6678,1.0000,49.4679,1.0947,0.3814,16.7072,16.5581,15.2519,0.0014,-1.0000
16.6669,1.0000,49.4845,1.2227,0.3917,16.6316,16.6958,15.4197,0.0009,-1.0000
16.6663,1.0000,49.5013,1.3185,0.3708,16.6487,16.6800,15.4501,0.0011,-1.0000
16.6660,1.0000,49.5179,1.3123,0.3800,16.7826,16.5675,15.2999,0.0013,-1.0000
16.6665,1.0000,49.5347,1.3049,0.3399,16.5643,16.7123,15.5019,0.0009,-1.0000
16.6678,1.0000,49.5512,1.2751,0.3935,16.7030,16.6711,15.2899,0.0012,-1.0000
16.6667,1.0000,49.5679,1.2286,0.4115,16.6858,16.6535,15.4372,0.0010,-1.0000
16.6664,1.0000,49.5844,1.2664,0.3786,16.5726,16.6529,15.3990,0.0011,-1.0000
16.6673,1.0000,49.6012,1.2098,0.4039,16.7182,16.6700,15.5054,0.0010,-1.0000
16.6670,1.0000,49.6180,1.3801,0.3817,16.6768,16.6584,15.2789,0.0012,-1.0000
16.6668,1.0000,49.6346,1.2154,0.3995,16.6600,16.6961,15.2628,0.0010,-1.0000
16.6671,1.0000,49.6512,1.2529,0.3710,16.6591,16.5951,15.3086,0.0011,-1.0000
16.6664,1.0000,49.6679,1.1638,0.3935,16.6766,16.6663,15.4228,0.0010,-1.0000
16.6661,1.0000,49.6846,1.3784,0.3958,16.6650,16.7700,15.3591,0.0009,-1.0000
16.6678,1.0000,49.7013,1.4323,0.3992,16.7030,16.5481,15.2375,0.0011,-1.0000
16.6660,1.0000,49.7178,1.2855,0.4005,16.6018,16.6555,15.3284,0.0013,-1.0000
16.6668,1.0000,49.7345,1.2424,0.4230,16.6719,16.6622,15.5739,0.0009,-1.0000
16.6667,1.0000,49.7512,1.4100,0.4086,16.7766,16.6337,15.4748,0.0010,-1.0000
16.6664,1.0000,49.7678,1.3093,0.3771,16.5556,16.6602,15.5033,0.0012,-1.0000
16.6669,1.0000,49.7845,1.3258,0.3826,16.6612,16.6600,15.4745,0.0010,-1.0000
16.6676,1.0000,49.8012,1.0875,0.3943,16.6681,16.6678,15.4873,0.0012,-1.0000
16.6663,1.0000,49.8178,1.1580,0.3794,16.6392,16.6563,15.4472,0.0011,-1.0000
16.6666,1.0000,49.8345,1.1555,0.3816,16.6662,16.6563,15.3959,0.0011,-1.0000
16.6675,1.0000,49.8513,1.1847,0.3492,16.6659,16.6976,15.5439,0.0010,-1.0000
16.6707,1.0000,49.8680,1.1794,0.3993,16.6735,16.7087,15.2565,0.0013,-1.0000
16.6615,1.0000,49.8844,1.2080,0.3640,16.6634,16.6130,15.2194,0.0013,-1.0000
16.6679,1.0000,49.9012,1.2593,0.3484,16.6628,16.6604,15.5404,0.0012,-1.0000
16.6658,1.0000,49.9179,1.1527,0.4208,16.7053,16.6718,15.4283,0.0009,-1.0000
16.6670,1.0000,49.9346,1.4509,0.4004,16.7164,16.6883,15.5267,0.0010,-1.0000
16.6675,1.0000,49.9513,1.3923,0.3653,16.6190,16.6209,15.3494,0.0013,-1.0000
16.6663,1.0000,49.9679,1.1188,0.4433,16.6655,16.6546,15.2756,0.0010,-1.0000
16.6662,1.0000,49.9845,1.2424,0.3472,16.6773,16.7093,15.4420,0.0011,-1.0000
16.6683,1.0000,50.0012,1.1607,0.4391,16.6944,16.5878,15.4752,0.0014,-1.0000
16.6660,1.0000,50.0179,1.2703,0.3975,16.6271,16.6545,15.3201,0.0011,-1.0000
16.6653,1.0000,50.0346,1.3780,0.3684,16.6618,16.6591,15.3831,0.0011,-1.0000
16.6678,1.0000,50.0512,1.2661,0.3992,16.7148,16.6568,15.2861,0.0011,-1.0000
16.6671,1.0000,50.0678,1.1111,0.3925,16.5944,16.6672,15.5091,0.0011,-1.0000
16.6667,1.0000,50.0844,1.3333,0.3730,16.6607,16.6694,15.4407,0.0010,-1.0000
16.6670,1.0000,50.1014,1.2750,0.3672,16.6649,16.7023,15.5936,0.0012,-1.0000
16.6670,1.0000,50.1179,1.3695,0.3693,16.6623,16.6079,15.0757,0.0009,-1.0000
16.6667,1.0000,50.1345,1.1569,0.3525,16.6734,16.6601,15.3744,0.0015,-1.0000
16.6667,1.0000,50.1512,1.2277,0.3726,16.6749,16.6692,15.5106,0.0011,-1.0000
16.6667,1.0000,50.1679,1.1078,0.4229,16.7093,16.6594,15.3737,0.0009,-1.0000
16.6663,1.0000,50.1844,1.5314,0.3775,16.6146,16.6527,15.4501,0.0011,-1.0000
16.6672,1.0000,50.2013,1.2843,0.3642,16.6665,16.6691,15.5320,0.0009,-1.0000
16.6676,1.0000,50.2179,1.1576,0.3777,16.6762,16.6566,15.4216,0.0009,-1.0000
16.6662,1.0000,50.2345,1.2848,0.3658,16.6658,16.6624,15.4379,0.0010,-1.0000
16.6659,1.0000,50.2512,1.2016,0.3657,16.6582,16.6573,15.3785,0.0010,-1.0000
16.6669,1.0000,50.2680,1.1364,0.3446,16.6752,16.6606,15.3915,0.0011,-1.0000
16.6666,1.0000,50.2845,1.2339,0.3623,16.6631,16.6581,15.2580,0.0013,-1.0000
16.6674,1.0000,50.3012,1.2235,0.4018,16.6685,16.6591,15.4666,0.0011,-1.0000
16.6663,1.0000,50.3179,1.2778,0.3516,16.6639,16.6686,15.4373,0.0013,-1.0000
16.6662,1.0000,50.3345,1.2682,0.3656,16.6671,16.6514,15.4651,0.0011,-1.0000
16.6674,1.0000,50.3514,1.3987,0.3710,16.6640,16.6691,15.5379,0.0011,-1.0000
16.6670,1.0000,50.3680,1.1912,0.3607,16.6649,16.6963,15.1394,0.0011,-1.0000
16.6665,1.0000,50.3845,1.2300,0.3926,16.6759,16.6697,15.2984,0.0015,-1.0000
16.6663,1.0000,50.4012,1.1852,0.3555,16.6573,16.6085,15.5274,0.0013,-1.0000
16.6676,1.0000,50.4179,1.1299,0.3987,16.6760,16.6699,15.4361,0.0011,-1.0000
16.6665,1.0000,50.4346,1.5556,0.3865,16.7031,16.6941,15.4235,0.0011,-1.0000
16.6661,1.0000,50.4513,1.3702,0.3666,16.6763,16.6597,15.3353,0.0010,-1.0000
16.6672,1.0000,50.4678,1.0798,0.3681,16.6142,16.6164,15.3346,0.0012,-1.0000
16.6669,1.0000,50.4845,1.2325,0.3447,16.6766,16.7080,15.5118,0.0011,-1.0000
16.6680,1.0000,50.5013,1.2697,0.4206,16.7011,16.6226,15.3984,0.0012,-1.0000
16.6653,1.0000,50.5179,1.3235,0.3598,16.6663,16.6506,15.2002,0.0014,-1.0000
16.6669,1.0000,50.5346,1.2810,0.3880,16.6224,16.6638,15.4026,0.0012,-1.0000
16.6668,1.0000,50.5512,1.1953,0.4110,16.7144,16.6988,15.3647,0.0011,-1.0000
16.6666,1.0000,50.5679,1.2231,0.4646,16.6294,16.6682,15.5458,0.0012,-1.0000
16.6671,1.0000,50.5845,1.4493,0.3702,16.6567,16.6533,15.4359,0.0012,-1.0000
16.6661,1.0000,50.6013,1.2603,0.3838,16.6697,16.6657,15.4954,0.0010,-1.0000
16.6676,1.0000,50.6180,1.3332,0.3690,16.7042,16.6967,15.3971,0.0011,-1.0000
16.6659,1.0000,50.6345,1.1214,0.4582,16.6742,16.6189,15.3101,0.0012,-1.0000
16.6672,1.0000,50.6512,1.2164,0.3631,16.6598,16.6515,15.5041,0.0013,-1.0000
16.6664,1.0000,50.6680,1.1693,0.3561,16.6721,16.7536,15.4569,0.0009,-1.0000
16.6672,1.0000,50.6845,1.2983,0.3574,16.7026,16.5705,15.4219,0.0012,-1.0000
16.6664,1.0000,50.7013,1.3077,0.3735,16.6248,16.6965,15.4881,0.0011,-1.0000
16.6659,1.0000,50.7179,1.1460,0.3715,16.6574,16.6543,15.3250,0.0011,-1.0000
16.6681,1.0000,50.7346,1.2959,0.3607,16.7593,16.6314,15.5453,0.0010,-1.0000
16.6670,1.0000,50.7513,1.1474,0.4032,16.5760,16.6886,15.4254,0.0011,-1.0000
16.6668,1.0000,50.7680,1.2074,0.3367,16.7024,16.6818,15.2913,0.0011,-1.0000
16.6663,1.0000,50.7845,1.3281,0.3569,16.6605,16.6075,15.3345,0.0011,-1.0000
16.6679,1.0000,50.8013,1.0851,0.3692,16.6371,16.7048,15.4529,0.0011,-1.0000
16.6668,1.0000,50.8179,1.2620,0.3546,16.6950,16.6296,15.4081,0.0012,-1.0000
16.6660,1.0000,50.8346,1.3896,0.3749,16.6894,16.6547,15.3975,0.0012,-1.0000
16.6673,1.0000,50.8513,1.2725,0.3657,16.6149,16.6786,15.4329,0.0010,-1.0000
16.6827,1.0000,50.8680,1.2508,0.3517,16.7119,16.7016,15.2207,0.0012,-1.0000
16.6658,1.0000,50.8845,1.2201,0.3836,16.6362,16.6131,15.2449,0.0015,-1.0000
16.6687,1.0000,50.9013,1.2563,0.3766,16.6605,16.6551,15.5898,0.0012,-1.0000
16.6650,1.0000,50.9180,1.2449,0.4127,16.6851,16.7646,15.3269,0.0013,-1.0000
16.6672,1.0000,50.9346,1.4797,0.3848,16.7079,16.5512,15.3641,0.0011,-1.0000
16.6662,1.0000,50.9513,1.3669,0.3590,16.6183,16.6719,15.2909,0.0010,-1.0000
16.6673,1.0000,50.9679,1.0642,0.3858,16.6610,16.6566,15.3686,0.0011,-1.0000
16.6667,1.0000,50.9844,1.4363,0.3676,16.7709,16.6286,15.4725,0.0011,-1.0000
16.6670,1.0000,51.0012,1.1863,0.3886,16.5574,16.6644,15.5582,0.0013,-1.0000
16.6665,1.0000,51.0179,1.3800,0.4660,16.6778,16.6548,15.4749,0.0011,-1.0000
16.6668,1.0000,51.0346,1.2870,0.7782,16.6626,16.6668,15.2981,0.0011,-1.0000
16.6664,1.0000,51.0512,1.1550,0.3765,16.6342,16.6566,15.4354,0.0011,-1.0000
16.6682,1.0000,51.0679,1.1050,0.3888,16.6704,16.6687,15.5484,0.0011,-1.0000
16.6658,1.0000,51.0845,1.1789,0.3875,16.6603,16.6859,15.3902,0.0010,-1.0000
16.6657,1.0000,51.1013,1.3674,0.3604,16.6723,16.6882,15.5325,0.0011,-1.0000
16.6677,1.0000,51.1180,1.2201,0.3894,16.6622,16.6497,15.3240,0.0013,-1.0000
16.6665,1.0000,51.1346,1.1191,0.3939,16.6753,16.6532,15.3517,0.0010,-1.0000
16.6668,1.0000,51.1513,1.2950,0.4022,16.6926,16.6711,15.4902,0.0010,-1.0000
16.6668,1.0000,51.1679,1.1548,0.4128,16.6953,16.6886,15.4066,0.0015,-1.0000
16.6667,1.0000,51.1846,1.3241,0.3606,16.6561,16.6212,15.4486,0.0010,-1.0000
16.6668,1.0000,51.2013,1.3003,0.4398,16.6590,16.6571,15.2924,0.0014,-1.0000
16.6673,1.0000,51.2180,1.1800,0.3867,16.6770,16.7183,15.3641,0.0013,-1.0000
16.6676,1.0000,51.2346,1.2806,0.3581,16.6941,16.5697,15.3036,0.0009,-1.0000
16.6664,1.0000,51.2512,1.1715,0.3756,16.6265,16.6625,15.4146,0.0011,-1.0000
16.6669,1.0000,51.2679,1.3633,0.3672,16.6627,16.6561,15.4330,0.0012,-1.0000
16.6665,1.0000,51.2845,1.3532,0.3953,16.7251,16.6626,15.2865,0.0015,-1.0000
16.6668,1.0000,51.3012,1.2653,0.4673,16.5774,16.6585,15.4341,0.0012,-1.0000
16.6665,1.0000,51.3179,1.2470,0.3799,16.6696,16.6625,15.4653,0.0011,-1.0000
16.6666,1.0000,51.3346,1.2220,0.4108,16.6631,16.7038,15.4296,0.0012,-1.0000
16.6664,1.0000,51.3513,1.3749,0.4166,16.6692,16.6164,15.3858,0.0011,-1.0000
16.6678,1.0000,51.3680,1.2235,0.3711,16.6641,16.6628,15.4527,0.0010,-1.0000
16.6666,1.0000,51.3845,1.1962,0.3862,16.6679,16.6665,15.3460,0.0011,-1.0000
16.6672,1.0000,51.4012,1.2731,0.3848,16.7092,16.6556,15.5532,0.0010,-1.0000
16.6653,1.0000,51.4179,1.2296,0.3538,16.6225,16.6562,15.4473,0.0011,-1.0000
16.6681,1.0000,51.4346,1.2092,0.3817,16.6696,16.6671,15.5657,0.0013,-1.0000
16.6660,1.0000,51.4512,1.3194,0.3419,16.6728,16.6535,15.3911,0.0010,-1.0000
16.6669,1.0000,51.4679,1.1016,0.3515,16.6617,16.6633,15.4391,0.0011,-1.0000
16.6671,1.0000,51.4845,1.2078,0.3657,16.6614,16.6591,15.5519,0.0008,-1.0000
16.6676,1.0000,51.5013,1.1001,0.3903,16.6744,16.6660,15.5423,0.0010,-1.0000
16.6650,1.0000,51.5179,1.2609,0.3426,16.6596,16.6537,15.4467,0.0011,-1.0000
16.7075,1.0000,51.5347,1.2229,0.3801,16.6683,16.7053,15.4470,0.0011,-1.0000
16.6663,1.0000,51.5512,1.1059,0.3780,16.6651,16.6543,15.3431,0.0011,-1.0000
16.6663,1.0000,51.5679,1.1226,0.3806,16.6732,16.6665,15.5966,0.0010,-1.0000
16.6674,1.0000,51.5845,1.2059,0.4374,16.6601,16.6609,15.3850,0.0013,-1.0000
16.6663,1.0000,51.6013,1.2572,0.3482,16.7113,16.6588,15.5172,0.0011,-1.0000
16.6674,1.0000,51.6180,1.3103,0.3817,16.6606,16.7114,15.4767,0.0012,-1.0000
16.6663,1.0000,51.6345,1.0690,0.3921,16.6719,16.6090,15.2694,0.0011,-1.0000
16.6669,1.0000,51.6512,1.2745,0.3769,16.6666,16.6631,15.5685,0.0010,-1.0000
16.6660,1.0000,51.6679,1.1405,0.3761,16.6640,16.7052,15.4733,0.0011,-1.0000
16.6676,1.0000,51.6845,1.2336,0.3787,16.7177,16.6160,15.4480,0.0012,-1.0000
16.6671,1.0000,51.7014,1.3384,0.3403,16.6149,16.6680,15.4554,0.0011,-1.0000
16.6664,1.0000,51.7180,1.0936,0.3780,16.6684,16.6980,15.2902,0.0013,-1.0000
16.6668,1.0000,51.7346,1.2309,0.3738,16.7106,16.6157,15.4076,0.0013,-1.0000
16.7117,1.0000,51.7513,1.1670,0.3757,16.6221,16.7047,15.4696,0.0012,-1.0000
16.6666,1.0000,51.7680,1.2114,0.3614,16.6746,16.6594,15.5378,0.0011,-1.0000
16.6667,1.0000,51.7847,1.4065,0.4070,16.7044,16.7042,15.4319,0.0013,-1.0000
16.6669,1.0000,51.8013,1.2067,0.3927,16.6223,16.6564,15.4601,0.0011,-1.0000
16.6670,1.0000,51.8180,1.2341,0.3782,16.7102,16.6665,15.4752,0.0012,-1.0000
16.6683,1.0000,51.8347,1.1207,0.3867,16.6663,16.6833,15.4176,0.0011,-1.0000
16.6660,1.0000,51.8515,1.2714,0.3755,16.7098,16.6849,15.2759,0.0012,-1.0000
16.6669,1.0000,51.8681,1.1952,0.3624,16.6620,16.5994,15.1229,0.0013,-1.0000
16.6659,1.0000,51.8846,1.1902,0.4219,16.6723,16.6611,15.3398,0.0014,-1.0000
16.6670,1.0000,51.9015,1.2645,0.4174,16.6907,16.7582,15.5950,0.0011,-1.0000
16.6662,1.0000,51.9180,1.4077,0.4424,16.6924,16.5732,15.2874,0.0011,-1.0000
16.6666,1.0000,51.9347,1.4755,0.3846,16.6056,16.6687,15.4416,0.0011,-1.0000
16.6671,1.0000,51.9515,1.3201,0.4049,16.6675,16.6954,15.3947,0.0011,-1.0000
16.6665,1.0000,51.9680,1.1621,0.3669,16.7643,16.5762,15.2676,0.0013,-1.0000
16.6676,1.0000,51.9846,1.2846,0.4047,16.5787,16.7101,15.4876,0.0012,-1.0000
16.6658,1.0000,52.0014,1.2262,0.3872,16.6753,16.6861,15.4833,0.0010,-1.0000
16.6681,1.0000,52.0181,1.2997,0.3527,16.7018,16.6732,15.4601,0.0012,-1.0000
16.6655,1.0000,52.0347,1.3074,0.3737,16.5816,16.6174,15.2872,0.0010,-1.0000
16.6676,1.0000,52.0513,1.2214,0.3463,16.7162,16.6534,15.3920,0.0010,-1.0000
16.6668,1.0000,52.0680,1.2023,0.5700,16.6921,16.6721,15.4788,0.0012,-1.0000
16.6668,1.0000,52.0847,1.2118,0.3605,16.6794,16.6920,15.3870,0.0011,-1.0000
16.6667,1.0000,52.1014,1.3295,0.3607,16.6245,16.6477,15.4797,0.0012,-1.0000
16.6668,1.0000,52.1181,1.2603,0.3536,16.6593,16.6257,15.3100,0.0010,-1.0000
16.6663,1.0000,52.1348,1.1922,0.4031,16.6788,16.7635,15.3464,0.0012,-1.0000
16.6682,1.0000,52.1513,1.3039,0.3694,16.6979,16.5531,15.3227,0.0010,-1.0000
16.6649,1.0000,52.1680,1.1668,0.3649,16.6545,16.6666,15.3629,0.0011,-1.0000
16.6684,1.0000,52.1847,1.3149,0.3751,16.6319,16.6599,15.4858,0.0011,-1.0000
16.6653,1.0000,52.2014,1.4160,0.3788,16.7692,16.6274,15.3170,0.0011,-1.0000
16.6676,1.0000,52.2180,1.2293,0.3884,16.5598,16.6623,15.3322,0.0010,-1.0000
16.6669,1.0000,52.2346,1.3029,0.4037,16.6723,16.6623,15.5000,0.0012,-1.0000
16.6672,1.0000,52.2513,1.1729,0.3915,16.6658,16.6601,15.3230,0.0015,-1.0000
16.6669,1.0000,52.2680,1.3092,0.3353,16.6343,16.6536,15.4567,0.0012,-1.0000
16.6668,1.0000,52.2846,1.3291,0.3723,16.6675,16.6647,15.3422,0.0011,-1.0000
16.6668,1.0000,52.3013,1.1612,0.4277,16.6691,16.6831,15.3221,0.0013,-1.0000
16.6664,1.0000,52.3180,1.3357,0.5435,16.6672,16.6911,15.3687,0.0014,-1.0000
16.6669,1.0000,52.3347,1.1956,0.3972,16.6607,16.6523,15.4527,0.0012,-1.0000
16.6658,1.0000,52.3515,1.3215,0.3915,16.6719,16.6770,15.3340,0.0012,-1.0000
16.6679,1.0000,52.3681,1.3599,0.3758,16.6903,16.6537,15.1501,0.0012,-1.0000
16.6666,1.0000,52.3847,1.3211,0.3911,16.6971,16.6877,15.1887,0.0011,-1.0000
16.6659,1.0000,52.4014,1.1987,0.3941,16.6588,16.5968,15.2991,0.0011,-1.0000
16.6662,1.0000,52.4180,1.3420,0.3695,16.6846,16.6619,15.3452,0.0012,-1.0000
16.6661,1.0000,52.4347,1.5022,0.4118,16.6621,16.7028,15.4854,0.0012,-1.0000
16.6668,1.0000,52.4513,1.4977,0.4103,16.6946,16.5896,15.4648,0.0011,-1.0000
16.6673,1.0000,52.4679,1.2967,0.3633,16.6037,16.6610,15.4229,0.0010,-1.0000
16.6686,1.0000,52.4846,1.3156,0.3937,16.6673,16.6721,15.5332,0.0015,-1.0000
16.6657,1.0000,52.5013,1.2162,0.3580,16.7080,16.6532,15.4137,0.0012,-1.0000
16.6680,1.0000,52.5180,1.1237,0.3708,16.5953,16.6616,15.4188,0.0009,-1.0000
16.6659,1.0000,52.5347,1.2372,0.3602,16.6668,16.6590,15.2971,0.0011,-1.0000
16.6661,1.0000,52.5513,1.1375,0.4149,16.6797,16.7032,15.3346,0.0011,-1.0000
16.6673,1.0000,52.5680,1.2383,0.4021,16.6595,16.6196,15.3793,0.0013,-1.0000
16.6661,1.0000,52.5845,1.2417,0.3975,16.6683,16.6542,15.4356,0.0011,-1.0000
16.6664,1.0000,52.6013,1.3607,0.3783,16.6649,16.6631,15.5804,0.0013,-1.0000
16.6671,1.0000,52.6180,1.3677,0.4707,16.7090,16.6586,15.5169,0.0010,-1.0000
16.6693,1.0000,52.6347,1.2389,0.3730,16.6264,16.6700,15.3564,0.0011,-1.0000
16.6656,1.0000,52.6513,1.2175,0.3639,16.6604,16.6570,15.3313,0.0011,-1.0000
16.6663,1.0000,52.6680,1.0814,0.3769,16.6699,16.6537,15.3419,0.0009,-1.0000
16.6658,1.0000,52.6846,1.1407,0.3562,16.6653,16.6606,15.4648,0.0013,-1.0000
16.6671,1.0000,52.7014,1.3128,0.3680,16.6771,16.6608,15.5178,0.0011,-1.0000
16.6666,1.0000,52.7179,1.3243,0.4256,16.6641,16.6633,15.3544,0.0011,-1.0000
16.6677,1.0000,52.7346,1.3107,0.3532,16.6598,16.6612,15.5164,0.0012,-1.0000
16.6667,1.0000,52.7513,1.1945,0.3672,16.6656,16.6673,15.3466,0.0013,-1.0000
16.6662,1.0000,52.7680,1.1421,0.3674,16.6670,16.6512,15.3858,0.0010,-1.0000
16.6667,1.0000,52.7846,1.3079,0.3478,16.6681,16.6619,15.3957,0.0012,-1.0000
16.6686,1.0000,52.8013,1.1438,0.3773,16.6668,16.6666,15.4577,0.0013,-1.0000
16.6667,1.0000,52.8180,1.3197,0.3872,16.6737,16.6563,15.4441,0.0010,-1.0000
16.6656,1.0000,52.8347,1.2645,0.3803,16.6579,16.7050,15.4172,0.0010,-1.0000
16.6677,1.0000,52.8513,1.2651,0.3909,16.6682,16.6134,15.3765,0.0014,-1.0000
16.6658,1.0000,52.8680,1.2075,0.3440,16.6732,16.6600,15.3687,0.0010,-1.0000
16.6666,1.0000,52.8845,1.2113,0.3741,16.6633,16.7032,15.3780,0.0010,-1.0000
16.6673,1.0000,52.9013,1.2874,0.3695,16.7113,16.6203,15.5574,0.0010,-1.0000
16.6662,1.0000,52.9180,1.2356,0.3489,16.6205,16.6561,15.3436,0.0012,-1.0000
16.6667,1.0000,52.9347,1.2903,0.3535,16.6668,16.7143,15.5268,0.0011,-1.0000
16.6669,1.0000,52.9514,1.3242,0.3533,16.7087,16.6123,15.3544,0.0016,-1.0000
16.6668,1.0000,52.9680,1.0619,0.3678,16.6262,16.6612,15.3824,0.0011,-1.0000
16.6665,1.0000,52.9846,1.3112,0.3318,16.6614,16.6577,15.3817,0.0010,-1.0000
16.6681,1.0000,53.0014,1.1865,0.3701,16.7199,16.7310,15.5272,0.0010,-1.0000
16.6665,1.0000,53.0180,1.2564,0.3273,16.6180,16.6379,15.2803,0.0011,-1.0000
16.6661,1.0000,53.0347,1.2777,0.3763,16.6674,16.6566,15.3937,0.0010,-1.0000
16.6666,1.0000,53.0513,1.2750,0.4237,16.6635,16.6580,15.3609,0.0012,-1.0000
16.6680,1.0000,53.0681,1.2032,0.3621,16.7371,16.7063,15.6021,0.0010,-1.0000
16.6659,1.0000,53.0846,1.3566,0.3860,16.6447,16.6129,15.3257,0.0011,-1.0000
16.6668,1.0000,53.1014,1.2621,0.3532,16.6635,16.6505,15.5350,0.0011,-1.0000
16.6671,1.0000,53.1182,1.2962,0.3747,16.6636,16.7666,15.3659,0.0014,-1.0000
16.6674,1.0000,53.1347,1.1032,0.4021,16.7130,16.5688,15.2231,0.0010,-1.0000
16.6654,1.0000,53.1513,1.2862,0.3369,16.6197,16.6642,15.4262,0.0011,-1.0000
16.6674,1.0000,53.1680,1.1144,0.3849,16.6579,16.6857,15.4223,0.0014,-1.0000
16.6661,1.0000,53.1846,1.3995,0.3574,16.7730,16.5896,15.4634,0.0011,-1.0000
16.6677,1.0000,53.2015,1.3444,0.3281,16.5755,16.7252,15.3433,0.0011,-1.0000
16.6654,1.0000,53.2180,1.2368,0.3635,16.6712,16.6349,15.2334,0.0012,-1.0000
16.6690,1.0000,53.2347,1.2623,0.3450,16.6910,16.6606,15.4978,0.0011,-1.0000
16.6661,1.0000,53.2514,1.1251,0.3346,16.5948,16.6988,15.3804,0.0010,-1.0000
16.6664,1.0000,53.2681,1.3807,0.3424,16.7321,16.6497,15.3635,0.0012,-1.0000
16.6670,1.0000,53.2847,1.4003,0.3264,16.6409,16.6487,15.2257,0.0010,-1.0000
16.6664,1.0000,53.3014,1.1617,0.3724,16.6671,16.6509,15.4336,0.0011,-1.0000
16.6668,1.0000,53.3180,1.3174,0.3374,16.7057,16.6810,15.3973,0.0013,-1.0000
16.6661,1.0000,53.3346,1.2849,0.3520,16.6576,16.6229,15.3713,0.0010,-1.0000
16.6683,1.0000,53.3514,1.4221,0.3376,16.6558,16.6699,15.5041,0.0010,-1.0000
16.6667,1.0000,53.3682,1.2163,0.3572,16.6571,16.7661,15.2443,0.0011,-1.0000
16.6664,1.0000,53.3845,1.2825,0.3910,16.6865,16.5328,15.1647,0.0012,-1.0000
16.6661,1.0000,53.4013,1.2506,0.3238,16.6274,16.6724,15.5901,0.0010,-1.0000
16.6663,1.0000,53.4180,1.1649,0.4067,16.6768,16.6537,15.3854,0.0010,-1.0000
16.6678,1.0000,53.4347,1.5203,0.4261,16.7729,16.6394,15.5168,0.0011,-1.0000
16.6663,1.0000,53.4514,1.3669,0.3514,16.5389,16.6567,15.3861,0.0011,-1.0000
16.6660,1.0000,53.4679,1.0815,0.3886,16.6777,16.6614,15.4201,0.0011,-1.0000
16.6679,1.0000,53.4845,1.2673,0.3538,16.6593,16.6642,15.6411,0.0009,-1.0000
16.6660,1.0000,53.5013,1.1217,0.3484,16.6453,16.6572,15.5932,0.0010,-1.0000
16.6680,1.0000,53.5180,1.2695,0.3421,16.6621,16.6648,15.4881,0.0010,-1.0000
16.6666,1.0000,53.5348,1.2402,0.3566,16.6666,16.6893,15.3056,0.0012,-1.0000
16.6665,1.0000,53.5514,1.0222,0.3686,16.6701,16.6923,15.3170,0.0010,-1.0000
16.6668,1.0000,53.5680,1.0631,0.3477,16.6629,16.6437,15.4380,0.0012,-1.0000
16.6665,1.0000,53.5846,1.1756,0.3690,16.6708,16.6637,15.4299,0.0010,-1.0000
16.6675,1.0000,53.6015,1.3827,0.3526,16.6958,16.6720,15.5868,0.0012,-1.0000
16.6662,1.0000,53.6181,1.3745,0.3567,16.6981,16.6856,15.2117,0.0012,-1.0000
16.6683,1.0000,53.6347,1.2044,0.3578,16.6495,16.6126,15.2567,0.0011,-1.0000
16.6651,1.0000,53.6513,1.2329,0.3498,16.6693,16.6562,15.3448,0.0011,-1.0000
16.6663,1.0000,53.6680,1.0840,0.3624,16.6793,16.7043,15.4285,0.0010,-1.0000
16.6665,1.0000,53.6846,1.4728,0.3637,16.6925,16.5835,15.4329,0.0010,-1.0000
16.6672,1.0000,53.7014,1.3547,0.3439,16.6195,16.6602,15.5257,0.0011,-1.0000
16.6671,1.0000,53.7180,1.3104,0.3568,16.6627,16.6644,15.3710,0.0011,-1.0000
16.6669,1.0000,53.7346,1.2750,0.3267,16.7099,16.6579,15.4423,0.0012,-1.0000
16.6665,1.0000,53.7513,1.1494,0.3623,16.5889,16.6602,15.5337,0.0010,-1.0000
16.6676,1.0000,53.7680,1.1334,0.3504,16.6658,16.6718,15.3802,0.0011,-1.0000
16.6659,1.0000,53.7847,1.2922,0.4207,16.6702,16.6969,15.3536,0.0016,-1.0000
16.6671,1.0000,53.8013,1.2144,0.3597,16.6638,16.6117,15.4395,0.0011,-1.0000
16.6667,1.0000,53.8180,1.1257,0.3635,16.6665,16.6636,15.5090,0.0011,-1.0000
16.6677,1.0000,53.8347,1.2905,0.3597,16.6790,16.6686,15.4798,0.0010,-1.0000
16.6656,1.0000,53.8514,1.3415,0.3364,16.7028,16.6532,15.4018,0.0011,-1.0000
16.6672,1.0000,53.8681,1.1708,0.3627,16.6172,16.6657,15.3262,0.0013,-1.0000
16.6662,1.0000,53.8845,1.1533,0.3708,16.6688,16.6568,15.3458,0.0012,-1.0000
16.6673,1.0000,53.9013,1.1876,0.3337,16.6750,16.6630,15.5917,0.0010,-1.0000
16.6667,1.0000,53.9180,1.2502,0.3315,16.6597,16.6600,15.3650,0.0013,-1.0000
16.6663,1.0000,53.9347,1.3383,0.3630,16.6713,16.6577,15.4019,0.0011,-1.0000
16.6672,1.0000,53.9514,1.3101,0.3299,16.6628,16.6616,15.4526,0.0011,-1.0000
16.6667,1.0000,53.9679,1.0704,0.3935,16.6690,16.6675,15.3954,0.0013,-1.0000
16.6666,1.0000,53.9845,1.2937,0.3959,16.6659,16.6555,15.5958,0.0013,-1.0000
16.6665,1.0000,54.0013,1.2548,0.3815,16.6635,16.6630,15.5495,0.0009,-1.0000
16.6667,1.0000,54.0180,1.2079,0.3594,16.6678,16.6610,15.4140,0.0010,-1.0000
16.6671,1.0000,54.0347,1.2708,0.3667,16.6735,16.6579,15.3858,0.0009,-1.0000
16.6667,1.0000,54.0513,1.0585,0.3724,16.6614,16.6610,15.4035,0.0010,-1.0000
16.6675,1.0000,54.0680,1.1127,0.3723,16.6683,16.7113,15.4405,0.0014,-1.0000
16.6667,1.0000,54.0846,1.2460,0.3838,16.6682,16.6130,15.3014,0.0012,-1.0000
16.6659,1.0000,54.1014,1.2710,0.3535,16.6649,16.6531,15.4178,0.0009,-1.0000
16.6669,1.0000,54.1181,1.2566,0.3526,16.6666,16.7116,15.3975,0.0011,-1.0000
16.6669,1.0000,54.1347,1.2695,0.3733,16.7175,16.6141,15.2663,0.0013,-1.0000
16.6673,1.0000,54.1513,1.3104,0.3612,16.6187,16.6650,15.5192,0.0013,-1.0000
16.6662,1.0000,54.1680,1.2345,0.3519,16.6584,16.7038,15.5022,0.0012,-1.0000
16.6662,1.0000,54.1845,1.3132,0.3568,16.7172,16.6150,15.3531,0.0010,-1.0000
16.6671,1.0000,54.2014,1.3465,0.3470,16.6192,16.6609,15.5824,0.0010,-1.0000
16.6676,1.0000,54.2180,1.1445,0.3771,16.6714,16.6672,15.3682,0.0013,-1.0000
16.6672,1.0000,54.2347,1.2006,0.3454,16.7110,16.7018,15.4578,0.0011,-1.0000
16.6659,1.0000,54.2514,1.2609,0.3507,16.6213,16.6587,15.3853,0.0010,-1.0000
16.6667,1.0000,54.2681,1.0778,0.3445,16.6666,16.6631,15.3370,0.0011,-1.0000
16.6664,1.0000,54.2847,1.2977,0.3980,16.6730,16.6603,15.3205,0.0011,-1.0000
16.6679,1.0000,54.3014,1.2431,0.3548,16.7082,16.6951,15.3722,0.0012,-1.0000
16.6663,1.0000,54.3180,1.2724,0.3400,16.6653,16.6045,15.3371,0.0015,-1.0000
16.6662,1.0000,54.3346,1.3250,0.3608,16.6692,16.6565,15.4582,0.0009,-1.0000
16.6675,1.0000,54.3516,1.3390,0.3272,16.6671,16.7804,15.5175,0.0015,-1.0000
16.6663,1.0000,54.3682,1.3217,0.3730,16.7008,16.5771,15.1145,0.0012,-1.0000
16.6671,1.0000,54.3846,1.2659,0.3349,16.6103,16.6494,15.2135,0.0013,-1.0000
16.6665,1.0000,54.4014,1.1974,0.3524,16.6624,16.6930,15.5472,0.0009,-1.0000
16.6658,1.0000,54.4180,1.2615,0.3975,16.7883,16.5818,15.3373,0.0011,-1.0000
16.6672,1.0000,54.4347,1.4615,0.3931,16.5837,16.7068,15.4824,0.0013,-1.0000
16.6666,1.0000,54.4514,1.4347,0.3476,16.6558,16.6694,15.4138,0.0011,-1.0000
16.6670,1.0000,54.4680,1.1449,0.3611,16.6991,16.6466,15.3281,0.0012,-1.0000
16.6677,1.0000,54.4846,1.2433,0.3709,16.5872,16.6639,15.4611,0.0011,-1.0000
16.6665,1.0000,54.5014,1.2231,0.3489,16.7146,16.6535,15.4609,0.0011,-1.0000
16.6672,1.0000,54.5181,1.2546,0.3143,16.6772,16.7144,15.3937,0.0009,-1.0000
16.6661,1.0000,54.5348,1.3174,0.3242,16.6524,16.6397,15.2055,0.0012,-1.0000
16.6668,1.0000,54.5513,1.2015,0.3726,16.6702,16.6130,15.2336,0.0013,-1.0000
16.6666,1.0000,54.5680,1.1916,0.3964,16.6598,16.6858,15.3694,0.0011,-1.0000
16.6663,1.0000,54.5847,1.3199,0.5333,16.7210,16.7354,15.4214,0.0012,-1.0000
16.6671,1.0000,54.6014,1.4330,0.3379,16.6467,16.5576,15.4642,0.0011,-1.0000
16.6671,1.0000,54.6181,1.3782,0.3671,16.6185,16.6736,15.3300,0.0015,-1.0000
16.6666,1.0000,54.6346,1.3153,0.3546,16.6912,16.6466,15.2354,0.0012,-1.0000
16.6677,1.0000,54.6513,1.3126,0.3790,16.7409,16.6381,15.4832,0.0010,-1.0000
16.6663,1.0000,54.6680,1.0924,0.3667,16.5636,16.6592,15.4254,0.0010,-1.0000
16.6667,1.0000,54.6846,1.3425,0.3706,16.6795,16.6592,15.4935,0.0013,-1.0000
16.6676,1.0000,54.7014,1.4103,0.3472,16.6526,16.6705,15.4912,0.0009,-1.0000
16.6661,1.0000,54.7180,1.1537,0.3521,16.6442,16.6518,15.2924,0.0011,-1.0000
16.6665,1.0000,54.7346,1.2325,0.3631,16.6651,16.6636,15.4819,0.0011,-1.0000
16.7180,1.0000,54.7514,1.1642,0.3656,16.6646,16.7353,15.4833,0.0012,-1.0000
16.6667,1.0000,54.7681,1.1782,0.3541,16.6760,16.6822,15.5080,0.0011,-1.0000
16.6662,1.0000,54.7847,1.3582,0.3392,16.6578,16.6615,15.4715,0.0009,-1.0000
16.6676,1.0000,54.8014,1.1807,0.3625,16.6707,16.6475,15.4318,0.0011,-1.0000
16.6659,1.0000,54.8181,1.2510,0.3537,16.7411,16.6761,15.5461,0.0009,-1.0000
16.6679,1.0000,54.8348,1.1732,0.3465,16.6878,16.6978,15.4409,0.0010,-1.0000
16.6658,1.0000,54.8514,1.1891,0.3430,16.6673,16.6204,15.2904,0.0014,-1.0000
16.6678,1.0000,54.8681,1.2146,0.3408,16.6541,16.6377,15.3239,0.0013,-1.0000
16.6666,1.0000,54.8847,1.1291,0.3402,16.6819,16.7073,15.2447,0.0011,-1.0000
16.6661,1.0000,54.9014,1.2564,0.3512,16.7044,16.5867,15.4935,0.0011,-1.0000
16.6662,1.0000,54.9180,1.3287,0.3542,16.6281,16.6647,15.4115,0.0010,-1.0000
16.6670,1.0000,54.9347,1.3125,0.3966,16.6448,16.6555,15.4550,0.0010,-1.0000
16.6675,1.0000,54.9515,1.4614,0.3556,16.7133,16.6706,15.3715,0.0013,-1.0000
16.6653,1.0000,54.9680,1.0922,0.3420,16.5924,16.6553,15.3828,0.0012,-1.0000
16.6680,1.0000,54.9846,1.2523,0.5686,16.6701,16.6657,15.5198,0.0010,-1.0000
16.6659,1.0000,55.0014,1.1997,0.4218,16.6604,16.6974,15.5194,0.0011,-1.0000
16.6674,1.0000,55.0181,1.2977,0.4142,16.6765,16.6144,15.3808,0.0015,-1.0000
16.6675,1.0000,55.0348,1.2712,0.3756,16.6611,16.6694,15.3570,0.0010,-1.0000
16.6661,1.0000,55.0514,1.1448,0.3642,16.6721,16.6579,15.2933,0.0014,-1.0000
16.6671,1.0000,55.0680,1.1771,0.3602,16.7030,16.6639,15.4923,0.0013,-1.0000
16.6673,1.0000,55.0846,1.2322,0.4284,16.6197,16.6608,15.4065,0.0011,-1.0000
16.6668,1.0000,55.1015,1.3113,0.3709,16.6754,16.6640,15.4877,0.0010,-1.0000
16.6658,1.0000,55.1181,1.3634,0.3250,16.6635,16.6537,15.3208,0.0011,-1.0000
16.6673,1.0000,55.1347,1.1703,0.3418,16.6705,16.6653,15.3309,0.0012,-1.0000
16.6668,1.0000,55.1514,1.2533,0.3717,16.6668,16.6532,15.4976,0.0011,-1.0000
16.6662,1.0000,55.1680,1.1753,0.3683,16.6709,16.6658,15.5013,0.0011,-1.0000
16.6671,1.0000,55.1847,1.3319,0.3474,16.6605,16.6583,15.5258,0.0009,-1.0000
16.6670,1.0000,55.2014,1.3333,0.3512,16.6722,16.6648,15.3982,0.0013,-1.0000
16.6667,1.0000,55.2181,1.1545,0.4210,16.6594,16.6564,15.3628,0.0010,-1.0000
16.6670,1.0000,55.2347,1.1635,0.3488,16.6713,16.6642,15.4161,0.0011,-1.0000
16.6662,1.0000,55.2514,1.1316,0.3657,16.6640,16.6603,15.3814,0.0011,-1.0000
16.6676,1.0000,55.2681,1.2656,0.3442,16.6703,16.6618,15.4588,0.0009,-1.0000
16.6661,1.0000,55.2847,1.2926,0.3367,16.6622,16.6990,15.2768,0.0010,-1.0000
16.6667,1.0000,55.3014,1.2470,0.3689,16.6712,16.6165,15.3304,0.0011,-1.0000
16.6669,1.0000,55.3180,1.2779,0.3522,16.6663,16.6624,15.4766,0.0008,-1.0000
16.6666,1.0000,55.3347,1.2023,0.3493,16.6687,16.7050,15.4401,0.0011,-1.0000
16.6679,1.0000,55.3515,1.4213,0.4425,16.7057,16.6214,15.3771,0.0013,-1.0000
16.6666,1.0000,55.3681,1.2850,0.3528,16.6214,16.6633,15.1401,0.0011,-1.0000
16.6664,1.0000,55.3846,1.1852,0.3609,16.6683,16.6939,15.2983,0.0012,-1.0000
16.6674,1.0000,55.4014,1.2640,0.3735,16.7108,16.6252,15.5562,0.0011,-1.0000
16.6672,1.0000,55.4181,1.2428,0.3878,16.6280,16.6622,15.3138,0.0011,-1.0000
16.6667,1.0000,55.4348,1.5216,0.3427,16.6695,16.6623,15.3338,0.0012,-1.0000
16.6660,1.0000,55.4515,1.3946,0.3632,16.6994,16.6936,15.1817,0.0010,-1.0000
16.6667,1.0000,55.4681,1.0681,0.3757,16.6313,16.6643,15.2709,0.0015,-1.0000
16.6669,1.0000,55.4847,1.3470,0.3964,16.6697,16.6543,15.3899,0.0011,-1.0000
16.6669,1.0000,55.5015,1.3269,0.3726,16.6692,16.6780,15.4531,0.0011,-1.0000
16.6668,1.0000,55.5182,1.5109,0.3666,16.7011,16.6854,15.3382,0.0010,-1.0000
16.6659,1.0000,55.5348,1.3917,0.4507,16.6710,16.6169,15.1642,0.0014,-1.0000
16.6671,1.0000,55.5514,1.2630,0.3609,16.6608,16.6529,15.3497,0.0011,-1.0000
16.6669,1.0000,55.5682,1.2236,0.3621,16.6837,16.7718,15.4674,0.0011,-1.0000
16.6670,1.0000,55.5848,1.3462,0.3654,16.6923,16.5658,15.2389,0.0013,-1.0000
16.6662,1.0000,55.6014,1.4513,0.3625,16.6216,16.6599,15.4145,0.0010,-1.0000
16.6670,1.0000,55.6182,1.3023,0.3700,16.6588,16.6886,15.3483,0.0013,-1.0000
16.6664,1.0000,55.6347,1.3036,0.3571,16.7778,16.5814,15.2805,0.0012,-1.0000
16.6678,1.0000,55.6515,1.3256,0.3405,16.5720,16.7410,15.4974,0.0010,-1.0000
16.6666,1.0000,55.6681,1.2445,0.3907,16.6661,16.6306,15.3207,0.0013,-1.0000
16.6652,1.0000,55.6847,1.3388,0.3588,16.6947,16.6442,15.3854,0.0011,-1.0000
16.6674,1.0000,55.7015,1.2996,0.3682,16.5866,16.6770,15.4616,0.0014,-1.0000
16.6670,1.0000,55.7180,1.2427,0.3821,16.7483,16.6594,15.2591,0.0012,-1.0000
16.6664,1.0000,55.7347,1.3089,0.3654,16.6372,16.6485,15.4670,0.0010,-1.0000
16.6672,1.0000,55.7515,1.2578,0.5531,16.6518,16.6832,15.4309,0.0010,-1.0000
16.6674,1.0000,55.7683,1.2141,0.3915,16.6832,16.6788,15.3711,0.0011,-1.0000
16.6659,1.0000,55.7847,1.3991,0.3308,16.6652,16.6286,15.2404,0.0010,-1.0000
16.6667,1.0000,55.8014,1.1802,0.3657,16.6545,16.6670,15.4158,0.0011,-1.0000
16.6682,1.0000,55.8182,1.2513,0.3743,16.6893,16.7793,15.4625,0.0009,-1.0000
16.6665,1.0000,55.8348,1.3063,0.6563,16.6853,16.5206,15.1841,0.0012,-1.0000
16.6668,1.0000,55.8515,1.3872,0.4275,16.6344,16.6880,15.4035,0.0010,-1.0000
16.6654,1.0000,55.8681,1.2499,0.3569,16.6720,16.6310,15.2164,0.0012,-1.0000
16.6667,1.0000,55.8846,1.3160,0.4509,16.7862,16.6264,15.3414,0.0012,-1.0000
16.6670,1.0000,55.9014,1.3353,0.4127,16.5273,16.6651,15.6322,0.0010,-1.0000
16.6663,1.0000,55.9181,1.2835,0.4178,16.6960,16.6622,15.3902,0.0012,-1.0000
16.6671,1.0000,55.9348,1.4136,0.3696,16.6375,16.6630,15.4524,0.0011,-1.0000
16.6673,1.0000,55.9514,1.2839,0.4115,16.6319,16.6582,15.3576,0.0012,-1.0000
16.6670,1.0000,55.9681,1.0321,0.4116,16.6710,16.6658,15.3782,0.0012,-1.0000
16.6670,1.0000,55.9846,1.2710,0.5581,16.6678,16.6763,15.4464,0.0013,-1.0000
16.6651,1.0000,56.0014,1.2094,0.3619,16.6679,16.6796,15.5259,0.0010,-1.0000
16.6671,1.0000,56.0181,1.2993,0.3689,16.6639,16.6633,15.4534,0.0014,-1.0000
16.6673,1.0000,56.0348,1.2866,0.3656,16.6717,16.6633,15.4596,0.0010,-1.0000
16.6663,1.0000,56.0514,1.2287,0.4239,16.6827,16.6678,15.3061,0.0011,-1.0000
16.6673,1.0000,56.0681,1.1527,0.3588,16.6855,16.6852,15.4841,0.0017,-1.0000
16.6662,1.0000,56.0846,1.2085,0.3595,16.6689,16.6272,15.3950,0.0011,-1.0000
16.6671,1.0000,56.1014,1.2030,0.3750,16.6692,16.6484,15.5861,0.0013,-1.0000
16.6675,1.0000,56.1182,1.3607,0.3534,16.6736,16.7160,15.4104,0.0013,-1.0000
16.6671,1.0000,56.1347,1.1994,0.3725,16.6904,16.5831,15.3191,0.0011,-1.0000
16.6666,1.0000,56.1514,1.2311,0.4189,16.6322,16.6587,15.4753,0.0011,-1.0000
16.6664,1.0000,56.1681,1.0611,0.4180,16.6543,16.6570,15.4309,0.0012,-1.0000
16.6669,1.0000,56.1847,1.3044,0.3650,16.7217,16.6689,15.4632,0.0010,-1.0000
16.6668,1.0000,56.2014,1.2627,0.3649,16.5893,16.6545,15.4957,0.0013,-1.0000
16.6661,1.0000,56.2180,1.1822,0.3845,16.6653,16.6624,15.4031,0.0011,-1.0000
16.6675,1.0000,56.2348,1.2250,0.3745,16.6628,16.7107,15.4893,0.0012,-1.0000
16.6667,1.0000,56.2514,1.2048,0.3815,16.6747,16.6131,15.2899,0.0012,-1.0000
16.6669,1.0000,56.2681,1.1578,0.3399,16.6602,16.6587,15.4525,0.0010,-1.0000
16.6667,1.0000,56.2847,1.2586,0.3790,16.6676,16.6641,15.3533,0.0011,-1.0000
16.6669,1.0000,56.3014,1.2203,0.3967,16.7179,16.6607,15.3918,0.0010,-1.0000
16.6663,1.0000,56.3181,1.3222,0.3789,16.6192,16.6658,15.3173,0.0011,-1.0000
16.6664,1.0000,56.3347,1.2054,0.3799,16.6652,16.6491,15.4553,0.0009,-1.0000
16.6677,1.0000,56.3515,1.3097,0.3934,16.6708,16.6654,15.5039,0.0009,-1.0000
16.6674,1.0000,56.3682,1.2680,0.3565,16.6667,16.6626,15.2037,0.0014,-1.0000
16.6656,1.0000,56.3846,1.3476,0.3741,16.6727,16.6542,15.3132,0.0012,-1.0000
16.6673,1.0000,56.4014,1.1929,0.3590,16.6542,16.6674,15.5965,0.0010,-1.0000
16.6668,1.0000,56.4181,1.1606,0.3897,16.6711,16.6587,15.4486,0.0012,-1.0000
16.6664,1.0000,56.4347,1.4579,0.3742,16.6690,16.6573,15.5119,0.0011,-1.0000
16.6676,1.0000,56.4515,1.3395,0.4053,16.6599,16.6645,15.4503,0.0011,-1.0000
16.6659,1.0000,56.4681,1.0698,0.3727,16.6735,16.6619,15.3336,0.0012,-1.0000
16.6669,1.0000,56.4846,1.2088,0.3572,16.6642,16.6584,15.4873,0.0011,-1.0000
16.6673,1.0000,56.5014,1.1444,0.3682,16.6631,16.6651,15.5617,0.0009,-1.0000
16.6659,1.0000,56.5182,1.2130,0.3715,16.6706,16.7016,15.4681,0.0010,-1.0000
16.6668,1.0000,56.5348,1.3273,0.3499,16.6684,16.6159,15.2374,0.0017,-1.0000
16.6911,1.0000,56.5514,1.1702,0.3754,16.6646,16.6834,15.4050,0.0011,-1.0000
16.6670,1.0000,56.5681,1.1025,0.3585,16.6717,16.7022,15.5312,0.0010,-1.0000
16.6658,1.0000,56.5846,1.2324,0.4019,16.7084,16.6185,15.4558,0.0010,-1.0000
16.6671,1.0000,56.6015,1.3771,0.3847,16.6219,16.6564,15.6160,0.0009,-1.0000
16.6684,1.0000,56.6183,1.2772,0.3593,16.6891,16.7218,15.3501,0.0012,-1.0000
16.6657,1.0000,56.6348,1.1697,0.3738,16.7074,16.6080,15.1369,0.0013,-1.0000
16.6664,1.0000,56.6514,1.1620,0.3689,16.6241,16.6611,15.3793,0.0014,-1.0000
16.6661,1.0000,56.6681,1.0392,0.4053,16.6621,16.6534,15.4467,0.0010,-1.0000
16.6674,1.0000,56.6847,1.3706,0.4071,16.7283,16.7205,15.4681,0.0012,-1.0000
16.6671,1.0000,56.7016,1.4697,0.4000,16.6152,16.6542,15.4814,0.0012,-1.0000
16.6662,1.0000,56.7181,1.2803,0.3776,16.6678,16.6449,15.2327,0.0012,-1.0000
16.6676,1.0000,56.7348,1.2057,0.3619,16.6590,16.6823,15.5356,0.0007,-1.0000
16.6659,1.0000,56.7515,1.2513,0.3924,16.7271,16.6982,15.4373,0.0012,-1.0000
16.6681,1.0000,56.7682,1.1718,0.3392,16.6609,16.6116,15.4380,0.0013,-1.0000
16.6661,1.0000,56.7847,1.4114,0.3652,16.6514,16.6460,15.2952,0.0011,-1.0000
16.6669,1.0000,56.8015,1.1459,0.4027,16.6888,16.7520,15.4627,0.0013,-1.0000
16.6663,1.0000,56.8181,1.2597,0.3558,16.7044,16.5712,15.3627,0.0010,-1.0000
16.6669,1.0000,56.8348,1.1725,0.3900,16.6195,16.6748,15.4298,0.0013,-1.0000
16.6669,1.0000,56.8515,1.3498,0.3805,16.6529,16.7000,15.3366,0.0010,-1.0000
16.6657,1.0000,56.8681,1.2881,0.3474,16.7584,16.5680,15.2878,0.0014,-1.0000
16.6665,1.0000,56.8847,1.2076,0.3642,16.5765,16.7119,15.3900,0.0008,-1.0000
16.6676,1.0000,56.9015,1.2438,0.3338,16.6799,16.6647,15.5482,0.0009,-1.0000
16.6667,1.0000,56.9181,1.3624,0.3806,16.7068,16.6351,15.4021,0.0012,-1.0000
16.6676,1.0000,56.9349,1.2791,0.3571,16.5740,16.6950,15.5123,0.0011,-1.0000
16.6663,1.0000,56.9515,1.3211,0.3281,16.7174,16.6342,15.2763,0.0014,-1.0000
16.6663,1.0000,56.9681,1.1155,0.3329,16.6707,16.6673,15.3648,0.0011,-1.0000
16.6674,1.0000,56.9847,1.2319,0.3149,16.6405,16.6670,15.5405,0.0012,-1.0000
16.6662,1.0000,57.0015,1.1816,0.3695,16.7030,16.6958,15.4227,0.0012,-1.0000
16.6671,1.0000,57.0181,1.3566,0.3356,16.6412,16.6144,15.4343,0.0011,-1.0000
16.6675,1.0000,57.0349,1.3013,0.3623,16.6730,16.6667,15.3959,0.0011,-1.0000
16.6652,1.0000,57.0515,1.1255,0.3644,16.6727,16.7722,15.2395,0.0011,-1.0000
16.6689,1.0000,57.0681,1.2718,0.3565,16.7014,16.5345,15.3434,0.0012,-1.0000
16.6660,1.0000,57.0847,1.1789,0.4710,16.6207,16.6701,15.3627,0.0011,-1.0000
16.6666,1.0000,57.1015,1.2696,0.3718,16.6744,16.6494,15.5264,0.0011,-1.0000
16.6665,1.0000,57.1181,1.5316,0.3767,16.7792,16.6287,15.3263,0.0012,-1.0000
16.6670,1.0000,57.1347,1.1902,0.3912,16.5409,16.6591,15.3504,0.0012,-1.0000
16.6667,1.0000,57.1514,1.3065,0.3565,16.6765,16.6641,15.5094,0.0011,-1.0000
16.6658,1.0000,57.1683,1.1219,0.3765,16.6560,16.6547,15.4711,0.0012,-1.0000
16.6673,1.0000,57.1846,1.3015,0.3480,16.6358,16.6644,14.8596,0.0012,-1.0000
16.6669,1.0000,57.2016,1.3077,0.3858,16.6653,16.6612,15.5243,0.0011,-1.0000
16.6663,1.0000,57.2180,1.1534,0.3567,16.6702,16.6827,15.1372,0.0012,-1.0000
16.6675,1.0000,57.2347,1.1827,0.4288,16.6615,16.7006,15.6439,0.0010,-1.0000
16.6664,1.0000,57.2514,1.8038,0.3936,16.6704,16.6509,15.4061,0.0010,-1.0000
16.6668,1.0000,57.2681,1.1361,0.3612,16.6673,16.6519,15.4722,0.0014,-1.0000
16.6660,1.0000,57.2847,1.5446,0.3613,16.6880,16.6753,15.4277,0.0011,-1.0000
16.6671,1.0000,57.3014,1.0558,0.3832,16.7068,16.6702,15.4421,0.0010,-1.0000
16.6673,1.0000,57.3180,1.2440,0.3679,16.6577,16.6180,15.5088,0.0012,-1.0000
16.6669,1.0000,57.3346,1.1782,0.3948,16.6607,16.6553,15.5130,0.0010,-1.0000
16.6662,1.0000,57.3514,1.2469,0.3754,16.6832,16.7118,15.6003,0.0009,-1.0000
16.6677,1.0000,57.3681,1.2271,0.3377,16.6765,16.5869,15.5101,0.0012,-1.0000
16.6667,1.0000,57.3846,1.1082,0.3769,16.6243,16.6591,15.4417,0.0010,-1.0000
16.6668,1.0000,57.4013,1.1417,0.3339,16.6609,16.6625,15.6334,0.0010,-1.0000
16.6667,1.0000,57.4180,1.1107,0.3731,16.7188,16.6585,15.4877,0.0009,-1.0000
16.6661,1.0000,57.4347,1.0755,0.3665,16.5936,16.6564,15.4987,0.0008,-1.0000
16.6670,1.0000,57.4515,1.2163,0.3662,16.6648,16.6737,15.4886,0.0012,-1.0000
16.6663,1.0000,57.4681,1.0282,0.3835,16.6689,16.6965,15.2493,0.0011,-1.0000
16.6671,1.0000,57.4846,1.1700,0.3373,16.6648,16.6130,15.3983,0.0012,-1.0000
16.6662,1.0000,57.5014,1.1570,0.3673,16.6624,16.6585,15.5610,0.0011,-1.0000
16.6672,1.0000,57.5181,1.1843,0.3406,16.6798,16.6625,15.5046,0.0014,-1.0000
16.6661,1.0000,57.5348,1.4466,0.3708,16.7023,16.6592,15.4318,0.0013,-1.0000
16.6675,1.0000,57.5514,1.2138,0.4112,16.6190,16.6654,15.4919,0.0011,-1.0000
16.6675,1.0000,57.5681,1.0965,0.3735,16.6642,16.6660,15.4328,0.0009,-1.0000
16.6661,1.0000,57.5846,1.1569,0.3503,16.6690,16.6619,15.3715,0.0011,-1.0000
16.6667,1.0000,57.6014,1.2261,0.3594,16.6644,16.6600,15.5661,0.0009,-1.0000
16.6672,1.0000,57.6182,1.1723,0.3780,16.6707,16.6591,15.3342,0.0011,-1.0000
16.6668,1.0000,57.6348,1.2324,0.3743,16.6720,16.6628,15.3085,0.0012,-1.0000
16.6664,1.0000,57.6514,1.2897,0.3498,16.6683,16.6538,15.4517,0.0012,-1.0000
16.6664,1.0000,57.6681,1.0929,0.3724,16.6667,16.6617,15.4905,0.0012,-1.0000
16.6667,1.0000,57.6847,1.3238,0.4395,16.6653,16.6584,15.5262,0.0010,-1.0000
16.6661,1.0000,57.7015,1.3531,0.3790,16.6688,16.6635,15.4849,0.0013,-1.0000
16.6675,1.0000,57.7181,1.2010,0.3268,16.6601,16.6615,15.4482,0.0010,-1.0000
16.6668,1.0000,57.7347,1.1700,0.3608,16.6669,16.6628,15.4818,0.0012,-1.0000
16.6661,1.0000,57.7514,1.1314,0.3989,16.6642,16.7023,15.4107,0.0012,-1.0000
16.6666,1.0000,57.7681,1.1777,0.3450,16.6691,16.6110,15.4422,0.0012,-1.0000
16.6672,1.0000,57.7847,1.2126,0.3571,16.6677,16.6655,15.5397,0.0010,-1.0000
16.6669,1.0000,57.8015,1.1801,0.4191,16.6690,16.7032,15.5265,0.0010,-1.0000
16.6659,1.0000,57.8181,1.2907,0.3808,16.7078,16.6179,15.4180,0.0013,-1.0000
16.6678,1.0000,57.8348,1.1677,0.3564,16.6158,16.6672,15.5380,0.0011,-1.0000
16.6661,1.0000,57.8515,1.1250,0.3432,16.6710,16.6999,15.4982,0.0013,-1.0000
16.6668,1.0000,57.8681,1.1759,0.3798,16.7087,16.6173,15.3502,0.0014,-1.0000
16.6677,1.0000,57.8847,1.1987,0.4042,16.6232,16.6636,15.4282,0.0011,-1.0000
16.6659,1.0000,57.9014,1.1280,0.3994,16.6724,16.6589,15.4779,0.0013,-1.0000
16.6664,1.0000,57.9181,1.2006,0.5049,16.7061,16.7029,15.4587,0.0010,-1.0000
16.6672,1.0000,57.9348,1.2661,0.3695,16.6233,16.6673,15.4968,0.0011,-1.0000
16.6672,1.0000,57.9516,1.2342,0.3681,16.6705,16.6708,15.3756,0.0016,-1.0000
16.6655,1.0000,57.9681,1.1798,0.3775,16.6645,16.6423,15.3207,0.0012,-1.0000
16.6669,1.0000,57.9847,1.2433,0.3678,16.7085,16.7001,15.3363,0.0012,-1.0000
16.6669,1.0000,58.0015,1.1694,0.4341,16.6729,16.6310,15.4705,0.0012,-1.0000
16.6665,1.0000,58.0181,1.2936,0.3616,16.6766,16.6411,15.4055,0.0010,-1.0000
16.6683,1.0000,58.0350,1.3206,0.3819,16.6478,16.7830,15.2576,0.0013,-1.0000
16.6664,1.0000,58.0515,1.3629,0.3747,16.7058,16.5571,15.1124,0.0012,-1.0000
16.6666,1.0000,58.0681,1.1594,0.3730,16.6366,16.6637,15.4555,0.0011,-1.0000
16.6660,1.0000,58.0847,1.2345,0.4455,16.6473,16.6801,15.4456,0.0010,-1.0000
16.6676,1.0000,58.1015,1.5241,0.3770,16.7892,16.5971,15.5302,0.0011,-1.0000
16.6730,1.0000,58.1182,1.4438,0.3548,16.5634,16.7242,15.2699,0.0012,-1.0000
16.6665,1.0000,58.1348,1.2071,0.3779,16.6693,16.6463,15.3249,0.0012,-1.0000
16.6671,1.0000,58.1514,1.2334,0.3996,16.6859,16.6576,15.4858,0.0010,-1.0000
16.6667,1.0000,58.1681,1.0657,0.3962,16.6027,16.6566,15.4900,0.0011,-1.0000
16.6658,1.0000,58.1847,1.4534,0.3929,16.7304,16.6578,15.4331,0.0013,-1.0000
16.6680,1.0000,58.2016,1.3205,0.3732,16.6523,16.6779,15.5667,0.0013,-1.0000
16.6666,1.0000,58.2181,1.1708,0.4099,16.6633,16.6836,15.2430,0.0011,-1.0000
16.6677,1.0000,58.2348,1.1658,0.3807,16.6627,16.6131,15.4402,0.0011,-1.0000
16.6664,1.0000,58.2515,1.2236,0.6689,16.6633,16.6735,15.4383,0.0012,-1.0000
16.6673,1.0000,58.2683,1.1101,0.3807,16.6839,16.7710,15.4302,0.0010,-1.0000
16.6676,1.0000,58.2848,1.4395,0.3776,16.6898,16.5706,15.1429,0.0012,-1.0000
16.6658,1.0000,58.3015,1.1719,0.4360,16.6181,16.6553,15.2565,0.0011,-1.0000
16.6664,1.0000,58.3181,1.2339,0.3991,16.6803,16.6307,15.4588,0.0012,-1.0000
16.6661,1.0000,58.3347,1.3397,0.4650,16.7775,16.6309,15.4302,0.0011,-1.0000
16.6664,1.0000,58.3514,1.4264,0.3744,16.5786,16.6627,15.5408,0.0012,-1.0000
16.6681,1.0000,58.3682,1.3977,0.3614,16.6615,16.6620,15.3625,0.0012,-1.0000
16.6658,1.0000,58.3846,1.1706,0.3958,16.6371,16.6591,15.2613,0.0010,-1.0000
16.6671,1.0000,58.4014,1.1998,0.3595,16.6364,16.6577,15.5778,0.0011,-1.0000
16.6666,1.0000,58.4181,1.1204,0.4207,16.6684,16.6676,15.4603,0.0012,-1.0000
16.6665,1.0000,58.4348,1.2987,0.3700,16.6682,16.6783,15.4563,0.0012,-1.0000
16.6686,1.0000,58.4516,1.3967,0.3987,16.6650,16.7076,15.3786,0.0011,-1.0000
16.6671,1.0000,58.4682,1.0788,0.3688,16.6635,16.6501,15.1736,0.0011,-1.0000
16.6657,1.0000,58.4847,1.2061,0.3676,16.6734,16.6594,15.2697,0.0012,-1.0000
16.6664,1.0000,58.5015,1.2210,0.3557,16.6839,16.6589,15.4104,0.0009,-1.0000
16.6668,1.0000,58.5183,1.3277,0.3504,16.7134,16.6862,15.3282,0.0014,-1.0000
16.6661,1.0000,58.5349,1.4753,0.4112,16.6578,16.6159,15.1323,0.0016,-1.0000
16.6695,1.0000,58.5516,1.3884,0.3766,16.6673,16.6651,15.2722,0.0011,-1.0000
16.6663,1.0000,58.5683,1.2476,0.3620,16.6658,16.7191,15.1397,0.0012,-1.0000
16.6664,1.0000,58.5847,1.3567,0.3759,16.6950,16.5524,15.0294,0.0012,-1.0000
16.6651,1.0000,58.6014,1.4822,0.3695,16.6233,16.6522,15.3732,0.0011,-1.0000
16.6669,1.0000,58.6182,1.3918,0.4656,16.6740,16.6632,15.4187,0.0013,-1.0000
16.6659,1.0000,58.6347,1.5782,0.4422,16.7293,16.6573,15.3098,0.0013,-1.0000
16.6669,1.0000,58.6514,1.5216,0.4166,16.5614,16.6598,15.5845,0.0011,-1.0000
16.6681,1.0000,58.6681,1.2778,0.3722,16.6592,16.6721,15.4992,0.0011,-1.0000
16.6654,1.0000,58.6848,1.2433,0.3791,16.6695,16.6923,15.3986,0.0012,-1.0000
16.6675,1.0000,58.7016,1.3462,0.3738,16.6639,16.6369,15.3179,0.0011,-1.0000
16.6660,1.0000,58.7180,1.0743,0.3697,16.6659,16.6374,15.3325,0.0012,-1.0000
16.6685,1.0000,58.7348,1.1717,0.3742,16.6780,16.6704,15.5130,0.0008,-1.0000
16.6665,1.0000,58.7514,1.2929,0.4404,16.6988,16.6594,15.3176,0.0010,-1.0000
16.6662,1.0000,58.7681,1.3182,0.3659,16.6431,16.6550,15.4064,0.0014,-1.0000
16.6670,1.0000,58.7847,1.3037,0.3307,16.6430,16.6692,15.3363,0.0013,-1.0000
16.6661,1.0000,58.8014,1.1565,0.3802,16.6761,16.6557,15.5059,0.0011,-1.0000
16.6675,1.0000,58.8181,1.3408,0.3658,16.6652,16.6657,15.5234,0.0012,-1.0000
16.6676,1.0000,58.8348,1.2472,0.3406,16.6596,16.6634,15.4496,0.0012,-1.0000
16.6667,1.0000,58.8515,1.3319,0.3467,16.6752,16.6615,15.3347,0.0009,-1.0000
16.6660,1.0000,58.8682,1.1487,0.4179,16.6614,16.6563,15.3455,0.0011,-1.0000
16.6667,1.0000,58.8846,1.1411,0.4091,16.6713,16.6594,15.3247,0.0014,-1.0000
16.6669,1.0000,58.9014,1.2128,0.3734,16.6690,16.6607,15.6357,0.0009,-1.0000
16.6658,1.0000,58.9180,1.3258,0.3584,16.6676,16.6566,15.4440,0.0012,-1.0000
16.6675,1.0000,58.9348,1.3099,0.3573,16.6621,16.6667,15.6214,0.0011,-1.0000
16.6673,1.0000,58.9515,1.3335,0.3810,16.6652,16.6634,15.4315,0.0011,-1.0000
16.6661,1.0000,58.9682,1.0243,0.3557,16.6663,16.7091,15.2244,0.0009,-1.0000
16.6678,1.0000,58.9847,1.2115,0.3572,16.6619,16.6156,15.3102,0.0014,-1.0000
16.6658,1.0000,59.0014,1.0441,0.3465,16.6716,16.6539,15.4819,0.0008,-1.0000
16.6675,1.0000,59.0182,1.2307,0.3627,16.6699,16.7078,15.4530,0.0013,-1.0000
16.6665,1.0000,59.0348,1.4838,0.3638,16.7144,16.6183,15.2736,0.0010,-1.0000
16.6669,1.0000,59.0514,1.3041,0.3769,16.6218,16.6577,15.3473,0.0014,-1.0000
16.6672,1.0000,59.0681,1.1714,0.4013,16.6601,16.7105,15.4765,0.0010,-1.0000
16.6662,1.0000,59.0846,1.2537,0.3783,16.7139,16.6127,15.3967,0.0010,-1.0000
16.6662,1.0000,59.1014,1.3436,0.3594,16.6249,16.6610,15.5497,0.0008,-1.0000
16.6672,1.0000,59.1182,1.3093,0.3607,16.6628,16.6621,15.4030,0.0011,-1.0000
16.6669,1.0000,59.1348,1.2327,0.4233,16.7166,16.7030,15.3833,0.0009,-1.0000
16.6678,1.0000,59.1515,1.2149,0.3381,16.6184,16.6751,15.4064,0.0012,-1.0000
16.6654,1.0000,59.1681,1.1104,0.4052,16.6664,16.6402,15.3481,0.0012,-1.0000
16.6663,1.0000,59.1847,1.2581,0.3591,16.6676,16.6709,15.5094,0.0014,-1.0000
16.6673,1.0000,59.2016,1.3186,0.3923,16.7079,16.6895,15.4393,0.0014,-1.0000
16.6665,1.0000,59.2180,1.2674,0.3854,16.6819,16.6001,15.2675,0.0012,-1.0000
16.6679,1.0000,59.2348,1.2911,0.3321,16.6471,16.6803,15.5890,0.0010,-1.0000
16.6664,1.0000,59.2515,1.1602,0.3665,16.6764,16.7544,15.4052,0.0010,-1.0000
16.6665,1.0000,59.2681,1.2488,0.3561,16.6958,16.5722,15.3702,0.0012,-1.0000
16.6661,1.0000,59.2848,1.3315,0.3468,16.6052,16.6718,15.3316,0.0010,-1.0000
16.6676,1.0000,59.3015,1.0899,0.3627,16.6858,16.6983,15.4349,0.0010,-1.0000
16.6665,1.0000,59.3181,1.3483,0.3460,16.7605,16.5807,15.3257,0.0011,-1.0000
16.6666,1.0000,59.3348,1.2006,0.3660,16.5778,16.6998,15.3917,0.0013,-1.0000
16.6665,1.0000,59.3515,1.3392,0.3708,16.6769,16.6604,15.4249,0.0011,-1.0000
16.6684,1.0000,59.3683,1.2624,0.4404,16.7044,16.6557,15.4058,0.0013,-1.0000
16.6657,1.0000,59.3847,1.2539,0.3863,16.5868,16.6822,15.2023,0.0015,-1.0000
16.6668,1.0000,59.4015,1.3065,0.3639,16.7054,16.6459,15.4851,0.0012,-1.0000
16.6665,1.0000,59.4181,1.2344,0.3623,16.6664,16.6546,15.3866,0.0009,-1.0000
16.6664,1.0000,59.4348,1.2485,0.4156,16.6630,16.6589,15.4509,0.0013,-1.0000
16.6671,1.0000,59.4516,1.4787,0.3540,16.6887,16.6992,15.3225,0.0012,-1.0000
16.6668,1.0000,59.4681,1.1598,0.3600,16.6519,16.6189,15.2424,0.0012,-1.0000
16.6658,1.0000,59.4847,1.2670,0.3431,16.6609,16.6517,15.4071,0.0014,-1.0000
16.6675,1.0000,59.5016,1.2069,0.3289,16.6647,16.7688,15.5558,0.0010,-1.0000
16.6681,1.0000,59.5182,1.3754,0.4002,16.7048,16.5485,15.3081,0.0011,-1.0000
16.6713,1.0000,59.5349,1.3753,0.4315,16.6252,16.6994,15.3510,0.0012,-1.0000
16.6670,1.0000,59.5514,1.2431,0.4232,16.6573,16.6282,15.3170,0.0010,-1.0000
16.6668,1.0000,59.5681,1.2119,0.3674,16.7754,16.6421,15.4845,0.0010,-1.0000
16.6661,1.0000,59.5847,1.2391,0.3788,16.5551,16.6564,15.4968,0.0010,-1.0000
16.6673,1.0000,59.6015,1.3474,0.3624,16.7055,16.6625,15.5549,0.0011,-1.0000
16.6676,1.0000,59.6182,1.3103,0.3545,16.6333,16.6661,15.4304,0.0011,-1.0000
16.6654,1.0000,59.6348,1.1566,0.4265,16.6473,16.6546,15.2992,0.0012,-1.0000
16.6673,1.0000,59.6514,1.1587,0.3883,16.6620,16.6603,15.4876,0.0012,-1.0000
16.6674,1.0000,59.6681,1.1064,0.3579,16.6680,16.6943,15.3876,0.0011,-1.0000
16.6661,1.0000,59.6847,1.2346,0.3670,16.6721,16.6765,15.5312,0.0009,-1.0000
16.6676,1.0000,59.7016,1.3543,0.3509,16.6605,16.6623,15.5340,0.0009,-1.0000
16.6677,1.0000,59.7182,1.1716,0.3583,16.6666,16.6531,15.2428,0.0015,-1.0000
16.6661,1.0000,59.7348,1.3060,0.3337,16.7012,16.6724,15.3276,0.0010,-1.0000
16.6674,1.0000,59.7515,1.1444,0.3615,16.6823,16.6855,15.3726,0.0010,-1.0000
16.6657,1.0000,59.7682,1.1271,0.3460,16.6684,16.6085,15.3234,0.0011,-1.0000
16.6669,1.0000,59.7848,1.4090,0.3792,16.6602,16.6666,15.4364,0.0009,-1.0000
16.6665,1.0000,59.8015,1.3439,0.3560,16.6789,16.6980,15.4146,0.0011,-1.0000
16.6679,1.0000,59.8181,1.3123,0.3527,16.6928,16.5935,15.4179,0.0010,-1.0000
16.6665,1.0000,59.8348,1.2842,0.3321,16.6152,16.6584,15.4878,0.0010,-1.0000
16.6672,1.0000,59.8515,1.2292,0.3559,16.6734,16.6604,15.4395,0.0009,-1.0000
16.6686,1.0000,59.8682,1.2825,0.3650,16.7034,16.6640,15.3822,0.0009,-1.0000
16.6637,1.0000,59.8846,1.1746,0.3368,16.5995,16.6530,15.2430,0.0012,-1.0000
16.6665,1.0000,59.9014,1.1696,0.3400,16.6646,16.6571,15.6656,0.0011,-1.0000
16.6669,1.0000,59.9181,1.2197,0.3539,16.6675,16.7099,15.5428,0.0009,-1.0000
16.6677,1.0000,59.9348,1.2810,0.3771,16.6703,16.6113,15.5170,0.0010,-1.0000
16.6654,1.0000,59.9515,1.4088,0.5420,16.6596,16.6619,15.4790,0.0009,-1.0000
16.6664,1.0000,59.9680,0.9904,0.3259,16.6629,16.6583,15.4774,0.0011,-1.0000
16.6670,1.0000,59.9846,1.1663,0.3610,16.7150,16.6621,15.6369,0.0010,-1.0000
16.6671,1.0000,60.0014,1.0934,0.3612,16.6170,16.6674,15.7130,0.0010,-1.0000
16.6669,1.0000,60.0182,1.1821,0.3219,16.6677,16.6569,15.4983,0.0015,-1.0000
16.6668,1.0000,60.0348,1.1801,0.3616,16.6628,16.6646,15.4064,0.0011,-1.0000
16.6676,1.0000,60.0514,1.0242,0.3613,16.6673,16.6622,15.5062,0.0010,-1.0000
16.6655,1.0000,60.0680,0.9534,0.3473,16.6731,16.6564,15.5550,0.0009,-1.0000
16.6677,1.0000,60.0847,1.1571,0.3636,16.6626,16.6666,15.6359,0.0010,-1.0000
16.6662,1.0000,60.1015,1.2572,0.3165,16.6701,16.6577,15.6118,0.0010,-1.0000
16.6667,1.0000,60.1181,1.1551,0.3241,16.6683,16.6593,15.3892,0.0009,-1.0000
16.6663,1.0000,60.1347,1.1004,0.3155,16.6622,16.6618,15.5253,0.0010,-1.0000
16.6678,1.0000,60.1514,1.0297,0.3384,16.6726,16.6629,15.7142,0.0010,-1.0000
16.6659,1.0000,60.1681,1.0448,0.3244,16.6629,16.6621,15.6150,0.0011,-1.0000
16.6669,1.0000,60.1847,1.2693,0.3398,16.6646,16.6602,15.6116,0.0009,-1.0000
16.6673,1.0000,60.2016,1.1355,0.2932,16.6662,16.7057,15.5222,0.0008,-1.0000
16.6678,1.0000,60.2181,0.9475,0.3680,16.6682,16.6288,15.3598,0.0010,-1.0000
16.6673,1.0000,60.2348,1.0460,0.3208,16.6671,16.6574,15.4231,0.0012,-1.0000
16.6660,1.0000,60.2515,1.0477,0.3559,16.6652,16.7046,15.4576,0.0009,-1.0000
16.6664,1.0000,60.2681,1.1826,0.3425,16.7114,16.6122,15.5037,0.0011,-1.0000
16.6666,1.0000,60.2847,1.2681,0.3715,16.6350,16.6647,15.5451,0.0010,-1.0000
16.6669,1.0000,60.3015,1.2330,0.3371,16.6636,16.6997,15.5495,0.0009,-1.0000
16.6664,1.0000,60.3181,1.2461,0.3360,16.7108,16.6172,15.4596,0.0013,-1.0000
16.6658,1.0000,60.3347,1.1073,0.3279,16.6170,16.6583,15.5855,0.0011,-1.0000
16.6675,1.0000,60.3515,1.1186,0.3145,16.6703,16.6705,15.6468,0.0010,-1.0000
16.6678,1.0000,60.3683,1.1495,0.3320,16.7050,16.7178,15.3688,0.0014,-1.0000
16.6648,1.0000,60.3846,1.1565,0.3148,16.6223,16.6317,15.2606,0.0014,-1.0000
16.6679,1.0000,60.4015,1.0717,0.3041,16.6633,16.6674,15.7412,0.0010,-1.0000
16.6656,1.0000,60.4182,1.0228,0.3403,16.6761,16.6710,15.4860,0.0009,-1.0000
16.6676,1.0000,60.4348,1.3477,0.3223,16.7248,16.6766,15.4387,0.0013,-1.0000
16.6663,1.0000,60.4515,1.3697,0.3047,16.6368,16.6271,15.5053,0.0011,-1.0000
16.6671,1.0000,60.4680,0.9254,0.3270,16.6728,16.6577,15.5096,0.0010,-1.0000
16.6672,1.0000,60.4848,1.1841,0.3257,16.6765,16.7535,15.6274,0.0012,-1.0000
16.6664,1.0000,60.5014,1.2365,0.3138,16.6818,16.5821,15.5360,0.0008,-1.0000
16.6676,1.0000,60.5182,1.1211,0.3419,16.6318,16.6802,15.5354,0.0010,-1.0000
16.6667,1.0000,60.5349,1.1470,0.3362,16.6629,16.6776,15.3889,0.0009,-1.0000
16.6662,1.0000,60.5514,1.1247,0.3276,16.7588,16.5852,15.3994,0.0010,-1.0000
16.6691,1.0000,60.5682,1.0453,0.3177,16.5876,16.7346,15.6562,0.0010,-1.0000
16.6643,1.0000,60.5847,1.1438,0.3300,16.6866,16.6271,15.3556,0.0011,-1.0000
16.6665,1.0000,60.6014,1.2878,0.3122,16.6837,16.6433,15.6783,0.0010,-1.0000
16.6671,1.0000,60.6181,1.1850,0.3109,16.5899,16.6819,15.5589,0.0010,-1.0000
16.6693,1.0000,60.6348,1.0773,0.3456,16.7408,16.6852,15.5040,0.0012,-1.0000
16.6645,1.0000,60.6514,1.2703,0.3099,16.6329,16.6315,15.4296,0.0011,-1.0000
16.6663,1.0000,60.6682,0.9640,0.3321,16.6482,16.6739,15.5269,0.0014,-1.0000
16.6681,1.0000,60.6848,1.1219,0.3465,16.6870,16.6982,15.5017,0.0011,-1.0000
16.6656,1.0000,60.7015,1.1803,0.3309,16.6928,16.5980,15.4387,0.0012,-1.0000
16.6676,1.0000,60.7181,1.2009,0.3223,16.6378,16.6709,15.4987,0.0010,-1.0000
16.6667,1.0000,60.7350,1.1457,0.3399,16.6796,16.7565,15.5640,0.0010,-1.0000
16.6655,1.0000,60.7514,1.1953,0.3384,16.7045,16.5554,15.2484,0.0010,-1.0000
16.6669,1.0000,60.7681,1.1582,0.3368,16.6039,16.6791,15.5577,0.0010,-1.0000
16.6670,1.0000,60.7847,1.1712,0.3253,16.6760,16.6615,15.5524,0.0011,-1.0000
16.6674,1.0000,60.8014,1.1917,0.6101,16.7625,16.6191,15.5669,0.0010,-1.0000
16.6668,1.0000,60.8181,1.3060,0.3816,16.5606,16.6690,15.5786,0.0013,-1.0000
16.6665,1.0000,60.8347,1.1204,0.3509,16.6843,16.6524,15.5754,0.0009,-1.0000
16.6672,1.0000,60.8514,1.1080,0.3322,16.6667,16.6689,15.6499,0.0010,-1.0000
16.6656,1.0000,60.8681,1.0510,0.4220,16.6239,16.6516,15.5039,0.0009,-1.0000
16.6687,1.0000,60.8847,1.0892,0.3379,16.6750,16.6634,15.5855,0.0011,-1.0000
16.6659,1.0000,60.9015,1.0760,0.3765,16.6578,16.6877,15.5503,0.0010,-1.0000
16.6657,1.0000,60.9181,1.0182,0.3529,16.6750,16.6750,15.5320,0.0009,-1.0000
16.6669,1.0000,60.9348,1.1468,0.3232,16.6566,16.6561,15.5815,0.0011,-1.0000
16.6670,1.0000,60.9515,1.0767,0.3929,16.6691,16.6641,15.4426,0.0011,-1.0000
16.6690,1.0000,60.9682,1.1364,0.3120,16.6931,16.6940,15.5302,0.0013,-1.0000
16.6670,1.0000,60.9848,1.1421,0.3139,16.6799,16.6886,15.2734,0.0009,-1.0000
16.6670,1.0000,61.0016,1.0733,0.3088,16.6609,16.6222,15.2790,0.0010,-1.0000
16.6662,1.0000,61.0183,1.2204,0.3498,16.6693,16.6492,15.3390,0.0012,-1.0000
16.6653,1.0000,61.0349,1.1622,0.4149,16.7013,16.6906,15.2248,0.0014,-1.0000
16.6673,1.0000,61.0515,1.4140,0.3732,16.6961,16.5829,15.2484,0.0013,-1.0000
16.6674,1.0000,61.0681,1.3420,0.3445,16.6313,16.6623,15.4136,0.0010,-1.0000
16.6660,1.0000,61.0847,1.3092,0.3463,16.6580,16.6534,15.3847,0.0011,-1.0000
16.6659,1.0000,61.1014,1.4643,0.3295,16.6991,16.6529,15.5759,0.0009,-1.0000
16.6688,1.0000,61.1182,1.3335,0.7040,16.5899,16.6728,15.5428,0.0009,-1.0000
16.6645,1.0000,61.1348,1.2477,0.3516,16.6702,16.6482,15.3136,0.0012,-1.0000
16.6688,1.0000,61.1516,1.2681,0.3276,16.6603,16.7195,15.5042,0.0015,-1.0000
16.6674,1.0000,61.1682,1.0760,0.3097,16.6580,16.6137,15.1829,0.0017,-1.0000
16.6649,1.0000,61.1847,1.1287,0.3338,16.6793,16.6555,15.2445,0.0012,-1.0000
16.6681,1.0000,61.2016,1.3336,0.3121,16.6542,16.6722,15.4089,0.0012,-1.0000
16.6673,1.0000,61.2182,1.2138,0.4081,16.7264,16.6553,15.1200,0.0015,-1.0000
16.6667,1.0000,61.2349,1.4292,0.3554,16.6220,16.6586,15.2806,0.0012,-1.0000
16.6668,1.0000,61.2515,1.4096,0.5447,16.6624,16.6611,15.2159,0.0012,-1.0000
16.6672,1.0000,61.2682,1.2623,0.3897,16.6793,16.6600,15.2967,0.0012,-1.0000
16.6658,1.0000,61.2848,1.5338,0.4817,16.6634,16.6510,15.0588,0.0013,-1.0000
16.6661,1.0000,61.3015,1.3767,0.3858,16.6672,16.6569,15.3149,0.0011,-1.0000
16.6685,1.0000,61.3182,1.4439,0.7093,16.6698,16.6720,15.2233,0.0012,-1.0000
16.6656,1.0000,61.3348,1.3621,0.4528,16.6702,16.6410,15.2390,0.0012,-1.0000
16.6653,1.0000,61.3515,1.5908,0.3831,16.6599,16.6480,15.3247,0.0012,-1.0000
16.6668,1.0000,61.3682,1.3408,0.4170,16.6660,16.6665,15.2459,0.0011,-1.0000
16.6661,1.0000,61.3847,1.4473,0.4581,16.6817,16.6507,15.3021,0.0011,-1.0000
16.6676,1.0000,61.4015,1.4008,0.3783,16.6503,16.6730,15.6322,0.0013,-1.0000
16.6660,1.0000,61.4181,1.3224,0.4132,16.6552,16.6512,15.4219,0.0013,-1.0000
16.6671,1.0000,61.4349,1.4195,0.3569,16.6721,16.7097,15.5131,0.0009,-1.0000
16.6660,1.0000,61.4515,1.3474,0.3318,16.6564,16.6108,15.3320,0.0012,-1.0000
16.6675,1.0000,61.4681,1.0395,0.3686,16.6787,16.6638,15.4466,0.0009,-1.0000
16.6739,1.0000,61.4848,1.2280,0.3601,16.6573,16.7442,15.5247,0.0010,-1.0000
16.6672,1.0000,61.5015,1.1957,0.3681,16.7155,16.5975,15.3003,0.0013,-1.0000
16.6644,1.0000,61.5182,1.2775,0.3656,16.6163,16.6425,15.3026,0.0016,-1.0000
16.6673,1.0000,61.5349,1.2163,0.3645,16.6691,16.7162,15.2699,0.0013,-1.0000
16.6684,1.0000,61.5516,1.2185,0.3932,16.7522,16.6167,15.2667,0.0012,-1.0000
16.6670,1.0000,61.5682,1.2959,0.3960,16.6064,16.6555,15.1136,0.0012,-1.0000
16.6682,1.0000,61.5849,1.3382,0.4459,16.6489,16.6684,15.2504,0.0014,-1.0000
16.6659,1.0000,61.6016,1.4452,0.3549,16.7216,16.6887,15.0911,0.0015,-1.0000
16.6671,1.0000,61.6183,1.3488,0.5856,16.6243,16.6704,15.1131,0.0012,-1.0000
16.6672,1.0000,61.6349,1.5407,0.4088,16.6638,16.6694,15.1206,0.0012,-1.0000
16.6658,1.0000,61.6516,1.4166,0.4218,16.6789,16.6502,15.1818,0.0011,-1.0000
16.6663,1.0000,61.6683,1.5959,0.4696,16.6977,16.6858,15.1794,0.0008,-1.0000
16.6679,1.0000,61.6848,1.5563,0.3786,16.6785,16.6137,15.2509,0.0011,-1.0000
16.6644,1.0000,61.7016,1.5474,0.4179,16.6786,16.6394,15.3252,0.0013,-1.0000
16.6672,1.0000,61.7183,1.4669,0.3821,16.6587,16.7553,15.2784,0.0013,-1.0000
16.6679,1.0000,61.7349,1.5054,0.3936,16.6952,16.5916,15.1511,0.0011,-1.0000
16.6666,1.0000,61.7516,1.3612,0.3919,16.6228,16.6627,15.1287,0.0013,-1.0000
16.6667,1.0000,61.7683,1.3125,0.3608,16.6467,16.6970,15.3190,0.0011,-1.0000
16.6658,1.0000,61.7848,1.4754,0.4030,16.7629,16.5849,15.1561,0.0012,-1.0000
16.6675,1.0000,61.8016,1.4393,0.3831,16.6016,16.7068,15.3439,0.0010,-1.0000
16.6660,1.0000,61.8182,1.5327,0.3934,16.6707,16.6424,15.3325,0.0011,-1.0000
16.6673,1.0000,61.8349,1.3768,0.3875,16.7051,16.6434,15.2582,0.0013,-1.0000
16.6662,1.0000,61.8516,1.4276,0.3739,16.5923,16.6710,15.3173,0.0012,-1.0000
16.6664,1.0000,61.8683,1.3615,0.3494,16.7136,16.6652,15.2666,0.0011,-1.0000
16.6671,1.0000,61.8848,1.3089,0.3944,16.6507,16.6475,15.1765,0.0010,-1.0000
16.6668,1.0000,61.9015,1.3839,0.3769,16.6507,16.6667,15.3961,0.0011,-1.0000
16.6667,1.0000,61.9183,1.3528,0.4218,16.6783,16.6934,15.2918,0.0012,-1.0000
16.6666,1.0000,61.9349,1.3975,0.3734,16.6733,16.6157,15.1719,0.0015,-1.0000
16.6683,1.0000,61.9516,1.4699,0.3711,16.6548,16.6563,15.2094,0.0009,-1.0000
16.6655,1.0000,61.9684,1.2695,0.3787,16.6733,16.7870,15.1754,0.0011,-1.0000
16.6672,1.0000,61.9848,1.4003,0.3796,16.7004,16.5231,15.0100,0.0021,-1.0000
16.6671,1.0000,62.0015,1.4425,0.3919,16.6246,16.6667,15.3627,0.0010,-1.0000
16.6673,1.0000,62.0183,1.4457,0.3780,16.6644,16.6758,15.2976,0.0011,-1.0000
16.6669,1.0000,62.0349,1.6106,0.4058,16.7956,16.6044,15.1225,0.0013,-1.0000
16.6666,1.0000,62.0515,1.5111,0.4753,16.5323,16.6584,15.1080,0.0011,-1.0000
16.6666,1.0000,62.0685,1.3031,0.4365,16.6762,16.6513,15.2653,0.0015,-1.0000
16.6663,1.0000,62.0847,1.3773,0.3938,16.6842,16.6601,15.0008,0.0012,-1.0000
16.6669,1.0000,62.1016,1.4807,0.3858,16.6141,16.6533,15.4666,0.0010,-1.0000
16.6665,1.0000,62.1182,1.5494,0.3774,16.6677,16.6597,15.0992,0.0015,-1.0000
16.6678,1.0000,62.1349,1.3847,0.3905,16.6608,16.7104,15.1901,0.0012,-1.0000
16.6654,1.0000,62.1516,1.6579,0.4546,16.6688,16.6705,15.2090,0.0012,-1.0000
16.6650,1.0000,62.1682,1.1855,0.3793,16.6615,16.6312,15.2831,0.0013,-1.0000
16.6664,1.0000,62.1848,1.5588,0.3881,16.6684,16.6499,15.4110,0.0009,-1.0000
16.6673,1.0000,62.2016,1.5188,0.3827,16.7194,16.6698,15.4101,0.0011,-1.0000
16.6669,1.0000,62.2182,1.4601,0.4001,16.6805,16.6943,15.3546,0.0012,-1.0000
16.6672,1.0000,62.2348,1.3468,0.3471,16.6388,16.6127,15.4622,0.0011,-1.0000
16.6674,1.0000,62.2515,1.2380,0.4397,16.6558,16.6729,15.3515,0.0010,-1.0000
16.6664,1.0000,62.2682,1.2586,0.3499,16.6762,16.7036,15.3360,0.0011,-1.0000
16.6659,1.0000,62.2848,1.3383,0.4228,16.6996,16.5746,15.2622,0.0010,-1.0000
16.6670,1.0000,62.3015,1.1493,0.3738,16.6191,16.6633,15.4163,0.0010,-1.0000
16.6673,1.0000,62.3182,1.3203,0.3554,16.6794,16.6544,15.3057,0.0014,-1.0000
16.6672,1.0000,62.3348,1.3665,0.3854,16.7104,16.6669,15.3364,0.0011,-1.0000
16.6673,1.0000,62.3516,1.3117,0.3986,16.5812,16.6604,15.4387,0.0012,-1.0000
16.6668,1.0000,62.3683,1.2462,0.3697,16.6708,16.6627,15.1853,0.0013,-1.0000
16.6668,1.0000,62.3848,1.3474,0.4529,16.6611,16.7030,15.1097,0.0014,-1.0000
16.6668,1.0000,62.4015,1.3294,0.3781,16.6728,16.6112,15.3076,0.0012,-1.0000
16.6643,1.0000,62.4181,1.2206,0.4587,16.6675,16.6496,15.3582,0.0011,-1.0000
16.6695,1.0000,62.4349,1.4760,0.3884,16.6707,16.6786,15.5241,0.0011,-1.0000
16.6678,1.0000,62.4516,1.5916,0.3990,16.7106,16.6621,15.0493,0.0016,-1.0000
16.6660,1.0000,62.4682,1.3024,0.4214,16.6184,16.6580,15.2203,0.0011,-1.0000
16.6665,1.0000,62.4847,1.2903,0.3533,16.6561,16.6510,15.1447,0.0013,-1.0000
16.6662,1.0000,62.5015,1.1535,0.4120,16.6861,16.6570,15.3195,0.0013,-1.0000
16.6675,1.0000,62.5183,1.6112,0.4015,16.6703,16.6645,15.3852,0.0012,-1.0000
16.6657,1.0000,62.5349,1.4364,0.4793,16.6681,16.6477,14.9889,0.0015,-1.0000
16.6664,1.0000,62.5514,1.5051,0.4079,16.6604,16.6459,15.2966,0.0012,-1.0000
16.6679,1.0000,62.5682,1.3367,0.3862,16.6651,16.6631,15.4289,0.0010,-1.0000
16.6654,1.0000,62.5848,1.2780,0.4959,16.6724,16.6602,15.3082,0.0009,-1.0000
16.6670,1.0000,62.6015,1.6572,0.4016,16.6667,16.6595,15.4916,0.0010,-1.0000
16.6658,1.0000,62.6182,1.3480,0.3631,16.6524,16.6574,15.3875,0.0014,-1.0000
16.6667,1.0000,62.6348,1.2329,0.3745,16.6700,16.6603,15.2926,0.0011,-1.0000
16.6672,1.0000,62.6515,1.3510,0.3930,16.6664,16.6604,15.4687,0.0011,-1.0000
16.6669,1.0000,62.6682,1.1672,0.3984,16.6659,16.7143,15.4175,0.0013,-1.0000
16.6660,1.0000,62.6847,1.2684,0.4202,16.6638,16.6020,15.3064,0.0012,-1.0000
16.6664,1.0000,62.7015,1.3665,0.4140,16.6674,16.6650,15.5349,0.0011,-1.0000
16.6676,1.0000,62.7182,1.1907,0.3898,16.6665,16.7021,15.3666,0.0012,-1.0000
16.6661,1.0000,62.7348,1.2958,0.4498,16.7205,16.6218,15.3984,0.0013,-1.0000
16.6664,1.0000,62.7514,1.2944,0.4086,16.6082,16.6570,15.4066,0.0013,-1.0000
16.6669,1.0000,62.7682,1.1288,0.4034,16.6710,16.7033,15.5430,0.0010,-1.0000
16.6669,1.0000,62.7848,1.3344,0.4061,16.7075,16.6174,15.2553,0.0012,-1.0000
16.6670,1.0000,62.8015,1.2221,0.3799,16.6277,16.6623,15.4639,0.0011,-1.0000
16.6668,1.0000,62.8181,1.2493,0.3517,16.6627,16.6593,15.4746,0.0011,-1.0000
16.6673,1.0000,62.8349,1.1594,0.4073,16.7096,16.7102,15.5070,0.0009,-1.0000
16.6658,1.0000,62.8515,1.3609,0.3754,16.6237,16.6469,15.4138,0.0011,-1.0000
16.6672,1.0000,62.8682,1.1980,0.3887,16.6680,16.6633,15.4299,0.0010,-1.0000
16.6669,1.0000,62.8848,1.1837,0.3936,16.6661,16.6689,15.3759,0.0011,-1.0000
16.6672,1.0000,62.9015,1.2021,0.3833,16.7166,16.6931,15.5581,0.0012,-1.0000
16.6655,1.0000,62.9182,1.2322,0.3767,16.6532,16.6196,15.4103,0.0012,-1.0000
16.6671,1.0000,62.9348,1.2325,0.3677,16.6702,16.6540,15.4889,0.0010,-1.0000
16.6672,1.0000,62.9517,1.2920,0.4418,16.6744,16.7430,15.4325,0.0011,-1.0000
16.6663,1.0000,62.9681,1.1341,0.3811,16.6987,16.5680,15.2530,0.0012,-1.0000
16.6677,1.0000,62.9847,1.2083,0.3709,16.6250,16.6926,15.5783,0.0009,-1.0000
16.6665,1.0000,63.0015,1.1641,0.3763,16.6591,16.6828,15.5789,0.0011,-1.0000
16.6669,1.0000,63.0181,1.3094,0.3882,16.7493,16.5903,15.4400,0.0012,-1.0000
16.6664,1.0000,63.0349,1.3141,0.3813,16.5743,16.7098,15.3849,0.0011,-1.0000
16.6662,1.0000,63.0515,1.1134,0.3721,16.6985,16.6470,15.3524,0.0010,-1.0000
16.6670,1.0000,63.0681,1.1027,0.3703,16.6886,16.6480,15.5171,0.0010,-1.0000
16.6675,1.0000,63.0848,1.1491,0.4425,16.5958,16.6980,15.6110,0.0010,-1.0000
16.6664,1.0000,63.1016,1.3240,0.3891,16.7156,16.6448,15.5326,0.0012,-1.0000
16.6671,1.0000,63.1182,1.2937,0.4175,16.6531,16.6570,15.3172,0.0013,-1.0000
16.6662,1.0000,63.1348,1.1299,0.3785,16.6534,16.6678,15.2992,0.0015,-1.0000
16.6671,1.0000,63.1515,1.0863,0.3886,16.7038,16.6887,15.5139,0.0013,-1.0000
16.6664,1.0000,63.1682,1.1109,0.7283,16.6510,16.6236,15.4421,0.0011,-1.0000
16.6671,1.0000,63.1848,1.3385,0.3870,16.6631,16.6509,15.5205,0.0010,-1.0000
16.6669,1.0000,63.2017,1.3671,0.3960,16.6736,16.7694,15.4874,0.0011,-1.0000
16.6675,1.0000,63.2182,1.1737,0.3479,16.6949,16.5553,15.2296,0.0011,-1.0000
16.6671,1.0000,63.2348,1.1804,0.3767,16.6292,16.6702,15.4838,0.0009,-1.0000
16.6663,1.0000,63.2515,1.1294,0.3988,16.6566,16.6497,15.3920,0.0010,-1.0000
16.6673,1.0000,63.2681,1.2810,0.3837,16.7750,16.6295,15.4747,0.0011,-1.0000
16.6655,1.0000,63.2847,1.3245,0.4537,16.5614,16.6579,15.4070,0.0009,-1.0000
16.6668,1.0000,63.3014,1.1853,0.4547,16.6767,16.6599,15.5250,0.0012,-1.0000
16.6671,1.0000,63.3181,1.2566,0.3730,16.6560,16.6660,15.5423,0.0011,-1.0000
16.6677,1.0000,63.3348,1.1539,0.3557,16.6357,16.6629,15.4260,0.0010,-1.0000
16.6660,1.0000,63.3515,1.2501,0.3758,16.6638,16.6563,15.4719,0.0011,-1.0000
16.6676,1.0000,63.3683,1.1335,0.4640,16.6657,16.7142,15.2650,0.0011,-1.0000
16.6668,1.0000,63.3848,1.1227,0.3761,16.6713,16.6911,15.2463,0.0012,-1.0000
16.6661,1.0000,63.4015,1.2358,0.3774,16.6688,16.6245,15.5048,0.0011,-1.0000
16.6676,1.0000,63.4182,1.1835,0.4391,16.6622,16.6677,15.4743,0.0012,-1.0000
16.6660,1.0000,63.4348,1.4480,0.3549,16.7200,16.6579,15.4211,0.0011,-1.0000
16.6673,1.0000,63.4516,1.4434,0.4157,16.6971,16.6917,15.3930,0.0011,-1.0000
16.6661,1.0000,63.4682,1.1186,0.3725,16.6307,16.6201,15.2101,0.0013,-1.0000
16.6672,1.0000,63.4848,1.1920,0.4023,16.6731,16.6513,15.4568,0.0011,-1.0000
16.6673,1.0000,63.5017,1.2359,0.3922,16.6646,16.7269,15.4539,0.0012,-1.0000
16.6666,1.0000,63.5182,1.2977,0.3865,16.6978,16.5657,15.1454,0.0009,-1.0000
16.6663,1.0000,63.5348,1.4088,0.3987,16.6257,16.6575,15.3194,0.0011,-1.0000
16.6664,1.0000,63.5515,1.1938,0.4468,16.6570,16.6628,15.4144,0.0012,-1.0000
16.6683,1.0000,63.5682,1.2719,0.5361,16.7334,16.6666,15.5140,0.0013,-1.0000
16.6658,1.0000,63.5847,1.4193,0.3997,16.5724,16.6594,15.3816,0.0013,-1.0000
16.6669,1.0000,63.6015,1.3371,0.3529,16.6635,16.6541,15.5888,0.0010,-1.0000
16.6661,1.0000,63.6183,1.2473,0.3818,16.6692,16.7074,15.2983,0.0010,-1.0000
16.6673,1.0000,63.6348,1.1513,0.4131,16.6732,16.6109,15.2762,0.0013,-1.0000
16.6663,1.0000,63.6514,1.2763,0.3779,16.6661,16.6622,15.5519,0.0011,-1.0000
16.6680,1.0000,63.6682,1.0642,0.4087,16.6603,16.7092,15.5169,0.0011,-1.0000
16.6939,1.0000,63.6847,1.4082,0.3627,16.7135,16.6440,15.3888,0.0011,-1.0000
16.6669,1.0000,63.7016,1.3334,0.3617,16.6162,16.6614,15.5541,0.0010,-1.0000
16.6665,1.0000,63.7181,1.1092,0.3731,16.6680,16.6601,15.3463,0.0013,-1.0000
16.6692,1.0000,63.7349,1.1912,0.3999,16.7155,16.6705,15.4867,0.0013,-1.0000
16.6640,1.0000,63.7515,1.2541,0.3826,16.6511,16.6459,15.3752,0.0015,-1.0000
16.6676,1.0000,63.7682,1.1063,0.3674,16.6670,16.6626,15.5427,0.0011,-1.0000
16.6672,1.0000,63.7848,1.3126,0.4168,16.6662,16.6606,15.4295,0.0011,-1.0000
16.6662,1.0000,63.8015,1.1828,0.4022,16.6776,16.6588,15.5125,0.0010,-1.0000
16.6671,1.0000,63.8181,1.2692,0.4226,16.6520,16.6645,15.5589,0.0011,-1.0000
16.6671,1.0000,63.8348,1.1188,0.5029,16.6679,16.6691,15.5275,0.0010,-1.0000
16.6664,1.0000,63.8515,1.2301,0.3748,16.6661,16.6505,15.4758,0.0009,-1.0000
16.6655,1.0000,63.8682,1.1454,0.4054,16.6644,16.6609,15.4546,0.0010,-1.0000
16.6683,1.0000,63.8847,1.1042,0.3893,16.6701,16.6654,15.4211,0.0011,-1.0000
16.6664,1.0000,63.9016,1.1404,0.3532,16.6751,16.7050,15.5456,0.0012,-1.0000
16.6665,1.0000,63.9182,1.1735,0.3915,16.6564,16.6140,15.3464,0.0011,-1.0000
16.6667,1.0000,63.9348,1.2056,0.3488,16.6662,16.6646,15.4631,0.0011,-1.0000
16.6668,1.0000,63.9516,1.2429,0.3857,16.6714,16.7054,15.4224,0.0012,-1.0000
16.6660,1.0000,63.9681,1.1581,0.3854,16.7118,16.6126,15.3373,0.0012,-1.0000
16.6671,1.0000,63.9847,1.2664,0.3779,16.6191,16.6622,15.5640,0.0011,-1.0000
16.6670,1.0000,64.0015,1.2005,0.4967,16.6697,16.7122,15.5700,0.0008,-1.0000
16.6664,1.0000,64.0182,1.2819,0.3801,16.7117,16.6103,15.2752,0.0012,-1.0000
16.6668,1.0000,64.0349,1.2740,0.3571,16.6178,16.6658,15.3091,0.0014,-1.0000
16.6675,1.0000,64.0515,1.0971,0.3772,16.6673,16.6601,15.4603,0.0012,-1.0000
16.6668,1.0000,64.0682,1.1417,0.3977,16.7173,16.7016,15.4969,0.0010,-1.0000
16.6663,1.0000,64.0848,1.3340,0.3759,16.6155,16.6603,15.4813,0.0011,-1.0000
16.6670,1.0000,64.1016,1.3554,0.3583,16.6714,16.6590,15.4829,0.0011,-1.0000
16.6667,1.0000,64.1183,1.1984,0.3535,16.6657,16.6748,15.3317,0.0012,-1.0000
16.6665,1.0000,64.1349,1.2038,0.4122,16.7078,16.6876,15.3108,0.0012,-1.0000
16.6669,1.0000,64.1515,1.1778,0.3789,16.6657,16.6141,15.3784,0.0011,-1.0000
16.6668,1.0000,64.1682,1.1754,0.3920,16.6657,16.6543,15.4430,0.0012,-1.0000
16.6665,1.0000,64.1849,1.3421,0.3780,16.6812,16.7529,15.4732,0.0012,-1.0000
16.6673,1.0000,64.2016,1.3756,0.3430,16.6934,16.5877,15.4128,0.0012,-1.0000
16.6667,1.0000,64.2182,1.2344,0.3747,16.6200,16.6684,15.2891,0.0012,-1.0000
16.6677,1.0000,64.2349,1.2102,0.3714,16.6607,16.6950,15.4513,0.0011,-1.0000
16.6660,1.0000,64.2515,1.2785,0.3702,16.7591,16.5756,15.3393,0.0010,-1.0000
16.6667,1.0000,64.2683,1.1740,0.3892,16.5932,16.7158,15.4512,0.0012,-1.0000
16.6660,1.0000,64.2849,1.3781,0.3656,16.6741,16.6506,15.2617,0.0011,-1.0000
16.6671,1.0000,64.3015,1.2425,0.4016,16.7014,16.6389,15.4048,0.0010,-1.0000
16.6665,1.0000,64.3182,1.2353,0.4150,16.5821,16.6797,15.4965,0.0013,-1.0000
16.6668,1.0000,64.3348,1.2636,0.5963,16.7226,16.6512,15.4103,0.0010,-1.0000
16.6667,1.0000,64.3515,1.3879,0.4581,16.6575,16.6595,15.4869,0.0010,-1.0000
16.6676,1.0000,64.3683,1.2331,0.3662,16.6447,16.6829,15.3925,0.0011,-1.0000
16.6659,1.0000,64.3848,1.1818,0.3813,16.6860,16.6768,15.2781,0.0011,-1.0000
16.6666,1.0000,64.4015,1.2399,0.3461,16.6569,16.6051,15.4940,0.0011,-1.0000
16.6668,1.0000,64.4182,1.1714,0.3916,16.6655,16.6744,15.5152,0.0013,-1.0000
16.6668,1.0000,64.4350,1.2895,0.4019,16.6893,16.7582,15.4805,0.0014,-1.0000
16.6678,1.0000,64.4516,1.3976,0.3470,16.6833,16.5616,15.2141,0.0010,-1.0000
16.6658,1.0000,64.4682,1.1102,0.3356,16.6107,16.6591,15.2609,0.0011,-1.0000
16.6682,1.0000,64.4848,1.1578,0.3611,16.6805,16.6597,15.5015,0.0013,-1.0000
16.6667,1.0000,64.5015,1.2762,0.4370,16.7646,16.6332,15.4932,0.0014,-1.0000
16.6673,1.0000,64.5183,1.3461,0.3868,16.5683,16.6651,15.5128,0.0015,-1.0000
16.6671,1.0000,64.5349,1.3974,0.3807,16.6647,16.6608,15.2066,0.0013,-1.0000
16.6653,1.0000,64.5515,1.1566,0.3916,16.6654,16.6565,15.2764,0.0010,-1.0000
16.6667,1.0000,64.5682,1.1383,0.3506,16.6387,16.6555,15.5540,0.0011,-1.0000
16.6671,1.0000,64.5847,1.1504,0.4481,16.6717,16.6587,15.5182,0.0009,-1.0000
16.6671,1.0000,64.6016,1.4525,0.4258,16.6680,16.6917,15.6517,0.0009,-1.0000
16.6667,1.0000,64.6184,1.3791,0.3864,16.6635,16.7161,15.2291,0.0011,-1.0000
16.6674,1.0000,64.6349,1.1003,0.3788,16.6619,16.6488,15.1967,0.0011,-1.0000
16.6660,1.0000,64.6515,1.1393,0.3529,16.6642,16.6301,15.3490,0.0013,-1.0000
16.6669,1.0000,64.6682,1.0390,0.4097,16.6976,16.6776,15.4342,0.0012,-1.0000
16.6674,1.0000,64.6850,1.4857,0.4028,16.7223,16.6849,15.4255,0.0012,-1.0000
16.6656,1.0000,64.7016,1.4509,0.3795,16.6559,16.6085,15.2711,0.0014,-1.0000
16.6666,1.0000,64.7182,1.2798,0.3532,16.6366,16.6556,15.3686,0.0010,-1.0000
16.6668,1.0000,64.7349,1.2423,0.3953,16.6847,16.7120,15.5433,0.0013,-1.0000
16.6681,1.0000,64.7515,1.2581,0.4023,16.6919,16.5900,15.4036,0.0011,-1.0000
16.6656,1.0000,64.7682,1.3360,0.3859,16.6144,16.6518,15.4735,0.0012,-1.0000
16.6660,1.0000,64.7848,1.2862,0.4197,16.6603,16.6602,15.4296,0.0012,-1.0000
16.6675,1.0000,64.8015,1.1675,0.3833,16.7175,16.6673,15.4806,0.0011,-1.0000
16.6674,1.0000,64.8182,1.1851,0.3909,16.5971,16.6685,15.4914,0.0011,-1.0000
16.6663,1.0000,64.8348,1.1774,0.4092,16.6576,16.6490,15.5105,0.0010,-1.0000
16.6676,1.0000,64.8516,1.2296,0.3785,16.6659,16.7130,15.5783,0.0010,-1.0000
16.6654,1.0000,64.8682,1.1857,0.4087,16.6730,16.6020,15.1753,0.0014,-1.0000
16.6674,1.0000,64.8847,1.1761,0.3908,16.6755,16.6659,15.4877,0.0009,-1.0000
16.6675,1.0000,64.9015,1.1373,0.3686,16.6545,16.6640,15.5640,0.0012,-1.0000
16.6652,1.0000,64.9182,1.1338,0.4080,16.7194,16.6638,15.4362,0.0012,-1.0000
16.6667,1.0000,64.9349,1.4257,0.3864,16.6077,16.6529,15.4722,0.0012,-1.0000
16.6670,1.0000,64.9516,1.1773,0.3800,16.6715,16.6664,15.3652,0.0011,-1.0000
16.6676,1.0000,64.9682,1.0987,0.3734,16.6700,16.6588,15.3635,0.0010,-1.0000
16.6668,1.0000,64.9848,1.2267,0.3817,16.6702,16.6642,15.4575,0.0010,-1.0000
16.6672,1.0000,65.0015,1.1796,0.3840,16.6588,16.6626,15.5231,0.0011,-1.0000
16.6664,1.0000,65.0182,1.3001,0.3746,16.6719,16.6554,15.3325,0.0012,-1.0000
16.6667,1.0000,65.0349,1.2944,0.3647,16.6649,16.6645,15.3307,0.0012,-1.0000
16.6655,1.0000,65.0514,1.2056,0.3642,16.6704,16.6543,15.2887,0.0010,-1.0000
16.6676,1.0000,65.0682,1.1386,0.3993,16.6687,16.6649,15.5194,0.0009,-1.0000
16.6669,1.0000,65.0847,1.3217,0.4071,16.6626,16.6560,15.4770,0.0010,-1.0000
16.6668,1.0000,65.1015,1.3325,0.4013,16.6707,16.6628,15.6534,0.0008,-1.0000
16.6667,1.0000,65.1182,1.3646,0.3979,16.6607,16.6582,15.3485,0.0011,-1.0000
16.6671,1.0000,65.1349,1.1447,0.3906,16.6716,16.7081,15.3749,0.0011,-1.0000
16.6666,1.0000,65.1515,1.1780,0.3773,16.6628,16.6127,15.3904,0.0012,-1.0000
16.6666,1.0000,65.1682,1.0086,0.3725,16.6692,16.6659,15.4326,0.0011,-1.0000
16.6659,1.0000,65.1848,1.3086,0.3542,16.6643,16.6987,15.4036,0.0009,-1.0000
16.6664,1.0000,65.2015,1.3326,0.3922,16.7141,16.6176,15.4389,0.0011,-1.0000
16.6671,1.0000,65.2181,1.2212,0.4095,16.6188,16.6583,15.3173,0.0011,-1.0000
16.6678,1.0000,65.2349,1.2321,0.4208,16.6720,16.7150,15.5461,0.0010,-1.0000
16.6668,1.0000,65.2515,1.2944,0.3776,16.7049,16.6102,15.3580,0.0013,-1.0000
16.6665,1.0000,65.2682,1.1777,0.3772,16.6235,16.6611,15.5057,0.0009,-1.0000
16.6661,1.0000,65.2848,1.3399,0.3416,16.6636,16.6579,15.4041,0.0010,-1.0000
16.6663,1.0000,65.3015,1.1682,0.4555,16.7213,16.7018,15.4538,0.0013,-1.0000
16.6688,1.0000,65.3182,1.2509,0.3839,16.6164,16.6815,15.4649,0.0011,-1.0000
16.6649,1.0000,65.3348,1.1545,0.4074,16.6669,16.6287,15.3745,0.0010,-1.0000
16.6666,1.0000,65.3515,1.2529,0.3547,16.6638,16.6335,15.4936,0.0011,-1.0000
16.6681,1.0000,65.3683,1.2471,0.3740,16.7070,16.6935,15.4352,0.0012,-1.0000
16.6660,1.0000,65.3848,1.2155,0.3708,16.6892,16.6170,15.2447,0.0011,-1.0000
16.6669,1.0000,65.4015,1.2536,0.3575,16.6789,16.6544,15.5908,0.0010,-1.0000
16.6668,1.0000,65.4183,1.1387,0.4188,16.6391,16.7529,15.4738,0.0010,-1.0000
16.6680,1.0000,65.4349,1.2573,0.4026,16.6999,16.5986,15.4354,0.0013,-1.0000
16.6652,1.0000,65.4516,1.3713,0.3866,16.6227,16.6492,15.2413,0.0011,-1.0000
16.6673,1.0000,65.4682,1.0626,0.3828,16.6602,16.6919,15.3140,0.0011,-1.0000
16.6680,1.0000,65.4848,1.2781,0.3851,16.7585,16.5920,15.4022,0.0011,-1.0000
16.6655,1.0000,65.5015,1.1621,0.4298,16.6053,16.7068,15.4982,0.0010,-1.0000
16.6656,1.0000,65.5182,1.4069,0.3570,16.6557,16.6444,15.4427,0.0013,-1.0000
16.6674,1.0000,65.5349,1.3769,0.4295,16.6979,16.6490,15.4449,0.0012,-1.0000
16.6667,1.0000,65.5515,1.1886,0.4315,16.5982,16.6754,15.4315,0.0013,-1.0000
16.6677,1.0000,65.5682,1.2076,0.3890,16.7130,16.6665,15.4680,0.0013,-1.0000
16.6666,1.0000,65.5848,1.2005,0.4513,16.6502,16.6516,15.3499,0.0012,-1.0000
16.6669,1.0000,65.6016,1.2031,0.4149,16.6545,16.6824,15.5011,0.0010,-1.0000
16.6673,1.0000,65.6184,1.2427,0.4043,16.6806,16.6813,15.2907,0.0010,-1.0000
16.6666,1.0000,65.6349,1.1971,0.4029,16.6726,16.6106,15.0679,0.0012,-1.0000
16.6668,1.0000,65.6515,1.3006,0.3613,16.6577,16.6586,15.3989,0.0013,-1.0000
16.6672,1.0000,65.6684,1.1802,0.3982,16.6887,16.7968,15.4670,0.0010,-1.0000
16.6665,1.0000,65.6848,1.3897,0.4498,16.6889,16.5227,15.2090,0.0012,-1.0000
16.6653,1.0000,65.7016,1.5416,0.3900,16.6171,16.6657,15.4415,0.0010,-1.0000
16.6670,1.0000,65.7182,1.2584,0.3751,16.6649,16.6495,15.3268,0.0009,-1.0000
16.6673,1.0000,65.7348,1.3285,0.4540,16.8028,16.6414,15.5048,0.0011,-1.0000
16.6666,1.0000,65.7515,1.3124,0.4181,16.5294,16.6600,15.5256,0.0010,-1.0000
16.6671,1.0000,65.7682,1.2232,0.4129,16.6715,16.6594,15.5416,0.0010,-1.0000
16.6680,1.0000,65.7849,1.3218,0.3742,16.6545,16.6707,15.4423,0.0011,-1.0000
16.6653,1.0000,65.8015,1.1358,0.3633,16.6466,16.6526,15.2804,0.0011,-1.0000
16.6659,1.0000,65.8182,1.1334,0.3747,16.6654,16.6565,15.3855,0.0012,-1.0000
16.6681,1.0000,65.8348,1.1169,0.3917,16.6647,16.6881,15.4898,0.0010,-1.0000
16.6673,1.0000,65.8516,1.2272,0.4407,16.6784,16.7059,15.4493,0.0010,-1.0000
16.6662,1.0000,65.8683,1.3714,0.3575,16.6589,16.6650,15.3431,0.0010,-1.0000
16.6654,1.0000,65.8848,1.2699,0.3703,16.6620,16.6193,15.3255,0.0009,-1.0000
16.6683,1.0000,65.9016,1.1974,0.3605,16.6936,16.7059,15.6378,0.0011,-1.0000
16.6652,1.0000,65.9182,1.2557,0.4068,16.7126,16.6653,15.3813,0.0012,-1.0000
16.6675,1.0000,65.9349,1.3207,0.3742,16.6715,16.6082,15.4376,0.0010,-1.0000
16.6677,1.0000,65.9516,1.2930,0.3880,16.6253,16.6569,15.3459,0.0012,-1.0000
16.6661,1.0000,65.9683,1.0670,0.3925,16.7114,16.7109,15.2921,0.0011,-1.0000
16.6667,1.0000,65.9847,1.2827,0.3776,16.6712,16.5850,15.4036,0.0011,-1.0000
16.6668,1.0000,66.0015,1.1694,0.4618,16.6135,16.6620,15.5937,0.0010,-1.0000
16.6663,1.0000,66.0181,1.3098,0.3755,16.6632,16.6574,15.5335,0.0010,-1.0000
16.6680,1.0000,66.0349,1.4179,0.3796,16.7169,16.6697,15.4066,0.0009,-1.0000
16.6664,1.0000,66.0515,1.1803,0.3867,16.5910,16.6596,15.2958,0.0013,-1.0000
16.6666,1.0000,66.0682,1.0676,0.4271,16.6672,16.6596,15.5629,0.0010,-1.0000
16.6670,1.0000,66.0848,1.1231,0.4517,16.6627,16.7013,15.5283,0.0010,-1.0000
16.6663,1.0000,66.1016,1.2620,0.4323,16.6758,16.6171,15.5683,0.0011,-1.0000
16.6682,1.0000,66.1182,1.3625,0.3923,16.6654,16.6639,15.3128,0.0012,-1.0000
16.6670,1.0000,66.1349,1.0957,0.3928,16.6657,16.6671,15.3419,0.0011,-1.0000
16.6668,1.0000,66.1515,1.1721,0.4583,16.7068,16.6547,15.3806,0.0010,-1.0000
16.6668,1.0000,66.1682,1.0476,0.4179,16.6226,16.6614,15.3760,0.0011,-1.0000
16.6649,1.0000,66.1848,1.3499,0.4499,16.6711,16.6520,15.4493,0.0010,-1.0000
16.6668,1.0000,66.2016,1.3241,0.4562,16.6749,16.6627,15.4447,0.0008,-1.0000
16.6689,1.0000,66.2182,1.2731,0.4273,16.6629,16.6699,15.4218,0.0010,-1.0000
16.6670,1.0000,66.2349,1.2841,0.3918,16.6683,16.6645,15.1711,0.0012,-1.0000
16.6665,1.0000,66.2516,1.2020,0.4102,16.6580,16.6527,15.2593,0.0014,-1.0000
16.6663,1.0000,66.2683,1.2172,0.3773,16.6683,16.6574,15.3189,0.0013,-1.0000
16.6676,1.0000,66.2849,1.2472,0.4417,16.6773,16.6611,15.1080,0.0016,-1.0000
16.6650,1.0000,66.3015,1.4921,0.4593,16.6729,16.6536,15.2641,0.0010,-1.0000
16.6674,1.0000,66.3182,1.3920,0.4749,16.6616,16.6608,15.3647,0.0011,-1.0000
16.6652,1.0000,66.3348,1.3374,0.4631,16.6658,16.6525,15.3639,0.0009,-1.0000
16.6662,1.0000,66.3515,1.5518,0.5580,16.6696,16.6495,15.5754,0.0010,-1.0000
16.6680,1.0000,66.3683,1.3885,0.5050,16.6634,16.7116,15.5618,0.0008,-1.0000
16.6668,1.0000,66.3847,1.2950,0.4245,16.6689,16.6166,15.2523,0.0010,-1.0000
16.6661,1.0000,66.4015,1.2877,0.3623,16.6595,16.6568,15.6054,0.0008,-1.0000
16.6675,1.0000,66.4182,1.0733,0.3770,16.6556,16.7136,15.5368,0.0010,-1.0000
16.6660,1.0000,66.4348,1.1489,0.3837,16.7174,16.6084,15.4253,0.0010,-1.0000
16.6670,1.0000,66.4516,1.3634,0.3621,16.6227,16.6657,15.5030,0.0009,-1.0000
16.6668,1.0000,66.4682,1.0507,0.3653,16.6625,16.6976,15.3015,0.0015,-1.0000
16.6671,1.0000,66.4848,1.1760,0.3818,16.7196,16.6242,15.4787,0.0009,-1.0000
16.6667,1.0000,66.5015,1.1821,0.3714,16.6150,16.6582,15.5886,0.0009,-1.0000
16.6667,1.0000,66.5182,1.1619,0.3515,16.6718,16.6658,15.5251,0.0009,-1.0000
16.6677,1.0000,66.5350,1.3948,0.3949,16.7031,16.7181,15.4114,0.0011,-1.0000
16.6656,1.0000,66.5516,1.1447,0.4291,16.6300,16.6786,15.2029,0.0015,-1.0000
16.6699,1.0000,66.5683,1.0686,0.3904,16.6642,16.6976,15.4834,0.0009,-1.0000
16.6632,1.0000,66.5848,1.1399,0.3856,16.6722,16.5813,15.3400,0.0011,-1.0000
16.6685,1.0000,66.6017,1.3055,0.3898,16.7252,16.7063,15.5922,0.0009,-1.0000
16.6655,1.0000,66.6183,1.4743,0.3540,16.6859,16.6028,15.2707,0.0012,-1.0000
16.6670,1.0000,66.6348,1.2134,0.4327,16.7069,16.6573,15.3761,0.0011,-1.0000
16.6664,1.0000,66.6516,1.2405,0.3631,16.5896,16.7476,15.5504,0.0008,-1.0000
16.6668,1.0000,66.6682,1.1131,0.3906,16.7140,16.5829,15.4271,0.0010,-1.0000
16.6667,1.0000,66.6848,1.3309,0.3812,16.6095,16.6677,15.4921,0.0010,-1.0000
16.6673,1.0000,66.7018,1.2802,0.3797,16.6629,16.7121,15.5119,0.0009,-1.0000
16.6652,1.0000,66.7182,1.1965,0.3839,16.7532,16.5546,15.0090,0.0016,-1.0000
16.6682,1.0000,66.7349,1.1549,0.4039,16.5890,16.7265,15.4575,0.0014,-1.0000
16.6661,1.0000,66.7515,1.1746,0.3615,16.6740,16.6464,15.3687,0.0009,-1.0000
16.6659,1.0000,66.7682,1.1993,0.4691,16.7186,16.6673,15.5125,0.0009,-1.0000
16.6673,1.0000,66.7849,1.5444,0.3480,16.5621,16.6463,15.4277,0.0009,-1.0000
16.6679,1.0000,66.8015,1.2674,0.4040,16.7336,16.6713,15.4934,0.0011,-1.0000
16.6676,1.0000,66.8183,1.2766,0.3723,16.6526,16.6709,15.4607,0.0009,-1.0000
16.6661,1.0000,66.8349,1.1545,0.3538,16.6733,16.6822,15.3849,0.0009,-1.0000
16.6669,1.0000,66.8516,1.2177,0.3529,16.6517,16.6097,15.4086,0.0015,-1.0000
16.6656,1.0000,66.8683,1.1771,0.3902,16.6782,16.6519,15.3922,0.0010,-1.0000
16.6680,1.0000,66.8849,1.2095,0.3887,16.6790,16.7435,15.4341,0.0012,-1.0000
16.6667,1.0000,66.9015,1.2965,0.3811,16.6898,16.5741,15.4159,0.0010,-1.0000
16.6652,1.0000,66.9182,1.1998,0.3816,16.6166,16.6680,15.4295,0.0010,-1.0000
16.6667,1.0000,66.9348,1.2589,0.3970,16.6583,16.6495,15.5599,0.0009,-1.0000
16.6672,1.0000,66.9516,1.3081,0.3872,16.7496,16.6424,15.5179,0.0010,-1.0000
16.6667,1.0000,66.9682,1.1571,0.3757,16.5806,16.6557,15.4095,0.0010,-1.0000
16.6669,1.0000,66.9847,1.2374,0.3521,16.6737,16.6633,15.5439,0.0010,-1.0000
16.6661,1.0000,67.0015,1.0889,0.3681,16.6549,16.6570,15.6408,0.0009,-1.0000
16.6700,1.0000,67.0183,1.1235,0.3730,16.6487,16.6737,15.5902,0.0010,-1.0000
16.6641,1.0000,67.0350,1.2454,0.3817,16.6619,16.6537,15.1949,0.0010,-1.0000
16.6673,1.0000,67.0515,1.1183,0.3644,16.6693,16.6826,15.2674,0.0010,-1.0000
16.6670,1.0000,67.0682,1.0154,0.4065,16.6628,16.6810,15.4431,0.0010,-1.0000
16.6660,1.0000,67.0848,1.0824,0.3998,16.6806,16.6567,15.5034,0.0010,-1.0000
16.6664,1.0000,67.1015,1.4579,0.4237,16.6614,16.6560,15.6102,0.0009,-1.0000
16.6683,1.0000,67.1183,1.4142,0.4012,16.6889,16.6764,15.4549,0.0009,-1.0000
16.6665,1.0000,67.1350,1.2367,0.3769,16.6874,16.6903,15.3750,0.0008,-1.0000
16.6653,1.0000,67.1515,1.1521,0.3662,16.6622,16.6251,15.3356,0.0010,-1.0000
16.6667,1.0000,67.1682,1.0449,0.4018,16.6619,16.6613,15.4530,0.0009,-1.0000
16.6674,1.0000,67.1848,1.2206,0.3604,16.6828,16.6846,15.5069,0.0011,-1.0000
16.6695,1.0000,67.2016,1.3144,0.3889,16.6984,16.6024,15.4612,0.0009,-1.0000
16.6641,1.0000,67.2181,1.2890,0.3653,16.6311,16.6409,15.3252,0.0010,-1.0000
16.6670,1.0000,67.2348,1.2077,0.3758,16.6665,16.6670,15.5905,0.0010,-1.0000
16.6669,1.0000,67.2515,1.1768,0.3762,16.6905,16.6633,15.4874,0.0010,-1.0000
16.6673,1.0000,67.2682,1.1401,0.3745,16.6098,16.6615,15.5148,0.0009,-1.0000
16.6659,1.0000,67.2849,1.3149,0.3498,16.6479,16.6563,15.3311,0.0009,-1.0000
16.6660,1.0000,67.3015,1.0756,0.3759,16.6724,16.7001,15.4110,0.0009,-1.0000
16.6672,1.0000,67.3181,1.1751,0.3739,16.6694,16.6145,15.5003,0.0010,-1.0000
16.6674,1.0000,67.3348,1.1456,0.3948,16.6674,16.6622,15.5835,0.0009,-1.0000
16.6660,1.0000,67.3515,1.3244,0.3653,16.6638,16.6631,15.5531,0.0011,-1.0000
16.6683,1.0000,67.3683,1.2882,0.3891,16.7062,16.6658,15.5118,0.0010,-1.0000
16.6653,1.0000,67.3848,1.1134,0.4144,16.6207,16.6549,15.3596,0.0011,-1.0000
16.6689,1.0000,67.4015,1.0777,0.3738,16.6684,16.6661,15.6098,0.0009,-1.0000
16.6649,1.0000,67.4181,1.1090,0.3738,16.6693,16.6582,15.3962,0.0012,-1.0000
16.6667,1.0000,67.4348,1.1531,0.3675,16.6718,16.6574,15.5958,0.0009,-1.0000
16.6666,1.0000,67.4515,1.2943,0.3719,16.6614,16.6618,15.4747,0.0012,-1.0000
16.6674,1.0000,67.4682,1.0552,0.3926,16.6720,16.6630,15.5029,0.0009,-1.0000
16.6680,1.0000,67.4848,1.2608,0.3513,16.6638,16.6671,15.5475,0.0009,-1.0000
16.6649,1.0000,67.5015,1.0607,0.3769,16.6623,16.6504,15.5763,0.0012,-1.0000
16.6678,1.0000,67.5182,1.1860,0.3438,16.6678,16.6629,15.4588,0.0008,-1.0000
16.6671,1.0000,67.5349,1.1592,0.3593,16.6683,16.6678,15.3174,0.0010,-1.0000
16.6678,1.0000,67.5515,1.1186,0.3694,16.6736,16.6612,15.3720,0.0011,-1.0000
16.6653,1.0000,67.5682,1.0729,0.3580,16.6569,16.6527,15.4197,0.0011,-1.0000
16.6673,1.0000,67.5848,1.2033,0.3677,16.6686,16.7065,15.4540,0.0012,-1.0000
16.6672,1.0000,67.6015,1.3492,0.4050,16.6746,16.6183,15.5646,0.0009,-1.0000
16.6655,1.0000,67.6182,1.2882,0.4484,16.6677,16.6552,15.4191,0.0009,-1.0000
16.6677,1.0000,67.6349,1.2320,0.4137,16.6591,16.7138,15.4877,0.0010,-1.0000
16.6663,1.0000,67.6515,1.2513,0.3530,16.7127,16.6093,15.2430,0.0011,-1.0000
16.6683,1.0000,67.6682,1.0524,0.3738,16.6249,16.6666,15.5916,0.0011,-1.0000
16.6660,1.0000,67.6849,1.2350,0.3797,16.6608,16.7047,15.4895,0.0010,-1.0000
16.6651,1.0000,67.7016,1.2251,0.3861,16.7201,16.6039,15.4380,0.0011,-1.0000
16.6678,1.0000,67.7182,1.3653,0.3682,16.6154,16.6692,15.4693,0.0008,-1.0000
16.6700,1.0000,67.7349,1.0738,0.3776,16.6740,16.6776,15.5480,0.0009,-1.0000
16.6658,1.0000,67.7517,1.2142,0.4130,16.7120,16.7122,15.3434,0.0010,-1.0000
16.6655,1.0000,67.7684,1.1648,0.3682,16.6092,16.6529,15.1732,0.0016,-1.0000
16.6671,1.0000,67.7849,1.1990,0.3574,16.6755,16.6477,15.1183,0.0012,-1.0000
