frame_ms,focused,elapsed,CPU Main Thread Frame Time,CPU Render Thread Frame Time,CPU Total Frame Time,PlayerLoop,WaitForTargetFPS,Gfx.WaitForPresentOnGfxThread,Gfx.WaitForGfxCommandsFromMainThread
16.6678,1.0000,134.0905,0.9222,0.2569,16.6653,16.6682,15.7716,0.0008,-1.0000
16.6660,1.0000,134.1072,0.9469,0.3074,16.6746,16.6561,15.7373,0.0013,-1.0000
16.6665,1.0000,134.1239,1.1373,0.2549,16.6613,16.6648,15.7401,0.0008,-1.0000
16.6665,1.0000,134.1406,0.9898,0.2360,16.6613,16.6595,15.5709,0.0009,-1.0000
16.6674,1.0000,134.1572,0.8958,0.2495,16.6732,16.6660,15.6997,0.0008,-1.0000
16.6670,1.0000,134.1739,0.9176,0.2425,16.6608,16.6587,15.7356,0.0010,-1.0000
16.6677,1.0000,134.1906,0.9239,0.3070,16.6698,16.6741,15.6330,0.0011,-1.0000
16.6655,1.0000,134.2074,1.0879,0.2409,16.6646,16.6918,15.5664,0.0012,-1.0000
16.6669,1.0000,134.2239,0.9654,0.2411,16.6716,16.6215,15.3552,0.0013,-1.0000
16.6677,1.0000,134.2406,0.9224,0.2508,16.6640,16.6634,15.6483,0.0013,-1.0000
16.6658,1.0000,134.2573,1.0401,0.2983,16.6800,16.7044,15.5810,0.0011,-1.0000
16.6664,1.0000,134.2739,1.1244,0.2911,16.6978,16.6141,15.4902,0.0012,-1.0000
16.6672,1.0000,134.2905,1.2652,0.2511,16.6267,16.6621,15.6808,0.0010,-1.0000
16.6670,1.0000,134.3073,1.0139,0.2464,16.6692,16.7050,15.5995,0.0009,-1.0000
16.6659,1.0000,134.3239,1.1224,0.3071,16.7100,16.6133,15.4552,0.0008,-1.0000
16.6677,1.0000,134.3406,1.1230,0.2439,16.6185,16.6709,15.7404,0.0012,-1.0000
16.6674,1.0000,134.3573,0.9803,0.2916,16.6675,16.6636,15.5796,0.0010,-1.0000
16.6651,1.0000,134.3740,1.1044,0.2779,16.7104,16.6965,15.5671,0.0008,-1.0000
16.6673,1.0000,134.3906,1.1571,0.2718,16.6186,16.6669,15.4641,0.0009,-1.0000
16.6667,1.0000,134.4073,0.9292,0.2662,16.6760,16.6513,15.5736,0.0015,-1.0000
16.6674,1.0000,134.4239,1.0828,0.2650,16.6699,16.6631,15.6106,0.0010,-1.0000
16.6653,1.0000,134.4417,1.1287,0.2720,16.7032,16.6817,15.6417,0.0011,-1.0000
16.6667,1.0000,134.4573,1.2017,0.2586,16.6726,16.6276,14.5150,0.0010,-1.0000
16.6667,1.0000,134.4739,1.0764,0.2460,16.6567,16.6617,15.4143,0.0009,-1.0000
16.6672,1.0000,134.4906,1.0516,0.2595,16.6690,16.7497,15.6575,0.0009,-1.0000
16.6677,1.0000,134.5073,1.0390,0.4170,16.6864,16.5877,15.6477,0.0009,-1.0000
16.6669,1.0000,134.5240,2.1116,0.2986,16.6327,16.6666,15.5335,0.0010,-1.0000
16.6667,1.0000,134.5407,1.2462,0.4015,16.6665,16.7023,15.6160,0.0010,-1.0000
16.6652,1.0000,134.5572,1.0913,0.3109,16.7543,16.5691,15.3453,0.0011,-1.0000
16.6673,1.0000,134.5739,0.9391,0.3136,16.5935,16.7033,15.6922,0.0010,-1.0000
16.6676,1.0000,134.5906,1.1322,0.2915,16.6723,16.7037,15.6514,0.0010,-1.0000
16.6665,1.0000,134.6073,1.0853,0.3240,16.7075,16.6330,15.5933,0.0010,-1.0000
16.6659,1.0000,134.6239,1.2227,0.2849,16.5742,16.6640,15.5130,0.0010,-1.0000
16.6668,1.0000,134.6406,1.0100,0.2924,16.7077,16.6426,15.5312,0.0013,-1.0000
16.6676,1.0000,134.6573,1.0513,0.3076,16.7089,16.6635,15.6560,0.0010,-1.0000
16.6661,1.0000,134.6739,1.0390,0.2953,16.6381,16.6649,15.6097,0.0010,-1.0000
16.6679,1.0000,134.6906,1.1501,0.2954,16.6689,16.7078,15.6474,0.0009,-1.0000
16.6660,1.0000,134.7073,1.1102,0.2813,16.6483,16.6142,15.6276,0.0011,-1.0000
16.6665,1.0000,134.7239,1.0067,0.2905,16.6685,16.6495,15.4050,0.0010,-1.0000
16.6667,1.0000,134.7407,1.0543,0.2878,16.6699,16.7523,15.6774,0.0009,-1.0000
16.6690,1.0000,134.7573,1.0596,0.2898,16.7128,16.5807,15.5274,0.0009,-1.0000
16.6650,1.0000,134.7739,0.9857,0.2961,16.6196,16.6498,15.5587,0.0010,-1.0000
16.6656,1.0000,134.7905,1.2434,0.3278,16.6547,16.6509,15.7077,0.0009,-1.0000
16.6669,1.0000,134.8072,1.0742,0.2980,16.7571,16.6435,15.6173,0.0011,-1.0000
16.6677,1.0000,134.8239,1.0524,0.2988,16.5865,16.6654,15.7416,0.0011,-1.0000
16.6673,1.0000,134.8406,1.0901,0.2737,16.6556,16.6612,15.6791,0.0013,-1.0000
16.6668,1.0000,134.8573,0.9422,0.3213,16.6555,16.6595,15.5787,0.0009,-1.0000
16.6667,1.0000,134.8739,1.0253,0.3103,16.6482,16.6670,15.6148,0.0009,-1.0000
16.6660,1.0000,134.8905,0.9228,0.2717,16.6702,16.6562,15.4904,0.0012,-1.0000
16.6663,1.0000,134.9072,0.9809,0.2947,16.6673,16.6803,15.6225,0.0012,-1.0000
16.6708,1.0000,134.9239,1.0801,0.2872,16.6661,16.6861,15.7250,0.0010,-1.0000
16.6660,1.0000,134.9406,1.0511,0.3325,16.6727,16.6640,15.6561,0.0009,-1.0000
16.6677,1.0000,134.9573,1.1646,0.2663,16.6617,16.6596,15.5914,0.0015,-1.0000
16.6661,1.0000,134.9739,1.0566,0.2370,16.6853,16.6639,15.4952,0.0010,-1.0000
16.6676,1.0000,134.9905,0.9602,0.2599,16.6915,16.6858,15.6414,0.0008,-1.0000
16.6677,1.0000,135.0073,1.0074,0.2631,16.6691,16.6340,15.7311,0.0008,-1.0000
16.6666,1.0000,135.0241,1.0668,0.2501,16.6649,16.6585,15.4972,0.0012,-1.0000
16.6663,1.0000,135.0407,1.1677,0.2724,16.6696,16.7041,15.4405,0.0009,-1.0000
16.6660,1.0000,135.0573,1.0435,0.2399,16.6904,16.5801,15.3094,0.0009,-1.0000
16.6668,1.0000,135.0739,0.9017,0.2662,16.6396,16.6598,15.6816,0.0014,-1.0000
16.7374,1.0000,135.0906,1.1603,0.2634,16.6641,16.7335,15.7102,0.0011,-1.0000
16.6662,1.0000,135.1073,1.2627,0.3025,16.7103,16.6558,15.7547,0.0009,-1.0000
16.6672,1.0000,135.1240,1.2697,0.2743,16.5858,16.6651,15.8011,0.0010,-1.0000
16.6667,1.0000,135.1406,0.9770,0.2485,16.6658,16.6598,15.5063,0.0009,-1.0000
16.6661,1.0000,135.1574,1.0221,0.2823,16.7393,16.7086,15.7334,0.0010,-1.0000
16.7047,1.0000,135.1740,0.9001,0.2396,16.6608,16.6588,15.6467,0.0014,-1.0000
16.6650,1.0000,135.1906,0.8631,0.2561,16.6705,16.6535,15.5181,0.0011,-1.0000
16.6675,1.0000,135.2074,1.1526,0.2397,16.6654,16.6650,15.7477,0.0010,-1.0000
16.6662,1.0000,135.2240,0.9743,0.2537,16.7138,16.6570,15.5848,0.0009,-1.0000
16.6672,1.0000,135.2407,1.0109,0.2581,16.6643,16.6663,15.7663,0.0010,-1.0000
16.6676,1.0000,135.2573,1.1345,0.2557,16.6582,16.6618,15.7193,0.0013,-1.0000
16.6662,1.0000,135.2740,0.9164,0.2462,16.6696,16.6643,15.6401,0.0009,-1.0000
16.6666,1.0000,135.2907,1.0713,0.2445,16.6620,16.6591,15.6928,0.0008,-1.0000
16.6665,1.0000,135.3073,0.8988,0.2420,16.6709,16.6581,15.5621,0.0013,-1.0000
16.6674,1.0000,135.3242,0.9414,0.2585,16.6679,16.6669,15.7073,0.0010,-1.0000
16.6668,1.0000,135.3407,1.0232,0.2535,16.6698,16.6641,15.5401,0.0010,-1.0000
16.6662,1.0000,135.3573,0.9652,0.2579,16.6638,16.6567,15.6325,0.0009,-1.0000
16.6680,1.0000,135.3741,1.0947,0.2713,16.6629,16.6687,15.7170,0.0009,-1.0000
16.6651,1.0000,135.3906,0.9586,0.2531,16.6715,16.6528,15.4685,0.0010,-1.0000
16.6679,1.0000,135.4074,1.1235,0.2601,16.6701,16.6673,15.7614,0.0009,-1.0000
16.6662,1.0000,135.4240,1.0234,0.2561,16.6623,16.6568,15.6994,0.0008,-1.0000
16.6673,1.0000,135.4407,0.9504,0.3066,16.6743,16.7087,15.6689,0.0008,-1.0000
16.6659,1.0000,135.4573,1.1833,0.2543,16.6590,16.6133,15.5977,0.0013,-1.0000
16.6666,1.0000,135.4740,0.9053,0.2534,16.6723,16.6617,15.5152,0.0009,-1.0000
16.6676,1.0000,135.4906,0.9568,0.2467,16.6623,16.7090,15.6893,0.0011,-1.0000
16.6664,1.0000,135.5074,1.0391,0.2627,16.7137,16.6201,15.6864,0.0010,-1.0000
16.6661,1.0000,135.5240,1.0144,0.3043,16.6179,16.6528,15.5388,0.0010,-1.0000
16.6670,1.0000,135.5408,1.1457,0.2549,16.6669,16.7124,15.7348,0.0008,-1.0000
16.6665,1.0000,135.5573,1.0188,0.2647,16.7137,16.6127,15.2650,0.0014,-1.0000
16.6668,1.0000,135.5740,0.9327,0.2555,16.6255,16.6611,15.7070,0.0009,-1.0000
16.6670,1.0000,135.5906,1.1131,0.2509,16.6580,16.6634,15.7871,0.0009,-1.0000
16.6660,1.0000,135.6074,0.9769,0.2719,16.7177,16.6979,15.7462,0.0010,-1.0000
16.6668,1.0000,135.6241,1.3463,0.2439,16.6177,16.6623,15.7152,0.0010,-1.0000
16.6674,1.0000,135.6407,0.9534,0.2719,16.6655,16.6633,15.5024,0.0011,-1.0000
16.6671,1.0000,135.6574,0.8755,0.2492,16.6690,16.6714,15.6576,0.0010,-1.0000
16.6659,1.0000,135.6741,0.9509,0.2462,16.7024,16.6810,15.6085,0.0009,-1.0000
16.6669,1.0000,135.6906,0.9460,0.2650,16.6669,16.6258,15.6353,0.0009,-1.0000
16.6667,1.0000,135.7074,1.1600,0.2666,16.6689,16.6529,15.7596,0.0009,-1.0000
16.6670,1.0000,135.7241,1.0131,0.2616,16.6770,16.7518,15.4071,0.0010,-1.0000
16.6674,1.0000,135.7407,1.0717,0.2567,16.6864,16.5905,15.6239,0.0010,-1.0000
16.6669,1.0000,135.7574,0.9896,0.2466,16.6302,16.6713,15.6642,0.0016,-1.0000
16.6695,1.0000,135.7742,0.8925,0.2545,16.6574,16.7098,15.5333,0.0008,-1.0000
16.6670,1.0000,135.7908,1.3437,0.2444,16.7571,16.5823,15.3098,0.0014,-1.0000
16.6672,1.0000,135.8075,0.9655,0.2524,16.5956,16.7053,14.9871,0.0013,-1.0000
16.6658,1.0000,135.8242,1.0054,0.3267,16.6768,16.6667,15.2439,0.0010,-1.0000
16.6672,1.0000,135.8409,1.1753,0.3122,16.7166,16.6560,15.1781,0.0013,-1.0000
16.6665,1.0000,135.8576,1.2711,0.4367,16.5911,16.6780,15.2003,0.0012,-1.0000
16.6669,1.0000,135.8743,1.7167,0.3684,16.7146,16.6076,15.2091,0.0018,-1.0000
16.6652,1.0000,135.8907,1.4210,0.3296,16.6751,16.6316,15.0901,0.0011,-1.0000
16.6660,1.0000,135.9074,1.4763,0.4119,16.6656,16.6932,15.6241,0.0010,-1.0000
16.6666,1.0000,135.9242,1.4765,0.3083,16.6871,16.6815,15.6113,0.0009,-1.0000
16.6667,1.0000,135.9407,1.3969,0.3061,16.6181,16.6107,15.4443,0.0013,-1.0000
16.6660,1.0000,135.9574,1.5403,0.3272,16.6389,16.6616,15.6078,0.0009,-1.0000
16.6663,1.0000,135.9741,1.0678,0.2880,16.6990,16.7604,15.4989,0.0010,-1.0000
16.6669,1.0000,135.9906,1.0695,0.2770,16.6877,16.5510,15.5268,0.0013,-1.0000
16.6671,1.0000,136.0074,1.1653,0.2630,16.6160,16.6808,15.7797,0.0009,-1.0000
16.6664,1.0000,136.0240,1.0528,0.2813,16.6668,16.6511,15.5091,0.0009,-1.0000
16.6676,1.0000,136.0407,1.2605,0.2609,16.7661,16.6415,15.6793,0.0009,-1.0000
16.6661,1.0000,136.0573,1.0232,0.2668,16.5554,16.6573,15.4491,0.0011,-1.0000
16.6669,1.0000,136.0746,0.9003,0.2943,16.6856,16.6639,15.6941,0.0011,-1.0000
16.6671,1.0000,136.0915,1.1413,0.2700,16.6558,16.6590,15.1353,0.0010,-1.0000
16.6668,1.0000,136.1074,0.9615,0.2744,16.6469,16.6691,14.4608,0.0010,-1.0000
16.6669,1.0000,136.1240,1.2071,0.2529,16.6624,16.6551,15.6275,0.0009,-1.0000
16.6666,1.0000,136.1407,0.9688,0.2570,16.6681,16.6890,15.4772,0.0009,-1.0000
16.6673,1.0000,136.1574,1.5228,0.4072,16.6642,16.7045,15.6065,0.0009,-1.0000
16.6660,1.0000,136.1741,2.2073,0.2742,16.6738,16.7085,15.5267,0.0014,-1.0000
16.6666,1.0000,136.1906,1.0266,0.3386,16.6610,16.5747,15.5600,0.0009,-1.0000
16.6677,1.0000,136.2074,1.2109,0.3097,16.6938,16.6782,15.7587,0.0008,-1.0000
16.6666,1.0000,136.2241,1.0972,0.3100,16.7098,16.6891,15.3633,0.0012,-1.0000
16.6670,1.0000,136.2407,1.1803,0.3093,16.7146,16.6241,15.5511,0.0010,-1.0000
16.6664,1.0000,136.2574,1.0137,0.2945,16.5798,16.6573,15.6056,0.0011,-1.0000
16.6672,1.0000,136.2741,0.9183,0.3358,16.6833,16.7099,15.5987,0.0010,-1.0000
16.6666,1.0000,136.2906,1.3245,0.3891,16.6949,16.5829,15.5028,0.0009,-1.0000
16.6668,1.0000,136.3074,1.0718,0.3030,16.6297,16.6643,15.4866,0.0011,-1.0000
16.6666,1.0000,136.3240,1.0506,0.3044,16.6626,16.6568,15.4962,0.0012,-1.0000
16.6666,1.0000,136.3407,1.1099,0.3164,16.7153,16.6580,15.6811,0.0009,-1.0000
16.6671,1.0000,136.3574,1.0792,0.4645,16.5889,16.6707,15.6829,0.0009,-1.0000
16.6669,1.0000,136.3741,1.1766,0.3156,16.6702,16.6596,15.6288,0.0011,-1.0000
16.6658,1.0000,136.3906,1.1595,0.3366,16.6623,16.6930,15.3456,0.0010,-1.0000
16.6660,1.0000,136.4073,0.9761,0.3002,16.6639,16.6170,15.6887,0.0011,-1.0000
16.6674,1.0000,136.4240,0.9872,0.3141,16.6755,16.6635,15.6912,0.0011,-1.0000
16.6664,1.0000,136.4407,1.0297,0.3160,16.6656,16.6644,15.6679,0.0010,-1.0000
16.6689,1.0000,136.4574,1.3465,0.3095,16.6989,16.6691,15.7316,0.0009,-1.0000
16.6649,1.0000,136.4740,0.9274,0.3175,16.6218,16.6559,15.4039,0.0011,-1.0000
16.6669,1.0000,136.4906,0.9714,0.3033,16.6684,16.6606,15.6537,0.0010,-1.0000
16.6673,1.0000,136.5074,0.9958,0.2828,16.6688,16.6729,15.7628,0.0009,-1.0000
16.6669,1.0000,136.5241,0.9364,0.3873,16.6745,16.6587,15.5631,0.0009,-1.0000
16.6658,1.0000,136.5407,1.2511,0.3041,16.6622,16.6523,15.5650,0.0012,-1.0000
16.6673,1.0000,136.5574,1.0059,0.2967,16.6648,16.6656,15.5632,0.0010,-1.0000
16.6658,1.0000,136.5740,0.9093,0.3079,16.6779,16.6593,15.6450,0.0009,-1.0000
16.6684,1.0000,136.5906,1.0945,0.3044,16.6640,16.6685,15.7250,0.0009,-1.0000
16.6715,1.0000,136.6076,1.0864,0.3970,16.6573,16.7050,15.7065,0.0008,-1.0000
16.6636,1.0000,136.6241,1.1015,0.3090,16.6710,16.6158,15.2166,0.0013,-1.0000
16.6675,1.0000,136.6408,1.0134,0.2970,16.6638,16.6627,15.2297,0.0011,-1.0000
16.6655,1.0000,136.6575,0.9426,0.3397,16.6737,16.6586,15.3254,0.0012,-1.0000
16.6676,1.0000,136.6742,0.9972,0.4076,16.7166,16.6898,15.3819,0.0011,-1.0000
16.6632,1.0000,136.6906,1.3977,0.3823,16.6253,16.6049,15.3131,0.0010,-1.0000
16.6685,1.0000,136.7074,1.4320,0.3541,16.6709,16.6681,15.7878,0.0010,-1.0000
16.6685,1.0000,136.7242,1.3317,0.3707,16.6679,16.7180,15.4626,0.0009,-1.0000
16.6638,1.0000,136.7407,1.3070,0.3272,16.6979,16.5986,15.2224,0.0012,-1.0000
16.6671,1.0000,136.7573,1.2908,0.3380,16.6111,16.6650,15.6958,0.0010,-1.0000
16.6672,1.0000,136.7741,0.8795,0.3262,16.6733,16.7076,15.6039,0.0009,-1.0000
16.6687,1.0000,136.7907,1.2545,0.3377,16.7257,16.6270,15.5849,0.0010,-1.0000
16.6667,1.0000,136.8074,1.3752,0.2921,16.6052,16.6591,15.2327,0.0014,-1.0000
16.6669,1.0000,136.8241,0.9683,0.2943,16.6695,16.6587,15.4259,0.0011,-1.0000
16.6676,1.0000,136.8409,1.1030,0.3229,16.7128,16.7198,15.4318,0.0010,-1.0000
16.6651,1.0000,136.8575,1.0410,0.4405,16.6333,16.6336,15.1653,0.0013,-1.0000
16.6667,1.0000,136.8741,1.4250,0.3372,16.6661,16.6652,15.2944,0.0011,-1.0000
16.6672,1.0000,136.8908,1.2313,0.3353,16.6654,16.6799,15.2308,0.0010,-1.0000
16.6673,1.0000,136.9075,1.2871,0.3804,16.7280,16.6819,15.3445,0.0013,-1.0000
16.6647,1.0000,136.9241,1.4671,0.3940,16.6406,16.5956,15.3470,0.0011,-1.0000
16.6667,1.0000,136.9407,1.3697,0.3720,16.6713,16.6645,15.6119,0.0010,-1.0000
16.6674,1.0000,136.9575,1.4478,0.4320,16.6877,16.7573,15.6342,0.0011,-1.0000
16.6658,1.0000,136.9740,1.3360,0.3265,16.6906,16.5670,15.4456,0.0011,-1.0000
16.6684,1.0000,136.9906,1.2477,0.3077,16.6017,16.6578,15.6922,0.0012,-1.0000
16.6668,1.0000,137.0075,1.0516,0.2971,16.6693,16.7033,15.6788,0.0009,-1.0000
16.6676,1.0000,137.0242,1.1220,0.3544,16.7622,16.5997,15.3742,0.0011,-1.0000
16.6666,1.0000,137.0412,1.1205,0.2812,16.5720,16.6995,15.2958,0.0013,-1.0000
16.6676,1.0000,137.0576,0.9645,0.3071,16.6631,16.6818,14.6780,0.0012,-1.0000
16.6670,1.0000,137.0742,1.0236,0.3282,16.7101,16.7411,15.1700,0.0014,-1.0000
16.6659,1.0000,137.0907,1.2244,0.3480,16.6068,16.5803,15.3239,0.0013,-1.0000
16.6658,1.0000,137.1075,1.4023,0.3584,16.7070,16.6325,15.4268,0.0013,-1.0000
16.6647,1.0000,137.1240,2.0028,0.3752,16.6902,16.6416,15.4663,0.0011,-1.0000
16.6676,1.0000,137.1408,1.5700,0.3527,16.7495,16.7075,15.6242,0.0009,-1.0000
16.6668,1.0000,137.1574,1.2547,0.3251,16.5880,16.6089,15.5828,0.0009,-1.0000
16.6668,1.0000,137.1740,1.2044,0.3226,16.6394,16.6594,15.6404,0.0011,-1.0000
16.6666,1.0000,137.1907,1.1745,0.3050,16.6474,16.7511,15.6631,0.0011,-1.0000
16.6669,1.0000,137.2074,1.0826,0.3045,16.7119,16.5664,15.6314,0.0010,-1.0000
16.6661,1.0000,137.2241,1.0252,0.3150,16.6141,16.6705,15.4688,0.0011,-1.0000
16.6675,1.0000,137.2407,1.0177,0.2935,16.6643,16.6598,15.5354,0.0012,-1.0000
16.6670,1.0000,137.2574,1.0870,0.2964,16.7558,16.6384,15.6180,0.0010,-1.0000
16.6663,1.0000,137.2740,0.9341,0.3104,16.5712,16.6588,15.6486,0.0011,-1.0000
16.6667,1.0000,137.2906,1.2008,0.2986,16.6757,16.6608,15.6797,0.0010,-1.0000
16.6687,1.0000,137.3076,1.1232,0.2919,16.6650,16.6710,15.6915,0.0009,-1.0000
16.6658,1.0000,137.3244,1.0194,0.3082,16.6441,16.6591,15.1261,0.0010,-1.0000
16.6662,1.0000,137.3407,1.0091,0.2947,16.6640,16.6513,15.1074,0.0013,-1.0000
16.6674,1.0000,137.3574,0.9799,0.3607,16.6658,16.6990,15.5673,0.0008,-1.0000
16.6662,1.0000,137.3741,0.9786,0.2888,16.6772,16.6758,15.5824,0.0010,-1.0000
16.6675,1.0000,137.3907,1.5318,0.3359,16.6655,16.6683,15.4840,0.0011,-1.0000
16.6667,1.0000,137.4075,1.5425,0.2746,16.6565,16.6531,15.4891,0.0011,-1.0000
16.6658,1.0000,137.4240,1.1310,0.2805,16.7049,16.6540,15.4419,0.0015,-1.0000
16.6670,1.0000,137.4408,1.0926,0.3628,16.6819,16.6937,15.6368,0.0008,-1.0000
16.6682,1.0000,137.4576,1.1834,0.2956,16.6735,16.6274,15.5994,0.0010,-1.0000
16.6652,1.0000,137.4741,1.1629,0.2816,16.6588,16.6535,15.1617,0.0011,-1.0000
16.6670,1.0000,137.4906,1.2106,0.2724,16.6590,16.6952,15.5685,0.0015,-1.0000
16.6870,1.0000,137.5074,1.0560,0.2649,16.6987,16.6160,15.7242,0.0009,-1.0000
16.6666,1.0000,137.5240,1.0269,0.2935,16.6332,16.6579,15.5723,0.0011,-1.0000
16.6665,1.0000,137.5407,1.4906,0.2763,16.6595,16.6617,15.7235,0.0007,-1.0000
16.6671,1.0000,137.5574,1.1251,0.2928,16.7008,16.6674,15.4794,0.0009,-1.0000
16.6662,1.0000,137.5740,0.8909,0.2644,16.6205,16.6607,15.5860,0.0008,-1.0000
16.6678,1.0000,137.5906,1.0847,0.2559,16.6629,16.6589,15.7226,0.0012,-1.0000
16.6657,1.0000,137.6074,0.9374,0.2959,16.6662,16.7034,15.7894,0.0009,-1.0000
16.6672,1.0000,137.6241,1.1874,0.2770,16.6730,16.6202,15.5879,0.0009,-1.0000
16.6668,1.0000,137.6407,1.0739,0.2946,16.6656,16.6605,15.5000,0.0016,-1.0000
16.6665,1.0000,137.6574,0.9350,0.2552,16.6642,16.6653,15.6144,0.0011,-1.0000
16.6673,1.0000,137.6740,0.9135,0.3111,16.7080,16.6576,15.6971,0.0012,-1.0000
16.6665,1.0000,137.6906,1.0315,0.3198,16.6257,16.6634,15.6723,0.0011,-1.0000
16.6674,1.0000,137.7074,1.1589,0.3115,16.6662,16.6649,15.7725,0.0008,-1.0000
16.6654,1.0000,137.7240,1.0496,0.2544,16.6699,16.6555,15.5362,0.0013,-1.0000
16.6670,1.0000,137.7407,0.9594,0.2651,16.6634,16.6609,15.7621,0.0010,-1.0000
16.6671,1.0000,137.7573,0.9900,0.2987,16.6679,16.6665,15.7638,0.0010,-1.0000
16.6657,1.0000,137.7740,0.8916,0.2660,16.6700,16.6579,15.7128,0.0008,-1.0000
16.6678,1.0000,137.7907,1.1181,0.2829,16.6604,16.6704,15.7533,0.0008,-1.0000
16.6666,1.0000,137.8074,0.8979,0.3190,16.6653,16.6553,15.6320,0.0009,-1.0000
16.6665,1.0000,137.8241,0.9018,0.2757,16.6712,16.6648,15.6901,0.0011,-1.0000
16.6682,1.0000,137.8408,0.9443,0.3005,16.6624,16.6702,15.6812,0.0009,-1.0000
16.6650,1.0000,137.8573,0.9162,0.3246,16.6756,16.6444,15.5540,0.0010,-1.0000
16.6666,1.0000,137.8740,1.0226,0.2637,16.6603,16.6652,15.7570,0.0011,-1.0000
16.6681,1.0000,137.8908,0.9739,0.2834,16.6699,16.7229,15.7009,0.0009,-1.0000
16.6667,1.0000,137.9074,0.9881,0.3281,16.6766,16.6092,15.2833,0.0012,-1.0000
16.6686,1.0000,137.9241,1.0892,0.2683,16.6492,16.6634,15.4545,0.0011,-1.0000
16.6668,1.0000,137.9408,0.9069,0.3788,16.6694,16.7001,15.4995,0.0011,-1.0000
16.6669,1.0000,137.9575,1.0211,0.2974,16.7292,16.6260,15.4283,0.0013,-1.0000
16.6653,1.0000,137.9741,1.3249,0.2818,16.6149,16.6510,15.2023,0.0013,-1.0000
16.6679,1.0000,137.9907,1.2080,0.2850,16.6697,16.7064,15.5082,0.0009,-1.0000
16.6676,1.0000,138.0075,1.1997,0.3095,16.7071,16.6274,15.5537,0.0009,-1.0000
16.6646,1.0000,138.0241,1.1962,0.3399,16.6335,16.6434,15.3777,0.0014,-1.0000
16.6658,1.0000,138.0407,1.4475,0.2953,16.6580,16.6539,15.5972,0.0010,-1.0000
16.6668,1.0000,138.0574,1.1974,0.2937,16.7126,16.7027,15.5553,0.0010,-1.0000
16.6662,1.0000,138.0740,1.0728,0.3730,16.6356,16.6547,15.6255,0.0007,-1.0000
16.6669,1.0000,138.0906,1.2646,0.2757,16.6513,16.6608,15.7449,0.0009,-1.0000
16.6671,1.0000,138.1074,1.0556,0.2677,16.6592,16.6785,15.7526,0.0010,-1.0000
16.6672,1.0000,138.1241,1.1466,0.2885,16.7082,16.6886,15.6344,0.0009,-1.0000
16.6685,1.0000,138.1408,1.0283,0.2483,16.6593,16.6204,15.3864,0.0012,-1.0000
16.6666,1.0000,138.1575,0.9149,0.2984,16.6650,16.6682,15.4594,0.0009,-1.0000
16.6673,1.0000,138.1742,0.9250,0.2671,16.6833,16.7479,15.4790,0.0010,-1.0000
16.6668,1.0000,138.1907,1.0535,0.2817,16.6951,16.5870,15.2768,0.0011,-1.0000
16.6659,1.0000,138.2076,1.2329,0.3416,16.6274,16.6599,15.4297,0.0012,-1.0000
16.6673,1.0000,138.2242,1.2078,0.3002,16.6763,16.6718,15.0651,0.0013,-1.0000
16.6648,1.0000,138.2407,1.2680,0.3470,16.7559,16.5873,15.3474,0.0010,-1.0000
16.6671,1.0000,138.2574,1.3089,0.3202,16.5959,16.7167,15.6984,0.0009,-1.0000
16.6654,1.0000,138.2741,1.2290,0.3171,16.6677,16.6404,15.6076,0.0011,-1.0000
16.6682,1.0000,138.2907,1.6053,0.2907,16.6786,16.6569,15.6111,0.0009,-1.0000
16.6661,1.0000,138.3074,1.2389,0.2992,16.5935,16.6728,15.5006,0.0009,-1.0000
16.6667,1.0000,138.3241,1.0174,0.2751,16.7221,16.6657,15.6248,0.0008,-1.0000
16.6663,1.0000,138.3407,1.0317,0.3248,16.6455,16.6468,15.7107,0.0008,-1.0000
16.6666,1.0000,138.3574,1.0451,0.2874,16.6625,16.6838,15.6752,0.0011,-1.0000
16.6678,1.0000,138.3741,1.1713,0.2700,16.6781,16.6739,15.7192,0.0011,-1.0000
16.6662,1.0000,138.3906,1.0403,0.2536,16.6710,16.6196,15.5060,0.0011,-1.0000
16.6678,1.0000,138.4075,0.9357,0.2597,16.6518,16.6745,15.7839,0.0008,-1.0000
16.6679,1.0000,138.4243,1.0076,0.2675,16.6894,16.7716,15.5485,0.0011,-1.0000
16.6649,1.0000,138.4407,0.9535,0.3015,16.6788,16.5338,15.2924,0.0011,-1.0000
16.6665,1.0000,138.4574,1.1123,0.2622,16.6246,16.6600,15.6692,0.0008,-1.0000
16.6668,1.0000,138.4741,0.8900,0.3001,16.6797,16.6665,15.6039,0.0009,-1.0000
16.6672,1.0000,138.4906,1.2220,0.3729,16.7783,16.6329,15.6394,0.0009,-1.0000
16.6670,1.0000,138.5074,1.2405,0.2861,16.5394,16.6679,15.7983,0.0009,-1.0000
16.6669,1.0000,138.5240,0.9900,0.2786,16.6660,16.6571,15.6821,0.0009,-1.0000
16.6662,1.0000,138.5407,1.0621,0.2734,16.6719,16.6557,15.7060,0.0010,-1.0000
16.6665,1.0000,138.5574,0.9926,0.2829,16.6375,16.6607,15.6304,0.0010,-1.0000
16.6677,1.0000,138.5741,0.8686,0.3164,16.6734,16.6702,15.6976,0.0012,-1.0000
16.6660,1.0000,138.5906,0.9739,0.2642,16.6625,16.6837,15.5794,0.0013,-1.0000
16.6664,1.0000,138.6074,0.9489,0.3104,16.6613,16.6758,15.7363,0.0009,-1.0000
16.6671,1.0000,138.6241,1.0292,0.3025,16.6655,16.6691,15.7291,0.0008,-1.0000
16.6669,1.0000,138.6408,0.9714,0.2674,16.6751,16.6557,15.5382,0.0011,-1.0000
16.6667,1.0000,138.6574,1.1031,0.3037,16.6892,16.6657,15.5537,0.0013,-1.0000
16.6662,1.0000,138.6741,0.9386,0.3105,16.6803,16.6790,15.6842,0.0008,-1.0000
16.6669,1.0000,138.6906,0.9390,0.2710,16.6743,16.6268,15.6895,0.0010,-1.0000
16.6671,1.0000,138.7075,1.1164,0.2676,16.6611,16.6674,15.8088,0.0008,-1.0000
16.6659,1.0000,138.7241,1.1106,0.2840,16.6716,16.6985,15.5497,0.0009,-1.0000
16.6688,1.0000,138.7408,0.9942,0.2572,16.6844,16.5971,15.6248,0.0010,-1.0000
16.6753,1.0000,138.7574,0.9367,0.2662,16.6313,16.6600,15.6708,0.0010,-1.0000
16.6661,1.0000,138.7741,0.8580,0.2782,16.6720,16.6633,15.7745,0.0011,-1.0000
16.6672,1.0000,138.7906,1.1482,0.2709,16.7045,16.6652,15.7302,0.0007,-1.0000
16.6661,1.0000,138.8074,0.9714,0.2596,16.6025,16.6572,15.5943,0.0008,-1.0000
16.6677,1.0000,138.8240,0.9883,0.2655,16.6657,16.6665,15.7624,0.0007,-1.0000
16.6673,1.0000,138.8409,0.8877,0.2644,16.6678,16.7213,15.7580,0.0009,-1.0000
16.6654,1.0000,138.8574,0.9343,0.3078,16.6704,16.5959,15.4495,0.0010,-1.0000
16.6674,1.0000,138.8743,1.0623,0.2571,16.6619,16.6669,15.7177,0.0008,-1.0000
16.6676,1.0000,138.8907,0.9035,0.2523,16.6710,16.6606,15.3953,0.0010,-1.0000
16.6655,1.0000,138.9074,0.9625,0.2957,16.7268,16.6615,15.6862,0.0010,-1.0000
16.6677,1.0000,138.9241,1.1456,0.2691,16.6013,16.6639,15.6890,0.0012,-1.0000
16.6655,1.0000,138.9407,0.9481,0.2744,16.6722,16.6573,15.6616,0.0009,-1.0000
16.6677,1.0000,138.9575,1.2644,0.2807,16.6660,16.6694,15.7078,0.0007,-1.0000
16.6660,1.0000,138.9740,0.9744,0.2935,16.6667,16.6550,15.4026,0.0012,-1.0000
16.6664,1.0000,138.9906,0.9738,0.2673,16.6693,16.6598,15.6482,0.0011,-1.0000
16.6670,1.0000,139.0074,0.9949,0.2630,16.6621,16.6644,15.7930,0.0007,-1.0000
16.6666,1.0000,139.0240,0.9610,0.2854,16.6749,16.6662,15.5654,0.0010,-1.0000
16.6667,1.0000,139.0407,1.2511,0.3088,16.6596,16.6553,15.7270,0.0009,-1.0000
16.6683,1.0000,139.0574,1.0104,0.2806,16.6638,16.6735,15.6344,0.0009,-1.0000
16.6659,1.0000,139.0740,0.8709,0.2687,16.6689,16.6514,15.5409,0.0014,-1.0000
16.6666,1.0000,139.0906,1.1002,0.2513,16.6712,16.6634,15.7564,0.0009,-1.0000
16.6662,1.0000,139.1074,0.9275,0.2929,16.6600,16.6610,15.8006,0.0008,-1.0000
16.6670,1.0000,139.1241,1.0382,0.2919,16.6792,16.7062,15.7386,0.0010,-1.0000
16.6665,1.0000,139.1407,1.1091,0.2615,16.6562,16.6191,15.5555,0.0010,-1.0000
16.6672,1.0000,139.1574,0.9061,0.2512,16.6685,16.6675,15.7057,0.0008,-1.0000
16.6672,1.0000,139.1742,0.8596,0.2845,16.6647,16.6978,15.6279,0.0013,-1.0000
16.6665,1.0000,139.1906,0.9667,0.2844,16.7115,16.6197,15.3955,0.0008,-1.0000
16.6668,1.0000,139.2074,1.0628,0.2564,16.6238,16.6621,15.8161,0.0009,-1.0000
16.6671,1.0000,139.2241,0.9610,0.2602,16.6722,16.7096,15.6237,0.0010,-1.0000
16.6663,1.0000,139.2409,1.0686,0.2638,16.7036,16.6139,15.5551,0.0010,-1.0000
16.6677,1.0000,139.2574,1.2232,0.2939,16.6244,16.6661,15.4169,0.0013,-1.0000
16.6666,1.0000,139.2741,0.8452,0.2630,16.6672,16.6634,15.6193,0.0010,-1.0000
16.6652,1.0000,139.2907,1.0849,0.2688,16.7149,16.6879,15.6322,0.0010,-1.0000
16.6667,1.0000,139.3074,1.0579,0.3421,16.6187,16.6683,15.6281,0.0009,-1.0000
16.6675,1.0000,139.3241,1.2476,0.2911,16.6716,16.6612,15.6456,0.0012,-1.0000
16.6666,1.0000,139.3407,1.0430,0.3035,16.6685,16.6672,15.5949,0.0013,-1.0000
16.6773,1.0000,139.3574,1.0547,0.3735,16.6934,16.6917,15.6486,0.0009,-1.0000
16.6678,1.0000,139.3741,1.0392,0.2989,16.6733,16.6347,15.6577,0.0010,-1.0000
16.6659,1.0000,139.3907,1.0143,0.2722,16.6663,16.6552,15.4838,0.0012,-1.0000
16.6663,1.0000,139.4075,1.0712,0.2977,16.6726,16.7440,15.6721,0.0009,-1.0000
16.6675,1.0000,139.4241,1.0423,0.3025,16.6964,16.5965,15.5586,0.0010,-1.0000
16.6662,1.0000,139.4408,0.9759,0.3506,16.6399,16.6557,15.6153,0.0010,-1.0000
16.6674,1.0000,139.4575,1.1700,0.3130,16.6607,16.6907,15.6884,0.0010,-1.0000
16.6657,1.0000,139.4741,1.0708,0.2981,16.7494,16.5865,15.4759,0.0010,-1.0000
16.6668,1.0000,139.4907,1.0368,0.2682,16.6019,16.7122,15.7063,0.0009,-1.0000
16.6668,1.0000,139.5074,1.0394,0.2901,16.6609,16.6507,15.8149,0.0009,-1.0000
16.6676,1.0000,139.5241,1.0013,0.2743,16.6959,16.6628,15.6406,0.0009,-1.0000
16.6663,1.0000,139.5408,1.1094,0.2731,16.5910,16.6676,15.6146,0.0009,-1.0000
16.6667,1.0000,139.5576,1.0051,0.2508,16.7167,16.6550,15.5569,0.0010,-1.0000
16.6669,1.0000,139.5741,0.8351,0.2683,16.6555,16.6724,15.5398,0.0009,-1.0000
16.6667,1.0000,139.5907,1.0212,0.2942,16.6681,16.6766,15.6673,0.0009,-1.0000
16.6663,1.0000,139.6075,1.0525,0.2862,16.6732,16.6657,15.7155,0.0008,-1.0000
16.6674,1.0000,139.6241,1.0973,0.2829,16.6598,16.6345,15.6712,0.0008,-1.0000
16.6664,1.0000,139.6408,1.1318,0.3092,16.6774,16.6705,15.5493,0.0011,-1.0000
16.6669,1.0000,139.6575,1.0086,0.2573,16.6825,16.7562,15.6691,0.0008,-1.0000
16.6671,1.0000,139.6744,0.9497,0.2996,16.6703,16.5423,15.5624,0.0008,-1.0000
16.6661,1.0000,139.6907,0.9626,0.2712,16.6393,16.6737,15.2956,0.0009,-1.0000
16.6671,1.0000,139.7074,1.1201,0.2651,16.6761,16.6469,15.6982,0.0009,-1.0000
16.6659,1.0000,139.7240,1.0863,0.2997,16.7610,16.6408,15.5807,0.0009,-1.0000
16.6676,1.0000,139.7407,0.9790,0.2792,16.5477,16.6613,15.7378,0.0009,-1.0000
16.6672,1.0000,139.7574,1.3771,0.3109,16.6792,16.6611,15.6972,0.0009,-1.0000
16.6652,1.0000,139.7740,0.9478,0.3160,16.6521,16.6623,15.7306,0.0009,-1.0000
16.6680,1.0000,139.7906,1.0592,0.2662,16.6455,16.6606,15.7809,0.0009,-1.0000
16.6664,1.0000,139.8074,0.9225,0.3054,16.6658,16.6650,15.6186,0.0009,-1.0000
16.6665,1.0000,139.8241,0.9629,0.2667,16.6663,16.6773,15.6555,0.0010,-1.0000
16.6679,1.0000,139.8408,0.9310,0.2579,16.6672,16.7174,15.7717,0.0009,-1.0000
16.6675,1.0000,139.8575,0.8788,0.2959,16.6655,16.6301,15.5026,0.0009,-1.0000
16.6654,1.0000,139.8741,1.0456,0.2897,16.6705,16.6489,15.5227,0.0013,-1.0000
16.6667,1.0000,139.8907,1.0211,0.2638,16.6819,16.6729,15.5965,0.0009,-1.0000
16.6660,1.0000,139.9075,0.9448,0.2850,16.7234,16.6971,15.7638,0.0009,-1.0000
16.6683,1.0000,139.9241,1.1265,0.2711,16.6365,16.6282,15.5874,0.0011,-1.0000
16.6659,1.0000,139.9407,1.1253,0.2974,16.6549,16.6455,15.6581,0.0011,-1.0000
16.6666,1.0000,139.9574,1.0756,0.3007,16.6778,16.6988,15.6949,0.0010,-1.0000
16.6670,1.0000,139.9741,0.9325,0.2670,16.7021,16.5981,15.6039,0.0008,-1.0000
16.8152,1.0000,139.9908,1.0397,0.2679,16.6339,16.8090,15.4983,0.0014,-1.0000
16.5199,1.0000,140.0074,0.9863,0.2578,16.6504,16.5164,15.7088,0.0010,-1.0000
16.6653,1.0000,140.0241,1.0030,0.2808,16.7037,16.6574,15.5719,0.0009,-1.0000
16.6667,1.0000,140.0407,0.9935,0.2957,16.6031,16.6599,15.6771,0.0008,-1.0000
16.6675,1.0000,140.0574,1.3094,0.2538,16.8138,16.6712,15.6038,0.0008,-1.0000
16.6682,1.0000,140.0742,0.8068,0.2870,16.5220,16.7130,15.5988,0.0010,-1.0000
16.6638,1.0000,140.0906,1.0846,0.2754,16.6633,16.5934,15.5179,0.0010,-1.0000
16.6687,1.0000,140.1074,0.9822,0.2783,16.6652,16.6734,15.8169,0.0011,-1.0000
16.6657,1.0000,140.1241,1.0665,0.2824,16.6766,16.6554,15.6630,0.0009,-1.0000
16.6660,1.0000,140.1407,1.1134,0.2861,16.7200,16.6600,15.6440,0.0008,-1.0000
16.6693,1.0000,140.1575,1.0745,0.2613,16.6002,16.6779,15.6958,0.0008,-1.0000
16.6653,1.0000,140.1741,0.8555,0.3057,16.6785,16.6469,15.6091,0.0010,-1.0000
16.6677,1.0000,140.1907,0.9914,0.2678,16.6607,16.6706,15.6933,0.0009,-1.0000
16.6658,1.0000,140.2074,1.0151,0.2880,16.6649,16.6539,15.6585,0.0008,-1.0000
16.6666,1.0000,140.2241,0.9814,0.2852,16.6838,16.6576,15.5472,0.0009,-1.0000
16.6666,1.0000,140.2407,1.0369,0.2802,16.6525,16.6624,15.7154,0.0009,-1.0000
16.6678,1.0000,140.2575,0.9764,0.2888,16.6771,16.6699,15.6848,0.0009,-1.0000
16.6653,1.0000,140.2740,0.9947,0.2858,16.6592,16.6508,15.5742,0.0010,-1.0000
16.6672,1.0000,140.2907,1.1096,0.3063,16.6629,16.6599,15.7309,0.0009,-1.0000
16.6669,1.0000,140.3074,0.9462,0.2892,16.6676,16.6622,15.6980,0.0009,-1.0000
16.6664,1.0000,140.3240,0.9843,0.2734,16.6763,16.6604,15.6934,0.0010,-1.0000
16.6678,1.0000,140.3408,1.0756,0.2696,16.6563,16.6731,15.7440,0.0010,-1.0000
16.6651,1.0000,140.3575,0.9280,0.3603,16.6652,16.6961,15.6727,0.0011,-1.0000
16.6670,1.0000,140.3741,0.9633,0.2740,16.6676,16.6207,15.6050,0.0013,-1.0000
16.6662,1.0000,140.3906,0.9661,0.2510,16.6654,16.6542,15.5591,0.0010,-1.0000
16.6675,1.0000,140.4075,0.9281,0.2673,16.6783,16.7174,15.8577,0.0008,-1.0000
16.6699,1.0000,140.4241,1.0223,0.2693,16.7021,16.6201,15.5898,0.0012,-1.0000
16.6648,1.0000,140.4408,1.0144,0.2797,16.6257,16.6566,15.5221,0.0010,-1.0000
16.6666,1.0000,140.4575,1.0941,0.2932,16.6593,16.7030,15.5203,0.0011,-1.0000
16.6654,1.0000,140.4742,0.8588,0.2734,16.7228,16.6124,15.3616,0.0011,-1.0000
16.6680,1.0000,140.4907,1.0290,0.2901,16.6261,16.6633,15.5245,0.0011,-1.0000
16.6665,1.0000,140.5074,1.1337,0.2851,16.6644,16.6602,15.6958,0.0010,-1.0000
16.6665,1.0000,140.5241,1.1819,0.3063,16.7100,16.6964,15.5994,0.0009,-1.0000
16.6670,1.0000,140.5408,1.2499,0.3812,16.6182,16.6632,15.6502,0.0009,-1.0000
16.6664,1.0000,140.5574,1.1378,0.2971,16.6689,16.6548,15.5554,0.0009,-1.0000
16.6665,1.0000,140.5741,0.9633,0.3137,16.6662,16.6763,15.6320,0.0009,-1.0000
16.7269,1.0000,140.5908,1.0964,0.2917,16.7019,16.7421,15.7400,0.0010,-1.0000
16.6658,1.0000,140.6075,1.0123,0.3312,16.6686,16.6252,15.6115,0.0010,-1.0000
16.6670,1.0000,140.6242,1.0985,0.2969,16.6602,16.6691,15.6512,0.0009,-1.0000
16.6670,1.0000,140.6409,1.0439,0.3237,16.6813,16.7338,15.5288,0.0008,-1.0000
16.6671,1.0000,140.6575,1.0010,0.3130,16.7476,16.5873,15.5942,0.0009,-1.0000
16.6669,1.0000,140.6742,1.0130,0.3278,16.6304,16.6641,15.6580,0.0009,-1.0000
16.6666,1.0000,140.6908,1.0168,0.3009,16.6740,16.6869,15.6633,0.0009,-1.0000
16.6672,1.0000,140.7076,1.2039,0.2730,16.7382,16.5969,15.7245,0.0011,-1.0000
16.6656,1.0000,140.7242,0.9923,0.3000,16.5927,16.7063,15.4627,0.0012,-1.0000
16.6671,1.0000,140.7408,1.0054,0.2873,16.6699,16.6449,15.6850,0.0008,-1.0000
16.6681,1.0000,140.7575,1.0229,0.2675,16.6916,16.6673,15.7215,0.0011,-1.0000
16.6662,1.0000,140.7742,0.8713,0.2706,16.6013,16.6654,15.6267,0.0010,-1.0000
16.6664,1.0000,140.7908,1.2423,0.2516,16.7119,16.6579,15.6867,0.0009,-1.0000
16.6669,1.0000,140.8075,0.9591,0.2647,16.6487,16.6682,15.6562,0.0009,-1.0000
16.6671,1.0000,140.8242,0.9449,0.2890,16.6730,16.6751,15.5999,0.0011,-1.0000
16.7212,1.0000,140.8410,1.0378,0.2575,16.6711,16.7411,15.6184,0.0012,-1.0000
16.6651,1.0000,140.8576,0.9706,0.2792,16.6632,16.6032,15.4976,0.0009,-1.0000
16.6668,1.0000,140.8742,1.0110,0.2745,16.6735,16.6760,15.6683,0.0009,-1.0000
16.6674,1.0000,140.8909,1.0744,0.2699,16.6806,16.7642,15.5534,0.0009,-1.0000
16.6672,1.0000,140.9076,1.1216,0.2835,16.7477,16.5485,15.5201,0.0011,-1.0000
16.6662,1.0000,140.9242,1.1047,0.2602,16.6085,16.6568,15.6422,0.0012,-1.0000
16.6669,1.0000,140.9409,1.0068,0.2831,16.6805,16.6685,15.7114,0.0009,-1.0000
16.6668,1.0000,140.9576,1.2100,0.3003,16.7692,16.6322,15.5333,0.0012,-1.0000
16.6675,1.0000,140.9742,1.0273,0.2568,16.5538,16.6606,15.5981,0.0013,-1.0000
16.6656,1.0000,140.9908,1.0132,0.2883,16.6620,16.6520,15.5435,0.0010,-1.0000
16.6668,1.0000,141.0075,0.9560,0.2671,16.6740,16.6682,15.8206,0.0012,-1.0000
16.6670,1.0000,141.0242,1.0980,0.3008,16.6376,16.6629,15.6367,0.0009,-1.0000
16.6674,1.0000,141.0409,1.0613,0.2742,16.6669,16.6664,15.6852,0.0010,-1.0000
16.6659,1.0000,141.0576,1.1075,0.2602,16.6574,16.6860,15.3869,0.0009,-1.0000
16.6663,1.0000,141.0742,0.8465,0.2794,16.6736,16.6738,15.6019,0.0009,-1.0000
16.6679,1.0000,141.0908,1.0253,0.2755,16.6678,16.6557,15.6591,0.0010,-1.0000
16.6664,1.0000,141.1076,0.9803,0.3663,16.6723,16.6562,15.7258,0.0009,-1.0000
16.6668,1.0000,141.1243,1.2980,0.2747,16.6917,16.6818,15.6523,0.0008,-1.0000
16.6676,1.0000,141.1410,1.0709,0.2790,16.6791,16.6878,15.4383,0.0011,-1.0000
16.6653,1.0000,141.1576,0.9956,0.2659,16.6606,16.6254,15.4961,0.0009,-1.0000
16.6667,1.0000,141.1742,0.9295,0.2652,16.6611,16.6424,15.5379,0.0014,-1.0000
16.6668,1.0000,141.1909,1.0287,0.3368,16.6869,16.7015,15.6486,0.0009,-1.0000
16.6670,1.0000,141.2075,1.2484,0.2799,16.6938,16.5937,15.7173,0.0010,-1.0000
16.6662,1.0000,141.2242,1.1287,0.2640,16.6306,16.6636,15.6094,0.0010,-1.0000
16.6678,1.0000,141.2409,1.1031,0.2653,16.6475,16.6644,15.6800,0.0010,-1.0000
16.6678,1.0000,141.2576,1.0520,0.2595,16.7061,16.6735,15.6533,0.0010,-1.0000
16.6655,1.0000,141.2742,0.8753,0.2974,16.5980,16.6506,15.4317,0.0009,-1.0000
16.6667,1.0000,141.2908,1.0532,0.2953,16.6684,16.6640,15.6622,0.0010,-1.0000
16.6667,1.0000,141.3076,0.9834,0.2681,16.6692,16.7032,15.5763,0.0009,-1.0000
16.6670,1.0000,141.3242,1.0195,0.2767,16.6793,16.6151,15.4339,0.0009,-1.0000
16.6667,1.0000,141.3408,1.2178,0.2734,16.6558,16.6606,15.6759,0.0011,-1.0000
16.6662,1.0000,141.3575,1.0010,0.3066,16.6694,16.6651,15.7099,0.0013,-1.0000
16.6674,1.0000,141.3753,1.1263,0.2788,16.7089,16.6670,15.7324,0.0009,-1.0000
16.6661,1.0000,141.3907,1.1804,0.2618,16.6201,16.6516,14.3868,0.0011,-1.0000
16.6674,1.0000,141.4075,0.9836,0.2636,16.6659,16.6705,15.7987,0.0011,-1.0000
16.6675,1.0000,141.4242,0.9542,0.2487,16.6700,16.6630,15.7067,0.0011,-1.0000
16.6660,1.0000,141.4409,0.9336,0.3687,16.6720,16.6570,15.5947,0.0014,-1.0000
16.6681,1.0000,141.4576,2.2634,0.3039,16.6568,16.6649,15.6598,0.0012,-1.0000
16.6663,1.0000,141.4742,0.8708,0.3012,16.6752,16.6624,15.4938,0.0009,-1.0000
16.6681,1.0000,141.4909,0.9554,0.3220,16.6698,16.6670,15.5409,0.0009,-1.0000
16.6664,1.0000,141.5076,1.0607,0.3140,16.6622,16.6537,15.5023,0.0009,-1.0000
16.6662,1.0000,141.5244,1.0038,0.3307,16.6714,16.6573,15.3328,0.0011,-1.0000
16.6672,1.0000,141.5410,1.1678,0.3374,16.6688,16.6576,15.2773,0.0015,-1.0000
16.6674,1.0000,141.5576,1.1251,0.3628,16.6744,16.6690,15.3473,0.0012,-1.0000
16.6663,1.0000,141.5743,1.1505,0.3573,16.6622,16.6497,15.3894,0.0012,-1.0000
16.6662,1.0000,141.5909,1.3230,0.3580,16.6646,16.7010,15.4479,0.0012,-1.0000
16.6658,1.0000,141.6076,1.3787,0.3652,16.6651,16.6093,15.5232,0.0013,-1.0000
16.6665,1.0000,141.6242,1.3206,0.3632,16.6782,16.6569,15.5140,0.0011,-1.0000
16.6662,1.0000,141.6409,1.2589,0.3199,16.6591,16.7074,15.3997,0.0010,-1.0000
16.6676,1.0000,141.6576,1.2520,0.3307,16.7089,16.6240,15.5033,0.0009,-1.0000
16.6670,1.0000,141.6743,1.0849,0.3209,16.6170,16.6579,15.4891,0.0011,-1.0000
16.6678,1.0000,141.6909,1.1418,0.3352,16.6629,16.7196,15.5196,0.0008,-1.0000
16.6646,1.0000,141.7076,1.3067,0.3150,16.7130,16.5910,15.4429,0.0014,-1.0000
16.6665,1.0000,141.7242,1.1198,0.3098,16.6297,16.6610,15.4337,0.0013,-1.0000
16.6692,1.0000,141.7410,1.1677,0.3059,16.6641,16.6747,15.5767,0.0010,-1.0000
16.6668,1.0000,141.7576,1.1994,0.3291,16.7278,16.7090,15.3883,0.0011,-1.0000
16.6670,1.0000,141.7743,1.1468,0.3078,16.5971,16.6655,15.3665,0.0010,-1.0000
16.6656,1.0000,141.7909,1.2263,0.3080,16.6659,16.6341,15.3008,0.0011,-1.0000
16.6667,1.0000,141.8076,1.0970,0.3398,16.6812,16.6756,15.3964,0.0012,-1.0000
16.6678,1.0000,141.8244,1.3194,0.3441,16.7163,16.6957,15.2923,0.0011,-1.0000
16.6677,1.0000,141.8411,1.2980,0.3768,16.6752,16.6250,15.2515,0.0012,-1.0000
16.6664,1.0000,141.8577,1.3321,0.3263,16.6417,16.6433,15.0486,0.0012,-1.0000
16.6660,1.0000,141.8746,1.2780,0.3388,16.6825,16.7543,15.3345,0.0011,-1.0000
16.6674,1.0000,141.8909,1.4024,0.3079,16.7041,16.5739,14.7691,0.0014,-1.0000
16.6669,1.0000,141.9077,1.3724,0.3477,16.6349,16.6541,15.4246,0.0013,-1.0000
16.6666,1.0000,141.9243,1.5934,0.3328,16.6523,16.6933,15.1831,0.0014,-1.0000
16.6644,1.0000,141.9409,1.4188,0.3192,16.7633,16.5660,15.2523,0.0010,-1.0000
16.6658,1.0000,141.9576,1.8034,0.3158,16.5824,16.7072,15.5465,0.0011,-1.0000
16.6666,1.0000,141.9742,1.2283,0.3455,16.6631,16.6561,15.3653,0.0010,-1.0000
16.6666,1.0000,141.9908,1.5087,0.3104,16.7016,16.6455,15.3697,0.0010,-1.0000
16.6672,1.0000,142.0076,1.3126,0.2934,16.5732,16.6977,15.7292,0.0013,-1.0000
16.6666,1.0000,142.0242,1.1600,0.3202,16.7125,16.6387,15.3516,0.0012,-1.0000
16.6671,1.0000,142.0409,1.2897,0.2974,16.6611,16.6680,15.6128,0.0010,-1.0000
16.6669,1.0000,142.0576,1.2750,0.2665,16.6505,16.6721,15.3511,0.0012,-1.0000
16.6670,1.0000,142.0743,0.9677,0.2800,16.7045,16.6812,15.5564,0.0012,-1.0000
16.6673,1.0000,142.0908,1.2859,0.2669,16.6445,16.6241,15.5398,0.0012,-1.0000
16.6659,1.0000,142.1076,1.0541,0.3106,16.6734,16.6491,15.5937,0.0011,-1.0000
16.6682,1.0000,142.1245,1.3199,0.2790,16.6776,16.8021,15.5880,0.0010,-1.0000
16.6675,1.0000,142.1410,1.1236,0.2802,16.6867,16.5298,14.9587,0.0011,-1.0000
16.6663,1.0000,142.1577,1.0832,0.2928,16.6294,16.6706,15.3529,0.0012,-1.0000
16.6666,1.0000,142.1743,1.0544,0.2771,16.6546,16.6445,15.4198,0.0011,-1.0000
16.6672,1.0000,142.1908,1.2130,0.3573,16.8081,16.6300,15.4146,0.0011,-1.0000
16.6675,1.0000,142.2076,1.5697,0.3650,16.5381,16.6589,15.5948,0.0008,-1.0000
16.6651,1.0000,142.2242,1.3164,0.2946,16.6781,16.6538,15.2356,0.0016,-1.0000
16.6690,1.0000,142.2410,1.2234,0.3353,16.6517,16.6740,15.4895,0.0015,-1.0000
16.6673,1.0000,142.2576,1.2143,0.2924,16.6368,16.6582,15.4117,0.0014,-1.0000
16.6665,1.0000,142.2743,1.0632,0.4220,16.6670,16.6558,15.3951,0.0014,-1.0000
16.6661,1.0000,142.2909,1.4166,0.2949,16.6609,16.6867,15.4766,0.0011,-1.0000
16.6654,1.0000,142.3076,1.1831,0.3108,16.6816,16.6646,15.3435,0.0012,-1.0000
16.6654,1.0000,142.3242,1.2447,0.3391,16.6678,16.6882,15.5583,0.0011,-1.0000
16.6669,1.0000,142.3409,1.2591,0.3300,16.6659,16.6181,15.6803,0.0010,-1.0000
16.6668,1.0000,142.3575,1.2089,0.3892,16.6956,16.6692,15.6587,0.0010,-1.0000
16.6671,1.0000,142.3743,1.3198,0.3371,16.6714,16.6877,15.6901,0.0009,-1.0000
16.6670,1.0000,142.3908,1.1287,0.2495,16.6934,16.6290,15.4911,0.0011,-1.0000
16.6656,1.0000,142.4076,0.9367,0.2857,16.6235,16.6506,15.6369,0.0008,-1.0000
16.6666,1.0000,142.4243,1.0098,0.2648,16.6743,16.7042,15.6552,0.0010,-1.0000
16.6667,1.0000,142.4408,0.9966,0.2726,16.6922,16.5895,15.5716,0.0010,-1.0000
16.6668,1.0000,142.4575,1.1366,0.2644,16.6347,16.6628,15.7375,0.0008,-1.0000
16.6667,1.0000,142.4742,1.0128,0.2595,16.6557,16.6596,15.6306,0.0009,-1.0000
16.6674,1.0000,142.4908,1.0481,0.2935,16.7103,16.6689,15.6492,0.0010,-1.0000
16.6672,1.0000,142.5075,1.0170,0.2885,16.5946,16.6642,15.7689,0.0009,-1.0000
16.6665,1.0000,142.5242,0.9244,0.2594,16.6674,16.6581,15.6838,0.0010,-1.0000
16.6668,1.0000,142.5410,1.0283,0.2577,16.6644,16.7155,15.6772,0.0008,-1.0000
16.6671,1.0000,142.5576,1.0189,0.3168,16.6735,16.6074,15.2501,0.0015,-1.0000
16.6658,1.0000,142.5742,0.8946,0.2609,16.6693,16.6836,15.6317,0.0009,-1.0000
16.6670,1.0000,142.5908,0.9734,0.2649,16.6634,16.6362,15.7222,0.0011,-1.0000
16.6666,1.0000,142.6075,1.0376,0.2851,16.7217,16.6612,15.7211,0.0008,-1.0000
16.6666,1.0000,142.6242,1.3560,0.2893,16.6131,16.6647,15.7290,0.0011,-1.0000
16.6665,1.0000,142.6408,1.0508,0.2744,16.6888,16.6576,15.5101,0.0011,-1.0000
16.6680,1.0000,142.6575,0.9132,0.2644,16.6409,16.6710,15.7274,0.0012,-1.0000
16.6661,1.0000,142.6742,0.9390,0.2484,16.6659,16.6525,15.6065,0.0014,-1.0000
16.6661,1.0000,142.6908,0.9346,0.2726,16.6699,16.6626,15.7206,0.0012,-1.0000
16.6671,1.0000,142.7076,1.1463,0.2536,16.6625,16.6621,15.8470,0.0009,-1.0000
16.6686,1.0000,142.7242,0.9426,0.2633,16.6756,16.6749,15.5164,0.0011,-1.0000
16.6649,1.0000,142.7408,1.0444,0.2584,16.6582,16.6484,15.5574,0.0010,-1.0000
16.6673,1.0000,142.7575,0.9410,0.2588,16.6672,16.6666,15.7301,0.0010,-1.0000
16.6659,1.0000,142.7742,0.8144,0.2810,16.6667,16.6567,15.7369,0.0009,-1.0000
16.6680,1.0000,142.7908,1.1572,0.3179,16.6808,16.6726,15.7478,0.0008,-1.0000
16.6660,1.0000,142.8075,1.0903,0.2496,16.6535,16.6548,15.5444,0.0013,-1.0000
16.6669,1.0000,142.8242,0.9355,0.2653,16.6712,16.6983,15.6367,0.0011,-1.0000
16.6677,1.0000,142.8409,0.9190,0.2560,16.6613,16.6664,15.6237,0.0010,-1.0000
16.6659,1.0000,142.8575,0.9238,0.2644,16.6779,16.6194,15.5061,0.0007,-1.0000
16.6671,1.0000,142.8743,1.1090,0.2472,16.6597,16.7041,15.7042,0.0010,-1.0000
16.6660,1.0000,142.8908,1.0606,0.2665,16.7033,16.6132,15.4032,0.0010,-1.0000
16.6669,1.0000,142.9075,1.0414,0.2688,16.6722,16.6649,15.7262,0.0009,-1.0000
16.6668,1.0000,142.9242,1.1126,0.2968,16.6245,16.7049,15.6621,0.0008,-1.0000
16.6665,1.0000,142.9409,0.9988,0.2854,16.7099,16.6203,15.5882,0.0011,-1.0000
16.6674,1.0000,142.9576,1.2089,0.2818,16.6191,16.6624,15.5993,0.0013,-1.0000
16.6671,1.0000,142.9743,0.9375,0.2776,16.6693,16.6727,15.5307,0.0011,-1.0000
16.6667,1.0000,142.9908,1.0417,0.2788,16.7097,16.6912,15.4360,0.0012,-1.0000
16.6668,1.0000,143.0077,1.0313,0.2827,16.6254,16.6658,15.6270,0.0011,-1.0000
16.6653,1.0000,143.0242,1.0616,0.3147,16.6680,16.6467,15.0381,0.0016,-1.0000
16.6684,1.0000,143.0410,1.1408,0.3133,16.6794,16.6813,15.6939,0.0013,-1.0000
16.6657,1.0000,143.0576,1.2540,0.3053,16.6969,16.6755,15.3744,0.0010,-1.0000
16.6667,1.0000,143.0742,1.0377,0.3251,16.6719,16.6213,15.5605,0.0013,-1.0000
16.6675,1.0000,143.0909,1.6073,0.2605,16.6520,16.6686,15.7285,0.0009,-1.0000
16.6668,1.0000,143.1077,0.9860,0.2886,16.6872,16.7404,15.5692,0.0011,-1.0000
16.6667,1.0000,143.1242,1.3004,0.2565,16.6807,16.5794,15.5749,0.0012,-1.0000
16.6668,1.0000,143.1410,1.0596,0.2559,16.6262,16.6830,15.5454,0.0009,-1.0000
16.6651,1.0000,143.1575,0.9394,0.2737,16.6736,16.6715,15.5115,0.0013,-1.0000
16.6685,1.0000,143.1742,1.1704,0.2706,16.7464,16.6025,15.6907,0.0010,-1.0000
16.6683,1.0000,143.1912,1.0033,0.2874,16.5841,16.7228,15.6672,0.0010,-1.0000
16.6656,1.0000,143.2076,1.1367,0.2699,16.6890,16.6453,15.1703,0.0011,-1.0000
16.6656,1.0000,143.2242,1.1588,0.3231,16.6766,16.6635,15.3329,0.0011,-1.0000
16.6684,1.0000,143.2409,0.9108,0.2647,16.6075,16.6549,15.5951,0.0009,-1.0000
16.6648,1.0000,143.2575,1.0546,0.3762,16.7309,16.6365,15.5771,0.0010,-1.0000
16.6669,1.0000,143.2743,1.4739,0.3618,16.6528,16.6822,15.6399,0.0010,-1.0000
16.6669,1.0000,143.2909,1.3294,0.3256,16.6699,16.6781,15.5850,0.0011,-1.0000
16.6663,1.0000,143.3076,1.0590,0.3146,16.6610,16.6334,15.5149,0.0009,-1.0000
16.6668,1.0000,143.3242,1.0584,0.3040,16.6420,16.6440,15.6390,0.0012,-1.0000
16.6678,1.0000,143.3411,1.0416,0.2906,16.6870,16.7698,15.7162,0.0010,-1.0000
16.6665,1.0000,143.3576,1.0922,0.3073,16.6832,16.5780,15.3517,0.0011,-1.0000
16.6672,1.0000,143.3743,1.1177,0.2885,16.6386,16.6759,15.6010,0.0011,-1.0000
16.6668,1.0000,143.3908,1.0037,0.2831,16.6488,16.6350,15.4279,0.0011,-1.0000
16.6662,1.0000,143.4075,1.0528,0.3097,16.7746,16.6326,15.5786,0.0012,-1.0000
16.6667,1.0000,143.4242,1.2253,0.3615,16.5833,16.6565,15.7262,0.0010,-1.0000
16.6658,1.0000,143.4408,1.0739,0.2679,16.6810,16.6612,15.6967,0.0010,-1.0000
16.6684,1.0000,143.4576,1.2058,0.2724,16.6412,16.6692,15.7549,0.0009,-1.0000
16.6668,1.0000,143.4743,1.0527,0.2889,16.6381,16.6787,15.3957,0.0012,-1.0000
16.6649,1.0000,143.4908,0.9294,0.2667,16.6618,16.6375,15.5127,0.0012,-1.0000
16.6685,1.0000,143.5076,0.9636,0.2827,16.6658,16.6895,15.7148,0.0010,-1.0000
16.6655,1.0000,143.5242,0.9134,0.2951,16.6742,16.6825,15.5531,0.0012,-1.0000
16.6673,1.0000,143.5409,1.2819,0.2838,16.6851,16.6587,15.6982,0.0011,-1.0000
16.6664,1.0000,143.5575,1.1238,0.3776,16.6417,16.6573,15.6189,0.0012,-1.0000
16.6667,1.0000,143.5742,0.9739,0.2729,16.6948,16.6615,15.6800,0.0009,-1.0000
16.6680,1.0000,143.5909,1.1286,0.2597,16.6877,16.7387,15.6767,0.0009,-1.0000
16.6658,1.0000,143.6076,0.9597,0.3122,16.6639,16.5794,15.6273,0.0012,-1.0000
16.6664,1.0000,143.6242,1.0378,0.2661,16.6628,16.6475,15.6763,0.0009,-1.0000
16.6671,1.0000,143.6409,0.9807,0.2973,16.6666,16.7111,15.5236,0.0010,-1.0000
16.6670,1.0000,143.6575,1.0612,0.2594,16.7437,16.5885,15.6598,0.0010,-1.0000
16.6675,1.0000,143.6742,0.9510,0.2625,16.5849,16.6662,15.7776,0.0008,-1.0000
16.6647,1.0000,143.6908,0.9705,0.2672,16.6522,16.6555,15.6485,0.0010,-1.0000
16.6679,1.0000,143.7075,1.1866,0.2494,16.7161,16.6668,15.8413,0.0009,-1.0000
16.6670,1.0000,143.7242,0.9278,0.2569,16.5936,16.6700,15.6068,0.0009,-1.0000
16.6661,1.0000,143.7408,0.8876,0.2694,16.6711,16.6516,15.6620,0.0010,-1.0000
16.6672,1.0000,143.7576,1.0061,0.2535,16.6601,16.7071,15.7991,0.0012,-1.0000
16.6664,1.0000,143.7742,0.8246,0.2639,16.6708,16.6166,15.5189,0.0010,-1.0000
16.6676,1.0000,143.7908,1.0624,0.2589,16.6748,16.6646,15.7194,0.0008,-1.0000
16.6658,1.0000,143.8075,0.9886,0.2380,16.6567,16.6623,15.5459,0.0015,-1.0000
16.6679,1.0000,143.8242,0.9072,0.2633,16.7117,16.6626,15.7280,0.0008,-1.0000
16.6673,1.0000,143.8409,1.0967,0.2830,16.6221,16.6699,15.6968,0.0009,-1.0000
16.6654,1.0000,143.8579,0.9443,0.2638,16.6695,16.6505,15.5723,0.0009,-1.0000
16.6672,1.0000,143.8742,1.1149,0.2852,16.6672,16.6676,15.2260,0.0011,-1.0000
16.6660,1.0000,143.8907,0.9337,0.3351,16.6675,16.6548,15.4944,0.0010,-1.0000
16.6676,1.0000,143.9075,0.9720,0.2736,16.6754,16.6686,15.7908,0.0008,-1.0000
16.6668,1.0000,143.9242,1.0770,0.3720,16.6560,16.6586,15.7123,0.0010,-1.0000
16.6662,1.0000,143.9409,1.4405,0.3043,16.6726,16.6679,15.6649,0.0009,-1.0000
16.6670,1.0000,143.9576,1.1595,0.3111,16.6607,16.6551,15.7003,0.0010,-1.0000
16.6666,1.0000,143.9742,0.8769,0.3192,16.6732,16.6585,15.6170,0.0010,-1.0000
16.6677,1.0000,143.9908,0.9454,0.3164,16.6638,16.6648,15.6937,0.0009,-1.0000
16.6659,1.0000,144.0075,1.0025,0.3206,16.6726,16.6582,15.7370,0.0009,-1.0000
16.6668,1.0000,144.0242,0.9539,0.3649,16.6601,16.6684,15.7139,0.0010,-1.0000
16.6666,1.0000,144.0410,1.0406,0.2867,16.6635,16.6948,15.6650,0.0009,-1.0000
16.6661,1.0000,144.0575,0.9702,0.3440,16.6696,16.6219,15.2574,0.0014,-1.0000
16.6670,1.0000,144.0742,0.9206,0.2919,16.6638,16.6626,15.7583,0.0008,-1.0000
16.6681,1.0000,144.0909,0.9536,0.2915,16.6733,16.7226,15.7852,0.0010,-1.0000
16.6661,1.0000,144.1075,1.0289,0.3751,16.7004,16.6052,15.6826,0.0010,-1.0000
16.6659,1.0000,144.1242,1.3632,0.2538,16.6257,16.6547,15.6891,0.0010,-1.0000
16.6679,1.0000,144.1409,0.9035,0.2453,16.6671,16.7132,15.6325,0.0010,-1.0000
16.6655,1.0000,144.1575,0.9368,0.2730,16.7288,16.6136,15.5111,0.0011,-1.0000
16.6672,1.0000,144.1742,0.9217,0.2877,16.6107,16.6633,15.7943,0.0008,-1.0000
16.6669,1.0000,144.1908,0.9647,0.2843,16.6595,16.6578,15.6503,0.0009,-1.0000
16.6670,1.0000,144.2076,1.0799,0.3096,16.7190,16.7071,15.7855,0.0008,-1.0000
16.6668,1.0000,144.2243,1.1013,0.2482,16.6188,16.6638,15.5110,0.0011,-1.0000
16.6669,1.0000,144.2409,0.8682,0.3541,16.6687,16.6524,15.6277,0.0009,-1.0000
16.6668,1.0000,144.2576,1.0067,0.2841,16.6627,16.6712,15.6715,0.0009,-1.0000
16.6674,1.0000,144.2743,0.9209,0.2669,16.7125,16.7028,15.6352,0.0008,-1.0000
16.6667,1.0000,144.2909,1.1517,0.2673,16.6696,16.6168,15.5988,0.0009,-1.0000
16.6665,1.0000,144.3076,1.0239,0.2659,16.6577,16.6581,15.4585,0.0013,-1.0000
16.6653,1.0000,144.3242,0.9987,0.2557,16.6773,16.7243,15.4833,0.0014,-1.0000
16.6672,1.0000,144.3409,1.0664,0.2868,16.7079,16.5919,15.6789,0.0009,-1.0000
16.6667,1.0000,144.3576,1.0171,0.3013,16.6222,16.6641,15.7084,0.0011,-1.0000
16.6669,1.0000,144.3744,1.1986,0.2862,16.6644,16.6902,15.6423,0.0009,-1.0000
16.6669,1.0000,144.3908,1.2396,0.2699,16.7295,16.5952,15.3289,0.0010,-1.0000
16.6668,1.0000,144.4076,0.9122,0.2591,16.5970,16.7202,15.7557,0.0007,-1.0000
16.6664,1.0000,144.4242,0.9546,0.2876,16.6697,16.6476,15.6671,0.0009,-1.0000
16.6660,1.0000,144.4409,1.0470,0.3513,16.6956,16.6372,15.6601,0.0008,-1.0000
16.6680,1.0000,144.4576,1.2652,0.2960,16.6007,16.6925,15.7507,0.0010,-1.0000
16.6670,1.0000,144.4742,0.9636,0.3473,16.7256,16.6497,15.4448,0.0010,-1.0000
16.6664,1.0000,144.4908,0.9795,0.2843,16.6531,16.6589,15.6115,0.0009,-1.0000
16.6668,1.0000,144.5076,0.9762,0.2952,16.6416,16.6687,15.7490,0.0009,-1.0000
16.6668,1.0000,144.5243,0.9410,0.3368,16.6982,16.6866,15.5777,0.0009,-1.0000
16.6665,1.0000,144.5409,1.2040,0.2835,16.6555,16.6256,15.6171,0.0009,-1.0000
16.6664,1.0000,144.5575,1.0466,0.3339,16.6645,16.6548,15.5061,0.0009,-1.0000
16.6666,1.0000,144.5743,0.9189,0.3051,16.6741,16.7500,15.6742,0.0011,-1.0000
16.6679,1.0000,144.5908,1.1080,0.2962,16.6920,16.5750,15.6524,0.0009,-1.0000
16.6656,1.0000,144.6076,1.0076,0.3477,16.6308,16.6744,15.7286,0.0009,-1.0000
16.6680,1.0000,144.6243,1.1476,0.2889,16.6604,16.6432,15.7158,0.0011,-1.0000
16.6664,1.0000,144.6409,1.0746,0.2867,16.7547,16.6377,15.5434,0.0010,-1.0000
16.6665,1.0000,144.6575,0.9218,0.2851,16.5805,16.6589,15.6818,0.0009,-1.0000
16.6667,1.0000,144.6742,0.9450,0.2747,16.6801,16.6576,15.6830,0.0013,-1.0000
16.6670,1.0000,144.6908,0.9262,0.3476,16.6483,16.6678,15.7004,0.0011,-1.0000
16.6666,1.0000,144.7076,1.0934,0.2862,16.6437,16.6554,15.7790,0.0012,-1.0000
16.6663,1.0000,144.7242,0.9762,0.2724,16.6637,16.6643,15.6031,0.0008,-1.0000
16.6675,1.0000,144.7409,0.9735,0.2839,16.6624,16.6894,15.6236,0.0009,-1.0000
16.6667,1.0000,144.7576,0.9666,0.2776,16.6734,16.6881,15.6716,0.0013,-1.0000
16.6667,1.0000,144.7742,0.8752,0.2985,16.6601,16.6484,15.6760,0.0008,-1.0000
16.6679,1.0000,144.7909,1.0604,0.2947,16.6696,16.6668,15.6336,0.0009,-1.0000
16.6653,1.0000,144.8076,1.0648,0.2757,16.6945,16.6544,15.5565,0.0013,-1.0000
16.6669,1.0000,144.8242,1.0154,0.2893,16.6939,16.6893,15.5595,0.0013,-1.0000
16.6678,1.0000,144.8409,0.9717,0.2904,16.6538,16.6306,15.6762,0.0010,-1.0000
16.6655,1.0000,144.8575,1.0325,0.3045,16.6727,16.6524,15.5639,0.0011,-1.0000
16.6671,1.0000,144.8743,1.0964,0.2824,16.6604,16.7151,15.6989,0.0008,-1.0000
16.6665,1.0000,144.8908,1.1283,0.2807,16.6940,16.5810,15.4839,0.0010,-1.0000
16.6673,1.0000,144.9075,0.9533,0.3008,16.6361,16.6621,15.7732,0.0009,-1.0000
16.6663,1.0000,144.9242,1.0875,0.2933,16.6583,16.6559,15.7387,0.0009,-1.0000
16.6675,1.0000,144.9409,1.0153,0.2971,16.7201,16.6647,15.7227,0.0009,-1.0000
16.6660,1.0000,144.9575,1.0962,0.2874,16.5869,16.6582,15.6743,0.0009,-1.0000
16.6663,1.0000,144.9742,0.8882,0.2771,16.6671,16.6624,15.6602,0.0008,-1.0000
16.6670,1.0000,144.9908,0.9161,0.2885,16.6616,16.7093,15.7302,0.0009,-1.0000
16.6661,1.0000,145.0075,0.9413,0.3054,16.6700,16.6132,15.6390,0.0014,-1.0000
16.6673,1.0000,145.0242,0.9831,0.3624,16.6632,16.6648,15.7320,0.0009,-1.0000
16.6667,1.0000,145.0409,1.0013,0.2906,16.6673,16.6654,15.6538,0.0009,-1.0000
16.6666,1.0000,145.0575,0.9780,0.3160,16.7142,16.6565,15.6065,0.0010,-1.0000
16.6669,1.0000,145.0742,0.9732,0.2741,16.6182,16.6615,15.7189,0.0009,-1.0000
16.6678,1.0000,145.0908,0.9319,0.3052,16.6701,16.6694,15.7735,0.0009,-1.0000
16.6661,1.0000,145.1075,1.0109,0.3306,16.6709,16.6604,15.7127,0.0010,-1.0000
16.6669,1.0000,145.1242,1.0490,0.2767,16.6618,16.6552,15.7204,0.0009,-1.0000
16.6667,1.0000,145.1408,0.9418,0.2751,16.6662,16.6595,15.6096,0.0009,-1.0000
16.6660,1.0000,145.1575,0.8951,0.2931,16.6743,16.6698,15.7324,0.0010,-1.0000
16.6671,1.0000,145.1742,0.9464,0.2973,16.6660,16.6576,15.7073,0.0011,-1.0000
16.6659,1.0000,145.1908,0.9338,0.2938,16.6602,16.6602,15.7021,0.0010,-1.0000
16.6670,1.0000,145.2075,1.0489,0.3471,16.6643,16.6614,15.8705,0.0010,-1.0000
16.6670,1.0000,145.2242,0.9364,0.2875,16.6744,16.6633,15.6081,0.0009,-1.0000
16.6676,1.0000,145.2409,0.9491,0.2833,16.6627,16.6678,15.7767,0.0009,-1.0000
16.6671,1.0000,145.2575,0.9573,0.2729,16.6650,16.6589,15.6759,0.0011,-1.0000
16.6668,1.0000,145.2743,0.7897,0.2997,16.6661,16.7027,15.7006,0.0010,-1.0000
16.6669,1.0000,145.2908,1.0544,0.2968,16.6678,16.6257,15.5929,0.0010,-1.0000
16.6664,1.0000,145.3076,0.8904,0.2806,16.6722,16.6588,15.6292,0.0011,-1.0000
16.6663,1.0000,145.3242,0.9820,0.2935,16.6653,16.7030,15.6720,0.0011,-1.0000
16.6668,1.0000,145.3409,1.0013,0.3208,16.7082,16.6155,15.6792,0.0012,-1.0000
16.6662,1.0000,145.3575,1.0319,0.3351,16.6306,16.6624,15.7347,0.0010,-1.0000
16.6678,1.0000,145.3743,1.0284,0.2996,16.6645,16.7121,15.7683,0.0010,-1.0000
16.6656,1.0000,145.3908,1.0297,0.2956,16.7083,16.6046,15.4625,0.0010,-1.0000
16.6675,1.0000,145.4075,0.9352,0.2772,16.6203,16.6663,15.8098,0.0007,-1.0000
16.6675,1.0000,145.4242,0.9266,0.2893,16.6675,16.6648,15.7219,0.0009,-1.0000
16.6655,1.0000,145.4409,0.9427,0.3163,16.7171,16.6949,15.6997,0.0009,-1.0000
16.6668,1.0000,145.4576,1.1412,0.2779,16.6094,16.6595,15.7470,0.0009,-1.0000
16.6672,1.0000,145.4742,0.8558,0.3443,16.6708,16.6649,15.5331,0.0009,-1.0000
16.6667,1.0000,145.4908,0.9422,0.2954,16.6706,16.6652,15.6768,0.0010,-1.0000
16.6676,1.0000,145.5076,0.9943,0.2830,16.7004,16.7054,15.8171,0.0011,-1.0000
16.6665,1.0000,145.5242,0.9117,0.3813,16.6642,16.6139,15.6320,0.0008,-1.0000
16.6660,1.0000,145.5409,1.1309,0.2741,16.6700,16.6562,15.6761,0.0012,-1.0000
16.6670,1.0000,145.5576,0.9876,0.3216,16.6708,16.7423,15.6086,0.0010,-1.0000
16.6674,1.0000,145.5744,0.8868,0.2817,16.7103,16.5906,15.5644,0.0010,-1.0000
16.6666,1.0000,145.5910,0.9810,0.2736,16.6191,16.6742,15.4334,0.0009,-1.0000
16.6659,1.0000,145.6076,0.9789,0.3369,16.6612,16.6755,15.5730,0.0009,-1.0000
16.6667,1.0000,145.6242,1.1326,0.3031,16.7478,16.5937,15.6609,0.0013,-1.0000
16.6668,1.0000,145.6409,1.0253,0.2607,16.5957,16.6984,15.4610,0.0013,-1.0000
16.6674,1.0000,145.6576,1.2398,0.2660,16.6802,16.6795,15.7041,0.0010,-1.0000
16.6666,1.0000,145.6742,1.1017,0.2498,16.6805,16.6480,15.6469,0.0011,-1.0000
16.6665,1.0000,145.6908,0.9316,0.2710,16.5983,16.6553,15.7027,0.0010,-1.0000
16.6677,1.0000,145.7076,1.2362,0.3198,16.7036,16.6671,15.8210,0.0010,-1.0000
16.6663,1.0000,145.7243,0.9747,0.2556,16.6847,16.6701,15.4728,0.0013,-1.0000
16.6672,1.0000,145.7410,1.0003,0.2560,16.6536,16.6821,15.6250,0.0010,-1.0000
16.6667,1.0000,145.7576,0.9518,0.2586,16.6609,16.6268,15.6290,0.0010,-1.0000
16.6660,1.0000,145.7742,0.8452,0.2762,16.6727,16.6499,15.6906,0.0010,-1.0000
16.6669,1.0000,145.7910,1.1965,0.3011,16.6765,16.7766,15.7510,0.0009,-1.0000
16.6669,1.0000,145.8076,1.0563,0.2602,16.6885,16.5436,15.5055,0.0011,-1.0000
16.6663,1.0000,145.8242,0.9969,0.2590,16.6325,16.6639,15.6449,0.0009,-1.0000
16.6679,1.0000,145.8410,0.9587,0.2806,16.6547,16.6916,15.7375,0.0009,-1.0000
16.6657,1.0000,145.8575,1.0248,0.3011,16.7819,16.6026,15.5008,0.0010,-1.0000
16.6669,1.0000,145.8743,1.0371,0.2608,16.5499,16.6652,15.7056,0.0009,-1.0000
16.6677,1.0000,145.8908,1.0183,0.2943,16.6688,16.6597,15.5977,0.0010,-1.0000
16.6666,1.0000,145.9075,0.9537,0.2690,16.6980,16.6618,15.7342,0.0008,-1.0000
16.6671,1.0000,145.9242,1.1011,0.2634,16.6075,16.6631,15.7414,0.0009,-1.0000
16.6652,1.0000,145.9408,0.9586,0.3038,16.6705,16.6575,15.7242,0.0011,-1.0000
16.6677,1.0000,145.9576,1.0610,0.2760,16.6658,16.7040,15.6897,0.0013,-1.0000
16.6670,1.0000,145.9742,0.9264,0.2829,16.6667,16.6663,15.5905,0.0012,-1.0000
16.6662,1.0000,145.9908,0.9208,0.2520,16.6685,16.6468,15.6919,0.0009,-1.0000
16.6668,1.0000,146.0076,0.9325,0.2533,16.6627,16.6824,15.8508,0.0009,-1.0000
16.6670,1.0000,146.0243,1.0129,0.2933,16.7092,16.6530,15.6673,0.0009,-1.0000
16.6657,1.0000,146.0409,1.0748,0.2538,16.6716,16.6839,15.6724,0.0010,-1.0000
16.6680,1.0000,146.0576,0.9538,0.2429,16.6517,16.6371,15.5185,0.0009,-1.0000
16.6664,1.0000,146.0743,0.8307,0.2485,16.6886,16.6766,15.6154,0.0011,-1.0000
16.6669,1.0000,146.0909,0.9847,0.2655,16.6588,16.6862,15.6573,0.0013,-1.0000
16.6668,1.0000,146.1075,1.0106,0.2925,16.6892,16.5763,15.6963,0.0008,-1.0000
16.6662,1.0000,146.1242,1.1179,0.2741,16.6426,16.6612,15.6916,0.0010,-1.0000
16.6684,1.0000,146.1409,1.0601,0.2527,16.6823,16.6683,15.6743,0.0010,-1.0000
16.6653,1.0000,146.1575,1.0277,0.2816,16.6921,16.6580,15.5984,0.0008,-1.0000
16.6678,1.0000,146.1742,0.8792,0.2500,16.5813,16.6671,15.7353,0.0011,-1.0000
16.6655,1.0000,146.1908,0.9687,0.2707,16.6663,16.6511,15.6368,0.0009,-1.0000
16.6684,1.0000,146.2077,0.9930,0.2824,16.6738,16.7166,15.8432,0.0008,-1.0000
16.6657,1.0000,146.2242,1.0586,0.2421,16.6639,16.6084,15.4116,0.0013,-1.0000
16.6667,1.0000,146.2408,0.9305,0.2884,16.6736,16.6586,15.6397,0.0012,-1.0000
16.6675,1.0000,146.2575,1.0133,0.2411,16.6568,16.6692,15.7564,0.0008,-1.0000
16.6659,1.0000,146.2742,0.8729,0.2774,16.7225,16.6564,15.6786,0.0008,-1.0000
16.6668,1.0000,146.2908,1.1956,0.2678,16.6147,16.6598,15.5752,0.0012,-1.0000
16.6672,1.0000,146.3075,1.0177,0.2448,16.6640,16.6626,15.6575,0.0009,-1.0000
16.6658,1.0000,146.3242,0.9120,0.2531,16.6749,16.6530,15.6620,0.0009,-1.0000
16.6669,1.0000,146.3408,0.9771,0.2737,16.6625,16.6633,15.8006,0.0010,-1.0000
16.6665,1.0000,146.3575,1.0835,0.2700,16.6655,16.6633,15.7480,0.0008,-1.0000
16.6683,1.0000,146.3743,1.0042,0.2570,16.6682,16.6724,15.7983,0.0009,-1.0000
16.6650,1.0000,146.3908,0.9905,0.2417,16.6577,16.6494,15.5308,0.0013,-1.0000
16.6672,1.0000,146.4075,0.8617,0.2526,16.6678,16.6696,15.8474,0.0009,-1.0000
16.6671,1.0000,146.4242,0.9145,0.2467,16.6684,16.6567,15.7990,0.0011,-1.0000
16.6659,1.0000,146.4408,0.8730,0.3103,16.6778,16.6635,15.7438,0.0009,-1.0000
16.6672,1.0000,146.4575,1.1174,0.2389,16.6552,16.6591,15.7899,0.0009,-1.0000
16.6669,1.0000,146.4742,0.8214,0.2819,16.6739,16.6671,15.6827,0.0009,-1.0000
16.6677,1.0000,146.4908,0.8566,0.2475,16.6619,16.7037,15.7033,0.0013,-1.0000
16.6679,1.0000,146.5076,0.9188,0.2427,16.6681,16.6327,15.6271,0.0012,-1.0000
16.6655,1.0000,146.5242,0.8683,0.2842,16.6637,16.6471,15.5476,0.0013,-1.0000
16.6660,1.0000,146.5410,0.9835,0.2606,16.6729,16.7018,15.7002,0.0010,-1.0000
16.6664,1.0000,146.5575,0.9992,0.2937,16.7105,16.6124,15.3327,0.0013,-1.0000
16.6674,1.0000,146.5742,1.0044,0.2864,16.6402,16.6621,15.7325,0.0010,-1.0000
16.6662,1.0000,146.5908,1.0982,0.2589,16.6538,16.7067,15.7322,0.0011,-1.0000
16.6673,1.0000,146.6075,1.0009,0.2731,16.7080,16.6179,15.7209,0.0011,-1.0000
16.6669,1.0000,146.6242,1.2785,0.3009,16.6179,16.6657,15.7705,0.0010,-1.0000
16.6664,1.0000,146.6408,0.9286,0.2475,16.6671,16.6534,15.6726,0.0011,-1.0000
16.6667,1.0000,146.6575,0.9735,0.2632,16.7123,16.7005,15.7571,0.0008,-1.0000
16.6674,1.0000,146.6743,0.8958,0.2434,16.6223,16.6759,15.7496,0.0008,-1.0000
16.6664,1.0000,146.6908,0.8942,0.3212,16.6709,16.6519,15.5208,0.0010,-1.0000
16.6662,1.0000,146.7076,0.9798,0.2985,16.6586,16.6574,15.7815,0.0009,-1.0000
16.6669,1.0000,146.7242,0.9423,0.2467,16.7051,16.6956,15.6475,0.0010,-1.0000
16.6671,1.0000,146.7409,0.9254,0.2770,16.6816,16.6298,15.6696,0.0009,-1.0000
16.6664,1.0000,146.7575,1.1300,0.3002,16.6570,16.6517,15.7107,0.0009,-1.0000
16.6667,1.0000,146.7743,0.8749,0.2635,16.6624,16.7408,15.6702,0.0009,-1.0000
16.6668,1.0000,146.7908,1.0474,0.2776,16.7015,16.5814,15.6613,0.0009,-1.0000
16.6668,1.0000,146.8076,0.9593,0.2434,16.6347,16.6761,15.6853,0.0010,-1.0000
16.6662,1.0000,146.8242,0.9399,0.2576,16.6564,16.6755,15.6676,0.0010,-1.0000
16.6697,1.0000,146.8410,1.0699,0.2544,16.7464,16.6250,15.7461,0.0010,-1.0000
16.6653,1.0000,146.8576,0.9192,0.2705,16.5865,16.6928,15.5367,0.0012,-1.0000
16.6659,1.0000,146.8742,0.9900,0.2478,16.6810,16.6450,15.6838,0.0011,-1.0000
16.6665,1.0000,146.8908,1.0070,0.2417,16.6805,16.6502,15.6362,0.0008,-1.0000
16.6670,1.0000,146.9076,0.8778,0.2825,16.6305,16.6853,15.7912,0.0011,-1.0000
16.6677,1.0000,146.9243,1.1550,0.2635,16.6991,16.6659,15.7229,0.0011,-1.0000
16.6657,1.0000,146.9409,0.9601,0.2897,16.6496,16.6443,15.6706,0.0009,-1.0000
16.6673,1.0000,146.9576,1.0133,0.2445,16.6551,16.6691,15.7315,0.0009,-1.0000
16.6665,1.0000,146.9743,0.8930,0.2629,16.6907,16.6972,15.6282,0.0010,-1.0000
16.6664,1.0000,146.9908,0.9421,0.2508,16.6710,16.6257,15.6576,0.0010,-1.0000
16.6697,1.0000,147.0076,0.9729,0.2593,16.6497,16.6600,15.7217,0.0014,-1.0000
16.6633,1.0000,147.0243,0.9368,0.2675,16.6747,16.7380,15.5127,0.0011,-1.0000
16.6676,1.0000,147.0409,1.0680,0.2625,16.7024,16.5594,15.6163,0.0010,-1.0000
16.6664,1.0000,147.0575,0.9675,0.2817,16.6310,16.6702,15.5846,0.0010,-1.0000
16.6675,1.0000,147.0743,0.9372,0.2817,16.6673,16.6612,15.7268,0.0009,-1.0000
16.6663,1.0000,147.0908,1.2243,0.2548,16.7440,16.6356,15.4890,0.0010,-1.0000
16.6675,1.0000,147.1076,0.9421,0.2998,16.5653,16.6654,15.8485,0.0009,-1.0000
16.6665,1.0000,147.1245,1.0850,0.3098,16.6749,16.6564,15.6600,0.0010,-1.0000
16.6675,1.0000,147.1409,0.9336,0.2492,16.6662,16.6679,15.3098,0.0010,-1.0000
16.6653,1.0000,147.1576,1.1455,0.2530,16.6412,16.6518,15.5364,0.0010,-1.0000
16.6683,1.0000,147.1743,0.8164,0.2485,16.6713,16.6710,15.6770,0.0011,-1.0000
16.6655,1.0000,147.1908,0.9951,0.2808,16.6616,16.6900,15.5704,0.0009,-1.0000
16.6666,1.0000,147.2077,1.3570,0.2862,16.6735,16.7005,15.7585,0.0010,-1.0000
16.6668,1.0000,147.2242,1.1146,0.2537,16.6574,16.6240,15.5269,0.0010,-1.0000
16.6662,1.0000,147.2409,0.9928,0.2713,16.6787,16.6543,15.6860,0.0009,-1.0000
16.6674,1.0000,147.2576,1.1186,0.2624,16.6966,16.6772,15.7218,0.0009,-1.0000
16.6668,1.0000,147.2743,0.9411,0.3055,16.7056,16.6848,15.5999,0.0009,-1.0000
16.6660,1.0000,147.2908,1.0961,0.2628,16.6300,16.6114,15.5443,0.0010,-1.0000
16.6672,1.0000,147.3076,0.9675,0.2699,16.6591,16.6739,15.7125,0.0010,-1.0000
16.6658,1.0000,147.3242,0.9547,0.2811,16.6827,16.6953,15.6159,0.0009,-1.0000
16.6675,1.0000,147.3409,1.0840,0.2708,16.6900,16.5959,15.6452,0.0010,-1.0000
16.6666,1.0000,147.3575,1.0661,0.2771,16.6165,16.6540,15.7285,0.0011,-1.0000
16.6673,1.0000,147.3743,0.9608,0.2621,16.6793,16.6714,15.7518,0.0008,-1.0000
16.6660,1.0000,147.3908,1.0784,0.2814,16.7008,16.6530,15.5889,0.0009,-1.0000
16.6668,1.0000,147.4075,0.9497,0.2620,16.6008,16.6620,15.7893,0.0009,-1.0000
16.6678,1.0000,147.4242,0.9246,0.2587,16.6586,16.6681,15.7530,0.0008,-1.0000
16.6660,1.0000,147.4409,0.9188,0.3173,16.6772,16.6986,15.7168,0.0009,-1.0000
16.6666,1.0000,147.4575,1.0633,0.2828,16.6579,16.6172,15.6460,0.0011,-1.0000
16.6688,1.0000,147.4743,0.8716,0.2705,16.6673,16.6802,15.6471,0.0010,-1.0000
16.6650,1.0000,147.4908,0.9144,0.3063,16.6733,16.6422,15.5665,0.0009,-1.0000
16.6673,1.0000,147.5076,0.9811,0.2754,16.7041,16.6671,15.8326,0.0010,-1.0000
16.6659,1.0000,147.5242,0.9701,0.3474,16.6219,16.6584,15.6898,0.0012,-1.0000
16.6667,1.0000,147.5409,1.0322,0.2859,16.6868,16.6559,15.7481,0.0008,-1.0000
16.6669,1.0000,147.5575,1.0749,0.2575,16.6479,16.6668,15.6735,0.0008,-1.0000
16.6664,1.0000,147.5742,0.8335,0.2624,16.6720,16.6595,15.7359,0.0009,-1.0000
16.6673,1.0000,147.5908,0.9676,0.2566,16.6635,16.6672,15.7276,0.0010,-1.0000
16.6662,1.0000,147.6075,0.9072,0.2769,16.6605,16.6560,15.7968,0.0011,-1.0000
16.6676,1.0000,147.6242,0.9924,0.3061,16.6713,16.6692,15.7798,0.0009,-1.0000
16.6674,1.0000,147.6409,0.9226,0.2451,16.6646,16.6650,15.5963,0.0014,-1.0000
16.6655,1.0000,147.6576,0.9386,0.2575,16.6721,16.6588,15.4944,0.0015,-1.0000
16.6672,1.0000,147.6742,0.8585,0.2938,16.6610,16.6584,15.6661,0.0010,-1.0000
16.6660,1.0000,147.6908,0.8883,0.3128,16.6741,16.6581,15.7129,0.0009,-1.0000
16.6673,1.0000,147.7076,1.0673,0.2940,16.6706,16.6632,15.8111,0.0008,-1.0000
16.6661,1.0000,147.7243,1.1629,0.2498,16.6643,16.7081,15.6184,0.0013,-1.0000
16.6669,1.0000,147.7408,0.9910,0.2557,16.6635,16.6116,15.5907,0.0009,-1.0000
16.6674,1.0000,147.7575,0.9442,0.2691,16.6626,16.6682,15.7591,0.0009,-1.0000
16.6666,1.0000,147.7742,0.8513,0.2682,16.6681,16.6984,15.6763,0.0010,-1.0000
16.6670,1.0000,147.7908,1.0886,0.2659,16.7139,16.6279,15.6706,0.0010,-1.0000
16.6667,1.0000,147.8075,1.0200,0.2992,16.6159,16.6580,15.6989,0.0008,-1.0000
16.6666,1.0000,147.8243,0.9082,0.2642,16.6733,16.7114,15.6598,0.0008,-1.0000
16.6675,1.0000,147.8409,1.0213,0.2587,16.7037,16.6154,15.5020,0.0013,-1.0000
16.6658,1.0000,147.8575,0.9564,0.3055,16.6333,16.6545,15.6589,0.0010,-1.0000
16.6671,1.0000,147.8742,0.9582,0.2641,16.6633,16.6658,15.7904,0.0008,-1.0000
16.6664,1.0000,147.8908,1.0507,0.2742,16.7167,16.6923,15.6802,0.0009,-1.0000
16.6664,1.0000,147.9075,1.1120,0.3092,16.6217,16.6633,15.7686,0.0010,-1.0000
16.6676,1.0000,147.9242,0.9946,0.2562,16.6590,16.6595,15.7452,0.0008,-1.0000
16.6669,1.0000,147.9409,0.8747,0.2966,16.6709,16.6603,15.7241,0.0008,-1.0000
16.6665,1.0000,147.9576,1.0114,0.2715,16.6970,16.6845,15.6752,0.0008,-1.0000
16.6660,1.0000,147.9742,0.8939,0.2520,16.6680,16.6415,15.5892,0.0009,-1.0000
16.6676,1.0000,147.9908,0.9135,0.2543,16.6644,16.6601,15.7181,0.0009,-1.0000
16.6669,1.0000,148.0077,0.9357,0.2615,16.6653,16.7659,15.7570,0.0009,-1.0000
16.6662,1.0000,148.0242,1.0085,0.3335,16.6893,16.5623,15.6201,0.0009,-1.0000
16.6665,1.0000,148.0409,1.0514,0.2531,16.6463,16.6659,15.7167,0.0009,-1.0000
16.6669,1.0000,148.0576,0.9410,0.2672,16.6652,16.6829,15.6354,0.0009,-1.0000
16.6674,1.0000,148.0742,1.0081,0.2582,16.7719,16.6050,15.6940,0.0009,-1.0000
16.6673,1.0000,148.0908,0.9412,0.2623,16.5678,16.7108,15.7060,0.0011,-1.0000
16.6664,1.0000,148.1076,0.9484,0.2667,16.6713,16.6595,15.7619,0.0010,-1.0000
16.6661,1.0000,148.1243,1.0467,0.2994,16.6878,16.6467,15.6203,0.0009,-1.0000
16.6668,1.0000,148.1409,0.9101,0.2509,16.6093,16.6613,15.6278,0.0009,-1.0000
16.6664,1.0000,148.1575,1.0041,0.2607,16.7169,16.6654,15.6822,0.0009,-1.0000
16.6670,1.0000,148.1743,0.8965,0.3122,16.6648,16.6617,15.7413,0.0009,-1.0000
16.6666,1.0000,148.1909,1.0259,0.2547,16.6520,16.6881,15.6881,0.0009,-1.0000
16.6676,1.0000,148.2076,1.0326,0.2552,16.6660,16.6279,15.7455,0.0009,-1.0000
16.6663,1.0000,148.2242,0.9825,0.2485,16.6700,16.6621,15.5430,0.0009,-1.0000
16.6682,1.0000,148.2410,0.9195,0.2522,16.6661,16.7772,15.6646,0.0008,-1.0000
16.6674,1.0000,148.2576,0.9992,0.2571,16.6933,16.5528,15.4995,0.0013,-1.0000
16.6655,1.0000,148.2743,0.8817,0.2590,16.6328,16.6530,15.6014,0.0010,-1.0000
16.6672,1.0000,148.2909,1.1184,0.2648,16.6676,16.6568,15.6591,0.0011,-1.0000
16.6662,1.0000,148.3075,1.1120,0.2858,16.7822,16.6307,15.6296,0.0012,-1.0000
16.6668,1.0000,148.3242,1.0520,0.2702,16.5598,16.6615,15.7356,0.0009,-1.0000
16.6676,1.0000,148.3409,1.0506,0.2711,16.6590,16.6647,15.7876,0.0010,-1.0000
16.6660,1.0000,148.3575,0.9964,0.3299,16.6626,16.6650,15.7013,0.0009,-1.0000
16.6675,1.0000,148.3742,0.9999,0.2504,16.6357,16.6616,15.7003,0.0011,-1.0000
16.6660,1.0000,148.3908,0.9254,0.2828,16.6662,16.6573,15.6187,0.0010,-1.0000
16.6665,1.0000,148.4075,0.8762,0.2602,16.6702,16.6796,15.7900,0.0006,-1.0000
16.6675,1.0000,148.4244,0.9629,0.2459,16.6703,16.8120,15.7220,0.0008,-1.0000
16.6664,1.0000,148.4409,0.9601,0.3009,16.6670,16.5532,15.4958,0.0010,-1.0000
16.6663,1.0000,148.4576,1.0376,0.2579,16.6628,16.6287,15.6937,0.0010,-1.0000
16.6670,1.0000,148.4743,0.8891,0.2681,16.6841,16.6994,15.6527,0.0009,-1.0000
16.6673,1.0000,148.4909,1.0895,0.2719,16.8173,16.6772,15.6454,0.0009,-1.0000
16.6669,1.0000,148.5076,1.0565,0.2566,16.5585,16.6191,15.6772,0.0009,-1.0000
16.6662,1.0000,148.5242,0.9341,0.3012,16.6340,16.6542,15.6549,0.0009,-1.0000
16.6670,1.0000,148.5410,1.0459,0.2975,16.7039,16.7042,15.6596,0.0008,-1.0000
16.6664,1.0000,148.5575,1.0309,0.2640,16.6816,16.5869,15.5055,0.0010,-1.0000
16.6675,1.0000,148.5742,0.9412,0.2644,16.6245,16.6652,15.7167,0.0009,-1.0000
16.6662,1.0000,148.5908,0.9984,0.2851,16.6591,16.6584,15.7247,0.0011,-1.0000
16.6669,1.0000,148.6075,1.0438,0.3258,16.7098,16.6637,15.6874,0.0009,-1.0000
16.6675,1.0000,148.6242,1.0805,0.3119,16.5919,16.6677,15.7584,0.0009,-1.0000
16.6649,1.0000,148.6408,0.9478,0.2565,16.6699,16.6527,15.5708,0.0012,-1.0000
16.6681,1.0000,148.6576,0.9327,0.2642,16.6636,16.7160,15.8109,0.0011,-1.0000
16.6667,1.0000,148.6742,0.9756,0.2864,16.6686,16.6100,15.6611,0.0009,-1.0000
16.6657,1.0000,148.6908,0.9085,0.2906,16.6727,16.6628,15.7572,0.0012,-1.0000
16.6673,1.0000,148.7076,1.0808,0.2607,16.6582,16.6562,15.8619,0.0008,-1.0000
16.6663,1.0000,148.7242,0.9041,0.3051,16.7213,16.6657,15.7045,0.0012,-1.0000
16.6677,1.0000,148.7409,0.9479,0.2792,16.6158,16.6724,15.6808,0.0007,-1.0000
16.6678,1.0000,148.7576,0.9047,0.2436,16.6676,16.6599,15.7285,0.0008,-1.0000
16.6650,1.0000,148.7742,0.7935,0.2864,16.6610,16.6517,15.6371,0.0012,-1.0000
16.6668,1.0000,148.7908,0.9601,0.2642,16.6708,16.6599,15.7717,0.0008,-1.0000
16.6668,1.0000,148.8075,0.9909,0.2528,16.6770,16.6604,15.7536,0.0009,-1.0000
16.6667,1.0000,148.8242,0.9308,0.2698,16.6659,16.6619,15.7738,0.0010,-1.0000
16.6688,1.0000,148.8409,1.0134,0.2539,16.6571,16.6790,15.6881,0.0010,-1.0000
16.6647,1.0000,148.8575,0.8877,0.3380,16.6644,16.6468,15.5714,0.0010,-1.0000
16.6674,1.0000,148.8742,0.9060,0.2515,16.6649,16.6662,15.7417,0.0009,-1.0000
16.6682,1.0000,148.8908,0.8873,0.2858,16.6665,16.6629,15.6757,0.0009,-1.0000
16.6650,1.0000,148.9075,0.9898,0.3096,16.6840,16.6542,15.7099,0.0008,-1.0000
16.6676,1.0000,148.9242,1.0747,0.2583,16.6525,16.6724,15.7157,0.0009,-1.0000
16.6654,1.0000,148.9409,0.9236,0.3016,16.6712,16.6916,15.6900,0.0010,-1.0000
16.6673,1.0000,148.9576,0.9864,0.2812,16.6684,16.6182,15.7414,0.0010,-1.0000
16.6656,1.0000,148.9742,0.9438,0.2909,16.6593,16.6645,15.6550,0.0009,-1.0000
16.6681,1.0000,148.9908,0.9559,0.2469,16.6784,16.7139,15.7490,0.0010,-1.0000
16.6667,1.0000,149.0076,1.0010,0.2557,16.6972,16.6121,15.7028,0.0013,-1.0000
16.6666,1.0000,149.0242,0.8758,0.2711,16.6230,16.6602,15.7002,0.0010,-1.0000
16.6662,1.0000,149.0409,1.0085,0.2578,16.6691,16.7040,15.7120,0.0008,-1.0000
16.6680,1.0000,149.0576,0.9640,0.2529,16.7188,16.6220,15.6134,0.0011,-1.0000
16.6664,1.0000,149.0742,0.9080,0.2496,16.6173,16.6637,15.5330,0.0012,-1.0000
16.6678,1.0000,149.0908,0.9590,0.2753,16.6655,16.6611,15.7415,0.0010,-1.0000
16.6678,1.0000,149.1077,0.9912,0.2937,16.7091,16.7260,15.6707,0.0010,-1.0000
16.6658,1.0000,149.1243,1.0078,0.2801,16.6276,16.6386,15.3627,0.0010,-1.0000
16.6657,1.0000,149.1409,1.1297,0.2371,16.6693,16.6513,15.4557,0.0010,-1.0000
16.6662,1.0000,149.1576,0.9187,0.2763,16.6671,16.6613,15.6773,0.0010,-1.0000
16.6673,1.0000,149.1743,1.0541,0.2929,16.7338,16.7104,15.7187,0.0010,-1.0000
16.6660,1.0000,149.1908,1.2747,0.2817,16.6453,16.6035,15.6200,0.0010,-1.0000
16.6672,1.0000,149.2076,1.1948,0.2604,16.6570,16.6563,15.8172,0.0008,-1.0000
16.6676,1.0000,149.2246,0.9830,0.2917,16.6661,16.7570,15.5608,0.0010,-1.0000
16.6663,1.0000,149.2409,0.9906,0.2672,16.7159,16.5755,15.2848,0.0011,-1.0000
16.6674,1.0000,149.2577,0.9827,0.2484,16.6086,16.6851,15.6617,0.0011,-1.0000
16.6670,1.0000,149.2743,0.8382,0.2721,16.6611,16.6774,15.5831,0.0009,-1.0000
16.6654,1.0000,149.2908,1.1953,0.2687,16.7630,16.5828,15.5521,0.0012,-1.0000
16.6669,1.0000,149.3076,1.2898,0.2935,16.5807,16.7174,15.6963,0.0011,-1.0000
16.6664,1.0000,149.3242,1.0222,0.2645,16.6915,16.6475,15.6487,0.0010,-1.0000
16.6676,1.0000,149.3409,1.0934,0.2731,16.6836,16.6376,15.7115,0.0009,-1.0000
16.6656,1.0000,149.3576,1.0296,0.2904,16.5878,16.6737,15.6328,0.0010,-1.0000
16.6679,1.0000,149.3743,1.0201,0.2551,16.7231,16.6672,15.7028,0.0011,-1.0000
16.6659,1.0000,149.3908,0.9980,0.2446,16.6663,16.6447,15.5208,0.0011,-1.0000
16.6663,1.0000,149.4076,0.9254,0.2635,16.6433,16.6736,15.7987,0.0009,-1.0000
16.7325,1.0000,149.4243,1.0397,0.2484,16.6793,16.7504,15.6802,0.0010,-1.0000
16.6660,1.0000,149.4410,0.9635,0.2853,16.6729,16.6276,15.5738,0.0010,-1.0000
16.6670,1.0000,149.4577,1.1226,0.2672,16.6502,16.6553,15.7194,0.0008,-1.0000
16.6669,1.0000,149.4744,0.8740,0.2640,16.6793,16.7559,15.4374,0.0012,-1.0000
16.6670,1.0000,149.4910,1.0694,0.2547,16.7551,16.5616,15.5016,0.0012,-1.0000
16.6668,1.0000,149.5076,1.0528,0.2510,16.6327,16.6729,15.6542,0.0011,-1.0000
16.6678,1.0000,149.5244,0.9349,0.2679,16.6602,16.6614,15.7704,0.0008,-1.0000
16.6669,1.0000,149.5410,1.3168,0.2728,16.7612,16.6329,15.5877,0.0011,-1.0000
16.6646,1.0000,149.5576,1.0588,0.2541,16.5672,16.6494,15.4802,0.0010,-1.0000
16.6672,1.0000,149.5742,1.0174,0.2655,16.6786,16.6604,15.6540,0.0010,-1.0000
16.6675,1.0000,149.5909,0.8903,0.2736,16.6682,16.6669,15.7837,0.0011,-1.0000
16.6664,1.0000,149.6075,1.0443,0.3275,16.6395,16.6637,15.7312,0.0009,-1.0000
16.6667,1.0000,149.6243,1.1682,0.2808,16.6548,16.6560,15.7230,0.0011,-1.0000
16.6666,1.0000,149.6410,1.0053,0.2502,16.6655,16.6868,15.6394,0.0010,-1.0000
16.6667,1.0000,149.6576,0.8824,0.2623,16.6720,16.6883,15.6999,0.0011,-1.0000
16.6666,1.0000,149.6743,0.9315,0.2551,16.6691,16.6473,15.7035,0.0009,-1.0000
16.6678,1.0000,149.6910,0.9321,0.2626,16.6616,16.6800,15.7523,0.0009,-1.0000
16.6654,1.0000,149.7076,1.0466,0.2567,16.6911,16.6616,15.6035,0.0008,-1.0000
16.6671,1.0000,149.7243,0.9874,0.2935,16.6933,16.6789,15.7022,0.0009,-1.0000
16.6664,1.0000,149.7410,0.9430,0.2779,16.6522,16.6233,15.6245,0.0012,-1.0000
16.6678,1.0000,149.7576,0.9270,0.2701,16.6857,16.6787,15.7355,0.0009,-1.0000
16.6663,1.0000,149.7744,1.0572,0.2725,16.6663,16.6857,15.6739,0.0010,-1.0000
16.6666,1.0000,149.7910,0.9759,0.2572,16.6833,16.5858,15.6167,0.0009,-1.0000
16.6669,1.0000,149.8075,0.9977,0.2833,16.6278,16.6628,15.6161,0.0010,-1.0000
16.6665,1.0000,149.8243,0.9426,0.2653,16.6841,16.6599,15.8417,0.0008,-1.0000
16.6694,1.0000,149.8410,1.0108,0.2639,16.6913,16.6805,15.7494,0.0009,-1.0000
16.6641,1.0000,149.8576,0.9683,0.2874,16.5904,16.6431,15.5697,0.0013,-1.0000
16.6669,1.0000,149.8743,1.0456,0.2435,16.6678,16.6641,15.7419,0.0010,-1.0000
16.6668,1.0000,149.8910,0.8173,0.2513,16.6646,16.7032,15.6886,0.0009,-1.0000
16.6665,1.0000,149.9075,0.9299,0.2725,16.6864,16.6205,15.5171,0.0014,-1.0000
16.6670,1.0000,149.9243,1.0721,0.2647,16.6488,16.6631,15.7837,0.0012,-1.0000
16.6665,1.0000,149.9409,0.9212,0.2625,16.6693,16.6593,15.7274,0.0012,-1.0000
16.6672,1.0000,149.9577,1.0138,0.2836,16.7089,16.6676,15.7645,0.0010,-1.0000
16.6660,1.0000,149.9743,1.1023,0.2555,16.6252,16.6542,15.5576,0.0011,-1.0000
16.6668,1.0000,149.9909,0.8785,0.2564,16.6675,16.6630,15.7133,0.0008,-1.0000
16.6682,1.0000,150.0076,0.9307,0.2479,16.6641,16.6672,15.7861,0.0010,-1.0000
16.6659,1.0000,150.0246,0.9023,0.2779,16.6730,16.6594,15.7094,0.0009,-1.0000
16.6665,1.0000,150.0410,1.0955,0.2672,16.6598,16.6564,15.4193,0.0011,-1.0000
16.6663,1.0000,150.0576,0.9487,0.2405,16.6676,16.6655,15.6683,0.0009,-1.0000
16.6668,1.0000,150.0742,0.8801,0.2680,16.6723,16.6583,15.7003,0.0009,-1.0000
16.6673,1.0000,150.0910,0.9492,0.3635,16.6654,16.6656,15.7542,0.0009,-1.0000
16.6672,1.0000,150.1075,1.2359,0.3413,16.6617,16.6581,15.7126,0.0008,-1.0000
16.6655,1.0000,150.1243,0.9963,0.2775,16.6704,16.6582,15.7890,0.0009,-1.0000
16.6700,1.0000,150.1410,0.9573,0.3362,16.6631,16.6802,15.6601,0.0010,-1.0000
16.6654,1.0000,150.1577,0.9107,0.3131,16.6710,16.6478,15.4555,0.0010,-1.0000
16.6669,1.0000,150.1744,0.9446,0.2818,16.6630,16.7179,15.6540,0.0009,-1.0000
16.6657,1.0000,150.1910,0.8683,0.3629,16.6626,16.5997,15.4911,0.0011,-1.0000
16.6666,1.0000,150.2075,1.0187,0.3434,16.6873,16.6611,15.7375,0.0009,-1.0000
16.6678,1.0000,150.2244,1.1914,0.2976,16.6537,16.7154,15.7469,0.0010,-1.0000
16.6664,1.0000,150.2410,1.0627,0.3129,16.7243,16.6129,15.5624,0.0010,-1.0000
16.6672,1.0000,150.2577,1.1073,0.2558,16.6052,16.6702,15.7023,0.0009,-1.0000
16.6657,1.0000,150.2743,0.9227,0.2827,16.6664,16.6952,15.5822,0.0010,-1.0000
16.6670,1.0000,150.2912,0.9676,0.2732,16.7212,16.6188,15.5966,0.0012,-1.0000
16.6674,1.0000,150.3076,1.0493,0.2740,16.6180,16.6587,15.1958,0.0010,-1.0000
16.6660,1.0000,150.3243,0.9669,0.2664,16.6770,16.6616,15.6920,0.0011,-1.0000
16.6678,1.0000,150.3410,1.1118,0.2817,16.7018,16.7235,15.6417,0.0010,-1.0000
16.6653,1.0000,150.3576,1.0210,0.3717,16.6239,16.6331,15.5864,0.0009,-1.0000
16.6666,1.0000,150.3743,1.4623,0.2981,16.6646,16.6579,15.6978,0.0010,-1.0000
16.6669,1.0000,150.3910,0.9684,0.2836,16.6668,16.6703,15.5112,0.0011,-1.0000
16.6669,1.0000,150.4076,1.0810,0.2964,16.7301,16.6911,15.6282,0.0009,-1.0000
16.6672,1.0000,150.4243,1.0457,0.2793,16.6388,16.6257,15.6871,0.0010,-1.0000
16.6659,1.0000,150.4410,0.9591,0.2962,16.6631,16.6492,15.6337,0.0009,-1.0000
16.6675,1.0000,150.4578,1.1582,0.3427,16.6761,16.7676,15.6875,0.0010,-1.0000
16.6662,1.0000,150.4743,1.0622,0.2788,16.6959,16.5666,15.3859,0.0014,-1.0000
16.6680,1.0000,150.4911,0.9376,0.2880,16.6311,16.6772,15.6422,0.0009,-1.0000
16.6669,1.0000,150.5076,1.0146,0.2827,16.6535,16.6844,15.5550,0.0012,-1.0000
16.6661,1.0000,150.5243,1.0790,0.2973,16.7732,16.5895,15.6401,0.0009,-1.0000
16.6672,1.0000,150.5411,1.1795,0.2916,16.5721,16.7134,15.6254,0.0009,-1.0000
16.6658,1.0000,150.5577,1.0344,0.2590,16.6823,16.6430,15.4543,0.0010,-1.0000
16.6671,1.0000,150.5743,1.1283,0.2713,16.6908,16.6471,15.6442,0.0010,-1.0000
16.6674,1.0000,150.5910,0.9484,0.2578,16.5947,16.6871,15.7305,0.0011,-1.0000
16.6660,1.0000,150.6076,1.0869,0.2728,16.7193,16.6514,15.6185,0.0009,-1.0000
16.6669,1.0000,150.6244,1.1877,0.2527,16.6489,16.6697,15.7656,0.0009,-1.0000
16.6667,1.0000,150.6410,1.0017,0.2501,16.6519,16.6619,15.5534,0.0010,-1.0000
16.6670,1.0000,150.6577,0.9558,0.2596,16.6921,16.6815,15.5812,0.0008,-1.0000
16.6661,1.0000,150.6744,1.0319,0.2489,16.6565,16.6326,15.6177,0.0011,-1.0000
16.6676,1.0000,150.6910,0.9031,0.2798,16.6753,16.6540,15.4996,0.0012,-1.0000
16.6663,1.0000,150.7077,1.1075,0.2651,16.6679,16.7661,15.7085,0.0011,-1.0000
16.6670,1.0000,150.7243,1.0996,0.2577,16.6862,16.5473,15.4269,0.0010,-1.0000
16.6672,1.0000,150.7410,1.0140,0.2556,16.6382,16.6699,15.6348,0.0009,-1.0000
16.6671,1.0000,150.7577,1.1536,0.2528,16.6600,16.6626,15.5138,0.0012,-1.0000
16.6663,1.0000,150.7743,1.0565,0.3198,16.7717,16.6301,15.6446,0.0009,-1.0000
16.6663,1.0000,150.7910,1.1194,0.2556,16.5523,16.6577,15.6558,0.0012,-1.0000
16.6679,1.0000,150.8076,1.0344,0.2697,16.6754,16.6631,15.5667,0.0009,-1.0000
16.6651,1.0000,150.8243,1.1478,0.2567,16.6695,16.6566,15.6837,0.0008,-1.0000
16.6688,1.0000,150.8410,0.9846,0.2702,16.6362,16.6759,15.7625,0.0010,-1.0000
16.6648,1.0000,150.8576,1.0009,0.2874,16.6631,16.6530,15.5635,0.0010,-1.0000
16.6673,1.0000,150.8743,1.0957,0.2692,16.6687,16.6793,15.6793,0.0010,-1.0000
16.6667,1.0000,150.8910,0.9723,0.2546,16.6616,16.6918,15.6327,0.0009,-1.0000
16.6672,1.0000,150.9076,0.9127,0.2704,16.6816,16.6534,15.6479,0.0009,-1.0000
16.6663,1.0000,150.9243,1.0885,0.2619,16.6586,16.6553,15.7480,0.0012,-1.0000
16.6672,1.0000,150.9410,0.9990,0.2729,16.6845,16.6672,15.6783,0.0012,-1.0000
16.6676,1.0000,150.9578,1.0583,0.2638,16.6971,16.6956,15.6913,0.0009,-1.0000
16.6655,1.0000,150.9743,1.0047,0.2504,16.6583,16.5966,15.3647,0.0012,-1.0000
16.6665,1.0000,150.9910,0.9061,0.2571,16.6608,16.6891,15.6321,0.0012,-1.0000
16.6673,1.0000,151.0076,0.9879,0.2500,16.6731,16.7062,15.7020,0.0009,-1.0000
16.6665,1.0000,151.0243,1.0035,0.2843,16.7011,16.5733,15.6658,0.0010,-1.0000
16.6664,1.0000,151.0410,1.2304,0.2576,16.6023,16.6655,15.7266,0.0009,-1.0000
16.6668,1.0000,151.0576,1.0558,0.2432,16.6938,16.6567,15.6539,0.0009,-1.0000
16.6670,1.0000,151.0743,1.0034,0.2508,16.7110,16.6680,15.6945,0.0010,-1.0000
16.6694,1.0000,151.0911,0.9066,0.2502,16.5789,16.6748,15.7821,0.0011,-1.0000
16.6658,1.0000,151.1076,0.9378,0.2606,16.6708,16.6547,15.4059,0.0009,-1.0000
16.6673,1.0000,151.1245,1.0019,0.2486,16.6615,16.7072,15.5680,0.0009,-1.0000
16.6667,1.0000,151.1410,0.9724,0.2417,16.6728,16.6083,15.2574,0.0010,-1.0000
16.6663,1.0000,151.1577,0.8913,0.2946,16.6828,16.6605,15.4927,0.0013,-1.0000
16.6642,1.0000,151.1743,1.2477,0.2857,16.6631,16.6493,15.4415,0.0013,-1.0000
16.6704,1.0000,151.1911,1.1385,0.3236,16.7151,16.6732,15.7007,0.0010,-1.0000
16.6665,1.0000,151.2076,1.3496,0.2786,16.6166,16.6560,15.4726,0.0011,-1.0000
16.6658,1.0000,151.2244,1.1669,0.2889,16.6683,16.6525,15.4706,0.0009,-1.0000
16.6659,1.0000,151.2410,1.2067,0.2797,16.6561,16.6576,15.5136,0.0009,-1.0000
16.6667,1.0000,151.2577,0.9713,0.2993,16.6817,16.6636,15.6266,0.0009,-1.0000
16.6675,1.0000,151.2744,1.1825,0.3290,16.6651,16.6624,15.5453,0.0011,-1.0000
16.6661,1.0000,151.2911,1.1809,0.2822,16.6597,16.6571,15.3942,0.0015,-1.0000
16.6662,1.0000,151.3076,1.1431,0.2774,16.6633,16.6581,15.3327,0.0010,-1.0000
16.6695,1.0000,151.3244,1.0360,0.2760,16.6703,16.6741,15.5066,0.0012,-1.0000
16.6659,1.0000,151.3410,1.1163,0.2848,16.6691,16.6503,15.4510,0.0012,-1.0000
16.6671,1.0000,151.3584,1.2615,0.3162,16.6633,16.6653,15.4631,0.0011,-1.0000
16.6674,1.0000,151.3744,1.3244,0.3035,16.6644,16.6615,14.6800,0.0012,-1.0000
16.6665,1.0000,151.3911,1.1662,0.3047,16.6819,16.6617,15.0023,0.0014,-1.0000
16.6662,1.0000,151.4077,1.1978,0.3073,16.6579,16.6952,15.1947,0.0013,-1.0000
16.6667,1.0000,151.4244,1.2007,0.4441,16.6727,16.6170,15.3540,0.0012,-1.0000
16.6663,1.0000,151.4411,1.9804,0.4166,16.6700,16.6435,15.3274,0.0010,-1.0000
16.6665,1.0000,151.4578,1.6576,0.3765,16.6714,16.7050,15.4403,0.0010,-1.0000
16.6653,1.0000,151.4743,1.4995,0.4565,16.7047,16.6063,15.2479,0.0013,-1.0000
16.6668,1.0000,151.4910,1.2617,0.3674,16.6277,16.6629,15.4880,0.0014,-1.0000
16.6663,1.0000,151.5076,1.3151,0.3578,16.6526,16.7000,15.6160,0.0012,-1.0000
16.6674,1.0000,151.5244,1.2637,0.3772,16.7128,16.6195,15.5616,0.0013,-1.0000
16.6658,1.0000,151.5410,1.3571,0.3491,16.6131,16.6587,15.6030,0.0011,-1.0000
16.6669,1.0000,151.5576,1.1736,0.3243,16.6684,16.6647,15.5154,0.0010,-1.0000
16.6678,1.0000,151.5744,1.0829,0.3297,16.7053,16.7036,15.6551,0.0010,-1.0000
16.6662,1.0000,151.5910,1.0568,0.3142,16.6249,16.6638,15.5623,0.0010,-1.0000
16.6663,1.0000,151.6076,1.0547,0.2547,16.6636,16.6530,15.5428,0.0010,-1.0000
16.6668,1.0000,151.6244,1.1484,0.2717,16.6700,16.6714,15.6903,0.0012,-1.0000
16.6671,1.0000,151.6411,1.0476,0.2974,16.7093,16.6950,15.3385,0.0009,-1.0000
16.6679,1.0000,151.6577,1.1005,0.2822,16.6698,16.6192,15.5940,0.0011,-1.0000
16.6681,1.0000,151.6744,1.1093,0.2517,16.6582,16.6705,15.5014,0.0010,-1.0000
16.6676,1.0000,151.6912,0.9798,0.2691,16.6760,16.7637,15.4635,0.0010,-1.0000
16.6661,1.0000,151.7077,1.3556,0.2780,16.7007,16.5625,15.1413,0.0013,-1.0000
16.6662,1.0000,151.7245,1.0240,0.2960,16.6255,16.6686,15.2515,0.0012,-1.0000
16.6667,1.0000,151.7411,1.1681,0.2748,16.6780,16.6669,15.2130,0.0015,-1.0000
16.6642,1.0000,151.7576,1.2991,0.3792,16.7738,16.5838,15.4309,0.0013,-1.0000
16.6743,1.0000,151.7744,1.4200,0.3808,16.5711,16.7353,15.6155,0.0010,-1.0000
16.6663,1.0000,151.7911,1.4156,0.3569,16.6767,16.6437,15.3240,0.0011,-1.0000
16.6677,1.0000,151.8077,1.4525,0.2696,16.6751,16.6775,15.2657,0.0012,-1.0000
16.6669,1.0000,151.8244,1.1516,0.3337,16.5904,16.6434,15.5161,0.0012,-1.0000
16.6643,1.0000,151.8411,1.1138,0.3412,16.7425,16.6609,15.4096,0.0011,-1.0000
16.6662,1.0000,151.8577,1.3186,0.3070,16.6512,16.6409,15.4984,0.0011,-1.0000
16.6667,1.0000,151.8744,1.4106,0.2791,16.6856,16.6855,15.6357,0.0010,-1.0000
16.6677,1.0000,151.8910,1.1259,0.2839,16.6513,16.6203,15.3811,0.0011,-1.0000
16.6660,1.0000,151.9076,1.2503,0.2634,16.6690,16.6597,15.6585,0.0012,-1.0000
16.6667,1.0000,151.9244,1.1415,0.2570,16.6473,16.7503,15.7551,0.0013,-1.0000
16.6676,1.0000,151.9410,1.0491,0.2830,16.6908,16.5731,15.6096,0.0010,-1.0000
16.6659,1.0000,151.9577,1.2381,0.2625,16.6253,16.6669,15.6299,0.0009,-1.0000
16.6660,1.0000,151.9743,1.0004,0.2572,16.6651,16.6444,15.5740,0.0012,-1.0000
16.6674,1.0000,151.9910,0.9940,0.2614,16.7559,16.6460,15.7406,0.0010,-1.0000
16.6669,1.0000,152.0075,0.9627,0.2513,16.5788,16.6557,15.7672,0.0009,-1.0000
16.6668,1.0000,152.0243,1.0361,0.2721,16.6730,16.6668,15.8462,0.0009,-1.0000
16.6663,1.0000,152.0410,1.0693,0.2426,16.6498,16.6603,15.7252,0.0008,-1.0000
16.6676,1.0000,152.0576,0.9047,0.2854,16.6506,16.6614,15.6452,0.0009,-1.0000
16.6657,1.0000,152.0743,0.8875,0.2410,16.6608,16.6597,15.6652,0.0010,-1.0000
16.6674,1.0000,152.0910,0.8198,0.2539,16.6720,16.6890,15.6511,0.0014,-1.0000
16.6662,1.0000,152.1076,0.9345,0.2631,16.6654,16.6807,15.6993,0.0011,-1.0000
16.6668,1.0000,152.1243,1.0153,0.2557,16.6665,16.6534,15.7869,0.0013,-1.0000
16.6664,1.0000,152.1410,0.9933,0.2527,16.6651,16.6619,15.5955,0.0010,-1.0000
16.6674,1.0000,152.1577,1.0367,0.2539,16.6942,16.6660,15.6871,0.0008,-1.0000
16.6665,1.0000,152.1743,0.9803,0.2471,16.6857,16.6918,15.6912,0.0009,-1.0000
16.6671,1.0000,152.1910,0.8653,0.2789,16.6583,16.6185,15.6858,0.0009,-1.0000
16.6673,1.0000,152.2077,1.0658,0.2454,16.6673,16.6752,15.7363,0.0012,-1.0000
16.6660,1.0000,152.2244,0.9781,0.2618,16.6710,16.6971,15.4318,0.0012,-1.0000
16.6675,1.0000,152.2411,0.9999,0.2576,16.6964,16.6129,15.6091,0.0009,-1.0000
16.6674,1.0000,152.2576,0.9322,0.2462,16.6234,16.6415,15.5255,0.0015,-1.0000
16.6660,1.0000,152.2743,0.9376,0.3083,16.6802,16.6510,15.6900,0.0009,-1.0000
16.6664,1.0000,152.2910,1.2639,0.2770,16.7036,16.6618,15.7335,0.0009,-1.0000
16.6671,1.0000,152.3075,1.0031,0.2501,16.6187,16.6605,15.6249,0.0011,-1.0000
16.6659,1.0000,152.3243,1.1144,0.3026,16.6476,16.6647,15.7889,0.0008,-1.0000
16.6683,1.0000,152.3410,0.9598,0.2598,16.6569,16.7039,15.7313,0.0012,-1.0000
16.6657,1.0000,152.3576,0.9273,0.2776,16.6673,16.6161,15.6351,0.0010,-1.0000
16.6677,1.0000,152.3743,1.0346,0.2607,16.6664,16.6651,15.7183,0.0009,-1.0000
16.6664,1.0000,152.3910,0.8749,0.2426,16.6691,16.6583,15.5347,0.0010,-1.0000
16.6672,1.0000,152.4076,0.9717,0.2760,16.7095,16.6662,15.6857,0.0008,-1.0000
16.6662,1.0000,152.4243,0.9800,0.2919,16.6217,16.6561,15.7713,0.0012,-1.0000
16.6669,1.0000,152.4410,0.9458,0.2768,16.6704,16.6576,15.7638,0.0008,-1.0000
16.6666,1.0000,152.4576,1.1226,0.2737,16.6637,16.6641,15.6984,0.0009,-1.0000
16.6671,1.0000,152.4743,0.9799,0.2662,16.6717,16.6614,15.7053,0.0008,-1.0000
16.6666,1.0000,152.4910,0.8836,0.2560,16.6626,16.6640,15.7223,0.0009,-1.0000
16.6667,1.0000,152.5076,0.8927,0.2626,16.6626,16.6602,15.7603,0.0008,-1.0000
16.6669,1.0000,152.5243,0.9646,0.3270,16.6693,16.6664,15.7870,0.0009,-1.0000
16.6659,1.0000,152.5410,0.9552,0.2573,16.6661,16.6548,15.6964,0.0009,-1.0000
16.6676,1.0000,152.5576,0.9407,0.2963,16.6689,16.6687,15.6014,0.0008,-1.0000
16.6684,1.0000,152.5746,0.8987,0.2622,16.6654,16.6638,15.6253,0.0012,-1.0000
16.6644,1.0000,152.5910,0.8785,0.2627,16.6716,16.6550,15.2829,0.0012,-1.0000
16.6666,1.0000,152.6075,0.9573,0.2916,16.6601,16.6564,15.6806,0.0011,-1.0000
16.6661,1.0000,152.6243,1.0662,0.2653,16.6748,16.7027,15.8884,0.0008,-1.0000
16.6681,1.0000,152.6410,1.0371,0.3672,16.6702,16.6266,15.4980,0.0014,-1.0000
16.6661,1.0000,152.6576,1.3708,0.3011,16.6609,16.6524,15.6502,0.0010,-1.0000
16.6667,1.0000,152.6744,0.9747,0.3044,16.6612,16.7131,15.7720,0.0010,-1.0000
16.6671,1.0000,152.6910,0.8137,0.4008,16.7074,16.6133,15.5449,0.0011,-1.0000
16.6664,1.0000,152.7076,1.1272,0.2959,16.6327,16.6599,15.6767,0.0008,-1.0000
16.6665,1.0000,152.7244,1.0012,0.2828,16.6579,16.7055,15.6958,0.0010,-1.0000
16.6661,1.0000,152.7409,0.9399,0.3173,16.7180,16.6153,15.5627,0.0011,-1.0000
16.6683,1.0000,152.7576,1.0672,0.3098,16.6184,16.6700,15.8236,0.0009,-1.0000
16.6661,1.0000,152.7743,0.9825,0.3267,16.6648,16.6557,15.7120,0.0009,-1.0000
16.6674,1.0000,152.7911,1.0089,0.2962,16.7105,16.7055,15.7521,0.0011,-1.0000
16.6663,1.0000,152.8076,1.0515,0.2799,16.6194,16.6774,15.4846,0.0012,-1.0000
16.6665,1.0000,152.8243,0.8458,0.2579,16.6772,16.6323,15.6930,0.0009,-1.0000
16.6688,1.0000,152.8410,0.9429,0.2724,16.6609,16.6709,15.7649,0.0011,-1.0000
16.6650,1.0000,152.8577,0.9524,0.2893,16.7108,16.6806,15.5570,0.0014,-1.0000
16.6665,1.0000,152.8744,1.1917,0.3127,16.6833,16.6400,15.6607,0.0013,-1.0000
16.6668,1.0000,152.8910,0.9387,0.2455,16.6367,16.6572,15.4642,0.0013,-1.0000
16.6670,1.0000,152.9077,0.9048,0.2810,16.6762,16.7529,15.6200,0.0010,-1.0000
16.6666,1.0000,152.9243,1.1226,0.2947,16.6865,16.5729,15.7183,0.0009,-1.0000
16.6665,1.0000,152.9410,0.9781,0.3121,16.6450,16.6662,15.6718,0.0010,-1.0000
16.6668,1.0000,152.9577,1.1919,0.2728,16.6633,16.6982,15.7295,0.0011,-1.0000
16.6692,1.0000,152.9744,1.1322,0.2441,16.7577,16.5993,15.5097,0.0009,-1.0000
16.6639,1.0000,152.9910,0.8538,0.2525,16.5778,16.7051,15.4238,0.0010,-1.0000
16.6694,1.0000,153.0077,0.9936,0.2480,16.6706,16.6639,15.8182,0.0009,-1.0000
16.6803,1.0000,153.0243,0.9678,0.2518,16.7033,16.6410,15.4611,0.0010,-1.0000
16.6671,1.0000,153.0411,1.0886,0.2933,16.6059,16.6828,15.7449,0.0011,-1.0000
16.6657,1.0000,153.0576,1.2806,0.2256,16.7116,16.6503,15.5810,0.0010,-1.0000
16.6670,1.0000,153.0743,0.8447,0.2916,16.6696,16.6553,15.7403,0.0009,-1.0000
16.6678,1.0000,153.0910,1.1790,0.2497,16.6468,16.6855,15.7603,0.0011,-1.0000
16.6662,1.0000,153.1076,0.9368,0.3065,16.6882,16.6790,15.6309,0.0010,-1.0000
16.6664,1.0000,153.1244,1.0682,0.2432,16.6553,16.6157,15.7347,0.0008,-1.0000
16.6662,1.0000,153.1410,0.9143,0.2427,16.6598,16.6587,15.6436,0.0009,-1.0000
16.6668,1.0000,153.1577,0.9241,0.2608,16.6909,16.7577,15.7915,0.0010,-1.0000
16.6685,1.0000,153.1744,1.0471,0.2632,16.6847,16.5711,15.6169,0.0009,-1.0000
16.6658,1.0000,153.1910,0.8802,0.2880,16.6204,16.6613,15.6412,0.0009,-1.0000
16.6666,1.0000,153.2076,1.0141,0.2498,16.6637,16.6556,15.7434,0.0009,-1.0000
16.6665,1.0000,153.2243,0.9654,0.2643,16.7622,16.6374,15.6759,0.0008,-1.0000
16.6677,1.0000,153.2413,0.9533,0.2754,16.5763,16.6720,15.7456,0.0010,-1.0000
16.6682,1.0000,153.2576,1.0192,0.2564,16.6667,16.6567,15.3016,0.0013,-1.0000
16.6648,1.0000,153.2743,0.9114,0.2888,16.6609,16.6602,15.6788,0.0010,-1.0000
16.6672,1.0000,153.2909,0.9607,0.2782,16.6420,16.6545,15.7462,0.0009,-1.0000
16.6661,1.0000,153.3076,0.9254,0.3487,16.6772,16.6696,15.6639,0.0009,-1.0000
16.6696,1.0000,153.3244,1.3537,0.3024,16.6625,16.6978,15.5311,0.0012,-1.0000
16.6653,1.0000,153.3411,0.9805,0.2880,16.6653,16.6949,15.3220,0.0010,-1.0000
16.6655,1.0000,153.3577,0.9073,0.3433,16.6596,16.6202,15.4159,0.0011,-1.0000
16.6671,1.0000,153.3744,1.0049,0.3818,16.6753,16.6743,15.6774,0.0010,-1.0000
16.6663,1.0000,153.3911,1.1655,0.3395,16.7052,16.6640,15.4744,0.0010,-1.0000
16.6666,1.0000,153.4077,1.3721,0.3252,16.7030,16.6837,15.5545,0.0012,-1.0000
16.6661,1.0000,153.4244,1.2033,0.2916,16.6263,16.6193,15.7050,0.0008,-1.0000
16.6677,1.0000,153.4410,0.9959,0.3749,16.6797,16.6551,15.6321,0.0009,-1.0000
16.6663,1.0000,153.4577,1.1886,0.3029,16.6694,16.6966,15.7058,0.0009,-1.0000
16.6672,1.0000,153.4743,1.1281,0.3273,16.6888,16.5958,15.6007,0.0009,-1.0000
16.6669,1.0000,153.4910,0.9137,0.2511,16.6252,16.6682,15.7463,0.0010,-1.0000
16.6670,1.0000,153.5076,1.0221,0.2566,16.6601,16.6585,15.7554,0.0011,-1.0000
16.6676,1.0000,153.5243,0.9900,0.2774,16.7017,16.6717,15.6430,0.0012,-1.0000
16.6658,1.0000,153.5410,0.9942,0.2493,16.6008,16.6503,15.6883,0.0009,-1.0000
16.6659,1.0000,153.5576,0.9210,0.2553,16.6733,16.6626,15.5867,0.0009,-1.0000
16.6670,1.0000,153.5743,0.9019,0.2520,16.6640,16.7010,15.8125,0.0008,-1.0000
16.6678,1.0000,153.5910,1.0271,0.2584,16.6768,16.6303,15.7274,0.0012,-1.0000
16.6659,1.0000,153.6075,0.9610,0.2999,16.6558,16.6511,15.6912,0.0011,-1.0000
16.6669,1.0000,153.6243,1.0751,0.2434,16.6675,16.6596,15.8454,0.0007,-1.0000
16.6666,1.0000,153.6410,0.8877,0.2521,16.7059,16.6305,15.6318,0.0010,-1.0000
16.6672,1.0000,153.6576,0.9015,0.2558,16.6354,16.6599,15.7085,0.0010,-1.0000
16.6663,1.0000,153.6743,0.9588,0.2511,16.6563,16.6632,15.7339,0.0009,-1.0000
16.6669,1.0000,153.6909,0.8136,0.2752,16.7010,16.6595,15.7622,0.0008,-1.0000
16.6667,1.0000,153.7076,0.9977,0.2584,16.6358,16.6636,15.7544,0.0009,-1.0000
16.6670,1.0000,153.7243,0.9504,0.2559,16.6650,16.6616,15.7959,0.0010,-1.0000
16.6672,1.0000,153.7410,0.9283,0.2707,16.6684,16.6673,15.7496,0.0009,-1.0000
16.6665,1.0000,153.7576,0.8966,0.2757,16.6640,16.6583,15.7293,0.0012,-1.0000
16.6665,1.0000,153.7743,0.9083,0.3028,16.6680,16.6603,15.7135,0.0010,-1.0000
16.6675,1.0000,153.7910,0.8646,0.2549,16.6670,16.6647,15.8319,0.0008,-1.0000
16.6660,1.0000,153.8076,0.9169,0.2393,16.6723,16.6626,15.5692,0.0014,-1.0000
16.6662,1.0000,153.8243,0.9279,0.2544,16.6637,16.6555,15.7590,0.0011,-1.0000
16.6683,1.0000,153.8410,0.9460,0.2802,16.6650,16.6694,15.7855,0.0008,-1.0000
16.6668,1.0000,153.8577,0.8320,0.2641,16.6695,16.7110,15.5037,0.0012,-1.0000
16.6661,1.0000,153.8743,1.0921,0.2541,16.6686,16.6047,15.6084,0.0010,-1.0000
16.6665,1.0000,153.8910,0.8955,0.2443,16.6613,16.6631,15.4247,0.0010,-1.0000
16.6667,1.0000,153.9076,0.8830,0.3101,16.6742,16.7039,15.6130,0.0011,-1.0000
16.6668,1.0000,153.9243,1.2063,0.2674,16.7170,16.6185,15.6756,0.0010,-1.0000
16.6668,1.0000,153.9409,0.9956,0.3301,16.6105,16.6591,15.6726,0.0010,-1.0000
16.6672,1.0000,153.9577,1.2375,0.2812,16.6690,16.7115,15.6953,0.0011,-1.0000
16.6664,1.0000,153.9743,1.0899,0.2788,16.7087,16.6135,15.3103,0.0011,-1.0000
16.6667,1.0000,153.9910,0.9420,0.2798,16.6236,16.6629,15.6340,0.0014,-1.0000
16.6671,1.0000,154.0076,0.9854,0.2759,16.6637,16.6638,15.7152,0.0009,-1.0000
16.6661,1.0000,154.0244,1.0153,0.3252,16.7161,16.6942,15.7647,0.0009,-1.0000
16.6673,1.0000,154.0410,1.3023,0.2844,16.6190,16.6767,15.7173,0.0010,-1.0000
16.6658,1.0000,154.0576,1.0278,0.2613,16.6685,16.6429,15.5349,0.0008,-1.0000
16.6678,1.0000,154.0743,0.9477,0.2603,16.6686,16.6853,15.7484,0.0009,-1.0000
16.6670,1.0000,154.0911,0.9286,0.3031,16.7008,16.6698,15.7760,0.0010,-1.0000
16.6654,1.0000,154.1076,0.9582,0.2733,16.6819,16.6269,15.5543,0.0011,-1.0000
16.6689,1.0000,154.1244,1.1073,0.2763,16.6477,16.6661,15.8525,0.0007,-1.0000
16.6668,1.0000,154.1411,0.9359,0.2332,16.6901,16.7572,15.4764,0.0009,-1.0000
16.6655,1.0000,154.1577,0.8926,0.2882,16.6751,16.5738,15.4908,0.0011,-1.0000
16.6675,1.0000,154.1744,1.0716,0.2404,16.6315,16.6720,15.7008,0.0010,-1.0000
16.6839,1.0000,154.1911,0.8129,0.3335,16.6722,16.6924,15.6023,0.0009,-1.0000
16.6661,1.0000,154.2076,1.2798,0.2644,16.7647,16.5915,15.6704,0.0009,-1.0000
16.6673,1.0000,154.2244,1.0820,0.2507,16.5798,16.7154,15.7821,0.0009,-1.0000
16.6669,1.0000,154.2411,0.9702,0.3113,16.6779,16.6704,15.6471,0.0011,-1.0000
16.6669,1.0000,154.2577,1.0893,0.2458,16.6979,16.6420,15.6409,0.0010,-1.0000
16.6771,1.0000,154.2744,0.9202,0.2823,16.5966,16.6764,15.6108,0.0010,-1.0000
16.6669,1.0000,154.2912,0.9325,0.2659,16.7211,16.6588,15.6435,0.0008,-1.0000
16.6668,1.0000,154.3077,1.0221,0.2585,16.6760,16.6686,15.3464,0.0011,-1.0000
16.6657,1.0000,154.3244,1.0002,0.2557,16.6473,16.6709,15.6514,0.0010,-1.0000
16.6671,1.0000,154.3410,1.0650,0.2616,16.6830,16.6314,15.7031,0.0008,-1.0000
16.6676,1.0000,154.3577,1.0143,0.3383,16.6645,16.6618,15.7163,0.0010,-1.0000
16.6664,1.0000,154.3746,1.3209,0.2595,16.6752,16.7859,15.6625,0.0010,-1.0000
16.6656,1.0000,154.3910,1.0185,0.2332,16.6760,16.5188,15.3362,0.0011,-1.0000
16.6672,1.0000,154.4076,0.9275,0.2975,16.6365,16.6677,15.7109,0.0010,-1.0000
16.6670,1.0000,154.4244,0.9447,0.2842,16.6670,16.6666,15.8084,0.0010,-1.0000
16.6666,1.0000,154.4410,1.1226,0.3379,16.7918,16.6330,15.6003,0.0012,-1.0000
16.6658,1.0000,154.4577,1.1816,0.2819,16.5245,16.6583,15.6759,0.0008,-1.0000
16.6677,1.0000,154.4743,0.9559,0.2528,16.6725,16.6636,15.7026,0.0010,-1.0000
16.6666,1.0000,154.4910,0.8575,0.2802,16.6721,16.6637,15.7302,0.0009,-1.0000
16.6682,1.0000,154.5076,1.0317,0.2559,16.6386,16.6685,15.7607,0.0009,-1.0000
16.6655,1.0000,154.5244,0.9815,0.2855,16.6628,16.6565,15.7104,0.0015,-1.0000
16.6669,1.0000,154.5411,0.9599,0.2455,16.6684,16.6817,15.6799,0.0008,-1.0000
16.6667,1.0000,154.5577,0.9328,0.2801,16.6692,16.6904,15.5751,0.0007,-1.0000
16.6661,1.0000,154.5744,0.9069,0.2934,16.6743,16.6374,15.7144,0.0011,-1.0000
16.6681,1.0000,154.5911,0.9447,0.2512,16.6623,16.6831,15.7935,0.0009,-1.0000
16.6653,1.0000,154.6076,1.0013,0.2761,16.6868,16.6526,15.6006,0.0011,-1.0000
16.6678,1.0000,154.6244,1.1145,0.2617,16.6959,16.6950,15.8090,0.0009,-1.0000
16.6661,1.0000,154.6410,0.9218,0.2341,16.6416,16.6077,15.5207,0.0013,-1.0000
16.6665,1.0000,154.6577,0.8886,0.2631,16.6890,16.6683,15.7026,0.0009,-1.0000
16.6671,1.0000,154.6744,1.0509,0.2377,16.6573,16.7102,15.7290,0.0012,-1.0000
16.6663,1.0000,154.6910,0.8852,0.2658,16.7004,16.5790,15.6724,0.0008,-1.0000
16.6667,1.0000,154.7076,1.0857,0.2678,16.6127,16.6649,15.8168,0.0008,-1.0000
16.6674,1.0000,154.7243,0.9650,0.2757,16.6728,16.6626,15.8169,0.0009,-1.0000
16.6669,1.0000,154.7410,0.9801,0.2445,16.7172,16.6664,15.6493,0.0009,-1.0000
16.6673,1.0000,154.7577,0.9062,0.2532,16.5842,16.6607,15.8010,0.0012,-1.0000
16.6870,1.0000,154.7744,0.8473,0.3103,16.6690,16.7032,15.6972,0.0009,-1.0000
16.6674,1.0000,154.7911,0.8449,0.2983,16.6678,16.6810,15.7665,0.0008,-1.0000
16.6672,1.0000,154.8076,1.0163,0.2400,16.6713,16.6191,15.4361,0.0009,-1.0000
16.6657,1.0000,154.8243,0.8587,0.2699,16.6662,16.6600,15.7234,0.0011,-1.0000
16.6681,1.0000,154.8410,1.0052,0.2888,16.7075,16.6696,15.8118,0.0009,-1.0000
16.6667,1.0000,154.8577,0.9135,0.2739,16.6860,16.6583,15.6229,0.0010,-1.0000
16.6668,1.0000,154.8744,1.1819,0.2527,16.6243,16.6585,15.7217,0.0008,-1.0000
16.6658,1.0000,154.8910,0.9359,0.2848,16.6648,16.6620,15.6431,0.0010,-1.0000
16.6684,1.0000,154.9076,0.8570,0.2740,16.6752,16.6648,15.7808,0.0008,-1.0000
16.6662,1.0000,154.9244,1.0344,0.2605,16.6641,16.6603,15.7835,0.0010,-1.0000
16.6661,1.0000,154.9410,0.9359,0.2633,16.6640,16.6576,15.6371,0.0011,-1.0000
16.6673,1.0000,154.9577,1.0179,0.2535,16.6667,16.6682,15.7960,0.0008,-1.0000
16.6673,1.0000,154.9743,0.8831,0.3058,16.6701,16.6598,15.7147,0.0009,-1.0000
16.6655,1.0000,154.9910,0.8760,0.2605,16.6658,16.6604,15.7260,0.0009,-1.0000
16.6680,1.0000,155.0076,1.0195,0.2459,16.6623,16.6641,15.8153,0.0008,-1.0000
16.6658,1.0000,155.0244,0.8714,0.2672,16.6725,16.6572,15.7278,0.0010,-1.0000
16.6673,1.0000,155.0411,0.9442,0.2558,16.6654,16.6643,15.7345,0.0009,-1.0000
16.6665,1.0000,155.0577,0.9336,0.2702,16.6648,16.6622,15.6503,0.0009,-1.0000
16.6670,1.0000,155.0744,0.8480,0.2812,16.6693,16.7054,15.7325,0.0009,-1.0000
16.6664,1.0000,155.0910,0.9289,0.2533,16.6629,16.6169,15.5416,0.0013,-1.0000
16.6671,1.0000,155.1076,0.9288,0.3251,16.6697,16.6610,15.6353,0.0010,-1.0000
16.6672,1.0000,155.1245,1.0112,0.2586,16.6681,16.7028,15.8293,0.0009,-1.0000
16.6660,1.0000,155.1411,0.9721,0.2619,16.7106,16.6227,15.5028,0.0010,-1.0000
16.6675,1.0000,155.1577,1.0741,0.2594,16.6227,16.6604,15.6562,0.0011,-1.0000
16.6669,1.0000,155.1744,1.0250,0.2508,16.6667,16.7050,15.7021,0.0011,-1.0000
16.6662,1.0000,155.1911,0.8728,0.3021,16.7086,16.6175,15.6086,0.0011,-1.0000
16.6667,1.0000,155.2076,1.1189,0.3175,16.6284,16.6608,15.7228,0.0009,-1.0000
16.6677,1.0000,155.2244,1.0033,0.2525,16.6656,16.6626,15.7094,0.0012,-1.0000
16.6668,1.0000,155.2411,1.0019,0.2538,16.7111,16.7155,15.6236,0.0009,-1.0000
16.6668,1.0000,155.2578,1.0079,0.2522,16.6227,16.6468,15.6156,0.0007,-1.0000
16.6656,1.0000,155.2744,0.9370,0.2671,16.6661,16.6509,15.6780,0.0008,-1.0000
16.6671,1.0000,155.2914,0.9523,0.2852,16.6687,16.6736,15.7588,0.0007,-1.0000
16.6658,1.0000,155.3076,1.0913,0.2534,16.7211,16.6806,14.8741,0.0011,-1.0000
16.6668,1.0000,155.3244,1.0306,0.2549,16.6531,16.6534,15.8135,0.0010,-1.0000
16.6669,1.0000,155.3410,0.9721,0.2921,16.6562,16.6459,15.7568,0.0009,-1.0000
16.6666,1.0000,155.3577,0.9139,0.2520,16.6783,16.7288,15.7903,0.0010,-1.0000
16.6672,1.0000,155.3744,1.8053,0.2509,16.6857,16.5902,15.7238,0.0010,-1.0000
16.6676,1.0000,155.3911,0.8390,0.2348,16.6581,16.6751,15.5924,0.0008,-1.0000
16.6664,1.0000,155.4076,0.8882,0.2405,16.6509,16.6832,15.6780,0.0010,-1.0000
16.6670,1.0000,155.4243,0.9374,0.2561,16.7343,16.5974,15.8141,0.0009,-1.0000
16.6653,1.0000,155.4410,0.8652,0.2982,16.5949,16.6866,15.7891,0.0010,-1.0000
16.6678,1.0000,155.4577,1.0818,0.2587,16.6812,16.6823,15.8434,0.0008,-1.0000
16.6669,1.0000,155.4743,1.0043,0.2898,16.6890,16.6324,15.7245,0.0010,-1.0000
16.6662,1.0000,155.4910,0.7823,0.2493,16.6020,16.6756,15.7798,0.0009,-1.0000
16.6674,1.0000,155.5076,0.8966,0.2405,16.6917,16.6595,15.8400,0.0010,-1.0000
16.6657,1.0000,155.5243,0.8380,0.3021,16.6873,16.6646,15.8243,0.0008,-1.0000
16.6682,1.0000,155.5411,0.9069,0.2415,16.6373,16.6701,15.8115,0.0008,-1.0000
16.6657,1.0000,155.5578,0.8951,0.2660,16.6796,16.6788,15.5053,0.0013,-1.0000
16.6669,1.0000,155.5744,0.8184,0.2453,16.6646,16.6313,15.5804,0.0009,-1.0000
16.6679,1.0000,155.5911,0.8396,0.2382,16.6691,16.6594,15.6593,0.0009,-1.0000
16.6668,1.0000,155.6078,0.8577,0.2919,16.6753,16.7615,15.5894,0.0010,-1.0000
16.6670,1.0000,155.6244,1.1720,0.2769,16.6845,16.5555,15.5716,0.0011,-1.0000
16.6653,1.0000,155.6411,1.0501,0.2359,16.6359,16.6608,15.5285,0.0010,-1.0000
16.6669,1.0000,155.6577,0.9990,0.2656,16.6643,16.6584,15.6722,0.0010,-1.0000
16.6671,1.0000,155.6743,1.1713,0.2816,16.7679,16.6365,15.7198,0.0013,-1.0000
16.6665,1.0000,155.6910,0.9825,0.2842,16.5614,16.6614,15.7553,0.0008,-1.0000
16.6671,1.0000,155.7076,1.1316,0.3084,16.6658,16.6660,15.7938,0.0009,-1.0000
16.6664,1.0000,155.7243,0.9852,0.2407,16.6630,16.6602,15.7051,0.0009,-1.0000
16.6670,1.0000,155.7410,0.9155,0.2418,16.6418,16.6657,15.7336,0.0009,-1.0000
16.6668,1.0000,155.7577,0.9053,0.2973,16.6661,16.6581,15.7211,0.0010,-1.0000
16.6662,1.0000,155.7744,0.8716,0.2712,16.6713,16.6814,15.6626,0.0010,-1.0000
16.6674,1.0000,155.7911,0.9539,0.2527,16.6650,16.7014,15.7730,0.0009,-1.0000
16.6667,1.0000,155.8077,0.9314,0.2410,16.6703,16.6482,15.6320,0.0009,-1.0000
16.6666,1.0000,155.8244,0.9359,0.2545,16.6637,16.6486,15.7484,0.0010,-1.0000
16.6678,1.0000,155.8411,1.0178,0.2811,16.6866,16.6865,15.7544,0.0008,-1.0000
16.6657,1.0000,155.8577,0.9274,0.2542,16.7063,16.6539,15.5430,0.0010,-1.0000
16.6662,1.0000,155.8744,1.0154,0.2615,16.6541,16.6338,15.6668,0.0009,-1.0000
16.6665,1.0000,155.8910,0.8993,0.2470,16.6536,16.6653,15.6430,0.0010,-1.0000
16.6666,1.0000,155.9077,0.9312,0.2657,16.6919,16.6938,15.7350,0.0007,-1.0000
16.6673,1.0000,155.9244,1.1101,0.2594,16.6595,16.6010,15.8348,0.0008,-1.0000
16.6670,1.0000,155.9410,0.9660,0.2856,16.6389,16.6765,15.7460,0.0010,-1.0000
16.6659,1.0000,155.9577,1.0214,0.2532,16.6703,16.6454,15.7802,0.0010,-1.0000
16.6668,1.0000,155.9743,0.9581,0.2869,16.6982,16.6644,15.6720,0.0010,-1.0000
16.6665,1.0000,155.9910,0.7652,0.2433,16.6061,16.6621,15.7547,0.0007,-1.0000
16.6683,1.0000,156.0076,0.9298,0.2425,16.6809,16.6671,15.8344,0.0009,-1.0000
16.6672,1.0000,156.0245,0.8642,0.2941,16.6498,16.7144,15.8030,0.0010,-1.0000
16.6657,1.0000,156.0410,0.9915,0.2613,16.6698,16.5988,15.4759,0.0012,-1.0000
16.6662,1.0000,156.0577,0.9068,0.2541,16.6665,16.6580,15.7315,0.0010,-1.0000
16.6671,1.0000,156.0743,0.8317,0.2491,16.6724,16.6703,15.7673,0.0009,-1.0000
16.6668,1.0000,156.0910,0.9108,0.2823,16.7210,16.6580,15.7679,0.0009,-1.0000
16.6667,1.0000,156.1076,1.1218,0.2892,16.6046,16.6625,15.7882,0.0007,-1.0000
16.6666,1.0000,156.1244,0.9256,0.2904,16.6629,16.6611,15.8780,0.0009,-1.0000
16.6671,1.0000,156.1410,0.9020,0.2353,16.6752,16.6676,15.7311,0.0009,-1.0000
16.6663,1.0000,156.1577,0.8892,0.2528,16.6631,16.6584,15.6145,0.0010,-1.0000
16.6673,1.0000,156.1744,0.8738,0.2757,16.6670,16.6656,15.8211,0.0010,-1.0000
16.6667,1.0000,156.1910,0.7824,0.2793,16.6659,16.6610,15.6278,0.0008,-1.0000
16.6660,1.0000,156.2076,0.9356,0.2641,16.6722,16.6591,15.7298,0.0008,-1.0000
16.6704,1.0000,156.2244,1.0430,0.2416,16.6629,16.6792,15.8300,0.0009,-1.0000
16.6649,1.0000,156.2411,0.8437,0.3095,16.6706,16.6532,15.5230,0.0012,-1.0000
16.6664,1.0000,156.2577,1.0324,0.2847,16.6655,16.6527,15.6289,0.0008,-1.0000
16.6664,1.0000,156.2744,0.9286,0.2990,16.6643,16.6613,15.6922,0.0010,-1.0000
16.6668,1.0000,156.2911,0.8483,0.2841,16.6860,16.6596,15.7122,0.0008,-1.0000
16.6672,1.0000,156.3077,1.1291,0.2837,16.6608,16.7052,15.5033,0.0005,-1.0000
16.6675,1.0000,156.3244,1.0229,0.2668,16.6595,16.6203,15.4892,0.0010,-1.0000
16.6662,1.0000,156.3411,0.9682,0.2543,16.6666,16.6586,15.6024,0.0010,-1.0000
16.6661,1.0000,156.3577,0.9465,0.3444,16.6662,16.7020,15.5970,0.0013,-1.0000
16.6671,1.0000,156.3744,1.2013,0.2867,16.7109,16.6209,15.6640,0.0013,-1.0000
16.6658,1.0000,156.3910,1.1297,0.2941,16.6269,16.6539,15.5529,0.0009,-1.0000
16.6676,1.0000,156.4077,1.0551,0.2992,16.6645,16.7148,15.7625,0.0009,-1.0000
16.6673,1.0000,156.4244,1.1038,0.3043,16.7077,16.6211,15.5949,0.0015,-1.0000
16.6651,1.0000,156.4410,0.9555,0.2840,16.6264,16.6468,15.6261,0.0009,-1.0000
16.6681,1.0000,156.4578,1.1002,0.2542,16.6594,16.6716,15.7859,0.0010,-1.0000
16.6661,1.0000,156.4744,0.9517,0.2736,16.7205,16.6894,15.3878,0.0012,-1.0000
16.6677,1.0000,156.4911,1.0247,0.2645,16.6280,16.6696,15.7068,0.0010,-1.0000
16.6663,1.0000,156.5077,1.0199,0.2491,16.6526,16.6564,15.6622,0.0008,-1.0000
16.6671,1.0000,156.5245,0.8847,0.2768,16.6772,16.6740,15.7081,0.0011,-1.0000
16.6663,1.0000,156.5412,1.3005,0.2482,16.6958,16.6808,15.6180,0.0012,-1.0000
16.6664,1.0000,156.5577,0.9619,0.2662,16.6753,16.6131,15.4663,0.0009,-1.0000
16.6671,1.0000,156.5745,0.9934,0.2607,16.6629,16.6852,15.7011,0.0007,-1.0000
16.6667,1.0000,156.5912,0.9649,0.2532,16.6808,16.7413,15.6151,0.0013,-1.0000
16.6662,1.0000,156.6076,1.0617,0.2804,16.6865,16.5626,15.6127,0.0010,-1.0000
16.6670,1.0000,156.6244,1.1461,0.2548,16.6178,16.6654,15.8462,0.0008,-1.0000
16.6669,1.0000,156.6411,0.9834,0.2368,16.6902,16.6946,15.6892,0.0010,-1.0000
16.6675,1.0000,156.6577,1.1252,0.2517,16.7467,16.5988,15.5960,0.0009,-1.0000
16.6663,1.0000,156.6744,0.9491,0.2854,16.5672,16.7141,15.7246,0.0009,-1.0000
16.6659,1.0000,156.6910,0.8184,0.2769,16.6701,16.6394,15.7004,0.0009,-1.0000
16.6669,1.0000,156.7076,1.0044,0.2830,16.6997,16.6479,15.8067,0.0008,-1.0000
16.6673,1.0000,156.7244,1.0021,0.2490,16.6033,16.6798,15.7511,0.0010,-1.0000
16.6657,1.0000,156.7410,0.9889,0.2328,16.7205,16.6529,15.7162,0.0010,-1.0000
16.6708,1.0000,156.7578,0.9381,0.2280,16.6445,16.6995,15.7950,0.0009,-1.0000
16.6632,1.0000,156.7744,0.8403,0.2682,16.6524,16.6297,15.5167,0.0010,-1.0000
16.6667,1.0000,156.7911,0.9277,0.2328,16.6846,16.6894,15.7767,0.0010,-1.0000
16.6676,1.0000,156.8076,0.9359,0.2740,16.6575,16.6252,15.6009,0.0009,-1.0000
16.6668,1.0000,156.8244,0.9036,0.2649,16.7067,16.6591,15.7558,0.0008,-1.0000
16.6679,1.0000,156.8412,1.1122,0.2340,16.6360,16.7679,15.7079,0.0012,-1.0000
16.6650,1.0000,156.8577,0.9118,0.2745,16.6939,16.5466,15.4921,0.0010,-1.0000
16.6670,1.0000,156.8744,1.0236,0.2427,16.6298,16.6684,15.7288,0.0009,-1.0000
16.6664,1.0000,156.8910,0.9024,0.2416,16.6640,16.6573,15.6269,0.0011,-1.0000
16.6680,1.0000,156.9076,1.0586,0.2719,16.7742,16.6445,15.7137,0.0008,-1.0000
16.6657,1.0000,156.9244,1.0537,0.2755,16.5526,16.6553,15.7877,0.0007,-1.0000
16.6668,1.0000,156.9410,0.9389,0.2506,16.6734,16.6572,15.7559,0.0008,-1.0000
16.6677,1.0000,156.9577,1.0295,0.2542,16.6619,16.6680,15.7949,0.0008,-1.0000
16.6669,1.0000,156.9744,0.9300,0.2768,16.6499,16.6609,15.5447,0.0011,-1.0000
16.6664,1.0000,156.9911,0.8668,0.2457,16.6607,16.6612,15.5734,0.0009,-1.0000
16.6658,1.0000,157.0076,0.9006,0.2733,16.6625,16.6805,15.6885,0.0013,-1.0000
16.6664,1.0000,157.0244,0.8722,0.3383,16.6737,16.6896,15.8419,0.0013,-1.0000
16.6672,1.0000,157.0411,1.1152,0.2586,16.6671,16.6580,15.7220,0.0008,-1.0000
16.6663,1.0000,157.0577,1.0870,0.2610,16.6671,16.6476,15.5849,0.0013,-1.0000
16.6668,1.0000,157.0744,0.9907,0.2399,16.6860,16.6685,15.7185,0.0009,-1.0000
16.6668,1.0000,157.0911,0.8465,0.2499,16.6955,16.6906,15.7866,0.0009,-1.0000
16.6664,1.0000,157.1076,0.9354,0.2469,16.6633,16.6215,15.7078,0.0007,-1.0000
16.6675,1.0000,157.1246,1.0615,0.3005,16.6532,16.6623,15.8194,0.0009,-1.0000
16.6669,1.0000,157.1411,0.9493,0.2272,16.6732,16.7078,15.2390,0.0010,-1.0000
16.6662,1.0000,157.1577,0.9032,0.2392,16.6959,16.5870,15.6459,0.0008,-1.0000
16.6667,1.0000,157.1743,0.9129,0.2683,16.6255,16.6567,15.7762,0.0011,-1.0000
16.6669,1.0000,157.1910,0.8424,0.2662,16.6672,16.6607,15.8373,0.0010,-1.0000
16.6667,1.0000,157.2076,1.4674,0.2383,16.7134,16.6639,15.7994,0.0009,-1.0000
16.6669,1.0000,157.2243,0.9401,0.2268,16.5923,16.6671,15.8545,0.0008,-1.0000
16.6675,1.0000,157.2410,0.8793,0.2266,16.6621,16.6644,15.7265,0.0008,-1.0000
16.6677,1.0000,157.2578,0.8225,0.2840,16.6649,16.7221,15.7653,0.0008,-1.0000
16.6652,1.0000,157.2743,0.8636,0.2824,16.6690,16.5904,15.4644,0.0015,-1.0000
16.6667,1.0000,157.2910,0.8118,0.2484,16.6720,16.6634,15.8118,0.0008,-1.0000
16.6665,1.0000,157.3076,0.9368,0.2398,16.6700,16.6648,15.7404,0.0011,-1.0000
16.6666,1.0000,157.3243,0.9560,0.2589,16.7292,16.6565,15.8417,0.0007,-1.0000
16.6672,1.0000,157.3410,1.1244,0.2352,16.5961,16.6687,15.8515,0.0008,-1.0000
16.6660,1.0000,157.3577,0.8507,0.2836,16.6681,16.6536,15.7682,0.0012,-1.0000
16.6671,1.0000,157.3743,0.9234,0.2383,16.6701,16.6663,15.8588,0.0008,-1.0000
16.6694,1.0000,157.3911,0.8141,0.2274,16.6617,16.6747,15.6737,0.0008,-1.0000
16.6648,1.0000,157.4077,0.8164,0.2278,16.6740,16.6759,15.4558,0.0009,-1.0000
16.6660,1.0000,157.4243,0.8841,0.2309,16.6587,16.6287,15.6903,0.0010,-1.0000
16.6668,1.0000,157.4410,0.8066,0.3100,16.6709,16.6637,15.7335,0.0010,-1.0000
16.6667,1.0000,157.4577,1.0003,0.2928,16.6819,16.6636,15.7661,0.0007,-1.0000
16.6674,1.0000,157.4743,1.2189,0.2548,16.6825,16.6602,15.7090,0.0010,-1.0000
16.6656,1.0000,157.4910,0.9377,0.3006,16.6343,16.6620,15.7856,0.0008,-1.0000
16.6682,1.0000,157.5076,0.9294,0.2448,16.6684,16.6643,15.7906,0.0010,-1.0000
16.6659,1.0000,157.5243,0.8966,0.2660,16.6684,16.6585,15.8460,0.0008,-1.0000
16.6671,1.0000,157.5411,0.9503,0.2447,16.6651,16.7059,15.7971,0.0008,-1.0000
16.6655,1.0000,157.5577,0.8755,0.2272,16.6662,16.6128,15.4948,0.0012,-1.0000
16.6680,1.0000,157.5744,0.8729,0.2653,16.6704,16.6645,15.7916,0.0009,-1.0000
16.6669,1.0000,157.5911,0.8119,0.2332,16.6646,16.7190,15.7925,0.0011,-1.0000
16.6660,1.0000,157.6076,0.9082,0.2895,16.7113,16.6022,15.6243,0.0010,-1.0000
16.6664,1.0000,157.6244,1.1166,0.2881,16.6179,16.6598,15.8891,0.0007,-1.0000
16.6663,1.0000,157.6410,0.8724,0.2427,16.6694,16.7025,15.6760,0.0013,-1.0000
16.6671,1.0000,157.6577,0.9255,0.2515,16.7246,16.6260,15.7248,0.0012,-1.0000
16.6675,1.0000,157.6743,0.9769,0.2255,16.6070,16.6626,15.8300,0.0009,-1.0000
16.6665,1.0000,157.6910,0.7700,0.2523,16.6651,16.6560,15.8139,0.0008,-1.0000
16.6664,1.0000,157.7077,1.0252,0.2403,16.7070,16.7073,15.8697,0.0009,-1.0000
16.6673,1.0000,157.7244,0.9000,0.2520,16.6309,16.6609,15.7389,0.0010,-1.0000
16.6663,1.0000,157.7410,0.8317,0.2253,16.6683,16.6600,15.7270,0.0008,-1.0000
16.6680,1.0000,157.7578,0.8415,0.2630,16.6607,16.6789,15.8085,0.0008,-1.0000
16.6652,1.0000,157.7744,0.8366,0.2820,16.7124,16.6754,15.6059,0.0013,-1.0000
16.6671,1.0000,157.7911,0.9212,0.2379,16.6668,16.6181,15.7405,0.0009,-1.0000
16.6669,1.0000,157.8076,0.9323,0.2200,16.6645,16.6621,15.6952,0.0009,-1.0000
16.6658,1.0000,157.8244,0.8699,0.2590,16.6855,16.7579,15.8275,0.0007,-1.0000
16.6689,1.0000,157.8411,1.0683,0.2369,16.6813,16.5892,15.7306,0.0009,-1.0000
16.6664,1.0000,157.8578,0.8767,0.3485,16.6231,16.6598,15.5902,0.0012,-1.0000
16.6661,1.0000,157.8744,0.9661,0.2316,16.6672,16.6647,15.5857,0.0010,-1.0000
16.6667,1.0000,157.8910,0.9297,0.2571,16.7627,16.6061,15.6404,0.0008,-1.0000
16.6672,1.0000,157.9078,0.8577,0.2952,16.5952,16.7871,15.7668,0.0009,-1.0000
16.6662,1.0000,157.9244,1.0686,0.2523,16.6673,16.5483,15.6054,0.0011,-1.0000
16.6669,1.0000,157.9411,1.0779,0.3106,16.6702,16.7005,15.7033,0.0009,-1.0000
16.6661,1.0000,157.9577,0.9651,0.2430,16.6109,16.6412,15.7335,0.0011,-1.0000
16.6672,1.0000,157.9744,1.0194,0.2754,16.7925,16.6634,15.7163,0.0010,-1.0000
16.6664,1.0000,157.9910,0.9418,0.2494,16.5545,16.6651,15.6453,0.0010,-1.0000
16.6677,1.0000,158.0077,0.9964,0.2406,16.7060,16.6892,15.8053,0.0009,-1.0000
16.6661,1.0000,158.0244,0.9064,0.2814,16.6461,16.6301,15.7104,0.0009,-1.0000
16.6668,1.0000,158.0411,0.9462,0.2769,16.6688,16.6488,15.7321,0.0012,-1.0000
16.6672,1.0000,158.0579,1.0188,0.2291,16.6698,16.7604,15.6943,0.0009,-1.0000
16.6677,1.0000,158.0744,0.8833,0.2364,16.6941,16.5770,15.5594,0.0010,-1.0000
16.6661,1.0000,158.0911,0.9188,0.2331,16.6348,16.6559,15.6324,0.0009,-1.0000
16.6664,1.0000,158.1076,0.9156,0.2731,16.6536,16.6495,15.7320,0.0010,-1.0000
16.6676,1.0000,158.1244,1.0653,0.2716,16.7653,16.6439,15.8543,0.0009,-1.0000
16.6676,1.0000,158.1411,1.0168,0.2425,16.5826,16.6707,15.6172,0.0011,-1.0000
16.6645,1.0000,158.1577,1.0227,0.2445,16.6617,16.6451,15.5270,0.0010,-1.0000
16.6670,1.0000,158.1744,0.9167,0.2365,16.6547,16.6653,15.8265,0.0008,-1.0000
16.6667,1.0000,158.1910,0.7887,0.2588,16.6490,16.6573,15.7632,0.0010,-1.0000
16.6674,1.0000,158.2076,1.0523,0.2558,16.6773,16.6686,15.8338,0.0010,-1.0000
16.6679,1.0000,158.2244,1.1171,0.2789,16.6501,16.6932,15.7806,0.0010,-1.0000
16.6661,1.0000,158.2411,0.8381,0.2443,16.6700,16.6804,15.6047,0.0009,-1.0000
16.6668,1.0000,158.2578,0.8930,0.2687,16.6619,16.6625,15.6437,0.0009,-1.0000
16.6664,1.0000,158.2744,0.8338,0.2745,16.6731,16.6473,15.5954,0.0007,-1.0000
16.6668,1.0000,158.2911,0.9113,0.2757,16.6988,16.6739,15.7367,0.0011,-1.0000
16.6669,1.0000,158.3077,1.0746,0.2443,16.6862,16.6830,15.5289,0.0010,-1.0000
16.6678,1.0000,158.3245,1.0181,0.2494,16.6683,16.6346,15.6941,0.0009,-1.0000
16.6666,1.0000,158.3411,1.0513,0.2449,16.6530,16.6493,15.6082,0.0009,-1.0000
16.6668,1.0000,158.3578,0.9362,0.2972,16.6795,16.7156,15.5355,0.0010,-1.0000
16.6675,1.0000,158.3745,1.1533,0.2588,16.6876,16.5770,15.5172,0.0009,-1.0000
16.6653,1.0000,158.3911,0.9397,0.2665,16.6412,16.6546,15.4475,0.0009,-1.0000
16.6675,1.0000,158.4077,1.0401,0.2714,16.6559,16.6620,15.5691,0.0010,-1.0000
16.6668,1.0000,158.4244,1.1792,0.2677,16.7228,16.6677,15.7156,0.0008,-1.0000
16.6651,1.0000,158.4411,1.0590,0.3389,16.5842,16.6452,15.5694,0.0010,-1.0000
16.6667,1.0000,158.4577,1.2061,0.2789,16.6612,16.6599,15.6644,0.0009,-1.0000
16.6681,1.0000,158.4745,1.0921,0.3130,16.6690,16.7192,15.6863,0.0010,-1.0000
16.6655,1.0000,158.4910,0.9509,0.2756,16.6761,16.6051,15.5075,0.0011,-1.0000
16.6688,1.0000,158.5077,1.0749,0.2484,16.6513,16.6756,15.7565,0.0010,-1.0000
16.6660,1.0000,158.5244,0.9948,0.2929,16.6642,16.6551,15.5168,0.0011,-1.0000
16.6665,1.0000,158.5411,1.0322,0.2752,16.7250,16.6649,15.5084,0.0014,-1.0000
16.6686,1.0000,158.5578,1.0966,0.2486,16.6106,16.6633,15.2678,0.0016,-1.0000
16.6667,1.0000,158.5745,0.9181,0.3235,16.6819,16.6597,15.4285,0.0014,-1.0000
16.6763,1.0000,158.5911,1.1372,0.3235,16.6620,16.6625,15.3970,0.0014,-1.0000
16.6651,1.0000,158.6077,1.1555,0.5572,16.6712,16.6576,15.5003,0.0014,-1.0000
16.6673,1.0000,158.6245,1.3943,0.3044,16.6706,16.6546,15.7264,0.0010,-1.0000
16.6681,1.0000,158.6411,1.2299,0.3185,16.6687,16.6681,15.5518,0.0009,-1.0000
16.6665,1.0000,158.6578,1.2641,0.3248,16.6714,16.6599,15.4330,0.0010,-1.0000
16.6667,1.0000,158.6745,1.1558,0.4126,16.6653,16.6604,15.5024,0.0009,-1.0000
16.6671,1.0000,158.6912,0.9273,0.3134,16.6614,16.6617,15.4495,0.0012,-1.0000
16.6659,1.0000,158.7078,1.1151,0.3104,16.6761,16.6577,15.3907,0.0013,-1.0000
