frame_ms,focused,elapsed,CPU Main Thread Frame Time,CPU Render Thread Frame Time,CPU Total Frame Time,PlayerLoop,WaitForTargetFPS,Gfx.WaitForPresentOnGfxThread,Gfx.WaitForGfxCommandsFromMainThread
16.6642,1.0000,229.8999,1.3165,0.2646,16.6688,16.6562,15.2157,0.0013,-1.0000
16.6671,1.0000,229.9167,1.2169,0.2836,16.6642,16.6586,15.5231,0.0011,-1.0000
16.6674,1.0000,229.9333,1.2193,0.3626,16.7183,16.6604,15.0151,0.0012,-1.0000
16.6669,1.0000,229.9498,1.8446,0.2635,16.6162,16.6587,15.4244,0.0012,-1.0000
16.6672,1.0000,229.9668,1.4395,0.2429,16.6643,16.6590,15.4785,0.0012,-1.0000
16.6681,1.0000,229.9834,1.1344,0.2795,16.6659,16.6593,15.1467,0.0013,-1.0000
16.6645,1.0000,230.0000,1.6439,0.2830,16.6684,16.6480,15.2583,0.0013,-1.0000
16.6657,1.0000,230.0166,1.2331,0.3265,16.6671,16.6565,15.4440,0.0012,-1.0000
16.6688,1.0000,230.0333,1.1792,0.2677,16.6692,16.6651,15.4560,0.0013,-1.0000
16.6656,1.0000,230.0499,1.5111,0.2979,16.6704,16.6562,15.4461,0.0014,-1.0000
16.6672,1.0000,230.0666,1.3882,0.2563,16.6568,16.6612,15.4310,0.0012,-1.0000
16.6669,1.0000,230.0834,1.2112,0.2623,16.6652,16.6531,15.3438,0.0010,-1.0000
16.6663,1.0000,230.1000,1.2077,0.2518,16.6730,16.6586,15.2969,0.0010,-1.0000
16.6655,1.0000,230.1166,1.2083,0.2638,16.6660,16.6507,15.3587,0.0013,-1.0000
16.6680,1.0000,230.1333,1.2287,0.3165,16.6706,16.6640,15.4431,0.0014,-1.0000
16.6669,1.0000,230.1498,1.3083,0.2695,16.6624,16.6566,15.3596,0.0011,-1.0000
16.6686,1.0000,230.1667,1.3607,0.2667,16.6677,16.6647,15.4314,0.0011,-1.0000
16.6650,1.0000,230.1834,1.2910,0.2710,16.6606,16.6514,15.0677,0.0012,-1.0000
16.6670,1.0000,230.2000,1.2196,0.2688,16.6726,16.6617,15.4043,0.0012,-1.0000
16.6669,1.0000,230.2167,1.2958,0.3600,16.6654,16.6541,15.3937,0.0010,-1.0000
16.6663,1.0000,230.2332,1.2321,0.4600,16.6730,16.6602,15.1631,0.0014,-1.0000
16.6656,1.0000,230.2498,1.5823,0.2811,16.6604,16.6518,15.5390,0.0009,-1.0000
16.6686,1.0000,230.2666,1.2565,0.2647,16.6708,16.6687,15.5763,0.0010,-1.0000
16.6671,1.0000,230.2833,1.2593,0.2695,16.6623,16.6562,15.2604,0.0013,-1.0000
16.6653,1.0000,230.3000,1.4955,0.2741,16.6690,16.6531,15.3520,0.0015,-1.0000
16.6678,1.0000,230.3167,1.1115,0.2629,16.6603,16.6629,15.3265,0.0012,-1.0000
16.6667,1.0000,230.3333,1.0911,0.3471,16.6771,16.6545,15.2240,0.0012,-1.0000
16.6661,1.0000,230.3499,1.3945,0.2959,16.6656,16.6534,15.3271,0.0014,-1.0000
16.6678,1.0000,230.3668,1.2994,0.2788,16.6625,16.6654,15.4424,0.0012,-1.0000
16.6664,1.0000,230.3833,1.3351,0.3447,16.6733,16.6517,14.9757,0.0017,-1.0000
16.6654,1.0000,230.3999,1.4291,0.2643,16.6636,16.6543,15.1755,0.0012,-1.0000
16.6701,1.0000,230.4170,1.3247,0.2522,16.6627,16.7026,15.4950,0.0014,-1.0000
16.6646,1.0000,230.4333,1.2215,0.3175,16.6753,16.6153,14.8784,0.0012,-1.0000
16.6647,1.0000,230.4498,1.6743,0.3247,16.6609,16.6466,15.3774,0.0013,-1.0000
16.6693,1.0000,230.4666,1.4773,0.2878,16.6632,16.6686,15.6159,0.0008,-1.0000
16.6659,1.0000,230.4833,1.2060,0.3502,16.7126,16.6562,15.3044,0.0015,-1.0000
16.6666,1.0000,230.4999,1.7351,0.2723,16.6261,16.6573,15.3939,0.0011,-1.0000
16.6683,1.0000,230.5166,1.2677,0.2629,16.6553,16.6643,15.4738,0.0010,-1.0000
16.6657,1.0000,230.5333,1.0517,0.3120,16.6760,16.6521,15.3624,0.0012,-1.0000
16.6661,1.0000,230.5499,1.3502,0.2677,16.6647,16.6577,15.4147,0.0012,-1.0000
16.6673,1.0000,230.5667,1.2621,0.2525,16.6661,16.6600,15.4619,0.0014,-1.0000
16.6671,1.0000,230.5833,1.1892,0.2836,16.6737,16.6551,15.3333,0.0009,-1.0000
16.6669,1.0000,230.6000,1.2882,0.3011,16.6613,16.6597,15.4749,0.0012,-1.0000
16.6672,1.0000,230.6166,1.2418,0.2580,16.6665,16.6547,15.3436,0.0013,-1.0000
16.6659,1.0000,230.6333,1.1967,0.2805,16.6699,16.6566,15.3967,0.0013,-1.0000
16.6660,1.0000,230.6498,1.3210,0.2780,16.6643,16.6584,15.1747,0.0012,-1.0000
16.6681,1.0000,230.6667,1.1834,0.2732,16.6699,16.6625,15.4732,0.0012,-1.0000
16.6668,1.0000,230.6833,1.3095,0.2632,16.6644,16.6539,15.1824,0.0015,-1.0000
16.6667,1.0000,230.6999,1.2584,0.3333,16.6653,16.6544,15.4594,0.0013,-1.0000
16.6993,1.0000,230.7169,1.4826,0.2953,16.6665,16.7529,15.3124,0.0013,-1.0000
16.6634,1.0000,230.7333,1.1881,0.2885,16.6728,16.5888,14.8740,0.0013,-1.0000
16.6667,1.0000,230.7499,1.4696,0.2712,16.6654,16.6584,15.3988,0.0013,-1.0000
16.6680,1.0000,230.7666,1.1936,0.2841,16.6640,16.6585,15.4797,0.0011,-1.0000
16.6658,1.0000,230.7834,1.4388,0.3840,16.7634,16.6580,15.3074,0.0010,-1.0000
16.6666,1.0000,230.8000,1.7134,0.2853,16.5985,16.6551,15.3722,0.0012,-1.0000
16.6705,1.0000,230.8167,1.2581,0.2748,16.6668,16.6697,15.4041,0.0012,-1.0000
16.6633,1.0000,230.8333,1.1775,0.2899,16.6677,16.6455,15.1831,0.0014,-1.0000
16.6674,1.0000,230.8499,1.3494,0.2752,16.6672,16.6612,15.3888,0.0010,-1.0000
16.6670,1.0000,230.8667,1.2815,0.3256,16.6638,16.6552,15.3542,0.0016,-1.0000
16.6657,1.0000,230.8834,1.2643,0.3315,16.6805,16.6552,15.2961,0.0011,-1.0000
16.6662,1.0000,230.8999,1.4609,0.2593,16.6553,16.6535,15.3023,0.0012,-1.0000
16.6681,1.0000,230.9169,1.2711,0.2791,16.6710,16.7192,15.4720,0.0012,-1.0000
16.6670,1.0000,230.9333,1.2994,0.2725,16.6645,16.5112,15.1415,0.0013,-1.0000
16.6654,1.0000,230.9499,1.3578,0.2642,16.6647,16.6553,15.4310,0.0011,-1.0000
16.6683,1.0000,230.9667,1.3501,0.2814,16.6637,16.6627,15.5130,0.0012,-1.0000
16.6660,1.0000,230.9833,1.2461,0.3068,16.7293,16.6533,15.2887,0.0011,-1.0000
16.6643,1.0000,230.9999,1.3681,0.2714,16.6089,16.6478,15.4646,0.0010,-1.0000
16.6702,1.0000,231.0167,1.2231,0.2646,16.6648,16.6771,15.5291,0.0009,-1.0000
16.6661,1.0000,231.0334,1.1484,0.2651,16.6708,16.6515,15.2466,0.0013,-1.0000
16.6665,1.0000,231.0499,1.3634,0.2580,16.6621,16.6597,15.2642,0.0012,-1.0000
16.6677,1.0000,231.0667,1.1822,0.2563,16.6547,16.6558,15.2916,0.0013,-1.0000
16.6659,1.0000,231.0833,1.1470,0.2790,16.6863,16.6545,15.3974,0.0013,-1.0000
16.6668,1.0000,231.1000,1.4033,0.2887,16.6612,16.6567,15.4027,0.0012,-1.0000
16.6685,1.0000,231.1167,1.3942,0.2821,16.6689,16.6626,15.4477,0.0012,-1.0000
16.6650,1.0000,231.1333,1.3627,0.2719,16.6663,16.6537,15.1776,0.0014,-1.0000
16.6671,1.0000,231.1499,1.2554,0.2625,16.6636,16.6597,15.3471,0.0015,-1.0000
16.6671,1.0000,231.1666,1.2526,0.2715,16.6651,16.6611,15.4747,0.0010,-1.0000
16.6650,1.0000,231.1833,1.2132,0.3604,16.6722,16.6518,15.1571,0.0014,-1.0000
16.6664,1.0000,231.1999,1.4745,0.2831,16.6616,16.6548,15.5195,0.0011,-1.0000
16.6700,1.0000,231.2167,1.3108,0.2850,16.6684,16.6726,15.5110,0.0010,-1.0000
16.6632,1.0000,231.2333,1.1851,0.3258,16.6708,16.6410,15.1941,0.0012,-1.0000
16.6685,1.0000,231.2499,1.4936,0.2744,16.6607,16.6651,15.4166,0.0012,-1.0000
16.6677,1.0000,231.2667,1.1340,0.2628,16.6624,16.6583,15.4842,0.0011,-1.0000
16.6649,1.0000,231.2833,1.1606,0.2674,16.6831,16.6555,15.3424,0.0014,-1.0000
16.6692,1.0000,231.3001,1.4455,0.3078,16.6513,16.6643,15.4314,0.0015,-1.0000
16.6652,1.0000,231.3166,1.2474,0.3358,16.6734,16.6520,15.1774,0.0014,-1.0000
16.6656,1.0000,231.3333,1.1728,0.2502,16.6663,16.6520,15.4662,0.0012,-1.0000
16.6685,1.0000,231.3500,1.3118,0.3094,16.6651,16.6694,15.3017,0.0012,-1.0000
16.6670,1.0000,231.3666,1.2315,0.2656,16.6733,16.6491,15.3184,0.0011,-1.0000
16.6648,1.0000,231.3834,1.4730,0.2911,16.6623,16.6552,15.4679,0.0013,-1.0000
16.6682,1.0000,231.4001,1.1847,0.3046,16.6599,16.6607,15.1854,0.0011,-1.0000
16.6668,1.0000,231.4166,1.3664,0.4674,16.6811,16.6554,15.0991,0.0016,-1.0000
16.6646,1.0000,231.4333,1.3296,0.2532,16.6586,16.6544,15.4883,0.0009,-1.0000
16.6697,1.0000,231.4499,1.1858,0.2646,16.6646,16.6722,15.5598,0.0012,-1.0000
16.6664,1.0000,231.4667,1.4738,0.2523,16.6699,16.6557,15.2951,0.0011,-1.0000
16.6655,1.0000,231.4833,1.5547,0.2710,16.6641,16.6516,15.2724,0.0011,-1.0000
16.6682,1.0000,231.5000,1.1652,0.2927,16.6612,16.6642,15.4524,0.0011,-1.0000
16.6666,1.0000,231.5166,1.1112,0.3867,16.6796,16.6541,15.1586,0.0011,-1.0000
16.6643,1.0000,231.5333,1.3588,0.3208,16.6656,16.6508,15.4589,0.0015,-1.0000
16.6699,1.0000,231.5501,1.3777,0.2972,16.6609,16.6768,15.4907,0.0010,-1.0000
16.6662,1.0000,231.5666,1.2106,0.2860,16.6734,16.6435,15.1014,0.0011,-1.0000
16.6644,1.0000,231.5833,1.4942,0.2494,16.6635,16.6544,15.4400,0.0013,-1.0000
16.6687,1.0000,231.6001,1.1901,0.2527,16.6578,16.6648,15.3947,0.0010,-1.0000
16.6671,1.0000,231.6166,1.1851,0.3612,16.6879,16.6586,14.9772,0.0018,-1.0000
16.6636,1.0000,231.6333,1.5409,0.2664,16.6525,16.6485,15.4979,0.0011,-1.0000
16.6694,1.0000,231.6499,1.2134,0.2995,16.6618,16.6756,15.5013,0.0011,-1.0000
16.6668,1.0000,231.6666,1.2690,0.3234,16.6727,16.6488,15.4827,0.0011,-1.0000
16.6664,1.0000,231.6834,1.6797,0.2615,16.6673,16.6543,15.4469,0.0010,-1.0000
16.6673,1.0000,231.7000,1.1495,0.3149,16.6548,16.6615,15.3992,0.0013,-1.0000
16.6664,1.0000,231.7167,1.1729,0.6017,16.6860,16.6552,15.1666,0.0015,-1.0000
16.6645,1.0000,231.7333,1.1648,0.2881,16.6616,16.6466,15.3983,0.0012,-1.0000
16.6684,1.0000,231.7499,1.2069,0.2680,16.6627,16.6687,15.5363,0.0011,-1.0000
16.6673,1.0000,231.7666,1.2610,0.3335,16.6716,16.6554,15.3407,0.0010,-1.0000
16.6664,1.0000,231.7833,1.4870,0.2649,16.6654,16.6568,15.4177,0.0012,-1.0000
16.6684,1.0000,231.8001,1.2476,0.2485,16.6541,16.6653,15.4612,0.0011,-1.0000
16.6666,1.0000,231.8166,1.1316,0.2962,16.6791,16.6548,15.0404,0.0011,-1.0000
16.6640,1.0000,231.8333,1.3137,0.2984,16.6647,16.6615,15.4234,0.0010,-1.0000
16.6683,1.0000,231.8499,1.2376,0.2739,16.6649,16.6524,15.3375,0.0009,-1.0000
16.6676,1.0000,231.8667,1.2027,0.3231,16.6747,16.6612,15.4024,0.0008,-1.0000
16.6653,1.0000,231.8834,1.6128,0.2695,16.6642,16.6521,15.3316,0.0015,-1.0000
16.6683,1.0000,231.9001,1.2372,0.2714,16.6696,16.6634,15.1034,0.0013,-1.0000
16.6665,1.0000,231.9167,1.3138,0.2722,16.6595,16.6588,15.1505,0.0015,-1.0000
16.6650,1.0000,231.9333,1.2578,0.2840,16.6705,16.6542,15.4515,0.0011,-1.0000
16.6682,1.0000,231.9499,1.3193,0.2460,16.6612,16.6604,15.4852,0.0015,-1.0000
16.6664,1.0000,231.9666,1.5586,0.3048,16.6711,16.6604,15.5309,0.0009,-1.0000
16.6670,1.0000,231.9833,1.5066,0.2443,16.6675,16.6549,15.4475,0.0012,-1.0000
16.6681,1.0000,232.0001,1.2014,0.2611,16.6624,16.6657,15.4059,0.0012,-1.0000
16.6667,1.0000,232.0166,1.1736,0.2642,16.6677,16.6537,15.1738,0.0014,-1.0000
16.6649,1.0000,232.0333,1.1285,0.2613,16.6700,16.6504,15.4364,0.0014,-1.0000
16.6681,1.0000,232.0500,1.2060,0.3219,16.6630,16.6643,15.5142,0.0010,-1.0000
16.6663,1.0000,232.0666,1.2587,0.2990,16.6756,16.6617,15.2231,0.0012,-1.0000
16.6663,1.0000,232.0833,1.4782,0.2835,16.6632,16.6513,15.5352,0.0010,-1.0000
16.6685,1.0000,232.1000,1.2127,0.2625,16.6587,16.6616,15.4815,0.0012,-1.0000
16.6658,1.0000,232.1167,1.1490,0.3031,16.6741,16.6560,15.1928,0.0012,-1.0000
16.6663,1.0000,232.1333,1.4372,0.2763,16.6706,16.6553,15.3497,0.0013,-1.0000
16.6667,1.0000,232.1499,1.1153,0.2961,16.6590,16.6589,15.3753,0.0013,-1.0000
16.6670,1.0000,232.1667,1.1784,0.3210,16.6698,16.6605,15.3375,0.0011,-1.0000
16.6660,1.0000,232.1833,1.4619,0.3122,16.6666,16.6569,15.4327,0.0011,-1.0000
16.6682,1.0000,232.2005,1.3045,0.2590,16.6634,16.6648,15.4022,0.0012,-1.0000
16.6669,1.0000,232.2167,1.2820,0.3509,16.6674,16.6542,14.8493,0.0011,-1.0000
16.6656,1.0000,232.2333,1.3218,0.2652,16.6686,16.6544,15.3044,0.0013,-1.0000
16.6674,1.0000,232.2500,1.2228,0.2893,16.6643,16.6621,15.4647,0.0011,-1.0000
16.6664,1.0000,232.2667,1.2612,0.2597,16.6751,16.6470,15.3177,0.0012,-1.0000
16.6664,1.0000,232.2833,1.8036,0.3067,16.6633,16.6558,15.3766,0.0014,-1.0000
16.6672,1.0000,232.3000,1.3486,0.2691,16.6642,16.6646,15.5479,0.0010,-1.0000
16.6671,1.0000,232.3167,1.1961,0.5067,16.6744,16.6578,15.2373,0.0012,-1.0000
16.6665,1.0000,232.3333,1.3279,0.3192,16.6570,16.6571,15.4627,0.0011,-1.0000
16.6670,1.0000,232.3499,1.2776,0.3190,16.6633,16.6622,15.4666,0.0011,-1.0000
16.6663,1.0000,232.3667,1.1157,0.3318,16.6725,16.6547,15.3459,0.0013,-1.0000
16.6656,1.0000,232.3835,1.4192,0.2687,16.6663,16.6515,15.4021,0.0012,-1.0000
16.6684,1.0000,232.4001,1.1931,0.2734,16.6653,16.6685,15.1241,0.0011,-1.0000
16.6668,1.0000,232.4167,1.1943,0.3401,16.6710,16.6521,15.0938,0.0014,-1.0000
16.6660,1.0000,232.4333,1.3077,0.2477,16.6655,16.6545,15.3707,0.0014,-1.0000
16.6680,1.0000,232.4500,1.2482,0.2853,16.6596,16.6680,15.4587,0.0012,-1.0000
16.6657,1.0000,232.4667,1.5431,0.3111,16.6785,16.6758,15.3435,0.0012,-1.0000
16.6655,1.0000,232.4833,1.5571,0.2768,16.6620,16.6254,15.3561,0.0011,-1.0000
16.6688,1.0000,232.5001,1.2822,0.2632,16.6628,16.6672,15.4660,0.0011,-1.0000
16.6662,1.0000,232.5166,1.2078,0.2854,16.6768,16.6544,15.2128,0.0010,-1.0000
16.6669,1.0000,232.5333,1.3310,0.2604,16.6870,16.6584,15.5009,0.0011,-1.0000
16.6680,1.0000,232.5499,1.2681,0.2492,16.6322,16.6608,15.4266,0.0012,-1.0000
16.6658,1.0000,232.5667,1.1999,0.3312,16.6759,16.6560,15.3448,0.0014,-1.0000
16.6659,1.0000,232.5833,1.4404,0.2635,16.6634,16.6538,15.4456,0.0012,-1.0000
16.6689,1.0000,232.6000,1.1563,0.3263,16.6666,16.6669,15.5175,0.0011,-1.0000
16.6652,1.0000,232.6167,1.2330,0.3509,16.6697,16.6548,15.3386,0.0014,-1.0000
16.6669,1.0000,232.6334,1.3096,0.2519,16.6647,16.6568,15.5297,0.0011,-1.0000
16.6683,1.0000,232.6500,1.2071,0.2392,16.6610,16.6617,15.3293,0.0014,-1.0000
16.6649,1.0000,232.6666,1.1479,0.3302,16.6749,16.6516,15.3186,0.0011,-1.0000
16.6650,1.0000,232.6833,1.3147,0.2665,16.6647,16.6548,15.4541,0.0013,-1.0000
16.6692,1.0000,232.7001,1.1257,0.4456,16.6662,16.6696,15.5035,0.0010,-1.0000
16.6666,1.0000,232.7167,1.3312,0.3160,16.6719,16.6538,14.8646,0.0012,-1.0000
16.6651,1.0000,232.7334,1.3319,0.2689,16.6604,16.6562,15.4127,0.0012,-1.0000
16.6689,1.0000,232.7499,1.1993,0.2547,16.6615,16.6617,15.3045,0.0013,-1.0000
16.6657,1.0000,232.7666,1.1651,0.2987,16.6770,16.6543,15.4297,0.0012,-1.0000
16.6661,1.0000,232.7833,1.7879,0.2655,16.6634,16.6568,15.4884,0.0010,-1.0000
16.6681,1.0000,232.8002,1.2425,0.2740,16.6649,16.6656,15.4667,0.0011,-1.0000
16.6655,1.0000,232.8166,1.3558,0.2830,16.6708,16.6540,14.7874,0.0016,-1.0000
16.6670,1.0000,232.8333,1.2231,0.2621,16.6624,16.6598,15.5145,0.0012,-1.0000
16.6683,1.0000,232.8499,1.1673,0.2662,16.6640,16.6614,15.4593,0.0011,-1.0000
16.6654,1.0000,232.8666,1.1974,0.3127,16.6736,16.6531,15.4763,0.0012,-1.0000
16.6647,1.0000,232.8833,1.8650,0.2584,16.6628,16.6543,15.4842,0.0011,-1.0000
16.6711,1.0000,232.9001,1.1439,0.2948,16.6674,16.6716,15.4387,0.0008,-1.0000
16.6647,1.0000,232.9167,1.2009,0.2947,16.6709,16.6520,15.2008,0.0012,-1.0000
16.6672,1.0000,232.9333,1.1755,0.2726,16.6618,16.6577,15.4002,0.0013,-1.0000
16.6662,1.0000,232.9499,1.1689,0.2429,16.6613,16.6623,15.3793,0.0012,-1.0000
16.6667,1.0000,232.9667,1.2319,0.4005,16.6795,16.6515,15.4336,0.0010,-1.0000
16.6659,1.0000,232.9833,1.4499,0.2792,16.6626,16.6537,15.2692,0.0015,-1.0000
16.6682,1.0000,233.0001,1.2560,0.2739,16.6667,16.6649,15.5337,0.0010,-1.0000
16.6648,1.0000,233.0166,1.2817,0.3546,16.6713,16.6542,15.1132,0.0011,-1.0000
16.7070,1.0000,233.0334,1.2166,0.2622,16.6610,16.7034,15.5494,0.0010,-1.0000
16.6780,1.0000,233.0501,1.3830,0.2535,16.6614,16.6957,15.5104,0.0010,-1.0000
16.6653,1.0000,233.0667,1.1302,0.3527,16.6732,16.6266,15.2113,0.0013,-1.0000
16.6680,1.0000,233.0834,1.5400,0.2692,16.6617,16.6590,15.4466,0.0012,-1.0000
16.6677,1.0000,233.1003,1.1529,0.3229,16.7116,16.6601,15.4435,0.0012,-1.0000
16.6636,1.0000,233.1167,1.1838,0.2776,16.7057,16.6445,14.9465,0.0015,-1.0000
16.6671,1.0000,233.1334,1.4140,0.3428,16.6362,16.6595,15.5874,0.0011,-1.0000
16.6702,1.0000,233.1500,1.2110,0.2639,16.6681,16.6716,15.3523,0.0013,-1.0000
16.6637,1.0000,233.1667,1.2150,0.3186,16.6726,16.6437,15.3198,0.0010,-1.0000
16.6683,1.0000,233.1834,1.6972,0.2575,16.6533,16.6636,15.3885,0.0011,-1.0000
16.6676,1.0000,233.2001,1.0711,0.2637,16.6668,16.6609,15.3847,0.0013,-1.0000
16.6629,1.0000,233.2167,1.3178,0.4142,16.6821,16.6430,15.0695,0.0013,-1.0000
16.6690,1.0000,233.2334,1.3228,0.3161,16.6540,16.6664,15.3763,0.0014,-1.0000
16.6676,1.0000,233.2499,1.2738,0.2960,16.6723,16.6646,15.4559,0.0013,-1.0000
16.6668,1.0000,233.2667,1.2747,0.3183,16.6719,16.6530,15.5222,0.0010,-1.0000
16.6670,1.0000,233.2834,1.5726,0.3278,16.6520,16.6629,15.4067,0.0014,-1.0000
16.6670,1.0000,233.3002,1.2887,0.3092,16.6731,16.6551,15.3441,0.0013,-1.0000
16.6653,1.0000,233.3167,1.2072,0.3335,16.6723,16.6519,15.0554,0.0011,-1.0000
16.6673,1.0000,233.3334,1.1297,0.2674,16.6616,16.6575,15.5770,0.0009,-1.0000
16.6685,1.0000,233.3501,1.2546,0.2869,16.6728,16.6655,15.4997,0.0011,-1.0000
16.6634,1.0000,233.3667,1.3096,0.3532,16.6656,16.6476,15.1686,0.0014,-1.0000
16.6689,1.0000,233.3834,1.5951,0.2656,16.6624,16.6631,15.5222,0.0011,-1.0000
16.6667,1.0000,233.4000,1.0796,0.2545,16.6658,16.6600,15.3143,0.0013,-1.0000
16.6663,1.0000,233.4167,1.1645,0.3165,16.6746,16.6541,15.4212,0.0010,-1.0000
16.6665,1.0000,233.4334,1.4777,0.2707,16.6562,16.6584,15.4514,0.0012,-1.0000
16.6680,1.0000,233.4500,1.1396,0.3495,16.6707,16.6628,15.3341,0.0012,-1.0000
16.6656,1.0000,233.4667,1.3444,0.2870,16.6698,16.6536,15.2532,0.0013,-1.0000
16.6658,1.0000,233.4834,1.2318,0.2784,16.6631,16.6558,15.3901,0.0011,-1.0000
16.6689,1.0000,233.5001,1.2058,0.3421,16.6665,16.6683,15.0977,0.0013,-1.0000
16.6653,1.0000,233.5167,1.3274,0.4685,16.6708,16.6506,15.1762,0.0011,-1.0000
16.6669,1.0000,233.5335,1.3990,0.2693,16.6622,16.6619,15.4600,0.0010,-1.0000
16.6702,1.0000,233.5501,1.2645,0.3881,16.6633,16.6683,14.8834,0.0013,-1.0000
16.6632,1.0000,233.5667,1.5692,0.4596,16.6760,16.6398,14.9961,0.0011,-1.0000
16.6676,1.0000,233.5835,1.4730,0.2906,16.6592,16.6608,15.4359,0.0010,-1.0000
16.6684,1.0000,233.6001,1.2009,0.3622,16.6716,16.6592,15.4118,0.0011,-1.0000
16.6645,1.0000,233.6167,1.7833,0.3270,16.6796,16.6543,15.1206,0.0016,-1.0000
16.6666,1.0000,233.6335,1.6426,0.3056,16.6510,16.6559,15.3418,0.0010,-1.0000
16.6691,1.0000,233.6500,1.2235,0.3128,16.6696,16.6583,15.1123,0.0014,-1.0000
16.6654,1.0000,233.6668,1.2461,0.3633,16.6682,16.6515,15.5050,0.0011,-1.0000
16.6740,1.0000,233.6840,1.5320,0.2938,16.6630,16.6696,15.3651,0.0011,-1.0000
16.6663,1.0000,233.7000,1.3128,0.3357,16.6725,16.6535,14.8604,0.0011,-1.0000
16.6659,1.0000,233.7167,1.5445,0.2675,16.6679,16.6569,15.4233,0.0010,-1.0000
16.6679,1.0000,233.7335,1.1453,0.3076,16.6609,16.6612,15.4234,0.0012,-1.0000
16.6679,1.0000,233.7500,1.3033,0.3592,16.6786,16.6632,15.0874,0.0013,-1.0000
16.6660,1.0000,233.7667,1.7922,0.2966,16.6620,16.6520,15.5281,0.0011,-1.0000
16.6674,1.0000,233.7835,1.2325,0.2686,16.6642,16.6622,15.4190,0.0013,-1.0000
16.6659,1.0000,233.8001,1.2366,0.2530,16.6696,16.6507,15.1655,0.0012,-1.0000
16.6673,1.0000,233.8167,1.5742,0.2613,16.6731,16.6585,15.3345,0.0014,-1.0000
16.6664,1.0000,233.8334,1.1225,0.3401,16.6626,16.6557,15.4302,0.0013,-1.0000
16.6671,1.0000,233.8500,1.2418,0.6279,16.6722,16.6566,15.2922,0.0013,-1.0000
16.6663,1.0000,233.8667,1.4841,0.2934,16.6611,16.6555,15.5152,0.0010,-1.0000
16.6678,1.0000,233.8835,1.3225,0.3229,16.6689,16.6651,15.4953,0.0012,-1.0000
16.6663,1.0000,233.9001,1.2240,0.3099,16.6654,16.6541,15.2731,0.0012,-1.0000
16.6671,1.0000,233.9167,1.3629,0.2933,16.6655,16.6611,15.4425,0.0012,-1.0000
16.6679,1.0000,233.9334,1.1391,0.2989,16.6638,16.6600,15.4304,0.0012,-1.0000
16.6653,1.0000,233.9500,1.1684,0.3076,16.6733,16.6506,15.1809,0.0012,-1.0000
16.6639,1.0000,233.9667,1.3796,0.2910,16.6630,16.6523,15.5414,0.0012,-1.0000
16.6701,1.0000,233.9834,1.2173,0.3181,16.6703,16.6720,15.5325,0.0010,-1.0000
16.6669,1.0000,234.0001,1.2282,0.3120,16.6697,16.6534,15.3402,0.0011,-1.0000
16.6642,1.0000,234.0167,1.4682,0.2683,16.6595,16.6516,15.3450,0.0013,-1.0000
16.6691,1.0000,234.0334,1.1098,0.2561,16.6590,16.6640,15.3960,0.0013,-1.0000
16.6667,1.0000,234.0500,1.1383,0.4154,16.6807,16.6590,15.3575,0.0012,-1.0000
16.6660,1.0000,234.0667,1.3120,0.2672,16.6621,16.6545,15.3908,0.0012,-1.0000
16.6675,1.0000,234.0834,1.3052,0.2793,16.6609,16.6627,15.4356,0.0011,-1.0000
16.6679,1.0000,234.1002,1.2665,0.2666,16.6725,16.6639,15.4403,0.0011,-1.0000
16.6648,1.0000,234.1167,1.3003,0.3211,16.6678,16.6460,15.1977,0.0012,-1.0000
16.6672,1.0000,234.1334,1.2625,0.2476,16.6622,16.6614,15.4917,0.0011,-1.0000
16.6669,1.0000,234.1501,1.2257,0.3023,16.6713,16.6579,15.3575,0.0010,-1.0000
16.6648,1.0000,234.1667,1.2226,0.3026,16.6744,16.6497,15.0663,0.0014,-1.0000
16.6682,1.0000,234.1834,1.4469,0.2775,16.6550,16.6653,15.5300,0.0011,-1.0000
16.6688,1.0000,234.2002,1.1686,0.2766,16.6697,16.6669,15.3619,0.0009,-1.0000
16.6634,1.0000,234.2167,1.2993,0.3584,16.6672,16.6428,15.0283,0.0015,-1.0000
16.6686,1.0000,234.2334,1.5819,0.2790,16.6578,16.6659,15.3876,0.0011,-1.0000
16.6694,1.0000,234.2500,1.1340,0.9135,16.6720,16.6619,15.4329,0.0012,-1.0000
16.6620,1.0000,234.2667,1.3039,0.3380,16.6774,16.6453,15.4367,0.0010,-1.0000
16.6680,1.0000,234.2835,1.6130,0.2601,16.6518,16.6684,15.5701,0.0009,-1.0000
16.6681,1.0000,234.3001,1.2771,0.2505,16.6738,16.6599,15.2028,0.0011,-1.0000
16.6655,1.0000,234.3167,1.2276,0.2805,16.6703,16.6526,15.3684,0.0010,-1.0000
16.6690,1.0000,234.3335,1.2078,0.2392,16.6532,16.6673,15.4832,0.0012,-1.0000
16.6658,1.0000,234.3499,1.0973,0.3231,16.6769,16.6531,15.0653,0.0014,-1.0000
16.6655,1.0000,234.3667,1.4558,0.2488,16.6686,16.6528,15.5812,0.0011,-1.0000
16.6677,1.0000,234.3834,1.2830,0.2500,16.6605,16.6658,15.5275,0.0010,-1.0000
16.6673,1.0000,234.4001,1.1827,0.3267,16.6761,16.6577,15.3326,0.0012,-1.0000
16.6664,1.0000,234.4167,1.5867,0.2834,16.6627,16.6581,15.4410,0.0013,-1.0000
16.6675,1.0000,234.4334,1.0704,0.3056,16.6605,16.6606,15.4761,0.0012,-1.0000
16.6662,1.0000,234.4500,1.1371,0.2664,16.6735,16.6572,15.3341,0.0011,-1.0000
16.6650,1.0000,234.4667,1.3237,0.2873,16.6658,16.6527,15.4844,0.0012,-1.0000
16.6676,1.0000,234.4834,1.2159,0.2480,16.6662,16.6642,15.4354,0.0012,-1.0000
16.6678,1.0000,234.5001,1.1832,0.3022,16.6702,16.6582,15.3986,0.0011,-1.0000
16.6665,1.0000,234.5167,1.3218,0.2725,16.6652,16.6561,15.3275,0.0012,-1.0000
16.6665,1.0000,234.5335,1.1671,0.2535,16.6601,16.6589,15.4788,0.0012,-1.0000
16.6674,1.0000,234.5500,1.2277,0.2987,16.6736,16.6571,15.0261,0.0012,-1.0000
16.6663,1.0000,234.5667,1.2583,0.2603,16.6665,16.6564,15.4228,0.0012,-1.0000
16.6675,1.0000,234.5835,1.3272,0.2528,16.6646,16.6636,15.4833,0.0012,-1.0000
16.6664,1.0000,234.6001,1.1792,0.3483,16.6698,16.6505,15.1414,0.0013,-1.0000
16.6665,1.0000,234.6167,1.6301,0.2780,16.6660,16.6592,15.3787,0.0011,-1.0000
16.6667,1.0000,234.6335,1.2324,0.3124,16.6659,16.6562,15.4526,0.0011,-1.0000
16.6668,1.0000,234.6500,1.1788,0.5032,16.6736,16.6629,15.2019,0.0014,-1.0000
16.6672,1.0000,234.6667,1.5080,0.3531,16.6601,16.6526,15.4510,0.0015,-1.0000
16.6672,1.0000,234.6834,1.2792,0.2536,16.6677,16.6601,15.4372,0.0013,-1.0000
16.6657,1.0000,234.7001,1.2023,0.7280,16.6646,16.6533,15.5245,0.0011,-1.0000
16.6665,1.0000,234.7168,1.4596,0.2704,16.6729,16.6596,15.4394,0.0010,-1.0000
16.7204,1.0000,234.7336,1.2000,0.2971,16.6617,16.7322,15.2331,0.0013,-1.0000
16.6138,1.0000,234.7500,1.2213,0.2646,16.6700,16.5541,15.1842,0.0014,-1.0000
16.6664,1.0000,234.7667,1.1276,0.2993,16.6624,16.6552,15.5437,0.0012,-1.0000
16.6676,1.0000,234.7834,1.2189,0.2922,16.6696,16.6621,15.4984,0.0010,-1.0000
16.6667,1.0000,234.8001,1.4976,0.4903,16.7660,16.6569,15.3600,0.0013,-1.0000
16.6650,1.0000,234.8168,1.3684,0.2820,16.5655,16.6559,15.4249,0.0010,-1.0000
16.6695,1.0000,234.8334,1.1103,0.3028,16.6641,16.6768,15.3149,0.0011,-1.0000
16.6652,1.0000,234.8500,1.1626,0.2737,16.6704,16.6376,15.3539,0.0014,-1.0000
16.6673,1.0000,234.8668,1.2955,0.2661,16.6672,16.6646,15.5444,0.0010,-1.0000
16.6682,1.0000,234.8835,1.2300,0.2797,16.6658,16.6551,15.2979,0.0011,-1.0000
16.6647,1.0000,234.9001,1.3606,0.3299,16.6852,16.6541,15.1314,0.0012,-1.0000
16.6668,1.0000,234.9167,1.2822,0.2753,16.6465,16.6599,15.4481,0.0013,-1.0000
16.6686,1.0000,234.9338,1.1189,0.2715,16.6730,16.6646,15.3594,0.0013,-1.0000
16.6636,1.0000,234.9499,1.3558,0.4052,16.6640,16.6434,14.9437,0.0013,-1.0000
16.6692,1.0000,234.9668,1.5214,0.2426,16.6635,16.6679,15.6156,0.0010,-1.0000
16.6666,1.0000,234.9835,1.2104,0.3101,16.6681,16.6623,15.0212,0.0013,-1.0000
16.6647,1.0000,235.0000,1.3038,0.3377,16.6749,16.6423,15.2066,0.0012,-1.0000
16.6688,1.0000,235.0167,1.6983,0.2666,16.6524,16.6682,15.4883,0.0012,-1.0000
16.6675,1.0000,235.0335,1.0512,0.2812,16.6783,16.6580,15.3601,0.0012,-1.0000
16.6651,1.0000,235.0500,1.6394,0.3297,16.6723,16.6508,15.2646,0.0010,-1.0000
16.6680,1.0000,235.0668,1.4348,0.2820,16.6504,16.6598,15.4225,0.0014,-1.0000
16.6667,1.0000,235.0834,1.1784,0.2719,16.6774,16.6568,15.2334,0.0011,-1.0000
16.6651,1.0000,235.1000,1.2966,0.2626,16.6692,16.6510,15.3638,0.0012,-1.0000
16.6674,1.0000,235.1167,1.3855,0.2511,16.6611,16.6637,15.5389,0.0010,-1.0000
16.6675,1.0000,235.1334,1.2356,0.3034,16.6693,16.6586,15.3750,0.0009,-1.0000
16.6662,1.0000,235.1500,1.4223,0.2687,16.6660,16.6572,15.4096,0.0014,-1.0000
16.6681,1.0000,235.1668,1.2861,0.2558,16.6590,16.6583,15.4950,0.0011,-1.0000
16.6673,1.0000,235.1834,1.1236,0.2738,16.6725,16.6613,15.2453,0.0013,-1.0000
16.6647,1.0000,235.2000,1.2824,0.2690,16.6669,16.6477,15.4536,0.0010,-1.0000
16.6666,1.0000,235.2167,1.2462,0.2552,16.6678,16.6576,15.5009,0.0012,-1.0000
16.6676,1.0000,235.2334,1.1624,0.2520,16.6681,16.6612,15.3088,0.0011,-1.0000
16.6664,1.0000,235.2499,1.4143,0.2722,16.6716,16.6570,15.4959,0.0012,-1.0000
16.6674,1.0000,235.2667,1.1927,0.2610,16.6564,16.6626,15.5566,0.0013,-1.0000
16.6663,1.0000,235.2834,1.1553,0.2914,16.6660,16.6539,15.4304,0.0011,-1.0000
16.6664,1.0000,235.3001,1.3510,0.2617,16.6691,16.6556,15.4245,0.0013,-1.0000
16.6674,1.0000,235.3167,1.1600,0.4099,16.6659,16.6593,15.3690,0.0015,-1.0000
16.6665,1.0000,235.3334,1.1043,0.2780,16.6730,16.6565,15.4491,0.0013,-1.0000
16.6666,1.0000,235.3500,1.2224,0.3008,16.6639,16.6571,15.4387,0.0014,-1.0000
16.6674,1.0000,235.3668,1.2298,0.2514,16.6647,16.6590,15.3825,0.0011,-1.0000
16.6661,1.0000,235.3834,1.2889,0.2703,16.6688,16.6540,15.3260,0.0011,-1.0000
16.6668,1.0000,235.4000,1.2062,0.2504,16.6659,16.6585,15.4016,0.0013,-1.0000
16.6657,1.0000,235.4167,1.2169,0.2765,16.6676,16.6539,15.5139,0.0014,-1.0000
16.6684,1.0000,235.4334,1.2752,0.3157,16.6686,16.6622,15.3218,0.0014,-1.0000
16.6652,1.0000,235.4500,1.3269,0.3167,16.6634,16.6525,15.4992,0.0013,-1.0000
16.6689,1.0000,235.4668,1.2558,0.3183,16.6676,16.6664,15.3597,0.0013,-1.0000
16.6655,1.0000,235.4834,1.1387,0.3102,16.6623,16.6507,15.2981,0.0011,-1.0000
16.6667,1.0000,235.5000,1.3389,0.2560,16.6709,16.6595,15.4742,0.0013,-1.0000
16.6670,1.0000,235.5167,1.1521,0.2755,16.6622,16.6570,15.5397,0.0010,-1.0000
16.6673,1.0000,235.5334,1.3053,0.3267,16.6766,16.6589,15.4275,0.0011,-1.0000
16.6639,1.0000,235.5499,1.3513,0.2695,16.6592,16.6512,15.5467,0.0010,-1.0000
16.6698,1.0000,235.5670,1.1837,0.2715,16.6679,16.6723,15.5977,0.0011,-1.0000
16.6670,1.0000,235.5834,1.1161,0.2992,16.6657,16.6536,14.9630,0.0013,-1.0000
16.6658,1.0000,235.6001,1.2301,0.2636,16.6670,16.6535,15.3478,0.0015,-1.0000
16.6673,1.0000,235.6167,1.1036,0.2669,16.6587,16.6625,15.2661,0.0011,-1.0000
16.6670,1.0000,235.6334,1.0732,0.3135,16.6814,16.6546,15.4830,0.0012,-1.0000
16.6656,1.0000,235.6499,1.6889,0.3102,16.6634,16.6530,15.3641,0.0013,-1.0000
16.6688,1.0000,235.6668,1.3040,0.3411,16.6626,16.6656,15.5895,0.0009,-1.0000
16.6658,1.0000,235.6834,1.3953,0.5132,16.6730,16.6568,15.0256,0.0015,-1.0000
16.6659,1.0000,235.7001,1.1701,0.2734,16.6649,16.6537,15.2904,0.0012,-1.0000
16.6676,1.0000,235.7168,1.2872,0.2637,16.6604,16.6587,15.4628,0.0012,-1.0000
16.6671,1.0000,235.7334,1.0751,0.5965,16.6744,16.6557,15.2672,0.0015,-1.0000
16.6637,1.0000,235.7499,1.6293,0.3536,16.6674,16.6447,15.4106,0.0014,-1.0000
16.6698,1.0000,235.7668,1.3620,0.2731,16.6637,16.6724,15.5157,0.0009,-1.0000
16.6664,1.0000,235.7835,1.1945,0.7650,16.6701,16.6541,15.2101,0.0011,-1.0000
16.6653,1.0000,235.8000,1.3862,0.2539,16.6662,16.6514,15.2723,0.0014,-1.0000
16.6688,1.0000,235.8169,1.2330,0.2604,16.6532,16.6682,15.4269,0.0012,-1.0000
16.6666,1.0000,235.8334,1.1558,0.2620,16.6820,16.6485,15.1144,0.0012,-1.0000
16.6657,1.0000,235.8499,1.4429,0.2724,16.6655,16.6522,15.3166,0.0010,-1.0000
16.6682,1.0000,235.8669,1.3775,0.2821,16.6597,16.8084,15.6150,0.0010,-1.0000
16.6658,1.0000,235.8834,1.2400,0.5168,16.6787,16.5128,15.2581,0.0011,-1.0000
16.6649,1.0000,235.9000,1.5328,0.3040,16.6591,16.6513,15.4275,0.0010,-1.0000
16.6687,1.0000,235.9169,1.3346,0.2570,16.6599,16.7093,15.4609,0.0013,-1.0000
16.6664,1.0000,235.9334,1.1924,0.3190,16.8166,16.6116,15.0836,0.0013,-1.0000
16.6658,1.0000,235.9499,1.2535,0.2796,16.5233,16.6535,15.4212,0.0012,-1.0000
16.6687,1.0000,235.9668,1.2231,0.3273,16.6584,16.6739,15.6102,0.0009,-1.0000
16.6658,1.0000,235.9834,1.2469,0.3436,16.7191,16.6410,15.1256,0.0011,-1.0000
16.6660,1.0000,236.0000,1.5266,0.2892,16.6212,16.6614,15.3940,0.0013,-1.0000
16.6685,1.0000,236.0168,1.2309,0.3454,16.6619,16.7209,15.4942,0.0012,-1.0000
16.6655,1.0000,236.0334,1.0626,0.3169,16.6861,16.5893,15.2979,0.0012,-1.0000
16.6657,1.0000,236.0499,1.5141,0.3067,16.6509,16.6551,15.5048,0.0010,-1.0000
16.6683,1.0000,236.0668,1.2660,0.2660,16.6695,16.6646,15.4801,0.0010,-1.0000
16.6668,1.0000,236.0835,1.2254,0.3621,16.7320,16.6581,15.3645,0.0011,-1.0000
16.6672,1.0000,236.1001,1.2901,0.2959,16.5990,16.6607,15.2687,0.0013,-1.0000
16.6669,1.0000,236.1167,1.1492,0.2650,16.6627,16.6548,15.3026,0.0012,-1.0000
16.6658,1.0000,236.1335,1.1833,0.2618,16.6720,16.6577,15.3332,0.0013,-1.0000
16.6663,1.0000,236.1500,1.2925,0.3254,16.6677,16.6535,15.3355,0.0015,-1.0000
16.6686,1.0000,236.1668,1.3904,0.2688,16.6704,16.6651,15.5124,0.0011,-1.0000
16.6645,1.0000,236.1834,1.3506,0.3063,16.6633,16.6500,15.2636,0.0011,-1.0000
16.6677,1.0000,236.2001,1.3231,0.2602,16.6675,16.6653,15.4723,0.0010,-1.0000
16.6678,1.0000,236.2168,1.3165,0.2650,16.6623,16.6590,15.3478,0.0012,-1.0000
16.6651,1.0000,236.2334,1.1513,0.3468,16.6738,16.6511,15.2068,0.0013,-1.0000
16.6679,1.0000,236.2501,1.3852,0.2573,16.6582,16.7642,15.3713,0.0011,-1.0000
16.6676,1.0000,236.2668,1.1918,0.2824,16.6738,16.5575,15.3256,0.0015,-1.0000
16.6643,1.0000,236.2834,1.3099,0.3249,16.6689,16.6470,15.2103,0.0015,-1.0000
16.6693,1.0000,236.3003,1.4431,0.3175,16.6602,16.6691,15.4862,0.0012,-1.0000
16.6668,1.0000,236.3169,1.3919,0.3361,16.7724,16.6559,15.0777,0.0015,-1.0000
16.6655,1.0000,236.3335,1.2303,0.3027,16.5680,16.6472,15.0521,0.0015,-1.0000
16.6670,1.0000,236.3500,1.4351,0.2510,16.6572,16.6633,15.2660,0.0012,-1.0000
16.6679,1.0000,236.3669,1.1818,0.3609,16.6792,16.6610,15.5073,0.0011,-1.0000
16.6652,1.0000,236.3835,1.5769,0.3590,16.6667,16.6483,15.0109,0.0015,-1.0000
16.6657,1.0000,236.4001,1.5937,0.2659,16.6556,16.6547,15.3648,0.0014,-1.0000
16.6692,1.0000,236.4168,1.3961,0.2924,16.6732,16.6671,15.3831,0.0010,-1.0000
16.6656,1.0000,236.4334,1.1521,0.2922,16.6715,16.6516,15.3488,0.0014,-1.0000
16.6672,1.0000,236.4502,1.6357,0.2817,16.6586,16.6602,15.4042,0.0012,-1.0000
16.6662,1.0000,236.4668,1.2885,0.3095,16.6630,16.6565,14.9694,0.0012,-1.0000
16.6653,1.0000,236.4834,1.2828,0.2851,16.6761,16.6527,15.4189,0.0013,-1.0000
16.6685,1.0000,236.5001,1.3015,0.3095,16.6605,16.6686,15.5392,0.0010,-1.0000
16.6679,1.0000,236.5167,1.2548,0.2903,16.6690,16.6612,15.3482,0.0012,-1.0000
16.6652,1.0000,236.5334,1.6857,0.2666,16.6646,16.6530,15.4599,0.0010,-1.0000
16.6676,1.0000,236.5500,1.2327,0.2464,16.6594,16.6638,15.3287,0.0015,-1.0000
16.6667,1.0000,236.5667,1.1283,0.3133,16.6759,16.6538,15.2869,0.0013,-1.0000
16.6636,1.0000,236.5833,1.3115,0.2971,16.6698,16.6457,15.4417,0.0011,-1.0000
16.6696,1.0000,236.6001,1.1918,0.2653,16.6616,16.6709,15.6186,0.0013,-1.0000
16.6681,1.0000,236.6167,1.3337,0.2613,16.6742,16.6616,15.1490,0.0011,-1.0000
16.6649,1.0000,236.6334,1.3655,0.2672,16.6628,16.6530,15.5238,0.0011,-1.0000
16.6695,1.0000,236.6501,1.2030,0.2600,16.6519,16.7094,15.3351,0.0011,-1.0000
16.6660,1.0000,236.6667,1.0510,0.3421,16.6785,16.6100,15.1284,0.0015,-1.0000
16.6661,1.0000,236.6834,1.5116,0.2609,16.6696,16.6553,15.4396,0.0011,-1.0000
16.6673,1.0000,236.7001,1.1280,0.3213,16.6610,16.6601,15.4591,0.0012,-1.0000
16.7571,1.0000,236.7172,1.3732,0.3623,16.7216,16.7801,15.4144,0.0013,-1.0000
16.6662,1.0000,236.7335,1.4799,0.3099,16.6193,16.5275,14.8059,0.0014,-1.0000
16.6657,1.0000,236.7500,1.2144,0.3176,16.6638,16.6493,15.3485,0.0010,-1.0000
16.8253,1.0000,236.7671,1.1998,0.3159,16.6687,16.8242,15.6973,0.0009,-1.0000
16.6656,1.0000,236.7836,1.3642,0.3799,16.8150,16.6467,14.9521,0.0012,-1.0000
16.6645,1.0000,236.8004,1.7201,0.3280,16.6143,16.6517,15.4854,0.0013,-1.0000
16.6681,1.0000,236.8170,1.2997,0.2887,16.6586,16.6637,15.2758,0.0013,-1.0000
16.6678,1.0000,236.8337,1.1255,0.5640,16.8357,16.6617,15.3094,0.0013,-1.0000
16.6635,1.0000,236.8502,1.6933,0.2660,16.6564,16.6458,15.4252,0.0013,-1.0000
16.6679,1.0000,236.8670,1.1649,0.2930,16.6592,16.6670,15.6682,0.0009,-1.0000
16.6700,1.0000,236.8837,1.3867,0.3368,16.6720,16.6672,15.3684,0.0012,-1.0000
16.6638,1.0000,236.9003,1.3507,0.2886,16.6700,16.6474,15.1947,0.0014,-1.0000
16.6688,1.0000,236.9172,1.2193,0.3319,16.6529,16.6710,15.4545,0.0009,-1.0000
16.6653,1.0000,236.9336,0.9980,0.3318,16.6743,16.6492,15.0921,0.0012,-1.0000
16.6665,1.0000,236.9502,1.2975,0.3286,16.6768,16.6557,15.4596,0.0012,-1.0000
16.6673,1.0000,236.9671,1.4512,0.2888,16.6557,16.6618,15.5520,0.0012,-1.0000
16.6675,1.0000,236.9837,1.2156,0.3394,16.6804,16.6564,15.1948,0.0011,-1.0000
16.6656,1.0000,237.0003,1.5559,0.2683,16.6590,16.6523,15.3574,0.0013,-1.0000
16.6670,1.0000,237.0170,1.1949,0.2677,16.6647,16.6650,15.5097,0.0010,-1.0000
16.6683,1.0000,237.0337,1.1086,0.3069,16.6712,16.6554,15.4568,0.0014,-1.0000
16.6640,1.0000,237.0502,1.4605,0.3110,16.6673,16.6516,15.1837,0.0013,-1.0000
16.6679,1.0000,237.0670,1.2936,0.2873,16.6602,16.6648,15.5979,0.0011,-1.0000
16.6673,1.0000,237.0837,1.1542,0.2862,16.6737,16.6590,15.4662,0.0012,-1.0000
16.6650,1.0000,237.1003,1.1972,0.2947,16.6637,16.6476,15.2996,0.0016,-1.0000
16.6685,1.0000,237.1170,1.4669,0.2679,16.6600,16.6646,15.4510,0.0014,-1.0000
16.6666,1.0000,237.1338,1.0659,0.3242,16.6738,16.6572,15.3866,0.0013,-1.0000
16.6650,1.0000,237.1502,1.1914,0.3151,16.6709,16.6475,15.2620,0.0014,-1.0000
16.6658,1.0000,237.1670,1.3465,0.2796,16.6569,16.6559,15.5937,0.0010,-1.0000
16.6692,1.0000,237.1836,1.2120,0.2726,16.6744,16.6701,15.2243,0.0014,-1.0000
16.6647,1.0000,237.2003,1.2692,0.2838,16.6672,16.6533,15.4854,0.0016,-1.0000
16.6697,1.0000,237.2170,1.3842,0.2823,16.6550,16.6683,15.5596,0.0013,-1.0000
16.6661,1.0000,237.2337,1.0614,0.2589,16.6635,16.6514,15.3396,0.0010,-1.0000
16.6665,1.0000,237.2502,1.4448,0.3309,16.6773,16.6561,15.3913,0.0014,-1.0000
16.6664,1.0000,237.2670,1.1663,0.2505,16.6618,16.6552,15.4034,0.0009,-1.0000
16.6674,1.0000,237.2837,1.1073,0.3445,16.6787,16.6611,15.4090,0.0010,-1.0000
16.6659,1.0000,237.3003,1.3105,0.3099,16.6613,16.6544,15.3947,0.0011,-1.0000
16.6682,1.0000,237.3170,1.2631,0.3357,16.6659,16.6638,15.4037,0.0012,-1.0000
16.6667,1.0000,237.3337,1.2509,0.3704,16.6647,16.6524,15.3862,0.0012,-1.0000
16.6664,1.0000,237.3502,1.2508,0.2707,16.6708,16.6581,15.3562,0.0013,-1.0000
16.6677,1.0000,237.3670,1.2587,0.2804,16.6631,16.6602,15.4356,0.0013,-1.0000
16.6659,1.0000,237.3837,1.2589,0.2909,16.6743,16.6543,15.3257,0.0014,-1.0000
16.6660,1.0000,237.4003,1.2650,0.3286,16.6618,16.6533,15.3553,0.0012,-1.0000
16.6674,1.0000,237.4176,1.3004,0.2790,16.6674,16.6660,15.4816,0.0011,-1.0000
16.6666,1.0000,237.4337,1.2231,0.3113,16.6701,16.2586,14.6238,0.0017,-1.0000
16.6661,1.0000,237.4502,1.3272,0.2907,16.6632,16.6574,15.3540,0.0014,-1.0000
16.6678,1.0000,237.4670,1.2966,0.2812,16.6606,16.6614,15.3437,0.0009,-1.0000
16.6667,1.0000,237.4837,1.1830,0.3301,16.6759,16.6545,15.1354,0.0014,-1.0000
16.6654,1.0000,237.5003,1.6331,0.3556,16.6625,16.6534,15.4305,0.0011,-1.0000
16.6687,1.0000,237.5171,1.3020,0.3437,16.6662,16.6704,15.3804,0.0013,-1.0000
16.6663,1.0000,237.5337,1.3167,0.3818,16.6707,16.6493,14.8571,0.0014,-1.0000
16.6647,1.0000,237.5503,1.5174,0.2742,16.6641,16.6519,15.4274,0.0014,-1.0000
16.6704,1.0000,237.5671,1.2217,0.3033,16.6609,16.6674,15.3238,0.0012,-1.0000
16.6647,1.0000,237.5836,1.2886,0.3223,16.6810,16.6483,15.0990,0.0017,-1.0000
16.6656,1.0000,237.6003,1.7907,0.2785,16.6607,16.6539,15.4164,0.0010,-1.0000
16.6704,1.0000,237.6172,1.2230,0.3005,16.6608,16.6729,15.4860,0.0010,-1.0000
16.6648,1.0000,237.6337,1.3426,0.3428,16.6781,16.6461,14.8838,0.0015,-1.0000
16.6659,1.0000,237.6502,1.5476,0.3477,16.6590,16.6544,15.3480,0.0012,-1.0000
16.6697,1.0000,237.6672,1.2366,0.2695,16.6611,16.6725,15.5291,0.0012,-1.0000
16.6650,1.0000,237.6837,1.1854,0.3371,16.6836,16.6424,14.8249,0.0015,-1.0000
16.6642,1.0000,237.7003,1.7607,0.2706,16.6568,16.6505,15.4165,0.0012,-1.0000
16.6691,1.0000,237.7170,1.3052,0.3046,16.6625,16.6669,15.5515,0.0010,-1.0000
16.6662,1.0000,237.7337,1.1423,0.3009,16.6841,16.6535,15.3349,0.0011,-1.0000
16.6663,1.0000,237.7502,1.8159,0.2759,16.6534,16.6586,15.3946,0.0014,-1.0000
16.6684,1.0000,237.7670,1.2326,0.2579,16.6585,16.6606,15.4603,0.0010,-1.0000
16.6656,1.0000,237.7837,1.1144,0.2958,16.6767,16.6561,15.3575,0.0010,-1.0000
16.6660,1.0000,237.8003,1.3175,0.3011,16.6618,16.6541,15.3926,0.0013,-1.0000
16.6679,1.0000,237.8170,1.2623,0.2717,16.6671,16.6639,15.4204,0.0012,-1.0000
16.6667,1.0000,237.8336,1.1995,0.3080,16.6694,16.6561,15.3033,0.0014,-1.0000
16.6671,1.0000,237.8502,1.2975,0.2763,16.6642,16.6606,15.3715,0.0014,-1.0000
16.6672,1.0000,237.8670,1.2603,0.2619,16.6625,16.6584,15.4654,0.0014,-1.0000
16.6660,1.0000,237.8837,1.2423,0.2996,16.6723,16.6566,15.4036,0.0014,-1.0000
16.6663,1.0000,237.9003,1.3515,0.2815,16.6648,16.6585,15.3192,0.0014,-1.0000
16.6671,1.0000,237.9170,1.2877,0.2939,16.6689,16.6590,15.4329,0.0013,-1.0000
16.6653,1.0000,237.9336,1.1916,0.2871,16.6677,16.6510,15.2381,0.0011,-1.0000
16.6677,1.0000,237.9502,1.2515,0.3470,16.6651,16.6634,15.4958,0.0010,-1.0000
16.6686,1.0000,237.9672,1.3378,0.2658,16.6670,16.6671,15.5545,0.0009,-1.0000
16.6659,1.0000,237.9837,1.2249,0.4681,16.6686,16.6492,14.9785,0.0013,-1.0000
16.6666,1.0000,238.0003,1.4119,0.2510,16.6595,16.6602,15.3822,0.0010,-1.0000
16.6670,1.0000,238.0170,1.1665,0.3116,16.6717,16.6545,15.3951,0.0012,-1.0000
16.6660,1.0000,238.0337,1.1114,0.2770,16.6768,16.6587,15.3487,0.0012,-1.0000
16.6666,1.0000,238.0503,1.6694,0.3374,16.6590,16.6559,15.3145,0.0013,-1.0000
16.6676,1.0000,238.0670,1.2770,0.2696,16.6700,16.6709,15.2401,0.0014,-1.0000
16.6662,1.0000,238.0836,1.2579,0.2899,16.6631,16.6384,15.3597,0.0017,-1.0000
16.6675,1.0000,238.1004,1.3087,0.2772,16.6671,16.6617,15.4606,0.0011,-1.0000
16.6666,1.0000,238.1170,1.3399,0.2633,16.6652,16.6581,15.3893,0.0012,-1.0000
16.6667,1.0000,238.1337,1.4295,0.2740,16.6814,16.6578,15.3402,0.0014,-1.0000
16.6646,1.0000,238.1502,1.2768,0.2741,16.6496,16.6510,15.3237,0.0012,-1.0000
16.6690,1.0000,238.1671,1.1998,0.2959,16.6702,16.6685,15.3982,0.0009,-1.0000
16.6655,1.0000,238.1837,1.2675,0.2826,16.6664,16.6530,15.2024,0.0013,-1.0000
16.6659,1.0000,238.2003,1.3159,0.2938,16.6667,16.6545,15.4174,0.0013,-1.0000
16.6692,1.0000,238.2171,1.3259,0.3685,16.6587,16.6696,15.4577,0.0009,-1.0000
16.6661,1.0000,238.2337,1.2692,0.3592,16.6775,16.6529,14.9764,0.0016,-1.0000
16.6657,1.0000,238.2502,1.4493,0.3320,16.6619,16.6513,15.3620,0.0011,-1.0000
16.6688,1.0000,238.2670,1.2358,0.2911,16.6616,16.6724,15.5860,0.0008,-1.0000
16.6664,1.0000,238.2837,1.2108,0.3664,16.6797,16.6479,15.1802,0.0013,-1.0000
16.6659,1.0000,238.3004,1.6747,0.3231,16.6630,16.6570,15.3546,0.0012,-1.0000
16.6684,1.0000,238.3171,1.2881,0.2645,16.6587,16.6642,15.3707,0.0012,-1.0000
16.6652,1.0000,238.3337,1.0854,0.3109,16.6817,16.6512,15.2940,0.0016,-1.0000
16.6644,1.0000,238.3502,1.4663,0.3048,16.6575,16.6510,15.3938,0.0011,-1.0000
16.6700,1.0000,238.3671,1.3013,0.3200,16.6648,16.6735,15.6341,0.0009,-1.0000
16.6658,1.0000,238.3837,1.2922,0.3410,16.6740,16.6602,15.2183,0.0013,-1.0000
16.6653,1.0000,238.4003,1.3556,0.2716,16.6609,16.6493,15.3907,0.0013,-1.0000
16.6697,1.0000,238.4170,1.2561,0.2519,16.6582,16.6662,15.4285,0.0012,-1.0000
16.6652,1.0000,238.4337,1.0383,0.2997,16.6806,16.6489,15.3047,0.0009,-1.0000
16.6643,1.0000,238.4502,1.4404,0.2736,16.6686,16.6507,15.4494,0.0012,-1.0000
16.7058,1.0000,238.4672,1.2573,0.2721,16.6573,16.7159,15.6430,0.0009,-1.0000
16.6433,1.0000,238.4837,1.2364,0.3197,16.6763,16.6196,14.3258,0.0015,-1.0000
16.6626,1.0000,238.5002,1.3440,0.2810,16.6578,16.6458,15.3838,0.0012,-1.0000
16.6693,1.0000,238.5170,1.2002,0.2571,16.6575,16.6686,15.6841,0.0010,-1.0000
16.6688,1.0000,238.5337,1.0497,0.3220,16.7274,16.6659,15.4863,0.0014,-1.0000
16.6654,1.0000,238.5502,2.2922,0.2805,16.6306,16.6511,15.2693,0.0011,-1.0000
16.6661,1.0000,238.5670,1.2611,0.3221,16.6526,16.6596,15.3998,0.0014,-1.0000
16.6682,1.0000,238.5836,0.9836,0.2671,16.6745,16.6648,15.4115,0.0010,-1.0000
16.6651,1.0000,238.6003,1.1781,0.2833,16.6753,16.6525,15.4385,0.0013,-1.0000
16.6694,1.0000,238.6171,1.3806,0.2942,16.6597,16.6592,15.3735,0.0012,-1.0000
16.6660,1.0000,238.6337,1.2583,0.3069,16.6669,16.6579,15.2991,0.0016,-1.0000
16.6662,1.0000,238.6502,1.2523,0.2673,16.6737,16.6550,15.4031,0.0012,-1.0000
16.6670,1.0000,238.6672,1.2128,0.3261,16.6630,16.6628,15.5193,0.0010,-1.0000
16.6661,1.0000,238.6844,1.2843,0.2822,16.6686,16.6535,15.2109,0.0009,-1.0000
16.6652,1.0000,238.7003,1.3571,0.2731,16.6669,16.6515,14.3940,0.0012,-1.0000
16.6691,1.0000,238.7172,1.2506,0.2840,16.6640,16.6689,15.4932,0.0012,-1.0000
16.6663,1.0000,238.7337,1.1421,0.2634,16.6720,16.6561,15.0993,0.0014,-1.0000
16.6671,1.0000,238.7503,1.4416,0.4779,16.6622,16.6548,15.3074,0.0014,-1.0000
16.6677,1.0000,238.7671,2.2563,0.3163,16.6590,16.6633,15.4408,0.0012,-1.0000
16.6660,1.0000,238.7837,1.1745,0.3988,16.6780,16.6543,15.2225,0.0011,-1.0000
16.6642,1.0000,238.8004,1.5552,0.3725,16.6667,16.6451,15.3628,0.0014,-1.0000
16.6692,1.0000,238.8172,1.3459,0.5618,16.6636,16.6726,15.3751,0.0018,-1.0000
16.6676,1.0000,238.8337,1.2213,0.5002,16.6731,16.6563,15.0704,0.0018,-1.0000
16.6654,1.0000,238.8503,1.4308,0.3499,16.6634,16.6529,15.3636,0.0013,-1.0000
16.6675,1.0000,238.8671,1.2808,0.3118,16.6536,16.6626,15.3325,0.0015,-1.0000
16.6661,1.0000,238.8838,1.2954,0.4033,16.6830,16.6557,15.2573,0.0016,-1.0000
16.6650,1.0000,238.9003,1.5841,0.3239,16.6648,16.6499,15.3125,0.0016,-1.0000
16.6712,1.0000,238.9171,1.2882,0.3653,16.6623,16.6779,15.5050,0.0018,-1.0000
16.6643,1.0000,238.9337,1.3283,0.3715,16.6717,16.6440,15.1765,0.0011,-1.0000
16.6660,1.0000,238.9508,1.3968,0.3011,16.6643,16.6533,15.3097,0.0011,-1.0000
16.6681,1.0000,238.9671,1.3358,0.2967,16.6577,16.6646,14.8273,0.0012,-1.0000
16.6660,1.0000,238.9838,1.1709,0.3469,16.6893,16.6529,15.1488,0.0014,-1.0000
16.6633,1.0000,239.0003,1.4663,0.2914,16.6550,16.6447,15.2649,0.0015,-1.0000
16.6687,1.0000,239.0170,1.3423,0.5186,16.6626,16.6682,15.5944,0.0012,-1.0000
16.6702,1.0000,239.0339,1.8357,0.4066,16.6740,16.6689,15.0736,0.0012,-1.0000
16.6633,1.0000,239.0503,1.5027,0.3424,16.6617,16.6511,15.0468,0.0015,-1.0000
16.6679,1.0000,239.0670,1.3786,0.3110,16.6520,16.6601,15.3953,0.0011,-1.0000
16.6678,1.0000,239.0838,1.0726,0.4465,16.6752,16.6605,15.0582,0.0012,-1.0000
16.6666,1.0000,239.1004,1.5939,0.3869,16.6774,16.6570,15.1140,0.0013,-1.0000
16.6647,1.0000,239.1171,1.6031,0.3439,16.6593,16.6506,15.2594,0.0015,-1.0000
16.6686,1.0000,239.1337,1.2635,0.4685,16.6691,16.6638,15.3751,0.0013,-1.0000
16.6669,1.0000,239.1503,1.6011,0.4287,16.6692,16.6559,15.2700,0.0012,-1.0000
16.6656,1.0000,239.1670,1.5420,0.3307,16.6674,16.6541,15.3802,0.0011,-1.0000
16.6678,1.0000,239.1837,1.3898,0.3276,16.6599,16.6597,15.3634,0.0012,-1.0000
16.6662,1.0000,239.2004,1.2874,0.4773,16.6736,16.6595,15.2277,0.0015,-1.0000
16.6650,1.0000,239.2171,1.3844,0.3787,16.6658,16.6530,15.3285,0.0014,-1.0000
16.6691,1.0000,239.2338,1.2726,0.3620,16.6624,16.6643,15.3370,0.0013,-1.0000
16.6649,1.0000,239.2503,1.2949,0.3885,16.6671,16.6558,15.1066,0.0012,-1.0000
16.6677,1.0000,239.2671,1.4307,0.3286,16.6684,16.6604,15.2584,0.0014,-1.0000
16.6693,1.0000,239.2840,1.3228,0.3277,16.6613,16.6662,14.9406,0.0012,-1.0000
16.6649,1.0000,239.3004,1.3259,0.4651,16.6718,16.6484,14.7204,0.0011,-1.0000
16.6673,1.0000,239.3172,1.5483,0.4174,16.6639,16.6562,15.2875,0.0013,-1.0000
16.6661,1.0000,239.3337,1.4005,0.4592,16.6690,16.6587,15.0733,0.0015,-1.0000
16.6644,1.0000,239.3502,1.7240,0.3473,16.6763,16.6479,15.3427,0.0013,-1.0000
16.6699,1.0000,239.3671,1.9269,0.3793,16.6609,16.6743,15.5022,0.0012,-1.0000
16.6660,1.0000,239.3838,1.3674,0.3947,16.6657,16.6528,15.2089,0.0012,-1.0000
16.6654,1.0000,239.4005,1.5839,0.3226,16.6669,16.6534,15.1923,0.0013,-1.0000
16.6720,1.0000,239.4172,1.3037,0.3288,16.6547,16.6786,15.3242,0.0011,-1.0000
16.6629,1.0000,239.4337,1.1706,0.4541,16.6831,16.6369,15.0441,0.0012,-1.0000
16.6649,1.0000,239.4502,1.4426,0.3539,16.6622,16.6510,15.3893,0.0012,-1.0000
16.6710,1.0000,239.4671,1.4600,0.3298,16.6618,16.6724,15.5030,0.0011,-1.0000
16.6642,1.0000,239.4837,1.3525,0.3664,16.6909,16.6518,15.2171,0.0011,-1.0000
16.6663,1.0000,239.5004,1.5915,0.3072,16.6473,16.6530,15.4203,0.0010,-1.0000
16.6679,1.0000,239.5170,1.2605,0.3291,16.6585,16.6643,15.3794,0.0013,-1.0000
16.6656,1.0000,239.5337,1.1679,0.3610,16.6810,16.6532,15.3450,0.0013,-1.0000
16.6662,1.0000,239.5503,1.4335,0.3267,16.6620,16.6564,15.4102,0.0017,-1.0000
16.6673,1.0000,239.5671,1.2313,0.2940,16.6612,16.6617,15.4589,0.0012,-1.0000
16.6677,1.0000,239.5837,1.2832,0.3582,16.6731,16.6621,15.2662,0.0012,-1.0000
16.6660,1.0000,239.6003,1.3069,0.2913,16.6620,16.6526,15.3643,0.0013,-1.0000
16.6680,1.0000,239.6172,1.2443,0.2666,16.6642,16.6695,15.4340,0.0012,-1.0000
16.6664,1.0000,239.6337,1.2017,0.3369,16.6690,16.6524,15.0525,0.0014,-1.0000
16.6637,1.0000,239.6502,1.3945,0.3207,16.6698,16.6487,15.3524,0.0012,-1.0000
16.6700,1.0000,239.6671,1.2871,0.2706,16.6611,16.6720,15.5372,0.0010,-1.0000
16.6664,1.0000,239.6837,1.2341,0.3945,16.6786,16.6531,15.2044,0.0012,-1.0000
16.6649,1.0000,239.7004,1.5985,0.2884,16.6609,16.6531,15.4020,0.0013,-1.0000
16.6677,1.0000,239.7173,1.2952,0.2812,16.6563,16.6623,15.3972,0.0012,-1.0000
16.6674,1.0000,239.7337,1.1337,0.3566,16.6809,16.6588,14.7673,0.0019,-1.0000
16.6646,1.0000,239.7502,1.4475,0.3082,16.6620,16.6482,15.3235,0.0013,-1.0000
16.6682,1.0000,239.7671,1.2497,0.2958,16.6612,16.6670,15.5431,0.0010,-1.0000
16.6676,1.0000,239.7837,1.2639,0.3776,16.6718,16.6606,15.2135,0.0013,-1.0000
16.6653,1.0000,239.8004,1.8897,0.2970,16.6683,16.6534,15.2234,0.0014,-1.0000
16.6695,1.0000,239.8171,1.3233,0.3393,16.6561,16.6706,15.3400,0.0012,-1.0000
16.6652,1.0000,239.8337,1.1227,0.3011,16.6740,16.6486,15.1619,0.0015,-1.0000
16.6647,1.0000,239.8502,1.4458,0.3408,16.6689,16.6497,15.3631,0.0012,-1.0000
16.6957,1.0000,239.8671,1.4289,0.2806,16.6620,16.6965,15.5373,0.0012,-1.0000
16.6676,1.0000,239.8838,1.3293,0.3233,16.6811,16.6612,15.1972,0.0013,-1.0000
16.6652,1.0000,239.9004,1.4852,0.3214,16.6577,16.6490,15.1173,0.0013,-1.0000
16.6674,1.0000,239.9171,1.2853,0.3326,16.6576,16.6623,15.3966,0.0011,-1.0000
16.6666,1.0000,239.9337,1.1579,0.2861,16.7051,16.6570,15.3200,0.0011,-1.0000
16.6660,1.0000,239.9503,1.4624,0.2984,16.6703,16.6541,15.3385,0.0011,-1.0000
16.6671,1.0000,239.9671,1.5307,0.2633,16.6573,16.6613,15.4269,0.0012,-1.0000
16.6671,1.0000,239.9837,1.2645,0.3569,16.6709,16.6591,15.2017,0.0016,-1.0000
16.6665,1.0000,240.0004,1.3358,0.2974,16.6656,16.6588,15.2438,0.0011,-1.0000
16.6681,1.0000,240.0171,1.3145,0.2797,16.6626,16.6621,15.3214,0.0015,-1.0000
16.6653,1.0000,240.0338,1.2330,0.3330,16.6689,16.6503,15.1343,0.0013,-1.0000
16.6668,1.0000,240.0503,1.4558,0.3124,16.6671,16.6611,15.2570,0.0011,-1.0000
16.6660,1.0000,240.0671,1.4140,0.3821,16.6688,16.6547,15.4019,0.0015,-1.0000
16.6674,1.0000,240.0837,1.3392,0.3749,16.6732,16.6605,15.3065,0.0011,-1.0000
16.6662,1.0000,240.1004,1.5214,0.4245,16.6600,16.6530,15.3784,0.0014,-1.0000
16.6675,1.0000,240.1179,1.4028,0.2910,16.6700,16.7787,15.3925,0.0010,-1.0000
16.6665,1.0000,240.1337,1.2512,0.2824,16.6624,16.5397,14.4085,0.0011,-1.0000
16.6668,1.0000,240.1503,1.3527,0.2705,16.6682,16.6602,15.2639,0.0016,-1.0000
16.6671,1.0000,240.1672,1.2731,0.3115,16.6610,16.6593,15.4579,0.0012,-1.0000
16.6663,1.0000,240.1837,1.3851,0.5516,16.7877,16.6555,15.0961,0.0012,-1.0000
16.6662,1.0000,240.2005,2.1298,0.3230,16.5489,16.6664,15.3967,0.0012,-1.0000
16.6692,1.0000,240.2171,1.3945,0.5776,16.6694,16.6541,15.2549,0.0009,-1.0000
16.6652,1.0000,240.2337,1.2000,0.3955,16.6689,16.6545,15.1708,0.0011,-1.0000
16.6635,1.0000,240.2502,1.5582,0.3956,16.6649,16.6470,15.3486,0.0012,-1.0000
16.6702,1.0000,240.2671,1.2683,0.3673,16.6743,16.6697,15.5204,0.0009,-1.0000
16.6685,1.0000,240.2839,1.3981,0.3612,16.6619,16.6701,15.2162,0.0013,-1.0000
16.6628,1.0000,240.3004,1.4824,0.3083,16.6635,16.6383,15.2002,0.0013,-1.0000
16.6690,1.0000,240.3171,1.2974,0.3662,16.6539,16.6674,15.3718,0.0011,-1.0000
16.6684,1.0000,240.3339,1.1481,0.4235,16.6765,16.6574,15.3532,0.0012,-1.0000
16.6646,1.0000,240.3503,1.4525,0.3269,16.6808,16.6540,14.7674,0.0018,-1.0000
16.6676,1.0000,240.3671,1.4370,0.2677,16.6476,16.6623,15.4329,0.0010,-1.0000
16.6670,1.0000,240.3838,1.2944,0.3386,16.6766,16.6574,15.3753,0.0012,-1.0000
16.6670,1.0000,240.4004,1.3030,0.3867,16.6667,16.6551,15.3000,0.0012,-1.0000
16.6667,1.0000,240.4172,1.8850,0.3348,16.6624,16.6637,15.3187,0.0013,-1.0000
16.6805,1.0000,240.4337,1.2282,0.2948,16.6710,16.6710,15.1554,0.0013,-1.0000
16.6653,1.0000,240.4503,1.2808,0.2914,16.6673,16.6485,15.3219,0.0013,-1.0000
16.6678,1.0000,240.4671,1.3539,0.3021,16.6651,16.6585,15.5689,0.0010,-1.0000
16.6671,1.0000,240.4838,1.3437,0.2824,16.6741,16.6606,15.1548,0.0013,-1.0000
16.6659,1.0000,240.5004,1.5141,0.3671,16.6804,16.6554,15.2694,0.0011,-1.0000
16.6657,1.0000,240.5170,1.3253,0.2909,16.6573,16.6572,15.4196,0.0012,-1.0000
16.6684,1.0000,240.5337,1.0881,0.3406,16.6673,16.6657,15.3643,0.0013,-1.0000
16.6669,1.0000,240.5504,1.5043,0.2933,16.6686,16.6541,15.3581,0.0013,-1.0000
16.6660,1.0000,240.5670,1.3847,0.2771,16.6638,16.6551,15.3343,0.0015,-1.0000
16.6697,1.0000,240.5838,1.2362,0.2744,16.6656,16.6677,15.4355,0.0013,-1.0000
16.6624,1.0000,240.6004,1.2999,0.3460,16.6752,16.6391,15.1489,0.0015,-1.0000
16.6681,1.0000,240.6170,1.2946,0.2779,16.6645,16.6653,15.5017,0.0010,-1.0000
16.6701,1.0000,240.6343,1.3189,0.9415,16.6643,16.6712,15.2892,0.0011,-1.0000
16.6623,1.0000,240.6503,1.2308,0.2702,16.6772,16.6395,14.5913,0.0015,-1.0000
16.6691,1.0000,240.6671,1.4888,0.2691,16.6483,16.6675,15.5391,0.0009,-1.0000
16.6674,1.0000,240.6838,1.1622,0.3556,16.6725,16.6547,15.2934,0.0013,-1.0000
16.6656,1.0000,240.7004,1.3807,0.2952,16.6819,16.6568,15.2693,0.0013,-1.0000
16.6659,1.0000,240.7171,2.0467,0.3001,16.6491,16.6531,15.4410,0.0013,-1.0000
16.6691,1.0000,240.7339,1.1272,0.3252,16.6757,16.6715,15.2044,0.0012,-1.0000
16.6645,1.0000,240.7507,1.3599,0.3469,16.6635,16.6448,15.0925,0.0015,-1.0000
16.6674,1.0000,240.7671,1.3860,0.2775,16.6659,16.6602,15.0664,0.0011,-1.0000
16.6671,1.0000,240.7837,1.2105,0.3162,16.6609,16.6599,15.0967,0.0012,-1.0000
16.6658,1.0000,240.8004,1.4657,0.3612,16.6817,16.6521,15.4192,0.0015,-1.0000
16.6670,1.0000,240.8171,1.5508,0.4039,16.6557,16.6626,15.3090,0.0013,-1.0000
16.6673,1.0000,240.8337,1.5928,0.3654,16.6688,16.6577,15.2697,0.0010,-1.0000
16.6666,1.0000,240.8503,1.5621,0.3145,16.6694,16.6580,15.4388,0.0014,-1.0000
16.6673,1.0000,240.8671,1.2313,0.3135,16.6607,16.6607,15.4874,0.0013,-1.0000
16.6662,1.0000,240.8838,1.3519,0.3378,16.6704,16.6574,15.3456,0.0011,-1.0000
16.6667,1.0000,240.9005,1.3871,0.3059,16.6655,16.6549,15.3304,0.0014,-1.0000
16.6656,1.0000,240.9171,1.2175,0.3330,16.6667,16.6546,15.3557,0.0010,-1.0000
16.6681,1.0000,240.9337,1.1718,0.3361,16.6694,16.6616,15.3683,0.0013,-1.0000
16.6663,1.0000,240.9503,1.3109,0.4039,16.6670,16.6564,15.4203,0.0013,-1.0000
16.6680,1.0000,240.9676,1.3231,0.3091,16.6636,16.6632,15.5428,0.0014,-1.0000
16.6671,1.0000,240.9837,1.2979,0.3039,16.6639,16.6573,14.3365,0.0015,-1.0000
16.6657,1.0000,241.0004,1.2921,0.2873,16.6701,16.6566,15.4340,0.0013,-1.0000
16.6680,1.0000,241.0171,1.2348,0.2808,16.6651,16.6646,15.4554,0.0010,-1.0000
16.6661,1.0000,241.0337,1.1190,0.2772,16.6711,16.6535,15.3472,0.0012,-1.0000
16.6653,1.0000,241.0503,2.3192,0.2585,16.6655,16.6507,15.3838,0.0012,-1.0000
16.6682,1.0000,241.0671,1.2213,0.3267,16.6655,16.6683,15.4694,0.0014,-1.0000
16.6668,1.0000,241.0838,1.2079,0.3030,16.6750,16.6592,15.3126,0.0013,-1.0000
16.6656,1.0000,241.1004,1.3051,0.2637,16.6622,16.6472,15.3012,0.0014,-1.0000
16.6677,1.0000,241.1171,1.2657,0.2867,16.6583,16.6638,15.4201,0.0009,-1.0000
16.6664,1.0000,241.1337,1.1977,0.3228,16.6782,16.6553,15.2275,0.0013,-1.0000
16.6649,1.0000,241.1502,1.3456,0.3281,16.6690,16.6513,15.4326,0.0018,-1.0000
16.6693,1.0000,241.1672,1.3445,0.2825,16.6550,16.6687,15.6072,0.0011,-1.0000
16.6667,1.0000,241.1837,1.2426,0.3308,16.6720,16.6538,15.0666,0.0016,-1.0000
16.6654,1.0000,241.2004,1.4265,0.2669,16.6646,16.6567,15.5558,0.0011,-1.0000
17.0438,1.0000,241.2176,1.2169,0.2794,16.6590,17.0403,15.8353,0.0013,-1.0000
16.6658,1.0000,241.2341,1.0603,0.5227,16.6781,16.6536,15.0518,0.0014,-1.0000
16.6645,1.0000,241.2506,1.5857,0.2648,16.6622,16.6510,15.5083,0.0010,-1.0000
16.6692,1.0000,241.2675,1.1001,0.2846,16.6650,16.6692,15.6248,0.0012,-1.0000
16.6671,1.0000,241.2841,1.2036,0.2759,17.0499,16.6591,15.2778,0.0012,-1.0000
16.6655,1.0000,241.3008,1.6003,0.2745,16.6620,16.6524,15.3249,0.0011,-1.0000
16.6692,1.0000,241.3175,1.1413,0.2540,16.6578,16.6731,15.3626,0.0015,-1.0000
16.6653,1.0000,241.3341,1.0432,0.3287,16.6764,16.6432,15.2849,0.0013,-1.0000
16.6655,1.0000,241.3506,1.3801,0.3104,16.6685,16.6499,15.4428,0.0013,-1.0000
16.6729,1.0000,241.3675,1.3265,0.2531,16.6607,16.6755,15.6222,0.0010,-1.0000
16.6672,1.0000,241.3841,1.3088,0.3368,16.6845,16.6532,14.9405,0.0015,-1.0000
16.6658,1.0000,241.4008,1.3569,0.2767,16.6537,16.6561,15.3777,0.0013,-1.0000
16.6685,1.0000,241.4176,1.2058,0.2669,16.6575,16.6651,15.4490,0.0016,-1.0000
16.6665,1.0000,241.4341,1.0521,0.4047,16.6852,16.6547,15.1950,0.0017,-1.0000
16.6643,1.0000,241.4507,1.7112,0.2936,16.6609,16.6505,15.4643,0.0011,-1.0000
16.6683,1.0000,241.4679,1.2772,0.2608,16.6645,16.6696,15.4130,0.0014,-1.0000
16.6666,1.0000,241.4841,1.2144,0.3141,16.6735,16.6546,14.7292,0.0016,-1.0000
16.6652,1.0000,241.5007,1.4579,0.2813,16.6633,16.6512,15.4706,0.0012,-1.0000
16.6678,1.0000,241.5175,1.1852,0.3081,16.6580,16.6586,15.4740,0.0013,-1.0000
16.6687,1.0000,241.5341,1.2550,0.5654,16.6794,16.6682,15.2709,0.0012,-1.0000
16.6637,1.0000,241.5507,1.9242,0.3107,16.6640,16.6457,15.3196,0.0015,-1.0000
16.6696,1.0000,241.5674,1.1794,0.3572,16.6594,16.6742,15.4153,0.0016,-1.0000
16.6666,1.0000,241.5841,1.1832,0.3969,16.6669,16.6533,15.2898,0.0011,-1.0000
16.6659,1.0000,241.6008,1.3958,0.2898,16.6763,16.6549,15.4396,0.0012,-1.0000
16.6676,1.0000,241.6176,1.3250,0.2947,16.6538,16.6616,15.3245,0.0014,-1.0000
16.6673,1.0000,241.6342,1.2573,0.3672,16.6818,16.6584,15.1207,0.0011,-1.0000
16.6644,1.0000,241.6507,1.3623,0.3369,16.6622,16.6524,15.2952,0.0013,-1.0000
16.6674,1.0000,241.6674,1.2140,0.3652,16.6626,16.6619,15.4901,0.0010,-1.0000
16.6679,1.0000,241.6841,1.3358,0.3852,16.6706,16.6580,15.4452,0.0012,-1.0000
16.6675,1.0000,241.7008,1.5362,0.3451,16.6682,16.6599,15.4424,0.0013,-1.0000
16.6670,1.0000,241.7175,1.3557,0.2730,16.6613,16.6585,15.4641,0.0014,-1.0000
16.6665,1.0000,241.7341,1.1709,0.3296,16.6705,16.6591,15.3092,0.0013,-1.0000
16.6656,1.0000,241.7507,1.2118,0.2834,16.6657,16.6525,15.3273,0.0010,-1.0000
16.6668,1.0000,241.7675,1.2161,0.2771,16.6692,16.6637,15.5072,0.0012,-1.0000
16.6674,1.0000,241.7841,1.1927,0.3339,16.6675,16.6557,15.2484,0.0015,-1.0000
16.6655,1.0000,241.8008,1.3487,0.3333,16.6683,16.6533,15.4398,0.0012,-1.0000
16.6683,1.0000,241.8175,1.3240,0.2708,16.6604,16.6618,15.2321,0.0012,-1.0000
16.6671,1.0000,241.8341,1.1554,0.3157,16.6739,16.6563,15.3370,0.0012,-1.0000
16.6656,1.0000,241.8507,1.4057,0.2896,16.6660,16.6562,15.3458,0.0013,-1.0000
16.6672,1.0000,241.8675,1.2123,0.2769,16.6632,16.6567,15.4367,0.0010,-1.0000
16.6666,1.0000,241.8841,1.4286,0.3336,16.6708,16.6556,15.2251,0.0013,-1.0000
16.6660,1.0000,241.9008,1.3178,0.3003,16.6648,16.6544,15.3831,0.0012,-1.0000
16.6675,1.0000,241.9174,1.3095,0.2986,16.6672,16.6643,15.2551,0.0012,-1.0000
16.6664,1.0000,241.9341,1.2193,0.3676,16.6664,16.6557,15.3052,0.0011,-1.0000
16.6672,1.0000,241.9507,1.4291,0.2787,16.6642,16.6590,15.4632,0.0013,-1.0000
16.6663,1.0000,241.9675,1.2701,0.3341,16.6629,16.6566,15.4799,0.0012,-1.0000
16.6665,1.0000,241.9841,1.4078,0.2815,16.6733,16.6581,15.3212,0.0014,-1.0000
16.6659,1.0000,242.0008,1.3493,0.2727,16.6647,16.6524,15.4467,0.0012,-1.0000
16.6683,1.0000,242.0175,1.1942,0.2874,16.6674,16.6653,15.4549,0.0013,-1.0000
16.6676,1.0000,242.0341,1.1754,0.2670,16.6663,16.6603,15.2397,0.0013,-1.0000
16.6653,1.0000,242.0507,1.3358,0.2598,16.6675,16.6501,15.4355,0.0013,-1.0000
16.6685,1.0000,242.0676,1.2046,0.2500,16.6602,16.6671,15.4325,0.0011,-1.0000
16.6661,1.0000,242.0846,1.2092,0.3476,16.6739,16.6526,15.3282,0.0014,-1.0000
16.6651,1.0000,242.1007,1.4193,0.2712,16.6701,16.6541,14.8878,0.0013,-1.0000
16.6689,1.0000,242.1175,1.2132,0.3474,16.6584,16.6596,15.3995,0.0011,-1.0000
16.6658,1.0000,242.1341,1.2333,0.2955,16.6766,16.6594,15.1368,0.0015,-1.0000
16.6666,1.0000,242.1507,1.3227,0.3970,16.6643,16.6529,15.2019,0.0014,-1.0000
16.6674,1.0000,242.1675,1.7650,0.3132,16.6622,16.6633,15.5114,0.0012,-1.0000
16.6661,1.0000,242.1841,1.2590,0.4360,16.6683,16.6564,15.1985,0.0013,-1.0000
16.6652,1.0000,242.2008,1.5209,0.3346,16.6685,16.6528,15.3105,0.0012,-1.0000
16.6688,1.0000,242.2178,1.4497,0.3314,16.6612,16.6665,15.3895,0.0013,-1.0000
16.6663,1.0000,242.2341,1.1505,0.3900,16.6715,16.6583,14.6943,0.0014,-1.0000
16.6665,1.0000,242.2507,1.4564,0.3341,16.6646,16.6575,15.4160,0.0012,-1.0000
16.6684,1.0000,242.2675,1.3412,0.3185,16.6605,16.6609,15.3533,0.0011,-1.0000
16.6661,1.0000,242.2841,1.2756,0.3742,16.6747,16.6534,14.0985,0.0014,-1.0000
16.6639,1.0000,242.3008,1.9633,0.3403,16.6673,16.6501,15.3684,0.0014,-1.0000
16.6694,1.0000,242.3175,1.2402,0.3007,16.6666,16.6700,15.4827,0.0012,-1.0000
16.6668,1.0000,242.3341,1.3066,0.4136,16.6699,16.6586,15.2890,0.0012,-1.0000
16.6658,1.0000,242.3506,2.5535,0.3356,16.6617,16.6539,15.3700,0.0011,-1.0000
16.6680,1.0000,242.3675,1.2805,0.3244,16.6573,16.6633,15.5636,0.0011,-1.0000
16.6666,1.0000,242.3841,1.1863,0.3572,16.6773,16.6558,15.0874,0.0012,-1.0000
16.6651,1.0000,242.4008,1.3680,0.3333,16.6679,16.6513,15.3284,0.0011,-1.0000
16.6677,1.0000,242.4175,1.2828,0.3148,16.6629,16.6600,15.4663,0.0013,-1.0000
16.6667,1.0000,242.4341,1.0986,0.3417,16.6732,16.6595,14.5661,0.0012,-1.0000
16.6662,1.0000,242.4507,1.5672,0.2983,16.6661,16.6598,15.1724,0.0013,-1.0000
16.6681,1.0000,242.4675,1.3216,0.3053,16.6596,16.6641,15.3961,0.0011,-1.0000
16.6675,1.0000,242.4841,1.1923,0.3853,16.6684,16.6539,15.0986,0.0010,-1.0000
16.6643,1.0000,242.5007,2.0924,0.3899,16.6669,16.6476,15.4200,0.0013,-1.0000
16.6963,1.0000,242.5180,1.4860,0.3133,16.6691,16.6998,15.4715,0.0011,-1.0000
16.6658,1.0000,242.5341,1.2670,0.3616,16.6742,16.3690,14.4132,0.0018,-1.0000
16.6671,1.0000,242.5507,1.5541,0.2897,16.6640,16.6607,15.4245,0.0013,-1.0000
16.6672,1.0000,242.5675,1.2263,0.2749,16.6561,16.6600,15.4841,0.0012,-1.0000
16.6676,1.0000,242.5841,1.2268,0.3473,16.9846,16.6581,15.3526,0.0011,-1.0000
16.6653,1.0000,242.6008,1.9541,0.2926,16.3791,16.6558,15.3575,0.0012,-1.0000
16.6671,1.0000,242.6175,1.2347,0.2645,16.6685,16.6605,15.4387,0.0011,-1.0000
16.6674,1.0000,242.6342,1.1748,0.3463,16.6680,16.6542,15.1126,0.0012,-1.0000
16.6660,1.0000,242.6507,1.3043,0.2840,16.6671,16.6579,15.3251,0.0011,-1.0000
16.6676,1.0000,242.6681,1.2971,0.2874,16.6651,16.6622,15.4251,0.0012,-1.0000
16.6670,1.0000,242.6842,1.2205,0.3719,16.6705,16.6576,14.2527,0.0022,-1.0000
16.6657,1.0000,242.7008,1.5403,0.2878,16.6632,16.6536,15.2957,0.0013,-1.0000
16.6685,1.0000,242.7175,1.3319,0.3981,16.6672,16.6661,15.4331,0.0012,-1.0000
16.6651,1.0000,242.7341,1.2358,0.3839,16.6708,16.6452,15.2528,0.0015,-1.0000
16.6659,1.0000,242.7507,2.4026,0.2993,16.6666,16.6591,15.4432,0.0011,-1.0000
16.6681,1.0000,242.7680,1.3565,0.2829,16.6629,16.6615,15.4569,0.0011,-1.0000
16.6659,1.0000,242.7841,1.2320,0.3025,16.6771,16.6546,14.6400,0.0014,-1.0000
16.6669,1.0000,242.8008,1.3909,0.2806,16.6546,16.6580,15.4214,0.0016,-1.0000
16.6686,1.0000,242.8176,1.2148,0.2687,16.6668,16.6660,15.2656,0.0011,-1.0000
16.6651,1.0000,242.8342,1.2034,0.4581,16.6705,16.6483,14.7777,0.0015,-1.0000
16.6639,1.0000,242.8507,2.0133,0.3433,16.6640,16.6480,15.3626,0.0017,-1.0000
16.6826,1.0000,242.8677,1.2349,0.3156,16.6657,16.7915,15.5784,0.0008,-1.0000
16.6680,1.0000,242.8842,1.3993,0.4454,16.6777,16.5532,15.1861,0.0014,-1.0000
16.6644,1.0000,242.9008,1.8694,0.3075,16.6583,16.6484,15.2306,0.0011,-1.0000
16.6686,1.0000,242.9175,1.2837,0.2916,16.6551,16.6665,15.4025,0.0010,-1.0000
16.6660,1.0000,242.9342,1.2123,0.3319,16.8001,16.6536,15.2664,0.0014,-1.0000
16.6652,1.0000,242.9507,1.3654,0.3478,16.5630,16.6538,15.3974,0.0014,-1.0000
16.6682,1.0000,242.9675,1.4168,0.3302,16.6579,16.6681,15.5753,0.0012,-1.0000
16.6668,1.0000,242.9841,1.2628,0.3737,16.6748,16.6548,15.2194,0.0012,-1.0000
16.6671,1.0000,243.0008,1.3857,0.3066,16.6617,16.6554,15.4137,0.0011,-1.0000
16.6673,1.0000,243.0175,1.2552,0.3188,16.6616,16.6603,15.3911,0.0012,-1.0000
16.6653,1.0000,243.0341,1.0916,0.3011,16.6780,16.6517,15.3518,0.0012,-1.0000
16.6658,1.0000,243.0507,1.4339,0.3165,16.6638,16.6537,15.4559,0.0010,-1.0000
16.6701,1.0000,243.0675,1.2404,0.2787,16.6653,16.6682,15.5348,0.0012,-1.0000
16.6647,1.0000,243.0842,1.2679,0.2683,16.6705,16.6504,15.2334,0.0011,-1.0000
16.6671,1.0000,243.1008,1.2986,0.3110,16.6606,16.6573,15.3790,0.0010,-1.0000
16.6678,1.0000,243.1176,1.1968,0.2664,16.6624,16.6654,15.4359,0.0013,-1.0000
16.6659,1.0000,243.1342,1.1320,0.3693,16.6799,16.6450,15.2196,0.0010,-1.0000
16.6658,1.0000,243.1507,1.4156,0.2737,16.6611,16.6560,15.4210,0.0012,-1.0000
16.6657,1.0000,243.1675,1.2772,0.2852,16.6672,16.6584,15.5650,0.0012,-1.0000
16.6700,1.0000,243.1842,1.2275,0.3315,16.6757,16.6656,15.2433,0.0017,-1.0000
16.6640,1.0000,243.2008,1.4243,0.2785,16.6546,16.6489,15.1267,0.0016,-1.0000
16.6686,1.0000,243.2176,1.2337,0.2594,16.6644,16.6590,15.3779,0.0012,-1.0000
16.6684,1.0000,243.2343,1.0924,0.2473,16.6682,16.6633,15.1543,0.0013,-1.0000
16.6641,1.0000,243.2507,1.4204,0.3068,16.6757,16.6417,15.1157,0.0018,-1.0000
16.6676,1.0000,243.2676,1.5206,0.2729,16.6597,16.6759,15.5872,0.0011,-1.0000
16.6685,1.0000,243.2844,1.2796,0.4405,16.6682,16.8273,15.2137,0.0013,-1.0000
16.6652,1.0000,243.3009,1.5076,0.3048,16.6757,16.4747,15.2024,0.0011,-1.0000
16.6662,1.0000,243.3175,1.5242,0.2778,16.6501,16.6541,15.2891,0.0011,-1.0000
16.6669,1.0000,243.3342,1.0879,0.3439,16.6853,16.6601,15.3263,0.0012,-1.0000
16.6666,1.0000,243.3507,1.6125,0.2591,16.8381,16.6556,15.3936,0.0010,-1.0000
16.6671,1.0000,243.3675,1.2712,0.3082,16.4858,16.6641,15.5333,0.0011,-1.0000
16.6679,1.0000,243.3842,1.3638,0.2669,16.6638,16.6581,15.4532,0.0014,-1.0000
16.6658,1.0000,243.4008,1.3323,0.2917,16.6683,16.6549,15.4127,0.0012,-1.0000
16.6674,1.0000,243.4175,1.2607,0.2732,16.6631,16.6609,15.3970,0.0012,-1.0000
16.6667,1.0000,243.4347,1.1297,0.2725,16.6739,16.6509,15.3345,0.0017,-1.0000
16.6658,1.0000,243.4507,1.2030,0.2707,16.6665,16.6563,14.7450,0.0014,-1.0000
16.6654,1.0000,243.4676,1.2405,0.2959,16.6647,16.6524,15.4588,0.0012,-1.0000
16.6691,1.0000,243.4842,1.2625,0.2946,16.6730,16.6651,15.1724,0.0013,-1.0000
16.6632,1.0000,243.5007,1.3144,0.4440,16.6605,16.6448,15.3744,0.0010,-1.0000
16.6700,1.0000,243.5175,1.9096,0.2978,16.6652,16.6724,15.5221,0.0011,-1.0000
16.6670,1.0000,243.5341,1.1924,0.3231,16.6625,16.6611,15.3208,0.0010,-1.0000
16.6667,1.0000,243.5507,1.4913,0.3235,16.6730,16.6529,15.2937,0.0011,-1.0000
16.6662,1.0000,243.5675,1.2695,0.3372,16.6514,16.6576,15.4433,0.0010,-1.0000
16.6687,1.0000,243.5843,1.1491,0.3156,16.6798,16.6680,15.3720,0.0011,-1.0000
16.6641,1.0000,243.6009,1.3390,0.3499,16.6707,16.6431,15.0077,0.0013,-1.0000
16.6679,1.0000,243.6175,1.3580,0.3102,16.6617,16.6642,15.3324,0.0011,-1.0000
16.6687,1.0000,243.6343,1.2130,0.3663,16.6655,16.6658,15.3507,0.0013,-1.0000
16.6644,1.0000,243.6507,1.2951,0.3301,16.6784,16.6428,15.1145,0.0013,-1.0000
16.6675,1.0000,243.6675,1.6341,0.3063,16.6529,16.6619,15.5249,0.0013,-1.0000
16.6684,1.0000,243.6842,1.3306,0.7853,16.6727,16.6595,15.3951,0.0012,-1.0000
16.6638,1.0000,243.7008,1.3139,0.2986,16.6772,16.6478,15.3373,0.0012,-1.0000
16.6685,1.0000,243.7176,1.5272,0.3159,16.6534,16.6708,15.5292,0.0011,-1.0000
16.6667,1.0000,243.7341,1.1356,0.2922,16.6697,16.6540,14.9687,0.0012,-1.0000
16.6660,1.0000,243.7507,1.2631,0.3029,16.6684,16.6555,15.4477,0.0011,-1.0000
16.6691,1.0000,243.7675,1.3094,0.2743,16.6550,16.6685,15.4641,0.0011,-1.0000
16.6661,1.0000,243.7841,1.1407,0.4162,16.6786,16.6535,15.1892,0.0013,-1.0000
16.6645,1.0000,243.8009,1.6841,0.3147,16.6629,16.6519,15.4610,0.0017,-1.0000
16.6682,1.0000,243.8175,1.2066,0.3078,16.6631,16.6658,15.3629,0.0014,-1.0000
16.6676,1.0000,243.8342,1.2034,0.3380,16.6765,16.6626,15.3278,0.0011,-1.0000
16.6646,1.0000,243.8507,1.4628,0.2939,16.6624,16.6498,15.3273,0.0012,-1.0000
16.6708,1.0000,243.8677,1.1893,0.3182,16.6589,16.6752,15.4518,0.0014,-1.0000
16.6650,1.0000,243.8842,1.3015,0.3134,16.6733,16.6428,15.0121,0.0017,-1.0000
16.6766,1.0000,243.9008,1.3336,0.3033,16.6711,16.6648,15.3752,0.0012,-1.0000
16.6704,1.0000,243.9176,1.3212,0.3993,16.6580,16.6743,15.4882,0.0011,-1.0000
16.6653,1.0000,243.9342,1.2219,0.4801,16.6867,16.6439,15.3112,0.0013,-1.0000
16.6653,1.0000,243.9508,1.6293,0.3190,16.6526,16.6549,15.3847,0.0011,-1.0000
16.6695,1.0000,243.9675,1.2883,0.2938,16.6726,16.6666,15.4852,0.0012,-1.0000
16.6658,1.0000,243.9842,1.1845,0.3744,16.6863,16.6507,15.0983,0.0014,-1.0000
16.6649,1.0000,244.0008,1.3313,0.2978,16.6549,16.6483,15.4084,0.0012,-1.0000
16.6678,1.0000,244.0175,1.2691,0.2952,16.6629,16.6646,15.5111,0.0014,-1.0000
16.6680,1.0000,244.0342,1.1796,0.3551,16.6785,16.6630,15.4235,0.0012,-1.0000
16.6650,1.0000,244.0507,1.5508,0.2821,16.6607,16.6518,15.4443,0.0013,-1.0000
16.6685,1.0000,244.0675,1.2388,0.2623,16.6564,16.6646,15.5214,0.0012,-1.0000
16.6675,1.0000,244.0842,1.1518,0.2574,16.6733,16.6597,15.1427,0.0014,-1.0000
16.6645,1.0000,244.1008,1.2382,0.2719,16.6719,16.6485,15.4013,0.0012,-1.0000
16.6678,1.0000,244.1175,1.2062,0.2778,16.6598,16.6669,15.4917,0.0013,-1.0000
16.6670,1.0000,244.1342,1.1418,0.3442,16.6728,16.6623,15.3082,0.0015,-1.0000
16.6659,1.0000,244.1507,1.5156,0.2711,16.6674,16.6477,15.2981,0.0013,-1.0000
16.6673,1.0000,244.1675,1.2459,0.2584,16.6576,16.6613,15.5554,0.0011,-1.0000
16.6674,1.0000,244.1842,1.1738,0.3091,16.6764,16.6592,15.2934,0.0010,-1.0000
16.6651,1.0000,244.2008,1.3526,0.3043,16.6706,16.6514,15.3880,0.0012,-1.0000
16.6801,1.0000,244.2176,1.3482,0.3270,16.6566,16.6780,15.5756,0.0012,-1.0000
16.6675,1.0000,244.2345,1.1047,0.2801,16.6698,16.6578,14.9768,0.0458,-1.0000
16.6656,1.0000,244.2507,1.3649,0.3149,16.6679,16.6562,15.0041,0.0015,-1.0000
16.6681,1.0000,244.2676,1.2624,0.3033,16.6602,16.6622,15.4021,0.0011,-1.0000
16.6655,1.0000,244.2842,1.1010,0.3475,16.6865,16.6478,15.1461,0.0013,-1.0000
16.6657,1.0000,244.3008,1.6350,0.4447,16.6662,16.6528,15.3972,0.0011,-1.0000
16.6699,1.0000,244.3176,1.6506,0.3098,16.6660,16.6718,15.3977,0.0011,-1.0000
16.6643,1.0000,244.3342,1.2591,0.4354,16.6744,16.6473,15.1965,0.0012,-1.0000
16.6665,1.0000,244.3507,1.5003,0.3410,16.6591,16.6547,15.3834,0.0014,-1.0000
16.6678,1.0000,244.3675,1.2544,0.2892,16.6604,16.6607,15.4995,0.0012,-1.0000
16.6662,1.0000,244.3842,1.2727,0.3183,16.6823,16.6566,15.2683,0.0015,-1.0000
16.6661,1.0000,244.4009,1.4493,0.3002,16.6579,16.6579,15.3473,0.0012,-1.0000
16.6677,1.0000,244.4175,1.2701,0.3008,16.6629,16.6608,15.4004,0.0012,-1.0000
16.6654,1.0000,244.4341,1.1596,0.2946,16.6692,16.6527,15.3065,0.0011,-1.0000
16.6674,1.0000,244.4508,1.3866,0.3706,16.6655,16.6596,15.4557,0.0010,-1.0000
16.6690,1.0000,244.4676,1.3093,0.3032,16.6661,16.6668,15.4119,0.0010,-1.0000
16.6636,1.0000,244.4842,1.2592,0.2882,16.6705,16.6416,15.1457,0.0015,-1.0000
16.6683,1.0000,244.5009,1.3452,0.2665,16.6619,16.6657,15.4717,0.0013,-1.0000
16.6674,1.0000,244.5176,1.2026,0.3720,16.6690,16.6609,15.2138,0.0014,-1.0000
16.6651,1.0000,244.5342,1.2537,0.2719,16.6775,16.6527,15.2084,0.0013,-1.0000
16.6672,1.0000,244.5507,1.4945,0.3161,16.6501,16.6581,15.4306,0.0012,-1.0000
16.6689,1.0000,244.5676,1.1928,0.2726,16.6736,16.6661,15.5185,0.0012,-1.0000
16.6627,1.0000,244.5841,1.4455,0.3759,16.6701,16.6435,14.9156,0.0013,-1.0000
16.6698,1.0000,244.6009,1.4434,0.2714,16.6610,16.6696,15.5169,0.0016,-1.0000
16.6670,1.0000,244.6175,1.2262,0.3144,16.6667,16.6535,15.3971,0.0011,-1.0000
16.6649,1.0000,244.6342,1.1462,0.3116,16.6761,16.6536,15.3947,0.0012,-1.0000
16.6662,1.0000,244.6507,1.7269,0.2604,16.6525,16.6557,15.3070,0.0014,-1.0000
16.6711,1.0000,244.6677,1.1509,0.2816,16.6797,16.6742,15.5913,0.0011,-1.0000
16.6627,1.0000,244.6841,1.2551,0.2635,16.6624,16.6395,14.9010,0.0016,-1.0000
16.6687,1.0000,244.7009,1.2576,0.2691,16.6618,16.6653,15.5226,0.0012,-1.0000
16.6667,1.0000,244.7175,1.3473,0.2671,16.6635,16.6578,15.3246,0.0015,-1.0000
16.6664,1.0000,244.7342,1.0816,0.3189,16.6855,16.6561,15.2421,0.0014,-1.0000
16.6655,1.0000,244.7507,1.7375,0.2736,16.6490,16.6536,15.4401,0.0011,-1.0000
16.6685,1.0000,244.7675,1.1413,0.3077,16.6732,16.6648,15.5950,0.0010,-1.0000
16.6665,1.0000,244.7841,1.3318,0.3452,16.6676,16.6560,15.3593,0.0014,-1.0000
16.6659,1.0000,244.8009,1.4125,0.2834,16.6652,16.6593,15.4528,0.0014,-1.0000
16.6683,1.0000,244.8176,1.2121,0.2560,16.6608,16.6593,15.2143,0.0012,-1.0000
16.6654,1.0000,244.8342,1.0685,0.2966,16.6734,16.6515,15.3147,0.0011,-1.0000
16.6657,1.0000,244.8507,1.2951,0.2795,16.6646,16.6549,15.4460,0.0013,-1.0000
16.6691,1.0000,244.8676,1.2051,0.2859,16.6695,16.6671,15.5523,0.0011,-1.0000
16.6663,1.0000,244.8842,1.4436,0.3005,16.6700,16.6522,15.1631,0.0011,-1.0000
16.6668,1.0000,244.9008,1.3357,0.2723,16.6608,16.6590,15.3580,0.0012,-1.0000
16.6678,1.0000,244.9177,1.2077,0.2678,16.6630,16.6634,15.4045,0.0013,-1.0000
16.6648,1.0000,244.9342,1.1132,0.3864,16.6769,16.6490,15.0151,0.0014,-1.0000
16.6669,1.0000,244.9508,1.4880,0.2748,16.6623,16.6599,15.4548,0.0012,-1.0000
16.6694,1.0000,244.9676,1.3001,0.2986,16.6673,16.6641,15.2571,0.0008,-1.0000
16.6648,1.0000,244.9842,1.2578,0.3715,16.6732,16.6467,15.2579,0.0010,-1.0000
16.6682,1.0000,245.0010,1.6326,0.2724,16.6581,16.6692,15.3958,0.0012,-1.0000
16.6657,1.0000,245.0175,1.2038,0.3562,16.6691,16.6482,15.1444,0.0011,-1.0000
16.6655,1.0000,245.0341,1.4059,0.2931,16.6735,16.6531,15.4829,0.0010,-1.0000
16.6686,1.0000,245.0511,1.3875,0.3270,16.6568,16.6753,15.4935,0.0009,-1.0000
16.6668,1.0000,245.0675,1.2721,0.6798,16.6791,16.6435,14.9656,0.0012,-1.0000
16.6660,1.0000,245.0842,1.5029,0.3054,16.6577,16.6591,15.5366,0.0013,-1.0000
16.6685,1.0000,245.1009,1.1693,0.2768,16.6609,16.6630,15.4554,0.0011,-1.0000
16.6654,1.0000,245.1175,1.1813,0.4837,16.6861,16.6484,15.2852,0.0012,-1.0000
16.6664,1.0000,245.1342,1.6766,0.3218,16.6535,16.6564,15.3927,0.0015,-1.0000
16.6670,1.0000,245.1508,1.1209,0.3232,16.6686,16.6625,15.3623,0.0012,-1.0000
16.6676,1.0000,245.1675,1.2062,0.3625,16.6743,16.6528,15.4043,0.0013,-1.0000
16.6652,1.0000,245.1842,1.3618,0.3738,16.6593,16.6539,15.4436,0.0010,-1.0000
16.6684,1.0000,245.2009,1.2625,0.2958,16.6653,16.6651,15.2998,0.0013,-1.0000
16.6660,1.0000,245.2175,1.2992,0.3854,16.6722,16.6524,15.1079,0.0012,-1.0000
16.6671,1.0000,245.2342,1.2471,0.3240,16.6620,16.6595,15.3026,0.0013,-1.0000
16.6665,1.0000,245.2507,1.2095,0.2921,16.6619,16.6570,15.4176,0.0014,-1.0000
16.6671,1.0000,245.2675,1.3639,0.3721,16.6747,16.6563,15.5112,0.0011,-1.0000
16.6655,1.0000,245.2842,1.5431,0.2840,16.6625,16.6542,15.4925,0.0012,-1.0000
16.6683,1.0000,245.3009,1.3556,0.2759,16.6687,16.6659,15.5087,0.0012,-1.0000
16.6669,1.0000,245.3175,1.2380,0.3052,16.6662,16.6576,15.2978,0.0012,-1.0000
16.6654,1.0000,245.3342,1.1439,0.2763,16.6650,16.6525,15.5085,0.0009,-1.0000
16.6677,1.0000,245.3507,1.1607,0.2750,16.6625,16.6594,15.4428,0.0017,-1.0000
16.6673,1.0000,245.3675,1.1560,0.3443,16.6742,16.6585,15.5221,0.0010,-1.0000
16.6654,1.0000,245.3842,1.3585,0.3083,16.6680,16.6538,15.4809,0.0010,-1.0000
16.7315,1.0000,245.4010,1.1429,0.3228,16.6622,16.7484,15.4442,0.0012,-1.0000
16.6675,1.0000,245.4176,1.2145,0.2918,16.6683,16.6388,15.2072,0.0015,-1.0000
16.6647,1.0000,245.4342,1.1351,0.2664,16.6665,16.6510,15.3500,0.0012,-1.0000
16.9209,1.0000,245.4513,1.1719,0.2743,16.6611,16.9858,15.7278,0.0014,-1.0000
16.6628,1.0000,245.4677,1.3029,0.3075,16.7569,16.5788,15.1882,0.0010,-1.0000
16.6648,1.0000,245.4845,1.4300,0.3047,16.6477,16.6529,15.4613,0.0011,-1.0000
16.6688,1.0000,245.5012,1.2998,0.2842,16.6588,16.6655,15.4713,0.0014,-1.0000
16.6678,1.0000,245.5178,1.2561,0.3746,16.9981,16.6620,15.2990,0.0014,-1.0000
16.6645,1.0000,245.5345,1.3890,0.2797,16.5879,16.6506,15.4983,0.0013,-1.0000
16.6685,1.0000,245.5512,1.1908,0.2492,16.6609,16.6652,15.4993,0.0013,-1.0000
16.6667,1.0000,245.5677,1.1928,0.7280,16.6732,16.6618,15.1495,0.0014,-1.0000
16.6640,1.0000,245.5844,1.3615,0.2792,16.6707,16.6436,15.4628,0.0009,-1.0000
16.6667,1.0000,245.6011,1.1510,0.2763,16.6578,16.6620,15.6251,0.0013,-1.0000
16.6714,1.0000,245.6179,1.1644,0.3153,16.6739,16.6737,15.5312,0.0009,-1.0000
16.6642,1.0000,245.6345,1.5107,0.3094,16.6711,16.6475,15.1995,0.0017,-1.0000
16.6658,1.0000,245.6511,1.1800,0.2261,16.6514,16.6555,15.3657,0.0016,-1.0000
16.6682,1.0000,245.6680,1.0360,0.2618,16.6678,16.6636,15.5336,0.0012,-1.0000
16.6669,1.0000,245.6845,1.1414,0.3177,16.6840,16.6565,14.9990,0.0016,-1.0000
16.6651,1.0000,245.7011,1.4463,0.2783,16.6584,16.6527,15.4915,0.0011,-1.0000
16.6702,1.0000,245.7181,1.2884,0.2603,16.6634,16.6762,15.5897,0.0012,-1.0000
16.6659,1.0000,245.7345,1.1285,0.4891,16.6720,16.6440,14.3779,0.0015,-1.0000
16.6648,1.0000,245.7511,1.6561,0.3120,16.6648,16.6518,15.2574,0.0011,-1.0000
16.6690,1.0000,245.7678,1.1598,0.3526,16.6602,16.6712,15.4860,0.0014,-1.0000
16.6656,1.0000,245.7845,1.0850,0.3311,16.6879,16.6473,15.3185,0.0018,-1.0000
16.6648,1.0000,245.8011,2.2645,0.3768,16.6545,16.6527,15.4616,0.0012,-1.0000
16.6687,1.0000,245.8179,1.3932,0.3477,16.6602,16.6666,15.3944,0.0011,-1.0000
16.6666,1.0000,245.8347,1.1836,0.4435,16.6812,16.6574,15.3376,0.0010,-1.0000
16.6656,1.0000,245.8511,1.3269,0.3165,16.6571,16.6548,15.1247,0.0010,-1.0000
16.6701,1.0000,245.8680,1.1897,0.2732,16.6604,16.6657,15.5049,0.0010,-1.0000
16.6649,1.0000,245.8845,1.2710,0.3563,16.6741,16.6520,14.9940,0.0012,-1.0000
16.6643,1.0000,245.9012,1.3186,0.3516,16.6672,16.6494,15.4127,0.0012,-1.0000
16.6741,1.0000,245.9179,1.5292,0.2969,16.6633,16.6769,15.4249,0.0011,-1.0000
16.6616,1.0000,245.9345,1.1596,0.3632,16.6740,16.6489,15.2448,0.0015,-1.0000
16.6663,1.0000,245.9511,1.6567,0.3199,16.6606,16.6557,15.3586,0.0013,-1.0000
16.6691,1.0000,245.9678,1.2357,0.3108,16.6574,16.6670,15.5072,0.0012,-1.0000
16.6652,1.0000,245.9845,1.2507,0.3933,16.6860,16.6494,15.4433,0.0013,-1.0000
16.6651,1.0000,246.0011,1.4026,0.3572,16.6586,16.6516,15.4578,0.0012,-1.0000
16.6678,1.0000,246.0178,1.2959,0.2960,16.6649,16.6650,15.5668,0.0012,-1.0000
16.6669,1.0000,246.0345,1.1579,0.3520,16.6762,16.6548,15.3568,0.0013,-1.0000
16.6660,1.0000,246.0511,1.2047,0.2862,16.6598,16.6573,15.4232,0.0010,-1.0000
16.6679,1.0000,246.0677,1.1927,0.2679,16.6603,16.6624,15.4038,0.0012,-1.0000
16.6670,1.0000,246.0845,1.0967,0.3205,16.6737,16.6604,15.3920,0.0012,-1.0000
16.6652,1.0000,246.1011,1.2966,0.2632,16.6638,16.6472,15.2338,0.0013,-1.0000
16.6673,1.0000,246.1179,1.2329,0.2818,16.6651,16.6630,15.4710,0.0013,-1.0000
16.6668,1.0000,246.1345,1.2576,0.2894,16.6712,16.6585,15.2663,0.0010,-1.0000
16.6670,1.0000,246.1511,1.2673,0.3262,16.6710,16.6595,15.4137,0.0011,-1.0000
16.6685,1.0000,246.1679,1.4121,0.2614,16.6566,16.7765,15.3021,0.0014,-1.0000
16.6648,1.0000,246.1844,1.1908,0.3052,16.6709,16.5327,15.2675,0.0015,-1.0000
16.6675,1.0000,246.2011,1.3913,0.2861,16.6680,16.6610,15.4911,0.0011,-1.0000
16.6666,1.0000,246.2178,1.2445,0.2841,16.6685,16.6572,15.4261,0.0011,-1.0000
16.6667,1.0000,246.2345,1.4732,0.2862,16.7876,16.6550,15.3703,0.0013,-1.0000
16.6659,1.0000,246.2511,1.2636,0.2805,16.5418,16.6546,15.4653,0.0012,-1.0000
16.6676,1.0000,246.2677,1.1688,0.2751,16.6697,16.6634,15.5363,0.0012,-1.0000
16.6667,1.0000,246.2845,1.2299,0.2631,16.6673,16.6573,15.4746,0.0011,-1.0000
16.6668,1.0000,246.3013,1.2834,0.2851,16.6646,16.6576,15.4702,0.0012,-1.0000
16.6672,1.0000,246.3178,1.1880,0.2537,16.6627,16.6567,15.1350,0.0013,-1.0000
16.6663,1.0000,246.3345,1.1257,0.3110,16.6713,16.6552,15.3993,0.0012,-1.0000
16.6665,1.0000,246.3514,1.1816,0.2752,16.6685,16.6567,15.4922,0.0013,-1.0000
16.6678,1.0000,246.3677,1.1861,0.3617,16.6673,16.6653,15.1357,0.0011,-1.0000
16.6665,1.0000,246.3845,1.5203,0.2696,16.6655,16.6530,15.4904,0.0013,-1.0000
16.6665,1.0000,246.4011,1.2546,0.2791,16.6640,16.6545,15.2737,0.0013,-1.0000
16.6673,1.0000,246.4178,1.1630,0.3720,16.6656,16.6628,15.4671,0.0012,-1.0000
16.6658,1.0000,246.4345,1.5284,0.3234,16.6754,16.6554,15.3495,0.0011,-1.0000
16.6662,1.0000,246.4511,1.1614,0.3326,16.6624,16.6540,15.4564,0.0010,-1.0000
16.6710,1.0000,246.4678,1.3794,0.2908,16.6624,16.6726,15.4847,0.0012,-1.0000
16.6623,1.0000,246.4845,1.1944,0.3627,16.6705,16.6426,15.2216,0.0017,-1.0000
16.6676,1.0000,246.5012,1.3049,0.3159,16.6641,16.6637,15.5180,0.0014,-1.0000
16.6686,1.0000,246.5180,1.1964,0.3056,16.6617,16.6638,15.4303,0.0014,-1.0000
16.6635,1.0000,246.5344,1.1866,0.3973,16.6834,16.6419,15.2176,0.0012,-1.0000
16.6681,1.0000,246.5511,1.4193,0.3573,16.6519,16.6642,15.5776,0.0012,-1.0000
16.6676,1.0000,246.5677,1.1443,0.3658,16.6719,16.6651,15.2808,0.0014,-1.0000
16.6657,1.0000,246.5845,1.2321,0.3362,16.6741,16.6510,15.5913,0.0011,-1.0000
16.6692,1.0000,246.6013,1.4230,0.3068,16.6503,16.6755,15.4393,0.0010,-1.0000
16.6655,1.0000,246.6178,1.0856,0.3685,16.6712,16.6426,15.1782,0.0014,-1.0000
16.6646,1.0000,246.6345,1.3827,0.2804,16.6737,16.6493,15.5077,0.0013,-1.0000
16.6689,1.0000,246.6512,1.0586,0.2798,16.6592,16.6703,15.4505,0.0012,-1.0000
16.6675,1.0000,246.6677,1.2352,0.3461,16.6870,16.6576,15.3222,0.0012,-1.0000
16.6650,1.0000,246.6845,1.4630,0.3005,16.6528,16.6523,15.5319,0.0011,-1.0000
16.6680,1.0000,246.7012,1.1405,0.2696,16.6567,16.6654,15.4030,0.0011,-1.0000
16.6671,1.0000,246.7178,1.2185,0.2713,16.6799,16.6558,15.1943,0.0013,-1.0000
16.6647,1.0000,246.7345,1.3342,0.2640,16.6658,16.6492,15.4103,0.0013,-1.0000
16.6678,1.0000,246.7513,1.1190,0.2607,16.6607,16.6619,15.4953,0.0013,-1.0000
16.6668,1.0000,246.7677,1.2613,0.2975,16.6758,16.6596,15.2317,0.0013,-1.0000
16.6669,1.0000,246.7845,1.4601,0.3194,16.6662,16.6585,15.4980,0.0011,-1.0000
16.6687,1.0000,246.8012,1.2377,0.2739,16.6573,16.6662,15.3273,0.0012,-1.0000
16.6649,1.0000,246.8178,1.1651,0.2726,16.6697,16.6494,15.2949,0.0013,-1.0000
16.6657,1.0000,246.8345,1.4264,0.3154,16.6677,16.6553,15.4161,0.0010,-1.0000
16.6673,1.0000,246.8512,1.1593,0.3148,16.6668,16.6599,15.5153,0.0011,-1.0000
16.6673,1.0000,246.8677,1.3377,0.3926,16.6759,16.6579,15.3500,0.0017,-1.0000
16.6670,1.0000,246.8845,1.3532,0.3118,16.6583,16.6618,15.6273,0.0010,-1.0000
16.6784,1.0000,246.9013,1.2381,0.2718,16.6636,16.6664,15.2651,0.0013,-1.0000
16.6665,1.0000,246.9178,1.1434,0.2923,16.6700,16.6567,15.3108,0.0010,-1.0000
16.6664,1.0000,246.9345,1.3061,0.2682,16.6657,16.6606,15.3642,0.0013,-1.0000
16.6662,1.0000,246.9513,1.0334,0.2828,16.6715,16.6550,15.4879,0.0011,-1.0000
16.6677,1.0000,246.9677,1.3998,0.2711,16.6755,16.6595,15.3296,0.0012,-1.0000
16.6655,1.0000,246.9845,1.3449,0.3344,16.6646,16.6576,15.5021,0.0013,-1.0000
16.6688,1.0000,247.0011,1.2953,0.2975,16.6694,16.6642,15.5124,0.0012,-1.0000
16.6661,1.0000,247.0178,1.1660,0.2778,16.6642,16.6536,15.3892,0.0013,-1.0000
16.6666,1.0000,247.0345,1.3285,0.3489,16.6671,16.6614,15.4642,0.0013,-1.0000
16.6666,1.0000,247.0513,1.1543,0.2627,16.6648,16.6541,15.4313,0.0013,-1.0000
16.6670,1.0000,247.0677,1.1504,0.2658,16.6736,16.6621,15.1703,0.0012,-1.0000
16.6647,1.0000,247.0844,1.2629,0.2848,16.6620,16.6482,15.5993,0.0011,-1.0000
16.6686,1.0000,247.1013,1.1953,0.2875,16.6705,16.6688,15.5286,0.0011,-1.0000
16.6675,1.0000,247.1178,1.2210,0.4078,16.6622,16.6574,15.2919,0.0012,-1.0000
16.6653,1.0000,247.1345,1.4906,0.2799,16.6712,16.6525,15.4557,0.0011,-1.0000
16.6674,1.0000,247.1512,1.0474,0.2668,16.6563,16.6584,15.3869,0.0014,-1.0000
16.6681,1.0000,247.1678,1.1391,0.3029,16.6772,16.6667,15.4501,0.0013,-1.0000
16.6624,1.0000,247.1844,1.3642,0.3286,16.6661,16.6406,15.4531,0.0012,-1.0000
16.6708,1.0000,247.2013,1.1956,0.2875,16.6620,16.6736,15.5819,0.0011,-1.0000
16.6660,1.0000,247.2178,1.2704,0.2738,16.6670,16.6523,15.1498,0.0012,-1.0000
16.6655,1.0000,247.2345,1.2150,0.3234,16.6770,16.6539,15.4720,0.0014,-1.0000
16.6678,1.0000,247.2518,1.1862,0.2357,16.6495,16.6637,15.3354,0.0012,-1.0000
16.6672,1.0000,247.2677,1.0904,0.2801,16.6818,16.6610,14.6701,0.0012,-1.0000
16.6636,1.0000,247.2844,1.5012,0.2755,16.6609,16.6415,15.5667,0.0011,-1.0000
16.6688,1.0000,247.3012,1.1803,0.3331,16.6618,16.6728,15.6158,0.0012,-1.0000
16.6679,1.0000,247.3178,1.3271,0.4503,16.6719,16.6574,15.3552,0.0014,-1.0000
16.6654,1.0000,247.3345,1.9896,0.3052,16.6699,16.6544,15.4786,0.0015,-1.0000
16.6691,1.0000,247.3513,1.0738,0.2969,16.6500,16.6638,15.4377,0.0011,-1.0000
16.6654,1.0000,247.3677,1.0558,0.3037,16.6823,16.6527,15.2157,0.0015,-1.0000
16.6643,1.0000,247.3845,1.3004,0.3330,16.6666,16.6507,15.5700,0.0011,-1.0000
16.6693,1.0000,247.4012,1.1740,0.3505,16.6641,16.6685,15.5175,0.0011,-1.0000
16.6673,1.0000,247.4179,1.2246,0.3861,16.6733,16.6577,15.2116,0.0016,-1.0000
16.6654,1.0000,247.4345,1.4357,0.2934,16.6619,16.6566,15.3069,0.0016,-1.0000
16.6693,1.0000,247.4513,1.0797,0.3532,16.6577,16.6655,15.4322,0.0011,-1.0000
16.6654,1.0000,247.4678,1.1495,0.3620,16.6760,16.6545,15.1677,0.0013,-1.0000
16.6657,1.0000,247.4845,1.4444,0.3688,16.6658,16.6459,15.2536,0.0013,-1.0000
16.6692,1.0000,247.5012,1.3480,0.2804,16.6647,16.6752,15.4453,0.0012,-1.0000
16.6649,1.0000,247.5178,1.2317,0.3519,16.6752,16.6452,15.3194,0.0012,-1.0000
16.6658,1.0000,247.5345,1.4853,0.3309,16.6659,16.6582,15.4827,0.0012,-1.0000
16.6681,1.0000,247.5512,1.3910,0.2751,16.6547,16.6596,15.5154,0.0010,-1.0000
16.6665,1.0000,247.5677,1.2284,0.3383,16.6846,16.6572,15.3051,0.0013,-1.0000
16.6651,1.0000,247.5845,1.3245,0.2817,16.6552,16.6536,15.5533,0.0011,-1.0000
16.6693,1.0000,247.6012,1.1745,0.2625,16.6660,16.6681,15.5335,0.0013,-1.0000
16.6662,1.0000,247.6178,1.1435,0.3609,16.6685,16.6492,15.4318,0.0013,-1.0000
16.6664,1.0000,247.6345,1.3507,0.2861,16.6662,16.6593,15.5075,0.0013,-1.0000
16.6676,1.0000,247.6512,1.0995,0.2558,16.6616,16.6578,15.4038,0.0012,-1.0000
16.6656,1.0000,247.6677,1.1334,0.2982,16.6789,16.6547,15.3206,0.0015,-1.0000
16.6668,1.0000,247.6845,1.2164,0.2984,16.6600,16.6582,15.4943,0.0011,-1.0000
16.6680,1.0000,247.7012,1.1504,0.2725,16.6681,16.6587,15.4721,0.0012,-1.0000
16.6661,1.0000,247.7179,1.2528,0.3619,16.6670,16.6571,15.4194,0.0012,-1.0000
16.6664,1.0000,247.7345,1.3324,0.2750,16.6641,16.6588,15.4410,0.0012,-1.0000
16.6680,1.0000,247.7512,1.1628,0.2823,16.6666,16.6608,15.4820,0.0013,-1.0000
16.6667,1.0000,247.7677,1.1850,0.3029,16.6673,16.6559,15.4509,0.0010,-1.0000
16.6665,1.0000,247.7845,1.2362,0.2791,16.6656,16.6590,15.5876,0.0010,-1.0000
16.6670,1.0000,247.8015,1.2165,0.2765,16.6667,16.6608,15.4116,0.0012,-1.0000
16.6660,1.0000,247.8178,1.1772,0.2807,16.6695,16.6517,14.9495,0.0013,-1.0000
16.6660,1.0000,247.8345,1.2038,0.2747,16.6654,16.6571,15.4705,0.0011,-1.0000
16.6690,1.0000,247.8514,1.0703,0.2715,16.6674,16.6713,15.4098,0.0012,-1.0000
16.6642,1.0000,247.8677,1.2479,0.4145,16.6712,16.6413,14.9846,0.0014,-1.0000
16.6681,1.0000,247.8846,1.7009,0.3205,16.6605,16.6612,15.4866,0.0011,-1.0000
16.6679,1.0000,247.9012,1.1852,0.3086,16.6650,16.6634,15.3639,0.0013,-1.0000
16.6631,1.0000,247.9178,1.2600,0.3678,16.6828,16.6396,15.2660,0.0012,-1.0000
16.6691,1.0000,247.9345,1.6553,0.2755,16.6514,16.6729,15.5988,0.0009,-1.0000
16.6675,1.0000,247.9512,1.1730,0.3240,16.6692,16.6585,15.2403,0.0013,-1.0000
16.6651,1.0000,247.9678,1.2979,0.3196,16.6738,16.6524,15.4010,0.0013,-1.0000
16.6672,1.0000,247.9845,1.3724,0.2991,16.6475,16.6618,15.4729,0.0013,-1.0000
16.6699,1.0000,248.0012,1.0729,0.4756,16.6795,16.6677,15.3056,0.0012,-1.0000
16.6638,1.0000,248.0178,1.4169,0.3080,16.6680,16.6440,15.3182,0.0014,-1.0000
16.6674,1.0000,248.0345,1.2502,0.3498,16.6604,16.6627,15.5146,0.0013,-1.0000
16.6669,1.0000,248.0512,1.1874,0.8997,16.6695,16.6594,15.0786,0.0010,-1.0000
16.6658,1.0000,248.0677,1.3606,0.3232,16.6780,16.6521,15.2643,0.0014,-1.0000
16.6686,1.0000,248.0846,1.3243,0.3562,16.6537,16.6703,15.4822,0.0011,-1.0000
16.6660,1.0000,248.1012,1.1466,0.3380,16.6706,16.6499,15.2408,0.0012,-1.0000
16.6649,1.0000,248.1178,1.5796,0.3565,16.6684,16.6526,15.4324,0.0010,-1.0000
16.6679,1.0000,248.1346,1.3863,0.3343,16.6598,16.6625,15.5070,0.0012,-1.0000
16.6684,1.0000,248.1513,1.1867,0.3917,16.6800,16.6659,15.1857,0.0011,-1.0000
16.6649,1.0000,248.1677,1.4076,0.3084,16.6591,16.6464,15.1360,0.0012,-1.0000
16.6677,1.0000,248.1845,1.2190,0.3170,16.6603,16.6633,15.5766,0.0011,-1.0000
16.6666,1.0000,248.2012,1.1541,0.3485,16.6709,16.6612,15.2982,0.0011,-1.0000
16.6660,1.0000,248.2178,1.4788,0.3284,16.6760,16.6505,15.4283,0.0012,-1.0000
16.6679,1.0000,248.2346,1.5092,0.3082,16.6560,16.6685,15.4446,0.0013,-1.0000
16.6666,1.0000,248.2512,1.0858,0.8689,16.6726,16.6507,14.3241,0.0013,-1.0000
16.6658,1.0000,248.2677,1.3617,0.3146,16.6702,16.6535,15.2275,0.0012,-1.0000
16.6689,1.0000,248.2845,1.2211,0.3062,16.6586,16.6612,15.4674,0.0012,-1.0000
16.6659,1.0000,248.3012,1.2225,0.4147,16.6792,16.6571,15.2179,0.0015,-1.0000
16.6653,1.0000,248.3178,2.3253,0.3659,16.6612,16.6515,15.2807,0.0012,-1.0000
16.6698,1.0000,248.3346,1.4248,0.3019,16.6623,16.7106,15.4213,0.0011,-1.0000
16.6639,1.0000,248.3512,1.1924,0.3511,16.6699,16.6041,15.3449,0.0010,-1.0000
16.6675,1.0000,248.3678,1.4377,0.2936,16.6677,16.6595,15.4820,0.0011,-1.0000
16.6678,1.0000,248.3846,1.3695,0.3622,16.6602,16.6626,15.4082,0.0011,-1.0000
16.6657,1.0000,248.4012,1.2880,0.5131,16.7207,16.6506,15.2128,0.0012,-1.0000
16.6665,1.0000,248.4178,1.2581,0.2596,16.6139,16.6572,15.3887,0.0011,-1.0000
16.6674,1.0000,248.4345,1.1764,0.2798,16.6690,16.6601,15.4384,0.0013,-1.0000
16.6655,1.0000,248.4511,1.2531,0.3660,16.6735,16.6498,15.3583,0.0012,-1.0000
16.6667,1.0000,248.4677,1.4366,0.3120,16.6610,16.6582,15.4682,0.0015,-1.0000
16.6675,1.0000,248.4845,1.2672,0.3055,16.6659,16.6622,15.4820,0.0011,-1.0000
16.6663,1.0000,248.5011,1.2199,0.2982,16.6719,16.6519,15.3079,0.0013,-1.0000
16.6672,1.0000,248.5178,1.2900,0.2824,16.6593,16.6631,15.5046,0.0013,-1.0000
16.6685,1.0000,248.5345,1.1881,0.3327,16.6661,16.6619,15.3813,0.0015,-1.0000
16.6650,1.0000,248.5512,1.1790,0.3247,16.6715,16.6519,14.5562,0.0012,-1.0000
16.6656,1.0000,248.5677,1.3429,0.2658,16.6609,16.6515,15.1859,0.0017,-1.0000
16.6682,1.0000,248.5845,1.1571,0.2832,16.6713,16.6650,15.6083,0.0011,-1.0000
16.6663,1.0000,248.6012,1.2787,0.3093,16.6724,16.6573,15.2822,0.0009,-1.0000
16.6650,1.0000,248.6178,2.0943,0.3253,16.6622,16.6525,15.4461,0.0015,-1.0000
16.6694,1.0000,248.6348,1.4637,0.2957,16.6590,16.6674,15.5725,0.0011,-1.0000
16.6656,1.0000,248.6514,1.0552,0.3490,16.6735,16.6509,14.8231,0.0013,-1.0000
16.6659,1.0000,248.6676,1.3741,0.3000,16.6662,16.6567,15.1957,0.0012,-1.0000
16.6684,1.0000,248.6846,1.2049,0.2662,16.6606,16.6646,15.5949,0.0012,-1.0000
16.6668,1.0000,248.7011,1.0935,0.3647,16.6772,16.6551,14.8804,0.0011,-1.0000
16.6655,1.0000,248.7178,1.8266,0.4267,16.6599,16.6565,15.4773,0.0010,-1.0000
16.6692,1.0000,248.7346,1.4599,0.3359,16.6656,16.6669,15.3871,0.0011,-1.0000
16.6661,1.0000,248.7512,1.0684,0.6763,16.6734,16.6551,15.2283,0.0009,-1.0000
16.6648,1.0000,248.7677,1.7737,0.3428,16.6627,16.6502,15.4456,0.0013,-1.0000
16.6665,1.0000,248.7845,1.1778,0.3345,16.6642,16.6622,15.5598,0.0010,-1.0000
16.6681,1.0000,248.8012,1.2788,0.3953,16.6751,16.6605,15.3251,0.0012,-1.0000
16.6663,1.0000,248.8178,1.4259,0.3461,16.6639,16.6562,15.3259,0.0012,-1.0000
16.6676,1.0000,248.8346,1.2032,0.3164,16.6587,16.6626,15.4596,0.0014,-1.0000
16.6663,1.0000,248.8512,1.1014,0.3525,16.6704,16.6536,15.0817,0.0011,-1.0000
16.6660,1.0000,248.8677,1.3342,0.3757,16.6703,16.6720,15.3394,0.0016,-1.0000
16.6680,1.0000,248.8846,1.3291,0.3139,16.6645,16.6459,15.4871,0.0013,-1.0000
16.6664,1.0000,248.9012,1.2014,0.3552,16.6729,16.6517,14.9049,0.0017,-1.0000
16.6656,1.0000,248.9178,1.5708,0.2993,16.6633,16.6537,15.2902,0.0012,-1.0000
16.6703,1.0000,248.9346,1.3311,0.2732,16.6807,16.6692,15.4624,0.0013,-1.0000
16.6649,1.0000,248.9512,1.1576,0.3439,16.6580,16.6479,15.2117,0.0016,-1.0000
16.6639,1.0000,248.9677,1.7454,0.3225,16.6620,16.6493,15.3315,0.0013,-1.0000
16.7258,1.0000,248.9847,1.3621,0.2760,16.6619,16.7305,15.6586,0.0012,-1.0000
16.6665,1.0000,249.0012,1.2051,0.3443,16.6797,16.6514,15.1214,0.0011,-1.0000
16.6654,1.0000,249.0179,1.4345,0.2775,16.6576,16.6507,15.3835,0.0012,-1.0000
16.6692,1.0000,249.0347,1.3168,0.2673,16.6572,16.7673,15.5179,0.0012,-1.0000
16.6654,1.0000,249.0512,1.0706,0.3209,16.7405,16.5496,15.2104,0.0012,-1.0000
16.6650,1.0000,249.0678,1.5289,0.3430,16.6628,16.6507,15.3795,0.0012,-1.0000
16.6687,1.0000,249.0846,1.2659,0.2625,16.6613,16.6620,15.5942,0.0011,-1.0000
16.6655,1.0000,249.1012,1.2483,0.2749,16.7775,16.6534,15.3140,0.0012,-1.0000
16.6674,1.0000,249.1179,1.3379,0.2817,16.5615,16.6606,15.4487,0.0012,-1.0000
16.6668,1.0000,249.1346,1.2701,0.2807,16.6595,16.6593,15.3869,0.0012,-1.0000
16.6674,1.0000,249.1513,1.0664,0.2752,16.6711,16.6578,15.2295,0.0012,-1.0000
16.6658,1.0000,249.1678,1.3380,0.2787,16.6630,16.6519,15.2268,0.0013,-1.0000
16.6675,1.0000,249.1846,1.2106,0.2997,16.6688,16.6615,15.4297,0.0012,-1.0000
16.6653,1.0000,249.2012,1.2711,0.3038,16.6687,16.6511,15.3213,0.0011,-1.0000
16.6674,1.0000,249.2179,1.4268,0.3039,16.6685,16.6632,15.4167,0.0011,-1.0000
16.6672,1.0000,249.2346,1.4238,0.2509,16.6610,16.6596,15.3469,0.0014,-1.0000
16.6662,1.0000,249.2512,1.2304,0.5212,16.6704,16.6540,15.2507,0.0014,-1.0000
16.6672,1.0000,249.2682,1.3290,0.2646,16.6603,16.6618,15.3764,0.0013,-1.0000
16.6670,1.0000,249.2845,1.2453,0.3141,16.6717,16.6555,14.7934,0.0012,-1.0000
16.6660,1.0000,249.3012,1.3112,0.4958,16.6682,16.6565,15.3700,0.0011,-1.0000
16.6646,1.0000,249.3178,1.4019,0.2912,16.6622,16.6488,15.4479,0.0012,-1.0000
16.6708,1.0000,249.3346,1.2843,0.4155,16.6710,16.6777,15.5582,0.0011,-1.0000
16.6656,1.0000,249.3512,1.8607,0.3733,16.6647,16.6509,15.0638,0.0014,-1.0000
16.6666,1.0000,249.3678,1.2852,0.3377,16.6649,16.6572,15.3191,0.0013,-1.0000
16.6670,1.0000,249.3847,1.1999,0.3232,16.6556,16.6641,15.5225,0.0011,-1.0000
16.6660,1.0000,249.4012,1.1180,0.4946,16.6867,16.6473,14.8512,0.0015,-1.0000
16.6647,1.0000,249.4178,1.5857,0.3377,16.6604,16.6496,15.3757,0.0014,-1.0000
16.6694,1.0000,249.4346,1.3366,0.3521,16.6656,16.6694,15.5394,0.0010,-1.0000
16.6670,1.0000,249.4512,1.1404,1.0290,16.6762,16.6591,15.2556,0.0011,-1.0000
16.6664,1.0000,249.4678,1.7945,0.3558,16.6579,16.6564,15.4744,0.0012,-1.0000
16.6672,1.0000,249.4845,1.2726,0.3023,16.6565,16.6615,15.5225,0.0011,-1.0000
16.6674,1.0000,249.5013,1.1290,0.3374,16.6770,16.6570,15.3215,0.0010,-1.0000
16.6639,1.0000,249.5178,1.4022,0.2883,16.6674,16.6466,15.4338,0.0016,-1.0000
16.6702,1.0000,249.5347,1.1805,0.3085,16.6653,16.6759,15.5865,0.0011,-1.0000
16.6655,1.0000,249.5513,1.1380,0.3087,16.6704,16.6520,14.9512,0.0012,-1.0000
16.6658,1.0000,249.5677,1.3342,0.2756,16.6666,16.6519,15.2722,0.0012,-1.0000
16.6814,1.0000,249.5851,1.2111,0.3228,16.6541,16.6780,15.6393,0.0012,-1.0000
16.6657,1.0000,249.6012,1.0880,0.3573,16.6857,16.6496,14.6159,0.0018,-1.0000
16.6646,1.0000,249.6178,1.6995,0.2997,16.6619,16.6491,15.4002,0.0009,-1.0000
16.6683,1.0000,249.6346,1.3782,0.2600,16.6612,16.6673,15.5417,0.0012,-1.0000
16.6674,1.0000,249.6512,1.0371,0.3360,16.6892,16.6616,15.3248,0.0012,-1.0000
16.6662,1.0000,249.6678,2.0319,0.3454,16.6600,16.6528,15.3566,0.0014,-1.0000
16.6677,1.0000,249.6845,1.2480,0.2631,16.6572,16.6603,15.5360,0.0011,-1.0000
16.6674,1.0000,249.7012,1.1241,0.2882,16.6747,16.6593,15.1658,0.0012,-1.0000
16.6642,1.0000,249.7179,1.3355,0.3106,16.6705,16.6526,15.4708,0.0012,-1.0000
16.6675,1.0000,249.7346,1.2947,0.3705,16.6618,16.6632,15.5022,0.0012,-1.0000
16.6682,1.0000,249.7512,1.1228,0.3855,16.6687,16.6571,15.3595,0.0011,-1.0000
16.6658,1.0000,249.7678,1.4922,0.2732,16.6678,16.6564,15.4009,0.0012,-1.0000
16.6672,1.0000,249.7845,1.1806,0.2826,16.6609,16.6582,15.5999,0.0011,-1.0000
16.6671,1.0000,249.8013,1.1597,0.3417,16.6731,16.6610,15.1387,0.0012,-1.0000
16.6660,1.0000,249.8178,1.2963,0.3067,16.6661,16.6493,15.3618,0.0013,-1.0000
16.6671,1.0000,249.8346,1.2542,0.2419,16.6661,16.6629,15.4793,0.0010,-1.0000
16.6666,1.0000,249.8512,1.0571,0.3769,16.6674,16.6700,15.3043,0.0010,-1.0000
16.6664,1.0000,249.8678,1.5210,0.2719,16.6709,16.6454,15.4988,0.0011,-1.0000
16.6698,1.0000,249.8848,1.2864,0.2798,16.6580,16.6678,15.4946,0.0011,-1.0000
16.6647,1.0000,249.9012,1.1824,0.3249,16.6708,16.6498,15.0169,0.0012,-1.0000
16.6668,1.0000,249.9179,1.3645,0.2731,16.6786,16.6540,15.4284,0.0012,-1.0000
16.6679,1.0000,249.9347,1.1452,0.2944,16.6529,16.7406,15.5243,0.0012,-1.0000
16.6658,1.0000,249.9512,1.1718,0.3051,16.6782,16.5737,15.3382,0.0011,-1.0000
16.6650,1.0000,249.9678,1.6319,0.2977,16.6609,16.6539,15.5147,0.0010,-1.0000
16.6692,1.0000,249.9846,1.2243,0.2837,16.6641,16.6667,15.6068,0.0010,-1.0000
16.6662,1.0000,250.0012,1.2151,0.2907,16.7503,16.6523,15.2966,0.0015,-1.0000
16.6666,1.0000,250.0179,1.2344,0.2632,16.5828,16.6566,15.4374,0.0012,-1.0000
16.6681,1.0000,250.0345,1.1381,0.2506,16.6626,16.6627,15.3841,0.0011,-1.0000
16.6659,1.0000,250.0513,1.0585,0.3830,16.6761,16.6526,15.4625,0.0011,-1.0000
16.6645,1.0000,250.0678,1.3540,0.2809,16.6615,16.6559,15.3963,0.0014,-1.0000
16.6692,1.0000,250.0846,1.2180,0.3268,16.6654,16.6658,15.5518,0.0010,-1.0000
16.6657,1.0000,250.1012,1.2769,0.2994,16.6732,16.6513,15.2456,0.0009,-1.0000
16.6654,1.0000,250.1179,1.1884,0.2815,16.6611,16.6525,15.5330,0.0013,-1.0000
16.6684,1.0000,250.1349,1.2583,0.3274,16.6637,16.6665,15.5029,0.0013,-1.0000
16.6646,1.0000,250.1512,1.1127,0.3519,16.6740,16.6473,14.8462,0.0016,-1.0000
16.6667,1.0000,250.1677,1.4047,0.2971,16.6620,16.6584,15.5859,0.0016,-1.0000
16.6700,1.0000,250.1846,1.1182,0.3018,16.6617,16.6755,15.6899,0.0008,-1.0000
16.6641,1.0000,250.2012,1.1622,0.2819,16.6754,16.6442,15.3376,0.0011,-1.0000
16.6688,1.0000,250.2179,1.8003,0.2455,16.6550,16.6642,15.5213,0.0010,-1.0000
16.6701,1.0000,250.2347,1.0710,0.2796,16.6652,16.6750,15.3684,0.0015,-1.0000
16.6627,1.0000,250.2512,0.9843,0.3451,16.6845,16.6310,15.0642,0.0013,-1.0000
16.6687,1.0000,250.2678,1.3059,0.2758,16.6541,16.6664,15.6112,0.0013,-1.0000
16.6681,1.0000,250.2846,1.1420,0.2756,16.6723,16.6624,15.6189,0.0010,-1.0000
16.6653,1.0000,250.3012,1.3048,0.3148,16.6855,16.6630,15.2001,0.0014,-1.0000
16.6678,1.0000,250.3178,1.5655,0.2604,16.6403,16.6471,15.4233,0.0012,-1.0000
16.6678,1.0000,250.3345,1.0537,0.2746,16.6738,16.6627,15.4882,0.0014,-1.0000
16.6634,1.0000,250.3512,1.0425,0.3760,16.6726,16.6486,15.4927,0.0013,-1.0000
16.6670,1.0000,250.3677,1.4614,0.2723,16.6732,16.6608,15.6457,0.0011,-1.0000
16.6692,1.0000,250.3846,1.2224,0.3643,16.6545,16.6685,15.5760,0.0010,-1.0000
16.6646,1.0000,250.4012,1.1731,0.2789,16.6715,16.6454,15.4379,0.0010,-1.0000
16.6683,1.0000,250.4179,1.1546,0.2607,16.6567,16.6673,15.5879,0.0010,-1.0000
16.6677,1.0000,250.4346,1.0136,0.3035,16.6684,16.6625,15.3604,0.0014,-1.0000
16.6659,1.0000,250.4512,1.0913,0.3189,16.6782,16.6508,15.2890,0.0013,-1.0000
16.6659,1.0000,250.4678,1.2064,0.2719,16.6537,16.6560,15.4484,0.0011,-1.0000
16.6688,1.0000,250.4846,1.0785,1.1683,16.6751,16.6683,15.4475,0.0013,-1.0000
16.6656,1.0000,250.5012,1.3005,0.3492,16.6723,16.6499,15.1637,0.0011,-1.0000
16.6672,1.0000,250.5179,1.3604,0.2816,16.6600,16.6631,15.5017,0.0012,-1.0000
16.6666,1.0000,250.5346,1.2063,0.3312,16.6639,16.6532,15.2331,0.0012,-1.0000
16.6671,1.0000,250.5513,1.2192,0.3604,16.6775,16.6577,15.1272,0.0014,-1.0000
16.6656,1.0000,250.5678,1.4850,0.2709,16.6591,16.6533,15.3992,0.0014,-1.0000
16.6684,1.0000,250.5846,1.1601,0.2686,16.6730,16.6601,15.4665,0.0009,-1.0000
16.6654,1.0000,250.6012,1.4188,0.3739,16.6626,16.6525,15.4318,0.0013,-1.0000
16.6689,1.0000,250.6180,1.5289,0.2662,16.6670,16.6687,15.3308,0.0012,-1.0000
16.6652,1.0000,250.6345,1.2529,0.2730,16.6647,16.6481,15.1569,0.0011,-1.0000
16.6666,1.0000,250.6512,1.1925,0.2696,16.6696,16.6551,15.3704,0.0013,-1.0000
16.6662,1.0000,250.6678,1.2193,0.3103,16.6632,16.6571,15.4852,0.0013,-1.0000
16.6679,1.0000,250.6845,1.3366,0.2725,16.6799,16.6560,15.5434,0.0012,-1.0000
16.6657,1.0000,250.7013,1.4901,0.3289,16.6584,16.6617,15.5660,0.0011,-1.0000
16.6677,1.0000,250.7179,1.2832,0.2766,16.6644,16.6547,15.3889,0.0013,-1.0000
16.6671,1.0000,250.7346,1.1704,0.2607,16.6669,16.6590,15.2694,0.0012,-1.0000
16.6661,1.0000,250.7512,1.1113,0.2655,16.6640,16.6540,15.5089,0.0012,-1.0000
16.6675,1.0000,250.7678,1.0941,0.2549,16.6716,16.6629,15.4902,0.0012,-1.0000
16.6663,1.0000,250.7845,1.2644,0.3356,16.6647,16.6556,15.4712,0.0013,-1.0000
16.6646,1.0000,250.8012,1.3884,0.2712,16.6677,16.6478,15.5195,0.0013,-1.0000
16.6690,1.0000,250.8179,1.1439,0.2620,16.6630,16.6723,15.5707,0.0011,-1.0000
16.6667,1.0000,250.8345,1.1712,0.2599,16.6721,16.6515,15.3844,0.0015,-1.0000
16.6659,1.0000,250.8512,1.1828,0.2913,16.6642,16.6544,15.5483,0.0015,-1.0000
16.6673,1.0000,250.8678,1.1274,0.3013,16.6560,16.6629,15.4320,0.0011,-1.0000
16.6672,1.0000,250.8846,1.1007,0.3001,16.6833,16.6606,15.5023,0.0010,-1.0000
16.6642,1.0000,250.9012,1.2657,0.2587,16.6608,16.6449,15.3596,0.0014,-1.0000
16.6693,1.0000,250.9179,1.1047,0.3256,16.6621,16.6746,15.6126,0.0010,-1.0000
16.6668,1.0000,250.9345,1.2297,0.2678,16.6712,16.6526,15.3311,0.0013,-1.0000
16.6657,1.0000,250.9512,1.1571,0.2815,16.6700,16.6548,15.4022,0.0009,-1.0000
16.6683,1.0000,250.9678,1.2842,0.3033,16.6526,16.6661,15.5363,0.0013,-1.0000
16.6669,1.0000,250.9845,1.0607,0.3251,16.6823,16.6571,15.2643,0.0011,-1.0000
16.6633,1.0000,251.0012,1.3201,0.3591,16.6611,16.6466,15.4570,0.0015,-1.0000
16.6685,1.0000,251.0179,1.2516,0.3610,16.6620,16.6694,15.5775,0.0012,-1.0000
16.6687,1.0000,251.0346,1.1284,0.3680,16.6740,16.6658,15.3281,0.0013,-1.0000
16.6639,1.0000,251.0512,1.3915,0.2862,16.6662,16.6477,15.4371,0.0011,-1.0000
16.6690,1.0000,251.0678,1.1881,0.3084,16.6536,16.6681,15.5259,0.0010,-1.0000
16.6689,1.0000,251.0847,1.0904,0.3075,16.6756,16.6615,15.4922,0.0011,-1.0000
16.6640,1.0000,251.1012,1.3363,0.2857,16.6751,16.6470,14.8597,0.0015,-1.0000
16.6661,1.0000,251.1178,1.2094,0.2910,16.6554,16.6539,15.4748,0.0011,-1.0000
16.6687,1.0000,251.1347,1.1409,0.2746,16.6762,16.6687,15.4972,0.0012,-1.0000
16.6646,1.0000,251.1512,1.1683,0.3152,16.6728,16.6450,15.0948,0.0013,-1.0000
16.6665,1.0000,251.1677,1.7857,0.2557,16.6571,16.6566,15.5780,0.0013,-1.0000
16.6692,1.0000,251.1846,1.1776,0.2813,16.6626,16.6703,15.6707,0.0009,-1.0000
16.6653,1.0000,251.2012,1.1703,0.3001,16.6792,16.6492,15.2846,0.0013,-1.0000
16.6652,1.0000,251.2179,1.5491,0.2615,16.6536,16.6537,15.4829,0.0013,-1.0000
16.6716,1.0000,251.2346,1.0774,0.5467,16.6638,16.6763,15.5495,0.0013,-1.0000
16.6639,1.0000,251.2512,0.9985,0.3684,16.6798,16.6461,15.2606,0.0017,-1.0000
16.6673,1.0000,251.2678,1.3632,0.2785,16.6595,16.6552,15.5531,0.0014,-1.0000
16.6676,1.0000,251.2845,1.1697,0.3022,16.6606,16.6615,15.3836,0.0010,-1.0000
16.6639,1.0000,251.3012,1.1251,0.3215,16.6865,16.6494,15.5927,0.0010,-1.0000
16.6677,1.0000,251.3179,1.3840,0.2834,16.6575,16.6626,15.5031,0.0015,-1.0000
16.6686,1.0000,251.3345,1.1009,0.3663,16.6642,16.6652,15.5100,0.0010,-1.0000
16.6655,1.0000,251.3512,1.2769,0.3392,16.6707,16.6541,15.3213,0.0013,-1.0000
16.6672,1.0000,251.3678,1.0558,0.2824,16.6568,16.6574,15.5679,0.0013,-1.0000
16.6673,1.0000,251.3846,1.1579,0.3397,16.6703,16.6563,15.5166,0.0011,-1.0000
16.6671,1.0000,251.4012,1.1541,0.3835,16.6739,16.6603,15.3330,0.0016,-1.0000
16.6672,1.0000,251.4179,1.3312,0.2515,16.6632,16.6606,15.4462,0.0012,-1.0000
16.6661,1.0000,251.4346,1.0880,0.2527,16.6672,16.6510,15.4542,0.0013,-1.0000
16.6672,1.0000,251.4519,1.1385,0.3250,16.6661,16.6553,15.3461,0.0012,-1.0000
16.6661,1.0000,251.4678,1.3258,0.2979,16.6697,16.6595,14.2000,0.0015,-1.0000
16.6682,1.0000,251.4846,1.2127,0.2906,16.6715,16.6629,15.5473,0.0014,-1.0000
16.6645,1.0000,251.5011,1.1953,0.2963,16.6627,16.6396,15.1850,0.0011,-1.0000
16.6649,1.0000,251.5178,1.3080,0.2817,16.6652,16.6561,15.7003,0.0011,-1.0000
16.6691,1.0000,251.5345,2.4579,0.2426,16.6700,16.6661,15.6474,0.0008,-1.0000
16.6667,1.0000,251.5512,1.1138,0.3571,16.6758,16.6606,15.5296,0.0011,-1.0000
16.6651,1.0000,251.5677,1.4532,0.2417,16.6491,16.6484,15.5075,0.0009,-1.0000
16.6683,1.0000,251.5847,0.9548,0.2987,16.6636,16.6702,15.7549,0.0008,-1.0000
16.6673,1.0000,251.6012,1.0178,0.2873,16.6735,16.6566,14.6122,0.0011,-1.0000
16.6667,1.0000,251.6178,1.1298,0.2659,16.6695,16.6509,15.3409,0.0009,-1.0000
16.6668,1.0000,251.6345,1.1399,0.2516,16.6559,16.6608,15.5240,0.0010,-1.0000
16.6667,1.0000,251.6511,0.9144,0.5154,16.6798,16.6551,15.3425,0.0011,-1.0000
16.6660,1.0000,251.6677,2.0429,0.3621,16.6674,16.6533,15.5898,0.0009,-1.0000
16.6660,1.0000,251.6845,1.3092,0.2684,16.6600,16.6577,15.6245,0.0008,-1.0000
16.6681,1.0000,251.7012,1.1357,0.3026,16.6708,16.6646,15.5022,0.0011,-1.0000
16.6664,1.0000,251.7180,1.3115,0.2994,16.6642,16.6563,15.5571,0.0009,-1.0000
16.6664,1.0000,251.7347,1.0623,0.2565,16.6616,16.6540,15.1732,0.0013,-1.0000
16.6680,1.0000,251.7512,1.0323,0.2725,16.6662,16.6647,15.0378,0.0013,-1.0000
16.6644,1.0000,251.7677,1.1611,0.2927,16.6739,16.6504,15.5080,0.0012,-1.0000
16.6691,1.0000,251.7845,1.0983,0.2959,16.6650,16.6660,15.6862,0.0009,-1.0000
16.6680,1.0000,251.8013,1.4796,0.3475,16.6628,16.6631,15.2232,0.0013,-1.0000
16.6628,1.0000,251.8179,1.6257,0.2915,16.6731,16.6446,15.3408,0.0019,-1.0000
16.6694,1.0000,251.8346,1.1410,0.2372,16.6581,16.6647,15.4824,0.0009,-1.0000
16.6693,1.0000,251.8513,0.9786,0.2807,16.6747,16.6638,15.1105,0.0013,-1.0000
16.6628,1.0000,251.8678,1.4383,0.2654,16.6725,16.6416,15.0951,0.0014,-1.0000
16.6674,1.0000,251.8846,1.3018,0.3385,16.6543,16.6641,15.5995,0.0011,-1.0000
16.6673,1.0000,251.9013,1.1813,0.3232,16.6744,16.6596,15.3939,0.0013,-1.0000
16.6665,1.0000,251.9179,1.5516,0.3467,16.6752,16.6515,14.9333,0.0013,-1.0000
16.6678,1.0000,251.9346,1.5449,0.2649,16.6517,16.6687,15.5075,0.0011,-1.0000
16.6661,1.0000,251.9512,1.0635,0.4405,16.6724,16.6494,15.1232,0.0014,-1.0000
16.6666,1.0000,251.9678,1.2641,0.3616,16.6695,16.6549,15.5184,0.0015,-1.0000
16.6674,1.0000,251.9847,1.7168,0.3102,16.6604,16.6637,15.5040,0.0012,-1.0000
16.6665,1.0000,252.0012,1.1599,0.3720,16.6783,16.6511,15.3597,0.0010,-1.0000
16.6655,1.0000,252.0179,1.5247,0.2914,16.6597,16.6533,15.5010,0.0013,-1.0000
16.7245,1.0000,252.0347,1.1350,0.2579,16.6650,16.7232,15.5540,0.0012,-1.0000
16.6114,1.0000,252.0516,1.1584,0.3091,16.6750,16.5993,15.1327,0.0012,-1.0000
16.6659,1.0000,252.0678,1.2903,0.2679,16.6598,16.6466,14.9567,0.0014,-1.0000
16.6671,1.0000,252.0846,1.1508,0.3114,16.6625,16.6614,15.4806,0.0012,-1.0000
16.6667,1.0000,252.1012,1.1679,0.3287,16.7348,16.6516,15.3752,0.0013,-1.0000
16.6651,1.0000,252.1178,1.4654,0.3616,16.6122,16.6512,15.5626,0.0011,-1.0000
16.6683,1.0000,252.1346,1.6884,0.3309,16.6571,16.6673,15.5818,0.0011,-1.0000
16.6662,1.0000,252.1512,1.1794,0.3066,16.6729,16.6545,15.3013,0.0013,-1.0000
16.6676,1.0000,252.1678,1.2750,0.2686,16.6609,16.6597,15.5380,0.0011,-1.0000
16.6664,1.0000,252.1846,1.0873,0.2743,16.6586,16.6561,15.5033,0.0011,-1.0000
16.6670,1.0000,252.2012,1.0843,0.2841,16.6770,16.6622,15.4723,0.0012,-1.0000
16.6660,1.0000,252.2179,1.3519,0.2693,16.6628,16.6518,15.4052,0.0010,-1.0000
16.6678,1.0000,252.2346,1.1205,0.3186,16.6690,16.6642,15.4032,0.0011,-1.0000
16.6661,1.0000,252.2512,1.1515,0.2818,16.6650,16.6557,15.3747,0.0013,-1.0000
16.6662,1.0000,252.2678,1.1884,0.2628,16.6713,16.6577,15.4944,0.0012,-1.0000
16.6687,1.0000,252.2846,1.2457,0.3245,16.6599,16.6647,15.5570,0.0009,-1.0000
16.6659,1.0000,252.3013,1.2595,0.3138,16.6729,16.6486,15.1304,0.0011,-1.0000
16.6651,1.0000,252.3179,1.2796,0.2773,16.6646,16.6502,15.4272,0.0013,-1.0000
16.6675,1.0000,252.3345,1.1624,0.2724,16.6665,16.6634,15.5479,0.0008,-1.0000
16.6672,1.0000,252.3512,1.1066,0.3835,16.6761,16.6610,15.3572,0.0011,-1.0000
16.6655,1.0000,252.3678,1.5170,0.2693,16.6585,16.6504,15.4558,0.0012,-1.0000
16.6681,1.0000,252.3846,1.2212,0.2825,16.6583,16.6860,15.5825,0.0010,-1.0000
16.6673,1.0000,252.4012,1.1147,0.3293,16.6719,16.6377,15.2534,0.0014,-1.0000
16.6634,1.0000,252.4178,1.3025,0.3163,16.6709,16.6465,15.4695,0.0012,-1.0000
16.6707,1.0000,252.4346,1.1934,0.3524,16.6581,16.6793,15.5903,0.0013,-1.0000
16.6649,1.0000,252.4512,1.1024,0.3057,16.6939,16.6486,15.3418,0.0011,-1.0000
16.6667,1.0000,252.4678,1.3828,0.2871,16.6467,16.6550,15.5272,0.0011,-1.0000
16.6693,1.0000,252.4846,1.1758,0.3404,16.6542,16.6650,15.4346,0.0015,-1.0000
16.6651,1.0000,252.5012,1.0877,0.3119,16.6883,16.6507,15.4553,0.0013,-1.0000
16.6646,1.0000,252.5179,1.3055,0.2996,16.6574,16.6537,15.5400,0.0010,-1.0000
16.6682,1.0000,252.5346,1.1267,0.2829,16.6643,16.6655,15.6099,0.0011,-1.0000
16.6668,1.0000,252.5512,1.2289,0.3060,16.6752,16.6554,15.4404,0.0014,-1.0000
16.6661,1.0000,252.5678,1.1937,0.2853,16.6601,16.6548,15.3848,0.0014,-1.0000
16.6679,1.0000,252.5847,1.1125,0.2967,16.6615,16.6655,15.6164,0.0012,-1.0000
16.6672,1.0000,252.6013,1.0542,0.3130,16.6746,16.6533,15.2096,0.0014,-1.0000
16.6648,1.0000,252.6179,1.2135,0.3090,16.6650,16.6449,15.4024,0.0013,-1.0000
16.6669,1.0000,252.6347,1.2687,0.3230,16.6639,16.6663,15.5607,0.0011,-1.0000
16.6675,1.0000,252.6512,1.0477,0.3209,16.6761,16.6565,15.1414,0.0013,-1.0000
16.6668,1.0000,252.6678,1.4421,0.2834,16.6654,16.6601,15.4772,0.0012,-1.0000
16.6671,1.0000,252.6847,1.2411,0.2730,16.6543,16.6556,15.5893,0.0011,-1.0000
16.6657,1.0000,252.7012,1.1046,0.3541,16.6752,16.6538,15.1679,0.0012,-1.0000
16.6661,1.0000,252.7179,1.5136,0.3065,16.6644,16.6546,15.4605,0.0010,-1.0000
16.6676,1.0000,252.7346,1.1816,0.3037,16.6706,16.6632,15.4008,0.0012,-1.0000
16.6682,1.0000,252.7512,1.0652,0.3087,16.6659,16.6619,15.0457,0.0011,-1.0000
16.6655,1.0000,252.7678,1.4847,0.2784,16.6627,16.6509,15.5325,0.0012,-1.0000
16.6672,1.0000,252.7847,1.1930,0.2557,16.6625,16.6609,15.6110,0.0014,-1.0000
16.6685,1.0000,252.8013,1.2611,0.3176,16.6722,16.6595,15.3036,0.0013,-1.0000
16.6646,1.0000,252.8179,1.6151,0.2911,16.6710,16.6513,15.4065,0.0011,-1.0000
16.6671,1.0000,252.8345,1.1171,0.3266,16.6600,16.6640,15.4760,0.0011,-1.0000
16.6673,1.0000,252.8512,1.0487,0.3255,16.6702,16.6539,15.5570,0.0012,-1.0000
16.6663,1.0000,252.8678,1.3545,0.2881,16.6686,16.6580,15.5580,0.0011,-1.0000
16.6674,1.0000,252.8846,1.2439,0.3126,16.6606,16.6626,15.5672,0.0012,-1.0000
16.6666,1.0000,252.9013,1.1869,0.2671,16.6730,16.6559,15.2099,0.0017,-1.0000
16.6670,1.0000,252.9179,1.0958,0.2877,16.6627,16.6531,15.3601,0.0013,-1.0000
16.6942,1.0000,252.9348,1.0987,0.3264,16.6668,16.7156,15.5292,0.0011,-1.0000
16.6666,1.0000,252.9513,1.0939,0.3473,16.6727,16.6290,15.0902,0.0010,-1.0000
16.6648,1.0000,252.9678,1.4442,0.3483,16.6661,16.6499,15.4780,0.0012,-1.0000
16.6684,1.0000,252.9846,1.2916,0.2902,16.6616,16.6645,15.6326,0.0008,-1.0000
16.6668,1.0000,253.0013,1.1850,0.2856,16.7252,16.6598,15.1590,0.0010,-1.0000
16.6648,1.0000,253.0179,1.5376,0.2904,16.6386,16.6475,15.4903,0.0016,-1.0000
16.6700,1.0000,253.0346,1.1707,0.3269,16.6575,16.6727,15.6544,0.0012,-1.0000
16.6661,1.0000,253.0513,1.0313,0.3622,16.6730,16.6584,15.5323,0.0011,-1.0000
16.6667,1.0000,253.0678,1.4997,0.2835,16.6697,16.6515,15.4011,0.0013,-1.0000
16.6656,1.0000,253.0846,1.1557,0.2861,16.6550,16.6554,15.6260,0.0012,-1.0000
16.6683,1.0000,253.1013,1.0169,0.2815,16.6798,16.6659,15.3635,0.0013,-1.0000
16.6657,1.0000,253.1179,1.1250,0.3121,16.6692,16.6504,15.2402,0.0016,-1.0000
16.6673,1.0000,253.1346,1.2488,0.2883,16.6606,16.6626,15.4863,0.0012,-1.0000
16.6672,1.0000,253.1513,1.0281,0.2968,16.6629,16.6574,15.4044,0.0012,-1.0000
16.6659,1.0000,253.1678,1.3010,0.4468,16.6756,16.6527,15.4989,0.0013,-1.0000
16.6667,1.0000,253.1847,1.4088,0.2798,16.6602,16.6564,15.5967,0.0011,-1.0000
16.6683,1.0000,253.2014,1.1750,0.2941,16.6718,16.6685,15.1669,0.0012,-1.0000
16.6639,1.0000,253.2179,1.2516,0.2926,16.6683,16.6393,15.2063,0.0015,-1.0000
16.6688,1.0000,253.2346,1.1524,0.2822,16.6629,16.6646,15.4898,0.0015,-1.0000
16.6664,1.0000,253.2513,1.0584,0.3529,16.6652,16.6557,15.4886,0.0011,-1.0000
16.6653,1.0000,253.2678,1.5004,0.3352,16.6808,16.6550,15.1751,0.0012,-1.0000
16.6676,1.0000,253.2846,1.4314,0.2832,16.6489,16.6634,15.7168,0.0011,-1.0000
16.6688,1.0000,253.3014,1.1731,0.2862,16.6727,16.6653,15.2641,0.0012,-1.0000
16.6654,1.0000,253.3179,1.1658,0.5735,16.6639,16.6505,14.6281,0.0015,-1.0000
16.6674,1.0000,253.3346,1.4788,0.2970,16.6619,16.6640,15.4749,0.0012,-1.0000
16.6683,1.0000,253.3513,0.9453,0.2900,16.6706,16.6623,15.0934,0.0014,-1.0000
16.6619,1.0000,253.3678,1.4001,0.3701,16.6744,16.6400,15.3221,0.0012,-1.0000
16.6694,1.0000,253.3846,2.0207,0.2950,16.6594,16.6723,15.7163,0.0009,-1.0000
16.6675,1.0000,253.4014,1.1878,0.4475,16.6718,16.6583,15.4511,0.0012,-1.0000
16.6664,1.0000,253.4179,1.5674,0.3039,16.6728,16.6572,15.3637,0.0011,-1.0000
16.6645,1.0000,253.4345,1.3169,0.2603,16.6473,16.6495,15.4997,0.0012,-1.0000
16.6709,1.0000,253.4513,0.9550,0.3365,16.6789,16.6769,15.6208,0.0009,-1.0000
16.6662,1.0000,253.4679,1.2059,0.3078,16.6671,16.6504,15.3504,0.0012,-1.0000
16.6644,1.0000,253.4845,1.2924,0.2794,16.6654,16.6499,15.5074,0.0011,-1.0000
16.6688,1.0000,253.5014,1.1488,0.2588,16.6567,16.6677,15.6354,0.0013,-1.0000
16.6659,1.0000,253.5179,1.0551,0.3623,16.6860,16.6510,15.3082,0.0012,-1.0000
16.6662,1.0000,253.5346,1.2982,0.2818,16.6611,16.6598,15.5522,0.0010,-1.0000
16.6670,1.0000,253.5513,1.1414,0.2609,16.6579,16.6588,15.5630,0.0013,-1.0000
16.6669,1.0000,253.5678,1.0307,0.2857,16.6769,16.6573,15.3925,0.0013,-1.0000
16.6650,1.0000,253.5845,1.3414,0.2915,16.6608,16.6541,15.6421,0.0010,-1.0000
16.6702,1.0000,253.6012,1.1067,0.2700,16.6679,16.6679,15.5927,0.0011,-1.0000
16.6651,1.0000,253.6179,1.0943,0.2830,16.6671,16.6520,15.3400,0.0013,-1.0000
16.6663,1.0000,253.6346,1.2633,0.2783,16.6660,16.6583,15.5830,0.0014,-1.0000
16.6673,1.0000,253.6512,1.0108,0.2689,16.6619,16.6607,15.5256,0.0013,-1.0000
16.6667,1.0000,253.6678,1.0738,0.3005,16.6760,16.6571,15.4581,0.0011,-1.0000
16.6666,1.0000,253.6846,1.3105,0.2746,16.6617,16.6568,15.5542,0.0010,-1.0000
16.6670,1.0000,253.7012,1.0738,0.2750,16.6663,16.6574,15.6088,0.0011,-1.0000
16.6658,1.0000,253.7179,1.1338,0.3251,16.6690,16.6559,15.4853,0.0010,-1.0000
16.6673,1.0000,253.7346,1.1976,0.3022,16.6674,16.6615,15.4640,0.0011,-1.0000
16.6685,1.0000,253.7513,1.1017,0.3348,16.6665,16.6742,15.5402,0.0011,-1.0000
16.6654,1.0000,253.7678,1.0471,0.3499,16.6655,16.6386,15.4290,0.0009,-1.0000
16.6670,1.0000,253.7846,1.1697,0.2844,16.6641,16.6589,15.6165,0.0008,-1.0000
16.6668,1.0000,253.8013,1.1963,0.2911,16.6703,16.6563,15.5728,0.0011,-1.0000
16.6660,1.0000,253.8179,1.1325,0.2784,16.6848,16.6538,15.4507,0.0011,-1.0000
16.6665,1.0000,253.8346,1.2086,0.2813,16.6482,16.6599,15.4939,0.0011,-1.0000
16.6686,1.0000,253.8515,1.0413,0.2895,16.6683,16.7560,15.4554,0.0011,-1.0000
16.6655,1.0000,253.8678,1.0823,0.2883,16.6666,16.5628,14.7209,0.0016,-1.0000
16.6668,1.0000,253.8846,1.2017,0.2818,16.6625,16.6574,15.6694,0.0010,-1.0000
16.6676,1.0000,253.9014,1.1648,0.2751,16.6673,16.7524,15.3681,0.0012,-1.0000
16.6661,1.0000,253.9179,1.2994,0.3295,16.7648,16.5600,15.2306,0.0013,-1.0000
16.6663,1.0000,253.9345,1.8403,0.3314,16.5731,16.6549,15.5681,0.0012,-1.0000
16.6688,1.0000,253.9513,0.9869,0.2775,16.6663,16.6709,15.6786,0.0009,-1.0000
16.6654,1.0000,253.9678,1.3829,0.3686,16.7626,16.6470,15.0379,0.0018,-1.0000
16.6658,1.0000,253.9845,1.3278,0.2736,16.5691,16.6541,15.4686,0.0011,-1.0000
16.6699,1.0000,254.0013,1.0856,0.2518,16.6626,16.6710,15.6669,0.0007,-1.0000
16.6654,1.0000,254.0179,0.9913,0.4164,16.6816,16.6491,15.3713,0.0013,-1.0000
16.6641,1.0000,254.0345,1.6074,0.2947,16.6575,16.6488,15.4560,0.0009,-1.0000
16.6699,1.0000,254.0513,1.1845,0.2693,16.6621,16.6717,15.6833,0.0007,-1.0000
16.6661,1.0000,254.0678,1.0036,0.3100,16.6809,16.6530,15.3577,0.0014,-1.0000
16.6661,1.0000,254.0846,1.2766,0.2556,16.6586,16.6574,15.5931,0.0009,-1.0000
16.6671,1.0000,254.1013,1.1920,0.2565,16.6557,16.6609,15.5425,0.0011,-1.0000
16.6668,1.0000,254.1179,0.9874,0.3351,16.6801,16.6575,15.3920,0.0013,-1.0000
16.6652,1.0000,254.1346,1.2938,0.3004,16.6621,16.6530,15.5333,0.0013,-1.0000
16.6701,1.0000,254.1513,1.0631,0.3118,16.6655,16.6699,15.4722,0.0011,-1.0000
16.6647,1.0000,254.1678,1.1172,0.3455,16.6693,16.6508,15.3651,0.0015,-1.0000
16.6683,1.0000,254.1846,1.2641,0.2948,16.6664,16.6622,15.5823,0.0010,-1.0000
16.6675,1.0000,254.2013,1.1186,0.2937,16.6599,16.6579,15.4525,0.0012,-1.0000
16.6629,1.0000,254.2180,1.1964,0.3400,16.6783,16.6490,14.9556,0.0012,-1.0000
16.6650,1.0000,254.2345,1.2842,0.3186,16.6600,16.6519,15.4837,0.0013,-1.0000
16.6703,1.0000,254.2513,1.0785,0.3557,16.6723,16.6784,15.7774,0.0008,-1.0000
16.6670,1.0000,254.2678,1.2040,0.3719,16.6663,16.6546,15.3385,0.0010,-1.0000
16.6660,1.0000,254.2846,1.6924,0.2657,16.6568,16.6549,15.5628,0.0012,-1.0000
16.6674,1.0000,254.3013,1.1669,0.2488,16.6575,16.6667,15.5663,0.0010,-1.0000
16.6670,1.0000,254.3179,0.9002,0.3888,16.6870,16.6534,15.2017,0.0016,-1.0000
16.6656,1.0000,254.3346,1.3147,0.2851,16.6634,16.6521,15.4534,0.0013,-1.0000
16.6684,1.0000,254.3514,1.0911,0.2942,16.6633,16.6727,15.5837,0.0012,-1.0000
16.6663,1.0000,254.3679,1.0995,0.3691,16.6758,16.6474,15.2442,0.0012,-1.0000
16.6657,1.0000,254.3846,1.4504,0.2934,16.6623,16.6502,15.4946,0.0011,-1.0000
16.6689,1.0000,254.4014,1.1977,0.2841,16.6607,16.6846,15.5083,0.0011,-1.0000
16.6656,1.0000,254.4179,1.0876,0.4472,16.6833,16.6312,15.2993,0.0012,-1.0000
16.6650,1.0000,254.4346,1.4017,0.3472,16.6592,16.6536,15.5634,0.0011,-1.0000
16.6687,1.0000,254.4513,1.1549,0.2745,16.6593,16.6625,15.5997,0.0011,-1.0000
16.6649,1.0000,254.4678,1.1753,0.3113,16.6952,16.6555,15.4393,0.0015,-1.0000
16.6680,1.0000,254.4846,1.3305,0.3378,16.6412,16.6622,15.5560,0.0012,-1.0000
16.6677,1.0000,254.5013,1.0890,0.2960,16.6625,16.6592,15.3726,0.0016,-1.0000
16.6663,1.0000,254.5179,1.0615,0.3255,16.6710,16.6553,15.3920,0.0011,-1.0000
16.6659,1.0000,254.5346,1.2147,0.3066,16.6638,16.6538,15.4159,0.0012,-1.0000
16.6682,1.0000,254.5513,1.1050,0.3358,16.6700,16.6635,15.5268,0.0012,-1.0000
16.6655,1.0000,254.5678,1.2848,0.3311,16.6685,16.6532,15.1674,0.0011,-1.0000
16.6652,1.0000,254.5846,1.2621,0.3751,16.6660,16.6562,15.6019,0.0011,-1.0000
16.6687,1.0000,254.6013,1.2370,0.3290,16.6621,16.6635,15.4546,0.0011,-1.0000
16.6678,1.0000,254.6180,1.1349,0.3208,16.6724,16.6582,15.3856,0.0014,-1.0000
16.6649,1.0000,254.6346,1.4847,0.2941,16.6616,16.6541,15.3776,0.0014,-1.0000
16.6678,1.0000,254.6512,1.0531,0.2944,16.6649,16.6627,15.4799,0.0011,-1.0000
16.6666,1.0000,254.6678,1.2077,0.3415,16.6720,16.6591,15.4425,0.0010,-1.0000
16.6648,1.0000,254.6846,1.2712,0.3498,16.6670,16.6540,15.6823,0.0010,-1.0000
16.6695,1.0000,254.7013,1.2751,0.2609,16.6618,16.6686,15.6000,0.0011,-1.0000
16.6662,1.0000,254.7180,1.1817,0.3046,16.6701,16.6541,15.3043,0.0009,-1.0000
16.6673,1.0000,254.7346,1.2155,0.2757,16.6669,16.6606,15.3957,0.0010,-1.0000
16.6671,1.0000,254.7514,0.9706,0.2657,16.6615,16.6624,15.3041,0.0015,-1.0000
16.6662,1.0000,254.7678,1.0671,0.3564,16.6768,16.6476,15.1321,0.0012,-1.0000
16.6644,1.0000,254.7846,1.3487,0.3160,16.6620,16.6529,15.5322,0.0010,-1.0000
16.6696,1.0000,254.8016,1.2635,0.3263,16.6695,16.6707,15.5807,0.0011,-1.0000
16.6656,1.0000,254.8179,1.3569,0.3485,16.6745,16.6484,14.8010,0.0013,-1.0000
16.6656,1.0000,254.8346,1.5140,0.3433,16.6579,16.6583,15.5603,0.0012,-1.0000
16.6695,1.0000,254.8513,1.1196,0.2773,16.6605,16.6626,15.5280,0.0011,-1.0000
16.6653,1.0000,254.8678,1.0888,0.3137,16.6798,16.6558,15.2048,0.0013,-1.0000
